# Cave_Entrance_Collision - generated by tools/gen_cave_kit.py, do not edit
o Cave_Entrance_Collision
v 4.000000 0.101318 -1.934672
v 4.000000 -0.069438 -1.505445
v 4.000000 -0.099328 -0.999929
v 4.000000 -0.091209 -0.499980
v 4.000000 -0.087622 0.000000
v 4.000000 -0.091209 0.499980
v 4.000000 -0.099328 0.999929
v 4.000000 -0.069438 1.505445
v 4.000000 0.101318 1.934672
v 4.000000 0.607997 -2.336538
v 4.000000 0.342985 -2.192959
v 4.000000 0.342985 2.192959
v 4.000000 0.607997 2.336538
v 4.000000 0.998976 -2.451794
v 4.000000 0.998976 2.451794
v 4.000000 1.500235 -2.504796
v 4.000000 1.500235 2.504796
v 4.000000 1.999903 -2.493615
v 4.000000 1.999903 2.493615
v 4.000000 2.501784 -2.427373
v 4.000000 2.501784 2.427373
v 4.000000 2.882664 -2.326525
v 4.000000 3.140114 -2.193808
v 4.000000 3.140114 2.193808
v 4.000000 2.882664 2.326525
v 4.000000 3.421503 -1.938023
v 4.000000 3.662922 -1.582112
v 4.000000 3.662922 1.582112
v 4.000000 3.421503 1.938023
v 4.000000 3.789063 -1.327630
v 4.000000 3.918724 -1.002389
v 4.000000 4.050795 -0.501186
v 4.000000 4.094719 0.000000
v 4.000000 4.050795 0.501186
v 4.000000 3.918724 1.002389
v 4.000000 3.789063 1.327630
v 3.500000 0.101410 -1.934811
v 3.500000 -0.069444 -1.505414
v 3.500000 -0.099328 -0.999930
v 3.500000 -0.091209 -0.499981
v 3.500000 -0.087622 0.000000
v 3.500000 -0.091209 0.499981
v 3.500000 -0.099328 0.999928
v 3.500000 -0.069430 1.505486
v 3.500000 0.101360 1.934735
v 3.500000 0.607543 -2.336350
v 3.500000 0.342567 -2.192646
v 3.500000 0.343069 2.193022
v 3.500000 0.607953 2.336520
v 3.500000 0.999026 -2.451803
v 3.500000 0.998591 2.451722
v 3.500000 1.500142 -2.504791
v 3.500000 1.500002 2.504783
v 3.500000 2.000083 -2.493598
v 3.500000 2.000252 2.493582
v 3.500000 2.501970 -2.427339
v 3.500000 2.502131 2.427310
v 3.500000 2.882605 -2.326548
v 3.500000 3.139923 -2.193936
v 3.500000 3.139498 2.194223
v 3.500000 2.882407 2.326623
v 3.500000 3.421296 -1.938265
v 3.500000 3.663352 -1.581331
v 3.500000 3.662527 1.582831
v 3.500000 3.421493 1.938035
v 3.500000 3.789420 -1.326835
v 3.500000 3.918657 -1.002581
v 3.500000 4.050822 -0.501033
v 3.500000 4.094719 0.000000
v 3.500000 4.050860 0.500817
v 3.500000 3.918895 1.001899
v 3.500000 3.788699 1.328440
v 2.999489 0.099466 -1.929813
v 2.999845 -0.069541 -1.505821
v 2.999976 -0.100291 -0.999889
v 3.000006 -0.092101 -0.499978
v 3.000019 -0.089973 0.000003
v 3.000009 -0.092183 0.499985
v 2.999967 -0.097806 0.999941
v 2.999856 -0.067995 1.505616
v 2.999574 0.104420 1.933346
v 2.999099 0.612505 -2.344301
v 2.997580 0.348055 -2.192018
v 2.999471 0.347066 2.191117
v 2.999652 0.611114 2.334063
v 2.999040 0.997538 -2.449100
v 2.999685 0.999410 2.429570
v 2.999689 1.499766 -2.492317
v 3.000083 1.500011 2.465968
v 3.000009 1.999951 -2.481596
v 3.000128 1.999963 2.447931
v 3.000034 2.502035 -2.425952
v 2.997550 2.503607 2.400938
v 3.000693 2.887175 -2.328974
v 3.000741 3.144879 -2.198045
v 2.995812 3.112222 2.195930
v 2.996544 2.850181 2.313679
v 3.000729 3.422966 -1.941836
v 3.000412 3.665315 -1.576161
v 2.999902 3.666179 1.591217
v 2.998242 3.427586 1.938780
v 3.000020 3.782131 -1.320876
v 2.999767 3.912193 -1.001938
v 3.000307 4.059755 -0.501963
v 3.000724 4.116816 -0.000015
v 3.000466 4.069606 0.501401
v 3.000290 3.932587 1.001848
v 3.000047 3.795005 1.332389
v 2.499874 0.096344 -1.916006
v 2.499992 -0.066842 -1.505232
v 2.499986 -0.095682 -0.999966
v 2.499956 -0.088175 -0.499972
v 2.499971 -0.086775 -0.000013
v 2.499990 -0.090877 0.499996
v 2.500025 -0.097655 0.999919
v 2.500312 -0.067482 1.505538
v 2.499908 0.104276 1.927989
v 2.500266 0.653143 -2.300921
v 2.497887 0.391283 -2.159711
v 2.495210 0.374108 2.205756
v 2.497222 0.647838 2.314474
v 2.500092 1.000192 -2.392385
v 2.494866 0.997952 2.385831
v 2.501380 1.504298 -2.428582
v 2.503858 1.500003 2.361981
v 2.501611 1.999601 -2.500229
v 2.502787 1.997654 2.352334
v 2.500022 2.500425 -2.419690
v 2.298665 2.720337 2.248477
v 2.478670 2.533070 2.318094
v 2.496828 2.869909 -2.326959
v 2.496353 3.131719 -2.196822
v 2.476512 2.981844 2.175278
v 2.632317 2.790629 2.267604
v 2.498520 3.409582 -1.930383
v 2.500195 3.671253 -1.599187
v 2.500332 3.649237 1.594361
v 2.499867 3.389996 1.887712
v 2.500233 3.800672 -1.336230
v 2.498791 3.919848 -0.997969
v 2.500066 4.054154 -0.499775
v 2.499922 4.122686 -0.000541
v 2.500299 4.093787 0.501556
v 2.499995 3.957611 1.005877
v 2.500009 3.798857 1.337165
v 2.000254 0.102377 -1.921429
v 1.999667 -0.063074 -1.504500
v 2.000008 -0.090770 -1.000002
v 1.999996 -0.085430 -0.500004
v 1.999978 -0.081902 -0.000069
v 1.999836 -0.089085 0.499998
v 1.999710 -0.093428 0.999837
v 1.998520 -0.067767 1.507216
v 1.998275 0.095586 1.915755
v 1.999811 0.626227 -2.311445
v 2.005401 0.362425 -2.171286
v 1.973679 0.512402 2.203505
v 2.135038 0.708246 2.264077
v 1.999253 1.000957 -2.371594
v 1.799042 0.888283 2.269262
v 1.979876 1.035432 2.289786
v 2.000241 1.518119 -2.419345
v 2.005347 1.502392 2.230458
v 2.005362 1.999756 -2.564072
v 2.000114 2.000204 2.310516
v 1.998789 2.494483 -2.425750
v 1.999374 2.671297 2.241427
v 1.994939 2.423186 2.325483
v 1.999997 2.830910 -2.282110
v 2.000137 3.079127 -2.167008
v 1.999800 3.002631 2.110179
v 2.010171 3.432872 -1.948287
v 1.999748 3.656953 -1.622893
v 2.000531 3.627306 1.607714
v 2.000461 3.384325 1.863144
v 1.999663 3.815910 -1.365373
v 2.000150 3.979094 -1.000513
v 2.004460 4.104685 -0.504807
v 2.003656 4.169361 -0.000374
v 2.004917 4.142341 0.507287
v 2.003012 3.998180 1.005434
v 2.001547 3.827312 1.375580
v 1.502906 0.088326 -1.957433
v 1.501500 -0.077646 -1.504729
v 1.500205 -0.105962 -1.000001
v 1.500047 -0.099887 -0.499802
v 1.499997 -0.082878 -0.000003
v 1.500070 -0.071245 0.499954
v 1.500056 -0.076357 0.999927
v 1.498879 -0.036084 1.505595
v 1.496629 0.117952 1.878337
v 1.505090 0.535199 -2.400355
v 1.502363 0.271525 -2.224769
v 1.504995 0.506750 2.055140
v 1.508603 0.999707 -2.523924
v 1.538369 1.036028 2.270957
v 1.741809 1.226762 2.257739
v 1.501260 1.499237 -2.563783
v 1.416391 1.405492 2.184938
v 1.552211 1.553811 2.218691
v 1.488700 2.010500 -2.633557
v 1.500314 1.999876 2.309822
v 1.496442 2.515925 -2.458901
v 1.499870 2.654422 2.225890
v 1.499720 2.400720 2.279528
v 1.500651 2.792719 -2.269139
v 1.499888 3.046915 -2.125579
v 1.507827 3.015017 2.175629
v 1.445215 3.417321 -1.951191
v 1.491631 3.702652 -1.673955
v 1.506445 3.677983 1.684778
v 1.501972 3.407981 1.903293
v 1.499458 3.859796 -1.386631
v 1.493309 4.016130 -1.010316
v 1.499022 4.102037 -0.501586
v 1.497221 4.143835 -0.001438
v 1.496106 4.157478 0.501795
v 1.506642 4.068601 1.013444
v 1.502193 3.877494 1.427584
v 0.770196 0.245634 -2.253324
v 0.961980 0.134885 -2.037183
v 1.000406 -0.087468 -1.504737
v 1.000022 -0.116618 -0.999805
v 0.999993 -0.099306 -0.499973
v 0.999996 -0.089832 -0.000016
v 0.999907 -0.073734 0.499999
v 0.999860 -0.081431 1.000073
v 0.999530 -0.025282 1.507203
v 0.999213 0.132184 1.855707
v 0.970636 0.431623 -2.424466
v 1.105621 0.255722 -2.231930
v 0.996145 0.540675 1.922530
v 0.797584 1.199462 -2.775965
v 0.973244 1.022944 -2.634881
v 1.004730 1.004718 2.107063
v 0.795601 1.501181 -2.776901
v 1.032973 1.500683 -2.659331
v 0.998630 1.415308 2.217059
v 1.008686 1.653167 2.307714
v 0.751484 1.751095 -2.750152
v 0.943406 1.936573 -2.583443
v 1.014377 1.970257 2.452679
v 1.032393 2.529035 -2.387698
v 0.894290 2.690258 -2.208675
v 0.999842 2.666955 2.216595
v 1.001685 2.434697 2.361941
v 1.229553 2.758501 -2.256506
v 1.032945 3.004475 -2.029019
v 0.855683 3.200889 -1.710720
v 0.988160 3.010657 2.176897
v 1.192592 3.291384 -1.785078
v 1.021040 3.471167 -1.553851
v 0.994269 3.662219 1.670458
v 0.991054 3.419966 1.928944
v 0.995516 3.803144 -1.317549
v 0.998502 3.941129 -1.006398
v 1.007304 3.988242 -0.503853
v 0.996776 4.057214 -0.005256
v 0.997480 4.061898 0.499333
v 0.994873 4.097902 1.013631
v 0.999138 3.875994 1.409607
v 0.500044 0.254723 -2.247458
v 0.500459 0.097352 -2.007710
v 0.501789 -0.120502 -1.508119
v 0.500422 -0.125010 -0.999219
v 0.500057 -0.102201 -0.500004
v 0.500287 -0.112546 0.000317
v 0.499990 -0.084901 0.500052
v 0.499949 -0.072741 1.000249
v 0.499827 -0.016396 1.504538
v 0.501019 0.125140 1.860245
v 0.497439 0.475262 -2.472922
v 0.517688 0.485532 2.124812
v 0.355720 0.684715 2.331332
v 0.509741 1.064615 -2.925381
v 0.499276 0.830385 -2.739798
v 0.677611 0.999874 2.223497
v 0.415579 0.999728 2.356710
v 0.536642 1.540009 -3.005295
v 0.709821 1.310208 2.221121
v 0.499827 1.498560 2.350483
v 0.526657 1.882020 -2.865999
v 0.501690 2.065207 -2.627428
v 0.488905 1.990275 2.382534
v 0.498974 2.353187 -2.334793
v 0.512873 2.587924 -2.102601
v 0.500363 2.659793 2.210933
v 0.499662 2.406417 2.325810
v 0.498688 2.907855 -1.884073
v 0.498747 3.169275 -1.679447
v 0.499681 2.999102 2.090529
v 0.530255 3.545320 -1.428442
v 0.384143 3.717492 -1.187958
v 0.494078 3.654298 1.659417
v 0.501282 3.418606 1.894842
v 0.719180 3.753130 -1.253113
v 0.534822 3.805285 -1.004551
v 0.486287 4.029495 -0.518848
v 0.498140 4.013885 0.004794
v 0.499973 3.974975 0.498870
v 0.500699 4.061003 0.992194
v 0.504960 3.904600 1.432481
v 0.002074 0.217662 -2.278429
v 0.001588 0.074743 -2.008576
v -0.001239 -0.119198 -1.506679
v -0.000065 -0.133365 -0.999598
v -0.000055 -0.109284 -0.499815
v -0.000476 -0.102284 0.000119
v 0.000008 -0.086285 0.500012
v -0.000001 -0.073608 1.000030
v 0.002135 -0.034995 1.504557
v 0.001629 0.135228 1.913956
v -0.003906 0.496412 -2.433016
v -0.004215 0.350999 2.149747
v 0.006984 0.582421 2.394972
v 0.074099 1.106738 -2.876685
v -0.011493 1.004751 -2.645131
v -0.001330 0.999962 2.533494
v 0.061867 1.503994 -2.858564
v -0.094241 1.497375 -2.616163
v -0.051210 1.493319 2.631380
v 0.118993 1.857147 -2.860013
v -0.009148 2.028941 -2.701417
v -0.173372 2.162037 2.218341
v -0.006251 1.998656 2.363626
v -0.001321 2.345931 -2.352021
v -0.015599 2.600577 -2.078781
v -0.023244 2.529847 2.215838
v 0.148267 2.362212 2.328271
v 0.010158 2.976455 -1.963677
v -0.001344 3.211986 -1.713492
v 0.022454 2.996816 2.006991
v -0.002119 3.465919 -1.505551
v -0.006011 3.724492 -1.108301
v -0.004600 3.672714 1.660528
v -0.023861 3.450504 1.939204
v -0.001866 3.798094 -0.851524
v -0.006324 3.956484 -0.516298
v -0.000244 3.993902 0.000021
v 0.009838 4.051785 0.511939
v -0.009503 4.035986 0.990782
v -0.000094 3.863554 1.405338
v -0.386914 0.241265 -2.255026
v -0.532497 0.091598 -2.062329
v -0.498473 -0.121201 -1.504898
v -0.499763 -0.153721 -0.999917
v -0.500499 -0.115103 -0.500775
v -0.500542 -0.092987 -0.000223
v -0.500730 -0.091133 0.500278
v -0.501413 -0.095568 0.999913
v -0.498628 -0.074530 1.504332
v -0.465751 0.122007 2.037623
v -0.603376 0.189156 2.346495
v -0.526369 0.471659 -2.324594
v -0.721769 0.258565 -2.243164
v -0.272953 0.255417 2.234103
v -0.453709 0.442561 2.496007
v -0.498432 0.975752 -2.618643
v -0.510174 0.978677 2.523631
v -0.486778 1.499044 -2.502247
v -0.498728 1.495441 2.444039
v -0.522439 2.002727 -2.619640
v -0.504083 2.111590 2.171933
v -0.504559 1.854992 2.287608
v -0.505753 2.391110 -2.391354
v -0.499725 2.607027 -2.148973
v -0.499013 2.495139 2.073975
v -0.514690 2.958355 -1.932117
v -0.494555 3.163033 -1.679301
v -0.505077 2.991781 1.827236
v -0.502650 3.429372 -1.472570
v -0.499722 3.636901 -1.055047
v -0.500217 3.606849 1.596235
v -0.501386 3.328902 1.809279
v -0.514875 3.724680 -0.790156
v -0.501903 3.837025 -0.478156
v -0.508529 3.976343 0.019821
v -0.491469 4.085077 0.504217
v -0.493681 3.911602 0.991963
v -0.499148 3.759490 1.306089
v -1.207227 -0.259922 -1.275065
v -1.189217 -0.269244 -0.999972
v -1.223178 -0.250574 -0.500249
v -1.248427 -0.250793 -0.203320
v -1.236862 -0.250060 0.615505
v -1.234191 -0.261410 0.899836
v -1.088848 0.195943 -2.317113
v -0.953000 0.064859 -2.058286
v -1.020962 -0.195116 -1.471516
v -0.939860 -0.221604 -0.999640
v -0.976110 -0.180547 -0.501424
v -1.050547 -0.193422 -0.021905
v -1.045843 -0.185018 0.469856
v -1.039472 -0.210854 1.040200
v -0.996623 -0.149446 1.502877
v -1.002901 0.003711 1.996979
v -0.985669 0.107292 2.440375
v -0.965680 0.462691 -2.417475
v -0.759139 0.255522 -2.248339
v -0.963789 0.494769 2.715513
v -1.116760 0.683336 2.788133
v -0.966989 0.992695 -2.693759
v -0.947979 1.019523 2.742069
v -1.118337 0.815755 2.796030
v -1.017146 1.503342 -2.532901
v -0.997493 1.458371 2.402539
v -1.000556 2.037393 -2.506096
v -0.822356 2.169623 2.227124
v -0.998547 1.994197 2.304413
v -0.992919 2.274382 -2.263526
v -1.001339 2.539402 -2.123522
v -1.001501 2.521528 2.143754
v -1.170644 2.378641 2.267455
v -0.998064 2.961546 -1.909389
v -1.001921 3.201475 -1.707032
v -1.005192 2.997372 1.987363
v -0.992935 3.449680 -1.481412
v -1.003008 3.658512 -1.127406
v -1.002031 3.620926 1.645119
v -0.999691 3.375716 1.829500
v -0.997981 3.849512 -0.892601
v -1.003672 3.979331 -0.497368
v -1.015758 4.126879 0.021799
v -0.821302 4.248746 0.489310
v -1.003156 4.090607 0.991559
v -1.014237 3.835417 1.377803
v -1.180938 4.275429 0.182433
v -1.073875 4.398229 0.467089
v -1.118931 4.330476 0.872470
v -1.497713 -0.291640 -1.370750
v -1.496651 -0.327393 -1.000712
v -1.498254 -0.314243 -0.500199
v -1.449833 -0.303014 -0.021486
v -1.451433 -0.300823 0.469107
v -1.449304 -0.303644 1.040190
v -1.583296 -0.294934 1.375451
v -1.495410 0.138071 -2.380798
v -1.501162 -0.057440 -1.997992
v -1.496835 -0.229329 -1.624133
v -1.253546 -0.251726 0.130088
v -1.254658 -0.247646 0.281921
v -1.252006 -0.250739 1.233260
v -1.447773 -0.245665 1.529209
v -1.499743 -0.083459 2.002955
v -1.508867 0.070689 2.459803
v -1.636821 0.719609 -2.765604
v -1.483067 0.539661 -2.627496
v -1.499127 0.348474 2.773573
v -1.495326 0.636552 2.824375
v -1.563247 1.001188 -2.804174
v -1.306058 0.999260 -2.770905
v -1.315742 1.143339 2.704014
v -1.510113 0.976348 2.777169
v -1.576917 1.505126 -2.867832
v -1.353000 1.495104 -2.686290
v -1.441347 1.476943 2.618300
v -1.622016 1.511946 2.827058
v -1.689997 1.995349 -2.819172
v -1.451301 1.976049 -2.526109
v -1.564524 1.979898 2.532405
v -1.729177 1.792227 2.757135
v -1.722148 2.307179 -2.800105
v -1.588858 2.427018 -2.448676
v -1.348922 2.599383 -2.164102
v -1.273592 2.722618 2.246156
v -1.461761 2.536395 2.388390
v -1.649752 3.006033 -2.352594
v -1.438700 3.006911 -1.960858
v -1.255146 3.245422 -1.745952
v -1.463770 3.017195 2.202265
v -1.608846 2.852089 2.307569
v -1.739451 3.276200 -2.260545
v -1.689174 3.455395 -1.961852
v -1.355422 3.524463 -1.543554
v -1.292976 3.711725 -1.205855
v -1.262381 3.730847 1.744081
v -1.453084 3.548532 1.972552
v -1.697684 3.821082 -1.840396
v -1.594349 3.935339 -1.501002
v -1.538206 3.997909 -1.041540
v -1.380359 4.146200 -0.493303
v -1.308691 4.192452 -0.146134
v -1.284996 4.219739 1.205991
v -1.432879 4.073108 1.582648
v -1.602245 3.902359 1.835874
v -1.729091 4.284779 -0.893275
v -1.595687 4.406914 -0.506951
v -1.483536 4.426788 0.012008
v -1.492220 4.559392 0.497900
v -1.415807 4.544324 1.050137
v -1.624199 4.367915 1.409908
v -2.119472 -0.281499 -1.813136
v -1.968896 -0.326597 -1.532577
v -2.000088 -0.354816 -0.999926
v -1.999600 -0.373320 -0.500125
v -1.999723 -0.385612 -0.000056
v -1.997380 -0.410318 0.499128
v -1.998020 -0.404532 1.001993
v -1.997321 -0.305212 1.524355
v -2.162684 -0.263238 1.772426
v -1.979779 0.017828 -2.492561
v -1.973616 -0.176665 -1.984027
v -1.786630 -0.248121 -1.717881
v -1.829579 -0.237897 1.705924
v -1.998112 -0.134467 1.961820
v -1.999487 0.141541 2.429971
v -2.000084 0.622749 -2.825151
v -1.992618 0.362196 -2.710407
v -1.995549 0.309848 2.707567
v -1.972844 0.545690 2.914011
v -2.235918 1.240013 -3.255840
v -2.061438 1.071615 -3.000366
v -1.947256 0.980715 3.134896
v -2.147397 1.486454 -3.340813
v -1.956601 1.500665 -3.081798
v -1.967500 1.520240 3.079398
v -2.145043 1.911276 -3.336362
v -2.024298 2.027203 -3.104987
v -1.823564 2.127783 2.691875
v -1.959793 1.996614 2.882522
v -1.995418 2.487748 -2.918075
v -1.813567 2.654962 -2.682705
v -2.011459 2.446200 2.550819
v -2.152554 2.307740 2.786321
v -2.138914 2.888396 -2.850188
v -1.982088 3.029925 -2.608435
v -1.794021 3.173980 2.209754
v -1.989934 2.999590 2.303488
v -1.981888 3.483197 -2.408140
v -1.830653 3.617802 -2.183113
v -1.886419 3.491942 2.142924
v -2.109922 3.504151 2.369150
v -2.203473 3.808911 -2.327768
v -1.956259 3.989992 -2.047401
v -1.945193 4.268463 -1.545096
v -1.762987 4.244542 -1.240595
v -1.763337 4.239045 1.740810
v -1.993242 4.010647 1.981921
v -2.214091 3.786196 2.285881
v -2.094685 4.304435 -1.356183
v -2.016701 4.439788 -0.980609
v -1.892130 4.666047 -0.509395
v -1.795685 4.746721 -0.007180
v -1.860754 4.740150 0.503581
v -1.995481 4.746733 1.042113
v -1.941291 4.496289 1.554502
v -2.088129 4.364312 1.863656
v -2.241740 4.755558 -0.757499
v -2.155259 4.814882 -0.504389
v -2.058714 4.892673 0.007229
v -2.116640 4.807279 0.504633
v -2.188275 4.805195 0.890999
v -2.499315 -0.302745 -1.879158
v -2.498708 -0.386689 -1.502954
v -2.499060 -0.402914 -1.000209
v -2.499522 -0.415159 -0.500186
v -2.499640 -0.434310 -0.000950
v -2.498909 -0.467519 0.499471
v -2.498478 -0.441765 1.001664
v -2.497957 -0.379753 1.503261
v -2.497657 -0.299544 1.839920
v -2.613096 0.168834 -2.839138
v -2.456291 -0.017476 -2.575171
v -2.501086 -0.206023 -2.122485
v -2.496708 -0.171389 2.091496
v -2.512371 0.129534 2.417467
v -2.469246 0.468555 -2.946159
v -2.279482 0.277419 -2.734801
v -2.499993 0.306563 2.698170
v -2.500947 0.554205 2.946323
v -2.481626 1.108583 -3.350925
v -2.488981 0.866401 -3.195243
v -2.448254 0.950768 3.214657
v -2.560836 1.083548 3.362885
v -2.490119 1.491162 -3.499343
v -2.326580 1.495213 3.190061
v -2.593687 1.486009 3.302205
v -2.416865 2.067833 -3.462461
v -2.277877 2.220637 -3.239660
v -2.503515 2.009550 3.123805
v -2.685001 1.841153 3.278712
v -2.601632 2.364492 -3.360180
v -2.462486 2.506418 -3.152860
v -2.388203 2.623318 2.623261
v -2.536952 2.461258 2.841210
v -2.489373 3.016737 -2.852196
v -2.308061 3.213852 -2.733303
v -2.427028 3.004072 2.610019
v -2.648899 2.997782 2.848304
v -2.648272 3.309882 -2.776726
v -2.500795 3.453567 -2.542398
v -2.387147 3.515037 2.661907
v -2.668010 3.505205 2.834973
v -2.496267 3.783286 -2.270275
v -2.496467 4.097558 -1.992806
v -2.328780 4.226432 -1.701300
v -2.515564 4.122866 2.149098
v -2.523093 3.898355 2.488015
v -2.717434 3.779274 2.788120
v -2.665113 4.282708 -1.792681
v -2.479756 4.390972 -1.536726
v -2.478027 4.656416 -1.104984
v -2.255243 4.754365 1.232316
v -2.357566 4.651415 1.489053
v -2.528675 4.482659 1.876423
v -2.495393 4.815239 -0.824556
v -2.505701 4.927281 -0.493905
v -2.505953 4.984904 -0.004530
v -2.516330 4.874801 0.489600
v -2.456999 4.837135 1.038528
v -2.584623 4.873235 1.500138
v -2.675525 4.820281 1.810129
v -3.236998 -0.252734 -2.254394
v -3.040340 -0.319789 -2.020938
v -2.998976 -0.410556 -1.501807
v -3.000021 -0.405567 -0.999925
v -3.000252 -0.419855 -0.500264
v -3.000097 -0.424486 -0.000139
v -3.001125 -0.441524 0.500288
v -3.000704 -0.428720 0.999934
v -2.999133 -0.406827 1.502530
v -2.997884 -0.323519 1.929830
v -2.990052 0.053714 -2.976429
v -3.042016 -0.155408 -2.453573
v -2.902812 -0.240155 -2.193927
v -2.997921 -0.236221 2.182936
v -2.957670 -0.003998 2.552783
v -3.096565 0.130397 3.035400
v -3.236320 0.235919 3.264439
v -3.111807 0.614945 -3.278029
v -2.971676 0.469512 -3.159907
v -2.784907 0.289553 2.719449
v -2.885909 0.483056 3.029199
v -3.096096 0.477963 3.383629
v -2.956786 0.954649 -3.417343
v -2.763821 0.762177 -3.243454
v -2.756401 0.762140 3.238761
v -2.954291 0.946770 3.552306
v -3.194130 1.151702 3.835210
v -2.989385 1.485796 -3.669362
v -2.952207 1.502327 3.592066
v -3.196678 1.505172 3.800345
v -3.001210 2.051373 -3.523014
v -2.785923 2.179975 3.212980
v -2.997328 1.976746 3.503900
v -3.238143 1.763934 3.763557
v -2.993970 2.353498 -3.267654
v -3.000062 2.610389 -3.188028
v -2.902903 2.495147 3.122033
v -3.132356 2.509437 3.341196
v -3.021838 2.968538 -2.943889
v -2.929109 2.995550 3.106125
v -3.207486 2.998932 3.289621
v -3.046162 3.481165 -2.795533
v -2.882294 3.685095 -2.658573
v -3.024517 3.499278 3.085846
v -3.211892 3.331194 3.285816
v -3.239790 3.760873 -2.752850
v -3.081785 3.892794 -2.448758
v -2.887899 4.076794 -2.082397
v -2.763521 4.235894 2.235632
v -2.830172 4.135553 2.504128
v -3.000448 3.967631 2.893467
v -3.189398 4.294667 -2.315889
v -3.045389 4.248863 -1.936000
v -3.000775 4.483892 -1.496344
v -3.011006 4.636960 -1.137853
v -2.901105 4.479153 2.124387
v -3.088307 4.507447 2.471814
v -3.179089 4.317227 2.824437
v -2.996097 4.918204 -0.929010
v -3.004544 5.156513 -0.539530
v -2.852530 5.199735 -0.001976
v -2.861927 5.139710 0.500522
v -2.870309 5.139508 1.001452
v -3.001231 5.149027 1.499816
v -3.007468 4.891551 2.016313
v -3.234505 4.766274 2.265644
v -3.187454 5.275888 -0.391861
v -3.114156 5.348526 -0.002646
v -3.102745 5.367272 0.500984
v -3.113267 5.371893 1.000323
v -3.186313 5.298226 1.339983
v -3.500031 -0.255077 -2.257932
v -3.500166 -0.343094 -2.005477
v -3.500263 -0.401106 -1.500225
v -3.499998 -0.391792 -0.999957
v -3.500291 -0.390923 -0.500262
v -3.500490 -0.406511 0.000214
v -3.500057 -0.399131 0.500044
v -3.500302 -0.398437 1.000384
v -3.500172 -0.407331 1.500494
v -3.520814 -0.316439 2.039775
v -3.701891 -0.254437 2.257821
v -3.686360 0.232692 -3.271561
v -3.519951 0.032850 -3.074533
v -3.499545 -0.136299 -2.500299
v -3.368495 -0.243825 2.227618
v -3.520609 -0.165052 2.456561
v -3.501795 0.038671 3.012151
v -3.499816 0.212726 3.291052
v -3.505024 0.441249 -3.388127
v -3.336181 0.254527 -3.267304
v -3.482885 0.492706 3.622114
v -3.674988 0.724665 3.769253
v -3.495634 0.991264 -3.596546
v -3.342978 0.827518 3.720576
v -3.506814 0.999975 3.773999
v -3.496298 1.491841 -3.564441
v -3.500565 1.497030 3.851614
v -3.491379 2.009113 -3.469294
v -3.404742 2.078997 3.645746
v -3.528578 1.965844 3.810941
v -3.685952 2.679383 -3.831952
v -3.506818 2.505878 -3.490063
v -3.270387 2.650803 -3.226227
v -3.555872 2.458284 3.540737
v -3.731263 2.282576 3.762524
v -3.698046 2.827047 -3.799278
v -3.565821 3.022755 -3.510018
v -3.356656 2.999116 -3.163774
v -3.523629 3.020044 3.376256
v -3.725904 3.272367 -3.299253
v -3.535234 3.475711 -3.037635
v -3.292787 3.664594 3.230165
v -3.480991 3.496267 3.383751
v -3.446905 3.887387 -2.899978
v -3.467156 4.179096 -2.724770
v -3.458069 4.020888 3.217547
v -3.631143 3.840403 3.322423
v -3.492879 4.424432 -2.453341
v -3.471166 4.577995 -1.991659
v -3.539357 4.602470 -1.510150
v -3.306485 4.718979 -1.214174
v -3.503011 4.628011 2.589158
v -3.492300 4.438626 2.928806
v -3.627494 4.850947 -1.387277
v -3.414610 5.154176 -1.156604
v -3.267938 5.247476 -0.732195
v -3.303301 5.212841 1.670406
v -3.494910 5.053741 1.964887
v -3.511681 4.813961 2.316827
v -3.602233 5.323929 -0.852488
v -3.451580 5.395850 -0.546997
v -3.543841 5.589802 0.040437
v -3.513337 5.667556 0.493380
v -3.487301 5.586139 0.996586
v -3.486642 5.397327 1.497635
v -3.659544 5.286768 1.821189
v -3.739106 5.758508 0.233356
v -3.729010 5.782205 0.297363
v -3.813555 -0.254765 -2.256472
v -3.989632 -0.320868 -2.046406
v -3.999990 -0.398819 -1.500619
v -4.000719 -0.379659 -0.999184
v -3.999942 -0.356011 -0.499974
v -4.000491 -0.370912 -0.000054
v -4.000167 -0.380410 0.499908
v -4.000335 -0.412513 0.999141
v -4.000136 -0.408917 1.501003
v -4.000310 -0.330825 2.001920
v -3.999791 -0.264504 2.271002
v -4.003050 0.233251 -3.260005
v -3.997328 0.057494 -3.005769
v -3.988129 -0.162701 -2.451024
v -4.146958 -0.247321 -2.235986
v -3.999351 -0.170218 2.523302
v -3.999871 0.024195 2.999005
v -3.996626 0.165685 3.349955
v -4.002740 0.507498 -3.393197
v -3.997219 0.401300 3.616021
v -3.987455 0.652412 3.843966
v -4.000197 0.999436 -3.581340
v -3.982128 0.996722 3.925664
v -4.000033 1.500294 -3.649465
v -3.999957 1.498981 3.921612
v -4.208854 2.166081 -3.783539
v -4.055503 1.988073 -3.657289
v -3.997856 2.015197 4.023765
v -4.037184 2.542378 -3.807204
v -3.882938 2.384219 -3.661437
v -3.842464 2.614553 3.675386
v -3.991606 2.477745 3.859925
v -3.973695 2.924612 -3.886924
v -3.977967 3.213989 -3.709838
v -3.926493 3.012299 3.619456
v -4.168024 2.996840 3.769749
v -4.061773 3.429465 -3.334627
v -3.893875 3.630151 -3.163862
v -3.900418 3.503639 3.666909
v -4.115482 3.482441 3.874078
v -4.217256 3.790203 -3.277373
v -3.993912 4.069807 -3.032322
v -3.819150 4.227678 -2.735859
v -3.869128 4.187442 3.223446
v -4.018085 3.990982 3.485303
v -4.197804 3.794394 3.790582
v -4.159864 4.241878 -2.780728
v -3.990718 4.381166 -2.519060
v -3.973560 4.701718 -2.013301
v -3.791884 4.658015 -1.702676
v -3.891188 4.713411 2.701551
v -4.049004 4.492598 2.987080
v -4.207478 4.271004 3.270746
v -4.115765 4.823962 -1.858040
v -4.011963 4.826661 -1.492081
v -4.000257 5.154962 -1.128824
v -3.821441 5.217854 2.191300
v -4.032237 4.989641 2.503593
v -4.226128 4.765230 2.760737
v -3.999380 5.302667 -0.878147
v -3.989332 5.455258 -0.478855
v -4.002577 5.674583 -0.051430
v -3.873909 5.792535 0.665323
v -4.039791 5.753595 0.987928
v -3.969577 5.685489 1.518914
v -3.966753 5.455968 2.034879
v -4.170875 5.307134 2.309161
v -3.992679 5.813107 0.170867
v -4.027004 5.898910 0.513987
v -4.219846 5.734162 0.806929
v -4.642883 -0.247335 -2.283012
v -4.484079 -0.292946 -2.039498
v -4.502261 -0.377968 -1.500180
v -4.500242 -0.345576 -0.999830
v -4.500210 -0.334102 -0.499854
v -4.500440 -0.347059 -0.000752
v -4.500443 -0.361194 0.499716
v -4.501741 -0.401227 0.997705
v -4.502407 -0.411244 1.503372
v -4.500397 -0.321015 2.002482
v -4.500216 -0.261602 2.266514
v -4.415036 0.218277 -3.282171
v -4.548632 0.046053 -3.073644
v -4.486380 -0.166509 -2.464089
v -4.306868 -0.241689 -2.234140
v -4.499918 -0.185740 2.520947
v -4.500823 0.032125 2.993040
v -4.503328 0.166978 3.343451
v -4.539180 0.469585 -3.367721
v -4.746496 0.251142 -3.247196
v -4.530730 0.518468 3.602058
v -4.397870 0.677129 3.800484
v -4.697991 1.207948 -4.291608
v -4.672896 1.159853 -3.995891
v -4.477923 0.982462 -3.680621
v -4.725651 0.767509 3.739793
v -4.535580 0.959774 3.850957
v -4.728902 1.498281 -4.282356
v -4.583905 1.518806 -3.973420
v -4.323351 1.504365 -3.690493
v -4.496654 1.496595 4.003165
v -4.651072 1.988564 -4.322877
v -4.325197 1.972536 -3.998234
v -4.252955 1.823334 -3.760202
v -4.500769 2.032268 4.139831
v -4.659507 2.357390 -4.314017
v -4.411077 2.536760 -4.137543
v -4.497394 2.500462 4.012362
v -4.506696 2.995937 -3.919039
v -4.498112 3.214254 -3.719888
v -4.476653 3.004447 3.988293
v -4.520651 3.442908 -3.482288
v -4.519354 3.525773 3.956164
v -4.499917 3.814140 -3.305004
v -4.504468 4.120803 -3.119365
v -4.507903 4.062993 3.584944
v -4.503958 3.784485 3.782089
v -4.500024 4.294405 -2.826184
v -4.499453 4.485218 -2.501106
v -4.508725 4.719997 -2.165679
v -4.500497 4.525364 3.009694
v -4.499991 4.275024 3.272959
v -4.511667 4.905240 -1.904366
v -4.499766 5.004311 -1.498853
v -4.501535 5.196086 -1.146993
v -4.491486 5.051917 2.618506
v -4.499976 4.784271 2.778691
v -4.500345 5.320141 -0.890744
v -4.499973 5.403862 -0.457748
v -4.487227 5.643513 0.018851
v -4.610746 5.747715 0.496626
v -4.491828 5.686967 0.984906
v -4.511208 5.674514 1.508945
v -4.508232 5.537531 2.011708
v -4.481474 5.393294 2.405814
v -4.321597 5.760714 0.193941
v -4.378494 5.823426 0.502536
v -4.315654 5.725062 0.802919
v -4.658089 13.637899 10.135075
v -4.648111 13.588683 10.499626
v -4.689663 13.661045 10.815159
v -4.708178 14.000679 10.130980
v -4.697452 14.018158 10.520714
v -4.748794 13.855926 10.785499
v -4.744398 14.741267 9.742970
v -4.739846 14.554838 9.995206
v -4.721205 14.370775 10.362959
v -4.748124 15.000343 9.674278
v -4.735963 14.970126 9.973781
v -4.691422 15.102845 10.329600
v -4.710575 15.500056 9.617152
v -4.648771 15.502765 9.989307
v -4.673891 15.506384 10.387036
v -4.752009 15.806796 9.670851
v -4.743288 15.984122 10.008450
v -4.692486 16.011421 10.500179
v -5.207570 -0.273687 -5.342300
v -5.212973 -0.274116 -5.204378
v -5.193342 -0.270759 -2.818290
v -5.007266 -0.321740 -2.479215
v -4.995969 -0.374800 -2.000413
v -4.999383 -0.366397 -1.499469
v -5.001584 -0.303403 -1.001511
v -4.998655 -0.284964 -0.500447
v -5.039513 -0.283229 -0.000057
v -4.978254 -0.291232 0.500108
v -5.043531 -0.291277 1.034790
v -5.002267 -0.317869 1.499865
v -4.955880 -0.285738 1.971526
v -4.757155 -0.251161 2.252445
v -5.180120 0.006963 -5.360567
v -5.163721 -0.002730 -5.126187
v -5.245791 0.247015 -4.264592
v -5.246939 0.247602 -4.245831
v -5.043675 0.122661 -3.431922
v -4.916661 -0.156160 -3.022370
v -4.860777 -0.211117 -2.619936
v -5.232212 -0.246193 0.166560
v -5.226420 -0.232648 0.500417
v -5.239330 -0.246617 0.891315
v -5.092987 -0.248131 2.118160
v -4.955660 -0.192775 2.458078
v -5.024443 0.061656 3.060366
v -4.866442 0.213690 3.284621
v -5.233855 0.499984 -5.308883
v -5.200040 0.502283 -5.068586
v -5.203286 0.500583 -4.372899
v -5.183731 0.516950 -4.051233
v -5.036142 0.517597 -3.435539
v -4.751208 0.250937 -3.248430
v -5.199161 0.275387 3.229035
v -5.013989 0.473128 3.395665
v -5.231703 0.785947 -5.282621
v -5.287829 1.007268 -4.933139
v -5.028653 1.050455 -4.569750
v -4.898906 0.890018 -3.995944
v -4.870107 0.855318 -3.685562
v -5.014638 0.829368 3.695985
v -5.039464 1.014917 3.919697
v -5.241787 1.500552 -4.770593
v -5.003674 1.499868 -4.512479
v -5.046040 1.536923 4.115177
v -5.176465 1.998634 -4.814405
v -4.964447 2.001023 -4.563519
v -4.994995 1.993158 3.944976
v -5.245111 2.256644 -4.757055
v -5.077661 2.373357 -4.432907
v -5.003771 2.678836 -4.181218
v -5.001657 2.508977 3.978944
v -4.931334 3.050134 -4.001633
v -4.753594 3.246450 -3.748781
v -5.005402 3.011373 4.096384
v -5.069020 3.352148 -3.866865
v -4.954469 3.463865 -3.559932
v -5.096620 3.682853 3.719922
v -4.956414 3.508243 3.834675
v -5.239911 3.728212 11.710793
v -5.138661 3.509482 11.961747
v -4.998577 3.779945 -3.280106
v -4.995130 4.020850 -3.054464
v -4.958598 3.996184 3.609413
v -4.760906 3.754602 3.755031
v -5.260961 4.170742 11.161560
v -5.194008 4.001303 11.529522
v -5.156581 4.020565 12.034001
v -4.996274 4.356010 -2.853092
v -4.999279 4.520519 -2.501536
v -5.007031 4.661040 -2.086399
v -5.197720 4.740812 2.739946
v -5.005392 4.760762 3.007658
v -4.993064 4.344005 3.342603
v -5.215974 4.500283 11.123205
v -5.044021 4.510113 11.463003
v -5.176625 4.530128 12.020186
v -5.000335 4.817770 -1.851703
v -5.023670 5.052624 -1.436093
v -4.872103 5.182903 -1.168182
v -5.215139 5.224700 1.700420
v -5.200521 5.190067 1.909648
v -5.016607 4.971120 2.588980
v -4.858377 4.824208 2.798237
v -5.229346 4.915431 11.181531
v -5.195525 5.049586 11.450891
v -5.177561 4.964749 11.985570
v -5.176833 5.307104 -1.321126
v -4.997280 5.355018 -1.016561
v -5.000863 5.491636 -0.498911
v -5.002223 5.615702 0.001784
v -4.999213 5.655385 0.500569
v -5.004064 5.620862 1.003785
v -5.036189 5.429330 1.527523
v -5.015394 5.293803 2.048719
v -4.996099 5.274125 2.299168
v -5.232397 5.275795 11.585232
v -5.232733 5.276065 11.797559
v -5.128308 8.622299 -5.351204
v -5.184199 8.626008 -5.006123
v -5.182289 8.655618 -4.660252
v -5.124124 9.000135 -5.411867
v -4.944869 8.952883 -5.058258
v -5.040286 9.078170 -4.515549
v -5.226752 9.186326 -3.818218
v -5.136252 9.074467 -3.503414
v -5.168715 9.089894 -2.984372
v -5.282610 9.222192 -2.500375
v -5.228583 9.231033 -2.163903
v -5.058067 9.586820 -5.441742
v -5.106617 9.549825 -4.979414
v -5.199058 9.329636 -4.663708
v -5.225897 9.506484 -3.875034
v -5.037809 9.477848 -3.506522
v -5.136045 9.501577 -2.994088
v -5.232614 9.500276 -2.500078
v -5.194188 9.451139 -1.995543
v -5.183101 9.580819 -1.584330
v -5.235231 9.770170 -5.295177
v -5.232595 9.775825 -5.225941
v -5.188789 10.000937 -3.893217
v -4.986039 10.036192 -3.494988
v -5.173830 10.000703 -3.008957
v -5.154121 9.980501 -2.495796
v -5.180399 10.002534 -2.001465
v -5.169129 10.012749 -1.579679
v -5.250299 10.325741 -3.801017
v -5.209703 10.398769 -3.500047
v -5.155472 10.445063 -3.003178
v -5.193001 10.421209 -2.499791
v -5.232503 10.500442 -1.986219
v -5.212022 10.498992 -1.659998
v -5.231820 10.792526 -1.812444
v -5.221193 10.793915 -1.687580
v -5.210088 11.711470 10.199096
v -5.217362 11.718550 10.308037
v -5.176450 12.152685 9.661961
v -5.093402 11.957304 9.995362
v -5.152721 12.020246 10.494858
v -5.247629 12.210030 10.761523
v -5.211444 12.497984 9.645337
v -5.008841 12.500837 9.989667
v -5.000202 12.490157 10.512419
v -5.199100 12.505546 10.875842
v -5.217410 13.000013 9.616984
v -5.007618 13.000651 10.008473
v -4.911633 13.009624 10.496466
v -5.070671 12.964768 11.045626
v -5.117405 13.033970 11.502553
v -5.218028 13.152525 11.995714
v -5.226477 13.657348 9.119064
v -5.145284 13.501662 9.529916
v -4.786195 13.438656 9.949952
v -4.735795 13.328940 10.497958
v -4.763756 13.484264 11.000163
v -4.888134 13.488314 11.518389
v -5.059905 13.497668 12.002019
v -5.126192 14.000187 9.018261
v -4.987895 14.000727 9.507508
v -4.801254 14.000023 9.882301
v -4.751163 14.194959 10.698490
v -4.862726 14.012913 10.951753
v -4.956585 13.991311 11.498260
v -4.977603 14.012481 11.999031
v -5.233082 14.731282 6.735064
v -5.221329 14.707686 6.999401
v -5.216928 14.709312 7.327737
v -5.274424 14.638292 8.670956
v -5.121998 14.469158 8.955873
v -4.830198 14.531458 9.528351
v -4.739916 14.553676 9.995638
v -4.751033 14.528093 10.524245
v -4.965342 14.464059 10.971203
v -4.993480 14.497653 11.502851
v -5.042860 14.600872 12.042914
v -5.203174 15.195913 6.201257
v -5.157143 15.003625 6.527065
v -5.108708 14.986558 6.999420
v -5.187973 14.996407 7.494040
v -5.188215 15.079767 7.997371
v -5.116362 14.955759 8.479726
v -4.946879 14.998540 8.999810
v -4.834552 15.004652 9.435495
v -4.763024 14.780804 10.122862
v -4.773315 14.963621 10.507277
v -5.069201 15.018370 10.955092
v -5.208060 14.991336 11.515029
v -5.263299 14.795125 11.872276
v -5.248495 15.745288 -2.278361
v -5.183714 15.667653 -2.008491
v -5.159696 15.569388 -1.505858
v -5.152183 15.590284 -1.092617
v -5.103928 15.475665 6.055923
v -4.967620 15.492728 6.503726
v -4.997504 15.500576 6.993564
v -5.145715 15.525476 7.543238
v -5.175976 15.531723 7.991126
v -5.066465 15.497051 8.508308
v -4.780666 15.487999 8.968203
v -4.712234 15.496089 9.365267
v -4.788618 15.499691 10.622304
v -4.920136 15.502732 10.998271
v -5.139136 15.528777 11.532023
v -5.250562 15.714707 11.761401
v -5.171808 16.006255 -2.473083
v -5.126350 15.998830 -2.004030
v -5.017488 15.994029 -1.500132
v -5.108874 15.999398 -1.004770
v -5.027812 15.966115 5.907355
v -4.800529 16.005103 6.494537
v -4.897668 15.999325 7.020663
v -5.157892 15.980797 7.516016
v -5.225365 15.990228 7.992139
v -5.062180 16.002683 8.509826
v -4.864306 16.003586 8.998927
v -4.816602 15.979724 9.507927
v -4.754552 15.856010 10.668345
v -4.746752 16.006404 10.978454
v -4.927902 15.958941 11.540307
v -5.197525 16.002516 11.829872
v -5.219855 -0.301571 -5.340699
v -5.253329 -0.307265 -5.193676
v -5.495463 -0.319670 -2.909472
v -5.497886 -0.409607 -2.509517
v -5.499382 -0.444387 -1.999732
v -5.497637 -0.432541 -1.495458
v -5.499642 -0.349267 -0.999192
v -5.499385 -0.300167 -0.499368
v -5.528708 -0.255932 -0.000339
v -5.714135 -0.249251 0.262949
v -5.254506 -0.248741 1.224762
v -5.270654 -0.263342 1.499705
v -5.270086 -0.255601 1.782659
v -5.737205 0.223072 -6.286401
v -5.599844 0.106288 -6.053197
v -5.233741 0.058357 -5.583143
v -5.375065 -0.133704 -4.840488
v -5.424135 0.091526 -4.438208
v -5.514404 0.187964 -4.059359
v -5.507469 -0.073020 -3.579176
v -5.494549 -0.250645 -3.163004
v -5.380596 -0.236409 0.165519
v -5.529703 -0.207493 0.454700
v -5.451096 -0.209770 1.034999
v -5.516571 -0.199507 1.499712
v -5.465713 -0.184470 1.971142
v -5.567682 -0.009795 2.557188
v -5.432483 0.084452 2.924583
v -5.749874 0.749569 -6.750203
v -5.721475 0.552962 -6.468266
v -5.509792 0.500002 -5.999976
v -5.321977 0.500975 -5.555081
v -5.272804 0.499440 -4.826186
v -5.297340 0.500024 -4.618594
v -5.382007 0.395853 -3.956784
v -5.371143 0.363303 -3.675092
v -5.740316 0.268363 2.732831
v -5.612471 0.416740 3.091336
v -5.373250 0.606584 3.339820
v -5.681989 0.980290 -6.846135
v -5.555848 0.985713 -6.508465
v -5.384973 0.984132 -6.014079
v -5.271339 0.982287 -5.472985
v -5.289472 1.013628 -4.936982
v -5.240294 0.915014 -4.740517
v -5.696008 0.808597 3.190673
v -5.486207 1.018848 3.455054
v -5.299036 1.201013 3.805277
v -5.674889 1.347311 -6.858868
v -5.609879 1.519437 -6.496829
v -5.463943 1.524144 -6.005840
v -5.471375 1.492854 -5.500837
v -5.353904 1.500531 -5.012212
v -5.591542 1.526951 3.613835
v -5.375304 1.499510 3.831860
v -5.741336 1.723965 11.718317
v -5.730948 1.717080 11.999331
v -5.726305 1.781295 -6.303401
v -5.724846 1.857729 -5.982762
v -5.662151 2.031636 -5.534708
v -5.371353 2.001310 -5.055720
v -5.645162 1.995900 3.663384
v -5.407098 2.003358 3.818461
v -5.730547 2.205970 9.687485
v -5.746630 2.211357 9.791632
v -5.715206 2.165989 10.670209
v -5.658824 2.097268 11.005151
v -5.756461 2.031851 11.572677
v -5.500031 1.943960 11.971717
v -5.722970 2.318187 -5.397478
v -5.521254 2.467741 -4.967648
v -5.362974 2.614833 -4.493540
v -5.258892 2.742812 -4.240622
v -5.705434 2.328821 3.722015
v -5.537333 2.487590 3.912502
v -5.658628 2.491675 9.576410
v -5.706960 2.500438 9.972679
v -5.643042 2.482356 10.483788
v -5.479541 2.489331 11.011028
v -5.574072 2.503971 11.489984
v -5.343597 2.484247 11.971066
v -5.704837 2.896530 -4.817564
v -5.663831 3.009461 -4.497983
v -5.332265 2.998196 -4.178881
v -5.708760 3.182258 3.709447
v -5.539203 3.020246 3.890825
v -5.673662 3.084402 9.082719
v -5.634758 2.953763 9.455076
v -5.596738 3.005244 9.996865
v -5.509325 2.987090 10.495351
v -5.521890 2.999703 10.995852
v -5.606370 2.995382 11.533012
v -5.356370 2.999967 11.888865
v -5.676435 3.292828 -4.391413
v -5.504201 3.401884 -4.010090
v -5.535300 3.578781 -3.572153
v -5.537661 3.513999 3.672038
v -5.376403 3.347235 3.802089
v -5.745808 3.718117 8.194022
v -5.686038 3.606826 8.504579
v -5.609676 3.454490 8.956908
v -5.507202 3.502466 9.503223
v -5.472932 3.500655 9.999800
v -5.513970 3.491009 10.507855
v -5.397410 3.498150 10.997866
v -5.280687 3.523048 11.529311
v -5.297654 3.396035 11.845723
v -5.550541 3.776255 -3.299657
v -5.516090 4.057308 -3.078266
v -5.671098 4.197743 3.191937
v -5.518017 4.044437 3.408280
v -5.736283 3.998611 8.107372
v -5.493772 3.991118 8.469522
v -5.370051 3.991762 9.000019
v -5.398944 4.008356 9.499244
v -5.313810 3.988064 9.999850
v -5.402725 4.018067 10.502491
v -5.350695 4.006951 10.995756
v -5.281351 3.825565 11.381543
v -5.499858 4.336761 -2.854239
v -5.513844 4.578660 -2.509733
v -5.486451 4.641783 -2.069088
v -5.494899 4.656033 2.666277
v -5.501011 4.421792 3.008543
v -5.332052 4.305444 3.275250
v -5.674067 4.585154 7.586903
v -5.670993 4.465009 7.964312
v -5.476365 4.499893 8.497756
v -5.370094 4.497555 9.002178
v -5.358531 4.500479 9.497552
v -5.278622 4.499823 9.996615
v -5.306244 4.500032 10.499925
v -5.244433 4.501986 10.875035
v -5.479196 4.739394 -1.795545
v -5.485159 4.956341 -1.451533
v -5.494732 5.144706 1.619308
v -5.457901 5.188294 2.042050
v -5.486856 5.055563 2.449965
v -5.743907 5.202645 7.243884
v -5.665981 5.020642 7.454524
v -5.496945 4.995149 7.996292
v -5.425035 4.997315 8.493198
v -5.402367 5.000093 9.000033
v -5.381410 5.002123 9.499737
v -5.375628 5.000146 9.999996
v -5.381289 4.999252 10.499728
v -5.295903 5.049596 11.007701
v -5.249603 5.248955 11.251824
v -5.463625 5.251047 -1.217916
v -5.517134 5.546504 -1.018720
v -5.458828 5.576096 -0.490737
v -5.530906 5.696761 -0.000758
v -5.500523 5.642231 0.499787
v -5.479431 5.431622 0.959743
v -5.479839 5.257336 1.369752
v -5.262804 5.261384 2.238483
v -5.262895 5.258096 2.255013
v -5.746206 5.504363 7.220319
v -5.596651 5.497791 7.492001
v -5.400505 5.490631 7.992541
v -5.406128 5.500142 8.500014
v -5.447153 5.499089 8.998847
v -5.474920 5.499846 9.500237
v -5.477977 5.500436 9.999951
v -5.473639 5.509288 10.503372
v -5.493609 5.468553 11.009620
v -5.332602 5.469754 11.449487
v -5.364367 5.468510 11.980992
v -5.747818 6.233294 -4.764918
v -5.746665 6.232955 -4.716231
v -5.665984 5.853820 -0.803899
v -5.738122 5.785803 -0.507590
v -5.730778 5.753334 -0.163034
v -5.690289 5.911898 7.186900
v -5.617216 6.050085 7.449680
v -5.472152 6.005454 7.996473
v -5.404369 6.016820 8.501870
v -5.536992 5.985156 8.989416
v -5.539724 5.997506 9.506644
v -5.511088 6.004829 10.005530
v -5.649314 5.991231 10.490854
v -5.694545 5.997177 11.033552
v -5.517762 6.020305 11.496515
v -5.601740 6.006962 12.003067
v -5.731778 6.675421 -5.360225
v -5.704276 6.503785 -4.958447
v -5.704286 6.475858 -4.531123
v -5.683540 6.560076 -3.992564
v -5.607778 6.510367 -3.483357
v -5.736856 6.603119 -3.199901
v -5.672344 6.503025 7.586607
v -5.595832 6.499888 8.005376
v -5.456350 6.491980 8.499528
v -5.633355 6.504920 8.977817
v -5.542892 6.500172 9.484683
v -5.576755 6.500520 10.001387
v -5.588527 6.488485 10.508004
v -5.609006 6.489254 10.989614
v -5.634440 6.499210 11.503506
v -5.712758 6.453124 12.030366
v -5.699003 7.127987 -5.825475
v -5.641462 6.976274 -5.518971
v -5.534403 7.000903 -4.999865
v -5.519570 7.000615 -4.499928
v -5.482501 6.991956 -3.995271
v -5.519669 7.000135 -3.500001
v -5.633783 7.006255 -3.009739
v -5.709655 7.159479 -2.501124
v -5.699786 7.145922 -1.992599
v -5.628522 7.050944 -1.498544
v -5.625259 7.014938 -0.994481
v -5.744195 7.110815 -0.680601
v -5.702915 7.003731 7.660263
v -5.510134 6.990600 7.986763
v -5.326140 7.024506 8.510438
v -5.568127 7.000111 8.981570
v -5.658505 6.989746 9.499704
v -5.611230 7.006876 10.008862
v -5.569762 6.999152 10.502235
v -5.609708 7.000052 11.000041
v -5.661925 7.001829 11.503155
v -5.665908 7.004332 11.934910
v -5.691019 7.660164 -6.385004
v -5.672451 7.510909 -5.975253
v -5.475912 7.499014 -5.503361
v -5.346334 7.495461 -4.997572
v -5.414533 7.500093 -4.500039
v -5.468976 7.499541 -4.000318
v -5.429534 7.501589 -3.511818
v -5.490564 7.511902 -3.009027
v -5.561830 7.506836 -2.500884
v -5.485985 7.489500 -2.017114
v -5.380556 7.465670 -1.485637
v -5.467558 7.482616 -0.971111
v -5.712660 7.512244 -0.503603
v -5.693871 7.662247 -0.187313
v -5.616770 7.512120 7.593674
v -5.480444 7.527708 7.992106
v -5.496400 7.494785 8.499841
v -5.536057 7.506941 8.997379
v -5.596263 7.515693 9.506342
v -5.543586 7.500267 9.999688
v -5.493648 7.494986 10.502310
v -5.538269 7.507544 11.003984
v -5.600177 7.502214 11.507945
v -5.713121 7.499699 11.909183
v -5.732235 8.229919 -7.308546
v -5.677303 8.123809 -7.008008
v -5.555795 7.935978 -6.552549
v -5.472358 8.005407 -5.999259
v -5.442711 8.013539 -5.486874
v -5.356834 7.998963 -4.998270
v -5.312905 8.022266 -4.477425
v -5.548168 7.993419 -4.013849
v -5.506183 7.998230 -3.490625
v -5.424611 7.998494 -2.998062
v -5.344769 7.996130 -2.498066
v -5.463976 7.996493 -2.000517
v -5.387362 8.005690 -1.496122
v -5.550645 7.996032 -1.011350
v -5.724336 8.037474 -0.453267
v -5.714956 7.911884 -0.191299
v -5.726762 8.215634 1.730364
v -5.715566 8.214565 1.764715
v -5.714937 7.827399 7.691923
v -5.701191 7.985982 8.013139
v -5.577398 7.999043 8.500210
v -5.503087 8.001207 9.003210
v -5.525174 8.008328 9.491099
v -5.622834 7.991769 9.999173
v -5.579763 8.005107 10.499817
v -5.612829 7.999448 10.999951
v -5.641163 8.016948 11.531206
v -5.718747 7.850759 11.872907
v -5.738866 8.279802 -7.308014
v -5.677024 8.467614 -7.012378
v -5.479694 8.500558 -6.506637
v -5.352460 8.502430 -6.005841
v -5.197343 8.450445 -5.521561
v -5.314869 8.369835 -5.006687
v -5.403868 8.561386 -4.532180
v -5.566582 8.543129 -4.032208
v -5.428626 8.506038 -3.490693
v -5.377628 8.513929 -2.996462
v -5.410961 8.503502 -2.511425
v -5.482191 8.508005 -1.986202
v -5.396782 8.499990 -1.500034
v -5.459132 8.500307 -0.917006
v -5.737798 8.498609 -0.583469
v -5.738683 8.276060 1.733904
v -5.724162 8.278641 1.763426
v -5.721142 8.500099 8.173699
v -5.612589 8.499073 8.489228
v -5.511902 8.508549 8.994161
v -5.418491 8.509271 9.507920
v -5.612325 8.503636 9.992124
v -5.666519 8.553940 10.544285
v -5.697515 8.453223 10.999440
v -5.683842 8.368389 11.369918
v -5.753300 8.987630 -6.843954
v -5.553288 9.000593 -6.503068
v -5.470256 8.993905 -5.973165
v -5.320515 8.997721 -5.627633
v -5.241548 9.021532 -4.316858
v -5.315116 9.013136 -3.990538
v -5.230290 8.785778 -3.510874
v -5.238648 8.834881 -2.995120
v -5.361897 8.961622 -2.515164
v -5.267164 9.029941 -2.002984
v -5.341350 8.999839 -1.496760
v -5.575962 8.990366 -1.018568
v -5.781663 9.060244 -0.510384
v -5.750214 9.247737 -0.249580
v -5.738013 8.775150 8.223692
v -5.686434 8.856222 8.493199
v -5.694354 9.000241 9.013976
v -5.509150 9.006847 9.497178
v -5.625239 8.999135 9.998016
v -5.749707 8.998726 10.387832
v -5.743865 9.733115 -7.760893
v -5.728275 9.730351 -7.726041
v -5.726534 9.500175 -6.855064
v -5.540058 9.502189 -6.522738
v -5.429738 9.503463 -5.977145
v -5.206895 9.505933 -5.656461
v -5.293648 9.660046 -4.900455
v -5.372451 9.488417 -4.514134
v -5.337269 9.504962 -4.131711
v -5.249621 9.262100 -1.828555
v -5.287150 9.456424 -1.454072
v -5.504024 9.521330 -1.019055
v -5.599619 9.476595 -0.497436
v -5.689336 9.492910 -0.179806
v -5.704259 9.325593 9.159155
v -5.603326 9.415988 9.494540
v -5.659130 9.361431 10.008685
v -5.740731 9.287563 10.283636
v -5.740702 9.759864 -7.762524
v -5.724582 9.758233 -7.727383
v -5.749009 9.786075 -6.823008
v -5.664839 9.974434 -6.489673
v -5.438218 10.001769 -6.006271
v -5.373265 9.928235 -5.480509
v -5.394130 9.909571 -5.047080
v -5.353528 9.999326 -4.498913
v -5.294436 9.999719 -4.139800
v -5.250442 10.003864 -1.331192
v -5.393049 10.001906 -0.991467
v -5.591829 10.002303 -0.497045
v -5.716606 9.999992 -0.183017
v -5.748754 10.246967 11.136189
v -5.748201 10.246628 11.252243
v -5.734603 10.373948 -6.306220
v -5.656154 10.517500 -6.010412
v -5.488890 10.487488 -5.500514
v -5.452183 10.497258 -4.999957
v -5.459212 10.490287 -4.498141
v -5.381701 10.488098 -3.965024
v -5.284511 10.645437 -3.500408
v -5.219418 10.700120 -3.002451
v -5.281736 10.662567 -2.500647
v -5.268770 10.668184 -2.145459
v -5.265782 10.499477 -1.404108
v -5.391072 10.496579 -0.993351
v -5.612148 10.502401 -0.504965
v -5.726229 10.500189 -0.189640
v -5.745779 10.251327 11.136483
v -5.745372 10.251331 11.251993
v -5.631589 11.000185 -5.972951
v -5.529943 11.000430 -5.496910
v -5.464912 10.998565 -5.001046
v -5.516247 11.004039 -4.504266
v -5.462894 10.996430 -3.990941
v -5.357536 10.995809 -3.502942
v -5.289902 10.999817 -2.999743
v -5.365661 10.995614 -2.508785
v -5.331969 10.966047 -1.981650
v -5.258935 10.979141 -1.512090
v -5.325290 10.991828 -0.982361
v -5.614607 11.036847 -0.452417
v -5.711541 10.890056 -0.190537
v -5.748220 11.247716 10.247781
v -5.776387 11.258638 10.510927
v -5.743684 11.218097 10.869108
v -5.680461 11.203138 11.631906
v -5.735230 11.221544 11.776802
v -5.719646 11.635315 -6.300447
v -5.639186 11.475982 -6.042084
v -5.551402 11.504554 -5.498995
v -5.536354 11.502381 -5.000990
v -5.606514 11.491947 -4.508728
v -5.534595 11.499900 -3.999885
v -5.394140 11.501262 -3.504086
v -5.294114 11.518897 -3.000585
v -5.382957 11.500719 -2.499373
v -5.434318 11.499269 -1.996982
v -5.332006 11.511742 -1.512183
v -5.379109 11.542327 -0.972437
v -5.692536 11.499256 -0.597314
v -5.613528 11.603632 9.574712
v -5.469902 11.458689 10.052471
v -5.516748 11.583541 10.475140
v -5.670687 11.470242 11.007628
v -5.659907 11.460614 11.466529
v -5.784544 11.555743 11.946986
v -5.746139 11.830764 -6.288801
v -5.640368 11.950833 -6.010564
v -5.601449 12.089722 -5.498643
v -5.708140 12.034869 -5.040286
v -5.668050 12.040007 -4.548175
v -5.616595 12.005012 -3.993268
v -5.500602 12.004072 -3.499781
v -5.519276 11.988810 -3.002341
v -5.493175 11.997124 -2.496639
v -5.452754 12.002959 -1.998376
v -5.541090 11.985657 -1.504990
v -5.607263 11.991522 -1.000931
v -5.622250 12.010466 -0.578250
v -5.675862 12.089792 9.141010
v -5.451410 11.939626 9.444479
v -5.281964 11.815655 9.855968
v -5.282726 11.865127 10.652207
v -5.402591 12.028634 10.952721
v -5.624038 12.013611 11.478405
v -5.707487 12.006128 11.999522
v -5.725439 12.636712 -6.343259
v -5.710792 12.546344 -6.000767
v -5.744435 12.454800 -5.496053
v -5.795642 12.509184 -5.147810
v -5.680236 12.499519 -4.475535
v -5.603092 12.500104 -3.999907
v -5.692708 12.479479 -3.502026
v -5.633936 12.496244 -2.991737
v -5.582143 12.501956 -2.499692
v -5.654425 12.532103 -2.003753
v -5.682749 12.391831 -1.502055
v -5.699073 12.321210 -1.000122
v -5.700793 12.302234 -0.657423
v -5.703961 12.690917 8.197970
v -5.679481 12.618746 8.497324
v -5.591981 12.487898 8.982126
v -5.353522 12.502320 9.383595
v -5.344314 12.521471 11.117236
v -5.447942 12.525764 11.500847
v -5.511701 12.495576 12.002101
v -5.731877 13.206294 -6.845286
v -5.777263 13.044260 -6.488808
v -5.583076 12.998379 -6.001803
v -5.531057 12.975105 -5.494464
v -5.703119 13.000805 -5.074412
v -5.695577 12.999973 -4.398558
v -5.710130 12.990389 -4.005692
v -5.722444 13.002347 -3.499228
v -5.721682 12.993286 -2.998313
v -5.722721 12.997617 -2.501803
v -5.762457 13.004214 -2.163852
v -5.771659 12.997236 8.120172
v -5.646329 13.001047 8.506713
v -5.417279 13.001071 8.980846
v -5.258544 12.998534 9.350750
v -5.251797 12.753244 11.246815
v -5.274550 12.792411 11.499815
v -5.342823 12.893368 11.998036
v -5.761279 13.507569 -12.012066
v -5.688065 13.659599 -11.676736
v -5.702024 13.272936 -6.841892
v -5.644382 13.473147 -6.519593
v -5.510603 13.499790 -6.014729
v -5.458869 13.508241 -5.467382
v -5.713766 13.495329 -5.111051
v -5.726304 13.267615 -4.294923
v -5.754661 13.308644 -3.998851
v -5.684608 13.406112 -3.499750
v -5.730686 13.533611 -3.043172
v -5.686769 13.492835 -2.498170
v -5.737216 13.500068 -2.182583
v -5.735075 13.594652 7.607877
v -5.752678 13.471843 7.971630
v -5.407819 13.459440 8.468842
v -5.332713 13.487828 8.966989
v -5.290757 13.304434 9.328817
v -5.689062 13.813991 -12.003985
v -5.696947 13.809676 -11.670495
v -5.726056 13.874472 -6.344136
v -5.656259 14.026403 -6.012923
v -5.610649 14.002959 -5.499136
v -5.728146 13.997060 -5.160830
v -5.754216 14.223081 -3.250642
v -5.778145 14.035215 -3.040379
v -5.703594 14.002040 -2.497471
v -5.721459 13.979983 -2.019905
v -5.680038 14.092977 -1.499559
v -5.645002 14.123385 -0.989018
v -5.738054 14.221646 -0.720804
v -5.686319 14.154633 6.628176
v -5.610449 14.049554 6.998293
v -5.659623 13.969415 7.464704
v -5.509626 14.004098 8.018077
v -5.332454 14.000587 8.500507
v -5.256686 13.999256 8.777681
v -5.715099 14.319219 -5.856315
v -5.698818 14.342244 -5.501975
v -5.739457 14.296680 -5.230623
v -5.729754 14.500930 -3.264445
v -5.695222 14.497603 -2.998935
v -5.721612 14.503444 -2.497558
v -5.622949 14.499103 -2.004790
v -5.532479 14.490692 -1.501245
v -5.557018 14.496409 -0.976986
v -5.753378 14.507100 -0.665047
v -5.706396 14.643655 6.198630
v -5.489403 14.501714 6.494635
v -5.360960 14.455395 6.997691
v -5.322493 14.513451 7.501571
v -5.346451 14.491807 7.998833
v -5.361206 14.466410 8.500138
v -5.266735 14.281575 8.766216
v -5.749941 15.249756 -5.750099
v -5.749659 15.249724 -5.749293
v -5.737175 15.011989 -3.381782
v -5.682203 15.007032 -2.996761
v -5.647256 15.003803 -2.498536
v -5.551370 15.004299 -1.994997
v -5.449854 15.001512 -1.499612
v -5.468937 14.998668 -0.998218
v -5.617206 14.966930 -0.471973
v -5.709330 15.135104 -0.159263
v -5.713476 15.202233 5.649502
v -5.562305 15.056877 6.051253
v -5.361693 14.871712 6.398508
v -5.294294 14.829126 7.654182
v -5.288457 14.835914 8.000773
v -5.274223 14.790136 8.312349
v -5.291172 15.181961 11.715459
v -5.343109 15.009303 12.035815
v -5.749888 15.250298 -5.750118
v -5.697425 15.443227 -5.536303
v -5.725954 15.586063 -4.999763
v -5.644696 15.566510 -4.502356
v -5.692252 15.562836 -3.993174
v -5.537146 15.409298 -3.592308
v -5.420008 15.478123 -2.990710
v -5.433451 15.574535 -2.466967
v -5.329176 15.409386 -2.014133
v -5.296402 15.329318 -1.500751
v -5.297154 15.460092 -0.959689
v -5.501137 15.500235 -0.501305
v -5.709830 15.530960 -0.000405
v -5.684345 15.688323 0.495796
v -5.716195 15.709906 0.845243
v -5.692686 15.683849 2.677305
v -5.640022 15.631347 3.014533
v -5.735555 15.740468 3.335346
v -5.742781 15.735880 4.220826
v -5.724487 15.730353 4.501044
v -5.673215 15.645727 5.006889
v -5.643158 15.501936 5.496449
v -5.382487 15.537161 5.902325
v -5.268424 15.701848 7.728722
v -5.267239 15.701853 7.825805
v -5.262976 15.380658 11.721913
v -5.289623 15.527853 11.957773
v -5.749961 16.016939 -5.485900
v -5.683833 15.999991 -4.999831
v -5.615810 16.001218 -4.500323
v -5.596827 16.014724 -3.977324
v -5.435719 16.088889 -3.431193
v -5.364955 15.976836 -2.967724
v -5.246892 15.835718 -2.619883
v -5.238294 15.998613 -0.758233
v -5.372850 15.993810 -0.486119
v -5.675712 16.005388 -0.036429
v -5.723247 15.978740 0.479682
v -5.735890 15.797779 0.841513
v -5.654246 16.032857 2.520111
v -5.457959 15.998741 2.997687
v -5.685232 16.000784 3.495510
v -5.588655 15.966345 3.993706
v -5.452620 15.951777 4.482531
v -5.400186 15.989795 5.002290
v -5.284208 15.934181 5.489584
v -5.250718 15.756748 5.748749
v -5.275559 15.771258 7.727834
v -5.276507 15.770718 7.826089
v -5.916459 -0.284927 -2.886320
v -6.051126 -0.330625 -2.551732
v -6.003744 -0.421808 -2.002061
v -6.001612 -0.439263 -1.498630
v -5.999765 -0.387101 -0.998827
v -5.999279 -0.339696 -0.499026
v -5.999819 -0.294967 0.000161
v -6.007131 -0.250217 0.456288
v -6.154285 -0.273231 1.000118
v -6.200901 -0.254394 1.301011
v -6.191098 -0.286962 7.683767
v -6.066816 -0.375449 7.954890
v -5.980474 -0.451811 8.528210
v -6.164839 -0.307738 9.009388
v -6.249143 -0.250232 9.251802
v -6.218103 -0.285735 11.190225
v -6.163127 -0.369295 11.485588
v -6.205845 -0.304639 11.820048
v -6.250195 0.161943 -9.824880
v -6.162730 0.135885 -9.498809
v -6.227618 0.200693 -9.210482
v -6.180635 0.099570 -7.398388
v -6.016793 0.033257 -7.028747
v -5.931343 0.030542 -6.481241
v -5.974536 -0.110457 -6.008600
v -5.996419 -0.148861 -5.499564
v -5.998014 -0.121756 -4.999197
v -5.995774 -0.093070 -4.497904
v -5.997175 -0.070866 -4.000089
v -6.002229 -0.120481 -3.503207
v -6.049433 -0.221831 -3.031506
v -6.248212 -0.249795 -2.748300
v -5.843949 -0.217693 0.595382
v -5.907139 -0.220595 0.999920
v -6.023931 -0.178538 1.476936
v -6.000047 -0.061751 1.997974
v -6.000192 0.137274 2.380520
v -6.237147 0.222880 7.225540
v -6.138534 0.026589 7.498916
v -5.839675 -0.011895 7.946093
v -5.810789 0.022829 8.516884
v -5.921092 0.005669 9.025446
v -6.133659 -0.034897 9.460695
v -6.149684 0.072523 9.999991
v -6.147096 0.086640 10.499838
v -6.138132 -0.016323 11.016019
v -6.021958 -0.023808 11.519876
v -6.216377 0.049511 11.979565
v -6.236238 0.728333 -10.769075
v -6.173877 0.634025 -10.517396
v -6.201856 0.497491 -9.968867
v -6.178800 0.386521 -9.498160
v -6.225431 0.308086 -9.210478
v -6.147388 0.502186 -7.375077
v -5.943010 0.548844 -6.946441
v -5.791434 0.412151 -6.628918
v -5.953278 0.475684 2.532791
v -5.816676 0.627293 2.841206
v -6.176134 0.496391 7.146959
v -6.080149 0.502242 7.506866
v -5.922391 0.501499 7.998564
v -5.986038 0.480196 8.486756
v -5.987728 0.503435 8.997443
v -5.979430 0.496443 9.499591
v -5.933405 0.481992 9.994513
v -5.914014 0.493402 10.499856
v -5.929189 0.506830 11.001447
v -5.907807 0.503539 11.517934
v -6.140027 0.504981 11.984576
v -6.233972 0.765861 -10.769769
v -6.164491 0.837822 -10.512707
v -6.182517 0.843510 -10.104540
v -6.095247 0.983690 -7.432920
v -5.891616 1.001347 -7.066459
v -6.226463 0.989851 2.713690
v -5.977330 0.963246 3.028995
v -5.839097 1.124501 3.348485
v -6.232799 1.191116 6.728060
v -6.143078 1.009215 6.981568
v -5.986241 0.997520 7.491872
v -5.965152 1.000359 8.002600
v -6.034348 1.004125 8.499424
v -6.108613 1.002768 8.996646
v -5.935148 0.999329 9.492148
v -5.884187 0.999473 10.000750
v -5.962085 1.001526 10.496449
v -6.038180 1.006180 10.991190
v -5.907589 0.997163 11.491323
v -6.005501 1.004833 11.993054
v -5.893290 1.462634 -11.856649
v -6.189515 1.636718 -11.503151
v -6.247749 1.743072 -11.242357
v -6.215908 1.627760 -7.821139
v -6.074406 1.466000 -7.550008
v -5.816320 1.510691 -7.015456
v -5.783641 1.673140 -6.641037
v -6.244416 1.256744 2.742337
v -6.161214 1.463799 3.023291
v -5.922209 1.495024 3.413914
v -6.152689 1.495901 6.674934
v -5.975064 1.481331 6.984829
v -5.948549 1.499614 7.499650
v -6.005204 1.505458 7.980892
v -6.014059 1.510950 8.501734
v -5.994687 1.506780 9.006699
v -5.820075 1.497278 9.468883
v -5.788738 1.507831 10.007890
v -5.870215 1.498927 10.499482
v -5.872953 1.496470 11.002978
v -5.839270 1.533376 11.530760
v -5.878582 1.474727 11.994608
v -6.010251 2.000010 -12.000016
v -6.064399 1.997567 -11.491576
v -6.185047 1.990647 -11.170889
v -6.195843 1.909416 -7.835154
v -6.110644 2.060229 -7.556580
v -5.958938 2.010989 -7.000663
v -5.909977 1.952213 -6.478746
v -5.871925 2.132939 -5.960738
v -5.755763 2.242500 -5.735868
v -6.226013 2.000024 3.223798
v -5.972944 1.998199 3.446258
v -6.161087 1.865752 6.685789
v -6.073853 2.035991 6.955037
v -6.001877 1.997443 7.499994
v -5.984156 2.000394 7.997967
v -5.880509 1.998815 8.490993
v -5.921397 2.010004 8.997433
v -5.798016 2.021194 9.509545
v -5.844613 2.033105 9.969973
v -5.869015 2.015652 10.520513
v -5.822802 1.884225 10.997428
v -5.841563 1.845911 11.393878
v -6.006951 2.517914 -12.008986
v -6.050490 2.518069 -11.491788
v -6.154289 2.513418 -11.148097
v -6.195238 2.350732 -7.411740
v -6.119670 2.432864 -7.012968
v -6.191720 2.502133 -6.487279
v -5.983705 2.507178 -6.008762
v -5.815502 2.510621 -5.543481
v -5.788309 2.666727 -5.157562
v -6.244755 2.260077 3.244741
v -6.041304 2.455184 3.532216
v -5.852789 2.653152 3.851971
v -6.160233 2.499985 7.076313
v -6.164747 2.501687 7.470257
v -6.152741 2.493174 8.024574
v -6.009205 2.494541 8.504426
v -5.870412 2.499281 9.007301
v -5.746863 2.499491 9.326745
v -5.791754 2.333205 10.122293
v -5.790145 2.334447 10.341836
v -6.194688 2.918653 -11.996586
v -6.215325 2.814866 -11.500009
v -6.238720 2.779420 -11.230446
v -6.231245 2.802366 -6.315992
v -6.186708 2.852361 -5.999396
v -6.142085 2.986756 -5.479979
v -5.829159 3.037142 -4.992870
v -5.788348 3.226105 -4.729904
v -6.017160 3.020004 3.679980
v -5.850480 2.884576 3.849394
v -6.170522 3.004519 7.092650
v -6.066236 2.991558 7.482964
v -6.024444 2.994559 7.997923
v -5.946265 3.010161 8.504182
v -5.791050 2.955515 8.953119
v -5.755438 2.758277 9.260745
v -6.116911 3.414871 -5.391207
v -6.051793 3.594972 -4.962066
v -5.943817 3.429250 -4.529346
v -5.897578 3.613603 -3.974711
v -5.775492 3.721393 -3.710759
v -5.970544 3.483754 3.402146
v -6.241146 3.693360 6.733251
v -6.155600 3.520442 7.001411
v -5.909187 3.471592 7.492059
v -5.877208 3.539899 8.017696
v -5.803796 3.352242 8.503289
v -5.751781 3.253534 8.753883
v -6.245797 3.761980 -4.780103
v -6.263853 3.959176 -4.500123
v -6.072672 3.994567 -3.989252
v -5.874030 4.016002 -3.531663
v -5.826195 4.187662 -3.170545
v -6.148481 4.151155 2.630525
v -6.104817 4.149622 3.062953
v -6.001118 3.862680 3.323357
v -6.170237 3.994187 6.623828
v -5.942118 3.979183 6.980180
v -5.768449 4.004717 7.500889
v -5.787837 4.000302 7.846821
v -6.196876 4.396241 -4.356098
v -6.216038 4.529216 -3.955580
v -6.147305 4.497042 -3.498175
v -6.095058 4.344712 -2.978689
v -5.950595 4.494445 -2.465339
v -5.836301 4.690113 -2.103376
v -6.143475 4.628605 2.162007
v -5.972714 4.465285 2.468302
v -5.884038 4.463548 2.852842
v -6.134471 4.499070 6.547358
v -5.844623 4.502041 6.987854
v -5.765992 4.455945 7.458095
v -5.757291 4.261455 7.774109
v -6.198707 5.144455 -5.382426
v -6.054713 5.019009 -5.020467
v -6.100059 5.023032 -4.500293
v -6.143437 4.951147 -3.955415
v -6.167772 5.012968 -3.511527
v -6.180531 5.007427 -2.991915
v -6.125066 4.993866 -2.494281
v -5.963098 4.929265 -1.953613
v -5.858226 5.082046 -1.580732
v -5.799274 5.198868 1.654830
v -5.979112 5.073570 2.179541
v -6.048019 5.035431 2.191907
v -6.162446 4.999790 6.563391
v -5.826066 5.022258 7.032399
v -5.743064 4.867700 7.260441
v -6.254996 5.665245 -5.819086
v -6.172620 5.499485 -5.521213
v -5.949867 5.499710 -5.005178
v -5.763475 5.480604 -4.498072
v -5.868962 5.486144 -3.996346
v -5.898542 5.479737 -3.486174
v -6.022081 5.528390 -3.005111
v -6.086994 5.505721 -2.507988
v -6.140863 5.502227 -1.997377
v -5.957401 5.422266 -1.395008
v -5.821952 5.599230 -1.117921
v -5.758667 5.750325 0.171413
v -5.782919 5.709215 0.500351
v -5.891223 5.589737 0.970336
v -5.964609 5.409820 1.485007
v -6.071075 5.472134 1.998720
v -6.180488 5.498938 2.392926
v -6.193169 5.664585 5.650902
v -6.151164 5.571596 5.998629
v -6.155318 5.487648 6.485875
v -5.876409 5.501386 6.967017
v -6.212555 6.156005 -6.317153
v -6.216851 6.003958 -5.988374
v -6.010215 5.997198 -5.505543
v -5.818730 6.035593 -4.959658
v -5.787296 6.040654 -4.529428
v -5.849055 5.994480 -4.000264
v -5.796766 6.001307 -3.499721
v -5.933560 5.994864 -3.021948
v -5.994831 6.006804 -2.507473
v -5.974001 6.007912 -1.996179
v -5.927851 6.017538 -1.501747
v -5.754801 5.989783 -1.010544
v -5.900576 6.021344 -0.525611
v -5.933143 5.878878 -0.018427
v -6.028074 5.949370 0.528292
v -6.068970 5.981088 0.977292
v -6.074619 6.004279 1.502060
v -6.091396 6.000681 1.999879
v -6.146746 5.995327 2.469368
v -6.192406 6.004392 5.645318
v -6.101592 6.008179 5.993322
v -6.067448 5.997657 6.503562
v -5.816967 6.055414 7.002646
v -5.749020 6.246975 7.252080
v -6.221917 6.500478 -6.349605
v -6.031049 6.498768 -6.001599
v -5.848552 6.507925 -5.513206
v -5.776241 6.337328 -5.099482
v -5.751895 6.286942 -4.381141
v -5.796022 6.312679 -3.996472
v -5.689690 6.244156 -3.504812
v -5.860117 6.457436 -3.046332
v -5.907712 6.500914 -2.497386
v -5.893236 6.501039 -2.000679
v -5.836366 6.500821 -1.498908
v -5.787965 6.500007 -1.000008
v -5.904836 6.515597 -0.519296
v -6.035491 6.497714 -0.015904
v -6.056786 6.504158 0.515024
v -6.020915 6.506360 0.995795
v -5.986344 6.497554 1.499648
v -6.091835 6.506566 1.987311
v -6.191951 6.490257 2.536201
v -6.253571 6.653227 2.787192
v -6.222098 6.500460 5.705258
v -6.154221 6.499834 5.998999
v -6.120058 6.499191 6.504956
v -6.023371 6.471159 7.033338
v -5.816381 6.491039 7.361610
v -6.228772 7.215838 -7.303393
v -6.219457 7.166956 -6.999711
v -6.140080 7.001651 -6.494316
v -5.879040 6.980653 -5.978391
v -5.758698 6.795078 -5.698703
v -5.796929 6.850882 -2.855717
v -5.815272 6.909056 -2.500122
v -5.841837 6.903762 -1.996216
v -5.777196 6.814709 -1.499738
v -5.737385 6.773816 -1.000342
v -5.802702 6.964190 -0.501748
v -5.868397 6.992351 0.012709
v -5.970347 7.002012 0.498987
v -5.901447 6.995313 0.997194
v -5.912667 6.999993 1.499963
v -5.920528 6.990458 2.009007
v -6.012945 6.980353 2.513091
v -6.214690 7.004079 2.965282
v -6.194805 7.140697 3.367243
v -6.233049 6.791247 5.725530
v -6.196262 6.976621 6.005265
v -6.116174 7.000058 6.499424
v -6.093388 6.996111 7.016536
v -5.845811 6.999754 7.400745
v -6.178079 7.678832 -11.856810
v -6.185749 7.673744 -11.600431
v -6.230472 7.727144 -10.863855
v -6.227435 7.721391 -10.499452
v -6.193042 7.681791 -10.005203
v -6.166254 7.631161 -9.508250
v -6.135945 7.609878 -8.985647
v -6.165435 7.594303 -8.501512
v -6.120768 7.587130 -7.999982
v -6.113647 7.486212 -7.481677
v -6.048506 7.529427 -7.003433
v -5.900808 7.528571 -6.511181
v -5.846722 7.358213 -6.124139
v -5.786123 7.336772 -0.333696
v -5.783757 7.490916 -0.003417
v -5.916077 7.496336 0.502478
v -5.915453 7.502950 0.999242
v -5.900059 7.506127 1.501942
v -5.869707 7.499994 2.000037
v -5.890790 7.495984 2.504852
v -6.066614 7.498120 3.008668
v -6.189086 7.506787 3.386101
v -6.214490 7.501534 6.189409
v -6.144993 7.505796 6.493015
v -6.147043 7.517252 7.001516
v -5.861349 7.499654 7.402548
v -6.180582 8.001472 -11.891029
v -6.184565 7.987258 -11.460650
v -6.157534 7.977897 -11.055088
v -6.095096 8.000324 -10.488868
v -6.113123 7.992903 -9.999008
v -6.136349 8.004314 -9.503667
v -6.167807 8.001799 -8.996407
v -6.119674 8.003313 -8.484798
v -5.955316 8.005390 -7.999888
v -5.791971 8.021664 -7.498204
v -5.796923 7.878074 -7.000480
v -5.762713 7.773197 -6.718856
v -5.750681 8.243601 -0.260361
v -5.819980 8.044573 -0.020855
v -5.979252 7.995548 0.497770
v -5.993153 7.997679 1.001347
v -5.783594 8.032599 1.520737
v -5.794309 8.021117 1.969553
v -5.915525 8.017249 2.512966
v -6.136961 8.003098 3.034874
v -6.244328 7.827316 3.305981
v -6.251830 8.002089 6.212467
v -6.225719 8.007369 6.509224
v -6.122630 8.013488 7.018281
v -5.845748 7.997567 7.510025
v -5.791640 8.155086 7.843948
v -5.750447 8.190256 11.710366
v -5.768710 8.029276 12.030732
v -6.213396 8.317060 -11.833006
v -6.199236 8.350246 -11.498633
v -6.223452 8.488544 -11.001719
v -6.237178 8.498338 -10.500011
v -6.103604 8.568621 -9.970246
v -6.264522 8.358754 -9.516734
v -6.261724 8.360648 -8.993955
v -6.172295 8.528822 -8.532539
v -5.936839 8.514030 -8.006492
v -5.790860 8.479633 -7.483418
v -5.806901 8.605467 -7.176992
v -5.745594 8.501623 -0.328265
v -5.882742 8.497300 -0.006818
v -6.030334 8.495923 0.494137
v -6.117659 8.486276 1.001913
v -5.951805 8.443380 1.580226
v -5.706085 8.499731 1.967167
v -6.052644 8.500327 2.502687
v -6.201826 8.501427 2.851982
v -6.197296 8.503200 6.188304
v -6.182651 8.504894 6.501389
v -6.137083 8.498911 7.001056
v -5.963459 8.501311 7.497246
v -5.787115 8.502417 7.917467
v -5.749935 8.746424 10.740895
v -5.784338 8.697530 10.997961
v -5.743719 8.526599 11.534040
v -5.926757 8.500023 11.999932
v -6.201013 8.900300 -10.839407
v -6.196035 9.038215 -10.546696
v -6.137775 8.941640 -9.941721
v -6.231644 9.128540 -9.508349
v -6.178468 9.091217 -9.003162
v -6.182210 8.988334 -8.519283
v -5.949357 8.985064 -8.010720
v -5.868993 8.996019 -7.501109
v -5.832420 9.003112 -7.116640
v -5.807770 8.912230 -0.352469
v -5.894295 9.057789 -0.072757
v -6.057034 9.001800 0.497856
v -6.060659 8.995377 0.999005
v -6.066510 9.000998 1.502938
v -6.126800 9.018153 2.021203
v -6.191502 8.849935 2.493421
v -6.248227 8.752282 2.754130
v -6.237647 8.870058 6.218838
v -6.223011 9.021069 6.460890
v -6.194728 9.005413 7.003678
v -6.003105 9.003867 7.471849
v -5.871284 8.972491 8.032750
v -5.841308 9.096666 8.499105
v -5.850788 9.158324 8.844700
v -5.793419 8.998608 10.640679
v -5.892752 8.985728 10.989118
v -5.933671 9.002301 11.500378
v -6.005121 9.023119 12.005714
v -6.233698 9.697232 -11.320311
v -6.247612 9.625568 -11.000076
v -6.202435 9.478466 -10.549797
v -6.136962 9.521279 -9.997550
v -6.131316 9.501758 -9.501576
v -6.058756 9.496511 -9.008330
v -5.964206 9.511205 -8.503004
v -5.904967 9.546832 -7.946811
v -5.755318 9.527989 -7.532863
v -5.790708 9.499746 -7.105934
v -5.866361 9.501975 0.025618
v -6.066583 9.502716 0.483306
v -6.126881 9.491285 1.001631
v -6.087353 9.499278 1.500499
v -6.208368 9.495945 1.884431
v -6.224926 9.500687 6.611631
v -6.177425 9.499418 7.000687
v -6.148586 9.546995 7.544985
v -6.159385 9.468928 8.002030
v -6.169845 9.510266 8.497554
v -5.946494 9.466092 9.030028
v -5.771409 9.669204 9.493879
v -5.741866 9.634011 10.000691
v -5.832895 9.471389 10.469140
v -5.980461 9.516152 10.976335
v -6.010233 9.509640 11.494902
v -6.158767 9.508244 11.998470
v -6.208433 10.163488 -11.999475
v -6.230584 10.014865 -11.511803
v -6.255782 9.852725 -11.002755
v -6.266811 9.989312 -10.516009
v -6.244389 9.983264 -9.999179
v -6.210331 9.869820 -9.499086
v -6.142290 10.044935 -8.964990
v -6.027882 10.006108 -8.502464
v -5.895070 9.959845 -7.961712
v -5.753419 9.978272 -7.501891
v -5.855069 9.967077 -6.994098
v -5.798880 10.123130 -6.649418
v -5.806235 9.998268 0.069229
v -5.976215 9.998885 0.503438
v -6.162091 10.005118 0.994785
v -6.033096 10.021960 1.500998
v -6.209233 9.999984 1.831617
v -6.225030 9.999353 6.653499
v -6.215021 10.000410 7.002072
v -6.181709 10.001641 7.432712
v -6.242756 9.789819 8.658571
v -6.203602 9.959610 9.033379
v -5.927365 10.017268 9.495969
v -5.893540 10.005956 9.996724
v -5.869805 10.000262 10.500257
v -5.838948 10.060325 10.975575
v -5.847113 10.042448 11.456946
v -6.149117 9.987727 11.977264
v -6.139735 10.496856 -11.995029
v -6.232201 10.486037 -11.523820
v -6.249627 10.581004 -10.998546
v -6.147823 10.471550 -10.532114
v -6.225776 10.499324 -10.137702
v -6.235380 10.504969 -8.834074
v -6.129842 10.499340 -8.504391
v -6.117964 10.494905 -7.999080
v -6.022516 10.507376 -7.504033
v -5.950162 10.502771 -7.000006
v -5.825843 10.529164 -6.489767
v -5.767272 10.715162 -6.226201
v -5.806822 10.500194 0.062597
v -5.932681 10.498701 0.505491
v -6.114560 10.499634 0.998028
v -6.204560 10.527595 1.529987
v -6.220680 10.379725 1.803910
v -6.236424 10.606461 6.205228
v -6.259609 10.451234 6.505103
v -6.231249 10.477991 6.981396
v -6.207282 10.494786 7.497888
v -6.226047 10.663055 7.881662
v -6.254872 10.746148 8.731245
v -6.191674 10.545981 8.999465
v -6.119202 10.496628 9.514553
v -6.021479 10.505238 10.005227
v -5.987724 10.445653 10.565873
v -5.705747 10.501671 10.970203
v -5.794362 10.473431 11.483715
v -5.995824 10.504394 12.001217
v -6.072437 10.999992 -11.999477
v -6.034536 10.990024 -11.497703
v -6.172588 11.001501 -11.004674
v -6.120187 11.002040 -10.498297
v -6.226547 11.005428 -10.012727
v -6.221812 11.113794 -9.501417
v -6.155067 10.985307 -9.007533
v -6.041821 10.991583 -8.486148
v -6.186845 11.010181 -7.998233
v -6.193662 10.994612 -7.505206
v -6.076463 10.997762 -6.979817
v -5.905605 10.992788 -6.482087
v -5.763123 10.999964 -6.215568
v -5.752839 11.223739 -0.258845
v -5.843379 11.024420 -0.038917
v -5.954991 11.002015 0.502780
v -6.151608 11.003111 0.986622
v -6.270326 10.995999 1.417108
v -6.204024 11.155849 5.674365
v -6.210293 10.995665 6.024426
v -6.243430 10.966140 6.517950
v -6.154386 10.949805 6.980674
v -6.098360 10.997354 7.499657
v -6.125696 10.953040 8.031306
v -6.167903 10.951617 8.540269
v -6.172643 10.993696 9.005186
v -6.062079 11.022045 9.525165
v -5.851794 11.048703 10.048302
v -5.954072 11.043803 10.532479
v -5.867688 11.052629 11.013738
v -5.803967 11.029849 11.473714
v -5.894590 11.047225 11.948782
v -5.997220 11.512746 -11.995815
v -6.061846 11.501965 -11.505612
v -6.244754 11.487506 -11.022541
v -6.192852 11.496663 -10.497610
v -6.169604 11.520073 -9.994030
v -6.097359 11.500227 -9.499949
v -5.975909 11.497702 -9.007437
v -5.849162 11.484003 -8.492765
v -5.864944 11.446211 -8.005399
v -5.968683 11.535275 -7.513711
v -5.921484 11.487084 -7.008361
v -5.799911 11.477083 -6.481350
v -5.748498 11.299770 -6.230387
v -5.822525 11.488362 -0.323228
v -5.954772 11.503371 -0.021523
v -5.943523 11.495100 0.498161
v -6.085395 11.500576 1.001953
v -6.203123 11.499479 1.385995
v -6.170962 11.494335 5.596387
v -6.138274 11.497378 6.003683
v -6.130464 11.500293 6.501671
v -6.003302 11.507643 6.996642
v -5.958531 11.500885 7.497399
v -5.951062 11.495823 8.004586
v -6.062141 11.504569 8.496466
v -6.041240 11.542023 9.031389
v -5.838820 11.499385 9.464664
v -5.759860 11.269609 9.896909
v -5.764215 11.267392 11.206674
v -5.747017 11.261328 11.290050
v -5.765054 12.021746 -12.008560
v -5.904870 11.993331 -11.496029
v -6.064605 12.003114 -11.003388
v -6.091970 11.994821 -10.502674
v -6.047041 12.004688 -10.003094
v -6.009925 11.995747 -9.503717
v -5.877854 11.994494 -9.004983
v -5.807462 12.000758 -8.495946
v -5.851142 11.992281 -7.996383
v -5.888547 11.988308 -7.508655
v -5.861702 12.000158 -7.000334
v -5.821477 11.998559 -6.471805
v -5.747436 12.189970 -6.001252
v -5.740479 12.252329 -5.664046
v -5.796948 12.219381 -4.886432
v -5.756110 12.231861 -4.737975
v -5.799261 11.999839 -0.347894
v -5.917161 12.000151 -0.000396
v -5.942565 12.005321 0.505557
v -6.091069 12.003456 0.994718
v -6.160295 11.995876 1.379388
v -6.166775 11.875929 5.608439
v -6.173040 12.024748 6.019515
v -6.131647 11.999938 6.500151
v -6.069882 12.000301 7.005616
v -6.057585 11.993023 7.487002
v -6.016495 12.003306 8.018871
v -5.927805 12.001565 8.501605
v -5.838857 11.964784 8.994295
v -5.750304 11.751462 9.250895
v -5.727683 12.498946 -11.851456
v -5.873837 12.500022 -11.502940
v -5.999364 12.500986 -10.999401
v -6.089041 12.502929 -10.496972
v -6.149678 12.498139 -9.999775
v -6.071012 12.492841 -9.479741
v -5.898018 12.499652 -8.999683
v -5.860346 12.508553 -8.498183
v -5.924867 12.499029 -7.999819
v -5.930607 12.499890 -7.492242
v -5.798208 12.494731 -7.004426
v -5.778163 12.481241 -6.508128
v -5.766846 12.291417 -5.999750
v -5.741862 12.256070 -5.663813
v -5.806986 12.503583 -4.873916
v -5.765337 12.500238 -4.727595
v -5.759976 12.725025 -1.839738
v -5.805309 12.646512 -1.498394
v -5.845887 12.577801 -0.999891
v -5.848377 12.496909 -0.493426
v -6.021545 12.506930 0.009782
v -6.174096 12.532920 0.528667
v -6.191141 12.537064 0.976563
v -6.141935 12.518257 1.338972
v -6.252483 12.339806 6.201040
v -6.243612 12.501105 6.491879
v -6.153505 12.489154 7.012464
v -6.117210 12.485741 7.547943
v -5.810285 12.504010 7.974703
v -5.806759 12.378115 8.501400
v -5.793691 12.317498 8.801450
v -5.782107 12.998188 -11.853930
v -5.912279 12.998049 -11.513696
v -6.133565 12.973056 -11.018883
v -6.231774 13.004398 -10.490345
v -6.132115 12.998826 -10.000686
v -6.011407 12.998082 -9.508407
v -5.912310 13.000122 -8.998968
v -5.919995 12.999546 -8.495895
v -5.993286 13.014359 -7.990430
v -5.958092 13.021651 -7.473773
v -5.779769 13.024404 -7.007622
v -5.819731 12.873959 -6.673542
v -5.796315 12.994982 -4.816746
v -5.773535 12.998434 -4.646124
v -5.778786 13.000453 -1.912922
v -5.908325 12.997952 -1.508986
v -6.013011 12.999707 -1.000470
v -6.081798 12.999576 -0.501650
v -6.202672 13.000186 -0.005224
v -6.297821 12.989642 0.541996
v -6.249897 12.950077 0.951154
v -6.225469 12.777679 1.278132
v -6.163835 12.993927 6.570165
v -6.094150 13.041790 7.016962
v -5.905794 12.995005 7.499268
v -5.842979 13.016723 7.861185
v -5.792541 13.335468 -11.846949
v -5.797360 13.483492 -11.491626
v -6.036796 13.510806 -11.005517
v -6.071811 13.486675 -10.500542
v -6.076850 13.511306 -10.004652
v -6.058602 13.507172 -9.508138
v -5.988769 13.504527 -8.998154
v -5.999448 13.499219 -8.500384
v -5.991905 13.488708 -7.987853
v -5.956554 13.475887 -7.488315
v -5.722595 13.507190 -7.040163
v -5.740968 13.637877 -6.693903
v -5.813411 13.503020 -4.831235
v -5.770879 13.469766 -4.482421
v -5.804226 13.565498 -4.002660
v -5.721373 13.664697 -3.500674
v -5.749800 13.722807 -3.238657
v -5.806861 13.496470 -1.939079
v -5.928340 13.501793 -1.513249
v -6.010115 13.504309 -0.998618
v -6.046191 13.498812 -0.498753
v -6.124381 13.499686 -0.000065
v -6.170051 13.523685 0.557567
v -6.229945 13.392665 0.777664
v -6.201711 13.623652 6.145545
v -6.099845 13.472674 6.471773
v -5.925640 13.515740 7.016659
v -5.748253 13.458171 7.456265
v -5.755384 13.262017 7.766500
v -5.756042 14.095609 -12.004167
v -5.856140 13.989798 -11.501265
v -5.991234 14.012703 -10.993841
v -6.126223 14.003436 -10.495190
v -6.240119 13.994683 -10.003867
v -6.160092 13.999941 -9.499854
v -6.127473 14.000049 -8.984636
v -6.024591 14.000645 -8.499671
v -5.991264 14.003821 -7.994568
v -5.921103 13.998669 -7.498747
v -5.961264 13.997940 -6.997861
v -5.840955 14.024770 -6.503421
v -5.747809 14.215884 -6.193262
v -5.801789 14.002932 -4.901269
v -6.029730 13.975751 -4.542323
v -5.955210 13.999291 -3.998770
v -5.784194 14.033876 -3.452419
v -5.774096 13.886983 -3.239866
v -5.779145 13.800490 -1.867874
v -5.809504 13.847699 -1.500519
v -5.812006 13.893355 -0.999422
v -5.855914 14.027374 -0.527698
v -5.941423 13.986451 0.009125
v -6.095420 13.947713 0.557372
v -6.197956 14.092439 0.906906
v -6.241963 14.241064 3.236133
v -6.245905 14.244468 3.265403
v -6.248207 14.224739 5.733944
v -6.135832 14.035155 5.989147
v -5.849414 13.982562 6.470471
v -5.764479 13.788376 6.994425
v -5.756457 13.755806 7.273553
v -5.963054 14.501145 -11.998752
v -6.129168 14.515357 -11.484563
v -6.180549 14.385970 -10.999995
v -6.213254 14.304819 -10.497771
v -6.282956 14.258221 -10.000962
v -6.186302 14.396423 -9.507029
v -6.050970 14.551009 -9.119580
v -5.975215 14.500721 -8.493500
v -5.991490 14.498108 -7.995773
v -5.936699 14.502343 -7.496505
v -6.045152 14.493427 -7.007217
v -5.994600 14.477036 -6.475586
v -5.774067 14.497866 -6.018056
v -5.790069 14.582407 -5.498960
v -5.858337 14.474568 -5.048956
v -6.079191 14.510863 -4.504209
v -6.012079 14.502153 -3.978897
v -5.782700 14.500634 -3.520248
v -5.838086 14.508002 -0.399384
v -5.919790 14.499748 -0.004493
v -6.011488 14.500242 0.496498
v -6.116549 14.452646 1.053920
v -6.236137 14.603011 1.313260
v -6.220154 14.722720 2.213661
v -6.196270 14.671185 2.497262
v -6.063382 14.410141 2.983005
v -6.128659 14.486184 3.487309
v -6.193463 14.667290 3.998816
v -6.213313 14.702616 4.303539
v -6.249988 14.749943 5.249934
v -6.285897 14.569755 5.557826
v -5.967927 14.498575 6.054397
v -5.764597 14.300041 6.281077
v -6.158050 15.007862 -12.007058
v -6.199362 14.861202 -11.635923
v -6.124563 15.016387 -8.992013
v -6.077735 15.002843 -8.500229
v -5.991473 15.007085 -8.006599
v -5.986358 15.003647 -7.497254
v -6.059494 14.997023 -7.002760
v -6.027771 14.999879 -6.488336
v -5.840052 15.050194 -5.948199
v -5.802609 15.058958 -5.551014
v -5.866936 15.002492 -5.005129
v -5.884619 14.995077 -4.500656
v -5.918614 15.016845 -3.986592
v -5.784676 15.002250 -3.630845
v -5.757872 14.799987 -0.298881
v -5.847563 14.987764 -0.021060
v -5.983978 15.010530 0.487665
v -6.055071 15.010096 0.997610
v -6.177236 15.017213 1.495700
v -6.246950 15.005699 2.034304
v -6.083216 14.995591 2.483431
v -5.951980 15.008815 2.997220
v -6.057666 14.997424 3.484261
v -6.131528 15.004773 4.001382
v -6.176300 14.994605 4.473914
v -6.104467 14.976490 5.045730
v -5.897838 14.984407 5.482195
v -5.873159 14.882434 5.864861
v -6.187956 15.505528 -8.838344
v -6.203007 15.498191 -8.501381
v -6.151130 15.493087 -7.985668
v -6.004018 15.497876 -7.502519
v -6.022486 15.502139 -7.002258
v -5.997593 15.502927 -6.495590
v -5.859531 15.446214 -5.935741
v -5.697544 15.442101 -5.538100
v -5.786159 15.338225 -5.001883
v -5.754068 15.323900 -4.500548
v -5.803616 15.315700 -3.993282
v -5.750021 15.250310 -3.749393
v -5.797544 15.384318 0.167707
v -5.772661 15.415738 0.492862
v -5.803376 15.510395 1.016378
v -5.995909 15.509382 1.495110
v -6.070914 15.501458 2.000237
v -5.893170 15.501612 2.497626
v -5.862577 15.429062 2.999455
v -5.945865 15.568265 3.510471
v -5.881354 15.539899 4.032745
v -5.961463 15.480590 4.499531
v -5.838978 15.382812 5.003999
v -5.772488 15.293117 5.315239
v -6.249446 15.753634 -8.751782
v -6.298417 15.942141 -8.484903
v -6.077309 15.995195 -8.008762
v -6.063288 16.013498 -7.478495
v -5.971845 16.008982 -7.001325
v -5.883505 16.053224 -6.448541
v -5.844347 15.967610 -5.993712
v -5.791396 15.855656 -5.644141
v -5.781376 15.980449 1.003346
v -5.853021 16.002005 1.513972
v -5.944122 16.045240 2.063543
v -5.877496 15.886159 2.378898
v -5.771335 15.824583 3.685577
v -5.729543 15.797161 3.873113
v -6.572682 -0.407408 -11.998709
v -6.572349 -0.422186 -11.507374
v -6.570351 -0.428100 -10.997211
v -6.615781 -0.411976 -10.491893
v -6.606918 -0.388648 -9.992365
v -6.639238 -0.312994 -9.677296
v -6.377411 -0.285099 -2.415773
v -6.527236 -0.322851 -2.026337
v -6.501682 -0.397780 -1.501635
v -6.500001 -0.381470 -0.999991
v -6.500012 -0.353143 -0.499890
v -6.500029 -0.323812 -0.000014
v -6.499940 -0.308749 0.500039
v -6.498903 -0.317390 0.999444
v -6.489168 -0.306378 1.483429
v -6.656478 -0.291305 1.824044
v -6.498426 -0.285033 7.594910
v -6.532582 -0.304481 8.011268
v -6.515610 -0.331218 8.498619
v -6.499837 -0.339819 8.999970
v -6.475768 -0.340495 9.450803
v -6.571398 -0.401380 9.995296
v -6.564976 -0.425454 10.497001
v -6.457126 -0.444692 11.003898
v -6.474851 -0.545330 11.484324
v -6.407585 -0.543181 11.995884
v -6.333595 0.032398 -12.024111
v -6.363235 0.025481 -11.526657
v -6.332421 0.002611 -10.988839
v -6.368310 -0.007799 -10.492557
v -6.349335 -0.005952 -9.999269
v -6.373255 -0.249391 -9.426849
v -6.454498 0.033522 -9.046528
v -6.675557 0.150687 -7.926632
v -6.463822 -0.075017 -7.616456
v -6.496543 -0.190785 -6.997361
v -6.499858 -0.164591 -6.498910
v -6.499998 -0.162768 -6.000329
v -6.499645 -0.173773 -5.499776
v -6.499164 -0.156850 -4.998615
v -6.498925 -0.129882 -4.499492
v -6.499962 -0.087313 -3.999875
v -6.499528 -0.079398 -3.498999
v -6.498127 -0.139870 -2.997943
v -6.526096 -0.223794 -2.549250
v -6.709637 -0.241810 -2.207764
v -6.321917 -0.237679 1.636359
v -6.467980 -0.181242 2.028139
v -6.505631 0.143664 2.230009
v -6.697018 0.166276 6.648563
v -6.487635 0.053479 7.024029
v -6.464641 -0.181603 7.284342
v -6.312759 -0.204688 9.585151
v -6.318285 -0.183899 9.999727
v -6.343695 -0.170473 10.499675
v -6.337678 -0.195742 10.868665
v -6.365060 0.514509 -11.942502
v -6.482918 0.496666 -11.482801
v -6.358744 0.550366 -10.955199
v -6.300387 0.409255 -10.494491
v -6.203463 0.491565 -9.967491
v -6.251224 0.638017 -9.499181
v -6.334170 0.416468 -8.941511
v -6.512608 0.476718 -8.436599
v -6.631769 0.494639 -8.010232
v -6.400277 0.514844 -7.565075
v -6.500244 0.524826 2.359182
v -6.593674 0.495688 6.534754
v -6.292442 0.489882 6.859115
v -6.290222 1.000169 -11.813555
v -6.399477 1.001939 -11.502535
v -6.349884 0.957355 -10.958701
v -6.306249 1.079600 -10.502209
v -6.304855 1.011667 -9.960281
v -6.422416 0.986534 -9.500298
v -6.339321 1.016680 -9.004835
v -6.432587 1.000008 -8.499830
v -6.431969 1.002986 -8.002028
v -6.302149 0.997699 -7.665257
v -6.466576 1.013806 2.494189
v -6.731995 1.118201 6.215128
v -6.499804 0.984371 6.483552
v -6.294693 0.854859 6.813117
v -6.265507 1.270971 -11.775319
v -6.360983 1.413127 -11.526571
v -6.408091 1.570593 -11.054492
v -6.439730 1.499784 -10.499755
v -6.575647 1.483700 -10.014841
v -6.562972 1.501132 -9.502210
v -6.421039 1.504763 -9.015319
v -6.436335 1.501573 -8.501527
v -6.327253 1.477587 -7.992060
v -6.257583 1.291200 -7.722894
v -6.522845 1.498402 2.659903
v -6.414089 1.574490 2.902482
v -6.641133 1.662711 3.673369
v -6.628716 1.634423 4.012041
v -6.684177 1.699430 4.351306
v -6.751353 1.500260 6.190562
v -6.443077 1.500314 6.422075
v -6.371674 1.999791 -10.953349
v -6.645785 2.019725 -10.475243
v -6.751554 1.896357 -10.010972
v -6.698547 1.982310 -9.514730
v -6.515395 2.004953 -9.006274
v -6.423390 2.002564 -8.493060
v -6.255907 2.041630 -7.998593
v -6.254057 2.240113 -7.741881
v -6.734760 1.781059 2.733826
v -6.584996 1.968613 3.024748
v -6.673310 1.822417 3.678587
v -6.712644 1.961512 4.024365
v -6.626262 1.946437 4.509607
v -6.636110 2.056206 5.017628
v -6.730970 2.165700 5.333099
v -6.673298 2.022773 6.110676
v -6.343241 2.015293 6.500590
v -6.281888 2.183854 6.798362
v -6.369706 2.504088 -10.905677
v -6.660888 2.499696 -10.538513
v -6.749919 2.720612 -9.781270
v -6.646795 2.531969 -9.540336
v -6.485294 2.489387 -9.013968
v -6.387679 2.496878 -8.505106
v -6.313385 2.509505 -7.996504
v -6.307526 2.503061 -7.542399
v -6.307404 2.658030 -6.999838
v -6.301114 2.687759 -6.650008
v -6.492499 2.375418 3.160603
v -6.497769 2.620967 3.319576
v -6.719479 2.377034 4.193637
v -6.610388 2.540363 4.441511
v -6.552312 2.496979 5.003532
v -6.718601 2.529770 5.482190
v -6.599017 2.486196 5.979265
v -6.436931 2.498095 6.506179
v -6.356363 2.511214 6.883812
v -6.304027 3.164753 -11.999177
v -6.343096 3.068869 -11.502638
v -6.408135 2.970377 -11.025894
v -6.687672 2.975465 -10.473904
v -6.684454 2.964866 -9.970344
v -6.647242 2.999947 -9.470895
v -6.453936 3.021930 -8.996438
v -6.458214 3.016775 -8.488486
v -6.499238 2.994407 -7.967624
v -6.374670 2.997562 -7.485690
v -6.519416 2.982162 -7.029516
v -6.400318 2.969716 -6.469676
v -6.343335 3.087768 -5.999728
v -6.335764 3.143470 -5.668688
v -6.499117 3.000624 3.414427
v -6.633974 3.001577 4.515803
v -6.454248 3.001672 4.994800
v -6.469874 2.999741 5.501678
v -6.531089 2.997475 5.998147
v -6.482747 2.963054 6.532804
v -6.263382 3.007309 6.835415
v -6.548841 3.546818 -11.973707
v -6.641158 3.408738 -11.497070
v -6.612218 3.469709 -10.993954
v -6.708818 3.523266 -10.525188
v -6.560637 3.508782 -9.994602
v -6.626370 3.499435 -9.498031
v -6.674146 3.505465 -9.015101
v -6.637775 3.522712 -8.502790
v -6.603558 3.499956 -7.999808
v -6.598020 3.478536 -7.494222
v -6.565829 3.503367 -6.995417
v -6.567472 3.489477 -6.490208
v -6.519494 3.532613 -5.975230
v -6.277447 3.546799 -5.531861
v -6.240241 3.746967 -5.118054
v -6.748054 3.733075 2.735753
v -6.747494 3.735215 2.766030
v -6.589555 3.598038 3.429774
v -6.690705 3.693730 3.867955
v -6.641685 3.505406 4.532380
v -6.451899 3.502080 4.983566
v -6.312615 3.449940 5.555223
v -6.576069 3.496592 5.967925
v -6.398688 3.520601 6.547437
v -6.284219 3.360681 6.824161
v -6.732384 3.886714 -10.381399
v -6.676037 4.040092 -10.010715
v -6.724423 3.999164 -9.516608
v -6.723851 3.836915 -9.172616
v -6.699911 3.812861 -8.334511
v -6.661530 3.845845 -8.005339
v -6.730388 3.841348 -7.495148
v -6.707684 3.998073 -6.983843
v -6.638430 3.999557 -6.474648
v -6.359910 3.997374 -6.018944
v -6.347946 4.005895 -5.505415
v -6.306071 3.953302 -4.966400
v -6.295240 4.095566 -4.681160
v -6.507219 3.959216 2.482315
v -6.527195 3.670039 2.997944
v -6.487012 3.977441 3.440103
v -6.703543 4.032298 4.024134
v -6.772812 4.023005 4.485932
v -6.601986 4.002451 5.021965
v -6.480626 4.005379 5.500683
v -6.518513 4.042492 6.005246
v -6.341646 4.011150 6.388605
v -6.725554 4.500646 -9.860019
v -6.744419 4.499524 -9.690769
v -6.738485 4.335739 -6.800846
v -6.612680 4.510047 -6.548324
v -6.478994 4.496762 -5.994180
v -6.396507 4.490672 -5.507770
v -6.409586 4.493052 -4.998917
v -6.270082 4.537155 -4.512753
v -6.265109 4.727286 -4.090389
v -6.362141 4.626631 1.990789
v -6.631078 4.349435 2.254402
v -6.747687 4.253045 3.745095
v -6.758197 4.448638 4.024721
v -6.706097 4.523093 4.504983
v -6.504773 4.491988 4.995641
v -6.515631 4.505870 5.502536
v -6.395252 4.500140 6.001494
v -6.280951 4.499381 6.296931
v -6.715835 4.781554 -9.790232
v -6.735685 4.783259 -9.725501
v -6.739092 5.158343 -6.786351
v -6.679539 4.998434 -6.518240
v -6.457863 5.002492 -5.995727
v -6.315806 4.991491 -5.522933
v -6.254701 4.783433 -5.002773
v -6.274233 4.775154 -4.499559
v -6.264441 4.762430 -4.089928
v -6.388261 4.944378 2.145463
v -6.518790 5.011113 2.456247
v -6.661383 5.150359 2.992094
v -6.729632 5.176936 3.502779
v -6.731031 5.017644 4.028051
v -6.507394 4.990553 4.479575
v -6.365672 4.998631 5.002311
v -6.400934 5.000862 5.500760
v -6.319423 4.997375 5.997102
v -6.273940 4.999988 6.295058
v -6.705424 5.716279 -7.866628
v -6.779367 5.727511 -7.496190
v -6.749480 5.547453 -6.952534
v -6.479807 5.491761 -6.521870
v -6.307836 5.497250 -5.995631
v -6.256605 5.328927 -5.709493
v -6.274385 5.496857 2.659561
v -6.489496 5.510268 2.986065
v -6.613712 5.501809 3.501310
v -6.587049 5.499564 4.000129
v -6.428021 5.495550 4.472920
v -6.355855 5.498881 4.997996
v -6.301883 5.502738 5.498441
v -6.263524 5.338305 5.999780
v -6.276622 5.284150 6.275417
v -6.746968 6.130643 -8.261047
v -6.677132 5.975006 -8.029873
v -6.638002 6.003626 -7.497864
v -6.498158 5.983832 -7.003430
v -6.287604 5.976058 -6.514104
v -6.278722 5.826609 -6.156401
v -6.233744 5.999512 2.723280
v -6.344058 5.999595 3.004657
v -6.517225 6.004750 3.496681
v -6.565259 6.000147 3.998896
v -6.490051 6.003886 4.492320
v -6.467260 5.974344 5.010819
v -6.335549 5.990486 5.425221
v -6.735084 6.733520 -11.797037
v -6.693468 6.682884 -11.501834
v -6.720659 6.695909 -11.000948
v -6.730570 6.720417 -10.625649
v -6.762938 6.745212 -9.372918
v -6.702703 6.695621 -9.002322
v -6.748450 6.539130 -8.453217
v -6.655860 6.500490 -7.996364
v -6.573217 6.501451 -7.491978
v -6.423233 6.498806 -6.993363
v -6.312170 6.498565 -6.602913
v -6.265576 6.316776 2.727886
v -6.307032 6.492749 2.973210
v -6.484022 6.501436 3.481580
v -6.625738 6.491894 3.981580
v -6.605198 6.487023 4.516193
v -6.501485 6.504986 5.004889
v -6.357531 6.500672 5.471796
v -6.616174 6.986916 -11.976259
v -6.568923 6.997337 -11.496848
v -6.617675 6.998723 -10.999562
v -6.656176 6.953323 -10.474870
v -6.608686 7.012742 -9.998483
v -6.602139 6.953748 -9.526724
v -6.529317 7.005203 -8.998923
v -6.536595 7.025265 -8.496171
v -6.487874 7.002129 -8.000021
v -6.368772 7.028853 -7.482718
v -6.326846 6.913968 -7.000344
v -6.302650 6.840036 -6.653120
v -6.278648 6.815659 3.122640
v -6.327108 6.988321 3.519314
v -6.498127 7.027264 4.002292
v -6.567712 7.013320 4.486855
v -6.500869 6.998615 5.004172
v -6.353577 6.969668 5.543685
v -6.275208 7.123722 5.844899
v -6.256888 7.507139 -12.017780
v -6.354445 7.513430 -11.466772
v -6.413536 7.565696 -11.015863
v -6.432874 7.500861 -10.497229
v -6.332592 7.432203 -10.006514
v -6.291925 7.382059 -9.499737
v -6.244542 7.332374 -9.013353
v -6.272909 7.334945 -8.499047
v -6.298856 7.336958 -7.999900
v -6.293158 7.314086 -7.634028
v -6.245774 7.504260 3.638352
v -6.300392 7.493568 4.001895
v -6.481901 7.505542 4.480712
v -6.533295 7.496523 5.002954
v -6.433695 7.500434 5.512969
v -6.255147 7.494552 5.931210
v -6.247178 7.808614 -11.275962
v -6.253161 7.809656 -11.195434
v -6.263748 8.164402 3.211926
v -6.324600 7.995063 3.484014
v -6.346274 8.010079 3.996616
v -6.503497 7.995021 4.487222
v -6.528518 8.000870 4.996042
v -6.473317 7.991880 5.506295
v -6.286484 8.004880 5.956199
v -6.338534 8.480260 -11.992561
v -6.301081 8.589563 -11.500669
v -6.296935 8.644922 -11.160438
v -6.242542 8.745658 -9.766658
v -6.358394 8.615907 -9.523385
v -6.329926 8.615488 -8.985876
v -6.259163 8.722447 -8.738097
v -6.323694 8.504661 3.102311
v -6.434725 8.510385 3.508231
v -6.529835 8.510086 4.002538
v -6.690026 8.466060 4.479888
v -6.608072 8.499959 5.000189
v -6.510811 8.504885 5.524503
v -6.295278 8.497823 5.934946
v -6.468628 9.011442 -11.983233
v -6.351595 8.999877 -11.498078
v -6.248438 9.046114 -11.008482
v -6.255908 9.229197 -10.740572
v -6.245879 8.762040 -9.769398
v -6.401564 8.871245 -9.540200
v -6.315895 8.855088 -8.987461
v -6.258457 8.761189 -8.738369
v -6.260621 9.230694 2.224012
v -6.397820 9.090215 2.450670
v -6.548811 8.884578 2.932042
v -6.653074 8.992913 3.496105
v -6.746767 8.996660 4.028678
v -6.796611 8.864277 4.498358
v -6.695404 8.974251 4.992765
v -6.453234 9.000761 5.494337
v -6.260462 9.027357 6.027706
v -6.255587 9.202802 6.270729
v -6.354412 9.498712 -12.000599
v -6.345944 9.543792 -11.481922
v -6.307777 9.376431 -10.993054
v -6.265255 9.297438 -10.739174
v -6.297350 9.503342 2.150443
v -6.485352 9.499549 2.514337
v -6.708513 9.495855 2.998538
v -6.666775 9.535310 3.514703
v -6.707704 9.383206 3.897924
v -6.712623 9.505432 5.120847
v -6.502635 9.499956 5.500787
v -6.324437 9.499736 6.000649
v -6.258306 9.500023 6.362840
v -6.254082 9.738228 7.734831
v -6.257753 9.729410 7.999997
v -6.268094 9.729261 8.324434
v -6.268454 9.912824 -12.001084
v -6.230770 10.016570 -11.511722
v -6.310138 10.103422 -11.006456
v -6.288881 10.159930 -10.694414
v -6.259521 10.138527 -9.828292
v -6.309268 10.108925 -9.498600
v -6.298270 10.175844 -9.094899
v -6.406754 10.014636 2.044227
v -6.506205 9.999544 2.501222
v -6.783289 9.974956 3.002886
v -6.715921 9.793305 3.348849
v -6.733348 9.992950 5.157636
v -6.530524 10.000341 5.498112
v -6.337787 9.999946 6.000743
v -6.230601 9.999261 6.398549
v -6.300813 9.994040 7.656594
v -6.358519 9.983934 7.996157
v -6.345101 9.957732 8.505161
v -6.318893 10.121384 8.844452
v -6.278098 10.297336 -11.372186
v -6.297654 10.329576 -10.997944
v -6.249820 10.298378 -10.702503
v -6.312095 10.495841 -9.892680
v -6.411416 10.513207 -9.501420
v -6.322742 10.510293 -9.070321
v -6.255294 10.711685 1.715823
v -6.217142 10.528938 1.974562
v -6.384368 10.498387 2.517565
v -6.650525 10.502013 2.900256
v -6.705256 10.682468 4.619188
v -6.682848 10.523626 5.025928
v -6.484980 10.501905 5.502606
v -6.300463 10.464230 6.023285
v -6.259697 10.451640 6.505775
v -6.267090 10.630243 6.803686
v -6.268735 10.324251 7.663711
v -6.335292 10.510604 8.019185
v -6.332794 10.553691 8.538595
v -6.280419 10.411998 8.835314
v -6.302020 10.843023 -9.851160
v -6.303286 10.859786 -9.499390
v -6.270384 10.804644 -9.187721
v -6.311470 10.996572 1.677918
v -6.288312 11.000616 1.998845
v -6.354516 10.992210 2.518790
v -6.689926 11.045809 2.983155
v -6.768586 11.230074 3.500136
v -6.710694 11.138772 4.002295
v -6.566430 10.932539 4.435655
v -6.464366 10.993680 5.000385
v -6.349695 10.997863 5.511122
v -6.265927 10.826905 5.870434
v -6.269470 10.766345 6.691374
v -6.256354 10.764530 6.802069
v -6.263725 10.770053 8.218199
v -6.268967 10.772463 8.395234
v -6.266891 11.499483 1.639253
v -6.379353 11.500328 2.000441
v -6.477939 11.504859 2.499982
v -6.574060 11.492530 3.016222
v -6.706773 11.503303 3.500469
v -6.588813 11.497936 3.999689
v -6.438693 11.496250 4.488932
v -6.317824 11.483893 5.001644
v -6.281022 11.491196 5.348543
v -6.301577 11.999660 1.631086
v -6.509516 11.991695 1.989093
v -6.596400 11.997451 2.501271
v -6.609873 11.999662 3.002627
v -6.633377 12.003768 3.508655
v -6.476871 11.999950 3.998164
v -6.380091 12.009846 4.480681
v -6.378630 11.998945 4.999819
v -6.314579 12.018706 5.474362
v -6.278256 12.196630 5.863803
v -6.259941 12.741874 0.718021
v -6.254086 12.743144 0.795499
v -6.268617 12.509027 1.636121
v -6.555331 12.489290 1.970657
v -6.572077 12.504001 2.496656
v -6.601918 12.504959 2.998861
v -6.591471 12.518399 3.510648
v -6.623636 12.490880 4.001258
v -6.475449 12.504073 4.490455
v -6.443328 12.501506 4.999163
v -6.445240 12.498532 5.496678
v -6.336850 12.502503 6.030103
v -6.265343 12.676570 6.313402
v -6.267800 12.790792 0.719061
v -6.250206 12.948587 0.954095
v -6.370257 12.979906 1.474702
v -6.623388 13.001135 1.967279
v -6.633149 13.000218 2.500423
v -6.679576 13.003953 2.995114
v -6.741131 12.990918 3.518197
v -6.730245 12.990898 3.983502
v -6.529018 13.008842 4.489802
v -6.499085 13.000242 5.000215
v -6.461304 13.001732 5.502684
v -6.361940 13.000690 6.005987
v -6.268278 12.999856 6.326944
v -6.256180 13.724902 0.743115
v -6.384232 13.518587 0.936340
v -6.631755 13.495646 1.509076
v -6.651747 13.500503 1.994504
v -6.562986 13.497813 2.489165
v -6.547499 13.494417 3.002536
v -6.661527 13.477431 3.519454
v -6.785027 13.491230 3.990095
v -6.670014 13.491694 4.506333
v -6.500555 13.504185 4.992568
v -6.408884 13.500376 5.503157
v -6.278278 13.470360 5.985835
v -6.281009 13.294003 6.297848
v -6.252445 13.753718 0.745898
v -6.328964 13.964850 1.039144
v -6.545591 14.002964 1.481512
v -6.621338 14.002177 2.012765
v -6.541914 14.011334 2.504204
v -6.349632 14.035716 3.037782
v -6.382744 14.041919 3.460985
v -6.469811 13.974306 4.023404
v -6.684109 13.999822 4.484056
v -6.540795 14.000484 5.003465
v -6.347505 14.038341 5.541376
v -6.292127 13.894827 5.820829
v -6.275355 14.695695 -11.303446
v -6.329433 14.622808 -11.001205
v -6.323971 14.550223 -10.500040
v -6.355876 14.508909 -9.997926
v -6.285977 14.632334 -9.497230
v -6.251173 14.744804 -9.247442
v -6.251411 14.259832 1.246244
v -6.417470 14.483273 1.450656
v -6.387669 14.530965 2.025294
v -6.404709 14.473895 2.497319
v -6.261469 14.317958 2.878538
v -6.296624 14.352610 3.597389
v -6.329883 14.411805 4.002289
v -6.467793 14.587414 4.431432
v -6.431053 14.560581 5.068919
v -6.325014 14.418179 5.404328
v -6.305996 15.183670 -11.842578
v -6.307554 15.017976 -11.480592
v -6.416210 15.001614 -11.002415
v -6.440043 15.000760 -10.500715
v -6.386082 15.007396 -9.999329
v -6.400613 14.982078 -9.485247
v -6.282015 14.999106 -9.198369
v -6.280311 14.851703 1.673012
v -6.267936 14.849383 1.879688
v -6.329778 14.836610 4.613589
v -6.338228 14.842218 4.930265
v -6.347103 15.504593 -11.922384
v -6.515096 15.485084 -11.495660
v -6.483381 15.514174 -10.994780
v -6.579584 15.496431 -10.502574
v -6.617937 15.482671 -9.991337
v -6.478882 15.493479 -9.472084
v -6.219880 15.512538 -9.133666
v -6.447177 15.976423 -12.089593
v -6.671310 16.003665 -11.498370
v -6.658534 16.032917 -11.003893
v -6.757108 15.998925 -10.480084
v -6.651808 15.999336 -9.998556
v -6.563726 16.002956 -9.478063
v -6.306346 15.955787 -8.955468
v -6.995101 -0.599612 -11.996646
v -6.995470 -0.593496 -11.499656
v -6.994872 -0.581421 -10.997321
v -6.997423 -0.532717 -10.499104
v -6.996985 -0.488700 -9.969446
v -7.002743 -0.296531 -9.675728
v -6.863807 -0.283131 -1.875470
v -7.019865 -0.312220 -1.504965
v -7.001175 -0.358946 -1.000542
v -7.000037 -0.348600 -0.499946
v -7.000428 -0.341401 0.000569
v -7.000366 -0.325242 0.499938
v -7.000196 -0.315230 1.000183
v -7.041742 -0.303907 1.538633
v -6.900452 -0.279251 1.821460
v -7.232230 -0.257925 6.707171
v -7.126320 -0.277415 6.999078
v -6.960268 -0.326841 7.458892
v -7.000137 -0.377456 7.998548
v -7.000008 -0.372338 8.499990
v -7.000055 -0.377878 9.000520
v -6.999987 -0.410151 9.499996
v -7.000147 -0.434689 10.000278
v -7.000046 -0.465170 10.500086
v -6.999954 -0.520348 10.999894
v -6.999837 -0.602069 11.499556
v -6.998972 -0.674405 11.998967
v -6.993015 -0.082786 -9.464581
v -6.983748 0.196030 -9.163599
v -6.992342 0.232628 -7.821582
v -6.985678 0.025404 -7.466889
v -6.996518 -0.226934 -6.998924
v -7.001573 -0.181538 -6.500371
v -7.000061 -0.180915 -6.000029
v -6.999973 -0.171878 -5.499878
v -6.999597 -0.130611 -5.000795
v -6.999443 -0.104423 -4.500002
v -7.000214 -0.079957 -4.000835
v -6.999976 -0.063275 -3.500011
v -6.997066 -0.063372 -2.999171
v -6.996922 -0.117556 -2.497755
v -7.017404 -0.208277 -2.024549
v -7.196742 -0.241211 -1.673455
v -7.232716 -0.250830 1.728320
v -7.043321 -0.223034 2.004603
v -6.888155 0.048379 2.500260
v -7.265440 0.230069 4.684864
v -7.162453 0.138782 4.993957
v -7.142353 0.118245 5.498608
v -7.008325 0.072227 5.977252
v -6.925285 -0.148368 6.470401
v -6.864108 -0.226300 6.993696
v -6.767450 -0.251485 7.267851
v -6.996031 0.359239 -8.900401
v -6.996229 0.348192 -8.480583
v -7.003249 0.309165 -8.084219
v -7.013144 0.492380 2.491751
v -7.234457 0.676988 3.668391
v -7.181141 0.603961 3.998603
v -7.230705 0.496662 4.511403
v -6.937573 0.474054 4.949568
v -6.986543 0.505989 5.492801
v -6.976420 0.493566 6.032426
v -6.825671 0.512825 6.330253
v -7.045878 1.039433 2.536227
v -7.166968 1.084290 3.002405
v -7.259161 0.998779 3.508632
v -7.158164 1.007640 3.984504
v -7.159120 0.999039 4.515956
v -6.974428 1.000096 4.998462
v -6.928688 0.999335 5.496065
v -6.901687 0.968431 6.075421
v -6.757632 0.784254 6.258814
v -6.880873 1.518246 2.569290
v -7.106558 1.458644 2.999524
v -6.852954 1.480884 3.460437
v -6.851427 1.390680 4.008780
v -6.803977 1.487637 4.518829
v -6.936148 1.518335 5.004287
v -6.830740 1.478137 5.502778
v -6.920529 1.542171 5.901869
v -6.759332 2.234918 -10.264929
v -6.802893 2.154491 -10.002860
v -6.829163 2.144183 -9.687694
v -6.750761 1.789434 2.709516
v -6.718419 2.004001 2.858041
v -6.942990 1.900041 3.580503
v -6.869788 2.094104 3.903853
v -6.753544 1.771337 4.687351
v -6.785800 1.839662 4.999105
v -6.775800 2.000347 5.502288
v -6.801399 2.002340 5.839514
v -6.770506 2.499770 -10.281263
v -6.847468 2.539085 -9.961258
v -6.783251 2.389670 -9.698287
v -6.889077 2.460718 3.084316
v -6.995328 2.741434 3.359051
v -6.855647 2.522418 4.034559
v -6.759363 2.710484 4.266420
v -6.814406 2.308240 5.670064
v -6.795433 2.305287 5.792676
v -6.778103 2.782854 -10.278357
v -6.786348 2.787428 -10.113223
v -6.980377 3.018507 3.375593
v -6.907084 2.995441 4.029624
v -6.759191 3.000199 4.264592
v -6.758986 3.719798 -11.798193
v -6.873419 3.639757 -11.504708
v -6.741173 3.714417 -11.002932
v -6.769167 3.720643 -10.723710
v -6.821742 3.670544 -8.838575
v -6.784217 3.689162 -8.658113
v -6.756626 3.740161 2.735685
v -6.755026 3.742292 2.765609
v -6.864155 3.426546 3.602771
v -6.871106 3.566056 4.019186
v -6.773713 3.497833 4.293154
v -6.796505 4.004420 -11.903605
v -7.007722 3.951883 -11.517932
v -6.895141 4.010104 -11.005405
v -6.825607 4.027777 -10.526394
v -6.747244 4.226949 -10.186217
v -6.806451 4.164018 -9.365398
v -6.891554 3.984465 -9.046137
v -6.868712 3.954776 -8.481692
v -6.814009 4.074953 -7.999664
v -6.796980 4.101292 -7.501215
v -6.790424 4.164310 -7.137385
v -6.838088 4.003777 2.659275
v -6.821902 3.995947 2.965472
v -6.736358 4.197372 3.395577
v -6.787890 3.890406 4.192249
v -6.781334 3.888027 4.299895
v -6.864250 4.458841 -12.042927
v -7.056575 4.507067 -11.507994
v -7.086218 4.489314 -10.995176
v -6.942500 4.488100 -10.473863
v -6.763381 4.500250 -10.111708
v -6.812820 4.499050 -9.444445
v -6.897795 4.500275 -8.997788
v -7.022997 4.492910 -8.495008
v -6.943608 4.502516 -7.998190
v -6.937945 4.499490 -7.499970
v -6.879768 4.485252 -6.956185
v -6.760471 4.671165 -6.716503
v -6.847597 4.486529 2.550681
v -6.929338 4.478822 3.011893
v -6.818220 4.448619 3.548410
v -6.814041 4.580823 3.868802
v -7.070560 4.997037 -12.007992
v -7.158106 4.978004 -11.492904
v -7.072842 5.002583 -10.999408
v -6.929189 5.004221 -10.491675
v -6.715722 4.971504 -9.985710
v -6.863674 4.960838 -9.547551
v -6.960836 5.000076 -8.999830
v -7.073433 5.024388 -8.499432
v -6.958082 5.006061 -7.998124
v -7.033451 5.031777 -7.505265
v -6.850959 4.995008 -6.970034
v -6.775749 4.821952 -6.708683
v -6.804373 4.815557 2.595577
v -6.863473 4.925450 2.987704
v -6.867452 4.934410 3.513861
v -6.811111 4.843992 3.867365
v -7.079353 5.508059 -11.985336
v -7.319738 5.513586 -11.502091
v -7.060733 5.506446 -11.025715
v -6.930174 5.500161 -10.500168
v -6.849791 5.504680 -9.998822
v -6.992177 5.501939 -9.515483
v -7.047520 5.490750 -8.997653
v -6.936125 5.501096 -8.489566
v -6.710901 5.519616 -8.031508
v -6.872440 5.469743 -7.507638
v -6.828028 5.391200 -7.115021
v -7.190292 6.001668 -11.996964
v -7.187973 6.009121 -11.493568
v -7.063190 5.999990 -11.000183
v -6.968222 6.000815 -10.488392
v -6.873365 5.998264 -9.996939
v -6.978532 6.010453 -9.509145
v -7.053256 6.029712 -9.006456
v -6.881725 5.981132 -8.427043
v -6.734690 5.796549 -8.217741
v -6.955728 6.566640 -11.969045
v -6.925514 6.462080 -11.496642
v -6.895230 6.455680 -11.001467
v -6.836170 6.539895 -10.476285
v -6.821956 6.500335 -9.999960
v -6.873476 6.560455 -9.525473
v -6.830778 6.454888 -8.999657
v -6.851818 6.399443 -8.583475
v -6.758903 6.760409 -10.293156
v -6.746698 6.754741 -10.000636
v -6.758383 6.756692 -9.711853
v -6.761615 9.171221 4.225399
v -6.759951 9.107963 4.500103
v -6.790345 9.134731 4.805305
v -6.740589 9.721341 3.688088
v -6.753729 9.532691 4.038566
v -6.813624 9.497301 4.499133
v -6.819445 9.502877 4.857782
v -6.791358 10.118406 3.190723
v -6.769386 9.983722 3.519621
v -6.869354 9.997321 4.000407
v -6.888297 10.000780 4.497006
v -6.853916 9.990069 4.914601
v -6.811134 10.499905 3.154394
v -6.973892 10.504201 3.479101
v -6.938559 10.510693 4.014754
v -6.825859 10.514290 4.474243
v -6.819905 10.361105 4.868085
v -6.827377 10.894416 3.172239
v -6.841766 10.976674 3.501224
v -6.796238 10.886141 3.999703
v -6.753265 10.774183 4.283532
v -6.774243 13.152950 3.705654
v -6.777640 13.152164 3.790168
v -6.780770 13.287795 3.702939
v -6.790651 13.286146 3.787953
v -7.500008 -0.641249 -12.000009
v -7.501635 -0.609402 -11.499772
v -7.499540 -0.620930 -10.999780
v -7.499930 -0.575667 -10.499934
v -7.491126 -0.508314 -9.984476
v -7.490557 -0.336598 -9.659360
v -7.743178 -0.250886 -7.252098
v -7.697086 -0.283994 -7.002732
v -7.689412 -0.253046 -6.702725
v -7.310963 -0.269673 -1.339853
v -7.374803 -0.296749 -1.001168
v -7.443584 -0.302566 -0.500581
v -7.458412 -0.289460 0.000418
v -7.431097 -0.278121 0.500004
v -7.414334 -0.268846 0.999738
v -7.353268 -0.277219 1.394646
v -7.499912 -0.263777 6.643755
v -7.500268 -0.296075 7.000583
v -7.499158 -0.360591 7.499465
v -7.499913 -0.389687 7.999899
v -7.499224 -0.412917 8.499931
v -7.501056 -0.413612 9.000453
v -7.499065 -0.455988 9.499753
v -7.500168 -0.464342 10.000146
v -7.500608 -0.487887 10.500617
v -7.500484 -0.547170 11.001619
v -7.499826 -0.639261 11.499653
v -7.499728 -0.706109 11.999571
v -7.468123 0.071891 -9.443692
v -7.297108 0.240363 -9.237749
v -7.500119 0.191272 -7.832483
v -7.596303 -0.047861 -7.415319
v -7.445320 -0.270015 -7.002427
v -7.513678 -0.231068 -6.521673
v -7.499997 -0.211482 -5.999626
v -7.499997 -0.167622 -5.500009
v -7.499692 -0.112382 -5.000876
v -7.500155 -0.101327 -4.500004
v -7.499900 -0.098232 -3.999938
v -7.500173 -0.068607 -3.500490
v -7.501484 -0.042829 -3.000655
v -7.497597 -0.032741 -2.498594
v -7.498393 -0.109751 -1.997734
v -7.487455 -0.204739 -1.504564
v -7.621704 -0.219076 -1.000125
v -7.692410 -0.238813 -0.500422
v -7.707265 -0.241101 -0.000110
v -7.681230 -0.239357 0.500001
v -7.664913 -0.237356 0.999988
v -7.513177 -0.244343 1.538503
v -7.499738 -0.161426 1.999609
v -7.445583 -0.081985 2.551558
v -7.481712 -0.082812 2.990666
v -7.485086 -0.108031 3.495764
v -7.464647 -0.131118 3.989055
v -7.345324 -0.138048 4.495661
v -7.475713 -0.166573 4.998968
v -7.495874 -0.154552 5.499982
v -7.498973 -0.190845 5.996407
v -7.499919 -0.236862 6.393295
v -7.629991 0.301351 -9.299021
v -7.469000 0.435031 -9.068953
v -7.480866 0.487916 -8.491051
v -7.500681 0.313975 -8.079071
v -7.288712 0.501208 2.709718
v -7.321363 0.501384 3.003035
v -7.287553 0.505834 3.500793
v -7.221546 0.351431 3.999416
v -7.292132 0.303223 4.334424
v -7.296366 0.800756 2.716097
v -7.304132 0.824801 3.001798
v -7.294113 0.792732 3.336170
v -8.000632 -0.690880 -12.000126
v -7.999312 -0.680067 -11.499854
v -7.999933 -0.657049 -10.998731
v -8.000012 -0.595431 -10.499030
v -8.000299 -0.525084 -9.999353
v -8.010839 -0.432251 -9.441330
v -8.210398 -0.282643 -9.210012
v -8.217177 -0.262480 -7.819927
v -8.027224 -0.284378 -7.451739
v -7.998225 -0.312382 -6.999654
v -7.999325 -0.260877 -6.522411
v -8.163797 -0.262183 -6.149595
v -8.196667 -0.252457 6.184189
v -8.017867 -0.266983 6.490520
v -7.999848 -0.302917 7.001730
v -7.999916 -0.388782 7.498646
v -7.999835 -0.420247 7.999907
v -8.000069 -0.430813 8.500287
v -8.000503 -0.462950 9.000608
v -7.998513 -0.514867 9.499050
v -7.999906 -0.502251 10.000046
v -8.000873 -0.511923 10.501511
v -8.000689 -0.577358 11.001189
v -7.999960 -0.666808 11.498004
v -8.034911 -0.717744 12.046109
v -7.915774 0.014636 -9.381860
v -8.134154 0.023897 -9.033679
v -8.147345 0.123826 -8.487790
v -7.953015 -0.071837 -8.040285
v -7.856563 -0.184256 -7.603611
v -7.831370 -0.233628 -6.369864
v -7.998421 -0.229956 -5.989765
v -7.999567 -0.188742 -5.495731
v -8.001737 -0.131549 -4.998285
v -7.997929 -0.136906 -4.499116
v -7.999036 -0.127104 -3.999562
v -7.999966 -0.101297 -3.499984
v -7.999243 -0.097685 -2.999559
v -8.003006 -0.053684 -2.501195
v -7.999902 -0.062252 -1.998561
v -7.998099 -0.100286 -1.498526
v -7.995444 -0.123526 -0.999202
v -7.998520 -0.172486 -0.498750
v -7.998935 -0.194870 -0.000158
v -7.999624 -0.198404 0.499986
v -7.999359 -0.196035 1.000022
v -7.999426 -0.178865 1.499550
v -8.000454 -0.133545 1.998339
v -8.002535 -0.113450 2.500916
v -7.999319 -0.148874 2.999865
v -7.999368 -0.174818 3.499621
v -7.999312 -0.200380 3.999889
v -7.998781 -0.215735 4.499908
v -8.000260 -0.192312 4.999812
v -8.000594 -0.195503 5.500305
v -8.017810 -0.232426 6.010311
v -7.863355 -0.242475 6.318038
v -7.792214 0.290026 -9.287557
v -7.898022 0.347200 -9.009061
v -7.888524 0.374459 -8.472599
v -7.764292 0.252885 -8.192876
v -8.593746 -0.770416 -11.999873
v -8.685737 -0.757950 -11.701829
v -8.343888 -0.740364 -11.999961
v -8.510995 -0.725455 -11.520481
v -8.500469 -0.641833 -11.001813
v -8.499901 -0.595189 -10.499261
v -8.499943 -0.537265 -9.999784
v -8.496399 -0.520497 -9.499519
v -8.484016 -0.388996 -9.015179
v -8.576607 -0.373655 -8.503593
v -8.467614 -0.342776 -7.992298
v -8.491349 -0.409812 -7.502041
v -8.497832 -0.379141 -6.998254
v -8.499629 -0.323612 -6.499853
v -8.500113 -0.304816 -6.137281
v -8.669873 -0.260585 4.160316
v -8.651910 -0.256441 4.500006
v -8.653288 -0.260414 4.999991
v -8.609434 -0.276111 5.500122
v -8.485972 -0.252445 6.010790
v -8.499962 -0.278553 6.499944
v -8.500167 -0.317853 7.001128
v -8.499470 -0.406485 7.498624
v -8.499843 -0.444581 7.999916
v -8.500226 -0.468538 8.500140
v -8.500105 -0.499749 9.000310
v -8.499522 -0.542359 9.500017
v -8.499384 -0.540623 9.999942
v -8.500125 -0.544101 10.500995
v -8.499851 -0.612988 10.999393
v -8.500151 -0.661389 11.500504
v -8.500510 -0.716349 11.931524
v -8.353390 -0.108550 -8.888908
v -8.316046 -0.162510 -8.506807
v -8.270829 -0.236489 -8.153961
v -8.515688 -0.203127 -5.873214
v -8.535280 0.020418 -5.502300
v -8.413746 0.084337 -5.000908
v -8.553557 0.035234 -4.523297
v -8.516445 -0.120658 -4.001965
v -8.499204 -0.142404 -3.500229
v -8.500546 -0.126937 -3.000183
v -8.500291 -0.115173 -2.500098
v -8.501688 -0.090189 -2.000516
v -8.500908 -0.097538 -1.499694
v -8.501565 -0.099069 -0.999736
v -8.499647 -0.131562 -0.499265
v -8.499838 -0.155181 0.000215
v -8.499945 -0.166142 0.500300
v -8.500192 -0.171949 1.000115
v -8.499757 -0.185760 1.499944
v -8.499870 -0.178785 2.000001
v -8.498628 -0.193740 2.499609
v -8.499630 -0.203140 2.999610
v -8.499814 -0.218317 3.499932
v -8.501359 -0.248399 3.995654
v -8.401851 -0.240181 4.500067
v -8.403515 -0.232399 5.000042
v -8.359339 -0.247294 5.499869
v -8.309216 -0.239752 5.850822
v -8.637164 0.334314 -5.369608
v -8.624182 0.346759 -4.992242
v -8.713907 0.270960 -4.685064
v -8.998891 -0.817308 -11.999334
v -8.999815 -0.772120 -11.601961
v -9.232468 -0.752098 11.739623
v -9.039795 -0.770823 11.999349
v -9.000024 -0.734459 -11.352286
v -9.000932 -0.668371 -11.001835
v -9.000189 -0.595638 -10.501366
v -9.000167 -0.543111 -10.000253
v -8.999816 -0.517723 -9.500202
v -9.000138 -0.513114 -9.000014
v -8.998964 -0.523512 -8.499819
v -8.999586 -0.502943 -7.999681
v -9.000451 -0.482312 -7.498898
v -8.999590 -0.439988 -6.997414
v -9.000249 -0.366483 -6.496204
v -9.005206 -0.294810 -6.200184
v -9.213354 -0.248869 3.738768
v -9.027983 -0.258441 3.996297
v -8.999838 -0.285184 4.499886
v -8.999262 -0.296030 5.000258
v -8.999381 -0.292636 5.499797
v -9.000052 -0.274688 6.000124
v -9.025739 -0.285359 6.504949
v -8.971086 -0.331536 6.993393
v -9.052884 -0.404502 7.446290
v -8.999643 -0.473917 7.998656
v -9.000232 -0.497319 8.500502
v -9.000035 -0.529694 9.000002
v -8.999956 -0.531492 9.500094
v -9.000174 -0.555050 10.000169
v -9.001684 -0.564390 10.501542
v -9.000662 -0.616364 11.000962
v -9.039672 -0.703499 11.544062
v -8.899269 -0.735129 11.831404
v -8.973433 0.036358 -5.976396
v -8.807841 0.200646 -5.700045
v -8.827743 0.216027 -4.330203
v -9.014602 0.063457 -4.036701
v -9.000488 -0.156459 -3.505233
v -8.999988 -0.177342 -2.999992
v -8.999593 -0.172871 -2.500041
v -8.998480 -0.173912 -1.999976
v -8.999316 -0.156348 -1.499425
v -9.000270 -0.124177 -1.000185
v -9.000380 -0.143327 -0.499376
v -8.999012 -0.188847 -0.000336
v -8.999976 -0.194548 0.499996
v -8.999733 -0.202829 0.999951
v -9.000474 -0.208688 1.500055
v -9.000106 -0.193500 2.000052
v -9.000671 -0.203832 2.499707
v -9.000076 -0.209111 2.999922
v -9.028015 -0.220619 3.543911
v -8.879856 -0.244835 3.827141
v -9.217998 -0.265392 6.678692
v -9.177071 -0.213438 7.008299
v -9.243586 -0.248296 7.255643
v -9.156744 0.319527 -5.830442
v -8.957479 0.454258 -5.558508
v -8.959208 0.615817 -4.977856
v -9.000647 0.354787 -4.504801
v -9.178519 0.283270 -4.198639
v -9.500248 -0.832017 -11.999728
v -9.500347 -0.798990 -11.528350
v -9.499685 -0.766551 11.675290
v -9.500176 -0.807237 12.000319
v -9.500302 -0.761164 -11.277546
v -9.500025 -0.704817 -10.999533
v -9.499247 -0.637682 -10.498305
v -9.500150 -0.569415 -10.000269
v -9.500121 -0.542260 -9.500079
v -9.500694 -0.522706 -9.000448
v -9.499991 -0.530069 -8.500010
v -9.500016 -0.515831 -7.999867
v -9.500150 -0.474668 -7.500276
v -9.499989 -0.432116 -7.000087
v -9.473730 -0.348884 -6.440788
v -9.290926 -0.245996 -6.253097
v -9.686508 -0.268134 -3.291424
v -9.694223 -0.253590 -3.000253
v -9.718881 -0.256439 -2.500034
v -9.721954 -0.254576 -2.182328
v -9.704105 -0.257246 0.215354
v -9.704194 -0.255874 0.394149
v -9.499785 -0.259650 3.648229
v -9.499814 -0.288986 3.999606
v -9.498252 -0.332178 4.498530
v -9.486706 -0.313696 5.005634
v -9.298313 -0.267224 5.500723
v -9.255900 -0.241870 6.000091
v -9.261267 -0.268127 6.342383
v -9.387823 -0.309102 7.588547
v -9.548461 -0.430665 7.937788
v -9.499560 -0.535255 8.499066
v -9.499402 -0.570216 9.000009
v -9.500901 -0.569793 9.500094
v -9.499628 -0.599937 9.999767
v -9.500593 -0.611249 10.500517
v -9.500287 -0.657897 11.000590
v -9.499047 -0.733058 11.423524
v -9.625271 -0.240949 -6.261998
v -9.474950 -0.053696 -6.088341
v -9.673235 0.228570 -4.293502
v -9.505457 0.107509 -4.016632
v -9.510199 -0.208582 -3.483395
v -9.444399 -0.218479 -3.000234
v -9.468915 -0.226261 -2.500031
v -9.532901 -0.230510 -2.009346
v -9.499329 -0.202231 -1.498837
v -9.500912 -0.148527 -1.000622
v -9.500924 -0.168578 -0.499144
v -9.521882 -0.235441 0.027974
v -9.522382 -0.239286 0.536689
v -9.500768 -0.214279 0.999734
v -9.500162 -0.192048 1.499346
v -9.499996 -0.166798 1.999531
v -9.500375 -0.180570 2.500533
v -9.501010 -0.196865 3.000832
v -9.500578 -0.231748 3.399322
v -9.643251 -0.225209 5.168162
v -9.557489 -0.182536 5.506531
v -9.592715 -0.026133 6.024066
v -9.484463 -0.080431 6.518160
v -9.524215 0.072894 7.026844
v -9.513123 -0.122120 7.475887
v -9.722067 -0.227489 7.768665
v -9.504526 0.291222 -5.785772
v -9.503058 0.483570 -5.505934
v -9.512245 0.565783 -4.981321
v -9.515253 0.402471 -4.462944
v -9.333117 0.290099 -4.188694
v -9.725612 0.269142 6.205711
v -9.736894 0.261959 6.496650
v -9.719091 0.267971 6.875380
v -9.999823 -0.806143 -12.000182
v -10.000001 -0.774712 -11.548692
v -10.221714 -0.750369 11.227382
v -10.032882 -0.778395 11.496884
v -9.998516 -0.863874 11.997948
v -9.999962 -0.741660 -11.299048
v -10.000105 -0.700017 -11.000646
v -9.999747 -0.657068 -10.499035
v -10.000868 -0.588247 -10.001306
v -9.999501 -0.578716 -9.500012
v -9.999907 -0.557815 -8.999896
v -10.000001 -0.541580 -8.500000
v -9.999791 -0.532444 -7.998917
v -10.000512 -0.487824 -7.498828
v -9.999995 -0.438077 -7.000073
v -9.954502 -0.394413 -6.435255
v -10.100419 -0.269584 -6.217790
v -10.221915 -0.255125 -3.768438
v -10.027313 -0.302344 -3.481169
v -10.000636 -0.291499 -3.000416
v -9.999819 -0.278211 -2.499968
v -9.999993 -0.260074 -2.113154
v -10.241082 -0.249245 -0.268404
v -10.044081 -0.267831 0.028516
v -9.953378 -0.267987 0.536348
v -10.041889 -0.275935 1.000095
v -10.157904 -0.249466 1.499130
v -10.238369 -0.250559 1.999999
v -10.231737 -0.251174 2.500001
v -10.146589 -0.257363 2.999952
v -9.977921 -0.267550 3.475753
v -10.000231 -0.288992 4.001031
v -10.000066 -0.346662 4.498772
v -10.001708 -0.316974 4.855303
v -10.007534 -0.383122 8.059704
v -9.996900 -0.568139 8.496858
v -10.000136 -0.590357 9.000017
v -9.999790 -0.618011 9.499775
v -9.998718 -0.651998 9.999532
v -10.000257 -0.662089 10.500137
v -10.034613 -0.697821 11.037566
v -9.888311 -0.732932 11.328738
v -9.766724 -0.249264 -6.253667
v -9.952434 -0.048909 -5.981393
v -10.172964 0.210412 -5.669910
v -10.195460 0.206216 -4.833640
v -10.038405 0.188998 -4.462799
v -10.037687 -0.105549 -3.957588
v -9.889029 -0.213653 -3.623296
v -9.999991 -0.242313 -1.863255
v -9.999783 -0.230585 -1.499662
v -10.001036 -0.199626 -1.000237
v -10.045668 -0.211244 -0.460726
v -9.907592 -0.234863 -0.117665
v -9.755174 -0.249046 0.727396
v -9.791846 -0.250688 1.000109
v -9.907547 -0.222110 1.499020
v -9.990247 -0.204885 2.000101
v -9.981902 -0.223901 2.500099
v -9.896610 -0.238859 2.999977
v -9.796455 -0.250700 3.292706
v -10.000101 -0.166426 5.091130
v -10.002359 0.004307 5.504654
v -10.007250 0.164217 5.850156
v -9.745291 0.252850 7.214241
v -9.950454 0.117228 7.525031
v -9.988548 -0.150917 7.883440
v -9.814866 0.287394 -5.781744
v -9.984454 0.452047 -5.560671
v -10.034420 0.403005 -4.967649
v -9.878698 0.331753 -4.629941
v -10.005048 0.269124 6.127806
v -9.980722 0.453014 6.488392
v -9.919810 0.433532 7.056752
v -10.071182 0.364005 7.398620
v -10.499809 -0.821451 -11.999515
v -10.499942 -0.778068 -11.550277
v -10.499612 -0.768422 11.143418
v -10.499775 -0.817632 11.499130
v -10.499986 -0.884913 11.999342
v -10.499971 -0.747336 -11.300192
v -10.499750 -0.694690 -11.001931
v -10.500001 -0.656723 -10.499969
v -10.499981 -0.623514 -9.999931
v -10.500115 -0.591148 -9.500452
v -10.500025 -0.570117 -9.000027
v -10.500020 -0.547687 -8.499764
v -10.499832 -0.501067 -8.000872
v -10.499978 -0.455384 -7.500827
v -10.499961 -0.443305 -6.999920
v -10.499856 -0.405707 -6.498701
v -10.528393 -0.298838 -6.033339
v -10.705599 -0.285261 -5.629475
v -10.686114 -0.273735 -4.405444
v -10.509094 -0.299784 -3.961946
v -10.497664 -0.374975 -3.498853
v -10.499557 -0.355270 -2.998990
v -10.499891 -0.309985 -2.499759
v -10.480300 -0.265925 -1.981541
v -10.632519 -0.262522 -1.632856
v -10.670496 -0.257338 -0.843868
v -10.501983 -0.268753 -0.461449
v -10.499448 -0.303120 -0.000404
v -10.499488 -0.320837 0.500094
v -10.499528 -0.317123 1.000000
v -10.500456 -0.290116 1.499907
v -10.498230 -0.295258 2.000472
v -10.500211 -0.272864 2.499908
v -10.500238 -0.284384 3.000050
v -10.501191 -0.286699 3.500055
v -10.499632 -0.322080 3.999404
v -10.499906 -0.348220 4.500807
v -10.500007 -0.302684 4.827778
v -10.498109 -0.397800 8.066330
v -10.498001 -0.607930 8.496963
v -10.499973 -0.620332 8.999974
v -10.500023 -0.639460 9.499819
v -10.499866 -0.675486 9.999598
v -10.500200 -0.698733 10.500148
v -10.499908 -0.734454 10.894142
v -10.384622 -0.138405 -5.890175
v -10.467267 -0.048686 -5.466428
v -10.452358 0.017378 -5.014312
v -10.504842 -0.145574 -4.546079
v -10.348783 -0.196026 -4.103189
v -10.299603 -0.241434 -1.802051
v -10.479715 -0.238661 -1.479990
v -10.502339 -0.239809 -1.006259
v -10.337321 -0.242865 -0.601866
v -10.502337 -0.144168 5.083064
v -10.440123 0.164983 5.474546
v -10.254054 0.246030 5.754725
v -10.495273 0.095645 7.666565
v -10.499168 -0.151398 7.825699
v -10.292764 0.287535 -5.318377
v -10.284649 0.285810 -5.164619
v -10.583060 0.346904 5.644201
v -10.479232 0.380223 5.961680
v -10.512421 0.547701 6.504803
v -10.499131 0.638325 7.004827
v -10.505534 0.441778 7.459251
v -10.999772 -0.830710 -11.999729
v -10.999960 -0.775319 -11.521552
v -11.157760 -0.756120 10.673943
v -10.995007 -0.770365 10.979564
v -11.000395 -0.827881 11.500959
v -10.999858 -0.898905 11.999439
v -11.000002 -0.747060 -11.271295
v -11.000127 -0.720595 -11.000108
v -11.000149 -0.676431 -10.500164
v -11.000829 -0.633861 -10.000710
v -11.000767 -0.601158 -9.500937
v -11.000264 -0.564858 -9.000763
v -11.000175 -0.546476 -8.500067
v -10.999920 -0.519002 -7.999436
v -11.000115 -0.460675 -7.500948
v -11.000019 -0.440934 -7.000468
v -11.000320 -0.412423 -6.500354
v -10.999193 -0.402095 -6.000040
v -10.956250 -0.357972 -5.473814
v -11.024471 -0.315807 -4.999913
v -10.948188 -0.349193 -4.546624
v -10.999928 -0.372391 -4.000117
v -10.999789 -0.375430 -3.499443
v -10.999853 -0.337533 -3.000304
v -10.999376 -0.336368 -2.499815
v -10.999998 -0.304272 -1.999995
v -10.981326 -0.277029 -1.479431
v -10.982203 -0.265032 -1.005929
v -10.999449 -0.308110 -0.500234
v -10.999476 -0.341764 -0.000896
v -10.999949 -0.342163 0.500224
v -11.000225 -0.340539 1.000121
v -10.999405 -0.346323 1.500195
v -10.999876 -0.326955 2.000055
v -10.999944 -0.320264 2.499985
v -10.999427 -0.340720 2.999977
v -11.000056 -0.328908 3.499989
v -10.999876 -0.340879 4.000285
v -11.000134 -0.331192 4.500130
v -10.999731 -0.312014 4.842441
v -11.199754 -0.262266 7.738994
v -11.016609 -0.429127 7.931673
v -11.000096 -0.612518 8.499503
v -11.000315 -0.614867 9.000145
v -11.000484 -0.638945 9.500670
v -11.000149 -0.685358 10.000546
v -10.994936 -0.728001 10.504720
v -10.824446 -0.744158 10.798800
v -10.772185 -0.243223 -5.296234
v -10.775544 -0.231583 -4.999966
v -10.755352 -0.249664 -4.740605
v -10.803328 -0.242016 -1.299890
v -10.803365 -0.240958 -1.176958
v -10.992872 -0.158918 5.117187
v -10.998161 0.139364 5.332307
v -11.018920 -0.008252 7.715029
v -10.866635 -0.199120 7.781817
v -10.989900 0.473246 5.505732
v -10.992790 0.666231 5.966717
v -11.043004 0.783216 6.513101
v -11.032450 0.700219 6.981860
v -10.992337 0.440736 7.438417
v -11.232925 0.766279 6.698315
v -11.233822 0.758484 6.762784
v -11.499849 -0.859114 -11.998979
v -11.452905 -0.772204 -11.453060
v -11.620919 -0.763626 -10.999899
v -11.741862 -0.750036 -10.744301
v -11.697673 -0.754201 10.209936
v -11.518686 -0.763802 10.504416
v -11.500045 -0.807550 11.000109
v -11.499875 -0.862399 11.499863
v -11.500632 -0.907120 12.001174
v -11.252937 -0.749342 -11.252324
v -11.370771 -0.747575 -10.999782
v -11.545314 -0.715730 -10.547124
v -11.500154 -0.679662 -10.000126
v -11.499478 -0.656971 -9.499744
v -11.500246 -0.612291 -9.000234
v -11.499725 -0.585793 -8.499762
v -11.500739 -0.534390 -8.001124
v -11.501330 -0.494134 -7.500268
v -11.500073 -0.473772 -7.000117
v -11.499647 -0.459365 -6.499889
v -11.500487 -0.447819 -5.999808
v -11.499140 -0.452309 -5.499470
v -11.499959 -0.421079 -4.999960
v -11.500813 -0.398338 -4.500096
v -11.500777 -0.391814 -3.999939
v -11.499709 -0.391472 -3.499610
v -11.500508 -0.352416 -3.000632
v -11.500016 -0.341811 -2.500009
v -11.500102 -0.315349 -2.000367
v -11.499987 -0.295720 -1.500025
v -11.500734 -0.280802 -0.998633
v -11.499985 -0.332688 -0.500039
v -11.500054 -0.350129 0.000052
v -11.500395 -0.351410 0.500359
v -11.499380 -0.388230 0.999062
v -11.499344 -0.390285 1.500487
v -11.500624 -0.360841 1.999630
v -11.500401 -0.355066 2.500091
v -11.500039 -0.353987 2.999983
v -11.500768 -0.328374 3.499785
v -11.500069 -0.342550 3.999808
v -11.499945 -0.358382 4.499589
v -11.490596 -0.355136 4.898064
v -11.497785 -0.278270 7.736437
v -11.489506 -0.517817 7.976669
v -11.499353 -0.627962 8.498412
v -11.500498 -0.637975 9.000435
v -11.500041 -0.678504 9.500047
v -11.518244 -0.731737 10.025348
v -11.364233 -0.744353 10.340484
v -11.489910 -0.185208 5.165691
v -11.498864 0.130871 5.367594
v -11.589842 0.037772 7.581201
v -11.553139 0.377008 5.598727
v -11.545453 0.531841 5.972418
v -11.482142 0.681541 6.519848
v -11.476502 0.621480 6.970747
v -11.566009 0.384074 7.390508
v -11.258361 0.767062 6.698601
v -11.258675 0.756664 6.762715
v -12.000302 -0.883773 -12.000093
v -11.999636 -0.850983 -11.499723
v -11.999032 -0.809870 -10.999273
v -12.014460 -0.759145 -10.547350
v -12.032458 -0.757773 10.026257
v -12.000251 -0.793688 10.500268
v -12.000977 -0.831078 11.000925
v -12.000220 -0.887322 11.500355
v -12.000043 -0.941978 12.000376
v -11.857264 -0.726112 -10.411609
v -12.012606 -0.737367 -9.976525
v -11.999868 -0.699097 -9.499856
v -12.000108 -0.651146 -9.000180
v -11.999528 -0.620321 -8.499966
v -11.999639 -0.587062 -7.999501
v -11.998678 -0.558188 -7.499310
v -12.001288 -0.503035 -7.000996
v -11.999551 -0.498729 -6.499960
v -12.000170 -0.488760 -5.999770
v -11.999311 -0.503206 -5.499684
v -12.000127 -0.478352 -5.000086
v -11.999624 -0.462700 -4.500010
v -12.000325 -0.436213 -4.000324
v -12.000095 -0.417667 -3.500073
v -12.000507 -0.391411 -3.000142
v -11.999676 -0.380092 -2.499912
v -11.999290 -0.359069 -1.999672
v -12.000817 -0.323059 -1.500320
v -12.000135 -0.332718 -0.999893
v -11.999623 -0.364208 -0.500104
v -11.999661 -0.382986 -0.000171
v -12.000329 -0.373196 0.500210
v -12.000160 -0.383258 1.000024
v -12.000095 -0.401468 1.500375
v -11.999982 -0.408262 2.000011
v -11.999383 -0.404009 2.500206
v -12.000044 -0.379013 2.999983
v -12.000179 -0.352849 3.499351
v -12.000766 -0.344416 4.000087
v -12.000631 -0.374342 4.500480
v -11.969120 -0.410500 5.026308
v -12.011412 -0.376000 7.511295
v -11.998374 -0.567631 7.995326
v -11.999289 -0.657517 8.499819
v -12.000354 -0.681473 9.000275
v -12.031948 -0.726981 9.526537
v -11.887103 -0.738010 9.876784
v -11.791292 -0.220997 5.213886
v -11.914513 -0.002890 5.528973
v -11.842137 -0.010385 7.314827
v -11.767079 0.264803 5.728221
v -11.797762 0.289583 6.002314
v -11.951162 0.391692 6.509002
v -11.901887 0.370921 7.012750
v -11.778483 0.263447 7.271919
vt -0.990881 -0.496839
vt -1.006249 -0.367334
vt -1.008940 -0.237069
vt -1.008209 -0.113138
vt -1.007886 0.011391
vt -1.008209 0.136852
vt -1.008940 0.262895
vt -1.006249 0.385388
vt -0.990881 0.470497
vt -0.945280 -0.663174
vt -0.969131 -0.592828
vt -0.969131 0.503652
vt -0.945280 0.505095
vt -0.910092 -0.742815
vt -0.910092 0.483081
vt -0.864979 -0.821230
vt -0.864979 0.431168
vt -0.820009 -0.883391
vt -0.820009 0.363416
vt -0.774839 -0.932075
vt -0.774839 0.281611
vt -0.740560 -0.956378
vt -0.717390 -0.956667
vt -0.717390 0.140237
vt -0.740560 0.206885
vt -0.692065 -0.929301
vt -0.670337 -0.871708
vt -0.670337 -0.080652
vt -0.692065 0.039710
vt -0.658984 -0.824486
vt -0.647315 -0.760031
vt -0.635428 -0.651900
vt -0.631475 -0.532314
vt -0.635428 -0.401307
vt -0.647315 -0.258837
vt -0.658984 -0.160671
vt -0.865873 -0.496886
vt -0.881250 -0.367326
vt -0.883940 -0.237070
vt -0.883209 -0.113138
vt -0.882886 0.011391
vt -0.883209 0.136852
vt -0.883940 0.262895
vt -0.881249 0.385397
vt -0.865878 0.470507
vt -0.820321 -0.663068
vt -0.844169 -0.592695
vt -0.844124 0.503657
vt -0.820284 0.505096
vt -0.785088 -0.742824
vt -0.785127 0.483114
vt -0.739987 -0.821216
vt -0.740000 0.431196
vt -0.694993 -0.883410
vt -0.694977 0.363363
vt -0.649823 -0.932091
vt -0.649808 0.281551
vt -0.615566 -0.956376
vt -0.592407 -0.956674
vt -0.592445 0.140421
vt -0.615583 0.206943
vt -0.567083 -0.929335
vt -0.545298 -0.871568
vt -0.545373 -0.080421
vt -0.567066 0.039715
vt -0.533952 -0.824333
vt -0.522321 -0.760071
vt -0.510426 -0.651865
vt -0.506475 -0.532314
vt -0.510423 -0.401408
vt -0.522299 -0.258982
vt -0.534017 -0.160421
vt -0.740920 -0.495384
vt -0.756220 -0.367415
vt -0.759020 -0.236935
vt -0.758291 -0.113021
vt -0.758102 0.011697
vt -0.758299 0.136980
vt -0.758794 0.262700
vt -0.756084 0.385243
vt -0.740496 0.469762
vt -0.694649 -0.665701
vt -0.718070 -0.593252
vt -0.718632 0.502661
vt -0.694913 0.504071
vt -0.659982 -0.741955
vt -0.659974 0.477469
vt -0.614943 -0.818049
vt -0.615020 0.421491
vt -0.570007 -0.880392
vt -0.570035 0.351987
vt -0.524825 -0.931753
vt -0.524063 0.274766
vt -0.490327 -0.957576
vt -0.467146 -0.958345
vt -0.468853 0.144394
vt -0.492620 0.207896
vt -0.442115 -0.930445
vt -0.420225 -0.870531
vt -0.420019 -0.078799
vt -0.441078 0.039109
vt -0.409613 -0.821896
vt -0.397844 -0.759070
vt -0.384699 -0.653259
vt -0.379668 -0.535190
vt -0.383852 -0.403699
vt -0.396140 -0.260774
vt -0.408461 -0.160253
vt -0.616298 -0.491526
vt -0.631014 -0.367618
vt -0.633608 -0.237553
vt -0.632925 -0.113530
vt -0.632802 0.011278
vt -0.633177 0.136813
vt -0.633795 0.262675
vt -0.631151 0.385157
vt -0.615592 0.468441
vt -0.566284 -0.660139
vt -0.589256 -0.590795
vt -0.590133 0.502805
vt -0.566000 0.494400
vt -0.535006 -0.728121
vt -0.533901 0.466724
vt -0.489958 -0.802704
vt -0.490964 0.395495
vt -0.445439 -0.885005
vt -0.445908 0.328389
vt -0.399967 -0.929978
vt -0.329836 0.208475
vt -0.391691 0.250224
vt -0.365915 -0.954828
vt -0.342234 -0.956329
vt -0.350762 0.156180
vt -0.406923 0.204119
vt -0.317768 -0.925842
vt -0.294636 -0.877060
vt -0.296652 -0.075810
vt -0.319867 0.031228
vt -0.282998 -0.828145
vt -0.271912 -0.759072
vt -0.260143 -0.651984
vt -0.253939 -0.536084
vt -0.256634 -0.406803
vt -0.268814 -0.263020
vt -0.283105 -0.159560
vt -0.490849 -0.493666
vt -0.505594 -0.367925
vt -0.508171 -0.238200
vt -0.507688 -0.113895
vt -0.507366 0.010630
vt -0.507977 0.136581
vt -0.508336 0.262105
vt -0.505729 0.385614
vt -0.490966 0.466512
vt -0.443592 -0.659271
vt -0.468732 -0.589937
vt -0.447304 0.484264
vt -0.470017 0.473947
vt -0.409727 -0.723023
vt -0.369815 0.451839
vt -0.401780 0.437840
vt -0.363430 -0.802192
vt -0.366121 0.362304
vt -0.321362 -0.900986
vt -0.320010 0.317603
vt -0.275194 -0.930720
vt -0.259427 0.213088
vt -0.280648 0.266357
vt -0.245217 -0.938546
vt -0.222913 -0.942038
vt -0.229713 0.137203
vt -0.193584 -0.933345
vt -0.170811 -0.881127
vt -0.173675 -0.069621
vt -0.195526 0.025824
vt -0.156484 -0.837412
vt -0.141919 -0.767410
vt -0.131693 -0.659811
vt -0.125671 -0.542110
vt -0.128419 -0.411683
vt -0.140917 -0.268405
vt -0.155929 -0.153656
vt -0.367777 -0.500841
vt -0.382363 -0.366088
vt -0.384588 -0.236225
vt -0.384002 -0.111965
vt -0.382458 0.010773
vt -0.381430 0.134250
vt -0.381886 0.259908
vt -0.377967 0.381090
vt -0.363542 0.454250
vt -0.328105 -0.669665
vt -0.351153 -0.591491
vt -0.330641 0.447908
vt -0.287177 -0.760943
vt -0.291350 0.433056
vt -0.325044 0.404956
vt -0.240384 -0.835846
vt -0.227603 0.363520
vt -0.248210 0.352677
vt -0.191230 -0.919754
vt -0.195090 0.317472
vt -0.147677 -0.941796
vt -0.136069 0.211398
vt -0.158865 0.257788
vt -0.123818 -0.930338
vt -0.100750 -0.927494
vt -0.105605 0.151955
vt -0.053745 -0.932049
vt -0.039669 -0.899833
vt -0.045593 -0.056943
vt -0.068775 0.032786
vt -0.027483 -0.848431
vt -0.011875 -0.774676
vt -0.005572 -0.658661
vt -0.001360 -0.539058
vt 0.000147 -0.415023
vt -0.010486 -0.275557
vt -0.026574 -0.147178
vt -0.170442 -0.595263
vt -0.228355 -0.526831
vt -0.257974 -0.364813
vt -0.260501 -0.234791
vt -0.258936 -0.112083
vt -0.258084 0.011674
vt -0.256613 0.134585
vt -0.257294 0.260604
vt -0.252158 0.380087
vt -0.237907 0.446743
vt -0.203813 -0.662227
vt -0.253390 -0.591227
vt -0.200375 0.410345
vt -0.091444 -0.849921
vt -0.151246 -0.791703
vt -0.160758 0.396152
vt -0.063794 -0.889379
vt -0.123182 -0.859922
vt -0.122280 0.370275
vt -0.103386 0.362017
vt -0.030272 -0.915180
vt -0.061560 -0.897615
vt -0.076271 0.357036
vt -0.030485 -0.925699
vt 0.018551 -0.901902
vt -0.009935 0.207444
vt -0.031299 0.273975
vt -0.059123 -0.922732
vt 0.012166 -0.897837
vt 0.074159 -0.843796
vt 0.023919 0.152839
vt -0.001923 -0.874149
vt 0.057145 -0.839715
vt 0.081033 -0.058474
vt 0.060033 0.037640
vt 0.093404 -0.823796
vt 0.105076 -0.763946
vt 0.107116 -0.644435
vt 0.115955 -0.528752
vt 0.116201 -0.403214
vt 0.120093 -0.279319
vt 0.099055 -0.151477
vt -0.102086 -0.594979
vt -0.116353 -0.514583
vt -0.136292 -0.361364
vt -0.136356 -0.233553
vt -0.134212 -0.111715
vt -0.135201 0.014710
vt -0.132639 0.136050
vt -0.131534 0.259519
vt -0.126432 0.378266
vt -0.113992 0.448793
vt -0.081586 -0.680015
vt -0.085724 0.468084
vt -0.027306 0.493820
vt -0.031620 -0.869745
vt -0.050084 -0.792900
vt -0.079414 0.425891
vt -0.013919 0.459213
vt 0.004440 -0.951525
vt -0.059537 0.384953
vt 0.009914 0.392808
vt 0.037717 -0.961162
vt 0.060446 -0.925334
vt 0.056899 0.336898
vt 0.087043 -0.889613
vt 0.104695 -0.862080
vt 0.114291 0.206960
vt 0.091662 0.268618
vt 0.137035 -0.849039
vt 0.160548 -0.831868
vt 0.144999 0.132749
vt 0.186515 -0.818002
vt 0.238539 -0.780263
vt 0.205367 -0.060204
vt 0.182354 0.029292
vt 0.157987 -0.801185
vt 0.208770 -0.745825
vt 0.241083 -0.653546
vt 0.236715 -0.520607
vt 0.232754 -0.392029
vt 0.240316 -0.279882
vt 0.225174 -0.149478
vt 0.019071 -0.597903
vt 0.006330 -0.511861
vt -0.010418 -0.361174
vt -0.011987 -0.232562
vt -0.009822 -0.110747
vt -0.009086 0.013327
vt -0.007768 0.136220
vt -0.006624 0.259576
vt -0.003683 0.380689
vt 0.011763 0.460909
vt 0.045653 -0.672787
vt 0.032644 0.491807
vt 0.050672 0.523028
vt 0.081082 -0.863047
vt 0.093301 -0.791900
vt 0.090329 0.503378
vt 0.119893 -0.910160
vt 0.158324 -0.848700
vt 0.147201 0.463714
vt 0.137395 -0.956432
vt 0.184892 -0.939117
vt 0.237926 0.273520
vt 0.181442 0.331081
vt 0.211464 -0.892976
vt 0.237952 -0.857770
vt 0.233497 0.225079
vt 0.175532 0.274980
vt 0.265342 -0.877859
vt 0.289415 -0.845931
vt 0.264100 0.112162
vt 0.312462 -0.826957
vt 0.336707 -0.761259
vt 0.331694 -0.062321
vt 0.316511 0.036235
vt 0.342295 -0.706633
vt 0.357664 -0.643417
vt 0.359512 -0.519202
vt 0.362201 -0.398747
vt 0.365614 -0.276983
vt 0.347743 -0.150928
vt 0.118442 -0.595121
vt 0.141368 -0.527490
vt 0.113710 -0.360468
vt 0.111106 -0.229995
vt 0.114765 -0.110230
vt 0.116767 0.012033
vt 0.116981 0.136917
vt 0.116752 0.262402
vt 0.117949 0.385772
vt 0.127418 0.493545
vt 0.167868 0.562033
vt 0.174042 -0.642464
vt 0.203713 -0.594405
vt 0.091226 0.525322
vt 0.153258 0.566469
vt 0.212426 -0.781509
vt 0.215624 0.503680
vt 0.256608 -0.820437
vt 0.259272 0.416602
vt 0.310855 -0.915265
vt 0.316064 0.268477
vt 0.293089 0.330753
vt 0.341638 -0.908683
vt 0.359564 -0.876157
vt 0.349316 0.194126
vt 0.394924 -0.867615
vt 0.408312 -0.831020
vt 0.395530 0.067877
vt 0.434306 -0.813961
vt 0.452252 -0.736559
vt 0.449671 -0.069832
vt 0.424948 0.019563
vt 0.463940 -0.681747
vt 0.470808 -0.618352
vt 0.485003 -0.511969
vt 0.490524 -0.405006
vt 0.475464 -0.260518
vt 0.463141 -0.162212
vt 0.278414 -0.284976
vt 0.273072 -0.214991
vt 0.283243 -0.092488
vt 0.289535 -0.018227
vt 0.286710 0.186384
vt 0.285021 0.258942
vt 0.289847 -0.604751
vt 0.244087 -0.523003
vt 0.237680 -0.342514
vt 0.215021 -0.221102
vt 0.227778 -0.101885
vt 0.245229 0.019669
vt 0.244809 0.141516
vt 0.240891 0.287461
vt 0.235706 0.395147
vt 0.251059 0.498762
vt 0.256074 0.596146
vt 0.283062 -0.664518
vt 0.212782 -0.595303
vt 0.285477 0.614558
vt 0.340690 0.608200
vt 0.331090 -0.802490
vt 0.328752 0.552979
vt 0.353002 0.592959
vt 0.389587 -0.828660
vt 0.380626 0.411046
vt 0.433504 -0.891385
vt 0.400855 0.274730
vt 0.429114 0.316858
vt 0.452924 -0.861551
vt 0.478881 -0.861003
vt 0.477313 0.208140
vt 0.506739 0.257641
vt 0.516055 -0.862348
vt 0.538613 -0.842950
vt 0.521061 0.107182
vt 0.558705 -0.818811
vt 0.580018 -0.757458
vt 0.576391 -0.059440
vt 0.553737 0.018532
vt 0.595951 -0.723587
vt 0.609058 -0.641655
vt 0.625359 -0.531044
vt 0.587713 -0.430009
vt 0.618944 -0.283889
vt 0.598747 -0.154153
vt 0.680023 -0.510197
vt 0.664309 -0.454998
vt 0.669476 -0.344844
vt 0.348181 -0.304774
vt 0.344697 -0.207617
vt 0.346282 -0.084198
vt 0.335187 0.034020
vt 0.335784 0.156384
vt 0.334998 0.299521
vt 0.369280 0.382204
vt 0.386279 -0.613149
vt 0.370121 -0.492031
vt 0.353569 -0.376221
vt 0.290731 0.065247
vt 0.291376 0.102674
vt 0.290435 0.340911
vt 0.339833 0.414239
vt 0.367424 0.511589
vt 0.383579 0.605761
vt 0.473970 -0.784950
vt 0.419336 -0.727030
vt 0.406145 0.648091
vt 0.431121 0.623342
vt 0.480919 -0.831198
vt 0.416448 -0.822630
vt 0.431836 0.527369
vt 0.465400 0.567367
vt 0.529691 -0.912624
vt 0.472809 -0.865936
vt 0.493262 0.462573
vt 0.541579 0.510212
vt 0.602081 -0.964188
vt 0.540670 -0.888414
vt 0.569322 0.375715
vt 0.593595 0.456294
vt 0.638183 -0.999960
vt 0.615646 -0.927681
vt 0.571175 -0.878945
vt 0.563434 0.207599
vt 0.593716 0.267366
vt 0.682981 -0.978933
vt 0.630297 -0.881113
vt 0.605875 -0.858393
vt 0.637490 0.158331
vt 0.658900 0.206121
vt 0.729721 -0.991042
vt 0.733279 -0.939664
vt 0.656057 -0.844069
vt 0.657299 -0.783988
vt 0.651371 -0.048990
vt 0.682639 0.031829
vt 0.768318 -0.956840
vt 0.752768 -0.886845
vt 0.744363 -0.780113
vt 0.718248 -0.662332
vt 0.704494 -0.581552
vt 0.701025 -0.247068
vt 0.724800 -0.133842
vt 0.751773 -0.048338
vt 0.817903 -0.780340
vt 0.795544 -0.699637
vt 0.769295 -0.572480
vt 0.783400 -0.468246
vt 0.762941 -0.328228
vt 0.799162 -0.215352
vt 0.504533 -0.416689
vt 0.462830 -0.340687
vt 0.468088 -0.203856
vt 0.466301 -0.076500
vt 0.465226 0.050116
vt 0.462416 0.178123
vt 0.463097 0.303087
vt 0.471861 0.420766
vt 0.516979 0.477327
vt 0.496549 -0.625458
vt 0.477504 -0.473040
vt 0.424326 -0.397215
vt 0.435984 0.457408
vt 0.487426 0.507936
vt 0.512610 0.589092
vt 0.556068 -0.787245
vt 0.530752 -0.724687
vt 0.526774 0.636612
vt 0.542323 0.657563
vt 0.670581 -0.975162
vt 0.611805 -0.889401
vt 0.575078 0.656231
vt 0.670630 -1.028442
vt 0.624210 -0.965536
vt 0.628697 0.572218
vt 0.708275 -1.082556
vt 0.688523 -1.039783
vt 0.647391 0.396357
vt 0.669643 0.461071
vt 0.722752 -1.052926
vt 0.692338 -1.015821
vt 0.723023 0.319699
vt 0.745835 0.396574
vt 0.794684 -1.088038
vt 0.768215 -1.045999
vt 0.734163 0.139821
vt 0.767447 0.185925
vt 0.808960 -1.054851
vt 0.783265 -1.016092
vt 0.785880 0.081779
vt 0.842854 0.136748
vt 0.893670 -1.077100
vt 0.848164 -1.030549
vt 0.870460 -0.941174
vt 0.822756 -0.861939
vt 0.822348 -0.115873
vt 0.859269 -0.025904
vt 0.894280 0.079265
vt 0.911070 -0.898622
vt 0.903756 -0.822325
vt 0.892977 -0.733935
vt 0.876126 -0.618869
vt 0.891802 -0.490324
vt 0.926076 -0.356547
vt 0.889989 -0.195892
vt 0.914820 -0.101446
vt 0.988435 -0.807597
vt 0.972154 -0.752032
vt 0.955019 -0.634240
vt 0.961815 -0.498788
vt 0.979536 -0.401926
vt 0.597582 -0.430433
vt 0.589875 -0.325469
vt 0.588503 -0.197673
vt 0.587516 -0.071076
vt 0.585822 0.056223
vt 0.582651 0.185645
vt 0.584861 0.307845
vt 0.590312 0.425183
vt 0.597455 0.498921
vt 0.668469 -0.731733
vt 0.612500 -0.641521
vt 0.606729 -0.503838
vt 0.608752 0.545155
vt 0.639751 0.587527
vt 0.659481 -0.797452
vt 0.594838 -0.719765
vt 0.652589 0.634689
vt 0.675115 0.664534
vt 0.720179 -0.981847
vt 0.700221 -0.911443
vt 0.697633 0.680064
vt 0.737728 0.699860
vt 0.756734 -1.068687
vt 0.716214 0.603138
vt 0.782163 0.632370
vt 0.790321 -1.134434
vt 0.769327 -1.098598
vt 0.806738 0.519710
vt 0.836954 0.580328
vt 0.863212 -1.147429
vt 0.841199 -1.114049
vt 0.833150 0.314784
vt 0.855751 0.390339
vt 0.893850 -1.105225
vt 0.866262 -1.101126
vt 0.877124 0.261975
vt 0.932025 0.322364
vt 0.959957 -1.124466
vt 0.936020 -1.084563
vt 0.913140 0.208522
vt 0.982471 0.253067
vt 0.964563 -1.059396
vt 0.992897 -1.030884
vt 0.962574 -0.974761
vt 0.999949 0.001302
vt 0.981625 0.115217
vt 1.019493 0.205724
vt 1.051722 -1.004922
vt 1.015126 -0.955008
vt 1.038584 -0.881580
vt 0.991704 -0.309989
vt 1.008019 -0.232421
vt 1.035608 -0.113640
vt 1.057220 -0.832120
vt 1.069881 -0.764023
vt 1.075130 -0.649170
vt 1.067815 -0.511324
vt 1.049592 -0.369196
vt 1.084747 -0.258486
vt 1.102707 -0.174104
vt 0.786504 -0.530743
vt 0.731304 -0.463662
vt 0.712794 -0.322080
vt 0.713504 -0.197258
vt 0.712276 -0.070485
vt 0.711821 0.055148
vt 0.710544 0.182470
vt 0.711591 0.305717
vt 0.713169 0.428520
vt 0.720354 0.524515
vt 0.752347 -0.751090
vt 0.746517 -0.593190
vt 0.704089 -0.517262
vt 0.728221 0.576443
vt 0.739058 0.638716
vt 0.785877 0.741898
vt 0.830313 0.785440
vt 0.833297 -0.899450
vt 0.785175 -0.851013
vt 0.722287 0.642220
vt 0.764952 0.694502
vt 0.817041 0.783772
vt 0.825115 -0.978440
vt 0.759551 -0.909946
vt 0.757693 0.710612
vt 0.823782 0.764997
vt 0.902186 0.809081
vt 0.881068 -1.110494
vt 0.873261 0.702714
vt 0.934635 0.754414
vt 0.934926 -1.147432
vt 0.892679 0.519848
vt 0.927239 0.618998
vt 0.968290 0.711578
vt 0.960307 -1.122868
vt 0.984950 -1.136357
vt 0.950289 0.456139
vt 1.008938 0.509072
vt 1.022628 -1.121882
vt 1.001877 0.387110
vt 1.071775 0.432544
vt 1.074845 -1.151435
vt 1.052232 -1.143706
vt 1.071064 0.316555
vt 1.102781 0.388399
vt 1.148426 -1.177126
vt 1.120798 -1.118253
vt 1.088886 -1.050583
vt 1.072111 0.008242
vt 1.079743 0.088410
vt 1.107199 0.207575
vt 1.183870 -1.137279
vt 1.143745 -1.036352
vt 1.153744 -0.956992
vt 1.170078 -0.887268
vt 1.128400 -0.051193
vt 1.177747 0.031985
vt 1.183323 0.144870
vt 1.191663 -0.871619
vt 1.215222 -0.805229
vt 1.181109 -0.676459
vt 1.178056 -0.543032
vt 1.180133 -0.417773
vt 1.213720 -0.294419
vt 1.192107 -0.131823
vt 1.237591 -0.053205
vt 1.271693 -0.783831
vt 1.259906 -0.695970
vt 1.258741 -0.572499
vt 1.261787 -0.448265
vt 1.273419 -0.353774
vt 0.852051 -0.531323
vt 0.844163 -0.456767
vt 0.838966 -0.322913
vt 0.839738 -0.199056
vt 0.839890 -0.074245
vt 0.838537 0.052900
vt 0.839092 0.176898
vt 0.839216 0.301893
vt 0.838383 0.428077
vt 0.851724 0.551081
vt 0.902573 0.597532
vt 0.942532 -0.848140
vt 0.882944 -0.772904
vt 0.862619 -0.607356
vt 0.820179 0.588602
vt 0.865298 0.635597
vt 0.878929 0.748011
vt 0.894099 0.795109
vt 0.915968 -0.904394
vt 0.856953 -0.849915
vt 0.915065 0.841477
vt 0.983967 0.848107
vt 0.963122 -1.028001
vt 0.910221 0.822567
vt 0.966701 0.813503
vt 1.008340 -1.085050
vt 1.009874 0.768290
vt 1.053665 -1.128508
vt 1.038295 0.641167
vt 1.059070 0.697176
vt 1.162632 -1.306308
vt 1.102233 -1.198280
vt 1.056169 -1.151161
vt 1.110214 0.565607
vt 1.138248 0.643896
vt 1.178946 -1.317336
vt 1.163503 -1.270463
vt 1.109085 -1.180829
vt 1.152711 0.451458
vt 1.225989 -1.250221
vt 1.196623 -1.211251
vt 1.153010 0.331144
vt 1.184912 0.391423
vt 1.211591 -1.230355
vt 1.242908 -1.224475
vt 1.226397 0.281671
vt 1.253422 0.331353
vt 1.271419 -1.188511
vt 1.279811 -1.093054
vt 1.299062 -0.975859
vt 1.251329 -0.917011
vt 1.292274 0.045648
vt 1.272551 0.155180
vt 1.343459 -0.977442
vt 1.317528 -0.959194
vt 1.289257 -0.865221
vt 1.294981 -0.260068
vt 1.328564 -0.165765
vt 1.311177 -0.046608
vt 1.379712 -0.905233
vt 1.348521 -0.838210
vt 1.389043 -0.716565
vt 1.388414 -0.613437
vt 1.374578 -0.477051
vt 1.357420 -0.327244
vt 1.390695 -0.231983
vt 1.453042 -0.690267
vt 1.452651 -0.677346
vt 0.930460 -0.530999
vt 0.968530 -0.469889
vt 0.964104 -0.323308
vt 0.966010 -0.200440
vt 0.967944 -0.078712
vt 0.966741 0.048205
vt 0.965805 0.174430
vt 0.962958 0.303412
vt 0.963231 0.428410
vt 0.970303 0.543487
vt 0.976142 0.602136
vt 1.021755 -0.845324
vt 1.004506 -0.758916
vt 0.982389 -0.591605
vt 1.014481 -0.526845
vt 0.984518 0.652954
vt 1.002145 0.746606
vt 1.014068 0.815950
vt 1.046360 -0.914274
vt 1.035422 0.851836
vt 1.055581 0.876178
vt 1.089999 -1.025262
vt 1.085237 0.851842
vt 1.135035 -1.107404
vt 1.134898 0.785535
vt 1.247161 -1.227475
vt 1.192802 -1.172772
vt 1.180832 0.743966
vt 1.238110 -1.282310
vt 1.185314 -1.225308
vt 1.195926 0.578955
vt 1.220899 0.642874
vt 1.256639 -1.351930
vt 1.283751 -1.345278
vt 1.252730 0.513265
vt 1.311722 0.552848
vt 1.324095 -1.279487
vt 1.300182 -1.262885
vt 1.290432 0.461254
vt 1.342290 0.515802
vt 1.395432 -1.312070
vt 1.364761 -1.287155
vt 1.335278 -1.233563
vt 1.344152 0.261494
vt 1.363710 0.352498
vt 1.390947 0.454374
vt 1.421735 -1.246626
vt 1.391984 -1.199317
vt 1.416545 -1.114549
vt 1.367192 -1.031211
vt 1.397004 0.062644
vt 1.416585 0.162732
vt 1.436260 0.262456
vt 1.463098 -1.091625
vt 1.437390 -1.000486
vt 1.464011 -0.952351
vt 1.424967 -0.130496
vt 1.457127 -0.022755
vt 1.485403 0.070704
vt 1.477085 -0.908883
vt 1.488306 -0.828897
vt 1.511357 -0.750553
vt 1.489805 -0.586699
vt 1.527771 -0.500985
vt 1.504088 -0.359385
vt 1.482725 -0.200556
vt 1.520361 -0.112637
vt 1.521349 -0.712987
vt 1.537653 -0.638361
vt 1.571036 -0.543709
vt 1.138461 -0.538599
vt 1.094654 -0.471791
vt 1.091548 -0.325909
vt 1.093959 -0.205033
vt 1.094983 -0.081530
vt 1.093875 0.044930
vt 1.092603 0.171884
vt 1.089325 0.301586
vt 1.088590 0.429305
vt 1.096208 0.542353
vt 1.101510 0.600637
vt 1.123404 -0.848919
vt 1.141303 -0.774398
vt 1.106609 -0.594376
vt 1.054965 -0.527116
vt 1.108263 0.654383
vt 1.128097 0.744084
vt 1.140860 0.814156
vt 1.177058 -0.902976
vt 1.209227 -0.844447
vt 1.179345 0.833114
vt 1.160409 0.862094
vt 1.283213 -1.229935
vt 1.272611 -1.149753
vt 1.207902 -1.047875
vt 1.250489 0.835172
vt 1.220275 0.837969
vt 1.317071 -1.265366
vt 1.282669 -1.190800
vt 1.216231 -1.118191
vt 1.258857 0.806234
vt 1.341739 -1.339233
vt 1.258827 -1.255988
vt 1.227339 -1.177084
vt 1.308096 0.770763
vt 1.377042 -1.384965
vt 1.331078 -1.364165
vt 1.349390 0.678030
vt 1.396308 -1.369232
vt 1.413811 -1.347825
vt 1.389564 0.606495
vt 1.440025 -1.318150
vt 1.447158 0.530690
vt 1.468252 -1.322089
vt 1.496989 -1.315546
vt 1.492645 0.368047
vt 1.466593 0.453539
vt 1.511502 -1.264819
vt 1.528533 -1.208355
vt 1.551981 -1.155019
vt 1.532407 0.164126
vt 1.509750 0.262487
vt 1.569388 -1.113773
vt 1.575330 -1.025274
vt 1.593032 -0.962239
vt 1.577544 -0.002123
vt 1.555578 0.072718
vt 1.603899 -0.914304
vt 1.611341 -0.816939
vt 1.629723 -0.728944
vt 1.669981 -0.623047
vt 1.634784 -0.493079
vt 1.638508 -0.360451
vt 1.625436 -0.216952
vt 1.605765 -0.099675
vt 1.598864 -0.700407
vt 1.618732 -0.631411
vt 1.594169 -0.543528
vt 2.391933 0.760842
vt 2.385009 0.858378
vt 2.401910 0.927854
vt 2.437106 0.712657
vt 2.435997 0.807818
vt 2.434232 0.895104
vt 2.512813 0.519378
vt 2.494897 0.606673
vt 2.473671 0.722539
vt 2.537062 0.468525
vt 2.531302 0.547329
vt 2.532112 0.619030
vt 2.572649 0.389281
vt 2.557442 0.481967
vt 2.564047 0.580929
vt 2.610614 0.362829
vt 2.624393 0.424177
vt 2.614149 0.543560
vt 1.277261 -1.299996
vt 1.278573 -1.265459
vt 1.273967 -0.669374
vt 1.222860 -0.577978
vt 1.215260 -0.451379
vt 1.216870 -0.327236
vt 1.223090 -0.210935
vt 1.224017 -0.088066
vt 1.234388 0.036805
vt 1.218353 0.162887
vt 1.234668 0.296564
vt 1.221959 0.416289
vt 1.213254 0.530028
vt 1.166684 0.595762
vt 1.295657 -1.341047
vt 1.290684 -1.281192
vt 1.333679 -1.098260
vt 1.334019 -1.093646
vt 1.271958 -0.873926
vt 1.215111 -0.735292
vt 1.196194 -0.627539
vt 1.285896 0.073645
vt 1.285667 0.155349
vt 1.287637 0.254889
vt 1.250915 0.561797
vt 1.221565 0.639580
vt 1.261660 0.757076
vt 1.235843 0.793376
vt 1.353462 -1.392219
vt 1.345215 -1.332443
vt 1.345874 -1.158301
vt 1.342458 -1.080012
vt 1.305619 -0.926172
vt 1.210386 -0.844729
vt 1.324575 0.771459
vt 1.296079 0.787409
vt 1.378661 -1.422828
vt 1.412611 -1.364230
vt 1.351704 -1.278997
vt 1.304828 -1.114688
vt 1.294505 -1.032582
vt 1.328303 0.816179
vt 1.351209 0.847985
vt 1.445497 -1.387720
vt 1.385907 -1.323103
vt 1.399833 0.828994
vt 1.473993 -1.463424
vt 1.421204 -1.401013
vt 1.428133 0.727133
vt 1.514376 -1.482627
vt 1.483017 -1.416763
vt 1.492038 -1.393553
vt 1.476222 0.668569
vt 1.507346 -1.396926
vt 1.480579 -1.359234
vt 1.522374 0.632617
vt 1.568948 -1.402496
vt 1.550365 -1.340286
vt 1.605612 0.451210
vt 1.554845 0.502597
vt 1.645517 2.443031
vt 1.600519 2.534204
vt 1.589839 -1.311419
vt 1.610659 -1.286327
vt 1.599306 0.382849
vt 1.528141 0.450660
vt 1.690607 2.248194
vt 1.658619 2.362211
vt 1.650996 2.485827
vt 1.641109 -1.279554
vt 1.656667 -1.213051
vt 1.671251 -1.127535
vt 1.726103 0.068681
vt 1.679816 0.133015
vt 1.639226 0.270930
vt 1.709019 2.195764
vt 1.666916 2.279436
vt 1.701868 2.416130
vt 1.683683 -1.089236
vt 1.710654 -1.015864
vt 1.684487 -0.965823
vt 1.774008 -0.254106
vt 1.767236 -0.197297
vt 1.701553 0.000999
vt 1.648773 0.072412
vt 1.749725 2.156377
vt 1.753344 2.206277
vt 1.741218 2.350975
vt 1.771847 -1.020205
vt 1.731272 -0.950292
vt 1.744463 -0.838640
vt 1.755969 -0.729595
vt 1.758788 -0.610058
vt 1.756893 -0.479766
vt 1.747687 -0.323932
vt 1.730291 -0.176015
vt 1.723696 -0.110844
vt 1.782921 2.210455
vt 1.783029 2.263501
vt 2.058084 -2.458700
vt 2.072390 -2.372912
vt 2.074578 -2.290293
vt 2.091043 -2.522984
vt 2.041977 -2.428439
vt 2.077107 -2.309049
vt 2.133457 -2.148777
vt 2.100765 -2.055534
vt 2.110269 -1.927779
vt 2.150650 -1.823979
vt 2.137939 -1.741010
vt 2.127330 -2.606722
vt 2.136139 -2.486331
vt 2.139432 -2.378780
vt 2.162058 -2.204601
vt 2.112459 -2.108751
vt 2.139153 -1.983727
vt 2.163178 -1.860055
vt 2.149149 -1.727534
vt 2.158049 -1.641589
vt 2.188123 -2.593916
vt 2.187973 -2.577343
vt 2.197282 -2.273426
vt 2.149767 -2.178452
vt 2.193521 -2.052331
vt 2.186775 -1.921414
vt 2.195328 -1.800696
vt 2.193430 -1.696577
vt 2.241891 -2.292601
vt 2.238315 -2.226852
vt 2.228924 -2.108653
vt 2.236159 -1.979705
vt 2.253165 -1.861612
vt 2.247915 -1.779868
vt 2.279282 -1.856139
vt 2.276751 -1.825104
vt 2.356554 1.027283
vt 2.359010 1.053598
vt 2.387854 0.835641
vt 2.349508 0.944391
vt 2.370002 1.061082
vt 2.410810 1.103077
vt 2.427680 0.786596
vt 2.377286 0.872308
vt 2.374165 1.004384
vt 2.425274 1.093240
vt 2.474354 0.714244
vt 2.421963 0.812034
vt 2.398774 0.932865
vt 2.434497 1.075987
vt 2.452409 1.181222
vt 2.488234 1.289100
vt 2.535780 0.504311
vt 2.501471 0.627263
vt 2.406028 0.740463
vt 2.383553 0.891727
vt 2.404523 0.997086
vt 2.435982 1.126116
vt 2.479766 1.245808
vt 2.541565 0.434541
vt 2.507039 0.556782
vt 2.460316 0.650572
vt 2.465337 0.829278
vt 2.476844 0.916260
vt 2.498364 1.055695
vt 2.505524 1.178135
vt 2.634086 -0.231301
vt 2.629024 -0.162149
vt 2.628070 -0.080276
vt 2.636052 0.264761
vt 2.582724 0.357978
vt 2.515381 0.492998
vt 2.494810 0.606932
vt 2.495287 0.742409
vt 2.543101 0.862473
vt 2.553159 0.991018
vt 2.574794 1.112615
vt 2.668426 -0.425155
vt 2.639612 -0.318705
vt 2.625967 -0.198398
vt 2.646670 -0.076023
vt 2.654233 0.038973
vt 2.625109 0.175683
vt 2.586588 0.300142
vt 2.559057 0.408269
vt 2.521028 0.609211
vt 2.540055 0.681548
vt 2.618954 0.786385
vt 2.651235 0.929884
vt 2.647386 1.044703
vt 2.729200 -2.616478
vt 2.706017 -2.538918
vt 2.691169 -2.400485
vt 2.691171 -2.299891
vt 2.668792 -0.497856
vt 2.636251 -0.388123
vt 2.644428 -0.266684
vt 2.683722 -0.132502
vt 2.691849 -0.021342
vt 2.661351 0.112460
vt 2.589086 0.228611
vt 2.572707 0.326825
vt 2.592127 0.640616
vt 2.625280 0.734213
vt 2.682374 0.864265
vt 2.726964 0.897438
vt 2.733515 -2.699084
vt 2.721482 -2.580855
vt 2.693835 -2.454257
vt 2.717164 -2.331114
vt 2.693903 -0.598756
vt 2.640592 -0.457029
vt 2.664356 -0.324747
vt 2.727745 -0.198500
vt 2.745462 -0.080695
vt 2.705786 0.047108
vt 2.656399 0.169266
vt 2.642326 0.299618
vt 2.615679 0.605805
vt 2.627264 0.663781
vt 2.668280 0.810414
vt 2.739608 0.877141
vt 1.277822 -1.295970
vt 1.285678 -1.258474
vt 1.345095 -0.685811
vt 1.337607 -0.574130
vt 1.334851 -0.442163
vt 1.335480 -0.317634
vt 1.343477 -0.204393
vt 1.347831 -0.085820
vt 1.359143 0.033186
vt 1.406101 0.098140
vt 1.291240 0.338527
vt 1.293963 0.409161
vt 1.294517 0.478893
vt 1.454378 -1.600600
vt 1.409527 -1.527117
vt 1.313687 -1.403372
vt 1.331733 -1.192740
vt 1.364271 -1.121450
vt 1.395518 -1.039275
vt 1.370295 -0.885301
vt 1.351079 -0.758167
vt 1.323872 0.072113
vt 1.363751 0.140649
vt 1.343895 0.286020
vt 1.361187 0.400864
vt 1.349826 0.516767
vt 1.391039 0.640570
vt 1.365721 0.720167
vt 1.504930 -1.784995
vt 1.480135 -1.688951
vt 1.422448 -1.564994
vt 1.375582 -1.453897
vt 1.363151 -1.271474
vt 1.369337 -1.219652
vt 1.381128 -1.040657
vt 1.375483 -0.966002
vt 1.459232 0.648321
vt 1.440624 0.718658
vt 1.397905 0.756099
vt 1.508723 -1.838972
vt 1.477676 -1.755259
vt 1.434815 -1.631457
vt 1.406241 -1.495944
vt 1.413595 -1.366017
vt 1.392425 -1.304081
vt 1.496776 0.692551
vt 1.463248 0.731313
vt 1.432850 0.795188
vt 1.539980 -1.889867
vt 1.539219 -1.821734
vt 1.503159 -1.699599
vt 1.502201 -1.569280
vt 1.473524 -1.448122
vt 1.535311 0.704955
vt 1.478782 0.763029
vt 1.590491 2.705464
vt 1.587274 2.776612
vt 1.591893 -1.807419
vt 1.598407 -1.737195
vt 1.598385 -1.647790
vt 1.522956 -1.524100
vt 1.590922 0.656379
vt 1.532077 0.694179
vt 1.631174 2.135095
vt 1.635680 2.160431
vt 1.623741 2.385974
vt 1.603460 2.478643
vt 1.621982 2.629029
vt 1.549964 2.740214
vt 1.639379 -1.650734
vt 1.602410 -1.562718
vt 1.576078 -1.463313
vt 1.561576 -1.416721
vt 1.635952 0.627757
vt 1.608216 0.654739
vt 1.638908 2.070185
vt 1.651779 2.168113
vt 1.634173 2.298241
vt 1.593925 2.429144
vt 1.618875 2.546980
vt 1.559482 2.669814
vt 1.686897 -1.580940
vt 1.686809 -1.515726
vt 1.602904 -1.434486
vt 1.713593 0.513668
vt 1.656623 0.580074
vt 1.696012 1.869708
vt 1.674528 1.979780
vt 1.669656 2.108534
vt 1.646169 2.235516
vt 1.650446 2.359002
vt 1.671177 2.493853
vt 1.609090 2.582221
vt 1.715463 -1.525921
vt 1.682220 -1.444767
vt 1.705915 -1.358280
vt 1.700675 0.461190
vt 1.645352 0.515382
vt 1.771083 1.565150
vt 1.746124 1.657257
vt 1.713323 1.790143
vt 1.692022 1.920485
vt 1.683292 2.044865
vt 1.692683 2.173133
vt 1.664186 2.294707
vt 1.637246 2.424331
vt 1.630057 2.519946
vt 1.727498 -1.315827
vt 1.744180 -1.297016
vt 1.795572 0.252278
vt 1.743504 0.326293
vt 1.793946 1.507023
vt 1.732644 1.598535
vt 1.701771 1.731076
vt 1.710488 1.853725
vt 1.687378 1.981514
vt 1.712307 2.103274
vt 1.698299 2.228035
vt 1.664639 2.348062
vt 1.765273 -1.277339
vt 1.790540 -1.222659
vt 1.789373 -1.120704
vt 1.792768 0.061285
vt 1.773214 0.177303
vt 1.720503 0.259105
vt 1.831181 1.300656
vt 1.819599 1.410627
vt 1.774082 1.539453
vt 1.747304 1.665862
vt 1.744676 1.789326
vt 1.724639 1.914177
vt 1.731564 2.039977
vt 1.716287 2.133501
vt 1.796345 -1.065008
vt 1.817360 -1.007208
vt 1.836707 -0.263985
vt 1.831422 -0.163966
vt 1.826715 -0.044732
vt 1.904215 1.134627
vt 1.868353 1.210947
vt 1.823800 1.349704
vt 1.806017 1.473648
vt 1.800600 1.599996
vt 1.795544 1.724658
vt 1.793920 1.849980
vt 1.795255 1.975029
vt 1.778439 2.095478
vt 1.784807 2.130592
vt 1.838501 -0.987115
vt 1.878469 -0.975726
vt 1.866556 -0.847577
vt 1.895435 -0.740768
vt 1.882931 -0.608543
vt 1.858704 -0.466175
vt 1.843120 -0.341016
vt 1.789225 -0.124359
vt 1.788952 -0.119799
vt 1.931944 1.089513
vt 1.893964 1.158287
vt 1.844283 1.284353
vt 1.846545 1.409985
vt 1.856706 1.534830
vt 1.863716 1.660079
vt 1.864534 1.784931
vt 1.864246 1.909636
vt 1.865572 2.041493
vt 1.825428 2.151304
vt 1.833258 2.284342
vt 1.997951 -2.001558
vt 1.997632 -1.989342
vt 1.943340 -0.961971
vt 1.955253 -0.879052
vt 1.950494 -0.788692
vt 1.954643 1.028178
vt 1.948812 1.075909
vt 1.908529 1.218409
vt 1.892606 1.343281
vt 1.922912 1.469284
vt 1.924707 1.596985
vt 1.918207 1.720755
vt 1.951539 1.843853
vt 1.963382 1.978755
vt 1.921268 2.091489
vt 1.941062 2.219862
vt 2.033732 -2.207861
vt 2.011410 -2.085104
vt 2.008899 -1.974642
vt 2.011292 -1.850951
vt 1.987877 -1.717187
vt 2.028495 -1.658381
vt 2.003358 1.051258
vt 1.983948 1.156359
vt 1.948366 1.280925
vt 1.993782 1.398815
vt 1.970739 1.526148
vt 1.979235 1.655279
vt 1.981095 1.783498
vt 1.986284 1.903801
vt 1.993539 2.030979
vt 2.008971 2.168685
vt 2.066270 -2.383007
vt 2.038230 -2.286658
vt 2.013682 -2.160083
vt 2.009948 -2.035062
vt 1.999901 -1.907772
vt 2.009929 -1.785018
vt 2.039009 -1.663248
vt 2.071767 -1.556013
vt 2.068080 -1.427120
vt 2.041716 -1.291259
vt 2.037659 -1.160562
vt 2.076022 -1.094556
vt 2.056065 1.004581
vt 2.006688 1.087913
vt 1.963740 1.214424
vt 2.022042 1.335378
vt 2.043703 1.466259
vt 2.033426 1.591322
vt 2.022364 1.715669
vt 2.032432 1.840003
vt 2.045646 1.965551
vt 2.046867 2.073164
vt 2.112169 -2.592072
vt 2.094094 -2.470231
vt 2.043889 -2.350712
vt 2.011175 -2.223803
vt 2.028642 -2.100022
vt 2.042203 -1.975020
vt 2.032526 -1.853161
vt 2.048712 -1.728804
vt 2.066073 -1.601110
vt 2.045551 -1.477913
vt 2.017049 -1.341946
vt 2.040325 -1.215518
vt 2.104267 -1.102492
vt 2.113070 -1.042920
vt 2.080283 0.921843
vt 2.047605 1.019424
vt 2.048631 1.150638
vt 2.059639 1.273442
vt 2.075478 1.399545
vt 2.060921 1.524887
vt 2.047961 1.651229
vt 2.060246 1.775015
vt 2.075243 1.901698
vt 2.103253 2.002335
vt 2.173751 -2.897026
vt 2.150469 -2.808097
vt 2.103187 -2.669815
vt 2.088576 -2.540518
vt 2.081896 -2.413479
vt 2.059115 -2.289433
vt 2.050230 -2.162251
vt 2.106450 -2.042607
vt 2.096386 -1.912426
vt 2.076017 -1.789320
vt 2.055844 -1.664013
vt 2.085678 -1.539673
vt 2.067353 -1.414770
vt 2.107304 -1.292322
vt 2.154457 -1.158188
vt 2.140809 -1.076370
vt 2.171098 -0.635442
vt 2.168202 -0.626715
vt 2.133200 0.905419
vt 2.144036 0.965107
vt 2.114263 1.085177
vt 2.095880 1.210645
vt 2.102043 1.331692
vt 2.124968 1.460863
vt 2.115400 1.584290
vt 2.123157 1.710060
vt 2.131816 1.840598
vt 2.136255 1.947628
vt 2.179899 -2.903378
vt 2.181341 -2.853884
vt 2.134974 -2.731732
vt 2.103334 -2.606776
vt 2.059876 -2.478948
vt 2.082002 -2.339750
vt 2.121492 -2.246025
vt 2.160527 -2.118659
vt 2.122700 -1.978458
vt 2.110661 -1.855926
vt 2.118055 -1.733312
vt 2.136268 -1.602591
vt 2.114195 -1.480007
vt 2.129811 -1.334291
vt 2.199324 -1.250686
vt 2.179516 -0.642412
vt 2.176118 -0.635367
vt 2.195294 0.938412
vt 2.168064 1.017428
vt 2.143745 1.142429
vt 2.120457 1.270775
vt 2.168408 1.392558
vt 2.186484 1.524059
vt 2.185169 1.650941
vt 2.174116 1.754589
vt 2.247212 -2.879380
vt 2.198375 -2.795844
vt 2.177016 -2.662499
vt 2.139924 -2.576612
vt 2.122325 -2.252014
vt 2.139961 -2.169342
vt 2.098292 -2.019870
vt 2.104801 -1.897314
vt 2.147020 -1.793802
vt 2.129486 -1.674638
vt 2.145323 -1.544169
vt 2.203124 -1.423389
vt 2.260838 -1.305428
vt 2.269850 -1.264601
vt 2.224267 0.915153
vt 2.218668 0.971991
vt 2.233610 1.083463
vt 2.187904 1.203404
vt 2.216232 1.329616
vt 2.247312 1.427124
vt 2.311947 -3.205528
vt 2.307800 -3.196456
vt 2.286649 -2.948789
vt 2.240211 -2.865969
vt 2.212746 -2.729736
vt 2.157258 -2.649887
vt 2.192816 -2.480920
vt 2.197070 -2.362028
vt 2.189764 -2.268573
vt 2.145994 -1.661212
vt 2.172866 -1.592853
vt 2.232926 -1.492536
vt 2.252798 -1.356316
vt 2.276696 -1.279030
vt 2.265368 1.077462
vt 2.248271 1.149557
vt 2.257311 1.285185
vt 2.271063 1.363526
vt 2.313563 -3.209413
vt 2.309386 -3.200416
vt 2.317999 -2.977942
vt 2.313909 -2.919095
vt 2.259714 -2.801798
vt 2.236857 -2.660798
vt 2.240394 -2.550014
vt 2.238321 -2.424641
vt 2.223584 -2.334914
vt 2.212958 -1.633300
vt 2.248434 -1.548114
vt 2.298165 -1.424561
vt 2.329151 -1.345753
vt 2.359416 1.451942
vt 2.359247 1.480999
vt 2.367306 -2.925168
vt 2.360614 -2.869878
vt 2.316096 -2.738502
vt 2.307799 -2.614633
vt 2.308929 -2.488273
vt 2.289354 -2.354709
vt 2.279217 -2.259009
vt 2.267865 -2.141628
vt 2.280065 -2.011295
vt 2.277329 -1.923229
vt 2.261398 -1.715959
vt 2.292460 -1.612893
vt 2.348253 -1.491553
vt 2.376574 -1.412434
vt 2.359064 1.451448
vt 2.358963 1.480325
vt 2.397914 -2.923262
vt 2.372524 -2.804283
vt 2.356099 -2.680075
vt 2.369425 -2.556592
vt 2.355402 -2.427271
vt 2.329007 -2.305191
vt 2.312459 -2.179912
vt 2.331021 -2.056626
vt 2.319936 -1.920999
vt 2.302857 -1.805311
vt 2.320587 -1.674528
vt 2.396968 -1.547894
vt 2.407990 -1.463341
vt 2.449349 1.099742
vt 2.457374 1.164109
vt 2.445550 1.258924
vt 2.428398 1.451569
vt 2.443746 1.485400
vt 2.477090 -3.087703
vt 2.442635 -3.002399
vt 2.423260 -2.870341
vt 2.419303 -2.745557
vt 2.435904 -2.621135
vt 2.418640 -2.494958
vt 2.383649 -2.371186
vt 2.360229 -2.247603
vt 2.380804 -2.119937
vt 2.393514 -1.994150
vt 2.369058 -1.874572
vt 2.383587 -1.743612
vt 2.458067 -1.644232
vt 2.447709 0.885206
vt 2.398758 1.023488
vt 2.421706 1.112925
vt 2.449993 1.260776
vt 2.446432 1.376752
vt 2.486153 1.484500
vt 2.501303 -3.110199
vt 2.485667 -3.056249
vt 2.488437 -2.946325
vt 2.510173 -2.824604
vt 2.500613 -2.702245
vt 2.484600 -2.558968
vt 2.455517 -2.435475
vt 2.458812 -2.309131
vt 2.453035 -2.183786
vt 2.443455 -2.059979
vt 2.463982 -1.934383
vt 2.481053 -1.809131
vt 2.486504 -1.705923
vt 2.507047 0.713580
vt 2.437419 0.808968
vt 2.383900 0.927957
vt 2.388543 1.120585
vt 2.433225 1.174458
vt 2.487234 1.307832
vt 2.507423 1.439084
vt 2.568664 -3.228587
vt 2.556869 -3.131217
vt 2.557041 -2.993137
vt 2.574737 -2.913146
vt 2.545016 -2.743821
vt 2.525782 -2.624990
vt 2.546330 -2.497839
vt 2.533146 -2.372446
vt 2.520712 -2.250177
vt 2.541496 -2.130112
vt 2.535952 -1.986452
vt 2.533677 -1.851788
vt 2.532399 -1.763646
vt 2.568173 0.399673
vt 2.555557 0.483894
vt 2.521906 0.622105
vt 2.463589 0.720597
vt 2.463011 1.151518
vt 2.489304 1.246862
vt 2.502527 1.376100
vt 2.621536 -3.428140
vt 2.618299 -3.317956
vt 2.565623 -3.190240
vt 2.550524 -3.060380
vt 2.595852 -2.958708
vt 2.593892 -2.789636
vt 2.596668 -2.690174
vt 2.600822 -2.565112
vt 2.599816 -2.438705
vt 2.600466 -2.315141
vt 2.610994 -2.231511
vt 2.612666 0.340402
vt 2.581677 0.436542
vt 2.524416 0.555072
vt 2.484504 0.647878
vt 2.460741 1.153782
vt 2.469954 1.211940
vt 2.496109 1.323371
vt 2.656001 -4.759001
vt 2.651380 -4.694932
vt 2.620070 -3.435955
vt 2.623679 -3.381407
vt 2.592632 -3.258655
vt 2.580459 -3.122917
vt 2.643021 -3.032156
vt 2.625661 -2.798521
vt 2.636443 -2.729836
vt 2.627702 -2.617732
vt 2.650696 -2.520162
vt 2.636047 -2.378611
vt 2.649310 -2.300655
vt 2.657287 0.134664
vt 2.650635 0.241568
vt 2.563304 0.367483
vt 2.547083 0.488330
vt 2.520088 0.602628
vt 2.665525 -4.796815
vt 2.667107 -4.712882
vt 2.680217 -3.389715
vt 2.676441 -3.326663
vt 2.662929 -3.195169
vt 2.691772 -3.109825
vt 2.718631 -2.661661
vt 2.707706 -2.584673
vt 2.686082 -2.444633
vt 2.688563 -2.322374
vt 2.688377 -2.206977
vt 2.682355 -2.083295
vt 2.714462 -2.029015
vt 2.695497 -0.183058
vt 2.667072 -0.076869
vt 2.672153 0.050152
vt 2.637775 0.183987
vt 2.593166 0.305050
vt 2.574105 0.374517
vt 2.717505 -3.325577
vt 2.715506 -3.239986
vt 2.721566 -3.166224
vt 2.737522 -2.701232
vt 2.728590 -2.634422
vt 2.735713 -2.509837
vt 2.710657 -2.386081
vt 2.687282 -2.259101
vt 2.693931 -2.128780
vt 2.743984 -2.052185
vt 2.744528 -0.354018
vt 2.677505 -0.261564
vt 2.641226 -0.129779
vt 2.636834 -0.011356
vt 2.640876 0.115773
vt 2.642278 0.244401
vt 2.602026 0.334949
vt 2.809963 -3.419993
vt 2.809890 -3.419787
vt 2.785373 -2.797004
vt 2.771184 -2.700104
vt 2.762156 -2.575128
vt 2.738229 -2.449308
vt 2.712600 -2.325100
vt 2.717114 -2.199381
vt 2.751325 -2.063694
vt 2.789492 -2.007379
vt 2.796570 -0.563915
vt 2.745695 -0.444581
vt 2.678877 -0.333695
vt 2.658195 -0.014241
vt 2.657346 0.071524
vt 2.649668 0.155370
vt 2.689169 0.955210
vt 2.686615 1.057744
vt 2.809999 -3.420068
vt 2.814247 -3.391695
vt 2.834234 -3.276129
vt 2.812160 -3.149235
vt 2.823718 -3.021462
vt 2.771123 -2.901286
vt 2.748033 -2.759833
vt 2.760071 -2.641431
vt 2.719139 -2.506753
vt 2.703739 -2.367999
vt 2.715697 -2.249734
vt 2.770305 -2.140357
vt 2.825244 -2.019126
vt 2.833035 -1.915533
vt 2.842940 -1.830977
vt 2.834718 -1.369574
vt 2.816827 -1.278442
vt 2.850531 -1.212424
vt 2.851924 -0.990458
vt 2.846853 -0.919685
vt 2.826419 -0.782222
vt 2.805964 -0.641140
vt 2.743966 -0.544250
vt 2.730272 -0.109060
vt 2.729977 -0.084790
vt 2.700003 0.930993
vt 2.719912 0.970822
vt 2.879015 -3.453677
vt 2.860957 -3.329957
vt 2.844062 -3.205239
vt 2.840532 -3.076245
vt 2.806930 -2.949354
vt 2.779154 -2.818920
vt 2.736937 -2.713614
vt 2.749449 -2.269378
vt 2.782655 -2.200725
vt 2.859413 -2.089808
vt 2.868898 -1.957316
vt 2.855773 -1.843333
vt 2.856519 -1.454244
vt 2.804376 -1.330415
vt 2.861379 -1.206224
vt 2.834135 -1.077198
vt 2.798815 -0.953098
vt 2.789128 -0.828101
vt 2.755128 -0.699047
vt 2.730787 -0.611190
vt 2.738303 -0.118305
vt 2.738491 -0.093671
vt 1.453471 -0.684539
vt 1.483025 -0.594952
vt 1.462973 -0.445680
vt 1.460869 -0.317553
vt 1.465102 -0.199384
vt 1.469247 -0.080596
vt 1.473408 0.038386
vt 1.479263 0.146600
vt 1.513980 0.285550
vt 1.527330 0.358324
vt 1.521948 1.958247
vt 1.482914 2.037531
vt 1.454455 2.190788
vt 1.513513 2.292353
vt 1.539765 2.345481
vt 1.528810 2.834702
vt 1.507545 2.919405
vt 1.524044 2.994615
vt 1.577124 -2.477273
vt 1.552912 -2.392367
vt 1.574967 -2.328711
vt 1.554120 -1.862541
vt 1.507192 -1.761510
vt 1.485584 -1.624281
vt 1.483693 -1.487791
vt 1.485707 -1.355539
vt 1.488545 -1.233971
vt 1.490567 -1.112377
vt 1.492916 -0.990810
vt 1.489714 -0.860139
vt 1.492394 -0.729038
vt 1.539571 -0.654601
vt 1.441395 0.177145
vt 1.456931 0.278657
vt 1.489914 0.392444
vt 1.494454 0.507521
vt 1.512403 0.577285
vt 1.579346 1.777411
vt 1.537026 1.871272
vt 1.458848 1.988069
vt 1.454752 2.126253
vt 1.480783 2.255625
vt 1.530274 2.369711
vt 1.543948 2.490570
vt 1.544572 2.613696
vt 1.533064 2.756127
vt 1.503347 2.883064
vt 1.558550 2.988455
vt 1.624609 -2.786952
vt 1.600532 -2.711772
vt 1.595238 -2.556890
vt 1.579487 -2.424788
vt 1.584085 -2.342671
vt 1.582044 -1.909054
vt 1.535148 -1.807960
vt 1.484952 -1.710809
vt 1.531131 0.571359
vt 1.510625 0.628753
vt 1.588709 1.722209
vt 1.565239 1.811425
vt 1.525733 1.934446
vt 1.539727 2.059264
vt 1.542241 2.183914
vt 1.539537 2.310360
vt 1.526730 2.435969
vt 1.522910 2.560822
vt 1.527912 2.684474
vt 1.522270 2.814023
vt 1.580455 2.930496
vt 1.627421 -2.792004
vt 1.616527 -2.737094
vt 1.621545 -2.635791
vt 1.612344 -1.986110
vt 1.563025 -1.896790
vt 1.645702 0.549742
vt 1.581025 0.632027
vt 1.560979 0.690936
vt 1.665400 1.527170
vt 1.626599 1.614194
vt 1.586337 1.743290
vt 1.581320 1.870603
vt 1.598958 1.994320
vt 1.617402 2.118802
vt 1.573727 2.243124
vt 1.560999 2.370256
vt 1.580659 2.493914
vt 1.600101 2.616994
vt 1.566642 2.743200
vt 1.591810 2.867635
vt 1.604960 -3.154305
vt 1.694683 -3.088561
vt 1.718814 -3.037189
vt 1.700475 -2.166894
vt 1.650542 -2.078082
vt 1.590042 -1.950254
vt 1.596493 -1.877767
vt 1.674211 0.522207
vt 1.672045 0.565529
vt 1.615104 0.659126
vt 1.672803 1.474266
vt 1.627086 1.553634
vt 1.622103 1.679963
vt 1.636792 1.799513
vt 1.639500 1.929010
vt 1.634282 2.055793
vt 1.589774 2.172575
vt 1.582889 2.305955
vt 1.602457 2.430010
vt 1.602921 2.556203
vt 1.597821 2.683351
vt 1.602371 2.806937
vt 1.682564 -3.260005
vt 1.695881 -3.132578
vt 1.725420 -3.051506
vt 1.720808 -2.207013
vt 1.713082 -2.156975
vt 1.670723 -2.011594
vt 1.653193 -1.873474
vt 1.659946 -1.767466
vt 1.640766 -1.725492
vt 1.736506 0.545946
vt 1.673074 0.601799
vt 1.708189 1.428900
vt 1.701702 1.474080
vt 1.680239 1.615331
vt 1.676074 1.739441
vt 1.650021 1.862902
vt 1.661250 1.988058
vt 1.631411 2.114631
vt 1.644133 2.228190
vt 1.648662 2.368093
vt 1.625281 2.504408
vt 1.626523 2.608501
vt 1.728350 -3.329575
vt 1.739249 -3.200296
vt 1.764780 -3.113769
vt 1.760375 -2.158530
vt 1.748875 -2.069514
vt 1.773122 -1.947097
vt 1.721572 -1.828124
vt 1.679831 -1.712251
vt 1.687083 -1.636065
vt 1.764596 0.517375
vt 1.731293 0.563880
vt 1.701981 0.618083
vt 1.765057 1.444080
vt 1.766339 1.542345
vt 1.762571 1.682031
vt 1.726810 1.801816
vt 1.692538 1.926919
vt 1.661670 2.006752
vt 1.657927 2.227256
vt 1.657636 2.281981
vt 1.811351 -3.378571
vt 1.807169 -3.240935
vt 1.809828 -3.168936
vt 1.810024 -1.943306
vt 1.803389 -1.870656
vt 1.804329 -1.758273
vt 1.730632 -1.643046
vt 1.737436 -1.601870
vt 1.776090 0.527395
vt 1.722232 0.587354
vt 1.813037 1.382575
vt 1.785799 1.481838
vt 1.775621 1.610188
vt 1.757481 1.734724
vt 1.713759 1.854063
vt 1.687105 1.956610
vt 1.836566 -1.791735
vt 1.836496 -1.707863
vt 1.794587 -1.578139
vt 1.799619 -1.463446
vt 1.778798 -1.411471
vt 1.806174 0.397649
vt 1.892689 1.203176
vt 1.855740 1.292695
vt 1.789740 1.421708
vt 1.787893 1.544237
vt 1.752651 1.690031
vt 1.730763 1.765511
vt 1.900027 -1.684083
vt 1.922289 -1.639724
vt 1.877679 -1.516607
vt 1.829948 -1.404996
vt 1.833438 -1.337032
vt 1.910724 0.117981
vt 1.899670 0.226287
vt 1.847921 0.328691
vt 1.902036 1.136713
vt 1.843656 1.227751
vt 1.802537 1.354609
vt 1.806986 1.441666
vt 1.944881 -1.660536
vt 1.961639 -1.577693
vt 1.941560 -1.459159
vt 1.914789 -1.309485
vt 1.892149 -1.200613
vt 1.881185 -1.135559
vt 1.952443 -0.061217
vt 1.895054 0.036589
vt 1.872729 0.132949
vt 1.938534 1.051960
vt 1.866339 1.161698
vt 1.842533 1.285251
vt 1.822854 1.389538
vt 2.012678 -2.014386
vt 1.965389 -1.907588
vt 1.977088 -1.778067
vt 1.981462 -1.632503
vt 1.993110 -1.529568
vt 1.995801 -1.398944
vt 1.980715 -1.272773
vt 1.934408 -1.129208
vt 1.921941 -1.055849
vt 1.917717 -0.262145
vt 1.951399 -0.114679
vt 1.965193 -0.106629
vt 1.990592 0.990875
vt 1.908520 1.105206
vt 1.873859 1.182309
vt 2.073621 -2.191253
vt 2.038109 -2.095236
vt 1.982441 -1.966257
vt 1.934123 -1.836996
vt 1.960993 -1.712285
vt 1.967812 -1.583909
vt 2.003075 -1.469969
vt 2.017263 -1.342741
vt 2.030416 -1.214634
vt 1.977354 -1.053647
vt 1.959419 -1.007380
vt 1.957196 -0.704689
vt 1.959559 -0.617110
vt 1.975882 -0.484082
vt 1.978036 -0.332025
vt 2.010261 -0.211698
vt 2.040027 -0.116630
vt 2.058105 0.676329
vt 2.039235 0.775350
vt 2.032718 0.908075
vt 1.964227 1.026574
vt 2.107179 -2.379569
vt 2.094569 -2.277608
vt 2.042302 -2.156021
vt 1.997886 -2.024542
vt 1.990483 -1.917642
vt 2.001767 -1.779348
vt 1.989309 -1.655100
vt 2.022928 -1.534819
vt 2.039320 -1.407753
vt 2.034212 -1.280073
vt 2.023541 -1.157717
vt 1.977781 -1.031308
vt 2.017065 -0.914178
vt 2.012385 -0.768861
vt 2.042462 -0.641345
vt 2.055540 -0.533218
vt 2.059040 -0.405041
vt 2.062910 -0.280119
vt 2.076266 -0.162050
vt 2.088497 0.630758
vt 2.066134 0.717267
vt 2.056651 0.846195
vt 1.999229 0.963458
vt 1.999483 1.000913
vt 2.140522 -2.432463
vt 2.092651 -2.345240
vt 2.047851 -2.224332
vt 2.014420 -2.098723
vt 2.003799 -1.912588
vt 2.017147 -1.819766
vt 1.984397 -1.687943
vt 2.046198 -1.601050
vt 2.062010 -1.469465
vt 2.058403 -1.345305
vt 2.044165 -1.219834
vt 2.031992 -1.095003
vt 2.062613 -0.976851
vt 2.093667 -0.848679
vt 2.099571 -0.716784
vt 2.090801 -0.596878
vt 2.081366 -0.469770
vt 2.108550 -0.349026
vt 2.132111 -0.209683
vt 2.162183 -0.168121
vt 2.140566 0.581255
vt 2.123540 0.654771
vt 2.114942 0.781344
vt 2.088247 0.917084
vt 2.038289 0.996567
vt 2.206618 -2.763907
vt 2.199890 -2.681632
vt 2.165169 -2.533794
vt 2.098019 -2.402083
vt 2.051231 -2.308036
vt 2.065812 -1.604544
vt 2.075633 -1.523208
vt 2.081798 -1.396543
vt 2.057623 -1.260847
vt 2.043990 -1.130682
vt 2.077452 -1.030782
vt 2.096411 -0.905828
vt 2.122768 -0.785515
vt 2.104940 -0.660092
vt 2.108166 -0.535008
vt 2.109273 -0.406508
vt 2.131468 -0.279173
vt 2.184040 -0.169210
vt 2.191364 -0.086480
vt 2.169474 0.548520
vt 2.176961 0.594356
vt 2.159049 0.714848
vt 2.152997 0.844640
vt 2.091431 0.940218
vt 2.235615 -3.962451
vt 2.237074 -3.897695
vt 2.253061 -3.720492
vt 2.251784 -3.628644
vt 2.239622 -3.499934
vt 2.228368 -3.369113
vt 2.218875 -3.235696
vt 2.224846 -3.112637
vt 2.213034 -2.986322
vt 2.202171 -2.843627
vt 2.189775 -2.729684
vt 2.152773 -2.606509
vt 2.123920 -2.487602
vt 2.106840 -1.037204
vt 2.120122 -0.974673
vt 2.153690 -0.848904
vt 2.154129 -0.725573
vt 2.150566 -0.600311
vt 2.142426 -0.474990
vt 2.147336 -0.348265
vt 2.191484 -0.222589
vt 2.222882 -0.129357
vt 2.228761 0.572153
vt 2.211770 0.647500
vt 2.213313 0.773136
vt 2.140306 0.875682
vt 2.265278 -4.012949
vt 2.264995 -3.903506
vt 2.257394 -3.800899
vt 2.243803 -3.662259
vt 2.247642 -3.538829
vt 2.254476 -3.416478
vt 2.262114 -3.289336
vt 2.250217 -3.161630
vt 2.209314 -3.040673
vt 2.169943 -2.917367
vt 2.158257 -2.774270
vt 2.140266 -2.690230
vt 2.179594 -1.136758
vt 2.179007 -1.051008
vt 2.214412 -0.914979
vt 2.218079 -0.789362
vt 2.168832 -0.664054
vt 2.170478 -0.550357
vt 2.200434 -0.414001
vt 2.254519 -0.281684
vt 2.265540 -0.191056
vt 2.283146 0.512845
vt 2.277093 0.586348
vt 2.251871 0.712817
vt 2.181218 0.837823
vt 2.181868 0.900826
vt 2.174735 1.862858
vt 2.164812 1.963877
vt 2.301884 -4.039469
vt 2.301331 -3.960190
vt 2.319832 -3.853940
vt 2.324145 -3.729787
vt 2.297077 -3.606482
vt 2.318418 -3.465821
vt 2.317889 -3.335373
vt 2.310668 -3.241881
vt 2.250473 -3.108447
vt 2.210882 -2.973207
vt 2.226217 -2.912959
vt 2.201544 -1.187277
vt 2.235442 -1.106353
vt 2.272217 -0.980936
vt 2.293180 -0.852738
vt 2.247855 -0.702583
vt 2.191497 -0.613173
vt 2.278190 -0.479371
vt 2.315585 -0.392190
vt 2.314612 0.441660
vt 2.311103 0.519711
vt 2.299173 0.645405
vt 2.255983 0.769141
vt 2.211996 0.874052
vt 2.224662 1.548189
vt 2.228862 1.618811
vt 2.203324 1.775052
vt 2.246691 1.894980
vt 2.351280 -3.866891
vt 2.362448 -3.811642
vt 2.339191 -3.647843
vt 2.379480 -3.563797
vt 2.362826 -3.432649
vt 2.354503 -3.298304
vt 2.295995 -3.170738
vt 2.276890 -3.044760
vt 2.268385 -2.949565
vt 2.254043 -1.246707
vt 2.288775 -1.195702
vt 2.324420 -1.045770
vt 2.324749 -0.919648
vt 2.326717 -0.794395
vt 2.343334 -0.667059
vt 2.344370 -0.527136
vt 2.349762 -0.449264
vt 2.357717 0.401602
vt 2.367649 0.442484
vt 2.359169 0.580216
vt 2.311124 0.697459
vt 2.275345 0.841764
vt 2.279027 0.942210
vt 2.286946 1.020593
vt 2.258230 1.490351
vt 2.281904 1.579135
vt 2.293625 1.704795
vt 2.313361 1.828423
vt 2.431175 -4.090718
vt 2.428204 -4.001343
vt 2.403671 -3.869650
vt 2.391156 -3.737154
vt 2.387987 -3.610623
vt 2.369375 -3.486629
vt 2.347060 -3.362208
vt 2.335457 -3.227791
vt 2.296349 -3.121854
vt 2.302654 -3.011451
vt 2.321768 -1.228852
vt 2.371890 -1.114527
vt 2.385936 -0.983459
vt 2.376773 -0.859781
vt 2.406727 -0.763365
vt 2.411293 0.417818
vt 2.399304 0.515247
vt 2.396376 0.645137
vt 2.392050 0.769547
vt 2.398385 0.888054
vt 2.338572 1.026915
vt 2.313081 1.116473
vt 2.302528 1.247751
vt 2.310649 1.386004
vt 2.351569 1.506984
vt 2.358426 1.637472
vt 2.395434 1.763546
vt 2.466822 -4.321122
vt 2.458984 -4.179883
vt 2.450691 -4.031543
vt 2.465741 -3.927613
vt 2.459591 -3.797619
vt 2.440866 -3.657848
vt 2.439617 -3.547089
vt 2.407520 -3.426410
vt 2.370153 -3.285208
vt 2.336399 -3.172648
vt 2.360804 -3.044244
vt 2.360802 -2.978361
vt 2.351403 -1.282467
vt 2.393953 -1.173996
vt 2.440983 -1.051969
vt 2.410250 -0.927605
vt 2.452307 -0.842094
vt 2.456199 0.363459
vt 2.453792 0.450465
vt 2.445575 0.557965
vt 2.441773 0.891966
vt 2.447265 0.963595
vt 2.383395 1.071747
vt 2.373921 1.198407
vt 2.367475 1.325030
vt 2.365166 1.436052
vt 2.365598 1.558718
vt 2.436175 1.695911
vt 2.479651 -4.363349
vt 2.501794 -4.244140
vt 2.514697 -4.125167
vt 2.479395 -3.994330
vt 2.501383 -3.899338
vt 2.504292 -3.574165
vt 2.477401 -3.491012
vt 2.474033 -3.364108
vt 2.451293 -3.241967
vt 2.432790 -3.115362
vt 2.404086 -2.991233
vt 2.406183 -2.949521
vt 2.396723 -1.349376
vt 2.428053 -1.238458
vt 2.473607 -1.115445
vt 2.498624 -0.986091
vt 2.489345 -0.898387
vt 2.513687 0.172467
vt 2.505513 0.267615
vt 2.500832 0.383210
vt 2.496351 0.510150
vt 2.516187 0.584219
vt 2.530871 0.785812
vt 2.497057 0.878889
vt 2.474497 1.014077
vt 2.450841 1.135626
vt 2.437040 1.283533
vt 2.371587 1.377333
vt 2.391199 1.509383
vt 2.444351 1.634733
vt 2.508109 -4.429868
vt 2.497736 -4.303129
vt 2.533282 -4.181364
vt 2.520230 -4.054839
vt 2.547125 -3.933887
vt 2.555694 -3.820147
vt 2.527444 -3.679973
vt 2.499698 -3.550443
vt 2.537628 -3.430882
vt 2.537931 -3.305601
vt 2.508914 -3.174663
vt 2.465752 -3.049584
vt 2.430778 -2.983887
vt 2.448346 -1.523797
vt 2.453043 -1.442904
vt 2.478929 -1.304567
vt 2.528182 -1.183749
vt 2.557221 -1.075203
vt 2.555032 -0.031669
vt 2.542183 0.076670
vt 2.547810 0.203889
vt 2.524079 0.321694
vt 2.514352 0.445258
vt 2.517198 0.583931
vt 2.527621 0.711357
vt 2.532594 0.822116
vt 2.507504 0.948425
vt 2.457332 1.075744
vt 2.482460 1.197425
vt 2.461659 1.316593
vt 2.443678 1.434548
vt 2.467898 1.551056
vt 2.535452 -4.495611
vt 2.550638 -4.371658
vt 2.595064 -4.249011
vt 2.582913 -4.118969
vt 2.579207 -3.996117
vt 2.559360 -3.870017
vt 2.528770 -3.746560
vt 2.495851 -3.616112
vt 2.496395 -3.489357
vt 2.530345 -3.378014
vt 2.514208 -3.245411
vt 2.482915 -3.112358
vt 2.454104 -3.026567
vt 2.489584 -1.574294
vt 2.523996 -1.500819
vt 2.520440 -1.369823
vt 2.556401 -1.244587
vt 2.585734 -1.148433
vt 2.577231 -0.095167
vt 2.569333 0.006262
vt 2.567642 0.130380
vt 2.536513 0.253167
vt 2.524712 0.379235
vt 2.522389 0.506690
vt 2.550946 0.628522
vt 2.549092 0.757384
vt 2.494650 0.871246
vt 2.454230 1.009178
vt 2.455119 1.336908
vt 2.450274 1.358540
vt 2.523221 -4.564967
vt 2.555617 -4.433140
vt 2.596432 -4.311252
vt 2.602527 -4.184995
vt 2.592182 -4.061383
vt 2.582098 -3.935376
vt 2.548968 -3.810530
vt 2.531934 -3.684085
vt 2.542091 -3.558092
vt 2.551084 -3.435644
vt 2.545440 -3.310104
vt 2.535240 -3.177764
vt 2.533956 -3.085009
vt 2.537829 -3.008814
vt 2.548981 -2.810128
vt 2.539895 -2.774636
vt 2.529801 -1.646953
vt 2.559304 -1.560119
vt 2.566120 -1.434302
vt 2.603078 -1.311770
vt 2.619702 -1.214617
vt 2.610527 -0.141761
vt 2.625487 -0.058338
vt 2.612906 0.065046
vt 2.597498 0.191365
vt 2.593768 0.312657
vt 2.584421 0.444288
vt 2.562092 0.565198
vt 2.536545 0.693152
vt 2.495208 0.785034
vt 2.556826 -4.587727
vt 2.593461 -4.500738
vt 2.624930 -4.374979
vt 2.647524 -4.249624
vt 2.662252 -4.124702
vt 2.642109 -3.994005
vt 2.599473 -3.874876
vt 2.590856 -3.750658
vt 2.606129 -3.624829
vt 2.607642 -3.498046
vt 2.574078 -3.375421
vt 2.567852 -3.249593
vt 2.547939 -3.097822
vt 2.538512 -3.009242
vt 2.577069 -2.843945
vt 2.566356 -2.806930
vt 2.585246 -2.114188
vt 2.589513 -2.018645
vt 2.593474 -1.885087
vt 2.586816 -1.747955
vt 2.631010 -1.623455
vt 2.671487 -1.497113
vt 2.676121 -1.385678
vt 2.662127 -1.292630
vt 2.673703 -0.053915
vt 2.686002 -0.002174
vt 2.662400 0.129526
vt 2.653019 0.263839
vt 2.577932 0.368155
vt 2.565720 0.516195
vt 2.556998 0.599088
vt 2.615364 -4.653247
vt 2.647894 -4.568170
vt 2.700966 -4.441218
vt 2.728339 -4.313158
vt 2.702923 -4.190019
vt 2.672679 -4.066852
vt 2.648088 -3.939758
vt 2.649958 -3.813915
vt 2.669614 -3.689474
vt 2.661472 -3.561258
vt 2.617139 -3.445078
vt 2.613589 -3.342000
vt 2.618627 -2.893534
vt 2.613243 -2.851327
vt 2.614737 -2.168289
vt 2.646897 -2.066980
vt 2.673226 -1.940079
vt 2.690411 -1.815357
vt 2.720685 -1.691330
vt 2.743523 -1.553155
vt 2.727981 -1.445721
vt 2.706358 -1.341565
vt 2.710412 -0.046669
vt 2.697298 0.058808
vt 2.645999 0.185466
vt 2.632250 0.273122
vt 2.648327 -4.695348
vt 2.662854 -4.625760
vt 2.725171 -4.507784
vt 2.731753 -4.378403
vt 2.735230 -4.257633
vt 2.730296 -4.132967
vt 2.712600 -4.005127
vt 2.714792 -3.879994
vt 2.711960 -3.750495
vt 2.701968 -3.623944
vt 2.646296 -3.515975
vt 2.662651 -3.446400
vt 2.668625 -2.963201
vt 2.654999 -2.871675
vt 2.671951 -2.764180
vt 2.660166 -2.651579
vt 2.672503 -2.593629
vt 2.666398 -2.239311
vt 2.697246 -2.133545
vt 2.717917 -2.005215
vt 2.726441 -1.879534
vt 2.746067 -1.754975
vt 2.759644 -1.618687
vt 2.762826 -1.546630
vt 2.776557 -0.234689
vt 2.737502 -0.133504
vt 2.697827 -0.002881
vt 2.648299 0.114504
vt 2.632427 0.217563
vt 2.707615 -4.833471
vt 2.723117 -4.693990
vt 2.758952 -4.570112
vt 2.791865 -4.444244
vt 2.819551 -4.320275
vt 2.800018 -4.194956
vt 2.791873 -4.066165
vt 2.766206 -3.945002
vt 2.758160 -3.819139
vt 2.740156 -3.694514
vt 2.750131 -3.569197
vt 2.722468 -3.449075
vt 2.716382 -3.396381
vt 2.710711 -3.045698
vt 2.765250 -2.952428
vt 2.748739 -2.819600
vt 2.709097 -2.687509
vt 2.693352 -2.615274
vt 2.686830 -2.261032
vt 2.698669 -2.175331
vt 2.703403 -2.055992
vt 2.726442 -1.955483
vt 2.744136 -1.815957
vt 2.779149 -1.673860
vt 2.817809 -1.605291
vt 2.842186 -1.042305
vt 2.843478 -1.035430
vt 2.842278 -0.415730
vt 2.797122 -0.327283
vt 2.720784 -0.200115
vt 2.682074 -0.043883
vt 2.677137 0.030133
vt 2.795866 -4.884837
vt 2.838674 -4.758137
vt 2.839875 -4.620175
vt 2.840747 -4.484069
vt 2.853979 -4.353809
vt 2.842254 -4.248292
vt 2.822333 -4.171526
vt 2.798869 -4.008469
vt 2.802702 -3.883697
vt 2.789386 -3.759431
vt 2.815696 -3.635950
vt 2.801583 -3.500911
vt 2.748325 -3.389237
vt 2.759934 -3.270453
vt 2.767295 -3.143933
vt 2.825775 -3.012464
vt 2.808214 -2.880004
vt 2.750732 -2.765144
vt 2.765242 -1.985886
vt 2.784925 -1.886091
vt 2.807894 -1.760907
vt 2.829875 -1.615364
vt 2.873305 -1.570076
vt 2.880083 -1.360538
vt 2.869474 -1.282939
vt 2.812758 -1.127567
vt 2.835921 -1.011377
vt 2.868422 -0.907044
vt 2.876564 -0.835455
vt 2.889992 -0.605009
vt 2.882752 -0.504612
vt 2.796853 -0.371216
vt 2.728153 -0.288736
vt 2.890220 -4.952787
vt 2.887349 -4.840937
vt 2.882616 -4.200133
vt 2.869690 -4.075427
vt 2.848506 -3.952571
vt 2.846918 -3.824788
vt 2.864606 -3.700303
vt 2.856932 -3.572068
vt 2.814531 -3.443575
vt 2.805958 -3.345418
vt 2.816958 -3.201606
vt 2.820712 -3.074524
vt 2.831170 -2.948838
vt 2.796372 -2.858004
vt 2.771467 -1.998719
vt 2.810790 -1.953674
vt 2.846942 -1.829453
vt 2.864676 -1.701910
vt 2.895858 -1.578313
vt 2.912250 -1.442165
vt 2.870407 -1.328569
vt 2.838788 -1.201841
vt 2.864185 -1.078600
vt 2.883311 -0.950275
vt 2.893590 -0.830820
vt 2.874001 -0.685511
vt 2.823056 -0.577424
vt 2.807709 -0.468501
vt 2.942486 -4.225305
vt 2.945589 -4.140110
vt 2.932160 -4.010518
vt 2.895813 -3.890354
vt 2.900814 -3.765842
vt 2.894662 -3.639278
vt 2.855042 -3.491943
vt 2.814175 -3.391998
vt 2.826980 -3.244440
vt 2.817668 -3.117244
vt 2.829317 -2.989361
vt 2.810033 -2.919889
vt 2.833975 -1.958035
vt 2.830582 -1.880830
vt 2.846780 -1.762257
vt 2.894822 -1.642442
vt 2.912860 -1.515130
vt 2.868437 -1.390803
vt 2.854260 -1.255914
vt 2.887610 -1.146257
vt 2.868929 -1.012001
vt 2.883619 -0.887594
vt 2.844198 -0.748766
vt 2.819503 -0.659295
vt 2.980189 -4.235918
vt 3.009397 -4.193704
vt 2.958895 -4.081566
vt 2.957037 -3.951379
vt 2.933770 -3.831499
vt 2.915666 -3.699054
vt 2.898172 -3.574217
vt 2.874858 -3.472271
vt 2.883584 -1.826622
vt 2.903436 -1.701768
vt 2.930102 -1.569995
vt 2.899128 -1.470476
vt 2.867046 -1.135802
vt 2.854130 -1.085353
vt 1.606504 -2.946714
vt 1.605091 -2.821959
vt 1.604059 -2.693650
vt 1.616867 -2.569416
vt 1.616751 -2.447567
vt 1.631640 -2.378635
vt 1.568694 -0.566881
vt 1.602752 -0.464614
vt 1.589620 -0.323697
vt 1.590668 -0.200407
vt 1.593220 -0.079064
vt 1.595864 0.042092
vt 1.597198 0.165147
vt 1.596161 0.291122
vt 1.594718 0.410686
vt 1.637902 0.493881
vt 1.598954 1.935782
vt 1.605742 2.042400
vt 1.599093 2.167713
vt 1.594376 2.294169
vt 1.588298 2.406965
vt 1.606725 2.551003
vt 1.602953 2.679559
vt 1.574259 2.808784
vt 1.569633 2.941974
vt 1.553010 3.069584
vt 1.586315 -3.010239
vt 1.593102 -2.884977
vt 1.583340 -2.747549
vt 1.591376 -2.622125
vt 1.586798 -2.499044
vt 1.570868 -2.324291
vt 1.616642 -2.265990
vt 1.682451 -2.001247
vt 1.609204 -1.894362
vt 1.606965 -1.724538
vt 1.610151 -1.603331
vt 1.610350 -1.478922
vt 1.609272 -1.352354
vt 1.610675 -1.229263
vt 1.613042 -1.107988
vt 1.617132 -0.988618
vt 1.617736 -0.864428
vt 1.611943 -0.731303
vt 1.611382 -0.608219
vt 1.655646 -0.520506
vt 1.559088 0.439988
vt 1.600683 0.530596
vt 1.639337 0.538826
vt 1.689219 1.640525
vt 1.626722 1.749055
vt 1.599816 1.844694
vt 1.559768 2.422897
vt 1.563020 2.523839
vt 1.570581 2.647080
vt 1.566803 2.742613
vt 1.637571 -3.052512
vt 1.665429 -2.935267
vt 1.639219 -2.810347
vt 1.611930 -2.676826
vt 1.595107 -2.555776
vt 1.620227 -2.457738
vt 1.621025 -2.289519
vt 1.671057 -2.171123
vt 1.702460 -2.066861
vt 1.646405 -1.958198
vt 1.672295 0.521568
vt 1.693030 1.569249
vt 1.617200 1.651094
vt 1.662571 -3.083411
vt 1.690044 -3.005886
vt 1.673633 -2.864131
vt 1.673726 -2.765900
vt 1.667264 -2.621587
vt 1.694392 -2.503324
vt 1.676331 -2.383377
vt 1.698147 -2.254959
vt 1.698261 -2.130895
vt 1.665330 -2.046015
vt 1.707887 0.491753
vt 1.783637 1.408416
vt 1.713544 1.492920
vt 1.650610 1.592148
vt 1.680764 -3.109056
vt 1.717427 -3.065349
vt 1.743376 -2.967800
vt 1.744913 -2.819911
vt 1.777445 -2.696591
vt 1.775845 -2.570700
vt 1.740688 -2.449449
vt 1.744225 -2.320586
vt 1.714796 -2.190101
vt 1.680604 -2.098579
vt 1.765567 0.470183
vt 1.745226 0.520937
vt 1.809927 0.702190
vt 1.804277 0.790535
vt 1.823993 0.866900
vt 1.822862 1.352607
vt 1.745798 1.410478
vt 1.772900 -2.998310
vt 1.843222 -2.881375
vt 1.858561 -2.749269
vt 1.853045 -2.636383
vt 1.809295 -2.512212
vt 1.786078 -2.383598
vt 1.747723 -2.265060
vt 1.765125 -2.226685
vt 1.843985 0.451919
vt 1.823424 0.500267
vt 1.832345 0.682733
vt 1.854697 0.751095
vt 1.831745 0.874365
vt 1.844086 0.987100
vt 1.877656 1.051734
vt 1.850374 1.264709
vt 1.767187 1.363159
vt 1.767019 1.415689
vt 1.817795 -3.051951
vt 1.890195 -2.959589
vt 1.932335 -2.798997
vt 1.889576 -2.714240
vt 1.845368 -2.577112
vt 1.821639 -2.450871
vt 1.804202 -2.325362
vt 1.802157 -2.210998
vt 1.816074 -2.095503
vt 1.817177 -2.011911
vt 1.836912 0.481346
vt 1.860329 0.489168
vt 1.893803 0.739395
vt 1.881230 0.780130
vt 1.862806 0.926276
vt 1.907330 1.041677
vt 1.873512 1.171611
vt 1.834061 1.301792
vt 1.815100 1.394495
vt 1.860835 -3.411212
vt 1.861972 -3.274613
vt 1.869368 -3.142623
vt 1.939710 -3.005286
vt 1.937951 -2.878019
vt 1.931806 -2.757717
vt 1.885458 -2.641960
vt 1.886063 -2.514302
vt 1.894306 -2.381179
vt 1.863448 -2.261106
vt 1.898248 -2.145060
vt 1.867354 -2.003482
vt 1.863733 -1.901342
vt 1.866853 -1.825823
vt 1.894835 0.463526
vt 1.928635 0.738746
vt 1.883712 0.858483
vt 1.887445 0.985453
vt 1.902545 1.109865
vt 1.887362 1.248004
vt 1.836503 1.317904
vt 1.956424 -3.454513
vt 1.967076 -3.317403
vt 1.965328 -3.199551
vt 1.994298 -3.089322
vt 1.955950 -2.954792
vt 1.971542 -2.829434
vt 1.984028 -2.709486
vt 1.976488 -2.583650
vt 1.965886 -2.454946
vt 1.962573 -2.325765
vt 1.956760 -2.204292
vt 1.955921 -2.076184
vt 1.947809 -1.953047
vt 1.888574 -1.844049
vt 1.897287 -1.766619
vt 2.022990 0.198639
vt 2.023043 0.205930
vt 1.971212 0.389698
vt 2.005112 0.486804
vt 1.975908 0.677392
vt 1.928162 0.790621
vt 1.888648 0.940314
vt 1.958711 1.037424
vt 1.916526 1.179181
vt 1.873516 1.269152
vt 2.032900 -3.100622
vt 2.032618 -3.027891
vt 2.041030 -2.899043
vt 2.026285 -2.791953
vt 2.018135 -2.579300
vt 2.011509 -2.501295
vt 2.028318 -2.373162
vt 2.036747 -2.265710
vt 2.019568 -2.138604
vt 1.949741 -2.024395
vt 1.947517 -1.897120
vt 1.932315 -1.755529
vt 1.942411 -1.702714
vt 1.983134 0.105881
vt 1.962102 0.272381
vt 1.979723 0.342959
vt 2.038793 0.481835
vt 2.055273 0.598492
vt 2.010717 0.735173
vt 1.980641 0.854472
vt 1.993453 0.975788
vt 1.946415 1.075702
vt 2.086447 -3.050089
vt 2.091062 -3.007630
vt 2.074838 -2.263858
vt 2.059074 -2.223387
vt 2.024457 -2.083124
vt 2.003287 -1.960730
vt 2.006771 -1.833826
vt 1.975864 -1.718018
vt 1.991733 -1.637145
vt 2.006932 -0.103765
vt 2.049219 -0.001826
vt 2.069696 0.383378
vt 2.089927 0.427857
vt 2.083603 0.538244
vt 2.030472 0.664952
vt 2.034436 0.789871
vt 2.003826 0.915355
vt 1.975182 0.989313
vt 2.109299 -3.069160
vt 2.114415 -3.053199
vt 2.149024 -2.367173
vt 2.119744 -2.279356
vt 2.064690 -2.149256
vt 2.028186 -2.029627
vt 1.994184 -1.872539
vt 1.998322 -1.745660
vt 1.994729 -1.641598
vt 2.042059 -0.106403
vt 2.080698 -0.037383
vt 2.128878 0.078477
vt 2.148332 0.202693
vt 2.134346 0.354719
vt 2.075998 0.471122
vt 2.041295 0.600756
vt 2.050311 0.725078
vt 2.029619 0.849617
vt 2.018484 0.923766
vt 2.190821 -2.709773
vt 2.210318 -2.618624
vt 2.186641 -2.459302
vt 2.114210 -2.344396
vt 2.071712 -2.213550
vt 2.043755 -2.120134
vt 2.063313 -0.049701
vt 2.118298 0.030181
vt 2.148591 0.160092
vt 2.141723 0.285089
vt 2.101605 0.403808
vt 2.083863 0.534644
vt 2.070717 0.659254
vt 2.046329 0.805965
vt 2.044729 0.881915
vt 2.238500 -2.862245
vt 2.207033 -2.784219
vt 2.199827 -2.654937
vt 2.163084 -2.528756
vt 2.109746 -2.405414
vt 2.094075 -2.296559
vt 2.098392 -0.099117
vt 2.125978 -0.028783
vt 2.169734 0.093553
vt 2.181328 0.219705
vt 2.162862 0.342575
vt 2.154506 0.476040
vt 2.123031 0.577542
vt 2.289788 -3.824617
vt 2.274827 -3.744233
vt 2.282797 -3.620705
vt 2.287480 -3.530066
vt 2.297803 -3.220107
vt 2.278282 -3.121011
vt 2.275634 -2.963391
vt 2.249009 -2.844155
vt 2.228435 -2.718183
vt 2.190701 -2.593186
vt 2.162913 -2.495542
vt 2.134904 -0.139209
vt 2.161105 -0.100755
vt 2.206135 0.025208
vt 2.240705 0.151449
vt 2.235132 0.285735
vt 2.210820 0.405574
vt 2.174443 0.522862
vt 2.282866 -3.902364
vt 2.271991 -3.783866
vt 2.284304 -3.659724
vt 2.289843 -3.522650
vt 2.283318 -3.411277
vt 2.276372 -3.285668
vt 2.262798 -3.160407
vt 2.266422 -3.037327
vt 2.252160 -2.910282
vt 2.224790 -2.784430
vt 2.203969 -2.648902
vt 2.191266 -2.552485
vt 2.183071 -0.105376
vt 2.210726 -0.028653
vt 2.256985 0.087029
vt 2.273127 0.209982
vt 2.255093 0.341223
vt 2.215664 0.479864
vt 2.209937 0.535141
vt 2.239865 -3.980373
vt 2.264820 -3.843439
vt 2.284297 -3.737506
vt 2.283296 -3.599419
vt 2.252046 -3.467815
vt 2.237366 -3.334602
vt 2.221049 -3.206547
vt 2.228372 -3.078305
vt 2.235040 -2.953780
vt 2.231557 -2.859338
vt 2.236827 -0.065966
vt 2.249519 0.026310
vt 2.295974 0.144458
vt 2.308011 0.276190
vt 2.283463 0.403186
vt 2.238296 0.508511
vt 2.264570 -3.834110
vt 2.266159 -3.814114
vt 2.300733 -0.258391
vt 2.300706 -0.168355
vt 2.307476 -0.042156
vt 2.345426 0.082453
vt 2.352208 0.208897
vt 2.337599 0.337629
vt 2.292060 0.448416
vt 2.347857 -4.100574
vt 2.348331 -3.991810
vt 2.352277 -3.913949
vt 2.347745 -3.578600
vt 2.365030 -3.500914
vt 2.357875 -3.366482
vt 2.349811 -3.318442
vt 2.346343 -0.330028
vt 2.374616 -0.229292
vt 2.398366 -0.105677
vt 2.434452 0.019384
vt 2.417014 0.145052
vt 2.393142 0.275491
vt 2.338624 0.379019
vt 2.428187 -4.167296
vt 2.397888 -4.044504
vt 2.376260 -3.928115
vt 2.394605 -3.884938
vt 2.350053 -3.581415
vt 2.398803 -3.538312
vt 2.375932 -3.398027
vt 2.353121 -3.323547
vt 2.395918 -0.643987
vt 2.417574 -0.569060
vt 2.436815 -0.421985
vt 2.472631 -0.295052
vt 2.496391 -0.162396
vt 2.496938 -0.027767
vt 2.481534 0.081539
vt 2.423377 0.203485
vt 2.377578 0.333370
vt 2.392149 0.371318
vt 2.443487 -4.234982
vt 2.445427 -4.111174
vt 2.420823 -3.967200
vt 2.403083 -3.893460
vt 2.429638 -0.697824
vt 2.476297 -0.606357
vt 2.531755 -0.484827
vt 2.524872 -0.360915
vt 2.521415 -0.245336
vt 2.533645 0.044506
vt 2.480655 0.140203
vt 2.436085 0.265197
vt 2.419579 0.355707
vt 2.439961 0.667738
vt 2.440085 0.735176
vt 2.442657 0.816305
vt 2.459268 -4.288938
vt 2.459184 -4.180084
vt 2.486843 -4.065059
vt 2.486614 -3.994394
vt 2.477348 -3.775082
vt 2.487120 -3.688810
vt 2.490393 -3.596585
vt 2.503006 -0.790846
vt 2.526510 -0.674635
vt 2.593568 -0.546023
vt 2.560378 -0.435917
vt 2.582703 -0.009675
vt 2.532662 0.074484
vt 2.484442 0.200193
vt 2.457584 0.299733
vt 2.474667 0.614923
vt 2.488184 0.701128
vt 2.482471 0.831785
vt 2.490648 0.895333
vt 2.496285 -4.181700
vt 2.504075 -4.092331
vt 2.489309 -4.014415
vt 2.522649 -3.837629
vt 2.549043 -3.742072
vt 2.526612 -3.633918
vt 2.527875 -0.963563
vt 2.501890 -0.875121
vt 2.540947 -0.735399
vt 2.607812 -0.640198
vt 2.637736 -0.233924
vt 2.617838 -0.111589
vt 2.566416 0.010404
vt 2.516897 0.145471
vt 2.505572 0.267731
vt 2.523494 0.318990
vt 2.496366 0.573775
vt 2.529777 0.638418
vt 2.533031 0.762669
vt 2.507185 0.855269
vt 2.551377 -3.872383
vt 2.553202 -3.786620
vt 2.540014 -3.701534
vt 2.567559 -1.010075
vt 2.562134 -0.930369
vt 2.577928 -0.799290
vt 2.666604 -0.690166
vt 2.702853 -0.584876
vt 2.680163 -0.447467
vt 2.625536 -0.312316
vt 2.605523 -0.179082
vt 2.577231 -0.051942
vt 2.540903 0.060111
vt 2.536338 0.273219
vt 2.532896 0.301128
vt 2.535236 0.654443
vt 2.536763 0.698388
vt 2.601676 -1.085120
vt 2.629868 -0.994932
vt 2.654922 -0.870636
vt 2.677843 -0.739973
vt 2.711991 -0.620312
vt 2.682017 -0.494810
vt 2.644336 -0.372279
vt 2.613006 -0.242495
vt 2.604463 -0.156720
vt 2.655364 -1.152184
vt 2.706632 -1.061647
vt 2.728871 -0.934351
vt 2.732438 -0.809299
vt 2.738683 -0.683326
vt 2.699213 -0.560453
vt 2.675909 -0.441110
vt 2.674563 -0.309908
vt 2.660328 -0.193841
vt 2.667261 -0.119611
vt 2.711754 -1.476938
vt 2.710405 -1.457734
vt 2.692967 -1.217143
vt 2.762869 -1.130943
vt 2.768379 -1.001356
vt 2.775926 -0.875929
vt 2.774524 -0.749730
vt 2.780088 -0.623500
vt 2.744229 -0.502916
vt 2.735967 -0.375405
vt 2.736178 -0.250640
vt 2.709438 -0.117800
vt 2.707227 -0.069604
vt 2.718121 -1.483038
vt 2.727924 -1.444793
vt 2.760756 -1.318712
vt 2.825949 -1.198328
vt 2.828307 -1.064922
vt 2.840250 -0.941735
vt 2.854465 -0.809270
vt 2.851742 -0.692941
vt 2.803050 -0.568699
vt 2.794793 -0.439978
vt 2.785482 -0.314554
vt 2.760547 -0.188593
vt 2.737056 -0.108245
vt 2.799286 -1.598459
vt 2.812731 -1.523331
vt 2.872547 -1.377165
vt 2.877982 -1.256439
vt 2.855550 -1.132424
vt 2.851372 -1.003640
vt 2.878350 -0.872203
vt 2.910467 -0.756336
vt 2.881756 -0.627337
vt 2.840515 -0.507402
vt 2.817255 -0.379260
vt 2.781902 -0.254688
vt 2.766712 -0.153758
vt 2.800946 -1.601509
vt 2.839078 -1.555644
vt 2.896665 -1.450007
vt 2.915530 -1.317092
vt 2.896499 -1.195422
vt 2.850623 -1.065198
vt 2.859459 -0.960203
vt 2.875140 -0.810809
vt 2.931011 -0.698963
vt 2.895242 -0.569197
vt 2.850327 -0.439640
vt 2.823566 -0.351120
vt 2.891451 -4.736302
vt 2.898411 -4.651266
vt 2.890513 -4.516539
vt 2.894771 -4.385640
vt 2.888404 -4.276511
vt 2.889826 -4.228685
vt 2.846238 -1.542217
vt 2.907862 -1.520161
vt 2.904704 -1.382702
vt 2.903828 -1.257277
vt 2.853984 -1.141700
vt 2.865891 -0.966492
vt 2.879533 -0.872962
vt 2.929815 -0.788506
vt 2.918216 -0.625646
vt 2.878889 -0.523281
vt 2.943029 -4.934522
vt 2.928506 -4.822485
vt 2.954198 -4.700814
vt 2.960079 -4.575278
vt 2.947186 -4.450794
vt 2.948540 -4.318982
vt 2.920423 -4.249476
vt 2.906731 -1.512468
vt 2.903428 -1.460498
vt 2.917739 -0.775362
vt 2.920357 -0.696922
vt 2.982189 -4.996193
vt 3.022432 -4.886976
vt 3.017121 -4.765538
vt 3.039575 -4.640180
vt 3.047925 -4.510582
vt 3.014134 -4.382173
vt 2.951098 -4.300046
vt 3.049672 -5.099333
vt 3.108157 -4.955069
vt 3.107596 -4.835253
vt 3.129180 -4.699881
vt 3.102892 -4.579553
vt 3.081197 -4.449900
vt 3.012607 -4.313119
vt 1.694810 -2.921212
vt 1.695453 -2.797760
vt 1.696390 -2.673745
vt 1.701411 -2.555523
vt 1.705263 -2.428831
vt 1.723998 -2.380383
vt 1.690470 -0.432061
vt 1.726866 -0.335653
vt 1.717988 -0.203472
vt 1.718635 -0.079668
vt 1.719381 0.044524
vt 1.720820 0.167266
vt 1.721678 0.291026
vt 1.733084 0.424166
vt 1.699980 0.491668
vt 1.784844 1.710323
vt 1.756613 1.785833
vt 1.710651 1.907212
vt 1.716063 2.048706
vt 1.716492 2.173401
vt 1.716005 2.299254
vt 1.713083 2.428319
vt 1.710915 2.556579
vt 1.708146 2.685494
vt 1.703157 2.817619
vt 1.695773 2.953158
vt 1.689046 3.087414
vt 1.740803 -2.355383
vt 1.763580 -2.316384
vt 1.769022 -1.985637
vt 1.748706 -1.870025
vt 1.728705 -1.720230
vt 1.734055 -1.601493
vt 1.733733 -1.476488
vt 1.734524 -1.352625
vt 1.738144 -1.233219
vt 1.740463 -1.111425
vt 1.742857 -0.989814
vt 1.744299 -0.866777
vt 1.743563 -0.741554
vt 1.738651 -0.609157
vt 1.735606 -0.479061
vt 1.777477 -0.387006
vt 1.785604 0.464688
vt 1.740757 0.530145
vt 1.726393 0.618776
vt 1.837066 1.141307
vt 1.803104 1.230448
vt 1.796230 1.359280
vt 1.758582 1.484923
vt 1.717968 1.636888
vt 1.695660 1.777843
vt 1.669229 1.849656
vt 1.781339 -2.271801
vt 1.780394 -2.165411
vt 1.778637 -2.061246
vt 1.797600 0.558928
vt 1.869543 0.829089
vt 1.849642 0.921136
vt 1.852376 1.063285
vt 1.777058 1.175765
vt 1.792175 1.307422
vt 1.788526 1.443943
vt 1.752572 1.515896
vt 1.855018 0.498930
vt 1.889328 0.609643
vt 1.904680 0.747317
vt 1.880229 0.865133
vt 1.879694 0.999114
vt 1.833616 1.119603
vt 1.822112 1.244103
vt 1.812581 1.392959
vt 1.759991 1.462751
vt 1.856860 0.444951
vt 1.907917 0.560257
vt 1.846518 0.672594
vt 1.838018 0.821407
vt 1.834882 0.936314
vt 1.870687 1.053688
vt 1.840717 1.183537
vt 1.868928 1.274985
vt 1.890976 -2.856771
vt 1.894627 -2.780799
vt 1.900267 -2.700667
vt 1.848739 0.444753
vt 1.859965 0.453990
vt 1.906751 0.648120
vt 1.905916 0.703730
vt 1.847806 0.941564
vt 1.862020 1.010620
vt 1.873981 1.115527
vt 1.880560 1.199574
vt 1.917606 -2.895286
vt 1.940385 -2.820396
vt 1.910883 -2.735229
vt 1.943734 0.451186
vt 1.995561 0.483376
vt 1.940929 0.680725
vt 1.933784 0.714242
vt 1.911343 1.117445
vt 1.906334 1.148482
vt 1.944983 -2.931360
vt 1.947455 -2.890671
vt 2.016760 0.451492
vt 1.996361 0.617999
vt 1.959816 0.676122
vt 2.024528 -3.433122
vt 2.045933 -3.349345
vt 2.019591 -3.233607
vt 2.027150 -3.164611
vt 2.035785 -2.686814
vt 2.028079 -2.644119
vt 2.025771 0.197700
vt 2.025563 0.204904
vt 2.024428 0.455242
vt 2.038722 0.541209
vt 2.008233 0.618570
vt 2.059524 -3.496476
vt 2.107600 -3.393228
vt 2.084695 -3.272665
vt 2.068902 -3.155210
vt 2.067236 -3.096058
vt 2.076374 -2.882672
vt 2.081490 -2.779515
vt 2.073108 -2.634544
vt 2.070248 -2.529660
vt 2.068361 -2.408472
vt 2.072394 -2.325707
vt 2.069862 0.144328
vt 2.065111 0.221895
vt 2.061853 0.303236
vt 2.047109 0.542310
vt 2.045256 0.569530
vt 2.117358 -3.590381
vt 2.169780 -3.462917
vt 2.175593 -3.332405
vt 2.139554 -3.201919
vt 2.095868 -3.112960
vt 2.108120 -2.945988
vt 2.129474 -2.834483
vt 2.160111 -2.707830
vt 2.141128 -2.584875
vt 2.139440 -2.459926
vt 2.123615 -2.322129
vt 2.110523 -2.286377
vt 2.115687 0.054422
vt 2.135428 0.170726
vt 2.104931 0.308782
vt 2.115784 0.371693
vt 2.217373 -3.651613
vt 2.237547 -3.520366
vt 2.218443 -3.400188
vt 2.182677 -3.273467
vt 2.126366 -3.142723
vt 2.162394 -3.031797
vt 2.190216 -2.899967
vt 2.220553 -2.778028
vt 2.190066 -2.650319
vt 2.211223 -2.530447
vt 2.162290 -2.391859
vt 2.127913 -2.304025
vt 2.134493 0.022872
vt 2.159159 0.106618
vt 2.160960 0.236992
vt 2.138737 0.337122
vt 2.265563 -3.712382
vt 2.326157 -3.592289
vt 2.260763 -3.472267
vt 2.227558 -3.340063
vt 2.207869 -3.215314
vt 2.243219 -3.094123
vt 2.256048 -2.963211
vt 2.229130 -2.837534
vt 2.174491 -2.725427
vt 2.210387 -2.587976
vt 2.192215 -2.479611
vt 2.337723 -3.779458
vt 2.337814 -3.654578
vt 2.305797 -3.530044
vt 2.282129 -3.402204
vt 2.258185 -3.279009
vt 2.285574 -3.158645
vt 2.305988 -3.035477
vt 2.258733 -2.884308
vt 2.205362 -2.807986
vt 2.329929 -3.845924
vt 2.312966 -3.714231
vt 2.304819 -3.589605
vt 2.297633 -3.469258
vt 2.290519 -3.345034
vt 2.308810 -3.234227
vt 2.288634 -3.089050
vt 2.288904 -2.977796
vt 2.298163 -3.452142
vt 2.294601 -3.378275
vt 2.297698 -3.306333
vt 2.515814 -0.135909
vt 2.509704 -0.059009
vt 2.519712 0.013811
vt 2.560068 -0.341752
vt 2.546375 -0.229608
vt 2.558163 -0.109866
vt 2.560120 -0.020928
vt 2.608496 -0.517712
vt 2.590881 -0.417979
vt 2.617097 -0.299550
vt 2.622145 -0.175850
vt 2.612585 -0.070059
vt 2.647775 -0.576389
vt 2.688851 -0.495771
vt 2.680602 -0.362702
vt 2.652751 -0.248297
vt 2.637476 -0.129922
vt 2.687342 -0.623214
vt 2.698342 -0.551662
vt 2.678812 -0.415272
vt 2.657993 -0.329761
vt 2.877326 -0.783470
vt 2.878105 -0.762239
vt 2.891094 -0.801679
vt 2.893416 -0.780211
vt 1.817290 -2.916640
vt 1.820563 -2.795721
vt 1.819001 -2.669224
vt 1.823173 -2.550147
vt 1.827033 -2.430038
vt 1.842345 -2.371082
vt 1.913215 -1.780409
vt 1.898712 -1.713764
vt 1.899579 -1.642785
vt 1.803470 -0.299906
vt 1.816993 -0.211715
vt 1.833665 -0.085812
vt 1.838552 0.037734
vt 1.832743 0.161157
vt 1.829387 0.284885
vt 1.813367 0.384700
vt 1.851238 1.695230
vt 1.848420 1.788635
vt 1.842336 1.921743
vt 1.839906 2.050634
vt 1.837644 2.178662
vt 1.838039 2.303883
vt 1.833727 2.434217
vt 1.833251 2.560401
vt 1.831242 2.688580
vt 1.825876 2.821537
vt 1.817423 2.958017
vt 1.811382 3.091687
vt 1.873501 -2.370269
vt 1.845910 -2.340685
vt 1.892244 -1.982986
vt 1.894768 -1.847608
vt 1.837029 -1.715505
vt 1.857623 -1.600379
vt 1.855966 -1.472414
vt 1.859913 -1.353211
vt 1.864809 -1.235609
vt 1.865919 -1.111829
vt 1.866134 -0.987214
vt 1.868869 -0.866203
vt 1.871516 -0.744596
vt 1.871452 -0.620392
vt 1.864721 -0.485166
vt 1.853437 -0.349525
vt 1.885709 -0.221551
vt 1.901609 -0.094060
vt 1.905117 0.031316
vt 1.898765 0.156117
vt 1.894866 0.280853
vt 1.856303 0.416390
vt 1.860406 0.520888
vt 1.854017 0.648548
vt 1.862975 0.758432
vt 1.861549 0.887985
vt 1.854361 1.014309
vt 1.823907 1.141861
vt 1.853937 1.271396
vt 1.860059 1.395087
vt 1.857567 1.523912
vt 1.853662 1.629116
vt 1.934619 -2.363931
vt 1.906403 -2.323792
vt 1.914129 -2.186192
vt 1.903428 -2.060585
vt 1.867287 0.612272
vt 1.875465 0.685579
vt 1.867413 0.809440
vt 1.837015 0.954168
vt 1.850323 1.044187
vt 1.896159 0.574926
vt 1.900265 0.643225
vt 1.894874 0.730987
vt 1.937979 -2.910217
vt 1.938622 -2.786555
vt 1.940849 -2.664266
vt 1.946414 -2.547351
vt 1.952817 -2.431577
vt 1.963807 -2.304140
vt 2.027162 -2.265760
vt 2.030671 -1.920859
vt 1.981212 -1.825966
vt 1.971442 -1.709304
vt 1.976352 -1.596689
vt 2.017353 -1.503315
vt 2.026446 1.578867
vt 1.980438 1.657338
vt 1.972700 1.789812
vt 1.964989 1.925203
vt 1.962137 2.054609
vt 1.961244 2.181078
vt 1.958460 2.310336
vt 1.953290 2.441695
vt 1.954774 2.565304
vt 1.954145 2.691928
vt 1.948210 2.825354
vt 1.939977 2.961186
vt 1.944131 3.104834
vt 1.980261 -2.347368
vt 2.035689 -2.261526
vt 2.047980 -2.138045
vt 1.981788 -2.000733
vt 1.947558 -1.876949
vt 1.936816 -1.562094
vt 1.978909 -1.467547
vt 1.982905 -1.349396
vt 1.988595 -1.232470
vt 1.987161 -1.106981
vt 1.988320 -0.983367
vt 1.990875 -0.861827
vt 1.991019 -0.737191
vt 1.995920 -0.618320
vt 1.994373 -0.491547
vt 1.990499 -0.361594
vt 1.987744 -0.233742
vt 1.984106 -0.102264
vt 1.982196 0.025294
vt 1.982050 0.150789
vt 1.982197 0.275490
vt 1.983759 0.398140
vt 1.988094 0.516946
vt 1.990423 0.639978
vt 1.986431 0.769320
vt 1.984108 0.897632
vt 1.981794 1.026022
vt 1.980279 1.153023
vt 1.982757 1.274953
vt 1.982553 1.400492
vt 1.983534 1.532793
vt 1.944016 1.611031
vt 1.974156 -2.359593
vt 2.005753 -2.297401
vt 2.005832 -2.166830
vt 1.963833 -2.081094
vt 2.079099 -2.899814
vt 2.103219 -2.826924
vt 2.019339 -2.903743
vt 2.062458 -2.785811
vt 2.067352 -2.667015
vt 2.071408 -2.547441
vt 2.076632 -2.430102
vt 2.077255 -2.307215
vt 2.085994 -2.203225
vt 2.110523 -2.077323
vt 2.086054 -1.953514
vt 2.085954 -1.822235
vt 2.090335 -1.700275
vt 2.095782 -1.582894
vt 2.097595 -1.494694
vt 2.144016 1.073955
vt 2.139898 1.158339
vt 2.139885 1.283851
vt 2.127509 1.410925
vt 2.098773 1.535515
vt 2.099921 1.661198
vt 2.096435 1.791603
vt 2.088284 1.927499
vt 2.084948 2.057774
vt 2.082888 2.185945
vt 2.080049 2.315045
vt 2.076068 2.445511
vt 2.076190 2.570266
vt 2.076062 2.695982
vt 2.069794 2.829537
vt 2.065513 2.961107
vt 2.060656 3.076006
vt 2.078578 -2.208116
vt 2.064386 -2.105575
vt 2.046423 -2.007747
vt 2.110641 -1.441897
vt 2.135658 -1.378229
vt 2.111027 -1.261191
vt 2.141560 -1.135405
vt 2.118252 -0.984806
vt 2.111985 -0.856545
vt 2.113712 -0.733544
vt 2.114707 -0.610052
vt 2.117305 -0.488404
vt 2.116449 -0.362243
vt 2.116475 -0.237055
vt 2.113071 -0.107713
vt 2.110993 0.020227
vt 2.110034 0.146673
vt 2.109573 0.272382
vt 2.108221 0.399135
vt 2.108877 0.523242
vt 2.107221 0.650089
vt 2.106625 0.776311
vt 2.105305 0.903364
vt 2.102984 1.031205
vt 2.078846 1.156240
vt 2.079963 1.280222
vt 2.067578 1.407116
vt 2.055726 1.493873
vt 2.189379 -1.385863
vt 2.187254 -1.293139
vt 2.202863 -1.206491
vt 2.176165 -2.893584
vt 2.180463 -2.800115
vt 2.240428 3.032679
vt 2.190575 3.100044
vt 2.183905 -2.742592
vt 2.190080 -2.663570
vt 2.196440 -2.547909
vt 2.201162 -2.429459
vt 2.203359 -2.307746
vt 2.203854 -2.183299
vt 2.202625 -2.056898
vt 2.204632 -1.934538
vt 2.206705 -1.812024
vt 2.210299 -1.692155
vt 2.217079 -1.576408
vt 2.224768 -1.511721
vt 2.280940 0.967045
vt 2.233736 1.032672
vt 2.224293 1.162045
vt 2.223173 1.288548
vt 2.223508 1.412992
vt 2.225291 1.535740
vt 2.230752 1.663334
vt 2.212933 1.791448
vt 2.226816 1.914158
vt 2.207258 2.061273
vt 2.205299 2.189777
vt 2.202336 2.318861
vt 2.202155 2.444118
vt 2.200089 2.572199
vt 2.199626 2.698756
vt 2.194693 2.830368
vt 2.196603 2.977470
vt 2.158656 3.053418
vt 2.246630 -1.498825
vt 2.220018 -1.451095
vt 2.226378 -1.110634
vt 2.259362 -1.017425
vt 2.236041 -0.855969
vt 2.234036 -0.726944
vt 2.234340 -0.602537
vt 2.233968 -0.477386
vt 2.235758 -0.354531
vt 2.238892 -0.233903
vt 2.237196 -0.106212
vt 2.232757 0.024466
vt 2.232485 0.150290
vt 2.231679 0.276356
vt 2.231337 0.402143
vt 2.232611 0.525168
vt 2.231823 0.651425
vt 2.231199 0.777165
vt 2.237148 0.914658
vt 2.197929 0.988614
vt 2.280614 1.704174
vt 2.275058 1.779822
vt 2.288550 1.846189
vt 2.317943 -1.499149
vt 2.280253 -1.448680
vt 2.295226 -1.324520
vt 2.282092 -1.172323
vt 2.320124 -1.086485
vt 2.300181 -2.891770
vt 2.303178 -2.778219
vt 2.305932 3.018474
vt 2.302393 3.105021
vt 2.306571 -2.720435
vt 2.311573 -2.658257
vt 2.317420 -2.541678
vt 2.323790 -2.426043
vt 2.326227 -2.304526
vt 2.328130 -2.182160
vt 2.327292 -2.056093
vt 2.328579 -1.932909
vt 2.332318 -1.813362
vt 2.336107 -1.693847
vt 2.337033 -1.564842
vt 2.300592 -1.531295
vt 2.397495 -0.787998
vt 2.400733 -0.717097
vt 2.406641 -0.591671
vt 2.407577 -0.512487
vt 2.402874 0.087281
vt 2.403020 0.131801
vt 2.351578 0.945812
vt 2.348945 1.037470
vt 2.344667 1.167816
vt 2.343444 1.292189
vt 2.300528 1.409920
vt 2.292207 1.531466
vt 2.291185 1.620452
vt 2.319136 1.937320
vt 2.348355 2.040433
vt 2.326717 2.194350
vt 2.323531 2.324130
vt 2.323944 2.449097
vt 2.320913 2.577934
vt 2.320136 2.704591
vt 2.315861 2.835674
vt 2.308787 2.951178
vt 2.384632 -1.534176
vt 2.363905 -1.515105
vt 2.438880 -1.103090
vt 2.386040 -1.018134
vt 2.358777 -0.843733
vt 2.341437 -0.721656
vt 2.346865 -0.595594
vt 2.362479 -0.472370
vt 2.356631 -0.348419
vt 2.361861 -0.230847
vt 2.360059 -0.102871
vt 2.359281 0.037601
vt 2.359060 0.165279
vt 2.355907 0.277790
vt 2.357756 0.399803
vt 2.359987 0.521567
vt 2.358842 0.648607
vt 2.357535 0.775800
vt 2.354287 0.879958
vt 2.390544 1.321318
vt 2.372944 1.400362
vt 2.395827 1.509414
vt 2.363877 1.639996
vt 2.387614 1.747235
vt 2.367290 1.884847
vt 2.410043 1.971740
vt 2.402341 -1.484302
vt 2.419286 -1.439347
vt 2.428982 -1.318882
vt 2.415036 -1.168057
vt 2.359388 -1.084886
vt 2.455626 1.516439
vt 2.457800 1.590108
vt 2.453890 1.684009
vt 2.427403 -2.895247
vt 2.430276 -2.786460
vt 2.487895 2.904394
vt 2.438165 2.975412
vt 2.421880 3.111791
vt 2.433241 -2.728346
vt 2.437025 -2.659159
vt 2.440801 -2.539340
vt 2.447275 -2.423854
vt 2.447791 -2.299770
vt 2.449773 -2.177458
vt 2.451258 -2.054595
vt 2.452028 -1.930512
vt 2.456224 -1.811290
vt 2.460572 -1.693068
vt 2.453128 -1.557540
vt 2.500842 -1.519402
vt 2.532518 -0.908943
vt 2.479617 -0.830988
vt 2.473924 -0.712209
vt 2.474916 -0.588825
vt 2.476592 -0.494479
vt 2.537838 -0.034699
vt 2.486915 0.041947
vt 2.464226 0.168925
vt 2.485638 0.285895
vt 2.517024 0.407213
vt 2.537042 0.532572
vt 2.535329 0.657653
vt 2.513485 0.783445
vt 2.470401 0.903720
vt 2.474048 1.037827
vt 2.468817 1.169759
vt 2.471899 1.255032
vt 2.467403 2.064732
vt 2.448092 2.198073
vt 2.446902 2.326751
vt 2.444327 2.455285
vt 2.441000 2.584643
vt 2.440476 2.711106
vt 2.445849 2.850108
vt 2.406114 2.927466
vt 2.419247 -1.531012
vt 2.483707 -1.488990
vt 2.562178 -1.444831
vt 2.567425 -1.235218
vt 2.526611 -1.140270
vt 2.499922 -0.975675
vt 2.453028 -0.878049
vt 2.478190 -0.434313
vt 2.479193 -0.344939
vt 2.482293 -0.224108
vt 2.492405 -0.087720
vt 2.455760 0.001116
vt 2.416379 0.214225
vt 2.425400 0.282617
vt 2.456897 0.403629
vt 2.479122 0.526660
vt 2.475324 0.654132
vt 2.452655 0.781046
vt 2.426551 0.855767
vt 2.485047 1.294418
vt 2.500977 1.375604
vt 2.516592 1.441191
vt 2.459079 1.770690
vt 2.498164 1.866018
vt 2.483554 1.990479
vt 2.479582 -1.482797
vt 2.536798 -1.448934
vt 2.544875 -1.294303
vt 2.499532 -1.200613
vt 2.525483 1.496965
vt 2.535952 1.563206
vt 2.518970 1.707829
vt 2.550556 1.802334
vt 2.551022 -2.893090
vt 2.554959 -2.786421
vt 2.555745 2.885750
vt 2.551357 2.981075
vt 2.545354 3.114874
vt 2.557732 -2.727894
vt 2.562415 -2.660173
vt 2.565895 -2.539618
vt 2.568879 -2.418926
vt 2.571825 -2.298264
vt 2.573696 -2.175891
vt 2.575713 -2.053742
vt 2.579862 -1.935079
vt 2.584010 -1.816007
vt 2.585093 -1.692350
vt 2.588450 -1.571933
vt 2.605203 -1.469486
vt 2.650726 -1.370285
vt 2.646892 -1.065775
vt 2.600293 -0.951515
vt 2.590668 -0.825967
vt 2.592915 -0.703562
vt 2.597074 -0.584642
vt 2.596142 -0.460815
vt 2.634503 -0.374086
vt 2.644464 -0.177513
vt 2.601308 -0.080424
vt 2.597581 0.039305
vt 2.595997 0.166732
vt 2.596341 0.291226
vt 2.599003 0.412692
vt 2.597984 0.538502
vt 2.600495 0.660449
vt 2.599465 0.786982
vt 2.599495 0.912285
vt 2.595921 1.041721
vt 2.593637 1.170470
vt 2.597760 1.246294
vt 2.588725 2.068297
vt 2.569786 2.203272
vt 2.569163 2.330637
vt 2.567454 2.458084
vt 2.564173 2.587713
vt 2.562164 2.715872
vt 2.558876 2.819014
vt 2.583699 -1.454551
vt 2.612435 -1.360278
vt 2.614654 -1.255837
vt 2.613109 -1.117595
vt 2.569553 -1.000314
vt 2.553172 -0.419126
vt 2.598449 -0.338972
vt 2.604002 -0.220390
vt 2.562472 -0.118894
vt 2.612609 1.289508
vt 2.624879 1.347189
vt 2.585656 1.406697
vt 2.632426 1.904207
vt 2.611166 1.976106
vt 2.599069 -1.366974
vt 2.596885 -1.328310
vt 2.676986 1.365953
vt 2.654028 1.440991
vt 2.677398 1.555000
vt 2.682232 1.668224
vt 2.666143 1.807382
vt 2.675179 -2.891940
vt 2.680211 -2.779596
vt 2.721389 2.766781
vt 2.679419 2.845038
vt 2.675589 2.982864
vt 2.669063 3.116717
vt 2.682765 -2.720706
vt 2.685178 -2.656350
vt 2.689158 -2.537105
vt 2.693160 -2.417776
vt 2.696088 -2.297084
vt 2.699229 -2.176759
vt 2.700861 -2.053975
vt 2.703270 -1.932389
vt 2.708568 -1.815349
vt 2.710321 -1.692795
vt 2.712962 -1.571474
vt 2.713610 -1.447738
vt 2.706845 -1.321917
vt 2.727695 -1.208923
vt 2.705620 -1.091261
vt 2.716467 -0.951618
vt 2.716159 -0.826055
vt 2.719585 -0.706197
vt 2.719571 -0.581226
vt 2.722615 -0.460443
vt 2.720399 -0.333844
vt 2.721698 -0.217028
vt 2.722132 -0.085004
vt 2.719110 0.044205
vt 2.719193 0.169537
vt 2.719408 0.294300
vt 2.718682 0.420071
vt 2.720543 0.542518
vt 2.721162 0.666631
vt 2.719192 0.794288
vt 2.720412 0.917755
vt 2.719290 1.044385
vt 2.720226 1.168087
vt 2.721852 1.251172
vt 2.776335 1.968843
vt 2.715531 2.038705
vt 2.694897 2.204503
vt 2.694741 2.329969
vt 2.692616 2.458230
vt 2.688355 2.589233
vt 2.683214 2.720820
vt 2.639137 2.796441
vt 2.671156 -1.292440
vt 2.673044 -1.219886
vt 2.666368 -1.152695
vt 2.679050 -0.293511
vt 2.679155 -0.262915
vt 2.733915 1.299956
vt 2.762083 1.314959
vt 2.753987 1.929830
vt 2.698738 1.971340
vt 2.790067 1.314911
vt 2.808158 1.405069
vt 2.831241 1.526457
vt 2.821132 1.654437
vt 2.787750 1.802309
vt 2.877196 1.574962
vt 2.876719 1.592093
vt 2.797642 -2.888060
vt 2.793728 -2.762878
vt 2.836503 -2.650703
vt 2.867962 -2.588571
vt 2.856540 2.650530
vt 2.810929 2.725398
vt 2.802332 2.855009
vt 2.797353 2.987078
vt 2.793517 3.118219
vt 2.745794 -2.715666
vt 2.775411 -2.652761
vt 2.821913 -2.543736
vt 2.813869 -2.411675
vt 2.815742 -2.289530
vt 2.819955 -2.170461
vt 2.822210 -2.048788
vt 2.827090 -1.930810
vt 2.830860 -1.810829
vt 2.832379 -1.688439
vt 2.833569 -1.565255
vt 2.834818 -1.441736
vt 2.834077 -1.316067
vt 2.837093 -1.195250
vt 2.839353 -1.073240
vt 2.839931 -0.949049
vt 2.839695 -0.824011
vt 2.843410 -0.704344
vt 2.844241 -0.580567
vt 2.846644 -0.459096
vt 2.848382 -0.336563
vt 2.849911 -0.213154
vt 2.845054 -0.081760
vt 2.843502 0.045530
vt 2.843472 0.170773
vt 2.839904 0.300235
vt 2.839710 0.425859
vt 2.842680 0.546817
vt 2.843144 0.671181
vt 2.843151 0.796014
vt 2.845638 0.917635
vt 2.844188 1.044484
vt 2.842732 1.171487
vt 2.840687 1.270684
vt 2.849402 1.970284
vt 2.825773 2.061483
vt 2.818322 2.206238
vt 2.817707 2.333045
vt 2.813945 2.463217
vt 2.813705 2.601463
vt 2.774067 2.681887
vt 2.855809 1.315500
vt 2.886495 1.324885
vt 2.900860 1.890390
vt 2.922216 1.350671
vt 2.934229 1.423965
vt 2.931874 1.541362
vt 2.925059 1.661894
vt 2.926069 1.797697
vt 2.883626 1.574932
vt 2.882768 1.592313
vt 2.920536 -2.885133
vt 2.923320 -2.764303
vt 2.926870 -2.644535
vt 2.935292 -2.538149
vt 2.939915 2.605075
vt 2.928631 2.728246
vt 2.925447 2.858271
vt 2.920196 2.990441
vt 2.915233 3.122551
vt 2.898966 -2.508508
vt 2.936788 -2.398273
vt 2.937048 -2.284081
vt 2.941424 -2.165396
vt 2.944053 -2.044350
vt 2.947074 -1.923557
vt 2.949433 -1.802263
vt 2.955049 -1.684855
vt 2.955002 -1.560155
vt 2.956054 -1.436404
vt 2.954539 -1.309504
vt 2.956980 -1.187836
vt 2.958263 -1.064852
vt 2.960822 -0.943373
vt 2.962434 -0.820721
vt 2.964900 -0.699152
vt 2.965711 -0.575566
vt 2.967506 -0.453239
vt 2.971129 -0.333082
vt 2.970089 -0.206720
vt 2.967127 -0.077679
vt 2.965447 0.049745
vt 2.966495 0.173568
vt 2.965547 0.299830
vt 2.963892 0.427285
vt 2.963252 0.553077
vt 2.963485 0.677573
vt 2.965900 0.799267
vt 2.968288 0.920708
vt 2.969194 1.044796
vt 2.966467 1.173784
vt 2.955335 1.309942
vt 2.969013 1.926704
vt 2.948507 2.072623
vt 2.940646 2.210432
vt 2.938756 2.338660
vt 2.942559 2.476142
vt 2.905355 2.565137
vt 2.927933 1.332201
vt 2.978368 1.382619
vt 2.959600 1.830057
vt 2.965602 1.397631
vt 2.975503 1.462933
vt 3.023043 1.576331
vt 3.008855 1.704968
vt 2.968331 1.783732
vn 0.00000 0.83504 0.55018
vn 0.00000 0.98181 0.18989
vn 0.00000 0.99992 -0.01265
vn 0.00000 0.99990 -0.01397
vn 0.00000 1.00000 -0.00000
vn 0.00000 0.99990 0.01397
vn 0.00000 0.99992 0.01265
vn 0.00000 0.98181 -0.18989
vn 0.00000 0.83504 -0.55018
vn 0.00000 0.38196 0.92418
vn 0.00000 0.59905 0.80071
vn 0.00000 0.59905 -0.80071
vn 0.00000 0.38196 -0.92418
vn 0.00000 0.18321 0.98307
vn 0.00000 0.18321 -0.98307
vn 0.00000 0.05742 0.99835
vn 0.00000 0.05742 -0.99835
vn 0.00000 -0.09446 0.99553
vn 0.00000 -0.09446 -0.99553
vn 0.00000 -0.17762 0.98410
vn 0.00000 -0.17762 -0.98410
vn 0.00000 -0.35769 0.93384
vn 0.00000 -0.55961 0.82876
vn 0.00000 -0.55961 -0.82876
vn 0.00000 -0.35769 -0.93384
vn 0.00000 -0.75966 0.65032
vn 0.00000 -0.87627 0.48181
vn 0.00000 -0.87627 -0.48181
vn 0.00000 -0.75966 -0.65032
vn 0.00000 -0.91217 0.40981
vn 0.00000 -0.94444 0.32868
vn 0.00000 -0.98487 0.17330
vn 0.00000 -1.00000 -0.00000
vn 0.00000 -0.98487 -0.17330
vn 0.00000 -0.94444 -0.32868
vn 0.00000 -0.91217 -0.40981
vn -0.00000 0.83496 0.55031
vn -0.00000 0.98181 0.18987
vn -0.00000 0.99992 -0.01265
vn -0.00000 0.99990 -0.01397
vn -0.00000 1.00000 -0.00000
vn -0.00000 0.99990 0.01397
vn 0.00000 0.99992 0.01265
vn 0.00000 0.98180 -0.18992
vn 0.00000 0.83500 -0.55024
vn -0.00001 0.38219 0.92408
vn -0.00000 0.59948 0.80039
vn -0.00000 0.59897 -0.80078
vn 0.00000 0.38198 -0.92417
vn -0.00000 0.18319 0.98308
vn 0.00001 0.18339 -0.98304
vn 0.00001 0.05744 0.99835
vn 0.00002 0.05746 -0.99835
vn 0.00001 -0.09449 0.99553
vn 0.00002 -0.09452 -0.99552
vn 0.00001 -0.17768 0.98409
vn 0.00001 -0.17772 -0.98408
vn 0.00000 -0.35765 0.93386
vn 0.00000 -0.55945 0.82887
vn -0.00000 -0.55909 -0.82910
vn -0.00000 -0.35752 -0.93391
vn 0.00000 -0.75954 0.65046
vn 0.00001 -0.87642 0.48155
vn -0.00000 -0.87614 -0.48206
vn -0.00000 -0.75965 -0.65033
vn 0.00000 -0.91226 0.40962
vn 0.00000 -0.94442 0.32874
vn -0.00000 -0.98488 0.17325
vn -0.00001 -1.00000 -0.00000
vn -0.00001 -0.98489 -0.17317
vn -0.00001 -0.94449 -0.32855
vn -0.00001 -0.91208 -0.41001
vn 0.01377 0.83417 0.55134
vn 0.00518 0.98074 0.19526
vn 0.00333 0.99988 -0.01502
vn -0.00244 0.99995 -0.00976
vn -0.00738 0.99997 -0.00104
vn -0.00383 0.99997 0.00661
vn 0.00680 0.99991 0.01175
vn 0.00508 0.98098 -0.19406
vn 0.01304 0.82862 -0.55966
vn 0.03309 0.39975 0.91603
vn 0.05887 0.60613 0.79318
vn 0.01444 0.60683 -0.79470
vn 0.02075 0.36604 -0.93037
vn 0.05301 0.13842 0.98895
vn 0.06618 0.12506 -0.98994
vn 0.06436 0.04853 0.99675
vn 0.14455 0.01882 -0.98932
vn 0.01254 -0.06963 0.99749
vn 0.17115 -0.04908 -0.98402
vn -0.00419 -0.18076 0.98352
vn 0.11419 -0.17041 -0.97873
vn -0.03359 -0.33342 0.94218
vn -0.03247 -0.57430 0.81800
vn 0.10652 -0.50465 -0.85673
vn 0.14205 -0.31616 -0.93801
vn -0.03398 -0.74817 0.66264
vn -0.03764 -0.89588 0.44270
vn 0.00703 -0.87361 -0.48658
vn 0.04705 -0.74262 -0.66806
vn 0.02619 -0.91529 0.40193
vn 0.04045 -0.93987 0.33913
vn -0.03566 -0.97612 0.21426
vn -0.05471 -0.99850 -0.00036
vn -0.05856 -0.98162 -0.18162
vn -0.05238 -0.94001 -0.33710
vn -0.01488 -0.90882 -0.41693
vn 0.00330 0.81970 0.57278
vn 0.00091 0.98390 0.17870
vn 0.00281 0.99998 -0.00597
vn 0.02044 0.99970 -0.01318
vn 0.01383 0.99989 0.00593
vn 0.00646 0.99997 0.00302
vn -0.00604 0.99979 0.01968
vn -0.00981 0.97989 -0.19928
vn 0.00415 0.83025 -0.55738
vn 0.09154 0.38889 0.91672
vn 0.10862 0.51288 0.85156
vn 0.09143 0.52505 -0.84615
vn 0.14161 0.28389 -0.94834
vn 0.05907 0.12408 0.99051
vn 0.19170 0.07854 -0.97831
vn 0.03786 0.13987 0.98945
vn 0.26642 -0.00230 -0.96385
vn -0.11129 0.03117 0.99330
vn 0.14046 -0.11738 -0.98310
vn -0.01378 -0.27474 0.96142
vn 0.09402 -0.37507 -0.92222
vn 0.07430 -0.18013 -0.98083
vn 0.11096 -0.27432 0.95522
vn 0.10626 -0.59934 0.79341
vn 0.14483 -0.35142 -0.92495
vn 0.15666 -0.30546 -0.93923
vn 0.10444 -0.72061 0.68543
vn -0.00269 -0.85214 0.52331
vn -0.02393 -0.81287 -0.58196
vn 0.06884 -0.70208 -0.70876
vn -0.15251 -0.91850 0.36483
vn -0.16417 -0.94719 0.27546
vn 0.05933 -0.97758 0.20202
vn 0.00847 -0.99745 0.07081
vn -0.02763 -0.98804 -0.15171
vn 0.00421 -0.92074 -0.39015
vn -0.01007 -0.89423 -0.44749
vn -0.00697 0.82717 0.56190
vn 0.01272 0.98253 0.18565
vn 0.00814 0.99996 -0.00245
vn -0.02905 0.99907 -0.03185
vn 0.00967 0.99949 0.03059
vn 0.02499 0.99969 0.00087
vn 0.04150 0.99888 0.02262
vn 0.03919 0.97892 -0.20044
vn 0.03776 0.82972 -0.55690
vn -0.19602 0.32203 0.92621
vn -0.22178 0.54964 0.80543
vn 0.14400 0.23555 -0.96113
vn 0.14978 0.20025 -0.96823
vn -0.03871 0.03335 0.99869
vn 0.07834 0.15586 -0.98467
vn 0.05299 -0.00624 -0.99858
vn -0.00498 0.33989 0.94045
vn 0.07971 0.03661 -0.99615
vn -0.17065 0.01495 0.98522
vn 0.06312 0.11291 -0.99160
vn -0.09045 -0.42149 0.90231
vn 0.08250 -0.43020 -0.89895
vn 0.11649 -0.13358 -0.98417
vn 0.00832 -0.34998 0.93672
vn 0.01864 -0.44327 0.89619
vn 0.02386 -0.32934 -0.94391
vn -0.29246 -0.71978 0.62959
vn -0.14865 -0.83965 0.52238
vn 0.03900 -0.72498 -0.68766
vn 0.06860 -0.72127 -0.68925
vn -0.02181 -0.86379 0.50338
vn -0.08210 -0.95641 0.28025
vn -0.21835 -0.94822 0.23067
vn -0.09352 -0.99553 0.01348
vn -0.14885 -0.95435 -0.25895
vn -0.16153 -0.94155 -0.29562
vn -0.13624 -0.80350 -0.57951
vn -0.06538 0.89468 0.44190
vn -0.05188 0.98278 0.17734
vn -0.04469 0.99900 0.00033
vn -0.00784 0.99932 -0.03595
vn -0.02924 0.99930 -0.02313
vn 0.01383 0.99985 -0.01019
vn -0.01404 0.99974 0.01823
vn 0.04840 0.97529 -0.21554
vn 0.08553 0.74568 -0.66079
vn -0.11253 0.51413 0.85030
vn -0.02746 0.65865 0.75195
vn 0.38553 0.49856 -0.77641
vn -0.38378 0.01858 0.92324
vn 0.07813 -0.01701 -0.99680
vn 0.03835 -0.18530 -0.98193
vn -0.41577 0.25300 0.87357
vn 0.19703 -0.09205 -0.97607
vn 0.16352 0.20482 -0.96504
vn 0.24489 -0.18631 0.95148
vn -0.09192 0.03651 -0.99510
vn 0.11136 -0.48689 0.86634
vn 0.11734 -0.14358 -0.98266
vn -0.02769 -0.20227 -0.97894
vn 0.08268 -0.57615 0.81315
vn 0.21854 -0.42349 0.87914
vn -0.14806 -0.23999 -0.95942
vn 0.58411 -0.39884 0.70693
vn 0.04674 -0.83251 0.55204
vn -0.13709 -0.69151 -0.70924
vn -0.23209 -0.67192 -0.70332
vn -0.00694 -0.91182 0.41054
vn 0.20334 -0.93135 0.30206
vn 0.07079 -0.99244 0.10026
vn 0.14072 -0.98817 0.06097
vn 0.10560 -0.99402 -0.02771
vn -0.15490 -0.93601 -0.31605
vn -0.03006 -0.85322 -0.52069
vn 0.03389 0.87088 0.49033
vn 0.01963 0.88891 0.45766
vn -0.01807 0.98056 0.19540
vn -0.00220 0.99977 -0.02113
vn 0.00649 0.99969 -0.02408
vn -0.00847 0.99941 -0.03318
vn -0.01685 0.99986 -0.00084
vn 0.00973 0.99993 -0.00685
vn 0.01183 0.97084 -0.23942
vn 0.01898 0.67080 -0.74139
vn -0.19076 0.59468 0.78101
vn -0.12854 0.76332 0.63311
vn -0.05510 0.05584 -0.99692
vn -0.78051 0.14826 0.60731
vn -0.20682 0.10880 0.97231
vn 0.02990 0.07897 -0.99643
vn -0.75531 -0.11116 0.64588
vn -0.11459 0.02677 0.99305
vn -0.21615 0.39795 -0.89158
vn -0.32096 0.32399 -0.88995
vn -0.71966 -0.29659 0.62780
vn -0.09676 -0.30017 0.94896
vn -0.24004 0.34719 -0.90655
vn 0.15656 -0.54683 0.82248
vn 0.28341 -0.61709 0.73408
vn 0.02848 -0.37177 -0.92789
vn -0.05062 -0.54173 -0.83903
vn 0.18902 -0.61033 0.76927
vn 0.24196 -0.54860 0.80031
vn 0.27406 -0.78418 0.55673
vn 0.19580 -0.10386 -0.97513
vn 0.46773 -0.64141 0.60812
vn 0.41024 -0.37205 0.83264
vn 0.19110 -0.74983 -0.63343
vn 0.22104 -0.79961 -0.55837
vn 0.19967 -0.76501 0.61228
vn 0.05745 -0.96177 0.26776
vn 0.20854 -0.97492 -0.07767
vn 0.18294 -0.93274 0.31071
vn 0.31508 -0.94497 0.08810
vn 0.04269 -0.97773 -0.20549
vn 0.06436 -0.74812 -0.66044
vn 0.00615 0.82841 0.56009
vn -0.03066 0.85714 0.51416
vn -0.03493 0.98233 0.18386
vn -0.04023 0.99600 -0.07978
vn -0.03109 0.99951 0.00228
vn -0.01733 0.99965 -0.01986
vn 0.00911 0.99872 -0.04980
vn 0.00714 0.99931 -0.03638
vn 0.00857 0.97529 -0.22078
vn -0.02333 0.75272 -0.65793
vn 0.04233 0.60174 0.79757
vn -0.19604 0.74043 -0.64291
vn -0.31554 0.40822 -0.85662
vn -0.06273 0.53475 0.84268
vn -0.01025 0.69890 0.71515
vn -0.52311 0.01282 -0.85217
vn -0.36891 -0.01902 -0.92927
vn -0.32644 -0.21850 0.91962
vn -0.26611 0.16053 -0.95048
vn -0.58089 0.23977 -0.77787
vn -0.26782 -0.58563 0.76505
vn -0.12072 -0.82637 0.55004
vn -0.24501 -0.18245 -0.95220
vn -0.01925 -0.71034 0.70359
vn 0.17537 -0.63994 0.74814
vn -0.07820 -0.53392 -0.84191
vn -0.07996 -0.21766 -0.97274
vn -0.03716 -0.55428 0.83150
vn -0.07264 -0.68878 0.72132
vn -0.04695 -0.13926 -0.98914
vn -0.01122 -0.57265 0.81972
vn 0.04562 -0.91316 0.40504
vn -0.37720 -0.61132 -0.69571
vn -0.18350 -0.68153 -0.70841
vn 0.32041 -0.78525 0.52983
vn 0.19205 -0.91765 0.34791
vn 0.20242 -0.94582 0.25387
vn 0.05960 -0.97736 -0.20303
vn 0.02020 -0.99671 -0.07845
vn -0.05574 -0.98075 0.18712
vn -0.29842 -0.62083 -0.72492
vn -0.07067 0.73487 0.67452
vn -0.06217 0.93206 0.35694
vn 0.02628 0.98410 0.17568
vn 0.00595 0.99893 -0.04585
vn 0.01037 0.99921 -0.03849
vn 0.05272 0.99854 -0.01159
vn -0.01477 0.99962 -0.02306
vn 0.00163 0.99936 -0.03578
vn -0.07962 0.98038 -0.18032
vn -0.11480 0.75282 -0.64813
vn 0.21177 0.21814 0.95267
vn -0.46598 0.71325 -0.52358
vn -0.32445 0.58936 -0.73986
vn 0.40367 0.52513 0.74920
vn 0.45163 0.78222 0.42915
vn -0.23918 -0.00873 -0.97094
vn 0.91481 -0.08022 0.39583
vn 0.54204 0.05187 0.83875
vn 0.33535 -0.08319 -0.93841
vn 0.51015 -0.36269 0.77987
vn 0.15332 -0.57469 0.80388
vn 0.34454 -0.18708 -0.91994
vn 0.45497 -0.45099 -0.76786
vn -0.02921 -0.80358 0.59449
vn -0.24074 -0.41404 0.87785
vn 0.40456 -0.30781 -0.86115
vn 0.29089 -0.16946 -0.94163
vn -0.23014 -0.54563 0.80581
vn 0.02833 -0.82199 0.56879
vn 0.56803 -0.10706 -0.81601
vn 0.06348 -0.47467 0.87787
vn 0.14820 -0.95324 0.26339
vn 0.41196 -0.78143 -0.46868
vn 0.13968 -0.32940 -0.93380
vn 0.17300 -0.91816 0.35645
vn 0.15642 -0.93246 0.32565
vn 0.09344 -0.99560 -0.00707
vn -0.09374 -0.98119 -0.16874
vn 0.18507 -0.97120 0.15003
vn 0.52060 -0.58586 -0.62108
vn 0.15623 0.55956 0.81393
vn -0.00388 0.89823 0.43951
vn -0.06490 0.97239 0.22416
vn -0.13117 0.99030 -0.04582
vn -0.04469 0.99618 -0.07500
vn -0.04412 0.99885 -0.01903
vn -0.04659 0.99874 0.01868
vn -0.13934 0.99021 -0.00764
vn -0.05942 0.98474 -0.16356
vn -0.16012 0.94350 -0.29011
vn -0.35656 0.80275 -0.47797
vn 0.14877 0.31073 0.93879
vn -0.13442 0.49055 0.86098
vn -0.33103 0.79928 -0.50157
vn -0.39535 0.49108 -0.77623
vn -0.05196 0.50495 0.86158
vn 0.04415 -0.23439 -0.97114
vn 0.15307 0.06763 0.98590
vn 0.02467 -0.21048 -0.97729
vn 0.20281 0.08510 0.97551
vn -0.09480 -0.27339 -0.95722
vn -0.13924 -0.52028 -0.84257
vn 0.07557 -0.74888 0.65838
vn 0.14063 -0.62889 0.76467
vn 0.09882 -0.46407 -0.88027
vn 0.35171 -0.59365 0.72379
vn 0.23132 -0.79029 0.56740
vn -0.01947 -0.17865 -0.98372
vn 0.05683 -0.60524 0.79401
vn 0.01214 -0.95065 0.31002
vn 0.01484 -0.94758 -0.31918
vn 0.16536 0.12657 -0.97808
vn -0.24220 -0.91716 0.31647
vn -0.02415 -0.94626 0.32249
vn -0.21261 -0.91131 0.35257
vn -0.33569 -0.92923 -0.15439
vn 0.14930 -0.97198 -0.18155
vn -0.01180 -0.83513 -0.54993
vn -0.16631 0.98082 0.10163
vn -0.21079 0.97753 -0.00139
vn -0.27501 0.96028 -0.04715
vn -0.30525 0.95225 0.00626
vn -0.25713 0.96450 0.06023
vn -0.21575 0.97645 -0.00178
vn -0.27772 0.71331 0.64348
vn -0.10509 0.90428 0.41381
vn -0.14910 0.95404 0.25995
vn -0.15998 0.98628 -0.04079
vn -0.24297 0.96698 -0.07696
vn -0.28538 0.95825 0.01746
vn -0.27756 0.95954 0.04730
vn -0.24260 0.96947 -0.03563
vn -0.22220 0.95659 -0.18858
vn -0.23563 0.94347 -0.23311
vn -0.20421 0.89753 -0.39083
vn -0.42628 0.33652 0.83967
vn -0.18126 0.50424 0.84432
vn -0.10039 0.40489 -0.90884
vn -0.01295 0.15551 -0.98775
vn -0.38009 0.12351 0.91667
vn -0.17514 -0.41757 -0.89161
vn 0.05139 -0.04345 -0.99773
vn -0.25673 0.08880 0.96240
vn 0.01707 -0.43170 -0.90186
vn 0.01126 -0.68659 0.72696
vn -0.21501 -0.28710 -0.93346
vn -0.14330 -0.17208 -0.97460
vn 0.07037 -0.50616 0.85956
vn -0.06526 -0.43180 0.89960
vn -0.25807 -0.38017 -0.88819
vn -0.46833 -0.29270 -0.83366
vn -0.17369 -0.57488 0.79959
vn -0.29988 -0.56676 0.76737
vn -0.43641 -0.23870 -0.86751
vn -0.19739 -0.84631 0.49477
vn -0.20688 -0.76776 0.60641
vn -0.34004 -0.72237 -0.60212
vn -0.34758 -0.37967 -0.85734
vn -0.18023 -0.78636 0.59090
vn -0.22770 -0.96036 0.16084
vn -0.25118 -0.85368 0.45621
vn -0.50336 -0.82892 0.24397
vn -0.60356 -0.57868 -0.54850
vn -0.37701 -0.76370 -0.52405
vn -0.32637 -0.80949 0.48807
vn -0.38981 -0.82981 0.39932
vn -0.60690 -0.64283 -0.46737
vn -0.12628 0.98007 0.15334
vn -0.13136 0.99087 0.03028
vn -0.16182 0.98664 0.01869
vn -0.21208 0.97644 -0.03981
vn -0.23690 0.97145 0.01238
vn -0.20189 0.97900 -0.02831
vn -0.14488 0.97318 -0.17871
vn -0.24595 0.69299 0.67769
vn -0.24004 0.88213 0.40525
vn -0.16656 0.92782 0.33377
vn -0.25682 0.96610 -0.02630
vn -0.27398 0.96151 -0.02058
vn -0.23063 0.96910 -0.08745
vn -0.13788 0.96651 -0.21644
vn -0.03833 0.89637 -0.44164
vn 0.13579 0.95178 -0.27510
vn -0.15906 0.33912 0.92720
vn -0.10800 0.63118 0.76808
vn 0.00548 0.42104 -0.90703
vn -0.19073 -0.01763 -0.98148
vn -0.19838 0.09876 0.97514
vn -0.09629 0.03398 0.99477
vn -0.02444 -0.30960 -0.95055
vn -0.36830 -0.26139 -0.89221
vn -0.49897 -0.15670 0.85233
vn -0.58572 -0.27541 0.76229
vn -0.69986 -0.39123 -0.59761
vn -0.69261 -0.30226 -0.65492
vn -0.78574 -0.08619 0.61252
vn -0.53455 -0.28134 0.79693
vn -0.48571 -0.03072 -0.87358
vn -0.70109 -0.43505 -0.56497
vn -0.73201 -0.25623 0.63127
vn -0.84616 -0.42232 0.32504
vn -0.32005 -0.32100 0.89136
vn -0.58677 -0.18334 -0.78872
vn -0.29499 -0.19365 -0.93567
vn -0.74004 -0.14561 0.65662
vn -0.41779 -0.47091 0.77698
vn -0.16871 -0.62554 0.76173
vn -0.11149 -0.39658 -0.91120
vn -0.19070 -0.44195 -0.87654
vn -0.71798 -0.57103 0.39802
vn -0.84180 -0.10536 0.52940
vn -0.56401 -0.60065 0.56667
vn -0.45670 -0.72835 0.51082
vn -0.56845 -0.58168 -0.58182
vn -0.18094 -0.38214 -0.90622
vn -0.75861 -0.31876 0.56825
vn -0.91881 -0.39294 0.03725
vn -0.65818 -0.69061 0.29976
vn -0.69186 -0.64606 0.32238
vn -0.62843 -0.74831 0.21236
vn -0.70320 -0.42270 -0.57170
vn -0.65543 -0.59419 -0.46622
vn -0.32724 -0.38790 -0.86166
vn -0.70422 -0.58677 0.39972
vn -0.72798 -0.63797 0.25108
vn -0.72210 -0.63921 0.26454
vn -0.47077 -0.87028 0.14489
vn -0.63862 -0.70264 -0.31379
vn -0.43558 -0.68393 -0.58524
vn -0.16556 0.92323 0.34675
vn -0.15436 0.97997 0.12586
vn -0.04987 0.99789 0.04163
vn -0.12633 0.99119 0.03979
vn -0.11731 0.99281 0.02394
vn -0.16890 0.98400 0.05669
vn -0.08748 0.99269 -0.08312
vn -0.11923 0.96663 -0.22676
vn -0.18095 0.92885 -0.32325
vn -0.24837 0.72136 0.64649
vn -0.20084 0.90179 0.38267
vn -0.18368 0.92295 0.33827
vn -0.08593 0.94484 -0.31605
vn -0.15155 0.79896 -0.58198
vn 0.05537 0.92882 -0.36638
vn -0.29079 0.31230 0.90438
vn -0.26567 0.41749 0.86898
vn -0.12368 0.74597 -0.65440
vn -0.35654 0.60383 -0.71293
vn -0.55839 0.55843 0.61347
vn -0.39114 0.39781 0.82991
vn -0.47842 0.15255 -0.86478
vn -0.72177 0.26080 0.64112
vn -0.70541 0.04303 0.70749
vn -0.47535 -0.26206 -0.83986
vn -0.81785 -0.37132 0.43960
vn -0.65531 -0.24734 0.71372
vn -0.68663 -0.32452 -0.65056
vn -0.58169 -0.35986 -0.72948
vn -0.33232 -0.29776 0.89493
vn -0.70800 -0.48897 0.50956
vn -0.49693 -0.70718 -0.50295
vn -0.31272 -0.57935 -0.75270
vn -0.44748 -0.36825 0.81496
vn -0.68350 -0.32028 0.65593
vn -0.27502 -0.35170 -0.89481
vn -0.23320 -0.07236 -0.96973
vn -0.59393 -0.22053 0.77370
vn -0.86788 -0.16911 0.46711
vn -0.56777 -0.27904 -0.77446
vn -0.75036 -0.28251 -0.59761
vn 0.24245 -0.35562 0.90264
vn -0.49009 -0.82957 0.26763
vn -0.06466 -0.89917 0.43279
vn -0.73387 -0.66958 -0.11447
vn -0.56291 -0.58802 -0.58082
vn -0.44165 -0.27470 -0.85410
vn -0.60763 -0.54643 -0.57637
vn -0.07654 -0.99280 0.09215
vn -0.40033 -0.77108 0.49514
vn -0.51841 -0.81283 0.26563
vn -0.64327 -0.74995 0.15419
vn -0.36511 -0.91633 -0.16443
vn -0.42068 -0.90148 -0.10176
vn -0.52855 -0.78382 -0.32598
vn -0.26423 -0.55508 -0.78871
vn -0.36910 -0.87523 0.31263
vn -0.37240 -0.85025 0.37201
vn -0.23991 -0.96858 -0.06551
vn -0.06863 -0.97801 -0.19692
vn -0.11762 -0.98749 0.10504
vn -0.07075 0.94548 0.31789
vn -0.05275 0.99130 0.12059
vn -0.08321 0.99636 0.01872
vn -0.03976 0.99910 0.01489
vn -0.03285 0.99549 0.08896
vn -0.03287 0.99923 0.02146
vn -0.07193 0.99397 -0.08281
vn -0.09550 0.98320 -0.15556
vn -0.12497 0.93857 -0.32167
vn -0.59058 0.48425 0.64554
vn -0.18625 0.74789 0.63716
vn -0.11445 0.91952 0.37601
vn -0.25460 0.76783 -0.58790
vn -0.20546 0.78670 -0.58214
vn -0.46411 0.51196 0.72284
vn -0.22214 0.50993 0.83104
vn 0.12453 0.81800 -0.56158
vn 0.22061 0.55366 -0.80299
vn -0.46067 0.44355 0.76880
vn -0.54280 0.47366 0.69355
vn -0.18472 0.62951 -0.75471
vn -0.43180 0.38766 -0.81441
vn -0.22668 0.24984 0.94138
vn -0.17490 -0.26132 -0.94927
vn -0.54632 -0.28859 -0.78629
vn -0.41025 -0.58210 0.70203
vn -0.59607 -0.48748 0.63801
vn -0.36356 -0.34238 -0.86637
vn -0.60022 -0.15122 -0.78541
vn -0.18178 -0.42919 0.88473
vn -0.52895 -0.62917 0.56952
vn -0.54991 -0.57500 -0.60579
vn -0.30542 -0.55515 -0.77364
vn -0.13415 -0.27268 0.95271
vn -0.17763 -0.58925 0.78818
vn -0.79856 0.17759 -0.57512
vn -0.56934 0.12520 -0.81251
vn -0.30612 -0.47939 0.82248
vn -0.32000 -0.75153 0.57689
vn -0.60832 -0.19602 -0.76911
vn -0.43640 -0.16832 -0.88387
vn 0.13074 -0.41206 0.90173
vn -0.11554 -0.86700 0.48474
vn -0.22073 -0.80820 0.54597
vn -0.38190 -0.70958 -0.59216
vn -0.56248 -0.71046 -0.42292
vn -0.41475 -0.44737 -0.79236
vn -0.22864 -0.77420 0.59020
vn -0.39946 -0.77857 0.48400
vn -0.28520 -0.76059 0.58323
vn -0.11821 -0.83998 -0.52959
vn -0.26696 -0.92781 -0.26058
vn -0.19152 -0.55124 -0.81207
vn -0.21961 -0.92757 0.30230
vn -0.36033 -0.85296 0.37765
vn -0.33545 -0.90684 -0.25517
vn -0.36994 -0.89487 -0.24969
vn -0.18081 -0.98108 0.06915
vn -0.89345 -0.44877 -0.01858
vn -0.65324 -0.10401 -0.74998
vn -0.05866 0.91415 0.40111
vn -0.09248 0.95419 0.28455
vn -0.04744 0.99564 0.08031
vn 0.00651 0.99972 -0.02264
vn 0.01727 0.99967 0.01901
vn 0.03090 0.99858 0.04329
vn 0.07773 0.99678 -0.01950
vn 0.09286 0.99564 0.00853
vn -0.04575 0.98947 -0.13731
vn -0.10468 0.96414 -0.24388
vn -0.16830 0.79544 0.58220
vn -0.06470 0.93782 0.34103
vn -0.14514 0.91679 0.37207
vn -0.10574 0.90405 -0.41414
vn -0.35340 0.76321 -0.54094
vn -0.62707 0.58034 -0.51960
vn -0.37130 0.64658 -0.66638
vn -0.39847 0.39443 0.82804
vn -0.37412 0.26490 0.88874
vn -0.49598 0.63556 -0.59167
vn -0.72863 0.47018 -0.49803
vn -0.63050 0.50344 -0.59078
vn -0.29550 0.52552 0.79781
vn -0.16760 0.52412 0.83499
vn -0.58136 0.63441 -0.50946
vn -0.63871 0.41458 -0.64820
vn -0.14871 0.16914 -0.97431
vn -0.09650 0.17023 0.98067
vn -0.67913 -0.24188 -0.69302
vn -0.48613 -0.20053 -0.85057
vn 0.01045 -0.88535 0.46480
vn -0.67190 -0.50285 -0.54378
vn -0.55704 -0.21270 -0.80279
vn -0.55396 -0.26997 -0.78756
vn 0.16862 -0.20457 0.96422
vn -0.01882 -0.49037 0.87131
vn -0.77184 -0.35217 -0.52939
vn -0.40649 -0.39530 -0.82371
vn -0.15071 -0.32672 0.93303
vn -0.73643 0.11250 -0.66710
vn -0.28198 0.15821 -0.94628
vn -0.13687 -0.32254 0.93661
vn -0.42585 -0.55393 0.71541
vn -0.64046 -0.23326 -0.73171
vn -0.45479 -0.27097 -0.84837
vn -0.54286 -0.34176 0.76714
vn -0.54151 -0.76646 0.34541
vn -0.34518 -0.61405 0.70978
vn -0.64024 -0.67223 -0.37176
vn -0.66079 -0.58495 -0.47031
vn -0.72360 -0.44792 -0.52514
vn -0.89676 -0.40203 0.18490
vn -0.26510 -0.86505 0.42593
vn -0.05288 -0.95982 0.27560
vn -0.12696 -0.75448 0.64393
vn -0.75496 -0.54796 -0.36023
vn -0.66122 -0.62644 -0.41274
vn -0.68735 -0.53282 -0.49360
vn -0.47153 -0.45755 0.75386
vn -0.34504 -0.91576 0.20573
vn -0.56285 -0.82244 0.08239
vn -0.76571 -0.64027 -0.06124
vn -0.80471 -0.59324 -0.02243
vn -0.40596 -0.90331 0.13869
vn -0.55703 -0.20989 -0.80353
vn -0.38834 -0.69493 -0.60519
vn -0.49184 -0.82972 0.26393
vn -0.47082 -0.85998 0.19688
vn -0.60835 -0.79301 -0.03240
vn -0.60113 -0.79562 0.07504
vn -0.63972 -0.61718 -0.45810
vn 0.01416 0.90864 0.41734
vn 0.00898 0.97329 0.22939
vn 0.03364 0.99900 0.02938
vn -0.00211 0.99839 -0.05673
vn 0.06976 0.99561 0.06244
vn 0.04762 0.99861 -0.02244
vn 0.05289 0.99778 -0.04039
vn -0.03971 0.99791 0.05088
vn 0.01916 0.99839 -0.05340
vn -0.02762 0.95712 -0.28839
vn -0.03890 0.94738 -0.31774
vn 0.20657 0.51362 0.83278
vn 0.10340 0.93824 0.33017
vn 0.02942 0.90065 0.43355
vn -0.06256 0.92699 -0.36984
vn -0.10122 0.91641 -0.38724
vn 0.04658 0.94450 -0.32518
vn -0.02770 0.72297 -0.69032
vn -0.06511 0.40081 0.91385
vn -0.35401 0.38335 0.85306
vn -0.27157 0.56868 -0.77644
vn -0.30313 0.18313 -0.93519
vn -0.12261 0.19645 0.97282
vn -0.08687 0.37471 -0.92307
vn -0.06388 0.15543 -0.98578
vn 0.12248 -0.18629 0.97483
vn 0.04917 0.26588 -0.96275
vn -0.04939 -0.04548 0.99774
vn -0.37087 -0.56447 -0.73745
vn -0.48157 -0.54177 -0.68889
vn -0.30894 -0.01921 0.95089
vn -0.91888 0.28801 0.26966
vn -0.44595 -0.22976 0.86507
vn -0.54935 -0.38022 -0.74407
vn -0.57681 -0.35664 -0.73491
vn -0.35461 -0.35529 0.86488
vn -0.75676 -0.61110 0.23212
vn -0.70276 -0.37252 0.60610
vn -0.36210 0.22950 -0.90344
vn -0.48986 -0.69248 0.52963
vn -0.51962 -0.23400 0.82173
vn -0.47080 -0.19506 -0.86041
vn -0.47988 -0.25655 -0.83899
vn -0.64772 -0.09928 0.75538
vn -0.33088 -0.72608 0.60276
vn -0.23173 -0.24471 -0.94150
vn -0.28291 -0.36406 -0.88737
vn -0.04302 -0.75974 0.64881
vn -0.64680 -0.74631 -0.15704
vn -0.55504 -0.80722 0.20081
vn -0.58660 -0.07063 0.80679
vn -0.21586 -0.85644 -0.46895
vn -0.10325 -0.78608 -0.60945
vn -0.17827 -0.33737 0.92434
vn -0.32174 -0.72077 0.61398
vn -0.47155 -0.87732 0.08921
vn -0.23728 -0.85764 -0.45624
vn -0.25760 -0.76737 -0.58719
vn -0.27483 -0.76062 -0.58816
vn -0.09024 -0.92250 0.37531
vn -0.49282 -0.80163 0.33840
vn -0.39161 -0.88631 0.24718
vn -0.56211 -0.80777 -0.17761
vn -0.40269 -0.90498 0.13730
vn -0.41464 -0.79141 -0.44915
vn -0.52387 -0.65596 -0.54339
vn -0.35018 -0.84772 0.39843
vn -0.37686 -0.86196 0.33912
vn 0.00566 0.91240 0.40927
vn 0.07649 0.96432 0.25346
vn -0.00281 0.99937 0.03527
vn 0.07470 0.99353 -0.08560
vn 0.05733 0.99804 0.02529
vn 0.07624 0.99706 0.00773
vn 0.05773 0.99782 0.03196
vn 0.02838 0.99699 0.07211
vn 0.01011 0.99585 -0.09050
vn 0.03053 0.97933 -0.19995
vn -0.02644 0.95612 -0.29178
vn -0.21274 0.57641 0.78898
vn -0.13328 0.94012 0.31369
vn -0.00015 0.90456 0.42635
vn 0.05869 0.94102 0.33321
vn -0.05803 0.91090 -0.40852
vn 0.03322 0.96739 -0.25111
vn -0.18121 0.79723 -0.57583
vn -0.14677 0.42471 0.89335
vn -0.07933 0.76088 -0.64403
vn -0.19766 0.45763 -0.86690
vn 0.07777 0.22412 0.97145
vn -0.23851 0.06245 -0.96913
vn -0.01599 0.10056 0.99480
vn -0.00578 0.20076 -0.97962
vn -0.92490 -0.12699 0.35838
vn -0.47737 -0.24102 0.84500
vn -0.13394 -0.20254 -0.97007
vn -0.05954 0.76171 0.64518
vn 0.10239 0.58476 0.80472
vn -0.59520 -0.42081 -0.68458
vn -0.47448 -0.30060 -0.82735
vn -0.48393 -0.30946 0.81857
vn -0.24464 -0.75989 0.60226
vn -0.53157 0.16321 -0.83114
vn -0.56253 -0.10962 -0.81948
vn -0.32257 -0.62352 0.71216
vn -0.41921 -0.25045 0.87266
vn -0.71090 -0.17115 -0.68215
vn -0.58139 0.13570 -0.80223
vn -0.28418 -0.10381 0.95313
vn -0.25253 -0.79768 0.54766
vn -0.02554 -0.83104 0.55563
vn -0.26381 -0.61628 -0.74203
vn -0.66245 -0.42510 -0.61681
vn -0.32669 -0.62191 -0.71169
vn -0.25586 -0.81423 0.52112
vn 0.01802 -0.84852 0.52885
vn -0.35647 -0.92641 0.12124
vn -0.08436 -0.99623 0.02022
vn -0.32291 -0.61521 -0.71920
vn -0.27581 -0.65983 -0.69897
vn -0.12790 -0.83676 -0.53242
vn -0.58232 -0.78432 0.21388
vn -0.52101 -0.76346 0.38169
vn -0.04600 -0.77723 0.62753
vn -0.71329 -0.49842 -0.49274
vn -0.17591 -0.65369 -0.73603
vn -0.11995 -0.79302 -0.59726
vn 0.04032 -0.92903 0.36780
vn 0.23956 -0.87235 0.42616
vn -0.23628 -0.83217 0.50167
vn -0.30758 -0.85997 -0.40724
vn 0.23959 -0.96712 0.08535
vn -0.52564 -0.80487 -0.27548
vn -0.52581 -0.78260 -0.33327
vn -0.22624 -0.47990 -0.84765
vn -0.17866 -0.85751 0.48244
vn -0.14243 -0.96364 -0.22606
vn 0.15130 -0.88822 -0.43379
vn -0.19055 0.95259 0.23721
vn 0.01515 0.96967 0.24393
vn 0.10465 0.99445 0.01070
vn 0.07361 0.99592 -0.05218
vn 0.04137 0.99870 -0.02979
vn 0.03594 0.99717 0.06608
vn 0.04650 0.99842 0.03146
vn 0.05951 0.99453 0.08588
vn 0.05906 0.99411 -0.09084
vn 0.03381 0.97350 -0.22618
vn 0.02997 0.96995 -0.24147
vn 0.21150 0.49864 0.84061
vn -0.05408 0.89530 0.44217
vn -0.08870 0.92988 0.35702
vn 0.01231 0.95228 0.30497
vn -0.00952 0.93743 -0.34805
vn -0.03168 0.95072 -0.30841
vn 0.17297 0.79614 -0.57986
vn 0.24581 0.59798 0.76289
vn -0.24785 0.15950 0.95558
vn 0.37736 0.60173 -0.70393
vn 0.32568 0.47180 -0.81935
vn -0.93872 0.19645 0.28323
vn -0.89775 0.36001 0.25384
vn -0.39140 0.47732 0.78675
vn 0.16018 0.66974 -0.72511
vn 0.13015 0.17238 -0.97639
vn -0.82577 -0.10445 0.55426
vn -0.84257 0.32584 0.42883
vn -0.42753 0.13063 0.89451
vn -0.25685 0.26924 -0.92819
vn -0.50430 0.34976 0.78952
vn -0.75822 0.48527 0.43545
vn -0.50845 0.39516 0.76506
vn 0.11819 -0.20976 -0.97058
vn -0.15821 -0.34342 0.92576
vn -0.66127 -0.07478 0.74641
vn -0.10527 -0.06738 -0.99216
vn 0.23149 -0.65786 0.71668
vn 0.08721 -0.65641 0.74935
vn -0.43883 -0.02341 -0.89827
vn -0.23674 -0.69364 0.68030
vn 0.19389 -0.43288 -0.88035
vn -0.00449 -0.21498 0.97661
vn 0.14344 -0.84543 0.51447
vn 0.12029 -0.60875 -0.78419
vn 0.23550 -0.61319 -0.75401
vn -0.11572 -0.79503 0.59543
vn -0.15733 -0.93424 0.32006
vn 0.15792 -0.58981 0.79195
vn 0.00438 -0.62492 -0.78067
vn 0.01367 -0.87886 -0.47689
vn 0.10013 -0.93332 0.34480
vn 0.03218 -0.98841 0.14834
vn 0.07894 -0.82818 0.55487
vn -0.22722 -0.48276 -0.84576
vn -0.06770 -0.64274 -0.76309
vn 0.01325 -0.97660 0.21464
vn -0.00717 -0.90518 0.42496
vn 0.28523 -0.94041 0.18511
vn 0.19909 -0.96097 0.19208
vn -0.07452 -0.98978 -0.12158
vn 0.28530 -0.92949 -0.23379
vn 0.20831 -0.96690 -0.14738
vn -0.18243 -0.64300 -0.74382
vn 0.39322 -0.85338 0.34222
vn 0.36959 -0.92890 0.02357
vn 0.04871 -0.90318 -0.42648
vn -0.97727 0.18432 0.10478
vn -0.96753 0.24950 0.04035
vn -0.87256 -0.21313 -0.43957
vn -0.96693 -0.10464 0.23258
vn -0.97713 -0.11644 -0.17791
vn -0.82908 -0.30813 -0.46656
vn -0.99650 -0.00363 0.08356
vn -0.99841 0.05535 -0.01108
vn -0.99215 -0.12363 0.01881
vn -0.98501 0.05157 0.16460
vn -0.99185 0.12065 -0.04103
vn -0.90703 0.41923 -0.03917
vn -0.99944 0.00341 0.03319
vn -0.96221 -0.00199 0.27231
vn -0.87218 -0.17684 -0.45610
vn -0.97176 -0.18646 0.14459
vn -0.99683 -0.06415 0.04701
vn -0.99005 0.14038 0.00970
vn -0.92621 0.37091 0.06753
vn -0.88924 0.44452 -0.10792
vn -0.32591 0.89621 0.30099
vn -0.32824 0.90855 0.25846
vn -0.26691 0.96330 0.02861
vn -0.16320 0.97669 -0.13941
vn -0.05411 0.99637 -0.06565
vn 0.10489 0.99411 -0.02718
vn 0.16913 0.98557 -0.00746
vn 0.23240 0.97136 0.04954
vn 0.23266 0.97255 -0.00279
vn 0.19763 0.98020 0.01213
vn 0.11654 0.98229 -0.14669
vn 0.04946 0.97629 -0.21075
vn -0.98255 -0.12809 0.13490
vn -0.99712 -0.00358 -0.07573
vn -0.86976 0.49264 -0.02880
vn -0.85085 0.51373 -0.11018
vn -0.55320 -0.12405 0.82376
vn -0.37745 0.92603 -0.00067
vn -0.38019 0.86466 0.32834
vn 0.11937 0.98978 -0.07803
vn 0.19440 0.98032 0.03434
vn 0.22416 0.97452 -0.00745
vn 0.14861 0.97986 -0.13338
vn 0.05049 0.96174 -0.26926
vn 0.11502 0.83908 -0.53171
vn 0.15666 0.67800 -0.71817
vn -0.96119 0.02420 0.27483
vn -0.99046 -0.08038 -0.11195
vn -0.84640 0.11446 0.52011
vn -0.75538 0.42558 -0.49828
vn -0.38405 0.35770 0.85121
vn -0.26513 0.15262 0.95206
vn 0.23322 0.50945 -0.82829
vn 0.29707 0.42082 -0.85712
vn -0.99282 -0.10732 0.05291
vn -0.97387 -0.22246 0.04581
vn -0.37844 0.12157 0.91761
vn -0.63687 0.74203 -0.20924
vn -0.10736 0.76014 0.64083
vn 0.46884 0.70150 -0.53674
vn 0.40118 0.70391 -0.58614
vn -0.92313 0.07272 0.37756
vn -0.56841 0.03368 0.82205
vn 0.09907 -0.25334 -0.96229
vn -0.86237 -0.01862 0.50593
vn -0.66748 -0.03310 0.74389
vn 0.18885 -0.25093 -0.94940
vn -0.74162 -0.48830 0.45996
vn -0.52355 -0.53828 0.66041
vn -0.18139 -0.60360 0.77638
vn -0.08717 0.35158 -0.93209
vn -0.48091 -0.07659 0.87342
vn -0.48269 -0.59580 0.64190
vn 0.05194 -0.27091 -0.96120
vn -0.32093 -0.89625 0.30618
vn -0.08660 -0.71248 0.69632
vn 0.29411 -0.25932 -0.91992
vn 0.22187 -0.51888 -0.82555
vn -0.96461 0.00479 0.26364
vn -0.71767 0.40273 0.56812
vn 0.14338 -0.72788 0.67054
vn 0.15070 -0.51595 0.84326
vn 0.05385 -0.64687 -0.76070
vn 0.05323 -0.42702 -0.90267
vn -0.87436 0.36543 0.31931
vn -0.81789 0.53004 0.22386
vn -0.95991 -0.12381 -0.25147
vn -0.10447 -0.74785 0.65560
vn -0.17520 -0.91269 0.36919
vn -0.25688 -0.82650 0.50092
vn 0.44552 -0.84230 -0.30339
vn 0.09504 -0.91549 -0.39095
vn -0.13064 -0.38155 -0.91507
vn -0.95351 -0.03138 0.29973
vn -0.86131 -0.12228 0.49314
vn -0.76801 -0.06720 -0.63691
vn -0.13746 -0.88545 0.44394
vn -0.30591 -0.58478 0.75130
vn -0.53911 -0.77800 0.32260
vn 0.47906 -0.79080 -0.38098
vn 0.42025 -0.90387 0.08005
vn 0.22385 -0.52631 -0.82030
vn -0.09078 -0.89196 -0.44290
vn -0.96679 -0.00397 0.25555
vn -0.99712 -0.05962 0.04681
vn -0.96821 -0.12294 -0.21783
vn -0.16314 -0.51944 0.83879
vn -0.62241 -0.71935 0.30846
vn -0.22573 -0.93157 0.28499
vn 0.16081 -0.97934 -0.12263
vn 0.35031 -0.90060 0.25731
vn 0.28703 -0.92274 -0.25724
vn 0.40953 -0.77858 -0.47550
vn 0.41970 -0.90095 0.11014
vn 0.27321 -0.86592 -0.41897
vn -0.94666 -0.32220 0.00473
vn -0.93239 -0.35927 -0.03956
vn -0.93850 0.34521 0.00731
vn -0.79707 0.52730 -0.29435
vn -0.37824 0.92480 -0.04095
vn -0.69643 -0.00580 0.71760
vn -0.76047 0.58829 0.27497
vn -0.55578 -0.59018 -0.58549
vn -0.89173 0.11184 0.43853
vn -0.98815 0.15341 0.00514
vn -0.91271 0.14565 -0.38178
vn -0.91092 0.41197 -0.02238
vn -0.94171 0.32710 0.07863
vn -0.63012 -0.60562 0.48598
vn -0.42944 -0.55335 -0.71371
vn -0.53999 -0.71355 -0.44639
vn -0.86734 0.14873 0.47497
vn -0.92441 0.37088 0.08890
vn -0.91963 -0.08947 -0.38246
vn -0.98967 -0.13768 0.04001
vn -0.97205 0.21595 -0.09206
vn -0.88347 0.42552 -0.19598
vn -0.49960 -0.85623 0.13140
vn -0.45141 -0.89170 0.03312
vn -0.83121 -0.17297 0.52836
vn -0.92200 -0.38099 0.06906
vn -0.96653 0.02415 -0.25543
vn -0.91255 0.39430 -0.10852
vn -0.97367 -0.20225 0.10519
vn -0.94381 -0.25841 -0.20604
vn -0.85165 -0.31688 0.41746
vn -0.89653 -0.44246 0.02148
vn -0.97985 -0.18658 0.07134
vn -0.87167 -0.48964 -0.02106
vn -0.99704 -0.00763 0.07648
vn -0.99781 0.04285 -0.05036
vn -0.97476 -0.18785 0.12062
vn -0.98898 -0.14679 0.01932
vn -0.67278 0.73949 0.02311
vn -0.60715 0.77129 -0.19100
vn -0.85946 0.19705 0.47169
vn -0.80619 0.48177 0.34345
vn -0.86920 0.15339 -0.47007
vn -0.80393 0.30933 -0.50795
vn -0.79857 -0.05215 0.59964
vn -0.92534 -0.03471 0.37754
vn -0.90265 0.26681 -0.33769
vn -0.74593 0.34484 -0.56981
vn -0.96525 -0.05266 0.25596
vn -0.86996 0.01232 0.49297
vn -0.90692 0.39816 -0.13770
vn -0.87720 0.46727 -0.11035
vn -0.80641 0.53817 -0.24511
vn -0.86091 0.47967 -0.16956
vn -0.80161 0.56954 0.18178
vn -0.66648 0.37920 0.64188
vn -0.77788 0.54083 0.32001
vn -0.92427 0.37611 0.06539
vn -0.90225 0.05787 -0.42732
vn -0.93643 0.15750 -0.31351
vn -0.95409 0.22979 -0.19213
vn -0.89085 -0.00655 0.45426
vn -0.97751 0.03684 0.20765
vn -0.88465 -0.04028 0.46451
vn -0.95670 -0.05499 -0.28585
vn -0.90180 -0.06733 -0.42687
vn -0.97883 -0.17929 -0.09873
vn -0.93887 0.34425 -0.00407
vn -0.82933 0.51028 0.22765
vn -0.91669 0.39530 0.05851
vn -0.95567 0.20959 -0.20681
vn -0.86506 0.33958 0.36926
vn -0.75788 0.25791 0.59925
vn -0.85442 0.33612 0.39623
vn -0.99838 0.05587 -0.01045
vn -0.96729 -0.17203 -0.18641
vn -0.83219 -0.39680 -0.38732
vn -0.90522 -0.27293 0.32571
vn -0.52068 -0.83191 -0.19188
vn -0.42094 0.70188 0.57461
vn -0.72140 0.55046 0.42020
vn -0.91479 0.40392 0.00281
vn -0.84863 0.40823 -0.33642
vn -0.88549 0.41449 0.21001
vn -0.75673 0.59991 0.25972
vn -0.96418 0.26252 0.03806
vn -0.86344 0.17472 0.47323
vn -0.99043 -0.04362 -0.13096
vn -0.91682 0.17432 -0.35925
vn -0.91353 0.15623 -0.37556
vn -0.92879 -0.21490 -0.30194
vn -0.70652 -0.68184 -0.18954
vn -0.79102 0.52635 0.31184
vn -0.90134 0.37286 0.22036
vn -0.83686 0.48313 0.25738
vn -0.85530 0.34892 -0.38304
vn -0.50462 0.42330 0.75245
vn -0.98728 0.13918 -0.07691
vn -0.98658 0.00398 0.16321
vn -0.85347 -0.27152 -0.44483
vn -0.92476 -0.35668 0.13262
vn -0.89961 -0.14275 0.41270
vn -0.91822 0.06794 0.39021
vn -0.99894 0.03261 0.03259
vn -0.89924 0.03500 -0.43605
vn -0.96292 0.23105 -0.13926
vn -0.79174 0.18468 -0.58227
vn -0.89469 0.10148 -0.43500
vn -0.99090 0.10744 0.08103
vn -0.95742 0.08096 0.27711
vn -0.99674 0.07345 -0.03343
vn -0.94059 -0.00328 -0.33952
vn -0.81644 -0.13256 0.56201
vn -0.99304 0.11483 -0.02619
vn -0.94837 0.04434 -0.31405
vn -0.85935 0.29986 -0.41426
vn -0.92214 0.38481 -0.03962
vn -0.80371 0.15183 0.57533
vn -0.98352 -0.17291 0.05273
vn -0.96385 -0.18151 0.19508
vn -0.92557 0.30785 -0.22034
vn -0.98748 0.14713 -0.05696
vn -0.72473 0.45039 -0.52146
vn -0.63443 0.36409 -0.68186
vn -0.89560 0.44100 0.05849
vn 0.18588 0.96496 -0.18519
vn -0.10346 0.97164 0.21264
vn -0.02393 0.98154 0.18974
vn -0.00641 0.99995 -0.00733
vn -0.04856 0.99245 -0.11260
vn -0.06013 0.98876 -0.13686
vn -0.13084 0.98245 -0.13295
vn -0.07188 0.99574 -0.05777
vn -0.10310 0.98463 -0.14095
vn 0.19830 0.97821 0.06154
vn 0.21244 0.97673 0.02929
vn 0.20335 0.97576 -0.08087
vn -0.81930 0.39222 0.41822
vn -0.62801 0.34635 0.69689
vn -0.90492 -0.33637 0.26072
vn 0.03866 0.77574 -0.62987
vn -0.38843 0.88777 -0.24696
vn -0.60767 0.73664 -0.29681
vn -0.07594 0.90884 0.41017
vn -0.14210 0.93439 0.32670
vn 0.00805 0.99467 -0.10279
vn -0.02880 0.99482 -0.09753
vn 0.11482 0.99328 0.01463
vn 0.26373 0.96384 -0.03824
vn 0.29668 0.94620 -0.12915
vn 0.42478 0.84669 -0.32043
vn 0.38852 0.82489 -0.41063
vn -0.76832 0.42455 0.47901
vn -0.94506 0.19782 0.26026
vn -0.89958 0.03747 0.43514
vn -0.91633 0.11169 0.38454
vn -0.94475 -0.05364 -0.32338
vn -0.98614 -0.02420 0.16415
vn -0.59148 0.47099 -0.65446
vn -0.72246 -0.00806 0.69137
vn 0.75470 0.38259 -0.53297
vn 0.80000 0.31805 -0.50877
vn 0.24732 0.26568 -0.93180
vn -0.73108 0.37423 0.57051
vn -0.91665 0.32939 0.22639
vn -0.92499 0.26909 0.26829
vn -0.98217 -0.17678 0.06391
vn -0.97349 -0.22394 0.04646
vn -0.93732 -0.01279 0.34824
vn 0.65120 0.55230 -0.52048
vn 0.35097 0.37706 -0.85711
vn 0.81482 0.47662 -0.33001
vn -0.80535 -0.39009 0.44636
vn -0.82156 -0.45800 0.33953
vn -0.86372 -0.49165 0.11076
vn -0.96721 -0.23926 -0.08517
vn -0.79786 0.02410 0.60237
vn 0.38486 0.43252 -0.81536
vn 0.89657 0.05367 -0.43963
vn -0.86791 0.44775 0.21509
vn -0.78031 0.62405 -0.04105
vn -0.70660 -0.68792 0.16579
vn -0.68074 -0.67653 0.28089
vn -0.90426 -0.38766 0.17899
vn -0.58456 -0.08612 0.80677
vn 0.47225 -0.05150 -0.87996
vn 0.51804 0.26320 -0.81385
vn -0.94128 0.31671 -0.11699
vn -0.93198 0.30890 -0.18974
vn -0.65749 0.57936 0.48171
vn -0.65853 0.73623 -0.15587
vn -0.87018 0.09000 0.48445
vn -0.60931 0.75704 0.23586
vn -0.93067 -0.25228 0.26496
vn -0.70713 -0.41482 0.57261
vn -0.68865 -0.59658 0.41213
vn -0.49237 -0.54825 0.67601
vn 0.49766 0.49004 -0.71567
vn 0.35322 0.31706 -0.88017
vn -0.97788 0.15821 0.13686
vn -0.93654 0.27224 -0.22085
vn -0.75389 0.37522 0.53931
vn -0.97434 0.11079 -0.19593
vn -0.87845 0.14924 -0.45394
vn -0.79661 0.02999 0.60375
vn -0.84612 -0.45759 0.27330
vn -0.72796 -0.40700 0.55175
vn -0.56152 -0.15628 0.81257
vn 0.29846 -0.55960 -0.77315
vn 0.41997 -0.38857 -0.82015
vn -0.86698 0.41786 0.27155
vn -0.89746 0.29473 0.32817
vn -0.96484 0.21333 -0.15354
vn -0.96345 0.23143 0.13493
vn -0.98018 -0.00314 -0.19810
vn -0.95704 0.25421 0.13947
vn -0.85252 -0.02396 0.52215
vn -0.65698 -0.51441 0.55115
vn -0.02872 -0.95045 0.30954
vn -0.40500 -0.85066 0.33518
vn 0.34248 -0.19558 -0.91894
vn 0.38153 -0.48996 -0.78382
vn -0.84449 0.39705 0.35943
vn -0.80762 0.52153 0.27524
vn -0.92203 0.17462 0.34550
vn -0.98666 0.09521 0.13203
vn -0.97988 0.19007 -0.06083
vn -0.99009 -0.09881 0.09974
vn -0.95628 0.19195 0.22064
vn -0.95507 0.29179 -0.05192
vn -0.81376 0.43815 0.38186
vn -0.54204 -0.51177 0.66655
vn -0.41774 -0.58749 0.69307
vn 0.03439 -0.65602 -0.75396
vn 0.36363 -0.72319 -0.58717
vn -0.92165 -0.06744 0.38212
vn -0.84005 0.17681 0.51289
vn -0.94437 0.32849 0.01577
vn -0.98409 0.17751 -0.00731
vn -0.95963 0.28025 0.02387
vn -0.93301 0.35698 0.04528
vn -0.96338 0.26096 0.06169
vn -0.97160 -0.00535 0.23658
vn 0.17967 -0.59895 0.78037
vn 0.24575 -0.95434 0.16982
vn 0.29156 -0.94621 0.14029
vn 0.19206 -0.63750 -0.74613
vn 0.39159 -0.66195 -0.63912
vn 0.61068 -0.41529 -0.67424
vn -0.86754 0.30479 0.39304
vn -0.89181 0.45217 -0.01463
vn -0.89820 0.01923 0.43916
vn -0.99198 -0.09764 0.08026
vn -0.99833 0.01926 -0.05439
vn -0.99150 0.00057 0.13012
vn -0.99164 -0.05065 0.11870
vn -0.99764 -0.05423 0.04203
vn 0.40780 -0.80375 0.43322
vn 0.21502 -0.71808 0.66191
vn 0.10341 -0.91860 -0.38141
vn 0.08401 -0.84417 0.52946
vn 0.42158 -0.50584 -0.75259
vn -0.92522 -0.05903 0.37480
vn -0.92592 0.06948 0.37127
vn -0.98481 0.11548 0.12968
vn -0.97357 0.06698 0.21836
vn -0.99092 -0.12671 -0.04495
vn -0.91276 -0.40525 0.05131
vn -0.87475 -0.48434 0.01484
vn -0.99278 -0.11424 -0.03660
vn -0.91628 -0.07038 0.39431
vn -0.92352 -0.33396 0.18866
vn 0.59618 -0.47784 0.64517
vn -0.03517 -0.43902 0.89779
vn -0.21949 -0.96050 0.17108
vn -0.32355 -0.92457 0.20118
vn -0.33876 -0.93052 -0.13920
vn 0.36611 -0.83376 -0.41329
vn 0.25430 -0.88742 -0.38448
vn -0.03469 -0.98788 -0.15131
vn -0.03701 -0.97130 -0.23498
vn -0.87418 0.21959 0.43313
vn -0.83499 0.14709 0.53024
vn -0.96807 0.19028 0.16319
vn -0.99341 0.11414 0.01039
vn -0.99076 -0.08792 -0.10326
vn -0.99948 -0.01471 0.02852
vn -0.99517 0.09700 -0.01475
vn -0.93821 -0.32266 -0.12511
vn -0.72553 -0.66667 0.17076
vn -0.85968 -0.49281 0.13449
vn -0.85107 -0.45619 -0.25996
vn -0.95847 0.28321 0.03350
vn -0.95985 0.27997 0.01760
vn -0.82622 -0.50916 -0.24106
vn -0.82142 -0.55515 -0.13071
vn -0.64918 -0.76031 0.02220
vn -0.89590 0.01934 0.44384
vn -0.99385 -0.06474 0.08987
vn -0.88051 -0.38695 0.27382
vn -0.92839 -0.36473 -0.07117
vn -0.87232 -0.40456 -0.27456
vn -0.92844 -0.15461 0.33778
vn -0.96384 -0.15720 -0.21519
vn -0.90389 -0.31868 -0.28535
vn -0.88553 -0.04141 0.46274
vn -0.92991 -0.36678 0.02737
vn -0.83807 -0.49894 -0.22066
vn -0.90315 0.35460 0.24203
vn -0.95656 0.24896 0.15169
vn -0.98650 0.14272 -0.08025
vn -0.84599 0.47415 0.24387
vn -0.90724 0.22293 -0.35668
vn -0.83102 0.29817 -0.46958
vn -0.94144 -0.14117 0.30622
vn -0.99125 0.01209 0.13144
vn -0.97797 0.20871 -0.00249
vn -0.94685 0.07485 -0.31285
vn -0.91470 -0.00596 0.40410
vn -0.97913 -0.07461 -0.18906
vn -0.96505 0.19813 -0.17155
vn -0.94113 0.22691 0.25056
vn -0.95656 0.05909 -0.28550
vn -0.97874 0.11758 -0.16805
vn -0.73658 0.26096 0.62398
vn -0.91991 0.37138 0.12587
vn -0.91075 0.40846 0.06085
vn -0.96609 0.25622 0.03182
vn -0.97083 0.23310 -0.05621
vn -0.98821 0.15310 0.00083
vn -0.86991 0.27339 -0.41050
vn -0.92585 0.36851 -0.08364
vn -0.79271 0.53548 0.29132
vn -0.83608 0.54454 -0.06672
vn -0.92883 0.35607 -0.10239
vn -0.89081 0.09749 -0.44379
vn -0.89745 0.23743 0.37176
vn -0.71424 0.41429 0.56412
vn -0.98538 -0.12284 -0.11803
vn -0.91750 -0.00699 -0.39768
vn -0.98546 -0.13112 -0.10809
vn -0.94287 0.20788 0.26036
vn -0.98217 0.06555 -0.17620
vn -0.98720 0.12613 0.09757
vn -0.98514 0.08170 0.15106
vn -0.90729 -0.08905 -0.41097
vn -0.71393 0.65176 0.25597
vn -0.83481 0.37507 0.40301
vn -0.93228 0.09146 0.34999
vn -0.98847 0.13405 -0.07042
vn -0.94652 0.29743 -0.12504
vn -0.95146 -0.25143 -0.17748
vn -0.87561 -0.15289 0.45818
vn -0.76678 0.51389 -0.38467
vn -0.83974 0.53947 -0.06174
vn -0.87095 0.25190 0.42189
vn -0.90488 0.39339 -0.16257
vn -0.90198 0.21044 -0.37701
vn -0.93488 0.33910 -0.10494
vn -0.96121 0.13591 -0.24001
vn -0.76320 -0.18167 0.62010
vn -0.88269 -0.45544 0.11588
vn -0.94887 -0.31515 -0.01779
vn -0.98133 0.18044 -0.06657
vn -0.98676 0.15489 0.04802
vn -0.99025 -0.09235 0.10432
vn -0.99529 0.09453 -0.02158
vn -0.98585 -0.14406 -0.08568
vn -0.97886 -0.08416 -0.18644
vn -0.95237 -0.17495 -0.24976
vn -0.99481 -0.07976 0.06313
vn -0.90123 0.27511 0.33481
vn -0.84383 0.44436 0.30083
vn -0.90151 0.42888 0.05781
vn -0.98333 0.14800 0.10566
vn -0.95348 -0.14786 0.26269
vn -0.94128 -0.21627 -0.25926
vn -0.92503 -0.14325 -0.35186
vn -0.90193 -0.06382 0.42714
vn -0.99182 -0.07010 0.10665
vn -0.99871 -0.02610 -0.04364
vn -0.99347 -0.11388 -0.00734
vn -0.96316 -0.22399 -0.14880
vn -0.89615 -0.15835 -0.41454
vn -0.97420 -0.21505 0.06849
vn -0.92850 -0.21280 -0.30431
vn -0.92840 -0.12971 0.34820
vn -0.96540 -0.03558 0.25834
vn -0.87370 -0.41647 0.25140
vn -0.88834 -0.29839 0.34902
vn -0.98872 -0.14708 0.02845
vn -0.97154 0.08905 0.21952
vn -0.91260 0.28906 -0.28916
vn -0.98648 -0.16370 0.00829
vn -0.96506 -0.26176 0.01198
vn -0.99097 -0.13368 -0.01065
vn -0.97114 -0.12642 -0.20226
vn -0.98612 -0.01193 -0.16558
vn -0.98257 -0.17958 0.04807
vn -0.80756 -0.12936 0.57543
vn -0.97626 -0.00479 0.21653
vn -0.97185 -0.08209 0.22084
vn -0.92528 0.36864 0.08920
vn -0.86849 0.32672 -0.37280
vn -0.80197 0.56337 -0.19863
vn -0.91083 0.22124 -0.34848
vn -0.78212 0.32929 0.52901
vn -0.96247 0.25937 0.07983
vn -0.90766 0.10505 -0.40634
vn -0.97888 0.06753 0.19296
vn -0.94743 0.09443 0.30572
vn -0.73168 -0.00701 -0.68161
vn -0.98581 -0.06126 -0.15629
vn -0.84437 -0.25908 0.46895
vn -0.88871 -0.19303 0.41586
vn -0.96393 -0.03934 0.26323
vn -0.94311 0.01954 0.33192
vn -0.93860 -0.28528 0.19402
vn -0.98805 -0.09143 -0.12407
vn -0.91011 0.16851 -0.37855
vn -0.96959 -0.24471 -0.00347
vn -0.95105 -0.28042 -0.12989
vn -0.96951 -0.23891 -0.05442
vn -0.85377 -0.23799 0.46308
vn -0.90526 -0.07682 0.41785
vn -0.94241 -0.14629 0.30076
vn -0.83625 -0.07577 0.54309
vn -0.67114 -0.33376 -0.66195
vn -0.95027 0.25321 0.18130
vn -0.78835 0.60289 0.12261
vn -0.87985 0.44057 -0.17823
vn -0.94573 0.16078 -0.28240
vn -0.96149 0.25588 0.10026
vn -0.94670 0.00563 -0.32206
vn -0.80696 -0.25296 -0.53369
vn -0.97264 0.22510 -0.05750
vn -0.86372 0.39851 -0.30850
vn -0.91493 -0.26940 0.30053
vn -0.85253 -0.47774 0.21200
vn -0.86751 -0.23287 0.43954
vn -0.98976 -0.11789 0.08051
vn -0.94884 -0.12808 -0.28863
vn -0.97772 -0.05666 -0.20212
vn -0.87717 0.16480 0.45101
vn -0.91321 0.17355 0.36868
vn -0.88953 0.08735 0.44844
vn -0.89586 -0.07820 0.43740
vn -0.85673 0.05769 0.51254
vn -0.76762 0.03289 0.64006
vn -0.86092 -0.33988 -0.37853
vn -0.97063 -0.08176 -0.22626
vn -0.94555 0.03445 0.32365
vn -0.99120 0.08835 -0.09854
vn -0.83803 0.44220 -0.31964
vn -0.72510 0.49082 -0.48304
vn -0.91565 0.40139 -0.02182
vn -0.78583 0.13868 -0.60269
vn -0.72513 -0.39351 0.56510
vn -0.89738 -0.43623 0.06643
vn -0.96920 -0.13913 -0.20321
vn -0.94294 -0.10881 -0.31467
vn -0.88382 0.09781 0.45749
vn -0.92250 0.10395 0.37174
vn -0.87688 -0.23796 0.41768
vn -0.85275 -0.29256 0.43270
vn -0.93763 -0.10371 0.33182
vn -0.91656 -0.38694 -0.10097
vn -0.86728 -0.49015 0.08701
vn -0.98043 -0.10900 0.16392
vn -0.96623 -0.13053 0.22219
vn -0.92076 -0.16682 -0.35267
vn -0.87703 -0.11199 -0.46719
vn -0.94866 -0.19519 -0.24889
vn -0.88558 -0.09684 -0.45428
vn -0.82054 0.56625 -0.07794
vn -0.85173 0.51796 0.07921
vn -0.86636 -0.30471 0.39570
vn -0.86963 -0.21135 0.44617
vn -0.97347 -0.22837 0.01428
vn -0.98519 -0.17126 0.00863
vn -0.94648 -0.31507 0.07009
vn -0.90620 -0.23509 0.35146
vn -0.97912 -0.20199 -0.02284
vn -0.95701 -0.28703 0.04184
vn -0.96251 -0.26538 -0.05606
vn -0.96713 -0.20033 0.15664
vn -0.94593 0.01753 -0.32389
vn -0.93228 0.15327 -0.32766
vn -0.92346 0.16551 -0.34617
vn -0.93769 0.06421 -0.34148
vn -0.82248 0.56319 -0.07970
vn -0.85415 0.51441 0.07625
vn -0.90401 -0.00023 0.42751
vn -0.98987 0.01812 0.14085
vn -0.99137 0.10359 0.08029
vn -0.95640 0.18703 -0.22432
vn -0.92709 -0.11654 0.35627
vn -0.98707 -0.14728 -0.06330
vn -0.99780 -0.03745 0.05463
vn -0.97891 -0.12623 -0.16064
vn -0.86625 -0.43003 0.25434
vn -0.99106 -0.13221 -0.01801
vn -0.94935 0.13953 -0.28156
vn -0.91888 -0.24904 -0.30602
vn -0.85164 -0.02400 -0.52358
vn -0.62039 0.69242 -0.36835
vn -0.70130 0.67509 0.22896
vn -0.80327 0.55917 -0.20517
vn -0.94036 0.32017 -0.11498
vn -0.80763 0.22857 -0.54359
vn -0.92147 -0.05195 0.38495
vn -0.90499 0.26231 0.33493
vn -0.97081 0.23164 0.06218
vn -0.94098 -0.31316 0.12839
vn -0.90050 -0.28286 -0.33030
vn -0.92327 -0.25277 0.28926
vn -0.95372 -0.08119 0.28953
vn -0.94050 -0.33923 -0.01945
vn -0.96287 -0.20286 -0.17814
vn -0.99582 -0.01609 0.08996
vn -0.92309 -0.24617 0.29549
vn -0.79807 -0.52355 -0.29828
vn -0.77610 -0.02600 -0.63007
vn -0.60824 0.69389 0.38544
vn -0.75394 0.65330 0.06909
vn -0.67536 0.71265 -0.18981
vn -0.89551 0.27305 -0.35142
vn -0.97727 -0.07001 0.20011
vn -0.92975 0.15354 -0.33465
vn -0.88623 -0.18605 0.42425
vn -0.87058 -0.38999 0.30000
vn -0.80359 -0.58782 0.09330
vn -0.86841 -0.35414 -0.34705
vn -0.96490 -0.03033 0.26086
vn -0.95964 0.17180 0.22265
vn -0.96765 -0.25222 -0.00675
vn -0.94846 -0.31438 -0.03982
vn -0.98692 -0.11192 0.11606
vn -0.98839 -0.13440 -0.07080
vn -0.86131 -0.48272 -0.15848
vn -0.95383 -0.29676 -0.04620
vn -0.88747 -0.15492 -0.43405
vn -0.71720 0.26459 0.64468
vn -0.68319 0.43535 0.58628
vn -0.66840 0.56950 0.47845
vn -0.76181 0.36048 -0.53824
vn -0.89900 0.25894 -0.35320
vn -0.86237 0.30225 -0.40616
vn -0.98044 0.19613 -0.01634
vn -0.94856 0.11580 0.29465
vn -0.94094 0.33343 -0.05878
vn -0.99294 0.11724 0.01796
vn -0.95864 0.17963 -0.22080
vn -0.93294 -0.02714 0.35901
vn -0.96414 -0.19730 -0.17752
vn -0.92482 -0.36628 -0.10273
vn -0.91482 -0.17018 0.36624
vn -0.94682 -0.31749 -0.05233
vn -0.83629 -0.54775 0.02439
vn -0.90874 -0.32348 -0.26375
vn -0.93368 -0.35723 0.02529
vn -0.85717 -0.48872 -0.16251
vn -0.96095 0.00571 0.27668
vn -0.94545 0.28813 0.15199
vn -0.64788 0.51419 0.56201
vn -0.93221 0.14184 0.33296
vn -0.83680 0.41050 -0.36228
vn -0.85439 0.51934 -0.01739
vn -0.81292 0.52609 -0.24978
vn -0.87677 0.44779 -0.17539
vn -0.94419 0.19995 0.26179
vn -0.97326 0.15457 0.16994
vn -0.86246 0.50070 -0.07392
vn -0.85556 0.04624 -0.51564
vn -0.95770 -0.16209 0.23778
vn -0.97046 -0.21721 -0.10504
vn -0.98852 0.14793 0.03061
vn -0.95153 -0.29541 0.08560
vn -0.98631 -0.13809 -0.09011
vn -0.98637 0.15490 -0.05549
vn -0.93684 -0.07126 0.34243
vn -0.95681 0.03033 0.28913
vn -0.78652 -0.01011 0.61748
vn -0.97833 0.06916 0.19516
vn -0.80700 0.53783 -0.24391
vn -0.84295 0.53645 -0.04061
vn -0.90856 0.34002 -0.24269
vn -0.97443 0.18310 -0.13024
vn -0.98101 0.19387 0.00640
vn -0.92298 0.35260 -0.15420
vn -0.98943 -0.06344 0.13038
vn -0.90907 -0.00725 0.41658
vn -0.88596 -0.11561 -0.44911
vn -0.80151 -0.08887 -0.59133
vn -0.98534 -0.15402 -0.07337
vn -0.98637 -0.15087 0.06570
vn -0.99850 -0.03865 0.03871
vn -0.99794 -0.05283 -0.03627
vn -0.98447 0.16922 -0.04674
vn -0.95991 -0.03881 -0.27761
vn -0.99572 -0.00672 0.09220
vn -0.97336 0.16451 0.15970
vn -0.79949 0.46107 0.38500
vn -0.91901 0.39029 -0.05571
vn -0.95004 0.01667 0.31168
vn -0.99283 0.05420 0.10652
vn -0.93467 -0.29548 -0.19769
vn -0.84825 -0.28223 0.44813
vn -0.93638 -0.30909 0.16630
vn -0.94664 -0.30742 -0.09678
vn -0.91455 -0.17432 -0.36499
vn -0.98318 0.17990 0.03136
vn -0.99673 0.04612 0.06637
vn -0.98495 -0.11038 -0.13300
vn -0.96899 0.22827 0.09460
vn -0.91791 0.39445 -0.04298
vn -0.86656 0.47405 -0.15602
vn -0.85812 0.11069 -0.50138
vn -0.77284 0.53441 0.34222
vn -0.87469 0.45752 0.15997
vn -0.91886 0.39443 -0.01121
vn -0.84663 0.12773 0.51662
vn -0.97344 0.17020 0.15312
vn -0.89299 0.10628 0.43735
vn -0.97183 -0.23229 0.03984
vn -0.95998 -0.26775 0.08219
vn -0.91636 -0.07794 -0.39269
vn -0.97951 -0.04395 0.19656
vn -0.99555 0.08302 -0.04459
vn -0.98357 0.15132 0.09845
vn -0.94508 0.07056 0.31914
vn -0.98506 0.16918 0.03230
vn -0.95105 0.04205 -0.30618
vn -0.86010 0.14476 -0.48916
vn -0.53598 0.30574 0.78692
vn -0.77366 0.43198 0.46352
vn -0.78637 0.58211 0.20681
vn -0.86964 0.43401 -0.23529
vn -0.94352 0.32550 0.06175
vn -0.97667 0.07715 0.20039
vn -0.89316 -0.09021 0.44061
vn -0.93773 0.10310 0.33170
vn -0.93812 0.10416 0.33027
vn -0.93662 0.34245 0.07398
vn -0.98353 0.14353 0.10989
vn -0.99376 0.09773 0.05372
vn -0.88405 0.30481 0.35432
vn -0.97011 0.23563 0.05809
vn -0.94738 0.18967 -0.25785
vn -0.86867 0.43064 -0.24487
vn -0.79720 0.12321 -0.59101
vn -0.86455 0.37076 0.33926
vn -0.65758 0.54731 0.51773
vn -0.68019 0.41784 0.60229
vn -0.97103 0.14590 -0.18923
vn -0.96167 0.21839 0.16583
vn -0.86725 0.49691 0.03116
vn -0.96435 0.15358 -0.21553
vn -0.99466 0.08069 0.06435
vn -0.93762 0.10208 0.33234
vn -0.99802 0.05505 0.03043
vn -0.97842 0.20579 0.01872
vn -0.92831 0.36700 0.05962
vn -0.88300 0.42868 0.19115
vn -0.68446 0.45629 0.56861
vn -0.90325 0.37332 -0.21159
vn -0.85316 0.52135 0.01773
vn -0.80803 0.49143 0.32492
vn -0.83828 0.50452 0.20677
vn -0.77633 0.40676 -0.48151
vn -0.87463 0.08375 -0.47750
vn -0.97389 0.19326 -0.11915
vn -0.99779 -0.00304 0.06636
vn -0.97443 -0.15617 -0.16157
vn -0.69180 0.33870 0.63773
vn -0.59457 0.76526 -0.24669
vn -0.64078 0.61462 -0.46004
vn -0.49103 0.86589 -0.09554
vn -0.44610 0.89121 0.08211
vn -0.70802 0.66159 0.24699
vn -0.94193 0.32114 0.09821
vn -0.40221 0.47665 0.78168
vn -0.97672 -0.19001 -0.09959
vn -0.97102 -0.21860 0.09661
vn -0.96533 0.11171 -0.23590
vn -0.99558 -0.06826 -0.06449
vn -0.97243 0.09756 0.21180
vn -0.97905 -0.01014 0.20336
vn -0.98665 -0.15568 0.04783
vn -0.93272 0.15914 0.32358
vn -0.90371 0.41451 0.10718
vn -0.85382 0.32520 0.40650
vn -0.80434 0.56509 0.18361
vn -0.85463 0.04564 -0.51722
vn -0.92948 0.16056 -0.33210
vn -0.77909 0.11070 -0.61706
vn -0.98758 -0.10860 -0.11353
vn -0.95740 -0.27222 -0.09636
vn -0.63188 0.68526 0.36214
vn -0.98848 0.11661 0.09646
vn -0.92311 0.15178 -0.35330
vn -0.86835 0.25046 0.42805
vn -0.88509 0.46188 0.05736
vn -0.99112 0.11321 0.06975
vn -0.84866 0.39592 0.35075
vn -0.40399 0.69081 0.59965
vn -0.99421 -0.00920 -0.10702
vn -0.99705 -0.04020 0.06538
vn 0.22166 0.95814 0.18118
vn 0.16990 0.96267 0.21073
vn 0.14740 0.98567 0.08206
vn 0.05422 0.99774 -0.03972
vn -0.01383 0.99382 -0.11012
vn -0.07179 0.99188 -0.10495
vn -0.06562 0.99607 -0.05948
vn -0.12883 0.98640 -0.10203
vn -0.20520 0.97867 -0.00962
vn -0.26482 0.94844 -0.17419
vn -0.76032 0.48378 0.43344
vn -0.58374 0.62899 0.51343
vn -0.31950 0.94642 -0.04698
vn 0.15616 0.95253 -0.26136
vn -0.31836 0.91932 -0.23131
vn -0.76280 0.46469 0.44967
vn -0.75242 0.64656 0.12583
vn -0.90946 0.18056 -0.37453
vn -0.92548 0.18838 0.32862
vn -0.99447 0.10435 0.01195
vn -0.90040 0.11020 -0.42087
vn -0.25743 0.33848 0.90508
vn -0.88895 0.43194 0.15229
vn -0.84947 0.51032 0.13404
vn -0.34507 0.92970 0.12877
vn -0.13058 0.99111 -0.02531
vn -0.10251 0.99340 -0.05141
vn -0.09114 0.99383 -0.06324
vn -0.02885 0.99956 0.00660
vn 0.13416 0.97130 0.19641
vn 0.22684 0.94962 0.21624
vn 0.18728 0.95384 0.23478
vn -0.11909 0.99067 -0.06619
vn -0.17087 0.98502 -0.02320
vn -0.16485 0.97279 -0.16280
vn -0.00701 0.92794 -0.37266
vn 0.38935 0.69928 -0.59950
vn -0.84529 0.42398 0.32515
vn -0.74790 0.27330 0.60494
vn -0.87609 0.05013 0.47953
vn -0.94276 -0.26277 -0.20532
vn -0.92627 -0.19973 -0.31958
vn -0.80333 0.46235 -0.37535
vn -0.73548 0.67754 -0.00239
vn -0.57903 0.81493 -0.02469
vn -0.49606 0.63611 0.59101
vn -0.92607 0.23917 -0.29189
vn -0.94087 0.18756 -0.28210
vn -0.93986 0.13585 0.31338
vn -0.84712 0.40585 0.34304
vn -0.96649 0.23618 -0.10055
vn -0.98337 -0.17941 -0.02832
vn -0.92862 -0.02484 -0.37020
vn -0.84931 -0.10740 0.51685
vn -0.80059 -0.15121 0.57981
vn -0.94467 0.14899 0.29225
vn 0.67423 0.05661 -0.73635
vn 0.80083 0.41304 -0.43366
vn -0.97277 0.11080 0.20356
vn -0.92700 0.11192 0.35799
vn -0.94243 -0.23945 0.23344
vn -0.85708 -0.42534 -0.29070
vn -0.91635 -0.31773 0.24362
vn -0.95447 0.29805 0.01235
vn -0.92603 0.36043 0.11202
vn -0.98363 0.17763 0.03037
vn -0.98991 -0.13195 -0.05158
vn -0.96875 0.01832 -0.24738
vn -0.92635 0.11764 -0.35783
vn -0.95061 -0.00920 0.31026
vn -0.91286 -0.30372 0.27284
vn -0.92947 -0.28038 -0.23976
vn -0.78771 0.31013 0.53229
vn -0.65649 0.48157 0.58061
vn 0.68247 0.28156 -0.67451
vn 0.69257 0.61784 -0.37232
vn 0.45066 0.32706 -0.83063
vn -0.73991 0.38594 0.55098
vn -0.85941 0.27140 0.43332
vn -0.91370 0.12023 0.38819
vn -0.96862 -0.03136 -0.24656
vn -0.98892 0.14336 -0.03852
vn -0.99987 0.01153 -0.01107
vn -0.88717 0.04471 0.45928
vn -0.99862 0.03059 -0.04267
vn -0.99403 0.05412 -0.09474
vn -0.98973 0.05023 -0.13385
vn -0.91049 0.12841 0.39310
vn -0.87741 0.27754 -0.39132
vn -0.85083 -0.12184 -0.51113
vn -0.67242 0.58393 -0.45485
vn -0.78199 0.47590 -0.40251
vn -0.78286 0.22295 0.58088
vn -0.81969 0.23771 0.52116
vn -0.92478 -0.27996 0.25768
vn -0.74325 -0.54476 0.38836
vn 0.82037 0.14794 -0.55237
vn 0.74641 0.40241 -0.53003
vn 0.72509 0.40176 -0.55931
vn -0.78688 0.13941 0.60115
vn -0.89427 0.41320 0.17191
vn -0.95317 0.22397 0.20326
vn -0.96991 0.03477 -0.24095
vn -0.97958 0.19917 0.02759
vn -0.97960 0.14499 0.13913
vn -0.93783 0.07260 0.33941
vn -0.99536 -0.03782 -0.08850
vn -0.99766 0.06119 0.03059
vn -0.98283 0.13645 -0.12417
vn -0.98668 0.09459 0.13232
vn -0.92159 0.37001 -0.11730
vn -0.99494 -0.05437 0.08448
vn -0.97616 0.03670 -0.21391
vn -0.81155 0.23484 -0.53502
vn -0.82898 -0.10829 0.54870
vn -0.81765 -0.47328 0.32779
vn -0.96128 -0.27495 0.01831
vn -0.81219 -0.57029 0.12292
vn -0.85979 -0.15184 0.48755
vn -0.93567 -0.12146 0.33130
vn 0.43750 0.00773 -0.89919
vn 0.75256 -0.21678 -0.62182
vn -0.71472 -0.22581 0.66196
vn -0.71249 -0.55788 0.42559
vn -0.83365 -0.55227 -0.00430
vn -0.98099 -0.04366 0.18906
vn -0.99320 -0.01067 0.11593
vn -0.96646 0.23697 -0.09895
vn -0.94862 0.29296 0.11955
vn -0.94966 0.25736 -0.17861
vn -0.91642 0.29010 0.27573
vn -0.93101 0.31083 -0.19130
vn -0.97189 0.02956 0.23356
vn -0.99337 -0.07082 0.09052
vn -0.97773 -0.17590 -0.11445
vn -0.82266 -0.24346 -0.51377
vn -0.90149 -0.35652 0.24537
vn -0.86430 -0.45036 0.22396
vn -0.92617 -0.36855 0.07983
vn -0.79004 -0.37187 0.48739
vn -0.84966 -0.52676 0.02452
vn -0.73627 -0.50525 0.45014
vn 0.47681 0.25797 -0.84030
vn 0.67148 0.51564 -0.53219
vn 0.47972 0.36909 -0.79601
vn -0.72986 0.05912 0.68104
vn -0.87276 -0.09100 -0.47960
vn -0.88461 -0.23068 0.40529
vn -0.92780 -0.27583 0.25120
vn -0.93179 -0.01695 0.36260
vn -0.92300 0.00587 0.38476
vn -0.93975 0.27166 -0.20755
vn -0.89102 0.35537 0.28250
vn -0.73843 -0.51397 -0.43653
vn -0.82563 -0.56420 -0.00293
vn -0.84270 -0.42854 -0.32591
vn -0.89330 -0.25480 0.37026
vn -0.87044 -0.48067 0.10628
vn -0.77432 -0.21244 0.59608
vn -0.84952 -0.10330 0.51734
vn -0.97898 -0.06968 -0.19167
vn 0.52969 -0.11185 -0.84078
vn 0.44724 -0.44534 -0.77566
vn -0.93896 -0.22928 0.25648
vn -0.97300 0.03847 0.22757
vn -0.98870 0.12932 0.07584
vn -0.88933 0.41644 0.18887
vn -0.81598 0.39492 0.42216
vn -0.94820 0.20235 0.24489
vn -0.78737 -0.28984 0.54409
vn -0.62593 -0.77943 -0.02638
vn -0.37378 -0.91062 0.17622
vn -0.62890 -0.54020 0.55916
vn -0.75082 -0.45332 0.48039
vn 0.35921 -0.15186 -0.92082
vn -0.88171 0.19358 0.43025
vn -0.82238 0.28796 0.49069
vn -0.84898 0.52582 0.05252
vn -0.90385 0.40064 0.15016
vn -0.92096 0.30300 0.24498
vn -0.85821 0.30661 0.41166
vn -0.90219 -0.41608 -0.11375
vn -0.97747 0.07626 0.19680
vn -0.90112 -0.18517 0.39204
vn -0.69687 -0.53368 0.47913
vn -0.49017 -0.83569 0.24771
vn 0.67165 -0.70067 -0.24072
vn 0.94039 -0.27337 -0.20233
vn 0.26949 -0.29888 -0.91545
vn -0.65273 0.60052 0.46187
vn -0.64742 0.55218 0.52531
vn -0.99295 -0.10477 -0.05542
vn -0.99929 0.00896 0.03672
vn -0.96479 -0.11604 0.23603
vn -0.93246 -0.35857 -0.04414
vn -0.92295 -0.33201 0.19476
vn -0.62835 -0.76463 0.14324
vn -0.06893 -0.98375 0.16580
vn -0.57566 -0.67093 0.46740
vn 0.76246 -0.24142 -0.60031
vn 0.74128 -0.34900 -0.57333
vn 0.27101 -0.96247 0.01447
vn -0.79890 -0.17012 0.57690
vn -0.98014 -0.05544 0.19038
vn -0.93390 0.17635 0.31102
vn -0.95684 0.29050 0.00835
vn -0.78925 0.29598 0.53804
vn -0.85397 0.47386 0.21492
vn -0.67419 0.69799 -0.24141
vn -0.86408 0.49610 0.08515
vn -0.80842 0.45472 -0.37375
vn -0.95609 0.20376 0.21063
vn -0.99294 -0.09850 0.06612
vn -0.78546 -0.55002 0.28379
vn -0.68616 -0.49550 0.53260
vn -0.45110 -0.84169 -0.29675
vn -0.14113 -0.12580 -0.98197
vn -0.17560 0.07545 -0.98157
vn -0.85945 -0.01143 0.51110
vn -0.92155 -0.02670 0.38734
vn -0.94998 0.09641 0.29705
vn -0.96763 0.10842 0.22791
vn -0.89758 0.16816 0.40752
vn -0.90000 0.01981 0.43544
vn -0.99173 0.12642 -0.02222
vn -0.91316 0.39993 -0.07877
vn -0.78649 0.54148 -0.29705
vn -0.86770 0.48536 -0.10730
vn -0.95556 0.18050 -0.23308
vn -0.99633 -0.00446 0.08543
vn -0.70159 -0.51457 0.49294
vn -0.52471 -0.34146 0.77980
vn -0.05441 -0.97620 -0.20994
vn -0.21100 -0.97623 0.04961
vn -0.77001 -0.46689 -0.43486
vn -0.79744 -0.58335 -0.15422
vn -0.90781 -0.38399 -0.16865
vn -0.97608 -0.00365 -0.21736
vn -0.89130 0.26347 0.36902
vn -0.90247 0.43074 -0.00138
vn -0.83650 0.35745 0.41534
vn -0.87180 0.12458 0.47376
vn -0.98861 0.05792 0.13890
vn -0.92517 0.32749 0.19184
vn -0.77808 0.28330 0.56065
vn -0.95197 0.30245 0.04764
vn -0.98660 0.15323 0.05603
vn -0.99177 -0.11766 -0.05048
vn -0.98225 0.18510 0.03042
vn -0.96490 0.03514 -0.26024
vn -0.96118 0.21194 -0.17670
vn -0.87949 0.43620 0.19034
vn -0.86592 0.49698 -0.05656
vn -0.84669 0.06727 0.52782
vn -0.83849 -0.48940 -0.23962
vn -0.57089 -0.68046 -0.45941
vn -0.87683 -0.34793 0.33184
vn -0.92273 -0.27852 -0.26647
vn -0.98551 0.15839 0.06068
vn -0.99763 0.06313 -0.02735
vn -0.95998 0.14005 -0.24253
vn -0.86502 -0.15475 0.47727
vn -0.97850 -0.18443 0.09236
vn -0.97678 -0.10733 0.18545
vn -0.78783 -0.23435 0.56957
vn -0.69913 -0.50246 0.50868
vn -0.92942 0.00078 0.36901
vn -0.83962 0.33416 0.42823
vn -0.87626 0.35391 0.32697
vn -0.95170 0.18353 0.24612
vn -0.96856 0.17932 -0.17242
vn -0.91599 0.39655 0.06085
vn -0.88382 0.46444 0.05621
vn -0.82564 0.01690 -0.56394
vn -0.98749 0.05259 0.14868
vn -0.99875 0.04300 -0.02558
vn -0.99595 0.05741 0.06916
vn -0.99809 -0.04184 0.04539
vn -0.89566 0.30358 -0.32502
vn -0.96911 0.03977 -0.24340
vn -0.95348 0.12349 0.27501
vn -0.95105 0.26991 -0.15051
vn -0.98297 0.18099 0.03194
vn -0.94041 0.13850 -0.31055
vn -0.94116 -0.05234 -0.33388
vn -0.96834 0.15337 -0.19699
vn -0.92225 -0.05530 0.38262
vn -0.99820 0.01224 0.05877
vn -0.99153 -0.01959 0.12842
vn -0.87735 -0.33991 0.33872
vn -0.68221 -0.32730 0.65381
vn -0.90442 0.37705 0.19964
vn -0.92568 0.37812 0.01223
vn -0.85560 0.32627 0.40186
vn -0.76042 0.05918 0.64673
vn -0.86071 0.45064 0.23685
vn -0.76874 0.53997 -0.34275
vn -0.91618 0.40068 -0.00798
vn -0.92338 0.37915 0.06018
vn -0.90450 0.40928 0.11988
vn -0.91918 0.39340 0.01843
vn -0.98643 -0.02752 -0.16184
vn -0.93415 0.19473 -0.29908
vn -0.99245 0.11066 -0.05286
vn -0.98070 0.17401 0.08921
vn -0.99932 0.00776 0.03591
vn -0.93183 0.26984 -0.24264
vn -0.90202 0.37921 -0.20630
vn -0.91358 0.36331 -0.18271
vn -0.93475 0.33982 -0.10373
vn -0.92228 -0.15139 0.35563
vn -0.96795 -0.20298 0.14788
vn -0.97068 -0.02276 0.23928
vn -0.98094 -0.10871 0.16107
vn -0.76275 0.04529 0.64510
vn -0.92344 0.25647 0.28546
vn -0.85556 0.43756 -0.27667
vn -0.71119 0.68934 0.13792
vn -0.73476 0.67560 -0.06077
vn -0.90897 0.38912 0.14951
vn -0.87467 0.42569 0.23183
vn -0.96527 0.05332 -0.25576
vn -0.97688 0.13354 0.16697
vn -0.81080 0.58530 -0.00565
vn -0.70606 0.67065 0.22739
vn -0.84202 0.53833 -0.03471
vn -0.66515 0.63326 0.39568
vn -0.74111 0.51758 0.42763
vn -0.96558 0.25591 -0.04658
vn -0.92580 0.20869 -0.31519
vn -0.95773 0.24119 -0.15677
vn -0.97312 -0.22398 0.05352
vn -0.97879 0.19563 0.06083
vn -0.99768 -0.01030 0.06723
vn -0.99591 0.05392 -0.07251
vn -0.92292 0.08771 -0.37488
vn -0.93679 -0.26307 -0.23070
vn -0.99546 -0.07077 0.06367
vn -0.88811 -0.26761 0.37369
vn -0.98869 0.13070 0.07353
vn -0.52021 -0.05511 0.85226
vn -0.93221 -0.05121 0.35827
vn -0.98028 0.00449 -0.19758
vn -0.89908 0.19022 0.39429
vn -0.99547 0.08845 -0.03480
vn -0.98877 0.14130 -0.04868
vn -0.97494 -0.17336 0.13941
vn -0.89606 -0.20042 -0.39611
vn -0.90240 0.06747 0.42559
vn -0.94198 0.33543 0.01275
vn -0.90865 0.33494 0.24935
vn -0.84270 0.52334 0.12638
vn -0.64971 0.63820 0.41301
vn -0.98026 -0.02027 -0.19669
vn -0.88513 -0.15174 -0.43992
vn -0.98060 -0.15466 -0.12046
vn -0.98843 -0.13043 0.07746
vn -0.91936 -0.06973 0.38718
vn -0.93302 0.26242 -0.24619
vn -0.91144 -0.31222 -0.26793
vn -0.88031 -0.25127 -0.40240
vn -0.91599 -0.13466 -0.37793
vn -0.99305 0.11761 0.00493
vn -0.96641 0.19244 0.17034
vn -0.92626 0.20742 0.31467
vn -0.90987 -0.21253 0.35633
vn -0.95821 -0.11300 0.26280
vn -0.84625 -0.31073 -0.43278
vn -0.91976 -0.36705 -0.13897
vn -0.93252 -0.26316 0.24730
vn -0.98263 -0.18052 -0.04310
vn -0.98085 -0.08428 0.17556
vn -0.99753 -0.01724 -0.06815
vn -0.99522 -0.09479 -0.02345
vn -0.87220 -0.40129 -0.27970
vn -0.94200 -0.29095 0.16726
vn -0.89740 -0.18177 0.40204
vn -0.81143 -0.52930 0.24785
vn -0.95181 -0.30437 -0.03763
vn -0.90855 -0.25591 0.33021
vn -0.98713 -0.09734 -0.12690
vn -0.87930 -0.17418 -0.44328
vn -0.94760 -0.18577 -0.25990
vn -0.98371 -0.17137 -0.05427
vn -0.75039 -0.35324 0.55869
vn -0.98237 -0.17123 -0.07501
vn -0.90340 -0.04947 -0.42593
vn -0.88804 -0.11369 -0.44548
vn -0.96630 -0.10311 0.23585
vn -0.97029 -0.23382 -0.06218
vn -0.91764 -0.28282 0.27920
vn -0.87607 -0.20920 0.43444
vn -0.95504 -0.09274 0.28159
vn -0.92410 -0.33573 -0.18255
vn -0.92805 -0.35454 -0.11413
vn -0.95329 -0.18832 -0.23618
vn -0.96349 0.08338 -0.25442
vn -0.99274 -0.11068 0.04712
vn -0.98129 -0.02874 0.19036
vn -0.95128 0.12651 -0.28118
vn -0.71859 0.68117 -0.14012
vn -0.80522 0.50700 0.30754
vn -0.74763 0.49717 0.44030
vn -0.93670 0.28749 0.19986
vn -0.98231 0.18234 0.04271
vn -0.99113 0.09685 0.09103
vn -0.99001 -0.05972 -0.12775
vn -0.89300 0.16365 -0.41925
vn -0.99215 0.06145 -0.10894
vn -0.98012 0.19529 0.03502
vn -0.99752 0.04397 0.05499
vn -0.81345 -0.49604 -0.30373
vn -0.64613 -0.68139 -0.34383
vn -0.63225 -0.63109 -0.44943
vn -0.99466 -0.09196 -0.04676
vn -0.98297 0.08518 0.16281
vn -0.96781 0.22082 0.12072
vn -0.86492 0.07672 0.49601
vn -0.85136 -0.50742 0.13309
vn -0.83964 -0.53580 0.08906
vn -0.80799 -0.51439 0.28733
vn -0.97875 -0.11560 -0.16939
vn -0.90012 -0.33766 -0.27525
vn -0.86314 -0.49780 -0.08469
vn -0.88180 -0.46926 -0.04709
vn -0.92937 0.34343 0.13535
vn -0.98274 0.18496 -0.00246
vn -0.94552 0.03743 0.32342
vn -0.89329 -0.44783 -0.03844
vn -0.99376 -0.09736 0.05437
vn -0.95835 0.11615 0.26092
vn -0.95345 -0.30156 0.00121
vn -0.91706 0.22987 0.32582
vn -0.96871 0.24721 0.02192
vn -0.99871 -0.05030 0.00684
vn -0.80247 0.06903 -0.59269
vn -0.93318 0.07426 -0.35166
vn -0.96407 -0.25905 0.05874
vn -0.99049 0.11561 -0.07454
vn -0.90325 -0.11490 -0.41345
vn -0.99156 -0.07669 0.10453
vn -0.96787 -0.16350 0.19102
vn -0.94077 -0.24584 -0.23349
vn -0.94086 -0.32867 0.08221
vn -0.87475 -0.48356 0.03128
vn -0.58538 -0.48780 0.64759
vn -0.80451 -0.59084 0.06063
vn -0.90127 -0.43314 0.00985
vn -0.94129 -0.27241 -0.19943
vn -0.92564 0.16794 -0.33911
vn -0.90670 0.37639 -0.19031
vn -0.98251 0.16276 -0.09047
vn -0.98151 0.19118 -0.00979
vn -0.99431 -0.10652 0.00271
vn -0.96288 -0.22770 -0.14498
vn -0.98991 -0.10977 0.08964
vn -0.99802 0.06149 -0.01315
vn -0.94449 -0.24235 0.22181
vn -0.67892 -0.69598 0.23383
vn -0.99542 -0.07319 -0.06153
vn -0.84352 -0.28296 0.45652
vn -0.91942 -0.23401 -0.31607
vn -0.95898 -0.21047 0.18991
vn -0.85511 -0.41922 0.30502
vn -0.96216 0.16782 -0.21468
vn -0.80551 0.18275 -0.56370
vn -0.98445 0.07483 -0.15894
vn -0.99552 -0.08983 -0.02936
vn -0.57948 -0.04776 -0.81359
vn -0.99552 0.02205 -0.09192
vn -0.97300 0.04648 0.22606
vn -0.94810 -0.06681 -0.31088
vn -0.94466 -0.30086 0.13079
vn -0.77881 -0.27215 0.56515
vn -0.92559 -0.37654 0.03861
vn -0.92519 -0.33205 0.18376
vn -0.98612 0.11835 0.11642
vn -0.88266 0.41264 -0.22505
vn -0.93995 0.23930 -0.24336
vn -0.95530 -0.13477 -0.26314
vn -0.93060 0.20247 -0.30494
vn -0.96407 0.26306 -0.03707
vn -0.98722 0.15886 0.01264
vn -0.96190 0.18801 0.19850
vn -0.94010 -0.08306 -0.33063
vn -0.92340 0.30472 0.23340
vn -0.94546 0.03527 0.32382
vn -0.98102 -0.19248 0.02342
vn -0.88668 -0.40963 0.21449
vn -0.96776 -0.25181 0.00559
vn -0.94006 -0.06004 0.33567
vn -0.95687 -0.03514 0.28839
vn -0.95757 -0.04526 -0.28461
vn -0.98016 0.04603 -0.19280
vn -0.95435 -0.05528 -0.29353
vn -0.97852 -0.14858 -0.14288
vn -0.98227 -0.10860 -0.15278
vn -0.99011 0.11450 0.08107
vn -0.99372 -0.05615 -0.09681
vn -0.98867 -0.05503 0.13969
vn -0.99242 0.12271 0.00629
vn -0.90071 0.34035 -0.26996
vn -0.91911 0.20623 0.33572
vn -0.94382 0.20029 0.26285
vn -0.96499 -0.05440 0.25657
vn -0.99894 0.03355 0.03162
vn -0.68180 -0.60589 0.40992
vn -0.80124 -0.59263 0.08249
vn -0.75125 -0.36330 -0.55104
vn -0.95934 0.27309 0.07129
vn -0.99352 0.00071 0.11365
vn -0.97694 0.21094 -0.03297
vn -0.97549 0.05978 -0.21175
vn -0.99494 -0.09139 -0.04184
vn -0.97697 0.15873 -0.14260
vn -0.93524 0.34925 -0.05790
vn -0.84889 0.24261 0.46960
vn -0.84009 0.24843 -0.48221
vn -0.98038 0.19667 0.01293
vn -0.99966 0.02507 0.00683
vn -0.91831 -0.02245 0.39522
vn -0.91414 -0.13090 0.38368
vn -0.85662 -0.01375 0.51577
vn -0.84709 -0.28349 -0.44952
vn -0.78693 -0.27571 -0.55201
vn -0.96655 -0.14898 -0.20877
vn -0.95995 0.09628 -0.26313
vn -0.96274 -0.03272 -0.26845
vn -0.88991 0.25780 0.37630
vn -0.98426 0.15604 -0.08297
vn -0.98025 0.18131 0.07901
vn -0.87551 0.48239 0.02794
vn -0.93770 0.34531 0.03851
vn -0.84910 0.52816 0.00837
vn -0.78736 0.58144 -0.20493
vn -0.98715 -0.11024 0.11567
vn -0.93948 0.16677 0.29928
vn -0.86812 0.49490 0.03800
vn -0.80115 0.56502 0.19726
vn -0.89989 0.43216 -0.05859
vn -0.80696 0.55730 0.19553
vn -0.91652 0.29086 -0.27456
vn -0.87677 0.46470 0.12382
vn -0.96557 0.09445 -0.24240
vn -0.98616 -0.13524 -0.09586
vn -0.99284 -0.10306 0.06038
vn -0.89162 0.43315 0.13188
vn -0.99014 0.13652 0.03138
vn -0.88117 0.13198 0.45401
vn -0.97833 0.20050 -0.05172
vn -0.68418 0.72664 0.06234
vn -0.55501 0.75546 -0.34819
vn -0.82172 0.49969 0.27402
vn -0.91624 0.24612 0.31612
vn -0.88910 0.19343 0.41483
vn -0.87000 -0.31827 -0.37658
vn -0.97176 -0.00893 -0.23579
vn -0.98284 0.16123 0.08960
vn -0.93870 -0.09233 -0.33213
vn -0.95534 0.11142 -0.27369
vn -0.93430 0.14021 0.32776
vn -0.99056 0.07319 -0.11587
vn -0.97323 0.04379 0.22562
vn -0.97763 -0.17878 0.11077
vn -0.99865 0.02395 0.04620
vn -0.98688 0.13361 -0.09066
vn -0.98577 0.12662 -0.11056
vn -0.83464 0.46524 0.29483
vn -0.56485 0.73949 0.36620
vn -0.52852 0.61223 0.58808
vn -0.92810 0.33572 0.16101
vn -0.91889 0.31245 0.24086
vn -0.97210 0.21023 -0.10402
vn -0.96744 0.21865 -0.12747
vn -0.83289 0.37411 -0.40783
vn -0.94817 0.28340 0.14371
vn -0.99709 -0.05299 0.05476
vn -0.94777 0.24536 0.20380
vn -0.96243 0.20078 0.18283
vn -0.99343 -0.04054 -0.10704
vn -0.93761 -0.31453 0.14819
vn -0.92530 -0.28324 -0.25217
vn -0.98454 -0.07517 0.15822
vn -0.98785 -0.04332 0.14922
vn -0.94317 -0.31424 0.10812
vn -0.92196 -0.35549 0.15368
vn -0.95983 -0.23426 0.15444
vn -0.92417 -0.13898 0.35580
vn -0.75039 0.00840 -0.66094
vn -0.99632 -0.03507 0.07819
vn -0.99063 -0.12860 -0.04587
vn -0.93103 0.20439 -0.30234
vn -0.95330 0.12078 -0.27681
vn -0.89793 -0.23299 0.37342
vn -0.95916 -0.28217 -0.01992
vn -0.98932 -0.05563 0.13476
vn -0.99151 0.01265 0.12941
vn -0.98380 -0.07107 -0.16455
vn -0.95025 0.04491 0.30825
vn -0.96404 0.18371 0.19201
vn -0.82293 0.34285 0.45303
vn -0.64049 0.46216 0.61334
vn -0.97760 0.03168 -0.20809
vn -0.86166 0.00172 -0.50748
vn -0.98997 -0.11652 -0.07993
vn -0.95338 -0.21458 -0.21217
vn -0.99684 -0.07024 0.03702
vn -0.92291 -0.14618 0.35618
vn -0.96613 -0.19063 0.17391
vn -0.96112 -0.27207 -0.04725
vn -0.97027 -0.23835 0.04197
vn -0.97960 0.00164 0.20093
vn -0.98873 0.13533 0.06410
vn -0.98374 0.06137 0.16877
vn -0.99862 -0.04438 0.02798
vn -0.92616 -0.34504 0.15223
vn -0.97541 0.09372 0.19948
vn -0.94673 0.02733 0.32086
vn -0.92700 -0.36050 -0.10350
vn -0.84798 -0.42592 -0.31546
vn -0.83516 -0.54997 -0.00609
vn -0.84463 -0.53304 -0.04966
vn -0.81355 -0.31399 -0.48943
vn -0.88717 -0.45241 -0.09084
vn -0.91630 -0.39993 -0.02122
vn -0.97458 -0.21059 0.07647
vn -0.95475 -0.21573 0.20473
vn -0.98486 -0.14274 0.09832
vn -0.97166 -0.19911 0.12736
vn -0.96252 -0.10758 0.24897
vn -0.82665 0.08292 0.55658
vn -0.83379 0.52817 0.16070
vn -0.88134 0.43188 0.19163
vn -0.96472 -0.12188 -0.23335
vn -0.87752 -0.05198 -0.47672
vn -0.89830 -0.28165 -0.33725
vn -0.99386 0.03025 0.10642
vn -0.95346 0.26187 0.14946
vn -0.93481 0.07224 0.34772
vn -0.99845 -0.01489 -0.05357
vn -0.98646 0.02940 -0.16132
vn -0.91834 0.32121 0.23127
vn -0.96760 0.01468 0.25207
vn -0.96209 0.26070 -0.08010
vn -0.98748 -0.10946 0.11361
vn -0.98457 -0.16790 -0.04937
vn -0.95057 -0.17046 0.25956
vn -0.98385 0.10721 -0.14330
vn -0.91432 -0.08327 -0.39633
vn -0.99940 -0.02237 -0.02629
vn -0.97494 -0.05527 -0.21547
vn -0.98620 0.02843 -0.16313
vn -0.97361 0.11644 0.19630
vn -0.99459 0.08202 -0.06378
vn -0.94794 -0.28041 0.15091
vn -0.88016 0.33203 0.33923
vn -0.89699 0.39446 0.19951
vn -0.63788 0.76361 0.10008
vn -0.89196 0.42538 0.15313
vn -0.99500 0.06740 -0.07373
vn -0.81090 0.43173 -0.39503
vn -0.89357 0.39266 -0.21759
vn -0.97043 0.23661 0.04779
vn -0.99198 -0.12546 0.01522
vn -0.93735 -0.23675 0.25559
vn -0.95062 -0.28816 -0.11526
vn -0.94330 -0.29690 -0.14842
vn -0.86580 -0.32193 0.38308
vn -0.98248 -0.16196 0.09225
vn -0.79892 -0.53870 0.26746
vn -0.84591 -0.49812 0.19056
vn -0.99592 0.08221 0.03720
vn -0.96183 -0.25923 0.08768
vn -0.96153 -0.22201 0.16178
vn -0.97069 -0.23428 0.05369
vn -0.97872 -0.19298 -0.06974
vn -0.96129 -0.13768 -0.23869
vn -0.95006 0.01757 -0.31158
vn -0.99313 0.11209 0.03372
vn -0.93075 0.25284 -0.26415
vn -0.93068 0.35838 0.07346
vn -0.91768 0.26103 -0.29954
vn -0.94265 -0.16282 -0.29137
vn -0.86211 0.36771 0.34866
vn -0.81132 0.28148 0.51237
vn -0.86270 0.41781 0.28494
vn -0.95823 -0.06696 0.27805
vn -0.98135 0.12980 -0.14179
vn -0.89596 -0.43982 0.06172
vn -0.79539 -0.53864 -0.27788
vn -0.93640 -0.29407 -0.19149
vn -0.94141 -0.19782 -0.27317
vn -0.98907 -0.10104 -0.10735
vn -0.99591 -0.03449 0.08350
vn -0.96695 -0.00986 0.25477
vn -0.99659 0.07349 0.03756
vn -0.96712 0.14181 0.21110
vn -0.98868 0.10998 -0.10204
vn -0.99402 -0.07573 0.07868
vn -0.91713 -0.13609 0.37465
vn -0.92498 -0.23453 0.29902
vn -0.92381 -0.23897 -0.29910
vn -0.83271 -0.27640 -0.47979
vn -0.86229 -0.25344 0.43844
vn -0.98887 -0.03699 0.14411
vn -0.99546 -0.08105 -0.04996
vn -0.92642 0.37368 -0.04592
vn -0.81366 0.54637 -0.19859
vn -0.73698 0.67554 -0.02249
vn -0.92670 0.27989 -0.25079
vn -0.96551 0.21919 -0.14050
vn -0.90552 0.16176 -0.39225
vn -0.85657 0.38696 -0.34141
vn -0.74543 0.64882 -0.15287
vn -0.74654 0.63609 -0.19510
vn -0.87853 0.18466 0.44054
vn -0.72848 0.24918 0.63815
vn -0.82720 0.47807 0.29528
vn -0.81128 0.54271 0.21749
vn -0.89687 0.44176 0.02178
vn -0.95844 -0.19022 -0.21264
vn -0.92584 -0.23723 -0.29419
vn -0.80892 -0.58789 -0.00622
vn -0.90627 -0.37397 -0.19705
vn -0.96544 -0.25704 -0.04317
vn -0.92843 -0.26961 0.25559
vn -0.75581 -0.05798 0.65221
vn -0.97794 -0.03319 -0.20623
vn -0.98490 -0.05263 0.16493
vn -0.97236 -0.13268 -0.19214
vn -0.96890 -0.12730 -0.21218
vn -0.84084 -0.37204 0.39315
vn -0.95276 -0.25474 0.16540
vn -0.91719 -0.37590 0.13217
vn -0.81023 -0.19416 -0.55301
vn -0.99066 0.11917 -0.06623
vn -0.87057 0.04459 0.49003
vn -0.96082 0.01209 0.27690
vn -0.95969 0.20894 -0.18797
vn -0.98170 -0.00411 -0.19038
vn -0.96269 0.01672 -0.27010
vn -0.97184 0.13396 -0.19387
vn -0.71236 0.22741 -0.66395
vn -0.90200 0.39323 0.17822
vn -0.48818 0.84165 0.23088
vn -0.54255 0.76859 0.33900
vn -0.54636 0.57845 -0.60571
vn -0.93450 0.32708 0.14048
vn -0.76693 0.46374 -0.44357
vn -0.78014 0.57340 0.25018
vn -0.95126 0.14742 0.27089
vn -0.65570 0.22831 0.71968
vn -0.70286 0.37044 0.60726
vn -0.76730 -0.56099 -0.31070
vn -0.87902 -0.32867 -0.34539
vn -0.86604 -0.24657 0.43495
vn -0.93677 -0.34915 0.02362
vn -0.96376 -0.18446 0.19272
vn -0.93319 -0.28474 -0.21927
vn -0.98865 -0.09374 -0.11738
vn -0.96376 0.02303 0.26577
vn -0.96076 0.05073 0.27270
vn -0.91442 0.39952 -0.06490
vn -0.97624 0.11303 -0.18486
vn -0.93286 0.35725 0.04625
vn -0.94492 0.25909 0.19999
vn -0.92603 0.19669 0.32215
vn -0.86986 0.39505 -0.29544
vn -0.80815 0.14766 -0.57016
vn -0.96731 0.15969 -0.19700
vn -0.96699 0.24905 -0.05393
vn -0.89340 0.26597 -0.36208
vn -0.95969 -0.25518 0.11781
vn -0.87047 0.06486 0.48793
vn -0.96602 -0.25080 0.06244
vn -0.89259 -0.09720 -0.44026
vn -0.97092 0.23103 0.06282
vn -0.95897 0.24155 -0.14843
vn -0.54523 0.78813 0.28561
vn -0.68994 0.70845 0.14860
vn -0.63026 0.66753 0.39645
vn -0.98525 -0.13190 -0.10904
vn -0.98636 -0.14000 -0.08656
vn -0.96401 -0.14407 0.22343
vn -0.98110 0.13827 0.13538
vn -0.97335 0.15618 -0.16794
vn -0.98070 0.10810 0.16289
vn -0.88345 -0.12326 0.45202
vn -0.99798 0.05427 0.03307
vn -0.95111 0.28192 -0.12617
vn -0.89580 0.44410 0.01771
vn -0.89956 0.40810 0.15573
vn -0.81827 0.38795 0.42419
vn -0.85966 0.48805 -0.15095
vn -0.83938 0.52117 0.15430
vn -0.81858 0.43089 -0.37981
vn -0.92259 0.33097 -0.19820
vn -0.78517 0.61154 0.09755
vn -0.84450 0.36308 0.39368
vn -0.74818 0.61268 -0.25466
vn -0.85277 0.52229 -0.00101
vn -0.90115 0.43232 -0.03217
vn -0.92052 0.33279 0.20468
vn -0.85489 0.41046 0.31731
vn -0.87441 0.38588 0.29411
vn -0.96558 -0.25950 -0.01782
vn -0.97970 -0.19286 0.05475
vn -0.95842 0.16182 0.23502
vn -0.96967 0.16641 0.17903
vn -0.96469 0.26248 0.02163
vn -0.90928 0.31399 0.27316
vn -0.90013 0.41485 0.13291
vn -0.94145 -0.09967 0.32209
vn -0.97171 -0.20880 0.11038
vn -0.81693 -0.09112 -0.56950
vn -0.84134 0.37030 0.39373
vn -0.80513 0.40709 0.43133
vn -0.84893 0.50908 0.14200
vn -0.76290 0.55923 0.32441
vn -0.89180 0.45202 -0.01921
vn -0.55394 0.82381 0.12039
vn -0.38287 0.92249 -0.04915
vn -0.32721 0.93784 -0.11571
vn -0.30786 0.94922 -0.06479
vn -0.17586 0.94999 -0.25804
vn 0.23825 0.95892 0.15399
vn 0.17305 0.96513 0.19643
vn 0.09561 0.99141 0.08930
vn 0.01367 0.99607 -0.08745
vn 0.00950 0.99684 -0.07889
vn -0.02510 0.99962 -0.01182
vn -0.06151 0.99729 -0.04044
vn -0.05329 0.99788 0.03732
vn -0.21254 0.97306 -0.08933
vn -0.07558 0.97813 -0.19379
vn 0.28324 0.95759 0.05293
vn -0.20178 0.97284 0.11342
vn -0.33107 0.94337 -0.02127
vn -0.27869 0.95904 0.05069
vn -0.32431 0.94590 0.00981
vn -0.22156 0.97278 0.06795
vn -0.24585 0.96801 0.05016
vn -0.29684 0.94014 0.16743
vn -0.26783 0.94267 0.19907
vn -0.53399 0.84238 -0.07246
vn -0.94220 0.20830 -0.26243
vn -0.90260 -0.34651 0.25543
vn -0.97911 -0.05756 -0.19502
vn -0.97520 0.15664 -0.15637
vn -0.92536 0.25156 0.28361
vn -0.18357 0.91479 -0.35980
vn -0.54674 0.69112 -0.47269
vn -0.00473 0.64568 0.76359
vn -0.04088 0.84468 0.53371
vn -0.00355 0.99791 -0.06448
vn -0.00209 0.99922 -0.03952
vn 0.00017 0.99956 0.02964
vn -0.02123 0.99968 -0.01388
vn -0.04267 0.99666 -0.06960
vn -0.06362 0.99754 -0.02931
vn -0.03937 0.99084 -0.12914
vn 0.05403 0.99227 0.11175
vn 0.17068 0.96775 0.18530
vn 0.24865 0.95372 0.16907
vn 0.23182 0.94844 0.21614
vn -0.33631 0.93114 -0.14099
vn -0.33635 0.83748 -0.43069
vn -0.14527 -0.04476 -0.98838
vn -0.66759 0.48146 0.56790
vn -0.55869 0.72277 0.40679
vn -0.46520 0.40127 0.78903
vn -0.89189 0.43386 -0.12764
vn -0.99760 0.06896 0.00597
vn -0.98731 -0.14695 -0.06027
vn -0.96858 -0.22028 0.11542
vn -0.68656 0.36375 -0.62954
vn -0.97248 0.02183 0.23197
vn -0.93756 0.31812 0.14061
vn -0.85392 0.36235 0.37353
vn -0.96600 0.24125 -0.09298
vn -0.92640 -0.37407 -0.04310
vn -0.90209 0.25548 -0.34780
vn -0.54139 0.54718 -0.63835
vn -0.75138 0.65808 -0.04846
vn -0.42205 0.44226 0.79138
vn 0.08581 0.41201 -0.90713
vn -0.63984 0.42306 0.64157
vn -0.79951 0.14673 0.58246
vn -0.65180 0.04567 -0.75702
vn -0.99682 0.04988 -0.06208
vn -0.90122 -0.35832 0.24373
vn -0.78863 -0.58724 0.18223
vn -0.79910 -0.50554 -0.32538
vn -0.90120 -0.43333 0.00809
vn -0.95962 -0.25826 0.11148
vn -0.99022 -0.00900 -0.13920
vn -0.97529 0.17883 -0.12972
vn -0.72336 0.17726 0.66732
vn 0.63444 0.22761 -0.73870
vn -0.64393 0.09384 0.75931
vn -0.78073 0.13056 0.61108
vn -0.81688 0.18062 0.54780
vn -0.44124 0.45151 -0.77553
vn -0.82185 0.45027 -0.34903
vn -0.92696 0.34350 -0.15087
vn -0.99072 -0.09120 0.10078
vn -0.84125 -0.39160 -0.37275
vn -0.96439 -0.11770 0.23683
vn -0.94910 -0.05276 0.31053
vn -0.99766 0.04374 -0.05247
vn -0.95907 0.15245 0.23863
vn -0.79231 0.28388 0.54006
vn 0.41072 0.75947 -0.50449
vn 0.42176 0.76268 -0.49035
vn -0.94895 0.20351 0.24100
vn -0.89335 0.42818 -0.13634
vn -0.94039 0.32835 -0.08859
vn -0.73743 0.00429 0.67541
vn -0.45389 -0.01078 0.89099
vn -0.75436 -0.00277 -0.65645
vn -0.85609 -0.43042 -0.28610
vn -0.94835 -0.21867 -0.22983
vn -0.81069 -0.25345 0.52777
vn -0.89487 -0.27163 0.35416
vn -0.96103 0.10377 0.25624
vn -0.98319 0.10923 0.14633
vn -0.94412 -0.30223 0.13147
vn 0.84379 0.30467 -0.44181
vn 0.68935 -0.05727 -0.72216
vn -0.75492 -0.59858 0.26793
vn -0.77755 -0.56239 0.28130
vn -0.94979 0.31173 -0.02690
vn -0.86071 0.42624 -0.27839
vn -0.91010 0.03367 -0.41302
vn -0.65633 0.49079 0.57303
vn -0.80936 -0.00025 0.58731
vn -0.77052 -0.44477 0.45660
vn -0.71389 -0.12563 -0.68889
vn -0.84002 -0.01809 -0.54225
vn -0.95762 0.24835 0.14594
vn -0.90235 -0.01654 0.43069
vn -0.88218 0.29162 0.36974
vn -0.96094 0.13947 0.23905
vn -0.91774 -0.37538 -0.12980
vn -0.86847 -0.42137 0.26118
vn -0.67313 -0.72407 0.15038
vn -0.78076 -0.62308 0.04671
vn 0.40661 0.39750 -0.82259
vn 0.38375 0.53324 -0.75391
vn -0.78735 -0.15375 0.59703
vn -0.82873 -0.36452 0.42465
vn -0.94035 0.22063 -0.25898
vn -0.77432 0.54759 -0.31713
vn -0.55105 0.39382 0.73570
vn -0.99228 -0.05822 0.10950
vn -0.80209 0.09967 0.58883
vn -0.75217 -0.17939 -0.63408
vn -0.87731 -0.45224 0.16063
vn -0.82960 -0.10742 -0.54793
vn -0.92744 0.23860 -0.28798
vn -0.91615 0.37742 0.13501
vn -0.85992 0.01086 0.51032
vn -0.92619 -0.35427 -0.12908
vn -0.89515 -0.38592 -0.22309
vn -0.69801 -0.10424 0.70846
vn -0.95628 0.02084 -0.29170
vn -0.91390 -0.20871 -0.34817
vn -0.73412 -0.35063 0.58149
vn -0.75827 -0.65193 0.00281
vn -0.81246 -0.40462 0.41974
vn 0.29746 0.20921 -0.93153
vn -0.89704 0.21823 0.38431
vn -0.97016 -0.06876 0.23253
vn -0.97858 0.03201 -0.20335
vn -0.97504 -0.17394 -0.13800
vn -0.78064 -0.43100 0.45260
vn -0.81671 -0.28742 0.50038
vn -0.73177 -0.61659 -0.29040
vn -0.66524 -0.74087 0.09254
vn -0.81395 -0.55541 -0.17032
vn -0.92346 -0.28093 0.26134
vn -0.98411 -0.15388 -0.08859
vn -0.99267 -0.03385 0.11603
vn -0.81404 -0.36892 -0.44861
vn -0.90197 -0.31578 0.29450
vn -0.98905 -0.03306 0.14383
vn -0.80140 -0.57705 0.15742
vn -0.95098 -0.18557 -0.24738
vn -0.89377 -0.33265 0.30086
vn -0.90807 0.34981 0.23032
vn -0.77991 -0.25872 0.56991
vn -0.73901 -0.63616 0.22173
vn -0.61645 -0.78539 0.05619
vn -0.66966 -0.73890 0.07476
vn -0.76074 0.33171 -0.55790
vn -0.60404 0.58448 -0.54176
vn -0.80868 -0.43183 0.39945
vn -0.80787 -0.07215 0.58493
vn -0.85218 0.38021 -0.35949
vn -0.90337 -0.07194 -0.42277
vn -0.77663 0.32605 0.53901
vn -0.85903 0.22362 0.46051
vn -0.88327 -0.22529 0.41120
vn -0.98346 -0.17556 0.04465
vn -0.96195 -0.22412 -0.15626
vn -0.77153 -0.38967 -0.50289
vn -0.83100 -0.47483 0.28978
vn -0.89086 -0.44727 0.07945
vn -0.95291 -0.24519 0.17844
vn -0.90769 -0.40717 -0.10152
vn -0.88091 0.02839 0.47242
vn -0.94199 0.04403 0.33275
vn -0.96503 0.19496 -0.17526
vn -0.98479 -0.15143 0.08524
vn -0.97764 -0.01226 0.20994
vn 0.55996 -0.34206 -0.75461
vn 0.31363 -0.94169 0.12193
vn -0.38193 -0.02217 0.92393
vn -0.84792 0.05053 -0.52771
vn -0.96226 -0.22323 0.15565
vn -0.93481 0.10861 0.33814
vn -0.87396 -0.48323 -0.05189
vn -0.76316 0.62618 0.15964
vn -0.67736 0.53354 0.50648
vn -0.99878 -0.04900 0.00681
vn -0.97155 -0.07531 -0.22456
vn -0.84390 -0.10709 0.52571
vn -0.89109 -0.16698 0.42200
vn -0.90249 -0.20530 0.37862
vn -0.96498 -0.20900 -0.15852
vn -0.99241 -0.12121 -0.02068
vn -0.91193 -0.16532 0.37557
vn -0.99788 -0.05904 0.02723
vn 0.15380 -0.31541 -0.93641
vn -0.68715 -0.53880 -0.48736
vn -0.80884 -0.56369 -0.16741
vn -0.95464 -0.09063 0.28362
vn -0.87991 0.44922 0.15482
vn -0.94227 0.28552 0.17494
vn -0.97799 0.19771 0.06662
vn -0.93193 0.03692 0.36076
vn -0.91434 -0.08718 0.39545
vn -0.97431 -0.00187 -0.22520
vn -0.93537 -0.05820 -0.34884
vn -0.89823 0.29053 0.32981
vn -0.91226 0.20470 0.35479
vn -0.85120 0.26626 0.45229
vn -0.91516 0.30630 0.26204
vn -0.66056 0.74765 0.06846
vn -0.96196 0.27036 0.03914
vn -0.99176 0.09899 0.08133
vn -0.04399 0.88948 -0.45485
vn -0.29278 0.94604 -0.13888
vn -0.69433 0.62396 -0.35857
vn -0.82227 0.55246 0.13661
vn -0.91592 0.34160 0.21072
vn -0.88382 0.18707 0.42880
vn -0.99952 0.01298 -0.02800
vn -0.98421 0.13162 0.11835
vn -0.97997 0.13333 0.14793
vn -0.97384 -0.00608 0.22713
vn -0.97132 0.11006 -0.21078
vn -0.90171 0.42419 0.08350
vn -0.94464 0.20315 0.25764
vn -0.80956 0.22195 0.54346
vn -0.96724 0.09972 0.23345
vn -0.96344 0.18047 0.19801
vn -0.85288 0.12793 -0.50619
vn -0.85941 0.30385 -0.41121
vn -0.99134 0.10753 0.07532
vn -0.98895 0.14294 -0.03926
vn -0.90364 0.12585 0.40939
vn -0.99185 0.05956 0.11261
vn -0.92383 0.35166 0.15122
vn -0.95297 0.30268 0.01527
vn -0.99166 0.06277 0.11259
vn -0.86650 0.03743 0.49776
vn -0.99142 0.06996 0.11045
vn -0.84725 0.46075 0.26434
vn -0.82910 0.54610 0.11987
vn -0.86076 0.26624 0.43384
vn -0.97553 0.21987 0.00224
vn -0.92530 0.02280 -0.37854
vn -0.94890 0.03223 -0.31391
vn -0.96102 0.22766 -0.15690
vn -0.96869 0.03115 -0.24632
vn -0.93005 -0.15573 0.33279
vn -0.87741 -0.44410 0.18148
vn -0.83374 -0.33030 0.44247
vn -0.70386 0.60353 0.37460
vn -0.77842 0.62477 0.06103
vn -0.80321 0.56575 -0.18647
vn -0.86010 0.50170 -0.09237
vn -0.83342 0.51383 0.20343
vn -0.91570 0.39587 0.06911
vn -0.90190 0.40989 0.13624
vn -0.95750 0.03855 0.28586
vn -0.99020 0.03910 0.13409
vn -0.96275 -0.04370 0.26685
vn -0.93557 -0.08829 0.34192
vn -0.88758 -0.10992 -0.44735
vn -0.96465 0.24754 -0.09036
vn -0.89243 0.05085 -0.44830
vn -0.96042 -0.10435 -0.25828
vn -0.92626 -0.23944 0.29104
vn -0.97378 0.16073 0.16099
vn -0.86834 0.03491 0.49473
vn -0.74625 0.65625 0.11154
vn -0.97660 0.13116 -0.17042
vn -0.99028 0.13108 -0.04654
vn -0.94326 0.30015 -0.14205
vn -0.83622 0.51927 0.17634
vn -0.74613 0.66321 -0.05868
vn -0.77294 0.62219 0.12427
vn -0.80439 0.58473 0.10509
vn -0.86853 0.49560 -0.00579
vn -0.83284 0.39791 0.38475
vn -0.90071 0.43223 -0.04362
vn -0.83070 0.36953 0.41639
vn -0.98670 0.11022 -0.11950
vn -0.73496 0.51868 -0.43682
vn -0.87442 0.48508 -0.00903
vn -0.94580 0.23949 -0.21935
vn -0.97358 -0.06436 0.21910
vn -0.90322 -0.23400 0.35977
vn -0.90605 -0.23960 0.34880
vn -0.98071 0.12761 0.14807
vn -0.74109 0.60053 -0.30023
vn -0.79926 0.59958 0.04111
vn -0.82324 0.56435 0.06146
vn -0.80186 0.52854 0.27869
vn -0.88631 0.46299 -0.00972
vn -0.77169 0.57822 0.26486
vn -0.78803 0.61185 -0.06824
vn -0.84696 0.53085 -0.02934
vn -0.84033 0.48430 0.24353
vn -0.96353 -0.15709 -0.21663
vn -0.98178 0.18776 -0.02925
vn -0.85508 0.16667 -0.49098
vn -0.97940 -0.15662 0.12749
vn -0.94826 0.01349 0.31721
vn -0.93120 0.17766 0.31828
vn -0.94991 0.26734 -0.16188
vn -0.93579 0.35198 0.02012
vn -0.89138 -0.22224 -0.39503
vn -0.96141 -0.21829 -0.16744
vn -0.94678 -0.29154 0.13641
vn -0.84349 -0.19925 -0.49882
vn -0.98845 -0.02811 0.14892
vn -0.94776 -0.24475 0.20456
vn -0.91925 -0.24466 0.30841
vn -0.84547 -0.44699 0.29221
vn -0.87133 -0.48646 -0.06434
vn -0.90203 -0.11416 0.41631
vn -0.71179 -0.25467 -0.65460
vn -0.90273 -0.28561 -0.32171
vn -0.92613 -0.16787 0.33778
vn -0.98583 -0.00880 0.16750
vn -0.89216 -0.27691 -0.35689
vn -0.94188 -0.23486 -0.24021
vn -0.93485 -0.34890 -0.06569
vn -0.83874 -0.46052 -0.29059
vn -0.99756 -0.01508 0.06811
vn -0.87672 0.09379 0.47177
vn -0.89569 0.09715 0.43394
vn -0.93890 0.23639 0.25016
vn -0.98786 -0.00208 0.15536
vn -0.95887 -0.23410 0.16050
vn -0.97860 -0.15820 0.13161
vn -0.70798 -0.25167 -0.65987
vn -0.95647 0.12496 -0.26372
vn -0.84164 0.32084 0.43439
vn -0.98961 0.04896 0.13518
vn -0.89345 -0.10449 -0.43684
vn -0.66316 -0.34756 -0.66289
vn -0.70035 -0.65480 -0.28418
vn -0.95371 -0.27333 -0.12540
vn -0.97430 -0.14981 -0.16819
vn -0.99468 0.10302 -0.00105
vn -0.84234 -0.39654 0.36499
vn -0.93578 -0.04117 0.35018
vn -0.98156 -0.13247 0.13781
vn -0.98904 -0.09537 0.11270
vn -0.98573 0.15089 0.07463
vn -0.90880 0.39452 0.13578
vn -0.98271 0.06997 0.17144
vn -0.98447 -0.09306 0.14885
vn -0.88022 -0.40227 -0.25179
vn -0.78652 0.01155 -0.61746
vn -0.99007 -0.12419 -0.06590
vn -0.98500 -0.13826 -0.10322
vn -0.96970 -0.00573 -0.24424
vn -0.82689 0.16234 0.53843
vn -0.93681 -0.01861 0.34936
vn -0.96765 -0.09504 0.23370
vn -0.99021 0.01375 0.13892
vn -0.92300 -0.35061 -0.15859
vn -0.91206 -0.41004 0.00357
vn -0.91803 -0.39650 -0.00338
vn -0.95598 0.28010 0.08747
vn -0.99401 -0.10927 0.00167
vn -0.98146 -0.10373 -0.16118
vn -0.96411 0.18383 0.19155
vn -0.97114 -0.07110 -0.22768
vn -0.82542 -0.56178 0.05561
vn -0.74094 -0.67128 0.01972
vn -0.92062 0.18446 -0.34415
vn -0.92163 0.13416 -0.36414
vn -0.98823 0.04553 -0.14602
vn -0.97304 -0.21261 0.08935
vn -0.87998 -0.19651 0.43245
vn -0.83814 -0.09768 0.53664
vn -0.95792 -0.02017 0.28634
vn -0.99442 0.01956 0.10367
vn -0.87919 -0.14027 -0.45537
vn -0.95451 -0.29154 -0.06252
vn -0.89763 -0.37514 0.23137
vn -0.97217 -0.06609 0.22475
vn -0.99562 0.03449 -0.08687
vn -0.98089 0.18233 0.06791
vn -0.91539 0.32295 0.24033
vn -0.90533 -0.20984 -0.36925
vn -0.97806 0.20528 -0.03543
vn -0.85687 0.29990 0.41932
vn -0.97215 -0.22100 -0.07804
vn -0.99420 -0.01797 0.10604
vn -0.90525 0.06601 -0.41972
vn -0.77779 0.14263 -0.61212
vn -0.77938 0.57823 0.24129
vn -0.84068 0.42791 0.33189
vn -0.85856 0.29971 0.41599
vn -0.93032 0.15464 0.33256
vn -0.99371 -0.05616 -0.09689
vn -0.98861 -0.00154 0.15048
vn -0.91014 0.26309 -0.32005
vn -0.88757 0.35098 -0.29840
vn -0.98214 0.18268 0.04511
vn -0.91553 0.20724 0.34477
vn -0.92858 0.34046 -0.14776
vn -0.95774 0.28558 0.03442
vn -0.91460 0.20907 0.34611
vn -0.99772 -0.04872 -0.04678
vn -0.97677 -0.10046 0.18927
vn -0.91353 0.13037 -0.38530
vn -0.83238 0.21355 -0.51140
vn -0.96326 0.26856 0.00087
vn -0.91853 0.27431 0.28471
vn -0.72845 0.53460 0.42844
vn -0.97513 0.22137 -0.01109
vn -0.86880 0.14693 0.47286
vn -0.94201 0.26504 0.20584
vn -0.98934 0.13518 0.05424
vn -0.96720 0.19070 0.16782
vn -0.86631 0.49277 -0.08179
vn -0.89168 0.45162 -0.03083
vn -0.98137 0.02088 -0.19099
vn -0.89559 -0.26600 -0.35659
vn -0.90083 -0.43417 -0.00051
vn -0.94581 0.15454 -0.28559
vn -0.99466 0.10321 0.00272
vn -0.94637 0.32005 0.04417
vn -0.85108 0.16642 0.49796
vn -0.97267 0.23150 -0.01801
vn -0.91752 0.25293 0.30691
vn -0.79480 0.01617 -0.60666
vn -0.95774 -0.14634 -0.24764
vn -0.99708 -0.05612 0.05187
vn -0.97452 0.02308 -0.22311
vn -0.92475 0.16263 0.34408
vn -0.99905 -0.02138 0.03799
vn -0.92827 -0.19877 0.31432
vn -0.96533 -0.25705 -0.04544
vn -0.77844 -0.44543 0.44230
vn -0.76446 -0.60919 0.21094
vn -0.97542 -0.20676 0.07625
vn -0.98352 -0.16640 0.07075
vn -0.76458 -0.00379 -0.64452
vn -0.86014 -0.16903 -0.48123
vn -0.98934 -0.11963 0.08304
vn -0.98382 -0.17272 0.04764
vn -0.92588 -0.32033 -0.20032
vn -0.92741 -0.36767 0.06878
vn -0.95686 -0.12548 0.26207
vn -0.98580 -0.14542 0.08402
vn -0.98973 -0.04440 -0.13588
vn -0.91283 -0.09889 0.39618
vn -0.99217 0.03379 0.12021
vn -0.98771 -0.11061 0.11047
vn -0.99487 0.07917 -0.06302
vn -0.75167 -0.61920 -0.22712
vn -0.88860 0.03685 -0.45721
vn -0.98531 0.07866 0.15160
vn -0.98675 0.10923 -0.12000
vn -0.97858 -0.03819 -0.20228
vn -0.95066 -0.05178 0.30587
vn -0.96740 -0.15651 0.19909
vn -0.99237 0.09296 0.08102
vn -0.99560 0.04831 0.08033
vn -0.96604 -0.01133 0.25815
vn -0.93327 -0.10357 0.34392
vn -0.79235 0.13581 -0.59476
vn -0.60830 -0.37412 -0.70001
vn -0.99015 -0.08870 0.10835
vn -0.99076 -0.00688 -0.13543
vn -0.93805 0.08181 0.33671
vn -0.93200 0.32833 -0.15356
vn -0.81188 0.40107 -0.42425
vn -0.97891 0.12888 0.15852
vn -0.95245 -0.23225 0.19724
vn -0.95350 -0.14186 0.26591
vn -0.97001 0.03324 0.24077
vn -0.97752 0.19927 0.06886
vn -0.85201 0.24425 0.46306
vn -0.78894 0.18277 -0.58665
vn -0.75143 0.55429 -0.35793
vn -0.76859 0.12981 -0.62644
vn -0.87380 0.07820 0.47996
vn -0.96187 0.24369 0.12422
vn -0.93083 0.34473 0.12132
vn -0.92956 0.34705 -0.12438
vn -0.89494 0.37222 -0.24605
vn -0.97699 -0.01416 -0.21279
vn -0.83421 0.07474 0.54636
vn -0.97177 0.20171 0.12234
vn -0.87880 0.21252 0.42725
vn -0.81785 -0.36507 -0.44480
vn -0.90088 -0.43326 -0.02658
vn -0.91933 -0.38868 -0.06138
vn -0.97166 -0.23481 0.02707
vn -0.90480 -0.36135 0.22533
vn -0.81179 -0.31160 0.49388
vn -0.78230 0.28605 -0.55334
vn -0.69945 0.31824 -0.63992
vn -0.72988 0.59571 0.33528
vn -0.90668 0.41612 -0.06908
vn -0.68171 0.56072 0.46996
vn -0.87208 0.41029 -0.26673
vn -0.89278 0.43839 -0.10370
vn -0.52273 0.70320 -0.48194
vn -0.84563 0.26043 0.46593
vn -0.98161 0.03032 0.18846
vn -0.86360 -0.44310 -0.24055
vn -0.93410 -0.27754 -0.22458
vn -0.99114 0.08145 -0.10490
vn -0.98128 -0.13894 0.13334
vn -0.98749 -0.15744 0.00924
vn -0.92279 -0.32062 0.21367
vn -0.79226 -0.04245 0.60871
vn -0.92113 0.36701 -0.12969
vn -0.95447 0.21307 0.20876
vn -0.61797 0.64919 -0.44347
vn -0.69177 0.64009 0.33427
vn -0.79480 -0.24469 -0.55536
vn -0.86168 -0.48037 0.16355
vn -0.92106 -0.34860 -0.17359
vn -0.89854 -0.35175 -0.26247
vn -0.94473 -0.29500 0.14305
vn -0.83623 -0.08581 0.54163
vn -0.85511 -0.21767 0.47054
vn -0.74129 -0.04938 -0.66936
vn -0.99721 0.07180 0.02043
vn -0.81878 -0.49984 -0.28241
vn -0.94761 -0.30887 0.08139
vn -0.96486 -0.10655 0.24021
vn -0.93235 0.06770 0.35517
vn -0.96974 -0.14646 0.19531
vn -0.10461 0.99070 -0.08701
vn -0.08962 0.99595 -0.00778
vn -0.13716 0.98720 -0.08139
vn -0.10204 0.99381 -0.04402
vn 0.00886 0.97531 -0.22065
vn 0.19013 0.62688 -0.75556
vn 0.23826 0.95074 0.19831
vn 0.20857 0.97047 0.12115
vn 0.07185 0.99684 0.03400
vn 0.00646 0.99993 -0.01003
vn 0.03077 0.99857 -0.04364
vn 0.04592 0.99890 0.00908
vn 0.05550 0.99712 -0.05175
vn 0.11124 0.98896 -0.09792
vn 0.12357 0.97293 -0.19527
vn -0.06240 0.99558 0.07018
vn -0.04018 0.99242 0.11615
vn -0.03065 0.99525 0.09239
vn 0.00777 0.99706 0.07626
vn -0.03142 0.99865 -0.04137
vn -0.00947 0.99600 0.08885
vn -0.04678 0.99880 0.01434
vn -0.04935 0.99448 0.09260
vn -0.01660 0.99941 0.03009
vn -0.07650 0.98157 0.17510
vn -0.06731 0.98084 0.18280
vn -0.07179 0.99496 0.06999
vn 0.23245 0.40170 -0.88578
vn 0.34054 0.82196 -0.45651
vn 0.21311 0.95925 0.18552
vn 0.22692 0.75536 0.61477
vn -0.12443 0.99019 -0.06353
vn -0.11246 0.99325 -0.02834
vn -0.09004 0.99505 -0.04210
vn -0.00490 0.99976 -0.02120
vn 0.06285 0.99036 -0.12343
vn 0.06221 0.99806 -0.00070
vn -0.01852 0.99740 -0.06965
vn 0.00059 0.99999 -0.00339
vn 0.14713 0.98829 0.04049
vn 0.22120 0.96140 0.16364
vn 0.24257 0.94301 0.22782
vn 0.24227 0.95013 0.19639
vn 0.13479 0.97345 -0.18498
vn 0.09776 0.97289 -0.20959
vn -0.63757 -0.30840 -0.70597
vn -0.86376 0.30683 0.39973
vn -0.75269 0.64216 0.14521
vn -0.96308 -0.14816 0.22476
vn -0.95516 -0.01539 0.29569
vn -0.61434 0.76584 0.18993
vn -0.39342 0.89632 0.20452
vn -0.43300 0.86772 0.24407
vn 0.26997 0.90201 -0.33690
vn 0.00110 0.97881 -0.20476
vn 0.21478 0.95202 0.21801
vn -0.36129 -0.19062 -0.91276
vn -0.96630 0.08582 0.24268
vn -0.99183 0.12241 0.03581
vn -0.88707 0.41435 0.20352
vn -0.87060 0.20709 0.44628
vn -0.84769 0.33715 -0.40957
vn -0.97589 0.02130 0.21720
vn -0.67969 0.16997 0.71353
vn -0.40021 0.43205 -0.80818
vn -0.77259 0.62849 0.09009
vn -0.97982 0.15411 0.12731
vn -0.99002 0.09113 -0.10748
vn -0.98561 -0.03360 0.16565
vn -0.81278 -0.03771 0.58135
vn -0.92530 -0.06330 -0.37392
vn -0.78106 0.04945 0.62250
vn -0.62383 0.24724 0.74143
vn -0.36683 -0.02648 -0.92991
vn -0.95524 -0.28944 0.06122
vn -0.59246 0.27425 0.75748
vn -0.42364 0.84680 -0.32165
vn -0.80105 0.56700 -0.19192
vn -0.91730 0.38889 0.08555
vn -0.88580 0.46354 -0.02216
vn -0.92697 0.36563 0.08397
vn -0.96635 -0.11860 -0.22827
vn -0.97073 -0.19548 -0.13957
vn -0.96719 -0.07610 0.24238
vn 0.83814 0.28207 -0.46686
vn 0.82776 0.15854 -0.53822
vn -0.30000 -0.77995 0.54925
vn -0.75555 -0.30382 0.58038
vn -0.83325 0.41792 -0.36199
vn -0.83336 0.54942 -0.06037
vn -0.96535 -0.12067 -0.23140
vn -0.98550 0.10873 0.13024
vn -0.94433 -0.09773 -0.31414
vn -0.98853 0.14899 0.02485
vn -0.69042 0.28371 0.66546
vn 0.02988 0.72348 -0.68970
vn -0.75715 0.29175 -0.58447
vn -0.86497 -0.07736 0.49582
vn -0.88539 -0.10635 0.45253
vn -0.99849 0.04632 0.02961
vn -0.96536 0.04785 0.25650
vn -0.96460 0.17519 -0.19712
vn -0.92685 0.36197 0.09962
vn -0.76114 0.07611 -0.64410
vn -0.87700 -0.11914 0.46549
vn -0.84550 0.07018 0.52935
vn -0.76615 -0.34665 -0.54115
vn -0.85211 -0.52308 -0.01733
vn -0.92470 -0.37642 0.05694
vn -0.96569 -0.23774 -0.10448
vn -0.89746 -0.44075 0.01759
vn -0.84527 -0.40779 0.34528
vn -0.65508 -0.75119 0.08119
vn -0.69914 -0.70870 0.09463
vn -0.61538 0.70136 -0.35974
vn -0.86929 0.49413 0.01293
vn -0.86754 -0.16173 0.47034
vn -0.87988 -0.24503 -0.40715
vn -0.90080 -0.40371 -0.15994
vn -0.82640 -0.50223 0.25460
vn -0.92501 -0.26192 0.27525
vn -0.92355 -0.21252 0.31919
vn -0.96043 -0.17035 -0.22036
vn -0.87567 -0.18439 -0.44632
vn -0.77080 -0.55437 0.31389
vn -0.86493 -0.49795 -0.06280
vn -0.95051 -0.26987 0.15392
vn -0.88621 -0.46217 0.03221
vn -0.97962 0.16553 -0.11373
vn -0.97380 -0.16941 0.15171
vn -0.69089 -0.52427 0.49781
vn -0.99497 0.09717 -0.02436
vn -0.99192 -0.01565 0.12587
vn -0.92438 -0.28683 -0.25151
vn -0.93607 0.22911 -0.26697
vn -0.96612 -0.22605 0.12456
vn -0.87351 -0.23424 0.42675
vn -0.95237 -0.04302 0.30190
vn -0.97187 -0.02272 -0.23440
vn -0.95573 -0.03916 -0.29163
vn -0.99144 -0.11782 0.05635
vn -0.96997 -0.19706 -0.14259
vn -0.91965 -0.39207 0.02297
vn -0.83881 -0.29865 0.45520
vn -0.82717 -0.20587 0.52288
vn -0.85198 -0.23706 -0.46683
vn -0.94440 -0.29775 0.13951
vn -0.95719 -0.25423 0.13840
vn -0.97680 -0.11213 0.18243
vn -0.95941 -0.08707 -0.26822
vn -0.86617 -0.47675 0.14986
vn -0.98062 0.18941 0.05003
vn -0.86236 0.22485 0.45362
vn -0.98827 -0.09648 0.11834
vn -0.88185 -0.31322 -0.35246
vn -0.95578 -0.12018 -0.26842
vn -0.97543 0.20578 -0.07864
vn -0.84128 0.51754 0.15621
vn -0.90683 0.41965 -0.03948
vn -0.88651 0.20041 0.41705
vn -0.91240 -0.00606 0.40925
vn -0.82362 0.50996 -0.24817
vn -0.77983 0.58865 -0.21297
vn -0.90136 0.32412 0.28723
vn -0.96921 0.19495 0.15045
vn -0.93299 -0.15984 -0.32247
vn -0.99298 0.11454 -0.02961
vn -0.78785 -0.12659 0.60271
vn -0.95210 -0.21151 0.22084
vn -0.95849 -0.27696 -0.06778
vn -0.96761 0.04267 -0.24882
vn -0.96566 -0.24967 0.07190
vn -0.88176 0.07575 0.46558
vn -0.98943 0.13103 0.06205
vn -0.96460 0.23097 -0.12729
vn -0.93188 0.18435 0.31242
vn -0.99842 0.04406 0.03495
vn -0.96988 0.20171 0.13653
vn -0.98933 0.00807 0.14548
vn -0.90287 0.04218 0.42783
vn -0.96681 0.12225 -0.22434
vn -0.96519 0.21677 -0.14632
vn -0.92500 0.37106 -0.08178
vn -0.79796 0.03613 0.60163
vn -0.88905 0.03938 0.45611
vn -0.79767 0.57592 0.17900
vn -0.61906 0.76009 0.19755
vn -0.84293 0.53576 -0.04929
vn -0.93402 0.35497 -0.04009
vn -0.97156 0.23521 0.02737
vn -0.95801 0.28663 0.00724
vn -0.87086 0.48633 -0.07132
vn -0.86604 0.45159 0.21458
vn -0.91670 0.39599 -0.05345
vn -0.92300 0.37800 0.07199
vn -0.81295 0.56878 -0.12490
vn -0.99989 0.00280 0.01478
vn -0.99750 0.06140 -0.03504
vn -0.98328 -0.18054 -0.02373
vn -0.93553 -0.30162 -0.18385
vn -0.96777 -0.16760 -0.18798
vn -0.93660 -0.33456 -0.10422
vn -0.98433 0.06273 0.16477
vn -0.99198 -0.12469 -0.02093
vn -0.93591 -0.27478 -0.22039
vn -0.96968 -0.24107 0.04014
vn -0.99086 0.05081 -0.12494
vn -0.89040 -0.19797 0.40987
vn -0.86940 -0.01247 -0.49396
vn -0.95768 0.05764 -0.28201
vn -0.95037 0.18501 0.25015
vn -0.93624 0.30080 0.18161
vn -0.88909 0.38157 0.25283
vn -0.90630 0.07761 -0.41545
vn -0.94805 0.31065 0.06861
vn -0.88522 0.37630 0.27346
vn -0.81219 0.50685 0.28888
vn -0.99414 -0.06154 -0.08889
vn -0.99512 -0.09749 0.01505
vn -0.98402 -0.02266 -0.17661
vn -0.99559 -0.08009 -0.04894
vn -0.07021 0.99400 -0.08389
vn -0.10222 0.99468 0.01267
vn -0.06869 0.99708 -0.03334
vn -0.06939 0.99543 -0.06555
vn -0.19854 0.92860 -0.31349
vn -0.29074 0.68720 -0.66575
vn -0.14119 0.91745 0.37195
vn -0.06455 0.99765 0.02290
vn -0.05257 0.99392 -0.09673
vn 0.22478 0.96519 0.13369
vn 0.26203 0.96183 0.07888
vn 0.20635 0.97700 0.05386
vn 0.18928 0.97737 -0.09443
vn 0.16418 0.98640 0.00714
vn 0.13868 0.98895 -0.05248
vn 0.12342 0.99223 -0.01595
vn -0.02395 0.99626 0.08296
vn -0.05940 0.98956 0.13132
vn -0.11639 0.99045 0.07395
vn -0.05671 0.99623 0.06570
vn -0.07666 0.99703 0.00695
vn -0.12379 0.99086 0.05369
vn -0.14966 0.98798 0.03875
vn -0.03718 0.99877 0.03269
vn -0.06771 0.99539 0.06793
vn -0.04932 0.98509 0.16480
vn -0.09627 0.97661 0.19227
vn -0.05591 0.99448 0.08880
vn 0.28572 0.68761 -0.66749
vn 0.19446 0.68468 -0.70242
vn 0.07103 0.84353 0.53236
vn -0.72440 0.59528 0.34768
vn -0.09187 0.99561 -0.01771
vn -0.04331 0.99689 -0.06584
vn 0.00002 0.99836 -0.05728
vn 0.03619 0.99171 -0.12326
vn 0.02363 0.99726 -0.07013
vn -0.02998 0.99955 -0.00057
vn -0.03816 0.99900 -0.02348
vn -0.03323 0.99500 -0.09417
vn -0.09514 0.99464 -0.04044
vn 0.05973 0.99732 0.04223
vn 0.15204 0.96572 0.21040
vn 0.21980 0.96376 0.15117
vn 0.30921 0.94964 0.05069
vn 0.25936 0.96054 0.10046
vn 0.17843 0.98182 -0.06479
vn 0.13771 0.99047 -0.00343
vn 0.11702 0.99305 -0.01215
vn 0.15418 0.98019 -0.12429
vn 0.13626 0.96948 -0.20383
vn 0.04513 0.99537 -0.08490
vn -0.16070 0.98532 0.05767
vn -0.14677 0.98839 0.03920
vn -0.15641 0.98608 0.05646
vn -0.28451 0.95725 0.05216
vn -0.06865 0.99748 -0.01788
vn -0.04322 0.99904 -0.00659
vn -0.04175 0.99171 0.12156
vn -0.01313 0.99332 0.11467
vn 0.05451 0.84179 -0.53705
vn 0.08368 0.89342 -0.44136
vn 0.31195 0.93756 0.15388
vn -0.08443 0.93499 0.34448
vn -0.86554 0.06223 -0.49696
vn -0.98099 0.07230 0.18009
vn -0.98626 0.15583 0.05491
vn -0.99277 0.11418 0.03711
vn -0.98809 0.09935 -0.11751
vn -0.95444 0.07898 -0.28777
vn -0.97388 0.22185 0.04840
vn -0.99870 0.02686 0.04342
vn -0.13664 0.99026 -0.02676
vn -0.12204 0.99219 -0.02560
vn -0.00327 0.99617 -0.08734
vn 0.00249 0.98664 -0.16290
vn 0.04153 0.99499 -0.09098
vn -0.16516 0.76220 -0.62592
vn -0.59374 0.43292 -0.67827
vn -0.22713 0.96320 0.14374
vn -0.27005 0.96121 0.05606
vn -0.07396 0.99597 -0.05080
vn -0.08482 0.99264 -0.08640
vn -0.17631 0.98369 -0.03561
vn -0.03548 0.99667 0.07340
vn -0.04329 0.99456 0.09472
vn 0.01103 0.99007 0.14014
vn -0.00686 0.99317 0.11648
vn -0.03317 0.99927 0.01906
vn -0.01197 0.99874 0.04880
vn -0.08594 0.99098 0.10283
vn -0.08054 0.99560 0.04793
vn -0.08174 0.99586 -0.03976
vn -0.06208 0.99207 0.10932
vn -0.08197 0.98642 0.14235
vn -0.00377 0.98447 0.17553
vn 0.00968 0.99639 0.08437
vn -0.62269 0.35494 -0.69734
vn -0.82190 0.23439 -0.51918
vn -0.83092 0.47122 0.29584
vn -0.62175 0.60552 0.49676
vn -0.60887 0.71771 0.33789
vn -0.07228 0.99411 -0.08071
vn -0.11295 0.99251 -0.04645
vn -0.06334 0.98948 -0.13010
vn 0.00845 0.99964 -0.02565
vn -0.08121 0.99605 -0.03578
vn -0.08836 0.99531 -0.03929
vn -0.07685 0.99640 -0.03581
vn -0.06925 0.99681 -0.03964
vn -0.12978 0.99008 -0.05386
vn 0.00680 0.99773 0.06700
vn 0.11907 0.98856 0.09255
vn 0.18471 0.98224 0.03292
vn 0.13800 0.98376 0.11473
vn 0.12092 0.99252 -0.01685
vn 0.09906 0.99508 -0.00316
vn 0.10692 0.99426 0.00308
vn 0.09246 0.99306 -0.07262
vn -0.03640 0.99320 -0.11055
vn -0.14613 0.98797 0.05072
vn -0.14898 0.98841 0.02927
vn -0.12944 0.98843 0.07903
vn -0.13492 0.99062 0.02179
vn -0.10089 0.99487 0.00756
vn -0.06255 0.99704 -0.04466
vn -0.12029 0.99083 0.06149
vn -0.06673 0.99553 0.06681
vn -0.05726 0.99480 0.08419
vn -0.28487 0.87633 -0.38844
vn -0.64563 0.72192 -0.24898
vn -0.25223 0.87917 0.40428
vn -0.56778 0.64238 0.51475
vn -0.11300 0.99188 -0.05843
vn -0.08454 0.99170 -0.09683
vn -0.13129 0.99018 -0.04798
vn -0.07755 0.99162 -0.10328
vn -0.03554 0.99009 -0.13589
vn -0.01431 0.99409 -0.10765
vn -0.01857 0.99745 -0.06892
vn -0.06729 0.99767 -0.01102
vn -0.55653 0.73156 -0.39382
vn -0.54017 0.81577 0.20672
vn -0.49105 0.86697 -0.08508
vn -0.30013 0.95173 0.06433
vn -0.16080 0.97839 -0.12997
vn -0.14399 0.98793 -0.05710
vn -0.01169 0.98909 -0.14683
vn -0.02201 0.99974 0.00557
vn -0.06507 0.99742 -0.03030
vn -0.10436 0.99388 0.03618
vn -0.08820 0.99606 -0.00942
vn -0.06890 0.99705 0.03376
vn -0.02271 0.99918 0.03355
vn -0.02551 0.98514 0.16987
vn -0.04492 0.99215 0.11671
vn -0.07825 0.99604 0.04228
vn -0.10052 0.99299 0.06215
vn -0.03122 0.99524 0.09230
vn -0.03497 0.99939 0.00056
vn -0.08045 0.99673 0.00714
vn -0.01219 0.99441 0.10485
vn -0.02371 0.99531 0.09376
vn -0.02567 0.99578 0.08817
vn -0.06580 0.98783 0.14093
vn -0.54560 0.79733 -0.25804
vn -0.71984 0.62721 0.29738
vn -0.58781 0.80449 0.08523
vn 0.38264 0.83961 -0.38555
vn 0.65239 0.72370 -0.22505
vn 0.51927 0.82719 0.21474
vn 0.62725 0.71131 0.31716
vn 0.31479 0.94755 0.05529
vn -0.07169 0.99729 0.01624
vn -0.11611 0.99249 -0.03858
vn -0.09009 0.99546 -0.03086
vn -0.09506 0.99513 -0.02595
vn -0.08021 0.99633 0.02975
vn -0.08115 0.99663 0.01177
vn 0.03320 0.99686 0.07189
vn 0.01327 0.99965 0.02310
vn 0.00300 0.99947 0.03235
vn -0.02072 0.99969 0.01381
vn -0.08159 0.99650 0.01834
vn -0.09326 0.99564 -0.00057
vn -0.09715 0.99485 0.02901
vn -0.04761 0.99761 0.05015
vn -0.06192 0.99782 0.02280
vn -0.06232 0.99660 0.05385
vn -0.05340 0.99734 -0.04963
vn -0.12285 0.99209 0.02576
vn -0.13769 0.99037 0.01413
vn -0.05400 0.99854 0.00143
vn 0.76604 0.51318 -0.38707
vn 0.77403 0.58362 0.24550
vn 0.58232 0.73961 0.33745
vn -0.09535 0.99391 -0.05517
vn -0.09631 0.98478 -0.14466
vn -0.08592 0.98960 0.11538
vn -0.07148 0.98670 0.14598
vn -0.09184 0.98129 -0.16923
vn -0.08187 0.98278 -0.16565
vn -0.02227 0.98456 -0.17361
vn -0.01957 0.99936 -0.03004
vn 0.02291 0.99942 -0.02502
vn 0.01651 0.99986 0.00131
vn -0.02956 0.99952 -0.00966
vn -0.03237 0.99913 -0.02623
vn 0.02699 0.99794 -0.05821
vn -0.01793 0.99189 -0.12582
vn -0.00360 0.99368 -0.11222
vn 0.17031 0.86574 -0.47062
vn -0.07392 0.99071 0.11419
vn -0.03689 0.99809 0.04965
vn -0.09864 0.99270 0.06944
vn -0.09593 0.99480 -0.03429
vn -0.03992 0.99905 0.01726
vn 0.00484 0.99981 -0.01908
vn -0.05132 0.99817 0.03195
vn 0.08528 0.98315 0.16170
vn 0.04343 0.99325 0.10759
vn -0.02384 0.99616 0.08428
vn -0.04000 0.99548 0.08617
vn -0.10258 0.99471 0.00578
vn 0.00172 0.99999 0.00484
vn -0.03505 0.99882 0.03352
vn -0.10263 0.99037 0.09290
vn -0.05612 0.99526 0.07947
vn -0.11794 0.97649 0.18042
vn -0.09397 0.98394 0.15175
vn 0.46921 0.58412 -0.66230
vn 0.62338 0.52824 -0.57651
vn 0.56320 0.67130 0.48184
vn 0.29433 0.78335 0.54748
vn 0.01437 0.96399 0.26555
vn -0.06546 0.99695 -0.04254
vn -0.12657 0.99187 0.01325
vn -0.17733 0.98415 -0.00254
vn -0.12557 0.98645 -0.10554
vn -0.02323 0.99959 -0.01693
vn -0.05925 0.99347 0.09746
vn -0.11994 0.99198 0.03981
vn -0.09906 0.99491 0.01834
vn -0.03751 0.99927 0.00662
vn 0.03996 0.99920 -0.00276
vn 0.06501 0.99736 -0.03225
vn 0.06767 0.99724 0.03039
vn 0.02837 0.99916 0.02946
vn -0.00824 0.99769 0.06747
vn 0.00365 0.99657 0.08271
vn 0.31186 0.94176 -0.12583
vn 0.76558 0.62627 0.14721
vn 0.74403 0.60049 0.29298
vn -0.07268 0.60483 -0.79303
vn 0.49595 0.68902 -0.52848
vn 0.14221 0.91019 0.38901
vn 0.40098 0.90345 0.15165
vn 0.19368 0.49195 0.84881
vn 0.02104 0.99949 -0.02415
vn 0.01431 0.99318 -0.11570
vn -0.07163 0.99282 0.09582
vn -0.08679 0.98366 0.15772
vn 0.01603 0.98020 -0.19734
vn 0.00874 0.98634 -0.16449
vn -0.07379 0.98243 -0.17140
vn -0.03873 0.99690 -0.06846
vn -0.04579 0.99850 -0.03009
vn -0.06550 0.99701 -0.04098
vn -0.01359 0.99979 0.01542
vn 0.00626 0.99841 -0.05598
vn -0.05258 0.99389 -0.09709
vn 0.01000 0.99700 -0.07670
vn -0.03593 0.94385 -0.32842
vn 0.13806 0.77252 -0.61981
vn -0.15878 0.98711 0.02024
vn -0.14196 0.98819 -0.05769
vn -0.09925 0.99500 0.01125
vn -0.07765 0.99626 -0.03784
vn -0.05411 0.99831 0.02099
vn -0.04782 0.99820 -0.03615
vn -0.05920 0.99279 0.10419
vn -0.02936 0.99771 0.06100
vn -0.09149 0.99278 0.07751
vn 0.05936 0.97534 -0.21256
vn 0.16292 0.97881 -0.12405
vn 0.30307 0.95291 0.01072
vn 0.21186 0.97721 0.01350
vn 0.50725 0.80715 0.30202
vn 0.25615 0.87079 0.41965
vn -0.04958 0.99333 0.10408
vn -0.05627 0.99842 0.00050
vn -0.13325 0.99099 0.01377
vn -0.08195 0.99534 0.05077
vn -0.07734 0.99473 0.06733
vn -0.05655 0.99131 0.11880
vn -0.07869 0.98071 0.17891
vn -0.01737 0.71300 -0.70095
vn -0.02296 0.75485 -0.65550
vn -0.45263 0.73897 0.49904
vn -0.27717 0.87333 0.40059
vn -0.08158 0.94292 0.32288
vn -0.12518 0.99145 -0.03692
vn -0.12843 0.99161 0.01486
vn -0.10078 0.99458 -0.02546
vn -0.07802 0.98802 -0.13315
vn -0.05669 0.99768 -0.03765
vn -0.09311 0.99181 0.08747
vn -0.05721 0.99331 0.10034
vn -0.05573 0.99605 -0.06918
vn -0.09100 0.99536 -0.03122
vn -0.01278 0.99810 -0.06035
vn -0.00051 0.99972 -0.02386
vn -0.02647 0.99885 0.04000
vn -0.06186 0.99697 0.04709
vn -0.09590 0.98841 0.11768
vn 0.28348 0.88660 -0.36548
vn 0.38843 0.89307 -0.22703
vn 0.84547 0.52859 0.07599
vn 0.72173 0.65551 -0.22230
vn 0.67044 0.74178 0.01678
vn 0.58485 0.46021 0.66795
vn 0.51686 0.57166 0.63723
vn 0.14371 0.70082 -0.69871
vn -0.19848 0.90545 -0.37518
vn -0.15417 0.88036 0.44855
vn -0.31041 0.86290 0.39881
vn -0.02585 0.53070 0.84716
vn 0.70754 0.58796 -0.39204
vn 0.81091 0.50850 0.28958
vn 0.90407 0.41749 -0.09146
vn 0.03498 0.99876 -0.03546
vn 0.02842 0.99377 -0.10773
vn -0.13946 0.97752 0.15816
vn -0.09156 0.97668 0.19420
vn -0.10536 0.98334 0.14816
vn 0.01721 0.98709 -0.15921
vn -0.01459 0.99551 -0.09354
vn -0.02809 0.99389 -0.10670
vn -0.06709 0.99247 -0.10251
vn -0.08979 0.99596 0.00137
vn -0.05457 0.99665 -0.06088
vn -0.01441 0.99989 -0.00386
vn -0.01507 0.99706 -0.07517
vn 0.05409 0.99091 -0.12317
vn 0.00253 0.99923 -0.03920
vn -0.07877 0.97280 -0.21783
vn -0.18723 0.70278 -0.68633
vn -0.22945 0.87388 0.42860
vn -0.21239 0.94833 0.23570
vn -0.12771 0.98840 -0.08216
vn -0.07366 0.99720 -0.01292
vn -0.00863 0.99612 -0.08757
vn -0.15410 0.98353 0.09447
vn -0.07165 0.98939 0.12641
vn -0.08489 0.99608 -0.02494
vn -0.11263 0.99346 -0.01883
vn -0.11842 0.98922 -0.08619
vn -0.21041 0.97761 -0.00114
vn -0.09852 0.99513 0.00124
vn -0.04836 0.99822 0.03499
vn -0.02895 0.99956 0.00592
vn -0.01930 0.99590 0.08841
vn -0.00876 0.99747 0.07050
vn 0.03860 0.98361 -0.17614
vn 0.35614 0.64358 0.67747
vn -0.09512 0.99046 0.09969
vn -0.06248 0.99801 0.00801
vn -0.07456 0.99397 0.08041
vn -0.11223 0.99283 0.04120
vn -0.11023 0.99219 0.05831
vn -0.12084 0.98844 0.09156
vn -0.06806 0.97696 0.20227
vn -0.13646 0.69090 -0.70995
vn -0.16851 0.70590 -0.68797
vn -0.61582 0.62977 -0.47345
vn -0.58547 0.80201 0.11833
vn -0.42289 0.82565 0.37344
vn -0.41214 0.85891 0.30400
vn -0.23478 0.89715 0.37418
vn 0.01270 0.99915 -0.03911
vn -0.02798 0.99872 -0.04210
vn -0.13244 0.99073 -0.03023
vn -0.09387 0.99506 0.03242
vn -0.06485 0.98399 0.16600
vn -0.09997 0.99499 -0.00209
vn -0.11406 0.99326 -0.02045
vn -0.09373 0.98975 -0.10772
vn -0.12805 0.99176 0.00279
vn -0.10745 0.99308 0.04736
vn -0.09212 0.99458 0.04813
vn -0.08230 0.99360 0.07741
vn 0.00277 0.67866 -0.73445
vn 0.15951 0.94698 -0.27889
vn 0.23889 0.96460 -0.11174
vn 0.76203 0.56172 0.32216
vn 0.35059 0.61162 0.70923
vn 0.22479 0.29746 0.92789
vn -0.37167 0.57388 -0.72974
vn 0.04010 0.79456 -0.60586
vn -0.36769 0.69767 0.61486
vn -0.55522 0.81202 0.17986
vn 0.05311 0.74762 -0.66200
vn 0.34311 0.93415 -0.09815
vn 0.35650 0.87225 0.33479
vn 0.30908 0.59883 0.73883
vn -0.01780 0.99873 -0.04710
vn -0.01216 0.99389 -0.10967
vn -0.05660 0.98981 0.13065
vn -0.03567 0.99015 0.13539
vn -0.00351 0.98930 0.14589
vn -0.00750 0.98645 -0.16387
vn 0.01382 0.99071 -0.13530
vn 0.00282 0.99691 -0.07846
vn -0.00811 0.99953 -0.02942
vn -0.01669 0.99750 -0.06867
vn -0.01231 0.99983 -0.01354
vn 0.00619 0.99712 -0.07563
vn 0.01804 0.99569 -0.09093
vn 0.00240 0.99860 -0.05290
vn -0.01018 0.99972 -0.02116
vn -0.00801 0.99678 -0.07976
vn -0.26511 0.85949 -0.43703
vn -0.41792 0.90526 -0.07643
vn -0.42922 0.87757 0.21364
vn -0.37898 0.90465 0.19488
vn -0.03633 0.99776 -0.05622
vn -0.02170 0.99845 -0.05126
vn -0.03270 0.99683 -0.07257
vn -0.10130 0.99316 -0.05802
vn -0.08329 0.99246 -0.08991
vn -0.04733 0.99660 0.06746
vn -0.08527 0.99348 0.07572
vn -0.08836 0.99403 0.06402
vn -0.06984 0.99748 -0.01253
vn -0.04929 0.99878 -0.00013
vn -0.11463 0.99312 -0.02372
vn -0.10653 0.99399 -0.02514
vn -0.06807 0.99726 -0.02893
vn -0.12692 0.99154 0.02710
vn -0.11907 0.99287 0.00517
vn -0.06702 0.99197 0.10729
vn -0.00442 0.99937 -0.03527
vn 0.01685 0.94435 -0.32851
vn -0.08276 0.70429 0.70507
vn -0.05816 0.99561 0.07328
vn -0.00540 0.99997 0.00470
vn 0.00657 0.99870 0.05062
vn -0.02812 0.99588 0.08626
vn -0.05660 0.99755 0.04120
vn -0.07117 0.98838 0.13434
vn -0.45512 0.80398 -0.38272
vn -0.81580 0.56118 -0.13983
vn -0.59719 0.61297 0.51733
vn -0.53620 0.81972 0.20135
vn -0.41721 0.87592 0.24229
vn -0.05950 0.99766 -0.03359
vn -0.04213 0.99669 -0.06951
vn -0.02500 0.99772 0.06271
vn -0.12274 0.99193 0.03184
vn 0.11589 0.80166 -0.58643
vn 0.42541 0.72918 -0.53603
vn 0.26991 0.94349 -0.19228
vn -0.31202 0.33911 0.88750
vn -0.22778 0.60546 0.76259
vn -0.88202 0.31754 -0.34816
vn -0.77849 0.52941 0.33717
vn 0.63924 0.60575 -0.47375
vn 0.62035 0.77204 -0.13824
vn 0.38597 0.90563 -0.17567
vn 0.01425 0.99857 0.05148
vn -0.08194 0.85844 0.50633
vn -0.06682 0.99453 -0.08025
vn 0.01582 0.99322 -0.11515
vn -0.06214 0.99275 0.10291
vn -0.07371 0.99515 0.06521
vn -0.05964 0.98783 0.14364
vn -0.03307 0.99106 0.12928
vn -0.00701 0.99432 -0.10617
vn -0.10685 0.99010 -0.09099
vn -0.08137 0.99261 -0.09006
vn -0.08271 0.99388 -0.07326
vn -0.05649 0.99609 -0.06787
vn -0.01206 0.99908 -0.04126
vn -0.03438 0.99933 -0.01269
vn -0.01505 0.99511 -0.09758
vn -0.00623 0.99824 -0.05896
vn -0.00287 0.99781 -0.06602
vn -0.03582 0.99859 -0.03926
vn -0.08001 0.99679 0.00363
vn -0.26382 0.95500 -0.13559
vn -0.41936 0.90760 0.01990
vn -0.19051 0.97836 0.08077
vn -0.03102 0.99829 0.04963
vn -0.03650 0.99461 -0.09704
vn 0.01322 0.99948 -0.02955
vn -0.07011 0.99733 -0.02031
vn -0.02034 0.99781 -0.06298
vn -0.09413 0.99236 -0.07977
vn -0.07631 0.99517 0.06179
vn -0.10997 0.99283 0.04691
vn -0.04658 0.99578 0.07902
vn -0.01476 0.99783 -0.06423
vn -0.09946 0.99361 0.05334
vn -0.11966 0.99208 -0.03822
vn -0.05179 0.99839 -0.02319
vn -0.11450 0.99297 0.02984
vn -0.03551 0.99937 0.00190
vn 0.01762 0.99984 0.00390
vn -0.01308 0.99940 -0.03196
vn -0.03256 0.99897 0.03163
vn -0.01196 0.92512 -0.37948
vn -0.35069 0.22445 0.90920
vn -0.09788 0.79289 0.60146
vn 0.00919 0.99904 0.04285
vn -0.02505 0.99957 0.01553
vn -0.04806 0.99680 0.06382
vn -0.02907 0.99391 0.10626
vn -0.06782 0.99401 0.08574
vn -0.07137 0.99282 0.09600
vn -0.37958 0.89747 -0.22464
vn -0.31147 0.95023 0.00703
vn -0.48626 0.84185 0.23419
vn -0.09551 0.99415 -0.05041
vn -0.08211 0.99612 0.03155
vn -0.17781 0.77925 -0.60097
vn 0.18851 0.65161 -0.73476
vn 0.03367 0.28699 0.95734
vn 0.03111 0.31274 0.94933
vn -0.02526 0.89182 -0.45169
vn 0.03650 0.91758 -0.39587
vn -0.04742 0.99458 -0.09250
vn 0.17952 0.86982 0.45954
vn 0.13092 0.73740 0.66265
vn 0.05225 0.99204 0.11455
vn -0.05002 0.99071 0.12649
vn -0.01686 0.99331 -0.11426
vn -0.06471 0.99338 -0.09490
vn -0.08736 0.99406 -0.06497
vn -0.09759 0.98938 -0.10774
vn -0.03609 0.99650 0.07542
vn -0.05643 0.99654 0.06098
vn -0.04566 0.99283 0.11049
vn -0.06691 0.99507 0.07321
vn -0.07280 0.98801 0.13617
vn -0.02937 0.99856 -0.04491
vn -0.05382 0.99768 -0.04165
vn -0.03795 0.99497 -0.09275
vn -0.07758 0.99497 -0.06338
vn -0.11240 0.99214 -0.05505
vn -0.09239 0.99183 -0.08800
vn -0.05290 0.99751 -0.04666
vn -0.07299 0.99132 -0.10934
vn -0.11079 0.99361 -0.02155
vn -0.03734 0.99751 -0.05977
vn -0.07921 0.99655 -0.02463
vn -0.11075 0.99291 0.04323
vn -0.09681 0.99344 -0.06085
vn -0.08439 0.99313 -0.08105
vn -0.08792 0.99607 -0.01047
vn -0.09314 0.99563 0.00681
vn -0.03795 0.99789 -0.05277
vn -0.05474 0.99616 -0.06840
vn -0.00649 0.99997 -0.00406
vn -0.01593 0.99814 -0.05878
vn 0.02925 0.99788 -0.05816
vn -0.03823 0.99721 0.06409
vn -0.01466 0.99913 0.03898
vn -0.03649 0.99873 0.03469
vn -0.04341 0.99828 0.03943
vn -0.04109 0.99734 0.06020
vn -0.05769 0.99747 -0.04149
vn -0.09441 0.99404 -0.05451
vn -0.08809 0.99592 0.01966
vn -0.05735 0.99805 -0.02445
vn -0.05602 0.99827 -0.01770
vn 0.01471 0.99902 0.04165
vn -0.00812 0.99828 0.05808
vn -0.19755 0.95740 -0.21062
vn 0.03825 0.36011 0.93213
vn -0.23080 0.89123 0.39045
vn -0.05747 0.98940 0.13338
vn -0.04596 0.99803 0.04260
vn -0.07143 0.99404 0.08234
vn -0.05537 0.99392 0.09522
vn -0.07962 0.99523 0.05635
vn -0.28272 0.64327 -0.71153
vn -0.07583 0.78951 -0.60903
vn -0.67747 0.40809 0.61196
vn -0.57492 0.65799 -0.48634
vn -0.64790 0.68650 -0.33006
vn -0.40924 0.91142 0.04281
vn -0.43293 0.89718 0.08734
vn -0.67762 0.51430 0.52566
vn -0.00021 0.99146 0.13042
vn -0.10225 0.97766 0.18362
vn -0.11788 0.99236 -0.03638
vn -0.11755 0.98893 -0.09059
vn -0.12659 0.98746 -0.09429
vn -0.12118 0.98571 -0.11701
vn -0.06507 0.99586 0.06348
vn -0.07381 0.99417 0.07854
vn -0.08179 0.99359 0.07799
vn -0.06373 0.99282 0.10120
vn -0.01581 0.99080 0.13440
vn -0.11854 0.99059 -0.06835
vn -0.11846 0.99249 -0.03059
vn -0.06770 0.99495 -0.07412
vn -0.08089 0.98767 -0.13405
vn -0.09391 0.99555 -0.00797
vn -0.07852 0.99103 -0.10814
vn -0.10018 0.99351 -0.05383
vn -0.11134 0.99009 -0.08559
vn -0.10476 0.99445 -0.00950
vn -0.04173 0.99752 0.05666
vn -0.09568 0.99446 -0.04362
vn -0.12409 0.98867 -0.08450
vn -0.10206 0.99478 0.00245
vn -0.05620 0.99685 -0.05594
vn -0.07918 0.99505 -0.06012
vn -0.10530 0.99397 -0.03047
vn -0.10809 0.99371 -0.02928
vn -0.13717 0.98848 -0.06400
vn -0.13301 0.98980 -0.05107
vn -0.10342 0.99122 0.08236
vn -0.08443 0.99616 0.02334
vn -0.05299 0.99825 0.02626
vn -0.02948 0.99941 0.01758
vn -0.01872 0.99982 0.00251
vn -0.02217 0.99609 0.08553
vn -0.07973 0.99564 -0.04852
vn -0.07375 0.99699 -0.02403
vn -0.02486 0.99964 -0.01024
vn -0.02149 0.99683 -0.07664
vn -0.06168 0.99805 0.00957
vn -0.11138 0.99019 0.08433
vn -0.09223 0.99569 -0.00969
vn -0.46482 0.68841 0.55681
vn -0.06705 0.97022 0.23278
vn -0.06648 0.99761 0.01869
vn -0.11881 0.98853 0.09326
vn -0.09397 0.99386 0.05839
vn -0.06708 0.99508 0.07288
vn -0.32825 0.34161 -0.88066
vn -0.76393 0.62845 -0.14649
vn -0.31615 0.48114 0.81765
vn -0.59814 0.69632 -0.39670
vn -0.73665 0.65732 -0.15897
vn -0.77430 0.59052 0.22745
vn -0.56799 0.80930 0.14976
vn -0.25307 0.21039 0.94429
usemtl CaveRock
f 158/158/158 157/157/157 160/160/160
f 197/197/197 196/196/196 199/199/199
f 220/220/220 221/221/221 231/231/231
f 233/233/233 234/234/234 237/237/237
f 244/244/244 243/243/243 247/247/247
f 249/249/249 248/248/248 251/251/251
f 293/293/293 292/292/292 296/296/296
f 320/320/320 319/319/319 322/322/322
f 381/381/381 382/382/382 390/390/390
f 382/382/382 383/383/383 391/391/391
f 385/385/385 386/386/386 394/394/394
f 387/387/387 388/388/388 399/399/399
f 400/400/400 401/401/401 404/404/404
f 408/408/408 409/409/409 413/413/413
f 424/424/424 425/425/425 429/429/429
f 433/433/433 434/434/434 441/441/441
f 446/446/446 447/447/447 451/451/451
f 450/450/450 451/451/451 455/455/455
f 452/452/452 453/453/453 457/457/457
f 454/454/454 455/455/455 459/459/459
f 456/456/456 457/457/457 461/461/461
f 465/465/465 466/466/466 471/471/471
f 476/476/476 477/477/477 485/485/485
f 483/483/483 484/484/484 491/491/491
f 492/492/492 493/493/493 503/503/503
f 511/511/511 512/512/512 515/515/515
f 519/519/519 520/520/520 524/524/524
f 527/527/527 528/528/528 532/532/532
f 531/531/531 532/532/532 539/539/539
f 537/537/537 538/538/538 547/547/547
f 542/542/542 543/543/543 550/550/550
f 544/544/544 545/545/545 552/552/552
f 562/562/562 563/563/563 568/568/568
f 576/576/576 577/577/577 581/581/581
f 584/584/584 585/585/585 589/589/589
f 588/588/588 589/589/589 593/593/593
f 592/592/592 593/593/593 599/599/599
f 603/603/603 604/604/604 611/611/611
f 604/604/604 605/605/605 612/612/612
f 613/613/613 614/614/614 625/625/625
f 630/630/630 631/631/631 636/636/636
f 641/641/641 642/642/642 646/646/646
f 644/644/644 645/645/645 650/650/650
f 652/652/652 653/653/653 657/657/657
f 661/661/661 662/662/662 669/669/669
f 662/662/662 663/663/663 670/670/670
f 668/668/668 669/669/669 678/678/678
f 673/673/673 674/674/674 681/681/681
f 675/675/675 676/676/676 683/683/683
f 695/695/695 696/696/696 703/703/703
f 712/712/712 713/713/713 718/718/718
f 725/725/725 726/726/726 730/730/730
f 740/740/740 741/741/741 749/749/749
f 777/777/777 778/778/778 781/781/781
f 782/782/782 783/783/783 787/787/787
f 786/786/786 787/787/787 791/791/791
f 790/790/790 791/791/791 797/797/797
f 795/795/795 796/796/796 804/804/804
f 802/802/802 803/803/803 810/810/810
f 808/808/808 809/809/809 818/818/818
f 822/822/822 823/823/823 836/836/836
f 843/843/843 842/842/842 847/847/847
f 845/845/845 846/846/846 851/851/851
f 850/850/850 851/851/851 855/855/855
f 882/882/882 881/881/881 887/887/887
f 890/890/890 891/891/891 894/894/894
f 891/891/891 892/892/892 895/895/895
f 893/893/893 894/894/894 898/898/898
f 896/896/896 897/897/897 900/900/900
f 899/899/899 900/900/900 903/903/903
f 910/910/910 911/911/911 928/928/928
f 917/917/917 916/916/916 929/929/929
f 921/921/921 920/920/920 932/932/932
f 926/926/926 927/927/927 941/941/941
f 935/935/935 934/934/934 942/942/942
f 938/938/938 939/939/939 947/947/947
f 939/939/939 940/940/940 948/948/948
f 968/968/968 969/969/969 976/976/976
f 974/974/974 975/975/975 984/984/984
f 975/975/975 976/976/976 985/985/985
f 984/984/984 985/985/985 995/995/995
f 994/994/994 995/995/995 1006/1006/1006
f 1007/1007/1007 1008/1008/1008 1011/1011/1011
f 1010/1010/1010 1011/1011/1011 1019/1019/1019
f 1011/1011/1011 1012/1012/1012 1020/1020/1020
f 1013/1013/1013 1014/1014/1014 1022/1022/1022
f 1018/1018/1018 1019/1019/1019 1028/1028/1028
f 1022/1022/1022 1023/1023/1023 1031/1031/1031
f 1023/1023/1023 1024/1024/1024 1032/1032/1032
f 1024/1024/1024 1025/1025/1025 1033/1033/1033
f 1031/1031/1031 1032/1032/1032 1038/1038/1038
f 1033/1033/1033 1034/1034/1034 1040/1040/1040
f 1045/1045/1045 1046/1046/1046 1050/1050/1050
f 1049/1049/1049 1050/1050/1050 1054/1054/1054
f 1053/1053/1053 1054/1054/1054 1061/1061/1061
f 1054/1054/1054 1055/1055/1055 1062/1062/1062
f 1055/1055/1055 1056/1056/1056 1063/1063/1063
f 1056/1056/1056 1057/1057/1057 1064/1064/1064
f 1059/1059/1059 1060/1060/1060 1067/1067/1067
f 1060/1060/1060 1061/1061/1061 1068/1068/1068
f 1063/1063/1063 1064/1064/1064 1071/1071/1071
f 1069/1069/1069 1070/1070/1070 1081/1081/1081
f 1073/1073/1073 1074/1074/1074 1086/1086/1086
f 1076/1076/1076 1077/1077/1077 1090/1090/1090
f 1082/1082/1082 1083/1083/1083 1096/1096/1096
f 1084/1084/1084 1085/1085/1085 1102/1102/1102
f 1085/1085/1085 1086/1086/1086 1103/1103/1103
f 1088/1088/1088 1089/1089/1089 1106/1106/1106
f 1090/1090/1090 1091/1091/1091 1108/1108/1108
f 1094/1094/1094 1095/1095/1095 1111/1111/1111
f 1097/1097/1097 1098/1098/1098 1114/1114/1114
f 1098/1098/1098 1099/1099/1099 1115/1115/1115
f 1101/1101/1101 1102/1102/1102 1118/1118/1118
f 1102/1102/1102 1103/1103/1103 1119/1119/1119
f 1103/1103/1103 1104/1104/1104 1120/1120/1120
f 1105/1105/1105 1106/1106/1106 1122/1122/1122
f 1106/1106/1106 1107/1107/1107 1123/1123/1123
f 1110/1110/1110 1111/1111/1111 1127/1127/1127
f 1130/1130/1130 1129/1129/1129 1144/1144/1144
f 1141/1141/1141 1140/1140/1140 1153/1153/1153
f 1142/1142/1142 1143/1143/1143 1159/1159/1159
f 1147/1147/1147 1148/1148/1148 1164/1164/1164
f 1156/1156/1156 1155/1155/1155 1165/1165/1165
f 1157/1157/1157 1158/1158/1158 1169/1169/1169
f 1161/1161/1161 1162/1162/1162 1173/1173/1173
f 1167/1167/1167 1166/1166/1166 1174/1174/1174
f 1169/1169/1169 1170/1170/1170 1179/1179/1179
f 1170/1170/1170 1171/1171/1171 1180/1180/1180
f 1171/1171/1171 1172/1172/1172 1181/1181/1181
f 1176/1176/1176 1175/1175/1175 1182/1182/1182
f 1180/1180/1180 1181/1181/1181 1189/1189/1189
f 1184/1184/1184 1185/1185/1185 1197/1197/1197
f 1191/1191/1191 1190/1190/1190 1202/1202/1202
f 1194/1194/1194 1195/1195/1195 1207/1207/1207
f 1195/1195/1195 1196/1196/1196 1208/1208/1208
f 1196/1196/1196 1197/1197/1197 1209/1209/1209
f 1200/1200/1200 1201/1201/1201 1212/1212/1212
f 1204/1204/1204 1205/1205/1205 1217/1217/1217
f 1208/1208/1208 1209/1209/1209 1221/1221/1221
f 1215/1215/1215 1216/1216/1216 1230/1230/1230
f 1217/1217/1217 1218/1218/1218 1232/1232/1232
f 1220/1220/1220 1221/1221/1221 1235/1235/1235
f 1227/1227/1227 1228/1228/1228 1241/1241/1241
f 1228/1228/1228 1229/1229/1229 1242/1242/1242
f 1231/1231/1231 1232/1232/1232 1245/1245/1245
f 1233/1233/1233 1234/1234/1234 1247/1247/1247
f 1240/1240/1240 1241/1241/1241 1256/1256/1256
f 1243/1243/1243 1244/1244/1244 1259/1259/1259
f 1245/1245/1245 1246/1246/1246 1261/1261/1261
f 1254/1254/1254 1255/1255/1255 1269/1269/1269
f 1256/1256/1256 1257/1257/1257 1271/1271/1271
f 1258/1258/1258 1259/1259/1259 1273/1273/1273
f 1267/1267/1267 1268/1268/1268 1287/1287/1287
f 1272/1272/1272 1273/1273/1273 1292/1292/1292
f 1274/1274/1274 1275/1275/1275 1294/1294/1294
f 1279/1279/1279 1280/1280/1280 1301/1301/1301
f 1287/1287/1287 1288/1288/1288 1304/1304/1304
f 1289/1289/1289 1290/1290/1290 1306/1306/1306
f 1294/1294/1294 1295/1295/1295 1311/1311/1311
f 1297/1297/1297 1298/1298/1298 1315/1315/1315
f 1304/1304/1304 1305/1305/1305 1321/1321/1321
f 1306/1306/1306 1307/1307/1307 1323/1323/1323
f 1307/1307/1307 1308/1308/1308 1324/1324/1324
f 1308/1308/1308 1309/1309/1309 1325/1325/1325
f 1309/1309/1309 1310/1310/1310 1326/1326/1326
f 1310/1310/1310 1311/1311/1311 1327/1327/1327
f 1313/1313/1313 1314/1314/1314 1331/1331/1331
f 1314/1314/1314 1315/1315/1315 1332/1332/1332
f 1316/1316/1316 1317/1317/1317 1334/1334/1334
f 1321/1321/1321 1322/1322/1322 1344/1344/1344
f 1324/1324/1324 1325/1325/1325 1347/1347/1347
f 1327/1327/1327 1328/1328/1328 1350/1350/1350
f 1329/1329/1329 1330/1330/1330 1353/1353/1353
f 1331/1331/1331 1332/1332/1332 1355/1355/1355
f 1332/1332/1332 1333/1333/1333 1356/1356/1356
f 1333/1333/1333 1334/1334/1334 1357/1357/1357
f 1334/1334/1334 1335/1335/1335 1358/1358/1358
f 1336/1336/1336 1337/1337/1337 1360/1360/1360
f 1337/1337/1337 1338/1338/1338 1361/1361/1361
f 1338/1338/1338 1339/1339/1339 1362/1362/1362
f 1341/1341/1341 1342/1342/1342 1366/1366/1366
f 1342/1342/1342 1343/1343/1343 1367/1367/1367
f 1346/1346/1346 1347/1347/1347 1371/1371/1371
f 1348/1348/1348 1349/1349/1349 1373/1373/1373
f 1349/1349/1349 1350/1350/1350 1374/1374/1374
f 1351/1351/1351 1352/1352/1352 1378/1378/1378
f 1355/1355/1355 1356/1356/1356 1382/1382/1382
f 1359/1359/1359 1360/1360/1360 1386/1386/1386
f 1360/1360/1360 1361/1361/1361 1387/1387/1387
f 1361/1361/1361 1362/1362/1362 1388/1388/1388
f 1366/1366/1366 1367/1367/1367 1395/1395/1395
f 1368/1368/1368 1369/1369/1369 1397/1397/1397
f 1369/1369/1369 1370/1370/1370 1398/1398/1398
f 1370/1370/1370 1371/1371/1371 1399/1399/1399
f 1373/1373/1373 1374/1374/1374 1402/1402/1402
f 1376/1376/1376 1377/1377/1377 1405/1405/1405
f 1378/1378/1378 1379/1379/1379 1407/1407/1407
f 1379/1379/1379 1380/1380/1380 1408/1408/1408
f 1381/1381/1381 1382/1382/1382 1410/1410/1410
f 1382/1382/1382 1383/1383/1383 1411/1411/1411
f 1384/1384/1384 1385/1385/1385 1413/1413/1413
f 1388/1388/1388 1389/1389/1389 1417/1417/1417
f 1391/1391/1391 1392/1392/1392 1419/1419/1419
f 1395/1395/1395 1396/1396/1396 1422/1422/1422
f 1397/1397/1397 1398/1398/1398 1424/1424/1424
f 1399/1399/1399 1400/1400/1400 1426/1426/1426
f 1400/1400/1400 1401/1401/1401 1427/1427/1427
f 1405/1405/1405 1406/1406/1406 1430/1430/1430
f 1406/1406/1406 1407/1407/1407 1431/1431/1431
f 1410/1410/1410 1411/1411/1411 1434/1434/1434
f 1414/1414/1414 1415/1415/1415 1438/1438/1438
f 1415/1415/1415 1416/1416/1416 1439/1439/1439
f 1422/1422/1422 1423/1423/1423 1445/1445/1445
f 1424/1424/1424 1425/1425/1425 1447/1447/1447
f 1429/1429/1429 1430/1430/1430 1452/1452/1452
f 1432/1432/1432 1433/1433/1433 1456/1456/1456
f 1439/1439/1439 1440/1440/1440 1460/1460/1460
f 1445/1445/1445 1446/1446/1446 1464/1464/1464
f 1446/1446/1446 1447/1447/1447 1465/1465/1465
f 1448/1448/1448 1449/1449/1449 1467/1467/1467
f 1451/1451/1451 1452/1452/1452 1470/1470/1470
f 1454/1454/1454 1455/1455/1455 1473/1473/1473
f 1459/1459/1459 1460/1460/1460 1477/1477/1477
f 1470/1470/1470 1471/1471/1471 1483/1483/1483
f 1475/1475/1475 1476/1476/1476 1492/1492/1492
f 1477/1477/1477 1478/1478/1478 1494/1494/1494
f 1484/1484/1484 1485/1485/1485 1500/1500/1500
f 1485/1485/1485 1486/1486/1486 1501/1501/1501
f 1488/1488/1488 1489/1489/1489 1504/1504/1504
f 1491/1491/1491 1492/1492/1492 1507/1507/1507
f 1493/1493/1493 1494/1494/1494 1509/1509/1509
f 1497/1497/1497 1498/1498/1498 1517/1517/1517
f 1498/1498/1498 1499/1499/1499 1518/1518/1518
f 1500/1500/1500 1501/1501/1501 1520/1520/1520
f 1501/1501/1501 1502/1502/1502 1521/1521/1521
f 1503/1503/1503 1504/1504/1504 1523/1523/1523
f 1504/1504/1504 1505/1505/1505 1524/1524/1524
f 1505/1505/1505 1506/1506/1506 1525/1525/1525
f 1507/1507/1507 1508/1508/1508 1527/1527/1527
f 1510/1510/1510 1511/1511/1511 1530/1530/1530
f 1511/1511/1511 1512/1512/1512 1531/1531/1531
f 1515/1515/1515 1516/1516/1516 1535/1535/1535
f 1517/1517/1517 1518/1518/1518 1537/1537/1537
f 1518/1518/1518 1519/1519/1519 1538/1538/1538
f 1519/1519/1519 1520/1520/1520 1539/1539/1539
f 1520/1520/1520 1521/1521/1521 1540/1540/1540
f 1521/1521/1521 1522/1522/1522 1541/1541/1541
f 1524/1524/1524 1525/1525/1525 1544/1544/1544
f 1528/1528/1528 1529/1529/1529 1549/1549/1549
f 1531/1531/1531 1532/1532/1532 1552/1552/1552
f 1536/1536/1536 1537/1537/1537 1557/1557/1557
f 1539/1539/1539 1540/1540/1540 1560/1560/1560
f 1540/1540/1540 1541/1541/1541 1561/1561/1561
f 1543/1543/1543 1544/1544/1544 1564/1564/1564
f 1544/1544/1544 1545/1545/1545 1565/1565/1565
f 1545/1545/1545 1546/1546/1546 1566/1566/1566
f 1547/1547/1547 1548/1548/1548 1570/1570/1570
f 1552/1552/1552 1553/1553/1553 1573/1573/1573
f 1554/1554/1554 1555/1555/1555 1576/1576/1576
f 1555/1555/1555 1556/1556/1556 1577/1577/1577
f 1560/1560/1560 1561/1561/1561 1582/1582/1582
f 1561/1561/1561 1562/1562/1562 1583/1583/1583
f 1562/1562/1562 1563/1563/1563 1584/1584/1584
f 1567/1567/1567 1568/1568/1568 1586/1586/1586
f 1568/1568/1568 1569/1569/1569 1587/1587/1587
f 1572/1572/1572 1573/1573/1573 1591/1591/1591
f 1577/1577/1577 1578/1578/1578 1598/1598/1598
f 1582/1582/1582 1583/1583/1583 1603/1603/1603
f 1583/1583/1583 1584/1584/1584 1604/1604/1604
f 1585/1585/1585 1586/1586/1586 1607/1607/1607
f 1587/1587/1587 1588/1588/1588 1609/1609/1609
f 1596/1596/1596 1597/1597/1597 1614/1614/1614
f 1597/1597/1597 1598/1598/1598 1615/1615/1615
f 1602/1602/1602 1603/1603/1603 1618/1618/1618
f 1605/1605/1605 1606/1606/1606 1626/1626/1626
f 1607/1607/1607 1608/1608/1608 1628/1628/1628
f 1614/1614/1614 1615/1615/1615 1631/1631/1631
f 1616/1616/1616 1617/1617/1617 1633/1633/1633
f 1618/1618/1618 1619/1619/1619 1635/1635/1635
f 1623/1623/1623 1624/1624/1624 1641/1641/1641
f 1626/1626/1626 1627/1627/1627 1644/1644/1644
f 1627/1627/1627 1628/1628/1628 1645/1645/1645
f 1632/1632/1632 1633/1633/1633 1649/1649/1649
f 1636/1636/1636 1637/1637/1637 1653/1653/1653
f 1639/1639/1639 1640/1640/1640 1658/1658/1658
f 1643/1643/1643 1644/1644/1644 1661/1661/1661
f 1648/1648/1648 1649/1649/1649 1670/1670/1670
f 1650/1650/1650 1651/1651/1651 1672/1672/1672
f 1651/1651/1651 1652/1652/1652 1673/1673/1673
f 1653/1653/1653 1654/1654/1654 1675/1675/1675
f 1656/1656/1656 1657/1657/1657 1686/1686/1686
f 1662/1662/1662 1663/1663/1663 1690/1690/1690
f 1666/1666/1666 1667/1667/1667 1693/1693/1693
f 1670/1670/1670 1671/1671/1671 1697/1697/1697
f 1675/1675/1675 1676/1676/1676 1700/1700/1700
f 1677/1677/1677 1678/1678/1678 1702/1702/1702
f 1679/1679/1679 1680/1680/1680 1704/1704/1704
f 1682/1682/1682 1683/1683/1683 1707/1707/1707
f 1684/1684/1684 1685/1685/1685 1709/1709/1709
f 1685/1685/1685 1686/1686/1686 1710/1710/1710
f 1687/1687/1687 1688/1688/1688 1712/1712/1712
f 1723/1723/1723 1724/1724/1724 1752/1752/1752
f 1724/1724/1724 1725/1725/1725 1753/1753/1753
f 1725/1725/1725 1726/1726/1726 1754/1754/1754
f 1728/1728/1728 1729/1729/1729 1759/1759/1759
f 1731/1731/1731 1732/1732/1732 1764/1764/1764
f 1732/1732/1732 1733/1733/1733 1765/1765/1765
f 1735/1735/1735 1736/1736/1736 1768/1768/1768
f 1750/1750/1750 1751/1751/1751 1772/1772/1772
f 1753/1753/1753 1754/1754/1754 1775/1775/1775
f 1754/1754/1754 1755/1755/1755 1776/1776/1776
f 1757/1757/1757 1758/1758/1758 1779/1779/1779
f 1759/1759/1759 1760/1760/1760 1781/1781/1781
f 1761/1761/1761 1762/1762/1762 1783/1783/1783
f 1762/1762/1762 1763/1763/1763 1784/1784/1784
f 1766/1766/1766 1767/1767/1767 1786/1786/1786
f 1770/1770/1770 1769/1769/1769 1787/1787/1787
f 1771/1771/1771 1772/1772/1772 1792/1792/1792
f 1775/1775/1775 1776/1776/1776 1796/1796/1796
f 1776/1776/1776 1777/1777/1777 1797/1797/1797
f 1779/1779/1779 1780/1780/1780 1800/1800/1800
f 1780/1780/1780 1781/1781/1781 1801/1801/1801
f 1788/1788/1788 1787/1787/1787 1809/1809/1809
f 1789/1789/1789 1788/1788/1788 1810/1810/1810
f 1790/1790/1790 1791/1791/1791 1813/1813/1813
f 1792/1792/1792 1793/1793/1793 1815/1815/1815
f 1793/1793/1793 1794/1794/1794 1816/1816/1816
f 1794/1794/1794 1795/1795/1795 1817/1817/1817
f 1797/1797/1797 1798/1798/1798 1820/1820/1820
f 1798/1798/1798 1799/1799/1799 1821/1821/1821
f 1800/1800/1800 1801/1801/1801 1823/1823/1823
f 1805/1805/1805 1806/1806/1806 1828/1828/1828
f 1806/1806/1806 1807/1807/1807 1829/1829/1829
f 1811/1811/1811 1810/1810/1810 1833/1833/1833
f 1813/1813/1813 1814/1814/1814 1837/1837/1837
f 1816/1816/1816 1817/1817/1817 1840/1840/1840
f 1819/1819/1819 1820/1820/1820 1843/1843/1843
f 1820/1820/1820 1821/1821/1821 1844/1844/1844
f 1821/1821/1821 1822/1822/1822 1845/1845/1845
f 1824/1824/1824 1825/1825/1825 1847/1847/1847
f 1825/1825/1825 1826/1826/1826 1848/1848/1848
f 1829/1829/1829 1830/1830/1830 1851/1851/1851
f 1834/1834/1834 1833/1833/1833 1855/1855/1855
f 1837/1837/1837 1838/1838/1838 1860/1860/1860
f 1838/1838/1838 1839/1839/1839 1861/1861/1861
f 1840/1840/1840 1841/1841/1841 1863/1863/1863
f 1842/1842/1842 1843/1843/1843 1865/1865/1865
f 1846/1846/1846 1847/1847/1847 1867/1867/1867
f 1847/1847/1847 1848/1848/1848 1868/1868/1868
f 1857/1857/1857 1856/1856/1856 1874/1874/1874
f 1859/1859/1859 1860/1860/1860 1878/1878/1878
f 1861/1861/1861 1862/1862/1862 1880/1880/1880
f 1862/1862/1862 1863/1863/1863 1881/1881/1881
f 1876/1876/1876 1877/1877/1877 1890/1890/1890
f 1878/1878/1878 1879/1879/1879 1892/1892/1892
f 1879/1879/1879 1880/1880/1880 1893/1893/1893
f 1888/1888/1888 1889/1889/1889 1903/1903/1903
f 1890/1890/1890 1891/1891/1891 1905/1905/1905
f 1896/1896/1896 1897/1897/1897 1908/1908/1908
f 1903/1903/1903 1904/1904/1904 1917/1917/1917
f 1904/1904/1904 1905/1905/1905 1918/1918/1918
f 1908/1908/1908 1909/1909/1909 1924/1924/1924
f 1916/1916/1916 1917/1917/1917 1933/1933/1933
f 1919/1919/1919 1920/1920/1920 1936/1936/1936
f 1921/1921/1921 1922/1922/1922 1938/1938/1938
f 1923/1923/1923 1924/1924/1924 1940/1940/1940
f 1924/1924/1924 1925/1925/1925 1941/1941/1941
f 1925/1925/1925 1926/1926/1926 1942/1942/1942
f 1928/1928/1928 1929/1929/1929 1949/1949/1949
f 1931/1931/1931 1932/1932/1932 1954/1954/1954
f 1934/1934/1934 1935/1935/1935 1957/1957/1957
f 1937/1937/1937 1938/1938/1938 1960/1960/1960
f 1938/1938/1938 1939/1939/1939 1961/1961/1961
f 1939/1939/1939 1940/1940/1940 1962/1962/1962
f 1940/1940/1940 1941/1941/1941 1963/1963/1963
f 1941/1941/1941 1942/1942/1942 1964/1964/1964
f 1942/1942/1942 1943/1943/1943 1965/1965/1965
f 1945/1945/1945 1946/1946/1946 1969/1969/1969
f 1947/1947/1947 1948/1948/1948 1971/1971/1971
f 1951/1951/1951 1952/1952/1952 1975/1975/1975
f 1952/1952/1952 1953/1953/1953 1976/1976/1976
f 1955/1955/1955 1956/1956/1956 1980/1980/1980
f 1957/1957/1957 1958/1958/1958 1982/1982/1982
f 1960/1960/1960 1961/1961/1961 1985/1985/1985
f 1965/1965/1965 1966/1966/1966 1990/1990/1990
f 1967/1967/1967 1968/1968/1968 1992/1992/1992
f 1971/1971/1971 1972/1972/1972 1996/1996/1996
f 1975/1975/1975 1976/1976/1976 2001/2001/2001
f 1976/1976/1976 1977/1977/1977 2002/2002/2002
f 1979/1979/1979 1980/1980/1980 2007/2007/2007
f 1980/1980/1980 1981/1981/1981 2008/2008/2008
f 1987/1987/1987 1988/1988/1988 2011/2011/2011
f 1988/1988/1988 1989/1989/1989 2012/2012/2012
f 1989/1989/1989 1990/1990/1990 2013/2013/2013
f 1992/1992/1992 1993/1993/1993 2016/2016/2016
f 1995/1995/1995 1996/1996/1996 2019/2019/2019
f 1996/1996/1996 1997/1997/1997 2020/2020/2020
f 2001/2001/2001 2002/2002/2002 2026/2026/2026
f 2002/2002/2002 2003/2003/2003 2027/2027/2027
f 2004/2004/2004 2005/2005/2005 2038/2038/2038
f 2005/2005/2005 2006/2006/2006 2039/2039/2039
f 2006/2006/2006 2007/2007/2007 2040/2040/2040
f 2015/2015/2015 2016/2016/2016 2043/2043/2043
f 2018/2018/2018 2019/2019/2019 2046/2046/2046
f 2019/2019/2019 2020/2020/2020 2047/2047/2047
f 2020/2020/2020 2021/2021/2021 2048/2048/2048
f 2025/2025/2025 2026/2026/2026 2052/2052/2052
f 2026/2026/2026 2027/2027/2027 2053/2053/2053
f 2030/2030/2030 2031/2031/2031 2057/2057/2057
f 2031/2031/2031 2032/2032/2032 2058/2058/2058
f 2032/2032/2032 2033/2033/2033 2059/2059/2059
f 2033/2033/2033 2034/2034/2034 2060/2060/2060
f 2034/2034/2034 2035/2035/2035 2061/2061/2061
f 2036/2036/2036 2037/2037/2037 2063/2063/2063
f 2037/2037/2037 2038/2038/2038 2064/2064/2064
f 2038/2038/2038 2039/2039/2039 2065/2065/2065
f 2042/2042/2042 2043/2043/2043 2068/2068/2068
f 2045/2045/2045 2046/2046/2046 2071/2071/2071
f 2046/2046/2046 2047/2047/2047 2072/2072/2072
f 2048/2048/2048 2049/2049/2049 2074/2074/2074
f 2058/2058/2058 2059/2059/2059 2087/2087/2087
f 2059/2059/2059 2060/2060/2060 2088/2088/2088
f 2061/2061/2061 2062/2062/2062 2090/2090/2090
f 2062/2062/2062 2063/2063/2063 2091/2091/2091
f 2066/2066/2066 2067/2067/2067 2094/2094/2094
f 2067/2067/2067 2068/2068/2068 2095/2095/2095
f 2069/2069/2069 2070/2070/2070 2097/2097/2097
f 2072/2072/2072 2073/2073/2073 2100/2100/2100
f 2075/2075/2075 2076/2076/2076 2102/2102/2102
f 2076/2076/2076 2077/2077/2077 2103/2103/2103
f 2077/2077/2077 2078/2078/2078 2104/2104/2104
f 2080/2080/2080 2081/2081/2081 2109/2109/2109
f 2085/2085/2085 2086/2086/2086 2112/2112/2112
f 2089/2089/2089 2090/2090/2090 2116/2116/2116
f 2090/2090/2090 2091/2091/2091 2117/2117/2117
f 2094/2094/2094 2095/2095/2095 2121/2121/2121
f 2095/2095/2095 2096/2096/2096 2122/2122/2122
f 2096/2096/2096 2097/2097/2097 2123/2123/2123
f 2097/2097/2097 2098/2098/2098 2124/2124/2124
f 2099/2099/2099 2100/2100/2100 2126/2126/2126
f 2102/2102/2102 2103/2103/2103 2129/2129/2129
f 2103/2103/2103 2104/2104/2104 2130/2130/2130
f 2106/2106/2106 2107/2107/2107 2135/2135/2135
f 2107/2107/2107 2108/2108/2108 2136/2136/2136
f 2111/2111/2111 2112/2112/2112 2141/2141/2141
f 2113/2113/2113 2114/2114/2114 2143/2143/2143
f 2114/2114/2114 2115/2115/2115 2144/2144/2144
f 2117/2117/2117 2118/2118/2118 2147/2147/2147
f 2121/2121/2121 2122/2122/2122 2150/2150/2150
f 2123/2123/2123 2124/2124/2124 2152/2152/2152
f 2130/2130/2130 2131/2131/2131 2156/2156/2156
f 2134/2134/2134 2135/2135/2135 2162/2162/2162
f 2138/2138/2138 2139/2139/2139 2167/2167/2167
f 2141/2141/2141 2142/2142/2142 2170/2170/2170
f 2143/2143/2143 2144/2144/2144 2172/2172/2172
f 2144/2144/2144 2145/2145/2145 2173/2173/2173
f 2149/2149/2149 2150/2150/2150 2179/2179/2179
f 2151/2151/2151 2152/2152/2152 2181/2181/2181
f 2154/2154/2154 2155/2155/2155 2184/2184/2184
f 2159/2159/2159 2160/2160/2160 2188/2188/2188
f 2160/2160/2160 2161/2161/2161 2189/2189/2189
f 2162/2162/2162 2163/2163/2163 2191/2191/2191
f 2163/2163/2163 2164/2164/2164 2192/2192/2192
f 2165/2165/2165 2166/2166/2166 2194/2194/2194
f 2168/2168/2168 2169/2169/2169 2197/2197/2197
f 2172/2172/2172 2173/2173/2173 2200/2200/2200
f 2173/2173/2173 2174/2174/2174 2201/2201/2201
f 2174/2174/2174 2175/2175/2175 2202/2202/2202
f 2177/2177/2177 2178/2178/2178 2206/2206/2206
f 2178/2178/2178 2179/2179/2179 2207/2207/2207
f 2180/2180/2180 2181/2181/2181 2209/2209/2209
f 2182/2182/2182 2183/2183/2183 2212/2212/2212
f 2186/2186/2186 2187/2187/2187 2217/2217/2217
f 2187/2187/2187 2188/2188/2188 2218/2218/2218
f 2191/2191/2191 2192/2192/2192 2222/2222/2222
f 2193/2193/2193 2194/2194/2194 2224/2224/2224
f 2195/2195/2195 2196/2196/2196 2226/2226/2226
f 2198/2198/2198 2199/2199/2199 2230/2230/2230
f 2200/2200/2200 2201/2201/2201 2232/2232/2232
f 2201/2201/2201 2202/2202/2202 2233/2233/2233
f 2202/2202/2202 2203/2203/2203 2234/2234/2234
f 2205/2205/2205 2206/2206/2206 2238/2238/2238
f 2207/2207/2207 2208/2208/2208 2240/2240/2240
f 2210/2210/2210 2211/2211/2211 2243/2243/2243
f 2215/2215/2215 2216/2216/2216 2248/2248/2248
f 2218/2218/2218 2219/2219/2219 2251/2251/2251
f 2220/2220/2220 2221/2221/2221 2253/2253/2253
f 2221/2221/2221 2222/2222/2222 2254/2254/2254
f 2223/2223/2223 2224/2224/2224 2256/2256/2256
f 2225/2225/2225 2226/2226/2226 2258/2258/2258
f 2228/2228/2228 2229/2229/2229 2261/2261/2261
f 2230/2230/2230 2231/2231/2231 2263/2263/2263
f 2231/2231/2231 2232/2232/2232 2264/2264/2264
f 2232/2232/2232 2233/2233/2233 2265/2265/2265
f 2234/2234/2234 2235/2235/2235 2267/2267/2267
f 2236/2236/2236 2237/2237/2237 2269/2269/2269
f 2237/2237/2237 2238/2238/2238 2270/2270/2270
f 2238/2238/2238 2239/2239/2239 2271/2271/2271
f 2239/2239/2239 2240/2240/2240 2272/2272/2272
f 2241/2241/2241 2242/2242/2242 2274/2274/2274
f 2242/2242/2242 2243/2243/2243 2275/2275/2275
f 2245/2245/2245 2246/2246/2246 2278/2278/2278
f 2246/2246/2246 2247/2247/2247 2279/2279/2279
f 2249/2249/2249 2250/2250/2250 2282/2282/2282
f 2255/2255/2255 2256/2256/2256 2286/2286/2286
f 2256/2256/2256 2257/2257/2257 2287/2287/2287
f 2259/2259/2259 2260/2260/2260 2290/2290/2290
f 2262/2262/2262 2263/2263/2263 2293/2293/2293
f 2264/2264/2264 2265/2265/2265 2295/2295/2295
f 2268/2268/2268 2269/2269/2269 2302/2302/2302
f 2271/2271/2271 2272/2272/2272 2305/2305/2305
f 2274/2274/2274 2275/2275/2275 2308/2308/2308
f 2276/2276/2276 2277/2277/2277 2310/2310/2310
f 2280/2280/2280 2281/2281/2281 2314/2314/2314
f 2286/2286/2286 2287/2287/2287 2317/2317/2317
f 2287/2287/2287 2288/2288/2288 2318/2318/2318
f 2289/2289/2289 2290/2290/2290 2320/2320/2320
f 2292/2292/2292 2293/2293/2293 2323/2323/2323
f 2295/2295/2295 2296/2296/2296 2326/2326/2326
f 2296/2296/2296 2297/2297/2297 2327/2327/2327
f 2301/2301/2301 2302/2302/2302 2335/2335/2335
f 2304/2304/2304 2305/2305/2305 2338/2338/2338
f 2308/2308/2308 2309/2309/2309 2341/2341/2341
f 2311/2311/2311 2312/2312/2312 2344/2344/2344
f 2312/2312/2312 2313/2313/2313 2345/2345/2345
f 2318/2318/2318 2319/2319/2319 2350/2350/2350
f 2319/2319/2319 2320/2320/2320 2351/2351/2351
f 2320/2320/2320 2321/2321/2321 2352/2352/2352
f 2325/2325/2325 2326/2326/2326 2357/2357/2357
f 2331/2331/2331 2332/2332/2332 2361/2361/2361
f 2332/2332/2332 2333/2333/2333 2362/2362/2362
f 2333/2333/2333 2334/2334/2334 2363/2363/2363
f 2337/2337/2337 2338/2338/2338 2367/2367/2367
f 2341/2341/2341 2342/2342/2342 2370/2370/2370
f 2342/2342/2342 2343/2343/2343 2371/2371/2371
f 2347/2347/2347 2348/2348/2348 2374/2374/2374
f 2348/2348/2348 2349/2349/2349 2375/2375/2375
f 2350/2350/2350 2351/2351/2351 2377/2377/2377
f 2351/2351/2351 2352/2352/2352 2378/2378/2378
f 2352/2352/2352 2353/2353/2353 2379/2379/2379
f 2354/2354/2354 2355/2355/2355 2381/2381/2381
f 2360/2360/2360 2361/2361/2361 2390/2390/2390
f 2362/2362/2362 2363/2363/2363 2392/2392/2392
f 2363/2363/2363 2364/2364/2364 2393/2393/2393
f 2365/2365/2365 2366/2366/2366 2395/2395/2395
f 2369/2369/2369 2370/2370/2370 2399/2399/2399
f 2370/2370/2370 2371/2371/2371 2400/2400/2400
f 2374/2374/2374 2375/2375/2375 2404/2404/2404
f 2376/2376/2376 2377/2377/2377 2406/2406/2406
f 2377/2377/2377 2378/2378/2378 2407/2407/2407
f 2378/2378/2378 2379/2379/2379 2408/2408/2408
f 2379/2379/2379 2380/2380/2380 2409/2409/2409
f 2380/2380/2380 2381/2381/2381 2410/2410/2410
f 2384/2384/2384 2385/2385/2385 2415/2415/2415
f 2387/2387/2387 2388/2388/2388 2418/2418/2418
f 2392/2392/2392 2393/2393/2393 2423/2423/2423
f 2393/2393/2393 2394/2394/2394 2424/2424/2424
f 2396/2396/2396 2397/2397/2397 2430/2430/2430
f 2397/2397/2397 2398/2398/2398 2431/2431/2431
f 2398/2398/2398 2399/2399/2399 2432/2432/2432
f 2403/2403/2403 2404/2404/2404 2436/2436/2436
f 2404/2404/2404 2405/2405/2405 2437/2437/2437
f 2407/2407/2407 2408/2408/2408 2440/2440/2440
f 2409/2409/2409 2410/2410/2410 2442/2442/2442
f 2410/2410/2410 2411/2411/2411 2443/2443/2443
f 2411/2411/2411 2412/2412/2412 2444/2444/2444
f 2414/2414/2414 2415/2415/2415 2448/2448/2448
f 2416/2416/2416 2417/2417/2417 2450/2450/2450
f 2423/2423/2423 2424/2424/2424 2453/2453/2453
f 2426/2426/2426 2427/2427/2427 2459/2459/2459
f 2428/2428/2428 2429/2429/2429 2464/2464/2464
f 2429/2429/2429 2430/2430/2430 2465/2465/2465
f 2433/2433/2433 2434/2434/2434 2467/2467/2467
f 2440/2440/2440 2441/2441/2441 2470/2470/2470
f 2441/2441/2441 2442/2442/2442 2471/2471/2471
f 2442/2442/2442 2443/2443/2443 2472/2472/2472
f 2443/2443/2443 2444/2444/2444 2473/2473/2473
f 2446/2446/2446 2447/2447/2447 2476/2476/2476
f 2449/2449/2449 2450/2450/2450 2479/2479/2479
f 2452/2452/2452 2453/2453/2453 2482/2482/2482
f 2453/2453/2453 2454/2454/2454 2483/2483/2483
f 2456/2456/2456 2457/2457/2457 2486/2486/2486
f 2457/2457/2457 2458/2458/2458 2487/2487/2487
f 2462/2462/2462 2463/2463/2463 2492/2492/2492
f 2463/2463/2463 2464/2464/2464 2493/2493/2493
f 2469/2469/2469 2470/2470/2470 2496/2496/2496
f 2470/2470/2470 2471/2471/2471 2497/2497/2497
f 2471/2471/2471 2472/2472/2472 2498/2498/2498
f 2475/2475/2475 2476/2476/2476 2502/2502/2502
f 2476/2476/2476 2477/2477/2477 2503/2503/2503
f 2477/2477/2477 2478/2478/2478 2504/2504/2504
f 2478/2478/2478 2479/2479/2479 2505/2505/2505
f 2483/2483/2483 2484/2484/2484 2509/2509/2509
f 2484/2484/2484 2485/2485/2485 2510/2510/2510
f 2489/2489/2489 2490/2490/2490 2515/2515/2515
f 2490/2490/2490 2491/2491/2491 2516/2516/2516
f 2491/2491/2491 2492/2492/2492 2517/2517/2517
f 2499/2499/2499 2500/2500/2500 2524/2524/2524
f 2500/2500/2500 2501/2501/2501 2525/2525/2525
f 2508/2508/2508 2509/2509/2509 2527/2527/2527
f 2510/2510/2510 2511/2511/2511 2529/2529/2529
f 2532/2532/2532 2533/2533/2533 2559/2559/2559
f 2533/2533/2533 2534/2534/2534 2560/2560/2560
f 2534/2534/2534 2535/2535/2535 2561/2561/2561
f 2553/2553/2553 2554/2554/2554 2586/2586/2586
f 2554/2554/2554 2555/2555/2555 2587/2587/2587
f 2560/2560/2560 2561/2561/2561 2591/2591/2591
f 2565/2565/2565 2566/2566/2566 2597/2597/2597
f 2581/2581/2581 2582/2582/2582 2600/2600/2600
f 2589/2589/2589 2590/2590/2590 2603/2603/2603
f 2593/2593/2593 2594/2594/2594 2607/2607/2607
f 2594/2594/2594 2595/2595/2595 2608/2608/2608
f 2595/2595/2595 2596/2596/2596 2609/2609/2609
f 2599/2599/2599 2600/2600/2600 2614/2614/2614
f 2602/2602/2602 2603/2603/2603 2617/2617/2617
f 2603/2603/2603 2604/2604/2604 2618/2618/2618
f 2604/2604/2604 2605/2605/2605 2619/2619/2619
f 2605/2605/2605 2606/2606/2606 2620/2620/2620
f 2606/2606/2606 2607/2607/2607 2621/2621/2621
f 2607/2607/2607 2608/2608/2608 2622/2622/2622
f 2608/2608/2608 2609/2609/2609 2623/2623/2623
f 2609/2609/2609 2610/2610/2610 2624/2624/2624
f 2612/2612/2612 2613/2613/2613 2631/2631/2631
f 2618/2618/2618 2619/2619/2619 2634/2634/2634
f 2620/2620/2620 2621/2621/2621 2636/2636/2636
f 2626/2626/2626 2625/2625/2625 2640/2640/2640
f 2635/2635/2635 2636/2636/2636 2654/2654/2654
f 2636/2636/2636 2637/2637/2637 2655/2655/2655
f 2644/2644/2644 2645/2645/2645 2664/2664/2664
f 2647/2647/2647 2648/2648/2648 2667/2667/2667
f 2650/2650/2650 2651/2651/2651 2672/2672/2672
f 2652/2652/2652 2653/2653/2653 2674/2674/2674
f 2664/2664/2664 2665/2665/2665 2686/2686/2686
f 2669/2669/2669 2670/2670/2670 2691/2691/2691
f 2672/2672/2672 2673/2673/2673 2694/2694/2694
f 2673/2673/2673 2674/2674/2674 2695/2695/2695
f 2674/2674/2674 2675/2675/2675 2696/2696/2696
f 2675/2675/2675 2676/2676/2676 2697/2697/2697
f 2676/2676/2676 2677/2677/2677 2698/2698/2698
f 2677/2677/2677 2678/2678/2678 2699/2699/2699
f 2679/2679/2679 2680/2680/2680 2701/2701/2701
f 2684/2684/2684 2685/2685/2685 2710/2710/2710
f 2687/2687/2687 2688/2688/2688 2713/2713/2713
f 2688/2688/2688 2689/2689/2689 2714/2714/2714
f 2694/2694/2694 2695/2695/2695 2717/2717/2717
f 2695/2695/2695 2696/2696/2696 2718/2718/2718
f 2698/2698/2698 2699/2699/2699 2721/2721/2721
f 2709/2709/2709 2710/2710/2710 2733/2733/2733
f 2710/2710/2710 2711/2711/2711 2734/2734/2734
f 2712/2712/2712 2713/2713/2713 2736/2736/2736
f 2716/2716/2716 2717/2717/2717 2738/2738/2738
f 2723/2723/2723 2724/2724/2724 2741/2741/2741
f 2725/2725/2725 2726/2726/2726 2743/2743/2743
f 2733/2733/2733 2734/2734/2734 2752/2752/2752
f 2735/2735/2735 2736/2736/2736 2754/2754/2754
f 2741/2741/2741 2742/2742/2742 2760/2760/2760
f 2742/2742/2742 2743/2743/2743 2761/2761/2761
f 2746/2746/2746 2747/2747/2747 2765/2765/2765
f 2757/2757/2757 2758/2758/2758 2777/2777/2777
f 2759/2759/2759 2760/2760/2760 2779/2779/2779
f 2766/2766/2766 2767/2767/2767 2782/2782/2782
f 2767/2767/2767 2768/2768/2768 2783/2783/2783
f 2771/2771/2771 2772/2772/2772 2787/2787/2787
f 2772/2772/2772 2773/2773/2773 2788/2788/2788
f 2774/2774/2774 2775/2775/2775 2791/2791/2791
f 2775/2775/2775 2776/2776/2776 2792/2792/2792
f 2777/2777/2777 2778/2778/2778 2794/2794/2794
f 2781/2781/2781 2782/2782/2782 2797/2797/2797
f 2782/2782/2782 2783/2783/2783 2798/2798/2798
f 2784/2784/2784 2785/2785/2785 2800/2800/2800
f 2785/2785/2785 2786/2786/2786 2801/2801/2801
f 2789/2789/2789 2790/2790/2790 2809/2809/2809
f 2792/2792/2792 2793/2793/2793 2812/2812/2812
f 2796/2796/2796 2797/2797/2797 2815/2815/2815
f 2797/2797/2797 2798/2798/2798 2816/2816/2816
f 2798/2798/2798 2799/2799/2799 2817/2817/2817
f 2799/2799/2799 2800/2800/2800 2818/2818/2818
f 2802/2802/2802 2803/2803/2803 2821/2821/2821
f 2803/2803/2803 2804/2804/2804 2822/2822/2822
f 2806/2806/2806 2807/2807/2807 2826/2826/2826
f 2807/2807/2807 2808/2808/2808 2827/2827/2827
f 2808/2808/2808 2809/2809/2809 2828/2828/2828
f 2810/2810/2810 2811/2811/2811 2830/2830/2830
f 2811/2811/2811 2812/2812/2812 2831/2831/2831
f 2815/2815/2815 2816/2816/2816 2834/2834/2834
f 2816/2816/2816 2817/2817/2817 2835/2835/2835
f 2817/2817/2817 2818/2818/2818 2836/2836/2836
f 2820/2820/2820 2821/2821/2821 2840/2840/2840
f 2822/2822/2822 2823/2823/2823 2842/2842/2842
f 2824/2824/2824 2825/2825/2825 2844/2844/2844
f 2826/2826/2826 2827/2827/2827 2846/2846/2846
f 2827/2827/2827 2828/2828/2828 2847/2847/2847
f 2828/2828/2828 2829/2829/2829 2848/2848/2848
f 2834/2834/2834 2835/2835/2835 2851/2851/2851
f 2835/2835/2835 2836/2836/2836 2852/2852/2852
f 2836/2836/2836 2837/2837/2837 2853/2853/2853
f 2849/2849/2849 2850/2850/2850 2859/2859/2859
f 2851/2851/2851 2852/2852/2852 2861/2861/2861
f 2852/2852/2852 2853/2853/2853 2862/2862/2862
f 2853/2853/2853 2854/2854/2854 2863/2863/2863
f 2857/2857/2857 2858/2858/2858 2872/2872/2872
f 2862/2862/2862 2863/2863/2863 2877/2877/2877
f 2867/2867/2867 2868/2868/2868 2883/2883/2883
f 2868/2868/2868 2869/2869/2869 2884/2884/2884
f 2873/2873/2873 2874/2874/2874 2891/2891/2891
f 2875/2875/2875 2876/2876/2876 2893/2893/2893
f 2879/2879/2879 2880/2880/2880 2898/2898/2898
f 2886/2886/2886 2887/2887/2887 2901/2901/2901
f 2889/2889/2889 2890/2890/2890 2904/2904/2904
f 2893/2893/2893 2894/2894/2894 2907/2907/2907
f 2900/2900/2900 2901/2901/2901 2920/2920/2920
f 2902/2902/2902 2903/2903/2903 2922/2922/2922
f 2906/2906/2906 2907/2907/2907 2925/2925/2925
f 2909/2909/2909 2910/2910/2910 2928/2928/2928
f 2916/2916/2916 2917/2917/2917 2935/2935/2935
f 2919/2919/2919 2920/2920/2920 2939/2939/2939
f 2920/2920/2920 2921/2921/2921 2940/2940/2940
f 2923/2923/2923 2924/2924/2924 2943/2943/2943
f 2935/2935/2935 2936/2936/2936 2953/2953/2953
f 2937/2937/2937 2938/2938/2938 2955/2955/2955
f 2938/2938/2938 2939/2939/2939 2956/2956/2956
f 2941/2941/2941 2942/2942/2942 2961/2961/2961
f 2943/2943/2943 2944/2944/2944 2963/2963/2963
f 2954/2954/2954 2955/2955/2955 2969/2969/2969
f 2958/2958/2958 2959/2959/2959 2973/2973/2973
f 2959/2959/2959 2960/2960/2960 2974/2974/2974
f 2961/2961/2961 2962/2962/2962 2976/2976/2976
f 2970/2970/2970 2971/2971/2971 2980/2980/2980
f 2974/2974/2974 2975/2975/2975 2984/2984/2984
f 2977/2977/2977 2978/2978/2978 2990/2990/2990
f 2978/2978/2978 2979/2979/2979 2991/2991/2991
f 2979/2979/2979 2980/2980/2980 2992/2992/2992
f 2981/2981/2981 2982/2982/2982 2994/2994/2994
f 2982/2982/2982 2983/2983/2983 2995/2995/2995
f 2983/2983/2983 2984/2984/2984 2996/2996/2996
f 2989/2989/2989 2990/2990/2990 3003/3003/3003
f 2993/2993/2993 2994/2994/2994 3007/3007/3007
f 2994/2994/2994 2995/2995/2995 3008/3008/3008
f 2995/2995/2995 2996/2996/2996 3009/3009/3009
f 2997/2997/2997 2998/2998/2998 3011/3011/3011
f 3004/3004/3004 3005/3005/3005 3018/3018/3018
f 3005/3005/3005 3006/3006/3006 3019/3019/3019
f 3007/3007/3007 3008/3008/3008 3021/3021/3021
f 3008/3008/3008 3009/3009/3009 3022/3022/3022
f 3009/3009/3009 3010/3010/3010 3023/3023/3023
f 3010/3010/3010 3011/3011/3011 3024/3024/3024
f 3011/3011/3011 3012/3012/3012 3025/3025/3025
f 3015/3015/3015 3016/3016/3016 3029/3029/3029
f 3018/3018/3018 3019/3019/3019 3032/3032/3032
f 3019/3019/3019 3020/3020/3020 3033/3033/3033
f 3021/3021/3021 3022/3022/3022 3035/3035/3035
f 3023/3023/3023 3024/3024/3024 3037/3037/3037
f 3029/3029/3029 3030/3030/3030 3047/3047/3047
f 3030/3030/3030 3031/3031/3031 3048/3048/3048
f 3035/3035/3035 3036/3036/3036 3053/3053/3053
f 3038/3038/3038 3039/3039/3039 3056/3056/3056
f 3039/3039/3039 3040/3040/3040 3057/3057/3057
f 3040/3040/3040 3041/3041/3041 3058/3058/3058
f 3054/3054/3054 3055/3055/3055 3066/3066/3066
f 3057/3057/3057 3058/3058/3058 3069/3069/3069
f 3058/3058/3058 3059/3059/3059 3070/3070/3070
f 3065/3065/3065 3066/3066/3066 3073/3073/3073
f 3068/3068/3068 3069/3069/3069 3076/3076/3076
f 3069/3069/3069 3070/3070/3070 3077/3077/3077
f 3093/3093/3093 3092/3092/3092 3122/3122/3122
f 3094/3094/3094 3095/3095/3095 3130/3130/3130
f 3095/3095/3095 3096/3096/3096 3131/3131/3131
f 3125/3125/3125 3126/3126/3126 3139/3139/3139
f 3126/3126/3126 3127/3127/3127 3140/3140/3140
f 3128/3128/3128 3129/3129/3129 3142/3142/3142
f 3136/3136/3136 3137/3137/3137 3146/3146/3146
f 3137/3137/3137 3138/3138/3138 3147/3147/3147
f 3141/3141/3141 3142/3142/3142 3151/3151/3151
f 3143/3143/3143 3144/3144/3144 3153/3153/3153
f 3144/3144/3144 3145/3145/3145 3154/3154/3154
f 3145/3145/3145 3146/3146/3146 3155/3155/3155
f 3148/3148/3148 3149/3149/3149 3158/3158/3158
f 3149/3149/3149 3150/3150/3150 3159/3159/3159
f 3153/3153/3153 3154/3154/3154 3165/3165/3165
f 3158/3158/3158 3159/3159/3159 3170/3170/3170
f 3160/3160/3160 3161/3161/3161 3172/3172/3172
f 3161/3161/3161 3162/3162/3162 3173/3173/3173
f 3165/3165/3165 3166/3166/3166 3176/3176/3176
f 3171/3171/3171 3172/3172/3172 3181/3181/3181
f 3175/3175/3175 3176/3176/3176 3183/3183/3183
f 3183/3183/3183 3184/3184/3184 3195/3195/3195
f 3185/3185/3185 3186/3186/3186 3197/3197/3197
f 3186/3186/3186 3187/3187/3187 3198/3198/3198
f 3189/3189/3189 3190/3190/3190 3203/3203/3203
f 3196/3196/3196 3197/3197/3197 3213/3213/3213
f 3201/3201/3201 3202/3202/3202 3218/3218/3218
f 3207/3207/3207 3208/3208/3208 3225/3225/3225
f 3214/3214/3214 3215/3215/3215 3231/3231/3231
f 3217/3217/3217 3218/3218/3218 3234/3234/3234
f 3219/3219/3219 3220/3220/3220 3236/3236/3236
f 3221/3221/3221 3222/3222/3222 3238/3238/3238
f 3225/3225/3225 3226/3226/3226 3242/3242/3242
f 3229/3229/3229 3230/3230/3230 3246/3246/3246
f 3230/3230/3230 3231/3231/3231 3247/3247/3247
f 3231/3231/3231 3232/3232/3232 3248/3248/3248
f 3236/3236/3236 3237/3237/3237 3253/3253/3253
f 3237/3237/3237 3238/3238/3238 3254/3254/3254
f 3251/3251/3251 3252/3252/3252 3263/3263/3263
f 3255/3255/3255 3256/3256/3256 3265/3265/3265
f 3258/3258/3258 3259/3259/3259 3268/3268/3268
f 3260/3260/3260 3261/3261/3261 3270/3270/3270
f 3261/3261/3261 3262/3262/3262 3271/3271/3271
f 3268/3268/3268 3269/3269/3269 3274/3274/3274
f 3275/3275/3275 3276/3276/3276 3280/3280/3280
f 3278/3278/3278 3279/3279/3279 3284/3284/3284
f 3279/3279/3279 3280/3280/3280 3285/3285/3285
f 3282/3282/3282 3283/3283/3283 3288/3288/3288
f 3284/3284/3284 3285/3285/3285 3290/3290/3290
f 3285/3285/3285 3286/3286/3286 3291/3291/3291
f 3288/3288/3288 3289/3289/3289 3294/3294/3294
f 3289/3289/3289 3290/3290/3290 3295/3295/3295
f 3296/3296/3296 3297/3297/3297 3299/3299/3299
f 3306/3306/3306 3307/3307/3307 3332/3332/3332
f 3311/3311/3311 3310/3310/3310 3344/3344/3344
f 3312/3312/3312 3311/3311/3311 3345/3345/3345
f 3315/3315/3315 3314/3314/3314 3348/3348/3348
f 3329/3329/3329 3328/3328/3328 3360/3360/3360
f 3353/3353/3353 3354/3354/3354 3367/3367/3367
f 3354/3354/3354 3355/3355/3355 3368/3368/3368
f 3365/3365/3365 3366/3366/3366 3371/3371/3371
f 3379/3379/3379 3380/3380/3380 3401/3401/3401
f 3384/3384/3384 3385/3385/3385 3428/3428/3428
f 3397/3397/3397 3398/3398/3398 3430/3430/3430
f 3399/3399/3399 3400/3400/3400 3432/3432/3432
f 3442/3442/3442 3443/3443/3443 3467/3467/3467
f 3448/3448/3448 3449/3449/3449 3489/3489/3489
f 3449/3449/3449 3450/3450/3450 3490/3490/3490
f 3451/3451/3451 3452/3452/3452 3492/3492/3492
f 3470/3470/3470 3469/3469/3469 3493/3493/3493
f 3498/3498/3498 3499/3499/3499 3529/3529/3529
f 3512/3512/3512 3513/3513/3513 3549/3549/3549
f 3519/3519/3519 3518/3518/3518 3550/3550/3550
f 3531/3531/3531 3530/3530/3530 3553/3553/3553
f 3573/3573/3573 3572/3572/3572 3596/3596/3596
f 3574/3574/3574 3575/3575/3575 3601/3601/3601
f 3575/3575/3575 3576/3576/3576 3602/3602/3602
f 3578/3578/3578 3579/3579/3579 3608/3608/3608
f 3584/3584/3584 3583/3583/3583 3615/3615/3615
f 3585/3585/3585 3584/3584/3584 3616/3616/3616
f 3586/3586/3586 3585/3585/3585 3617/3617/3617
f 3598/3598/3598 3599/3599/3599 3626/3626/3626
f 3618/3618/3618 3617/3617/3617 3627/3627/3627
f 3632/3632/3632 3633/3633/3633 3671/3671/3671
f 3647/3647/3647 3648/3648/3648 3678/3678/3678
f 3652/3652/3652 3653/3653/3653 3683/3683/3683
f 3655/3655/3655 3656/3656/3656 3686/3686/3686
f 3656/3656/3656 3657/3657/3657 3687/3687/3687
f 3659/3659/3659 3660/3660/3660 3690/3690/3690
f 3675/3675/3675 3676/3676/3676 3700/3700/3700
f 3723/3723/3723 3724/3724/3724 3754/3754/3754
f 3730/3730/3730 3731/3731/3731 3758/3758/3758
f 3761/3761/3761 3760/3760/3760 3766/3766/3766
f 3773/3773/3773 3774/3774/3774 3818/3818/3818
f 3790/3790/3790 3791/3791/3791 3821/3821/3821
f 3811/3811/3811 3812/3812/3812 3827/3827/3827
f 3839/3839/3839 3840/3840/3840 3884/3884/3884
f 3890/3890/3890 3891/3891/3891 3894/3894/3894
f 3/3/3 2/2/2 38/38/38
f 6/6/6 5/5/5 41/41/41
f 8/8/8 7/7/7 43/43/43
f 9/9/9 8/8/8 44/44/44
f 11/11/11 10/10/10 46/46/46
f 13/13/13 12/12/12 48/48/48
f 22/22/22 23/23/23 59/59/59
f 31/31/31 32/32/32 68/68/68
f 33/33/33 34/34/34 70/70/70
f 34/34/34 35/35/35 71/71/71
f 38/38/38 37/37/37 73/73/73
f 42/42/42 41/41/41 77/77/77
f 43/43/43 42/42/42 78/78/78
f 44/44/44 43/43/43 79/79/79
f 45/45/45 44/44/44 80/80/80
f 49/49/49 48/48/48 84/84/84
f 67/67/67 68/68/68 104/104/104
f 69/69/69 70/70/70 106/106/106
f 70/70/70 71/71/71 107/107/107
f 71/71/71 72/72/72 108/108/108
f 74/74/74 73/73/73 109/109/109
f 76/76/76 75/75/75 111/111/111
f 85/85/85 84/84/84 120/120/120
f 94/94/94 95/95/95 132/132/132
f 96/96/96 97/97/97 134/134/134
f 98/98/98 99/99/99 136/136/136
f 100/100/100 101/101/101 138/138/138
f 105/105/105 106/106/106 143/143/143
f 106/106/106 107/107/107 144/144/144
f 107/107/107 108/108/108 145/145/145
f 112/112/112 111/111/111 148/148/148
f 116/116/116 115/115/115 152/152/152
f 119/119/119 118/118/118 155/155/155
f 129/129/129 130/130/130 168/168/168
f 131/131/131 132/132/132 170/170/170
f 135/135/135 136/136/136 173/173/173
f 139/139/139 140/140/140 177/177/177
f 142/142/142 143/143/143 180/180/180
f 143/143/143 144/144/144 181/181/181
f 148/148/148 147/147/147 184/184/184
f 149/149/149 148/148/148 185/185/185
f 150/150/150 149/149/149 186/186/186
f 151/151/151 150/150/150 187/187/187
f 153/153/153 152/152/152 189/189/189
f 156/156/156 155/155/155 192/192/192
f 160/160/160 161/161/161 197/197/197
f 169/169/169 170/170/170 207/207/207
f 172/172/172 173/173/173 210/210/210
f 177/177/177 178/178/178 215/215/215
f 179/179/179 180/180/180 217/217/217
f 180/180/180 181/181/181 218/218/218
f 185/185/185 184/184/184 222/222/222
f 189/189/189 188/188/188 226/226/226
f 190/190/190 189/189/189 227/227/227
f 204/204/204 205/205/205 246/246/246
f 214/214/214 215/215/215 257/257/257
f 215/215/215 216/216/216 258/258/258
f 216/216/216 217/217/217 259/259/259
f 217/217/217 218/218/218 260/260/260
f 218/218/218 219/219/219 261/261/261
f 222/222/222 221/221/221 263/263/263
f 223/223/223 222/222/222 264/264/264
f 224/224/224 223/223/223 265/265/265
f 225/225/225 224/224/224 266/266/266
f 227/227/227 226/226/226 268/268/268
f 229/229/229 228/228/228 270/270/270
f 239/239/239 238/238/238 280/280/280
f 240/240/240 241/241/241 283/283/283
f 253/253/253 254/254/254 295/295/295
f 257/257/257 258/258/258 299/299/299
f 259/259/259 260/260/260 301/301/301
f 260/260/260 261/261/261 302/302/302
f 263/263/263 262/262/262 303/303/303
f 264/264/264 263/263/263 304/304/304
f 265/265/265 264/264/264 305/305/305
f 267/267/267 266/266/266 307/307/307
f 271/271/271 270/270/270 311/311/311
f 274/274/274 273/273/273 314/314/314
f 276/276/276 275/275/275 316/316/316
f 287/287/287 288/288/288 329/329/329
f 298/298/298 299/299/299 339/339/339
f 299/299/299 300/300/300 340/340/340
f 301/301/301 302/302/302 342/342/342
f 304/304/304 303/303/303 343/343/343
f 306/306/306 305/305/305 345/345/345
f 310/310/310 309/309/309 349/349/349
f 312/312/312 311/311/311 351/351/351
f 315/315/315 314/314/314 356/356/356
f 324/324/324 325/325/325 364/364/364
f 326/326/326 327/327/327 366/366/366
f 330/330/330 331/331/331 369/369/369
f 339/339/339 340/340/340 378/378/378
f 341/341/341 342/342/342 380/380/380
f 345/345/345 344/344/344 388/388/388
f 347/347/347 346/346/346 390/390/390
f 348/348/348 347/347/347 391/391/391
f 350/350/350 349/349/349 393/393/393
f 353/353/353 352/352/352 396/396/396
f 365/365/365 366/366/366 411/411/411
f 371/371/371 372/372/372 418/418/418
f 373/373/373 374/374/374 420/420/420
f 375/375/375 376/376/376 422/422/422
f 377/377/377 378/378/378 424/424/424
f 379/379/379 380/380/380 426/426/426
f 383/383/383 382/382/382 431/431/431
f 384/384/384 383/383/383 432/432/432
f 389/389/389 388/388/388 438/438/438
f 395/395/395 394/394/394 442/442/442
f 396/396/396 395/395/395 443/443/443
f 401/401/401 400/400/400 448/448/448
f 410/410/410 411/411/411 464/464/464
f 414/414/414 415/415/415 469/469/469
f 417/417/417 418/418/418 475/475/475
f 421/421/421 422/422/422 481/481/481
f 422/422/422 423/423/423 482/482/482
f 427/427/427 428/428/428 489/489/489
f 432/432/432 431/431/431 494/494/494
f 434/434/434 433/433/433 496/496/496
f 436/436/436 435/435/435 498/498/498
f 438/438/438 437/437/437 501/501/501
f 444/444/444 443/443/443 504/504/504
f 462/462/462 463/463/463 522/522/522
f 472/472/472 473/473/473 530/530/530
f 478/478/478 479/479/479 535/535/535
f 479/479/479 480/480/480 536/536/536
f 486/486/486 487/487/487 542/542/542
f 487/487/487 488/488/488 543/543/543
f 494/494/494 493/493/493 554/554/554
f 495/495/495 494/494/494 555/555/555
f 496/496/496 495/495/495 556/556/556
f 497/497/497 496/496/496 557/557/557
f 500/500/500 499/499/499 560/560/560
f 506/506/506 505/505/505 565/565/565
f 517/517/517 518/518/518 579/579/579
f 525/525/525 526/526/526 587/587/587
f 533/533/533 534/534/534 595/595/595
f 534/534/534 535/535/535 596/596/596
f 540/540/540 541/541/541 602/602/602
f 548/548/548 549/549/549 607/607/607
f 549/549/549 550/550/550 608/608/608
f 555/555/555 554/554/554 615/615/615
f 556/556/556 555/555/555 616/616/616
f 557/557/557 556/556/556 617/617/617
f 558/558/558 557/557/557 618/618/618
f 561/561/561 560/560/560 621/621/621
f 566/566/566 565/565/565 626/626/626
f 570/570/570 569/569/569 632/632/632
f 574/574/574 573/573/573 637/637/637
f 582/582/582 583/583/583 648/648/648
f 590/590/590 591/591/591 655/655/655
f 594/594/594 595/595/595 660/660/660
f 597/597/597 598/598/598 662/662/662
f 600/600/600 601/601/601 666/666/666
f 607/607/607 608/608/608 673/673/673
f 608/608/608 609/609/609 674/674/674
f 609/609/609 610/610/610 675/675/675
f 616/616/616 615/615/615 686/686/686
f 619/619/619 618/618/618 689/689/689
f 620/620/620 619/619/619 690/690/690
f 622/622/622 621/621/621 692/692/692
f 627/627/627 626/626/626 698/698/698
f 629/629/629 628/628/628 700/700/700
f 639/639/639 638/638/638 707/707/707
f 647/647/647 648/648/648 716/716/716
f 658/658/658 659/659/659 728/728/728
f 664/664/664 665/665/665 732/732/732
f 666/666/666 667/667/667 734/734/734
f 671/671/671 672/672/672 739/739/739
f 681/681/681 682/682/682 747/747/747
f 685/685/685 684/684/684 752/752/752
f 687/687/687 686/686/686 754/754/754
f 688/688/688 687/687/687 755/755/755
f 694/694/694 693/693/693 761/761/761
f 697/697/697 696/696/696 764/764/764
f 700/700/700 699/699/699 767/767/767
f 701/701/701 700/700/700 768/768/768
f 705/705/705 704/704/704 771/771/771
f 719/719/719 720/720/720 785/785/785
f 723/723/723 724/724/724 789/789/789
f 727/727/727 728/728/728 794/794/794
f 731/731/731 732/732/732 800/800/800
f 732/732/732 733/733/733 801/801/801
f 737/737/737 738/738/738 807/807/807
f 743/743/743 744/744/744 812/812/812
f 747/747/747 748/748/748 816/816/816
f 754/754/754 753/753/753 823/823/823
f 755/755/755 754/754/754 824/824/824
f 756/756/756 755/755/755 825/825/825
f 760/760/760 759/759/759 829/829/829
f 761/761/761 760/760/760 830/830/830
f 764/764/764 763/763/763 833/833/833
f 792/792/792 793/793/793 866/866/866
f 798/798/798 799/799/799 870/870/870
f 799/799/799 800/800/800 871/871/871
f 805/805/805 806/806/806 875/875/875
f 811/811/811 812/812/812 880/880/880
f 815/815/815 816/816/816 884/884/884
f 816/816/816 817/817/817 885/885/885
f 824/824/824 823/823/823 912/912/912
f 825/825/825 824/824/824 913/913/913
f 827/827/827 826/826/826 915/915/915
f 829/829/829 828/828/828 917/917/917
f 838/838/838 837/837/837 933/933/933
f 857/857/857 858/858/858 959/959/959
f 860/860/860 861/861/861 962/962/962
f 865/865/865 866/866/866 971/971/971
f 867/867/867 868/868/868 973/973/973
f 872/872/872 873/873/873 982/982/982
f 875/875/875 876/876/876 988/988/988
f 877/877/877 878/878/878 992/992/992
f 879/879/879 880/880/880 998/998/998
f 880/880/880 881/881/881 999/999/999
f 882/882/882 883/883/883 1001/1001/1001
f 885/885/885 886/886/886 1004/1004/1004
f 892/892/892 891/891/891 1062/1062/1062
f 901/901/901 900/900/900 1092/1092/1092
f 909/909/909 908/908/908 1129/1129/1129
f 913/913/913 912/912/912 1133/1133/1133
f 916/916/916 915/915/915 1136/1136/1136
f 919/919/919 918/918/918 1139/1139/1139
f 925/925/925 924/924/924 1146/1146/1146
f 930/930/930 929/929/929 1150/1150/1150
f 931/931/931 930/930/930 1151/1151/1151
f 944/944/944 945/945/945 1172/1172/1172
f 957/957/957 958/958/958 1200/1200/1200
f 958/958/958 959/959/959 1201/1201/1201
f 964/964/964 965/965/965 1224/1224/1224
f 966/966/966 967/967/967 1226/1226/1226
f 970/970/970 971/971/971 1237/1237/1237
f 978/978/978 979/979/979 1250/1250/1250
f 980/980/980 981/981/981 1252/1252/1252
f 986/986/986 987/987/987 1263/1263/1263
f 993/993/993 994/994/994 1276/1276/1276
f 996/996/996 997/997/997 1278/1278/1278
f 997/997/997 998/998/998 1279/1279/1279
f 999/999/999 1000/1000/1000 1281/1281/1281
f 1000/1000/1000 1001/1001/1001 1282/1282/1282
f 1001/1001/1001 1002/1002/1002 1283/1283/1283
f 1009/1009/1009 1008/1008/1008 1408/1408/1408
f 1017/1017/1017 1016/1016/1016 1436/1436/1436
f 1026/1026/1026 1025/1025/1025 1457/1457/1457
f 1027/1027/1027 1028/1028/1028 1472/1472/1472
f 1035/1035/1035 1036/1036/1036 1487/1487/1487
f 1037/1037/1037 1038/1038/1038 1489/1489/1489
f 1038/1038/1038 1039/1039/1039 1490/1490/1490
f 1041/1041/1041 1042/1042/1042 1506/1506/1506
f 1048/1048/1048 1047/1047/1047 1550/1550/1550
f 1057/1057/1057 1056/1056/1056 1589/1589/1589
f 1075/1075/1075 1074/1074/1074 1641/1641/1641
f 1088/1088/1088 1087/1087/1087 1659/1659/1659
f 1099/1099/1099 1098/1098/1098 1672/1672/1672
f 1100/1100/1100 1099/1099/1099 1673/1673/1673
f 1112/1112/1112 1111/1111/1111 1689/1689/1689
f 1132/1132/1132 1131/1131/1131 1713/1713/1713
f 1137/1137/1137 1136/1136/1136 1718/1718/1718
f 1138/1138/1138 1137/1137/1137 1719/1719/1719
f 1145/1145/1145 1144/1144/1144 1738/1738/1738
f 1147/1147/1147 1146/1146/1146 1740/1740/1740
f 1148/1148/1148 1147/1147/1147 1741/1741/1741
f 1149/1149/1149 1148/1148/1148 1742/1742/1742
f 1152/1152/1152 1151/1151/1151 1745/1745/1745
f 1153/1153/1153 1152/1152/1152 1746/1746/1746
f 1155/1155/1155 1154/1154/1154 1748/1748/1748
f 1177/1177/1177 1178/1178/1178 1808/1808/1808
f 1186/1186/1186 1187/1187/1187 1831/1831/1831
f 1187/1187/1187 1188/1188/1188 1832/1832/1832
f 1193/1193/1193 1192/1192/1192 1841/1841/1841
f 1198/1198/1198 1199/1199/1199 1854/1854/1854
f 1210/1210/1210 1211/1211/1211 1873/1873/1873
f 1213/1213/1213 1214/1214/1214 1875/1875/1875
f 1222/1222/1222 1223/1223/1223 1885/1885/1885
f 1223/1223/1223 1224/1224/1224 1886/1886/1886
f 1236/1236/1236 1237/1237/1237 1898/1898/1898
f 1238/1238/1238 1239/1239/1239 1901/1901/1901
f 1248/1248/1248 1249/1249/1249 1910/1910/1910
f 1249/1249/1249 1250/1250/1250 1911/1911/1911
f 1251/1251/1251 1252/1252/1252 1914/1914/1914
f 1262/1262/1262 1263/1263/1263 1927/1927/1927
f 1277/1277/1277 1278/1278/1278 1944/1944/1944
f 1281/1281/1281 1282/1282/1282 1947/1947/1947
f 1299/1299/1299 1300/1300/1300 1967/1967/1967
f 1302/1302/1302 1303/1303/1303 1978/1978/1978
f 1316/1316/1316 1315/1315/1315 1983/1983/1983
f 1318/1318/1318 1317/1317/1317 1985/1985/1985
f 1336/1336/1336 1335/1335/1335 2009/2009/2009
f 1337/1337/1337 1336/1336/1336 2010/2010/2010
f 1338/1338/1338 1337/1337/1337 2011/2011/2011
f 1339/1339/1339 1338/1338/1338 2012/2012/2012
f 1340/1340/1340 1339/1339/1339 2013/2013/2013
f 1364/1364/1364 1363/1363/1363 2041/2041/2041
f 1392/1392/1392 1391/1391/1391 2070/2070/2070
f 1393/1393/1393 1394/1394/1394 2079/2079/2079
f 1403/1403/1403 1404/1404/1404 2092/2092/2092
f 1418/1418/1418 1419/1419/1419 2098/2098/2098
f 1441/1441/1441 1440/1440/1440 2119/2119/2119
f 1442/1442/1442 1443/1443/1443 2132/2132/2132
f 1443/1443/1443 1444/1444/1444 2133/2133/2133
f 1462/1462/1462 1463/1463/1463 2159/2159/2159
f 1463/1463/1463 1464/1464/1464 2160/2160/2160
f 1466/1466/1466 1467/1467/1467 2174/2174/2174
f 1468/1468/1468 1469/1469/1469 2176/2176/2176
f 1480/1480/1480 1479/1479/1479 2190/2190/2190
f 1481/1481/1481 1482/1482/1482 2204/2204/2204
f 1496/1496/1496 1495/1495/1495 2220/2220/2220
f 1512/1512/1512 1511/1511/1511 2251/2251/2251
f 1514/1514/1514 1513/1513/1513 2253/2253/2253
f 1532/1532/1532 1531/1531/1531 2283/2283/2283
f 1534/1534/1534 1535/1535/1535 2297/2297/2297
f 1535/1535/1535 1536/1536/1536 2298/2298/2298
f 1537/1537/1537 1538/1538/1538 2300/2300/2300
f 1564/1564/1564 1565/1565/1565 2333/2333/2333
f 1593/1593/1593 1592/1592/1592 2372/2372/2372
f 1594/1594/1594 1595/1595/1595 2383/2383/2383
f 1599/1599/1599 1600/1600/1600 2386/2386/2386
f 1601/1601/1601 1602/1602/1602 2388/2388/2388
f 1612/1612/1612 1613/1613/1613 2413/2413/2413
f 1620/1620/1620 1619/1619/1619 2419/2419/2419
f 1622/1622/1622 1621/1621/1621 2421/2421/2421
f 1629/1629/1629 1630/1630/1630 2446/2446/2446
f 1655/1655/1655 1654/1654/1654 2480/2480/2480
f 1664/1664/1664 1665/1665/1665 2501/2501/2501
f 1668/1668/1668 1667/1667/1667 2503/2503/2503
f 1677/1677/1677 1676/1676/1676 2506/2506/2506
f 1678/1678/1678 1677/1677/1677 2507/2507/2507
f 1681/1681/1681 1680/1680/1680 2512/2512/2512
f 1684/1684/1684 1683/1683/1683 2515/2515/2515
f 1715/1715/1715 1714/1714/1714 2538/2538/2538
f 1720/1720/1720 1719/1719/1719 2543/2543/2543
f 1721/1721/1721 1720/1720/1720 2544/2544/2544
f 1722/1722/1722 1721/1721/1721 2545/2545/2545
f 1726/1726/1726 1725/1725/1725 2550/2550/2550
f 1727/1727/1727 1726/1726/1726 2551/2551/2551
f 1730/1730/1730 1729/1729/1729 2556/2556/2556
f 1732/1732/1732 1731/1731/1731 2562/2562/2562
f 1733/1733/1733 1732/1732/1732 2563/2563/2563
f 1737/1737/1737 1736/1736/1736 2568/2568/2568
f 1738/1738/1738 1737/1737/1737 2569/2569/2569
f 1742/1742/1742 1741/1741/1741 2573/2573/2573
f 1743/1743/1743 1742/1742/1742 2574/2574/2574
f 1744/1744/1744 1743/1743/1743 2575/2575/2575
f 1748/1748/1748 1747/1747/1747 2578/2578/2578
f 1756/1756/1756 1755/1755/1755 2584/2584/2584
f 1763/1763/1763 1762/1762/1762 2591/2591/2591
f 1782/1782/1782 1783/1783/1783 2604/2604/2604
f 1803/1803/1803 1802/1802/1802 2615/2615/2615
f 1804/1804/1804 1803/1803/1803 2616/2616/2616
f 1827/1827/1827 1828/1828/1828 2639/2639/2639
f 1835/1835/1835 1836/1836/1836 2649/2649/2649
f 1849/1849/1849 1850/1850/1850 2658/2658/2658
f 1850/1850/1850 1851/1851/1851 2659/2659/2659
f 1866/1866/1866 1867/1867/1867 2670/2670/2670
f 1869/1869/1869 1870/1870/1870 2681/2681/2681
f 1870/1870/1870 1871/1871/1871 2682/2682/2682
f 1882/1882/1882 1883/1883/1883 2704/2704/2704
f 1894/1894/1894 1895/1895/1895 2727/2727/2727
f 1899/1899/1899 1900/1900/1900 2729/2729/2729
f 1900/1900/1900 1901/1901/1901 2730/2730/2730
f 1906/1906/1906 1907/1907/1907 2745/2745/2745
f 1912/1912/1912 1913/1913/1913 2747/2747/2747
f 1921/1921/1921 1920/1920/1920 2761/2761/2761
f 1930/1930/1930 1929/1929/1929 2764/2764/2764
f 1998/1998/1998 1997/1997/1997 2813/2813/2813
f 2022/2022/2022 2021/2021/2021 2832/2832/2832
f 2023/2023/2023 2024/2024/2024 2838/2838/2838
f 2029/2029/2029 2028/2028/2028 2839/2839/2839
f 2032/2032/2032 2031/2031/2031 2842/2842/2842
f 2033/2033/2033 2032/2032/2032 2843/2843/2843
f 2056/2056/2056 2055/2055/2055 2855/2855/2855
f 2082/2082/2082 2083/2083/2083 2865/2865/2865
f 2083/2083/2083 2084/2084/2084 2866/2866/2866
f 2087/2087/2087 2088/2088/2088 2869/2869/2869
f 2088/2088/2088 2089/2089/2089 2870/2870/2870
f 2110/2110/2110 2111/2111/2111 2881/2881/2881
f 2113/2113/2113 2112/2112/2112 2882/2882/2882
f 2127/2127/2127 2128/2128/2128 2895/2895/2895
f 2156/2156/2156 2157/2157/2157 2911/2911/2911
f 2166/2166/2166 2165/2165/2165 2912/2912/2912
f 2166/2166/2166 2167/2167/2167 2914/2914/2914
f 2167/2167/2167 2168/2168/2168 2915/2915/2915
f 2170/2170/2170 2171/2171/2171 2918/2918/2918
f 2185/2185/2185 2186/2186/2186 2930/2930/2930
f 2195/2195/2195 2194/2194/2194 2931/2931/2931
f 2211/2211/2211 2212/2212/2212 2946/2946/2946
f 2214/2214/2214 2213/2213/2213 2947/2947/2947
f 2228/2228/2228 2227/2227/2227 2951/2951/2951
f 2247/2247/2247 2246/2246/2246 2966/2966/2966
f 2306/2306/2306 2307/2307/2307 2986/2986/2986
f 2339/2339/2339 2340/2340/2340 2999/2999/2999
f 2425/2425/2425 2424/2424/2424 3026/3026/3026
f 2427/2427/2427 2426/2426/2426 3031/3031/3031
f 2435/2435/2435 2436/2436/2436 3040/3040/3040
f 2436/2436/2436 2437/2437/2437 3041/3041/3041
f 2438/2438/2438 2439/2439/2439 3043/3043/3043
f 2455/2455/2455 2454/2454/2454 3044/3044/3044
f 2460/2460/2460 2459/2459/2459 3049/3049/3049
f 2461/2461/2461 2460/2460/2460 3050/3050/3050
f 2485/2485/2485 2484/2484/2484 3061/3061/3061
f 2491/2491/2491 2490/2490/2490 3063/3063/3063
f 2533/2533/2533 2532/2532/2532 3079/3079/3079
f 2534/2534/2534 2533/2533/2533 3080/3080/3080
f 2535/2535/2535 2534/2534/2534 3081/3081/3081
f 2537/2537/2537 2536/2536/2536 3083/3083/3083
f 2540/2540/2540 2539/2539/2539 3085/3085/3085
f 2543/2543/2543 2542/2542/2542 3088/3088/3088
f 2546/2546/2546 2545/2545/2545 3091/3091/3091
f 2547/2547/2547 2546/2546/2546 3092/3092/3092
f 2552/2552/2552 2551/2551/2551 3099/3099/3099
f 2553/2553/2553 2552/2552/2552 3100/3100/3100
f 2554/2554/2554 2553/2553/2553 3101/3101/3101
f 2556/2556/2556 2555/2555/2555 3103/3103/3103
f 2564/2564/2564 2563/2563/2563 3106/3106/3106
f 2567/2567/2567 2566/2566/2566 3109/3109/3109
f 2568/2568/2568 2567/2567/2567 3110/3110/3110
f 2573/2573/2573 2572/2572/2572 3115/3115/3115
f 2576/2576/2576 2575/2575/2575 3118/3118/3118
f 2577/2577/2577 2576/2576/2576 3119/3119/3119
f 2595/2595/2595 2594/2594/2594 3132/3132/3132
f 2596/2596/2596 2595/2595/2595 3133/3133/3133
f 2629/2629/2629 2628/2628/2628 3155/3155/3155
f 2634/2634/2634 2635/2635/2635 3162/3162/3162
f 2642/2642/2642 2643/2643/2643 3166/3166/3166
f 2645/2645/2645 2644/2644/2644 3167/3167/3167
f 2646/2646/2646 2645/2645/2645 3168/3168/3168
f 2661/2661/2661 2660/2660/2660 3174/3174/3174
f 2662/2662/2662 2663/2663/2663 3177/3177/3177
f 2673/2673/2673 2672/2672/2672 3180/3180/3180
f 2691/2691/2691 2692/2692/2692 3187/3187/3187
f 2692/2692/2692 2693/2693/2693 3188/3188/3188
f 2705/2705/2705 2706/2706/2706 3192/3192/3192
f 2708/2708/2708 2707/2707/2707 3193/3193/3193
f 2715/2715/2715 2716/2716/2716 3200/3200/3200
f 2719/2719/2719 2720/2720/2720 3204/3204/3204
f 2721/2721/2721 2722/2722/2722 3206/3206/3206
f 2739/2739/2739 2740/2740/2740 3223/3223/3223
f 2748/2748/2748 2749/2749/2749 3227/3227/3227
f 2766/2766/2766 2765/2765/2765 3240/3240/3240
f 2767/2767/2767 2766/2766/2766 3241/3241/3241
f 2804/2804/2804 2803/2803/2803 3265/3265/3265
f 2805/2805/2805 2804/2804/2804 3266/3266/3266
f 2824/2824/2824 2823/2823/2823 3272/3272/3272
f 2891/2891/2891 2890/2890/2890 3275/3275/3275
f 2891/2891/2891 2892/2892/2892 3277/3277/3277
f 2958/2958/2958 2957/2957/2957 3292/3292/3292
f 2959/2959/2959 2958/2958/2958 3293/3293/3293
f 3006/3006/3006 3007/3007/3007 3297/3297/3297
f 3020/3020/3020 3019/3019/3019 3298/3298/3298
f 3087/3087/3087 3086/3086/3086 3309/3309/3309
f 3088/3088/3088 3087/3087/3087 3310/3310/3310
f 3089/3089/3089 3088/3088/3088 3311/3311/3311
f 3097/3097/3097 3096/3096/3096 3318/3318/3318
f 3098/3098/3098 3097/3097/3097 3319/3319/3319
f 3099/3099/3099 3098/3098/3098 3320/3320/3320
f 3100/3100/3100 3099/3099/3099 3321/3321/3321
f 3101/3101/3101 3100/3100/3100 3322/3322/3322
f 3102/3102/3102 3101/3101/3101 3323/3323/3323
f 3103/3103/3103 3102/3102/3102 3324/3324/3324
f 3104/3104/3104 3103/3103/3103 3325/3325/3325
f 3105/3105/3105 3104/3104/3104 3326/3326/3326
f 3109/3109/3109 3108/3108/3108 3330/3330/3330
f 3111/3111/3111 3110/3110/3110 3332/3332/3332
f 3114/3114/3114 3113/3113/3113 3335/3335/3335
f 3115/3115/3115 3114/3114/3114 3336/3336/3336
f 3116/3116/3116 3115/3115/3115 3337/3337/3337
f 3120/3120/3120 3119/3119/3119 3341/3341/3341
f 3121/3121/3121 3120/3120/3120 3342/3342/3342
f 3127/3127/3127 3126/3126/3126 3356/3356/3356
f 3144/3144/3144 3143/3143/3143 3369/3369/3369
f 3305/3305/3305 3304/3304/3304 3376/3376/3376
f 3308/3308/3308 3307/3307/3307 3381/3381/3381
f 3318/3318/3318 3317/3317/3317 3386/3386/3386
f 3319/3319/3319 3318/3318/3318 3387/3387/3387
f 3320/3320/3320 3319/3319/3319 3388/3388/3388
f 3321/3321/3321 3320/3320/3320 3389/3389/3389
f 3322/3322/3322 3321/3321/3321 3390/3390/3390
f 3323/3323/3323 3322/3322/3322 3391/3391/3391
f 3324/3324/3324 3323/3323/3323 3392/3392/3392
f 3325/3325/3325 3324/3324/3324 3393/3393/3393
f 3326/3326/3326 3325/3325/3325 3394/3394/3394
f 3327/3327/3327 3326/3326/3326 3395/3395/3395
f 3334/3334/3334 3333/3333/3333 3402/3402/3402
f 3335/3335/3335 3334/3334/3334 3403/3403/3403
f 3336/3336/3336 3335/3335/3335 3404/3404/3404
f 3338/3338/3338 3337/3337/3337 3406/3406/3406
f 3344/3344/3344 3343/3343/3343 3412/3412/3412
f 3345/3345/3345 3344/3344/3344 3413/3413/3413
f 3346/3346/3346 3345/3345/3345 3414/3414/3414
f 3352/3352/3352 3351/3351/3351 3420/3420/3420
f 3353/3353/3353 3352/3352/3352 3421/3421/3421
f 3356/3356/3356 3355/3355/3355 3424/3424/3424
f 3357/3357/3357 3356/3356/3356 3425/3425/3425
f 3358/3358/3358 3357/3357/3357 3426/3426/3426
f 3362/3362/3362 3361/3361/3361 3430/3430/3430
f 3373/3373/3373 3372/3372/3372 3435/3435/3435
f 3378/3378/3378 3377/3377/3377 3440/3440/3440
f 3382/3382/3382 3381/3381/3381 3445/3445/3445
f 3383/3383/3383 3382/3382/3382 3446/3446/3446
f 3387/3387/3387 3386/3386/3386 3454/3454/3454
f 3388/3388/3388 3387/3387/3387 3455/3455/3455
f 3389/3389/3389 3388/3388/3388 3456/3456/3456
f 3390/3390/3390 3389/3389/3389 3457/3457/3457
f 3391/3391/3391 3390/3390/3390 3458/3458/3458
f 3392/3392/3392 3391/3391/3391 3459/3459/3459
f 3393/3393/3393 3392/3392/3392 3460/3460/3460
f 3394/3394/3394 3393/3393/3393 3461/3461/3461
f 3395/3395/3395 3394/3394/3394 3462/3462/3462
f 3399/3399/3399 3398/3398/3398 3465/3465/3465
f 3404/3404/3404 3403/3403/3403 3468/3468/3468
f 3406/3406/3406 3405/3405/3405 3470/3470/3470
f 3416/3416/3416 3415/3415/3415 3480/3480/3480
f 3417/3417/3417 3416/3416/3416 3481/3481/3481
f 3418/3418/3418 3417/3417/3417 3482/3482/3482
f 3419/3419/3419 3418/3418/3418 3483/3483/3483
f 3420/3420/3420 3419/3419/3419 3484/3484/3484
f 3421/3421/3421 3420/3420/3420 3485/3485/3485
f 3422/3422/3422 3421/3421/3421 3486/3486/3486
f 3423/3423/3423 3422/3422/3422 3487/3487/3487
f 3425/3425/3425 3424/3424/3424 3489/3489/3489
f 3434/3434/3434 3433/3433/3433 3496/3496/3496
f 3437/3437/3437 3436/3436/3436 3500/3500/3500
f 3442/3442/3442 3441/3441/3441 3505/3505/3505
f 3444/3444/3444 3443/3443/3443 3507/3507/3507
f 3450/3450/3450 3449/3449/3449 3514/3514/3514
f 3453/3453/3453 3452/3452/3452 3517/3517/3517
f 3455/3455/3455 3454/3454/3454 3519/3519/3519
f 3457/3457/3457 3456/3456/3456 3521/3521/3521
f 3458/3458/3458 3457/3457/3457 3522/3522/3522
f 3460/3460/3460 3459/3459/3459 3524/3524/3524
f 3461/3461/3461 3460/3460/3460 3525/3525/3525
f 3462/3462/3462 3461/3461/3461 3526/3526/3526
f 3463/3463/3463 3462/3462/3462 3527/3527/3527
f 3472/3472/3472 3471/3471/3471 3532/3532/3532
f 3480/3480/3480 3479/3479/3479 3540/3540/3540
f 3481/3481/3481 3480/3480/3480 3541/3541/3541
f 3482/3482/3482 3481/3481/3481 3542/3542/3542
f 3483/3483/3483 3482/3482/3482 3543/3543/3543
f 3485/3485/3485 3484/3484/3484 3545/3545/3545
f 3486/3486/3486 3485/3485/3485 3546/3546/3546
f 3487/3487/3487 3486/3486/3486 3547/3547/3547
f 3495/3495/3495 3494/3494/3494 3555/3555/3555
f 3497/3497/3497 3496/3496/3496 3558/3558/3558
f 3501/3501/3501 3500/3500/3500 3562/3562/3562
f 3510/3510/3510 3509/3509/3509 3571/3571/3571
f 3521/3521/3521 3520/3520/3520 3587/3587/3587
f 3523/3523/3523 3522/3522/3522 3589/3589/3589
f 3524/3524/3524 3523/3523/3523 3590/3590/3590
f 3525/3525/3525 3524/3524/3524 3591/3591/3591
f 3526/3526/3526 3525/3525/3525 3592/3592/3592
f 3527/3527/3527 3526/3526/3526 3593/3593/3593
f 3534/3534/3534 3533/3533/3533 3599/3599/3599
f 3536/3536/3536 3535/3535/3535 3601/3601/3601
f 3537/3537/3537 3536/3536/3536 3602/3602/3602
f 3540/3540/3540 3539/3539/3539 3605/3605/3605
f 3541/3541/3541 3540/3540/3540 3606/3606/3606
f 3542/3542/3542 3541/3541/3541 3607/3607/3607
f 3543/3543/3543 3542/3542/3542 3608/3608/3608
f 3546/3546/3546 3545/3545/3545 3611/3611/3611
f 3547/3547/3547 3546/3546/3546 3612/3612/3612
f 3552/3552/3552 3551/3551/3551 3619/3619/3619
f 3555/3555/3555 3554/3554/3554 3623/3623/3623
f 3556/3556/3556 3555/3555/3555 3624/3624/3624
f 3557/3557/3557 3556/3556/3556 3625/3625/3625
f 3569/3569/3569 3568/3568/3568 3641/3641/3641
f 3570/3570/3570 3569/3569/3569 3642/3642/3642
f 3576/3576/3576 3575/3575/3575 3649/3649/3649
f 3577/3577/3577 3576/3576/3576 3650/3650/3650
f 3582/3582/3582 3581/3581/3581 3661/3661/3661
f 3589/3589/3589 3588/3588/3588 3664/3664/3664
f 3590/3590/3590 3589/3589/3589 3665/3665/3665
f 3591/3591/3591 3590/3590/3590 3666/3666/3666
f 3592/3592/3592 3591/3591/3591 3667/3667/3667
f 3593/3593/3593 3592/3592/3592 3668/3668/3668
f 3594/3594/3594 3593/3593/3593 3669/3669/3669
f 3597/3597/3597 3596/3596/3596 3672/3672/3672
f 3604/3604/3604 3603/3603/3603 3679/3679/3679
f 3606/3606/3606 3605/3605/3605 3681/3681/3681
f 3609/3609/3609 3608/3608/3608 3684/3684/3684
f 3610/3610/3610 3609/3609/3609 3685/3685/3685
f 3611/3611/3611 3610/3610/3610 3686/3686/3686
f 3617/3617/3617 3616/3616/3616 3692/3692/3692
f 3620/3620/3620 3619/3619/3619 3694/3694/3694
f 3621/3621/3621 3620/3620/3620 3695/3695/3695
f 3623/3623/3623 3622/3622/3622 3697/3697/3697
f 3624/3624/3624 3623/3623/3623 3698/3698/3698
f 3629/3629/3629 3628/3628/3628 3702/3702/3702
f 3643/3643/3643 3642/3642/3642 3717/3717/3717
f 3646/3646/3646 3645/3645/3645 3720/3720/3720
f 3651/3651/3651 3650/3650/3650 3727/3727/3727
f 3655/3655/3655 3654/3654/3654 3733/3733/3733
f 3656/3656/3656 3655/3655/3655 3734/3734/3734
f 3657/3657/3657 3656/3656/3656 3735/3735/3735
f 3661/3661/3661 3660/3660/3660 3739/3739/3739
f 3662/3662/3662 3661/3661/3661 3740/3740/3740
f 3665/3665/3665 3664/3664/3664 3743/3743/3743
f 3666/3666/3666 3665/3665/3665 3744/3744/3744
f 3667/3667/3667 3666/3666/3666 3745/3745/3745
f 3668/3668/3668 3667/3667/3667 3746/3746/3746
f 3669/3669/3669 3668/3668/3668 3747/3747/3747
f 3674/3674/3674 3673/3673/3673 3750/3750/3750
f 3680/3680/3680 3679/3679/3679 3755/3755/3755
f 3681/3681/3681 3680/3680/3680 3756/3756/3756
f 3692/3692/3692 3691/3691/3691 3759/3759/3759
f 3696/3696/3696 3695/3695/3695 3762/3762/3762
f 3699/3699/3699 3698/3698/3698 3764/3764/3764
f 3704/3704/3704 3703/3703/3703 3769/3769/3769
f 3706/3706/3706 3705/3705/3705 3771/3771/3771
f 3709/3709/3709 3708/3708/3708 3775/3775/3775
f 3711/3711/3711 3710/3710/3710 3777/3777/3777
f 3721/3721/3721 3720/3720/3720 3787/3787/3787
f 3722/3722/3722 3721/3721/3721 3788/3788/3788
f 3726/3726/3726 3725/3725/3725 3793/3793/3793
f 3729/3729/3729 3728/3728/3728 3796/3796/3796
f 3733/3733/3733 3732/3732/3732 3800/3800/3800
f 3734/3734/3734 3733/3733/3733 3801/3801/3801
f 3738/3738/3738 3737/3737/3737 3805/3805/3805
f 3739/3739/3739 3738/3738/3738 3806/3806/3806
f 3740/3740/3740 3739/3739/3739 3807/3807/3807
f 3741/3741/3741 3740/3740/3740 3808/3808/3808
f 3742/3742/3742 3741/3741/3741 3809/3809/3809
f 3745/3745/3745 3744/3744/3744 3813/3813/3813
f 3746/3746/3746 3745/3745/3745 3814/3814/3814
f 3747/3747/3747 3746/3746/3746 3815/3815/3815
f 3748/3748/3748 3747/3747/3747 3816/3816/3816
f 3752/3752/3752 3751/3751/3751 3819/3819/3819
f 3757/3757/3757 3756/3756/3756 3822/3822/3822
f 3768/3768/3768 3767/3767/3767 3829/3829/3829
f 3772/3772/3772 3771/3771/3771 3835/3835/3835
f 3775/3775/3775 3774/3774/3774 3841/3841/3841
f 3776/3776/3776 3775/3775/3775 3842/3842/3842
f 3778/3778/3778 3777/3777/3777 3844/3844/3844
f 3779/3779/3779 3778/3778/3778 3845/3845/3845
f 3790/3790/3790 3789/3789/3789 3856/3856/3856
f 3792/3792/3792 3791/3791/3791 3858/3858/3858
f 3799/3799/3799 3798/3798/3798 3865/3865/3865
f 3800/3800/3800 3799/3799/3799 3866/3866/3866
f 3801/3801/3801 3800/3800/3800 3867/3867/3867
f 3802/3802/3802 3801/3801/3801 3868/3868/3868
f 3806/3806/3806 3805/3805/3805 3872/3872/3872
f 3807/3807/3807 3806/3806/3806 3873/3873/3873
f 3810/3810/3810 3809/3809/3809 3876/3876/3876
f 3813/3813/3813 3812/3812/3812 3879/3879/3879
f 3814/3814/3814 3813/3813/3813 3880/3880/3880
f 3815/3815/3815 3814/3814/3814 3881/3881/3881
f 3816/3816/3816 3815/3815/3815 3882/3882/3882
f 3825/3825/3825 3824/3824/3824 3885/3885/3885
f 3832/3832/3832 3831/3831/3831 3891/3891/3891
f 3834/3834/3834 3833/3833/3833 3893/3893/3893
f 3837/3837/3837 3836/3836/3836 3896/3896/3896
f 3838/3838/3838 3837/3837/3837 3897/3897/3897
f 3842/3842/3842 3841/3841/3841 3901/3901/3901
f 3843/3843/3843 3842/3842/3842 3902/3902/3902
f 3847/3847/3847 3846/3846/3846 3904/3904/3904
f 3848/3848/3848 3847/3847/3847 3905/3905/3905
f 3866/3866/3866 3865/3865/3865 3923/3923/3923
f 3867/3867/3867 3866/3866/3866 3924/3924/3924
f 3868/3868/3868 3867/3867/3867 3925/3925/3925
f 3869/3869/3869 3868/3868/3868 3926/3926/3926
f 3870/3870/3870 3869/3869/3869 3927/3927/3927
f 3871/3871/3871 3870/3870/3870 3928/3928/3928
f 3876/3876/3876 3875/3875/3875 3933/3933/3933
f 3877/3877/3877 3876/3876/3876 3934/3934/3934
f 3880/3880/3880 3879/3879/3879 3937/3937/3937
f 3881/3881/3881 3880/3880/3880 3938/3938/3938
f 3882/3882/3882 3881/3881/3881 3939/3939/3939
f 3886/3886/3886 3885/3885/3885 3942/3942/3942
f 3889/3889/3889 3888/3888/3888 3945/3945/3945
f 3891/3891/3891 3890/3890/3890 3947/3947/3947
f 3892/3892/3892 3891/3891/3891 3948/3948/3948
f 1/1/1 11/11/11 47/47/47
f 12/12/12 9/9/9 45/45/45
f 10/10/10 14/14/14 50/50/50
f 14/14/14 16/16/16 52/52/52
f 19/19/19 17/17/17 53/53/53
f 21/21/21 19/19/19 55/55/55
f 25/25/25 21/21/21 57/57/57
f 23/23/23 26/26/26 62/62/62
f 48/48/48 45/45/45 81/81/81
f 50/50/50 52/52/52 88/88/88
f 52/52/52 54/54/54 90/90/90
f 55/55/55 53/53/53 89/89/89
f 57/57/57 55/55/55 91/91/91
f 59/59/59 62/62/62 98/98/98
f 84/84/84 81/81/81 117/117/117
f 87/87/87 85/85/85 121/121/121
f 86/86/86 88/88/88 124/124/124
f 91/91/91 89/89/89 125/125/125
f 90/90/90 92/92/92 128/128/128
f 93/93/93 91/91/91 127/127/127
f 92/92/92 94/94/94 131/131/131
f 95/95/95 98/98/98 135/135/135
f 99/99/99 102/102/102 139/139/139
f 109/109/109 119/119/119 156/156/156
f 120/120/120 117/117/117 154/154/154
f 118/118/118 122/122/122 159/159/159
f 123/123/123 121/121/121 158/158/158
f 125/125/125 123/123/123 161/161/161
f 126/126/126 128/128/128 166/166/166
f 128/128/128 131/131/131 169/169/169
f 132/132/132 135/135/135 172/172/172
f 138/138/138 133/133/133 171/171/171
f 136/136/136 139/139/139 176/176/176
f 146/146/146 156/156/156 193/193/193
f 155/155/155 159/159/159 195/195/195
f 160/160/160 157/157/157 194/194/194
f 163/163/163 161/161/161 197/197/197
f 165/165/165 163/163/163 200/200/200
f 164/164/164 166/166/166 203/203/203
f 166/166/166 169/169/169 206/206/206
f 173/173/173 176/176/176 213/213/213
f 183/183/183 193/193/193 231/231/231
f 192/192/192 195/195/195 234/234/234
f 195/195/195 198/198/198 237/237/237
f 199/199/199 196/196/196 235/235/235
f 202/202/202 200/200/200 239/239/239
f 201/201/201 203/203/203 243/243/243
f 203/203/203 206/206/206 247/247/247
f 208/208/208 204/204/204 245/245/245
f 207/207/207 209/209/209 251/251/251
f 210/210/210 213/213/213 255/255/255
f 219/219/219 211/211/211 253/253/253
f 220/220/220 230/230/230 272/272/272
f 232/232/232 229/229/229 271/271/271
f 230/230/230 234/234/234 276/276/276
f 233/233/233 236/236/236 279/279/279
f 241/241/241 243/243/243 285/285/285
f 246/246/246 242/242/242 284/284/284
f 244/244/244 248/248/248 289/289/289
f 250/250/250 245/245/245 287/287/287
f 249/249/249 252/252/252 292/292/292
f 254/254/254 250/250/250 291/291/291
f 252/252/252 255/255/255 296/296/296
f 262/262/262 272/272/272 313/313/313
f 275/275/275 279/279/279 319/319/319
f 281/281/281 278/278/278 318/318/318
f 279/279/279 282/282/282 322/322/322
f 283/283/283 285/285/285 326/326/326
f 290/290/290 292/292/292 333/333/333
f 295/295/295 291/291/291 332/332/332
f 293/293/293 297/297/297 337/337/337
f 313/313/313 317/317/317 358/358/358
f 321/321/321 318/318/318 359/359/359
f 320/320/320 323/323/323 362/362/362
f 327/327/327 330/330/330 368/368/368
f 332/332/332 328/328/328 367/367/367
f 331/331/331 333/333/333 371/371/371
f 342/342/342 335/335/335 373/373/373
f 344/344/344 355/355/355 399/399/399
f 359/359/359 357/357/357 400/400/400
f 364/364/364 361/361/361 406/406/406
f 367/367/367 363/363/363 408/408/408
f 366/366/366 368/368/368 414/414/414
f 372/372/372 375/375/375 421/421/421
f 381/381/381 389/389/389 439/439/439
f 385/385/385 393/393/393 441/441/441
f 387/387/387 398/398/398 447/447/447
f 404/404/404 401/401/401 449/449/449
f 406/406/406 403/403/403 452/452/452
f 405/405/405 407/407/407 459/459/459
f 409/409/409 406/406/406 456/456/456
f 413/413/413 409/409/409 460/460/460
f 416/416/416 412/412/412 465/465/465
f 420/420/420 416/416/416 470/470/470
f 426/426/426 419/419/419 476/476/476
f 429/429/429 425/425/425 483/483/483
f 430/430/430 439/439/439 503/503/503
f 437/437/437 447/447/447 508/508/508
f 453/453/453 449/449/449 510/510/510
f 457/457/457 453/453/453 513/513/513
f 461/461/461 457/457/457 516/516/516
f 466/466/466 460/460/460 519/519/519
f 471/471/471 466/466/466 523/523/523
f 477/477/477 470/470/470 527/527/527
f 485/485/485 477/477/477 531/531/531
f 491/491/491 484/484/484 537/537/537
f 492/492/492 502/502/502 564/564/564
f 501/501/501 508/508/508 568/568/568
f 507/507/507 512/512/512 572/572/572
f 511/511/511 514/514/514 575/575/575
f 520/520/520 516/516/516 576/576/576
f 524/524/524 520/520/520 580/580/580
f 528/528/528 523/523/523 584/584/584
f 532/532/532 528/528/528 588/588/588
f 539/539/539 532/532/532 592/592/592
f 547/547/547 538/538/538 597/597/597
f 552/552/552 545/545/545 603/603/603
f 553/553/553 564/564/564 625/625/625
f 565/565/565 561/561/561 622/622/622
f 562/562/562 567/567/567 631/631/631
f 567/567/567 572/572/572 636/636/636
f 571/571/571 575/575/575 640/640/640
f 575/575/575 578/578/578 643/643/643
f 581/581/581 577/577/577 641/641/641
f 585/585/585 580/580/580 644/644/644
f 589/589/589 585/585/585 649/649/649
f 593/593/593 589/589/589 652/652/652
f 599/599/599 593/593/593 656/656/656
f 605/605/605 597/597/597 661/661/661
f 602/602/602 606/606/606 671/671/671
f 612/612/612 605/605/605 668/668/668
f 613/613/613 624/624/624 697/697/697
f 623/623/623 631/631/631 703/703/703
f 634/634/634 629/629/629 701/701/701
f 630/630/630 635/635/635 706/706/706
f 646/646/646 642/642/642 710/710/710
f 650/650/650 645/645/645 712/712/712
f 657/657/657 653/653/653 722/722/722
f 663/663/663 656/656/656 725/725/725
f 670/670/670 663/663/663 729/729/729
f 678/678/678 669/669/669 735/735/735
f 683/683/683 676/676/676 740/740/740
f 695/695/695 702/702/702 770/770/770
f 710/710/710 708/708/708 774/774/774
f 713/713/713 710/710/710 776/776/776
f 711/711/711 715/715/715 781/781/781
f 718/718/718 713/713/713 779/779/779
f 714/714/714 719/719/719 784/784/784
f 722/722/722 717/717/717 782/782/782
f 730/730/730 726/726/726 790/790/790
f 736/736/736 729/729/729 795/795/795
f 742/742/742 735/735/735 802/802/802
f 749/749/749 741/741/741 808/808/808
f 751/751/751 746/746/746 814/814/814
f 753/753/753 766/766/766 836/836/836
f 771/771/771 769/769/769 839/839/839
f 770/770/770 773/773/773 846/846/846
f 774/774/774 772/772/772 843/843/843
f 773/773/773 775/775/775 851/851/851
f 775/775/775 778/778/778 855/855/855
f 779/779/779 776/776/776 852/852/852
f 777/777/777 780/780/780 858/858/858
f 787/787/787 783/783/783 859/859/859
f 791/791/791 787/787/787 862/862/862
f 797/797/797 791/791/791 864/864/864
f 804/804/804 796/796/796 867/867/867
f 810/810/810 803/803/803 872/872/872
f 807/807/807 811/811/811 879/879/879
f 818/818/818 809/809/809 877/877/877
f 813/813/813 819/819/819 887/887/887
f 821/821/821 815/815/815 883/883/883
f 822/822/822 835/835/835 928/928/928
f 837/837/837 832/832/832 921/921/921
f 834/834/834 841/841/841 941/941/941
f 842/842/842 839/839/839 935/935/935
f 840/840/840 846/846/846 948/948/948
f 847/847/847 842/842/842 943/943/943
f 844/844/844 849/849/849 952/952/952
f 852/852/852 848/848/848 950/950/950
f 849/849/849 853/853/853 955/955/955
f 862/862/862 859/859/859 960/960/960
f 863/863/863 865/865/865 970/970/970
f 866/866/866 869/869/869 977/977/977
f 890/890/890 893/893/893 1068/1068/1068
f 898/898/898 894/894/894 1069/1069/1069
f 896/896/896 899/899/899 1091/1091/1091
f 923/923/923 909/909/909 1130/1130/1130
f 910/910/910 927/927/927 1149/1149/1149
f 929/929/929 916/916/916 1137/1137/1137
f 932/932/932 920/920/920 1141/1141/1141
f 924/924/924 938/938/938 1162/1162/1162
f 926/926/926 940/940/940 1164/1164/1164
f 942/942/942 934/934/934 1156/1156/1156
f 945/945/945 937/937/937 1161/1161/1161
f 938/938/938 946/946/946 1173/1173/1173
f 949/949/949 943/943/943 1167/1167/1167
f 945/945/945 951/951/951 1181/1181/1181
f 953/953/953 950/950/950 1176/1176/1176
f 956/956/956 953/953/953 1183/1183/1183
f 960/960/960 956/956/956 1191/1191/1191
f 959/959/959 961/961/961 1212/1212/1212
f 968/968/968 975/975/975 1247/1247/1247
f 971/971/971 977/977/977 1248/1248/1248
f 974/974/974 983/983/983 1261/1261/1261
f 979/979/979 986/986/986 1262/1262/1262
f 990/990/990 1003/1003/1003 1284/1284/1284
f 1007/1007/1007 1010/1010/1010 1431/1431/1431
f 1010/1010/1010 1018/1018/1018 1453/1453/1453
f 1020/1020/1020 1012/1012/1012 1432/1432/1432
f 1013/1013/1013 1021/1021/1021 1456/1456/1456
f 1028/1028/1028 1019/1019/1019 1454/1454/1454
f 1021/1021/1021 1029/1029/1029 1474/1474/1474
f 1042/1042/1042 1040/1040/1040 1491/1491/1491
f 1043/1043/1043 1046/1046/1046 1549/1549/1549
f 1045/1045/1045 1049/1049/1049 1570/1570/1570
f 1053/1053/1053 1060/1060/1060 1609/1609/1609
f 1059/1059/1059 1066/1066/1066 1628/1628/1628
f 1066/1066/1066 1077/1077/1077 1645/1645/1645
f 1073/1073/1073 1085/1085/1085 1658/1658/1658
f 1076/1076/1076 1089/1089/1089 1661/1661/1661
f 1084/1084/1084 1101/1101/1101 1686/1686/1686
f 1111/1111/1111 1095/1095/1095 1662/1662/1662
f 1097/1097/1097 1113/1113/1113 1697/1697/1697
f 1101/1101/1101 1117/1117/1117 1710/1710/1710
f 1105/1105/1105 1121/1121/1121 1712/1712/1712
f 1142/1142/1142 1158/1158/1158 1768/1768/1768
f 1165/1165/1165 1155/1155/1155 1749/1749/1749
f 1157/1157/1157 1168/1168/1168 1786/1786/1786
f 1174/1174/1174 1166/1166/1166 1770/1770/1770
f 1182/1182/1182 1175/1175/1175 1789/1789/1789
f 1190/1190/1190 1182/1182/1182 1811/1811/1811
f 1184/1184/1184 1196/1196/1196 1845/1845/1845
f 1202/1202/1202 1190/1190/1190 1834/1834/1834
f 1192/1192/1192 1204/1204/1204 1863/1863/1863
f 1194/1194/1194 1206/1206/1206 1865/1865/1865
f 1214/1214/1214 1203/1203/1203 1857/1857/1857
f 1204/1204/1204 1216/1216/1216 1881/1881/1881
f 1215/1215/1215 1229/1229/1229 1893/1893/1893
f 1227/1227/1227 1240/1240/1240 1905/1905/1905
f 1240/1240/1240 1255/1255/1255 1918/1918/1918
f 1266/1266/1266 1251/1251/1251 1913/1913/1913
f 1254/1254/1254 1268/1268/1268 1933/1933/1933
f 1283/1283/1283 1264/1264/1264 1928/1928/1928
f 1267/1267/1267 1286/1286/1286 1954/1954/1954
f 1301/1301/1301 1280/1280/1280 1945/1945/1945
f 1297/1297/1297 1314/1314/1314 1982/1982/1982
f 1313/1313/1313 1330/1330/1330 2008/2008/2008
f 1319/1319/1319 1341/1341/1341 2027/2027/2027
f 1329/1329/1329 1352/1352/1352 2040/2040/2040
f 1341/1341/1341 1365/1365/1365 2053/2053/2053
f 1351/1351/1351 1377/1377/1377 2065/2065/2065
f 1375/1375/1375 1403/1403/1403 2091/2091/2091
f 1417/1417/1417 1389/1389/1389 2066/2066/2066
f 1419/1419/1419 1392/1392/1392 2071/2071/2071
f 1427/1427/1427 1401/1401/1401 2080/2080/2080
f 1447/1447/1447 1425/1425/1425 2106/2106/2106
f 1465/1465/1465 1447/1447/1447 2134/2134/2134
f 1467/1467/1467 1449/1449/1449 2146/2146/2146
f 1478/1478/1478 1461/1461/1461 2148/2148/2148
f 1496/1496/1496 1480/1480/1480 2191/2191/2191
f 1509/1509/1509 1494/1494/1494 2205/2205/2205
f 1497/1497/1497 1516/1516/1516 2267/2267/2267
f 1527/1527/1527 1508/1508/1508 2236/2236/2236
f 1510/1510/1510 1529/1529/1529 2282/2282/2282
f 1513/1513/1513 1532/1532/1532 2284/2284/2284
f 1528/1528/1528 1548/1548/1548 2314/2314/2314
f 1557/1557/1557 1537/1537/1537 2299/2299/2299
f 1566/1566/1566 1546/1546/1546 2301/2301/2301
f 1547/1547/1547 1569/1569/1569 2345/2345/2345
f 1554/1554/1554 1575/1575/1575 2357/2357/2357
f 1578/1578/1578 1557/1557/1557 2329/2329/2329
f 1558/1558/1558 1579/1579/1579 2359/2359/2359
f 1584/1584/1584 1563/1563/1563 2331/2331/2331
f 1567/1567/1567 1585/1585/1585 2371/2371/2371
f 1585/1585/1585 1606/1606/1606 2400/2400/2400
f 1611/1611/1611 1593/1593/1593 2373/2373/2373
f 1605/1605/1605 1625/1625/1625 2432/2432/2432
f 1631/1631/1631 1615/1615/1615 2414/2414/2414
f 1616/1616/1616 1632/1632/1632 2450/2450/2450
f 1623/1623/1623 1640/1640/1640 2465/2465/2465
f 1639/1639/1639 1657/1657/1657 2493/2493/2493
f 1646/1646/1646 1664/1664/1664 2500/2500/2500
f 1648/1648/1648 1669/1669/1669 2505/2505/2505
f 1656/1656/1656 1685/1685/1685 2517/2517/2517
f 1665/1665/1665 1691/1691/1691 2525/2525/2525
f 1679/1679/1679 1703/1703/1703 2529/2529/2529
f 1682/1682/1682 1706/1706/1706 2531/2531/2531
f 1728/1728/1728 1758/1758/1758 2587/2587/2587
f 1731/1731/1731 1763/1763/1763 2592/2592/2592
f 1734/1734/1734 1766/1766/1766 2597/2597/2597
f 1750/1750/1750 1771/1771/1771 2600/2600/2600
f 1784/1784/1784 1763/1763/1763 2592/2592/2592
f 1787/1787/1787 1769/1769/1769 2598/2598/2598
f 1771/1771/1771 1791/1791/1791 2614/2614/2614
f 1785/1785/1785 1806/1806/1806 2624/2624/2624
f 1809/1809/1809 1787/1787/1787 2611/2611/2611
f 1790/1790/1790 1812/1812/1812 2631/2631/2631
f 1805/1805/1805 1827/1827/1827 2638/2638/2638
f 1833/1833/1833 1810/1810/1810 2626/2626/2626
f 1848/1848/1848 1826/1826/1826 2632/2632/2632
f 1868/1868/1868 1848/1848/1848 2650/2650/2650
f 1874/1874/1874 1856/1856/1856 2661/2661/2661
f 1887/1887/1887 1874/1874/1874 2683/2683/2683
f 1876/1876/1876 1889/1889/1889 2714/2714/2714
f 1901/1901/1901 1887/1887/1887 2707/2707/2707
f 1888/1888/1888 1902/1902/1902 2736/2736/2736
f 1907/1907/1907 1922/1922/1922 2763/2763/2763
f 1915/1915/1915 1931/1931/1931 2773/2773/2773
f 1919/1919/1919 1935/1935/1935 2779/2779/2779
f 1950/1950/1950 1930/1930/1930 2765/2765/2765
f 1931/1931/1931 1953/1953/1953 2788/2788/2788
f 1934/1934/1934 1956/1956/1956 2794/2794/2794
f 1973/1973/1973 1950/1950/1950 2780/2780/2780
f 1951/1951/1951 1974/1974/1974 2801/2801/2801
f 1955/1955/1955 1979/1979/1979 2812/2812/2812
f 1974/1974/1974 1999/1999/1999 2819/2819/2819
f 1979/1979/1979 2006/2006/2006 2831/2831/2831
f 2004/2004/2004 2037/2037/2037 2848/2848/2848
f 2030/2030/2030 2056/2056/2056 2856/2856/2856
f 2074/2074/2074 2049/2049/2049 2849/2849/2849
f 2050/2050/2050 2075/2075/2075 2863/2863/2863
f 2100/2100/2100 2073/2073/2073 2857/2857/2857
f 2112/2112/2112 2086/2086/2086 2867/2867/2867
f 2089/2089/2089 2115/2115/2115 2885/2885/2885
f 2126/2126/2126 2100/2100/2100 2871/2871/2871
f 2152/2152/2152 2124/2124/2124 2886/2886/2886
f 2138/2138/2138 2166/2166/2166 2913/2913/2913
f 2153/2153/2153 2182/2182/2182 2926/2926/2926
f 2184/2184/2184 2155/2155/2155 2909/2909/2909
f 2168/2168/2168 2196/2196/2196 2933/2933/2933
f 2197/2197/2197 2169/2169/2169 2916/2916/2916
f 2209/2209/2209 2181/2181/2181 2919/2919/2919
f 2198/2198/2198 2229/2229/2229 2953/2953/2953
f 2240/2240/2240 2208/2208/2208 2937/2937/2937
f 2210/2210/2210 2242/2242/2242 2963/2963/2963
f 2212/2212/2212 2244/2244/2244 2965/2965/2965
f 2215/2215/2215 2247/2247/2247 2967/2967/2967
f 2241/2241/2241 2273/2273/2273 2976/2976/2976
f 2365/2365/2365 2336/2336/2336 2987/2987/2987
f 2367/2367/2367 2338/2338/2338 2989/2989/2989
f 2395/2395/2395 2366/2366/2366 3001/3001/3001
f 2368/2368/2368 2397/2397/2397 3025/3025/3025
f 2396/2396/2396 2429/2429/2429 3037/3037/3037
f 2426/2426/2426 2458/2458/2458 3048/3048/3048
f 2428/2428/2428 2463/2463/2463 3053/3053/3053
f 2467/2467/2467 2434/2434/2434 3038/3038/3038
f 2456/2456/2456 2485/2485/2485 3062/3062/3062
f 2462/2462/2462 2491/2491/2491 3064/3064/3064
f 2468/2468/2468 2494/2494/2494 3071/3071/3071
f 2548/2548/2548 2583/2583/2583 3131/3131/3131
f 2565/2565/2565 2596/2596/2596 3134/3134/3134
f 2598/2598/2598 2580/2580/2580 3124/3124/3124
f 2581/2581/2581 2599/2599/2599 3142/3142/3142
f 2611/2611/2611 2598/2598/2598 3135/3135/3135
f 2599/2599/2599 2613/2613/2613 3151/3151/3151
f 2612/2612/2612 2630/2630/2630 3159/3159/3159
f 2640/2640/2640 2625/2625/2625 3152/3152/3152
f 2627/2627/2627 2642/2642/2642 3165/3165/3165
f 2651/2651/2651 2633/2633/2633 3160/3160/3160
f 2660/2660/2660 2641/2641/2641 3164/3164/3164
f 2647/2647/2647 2666/2666/2666 3179/3179/3179
f 2652/2652/2652 2673/2673/2673 3181/3181/3181
f 2683/2683/2683 2661/2661/2661 3175/3175/3175
f 2684/2684/2684 2709/2709/2709 3195/3195/3195
f 2718/2718/2718 2696/2696/2696 3189/3189/3189
f 2709/2709/2709 2732/2732/2732 3211/3211/3211
f 2738/2738/2738 2717/2717/2717 3201/3201/3201
f 2747/2747/2747 2728/2728/2728 3207/3207/3207
f 2756/2756/2756 2738/2738/2738 3217/3217/3217
f 2740/2740/2740 2758/2758/2758 3239/3239/3239
f 2749/2749/2749 2768/2768/2768 3243/3243/3243
f 2757/2757/2757 2776/2776/2776 3254/3254/3254
f 2774/2774/2774 2790/2790/2790 3263/3263/3263
f 2789/2789/2789 2808/2808/2808 3271/3271/3271
f 2806/2806/2806 2825/2825/2825 3274/3274/3274
f 2904/2904/2904 2890/2890/2890 3275/3275/3275
f 2922/2922/2922 2903/2903/2903 3278/3278/3278
f 2905/2905/2905 2923/2923/2923 3286/3286/3286
f 2940/2940/2940 2921/2921/2921 3282/3282/3282
f 2923/2923/2923 2942/2942/2942 3291/3291/3291
f 2941/2941/2941 2960/2960/2960 3295/3295/3295
f 3007/3007/3007 3020/3020/3020 3299/3299/3299
f 3106/3106/3106 3084/3084/3084 3305/3305/3305
f 3122/3122/3122 3092/3092/3092 3315/3315/3315
f 3094/3094/3094 3129/3129/3129 3359/3359/3359
f 3132/3132/3132 3107/3107/3107 3329/3329/3329
f 3125/3125/3125 3138/3138/3138 3368/3368/3368
f 3136/3136/3136 3145/3145/3145 3371/3371/3371
f 3306/3306/3306 3331/3331/3331 3401/3401/3401
f 3316/3316/3316 3359/3359/3359 3428/3428/3428
f 3360/3360/3360 3328/3328/3328 3397/3397/3397
f 3330/3330/3330 3363/3363/3363 3432/3432/3432
f 3379/3379/3379 3400/3400/3400 3467/3467/3467
f 3384/3384/3384 3427/3427/3427 3492/3492/3492
f 3468/3468/3468 3447/3447/3447 3511/3511/3511
f 3448/3448/3448 3488/3488/3488 3549/3549/3549
f 3493/3493/3493 3469/3469/3469 3531/3531/3531
f 3500/3500/3500 3497/3497/3497 3559/3559/3559
f 3498/3498/3498 3528/3528/3528 3595/3595/3595
f 3530/3530/3530 3511/3511/3511 3573/3573/3573
f 3512/3512/3512 3548/3548/3548 3614/3614/3614
f 3550/3550/3550 3518/3518/3518 3586/3586/3586
f 3553/3553/3553 3530/3530/3530 3597/3597/3597
f 3560/3560/3560 3595/3595/3595 3671/3671/3671
f 3574/3574/3574 3600/3600/3600 3678/3678/3678
f 3578/3578/3578 3607/3607/3607 3683/3683/3683
f 3580/3580/3580 3614/3614/3614 3690/3690/3690
f 3615/3615/3615 3583/3583/3583 3663/3663/3663
f 3598/3598/3598 3625/3625/3625 3700/3700/3700
f 3627/3627/3627 3617/3617/3617 3693/3693/3693
f 3632/3632/3632 3670/3670/3670 3749/3749/3749
f 3647/3647/3647 3677/3677/3677 3754/3754/3754
f 3652/3652/3652 3682/3682/3682 3758/3758/3758
f 3664/3664/3664 3696/3696/3696 3763/3763/3763
f 3675/3675/3675 3699/3699/3699 3765/3765/3765
f 3701/3701/3701 3693/3693/3693 3761/3761/3761
f 3710/3710/3710 3706/3706/3706 3772/3772/3772
f 3707/3707/3707 3749/3749/3749 3818/3818/3818
f 3723/3723/3723 3753/3753/3753 3821/3821/3821
f 3730/3730/3730 3757/3757/3757 3823/3823/3823
f 3759/3759/3759 3742/3742/3742 3810/3810/3810
f 3743/3743/3743 3763/3763/3763 3827/3827/3827
f 3766/3766/3766 3760/3760/3760 3825/3825/3825
f 3762/3762/3762 3770/3770/3770 3832/3832/3832
f 3773/3773/3773 3817/3817/3817 3884/3884/3884
f 3824/3824/3824 3810/3810/3810 3877/3877/3877
f 3811/3811/3811 3826/3826/3826 3887/3887/3887
f 3828/3828/3828 3825/3825/3825 3886/3886/3886
f 3831/3831/3831 3834/3834/3834 3894/3894/3894
f 3839/3839/3839 3883/3883/3883 3941/3941/3941
f 3887/3887/3887 3892/3892/3892 3949/3949/3949
f 161/161/161 158/158/158 160/160/160
f 200/200/200 197/197/197 199/199/199
f 230/230/230 220/220/220 231/231/231
f 236/236/236 233/233/233 237/237/237
f 248/248/248 244/244/244 247/247/247
f 252/252/252 249/249/249 251/251/251
f 297/297/297 293/293/293 296/296/296
f 323/323/323 320/320/320 322/322/322
f 389/389/389 381/381/381 390/390/390
f 390/390/390 382/382/382 391/391/391
f 393/393/393 385/385/385 394/394/394
f 398/398/398 387/387/387 399/399/399
f 403/403/403 400/400/400 404/404/404
f 412/412/412 408/408/408 413/413/413
f 428/428/428 424/424/424 429/429/429
f 440/440/440 433/433/433 441/441/441
f 450/450/450 446/446/446 451/451/451
f 454/454/454 450/450/450 455/455/455
f 456/456/456 452/452/452 457/457/457
f 458/458/458 454/454/454 459/459/459
f 460/460/460 456/456/456 461/461/461
f 470/470/470 465/465/465 471/471/471
f 484/484/484 476/476/476 485/485/485
f 490/490/490 483/483/483 491/491/491
f 502/502/502 492/492/492 503/503/503
f 514/514/514 511/511/511 515/515/515
f 523/523/523 519/519/519 524/524/524
f 531/531/531 527/527/527 532/532/532
f 538/538/538 531/531/531 539/539/539
f 546/546/546 537/537/537 547/547/547
f 549/549/549 542/542/542 550/550/550
f 551/551/551 544/544/544 552/552/552
f 567/567/567 562/562/562 568/568/568
f 580/580/580 576/576/576 581/581/581
f 588/588/588 584/584/584 589/589/589
f 592/592/592 588/588/588 593/593/593
f 598/598/598 592/592/592 599/599/599
f 610/610/610 603/603/603 611/611/611
f 611/611/611 604/604/604 612/612/612
f 624/624/624 613/613/613 625/625/625
f 635/635/635 630/630/630 636/636/636
f 645/645/645 641/641/641 646/646/646
f 649/649/649 644/644/644 650/650/650
f 656/656/656 652/652/652 657/657/657
f 668/668/668 661/661/661 669/669/669
f 669/669/669 662/662/662 670/670/670
f 677/677/677 668/668/668 678/678/678
f 680/680/680 673/673/673 681/681/681
f 682/682/682 675/675/675 683/683/683
f 702/702/702 695/695/695 703/703/703
f 717/717/717 712/712/712 718/718/718
f 729/729/729 725/725/725 730/730/730
f 748/748/748 740/740/740 749/749/749
f 780/780/780 777/777/777 781/781/781
f 786/786/786 782/782/782 787/787/787
f 790/790/790 786/786/786 791/791/791
f 796/796/796 790/790/790 797/797/797
f 803/803/803 795/795/795 804/804/804
f 809/809/809 802/802/802 810/810/810
f 817/817/817 808/808/808 818/818/818
f 835/835/835 822/822/822 836/836/836
f 848/848/848 843/843/843 847/847/847
f 850/850/850 845/845/845 851/851/851
f 854/854/854 850/850/850 855/855/855
f 888/888/888 882/882/882 887/887/887
f 893/893/893 890/890/890 894/894/894
f 894/894/894 891/891/891 895/895/895
f 897/897/897 893/893/893 898/898/898
f 899/899/899 896/896/896 900/900/900
f 902/902/902 899/899/899 903/903/903
f 927/927/927 910/910/910 928/928/928
f 930/930/930 917/917/917 929/929/929
f 933/933/933 921/921/921 932/932/932
f 940/940/940 926/926/926 941/941/941
f 943/943/943 935/935/935 942/942/942
f 946/946/946 938/938/938 947/947/947
f 947/947/947 939/939/939 948/948/948
f 975/975/975 968/968/968 976/976/976
f 983/983/983 974/974/974 984/984/984
f 984/984/984 975/975/975 985/985/985
f 994/994/994 984/984/984 995/995/995
f 1005/1005/1005 994/994/994 1006/1006/1006
f 1010/1010/1010 1007/1007/1007 1011/1011/1011
f 1018/1018/1018 1010/1010/1010 1019/1019/1019
f 1019/1019/1019 1011/1011/1011 1020/1020/1020
f 1021/1021/1021 1013/1013/1013 1022/1022/1022
f 1027/1027/1027 1018/1018/1018 1028/1028/1028
f 1030/1030/1030 1022/1022/1022 1031/1031/1031
f 1031/1031/1031 1023/1023/1023 1032/1032/1032
f 1032/1032/1032 1024/1024/1024 1033/1033/1033
f 1037/1037/1037 1031/1031/1031 1038/1038/1038
f 1039/1039/1039 1033/1033/1033 1040/1040/1040
f 1049/1049/1049 1045/1045/1045 1050/1050/1050
f 1053/1053/1053 1049/1049/1049 1054/1054/1054
f 1060/1060/1060 1053/1053/1053 1061/1061/1061
f 1061/1061/1061 1054/1054/1054 1062/1062/1062
f 1062/1062/1062 1055/1055/1055 1063/1063/1063
f 1063/1063/1063 1056/1056/1056 1064/1064/1064
f 1066/1066/1066 1059/1059/1059 1067/1067/1067
f 1067/1067/1067 1060/1060/1060 1068/1068/1068
f 1070/1070/1070 1063/1063/1063 1071/1071/1071
f 1080/1080/1080 1069/1069/1069 1081/1081/1081
f 1085/1085/1085 1073/1073/1073 1086/1086/1086
f 1089/1089/1089 1076/1076/1076 1090/1090/1090
f 1095/1095/1095 1082/1082/1082 1096/1096/1096
f 1101/1101/1101 1084/1084/1084 1102/1102/1102
f 1102/1102/1102 1085/1085/1085 1103/1103/1103
f 1105/1105/1105 1088/1088/1088 1106/1106/1106
f 1107/1107/1107 1090/1090/1090 1108/1108/1108
f 1110/1110/1110 1094/1094/1094 1111/1111/1111
f 1113/1113/1113 1097/1097/1097 1114/1114/1114
f 1114/1114/1114 1098/1098/1098 1115/1115/1115
f 1117/1117/1117 1101/1101/1101 1118/1118/1118
f 1118/1118/1118 1102/1102/1102 1119/1119/1119
f 1119/1119/1119 1103/1103/1103 1120/1120/1120
f 1121/1121/1121 1105/1105/1105 1122/1122/1122
f 1122/1122/1122 1106/1106/1106 1123/1123/1123
f 1126/1126/1126 1110/1110/1110 1127/1127/1127
f 1145/1145/1145 1130/1130/1130 1144/1144/1144
f 1154/1154/1154 1141/1141/1141 1153/1153/1153
f 1158/1158/1158 1142/1142/1142 1159/1159/1159
f 1163/1163/1163 1147/1147/1147 1164/1164/1164
f 1166/1166/1166 1156/1156/1156 1165/1165/1165
f 1168/1168/1168 1157/1157/1157 1169/1169/1169
f 1172/1172/1172 1161/1161/1161 1173/1173/1173
f 1175/1175/1175 1167/1167/1167 1174/1174/1174
f 1178/1178/1178 1169/1169/1169 1179/1179/1179
f 1179/1179/1179 1170/1170/1170 1180/1180/1180
f 1180/1180/1180 1171/1171/1171 1181/1181/1181
f 1183/1183/1183 1176/1176/1176 1182/1182/1182
f 1188/1188/1188 1180/1180/1180 1189/1189/1189
f 1196/1196/1196 1184/1184/1184 1197/1197/1197
f 1203/1203/1203 1191/1191/1191 1202/1202/1202
f 1206/1206/1206 1194/1194/1194 1207/1207/1207
f 1207/1207/1207 1195/1195/1195 1208/1208/1208
f 1208/1208/1208 1196/1196/1196 1209/1209/1209
f 1211/1211/1211 1200/1200/1200 1212/1212/1212
f 1216/1216/1216 1204/1204/1204 1217/1217/1217
f 1220/1220/1220 1208/1208/1208 1221/1221/1221
f 1229/1229/1229 1215/1215/1215 1230/1230/1230
f 1231/1231/1231 1217/1217/1217 1232/1232/1232
f 1234/1234/1234 1220/1220/1220 1235/1235/1235
f 1240/1240/1240 1227/1227/1227 1241/1241/1241
f 1241/1241/1241 1228/1228/1228 1242/1242/1242
f 1244/1244/1244 1231/1231/1231 1245/1245/1245
f 1246/1246/1246 1233/1233/1233 1247/1247/1247
f 1255/1255/1255 1240/1240/1240 1256/1256/1256
f 1258/1258/1258 1243/1243/1243 1259/1259/1259
f 1260/1260/1260 1245/1245/1245 1261/1261/1261
f 1268/1268/1268 1254/1254/1254 1269/1269/1269
f 1270/1270/1270 1256/1256/1256 1271/1271/1271
f 1272/1272/1272 1258/1258/1258 1273/1273/1273
f 1286/1286/1286 1267/1267/1267 1287/1287/1287
f 1291/1291/1291 1272/1272/1272 1292/1292/1292
f 1293/1293/1293 1274/1274/1274 1294/1294/1294
f 1300/1300/1300 1279/1279/1279 1301/1301/1301
f 1303/1303/1303 1287/1287/1287 1304/1304/1304
f 1305/1305/1305 1289/1289/1289 1306/1306/1306
f 1310/1310/1310 1294/1294/1294 1311/1311/1311
f 1314/1314/1314 1297/1297/1297 1315/1315/1315
f 1320/1320/1320 1304/1304/1304 1321/1321/1321
f 1322/1322/1322 1306/1306/1306 1323/1323/1323
f 1323/1323/1323 1307/1307/1307 1324/1324/1324
f 1324/1324/1324 1308/1308/1308 1325/1325/1325
f 1325/1325/1325 1309/1309/1309 1326/1326/1326
f 1326/1326/1326 1310/1310/1310 1327/1327/1327
f 1330/1330/1330 1313/1313/1313 1331/1331/1331
f 1331/1331/1331 1314/1314/1314 1332/1332/1332
f 1333/1333/1333 1316/1316/1316 1334/1334/1334
f 1343/1343/1343 1321/1321/1321 1344/1344/1344
f 1346/1346/1346 1324/1324/1324 1347/1347/1347
f 1349/1349/1349 1327/1327/1327 1350/1350/1350
f 1352/1352/1352 1329/1329/1329 1353/1353/1353
f 1354/1354/1354 1331/1331/1331 1355/1355/1355
f 1355/1355/1355 1332/1332/1332 1356/1356/1356
f 1356/1356/1356 1333/1333/1333 1357/1357/1357
f 1357/1357/1357 1334/1334/1334 1358/1358/1358
f 1359/1359/1359 1336/1336/1336 1360/1360/1360
f 1360/1360/1360 1337/1337/1337 1361/1361/1361
f 1361/1361/1361 1338/1338/1338 1362/1362/1362
f 1365/1365/1365 1341/1341/1341 1366/1366/1366
f 1366/1366/1366 1342/1342/1342 1367/1367/1367
f 1370/1370/1370 1346/1346/1346 1371/1371/1371
f 1372/1372/1372 1348/1348/1348 1373/1373/1373
f 1373/1373/1373 1349/1349/1349 1374/1374/1374
f 1377/1377/1377 1351/1351/1351 1378/1378/1378
f 1381/1381/1381 1355/1355/1355 1382/1382/1382
f 1385/1385/1385 1359/1359/1359 1386/1386/1386
f 1386/1386/1386 1360/1360/1360 1387/1387/1387
f 1387/1387/1387 1361/1361/1361 1388/1388/1388
f 1394/1394/1394 1366/1366/1366 1395/1395/1395
f 1396/1396/1396 1368/1368/1368 1397/1397/1397
f 1397/1397/1397 1369/1369/1369 1398/1398/1398
f 1398/1398/1398 1370/1370/1370 1399/1399/1399
f 1401/1401/1401 1373/1373/1373 1402/1402/1402
f 1404/1404/1404 1376/1376/1376 1405/1405/1405
f 1406/1406/1406 1378/1378/1378 1407/1407/1407
f 1407/1407/1407 1379/1379/1379 1408/1408/1408
f 1409/1409/1409 1381/1381/1381 1410/1410/1410
f 1410/1410/1410 1382/1382/1382 1411/1411/1411
f 1412/1412/1412 1384/1384/1384 1413/1413/1413
f 1416/1416/1416 1388/1388/1388 1417/1417/1417
f 1418/1418/1418 1391/1391/1391 1419/1419/1419
f 1421/1421/1421 1395/1395/1395 1422/1422/1422
f 1423/1423/1423 1397/1397/1397 1424/1424/1424
f 1425/1425/1425 1399/1399/1399 1426/1426/1426
f 1426/1426/1426 1400/1400/1400 1427/1427/1427
f 1429/1429/1429 1405/1405/1405 1430/1430/1430
f 1430/1430/1430 1406/1406/1406 1431/1431/1431
f 1433/1433/1433 1410/1410/1410 1434/1434/1434
f 1437/1437/1437 1414/1414/1414 1438/1438/1438
f 1438/1438/1438 1415/1415/1415 1439/1439/1439
f 1444/1444/1444 1422/1422/1422 1445/1445/1445
f 1446/1446/1446 1424/1424/1424 1447/1447/1447
f 1451/1451/1451 1429/1429/1429 1452/1452/1452
f 1455/1455/1455 1432/1432/1432 1456/1456/1456
f 1459/1459/1459 1439/1439/1439 1460/1460/1460
f 1463/1463/1463 1445/1445/1445 1464/1464/1464
f 1464/1464/1464 1446/1446/1446 1465/1465/1465
f 1466/1466/1466 1448/1448/1448 1467/1467/1467
f 1469/1469/1469 1451/1451/1451 1470/1470/1470
f 1472/1472/1472 1454/1454/1454 1473/1473/1473
f 1476/1476/1476 1459/1459/1459 1477/1477/1477
f 1482/1482/1482 1470/1470/1470 1483/1483/1483
f 1491/1491/1491 1475/1475/1475 1492/1492/1492
f 1493/1493/1493 1477/1477/1477 1494/1494/1494
f 1499/1499/1499 1484/1484/1484 1500/1500/1500
f 1500/1500/1500 1485/1485/1485 1501/1501/1501
f 1503/1503/1503 1488/1488/1488 1504/1504/1504
f 1506/1506/1506 1491/1491/1491 1507/1507/1507
f 1508/1508/1508 1493/1493/1493 1509/1509/1509
f 1516/1516/1516 1497/1497/1497 1517/1517/1517
f 1517/1517/1517 1498/1498/1498 1518/1518/1518
f 1519/1519/1519 1500/1500/1500 1520/1520/1520
f 1520/1520/1520 1501/1501/1501 1521/1521/1521
f 1522/1522/1522 1503/1503/1503 1523/1523/1523
f 1523/1523/1523 1504/1504/1504 1524/1524/1524
f 1524/1524/1524 1505/1505/1505 1525/1525/1525
f 1526/1526/1526 1507/1507/1507 1527/1527/1527
f 1529/1529/1529 1510/1510/1510 1530/1530/1530
f 1530/1530/1530 1511/1511/1511 1531/1531/1531
f 1534/1534/1534 1515/1515/1515 1535/1535/1535
f 1536/1536/1536 1517/1517/1517 1537/1537/1537
f 1537/1537/1537 1518/1518/1518 1538/1538/1538
f 1538/1538/1538 1519/1519/1519 1539/1539/1539
f 1539/1539/1539 1520/1520/1520 1540/1540/1540
f 1540/1540/1540 1521/1521/1521 1541/1541/1541
f 1543/1543/1543 1524/1524/1524 1544/1544/1544
f 1548/1548/1548 1528/1528/1528 1549/1549/1549
f 1551/1551/1551 1531/1531/1531 1552/1552/1552
f 1556/1556/1556 1536/1536/1536 1557/1557/1557
f 1559/1559/1559 1539/1539/1539 1560/1560/1560
f 1560/1560/1560 1540/1540/1540 1561/1561/1561
f 1563/1563/1563 1543/1543/1543 1564/1564/1564
f 1564/1564/1564 1544/1544/1544 1565/1565/1565
f 1565/1565/1565 1545/1545/1545 1566/1566/1566
f 1569/1569/1569 1547/1547/1547 1570/1570/1570
f 1572/1572/1572 1552/1552/1552 1573/1573/1573
f 1575/1575/1575 1554/1554/1554 1576/1576/1576
f 1576/1576/1576 1555/1555/1555 1577/1577/1577
f 1581/1581/1581 1560/1560/1560 1582/1582/1582
f 1582/1582/1582 1561/1561/1561 1583/1583/1583
f 1583/1583/1583 1562/1562/1562 1584/1584/1584
f 1585/1585/1585 1567/1567/1567 1586/1586/1586
f 1586/1586/1586 1568/1568/1568 1587/1587/1587
f 1590/1590/1590 1572/1572/1572 1591/1591/1591
f 1597/1597/1597 1577/1577/1577 1598/1598/1598
f 1602/1602/1602 1582/1582/1582 1603/1603/1603
f 1603/1603/1603 1583/1583/1583 1604/1604/1604
f 1606/1606/1606 1585/1585/1585 1607/1607/1607
f 1608/1608/1608 1587/1587/1587 1609/1609/1609
f 1613/1613/1613 1596/1596/1596 1614/1614/1614
f 1614/1614/1614 1597/1597/1597 1615/1615/1615
f 1617/1617/1617 1602/1602/1602 1618/1618/1618
f 1625/1625/1625 1605/1605/1605 1626/1626/1626
f 1627/1627/1627 1607/1607/1607 1628/1628/1628
f 1630/1630/1630 1614/1614/1614 1631/1631/1631
f 1632/1632/1632 1616/1616/1616 1633/1633/1633
f 1634/1634/1634 1618/1618/1618 1635/1635/1635
f 1640/1640/1640 1623/1623/1623 1641/1641/1641
f 1643/1643/1643 1626/1626/1626 1644/1644/1644
f 1644/1644/1644 1627/1627/1627 1645/1645/1645
f 1648/1648/1648 1632/1632/1632 1649/1649/1649
f 1652/1652/1652 1636/1636/1636 1653/1653/1653
f 1657/1657/1657 1639/1639/1639 1658/1658/1658
f 1660/1660/1660 1643/1643/1643 1661/1661/1661
f 1669/1669/1669 1648/1648/1648 1670/1670/1670
f 1671/1671/1671 1650/1650/1650 1672/1672/1672
f 1672/1672/1672 1651/1651/1651 1673/1673/1673
f 1674/1674/1674 1653/1653/1653 1675/1675/1675
f 1685/1685/1685 1656/1656/1656 1686/1686/1686
f 1689/1689/1689 1662/1662/1662 1690/1690/1690
f 1692/1692/1692 1666/1666/1666 1693/1693/1693
f 1696/1696/1696 1670/1670/1670 1697/1697/1697
f 1699/1699/1699 1675/1675/1675 1700/1700/1700
f 1701/1701/1701 1677/1677/1677 1702/1702/1702
f 1703/1703/1703 1679/1679/1679 1704/1704/1704
f 1706/1706/1706 1682/1682/1682 1707/1707/1707
f 1708/1708/1708 1684/1684/1684 1709/1709/1709
f 1709/1709/1709 1685/1685/1685 1710/1710/1710
f 1711/1711/1711 1687/1687/1687 1712/1712/1712
f 1751/1751/1751 1723/1723/1723 1752/1752/1752
f 1752/1752/1752 1724/1724/1724 1753/1753/1753
f 1753/1753/1753 1725/1725/1725 1754/1754/1754
f 1758/1758/1758 1728/1728/1728 1759/1759/1759
f 1763/1763/1763 1731/1731/1731 1764/1764/1764
f 1764/1764/1764 1732/1732/1732 1765/1765/1765
f 1767/1767/1767 1735/1735/1735 1768/1768/1768
f 1771/1771/1771 1750/1750/1750 1772/1772/1772
f 1774/1774/1774 1753/1753/1753 1775/1775/1775
f 1775/1775/1775 1754/1754/1754 1776/1776/1776
f 1778/1778/1778 1757/1757/1757 1779/1779/1779
f 1780/1780/1780 1759/1759/1759 1781/1781/1781
f 1782/1782/1782 1761/1761/1761 1783/1783/1783
f 1783/1783/1783 1762/1762/1762 1784/1784/1784
f 1785/1785/1785 1766/1766/1766 1786/1786/1786
f 1788/1788/1788 1770/1770/1770 1787/1787/1787
f 1791/1791/1791 1771/1771/1771 1792/1792/1792
f 1795/1795/1795 1775/1775/1775 1796/1796/1796
f 1796/1796/1796 1776/1776/1776 1797/1797/1797
f 1799/1799/1799 1779/1779/1779 1800/1800/1800
f 1800/1800/1800 1780/1780/1780 1801/1801/1801
f 1810/1810/1810 1788/1788/1788 1809/1809/1809
f 1811/1811/1811 1789/1789/1789 1810/1810/1810
f 1812/1812/1812 1790/1790/1790 1813/1813/1813
f 1814/1814/1814 1792/1792/1792 1815/1815/1815
f 1815/1815/1815 1793/1793/1793 1816/1816/1816
f 1816/1816/1816 1794/1794/1794 1817/1817/1817
f 1819/1819/1819 1797/1797/1797 1820/1820/1820
f 1820/1820/1820 1798/1798/1798 1821/1821/1821
f 1822/1822/1822 1800/1800/1800 1823/1823/1823
f 1827/1827/1827 1805/1805/1805 1828/1828/1828
f 1828/1828/1828 1806/1806/1806 1829/1829/1829
f 1834/1834/1834 1811/1811/1811 1833/1833/1833
f 1836/1836/1836 1813/1813/1813 1837/1837/1837
f 1839/1839/1839 1816/1816/1816 1840/1840/1840
f 1842/1842/1842 1819/1819/1819 1843/1843/1843
f 1843/1843/1843 1820/1820/1820 1844/1844/1844
f 1844/1844/1844 1821/1821/1821 1845/1845/1845
f 1846/1846/1846 1824/1824/1824 1847/1847/1847
f 1847/1847/1847 1825/1825/1825 1848/1848/1848
f 1850/1850/1850 1829/1829/1829 1851/1851/1851
f 1856/1856/1856 1834/1834/1834 1855/1855/1855
f 1859/1859/1859 1837/1837/1837 1860/1860/1860
f 1860/1860/1860 1838/1838/1838 1861/1861/1861
f 1862/1862/1862 1840/1840/1840 1863/1863/1863
f 1864/1864/1864 1842/1842/1842 1865/1865/1865
f 1866/1866/1866 1846/1846/1846 1867/1867/1867
f 1867/1867/1867 1847/1847/1847 1868/1868/1868
f 1875/1875/1875 1857/1857/1857 1874/1874/1874
f 1877/1877/1877 1859/1859/1859 1878/1878/1878
f 1879/1879/1879 1861/1861/1861 1880/1880/1880
f 1880/1880/1880 1862/1862/1862 1881/1881/1881
f 1889/1889/1889 1876/1876/1876 1890/1890/1890
f 1891/1891/1891 1878/1878/1878 1892/1892/1892
f 1892/1892/1892 1879/1879/1879 1893/1893/1893
f 1902/1902/1902 1888/1888/1888 1903/1903/1903
f 1904/1904/1904 1890/1890/1890 1905/1905/1905
f 1907/1907/1907 1896/1896/1896 1908/1908/1908
f 1916/1916/1916 1903/1903/1903 1917/1917/1917
f 1917/1917/1917 1904/1904/1904 1918/1918/1918
f 1923/1923/1923 1908/1908/1908 1924/1924/1924
f 1932/1932/1932 1916/1916/1916 1933/1933/1933
f 1935/1935/1935 1919/1919/1919 1936/1936/1936
f 1937/1937/1937 1921/1921/1921 1938/1938/1938
f 1939/1939/1939 1923/1923/1923 1940/1940/1940
f 1940/1940/1940 1924/1924/1924 1941/1941/1941
f 1941/1941/1941 1925/1925/1925 1942/1942/1942
f 1948/1948/1948 1928/1928/1928 1949/1949/1949
f 1953/1953/1953 1931/1931/1931 1954/1954/1954
f 1956/1956/1956 1934/1934/1934 1957/1957/1957
f 1959/1959/1959 1937/1937/1937 1960/1960/1960
f 1960/1960/1960 1938/1938/1938 1961/1961/1961
f 1961/1961/1961 1939/1939/1939 1962/1962/1962
f 1962/1962/1962 1940/1940/1940 1963/1963/1963
f 1963/1963/1963 1941/1941/1941 1964/1964/1964
f 1964/1964/1964 1942/1942/1942 1965/1965/1965
f 1968/1968/1968 1945/1945/1945 1969/1969/1969
f 1970/1970/1970 1947/1947/1947 1971/1971/1971
f 1974/1974/1974 1951/1951/1951 1975/1975/1975
f 1975/1975/1975 1952/1952/1952 1976/1976/1976
f 1979/1979/1979 1955/1955/1955 1980/1980/1980
f 1981/1981/1981 1957/1957/1957 1982/1982/1982
f 1984/1984/1984 1960/1960/1960 1985/1985/1985
f 1989/1989/1989 1965/1965/1965 1990/1990/1990
f 1991/1991/1991 1967/1967/1967 1992/1992/1992
f 1995/1995/1995 1971/1971/1971 1996/1996/1996
f 2000/2000/2000 1975/1975/1975 2001/2001/2001
f 2001/2001/2001 1976/1976/1976 2002/2002/2002
f 2006/2006/2006 1979/1979/1979 2007/2007/2007
f 2007/2007/2007 1980/1980/1980 2008/2008/2008
f 2010/2010/2010 1987/1987/1987 2011/2011/2011
f 2011/2011/2011 1988/1988/1988 2012/2012/2012
f 2012/2012/2012 1989/1989/1989 2013/2013/2013
f 2015/2015/2015 1992/1992/1992 2016/2016/2016
f 2018/2018/2018 1995/1995/1995 2019/2019/2019
f 2019/2019/2019 1996/1996/1996 2020/2020/2020
f 2025/2025/2025 2001/2001/2001 2026/2026/2026
f 2026/2026/2026 2002/2002/2002 2027/2027/2027
f 2037/2037/2037 2004/2004/2004 2038/2038/2038
f 2038/2038/2038 2005/2005/2005 2039/2039/2039
f 2039/2039/2039 2006/2006/2006 2040/2040/2040
f 2042/2042/2042 2015/2015/2015 2043/2043/2043
f 2045/2045/2045 2018/2018/2018 2046/2046/2046
f 2046/2046/2046 2019/2019/2019 2047/2047/2047
f 2047/2047/2047 2020/2020/2020 2048/2048/2048
f 2051/2051/2051 2025/2025/2025 2052/2052/2052
f 2052/2052/2052 2026/2026/2026 2053/2053/2053
f 2056/2056/2056 2030/2030/2030 2057/2057/2057
f 2057/2057/2057 2031/2031/2031 2058/2058/2058
f 2058/2058/2058 2032/2032/2032 2059/2059/2059
f 2059/2059/2059 2033/2033/2033 2060/2060/2060
f 2060/2060/2060 2034/2034/2034 2061/2061/2061
f 2062/2062/2062 2036/2036/2036 2063/2063/2063
f 2063/2063/2063 2037/2037/2037 2064/2064/2064
f 2064/2064/2064 2038/2038/2038 2065/2065/2065
f 2067/2067/2067 2042/2042/2042 2068/2068/2068
f 2070/2070/2070 2045/2045/2045 2071/2071/2071
f 2071/2071/2071 2046/2046/2046 2072/2072/2072
f 2073/2073/2073 2048/2048/2048 2074/2074/2074
f 2086/2086/2086 2058/2058/2058 2087/2087/2087
f 2087/2087/2087 2059/2059/2059 2088/2088/2088
f 2089/2089/2089 2061/2061/2061 2090/2090/2090
f 2090/2090/2090 2062/2062/2062 2091/2091/2091
f 2093/2093/2093 2066/2066/2066 2094/2094/2094
f 2094/2094/2094 2067/2067/2067 2095/2095/2095
f 2096/2096/2096 2069/2069/2069 2097/2097/2097
f 2099/2099/2099 2072/2072/2072 2100/2100/2100
f 2101/2101/2101 2075/2075/2075 2102/2102/2102
f 2102/2102/2102 2076/2076/2076 2103/2103/2103
f 2103/2103/2103 2077/2077/2077 2104/2104/2104
f 2108/2108/2108 2080/2080/2080 2109/2109/2109
f 2111/2111/2111 2085/2085/2085 2112/2112/2112
f 2115/2115/2115 2089/2089/2089 2116/2116/2116
f 2116/2116/2116 2090/2090/2090 2117/2117/2117
f 2120/2120/2120 2094/2094/2094 2121/2121/2121
f 2121/2121/2121 2095/2095/2095 2122/2122/2122
f 2122/2122/2122 2096/2096/2096 2123/2123/2123
f 2123/2123/2123 2097/2097/2097 2124/2124/2124
f 2125/2125/2125 2099/2099/2099 2126/2126/2126
f 2128/2128/2128 2102/2102/2102 2129/2129/2129
f 2129/2129/2129 2103/2103/2103 2130/2130/2130
f 2134/2134/2134 2106/2106/2106 2135/2135/2135
f 2135/2135/2135 2107/2107/2107 2136/2136/2136
f 2140/2140/2140 2111/2111/2111 2141/2141/2141
f 2142/2142/2142 2113/2113/2113 2143/2143/2143
f 2143/2143/2143 2114/2114/2114 2144/2144/2144
f 2146/2146/2146 2117/2117/2117 2147/2147/2147
f 2149/2149/2149 2121/2121/2121 2150/2150/2150
f 2151/2151/2151 2123/2123/2123 2152/2152/2152
f 2155/2155/2155 2130/2130/2130 2156/2156/2156
f 2161/2161/2161 2134/2134/2134 2162/2162/2162
f 2166/2166/2166 2138/2138/2138 2167/2167/2167
f 2169/2169/2169 2141/2141/2141 2170/2170/2170
f 2171/2171/2171 2143/2143/2143 2172/2172/2172
f 2172/2172/2172 2144/2144/2144 2173/2173/2173
f 2178/2178/2178 2149/2149/2149 2179/2179/2179
f 2180/2180/2180 2151/2151/2151 2181/2181/2181
f 2183/2183/2183 2154/2154/2154 2184/2184/2184
f 2187/2187/2187 2159/2159/2159 2188/2188/2188
f 2188/2188/2188 2160/2160/2160 2189/2189/2189
f 2190/2190/2190 2162/2162/2162 2191/2191/2191
f 2191/2191/2191 2163/2163/2163 2192/2192/2192
f 2193/2193/2193 2165/2165/2165 2194/2194/2194
f 2196/2196/2196 2168/2168/2168 2197/2197/2197
f 2199/2199/2199 2172/2172/2172 2200/2200/2200
f 2200/2200/2200 2173/2173/2173 2201/2201/2201
f 2201/2201/2201 2174/2174/2174 2202/2202/2202
f 2205/2205/2205 2177/2177/2177 2206/2206/2206
f 2206/2206/2206 2178/2178/2178 2207/2207/2207
f 2208/2208/2208 2180/2180/2180 2209/2209/2209
f 2211/2211/2211 2182/2182/2182 2212/2212/2212
f 2216/2216/2216 2186/2186/2186 2217/2217/2217
f 2217/2217/2217 2187/2187/2187 2218/2218/2218
f 2221/2221/2221 2191/2191/2191 2222/2222/2222
f 2223/2223/2223 2193/2193/2193 2224/2224/2224
f 2225/2225/2225 2195/2195/2195 2226/2226/2226
f 2229/2229/2229 2198/2198/2198 2230/2230/2230
f 2231/2231/2231 2200/2200/2200 2232/2232/2232
f 2232/2232/2232 2201/2201/2201 2233/2233/2233
f 2233/2233/2233 2202/2202/2202 2234/2234/2234
f 2237/2237/2237 2205/2205/2205 2238/2238/2238
f 2239/2239/2239 2207/2207/2207 2240/2240/2240
f 2242/2242/2242 2210/2210/2210 2243/2243/2243
f 2247/2247/2247 2215/2215/2215 2248/2248/2248
f 2250/2250/2250 2218/2218/2218 2251/2251/2251
f 2252/2252/2252 2220/2220/2220 2253/2253/2253
f 2253/2253/2253 2221/2221/2221 2254/2254/2254
f 2255/2255/2255 2223/2223/2223 2256/2256/2256
f 2257/2257/2257 2225/2225/2225 2258/2258/2258
f 2260/2260/2260 2228/2228/2228 2261/2261/2261
f 2262/2262/2262 2230/2230/2230 2263/2263/2263
f 2263/2263/2263 2231/2231/2231 2264/2264/2264
f 2264/2264/2264 2232/2232/2232 2265/2265/2265
f 2266/2266/2266 2234/2234/2234 2267/2267/2267
f 2268/2268/2268 2236/2236/2236 2269/2269/2269
f 2269/2269/2269 2237/2237/2237 2270/2270/2270
f 2270/2270/2270 2238/2238/2238 2271/2271/2271
f 2271/2271/2271 2239/2239/2239 2272/2272/2272
f 2273/2273/2273 2241/2241/2241 2274/2274/2274
f 2274/2274/2274 2242/2242/2242 2275/2275/2275
f 2277/2277/2277 2245/2245/2245 2278/2278/2278
f 2278/2278/2278 2246/2246/2246 2279/2279/2279
f 2281/2281/2281 2249/2249/2249 2282/2282/2282
f 2285/2285/2285 2255/2255/2255 2286/2286/2286
f 2286/2286/2286 2256/2256/2256 2287/2287/2287
f 2289/2289/2289 2259/2259/2259 2290/2290/2290
f 2292/2292/2292 2262/2262/2262 2293/2293/2293
f 2294/2294/2294 2264/2264/2264 2295/2295/2295
f 2301/2301/2301 2268/2268/2268 2302/2302/2302
f 2304/2304/2304 2271/2271/2271 2305/2305/2305
f 2307/2307/2307 2274/2274/2274 2308/2308/2308
f 2309/2309/2309 2276/2276/2276 2310/2310/2310
f 2313/2313/2313 2280/2280/2280 2314/2314/2314
f 2316/2316/2316 2286/2286/2286 2317/2317/2317
f 2317/2317/2317 2287/2287/2287 2318/2318/2318
f 2319/2319/2319 2289/2289/2289 2320/2320/2320
f 2322/2322/2322 2292/2292/2292 2323/2323/2323
f 2325/2325/2325 2295/2295/2295 2326/2326/2326
f 2326/2326/2326 2296/2296/2296 2327/2327/2327
f 2334/2334/2334 2301/2301/2301 2335/2335/2335
f 2337/2337/2337 2304/2304/2304 2338/2338/2338
f 2340/2340/2340 2308/2308/2308 2341/2341/2341
f 2343/2343/2343 2311/2311/2311 2344/2344/2344
f 2344/2344/2344 2312/2312/2312 2345/2345/2345
f 2349/2349/2349 2318/2318/2318 2350/2350/2350
f 2350/2350/2350 2319/2319/2319 2351/2351/2351
f 2351/2351/2351 2320/2320/2320 2352/2352/2352
f 2356/2356/2356 2325/2325/2325 2357/2357/2357
f 2360/2360/2360 2331/2331/2331 2361/2361/2361
f 2361/2361/2361 2332/2332/2332 2362/2362/2362
f 2362/2362/2362 2333/2333/2333 2363/2363/2363
f 2366/2366/2366 2337/2337/2337 2367/2367/2367
f 2369/2369/2369 2341/2341/2341 2370/2370/2370
f 2370/2370/2370 2342/2342/2342 2371/2371/2371
f 2373/2373/2373 2347/2347/2347 2374/2374/2374
f 2374/2374/2374 2348/2348/2348 2375/2375/2375
f 2376/2376/2376 2350/2350/2350 2377/2377/2377
f 2377/2377/2377 2351/2351/2351 2378/2378/2378
f 2378/2378/2378 2352/2352/2352 2379/2379/2379
f 2380/2380/2380 2354/2354/2354 2381/2381/2381
f 2389/2389/2389 2360/2360/2360 2390/2390/2390
f 2391/2391/2391 2362/2362/2362 2392/2392/2392
f 2392/2392/2392 2363/2363/2363 2393/2393/2393
f 2394/2394/2394 2365/2365/2365 2395/2395/2395
f 2398/2398/2398 2369/2369/2369 2399/2399/2399
f 2399/2399/2399 2370/2370/2370 2400/2400/2400
f 2403/2403/2403 2374/2374/2374 2404/2404/2404
f 2405/2405/2405 2376/2376/2376 2406/2406/2406
f 2406/2406/2406 2377/2377/2377 2407/2407/2407
f 2407/2407/2407 2378/2378/2378 2408/2408/2408
f 2408/2408/2408 2379/2379/2379 2409/2409/2409
f 2409/2409/2409 2380/2380/2380 2410/2410/2410
f 2414/2414/2414 2384/2384/2384 2415/2415/2415
f 2417/2417/2417 2387/2387/2387 2418/2418/2418
f 2422/2422/2422 2392/2392/2392 2423/2423/2423
f 2423/2423/2423 2393/2393/2393 2424/2424/2424
f 2429/2429/2429 2396/2396/2396 2430/2430/2430
f 2430/2430/2430 2397/2397/2397 2431/2431/2431
f 2431/2431/2431 2398/2398/2398 2432/2432/2432
f 2435/2435/2435 2403/2403/2403 2436/2436/2436
f 2436/2436/2436 2404/2404/2404 2437/2437/2437
f 2439/2439/2439 2407/2407/2407 2440/2440/2440
f 2441/2441/2441 2409/2409/2409 2442/2442/2442
f 2442/2442/2442 2410/2410/2410 2443/2443/2443
f 2443/2443/2443 2411/2411/2411 2444/2444/2444
f 2447/2447/2447 2414/2414/2414 2448/2448/2448
f 2449/2449/2449 2416/2416/2416 2450/2450/2450
f 2452/2452/2452 2423/2423/2423 2453/2453/2453
f 2458/2458/2458 2426/2426/2426 2459/2459/2459
f 2463/2463/2463 2428/2428/2428 2464/2464/2464
f 2464/2464/2464 2429/2429/2429 2465/2465/2465
f 2466/2466/2466 2433/2433/2433 2467/2467/2467
f 2469/2469/2469 2440/2440/2440 2470/2470/2470
f 2470/2470/2470 2441/2441/2441 2471/2471/2471
f 2471/2471/2471 2442/2442/2442 2472/2472/2472
f 2472/2472/2472 2443/2443/2443 2473/2473/2473
f 2475/2475/2475 2446/2446/2446 2476/2476/2476
f 2478/2478/2478 2449/2449/2449 2479/2479/2479
f 2481/2481/2481 2452/2452/2452 2482/2482/2482
f 2482/2482/2482 2453/2453/2453 2483/2483/2483
f 2485/2485/2485 2456/2456/2456 2486/2486/2486
f 2486/2486/2486 2457/2457/2457 2487/2487/2487
f 2491/2491/2491 2462/2462/2462 2492/2492/2492
f 2492/2492/2492 2463/2463/2463 2493/2493/2493
f 2495/2495/2495 2469/2469/2469 2496/2496/2496
f 2496/2496/2496 2470/2470/2470 2497/2497/2497
f 2497/2497/2497 2471/2471/2471 2498/2498/2498
f 2501/2501/2501 2475/2475/2475 2502/2502/2502
f 2502/2502/2502 2476/2476/2476 2503/2503/2503
f 2503/2503/2503 2477/2477/2477 2504/2504/2504
f 2504/2504/2504 2478/2478/2478 2505/2505/2505
f 2508/2508/2508 2483/2483/2483 2509/2509/2509
f 2509/2509/2509 2484/2484/2484 2510/2510/2510
f 2514/2514/2514 2489/2489/2489 2515/2515/2515
f 2515/2515/2515 2490/2490/2490 2516/2516/2516
f 2516/2516/2516 2491/2491/2491 2517/2517/2517
f 2523/2523/2523 2499/2499/2499 2524/2524/2524
f 2524/2524/2524 2500/2500/2500 2525/2525/2525
f 2526/2526/2526 2508/2508/2508 2527/2527/2527
f 2528/2528/2528 2510/2510/2510 2529/2529/2529
f 2558/2558/2558 2532/2532/2532 2559/2559/2559
f 2559/2559/2559 2533/2533/2533 2560/2560/2560
f 2560/2560/2560 2534/2534/2534 2561/2561/2561
f 2585/2585/2585 2553/2553/2553 2586/2586/2586
f 2586/2586/2586 2554/2554/2554 2587/2587/2587
f 2590/2590/2590 2560/2560/2560 2591/2591/2591
f 2596/2596/2596 2565/2565/2565 2597/2597/2597
f 2599/2599/2599 2581/2581/2581 2600/2600/2600
f 2602/2602/2602 2589/2589/2589 2603/2603/2603
f 2606/2606/2606 2593/2593/2593 2607/2607/2607
f 2607/2607/2607 2594/2594/2594 2608/2608/2608
f 2608/2608/2608 2595/2595/2595 2609/2609/2609
f 2613/2613/2613 2599/2599/2599 2614/2614/2614
f 2616/2616/2616 2602/2602/2602 2617/2617/2617
f 2617/2617/2617 2603/2603/2603 2618/2618/2618
f 2618/2618/2618 2604/2604/2604 2619/2619/2619
f 2619/2619/2619 2605/2605/2605 2620/2620/2620
f 2620/2620/2620 2606/2606/2606 2621/2621/2621
f 2621/2621/2621 2607/2607/2607 2622/2622/2622
f 2622/2622/2622 2608/2608/2608 2623/2623/2623
f 2623/2623/2623 2609/2609/2609 2624/2624/2624
f 2630/2630/2630 2612/2612/2612 2631/2631/2631
f 2633/2633/2633 2618/2618/2618 2634/2634/2634
f 2635/2635/2635 2620/2620/2620 2636/2636/2636
f 2641/2641/2641 2626/2626/2626 2640/2640/2640
f 2653/2653/2653 2635/2635/2635 2654/2654/2654
f 2654/2654/2654 2636/2636/2636 2655/2655/2655
f 2663/2663/2663 2644/2644/2644 2664/2664/2664
f 2666/2666/2666 2647/2647/2647 2667/2667/2667
f 2671/2671/2671 2650/2650/2650 2672/2672/2672
f 2673/2673/2673 2652/2652/2652 2674/2674/2674
f 2685/2685/2685 2664/2664/2664 2686/2686/2686
f 2690/2690/2690 2669/2669/2669 2691/2691/2691
f 2693/2693/2693 2672/2672/2672 2694/2694/2694
f 2694/2694/2694 2673/2673/2673 2695/2695/2695
f 2695/2695/2695 2674/2674/2674 2696/2696/2696
f 2696/2696/2696 2675/2675/2675 2697/2697/2697
f 2697/2697/2697 2676/2676/2676 2698/2698/2698
f 2698/2698/2698 2677/2677/2677 2699/2699/2699
f 2700/2700/2700 2679/2679/2679 2701/2701/2701
f 2709/2709/2709 2684/2684/2684 2710/2710/2710
f 2712/2712/2712 2687/2687/2687 2713/2713/2713
f 2713/2713/2713 2688/2688/2688 2714/2714/2714
f 2716/2716/2716 2694/2694/2694 2717/2717/2717
f 2717/2717/2717 2695/2695/2695 2718/2718/2718
f 2720/2720/2720 2698/2698/2698 2721/2721/2721
f 2732/2732/2732 2709/2709/2709 2733/2733/2733
f 2733/2733/2733 2710/2710/2710 2734/2734/2734
f 2735/2735/2735 2712/2712/2712 2736/2736/2736
f 2737/2737/2737 2716/2716/2716 2738/2738/2738
f 2740/2740/2740 2723/2723/2723 2741/2741/2741
f 2742/2742/2742 2725/2725/2725 2743/2743/2743
f 2751/2751/2751 2733/2733/2733 2752/2752/2752
f 2753/2753/2753 2735/2735/2735 2754/2754/2754
f 2759/2759/2759 2741/2741/2741 2760/2760/2760
f 2760/2760/2760 2742/2742/2742 2761/2761/2761
f 2764/2764/2764 2746/2746/2746 2765/2765/2765
f 2776/2776/2776 2757/2757/2757 2777/2777/2777
f 2778/2778/2778 2759/2759/2759 2779/2779/2779
f 2781/2781/2781 2766/2766/2766 2782/2782/2782
f 2782/2782/2782 2767/2767/2767 2783/2783/2783
f 2786/2786/2786 2771/2771/2771 2787/2787/2787
f 2787/2787/2787 2772/2772/2772 2788/2788/2788
f 2790/2790/2790 2774/2774/2774 2791/2791/2791
f 2791/2791/2791 2775/2775/2775 2792/2792/2792
f 2793/2793/2793 2777/2777/2777 2794/2794/2794
f 2796/2796/2796 2781/2781/2781 2797/2797/2797
f 2797/2797/2797 2782/2782/2782 2798/2798/2798
f 2799/2799/2799 2784/2784/2784 2800/2800/2800
f 2800/2800/2800 2785/2785/2785 2801/2801/2801
f 2808/2808/2808 2789/2789/2789 2809/2809/2809
f 2811/2811/2811 2792/2792/2792 2812/2812/2812
f 2814/2814/2814 2796/2796/2796 2815/2815/2815
f 2815/2815/2815 2797/2797/2797 2816/2816/2816
f 2816/2816/2816 2798/2798/2798 2817/2817/2817
f 2817/2817/2817 2799/2799/2799 2818/2818/2818
f 2820/2820/2820 2802/2802/2802 2821/2821/2821
f 2821/2821/2821 2803/2803/2803 2822/2822/2822
f 2825/2825/2825 2806/2806/2806 2826/2826/2826
f 2826/2826/2826 2807/2807/2807 2827/2827/2827
f 2827/2827/2827 2808/2808/2808 2828/2828/2828
f 2829/2829/2829 2810/2810/2810 2830/2830/2830
f 2830/2830/2830 2811/2811/2811 2831/2831/2831
f 2833/2833/2833 2815/2815/2815 2834/2834/2834
f 2834/2834/2834 2816/2816/2816 2835/2835/2835
f 2835/2835/2835 2817/2817/2817 2836/2836/2836
f 2839/2839/2839 2820/2820/2820 2840/2840/2840
f 2841/2841/2841 2822/2822/2822 2842/2842/2842
f 2843/2843/2843 2824/2824/2824 2844/2844/2844
f 2845/2845/2845 2826/2826/2826 2846/2846/2846
f 2846/2846/2846 2827/2827/2827 2847/2847/2847
f 2847/2847/2847 2828/2828/2828 2848/2848/2848
f 2850/2850/2850 2834/2834/2834 2851/2851/2851
f 2851/2851/2851 2835/2835/2835 2852/2852/2852
f 2852/2852/2852 2836/2836/2836 2853/2853/2853
f 2858/2858/2858 2849/2849/2849 2859/2859/2859
f 2860/2860/2860 2851/2851/2851 2861/2861/2861
f 2861/2861/2861 2852/2852/2852 2862/2862/2862
f 2862/2862/2862 2853/2853/2853 2863/2863/2863
f 2871/2871/2871 2857/2857/2857 2872/2872/2872
f 2876/2876/2876 2862/2862/2862 2877/2877/2877
f 2882/2882/2882 2867/2867/2867 2883/2883/2883
f 2883/2883/2883 2868/2868/2868 2884/2884/2884
f 2890/2890/2890 2873/2873/2873 2891/2891/2891
f 2892/2892/2892 2875/2875/2875 2893/2893/2893
f 2897/2897/2897 2879/2879/2879 2898/2898/2898
f 2900/2900/2900 2886/2886/2886 2901/2901/2901
f 2903/2903/2903 2889/2889/2889 2904/2904/2904
f 2906/2906/2906 2893/2893/2893 2907/2907/2907
f 2919/2919/2919 2900/2900/2900 2920/2920/2920
f 2921/2921/2921 2902/2902/2902 2922/2922/2922
f 2924/2924/2924 2906/2906/2906 2925/2925/2925
f 2927/2927/2927 2909/2909/2909 2928/2928/2928
f 2934/2934/2934 2916/2916/2916 2935/2935/2935
f 2938/2938/2938 2919/2919/2919 2939/2939/2939
f 2939/2939/2939 2920/2920/2920 2940/2940/2940
f 2942/2942/2942 2923/2923/2923 2943/2943/2943
f 2952/2952/2952 2935/2935/2935 2953/2953/2953
f 2954/2954/2954 2937/2937/2937 2955/2955/2955
f 2955/2955/2955 2938/2938/2938 2956/2956/2956
f 2960/2960/2960 2941/2941/2941 2961/2961/2961
f 2962/2962/2962 2943/2943/2943 2963/2963/2963
f 2968/2968/2968 2954/2954/2954 2969/2969/2969
f 2972/2972/2972 2958/2958/2958 2973/2973/2973
f 2973/2973/2973 2959/2959/2959 2974/2974/2974
f 2975/2975/2975 2961/2961/2961 2976/2976/2976
f 2979/2979/2979 2970/2970/2970 2980/2980/2980
f 2983/2983/2983 2974/2974/2974 2984/2984/2984
f 2989/2989/2989 2977/2977/2977 2990/2990/2990
f 2990/2990/2990 2978/2978/2978 2991/2991/2991
f 2991/2991/2991 2979/2979/2979 2992/2992/2992
f 2993/2993/2993 2981/2981/2981 2994/2994/2994
f 2994/2994/2994 2982/2982/2982 2995/2995/2995
f 2995/2995/2995 2983/2983/2983 2996/2996/2996
f 3002/3002/3002 2989/2989/2989 3003/3003/3003
f 3006/3006/3006 2993/2993/2993 3007/3007/3007
f 3007/3007/3007 2994/2994/2994 3008/3008/3008
f 3008/3008/3008 2995/2995/2995 3009/3009/3009
f 3010/3010/3010 2997/2997/2997 3011/3011/3011
f 3017/3017/3017 3004/3004/3004 3018/3018/3018
f 3018/3018/3018 3005/3005/3005 3019/3019/3019
f 3020/3020/3020 3007/3007/3007 3021/3021/3021
f 3021/3021/3021 3008/3008/3008 3022/3022/3022
f 3022/3022/3022 3009/3009/3009 3023/3023/3023
f 3023/3023/3023 3010/3010/3010 3024/3024/3024
f 3024/3024/3024 3011/3011/3011 3025/3025/3025
f 3028/3028/3028 3015/3015/3015 3029/3029/3029
f 3031/3031/3031 3018/3018/3018 3032/3032/3032
f 3032/3032/3032 3019/3019/3019 3033/3033/3033
f 3034/3034/3034 3021/3021/3021 3035/3035/3035
f 3036/3036/3036 3023/3023/3023 3037/3037/3037
f 3046/3046/3046 3029/3029/3029 3047/3047/3047
f 3047/3047/3047 3030/3030/3030 3048/3048/3048
f 3052/3052/3052 3035/3035/3035 3053/3053/3053
f 3055/3055/3055 3038/3038/3038 3056/3056/3056
f 3056/3056/3056 3039/3039/3039 3057/3057/3057
f 3057/3057/3057 3040/3040/3040 3058/3058/3058
f 3065/3065/3065 3054/3054/3054 3066/3066/3066
f 3068/3068/3068 3057/3057/3057 3069/3069/3069
f 3069/3069/3069 3058/3058/3058 3070/3070/3070
f 3072/3072/3072 3065/3065/3065 3073/3073/3073
f 3075/3075/3075 3068/3068/3068 3076/3076/3076
f 3076/3076/3076 3069/3069/3069 3077/3077/3077
f 3123/3123/3123 3093/3093/3093 3122/3122/3122
f 3129/3129/3129 3094/3094/3094 3130/3130/3130
f 3130/3130/3130 3095/3095/3095 3131/3131/3131
f 3138/3138/3138 3125/3125/3125 3139/3139/3139
f 3139/3139/3139 3126/3126/3126 3140/3140/3140
f 3141/3141/3141 3128/3128/3128 3142/3142/3142
f 3145/3145/3145 3136/3136/3136 3146/3146/3146
f 3146/3146/3146 3137/3137/3137 3147/3147/3147
f 3150/3150/3150 3141/3141/3141 3151/3151/3151
f 3152/3152/3152 3143/3143/3143 3153/3153/3153
f 3153/3153/3153 3144/3144/3144 3154/3154/3154
f 3154/3154/3154 3145/3145/3145 3155/3155/3155
f 3157/3157/3157 3148/3148/3148 3158/3158/3158
f 3158/3158/3158 3149/3149/3149 3159/3159/3159
f 3164/3164/3164 3153/3153/3153 3165/3165/3165
f 3169/3169/3169 3158/3158/3158 3170/3170/3170
f 3171/3171/3171 3160/3160/3160 3172/3172/3172
f 3172/3172/3172 3161/3161/3161 3173/3173/3173
f 3175/3175/3175 3165/3165/3165 3176/3176/3176
f 3180/3180/3180 3171/3171/3171 3181/3181/3181
f 3182/3182/3182 3175/3175/3175 3183/3183/3183
f 3194/3194/3194 3183/3183/3183 3195/3195/3195
f 3196/3196/3196 3185/3185/3185 3197/3197/3197
f 3197/3197/3197 3186/3186/3186 3198/3198/3198
f 3202/3202/3202 3189/3189/3189 3203/3203/3203
f 3212/3212/3212 3196/3196/3196 3213/3213/3213
f 3217/3217/3217 3201/3201/3201 3218/3218/3218
f 3224/3224/3224 3207/3207/3207 3225/3225/3225
f 3230/3230/3230 3214/3214/3214 3231/3231/3231
f 3233/3233/3233 3217/3217/3217 3234/3234/3234
f 3235/3235/3235 3219/3219/3219 3236/3236/3236
f 3237/3237/3237 3221/3221/3221 3238/3238/3238
f 3241/3241/3241 3225/3225/3225 3242/3242/3242
f 3245/3245/3245 3229/3229/3229 3246/3246/3246
f 3246/3246/3246 3230/3230/3230 3247/3247/3247
f 3247/3247/3247 3231/3231/3231 3248/3248/3248
f 3252/3252/3252 3236/3236/3236 3253/3253/3253
f 3253/3253/3253 3237/3237/3237 3254/3254/3254
f 3262/3262/3262 3251/3251/3251 3263/3263/3263
f 3264/3264/3264 3255/3255/3255 3265/3265/3265
f 3267/3267/3267 3258/3258/3258 3268/3268/3268
f 3269/3269/3269 3260/3260/3260 3270/3270/3270
f 3270/3270/3270 3261/3261/3261 3271/3271/3271
f 3273/3273/3273 3268/3268/3268 3274/3274/3274
f 3279/3279/3279 3275/3275/3275 3280/3280/3280
f 3283/3283/3283 3278/3278/3278 3284/3284/3284
f 3284/3284/3284 3279/3279/3279 3285/3285/3285
f 3287/3287/3287 3282/3282/3282 3288/3288/3288
f 3289/3289/3289 3284/3284/3284 3290/3290/3290
f 3290/3290/3290 3285/3285/3285 3291/3291/3291
f 3293/3293/3293 3288/3288/3288 3294/3294/3294
f 3294/3294/3294 3289/3289/3289 3295/3295/3295
f 3298/3298/3298 3296/3296/3296 3299/3299/3299
f 3331/3331/3331 3306/3306/3306 3332/3332/3332
f 3345/3345/3345 3311/3311/3311 3344/3344/3344
f 3346/3346/3346 3312/3312/3312 3345/3345/3345
f 3349/3349/3349 3315/3315/3315 3348/3348/3348
f 3361/3361/3361 3329/3329/3329 3360/3360/3360
f 3366/3366/3366 3353/3353/3353 3367/3367/3367
f 3367/3367/3367 3354/3354/3354 3368/3368/3368
f 3370/3370/3370 3365/3365/3365 3371/3371/3371
f 3400/3400/3400 3379/3379/3379 3401/3401/3401
f 3427/3427/3427 3384/3384/3384 3428/3428/3428
f 3429/3429/3429 3397/3397/3397 3430/3430/3430
f 3431/3431/3431 3399/3399/3399 3432/3432/3432
f 3466/3466/3466 3442/3442/3442 3467/3467/3467
f 3488/3488/3488 3448/3448/3448 3489/3489/3489
f 3489/3489/3489 3449/3449/3449 3490/3490/3490
f 3491/3491/3491 3451/3451/3451 3492/3492/3492
f 3494/3494/3494 3470/3470/3470 3493/3493/3493
f 3528/3528/3528 3498/3498/3498 3529/3529/3529
f 3548/3548/3548 3512/3512/3512 3549/3549/3549
f 3551/3551/3551 3519/3519/3519 3550/3550/3550
f 3554/3554/3554 3531/3531/3531 3553/3553/3553
f 3597/3597/3597 3573/3573/3573 3596/3596/3596
f 3600/3600/3600 3574/3574/3574 3601/3601/3601
f 3601/3601/3601 3575/3575/3575 3602/3602/3602
f 3607/3607/3607 3578/3578/3578 3608/3608/3608
f 3616/3616/3616 3584/3584/3584 3615/3615/3615
f 3617/3617/3617 3585/3585/3585 3616/3616/3616
f 3618/3618/3618 3586/3586/3586 3617/3617/3617
f 3625/3625/3625 3598/3598/3598 3626/3626/3626
f 3628/3628/3628 3618/3618/3618 3627/3627/3627
f 3670/3670/3670 3632/3632/3632 3671/3671/3671
f 3677/3677/3677 3647/3647/3647 3678/3678/3678
f 3682/3682/3682 3652/3652/3652 3683/3683/3683
f 3685/3685/3685 3655/3655/3655 3686/3686/3686
f 3686/3686/3686 3656/3656/3656 3687/3687/3687
f 3689/3689/3689 3659/3659/3659 3690/3690/3690
f 3699/3699/3699 3675/3675/3675 3700/3700/3700
f 3753/3753/3753 3723/3723/3723 3754/3754/3754
f 3757/3757/3757 3730/3730/3730 3758/3758/3758
f 3767/3767/3767 3761/3761/3761 3766/3766/3766
f 3817/3817/3817 3773/3773/3773 3818/3818/3818
f 3820/3820/3820 3790/3790/3790 3821/3821/3821
f 3826/3826/3826 3811/3811/3811 3827/3827/3827
f 3883/3883/3883 3839/3839/3839 3884/3884/3884
f 3893/3893/3893 3890/3890/3890 3894/3894/3894
f 39/39/39 3/3/3 38/38/38
f 42/42/42 6/6/6 41/41/41
f 44/44/44 8/8/8 43/43/43
f 45/45/45 9/9/9 44/44/44
f 47/47/47 11/11/11 46/46/46
f 49/49/49 13/13/13 48/48/48
f 58/58/58 22/22/22 59/59/59
f 67/67/67 31/31/31 68/68/68
f 69/69/69 33/33/33 70/70/70
f 70/70/70 34/34/34 71/71/71
f 74/74/74 38/38/38 73/73/73
f 78/78/78 42/42/42 77/77/77
f 79/79/79 43/43/43 78/78/78
f 80/80/80 44/44/44 79/79/79
f 81/81/81 45/45/45 80/80/80
f 85/85/85 49/49/49 84/84/84
f 103/103/103 67/67/67 104/104/104
f 105/105/105 69/69/69 106/106/106
f 106/106/106 70/70/70 107/107/107
f 107/107/107 71/71/71 108/108/108
f 110/110/110 74/74/74 109/109/109
f 112/112/112 76/76/76 111/111/111
f 121/121/121 85/85/85 120/120/120
f 131/131/131 94/94/94 132/132/132
f 133/133/133 96/96/96 134/134/134
f 135/135/135 98/98/98 136/136/136
f 137/137/137 100/100/100 138/138/138
f 142/142/142 105/105/105 143/143/143
f 143/143/143 106/106/106 144/144/144
f 144/144/144 107/107/107 145/145/145
f 149/149/149 112/112/112 148/148/148
f 153/153/153 116/116/116 152/152/152
f 156/156/156 119/119/119 155/155/155
f 167/167/167 129/129/129 168/168/168
f 169/169/169 131/131/131 170/170/170
f 172/172/172 135/135/135 173/173/173
f 176/176/176 139/139/139 177/177/177
f 179/179/179 142/142/142 180/180/180
f 180/180/180 143/143/143 181/181/181
f 185/185/185 148/148/148 184/184/184
f 186/186/186 149/149/149 185/185/185
f 187/187/187 150/150/150 186/186/186
f 188/188/188 151/151/151 187/187/187
f 190/190/190 153/153/153 189/189/189
f 193/193/193 156/156/156 192/192/192
f 196/196/196 160/160/160 197/197/197
f 206/206/206 169/169/169 207/207/207
f 209/209/209 172/172/172 210/210/210
f 214/214/214 177/177/177 215/215/215
f 216/216/216 179/179/179 217/217/217
f 217/217/217 180/180/180 218/218/218
f 223/223/223 185/185/185 222/222/222
f 227/227/227 189/189/189 226/226/226
f 228/228/228 190/190/190 227/227/227
f 245/245/245 204/204/204 246/246/246
f 256/256/256 214/214/214 257/257/257
f 257/257/257 215/215/215 258/258/258
f 258/258/258 216/216/216 259/259/259
f 259/259/259 217/217/217 260/260/260
f 260/260/260 218/218/218 261/261/261
f 264/264/264 222/222/222 263/263/263
f 265/265/265 223/223/223 264/264/264
f 266/266/266 224/224/224 265/265/265
f 267/267/267 225/225/225 266/266/266
f 269/269/269 227/227/227 268/268/268
f 271/271/271 229/229/229 270/270/270
f 281/281/281 239/239/239 280/280/280
f 282/282/282 240/240/240 283/283/283
f 294/294/294 253/253/253 295/295/295
f 298/298/298 257/257/257 299/299/299
f 300/300/300 259/259/259 301/301/301
f 301/301/301 260/260/260 302/302/302
f 304/304/304 263/263/263 303/303/303
f 305/305/305 264/264/264 304/304/304
f 306/306/306 265/265/265 305/305/305
f 308/308/308 267/267/267 307/307/307
f 312/312/312 271/271/271 311/311/311
f 315/315/315 274/274/274 314/314/314
f 317/317/317 276/276/276 316/316/316
f 328/328/328 287/287/287 329/329/329
f 338/338/338 298/298/298 339/339/339
f 339/339/339 299/299/299 340/340/340
f 341/341/341 301/301/301 342/342/342
f 344/344/344 304/304/304 343/343/343
f 346/346/346 306/306/306 345/345/345
f 350/350/350 310/310/310 349/349/349
f 352/352/352 312/312/312 351/351/351
f 357/357/357 315/315/315 356/356/356
f 363/363/363 324/324/324 364/364/364
f 365/365/365 326/326/326 366/366/366
f 368/368/368 330/330/330 369/369/369
f 377/377/377 339/339/339 378/378/378
f 379/379/379 341/341/341 380/380/380
f 389/389/389 345/345/345 388/388/388
f 391/391/391 347/347/347 390/390/390
f 392/392/392 348/348/348 391/391/391
f 394/394/394 350/350/350 393/393/393
f 397/397/397 353/353/353 396/396/396
f 410/410/410 365/365/365 411/411/411
f 417/417/417 371/371/371 418/418/418
f 419/419/419 373/373/373 420/420/420
f 421/421/421 375/375/375 422/422/422
f 423/423/423 377/377/377 424/424/424
f 425/425/425 379/379/379 426/426/426
f 432/432/432 383/383/383 431/431/431
f 433/433/433 384/384/384 432/432/432
f 439/439/439 389/389/389 438/438/438
f 443/443/443 395/395/395 442/442/442
f 444/444/444 396/396/396 443/443/443
f 449/449/449 401/401/401 448/448/448
f 463/463/463 410/410/410 464/464/464
f 468/468/468 414/414/414 469/469/469
f 474/474/474 417/417/417 475/475/475
f 480/480/480 421/421/421 481/481/481
f 481/481/481 422/422/422 482/482/482
f 488/488/488 427/427/427 489/489/489
f 495/495/495 432/432/432 494/494/494
f 497/497/497 434/434/434 496/496/496
f 499/499/499 436/436/436 498/498/498
f 502/502/502 438/438/438 501/501/501
f 505/505/505 444/444/444 504/504/504
f 521/521/521 462/462/462 522/522/522
f 529/529/529 472/472/472 530/530/530
f 534/534/534 478/478/478 535/535/535
f 535/535/535 479/479/479 536/536/536
f 541/541/541 486/486/486 542/542/542
f 542/542/542 487/487/487 543/543/543
f 555/555/555 494/494/494 554/554/554
f 556/556/556 495/495/495 555/555/555
f 557/557/557 496/496/496 556/556/556
f 558/558/558 497/497/497 557/557/557
f 561/561/561 500/500/500 560/560/560
f 566/566/566 506/506/506 565/565/565
f 578/578/578 517/517/517 579/579/579
f 586/586/586 525/525/525 587/587/587
f 594/594/594 533/533/533 595/595/595
f 595/595/595 534/534/534 596/596/596
f 601/601/601 540/540/540 602/602/602
f 606/606/606 548/548/548 607/607/607
f 607/607/607 549/549/549 608/608/608
f 616/616/616 555/555/555 615/615/615
f 617/617/617 556/556/556 616/616/616
f 618/618/618 557/557/557 617/617/617
f 619/619/619 558/558/558 618/618/618
f 622/622/622 561/561/561 621/621/621
f 627/627/627 566/566/566 626/626/626
f 633/633/633 570/570/570 632/632/632
f 638/638/638 574/574/574 637/637/637
f 647/647/647 582/582/582 648/648/648
f 654/654/654 590/590/590 655/655/655
f 659/659/659 594/594/594 660/660/660
f 661/661/661 597/597/597 662/662/662
f 665/665/665 600/600/600 666/666/666
f 672/672/672 607/607/607 673/673/673
f 673/673/673 608/608/608 674/674/674
f 674/674/674 609/609/609 675/675/675
f 687/687/687 616/616/616 686/686/686
f 690/690/690 619/619/619 689/689/689
f 691/691/691 620/620/620 690/690/690
f 693/693/693 622/622/622 692/692/692
f 699/699/699 627/627/627 698/698/698
f 701/701/701 629/629/629 700/700/700
f 708/708/708 639/639/639 707/707/707
f 715/715/715 647/647/647 716/716/716
f 727/727/727 658/658/658 728/728/728
f 731/731/731 664/664/664 732/732/732
f 733/733/733 666/666/666 734/734/734
f 738/738/738 671/671/671 739/739/739
f 746/746/746 681/681/681 747/747/747
f 753/753/753 685/685/685 752/752/752
f 755/755/755 687/687/687 754/754/754
f 756/756/756 688/688/688 755/755/755
f 762/762/762 694/694/694 761/761/761
f 765/765/765 697/697/697 764/764/764
f 768/768/768 700/700/700 767/767/767
f 769/769/769 701/701/701 768/768/768
f 772/772/772 705/705/705 771/771/771
f 784/784/784 719/719/719 785/785/785
f 788/788/788 723/723/723 789/789/789
f 793/793/793 727/727/727 794/794/794
f 799/799/799 731/731/731 800/800/800
f 800/800/800 732/732/732 801/801/801
f 806/806/806 737/737/737 807/807/807
f 811/811/811 743/743/743 812/812/812
f 815/815/815 747/747/747 816/816/816
f 824/824/824 754/754/754 823/823/823
f 825/825/825 755/755/755 824/824/824
f 826/826/826 756/756/756 825/825/825
f 830/830/830 760/760/760 829/829/829
f 831/831/831 761/761/761 830/830/830
f 834/834/834 764/764/764 833/833/833
f 865/865/865 792/792/792 866/866/866
f 869/869/869 798/798/798 870/870/870
f 870/870/870 799/799/799 871/871/871
f 874/874/874 805/805/805 875/875/875
f 879/879/879 811/811/811 880/880/880
f 883/883/883 815/815/815 884/884/884
f 884/884/884 816/816/816 885/885/885
f 913/913/913 824/824/824 912/912/912
f 914/914/914 825/825/825 913/913/913
f 916/916/916 827/827/827 915/915/915
f 918/918/918 829/829/829 917/917/917
f 934/934/934 838/838/838 933/933/933
f 958/958/958 857/857/857 959/959/959
f 961/961/961 860/860/860 962/962/962
f 970/970/970 865/865/865 971/971/971
f 972/972/972 867/867/867 973/973/973
f 981/981/981 872/872/872 982/982/982
f 987/987/987 875/875/875 988/988/988
f 991/991/991 877/877/877 992/992/992
f 997/997/997 879/879/879 998/998/998
f 998/998/998 880/880/880 999/999/999
f 1000/1000/1000 882/882/882 1001/1001/1001
f 1003/1003/1003 885/885/885 1004/1004/1004
f 1063/1063/1063 892/892/892 1062/1062/1062
f 1093/1093/1093 901/901/901 1092/1092/1092
f 1130/1130/1130 909/909/909 1129/1129/1129
f 1134/1134/1134 913/913/913 1133/1133/1133
f 1137/1137/1137 916/916/916 1136/1136/1136
f 1140/1140/1140 919/919/919 1139/1139/1139
f 1147/1147/1147 925/925/925 1146/1146/1146
f 1151/1151/1151 930/930/930 1150/1150/1150
f 1152/1152/1152 931/931/931 1151/1151/1151
f 1171/1171/1171 944/944/944 1172/1172/1172
f 1199/1199/1199 957/957/957 1200/1200/1200
f 1200/1200/1200 958/958/958 1201/1201/1201
f 1223/1223/1223 964/964/964 1224/1224/1224
f 1225/1225/1225 966/966/966 1226/1226/1226
f 1236/1236/1236 970/970/970 1237/1237/1237
f 1249/1249/1249 978/978/978 1250/1250/1250
f 1251/1251/1251 980/980/980 1252/1252/1252
f 1262/1262/1262 986/986/986 1263/1263/1263
f 1275/1275/1275 993/993/993 1276/1276/1276
f 1277/1277/1277 996/996/996 1278/1278/1278
f 1278/1278/1278 997/997/997 1279/1279/1279
f 1280/1280/1280 999/999/999 1281/1281/1281
f 1281/1281/1281 1000/1000/1000 1282/1282/1282
f 1282/1282/1282 1001/1001/1001 1283/1283/1283
f 1409/1409/1409 1009/1009/1009 1408/1408/1408
f 1437/1437/1437 1017/1017/1017 1436/1436/1436
f 1458/1458/1458 1026/1026/1026 1457/1457/1457
f 1471/1471/1471 1027/1027/1027 1472/1472/1472
f 1486/1486/1486 1035/1035/1035 1487/1487/1487
f 1488/1488/1488 1037/1037/1037 1489/1489/1489
f 1489/1489/1489 1038/1038/1038 1490/1490/1490
f 1505/1505/1505 1041/1041/1041 1506/1506/1506
f 1551/1551/1551 1048/1048/1048 1550/1550/1550
f 1590/1590/1590 1057/1057/1057 1589/1589/1589
f 1642/1642/1642 1075/1075/1075 1641/1641/1641
f 1660/1660/1660 1088/1088/1088 1659/1659/1659
f 1673/1673/1673 1099/1099/1099 1672/1672/1672
f 1674/1674/1674 1100/1100/1100 1673/1673/1673
f 1690/1690/1690 1112/1112/1112 1689/1689/1689
f 1714/1714/1714 1132/1132/1132 1713/1713/1713
f 1719/1719/1719 1137/1137/1137 1718/1718/1718
f 1720/1720/1720 1138/1138/1138 1719/1719/1719
f 1739/1739/1739 1145/1145/1145 1738/1738/1738
f 1741/1741/1741 1147/1147/1147 1740/1740/1740
f 1742/1742/1742 1148/1148/1148 1741/1741/1741
f 1743/1743/1743 1149/1149/1149 1742/1742/1742
f 1746/1746/1746 1152/1152/1152 1745/1745/1745
f 1747/1747/1747 1153/1153/1153 1746/1746/1746
f 1749/1749/1749 1155/1155/1155 1748/1748/1748
f 1807/1807/1807 1177/1177/1177 1808/1808/1808
f 1830/1830/1830 1186/1186/1186 1831/1831/1831
f 1831/1831/1831 1187/1187/1187 1832/1832/1832
f 1842/1842/1842 1193/1193/1193 1841/1841/1841
f 1853/1853/1853 1198/1198/1198 1854/1854/1854
f 1872/1872/1872 1210/1210/1210 1873/1873/1873
f 1874/1874/1874 1213/1213/1213 1875/1875/1875
f 1884/1884/1884 1222/1222/1222 1885/1885/1885
f 1885/1885/1885 1223/1223/1223 1886/1886/1886
f 1897/1897/1897 1236/1236/1236 1898/1898/1898
f 1900/1900/1900 1238/1238/1238 1901/1901/1901
f 1909/1909/1909 1248/1248/1248 1910/1910/1910
f 1910/1910/1910 1249/1249/1249 1911/1911/1911
f 1913/1913/1913 1251/1251/1251 1914/1914/1914
f 1926/1926/1926 1262/1262/1262 1927/1927/1927
f 1943/1943/1943 1277/1277/1277 1944/1944/1944
f 1946/1946/1946 1281/1281/1281 1947/1947/1947
f 1966/1966/1966 1299/1299/1299 1967/1967/1967
f 1977/1977/1977 1302/1302/1302 1978/1978/1978
f 1984/1984/1984 1316/1316/1316 1983/1983/1983
f 1986/1986/1986 1318/1318/1318 1985/1985/1985
f 2010/2010/2010 1336/1336/1336 2009/2009/2009
f 2011/2011/2011 1337/1337/1337 2010/2010/2010
f 2012/2012/2012 1338/1338/1338 2011/2011/2011
f 2013/2013/2013 1339/1339/1339 2012/2012/2012
f 2014/2014/2014 1340/1340/1340 2013/2013/2013
f 2042/2042/2042 1364/1364/1364 2041/2041/2041
f 2071/2071/2071 1392/1392/1392 2070/2070/2070
f 2078/2078/2078 1393/1393/1393 2079/2079/2079
f 2091/2091/2091 1403/1403/1403 2092/2092/2092
f 2097/2097/2097 1418/1418/1418 2098/2098/2098
f 2120/2120/2120 1441/1441/1441 2119/2119/2119
f 2131/2131/2131 1442/1442/1442 2132/2132/2132
f 2132/2132/2132 1443/1443/1443 2133/2133/2133
f 2158/2158/2158 1462/1462/1462 2159/2159/2159
f 2159/2159/2159 1463/1463/1463 2160/2160/2160
f 2173/2173/2173 1466/1466/1466 2174/2174/2174
f 2175/2175/2175 1468/1468/1468 2176/2176/2176
f 2191/2191/2191 1480/1480/1480 2190/2190/2190
f 2203/2203/2203 1481/1481/1481 2204/2204/2204
f 2221/2221/2221 1496/1496/1496 2220/2220/2220
f 2252/2252/2252 1512/1512/1512 2251/2251/2251
f 2254/2254/2254 1514/1514/1514 2253/2253/2253
f 2284/2284/2284 1532/1532/1532 2283/2283/2283
f 2296/2296/2296 1534/1534/1534 2297/2297/2297
f 2297/2297/2297 1535/1535/1535 2298/2298/2298
f 2299/2299/2299 1537/1537/1537 2300/2300/2300
f 2332/2332/2332 1564/1564/1564 2333/2333/2333
f 2373/2373/2373 1593/1593/1593 2372/2372/2372
f 2382/2382/2382 1594/1594/1594 2383/2383/2383
f 2385/2385/2385 1599/1599/1599 2386/2386/2386
f 2387/2387/2387 1601/1601/1601 2388/2388/2388
f 2412/2412/2412 1612/1612/1612 2413/2413/2413
f 2420/2420/2420 1620/1620/1620 2419/2419/2419
f 2422/2422/2422 1622/1622/1622 2421/2421/2421
f 2445/2445/2445 1629/1629/1629 2446/2446/2446
f 2481/2481/2481 1655/1655/1655 2480/2480/2480
f 2500/2500/2500 1664/1664/1664 2501/2501/2501
f 2504/2504/2504 1668/1668/1668 2503/2503/2503
f 2507/2507/2507 1677/1677/1677 2506/2506/2506
f 2508/2508/2508 1678/1678/1678 2507/2507/2507
f 2513/2513/2513 1681/1681/1681 2512/2512/2512
f 2516/2516/2516 1684/1684/1684 2515/2515/2515
f 2539/2539/2539 1715/1715/1715 2538/2538/2538
f 2544/2544/2544 1720/1720/1720 2543/2543/2543
f 2545/2545/2545 1721/1721/1721 2544/2544/2544
f 2546/2546/2546 1722/1722/1722 2545/2545/2545
f 2551/2551/2551 1726/1726/1726 2550/2550/2550
f 2552/2552/2552 1727/1727/1727 2551/2551/2551
f 2557/2557/2557 1730/1730/1730 2556/2556/2556
f 2563/2563/2563 1732/1732/1732 2562/2562/2562
f 2564/2564/2564 1733/1733/1733 2563/2563/2563
f 2569/2569/2569 1737/1737/1737 2568/2568/2568
f 2570/2570/2570 1738/1738/1738 2569/2569/2569
f 2574/2574/2574 1742/1742/1742 2573/2573/2573
f 2575/2575/2575 1743/1743/1743 2574/2574/2574
f 2576/2576/2576 1744/1744/1744 2575/2575/2575
f 2579/2579/2579 1748/1748/1748 2578/2578/2578
f 2585/2585/2585 1756/1756/1756 2584/2584/2584
f 2592/2592/2592 1763/1763/1763 2591/2591/2591
f 2603/2603/2603 1782/1782/1782 2604/2604/2604
f 2616/2616/2616 1803/1803/1803 2615/2615/2615
f 2617/2617/2617 1804/1804/1804 2616/2616/2616
f 2638/2638/2638 1827/1827/1827 2639/2639/2639
f 2648/2648/2648 1835/1835/1835 2649/2649/2649
f 2657/2657/2657 1849/1849/1849 2658/2658/2658
f 2658/2658/2658 1850/1850/1850 2659/2659/2659
f 2669/2669/2669 1866/1866/1866 2670/2670/2670
f 2680/2680/2680 1869/1869/1869 2681/2681/2681
f 2681/2681/2681 1870/1870/1870 2682/2682/2682
f 2703/2703/2703 1882/1882/1882 2704/2704/2704
f 2726/2726/2726 1894/1894/1894 2727/2727/2727
f 2728/2728/2728 1899/1899/1899 2729/2729/2729
f 2729/2729/2729 1900/1900/1900 2730/2730/2730
f 2744/2744/2744 1906/1906/1906 2745/2745/2745
f 2746/2746/2746 1912/1912/1912 2747/2747/2747
f 2762/2762/2762 1921/1921/1921 2761/2761/2761
f 2765/2765/2765 1930/1930/1930 2764/2764/2764
f 2814/2814/2814 1998/1998/1998 2813/2813/2813
f 2833/2833/2833 2022/2022/2022 2832/2832/2832
f 2837/2837/2837 2023/2023/2023 2838/2838/2838
f 2840/2840/2840 2029/2029/2029 2839/2839/2839
f 2843/2843/2843 2032/2032/2032 2842/2842/2842
f 2844/2844/2844 2033/2033/2033 2843/2843/2843
f 2856/2856/2856 2056/2056/2056 2855/2855/2855
f 2864/2864/2864 2082/2082/2082 2865/2865/2865
f 2865/2865/2865 2083/2083/2083 2866/2866/2866
f 2868/2868/2868 2087/2087/2087 2869/2869/2869
f 2869/2869/2869 2088/2088/2088 2870/2870/2870
f 2880/2880/2880 2110/2110/2110 2881/2881/2881
f 2883/2883/2883 2113/2113/2113 2882/2882/2882
f 2894/2894/2894 2127/2127/2127 2895/2895/2895
f 2910/2910/2910 2156/2156/2156 2911/2911/2911
f 2913/2913/2913 2166/2166/2166 2912/2912/2912
f 2913/2913/2913 2166/2166/2166 2914/2914/2914
f 2914/2914/2914 2167/2167/2167 2915/2915/2915
f 2917/2917/2917 2170/2170/2170 2918/2918/2918
f 2929/2929/2929 2185/2185/2185 2930/2930/2930
f 2932/2932/2932 2195/2195/2195 2931/2931/2931
f 2945/2945/2945 2211/2211/2211 2946/2946/2946
f 2948/2948/2948 2214/2214/2214 2947/2947/2947
f 2952/2952/2952 2228/2228/2228 2951/2951/2951
f 2967/2967/2967 2247/2247/2247 2966/2966/2966
f 2985/2985/2985 2306/2306/2306 2986/2986/2986
f 2998/2998/2998 2339/2339/2339 2999/2999/2999
f 3027/3027/3027 2425/2425/2425 3026/3026/3026
f 3032/3032/3032 2427/2427/2427 3031/3031/3031
f 3039/3039/3039 2435/2435/2435 3040/3040/3040
f 3040/3040/3040 2436/2436/2436 3041/3041/3041
f 3042/3042/3042 2438/2438/2438 3043/3043/3043
f 3045/3045/3045 2455/2455/2455 3044/3044/3044
f 3050/3050/3050 2460/2460/2460 3049/3049/3049
f 3051/3051/3051 2461/2461/2461 3050/3050/3050
f 3062/3062/3062 2485/2485/2485 3061/3061/3061
f 3064/3064/3064 2491/2491/2491 3063/3063/3063
f 3080/3080/3080 2533/2533/2533 3079/3079/3079
f 3081/3081/3081 2534/2534/2534 3080/3080/3080
f 3082/3082/3082 2535/2535/2535 3081/3081/3081
f 3084/3084/3084 2537/2537/2537 3083/3083/3083
f 3086/3086/3086 2540/2540/2540 3085/3085/3085
f 3089/3089/3089 2543/2543/2543 3088/3088/3088
f 3092/3092/3092 2546/2546/2546 3091/3091/3091
f 3093/3093/3093 2547/2547/2547 3092/3092/3092
f 3100/3100/3100 2552/2552/2552 3099/3099/3099
f 3101/3101/3101 2553/2553/2553 3100/3100/3100
f 3102/3102/3102 2554/2554/2554 3101/3101/3101
f 3104/3104/3104 2556/2556/2556 3103/3103/3103
f 3107/3107/3107 2564/2564/2564 3106/3106/3106
f 3110/3110/3110 2567/2567/2567 3109/3109/3109
f 3111/3111/3111 2568/2568/2568 3110/3110/3110
f 3116/3116/3116 2573/2573/2573 3115/3115/3115
f 3119/3119/3119 2576/2576/2576 3118/3118/3118
f 3120/3120/3120 2577/2577/2577 3119/3119/3119
f 3133/3133/3133 2595/2595/2595 3132/3132/3132
f 3134/3134/3134 2596/2596/2596 3133/3133/3133
f 3156/3156/3156 2629/2629/2629 3155/3155/3155
f 3161/3161/3161 2634/2634/2634 3162/3162/3162
f 3165/3165/3165 2642/2642/2642 3166/3166/3166
f 3168/3168/3168 2645/2645/2645 3167/3167/3167
f 3169/3169/3169 2646/2646/2646 3168/3168/3168
f 3175/3175/3175 2661/2661/2661 3174/3174/3174
f 3176/3176/3176 2662/2662/2662 3177/3177/3177
f 3181/3181/3181 2673/2673/2673 3180/3180/3180
f 3186/3186/3186 2691/2691/2691 3187/3187/3187
f 3187/3187/3187 2692/2692/2692 3188/3188/3188
f 3191/3191/3191 2705/2705/2705 3192/3192/3192
f 3194/3194/3194 2708/2708/2708 3193/3193/3193
f 3199/3199/3199 2715/2715/2715 3200/3200/3200
f 3203/3203/3203 2719/2719/2719 3204/3204/3204
f 3205/3205/3205 2721/2721/2721 3206/3206/3206
f 3222/3222/3222 2739/2739/2739 3223/3223/3223
f 3226/3226/3226 2748/2748/2748 3227/3227/3227
f 3241/3241/3241 2766/2766/2766 3240/3240/3240
f 3242/3242/3242 2767/2767/2767 3241/3241/3241
f 3266/3266/3266 2804/2804/2804 3265/3265/3265
f 3267/3267/3267 2805/2805/2805 3266/3266/3266
f 3273/3273/3273 2824/2824/2824 3272/3272/3272
f 3276/3276/3276 2891/2891/2891 3275/3275/3275
f 3276/3276/3276 2891/2891/2891 3277/3277/3277
f 3293/3293/3293 2958/2958/2958 3292/3292/3292
f 3294/3294/3294 2959/2959/2959 3293/3293/3293
f 3296/3296/3296 3006/3006/3006 3297/3297/3297
f 3299/3299/3299 3020/3020/3020 3298/3298/3298
f 3310/3310/3310 3087/3087/3087 3309/3309/3309
f 3311/3311/3311 3088/3088/3088 3310/3310/3310
f 3312/3312/3312 3089/3089/3089 3311/3311/3311
f 3319/3319/3319 3097/3097/3097 3318/3318/3318
f 3320/3320/3320 3098/3098/3098 3319/3319/3319
f 3321/3321/3321 3099/3099/3099 3320/3320/3320
f 3322/3322/3322 3100/3100/3100 3321/3321/3321
f 3323/3323/3323 3101/3101/3101 3322/3322/3322
f 3324/3324/3324 3102/3102/3102 3323/3323/3323
f 3325/3325/3325 3103/3103/3103 3324/3324/3324
f 3326/3326/3326 3104/3104/3104 3325/3325/3325
f 3327/3327/3327 3105/3105/3105 3326/3326/3326
f 3331/3331/3331 3109/3109/3109 3330/3330/3330
f 3333/3333/3333 3111/3111/3111 3332/3332/3332
f 3336/3336/3336 3114/3114/3114 3335/3335/3335
f 3337/3337/3337 3115/3115/3115 3336/3336/3336
f 3338/3338/3338 3116/3116/3116 3337/3337/3337
f 3342/3342/3342 3120/3120/3120 3341/3341/3341
f 3343/3343/3343 3121/3121/3121 3342/3342/3342
f 3357/3357/3357 3127/3127/3127 3356/3356/3356
f 3370/3370/3370 3144/3144/3144 3369/3369/3369
f 3377/3377/3377 3305/3305/3305 3376/3376/3376
f 3382/3382/3382 3308/3308/3308 3381/3381/3381
f 3387/3387/3387 3318/3318/3318 3386/3386/3386
f 3388/3388/3388 3319/3319/3319 3387/3387/3387
f 3389/3389/3389 3320/3320/3320 3388/3388/3388
f 3390/3390/3390 3321/3321/3321 3389/3389/3389
f 3391/3391/3391 3322/3322/3322 3390/3390/3390
f 3392/3392/3392 3323/3323/3323 3391/3391/3391
f 3393/3393/3393 3324/3324/3324 3392/3392/3392
f 3394/3394/3394 3325/3325/3325 3393/3393/3393
f 3395/3395/3395 3326/3326/3326 3394/3394/3394
f 3396/3396/3396 3327/3327/3327 3395/3395/3395
f 3403/3403/3403 3334/3334/3334 3402/3402/3402
f 3404/3404/3404 3335/3335/3335 3403/3403/3403
f 3405/3405/3405 3336/3336/3336 3404/3404/3404
f 3407/3407/3407 3338/3338/3338 3406/3406/3406
f 3413/3413/3413 3344/3344/3344 3412/3412/3412
f 3414/3414/3414 3345/3345/3345 3413/3413/3413
f 3415/3415/3415 3346/3346/3346 3414/3414/3414
f 3421/3421/3421 3352/3352/3352 3420/3420/3420
f 3422/3422/3422 3353/3353/3353 3421/3421/3421
f 3425/3425/3425 3356/3356/3356 3424/3424/3424
f 3426/3426/3426 3357/3357/3357 3425/3425/3425
f 3427/3427/3427 3358/3358/3358 3426/3426/3426
f 3431/3431/3431 3362/3362/3362 3430/3430/3430
f 3436/3436/3436 3373/3373/3373 3435/3435/3435
f 3441/3441/3441 3378/3378/3378 3440/3440/3440
f 3446/3446/3446 3382/3382/3382 3445/3445/3445
f 3447/3447/3447 3383/3383/3383 3446/3446/3446
f 3455/3455/3455 3387/3387/3387 3454/3454/3454
f 3456/3456/3456 3388/3388/3388 3455/3455/3455
f 3457/3457/3457 3389/3389/3389 3456/3456/3456
f 3458/3458/3458 3390/3390/3390 3457/3457/3457
f 3459/3459/3459 3391/3391/3391 3458/3458/3458
f 3460/3460/3460 3392/3392/3392 3459/3459/3459
f 3461/3461/3461 3393/3393/3393 3460/3460/3460
f 3462/3462/3462 3394/3394/3394 3461/3461/3461
f 3463/3463/3463 3395/3395/3395 3462/3462/3462
f 3466/3466/3466 3399/3399/3399 3465/3465/3465
f 3469/3469/3469 3404/3404/3404 3468/3468/3468
f 3471/3471/3471 3406/3406/3406 3470/3470/3470
f 3481/3481/3481 3416/3416/3416 3480/3480/3480
f 3482/3482/3482 3417/3417/3417 3481/3481/3481
f 3483/3483/3483 3418/3418/3418 3482/3482/3482
f 3484/3484/3484 3419/3419/3419 3483/3483/3483
f 3485/3485/3485 3420/3420/3420 3484/3484/3484
f 3486/3486/3486 3421/3421/3421 3485/3485/3485
f 3487/3487/3487 3422/3422/3422 3486/3486/3486
f 3488/3488/3488 3423/3423/3423 3487/3487/3487
f 3490/3490/3490 3425/3425/3425 3489/3489/3489
f 3497/3497/3497 3434/3434/3434 3496/3496/3496
f 3501/3501/3501 3437/3437/3437 3500/3500/3500
f 3506/3506/3506 3442/3442/3442 3505/3505/3505
f 3508/3508/3508 3444/3444/3444 3507/3507/3507
f 3515/3515/3515 3450/3450/3450 3514/3514/3514
f 3518/3518/3518 3453/3453/3453 3517/3517/3517
f 3520/3520/3520 3455/3455/3455 3519/3519/3519
f 3522/3522/3522 3457/3457/3457 3521/3521/3521
f 3523/3523/3523 3458/3458/3458 3522/3522/3522
f 3525/3525/3525 3460/3460/3460 3524/3524/3524
f 3526/3526/3526 3461/3461/3461 3525/3525/3525
f 3527/3527/3527 3462/3462/3462 3526/3526/3526
f 3528/3528/3528 3463/3463/3463 3527/3527/3527
f 3533/3533/3533 3472/3472/3472 3532/3532/3532
f 3541/3541/3541 3480/3480/3480 3540/3540/3540
f 3542/3542/3542 3481/3481/3481 3541/3541/3541
f 3543/3543/3543 3482/3482/3482 3542/3542/3542
f 3544/3544/3544 3483/3483/3483 3543/3543/3543
f 3546/3546/3546 3485/3485/3485 3545/3545/3545
f 3547/3547/3547 3486/3486/3486 3546/3546/3546
f 3548/3548/3548 3487/3487/3487 3547/3547/3547
f 3556/3556/3556 3495/3495/3495 3555/3555/3555
f 3559/3559/3559 3497/3497/3497 3558/3558/3558
f 3563/3563/3563 3501/3501/3501 3562/3562/3562
f 3572/3572/3572 3510/3510/3510 3571/3571/3571
f 3588/3588/3588 3521/3521/3521 3587/3587/3587
f 3590/3590/3590 3523/3523/3523 3589/3589/3589
f 3591/3591/3591 3524/3524/3524 3590/3590/3590
f 3592/3592/3592 3525/3525/3525 3591/3591/3591
f 3593/3593/3593 3526/3526/3526 3592/3592/3592
f 3594/3594/3594 3527/3527/3527 3593/3593/3593
f 3600/3600/3600 3534/3534/3534 3599/3599/3599
f 3602/3602/3602 3536/3536/3536 3601/3601/3601
f 3603/3603/3603 3537/3537/3537 3602/3602/3602
f 3606/3606/3606 3540/3540/3540 3605/3605/3605
f 3607/3607/3607 3541/3541/3541 3606/3606/3606
f 3608/3608/3608 3542/3542/3542 3607/3607/3607
f 3609/3609/3609 3543/3543/3543 3608/3608/3608
f 3612/3612/3612 3546/3546/3546 3611/3611/3611
f 3613/3613/3613 3547/3547/3547 3612/3612/3612
f 3620/3620/3620 3552/3552/3552 3619/3619/3619
f 3624/3624/3624 3555/3555/3555 3623/3623/3623
f 3625/3625/3625 3556/3556/3556 3624/3624/3624
f 3626/3626/3626 3557/3557/3557 3625/3625/3625
f 3642/3642/3642 3569/3569/3569 3641/3641/3641
f 3643/3643/3643 3570/3570/3570 3642/3642/3642
f 3650/3650/3650 3576/3576/3576 3649/3649/3649
f 3651/3651/3651 3577/3577/3577 3650/3650/3650
f 3662/3662/3662 3582/3582/3582 3661/3661/3661
f 3665/3665/3665 3589/3589/3589 3664/3664/3664
f 3666/3666/3666 3590/3590/3590 3665/3665/3665
f 3667/3667/3667 3591/3591/3591 3666/3666/3666
f 3668/3668/3668 3592/3592/3592 3667/3667/3667
f 3669/3669/3669 3593/3593/3593 3668/3668/3668
f 3670/3670/3670 3594/3594/3594 3669/3669/3669
f 3673/3673/3673 3597/3597/3597 3672/3672/3672
f 3680/3680/3680 3604/3604/3604 3679/3679/3679
f 3682/3682/3682 3606/3606/3606 3681/3681/3681
f 3685/3685/3685 3609/3609/3609 3684/3684/3684
f 3686/3686/3686 3610/3610/3610 3685/3685/3685
f 3687/3687/3687 3611/3611/3611 3686/3686/3686
f 3693/3693/3693 3617/3617/3617 3692/3692/3692
f 3695/3695/3695 3620/3620/3620 3694/3694/3694
f 3696/3696/3696 3621/3621/3621 3695/3695/3695
f 3698/3698/3698 3623/3623/3623 3697/3697/3697
f 3699/3699/3699 3624/3624/3624 3698/3698/3698
f 3703/3703/3703 3629/3629/3629 3702/3702/3702
f 3718/3718/3718 3643/3643/3643 3717/3717/3717
f 3721/3721/3721 3646/3646/3646 3720/3720/3720
f 3728/3728/3728 3651/3651/3651 3727/3727/3727
f 3734/3734/3734 3655/3655/3655 3733/3733/3733
f 3735/3735/3735 3656/3656/3656 3734/3734/3734
f 3736/3736/3736 3657/3657/3657 3735/3735/3735
f 3740/3740/3740 3661/3661/3661 3739/3739/3739
f 3741/3741/3741 3662/3662/3662 3740/3740/3740
f 3744/3744/3744 3665/3665/3665 3743/3743/3743
f 3745/3745/3745 3666/3666/3666 3744/3744/3744
f 3746/3746/3746 3667/3667/3667 3745/3745/3745
f 3747/3747/3747 3668/3668/3668 3746/3746/3746
f 3748/3748/3748 3669/3669/3669 3747/3747/3747
f 3751/3751/3751 3674/3674/3674 3750/3750/3750
f 3756/3756/3756 3680/3680/3680 3755/3755/3755
f 3757/3757/3757 3681/3681/3681 3756/3756/3756
f 3760/3760/3760 3692/3692/3692 3759/3759/3759
f 3763/3763/3763 3696/3696/3696 3762/3762/3762
f 3765/3765/3765 3699/3699/3699 3764/3764/3764
f 3770/3770/3770 3704/3704/3704 3769/3769/3769
f 3772/3772/3772 3706/3706/3706 3771/3771/3771
f 3776/3776/3776 3709/3709/3709 3775/3775/3775
f 3778/3778/3778 3711/3711/3711 3777/3777/3777
f 3788/3788/3788 3721/3721/3721 3787/3787/3787
f 3789/3789/3789 3722/3722/3722 3788/3788/3788
f 3794/3794/3794 3726/3726/3726 3793/3793/3793
f 3797/3797/3797 3729/3729/3729 3796/3796/3796
f 3801/3801/3801 3733/3733/3733 3800/3800/3800
f 3802/3802/3802 3734/3734/3734 3801/3801/3801
f 3806/3806/3806 3738/3738/3738 3805/3805/3805
f 3807/3807/3807 3739/3739/3739 3806/3806/3806
f 3808/3808/3808 3740/3740/3740 3807/3807/3807
f 3809/3809/3809 3741/3741/3741 3808/3808/3808
f 3810/3810/3810 3742/3742/3742 3809/3809/3809
f 3814/3814/3814 3745/3745/3745 3813/3813/3813
f 3815/3815/3815 3746/3746/3746 3814/3814/3814
f 3816/3816/3816 3747/3747/3747 3815/3815/3815
f 3817/3817/3817 3748/3748/3748 3816/3816/3816
f 3820/3820/3820 3752/3752/3752 3819/3819/3819
f 3823/3823/3823 3757/3757/3757 3822/3822/3822
f 3830/3830/3830 3768/3768/3768 3829/3829/3829
f 3836/3836/3836 3772/3772/3772 3835/3835/3835
f 3842/3842/3842 3775/3775/3775 3841/3841/3841
f 3843/3843/3843 3776/3776/3776 3842/3842/3842
f 3845/3845/3845 3778/3778/3778 3844/3844/3844
f 3846/3846/3846 3779/3779/3779 3845/3845/3845
f 3857/3857/3857 3790/3790/3790 3856/3856/3856
f 3859/3859/3859 3792/3792/3792 3858/3858/3858
f 3866/3866/3866 3799/3799/3799 3865/3865/3865
f 3867/3867/3867 3800/3800/3800 3866/3866/3866
f 3868/3868/3868 3801/3801/3801 3867/3867/3867
f 3869/3869/3869 3802/3802/3802 3868/3868/3868
f 3873/3873/3873 3806/3806/3806 3872/3872/3872
f 3874/3874/3874 3807/3807/3807 3873/3873/3873
f 3877/3877/3877 3810/3810/3810 3876/3876/3876
f 3880/3880/3880 3813/3813/3813 3879/3879/3879
f 3881/3881/3881 3814/3814/3814 3880/3880/3880
f 3882/3882/3882 3815/3815/3815 3881/3881/3881
f 3883/3883/3883 3816/3816/3816 3882/3882/3882
f 3886/3886/3886 3825/3825/3825 3885/3885/3885
f 3892/3892/3892 3832/3832/3832 3891/3891/3891
f 3894/3894/3894 3834/3834/3834 3893/3893/3893
f 3897/3897/3897 3837/3837/3837 3896/3896/3896
f 3898/3898/3898 3838/3838/3838 3897/3897/3897
f 3902/3902/3902 3842/3842/3842 3901/3901/3901
f 3903/3903/3903 3843/3843/3843 3902/3902/3902
f 3905/3905/3905 3847/3847/3847 3904/3904/3904
f 3906/3906/3906 3848/3848/3848 3905/3905/3905
f 3924/3924/3924 3866/3866/3866 3923/3923/3923
f 3925/3925/3925 3867/3867/3867 3924/3924/3924
f 3926/3926/3926 3868/3868/3868 3925/3925/3925
f 3927/3927/3927 3869/3869/3869 3926/3926/3926
f 3928/3928/3928 3870/3870/3870 3927/3927/3927
f 3929/3929/3929 3871/3871/3871 3928/3928/3928
f 3934/3934/3934 3876/3876/3876 3933/3933/3933
f 3935/3935/3935 3877/3877/3877 3934/3934/3934
f 3938/3938/3938 3880/3880/3880 3937/3937/3937
f 3939/3939/3939 3881/3881/3881 3938/3938/3938
f 3940/3940/3940 3882/3882/3882 3939/3939/3939
f 3943/3943/3943 3886/3886/3886 3942/3942/3942
f 3946/3946/3946 3889/3889/3889 3945/3945/3945
f 3948/3948/3948 3891/3891/3891 3947/3947/3947
f 3949/3949/3949 3892/3892/3892 3948/3948/3948
f 37/37/37 1/1/1 47/47/47
f 48/48/48 12/12/12 45/45/45
f 46/46/46 10/10/10 50/50/50
f 50/50/50 14/14/14 52/52/52
f 55/55/55 19/19/19 53/53/53
f 57/57/57 21/21/21 55/55/55
f 61/61/61 25/25/25 57/57/57
f 59/59/59 23/23/23 62/62/62
f 84/84/84 48/48/48 81/81/81
f 86/86/86 50/50/50 88/88/88
f 88/88/88 52/52/52 90/90/90
f 91/91/91 55/55/55 89/89/89
f 93/93/93 57/57/57 91/91/91
f 95/95/95 59/59/59 98/98/98
f 120/120/120 84/84/84 117/117/117
f 123/123/123 87/87/87 121/121/121
f 122/122/122 86/86/86 124/124/124
f 127/127/127 91/91/91 125/125/125
f 126/126/126 90/90/90 128/128/128
f 130/130/130 93/93/93 127/127/127
f 128/128/128 92/92/92 131/131/131
f 132/132/132 95/95/95 135/135/135
f 136/136/136 99/99/99 139/139/139
f 146/146/146 109/109/109 156/156/156
f 157/157/157 120/120/120 154/154/154
f 155/155/155 118/118/118 159/159/159
f 161/161/161 123/123/123 158/158/158
f 163/163/163 125/125/125 161/161/161
f 164/164/164 126/126/126 166/166/166
f 166/166/166 128/128/128 169/169/169
f 170/170/170 132/132/132 172/172/172
f 175/175/175 138/138/138 171/171/171
f 173/173/173 136/136/136 176/176/176
f 183/183/183 146/146/146 193/193/193
f 192/192/192 155/155/155 195/195/195
f 196/196/196 160/160/160 194/194/194
f 200/200/200 163/163/163 197/197/197
f 202/202/202 165/165/165 200/200/200
f 201/201/201 164/164/164 203/203/203
f 203/203/203 166/166/166 206/206/206
f 210/210/210 173/173/173 213/213/213
f 221/221/221 183/183/183 231/231/231
f 230/230/230 192/192/192 234/234/234
f 234/234/234 195/195/195 237/237/237
f 238/238/238 199/199/199 235/235/235
f 242/242/242 202/202/202 239/239/239
f 241/241/241 201/201/201 243/243/243
f 243/243/243 203/203/203 247/247/247
f 250/250/250 208/208/208 245/245/245
f 248/248/248 207/207/207 251/251/251
f 252/252/252 210/210/210 255/255/255
f 261/261/261 219/219/219 253/253/253
f 262/262/262 220/220/220 272/272/272
f 273/273/273 232/232/232 271/271/271
f 272/272/272 230/230/230 276/276/276
f 275/275/275 233/233/233 279/279/279
f 283/283/283 241/241/241 285/285/285
f 288/288/288 246/246/246 284/284/284
f 286/286/286 244/244/244 289/289/289
f 291/291/291 250/250/250 287/287/287
f 290/290/290 249/249/249 292/292/292
f 295/295/295 254/254/254 291/291/291
f 292/292/292 252/252/252 296/296/296
f 303/303/303 262/262/262 313/313/313
f 316/316/316 275/275/275 319/319/319
f 321/321/321 281/281/281 318/318/318
f 319/319/319 279/279/279 322/322/322
f 323/323/323 283/283/283 326/326/326
f 331/331/331 290/290/290 333/333/333
f 336/336/336 295/295/295 332/332/332
f 334/334/334 293/293/293 337/337/337
f 354/354/354 313/313/313 358/358/358
f 361/361/361 321/321/321 359/359/359
f 360/360/360 320/320/320 362/362/362
f 366/366/366 327/327/327 368/368/368
f 370/370/370 332/332/332 367/367/367
f 369/369/369 331/331/331 371/371/371
f 380/380/380 342/342/342 373/373/373
f 388/388/388 344/344/344 399/399/399
f 403/403/403 359/359/359 400/400/400
f 409/409/409 364/364/364 406/406/406
f 412/412/412 367/367/367 408/408/408
f 411/411/411 366/366/366 414/414/414
f 418/418/418 372/372/372 421/421/421
f 430/430/430 381/381/381 439/439/439
f 434/434/434 385/385/385 441/441/441
f 437/437/437 387/387/387 447/447/447
f 453/453/453 404/404/404 449/449/449
f 456/456/456 406/406/406 452/452/452
f 455/455/455 405/405/405 459/459/459
f 460/460/460 409/409/409 456/456/456
f 466/466/466 413/413/413 460/460/460
f 470/470/470 416/416/416 465/465/465
f 477/477/477 420/420/420 470/470/470
f 484/484/484 426/426/426 476/476/476
f 490/490/490 429/429/429 483/483/483
f 493/493/493 430/430/430 503/503/503
f 501/501/501 437/437/437 508/508/508
f 513/513/513 453/453/453 510/510/510
f 516/516/516 457/457/457 513/513/513
f 520/520/520 461/461/461 516/516/516
f 523/523/523 466/466/466 519/519/519
f 528/528/528 471/471/471 523/523/523
f 531/531/531 477/477/477 527/527/527
f 538/538/538 485/485/485 531/531/531
f 546/546/546 491/491/491 537/537/537
f 553/553/553 492/492/492 564/564/564
f 563/563/563 501/501/501 568/568/568
f 567/567/567 507/507/507 572/572/572
f 571/571/571 511/511/511 575/575/575
f 580/580/580 520/520/520 576/576/576
f 585/585/585 524/524/524 580/580/580
f 588/588/588 528/528/528 584/584/584
f 592/592/592 532/532/532 588/588/588
f 598/598/598 539/539/539 592/592/592
f 605/605/605 547/547/547 597/597/597
f 610/610/610 552/552/552 603/603/603
f 614/614/614 553/553/553 625/625/625
f 626/626/626 565/565/565 622/622/622
f 623/623/623 562/562/562 631/631/631
f 631/631/631 567/567/567 636/636/636
f 635/635/635 571/571/571 640/640/640
f 640/640/640 575/575/575 643/643/643
f 645/645/645 581/581/581 641/641/641
f 649/649/649 585/585/585 644/644/644
f 652/652/652 589/589/589 649/649/649
f 656/656/656 593/593/593 652/652/652
f 663/663/663 599/599/599 656/656/656
f 668/668/668 605/605/605 661/661/661
f 667/667/667 602/602/602 671/671/671
f 677/677/677 612/612/612 668/668/668
f 684/684/684 613/613/613 697/697/697
f 696/696/696 623/623/623 703/703/703
f 704/704/704 634/634/634 701/701/701
f 702/702/702 630/630/630 706/706/706
f 713/713/713 646/646/646 710/710/710
f 717/717/717 650/650/650 712/712/712
f 726/726/726 657/657/657 722/722/722
f 729/729/729 663/663/663 725/725/725
f 736/736/736 670/670/670 729/729/729
f 742/742/742 678/678/678 735/735/735
f 748/748/748 683/683/683 740/740/740
f 763/763/763 695/695/695 770/770/770
f 776/776/776 710/710/710 774/774/774
f 779/779/779 713/713/713 776/776/776
f 778/778/778 711/711/711 781/781/781
f 783/783/783 718/718/718 779/779/779
f 780/780/780 714/714/714 784/784/784
f 786/786/786 722/722/722 782/782/782
f 796/796/796 730/730/730 790/790/790
f 803/803/803 736/736/736 795/795/795
f 809/809/809 742/742/742 802/802/802
f 817/817/817 749/749/749 808/808/808
f 820/820/820 751/751/751 814/814/814
f 823/823/823 753/753/753 836/836/836
f 842/842/842 771/771/771 839/839/839
f 840/840/840 770/770/770 846/846/846
f 848/848/848 774/774/774 843/843/843
f 846/846/846 773/773/773 851/851/851
f 851/851/851 775/775/775 855/855/855
f 856/856/856 779/779/779 852/852/852
f 854/854/854 777/777/777 858/858/858
f 862/862/862 787/787/787 859/859/859
f 864/864/864 791/791/791 862/862/862
f 868/868/868 797/797/797 864/864/864
f 873/873/873 804/804/804 867/867/867
f 878/878/878 810/810/810 872/872/872
f 876/876/876 807/807/807 879/879/879
f 886/886/886 818/818/818 877/877/877
f 881/881/881 813/813/813 887/887/887
f 889/889/889 821/821/821 883/883/883
f 911/911/911 822/822/822 928/928/928
f 933/933/933 837/837/837 921/921/921
f 927/927/927 834/834/834 941/941/941
f 943/943/943 842/842/842 935/935/935
f 940/940/940 840/840/840 948/948/948
f 949/949/949 847/847/847 943/943/943
f 946/946/946 844/844/844 952/952/952
f 953/953/953 852/852/852 950/950/950
f 952/952/952 849/849/849 955/955/955
f 963/963/963 862/862/862 960/960/960
f 965/965/965 863/863/863 970/970/970
f 971/971/971 866/866/866 977/977/977
f 1061/1061/1061 890/890/890 1068/1068/1068
f 1080/1080/1080 898/898/898 1069/1069/1069
f 1078/1078/1078 896/896/896 1091/1091/1091
f 1145/1145/1145 923/923/923 1130/1130/1130
f 1131/1131/1131 910/910/910 1149/1149/1149
f 1150/1150/1150 929/929/929 1137/1137/1137
f 1154/1154/1154 932/932/932 1141/1141/1141
f 1146/1146/1146 924/924/924 1162/1162/1162
f 1148/1148/1148 926/926/926 1164/1164/1164
f 1166/1166/1166 942/942/942 1156/1156/1156
f 1172/1172/1172 945/945/945 1161/1161/1161
f 1162/1162/1162 938/938/938 1173/1173/1173
f 1175/1175/1175 949/949/949 1167/1167/1167
f 1172/1172/1172 945/945/945 1181/1181/1181
f 1183/1183/1183 953/953/953 1176/1176/1176
f 1191/1191/1191 956/956/956 1183/1183/1183
f 1203/1203/1203 960/960/960 1191/1191/1191
f 1201/1201/1201 959/959/959 1212/1212/1212
f 1234/1234/1234 968/968/968 1247/1247/1247
f 1237/1237/1237 971/971/971 1248/1248/1248
f 1246/1246/1246 974/974/974 1261/1261/1261
f 1250/1250/1250 979/979/979 1262/1262/1262
f 1265/1265/1265 990/990/990 1284/1284/1284
f 1407/1407/1407 1007/1007/1007 1431/1431/1431
f 1431/1431/1431 1010/1010/1010 1453/1453/1453
f 1455/1455/1455 1020/1020/1020 1432/1432/1432
f 1433/1433/1433 1013/1013/1013 1456/1456/1456
f 1472/1472/1472 1028/1028/1028 1454/1454/1454
f 1456/1456/1456 1021/1021/1021 1474/1474/1474
f 1506/1506/1506 1042/1042/1042 1491/1491/1491
f 1529/1529/1529 1043/1043/1043 1549/1549/1549
f 1548/1548/1548 1045/1045/1045 1570/1570/1570
f 1588/1588/1588 1053/1053/1053 1609/1609/1609
f 1608/1608/1608 1059/1059/1059 1628/1628/1628
f 1628/1628/1628 1066/1066/1066 1645/1645/1645
f 1640/1640/1640 1073/1073/1073 1658/1658/1658
f 1644/1644/1644 1076/1076/1076 1661/1661/1661
f 1657/1657/1657 1084/1084/1084 1686/1686/1686
f 1689/1689/1689 1111/1111/1111 1662/1662/1662
f 1671/1671/1671 1097/1097/1097 1697/1697/1697
f 1686/1686/1686 1101/1101/1101 1710/1710/1710
f 1688/1688/1688 1105/1105/1105 1712/1712/1712
f 1736/1736/1736 1142/1142/1142 1768/1768/1768
f 1769/1769/1769 1165/1165/1165 1749/1749/1749
f 1767/1767/1767 1157/1157/1157 1786/1786/1786
f 1788/1788/1788 1174/1174/1174 1770/1770/1770
f 1811/1811/1811 1182/1182/1182 1789/1789/1789
f 1834/1834/1834 1190/1190/1190 1811/1811/1811
f 1822/1822/1822 1184/1184/1184 1845/1845/1845
f 1856/1856/1856 1202/1202/1202 1834/1834/1834
f 1841/1841/1841 1192/1192/1192 1863/1863/1863
f 1843/1843/1843 1194/1194/1194 1865/1865/1865
f 1875/1875/1875 1214/1214/1214 1857/1857/1857
f 1863/1863/1863 1204/1204/1204 1881/1881/1881
f 1880/1880/1880 1215/1215/1215 1893/1893/1893
f 1891/1891/1891 1227/1227/1227 1905/1905/1905
f 1905/1905/1905 1240/1240/1240 1918/1918/1918
f 1930/1930/1930 1266/1266/1266 1913/1913/1913
f 1917/1917/1917 1254/1254/1254 1933/1933/1933
f 1948/1948/1948 1283/1283/1283 1928/1928/1928
f 1932/1932/1932 1267/1267/1267 1954/1954/1954
f 1968/1968/1968 1301/1301/1301 1945/1945/1945
f 1958/1958/1958 1297/1297/1297 1982/1982/1982
f 1981/1981/1981 1313/1313/1313 2008/2008/2008
f 2003/2003/2003 1319/1319/1319 2027/2027/2027
f 2007/2007/2007 1329/1329/1329 2040/2040/2040
f 2027/2027/2027 1341/1341/1341 2053/2053/2053
f 2039/2039/2039 1351/1351/1351 2065/2065/2065
f 2063/2063/2063 1375/1375/1375 2091/2091/2091
f 2093/2093/2093 1417/1417/1417 2066/2066/2066
f 2098/2098/2098 1419/1419/1419 2071/2071/2071
f 2108/2108/2108 1427/1427/1427 2080/2080/2080
f 2134/2134/2134 1447/1447/1447 2106/2106/2106
f 2161/2161/2161 1465/1465/1465 2134/2134/2134
f 2174/2174/2174 1467/1467/1467 2146/2146/2146
f 2177/2177/2177 1478/1478/1478 2148/2148/2148
f 2221/2221/2221 1496/1496/1496 2191/2191/2191
f 2237/2237/2237 1509/1509/1509 2205/2205/2205
f 2235/2235/2235 1497/1497/1497 2267/2267/2267
f 2268/2268/2268 1527/1527/1527 2236/2236/2236
f 2250/2250/2250 1510/1510/1510 2282/2282/2282
f 2253/2253/2253 1513/1513/1513 2284/2284/2284
f 2281/2281/2281 1528/1528/1528 2314/2314/2314
f 2329/2329/2329 1557/1557/1557 2299/2299/2299
f 2334/2334/2334 1566/1566/1566 2301/2301/2301
f 2313/2313/2313 1547/1547/1547 2345/2345/2345
f 2326/2326/2326 1554/1554/1554 2357/2357/2357
f 2358/2358/2358 1578/1578/1578 2329/2329/2329
f 2330/2330/2330 1558/1558/1558 2359/2359/2359
f 2360/2360/2360 1584/1584/1584 2331/2331/2331
f 2343/2343/2343 1567/1567/1567 2371/2371/2371
f 2371/2371/2371 1585/1585/1585 2400/2400/2400
f 2402/2402/2402 1611/1611/1611 2373/2373/2373
f 2399/2399/2399 1605/1605/1605 2432/2432/2432
f 2447/2447/2447 1631/1631/1631 2414/2414/2414
f 2417/2417/2417 1616/1616/1616 2450/2450/2450
f 2430/2430/2430 1623/1623/1623 2465/2465/2465
f 2464/2464/2464 1639/1639/1639 2493/2493/2493
f 2474/2474/2474 1646/1646/1646 2500/2500/2500
f 2479/2479/2479 1648/1648/1648 2505/2505/2505
f 2492/2492/2492 1656/1656/1656 2517/2517/2517
f 2501/2501/2501 1665/1665/1665 2525/2525/2525
f 2511/2511/2511 1679/1679/1679 2529/2529/2529
f 2514/2514/2514 1682/1682/1682 2531/2531/2531
f 2555/2555/2555 1728/1728/1728 2587/2587/2587
f 2562/2562/2562 1731/1731/1731 2592/2592/2592
f 2566/2566/2566 1734/1734/1734 2597/2597/2597
f 2582/2582/2582 1750/1750/1750 2600/2600/2600
f 2605/2605/2605 1784/1784/1784 2592/2592/2592
f 2611/2611/2611 1787/1787/1787 2598/2598/2598
f 2600/2600/2600 1771/1771/1771 2614/2614/2614
f 2610/2610/2610 1785/1785/1785 2624/2624/2624
f 2625/2625/2625 1809/1809/1809 2611/2611/2611
f 2613/2613/2613 1790/1790/1790 2631/2631/2631
f 2623/2623/2623 1805/1805/1805 2638/2638/2638
f 2641/2641/2641 1833/1833/1833 2626/2626/2626
f 2650/2650/2650 1848/1848/1848 2632/2632/2632
f 2671/2671/2671 1868/1868/1868 2650/2650/2650
f 2683/2683/2683 1874/1874/1874 2661/2661/2661
f 2707/2707/2707 1887/1887/1887 2683/2683/2683
f 2689/2689/2689 1876/1876/1876 2714/2714/2714
f 2730/2730/2730 1901/1901/1901 2707/2707/2707
f 2713/2713/2713 1888/1888/1888 2736/2736/2736
f 2745/2745/2745 1907/1907/1907 2763/2763/2763
f 2754/2754/2754 1915/1915/1915 2773/2773/2773
f 2760/2760/2760 1919/1919/1919 2779/2779/2779
f 2780/2780/2780 1950/1950/1950 2765/2765/2765
f 2773/2773/2773 1931/1931/1931 2788/2788/2788
f 2778/2778/2778 1934/1934/1934 2794/2794/2794
f 2795/2795/2795 1973/1973/1973 2780/2780/2780
f 2786/2786/2786 1951/1951/1951 2801/2801/2801
f 2793/2793/2793 1955/1955/1955 2812/2812/2812
f 2801/2801/2801 1974/1974/1974 2819/2819/2819
f 2812/2812/2812 1979/1979/1979 2831/2831/2831
f 2829/2829/2829 2004/2004/2004 2848/2848/2848
f 2841/2841/2841 2030/2030/2030 2856/2856/2856
f 2858/2858/2858 2074/2074/2074 2849/2849/2849
f 2854/2854/2854 2050/2050/2050 2863/2863/2863
f 2871/2871/2871 2100/2100/2100 2857/2857/2857
f 2882/2882/2882 2112/2112/2112 2867/2867/2867
f 2870/2870/2870 2089/2089/2089 2885/2885/2885
f 2888/2888/2888 2126/2126/2126 2871/2871/2871
f 2900/2900/2900 2152/2152/2152 2886/2886/2886
f 2897/2897/2897 2138/2138/2138 2913/2913/2913
f 2908/2908/2908 2153/2153/2153 2926/2926/2926
f 2927/2927/2927 2184/2184/2184 2909/2909/2909
f 2915/2915/2915 2168/2168/2168 2933/2933/2933
f 2934/2934/2934 2197/2197/2197 2916/2916/2916
f 2938/2938/2938 2209/2209/2209 2919/2919/2919
f 2936/2936/2936 2198/2198/2198 2953/2953/2953
f 2954/2954/2954 2240/2240/2240 2937/2937/2937
f 2944/2944/2944 2210/2210/2210 2963/2963/2963
f 2946/2946/2946 2212/2212/2212 2965/2965/2965
f 2949/2949/2949 2215/2215/2215 2967/2967/2967
f 2962/2962/2962 2241/2241/2241 2976/2976/2976
f 3000/3000/3000 2365/2365/2365 2987/2987/2987
f 3002/3002/3002 2367/2367/2367 2989/2989/2989
f 3014/3014/3014 2395/2395/2395 3001/3001/3001
f 3012/3012/3012 2368/2368/2368 3025/3025/3025
f 3024/3024/3024 2396/2396/2396 3037/3037/3037
f 3031/3031/3031 2426/2426/2426 3048/3048/3048
f 3036/3036/3036 2428/2428/2428 3053/3053/3053
f 3055/3055/3055 2467/2467/2467 3038/3038/3038
f 3046/3046/3046 2456/2456/2456 3062/3062/3062
f 3052/3052/3052 2462/2462/2462 3064/3064/3064
f 3060/3060/3060 2468/2468/2468 3071/3071/3071
f 3096/3096/3096 2548/2548/2548 3131/3131/3131
f 3108/3108/3108 2565/2565/2565 3134/3134/3134
f 3135/3135/3135 2598/2598/2598 3124/3124/3124
f 3129/3129/3129 2581/2581/2581 3142/3142/3142
f 3143/3143/3143 2611/2611/2611 3135/3135/3135
f 3142/3142/3142 2599/2599/2599 3151/3151/3151
f 3150/3150/3150 2612/2612/2612 3159/3159/3159
f 3163/3163/3163 2640/2640/2640 3152/3152/3152
f 3154/3154/3154 2627/2627/2627 3165/3165/3165
f 3171/3171/3171 2651/2651/2651 3160/3160/3160
f 3174/3174/3174 2660/2660/2660 3164/3164/3164
f 3170/3170/3170 2647/2647/2647 3179/3179/3179
f 3172/3172/3172 2652/2652/2652 3181/3181/3181
f 3182/3182/3182 2683/2683/2683 3175/3175/3175
f 3184/3184/3184 2684/2684/2684 3195/3195/3195
f 3202/3202/3202 2718/2718/2718 3189/3189/3189
f 3195/3195/3195 2709/2709/2709 3211/3211/3211
f 3217/3217/3217 2738/2738/2738 3201/3201/3201
f 3224/3224/3224 2747/2747/2747 3207/3207/3207
f 3233/3233/3233 2756/2756/2756 3217/3217/3217
f 3223/3223/3223 2740/2740/2740 3239/3239/3239
f 3227/3227/3227 2749/2749/2749 3243/3243/3243
f 3238/3238/3238 2757/2757/2757 3254/3254/3254
f 3252/3252/3252 2774/2774/2774 3263/3263/3263
f 3262/3262/3262 2789/2789/2789 3271/3271/3271
f 3269/3269/3269 2806/2806/2806 3274/3274/3274
f 3279/3279/3279 2904/2904/2904 3275/3275/3275
f 3283/3283/3283 2922/2922/2922 3278/3278/3278
f 3281/3281/3281 2905/2905/2905 3286/3286/3286
f 3287/3287/3287 2940/2940/2940 3282/3282/3282
f 3286/3286/3286 2923/2923/2923 3291/3291/3291
f 3290/3290/3290 2941/2941/2941 3295/3295/3295
f 3297/3297/3297 3007/3007/3007 3299/3299/3299
f 3328/3328/3328 3106/3106/3106 3305/3305/3305
f 3349/3349/3349 3122/3122/3122 3315/3315/3315
f 3316/3316/3316 3094/3094/3094 3359/3359/3359
f 3361/3361/3361 3132/3132/3132 3329/3329/3329
f 3355/3355/3355 3125/3125/3125 3368/3368/3368
f 3366/3366/3366 3136/3136/3136 3371/3371/3371
f 3380/3380/3380 3306/3306/3306 3401/3401/3401
f 3385/3385/3385 3316/3316/3316 3428/3428/3428
f 3429/3429/3429 3360/3360/3360 3397/3397/3397
f 3400/3400/3400 3330/3330/3330 3432/3432/3432
f 3443/3443/3443 3379/3379/3379 3467/3467/3467
f 3452/3452/3452 3384/3384/3384 3492/3492/3492
f 3530/3530/3530 3468/3468/3468 3511/3511/3511
f 3513/3513/3513 3448/3448/3448 3549/3549/3549
f 3554/3554/3554 3493/3493/3493 3531/3531/3531
f 3562/3562/3562 3500/3500/3500 3559/3559/3559
f 3560/3560/3560 3498/3498/3498 3595/3595/3595
f 3597/3597/3597 3530/3530/3530 3573/3573/3573
f 3580/3580/3580 3512/3512/3512 3614/3614/3614
f 3618/3618/3618 3550/3550/3550 3586/3586/3586
f 3622/3622/3622 3553/3553/3553 3597/3597/3597
f 3633/3633/3633 3560/3560/3560 3671/3671/3671
f 3648/3648/3648 3574/3574/3574 3678/3678/3678
f 3653/3653/3653 3578/3578/3578 3683/3683/3683
f 3660/3660/3660 3580/3580/3580 3690/3690/3690
f 3691/3691/3691 3615/3615/3615 3663/3663/3663
f 3676/3676/3676 3598/3598/3598 3700/3700/3700
f 3701/3701/3701 3627/3627/3627 3693/3693/3693
f 3707/3707/3707 3632/3632/3632 3749/3749/3749
f 3724/3724/3724 3647/3647/3647 3754/3754/3754
f 3731/3731/3731 3652/3652/3652 3758/3758/3758
f 3743/3743/3743 3664/3664/3664 3763/3763/3763
f 3752/3752/3752 3675/3675/3675 3765/3765/3765
f 3767/3767/3767 3701/3701/3701 3761/3761/3761
f 3777/3777/3777 3710/3710/3710 3772/3772/3772
f 3774/3774/3774 3707/3707/3707 3818/3818/3818
f 3791/3791/3791 3723/3723/3723 3821/3821/3821
f 3798/3798/3798 3730/3730/3730 3823/3823/3823
f 3824/3824/3824 3759/3759/3759 3810/3810/3810
f 3812/3812/3812 3743/3743/3743 3827/3827/3827
f 3828/3828/3828 3766/3766/3766 3825/3825/3825
f 3826/3826/3826 3762/3762/3762 3832/3832/3832
f 3840/3840/3840 3773/3773/3773 3884/3884/3884
f 3885/3885/3885 3824/3824/3824 3877/3877/3877
f 3878/3878/3878 3811/3811/3811 3887/3887/3887
f 3888/3888/3888 3828/3828/3828 3886/3886/3886
f 3891/3891/3891 3831/3831/3831 3894/3894/3894
f 3899/3899/3899 3839/3839/3839 3941/3941/3941
f 3944/3944/3944 3887/3887/3887 3949/3949/3949
f 134/134/134 129/129/129 133/133/133
f 240/240/240 237/237/237 241/241/241
f 277/277/277 274/274/274 278/278/278
f 280/280/280 278/278/278 281/281/281
f 320/320/320 316/316/316 319/319/319
f 329/329/329 324/324/324 328/328/328
f 355/355/355 343/343/343 354/354/354
f 356/356/356 353/353/353 357/357/357
f 391/391/391 384/384/384 392/392/392
f 427/427/427 424/424/424 428/428/428
f 442/442/442 436/436/436 443/443/443
f 462/462/462 459/459/459 463/463/463
f 467/467/467 464/464/464 468/468/468
f 472/472/472 468/468/468 473/473/473
f 473/473/473 469/469/469 474/474/474
f 478/478/478 474/474/474 479/479/479
f 479/479/479 475/475/475 480/480/480
f 486/486/486 481/481/481 487/487/487
f 487/487/487 482/482/482 488/488/488
f 504/504/504 500/500/500 505/505/505
f 517/517/517 515/515/515 518/518/518
f 525/525/525 522/522/522 526/526/526
f 533/533/533 530/530/530 534/534/534
f 540/540/540 536/536/536 541/541/541
f 548/548/548 542/542/542 549/549/549
f 550/550/550 544/544/544 551/551/551
f 576/576/576 574/574/574 577/577/577
f 582/582/582 579/579/579 583/583/583
f 590/590/590 587/587/587 591/591/591
f 600/600/600 596/596/596 601/601/601
f 632/632/632 628/628/628 633/633/633
f 633/633/633 629/629/629 634/634/634
f 637/637/637 634/634/634 638/638/638
f 641/641/641 639/639/639 642/642/642
f 652/652/652 650/650/650 653/653/653
f 658/658/658 655/655/655 659/659/659
f 664/664/664 660/660/660 665/665/665
f 679/679/679 673/673/673 680/680/680
f 681/681/681 675/675/675 682/682/682
f 698/698/698 694/694/694 699/699/699
f 707/707/707 705/705/705 708/708/708
f 719/719/719 715/715/715 720/720/720
f 720/720/720 716/716/716 721/721/721
f 723/723/723 721/721/721 724/724/724
f 737/737/737 734/734/734 738/738/738
f 743/743/743 739/739/739 744/744/744
f 750/750/750 746/746/746 751/751/751
f 766/766/766 752/752/752 765/765/765
f 792/792/792 789/789/789 793/793/793
f 798/798/798 794/794/794 799/799/799
f 805/805/805 801/801/801 806/806/806
f 821/821/821 814/814/814 820/820/820
f 841/841/841 833/833/833 840/840/840
f 849/849/849 845/845/845 850/850/850
f 853/853/853 850/850/850 854/854/854
f 857/857/857 854/854/854 858/858/858
f 889/889/889 882/882/882 888/888/888
f 903/903/903 901/901/901 904/904/904
f 905/905/905 903/903/903 906/906/906
f 906/906/906 904/904/904 907/907/907
f 922/922/922 909/909/909 923/923/923
f 931/931/931 917/917/917 930/930/930
f 936/936/936 923/923/923 937/937/937
f 938/938/938 925/925/925 939/939/939
f 944/944/944 937/937/937 945/945/945
f 951/951/951 946/946/946 952/952/952
f 954/954/954 952/952/952 955/955/955
f 957/957/957 955/955/955 958/958/958
f 964/964/964 962/962/962 965/965/965
f 973/973/973 966/966/966 972/972/972
f 992/992/992 980/980/980 991/991/991
f 993/993/993 984/984/984 994/994/994
f 996/996/996 988/988/988 997/997/997
f 1003/1003/1003 989/989/989 1002/1002/1002
f 1011/1011/1011 1009/1009/1009 1012/1012/1012
f 1022/1022/1022 1015/1015/1015 1023/1023/1023
f 1023/1023/1023 1016/1016/1016 1024/1024/1024
f 1024/1024/1024 1017/1017/1017 1025/1025/1025
f 1029/1029/1029 1022/1022/1022 1030/1030/1030
f 1033/1033/1033 1026/1026/1026 1034/1034/1034
f 1035/1035/1035 1030/1030/1030 1036/1036/1036
f 1036/1036/1036 1031/1031/1031 1037/1037/1037
f 1038/1038/1038 1033/1033/1033 1039/1039/1039
f 1041/1041/1041 1040/1040/1040 1042/1042/1042
f 1046/1046/1046 1044/1044/1044 1047/1047/1047
f 1050/1050/1050 1047/1047/1047 1051/1051/1051
f 1051/1051/1051 1048/1048/1048 1052/1052/1052
f 1054/1054/1054 1051/1051/1051 1055/1055/1055
f 1055/1055/1055 1052/1052/1052 1056/1056/1056
f 1064/1064/1064 1058/1058/1058 1065/1065/1065
f 1071/1071/1071 1065/1065/1065 1072/1072/1072
f 1077/1077/1077 1067/1067/1067 1078/1078/1078
f 1078/1078/1078 1068/1068/1068 1079/1079/1079
f 1081/1081/1081 1071/1071/1071 1082/1082/1082
f 1082/1082/1082 1072/1072/1072 1083/1083/1083
f 1086/1086/1086 1075/1075/1075 1087/1087/1087
f 1090/1090/1090 1078/1078/1078 1091/1091/1091
f 1092/1092/1092 1080/1080/1080 1093/1093/1093
f 1093/1093/1093 1081/1081/1081 1094/1094/1094
f 1094/1094/1094 1082/1082/1082 1095/1095/1095
f 1103/1103/1103 1087/1087/1087 1104/1104/1104
f 1104/1104/1104 1088/1088/1088 1105/1105/1105
f 1106/1106/1106 1090/1090/1090 1107/1107/1107
f 1109/1109/1109 1094/1094/1094 1110/1110/1110
f 1115/1115/1115 1100/1100/1100 1116/1116/1116
f 1123/1123/1123 1108/1108/1108 1124/1124/1124
f 1125/1125/1125 1110/1110/1110 1126/1126/1126
f 1127/1127/1127 1112/1112/1112 1128/1128/1128
f 1150/1150/1150 1138/1138/1138 1151/1151/1151
f 1153/1153/1153 1139/1139/1139 1152/1152/1152
f 1159/1159/1159 1144/1144/1144 1160/1160/1160
f 1161/1161/1161 1146/1146/1146 1162/1162/1162
f 1169/1169/1169 1159/1159/1159 1170/1170/1170
f 1170/1170/1170 1160/1160/1160 1171/1171/1171
f 1177/1177/1177 1169/1169/1169 1178/1178/1178
f 1186/1186/1186 1179/1179/1179 1187/1187/1187
f 1187/1187/1187 1180/1180/1180 1188/1188/1188
f 1191/1191/1191 1182/1182/1182 1190/1190/1190
f 1198/1198/1198 1189/1189/1189 1199/1199/1199
f 1204/1204/1204 1193/1193/1193 1205/1205/1205
f 1210/1210/1210 1200/1200/1200 1211/1211/1211
f 1217/1217/1217 1206/1206/1206 1218/1218/1218
f 1218/1218/1218 1207/1207/1207 1219/1219/1219
f 1219/1219/1219 1208/1208/1208 1220/1220/1220
f 1222/1222/1222 1212/1212/1212 1223/1223/1223
f 1226/1226/1226 1213/1213/1213 1225/1225/1225
f 1230/1230/1230 1217/1217/1217 1231/1231/1231
f 1232/1232/1232 1219/1219/1219 1233/1233/1233
f 1233/1233/1233 1220/1220/1220 1234/1234/1234
f 1242/1242/1242 1230/1230/1230 1243/1243/1243
f 1243/1243/1243 1231/1231/1231 1244/1244/1244
f 1245/1245/1245 1233/1233/1233 1246/1246/1246
f 1253/1253/1253 1238/1238/1238 1252/1252/1252
f 1256/1256/1256 1242/1242/1242 1257/1257/1257
f 1257/1257/1257 1243/1243/1243 1258/1258/1258
f 1259/1259/1259 1245/1245/1245 1260/1260/1260
f 1269/1269/1269 1256/1256/1256 1270/1270/1270
f 1271/1271/1271 1258/1258/1258 1272/1272/1272
f 1273/1273/1273 1260/1260/1260 1274/1274/1274
f 1274/1274/1274 1261/1261/1261 1275/1275/1275
f 1285/1285/1285 1265/1265/1265 1284/1284/1284
f 1287/1287/1287 1269/1269/1269 1288/1288/1288
f 1288/1288/1288 1270/1270/1270 1289/1289/1289
f 1289/1289/1289 1271/1271/1271 1290/1290/1290
f 1290/1290/1290 1272/1272/1272 1291/1291/1291
f 1292/1292/1292 1274/1274/1274 1293/1293/1293
f 1294/1294/1294 1276/1276/1276 1295/1295/1295
f 1299/1299/1299 1279/1279/1279 1300/1300/1300
f 1302/1302/1302 1287/1287/1287 1303/1303/1303
f 1304/1304/1304 1289/1289/1289 1305/1305/1305
f 1306/1306/1306 1291/1291/1291 1307/1307/1307
f 1307/1307/1307 1292/1292/1292 1308/1308/1308
f 1308/1308/1308 1293/1293/1293 1309/1309/1309
f 1309/1309/1309 1294/1294/1294 1310/1310/1310
f 1311/1311/1311 1296/1296/1296 1312/1312/1312
f 1319/1319/1319 1304/1304/1304 1320/1320/1320
f 1321/1321/1321 1306/1306/1306 1322/1322/1322
f 1327/1327/1327 1312/1312/1312 1328/1328/1328
f 1332/1332/1332 1316/1316/1316 1333/1333/1333
f 1334/1334/1334 1318/1318/1318 1335/1335/1335
f 1341/1341/1341 1320/1320/1320 1342/1342/1342
f 1342/1342/1342 1321/1321/1321 1343/1343/1343
f 1344/1344/1344 1323/1323/1323 1345/1345/1345
f 1345/1345/1345 1324/1324/1324 1346/1346/1346
f 1347/1347/1347 1326/1326/1326 1348/1348/1348
f 1348/1348/1348 1327/1327/1327 1349/1349/1349
f 1353/1353/1353 1331/1331/1331 1354/1354/1354
f 1358/1358/1358 1336/1336/1336 1359/1359/1359
f 1362/1362/1362 1340/1340/1340 1363/1363/1363
f 1367/1367/1367 1344/1344/1344 1368/1368/1368
f 1368/1368/1368 1345/1345/1345 1369/1369/1369
f 1369/1369/1369 1346/1346/1346 1370/1370/1370
f 1371/1371/1371 1348/1348/1348 1372/1372/1372
f 1378/1378/1378 1353/1353/1353 1379/1379/1379
f 1379/1379/1379 1354/1354/1354 1380/1380/1380
f 1380/1380/1380 1355/1355/1355 1381/1381/1381
f 1382/1382/1382 1357/1357/1357 1383/1383/1383
f 1383/1383/1383 1358/1358/1358 1384/1384/1384
f 1384/1384/1384 1359/1359/1359 1385/1385/1385
f 1388/1388/1388 1363/1363/1363 1389/1389/1389
f 1389/1389/1389 1364/1364/1364 1390/1390/1390
f 1393/1393/1393 1366/1366/1366 1394/1394/1394
f 1395/1395/1395 1368/1368/1368 1396/1396/1396
f 1399/1399/1399 1372/1372/1372 1400/1400/1400
f 1400/1400/1400 1373/1373/1373 1401/1401/1401
f 1403/1403/1403 1376/1376/1376 1404/1404/1404
f 1405/1405/1405 1378/1378/1378 1406/1406/1406
f 1408/1408/1408 1381/1381/1381 1409/1409/1409
f 1411/1411/1411 1384/1384/1384 1412/1412/1412
f 1413/1413/1413 1386/1386/1386 1414/1414/1414
f 1414/1414/1414 1387/1387/1387 1415/1415/1415
f 1415/1415/1415 1388/1388/1388 1416/1416/1416
f 1420/1420/1420 1395/1395/1395 1421/1421/1421
f 1422/1422/1422 1397/1397/1397 1423/1423/1423
f 1424/1424/1424 1399/1399/1399 1425/1425/1425
f 1428/1428/1428 1405/1405/1405 1429/1429/1429
f 1432/1432/1432 1410/1410/1410 1433/1433/1433
f 1434/1434/1434 1412/1412/1412 1435/1435/1435
f 1435/1435/1435 1413/1413/1413 1436/1436/1436
f 1436/1436/1436 1414/1414/1414 1437/1437/1437
f 1439/1439/1439 1417/1417/1417 1440/1440/1440
f 1442/1442/1442 1421/1421/1421 1443/1443/1443
f 1443/1443/1443 1422/1422/1422 1444/1444/1444
f 1445/1445/1445 1424/1424/1424 1446/1446/1446
f 1450/1450/1450 1429/1429/1429 1451/1451/1451
f 1452/1452/1452 1431/1431/1431 1453/1453/1453
f 1457/1457/1457 1438/1438/1438 1458/1458/1458
f 1458/1458/1458 1439/1439/1439 1459/1459/1459
f 1460/1460/1460 1441/1441/1441 1461/1461/1461
f 1462/1462/1462 1445/1445/1445 1463/1463/1463
f 1468/1468/1468 1451/1451/1451 1469/1469/1469
f 1470/1470/1470 1453/1453/1453 1471/1471/1471
f 1473/1473/1473 1456/1456/1456 1474/1474/1474
f 1475/1475/1475 1459/1459/1459 1476/1476/1476
f 1477/1477/1477 1461/1461/1461 1478/1478/1478
f 1481/1481/1481 1470/1470/1470 1482/1482/1482
f 1483/1483/1483 1472/1472/1472 1484/1484/1484
f 1484/1484/1484 1473/1473/1473 1485/1485/1485
f 1485/1485/1485 1474/1474/1474 1486/1486/1486
f 1492/1492/1492 1477/1477/1477 1493/1493/1493
f 1495/1495/1495 1480/1480/1480 1496/1496/1496
f 1497/1497/1497 1483/1483/1483 1498/1498/1498
f 1498/1498/1498 1484/1484/1484 1499/1499/1499
f 1501/1501/1501 1487/1487/1487 1502/1502/1502
f 1502/1502/1502 1488/1488/1488 1503/1503/1503
f 1504/1504/1504 1490/1490/1490 1505/1505/1505
f 1507/1507/1507 1493/1493/1493 1508/1508/1508
f 1518/1518/1518 1500/1500/1500 1519/1519/1519
f 1521/1521/1521 1503/1503/1503 1522/1522/1522
f 1525/1525/1525 1507/1507/1507 1526/1526/1526
f 1532/1532/1532 1514/1514/1514 1533/1533/1533
f 1535/1535/1535 1517/1517/1517 1536/1536/1536
f 1541/1541/1541 1523/1523/1523 1542/1542/1542
f 1542/1542/1542 1524/1524/1524 1543/1543/1543
f 1544/1544/1544 1526/1526/1526 1545/1545/1545
f 1545/1545/1545 1527/1527/1527 1546/1546/1546
f 1550/1550/1550 1531/1531/1531 1551/1551/1551
f 1552/1552/1552 1533/1533/1533 1553/1553/1553
f 1558/1558/1558 1539/1539/1539 1559/1559/1559
f 1561/1561/1561 1542/1542/1542 1562/1562/1562
f 1562/1562/1562 1543/1543/1543 1563/1563/1563
f 1571/1571/1571 1552/1552/1552 1572/1572/1572
f 1577/1577/1577 1557/1557/1557 1578/1578/1578
f 1579/1579/1579 1559/1559/1559 1580/1580/1580
f 1580/1580/1580 1560/1560/1560 1581/1581/1581
f 1587/1587/1587 1570/1570/1570 1588/1588/1588
f 1589/1589/1589 1572/1572/1572 1590/1590/1590
f 1594/1594/1594 1575/1575/1575 1595/1595/1595
f 1595/1595/1595 1576/1576/1576 1596/1596/1596
f 1596/1596/1596 1577/1577/1577 1597/1597/1597
f 1599/1599/1599 1580/1580/1580 1600/1600/1600
f 1600/1600/1600 1581/1581/1581 1601/1601/1601
f 1601/1601/1601 1582/1582/1582 1602/1602/1602
f 1607/1607/1607 1587/1587/1587 1608/1608/1608
f 1610/1610/1610 1593/1593/1593 1611/1611/1611
f 1612/1612/1612 1596/1596/1596 1613/1613/1613
f 1618/1618/1618 1604/1604/1604 1619/1619/1619
f 1626/1626/1626 1607/1607/1607 1627/1627/1627
f 1629/1629/1629 1614/1614/1614 1630/1630/1630
f 1633/1633/1633 1618/1618/1618 1634/1634/1634
f 1635/1635/1635 1620/1620/1620 1636/1636/1636
f 1636/1636/1636 1621/1621/1621 1637/1637/1637
f 1637/1637/1637 1622/1622/1622 1638/1638/1638
f 1641/1641/1641 1625/1625/1625 1642/1642/1642
f 1642/1642/1642 1626/1626/1626 1643/1643/1643
f 1649/1649/1649 1634/1634/1634 1650/1650/1650
f 1650/1650/1650 1635/1635/1635 1651/1651/1651
f 1651/1651/1651 1636/1636/1636 1652/1652/1652
f 1653/1653/1653 1638/1638/1638 1654/1654/1654
f 1659/1659/1659 1643/1643/1643 1660/1660/1660
f 1664/1664/1664 1647/1647/1647 1665/1665/1665
f 1670/1670/1670 1650/1650/1650 1671/1671/1671
f 1673/1673/1673 1653/1653/1653 1674/1674/1674
f 1675/1675/1675 1655/1655/1655 1676/1676/1676
f 1691/1691/1691 1666/1666/1666 1692/1692/1692
f 1693/1693/1693 1668/1668/1668 1694/1694/1694
f 1694/1694/1694 1669/1669/1669 1695/1695/1695
f 1695/1695/1695 1670/1670/1670 1696/1696/1696
f 1698/1698/1698 1675/1675/1675 1699/1699/1699
f 1700/1700/1700 1677/1677/1677 1701/1701/1701
f 1704/1704/1704 1681/1681/1681 1705/1705/1705
f 1707/1707/1707 1684/1684/1684 1708/1708/1708
f 1744/1744/1744 1713/1713/1713 1743/1743/1743
f 1745/1745/1745 1721/1721/1721 1746/1746/1746
f 1746/1746/1746 1722/1722/1722 1747/1747/1747
f 1754/1754/1754 1727/1727/1727 1755/1755/1755
f 1759/1759/1759 1730/1730/1730 1760/1760/1760
f 1766/1766/1766 1735/1735/1735 1767/1767/1767
f 1772/1772/1772 1752/1752/1752 1773/1773/1773
f 1773/1773/1773 1753/1753/1753 1774/1774/1774
f 1776/1776/1776 1756/1756/1756 1777/1777/1777
f 1777/1777/1777 1757/1757/1757 1778/1778/1778
f 1779/1779/1779 1759/1759/1759 1780/1780/1780
f 1792/1792/1792 1773/1773/1773 1793/1793/1793
f 1793/1793/1793 1774/1774/1774 1794/1794/1794
f 1794/1794/1794 1775/1775/1775 1795/1795/1795
f 1797/1797/1797 1778/1778/1778 1798/1798/1798
f 1798/1798/1798 1779/1779/1779 1799/1799/1799
f 1806/1806/1806 1786/1786/1786 1807/1807/1807
f 1813/1813/1813 1792/1792/1792 1814/1814/1814
f 1817/1817/1817 1796/1796/1796 1818/1818/1818
f 1818/1818/1818 1797/1797/1797 1819/1819/1819
f 1821/1821/1821 1800/1800/1800 1822/1822/1822
f 1824/1824/1824 1803/1803/1803 1825/1825/1825
f 1825/1825/1825 1804/1804/1804 1826/1826/1826
f 1829/1829/1829 1808/1808/1808 1830/1830/1830
f 1835/1835/1835 1813/1813/1813 1836/1836/1836
f 1837/1837/1837 1815/1815/1815 1838/1838/1838
f 1838/1838/1838 1816/1816/1816 1839/1839/1839
f 1840/1840/1840 1818/1818/1818 1841/1841/1841
f 1841/1841/1841 1819/1819/1819 1842/1842/1842
f 1849/1849/1849 1829/1829/1829 1850/1850/1850
f 1851/1851/1851 1831/1831/1831 1852/1852/1852
f 1852/1852/1852 1832/1832/1832 1853/1853/1853
f 1858/1858/1858 1837/1837/1837 1859/1859/1859
f 1861/1861/1861 1840/1840/1840 1862/1862/1862
f 1869/1869/1869 1852/1852/1852 1870/1870/1870
f 1870/1870/1870 1853/1853/1853 1871/1871/1871
f 1871/1871/1871 1854/1854/1854 1872/1872/1872
f 1876/1876/1876 1859/1859/1859 1877/1877/1877
f 1878/1878/1878 1861/1861/1861 1879/1879/1879
f 1882/1882/1882 1872/1872/1872 1883/1883/1883
f 1883/1883/1883 1873/1873/1873 1884/1884/1884
f 1890/1890/1890 1878/1878/1878 1891/1891/1891
f 1894/1894/1894 1884/1884/1884 1895/1895/1895
f 1895/1895/1895 1885/1885/1885 1896/1896/1896
f 1896/1896/1896 1886/1886/1886 1897/1897/1897
f 1903/1903/1903 1890/1890/1890 1904/1904/1904
f 1906/1906/1906 1896/1896/1896 1907/1907/1907
f 1908/1908/1908 1898/1898/1898 1909/1909/1909
f 1914/1914/1914 1899/1899/1899 1913/1913/1913
f 1915/1915/1915 1903/1903/1903 1916/1916/1916
f 1922/1922/1922 1908/1908/1908 1923/1923/1923
f 1924/1924/1924 1910/1910/1910 1925/1925/1925
f 1925/1925/1925 1911/1911/1911 1926/1926/1926
f 1930/1930/1930 1912/1912/1912 1929/1929/1929
f 1931/1931/1931 1916/1916/1916 1932/1932/1932
f 1936/1936/1936 1921/1921/1921 1937/1937/1937
f 1938/1938/1938 1923/1923/1923 1939/1939/1939
f 1942/1942/1942 1927/1927/1927 1943/1943/1943
f 1949/1949/1949 1930/1930/1930 1950/1950/1950
f 1957/1957/1957 1936/1936/1936 1958/1958/1958
f 1958/1958/1958 1937/1937/1937 1959/1959/1959
f 1965/1965/1965 1944/1944/1944 1966/1966/1966
f 1969/1969/1969 1947/1947/1947 1970/1970/1970
f 1971/1971/1971 1949/1949/1949 1972/1972/1972
f 1972/1972/1972 1950/1950/1950 1973/1973/1973
f 1976/1976/1976 1954/1954/1954 1977/1977/1977
f 1980/1980/1980 1957/1957/1957 1981/1981/1981
f 1983/1983/1983 1960/1960/1960 1984/1984/1984
f 1985/1985/1985 1962/1962/1962 1986/1986/1986
f 1986/1986/1986 1963/1963/1963 1987/1987/1987
f 1987/1987/1987 1964/1964/1964 1988/1988/1988
f 1988/1988/1988 1965/1965/1965 1989/1989/1989
f 1990/1990/1990 1967/1967/1967 1991/1991/1991
f 1992/1992/1992 1969/1969/1969 1993/1993/1993
f 1993/1993/1993 1970/1970/1970 1994/1994/1994
f 1994/1994/1994 1971/1971/1971 1995/1995/1995
f 1996/1996/1996 1973/1973/1973 1997/1997/1997
f 1999/1999/1999 1975/1975/1975 2000/2000/2000
f 2002/2002/2002 1978/1978/1978 2003/2003/2003
f 2009/2009/2009 1987/1987/1987 2010/2010/2010
f 2013/2013/2013 1991/1991/1991 2014/2014/2014
f 2014/2014/2014 1992/1992/1992 2015/2015/2015
f 2016/2016/2016 1994/1994/1994 2017/2017/2017
f 2017/2017/2017 1995/1995/1995 2018/2018/2018
f 2020/2020/2020 1998/1998/1998 2021/2021/2021
f 2023/2023/2023 2000/2000/2000 2024/2024/2024
f 2024/2024/2024 2001/2001/2001 2025/2025/2025
f 2041/2041/2041 2015/2015/2015 2042/2042/2042
f 2043/2043/2043 2017/2017/2017 2044/2044/2044
f 2044/2044/2044 2018/2018/2018 2045/2045/2045
f 2048/2048/2048 2022/2022/2022 2049/2049/2049
f 2050/2050/2050 2025/2025/2025 2051/2051/2051
f 2054/2054/2054 2029/2029/2029 2055/2055/2055
f 2061/2061/2061 2036/2036/2036 2062/2062/2062
f 2068/2068/2068 2044/2044/2044 2069/2069/2069
f 2069/2069/2069 2045/2045/2045 2070/2070/2070
f 2072/2072/2072 2048/2048/2048 2073/2073/2073
f 2075/2075/2075 2051/2051/2051 2076/2076/2076
f 2076/2076/2076 2052/2052/2052 2077/2077/2077
f 2077/2077/2077 2053/2053/2053 2078/2078/2078
f 2082/2082/2082 2055/2055/2055 2083/2083/2083
f 2083/2083/2083 2056/2056/2056 2084/2084/2084
f 2084/2084/2084 2057/2057/2057 2085/2085/2085
f 2085/2085/2085 2058/2058/2058 2086/2086/2086
f 2088/2088/2088 2061/2061/2061 2089/2089/2089
f 2095/2095/2095 2069/2069/2069 2096/2096/2096
f 2098/2098/2098 2072/2072/2072 2099/2099/2099
f 2104/2104/2104 2079/2079/2079 2105/2105/2105
f 2110/2110/2110 2085/2085/2085 2111/2111/2111
f 2117/2117/2117 2092/2092/2092 2118/2118/2118
f 2119/2119/2119 2094/2094/2094 2120/2120/2120
f 2124/2124/2124 2099/2099/2099 2125/2125/2125
f 2127/2127/2127 2102/2102/2102 2128/2128/2128
f 2130/2130/2130 2105/2105/2105 2131/2131/2131
f 2136/2136/2136 2109/2109/2109 2137/2137/2137
f 2141/2141/2141 2113/2113/2113 2142/2142/2142
f 2144/2144/2144 2116/2116/2116 2145/2145/2145
f 2145/2145/2145 2117/2117/2117 2146/2146/2146
f 2148/2148/2148 2121/2121/2121 2149/2149/2149
f 2150/2150/2150 2123/2123/2123 2151/2151/2151
f 2153/2153/2153 2129/2129/2129 2154/2154/2154
f 2154/2154/2154 2130/2130/2130 2155/2155/2155
f 2156/2156/2156 2132/2132/2132 2157/2157/2157
f 2157/2157/2157 2133/2133/2133 2158/2158/2158
f 2162/2162/2162 2136/2136/2136 2163/2163/2163
f 2163/2163/2163 2137/2137/2137 2164/2164/2164
f 2167/2167/2167 2140/2140/2140 2168/2168/2168
f 2168/2168/2168 2141/2141/2141 2169/2169/2169
f 2170/2170/2170 2143/2143/2143 2171/2171/2171
f 2174/2174/2174 2147/2147/2147 2175/2175/2175
f 2177/2177/2177 2149/2149/2149 2178/2178/2178
f 2179/2179/2179 2151/2151/2151 2180/2180/2180
f 2182/2182/2182 2154/2154/2154 2183/2183/2183
f 2185/2185/2185 2158/2158/2158 2186/2186/2186
f 2186/2186/2186 2159/2159/2159 2187/2187/2187
f 2189/2189/2189 2162/2162/2162 2190/2190/2190
f 2198/2198/2198 2172/2172/2172 2199/2199/2199
f 2202/2202/2202 2176/2176/2176 2203/2203/2203
f 2207/2207/2207 2180/2180/2180 2208/2208/2208
f 2212/2212/2212 2184/2184/2184 2213/2213/2213
f 2218/2218/2218 2189/2189/2189 2219/2219/2219
f 2219/2219/2219 2190/2190/2190 2220/2220/2220
f 2224/2224/2224 2195/2195/2195 2225/2225/2225
f 2226/2226/2226 2197/2197/2197 2227/2227/2227
f 2230/2230/2230 2200/2200/2200 2231/2231/2231
f 2234/2234/2234 2204/2204/2204 2235/2235/2235
f 2238/2238/2238 2207/2207/2207 2239/2239/2239
f 2244/2244/2244 2213/2213/2213 2245/2245/2245
f 2245/2245/2245 2214/2214/2214 2246/2246/2246
f 2248/2248/2248 2217/2217/2217 2249/2249/2249
f 2249/2249/2249 2218/2218/2218 2250/2250/2250
f 2251/2251/2251 2220/2220/2220 2252/2252/2252
f 2256/2256/2256 2225/2225/2225 2257/2257/2257
f 2258/2258/2258 2227/2227/2227 2259/2259/2259
f 2259/2259/2259 2228/2228/2228 2260/2260/2260
f 2261/2261/2261 2230/2230/2230 2262/2262/2262
f 2265/2265/2265 2234/2234/2234 2266/2266/2266
f 2275/2275/2275 2244/2244/2244 2276/2276/2276
f 2276/2276/2276 2245/2245/2245 2277/2277/2277
f 2279/2279/2279 2248/2248/2248 2280/2280/2280
f 2280/2280/2280 2249/2249/2249 2281/2281/2281
f 2283/2283/2283 2253/2253/2253 2284/2284/2284
f 2287/2287/2287 2258/2258/2258 2288/2288/2288
f 2288/2288/2288 2259/2259/2259 2289/2289/2289
f 2290/2290/2290 2261/2261/2261 2291/2291/2291
f 2291/2291/2291 2262/2262/2262 2292/2292/2292
f 2293/2293/2293 2264/2264/2264 2294/2294/2294
f 2295/2295/2295 2266/2266/2266 2296/2296/2296
f 2302/2302/2302 2270/2270/2270 2303/2303/2303
f 2303/2303/2303 2271/2271/2271 2304/2304/2304
f 2306/2306/2306 2274/2274/2274 2307/2307/2307
f 2308/2308/2308 2276/2276/2276 2309/2309/2309
f 2310/2310/2310 2278/2278/2278 2311/2311/2311
f 2311/2311/2311 2279/2279/2279 2312/2312/2312
f 2312/2312/2312 2280/2280/2280 2313/2313/2313
f 2315/2315/2315 2286/2286/2286 2316/2316/2316
f 2318/2318/2318 2289/2289/2289 2319/2319/2319
f 2320/2320/2320 2291/2291/2291 2321/2321/2321
f 2321/2321/2321 2292/2292/2292 2322/2322/2322
f 2323/2323/2323 2294/2294/2294 2324/2324/2324
f 2324/2324/2324 2295/2295/2295 2325/2325/2325
f 2327/2327/2327 2298/2298/2298 2328/2328/2328
f 2329/2329/2329 2300/2300/2300 2330/2330/2330
f 2335/2335/2335 2303/2303/2303 2336/2336/2336
f 2336/2336/2336 2304/2304/2304 2337/2337/2337
f 2339/2339/2339 2308/2308/2308 2340/2340/2340
f 2341/2341/2341 2310/2310/2310 2342/2342/2342
f 2342/2342/2342 2311/2311/2311 2343/2343/2343
f 2346/2346/2346 2316/2316/2316 2347/2347/2347
f 2347/2347/2347 2317/2317/2317 2348/2348/2348
f 2348/2348/2348 2318/2318/2318 2349/2349/2349
f 2352/2352/2352 2322/2322/2322 2353/2353/2353
f 2353/2353/2353 2323/2323/2323 2354/2354/2354
f 2354/2354/2354 2324/2324/2324 2355/2355/2355
f 2355/2355/2355 2325/2325/2325 2356/2356/2356
f 2358/2358/2358 2330/2330/2330 2359/2359/2359
f 2363/2363/2363 2335/2335/2335 2364/2364/2364
f 2364/2364/2364 2336/2336/2336 2365/2365/2365
f 2368/2368/2368 2341/2341/2341 2369/2369/2369
f 2372/2372/2372 2347/2347/2347 2373/2373/2373
f 2375/2375/2375 2350/2350/2350 2376/2376/2376
f 2379/2379/2379 2354/2354/2354 2380/2380/2380
f 2381/2381/2381 2356/2356/2356 2382/2382/2382
f 2384/2384/2384 2359/2359/2359 2385/2385/2385
f 2390/2390/2390 2362/2362/2362 2391/2391/2391
f 2393/2393/2393 2365/2365/2365 2394/2394/2394
f 2397/2397/2397 2369/2369/2369 2398/2398/2398
f 2402/2402/2402 2374/2374/2374 2403/2403/2403
f 2404/2404/2404 2376/2376/2376 2405/2405/2405
f 2410/2410/2410 2382/2382/2382 2411/2411/2411
f 2411/2411/2411 2383/2383/2383 2412/2412/2412
f 2415/2415/2415 2386/2386/2386 2416/2416/2416
f 2416/2416/2416 2387/2387/2387 2417/2417/2417
f 2419/2419/2419 2390/2390/2390 2420/2420/2420
f 2420/2420/2420 2391/2391/2391 2421/2421/2421
f 2421/2421/2421 2392/2392/2392 2422/2422/2422
f 2433/2433/2433 2402/2402/2402 2434/2434/2434
f 2434/2434/2434 2403/2403/2403 2435/2435/2435
f 2437/2437/2437 2406/2406/2406 2438/2438/2438
f 2438/2438/2438 2407/2407/2407 2439/2439/2439
f 2440/2440/2440 2409/2409/2409 2441/2441/2441
f 2444/2444/2444 2413/2413/2413 2445/2445/2445
f 2448/2448/2448 2416/2416/2416 2449/2449/2449
f 2451/2451/2451 2423/2423/2423 2452/2452/2452
f 2453/2453/2453 2425/2425/2425 2454/2454/2454
f 2468/2468/2468 2440/2440/2440 2469/2469/2469
f 2473/2473/2473 2445/2445/2445 2474/2474/2474
f 2474/2474/2474 2446/2446/2446 2475/2475/2475
f 2476/2476/2476 2448/2448/2448 2477/2477/2477
f 2477/2477/2477 2449/2449/2449 2478/2478/2478
f 2480/2480/2480 2452/2452/2452 2481/2481/2481
f 2483/2483/2483 2455/2455/2455 2484/2484/2484
f 2487/2487/2487 2459/2459/2459 2488/2488/2488
f 2488/2488/2488 2460/2460/2460 2489/2489/2489
f 2489/2489/2489 2461/2461/2461 2490/2490/2490
f 2494/2494/2494 2469/2469/2469 2495/2495/2495
f 2498/2498/2498 2473/2473/2473 2499/2499/2499
f 2499/2499/2499 2474/2474/2474 2500/2500/2500
f 2506/2506/2506 2482/2482/2482 2507/2507/2507
f 2507/2507/2507 2483/2483/2483 2508/2508/2508
f 2510/2510/2510 2486/2486/2486 2511/2511/2511
f 2511/2511/2511 2487/2487/2487 2512/2512/2512
f 2512/2512/2512 2488/2488/2488 2513/2513/2513
f 2513/2513/2513 2489/2489/2489 2514/2514/2514
f 2518/2518/2518 2495/2495/2495 2519/2519/2519
f 2519/2519/2519 2496/2496/2496 2520/2520/2520
f 2520/2520/2520 2497/2497/2497 2521/2521/2521
f 2521/2521/2521 2498/2498/2498 2522/2522/2522
f 2522/2522/2522 2499/2499/2499 2523/2523/2523
f 2527/2527/2527 2510/2510/2510 2528/2528/2528
f 2530/2530/2530 2514/2514/2514 2531/2531/2531
f 2561/2561/2561 2536/2536/2536 2562/2562/2562
f 2562/2562/2562 2537/2537/2537 2563/2563/2563
f 2577/2577/2577 2538/2538/2538 2576/2576/2576
f 2578/2578/2578 2547/2547/2547 2579/2579/2579
f 2584/2584/2584 2553/2553/2553 2585/2585/2585
f 2588/2588/2588 2559/2559/2559 2589/2589/2589
f 2589/2589/2589 2560/2560/2560 2590/2590/2590
f 2591/2591/2591 2562/2562/2562 2592/2592/2592
f 2601/2601/2601 2589/2589/2589 2602/2602/2602
f 2605/2605/2605 2593/2593/2593 2606/2606/2606
f 2609/2609/2609 2597/2597/2597 2610/2610/2610
f 2615/2615/2615 2602/2602/2602 2616/2616/2616
f 2632/2632/2632 2618/2618/2618 2633/2633/2633
f 2634/2634/2634 2620/2620/2620 2635/2635/2635
f 2636/2636/2636 2622/2622/2622 2637/2637/2637
f 2637/2637/2637 2623/2623/2623 2638/2638/2638
f 2642/2642/2642 2628/2628/2628 2643/2643/2643
f 2643/2643/2643 2629/2629/2629 2644/2644/2644
f 2647/2647/2647 2631/2631/2631 2648/2648/2648
f 2650/2650/2650 2633/2633/2633 2651/2651/2651
f 2655/2655/2655 2638/2638/2638 2656/2656/2656
f 2656/2656/2656 2639/2639/2639 2657/2657/2657
f 2662/2662/2662 2644/2644/2644 2663/2663/2663
f 2664/2664/2664 2646/2646/2646 2665/2665/2665
f 2667/2667/2667 2649/2649/2649 2668/2668/2668
f 2674/2674/2674 2654/2654/2654 2675/2675/2675
f 2675/2675/2675 2655/2655/2655 2676/2676/2676
f 2676/2676/2676 2656/2656/2656 2677/2677/2677
f 2677/2677/2677 2657/2657/2657 2678/2678/2678
f 2678/2678/2678 2658/2658/2658 2679/2679/2679
f 2679/2679/2679 2659/2659/2659 2680/2680/2680
f 2684/2684/2684 2664/2664/2664 2685/2685/2685
f 2686/2686/2686 2666/2666/2666 2687/2687/2687
f 2687/2687/2687 2667/2667/2667 2688/2688/2688
f 2688/2688/2688 2668/2668/2668 2689/2689/2689
f 2691/2691/2691 2671/2671/2671 2692/2692/2692
f 2692/2692/2692 2672/2672/2672 2693/2693/2693
f 2699/2699/2699 2679/2679/2679 2700/2700/2700
f 2701/2701/2701 2681/2681/2681 2702/2702/2702
f 2702/2702/2702 2682/2682/2682 2703/2703/2703
f 2710/2710/2710 2686/2686/2686 2711/2711/2711
f 2711/2711/2711 2687/2687/2687 2712/2712/2712
f 2715/2715/2715 2694/2694/2694 2716/2716/2716
f 2719/2719/2719 2698/2698/2698 2720/2720/2720
f 2721/2721/2721 2700/2700/2700 2722/2722/2722
f 2722/2722/2722 2701/2701/2701 2723/2723/2723
f 2723/2723/2723 2702/2702/2702 2724/2724/2724
f 2724/2724/2724 2703/2703/2703 2725/2725/2725
f 2725/2725/2725 2704/2704/2704 2726/2726/2726
f 2729/2729/2729 2705/2705/2705 2728/2728/2728
f 2730/2730/2730 2708/2708/2708 2731/2731/2731
f 2734/2734/2734 2712/2712/2712 2735/2735/2735
f 2739/2739/2739 2723/2723/2723 2740/2740/2740
f 2741/2741/2741 2725/2725/2725 2742/2742/2742
f 2743/2743/2743 2727/2727/2727 2744/2744/2744
f 2748/2748/2748 2731/2731/2731 2749/2749/2749
f 2749/2749/2749 2732/2732/2732 2750/2750/2750
f 2750/2750/2750 2733/2733/2733 2751/2751/2751
f 2752/2752/2752 2735/2735/2735 2753/2753/2753
f 2755/2755/2755 2738/2738/2738 2756/2756/2756
f 2758/2758/2758 2741/2741/2741 2759/2759/2759
f 2761/2761/2761 2744/2744/2744 2762/2762/2762
f 2762/2762/2762 2745/2745/2745 2763/2763/2763
f 2768/2768/2768 2750/2750/2750 2769/2769/2769
f 2769/2769/2769 2751/2751/2751 2770/2770/2770
f 2770/2770/2770 2752/2752/2752 2771/2771/2771
f 2771/2771/2771 2753/2753/2753 2772/2772/2772
f 2772/2772/2772 2754/2754/2754 2773/2773/2773
f 2777/2777/2777 2759/2759/2759 2778/2778/2778
f 2780/2780/2780 2766/2766/2766 2781/2781/2781
f 2783/2783/2783 2769/2769/2769 2784/2784/2784
f 2784/2784/2784 2770/2770/2770 2785/2785/2785
f 2785/2785/2785 2771/2771/2771 2786/2786/2786
f 2792/2792/2792 2777/2777/2777 2793/2793/2793
f 2795/2795/2795 2781/2781/2781 2796/2796/2796
f 2798/2798/2798 2784/2784/2784 2799/2799/2799
f 2809/2809/2809 2791/2791/2791 2810/2810/2810
f 2810/2810/2810 2792/2792/2792 2811/2811/2811
f 2813/2813/2813 2796/2796/2796 2814/2814/2814
f 2818/2818/2818 2801/2801/2801 2819/2819/2819
f 2822/2822/2822 2805/2805/2805 2823/2823/2823
f 2828/2828/2828 2810/2810/2810 2829/2829/2829
f 2832/2832/2832 2815/2815/2815 2833/2833/2833
f 2836/2836/2836 2819/2819/2819 2837/2837/2837
f 2840/2840/2840 2822/2822/2822 2841/2841/2841
f 2842/2842/2842 2824/2824/2824 2843/2843/2843
f 2844/2844/2844 2826/2826/2826 2845/2845/2845
f 2849/2849/2849 2834/2834/2834 2850/2850/2850
f 2853/2853/2853 2838/2838/2838 2854/2854/2854
f 2855/2855/2855 2841/2841/2841 2856/2856/2856
f 2859/2859/2859 2851/2851/2851 2860/2860/2860
f 2872/2872/2872 2859/2859/2859 2873/2873/2873
f 2873/2873/2873 2860/2860/2860 2874/2874/2874
f 2874/2874/2874 2861/2861/2861 2875/2875/2875
f 2875/2875/2875 2862/2862/2862 2876/2876/2876
f 2878/2878/2878 2865/2865/2865 2879/2879/2879
f 2879/2879/2879 2866/2866/2866 2880/2880/2880
f 2884/2884/2884 2870/2870/2870 2885/2885/2885
f 2888/2888/2888 2872/2872/2872 2889/2889/2889
f 2889/2889/2889 2873/2873/2873 2890/2890/2890
f 2891/2891/2891 2875/2875/2875 2892/2892/2892
f 2893/2893/2893 2877/2877/2877 2894/2894/2894
f 2896/2896/2896 2879/2879/2879 2897/2897/2897
f 2898/2898/2898 2881/2881/2881 2899/2899/2899
f 2901/2901/2901 2888/2888/2888 2902/2902/2902
f 2902/2902/2902 2889/2889/2889 2903/2903/2903
f 2905/2905/2905 2893/2893/2893 2906/2906/2906
f 2907/2907/2907 2895/2895/2895 2908/2908/2908
f 2912/2912/2912 2897/2897/2897 2913/2913/2913
f 2920/2920/2920 2902/2902/2902 2921/2921/2921
f 2923/2923/2923 2906/2906/2906 2924/2924/2924
f 2925/2925/2925 2908/2908/2908 2926/2926/2926
f 2928/2928/2928 2911/2911/2911 2929/2929/2929
f 2931/2931/2931 2914/2914/2914 2932/2932/2932
f 2932/2932/2932 2915/2915/2915 2933/2933/2933
f 2935/2935/2935 2918/2918/2918 2936/2936/2936
f 2943/2943/2943 2925/2925/2925 2944/2944/2944
f 2944/2944/2944 2926/2926/2926 2945/2945/2945
f 2947/2947/2947 2928/2928/2928 2948/2948/2948
f 2948/2948/2948 2929/2929/2929 2949/2949/2949
f 2949/2949/2949 2930/2930/2930 2950/2950/2950
f 2951/2951/2951 2935/2935/2935 2952/2952/2952
f 2956/2956/2956 2940/2940/2940 2957/2957/2957
f 2961/2961/2961 2943/2943/2943 2962/2962/2962
f 2964/2964/2964 2946/2946/2946 2965/2965/2965
f 2966/2966/2966 2949/2949/2949 2967/2967/2967
f 2969/2969/2969 2956/2956/2956 2970/2970/2970
f 2970/2970/2970 2957/2957/2957 2971/2971/2971
f 2971/2971/2971 2958/2958/2958 2972/2972/2972
f 2974/2974/2974 2961/2961/2961 2975/2975/2975
f 2977/2977/2977 2969/2969/2969 2978/2978/2978
f 2978/2978/2978 2970/2970/2970 2979/2979/2979
f 2980/2980/2980 2972/2972/2972 2981/2981/2981
f 2981/2981/2981 2973/2973/2973 2982/2982/2982
f 2982/2982/2982 2974/2974/2974 2983/2983/2983
f 2984/2984/2984 2976/2976/2976 2985/2985/2985
f 2992/2992/2992 2981/2981/2981 2993/2993/2993
f 2996/2996/2996 2985/2985/2985 2997/2997/2997
f 2997/2997/2997 2986/2986/2986 2998/2998/2998
f 3000/3000/3000 2988/2988/2988 3001/3001/3001
f 3003/3003/3003 2991/2991/2991 3004/3004/3004
f 3004/3004/3004 2992/2992/2992 3005/3005/3005
f 3005/3005/3005 2993/2993/2993 3006/3006/3006
f 3009/3009/3009 2997/2997/2997 3010/3010/3010
f 3011/3011/3011 2999/2999/2999 3012/3012/3012
f 3014/3014/3014 3002/3002/3002 3015/3015/3015
f 3015/3015/3015 3003/3003/3003 3016/3016/3016
f 3016/3016/3016 3004/3004/3004 3017/3017/3017
f 3026/3026/3026 3014/3014/3014 3027/3027/3027
f 3027/3027/3027 3015/3015/3015 3028/3028/3028
f 3029/3029/3029 3017/3017/3017 3030/3030/3030
f 3030/3030/3030 3018/3018/3018 3031/3031/3031
f 3033/3033/3033 3021/3021/3021 3034/3034/3034
f 3035/3035/3035 3023/3023/3023 3036/3036/3036
f 3044/3044/3044 3028/3028/3028 3045/3045/3045
f 3045/3045/3045 3029/3029/3029 3046/3046/3046
f 3049/3049/3049 3033/3033/3033 3050/3050/3050
f 3050/3050/3050 3034/3034/3034 3051/3051/3051
f 3051/3051/3051 3035/3035/3035 3052/3052/3052
f 3058/3058/3058 3042/3042/3042 3059/3059/3059
f 3059/3059/3059 3043/3043/3043 3060/3060/3060
f 3061/3061/3061 3046/3046/3046 3062/3062/3062
f 3063/3063/3063 3052/3052/3052 3064/3064/3064
f 3066/3066/3066 3056/3056/3056 3067/3067/3067
f 3067/3067/3067 3057/3057/3057 3068/3068/3068
f 3070/3070/3070 3060/3060/3060 3071/3071/3071
f 3073/3073/3073 3067/3067/3067 3074/3074/3074
f 3074/3074/3074 3068/3068/3068 3075/3075/3075
f 3077/3077/3077 3071/3071/3071 3078/3078/3078
f 3121/3121/3121 3085/3085/3085 3120/3120/3120
f 3140/3140/3140 3128/3128/3128 3141/3141/3141
f 3147/3147/3147 3139/3139/3139 3148/3148/3148
f 3148/3148/3148 3140/3140/3140 3149/3149/3149
f 3149/3149/3149 3141/3141/3141 3150/3150/3150
f 3155/3155/3155 3147/3147/3147 3156/3156/3156
f 3156/3156/3156 3148/3148/3148 3157/3157/3157
f 3163/3163/3163 3153/3153/3153 3164/3164/3164
f 3167/3167/3167 3157/3157/3157 3168/3168/3168
f 3168/3168/3168 3158/3158/3158 3169/3169/3169
f 3174/3174/3174 3165/3165/3165 3175/3175/3175
f 3178/3178/3178 3170/3170/3170 3179/3179/3179
f 3183/3183/3183 3177/3177/3177 3184/3184/3184
f 3193/3193/3193 3183/3183/3183 3194/3194/3194
f 3198/3198/3198 3188/3188/3188 3199/3199/3199
f 3207/3207/3207 3192/3192/3192 3208/3208/3208
f 3210/3210/3210 3195/3195/3195 3211/3211/3211
f 3213/3213/3213 3198/3198/3198 3214/3214/3214
f 3214/3214/3214 3199/3199/3199 3215/3215/3215
f 3215/3215/3215 3200/3200/3200 3216/3216/3216
f 3218/3218/3218 3203/3203/3203 3219/3219/3219
f 3219/3219/3219 3204/3204/3204 3220/3220/3220
f 3220/3220/3220 3205/3205/3205 3221/3221/3221
f 3221/3221/3221 3206/3206/3206 3222/3222/3222
f 3225/3225/3225 3209/3209/3209 3226/3226/3226
f 3228/3228/3228 3213/3213/3213 3229/3229/3229
f 3229/3229/3229 3214/3214/3214 3230/3230/3230
f 3231/3231/3231 3216/3216/3216 3232/3232/3232
f 3234/3234/3234 3219/3219/3219 3235/3235/3235
f 3236/3236/3236 3221/3221/3221 3237/3237/3237
f 3238/3238/3238 3223/3223/3223 3239/3239/3239
f 3240/3240/3240 3225/3225/3225 3241/3241/3241
f 3242/3242/3242 3227/3227/3227 3243/3243/3243
f 3244/3244/3244 3229/3229/3229 3245/3245/3245
f 3248/3248/3248 3233/3233/3233 3249/3249/3249
f 3249/3249/3249 3234/3234/3234 3250/3250/3250
f 3250/3250/3250 3235/3235/3235 3251/3251/3251
f 3251/3251/3251 3236/3236/3236 3252/3252/3252
f 3255/3255/3255 3245/3245/3245 3256/3256/3256
f 3256/3256/3256 3246/3246/3246 3257/3257/3257
f 3257/3257/3257 3247/3247/3247 3258/3258/3258
f 3258/3258/3258 3248/3248/3248 3259/3259/3259
f 3259/3259/3259 3249/3249/3249 3260/3260/3260
f 3260/3260/3260 3250/3250/3250 3261/3261/3261
f 3261/3261/3261 3251/3251/3251 3262/3262/3262
f 3265/3265/3265 3257/3257/3257 3266/3266/3266
f 3266/3266/3266 3258/3258/3258 3267/3267/3267
f 3268/3268/3268 3260/3260/3260 3269/3269/3269
f 3272/3272/3272 3268/3268/3268 3273/3273/3273
f 3280/3280/3280 3277/3277/3277 3281/3281/3281
f 3285/3285/3285 3281/3281/3281 3286/3286/3286
f 3288/3288/3288 3284/3284/3284 3289/3289/3289
f 3292/3292/3292 3288/3288/3288 3293/3293/3293
f 3332/3332/3332 3308/3308/3308 3333/3333/3333
f 3344/3344/3344 3309/3309/3309 3343/3343/3343
f 3347/3347/3347 3312/3312/3312 3346/3346/3346
f 3348/3348/3348 3313/3313/3313 3347/3347/3347
f 3364/3364/3364 3352/3352/3352 3365/3365/3365
f 3365/3365/3365 3353/3353/3353 3366/3366/3366
f 3369/3369/3369 3365/3365/3365 3370/3370/3370
f 3397/3397/3397 3378/3378/3378 3398/3398/3398
f 3402/3402/3402 3383/3383/3383 3403/3403/3403
f 3430/3430/3430 3399/3399/3399 3431/3431/3431
f 3435/3435/3435 3434/3434/3434 3436/3436/3436
f 3465/3465/3465 3442/3442/3442 3466/3466/3466
f 3490/3490/3490 3451/3451/3451 3491/3491/3491
f 3495/3495/3495 3470/3470/3470 3494/3494/3494
f 3552/3552/3552 3519/3519/3519 3551/3551/3551
f 3557/3557/3557 3532/3532/3532 3556/3556/3556
f 3602/3602/3602 3577/3577/3577 3603/3603/3603
f 3621/3621/3621 3587/3587/3587 3620/3620/3620
f 3629/3629/3629 3618/3618/3618 3628/3628/3628
f 3672/3672/3672 3646/3646/3646 3673/3673/3673
f 3684/3684/3684 3655/3655/3655 3685/3685/3685
f 3687/3687/3687 3658/3658/3658 3688/3688/3688
f 3688/3688/3688 3659/3659/3659 3689/3689/3689
f 3697/3697/3697 3674/3674/3674 3698/3698/3698
f 3704/3704/3704 3694/3694/3694 3703/3703/3703
f 3750/3750/3750 3722/3722/3722 3751/3751/3751
f 3755/3755/3755 3729/3729/3729 3756/3756/3756
f 3764/3764/3764 3752/3752/3752 3765/3765/3765
f 3819/3819/3819 3790/3790/3790 3820/3820/3820
f 3822/3822/3822 3798/3798/3798 3823/3823/3823
f 3834/3834/3834 3830/3830/3830 3833/3833/3833
f 3844/3844/3844 3837/3837/3837 3845/3845/3845
f 3845/3845/3845 3838/3838/3838 3846/3846/3846
f 38/38/38 1/1/1 37/37/37
f 40/40/40 3/3/3 39/39/39
f 41/41/41 4/4/4 40/40/40
f 43/43/43 6/6/6 42/42/42
f 60/60/60 25/25/25 61/61/61
f 62/62/62 27/27/27 63/63/63
f 64/64/64 29/29/29 65/65/65
f 66/66/66 31/31/31 67/67/67
f 68/68/68 33/33/33 69/69/69
f 71/71/71 36/36/36 72/72/72
f 75/75/75 38/38/38 74/74/74
f 76/76/76 39/39/39 75/75/75
f 77/77/77 40/40/40 76/76/76
f 83/83/83 46/46/46 82/82/82
f 94/94/94 59/59/59 95/95/95
f 96/96/96 61/61/61 97/97/97
f 98/98/98 63/63/63 99/99/99
f 100/100/100 65/65/65 101/101/101
f 102/102/102 67/67/67 103/103/103
f 104/104/104 69/69/69 105/105/105
f 111/111/111 74/74/74 110/110/110
f 113/113/113 76/76/76 112/112/112
f 114/114/114 77/77/77 113/113/113
f 115/115/115 78/78/78 114/114/114
f 116/116/116 79/79/79 115/115/115
f 117/117/117 80/80/80 116/116/116
f 119/119/119 82/82/82 118/118/118
f 139/139/139 103/103/103 140/140/140
f 140/140/140 104/104/104 141/141/141
f 141/141/141 105/105/105 142/142/142
f 147/147/147 109/109/109 146/146/146
f 148/148/148 110/110/110 147/147/147
f 150/150/150 112/112/112 149/149/149
f 151/151/151 113/113/113 150/150/150
f 152/152/152 114/114/114 151/151/151
f 154/154/154 116/116/116 153/153/153
f 158/158/158 120/120/120 157/157/157
f 174/174/174 138/138/138 175/175/175
f 177/177/177 141/141/141 178/178/178
f 178/178/178 142/142/142 179/179/179
f 181/181/181 145/145/145 182/182/182
f 184/184/184 146/146/146 183/183/183
f 189/189/189 151/151/151 188/188/188
f 191/191/191 153/153/153 190/190/190
f 204/204/204 168/168/168 205/205/205
f 211/211/211 175/175/175 212/212/212
f 213/213/213 177/177/177 214/214/214
f 215/215/215 179/179/179 216/216/216
f 218/218/218 182/182/182 219/219/219
f 222/222/222 183/183/183 221/221/221
f 224/224/224 185/185/185 223/223/223
f 225/225/225 186/186/186 224/224/224
f 226/226/226 187/187/187 225/225/225
f 229/229/229 190/190/190 228/228/228
f 231/231/231 192/192/192 230/230/230
f 239/239/239 199/199/199 238/238/238
f 247/247/247 207/207/207 248/248/248
f 251/251/251 210/210/210 252/252/252
f 253/253/253 212/212/212 254/254/254
f 255/255/255 214/214/214 256/256/256
f 263/263/263 220/220/220 262/262/262
f 268/268/268 225/225/225 267/267/267
f 270/270/270 227/227/227 269/269/269
f 276/276/276 233/233/233 275/275/275
f 285/285/285 244/244/244 286/286/286
f 287/287/287 246/246/246 288/288/288
f 289/289/289 249/249/249 290/290/290
f 296/296/296 256/256/256 297/297/297
f 297/297/297 257/257/257 298/298/298
f 299/299/299 259/259/259 300/300/300
f 307/307/307 265/265/265 306/306/306
f 309/309/309 267/267/267 308/308/308
f 310/310/310 268/268/268 309/309/309
f 311/311/311 269/269/269 310/310/310
f 322/322/322 283/283/283 323/323/323
f 326/326/326 286/286/286 327/327/327
f 330/330/330 290/290/290 331/331/331
f 333/333/333 293/293/293 334/334/334
f 335/335/335 295/295/295 336/336/336
f 337/337/337 298/298/298 338/338/338
f 340/340/340 301/301/301 341/341/341
f 345/345/345 304/304/304 344/344/344
f 347/347/347 306/306/306 346/346/346
f 348/348/348 307/307/307 347/347/347
f 349/349/349 308/308/308 348/348/348
f 351/351/351 310/310/310 350/350/350
f 371/371/371 334/334/334 372/372/372
f 373/373/373 336/336/336 374/374/374
f 375/375/375 338/338/338 376/376/376
f 376/376/376 339/339/339 377/377/377
f 378/378/378 341/341/341 379/379/379
f 390/390/390 345/345/345 389/389/389
f 393/393/393 348/348/348 392/392/392
f 395/395/395 350/350/350 394/394/394
f 396/396/396 351/351/351 395/395/395
f 399/399/399 354/354/354 398/398/398
f 408/408/408 364/364/364 409/409/409
f 414/414/414 369/369/369 415/415/415
f 422/422/422 377/377/377 423/423/423
f 424/424/424 379/379/379 425/425/425
f 431/431/431 381/381/381 430/430/430
f 435/435/435 385/385/385 434/434/434
f 438/438/438 387/387/387 437/437/437
f 441/441/441 392/392/392 440/440/440
f 445/445/445 396/396/396 444/444/444
f 452/452/452 404/404/404 453/453/453
f 465/465/465 413/413/413 466/466/466
f 476/476/476 420/420/420 477/477/477
f 483/483/483 426/426/426 484/484/484
f 489/489/489 429/429/429 490/490/490
f 494/494/494 430/430/430 493/493/493
f 496/496/496 432/432/432 495/495/495
f 498/498/498 434/434/434 497/497/497
f 503/503/503 438/438/438 502/502/502
f 506/506/506 444/444/444 505/505/505
f 508/508/508 446/446/446 507/507/507
f 510/510/510 448/448/448 509/509/509
f 519/519/519 461/461/461 520/520/520
f 527/527/527 471/471/471 528/528/528
f 537/537/537 485/485/485 538/538/538
f 543/543/543 489/489/489 544/544/544
f 544/544/544 490/490/490 545/545/545
f 545/545/545 491/491/491 546/546/546
f 554/554/554 492/492/492 553/553/553
f 559/559/559 497/497/497 558/558/558
f 560/560/560 498/498/498 559/559/559
f 564/564/564 501/501/501 563/563/563
f 568/568/568 507/507/507 567/567/567
f 570/570/570 509/509/509 569/569/569
f 572/572/572 511/511/511 571/571/571
f 584/584/584 524/524/524 585/585/585
f 597/597/597 539/539/539 598/598/598
f 603/603/603 546/546/546 604/604/604
f 604/604/604 547/547/547 605/605/605
f 608/608/608 551/551/551 609/609/609
f 609/609/609 552/552/552 610/610/610
f 615/615/615 553/553/553 614/614/614
f 620/620/620 558/558/558 619/619/619
f 621/621/621 559/559/559 620/620/620
f 624/624/624 562/562/562 623/623/623
f 625/625/625 563/563/563 624/624/624
f 636/636/636 571/571/571 635/635/635
f 644/644/644 581/581/581 645/645/645
f 662/662/662 599/599/599 663/663/663
f 666/666/666 602/602/602 667/667/667
f 671/671/671 607/607/607 672/672/672
f 675/675/675 611/611/611 676/676/676
f 676/676/676 612/612/612 677/677/677
f 685/685/685 613/613/613 684/684/684
f 686/686/686 614/614/614 685/685/685
f 688/688/688 616/616/616 687/687/687
f 689/689/689 617/617/617 688/688/688
f 692/692/692 620/620/620 691/691/691
f 697/697/697 623/623/623 696/696/696
f 700/700/700 627/627/627 699/699/699
f 703/703/703 630/630/630 702/702/702
f 712/712/712 646/646/646 713/713/713
f 725/725/725 657/657/657 726/726/726
f 732/732/732 666/666/666 733/733/733
f 735/735/735 670/670/670 736/736/736
f 740/740/740 677/677/677 741/741/741
f 741/741/741 678/678/678 742/742/742
f 744/744/744 680/680/680 745/745/745
f 745/745/745 681/681/681 746/746/746
f 747/747/747 683/683/683 748/748/748
f 754/754/754 685/685/685 753/753/753
f 757/757/757 688/688/688 756/756/756
f 758/758/758 689/689/689 757/757/757
f 759/759/759 690/690/690 758/758/758
f 760/760/760 691/691/691 759/759/759
f 761/761/761 692/692/692 760/760/760
f 764/764/764 695/695/695 763/763/763
f 781/781/781 714/714/714 780/780/780
f 782/782/782 718/718/718 783/783/783
f 795/795/795 730/730/730 796/796/796
f 802/802/802 736/736/736 803/803/803
f 808/808/808 742/742/742 809/809/809
f 812/812/812 745/745/745 813/813/813
f 814/814/814 747/747/747 815/815/815
f 816/816/816 749/749/749 817/817/817
f 819/819/819 751/751/751 820/820/820
f 827/827/827 756/756/756 826/826/826
f 828/828/828 757/757/757 827/827/827
f 829/829/829 758/758/758 828/828/828
f 832/832/832 761/761/761 831/831/831
f 835/835/835 764/764/764 834/834/834
f 836/836/836 765/765/765 835/835/835
f 838/838/838 767/767/767 837/837/837
f 839/839/839 768/768/768 838/838/838
f 843/843/843 771/771/771 842/842/842
f 855/855/855 777/777/777 854/854/854
f 860/860/860 785/785/785 861/861/861
f 867/867/867 797/797/797 868/868/868
f 872/872/872 804/804/804 873/873/873
f 875/875/875 807/807/807 876/876/876
f 877/877/877 810/810/810 878/878/878
f 880/880/880 813/813/813 881/881/881
f 885/885/885 818/818/818 886/886/886
f 887/887/887 820/820/820 888/888/888
f 888/888/888 821/821/821 889/889/889
f 912/912/912 822/822/822 911/911/911
f 915/915/915 825/825/825 914/914/914
f 917/917/917 827/827/827 916/916/916
f 919/919/919 829/829/829 918/918/918
f 920/920/920 830/830/830 919/919/919
f 921/921/921 831/831/831 920/920/920
f 928/928/928 834/834/834 927/927/927
f 935/935/935 838/838/838 934/934/934
f 941/941/941 840/840/840 940/940/940
f 947/947/947 844/844/844 946/946/946
f 948/948/948 845/845/845 947/947/947
f 950/950/950 847/847/847 949/949/949
f 977/977/977 870/870/870 978/978/978
f 978/978/978 871/871/871 979/979/979
f 986/986/986 875/875/875 987/987/987
f 999/999/999 882/882/882 1000/1000/1000
f 1001/1001/1001 884/884/884 1002/1002/1002
f 1002/1002/1002 885/885/885 1003/1003/1003
f 1062/1062/1062 890/890/890 1061/1061/1061
f 1069/1069/1069 895/895/895 1070/1070/1070
f 1079/1079/1079 896/896/896 1078/1078/1078
f 1079/1079/1079 898/898/898 1080/1080/1080
f 1132/1132/1132 910/910/910 1131/1131/1131
f 1133/1133/1133 911/911/911 1132/1132/1132
f 1135/1135/1135 913/913/913 1134/1134/1134
f 1136/1136/1136 914/914/914 1135/1135/1135
f 1141/1141/1141 919/919/919 1140/1140/1140
f 1149/1149/1149 926/926/926 1148/1148/1148
f 1155/1155/1155 932/932/932 1154/1154/1154
f 1156/1156/1156 933/933/933 1155/1155/1155
f 1164/1164/1164 939/939/939 1163/1163/1163
f 1167/1167/1167 942/942/942 1166/1166/1166
f 1173/1173/1173 945/945/945 1172/1172/1172
f 1176/1176/1176 949/949/949 1175/1175/1175
f 1235/1235/1235 968/968/968 1234/1234/1234
f 1247/1247/1247 974/974/974 1246/1246/1246
f 1248/1248/1248 978/978/978 1249/1249/1249
f 1252/1252/1252 982/982/982 1253/1253/1253
f 1264/1264/1264 990/990/990 1265/1265/1265
f 1279/1279/1279 999/999/999 1280/1280/1280
f 1284/1284/1284 1004/1004/1004 1285/1285/1285
f 1295/1295/1295 1006/1006/1006 1296/1296/1296
f 1408/1408/1408 1007/1007/1007 1407/1407/1407
f 1434/1434/1434 1013/1013/1013 1433/1433/1433
f 1435/1435/1435 1014/1014/1014 1434/1434/1434
f 1436/1436/1436 1015/1015/1015 1435/1435/1435
f 1454/1454/1454 1020/1020/1020 1455/1455/1455
f 1487/1487/1487 1037/1037/1037 1488/1488/1488
f 1530/1530/1530 1043/1043/1043 1529/1529/1529
f 1549/1549/1549 1045/1045/1045 1548/1548/1548
f 1591/1591/1591 1057/1057/1057 1590/1590/1590
f 1609/1609/1609 1059/1059/1059 1608/1608/1608
f 1641/1641/1641 1073/1073/1073 1640/1640/1640
f 1645/1645/1645 1076/1076/1076 1644/1644/1644
f 1658/1658/1658 1084/1084/1084 1657/1657/1657
f 1661/1661/1661 1088/1088/1088 1660/1660/1660
f 1662/1662/1662 1096/1096/1096 1663/1663/1663
f 1672/1672/1672 1097/1097/1097 1671/1671/1671
f 1687/1687/1687 1105/1105/1105 1688/1688/1688
f 1715/1715/1715 1132/1132/1132 1714/1714/1714
f 1716/1716/1716 1133/1133/1133 1715/1715/1715
f 1717/1717/1717 1134/1134/1134 1716/1716/1716
f 1718/1718/1718 1135/1135/1135 1717/1717/1717
f 1737/1737/1737 1142/1142/1142 1736/1736/1736
f 1738/1738/1738 1143/1143/1143 1737/1737/1737
f 1740/1740/1740 1145/1145/1145 1739/1739/1739
f 1748/1748/1748 1153/1153/1153 1747/1747/1747
f 1768/1768/1768 1157/1157/1157 1767/1767/1767
f 1770/1770/1770 1165/1165/1165 1769/1769/1769
f 1789/1789/1789 1174/1174/1174 1788/1788/1788
f 1823/1823/1823 1184/1184/1184 1822/1822/1822
f 1844/1844/1844 1194/1194/1194 1843/1843/1843
f 1845/1845/1845 1195/1195/1195 1844/1844/1844
f 1857/1857/1857 1202/1202/1202 1856/1856/1856
f 1865/1865/1865 1205/1205/1205 1864/1864/1864
f 1881/1881/1881 1215/1215/1215 1880/1880/1880
f 1892/1892/1892 1227/1227/1227 1891/1891/1891
f 1893/1893/1893 1228/1228/1228 1892/1892/1892
f 1918/1918/1918 1254/1254/1254 1917/1917/1917
f 1928/1928/1928 1265/1265/1265 1929/1929/1929
f 1929/1929/1929 1266/1266/1266 1930/1930/1930
f 1933/1933/1933 1267/1267/1267 1932/1932/1932
f 1945/1945/1945 1281/1281/1281 1946/1946/1946
f 1947/1947/1947 1283/1283/1283 1948/1948/1948
f 1959/1959/1959 1297/1297/1297 1958/1958/1958
f 1967/1967/1967 1301/1301/1301 1968/1968/1968
f 1982/1982/1982 1313/1313/1313 1981/1981/1981
f 1985/1985/1985 1316/1316/1316 1984/1984/1984
f 2008/2008/2008 1329/1329/1329 2007/2007/2007
f 2040/2040/2040 1351/1351/1351 2039/2039/2039
f 2064/2064/2064 1375/1375/1375 2063/2063/2063
f 2065/2065/2065 1376/1376/1376 2064/2064/2064
f 2066/2066/2066 1390/1390/1390 2067/2067/2067
f 2080/2080/2080 1402/1402/1402 2081/2081/2081
f 2106/2106/2106 1426/1426/1426 2107/2107/2107
f 2107/2107/2107 1427/1427/1427 2108/2108/2108
f 2146/2146/2146 1448/1448/1448 2145/2145/2145
f 2160/2160/2160 1465/1465/1465 2161/2161/2161
f 2236/2236/2236 1509/1509/1509 2237/2237/2237
f 2251/2251/2251 1510/1510/1510 2250/2250/2250
f 2267/2267/2267 1515/1515/1515 2266/2266/2266
f 2282/2282/2282 1528/1528/1528 2281/2281/2281
f 2314/2314/2314 1547/1547/1547 2313/2313/2313
f 2327/2327/2327 1554/1554/1554 2326/2326/2326
f 2328/2328/2328 1555/1555/1555 2327/2327/2327
f 2331/2331/2331 1564/1564/1564 2332/2332/2332
f 2333/2333/2333 1566/1566/1566 2334/2334/2334
f 2344/2344/2344 1567/1567/1567 2343/2343/2343
f 2345/2345/2345 1568/1568/1568 2344/2344/2344
f 2357/2357/2357 1574/1574/1574 2356/2356/2356
f 2386/2386/2386 1601/1601/1601 2387/2387/2387
f 2400/2400/2400 1605/1605/1605 2399/2399/2399
f 2401/2401/2401 1611/1611/1611 2402/2402/2402
f 2418/2418/2418 1616/1616/1616 2417/2417/2417
f 2421/2421/2421 1620/1620/1620 2420/2420/2420
f 2431/2431/2431 1623/1623/1623 2430/2430/2430
f 2432/2432/2432 1624/1624/1624 2431/2431/2431
f 2446/2446/2446 1631/1631/1631 2447/2447/2447
f 2465/2465/2465 1639/1639/1639 2464/2464/2464
f 2475/2475/2475 1646/1646/1646 2474/2474/2474
f 2493/2493/2493 1656/1656/1656 2492/2492/2492
f 2502/2502/2502 1665/1665/1665 2501/2501/2501
f 2503/2503/2503 1666/1666/1666 2502/2502/2502
f 2505/2505/2505 1668/1668/1668 2504/2504/2504
f 2512/2512/2512 1679/1679/1679 2511/2511/2511
f 2515/2515/2515 1682/1682/1682 2514/2514/2514
f 2517/2517/2517 1684/1684/1684 2516/2516/2516
f 2540/2540/2540 1715/1715/1715 2539/2539/2539
f 2541/2541/2541 1716/1716/1716 2540/2540/2540
f 2542/2542/2542 1717/1717/1717 2541/2541/2541
f 2543/2543/2543 1718/1718/1718 2542/2542/2542
f 2549/2549/2549 1723/1723/1723 2548/2548/2548
f 2550/2550/2550 1724/1724/1724 2549/2549/2549
f 2556/2556/2556 1728/1728/1728 2555/2555/2555
f 2567/2567/2567 1734/1734/1734 2566/2566/2566
f 2568/2568/2568 1735/1735/1735 2567/2567/2567
f 2571/2571/2571 1738/1738/1738 2570/2570/2570
f 2572/2572/2572 1739/1739/1739 2571/2571/2571
f 2573/2573/2573 1740/1740/1740 2572/2572/2572
f 2580/2580/2580 1748/1748/1748 2579/2579/2579
f 2583/2583/2583 1750/1750/1750 2582/2582/2582
f 2586/2586/2586 1756/1756/1756 2585/2585/2585
f 2587/2587/2587 1757/1757/1757 2586/2586/2586
f 2591/2591/2591 1761/1761/1761 2590/2590/2590
f 2592/2592/2592 1764/1764/1764 2593/2593/2593
f 2593/2593/2593 1765/1765/1765 2594/2594/2594
f 2604/2604/2604 1784/1784/1784 2605/2605/2605
f 2614/2614/2614 1790/1790/1790 2613/2613/2613
f 2624/2624/2624 1805/1805/1805 2623/2623/2623
f 2626/2626/2626 1809/1809/1809 2625/2625/2625
f 2661/2661/2661 1855/1855/1855 2660/2660/2660
f 2670/2670/2670 1868/1868/1868 2671/2671/2671
f 2714/2714/2714 1888/1888/1888 2713/2713/2713
f 2761/2761/2761 1919/1919/1919 2760/2760/2760
f 2763/2763/2763 1921/1921/1921 2762/2762/2762
f 2779/2779/2779 1934/1934/1934 2778/2778/2778
f 2787/2787/2787 1951/1951/1951 2786/2786/2786
f 2788/2788/2788 1952/1952/1952 2787/2787/2787
f 2794/2794/2794 1955/1955/1955 2793/2793/2793
f 2830/2830/2830 2004/2004/2004 2829/2829/2829
f 2831/2831/2831 2005/2005/2005 2830/2830/2830
f 2842/2842/2842 2030/2030/2030 2841/2841/2841
f 2845/2845/2845 2033/2033/2033 2844/2844/2844
f 2846/2846/2846 2034/2034/2034 2845/2845/2845
f 2847/2847/2847 2035/2035/2035 2846/2846/2846
f 2848/2848/2848 2036/2036/2036 2847/2847/2847
f 2857/2857/2857 2074/2074/2074 2858/2858/2858
f 2867/2867/2867 2087/2087/2087 2868/2868/2868
f 2884/2884/2884 2113/2113/2113 2883/2883/2883
f 2885/2885/2885 2114/2114/2114 2884/2884/2884
f 2886/2886/2886 2125/2125/2125 2887/2887/2887
f 2887/2887/2887 2126/2126/2126 2888/2888/2888
f 2898/2898/2898 2138/2138/2138 2897/2897/2897
f 2899/2899/2899 2139/2139/2139 2898/2898/2898
f 2909/2909/2909 2156/2156/2156 2910/2910/2910
f 2916/2916/2916 2170/2170/2170 2917/2917/2917
f 2933/2933/2933 2195/2195/2195 2932/2932/2932
f 2937/2937/2937 2209/2209/2209 2938/2938/2938
f 2945/2945/2945 2210/2210/2210 2944/2944/2944
f 2950/2950/2950 2215/2215/2215 2949/2949/2949
f 2953/2953/2953 2228/2228/2228 2952/2952/2952
f 2963/2963/2963 2241/2241/2241 2962/2962/2962
f 2965/2965/2965 2243/2243/2243 2964/2964/2964
f 2987/2987/2987 2337/2337/2337 2988/2988/2988
f 3000/3000/3000 2366/2366/2366 3001/3001/3001
f 3001/3001/3001 2367/2367/2367 3002/3002/3002
f 3013/3013/3013 2395/2395/2395 3014/3014/3014
f 3025/3025/3025 2396/2396/2396 3024/3024/3024
f 3037/3037/3037 2428/2428/2428 3036/3036/3036
f 3038/3038/3038 2435/2435/2435 3039/3039/3039
f 3041/3041/3041 2438/2438/2438 3042/3042/3042
f 3047/3047/3047 2456/2456/2456 3046/3046/3046
f 3048/3048/3048 2457/2457/2457 3047/3047/3047
f 3053/3053/3053 2462/2462/2462 3052/3052/3052
f 3054/3054/3054 2467/2467/2467 3055/3055/3055
f 3083/3083/3083 2535/2535/2535 3082/3082/3082
f 3087/3087/3087 2540/2540/2540 3086/3086/3086
f 3088/3088/3088 2541/2541/2541 3087/3087/3087
f 3090/3090/3090 2543/2543/2543 3089/3089/3089
f 3091/3091/3091 2544/2544/2544 3090/3090/3090
f 3097/3097/3097 2548/2548/2548 3096/3096/3096
f 3098/3098/3098 2549/2549/2549 3097/3097/3097
f 3099/3099/3099 2550/2550/2550 3098/3098/3098
f 3103/3103/3103 2554/2554/2554 3102/3102/3102
f 3105/3105/3105 2556/2556/2556 3104/3104/3104
f 3109/3109/3109 2565/2565/2565 3108/3108/3108
f 3112/3112/3112 2568/2568/2568 3111/3111/3111
f 3113/3113/3113 2569/2569/2569 3112/3112/3112
f 3114/3114/3114 2570/2570/2570 3113/3113/3113
f 3115/3115/3115 2571/2571/2571 3114/3114/3114
f 3117/3117/3117 2573/2573/2573 3116/3116/3116
f 3118/3118/3118 2574/2574/2574 3117/3117/3117
f 3124/3124/3124 2579/2579/2579 3123/3123/3123
f 3130/3130/3130 2581/2581/2581 3129/3129/3129
f 3131/3131/3131 2582/2582/2582 3130/3130/3130
f 3151/3151/3151 2612/2612/2612 3150/3150/3150
f 3155/3155/3155 2627/2627/2627 3154/3154/3154
f 3160/3160/3160 2634/2634/2634 3161/3161/3161
f 3164/3164/3164 2640/2640/2640 3163/3163/3163
f 3173/3173/3173 2652/2652/2652 3172/3172/3172
f 3179/3179/3179 2665/2665/2665 3178/3178/3178
f 3185/3185/3185 2691/2691/2691 3186/3186/3186
f 3189/3189/3189 2697/2697/2697 3190/3190/3190
f 3201/3201/3201 2718/2718/2718 3202/3202/3202
f 3204/3204/3204 2721/2721/2721 3205/3205/3205
f 3208/3208/3208 2730/2730/2730 3209/3209/3209
f 3211/3211/3211 2731/2731/2731 3210/3210/3210
f 3232/3232/3232 2756/2756/2756 3233/3233/3233
f 3239/3239/3239 2757/2757/2757 3238/3238/3238
f 3243/3243/3243 2767/2767/2767 3242/3242/3242
f 3253/3253/3253 2774/2774/2774 3252/3252/3252
f 3254/3254/3254 2775/2775/2775 3253/3253/3253
f 3263/3263/3263 2789/2789/2789 3262/3262/3262
f 3265/3265/3265 2802/2802/2802 3264/3264/3264
f 3270/3270/3270 2806/2806/2806 3269/3269/3269
f 3271/3271/3271 2807/2807/2807 3270/3270/3270
f 3274/3274/3274 2824/2824/2824 3273/3273/3273
f 3278/3278/3278 2904/2904/2904 3279/3279/3279
f 3282/3282/3282 2922/2922/2922 3283/3283/3283
f 3291/3291/3291 2941/2941/2941 3290/3290/3290
f 3295/3295/3295 2959/2959/2959 3294/3294/3294
f 3301/3301/3301 3079/3079/3079 3300/3300/3300
f 3302/3302/3302 3080/3080/3080 3301/3301/3301
f 3303/3303/3303 3081/3081/3081 3302/3302/3302
f 3304/3304/3304 3082/3082/3082 3303/3303/3303
f 3305/3305/3305 3083/3083/3083 3304/3304/3304
f 3313/3313/3313 3089/3089/3089 3312/3312/3312
f 3314/3314/3314 3090/3090/3090 3313/3313/3313
f 3315/3315/3315 3091/3091/3091 3314/3314/3314
f 3317/3317/3317 3094/3094/3094 3316/3316/3316
f 3318/3318/3318 3095/3095/3095 3317/3317/3317
f 3329/3329/3329 3106/3106/3106 3328/3328/3328
f 3332/3332/3332 3109/3109/3109 3331/3331/3331
f 3334/3334/3334 3111/3111/3111 3333/3333/3333
f 3335/3335/3335 3112/3112/3112 3334/3334/3334
f 3339/3339/3339 3116/3116/3116 3338/3338/3338
f 3340/3340/3340 3117/3117/3117 3339/3339/3339
f 3341/3341/3341 3118/3118/3118 3340/3340/3340
f 3350/3350/3350 3122/3122/3122 3349/3349/3349
f 3351/3351/3351 3123/3123/3123 3350/3350/3350
f 3356/3356/3356 3125/3125/3125 3355/3355/3355
f 3358/3358/3358 3127/3127/3127 3357/3357/3357
f 3359/3359/3359 3128/3128/3128 3358/3358/3358
f 3362/3362/3362 3132/3132/3132 3361/3361/3361
f 3363/3363/3363 3133/3133/3133 3362/3362/3362
f 3367/3367/3367 3136/3136/3136 3366/3366/3366
f 3368/3368/3368 3137/3137/3137 3367/3367/3367
f 3371/3371/3371 3144/3144/3144 3370/3370/3370
f 3373/3373/3373 3300/3300/3300 3372/3372/3372
f 3374/3374/3374 3301/3301/3301 3373/3373/3373
f 3375/3375/3375 3302/3302/3302 3374/3374/3374
f 3376/3376/3376 3303/3303/3303 3375/3375/3375
f 3381/3381/3381 3306/3306/3306 3380/3380/3380
f 3386/3386/3386 3316/3316/3316 3385/3385/3385
f 3401/3401/3401 3330/3330/3330 3400/3400/3400
f 3406/3406/3406 3336/3336/3336 3405/3405/3405
f 3408/3408/3408 3338/3338/3338 3407/3407/3407
f 3409/3409/3409 3339/3339/3339 3408/3408/3408
f 3410/3410/3410 3340/3340/3340 3409/3409/3409
f 3411/3411/3411 3341/3341/3341 3410/3410/3410
f 3412/3412/3412 3342/3342/3342 3411/3411/3411
f 3416/3416/3416 3346/3346/3346 3415/3415/3415
f 3417/3417/3417 3347/3347/3347 3416/3416/3416
f 3418/3418/3418 3348/3348/3348 3417/3417/3417
f 3419/3419/3419 3349/3349/3349 3418/3418/3418
f 3420/3420/3420 3350/3350/3350 3419/3419/3419
f 3423/3423/3423 3353/3353/3353 3422/3422/3422
f 3424/3424/3424 3354/3354/3354 3423/3423/3423
f 3428/3428/3428 3358/3358/3358 3427/3427/3427
f 3430/3430/3430 3360/3360/3360 3429/3429/3429
f 3432/3432/3432 3362/3362/3362 3431/3431/3431
f 3437/3437/3437 3373/3373/3373 3436/3436/3436
f 3438/3438/3438 3374/3374/3374 3437/3437/3437
f 3439/3439/3439 3375/3375/3375 3438/3438/3438
f 3440/3440/3440 3376/3376/3376 3439/3439/3439
f 3444/3444/3444 3379/3379/3379 3443/3443/3443
f 3445/3445/3445 3380/3380/3380 3444/3444/3444
f 3453/3453/3453 3384/3384/3384 3452/3452/3452
f 3454/3454/3454 3385/3385/3385 3453/3453/3453
f 3464/3464/3464 3395/3395/3395 3463/3463/3463
f 3467/3467/3467 3399/3399/3399 3466/3466/3466
f 3470/3470/3470 3404/3404/3404 3469/3469/3469
f 3472/3472/3472 3406/3406/3406 3471/3471/3471
f 3473/3473/3473 3407/3407/3407 3472/3472/3472
f 3474/3474/3474 3408/3408/3408 3473/3473/3473
f 3475/3475/3475 3409/3409/3409 3474/3474/3474
f 3476/3476/3476 3410/3410/3410 3475/3475/3475
f 3477/3477/3477 3411/3411/3411 3476/3476/3476
f 3478/3478/3478 3412/3412/3412 3477/3477/3477
f 3479/3479/3479 3413/3413/3413 3478/3478/3478
f 3480/3480/3480 3414/3414/3414 3479/3479/3479
f 3489/3489/3489 3423/3423/3423 3488/3488/3488
f 3491/3491/3491 3425/3425/3425 3490/3490/3490
f 3492/3492/3492 3426/3426/3426 3491/3491/3491
f 3502/3502/3502 3437/3437/3437 3501/3501/3501
f 3503/3503/3503 3438/3438/3438 3502/3502/3502
f 3504/3504/3504 3439/3439/3439 3503/3503/3503
f 3505/3505/3505 3440/3440/3440 3504/3504/3504
f 3507/3507/3507 3442/3442/3442 3506/3506/3506
f 3509/3509/3509 3444/3444/3444 3508/3508/3508
f 3510/3510/3510 3445/3445/3445 3509/3509/3509
f 3511/3511/3511 3446/3446/3446 3510/3510/3510
f 3514/3514/3514 3448/3448/3448 3513/3513/3513
f 3516/3516/3516 3450/3450/3450 3515/3515/3515
f 3517/3517/3517 3451/3451/3451 3516/3516/3516
f 3519/3519/3519 3453/3453/3453 3518/3518/3518
f 3521/3521/3521 3455/3455/3455 3520/3520/3520
f 3524/3524/3524 3458/3458/3458 3523/3523/3523
f 3529/3529/3529 3463/3463/3463 3528/3528/3528
f 3531/3531/3531 3468/3468/3468 3530/3530/3530
f 3534/3534/3534 3472/3472/3472 3533/3533/3533
f 3535/3535/3535 3473/3473/3473 3534/3534/3534
f 3536/3536/3536 3474/3474/3474 3535/3535/3535
f 3537/3537/3537 3475/3475/3475 3536/3536/3536
f 3538/3538/3538 3476/3476/3476 3537/3537/3537
f 3539/3539/3539 3477/3477/3477 3538/3538/3538
f 3540/3540/3540 3478/3478/3478 3539/3539/3539
f 3545/3545/3545 3483/3483/3483 3544/3544/3544
f 3549/3549/3549 3487/3487/3487 3548/3548/3548
f 3555/3555/3555 3493/3493/3493 3554/3554/3554
f 3561/3561/3561 3498/3498/3498 3560/3560/3560
f 3564/3564/3564 3501/3501/3501 3563/3563/3563
f 3565/3565/3565 3502/3502/3502 3564/3564/3564
f 3566/3566/3566 3503/3503/3503 3565/3565/3565
f 3567/3567/3567 3504/3504/3504 3566/3566/3566
f 3568/3568/3568 3505/3505/3505 3567/3567/3567
f 3569/3569/3569 3506/3506/3506 3568/3568/3568
f 3570/3570/3570 3507/3507/3507 3569/3569/3569
f 3571/3571/3571 3508/3508/3508 3570/3570/3570
f 3573/3573/3573 3510/3510/3510 3572/3572/3572
f 3581/3581/3581 3512/3512/3512 3580/3580/3580
f 3582/3582/3582 3513/3513/3513 3581/3581/3581
f 3583/3583/3583 3514/3514/3514 3582/3582/3582
f 3584/3584/3584 3515/3515/3515 3583/3583/3583
f 3585/3585/3585 3516/3516/3516 3584/3584/3584
f 3586/3586/3586 3517/3517/3517 3585/3585/3585
f 3589/3589/3589 3521/3521/3521 3588/3588/3588
f 3595/3595/3595 3527/3527/3527 3594/3594/3594
f 3601/3601/3601 3534/3534/3534 3600/3600/3600
f 3604/3604/3604 3537/3537/3537 3603/3603/3603
f 3605/3605/3605 3538/3538/3538 3604/3604/3604
f 3610/3610/3610 3543/3543/3543 3609/3609/3609
f 3611/3611/3611 3544/3544/3544 3610/3610/3610
f 3614/3614/3614 3547/3547/3547 3613/3613/3613
f 3619/3619/3619 3550/3550/3550 3618/3618/3618
f 3623/3623/3623 3553/3553/3553 3622/3622/3622
f 3631/3631/3631 3558/3558/3558 3630/3630/3630
f 3634/3634/3634 3560/3560/3560 3633/3633/3633
f 3636/3636/3636 3562/3562/3562 3635/3635/3635
f 3637/3637/3637 3563/3563/3563 3636/3636/3636
f 3638/3638/3638 3564/3564/3564 3637/3637/3637
f 3639/3639/3639 3565/3565/3565 3638/3638/3638
f 3640/3640/3640 3566/3566/3566 3639/3639/3639
f 3641/3641/3641 3567/3567/3567 3640/3640/3640
f 3644/3644/3644 3570/3570/3570 3643/3643/3643
f 3645/3645/3645 3571/3571/3571 3644/3644/3644
f 3649/3649/3649 3574/3574/3574 3648/3648/3648
f 3654/3654/3654 3578/3578/3578 3653/3653/3653
f 3661/3661/3661 3580/3580/3580 3660/3660/3660
f 3663/3663/3663 3582/3582/3582 3662/3662/3662
f 3671/3671/3671 3594/3594/3594 3670/3670/3670
f 3677/3677/3677 3598/3598/3598 3676/3676/3676
f 3678/3678/3678 3599/3599/3599 3677/3677/3677
f 3681/3681/3681 3604/3604/3604 3680/3680/3680
f 3683/3683/3683 3606/3606/3606 3682/3682/3682
f 3688/3688/3688 3611/3611/3611 3687/3687/3687
f 3689/3689/3689 3612/3612/3612 3688/3688/3688
f 3690/3690/3690 3613/3613/3613 3689/3689/3689
f 3692/3692/3692 3615/3615/3615 3691/3691/3691
f 3700/3700/3700 3624/3624/3624 3699/3699/3699
f 3702/3702/3702 3627/3627/3627 3701/3701/3701
f 3706/3706/3706 3630/3630/3630 3705/3705/3705
f 3708/3708/3708 3632/3632/3632 3707/3707/3707
f 3709/3709/3709 3633/3633/3633 3708/3708/3708
f 3711/3711/3711 3635/3635/3635 3710/3710/3710
f 3712/3712/3712 3636/3636/3636 3711/3711/3711
f 3713/3713/3713 3637/3637/3637 3712/3712/3712
f 3714/3714/3714 3638/3638/3638 3713/3713/3713
f 3715/3715/3715 3639/3639/3639 3714/3714/3714
f 3716/3716/3716 3640/3640/3640 3715/3715/3715
f 3717/3717/3717 3641/3641/3641 3716/3716/3716
f 3719/3719/3719 3643/3643/3643 3718/3718/3718
f 3720/3720/3720 3644/3644/3644 3719/3719/3719
f 3725/3725/3725 3647/3647/3647 3724/3724/3724
f 3726/3726/3726 3648/3648/3648 3725/3725/3725
f 3727/3727/3727 3649/3649/3649 3726/3726/3726
f 3732/3732/3732 3652/3652/3652 3731/3731/3731
f 3733/3733/3733 3653/3653/3653 3732/3732/3732
f 3737/3737/3737 3657/3657/3657 3736/3736/3736
f 3738/3738/3738 3658/3658/3658 3737/3737/3737
f 3739/3739/3739 3659/3659/3659 3738/3738/3738
f 3742/3742/3742 3662/3662/3662 3741/3741/3741
f 3749/3749/3749 3669/3669/3669 3748/3748/3748
f 3753/3753/3753 3675/3675/3675 3752/3752/3752
f 3754/3754/3754 3676/3676/3676 3753/3753/3753
f 3758/3758/3758 3681/3681/3681 3757/3757/3757
f 3761/3761/3761 3692/3692/3692 3760/3760/3760
f 3768/3768/3768 3701/3701/3701 3767/3767/3767
f 3769/3769/3769 3702/3702/3702 3768/3768/3768
f 3775/3775/3775 3707/3707/3707 3774/3774/3774
f 3779/3779/3779 3711/3711/3711 3778/3778/3778
f 3780/3780/3780 3712/3712/3712 3779/3779/3779
f 3781/3781/3781 3713/3713/3713 3780/3780/3780
f 3782/3782/3782 3714/3714/3714 3781/3781/3781
f 3783/3783/3783 3715/3715/3715 3782/3782/3782
f 3784/3784/3784 3716/3716/3716 3783/3783/3783
f 3785/3785/3785 3717/3717/3717 3784/3784/3784
f 3786/3786/3786 3718/3718/3718 3785/3785/3785
f 3787/3787/3787 3719/3719/3719 3786/3786/3786
f 3792/3792/3792 3723/3723/3723 3791/3791/3791
f 3793/3793/3793 3724/3724/3724 3792/3792/3792
f 3795/3795/3795 3726/3726/3726 3794/3794/3794
f 3796/3796/3796 3727/3727/3727 3795/3795/3795
f 3799/3799/3799 3730/3730/3730 3798/3798/3798
f 3800/3800/3800 3731/3731/3731 3799/3799/3799
f 3803/3803/3803 3734/3734/3734 3802/3802/3802
f 3804/3804/3804 3735/3735/3735 3803/3803/3803
f 3805/3805/3805 3736/3736/3736 3804/3804/3804
f 3813/3813/3813 3743/3743/3743 3812/3812/3812
f 3818/3818/3818 3748/3748/3748 3817/3817/3817
f 3821/3821/3821 3752/3752/3752 3820/3820/3820
f 3825/3825/3825 3759/3759/3759 3824/3824/3824
f 3827/3827/3827 3762/3762/3762 3826/3826/3826
f 3829/3829/3829 3766/3766/3766 3828/3828/3828
f 3831/3831/3831 3768/3768/3768 3830/3830/3830
f 3832/3832/3832 3769/3769/3769 3831/3831/3831
f 3841/3841/3841 3773/3773/3773 3840/3840/3840
f 3847/3847/3847 3779/3779/3779 3846/3846/3846
f 3848/3848/3848 3780/3780/3780 3847/3847/3847
f 3849/3849/3849 3781/3781/3781 3848/3848/3848
f 3850/3850/3850 3782/3782/3782 3849/3849/3849
f 3851/3851/3851 3783/3783/3783 3850/3850/3850
f 3852/3852/3852 3784/3784/3784 3851/3851/3851
f 3853/3853/3853 3785/3785/3785 3852/3852/3852
f 3854/3854/3854 3786/3786/3786 3853/3853/3853
f 3855/3855/3855 3787/3787/3787 3854/3854/3854
f 3856/3856/3856 3788/3788/3788 3855/3855/3855
f 3858/3858/3858 3790/3790/3790 3857/3857/3857
f 3860/3860/3860 3792/3792/3792 3859/3859/3859
f 3861/3861/3861 3793/3793/3793 3860/3860/3860
f 3862/3862/3862 3794/3794/3794 3861/3861/3861
f 3863/3863/3863 3795/3795/3795 3862/3862/3862
f 3864/3864/3864 3796/3796/3796 3863/3863/3863
f 3865/3865/3865 3797/3797/3797 3864/3864/3864
f 3870/3870/3870 3802/3802/3802 3869/3869/3869
f 3871/3871/3871 3803/3803/3803 3870/3870/3870
f 3872/3872/3872 3804/3804/3804 3871/3871/3871
f 3875/3875/3875 3807/3807/3807 3874/3874/3874
f 3876/3876/3876 3808/3808/3808 3875/3875/3875
f 3879/3879/3879 3811/3811/3811 3878/3878/3878
f 3884/3884/3884 3816/3816/3816 3883/3883/3883
f 3889/3889/3889 3828/3828/3828 3888/3888/3888
f 3890/3890/3890 3829/3829/3829 3889/3889/3889
f 3896/3896/3896 3835/3835/3835 3895/3895/3895
f 3900/3900/3900 3839/3839/3839 3899/3899/3899
f 3901/3901/3901 3840/3840/3840 3900/3900/3900
f 3907/3907/3907 3848/3848/3848 3906/3906/3906
f 3908/3908/3908 3849/3849/3849 3907/3907/3907
f 3909/3909/3909 3850/3850/3850 3908/3908/3908
f 3910/3910/3910 3851/3851/3851 3909/3909/3909
f 3911/3911/3911 3852/3852/3852 3910/3910/3910
f 3912/3912/3912 3853/3853/3853 3911/3911/3911
f 3913/3913/3913 3854/3854/3854 3912/3912/3912
f 3914/3914/3914 3855/3855/3855 3913/3913/3913
f 3915/3915/3915 3856/3856/3856 3914/3914/3914
f 3916/3916/3916 3857/3857/3857 3915/3915/3915
f 3917/3917/3917 3858/3858/3858 3916/3916/3916
f 3918/3918/3918 3859/3859/3859 3917/3917/3917
f 3919/3919/3919 3860/3860/3860 3918/3918/3918
f 3920/3920/3920 3861/3861/3861 3919/3919/3919
f 3921/3921/3921 3862/3862/3862 3920/3920/3920
f 3922/3922/3922 3863/3863/3863 3921/3921/3921
f 3923/3923/3923 3864/3864/3864 3922/3922/3922
f 3930/3930/3930 3871/3871/3871 3929/3929/3929
f 3931/3931/3931 3872/3872/3872 3930/3930/3930
f 3932/3932/3932 3873/3873/3873 3931/3931/3931
f 3933/3933/3933 3874/3874/3874 3932/3932/3932
f 3937/3937/3937 3878/3878/3878 3936/3936/3936
f 3941/3941/3941 3882/3882/3882 3940/3940/3940
f 3947/3947/3947 3889/3889/3889 3946/3946/3946
f 51/51/51 13/13/13 49/49/49
f 53/53/53 15/15/15 51/51/51
f 52/52/52 18/18/18 54/54/54
f 54/54/54 20/20/20 56/56/56
f 56/56/56 22/22/22 58/58/58
f 65/65/65 24/24/24 60/60/60
f 63/63/63 30/30/30 66/66/66
f 72/72/72 28/28/28 64/64/64
f 73/73/73 47/47/47 83/83/83
f 82/82/82 50/50/50 86/86/86
f 87/87/87 49/49/49 85/85/85
f 89/89/89 51/51/51 87/87/87
f 90/90/90 56/56/56 92/92/92
f 92/92/92 58/58/58 94/94/94
f 97/97/97 57/57/57 93/93/93
f 101/101/101 60/60/60 96/96/96
f 99/99/99 66/66/66 102/102/102
f 108/108/108 64/64/64 100/100/100
f 109/109/109 83/83/83 119/119/119
f 118/118/118 86/86/86 122/122/122
f 125/125/125 87/87/87 123/123/123
f 124/124/124 90/90/90 126/126/126
f 134/134/134 93/93/93 130/130/130
f 138/138/138 96/96/96 133/133/133
f 145/145/145 100/100/100 137/137/137
f 159/159/159 124/124/124 162/162/162
f 162/162/162 126/126/126 164/164/164
f 165/165/165 125/125/125 163/163/163
f 168/168/168 127/127/127 165/165/165
f 171/171/171 129/129/129 167/167/167
f 182/182/182 137/137/137 174/174/174
f 194/194/194 154/154/154 191/191/191
f 195/195/195 162/162/162 198/198/198
f 198/198/198 164/164/164 201/201/201
f 205/205/205 165/165/165 202/202/202
f 208/208/208 167/167/167 204/204/204
f 207/207/207 172/172/172 209/209/209
f 212/212/212 171/171/171 208/208/208
f 219/219/219 174/174/174 211/211/211
f 232/232/232 191/191/191 229/229/229
f 235/235/235 194/194/194 232/232/232
f 237/237/237 201/201/201 241/241/241
f 246/246/246 202/202/202 242/242/242
f 254/254/254 208/208/208 250/250/250
f 277/277/277 232/232/232 273/273/273
f 280/280/280 235/235/235 277/277/277
f 279/279/279 240/240/240 282/282/282
f 284/284/284 239/239/239 281/281/281
f 302/302/302 253/253/253 294/294/294
f 314/314/314 271/271/271 312/312/312
f 313/313/313 276/276/276 317/317/317
f 318/318/318 274/274/274 315/315/315
f 325/325/325 281/281/281 321/321/321
f 329/329/329 284/284/284 325/325/325
f 327/327/327 289/289/289 330/330/330
f 332/332/332 287/287/287 328/328/328
f 342/342/342 294/294/294 335/335/335
f 343/343/343 313/313/313 354/354/354
f 356/356/356 312/312/312 352/352/352
f 359/359/359 315/315/315 357/357/357
f 358/358/358 320/320/320 360/360/360
f 364/364/364 321/321/321 361/361/361
f 362/362/362 326/326/326 365/365/365
f 367/367/367 324/324/324 363/363/363
f 374/374/374 332/332/332 370/370/370
f 372/372/372 337/337/337 375/375/375
f 400/400/400 353/353/353 397/397/397
f 398/398/398 358/358/358 402/402/402
f 402/402/402 360/360/360 405/405/405
f 406/406/406 359/359/359 403/403/403
f 405/405/405 362/362/362 407/407/407
f 407/407/407 365/365/365 410/410/410
f 416/416/416 367/367/367 412/412/412
f 415/415/415 371/371/371 417/417/417
f 420/420/420 370/370/370 416/416/416
f 426/426/426 373/373/373 419/419/419
f 440/440/440 384/384/384 433/433/433
f 442/442/442 386/386/386 435/435/435
f 448/448/448 397/397/397 445/445/445
f 447/447/447 402/402/402 451/451/451
f 451/451/451 405/405/405 455/455/455
f 459/459/459 410/410/410 463/463/463
f 464/464/464 414/414/414 468/468/468
f 469/469/469 417/417/417 474/474/474
f 475/475/475 421/421/421 480/480/480
f 482/482/482 427/427/427 488/488/488
f 504/504/504 436/436/436 499/499/499
f 509/509/509 445/445/445 506/506/506
f 507/507/507 450/450/450 512/512/512
f 512/512/512 454/454/454 515/515/515
f 515/515/515 458/458/458 518/518/518
f 518/518/518 462/462/462 521/521/521
f 522/522/522 467/467/467 526/526/526
f 526/526/526 472/472/472 529/529/529
f 530/530/530 478/478/478 534/534/534
f 536/536/536 486/486/486 541/541/541
f 565/565/565 500/500/500 561/561/561
f 569/569/569 506/506/506 566/566/566
f 573/573/573 510/510/510 570/570/570
f 576/576/576 513/513/513 573/573/573
f 575/575/575 517/517/517 578/578/578
f 579/579/579 521/521/521 583/583/583
f 583/583/583 525/525/525 586/586/586
f 587/587/587 529/529/529 591/591/591
f 591/591/591 533/533/533 594/594/594
f 596/596/596 540/540/540 601/601/601
f 602/602/602 548/548/548 606/606/606
f 632/632/632 566/566/566 627/627/627
f 637/637/637 570/570/570 633/633/633
f 641/641/641 574/574/574 638/638/638
f 643/643/643 582/582/582 647/647/647
f 648/648/648 586/586/586 651/651/651
f 651/651/651 590/590/590 654/654/654
f 655/655/655 594/594/594 659/659/659
f 660/660/660 600/600/600 665/665/665
f 698/698/698 622/622/622 693/693/693
f 707/707/707 634/634/634 704/704/704
f 706/706/706 640/640/640 709/709/709
f 710/710/710 639/639/639 708/708/708
f 709/709/709 643/643/643 711/711/711
f 711/711/711 647/647/647 715/715/715
f 716/716/716 651/651/651 721/721/721
f 722/722/722 650/650/650 717/717/717
f 721/721/721 654/654/654 724/724/724
f 724/724/724 658/658/658 727/727/727
f 728/728/728 664/664/664 731/731/731
f 734/734/734 671/671/671 738/738/738
f 739/739/739 679/679/679 744/744/744
f 752/752/752 697/697/697 765/765/765
f 767/767/767 694/694/694 762/762/762
f 771/771/771 701/701/701 769/769/769
f 770/770/770 706/706/706 773/773/773
f 774/774/774 705/705/705 772/772/772
f 773/773/773 709/709/709 775/775/775
f 775/775/775 711/711/711 778/778/778
f 785/785/785 723/723/723 788/788/788
f 790/790/790 722/722/722 786/786/786
f 789/789/789 727/727/727 793/793/793
f 794/794/794 731/731/731 799/799/799
f 801/801/801 737/737/737 806/806/806
f 807/807/807 743/743/743 811/811/811
f 813/813/813 750/750/750 819/819/819
f 837/837/837 762/762/762 832/832/832
f 833/833/833 770/770/770 840/840/840
f 852/852/852 774/774/774 848/848/848
f 859/859/859 779/779/779 856/856/856
f 858/858/858 784/784/784 860/860/860
f 861/861/861 788/788/788 863/863/863
f 863/863/863 792/792/792 865/865/865
f 866/866/866 798/798/798 869/869/869
f 871/871/871 805/805/805 874/874/874
f 956/956/956 852/852/852 953/953/953
f 955/955/955 857/857/857 958/958/958
f 960/960/960 856/856/856 956/956/956
f 959/959/959 860/860/860 961/961/961
f 962/962/962 863/863/863 965/965/965
f 967/967/967 862/862/862 963/963/963
f 973/973/973 864/864/864 967/967/967
f 982/982/982 867/867/867 972/972/972
f 979/979/979 874/874/874 986/986/986
f 992/992/992 872/872/872 981/981/981
f 988/988/988 879/879/879 997/997/997
f 1004/1004/1004 877/877/877 991/991/991
f 1070/1070/1070 892/892/892 1063/1063/1063
f 1068/1068/1068 897/897/897 1079/1079/1079
f 1092/1092/1092 897/897/897 1079/1079/1079
f 1091/1091/1091 902/902/902 1108/1108/1108
f 1109/1109/1109 901/901/901 1093/1093/1093
f 1108/1108/1108 905/905/905 1124/1124/1124
f 1125/1125/1125 904/904/904 1109/1109/1109
f 1129/1129/1129 922/922/922 1144/1144/1144
f 1139/1139/1139 931/931/931 1152/1152/1152
f 1144/1144/1144 936/936/936 1160/1160/1160
f 1161/1161/1161 923/923/923 1145/1145/1145
f 1163/1163/1163 925/925/925 1147/1147/1147
f 1160/1160/1160 944/944/944 1171/1171/1171
f 1181/1181/1181 954/954/954 1189/1189/1189
f 1189/1189/1189 957/957/957 1199/1199/1199
f 1214/1214/1214 960/960/960 1203/1203/1203
f 1212/1212/1212 964/964/964 1223/1223/1223
f 1226/1226/1226 963/963/963 1214/1214/1214
f 1224/1224/1224 970/970/970 1236/1236/1236
f 1239/1239/1239 966/966/966 1225/1225/1225
f 1253/1253/1253 972/972/972 1239/1239/1239
f 1266/1266/1266 980/980/980 1251/1251/1251
f 1261/1261/1261 993/993/993 1275/1275/1275
f 1263/1263/1263 996/996/996 1277/1277/1277
f 1283/1283/1283 989/989/989 1264/1264/1264
f 1285/1285/1285 991/991/991 1266/1266/1266
f 1276/1276/1276 1005/1005/1005 1295/1295/1295
f 1432/1432/1432 1009/1009/1009 1409/1409/1409
f 1457/1457/1457 1017/1017/1017 1437/1437/1437
f 1453/1453/1453 1027/1027/1027 1471/1471/1471
f 1475/1475/1475 1026/1026/1026 1458/1458/1458
f 1474/1474/1474 1035/1035/1035 1486/1486/1486
f 1491/1491/1491 1034/1034/1034 1475/1475/1475
f 1490/1490/1490 1041/1041/1041 1505/1505/1505
f 1550/1550/1550 1044/1044/1044 1530/1530/1530
f 1571/1571/1571 1048/1048/1048 1551/1551/1551
f 1570/1570/1570 1053/1053/1053 1588/1588/1588
f 1589/1589/1589 1052/1052/1052 1571/1571/1571
f 1659/1659/1659 1075/1075/1075 1642/1642/1642
f 1698/1698/1698 1100/1100/1100 1674/1674/1674
f 1711/1711/1711 1104/1104/1104 1687/1687/1687
f 1713/1713/1713 1149/1149/1149 1743/1743/1743
f 1745/1745/1745 1138/1138/1138 1720/1720/1720
f 1786/1786/1786 1177/1177/1177 1807/1807/1807
f 1808/1808/1808 1186/1186/1186 1830/1830/1830
f 1832/1832/1832 1198/1198/1198 1853/1853/1853
f 1864/1864/1864 1193/1193/1193 1842/1842/1842
f 1854/1854/1854 1210/1210/1210 1872/1872/1872
f 1873/1873/1873 1222/1222/1222 1884/1884/1884
f 1887/1887/1887 1213/1213/1213 1874/1874/1874
f 1886/1886/1886 1236/1236/1236 1897/1897/1897
f 1901/1901/1901 1225/1225/1225 1887/1887/1887
f 1898/1898/1898 1248/1248/1248 1909/1909/1909
f 1914/1914/1914 1238/1238/1238 1900/1900/1900
f 1911/1911/1911 1262/1262/1262 1926/1926/1926
f 1927/1927/1927 1277/1277/1277 1943/1943/1943
f 1944/1944/1944 1299/1299/1299 1966/1966/1966
f 1954/1954/1954 1302/1302/1302 1977/1977/1977
f 1983/1983/1983 1298/1298/1298 1959/1959/1959
f 1978/1978/1978 1319/1319/1319 2003/2003/2003
f 2009/2009/2009 1318/1318/1318 1986/1986/1986
f 2041/2041/2041 1340/1340/1340 2014/2014/2014
f 2067/2067/2067 1364/1364/1364 2042/2042/2042
f 2053/2053/2053 1393/1393/1393 2078/2078/2078
f 2070/2070/2070 1418/1418/1418 2097/2097/2097
f 2079/2079/2079 1420/1420/1420 2105/2105/2105
f 2092/2092/2092 1428/1428/1428 2118/2118/2118
f 2119/2119/2119 1417/1417/1417 2093/2093/2093
f 2105/2105/2105 1442/1442/1442 2131/2131/2131
f 2118/2118/2118 1450/1450/1450 2147/2147/2147
f 2148/2148/2148 1441/1441/1441 2120/2120/2120
f 2133/2133/2133 1462/1462/1462 2158/2158/2158
f 2145/2145/2145 1466/1466/1466 2173/2173/2173
f 2147/2147/2147 1468/1468/1468 2175/2175/2175
f 2176/2176/2176 1481/1481/1481 2203/2203/2203
f 2205/2205/2205 1478/1478/1478 2177/2177/2177
f 2190/2190/2190 1495/1495/1495 2220/2220/2220
f 2204/2204/2204 1497/1497/1497 2235/2235/2235
f 2283/2283/2283 1512/1512/1512 2252/2252/2252
f 2266/2266/2266 1534/1534/1534 2296/2296/2296
f 2301/2301/2301 1527/1527/1527 2268/2268/2268
f 2298/2298/2298 1556/1556/1556 2328/2328/2328
f 2300/2300/2300 1558/1558/1558 2330/2330/2330
f 2356/2356/2356 1594/1594/1594 2382/2382/2382
f 2384/2384/2384 1578/1578/1578 2358/2358/2358
f 2359/2359/2359 1599/1599/1599 2385/2385/2385
f 2389/2389/2389 1584/1584/1584 2360/2360/2360
f 2383/2383/2383 1612/1612/1612 2412/2412/2412
f 2414/2414/2414 1598/1598/1598 2384/2384/2384
f 2388/2388/2388 1617/1617/1617 2418/2418/2418
f 2419/2419/2419 1604/1604/1604 2389/2389/2389
f 2413/2413/2413 1629/1629/1629 2445/2445/2445
f 2451/2451/2451 1622/1622/1622 2422/2422/2422
f 2450/2450/2450 1648/1648/1648 2479/2479/2479
f 2480/2480/2480 1638/1638/1638 2451/2451/2451
f 2501/2501/2501 1647/1647/1647 2475/2475/2475
f 2506/2506/2506 1655/1655/1655 2481/2481/2481
f 2526/2526/2526 1678/1678/1678 2508/2508/2508
f 2530/2530/2530 1681/1681/1681 2513/2513/2513
f 2538/2538/2538 1744/1744/1744 2576/2576/2576
f 2578/2578/2578 1722/1722/1722 2546/2546/2546
f 2548/2548/2548 1751/1751/1751 2583/2583/2583
f 2584/2584/2584 1727/1727/1727 2552/2552/2552
f 2594/2594/2594 1733/1733/1733 2564/2564/2564
f 2598/2598/2598 1749/1749/1749 2580/2580/2580
f 2590/2590/2590 1782/1782/1782 2603/2603/2603
f 2597/2597/2597 1785/1785/1785 2610/2610/2610
f 2632/2632/2632 1804/1804/1804 2617/2617/2617
f 2631/2631/2631 1835/1835/1835 2648/2648/2648
f 2639/2639/2639 1849/1849/1849 2657/2657/2657
f 2660/2660/2660 1833/1833/1833 2641/2641/2641
f 2649/2649/2649 1858/1858/1858 2668/2668/2668
f 2659/2659/2659 1869/1869/1869 2680/2680/2680
f 2668/2668/2668 1876/1876/1876 2689/2689/2689
f 2682/2682/2682 1882/1882/1882 2703/2703/2703
f 2704/2704/2704 1894/1894/1894 2726/2726/2726
f 2727/2727/2727 1906/1906/1906 2744/2744/2744
f 2747/2747/2747 1899/1899/1899 2728/2728/2728
f 2736/2736/2736 1915/1915/1915 2754/2754/2754
f 2764/2764/2764 1912/1912/1912 2746/2746/2746
f 2813/2813/2813 1973/1973/1973 2795/2795/2795
f 2832/2832/2832 1998/1998/1998 2814/2814/2814
f 2819/2819/2819 2023/2023/2023 2837/2837/2837
f 2849/2849/2849 2022/2022/2022 2833/2833/2833
f 2838/2838/2838 2050/2050/2050 2854/2854/2854
f 2855/2855/2855 2029/2029/2029 2840/2840/2840
f 2863/2863/2863 2101/2101/2101 2877/2877/2877
f 2866/2866/2866 2110/2110/2110 2880/2880/2880
f 2877/2877/2877 2127/2127/2127 2894/2894/2894
f 2881/2881/2881 2140/2140/2140 2899/2899/2899
f 2895/2895/2895 2153/2153/2153 2908/2908/2908
f 2919/2919/2919 2152/2152/2152 2900/2900/2900
f 2911/2911/2911 2185/2185/2185 2929/2929/2929
f 2931/2931/2931 2166/2166/2166 2913/2913/2913
f 2918/2918/2918 2198/2198/2198 2936/2936/2936
f 2926/2926/2926 2211/2211/2211 2945/2945/2945
f 2947/2947/2947 2184/2184/2184 2927/2927/2927
f 2930/2930/2930 2216/2216/2216 2950/2950/2950
f 2951/2951/2951 2197/2197/2197 2934/2934/2934
f 2964/2964/2964 2211/2211/2211 2945/2945/2945
f 2966/2966/2966 2214/2214/2214 2948/2948/2948
f 2968/2968/2968 2240/2240/2240 2954/2954/2954
f 2977/2977/2977 2272/2272/2272 2968/2968/2968
f 2976/2976/2976 2306/2306/2306 2985/2985/2985
f 2989/2989/2989 2305/2305/2305 2977/2977/2977
f 2986/2986/2986 2339/2339/2339 2998/2998/2998
f 2988/2988/2988 2366/2366/2366 3001/3001/3001
f 2999/2999/2999 2368/2368/2368 3012/3012/3012
f 3026/3026/3026 2394/2394/2394 3013/3013/3013
f 3044/3044/3044 2425/2425/2425 3027/3027/3027
f 3049/3049/3049 2427/2427/2427 3032/3032/3032
f 3043/3043/3043 2468/2468/2468 3060/3060/3060
f 3061/3061/3061 2455/2455/2455 3045/3045/3045
f 3063/3063/3063 2461/2461/2461 3051/3051/3051
f 3071/3071/3071 2518/2518/2518 3078/3078/3078
f 3106/3106/3106 2537/2537/2537 3084/3084/3084
f 3085/3085/3085 2577/2577/2577 3120/3120/3120
f 3123/3123/3123 2547/2547/2547 3093/3093/3093
f 3132/3132/3132 2564/2564/2564 3107/3107/3107
f 3152/3152/3152 2611/2611/2611 3143/3143/3143
f 3167/3167/3167 2629/2629/2629 3156/3156/3156
f 3159/3159/3159 2647/2647/2647 3170/3170/3170
f 3162/3162/3162 2653/2653/2653 3173/3173/3173
f 3166/3166/3166 2662/2662/2662 3176/3176/3176
f 3178/3178/3178 2646/2646/2646 3169/3169/3169
f 3180/3180/3180 2651/2651/2651 3171/3171/3171
f 3177/3177/3177 2684/2684/2684 3184/3184/3184
f 3193/3193/3193 2683/2683/2683 3182/3182/3182
f 3188/3188/3188 2715/2715/2715 3199/3199/3199
f 3190/3190/3190 2719/2719/2719 3203/3203/3203
f 3207/3207/3207 2705/2705/2705 3191/3191/3191
f 3192/3192/3192 2729/2729/2729 3208/3208/3208
f 3210/3210/3210 2708/2708/2708 3194/3194/3194
f 3200/3200/3200 2737/2737/2737 3216/3216/3216
f 3206/3206/3206 2739/2739/2739 3222/3222/3222
f 3209/3209/3209 2748/2748/2748 3226/3226/3226
f 3216/3216/3216 2755/2755/2755 3232/3232/3232
f 3240/3240/3240 2747/2747/2747 3224/3224/3224
f 3272/3272/3272 2805/2805/2805 3267/3267/3267
f 3277/3277/3277 2905/2905/2905 3281/3281/3281
f 3292/3292/3292 2940/2940/2940 3287/3287/3287
f 3298/3298/3298 3006/3006/3006 3296/3296/3296
f 3309/3309/3309 3121/3121/3121 3343/3343/3343
f 3330/3330/3330 3134/3134/3134 3363/3363/3363
f 3364/3364/3364 3124/3124/3124 3351/3351/3351
f 3369/3369/3369 3135/3135/3135 3364/3364/3364
f 3397/3397/3397 3305/3305/3305 3377/3377/3377
f 3402/3402/3402 3308/3308/3308 3382/3382/3382
f 3465/3465/3465 3378/3378/3378 3441/3441/3441
f 3468/3468/3468 3383/3383/3383 3447/3447/3447
f 3500/3500/3500 3434/3434/3434 3497/3497/3497
f 3532/3532/3532 3495/3495/3495 3556/3556/3556
f 3587/3587/3587 3552/3552/3552 3620/3620/3620
f 3599/3599/3599 3557/3557/3557 3626/3626/3626
f 3635/3635/3635 3559/3559/3559 3631/3631/3631
f 3672/3672/3672 3572/3572/3572 3645/3645/3645
f 3679/3679/3679 3577/3577/3577 3651/3651/3651
f 3684/3684/3684 3579/3579/3579 3654/3654/3654
f 3664/3664/3664 3621/3621/3621 3696/3696/3696
f 3697/3697/3697 3597/3597/3597 3673/3673/3673
f 3694/3694/3694 3629/3629/3629 3703/3703/3703
f 3710/3710/3710 3631/3631/3631 3706/3706/3706
f 3750/3750/3750 3646/3646/3646 3721/3721/3721
f 3755/3755/3755 3651/3651/3651 3728/3728/3728
f 3759/3759/3759 3663/3663/3663 3742/3742/3742
f 3764/3764/3764 3674/3674/3674 3751/3751/3751
f 3762/3762/3762 3704/3704/3704 3770/3770/3770
f 3819/3819/3819 3722/3722/3722 3789/3789/3789
f 3822/3822/3822 3729/3729/3729 3797/3797/3797
f 3844/3844/3844 3772/3772/3772 3836/3836/3836
f 3887/3887/3887 3832/3832/3832 3892/3892/3892
f 3893/3893/3893 3830/3830/3830 3890/3890/3890
f 3904/3904/3904 3838/3838/3838 3898/3898/3898
f 3942/3942/3942 3877/3877/3877 3935/3935/3935
f 3936/3936/3936 3887/3887/3887 3944/3944/3944
f 3945/3945/3945 3886/3886/3886 3943/3943/3943
f 134/134/134 130/130/130 129/129/129
f 240/240/240 236/236/236 237/237/237
f 277/277/277 273/273/273 274/274/274
f 280/280/280 277/277/277 278/278/278
f 320/320/320 317/317/317 316/316/316
f 329/329/329 325/325/325 324/324/324
f 355/355/355 344/344/344 343/343/343
f 356/356/356 352/352/352 353/353/353
f 391/391/391 383/383/383 384/384/384
f 427/427/427 423/423/423 424/424/424
f 442/442/442 435/435/435 436/436/436
f 462/462/462 458/458/458 459/459/459
f 467/467/467 463/463/463 464/464/464
f 472/472/472 467/467/467 468/468/468
f 473/473/473 468/468/468 469/469/469
f 478/478/478 473/473/473 474/474/474
f 479/479/479 474/474/474 475/475/475
f 486/486/486 480/480/480 481/481/481
f 487/487/487 481/481/481 482/482/482
f 504/504/504 499/499/499 500/500/500
f 517/517/517 514/514/514 515/515/515
f 525/525/525 521/521/521 522/522/522
f 533/533/533 529/529/529 530/530/530
f 540/540/540 535/535/535 536/536/536
f 548/548/548 541/541/541 542/542/542
f 550/550/550 543/543/543 544/544/544
f 576/576/576 573/573/573 574/574/574
f 582/582/582 578/578/578 579/579/579
f 590/590/590 586/586/586 587/587/587
f 600/600/600 595/595/595 596/596/596
f 632/632/632 627/627/627 628/628/628
f 633/633/633 628/628/628 629/629/629
f 637/637/637 633/633/633 634/634/634
f 641/641/641 638/638/638 639/639/639
f 652/652/652 649/649/649 650/650/650
f 658/658/658 654/654/654 655/655/655
f 664/664/664 659/659/659 660/660/660
f 679/679/679 672/672/672 673/673/673
f 681/681/681 674/674/674 675/675/675
f 698/698/698 693/693/693 694/694/694
f 707/707/707 704/704/704 705/705/705
f 719/719/719 714/714/714 715/715/715
f 720/720/720 715/715/715 716/716/716
f 723/723/723 720/720/720 721/721/721
f 737/737/737 733/733/733 734/734/734
f 743/743/743 738/738/738 739/739/739
f 750/750/750 745/745/745 746/746/746
f 766/766/766 753/753/753 752/752/752
f 792/792/792 788/788/788 789/789/789
f 798/798/798 793/793/793 794/794/794
f 805/805/805 800/800/800 801/801/801
f 821/821/821 815/815/815 814/814/814
f 841/841/841 834/834/834 833/833/833
f 849/849/849 844/844/844 845/845/845
f 853/853/853 849/849/849 850/850/850
f 857/857/857 853/853/853 854/854/854
f 889/889/889 883/883/883 882/882/882
f 903/903/903 900/900/900 901/901/901
f 905/905/905 902/902/902 903/903/903
f 906/906/906 903/903/903 904/904/904
f 922/922/922 908/908/908 909/909/909
f 931/931/931 918/918/918 917/917/917
f 936/936/936 922/922/922 923/923/923
f 938/938/938 924/924/924 925/925/925
f 944/944/944 936/936/936 937/937/937
f 951/951/951 945/945/945 946/946/946
f 954/954/954 951/951/951 952/952/952
f 957/957/957 954/954/954 955/955/955
f 964/964/964 961/961/961 962/962/962
f 973/973/973 967/967/967 966/966/966
f 992/992/992 981/981/981 980/980/980
f 993/993/993 983/983/983 984/984/984
f 996/996/996 987/987/987 988/988/988
f 1003/1003/1003 990/990/990 989/989/989
f 1011/1011/1011 1008/1008/1008 1009/1009/1009
f 1022/1022/1022 1014/1014/1014 1015/1015/1015
f 1023/1023/1023 1015/1015/1015 1016/1016/1016
f 1024/1024/1024 1016/1016/1016 1017/1017/1017
f 1029/1029/1029 1021/1021/1021 1022/1022/1022
f 1033/1033/1033 1025/1025/1025 1026/1026/1026
f 1035/1035/1035 1029/1029/1029 1030/1030/1030
f 1036/1036/1036 1030/1030/1030 1031/1031/1031
f 1038/1038/1038 1032/1032/1032 1033/1033/1033
f 1041/1041/1041 1039/1039/1039 1040/1040/1040
f 1046/1046/1046 1043/1043/1043 1044/1044/1044
f 1050/1050/1050 1046/1046/1046 1047/1047/1047
f 1051/1051/1051 1047/1047/1047 1048/1048/1048
f 1054/1054/1054 1050/1050/1050 1051/1051/1051
f 1055/1055/1055 1051/1051/1051 1052/1052/1052
f 1064/1064/1064 1057/1057/1057 1058/1058/1058
f 1071/1071/1071 1064/1064/1064 1065/1065/1065
f 1077/1077/1077 1066/1066/1066 1067/1067/1067
f 1078/1078/1078 1067/1067/1067 1068/1068/1068
f 1081/1081/1081 1070/1070/1070 1071/1071/1071
f 1082/1082/1082 1071/1071/1071 1072/1072/1072
f 1086/1086/1086 1074/1074/1074 1075/1075/1075
f 1090/1090/1090 1077/1077/1077 1078/1078/1078
f 1092/1092/1092 1079/1079/1079 1080/1080/1080
f 1093/1093/1093 1080/1080/1080 1081/1081/1081
f 1094/1094/1094 1081/1081/1081 1082/1082/1082
f 1103/1103/1103 1086/1086/1086 1087/1087/1087
f 1104/1104/1104 1087/1087/1087 1088/1088/1088
f 1106/1106/1106 1089/1089/1089 1090/1090/1090
f 1109/1109/1109 1093/1093/1093 1094/1094/1094
f 1115/1115/1115 1099/1099/1099 1100/1100/1100
f 1123/1123/1123 1107/1107/1107 1108/1108/1108
f 1125/1125/1125 1109/1109/1109 1110/1110/1110
f 1127/1127/1127 1111/1111/1111 1112/1112/1112
f 1150/1150/1150 1137/1137/1137 1138/1138/1138
f 1153/1153/1153 1140/1140/1140 1139/1139/1139
f 1159/1159/1159 1143/1143/1143 1144/1144/1144
f 1161/1161/1161 1145/1145/1145 1146/1146/1146
f 1169/1169/1169 1158/1158/1158 1159/1159/1159
f 1170/1170/1170 1159/1159/1159 1160/1160/1160
f 1177/1177/1177 1168/1168/1168 1169/1169/1169
f 1186/1186/1186 1178/1178/1178 1179/1179/1179
f 1187/1187/1187 1179/1179/1179 1180/1180/1180
f 1191/1191/1191 1183/1183/1183 1182/1182/1182
f 1198/1198/1198 1188/1188/1188 1189/1189/1189
f 1204/1204/1204 1192/1192/1192 1193/1193/1193
f 1210/1210/1210 1199/1199/1199 1200/1200/1200
f 1217/1217/1217 1205/1205/1205 1206/1206/1206
f 1218/1218/1218 1206/1206/1206 1207/1207/1207
f 1219/1219/1219 1207/1207/1207 1208/1208/1208
f 1222/1222/1222 1211/1211/1211 1212/1212/1212
f 1226/1226/1226 1214/1214/1214 1213/1213/1213
f 1230/1230/1230 1216/1216/1216 1217/1217/1217
f 1232/1232/1232 1218/1218/1218 1219/1219/1219
f 1233/1233/1233 1219/1219/1219 1220/1220/1220
f 1242/1242/1242 1229/1229/1229 1230/1230/1230
f 1243/1243/1243 1230/1230/1230 1231/1231/1231
f 1245/1245/1245 1232/1232/1232 1233/1233/1233
f 1253/1253/1253 1239/1239/1239 1238/1238/1238
f 1256/1256/1256 1241/1241/1241 1242/1242/1242
f 1257/1257/1257 1242/1242/1242 1243/1243/1243
f 1259/1259/1259 1244/1244/1244 1245/1245/1245
f 1269/1269/1269 1255/1255/1255 1256/1256/1256
f 1271/1271/1271 1257/1257/1257 1258/1258/1258
f 1273/1273/1273 1259/1259/1259 1260/1260/1260
f 1274/1274/1274 1260/1260/1260 1261/1261/1261
f 1285/1285/1285 1266/1266/1266 1265/1265/1265
f 1287/1287/1287 1268/1268/1268 1269/1269/1269
f 1288/1288/1288 1269/1269/1269 1270/1270/1270
f 1289/1289/1289 1270/1270/1270 1271/1271/1271
f 1290/1290/1290 1271/1271/1271 1272/1272/1272
f 1292/1292/1292 1273/1273/1273 1274/1274/1274
f 1294/1294/1294 1275/1275/1275 1276/1276/1276
f 1299/1299/1299 1278/1278/1278 1279/1279/1279
f 1302/1302/1302 1286/1286/1286 1287/1287/1287
f 1304/1304/1304 1288/1288/1288 1289/1289/1289
f 1306/1306/1306 1290/1290/1290 1291/1291/1291
f 1307/1307/1307 1291/1291/1291 1292/1292/1292
f 1308/1308/1308 1292/1292/1292 1293/1293/1293
f 1309/1309/1309 1293/1293/1293 1294/1294/1294
f 1311/1311/1311 1295/1295/1295 1296/1296/1296
f 1319/1319/1319 1303/1303/1303 1304/1304/1304
f 1321/1321/1321 1305/1305/1305 1306/1306/1306
f 1327/1327/1327 1311/1311/1311 1312/1312/1312
f 1332/1332/1332 1315/1315/1315 1316/1316/1316
f 1334/1334/1334 1317/1317/1317 1318/1318/1318
f 1341/1341/1341 1319/1319/1319 1320/1320/1320
f 1342/1342/1342 1320/1320/1320 1321/1321/1321
f 1344/1344/1344 1322/1322/1322 1323/1323/1323
f 1345/1345/1345 1323/1323/1323 1324/1324/1324
f 1347/1347/1347 1325/1325/1325 1326/1326/1326
f 1348/1348/1348 1326/1326/1326 1327/1327/1327
f 1353/1353/1353 1330/1330/1330 1331/1331/1331
f 1358/1358/1358 1335/1335/1335 1336/1336/1336
f 1362/1362/1362 1339/1339/1339 1340/1340/1340
f 1367/1367/1367 1343/1343/1343 1344/1344/1344
f 1368/1368/1368 1344/1344/1344 1345/1345/1345
f 1369/1369/1369 1345/1345/1345 1346/1346/1346
f 1371/1371/1371 1347/1347/1347 1348/1348/1348
f 1378/1378/1378 1352/1352/1352 1353/1353/1353
f 1379/1379/1379 1353/1353/1353 1354/1354/1354
f 1380/1380/1380 1354/1354/1354 1355/1355/1355
f 1382/1382/1382 1356/1356/1356 1357/1357/1357
f 1383/1383/1383 1357/1357/1357 1358/1358/1358
f 1384/1384/1384 1358/1358/1358 1359/1359/1359
f 1388/1388/1388 1362/1362/1362 1363/1363/1363
f 1389/1389/1389 1363/1363/1363 1364/1364/1364
f 1393/1393/1393 1365/1365/1365 1366/1366/1366
f 1395/1395/1395 1367/1367/1367 1368/1368/1368
f 1399/1399/1399 1371/1371/1371 1372/1372/1372
f 1400/1400/1400 1372/1372/1372 1373/1373/1373
f 1403/1403/1403 1375/1375/1375 1376/1376/1376
f 1405/1405/1405 1377/1377/1377 1378/1378/1378
f 1408/1408/1408 1380/1380/1380 1381/1381/1381
f 1411/1411/1411 1383/1383/1383 1384/1384/1384
f 1413/1413/1413 1385/1385/1385 1386/1386/1386
f 1414/1414/1414 1386/1386/1386 1387/1387/1387
f 1415/1415/1415 1387/1387/1387 1388/1388/1388
f 1420/1420/1420 1394/1394/1394 1395/1395/1395
f 1422/1422/1422 1396/1396/1396 1397/1397/1397
f 1424/1424/1424 1398/1398/1398 1399/1399/1399
f 1428/1428/1428 1404/1404/1404 1405/1405/1405
f 1432/1432/1432 1409/1409/1409 1410/1410/1410
f 1434/1434/1434 1411/1411/1411 1412/1412/1412
f 1435/1435/1435 1412/1412/1412 1413/1413/1413
f 1436/1436/1436 1413/1413/1413 1414/1414/1414
f 1439/1439/1439 1416/1416/1416 1417/1417/1417
f 1442/1442/1442 1420/1420/1420 1421/1421/1421
f 1443/1443/1443 1421/1421/1421 1422/1422/1422
f 1445/1445/1445 1423/1423/1423 1424/1424/1424
f 1450/1450/1450 1428/1428/1428 1429/1429/1429
f 1452/1452/1452 1430/1430/1430 1431/1431/1431
f 1457/1457/1457 1437/1437/1437 1438/1438/1438
f 1458/1458/1458 1438/1438/1438 1439/1439/1439
f 1460/1460/1460 1440/1440/1440 1441/1441/1441
f 1462/1462/1462 1444/1444/1444 1445/1445/1445
f 1468/1468/1468 1450/1450/1450 1451/1451/1451
f 1470/1470/1470 1452/1452/1452 1453/1453/1453
f 1473/1473/1473 1455/1455/1455 1456/1456/1456
f 1475/1475/1475 1458/1458/1458 1459/1459/1459
f 1477/1477/1477 1460/1460/1460 1461/1461/1461
f 1481/1481/1481 1469/1469/1469 1470/1470/1470
f 1483/1483/1483 1471/1471/1471 1472/1472/1472
f 1484/1484/1484 1472/1472/1472 1473/1473/1473
f 1485/1485/1485 1473/1473/1473 1474/1474/1474
f 1492/1492/1492 1476/1476/1476 1477/1477/1477
f 1495/1495/1495 1479/1479/1479 1480/1480/1480
f 1497/1497/1497 1482/1482/1482 1483/1483/1483
f 1498/1498/1498 1483/1483/1483 1484/1484/1484
f 1501/1501/1501 1486/1486/1486 1487/1487/1487
f 1502/1502/1502 1487/1487/1487 1488/1488/1488
f 1504/1504/1504 1489/1489/1489 1490/1490/1490
f 1507/1507/1507 1492/1492/1492 1493/1493/1493
f 1518/1518/1518 1499/1499/1499 1500/1500/1500
f 1521/1521/1521 1502/1502/1502 1503/1503/1503
f 1525/1525/1525 1506/1506/1506 1507/1507/1507
f 1532/1532/1532 1513/1513/1513 1514/1514/1514
f 1535/1535/1535 1516/1516/1516 1517/1517/1517
f 1541/1541/1541 1522/1522/1522 1523/1523/1523
f 1542/1542/1542 1523/1523/1523 1524/1524/1524
f 1544/1544/1544 1525/1525/1525 1526/1526/1526
f 1545/1545/1545 1526/1526/1526 1527/1527/1527
f 1550/1550/1550 1530/1530/1530 1531/1531/1531
f 1552/1552/1552 1532/1532/1532 1533/1533/1533
f 1558/1558/1558 1538/1538/1538 1539/1539/1539
f 1561/1561/1561 1541/1541/1541 1542/1542/1542
f 1562/1562/1562 1542/1542/1542 1543/1543/1543
f 1571/1571/1571 1551/1551/1551 1552/1552/1552
f 1577/1577/1577 1556/1556/1556 1557/1557/1557
f 1579/1579/1579 1558/1558/1558 1559/1559/1559
f 1580/1580/1580 1559/1559/1559 1560/1560/1560
f 1587/1587/1587 1569/1569/1569 1570/1570/1570
f 1589/1589/1589 1571/1571/1571 1572/1572/1572
f 1594/1594/1594 1574/1574/1574 1575/1575/1575
f 1595/1595/1595 1575/1575/1575 1576/1576/1576
f 1596/1596/1596 1576/1576/1576 1577/1577/1577
f 1599/1599/1599 1579/1579/1579 1580/1580/1580
f 1600/1600/1600 1580/1580/1580 1581/1581/1581
f 1601/1601/1601 1581/1581/1581 1582/1582/1582
f 1607/1607/1607 1586/1586/1586 1587/1587/1587
f 1610/1610/1610 1592/1592/1592 1593/1593/1593
f 1612/1612/1612 1595/1595/1595 1596/1596/1596
f 1618/1618/1618 1603/1603/1603 1604/1604/1604
f 1626/1626/1626 1606/1606/1606 1607/1607/1607
f 1629/1629/1629 1613/1613/1613 1614/1614/1614
f 1633/1633/1633 1617/1617/1617 1618/1618/1618
f 1635/1635/1635 1619/1619/1619 1620/1620/1620
f 1636/1636/1636 1620/1620/1620 1621/1621/1621
f 1637/1637/1637 1621/1621/1621 1622/1622/1622
f 1641/1641/1641 1624/1624/1624 1625/1625/1625
f 1642/1642/1642 1625/1625/1625 1626/1626/1626
f 1649/1649/1649 1633/1633/1633 1634/1634/1634
f 1650/1650/1650 1634/1634/1634 1635/1635/1635
f 1651/1651/1651 1635/1635/1635 1636/1636/1636
f 1653/1653/1653 1637/1637/1637 1638/1638/1638
f 1659/1659/1659 1642/1642/1642 1643/1643/1643
f 1664/1664/1664 1646/1646/1646 1647/1647/1647
f 1670/1670/1670 1649/1649/1649 1650/1650/1650
f 1673/1673/1673 1652/1652/1652 1653/1653/1653
f 1675/1675/1675 1654/1654/1654 1655/1655/1655
f 1691/1691/1691 1665/1665/1665 1666/1666/1666
f 1693/1693/1693 1667/1667/1667 1668/1668/1668
f 1694/1694/1694 1668/1668/1668 1669/1669/1669
f 1695/1695/1695 1669/1669/1669 1670/1670/1670
f 1698/1698/1698 1674/1674/1674 1675/1675/1675
f 1700/1700/1700 1676/1676/1676 1677/1677/1677
f 1704/1704/1704 1680/1680/1680 1681/1681/1681
f 1707/1707/1707 1683/1683/1683 1684/1684/1684
f 1744/1744/1744 1714/1714/1714 1713/1713/1713
f 1745/1745/1745 1720/1720/1720 1721/1721/1721
f 1746/1746/1746 1721/1721/1721 1722/1722/1722
f 1754/1754/1754 1726/1726/1726 1727/1727/1727
f 1759/1759/1759 1729/1729/1729 1730/1730/1730
f 1766/1766/1766 1734/1734/1734 1735/1735/1735
f 1772/1772/1772 1751/1751/1751 1752/1752/1752
f 1773/1773/1773 1752/1752/1752 1753/1753/1753
f 1776/1776/1776 1755/1755/1755 1756/1756/1756
f 1777/1777/1777 1756/1756/1756 1757/1757/1757
f 1779/1779/1779 1758/1758/1758 1759/1759/1759
f 1792/1792/1792 1772/1772/1772 1773/1773/1773
f 1793/1793/1793 1773/1773/1773 1774/1774/1774
f 1794/1794/1794 1774/1774/1774 1775/1775/1775
f 1797/1797/1797 1777/1777/1777 1778/1778/1778
f 1798/1798/1798 1778/1778/1778 1779/1779/1779
f 1806/1806/1806 1785/1785/1785 1786/1786/1786
f 1813/1813/1813 1791/1791/1791 1792/1792/1792
f 1817/1817/1817 1795/1795/1795 1796/1796/1796
f 1818/1818/1818 1796/1796/1796 1797/1797/1797
f 1821/1821/1821 1799/1799/1799 1800/1800/1800
f 1824/1824/1824 1802/1802/1802 1803/1803/1803
f 1825/1825/1825 1803/1803/1803 1804/1804/1804
f 1829/1829/1829 1807/1807/1807 1808/1808/1808
f 1835/1835/1835 1812/1812/1812 1813/1813/1813
f 1837/1837/1837 1814/1814/1814 1815/1815/1815
f 1838/1838/1838 1815/1815/1815 1816/1816/1816
f 1840/1840/1840 1817/1817/1817 1818/1818/1818
f 1841/1841/1841 1818/1818/1818 1819/1819/1819
f 1849/1849/1849 1828/1828/1828 1829/1829/1829
f 1851/1851/1851 1830/1830/1830 1831/1831/1831
f 1852/1852/1852 1831/1831/1831 1832/1832/1832
f 1858/1858/1858 1836/1836/1836 1837/1837/1837
f 1861/1861/1861 1839/1839/1839 1840/1840/1840
f 1869/1869/1869 1851/1851/1851 1852/1852/1852
f 1870/1870/1870 1852/1852/1852 1853/1853/1853
f 1871/1871/1871 1853/1853/1853 1854/1854/1854
f 1876/1876/1876 1858/1858/1858 1859/1859/1859
f 1878/1878/1878 1860/1860/1860 1861/1861/1861
f 1882/1882/1882 1871/1871/1871 1872/1872/1872
f 1883/1883/1883 1872/1872/1872 1873/1873/1873
f 1890/1890/1890 1877/1877/1877 1878/1878/1878
f 1894/1894/1894 1883/1883/1883 1884/1884/1884
f 1895/1895/1895 1884/1884/1884 1885/1885/1885
f 1896/1896/1896 1885/1885/1885 1886/1886/1886
f 1903/1903/1903 1889/1889/1889 1890/1890/1890
f 1906/1906/1906 1895/1895/1895 1896/1896/1896
f 1908/1908/1908 1897/1897/1897 1898/1898/1898
f 1914/1914/1914 1900/1900/1900 1899/1899/1899
f 1915/1915/1915 1902/1902/1902 1903/1903/1903
f 1922/1922/1922 1907/1907/1907 1908/1908/1908
f 1924/1924/1924 1909/1909/1909 1910/1910/1910
f 1925/1925/1925 1910/1910/1910 1911/1911/1911
f 1930/1930/1930 1913/1913/1913 1912/1912/1912
f 1931/1931/1931 1915/1915/1915 1916/1916/1916
f 1936/1936/1936 1920/1920/1920 1921/1921/1921
f 1938/1938/1938 1922/1922/1922 1923/1923/1923
f 1942/1942/1942 1926/1926/1926 1927/1927/1927
f 1949/1949/1949 1929/1929/1929 1930/1930/1930
f 1957/1957/1957 1935/1935/1935 1936/1936/1936
f 1958/1958/1958 1936/1936/1936 1937/1937/1937
f 1965/1965/1965 1943/1943/1943 1944/1944/1944
f 1969/1969/1969 1946/1946/1946 1947/1947/1947
f 1971/1971/1971 1948/1948/1948 1949/1949/1949
f 1972/1972/1972 1949/1949/1949 1950/1950/1950
f 1976/1976/1976 1953/1953/1953 1954/1954/1954
f 1980/1980/1980 1956/1956/1956 1957/1957/1957
f 1983/1983/1983 1959/1959/1959 1960/1960/1960
f 1985/1985/1985 1961/1961/1961 1962/1962/1962
f 1986/1986/1986 1962/1962/1962 1963/1963/1963
f 1987/1987/1987 1963/1963/1963 1964/1964/1964
f 1988/1988/1988 1964/1964/1964 1965/1965/1965
f 1990/1990/1990 1966/1966/1966 1967/1967/1967
f 1992/1992/1992 1968/1968/1968 1969/1969/1969
f 1993/1993/1993 1969/1969/1969 1970/1970/1970
f 1994/1994/1994 1970/1970/1970 1971/1971/1971
f 1996/1996/1996 1972/1972/1972 1973/1973/1973
f 1999/1999/1999 1974/1974/1974 1975/1975/1975
f 2002/2002/2002 1977/1977/1977 1978/1978/1978
f 2009/2009/2009 1986/1986/1986 1987/1987/1987
f 2013/2013/2013 1990/1990/1990 1991/1991/1991
f 2014/2014/2014 1991/1991/1991 1992/1992/1992
f 2016/2016/2016 1993/1993/1993 1994/1994/1994
f 2017/2017/2017 1994/1994/1994 1995/1995/1995
f 2020/2020/2020 1997/1997/1997 1998/1998/1998
f 2023/2023/2023 1999/1999/1999 2000/2000/2000
f 2024/2024/2024 2000/2000/2000 2001/2001/2001
f 2041/2041/2041 2014/2014/2014 2015/2015/2015
f 2043/2043/2043 2016/2016/2016 2017/2017/2017
f 2044/2044/2044 2017/2017/2017 2018/2018/2018
f 2048/2048/2048 2021/2021/2021 2022/2022/2022
f 2050/2050/2050 2024/2024/2024 2025/2025/2025
f 2054/2054/2054 2028/2028/2028 2029/2029/2029
f 2061/2061/2061 2035/2035/2035 2036/2036/2036
f 2068/2068/2068 2043/2043/2043 2044/2044/2044
f 2069/2069/2069 2044/2044/2044 2045/2045/2045
f 2072/2072/2072 2047/2047/2047 2048/2048/2048
f 2075/2075/2075 2050/2050/2050 2051/2051/2051
f 2076/2076/2076 2051/2051/2051 2052/2052/2052
f 2077/2077/2077 2052/2052/2052 2053/2053/2053
f 2082/2082/2082 2054/2054/2054 2055/2055/2055
f 2083/2083/2083 2055/2055/2055 2056/2056/2056
f 2084/2084/2084 2056/2056/2056 2057/2057/2057
f 2085/2085/2085 2057/2057/2057 2058/2058/2058
f 2088/2088/2088 2060/2060/2060 2061/2061/2061
f 2095/2095/2095 2068/2068/2068 2069/2069/2069
f 2098/2098/2098 2071/2071/2071 2072/2072/2072
f 2104/2104/2104 2078/2078/2078 2079/2079/2079
f 2110/2110/2110 2084/2084/2084 2085/2085/2085
f 2117/2117/2117 2091/2091/2091 2092/2092/2092
f 2119/2119/2119 2093/2093/2093 2094/2094/2094
f 2124/2124/2124 2098/2098/2098 2099/2099/2099
f 2127/2127/2127 2101/2101/2101 2102/2102/2102
f 2130/2130/2130 2104/2104/2104 2105/2105/2105
f 2136/2136/2136 2108/2108/2108 2109/2109/2109
f 2141/2141/2141 2112/2112/2112 2113/2113/2113
f 2144/2144/2144 2115/2115/2115 2116/2116/2116
f 2145/2145/2145 2116/2116/2116 2117/2117/2117
f 2148/2148/2148 2120/2120/2120 2121/2121/2121
f 2150/2150/2150 2122/2122/2122 2123/2123/2123
f 2153/2153/2153 2128/2128/2128 2129/2129/2129
f 2154/2154/2154 2129/2129/2129 2130/2130/2130
f 2156/2156/2156 2131/2131/2131 2132/2132/2132
f 2157/2157/2157 2132/2132/2132 2133/2133/2133
f 2162/2162/2162 2135/2135/2135 2136/2136/2136
f 2163/2163/2163 2136/2136/2136 2137/2137/2137
f 2167/2167/2167 2139/2139/2139 2140/2140/2140
f 2168/2168/2168 2140/2140/2140 2141/2141/2141
f 2170/2170/2170 2142/2142/2142 2143/2143/2143
f 2174/2174/2174 2146/2146/2146 2147/2147/2147
f 2177/2177/2177 2148/2148/2148 2149/2149/2149
f 2179/2179/2179 2150/2150/2150 2151/2151/2151
f 2182/2182/2182 2153/2153/2153 2154/2154/2154
f 2185/2185/2185 2157/2157/2157 2158/2158/2158
f 2186/2186/2186 2158/2158/2158 2159/2159/2159
f 2189/2189/2189 2161/2161/2161 2162/2162/2162
f 2198/2198/2198 2171/2171/2171 2172/2172/2172
f 2202/2202/2202 2175/2175/2175 2176/2176/2176
f 2207/2207/2207 2179/2179/2179 2180/2180/2180
f 2212/2212/2212 2183/2183/2183 2184/2184/2184
f 2218/2218/2218 2188/2188/2188 2189/2189/2189
f 2219/2219/2219 2189/2189/2189 2190/2190/2190
f 2224/2224/2224 2194/2194/2194 2195/2195/2195
f 2226/2226/2226 2196/2196/2196 2197/2197/2197
f 2230/2230/2230 2199/2199/2199 2200/2200/2200
f 2234/2234/2234 2203/2203/2203 2204/2204/2204
f 2238/2238/2238 2206/2206/2206 2207/2207/2207
f 2244/2244/2244 2212/2212/2212 2213/2213/2213
f 2245/2245/2245 2213/2213/2213 2214/2214/2214
f 2248/2248/2248 2216/2216/2216 2217/2217/2217
f 2249/2249/2249 2217/2217/2217 2218/2218/2218
f 2251/2251/2251 2219/2219/2219 2220/2220/2220
f 2256/2256/2256 2224/2224/2224 2225/2225/2225
f 2258/2258/2258 2226/2226/2226 2227/2227/2227
f 2259/2259/2259 2227/2227/2227 2228/2228/2228
f 2261/2261/2261 2229/2229/2229 2230/2230/2230
f 2265/2265/2265 2233/2233/2233 2234/2234/2234
f 2275/2275/2275 2243/2243/2243 2244/2244/2244
f 2276/2276/2276 2244/2244/2244 2245/2245/2245
f 2279/2279/2279 2247/2247/2247 2248/2248/2248
f 2280/2280/2280 2248/2248/2248 2249/2249/2249
f 2283/2283/2283 2252/2252/2252 2253/2253/2253
f 2287/2287/2287 2257/2257/2257 2258/2258/2258
f 2288/2288/2288 2258/2258/2258 2259/2259/2259
f 2290/2290/2290 2260/2260/2260 2261/2261/2261
f 2291/2291/2291 2261/2261/2261 2262/2262/2262
f 2293/2293/2293 2263/2263/2263 2264/2264/2264
f 2295/2295/2295 2265/2265/2265 2266/2266/2266
f 2302/2302/2302 2269/2269/2269 2270/2270/2270
f 2303/2303/2303 2270/2270/2270 2271/2271/2271
f 2306/2306/2306 2273/2273/2273 2274/2274/2274
f 2308/2308/2308 2275/2275/2275 2276/2276/2276
f 2310/2310/2310 2277/2277/2277 2278/2278/2278
f 2311/2311/2311 2278/2278/2278 2279/2279/2279
f 2312/2312/2312 2279/2279/2279 2280/2280/2280
f 2315/2315/2315 2285/2285/2285 2286/2286/2286
f 2318/2318/2318 2288/2288/2288 2289/2289/2289
f 2320/2320/2320 2290/2290/2290 2291/2291/2291
f 2321/2321/2321 2291/2291/2291 2292/2292/2292
f 2323/2323/2323 2293/2293/2293 2294/2294/2294
f 2324/2324/2324 2294/2294/2294 2295/2295/2295
f 2327/2327/2327 2297/2297/2297 2298/2298/2298
f 2329/2329/2329 2299/2299/2299 2300/2300/2300
f 2335/2335/2335 2302/2302/2302 2303/2303/2303
f 2336/2336/2336 2303/2303/2303 2304/2304/2304
f 2339/2339/2339 2307/2307/2307 2308/2308/2308
f 2341/2341/2341 2309/2309/2309 2310/2310/2310
f 2342/2342/2342 2310/2310/2310 2311/2311/2311
f 2346/2346/2346 2315/2315/2315 2316/2316/2316
f 2347/2347/2347 2316/2316/2316 2317/2317/2317
f 2348/2348/2348 2317/2317/2317 2318/2318/2318
f 2352/2352/2352 2321/2321/2321 2322/2322/2322
f 2353/2353/2353 2322/2322/2322 2323/2323/2323
f 2354/2354/2354 2323/2323/2323 2324/2324/2324
f 2355/2355/2355 2324/2324/2324 2325/2325/2325
f 2358/2358/2358 2329/2329/2329 2330/2330/2330
f 2363/2363/2363 2334/2334/2334 2335/2335/2335
f 2364/2364/2364 2335/2335/2335 2336/2336/2336
f 2368/2368/2368 2340/2340/2340 2341/2341/2341
f 2372/2372/2372 2346/2346/2346 2347/2347/2347
f 2375/2375/2375 2349/2349/2349 2350/2350/2350
f 2379/2379/2379 2353/2353/2353 2354/2354/2354
f 2381/2381/2381 2355/2355/2355 2356/2356/2356
f 2384/2384/2384 2358/2358/2358 2359/2359/2359
f 2390/2390/2390 2361/2361/2361 2362/2362/2362
f 2393/2393/2393 2364/2364/2364 2365/2365/2365
f 2397/2397/2397 2368/2368/2368 2369/2369/2369
f 2402/2402/2402 2373/2373/2373 2374/2374/2374
f 2404/2404/2404 2375/2375/2375 2376/2376/2376
f 2410/2410/2410 2381/2381/2381 2382/2382/2382
f 2411/2411/2411 2382/2382/2382 2383/2383/2383
f 2415/2415/2415 2385/2385/2385 2386/2386/2386
f 2416/2416/2416 2386/2386/2386 2387/2387/2387
f 2419/2419/2419 2389/2389/2389 2390/2390/2390
f 2420/2420/2420 2390/2390/2390 2391/2391/2391
f 2421/2421/2421 2391/2391/2391 2392/2392/2392
f 2433/2433/2433 2401/2401/2401 2402/2402/2402
f 2434/2434/2434 2402/2402/2402 2403/2403/2403
f 2437/2437/2437 2405/2405/2405 2406/2406/2406
f 2438/2438/2438 2406/2406/2406 2407/2407/2407
f 2440/2440/2440 2408/2408/2408 2409/2409/2409
f 2444/2444/2444 2412/2412/2412 2413/2413/2413
f 2448/2448/2448 2415/2415/2415 2416/2416/2416
f 2451/2451/2451 2422/2422/2422 2423/2423/2423
f 2453/2453/2453 2424/2424/2424 2425/2425/2425
f 2468/2468/2468 2439/2439/2439 2440/2440/2440
f 2473/2473/2473 2444/2444/2444 2445/2445/2445
f 2474/2474/2474 2445/2445/2445 2446/2446/2446
f 2476/2476/2476 2447/2447/2447 2448/2448/2448
f 2477/2477/2477 2448/2448/2448 2449/2449/2449
f 2480/2480/2480 2451/2451/2451 2452/2452/2452
f 2483/2483/2483 2454/2454/2454 2455/2455/2455
f 2487/2487/2487 2458/2458/2458 2459/2459/2459
f 2488/2488/2488 2459/2459/2459 2460/2460/2460
f 2489/2489/2489 2460/2460/2460 2461/2461/2461
f 2494/2494/2494 2468/2468/2468 2469/2469/2469
f 2498/2498/2498 2472/2472/2472 2473/2473/2473
f 2499/2499/2499 2473/2473/2473 2474/2474/2474
f 2506/2506/2506 2481/2481/2481 2482/2482/2482
f 2507/2507/2507 2482/2482/2482 2483/2483/2483
f 2510/2510/2510 2485/2485/2485 2486/2486/2486
f 2511/2511/2511 2486/2486/2486 2487/2487/2487
f 2512/2512/2512 2487/2487/2487 2488/2488/2488
f 2513/2513/2513 2488/2488/2488 2489/2489/2489
f 2518/2518/2518 2494/2494/2494 2495/2495/2495
f 2519/2519/2519 2495/2495/2495 2496/2496/2496
f 2520/2520/2520 2496/2496/2496 2497/2497/2497
f 2521/2521/2521 2497/2497/2497 2498/2498/2498
f 2522/2522/2522 2498/2498/2498 2499/2499/2499
f 2527/2527/2527 2509/2509/2509 2510/2510/2510
f 2530/2530/2530 2513/2513/2513 2514/2514/2514
f 2561/2561/2561 2535/2535/2535 2536/2536/2536
f 2562/2562/2562 2536/2536/2536 2537/2537/2537
f 2577/2577/2577 2539/2539/2539 2538/2538/2538
f 2578/2578/2578 2546/2546/2546 2547/2547/2547
f 2584/2584/2584 2552/2552/2552 2553/2553/2553
f 2588/2588/2588 2558/2558/2558 2559/2559/2559
f 2589/2589/2589 2559/2559/2559 2560/2560/2560
f 2591/2591/2591 2561/2561/2561 2562/2562/2562
f 2601/2601/2601 2588/2588/2588 2589/2589/2589
f 2605/2605/2605 2592/2592/2592 2593/2593/2593
f 2609/2609/2609 2596/2596/2596 2597/2597/2597
f 2615/2615/2615 2601/2601/2601 2602/2602/2602
f 2632/2632/2632 2617/2617/2617 2618/2618/2618
f 2634/2634/2634 2619/2619/2619 2620/2620/2620
f 2636/2636/2636 2621/2621/2621 2622/2622/2622
f 2637/2637/2637 2622/2622/2622 2623/2623/2623
f 2642/2642/2642 2627/2627/2627 2628/2628/2628
f 2643/2643/2643 2628/2628/2628 2629/2629/2629
f 2647/2647/2647 2630/2630/2630 2631/2631/2631
f 2650/2650/2650 2632/2632/2632 2633/2633/2633
f 2655/2655/2655 2637/2637/2637 2638/2638/2638
f 2656/2656/2656 2638/2638/2638 2639/2639/2639
f 2662/2662/2662 2643/2643/2643 2644/2644/2644
f 2664/2664/2664 2645/2645/2645 2646/2646/2646
f 2667/2667/2667 2648/2648/2648 2649/2649/2649
f 2674/2674/2674 2653/2653/2653 2654/2654/2654
f 2675/2675/2675 2654/2654/2654 2655/2655/2655
f 2676/2676/2676 2655/2655/2655 2656/2656/2656
f 2677/2677/2677 2656/2656/2656 2657/2657/2657
f 2678/2678/2678 2657/2657/2657 2658/2658/2658
f 2679/2679/2679 2658/2658/2658 2659/2659/2659
f 2684/2684/2684 2663/2663/2663 2664/2664/2664
f 2686/2686/2686 2665/2665/2665 2666/2666/2666
f 2687/2687/2687 2666/2666/2666 2667/2667/2667
f 2688/2688/2688 2667/2667/2667 2668/2668/2668
f 2691/2691/2691 2670/2670/2670 2671/2671/2671
f 2692/2692/2692 2671/2671/2671 2672/2672/2672
f 2699/2699/2699 2678/2678/2678 2679/2679/2679
f 2701/2701/2701 2680/2680/2680 2681/2681/2681
f 2702/2702/2702 2681/2681/2681 2682/2682/2682
f 2710/2710/2710 2685/2685/2685 2686/2686/2686
f 2711/2711/2711 2686/2686/2686 2687/2687/2687
f 2715/2715/2715 2693/2693/2693 2694/2694/2694
f 2719/2719/2719 2697/2697/2697 2698/2698/2698
f 2721/2721/2721 2699/2699/2699 2700/2700/2700
f 2722/2722/2722 2700/2700/2700 2701/2701/2701
f 2723/2723/2723 2701/2701/2701 2702/2702/2702
f 2724/2724/2724 2702/2702/2702 2703/2703/2703
f 2725/2725/2725 2703/2703/2703 2704/2704/2704
f 2729/2729/2729 2706/2706/2706 2705/2705/2705
f 2730/2730/2730 2707/2707/2707 2708/2708/2708
f 2734/2734/2734 2711/2711/2711 2712/2712/2712
f 2739/2739/2739 2722/2722/2722 2723/2723/2723
f 2741/2741/2741 2724/2724/2724 2725/2725/2725
f 2743/2743/2743 2726/2726/2726 2727/2727/2727
f 2748/2748/2748 2730/2730/2730 2731/2731/2731
f 2749/2749/2749 2731/2731/2731 2732/2732/2732
f 2750/2750/2750 2732/2732/2732 2733/2733/2733
f 2752/2752/2752 2734/2734/2734 2735/2735/2735
f 2755/2755/2755 2737/2737/2737 2738/2738/2738
f 2758/2758/2758 2740/2740/2740 2741/2741/2741
f 2761/2761/2761 2743/2743/2743 2744/2744/2744
f 2762/2762/2762 2744/2744/2744 2745/2745/2745
f 2768/2768/2768 2749/2749/2749 2750/2750/2750
f 2769/2769/2769 2750/2750/2750 2751/2751/2751
f 2770/2770/2770 2751/2751/2751 2752/2752/2752
f 2771/2771/2771 2752/2752/2752 2753/2753/2753
f 2772/2772/2772 2753/2753/2753 2754/2754/2754
f 2777/2777/2777 2758/2758/2758 2759/2759/2759
f 2780/2780/2780 2765/2765/2765 2766/2766/2766
f 2783/2783/2783 2768/2768/2768 2769/2769/2769
f 2784/2784/2784 2769/2769/2769 2770/2770/2770
f 2785/2785/2785 2770/2770/2770 2771/2771/2771
f 2792/2792/2792 2776/2776/2776 2777/2777/2777
f 2795/2795/2795 2780/2780/2780 2781/2781/2781
f 2798/2798/2798 2783/2783/2783 2784/2784/2784
f 2809/2809/2809 2790/2790/2790 2791/2791/2791
f 2810/2810/2810 2791/2791/2791 2792/2792/2792
f 2813/2813/2813 2795/2795/2795 2796/2796/2796
f 2818/2818/2818 2800/2800/2800 2801/2801/2801
f 2822/2822/2822 2804/2804/2804 2805/2805/2805
f 2828/2828/2828 2809/2809/2809 2810/2810/2810
f 2832/2832/2832 2814/2814/2814 2815/2815/2815
f 2836/2836/2836 2818/2818/2818 2819/2819/2819
f 2840/2840/2840 2821/2821/2821 2822/2822/2822
f 2842/2842/2842 2823/2823/2823 2824/2824/2824
f 2844/2844/2844 2825/2825/2825 2826/2826/2826
f 2849/2849/2849 2833/2833/2833 2834/2834/2834
f 2853/2853/2853 2837/2837/2837 2838/2838/2838
f 2855/2855/2855 2840/2840/2840 2841/2841/2841
f 2859/2859/2859 2850/2850/2850 2851/2851/2851
f 2872/2872/2872 2858/2858/2858 2859/2859/2859
f 2873/2873/2873 2859/2859/2859 2860/2860/2860
f 2874/2874/2874 2860/2860/2860 2861/2861/2861
f 2875/2875/2875 2861/2861/2861 2862/2862/2862
f 2878/2878/2878 2864/2864/2864 2865/2865/2865
f 2879/2879/2879 2865/2865/2865 2866/2866/2866
f 2884/2884/2884 2869/2869/2869 2870/2870/2870
f 2888/2888/2888 2871/2871/2871 2872/2872/2872
f 2889/2889/2889 2872/2872/2872 2873/2873/2873
f 2891/2891/2891 2874/2874/2874 2875/2875/2875
f 2893/2893/2893 2876/2876/2876 2877/2877/2877
f 2896/2896/2896 2878/2878/2878 2879/2879/2879
f 2898/2898/2898 2880/2880/2880 2881/2881/2881
f 2901/2901/2901 2887/2887/2887 2888/2888/2888
f 2902/2902/2902 2888/2888/2888 2889/2889/2889
f 2905/2905/2905 2892/2892/2892 2893/2893/2893
f 2907/2907/2907 2894/2894/2894 2895/2895/2895
f 2912/2912/2912 2896/2896/2896 2897/2897/2897
f 2920/2920/2920 2901/2901/2901 2902/2902/2902
f 2923/2923/2923 2905/2905/2905 2906/2906/2906
f 2925/2925/2925 2907/2907/2907 2908/2908/2908
f 2928/2928/2928 2910/2910/2910 2911/2911/2911
f 2931/2931/2931 2913/2913/2913 2914/2914/2914
f 2932/2932/2932 2914/2914/2914 2915/2915/2915
f 2935/2935/2935 2917/2917/2917 2918/2918/2918
f 2943/2943/2943 2924/2924/2924 2925/2925/2925
f 2944/2944/2944 2925/2925/2925 2926/2926/2926
f 2947/2947/2947 2927/2927/2927 2928/2928/2928
f 2948/2948/2948 2928/2928/2928 2929/2929/2929
f 2949/2949/2949 2929/2929/2929 2930/2930/2930
f 2951/2951/2951 2934/2934/2934 2935/2935/2935
f 2956/2956/2956 2939/2939/2939 2940/2940/2940
f 2961/2961/2961 2942/2942/2942 2943/2943/2943
f 2964/2964/2964 2945/2945/2945 2946/2946/2946
f 2966/2966/2966 2948/2948/2948 2949/2949/2949
f 2969/2969/2969 2955/2955/2955 2956/2956/2956
f 2970/2970/2970 2956/2956/2956 2957/2957/2957
f 2971/2971/2971 2957/2957/2957 2958/2958/2958
f 2974/2974/2974 2960/2960/2960 2961/2961/2961
f 2977/2977/2977 2968/2968/2968 2969/2969/2969
f 2978/2978/2978 2969/2969/2969 2970/2970/2970
f 2980/2980/2980 2971/2971/2971 2972/2972/2972
f 2981/2981/2981 2972/2972/2972 2973/2973/2973
f 2982/2982/2982 2973/2973/2973 2974/2974/2974
f 2984/2984/2984 2975/2975/2975 2976/2976/2976
f 2992/2992/2992 2980/2980/2980 2981/2981/2981
f 2996/2996/2996 2984/2984/2984 2985/2985/2985
f 2997/2997/2997 2985/2985/2985 2986/2986/2986
f 3000/3000/3000 2987/2987/2987 2988/2988/2988
f 3003/3003/3003 2990/2990/2990 2991/2991/2991
f 3004/3004/3004 2991/2991/2991 2992/2992/2992
f 3005/3005/3005 2992/2992/2992 2993/2993/2993
f 3009/3009/3009 2996/2996/2996 2997/2997/2997
f 3011/3011/3011 2998/2998/2998 2999/2999/2999
f 3014/3014/3014 3001/3001/3001 3002/3002/3002
f 3015/3015/3015 3002/3002/3002 3003/3003/3003
f 3016/3016/3016 3003/3003/3003 3004/3004/3004
f 3026/3026/3026 3013/3013/3013 3014/3014/3014
f 3027/3027/3027 3014/3014/3014 3015/3015/3015
f 3029/3029/3029 3016/3016/3016 3017/3017/3017
f 3030/3030/3030 3017/3017/3017 3018/3018/3018
f 3033/3033/3033 3020/3020/3020 3021/3021/3021
f 3035/3035/3035 3022/3022/3022 3023/3023/3023
f 3044/3044/3044 3027/3027/3027 3028/3028/3028
f 3045/3045/3045 3028/3028/3028 3029/3029/3029
f 3049/3049/3049 3032/3032/3032 3033/3033/3033
f 3050/3050/3050 3033/3033/3033 3034/3034/3034
f 3051/3051/3051 3034/3034/3034 3035/3035/3035
f 3058/3058/3058 3041/3041/3041 3042/3042/3042
f 3059/3059/3059 3042/3042/3042 3043/3043/3043
f 3061/3061/3061 3045/3045/3045 3046/3046/3046
f 3063/3063/3063 3051/3051/3051 3052/3052/3052
f 3066/3066/3066 3055/3055/3055 3056/3056/3056
f 3067/3067/3067 3056/3056/3056 3057/3057/3057
f 3070/3070/3070 3059/3059/3059 3060/3060/3060
f 3073/3073/3073 3066/3066/3066 3067/3067/3067
f 3074/3074/3074 3067/3067/3067 3068/3068/3068
f 3077/3077/3077 3070/3070/3070 3071/3071/3071
f 3121/3121/3121 3086/3086/3086 3085/3085/3085
f 3140/3140/3140 3127/3127/3127 3128/3128/3128
f 3147/3147/3147 3138/3138/3138 3139/3139/3139
f 3148/3148/3148 3139/3139/3139 3140/3140/3140
f 3149/3149/3149 3140/3140/3140 3141/3141/3141
f 3155/3155/3155 3146/3146/3146 3147/3147/3147
f 3156/3156/3156 3147/3147/3147 3148/3148/3148
f 3163/3163/3163 3152/3152/3152 3153/3153/3153
f 3167/3167/3167 3156/3156/3156 3157/3157/3157
f 3168/3168/3168 3157/3157/3157 3158/3158/3158
f 3174/3174/3174 3164/3164/3164 3165/3165/3165
f 3178/3178/3178 3169/3169/3169 3170/3170/3170
f 3183/3183/3183 3176/3176/3176 3177/3177/3177
f 3193/3193/3193 3182/3182/3182 3183/3183/3183
f 3198/3198/3198 3187/3187/3187 3188/3188/3188
f 3207/3207/3207 3191/3191/3191 3192/3192/3192
f 3210/3210/3210 3194/3194/3194 3195/3195/3195
f 3213/3213/3213 3197/3197/3197 3198/3198/3198
f 3214/3214/3214 3198/3198/3198 3199/3199/3199
f 3215/3215/3215 3199/3199/3199 3200/3200/3200
f 3218/3218/3218 3202/3202/3202 3203/3203/3203
f 3219/3219/3219 3203/3203/3203 3204/3204/3204
f 3220/3220/3220 3204/3204/3204 3205/3205/3205
f 3221/3221/3221 3205/3205/3205 3206/3206/3206
f 3225/3225/3225 3208/3208/3208 3209/3209/3209
f 3228/3228/3228 3212/3212/3212 3213/3213/3213
f 3229/3229/3229 3213/3213/3213 3214/3214/3214
f 3231/3231/3231 3215/3215/3215 3216/3216/3216
f 3234/3234/3234 3218/3218/3218 3219/3219/3219
f 3236/3236/3236 3220/3220/3220 3221/3221/3221
f 3238/3238/3238 3222/3222/3222 3223/3223/3223
f 3240/3240/3240 3224/3224/3224 3225/3225/3225
f 3242/3242/3242 3226/3226/3226 3227/3227/3227
f 3244/3244/3244 3228/3228/3228 3229/3229/3229
f 3248/3248/3248 3232/3232/3232 3233/3233/3233
f 3249/3249/3249 3233/3233/3233 3234/3234/3234
f 3250/3250/3250 3234/3234/3234 3235/3235/3235
f 3251/3251/3251 3235/3235/3235 3236/3236/3236
f 3255/3255/3255 3244/3244/3244 3245/3245/3245
f 3256/3256/3256 3245/3245/3245 3246/3246/3246
f 3257/3257/3257 3246/3246/3246 3247/3247/3247
f 3258/3258/3258 3247/3247/3247 3248/3248/3248
f 3259/3259/3259 3248/3248/3248 3249/3249/3249
f 3260/3260/3260 3249/3249/3249 3250/3250/3250
f 3261/3261/3261 3250/3250/3250 3251/3251/3251
f 3265/3265/3265 3256/3256/3256 3257/3257/3257
f 3266/3266/3266 3257/3257/3257 3258/3258/3258
f 3268/3268/3268 3259/3259/3259 3260/3260/3260
f 3272/3272/3272 3267/3267/3267 3268/3268/3268
f 3280/3280/3280 3276/3276/3276 3277/3277/3277
f 3285/3285/3285 3280/3280/3280 3281/3281/3281
f 3288/3288/3288 3283/3283/3283 3284/3284/3284
f 3292/3292/3292 3287/3287/3287 3288/3288/3288
f 3332/3332/3332 3307/3307/3307 3308/3308/3308
f 3344/3344/3344 3310/3310/3310 3309/3309/3309
f 3347/3347/3347 3313/3313/3313 3312/3312/3312
f 3348/3348/3348 3314/3314/3314 3313/3313/3313
f 3364/3364/3364 3351/3351/3351 3352/3352/3352
f 3365/3365/3365 3352/3352/3352 3353/3353/3353
f 3369/3369/3369 3364/3364/3364 3365/3365/3365
f 3397/3397/3397 3377/3377/3377 3378/3378/3378
f 3402/3402/3402 3382/3382/3382 3383/3383/3383
f 3430/3430/3430 3398/3398/3398 3399/3399/3399
f 3435/3435/3435 3433/3433/3433 3434/3434/3434
f 3465/3465/3465 3441/3441/3441 3442/3442/3442
f 3490/3490/3490 3450/3450/3450 3451/3451/3451
f 3495/3495/3495 3471/3471/3471 3470/3470/3470
f 3552/3552/3552 3520/3520/3520 3519/3519/3519
f 3557/3557/3557 3533/3533/3533 3532/3532/3532
f 3602/3602/3602 3576/3576/3576 3577/3577/3577
f 3621/3621/3621 3588/3588/3588 3587/3587/3587
f 3629/3629/3629 3619/3619/3619 3618/3618/3618
f 3672/3672/3672 3645/3645/3645 3646/3646/3646
f 3684/3684/3684 3654/3654/3654 3655/3655/3655
f 3687/3687/3687 3657/3657/3657 3658/3658/3658
f 3688/3688/3688 3658/3658/3658 3659/3659/3659
f 3697/3697/3697 3673/3673/3673 3674/3674/3674
f 3704/3704/3704 3695/3695/3695 3694/3694/3694
f 3750/3750/3750 3721/3721/3721 3722/3722/3722
f 3755/3755/3755 3728/3728/3728 3729/3729/3729
f 3764/3764/3764 3751/3751/3751 3752/3752/3752
f 3819/3819/3819 3789/3789/3789 3790/3790/3790
f 3822/3822/3822 3797/3797/3797 3798/3798/3798
f 3834/3834/3834 3831/3831/3831 3830/3830/3830
f 3844/3844/3844 3836/3836/3836 3837/3837/3837
f 3845/3845/3845 3837/3837/3837 3838/3838/3838
f 38/38/38 2/2/2 1/1/1
f 40/40/40 4/4/4 3/3/3
f 41/41/41 5/5/5 4/4/4
f 43/43/43 7/7/7 6/6/6
f 60/60/60 24/24/24 25/25/25
f 62/62/62 26/26/26 27/27/27
f 64/64/64 28/28/28 29/29/29
f 66/66/66 30/30/30 31/31/31
f 68/68/68 32/32/32 33/33/33
f 71/71/71 35/35/35 36/36/36
f 75/75/75 39/39/39 38/38/38
f 76/76/76 40/40/40 39/39/39
f 77/77/77 41/41/41 40/40/40
f 83/83/83 47/47/47 46/46/46
f 94/94/94 58/58/58 59/59/59
f 96/96/96 60/60/60 61/61/61
f 98/98/98 62/62/62 63/63/63
f 100/100/100 64/64/64 65/65/65
f 102/102/102 66/66/66 67/67/67
f 104/104/104 68/68/68 69/69/69
f 111/111/111 75/75/75 74/74/74
f 113/113/113 77/77/77 76/76/76
f 114/114/114 78/78/78 77/77/77
f 115/115/115 79/79/79 78/78/78
f 116/116/116 80/80/80 79/79/79
f 117/117/117 81/81/81 80/80/80
f 119/119/119 83/83/83 82/82/82
f 139/139/139 102/102/102 103/103/103
f 140/140/140 103/103/103 104/104/104
f 141/141/141 104/104/104 105/105/105
f 147/147/147 110/110/110 109/109/109
f 148/148/148 111/111/111 110/110/110
f 150/150/150 113/113/113 112/112/112
f 151/151/151 114/114/114 113/113/113
f 152/152/152 115/115/115 114/114/114
f 154/154/154 117/117/117 116/116/116
f 158/158/158 121/121/121 120/120/120
f 174/174/174 137/137/137 138/138/138
f 177/177/177 140/140/140 141/141/141
f 178/178/178 141/141/141 142/142/142
f 181/181/181 144/144/144 145/145/145
f 184/184/184 147/147/147 146/146/146
f 189/189/189 152/152/152 151/151/151
f 191/191/191 154/154/154 153/153/153
f 204/204/204 167/167/167 168/168/168
f 211/211/211 174/174/174 175/175/175
f 213/213/213 176/176/176 177/177/177
f 215/215/215 178/178/178 179/179/179
f 218/218/218 181/181/181 182/182/182
f 222/222/222 184/184/184 183/183/183
f 224/224/224 186/186/186 185/185/185
f 225/225/225 187/187/187 186/186/186
f 226/226/226 188/188/188 187/187/187
f 229/229/229 191/191/191 190/190/190
f 231/231/231 193/193/193 192/192/192
f 239/239/239 200/200/200 199/199/199
f 247/247/247 206/206/206 207/207/207
f 251/251/251 209/209/209 210/210/210
f 253/253/253 211/211/211 212/212/212
f 255/255/255 213/213/213 214/214/214
f 263/263/263 221/221/221 220/220/220
f 268/268/268 226/226/226 225/225/225
f 270/270/270 228/228/228 227/227/227
f 276/276/276 234/234/234 233/233/233
f 285/285/285 243/243/243 244/244/244
f 287/287/287 245/245/245 246/246/246
f 289/289/289 248/248/248 249/249/249
f 296/296/296 255/255/255 256/256/256
f 297/297/297 256/256/256 257/257/257
f 299/299/299 258/258/258 259/259/259
f 307/307/307 266/266/266 265/265/265
f 309/309/309 268/268/268 267/267/267
f 310/310/310 269/269/269 268/268/268
f 311/311/311 270/270/270 269/269/269
f 322/322/322 282/282/282 283/283/283
f 326/326/326 285/285/285 286/286/286
f 330/330/330 289/289/289 290/290/290
f 333/333/333 292/292/292 293/293/293
f 335/335/335 294/294/294 295/295/295
f 337/337/337 297/297/297 298/298/298
f 340/340/340 300/300/300 301/301/301
f 345/345/345 305/305/305 304/304/304
f 347/347/347 307/307/307 306/306/306
f 348/348/348 308/308/308 307/307/307
f 349/349/349 309/309/309 308/308/308
f 351/351/351 311/311/311 310/310/310
f 371/371/371 333/333/333 334/334/334
f 373/373/373 335/335/335 336/336/336
f 375/375/375 337/337/337 338/338/338
f 376/376/376 338/338/338 339/339/339
f 378/378/378 340/340/340 341/341/341
f 390/390/390 346/346/346 345/345/345
f 393/393/393 349/349/349 348/348/348
f 395/395/395 351/351/351 350/350/350
f 396/396/396 352/352/352 351/351/351
f 399/399/399 355/355/355 354/354/354
f 408/408/408 363/363/363 364/364/364
f 414/414/414 368/368/368 369/369/369
f 422/422/422 376/376/376 377/377/377
f 424/424/424 378/378/378 379/379/379
f 431/431/431 382/382/382 381/381/381
f 435/435/435 386/386/386 385/385/385
f 438/438/438 388/388/388 387/387/387
f 441/441/441 393/393/393 392/392/392
f 445/445/445 397/397/397 396/396/396
f 452/452/452 403/403/403 404/404/404
f 465/465/465 412/412/412 413/413/413
f 476/476/476 419/419/419 420/420/420
f 483/483/483 425/425/425 426/426/426
f 489/489/489 428/428/428 429/429/429
f 494/494/494 431/431/431 430/430/430
f 496/496/496 433/433/433 432/432/432
f 498/498/498 435/435/435 434/434/434
f 503/503/503 439/439/439 438/438/438
f 506/506/506 445/445/445 444/444/444
f 508/508/508 447/447/447 446/446/446
f 510/510/510 449/449/449 448/448/448
f 519/519/519 460/460/460 461/461/461
f 527/527/527 470/470/470 471/471/471
f 537/537/537 484/484/484 485/485/485
f 543/543/543 488/488/488 489/489/489
f 544/544/544 489/489/489 490/490/490
f 545/545/545 490/490/490 491/491/491
f 554/554/554 493/493/493 492/492/492
f 559/559/559 498/498/498 497/497/497
f 560/560/560 499/499/499 498/498/498
f 564/564/564 502/502/502 501/501/501
f 568/568/568 508/508/508 507/507/507
f 570/570/570 510/510/510 509/509/509
f 572/572/572 512/512/512 511/511/511
f 584/584/584 523/523/523 524/524/524
f 597/597/597 538/538/538 539/539/539
f 603/603/603 545/545/545 546/546/546
f 604/604/604 546/546/546 547/547/547
f 608/608/608 550/550/550 551/551/551
f 609/609/609 551/551/551 552/552/552
f 615/615/615 554/554/554 553/553/553
f 620/620/620 559/559/559 558/558/558
f 621/621/621 560/560/560 559/559/559
f 624/624/624 563/563/563 562/562/562
f 625/625/625 564/564/564 563/563/563
f 636/636/636 572/572/572 571/571/571
f 644/644/644 580/580/580 581/581/581
f 662/662/662 598/598/598 599/599/599
f 666/666/666 601/601/601 602/602/602
f 671/671/671 606/606/606 607/607/607
f 675/675/675 610/610/610 611/611/611
f 676/676/676 611/611/611 612/612/612
f 685/685/685 614/614/614 613/613/613
f 686/686/686 615/615/615 614/614/614
f 688/688/688 617/617/617 616/616/616
f 689/689/689 618/618/618 617/617/617
f 692/692/692 621/621/621 620/620/620
f 697/697/697 624/624/624 623/623/623
f 700/700/700 628/628/628 627/627/627
f 703/703/703 631/631/631 630/630/630
f 712/712/712 645/645/645 646/646/646
f 725/725/725 656/656/656 657/657/657
f 732/732/732 665/665/665 666/666/666
f 735/735/735 669/669/669 670/670/670
f 740/740/740 676/676/676 677/677/677
f 741/741/741 677/677/677 678/678/678
f 744/744/744 679/679/679 680/680/680
f 745/745/745 680/680/680 681/681/681
f 747/747/747 682/682/682 683/683/683
f 754/754/754 686/686/686 685/685/685
f 757/757/757 689/689/689 688/688/688
f 758/758/758 690/690/690 689/689/689
f 759/759/759 691/691/691 690/690/690
f 760/760/760 692/692/692 691/691/691
f 761/761/761 693/693/693 692/692/692
f 764/764/764 696/696/696 695/695/695
f 781/781/781 715/715/715 714/714/714
f 782/782/782 717/717/717 718/718/718
f 795/795/795 729/729/729 730/730/730
f 802/802/802 735/735/735 736/736/736
f 808/808/808 741/741/741 742/742/742
f 812/812/812 744/744/744 745/745/745
f 814/814/814 746/746/746 747/747/747
f 816/816/816 748/748/748 749/749/749
f 819/819/819 750/750/750 751/751/751
f 827/827/827 757/757/757 756/756/756
f 828/828/828 758/758/758 757/757/757
f 829/829/829 759/759/759 758/758/758
f 832/832/832 762/762/762 761/761/761
f 835/835/835 765/765/765 764/764/764
f 836/836/836 766/766/766 765/765/765
f 838/838/838 768/768/768 767/767/767
f 839/839/839 769/769/769 768/768/768
f 843/843/843 772/772/772 771/771/771
f 855/855/855 778/778/778 777/777/777
f 860/860/860 784/784/784 785/785/785
f 867/867/867 796/796/796 797/797/797
f 872/872/872 803/803/803 804/804/804
f 875/875/875 806/806/806 807/807/807
f 877/877/877 809/809/809 810/810/810
f 880/880/880 812/812/812 813/813/813
f 885/885/885 817/817/817 818/818/818
f 887/887/887 819/819/819 820/820/820
f 888/888/888 820/820/820 821/821/821
f 912/912/912 823/823/823 822/822/822
f 915/915/915 826/826/826 825/825/825
f 917/917/917 828/828/828 827/827/827
f 919/919/919 830/830/830 829/829/829
f 920/920/920 831/831/831 830/830/830
f 921/921/921 832/832/832 831/831/831
f 928/928/928 835/835/835 834/834/834
f 935/935/935 839/839/839 838/838/838
f 941/941/941 841/841/841 840/840/840
f 947/947/947 845/845/845 844/844/844
f 948/948/948 846/846/846 845/845/845
f 950/950/950 848/848/848 847/847/847
f 977/977/977 869/869/869 870/870/870
f 978/978/978 870/870/870 871/871/871
f 986/986/986 874/874/874 875/875/875
f 999/999/999 881/881/881 882/882/882
f 1001/1001/1001 883/883/883 884/884/884
f 1002/1002/1002 884/884/884 885/885/885
f 1062/1062/1062 891/891/891 890/890/890
f 1069/1069/1069 894/894/894 895/895/895
f 1079/1079/1079 897/897/897 896/896/896
f 1079/1079/1079 897/897/897 898/898/898
f 1132/1132/1132 911/911/911 910/910/910
f 1133/1133/1133 912/912/912 911/911/911
f 1135/1135/1135 914/914/914 913/913/913
f 1136/1136/1136 915/915/915 914/914/914
f 1141/1141/1141 920/920/920 919/919/919
f 1149/1149/1149 927/927/927 926/926/926
f 1155/1155/1155 933/933/933 932/932/932
f 1156/1156/1156 934/934/934 933/933/933
f 1164/1164/1164 940/940/940 939/939/939
f 1167/1167/1167 943/943/943 942/942/942
f 1173/1173/1173 946/946/946 945/945/945
f 1176/1176/1176 950/950/950 949/949/949
f 1235/1235/1235 969/969/969 968/968/968
f 1247/1247/1247 975/975/975 974/974/974
f 1248/1248/1248 977/977/977 978/978/978
f 1252/1252/1252 981/981/981 982/982/982
f 1264/1264/1264 989/989/989 990/990/990
f 1279/1279/1279 998/998/998 999/999/999
f 1284/1284/1284 1003/1003/1003 1004/1004/1004
f 1295/1295/1295 1005/1005/1005 1006/1006/1006
f 1408/1408/1408 1008/1008/1008 1007/1007/1007
f 1434/1434/1434 1014/1014/1014 1013/1013/1013
f 1435/1435/1435 1015/1015/1015 1014/1014/1014
f 1436/1436/1436 1016/1016/1016 1015/1015/1015
f 1454/1454/1454 1019/1019/1019 1020/1020/1020
f 1487/1487/1487 1036/1036/1036 1037/1037/1037
f 1530/1530/1530 1044/1044/1044 1043/1043/1043
f 1549/1549/1549 1046/1046/1046 1045/1045/1045
f 1591/1591/1591 1058/1058/1058 1057/1057/1057
f 1609/1609/1609 1060/1060/1060 1059/1059/1059
f 1641/1641/1641 1074/1074/1074 1073/1073/1073
f 1645/1645/1645 1077/1077/1077 1076/1076/1076
f 1658/1658/1658 1085/1085/1085 1084/1084/1084
f 1661/1661/1661 1089/1089/1089 1088/1088/1088
f 1662/1662/1662 1095/1095/1095 1096/1096/1096
f 1672/1672/1672 1098/1098/1098 1097/1097/1097
f 1687/1687/1687 1104/1104/1104 1105/1105/1105
f 1715/1715/1715 1133/1133/1133 1132/1132/1132
f 1716/1716/1716 1134/1134/1134 1133/1133/1133
f 1717/1717/1717 1135/1135/1135 1134/1134/1134
f 1718/1718/1718 1136/1136/1136 1135/1135/1135
f 1737/1737/1737 1143/1143/1143 1142/1142/1142
f 1738/1738/1738 1144/1144/1144 1143/1143/1143
f 1740/1740/1740 1146/1146/1146 1145/1145/1145
f 1748/1748/1748 1154/1154/1154 1153/1153/1153
f 1768/1768/1768 1158/1158/1158 1157/1157/1157
f 1770/1770/1770 1166/1166/1166 1165/1165/1165
f 1789/1789/1789 1175/1175/1175 1174/1174/1174
f 1823/1823/1823 1185/1185/1185 1184/1184/1184
f 1844/1844/1844 1195/1195/1195 1194/1194/1194
f 1845/1845/1845 1196/1196/1196 1195/1195/1195
f 1857/1857/1857 1203/1203/1203 1202/1202/1202
f 1865/1865/1865 1206/1206/1206 1205/1205/1205
f 1881/1881/1881 1216/1216/1216 1215/1215/1215
f 1892/1892/1892 1228/1228/1228 1227/1227/1227
f 1893/1893/1893 1229/1229/1229 1228/1228/1228
f 1918/1918/1918 1255/1255/1255 1254/1254/1254
f 1928/1928/1928 1264/1264/1264 1265/1265/1265
f 1929/1929/1929 1265/1265/1265 1266/1266/1266
f 1933/1933/1933 1268/1268/1268 1267/1267/1267
f 1945/1945/1945 1280/1280/1280 1281/1281/1281
f 1947/1947/1947 1282/1282/1282 1283/1283/1283
f 1959/1959/1959 1298/1298/1298 1297/1297/1297
f 1967/1967/1967 1300/1300/1300 1301/1301/1301
f 1982/1982/1982 1314/1314/1314 1313/1313/1313
f 1985/1985/1985 1317/1317/1317 1316/1316/1316
f 2008/2008/2008 1330/1330/1330 1329/1329/1329
f 2040/2040/2040 1352/1352/1352 1351/1351/1351
f 2064/2064/2064 1376/1376/1376 1375/1375/1375
f 2065/2065/2065 1377/1377/1377 1376/1376/1376
f 2066/2066/2066 1389/1389/1389 1390/1390/1390
f 2080/2080/2080 1401/1401/1401 1402/1402/1402
f 2106/2106/2106 1425/1425/1425 1426/1426/1426
f 2107/2107/2107 1426/1426/1426 1427/1427/1427
f 2146/2146/2146 1449/1449/1449 1448/1448/1448
f 2160/2160/2160 1464/1464/1464 1465/1465/1465
f 2236/2236/2236 1508/1508/1508 1509/1509/1509
f 2251/2251/2251 1511/1511/1511 1510/1510/1510
f 2267/2267/2267 1516/1516/1516 1515/1515/1515
f 2282/2282/2282 1529/1529/1529 1528/1528/1528
f 2314/2314/2314 1548/1548/1548 1547/1547/1547
f 2327/2327/2327 1555/1555/1555 1554/1554/1554
f 2328/2328/2328 1556/1556/1556 1555/1555/1555
f 2331/2331/2331 1563/1563/1563 1564/1564/1564
f 2333/2333/2333 1565/1565/1565 1566/1566/1566
f 2344/2344/2344 1568/1568/1568 1567/1567/1567
f 2345/2345/2345 1569/1569/1569 1568/1568/1568
f 2357/2357/2357 1575/1575/1575 1574/1574/1574
f 2386/2386/2386 1600/1600/1600 1601/1601/1601
f 2400/2400/2400 1606/1606/1606 1605/1605/1605
f 2401/2401/2401 1610/1610/1610 1611/1611/1611
f 2418/2418/2418 1617/1617/1617 1616/1616/1616
f 2421/2421/2421 1621/1621/1621 1620/1620/1620
f 2431/2431/2431 1624/1624/1624 1623/1623/1623
f 2432/2432/2432 1625/1625/1625 1624/1624/1624
f 2446/2446/2446 1630/1630/1630 1631/1631/1631
f 2465/2465/2465 1640/1640/1640 1639/1639/1639
f 2475/2475/2475 1647/1647/1647 1646/1646/1646
f 2493/2493/2493 1657/1657/1657 1656/1656/1656
f 2502/2502/2502 1666/1666/1666 1665/1665/1665
f 2503/2503/2503 1667/1667/1667 1666/1666/1666
f 2505/2505/2505 1669/1669/1669 1668/1668/1668
f 2512/2512/2512 1680/1680/1680 1679/1679/1679
f 2515/2515/2515 1683/1683/1683 1682/1682/1682
f 2517/2517/2517 1685/1685/1685 1684/1684/1684
f 2540/2540/2540 1716/1716/1716 1715/1715/1715
f 2541/2541/2541 1717/1717/1717 1716/1716/1716
f 2542/2542/2542 1718/1718/1718 1717/1717/1717
f 2543/2543/2543 1719/1719/1719 1718/1718/1718
f 2549/2549/2549 1724/1724/1724 1723/1723/1723
f 2550/2550/2550 1725/1725/1725 1724/1724/1724
f 2556/2556/2556 1729/1729/1729 1728/1728/1728
f 2567/2567/2567 1735/1735/1735 1734/1734/1734
f 2568/2568/2568 1736/1736/1736 1735/1735/1735
f 2571/2571/2571 1739/1739/1739 1738/1738/1738
f 2572/2572/2572 1740/1740/1740 1739/1739/1739
f 2573/2573/2573 1741/1741/1741 1740/1740/1740
f 2580/2580/2580 1749/1749/1749 1748/1748/1748
f 2583/2583/2583 1751/1751/1751 1750/1750/1750
f 2586/2586/2586 1757/1757/1757 1756/1756/1756
f 2587/2587/2587 1758/1758/1758 1757/1757/1757
f 2591/2591/2591 1762/1762/1762 1761/1761/1761
f 2592/2592/2592 1763/1763/1763 1764/1764/1764
f 2593/2593/2593 1764/1764/1764 1765/1765/1765
f 2604/2604/2604 1783/1783/1783 1784/1784/1784
f 2614/2614/2614 1791/1791/1791 1790/1790/1790
f 2624/2624/2624 1806/1806/1806 1805/1805/1805
f 2626/2626/2626 1810/1810/1810 1809/1809/1809
f 2661/2661/2661 1856/1856/1856 1855/1855/1855
f 2670/2670/2670 1867/1867/1867 1868/1868/1868
f 2714/2714/2714 1889/1889/1889 1888/1888/1888
f 2761/2761/2761 1920/1920/1920 1919/1919/1919
f 2763/2763/2763 1922/1922/1922 1921/1921/1921
f 2779/2779/2779 1935/1935/1935 1934/1934/1934
f 2787/2787/2787 1952/1952/1952 1951/1951/1951
f 2788/2788/2788 1953/1953/1953 1952/1952/1952
f 2794/2794/2794 1956/1956/1956 1955/1955/1955
f 2830/2830/2830 2005/2005/2005 2004/2004/2004
f 2831/2831/2831 2006/2006/2006 2005/2005/2005
f 2842/2842/2842 2031/2031/2031 2030/2030/2030
f 2845/2845/2845 2034/2034/2034 2033/2033/2033
f 2846/2846/2846 2035/2035/2035 2034/2034/2034
f 2847/2847/2847 2036/2036/2036 2035/2035/2035
f 2848/2848/2848 2037/2037/2037 2036/2036/2036
f 2857/2857/2857 2073/2073/2073 2074/2074/2074
f 2867/2867/2867 2086/2086/2086 2087/2087/2087
f 2884/2884/2884 2114/2114/2114 2113/2113/2113
f 2885/2885/2885 2115/2115/2115 2114/2114/2114
f 2886/2886/2886 2124/2124/2124 2125/2125/2125
f 2887/2887/2887 2125/2125/2125 2126/2126/2126
f 2898/2898/2898 2139/2139/2139 2138/2138/2138
f 2899/2899/2899 2140/2140/2140 2139/2139/2139
f 2909/2909/2909 2155/2155/2155 2156/2156/2156
f 2916/2916/2916 2169/2169/2169 2170/2170/2170
f 2933/2933/2933 2196/2196/2196 2195/2195/2195
f 2937/2937/2937 2208/2208/2208 2209/2209/2209
f 2945/2945/2945 2211/2211/2211 2210/2210/2210
f 2950/2950/2950 2216/2216/2216 2215/2215/2215
f 2953/2953/2953 2229/2229/2229 2228/2228/2228
f 2963/2963/2963 2242/2242/2242 2241/2241/2241
f 2965/2965/2965 2244/2244/2244 2243/2243/2243
f 2987/2987/2987 2336/2336/2336 2337/2337/2337
f 3000/3000/3000 2365/2365/2365 2366/2366/2366
f 3001/3001/3001 2366/2366/2366 2367/2367/2367
f 3013/3013/3013 2394/2394/2394 2395/2395/2395
f 3025/3025/3025 2397/2397/2397 2396/2396/2396
f 3037/3037/3037 2429/2429/2429 2428/2428/2428
f 3038/3038/3038 2434/2434/2434 2435/2435/2435
f 3041/3041/3041 2437/2437/2437 2438/2438/2438
f 3047/3047/3047 2457/2457/2457 2456/2456/2456
f 3048/3048/3048 2458/2458/2458 2457/2457/2457
f 3053/3053/3053 2463/2463/2463 2462/2462/2462
f 3054/3054/3054 2466/2466/2466 2467/2467/2467
f 3083/3083/3083 2536/2536/2536 2535/2535/2535
f 3087/3087/3087 2541/2541/2541 2540/2540/2540
f 3088/3088/3088 2542/2542/2542 2541/2541/2541
f 3090/3090/3090 2544/2544/2544 2543/2543/2543
f 3091/3091/3091 2545/2545/2545 2544/2544/2544
f 3097/3097/3097 2549/2549/2549 2548/2548/2548
f 3098/3098/3098 2550/2550/2550 2549/2549/2549
f 3099/3099/3099 2551/2551/2551 2550/2550/2550
f 3103/3103/3103 2555/2555/2555 2554/2554/2554
f 3105/3105/3105 2557/2557/2557 2556/2556/2556
f 3109/3109/3109 2566/2566/2566 2565/2565/2565
f 3112/3112/3112 2569/2569/2569 2568/2568/2568
f 3113/3113/3113 2570/2570/2570 2569/2569/2569
f 3114/3114/3114 2571/2571/2571 2570/2570/2570
f 3115/3115/3115 2572/2572/2572 2571/2571/2571
f 3117/3117/3117 2574/2574/2574 2573/2573/2573
f 3118/3118/3118 2575/2575/2575 2574/2574/2574
f 3124/3124/3124 2580/2580/2580 2579/2579/2579
f 3130/3130/3130 2582/2582/2582 2581/2581/2581
f 3131/3131/3131 2583/2583/2583 2582/2582/2582
f 3151/3151/3151 2613/2613/2613 2612/2612/2612
f 3155/3155/3155 2628/2628/2628 2627/2627/2627
f 3160/3160/3160 2633/2633/2633 2634/2634/2634
f 3164/3164/3164 2641/2641/2641 2640/2640/2640
f 3173/3173/3173 2653/2653/2653 2652/2652/2652
f 3179/3179/3179 2666/2666/2666 2665/2665/2665
f 3185/3185/3185 2690/2690/2690 2691/2691/2691
f 3189/3189/3189 2696/2696/2696 2697/2697/2697
f 3201/3201/3201 2717/2717/2717 2718/2718/2718
f 3204/3204/3204 2720/2720/2720 2721/2721/2721
f 3208/3208/3208 2729/2729/2729 2730/2730/2730
f 3211/3211/3211 2732/2732/2732 2731/2731/2731
f 3232/3232/3232 2755/2755/2755 2756/2756/2756
f 3239/3239/3239 2758/2758/2758 2757/2757/2757
f 3243/3243/3243 2768/2768/2768 2767/2767/2767
f 3253/3253/3253 2775/2775/2775 2774/2774/2774
f 3254/3254/3254 2776/2776/2776 2775/2775/2775
f 3263/3263/3263 2790/2790/2790 2789/2789/2789
f 3265/3265/3265 2803/2803/2803 2802/2802/2802
f 3270/3270/3270 2807/2807/2807 2806/2806/2806
f 3271/3271/3271 2808/2808/2808 2807/2807/2807
f 3274/3274/3274 2825/2825/2825 2824/2824/2824
f 3278/3278/3278 2903/2903/2903 2904/2904/2904
f 3282/3282/3282 2921/2921/2921 2922/2922/2922
f 3291/3291/3291 2942/2942/2942 2941/2941/2941
f 3295/3295/3295 2960/2960/2960 2959/2959/2959
f 3301/3301/3301 3080/3080/3080 3079/3079/3079
f 3302/3302/3302 3081/3081/3081 3080/3080/3080
f 3303/3303/3303 3082/3082/3082 3081/3081/3081
f 3304/3304/3304 3083/3083/3083 3082/3082/3082
f 3305/3305/3305 3084/3084/3084 3083/3083/3083
f 3313/3313/3313 3090/3090/3090 3089/3089/3089
f 3314/3314/3314 3091/3091/3091 3090/3090/3090
f 3315/3315/3315 3092/3092/3092 3091/3091/3091
f 3317/3317/3317 3095/3095/3095 3094/3094/3094
f 3318/3318/3318 3096/3096/3096 3095/3095/3095
f 3329/3329/3329 3107/3107/3107 3106/3106/3106
f 3332/3332/3332 3110/3110/3110 3109/3109/3109
f 3334/3334/3334 3112/3112/3112 3111/3111/3111
f 3335/3335/3335 3113/3113/3113 3112/3112/3112
f 3339/3339/3339 3117/3117/3117 3116/3116/3116
f 3340/3340/3340 3118/3118/3118 3117/3117/3117
f 3341/3341/3341 3119/3119/3119 3118/3118/3118
f 3350/3350/3350 3123/3123/3123 3122/3122/3122
f 3351/3351/3351 3124/3124/3124 3123/3123/3123
f 3356/3356/3356 3126/3126/3126 3125/3125/3125
f 3358/3358/3358 3128/3128/3128 3127/3127/3127
f 3359/3359/3359 3129/3129/3129 3128/3128/3128
f 3362/3362/3362 3133/3133/3133 3132/3132/3132
f 3363/3363/3363 3134/3134/3134 3133/3133/3133
f 3367/3367/3367 3137/3137/3137 3136/3136/3136
f 3368/3368/3368 3138/3138/3138 3137/3137/3137
f 3371/3371/3371 3145/3145/3145 3144/3144/3144
f 3373/3373/3373 3301/3301/3301 3300/3300/3300
f 3374/3374/3374 3302/3302/3302 3301/3301/3301
f 3375/3375/3375 3303/3303/3303 3302/3302/3302
f 3376/3376/3376 3304/3304/3304 3303/3303/3303
f 3381/3381/3381 3307/3307/3307 3306/3306/3306
f 3386/3386/3386 3317/3317/3317 3316/3316/3316
f 3401/3401/3401 3331/3331/3331 3330/3330/3330
f 3406/3406/3406 3337/3337/3337 3336/3336/3336
f 3408/3408/3408 3339/3339/3339 3338/3338/3338
f 3409/3409/3409 3340/3340/3340 3339/3339/3339
f 3410/3410/3410 3341/3341/3341 3340/3340/3340
f 3411/3411/3411 3342/3342/3342 3341/3341/3341
f 3412/3412/3412 3343/3343/3343 3342/3342/3342
f 3416/3416/3416 3347/3347/3347 3346/3346/3346
f 3417/3417/3417 3348/3348/3348 3347/3347/3347
f 3418/3418/3418 3349/3349/3349 3348/3348/3348
f 3419/3419/3419 3350/3350/3350 3349/3349/3349
f 3420/3420/3420 3351/3351/3351 3350/3350/3350
f 3423/3423/3423 3354/3354/3354 3353/3353/3353
f 3424/3424/3424 3355/3355/3355 3354/3354/3354
f 3428/3428/3428 3359/3359/3359 3358/3358/3358
f 3430/3430/3430 3361/3361/3361 3360/3360/3360
f 3432/3432/3432 3363/3363/3363 3362/3362/3362
f 3437/3437/3437 3374/3374/3374 3373/3373/3373
f 3438/3438/3438 3375/3375/3375 3374/3374/3374
f 3439/3439/3439 3376/3376/3376 3375/3375/3375
f 3440/3440/3440 3377/3377/3377 3376/3376/3376
f 3444/3444/3444 3380/3380/3380 3379/3379/3379
f 3445/3445/3445 3381/3381/3381 3380/3380/3380
f 3453/3453/3453 3385/3385/3385 3384/3384/3384
f 3454/3454/3454 3386/3386/3386 3385/3385/3385
f 3464/3464/3464 3396/3396/3396 3395/3395/3395
f 3467/3467/3467 3400/3400/3400 3399/3399/3399
f 3470/3470/3470 3405/3405/3405 3404/3404/3404
f 3472/3472/3472 3407/3407/3407 3406/3406/3406
f 3473/3473/3473 3408/3408/3408 3407/3407/3407
f 3474/3474/3474 3409/3409/3409 3408/3408/3408
f 3475/3475/3475 3410/3410/3410 3409/3409/3409
f 3476/3476/3476 3411/3411/3411 3410/3410/3410
f 3477/3477/3477 3412/3412/3412 3411/3411/3411
f 3478/3478/3478 3413/3413/3413 3412/3412/3412
f 3479/3479/3479 3414/3414/3414 3413/3413/3413
f 3480/3480/3480 3415/3415/3415 3414/3414/3414
f 3489/3489/3489 3424/3424/3424 3423/3423/3423
f 3491/3491/3491 3426/3426/3426 3425/3425/3425
f 3492/3492/3492 3427/3427/3427 3426/3426/3426
f 3502/3502/3502 3438/3438/3438 3437/3437/3437
f 3503/3503/3503 3439/3439/3439 3438/3438/3438
f 3504/3504/3504 3440/3440/3440 3439/3439/3439
f 3505/3505/3505 3441/3441/3441 3440/3440/3440
f 3507/3507/3507 3443/3443/3443 3442/3442/3442
f 3509/3509/3509 3445/3445/3445 3444/3444/3444
f 3510/3510/3510 3446/3446/3446 3445/3445/3445
f 3511/3511/3511 3447/3447/3447 3446/3446/3446
f 3514/3514/3514 3449/3449/3449 3448/3448/3448
f 3516/3516/3516 3451/3451/3451 3450/3450/3450
f 3517/3517/3517 3452/3452/3452 3451/3451/3451
f 3519/3519/3519 3454/3454/3454 3453/3453/3453
f 3521/3521/3521 3456/3456/3456 3455/3455/3455
f 3524/3524/3524 3459/3459/3459 3458/3458/3458
f 3529/3529/3529 3464/3464/3464 3463/3463/3463
f 3531/3531/3531 3469/3469/3469 3468/3468/3468
f 3534/3534/3534 3473/3473/3473 3472/3472/3472
f 3535/3535/3535 3474/3474/3474 3473/3473/3473
f 3536/3536/3536 3475/3475/3475 3474/3474/3474
f 3537/3537/3537 3476/3476/3476 3475/3475/3475
f 3538/3538/3538 3477/3477/3477 3476/3476/3476
f 3539/3539/3539 3478/3478/3478 3477/3477/3477
f 3540/3540/3540 3479/3479/3479 3478/3478/3478
f 3545/3545/3545 3484/3484/3484 3483/3483/3483
f 3549/3549/3549 3488/3488/3488 3487/3487/3487
f 3555/3555/3555 3494/3494/3494 3493/3493/3493
f 3561/3561/3561 3499/3499/3499 3498/3498/3498
f 3564/3564/3564 3502/3502/3502 3501/3501/3501
f 3565/3565/3565 3503/3503/3503 3502/3502/3502
f 3566/3566/3566 3504/3504/3504 3503/3503/3503
f 3567/3567/3567 3505/3505/3505 3504/3504/3504
f 3568/3568/3568 3506/3506/3506 3505/3505/3505
f 3569/3569/3569 3507/3507/3507 3506/3506/3506
f 3570/3570/3570 3508/3508/3508 3507/3507/3507
f 3571/3571/3571 3509/3509/3509 3508/3508/3508
f 3573/3573/3573 3511/3511/3511 3510/3510/3510
f 3581/3581/3581 3513/3513/3513 3512/3512/3512
f 3582/3582/3582 3514/3514/3514 3513/3513/3513
f 3583/3583/3583 3515/3515/3515 3514/3514/3514
f 3584/3584/3584 3516/3516/3516 3515/3515/3515
f 3585/3585/3585 3517/3517/3517 3516/3516/3516
f 3586/3586/3586 3518/3518/3518 3517/3517/3517
f 3589/3589/3589 3522/3522/3522 3521/3521/3521
f 3595/3595/3595 3528/3528/3528 3527/3527/3527
f 3601/3601/3601 3535/3535/3535 3534/3534/3534
f 3604/3604/3604 3538/3538/3538 3537/3537/3537
f 3605/3605/3605 3539/3539/3539 3538/3538/3538
f 3610/3610/3610 3544/3544/3544 3543/3543/3543
f 3611/3611/3611 3545/3545/3545 3544/3544/3544
f 3614/3614/3614 3548/3548/3548 3547/3547/3547
f 3619/3619/3619 3551/3551/3551 3550/3550/3550
f 3623/3623/3623 3554/3554/3554 3553/3553/3553
f 3631/3631/3631 3559/3559/3559 3558/3558/3558
f 3634/3634/3634 3561/3561/3561 3560/3560/3560
f 3636/3636/3636 3563/3563/3563 3562/3562/3562
f 3637/3637/3637 3564/3564/3564 3563/3563/3563
f 3638/3638/3638 3565/3565/3565 3564/3564/3564
f 3639/3639/3639 3566/3566/3566 3565/3565/3565
f 3640/3640/3640 3567/3567/3567 3566/3566/3566
f 3641/3641/3641 3568/3568/3568 3567/3567/3567
f 3644/3644/3644 3571/3571/3571 3570/3570/3570
f 3645/3645/3645 3572/3572/3572 3571/3571/3571
f 3649/3649/3649 3575/3575/3575 3574/3574/3574
f 3654/3654/3654 3579/3579/3579 3578/3578/3578
f 3661/3661/3661 3581/3581/3581 3580/3580/3580
f 3663/3663/3663 3583/3583/3583 3582/3582/3582
f 3671/3671/3671 3595/3595/3595 3594/3594/3594
f 3677/3677/3677 3599/3599/3599 3598/3598/3598
f 3678/3678/3678 3600/3600/3600 3599/3599/3599
f 3681/3681/3681 3605/3605/3605 3604/3604/3604
f 3683/3683/3683 3607/3607/3607 3606/3606/3606
f 3688/3688/3688 3612/3612/3612 3611/3611/3611
f 3689/3689/3689 3613/3613/3613 3612/3612/3612
f 3690/3690/3690 3614/3614/3614 3613/3613/3613
f 3692/3692/3692 3616/3616/3616 3615/3615/3615
f 3700/3700/3700 3625/3625/3625 3624/3624/3624
f 3702/3702/3702 3628/3628/3628 3627/3627/3627
f 3706/3706/3706 3631/3631/3631 3630/3630/3630
f 3708/3708/3708 3633/3633/3633 3632/3632/3632
f 3709/3709/3709 3634/3634/3634 3633/3633/3633
f 3711/3711/3711 3636/3636/3636 3635/3635/3635
f 3712/3712/3712 3637/3637/3637 3636/3636/3636
f 3713/3713/3713 3638/3638/3638 3637/3637/3637
f 3714/3714/3714 3639/3639/3639 3638/3638/3638
f 3715/3715/3715 3640/3640/3640 3639/3639/3639
f 3716/3716/3716 3641/3641/3641 3640/3640/3640
f 3717/3717/3717 3642/3642/3642 3641/3641/3641
f 3719/3719/3719 3644/3644/3644 3643/3643/3643
f 3720/3720/3720 3645/3645/3645 3644/3644/3644
f 3725/3725/3725 3648/3648/3648 3647/3647/3647
f 3726/3726/3726 3649/3649/3649 3648/3648/3648
f 3727/3727/3727 3650/3650/3650 3649/3649/3649
f 3732/3732/3732 3653/3653/3653 3652/3652/3652
f 3733/3733/3733 3654/3654/3654 3653/3653/3653
f 3737/3737/3737 3658/3658/3658 3657/3657/3657
f 3738/3738/3738 3659/3659/3659 3658/3658/3658
f 3739/3739/3739 3660/3660/3660 3659/3659/3659
f 3742/3742/3742 3663/3663/3663 3662/3662/3662
f 3749/3749/3749 3670/3670/3670 3669/3669/3669
f 3753/3753/3753 3676/3676/3676 3675/3675/3675
f 3754/3754/3754 3677/3677/3677 3676/3676/3676
f 3758/3758/3758 3682/3682/3682 3681/3681/3681
f 3761/3761/3761 3693/3693/3693 3692/3692/3692
f 3768/3768/3768 3702/3702/3702 3701/3701/3701
f 3769/3769/3769 3703/3703/3703 3702/3702/3702
f 3775/3775/3775 3708/3708/3708 3707/3707/3707
f 3779/3779/3779 3712/3712/3712 3711/3711/3711
f 3780/3780/3780 3713/3713/3713 3712/3712/3712
f 3781/3781/3781 3714/3714/3714 3713/3713/3713
f 3782/3782/3782 3715/3715/3715 3714/3714/3714
f 3783/3783/3783 3716/3716/3716 3715/3715/3715
f 3784/3784/3784 3717/3717/3717 3716/3716/3716
f 3785/3785/3785 3718/3718/3718 3717/3717/3717
f 3786/3786/3786 3719/3719/3719 3718/3718/3718
f 3787/3787/3787 3720/3720/3720 3719/3719/3719
f 3792/3792/3792 3724/3724/3724 3723/3723/3723
f 3793/3793/3793 3725/3725/3725 3724/3724/3724
f 3795/3795/3795 3727/3727/3727 3726/3726/3726
f 3796/3796/3796 3728/3728/3728 3727/3727/3727
f 3799/3799/3799 3731/3731/3731 3730/3730/3730
f 3800/3800/3800 3732/3732/3732 3731/3731/3731
f 3803/3803/3803 3735/3735/3735 3734/3734/3734
f 3804/3804/3804 3736/3736/3736 3735/3735/3735
f 3805/3805/3805 3737/3737/3737 3736/3736/3736
f 3813/3813/3813 3744/3744/3744 3743/3743/3743
f 3818/3818/3818 3749/3749/3749 3748/3748/3748
f 3821/3821/3821 3753/3753/3753 3752/3752/3752
f 3825/3825/3825 3760/3760/3760 3759/3759/3759
f 3827/3827/3827 3763/3763/3763 3762/3762/3762
f 3829/3829/3829 3767/3767/3767 3766/3766/3766
f 3831/3831/3831 3769/3769/3769 3768/3768/3768
f 3832/3832/3832 3770/3770/3770 3769/3769/3769
f 3841/3841/3841 3774/3774/3774 3773/3773/3773
f 3847/3847/3847 3780/3780/3780 3779/3779/3779
f 3848/3848/3848 3781/3781/3781 3780/3780/3780
f 3849/3849/3849 3782/3782/3782 3781/3781/3781
f 3850/3850/3850 3783/3783/3783 3782/3782/3782
f 3851/3851/3851 3784/3784/3784 3783/3783/3783
f 3852/3852/3852 3785/3785/3785 3784/3784/3784
f 3853/3853/3853 3786/3786/3786 3785/3785/3785
f 3854/3854/3854 3787/3787/3787 3786/3786/3786
f 3855/3855/3855 3788/3788/3788 3787/3787/3787
f 3856/3856/3856 3789/3789/3789 3788/3788/3788
f 3858/3858/3858 3791/3791/3791 3790/3790/3790
f 3860/3860/3860 3793/3793/3793 3792/3792/3792
f 3861/3861/3861 3794/3794/3794 3793/3793/3793
f 3862/3862/3862 3795/3795/3795 3794/3794/3794
f 3863/3863/3863 3796/3796/3796 3795/3795/3795
f 3864/3864/3864 3797/3797/3797 3796/3796/3796
f 3865/3865/3865 3798/3798/3798 3797/3797/3797
f 3870/3870/3870 3803/3803/3803 3802/3802/3802
f 3871/3871/3871 3804/3804/3804 3803/3803/3803
f 3872/3872/3872 3805/3805/3805 3804/3804/3804
f 3875/3875/3875 3808/3808/3808 3807/3807/3807
f 3876/3876/3876 3809/3809/3809 3808/3808/3808
f 3879/3879/3879 3812/3812/3812 3811/3811/3811
f 3884/3884/3884 3817/3817/3817 3816/3816/3816
f 3889/3889/3889 3829/3829/3829 3828/3828/3828
f 3890/3890/3890 3830/3830/3830 3829/3829/3829
f 3896/3896/3896 3836/3836/3836 3835/3835/3835
f 3900/3900/3900 3840/3840/3840 3839/3839/3839
f 3901/3901/3901 3841/3841/3841 3840/3840/3840
f 3907/3907/3907 3849/3849/3849 3848/3848/3848
f 3908/3908/3908 3850/3850/3850 3849/3849/3849
f 3909/3909/3909 3851/3851/3851 3850/3850/3850
f 3910/3910/3910 3852/3852/3852 3851/3851/3851
f 3911/3911/3911 3853/3853/3853 3852/3852/3852
f 3912/3912/3912 3854/3854/3854 3853/3853/3853
f 3913/3913/3913 3855/3855/3855 3854/3854/3854
f 3914/3914/3914 3856/3856/3856 3855/3855/3855
f 3915/3915/3915 3857/3857/3857 3856/3856/3856
f 3916/3916/3916 3858/3858/3858 3857/3857/3857
f 3917/3917/3917 3859/3859/3859 3858/3858/3858
f 3918/3918/3918 3860/3860/3860 3859/3859/3859
f 3919/3919/3919 3861/3861/3861 3860/3860/3860
f 3920/3920/3920 3862/3862/3862 3861/3861/3861
f 3921/3921/3921 3863/3863/3863 3862/3862/3862
f 3922/3922/3922 3864/3864/3864 3863/3863/3863
f 3923/3923/3923 3865/3865/3865 3864/3864/3864
f 3930/3930/3930 3872/3872/3872 3871/3871/3871
f 3931/3931/3931 3873/3873/3873 3872/3872/3872
f 3932/3932/3932 3874/3874/3874 3873/3873/3873
f 3933/3933/3933 3875/3875/3875 3874/3874/3874
f 3937/3937/3937 3879/3879/3879 3878/3878/3878
f 3941/3941/3941 3883/3883/3883 3882/3882/3882
f 3947/3947/3947 3890/3890/3890 3889/3889/3889
f 51/51/51 15/15/15 13/13/13
f 53/53/53 17/17/17 15/15/15
f 52/52/52 16/16/16 18/18/18
f 54/54/54 18/18/18 20/20/20
f 56/56/56 20/20/20 22/22/22
f 65/65/65 29/29/29 24/24/24
f 63/63/63 27/27/27 30/30/30
f 72/72/72 36/36/36 28/28/28
f 73/73/73 37/37/37 47/47/47
f 82/82/82 46/46/46 50/50/50
f 87/87/87 51/51/51 49/49/49
f 89/89/89 53/53/53 51/51/51
f 90/90/90 54/54/54 56/56/56
f 92/92/92 56/56/56 58/58/58
f 97/97/97 61/61/61 57/57/57
f 101/101/101 65/65/65 60/60/60
f 99/99/99 63/63/63 66/66/66
f 108/108/108 72/72/72 64/64/64
f 109/109/109 73/73/73 83/83/83
f 118/118/118 82/82/82 86/86/86
f 125/125/125 89/89/89 87/87/87
f 124/124/124 88/88/88 90/90/90
f 134/134/134 97/97/97 93/93/93
f 138/138/138 101/101/101 96/96/96
f 145/145/145 108/108/108 100/100/100
f 159/159/159 122/122/122 124/124/124
f 162/162/162 124/124/124 126/126/126
f 165/165/165 127/127/127 125/125/125
f 168/168/168 130/130/130 127/127/127
f 171/171/171 133/133/133 129/129/129
f 182/182/182 145/145/145 137/137/137
f 194/194/194 157/157/157 154/154/154
f 195/195/195 159/159/159 162/162/162
f 198/198/198 162/162/162 164/164/164
f 205/205/205 168/168/168 165/165/165
f 208/208/208 171/171/171 167/167/167
f 207/207/207 170/170/170 172/172/172
f 212/212/212 175/175/175 171/171/171
f 219/219/219 182/182/182 174/174/174
f 232/232/232 194/194/194 191/191/191
f 235/235/235 196/196/196 194/194/194
f 237/237/237 198/198/198 201/201/201
f 246/246/246 205/205/205 202/202/202
f 254/254/254 212/212/212 208/208/208
f 277/277/277 235/235/235 232/232/232
f 280/280/280 238/238/238 235/235/235
f 279/279/279 236/236/236 240/240/240
f 284/284/284 242/242/242 239/239/239
f 302/302/302 261/261/261 253/253/253
f 314/314/314 273/273/273 271/271/271
f 313/313/313 272/272/272 276/276/276
f 318/318/318 278/278/278 274/274/274
f 325/325/325 284/284/284 281/281/281
f 329/329/329 288/288/288 284/284/284
f 327/327/327 286/286/286 289/289/289
f 332/332/332 291/291/291 287/287/287
f 342/342/342 302/302/302 294/294/294
f 343/343/343 303/303/303 313/313/313
f 356/356/356 314/314/314 312/312/312
f 359/359/359 318/318/318 315/315/315
f 358/358/358 317/317/317 320/320/320
f 364/364/364 325/325/325 321/321/321
f 362/362/362 323/323/323 326/326/326
f 367/367/367 328/328/328 324/324/324
f 374/374/374 336/336/336 332/332/332
f 372/372/372 334/334/334 337/337/337
f 400/400/400 357/357/357 353/353/353
f 398/398/398 354/354/354 358/358/358
f 402/402/402 358/358/358 360/360/360
f 406/406/406 361/361/361 359/359/359
f 405/405/405 360/360/360 362/362/362
f 407/407/407 362/362/362 365/365/365
f 416/416/416 370/370/370 367/367/367
f 415/415/415 369/369/369 371/371/371
f 420/420/420 374/374/374 370/370/370
f 426/426/426 380/380/380 373/373/373
f 440/440/440 392/392/392 384/384/384
f 442/442/442 394/394/394 386/386/386
f 448/448/448 400/400/400 397/397/397
f 447/447/447 398/398/398 402/402/402
f 451/451/451 402/402/402 405/405/405
f 459/459/459 407/407/407 410/410/410
f 464/464/464 411/411/411 414/414/414
f 469/469/469 415/415/415 417/417/417
f 475/475/475 418/418/418 421/421/421
f 482/482/482 423/423/423 427/427/427
f 504/504/504 443/443/443 436/436/436
f 509/509/509 448/448/448 445/445/445
f 507/507/507 446/446/446 450/450/450
f 512/512/512 450/450/450 454/454/454
f 515/515/515 454/454/454 458/458/458
f 518/518/518 458/458/458 462/462/462
f 522/522/522 463/463/463 467/467/467
f 526/526/526 467/467/467 472/472/472
f 530/530/530 473/473/473 478/478/478
f 536/536/536 480/480/480 486/486/486
f 565/565/565 505/505/505 500/500/500
f 569/569/569 509/509/509 506/506/506
f 573/573/573 513/513/513 510/510/510
f 576/576/576 516/516/516 513/513/513
f 575/575/575 514/514/514 517/517/517
f 579/579/579 518/518/518 521/521/521
f 583/583/583 521/521/521 525/525/525
f 587/587/587 526/526/526 529/529/529
f 591/591/591 529/529/529 533/533/533
f 596/596/596 535/535/535 540/540/540
f 602/602/602 541/541/541 548/548/548
f 632/632/632 569/569/569 566/566/566
f 637/637/637 573/573/573 570/570/570
f 641/641/641 577/577/577 574/574/574
f 643/643/643 578/578/578 582/582/582
f 648/648/648 583/583/583 586/586/586
f 651/651/651 586/586/586 590/590/590
f 655/655/655 591/591/591 594/594/594
f 660/660/660 595/595/595 600/600/600
f 698/698/698 626/626/626 622/622/622
f 707/707/707 638/638/638 634/634/634
f 706/706/706 635/635/635 640/640/640
f 710/710/710 642/642/642 639/639/639
f 709/709/709 640/640/640 643/643/643
f 711/711/711 643/643/643 647/647/647
f 716/716/716 648/648/648 651/651/651
f 722/722/722 653/653/653 650/650/650
f 721/721/721 651/651/651 654/654/654
f 724/724/724 654/654/654 658/658/658
f 728/728/728 659/659/659 664/664/664
f 734/734/734 667/667/667 671/671/671
f 739/739/739 672/672/672 679/679/679
f 752/752/752 684/684/684 697/697/697
f 767/767/767 699/699/699 694/694/694
f 771/771/771 704/704/704 701/701/701
f 770/770/770 702/702/702 706/706/706
f 774/774/774 708/708/708 705/705/705
f 773/773/773 706/706/706 709/709/709
f 775/775/775 709/709/709 711/711/711
f 785/785/785 720/720/720 723/723/723
f 790/790/790 726/726/726 722/722/722
f 789/789/789 724/724/724 727/727/727
f 794/794/794 728/728/728 731/731/731
f 801/801/801 733/733/733 737/737/737
f 807/807/807 738/738/738 743/743/743
f 813/813/813 745/745/745 750/750/750
f 837/837/837 767/767/767 762/762/762
f 833/833/833 763/763/763 770/770/770
f 852/852/852 776/776/776 774/774/774
f 859/859/859 783/783/783 779/779/779
f 858/858/858 780/780/780 784/784/784
f 861/861/861 785/785/785 788/788/788
f 863/863/863 788/788/788 792/792/792
f 866/866/866 793/793/793 798/798/798
f 871/871/871 800/800/800 805/805/805
f 956/956/956 856/856/856 852/852/852
f 955/955/955 853/853/853 857/857/857
f 960/960/960 859/859/859 856/856/856
f 959/959/959 858/858/858 860/860/860
f 962/962/962 861/861/861 863/863/863
f 967/967/967 864/864/864 862/862/862
f 973/973/973 868/868/868 864/864/864
f 982/982/982 873/873/873 867/867/867
f 979/979/979 871/871/871 874/874/874
f 992/992/992 878/878/878 872/872/872
f 988/988/988 876/876/876 879/879/879
f 1004/1004/1004 886/886/886 877/877/877
f 1070/1070/1070 895/895/895 892/892/892
f 1068/1068/1068 893/893/893 897/897/897
f 1092/1092/1092 900/900/900 897/897/897
f 1091/1091/1091 899/899/899 902/902/902
f 1109/1109/1109 904/904/904 901/901/901
f 1108/1108/1108 902/902/902 905/905/905
f 1125/1125/1125 907/907/907 904/904/904
f 1129/1129/1129 908/908/908 922/922/922
f 1139/1139/1139 918/918/918 931/931/931
f 1144/1144/1144 922/922/922 936/936/936
f 1161/1161/1161 937/937/937 923/923/923
f 1163/1163/1163 939/939/939 925/925/925
f 1160/1160/1160 936/936/936 944/944/944
f 1181/1181/1181 951/951/951 954/954/954
f 1189/1189/1189 954/954/954 957/957/957
f 1214/1214/1214 963/963/963 960/960/960
f 1212/1212/1212 961/961/961 964/964/964
f 1226/1226/1226 967/967/967 963/963/963
f 1224/1224/1224 965/965/965 970/970/970
f 1239/1239/1239 972/972/972 966/966/966
f 1253/1253/1253 982/982/982 972/972/972
f 1266/1266/1266 991/991/991 980/980/980
f 1261/1261/1261 983/983/983 993/993/993
f 1263/1263/1263 987/987/987 996/996/996
f 1283/1283/1283 1002/1002/1002 989/989/989
f 1285/1285/1285 1004/1004/1004 991/991/991
f 1276/1276/1276 994/994/994 1005/1005/1005
f 1432/1432/1432 1012/1012/1012 1009/1009/1009
f 1457/1457/1457 1025/1025/1025 1017/1017/1017
f 1453/1453/1453 1018/1018/1018 1027/1027/1027
f 1475/1475/1475 1034/1034/1034 1026/1026/1026
f 1474/1474/1474 1029/1029/1029 1035/1035/1035
f 1491/1491/1491 1040/1040/1040 1034/1034/1034
f 1490/1490/1490 1039/1039/1039 1041/1041/1041
f 1550/1550/1550 1047/1047/1047 1044/1044/1044
f 1571/1571/1571 1052/1052/1052 1048/1048/1048
f 1570/1570/1570 1049/1049/1049 1053/1053/1053
f 1589/1589/1589 1056/1056/1056 1052/1052/1052
f 1659/1659/1659 1087/1087/1087 1075/1075/1075
f 1698/1698/1698 1116/1116/1116 1100/1100/1100
f 1711/1711/1711 1120/1120/1120 1104/1104/1104
f 1713/1713/1713 1131/1131/1131 1149/1149/1149
f 1745/1745/1745 1151/1151/1151 1138/1138/1138
f 1786/1786/1786 1168/1168/1168 1177/1177/1177
f 1808/1808/1808 1178/1178/1178 1186/1186/1186
f 1832/1832/1832 1188/1188/1188 1198/1198/1198
f 1864/1864/1864 1205/1205/1205 1193/1193/1193
f 1854/1854/1854 1199/1199/1199 1210/1210/1210
f 1873/1873/1873 1211/1211/1211 1222/1222/1222
f 1887/1887/1887 1225/1225/1225 1213/1213/1213
f 1886/1886/1886 1224/1224/1224 1236/1236/1236
f 1901/1901/1901 1239/1239/1239 1225/1225/1225
f 1898/1898/1898 1237/1237/1237 1248/1248/1248
f 1914/1914/1914 1252/1252/1252 1238/1238/1238
f 1911/1911/1911 1250/1250/1250 1262/1262/1262
f 1927/1927/1927 1263/1263/1263 1277/1277/1277
f 1944/1944/1944 1278/1278/1278 1299/1299/1299
f 1954/1954/1954 1286/1286/1286 1302/1302/1302
f 1983/1983/1983 1315/1315/1315 1298/1298/1298
f 1978/1978/1978 1303/1303/1303 1319/1319/1319
f 2009/2009/2009 1335/1335/1335 1318/1318/1318
f 2041/2041/2041 1363/1363/1363 1340/1340/1340
f 2067/2067/2067 1390/1390/1390 1364/1364/1364
f 2053/2053/2053 1365/1365/1365 1393/1393/1393
f 2070/2070/2070 1391/1391/1391 1418/1418/1418
f 2079/2079/2079 1394/1394/1394 1420/1420/1420
f 2092/2092/2092 1404/1404/1404 1428/1428/1428
f 2119/2119/2119 1440/1440/1440 1417/1417/1417
f 2105/2105/2105 1420/1420/1420 1442/1442/1442
f 2118/2118/2118 1428/1428/1428 1450/1450/1450
f 2148/2148/2148 1461/1461/1461 1441/1441/1441
f 2133/2133/2133 1444/1444/1444 1462/1462/1462
f 2145/2145/2145 1448/1448/1448 1466/1466/1466
f 2147/2147/2147 1450/1450/1450 1468/1468/1468
f 2176/2176/2176 1469/1469/1469 1481/1481/1481
f 2205/2205/2205 1494/1494/1494 1478/1478/1478
f 2190/2190/2190 1479/1479/1479 1495/1495/1495
f 2204/2204/2204 1482/1482/1482 1497/1497/1497
f 2283/2283/2283 1531/1531/1531 1512/1512/1512
f 2266/2266/2266 1515/1515/1515 1534/1534/1534
f 2301/2301/2301 1546/1546/1546 1527/1527/1527
f 2298/2298/2298 1536/1536/1536 1556/1556/1556
f 2300/2300/2300 1538/1538/1538 1558/1558/1558
f 2356/2356/2356 1574/1574/1574 1594/1594/1594
f 2384/2384/2384 1598/1598/1598 1578/1578/1578
f 2359/2359/2359 1579/1579/1579 1599/1599/1599
f 2389/2389/2389 1604/1604/1604 1584/1584/1584
f 2383/2383/2383 1595/1595/1595 1612/1612/1612
f 2414/2414/2414 1615/1615/1615 1598/1598/1598
f 2388/2388/2388 1602/1602/1602 1617/1617/1617
f 2419/2419/2419 1619/1619/1619 1604/1604/1604
f 2413/2413/2413 1613/1613/1613 1629/1629/1629
f 2451/2451/2451 1638/1638/1638 1622/1622/1622
f 2450/2450/2450 1632/1632/1632 1648/1648/1648
f 2480/2480/2480 1654/1654/1654 1638/1638/1638
f 2501/2501/2501 1665/1665/1665 1647/1647/1647
f 2506/2506/2506 1676/1676/1676 1655/1655/1655
f 2526/2526/2526 1702/1702/1702 1678/1678/1678
f 2530/2530/2530 1705/1705/1705 1681/1681/1681
f 2538/2538/2538 1714/1714/1714 1744/1744/1744
f 2578/2578/2578 1747/1747/1747 1722/1722/1722
f 2548/2548/2548 1723/1723/1723 1751/1751/1751
f 2584/2584/2584 1755/1755/1755 1727/1727/1727
f 2594/2594/2594 1765/1765/1765 1733/1733/1733
f 2598/2598/2598 1769/1769/1769 1749/1749/1749
f 2590/2590/2590 1761/1761/1761 1782/1782/1782
f 2597/2597/2597 1766/1766/1766 1785/1785/1785
f 2632/2632/2632 1826/1826/1826 1804/1804/1804
f 2631/2631/2631 1812/1812/1812 1835/1835/1835
f 2639/2639/2639 1828/1828/1828 1849/1849/1849
f 2660/2660/2660 1855/1855/1855 1833/1833/1833
f 2649/2649/2649 1836/1836/1836 1858/1858/1858
f 2659/2659/2659 1851/1851/1851 1869/1869/1869
f 2668/2668/2668 1858/1858/1858 1876/1876/1876
f 2682/2682/2682 1871/1871/1871 1882/1882/1882
f 2704/2704/2704 1883/1883/1883 1894/1894/1894
f 2727/2727/2727 1895/1895/1895 1906/1906/1906
f 2747/2747/2747 1913/1913/1913 1899/1899/1899
f 2736/2736/2736 1902/1902/1902 1915/1915/1915
f 2764/2764/2764 1929/1929/1929 1912/1912/1912
f 2813/2813/2813 1997/1997/1997 1973/1973/1973
f 2832/2832/2832 2021/2021/2021 1998/1998/1998
f 2819/2819/2819 1999/1999/1999 2023/2023/2023
f 2849/2849/2849 2049/2049/2049 2022/2022/2022
f 2838/2838/2838 2024/2024/2024 2050/2050/2050
f 2855/2855/2855 2055/2055/2055 2029/2029/2029
f 2863/2863/2863 2075/2075/2075 2101/2101/2101
f 2866/2866/2866 2084/2084/2084 2110/2110/2110
f 2877/2877/2877 2101/2101/2101 2127/2127/2127
f 2881/2881/2881 2111/2111/2111 2140/2140/2140
f 2895/2895/2895 2128/2128/2128 2153/2153/2153
f 2919/2919/2919 2181/2181/2181 2152/2152/2152
f 2911/2911/2911 2157/2157/2157 2185/2185/2185
f 2931/2931/2931 2194/2194/2194 2166/2166/2166
f 2918/2918/2918 2171/2171/2171 2198/2198/2198
f 2926/2926/2926 2182/2182/2182 2211/2211/2211
f 2947/2947/2947 2213/2213/2213 2184/2184/2184
f 2930/2930/2930 2186/2186/2186 2216/2216/2216
f 2951/2951/2951 2227/2227/2227 2197/2197/2197
f 2964/2964/2964 2243/2243/2243 2211/2211/2211
f 2966/2966/2966 2246/2246/2246 2214/2214/2214
f 2968/2968/2968 2272/2272/2272 2240/2240/2240
f 2977/2977/2977 2305/2305/2305 2272/2272/2272
f 2976/2976/2976 2273/2273/2273 2306/2306/2306
f 2989/2989/2989 2338/2338/2338 2305/2305/2305
f 2986/2986/2986 2307/2307/2307 2339/2339/2339
f 2988/2988/2988 2337/2337/2337 2366/2366/2366
f 2999/2999/2999 2340/2340/2340 2368/2368/2368
f 3026/3026/3026 2424/2424/2424 2394/2394/2394
f 3044/3044/3044 2454/2454/2454 2425/2425/2425
f 3049/3049/3049 2459/2459/2459 2427/2427/2427
f 3043/3043/3043 2439/2439/2439 2468/2468/2468
f 3061/3061/3061 2484/2484/2484 2455/2455/2455
f 3063/3063/3063 2490/2490/2490 2461/2461/2461
f 3071/3071/3071 2494/2494/2494 2518/2518/2518
f 3106/3106/3106 2563/2563/2563 2537/2537/2537
f 3085/3085/3085 2539/2539/2539 2577/2577/2577
f 3123/3123/3123 2579/2579/2579 2547/2547/2547
f 3132/3132/3132 2594/2594/2594 2564/2564/2564
f 3152/3152/3152 2625/2625/2625 2611/2611/2611
f 3167/3167/3167 2644/2644/2644 2629/2629/2629
f 3159/3159/3159 2630/2630/2630 2647/2647/2647
f 3162/3162/3162 2635/2635/2635 2653/2653/2653
f 3166/3166/3166 2643/2643/2643 2662/2662/2662
f 3178/3178/3178 2665/2665/2665 2646/2646/2646
f 3180/3180/3180 2672/2672/2672 2651/2651/2651
f 3177/3177/3177 2663/2663/2663 2684/2684/2684
f 3193/3193/3193 2707/2707/2707 2683/2683/2683
f 3188/3188/3188 2693/2693/2693 2715/2715/2715
f 3190/3190/3190 2697/2697/2697 2719/2719/2719
f 3207/3207/3207 2728/2728/2728 2705/2705/2705
f 3192/3192/3192 2706/2706/2706 2729/2729/2729
f 3210/3210/3210 2731/2731/2731 2708/2708/2708
f 3200/3200/3200 2716/2716/2716 2737/2737/2737
f 3206/3206/3206 2722/2722/2722 2739/2739/2739
f 3209/3209/3209 2730/2730/2730 2748/2748/2748
f 3216/3216/3216 2737/2737/2737 2755/2755/2755
f 3240/3240/3240 2765/2765/2765 2747/2747/2747
f 3272/3272/3272 2823/2823/2823 2805/2805/2805
f 3277/3277/3277 2892/2892/2892 2905/2905/2905
f 3292/3292/3292 2957/2957/2957 2940/2940/2940
f 3298/3298/3298 3019/3019/3019 3006/3006/3006
f 3309/3309/3309 3086/3086/3086 3121/3121/3121
f 3330/3330/3330 3108/3108/3108 3134/3134/3134
f 3364/3364/3364 3135/3135/3135 3124/3124/3124
f 3369/3369/3369 3143/3143/3143 3135/3135/3135
f 3397/3397/3397 3328/3328/3328 3305/3305/3305
f 3402/3402/3402 3333/3333/3333 3308/3308/3308
f 3465/3465/3465 3398/3398/3398 3378/3378/3378
f 3468/3468/3468 3403/3403/3403 3383/3383/3383
f 3500/3500/3500 3436/3436/3436 3434/3434/3434
f 3532/3532/3532 3471/3471/3471 3495/3495/3495
f 3587/3587/3587 3520/3520/3520 3552/3552/3552
f 3599/3599/3599 3533/3533/3533 3557/3557/3557
f 3635/3635/3635 3562/3562/3562 3559/3559/3559
f 3672/3672/3672 3596/3596/3596 3572/3572/3572
f 3679/3679/3679 3603/3603/3603 3577/3577/3577
f 3684/3684/3684 3608/3608/3608 3579/3579/3579
f 3664/3664/3664 3588/3588/3588 3621/3621/3621
f 3697/3697/3697 3622/3622/3622 3597/3597/3597
f 3694/3694/3694 3619/3619/3619 3629/3629/3629
f 3710/3710/3710 3635/3635/3635 3631/3631/3631
f 3750/3750/3750 3673/3673/3673 3646/3646/3646
f 3755/3755/3755 3679/3679/3679 3651/3651/3651
f 3759/3759/3759 3691/3691/3691 3663/3663/3663
f 3764/3764/3764 3698/3698/3698 3674/3674/3674
f 3762/3762/3762 3695/3695/3695 3704/3704/3704
f 3819/3819/3819 3751/3751/3751 3722/3722/3722
f 3822/3822/3822 3756/3756/3756 3729/3729/3729
f 3844/3844/3844 3777/3777/3777 3772/3772/3772
f 3887/3887/3887 3826/3826/3826 3832/3832/3832
f 3893/3893/3893 3833/3833/3833 3830/3830/3830
f 3904/3904/3904 3846/3846/3846 3838/3838/3838
f 3942/3942/3942 3885/3885/3885 3877/3877/3877
f 3936/3936/3936 3878/3878/3878 3887/3887/3887
f 3945/3945/3945 3888/3888/3888 3886/3886/3886
