# Chamber_Corner_Collision - generated by tools/gen_cave_kit.py, do not edit
o Chamber_Corner_Collision
v 4.000000 0.101318 -1.934672
v 4.000000 -0.069438 -1.505445
v 4.000000 -0.099328 -0.999929
v 4.000000 -0.091209 -0.499980
v 4.000000 -0.087622 0.000000
v 4.000000 -0.091209 0.499980
v 4.000000 -0.099328 0.999929
v 4.000000 -0.069438 1.505445
v 4.000000 0.101318 1.934672
v 4.000000 0.607997 -2.336538
v 4.000000 0.342985 -2.192959
v 4.000000 0.342985 2.192959
v 4.000000 0.607997 2.336538
v 4.000000 0.998976 -2.451794
v 4.000000 0.998976 2.451794
v 4.000000 1.500235 -2.504796
v 4.000000 1.500235 2.504796
v 4.000000 1.999903 -2.493615
v 4.000000 1.999903 2.493615
v 4.000000 2.501784 -2.427373
v 4.000000 2.501784 2.427373
v 4.000000 2.882664 -2.326525
v 4.000000 3.140114 -2.193808
v 4.000000 3.140114 2.193808
v 4.000000 2.882664 2.326525
v 4.000000 3.421503 -1.938023
v 4.000000 3.662922 -1.582112
v 4.000000 3.662922 1.582112
v 4.000000 3.421503 1.938023
v 4.000000 3.789063 -1.327630
v 4.000000 3.918724 -1.002389
v 4.000000 4.050795 -0.501186
v 4.000000 4.094719 0.000000
v 4.000000 4.050795 0.501186
v 4.000000 3.918724 1.002389
v 4.000000 3.789063 1.327630
v 3.500002 0.101670 -1.935206
v 3.500001 -0.070364 -1.500610
v 3.499973 -0.099335 -1.000466
v 3.499930 -0.091221 -0.500841
v 3.499897 -0.087622 0.000000
v 3.499891 -0.091223 0.501017
v 3.499915 -0.099339 1.000765
v 3.499964 -0.071656 1.493717
v 3.456745 0.145015 2.001216
v 3.262315 0.247415 2.251959
v 3.500000 0.602496 -2.334255
v 3.500001 0.340997 -2.191468
v 3.600176 0.332470 2.184980
v 3.450078 0.519928 2.303221
v 3.500000 1.000420 -2.452062
v 3.411801 1.061477 2.492649
v 3.255978 1.232348 2.754953
v 3.499999 1.500769 -2.504827
v 3.532361 1.508454 2.505264
v 3.270879 1.500582 2.767933
v 3.499998 1.998700 -2.493729
v 3.532675 1.986556 2.494866
v 3.271678 1.999406 2.768487
v 3.499998 2.498747 -2.427920
v 3.406561 2.439779 2.475277
v 3.255684 2.273399 2.754916
v 3.500000 2.905908 -2.317393
v 3.499997 3.151029 -2.186348
v 3.663480 3.156243 2.182722
v 3.496781 2.961936 2.293405
v 3.499989 3.425669 -1.933138
v 3.499944 3.642596 -1.618450
v 3.650417 3.646025 1.612409
v 3.480909 3.422318 1.939339
v 3.293537 3.303736 2.276576
v 3.499900 3.772307 -1.364433
v 3.414122 3.972885 -0.923052
v 3.553916 4.053744 -0.484132
v 3.606563 4.094719 0.000000
v 3.587637 4.053744 0.484132
v 3.429067 3.958000 0.969940
v 3.473466 3.751135 1.417523
v 3.283150 3.790605 1.809886
v 3.252672 4.252388 -0.756994
v 3.280368 4.278569 -0.497230
v 3.303036 4.303566 0.000709
v 3.291652 4.303938 0.496733
v 3.270122 4.280661 0.862009
v 2.789098 -0.264247 -1.282060
v 2.865486 -0.294186 -1.001757
v 2.948330 -0.331200 -0.501816
v 2.983946 -0.351584 -0.000708
v 2.993929 -0.354945 0.500102
v 2.983580 -0.348562 1.000758
v 2.910412 -0.327279 1.504004
v 2.813172 -0.282168 1.809964
v 3.004109 0.059138 -1.965709
v 2.977388 -0.185885 -1.475350
v 3.118006 -0.238761 -1.002663
v 3.205202 -0.251691 -0.501378
v 3.234366 -0.250124 -0.000206
v 3.241811 -0.250182 0.499985
v 3.235187 -0.250954 1.000270
v 3.166328 -0.249870 1.508131
v 2.999181 -0.124232 2.002347
v 3.005353 0.154895 2.360874
v 3.001729 0.569429 -2.363719
v 3.001133 0.314700 -2.213945
v 3.018967 0.468335 2.614900
v 2.864467 0.619413 2.863446
v 3.001088 0.997434 -2.494276
v 3.211117 0.888472 2.721574
v 3.000359 1.053359 2.997530
v 2.755133 1.231680 3.256215
v 3.000530 1.499533 -2.553339
v 3.060480 1.492850 3.064509
v 2.767925 1.500627 3.270605
v 3.000387 2.000086 -2.558919
v 3.076510 2.004857 3.076558
v 2.768527 1.999400 3.271834
v 3.002230 2.501910 -2.513730
v 3.224574 2.612196 2.723152
v 3.015531 2.453269 3.017413
v 2.754672 2.272256 3.255435
v 3.018764 3.034441 -2.376339
v 3.191909 3.215134 -2.238561
v 3.154054 3.021033 2.677537
v 2.896699 3.015510 2.900680
v 2.855505 3.306297 -2.285354
v 3.044391 3.535910 -2.049057
v 3.223794 3.738518 -1.729260
v 3.206825 3.672992 2.176477
v 3.003104 3.507179 2.518853
v 2.802680 3.334164 2.804081
v 2.888782 3.840948 -1.835083
v 3.023322 4.014229 -1.529729
v 3.171061 4.210715 -1.112711
v 3.243359 4.234877 1.199150
v 3.205056 4.182778 1.517554
v 3.030084 4.034573 2.035050
v 2.853720 3.871344 2.369850
v 2.823895 4.324873 -1.325762
v 2.972530 4.470869 -0.944533
v 3.090779 4.578548 -0.513573
v 3.150413 4.639451 -0.005674
v 3.151794 4.632403 0.506509
v 3.140181 4.523712 1.037227
v 2.915264 4.521748 1.489916
v 2.833104 4.350099 1.865160
v 2.763952 4.766499 -0.775310
v 2.820503 4.835566 -0.505685
v 2.868018 4.895708 -0.001570
v 2.869572 4.896003 0.501744
v 2.831489 4.847737 1.005818
v 2.777563 4.783697 1.299747
v 2.501857 -0.294429 -1.371219
v 2.501877 -0.364085 -1.001781
v 2.502238 -0.427944 -0.501358
v 2.502733 -0.465858 -0.000600
v 2.502051 -0.475394 0.499973
v 2.502886 -0.474473 1.000144
v 2.504692 -0.444590 1.501990
v 2.494062 -0.339830 1.989069
v 2.316616 -0.283104 2.320089
v 2.508767 0.002763 -2.003322
v 2.502567 -0.223214 -1.623883
v 2.652431 -0.201824 2.144975
v 2.528228 -0.047378 2.530468
v 2.361256 0.152291 3.006626
v 2.251622 0.247793 3.260681
v 2.500002 0.550022 -2.357910
v 2.500045 0.299234 -2.218794
v 2.713012 0.297301 2.713509
v 2.614888 0.467401 3.020459
v 2.303410 0.519601 3.448517
v 2.336538 0.607997 4.000000
v 2.499849 1.000354 -2.507479
v 2.721633 0.887557 3.213320
v 2.492475 1.061155 3.411952
v 2.451794 0.998976 4.000000
v 2.497178 1.504491 -2.572415
v 2.505264 1.508454 3.532770
v 2.504796 1.500235 4.000000
v 2.504517 1.998515 -2.668256
v 2.494866 1.986556 3.532601
v 2.493615 1.999903 4.000000
v 2.498939 2.499119 -2.620453
v 2.723119 2.611091 3.223937
v 2.475674 2.439223 3.406245
v 2.427373 2.501784 4.000000
v 2.504198 3.005684 -2.517410
v 2.674271 3.020426 3.149869
v 2.293304 2.962203 3.495996
v 2.326525 2.882664 4.000000
v 2.500845 3.399478 -2.335998
v 2.500819 3.649214 -2.174338
v 2.683261 3.656654 2.684195
v 2.513341 3.503714 2.998040
v 2.275805 3.302750 3.293359
v 2.473442 3.984109 -1.890397
v 2.630353 4.158297 -1.643930
v 2.692381 4.190794 2.187919
v 2.526023 4.028560 2.527618
v 2.364843 3.869392 2.848421
v 2.300134 4.317759 -1.779522
v 2.499388 4.493917 -1.517768
v 2.670552 4.652311 -1.108111
v 2.661078 4.674330 1.632966
v 2.509829 4.509932 2.010127
v 2.353331 4.341190 2.358050
v 2.351004 4.867126 -1.362957
v 2.468354 4.982455 -0.937830
v 2.570209 5.080387 -0.505265
v 2.641257 5.144030 -0.000923
v 2.623385 5.144098 0.503116
v 2.559173 5.099974 1.005325
v 2.477693 4.983662 1.459918
v 2.325369 4.813229 1.830135
v 2.256148 5.256416 -0.763454
v 2.317047 5.315085 -0.505506
v 2.397001 5.386588 -0.000420
v 2.373283 5.358507 0.508014
v 2.291729 5.281700 1.000364
v 2.254120 5.253781 1.255220
v 1.829754 -0.263454 -1.768706
v 1.999558 -0.325193 -1.530717
v 2.000500 -0.424238 -1.000895
v 2.001000 -0.492626 -0.500946
v 2.001315 -0.540359 -0.001311
v 2.001350 -0.560033 0.499743
v 2.001085 -0.561112 1.000030
v 2.003434 -0.554976 1.501842
v 2.003781 -0.477683 2.004653
v 1.991903 -0.341510 2.497230
v 1.813691 -0.282593 2.813595
v 1.875493 0.191389 -2.284385
v 2.028664 -0.068406 -2.038549
v 2.163710 -0.245017 -1.713240
v 2.150109 -0.207717 2.657709
v 2.004777 -0.126176 3.000189
v 2.001571 0.145028 3.455322
v 1.934672 0.101318 4.000000
v 2.025315 0.467149 -2.383745
v 2.210041 0.277756 -2.229579
v 2.184980 0.332470 3.597860
v 2.192959 0.342985 4.000000
v 1.996321 1.003827 -2.542314
v 1.834207 1.685038 -2.760591
v 1.995954 1.521593 -2.652798
v 1.946832 1.995649 -2.815745
v 2.193551 1.996473 -2.758023
v 1.958403 2.504372 -2.821588
v 2.190778 2.499759 -2.722220
v 1.859888 3.008012 -2.815613
v 2.101634 3.003155 -2.670899
v 2.182722 3.156243 3.662690
v 2.193808 3.140114 4.000000
v 1.793153 3.291031 -2.781405
v 2.014726 3.516231 -2.510604
v 2.224062 3.727689 -2.235829
v 2.175540 3.672300 3.204156
v 1.939402 3.422625 3.479211
v 1.938023 3.421503 4.000000
v 1.889649 3.854543 -2.324212
v 2.030980 4.010582 -2.131708
v 2.200536 4.198435 2.700750
v 2.036281 4.031014 3.031138
v 1.808626 3.789556 3.282951
v 1.995828 4.498540 -1.874872
v 2.169705 4.665040 -1.715364
v 2.149401 4.682746 2.164298
v 2.020479 4.530385 2.516684
v 1.871760 4.351766 2.838951
v 1.823995 4.801047 -1.796082
v 2.049077 5.058807 -1.566438
v 2.187761 5.216734 -1.107583
v 2.013173 5.185929 1.612701
v 1.992847 4.902840 2.003682
v 1.814059 4.788028 2.306442
v 1.846105 5.329531 -1.316264
v 2.013958 5.383246 -0.964591
v 1.951698 5.573112 -0.454046
v 1.953067 5.633648 -0.040811
v 1.998877 5.529424 0.498895
v 1.997660 5.413836 0.999017
v 2.003764 5.322877 1.349520
v 1.752114 5.751570 -0.256151
v 1.751739 5.751027 -0.234186
v 1.501061 -0.286128 -1.803090
v 1.501357 -0.380379 -1.504473
v 1.500798 -0.469862 -1.002236
v 1.499904 -0.526335 -0.501142
v 1.500726 -0.568166 -0.000488
v 1.500080 -0.577619 0.499906
v 1.500018 -0.580950 1.000010
v 1.500082 -0.578222 1.500309
v 1.500892 -0.535060 2.001674
v 1.501910 -0.439510 2.504341
v 1.503930 -0.327099 2.910255
v 1.501120 0.123956 -2.345161
v 1.504417 -0.149369 -2.067840
v 1.508060 -0.249985 3.166213
v 1.493715 -0.071656 3.499964
v 1.505445 -0.069438 4.000000
v 1.259174 0.743859 -2.754194
v 1.459977 0.534253 -2.605518
v 1.342270 0.989670 -2.818069
v 1.587947 0.998112 -2.699697
v 1.527253 1.499618 -2.838881
v 1.670146 1.356271 -2.699860
v 1.514017 1.986909 -2.966452
v 1.545489 2.551130 -3.024188
v 1.514572 3.003824 -2.894026
v 1.517270 3.388024 -2.860724
v 1.501978 3.613021 -2.658113
v 1.612409 3.646025 3.649352
v 1.582112 3.662922 4.000000
v 1.457539 4.019012 -2.375802
v 1.587824 4.188566 -2.208957
v 1.516131 4.178669 3.205217
v 1.418095 3.751311 3.471937
v 1.327630 3.789063 4.000000
v 1.254753 4.251850 -2.251844
v 1.444248 4.423686 -2.045825
v 1.506958 4.704495 2.678071
v 1.513971 4.465132 2.943215
v 1.512084 4.877043 -1.851223
v 1.512937 5.155497 -1.686494
v 1.703626 5.227413 1.704994
v 1.525867 5.141118 2.015441
v 1.506582 4.886894 2.423782
v 1.513327 5.405060 -1.409344
v 1.513880 5.640961 -1.000682
v 1.705701 5.743940 -0.596075
v 1.737671 5.746723 0.099313
v 1.655551 5.684873 0.491955
v 1.491583 5.659331 1.035436
v 1.504514 5.387822 1.498755
v 1.364270 5.302017 1.848145
v 1.348824 5.789849 -0.829813
v 1.553189 5.884171 -0.468460
v 1.554418 5.851499 -0.037735
v 1.435267 5.868052 0.508245
v 1.324188 5.815497 0.893863
v 1.000264 -0.301398 -1.830222
v 1.000371 -0.397002 -1.502042
v 0.999845 -0.471383 -1.001118
v 0.999958 -0.518494 -0.500547
v 0.999714 -0.576888 -0.000908
v 1.000046 -0.586005 0.500005
v 0.999996 -0.582683 0.999997
v 1.000104 -0.587876 1.500081
v 1.000091 -0.555150 2.001829
v 1.000198 -0.467407 2.502593
v 1.000677 -0.347534 2.982652
v 1.003446 0.081091 -2.393174
v 1.000234 -0.161895 -2.085181
v 1.000270 -0.251077 3.234521
v 1.000763 -0.099339 3.499916
v 0.999929 -0.099328 4.000000
v 1.001693 0.687730 -2.782869
v 1.010600 0.419714 -2.660077
v 1.014678 0.983218 -2.895096
v 1.046825 1.504054 -3.012155
v 1.021166 1.993421 -2.999087
v 0.994632 2.505061 -3.003610
v 0.987756 2.980754 -3.028222
v 0.989167 3.445998 -2.814254
v 1.002843 3.609552 -2.618608
v 1.034562 4.034575 -2.410895
v 0.906489 4.188893 -2.226320
v 1.197723 4.234764 3.243201
v 0.969348 3.958664 3.428472
v 1.002389 3.918724 4.000000
v 1.244929 4.251800 -2.251792
v 1.058495 4.412733 -2.049280
v 1.235675 4.746486 2.745889
v 1.065240 4.566161 3.050622
v 0.860498 4.279516 3.270183
v 0.995408 4.955684 -1.865795
v 1.000004 5.194024 -1.715232
v 1.160742 5.216267 2.192846
v 1.027418 4.996911 2.514811
v 0.905543 4.808570 2.800899
v 1.010055 5.493845 -1.530888
v 1.002350 5.741070 -1.167420
v 1.235791 5.745735 1.227861
v 1.103770 5.654437 1.491434
v 0.960375 5.478503 1.975326
v 0.825417 5.293185 2.297001
v 0.999753 5.808560 -0.905794
v 1.000364 5.927505 -0.500280
v 0.988034 5.962550 0.015085
v 1.019896 6.082931 0.491047
v 1.093035 5.966473 1.074845
v 0.876399 5.825698 1.514098
v 0.751089 5.750933 1.751146
v 0.497787 -0.313865 -1.829414
v 0.497427 -0.415265 -1.509084
v 0.499064 -0.456691 -1.000259
v 0.499325 -0.501912 -0.503139
v 0.499346 -0.572844 -0.002055
v 0.499661 -0.584736 0.499901
v 0.499797 -0.590081 1.000115
v 0.499692 -0.578656 1.500323
v 0.500029 -0.550900 2.001121
v 0.500136 -0.471244 2.502064
v 0.499984 -0.352800 2.992515
v 0.500044 0.099809 -2.382268
v 0.498442 -0.174659 -2.085174
v 0.499981 -0.250231 3.240989
v 0.501013 -0.091223 3.499891
v 0.499980 -0.091209 4.000000
v 0.497604 0.610709 -2.841533
v 0.498672 0.379855 -2.654465
v 0.496602 0.906648 -3.073047
v 0.534417 1.531729 -3.194868
v 0.518425 2.103969 -3.136136
v 0.483119 2.689444 -2.952152
v 0.468100 3.009760 -2.848626
v 0.332168 3.126187 -2.683283
v 0.651117 3.323515 -2.773918
v 0.451792 3.528921 -2.526839
v 0.280872 3.725055 -2.241242
v 0.581863 3.876384 -2.353364
v 0.470104 3.999021 -2.155867
v 0.484132 4.053744 3.586752
v 0.501186 4.050795 4.000000
v 0.505725 4.496151 -1.928032
v 0.508742 4.635634 3.123472
v 0.496799 4.302185 3.291695
v 0.492700 4.888226 -1.820681
v 0.488156 5.142220 -1.740927
v 0.500676 5.088878 2.584388
v 0.502395 4.851061 2.837987
v 0.524287 5.569519 -1.471403
v 0.703615 5.732010 -1.220831
v 0.501375 5.595895 2.021677
v 0.502670 5.339559 2.346896
v 0.371120 5.782841 -1.290167
v 0.534332 5.879106 -1.044071
v 0.504080 6.080273 -0.515135
v 0.514525 6.196645 -0.011639
v 0.501520 6.160445 0.512135
v 0.500167 6.036135 1.000178
v 0.502183 5.853389 1.494539
v 0.499095 5.771669 1.760533
v 0.177504 -0.282857 -1.793216
v 0.097004 -0.336408 -1.508993
v 0.059500 -0.354629 -1.003610
v -0.036091 -0.359789 -0.499651
v -0.012813 -0.512483 -0.013902
v -0.002427 -0.559628 0.499094
v -0.001806 -0.564901 1.000521
v -0.000217 -0.549273 1.499979
v -0.000918 -0.537619 2.001226
v -0.000669 -0.467345 2.503144
v -0.000497 -0.348983 2.982694
v -0.004220 0.091749 -2.384229
v 0.000030 -0.166230 -1.987976
v -0.133390 -0.182259 -1.499988
v -0.191961 -0.202394 -1.002349
v -0.214625 -0.220120 -0.660585
v -0.000195 -0.249937 3.233717
v 0.000000 -0.087622 3.499897
v -0.000000 -0.087622 4.000000
v 0.094050 0.667132 -2.803991
v -0.045897 0.505126 -2.642086
v -0.145513 0.848216 -2.909257
v -0.234514 0.780490 -2.741545
v -0.159439 1.503444 -2.961977
v -0.179908 2.062512 -3.091571
v -0.033781 2.569856 -2.841287
v -0.170315 2.701375 -2.729131
v 0.181090 2.841679 -2.886609
v 0.026120 3.080602 -2.757478
v 0.001722 3.361860 -2.346486
v 0.010917 3.626011 -2.159901
v -0.001698 4.004813 -2.061885
v -0.000000 4.094719 3.606321
v -0.000000 4.094719 4.000000
v 0.032236 4.482555 -1.759713
v -0.121768 4.684453 -1.681317
v -0.006596 4.642260 3.122808
v 0.000665 4.302244 3.303089
v 0.210805 4.775168 -1.754231
v 0.024323 4.967308 -1.670971
v 0.001030 5.081352 2.580285
v -0.002189 4.853122 2.840408
v -0.030332 5.548169 -1.419114
v -0.208449 5.736350 -1.239428
v -0.087991 5.718669 1.690823
v 0.043875 5.618022 1.960768
v -0.001648 5.341816 2.353292
v 0.123977 5.792982 -1.303563
v -0.044127 5.942227 -1.090543
v -0.000259 6.042949 -0.500534
v 0.004440 6.065644 0.000982
v -0.006277 6.086558 0.502639
v -0.003614 6.014709 1.001610
v 0.043229 5.808224 1.501789
v 0.244374 5.750929 1.751313
v -0.296582 -0.262893 -0.326224
v -0.483638 -0.352545 -0.011434
v -0.503394 -0.482147 0.497302
v -0.500118 -0.508661 1.000001
v -0.500618 -0.518756 1.499746
v -0.501248 -0.502704 2.001413
v -0.501512 -0.436293 2.502950
v -0.501705 -0.333600 2.950763
v -0.362838 0.179158 -2.312245
v -0.545297 -0.003080 -2.034528
v -0.521600 0.073407 -1.482496
v -0.401810 0.064448 -1.001691
v -0.518638 -0.050834 -0.484191
v -0.639179 -0.160292 -0.184459
v -0.501239 -0.251195 3.207139
v -0.500844 -0.091221 3.499929
v -0.499980 -0.091209 4.000000
v -0.501871 0.546589 -2.362097
v -0.707980 0.392586 -2.220794
v -0.727581 0.353978 -1.283704
v -0.598732 0.511822 -1.056993
v -0.673079 0.494766 -0.638343
v -0.380515 1.137190 -2.833376
v -0.539854 0.934203 -2.622743
v -0.616917 0.849110 -0.892651
v -0.688591 0.832785 -0.699358
v -0.270182 1.497213 -2.747650
v -0.524453 1.504123 -2.541402
v -0.384164 1.978748 -2.844033
v -0.624775 1.991003 -2.639285
v -0.324922 2.375087 -2.781343
v -0.520205 2.526822 -2.531980
v -0.677026 2.632794 -2.198891
v -0.346013 2.999444 -2.384828
v -0.587699 2.996830 -2.132555
v -0.275281 3.292362 -2.285863
v -0.463344 3.471025 -2.067587
v -0.534593 4.005934 -1.900073
v -0.698377 4.170211 -1.724187
v -0.484132 4.053744 3.554718
v -0.501186 4.050795 4.000000
v -0.365124 4.369422 -1.819991
v -0.518501 4.518022 -1.691434
v -0.513303 4.585107 3.068179
v -0.497259 4.278807 3.281123
v -0.499705 4.999221 -1.568495
v -0.726631 5.242009 2.239287
v -0.534017 5.069649 2.475652
v -0.503126 4.799558 2.793478
v -0.498633 5.454674 -1.398561
v -0.501562 5.717768 -1.197269
v -0.712442 5.707351 0.204071
v -0.725326 5.736553 0.376636
v -0.497928 5.663917 1.624202
v -0.543318 5.438367 2.050560
v -0.395016 5.302073 2.308584
v -0.519129 5.893536 -0.953454
v -0.518616 5.980415 -0.502942
v -0.523428 5.851226 0.014449
v -0.547368 5.866153 0.528614
v -0.484071 5.836314 1.004502
v -0.500218 5.835294 1.384909
v -0.998514 -0.319666 0.125822
v -1.000772 -0.438956 0.493524
v -1.000683 -0.482312 0.999875
v -1.000947 -0.477448 1.500212
v -1.001912 -0.445683 2.001592
v -1.001388 -0.371276 2.501633
v -1.001757 -0.297342 2.873493
v -1.036468 0.109049 -1.825783
v -1.008952 0.156653 -1.632624
v -1.002736 0.172570 -0.276333
v -0.997325 -0.107831 -0.130145
v -1.002667 -0.238835 3.125979
v -1.000470 -0.099335 3.499973
v -0.999929 -0.099328 4.000000
v -0.757347 0.732749 -2.254186
v -0.994408 0.535556 -2.120148
v -1.016789 0.521665 -1.360415
v -0.761680 0.717777 -1.246800
v -1.000105 0.498909 -0.518270
v -0.815334 0.999312 -2.296408
v -1.069307 0.997506 -2.156281
v -1.085876 0.829952 -1.391355
v -0.937790 0.962723 -1.190493
v -1.053095 0.890586 -0.569935
v -0.858283 1.506214 -2.314839
v -1.124324 1.500237 -2.184069
v -0.852986 2.008535 -2.348500
v -1.072904 1.995667 -2.106687
v -0.766567 2.299467 -2.293891
v -0.949735 2.473222 -2.028163
v -1.011747 2.953813 -1.867489
v -1.187247 3.089094 -1.717018
v -0.872633 3.503454 -1.853003
v -1.131585 3.508369 -1.676475
v -0.784097 3.828575 -1.769150
v -1.018222 4.038933 -1.517356
v -1.242427 4.242733 -1.240333
v -1.116853 4.213842 3.159797
v -0.923549 3.972243 3.414875
v -1.002389 3.918724 4.000000
v -1.062259 4.457750 -1.427634
v -1.240795 4.264487 -1.238100
v -1.100799 4.651281 2.617503
v -0.938854 4.467890 2.964528
v -0.757908 4.252740 3.253087
v -1.107254 5.044052 -1.491781
v -1.239928 5.190878 -1.225473
v -1.012491 5.146599 2.170868
v -0.958812 4.866265 2.470907
v -0.752727 4.751878 2.751669
v -0.910893 5.392406 -1.364590
v -1.058483 5.537522 -1.045869
v -1.078913 5.611306 -0.501978
v -0.985999 5.637402 0.023944
v -0.974151 5.695462 0.519859
v -1.126646 5.742612 0.984642
v -1.035984 5.658193 1.534643
v -1.008898 5.369050 1.917656
v -0.799900 5.793887 -0.831940
v -0.817336 5.799202 -0.500077
v -0.794152 5.777878 -0.135581
v -0.768842 5.758489 0.710124
v -0.851597 5.822100 0.992035
v -0.870259 5.858776 1.337477
v -1.502379 -0.299563 0.163573
v -1.506676 -0.396855 0.493346
v -1.502848 -0.415536 1.000005
v -1.504779 -0.394133 1.501094
v -1.533629 -0.335552 2.003752
v -1.379518 -0.303461 2.502681
v -1.289838 -0.267785 2.797273
v -1.281898 0.246240 -1.754847
v -1.288611 0.239858 -1.732674
v -1.710234 0.202610 -0.895412
v -1.540167 0.121376 -0.459965
v -1.500301 -0.138163 -0.073466
v -1.714560 -0.242297 2.169090
v -1.631960 -0.225584 2.502617
v -1.479814 -0.187100 2.982451
v -1.500585 -0.070369 3.500001
v -1.505445 -0.069438 4.000000
v -1.464636 0.452854 -1.855638
v -1.472090 0.444910 -1.481893
v -1.611104 0.460210 -1.014159
v -1.351121 0.492270 -0.637717
v -1.506826 0.995843 -1.990727
v -1.347184 0.842368 -1.370372
v -1.406366 0.869375 -0.986855
v -1.278897 0.817217 -0.719700
v -1.581521 1.523474 -1.982215
v -1.688504 1.647706 -1.683677
v -1.366846 2.000334 -1.871379
v -1.625688 2.042214 -1.495651
v -1.748272 2.247426 -1.248662
v -1.289514 2.500595 -1.790474
v -1.484478 2.497838 -1.487413
v -1.689489 2.494930 -1.204160
v -1.251213 2.754448 -1.750949
v -1.419518 2.953281 -1.534578
v -1.688662 3.000312 -1.195967
v -1.490092 3.505159 -1.443140
v -1.753245 3.493444 -1.279131
v -1.730860 3.740593 3.216073
v -1.618187 3.642746 3.499945
v -1.582112 3.662922 4.000000
v -1.392523 3.902575 -1.307182
v -1.532374 4.041403 -1.182324
v -1.646506 4.161112 2.592688
v -1.525126 4.010836 3.013051
v -1.364021 3.772497 3.499901
v -1.327630 3.789063 4.000000
v -1.269473 4.602894 -1.271998
v -1.468558 4.465952 -1.023756
v -1.702894 4.678225 -0.673541
v -1.736030 4.733475 1.729632
v -1.613124 4.601740 1.988667
v -1.446013 4.438179 2.425459
v -1.306263 4.301090 2.805016
v -1.303700 4.838800 -1.296245
v -1.440613 5.018502 -1.068180
v -1.627296 4.991855 -0.513275
v -1.649129 5.159049 0.005701
v -1.644542 5.172311 0.502959
v -1.713893 5.210432 1.000163
v -1.701735 5.058882 1.577516
v -1.360843 4.953268 1.969002
v -1.262395 4.766673 2.268267
v -1.332067 5.342546 -0.888391
v -1.374638 5.370010 -0.503648
v -1.366731 5.348579 0.000021
v -1.396182 5.372668 0.502569
v -1.470866 5.455121 0.999017
v -1.421018 5.421732 1.521572
v -1.293126 5.286478 1.800208
v -1.778017 -0.261994 0.216564
v -1.848067 -0.308843 0.495828
v -1.867272 -0.319501 1.001198
v -1.806325 -0.284735 1.500404
v -1.771229 -0.265852 1.835586
v -1.804258 0.162014 -0.914921
v -2.003855 0.075796 -0.498308
v -1.971868 -0.146530 0.024413
v -2.094635 -0.213232 0.497912
v -2.114037 -0.182406 1.001078
v -2.067568 -0.134731 1.502647
v -1.980105 -0.113198 2.006273
v -2.064262 0.044579 2.530300
v -1.976555 0.062159 3.004530
v -1.935018 0.101546 3.500002
v -1.934672 0.101318 4.000000
v -1.819409 0.616252 -1.833596
v -1.915065 0.332279 -1.515057
v -2.086324 0.393888 -1.105752
v -2.185831 0.299792 -0.662327
v -2.244979 0.258725 2.711406
v -2.218390 0.299392 3.002081
v -2.191478 0.341011 3.500001
v -2.192959 0.342985 4.000000
v -1.831597 1.001541 -1.835442
v -2.036641 1.005006 -1.526790
v -2.231743 0.992215 -1.204473
v -1.794243 1.319789 -1.799021
v -1.875170 1.480505 -1.499517
v -2.147235 1.491597 -1.141787
v -1.807768 1.910146 -1.342672
v -1.952322 2.035059 -1.060645
v -1.960704 2.495043 -0.917435
v -2.066384 3.023956 -0.947181
v -2.254919 3.216100 -0.752948
v -2.239349 3.212733 3.160457
v -2.187194 3.149805 3.499998
v -2.193808 3.140114 4.000000
v -2.028475 3.500049 -1.024137
v -2.207246 3.498738 -0.704821
v -2.219312 3.702047 2.210142
v -2.156752 3.618207 2.502752
v -2.041735 3.525807 3.022724
v -1.932678 3.426059 3.499990
v -1.938023 3.421503 4.000000
v -1.892929 4.011744 -0.945950
v -2.153461 4.012691 -0.637273
v -2.213233 4.196011 1.659848
v -2.091786 4.004895 2.014225
v -1.870529 3.991229 2.452401
v -1.818444 3.823272 2.876713
v -1.796673 4.346549 -0.830296
v -2.025262 4.536379 -0.526772
v -2.175242 4.652322 0.008897
v -2.109054 4.592788 0.498847
v -2.143600 4.590131 1.000291
v -2.038725 4.531690 1.535678
v -1.848497 4.369024 2.005511
v -1.752227 4.252576 2.254135
v -1.816715 4.804266 -0.342659
v -1.909438 4.928779 -0.016030
v -1.890141 4.942167 0.499596
v -1.879002 4.963854 1.000395
v -1.853849 4.903780 1.405555
v -2.276629 0.208727 -0.306366
v -2.388178 0.086222 -0.029447
v -2.480560 0.014953 0.503580
v -2.424481 0.048732 1.004667
v -2.363444 0.119077 1.508103
v -2.290722 0.194755 1.999594
v -2.270468 0.226112 2.377357
v -2.276350 0.674867 -0.847512
v -2.415557 0.471362 -0.501627
v -2.608703 0.507654 -0.000189
v -2.667479 0.377944 0.501883
v -2.680813 0.395285 1.005380
v -2.591698 0.547248 1.484333
v -2.489001 0.499982 1.999999
v -2.397387 0.447972 2.529170
v -2.363977 0.551660 3.002332
v -2.334342 0.602705 3.500000
v -2.336538 0.607997 4.000000
v -2.335227 1.006563 -0.929782
v -2.555314 1.002893 -0.495089
v -2.719716 0.998280 -0.185117
v -2.733098 0.804542 1.651676
v -2.739186 0.973756 2.030986
v -2.602770 0.998002 2.502874
v -2.509325 0.998841 3.000849
v -2.452111 1.000684 3.500000
v -2.451794 0.998976 4.000000
v -2.407521 1.510821 -0.940436
v -2.690805 1.528373 -0.467585
v -2.757890 1.375260 -0.249471
v -2.713328 1.503487 2.200577
v -2.655515 1.501571 2.498245
v -2.573159 1.500132 2.999702
v -2.504836 1.500932 3.499998
v -2.504796 1.500235 4.000000
v -2.322992 2.000560 -0.813231
v -2.562164 1.998296 -0.503422
v -2.746056 2.239499 1.743884
v -2.736028 2.047381 2.048085
v -2.673622 2.003857 2.504526
v -2.570464 2.000545 3.001065
v -2.493740 1.998584 3.499998
v -2.493615 1.999903 4.000000
v -2.256595 2.498461 -0.750916
v -2.505388 2.500685 -0.498008
v -2.710543 2.498599 1.692881
v -2.604198 2.494191 1.990659
v -2.546280 2.500389 2.500079
v -2.490365 2.501513 3.000810
v -2.427883 2.498949 3.499999
v -2.427373 2.501784 4.000000
v -2.267372 2.879174 -0.768291
v -2.504792 2.989757 -0.521430
v -2.727087 3.096199 -0.166017
v -2.704903 3.003651 1.613513
v -2.552089 3.002385 2.003882
v -2.423443 3.001124 2.500594
v -2.354857 3.031607 2.997948
v -2.318206 2.903885 3.500000
v -2.326525 2.882664 4.000000
v -2.391441 3.499862 -0.459698
v -2.626727 3.483345 0.011020
v -2.682377 3.636857 0.417860
v -2.781190 3.685867 1.113494
v -2.665599 3.506118 1.481324
v -2.426066 3.537899 2.047421
v -2.314699 3.366600 2.503188
v -2.270094 3.283633 2.824922
v -2.346303 4.011345 -0.382458
v -2.477519 4.001641 -0.003589
v -2.577179 3.949357 0.548285
v -2.594305 3.960434 0.962716
v -2.376601 4.000289 1.487898
v -2.321934 3.864325 1.880320
v -2.287448 4.313942 -0.300250
v -2.373489 4.387284 0.003273
v -2.300933 4.328942 0.496916
v -2.314874 4.330988 1.000446
v -2.272997 4.284169 1.321346
v -2.784533 0.678419 0.165463
v -2.844261 0.581002 0.491805
v -2.795243 0.650179 1.002499
v -2.758415 0.727737 1.316249
v -2.863193 0.984795 0.047361
v -3.045811 0.939551 0.463671
v -3.008403 0.918896 1.032614
v -2.849155 0.969402 1.498989
v -2.820202 1.134236 1.874890
v -2.755192 1.710528 -0.254726
v -2.867594 1.526940 -0.073610
v -3.173535 1.496669 0.414989
v -3.148008 1.497443 1.055758
v -3.010491 1.496976 1.557044
v -2.796329 1.499686 1.957267
v -2.768055 1.998152 -0.271051
v -2.913815 1.987262 -0.030516
v -3.083304 2.019315 0.452918
v -3.104079 2.029829 1.047669
v -2.892190 2.063506 1.586328
v -2.795515 1.911564 1.915947
v -2.754255 2.499909 -0.257855
v -2.948568 2.512561 -0.083074
v -3.057950 2.513671 0.501282
v -2.943575 2.510722 1.015906
v -2.824850 2.505239 1.461969
v -2.751741 2.753800 -0.252261
v -2.847351 2.965106 -0.013705
v -2.992951 3.024007 0.484320
v -2.868235 3.009492 1.011207
v -2.786726 3.001997 1.356807
v -2.797621 3.326324 0.170079
v -2.791686 3.491359 0.545034
v -2.828088 3.502091 0.968637
v -2.769969 3.334667 1.285587
v -2.751691 3.752322 0.746067
v -2.756794 3.754890 0.768579
vt -0.990881 -0.496839
vt -1.006249 -0.367334
vt -1.008940 -0.237069
vt -1.008209 -0.113138
vt -1.007886 0.011391
vt -1.008209 0.136852
vt -1.008940 0.262895
vt -1.006249 0.385388
vt -0.990881 0.470497
vt -0.945280 -0.663174
vt -0.969131 -0.592828
vt -0.969131 0.503652
vt -0.945280 0.505095
vt -0.910092 -0.742815
vt -0.910092 0.483081
vt -0.864979 -0.821230
vt -0.864979 0.431168
vt -0.820009 -0.883391
vt -0.820009 0.363416
vt -0.774839 -0.932075
vt -0.774839 0.281611
vt -0.740560 -0.956378
vt -0.717390 -0.956667
vt -0.717390 0.140237
vt -0.740560 0.206885
vt -0.692065 -0.929301
vt -0.670337 -0.871708
vt -0.670337 -0.080652
vt -0.692065 0.039710
vt -0.658984 -0.824486
vt -0.647315 -0.760031
vt -0.635428 -0.651900
vt -0.631475 -0.532314
vt -0.635428 -0.401307
vt -0.647315 -0.258837
vt -0.658984 -0.160671
vt -0.865850 -0.497018
vt -0.881333 -0.366005
vt -0.883933 -0.237203
vt -0.883192 -0.113352
vt -0.882860 0.011391
vt -0.883183 0.137113
vt -0.883919 0.263105
vt -0.881440 0.382744
vt -0.851135 0.481452
vt -0.793312 0.530826
vt -0.820775 -0.661888
vt -0.844311 -0.592196
vt -0.870122 0.503024
vt -0.815726 0.508215
vt -0.784962 -0.743070
vt -0.757417 0.485170
vt -0.703083 0.528533
vt -0.739930 -0.821307
vt -0.747329 0.430217
vt -0.682667 0.496908
vt -0.695116 -0.883263
vt -0.704379 0.365464
vt -0.637973 0.432199
vt -0.650112 -0.931817
vt -0.632060 0.301648
vt -0.609315 0.393187
vt -0.613468 -0.957116
vt -0.591407 -0.956221
vt -0.631808 0.135369
vt -0.607621 0.188300
vt -0.566687 -0.928621
vt -0.547152 -0.878150
vt -0.584462 -0.070881
vt -0.562219 0.039933
vt -0.526048 0.139658
vt -0.535467 -0.831508
vt -0.495971 -0.747238
vt -0.523642 -0.648020
vt -0.533116 -0.532314
vt -0.532072 -0.405954
vt -0.501047 -0.272055
vt -0.530764 -0.133267
vt -0.479633 -0.040307
vt -0.430453 -0.742059
vt -0.435021 -0.680521
vt -0.438438 -0.559286
vt -0.435559 -0.435329
vt -0.432271 -0.340984
vt -0.721057 -0.286163
vt -0.742848 -0.212195
vt -0.766890 -0.082398
vt -0.777629 0.045529
vt -0.780427 0.171168
vt -0.777266 0.295503
vt -0.757058 0.418547
vt -0.728688 0.489173
vt -0.745705 -0.499115
vt -0.761077 -0.344672
vt -0.800990 -0.219627
vt -0.823953 -0.092625
vt -0.831103 0.032465
vt -0.832969 0.157520
vt -0.831383 0.282691
vt -0.814070 0.409516
vt -0.760976 0.516737
vt -0.737398 0.570082
vt -0.699184 -0.664956
vt -0.721960 -0.594397
vt -0.712592 0.592841
vt -0.660370 0.635338
vt -0.660503 -0.753235
vt -0.722817 0.564892
vt -0.655288 0.612446
vt -0.577932 0.653935
vt -0.615174 -0.833274
vt -0.630764 0.572057
vt -0.556925 0.622570
vt -0.570089 -0.899741
vt -0.588690 0.508508
vt -0.512186 0.558036
vt -0.525386 -0.953681
vt -0.571046 0.341202
vt -0.533088 0.435428
vt -0.484165 0.518465
vt -0.481591 -0.988562
vt -0.508615 -0.977608
vt -0.516620 0.276650
vt -0.452779 0.333154
vt -0.416309 -1.001157
vt -0.442866 -0.971933
vt -0.469482 -0.918322
vt -0.471137 0.066630
vt -0.435130 0.173780
vt -0.400595 0.267579
vt -0.376510 -0.958094
vt -0.394550 -0.904282
vt -0.413801 -0.825571
vt -0.429701 -0.250746
vt -0.424814 -0.164373
vt -0.394409 -0.015732
vt -0.365009 0.089188
vt -0.316735 -0.893674
vt -0.340754 -0.817346
vt -0.360626 -0.723604
vt -0.370053 -0.604547
vt -0.371032 -0.475585
vt -0.377911 -0.328776
vt -0.321859 -0.215348
vt -0.316767 -0.099223
vt -0.262003 -0.813472
vt -0.269925 -0.755045
vt -0.276391 -0.636834
vt -0.276753 -0.511044
vt -0.271576 -0.378751
vt -0.263858 -0.296944
vt -0.651963 -0.304529
vt -0.658237 -0.203114
vt -0.664074 -0.069707
vt -0.667611 0.060412
vt -0.668298 0.186795
vt -0.668424 0.311718
vt -0.666186 0.433294
vt -0.654100 0.541445
vt -0.604633 0.616826
vt -0.626943 -0.501190
vt -0.645731 -0.376953
vt -0.681272 0.562481
vt -0.636321 0.638776
vt -0.576608 0.731859
vt -0.540604 0.782957
vt -0.575498 -0.660980
vt -0.598080 -0.593599
vt -0.651496 0.639728
vt -0.611656 0.694353
vt -0.529088 0.794581
vt -0.529415 0.920960
vt -0.534930 -0.756916
vt -0.600528 0.687948
vt -0.527615 0.715038
vt -0.523041 0.870133
vt -0.488890 -0.838688
vt -0.490555 0.687093
vt -0.491178 0.804969
vt -0.446263 -0.926871
vt -0.444927 0.624898
vt -0.443412 0.740013
vt -0.399814 -0.979999
vt -0.445782 0.466542
vt -0.399388 0.534462
vt -0.381683 0.674768
vt -0.355538 -1.020092
vt -0.396729 0.394812
vt -0.306728 0.488912
vt -0.322192 0.625254
vt -0.319258 -1.025932
vt -0.296775 -1.017982
vt -0.341717 0.195684
vt -0.313001 0.294027
vt -0.271704 0.393982
vt -0.259791 -0.990533
vt -0.283342 -0.951561
vt -0.295924 0.002177
vt -0.268935 0.108192
vt -0.242965 0.209084
vt -0.186435 -1.006189
vt -0.220394 -0.963651
vt -0.248930 -0.881828
vt -0.244580 -0.199421
vt -0.221563 -0.083759
vt -0.197626 0.025158
vt -0.149710 -0.973466
vt -0.168668 -0.882177
vt -0.185318 -0.786766
vt -0.197351 -0.668955
vt -0.192877 -0.542954
vt -0.180796 -0.411665
vt -0.170894 -0.282897
vt -0.148152 -0.168186
vt -0.090959 -0.874198
vt -0.100904 -0.817338
vt -0.114457 -0.700361
vt -0.111055 -0.569602
vt -0.097579 -0.436530
vt -0.090690 -0.369187
vt -0.481149 -0.407927
vt -0.529157 -0.340404
vt -0.538306 -0.195073
vt -0.544586 -0.061195
vt -0.548961 0.069919
vt -0.550741 0.197740
vt -0.550771 0.322952
vt -0.550806 0.447608
vt -0.543937 0.563262
vt -0.528712 0.668704
vt -0.478856 0.740136
vt -0.451648 -0.595977
vt -0.513323 -0.500745
vt -0.562979 -0.396458
vt -0.556222 0.691431
vt -0.512550 0.766450
vt -0.487340 0.844977
vt -0.474549 0.986829
vt -0.464285 -0.656666
vt -0.527512 -0.593503
vt -0.516323 0.856244
vt -0.517371 0.955412
vt -0.408736 -0.766076
vt -0.306898 -0.909203
vt -0.362045 -0.861007
vt -0.307100 -0.963371
vt -0.368705 -0.949047
vt -0.264207 -1.030966
vt -0.322716 -1.005524
vt -0.194251 -1.094945
vt -0.255125 -1.058135
vt -0.261619 0.505361
vt -0.265842 0.591785
vt -0.152095 -1.123185
vt -0.187221 -1.084761
vt -0.220523 -1.043557
vt -0.213378 0.323640
vt -0.176814 0.424861
vt -0.176570 0.555205
vt -0.125503 -1.082144
vt -0.146793 -1.054303
vt -0.172275 0.129391
vt -0.146279 0.233753
vt -0.111096 0.328095
vt -0.094088 -1.053528
vt -0.122573 -1.035296
vt -0.115903 -0.067683
vt -0.097385 0.040221
vt -0.076281 0.144008
vt -0.023904 -1.073156
vt -0.056977 -1.049254
vt -0.077434 -0.955071
vt -0.036560 -0.270995
vt -0.056956 -0.136449
vt -0.022592 -0.045833
vt 0.018131 -1.021905
vt -0.018997 -0.940970
vt 0.013656 -0.838016
vt 0.018761 -0.742577
vt -0.002071 -0.594101
vt -0.012170 -0.454045
vt -0.021882 -0.354594
vt 0.079613 -0.811742
vt 0.079658 -0.806180
vt -0.401017 -0.413576
vt -0.409573 -0.326669
vt -0.417487 -0.189477
vt -0.422346 -0.056862
vt -0.426317 0.073740
vt -0.427006 0.200067
vt -0.427290 0.325526
vt -0.427060 0.450246
vt -0.423378 0.569976
vt -0.415033 0.683222
vt -0.405421 0.770087
vt -0.364124 -0.602404
vt -0.389548 -0.497542
vt -0.399514 0.824051
vt -0.379878 0.884306
vt -0.382611 1.009027
vt -0.247846 -0.785250
vt -0.316912 -0.720832
vt -0.246497 -0.833174
vt -0.307157 -0.804679
vt -0.246848 -0.904671
vt -0.295472 -0.851280
vt -0.199683 -0.999911
vt -0.156770 -1.087694
vt -0.108299 -1.114004
vt -0.074395 -1.155624
vt -0.050323 -1.134221
vt -0.074960 0.438355
vt -0.065865 0.523820
vt -0.002674 -1.116422
vt -0.019985 -1.096753
vt -0.002953 0.258077
vt -0.016906 0.380314
vt 0.009108 0.507422
vt 0.068978 -1.115702
vt 0.037070 -1.086535
vt 0.046665 0.057933
vt 0.023369 0.155337
vt 0.060913 -1.096821
vt 0.085760 -1.091838
vt 0.044561 -0.253315
vt 0.081234 -0.164485
vt 0.063175 -0.029351
vt 0.108124 -1.054994
vt 0.129217 -0.983495
vt 0.090529 -0.895731
vt 0.082787 -0.722246
vt 0.097751 -0.616045
vt 0.136444 -0.476854
vt 0.108776 -0.325728
vt 0.136114 -0.227226
vt 0.183880 -0.960134
vt 0.141278 -0.882057
vt 0.138030 -0.770129
vt 0.169308 -0.635785
vt 0.192348 -0.532549
vt -0.277192 -0.418374
vt -0.285823 -0.323900
vt -0.292386 -0.189000
vt -0.296654 -0.057733
vt -0.301848 0.074768
vt -0.302752 0.201182
vt -0.302440 0.325748
vt -0.302935 0.451444
vt -0.299986 0.572627
vt -0.292116 0.686411
vt -0.281447 0.790843
vt -0.243563 -0.608835
vt -0.264629 -0.500249
vt -0.272664 0.841270
vt -0.259131 0.887893
vt -0.258922 1.012913
vt -0.188528 -0.785122
vt -0.214876 -0.719582
vt -0.165180 -0.851592
vt -0.126342 -0.948566
vt -0.075884 -1.008917
vt -0.023203 -1.076560
vt 0.021329 -1.144554
vt 0.062848 -1.151543
vt 0.074149 -1.123894
vt 0.104471 -1.127218
vt 0.150378 -1.101136
vt 0.081698 0.260281
vt 0.113943 0.342492
vt 0.102088 0.490566
vt 0.071430 -1.115682
vt 0.132522 -1.085975
vt 0.118265 0.069429
vt 0.144644 0.169055
vt 0.170032 0.261209
vt 0.197160 -1.110688
vt 0.217461 -1.104031
vt 0.179279 -0.129903
vt 0.192867 -0.020896
vt 0.206386 0.075111
vt 0.241932 -1.096922
vt 0.266109 -1.038194
vt 0.208168 -0.439980
vt 0.232957 -0.362218
vt 0.252971 -0.218374
vt 0.270032 -0.113864
vt 0.272832 -0.981561
vt 0.283384 -0.895646
vt 0.289621 -0.771360
vt 0.292490 -0.668019
vt 0.263724 -0.506930
vt 0.305213 -0.378816
vt 0.329812 -0.309835
vt -0.152695 -0.416551
vt -0.161731 -0.323286
vt -0.165868 -0.190695
vt -0.170003 -0.060536
vt -0.176392 0.073956
vt -0.177542 0.200991
vt -0.178057 0.326739
vt -0.177002 0.450306
vt -0.174588 0.571897
vt -0.167446 0.686778
vt -0.156748 0.793993
vt -0.116028 -0.608542
vt -0.140330 -0.498588
vt -0.147516 0.842777
vt -0.133463 0.886832
vt -0.133204 1.011857
vt -0.069437 -0.789775
vt -0.090481 -0.712997
vt -0.042552 -0.886126
vt 0.004251 -0.997842
vt 0.059751 -1.057550
vt 0.121270 -1.087666
vt 0.153853 -1.103425
vt 0.198315 -1.077225
vt 0.136337 -1.125537
vt 0.204655 -1.090469
vt 0.265037 -1.044568
vt 0.203409 -1.092271
vt 0.242386 -1.058839
vt 0.243804 0.369701
vt 0.239275 0.473397
vt 0.278222 -1.066508
vt 0.290022 0.178236
vt 0.262997 0.263640
vt 0.316765 -1.090640
vt 0.340761 -1.103720
vt 0.332830 -0.015457
vt 0.310997 0.078859
vt 0.370185 -1.091888
vt 0.339977 -1.050369
vt 0.378287 -0.222047
vt 0.354893 -0.107419
vt 0.427676 -1.074311
vt 0.395537 -1.025301
vt 0.421204 -0.919219
vt 0.429067 -0.808474
vt 0.429060 -0.672824
vt 0.418210 -0.534653
vt 0.401259 -0.387306
vt 0.394676 -0.310184
vt -0.069833 -0.411533
vt -0.054528 -0.333515
vt -0.046792 -0.204801
vt -0.023358 -0.078140
vt -0.042920 0.063147
vt -0.049760 0.197525
vt -0.050390 0.323568
vt -0.049380 0.446400
vt -0.048156 0.570197
vt -0.041894 0.686541
vt -0.031284 0.791041
vt 0.009312 -0.607985
vt -0.014968 -0.475384
vt 0.016944 -0.351303
vt 0.029775 -0.224276
vt 0.033845 -0.136531
vt -0.022446 0.840921
vt -0.007886 0.886365
vt -0.007886 1.011391
vt 0.036529 -0.787725
vt 0.056936 -0.726188
vt 0.112718 -0.837582
vt 0.128873 -0.786850
vt 0.175170 -0.935942
vt 0.230603 -1.041019
vt 0.239732 -1.044403
vt 0.285702 -1.033462
vt 0.210479 -1.091071
vt 0.270724 -1.089848
vt 0.302137 -1.023663
vt 0.323612 -1.011357
vt 0.360858 -1.036097
vt 0.368525 0.369267
vt 0.368525 0.467686
vt 0.395371 -1.022660
vt 0.452043 -1.029308
vt 0.419452 0.177208
vt 0.387036 0.266481
vt 0.377064 -1.059330
vt 0.440977 -1.063493
vt 0.457064 -0.015505
vt 0.437328 0.079196
vt 0.506918 -1.076041
vt 0.568384 -1.055582
vt 0.536678 -0.320721
vt 0.494653 -0.240151
vt 0.481176 -0.106113
vt 0.490374 -1.078978
vt 0.545832 -1.045125
vt 0.543930 -0.910717
vt 0.544798 -0.788288
vt 0.549359 -0.665593
vt 0.542227 -0.531510
vt 0.511933 -0.379622
vt 0.456490 -0.309793
vt 0.050485 -0.047380
vt 0.089181 0.042972
vt 0.082455 0.187005
vt 0.079250 0.316126
vt 0.078466 0.442375
vt 0.080069 0.565705
vt 0.086112 0.682456
vt 0.095402 0.781059
vt 0.106834 -0.601352
vt 0.136047 -0.508232
vt 0.137007 -0.380167
vt 0.106253 -0.258801
vt 0.125084 -0.114439
vt 0.145368 -0.025277
vt 0.102702 0.834440
vt 0.117001 0.886841
vt 0.116786 1.011857
vt 0.174661 -0.661581
vt 0.212328 -0.606235
vt 0.213753 -0.366943
vt 0.195747 -0.330785
vt 0.212799 -0.223905
vt 0.197476 -0.856179
vt 0.219042 -0.777132
vt 0.230649 -0.333547
vt 0.247098 -0.283102
vt 0.202295 -0.881550
vt 0.266484 -0.830887
vt 0.274128 -0.968245
vt 0.335384 -0.918652
vt 0.294988 -1.004097
vt 0.357465 -0.961482
vt 0.406208 -0.891986
vt 0.356453 -0.986135
vt 0.416639 -0.922727
vt 0.365133 -0.999473
vt 0.428228 -0.968130
vt 0.494182 -0.995790
vt 0.549913 -0.973174
vt 0.485870 0.361693
vt 0.489868 0.473397
vt 0.484529 -1.023023
vt 0.536247 -1.010201
vt 0.540985 0.170981
vt 0.509407 0.264036
vt 0.574856 -1.042022
vt 0.653438 -0.121639
vt 0.589773 -0.040141
vt 0.557742 0.074427
vt 0.615579 -1.058748
vt 0.639990 -1.042627
vt 0.691772 -0.690938
vt 0.697621 -0.651593
vt 0.634234 -0.330259
vt 0.625283 -0.194348
vt 0.575940 -0.112124
vt 0.660201 -1.004523
vt 0.667891 -0.903189
vt 0.657467 -0.757047
vt 0.664796 -0.630446
vt 0.646286 -0.507595
vt 0.650231 -0.412361
vt 0.220858 0.073012
vt 0.210687 0.180445
vt 0.206763 0.312669
vt 0.207266 0.437121
vt 0.210366 0.558337
vt 0.216932 0.673674
vt 0.223679 0.757028
vt 0.268931 -0.470622
vt 0.266337 -0.428521
vt 0.266215 -0.091517
vt 0.239626 -0.018518
vt 0.229172 0.812543
vt 0.241177 0.887907
vt 0.241043 1.012913
vt 0.255284 -0.658804
vt 0.296802 -0.599659
vt 0.301147 -0.407920
vt 0.255020 -0.405011
vt 0.294928 -0.194426
vt 0.293772 -0.704013
vt 0.357102 -0.668746
vt 0.346165 -0.455733
vt 0.321093 -0.422777
vt 0.343426 -0.258260
vt 0.350130 -0.774518
vt 0.416102 -0.741048
vt 0.394015 -0.848235
vt 0.447836 -0.786109
vt 0.398594 -0.872404
vt 0.460024 -0.828560
vt 0.518780 -0.850868
vt 0.574830 -0.830837
vt 0.533469 -0.918700
vt 0.598650 -0.875207
vt 0.540596 -0.940002
vt 0.618059 -0.904400
vt 0.692453 -0.861639
vt 0.658459 0.242150
vt 0.588389 0.337327
vt 0.603282 0.490566
vt 0.666762 -0.936416
vt 0.694003 -0.863908
vt 0.693815 0.049709
vt 0.636824 0.160306
vt 0.572224 0.260416
vt 0.730778 -1.028672
vt 0.777161 -0.981183
vt 0.716317 -0.126341
vt 0.677667 -0.014888
vt 0.615851 0.070173
vt 0.713040 -1.042160
vt 0.762998 -0.981345
vt 0.774746 -0.854964
vt 0.753866 -0.726876
vt 0.756129 -0.610445
vt 0.798497 -0.500379
vt 0.768233 -0.351904
vt 0.735439 -0.218563
vt 0.721425 -0.961190
vt 0.726262 -0.878915
vt 0.718547 -0.785019
vt 0.710474 -0.571073
vt 0.736888 -0.508864
vt 0.744855 -0.427272
vt 0.348634 0.079836
vt 0.340952 0.174928
vt 0.338314 0.304021
vt 0.340723 0.426511
vt 0.353208 0.544560
vt 0.317568 0.665120
vt 0.298359 0.734130
vt 0.342636 -0.470723
vt 0.343740 -0.464350
vt 0.445793 -0.250192
vt 0.395966 -0.130770
vt 0.362641 -0.000405
vt 0.406833 0.573771
vt 0.387687 0.654980
vt 0.353115 0.769936
vt 0.368813 0.884148
vt 0.370112 1.009027
vt 0.406916 -0.522781
vt 0.408064 -0.428312
vt 0.444195 -0.313367
vt 0.382085 -0.223424
vt 0.466332 -0.627141
vt 0.412609 -0.452101
vt 0.429835 -0.359733
vt 0.393274 -0.286163
vt 0.532493 -0.693605
vt 0.570419 -0.635121
vt 0.521742 -0.727888
vt 0.590221 -0.639401
vt 0.639336 -0.604331
vt 0.547432 -0.772696
vt 0.595925 -0.696572
vt 0.646916 -0.625381
vt 0.560704 -0.795816
vt 0.620675 -0.767571
vt 0.692194 -0.689032
vt 0.687987 -0.816456
vt 0.752721 -0.773931
vt 0.769368 0.317741
vt 0.732394 0.401429
vt 0.725191 0.523820
vt 0.699362 -0.834130
vt 0.746820 -0.820963
vt 0.786127 0.107227
vt 0.742257 0.231854
vt 0.680530 0.384551
vt 0.672923 0.507422
vt 0.731629 -0.916376
vt 0.769075 -0.836513
vt 0.846764 -0.776554
vt 0.860020 -0.182944
vt 0.817438 -0.101060
vt 0.760939 0.029401
vt 0.713664 0.142112
vt 0.761417 -0.953105
vt 0.811818 -0.919450
vt 0.856091 -0.777260
vt 0.876597 -0.669251
vt 0.876643 -0.546661
vt 0.897412 -0.427315
vt 0.880733 -0.263276
vt 0.786005 -0.151674
vt 0.744599 -0.052601
vt 0.813846 -0.916629
vt 0.826960 -0.824013
vt 0.823055 -0.695310
vt 0.832586 -0.572805
vt 0.858677 -0.459412
vt 0.843210 -0.324432
vt 0.799065 -0.237190
vt 0.420925 0.088200
vt 0.434221 0.164107
vt 0.438063 0.291835
vt 0.425955 0.412117
vt 0.418881 0.493457
vt 0.465646 -0.249792
vt 0.507785 -0.134430
vt 0.479779 0.025152
vt 0.504468 0.152198
vt 0.512093 0.273982
vt 0.504766 0.393177
vt 0.484839 0.516284
vt 0.520078 0.626780
vt 0.499733 0.743052
vt 0.492894 0.861800
vt 0.492787 0.986829
vt 0.510315 -0.538512
vt 0.508672 -0.421961
vt 0.557031 -0.327643
vt 0.573439 -0.204555
vt 0.584530 0.644217
vt 0.581543 0.711599
vt 0.578561 0.830669
vt 0.579108 0.955412
vt 0.548038 -0.589061
vt 0.599611 -0.512348
vt 0.647235 -0.430106
vt 0.567342 -0.621328
vt 0.602038 -0.567345
vt 0.671052 -0.479354
vt 0.623855 -0.583987
vt 0.671236 -0.529719
vt 0.714730 -0.553714
vt 0.788752 -0.629909
vt 0.853179 -0.606330
vt 0.848983 0.372459
vt 0.830281 0.465525
vt 0.831062 0.591785
vt 0.822123 -0.711041
vt 0.866698 -0.631041
vt 0.888012 0.071269
vt 0.864827 0.155321
vt 0.827756 0.297326
vt 0.791515 0.429610
vt 0.792441 0.555205
vt 0.834289 -0.758014
vt 0.899507 -0.680968
vt 0.930949 -0.130519
vt 0.883387 -0.017080
vt 0.826843 0.094241
vt 0.798705 0.222153
vt 0.840358 -0.772625
vt 0.914590 -0.721422
vt 0.962520 -0.602578
vt 0.940615 -0.472351
vt 0.949012 -0.346644
vt 0.917533 -0.205200
vt 0.855336 -0.066595
vt 0.820789 0.010699
vt 0.886563 -0.710219
vt 0.920950 -0.644749
vt 0.917330 -0.517583
vt 0.916497 -0.395202
vt 0.904802 -0.286103
vt 0.587943 -0.103726
vt 0.604804 -0.018571
vt 0.621486 0.123951
vt 0.610506 0.244832
vt 0.601578 0.361546
vt 0.590208 0.474580
vt 0.587967 0.564945
vt 0.629826 -0.299611
vt 0.646312 -0.186684
vt 0.697865 -0.066042
vt 0.700885 0.076338
vt 0.705779 0.199958
vt 0.697177 0.299941
vt 0.667249 0.435002
vt 0.639664 0.574056
vt 0.640644 0.678867
vt 0.637829 0.796648
vt 0.638854 0.920960
vt 0.674397 -0.363299
vt 0.729089 -0.254148
vt 0.769774 -0.176056
vt 0.755683 0.308328
vt 0.772434 0.381158
vt 0.740513 0.495978
vt 0.717227 0.620363
vt 0.703089 0.744911
vt 0.702856 0.870133
vt 0.737854 -0.431516
vt 0.810255 -0.315585
vt 0.813246 -0.241152
vt 0.813646 0.354691
vt 0.799020 0.429357
vt 0.778302 0.554908
vt 0.761293 0.679878
vt 0.761220 0.804969
vt 0.760798 -0.463380
vt 0.820388 -0.385634
vt 0.888069 0.144836
vt 0.868271 0.245862
vt 0.848753 0.365630
vt 0.822665 0.490195
vt 0.803308 0.615183
vt 0.803395 0.740013
vt 0.789010 -0.512529
vt 0.851409 -0.449591
vt 0.902510 0.098402
vt 0.875527 0.173420
vt 0.861605 0.299969
vt 0.847727 0.425006
vt 0.831876 0.550136
vt 0.832004 0.674768
vt 0.825969 -0.566365
vt 0.895276 -0.519026
vt 0.960430 -0.444010
vt 0.946554 0.012904
vt 0.908237 0.110661
vt 0.875962 0.235002
vt 0.861559 0.355378
vt 0.840901 0.497495
vt 0.841071 0.625254
vt 0.912848 -0.569907
vt 0.970183 -0.450080
vt 0.997911 -0.368326
vt 1.027026 -0.200789
vt 0.981950 -0.085464
vt 0.924928 0.051928
vt 0.881669 0.188139
vt 0.863050 0.279358
vt 0.947597 -0.617089
vt 0.979527 -0.521111
vt 0.999737 -0.376345
vt 1.005015 -0.274178
vt 0.954176 -0.148063
vt 0.928273 -0.032282
vt 0.960117 -0.635875
vt 0.988228 -0.569529
vt 0.964838 -0.438533
vt 0.968507 -0.312917
vt 0.953824 -0.226605
vt 0.757191 -0.046829
vt 0.763355 0.047421
vt 0.757327 0.166101
vt 0.755100 0.234456
vt 0.804430 -0.116183
vt 0.846012 -0.006224
vt 0.834801 0.138697
vt 0.799535 0.248725
vt 0.807132 0.321272
vt 0.842746 -0.286050
vt 0.854323 -0.216905
vt 0.928084 -0.090820
vt 0.921772 0.069272
vt 0.887350 0.194654
vt 0.834054 0.294358
vt 0.871847 -0.327522
vt 0.907307 -0.265973
vt 0.952564 -0.149282
vt 0.958704 -0.001961
vt 0.908763 0.128326
vt 0.870920 0.230483
vt 0.913556 -0.389452
vt 0.963273 -0.347401
vt 0.990718 -0.201457
vt 0.961859 -0.072417
vt 0.931684 0.039811
vt 0.935777 -0.421059
vt 0.978697 -0.388890
vt 1.020399 -0.272041
vt 0.987913 -0.138432
vt 0.966861 -0.051058
vt 0.998774 -0.389902
vt 1.012144 -0.317618
vt 1.022210 -0.213113
vt 0.992612 -0.112110
vt 1.025632 -0.301285
vt 1.027139 -0.295991
vn 0.00000 0.83504 0.55018
vn 0.00000 0.98181 0.18989
vn 0.00000 0.99992 -0.01265
vn 0.00000 0.99990 -0.01397
vn 0.00000 1.00000 -0.00000
vn 0.00000 0.99990 0.01397
vn 0.00000 0.99992 0.01265
vn 0.00000 0.98181 -0.18989
vn 0.00000 0.83504 -0.55018
vn 0.00000 0.38196 0.92418
vn 0.00000 0.59905 0.80071
vn 0.00000 0.59905 -0.80071
vn 0.00000 0.38196 -0.92418
vn 0.00000 0.18321 0.98307
vn 0.00000 0.18321 -0.98307
vn 0.00000 0.05742 0.99835
vn 0.00000 0.05742 -0.99835
vn 0.00000 -0.09446 0.99553
vn 0.00000 -0.09446 -0.99553
vn 0.00000 -0.17762 0.98410
vn 0.00000 -0.17762 -0.98410
vn 0.00000 -0.35769 0.93384
vn 0.00000 -0.55961 0.82876
vn 0.00000 -0.55961 -0.82876
vn 0.00000 -0.35769 -0.93384
vn 0.00000 -0.75966 0.65032
vn 0.00000 -0.87627 0.48181
vn 0.00000 -0.87627 -0.48181
vn 0.00000 -0.75966 -0.65032
vn 0.00000 -0.91217 0.40981
vn 0.00000 -0.94444 0.32868
vn 0.00000 -0.98487 0.17330
vn 0.00000 -1.00000 -0.00000
vn 0.00000 -0.98487 -0.17330
vn 0.00000 -0.94444 -0.32868
vn 0.00000 -0.91217 -0.40981
vn -0.00202 0.83472 0.55068
vn -0.00599 0.98243 0.18651
vn -0.01325 0.99983 -0.01262
vn -0.02139 0.99967 -0.01398
vn -0.02652 0.99965 0.00000
vn -0.02751 0.99952 0.01399
vn -0.02447 0.99962 0.01260
vn -0.01976 0.98315 -0.18171
vn -0.14294 0.78380 -0.60434
vn -0.64324 0.50626 -0.57441
vn -0.00077 0.38473 0.92303
vn -0.00092 0.60111 0.79917
vn 0.00000 0.60990 -0.79248
vn -0.20141 0.42076 -0.88453
vn -0.00109 0.18256 0.98319
vn -0.56488 0.14676 -0.81202
vn -0.90031 0.09910 -0.42382
vn -0.00204 0.05734 0.99835
vn 0.00000 0.05611 -0.99842
vn -0.91092 0.04777 -0.40981
vn -0.00332 -0.09426 0.99554
vn 0.00000 -0.09220 -0.99574
vn -0.91824 -0.04853 -0.39304
vn -0.00448 -0.17677 0.98424
vn -0.62776 -0.13915 -0.76587
vn -0.91312 -0.09649 -0.39610
vn -0.00582 -0.37378 0.92750
vn -0.00787 -0.56867 0.82253
vn 0.00000 -0.57302 -0.81954
vn -0.04584 -0.41436 -0.90896
vn -0.01302 -0.76204 0.64739
vn -0.02007 -0.86888 0.49461
vn 0.00000 -0.87031 -0.49250
vn -0.15296 -0.75013 -0.64336
vn -0.84349 -0.31176 -0.43742
vn -0.02572 -0.90770 0.41882
vn -0.52358 -0.80764 0.27126
vn 0.00000 -0.98587 0.16751
vn 0.00000 -1.00000 -0.00000
vn 0.00000 -0.98587 -0.16751
vn -0.60364 -0.75529 -0.25525
vn -0.24988 -0.87285 -0.41915
vn -0.89925 -0.35886 -0.25015
vn -0.88224 -0.43846 0.17149
vn -0.89722 -0.42786 0.10923
vn -0.90982 -0.41459 0.01842
vn -0.92578 -0.37390 -0.05596
vn -0.93557 -0.33902 -0.09885
vn -0.17433 0.96671 0.18733
vn -0.20229 0.97017 0.13358
vn -0.24175 0.96657 0.08543
vn -0.26361 0.96427 0.02652
vn -0.25894 0.96588 -0.00388
vn -0.25601 0.96610 -0.03340
vn -0.28051 0.94597 -0.16265
vn -0.32008 0.89753 -0.30329
vn -0.10869 0.78410 0.61104
vn -0.17136 0.95125 0.25645
vn -0.21822 0.96936 0.11278
vn -0.56668 0.82206 0.05551
vn -0.66930 0.74277 0.01808
vn -0.68098 0.73230 0.00255
vn -0.64915 0.76034 -0.02198
vn -0.39682 0.89960 -0.18236
vn -0.33548 0.81821 -0.46689
vn -0.41263 0.63817 -0.64998
vn -0.06622 0.42645 0.90209
vn -0.04441 0.59610 0.80168
vn -0.46985 0.53855 -0.69943
vn -0.62954 0.50957 -0.58654
vn -0.06873 0.16571 0.98378
vn -0.83629 0.23765 -0.49411
vn -0.68810 0.29943 -0.66095
vn -0.42006 0.09350 -0.90267
vn -0.08587 0.07619 0.99339
vn -0.71864 0.13257 -0.68263
vn -0.41025 0.04898 -0.91066
vn -0.15805 -0.03529 0.98680
vn -0.69851 -0.09558 -0.70918
vn -0.39500 -0.05039 -0.91730
vn -0.18641 -0.16205 0.96902
vn -0.89001 -0.14724 -0.43150
vn -0.67350 -0.25129 -0.69516
vn -0.40066 -0.09785 -0.91099
vn -0.23382 -0.35415 0.90549
vn -0.33294 -0.49894 0.80013
vn -0.67297 -0.30281 -0.67484
vn -0.64044 -0.32521 -0.69576
vn -0.27607 -0.52353 0.80604
vn -0.28724 -0.61469 0.73461
vn -0.60987 -0.63001 0.48077
vn -0.86698 -0.33267 -0.37105
vn -0.56134 -0.47041 -0.68089
vn -0.59975 -0.44876 -0.66250
vn -0.38189 -0.67995 0.62596
vn -0.42386 -0.72079 0.54845
vn -0.67495 -0.62905 0.38567
vn -0.93509 -0.32516 -0.14097
vn -0.91036 -0.36052 -0.20317
vn -0.57475 -0.62302 -0.53058
vn -0.57033 -0.53949 -0.61942
vn -0.58942 -0.61114 0.52829
vn -0.59533 -0.67548 0.43509
vn -0.64453 -0.72303 0.24860
vn -0.72327 -0.68667 0.07323
vn -0.74637 -0.66145 -0.07356
vn -0.69648 -0.67378 -0.24686
vn -0.65023 -0.65041 -0.39263
vn -0.58216 -0.64277 -0.49794
vn -0.61799 -0.68807 0.38033
vn -0.66567 -0.70447 0.24620
vn -0.70081 -0.71000 0.06908
vn -0.69779 -0.71333 -0.06526
vn -0.68512 -0.70148 -0.19630
vn -0.67340 -0.64201 -0.36656
vn -0.15412 0.96350 0.21889
vn -0.16604 0.97346 0.15748
vn -0.16989 0.98015 0.10219
vn -0.19750 0.97939 0.04226
vn -0.21497 0.97662 0.00276
vn -0.23784 0.97123 -0.01189
vn -0.26318 0.95828 -0.11154
vn -0.33876 0.88625 -0.31591
vn -0.39742 0.84686 -0.35339
vn -0.15787 0.70061 0.69586
vn -0.15798 0.93120 0.32850
vn -0.40289 0.80955 -0.42698
vn -0.50943 0.69985 -0.50069
vn -0.64906 0.62279 -0.43687
vn -0.57975 0.50634 -0.63836
vn -0.00007 0.43229 0.90173
vn -0.01271 0.52713 0.84969
vn -0.59292 0.55933 -0.57930
vn -0.68395 0.54340 -0.48676
vn -0.88337 0.42072 -0.20654
vn -0.92418 0.38196 -0.00000
vn -0.07771 0.18145 0.98032
vn -0.47583 0.23321 -0.84806
vn -0.81269 0.14698 -0.56386
vn -0.98307 0.18321 -0.00000
vn -0.11887 0.17896 0.97665
vn -0.99842 0.05611 -0.00000
vn -0.99835 0.05742 -0.00000
vn -0.28682 0.09724 0.95304
vn -0.99574 -0.09220 -0.00000
vn -0.99553 -0.09446 -0.00000
vn -0.27732 -0.23047 0.93272
vn -0.43772 -0.14879 -0.88671
vn -0.76418 -0.13887 -0.62988
vn -0.98410 -0.17762 -0.00000
vn -0.19909 -0.26430 0.94367
vn -0.70410 -0.32408 -0.63184
vn -0.90873 -0.41450 -0.04900
vn -0.93384 -0.35769 -0.00000
vn -0.22836 -0.51543 0.82594
vn -0.27530 -0.55252 0.78673
vn -0.60063 -0.46236 -0.65228
vn -0.68572 -0.47740 -0.54944
vn -0.44170 -0.31612 -0.83962
vn -0.32963 -0.64608 0.68842
vn -0.42028 -0.59625 0.68400
vn -0.51170 -0.65058 -0.56117
vn -0.56607 -0.59659 -0.56890
vn -0.63390 -0.52369 -0.56914
vn -0.60351 -0.34920 0.71682
vn -0.63750 -0.41816 0.64710
vn -0.65742 -0.63384 0.40749
vn -0.58894 -0.66526 -0.45889
vn -0.56332 -0.60352 -0.56430
vn -0.63864 -0.58923 -0.49492
vn -0.75461 -0.53257 0.38331
vn -0.72752 -0.61340 0.30734
vn -0.67276 -0.66750 0.31911
vn -0.75284 -0.65700 0.03980
vn -0.70020 -0.70389 -0.11938
vn -0.62753 -0.75869 -0.17492
vn -0.61905 -0.62294 -0.47826
vn -0.57826 -0.65524 -0.48608
vn -0.59397 -0.78170 0.19014
vn -0.56042 -0.73402 0.38360
vn -0.61049 -0.79201 0.00438
vn -0.54211 -0.80593 -0.23789
vn -0.48987 -0.85994 -0.14329
vn -0.44713 -0.86349 -0.23337
vn -0.10415 0.91803 0.38260
vn -0.10831 0.96216 0.25005
vn -0.09032 0.98261 0.16225
vn -0.10925 0.98862 0.10343
vn -0.08307 0.99321 0.08141
vn -0.08451 0.99632 0.01451
vn -0.08483 0.99639 -0.00204
vn -0.12858 0.98932 -0.06870
vn -0.16575 0.96514 -0.20255
vn -0.29173 0.89730 -0.33129
vn -0.29425 0.90053 -0.32009
vn -0.29817 0.49452 0.81642
vn -0.14302 0.72596 0.67270
vn -0.13477 0.92086 0.36587
vn -0.41086 0.81526 -0.40809
vn -0.45933 0.81699 -0.34864
vn -0.60416 0.78308 -0.14759
vn -0.55018 0.83504 -0.00000
vn -0.29212 0.43723 0.85059
vn -0.16393 0.47530 0.86442
vn -0.79248 0.60990 -0.00000
vn -0.80071 0.59905 -0.00000
vn -0.12938 0.10811 0.98568
vn -0.30435 0.33475 0.89180
vn -0.17752 0.37196 0.91111
vn -0.27182 0.14317 0.95164
vn -0.22374 0.14281 0.96413
vn -0.46239 -0.08870 0.88223
vn -0.32715 -0.26105 0.90820
vn -0.36090 -0.19078 0.91288
vn -0.57039 -0.21482 0.79278
vn -0.81954 -0.57302 -0.00000
vn -0.82876 -0.55961 -0.00000
vn -0.41521 -0.26188 0.87122
vn -0.51420 -0.47009 0.71737
vn -0.40761 -0.54641 0.73164
vn -0.37984 -0.34029 -0.86019
vn -0.64199 -0.74850 -0.16613
vn -0.65032 -0.75966 -0.00000
vn -0.31721 -0.58835 0.74379
vn -0.51016 -0.45856 0.72764
vn -0.59043 -0.58122 -0.55998
vn -0.53324 -0.60061 -0.59575
vn -0.25413 -0.36157 -0.89704
vn -0.27287 -0.46436 0.84256
vn -0.49981 -0.37664 0.77995
vn -0.43273 -0.72689 -0.53327
vn -0.51017 -0.69645 -0.50466
vn -0.45094 -0.62827 -0.63398
vn -0.22973 -0.29882 0.92624
vn -0.48510 -0.56581 0.66674
vn -0.63848 -0.69994 0.32005
vn -0.31210 -0.82608 -0.46924
vn -0.39863 -0.67449 -0.62142
vn -0.48141 -0.75278 -0.44895
vn -0.32701 -0.88836 0.32232
vn -0.48984 -0.83807 0.24021
vn -0.56824 -0.78086 0.25952
vn -0.48679 -0.87090 0.06767
vn -0.33832 -0.88124 -0.33009
vn -0.31420 -0.93976 -0.13467
vn -0.29917 -0.87673 -0.37662
vn -0.56485 -0.82487 -0.02285
vn -0.55527 -0.83092 -0.03540
vn -0.10186 0.92152 0.37474
vn -0.06913 0.97020 0.23222
vn -0.05068 0.98810 0.14521
vn 0.00891 0.99445 0.10479
vn -0.05706 0.99765 0.03783
vn -0.01923 0.99958 0.02166
vn -0.00603 0.99998 -0.00345
vn -0.00987 0.99939 -0.03351
vn -0.07202 0.98836 -0.13398
vn -0.10519 0.96563 -0.23769
vn -0.15972 0.94704 -0.27856
vn -0.08088 0.51900 0.85094
vn -0.12155 0.84715 0.51727
vn -0.18034 0.89999 -0.39685
vn -0.18171 0.98315 -0.01976
vn -0.18989 0.98181 -0.00000
vn -0.16027 0.35904 0.91946
vn -0.18347 0.50623 0.84266
vn -0.26884 0.28042 0.92146
vn -0.51271 0.13128 0.84847
vn -0.48162 0.24536 0.84133
vn -0.49561 0.27239 0.82473
vn -0.27556 0.16107 0.94769
vn -0.25299 -0.26406 0.93073
vn -0.17870 -0.06713 0.98161
vn -0.29611 -0.31915 0.90026
vn -0.12193 -0.71061 0.69294
vn -0.49250 -0.87031 -0.00000
vn -0.48181 -0.87627 -0.00000
vn -0.40459 -0.47993 0.77844
vn -0.27519 -0.55302 0.78641
vn -0.20835 -0.36723 -0.90650
vn -0.41779 -0.86958 -0.26321
vn -0.40981 -0.91217 -0.00000
vn -0.00241 -0.69956 0.71457
vn -0.20318 -0.66957 0.71442
vn -0.29706 -0.73473 -0.60986
vn -0.35186 -0.69469 -0.62737
vn -0.29627 -0.26417 0.91784
vn -0.21004 -0.63023 0.74746
vn -0.22621 -0.86990 -0.43829
vn -0.40249 -0.80507 -0.43574
vn -0.33442 -0.78849 -0.51619
vn -0.32264 -0.76355 0.55937
vn -0.37752 -0.80508 0.45752
vn -0.61419 -0.77367 0.15562
vn -0.40018 -0.91561 -0.03897
vn -0.50567 -0.77586 -0.37729
vn -0.59311 -0.79772 -0.10891
vn -0.30186 -0.82789 -0.47273
vn -0.47500 -0.81514 -0.33155
vn -0.12829 -0.86375 0.48732
vn -0.52807 -0.83998 0.12479
vn -0.48149 -0.87074 -0.09986
vn -0.65250 -0.70626 -0.27466
vn -0.66806 -0.72097 -0.18412
vn -0.02645 0.92408 0.38127
vn -0.03253 0.98221 0.18494
vn 0.01683 0.99317 0.11546
vn 0.01030 0.99175 0.12779
vn 0.01681 0.99856 0.05099
vn -0.00675 0.99998 -0.00198
vn -0.01316 0.99986 -0.01015
vn -0.00984 0.99992 -0.00731
vn -0.00584 0.99195 -0.12648
vn -0.01632 0.97617 -0.21640
vn -0.03000 0.96647 -0.25502
vn -0.12577 0.75304 0.64585
vn -0.01320 0.81494 0.57939
vn -0.02134 0.76299 -0.64606
vn 0.01260 0.99962 -0.02447
vn 0.01265 0.99992 -0.00000
vn -0.21476 0.30618 0.92743
vn -0.26971 0.50419 0.82039
vn -0.29306 0.41948 0.85916
vn -0.39816 -0.04923 0.91600
vn -0.13794 0.04249 0.98953
vn 0.06599 -0.01980 0.99762
vn -0.03264 0.08464 0.99588
vn 0.16378 -0.91481 0.36919
vn 0.09196 -0.46454 0.88077
vn 0.20446 -0.62303 0.75500
vn 0.23107 -0.67823 0.69758
vn -0.14196 -0.33124 -0.93281
vn -0.25439 -0.75310 -0.60674
vn -0.32868 -0.94444 -0.00000
vn 0.01737 -0.70039 0.71355
vn 0.20538 -0.68321 0.70075
vn -0.26329 -0.75375 -0.60211
vn -0.25337 -0.76018 -0.59827
vn -0.09836 -0.34574 -0.93316
vn 0.12312 -0.34470 0.93060
vn -0.03646 -0.59160 0.80541
vn -0.38107 -0.70881 -0.59361
vn -0.29149 -0.74530 -0.59963
vn -0.19146 -0.76359 -0.61666
vn -0.23313 -0.51959 0.82200
vn -0.05006 -0.95880 0.27962
vn -0.51833 -0.69252 -0.50175
vn -0.54212 -0.68639 -0.48474
vn -0.45027 -0.77043 -0.45133
vn -0.30761 -0.67843 -0.66716
vn -0.09764 -0.95461 0.28139
vn -0.16744 -0.97713 0.13108
vn -0.20008 -0.93802 0.28299
vn -0.33455 -0.92019 0.20329
vn -0.58139 -0.69553 -0.42216
vn -0.43893 -0.76358 -0.47359
vn -0.31844 -0.81525 -0.48370
vn 0.07376 0.92512 0.37244
vn 0.05219 0.97528 0.21472
vn 0.03997 0.99913 0.01226
vn 0.03455 0.98627 0.16148
vn 0.01542 0.99793 0.06239
vn 0.02562 0.99964 0.00787
vn 0.01417 0.99986 -0.00906
vn 0.03611 0.99860 -0.03858
vn -0.00360 0.99573 -0.09220
vn -0.01310 0.97943 -0.20134
vn 0.00081 0.96656 -0.25643
vn 0.02574 0.73466 0.67795
vn 0.04866 0.81375 0.57917
vn 0.00293 0.73638 -0.67656
vn 0.01399 0.99952 -0.02750
vn 0.01397 0.99990 -0.00000
vn 0.04321 0.64877 0.75976
vn 0.04567 0.62827 0.77665
vn 0.00279 0.56782 0.82315
vn -0.05328 -0.03406 0.99800
vn -0.09534 -0.19298 0.97656
vn -0.13131 -0.51644 0.84620
vn 0.06412 -0.28894 0.95520
vn 0.38616 -0.69879 0.60214
vn 0.52912 -0.49227 0.69116
vn 0.75656 -0.29614 0.58303
vn 0.46412 -0.27478 0.84207
vn 0.58976 -0.67540 0.44274
vn 0.17422 -0.58197 0.79433
vn -0.16751 -0.98587 -0.00000
vn -0.17330 -0.98487 -0.00000
vn 0.29161 -0.19511 0.93643
vn -0.10428 -0.79068 -0.60328
vn -0.05622 -0.37909 -0.92365
vn 0.29991 -0.30384 0.90429
vn 0.32498 -0.28388 0.90211
vn -0.10479 -0.68096 -0.72478
vn -0.11093 -0.78274 -0.61239
vn -0.00980 -0.72615 0.68746
vn -0.18980 -0.87094 0.45325
vn -0.04544 -0.78333 -0.61994
vn -0.10638 -0.72233 -0.68331
vn -0.18497 -0.72022 0.66863
vn -0.34396 -0.86823 0.35758
vn -0.10788 -0.95479 0.27702
vn -0.20286 -0.96943 0.13801
vn -0.03716 -0.95246 -0.30240
vn -0.12195 -0.98408 -0.12931
vn 0.13181 -0.93563 -0.32745
vn 0.03813 -0.91290 -0.40640
vn 0.22704 0.91683 0.32844
vn 0.47149 0.85254 0.22555
vn 0.40181 0.90452 0.14281
vn 0.41113 0.89122 0.19159
vn 0.22976 0.94354 0.23863
vn 0.09711 0.99468 0.03427
vn 0.10513 0.99399 -0.03047
vn 0.06707 0.99773 0.00648
vn 0.05978 0.99488 -0.08150
vn 0.04068 0.97965 -0.19654
vn 0.02025 0.96526 -0.26050
vn 0.10868 0.71442 0.69123
vn 0.18763 0.90474 0.38240
vn 0.55081 0.83224 0.06313
vn 0.66586 0.73442 0.13139
vn 0.63179 0.77053 0.08443
vn 0.01723 0.74718 -0.66440
vn 0.00000 0.99965 -0.02651
vn 0.00000 1.00000 -0.00000
vn 0.28071 0.65935 0.69747
vn 0.37427 0.36411 0.85285
vn 0.43630 0.69738 0.56859
vn 0.42593 0.73352 0.52965
vn 0.95563 -0.01521 0.29417
vn 0.66510 -0.29815 0.68465
vn 0.52739 -0.48958 0.69439
vn 0.52602 0.07777 0.84691
vn 0.46162 -0.16599 0.87141
vn 0.11151 -0.53463 0.83770
vn 0.05905 -0.77544 0.62865
vn 0.26081 -0.27311 0.92595
vn 0.11241 -0.34017 0.93362
vn 0.00000 -1.00000 -0.00000
vn 0.00000 -1.00000 -0.00000
vn 0.10616 -0.45118 0.88610
vn 0.06238 -0.15451 0.98602
vn 0.08654 -0.79881 -0.59533
vn 0.01673 -0.41995 -0.90739
vn 0.34468 -0.18708 0.91989
vn 0.14377 -0.26035 0.95475
vn 0.12666 -0.69440 -0.70835
vn 0.10481 -0.78788 -0.60684
vn 0.26239 -0.41439 0.87145
vn 0.22869 -0.62771 0.74410
vn 0.15043 -0.88584 -0.43894
vn 0.10428 -0.89896 -0.42543
vn 0.07464 -0.65968 -0.74783
vn 0.10525 -0.64816 0.75420
vn 0.19461 -0.80630 0.55858
vn 0.04588 -0.99616 0.07452
vn 0.36854 -0.92569 0.08526
vn 0.25536 -0.96094 -0.10670
vn 0.29208 -0.94850 -0.12261
vn -0.05667 -0.88408 -0.46388
vn 0.15058 -0.92961 -0.33638
vn 0.24017 0.94840 0.20701
vn 0.22341 0.90104 0.37178
vn 0.21708 0.96188 0.16632
vn 0.10932 0.99401 -0.00073
vn 0.07571 0.99665 0.03104
vn 0.08060 0.99252 -0.09168
vn 0.09150 0.97946 -0.17970
vn 0.07671 0.96492 -0.25109
vn 0.41932 0.44742 0.78993
vn 0.27723 0.89402 0.35196
vn 0.32416 0.89477 -0.30711
vn 0.82209 0.53282 -0.20066
vn 0.71709 0.65511 0.23795
vn 0.53382 0.40036 0.74481
vn 0.05151 0.81551 -0.57644
vn -0.01398 0.99967 -0.02139
vn -0.01397 0.99990 -0.00000
vn 0.56681 0.26339 0.78061
vn 0.31633 0.15922 0.93519
vn 0.60259 0.67206 -0.43037
vn 0.94936 -0.17715 -0.25949
vn 0.81488 0.33335 0.47419
vn 0.68399 -0.23956 0.68903
vn 0.75303 0.42180 0.50501
vn 0.95705 0.05974 0.28371
vn 0.86492 -0.04845 0.49957
vn 0.75089 -0.04047 0.65919
vn 0.57586 0.11440 0.80950
vn 0.69151 0.30875 0.65306
vn 0.67314 0.17843 0.71767
vn 0.47718 -0.52336 0.70597
vn 0.53244 -0.61584 0.58072
vn 0.70922 -0.40632 0.57612
vn 0.76402 -0.38366 0.51872
vn 0.68645 -0.22671 0.69093
vn 0.53345 -0.43132 0.72759
vn 0.34492 -0.44062 0.82878
vn 0.55967 -0.15758 0.81359
vn 0.54982 -0.25297 0.79605
vn 0.16751 -0.98587 -0.00000
vn 0.17330 -0.98487 -0.00000
vn 0.23724 -0.53316 0.81207
vn 0.28742 -0.36267 0.88649
vn 0.22997 -0.77357 -0.59051
vn 0.10765 -0.42715 -0.89775
vn 0.09187 -0.24535 0.96507
vn 0.30468 -0.66994 -0.67702
vn 0.22750 -0.67576 -0.70113
vn 0.19910 -0.77253 -0.60295
vn -0.07456 -0.45066 0.88958
vn 0.03503 -0.72069 0.69237
vn 0.40247 -0.91167 0.08293
vn 0.40597 -0.89484 0.18563
vn 0.14294 -0.76699 -0.62553
vn 0.30873 -0.88985 -0.33593
vn 0.22569 -0.64042 -0.73411
vn 0.27937 -0.84734 0.45162
vn 0.31010 -0.94984 0.04047
vn 0.50300 -0.81224 -0.29541
vn 0.61311 -0.78196 -0.11239
vn 0.26203 -0.96349 0.05509
vn 0.04117 -0.92000 -0.38975
vn -0.10495 0.87186 0.47838
vn 0.03635 0.97345 0.22597
vn 0.05252 0.99857 0.01023
vn 0.09173 0.99558 -0.01998
vn 0.13898 0.98357 -0.11524
vn 0.14985 0.97287 -0.17629
vn 0.13111 0.96833 -0.21248
vn 0.22024 0.97245 -0.07641
vn 0.12815 0.94976 -0.28555
vn -0.11625 0.55717 0.82222
vn -0.19132 0.47276 0.86017
vn 0.11391 0.96722 -0.22694
vn -0.01262 0.99983 -0.01325
vn -0.01265 0.99992 -0.00000
vn 0.50967 0.23501 0.82765
vn 0.47310 -0.00754 0.88098
vn 0.53931 -0.05701 -0.84018
vn 0.35910 0.33512 -0.87106
vn 0.03100 0.34130 0.93944
vn 0.58111 0.18418 0.79271
vn 0.45311 0.18764 0.87148
vn 0.29440 0.08263 -0.95210
vn 0.46980 0.52133 -0.71239
vn -0.33763 0.32645 0.88286
vn 0.49505 0.22072 0.84036
vn 0.33312 -0.02244 0.94262
vn 0.77915 -0.37373 0.50323
vn 0.59400 -0.22396 0.77266
vn 0.87175 -0.24346 0.42519
vn 0.48325 -0.26701 0.83377
vn 0.46147 -0.28347 0.84065
vn 0.55449 -0.17439 0.81371
vn 0.51589 -0.13488 0.84597
vn 0.63672 -0.21350 0.74095
vn 0.54696 -0.33718 0.76625
vn 0.69833 -0.10994 0.70728
vn 0.56879 -0.13647 0.81108
vn 0.44096 -0.69270 -0.57072
vn 0.27193 -0.80953 -0.52030
vn 0.32868 -0.94444 -0.00000
vn 0.74758 0.06602 0.66088
vn 0.57946 -0.11769 0.80646
vn 0.52548 -0.65399 -0.54421
vn 0.46170 -0.68643 -0.56182
vn 0.17436 -0.43783 -0.88199
vn 0.54346 -0.24687 0.80231
vn 0.66373 -0.50853 0.54850
vn 0.45238 -0.58100 -0.67660
vn 0.44223 -0.67717 -0.58811
vn 0.30895 -0.75200 -0.58228
vn 0.49806 -0.57498 0.64911
vn 0.72110 -0.58984 0.36345
vn 0.58801 -0.80341 0.09371
vn 0.35351 -0.92281 -0.15312
vn 0.22445 -0.96709 0.11984
vn 0.45578 -0.85497 0.24755
vn 0.28639 -0.68130 -0.67365
vn 0.29874 -0.81769 -0.49208
vn 0.53381 -0.84334 0.06182
vn 0.59740 -0.79726 0.08654
vn 0.46539 -0.80957 -0.35778
vn 0.13092 -0.98159 0.13910
vn 0.06488 -0.96639 0.24877
vn 0.12314 -0.91700 -0.37939
vn 0.09597 0.84781 0.52155
vn 0.17120 0.97903 0.11040
vn 0.18438 0.98285 0.00025
vn 0.27723 0.95877 -0.06238
vn 0.30720 0.94221 -0.13365
vn 0.22714 0.95965 -0.16575
vn 0.18746 0.96343 -0.19147
vn 0.67134 0.61711 0.41047
vn 0.65520 0.66172 0.36447
vn -0.61210 0.71027 0.34763
vn -0.65876 0.60912 0.44159
vn -0.18244 0.92996 0.31920
vn 0.39791 0.90715 -0.13693
vn 0.35647 0.92193 -0.15155
vn 0.25614 0.94872 -0.18528
vn 0.18650 0.98244 -0.00599
vn 0.18989 0.98181 -0.00000
vn -0.06554 0.51479 0.85481
vn 0.01583 -0.07112 -0.99734
vn -0.65599 0.20421 0.72662
vn -0.57848 0.72388 0.37598
vn 0.19337 0.09645 0.97637
vn -0.50918 0.50798 -0.69476
vn -0.97794 0.02130 0.20781
vn -0.75136 -0.02919 0.65924
vn 0.69428 -0.39388 0.60235
vn 0.76592 -0.44255 0.46639
vn 0.78477 -0.19686 0.58769
vn 0.68723 -0.28128 0.66977
vn 0.79941 -0.32947 0.50238
vn 0.77171 -0.22482 0.59491
vn 0.80052 -0.11800 0.58758
vn 0.82828 -0.18349 0.52943
vn 0.68101 -0.21630 0.69960
vn 0.73490 -0.04990 0.67634
vn 0.72552 0.01710 0.68799
vn 0.41510 -0.05318 0.90822
vn 0.56909 0.14922 0.80862
vn 0.50630 -0.64044 -0.57750
vn 0.49451 -0.86894 -0.02007
vn 0.48181 -0.87627 -0.00000
vn 0.29332 -0.47934 0.82716
vn 0.39616 -0.37485 0.83818
vn 0.61284 -0.67921 -0.40386
vn 0.56614 -0.73551 -0.37217
vn 0.41872 -0.90775 -0.02573
vn 0.40981 -0.91217 -0.00000
vn 0.69443 0.34992 0.62875
vn 0.75970 -0.22121 0.61149
vn 0.61936 -0.55528 0.55503
vn 0.65209 -0.52466 -0.54727
vn 0.53549 -0.60752 -0.58666
vn 0.68030 -0.62994 -0.37467
vn 0.54650 -0.67428 -0.49667
vn 0.84616 -0.00299 0.53293
vn 0.80644 -0.15943 0.56942
vn 0.90240 -0.34258 0.26136
vn 0.62517 -0.77819 -0.05981
vn 0.64503 -0.67937 0.34985
vn 0.81929 -0.57274 -0.02698
vn 0.69421 -0.33856 -0.63517
vn 0.71917 -0.38668 -0.57729
vn 0.69805 -0.54372 -0.46592
vn 0.58553 -0.77488 0.23814
vn 0.66937 -0.73705 0.09331
vn 0.61221 -0.77018 -0.17895
vn 0.65211 -0.62923 0.42287
vn 0.63144 -0.77321 0.05862
vn 0.50192 -0.74229 -0.44394
vn 0.54367 -0.59101 -0.59593
vn 0.24615 0.91195 0.32828
vn 0.33360 0.93167 0.14386
vn 0.38740 0.92016 -0.05669
vn 0.41548 0.90418 -0.09913
vn 0.41501 0.90265 -0.11397
vn -0.17560 0.91454 0.36439
vn 0.35737 0.88341 0.30312
vn 0.29744 0.90724 0.29739
vn 0.31771 0.94080 0.11810
vn 0.57173 0.81117 -0.12300
vn 0.55278 0.82566 -0.11274
vn 0.60422 0.77919 -0.16665
vn 0.64737 0.75307 -0.11747
vn 0.60410 0.78441 -0.14058
vn 0.55050 0.83483 -0.00202
vn 0.55018 0.83504 -0.00000
vn 0.52755 0.16528 0.83329
vn 0.41007 0.86638 0.28500
vn 0.83498 0.52980 0.14874
vn 0.68473 0.60402 0.40781
vn 0.77135 0.61932 -0.14649
vn 0.78341 0.60408 -0.14613
vn 0.79918 0.60109 -0.00091
vn 0.80071 0.59905 -0.00000
vn 0.73246 -0.05505 0.67858
vn 0.81210 -0.12883 0.56913
vn 0.93696 0.16499 0.30802
vn 0.82823 -0.30724 0.46867
vn 0.82345 -0.33355 0.45899
vn 0.57308 -0.42004 0.70367
vn 0.79758 -0.26463 0.54207
vn 0.71716 -0.25373 0.64908
vn 0.46793 -0.05086 0.88230
vn 0.51964 0.15134 0.84088
vn 0.80535 -0.25266 0.53626
vn 0.84120 -0.50431 -0.19505
vn 0.82323 -0.56766 -0.00785
vn 0.82876 -0.55961 -0.00000
vn 0.84148 -0.04843 0.53812
vn 0.81590 -0.12086 0.56542
vn 0.68401 -0.58604 -0.43437
vn 0.74843 -0.60614 -0.26915
vn 0.73781 -0.63568 -0.22704
vn 0.64712 -0.76227 -0.01302
vn 0.65032 -0.75966 -0.00000
vn 0.60080 -0.53475 0.59421
vn 0.70784 -0.37531 0.59842
vn 0.84355 -0.43373 -0.31671
vn 0.65509 -0.49839 -0.56785
vn 0.77551 -0.55096 -0.30826
vn 0.66409 -0.67315 -0.32536
vn 0.55010 -0.35645 0.75520
vn 0.63714 -0.49192 0.59335
vn 0.75431 -0.62571 -0.19874
vn 0.88378 -0.46325 -0.06590
vn 0.86071 -0.50908 -0.00500
vn 0.71901 -0.64054 -0.26968
vn 0.57913 -0.56379 -0.58886
vn 0.62035 -0.66595 -0.41433
vn 0.56659 -0.68234 0.46194
vn 0.65416 -0.72820 0.20444
vn 0.68577 -0.72769 0.01413
vn 0.79682 -0.60344 -0.03071
vn 0.89859 -0.29995 -0.32025
vn 0.66405 0.63845 0.38913
vn 0.69377 0.51043 0.50807
vn 0.90678 0.42046 -0.03093
vn 0.57169 0.80477 -0.15976
vn 0.79677 0.53815 -0.27487
vn 0.79377 0.59859 -0.10781
vn 0.76612 0.63302 -0.11115
vn 0.79868 0.25192 0.54649
vn 0.81074 0.49686 0.30956
vn 0.83648 0.44630 0.31801
vn 0.78851 0.55867 0.25719
vn 0.88587 0.41162 -0.21401
vn 0.78759 0.54658 -0.28452
vn 0.83039 0.55667 0.02384
vn 0.86711 0.47804 -0.13999
vn 0.90171 0.40602 -0.14857
vn 0.92307 0.38462 -0.00076
vn 0.92418 0.38196 -0.00000
vn 0.84999 0.28988 0.43986
vn 0.92836 0.19281 0.31776
vn 0.74828 0.25553 0.61220
vn 0.84524 0.50292 -0.18066
vn 0.92906 0.23311 -0.28723
vn 0.94970 0.18095 -0.25559
vn 0.96594 0.20973 -0.15155
vn 0.98322 0.18244 -0.00110
vn 0.98307 0.18321 -0.00000
vn 0.62348 -0.25198 0.74012
vn 0.93026 -0.02826 0.36581
vn 0.89419 0.12426 0.43010
vn 0.95549 0.18142 -0.23266
vn 0.97137 0.15703 -0.17828
vn 0.98380 0.07272 -0.16387
vn 0.99835 0.05731 -0.00205
vn 0.99835 0.05742 -0.00000
vn 0.64682 -0.22360 0.72912
vn 0.77877 -0.13238 0.61319
vn 0.87865 -0.25930 -0.40091
vn 0.93836 -0.33480 -0.08591
vn 0.96605 -0.17207 -0.19272
vn 0.97768 -0.09660 -0.18659
vn 0.99554 -0.09424 -0.00333
vn 0.99553 -0.09446 -0.00000
vn 0.62085 -0.07156 0.78066
vn 0.74348 0.04298 0.66737
vn 0.91912 -0.06664 -0.38829
vn 0.94874 -0.15381 -0.27612
vn 0.95958 -0.27575 -0.05631
vn 0.97500 -0.19614 -0.10447
vn 0.98423 -0.17682 -0.00448
vn 0.98410 -0.17762 -0.00000
vn 0.64477 0.08987 0.75908
vn 0.74986 -0.17921 0.63686
vn 0.81562 -0.33347 0.47282
vn 0.90576 -0.14498 -0.39822
vn 0.94160 -0.17483 -0.28779
vn 0.96283 -0.23833 -0.12708
vn 0.92427 -0.35531 -0.13959
vn 0.92807 -0.37235 -0.00581
vn 0.93384 -0.35769 -0.00000
vn 0.82726 -0.10184 0.55251
vn 0.83552 -0.40746 0.36863
vn 0.88008 -0.38869 0.27271
vn 0.92541 -0.34426 -0.15844
vn 0.85705 -0.21128 -0.46992
vn 0.82008 -0.37638 -0.43105
vn 0.88350 -0.38506 -0.26675
vn 0.85647 -0.47314 -0.20637
vn 0.79527 -0.34568 0.49805
vn 0.98911 -0.04768 0.13921
vn 0.86928 -0.47691 0.13000
vn 0.63183 -0.77349 -0.04999
vn 0.81201 -0.53690 -0.22886
vn 0.70568 -0.56875 -0.42255
vn 0.76211 -0.18865 0.61935
vn 0.84519 -0.51880 -0.12845
vn 0.75235 -0.65374 -0.08116
vn 0.83294 -0.55183 -0.04116
vn 0.84096 -0.47296 -0.26287
vn 0.80084 0.47596 0.36349
vn 0.73958 0.64720 0.18480
vn 0.84578 0.49222 -0.20586
vn 0.83997 0.50532 -0.19773
vn 0.86131 0.30792 0.40415
vn 0.84745 0.40012 0.34891
vn 0.73448 0.63522 -0.23881
vn 0.88232 0.42015 -0.21207
vn 0.93782 0.17434 -0.30017
vn 0.90441 -0.07497 0.42002
vn 0.79812 -0.01034 0.60241
vn 0.99248 0.00447 0.12230
vn 0.97392 -0.06645 -0.21694
vn 0.87919 -0.04104 -0.47470
vn 0.91432 0.05394 -0.40140
vn 0.75884 0.10623 0.64255
vn 0.89484 0.19136 0.40330
vn 0.91232 -0.21387 0.34918
vn 0.93254 -0.26063 -0.24989
vn 0.82450 -0.23490 -0.51481
vn 0.94901 -0.25053 -0.19134
vn 0.60384 -0.03762 0.79622
vn 0.80819 -0.11467 0.57766
vn 0.99758 -0.06684 -0.01904
vn 0.93738 -0.19777 -0.28670
vn 0.88726 -0.20094 -0.41521
vn 0.75755 -0.03835 0.65165
vn 0.89155 -0.22625 0.39236
vn 0.98400 -0.11942 0.13219
vn 0.91842 -0.24916 -0.30729
vn 0.97257 -0.12718 -0.19478
vn 0.78532 -0.51539 0.34299
vn 0.86865 -0.43492 0.23728
vn 0.99434 -0.01253 -0.10551
vn 0.97448 -0.01263 -0.22412
vn 0.86422 -0.42987 0.26142
vn 0.87158 -0.43354 0.22888
usemtl CaveRock
f 55/55/55 56/56/56 59/59/59
f 58/58/58 59/59/59 62/62/62
f 65/65/65 66/66/66 71/71/71
f 69/69/69 70/70/70 79/79/79
f 74/74/74 75/75/75 82/82/82
f 76/76/76 77/77/77 84/84/84
f 85/85/85 86/86/86 95/95/95
f 89/89/89 90/90/90 99/99/99
f 90/90/90 91/91/91 100/100/100
f 112/112/112 113/113/113 116/116/116
f 115/115/115 116/116/116 120/120/120
f 118/118/118 119/119/119 124/124/124
f 123/123/123 124/124/124 130/130/130
f 128/128/128 129/129/129 137/137/137
f 134/134/134 135/135/135 144/144/144
f 135/135/135 136/136/136 145/145/145
f 141/141/141 142/142/142 149/149/149
f 142/142/142 143/143/143 150/150/150
f 143/143/143 144/144/144 151/151/151
f 171/171/171 172/172/172 176/176/176
f 181/181/181 182/182/182 186/186/186
f 184/184/184 185/185/185 189/189/189
f 188/188/188 189/189/189 195/195/195
f 193/193/193 194/194/194 200/200/200
f 198/198/198 199/199/199 206/206/206
f 204/204/204 205/205/205 214/214/214
f 209/209/209 210/210/210 217/217/217
f 212/212/212 213/213/213 220/220/220
f 221/221/221 222/222/222 234/234/234
f 232/232/232 233/233/233 240/240/240
f 244/244/244 245/245/245 247/247/247
f 248/248/248 249/249/249 251/251/251
f 252/252/252 253/253/253 259/259/259
f 257/257/257 258/258/258 264/264/264
f 262/262/262 263/263/263 269/269/269
f 267/267/267 268/268/268 275/275/275
f 301/301/301 302/302/302 304/304/304
f 303/303/303 304/304/304 306/306/306
f 312/312/312 313/313/313 318/318/318
f 325/325/325 326/326/326 335/335/335
f 331/331/331 332/332/332 339/339/339
f 332/332/332 333/333/333 340/340/340
f 367/367/367 366/366/366 371/371/371
f 368/368/368 369/369/369 375/375/375
f 373/373/373 374/374/374 380/380/380
f 378/378/378 379/379/379 386/386/386
f 383/383/383 384/384/384 392/392/392
f 384/384/384 385/385/385 393/393/393
f 417/417/417 416/416/416 418/418/418
f 420/420/420 419/419/419 421/421/421
f 446/446/446 445/445/445 457/457/457
f 470/470/470 469/469/469 471/471/471
f 479/479/479 478/478/478 482/482/482
f 487/487/487 486/486/486 491/491/491
f 510/510/510 509/509/509 518/518/518
f 520/520/520 519/519/519 523/523/523
f 526/526/526 525/525/525 527/527/527
f 528/528/528 527/527/527 529/529/529
f 531/531/531 530/530/530 532/532/532
f 533/533/533 532/532/532 534/534/534
f 537/537/537 536/536/536 540/540/540
f 578/578/578 577/577/577 582/582/582
f 581/581/581 580/580/580 585/585/585
f 588/588/588 587/587/587 589/589/589
f 592/592/592 591/591/591 593/593/593
f 594/594/594 593/593/593 595/595/595
f 597/597/597 596/596/596 601/601/601
f 607/607/607 606/606/606 611/611/611
f 613/613/613 612/612/612 619/619/619
f 616/616/616 615/615/615 622/622/622
f 630/630/630 629/629/629 637/637/637
f 631/631/631 630/630/630 638/638/638
f 633/633/633 632/632/632 642/642/642
f 634/634/634 635/635/635 645/645/645
f 651/651/651 650/650/650 652/652/652
f 654/654/654 653/653/653 656/656/656
f 656/656/656 655/655/655 658/658/658
f 660/660/660 659/659/659 661/661/661
f 662/662/662 661/661/661 666/666/666
f 665/665/665 664/664/664 670/670/670
f 673/673/673 672/672/672 679/679/679
f 674/674/674 673/673/673 680/680/680
f 681/681/681 680/680/680 688/688/688
f 682/682/682 681/681/681 689/689/689
f 697/697/697 696/696/696 703/703/703
f 699/699/699 698/698/698 705/705/705
f 708/708/708 707/707/707 715/715/715
f 709/709/709 708/708/708 716/716/716
f 710/710/710 709/709/709 717/717/717
f 713/713/713 712/712/712 720/720/720
f 720/720/720 719/719/719 722/722/722
f 724/724/724 723/723/723 725/725/725
f 729/729/729 728/728/728 733/733/733
f 734/734/734 733/733/733 740/740/740
f 741/741/741 740/740/740 746/746/746
f 748/748/748 747/747/747 754/754/754
f 750/750/750 749/749/749 756/756/756
f 762/762/762 761/761/761 769/769/769
f 763/763/763 762/762/762 770/770/770
f 765/765/765 764/764/764 772/772/772
f 772/772/772 771/771/771 780/780/780
f 774/774/774 773/773/773 782/782/782
f 775/775/775 774/774/774 783/783/783
f 776/776/776 775/775/775 784/784/784
f 778/778/778 777/777/777 786/786/786
f 782/782/782 781/781/781 789/789/789
f 791/791/791 790/790/790 798/798/798
f 792/792/792 791/791/791 799/799/799
f 793/793/793 792/792/792 800/800/800
f 799/799/799 798/798/798 806/806/806
f 800/800/800 799/799/799 807/807/807
f 801/801/801 800/800/800 808/808/808
f 803/803/803 802/802/802 810/810/810
f 806/806/806 805/805/805 814/814/814
f 807/807/807 806/806/806 815/815/815
f 812/812/812 811/811/811 819/819/819
f 814/814/814 813/813/813 823/823/823
f 821/821/821 820/820/820 828/828/828
f 828/828/828 827/827/827 833/833/833
f 841/841/841 840/840/840 844/844/844
f 845/845/845 844/844/844 850/850/850
f 846/846/846 845/845/845 851/851/851
f 849/849/849 848/848/848 854/854/854
f 850/850/850 849/849/849 855/855/855
f 851/851/851 850/850/850 856/856/856
f 855/855/855 854/854/854 860/860/860
f 856/856/856 855/855/855 861/861/861
f 860/860/860 859/859/859 864/864/864
f 861/861/861 860/860/860 865/865/865
f 866/866/866 865/865/865 869/869/869
f 867/867/867 866/866/866 870/870/870
f 871/871/871 870/870/870 873/873/873
f 2/2/2 1/1/1 37/37/37
f 3/3/3 2/2/2 38/38/38
f 6/6/6 5/5/5 41/41/41
f 7/7/7 6/6/6 42/42/42
f 9/9/9 8/8/8 44/44/44
f 11/11/11 10/10/10 47/47/47
f 13/13/13 12/12/12 49/49/49
f 26/26/26 27/27/27 68/68/68
f 31/31/31 32/32/32 74/74/74
f 32/32/32 33/33/33 75/75/75
f 33/33/33 34/34/34 76/76/76
f 35/35/35 36/36/36 78/78/78
f 38/38/38 37/37/37 93/93/93
f 43/43/43 42/42/42 98/98/98
f 44/44/44 43/43/43 99/99/99
f 45/45/45 44/44/44 100/100/100
f 46/46/46 45/45/45 101/101/101
f 48/48/48 47/47/47 103/103/103
f 53/53/53 52/52/52 108/108/108
f 63/63/63 64/64/64 122/122/122
f 67/67/67 68/68/68 127/127/127
f 72/72/72 73/73/73 133/133/133
f 80/80/80 81/81/81 140/140/140
f 90/90/90 89/89/89 156/156/156
f 91/91/91 90/90/90 157/157/157
f 92/92/92 91/91/91 158/158/158
f 102/102/102 101/101/101 163/163/163
f 104/104/104 103/103/103 167/167/167
f 106/106/106 105/105/105 169/169/169
f 110/110/110 109/109/109 174/174/174
f 125/125/125 126/126/126 192/192/192
f 131/131/131 132/132/132 197/197/197
f 138/138/138 139/139/139 203/203/203
f 146/146/146 147/147/147 209/209/209
f 154/154/154 153/153/153 223/223/223
f 155/155/155 154/154/154 224/224/224
f 156/156/156 155/155/155 225/225/225
f 160/160/160 159/159/159 229/229/229
f 165/165/165 164/164/164 235/235/235
f 166/166/166 165/165/165 236/236/236
f 172/172/172 171/171/171 241/241/241
f 191/191/191 192/192/192 256/256/256
f 201/201/201 202/202/202 266/266/266
f 207/207/207 208/208/208 272/272/272
f 215/215/215 216/216/216 278/278/278
f 217/217/217 218/218/218 280/280/280
f 218/218/218 219/219/219 281/281/281
f 223/223/223 222/222/222 286/286/286
f 224/224/224 223/223/223 287/287/287
f 225/225/225 224/224/224 288/288/288
f 226/226/226 225/225/225 289/289/289
f 227/227/227 226/226/226 290/290/290
f 231/231/231 230/230/230 294/294/294
f 237/237/237 236/236/236 298/298/298
f 238/238/238 237/237/237 299/299/299
f 254/254/254 255/255/255 311/311/311
f 260/260/260 261/261/261 315/315/315
f 270/270/270 271/271/271 324/324/324
f 276/276/276 277/277/277 329/329/329
f 277/277/277 278/278/278 330/330/330
f 283/283/283 284/284/284 338/338/338
f 287/287/287 286/286/286 342/342/342
f 288/288/288 287/287/287 343/343/343
f 290/290/290 289/289/289 345/345/345
f 291/291/291 290/290/290 346/346/346
f 295/295/295 294/294/294 350/350/350
f 299/299/299 298/298/298 354/354/354
f 317/317/317 318/318/318 370/370/370
f 319/319/319 320/320/320 372/372/372
f 328/328/328 329/329/329 382/382/382
f 336/336/336 337/337/337 388/388/388
f 342/342/342 341/341/341 394/394/394
f 348/348/348 347/347/347 400/400/400
f 349/349/349 348/348/348 401/401/401
f 351/351/351 350/350/350 403/403/403
f 353/353/353 352/352/352 405/405/405
f 355/355/355 354/354/354 407/407/407
f 356/356/356 355/355/355 408/408/408
f 358/358/358 357/357/357 410/410/410
f 376/376/376 377/377/377 429/429/429
f 381/381/381 382/382/382 433/433/433
f 387/387/387 388/388/388 438/438/438
f 390/390/390 391/391/391 441/441/441
f 395/395/395 394/394/394 444/444/444
f 396/396/396 395/395/395 445/445/445
f 397/397/397 396/396/396 446/446/446
f 401/401/401 400/400/400 450/450/450
f 402/402/402 401/401/401 451/451/451
f 403/403/403 402/402/402 452/452/452
f 406/406/406 405/405/405 455/455/455
f 409/409/409 408/408/408 461/461/461
f 411/411/411 410/410/410 463/463/463
f 423/423/423 424/424/424 477/477/477
f 434/434/434 435/435/435 490/490/490
f 436/436/436 437/437/437 492/492/492
f 437/437/437 438/438/438 493/493/493
f 438/438/438 439/439/439 494/494/494
f 441/441/441 442/442/442 497/497/497
f 442/442/442 443/443/443 498/498/498
f 448/448/448 447/447/447 499/499/499
f 452/452/452 451/451/451 503/503/503
f 453/453/453 452/452/452 504/504/504
f 456/456/456 455/455/455 507/507/507
f 457/457/457 456/456/456 508/508/508
f 459/459/459 458/458/458 510/510/510
f 466/466/466 465/465/465 521/521/521
f 476/476/476 477/477/477 539/539/539
f 480/480/480 481/481/481 543/543/543
f 484/484/484 485/485/485 547/547/547
f 496/496/496 497/497/497 560/560/560
f 501/501/501 500/500/500 561/561/561
f 503/503/503 502/502/502 563/563/563
f 504/504/504 503/503/503 564/564/564
f 505/505/505 504/504/504 565/565/565
f 509/509/509 508/508/508 568/568/568
f 512/512/512 511/511/511 570/570/570
f 517/517/517 516/516/516 575/575/575
f 538/538/538 539/539/539 600/600/600
f 542/542/542 543/543/543 605/605/605
f 545/545/545 546/546/546 609/609/609
f 546/546/546 547/547/547 610/610/610
f 550/550/550 551/551/551 615/615/615
f 552/552/552 553/553/553 618/618/618
f 556/556/556 557/557/557 621/621/621
f 559/559/559 560/560/560 624/624/624
f 562/562/562 561/561/561 625/625/625
f 564/564/564 563/563/563 627/627/627
f 565/565/565 564/564/564 628/628/628
f 574/574/574 573/573/573 640/640/640
f 583/583/583 582/582/582 647/647/647
f 584/584/584 583/583/583 648/648/648
f 598/598/598 599/599/599 670/670/670
f 602/602/602 601/601/601 672/672/672
f 603/603/603 604/604/604 678/678/678
f 608/608/608 609/609/609 687/687/687
f 613/613/613 614/614/614 690/690/690
f 614/614/614 615/615/615 691/691/691
f 616/616/616 617/617/617 693/693/693
f 617/617/617 618/618/618 694/694/694
f 626/626/626 625/625/625 695/695/695
f 627/627/627 626/626/626 696/696/696
f 636/636/636 635/635/635 701/701/701
f 640/640/640 639/639/639 708/708/708
f 641/641/641 640/640/640 709/709/709
f 643/643/643 642/642/642 711/711/711
f 644/644/644 643/643/643 712/712/712
f 663/663/663 664/664/664 738/738/738
f 664/664/664 665/665/665 739/739/739
f 668/668/668 669/669/669 745/745/745
f 675/675/675 676/676/676 752/752/752
f 676/676/676 677/677/677 753/753/753
f 682/682/682 683/683/683 756/756/756
f 683/683/683 684/684/684 757/757/757
f 684/684/684 685/685/685 758/758/758
f 702/702/702 701/701/701 759/759/759
f 703/703/703 702/702/702 760/760/760
f 704/704/704 703/703/703 761/761/761
f 705/705/705 704/704/704 762/762/762
f 714/714/714 713/713/713 766/766/766
f 717/717/717 716/716/716 774/774/774
f 718/718/718 717/717/717 775/775/775
f 730/730/730 731/731/731 817/817/817
f 735/735/735 736/736/736 825/825/825
f 736/736/736 737/737/737 826/826/826
f 742/742/742 743/743/743 832/832/832
f 750/750/750 751/751/751 837/837/837
f 769/769/769 768/768/768 838/838/838
f 770/770/770 769/769/769 839/839/839
f 796/796/796 797/797/797 858/858/858
f 822/822/822 823/823/823 872/872/872
f 1/1/1 11/11/11 48/48/48
f 10/10/10 14/14/14 51/51/51
f 15/15/15 13/13/13 50/50/50
f 16/16/16 18/18/18 57/57/57
f 18/18/18 20/20/20 60/60/60
f 21/21/21 19/19/19 58/58/58
f 29/29/29 24/24/24 65/65/65
f 27/27/27 30/30/30 72/72/72
f 36/36/36 28/28/28 69/69/69
f 37/37/37 48/48/48 104/104/104
f 47/47/47 51/51/51 107/107/107
f 54/54/54 57/57/57 114/114/114
f 57/57/57 60/60/60 117/117/117
f 62/62/62 59/59/59 115/115/115
f 66/66/66 61/61/61 118/118/118
f 71/71/71 66/66/66 123/123/123
f 79/79/79 70/70/70 128/128/128
f 84/84/84 77/77/77 134/134/134
f 85/85/85 94/94/94 162/162/162
f 93/93/93 104/104/104 168/168/168
f 103/103/103 107/107/107 173/173/173
f 116/116/116 113/113/113 178/178/178
f 114/114/114 117/117/117 183/183/183
f 120/120/120 116/116/116 181/181/181
f 117/117/117 121/121/121 187/187/187
f 124/124/124 119/119/119 184/184/184
f 130/130/130 124/124/124 188/188/188
f 137/137/137 129/129/129 193/193/193
f 145/145/145 136/136/136 198/198/198
f 151/151/151 144/144/144 204/204/204
f 152/152/152 162/162/162 234/234/234
f 161/161/161 168/168/168 240/240/240
f 167/167/167 173/173/173 243/243/243
f 177/177/177 180/180/180 247/247/247
f 180/180/180 183/183/183 249/249/249
f 195/195/195 189/189/189 252/252/252
f 200/200/200 194/194/194 257/257/257
f 206/206/206 199/199/199 262/262/262
f 214/214/214 205/205/205 267/267/267
f 220/220/220 213/213/213 273/273/273
f 221/221/221 233/233/233 297/297/297
f 232/232/232 239/239/239 302/302/302
f 243/243/243 245/245/245 306/306/306
f 244/244/244 246/246/246 307/307/307
f 264/264/264 258/258/258 312/312/312
f 269/269/269 263/263/263 316/316/316
f 275/275/275 268/268/268 321/321/321
f 282/282/282 273/273/273 325/325/325
f 284/284/284 279/279/279 331/331/331
f 298/298/298 295/295/295 351/351/351
f 296/296/296 302/302/302 358/358/358
f 301/301/301 303/303/303 359/359/359
f 303/303/303 305/305/305 360/360/360
f 307/307/307 308/308/308 362/362/362
f 308/308/308 309/309/309 363/363/363
f 314/314/314 319/319/319 371/371/371
f 322/322/322 316/316/316 368/368/368
f 327/327/327 321/321/321 373/373/373
f 324/324/324 328/328/328 381/381/381
f 335/335/335 326/326/326 378/378/378
f 340/340/340 333/333/333 383/383/383
f 341/341/341 353/353/353 406/406/406
f 354/354/354 351/351/351 404/404/404
f 352/352/352 358/358/358 411/411/411
f 357/357/357 359/359/359 412/412/412
f 359/359/359 360/360/360 413/413/413
f 363/363/363 364/364/364 418/418/418
f 365/365/365 366/366/366 421/421/421
f 367/367/367 372/372/372 425/425/425
f 375/375/375 369/369/369 423/423/423
f 380/380/380 374/374/374 426/426/426
f 377/377/377 381/381/381 432/432/432
f 386/386/386 379/379/379 430/430/430
f 393/393/393 385/385/385 434/434/434
f 412/412/412 413/413/413 467/467/467
f 413/413/413 414/414/414 468/468/468
f 414/414/414 415/415/415 469/469/469
f 415/415/415 416/416/416 471/471/471
f 417/417/417 419/419/419 473/473/473
f 420/420/420 422/422/422 475/475/475
f 425/425/425 428/428/428 482/482/482
f 431/431/431 426/426/426 480/480/480
f 429/429/429 432/432/432 486/486/486
f 467/467/467 468/468/468 527/527/527
f 468/468/468 469/469/469 529/529/529
f 470/470/470 472/472/472 532/532/532
f 475/475/475 478/478/478 540/540/540
f 481/481/481 476/476/476 538/538/538
f 479/479/479 483/483/483 544/544/544
f 487/487/487 492/492/492 555/555/555
f 518/518/518 509/509/509 569/569/569
f 523/523/523 519/519/519 578/578/578
f 528/528/528 530/530/530 589/589/589
f 531/531/531 533/533/533 591/591/591
f 533/533/533 535/535/535 593/593/593
f 535/535/535 536/536/536 595/595/595
f 537/537/537 541/541/541 601/601/601
f 544/544/544 548/548/548 611/611/611
f 549/549/549 555/555/555 619/619/619
f 551/551/551 558/558/558 622/622/622
f 561/561/561 571/571/571 636/636/636
f 572/572/572 567/567/567 631/631/631
f 577/577/577 569/569/569 633/633/633
f 570/570/570 579/579/579 645/645/645
f 576/576/576 581/581/581 646/646/646
f 579/579/579 584/584/584 649/649/649
f 586/586/586 588/588/588 652/652/652
f 588/588/588 590/590/590 655/655/655
f 590/590/590 591/591/591 658/658/658
f 592/592/592 594/594/594 661/661/661
f 594/594/594 596/596/596 666/666/666
f 601/601/601 606/606/606 679/679/679
f 607/607/607 612/612/612 688/688/688
f 637/637/637 629/629/629 699/699/699
f 646/646/646 650/650/650 722/722/722
f 651/651/651 653/653/653 725/725/725
f 654/654/654 657/657/657 727/727/727
f 660/660/660 662/662/662 733/733/733
f 662/662/662 667/667/667 740/740/740
f 667/667/667 673/673/673 746/746/746
f 674/674/674 681/681/681 754/754/754
f 715/715/715 707/707/707 765/765/765
f 724/724/724 726/726/726 794/794/794
f 727/727/727 728/728/728 810/810/810
f 729/729/729 734/734/734 819/819/819
f 741/741/741 747/747/747 833/833/833
f 780/780/780 771/771/771 841/841/841
f 789/789/789 781/781/781 846/846/846
f 795/795/795 803/803/803 859/859/859
f 803/803/803 811/811/811 864/864/864
f 813/813/813 804/804/804 863/863/863
f 812/812/812 820/820/820 869/869/869
f 821/821/821 829/829/829 873/873/873
f 58/58/58 55/55/55 59/59/59
f 61/61/61 58/58/58 62/62/62
f 70/70/70 65/65/65 71/71/71
f 78/78/78 69/69/69 79/79/79
f 81/81/81 74/74/74 82/82/82
f 83/83/83 76/76/76 84/84/84
f 94/94/94 85/85/85 95/95/95
f 98/98/98 89/89/89 99/99/99
f 99/99/99 90/90/90 100/100/100
f 115/115/115 112/112/112 116/116/116
f 119/119/119 115/115/115 120/120/120
f 123/123/123 118/118/118 124/124/124
f 129/129/129 123/123/123 130/130/130
f 136/136/136 128/128/128 137/137/137
f 143/143/143 134/134/134 144/144/144
f 144/144/144 135/135/135 145/145/145
f 148/148/148 141/141/141 149/149/149
f 149/149/149 142/142/142 150/150/150
f 150/150/150 143/143/143 151/151/151
f 175/175/175 171/171/171 176/176/176
f 185/185/185 181/181/181 186/186/186
f 188/188/188 184/184/184 189/189/189
f 194/194/194 188/188/188 195/195/195
f 199/199/199 193/193/193 200/200/200
f 205/205/205 198/198/198 206/206/206
f 213/213/213 204/204/204 214/214/214
f 216/216/216 209/209/209 217/217/217
f 219/219/219 212/212/212 220/220/220
f 233/233/233 221/221/221 234/234/234
f 239/239/239 232/232/232 240/240/240
f 246/246/246 244/244/244 247/247/247
f 250/250/250 248/248/248 251/251/251
f 258/258/258 252/252/252 259/259/259
f 263/263/263 257/257/257 264/264/264
f 268/268/268 262/262/262 269/269/269
f 274/274/274 267/267/267 275/275/275
f 303/303/303 301/301/301 304/304/304
f 305/305/305 303/303/303 306/306/306
f 317/317/317 312/312/312 318/318/318
f 334/334/334 325/325/325 335/335/335
f 338/338/338 331/331/331 339/339/339
f 339/339/339 332/332/332 340/340/340
f 372/372/372 367/367/367 371/371/371
f 374/374/374 368/368/368 375/375/375
f 379/379/379 373/373/373 380/380/380
f 385/385/385 378/378/378 386/386/386
f 391/391/391 383/383/383 392/392/392
f 392/392/392 384/384/384 393/393/393
f 419/419/419 417/417/417 418/418/418
f 422/422/422 420/420/420 421/421/421
f 458/458/458 446/446/446 457/457/457
f 472/472/472 470/470/470 471/471/471
f 483/483/483 479/479/479 482/482/482
f 492/492/492 487/487/487 491/491/491
f 519/519/519 510/510/510 518/518/518
f 524/524/524 520/520/520 523/523/523
f 528/528/528 526/526/526 527/527/527
f 530/530/530 528/528/528 529/529/529
f 533/533/533 531/531/531 532/532/532
f 535/535/535 533/533/533 534/534/534
f 541/541/541 537/537/537 540/540/540
f 583/583/583 578/578/578 582/582/582
f 586/586/586 581/581/581 585/585/585
f 590/590/590 588/588/588 589/589/589
f 594/594/594 592/592/592 593/593/593
f 596/596/596 594/594/594 595/595/595
f 602/602/602 597/597/597 601/601/601
f 612/612/612 607/607/607 611/611/611
f 620/620/620 613/613/613 619/619/619
f 623/623/623 616/616/616 622/622/622
f 638/638/638 630/630/630 637/637/637
f 639/639/639 631/631/631 638/638/638
f 643/643/643 633/633/633 642/642/642
f 644/644/644 634/634/634 645/645/645
f 653/653/653 651/651/651 652/652/652
f 657/657/657 654/654/654 656/656/656
f 659/659/659 656/656/656 658/658/658
f 662/662/662 660/660/660 661/661/661
f 667/667/667 662/662/662 666/666/666
f 671/671/671 665/665/665 670/670/670
f 680/680/680 673/673/673 679/679/679
f 681/681/681 674/674/674 680/680/680
f 689/689/689 681/681/681 688/688/688
f 690/690/690 682/682/682 689/689/689
f 704/704/704 697/697/697 703/703/703
f 706/706/706 699/699/699 705/705/705
f 716/716/716 708/708/708 715/715/715
f 717/717/717 709/709/709 716/716/716
f 718/718/718 710/710/710 717/717/717
f 721/721/721 713/713/713 720/720/720
f 723/723/723 720/720/720 722/722/722
f 726/726/726 724/724/724 725/725/725
f 734/734/734 729/729/729 733/733/733
f 741/741/741 734/734/734 740/740/740
f 747/747/747 741/741/741 746/746/746
f 755/755/755 748/748/748 754/754/754
f 757/757/757 750/750/750 756/756/756
f 770/770/770 762/762/762 769/769/769
f 771/771/771 763/763/763 770/770/770
f 773/773/773 765/765/765 772/772/772
f 781/781/781 772/772/772 780/780/780
f 783/783/783 774/774/774 782/782/782
f 784/784/784 775/775/775 783/783/783
f 785/785/785 776/776/776 784/784/784
f 787/787/787 778/778/778 786/786/786
f 790/790/790 782/782/782 789/789/789
f 799/799/799 791/791/791 798/798/798
f 800/800/800 792/792/792 799/799/799
f 801/801/801 793/793/793 800/800/800
f 807/807/807 799/799/799 806/806/806
f 808/808/808 800/800/800 807/807/807
f 809/809/809 801/801/801 808/808/808
f 811/811/811 803/803/803 810/810/810
f 815/815/815 806/806/806 814/814/814
f 816/816/816 807/807/807 815/815/815
f 820/820/820 812/812/812 819/819/819
f 824/824/824 814/814/814 823/823/823
f 829/829/829 821/821/821 828/828/828
f 834/834/834 828/828/828 833/833/833
f 845/845/845 841/841/841 844/844/844
f 851/851/851 845/845/845 850/850/850
f 852/852/852 846/846/846 851/851/851
f 855/855/855 849/849/849 854/854/854
f 856/856/856 850/850/850 855/855/855
f 857/857/857 851/851/851 856/856/856
f 861/861/861 855/855/855 860/860/860
f 862/862/862 856/856/856 861/861/861
f 865/865/865 860/860/860 864/864/864
f 866/866/866 861/861/861 865/865/865
f 870/870/870 866/866/866 869/869/869
f 871/871/871 867/867/867 870/870/870
f 874/874/874 871/871/871 873/873/873
f 38/38/38 2/2/2 37/37/37
f 39/39/39 3/3/3 38/38/38
f 42/42/42 6/6/6 41/41/41
f 43/43/43 7/7/7 42/42/42
f 45/45/45 9/9/9 44/44/44
f 48/48/48 11/11/11 47/47/47
f 50/50/50 13/13/13 49/49/49
f 67/67/67 26/26/26 68/68/68
f 73/73/73 31/31/31 74/74/74
f 74/74/74 32/32/32 75/75/75
f 75/75/75 33/33/33 76/76/76
f 77/77/77 35/35/35 78/78/78
f 94/94/94 38/38/38 93/93/93
f 99/99/99 43/43/43 98/98/98
f 100/100/100 44/44/44 99/99/99
f 101/101/101 45/45/45 100/100/100
f 102/102/102 46/46/46 101/101/101
f 104/104/104 48/48/48 103/103/103
f 109/109/109 53/53/53 108/108/108
f 121/121/121 63/63/63 122/122/122
f 126/126/126 67/67/67 127/127/127
f 132/132/132 72/72/72 133/133/133
f 139/139/139 80/80/80 140/140/140
f 157/157/157 90/90/90 156/156/156
f 158/158/158 91/91/91 157/157/157
f 159/159/159 92/92/92 158/158/158
f 164/164/164 102/102/102 163/163/163
f 168/168/168 104/104/104 167/167/167
f 170/170/170 106/106/106 169/169/169
f 175/175/175 110/110/110 174/174/174
f 191/191/191 125/125/125 192/192/192
f 196/196/196 131/131/131 197/197/197
f 202/202/202 138/138/138 203/203/203
f 208/208/208 146/146/146 209/209/209
f 224/224/224 154/154/154 223/223/223
f 225/225/225 155/155/155 224/224/224
f 226/226/226 156/156/156 225/225/225
f 230/230/230 160/160/160 229/229/229
f 236/236/236 165/165/165 235/235/235
f 237/237/237 166/166/166 236/236/236
f 242/242/242 172/172/172 241/241/241
f 255/255/255 191/191/191 256/256/256
f 265/265/265 201/201/201 266/266/266
f 271/271/271 207/207/207 272/272/272
f 277/277/277 215/215/215 278/278/278
f 279/279/279 217/217/217 280/280/280
f 280/280/280 218/218/218 281/281/281
f 287/287/287 223/223/223 286/286/286
f 288/288/288 224/224/224 287/287/287
f 289/289/289 225/225/225 288/288/288
f 290/290/290 226/226/226 289/289/289
f 291/291/291 227/227/227 290/290/290
f 295/295/295 231/231/231 294/294/294
f 299/299/299 237/237/237 298/298/298
f 300/300/300 238/238/238 299/299/299
f 310/310/310 254/254/254 311/311/311
f 314/314/314 260/260/260 315/315/315
f 323/323/323 270/270/270 324/324/324
f 328/328/328 276/276/276 329/329/329
f 329/329/329 277/277/277 330/330/330
f 337/337/337 283/283/283 338/338/338
f 343/343/343 287/287/287 342/342/342
f 344/344/344 288/288/288 343/343/343
f 346/346/346 290/290/290 345/345/345
f 347/347/347 291/291/291 346/346/346
f 351/351/351 295/295/295 350/350/350
f 355/355/355 299/299/299 354/354/354
f 369/369/369 317/317/317 370/370/370
f 371/371/371 319/319/319 372/372/372
f 381/381/381 328/328/328 382/382/382
f 387/387/387 336/336/336 388/388/388
f 395/395/395 342/342/342 394/394/394
f 401/401/401 348/348/348 400/400/400
f 402/402/402 349/349/349 401/401/401
f 404/404/404 351/351/351 403/403/403
f 406/406/406 353/353/353 405/405/405
f 408/408/408 355/355/355 407/407/407
f 409/409/409 356/356/356 408/408/408
f 411/411/411 358/358/358 410/410/410
f 428/428/428 376/376/376 429/429/429
f 432/432/432 381/381/381 433/433/433
f 437/437/437 387/387/387 438/438/438
f 440/440/440 390/390/390 441/441/441
f 445/445/445 395/395/395 444/444/444
f 446/446/446 396/396/396 445/445/445
f 447/447/447 397/397/397 446/446/446
f 451/451/451 401/401/401 450/450/450
f 452/452/452 402/402/402 451/451/451
f 453/453/453 403/403/403 452/452/452
f 456/456/456 406/406/406 455/455/455
f 462/462/462 409/409/409 461/461/461
f 464/464/464 411/411/411 463/463/463
f 476/476/476 423/423/423 477/477/477
f 489/489/489 434/434/434 490/490/490
f 491/491/491 436/436/436 492/492/492
f 492/492/492 437/437/437 493/493/493
f 493/493/493 438/438/438 494/494/494
f 496/496/496 441/441/441 497/497/497
f 497/497/497 442/442/442 498/498/498
f 500/500/500 448/448/448 499/499/499
f 504/504/504 452/452/452 503/503/503
f 505/505/505 453/453/453 504/504/504
f 508/508/508 456/456/456 507/507/507
f 509/509/509 457/457/457 508/508/508
f 511/511/511 459/459/459 510/510/510
f 522/522/522 466/466/466 521/521/521
f 538/538/538 476/476/476 539/539/539
f 542/542/542 480/480/480 543/543/543
f 546/546/546 484/484/484 547/547/547
f 559/559/559 496/496/496 560/560/560
f 562/562/562 501/501/501 561/561/561
f 564/564/564 503/503/503 563/563/563
f 565/565/565 504/504/504 564/564/564
f 566/566/566 505/505/505 565/565/565
f 569/569/569 509/509/509 568/568/568
f 571/571/571 512/512/512 570/570/570
f 576/576/576 517/517/517 575/575/575
f 599/599/599 538/538/538 600/600/600
f 604/604/604 542/542/542 605/605/605
f 608/608/608 545/545/545 609/609/609
f 609/609/609 546/546/546 610/610/610
f 614/614/614 550/550/550 615/615/615
f 617/617/617 552/552/552 618/618/618
f 620/620/620 556/556/556 621/621/621
f 623/623/623 559/559/559 624/624/624
f 626/626/626 562/562/562 625/625/625
f 628/628/628 564/564/564 627/627/627
f 629/629/629 565/565/565 628/628/628
f 641/641/641 574/574/574 640/640/640
f 648/648/648 583/583/583 647/647/647
f 649/649/649 584/584/584 648/648/648
f 669/669/669 598/598/598 670/670/670
f 673/673/673 602/602/602 672/672/672
f 677/677/677 603/603/603 678/678/678
f 686/686/686 608/608/608 687/687/687
f 689/689/689 613/613/613 690/690/690
f 690/690/690 614/614/614 691/691/691
f 692/692/692 616/616/616 693/693/693
f 693/693/693 617/617/617 694/694/694
f 696/696/696 626/626/626 695/695/695
f 697/697/697 627/627/627 696/696/696
f 702/702/702 636/636/636 701/701/701
f 709/709/709 640/640/640 708/708/708
f 710/710/710 641/641/641 709/709/709
f 712/712/712 643/643/643 711/711/711
f 713/713/713 644/644/644 712/712/712
f 737/737/737 663/663/663 738/738/738
f 738/738/738 664/664/664 739/739/739
f 744/744/744 668/668/668 745/745/745
f 751/751/751 675/675/675 752/752/752
f 752/752/752 676/676/676 753/753/753
f 755/755/755 682/682/682 756/756/756
f 756/756/756 683/683/683 757/757/757
f 757/757/757 684/684/684 758/758/758
f 760/760/760 702/702/702 759/759/759
f 761/761/761 703/703/703 760/760/760
f 762/762/762 704/704/704 761/761/761
f 763/763/763 705/705/705 762/762/762
f 767/767/767 714/714/714 766/766/766
f 775/775/775 717/717/717 774/774/774
f 776/776/776 718/718/718 775/775/775
f 816/816/816 730/730/730 817/817/817
f 824/824/824 735/735/735 825/825/825
f 825/825/825 736/736/736 826/826/826
f 831/831/831 742/742/742 832/832/832
f 836/836/836 750/750/750 837/837/837
f 839/839/839 769/769/769 838/838/838
f 840/840/840 770/770/770 839/839/839
f 857/857/857 796/796/796 858/858/858
f 871/871/871 822/822/822 872/872/872
f 37/37/37 1/1/1 48/48/48
f 47/47/47 10/10/10 51/51/51
f 52/52/52 15/15/15 50/50/50
f 54/54/54 16/16/16 57/57/57
f 57/57/57 18/18/18 60/60/60
f 61/61/61 21/21/21 58/58/58
f 70/70/70 29/29/29 65/65/65
f 68/68/68 27/27/27 72/72/72
f 78/78/78 36/36/36 69/69/69
f 93/93/93 37/37/37 104/104/104
f 103/103/103 47/47/47 107/107/107
f 111/111/111 54/54/54 114/114/114
f 114/114/114 57/57/57 117/117/117
f 119/119/119 62/62/62 115/115/115
f 123/123/123 66/66/66 118/118/118
f 129/129/129 71/71/71 123/123/123
f 136/136/136 79/79/79 128/128/128
f 143/143/143 84/84/84 134/134/134
f 152/152/152 85/85/85 162/162/162
f 161/161/161 93/93/93 168/168/168
f 167/167/167 103/103/103 173/173/173
f 181/181/181 116/116/116 178/178/178
f 180/180/180 114/114/114 183/183/183
f 185/185/185 120/120/120 181/181/181
f 183/183/183 117/117/117 187/187/187
f 188/188/188 124/124/124 184/184/184
f 194/194/194 130/130/130 188/188/188
f 199/199/199 137/137/137 193/193/193
f 205/205/205 145/145/145 198/198/198
f 213/213/213 151/151/151 204/204/204
f 222/222/222 152/152/152 234/234/234
f 233/233/233 161/161/161 240/240/240
f 239/239/239 167/167/167 243/243/243
f 245/245/245 177/177/177 247/247/247
f 247/247/247 180/180/180 249/249/249
f 258/258/258 195/195/195 252/252/252
f 263/263/263 200/200/200 257/257/257
f 268/268/268 206/206/206 262/262/262
f 274/274/274 214/214/214 267/267/267
f 282/282/282 220/220/220 273/273/273
f 285/285/285 221/221/221 297/297/297
f 296/296/296 232/232/232 302/302/302
f 304/304/304 243/243/243 306/306/306
f 305/305/305 244/244/244 307/307/307
f 317/317/317 264/264/264 312/312/312
f 322/322/322 269/269/269 316/316/316
f 327/327/327 275/275/275 321/321/321
f 334/334/334 282/282/282 325/325/325
f 338/338/338 284/284/284 331/331/331
f 354/354/354 298/298/298 351/351/351
f 352/352/352 296/296/296 358/358/358
f 357/357/357 301/301/301 359/359/359
f 359/359/359 303/303/303 360/360/360
f 361/361/361 307/307/307 362/362/362
f 362/362/362 308/308/308 363/363/363
f 366/366/366 314/314/314 371/371/371
f 374/374/374 322/322/322 368/368/368
f 379/379/379 327/327/327 373/373/373
f 377/377/377 324/324/324 381/381/381
f 385/385/385 335/335/335 378/378/378
f 391/391/391 340/340/340 383/383/383
f 394/394/394 341/341/341 406/406/406
f 407/407/407 354/354/354 404/404/404
f 405/405/405 352/352/352 411/411/411
f 410/410/410 357/357/357 412/412/412
f 412/412/412 359/359/359 413/413/413
f 416/416/416 363/363/363 418/418/418
f 419/419/419 365/365/365 421/421/421
f 422/422/422 367/367/367 425/425/425
f 427/427/427 375/375/375 423/423/423
f 431/431/431 380/380/380 426/426/426
f 429/429/429 377/377/377 432/432/432
f 435/435/435 386/386/386 430/430/430
f 443/443/443 393/393/393 434/434/434
f 465/465/465 412/412/412 467/467/467
f 467/467/467 413/413/413 468/468/468
f 468/468/468 414/414/414 469/469/469
f 469/469/469 415/415/415 471/471/471
f 472/472/472 417/417/417 473/473/473
f 474/474/474 420/420/420 475/475/475
f 478/478/478 425/425/425 482/482/482
f 485/485/485 431/431/431 480/480/480
f 483/483/483 429/429/429 486/486/486
f 525/525/525 467/467/467 527/527/527
f 527/527/527 468/468/468 529/529/529
f 530/530/530 470/470/470 532/532/532
f 536/536/536 475/475/475 540/540/540
f 543/543/543 481/481/481 538/538/538
f 541/541/541 479/479/479 544/544/544
f 549/549/549 487/487/487 555/555/555
f 577/577/577 518/518/518 569/569/569
f 583/583/583 523/523/523 578/578/578
f 587/587/587 528/528/528 589/589/589
f 590/590/590 531/531/531 591/591/591
f 591/591/591 533/533/533 593/593/593
f 593/593/593 535/535/535 595/595/595
f 596/596/596 537/537/537 601/601/601
f 606/606/606 544/544/544 611/611/611
f 612/612/612 549/549/549 619/619/619
f 615/615/615 551/551/551 622/622/622
f 625/625/625 561/561/561 636/636/636
f 639/639/639 572/572/572 631/631/631
f 643/643/643 577/577/577 633/633/633
f 635/635/635 570/570/570 645/645/645
f 642/642/642 576/576/576 646/646/646
f 645/645/645 579/579/579 649/649/649
f 650/650/650 586/586/586 652/652/652
f 652/652/652 588/588/588 655/655/655
f 655/655/655 590/590/590 658/658/658
f 659/659/659 592/592/592 661/661/661
f 661/661/661 594/594/594 666/666/666
f 672/672/672 601/601/601 679/679/679
f 680/680/680 607/607/607 688/688/688
f 706/706/706 637/637/637 699/699/699
f 719/719/719 646/646/646 722/722/722
f 723/723/723 651/651/651 725/725/725
f 726/726/726 654/654/654 727/727/727
f 728/728/728 660/660/660 733/733/733
f 733/733/733 662/662/662 740/740/740
f 740/740/740 667/667/667 746/746/746
f 747/747/747 674/674/674 754/754/754
f 773/773/773 715/715/715 765/765/765
f 786/786/786 724/724/724 794/794/794
f 802/802/802 727/727/727 810/810/810
f 811/811/811 729/729/729 819/819/819
f 827/827/827 741/741/741 833/833/833
f 845/845/845 780/780/780 841/841/841
f 852/852/852 789/789/789 846/846/846
f 853/853/853 795/795/795 859/859/859
f 859/859/859 803/803/803 864/864/864
f 868/868/868 813/813/813 863/863/863
f 865/865/865 812/812/812 869/869/869
f 870/870/870 821/821/821 873/873/873
f 49/49/49 46/46/46 50/50/50
f 55/55/55 53/53/53 56/56/56
f 80/80/80 74/74/74 81/81/81
f 82/82/82 76/76/76 83/83/83
f 95/95/95 87/87/87 96/96/96
f 96/96/96 88/88/88 97/97/97
f 97/97/97 89/89/89 98/98/98
f 100/100/100 92/92/92 101/101/101
f 108/108/108 106/106/106 109/109/109
f 112/112/112 110/110/110 113/113/113
f 125/125/125 122/122/122 126/126/126
f 131/131/131 127/127/127 132/132/132
f 138/138/138 133/133/133 139/139/139
f 146/146/146 140/140/140 147/147/147
f 147/147/147 141/141/141 148/148/148
f 163/163/163 160/160/160 164/164/164
f 169/169/169 165/165/165 170/170/170
f 170/170/170 166/166/166 171/171/171
f 174/174/174 171/171/171 175/175/175
f 178/178/178 176/176/176 179/179/179
f 181/181/181 179/179/179 182/182/182
f 189/189/189 186/186/186 190/190/190
f 201/201/201 197/197/197 202/202/202
f 207/207/207 203/203/203 208/208/208
f 215/215/215 209/209/209 216/216/216
f 217/217/217 211/211/211 218/218/218
f 218/218/218 212/212/212 219/219/219
f 235/235/235 231/231/231 236/236/236
f 241/241/241 238/238/238 242/242/242
f 248/248/248 247/247/247 249/249/249
f 254/254/254 251/251/251 255/255/255
f 260/260/260 256/256/256 261/261/261
f 270/270/270 266/266/266 271/271/271
f 276/276/276 272/272/272 277/277/277
f 283/283/283 279/279/279 284/284/284
f 319/319/319 315/315/315 320/320/320
f 336/336/336 330/330/330 337/337/337
f 436/436/436 433/433/433 437/437/437
f 457/457/457 444/444/444 456/456/456
f 459/459/459 446/446/446 458/458/458
f 466/466/466 463/463/463 465/465/465
f 498/498/498 488/488/488 497/497/497
f 512/512/512 499/499/499 511/511/511
f 517/517/517 507/507/507 516/516/516
f 520/520/520 510/510/510 519/519/519
f 526/526/526 521/521/521 525/525/525
f 554/554/554 545/545/545 553/553/553
f 558/558/558 550/550/550 557/557/557
f 581/581/581 575/575/575 580/580/580
f 588/588/588 585/585/585 587/587/587
f 605/605/605 598/598/598 604/604/604
f 610/610/610 603/603/603 609/609/609
f 621/621/621 613/613/613 620/620/620
f 624/624/624 616/616/616 623/623/623
f 647/647/647 644/644/644 648/648/648
f 648/648/648 645/645/645 649/649/649
f 656/656/656 652/652/652 655/655/655
f 660/660/660 656/656/656 659/659/659
f 670/670/670 663/663/663 669/669/669
f 678/678/678 668/668/668 677/677/677
f 686/686/686 675/675/675 685/685/685
f 687/687/687 676/676/676 686/686/686
f 691/691/691 682/682/682 690/690/690
f 692/692/692 683/683/683 691/691/691
f 693/693/693 684/684/684 692/692/692
f 694/694/694 685/685/685 693/693/693
f 703/703/703 695/695/695 702/702/702
f 705/705/705 697/697/697 704/704/704
f 714/714/714 700/700/700 713/713/713
f 720/720/720 711/711/711 719/719/719
f 724/724/724 720/720/720 723/723/723
f 738/738/738 730/730/730 737/737/737
f 739/739/739 731/731/731 738/738/738
f 744/744/744 735/735/735 743/743/743
f 745/745/745 736/736/736 744/744/744
f 752/752/752 742/742/742 751/751/751
f 753/753/753 743/743/743 752/752/752
f 756/756/756 748/748/748 755/755/755
f 758/758/758 750/750/750 757/757/757
f 768/768/768 759/759/759 767/767/767
f 769/769/769 760/760/760 768/768/768
f 772/772/772 763/763/763 771/771/771
f 778/778/778 766/766/766 777/777/777
f 779/779/779 767/767/767 778/778/778
f 782/782/782 772/772/772 781/781/781
f 788/788/788 778/778/778 787/787/787
f 791/791/791 782/782/782 790/790/790
f 792/792/792 783/783/783 791/791/791
f 793/793/793 784/784/784 792/792/792
f 795/795/795 786/786/786 794/794/794
f 798/798/798 789/789/789 797/797/797
f 803/803/803 794/794/794 802/802/802
f 805/805/805 796/796/796 804/804/804
f 806/806/806 797/797/797 805/805/805
f 814/814/814 804/804/804 813/813/813
f 817/817/817 807/807/807 816/816/816
f 818/818/818 808/808/808 817/817/817
f 825/825/825 814/814/814 824/824/824
f 826/826/826 815/815/815 825/825/825
f 828/828/828 819/819/819 827/827/827
f 831/831/831 822/822/822 830/830/830
f 832/832/832 823/823/823 831/831/831
f 835/835/835 828/828/828 834/834/834
f 836/836/836 829/829/829 835/835/835
f 837/837/837 830/830/830 836/836/836
f 843/843/843 838/838/838 842/842/842
f 844/844/844 839/839/839 843/843/843
f 849/849/849 842/842/842 848/848/848
f 850/850/850 843/843/843 849/849/849
f 854/854/854 847/847/847 853/853/853
f 858/858/858 851/851/851 857/857/857
f 860/860/860 853/853/853 859/859/859
f 863/863/863 856/856/856 862/862/862
f 867/867/867 861/861/861 866/866/866
f 868/868/868 862/862/862 867/867/867
f 872/872/872 867/867/867 871/871/871
f 40/40/40 3/3/3 39/39/39
f 41/41/41 4/4/4 40/40/40
f 44/44/44 7/7/7 43/43/43
f 63/63/63 23/23/23 64/64/64
f 65/65/65 25/25/25 66/66/66
f 69/69/69 29/29/29 70/70/70
f 72/72/72 31/31/31 73/73/73
f 76/76/76 35/35/35 77/77/77
f 95/95/95 38/38/38 94/94/94
f 96/96/96 39/39/39 95/95/95
f 97/97/97 40/40/40 96/96/96
f 98/98/98 41/41/41 97/97/97
f 118/118/118 62/62/62 119/119/119
f 128/128/128 71/71/71 129/129/129
f 134/134/134 78/78/78 135/135/135
f 135/135/135 79/79/79 136/136/136
f 140/140/140 82/82/82 141/141/141
f 141/141/141 83/83/83 142/142/142
f 142/142/142 84/84/84 143/143/143
f 153/153/153 85/85/85 152/152/152
f 154/154/154 86/86/86 153/153/153
f 155/155/155 87/87/87 154/154/154
f 156/156/156 88/88/88 155/155/155
f 162/162/162 93/93/93 161/161/161
f 184/184/184 120/120/120 185/185/185
f 193/193/193 130/130/130 194/194/194
f 198/198/198 137/137/137 199/199/199
f 204/204/204 145/145/145 205/205/205
f 209/209/209 148/148/148 210/210/210
f 210/210/210 149/149/149 211/211/211
f 211/211/211 150/150/150 212/212/212
f 212/212/212 151/151/151 213/213/213
f 223/223/223 152/152/152 222/222/222
f 227/227/227 156/156/156 226/226/226
f 228/228/228 157/157/157 227/227/227
f 229/229/229 158/158/158 228/228/228
f 234/234/234 161/161/161 233/233/233
f 240/240/240 167/167/167 239/239/239
f 252/252/252 190/190/190 253/253/253
f 257/257/257 195/195/195 258/258/258
f 262/262/262 200/200/200 263/263/263
f 267/267/267 206/206/206 268/268/268
f 273/273/273 214/214/214 274/274/274
f 278/278/278 217/217/217 279/279/279
f 281/281/281 220/220/220 282/282/282
f 286/286/286 221/221/221 285/285/285
f 292/292/292 227/227/227 291/291/291
f 293/293/293 228/228/228 292/292/292
f 294/294/294 229/229/229 293/293/293
f 297/297/297 232/232/232 296/296/296
f 306/306/306 244/244/244 305/305/305
f 312/312/312 259/259/259 313/313/313
f 316/316/316 264/264/264 317/317/317
f 321/321/321 269/269/269 322/322/322
f 325/325/325 274/274/274 326/326/326
f 326/326/326 275/275/275 327/327/327
f 331/331/331 280/280/280 332/332/332
f 332/332/332 281/281/281 333/333/333
f 333/333/333 282/282/282 334/334/334
f 342/342/342 285/285/285 341/341/341
f 345/345/345 288/288/288 344/344/344
f 348/348/348 291/291/291 347/347/347
f 349/349/349 292/292/292 348/348/348
f 350/350/350 293/293/293 349/349/349
f 353/353/353 296/296/296 352/352/352
f 356/356/356 299/299/299 355/355/355
f 358/358/358 301/301/301 357/357/357
f 364/364/364 311/311/311 365/365/365
f 368/368/368 317/317/317 369/369/369
f 373/373/373 322/322/322 374/374/374
f 376/376/376 324/324/324 377/377/377
f 378/378/378 327/327/327 379/379/379
f 383/383/383 334/334/334 384/384/384
f 384/384/384 335/335/335 385/385/385
f 388/388/388 338/338/338 389/389/389
f 389/389/389 339/339/339 390/390/390
f 390/390/390 340/340/340 391/391/391
f 396/396/396 342/342/342 395/395/395
f 397/397/397 343/343/343 396/396/396
f 398/398/398 344/344/344 397/397/397
f 399/399/399 345/345/345 398/398/398
f 400/400/400 346/346/346 399/399/399
f 403/403/403 349/349/349 402/402/402
f 418/418/418 365/365/365 419/419/419
f 421/421/421 367/367/367 422/422/422
f 423/423/423 370/370/370 424/424/424
f 426/426/426 375/375/375 427/427/427
f 430/430/430 380/380/380 431/431/431
f 434/434/434 386/386/386 435/435/435
f 438/438/438 389/389/389 439/439/439
f 439/439/439 390/390/390 440/440/440
f 441/441/441 392/392/392 442/442/442
f 442/442/442 393/393/393 443/443/443
f 448/448/448 397/397/397 447/447/447
f 449/449/449 398/398/398 448/448/448
f 450/450/450 399/399/399 449/449/449
f 454/454/454 403/403/403 453/453/453
f 461/461/461 407/407/407 460/460/460
f 471/471/471 417/417/417 472/472/472
f 473/473/473 420/420/420 474/474/474
f 480/480/480 427/427/427 481/481/481
f 482/482/482 429/429/429 483/483/483
f 484/484/484 431/431/431 485/485/485
f 494/494/494 440/440/440 495/495/495
f 495/495/495 441/441/441 496/496/496
f 501/501/501 448/448/448 500/500/500
f 502/502/502 449/449/449 501/501/501
f 503/503/503 450/450/450 502/502/502
f 506/506/506 453/453/453 505/505/505
f 510/510/510 457/457/457 509/509/509
f 514/514/514 460/460/460 513/513/513
f 515/515/515 461/461/461 514/514/514
f 529/529/529 470/470/470 530/530/530
f 534/534/534 474/474/474 535/535/535
f 540/540/540 479/479/479 541/541/541
f 548/548/548 487/487/487 549/549/549
f 552/552/552 489/489/489 553/553/553
f 553/553/553 490/490/490 554/554/554
f 555/555/555 493/493/493 556/556/556
f 556/556/556 494/494/494 557/557/557
f 557/557/557 495/495/495 558/558/558
f 558/558/558 496/496/496 559/559/559
f 563/563/563 501/501/501 562/562/562
f 567/567/567 505/505/505 566/566/566
f 573/573/573 513/513/513 572/572/572
f 574/574/574 514/514/514 573/573/573
f 578/578/578 518/518/518 577/577/577
f 584/584/584 523/523/523 583/583/583
f 589/589/589 531/531/531 590/590/590
f 595/595/595 537/537/537 596/596/596
f 611/611/611 549/549/549 612/612/612
f 619/619/619 556/556/556 620/620/620
f 622/622/622 559/559/559 623/623/623
f 627/627/627 562/562/562 626/626/626
f 630/630/630 565/565/565 629/629/629
f 631/631/631 566/566/566 630/630/630
f 633/633/633 568/568/568 632/632/632
f 636/636/636 570/570/570 635/635/635
f 640/640/640 572/572/572 639/639/639
f 658/658/658 592/592/592 659/659/659
f 666/666/666 597/597/597 667/667/667
f 670/670/670 600/600/600 671/671/671
f 679/679/679 607/607/607 680/680/680
f 688/688/688 613/613/613 689/689/689
f 691/691/691 616/616/616 692/692/692
f 698/698/698 627/627/627 697/697/697
f 699/699/699 628/628/628 698/698/698
f 701/701/701 634/634/634 700/700/700
f 707/707/707 637/637/637 706/706/706
f 708/708/708 638/638/638 707/707/707
f 722/722/722 651/651/651 723/723/723
f 725/725/725 654/654/654 726/726/726
f 746/746/746 674/674/674 747/747/747
f 754/754/754 682/682/682 755/755/755
f 764/764/764 705/705/705 763/763/763
f 765/765/765 706/706/706 764/764/764
f 774/774/774 715/715/715 773/773/773
f 810/810/810 729/729/729 811/811/811
f 817/817/817 732/732/732 818/818/818
f 833/833/833 748/748/748 834/834/834
f 834/834/834 749/749/749 835/835/835
f 835/835/835 750/750/750 836/836/836
f 841/841/841 770/770/770 840/840/840
f 846/846/846 780/780/780 845/845/845
f 847/847/847 788/788/788 848/848/848
f 864/864/864 812/812/812 865/865/865
f 869/869/869 821/821/821 870/870/870
f 873/873/873 830/830/830 874/874/874
f 49/49/49 9/9/9 45/45/45
f 51/51/51 16/16/16 54/54/54
f 55/55/55 15/15/15 52/52/52
f 58/58/58 17/17/17 55/55/55
f 60/60/60 22/22/22 63/63/63
f 66/66/66 21/21/21 61/61/61
f 64/64/64 26/26/26 67/67/67
f 105/105/105 46/46/46 102/102/102
f 108/108/108 50/50/50 105/105/105
f 107/107/107 54/54/54 111/111/111
f 112/112/112 53/53/53 109/109/109
f 115/115/115 56/56/56 112/112/112
f 117/117/117 63/63/63 121/121/121
f 122/122/122 67/67/67 126/126/126
f 127/127/127 72/72/72 132/132/132
f 133/133/133 80/80/80 139/139/139
f 163/163/163 92/92/92 159/159/159
f 169/169/169 102/102/102 164/164/164
f 174/174/174 106/106/106 170/170/170
f 173/173/173 111/111/111 177/177/177
f 178/178/178 110/110/110 175/175/175
f 177/177/177 114/114/114 180/180/180
f 187/187/187 125/125/125 191/191/191
f 192/192/192 131/131/131 196/196/196
f 197/197/197 138/138/138 202/202/202
f 203/203/203 146/146/146 208/208/208
f 235/235/235 160/160/160 230/230/230
f 241/241/241 166/166/166 237/237/237
f 243/243/243 177/177/177 245/245/245
f 249/249/249 187/187/187 251/251/251
f 251/251/251 191/191/191 255/255/255
f 256/256/256 196/196/196 261/261/261
f 261/261/261 201/201/201 265/265/265
f 266/266/266 207/207/207 271/271/271
f 272/272/272 215/215/215 277/277/277
f 298/298/298 231/231/231 295/295/295
f 302/302/302 243/243/243 304/304/304
f 307/307/307 248/248/248 308/308/308
f 308/308/308 250/250/250 309/309/309
f 309/309/309 254/254/254 310/310/310
f 311/311/311 260/260/260 314/314/314
f 315/315/315 265/265/265 320/320/320
f 320/320/320 270/270/270 323/323/323
f 324/324/324 276/276/276 328/328/328
f 330/330/330 283/283/283 337/337/337
f 341/341/341 297/297/297 353/353/353
f 360/360/360 307/307/307 361/361/361
f 363/363/363 310/310/310 364/364/364
f 365/365/365 314/314/314 366/366/366
f 372/372/372 323/323/323 376/376/376
f 382/382/382 336/336/336 387/387/387
f 413/413/413 361/361/361 414/414/414
f 414/414/414 362/362/362 415/415/415
f 415/415/415 363/363/363 416/416/416
f 425/425/425 376/376/376 428/428/428
f 433/433/433 387/387/387 437/437/437
f 444/444/444 406/406/406 456/456/456
f 460/460/460 404/404/404 454/454/454
f 455/455/455 411/411/411 464/464/464
f 463/463/463 412/412/412 465/465/465
f 475/475/475 425/425/425 478/478/478
f 481/481/481 423/423/423 476/476/476
f 490/490/490 430/430/430 484/484/484
f 486/486/486 436/436/436 491/491/491
f 498/498/498 434/434/434 489/489/489
f 499/499/499 459/459/459 511/511/511
f 513/513/513 454/454/454 506/506/506
f 507/507/507 464/464/464 516/516/516
f 516/516/516 466/466/466 522/522/522
f 521/521/521 467/467/467 525/525/525
f 532/532/532 473/473/473 534/534/534
f 535/535/535 475/475/475 536/536/536
f 547/547/547 480/480/480 542/542/542
f 544/544/544 486/486/486 548/548/548
f 554/554/554 484/484/484 546/546/546
f 560/560/560 488/488/488 552/552/552
f 561/561/561 512/512/512 571/571/571
f 572/572/572 506/506/506 567/567/567
f 568/568/568 517/517/517 576/576/576
f 570/570/570 520/520/520 579/579/579
f 575/575/575 522/522/522 580/580/580
f 579/579/579 524/524/524 584/584/584
f 580/580/580 526/526/526 585/585/585
f 585/585/585 528/528/528 587/587/587
f 605/605/605 538/538/538 599/599/599
f 601/601/601 544/544/544 606/606/606
f 610/610/610 542/542/542 604/604/604
f 618/618/618 545/545/545 608/608/608
f 621/621/621 550/550/550 614/614/614
f 624/624/624 552/552/552 617/617/617
f 632/632/632 576/576/576 642/642/642
f 647/647/647 577/577/577 643/643/643
f 646/646/646 586/586/586 650/650/650
f 667/667/667 602/602/602 673/673/673
f 678/678/678 598/598/598 669/669/669
f 687/687/687 603/603/603 677/677/677
f 694/694/694 608/608/608 686/686/686
f 695/695/695 636/636/636 702/702/702
f 700/700/700 644/644/644 713/713/713
f 711/711/711 646/646/646 719/719/719
f 727/727/727 660/660/660 728/728/728
f 745/745/745 663/663/663 737/737/737
f 753/753/753 668/668/668 744/744/744
f 758/758/758 675/675/675 751/751/751
f 759/759/759 714/714/714 767/767/767
f 766/766/766 721/721/721 777/777/777
f 777/777/777 724/724/724 786/786/786
f 794/794/794 727/727/727 802/802/802
f 826/826/826 730/730/730 816/816/816
f 819/819/819 741/741/741 827/827/827
f 832/832/832 735/735/735 824/824/824
f 837/837/837 742/742/742 831/831/831
f 838/838/838 779/779/779 842/842/842
f 842/842/842 788/788/788 848/848/848
f 847/847/847 795/795/795 853/853/853
f 858/858/858 789/789/789 852/852/852
f 863/863/863 796/796/796 857/857/857
f 872/872/872 813/813/813 868/868/868
f 874/874/874 822/822/822 871/871/871
f 49/49/49 45/45/45 46/46/46
f 55/55/55 52/52/52 53/53/53
f 80/80/80 73/73/73 74/74/74
f 82/82/82 75/75/75 76/76/76
f 95/95/95 86/86/86 87/87/87
f 96/96/96 87/87/87 88/88/88
f 97/97/97 88/88/88 89/89/89
f 100/100/100 91/91/91 92/92/92
f 108/108/108 105/105/105 106/106/106
f 112/112/112 109/109/109 110/110/110
f 125/125/125 121/121/121 122/122/122
f 131/131/131 126/126/126 127/127/127
f 138/138/138 132/132/132 133/133/133
f 146/146/146 139/139/139 140/140/140
f 147/147/147 140/140/140 141/141/141
f 163/163/163 159/159/159 160/160/160
f 169/169/169 164/164/164 165/165/165
f 170/170/170 165/165/165 166/166/166
f 174/174/174 170/170/170 171/171/171
f 178/178/178 175/175/175 176/176/176
f 181/181/181 178/178/178 179/179/179
f 189/189/189 185/185/185 186/186/186
f 201/201/201 196/196/196 197/197/197
f 207/207/207 202/202/202 203/203/203
f 215/215/215 208/208/208 209/209/209
f 217/217/217 210/210/210 211/211/211
f 218/218/218 211/211/211 212/212/212
f 235/235/235 230/230/230 231/231/231
f 241/241/241 237/237/237 238/238/238
f 248/248/248 246/246/246 247/247/247
f 254/254/254 250/250/250 251/251/251
f 260/260/260 255/255/255 256/256/256
f 270/270/270 265/265/265 266/266/266
f 276/276/276 271/271/271 272/272/272
f 283/283/283 278/278/278 279/279/279
f 319/319/319 314/314/314 315/315/315
f 336/336/336 329/329/329 330/330/330
f 436/436/436 432/432/432 433/433/433
f 457/457/457 445/445/445 444/444/444
f 459/459/459 447/447/447 446/446/446
f 466/466/466 464/464/464 463/463/463
f 498/498/498 489/489/489 488/488/488
f 512/512/512 500/500/500 499/499/499
f 517/517/517 508/508/508 507/507/507
f 520/520/520 511/511/511 510/510/510
f 526/526/526 522/522/522 521/521/521
f 554/554/554 546/546/546 545/545/545
f 558/558/558 551/551/551 550/550/550
f 581/581/581 576/576/576 575/575/575
f 588/588/588 586/586/586 585/585/585
f 605/605/605 599/599/599 598/598/598
f 610/610/610 604/604/604 603/603/603
f 621/621/621 614/614/614 613/613/613
f 624/624/624 617/617/617 616/616/616
f 647/647/647 643/643/643 644/644/644
f 648/648/648 644/644/644 645/645/645
f 656/656/656 653/653/653 652/652/652
f 660/660/660 657/657/657 656/656/656
f 670/670/670 664/664/664 663/663/663
f 678/678/678 669/669/669 668/668/668
f 686/686/686 676/676/676 675/675/675
f 687/687/687 677/677/677 676/676/676
f 691/691/691 683/683/683 682/682/682
f 692/692/692 684/684/684 683/683/683
f 693/693/693 685/685/685 684/684/684
f 694/694/694 686/686/686 685/685/685
f 703/703/703 696/696/696 695/695/695
f 705/705/705 698/698/698 697/697/697
f 714/714/714 701/701/701 700/700/700
f 720/720/720 712/712/712 711/711/711
f 724/724/724 721/721/721 720/720/720
f 738/738/738 731/731/731 730/730/730
f 739/739/739 732/732/732 731/731/731
f 744/744/744 736/736/736 735/735/735
f 745/745/745 737/737/737 736/736/736
f 752/752/752 743/743/743 742/742/742
f 753/753/753 744/744/744 743/743/743
f 756/756/756 749/749/749 748/748/748
f 758/758/758 751/751/751 750/750/750
f 768/768/768 760/760/760 759/759/759
f 769/769/769 761/761/761 760/760/760
f 772/772/772 764/764/764 763/763/763
f 778/778/778 767/767/767 766/766/766
f 779/779/779 768/768/768 767/767/767
f 782/782/782 773/773/773 772/772/772
f 788/788/788 779/779/779 778/778/778
f 791/791/791 783/783/783 782/782/782
f 792/792/792 784/784/784 783/783/783
f 793/793/793 785/785/785 784/784/784
f 795/795/795 787/787/787 786/786/786
f 798/798/798 790/790/790 789/789/789
f 803/803/803 795/795/795 794/794/794
f 805/805/805 797/797/797 796/796/796
f 806/806/806 798/798/798 797/797/797
f 814/814/814 805/805/805 804/804/804
f 817/817/817 808/808/808 807/807/807
f 818/818/818 809/809/809 808/808/808
f 825/825/825 815/815/815 814/814/814
f 826/826/826 816/816/816 815/815/815
f 828/828/828 820/820/820 819/819/819
f 831/831/831 823/823/823 822/822/822
f 832/832/832 824/824/824 823/823/823
f 835/835/835 829/829/829 828/828/828
f 836/836/836 830/830/830 829/829/829
f 837/837/837 831/831/831 830/830/830
f 843/843/843 839/839/839 838/838/838
f 844/844/844 840/840/840 839/839/839
f 849/849/849 843/843/843 842/842/842
f 850/850/850 844/844/844 843/843/843
f 854/854/854 848/848/848 847/847/847
f 858/858/858 852/852/852 851/851/851
f 860/860/860 854/854/854 853/853/853
f 863/863/863 857/857/857 856/856/856
f 867/867/867 862/862/862 861/861/861
f 868/868/868 863/863/863 862/862/862
f 872/872/872 868/868/868 867/867/867
f 40/40/40 4/4/4 3/3/3
f 41/41/41 5/5/5 4/4/4
f 44/44/44 8/8/8 7/7/7
f 63/63/63 22/22/22 23/23/23
f 65/65/65 24/24/24 25/25/25
f 69/69/69 28/28/28 29/29/29
f 72/72/72 30/30/30 31/31/31
f 76/76/76 34/34/34 35/35/35
f 95/95/95 39/39/39 38/38/38
f 96/96/96 40/40/40 39/39/39
f 97/97/97 41/41/41 40/40/40
f 98/98/98 42/42/42 41/41/41
f 118/118/118 61/61/61 62/62/62
f 128/128/128 70/70/70 71/71/71
f 134/134/134 77/77/77 78/78/78
f 135/135/135 78/78/78 79/79/79
f 140/140/140 81/81/81 82/82/82
f 141/141/141 82/82/82 83/83/83
f 142/142/142 83/83/83 84/84/84
f 153/153/153 86/86/86 85/85/85
f 154/154/154 87/87/87 86/86/86
f 155/155/155 88/88/88 87/87/87
f 156/156/156 89/89/89 88/88/88
f 162/162/162 94/94/94 93/93/93
f 184/184/184 119/119/119 120/120/120
f 193/193/193 129/129/129 130/130/130
f 198/198/198 136/136/136 137/137/137
f 204/204/204 144/144/144 145/145/145
f 209/209/209 147/147/147 148/148/148
f 210/210/210 148/148/148 149/149/149
f 211/211/211 149/149/149 150/150/150
f 212/212/212 150/150/150 151/151/151
f 223/223/223 153/153/153 152/152/152
f 227/227/227 157/157/157 156/156/156
f 228/228/228 158/158/158 157/157/157
f 229/229/229 159/159/159 158/158/158
f 234/234/234 162/162/162 161/161/161
f 240/240/240 168/168/168 167/167/167
f 252/252/252 189/189/189 190/190/190
f 257/257/257 194/194/194 195/195/195
f 262/262/262 199/199/199 200/200/200
f 267/267/267 205/205/205 206/206/206
f 273/273/273 213/213/213 214/214/214
f 278/278/278 216/216/216 217/217/217
f 281/281/281 219/219/219 220/220/220
f 286/286/286 222/222/222 221/221/221
f 292/292/292 228/228/228 227/227/227
f 293/293/293 229/229/229 228/228/228
f 294/294/294 230/230/230 229/229/229
f 297/297/297 233/233/233 232/232/232
f 306/306/306 245/245/245 244/244/244
f 312/312/312 258/258/258 259/259/259
f 316/316/316 263/263/263 264/264/264
f 321/321/321 268/268/268 269/269/269
f 325/325/325 273/273/273 274/274/274
f 326/326/326 274/274/274 275/275/275
f 331/331/331 279/279/279 280/280/280
f 332/332/332 280/280/280 281/281/281
f 333/333/333 281/281/281 282/282/282
f 342/342/342 286/286/286 285/285/285
f 345/345/345 289/289/289 288/288/288
f 348/348/348 292/292/292 291/291/291
f 349/349/349 293/293/293 292/292/292
f 350/350/350 294/294/294 293/293/293
f 353/353/353 297/297/297 296/296/296
f 356/356/356 300/300/300 299/299/299
f 358/358/358 302/302/302 301/301/301
f 364/364/364 310/310/310 311/311/311
f 368/368/368 316/316/316 317/317/317
f 373/373/373 321/321/321 322/322/322
f 376/376/376 323/323/323 324/324/324
f 378/378/378 326/326/326 327/327/327
f 383/383/383 333/333/333 334/334/334
f 384/384/384 334/334/334 335/335/335
f 388/388/388 337/337/337 338/338/338
f 389/389/389 338/338/338 339/339/339
f 390/390/390 339/339/339 340/340/340
f 396/396/396 343/343/343 342/342/342
f 397/397/397 344/344/344 343/343/343
f 398/398/398 345/345/345 344/344/344
f 399/399/399 346/346/346 345/345/345
f 400/400/400 347/347/347 346/346/346
f 403/403/403 350/350/350 349/349/349
f 418/418/418 364/364/364 365/365/365
f 421/421/421 366/366/366 367/367/367
f 423/423/423 369/369/369 370/370/370
f 426/426/426 374/374/374 375/375/375
f 430/430/430 379/379/379 380/380/380
f 434/434/434 385/385/385 386/386/386
f 438/438/438 388/388/388 389/389/389
f 439/439/439 389/389/389 390/390/390
f 441/441/441 391/391/391 392/392/392
f 442/442/442 392/392/392 393/393/393
f 448/448/448 398/398/398 397/397/397
f 449/449/449 399/399/399 398/398/398
f 450/450/450 400/400/400 399/399/399
f 454/454/454 404/404/404 403/403/403
f 461/461/461 408/408/408 407/407/407
f 471/471/471 416/416/416 417/417/417
f 473/473/473 419/419/419 420/420/420
f 480/480/480 426/426/426 427/427/427
f 482/482/482 428/428/428 429/429/429
f 484/484/484 430/430/430 431/431/431
f 494/494/494 439/439/439 440/440/440
f 495/495/495 440/440/440 441/441/441
f 501/501/501 449/449/449 448/448/448
f 502/502/502 450/450/450 449/449/449
f 503/503/503 451/451/451 450/450/450
f 506/506/506 454/454/454 453/453/453
f 510/510/510 458/458/458 457/457/457
f 514/514/514 461/461/461 460/460/460
f 515/515/515 462/462/462 461/461/461
f 529/529/529 469/469/469 470/470/470
f 534/534/534 473/473/473 474/474/474
f 540/540/540 478/478/478 479/479/479
f 548/548/548 486/486/486 487/487/487
f 552/552/552 488/488/488 489/489/489
f 553/553/553 489/489/489 490/490/490
f 555/555/555 492/492/492 493/493/493
f 556/556/556 493/493/493 494/494/494
f 557/557/557 494/494/494 495/495/495
f 558/558/558 495/495/495 496/496/496
f 563/563/563 502/502/502 501/501/501
f 567/567/567 506/506/506 505/505/505
f 573/573/573 514/514/514 513/513/513
f 574/574/574 515/515/515 514/514/514
f 578/578/578 519/519/519 518/518/518
f 584/584/584 524/524/524 523/523/523
f 589/589/589 530/530/530 531/531/531
f 595/595/595 536/536/536 537/537/537
f 611/611/611 548/548/548 549/549/549
f 619/619/619 555/555/555 556/556/556
f 622/622/622 558/558/558 559/559/559
f 627/627/627 563/563/563 562/562/562
f 630/630/630 566/566/566 565/565/565
f 631/631/631 567/567/567 566/566/566
f 633/633/633 569/569/569 568/568/568
f 636/636/636 571/571/571 570/570/570
f 640/640/640 573/573/573 572/572/572
f 658/658/658 591/591/591 592/592/592
f 666/666/666 596/596/596 597/597/597
f 670/670/670 599/599/599 600/600/600
f 679/679/679 606/606/606 607/607/607
f 688/688/688 612/612/612 613/613/613
f 691/691/691 615/615/615 616/616/616
f 698/698/698 628/628/628 627/627/627
f 699/699/699 629/629/629 628/628/628
f 701/701/701 635/635/635 634/634/634
f 707/707/707 638/638/638 637/637/637
f 708/708/708 639/639/639 638/638/638
f 722/722/722 650/650/650 651/651/651
f 725/725/725 653/653/653 654/654/654
f 746/746/746 673/673/673 674/674/674
f 754/754/754 681/681/681 682/682/682
f 764/764/764 706/706/706 705/705/705
f 765/765/765 707/707/707 706/706/706
f 774/774/774 716/716/716 715/715/715
f 810/810/810 728/728/728 729/729/729
f 817/817/817 731/731/731 732/732/732
f 833/833/833 747/747/747 748/748/748
f 834/834/834 748/748/748 749/749/749
f 835/835/835 749/749/749 750/750/750
f 841/841/841 771/771/771 770/770/770
f 846/846/846 781/781/781 780/780/780
f 847/847/847 787/787/787 788/788/788
f 864/864/864 811/811/811 812/812/812
f 869/869/869 820/820/820 821/821/821
f 873/873/873 829/829/829 830/830/830
f 49/49/49 12/12/12 9/9/9
f 51/51/51 14/14/14 16/16/16
f 55/55/55 17/17/17 15/15/15
f 58/58/58 19/19/19 17/17/17
f 60/60/60 20/20/20 22/22/22
f 66/66/66 25/25/25 21/21/21
f 64/64/64 23/23/23 26/26/26
f 105/105/105 50/50/50 46/46/46
f 108/108/108 52/52/52 50/50/50
f 107/107/107 51/51/51 54/54/54
f 112/112/112 56/56/56 53/53/53
f 115/115/115 59/59/59 56/56/56
f 117/117/117 60/60/60 63/63/63
f 122/122/122 64/64/64 67/67/67
f 127/127/127 68/68/68 72/72/72
f 133/133/133 73/73/73 80/80/80
f 163/163/163 101/101/101 92/92/92
f 169/169/169 105/105/105 102/102/102
f 174/174/174 109/109/109 106/106/106
f 173/173/173 107/107/107 111/111/111
f 178/178/178 113/113/113 110/110/110
f 177/177/177 111/111/111 114/114/114
f 187/187/187 121/121/121 125/125/125
f 192/192/192 126/126/126 131/131/131
f 197/197/197 132/132/132 138/138/138
f 203/203/203 139/139/139 146/146/146
f 235/235/235 164/164/164 160/160/160
f 241/241/241 171/171/171 166/166/166
f 243/243/243 173/173/173 177/177/177
f 249/249/249 183/183/183 187/187/187
f 251/251/251 187/187/187 191/191/191
f 256/256/256 192/192/192 196/196/196
f 261/261/261 196/196/196 201/201/201
f 266/266/266 202/202/202 207/207/207
f 272/272/272 208/208/208 215/215/215
f 298/298/298 236/236/236 231/231/231
f 302/302/302 239/239/239 243/243/243
f 307/307/307 246/246/246 248/248/248
f 308/308/308 248/248/248 250/250/250
f 309/309/309 250/250/250 254/254/254
f 311/311/311 255/255/255 260/260/260
f 315/315/315 261/261/261 265/265/265
f 320/320/320 265/265/265 270/270/270
f 324/324/324 271/271/271 276/276/276
f 330/330/330 278/278/278 283/283/283
f 341/341/341 285/285/285 297/297/297
f 360/360/360 305/305/305 307/307/307
f 363/363/363 309/309/309 310/310/310
f 365/365/365 311/311/311 314/314/314
f 372/372/372 320/320/320 323/323/323
f 382/382/382 329/329/329 336/336/336
f 413/413/413 360/360/360 361/361/361
f 414/414/414 361/361/361 362/362/362
f 415/415/415 362/362/362 363/363/363
f 425/425/425 372/372/372 376/376/376
f 433/433/433 382/382/382 387/387/387
f 444/444/444 394/394/394 406/406/406
f 460/460/460 407/407/407 404/404/404
f 455/455/455 405/405/405 411/411/411
f 463/463/463 410/410/410 412/412/412
f 475/475/475 422/422/422 425/425/425
f 481/481/481 427/427/427 423/423/423
f 490/490/490 435/435/435 430/430/430
f 486/486/486 432/432/432 436/436/436
f 498/498/498 443/443/443 434/434/434
f 499/499/499 447/447/447 459/459/459
f 513/513/513 460/460/460 454/454/454
f 507/507/507 455/455/455 464/464/464
f 516/516/516 464/464/464 466/466/466
f 521/521/521 465/465/465 467/467/467
f 532/532/532 472/472/472 473/473/473
f 535/535/535 474/474/474 475/475/475
f 547/547/547 485/485/485 480/480/480
f 544/544/544 483/483/483 486/486/486
f 554/554/554 490/490/490 484/484/484
f 560/560/560 497/497/497 488/488/488
f 561/561/561 500/500/500 512/512/512
f 572/572/572 513/513/513 506/506/506
f 568/568/568 508/508/508 517/517/517
f 570/570/570 511/511/511 520/520/520
f 575/575/575 516/516/516 522/522/522
f 579/579/579 520/520/520 524/524/524
f 580/580/580 522/522/522 526/526/526
f 585/585/585 526/526/526 528/528/528
f 605/605/605 543/543/543 538/538/538
f 601/601/601 541/541/541 544/544/544
f 610/610/610 547/547/547 542/542/542
f 618/618/618 553/553/553 545/545/545
f 621/621/621 557/557/557 550/550/550
f 624/624/624 560/560/560 552/552/552
f 632/632/632 568/568/568 576/576/576
f 647/647/647 582/582/582 577/577/577
f 646/646/646 581/581/581 586/586/586
f 667/667/667 597/597/597 602/602/602
f 678/678/678 604/604/604 598/598/598
f 687/687/687 609/609/609 603/603/603
f 694/694/694 618/618/618 608/608/608
f 695/695/695 625/625/625 636/636/636
f 700/700/700 634/634/634 644/644/644
f 711/711/711 642/642/642 646/646/646
f 727/727/727 657/657/657 660/660/660
f 745/745/745 669/669/669 663/663/663
f 753/753/753 677/677/677 668/668/668
f 758/758/758 685/685/685 675/675/675
f 759/759/759 701/701/701 714/714/714
f 766/766/766 713/713/713 721/721/721
f 777/777/777 721/721/721 724/724/724
f 794/794/794 726/726/726 727/727/727
f 826/826/826 737/737/737 730/730/730
f 819/819/819 734/734/734 741/741/741
f 832/832/832 743/743/743 735/735/735
f 837/837/837 751/751/751 742/742/742
f 838/838/838 768/768/768 779/779/779
f 842/842/842 779/779/779 788/788/788
f 847/847/847 787/787/787 795/795/795
f 858/858/858 797/797/797 789/789/789
f 863/863/863 804/804/804 796/796/796
f 872/872/872 823/823/823 813/813/813
f 874/874/874 830/830/830 822/822/822
