# Hall_Chasm_Collision - generated by tools/gen_cave_kit.py, do not edit
o Hall_Chasm_Collision
v 4.000000 0.101318 6.065328
v 4.000000 -0.069438 6.494555
v 4.000000 -0.099328 7.000071
v 4.000000 -0.091209 7.500020
v 4.000000 -0.087622 8.000000
v 4.000000 -0.091209 8.499980
v 4.000000 -0.099328 8.999929
v 4.000000 -0.069438 9.505445
v 4.000000 0.101318 9.934672
v 4.000000 0.607997 5.663462
v 4.000000 0.342985 5.807041
v 4.000000 0.342985 10.192959
v 4.000000 0.607997 10.336538
v 4.000000 0.998976 5.548206
v 4.000000 0.998976 10.451794
v 4.000000 1.500235 5.495204
v 4.000000 1.500235 10.504796
v 4.000000 1.999903 5.506385
v 4.000000 1.999903 10.493615
v 4.000000 2.501784 5.572627
v 4.000000 2.501784 10.427373
v 4.000000 2.882664 5.673475
v 4.000000 3.140114 5.806192
v 4.000000 3.140114 10.193808
v 4.000000 2.882664 10.326525
v 4.000000 3.421503 6.061977
v 4.000000 3.662922 6.417888
v 4.000000 3.662922 9.582112
v 4.000000 3.421503 9.938023
v 4.000000 3.789063 6.672370
v 4.000000 3.918724 6.997611
v 4.000000 4.050795 7.498814
v 4.000000 4.094719 8.000000
v 4.000000 4.050795 8.501186
v 4.000000 3.918724 9.002389
v 4.000000 3.789063 9.327630
v 3.499934 0.101571 6.064944
v 3.499823 -0.067029 6.482382
v 3.499833 -0.099316 7.001040
v 3.499849 -0.091195 7.501000
v 3.499853 -0.087622 8.000000
v 3.499849 -0.091195 8.499001
v 3.499833 -0.099316 8.998963
v 3.499824 -0.067040 9.517564
v 3.499934 0.101135 9.934394
v 3.500000 0.610032 5.662623
v 3.499991 0.335090 5.813011
v 3.499990 0.334943 10.186876
v 3.500000 0.608701 10.336829
v 3.500000 1.001811 5.547680
v 3.500000 0.999416 10.451875
v 3.499997 1.501615 5.495124
v 3.500000 1.500372 10.504804
v 3.499995 1.997254 5.506134
v 3.500000 1.999851 10.493620
v 3.499997 2.496920 5.571753
v 3.500000 2.501990 10.427336
v 3.500000 2.894027 5.677881
v 3.500000 3.147475 5.811203
v 3.500000 3.139043 10.194530
v 3.500000 2.881128 10.327112
v 3.500000 3.417936 6.057824
v 3.500000 3.661797 6.415844
v 3.500000 3.663603 9.580873
v 3.500000 3.421540 9.937980
v 3.500000 3.787408 6.668692
v 3.500000 3.918995 6.998389
v 3.500000 4.050844 7.499090
v 3.500000 4.094719 8.000000
v 3.500000 4.050779 8.501278
v 3.500000 3.918607 9.002725
v 3.500000 3.789691 9.326231
v 3.000297 0.176490 6.091523
v 2.999988 0.095468 6.500394
v 2.999910 0.079867 6.999913
v 3.000047 0.084138 7.499829
v 3.000112 0.086527 8.000033
v 3.000001 0.083256 8.500153
v 2.999946 0.079076 9.000087
v 2.999991 0.094305 9.499801
v 3.000170 0.172842 9.899672
v 3.000065 0.580431 5.619518
v 3.002404 0.311549 5.829845
v 3.002551 0.309544 10.164754
v 3.000976 0.585052 10.351281
v 2.753842 1.243411 5.246430
v 2.936800 1.055156 5.416931
v 2.999023 1.001490 10.483218
v 2.773392 1.500557 5.229654
v 3.015027 1.502924 5.375924
v 2.999221 1.500092 10.524810
v 2.800839 2.000221 5.200837
v 3.044121 1.999464 5.367219
v 3.000103 1.999674 10.491553
v 2.794203 2.374241 5.204784
v 2.958061 2.518754 5.387032
v 2.998550 2.504130 10.413698
v 3.002239 3.011227 5.585764
v 3.177453 3.194233 5.783365
v 2.994779 3.107313 10.184690
v 2.997090 2.845154 10.310525
v 2.831979 3.309266 5.689031
v 3.004081 3.451418 5.975315
v 2.993491 3.681894 6.346350
v 2.998360 3.646026 9.549175
v 2.996490 3.407825 9.922315
v 2.996222 3.791993 6.592621
v 2.999080 3.935116 7.004065
v 2.999983 4.063823 7.500098
v 2.999963 4.091880 8.000148
v 2.999357 4.039369 8.501846
v 2.998584 3.901685 9.005949
v 2.999405 3.775974 9.295040
v 2.340179 0.232818 5.646009
v 2.508185 0.164459 5.975702
v 2.500238 0.082304 6.499771
v 2.499974 0.073704 6.999986
v 2.500051 0.089035 7.499886
v 2.499995 0.090575 8.000000
v 2.500013 0.087537 8.500036
v 2.500018 0.076238 8.999991
v 2.500131 0.089331 9.500905
v 2.463158 0.206778 10.009535
v 2.272634 0.243282 10.254783
v 2.292512 0.649711 4.585705
v 2.354027 0.576009 5.005487
v 2.529588 0.435678 5.463229
v 2.679053 0.273841 5.794040
v 2.606984 0.280442 10.191774
v 2.477664 0.450343 10.416101
v 2.318475 1.080292 4.179283
v 2.368546 0.948386 4.448944
v 2.567961 1.053646 5.068197
v 2.705109 0.908563 5.295177
v 2.509441 0.994087 10.628913
v 2.382097 1.493422 4.114086
v 2.450951 1.501090 4.504832
v 2.606694 1.504420 4.992775
v 2.501600 1.501396 10.622926
v 2.436976 1.993744 4.058766
v 2.463138 2.000440 4.502211
v 2.604249 1.998389 4.974192
v 2.502981 1.988321 10.467412
v 2.259652 2.725784 3.235576
v 2.380206 2.590655 3.462174
v 2.479853 2.408054 3.949433
v 2.486987 2.504393 4.498500
v 2.637401 2.521541 5.038981
v 2.744324 2.707541 5.258079
v 2.257196 2.747222 10.249216
v 2.454728 2.547686 10.326098
v 2.314245 2.994782 3.181081
v 2.502195 3.003560 3.477832
v 2.545188 2.998935 4.001616
v 2.514723 2.998937 4.499776
v 2.549916 2.993228 5.011040
v 2.698792 2.995803 5.338542
v 2.453581 2.976065 10.162433
v 2.590903 2.785115 10.264955
v 2.279326 3.492379 3.212351
v 2.464147 3.503380 3.503620
v 2.515909 3.499455 4.006021
v 2.494926 3.500448 4.501470
v 2.483401 3.494991 5.003964
v 2.636546 3.491022 5.507910
v 2.699754 3.664296 6.005157
v 2.747727 3.747588 6.255492
v 2.398232 3.711442 9.194286
v 2.536412 3.631692 9.457829
v 2.499731 3.370282 9.886327
v 2.285225 3.794286 3.208572
v 2.420272 4.049251 3.477839
v 2.463393 4.003257 4.001323
v 2.394643 4.000470 4.500463
v 2.344313 3.994123 5.001151
v 2.401797 3.992566 5.501045
v 2.402376 4.024693 6.001844
v 2.538355 3.953489 6.455257
v 2.439026 4.099200 6.984647
v 2.551517 4.161124 7.500748
v 2.475342 4.146571 7.970048
v 2.500493 4.024402 8.501935
v 2.541542 3.812850 9.011065
v 2.728657 3.754962 9.258742
v 2.269291 4.259899 3.723611
v 2.370084 4.412322 3.938686
v 2.290143 4.324164 4.500034
v 2.278366 4.295004 5.000424
v 2.251247 4.283197 5.499973
v 2.272701 4.283899 5.833942
v 2.269782 4.265561 7.130218
v 2.312906 4.294259 7.498940
v 2.293973 4.263850 7.786450
v 1.762600 -0.766736 3.235359
v 1.759436 -0.780813 3.501672
v 1.844738 -0.815228 3.735307
v 1.859073 -0.477177 3.201873
v 1.809594 -0.512487 3.478502
v 1.845503 -0.678591 3.768895
v 1.827821 0.150011 2.656421
v 1.761405 0.007440 3.046615
v 1.677497 -0.021189 3.285898
v 1.868633 0.104492 3.984642
v 1.924631 0.095605 4.497729
v 1.950560 0.133545 5.000375
v 2.036655 0.143727 5.483899
v 2.003042 0.063729 5.998716
v 2.001288 0.033913 6.499550
v 2.000679 0.039122 7.000452
v 1.999573 0.081290 7.499260
v 1.999980 0.101887 7.999879
v 2.000047 0.096485 8.500246
v 1.999936 0.073815 8.999798
v 1.999957 0.084077 9.501292
v 1.999575 0.188223 9.993530
v 2.000784 0.223569 10.275664
v 1.832243 0.507898 2.586467
v 1.908586 0.499298 3.005001
v 1.790434 0.487129 3.497948
v 2.025368 0.439832 4.017304
v 2.181202 0.484266 4.447663
v 2.209735 0.303482 4.999036
v 2.220526 0.274206 5.309576
v 2.009708 0.465432 10.537153
v 1.799627 1.000542 2.579971
v 1.847414 0.999471 3.003424
v 1.976534 0.977241 3.500263
v 2.209872 0.926850 4.003423
v 2.249992 0.751316 4.251694
v 1.998497 0.991512 10.702489
v 1.774308 1.669190 0.690160
v 1.781535 1.657732 1.000469
v 1.747666 1.672091 1.511655
v 1.751576 1.590262 1.992193
v 1.753800 1.472604 2.488491
v 1.850966 1.495508 3.006617
v 2.011663 1.496329 3.507483
v 2.177745 1.500863 3.878175
v 1.992247 1.509067 10.674249
v 1.792030 2.000024 0.649179
v 1.901403 1.988415 0.998599
v 1.955925 1.984372 1.494109
v 1.911762 1.999541 2.002317
v 1.926389 1.995370 2.499604
v 1.951814 2.025179 3.009277
v 2.054553 2.014375 3.510200
v 2.164492 1.993805 3.853304
v 1.999821 1.993789 10.481818
v 1.755559 2.494935 0.708631
v 1.902247 2.526752 0.991479
v 1.944349 2.502864 1.500644
v 1.935433 2.500913 2.007924
v 2.047024 2.516557 2.498572
v 2.133979 2.535016 3.035789
v 2.190516 2.381798 3.503787
v 2.212958 2.291775 3.792798
v 2.000249 2.741955 10.239791
v 2.000156 2.494931 10.333643
v 1.852139 2.979158 0.678078
v 1.839924 3.000651 0.999529
v 1.907142 3.000571 1.501974
v 1.961023 3.000365 1.996556
v 1.935988 3.009515 2.517616
v 2.143873 2.999359 2.943877
v 2.003192 3.009921 10.176930
v 1.822614 3.499400 0.665305
v 1.963556 3.491262 0.989862
v 1.926782 3.505619 1.494178
v 1.925169 3.500360 2.003992
v 2.048473 3.496998 2.496092
v 2.107604 3.491928 2.952382
v 1.997981 3.705102 9.187995
v 2.003714 3.623822 9.507069
v 1.999889 3.379648 9.892235
v 1.827148 3.841809 0.679082
v 1.896086 3.970907 0.983610
v 1.907584 4.070617 1.449462
v 1.980756 4.002726 1.998589
v 2.124855 4.001135 2.471284
v 2.167734 3.977416 3.026809
v 2.201790 4.130322 3.386264
v 2.239967 4.236089 6.168513
v 2.215706 4.212836 6.502001
v 2.244533 4.243292 6.796095
v 2.001032 4.212391 8.146758
v 1.998404 4.024482 8.484914
v 2.000282 3.801921 8.919048
v 1.742254 4.390974 1.615769
v 1.823865 4.477895 2.000674
v 1.952096 4.570002 2.431945
v 2.001774 4.509369 3.004801
v 1.993501 4.412883 3.555141
v 2.165576 4.588483 3.994628
v 2.136464 4.565226 4.498584
v 2.167808 4.558354 5.001493
v 2.136228 4.538488 5.499909
v 2.157679 4.472498 6.002969
v 2.060864 4.482939 6.501712
v 2.113601 4.464469 6.977915
v 1.960317 4.524992 7.464845
v 2.005419 4.352636 7.901779
v 1.846800 4.877368 2.591137
v 1.811727 4.850591 3.001161
v 1.813275 4.820451 3.494989
v 1.868284 5.000638 4.036839
v 1.868736 5.029065 4.490512
v 1.911653 4.964700 4.997735
v 1.938663 4.990056 5.500326
v 1.935759 4.979245 6.008578
v 1.876466 4.903884 6.500820
v 1.854255 4.851267 7.012349
v 1.776880 4.768660 7.277907
v 1.769764 5.280637 4.227467
v 1.777959 5.282615 4.317336
v 1.284029 -1.789751 3.715132
v 1.391338 -1.827778 3.950951
v 1.284513 -1.796646 4.289576
v 1.346287 -1.335575 3.079070
v 1.359180 -1.489748 3.532928
v 1.392497 -1.518359 4.008650
v 1.289859 -1.696801 4.297643
v 1.329660 -0.904848 2.671691
v 1.442613 -0.969499 3.020502
v 1.487810 -0.915908 3.569252
v 1.508965 -0.978603 3.836288
v 1.403596 -0.500103 2.601639
v 1.678474 -0.498691 2.962119
v 1.511957 -0.425049 3.622483
v 1.482778 -0.683503 3.820292
v 1.318540 0.196218 1.148770
v 1.301471 0.201776 1.498834
v 1.312799 0.195530 2.014901
v 1.554345 -0.042700 2.450059
v 1.657017 -0.154648 2.925169
v 1.453546 -0.212542 3.492309
v 1.500098 0.017093 4.010582
v 1.501021 -0.019433 4.498714
v 1.502336 -0.017713 5.000621
v 1.501982 -0.001981 5.500933
v 1.500103 0.013311 5.999958
v 1.500465 -0.006398 6.499480
v 1.500610 0.003944 7.001382
v 1.499994 0.054124 7.499988
v 1.500142 0.078462 8.000101
v 1.499992 0.089815 8.500030
v 1.500001 0.084052 9.000000
v 1.500161 0.085880 9.500795
v 1.500388 0.183298 9.992521
v 1.504640 0.179031 10.281711
v 1.277514 0.715766 -0.285974
v 1.350836 0.612637 -0.008896
v 1.397679 0.550511 0.502550
v 1.407090 0.460669 0.983571
v 1.339288 0.499190 1.492368
v 1.526609 0.517708 2.013814
v 1.692436 0.499566 2.355665
v 1.468492 0.489990 10.554838
v 1.290694 0.999981 -0.303352
v 1.449349 0.995632 -0.004268
v 1.577671 0.990488 0.492267
v 1.636088 0.982797 0.992414
v 1.505441 1.050884 1.518125
v 1.742042 0.989996 1.977245
v 1.776604 0.998373 2.320153
v 1.493644 0.988496 10.668153
v 1.317698 1.501808 -0.332063
v 1.586805 1.482734 -0.029775
v 1.724145 1.499206 0.508875
v 1.704072 1.409153 1.000469
v 1.593075 1.402244 1.517157
v 1.696000 1.313620 2.000679
v 1.732105 1.280481 2.299897
v 1.495308 1.464027 10.560230
v 1.350338 2.004071 -0.361786
v 1.576758 2.005123 -0.016112
v 1.684191 2.000857 0.404550
v 1.500828 2.001285 10.449141
v 1.285673 2.350081 -0.291077
v 1.424569 2.527352 -0.033686
v 1.615822 2.487555 0.438968
v 1.739657 2.744918 10.246896
v 1.545031 2.549968 10.351122
v 1.301267 2.999719 0.141762
v 1.606111 2.988956 0.410282
v 1.544997 3.028812 10.218825
v 1.403273 2.874921 10.263417
v 1.326699 3.501454 0.164202
v 1.615763 3.503064 0.354516
v 1.695001 3.729946 9.222762
v 1.529292 3.740738 9.527613
v 1.517343 3.468620 9.972465
v 1.304581 3.818840 0.159607
v 1.553883 4.059518 0.408346
v 1.738034 4.198431 0.994474
v 1.746802 4.245979 1.258172
v 1.694904 4.250173 8.241432
v 1.519169 4.173392 8.484433
v 1.500315 3.823492 9.010827
v 1.365576 3.798046 9.361508
v 1.375925 4.417298 0.616322
v 1.529635 4.619524 0.916930
v 1.592099 4.535555 1.475352
v 1.711161 4.717443 1.991586
v 1.739325 4.730372 2.273800
v 1.497925 4.664604 7.610619
v 1.512876 4.370557 8.028384
v 1.359734 4.269353 8.289561
v 1.307954 4.896996 1.099340
v 1.389352 5.019647 1.472913
v 1.545129 4.992897 2.000806
v 1.654566 5.036740 2.445417
v 1.656298 5.120652 3.009353
v 1.654831 5.074833 3.498634
v 1.627563 5.109278 3.902137
v 1.747771 5.227862 4.655755
v 1.696005 5.170997 5.000320
v 1.725210 5.211144 5.499779
v 1.728210 5.225162 6.005687
v 1.623277 5.138879 6.497033
v 1.555602 5.094222 7.007202
v 1.454176 4.964949 7.348469
v 1.270588 5.286718 1.598406
v 1.307220 5.323426 2.000653
v 1.303215 5.304392 2.512650
v 1.344222 5.367064 2.998570
v 1.380976 5.510853 3.503388
v 1.659825 5.476573 4.013447
v 1.679423 5.492964 4.506192
v 1.461359 5.458842 4.991085
v 1.505995 5.484407 5.507689
v 1.457429 5.465740 5.988520
v 1.376069 5.494609 6.466215
v 1.290236 5.290709 6.998912
v 1.251425 5.251509 7.251292
v 1.316469 5.823384 3.658009
v 1.406309 6.039596 4.027691
v 1.366872 6.013637 4.462761
v 1.255293 5.862957 4.994292
v 1.343231 6.011237 5.489420
v 1.254471 5.957841 5.960428
v 1.258680 5.770603 6.266118
v 1.252107 6.254413 4.246775
v 1.252097 6.254405 4.255875
v 1.295388 6.369622 5.669423
v 1.273443 6.363355 5.802312
v 0.816250 -2.813647 4.150192
v 1.019618 -2.746555 4.410297
v 0.860656 -2.374785 3.602240
v 0.949818 -2.569016 3.973515
v 0.921632 -2.460696 4.442634
v 0.829923 -1.871203 3.136328
v 1.034340 -2.016893 3.468131
v 1.221727 -2.114587 4.025279
v 0.999427 -1.977976 4.379162
v 0.803919 -1.304360 2.178732
v 0.939295 -1.416299 2.480777
v 1.059748 -1.545085 2.935789
v 1.153501 -1.645459 3.392871
v 1.213534 -1.335657 4.210298
v 1.034893 -1.515552 4.414869
v 0.771147 -0.787255 1.702938
v 0.856291 -0.970132 2.007085
v 1.148030 -1.047281 2.494937
v 1.245397 -1.240881 2.758470
v 0.969654 -1.006416 4.069201
v 0.857013 -1.102196 4.328209
v 0.751386 -0.252322 0.736361
v 0.786719 -0.312687 1.001115
v 0.840289 -0.502010 1.527252
v 1.019574 -0.499869 1.991093
v 1.200202 -0.498579 2.334489
v 1.233455 -0.357270 3.730826
v 0.981132 -0.530194 3.974806
v 0.771667 -0.368770 4.271643
v 0.762284 0.234545 -0.267013
v 0.871933 0.131866 -0.001674
v 0.907767 -0.019882 0.545700
v 1.118523 0.000632 0.967381
v 1.097790 -0.050544 1.499947
v 1.110585 -0.070730 2.008173
v 1.204849 -0.186120 2.307735
v 1.196227 -0.225452 3.678921
v 0.959926 -0.206655 4.061047
v 0.969261 -0.030319 4.466150
v 1.000037 -0.019396 5.000001
v 1.000151 -0.020130 5.500210
v 0.999945 0.009604 5.999604
v 1.000887 0.023636 6.500212
v 0.999010 0.008538 7.000478
v 0.999939 0.045205 7.499874
v 1.000297 0.056172 8.000160
v 1.000124 0.072606 8.500009
v 1.000004 0.081678 9.000000
v 0.998889 0.088809 9.502629
v 1.032223 0.211824 9.975924
v 1.207676 0.212041 10.269051
v 0.978845 0.486224 -0.403510
v 1.130782 0.363106 -0.012233
v 1.231706 0.289452 0.505122
v 1.212120 0.299284 0.827391
v 0.880315 0.396625 10.148675
v 1.047822 0.537981 10.303219
v 0.783538 1.179001 -0.786954
v 0.956739 1.005321 -0.574588
v 0.998899 0.994257 10.565485
v 0.790559 1.513521 -0.802414
v 1.067677 1.494445 -0.596839
v 1.001393 1.506880 10.658715
v 0.884816 2.013249 -0.893046
v 1.109346 2.012631 -0.625044
v 0.992033 2.001381 10.499911
v 0.801269 2.311944 -0.795663
v 0.986796 2.487705 -0.464089
v 1.215543 2.690924 -0.208489
v 0.999050 2.499068 10.454248
v 0.864984 2.996024 -0.310805
v 1.151405 3.006630 -0.149839
v 1.215093 3.212355 10.241001
v 1.023689 3.022152 10.311728
v 0.774193 3.494699 -0.268746
v 1.033924 3.494666 -0.056985
v 1.002599 3.773903 9.713810
v 1.050593 3.570484 10.124934
v 0.883736 3.316323 10.291578
v 0.751951 3.755197 -0.251938
v 0.974657 3.955256 0.009307
v 1.200600 4.169226 0.266232
v 1.014388 4.240059 8.664683
v 0.983601 3.998433 8.966575
v 1.000070 3.813014 9.454511
v 0.808507 4.482767 0.212824
v 1.109766 4.548571 0.472304
v 1.247467 4.746898 0.756347
v 1.185090 4.714444 7.713999
v 1.001599 4.586105 7.986111
v 0.987739 4.315972 8.394387
v 0.790884 4.999275 0.202274
v 1.075838 4.987208 0.437921
v 1.257864 5.048531 0.948998
v 1.249013 5.241974 1.263791
v 1.017086 5.026876 7.623525
v 0.846539 4.869220 7.833467
v 0.798973 5.316712 0.193463
v 0.908169 5.523623 0.513520
v 1.046337 5.498644 1.000421
v 1.145580 5.466483 1.459473
v 1.147065 5.567400 2.001758
v 1.172073 5.611232 2.505730
v 1.192495 5.648046 2.998147
v 1.200520 5.687268 3.337637
v 1.165652 5.644692 6.599974
v 1.054358 5.538834 6.995686
v 0.947707 5.443790 7.337227
v 0.775281 5.781959 0.714815
v 0.829206 5.893068 0.994989
v 0.932642 6.083245 1.448288
v 1.011470 6.025387 1.998630
v 1.026016 6.035471 2.495086
v 1.030710 6.004941 3.001123
v 1.154567 5.997560 3.489934
v 1.192707 6.148837 3.912690
v 1.201208 6.162726 4.583583
v 1.160444 6.127027 5.000517
v 1.235860 6.179702 5.328091
v 1.161888 6.095921 6.117373
v 1.057701 5.946595 6.413877
v 0.916972 5.963295 7.063818
v 0.757216 5.767885 7.256622
v 0.782135 6.312665 1.597230
v 0.784282 6.341587 1.998312
v 0.739582 6.302901 2.494946
v 0.757931 6.464261 3.058195
v 0.934482 6.506315 3.494987
v 1.115728 6.459626 4.040417
v 1.154316 6.456393 4.459358
v 1.102300 6.501785 4.997392
v 1.258351 6.530029 5.494515
v 1.180111 6.515290 5.975254
v 1.146500 6.493760 6.505646
v 0.930286 6.510186 6.952669
v 0.751712 6.768691 3.235088
v 0.791507 6.961634 3.492496
v 0.875439 6.996328 4.007016
v 0.928552 6.990481 4.506309
v 0.937128 6.997305 4.994990
v 1.113324 7.029642 5.449167
v 1.116744 7.013123 6.003982
v 0.979617 7.091919 6.556152
v 0.852892 6.865533 6.863781
v 0.873408 7.323353 3.629814
v 0.850194 7.341512 4.038203
v 0.802955 7.309381 4.501845
v 0.846283 7.323355 5.011429
v 0.922216 7.402505 5.460311
v 0.876219 7.385100 6.003168
v 0.812174 7.317296 6.340320
v 0.252707 -3.249734 4.743221
v 0.253924 -3.254712 4.753316
v 0.294113 -2.778075 3.706675
v 0.490691 -2.882022 3.993779
v 0.561043 -3.067945 4.635594
v 0.399264 -3.018400 4.853161
v 0.393873 -2.378781 3.070810
v 0.491681 -2.488235 3.510214
v 0.633322 -2.673012 3.839301
v 0.752699 -2.490042 4.682424
v 0.488289 -2.487668 4.946571
v 0.255634 -1.756632 1.739153
v 0.301254 -1.798465 1.999150
v 0.352786 -1.894846 2.506662
v 0.545384 -2.059016 2.944569
v 0.714480 -2.207894 3.293989
v 0.689881 -1.998577 4.662514
v 0.408814 -2.000033 4.839041
v 0.255427 -1.257153 1.243698
v 0.330421 -1.459171 1.540066
v 0.524767 -1.465689 2.019644
v 0.612014 -1.603468 2.509344
v 0.702144 -1.700120 2.813695
v 0.641253 -1.499455 4.636137
v 0.466452 -1.503570 4.919648
v 0.294958 -0.801281 0.673272
v 0.300618 -0.930911 1.060181
v 0.531356 -0.951705 1.558162
v 0.675017 -1.099238 1.863534
v 0.740462 -0.767971 4.231047
v 0.599757 -0.965528 4.461662
v 0.381214 -0.996008 4.878716
v 0.298516 -0.284495 -0.298598
v 0.425306 -0.420444 -0.014400
v 0.478535 -0.457593 0.545090
v 0.625614 -0.572623 0.997551
v 0.668669 -0.650823 1.386145
v 0.735335 -0.705344 4.229155
v 0.638404 -0.522741 4.476133
v 0.337147 -0.500846 4.855654
v 0.385932 0.147344 -0.921719
v 0.516393 0.008262 -0.471734
v 0.702691 -0.164841 -0.023729
v 0.706852 -0.211616 0.401648
v 0.648827 -0.021808 4.605525
v 0.482774 -0.014436 4.991665
v 0.499979 -0.021633 5.499989
v 0.499912 0.009649 5.999526
v 0.500007 0.024057 6.500013
v 0.500016 0.050924 6.999711
v 0.500109 0.028182 7.499689
v 0.500195 0.036806 8.000267
v 0.500264 0.041896 8.499950
v 0.499344 0.067243 8.999360
v 0.500202 0.106138 9.500517
v 0.499732 0.174841 9.834781
v 0.417066 0.500128 -0.941414
v 0.626580 0.522020 -0.579394
v 0.499515 0.428375 10.109373
v 0.480307 0.727099 10.312805
v 0.565113 0.980197 -0.959119
v 0.724763 0.834468 -0.745192
v 0.516367 1.018521 10.635540
v 0.353880 1.215445 10.766106
v 0.299395 1.640267 -1.271451
v 0.429495 1.509550 -1.051280
v 0.629845 1.502603 10.651703
v 0.376650 1.511043 10.724696
v 0.323382 1.784009 -1.327250
v 0.518753 1.999603 -1.159990
v 0.586291 2.001298 10.675998
v 0.335596 2.001417 10.772375
v 0.468611 2.498225 -0.870770
v 0.600499 2.639357 -0.660562
v 0.489586 2.470482 10.718287
v 0.280934 2.289036 10.770873
v 0.253272 3.006822 -0.727128
v 0.496576 3.009887 -0.559495
v 0.506127 3.019706 10.517284
v 0.275782 3.321542 -0.771966
v 0.453369 3.489630 -0.558857
v 0.510899 3.672395 9.684500
v 0.506264 3.529452 9.956560
v 0.501639 3.378121 10.315627
v 0.587712 3.958907 -0.490903
v 0.725179 4.102409 -0.185074
v 0.746739 4.247050 8.745996
v 0.569388 4.171497 9.029816
v 0.512709 3.799675 9.408865
v 0.351277 4.486810 -0.348640
v 0.557486 4.475184 -0.050692
v 0.650388 4.669076 8.163950
v 0.530333 4.517212 8.532706
v 0.399371 4.351009 8.846333
v 0.356088 4.997685 -0.402519
v 0.629981 4.990266 -0.058895
v 0.721690 5.209301 7.735352
v 0.495857 4.949417 7.934675
v 0.332824 4.801966 8.342053
v 0.362443 5.404191 -0.409109
v 0.516043 5.533354 -0.022592
v 0.712903 5.673024 0.356815
v 0.633609 5.506580 7.625597
v 0.376064 5.500029 7.859039
v 0.337859 5.862272 0.114389
v 0.531519 6.050419 0.529521
v 0.644081 6.135647 1.004446
v 0.747737 6.244585 1.262155
v 0.472989 6.120641 7.135286
v 0.444345 5.844651 7.440537
v 0.274966 5.774472 7.799527
v 0.279278 6.264655 0.688628
v 0.395096 6.484228 1.025241
v 0.628641 6.499215 1.454020
v 0.676971 6.593967 2.000206
v 0.649459 6.580173 2.494921
v 0.694255 6.626520 2.908015
v 0.506835 6.502370 7.114463
v 0.255642 6.759598 1.244488
v 0.326952 6.949040 1.526376
v 0.610264 7.007876 1.987189
v 0.667828 7.009242 2.500638
v 0.660906 6.954591 3.043293
v 0.714876 7.102427 3.319065
v 0.623734 7.175147 6.667132
v 0.470857 6.993470 6.866508
v 0.323707 7.353699 1.666095
v 0.382459 7.431143 1.999999
v 0.412542 7.533042 2.480296
v 0.469587 7.483243 3.007776
v 0.689137 7.533266 3.460082
v 0.619599 7.608758 4.000354
v 0.586112 7.610923 4.506861
v 0.544512 7.569609 5.003230
v 0.585942 7.654912 5.468046
v 0.495740 7.659163 6.016974
v 0.492041 7.416283 6.525147
v 0.288301 7.272235 6.769077
v 0.346301 7.855153 2.613301
v 0.365956 7.914509 2.998911
v 0.418810 7.958360 3.504378
v 0.339499 7.854536 3.997199
v 0.280845 7.746257 4.496824
v 0.294424 7.782195 5.002253
v 0.321350 7.811601 5.489538
v 0.319246 7.796412 5.856098
v -0.190977 -3.284003 4.095790
v -0.043944 -3.236795 4.540824
v -0.025277 -3.355359 4.957200
v -0.225114 -3.260944 5.261289
v -0.223865 -2.782136 2.677157
v -0.187650 -2.816069 3.004915
v 0.004706 -2.923198 3.513533
v 0.004199 -3.188652 3.945885
v 0.115722 -3.160152 4.404661
v 0.135959 -3.007349 5.174109
v -0.150051 -3.004237 5.356761
v -0.179326 -2.349863 1.618443
v -0.157351 -2.409284 2.000876
v -0.051060 -2.552457 2.491909
v 0.105851 -2.507428 2.955489
v 0.150987 -2.670256 3.372817
v -0.030934 -2.467980 5.130015
v -0.212180 -2.615336 5.252029
v -0.183557 -1.858628 1.192692
v 0.004215 -1.998636 1.508767
v 0.105091 -2.043598 1.998810
v 0.190139 -2.161345 2.497287
v 0.246574 -2.244803 2.756756
v -0.014931 -2.002016 5.070698
v -0.218270 -1.292266 0.712058
v -0.001784 -1.445266 1.022028
v 0.193310 -1.603421 1.395330
v -0.001163 -1.528407 5.126088
v -0.162754 -1.387260 5.316251
v -0.180851 -0.788859 0.156666
v -0.057246 -0.913487 0.563068
v 0.074652 -1.074586 0.972322
v 0.131766 -0.999810 5.117999
v -0.086475 -1.001446 5.367676
v -0.231890 -0.266057 -1.263964
v -0.173756 -0.358250 -1.000263
v -0.028473 -0.407571 -0.473237
v 0.005127 -0.655380 -0.023299
v 0.164194 -0.706978 0.335580
v 0.069330 -0.476614 5.180167
v -0.080842 -0.644603 5.376609
v -0.119844 -0.008327 -1.341973
v 0.146734 -0.075750 -1.080440
v 0.167142 -0.167222 -0.638260
v -0.006838 -0.045304 5.151893
v -0.000094 -0.042249 5.499921
v -0.000333 -0.008032 5.999566
v 0.000191 0.009189 6.500079
v -0.000223 0.041691 6.999378
v 0.000031 0.029280 7.500037
v 0.000002 0.014228 7.999972
v 0.001363 0.001771 8.499324
v 0.000688 0.020469 9.001795
v 0.000003 0.099251 9.499979
v 0.001031 0.172483 9.863860
v -0.067351 0.508591 -1.335037
v 0.211877 0.508370 -1.208105
v 0.010755 0.308710 10.125630
v -0.001636 0.598536 10.530427
v -0.188336 0.725254 10.757578
v 0.026975 0.989716 -1.486555
v 0.228537 0.990149 -1.219005
v 0.146196 0.889396 10.684110
v -0.013735 1.029563 10.771606
v 0.011342 1.488889 -1.333196
v 0.214126 1.295801 -1.208794
v 0.006228 1.494267 10.855446
v 0.013672 1.986737 -1.412291
v 0.170910 2.142437 -1.223545
v 0.012336 2.012995 10.892918
v -0.174729 2.313061 -1.318826
v -0.005858 2.486025 -1.087113
v -0.013481 2.626629 10.770231
v 0.002180 2.333023 10.862029
v -0.021004 3.005058 -0.903662
v -0.233344 3.236641 10.234063
v -0.070002 3.077912 10.486146
v 0.076490 3.511460 -0.929920
v 0.222802 3.654106 -0.735147
v -0.233947 3.746449 9.245862
v 0.034831 3.555825 9.468305
v -0.057875 3.461524 10.046838
v 0.094083 3.363489 10.318858
v -0.110277 3.990567 -0.803132
v 0.160033 4.005692 -0.713168
v -0.034348 3.979180 9.149941
v 0.133042 3.773797 9.275020
v -0.139066 4.500159 -0.850997
v 0.100322 4.498669 -0.618223
v 0.196630 4.701681 8.683061
v 0.055986 4.556807 9.034566
v 0.030311 4.995453 -0.979350
v 0.154370 5.002336 -0.642589
v 0.091030 5.133616 8.113222
v -0.016634 4.928317 8.507386
v -0.148505 4.995401 8.868201
v 0.009290 5.474262 -0.976452
v 0.164260 5.536446 -0.528033
v 0.220206 5.711883 -0.218457
v 0.151701 5.476395 8.171547
v 0.042884 5.590290 8.543129
v -0.194140 5.312953 8.821148
v -0.138509 5.856718 -0.834111
v -0.068567 5.867386 -0.505150
v 0.014708 6.011375 0.004120
v 0.143490 6.209534 0.346241
v 0.238438 6.240560 7.239544
v 0.028616 6.098356 7.506424
v -0.020836 5.888968 7.998421
v -0.226917 5.762139 8.275451
v -0.202215 6.267967 0.230429
v -0.084460 6.403912 0.559573
v 0.105344 6.599172 0.916321
v 0.159234 6.500614 7.209186
v -0.118604 6.489678 7.342898
v -0.236198 6.799683 0.717418
v -0.087222 6.918096 1.078936
v 0.141288 7.091688 1.348621
v -0.065381 6.969424 7.043953
v -0.216969 6.816477 7.268557
v -0.181532 7.357576 1.162374
v 0.015139 7.529769 1.467093
v 0.178034 7.674220 2.000229
v 0.226106 7.725501 2.296310
v 0.211493 7.719719 6.181990
v 0.137498 7.645250 6.509246
v -0.041127 7.454115 6.842362
v -0.096712 7.935817 1.584561
v -0.044564 7.998591 2.002959
v 0.045568 8.089995 2.459872
v 0.096328 8.102773 3.019165
v 0.171332 8.214266 3.500799
v 0.119748 8.111601 3.999492
v -0.026655 8.068703 4.519281
v 0.004468 7.978898 5.002582
v -0.101730 7.972483 5.550569
v -0.004865 7.915223 6.009541
v -0.044789 8.044894 6.563723
v -0.204508 7.891286 6.804652
v -0.196702 8.297027 2.685841
v -0.246880 8.295751 3.046275
v -0.106164 8.363705 3.502006
v -0.128309 8.383854 4.000301
v -0.223828 8.320054 4.360700
v -0.243295 8.255348 5.726260
v -0.168994 8.310472 5.989894
v -0.171910 8.324518 6.406733
v -0.697822 -3.297065 2.634859
v -0.665141 -3.319250 2.999858
v -0.580129 -3.339957 3.501322
v -0.453284 -3.359339 3.957939
v -0.513992 -3.393462 4.498080
v -0.493735 -3.441686 4.994042
v -0.484399 -3.341619 5.333740
v -0.713596 -2.794198 1.213563
v -0.631800 -2.879465 1.487370
v -0.586934 -2.915327 1.999333
v -0.517403 -2.979125 2.502056
v -0.426267 -3.066776 3.003252
v -0.331338 -3.172761 3.504036
v -0.253495 -3.249850 3.762081
v -0.471346 -2.991338 5.501999
v -0.589111 -2.525691 1.080234
v -0.354718 -2.525175 1.462716
v -0.328153 -2.657619 2.000928
v -0.271962 -2.720515 2.340793
v -0.269438 -2.273969 5.244609
v -0.466015 -2.466584 5.311252
v -0.673880 -1.880669 0.681845
v -0.497558 -2.040436 0.985563
v -0.272844 -2.214544 1.289360
v -0.283190 -1.998016 5.250050
v -0.535451 -2.000905 5.355355
v -0.749453 -1.250547 -0.750607
v -0.706861 -1.319313 -0.502644
v -0.633439 -1.388332 0.002491
v -0.504371 -1.467743 0.527037
v -0.307858 -1.646687 0.813988
v -0.290430 -1.715177 5.228610
v -0.473104 -1.528493 5.382604
v -0.740974 -0.762666 -1.255444
v -0.628279 -0.990904 -0.983464
v -0.497251 -1.004212 -0.500166
v -0.416948 -0.970833 0.001583
v -0.353993 -1.137250 0.377718
v -0.484166 -1.014637 5.599456
v -0.500647 -0.498088 -1.397162
v -0.336613 -0.646926 -1.024227
v -0.284644 -0.704925 -0.499575
v -0.275463 -0.718284 -0.183693
v -0.159052 -0.057098 5.374552
v -0.460108 -0.494203 5.541612
v -0.624401 0.137206 -1.862015
v -0.456816 -0.027132 -1.621909
v -0.189351 -0.061697 5.283772
v -0.482609 -0.074468 5.516691
v -0.499720 -0.038861 6.000606
v -0.499980 0.001795 6.499936
v -0.500265 0.034111 6.999109
v -0.500079 0.047719 7.499359
v -0.499167 0.044847 8.001099
v -0.500005 -0.000401 8.499717
v -0.498061 -0.014327 9.002609
v -0.499716 0.080400 9.500848
v -0.491316 0.220903 9.992703
v -0.640531 0.187766 10.340282
v -0.597983 0.501423 -1.847038
v -0.397618 0.502531 -1.610445
v -0.320501 0.271613 10.178376
v -0.451422 0.337456 10.538366
v -0.498134 0.667149 10.858595
v -0.593093 0.999859 -1.857079
v -0.357143 0.999160 -1.636766
v -0.501854 0.971036 10.925578
v -0.574278 1.499082 -1.863775
v -0.352978 1.507327 -1.663390
v -0.497344 1.507695 10.925494
v -0.636902 1.868996 -1.858921
v -0.468126 2.104945 -1.787995
v -0.583618 2.062189 10.589800
v -0.502297 2.020177 10.815185
v -0.537188 2.477911 -1.369095
v -0.395409 2.639395 -1.173422
v -0.729969 2.677390 10.246899
v -0.484744 2.481798 10.472038
v -0.326168 2.319625 10.781079
v -0.672059 3.003820 -1.280076
v -0.429551 3.007465 -1.141689
v -0.724275 3.232953 9.730617
v -0.593983 3.107528 10.113690
v -0.381427 2.892560 10.340896
v -0.650542 3.369332 -1.323012
v -0.483461 3.541290 -1.197756
v -0.272586 3.745564 9.243821
v -0.495502 3.457736 9.435078
v -0.393626 3.319361 9.898124
v -0.531091 4.004406 -1.010242
v -0.380276 3.970559 9.141309
v -0.644425 3.992952 9.258964
v -0.642110 4.619482 -1.319650
v -0.458379 4.456634 -1.153190
v -0.403678 4.500583 9.173225
v -0.628443 4.488819 9.320366
v -0.597158 5.002119 -1.346801
v -0.330557 5.007829 -1.197905
v -0.423863 4.994794 9.122725
v -0.663333 5.001064 9.295339
v -0.654228 5.403300 -1.316414
v -0.484113 5.544842 -1.162653
v -0.398553 5.651748 8.610051
v -0.547342 5.470511 8.959174
v -0.729410 5.267402 9.273282
v -0.485685 5.911094 -0.943453
v -0.516881 6.124284 -0.494931
v -0.388179 6.147940 -0.103004
v -0.307115 6.182354 7.690232
v -0.558913 6.055497 7.967125
v -0.585595 5.804050 8.438223
v -0.739677 5.759410 8.757723
v -0.706530 6.315499 -0.315429
v -0.531277 6.461026 0.025412
v -0.324795 6.622142 0.366391
v -0.350633 6.507887 7.642092
v -0.629761 6.496300 7.876487
v -0.678738 6.858969 0.157175
v -0.497689 7.005829 0.506808
v -0.337461 7.139059 0.836216
v -0.316673 7.167363 7.218105
v -0.520437 6.971751 7.458011
v -0.715861 6.776525 7.773870
v -0.628586 7.402776 0.619700
v -0.387176 7.567187 0.892373
v -0.292270 7.685310 1.297746
v -0.499014 7.470038 7.082776
v -0.663486 7.293324 7.283462
v -0.613514 8.037193 1.109403
v -0.333201 8.060432 1.427419
v -0.283667 8.215770 1.995486
v -0.245393 8.248339 2.326314
v -0.267448 8.237993 4.700106
v -0.314197 8.190734 4.998138
v -0.318139 8.188398 5.394845
v -0.296670 8.249474 6.772112
v -0.482354 8.034825 6.887996
v -0.743576 8.257383 1.244071
v -0.614232 8.391032 1.461831
v -0.489564 8.483244 2.003499
v -0.371498 8.538710 2.479212
v -0.508933 8.633570 2.993942
v -0.352865 8.668209 3.491983
v -0.300857 8.665759 4.002620
v -0.357675 8.502141 4.524728
v -0.533953 8.558233 5.030552
v -0.489978 8.504942 5.505460
v -0.468668 8.643091 6.042226
v -0.489525 8.439432 6.570407
v -0.660086 8.274602 6.773535
v -0.709133 8.734823 3.183729
v -0.620538 8.848458 3.487480
v -0.579241 8.871967 3.994336
v -0.606744 8.877277 4.520189
v -0.700267 8.799890 4.878058
v -0.698268 8.818105 5.619224
v -0.695978 8.841523 5.885451
v -1.116262 -3.324915 2.122748
v -0.942764 -3.437633 2.468585
v -0.994754 -3.519894 2.999477
v -0.996532 -3.555499 3.499141
v -0.993317 -3.599766 3.998551
v -0.997072 -3.601284 4.500683
v -0.988301 -3.551733 4.995118
v -1.003220 -3.337169 5.323337
v -1.000793 -2.820608 1.131062
v -0.969169 -3.061155 1.483921
v -0.966359 -3.205595 1.966486
v -0.775963 -3.236398 2.300838
v -1.002857 -3.002248 5.422771
v -1.230548 -2.282200 0.227178
v -1.136713 -2.383734 0.502173
v -0.963575 -2.545481 0.851939
v -1.000474 -2.501547 5.404100
v -1.184437 -1.792742 -0.299694
v -1.125053 -1.991361 0.029756
v -0.915123 -2.027528 0.510803
v -0.773335 -2.224097 0.767740
v -0.998511 -2.008180 5.465095
v -0.926006 -1.394438 -0.867612
v -1.006820 -1.555734 -0.484535
v -0.854121 -1.637376 0.004611
v -0.847517 -1.643105 0.341104
v -1.001788 -1.463699 5.541604
v -1.003403 -0.850008 -1.319294
v -0.953917 -1.141816 -1.169776
v -1.245736 -0.760361 5.245588
v -1.053488 -0.953943 5.389345
v -1.163606 -0.331772 -1.798428
v -0.976602 -0.521635 -1.630122
v -1.242361 -0.522012 5.287751
v -0.970417 -0.506720 5.430992
v -0.993967 -0.019306 -1.899967
v -0.828939 -0.183092 -1.719331
v -1.190829 -0.071732 5.206584
v -1.015372 -0.071291 5.518512
v -1.000128 -0.036673 6.000373
v -1.000011 -0.002381 6.499957
v -1.000296 0.017274 6.999718
v -0.999972 0.024049 7.500021
v -1.000298 0.028590 8.000458
v -0.999864 -0.013507 8.499644
v -0.998165 -0.049901 9.000523
v -0.997763 0.029377 9.507199
v -1.006059 0.145290 10.001053
v -1.008204 0.147012 10.450642
v -1.007952 0.497496 -2.007852
v -0.987732 0.510174 10.634932
v -0.783821 0.693287 10.763044
v -1.006175 1.002001 -2.042715
v -1.127594 0.991598 10.682579
v -0.866798 0.995281 10.802163
v -0.999820 1.500124 -2.036432
v -1.237543 1.738490 10.240755
v -1.214785 1.551165 10.517891
v -0.985606 1.491656 10.932158
v -1.006956 2.009944 -1.850276
v -0.839627 2.179091 -1.693636
v -1.203857 2.000414 10.230106
v -0.972804 1.954684 10.467096
v -0.885195 1.921773 10.849485
v -1.165041 2.347961 -1.785740
v -1.030076 2.492225 -1.582360
v -1.030364 2.506077 10.273932
v -0.874032 2.341698 10.288326
v -0.996673 2.999741 -1.481787
v -0.780233 3.215056 9.723299
v -0.966393 3.073815 9.984586
v -0.965779 3.523532 -1.399366
v -0.789543 3.693786 -1.227038
v -1.008162 3.471295 9.536596
v -1.136071 3.500023 9.838378
v -1.129368 3.991201 -1.300076
v -0.844126 3.993712 -1.160671
v -0.947991 4.000590 9.527840
v -1.181479 3.998871 9.870071
v -1.013724 4.502727 -1.357225
v -0.815083 4.304954 -1.195802
v -1.007076 4.533209 9.590101
v -1.155651 4.383313 9.869778
v -0.975253 4.991809 -1.571188
v -1.053004 4.986072 9.345222
v -0.969066 5.556423 -1.405851
v -0.783008 5.743699 -1.251683
v -0.835517 5.626810 9.121417
v -1.017757 5.460105 9.339605
v -1.121791 5.770605 -1.258771
v -1.001589 5.991610 -1.006103
v -0.908770 6.127873 -0.618068
v -0.765018 6.232183 8.235355
v -0.798241 6.139560 8.511241
v -0.993784 5.967002 8.973157
v -1.200455 5.801837 9.286165
v -1.201048 6.293423 -0.767341
v -1.058503 6.433141 -0.427192
v -0.839983 6.654132 -0.192132
v -0.925091 6.429015 8.090525
v -1.142130 6.485100 8.478921
v -1.185025 6.361241 8.817237
v -1.191972 6.807818 -0.305088
v -1.035133 6.947682 0.036518
v -0.801249 7.203354 0.299916
v -0.859431 7.128749 7.634312
v -1.041687 6.952971 7.965739
v -1.212780 6.789298 8.332119
v -1.142611 7.337906 0.161613
v -0.938791 7.570849 0.470225
v -0.805248 7.699866 0.778467
v -1.007414 7.650639 7.162457
v -1.045767 7.364741 7.451989
v -1.211222 7.283404 7.803495
v -1.139416 7.817914 0.675322
v -0.971525 8.008885 0.885061
v -0.994369 8.022006 6.992404
v -0.993390 8.338118 1.160308
v -0.951957 8.621181 1.471092
v -0.788930 8.741848 2.002605
v -0.783351 8.736597 2.499630
v -0.777915 8.717321 2.837088
v -0.783065 8.713256 5.202915
v -0.783157 8.713001 5.296483
v -0.801374 8.758176 6.226256
v -0.970474 8.599565 6.501371
v -1.001623 8.269356 6.764923
v -1.118053 8.837644 1.651827
v -1.050244 8.854460 2.002291
v -1.035751 8.862146 2.499135
v -0.980369 8.831691 3.003291
v -0.978956 8.992078 3.486300
v -0.997457 8.975765 4.000304
v -0.999679 8.941851 4.501186
v -0.965549 8.854550 5.024153
v -0.962695 8.858497 5.467508
v -0.983126 8.854703 6.036973
v -1.142436 8.792366 6.281356
v -1.716053 -3.770759 2.730459
v -1.697728 -3.768768 2.999944
v -1.675109 -3.763779 3.500269
v -1.647975 -3.790282 3.999761
v -1.681980 -3.776443 4.300169
v -1.505305 -3.356415 2.043150
v -1.516488 -3.676985 2.515482
v -1.444081 -3.705816 2.999785
v -1.424414 -3.699160 3.500105
v -1.397191 -3.728211 3.999747
v -1.505140 -3.718323 4.485332
v -1.534625 -3.501757 5.086450
v -1.290120 -3.294368 5.286274
v -1.738985 -2.779717 -0.265171
v -1.616968 -2.855302 -0.028474
v -1.570271 -2.869453 0.500875
v -1.412618 -2.978212 0.935263
v -1.501692 -3.147179 1.497954
v -1.510978 -3.192851 1.809324
v -1.634505 -3.093627 5.176938
v -1.484297 -2.957593 5.327860
v -1.679485 -2.501472 -0.343545
v -1.470581 -2.459828 0.057366
v -1.290960 -2.658792 0.489794
v -1.263836 -2.737283 0.768644
v -1.494454 -2.506220 5.312285
v -1.720813 -1.796876 -0.780070
v -1.536526 -1.960253 -0.487236
v -1.370208 -2.100708 -0.077251
v -1.519688 -2.011653 5.405456
v -1.526346 -1.503560 -0.947424
v -1.379193 -1.667859 -0.638189
v -1.734021 -1.316116 5.232721
v -1.542765 -1.490432 5.337430
v -1.499746 -0.956822 -1.430110
v -1.500370 -1.203768 -1.211571
v -1.533532 -0.964363 5.173583
v -1.393048 -1.112227 5.243216
v -1.499847 -0.417912 -1.840734
v -1.496136 -0.693999 -1.722039
v -1.511848 -0.499189 5.149465
v -1.636005 0.178666 -2.319891
v -1.485558 0.006198 -2.098043
v -1.490869 -0.050328 5.165202
v -1.500326 -0.043384 5.500123
v -1.500216 -0.025624 6.000620
v -1.500043 0.012232 6.499647
v -1.499836 0.014273 6.999977
v -1.499688 0.032705 7.499566
v -1.499959 0.022135 8.000161
v -1.500217 -0.015094 8.499582
v -1.500602 -0.039350 8.998908
v -1.499535 0.015810 9.507118
v -1.499025 0.092448 9.995795
v -1.551589 0.282109 10.511257
v -1.583290 0.501098 -2.341943
v -1.338241 0.500704 -2.186391
v -1.489341 0.491859 10.419596
v -1.554448 1.007180 -2.392360
v -1.316594 0.999995 -2.213320
v -1.516204 0.997765 10.490501
v -1.616162 1.521736 -2.370983
v -1.359649 1.513721 -2.235318
v -1.482891 1.645891 10.155678
v -1.482744 1.375366 10.304153
v -1.731252 1.795971 -2.249257
v -1.548080 1.967012 -2.064830
v -1.490547 2.009807 10.120567
v -1.517309 2.470632 -1.769754
v -1.319955 2.673810 -1.697303
v -1.503590 2.485888 10.122815
v -1.655426 3.002307 -1.799357
v -1.377027 2.999221 -1.658130
v -1.493793 2.998440 10.145044
v -1.645914 3.508548 -1.869566
v -1.380972 3.500383 -1.639411
v -1.510498 3.529687 10.038049
v -1.603638 4.000727 -1.916768
v -1.346139 3.996778 -1.624418
v -1.555122 3.923288 10.109778
v -1.647911 4.498825 -1.817582
v -1.361112 4.499805 -1.653522
v -1.269239 4.718811 9.733446
v -1.494723 4.588625 10.047197
v -1.640252 4.843075 -1.882835
v -1.497449 5.061195 -1.778967
v -1.422689 4.951420 9.633306
v -1.596887 5.009200 9.878177
v -1.485023 5.508777 -1.593826
v -1.530546 5.466059 9.576048
v -1.712161 5.280912 9.770910
v -1.490538 5.868789 -1.319226
v -1.500649 6.046560 -1.039326
v -1.411861 6.138272 9.161829
v -1.556079 5.958102 9.296682
v -1.520869 6.500959 -0.850588
v -1.388477 6.614737 -0.651744
v -1.263560 6.708435 8.665583
v -1.440362 6.506246 9.124812
v -1.745076 6.264748 9.252479
v -1.718601 6.792916 -0.780871
v -1.476052 7.040709 -0.566698
v -1.351178 7.161040 -0.186405
v -1.328795 7.132819 8.148346
v -1.430733 7.054510 8.527691
v -1.562404 6.954170 8.941607
v -1.697253 7.327182 -0.356984
v -1.510598 7.521968 -0.012983
v -1.367876 7.652531 0.346844
v -1.254219 7.748437 7.248094
v -1.438158 7.674616 7.528047
v -1.463040 7.415771 8.023699
v -1.680711 7.288302 8.354422
v -1.700397 7.769845 0.221006
v -1.554751 7.931787 0.562560
v -1.342480 8.161645 0.808560
v -1.454393 7.973146 7.094639
v -1.581530 7.839197 7.374048
v -1.681185 8.299439 0.706677
v -1.509710 8.404751 0.991544
v -1.498678 8.637463 1.402512
v -1.647468 8.721303 6.207658
v -1.494991 8.615274 6.474774
v -1.500400 8.320986 6.819049
v -1.495632 8.811555 1.650859
v -1.499727 8.953874 1.999569
v -1.489120 9.064639 2.492986
v -1.502467 9.003107 2.989410
v -1.501898 8.996226 3.506079
v -1.507463 8.971210 3.988627
v -1.504842 8.989394 4.501873
v -1.505146 8.963364 5.002492
v -1.501275 8.972474 5.499613
v -1.485751 8.857701 6.037587
v -1.314452 8.766150 6.271828
v -1.997896 -3.791166 2.666673
v -2.000705 -3.809531 3.000187
v -1.997886 -3.841378 3.499275
v -1.997907 -3.850483 4.000743
v -1.996070 -3.818165 4.358812
v -2.193505 -3.300884 -0.293517
v -2.193872 -3.330178 -0.169584
v -2.087825 -3.302786 1.680937
v -1.958937 -3.388497 1.964131
v -1.995902 -3.693544 2.407218
v -1.995717 -3.670027 4.648005
v -1.992769 -3.384845 4.774868
v -2.006771 -2.996046 -0.396492
v -1.965066 -3.295915 -0.004012
v -2.000371 -3.021495 0.498327
v -2.007141 -2.976730 1.011116
v -1.942714 -3.247189 1.493804
v -1.756644 -3.249115 1.752721
v -1.928013 -2.901983 5.046665
v -1.756237 -2.753349 5.251877
v -2.154522 -2.395118 -0.861911
v -1.956003 -2.559300 -0.675922
v -2.018604 -2.498907 5.159073
v -1.768942 -2.498568 5.277703
v -1.973776 -1.992100 -0.912997
v -1.821945 -2.140116 -0.696343
v -1.995569 -1.993943 5.117519
v -1.775269 -1.999821 5.272223
v -2.167415 -1.284284 -1.267823
v -2.000441 -1.468544 -1.135295
v -1.956304 -1.490982 5.194929
v -1.750220 -1.656018 5.237757
v -2.174593 -0.761199 -1.760163
v -2.004424 -0.965779 -1.463325
v -1.830249 -1.239740 -1.250650
v -2.000482 -0.999316 5.175712
v -2.229969 -0.270560 -2.267676
v -2.045991 -0.479431 -1.938892
v -1.840290 -0.729621 -1.732402
v -2.019810 -0.511879 5.051139
v -2.018017 -0.036731 -2.407966
v -1.897938 -0.152482 -2.161847
v -1.998849 -0.010739 5.149193
v -1.999362 -0.004614 5.499839
v -1.999846 -0.000124 6.000270
v -1.999616 -0.007567 6.500117
v -2.000333 0.018535 6.999877
v -2.000027 0.025188 7.499991
v -2.000008 0.030901 8.000114
v -1.999820 0.011543 8.500142
v -2.000747 -0.009649 8.999711
v -2.001639 0.024888 9.509183
v -2.014844 0.114506 9.990191
v -1.990070 0.209064 10.262197
v -1.975618 0.495984 -2.587624
v -2.037040 0.528254 10.305685
v -2.216817 1.125845 -2.771817
v -2.039603 0.976105 -2.630641
v -2.001642 0.992550 10.376119
v -2.213126 1.352656 -2.774859
v -2.027110 1.515649 -2.589809
v -1.901549 1.637618 10.173746
v -2.029305 1.485635 10.262297
v -1.961134 1.964001 -2.396770
v -1.784283 2.138437 -2.198967
v -1.951993 2.000029 10.207304
v -2.203437 1.998419 10.249013
v -2.144581 2.606709 -2.383075
v -1.864681 2.515610 -2.140828
v -1.921847 2.499819 10.233825
v -2.167243 2.497671 10.294566
v -2.213412 2.999982 -2.276135
v -1.935156 2.994610 -2.126558
v -1.919550 3.000142 10.226084
v -2.177026 2.998723 10.227670
v -2.223594 3.500475 -2.272731
v -1.931451 3.487873 -2.183261
v -2.034988 3.469680 10.173478
v -2.228030 3.281904 10.249303
v -2.243156 3.764500 -2.262220
v -2.019279 4.017386 -2.346571
v -2.006556 4.012624 10.068192
v -1.997221 4.488177 -1.949890
v -1.991058 4.497634 10.177702
v -2.036115 4.905647 -1.922275
v -1.992270 5.079908 -1.634638
v -2.007032 5.012126 10.071745
v -1.984367 5.492804 -1.381626
v -2.136751 5.604173 -1.148677
v -1.989424 5.650761 9.709875
v -1.980828 5.390365 9.902346
v -1.812734 5.782180 -1.281312
v -1.919258 5.888024 -0.930187
v -2.011092 5.990973 9.451240
v -1.992764 6.495314 -0.853408
v -2.000896 6.599367 9.216388
v -1.999205 6.346093 9.301860
v -1.995795 6.905294 -0.815694
v -1.984698 7.184010 -0.698011
v -1.817642 7.240860 8.703144
v -2.000700 7.052719 8.968828
v -1.999851 7.339083 -0.421717
v -2.000491 7.579335 -0.105750
v -1.807424 7.725929 7.695940
v -1.968155 7.669578 8.025958
v -1.983423 7.393222 8.525052
v -2.156445 7.301084 8.812186
v -2.003540 7.847821 0.158952
v -2.003318 8.110669 0.371258
v -1.909559 8.127457 7.135918
v -2.016019 7.974006 7.481673
v -2.136438 7.818519 7.842307
v -2.006257 8.367710 0.624504
v -2.058238 8.562931 1.035496
v -1.882098 8.674869 1.365228
v -2.000607 8.730030 6.187411
v -1.997535 8.597811 6.508669
v -2.031162 8.349403 6.992822
v -2.215251 8.279671 7.279697
v -2.201785 8.807779 1.190545
v -2.039486 8.847615 1.516861
v -2.001675 9.001443 2.010877
v -2.000557 9.133195 2.497529
v -2.004338 9.081330 2.986104
v -2.001063 9.097208 3.506444
v -1.999673 9.195718 3.961891
v -1.997689 9.207097 4.521577
v -2.006707 9.010811 4.989468
v -2.002025 9.023905 5.498817
v -2.018397 8.919254 5.968144
v -2.168851 9.344079 4.102528
v -2.182607 9.332131 4.353324
v -2.497090 -3.850869 2.546742
v -2.496719 -3.904128 2.999427
v -2.499618 -3.908539 3.500113
v -2.499667 -3.893761 4.000238
v -2.499087 -3.854059 4.509974
v -2.660333 -3.795188 4.814559
v -2.492284 -3.369115 -0.350189
v -2.505850 -3.354286 0.020138
v -2.752683 -3.178926 0.479764
v -2.715736 -3.269381 0.999167
v -2.525476 -3.320999 1.512732
v -2.500860 -3.576525 1.988176
v -2.504444 -3.704726 2.320569
v -2.328738 -3.672262 4.703622
v -2.491304 -3.510116 4.991967
v -2.722268 -3.281185 5.276702
v -2.732295 -2.756063 -0.754927
v -2.539198 -2.953421 -0.582863
v -2.364106 -3.247516 0.184150
v -2.464732 -3.114414 0.477290
v -2.470949 -3.120883 0.999588
v -2.379524 -3.183315 1.360933
v -2.438541 -2.997364 5.115765
v -2.666452 -3.005379 5.311585
v -2.533761 -2.505479 -0.759636
v -2.398374 -2.690885 -0.700263
v -2.507673 -2.508338 5.135243
v -2.676871 -2.680797 5.291595
v -2.629422 -1.853958 -1.378076
v -2.471093 -2.042335 -1.149851
v -2.493231 -1.977176 4.984253
v -2.588780 -1.457737 -1.315623
v -2.358818 -1.607483 -1.148324
v -2.495786 -1.499159 5.179199
v -2.661055 -1.322626 5.285678
v -2.502045 -0.882004 -1.818404
v -2.547723 -1.091570 -1.606990
v -2.333796 -0.993042 5.161323
v -2.586546 -0.994113 5.336341
v -2.500836 -0.300191 -2.300147
v -2.516702 -0.513552 -2.009999
v -2.284315 -0.488053 5.243740
v -2.550769 -0.488757 5.435245
v -2.697604 0.201928 -2.776636
v -2.515329 0.015404 -2.574074
v -2.344299 -0.017222 5.187141
v -2.505636 -0.022767 5.501665
v -2.499731 -0.017032 5.999981
v -2.500555 -0.005549 6.500320
v -2.500228 0.000416 6.999740
v -2.500317 0.003779 7.500562
v -2.499957 0.022487 8.000013
v -2.499921 0.010757 8.499861
v -2.500198 0.009075 8.999987
v -2.498190 0.015618 9.503828
v -2.494733 0.075135 9.988858
v -2.423742 0.137226 10.469101
v -2.595476 0.496399 -2.800953
v -2.348070 0.495654 -2.714359
v -2.493688 0.450287 10.649036
v -2.688701 0.600412 10.788714
v -2.429951 0.961885 -2.860764
v -2.263298 0.793101 -2.749137
v -2.471841 1.011337 10.665400
v -2.688299 0.794804 10.799042
v -2.533181 1.539082 -2.850146
v -2.354134 1.707650 -2.768514
v -2.505631 1.484321 10.337377
v -2.715593 1.763366 -2.756216
v -2.530591 1.980321 -2.634194
v -2.505568 1.997886 10.265875
v -2.497235 2.498005 -2.404958
v -2.497801 2.498182 10.372117
v -2.475936 3.002381 -2.382405
v -2.485618 2.997850 10.410071
v -2.444874 3.472865 -2.223799
v -2.577957 3.647883 -2.139480
v -2.264417 3.619506 10.252593
v -2.436815 3.473812 10.382031
v -2.261060 3.764913 -2.255417
v -2.474264 3.963658 -2.187351
v -2.292223 4.004684 10.209471
v -2.499517 3.999936 10.363256
v -2.506731 4.488332 -1.939601
v -2.426762 4.556304 10.311888
v -2.548069 4.404607 10.376298
v -2.496423 4.866736 -1.811356
v -2.558979 4.957802 -1.639546
v -2.499825 5.000548 10.089658
v -2.541274 5.505269 -1.332485
v -2.363270 5.646041 -1.177413
v -2.494145 5.616764 9.626558
v -2.499388 5.395568 9.850481
v -2.687679 5.841867 -1.292880
v -2.544629 5.981128 -1.084862
v -2.500073 5.999797 9.521983
v -2.505114 6.506926 -0.961990
v -2.355653 6.690700 9.205997
v -2.506112 6.527013 9.360286
v -2.445672 7.049649 -0.895636
v -2.252435 7.247898 -0.748418
v -2.492611 6.991878 9.100813
v -2.683595 6.801366 9.286713
v -2.564280 7.361753 -0.846477
v -2.449434 7.524088 -0.551660
v -2.333475 7.687437 -0.206125
v -2.403628 7.708617 8.177762
v -2.514339 7.632219 8.498511
v -2.501841 7.347223 8.863935
v -2.670060 7.802297 -0.308267
v -2.505614 7.974557 0.025729
v -2.289002 8.217606 0.267470
v -2.506269 8.082067 7.533839
v -2.545101 7.792905 7.988716
v -2.740927 7.760125 8.257302
v -2.615432 8.351635 0.151267
v -2.463368 8.575722 0.452857
v -2.352211 8.723139 0.852335
v -2.499494 8.670196 6.140806
v -2.488220 8.521591 6.483735
v -2.501300 8.455723 7.007295
v -2.496129 8.325053 7.331612
v -2.694500 8.784032 0.703510
v -2.498053 8.903303 0.991109
v -2.505242 9.058824 1.515117
v -2.501129 9.099570 2.003516
v -2.500926 9.195756 2.499580
v -2.552274 9.151337 2.990168
v -2.369230 9.214608 3.500541
v -2.277550 9.245716 3.784111
v -2.510899 9.171682 4.657725
v -2.519377 9.103970 4.986207
v -2.514346 8.962702 5.493637
v -2.501001 8.833086 5.916227
v -2.715814 9.250061 3.162609
v -2.611549 9.311536 3.492956
v -2.457409 9.375498 3.961105
v -2.501994 9.305306 4.414800
v -3.243726 -3.752548 1.706172
v -3.120128 -3.789361 2.000006
v -2.943716 -3.876758 2.442637
v -2.999790 -3.943749 3.000155
v -3.000576 -3.936081 3.500378
v -2.999427 -3.940117 4.000471
v -2.999659 -3.897120 4.500191
v -2.992632 -3.856007 4.856897
v -3.000004 -3.312482 -0.335329
v -3.008264 -3.489336 -0.052127
v -3.057074 -3.327560 0.491290
v -3.019001 -3.450541 1.014960
v -3.073052 -3.527214 1.555222
v -2.886885 -3.649601 2.015803
v -2.754229 -3.748599 2.252811
v -2.997470 -3.556923 5.100576
v -2.986639 -3.312806 5.333855
v -3.000514 -2.796923 -0.807870
v -2.999941 -3.025753 -0.586072
v -2.982214 -3.037417 5.424377
v -3.192843 -2.285644 -1.294824
v -3.084904 -2.525347 -0.914549
v -3.001309 -2.346334 5.185952
v -2.992312 -2.557003 5.359598
v -3.075331 -1.937382 -1.908689
v -2.943573 -2.095992 -1.483256
v -2.903188 -2.127060 -1.116472
v -3.057918 -2.007487 5.098034
v -3.174931 -1.894400 5.290860
v -3.027064 -1.499401 -1.923817
v -2.834001 -1.486880 -1.659000
v -2.858474 -1.639140 5.172637
v -2.990613 -1.506728 5.361575
v -3.201170 -0.812043 -2.292891
v -2.975001 -1.032416 -2.004057
v -2.750878 -1.248979 -1.748416
v -2.999470 -1.051105 5.536586
v -3.003175 -0.506853 -2.430966
v -2.853098 -0.660059 -2.175743
v -2.998401 -0.500269 5.557496
v -2.991522 0.075804 -2.861345
v -2.988649 -0.168305 -2.689721
v -3.001335 -0.031371 5.644427
v -2.999932 -0.024437 6.000137
v -3.000136 0.004616 6.499905
v -2.999884 0.009350 7.000098
v -2.999934 0.028094 7.499912
v -2.999881 0.030799 8.000121
v -3.000007 0.008810 8.499928
v -2.999880 -0.011050 8.999792
v -2.999590 -0.003103 9.500472
v -3.000466 0.064980 10.002279
v -3.039657 0.103397 10.531214
v -2.988692 0.495249 -2.918812
v -3.004178 0.462024 10.679671
v -2.841070 0.601895 10.780061
v -2.918199 0.950180 -3.064338
v -3.025751 0.991929 10.770016
v -2.841681 0.792035 10.800151
v -2.947186 1.558053 -2.947015
v -2.996908 1.501983 10.529092
v -2.981360 1.850253 -2.819251
v -2.992715 2.170720 -2.646910
v -2.995433 2.000856 10.472203
v -2.967375 2.422532 -2.311126
v -3.136679 2.622953 -2.151945
v -2.999356 2.499571 10.535203
v -2.971604 3.002537 -2.384335
v -3.185931 2.999562 -2.223110
v -3.002501 2.999269 10.558929
v -3.080980 3.470350 -2.217053
v -3.073590 3.504382 -2.195035
v -2.994864 3.506069 10.533855
v -3.252385 4.001147 -2.243580
v -3.004567 3.993076 -2.088672
v -2.999563 3.999639 10.433762
v -3.239806 4.262046 -2.255894
v -3.072828 4.383332 -1.946397
v -3.000088 4.699642 10.223535
v -3.003194 4.478433 10.389167
v -2.976915 5.007257 -1.810768
v -2.834842 5.162887 -1.691010
v -2.998217 4.992915 10.064640
v -3.126954 5.515395 -1.820185
v -2.947938 5.442467 -1.588923
v -2.908642 5.677541 9.692075
v -3.049767 5.489983 9.806852
v -3.252377 5.781398 -1.756324
v -3.092416 6.013908 -1.401076
v -2.784550 6.172694 -1.223349
v -3.040018 5.963549 9.615706
v -3.239659 5.756972 9.754652
v -3.100818 6.518727 -1.396066
v -2.855531 6.505403 -1.201373
v -3.188938 6.723822 9.237196
v -3.011903 6.531624 9.333735
v -3.207649 6.788424 -1.269936
v -3.019396 6.987460 -1.174606
v -3.024155 7.009849 9.115365
v -2.857456 6.798027 9.279127
v -3.024267 7.486164 -0.861243
v -2.873288 7.648689 -0.628172
v -3.101003 7.722714 8.214630
v -2.968056 7.601417 8.482918
v -3.001366 7.274110 8.778098
v -3.188264 7.807274 -0.830980
v -2.960158 8.011911 -0.517723
v -2.885101 8.127823 -0.159612
v -2.997082 8.174178 7.648972
v -2.964138 7.826857 8.009798
v -2.768969 7.758754 8.257383
v -3.221002 8.276580 -0.278900
v -3.027356 8.413559 -0.005599
v -2.994363 8.698805 0.357388
v -2.766059 8.737882 6.214348
v -2.882166 8.663165 6.488886
v -3.056857 8.549760 6.966791
v -2.997619 8.367924 7.370434
v -3.002613 8.811529 0.620739
v -2.999893 9.013981 0.999337
v -3.010646 9.162970 1.486595
v -2.843314 9.204839 1.998154
v -2.813057 9.180717 2.501767
v -2.782488 9.242314 2.826963
v -2.870122 9.239106 4.730320
v -2.903047 9.224302 5.000012
v -2.951844 9.106259 5.485680
v -2.898312 9.050609 6.044533
v -3.099064 8.992633 6.477957
v -3.224289 8.782186 6.788610
v -3.171353 9.294121 1.640033
v -3.080206 9.353005 1.994611
v -3.062528 9.309212 2.498441
v -2.971191 9.302108 2.996405
v -2.996185 9.388289 3.499409
v -3.001389 9.396878 4.003091
v -3.022180 9.322911 4.541315
v -3.152268 9.281956 4.999542
v -3.215241 9.245640 5.485083
v -3.218523 9.288641 5.997030
v -3.241617 9.259351 6.262377
v -3.720148 -3.763225 0.223845
v -3.644735 -3.813645 0.494929
v -3.562925 -3.869385 0.994690
v -3.466450 -3.844427 1.519441
v -3.487593 -3.950618 1.996560
v -3.497812 -3.991708 2.499695
v -3.501211 -3.964191 3.000146
v -3.499716 -3.987370 3.499905
v -3.498755 -3.994971 3.999991
v -3.499269 -3.954453 4.501961
v -3.499190 -3.910541 4.867547
v -3.485841 -3.392402 -0.405953
v -3.543576 -3.579415 0.041733
v -3.390031 -3.681008 0.500488
v -3.315334 -3.709100 0.997186
v -3.297247 -3.720626 1.368904
v -3.451063 -3.450943 5.053474
v -3.263573 -3.267465 5.260437
v -3.500160 -2.803650 -0.745085
v -3.495780 -3.094902 -0.656545
v -3.527842 -2.991194 5.073203
v -3.295297 -2.996824 5.288871
v -3.721117 -2.258315 -1.754437
v -3.535414 -2.299323 -1.494286
v -3.500078 -2.571765 -1.069998
v -3.538119 -2.450703 5.282528
v -3.328559 -2.588830 5.363323
v -3.614256 -2.169793 -1.984265
v -3.387348 -2.270748 -1.654683
v -3.520319 -2.045343 5.277857
v -3.301873 -1.915220 5.344516
v -3.506043 -1.464517 -2.161109
v -3.575733 -1.496496 5.188639
v -3.328258 -1.479810 5.325759
v -3.497913 -0.898097 -2.354640
v -3.498545 -1.133573 -2.182200
v -3.598175 -1.106349 5.169166
v -3.442509 -0.947933 5.311762
v -3.497782 -0.498135 -2.533509
v -3.550668 -0.515032 5.558787
v -3.517463 -0.022699 -2.888389
v -3.489456 -0.169456 -2.691901
v -3.496843 -0.045667 5.631803
v -3.500268 -0.030966 6.000457
v -3.499996 0.003358 6.499994
v -3.500556 0.014252 6.999897
v -3.500060 0.032097 7.500318
v -3.499221 0.063974 7.999827
v -3.499934 0.020852 8.500417
v -3.499567 -0.027905 8.999958
v -3.499899 -0.013146 9.500007
v -3.501723 0.053570 9.995418
v -3.499422 0.120302 10.399923
v -3.484112 0.420158 -3.092568
v -3.493933 0.479852 10.601250
v -3.592179 1.027096 -3.145990
v -3.491586 0.985353 10.561806
v -3.501970 1.558122 -3.019482
v -3.492068 1.515149 10.537650
v -3.535271 1.967540 -2.735897
v -3.359426 2.122710 -2.568467
v -3.487512 2.003587 10.655243
v -3.681828 2.495414 -2.779459
v -3.589715 2.425631 -2.414945
v -3.366214 2.555588 -2.057183
v -3.534709 2.464848 10.669688
v -3.700802 2.601416 10.766848
v -3.661131 2.833538 -2.788701
v -3.701248 2.972085 -2.473272
v -3.303388 3.017274 -2.129551
v -3.400206 3.001873 10.726535
v -3.670381 2.998091 10.828068
v -3.433507 3.485781 -2.406960
v -3.277571 3.356871 -2.263587
v -3.514388 3.499831 10.663722
v -3.691370 3.333447 10.783597
v -3.445751 3.997497 -2.462979
v -3.495690 4.001067 10.537080
v -3.491013 4.395659 -2.371412
v -3.433533 4.687963 -2.197558
v -3.499618 4.702660 10.219611
v -3.488438 4.478602 10.404513
v -3.441279 4.973561 -2.124430
v -3.499905 4.997721 10.074860
v -3.486221 5.524657 -2.055383
v -3.479326 5.527700 9.952975
v -3.450461 5.920944 -1.921333
v -3.482356 6.191824 -1.788656
v -3.498634 6.081563 9.664765
v -3.498535 5.835164 9.781417
v -3.506789 6.509714 -1.506236
v -3.309302 6.720227 9.230618
v -3.471323 6.554712 9.408588
v -3.494458 6.894131 -1.314304
v -3.492338 7.141751 -1.205404
v -3.485252 6.967111 9.093476
v -3.640253 6.782516 9.278605
v -3.495871 7.510433 -1.001142
v -3.329882 7.702110 8.202744
v -3.498591 7.610864 8.482334
v -3.502584 7.337505 8.804708
v -3.500478 7.793432 -0.791860
v -3.500345 8.042719 -0.546226
v -3.484260 8.100350 7.564469
v -3.504745 7.841675 8.009328
v -3.666124 7.765445 8.302927
v -3.500051 8.296470 -0.294782
v -3.470935 8.627867 -0.003392
v -3.323923 8.725436 0.284139
v -3.507377 8.669770 7.163893
v -3.502624 8.378622 7.368870
v -3.655638 8.775432 0.219867
v -3.499327 8.865745 0.478722
v -3.538069 9.155728 1.042372
v -3.399021 9.219892 1.311618
v -3.454824 9.255690 6.702840
v -3.463178 8.946804 6.924509
v -3.731953 9.253964 1.238705
v -3.533737 9.265933 1.493833
v -3.501367 9.435445 1.998757
v -3.503692 9.435129 2.499460
v -3.498839 9.498229 2.999779
v -3.510238 9.530661 3.500049
v -3.505338 9.514091 3.997204
v -3.517184 9.422071 4.498782
v -3.474599 9.490891 4.981803
v -3.431045 9.528665 5.514607
v -3.434045 9.488515 6.019084
v -3.477183 9.394112 6.408796
v -3.998424 -3.800167 0.150531
v -3.997628 -3.895329 0.494365
v -4.000037 -3.919750 1.000216
v -3.999847 -3.964428 1.499807
v -3.999978 -3.994054 1.999956
v -3.999162 -4.020386 2.500072
v -4.000005 -4.005925 2.999990
v -3.999599 -4.037849 3.498991
v -4.000532 -4.025480 4.001713
v -4.012119 -3.962310 4.542487
v -3.881554 -3.837859 4.844821
v -4.150841 -3.298024 -0.819432
v -3.969488 -3.482282 -0.568640
v -3.997013 -3.704566 -0.103106
v -4.216315 -3.513293 4.765424
v -3.953814 -3.511855 4.859858
v -4.001156 -3.007268 -0.848423
v -3.809151 -3.187063 -0.741506
v -4.214452 -3.001473 4.728958
v -3.982226 -2.994394 4.902381
v -3.764615 -2.255720 -1.753919
v -3.899781 -2.198665 -1.517526
v -4.000639 -2.525355 -1.045760
v -4.219900 -2.500270 4.739824
v -3.938146 -2.494807 4.877619
v -4.002779 -2.065577 -1.884453
v -4.091352 -2.184035 -1.685919
v -4.244663 -2.170579 4.749408
v -4.017719 -2.000932 4.851942
v -4.002270 -1.499778 -2.093975
v -3.991297 -1.494838 4.924719
v -4.003384 -0.911514 -2.323631
v -4.004097 -1.161859 -2.180627
v -3.966389 -0.969801 5.094767
v -3.770180 -0.773865 5.255191
v -4.002705 -0.498100 -2.509858
v -4.079449 -0.499739 5.149818
v -3.836870 -0.502026 5.331525
v -4.010833 0.188624 -2.707881
v -3.996930 -0.088396 -2.682725
v -4.157419 -0.040616 5.179336
v -3.996370 -0.044038 5.492042
v -3.999827 -0.027255 6.000101
v -4.000031 0.004600 6.499940
v -3.999975 0.039456 6.999656
v -3.999979 0.041767 7.500014
v -4.000815 0.052370 7.999853
v -4.000037 0.017962 8.500289
v -3.999818 -0.033487 9.000098
v -4.000115 -0.014743 9.500064
v -4.001460 0.055946 10.003444
v -4.002864 0.187103 10.307660
v -4.008598 0.511004 -2.783258
v -4.010221 0.492548 10.447595
v -4.004512 1.003292 -2.833117
v -3.990194 1.011577 10.577134
v -4.001632 1.499608 -2.870389
v -3.986853 1.515652 10.472655
v -3.953293 1.993109 -2.897470
v -4.012172 1.963672 10.727726
v -4.014249 2.501430 -2.859476
v -4.045349 2.464329 10.788098
v -3.886072 2.604697 10.796764
v -4.018176 2.995479 -2.827494
v -3.843903 3.173173 -2.656547
v -4.223931 2.756405 10.751216
v -4.028720 2.942582 10.836354
v -4.201233 3.328382 -2.775182
v -4.012416 3.518594 -2.702129
v -3.871975 3.663642 10.729737
v -4.005832 3.513371 10.830495
v -3.998398 4.025543 -2.438973
v -4.023696 3.967239 10.669035
v -4.206257 3.781924 10.772848
v -3.941425 4.474001 -2.236130
v -3.802304 4.698370 -2.169445
v -3.905149 4.718891 10.225549
v -4.030509 4.579882 10.424597
v -4.148224 4.866353 -2.319920
v -4.003596 5.093367 -2.234662
v -4.047002 4.928289 10.071318
v -4.238127 4.752031 10.252099
v -4.011194 5.521895 -2.089397
v -4.014612 5.510922 9.928493
v -3.994138 5.937137 -1.902966
v -4.000003 6.164211 -1.677957
v -4.000115 6.134635 9.711459
v -3.999795 5.886328 9.792502
v -3.992322 6.448036 -1.385443
v -4.011614 6.540358 9.545871
v -4.007614 6.915219 -1.320080
v -4.006383 7.181089 -1.235573
v -3.993192 7.090946 9.154528
v -4.000316 6.828116 9.316388
v -4.033876 7.563783 -0.986912
v -4.187228 7.736265 -0.749540
v -3.999835 7.714939 8.675638
v -3.998078 7.439840 8.879701
v -3.836911 7.793582 -0.787512
v -4.033688 8.006728 -0.509190
v -4.228169 8.244257 -0.247215
v -3.997795 8.110992 7.578996
v -3.993830 7.986364 8.007572
v -3.997648 7.839780 8.408128
v -3.892929 8.302958 -0.304689
v -4.048730 8.549977 -0.043376
v -4.153621 8.728328 0.284200
v -4.000702 8.599650 7.120091
v -4.006497 8.343829 7.333146
v -3.816443 8.785361 0.214177
v -3.992775 8.957681 0.431076
v -3.949339 9.295488 1.033567
v -4.094654 9.214340 1.315652
v -4.184220 9.186391 2.664396
v -4.190008 9.186101 3.000359
v -4.227145 9.218368 3.280094
v -4.001094 9.193923 6.631549
v -3.998441 8.937332 6.880424
v -3.763919 9.260150 1.239178
v -3.951188 9.229764 1.498363
v -4.001705 9.424233 1.993807
v -4.042684 9.417045 2.508024
v -3.971456 9.440776 2.992182
v -4.107850 9.538344 3.416836
v -3.991809 9.717725 4.002721
v -3.986503 9.643143 4.507292
v -4.002162 9.564695 4.998955
v -4.014280 9.601063 5.510349
v -4.011198 9.453742 6.008977
v -3.999122 9.291369 6.376228
v -4.732962 -3.753433 -0.259820
v -4.539897 -3.801424 -0.010330
v -4.499257 -3.914670 0.499168
v -4.500377 -3.953739 1.000486
v -4.499982 -3.991565 1.499997
v -4.499815 -3.998220 2.000581
v -4.500135 -4.027291 2.499868
v -4.499908 -4.025336 2.999981
v -4.500292 -4.029063 3.500278
v -4.503172 -4.001530 4.003211
v -4.507401 -3.964707 4.313671
v -4.503592 -3.348351 -0.905098
v -4.537261 -3.629920 -0.462240
v -4.402860 -3.706664 -0.179243
v -4.567506 -3.503944 4.547197
v -4.680104 -2.804512 -1.840207
v -4.512909 -2.984374 -1.526342
v -4.560933 -3.017297 -1.136606
v -4.495487 -3.001058 4.520973
v -4.635906 -2.501187 -1.872769
v -4.420401 -2.498572 -1.508554
v -4.341549 -2.657865 -1.181709
v -4.498215 -2.499636 4.563944
v -4.747645 -1.756226 -2.251644
v -4.507220 -2.003366 -2.053036
v -4.318707 -2.183701 -1.682587
v -4.466659 -2.002172 4.653817
v -4.256006 -1.837102 4.757158
v -4.682030 -1.495296 -2.259236
v -4.430704 -1.494438 -2.156632
v -4.504179 -1.500697 4.581605
v -4.253834 -1.500137 4.743229
v -4.494435 -1.021844 -2.341265
v -4.318559 -1.211437 -2.225234
v -4.601722 -1.000457 4.654955
v -4.351577 -1.000378 4.831122
v -4.498626 -0.503532 -2.557478
v -4.683537 -0.497442 4.706945
v -4.410560 -0.499377 4.895042
v -4.500092 0.237693 -2.760084
v -4.499920 -0.011015 -2.684531
v -4.679007 -0.045201 4.687767
v -4.508314 -0.043996 5.006322
v -4.500337 -0.048550 5.500070
v -4.500642 -0.033762 6.000543
v -4.500146 -0.002984 6.499808
v -4.500876 0.003410 6.999936
v -4.501098 0.015646 7.499746
v -4.500363 0.019541 7.999973
v -4.500450 0.001188 8.500547
v -4.500005 -0.032972 9.000294
v -4.499987 -0.008530 9.500268
v -4.498371 0.090096 10.045128
v -4.326527 0.231645 10.270277
v -4.500542 0.494524 -2.812450
v -4.685786 0.339572 10.281265
v -4.499402 0.517196 10.314212
v -4.497598 0.997432 -2.866831
v -4.736384 1.179884 10.252913
v -4.556381 0.996201 10.348815
v -4.496574 1.498457 -2.891665
v -4.704198 1.403049 10.199877
v -4.542831 1.540644 10.351815
v -4.496976 1.999692 -2.900539
v -4.733142 2.087876 10.231161
v -4.608215 1.951175 10.454143
v -4.497447 2.505456 -2.884748
v -4.733122 2.320718 10.229253
v -4.526056 2.489602 10.436210
v -4.500012 3.004475 -2.840125
v -4.548627 2.934442 10.648610
v -4.382394 3.066965 10.850225
v -4.499081 3.410167 -2.778842
v -4.499713 3.658196 -2.731527
v -4.685132 3.520453 10.763636
v -4.398408 3.554143 10.891565
v -4.496650 4.009118 -2.660852
v -4.477495 3.955350 10.636859
v -4.303630 3.784747 10.775321
v -4.499416 4.507041 -2.443112
v -4.599767 4.732048 10.235366
v -4.469837 4.577260 10.431414
v -4.501890 4.873711 -2.300898
v -4.502796 5.126325 -2.217107
v -4.693699 5.215861 9.715962
v -4.468272 4.958273 9.980561
v -4.265529 4.752229 10.252256
v -4.506021 5.503080 -2.100612
v -4.627801 5.500166 9.695980
v -4.382865 5.500044 9.799355
v -4.510410 5.935714 -1.903737
v -4.500561 6.139716 -1.663663
v -4.493517 6.002268 9.706972
v -4.316015 5.829399 9.781553
v -4.520856 6.508070 -1.357001
v -4.713536 6.735585 -1.237675
v -4.479253 6.534231 9.628300
v -4.385227 6.827056 -1.302363
v -4.536045 7.016005 -1.221330
v -4.501655 7.128733 9.153051
v -4.503188 6.871412 9.316064
v -4.504350 7.380046 -0.862267
v -4.494741 7.661753 -0.665485
v -4.652036 7.694272 3.138387
v -4.716086 7.709029 3.277244
v -4.291167 7.735529 8.730483
v -4.466383 7.559714 8.946009
v -4.483148 7.898623 -0.385654
v -4.490511 8.179719 -0.165124
v -4.679510 8.081456 2.664001
v -4.559143 7.895266 2.937322
v -4.677801 7.990895 3.327926
v -4.500964 8.124777 7.571088
v -4.499580 8.039228 8.000623
v -4.463490 7.887937 8.549523
v -4.619526 7.813348 8.811162
v -4.502982 8.422566 0.037916
v -4.505492 8.677603 0.355575
v -4.630036 8.536490 2.624894
v -4.587265 8.500385 2.999775
v -4.643691 8.482045 3.372616
v -4.492166 8.577940 7.054530
v -4.505076 8.371603 7.367490
v -4.527044 8.901613 0.595364
v -4.500086 9.070916 0.999976
v -4.500491 9.153079 1.380983
v -4.508605 9.002284 2.562943
v -4.405244 8.941916 3.000263
v -4.461303 9.023810 3.454759
v -4.739950 9.240969 5.235134
v -4.742254 9.248076 5.272816
v -4.580534 9.152711 6.104430
v -4.462914 9.086933 6.460555
v -4.497109 8.812804 6.809771
v -4.499880 9.333464 1.604470
v -4.468130 9.508544 2.001766
v -4.500211 9.337223 2.361919
v -4.511791 9.382788 3.594046
v -4.557405 9.753655 3.946188
v -4.519630 9.625951 4.539066
v -4.496209 9.302443 5.045688
v -4.569624 9.412194 5.449696
v -4.447048 9.268845 5.955535
v -4.259525 9.256962 6.258541
v -5.000582 -3.777620 -0.360159
v -5.001319 -3.861725 0.002116
v -4.998815 -3.970088 0.498950
v -5.000775 -4.009375 1.000303
v -5.000007 -4.026409 1.499998
v -5.000364 -3.999893 1.999762
v -4.999996 -4.020985 2.499835
v -5.000492 -4.035626 3.000248
v -5.000942 -4.007222 3.500931
v -5.004561 -3.884992 4.028102
v -4.756695 -3.757480 4.255184
v -4.994263 -3.456258 -1.002688
v -4.997058 -3.697261 -0.614892
v -4.980338 -3.501098 3.998357
v -4.759901 -3.499554 4.259194
v -4.955600 -2.914045 -1.951072
v -4.995027 -3.147575 -1.510912
v -5.000409 -3.234445 -1.233821
v -5.035958 -2.994701 4.059590
v -4.789283 -2.997125 4.274737
v -5.133373 -2.405625 -2.350387
v -4.961479 -2.556474 -2.164631
v -5.096651 -2.497295 4.116877
v -4.860820 -2.501315 4.337203
v -4.986543 -1.952885 -2.377655
v -4.780281 -2.096602 -2.226197
v -5.097951 -2.003481 4.116472
v -4.882844 -1.999605 4.358700
v -5.015742 -1.495299 -2.460290
v -5.149763 -1.488670 4.164676
v -4.927722 -1.501777 4.367120
v -5.020372 -0.993305 -2.538977
v -5.235545 -1.187836 4.240620
v -5.034965 -1.011362 4.368736
v -5.001192 -0.499370 -2.652545
v -5.262208 -0.054390 4.395667
v -5.036449 -0.543908 4.454379
v -5.001077 0.134097 -2.748086
v -5.002581 -0.114812 -2.708336
v -5.190298 -0.044933 4.210835
v -5.017671 -0.056455 4.513447
v -4.999821 -0.038982 4.999974
v -4.999979 -0.027244 5.499942
v -4.999979 -0.007086 5.999855
v -4.999771 -0.029086 6.499255
v -4.999727 -0.044917 6.999804
v -4.999108 -0.046828 7.500662
v -5.000639 -0.023442 8.000080
v -4.998596 -0.053096 8.499459
v -4.999037 -0.050821 9.000518
v -4.998802 -0.024435 9.504352
v -5.002756 0.137778 9.925524
v -5.000101 0.499544 -2.787137
v -4.999269 0.482613 10.217818
v -4.804873 0.693866 10.294607
v -5.002726 0.994232 -2.859044
v -4.989559 1.005748 10.267369
v -4.805567 0.842972 10.284554
v -5.000736 1.499814 -2.905465
v -4.981542 1.546735 10.171410
v -4.769280 1.740107 10.233800
v -5.001249 2.001557 -2.892016
v -5.036038 1.985857 10.161371
v -5.038731 1.985550 10.162125
v -5.001714 2.503012 -2.880719
v -4.921350 2.339202 10.185133
v -5.051223 2.494894 10.285545
v -5.000308 3.003874 -2.835813
v -4.996883 3.016211 10.331127
v -5.000898 3.421455 -2.791763
v -5.001026 3.671735 -2.747365
v -4.978712 3.498331 10.452186
v -5.001735 4.009256 -2.645179
v -4.969732 3.991626 10.407562
v -4.999320 4.510491 -2.433906
v -5.000031 4.700470 10.238218
v -4.999079 4.442988 10.338876
v -5.000050 4.812229 -2.270979
v -5.000469 5.067610 -2.190970
v -4.852449 5.209951 9.709450
v -5.015586 5.022236 9.936649
v -5.004005 5.510138 -2.008960
v -5.025125 5.453977 9.604122
v -5.189147 5.285183 9.758895
v -5.000631 5.853782 -1.818841
v -5.003732 6.112579 -1.668534
v -5.002186 5.997295 9.604870
v -4.998827 6.440019 -1.379457
v -5.000188 6.710380 -1.228728
v -5.186490 6.680964 9.214410
v -5.059807 6.541187 9.458665
v -5.011816 7.003294 -1.178278
v -5.032051 7.026206 9.188889
v -4.877830 6.896455 9.350243
v -5.024145 7.565353 -1.025439
v -4.998476 7.675902 -0.647761
v -5.131974 7.530903 3.374967
v -5.004347 7.575759 3.407990
v -5.195774 7.727810 8.718185
v -5.026116 7.581464 8.961544
v -4.989250 7.920508 -0.445175
v -5.010634 8.154085 -0.013889
v -5.134219 8.149359 0.418074
v -4.992872 8.016323 2.605885
v -5.026103 7.729070 2.652604
v -4.975480 7.994376 3.464682
v -5.005128 8.123868 7.547530
v -4.998487 7.998708 7.994544
v -5.012776 7.854146 8.526687
v -4.866074 7.787380 8.787871
v -4.828581 8.334170 0.136367
v -4.976049 8.460561 0.552110
v -5.119235 8.587779 0.873719
v -5.000167 8.502864 2.571333
v -4.997345 8.421675 3.683166
v -5.098397 8.682808 6.663883
v -4.933159 8.502691 6.923872
v -4.999226 8.301272 7.319572
v -4.790311 8.782596 0.698279
v -4.971143 8.871857 1.025084
v -5.012598 9.195863 1.321216
v -5.004883 9.006454 2.523432
v -5.001116 9.004605 3.702634
v -5.234270 9.245782 4.727244
v -5.041789 9.236022 5.044425
v -4.991386 9.198341 5.461774
v -4.967506 9.086624 5.956644
v -4.971856 8.876575 6.524297
v -4.765651 8.753921 6.755171
v -5.007711 9.390023 1.606610
v -5.025745 9.593525 1.978569
v -5.003271 9.376032 2.360096
v -5.001532 9.279501 3.727153
v -4.996909 9.391618 4.001826
v -5.029995 9.349393 4.531985
v -4.901141 9.284924 4.897167
v -4.839263 9.325494 5.601030
v -4.820118 9.297315 5.803233
v -5.715289 -3.774874 -1.321758
v -5.619225 -3.821672 -0.995451
v -5.462327 -3.882708 -0.531134
v -5.498584 -4.022113 -0.000596
v -5.497072 -4.094230 0.499223
v -5.496848 -4.122102 0.999623
v -5.499380 -4.080683 1.500971
v -5.499568 -3.996768 1.997972
v -5.499112 -3.987275 2.499952
v -5.500141 -3.996969 2.999932
v -5.537656 -3.956765 3.571366
v -5.390541 -3.797884 3.793642
v -5.663462 -3.392003 -4.000000
v -5.663632 -3.392415 -3.500000
v -5.661392 -3.398191 -3.000081
v -5.641258 -3.399963 -2.500320
v -5.656820 -3.371369 -2.009401
v -5.641507 -3.461235 -1.453347
v -5.342890 -3.541053 -1.041448
v -5.265139 -3.738757 -0.722159
v -5.716307 -3.723363 3.738040
v -5.528141 -3.534126 3.813366
v -5.548206 -3.001024 -4.000000
v -5.548120 -3.000558 -3.500000
v -5.534323 -2.998819 -2.999690
v -5.474054 -2.993012 -2.494047
v -5.338770 -3.031642 -2.049665
v -5.306758 -3.168124 -1.497356
v -5.258882 -3.214718 -1.226160
v -5.502067 -2.986555 3.847544
v -5.495204 -2.499765 -4.000000
v -5.495185 -2.499442 -3.500000
v -5.475924 -2.497168 -2.996958
v -5.356330 -2.524808 -2.485500
v -5.256667 -2.737295 -2.241187
v -5.500855 -2.500877 3.985696
v -5.506385 -2.000097 -4.000000
v -5.506283 -2.001179 -3.500000
v -5.441655 -1.999608 -2.995158
v -5.312834 -1.999165 -2.664225
v -5.498283 -2.007808 3.962218
v -5.572627 -1.498216 -4.000000
v -5.571949 -1.501985 -3.499999
v -5.454693 -1.500986 -2.991532
v -5.294009 -1.498704 -2.699691
v -5.454394 -1.471902 3.938885
v -5.673475 -1.117336 -4.000000
v -5.684977 -1.088248 -3.499998
v -5.545684 -0.971523 -3.029887
v -5.277028 -0.999921 -2.725366
v -5.468998 -1.006051 4.152108
v -5.301637 -0.854725 4.276199
v -5.530978 -0.504087 -2.872061
v -5.266643 -0.499968 -2.741035
v -5.509613 -0.527058 4.178131
v -5.311701 -0.717711 4.296197
v -5.452630 -0.039170 -2.797313
v -5.255622 -0.232231 -2.748510
v -5.486693 -0.022202 4.166580
v -5.500800 -0.040891 4.499778
v -5.499797 -0.018656 4.999777
v -5.499799 -0.008245 5.499947
v -5.500037 -0.005831 6.000023
v -5.499843 -0.016321 6.500392
v -5.499329 -0.059347 6.999483
v -5.500137 -0.060893 7.499912
v -5.498991 -0.073457 7.999713
v -5.499937 -0.066097 8.500184
v -5.500903 -0.060449 9.000628
v -5.507739 0.005685 9.515803
v -5.506897 0.187655 9.829470
v -5.499988 0.499993 -2.774635
v -5.514586 0.479629 10.043530
v -5.502014 0.995371 -2.819817
v -5.473267 1.006943 10.111061
v -5.507152 1.497344 -2.875663
v -5.503106 1.498720 10.222967
v -5.504003 2.003655 -2.872067
v -5.433476 2.041767 10.168086
v -5.251510 2.233887 10.245401
v -5.505857 2.503279 -2.830467
v -5.572021 2.502951 10.197475
v -5.338153 2.479367 10.346977
v -5.539407 3.017787 -2.790409
v -5.727478 3.194633 -2.750294
v -5.669604 3.000634 10.214715
v -5.438683 2.997918 10.348748
v -5.395151 3.341073 -2.776549
v -5.537989 3.506924 -2.732968
v -5.716227 3.500004 10.244792
v -5.460605 3.485819 10.239118
v -5.503679 4.008033 -2.602414
v -5.740646 3.757007 10.246466
v -5.545888 3.964707 10.259772
v -5.489314 4.540175 -2.381645
v -5.630568 4.696395 -2.210516
v -5.500067 4.641889 10.216721
v -5.498768 4.394110 10.308853
v -5.298622 4.783896 -2.264958
v -5.474125 4.964270 -2.091938
v -5.498669 4.994418 10.009139
v -5.468233 5.463785 -1.813077
v -5.629688 5.615337 -1.682112
v -5.483999 5.646698 9.740286
v -5.505407 5.383279 9.781198
v -5.310802 5.785758 -1.772237
v -5.490123 5.978268 -1.633019
v -5.729251 6.234072 9.230964
v -5.531274 6.032155 9.452043
v -5.496161 6.395319 -1.334612
v -5.496174 6.657239 -1.171151
v -5.519085 6.484531 9.142764
v -5.383240 6.341465 9.316905
v -5.500437 7.016126 -1.073800
v -5.501274 6.984795 8.997679
v -5.530257 7.360806 -0.837181
v -5.478022 7.555480 -0.551967
v -5.324223 7.600898 3.096324
v -5.323109 7.600324 3.309739
v -5.500622 7.677987 8.684744
v -5.498433 7.446455 8.854159
v -5.499473 7.819011 -0.329066
v -5.488331 7.867182 -0.016392
v -5.460680 8.061161 0.605453
v -5.609623 8.236667 0.764773
v -5.320453 8.101767 2.702309
v -5.386849 7.959340 2.958119
v -5.425676 7.952442 3.369827
v -5.506678 8.176941 7.622879
v -5.510530 8.065420 7.993347
v -5.502191 7.897915 8.455595
v -5.272503 8.248902 0.751139
v -5.466182 8.476725 0.992685
v -5.653674 8.700533 1.301308
v -5.373127 8.499207 2.650514
v -5.544370 8.495509 2.984457
v -5.572270 8.261190 3.570546
v -5.745274 8.747086 6.241166
v -5.530985 8.633758 6.483403
v -5.504243 8.394326 6.984340
v -5.501156 8.288846 7.380516
v -5.323920 8.809147 1.208761
v -5.510563 9.002203 1.392905
v -5.503994 9.032981 2.565275
v -5.546489 9.099759 2.954560
v -5.477988 9.043982 3.558673
v -5.575529 9.201344 4.003125
v -5.483747 9.159383 4.538751
v -5.525753 9.069353 5.001324
v -5.492283 8.968974 5.479832
v -5.545813 8.857983 6.044846
v -5.416673 8.814762 6.348950
v -5.508037 9.336065 1.666684
v -5.528481 9.471761 1.976167
v -5.536393 9.347539 2.551655
v -5.733811 9.269344 2.784229
v -5.292290 9.274021 3.724629
v -5.327739 9.319551 4.000563
v -5.289786 9.256662 4.390044
v -6.246535 -4.251378 -0.258773
v -6.194010 -4.270061 -0.000660
v -6.129170 -4.295626 0.499378
v -6.161772 -4.285345 0.890716
v -6.065328 -3.898682 -4.000000
v -6.065001 -3.898466 -3.500000
v -6.058646 -3.897520 -3.000282
v -6.057585 -3.893904 -2.499533
v -6.042035 -3.918791 -2.004716
v -5.938184 -3.942944 -1.507683
v -5.976955 -4.081769 -1.009561
v -6.038548 -4.186687 -0.459881
v -5.941760 -4.197938 -0.000856
v -5.880055 -4.223262 0.499218
v -5.994585 -4.236118 1.035663
v -5.998590 -4.142095 1.502973
v -6.000752 -4.011031 1.997319
v -5.999999 -3.979563 2.500040
v -6.000069 -3.973189 2.999870
v -5.974084 -3.931790 3.562052
v -6.112774 -3.784734 3.796202
v -5.807041 -3.657015 -4.000000
v -5.807221 -3.657257 -3.500000
v -5.798916 -3.665059 -3.001589
v -5.795714 -3.668579 -2.497170
v -5.812385 -3.653254 -2.000105
v -5.797636 -3.687227 -1.654785
v -5.784012 -3.724334 3.741949
v -5.974552 -3.543041 3.849108
v -6.003264 -2.998617 3.920557
v -6.007824 -2.495711 3.994951
v -6.008963 -2.003804 4.032595
v -6.028731 -1.493213 4.037462
v -5.806192 -0.859886 -4.000000
v -5.816158 -0.845361 -3.499994
v -5.763255 -0.778274 -3.230304
v -5.998998 -1.000028 4.123708
v -6.061977 -0.578497 -4.000000
v -6.060070 -0.580132 -3.499995
v -5.949870 -0.456121 -3.153391
v -6.035421 -0.523631 3.967544
v -6.004297 -0.014310 -2.868136
v -5.981819 0.008252 4.175438
v -5.999725 -0.011930 4.500106
v -6.000020 -0.009792 5.000011
v -5.999978 0.007722 5.499539
v -5.999966 0.009010 6.000085
v -5.999688 -0.000294 6.500335
v -6.000525 -0.033589 6.999848
v -5.999939 -0.047257 7.500192
v -6.000568 -0.081807 7.999302
v -6.000636 -0.071520 8.500755
v -6.000145 -0.039335 9.000864
v -6.001050 0.056631 9.514714
v -6.004114 0.233662 9.773915
v -5.959349 0.469073 -2.744571
v -6.099594 0.617486 -2.717280
v -5.965965 0.434388 10.041546
v -5.847082 0.997972 -2.775337
v -6.096198 0.999398 -2.730262
v -5.996776 0.999654 10.152522
v -5.958553 1.499008 -2.792714
v -6.206074 1.499694 -2.742981
v -6.014586 1.508799 10.142002
v -5.970534 2.001299 -2.803915
v -6.217379 2.000441 -2.751962
v -5.998887 2.004174 10.052271
v -5.869259 2.501032 -2.771885
v -6.119260 2.500643 -2.736066
v -6.008075 2.530746 10.158980
v -6.177037 2.708274 10.254333
v -5.785795 2.861200 -2.757980
v -5.974971 3.018251 -2.719314
v -5.845222 3.001129 10.194788
v -6.099180 3.000278 10.268859
v -6.010407 3.507505 -2.632026
v -5.889684 3.499720 10.254825
v -6.133545 3.507070 10.311773
v -6.005217 4.007053 -2.464596
v -5.901451 3.757069 10.254225
v -6.040227 3.952882 10.280097
v -6.001234 4.338289 -2.300838
v -6.001179 4.588514 -2.181114
v -6.002628 4.568936 10.238030
v -6.000891 4.307905 10.290391
v -5.999414 5.008724 -1.975926
v -6.014735 5.045050 10.039842
v -6.007380 5.312877 -1.760610
v -6.014612 5.566909 -1.625124
v -6.004607 5.627176 9.760984
v -6.019029 5.388158 9.845477
v -6.000198 5.999937 -1.534797
v -5.814026 6.230908 9.228697
v -5.983862 6.062764 9.441548
v -5.997279 6.430798 -1.364670
v -5.997951 6.677940 -1.204759
v -5.968499 6.400284 9.069598
v -6.149316 6.260664 9.256507
v -5.989383 7.033630 -1.049155
v -6.019092 7.025259 8.981366
v -5.989492 7.310696 -0.799942
v -6.007828 7.515674 -0.502523
v -5.995765 7.605869 8.738409
v -6.002402 7.367709 8.817205
v -5.998744 7.780107 -0.282225
v -5.987369 7.912373 -0.003559
v -6.005388 8.030999 0.521119
v -5.999203 8.203895 0.797249
v -5.875097 8.281398 7.721186
v -6.013888 8.298059 7.990475
v -6.000742 8.017995 8.531550
v -5.995184 8.373822 1.067138
v -5.994761 8.635864 1.389111
v -6.210109 8.728625 4.714356
v -6.183638 8.747126 5.003937
v -6.162982 8.703620 5.319038
v -5.768800 8.747019 6.241167
v -5.959886 8.638829 6.467106
v -6.002185 8.416862 7.005480
v -6.041025 8.331254 7.532714
v -6.233637 8.262451 7.761553
v -5.965062 8.991812 1.619165
v -6.031790 9.109211 2.000638
v -6.043110 9.143027 2.498806
v -5.964223 9.118995 2.973312
v -6.029210 9.074164 3.488610
v -5.997404 8.995041 3.998056
v -6.002507 8.803383 4.511571
v -5.918504 8.798223 5.000407
v -6.004707 8.810795 5.492543
v -5.961531 8.808492 6.045141
v -6.101321 8.776904 6.276926
v -5.763242 9.257807 1.741903
v -5.801261 9.289156 2.000687
v -5.791369 9.297592 2.499278
v -5.758096 9.270120 2.785053
v -6.499838 -4.264538 -0.368123
v -6.499026 -4.312111 -0.002029
v -6.498426 -4.349326 0.500136
v -6.499092 -4.305625 0.980663
v -6.494555 -4.069438 -4.000000
v -6.494597 -4.069446 -3.500000
v -6.494392 -4.071434 -3.000096
v -6.495040 -4.068913 -2.499738
v -6.496478 -4.080269 -2.001035
v -6.498791 -4.120431 -1.501459
v -6.497852 -4.202238 -1.003048
v -6.499668 -4.237168 -0.618203
v -6.499823 -4.255006 1.229333
v -6.500058 -4.176054 1.503645
v -6.500178 -4.015068 1.994088
v -6.500077 -3.972343 2.499851
v -6.499918 -3.974884 3.000520
v -6.500894 -3.912140 3.503169
v -6.500352 -3.853684 3.810492
v -6.512616 -3.479958 3.883617
v -6.508163 -2.990664 4.053436
v -6.499389 -2.535974 4.224852
v -6.687070 -2.377419 4.301296
v -6.389727 -2.000001 4.190781
v -6.635001 -2.000041 4.291711
v -6.328452 -1.501529 4.240931
v -6.576179 -1.501609 4.359233
v -6.383065 -0.993032 4.265183
v -6.652016 -0.985172 4.352635
v -6.417888 -0.337078 -4.000000
v -6.396195 -0.349127 -3.499986
v -6.306841 -0.276946 -3.211655
v -6.544557 -0.547745 4.152943
v -6.740595 -0.743981 4.252383
v -6.672370 -0.210937 -4.000000
v -6.643992 -0.223818 -3.499988
v -6.513901 -0.014183 -2.952926
v -6.705424 0.245059 -2.746376
v -6.519698 -0.170932 4.045050
v -6.499230 0.033583 4.500756
v -6.500196 0.007448 4.999875
v -6.499723 0.017669 5.499772
v -6.500102 0.013728 5.999930
v -6.499682 0.022537 6.500049
v -6.500050 -0.004226 7.000859
v -6.499983 -0.043887 7.500385
v -6.499979 -0.061603 8.000000
v -6.500017 -0.049707 8.500119
v -6.500805 -0.035933 9.000302
v -6.501865 0.062410 9.516067
v -6.500820 0.208322 9.799174
v -6.371792 0.282990 -2.752235
v -6.520828 0.464975 -2.682850
v -6.552853 0.426534 10.106222
v -6.495771 1.000108 -2.619800
v -6.564351 1.012406 10.190303
v -6.505364 1.498100 -2.662021
v -6.487240 1.487211 9.929513
v -6.503889 2.001066 -2.668321
v -6.489603 2.007175 9.934217
v -6.503949 2.500483 -2.631137
v -6.486598 2.478043 10.107974
v -6.501595 2.673077 10.298972
v -6.507288 3.006017 -2.524626
v -6.499080 2.993875 10.392651
v -6.517814 3.491790 -2.338364
v -6.721046 3.655303 -2.228162
v -6.582494 3.665962 10.202706
v -6.453195 3.522049 10.295156
v -6.367028 4.011073 -2.329154
v -6.611950 4.004134 -2.227121
v -6.501072 3.998009 10.174450
v -6.258128 3.998800 10.263788
v -6.250924 4.250597 -2.250169
v -6.450674 4.450647 -2.144583
v -6.447272 4.451139 10.087749
v -6.254454 4.255358 10.252786
v -6.500786 5.001790 -1.930381
v -6.588921 5.129063 9.667497
v -6.455254 4.981082 9.843214
v -6.501455 5.323103 -1.789062
v -6.501452 5.571592 -1.660633
v -6.441883 5.458422 9.583616
v -6.252791 5.263029 9.749751
v -6.508572 6.016041 -1.526425
v -6.688454 6.251877 9.259711
v -6.527156 6.082420 9.458947
v -6.502920 6.399362 -1.339407
v -6.499920 6.643267 -1.180939
v -6.510327 6.435580 9.064759
v -6.339211 6.287025 9.272608
v -6.509933 7.015746 -1.008223
v -6.568651 7.120764 8.635531
v -6.439188 6.964872 8.748397
v -6.504480 7.305534 -0.799183
v -6.455048 7.490615 -0.419682
v -6.646020 7.694420 -0.174813
v -6.475226 7.456441 8.643134
v -6.260448 7.264150 8.755012
v -6.314433 7.779457 -0.282329
v -6.527534 7.972977 -0.056170
v -6.521343 8.058988 0.432287
v -6.483452 8.140972 0.890536
v -6.586940 8.167177 7.600234
v -6.468244 8.115988 7.966099
v -6.507546 7.874743 8.364318
v -6.481377 8.287942 1.134761
v -6.494494 8.587675 1.508780
v -6.642432 8.673009 1.897080
v -6.731204 8.751005 2.662467
v -6.674833 8.687457 2.997336
v -6.705580 8.744501 3.496618
v -6.655654 8.720863 4.003293
v -6.473333 8.637193 4.520471
v -6.498035 8.629022 4.997389
v -6.515359 8.555516 5.414882
v -6.724458 8.753776 6.245068
v -6.533860 8.629121 6.474688
v -6.499832 8.341101 6.999711
v -6.452898 8.265934 7.460385
v -6.255565 8.253509 7.761358
v -6.326602 8.810202 1.680723
v -6.479574 8.828948 2.040423
v -6.535881 8.864321 2.495145
v -6.435596 8.850170 3.000153
v -6.438612 8.853413 3.501374
v -6.397150 8.804324 3.999687
v -6.311893 8.771626 4.376909
v -6.497673 8.819494 5.587193
v -6.527708 8.911318 6.100865
v -6.388548 8.769384 6.273439
v -7.000052 -4.283538 -0.449831
v -7.000027 -4.324734 -0.000459
v -7.000430 -4.352777 0.500451
v -7.001145 -4.305436 0.954649
v -7.000071 -4.099328 -4.000000
v -7.000069 -4.099328 -3.500000
v -7.000072 -4.100239 -3.000024
v -7.000042 -4.099602 -2.499871
v -6.999965 -4.098797 -1.999927
v -6.999966 -4.137028 -1.499647
v -7.000276 -4.212456 -1.001298
v -7.000126 -4.246746 -0.698838
v -7.000827 -4.249108 1.204549
v -7.001588 -4.162095 1.504764
v -6.998872 -4.008024 1.996949
v -7.000449 -3.966399 2.499810
v -7.001801 -3.939462 3.001764
v -7.000525 -3.854399 3.500853
v -7.002696 -3.794438 3.776546
v -6.992525 -3.529063 4.019647
v -6.995818 -3.001214 4.197545
v -6.995313 -2.520729 4.230189
v -6.796116 -2.375332 4.296921
v -7.104995 -1.999377 4.186572
v -6.857218 -2.000851 4.295419
v -7.186554 -1.664237 4.231154
v -7.014672 -1.497808 4.315941
v -7.000630 -0.998020 4.307883
v -7.009433 -0.480590 4.136124
v -7.002578 -0.726393 4.228406
v -6.997611 -0.081276 -4.000000
v -7.006986 -0.078027 -3.499995
v -7.003769 0.048152 -2.988168
v -6.998113 0.218127 -2.712140
v -7.024507 -0.155003 4.075126
v -7.000705 0.029650 4.500684
v -7.000000 0.024204 5.000001
v -6.999992 0.031302 5.500007
v -7.000012 0.020981 5.999798
v -6.999429 0.000892 6.499455
v -6.999859 -0.031409 6.999292
v -6.999967 -0.058553 7.499850
v -7.000058 -0.055032 8.000079
v -6.999703 -0.026020 8.499605
v -7.000841 0.000189 9.000179
v -6.998366 0.055380 9.515051
v -6.996036 0.195006 9.807834
v -6.998756 0.499030 -2.592870
v -6.998123 0.498267 9.923282
v -6.997701 0.998971 -2.466968
v -6.992584 0.989267 9.900112
v -6.996283 1.501738 -2.458045
v -7.104719 1.667805 9.708147
v -6.962488 1.500954 9.806234
v -7.001355 2.000119 -2.497070
v -7.097221 1.824527 9.659436
v -6.941465 2.033211 9.755888
v -7.003938 2.502301 -2.469681
v -6.987330 2.490733 10.181260
v -6.821063 2.716162 10.284587
v -6.979377 3.010306 -2.335136
v -7.133757 3.187171 -2.235116
v -7.144418 3.000572 10.225466
v -6.896477 2.999647 10.279411
v -6.792816 3.316862 -2.247845
v -6.968794 3.485953 -2.152351
v -7.027057 3.502748 10.217925
v -6.877351 3.340402 10.270026
v -6.980818 3.993958 -2.055176
v -6.997507 4.009542 10.172675
v -7.002885 4.501602 -2.007450
v -7.139718 4.687261 9.690573
v -6.987893 4.534408 9.911158
v -6.965673 5.001571 -1.826446
v -7.112377 5.173366 -1.716897
v -6.948859 4.943236 9.532750
v -6.813002 4.800259 9.786008
v -6.778910 5.267973 -1.760557
v -6.966901 5.459466 -1.620125
v -7.182869 5.643295 9.196416
v -6.998429 5.484989 9.294064
v -7.053460 6.081852 -1.423038
v -7.218882 6.230465 -1.238085
v -7.029270 6.051271 9.190119
v -6.888339 5.908324 9.338874
v -6.889974 6.318382 -1.296789
v -7.035976 6.491008 -1.150105
v -7.001861 6.504202 8.986682
v -6.967852 7.019177 -0.883965
v -7.158606 7.229382 -0.513813
v -7.230385 7.238268 -0.234951
v -7.011025 7.105398 8.661547
v -6.984331 6.895176 8.825841
v -6.770861 7.258199 -0.756509
v -6.884760 7.375457 -0.514625
v -7.048255 7.540994 -0.038594
v -7.197784 7.727971 0.279807
v -7.183163 7.779691 8.162762
v -6.991810 7.533108 8.413294
v -6.854753 7.858340 0.165308
v -7.033499 8.015644 0.388716
v -7.037770 8.177407 1.014063
v -7.227747 8.244981 1.251725
v -7.220975 8.232855 6.721732
v -7.131124 8.127325 7.004236
v -6.967403 8.021357 7.467030
v -6.999778 7.884099 7.977269
v -6.819462 7.775464 8.273819
v -6.893282 8.267367 1.196434
v -7.035631 8.378542 1.455283
v -6.984287 8.687006 2.013448
v -6.983605 8.678203 2.494828
v -6.998432 8.565980 2.996612
v -6.985200 8.546864 3.510850
v -7.000128 8.605278 4.000102
v -7.003851 8.465454 4.488018
v -7.009665 8.536375 4.989906
v -7.016567 8.774796 5.481267
v -6.997066 8.645739 6.035745
v -7.085928 8.485524 6.565811
v -6.861703 8.290253 6.999888
v -6.774252 8.277546 7.272673
v -6.806252 8.764220 2.219134
v -6.807686 8.768077 2.324719
v -6.862472 8.836265 5.627064
v -6.914009 8.842902 5.917433
v -7.500270 -4.269770 -0.369139
v -7.500526 -4.305327 -0.000808
v -7.524209 -4.306062 0.518028
v -7.370121 -4.279232 0.855761
v -7.500020 -4.091209 -4.000000
v -7.500017 -4.091209 -3.500000
v -7.500016 -4.093330 -3.000013
v -7.499993 -4.098245 -2.500023
v -7.500095 -4.101500 -1.999971
v -7.499940 -4.126275 -1.499528
v -7.500160 -4.188133 -1.000413
v -7.500024 -4.236757 -0.618916
v -7.702226 -4.241429 0.692702
v -7.524527 -4.215314 1.015663
v -7.498404 -4.065745 1.497753
v -7.497159 -3.924795 1.994891
v -7.498865 -3.874386 2.500083
v -7.504924 -3.859496 3.002954
v -7.461188 -3.789487 3.454955
v -7.263978 -3.758516 3.755694
v -7.606025 -3.698922 3.594854
v -7.477197 -3.515682 3.888891
v -7.513663 -3.003244 4.071400
v -7.499684 -2.499694 4.063358
v -7.490752 -1.996889 4.056925
v -7.499159 -1.511971 4.193621
v -7.305602 -1.334130 4.289977
v -7.616383 -1.002044 4.237023
v -7.311880 -0.996071 4.327187
v -7.461600 -0.534766 4.159301
v -7.281299 -0.709362 4.257617
v -7.498814 0.050795 -4.000000
v -7.501545 0.051274 -3.499999
v -7.502017 0.090790 -2.998299
v -7.493308 0.150700 -2.592560
v -7.488013 -0.174127 4.123159
v -7.502596 0.010017 4.499449
v -7.499936 0.022207 5.000076
v -7.500002 0.039355 5.499964
v -7.499875 0.035395 6.000103
v -7.500775 -0.004559 6.498915
v -7.499788 -0.016130 7.000202
v -7.499613 -0.059900 7.499085
v -7.499896 -0.053392 8.000209
v -7.499940 -0.025020 8.500108
v -7.499717 0.007418 9.000283
v -7.501518 0.056058 9.507018
v -7.500615 0.159046 9.830586
v -7.502961 0.461581 -2.364213
v -7.676874 0.607866 -2.210948
v -7.482548 0.531214 10.027272
v -7.352777 0.994669 -2.281321
v -7.613269 0.999485 -2.181612
v -7.501764 0.987043 9.869703
v -7.403281 1.497179 -2.321668
v -7.646921 1.501356 -2.212091
v -7.485631 1.601082 9.642596
v -7.490750 1.342298 9.752059
v -7.465651 2.001966 -2.346861
v -7.719619 2.000252 -2.261917
v -7.483798 1.944274 9.584296
v -7.488171 2.233630 9.693715
v -7.415881 2.500451 -2.316864
v -7.663778 2.499671 -2.219924
v -7.470271 2.529410 9.886765
v -7.328368 2.847970 -2.288179
v -7.497550 3.009398 -2.178962
v -7.502480 2.994087 10.143706
v -7.490799 3.490341 -2.006112
v -7.498568 3.487587 10.261066
v -7.487902 3.999023 -1.891310
v -7.508622 4.034268 10.173858
v -7.539687 4.529109 -1.869266
v -7.714146 4.702154 -1.741709
v -7.496166 4.672989 9.666221
v -7.502784 4.428677 9.902707
v -7.377385 4.834813 -1.782762
v -7.526742 4.999621 -1.681954
v -7.612196 5.156450 9.159359
v -7.460135 4.974385 9.339820
v -7.500892 5.516005 -1.556272
v -7.465009 5.477726 9.112169
v -7.287018 5.306070 9.252295
v -7.507383 5.932933 -1.356796
v -7.499524 6.165447 -1.201961
v -7.734658 6.237426 8.741742
v -7.539796 6.041451 8.922492
v -7.501415 6.492281 -1.015578
v -7.626319 6.495378 8.625508
v -7.387004 6.501761 8.831079
v -7.504226 6.857960 -0.841285
v -7.495813 7.034107 -0.496328
v -7.479168 7.122011 -0.116809
v -7.505052 7.006242 8.620657
v -7.297443 6.850653 8.810714
v -7.482059 7.347338 0.137173
v -7.566531 7.653586 0.436444
v -7.721932 7.718911 0.802248
v -7.604595 7.680526 7.141711
v -7.526344 7.663033 7.499841
v -7.470996 7.606270 7.978482
v -7.532940 7.427555 8.430277
v -7.430764 7.901146 0.602377
v -7.517621 7.906924 0.991197
v -7.498166 8.154427 1.375718
v -7.710228 8.208756 3.684526
v -7.652281 8.160182 3.986357
v -7.662661 8.151601 4.401494
v -7.704531 8.228330 5.148282
v -7.670410 8.191112 5.500000
v -7.608171 8.137335 6.000609
v -7.460379 8.079826 6.522512
v -7.414470 7.766678 6.940382
v -7.262569 7.743509 7.499686
v -7.267239 7.766442 7.794126
v -7.528683 8.365450 1.595828
v -7.530390 8.502499 1.994140
v -7.501497 8.473968 2.500792
v -7.499643 8.408647 2.999871
v -7.527563 8.354234 3.512571
v -7.459962 8.416590 4.000119
v -7.523366 8.348999 4.529939
v -7.525279 8.318838 4.984448
v -7.498392 8.487202 5.459040
v -7.375378 8.417089 6.028592
v -7.310758 8.328967 6.389317
v -7.794167 -4.254180 -0.292149
v -7.877743 -4.276146 -0.001216
v -7.876493 -4.279186 0.360727
v -8.000000 -4.087622 -4.000000
v -8.000000 -4.087622 -3.500000
v -7.999997 -4.090352 -3.000010
v -7.999993 -4.097837 -2.500054
v -8.000151 -4.111739 -2.000099
v -7.999983 -4.115802 -1.499995
v -8.000418 -4.157801 -1.000565
v -7.976818 -4.219104 -0.475602
v -8.128157 -4.248852 -0.000858
v -8.027200 -4.226625 0.518827
v -8.001849 -4.110294 1.002424
v -8.003584 -3.972283 1.504175
v -8.006310 -3.831347 1.985008
v -7.848805 -3.788982 2.500249
v -7.788006 -3.773332 3.001049
v -7.752117 -3.751262 3.252815
v -8.171169 -3.721839 2.136614
v -8.103391 -3.699893 2.501552
v -8.039308 -3.662636 3.001395
v -7.966163 -3.597094 3.462937
v -7.996067 -3.317147 3.764414
v -8.008601 -3.007217 3.910721
v -7.997760 -2.499551 3.936097
v -7.997271 -1.998223 3.927739
v -8.001734 -1.499907 3.989514
v -7.995636 -0.997995 3.997845
v -8.032092 -0.463246 4.170134
v -8.230621 -0.258587 4.257671
v -8.000000 0.094719 -4.000000
v -8.000000 0.094719 -3.500000
v -7.999572 0.103501 -2.999822
v -7.923699 0.061796 -2.468082
v -8.089279 0.165917 -1.972405
v -8.227347 0.237749 -1.726789
v -7.907544 -0.207148 4.167170
v -8.042068 -0.012087 4.452131
v -8.000000 0.017903 5.000011
v -7.999810 0.024296 5.500094
v -8.000266 0.032977 5.999899
v -7.999908 0.021366 6.500236
v -7.999282 0.007197 7.001096
v -8.000643 -0.053654 7.498644
v -8.000098 -0.055773 8.000430
v -8.000142 -0.030882 8.500705
v -8.000014 0.011262 9.000110
v -8.000187 0.070658 9.501792
v -7.997800 0.145960 9.827192
v -7.759386 0.273582 -2.270101
v -7.961801 0.437696 -1.963030
v -8.228624 0.299139 -1.724944
v -7.949554 0.414746 10.116634
v -7.986633 1.003903 -1.992852
v -7.959635 1.019393 10.078661
v -7.991858 1.503645 -2.054409
v -7.855582 1.644709 9.683231
v -7.988409 1.505007 9.859522
v -8.006664 1.999317 -2.143351
v -7.863495 1.921038 9.676484
v -7.994598 2.039118 9.820137
v -7.995933 2.498201 -2.103511
v -7.992246 2.495848 9.930363
v -7.996988 2.997203 -2.038215
v -7.996707 2.971032 10.123034
v -7.999481 3.498741 -1.929459
v -7.984522 3.495527 10.030036
v -7.990511 3.983213 -1.790430
v -8.153515 4.142146 -1.699239
v -8.188322 4.150954 9.677390
v -8.024280 3.999514 9.929782
v -7.826607 4.368536 -1.781720
v -7.992782 4.519823 -1.685196
v -8.233917 4.734414 9.234433
v -8.057937 4.550769 9.513563
v -7.854107 4.354990 9.828810
v -8.017146 5.008319 -1.656531
v -8.056873 5.058627 9.182249
v -7.905978 4.846665 9.351847
v -8.024983 5.540635 -1.399873
v -8.161338 5.669990 -1.184310
v -8.249378 5.601449 8.722418
v -8.092017 5.473278 8.930515
v -7.846917 5.829313 -1.304994
v -8.023349 6.010218 -1.177463
v -8.217312 6.189797 8.198707
v -8.034967 6.033426 8.545739
v -7.885226 5.900379 8.825068
v -8.039705 6.549811 -0.963081
v -8.202370 6.709867 -0.705809
v -8.093452 6.478315 8.083601
v -7.833530 6.472568 8.357934
v -7.845157 6.821086 -0.813422
v -8.022876 6.953947 -0.540614
v -8.034994 7.200014 -0.021635
v -8.233508 7.260088 0.284128
v -8.078347 6.986852 8.078269
v -7.824688 6.993257 8.318724
v -7.875681 7.338189 0.181573
v -8.042883 7.400277 0.470922
v -8.047766 7.642460 0.982335
v -8.245483 7.749575 1.272882
v -8.222398 7.718401 4.186576
v -8.237277 7.707680 4.501178
v -8.211066 7.657890 5.000150
v -8.152183 7.617659 5.495912
v -8.149005 7.636682 5.998924
v -8.138237 7.693451 6.501095
v -7.983135 7.662167 6.993597
v -8.040933 7.532405 7.533293
v -7.996267 7.357303 7.973019
v -7.798980 7.285004 8.295152
v -7.905316 7.786298 1.148570
v -8.049792 7.988252 1.455629
v -8.067592 8.067946 2.000940
v -8.149246 8.177955 2.489423
v -8.196868 8.230681 2.996375
v -8.045903 8.174326 3.529774
v -8.010081 7.883424 4.009470
v -7.973053 8.080482 4.509825
v -7.964353 8.080037 5.014350
v -7.894545 7.912281 5.489897
v -7.868026 7.854473 5.999060
v -7.862892 7.835050 6.502469
v -7.795638 7.759017 6.809437
v -7.755621 8.255290 1.742673
v -7.815895 8.298262 1.995441
v -7.886408 8.332819 2.501859
v -7.951680 8.353877 2.987868
v -7.910177 8.329435 3.381110
v -7.790800 8.288243 4.699700
v -7.820319 8.328632 4.800926
v -8.499980 -4.091209 -4.000000
v -8.499984 -4.091209 -3.500000
v -8.499972 -4.095305 -3.000042
v -8.499984 -4.101562 -2.500031
v -8.499956 -4.106708 -2.000049
v -8.499930 -4.111651 -1.499963
v -8.500036 -4.122269 -0.999639
v -8.499883 -4.161774 -0.499905
v -8.501925 -4.206320 -0.000676
v -8.503863 -4.151558 0.508113
v -8.501548 -3.994909 1.001992
v -8.473344 -3.834049 1.489789
v -8.282518 -3.760024 1.800281
v -8.623931 -3.697554 1.655050
v -8.505641 -3.544033 1.999932
v -8.468417 -3.461448 2.499978
v -8.501190 -3.457512 3.006976
v -8.406371 -3.395037 3.523353
v -8.284138 -3.265824 3.762870
v -8.716153 -3.191786 2.188236
v -8.697869 -3.163921 2.500049
v -8.726743 -3.192347 3.000526
v -8.757377 -3.247326 3.532001
v -8.473074 -2.985973 3.849699
v -8.709595 -2.320524 3.733356
v -8.520957 -2.499517 3.830955
v -8.629315 -2.004325 3.623218
v -8.424979 -2.000720 3.826900
v -8.698436 -1.675455 3.668872
v -8.524455 -1.511055 3.865871
v -8.516187 -0.998100 3.895277
v -8.486439 -0.613054 4.164994
v -8.503112 -0.325416 4.290426
v -8.501186 0.050795 -4.000000
v -8.501072 0.050815 -3.500000
v -8.498541 0.033820 -3.000254
v -8.492812 -0.000706 -2.503652
v -8.465740 -0.047629 -1.971372
v -8.465914 0.176562 -1.603787
v -8.502165 -0.020683 4.545677
v -8.499306 -0.010355 5.000194
v -8.500136 0.008292 5.499938
v -8.500025 0.018377 5.999967
v -8.499971 0.025683 6.500011
v -8.499839 0.018300 7.000491
v -8.500397 -0.042134 7.497503
v -8.501057 -0.054026 8.002155
v -8.501021 -0.021106 8.500819
v -8.501309 0.014917 9.002099
v -8.500665 0.087656 9.501867
v -8.501824 0.163261 9.810089
v -8.285716 0.632346 -1.768039
v -8.480931 0.472634 -1.668079
v -8.509519 0.461683 10.070840
v -8.364796 1.002311 -1.797584
v -8.621351 0.998940 -1.694041
v -8.498798 0.999363 10.009914
v -8.520770 1.512005 -1.836972
v -8.701495 1.352252 -1.720378
v -8.497148 1.493575 9.893691
v -8.503597 1.999761 -1.941698
v -8.517293 2.020316 9.880137
v -8.495886 2.499406 -1.939935
v -8.496915 2.499809 10.044786
v -8.504496 3.000426 -1.946756
v -8.500068 3.000032 10.028143
v -8.510639 3.534978 -1.854548
v -8.681099 3.710586 -1.742194
v -8.568753 3.595268 9.534754
v -8.460851 3.477947 9.851648
v -8.342784 3.810374 -1.763519
v -8.506468 3.987870 -1.683456
v -8.706415 4.133448 9.228990
v -8.494817 3.965801 9.463503
v -8.308799 3.809673 9.794691
v -8.505122 4.511342 -1.609119
v -8.694210 4.702196 8.702059
v -8.444102 4.486162 9.020989
v -8.359599 4.395425 9.324770
v -8.502923 5.012912 -1.387043
v -8.661121 5.172786 -1.173995
v -8.691793 5.195607 8.184623
v -8.588084 5.018284 8.522855
v -8.309279 4.987562 8.860139
v -8.310457 5.329553 -1.282510
v -8.467198 5.472054 -0.991487
v -8.636767 5.643578 -0.623393
v -8.695318 5.675236 7.621854
v -8.659147 5.518170 8.027517
v -8.359289 5.458646 8.524715
v -8.250194 5.261802 8.752722
v -8.438206 5.996175 -0.923735
v -8.645175 5.998372 -0.616626
v -8.726373 6.175642 7.138104
v -8.625532 5.998298 7.463461
v -8.472404 6.063919 8.056981
v -8.299880 5.851719 8.368224
v -8.352038 6.369483 -0.828606
v -8.491108 6.491495 -0.498543
v -8.683661 6.667496 -0.006009
v -8.751367 6.750569 0.258428
v -8.708503 6.694573 4.190139
v -8.701878 6.658678 4.500499
v -8.632442 6.619010 5.011207
v -8.726945 6.681594 5.321155
v -8.731597 6.647232 6.177919
v -8.684492 6.559824 6.498216
v -8.753094 6.480077 6.992160
v -8.582757 6.497558 7.514722
v -8.360027 6.500035 7.868715
v -8.314235 6.810878 -0.354369
v -8.433955 6.926167 -0.007852
v -8.510878 7.002152 0.439920
v -8.581533 7.009856 1.006639
v -8.587747 7.033953 1.497275
v -8.694475 7.161989 1.995990
v -8.690854 7.186095 2.495855
v -8.662734 7.155368 2.996245
v -8.723089 7.171522 3.501153
v -8.569069 6.967284 3.983859
v -8.492887 6.984938 4.504137
v -8.534304 7.007836 5.000008
v -8.615346 6.990271 5.485687
v -8.683585 7.011969 6.025218
v -8.577107 7.001757 6.505008
v -8.615210 7.010093 7.022324
v -8.414055 6.997768 7.498558
v -8.351633 7.012540 7.819658
v -8.251962 7.262587 0.624673
v -8.383000 7.414201 0.970163
v -8.430777 7.609009 1.471593
v -8.524672 7.528140 1.996443
v -8.567828 7.504789 2.501579
v -8.531525 7.493445 3.001966
v -8.611937 7.528496 3.518629
v -8.358627 7.526999 4.007556
v -8.377623 7.466027 4.505953
v -8.268746 7.381832 4.995343
v -8.284894 7.341774 5.505875
v -8.369732 7.381607 5.999992
v -8.414856 7.418081 6.496750
v -8.457553 7.438494 7.048585
v -8.287132 7.294296 7.498016
v -8.263510 7.260788 7.761288
v -8.254113 7.753011 1.608418
v -8.296107 7.808598 1.999491
v -8.415524 7.956225 2.476842
v -8.486749 8.027812 2.966544
v -8.398208 7.951285 3.601525
v -8.250040 7.767571 3.825114
v -8.999929 -4.099328 -4.000000
v -8.999931 -4.099328 -3.500000
v -8.999948 -4.101836 -3.000061
v -9.000006 -4.106720 -2.500098
v -9.000067 -4.109267 -1.999937
v -9.000199 -4.107477 -1.500052
v -9.000925 -4.126880 -1.000513
v -8.999966 -4.123523 -0.499977
v -9.004620 -4.159175 0.001813
v -9.009082 -4.043378 0.513388
v -8.964514 -3.806240 0.939726
v -8.818679 -3.793878 1.311837
v -9.142740 -3.616213 1.099187
v -9.086231 -3.558585 1.549836
v -8.858714 -3.338017 1.833310
v -9.215496 -3.212170 1.686279
v -8.979795 -2.969289 1.940943
v -8.812415 -2.881925 2.504091
v -8.814186 -2.922346 2.999089
v -8.887526 -2.913197 3.502313
v -8.785731 -2.812099 3.798754
v -9.183943 -2.658631 2.188718
v -9.103819 -2.447238 2.507959
v -9.059136 -2.494799 3.020075
v -8.933419 -2.488263 3.542036
v -8.799476 -2.674599 3.833322
v -9.247318 -2.207635 2.719836
v -9.185927 -2.044607 3.037799
v -8.873553 -2.037544 3.274479
v -9.224238 -1.727747 3.203252
v -9.013452 -1.575278 3.469430
v -9.064428 -1.330930 3.939321
v -9.241123 -1.260354 4.257960
v -8.934922 -0.977323 4.075372
v -9.138703 -1.006466 4.359941
v -8.784094 -0.689251 4.204952
v -9.000929 -0.509894 4.505299
v -9.196706 -0.345110 4.800257
v -9.002389 -0.081276 -4.000000
v -9.002728 -0.081394 -3.500000
v -9.000551 -0.100847 -2.999873
v -8.998773 -0.110279 -2.499621
v -8.995142 -0.017671 -2.008550
v -8.973865 0.028042 -1.493304
v -9.002461 0.036646 -0.985597
v -9.164974 0.134467 -0.687968
v -8.864283 -0.028240 4.646998
v -9.015212 -0.037073 4.984021
v -8.999899 -0.016096 5.500214
v -9.000106 0.013979 5.999619
v -9.000919 0.040069 6.499669
v -8.999989 0.013959 6.999849
v -8.999945 -0.000451 7.500004
v -9.000298 0.001362 8.000106
v -9.000393 0.021934 8.500182
v -8.999437 0.068902 8.998762
v -8.999902 0.113353 9.500779
v -8.999602 0.178425 9.804709
v -8.880668 0.497770 -1.387722
v -9.142438 0.475060 -1.013841
v -9.176161 0.328825 -0.700224
v -9.001386 0.499016 10.025471
v -8.996419 0.980484 -1.476021
v -9.188827 1.002892 -1.177232
v -9.000057 0.999975 10.024674
v -8.774602 1.685451 -1.756300
v -9.047897 1.455810 -1.631007
v -9.233268 1.269807 -1.234077
v -9.021365 1.511008 9.964834
v -8.836346 1.996529 -1.805453
v -9.091122 1.996106 -1.673074
v -9.013034 1.999235 10.159443
v -9.207878 2.172861 10.280940
v -8.856927 2.500377 -1.814410
v -9.116612 2.501487 -1.632958
v -8.907337 2.493015 10.227199
v -9.167429 2.497160 10.308097
v -8.856463 3.000631 -1.833370
v -9.132152 3.002158 -1.647047
v -8.993709 3.023663 10.207944
v -9.180825 2.817362 10.325415
v -8.825691 3.379175 -1.814769
v -9.022801 3.545701 -1.635494
v -9.004112 3.667449 9.622163
v -9.002342 3.409950 9.872069
v -9.020266 3.977729 -1.412614
v -9.222654 4.137838 -1.108119
v -8.990874 4.137538 9.215082
v -9.005338 3.867939 9.371114
v -8.918375 4.508442 -1.399322
v -9.240141 4.475580 -0.981678
v -9.201904 4.592514 -0.597624
v -9.204489 4.715504 8.204972
v -9.035562 4.687783 8.534361
v -8.992955 4.444258 8.979234
v -8.827099 4.849340 -1.315620
v -8.921395 5.012312 -1.011717
v -9.078367 4.922798 -0.441311
v -9.230393 5.122235 -0.011265
v -9.238323 5.223212 0.275537
v -9.246123 5.244017 7.238193
v -9.199657 5.206338 7.504009
v -8.968235 4.964589 7.963198
v -8.856192 4.849738 8.367735
v -8.809865 5.330661 -0.841834
v -8.822093 5.478372 -0.480399
v -9.044398 5.487281 0.014196
v -9.192910 5.516345 0.466676
v -9.222483 5.697463 0.804840
v -9.241029 5.732634 4.735088
v -9.190779 5.660300 4.986975
v -9.133262 5.625280 5.505112
v -9.181904 5.665415 5.999071
v -9.176871 5.670786 6.499531
v -9.125562 5.514133 7.043848
v -8.895326 5.490583 7.468398
v -8.826126 5.341816 7.846601
v -8.816969 6.000195 -0.364632
v -8.936386 6.000954 -0.001252
v -9.074877 6.010216 0.503490
v -9.105734 5.971355 0.994896
v -9.098457 6.093256 1.436193
v -9.236722 6.237521 3.710204
v -9.210139 6.206127 4.003082
v -9.107411 5.995675 4.519517
v -8.976508 5.968446 4.992799
v -9.001490 5.990085 5.511879
v -8.992492 5.998815 5.999036
v -8.846102 5.925353 6.499488
v -8.753731 5.996837 6.957119
v -8.734341 5.825741 7.279199
v -8.781920 6.299169 -0.315741
v -8.820448 6.412366 -0.002369
v -8.897530 6.574722 0.437836
v -8.867934 6.494309 0.998120
v -9.069993 6.457104 1.535485
v -9.240712 6.658924 2.016391
v -9.204723 6.704172 2.496133
v -9.192617 6.669550 3.001452
v -9.176406 6.507070 3.527920
v -8.990118 6.544095 4.037981
v -8.883973 6.406121 4.501680
v -8.774380 6.330406 5.016728
v -8.824395 6.506643 5.494424
v -8.790720 6.488086 5.999405
v -8.755704 6.315783 6.498834
v -8.776909 6.277636 6.804284
v -8.768040 6.773473 0.594056
v -8.743070 6.758761 1.000744
v -8.798600 6.775415 1.505708
v -8.888086 6.883139 2.012287
v -8.903366 6.910686 2.492168
v -8.911126 6.869742 2.999483
v -8.921314 6.936988 3.503399
v -8.827433 6.833410 3.852061
v -8.802526 6.798415 5.651785
v -8.809809 6.799108 5.841628
v -9.505445 -4.069438 -4.000000
v -9.505436 -4.069440 -3.500000
v -9.505561 -4.069539 -3.000010
v -9.505295 -4.066261 -2.499711
v -9.506698 -4.070965 -2.000501
v -9.504821 -4.062265 -1.498883
v -9.505361 -4.059268 -1.000248
v -9.503297 -4.054264 -0.499837
v -9.518260 -4.044475 0.007440
v -9.492533 -3.898735 0.518916
v -9.278017 -3.783963 0.799116
v -9.591677 -3.602345 0.616479
v -9.549038 -3.513098 0.996202
v -9.421368 -3.400997 1.365292
v -9.642715 -3.139369 1.090140
v -9.576428 -3.074744 1.523615
v -9.366695 -2.919913 1.896217
v -9.659075 -2.497913 1.640591
v -9.445399 -2.497278 2.036017
v -9.312482 -2.349628 2.400181
v -9.699865 -2.004731 1.706459
v -9.377371 -2.021364 1.947435
v -9.382352 -2.032915 2.534270
v -9.331566 -1.851761 2.895147
v -9.684755 -1.615190 1.686484
v -9.549454 -1.439641 1.918491
v -9.415087 -1.491614 2.502421
v -9.367007 -1.523687 3.022050
v -9.413486 -1.455248 3.496571
v -9.353527 -1.450056 4.060654
v -9.254042 -1.270224 4.265844
v -9.720539 -0.775216 -1.307296
v -9.721983 -0.780950 -1.219139
v -9.651590 -1.146526 2.090805
v -9.657559 -1.090615 2.499746
v -9.638447 -0.967824 2.999874
v -9.640886 -0.971892 3.489705
v -9.598874 -1.118599 3.996377
v -9.494936 -1.105497 4.587794
v -9.707298 -0.785308 4.790336
v -9.582112 -0.337078 -4.000000
v -9.580968 -0.336449 -3.500000
v -9.563368 -0.336986 -2.999403
v -9.576512 -0.336121 -2.500620
v -9.655232 -0.339163 -1.999648
v -9.683069 -0.469700 -1.452350
v -9.550128 -0.518017 -1.031176
v -9.621681 -0.340609 -0.672943
v -9.711411 -0.711935 3.182299
v -9.744055 -0.741303 3.310305
v -9.339154 -0.708030 4.765851
v -9.515815 -0.520712 4.903033
v -9.327630 -0.210937 -4.000000
v -9.326908 -0.210613 -3.500000
v -9.308660 -0.221779 -2.999957
v -9.319033 -0.228568 -2.498743
v -9.409049 -0.148741 -2.013920
v -9.371800 -0.147494 -1.469443
v -9.262315 -0.248419 -0.998557
v -9.442424 -0.045063 -0.523523
v -9.497531 -0.032460 5.138846
v -9.499735 -0.018144 5.499774
v -9.500240 0.003371 6.000283
v -9.500238 0.012637 6.500231
v -9.499868 0.028045 6.999923
v -9.499678 0.035326 7.499912
v -9.499841 0.042663 7.999918
v -9.500174 0.052305 8.500033
v -9.499968 0.068372 9.000346
v -9.499803 0.101302 9.502917
v -9.500209 0.171477 9.818105
v -9.328403 0.657488 -0.840482
v -9.495038 0.504577 -0.608145
v -9.499377 0.506538 10.045088
v -9.471188 1.026635 -0.889177
v -9.664558 0.841231 -0.702516
v -9.530957 1.020805 10.196184
v -9.723549 1.207809 10.274701
v -9.428694 1.568045 -1.386849
v -9.531088 1.450145 -1.167169
v -9.407775 1.507497 10.165169
v -9.638874 1.497656 10.300038
v -9.474410 2.002607 -1.430742
v -9.670344 2.000020 -1.174244
v -9.292451 1.836214 10.243843
v -9.473800 2.004672 10.328755
v -9.397943 2.489671 -1.343406
v -9.679176 2.504836 -1.170231
v -9.500159 2.501158 10.314117
v -9.404448 2.998429 -1.364400
v -9.553609 2.990740 -1.001279
v -9.742322 3.243313 0.729174
v -9.745829 3.244887 0.756977
v -9.496349 3.158114 10.209903
v -9.496834 2.907554 10.330523
v -9.365362 3.517757 -1.350926
v -9.658417 3.463374 -0.988408
v -9.805023 3.663141 -0.497053
v -9.717310 3.653107 0.006410
v -9.711111 3.494767 0.566082
v -9.716685 3.347873 0.761591
v -9.326590 3.736727 9.739433
v -9.500705 3.533013 9.907992
v -9.290598 3.806650 -1.284301
v -9.405951 4.027247 -0.974089
v -9.480741 3.932078 -0.504565
v -9.458377 3.958006 0.001882
v -9.620175 4.008319 0.505310
v -9.737665 4.240446 8.736178
v -9.582250 4.236833 9.051636
v -9.501880 3.926787 9.572134
v -9.660333 3.767411 9.770594
v -9.262347 4.261482 -0.760931
v -9.252186 4.453605 -0.451770
v -9.371139 4.499967 0.000627
v -9.597544 4.467268 0.535109
v -9.657501 4.616974 1.012686
v -9.738959 4.740388 1.258748
v -9.736259 4.740910 7.641427
v -9.549391 4.697079 8.039100
v -9.565061 4.457249 8.558390
v -9.439777 4.394148 8.896924
v -9.253159 4.760435 -0.264850
v -9.304245 4.868171 -0.001995
v -9.285199 5.017899 0.487527
v -9.595144 5.001631 0.982242
v -9.699028 5.000376 1.319240
v -9.679704 5.145085 4.672133
v -9.628123 5.057869 4.994424
v -9.714446 5.102150 5.489312
v -9.654037 5.052261 5.998264
v -9.631878 5.046724 6.498392
v -9.504813 5.087114 7.046741
v -9.538266 4.912687 7.484001
v -9.393287 4.840915 7.866729
v -9.307711 5.360552 0.614226
v -9.436228 5.553555 0.960827
v -9.625243 5.500990 1.497787
v -9.649646 5.646273 1.883989
v -9.691346 5.677332 4.127295
v -9.507251 5.525175 4.535376
v -9.429085 5.455744 4.999555
v -9.409038 5.402545 5.493175
v -9.433931 5.438892 5.994543
v -9.428680 5.440610 6.507921
v -9.337473 5.359937 6.908936
v -9.317982 5.815183 1.135144
v -9.299061 5.918156 1.562098
v -9.551901 5.970393 2.018427
v -9.629583 6.095657 2.497166
v -9.582006 6.081433 2.996036
v -9.474830 6.081784 3.524866
v -9.492444 5.893918 3.955760
v -9.328405 5.842038 4.388259
v -9.253742 6.256139 1.746061
v -9.369633 6.349072 1.988193
v -9.426694 6.463523 2.490658
v -9.324256 6.404473 2.994872
v -9.277963 6.326569 3.373888
v -9.934672 -3.898682 -4.000000
v -9.934896 -3.898534 -3.500000
v -9.935632 -3.898979 -3.000123
v -9.923452 -3.901341 -2.498782
v -9.903569 -3.899711 -1.999965
v -9.911737 -3.893757 -1.501257
v -9.912292 -3.881099 -0.999226
v -9.889859 -3.895774 -0.496126
v -9.841211 -3.855458 0.008758
v -9.786353 -3.789919 0.300534
v -10.192959 -3.657015 -4.000000
v -10.193389 -3.656441 -3.500000
v -10.203092 -3.651156 -3.000460
v -10.193187 -3.624097 -2.496921
v -10.157779 -3.590577 -1.998812
v -10.167167 -3.641037 -1.508666
v -10.161411 -3.675459 -0.996534
v -10.115546 -3.595498 -0.498452
v -10.072105 -3.480706 0.009802
v -9.748777 -3.389767 0.414997
v -9.798006 -3.294900 0.790269
v -10.233468 -3.171683 0.198441
v -10.093862 -2.969912 0.523867
v -9.887421 -2.990796 0.956839
v -9.835790 -2.850009 1.313616
v -10.239216 -2.735402 0.728232
v -10.226097 -2.582118 1.070415
v -9.937686 -2.504693 1.418160
v -10.210636 -2.000283 1.171274
v -9.946719 -1.996928 1.435059
v -10.248985 -1.257421 -2.256262
v -10.223755 -1.297850 -2.000254
v -10.213959 -1.309866 -1.610966
v -10.211972 -1.596765 1.198845
v -9.936160 -1.422195 1.427775
v -9.760006 -1.282746 1.764977
v -10.193808 -0.859886 -4.000000
v -10.192910 -0.858558 -3.500000
v -10.209012 -0.841234 -3.001914
v -10.207177 -0.976519 -2.441198
v -10.086092 -0.985157 -1.996320
v -9.967293 -1.042755 -1.452261
v -10.027343 -0.858613 -1.036853
v -10.200727 -0.786913 -0.713003
v -10.083030 -0.820413 1.486873
v -9.875880 -0.931581 1.971980
v -9.920772 -0.896346 2.532085
v -9.740584 -0.756716 2.809144
v -9.770788 -0.792654 3.646545
v -9.867894 -0.877128 4.014653
v -9.873151 -0.873863 4.511752
v -9.771371 -0.776614 4.772200
v -9.938023 -0.578497 -4.000000
v -9.938792 -0.579156 -3.500000
v -9.949087 -0.572483 -2.999726
v -9.917463 -0.578151 -2.499273
v -9.837671 -0.603989 -1.999095
v -9.787095 -0.665944 -1.636156
v -9.850111 -0.727055 -0.852343
v -10.013431 -0.518380 -0.492288
v -10.220822 -0.279137 -0.223946
v -10.232404 -0.714221 1.729622
v -10.222040 -0.734339 1.989647
v -10.236869 -0.516971 2.553326
v -9.933068 -0.533364 3.003562
v -9.957644 -0.576765 3.494470
v -10.041726 -0.507297 4.002057
v -10.060126 -0.514243 4.503918
v -9.865438 -0.516628 4.877513
v -9.844333 -0.016295 -0.260489
v -10.163046 -0.003230 -0.172648
v -10.216592 -0.184017 2.669870
v -10.238996 -0.148093 3.000491
v -10.167109 -0.096952 3.494153
v -10.222318 -0.142804 4.001136
v -10.222425 -0.144251 4.502069
v -10.132190 -0.139541 5.083290
v -9.994529 0.087737 5.500937
v -10.002512 0.049548 5.998980
v -10.000584 0.032572 6.499871
v -9.999893 0.044969 6.999890
v -9.999892 0.052048 7.499921
v -9.999998 0.060991 7.999997
v -10.000039 0.065828 8.499960
v -10.000057 0.074485 9.000185
v -9.999833 0.097208 9.502181
v -9.998918 0.163619 9.832173
v -9.935125 0.496436 -0.373149
v -10.178239 0.501716 -0.213802
v -9.993098 0.503204 10.095367
v -9.784834 1.185869 -0.800231
v -10.011428 0.976756 -0.480750
v -10.245634 0.770546 -0.245741
v -10.001642 0.871533 10.213434
v -9.998661 1.115388 10.292835
v -9.902868 1.493066 -0.914390
v -10.136598 1.497717 -0.595724
v -9.997798 1.493971 10.381745
v -9.854338 1.993119 -0.896054
v -10.196370 2.033015 -0.524951
v -10.239421 2.203224 -0.191156
v -10.250589 2.249104 1.232583
v -10.242408 2.243496 1.271779
v -9.993973 1.996476 10.490856
v -9.857247 2.496452 -0.918610
v -10.062223 2.501402 -0.507056
v -10.208473 2.517159 -0.018193
v -10.205769 2.611120 0.504837
v -10.148791 2.458716 1.038608
v -10.121130 2.481385 1.389651
v -9.992044 2.500750 10.452478
v -9.781562 2.997594 -0.815427
v -9.893728 3.000972 -0.500648
v -10.029764 3.043509 -0.002416
v -9.905841 3.041173 0.535319
v -9.919014 3.058099 0.948284
v -10.050944 3.002400 1.510452
v -10.002389 3.217249 10.251310
v -9.995912 2.980021 10.389798
v -9.765764 3.277172 -0.760272
v -9.838368 3.352418 -0.507771
v -9.853965 3.395913 0.012859
v -9.712686 3.493872 0.557554
v -9.827851 3.522513 0.972929
v -10.137139 3.497963 1.397930
v -10.142957 3.731085 9.717673
v -9.986178 3.545428 9.955815
v -9.786052 3.993210 0.707624
v -9.980497 3.994898 0.962066
v -10.221354 3.999140 1.308808
v -10.237857 4.211683 4.710996
v -10.180951 4.133999 4.996859
v -10.190251 4.131224 5.499187
v -10.171365 4.164817 5.999342
v -10.189173 4.201938 6.408718
v -10.220663 4.236935 8.176282
v -10.026444 4.191071 8.537441
v -9.999284 4.065260 8.999026
v -9.986367 3.870268 9.533004
v -9.805820 3.767383 9.769809
v -9.755039 4.262229 0.737109
v -9.837694 4.376921 1.000914
v -10.002010 4.526877 1.392032
v -10.248714 4.745577 4.248262
v -10.198289 4.553495 4.533646
v -10.016529 4.501177 5.000416
v -9.970332 4.506658 5.502292
v -9.896255 4.465298 5.991329
v -10.043142 4.448681 6.546182
v -10.045129 4.529693 6.999912
v -9.957405 4.573371 7.484564
v -10.044664 4.416330 8.008457
v -9.892712 4.334891 8.411421
v -9.948190 4.948831 1.636297
v -10.138435 5.105910 1.872016
v -10.195328 5.003766 4.185890
v -9.955289 5.013606 4.529102
v -9.796438 4.830629 4.992852
v -9.832497 4.841106 5.495497
v -9.736220 4.796513 5.995978
v -9.808163 4.816848 6.498444
v -9.802448 4.806397 7.005287
v -9.760462 4.760415 7.306780
v -9.793853 5.316381 1.680470
v -9.954182 5.470353 2.055648
v -10.164116 5.717631 2.468303
v -10.179018 5.704743 3.003398
v -10.069270 5.612545 3.499601
v -9.969220 5.487027 3.975059
v -9.837672 5.342444 4.362534
v -9.791572 5.774399 2.208786
v -9.913605 5.850646 2.484325
v -9.935856 5.882404 3.010767
v -9.835760 5.823006 3.502598
v -9.762914 5.763673 3.785053
v -10.336538 -3.392003 -4.000000
v -10.336631 -3.391778 -3.500000
v -10.331804 -3.382276 -2.999015
v -10.302143 -3.348741 -2.500039
v -10.300482 -3.321498 -2.000017
v -10.341588 -3.360878 -1.490676
v -10.432122 -3.424156 -0.994521
v -10.303562 -3.311999 -0.509992
v -10.300329 -3.284296 -0.158212
v -10.451794 -3.001024 -4.000000
v -10.451705 -3.001500 -3.500000
v -10.422763 -3.000440 -2.999684
v -10.410239 -2.999464 -2.499863
v -10.458195 -3.004262 -1.999348
v -10.589935 -2.947847 -1.450482
v -10.638388 -3.044313 -1.002361
v -10.597791 -3.040716 -0.503410
v -10.421403 -2.947651 -0.053016
v -10.230795 -2.804090 0.373585
v -10.504796 -2.499765 -4.000000
v -10.504787 -2.499930 -3.500000
v -10.470464 -2.499741 -3.000637
v -10.448220 -2.500556 -2.498666
v -10.523320 -2.498180 -1.995698
v -10.743645 -2.545345 -1.464568
v -10.770959 -2.385581 -1.006156
v -10.696580 -2.394314 -0.497724
v -10.734286 -2.557980 0.013667
v -10.338508 -2.502396 0.512347
v -10.326844 -2.407596 0.845319
v -10.493615 -2.000097 -4.000000
v -10.493600 -1.999941 -3.500000
v -10.483432 -1.999306 -2.999244
v -10.396256 -2.001127 -2.505943
v -10.412111 -2.014936 -1.980296
v -10.555251 -2.002017 -1.500206
v -10.613728 -2.002236 -0.995387
v -10.609351 -1.998642 -0.505314
v -10.658508 -2.000766 0.000914
v -10.435658 -2.014727 0.451146
v -10.354504 -2.003593 0.903367
v -10.427373 -1.498216 -4.000000
v -10.427384 -1.498275 -3.500000
v -10.430494 -1.497689 -3.000074
v -10.365296 -1.450214 -2.446896
v -10.313564 -1.548350 -1.999592
v -10.342458 -1.480060 -1.467239
v -10.469574 -1.496632 -1.002254
v -10.609619 -1.501857 -0.501205
v -10.661406 -1.498109 -0.004535
v -10.527743 -1.496528 0.496261
v -10.409947 -1.466514 1.057684
v -10.254945 -1.261763 1.255676
v -10.326525 -1.117336 -4.000000
v -10.325607 -1.114945 -3.500000
v -10.338621 -1.101070 -3.000908
v -10.314468 -1.145063 -2.583838
v -10.250058 -1.244606 -1.276209
v -10.297433 -1.143276 -0.997931
v -10.471918 -0.938528 -0.563179
v -10.662724 -1.000469 -0.013943
v -10.645431 -1.010519 0.522269
v -10.464693 -0.999799 0.999855
v -10.298589 -0.963604 1.306051
v -10.357279 -0.574723 -0.425010
v -10.623002 -0.492832 -0.053118
v -10.726876 -0.660313 0.504921
v -10.711650 -0.643511 0.994124
v -10.598685 -0.580263 1.572373
v -10.359693 -0.603853 2.244557
v -10.347356 -0.327898 2.365373
v -10.589395 -0.004854 -0.116140
v -10.734429 -0.005066 1.693415
v -10.512245 -0.000172 2.009823
v -10.229390 0.025617 2.496993
v -10.291410 0.112899 2.999857
v -10.276855 0.160348 3.497114
v -10.303541 0.120357 3.999354
v -10.307016 0.111194 4.500192
v -10.294560 0.186184 4.998997
v -10.337386 0.236583 5.506260
v -10.525030 0.148678 5.966435
v -10.500280 0.071947 6.499760
v -10.500046 0.061023 7.000004
v -10.499968 0.067596 7.499988
v -10.499939 0.076548 7.999964
v -10.499975 0.080300 8.500003
v -10.499990 0.084549 8.999990
v -10.500001 0.101902 9.501351
v -10.499587 0.169000 9.846819
v -10.557477 0.478993 -0.155422
v -10.726269 0.715130 0.682624
v -10.713407 0.714447 0.803318
v -10.659790 0.489546 1.635197
v -10.630756 0.502957 2.001879
v -10.577812 0.468605 2.537112
v -10.396064 0.517104 3.000310
v -10.423000 0.499580 3.499819
v -10.452037 0.492667 4.011123
v -10.421404 0.503410 4.499600
v -10.428210 0.510635 5.004831
v -10.615112 0.458650 5.466929
v -10.704008 0.266722 5.782875
v -10.463713 0.495148 10.172633
v -10.618962 0.696331 10.285146
v -10.289755 1.104215 -0.275988
v -10.526812 0.964701 -0.175799
v -10.731356 0.805639 0.684229
v -10.723542 0.807385 0.803036
v -10.725493 0.995318 1.649184
v -10.630728 1.037769 2.025779
v -10.649096 0.939966 2.491315
v -10.681182 1.013645 3.015358
v -10.468308 1.008595 3.480675
v -10.510267 0.996533 3.994705
v -10.544382 1.003815 4.501121
v -10.629180 1.022672 5.033115
v -10.708543 0.863676 5.292717
v -10.286650 0.779101 10.246130
v -10.473408 0.968885 10.317850
v -10.317035 1.503829 -0.332554
v -10.688512 1.466044 -0.018601
v -10.711350 1.584492 0.496838
v -10.714449 1.621761 1.004302
v -10.716423 1.496798 1.542387
v -10.721316 1.345041 1.842475
v -10.764263 1.523126 3.151030
v -10.443036 1.505436 3.403997
v -10.492837 1.499995 3.999149
v -10.571823 1.498899 4.499234
v -10.646722 1.502288 4.923049
v -10.498531 1.499055 10.432458
v -10.349851 1.866322 -0.375939
v -10.411934 2.055097 -0.023895
v -10.449035 1.979145 0.499354
v -10.405970 2.041055 1.038799
v -10.494540 2.014695 1.495878
v -10.654758 2.159692 1.777927
v -10.725975 1.869550 3.140032
v -10.559032 2.038687 3.442020
v -10.526024 2.001593 3.990928
v -10.547816 1.998326 4.498696
v -10.629900 1.996282 4.923435
v -10.499093 2.002218 10.435083
v -10.269519 2.360145 0.146288
v -10.253290 2.350335 0.498023
v -10.263781 2.283115 0.898554
v -10.201200 2.486828 1.702136
v -10.536635 2.503532 1.859900
v -10.648716 2.502157 3.595451
v -10.648333 2.500422 4.012416
v -10.543716 2.502759 4.507332
v -10.523290 2.429366 5.086286
v -10.683723 2.635661 5.298783
v -10.501151 2.500610 10.450130
v -10.279907 3.001742 1.737703
v -10.539166 3.000135 1.889169
v -10.697319 2.873117 3.675219
v -10.730012 3.001756 3.977270
v -10.500478 2.999623 4.501245
v -10.410369 3.002200 5.016031
v -10.638099 2.999082 5.363454
v -10.500275 3.168672 10.200768
v -10.501940 2.921792 10.346753
v -10.337845 3.517300 1.686309
v -10.611135 3.507217 1.893342
v -10.690002 3.660901 3.120738
v -10.640453 3.557096 3.495578
v -10.657151 3.503683 3.988721
v -10.479249 3.502624 4.502510
v -10.382297 3.494481 4.998193
v -10.540450 3.463293 5.538533
v -10.675176 3.649203 5.900553
v -10.500388 3.678373 9.630085
v -10.502029 3.439870 9.960645
v -10.410233 3.999245 1.583010
v -10.704823 4.008859 1.888047
v -10.779881 4.214017 2.699666
v -10.658237 4.018254 2.966559
v -10.487005 4.021428 3.459770
v -10.439687 3.994177 4.002596
v -10.367954 4.032815 4.530875
v -10.302517 3.887558 4.998457
v -10.329435 3.869192 5.502844
v -10.507828 3.895563 6.040505
v -10.426347 4.028875 6.553211
v -10.527561 4.099937 7.006139
v -10.579656 4.178761 7.499805
v -10.480862 4.178759 8.003506
v -10.500541 4.111097 8.500760
v -10.502287 3.973853 9.003310
v -10.500379 3.812997 9.379814
v -10.343484 4.503950 1.642238
v -10.576332 4.463355 2.050229
v -10.718820 4.482054 2.506493
v -10.542773 4.480011 2.997191
v -10.570481 4.500238 3.517775
v -10.323385 4.540952 4.042348
v -10.294653 4.412996 4.376416
v -10.254044 4.253744 6.740173
v -10.276391 4.259573 7.002200
v -10.335365 4.301828 7.500247
v -10.305936 4.272799 7.842139
v -10.272693 4.783275 1.726218
v -10.418152 5.029637 1.940200
v -10.598548 5.020849 2.501017
v -10.555260 4.995260 3.005068
v -10.475569 5.001335 3.499782
v -10.440031 5.026345 3.971503
v -10.306868 5.328175 2.189462
v -10.413375 5.437909 2.471499
v -10.440378 5.497028 3.014917
v -10.357899 5.374606 3.504365
v -10.315140 5.319796 3.834800
v -10.756534 -2.761729 -1.263058
v -10.824355 -2.848394 -1.016114
v -10.939557 -2.868999 -0.459324
v -10.773774 -2.784006 -0.197711
v -10.764028 -2.732829 -1.266112
v -10.883502 -2.667457 -1.032651
v -10.841822 -2.582738 -0.493746
v -10.805311 -2.693216 -0.179507
v -10.805862 -0.409274 0.184206
v -10.822220 -0.423584 0.512852
v -10.820323 -0.372135 0.990418
v -10.813020 -0.346846 1.391600
v -10.776733 0.002660 0.201425
v -10.825162 0.007429 0.494702
v -11.004707 -0.093779 0.957385
v -10.826793 -0.002103 1.463671
v -11.000504 0.173735 6.080090
v -10.999919 0.091714 6.500474
v -10.999739 0.076554 6.999957
v -10.999783 0.080027 7.499783
v -11.000000 0.085028 7.999893
v -11.000135 0.085808 8.500038
v -11.000205 0.083311 9.000092
v -11.000012 0.098507 9.499910
v -10.999727 0.168897 9.870129
v -10.833394 0.495266 0.191396
v -10.803086 0.530367 0.517904
v -10.821704 0.560163 0.972528
v -10.749548 0.499309 1.366422
v -10.996245 0.578346 5.621221
v -11.002373 0.306592 5.821550
v -10.995601 0.356066 10.163296
v -10.998185 0.640918 10.320723
v -10.759289 0.999740 0.199424
v -10.791446 0.981603 0.514136
v -10.806184 0.977842 0.976220
v -10.872562 0.983906 1.417277
v -10.763374 1.190261 2.171333
v -10.766032 1.180517 2.500066
v -10.802496 1.185148 2.850686
v -10.777212 1.194902 5.209723
v -10.953209 1.028497 5.405232
v -10.998053 0.996376 10.430581
v -10.769229 1.270411 0.229381
v -10.803655 1.330969 0.494894
v -10.815519 1.375536 1.003078
v -10.718352 1.493879 1.551497
v -10.817045 1.494850 1.995244
v -10.827411 1.506392 2.502345
v -10.857696 1.528477 2.859789
v -10.820108 1.500755 5.161737
v -11.069758 1.501019 5.346767
v -10.999717 1.499693 10.489126
v -10.790283 1.781776 1.693144
v -10.846668 1.969461 2.016821
v -10.794322 2.005868 2.502704
v -10.836043 1.994797 2.996755
v -10.747531 2.210453 3.276110
v -10.823523 1.999988 5.160669
v -11.071227 1.999669 5.345558
v -11.000247 1.999722 10.474097
v -10.890955 2.504602 2.081454
v -10.971052 2.463524 2.488126
v -10.941734 2.500832 3.047037
v -10.745028 2.501727 3.326749
v -10.780397 2.306410 5.209904
v -10.967643 2.483469 5.380580
v -10.999757 2.500511 10.418308
v -10.829133 2.997228 2.117937
v -11.010746 3.001503 2.454929
v -10.974560 2.990599 3.036157
v -10.752276 3.025245 3.494759
v -10.771712 3.198180 3.774947
v -11.007777 3.018533 5.598178
v -11.180612 3.200767 5.776159
v -11.000575 3.148641 10.198924
v -11.000230 2.891161 10.332875
v -10.865488 3.485620 2.062359
v -11.038629 3.526853 2.519847
v -10.812633 3.503402 2.975289
v -10.783223 3.339667 3.501156
v -10.786879 3.279949 3.774139
v -10.842203 3.310607 5.692519
v -10.975539 3.513242 6.002738
v -11.093997 3.679166 6.363470
v -10.999892 3.661489 9.578152
v -11.000842 3.425454 9.946005
v -10.844979 4.026318 2.129022
v -10.934115 4.076078 2.562391
v -10.745118 3.859267 2.780319
v -10.764111 3.755760 6.236713
v -10.952992 3.781489 6.522200
v -10.997990 3.940525 7.004588
v -10.999221 4.065346 7.501710
v -11.000493 4.111061 8.000075
v -11.000647 4.065400 8.501562
v -10.999999 3.917074 9.000129
v -11.000283 3.779567 9.321771
v -10.753571 4.281057 2.238901
v -10.783215 4.302792 2.320684
v -11.499936 0.102372 6.063732
v -11.499824 -0.067050 6.482487
v -11.499834 -0.099316 7.001033
v -11.499850 -0.091195 7.500994
v -11.499853 -0.087622 8.000000
v -11.499849 -0.091195 8.499000
v -11.499833 -0.099316 8.998959
v -11.499823 -0.067026 9.517634
v -11.499932 0.100331 9.933171
v -11.500000 0.609306 5.662922
v -11.499991 0.334753 5.813268
v -11.499990 0.336285 10.187901
v -11.500000 0.610794 10.337691
v -11.499998 1.003250 5.547415
v -11.500000 0.998615 10.451726
v -11.499990 1.502256 5.495088
v -11.500000 1.500186 10.504794
v -11.499988 1.996366 5.506051
v -11.500000 1.999980 10.493607
v -11.499994 2.495875 5.571566
v -11.500000 2.501787 10.427372
v -11.500000 2.895632 5.678513
v -11.500000 3.148210 5.811708
v -11.500000 3.140648 10.193447
v -11.500000 2.883650 10.326147
v -11.500000 3.417350 6.057143
v -11.500000 3.661503 6.415310
v -11.500000 3.663159 9.581682
v -11.500000 3.421191 9.938388
v -11.500000 3.786984 6.667750
v -11.500000 3.918999 6.998401
v -11.500000 4.050820 7.498955
v -11.500000 4.094719 8.000000
v -11.500000 4.050804 8.501136
v -11.500000 3.918721 9.002399
v -11.500000 3.789174 9.327381
v -12.000000 0.101318 6.065328
v -12.000000 -0.069438 6.494555
v -12.000000 -0.099328 7.000071
v -12.000000 -0.091209 7.500020
v -12.000000 -0.087622 8.000000
v -12.000000 -0.091209 8.499980
v -12.000000 -0.099328 8.999929
v -12.000000 -0.069438 9.505445
v -12.000000 0.101318 9.934672
v -12.000000 0.607997 5.663462
v -12.000000 0.342985 5.807041
v -12.000000 0.342985 10.192959
v -12.000000 0.607997 10.336538
v -12.000000 0.998976 5.548206
v -12.000000 0.998976 10.451794
v -12.000000 1.500235 5.495204
v -12.000000 1.500235 10.504796
v -12.000000 1.999903 5.506385
v -12.000000 1.999903 10.493615
v -12.000000 2.501784 5.572627
v -12.000000 2.501784 10.427373
v -12.000000 2.882664 5.673475
v -12.000000 3.140114 5.806192
v -12.000000 3.140114 10.193808
v -12.000000 2.882664 10.326525
v -12.000000 3.421503 6.061977
v -12.000000 3.662922 6.417888
v -12.000000 3.662922 9.582112
v -12.000000 3.421503 9.938023
v -12.000000 3.789063 6.672370
v -12.000000 3.918724 6.997611
v -12.000000 4.050795 7.498814
v -12.000000 4.094719 8.000000
v -12.000000 4.050795 8.501186
v -12.000000 3.918724 9.002389
v -12.000000 3.789063 9.327630
vt -0.990881 1.503161
vt -1.006249 1.632666
vt -1.008940 1.762931
vt -1.008209 1.886862
vt -1.007886 2.011391
vt -1.008209 2.136852
vt -1.008940 2.262895
vt -1.006249 2.385388
vt -0.990881 2.470497
vt -0.945280 1.336826
vt -0.969131 1.407172
vt -0.969131 2.503652
vt -0.945280 2.505095
vt -0.910092 1.257185
vt -0.910092 2.483081
vt -0.864979 1.178770
vt -0.864979 2.431168
vt -0.820009 1.116609
vt -0.820009 2.363416
vt -0.774839 1.067925
vt -0.774839 2.281611
vt -0.740560 1.043622
vt -0.717390 1.043333
vt -0.717390 2.140237
vt -0.740560 2.206885
vt -0.692065 1.070699
vt -0.670337 1.128292
vt -0.670337 1.919348
vt -0.692065 2.039710
vt -0.658984 1.175514
vt -0.647315 1.239969
vt -0.635428 1.348100
vt -0.631475 1.467686
vt -0.635428 1.598693
vt -0.647315 1.741163
vt -0.658984 1.839329
vt -0.865842 1.503032
vt -0.880988 1.629309
vt -0.883897 1.763171
vt -0.883170 1.887105
vt -0.882849 2.011391
vt -0.883170 2.136606
vt -0.883897 2.262652
vt -0.880990 2.388106
vt -0.865881 2.470451
vt -0.820097 1.336352
vt -0.844840 1.409691
vt -0.844853 2.503177
vt -0.820217 2.505076
vt -0.784837 1.256685
vt -0.785053 2.483045
vt -0.739854 1.178571
vt -0.739967 2.431153
vt -0.695246 1.116891
vt -0.695013 2.363424
vt -0.650277 1.068339
vt -0.649821 2.281575
vt -0.614538 1.043247
vt -0.591727 1.043629
vt -0.592486 2.140557
vt -0.615698 2.207231
vt -0.567386 1.070124
vt -0.545438 1.127927
vt -0.545276 1.918950
vt -0.567061 2.039695
vt -0.534133 1.174810
vt -0.522290 1.240128
vt -0.510424 1.348163
vt -0.506475 1.467686
vt -0.510430 1.598718
vt -0.522325 1.741262
vt -0.533928 1.838898
vt -0.734190 1.499937
vt -0.741405 1.612688
vt -0.742789 1.739596
vt -0.742439 1.864019
vt -0.742241 1.988760
vt -0.742507 2.114215
vt -0.742870 2.239742
vt -0.741510 2.362690
vt -0.734487 2.452449
vt -0.697777 1.329424
vt -0.722562 1.416960
vt -0.722779 2.500948
vt -0.697589 2.511763
vt -0.576553 1.149964
vt -0.639236 1.217062
vt -0.659622 2.490611
vt -0.558298 1.112341
vt -0.618493 1.148601
vt -0.614797 2.436191
vt -0.520190 1.040180
vt -0.581078 1.081875
vt -0.570055 2.362931
vt -0.484869 0.992545
vt -0.512827 1.019320
vt -0.524266 2.277888
vt -0.479549 1.004982
vt -0.506882 1.030591
vt -0.469036 2.142222
vt -0.493209 2.207761
vt -0.410161 0.992053
vt -0.440393 1.045144
vt -0.417002 1.107941
vt -0.421448 1.913310
vt -0.442418 2.037562
vt -0.407776 1.155196
vt -0.395610 1.239451
vt -0.384252 1.346728
vt -0.381722 1.468093
vt -0.386296 1.600343
vt -0.398494 1.744268
vt -0.410014 1.832883
vt -0.564091 1.381236
vt -0.612245 1.472546
vt -0.617652 1.614243
vt -0.618360 1.740415
vt -0.617000 1.863397
vt -0.616847 1.988225
vt -0.617125 2.113629
vt -0.618143 2.240087
vt -0.616993 2.363613
vt -0.597179 2.475502
vt -0.546263 2.532069
vt -0.514654 1.061964
vt -0.536666 1.176491
vt -0.593186 1.309169
vt -0.645118 1.412911
vt -0.626506 2.511486
vt -0.578885 2.545481
vt -0.482393 0.904383
vt -0.506782 0.988946
vt -0.547162 1.130075
vt -0.594507 1.205681
vt -0.537892 2.527997
vt -0.461116 0.834377
vt -0.477640 0.931066
vt -0.516276 1.052619
vt -0.490274 2.460550
vt -0.429807 0.755505
vt -0.435745 0.865495
vt -0.471207 0.983757
vt -0.446796 2.358371
vt -0.319593 0.454542
vt -0.361893 0.528758
vt -0.403238 0.674311
vt -0.396351 0.799054
vt -0.432412 0.931945
vt -0.442402 0.962540
vt -0.317049 2.205165
vt -0.384390 2.250325
vt -0.309031 0.405949
vt -0.355228 0.478995
vt -0.366393 0.610542
vt -0.358776 0.735082
vt -0.368088 0.863640
vt -0.405076 0.945181
vt -0.345549 2.153720
vt -0.397065 2.204174
vt -0.255517 0.349078
vt -0.300733 0.420466
vt -0.314026 0.546576
vt -0.308691 0.670309
vt -0.306301 0.796642
vt -0.344945 0.923145
vt -0.345152 1.024931
vt -0.349649 1.076686
vt -0.265528 1.816084
vt -0.307251 1.892337
vt -0.321607 2.033445
vt -0.229821 0.308886
vt -0.240635 0.343057
vt -0.255555 0.479907
vt -0.238619 0.605055
vt -0.226607 0.731052
vt -0.241118 0.856228
vt -0.238372 0.977251
vt -0.278775 1.099861
vt -0.240828 1.213266
vt -0.263378 1.334241
vt -0.245644 1.453458
vt -0.262927 1.602311
vt -0.292229 1.757096
vt -0.344218 1.826540
vt -0.183932 0.377116
vt -0.195412 0.411070
vt -0.183361 0.562867
vt -0.183041 0.691755
vt -0.177324 0.818178
vt -0.182624 0.901579
vt -0.183545 1.228032
vt -0.191743 1.316481
vt -0.189747 1.392312
vt -0.509656 0.908515
vt -0.510132 0.976924
vt -0.534555 1.039807
vt -0.507714 0.862501
vt -0.498522 0.936249
vt -0.522449 1.030441
vt -0.443454 0.644604
vt -0.439682 0.760687
vt -0.421281 0.824229
vt -0.457754 0.982576
vt -0.472553 1.112004
vt -0.475621 1.232733
vt -0.496228 1.352290
vt -0.495025 1.491394
vt -0.497270 1.620479
vt -0.496649 1.745027
vt -0.492577 1.864247
vt -0.490825 1.986725
vt -0.491328 2.112518
vt -0.493341 2.240354
vt -0.492422 2.364393
vt -0.482954 2.473914
vt -0.480075 2.539852
vt -0.412350 0.580590
vt -0.432210 0.686342
vt -0.403767 0.811160
vt -0.466757 0.947148
vt -0.501717 1.048961
vt -0.525120 1.210306
vt -0.530453 1.291747
vt -0.460538 2.573782
vt -0.359858 0.514922
vt -0.371901 0.620925
vt -0.406182 0.748024
vt -0.469052 0.880365
vt -0.494879 0.965252
vt -0.410388 2.546726
vt -0.293350 -0.044455
vt -0.296188 0.034612
vt -0.286428 0.160542
vt -0.294771 0.291314
vt -0.305916 0.430684
vt -0.328146 0.557238
vt -0.368246 0.682348
vt -0.409358 0.774432
vt -0.362246 2.472384
vt -0.268005 -0.097708
vt -0.296393 -0.008844
vt -0.310388 0.115559
vt -0.297982 0.240639
vt -0.302014 0.365503
vt -0.305687 0.489046
vt -0.332345 0.615681
vt -0.361681 0.704131
vt -0.320514 2.361262
vt -0.214346 -0.147184
vt -0.248154 -0.080608
vt -0.260829 0.049789
vt -0.258776 0.176862
vt -0.285266 0.297490
vt -0.305343 0.429395
vt -0.333267 0.566313
vt -0.346980 0.650269
vt -0.253286 2.203494
vt -0.275495 2.259070
vt -0.194911 -0.217771
vt -0.189922 -0.140202
vt -0.206734 -0.014581
vt -0.220223 0.109091
vt -0.213141 0.238167
vt -0.266026 0.346053
vt -0.229905 2.152943
vt -0.140708 -0.288596
vt -0.176676 -0.206398
vt -0.166190 -0.082186
vt -0.166260 0.045951
vt -0.197388 0.169413
vt -0.212627 0.284145
vt -0.166036 1.815336
vt -0.174785 1.905670
vt -0.195804 2.033704
vt -0.111024 -0.329665
vt -0.116640 -0.270315
vt -0.110541 -0.166815
vt -0.134944 -0.020707
vt -0.171112 0.097673
vt -0.183966 0.239638
vt -0.178718 0.309624
vt -0.178744 0.991437
vt -0.174771 1.077831
vt -0.179237 1.147396
vt -0.121143 1.489079
vt -0.137398 1.598046
vt -0.157897 1.735512
vt -0.040376 -0.166884
vt -0.052956 -0.081958
vt -0.076724 0.013886
vt -0.094600 0.164982
vt -0.101216 0.315111
vt -0.128431 0.402154
vt -0.123246 0.531167
vt -0.131700 0.657787
vt -0.125593 0.784974
vt -0.136895 0.919317
vt -0.111751 1.042646
vt -0.126598 1.164098
vt -0.082830 1.277962
vt -0.109618 1.409602
vt -0.022737 0.013726
vt -0.016379 0.119713
vt -0.019478 0.247089
vt -0.017014 0.359127
vt -0.014568 0.468849
vt -0.031090 0.604023
vt -0.035561 0.726374
vt -0.035808 0.854843
vt -0.027767 0.987700
vt -0.026950 1.122422
vt -0.015041 1.199551
vt 0.032816 0.370384
vt 0.030946 0.392594
vt -0.482085 1.161451
vt -0.512335 1.225349
vt -0.482826 1.305958
vt -0.456774 0.943392
vt -0.473872 1.076899
vt -0.484776 1.199549
vt -0.475177 1.294995
vt -0.413851 0.785553
vt -0.447908 0.881160
vt -0.454384 1.011381
vt -0.465315 1.086290
vt -0.395908 0.715423
vt -0.464501 0.805360
vt -0.416244 0.960877
vt -0.432210 1.043928
vt -0.311975 0.261684
vt -0.307208 0.348478
vt -0.310602 0.478306
vt -0.392429 0.618066
vt -0.428173 0.751396
vt -0.382515 0.900708
vt -0.373486 1.000423
vt -0.377004 1.127205
vt -0.377178 1.252458
vt -0.375674 1.375491
vt -0.373828 1.498259
vt -0.375692 1.625702
vt -0.374797 1.749833
vt -0.370127 1.867961
vt -0.367974 1.989825
vt -0.366915 2.113332
vt -0.367436 2.239073
vt -0.367311 2.364034
vt -0.358600 2.474302
vt -0.360047 2.547154
vt -0.254960 -0.164543
vt -0.282572 -0.081867
vt -0.299874 0.054071
vt -0.310312 0.186006
vt -0.289895 0.308197
vt -0.335058 0.436151
vt -0.378148 0.523973
vt -0.323024 2.575011
vt -0.232675 -0.205835
vt -0.272730 -0.130499
vt -0.305274 -0.005697
vt -0.320570 0.120340
vt -0.281781 0.242916
vt -0.346411 0.365612
vt -0.354297 0.450250
vt -0.284446 2.538534
vt -0.194262 -0.278251
vt -0.263255 -0.200199
vt -0.296108 -0.067678
vt -0.299194 0.066927
vt -0.272067 0.196997
vt -0.305774 0.329399
vt -0.317783 0.408512
vt -0.242064 2.449734
vt -0.157218 -0.350976
vt -0.213728 -0.264694
vt -0.240971 -0.158974
vt -0.195091 2.352118
vt -0.109911 -0.378280
vt -0.128681 -0.336977
vt -0.180076 -0.213640
vt -0.187872 2.204885
vt -0.156761 2.256285
vt -0.055342 -0.354523
vt -0.132522 -0.285994
vt -0.113656 2.160961
vt -0.092075 2.192115
vt -0.016544 -0.414138
vt -0.088665 -0.366769
vt -0.088055 1.820797
vt -0.045657 1.895607
vt -0.067160 2.042196
vt 0.017550 -0.456547
vt -0.023114 -0.425651
vt -0.056650 -0.297178
vt -0.054562 -0.237434
vt -0.041210 1.507836
vt -0.004187 1.578567
vt -0.030965 1.755653
vt 0.000430 1.846631
vt 0.053575 -0.420168
vt 0.033348 -0.371305
vt 0.010175 -0.220784
vt -0.003220 -0.115371
vt -0.009098 -0.046498
vt 0.045333 1.296256
vt 0.015131 1.438923
vt 0.044308 1.517374
vt 0.113741 -0.361774
vt 0.104430 -0.284326
vt 0.063078 -0.148875
vt 0.039665 -0.043422
vt 0.046784 0.086654
vt 0.043027 0.214930
vt 0.052944 0.311328
vt 0.033565 0.484317
vt 0.041388 0.577850
vt 0.037700 0.697496
vt 0.038212 0.822151
vt 0.056680 0.956204
vt 0.069580 1.089552
vt 0.083301 1.191674
vt 0.158158 -0.287672
vt 0.152303 -0.191882
vt 0.151592 -0.061409
vt 0.146980 0.051924
vt 0.150733 0.159436
vt 0.077935 0.291407
vt 0.074511 0.412463
vt 0.125956 0.538122
vt 0.117098 0.663949
vt 0.127559 0.786584
vt 0.150497 0.902255
vt 0.153605 1.061936
vt 0.159780 1.130127
vt 0.194987 0.157462
vt 0.191986 0.221775
vt 0.199509 0.333918
vt 0.213843 0.486389
vt 0.205204 0.590894
vt 0.222588 0.715588
vt 0.204684 0.816351
vt 0.249870 0.248620
vt 0.249872 0.250896
vt 0.249419 0.589305
vt 0.254341 0.623342
vt -0.457291 1.403322
vt -0.502094 1.459626
vt -0.428895 1.209282
vt -0.468666 1.327351
vt -0.451871 1.430549
vt -0.375889 1.027338
vt -0.440105 1.129229
vt -0.495745 1.281216
vt -0.427875 1.351927
vt -0.318372 0.714250
vt -0.362291 0.804313
vt -0.403995 0.934808
vt -0.436467 1.062128
vt -0.423593 1.226210
vt -0.395123 1.300739
vt -0.263640 0.528078
vt -0.301385 0.627888
vt -0.381263 0.759881
vt -0.423029 0.850932
vt -0.332991 1.148134
vt -0.313451 1.225338
vt -0.210555 0.216892
vt -0.224821 0.290928
vt -0.255253 0.447074
vt -0.299882 0.562756
vt -0.344923 0.648438
vt -0.340518 0.979152
vt -0.293001 1.062627
vt -0.226106 1.115851
vt -0.169462 -0.097244
vt -0.206115 -0.017561
vt -0.228731 0.139010
vt -0.279574 0.241763
vt -0.278996 0.381557
vt -0.284012 0.511238
vt -0.317963 0.601129
vt -0.319347 0.949039
vt -0.258580 1.042127
vt -0.245044 1.120479
vt -0.251755 1.252522
vt -0.251849 1.377669
vt -0.249122 1.498653
vt -0.248095 1.621980
vt -0.248984 1.749010
vt -0.245916 1.869092
vt -0.245019 1.992738
vt -0.243496 2.115563
vt -0.242650 2.239382
vt -0.241730 2.364112
vt -0.238992 2.466444
vt -0.282835 2.539697
vt -0.200951 -0.164087
vt -0.250016 -0.050262
vt -0.281876 0.088652
vt -0.276094 0.167941
vt -0.184383 2.485608
vt -0.213537 2.505867
vt -0.089774 -0.350009
vt -0.148706 -0.274339
vt -0.160242 2.512118
vt -0.061423 -0.397361
vt -0.132419 -0.343488
vt -0.114729 2.468784
vt -0.040012 -0.484984
vt -0.096200 -0.417903
vt -0.067884 2.364798
vt 0.007758 -0.499469
vt -0.022805 -0.439424
vt -0.061703 -0.401943
vt -0.024846 2.288683
vt 0.053396 -0.467184
vt -0.017254 -0.428322
vt -0.014661 2.142644
vt 0.016071 2.185052
vt 0.120975 -0.521497
vt 0.056039 -0.468553
vt 0.089002 1.937845
vt 0.058695 2.067071
vt 0.077535 2.141772
vt 0.149980 -0.551160
vt 0.112309 -0.511857
vt 0.075080 -0.475441
vt 0.128008 1.614963
vt 0.113959 1.721848
vt 0.093154 1.867936
vt 0.201322 -0.529554
vt 0.131930 -0.473238
vt 0.115354 -0.428010
vt 0.128028 1.315622
vt 0.162350 1.400334
vt 0.141503 1.537520
vt 0.252214 -0.599337
vt 0.179889 -0.538857
vt 0.139902 -0.419060
vt 0.159524 -0.365509
vt 0.198147 1.252387
vt 0.226595 1.325368
vt 0.278761 -0.642807
vt 0.270084 -0.589691
vt 0.233294 -0.464718
vt 0.205589 -0.345775
vt 0.214300 -0.223322
vt 0.211993 -0.103028
vt 0.210200 0.015291
vt 0.211724 0.095064
vt 0.216609 0.916184
vt 0.234906 1.028873
vt 0.253014 1.126614
vt 0.326556 -0.572951
vt 0.323075 -0.517352
vt 0.314332 -0.428750
vt 0.289417 -0.283643
vt 0.286688 -0.160840
vt 0.282767 -0.030362
vt 0.251139 0.092801
vt 0.255219 0.178824
vt 0.254343 0.344741
vt 0.261321 0.453616
vt 0.247208 0.528661
vt 0.258161 0.736873
vt 0.270768 0.830412
vt 0.307454 0.990726
vt 0.329806 1.064330
vt 0.372606 -0.421339
vt 0.374672 -0.324828
vt 0.382366 -0.195641
vt 0.392301 -0.075805
vt 0.351948 0.027926
vt 0.302434 0.170353
vt 0.292496 0.275508
vt 0.309586 0.404116
vt 0.273115 0.524725
vt 0.291348 0.646826
vt 0.297813 0.782223
vt 0.353345 0.891843
vt 0.421254 -0.071158
vt 0.428670 -0.031888
vt 0.410810 0.092231
vt 0.397005 0.217815
vt 0.395475 0.339098
vt 0.354337 0.448438
vt 0.351995 0.589289
vt 0.393369 0.717089
vt 0.404675 0.823426
vt 0.440750 -0.044582
vt 0.448188 0.055154
vt 0.457106 0.175242
vt 0.447531 0.300821
vt 0.435672 0.402752
vt 0.445604 0.540729
vt 0.455513 0.633832
vt -0.355653 1.608271
vt -0.356405 1.611442
vt -0.323555 1.287818
vt -0.382055 1.373107
vt -0.416376 1.557731
vt -0.371472 1.605682
vt -0.312559 1.076944
vt -0.346861 1.201024
vt -0.398902 1.307317
vt -0.412279 1.494311
vt -0.345962 1.560040
vt -0.222006 0.663150
vt -0.237175 0.733588
vt -0.258733 0.872995
vt -0.321657 1.003814
vt -0.377331 1.110523
vt -0.352342 1.425444
vt -0.282207 1.469765
vt -0.177000 0.474355
vt -0.213931 0.574709
vt -0.263104 0.695451
vt -0.297316 0.835787
vt -0.328547 0.924440
vt -0.295264 1.353963
vt -0.251934 1.425376
vt -0.145855 0.272484
vt -0.158936 0.386064
vt -0.218492 0.513262
vt -0.267686 0.608784
vt -0.254233 1.157598
vt -0.236837 1.240934
vt -0.184944 1.349160
vt -0.100233 -0.037665
vt -0.144166 0.051058
vt -0.160817 0.195760
vt -0.207939 0.323829
vt -0.225741 0.431143
vt -0.247315 1.148984
vt -0.206648 1.186990
vt -0.129363 1.279024
vt -0.083222 -0.249584
vt -0.128355 -0.119008
vt -0.190508 0.015497
vt -0.195758 0.127922
vt -0.164169 1.154216
vt -0.121993 1.249793
vt -0.126942 1.377810
vt -0.124110 1.498627
vt -0.122837 1.621876
vt -0.120421 1.743308
vt -0.122491 1.871259
vt -0.121736 1.995282
vt -0.121295 2.119541
vt -0.118784 2.241098
vt -0.115498 2.361331
vt -0.109197 2.435966
vt -0.059255 -0.300370
vt -0.109663 -0.212711
vt -0.086325 2.471654
vt -0.054638 2.483678
vt -0.053060 -0.367205
vt -0.106089 -0.294779
vt -0.037425 2.526477
vt 0.020920 2.533519
vt 0.072775 -0.531097
vt 0.028486 -0.459061
vt -0.022227 2.467587
vt 0.041831 2.484739
vt 0.079715 -0.563734
vt 0.050276 -0.549946
vt 0.033544 2.408831
vt 0.096228 2.432909
vt 0.107687 -0.542462
vt 0.087417 -0.508257
vt 0.099947 2.358409
vt 0.135780 2.395144
vt 0.207296 -0.572669
vt 0.146746 -0.531159
vt 0.145242 2.236759
vt 0.229993 -0.624792
vt 0.200724 -0.593366
vt 0.202791 1.943714
vt 0.191085 2.030311
vt 0.178621 2.139751
vt 0.209374 -0.637384
vt 0.187922 -0.579582
vt 0.195550 1.634382
vt 0.233088 1.715159
vt 0.213793 1.858259
vt 0.315994 -0.670445
vt 0.263395 -0.594447
vt 0.257620 1.434008
vt 0.273966 1.545939
vt 0.291748 1.645952
vt 0.360770 -0.750329
vt 0.291629 -0.663458
vt 0.288415 1.256629
vt 0.321483 1.340244
vt 0.348971 1.461258
vt 0.395766 -0.804822
vt 0.368991 -0.724984
vt 0.332346 -0.648289
vt 0.337190 1.190544
vt 0.400987 1.249756
vt 0.443140 -0.733498
vt 0.411658 -0.654174
vt 0.391188 -0.546523
vt 0.375078 -0.496257
vt 0.432610 0.988138
vt 0.414932 1.100330
vt 0.450961 1.199200
vt 0.494000 -0.642248
vt 0.484807 -0.586640
vt 0.427769 -0.481393
vt 0.424214 -0.357164
vt 0.429851 -0.231692
vt 0.422823 -0.134444
vt 0.458504 0.933308
vt 0.544453 -0.567626
vt 0.543676 -0.521781
vt 0.478143 -0.414227
vt 0.463875 -0.286042
vt 0.460687 -0.143274
vt 0.460499 -0.093549
vt 0.489830 0.734014
vt 0.511698 0.807476
vt 0.580906 -0.539457
vt 0.573188 -0.466049
vt 0.574838 -0.359221
vt 0.556095 -0.220878
vt 0.505710 -0.114304
vt 0.529889 0.010950
vt 0.538455 0.137295
vt 0.545137 0.266758
vt 0.542456 0.371873
vt 0.565390 0.508552
vt 0.544455 0.667170
vt 0.582426 0.746879
vt 0.620389 -0.367845
vt 0.620817 -0.279158
vt 0.611550 -0.158492
vt 0.622033 -0.021790
vt 0.626952 0.117193
vt 0.626792 0.238878
vt 0.622707 0.356876
vt 0.621866 0.450491
vt -0.247816 1.450868
vt -0.280326 1.555989
vt -0.295663 1.675497
vt -0.237207 1.739245
vt -0.194426 1.030967
vt -0.206534 1.117318
vt -0.264264 1.258399
vt -0.288029 1.400996
vt -0.313344 1.511985
vt -0.304651 1.684483
vt -0.232868 1.729741
vt -0.166656 0.710093
vt -0.177498 0.813426
vt -0.216956 0.954797
vt -0.252131 1.064838
vt -0.278070 1.190338
vt -0.214385 1.603341
vt -0.182335 1.653001
vt -0.121387 0.539795
vt -0.180931 0.637014
vt -0.210197 0.765370
vt -0.242056 0.905297
vt -0.263676 0.981013
vt -0.176449 1.527937
vt -0.061736 0.346009
vt -0.129628 0.443391
vt -0.192635 0.557277
vt -0.137266 1.480215
vt -0.084165 1.509407
vt -0.025784 0.141718
vt -0.067902 0.259520
vt -0.115376 0.382777
vt -0.122924 1.409475
vt -0.068511 1.472107
vt 0.034027 -0.281403
vt 0.011196 -0.203493
vt -0.029563 -0.065325
vt -0.060266 0.079375
vt -0.104676 0.175802
vt -0.060228 1.357002
vt -0.037804 1.427951
vt 0.029212 -0.334411
vt -0.043501 -0.260262
vt -0.056836 -0.137826
vt -0.002368 1.293863
vt -0.003779 1.380473
vt -0.000640 1.500936
vt 0.000779 1.623825
vt 0.003808 1.744425
vt 0.002627 1.871203
vt 0.001280 1.998143
vt -0.000181 2.124601
vt 0.001670 2.247788
vt 0.008932 2.362092
vt 0.015266 2.443542
vt 0.062611 -0.399876
vt -0.007216 -0.368114
vt 0.025095 2.491275
vt 0.054277 2.554797
vt 0.112357 2.595111
vt 0.082331 -0.500302
vt 0.031979 -0.433471
vt 0.043497 2.555406
vt 0.096094 2.559058
vt 0.131165 -0.526855
vt 0.063090 -0.470653
vt 0.132927 2.519607
vt 0.175388 -0.611349
vt 0.150092 -0.584403
vt 0.178085 2.461540
vt 0.251858 -0.630404
vt 0.225207 -0.594961
vt 0.239767 2.351096
vt 0.209427 2.412214
vt 0.275706 -0.616573
vt 0.349634 2.137752
vt 0.294513 2.221408
vt 0.296909 -0.688970
vt 0.273169 -0.658821
vt 0.395667 1.824427
vt 0.311317 1.904819
vt 0.326006 2.061711
vt 0.279193 2.142461
vt 0.386720 -0.719557
vt 0.320504 -0.699032
vt 0.366713 1.770192
vt 0.306381 1.828161
vt 0.439781 -0.797770
vt 0.379800 -0.739383
vt 0.373994 1.559547
vt 0.396116 1.666257
vt 0.442013 -0.894246
vt 0.411618 -0.810951
vt 0.439268 1.360935
vt 0.447707 1.486165
vt 0.486712 1.567648
vt 0.490361 -0.955767
vt 0.457215 -0.851746
vt 0.459018 -0.797159
vt 0.454950 1.330955
vt 0.492405 1.409045
vt 0.526701 1.514603
vt 0.561732 -0.969901
vt 0.545207 -0.889048
vt 0.537347 -0.780449
vt 0.522986 -0.720679
vt 0.502041 0.998613
vt 0.541698 1.083820
vt 0.535216 1.234039
vt 0.575322 1.319785
vt 0.614671 -0.757229
vt 0.597467 -0.692615
vt 0.567589 -0.628812
vt 0.545247 0.957217
vt 0.613722 0.992066
vt 0.671021 -0.704604
vt 0.644434 -0.629618
vt 0.602930 -0.584764
vt 0.643593 0.854963
vt 0.667725 0.930997
vt 0.707565 -0.665891
vt 0.673895 -0.612097
vt 0.646171 -0.497591
vt 0.638769 -0.430238
vt 0.641901 0.541934
vt 0.653698 0.633429
vt 0.681152 0.741556
vt 0.738401 -0.635516
vt 0.731014 -0.539077
vt 0.716707 -0.436731
vt 0.705168 -0.298569
vt 0.696451 -0.192655
vt 0.700107 -0.054635
vt 0.732847 0.080889
vt 0.716984 0.213389
vt 0.742956 0.351219
vt 0.713586 0.473406
vt 0.735238 0.595095
vt 0.761343 0.675296
vt 0.795908 -0.407153
vt 0.808337 -0.316879
vt 0.779274 -0.211780
vt 0.786624 -0.089826
vt 0.804762 0.008568
vt 0.803805 0.358370
vt 0.790191 0.417112
vt 0.792184 0.519496
vt -0.122280 1.087333
vt -0.132447 1.181467
vt -0.155564 1.309525
vt -0.189020 1.426199
vt -0.176913 1.565670
vt -0.186318 1.695930
vt -0.179646 1.767846
vt -0.073079 0.666636
vt -0.101202 0.746173
vt -0.115646 0.878826
vt -0.138771 1.012800
vt -0.169443 1.149494
vt -0.202714 1.288468
vt -0.229113 1.363001
vt -0.151384 1.764374
vt -0.080034 0.598398
vt -0.138586 0.693952
vt -0.157148 0.845722
vt -0.176856 0.938865
vt -0.137298 1.606768
vt -0.105489 1.648469
vt -0.000790 0.414948
vt -0.059250 0.511647
vt -0.131098 0.610231
vt -0.109024 1.572255
vt -0.046219 1.598956
vt 0.074814 -0.025081
vt 0.057977 0.045850
vt 0.033410 0.181106
vt -0.006004 0.322566
vt -0.071237 0.417566
vt -0.081758 1.530125
vt -0.019288 1.544355
vt 0.116604 -0.214714
vt 0.067889 -0.117049
vt 0.033934 0.005506
vt 0.016862 0.126604
vt -0.013854 0.242272
vt 0.029724 1.531767
vt 0.080334 -0.284539
vt 0.025930 -0.171956
vt 0.007718 -0.033253
vt 0.004220 0.047454
vt 0.034624 1.351061
vt 0.070549 1.449649
vt 0.168449 -0.483340
vt 0.111762 -0.401950
vt 0.041785 1.328963
vt 0.113950 1.388854
vt 0.121433 1.505204
vt 0.125157 1.624751
vt 0.128136 1.745343
vt 0.129314 1.868636
vt 0.128828 1.994445
vt 0.124965 2.124981
vt 0.123226 2.252515
vt 0.132165 2.364760
vt 0.142710 2.469458
vt 0.177032 2.560661
vt 0.194624 -0.526944
vt 0.144632 -0.467940
vt 0.104570 2.509284
vt 0.143227 2.590722
vt 0.184577 2.627919
vt 0.238261 -0.594251
vt 0.179210 -0.539082
vt 0.212857 2.605160
vt 0.278487 -0.660824
vt 0.223904 -0.611800
vt 0.260029 2.535373
vt 0.327435 -0.707700
vt 0.306477 -0.720642
vt 0.331501 2.379365
vt 0.307390 2.441173
vt 0.357309 -0.664402
vt 0.336398 -0.636477
vt 0.423457 2.213664
vt 0.344548 2.295376
vt 0.290308 2.393718
vt 0.438359 -0.710516
vt 0.378060 -0.676393
vt 0.472035 2.012370
vt 0.428173 2.124444
vt 0.355687 2.209191
vt 0.465875 -0.768766
vt 0.439581 -0.759807
vt 0.405247 1.824032
vt 0.435072 1.909264
vt 0.397149 2.043014
vt 0.493169 -0.773133
vt 0.452419 1.769155
vt 0.520472 1.795657
vt 0.576281 -0.930445
vt 0.515692 -0.867660
vt 0.505972 1.708231
vt 0.561104 1.746545
vt 0.599480 -0.986976
vt 0.533344 -0.950494
vt 0.555497 1.631358
vt 0.615929 1.673696
vt 0.649854 -1.031532
vt 0.620064 -1.011493
vt 0.608296 1.417786
vt 0.629182 1.528627
vt 0.656419 1.633558
vt 0.653420 -1.004306
vt 0.680406 -0.919890
vt 0.650359 -0.824983
vt 0.633191 1.118852
vt 0.684723 1.204567
vt 0.668763 1.355029
vt 0.703266 1.440707
vt 0.745027 -0.899872
vt 0.714312 -0.833580
vt 0.677192 -0.769281
vt 0.673368 1.064498
vt 0.742107 1.124603
vt 0.786992 -0.852372
vt 0.754947 -0.784056
vt 0.726881 -0.719024
vt 0.724231 0.872769
vt 0.757567 0.958175
vt 0.788853 1.062519
vt 0.823396 -0.807436
vt 0.777841 -0.760641
vt 0.764745 -0.674654
vt 0.797057 0.799589
vt 0.822271 0.872733
vt 0.876726 -0.767484
vt 0.808739 -0.691002
vt 0.810336 -0.569179
vt 0.803699 -0.490706
vt 0.808281 0.104087
vt 0.815715 0.184739
vt 0.816491 0.284220
vt 0.816620 0.620596
vt 0.843723 0.677472
vt 0.929059 -0.762442
vt 0.908751 -0.725376
vt 0.885883 -0.601947
vt 0.861358 -0.490229
vt 0.904254 -0.373879
vt 0.868355 -0.253871
vt 0.855133 -0.125894
vt 0.854612 0.025904
vt 0.903729 0.145068
vt 0.887939 0.270723
vt 0.895045 0.386955
vt 0.881930 0.545476
vt 0.909736 0.617686
vt 0.963417 -0.339595
vt 0.951496 -0.278430
vt 0.943287 -0.154772
vt 0.950641 -0.023999
vt 0.967057 0.075529
vt 0.968197 0.258452
vt 0.969732 0.321965
vt -0.020177 0.962926
vt -0.073696 1.064039
vt -0.068102 1.207455
vt -0.070862 1.337000
vt -0.075650 1.467607
vt -0.074848 1.593338
vt -0.072581 1.710505
vt -0.049540 1.764666
vt -0.003656 0.649445
vt -0.033212 0.768930
vt -0.046914 0.908349
vt -0.097285 0.995941
vt -0.019488 1.745985
vt 0.102239 0.353480
vt 0.069642 0.435429
vt 0.011800 0.543897
vt 0.024979 1.676226
vt 0.134763 0.158133
vt 0.102041 0.266316
vt 0.046303 0.391279
vt -0.006835 0.481068
vt 0.068892 1.627337
vt 0.106002 -0.035626
vt 0.111689 0.081112
vt 0.066166 0.214012
vt 0.064000 0.298880
vt 0.118714 1.575682
vt 0.174350 -0.219322
vt 0.135716 -0.144008
vt 0.243002 1.410244
vt 0.177517 1.471349
vt 0.261042 -0.406477
vt 0.197203 -0.339718
vt 0.263609 1.389799
vt 0.196999 1.423622
vt 0.246754 -0.472482
vt 0.190756 -0.406031
vt 0.291251 1.310971
vt 0.247427 1.388896
vt 0.246731 1.504861
vt 0.249789 1.625299
vt 0.251629 1.747684
vt 0.252157 1.871879
vt 0.252648 1.996398
vt 0.248750 2.126667
vt 0.245050 2.256618
vt 0.252085 2.372981
vt 0.264591 2.481376
vt 0.265282 2.593549
vt 0.296763 -0.566638
vt 0.292849 2.592410
vt 0.258351 2.600634
vt 0.341724 -0.640939
vt 0.371142 2.541737
vt 0.306275 2.571154
vt 0.384966 -0.704124
vt 0.465850 2.334185
vt 0.443301 2.427821
vt 0.380650 2.539124
vt 0.432634 -0.723862
vt 0.406025 -0.706691
vt 0.481002 2.297473
vt 0.419123 2.362665
vt 0.394258 2.462541
vt 0.502577 -0.751670
vt 0.481819 -0.719579
vt 0.483138 2.242693
vt 0.429261 2.267661
vt 0.519145 -0.760413
vt 0.484413 2.012868
vt 0.518242 2.096551
vt 0.558563 -0.807901
vt 0.529827 -0.786952
vt 0.564457 1.932881
vt 0.599020 2.004591
vt 0.641550 -0.843875
vt 0.570465 -0.809350
vt 0.597051 1.861883
vt 0.655268 1.947665
vt 0.658676 -0.924661
vt 0.591217 -0.858594
vt 0.659758 1.808208
vt 0.683411 1.897614
vt 0.693076 -1.041732
vt 0.711997 1.688116
vt 0.742345 -1.073798
vt 0.712685 -1.059602
vt 0.715292 1.548869
vt 0.745849 1.625087
vt 0.799802 -1.064871
vt 0.789642 -1.030435
vt 0.778701 -0.951141
vt 0.752151 1.248655
vt 0.752121 1.329667
vt 0.785476 1.467579
vt 0.822279 1.567303
vt 0.866670 -1.009980
vt 0.843608 -0.943106
vt 0.808868 -0.913070
vt 0.809884 1.186859
vt 0.869192 1.276667
vt 0.868768 1.377348
vt 0.910697 -0.961288
vt 0.884075 -0.894069
vt 0.848614 -0.861457
vt 0.856445 0.981841
vt 0.886189 1.087548
vt 0.914232 1.200421
vt 0.946064 -0.913525
vt 0.916074 -0.866654
vt 0.894300 -0.806366
vt 0.940411 0.796031
vt 0.924268 0.905581
vt 0.958312 1.004031
vt 0.988466 -0.847498
vt 0.963681 -0.819890
vt 0.970573 0.705240
vt 0.998778 -0.793878
vt 1.013896 -0.752980
vt 0.983999 -0.635789
vt 0.982132 -0.510850
vt 0.979038 -0.423980
vt 0.979959 0.168005
vt 0.979959 0.191431
vt 0.988579 0.418001
vt 1.016579 0.507399
vt 0.994648 0.616215
vt 1.074901 -0.735937
vt 1.059462 -0.650507
vt 1.056531 -0.527295
vt 1.039944 -0.397297
vt 1.054026 -0.297395
vt 1.057183 -0.166774
vt 1.054686 -0.037144
vt 1.038297 0.104947
vt 1.037939 0.215272
vt 1.042705 0.358132
vt 1.076922 0.427331
vt 0.089645 1.172813
vt 0.085243 1.239926
vt 0.080037 1.364359
vt 0.070868 1.492677
vt 0.080615 1.565980
vt 0.074249 0.947122
vt 0.048193 1.106879
vt 0.027497 1.231702
vt 0.023179 1.355917
vt 0.013759 1.484604
vt 0.041636 1.604715
vt 0.068498 1.726841
vt 0.026037 1.749836
vt 0.184572 0.295070
vt 0.147265 0.364071
vt 0.134317 0.498248
vt 0.085115 0.620983
vt 0.092177 0.783622
vt 0.090388 0.867402
vt 0.130200 1.696406
vt 0.104891 1.716452
vt 0.194739 0.239305
vt 0.146261 0.334119
vt 0.083449 0.468091
vt 0.069603 0.548008
vt 0.148054 1.653880
vt 0.268484 0.038576
vt 0.207709 0.133024
vt 0.153488 0.253779
vt 0.198873 1.612879
vt 0.246266 -0.041393
vt 0.194691 0.057274
vt 0.315055 1.479275
vt 0.251552 1.528114
vt 0.288823 -0.233141
vt 0.266753 -0.146403
vt 0.296590 1.418763
vt 0.248162 1.455393
vt 0.337350 -0.405855
vt 0.311574 -0.340290
vt 0.333035 1.352261
vt 0.425081 -0.603199
vt 0.371947 -0.525317
vt 0.368188 1.297843
vt 0.371177 1.380671
vt 0.372748 1.503486
vt 0.376112 1.623322
vt 0.376244 1.748139
vt 0.377865 1.870640
vt 0.376982 1.997163
vt 0.373696 2.126858
vt 0.371609 2.254843
vt 0.376307 2.374724
vt 0.383077 2.486930
vt 0.413287 2.591140
vt 0.440921 -0.650628
vt 0.379624 -0.611689
vt 0.416603 2.540957
vt 0.479258 -0.729023
vt 0.419148 -0.683329
vt 0.468850 2.492916
vt 0.540997 -0.790571
vt 0.476147 -0.755613
vt 0.518853 2.324954
vt 0.494469 2.397241
vt 0.594450 -0.795790
vt 0.564051 -0.771919
vt 0.553519 2.268867
vt 0.601684 -0.763621
vt 0.570632 -0.771921
vt 0.599627 2.207538
vt 0.684064 -0.840139
vt 0.614187 -0.804431
vt 0.643308 2.146464
vt 0.727248 -0.923503
vt 0.660277 -0.864903
vt 0.695296 2.050653
vt 0.760975 -0.999287
vt 0.696245 -0.925686
vt 0.741876 2.017417
vt 0.816872 -1.039243
vt 0.745260 -0.998355
vt 0.742003 1.819916
vt 0.786657 1.915278
vt 0.845940 -1.100308
vt 0.829870 -1.102697
vt 0.801300 1.764642
vt 0.850050 1.818348
vt 0.867046 -1.114597
vt 0.874582 1.683424
vt 0.903322 1.756209
vt 0.900826 -1.092749
vt 0.919353 -1.045884
vt 0.905410 1.492482
vt 0.925249 1.549617
vt 0.965304 -1.057772
vt 0.942446 -1.022852
vt 0.919649 1.294299
vt 0.945653 1.435391
vt 1.000096 1.498703
vt 1.041013 -1.078297
vt 1.002677 -1.056967
vt 0.982288 -0.977537
vt 0.974152 1.109820
vt 0.992589 1.214837
vt 1.016476 1.331360
vt 1.083760 -1.041780
vt 1.054627 -0.981102
vt 1.030697 -0.908118
vt 1.010914 0.804727
vt 1.050255 0.884312
vt 1.033179 1.041874
vt 1.076125 1.141126
vt 1.124385 -0.954828
vt 1.102549 -0.890492
vt 1.070168 -0.858874
vt 1.081181 0.737151
vt 1.100910 0.824416
vt 1.167246 -0.902258
vt 1.133855 -0.844732
vt 1.152041 -0.772242
vt 1.196784 0.418145
vt 1.149122 0.498708
vt 1.123989 0.623034
vt 1.166948 -0.732788
vt 1.180780 -0.664111
vt 1.188098 -0.555157
vt 1.185896 -0.423052
vt 1.185135 -0.292990
vt 1.184275 -0.169101
vt 1.185256 -0.043153
vt 1.182989 0.085386
vt 1.182841 0.208482
vt 1.168631 0.357896
vt 1.117566 0.428357
vt 0.158269 1.159520
vt 0.157319 1.245286
vt 0.153747 1.374198
vt 0.152933 1.500749
vt 0.155383 1.586064
vt 0.251297 0.355736
vt 0.248752 0.390527
vt 0.224706 0.849597
vt 0.184770 0.931537
vt 0.166557 1.081965
vt 0.168627 1.639105
vt 0.193556 1.633747
vt 0.232049 0.290363
vt 0.194634 0.427466
vt 0.228158 0.517376
vt 0.233879 0.639754
vt 0.193432 0.795585
vt 0.146741 0.860565
vt 0.220825 1.638924
vt 0.191258 1.670904
vt 0.323070 0.095888
vt 0.258664 0.163729
vt 0.279749 1.614626
vt 0.217364 1.644239
vt 0.314155 0.030724
vt 0.262876 0.104129
vt 0.319437 1.538592
vt 0.263833 1.578032
vt 0.426268 -0.149999
vt 0.367941 -0.092913
vt 0.354888 1.492560
vt 0.288513 1.524722
vt 0.475140 -0.341085
vt 0.414186 -0.240280
vt 0.345986 -0.151496
vt 0.410182 1.423839
vt 0.533142 -0.531746
vt 0.468349 -0.422397
vt 0.394407 -0.338250
vt 0.458883 1.329329
vt 0.501198 -0.597216
vt 0.460761 -0.520639
vt 0.498746 1.288694
vt 0.499425 1.375560
vt 0.499950 1.500084
vt 0.499223 1.626013
vt 0.501751 1.747560
vt 0.502274 1.871723
vt 0.502783 1.996011
vt 0.500994 2.123535
vt 0.499318 2.251182
vt 0.502650 2.374060
vt 0.514016 2.482662
vt 0.516333 2.538371
vt 0.538543 -0.711384
vt 0.556803 2.507748
vt 0.655530 -0.839314
vt 0.597750 -0.784554
vt 0.589740 2.464998
vt 0.675020 -0.869560
vt 0.643186 -0.844487
vt 0.622773 2.330546
vt 0.641033 2.372442
vt 0.667044 -0.854513
vt 0.638530 -0.827739
vt 0.668001 2.291822
vt 0.730717 2.302459
vt 0.770749 -0.934641
vt 0.692575 -0.862236
vt 0.705445 2.233480
vt 0.766601 2.248944
vt 0.823351 -0.959031
vt 0.753304 -0.920939
vt 0.749900 2.166502
vt 0.814142 2.167083
vt 0.870941 -1.023245
vt 0.796771 -0.999239
vt 0.821018 2.092311
vt 0.852379 2.135678
vt 0.899594 -1.054940
vt 0.866385 -1.108903
vt 0.862775 1.995407
vt 0.903241 -1.070935
vt 0.902551 1.959733
vt 0.950537 -1.118303
vt 0.955259 -1.069048
vt 0.952849 1.866360
vt 0.990444 -1.059471
vt 1.038563 -1.015712
vt 1.005925 1.692870
vt 0.980340 1.774839
vt 0.973580 -1.072011
vt 1.009737 -0.997990
vt 1.041961 1.583984
vt 1.082769 -1.057743
vt 1.094167 1.446179
vt 1.070950 1.500473
vt 1.120425 -1.101612
vt 1.142735 -1.108424
vt 1.106088 1.234474
vt 1.134920 1.325353
vt 1.160480 -1.059510
vt 1.182263 -1.011751
vt 1.147190 0.919614
vt 1.182301 1.009444
vt 1.161246 1.170144
vt 1.196209 1.253906
vt 1.207189 -0.980479
vt 1.230790 -0.961572
vt 1.208861 0.727410
vt 1.221665 0.833797
vt 1.237776 0.944169
vt 1.254658 -0.931676
vt 1.285223 -0.854307
vt 1.251263 -0.786426
vt 1.285854 0.411949
vt 1.273187 0.509452
vt 1.259237 0.662783
vt 1.298983 0.743567
vt 1.343146 -0.847375
vt 1.306157 -0.770975
vt 1.310549 -0.667468
vt 1.322127 -0.562933
vt 1.318404 -0.434047
vt 1.319014 -0.306026
vt 1.327533 -0.204970
vt 1.328061 -0.066528
vt 1.312650 0.075961
vt 1.312658 0.201597
vt 1.307332 0.332533
vt 1.383180 -0.189098
vt 1.385544 -0.124846
vt 0.277694 1.137298
vt 0.272808 1.257393
vt 0.273136 1.383138
vt 0.274478 1.506248
vt 0.277907 1.628521
vt 0.323516 1.697014
vt 0.319851 0.350438
vt 0.324577 0.441092
vt 0.402067 0.533201
vt 0.384690 0.674811
vt 0.332479 0.809913
vt 0.303328 0.961992
vt 0.292686 1.061757
vt 0.251681 1.653300
vt 0.306916 1.704307
vt 0.385260 1.745730
vt 0.435028 0.169556
vt 0.368992 0.238229
vt 0.298750 0.468215
vt 0.335886 0.524196
vt 0.336858 0.655612
vt 0.308383 0.754064
vt 0.339872 1.668599
vt 0.396129 1.718596
vt 0.407947 0.135803
vt 0.357414 0.174749
vt 0.401168 1.609895
vt 0.427946 1.671402
vt 0.490499 -0.103505
vt 0.433963 -0.021959
vt 0.445362 1.503096
vt 0.515999 -0.139400
vt 0.445031 -0.078108
vt 0.489022 1.489690
vt 0.546227 1.493361
vt 0.546131 -0.339940
vt 0.538689 -0.259843
vt 0.494075 1.419426
vt 0.557166 1.463320
vt 0.598192 -0.536012
vt 0.582956 -0.435738
vt 0.527154 1.374382
vt 0.593704 1.422350
vt 0.692574 -0.720410
vt 0.630219 -0.645521
vt 0.584525 1.299024
vt 0.624360 1.378376
vt 0.623400 1.502209
vt 0.624639 1.625801
vt 0.625094 1.749881
vt 0.625419 1.874649
vt 0.627013 1.997080
vt 0.625948 2.123567
vt 0.625866 2.248817
vt 0.625953 2.373927
vt 0.630445 2.487447
vt 0.618286 2.599436
vt 0.693545 -0.764770
vt 0.631626 -0.743025
vt 0.663948 2.603722
vt 0.726212 2.619125
vt 0.694057 -0.840236
vt 0.637204 -0.790387
vt 0.708981 2.534876
vt 0.743607 2.596436
vt 0.771813 -0.912617
vt 0.742222 -0.914123
vt 0.759997 2.391383
vt 0.837601 -0.918291
vt 0.810877 -0.915990
vt 0.806202 2.306744
vt 0.849129 -0.925980
vt 0.849287 2.268266
vt 0.889198 -0.985911
vt 0.891211 2.212797
vt 0.923776 -1.007422
vt 0.972799 -1.009095
vt 0.891860 2.092612
vt 0.921847 2.143912
vt 0.904107 -1.053293
vt 0.975295 -1.062113
vt 0.933477 2.031759
vt 0.984874 2.070822
vt 1.030633 -1.068384
vt 1.016758 1.985652
vt 1.033432 2.021476
vt 1.062112 -1.085515
vt 1.085947 -1.054401
vt 1.075005 1.872343
vt 1.130793 -1.048806
vt 1.098961 -1.028339
vt 1.129045 1.676460
vt 1.110448 1.761196
vt 1.197688 -1.082663
vt 1.174459 -1.048762
vt 1.165000 1.600522
vt 1.211902 -1.086398
vt 1.191076 1.431708
vt 1.213959 1.491560
vt 1.245886 -1.140364
vt 1.215419 -1.129331
vt 1.252422 1.366259
vt 1.283022 1.437501
vt 1.303628 -1.168647
vt 1.289527 -1.116047
vt 1.275238 -1.050898
vt 1.294683 1.042320
vt 1.315485 1.132439
vt 1.286710 1.260845
vt 1.369722 -1.091365
vt 1.344114 -1.030260
vt 1.311835 -1.001421
vt 1.353953 0.832791
vt 1.337637 0.984101
vt 1.383643 1.055509
vt 1.405505 -1.047896
vt 1.387657 -1.001630
vt 1.373135 -0.920924
vt 1.405191 0.408076
vt 1.388998 0.513127
vt 1.386340 0.652580
vt 1.373287 0.750646
vt 1.464188 -0.966047
vt 1.425810 -0.909652
vt 1.441605 -0.798868
vt 1.444243 -0.682065
vt 1.452849 -0.570553
vt 1.461689 -0.442132
vt 1.421622 -0.322764
vt 1.401502 -0.255915
vt 1.453176 -0.027888
vt 1.449202 0.063036
vt 1.435230 0.208258
vt 1.420228 0.330756
vt 1.511459 -0.411856
vt 1.490926 -0.337261
vt 1.458147 -0.228539
vt 1.462976 -0.105990
vt 0.473202 0.914374
vt 0.438989 0.992618
vt 0.387021 1.114638
vt 0.395010 1.262726
vt 0.395897 1.386785
vt 0.395246 1.512333
vt 0.399174 1.631673
vt 0.401117 1.715505
vt 0.451877 0.346791
vt 0.438026 0.440582
vt 0.464788 0.555405
vt 0.444201 0.702310
vt 0.450814 0.847343
vt 0.393257 0.978399
vt 0.351183 1.050521
vt 0.429244 1.737544
vt 0.448507 1.764129
vt 0.498405 0.161633
vt 0.477667 0.246830
vt 0.472186 1.750958
vt 0.592503 -0.026572
vt 0.543945 0.099658
vt 0.539157 1.601512
vt 0.517948 1.672310
vt 0.594468 -0.225313
vt 0.547254 -0.098335
vt 0.534362 -0.002600
vt 0.583806 1.535482
vt 0.623237 1.568987
vt 0.621820 -0.286032
vt 0.574681 -0.221456
vt 0.567096 1.506247
vt 0.612048 1.536268
vt 0.727209 -0.467657
vt 0.650833 -0.366800
vt 0.575311 -0.274737
vt 0.655268 1.520790
vt 0.705177 -0.541851
vt 0.653869 -0.458128
vt 0.704576 1.454409
vt 0.754703 -0.725191
vt 0.732015 -0.650551
vt 0.747510 1.415185
vt 0.747784 1.503211
vt 0.750449 1.624376
vt 0.750813 1.748809
vt 0.752512 1.871326
vt 0.752742 1.996026
vt 0.750795 2.123837
vt 0.748975 2.251385
vt 0.749618 2.375521
vt 0.755965 2.492122
vt 0.769220 2.619362
vt 0.791745 -0.794085
vt 0.792627 2.609855
vt 0.764438 2.616769
vt 0.815066 -0.889608
vt 0.845711 2.563553
vt 0.781703 2.597073
vt 0.877021 -0.939300
vt 0.884405 2.437015
vt 0.911863 -0.945346
vt 0.943544 -0.943921
vt 0.928935 2.357939
vt 0.959872 -0.892711
vt 1.020236 -0.878970
vt 0.974800 2.308857
vt 1.013129 -0.986414
vt 1.066443 -0.945721
vt 1.020559 2.249827
vt 1.082576 -1.005409
vt 1.083792 -1.004328
vt 1.064262 2.177675
vt 1.173200 -1.081044
vt 1.110519 -1.041268
vt 1.109858 2.088488
vt 1.193536 -1.118040
vt 1.162707 -1.056432
vt 1.172990 1.944930
vt 1.153857 2.015096
vt 1.194882 -1.103635
vt 1.173370 -1.093928
vt 1.198917 1.867081
vt 1.278124 -1.172048
vt 1.226806 -1.104751
vt 1.238139 1.684939
vt 1.256540 1.738015
vt 1.333420 -1.190663
vt 1.314356 -1.132077
vt 1.251680 -1.108288
vt 1.296724 1.628665
vt 1.328042 1.690257
vt 1.361890 -1.196451
vt 1.299369 -1.146046
vt 1.402378 1.435202
vt 1.340822 1.484323
vt 1.412870 -1.199979
vt 1.383720 -1.202021
vt 1.386925 1.367561
vt 1.326186 1.436038
vt 1.429821 -1.188512
vt 1.406704 -1.151373
vt 1.470295 1.049705
vt 1.426142 1.132545
vt 1.405011 1.248890
vt 1.499721 -1.222690
vt 1.461112 -1.170979
vt 1.452779 -1.096520
vt 1.484946 0.849600
vt 1.445452 0.984958
vt 1.390530 1.055708
vt 1.550143 -1.145681
vt 1.514059 -1.095162
vt 1.531483 -1.041498
vt 1.477924 0.417662
vt 1.500226 0.496010
vt 1.533693 0.630229
vt 1.502518 0.754778
vt 1.543691 -0.990314
vt 1.561231 -0.921983
vt 1.577329 -0.819537
vt 1.539264 -0.697091
vt 1.529529 -0.568051
vt 1.527430 -0.494760
vt 1.549050 -0.018504
vt 1.555949 0.050844
vt 1.557524 0.187606
vt 1.539133 0.334554
vt 1.584103 0.450447
vt 1.596469 0.555468
vt 1.629309 -0.798228
vt 1.611822 -0.717238
vt 1.603461 -0.585587
vt 1.579987 -0.460173
vt 1.593992 -0.345625
vt 1.596066 -0.220821
vt 1.594607 -0.076650
vt 1.623443 0.043231
vt 1.635918 0.169337
vt 1.640608 0.291734
vt 1.643746 0.361879
vt 0.591347 0.545181
vt 0.567956 0.619506
vt 0.542487 0.751692
vt 0.520614 0.879636
vt 0.516343 1.012720
vt 0.515199 1.143846
vt 0.518526 1.265381
vt 0.516066 1.393334
vt 0.515141 1.519344
vt 0.518916 1.639569
vt 0.522849 1.725257
vt 0.566144 0.339524
vt 0.563747 0.475757
vt 0.516217 0.603653
vt 0.495014 0.731480
vt 0.489455 0.825907
vt 0.552181 1.711991
vt 0.521821 1.739880
vt 0.622712 0.178203
vt 0.595404 0.238201
vt 0.612753 1.657156
vt 0.554110 1.711805
vt 0.727031 -0.145028
vt 0.676914 -0.074659
vt 0.643561 0.066830
vt 0.663967 1.639223
vt 0.599145 1.677379
vt 0.708283 -0.213993
vt 0.642470 -0.118474
vt 0.695999 1.585359
vt 0.653098 1.585108
vt 0.744704 -0.349890
vt 0.759249 1.491704
vt 0.698882 1.523815
vt 0.793649 -0.471907
vt 0.772615 -0.398185
vt 0.799972 1.436117
vt 0.775313 1.451172
vt 0.829613 -0.568620
vt 0.841314 1.456651
vt 0.877323 -0.719146
vt 0.857113 -0.650946
vt 0.870101 1.413887
vt 0.872280 1.504140
vt 0.875301 1.624562
vt 0.876422 1.748121
vt 0.877904 1.870907
vt 0.880563 1.991640
vt 0.876860 2.122393
vt 0.872380 2.253617
vt 0.873792 2.376711
vt 0.880252 2.491890
vt 0.885683 2.584342
vt 0.908842 -0.827763
vt 0.916670 2.587932
vt 0.990483 -0.920020
vt 0.961578 2.512356
vt 1.015723 -0.957426
vt 1.009381 2.437443
vt 1.060896 -0.939754
vt 1.030900 -0.918069
vt 1.052201 2.403345
vt 1.145044 -1.019269
vt 1.115736 -0.919068
vt 1.071556 -0.846522
vt 1.105514 2.346992
vt 1.159328 2.353528
vt 1.170301 -1.065535
vt 1.192800 -1.004689
vt 1.097402 -0.924633
vt 1.120220 2.291390
vt 1.187423 2.317265
vt 1.172097 -1.054892
vt 1.121511 -1.002290
vt 1.193582 2.210953
vt 1.222853 2.262551
vt 1.221213 -1.135419
vt 1.234019 2.114131
vt 1.268363 -1.164289
vt 1.280300 -1.158825
vt 1.298144 1.943557
vt 1.275184 2.018910
vt 1.307940 -1.177670
vt 1.324771 1.869011
vt 1.368774 -1.232051
vt 1.367324 1.769643
vt 1.395500 -1.250056
vt 1.427853 -1.252101
vt 1.421999 1.625588
vt 1.399799 1.686783
vt 1.462572 -1.222822
vt 1.432146 1.434025
vt 1.457755 1.500034
vt 1.494086 -1.224813
vt 1.515842 -1.229779
vt 1.498353 1.367645
vt 1.520490 1.437924
vt 1.549907 -1.226642
vt 1.525660 1.049412
vt 1.559626 1.131171
vt 1.536021 1.247301
vt 1.576528 -1.211111
vt 1.598931 -1.182110
vt 1.600096 0.838072
vt 1.581937 0.982914
vt 1.615421 1.066224
vt 1.621695 -1.152237
vt 1.644242 -1.122471
vt 1.616270 -1.063272
vt 1.657124 0.663903
vt 1.629732 0.752997
vt 1.703698 -1.085840
vt 1.672749 -1.032866
vt 1.708533 -0.929652
vt 1.679545 -0.870681
vt 1.696718 0.472470
vt 1.671007 0.568043
vt 1.765845 -0.893339
vt 1.717368 -0.831113
vt 1.724532 -0.726919
vt 1.725085 -0.601702
vt 1.729550 -0.484825
vt 1.735319 -0.363974
vt 1.732603 -0.237531
vt 1.727282 -0.100174
vt 1.722830 0.011635
vt 1.715341 0.139925
vt 1.712478 0.271264
vt 1.714766 0.380964
vt 0.657591 0.531655
vt 0.648827 0.629984
vt 0.647232 0.759622
vt 0.643163 0.890328
vt 0.640530 1.019216
vt 0.637956 1.147668
vt 0.639468 1.270768
vt 0.636493 1.399668
vt 0.637840 1.523741
vt 0.646422 1.650722
vt 0.624981 1.710127
vt 0.740888 0.223885
vt 0.678967 0.310537
vt 0.665842 0.455817
vt 0.737882 1.648084
vt 0.672386 1.671506
vt 0.729635 0.178839
vt 0.665452 0.228942
vt 0.783480 1.572431
vt 0.726061 1.614867
vt 0.738139 -0.145236
vt 0.777065 -0.093555
vt 0.772878 0.066856
vt 0.829951 1.509991
vt 0.760004 1.543730
vt 0.814793 -0.202588
vt 0.826275 -0.137555
vt 0.865814 1.469527
vt 0.824346 1.473107
vt 0.865587 -0.328523
vt 0.863289 1.425509
vt 0.918810 -0.462411
vt 0.896457 -0.394115
vt 0.904315 1.399766
vt 0.872897 1.414400
vt 0.955847 -0.562712
vt 0.974886 1.352420
vt 0.914035 1.398145
vt 1.019684 -0.701491
vt 0.991277 -0.659190
vt 1.035699 1.300114
vt 0.995129 1.378735
vt 0.997504 1.503568
vt 1.000422 1.624387
vt 1.003545 1.744785
vt 1.003754 1.869574
vt 1.004917 1.993155
vt 1.001626 2.122737
vt 0.996941 2.254378
vt 0.998702 2.376933
vt 1.005400 2.493588
vt 1.017555 2.552592
vt 1.048140 -0.762245
vt 1.046885 2.547867
vt 1.091424 -0.838707
vt 1.088590 2.512779
vt 1.135373 -0.912546
vt 1.133122 2.421129
vt 1.167703 -0.983472
vt 1.179773 2.426654
vt 1.228691 -1.040055
vt 1.233127 2.376662
vt 1.205941 2.360580
vt 1.274137 -1.096286
vt 1.246561 -1.076649
vt 1.304059 2.329471
vt 1.272012 2.326553
vt 1.349863 -1.126485
vt 1.319777 -1.132949
vt 1.297722 2.206161
vt 1.317661 2.250886
vt 1.361899 -1.133064
vt 1.362976 2.151518
vt 1.391937 2.201562
vt 1.388016 -1.140653
vt 1.373429 -1.153150
vt 1.400987 1.942932
vt 1.419817 2.010765
vt 1.475028 -1.212606
vt 1.459302 -1.220803
vt 1.455297 1.877152
vt 1.487215 1.945261
vt 1.499769 -1.240196
vt 1.499636 1.765703
vt 1.532877 -1.247569
vt 1.554780 -1.220837
vt 1.552146 1.630362
vt 1.529718 1.682903
vt 1.578404 -1.184606
vt 1.591536 1.536221
vt 1.624273 -1.228998
vt 1.647894 -1.242435
vt 1.636483 1.366809
vt 1.614609 1.441442
vt 1.689209 -1.230020
vt 1.743071 -1.193099
vt 1.694303 1.165967
vt 1.669105 1.252746
vt 1.660650 -1.210044
vt 1.729028 -1.168172
vt 1.799025 -1.133557
vt 1.729438 0.840320
vt 1.717230 0.963666
vt 1.704992 1.082860
vt 1.720498 -1.155557
vt 1.781680 -1.122341
vt 1.823955 -1.063633
vt 1.774144 0.662068
vt 1.752569 0.748589
vt 1.744793 -1.088553
vt 1.804385 -1.056729
vt 1.823929 -0.950022
vt 1.852954 -0.868951
vt 1.872830 -0.528132
vt 1.874251 -0.444103
vt 1.886439 -0.378364
vt 1.827727 0.462677
vt 1.803970 0.558253
vt 1.774393 -0.894025
vt 1.818476 -0.825279
vt 1.848607 -0.726699
vt 1.858205 -0.597210
vt 1.842534 -0.479255
vt 1.885413 -0.385776
vt 1.872547 -0.262624
vt 1.864509 -0.126786
vt 1.861363 0.006328
vt 1.867666 0.129449
vt 1.853636 0.273258
vt 1.836004 0.386179
vt 0.845432 0.422991
vt 0.792846 0.491602
vt 0.772494 0.633699
vt 0.769258 0.764108
vt 0.765755 0.893903
vt 0.765114 1.019914
vt 0.762578 1.148515
vt 0.762697 1.273289
vt 0.762457 1.398848
vt 0.765655 1.521002
vt 0.770027 1.593830
vt 0.824546 0.209011
vt 0.807622 0.356330
vt 0.767115 0.437056
vt 0.826521 1.592312
vt 0.917620 -0.095465
vt 0.859634 0.006383
vt 0.868676 0.108097
vt 0.853776 1.520381
vt 0.933870 -0.143038
vt 0.880229 -0.052324
vt 0.846179 0.050095
vt 0.899586 1.465939
vt 1.028851 -0.334602
vt 0.946502 -0.252821
vt 0.883144 -0.136766
vt 0.936469 1.423737
vt 0.898662 1.428113
vt 1.035931 -0.370420
vt 0.973177 -0.344881
vt 0.990982 1.340492
vt 0.928446 1.380825
vt 1.031643 -0.452476
vt 0.970610 -0.398822
vt 1.060389 1.293798
vt 0.997860 1.337830
vt 1.079339 -0.573910
vt 1.126114 1.241404
vt 1.057696 1.288679
vt 1.146415 -0.720921
vt 1.123989 -0.669701
vt 1.165684 1.177818
vt 1.123119 1.257300
vt 1.120715 1.381329
vt 1.122122 1.504525
vt 1.124768 1.625340
vt 1.125526 1.749541
vt 1.126682 1.872903
vt 1.126849 1.997453
vt 1.125219 2.124982
vt 1.122034 2.254360
vt 1.124229 2.376176
vt 1.132701 2.499570
vt 1.102480 2.537455
vt 1.169643 -0.767401
vt 1.202008 2.526172
vt 1.171398 2.511318
vt 1.214168 -0.846374
vt 1.290286 2.409843
vt 1.228753 2.457698
vt 1.259005 -0.917716
vt 1.302324 2.367573
vt 1.274366 2.387670
vt 1.304216 -0.985095
vt 1.371194 2.286366
vt 1.327660 2.359883
vt 1.349853 -1.046896
vt 1.392145 2.255620
vt 1.355578 2.285404
vt 1.395406 -1.100613
vt 1.401256 2.280675
vt 1.371625 2.313851
vt 1.431685 -1.138032
vt 1.454166 -1.158447
vt 1.488124 2.233250
vt 1.419475 2.260853
vt 1.484983 -1.186398
vt 1.475355 2.145019
vt 1.416535 2.201813
vt 1.530488 -1.196693
vt 1.575826 1.943675
vt 1.529413 2.012810
vt 1.564106 -1.208807
vt 1.587068 -1.220699
vt 1.642852 1.750929
vt 1.563313 1.850565
vt 1.494083 1.945274
vt 1.621782 -1.240553
vt 1.651965 1.708973
vt 1.590720 1.734833
vt 1.661817 -1.247577
vt 1.677715 -1.214079
vt 1.663583 1.646448
vt 1.603650 1.687566
vt 1.715940 -1.185299
vt 1.784587 -1.185045
vt 1.707894 1.557625
vt 1.710742 -1.213108
vt 1.765452 -1.217413
vt 1.767000 1.361527
vt 1.744224 1.435733
vt 1.790292 -1.174973
vt 1.813243 -1.162399
vt 1.855494 -0.215659
vt 1.872834 -0.182863
vt 1.768989 1.177002
vt 1.796970 1.253739
vt 1.831663 -1.123234
vt 1.858802 -1.104644
vt 1.897209 -0.384589
vt 1.850360 -0.292054
vt 1.888631 -0.206835
vt 1.856471 0.836551
vt 1.848426 0.955056
vt 1.825787 1.111949
vt 1.858083 1.187055
vt 1.883776 -1.085455
vt 1.907357 -1.039195
vt 1.925793 -0.453520
vt 1.911851 -0.355106
vt 1.924307 -0.259512
vt 1.895056 0.648500
vt 1.879713 0.753564
vt 1.932906 -1.008369
vt 1.941404 -0.929225
vt 1.948900 -0.844655
vt 1.937357 -0.529561
vt 1.906083 -0.412383
vt 1.927469 -0.309406
vt 2.016675 0.107457
vt 2.017890 0.115954
vt 1.968878 0.336255
vt 1.933553 0.433837
vt 1.917430 0.556778
vt 1.964982 -0.812233
vt 1.972802 -0.735669
vt 1.965403 -0.623359
vt 1.972399 -0.321251
vt 2.017180 -0.281428
vt 1.996243 -0.116607
vt 1.961272 0.052104
vt 1.989503 0.138839
vt 1.945958 0.283934
vt 1.898008 0.361230
vt 0.910160 0.401051
vt 0.902774 0.502553
vt 0.892396 0.640849
vt 0.889350 0.771294
vt 0.887625 0.898433
vt 0.890101 1.019927
vt 0.888110 1.147687
vt 0.886917 1.274693
vt 0.889586 1.396172
vt 0.901491 1.512074
vt 0.851000 1.552269
vt 0.937503 0.198641
vt 0.916511 0.326921
vt 0.929986 1.454732
vt 0.875015 1.519741
vt 0.976636 -0.108942
vt 0.965475 0.031457
vt 0.959002 0.112023
vt 0.989467 1.404209
vt 0.927580 1.458311
vt 1.066837 -0.274865
vt 1.010287 -0.208816
vt 1.049406 1.353868
vt 0.990087 1.409472
vt 1.070876 -0.340539
vt 1.006376 -0.283991
vt 1.094175 1.289570
vt 1.040747 1.349624
vt 1.119359 -0.420684
vt 1.153461 1.234696
vt 1.096771 1.287011
vt 1.165695 -0.505615
vt 1.201981 1.214574
vt 1.167719 1.223661
vt 1.205355 -0.598218
vt 1.310657 1.105988
vt 1.210160 1.184303
vt 1.262338 -0.704454
vt 1.240312 -0.662159
vt 1.293530 1.058550
vt 1.249337 1.135701
vt 1.246447 1.255061
vt 1.247543 1.378527
vt 1.249357 1.500885
vt 1.247325 1.628595
vt 1.245889 1.755790
vt 1.245562 1.881253
vt 1.248050 2.003067
vt 1.244870 2.131767
vt 1.245185 2.256736
vt 1.247501 2.379265
vt 1.263089 2.463470
vt 1.294984 -0.761725
vt 1.293252 2.491715
vt 1.263666 2.483449
vt 1.340162 -0.844011
vt 1.337907 2.436095
vt 1.277259 2.461552
vt 1.385167 -0.921342
vt 1.384592 2.341777
vt 1.348929 2.332236
vt 1.430452 -0.983206
vt 1.437737 2.282181
vt 1.438382 2.282410
vt 1.475700 -1.045571
vt 1.440866 2.242187
vt 1.487346 2.247050
vt 1.520426 -1.099457
vt 1.520680 2.190674
vt 1.558155 -1.142730
vt 1.580713 -1.164167
vt 1.559528 2.158264
vt 1.611267 -1.182498
vt 1.601679 2.082979
vt 1.655774 -1.194840
vt 1.673050 1.948493
vt 1.649639 2.007131
vt 1.683113 -1.193335
vt 1.706202 -1.206532
vt 1.682008 1.750069
vt 1.705898 1.831272
vt 1.746914 -1.218558
vt 1.747139 1.692014
vt 1.772953 1.752650
vt 1.776998 -1.215702
vt 1.801065 -1.211769
vt 1.790303 1.621569
vt 1.829308 -1.182067
vt 1.853981 -1.179531
vt 1.897909 1.435077
vt 1.853659 1.514312
vt 1.883250 -1.204998
vt 1.890371 1.383816
vt 1.840138 1.441022
vt 1.936918 -1.239856
vt 1.940450 -1.159807
vt 1.960775 -0.135276
vt 1.932905 -0.132851
vt 1.994446 1.174931
vt 1.938861 1.254796
vt 1.960158 -1.140960
vt 1.986526 -1.063503
vt 2.016997 -0.954898
vt 1.969687 -0.390651
vt 1.952142 -0.341628
vt 1.963364 -0.173098
vt 1.982430 0.830780
vt 1.969505 0.958804
vt 1.960067 1.110633
vt 1.917383 1.184608
vt 1.957220 -1.049350
vt 2.005463 -0.961845
vt 2.052709 -0.897982
vt 2.015299 -0.462539
vt 2.007287 -0.174026
vt 2.056052 0.537206
vt 1.998532 0.625618
vt 1.996921 0.750728
vt 1.988011 -0.967168
vt 2.041253 -0.897070
vt 2.080777 -0.865158
vt 2.061802 -0.539981
vt 2.060693 -0.244940
vt 2.140688 -0.020141
vt 2.091689 0.060423
vt 2.075697 0.169659
vt 2.059673 0.307900
vt 2.041856 0.477120
vt 1.979266 0.550783
vt 2.097030 -0.819051
vt 2.119853 -0.752516
vt 2.094661 -0.628860
vt 2.085538 -0.274547
vt 2.094473 -0.220454
vt 2.098944 -0.082425
vt 2.060928 0.017252
vt 2.049110 0.187943
vt 2.041788 0.242157
vt 1.089084 0.160294
vt 1.060856 0.247955
vt 1.016138 0.371969
vt 1.012656 0.522726
vt 1.005787 0.657056
vt 1.003223 0.785779
vt 1.007584 0.905731
vt 1.015183 1.019073
vt 1.015923 1.143334
vt 1.015308 1.269589
vt 1.028305 1.407221
vt 1.005826 1.442135
vt 1.110585 -0.559040
vt 1.110591 -0.433986
vt 1.109511 -0.308255
vt 1.104318 -0.183085
vt 1.110782 -0.064072
vt 1.098866 0.086624
vt 1.017028 0.199975
vt 0.979796 0.305499
vt 1.093974 1.418547
vt 1.063964 1.412778
vt 1.116959 -0.609867
vt 1.116980 -0.484927
vt 1.113687 -0.360076
vt 1.099142 -0.234420
vt 1.061845 -0.118303
vt 1.041558 0.037517
vt 1.025396 0.111373
vt 1.106727 1.350138
vt 1.148822 -0.675031
vt 1.148846 -0.550073
vt 1.144236 -0.424608
vt 1.111850 -0.293150
vt 1.067810 -0.204448
vt 1.150135 1.321538
vt 1.196588 -0.739987
vt 1.196465 -0.614847
vt 1.180449 -0.488841
vt 1.148284 -0.406165
vt 1.193868 1.251569
vt 1.258317 -0.805232
vt 1.257809 -0.679742
vt 1.228585 -0.552755
vt 1.188619 -0.480091
vt 1.231127 1.176069
vt 1.317808 -0.854746
vt 1.323302 -0.733527
vt 1.298984 -0.631174
vt 1.229264 -0.551352
vt 1.276705 1.168814
vt 1.248484 1.180164
vt 1.337377 -0.652484
vt 1.271664 -0.620263
vt 1.329968 1.113050
vt 1.263331 1.167352
vt 1.359632 -0.694236
vt 1.293005 -0.656937
vt 1.369675 1.044531
vt 1.371520 1.130260
vt 1.373270 1.252370
vt 1.374208 1.376059
vt 1.374485 1.500764
vt 1.373492 1.627220
vt 1.369491 1.757586
vt 1.369554 1.882894
vt 1.368137 2.009478
vt 1.369036 2.133639
vt 1.369785 2.258015
vt 1.377446 2.378212
vt 1.393613 2.432972
vt 1.419997 -0.758658
vt 1.421813 2.448531
vt 1.465087 -0.834353
vt 1.458942 2.396863
vt 1.511549 -0.913571
vt 1.510661 2.360908
vt 1.556330 -0.978492
vt 1.542128 2.276592
vt 1.513927 2.270945
vt 1.601759 -1.033043
vt 1.618271 2.223985
vt 1.557681 2.264427
vt 1.656453 -1.089914
vt 1.719386 -1.102876
vt 1.687458 2.163596
vt 1.629483 2.197458
vt 1.649484 -1.128477
vt 1.700120 -1.139142
vt 1.744057 2.106197
vt 1.678875 2.106623
vt 1.736643 -1.171648
vt 1.773292 2.073206
vt 1.743296 2.049531
vt 1.780944 -1.185634
vt 1.830317 -1.163160
vt 1.792787 1.950735
vt 1.770162 2.005979
vt 1.755206 -1.188146
vt 1.815315 -1.168340
vt 1.824165 1.853010
vt 1.858799 -1.163561
vt 1.912802 -1.150522
vt 1.879203 1.701001
vt 1.860847 1.745473
vt 1.848419 -1.195208
vt 1.910575 -1.185430
vt 1.993379 1.497311
vt 1.925712 1.578831
vt 1.949619 -1.165045
vt 1.973195 -1.158229
vt 1.963379 1.442702
vt 1.916542 1.504836
vt 2.006560 -1.180546
vt 2.003950 1.341396
vt 2.045037 -1.166200
vt 2.049499 -1.120204
vt 2.015137 -0.214036
vt 2.014806 -0.160607
vt 2.066174 1.173048
vt 2.044789 1.245501
vt 2.078579 -1.098738
vt 2.080129 -1.026832
vt 2.090674 -0.896588
vt 2.143706 -0.879573
vt 2.059272 -0.377652
vt 2.063053 -0.295185
vt 2.072139 -0.191361
vt 2.112594 0.842717
vt 2.103520 0.949832
vt 2.086360 1.087170
vt 2.060527 -0.884573
vt 2.129451 -0.853803
vt 2.196466 -0.805742
vt 2.108210 -0.442268
vt 2.150688 -0.358302
vt 2.136574 -0.181318
vt 2.223556 0.423170
vt 2.159785 0.498462
vt 2.131550 0.654823
vt 2.121285 0.767579
vt 2.123803 -0.842999
vt 2.187839 -0.822060
vt 2.188967 -0.532969
vt 2.205601 -0.444329
vt 2.183455 -0.286049
vt 2.222003 -0.195394
vt 2.195281 -0.056032
vt 2.197680 0.071315
vt 2.180278 0.203992
vt 2.183672 0.359674
vt 2.147497 0.441319
vt 2.217255 -0.797017
vt 2.234579 -0.737287
vt 2.225377 -0.577267
vt 2.267694 -0.508958
vt 2.157734 -0.274465
vt 2.170694 -0.211401
vt 2.155546 -0.105855
vt 1.179010 0.487986
vt 1.164197 0.554943
vt 1.145686 0.683276
vt 1.154762 0.779774
vt 1.165451 -0.493171
vt 1.165388 -0.368199
vt 1.163885 -0.243393
vt 1.163945 -0.118676
vt 1.157818 0.008264
vt 1.129681 0.135662
vt 1.126879 0.278240
vt 1.132835 0.429299
vt 1.107625 0.545518
vt 1.089920 0.673829
vt 1.117396 0.809611
vt 1.126859 0.914216
vt 1.139195 1.020764
vt 1.141839 1.142353
vt 1.142430 1.266482
vt 1.139660 1.401646
vt 1.187567 1.441066
vt 1.122629 -0.524588
vt 1.122652 -0.399557
vt 1.119874 -0.273940
vt 1.118756 -0.147377
vt 1.124303 -0.025103
vt 1.117559 0.065643
vt 1.110813 1.419651
vt 1.174764 1.422872
vt 1.230940 1.369960
vt 1.277342 1.323180
vt 1.321898 1.268643
vt 1.372794 1.203483
vt 1.374158 -0.888215
vt 1.377957 -0.765102
vt 1.370769 -0.706400
vt 1.409747 1.160931
vt 1.463430 -0.924795
vt 1.462806 -0.799582
vt 1.446417 -0.729052
vt 1.461729 1.059958
vt 1.499786 -0.715174
vt 1.496197 1.042787
vt 1.498858 1.126577
vt 1.499124 1.251276
vt 1.500689 1.373881
vt 1.500802 1.498850
vt 1.499895 1.625122
vt 1.497108 1.754329
vt 1.495732 1.881191
vt 1.492779 2.010460
vt 1.493722 2.134486
vt 1.496496 2.255329
vt 1.505359 2.371316
vt 1.522058 2.413103
vt 1.532054 -0.747122
vt 1.580472 -0.759593
vt 1.530586 2.453916
vt 1.551588 -0.823571
vt 1.613995 -0.812487
vt 1.589163 2.408175
vt 1.624549 -0.893050
vt 1.686491 -0.880706
vt 1.639438 2.339357
vt 1.672750 -0.961148
vt 1.734384 -0.948048
vt 1.680097 2.252525
vt 1.692408 -1.018105
vt 1.754873 -1.009100
vt 1.729786 2.210748
vt 1.788004 2.211508
vt 1.703957 -1.061451
vt 1.765385 -1.072201
vt 1.731407 2.158550
vt 1.794820 2.177179
vt 1.818277 -1.113982
vt 1.787396 2.108743
vt 1.849023 2.122024
vt 1.861939 -1.137066
vt 1.813499 2.075137
vt 1.865816 2.056150
vt 1.890755 -1.139187
vt 1.913261 -1.141785
vt 1.911861 1.965546
vt 1.887934 2.012570
vt 1.950639 -1.145116
vt 1.957738 1.854104
vt 1.980004 -1.130827
vt 2.004675 -1.129979
vt 2.007598 1.708713
vt 1.989692 1.760909
vt 2.040044 -1.163691
vt 2.014288 1.497156
vt 2.041614 1.572228
vt 2.078092 -1.177171
vt 2.100502 -1.169322
vt 2.068150 1.435363
vt 2.100789 1.500240
vt 2.130373 -1.176661
vt 2.137046 1.332058
vt 2.155336 -1.150376
vt 2.178368 -1.102668
vt 2.183469 1.195839
vt 2.163694 1.246499
vt 2.199896 -1.081970
vt 2.208956 -1.029498
vt 2.224137 -0.913750
vt 2.238151 -0.867194
vt 2.214100 0.853715
vt 2.250297 0.918871
vt 2.221805 1.090548
vt 2.252440 -0.821812
vt 2.275918 -0.775385
vt 2.338104 0.043868
vt 2.333151 0.113858
vt 2.324071 0.198289
vt 2.229432 0.423179
vt 2.267466 0.493729
vt 2.258064 0.657178
vt 2.260069 0.800116
vt 2.302030 0.866270
vt 2.300529 -0.764144
vt 2.327776 -0.684038
vt 2.333650 -0.563892
vt 2.311765 -0.442141
vt 2.323977 -0.307489
vt 2.308905 -0.169841
vt 2.292931 -0.016547
vt 2.271466 0.106333
vt 2.294148 0.227732
vt 2.283147 0.366181
vt 2.315252 0.428234
vt 2.274013 -0.768039
vt 2.286339 -0.707419
vt 2.284626 -0.583867
vt 2.273835 -0.508852
vt 1.241151 0.462359
vt 1.236666 0.560067
vt 1.233167 0.690446
vt 1.237267 0.804897
vt 1.257389 -0.470973
vt 1.257399 -0.345972
vt 1.257169 -0.220738
vt 1.257558 -0.095976
vt 1.256895 0.030176
vt 1.253859 0.160291
vt 1.246261 0.295529
vt 1.243572 0.396281
vt 1.242005 0.860484
vt 1.249170 0.918798
vt 1.263688 1.020481
vt 1.267508 1.141367
vt 1.267240 1.266865
vt 1.273131 1.384370
vt 1.278257 1.453602
vt 1.314958 1.423299
vt 1.357881 1.402145
vt 1.396610 1.385890
vt 1.457800 1.384388
vt 1.417432 1.307695
vt 1.478746 1.332933
vt 1.446976 1.255431
vt 1.508900 1.285017
vt 1.506393 1.195390
vt 1.574338 1.216231
vt 1.574135 -0.956180
vt 1.567627 -0.829610
vt 1.551785 -0.766911
vt 1.586842 1.109443
vt 1.618190 1.159813
vt 1.649108 -0.972578
vt 1.640854 -0.845901
vt 1.627199 -0.736388
vt 1.698411 -0.718452
vt 1.614541 1.033484
vt 1.627830 1.120823
vt 1.625719 1.249000
vt 1.626521 1.372646
vt 1.626261 1.498198
vt 1.626949 1.622082
vt 1.624632 1.750764
vt 1.621046 1.880802
vt 1.619450 2.008008
vt 1.620531 2.131492
vt 1.621967 2.254747
vt 1.631083 2.370903
vt 1.643954 2.422712
vt 1.618417 -0.724847
vt 1.672055 -0.731159
vt 1.676601 2.471106
vt 1.713952 -0.784964
vt 1.732204 2.415963
vt 1.761170 -0.860258
vt 1.755659 2.289041
vt 1.806068 -0.927219
vt 1.803047 2.222621
vt 1.851031 -0.982847
vt 1.844673 2.204848
vt 1.865976 2.227243
vt 1.897363 -1.021939
vt 1.894219 2.208959
vt 1.943715 -1.038524
vt 2.009239 -1.032230
vt 1.975560 2.074101
vt 1.930283 2.115923
vt 1.952754 -1.103728
vt 2.013360 -1.077318
vt 1.985089 2.023871
vt 1.924424 2.046103
vt 1.945285 -1.115120
vt 2.013227 -1.114730
vt 2.012421 1.943289
vt 1.946596 2.010000
vt 2.075358 -1.132828
vt 2.108846 1.750096
vt 2.062111 1.813263
vt 2.104443 -1.139269
vt 2.126806 -1.139465
vt 2.101729 1.686309
vt 2.036870 1.753244
vt 2.168587 -1.163692
vt 2.234782 1.502184
vt 2.179207 1.574022
vt 2.201673 -1.166769
vt 2.222874 -1.158859
vt 2.206784 1.429564
vt 2.150635 1.500839
vt 2.258900 -1.164103
vt 2.283031 1.233183
vt 2.236635 1.281666
vt 2.283618 -1.149515
vt 2.287917 -1.078701
vt 2.354003 -1.043978
vt 2.289886 1.191446
vt 2.218886 1.244414
vt 2.278759 -1.081912
vt 2.349451 -1.050529
vt 2.355645 -0.939597
vt 2.353550 -0.835692
vt 2.381781 0.838325
vt 2.347500 0.936446
vt 2.335613 1.067363
vt 2.366259 -0.793742
vt 2.396514 -0.739203
vt 2.441179 -0.653221
vt 2.470392 -0.472014
vt 2.450579 -0.380035
vt 2.463400 -0.262631
vt 2.448791 -0.132889
vt 2.395680 0.007283
vt 2.401121 0.127574
vt 2.398836 0.241503
vt 2.468954 0.423276
vt 2.410086 0.496886
vt 2.375657 0.665585
vt 2.357159 0.790525
vt 2.306707 0.867383
vt 2.374569 -0.725145
vt 2.414499 -0.637657
vt 2.431759 -0.528575
vt 2.405414 -0.400484
vt 2.406460 -0.275600
vt 2.391677 -0.144640
vt 2.367420 -0.046084
vt 2.418173 0.250264
vt 2.433946 0.366745
vt 2.386381 0.428340
vt 1.364495 0.444402
vt 1.360781 0.562101
vt 1.358358 0.690974
vt 1.362797 0.798369
vt 1.381078 -0.467087
vt 1.381078 -0.342087
vt 1.380996 -0.216975
vt 1.381046 -0.092019
vt 1.381100 0.032862
vt 1.377659 0.162902
vt 1.370948 0.297295
vt 1.367824 0.377368
vt 1.367787 0.853521
vt 1.375808 0.917264
vt 1.388996 1.020280
vt 1.393136 1.140584
vt 1.395899 1.262571
vt 1.403235 1.376285
vt 1.409175 1.437413
vt 1.430516 1.463690
vt 1.478845 1.439544
vt 1.521963 1.385242
vt 1.485249 1.383023
vt 1.596305 1.306562
vt 1.534228 1.333965
vt 1.646857 1.274139
vt 1.618865 1.273700
vt 1.660336 1.206713
vt 1.709105 1.096508
vt 1.685269 1.151533
vt 1.742088 -0.989434
vt 1.744724 -0.864855
vt 1.755276 -0.753302
vt 1.769160 -0.706392
vt 1.742176 1.038932
vt 1.752845 1.121316
vt 1.752178 1.246854
vt 1.752815 1.370933
vt 1.751891 1.497222
vt 1.749938 1.624748
vt 1.747138 1.753906
vt 1.744722 1.882574
vt 1.745062 2.007174
vt 1.747584 2.128284
vt 1.750227 2.250020
vt 1.754576 2.371563
vt 1.766559 2.426608
vt 1.794602 -0.713091
vt 1.794375 2.416046
vt 1.839333 -0.746608
vt 1.837180 2.346423
vt 1.884227 -0.809737
vt 1.926282 2.210222
vt 1.875708 2.256435
vt 1.930349 -0.884283
vt 1.938513 2.177670
vt 1.918355 2.174655
vt 1.976192 -0.942719
vt 1.970998 2.221520
vt 1.949720 2.218046
vt 2.015772 -0.975124
vt 2.070285 -0.973111
vt 2.056156 2.166292
vt 1.994088 2.179899
vt 1.996722 -0.993153
vt 2.055934 -0.991262
vt 2.072012 2.099124
vt 2.019974 2.133254
vt 2.104661 -1.033009
vt 2.110236 2.021928
vt 2.155865 -1.087071
vt 2.206783 1.813299
vt 2.155070 1.888316
vt 2.191560 -1.106816
vt 2.243697 -1.101762
vt 2.182106 1.740567
vt 2.135274 1.822468
vt 2.168845 -1.124976
vt 2.233077 -1.114762
vt 2.303614 1.565476
vt 2.243256 1.610467
vt 2.310732 -1.146400
vt 2.365462 -1.119482
vt 2.301932 1.510864
vt 2.253834 1.566636
vt 2.291148 -1.145587
vt 2.343185 -1.131357
vt 2.335843 1.401124
vt 2.373689 -1.133484
vt 2.440296 -1.068273
vt 2.459041 -0.999713
vt 2.392242 1.241685
vt 2.366649 1.310087
vt 2.345953 -1.132693
vt 2.384981 -1.087466
vt 2.440753 -0.989978
vt 2.494963 -0.934685
vt 2.495963 1.029331
vt 2.425932 1.124020
vt 2.420939 -0.980257
vt 2.479783 -0.944855
vt 2.495409 -0.809547
vt 2.548985 -0.758916
vt 2.546201 0.610162
vt 2.514240 0.694507
vt 2.463773 0.823981
vt 2.459513 0.969384
vt 2.404657 1.057644
vt 2.467384 -0.775649
vt 2.512977 -0.725390
vt 2.527902 -0.625949
vt 2.526939 -0.504459
vt 2.520546 -0.364424
vt 2.515518 -0.233380
vt 2.524507 -0.118661
vt 2.512854 0.021496
vt 2.520690 0.137748
vt 2.543873 0.229593
vt 2.527383 0.384990
vt 2.535179 0.538335
vt 2.461549 0.672239
vt 2.438542 0.742087
vt 2.490343 -0.584565
vt 2.491048 -0.558670
vt 2.510882 0.258052
vt 2.524363 0.329781
vt 1.490788 0.462785
vt 1.487652 0.559490
vt 1.493507 0.689295
vt 1.457400 0.770241
vt 1.506796 -0.468143
vt 1.506795 -0.343143
vt 1.506604 -0.217870
vt 1.506156 -0.092234
vt 1.505889 0.033202
vt 1.503620 0.161534
vt 1.498108 0.294354
vt 1.493698 0.396049
vt 1.543828 0.724561
vt 1.501754 0.801907
vt 1.508684 0.902985
vt 1.521058 1.008946
vt 1.526022 1.128691
vt 1.528876 1.252473
vt 1.524243 1.356372
vt 1.477728 1.427531
vt 1.568603 1.379573
vt 1.552888 1.429261
vt 1.608124 1.408272
vt 1.649949 1.340800
vt 1.692968 1.273827
vt 1.738712 1.244961
vt 1.706329 1.245931
vt 1.813912 1.189522
vt 1.738324 1.211286
vt 1.817271 1.109345
vt 1.756482 1.156621
vt 1.879275 -1.006603
vt 1.880001 -0.881665
vt 1.883675 -0.761377
vt 1.886890 -0.667731
vt 1.856332 1.053426
vt 1.876551 1.123560
vt 1.876983 1.247132
vt 1.878543 1.369875
vt 1.878154 1.495424
vt 1.874783 1.625321
vt 1.873495 1.752147
vt 1.869512 1.882558
vt 1.870169 2.006993
vt 1.872733 2.128280
vt 1.875597 2.249106
vt 1.880425 2.369467
vt 1.889468 2.436970
vt 1.917283 -0.651059
vt 1.973926 -0.631760
vt 1.918446 2.437760
vt 1.927715 -0.699637
vt 1.993271 -0.675336
vt 1.964275 2.339110
vt 1.985566 -0.775050
vt 2.046852 -0.748199
vt 2.015505 2.202508
vt 1.993494 2.263516
vt 2.046590 -0.846971
vt 2.109928 -0.825512
vt 2.045934 2.143318
vt 2.073069 2.133057
vt 2.079011 -0.904275
vt 2.140915 -0.879938
vt 2.095215 2.142868
vt 2.088409 -0.942281
vt 2.145233 -0.935962
vt 2.145088 2.146695
vt 2.186830 -0.955272
vt 2.188525 2.111880
vt 2.231887 -0.992701
vt 2.240240 2.019010
vt 2.292542 -1.056101
vt 2.351730 -1.046707
vt 2.294611 1.809067
vt 2.274277 1.899949
vt 2.279479 -1.074216
vt 2.331651 -1.070439
vt 2.367130 1.619501
vt 2.312728 1.688285
vt 2.371663 -1.106149
vt 2.359248 1.565938
vt 2.299301 1.623285
vt 2.410810 -1.110480
vt 2.429771 -1.101998
vt 2.495033 1.374570
vt 2.428680 1.445234
vt 2.459659 -1.097891
vt 2.491164 1.311978
vt 2.431910 1.362541
vt 2.493273 -1.101856
vt 2.507023 -1.038516
vt 2.510773 -0.955064
vt 2.506825 1.244353
vt 2.440920 1.312094
vt 2.531775 -0.920861
vt 2.580455 -0.885855
vt 2.625185 -0.802896
vt 2.592396 0.786959
vt 2.571259 0.878766
vt 2.552313 1.005805
vt 2.551715 1.141987
vt 2.568794 -0.876555
vt 2.591029 -0.780101
vt 2.608440 -0.716146
vt 2.666345 -0.146007
vt 2.647487 -0.064234
vt 2.649309 0.040665
vt 2.666682 0.217388
vt 2.654803 0.310155
vt 2.634403 0.442299
vt 2.592279 0.580251
vt 2.552618 0.725427
vt 2.512558 0.868265
vt 2.515790 0.938894
vt 2.635061 -0.688551
vt 2.647822 -0.606790
vt 2.638031 -0.476418
vt 2.631689 -0.343156
vt 2.633772 -0.207908
vt 2.622484 -0.094127
vt 2.632251 0.047115
vt 2.630015 0.164663
vt 2.638446 0.261424
vt 2.601383 0.412926
vt 2.577297 0.514564
vt 1.565666 0.480006
vt 1.584582 0.555595
vt 1.583997 0.646476
vt 1.632114 -0.468609
vt 1.632114 -0.343609
vt 1.631868 -0.218257
vt 1.631193 -0.092295
vt 1.629981 0.034501
vt 1.629574 0.160055
vt 1.625903 0.290373
vt 1.614485 0.429583
vt 1.649643 0.552136
vt 1.626404 0.679168
vt 1.630536 0.784944
vt 1.643390 0.892440
vt 1.656756 0.994327
vt 1.621193 1.117630
vt 1.607402 1.240795
vt 1.600416 1.300868
vt 1.707827 1.017992
vt 1.692857 1.106374
vt 1.680190 1.226491
vt 1.667802 1.333356
vt 1.700474 1.372333
vt 1.731501 1.368618
vt 1.774480 1.308966
vt 1.819478 1.241704
vt 1.865442 1.192366
vt 1.909089 1.129201
vt 1.966331 1.102756
vt 2.034382 1.098034
vt 2.008525 -1.012314
vt 2.008525 -0.887314
vt 2.009208 -0.763411
vt 1.986486 -0.625054
vt 2.037252 -0.514670
vt 2.078234 -0.462605
vt 1.958243 1.068722
vt 2.009429 1.114604
vt 2.001611 1.247675
vt 2.002139 1.371865
vt 2.003035 1.495688
vt 2.001900 1.622281
vt 2.000468 1.749338
vt 1.995332 1.881636
vt 1.995005 2.007358
vt 1.997256 2.129191
vt 2.001017 2.248564
vt 2.006406 2.366263
vt 2.012587 2.437823
vt 1.964469 -0.603091
vt 2.029843 -0.547658
vt 2.084079 -0.470124
vt 2.024716 2.475242
vt 2.087010 -0.628720
vt 2.081654 2.387144
vt 2.133292 -0.709076
vt 2.111919 2.206996
vt 2.132553 2.269230
vt 2.181604 -0.795749
vt 2.138767 2.169386
vt 2.182170 2.189949
vt 2.223821 -0.850644
vt 2.222688 2.158131
vt 2.268995 -0.899190
vt 2.266570 2.144524
vt 2.314757 -0.937201
vt 2.310728 2.053090
vt 2.356117 -0.965425
vt 2.411172 -0.963289
vt 2.420666 1.879723
vt 2.366026 1.962509
vt 2.349820 -1.013340
vt 2.404980 -1.008876
vt 2.484577 1.693134
vt 2.424054 1.786791
vt 2.355476 1.891054
vt 2.455035 -1.065214
vt 2.469495 1.637941
vt 2.412694 1.707895
vt 2.504903 -1.070251
vt 2.550633 -1.033176
vt 2.566475 1.452416
vt 2.515599 1.521103
vt 2.486367 -1.084059
vt 2.546757 -1.075694
vt 2.611410 1.245003
vt 2.551750 1.352089
vt 2.502341 1.439218
vt 2.599409 -1.092246
vt 2.654481 -1.048735
vt 2.606411 1.178719
vt 2.540914 1.248050
vt 2.575187 -1.090097
vt 2.631574 -1.039167
vt 2.656750 -0.941411
vt 2.711785 -0.872779
vt 2.648403 1.111277
vt 2.585565 1.170558
vt 2.629357 -0.908571
vt 2.676746 -0.844306
vt 2.699763 -0.747936
vt 2.758833 -0.689224
vt 2.750256 0.043252
vt 2.753011 0.123296
vt 2.741976 0.254512
vt 2.723635 0.383682
vt 2.724553 0.506962
vt 2.726970 0.625125
vt 2.685379 0.752318
vt 2.688150 0.904111
vt 2.661224 1.036805
vt 2.605395 1.126737
vt 2.677096 -0.725076
vt 2.731391 -0.674566
vt 2.743013 -0.548598
vt 2.773327 -0.440778
vt 2.789978 -0.320895
vt 2.747165 -0.180219
vt 2.712029 -0.022478
vt 2.720507 0.076994
vt 2.718292 0.203183
vt 2.685741 0.343878
vt 2.673909 0.478684
vt 2.670877 0.607061
vt 2.647221 0.693687
vt 2.681881 -0.637519
vt 2.700817 -0.579914
vt 2.721556 -0.457802
vt 2.739769 -0.339037
vt 2.727193 -0.237549
vt 2.693642 0.097453
vt 2.704657 0.117509
vt 1.756786 -0.468143
vt 1.756787 -0.343143
vt 1.756416 -0.217621
vt 1.755855 -0.091805
vt 1.755385 0.033860
vt 1.754934 0.159524
vt 1.754005 0.285985
vt 1.750411 0.416054
vt 1.746913 0.546653
vt 1.752326 0.666731
vt 1.765845 0.769836
vt 1.773272 0.870874
vt 1.732227 0.938873
vt 1.823203 0.894445
vt 1.807447 0.960707
vt 1.805574 1.074983
vt 1.814122 1.201221
vt 1.796039 1.322193
vt 1.777110 1.365275
vt 1.891778 0.961991
vt 1.889714 1.036322
vt 1.894374 1.165137
vt 1.897085 1.305153
vt 1.849531 1.350601
vt 1.968552 1.235007
vt 1.905283 1.282676
vt 1.976940 1.166367
vt 1.926180 1.216818
vt 2.023818 1.135027
vt 1.995119 1.162905
vt 2.039218 1.103572
vt 2.066435 1.120945
vt 2.096491 1.114911
vt 2.129868 -1.006603
vt 2.129841 -0.881606
vt 2.127679 -0.754460
vt 2.123139 -0.625821
vt 2.112148 -0.486651
vt 2.132369 -0.423900
vt 2.123680 1.139108
vt 2.123895 1.251395
vt 2.125780 1.373907
vt 2.126660 1.497603
vt 2.127304 1.621664
vt 2.126607 1.747744
vt 2.121307 1.879853
vt 2.120402 2.007562
vt 2.123356 2.127948
vt 2.126670 2.248586
vt 2.133055 2.364072
vt 2.140150 2.431298
vt 2.128340 -0.524215
vt 2.162770 -0.478462
vt 2.168931 2.457691
vt 2.181407 -0.579696
vt 2.245242 -0.553372
vt 2.214642 2.372561
vt 2.266273 -0.655804
vt 2.297076 -0.605887
vt 2.258709 2.279258
vt 2.305878 -0.745393
vt 2.311152 2.207393
vt 2.348918 -0.809907
vt 2.349211 2.186221
vt 2.396162 -0.876744
vt 2.395020 2.117032
vt 2.445808 -0.923184
vt 2.504227 -0.917925
vt 2.465762 1.916304
vt 2.428228 2.010779
vt 2.428630 -0.936228
vt 2.485525 -0.939287
vt 2.548614 1.769899
vt 2.480626 1.850322
vt 2.420070 1.953415
vt 2.532301 -0.988754
vt 2.596750 1.564229
vt 2.514780 1.672046
vt 2.485488 1.759787
vt 2.576893 -0.998439
vt 2.630831 -0.965961
vt 2.640553 1.370727
vt 2.598666 1.478337
vt 2.526200 1.566652
vt 2.557274 -1.013469
vt 2.609284 -0.959239
vt 2.667114 -0.889513
vt 2.684601 1.167683
vt 2.661422 1.289517
vt 2.581100 1.421555
vt 2.536111 1.504146
vt 2.649207 -1.010437
vt 2.701147 -0.933945
vt 2.737401 0.981692
vt 2.696230 1.086086
vt 2.663854 1.225936
vt 2.601625 1.331332
vt 2.661263 -1.035184
vt 2.707012 -0.968530
vt 2.770990 -0.868277
vt 2.795393 -0.812967
vt 2.779637 0.177240
vt 2.774750 0.259497
vt 2.753821 0.392330
vt 2.783080 0.461682
vt 2.781150 0.680340
vt 2.761507 0.771777
vt 2.771481 0.905630
vt 2.730469 1.033998
vt 2.675010 1.122174
vt 2.691538 -0.974006
vt 2.731844 -0.902365
vt 2.757913 -0.800300
vt 2.776270 -0.659621
vt 2.779993 -0.540095
vt 2.818198 -0.432061
vt 2.819462 -0.310229
vt 2.809667 -0.181137
vt 2.826209 -0.057010
vt 2.769323 0.090218
vt 2.751866 0.217992
vt 2.764281 0.338983
vt 2.782961 0.462687
vt 2.801974 0.594748
vt 2.774435 0.716024
vt 2.784711 0.844269
vt 2.733313 0.964930
vt 2.719037 1.043284
vt 2.716623 -0.787968
vt 2.763028 -0.721305
vt 2.792505 -0.621273
vt 2.808701 -0.479547
vt 2.817388 -0.350228
vt 2.807291 -0.223656
vt 2.830549 -0.099047
vt 2.767087 0.023379
vt 2.766348 0.155905
vt 2.731551 0.289198
vt 2.731983 0.422038
vt 2.756778 0.540389
vt 2.771341 0.659837
vt 2.783853 0.795142
vt 2.728270 0.926246
vt 2.719348 0.996420
vt 2.761299 -0.605787
vt 2.776801 -0.515245
vt 2.819941 -0.415099
vt 2.844190 -0.301980
vt 2.815168 -0.133286
vt 2.761592 -0.053506
vt 1.881043 -0.467087
vt 1.881043 -0.342087
vt 1.880822 -0.216777
vt 1.880397 -0.091151
vt 1.880183 0.034220
vt 1.880377 0.158959
vt 1.878812 0.286366
vt 1.878875 0.411064
vt 1.876829 0.541146
vt 1.888366 0.653986
vt 1.898567 0.729743
vt 1.863221 0.821163
vt 1.960226 0.744904
vt 1.951285 0.850075
vt 1.914257 0.892270
vt 2.014779 0.839152
vt 1.977713 0.871243
vt 1.943730 1.000673
vt 1.940536 1.129677
vt 1.959694 1.254294
vt 1.943344 1.315261
vt 2.056709 0.892802
vt 2.055703 0.945131
vt 2.040252 1.079343
vt 2.009411 1.208983
vt 1.959155 1.306028
vt 2.113142 0.966952
vt 2.112467 1.025249
vt 2.035009 1.083501
vt 2.150562 1.025420
vt 2.111588 1.072144
vt 2.146323 1.157851
vt 2.196849 1.228336
vt 2.145771 1.145895
vt 2.194094 1.220826
vt 2.133991 1.140841
vt 2.204342 1.192611
vt 2.268117 1.244929
vt 2.243282 -0.989434
vt 2.243357 -0.864419
vt 2.241061 -0.736858
vt 2.239768 -0.610569
vt 2.247195 -0.499840
vt 2.245990 -0.376971
vt 2.253914 -0.251163
vt 2.303345 -0.189473
vt 2.213529 1.165421
vt 2.250466 1.250825
vt 2.248526 1.377146
vt 2.251285 1.498087
vt 2.253836 1.619708
vt 2.251254 1.748148
vt 2.249946 1.875060
vt 2.250197 1.999849
vt 2.252072 2.122194
vt 2.256060 2.240733
vt 2.260177 2.360459
vt 2.265959 2.427982
vt 2.264966 -0.411641
vt 2.328365 -0.315218
vt 2.323635 -0.217803
vt 2.295258 2.441496
vt 2.337348 -0.496468
vt 2.387467 -0.424684
vt 2.340012 2.376172
vt 2.345341 -0.658184
vt 2.392997 -0.597007
vt 2.422600 -0.473594
vt 2.391332 2.294778
vt 2.388774 -0.710912
vt 2.452430 -0.677762
vt 2.433190 2.279960
vt 2.497527 2.287763
vt 2.439266 -0.778651
vt 2.504287 -0.733433
vt 2.451206 2.232708
vt 2.516602 2.252393
vt 2.484173 -0.848425
vt 2.553232 -0.802042
vt 2.520557 2.158910
vt 2.548769 2.215097
vt 2.510548 -0.892985
vt 2.574813 -0.869815
vt 2.581098 1.928772
vt 2.557481 2.024724
vt 2.613062 -0.870258
vt 2.678069 -0.814949
vt 2.620097 1.765891
vt 2.599449 1.839947
vt 2.635354 -0.935928
vt 2.712837 -0.827245
vt 2.713802 -0.746433
vt 2.725518 1.438228
vt 2.680791 1.524178
vt 2.648222 1.667055
vt 2.643215 -0.959319
vt 2.681457 -0.904530
vt 2.712643 -0.750291
vt 2.768599 -0.668707
vt 2.779670 -0.610133
vt 2.783492 1.127826
vt 2.768485 1.199178
vt 2.688872 1.345403
vt 2.650524 1.461468
vt 2.682226 -0.903444
vt 2.698577 -0.832288
vt 2.754955 -0.709798
vt 2.794699 -0.600456
vt 2.818392 -0.539460
vt 2.826194 0.438529
vt 2.807122 0.510905
vt 2.789591 0.644991
vt 2.805363 0.763264
vt 2.804588 0.887681
vt 2.777662 1.044125
vt 2.717984 1.153324
vt 2.687295 1.267214
vt 2.744260 -0.871183
vt 2.774182 -0.780437
vt 2.809639 -0.655456
vt 2.813855 -0.527552
vt 2.823007 -0.433075
vt 2.870557 0.116673
vt 2.861086 0.193974
vt 2.816464 0.350441
vt 2.781287 0.472302
vt 2.789480 0.599259
vt 2.788016 0.719913
vt 2.744807 0.854576
vt 2.728148 0.959691
vt 2.707902 1.062454
vt 2.762405 -0.897827
vt 2.782225 -0.834200
vt 2.816107 -0.745255
vt 2.801471 -0.594730
vt 2.848638 -0.455552
vt 2.909481 -0.361562
vt 2.904556 -0.247509
vt 2.898414 -0.116678
vt 2.879738 0.036061
vt 2.836498 0.158763
vt 2.797544 0.292624
vt 2.763332 0.431229
vt 2.791697 0.527742
vt 2.781608 0.656400
vt 2.757347 0.803657
vt 2.759214 0.884978
vt 2.801623 -0.732038
vt 2.794056 -0.628453
vt 2.809437 -0.504377
vt 2.841504 -0.391736
vt 2.847803 -0.275347
vt 2.846058 -0.143196
vt 2.854657 -0.025959
vt 2.821865 0.074672
vt 2.812489 0.529152
vt 2.814372 0.576523
vt 2.010112 -0.470973
vt 2.010109 -0.345973
vt 2.010132 -0.220963
vt 2.010360 -0.096314
vt 2.010288 0.029100
vt 2.010601 0.153374
vt 2.011006 0.277643
vt 2.010940 0.402095
vt 2.015562 0.527642
vt 2.022247 0.636565
vt 1.978948 0.691694
vt 2.073708 0.622425
vt 2.071081 0.705753
vt 2.049252 0.783453
vt 2.128136 0.680653
vt 2.117380 0.780620
vt 2.078882 0.853643
vt 2.189957 0.734876
vt 2.136595 0.833650
vt 2.116654 0.905497
vt 2.244541 0.687230
vt 2.162420 0.749636
vt 2.162626 0.897847
vt 2.166233 0.964516
vt 2.275822 0.631596
vt 2.257796 0.666776
vt 2.219527 0.819515
vt 2.204620 0.953592
vt 2.222399 1.063325
vt 2.207877 1.203671
vt 2.199190 1.231590
vt 2.360365 -0.226046
vt 2.360210 -0.203261
vt 2.309710 0.671750
vt 2.316234 0.766716
vt 2.322508 0.875786
vt 2.322751 0.998772
vt 2.299045 1.144512
vt 2.274239 1.290663
vt 2.356147 1.299674
vt 2.365191 -0.956180
vt 2.364962 -0.831262
vt 2.360513 -0.706043
vt 2.363877 -0.581459
vt 2.383283 -0.455821
vt 2.378494 -0.302026
vt 2.340910 -0.190452
vt 2.374765 -0.123957
vt 2.363779 0.888126
vt 2.369296 0.923946
vt 2.271066 1.283507
vt 2.332090 1.293451
vt 2.312923 -0.972578
vt 2.312772 -0.847620
vt 2.307205 -0.721158
vt 2.309187 -0.594972
vt 2.338876 -0.484144
vt 2.329675 -0.348187
vt 2.293221 -0.217345
vt 2.356550 -0.125022
vt 2.371461 1.288931
vt 2.373301 1.377302
vt 2.375363 1.499633
vt 2.376197 1.623415
vt 2.377491 1.746335
vt 2.378099 1.870386
vt 2.378800 1.994433
vt 2.379751 2.118208
vt 2.381146 2.241198
vt 2.384068 2.362560
vt 2.390485 2.432234
vt 2.391275 -0.295594
vt 2.419171 -0.217631
vt 2.420433 2.445422
vt 2.460194 -0.355757
vt 2.491850 -0.284989
vt 2.474612 2.416341
vt 2.539590 2.411660
vt 2.498297 -0.550558
vt 2.513285 -0.480311
vt 2.487619 2.345318
vt 2.544508 2.380314
vt 2.548837 -0.618024
vt 2.597588 -0.553564
vt 2.488372 2.322253
vt 2.548870 2.321581
vt 2.573556 -0.659509
vt 2.645229 -0.618187
vt 2.600144 2.253379
vt 2.620971 -0.730896
vt 2.657569 -0.639116
vt 2.727479 -0.239337
vt 2.728497 -0.232591
vt 2.658317 2.141921
vt 2.635888 2.204649
vt 2.657939 -0.795040
vt 2.726308 -0.697341
vt 2.780938 -0.600472
vt 2.758107 -0.473302
vt 2.742307 -0.312799
vt 2.730480 -0.244826
vt 2.667953 1.949084
vt 2.693147 2.017706
vt 2.665248 -0.815940
vt 2.713940 -0.767064
vt 2.724072 -0.637311
vt 2.720815 -0.514070
vt 2.765793 -0.394754
vt 2.816056 1.632786
vt 2.776877 1.712121
vt 2.728881 1.882551
vt 2.754150 1.952885
vt 2.699120 -0.744225
vt 2.713871 -0.691911
vt 2.747782 -0.584839
vt 2.801440 -0.446968
vt 2.829903 -0.347035
vt 2.861375 -0.301563
vt 2.860747 1.294038
vt 2.810085 1.399155
vt 2.792418 1.560155
vt 2.755418 1.652992
vt 2.741729 -0.685069
vt 2.764197 -0.633361
vt 2.772911 -0.530445
vt 2.848933 -0.404652
vt 2.874791 -0.320239
vt 2.882984 0.499172
vt 2.862239 0.591083
vt 2.887805 0.709049
vt 2.868213 0.842772
vt 2.862175 0.968524
vt 2.834043 1.100361
vt 2.826708 1.232351
vt 2.784004 1.337363
vt 2.809377 -0.543315
vt 2.858877 -0.481755
vt 2.901400 -0.340682
vt 2.920576 -0.263018
vt 2.933796 0.293771
vt 2.874078 0.415571
vt 2.848288 0.540642
vt 2.838489 0.670963
vt 2.847983 0.791580
vt 2.846825 0.919701
vt 2.816763 1.030442
vt 2.852862 -0.472188
vt 2.857399 -0.378836
vt 2.925311 -0.271544
vt 2.956005 -0.168144
vt 2.942830 -0.041577
vt 2.916068 0.090585
vt 2.903564 0.222731
vt 2.857885 0.337600
vt 2.876488 -0.376783
vt 2.913825 -0.328331
vt 2.938391 -0.217594
vt 2.907467 -0.083864
vt 2.888882 0.021018
vt 2.132787 -0.493171
vt 2.132856 -0.368191
vt 2.133000 -0.243163
vt 2.129742 -0.117521
vt 2.124918 0.006971
vt 2.127496 0.130874
vt 2.128774 0.254736
vt 2.121845 0.382419
vt 2.113311 0.503399
vt 2.105496 0.567823
vt 2.219108 -0.524588
vt 2.219268 -0.399663
vt 2.222169 -0.275465
vt 2.222128 -0.153098
vt 2.216293 -0.032928
vt 2.214098 0.096168
vt 2.209562 0.228676
vt 2.205292 0.342802
vt 2.204763 0.454942
vt 2.132115 0.544419
vt 2.152960 0.625904
vt 2.272915 0.461929
vt 2.256173 0.517055
vt 2.202684 0.628013
vt 2.202447 0.698905
vt 2.313618 0.537660
vt 2.324134 0.603279
vt 2.258999 0.680150
vt 2.372634 0.552855
vt 2.306956 0.618365
vt 2.449078 -0.400601
vt 2.439132 -0.331343
vt 2.435602 -0.232459
vt 2.409284 0.507291
vt 2.356042 0.541829
vt 2.324554 0.608001
vt 2.471062 -0.888215
vt 2.470957 -0.763387
vt 2.476542 -0.641118
vt 2.463907 -0.483352
vt 2.432859 -0.371010
vt 2.397975 -0.227507
vt 2.429560 -0.147594
vt 2.479360 -0.075952
vt 2.446920 0.478372
vt 2.385128 0.614100
vt 2.399522 0.749546
vt 2.367041 0.800659
vt 2.371358 1.014681
vt 2.388032 1.117690
vt 2.389640 1.241540
vt 2.372948 1.294010
vt 2.432441 -0.924795
vt 2.432574 -0.799710
vt 2.435748 -0.675509
vt 2.427332 -0.549659
vt 2.405059 -0.421255
vt 2.386839 -0.322466
vt 2.397093 -0.118569
vt 2.456704 -0.055683
vt 2.530083 -0.019699
vt 2.493821 0.525254
vt 2.489419 0.592876
vt 2.512690 0.705538
vt 2.435264 0.820228
vt 2.437502 0.948597
vt 2.464775 1.066463
vt 2.468750 1.192831
vt 2.419863 1.286540
vt 2.459617 -0.063004
vt 2.540471 -0.042742
vt 2.537587 0.691390
vt 2.546421 0.769375
vt 2.533052 0.886142
vt 2.542727 1.018848
vt 2.542624 1.144270
vt 2.520489 1.288963
vt 2.506529 1.363828
vt 2.505087 1.493304
vt 2.503078 1.620733
vt 2.504021 1.744127
vt 2.504657 1.868214
vt 2.505489 1.992071
vt 2.505934 2.116432
vt 2.506718 2.240363
vt 2.508707 2.362908
vt 2.514455 2.436773
vt 2.528461 -0.157824
vt 2.589714 -0.118674
vt 2.543563 2.458425
vt 2.552937 -0.354221
vt 2.590765 -0.247166
vt 2.630758 -0.161606
vt 2.578848 2.440059
vt 2.600050 2.428208
vt 2.610093 -0.422696
vt 2.668944 -0.343634
vt 2.633907 2.401220
vt 2.642965 -0.483119
vt 2.732064 -0.395530
vt 2.758145 -0.334208
vt 2.765067 0.015762
vt 2.762517 0.026290
vt 2.678176 2.363172
vt 2.688992 -0.554191
vt 2.740682 -0.451946
vt 2.778663 -0.331779
vt 2.786443 -0.213236
vt 2.758482 -0.059981
vt 2.753607 0.024833
vt 2.723078 2.288022
vt 2.715174 -0.593544
vt 2.743520 -0.515288
vt 2.781357 -0.396260
vt 2.750166 -0.261523
vt 2.754982 -0.160482
vt 2.782952 -0.012699
vt 2.790150 2.144585
vt 2.767180 2.210047
vt 2.736387 -0.616100
vt 2.761310 -0.562757
vt 2.769123 -0.438254
vt 2.742620 -0.314815
vt 2.773989 -0.214694
vt 2.849101 -0.105253
vt 2.871537 1.944377
vt 2.815633 2.028048
vt 2.805902 -0.342211
vt 2.854665 -0.278820
vt 2.915261 -0.192686
vt 2.938516 0.630230
vt 2.917298 0.711795
vt 2.919373 0.837738
vt 2.917675 0.958409
vt 2.925468 1.055928
vt 2.936490 1.493269
vt 2.883808 1.589521
vt 2.865694 1.721273
vt 2.844916 1.880116
vt 2.790519 1.952693
vt 2.822360 -0.369813
vt 2.853346 -0.318771
vt 2.907922 -0.240486
vt 2.989280 0.445141
vt 2.959387 0.541457
vt 2.909238 0.664951
vt 2.898182 0.789707
vt 2.875941 0.917343
vt 2.911167 1.058217
vt 2.918955 1.161118
vt 2.900955 1.276603
vt 2.908636 1.427991
vt 2.863318 1.539319
vt 2.932442 -0.234274
vt 2.994141 -0.195764
vt 2.999171 0.395983
vt 2.940047 0.480507
vt 2.883866 0.620231
vt 2.893824 0.744530
vt 2.865741 0.875448
vt 2.885557 0.998421
vt 2.883188 1.126490
vt 2.868553 1.207841
vt 2.926937 -0.271012
vt 2.980877 -0.197234
vt 3.055616 -0.126216
vt 3.058181 0.009233
vt 3.022447 0.145269
vt 2.986137 0.280451
vt 2.940238 0.396116
vt 2.967589 -0.198475
vt 3.004959 -0.139503
vt 3.013380 -0.012021
vt 2.983011 0.118659
vt 2.959459 0.196986
vt 2.278854 -0.559040
vt 2.278898 -0.434069
vt 2.278546 -0.310058
vt 2.274149 -0.189673
vt 2.276186 -0.068209
vt 2.282918 0.064245
vt 2.299856 0.196510
vt 2.277811 0.303062
vt 2.279496 0.387406
vt 2.342856 -0.609867
vt 2.342791 -0.484805
vt 2.335651 -0.359864
vt 2.332608 -0.235035
vt 2.344165 -0.109283
vt 2.382177 0.020600
vt 2.385609 0.145171
vt 2.375783 0.269441
vt 2.340062 0.369940
vt 2.305331 0.457928
vt 2.401220 -0.675031
vt 2.401203 -0.550009
vt 2.392639 -0.425193
vt 2.387005 -0.299594
vt 2.405994 -0.174161
vt 2.456830 -0.035247
vt 2.478038 0.058586
vt 2.458657 0.186830
vt 2.453353 0.335954
vt 2.359411 0.453398
vt 2.365027 0.524317
vt 2.443395 -0.739987
vt 2.443405 -0.615008
vt 2.440921 -0.489901
vt 2.418963 -0.366339
vt 2.421684 -0.233132
vt 2.458631 -0.114789
vt 2.473231 0.011444
vt 2.472460 0.133495
vt 2.484558 0.260328
vt 2.427589 0.374701
vt 2.408303 0.486309
vt 2.472004 -0.805232
vt 2.472001 -0.680224
vt 2.472831 -0.555319
vt 2.460805 -0.423196
vt 2.439040 -0.298613
vt 2.452409 -0.174402
vt 2.482697 -0.056001
vt 2.517238 0.069940
vt 2.530522 0.193621
vt 2.497248 0.318614
vt 2.470501 0.455068
vt 2.450177 0.477948
vt 2.481071 -0.854746
vt 2.481057 -0.730057
vt 2.485559 -0.607088
vt 2.475561 -0.497101
vt 2.450500 -0.157253
vt 2.471463 -0.100857
vt 2.533512 -0.018786
vt 2.575639 0.126575
vt 2.570411 0.261935
vt 2.526191 0.379938
vt 2.487923 0.451781
vt 2.537595 -0.031539
vt 2.611396 0.050789
vt 2.622291 0.212071
vt 2.619996 0.332187
vt 2.597448 0.468527
vt 2.535576 0.639640
vt 2.557328 0.633970
vt 2.646912 -0.028404
vt 2.683151 0.424012
vt 2.628046 0.502478
vt 2.559653 0.620918
vt 2.583013 0.735287
vt 2.583645 0.853433
vt 2.586717 0.984192
vt 2.586762 1.110593
vt 2.590397 1.225545
vt 2.605639 1.345809
vt 2.644639 1.472281
vt 2.631545 1.615587
vt 2.630504 1.742068
vt 2.631076 1.866209
vt 2.631874 1.990040
vt 2.632221 2.114562
vt 2.632607 2.239006
vt 2.634171 2.362090
vt 2.640107 2.439735
vt 2.682479 -0.101125
vt 2.745929 0.077689
vt 2.742652 0.107951
vt 2.709007 0.345158
vt 2.702955 0.435085
vt 2.686628 0.573359
vt 2.645555 0.682854
vt 2.650712 0.810009
vt 2.657349 0.938734
vt 2.650658 1.059457
vt 2.653010 1.184825
vt 2.695057 1.307108
vt 2.700007 1.411045
vt 2.660492 2.478789
vt 2.717410 2.480763
vt 2.671818 -0.212545
vt 2.718526 -0.169361
vt 2.755347 0.066324
vt 2.753550 0.095799
vt 2.770952 0.282905
vt 2.751081 0.371535
vt 2.746871 0.500633
vt 2.761524 0.622066
vt 2.707851 0.739051
vt 2.717255 0.869127
vt 2.726439 0.994784
vt 2.749336 1.125331
vt 2.754866 1.210901
vt 2.641782 2.460249
vt 2.705552 2.453508
vt 2.714603 -0.278636
vt 2.804072 -0.195236
vt 2.820442 -0.081775
vt 2.824571 0.040247
vt 2.813818 0.191013
vt 2.801383 0.285763
vt 2.828147 0.589751
vt 2.746248 0.655293
vt 2.758209 0.804788
vt 2.777857 0.929952
vt 2.796886 1.035465
vt 2.759548 2.413237
vt 2.755432 -0.336607
vt 2.787942 -0.273136
vt 2.790382 -0.132450
vt 2.785187 -0.005637
vt 2.804958 0.112059
vt 2.858062 0.163722
vt 2.849753 0.541966
vt 2.823240 0.595476
vt 2.811649 0.737525
vt 2.816803 0.864892
vt 2.837141 0.971342
vt 2.804973 2.348482
vt 2.779793 -0.270247
vt 2.774853 -0.181038
vt 2.771426 -0.072166
vt 2.774115 0.102246
vt 2.859477 0.139516
vt 2.887373 0.573582
vt 2.887121 0.678049
vt 2.861177 0.801474
vt 2.849466 0.955754
vt 2.908140 0.982060
vt 2.850343 2.287453
vt 2.840134 0.044199
vt 2.904804 0.082275
vt 2.932910 0.545300
vt 2.952661 0.604089
vt 2.895085 0.735360
vt 2.872790 0.863722
vt 2.929442 0.950983
vt 2.910249 2.138265
vt 2.888446 2.206855
vt 2.901018 -0.035672
vt 2.968433 0.017397
vt 3.001982 0.304267
vt 2.980252 0.411472
vt 2.979619 0.541702
vt 2.935048 0.670287
vt 2.910078 0.795266
vt 2.946809 0.934405
vt 2.997222 1.000742
vt 2.956151 1.929333
vt 2.935096 2.042978
vt 2.962490 -0.124149
vt 3.037003 -0.049140
vt 3.074232 0.127094
vt 3.026202 0.219267
vt 2.983680 0.342157
vt 2.969398 0.481406
vt 2.954942 0.608453
vt 2.925510 0.744232
vt 2.930586 0.872716
vt 2.977558 1.003703
vt 2.969186 1.114549
vt 3.000885 1.218543
vt 3.021003 1.331712
vt 2.996304 1.457638
vt 2.995134 1.590747
vt 2.983218 1.734227
vt 2.968265 1.849264
vt 2.991227 -0.174954
vt 3.045785 -0.067679
vt 3.083090 0.043956
vt 3.038894 0.166896
vt 3.047642 0.294413
vt 2.989532 0.420263
vt 2.970833 0.520415
vt 2.946348 1.132056
vt 2.952459 1.196806
vt 2.971006 1.315824
vt 2.961036 1.405071
vt 2.998668 -0.190271
vt 3.057205 -0.168803
vt 3.101513 -0.027456
vt 3.088388 0.101883
vt 3.069012 0.224772
vt 3.062379 0.339451
vt 3.056253 -0.145297
vt 3.092756 -0.089053
vt 3.104827 0.039116
vt 3.073189 0.177392
vt 3.057567 0.267127
vt 2.440578 0.043260
vt 2.449733 0.116263
vt 2.476679 0.258139
vt 2.442883 0.312493
vt 2.445052 0.038740
vt 2.480804 0.088607
vt 2.478009 0.212319
vt 2.458938 0.305241
vt 2.664631 0.099257
vt 2.667432 0.183279
vt 2.671589 0.295982
vt 2.672039 0.392990
vt 2.694423 0.050011
vt 2.706959 0.122710
vt 2.742737 0.251537
vt 2.706509 0.366191
vt 2.765762 1.497437
vt 2.758234 1.613196
vt 2.756825 1.740037
vt 2.757148 1.864542
vt 2.757652 1.988920
vt 2.757756 2.113854
vt 2.757549 2.239193
vt 2.758869 2.362172
vt 2.765133 2.445576
vt 2.752923 -0.016535
vt 2.748505 0.060528
vt 2.755841 0.170311
vt 2.732325 0.276695
vt 2.801112 1.330120
vt 2.778187 1.415530
vt 2.780946 2.494535
vt 2.807229 2.496861
vt 2.779799 -0.080110
vt 2.786206 0.000926
vt 2.789552 0.116936
vt 2.806692 0.226412
vt 2.797967 0.388099
vt 2.797754 0.471549
vt 2.807287 0.558602
vt 2.801844 1.147094
vt 2.830867 1.217604
vt 2.839187 2.478116
vt 2.806644 -0.107808
vt 2.820701 -0.049303
vt 2.827678 0.071950
vt 2.814037 0.193670
vt 2.838798 0.304481
vt 2.842428 0.429755
vt 2.851987 0.516245
vt 2.840095 1.095336
vt 2.902531 1.141559
vt 2.884902 2.427321
vt 2.857931 0.191655
vt 2.888918 0.248175
vt 2.879109 0.364913
vt 2.888542 0.489865
vt 2.885824 0.531669
vt 2.885880 1.030169
vt 2.947777 1.076433
vt 2.930037 2.358560
vt 2.948153 0.194765
vt 2.964480 0.301773
vt 2.960508 0.436651
vt 2.911412 0.506463
vt 2.902676 1.002643
vt 2.965423 1.022294
vt 2.974985 2.279510
vt 2.977034 0.139845
vt 3.022822 0.223537
vt 3.012794 0.370261
vt 2.960341 0.480408
vt 2.980764 0.527973
vt 3.023612 1.007135
vt 3.083222 1.027940
vt 3.033521 2.140408
vt 3.010262 2.207368
vt 3.030078 0.062459
vt 3.077074 0.171471
vt 3.018464 0.288380
vt 2.996376 0.441132
vt 2.991915 0.517141
vt 3.008505 0.992751
vt 3.060077 1.043963
vt 3.104624 1.112576
vt 3.079507 1.918544
vt 3.058501 2.041192
vt 3.073613 0.008834
vt 3.100376 0.110708
vt 3.033614 0.193375
vt 3.029046 1.070929
vt 3.078582 1.138956
vt 3.104145 1.238879
vt 3.115686 1.346932
vt 3.120119 1.465581
vt 3.116048 1.596888
vt 3.102537 1.740813
vt 3.090232 1.839099
vt 3.073688 0.003188
vt 3.083055 0.020808
vt 2.884197 1.502625
vt 2.868922 1.629338
vt 2.866020 1.763169
vt 2.866755 1.887104
vt 2.867077 2.011391
vt 2.866755 2.136605
vt 2.866020 2.262651
vt 2.868924 2.388122
vt 2.884013 2.470250
vt 2.929838 1.336521
vt 2.905126 1.409799
vt 2.905263 2.503258
vt 2.929971 2.505020
vt 2.965292 1.256431
vt 2.964875 2.483112
vt 3.010201 1.178479
vt 3.010017 2.431174
vt 3.054670 1.116985
vt 3.054998 2.363404
vt 3.099627 1.068428
vt 3.100161 2.281611
vt 3.135607 1.043196
vt 3.158339 1.043660
vt 3.157658 2.140077
vt 3.134528 2.206662
vt 3.182562 1.070030
vt 3.204535 1.127832
vt 3.204684 1.919210
vt 3.182907 2.039842
vt 3.215829 1.174630
vt 3.227710 1.240130
vt 3.239574 1.348132
vt 3.243525 1.467686
vt 3.239572 1.598680
vt 3.227685 1.741166
vt 3.216026 1.839253
vt 3.009119 1.503161
vt 2.993751 1.632666
vt 2.991060 1.762931
vt 2.991791 1.886862
vt 2.992114 2.011391
vt 2.991791 2.136852
vt 2.991060 2.262895
vt 2.993751 2.385388
vt 3.009119 2.470497
vt 3.054720 1.336826
vt 3.030869 1.407172
vt 3.030869 2.503652
vt 3.054720 2.505095
vt 3.089908 1.257185
vt 3.089908 2.483081
vt 3.135021 1.178770
vt 3.135021 2.431168
vt 3.179991 1.116609
vt 3.179991 2.363416
vt 3.225161 1.067925
vt 3.225161 2.281611
vt 3.259440 1.043622
vt 3.282610 1.043333
vt 3.282610 2.140237
vt 3.259440 2.206885
vt 3.307935 1.070699
vt 3.329663 1.128292
vt 3.329663 1.919348
vt 3.307935 2.039710
vt 3.341016 1.175514
vt 3.352685 1.239969
vt 3.364572 1.348100
vt 3.368525 1.467686
vt 3.364572 1.598693
vt 3.352685 1.741163
vt 3.341016 1.839329
vn 0.00000 0.83504 0.55018
vn 0.00000 0.98181 0.18989
vn 0.00000 0.99992 -0.01265
vn 0.00000 0.99990 -0.01397
vn 0.00000 1.00000 -0.00000
vn 0.00000 0.99990 0.01397
vn 0.00000 0.99992 0.01265
vn 0.00000 0.98181 -0.18989
vn 0.00000 0.83504 -0.55018
vn 0.00000 0.38196 0.92418
vn 0.00000 0.59905 0.80071
vn 0.00000 0.59905 -0.80071
vn 0.00000 0.38196 -0.92418
vn 0.00000 0.18321 0.98307
vn 0.00000 0.18321 -0.98307
vn 0.00000 0.05742 0.99835
vn 0.00000 0.05742 -0.99835
vn 0.00000 -0.09446 0.99553
vn 0.00000 -0.09446 -0.99553
vn 0.00000 -0.17762 0.98410
vn 0.00000 -0.17762 -0.98410
vn 0.00000 -0.35769 0.93384
vn 0.00000 -0.55961 0.82876
vn 0.00000 -0.55961 -0.82876
vn 0.00000 -0.35769 -0.93384
vn 0.00000 -0.75966 0.65032
vn 0.00000 -0.87627 0.48181
vn 0.00000 -0.87627 -0.48181
vn 0.00000 -0.75966 -0.65032
vn 0.00000 -0.91217 0.40981
vn 0.00000 -0.94444 0.32868
vn 0.00000 -0.98487 0.17330
vn 0.00000 -1.00000 -0.00000
vn 0.00000 -0.98487 -0.17330
vn 0.00000 -0.94444 -0.32868
vn 0.00000 -0.91217 -0.40981
vn 0.01825 0.83467 0.55045
vn 0.03887 0.97936 0.19833
vn 0.04250 0.99902 -0.01268
vn 0.04144 0.99904 -0.01393
vn 0.04095 0.99916 -0.00000
vn 0.04144 0.99904 0.01393
vn 0.04250 0.99902 0.01268
vn 0.03887 0.97937 -0.19829
vn 0.01829 0.83507 -0.54984
vn -0.00002 0.38094 0.92460
vn 0.00296 0.60720 0.79454
vn 0.00296 0.60735 -0.79443
vn -0.00000 0.38161 -0.92432
vn -0.00069 0.18193 0.98331
vn -0.00001 0.18301 -0.98311
vn -0.00221 0.05720 0.99836
vn -0.00001 0.05740 -0.99835
vn -0.00335 -0.09402 0.99556
vn -0.00000 -0.09445 -0.99553
vn -0.00323 -0.17626 0.98434
vn 0.00000 -0.17768 -0.98409
vn -0.00247 -0.36548 0.93081
vn -0.00167 -0.56574 0.82458
vn 0.00000 -0.55871 -0.82936
vn 0.00001 -0.35665 -0.93424
vn -0.00059 -0.75756 0.65277
vn -0.00000 -0.87589 0.48252
vn 0.00001 -0.87651 -0.48139
vn 0.00000 -0.75968 -0.65030
vn -0.00001 -0.91176 0.41072
vn -0.00001 -0.94451 0.32847
vn -0.00001 -0.98489 0.17320
vn -0.00000 -1.00000 -0.00000
vn 0.00000 -0.98486 -0.17333
vn 0.00000 -0.94441 -0.32877
vn 0.00001 -0.91232 -0.40947
vn -0.03627 0.94627 0.32133
vn -0.00296 0.99551 0.09460
vn -0.00575 0.99997 -0.00548
vn 0.00310 0.99994 -0.01022
vn 0.00686 0.99997 0.00223
vn 0.00005 0.99996 0.00895
vn -0.00363 0.99998 0.00573
vn -0.00418 0.99580 -0.09146
vn -0.01270 0.94231 -0.33451
vn -0.24265 0.41697 0.87593
vn -0.10680 0.79357 0.59903
vn -0.07508 0.81950 -0.56814
vn -0.12265 0.37639 -0.91831
vn -0.64901 0.12072 0.75114
vn -0.45005 0.25243 0.85658
vn -0.13344 0.20065 -0.97053
vn -0.66492 0.09583 0.74074
vn -0.38519 0.09291 0.91815
vn -0.06178 0.00585 -0.99807
vn -0.66101 0.07490 0.74663
vn -0.44888 -0.02452 0.89325
vn 0.03755 -0.11884 -0.99220
vn -0.71608 -0.10617 0.68990
vn -0.57513 -0.19871 0.79356
vn 0.07332 -0.21437 -0.97400
vn -0.43565 -0.44416 0.78290
vn -0.28159 -0.59698 0.75121
vn 0.14176 -0.51803 -0.84353
vn 0.14009 -0.35278 -0.92516
vn -0.60072 -0.56362 0.56698
vn -0.30745 -0.74225 0.59543
vn -0.24351 -0.87127 0.42613
vn 0.12246 -0.87172 -0.47446
vn 0.11786 -0.76834 -0.62909
vn -0.18540 -0.91279 0.36392
vn -0.06467 -0.94838 0.31047
vn -0.03153 -0.98395 0.17566
vn 0.01299 -0.99859 -0.05138
vn 0.05968 -0.98383 -0.16885
vn 0.09115 -0.92492 -0.36907
vn 0.10284 -0.90009 -0.42339
vn -0.36711 0.87073 0.32719
vn -0.15301 0.94964 0.27346
vn -0.05560 0.99704 0.05314
vn -0.03074 0.99939 -0.01646
vn 0.00990 0.99971 -0.02173
vn 0.01122 0.99994 -0.00006
vn 0.01009 0.99956 0.02802
vn -0.00514 0.99998 0.00273
vn -0.00930 0.99759 -0.06869
vn -0.02230 0.91816 -0.39558
vn -0.10812 0.99386 -0.02341
vn -0.90286 0.38788 0.18547
vn -0.86280 0.43945 0.24993
vn -0.52485 0.63034 0.57202
vn -0.20886 0.84471 0.49278
vn -0.12206 0.94591 -0.30058
vn -0.28133 0.45661 -0.84402
vn -0.91055 0.21328 0.35415
vn -0.94709 0.24221 0.21062
vn -0.84579 0.18008 0.50220
vn -0.67263 0.28204 0.68412
vn -0.33760 0.22069 -0.91505
vn -0.96338 0.15474 0.21898
vn -0.98621 0.03088 0.16257
vn -0.89351 0.11710 0.43351
vn -0.25083 -0.21745 -0.94329
vn -0.98547 0.09822 0.13854
vn -0.99947 0.01462 0.02895
vn -0.82837 -0.05630 0.55734
vn 0.07199 -0.34838 -0.93458
vn -0.79958 0.32422 0.50553
vn -0.47254 0.53789 0.69813
vn -0.66288 0.71154 0.23301
vn -0.98696 0.14612 -0.06747
vn -0.83097 -0.09513 0.54812
vn -0.71696 -0.29542 0.63143
vn 0.04543 -0.31275 -0.94875
vn 0.14485 -0.23662 -0.96074
vn -0.79849 0.20140 0.56733
vn -0.86498 -0.07370 0.49636
vn -0.25762 -0.01572 -0.96612
vn -0.99661 -0.07929 -0.02196
vn -0.97247 -0.12323 0.19776
vn -0.72216 -0.28396 0.63075
vn 0.07437 -0.43316 -0.89825
vn 0.12779 -0.38261 -0.91503
vn -0.68405 -0.18082 0.70667
vn -0.91443 0.26499 0.30595
vn -0.23730 -0.00410 -0.97143
vn -0.98346 -0.05472 -0.17266
vn -0.96472 -0.20870 0.16048
vn -0.90961 -0.28831 0.29915
vn -0.64130 -0.69606 0.32286
vn -0.50837 -0.78592 0.35199
vn 0.16861 -0.93270 -0.31882
vn 0.13575 -0.88964 -0.43602
vn 0.02734 -0.76326 -0.64551
vn -0.63919 0.05575 0.76703
vn -0.49576 -0.76031 0.41970
vn -0.17479 -0.03589 -0.98395
vn -0.93397 -0.25474 -0.25063
vn -0.97751 -0.20634 0.04352
vn -0.84823 -0.52469 0.07214
vn -0.83711 -0.54562 0.03928
vn -0.58275 -0.80538 0.10846
vn -0.54575 -0.81946 0.17507
vn -0.40396 -0.90294 0.14668
vn -0.23332 -0.94178 -0.24210
vn -0.05826 -0.96867 -0.24144
vn 0.19200 -0.89853 -0.39470
vn 0.16086 -0.91065 -0.38058
vn -0.30608 -0.77634 0.55101
vn -0.24427 -0.76163 0.60022
vn -0.88269 -0.41415 -0.22210
vn -0.95233 -0.30130 -0.04776
vn -0.91781 -0.39697 -0.00644
vn -0.91236 -0.40808 0.03258
vn -0.69406 -0.71178 0.10793
vn -0.54370 -0.83801 0.04612
vn -0.42696 -0.86811 -0.25314
vn -0.52629 0.84783 0.06475
vn -0.64199 0.76122 0.09161
vn -0.70664 0.38163 0.59584
vn -0.93091 -0.29809 0.21105
vn -0.74942 -0.47013 -0.46622
vn -0.75321 -0.65701 0.03169
vn -0.92126 0.38885 0.00872
vn -0.91668 0.39174 0.07897
vn -0.68115 0.04644 -0.73067
vn -0.47051 0.82345 0.31709
vn -0.42666 0.90395 0.02893
vn -0.45533 0.88995 -0.02573
vn -0.39905 0.90062 0.17218
vn -0.17692 0.98164 0.07133
vn -0.12127 0.99179 0.04054
vn -0.09557 0.99345 -0.06266
vn -0.04761 0.99539 -0.08331
vn -0.00165 0.99993 -0.01131
vn 0.00696 0.99938 0.03449
vn 0.00883 0.99952 0.02959
vn 0.00205 0.99696 -0.07792
vn -0.02361 0.92766 -0.37268
vn -0.06112 0.99780 -0.02573
vn -0.86063 -0.27373 0.42940
vn -0.99203 0.07123 -0.10391
vn -0.94205 -0.33524 -0.01258
vn -0.20462 0.08346 0.97528
vn -0.87510 0.39279 0.28270
vn -0.76547 0.64151 0.05020
vn -0.54488 0.81722 0.18778
vn -0.15629 0.43360 -0.88745
vn -0.99822 -0.04224 -0.04217
vn -0.93967 -0.04267 0.33940
vn -0.91857 0.39493 -0.01599
vn -0.20794 0.06136 0.97622
vn -0.87097 0.37799 0.31390
vn 0.05119 0.29870 -0.95297
vn -0.95989 0.24542 0.13558
vn -0.93028 0.36288 -0.05377
vn -0.73183 0.64019 0.23362
vn -0.85518 0.50475 -0.11786
vn -0.96884 0.09344 0.22938
vn -0.96725 -0.13389 0.21564
vn -0.89958 -0.21046 0.38270
vn -0.87046 0.07553 0.48642
vn 0.29828 -0.34493 -0.88997
vn -0.86003 -0.02547 0.50961
vn -0.91591 0.40030 0.02969
vn -0.95454 0.28451 0.08893
vn -0.98114 0.04759 -0.18734
vn -0.93906 0.34225 0.03204
vn -0.73295 0.63149 0.25299
vn -0.93053 0.33461 0.14879
vn -0.80343 -0.05986 0.59239
vn -0.01320 -0.35324 -0.93544
vn -0.70972 -0.14848 0.68866
vn -0.85306 -0.50825 0.11824
vn -0.97648 -0.20749 -0.05866
vn -0.96068 0.02127 0.27684
vn -0.96191 -0.26956 0.04542
vn -0.92226 0.00929 0.38646
vn -0.83577 0.51387 0.19346
vn -0.73422 0.59544 0.32615
vn 0.02548 -0.28522 -0.95812
vn -0.09230 -0.35576 -0.93001
vn -0.88806 0.31664 0.33329
vn -0.89555 0.36081 -0.26041
vn -0.70801 0.19752 0.67802
vn -0.90947 0.04635 -0.41318
vn -0.94486 0.16535 0.28265
vn -0.83106 0.20769 0.51594
vn -0.07530 -0.25407 -0.96425
vn -0.89447 -0.12625 0.42893
vn -0.95192 0.18189 0.24650
vn -0.97484 0.17553 -0.13740
vn -0.99486 0.01384 0.10028
vn -0.93971 0.20987 0.27001
vn -0.95691 -0.11025 0.26865
vn -0.10419 -0.96756 -0.23015
vn -0.19559 -0.90935 -0.36718
vn -0.04244 -0.82260 -0.56703
vn -0.86467 -0.18778 0.46593
vn -0.77508 -0.58715 0.23344
vn -0.85925 -0.49289 0.13693
vn -0.99325 -0.09450 0.06734
vn -0.96596 -0.00071 0.25870
vn -0.95620 -0.08086 0.28134
vn -0.53677 -0.81791 0.20714
vn -0.78446 -0.56924 -0.24613
vn -0.70461 -0.70709 0.05954
vn -0.76864 -0.62173 0.15049
vn -0.23410 -0.82967 -0.50679
vn -0.03836 -0.91052 -0.41168
vn -0.00324 -0.89220 -0.45163
vn -0.74660 -0.44083 0.49825
vn -0.91815 -0.38964 0.07195
vn -0.71194 -0.52214 0.46959
vn -0.89624 -0.39750 -0.19686
vn -0.79826 -0.52839 0.28910
vn -0.16724 -0.36965 0.91400
vn -0.78992 -0.60557 -0.09644
vn -0.88487 -0.46373 -0.04431
vn -0.90653 -0.42167 -0.01981
vn -0.85238 -0.46385 -0.24142
vn -0.94798 -0.31686 0.03054
vn -0.86019 -0.50498 -0.07121
vn -0.55621 -0.81549 -0.16000
vn -0.31766 -0.84228 -0.43549
vn -0.81181 -0.39682 0.42838
vn -0.85345 -0.37795 -0.35885
vn -0.89444 -0.33547 0.29570
vn -0.83713 -0.54701 -0.00172
vn -0.90430 -0.42630 -0.02269
vn -0.77435 -0.62789 0.07834
vn -0.83765 -0.54435 0.04503
vn -0.84467 -0.49614 -0.20093
vn -0.75774 -0.64384 -0.10634
vn -0.66904 -0.65948 -0.34274
vn -0.59059 -0.69330 -0.41297
vn -0.96256 -0.22197 0.15560
vn -0.97382 -0.22518 0.03120
vn -0.92855 0.18625 0.32109
vn -0.81287 0.17511 0.55550
vn -0.55745 0.11510 -0.82219
vn -0.86008 0.41094 0.30231
vn -0.80162 0.53103 0.27461
vn -0.36515 0.04796 -0.92971
vn -0.53610 0.07340 -0.84096
vn -0.78661 0.43449 0.43872
vn -0.80703 0.46541 0.36346
vn -0.49666 0.86436 -0.07883
vn 0.93375 -0.15729 -0.32152
vn -0.76738 0.05167 0.63911
vn -0.73711 -0.05165 0.67379
vn -0.34977 -0.61673 -0.70520
vn 0.32573 -0.28321 -0.90205
vn -0.84705 0.45265 0.27860
vn -0.94237 0.30855 -0.12937
vn -0.79971 0.52832 0.28522
vn -0.33829 0.64623 0.68406
vn -0.88102 0.32370 0.34499
vn -0.44689 -0.47669 -0.75700
vn -0.00565 0.97041 0.24139
vn -0.01976 0.99884 0.04397
vn -0.07765 0.99671 -0.02322
vn -0.09309 0.99452 -0.04763
vn -0.01784 0.99981 0.00777
vn -0.02714 0.99913 0.03180
vn -0.03953 0.99545 -0.08670
vn -0.03410 0.99704 -0.06893
vn -0.05733 0.99752 -0.04088
vn -0.00525 0.99978 0.02039
vn 0.03423 0.99937 0.00967
vn -0.01247 0.99864 -0.05066
vn 0.01811 0.93192 -0.36221
vn -0.08856 0.96643 0.24117
vn -0.72265 0.23888 0.64862
vn -0.88583 0.41945 0.19842
vn -0.93925 0.33868 -0.05564
vn -0.74502 0.52604 0.41015
vn -0.98025 0.01670 -0.19708
vn -0.74840 0.51487 0.41810
vn -0.84364 -0.03134 0.53600
vn 0.32064 0.05291 -0.94572
vn -0.64451 -0.00233 0.76459
vn -0.98137 0.13560 0.13613
vn -0.87103 0.36020 0.33402
vn -0.93958 0.29996 0.16497
vn -0.92547 0.35562 0.13057
vn -0.98761 0.10907 0.11279
vn -0.97934 0.02791 0.20028
vn 0.13084 0.34754 -0.92849
vn -0.63210 0.29028 0.71846
vn -0.90592 0.22569 0.35829
vn -0.99081 0.04037 0.12911
vn -0.98386 0.17268 -0.04696
vn -0.95790 0.26707 0.10533
vn -0.98059 -0.18465 0.06596
vn -0.95846 -0.22128 0.17997
vn -0.11268 -0.52714 -0.84227
vn -0.75306 -0.16629 0.63659
vn -0.90853 -0.07189 0.41159
vn -0.97260 0.02555 0.23109
vn 0.01827 0.06951 -0.99741
vn -0.66291 -0.32361 0.67515
vn -0.77473 -0.43184 0.46186
vn -0.93046 -0.33638 0.14527
vn -0.07325 -0.28378 -0.95609
vn -0.15835 -0.37321 -0.91413
vn -0.87167 -0.00477 0.49007
vn -0.52192 0.24694 0.81647
vn -0.09825 -0.13291 -0.98625
vn -0.19575 -0.23200 -0.95282
vn -0.53544 -0.04857 0.84317
vn -0.67366 -0.02018 0.73876
vn -0.16031 -0.97894 -0.12638
vn -0.23483 -0.94820 -0.21393
vn -0.40027 -0.67333 -0.62162
vn -0.39262 -0.05775 0.91789
vn -0.44313 -0.64296 0.62469
vn -0.87439 -0.43860 0.20752
vn -0.84917 -0.52573 0.05016
vn -0.24299 -0.87745 -0.41357
vn -0.16758 -0.84008 -0.51592
vn -0.23358 -0.89943 -0.36942
vn -0.18711 -0.97945 -0.07524
vn -0.51721 -0.48563 0.70474
vn -0.44999 -0.76395 0.46247
vn -0.94996 -0.24585 0.19271
vn -0.88322 -0.42328 -0.20190
vn -0.78566 -0.49371 0.37282
vn -0.20442 -0.68767 -0.69665
vn -0.07274 -0.87912 -0.47101
vn -0.01744 -0.93456 -0.35538
vn -0.95130 -0.19760 0.23661
vn -0.81404 -0.49103 0.31021
vn -0.79613 -0.60043 0.07530
vn -0.65401 -0.54927 0.52017
vn -0.70910 -0.64235 -0.29079
vn -0.80219 -0.59231 0.07516
vn -0.82183 -0.55760 0.11693
vn -0.84505 -0.44193 -0.30098
vn -0.67057 -0.74183 0.00505
vn -0.64419 -0.75825 0.10044
vn -0.62143 -0.75787 -0.19862
vn -0.57979 -0.78031 -0.23444
vn -0.56072 -0.74931 -0.35232
vn -0.54707 -0.63412 -0.54645
vn -0.85508 -0.50727 0.10732
vn -0.79093 -0.60517 0.09050
vn -0.75159 -0.65578 0.07126
vn -0.78685 -0.61697 -0.01425
vn -0.80964 -0.46263 0.36118
vn -0.25222 -0.04008 0.96684
vn -0.81463 -0.49080 -0.30902
vn -0.85189 -0.51109 -0.11430
vn -0.90088 -0.40268 0.16208
vn -0.78067 -0.60466 -0.15792
vn -0.84443 -0.42578 -0.32503
vn -0.57300 -0.80340 -0.16194
vn -0.57868 -0.74933 -0.32192
vn -0.85143 -0.40448 0.33387
vn -0.69985 -0.67936 0.22064
vn -0.78866 -0.48407 -0.37905
vn -0.91170 -0.40260 -0.08195
vn -0.91887 -0.12670 0.37367
vn -0.89181 -0.04495 -0.45017
vn -0.79745 -0.58024 -0.16551
vn -0.82414 -0.56635 0.00716
vn -0.82633 -0.56311 -0.00936
vn -0.95936 -0.26591 -0.09445
vn -0.93458 -0.25922 -0.24364
vn -0.25746 0.61046 0.74903
vn -0.99019 0.09706 -0.10051
vn -0.50282 0.63920 0.58188
vn -0.52720 0.65955 0.53577
vn -0.70728 -0.47093 -0.52724
vn -0.72094 0.51865 0.45963
vn -0.61675 0.36367 0.69811
vn -0.84776 0.52830 -0.04690
vn -0.41212 0.31450 -0.85513
vn -0.67929 0.46176 0.57039
vn -0.63157 0.65045 0.42194
vn -0.57172 0.77126 0.27980
vn -0.69198 0.55022 0.46735
vn -0.50728 -0.64346 -0.57326
vn -0.40215 0.03990 -0.91470
vn -0.34520 0.60301 0.71918
vn -0.80449 0.45192 0.38545
vn -0.79407 0.22201 0.56583
vn -0.82791 0.36463 0.42616
vn -0.59586 -0.60437 -0.52885
vn -0.60175 -0.52009 -0.60614
vn -0.51095 0.77934 0.36271
vn -0.59015 0.79033 0.16461
vn -0.87164 0.34907 0.34408
vn -0.93962 -0.01220 0.34200
vn -0.82408 -0.03798 0.56519
vn -0.48352 -0.42967 -0.76262
vn -0.58656 0.14196 -0.79737
vn -0.75833 0.24264 -0.60502
vn -0.72138 0.44680 0.52913
vn -0.74074 0.51164 0.43535
vn -0.73141 0.63885 0.23855
vn -0.80215 0.43279 0.41139
vn -0.65562 0.75303 -0.05580
vn -0.83213 0.53208 0.15639
vn -0.72246 0.38335 0.57541
vn -0.55578 -0.40370 -0.72673
vn -0.97109 0.03293 -0.23644
vn -0.00823 0.99986 -0.01440
vn 0.00916 0.99996 0.00040
vn -0.02364 0.99912 -0.03460
vn -0.01158 0.99657 -0.08188
vn 0.08048 0.99656 0.01995
vn 0.07891 0.99621 -0.03652
vn -0.02415 0.99850 -0.04916
vn -0.04928 0.99844 -0.02622
vn -0.08463 0.99639 -0.00627
vn -0.01527 0.99988 0.00044
vn 0.05144 0.99108 -0.12297
vn 0.08887 0.91143 -0.40174
vn 0.32106 0.89634 0.30576
vn -0.33325 0.78846 0.51699
vn -0.48389 0.72218 0.49426
vn -0.68905 0.70723 -0.15820
vn -0.78550 0.55932 0.26488
vn 0.36861 0.38317 -0.84694
vn 0.55061 -0.10054 -0.82869
vn -0.79421 -0.16256 0.58550
vn -0.69451 0.01378 0.71935
vn 0.18392 0.92572 -0.33048
vn -0.45304 0.39352 0.79994
vn -0.65033 0.36180 0.66796
vn -0.10811 -0.49014 -0.86492
vn -0.71249 -0.27460 0.64572
vn -0.72420 -0.29875 0.62152
vn -0.20383 0.05564 -0.97742
vn -0.67298 -0.44043 0.59424
vn -0.52968 -0.41231 0.74124
vn -0.64678 -0.28393 0.70785
vn -0.20992 -0.20632 -0.95570
vn -0.40171 -0.12671 0.90696
vn -0.69307 -0.20828 0.69012
vn -0.22300 -0.16174 -0.96131
vn -0.23136 -0.20533 -0.95095
vn -0.71006 -0.21683 0.66992
vn -0.53514 -0.36034 0.76405
vn -0.09756 -0.96649 -0.23744
vn -0.22911 -0.69667 -0.67982
vn -0.18385 -0.22802 -0.95614
vn -0.81672 -0.06926 0.57286
vn -0.48916 -0.18391 0.85259
vn -0.57590 -0.58572 0.57033
vn -0.39875 -0.85763 -0.32476
vn -0.33886 -0.60937 -0.71682
vn 0.01359 -0.99738 -0.07101
vn -0.41543 -0.35660 0.83681
vn -0.63663 -0.38412 0.66870
vn -0.87672 -0.28448 0.38786
vn -0.40781 -0.63422 -0.65686
vn -0.30196 -0.69219 -0.65551
vn -0.37262 -0.89716 -0.23718
vn -0.68818 0.24122 0.68427
vn -0.66175 0.15584 0.73335
vn -0.97434 -0.14848 0.16915
vn -0.92309 -0.37054 0.10304
vn -0.60949 -0.29859 -0.73442
vn -0.49375 -0.39015 -0.77717
vn -0.73156 -0.26768 0.62703
vn -0.70451 -0.63841 0.31001
vn -0.74979 -0.63229 0.19500
vn -0.85827 -0.50815 0.07178
vn -0.90572 -0.41702 0.07589
vn -0.95145 -0.22293 0.21225
vn -0.90708 -0.39920 -0.13360
vn -0.84969 -0.38357 0.36180
vn -0.53803 -0.70178 -0.46694
vn -0.83976 -0.46712 -0.27678
vn -0.63205 -0.58991 -0.50252
vn -0.84374 -0.51829 0.13954
vn -0.78644 -0.33411 0.51950
vn -0.77875 -0.62332 0.07093
vn -0.88699 -0.46138 0.01929
vn -0.79696 -0.59871 0.08006
vn -0.85100 -0.51345 -0.11032
vn -0.84301 -0.37885 0.38185
vn -0.79398 -0.53997 0.27932
vn -0.80098 -0.44810 -0.39702
vn -0.97385 -0.22686 0.01197
vn -0.86260 -0.04490 0.50389
vn -0.90201 -0.09732 -0.42061
vn -0.81227 -0.18150 -0.55433
vn -0.75039 0.08449 -0.65558
vn -0.41640 -0.57023 -0.70813
vn -0.84777 -0.49967 0.17782
vn -0.86754 -0.47979 -0.13105
vn -0.80673 -0.58662 -0.07107
vn -0.92630 -0.21770 0.30755
vn -0.91099 -0.33252 0.24399
vn -0.91523 -0.26361 0.30475
vn -0.96868 -0.13480 -0.20852
vn -0.95917 -0.16075 0.23271
vn -0.97653 -0.17431 0.12652
vn -0.93950 -0.12315 -0.31966
vn -0.99797 0.04810 -0.04184
vn -0.59157 -0.20686 -0.77926
vn -0.94104 -0.22916 0.24887
vn -0.96256 -0.00325 0.27106
vn -0.98487 -0.14173 0.09969
vn -0.74079 -0.56650 0.36098
vn -0.94560 -0.15314 -0.28704
vn -0.74349 -0.32052 0.58693
vn -0.91174 -0.38759 -0.13603
vn -0.56211 -0.71117 -0.42222
vn -0.44773 -0.47460 -0.75782
vn -0.96773 0.03634 0.24937
vn -0.91546 -0.23397 -0.32742
vn -0.91827 -0.38209 0.10383
vn -0.85201 -0.41475 -0.31948
vn -0.84306 -0.44919 0.29577
vn -0.80541 -0.54599 -0.23067
vn -0.58441 -0.72505 -0.36436
vn -0.20352 0.86848 0.45202
vn -0.21369 0.86687 0.45042
vn -0.56886 0.59878 0.56379
vn -0.57730 0.61962 0.53178
vn -0.46225 0.51967 -0.71852
vn -0.78381 0.35844 -0.50711
vn -0.44342 0.72306 0.52969
vn -0.45385 0.79667 0.39916
vn -0.34786 0.80111 0.48704
vn -0.83181 -0.17733 -0.52597
vn -0.42788 -0.14804 -0.89163
vn -0.83156 0.44461 0.33292
vn -0.89502 0.44383 0.04424
vn -0.87645 0.41010 0.25231
vn -0.66203 0.36061 0.65701
vn -0.75777 0.49682 0.42304
vn -0.69836 -0.03636 -0.71482
vn -0.43391 -0.01857 -0.90077
vn -0.69492 0.22686 0.68236
vn -0.82356 0.44888 0.34678
vn -0.71747 0.58758 0.37416
vn -0.37636 0.89343 0.24523
vn -0.43539 0.71292 0.54971
vn -0.79493 -0.18069 -0.57917
vn -0.72425 0.08997 -0.68365
vn -0.52704 0.68253 0.50634
vn -0.50140 0.84559 0.18321
vn -0.86829 0.14856 0.47329
vn -0.70436 0.45709 0.54310
vn -0.91861 -0.14598 -0.36721
vn -0.68197 -0.05069 -0.72963
vn -0.81728 -0.17424 -0.54927
vn -0.43662 0.66884 0.60168
vn -0.59835 0.74901 0.28453
vn -0.74732 0.61329 0.25573
vn -0.91270 0.36114 0.19122
vn -0.66607 0.71901 0.19842
vn -0.93844 -0.03022 -0.34411
vn -0.87769 -0.00890 -0.47914
vn -0.77865 -0.09793 -0.61977
vn -0.84229 0.33335 0.42359
vn -0.68630 0.60183 0.40840
vn -0.77816 0.55477 0.29445
vn -0.73144 0.68191 -0.00014
vn 0.00994 0.99851 -0.05357
vn -0.05092 0.99870 0.00032
vn -0.02977 0.99945 -0.01493
vn -0.01115 0.99776 -0.06595
vn -0.01209 0.99970 -0.02117
vn -0.00093 0.99989 -0.01491
vn -0.01818 0.99838 0.05400
vn -0.05127 0.99627 -0.06948
vn -0.05523 0.99842 0.01030
vn -0.10162 0.98993 -0.09859
vn -0.04016 0.99374 -0.10428
vn 0.01210 0.94928 -0.31419
vn -0.87078 -0.13425 0.47299
vn -0.61122 0.28372 0.73886
vn 0.01557 0.26303 -0.96466
vn -0.29661 0.61868 -0.72750
vn -0.49053 0.47751 0.72895
vn -0.43987 0.52528 0.72842
vn -0.49022 0.70998 -0.50558
vn -0.27941 -0.27770 -0.91914
vn -0.39057 0.59568 0.70187
vn -0.61776 0.39759 0.67845
vn -0.08403 0.16498 -0.98271
vn -0.37677 0.31433 -0.87134
vn -0.43262 0.12227 0.89325
vn -0.43636 -0.43620 0.78697
vn -0.47026 -0.24977 -0.84645
vn -0.35077 -0.28831 -0.89097
vn -0.30317 -0.53999 0.78518
vn -0.48304 -0.70570 0.51833
vn -0.30270 -0.00970 -0.95304
vn -0.38564 0.10231 -0.91696
vn -0.53779 0.17008 0.82575
vn -0.59344 0.24066 0.76806
vn -0.11305 -0.37178 -0.92141
vn -0.62445 -0.04538 0.77975
vn -0.52296 -0.24150 0.81743
vn 0.22671 -0.94797 -0.22351
vn 0.09002 -0.85608 -0.50895
vn -0.08526 -0.71361 -0.69534
vn -0.72561 -0.06952 0.68458
vn -0.86671 -0.34279 0.36237
vn 0.01785 -0.83821 -0.54506
vn -0.38686 -0.84775 -0.36285
vn 0.22209 -0.69790 -0.68089
vn -0.60603 -0.33562 0.72117
vn -0.90228 -0.29887 0.31076
vn -0.65561 -0.71627 -0.23904
vn -0.54460 -0.54086 -0.64100
vn -0.65322 -0.67533 -0.34239
vn -0.63324 0.23647 0.73695
vn -0.88942 0.26169 0.37476
vn -0.24598 -0.42572 -0.87078
vn -0.41062 -0.52442 -0.74590
vn -0.32355 -0.88443 -0.33631
vn -0.69558 -0.27090 0.66542
vn -0.67875 -0.63770 0.36419
vn -0.73567 -0.41550 0.53492
vn -0.65051 -0.42273 -0.63098
vn -0.69158 -0.00849 -0.72225
vn -0.57158 -0.45945 0.67985
vn -0.61892 -0.78515 0.02168
vn -0.59145 -0.53661 0.60186
vn -0.72944 -0.61531 0.29886
vn -0.48724 -0.17610 -0.85533
vn -0.58263 -0.72298 -0.37127
vn -0.60555 -0.63311 -0.48216
vn -0.50423 -0.73326 0.45617
vn -0.60569 -0.56448 0.56080
vn -0.75905 -0.60942 0.22902
vn -0.95476 -0.29683 0.01785
vn -0.99700 -0.05084 -0.05836
vn -0.97096 -0.05062 0.23384
vn -0.24325 -0.09819 -0.96498
vn -0.56607 -0.69146 0.44883
vn -0.78955 -0.18140 0.58626
vn -0.92330 -0.19027 0.33363
vn -0.96862 -0.24487 -0.04264
vn -0.94720 -0.30273 0.10565
vn -0.85335 -0.07061 0.51653
vn -0.33517 -0.62604 -0.70409
vn -0.19742 -0.61807 -0.76093
vn -0.71809 -0.40628 0.56505
vn -0.72661 -0.68705 0.00311
vn -0.88886 -0.31752 0.33031
vn -0.97200 -0.22730 0.05963
vn -0.64672 -0.65031 0.39856
vn -0.58956 -0.80493 0.06722
vn -0.59021 -0.80034 -0.10540
vn -0.59266 -0.77526 -0.21847
vn -0.37467 -0.76160 0.52876
vn -0.34310 -0.87853 -0.33235
vn -0.44529 -0.65559 -0.60985
vn -0.40660 -0.47098 -0.78285
vn -0.79486 -0.49985 0.34400
vn -0.91226 -0.38536 0.13887
vn -0.89838 -0.42061 -0.12651
vn -0.72661 -0.64283 -0.24250
vn -0.49138 -0.86912 -0.05642
vn -0.62887 -0.76056 -0.16149
vn -0.33130 -0.88472 0.32789
vn -0.26316 -0.90075 -0.34555
vn -0.38022 0.92357 0.04950
vn -0.42638 0.90391 -0.03376
vn -0.00698 0.99173 0.12814
vn -0.39804 0.66854 -0.62819
vn -0.63628 0.76458 0.10278
vn -0.71514 0.64727 0.26386
vn -0.62065 0.59617 0.50929
vn -0.39955 0.88778 0.22847
vn -0.48011 0.87483 -0.06453
vn -0.65244 -0.02845 -0.75731
vn -0.49217 0.01325 -0.87040
vn -0.81836 0.48516 0.30807
vn -0.88043 0.46745 0.07966
vn -0.82570 0.48938 0.28057
vn -0.61243 0.71793 0.33091
vn -0.60778 0.69998 0.37501
vn -0.44654 -0.14712 -0.88259
vn -0.39293 -0.27219 -0.87836
vn -0.48457 0.55858 0.67319
vn -0.75911 0.58083 0.29392
vn -0.63796 0.73665 0.22439
vn -0.76382 0.57099 0.30093
vn -0.70684 0.55826 0.43443
vn -0.59072 -0.10324 -0.80025
vn -0.77507 0.27058 0.57101
vn -0.73252 0.07474 0.67663
vn -0.84159 0.41727 0.34295
vn -0.33682 0.46107 -0.82096
vn -0.44939 0.47565 -0.75618
vn -0.43971 0.85413 0.27770
vn -0.42993 0.73788 0.52027
vn -0.74678 0.53260 0.39831
vn -0.72051 -0.03557 -0.69253
vn -0.68320 0.04663 -0.72874
vn -0.79055 0.44555 0.42014
vn -0.83743 0.43152 0.33542
vn -0.70177 0.68363 0.20041
vn -0.22254 0.86375 0.45211
vn -0.51917 0.81555 0.25564
vn -0.72497 -0.17463 -0.66627
vn -0.71730 -0.03878 -0.69568
vn -0.45215 0.34217 0.82370
vn -0.50648 0.80120 0.31867
vn -0.53328 0.78833 0.30684
vn -0.07433 0.99716 0.01168
vn -0.04905 0.99793 -0.04163
vn -0.05822 0.99551 -0.07465
vn -0.04105 0.99901 -0.01728
vn -0.01390 0.99910 -0.04017
vn 0.04259 0.99783 0.05025
vn 0.00288 0.99999 0.00318
vn -0.07797 0.99614 0.04036
vn -0.05740 0.98721 -0.14873
vn 0.02441 0.98629 -0.16321
vn -0.04393 0.95741 -0.28537
vn -0.29672 0.09874 0.94985
vn -0.63993 -0.33777 0.69022
vn -0.25708 0.78328 -0.56603
vn -0.57370 0.57170 -0.58654
vn -0.57353 0.14316 -0.80658
vn -0.63567 0.06168 0.76949
vn -0.66678 0.30222 0.68122
vn -0.03457 0.61670 -0.78644
vn -0.21663 0.32344 -0.92112
vn -0.61199 0.06368 0.78829
vn -0.60319 -0.28465 0.74508
vn -0.13459 0.12151 -0.98342
vn -0.58465 -0.37201 0.72097
vn -0.34273 -0.54790 0.76312
vn -0.20863 -0.08471 -0.97432
vn -0.49152 -0.54490 0.67933
vn -0.43405 -0.56238 0.70380
vn 0.06543 -0.46153 -0.88471
vn -0.06735 -0.10960 -0.99169
vn -0.54810 0.11859 0.82796
vn 0.45469 -0.65874 -0.59944
vn 0.28533 -0.52095 -0.80449
vn -0.61841 -0.27037 0.73788
vn -0.71788 -0.09171 0.69010
vn 0.06146 -0.41904 -0.90589
vn 0.29405 -0.90754 -0.29985
vn 0.56190 -0.80205 -0.20246
vn 0.22711 -0.63992 -0.73411
vn -0.23598 -0.26042 0.93621
vn -0.37597 -0.21340 0.90173
vn 0.20215 -0.38641 -0.89990
vn 0.26031 -0.44796 -0.85532
vn -0.69497 0.27277 0.66529
vn -0.73967 -0.08540 0.66753
vn -0.55056 -0.70860 -0.44133
vn -0.43420 -0.40054 -0.80687
vn -0.69020 0.04715 0.72208
vn -0.87972 0.30479 0.36497
vn -0.57445 -0.18560 -0.79722
vn -0.85352 -0.51969 0.03768
vn -0.70036 -0.27124 -0.66025
vn -0.47535 0.14028 0.86854
vn -0.69149 -0.55429 0.46324
vn -0.56316 -0.75494 0.33603
vn -0.83754 0.35142 -0.41837
vn -0.90151 -0.31563 -0.29608
vn -0.52168 -0.18020 -0.83390
vn -0.42271 -0.80341 0.41935
vn -0.73852 -0.62441 0.25437
vn -0.37289 -0.74261 0.55632
vn -0.15431 -0.93003 0.33353
vn -0.43922 -0.28121 -0.85323
vn -0.40065 -0.72521 -0.55996
vn -0.29682 -0.91497 -0.27337
vn -0.01695 -0.84459 -0.53514
vn -0.55020 -0.64968 0.52460
vn -0.67455 -0.53759 0.50594
vn -0.43643 -0.66412 0.60702
vn -0.27360 -0.19149 -0.94259
vn -0.60043 -0.21459 -0.77035
vn -0.72631 -0.48913 0.48293
vn -0.63199 -0.49717 0.59448
vn -0.67602 -0.24532 0.69485
vn -0.53772 -0.37134 -0.75694
vn -0.62655 -0.40415 -0.66641
vn -0.73793 -0.28239 0.61295
vn -0.50750 -0.46851 0.72314
vn -0.85378 -0.52027 0.01918
vn -0.78380 -0.45861 0.41873
vn -0.43221 -0.88549 -0.17060
vn -0.57253 -0.65912 -0.48761
vn -0.49535 -0.51982 -0.69600
vn -0.60916 -0.45246 0.65131
vn -0.67930 -0.72334 -0.12383
vn -0.61363 -0.68042 0.40060
vn 0.02828 -0.96529 0.25964
vn -0.28155 -0.95769 -0.05968
vn -0.62407 -0.66985 -0.40228
vn -0.70710 -0.70486 -0.05642
vn -0.44080 -0.86307 -0.24658
vn -0.66281 -0.72604 0.18314
vn -0.78996 -0.61308 -0.00961
vn -0.92855 -0.20511 -0.30941
vn -0.49298 -0.08409 -0.86597
vn -0.77242 -0.48475 -0.41035
vn -0.84286 -0.39028 0.37050
vn -0.77531 -0.62002 0.12027
vn -0.84844 -0.48110 -0.22066
vn -0.83048 -0.49611 -0.25333
vn -0.77906 -0.52776 0.33844
vn -0.82428 -0.50710 0.25180
vn -0.67204 -0.72978 -0.12567
vn -0.71508 0.67196 0.19269
vn -0.64920 0.75514 0.09110
vn -0.55830 0.80736 0.19098
vn -0.32271 0.94217 0.09039
vn -0.31066 0.94994 -0.03338
vn -0.20444 0.96411 0.16938
vn -0.35901 0.71297 -0.60232
vn -0.55626 0.66239 0.50180
vn -0.56410 0.76180 0.31853
vn -0.64602 0.76324 -0.01119
vn -0.67049 0.67891 0.29922
vn -0.68039 0.70168 0.21144
vn -0.48890 0.77925 0.39210
vn -0.41330 0.85086 0.32439
vn -0.19390 -0.17720 -0.96489
vn -0.63673 0.40282 0.65750
vn -0.80633 0.52127 0.27947
vn -0.75702 0.64727 0.08923
vn -0.59020 0.74263 0.31648
vn -0.41721 0.06555 -0.90644
vn -0.20852 -0.10596 -0.97226
vn -0.52983 0.37945 0.75848
vn -0.81435 0.32530 0.48063
vn -0.70946 0.24472 0.66089
vn -0.48588 -0.10544 -0.86764
vn -0.29883 0.04465 -0.95326
vn -0.66053 0.73683 0.14416
vn -0.71784 0.57243 0.39626
vn -0.75260 0.65514 -0.06616
vn -0.35752 0.66125 0.65949
vn -0.58872 0.55427 0.58839
vn -0.54681 0.07032 -0.83430
vn -0.36182 0.39999 -0.84208
vn -0.24693 0.77064 0.58749
vn -0.67451 0.45965 0.57772
vn -0.82717 0.56177 0.01434
vn -0.84778 0.43349 0.30556
vn -0.85234 0.36408 0.37546
vn -0.28954 0.16338 -0.94312
vn -0.44001 0.44652 0.77911
vn -0.76648 0.56607 0.30344
vn -0.79973 0.59860 -0.04590
vn -0.67603 0.70262 0.22205
vn -0.08415 0.99604 -0.02857
vn -0.26739 -0.64134 -0.71916
vn -0.48412 0.33267 0.80930
vn -0.60829 0.41012 0.67955
vn -0.09507 0.99540 -0.01172
vn -0.07376 0.99520 -0.06425
vn -0.05715 0.99070 -0.12351
vn 0.00919 0.99950 -0.03022
vn -0.01173 0.99860 -0.05161
vn -0.00387 0.99927 -0.03798
vn 0.04899 0.99720 0.05651
vn 0.00120 0.99629 0.08605
vn -0.08656 0.99006 -0.11082
vn -0.08226 0.96710 -0.24074
vn 0.04247 0.94327 -0.32929
vn -0.42023 0.89588 0.14423
vn -0.58940 -0.09525 0.80221
vn -0.84653 0.05860 0.52911
vn -0.10746 0.96918 -0.22168
vn -0.46949 0.84350 -0.26094
vn 0.05583 0.08505 -0.99481
vn -0.68397 0.01605 0.72933
vn -0.50980 -0.03845 0.85943
vn 0.03719 0.30709 -0.95095
vn -0.57970 0.06750 0.81203
vn -0.68147 0.27951 0.67636
vn -0.09312 -0.06276 -0.99367
vn 0.14532 -0.23712 0.96055
vn -0.03198 -0.54718 0.83640
vn 0.63887 -0.74709 -0.18358
vn 0.43151 -0.67594 -0.59741
vn -0.28093 -0.64838 0.70758
vn -0.37799 -0.49908 0.77977
vn 0.07628 -0.23648 -0.96864
vn 0.88119 -0.26242 -0.39324
vn 0.55026 -0.22358 -0.80450
vn -0.50999 0.23326 0.82795
vn -0.47118 0.22468 0.85294
vn 0.36282 -0.87194 -0.32875
vn 0.46755 -0.57460 -0.67174
vn 0.61470 -0.31033 -0.72515
vn -0.34115 -0.15451 0.92722
vn -0.28785 -0.53572 0.79382
vn 0.04867 -0.40686 -0.91219
vn 0.15918 -0.78486 -0.59888
vn 0.34402 -0.90847 -0.23733
vn -0.62362 0.09226 0.77626
vn -0.12265 -0.44348 -0.88785
vn -0.69544 -0.18126 -0.69535
vn -0.27246 0.35628 0.89377
vn -0.58982 0.33837 0.73322
vn -0.36948 0.42907 -0.82425
vn -0.64031 0.30654 -0.70430
vn -0.51043 -0.06559 0.85741
vn -0.47525 -0.12557 0.87085
vn -0.75451 -0.38965 -0.52809
vn -0.04468 -0.15325 -0.98718
vn -0.62216 -0.11452 0.77447
vn -0.52823 -0.16136 0.83363
vn -0.08563 -0.94874 -0.30423
vn -0.63845 -0.58187 -0.50379
vn -0.27380 -0.19309 -0.94220
vn -0.29817 -0.66327 0.68642
vn -0.35458 -0.89981 0.25418
vn -0.48019 -0.82599 0.29522
vn -0.67796 -0.18296 -0.71197
vn -0.83340 -0.22157 -0.50632
vn -0.67300 -0.64153 -0.36812
vn -0.73552 -0.55424 -0.38964
vn -0.56490 -0.59607 0.57060
vn -0.70393 -0.29482 0.64620
vn -0.75515 -0.45577 0.47119
vn -0.81835 -0.26098 -0.51205
vn -0.33655 -0.41028 -0.84759
vn -0.45711 -0.61998 0.63771
vn -0.80437 -0.40772 0.43214
vn -0.82645 -0.23345 0.51233
vn -0.66811 -0.22391 -0.70958
vn -0.53678 -0.49812 -0.68099
vn -0.45402 -0.40708 -0.79256
vn -0.60051 -0.62167 0.50291
vn -0.80093 -0.37803 0.46433
vn -0.77812 -0.40594 0.47931
vn -0.12995 -0.75062 -0.64783
vn -0.14576 -0.69939 -0.69972
vn -0.50996 -0.66093 0.55056
vn -0.62715 -0.29349 0.72149
vn -0.73619 -0.63928 -0.22215
vn -0.67632 -0.52617 0.51549
vn -0.65777 -0.71918 -0.22387
vn -0.69614 -0.69583 -0.17669
vn -0.83814 -0.50672 0.20190
vn -0.50416 -0.52612 -0.68485
vn -0.17231 -0.01236 -0.98497
vn -0.49180 -0.64989 0.57946
vn -0.31433 -0.66520 0.67728
vn -0.77858 -0.62043 -0.09419
vn -0.64912 -0.68208 0.33676
vn -0.33308 -0.89949 0.28280
vn -0.68724 -0.72465 0.05090
vn -0.76903 -0.63913 0.00987
vn -0.87284 -0.30835 -0.37824
vn -0.86037 -0.49742 -0.11107
vn -0.83262 -0.53915 0.12673
vn -0.67975 -0.72431 -0.11537
vn -0.04183 -0.91043 -0.41154
vn 0.26770 -0.72032 -0.63991
vn -0.20284 -0.88074 0.42797
vn -0.40934 -0.89237 0.19003
vn -0.38215 -0.90334 0.19479
vn -0.41959 -0.86824 -0.26477
vn -0.45935 -0.81504 -0.35315
vn -0.65753 -0.70595 0.26324
vn -0.45429 -0.88699 -0.08290
vn -0.18817 0.72930 0.65781
vn -0.48724 0.84112 0.23475
vn -0.42542 0.90391 0.04429
vn -0.36482 0.92683 0.08886
vn -0.34153 0.93674 0.07660
vn -0.31473 0.94627 -0.07433
vn -0.26660 0.95684 0.11572
vn 0.23824 0.51226 -0.82512
vn -0.04636 0.67601 0.73543
vn -0.51200 0.82267 0.24710
vn -0.14384 0.90993 0.38903
vn -0.73479 0.60062 0.31519
vn 0.21220 0.18673 -0.95922
vn -0.66049 0.51158 0.54958
vn -0.78537 0.51749 0.33969
vn -0.27358 0.61183 0.74217
vn -0.09404 -0.31996 -0.94275
vn -0.49381 0.66077 0.56527
vn -0.65498 0.61756 0.43545
vn -0.82103 0.26709 0.50455
vn -0.55591 0.38764 0.73532
vn -0.06605 0.38728 -0.91959
vn -0.55729 0.83028 -0.00775
vn -0.37158 0.78056 0.50264
vn -0.76490 0.61041 -0.20572
vn -0.85261 0.44189 0.27890
vn 0.05169 -0.48883 -0.87084
vn -0.43375 0.57954 0.68993
vn -0.46521 0.35130 0.81251
vn 0.31956 0.07903 -0.94426
vn 0.57732 -0.25348 -0.77618
vn -0.38455 0.32989 0.86214
vn -0.41519 0.39162 0.82113
vn 0.41889 0.18141 -0.88973
vn 0.46552 0.25263 -0.84822
vn -0.24944 0.53515 0.80709
vn -0.36762 0.51240 0.77608
vn 0.05487 0.99820 -0.02435
vn 0.06231 0.99758 -0.03072
vn 0.04603 0.99000 -0.13337
vn -0.00565 0.99974 -0.02212
vn -0.03943 0.99855 -0.03664
vn -0.03202 0.99917 -0.02500
vn -0.04177 0.99720 0.06204
vn -0.02092 0.99819 0.05631
vn -0.03967 0.99912 -0.01361
vn -0.07992 0.96985 -0.23025
vn -0.23266 0.96569 0.11536
vn 0.14153 0.46385 -0.87454
vn -0.30869 -0.09173 0.94673
vn 0.56400 0.15020 -0.81200
vn 0.45435 0.08510 -0.88675
vn -0.24324 0.08775 0.96599
vn 0.43988 0.22419 -0.86962
vn 0.40481 0.29711 -0.86479
vn -0.33139 -0.22739 0.91568
vn 0.69023 -0.23266 -0.68516
vn 0.98351 -0.16317 -0.07800
vn 0.32698 0.03621 -0.94434
vn -0.38425 -0.21643 0.89750
vn -0.32732 -0.57354 0.75094
vn 0.60467 0.01801 -0.79627
vn 0.34519 -0.93723 -0.04949
vn 0.24693 -0.60757 -0.75491
vn -0.38723 -0.54129 0.74637
vn -0.63812 -0.35076 0.68540
vn 0.04525 -0.11999 -0.99174
vn 0.02177 -0.04699 -0.99866
vn -0.53364 0.02778 0.84526
vn 0.27500 -0.89242 -0.35772
vn -0.14179 -0.81203 -0.56613
vn -0.48443 -0.43857 0.75696
vn -0.35392 -0.30954 0.88257
vn -0.82569 0.00843 -0.56405
vn -0.89805 0.00357 -0.43989
vn -0.58436 -0.19880 0.78676
vn -0.33172 -0.14927 0.93149
vn -0.59778 0.05800 -0.79956
vn -0.95144 0.09676 -0.29224
vn -0.40408 0.56201 0.72171
vn -0.07756 0.33240 0.93995
vn -0.61410 -0.24095 -0.75155
vn -0.96868 -0.03014 -0.24649
vn -0.45010 0.19064 0.87239
vn -0.19574 -0.14946 -0.96920
vn -0.07448 -0.46908 0.88001
vn -0.25627 -0.66148 0.70482
vn -0.55221 -0.57397 -0.60467
vn -0.42373 -0.25404 -0.86944
vn -0.11637 -0.72964 0.67386
vn -0.10890 -0.73546 0.66876
vn -0.20426 -0.89228 0.40263
vn -0.66851 -0.71148 -0.21652
vn -0.75176 -0.50868 -0.41963
vn -0.69704 -0.56707 -0.43883
vn -0.43469 -0.43237 -0.79000
vn -0.77146 -0.62766 -0.10437
vn -0.39634 -0.41906 0.81689
vn -0.49530 -0.51337 0.70080
vn -0.59681 -0.61740 -0.51248
vn -0.83473 -0.50197 -0.22639
vn -0.83348 -0.39340 -0.38801
vn -0.61547 -0.54783 0.56664
vn -0.43135 -0.69355 0.57700
vn -0.36855 -0.30661 0.87759
vn -0.56405 -0.65659 -0.50074
vn -0.66505 -0.33873 -0.66556
vn -0.96951 -0.17277 -0.17380
vn -0.64456 -0.17417 0.74445
vn -0.49751 -0.82376 0.27185
vn -0.36411 -0.44482 0.81826
vn -0.34152 -0.36133 -0.86764
vn -0.47598 -0.76287 -0.43758
vn -0.62883 -0.62336 -0.46476
vn -0.25617 -0.57007 0.78064
vn -0.39130 -0.57946 0.71492
vn -0.11870 -0.55558 -0.82295
vn -0.33047 -0.62071 0.71099
vn -0.50586 -0.64674 0.57082
vn -0.48710 -0.86997 -0.07666
vn -0.42013 -0.90677 0.03536
vn -0.41662 -0.90728 -0.05718
vn -0.37631 -0.91239 -0.16102
vn -0.37107 -0.91298 0.16965
vn -0.28541 -0.83594 -0.46876
vn -0.26293 -0.62440 -0.73553
vn -0.10722 -0.68956 -0.71625
vn -0.27885 -0.85508 0.43713
vn -0.30227 -0.94698 -0.10891
vn -0.40233 -0.90633 0.12918
vn -0.56281 -0.82658 -0.00134
vn -0.34801 -0.92281 0.16524
vn -0.14138 -0.98965 -0.02449
vn -0.01754 -0.99551 -0.09304
vn -0.36340 -0.87776 -0.31222
vn -0.22842 -0.85739 0.46120
vn -0.04160 -0.97264 -0.22855
vn 0.04609 -0.93582 -0.34945
vn -0.16612 0.98536 0.03828
vn -0.19064 0.98162 0.00907
vn -0.23796 0.96989 0.05187
vn -0.21612 0.97622 0.01712
vn -0.18926 0.97539 -0.11312
vn -0.25112 0.88013 0.40289
vn -0.22651 0.86829 0.44132
vn -0.29378 0.95579 0.01225
vn -0.26247 0.96359 0.05109
vn -0.26619 0.96376 0.01738
vn -0.18641 0.96725 -0.17225
vn 0.55713 0.44483 -0.70124
vn 0.18496 0.37421 -0.90871
vn -0.81975 0.29968 0.48805
vn -0.85484 0.19621 0.48037
vn -0.54179 0.82789 -0.14513
vn -0.46778 0.79623 0.38367
vn 0.07826 0.99262 0.09265
vn -0.23227 0.81346 0.53324
vn 0.65489 0.33368 -0.67806
vn 0.39786 0.21692 -0.89143
vn -0.82606 0.33125 0.45596
vn -0.76793 0.23260 0.59681
vn -0.80753 0.53299 0.25263
vn -0.82847 0.50404 0.24409
vn 0.19840 -0.25398 -0.94664
vn -0.53998 0.55569 0.63216
vn -0.61946 0.50855 0.59804
vn -0.63207 0.64342 0.43185
vn 0.48742 0.31067 -0.81603
vn -0.29711 0.71849 0.62888
vn -0.48693 0.67861 0.54989
vn 0.09963 0.13979 -0.98516
vn 0.65335 -0.26248 -0.71010
vn -0.18165 0.73981 0.64783
vn -0.11197 0.60630 0.78731
vn 0.16970 -0.10190 -0.98021
vn 0.26786 -0.37489 -0.88753
vn -0.05348 0.37846 0.92407
vn -0.11445 0.52417 0.84389
vn 0.48776 -0.04603 -0.87176
vn -0.52171 0.25119 0.81530
vn -0.42503 0.63439 0.64568
vn 0.08743 0.99617 0.00028
vn 0.06328 0.99772 -0.02348
vn 0.03092 0.99539 -0.09082
vn -0.00083 0.99969 -0.02503
vn 0.03898 0.99923 -0.00519
vn 0.04022 0.99767 -0.05517
vn 0.02289 0.99554 0.09149
vn 0.02839 0.99801 0.05639
vn 0.02347 0.99893 0.03997
vn -0.01689 0.95753 -0.28783
vn -0.07227 0.95301 0.29420
vn 0.43124 -0.45238 -0.78063
vn -0.48778 0.21087 0.84712
vn -0.62414 0.05879 0.77910
vn 0.36016 -0.25907 -0.89620
vn -0.35391 -0.21587 0.91003
vn -0.76193 -0.01655 0.64745
vn 0.33961 0.05832 -0.93876
vn -0.41323 -0.39534 0.82034
vn -0.52273 -0.24121 0.81767
vn 0.23341 -0.30440 -0.92350
vn 0.25824 -0.65717 -0.70812
vn -0.33422 -0.46569 0.81940
vn -0.35481 -0.50747 0.78523
vn -0.03418 0.20303 -0.97858
vn -0.20833 -0.25238 0.94493
vn -0.20072 -0.23049 0.95215
vn -0.22655 -0.20962 -0.95118
vn -0.57756 0.04760 0.81496
vn -0.30913 -0.02194 0.95077
vn -0.25443 0.05715 -0.96540
vn -0.64068 0.30038 0.70661
vn -0.58755 0.05673 0.80720
vn 0.27157 -0.50284 -0.82061
vn -0.72234 -0.06434 0.68854
vn -0.81585 0.17505 0.55113
vn 0.22811 0.34985 -0.90861
vn -0.54053 -0.05674 0.83941
vn -0.48393 0.02997 0.87459
vn -0.60588 -0.66607 -0.43505
vn 0.21586 -0.45186 -0.86558
vn -0.34605 0.10127 0.93273
vn -0.03004 -0.56223 0.82643
vn -0.74014 -0.46471 -0.48605
vn -0.76368 -0.53314 -0.36407
vn -0.20244 -0.17879 0.96284
vn -0.43089 -0.25874 -0.86452
vn -0.70178 -0.33571 -0.62833
vn -0.17191 -0.86751 0.46676
vn 0.16572 -0.60546 0.77843
vn -0.37991 -0.30655 -0.87275
vn -0.20390 -0.52707 -0.82500
vn -0.02191 -0.44319 0.89616
vn -0.81083 -0.30357 0.50041
vn -0.94652 -0.24344 -0.21177
vn -0.59303 -0.15568 -0.78999
vn -0.21639 -0.02188 -0.97606
vn -0.20131 -0.18408 0.96208
vn -0.78573 -0.39130 0.47907
vn -0.79721 -0.40135 0.45096
vn -0.62227 -0.64324 -0.44611
vn -0.57334 -0.78074 -0.24844
vn -0.47637 -0.73020 -0.48977
vn -0.08495 -0.75851 0.64610
vn -0.33004 -0.82858 0.45224
vn -0.24716 -0.88065 0.40418
vn -0.50952 -0.54016 -0.66979
vn -0.53019 -0.73127 -0.42912
vn -0.60668 -0.50277 -0.61576
vn -0.50206 -0.78910 -0.35392
vn -0.51209 -0.67026 0.53713
vn -0.57279 -0.51310 0.63925
vn -0.49058 -0.47034 0.73356
vn -0.06668 -0.83837 -0.54100
vn -0.24591 -0.82290 -0.51221
vn -0.33423 -0.58627 0.73795
vn -0.27062 -0.90895 0.31715
vn 0.04559 -0.78360 0.61959
vn 0.11437 -0.81495 -0.56814
vn 0.22804 -0.87269 -0.43175
vn -0.17739 -0.46783 -0.86584
vn 0.15723 -0.84533 0.51058
vn -0.15955 -0.95544 0.24837
vn -0.32103 -0.92224 0.21542
vn -0.06095 -0.97215 -0.22628
vn -0.04845 -0.98377 0.17276
vn -0.11237 -0.95643 -0.26949
vn -0.35403 -0.92444 0.14166
vn -0.11365 -0.99065 0.07553
vn -0.31407 -0.94430 -0.09824
vn -0.14983 -0.81470 -0.56019
vn 0.24829 -0.90922 -0.33417
vn -0.16272 0.96470 0.20706
vn -0.12921 0.99100 0.03498
vn -0.21657 0.97352 0.07315
vn -0.11587 0.99250 -0.03885
vn -0.12408 0.98614 -0.11011
vn -0.42565 0.69471 0.57982
vn -0.26290 0.96449 -0.02525
vn -0.15249 0.97992 0.12846
vn -0.18349 0.85621 0.48294
vn -0.17657 0.84258 0.50881
vn -0.05663 0.24212 -0.96859
vn 0.13573 0.33368 -0.93287
vn -0.37267 0.52875 0.76259
vn -0.33213 0.93672 -0.11069
vn -0.06040 0.95180 -0.30071
vn -0.11635 0.95338 0.27843
vn -0.23741 0.95076 0.19920
vn -0.28757 0.84934 0.44264
vn 0.39281 0.65051 -0.65003
vn 0.36542 0.31552 -0.87574
vn -0.25408 0.44482 0.85882
vn -0.58977 0.39252 0.70576
vn 0.52510 -0.16224 -0.83543
vn 0.20371 -0.06246 -0.97704
vn -0.63666 0.26630 0.72370
vn -0.74136 0.14349 0.65559
vn 0.58289 0.13184 -0.80178
vn 0.51130 -0.01481 -0.85927
vn 0.02971 0.47741 0.87818
vn -0.13497 0.57567 0.80647
vn -0.05459 0.26411 -0.96295
vn 0.47946 -0.23207 -0.84632
vn -0.19122 0.70197 0.68606
vn 0.02318 0.68171 0.73126
vn -0.24144 0.52605 0.81546
vn 0.13416 -0.18795 -0.97297
vn -0.28771 0.81293 0.50633
vn -0.31496 0.54803 0.77489
vn -0.08654 0.59072 0.80222
vn -0.38218 -0.21963 -0.89761
vn -0.33343 0.58467 0.73958
vn -0.40204 0.78349 0.47383
vn 0.03173 0.99946 -0.00891
vn 0.05080 0.99860 -0.01488
vn 0.01696 0.99940 0.03004
vn -0.04774 0.99876 -0.01443
vn -0.05083 0.99853 -0.01883
vn -0.08330 0.99614 -0.02770
vn -0.00143 0.99965 0.02636
vn 0.05663 0.99741 0.04440
vn 0.11509 0.99246 0.04214
vn 0.06245 0.95788 -0.28031
vn 0.36130 0.88345 0.29829
vn 0.35262 -0.00278 -0.93576
vn -0.49376 0.11458 0.86202
vn -0.37390 0.30384 -0.87629
vn -0.54286 0.09686 0.83422
vn -0.60825 -0.01867 0.79353
vn -0.07828 -0.31141 -0.94705
vn -0.59835 -0.08617 0.79658
vn -0.53787 -0.34678 0.76840
vn -0.64224 -0.07578 -0.76274
vn -0.30778 0.02334 -0.95117
vn -0.72232 0.45388 0.52177
vn -0.85276 -0.04948 0.51995
vn -0.27926 -0.01690 -0.96007
vn -0.05867 -0.13827 -0.98865
vn -0.22240 -0.76099 0.60946
vn -0.82057 -0.31992 0.47362
vn -0.23105 0.02838 -0.97253
vn -0.22915 0.09558 -0.96869
vn -0.35300 0.08522 0.93173
vn -0.70975 0.13315 0.69176
vn 0.10470 -0.03612 -0.99385
vn -0.23993 -0.04878 -0.96956
vn 0.19905 -0.05745 0.97830
vn -0.70769 0.19799 0.67822
vn -0.34434 -0.26221 -0.90149
vn -0.43818 0.08363 -0.89499
vn 0.35535 0.05667 0.93301
vn -0.12957 -0.10121 0.98639
vn -0.19419 0.31394 -0.92937
vn 0.04513 -0.33580 0.94085
vn -0.52341 0.16671 -0.83561
vn 0.05352 -0.36783 0.92835
vn 0.32680 -0.87766 0.35059
vn 0.23663 -0.40509 -0.88313
vn 0.72187 -0.28672 0.62984
vn 0.10235 -0.74670 0.65724
vn -0.19680 -0.75684 -0.62327
vn -0.12206 -0.38253 -0.91584
vn 0.65102 -0.73301 0.19715
vn 0.41696 -0.50475 0.75589
vn -0.47806 -0.37862 -0.79253
vn -0.31902 0.17061 0.93227
vn 0.07115 -0.34482 -0.93597
vn -0.25400 -0.30302 -0.91851
vn -0.13357 -0.16621 0.97700
vn -0.27003 -0.72628 0.63214
vn -0.41328 -0.82062 -0.39470
vn 0.07080 -0.57948 -0.81190
vn -0.38074 -0.75447 0.53461
vn -0.02658 -0.77397 0.63266
vn -0.32598 -0.87657 -0.35408
vn -0.35187 -0.81775 -0.45549
vn -0.43390 -0.85800 -0.27490
vn -0.22737 -0.61515 -0.75491
vn -0.13424 -0.60889 0.78182
vn -0.41979 -0.60364 0.67778
vn -0.62868 -0.66800 -0.39817
vn -0.44116 -0.69259 -0.57070
vn -0.29620 -0.89733 -0.32721
vn -0.41300 -0.72393 0.55259
vn -0.49396 -0.82504 0.27443
vn -0.32805 -0.75939 0.56188
vn 0.01556 -0.84355 -0.53682
vn -0.09219 -0.95791 -0.27187
vn -0.39131 -0.72364 -0.56853
vn -0.36991 -0.79068 -0.48784
vn -0.71091 -0.41690 0.56639
vn -0.49335 -0.81959 0.29135
vn -0.04681 -0.91498 0.40077
vn 0.03917 -0.97343 0.22563
vn -0.04060 -0.95627 -0.28966
vn -0.05437 -0.95376 0.29561
vn -0.39440 -0.88864 0.23404
vn -0.24295 -0.92040 -0.30631
vn -0.05200 -0.99157 -0.11866
vn 0.24840 -0.95767 0.14550
vn 0.23478 -0.69715 -0.67739
vn -0.37309 -0.86174 0.34382
vn -0.17041 -0.86982 -0.46300
vn -0.07510 0.93685 0.34156
vn -0.19557 0.98015 0.03265
vn -0.05889 0.99811 -0.01762
vn -0.06602 0.99670 -0.04727
vn -0.06698 0.99204 -0.10665
vn -0.37731 0.57081 -0.72925
vn -0.12593 0.84234 0.52403
vn -0.23979 0.91149 -0.33420
vn -0.55275 0.83267 -0.03360
vn -0.53986 0.83210 -0.12714
vn -0.21487 0.95488 0.20505
vn 0.02931 0.84494 0.53406
vn -0.21204 0.87364 0.43795
vn -0.27226 0.07533 -0.95927
vn -0.62805 0.58931 -0.50820
vn -0.34791 0.24958 -0.90370
vn -0.44124 0.31208 0.84138
vn -0.23211 0.40904 0.88250
vn -0.13016 0.77862 -0.61385
vn -0.25316 0.90812 -0.33352
vn -0.42428 0.90553 0.00348
vn -0.48166 0.64638 0.59178
vn -0.69434 0.34933 -0.62917
vn -0.47829 0.12848 -0.86875
vn 0.11477 0.23601 0.96495
vn 0.00934 0.50089 0.86546
vn -0.33413 -0.39569 -0.85544
vn -0.46060 -0.27527 -0.84384
vn -0.62027 0.18036 0.76337
vn -0.39332 0.51685 0.76037
vn 0.13266 0.31406 -0.94009
vn -0.74112 -0.02524 0.67090
vn -0.37802 0.14554 0.91429
vn -0.02942 0.29656 -0.95456
vn -0.52347 0.32645 -0.78703
vn -0.54812 0.50788 0.66454
vn -0.70235 0.65209 0.28545
vn -0.22111 0.17344 -0.95970
vn -0.76687 0.31950 -0.55662
vn -0.07076 0.86489 0.49695
vn -0.18426 0.63084 0.75371
vn -0.62619 -0.19615 -0.75459
vn -0.43935 -0.20828 -0.87384
vn -0.54809 0.27767 0.78898
vn -0.36126 0.40103 0.84182
vn -0.04231 0.99880 -0.02467
vn -0.05456 0.99835 0.01810
vn -0.04201 0.99911 0.00317
vn 0.05846 0.99771 -0.03410
vn 0.02004 0.99957 0.02141
vn 0.02133 0.99904 -0.03830
vn -0.02225 0.99973 -0.00699
vn -0.02156 0.99902 0.03855
vn -0.03496 0.99938 -0.00275
vn -0.05442 0.99270 -0.10767
vn -0.16794 0.91215 0.37388
vn -0.64699 0.34193 -0.68153
vn -0.37577 0.23695 0.89591
vn -0.23566 0.30001 0.92437
vn -0.63471 0.34021 -0.69382
vn -0.12328 0.11288 -0.98593
vn -0.45519 0.21649 0.86367
vn -0.39732 0.11352 0.91063
vn -0.45333 -0.43839 -0.77608
vn -0.10986 -0.04530 -0.99291
vn 0.02844 -0.36133 0.93200
vn -0.32796 -0.29977 0.89587
vn -0.16297 -0.40117 -0.90139
vn -0.02994 -0.32113 0.94656
vn 0.01186 -0.69521 0.71871
vn -0.07211 0.01271 -0.99732
vn 0.33708 -0.24523 0.90898
vn -0.31331 0.26474 -0.91200
vn -0.55912 -0.06200 0.82677
vn -0.63078 0.08896 -0.77085
vn 0.20099 -0.26858 0.94206
vn 0.41736 -0.12496 0.90011
vn -0.54659 -0.22018 -0.80794
vn -0.49662 -0.06455 -0.86556
vn 0.35484 0.05276 0.93344
vn 0.42542 -0.04668 0.90379
vn -0.63166 0.13838 -0.76280
vn -0.44515 -0.02913 -0.89498
vn -0.18957 -0.33212 0.92399
vn -0.25024 -0.19067 -0.94922
vn -0.35936 -0.11558 -0.92601
vn -0.32573 -0.72044 0.61226
vn -0.37738 -0.90649 0.18937
vn -0.12176 -0.38762 -0.91374
vn -0.46577 0.14009 0.87375
vn -0.45211 -0.53671 0.71242
vn 0.04167 -0.60304 -0.79662
vn 0.04874 -0.70289 -0.70962
vn -0.23512 -0.37811 0.89541
vn -0.66715 -0.49003 0.56105
vn -0.01929 -0.04844 -0.99864
vn -0.20026 0.20663 0.95771
vn -0.27657 -0.57046 -0.77336
vn -0.24922 -0.40882 -0.87793
vn -0.47629 -0.11407 0.87186
vn -0.33720 -0.54031 0.77094
vn -0.53126 -0.38700 -0.75365
vn -0.16330 -0.38468 -0.90849
vn -0.34773 -0.74464 0.56973
vn -0.34746 -0.68957 0.63542
vn -0.54398 -0.77952 0.31054
vn -0.20793 -0.87773 -0.43169
vn -0.43849 -0.82404 -0.35873
vn -0.10033 -0.62534 -0.77388
vn -0.47486 -0.75598 0.45056
vn -0.35286 -0.50847 0.78546
vn -0.47195 -0.46023 0.75197
vn -0.20395 -0.56140 -0.80202
vn 0.00787 -0.94125 -0.33762
vn 0.01826 -0.99964 0.01971
vn -0.43529 -0.43418 0.78868
vn -0.46529 -0.67590 0.57154
vn -0.54849 -0.75102 0.36759
vn 0.05392 -0.83186 -0.55235
vn 0.14815 -0.96631 -0.21048
vn 0.02544 -0.98067 -0.19402
vn -0.09690 -0.83399 -0.54321
vn -0.15130 -0.88788 0.43448
vn -0.40753 -0.72674 0.55296
vn 0.19427 -0.87447 -0.44448
vn -0.13926 -0.89292 0.42813
vn 0.05274 -0.99794 0.03659
vn -0.45886 -0.88664 -0.05755
vn -0.41080 -0.84482 0.34282
vn -0.47513 -0.84615 0.24143
vn -0.24146 -0.89725 -0.36965
vn -0.39614 -0.88635 -0.23970
vn -0.17882 -0.96940 -0.16821
vn -0.01943 -0.83027 -0.55703
vn -0.39029 -0.90088 0.18995
vn -0.27942 -0.92034 0.27369
vn -0.21493 -0.94756 0.23651
vn -0.13840 -0.85478 -0.50020
vn -0.59462 0.72035 0.35711
vn -0.51018 0.86006 0.00401
vn -0.30307 0.89697 0.32187
vn -0.03228 0.99919 -0.02407
vn -0.07182 0.99623 0.04857
vn -0.09929 0.99168 -0.08195
vn -0.12209 0.99016 -0.06838
vn -0.14013 0.96017 -0.24175
vn -0.01096 0.76662 0.64201
vn -0.03428 0.90600 0.42188
vn -0.42863 0.89626 -0.11395
vn -0.53803 0.76153 0.36139
vn -0.40305 0.77239 0.49087
vn -0.44776 0.81914 0.35850
vn -0.22654 0.93486 0.27335
vn -0.10286 0.94362 -0.31466
vn -0.22453 0.33196 -0.91618
vn 0.02133 0.65549 0.75490
vn -0.07956 0.67550 0.73306
vn -0.27809 0.35102 -0.89412
vn -0.81513 0.34805 -0.46306
vn -0.37509 -0.32740 0.86725
vn -0.14003 -0.76982 -0.62272
vn -0.15187 -0.51341 -0.84460
vn -0.74489 0.32579 0.58224
vn -0.85716 0.49219 0.15173
vn 0.02399 0.95513 0.29522
vn -0.54184 0.39764 -0.74047
vn -0.57922 0.49290 -0.64928
vn -0.68819 0.02734 0.72501
vn -0.78526 0.31742 0.53161
vn -0.54036 0.54329 -0.64253
vn -0.24537 0.09747 -0.96452
vn -0.44911 0.67414 0.58637
vn -0.30906 0.40389 0.86102
vn -0.66956 0.50788 0.54199
vn -0.06566 0.47313 -0.87854
vn -0.51263 0.51725 0.68532
vn -0.61508 0.45341 0.64505
vn -0.25581 0.04570 -0.96565
vn -0.18156 0.38447 0.90511
vn -0.35707 0.62434 0.69477
vn -0.00195 0.99999 -0.00349
vn -0.01734 0.99923 -0.03524
vn -0.04551 0.99848 -0.03122
vn -0.02148 0.99961 -0.01797
vn 0.02180 0.99937 -0.02795
vn 0.04391 0.99808 0.04374
vn 0.00250 0.99979 0.02045
vn -0.02409 0.99886 0.04121
vn -0.03627 0.99865 -0.03717
vn 0.00622 0.98716 0.15959
vn 0.44998 0.09179 -0.88831
vn -0.24006 0.09875 0.96572
vn 0.52514 0.24323 -0.81552
vn 0.21649 0.13659 -0.96668
vn -0.28832 0.33378 0.89748
vn 0.11276 -0.15006 -0.98223
vn 0.08292 0.02671 -0.99620
vn -0.50248 -0.38249 0.77538
vn -0.30738 -0.19758 -0.93085
vn -0.30872 -0.35995 0.88041
vn 0.06330 -0.72431 0.68656
vn -0.40380 -0.08081 -0.91127
vn 0.50222 -0.76364 0.40574
vn 0.50239 0.29624 0.81231
vn -0.27656 0.18499 -0.94303
vn 0.56455 0.02854 0.82490
vn 0.64339 0.05603 0.76348
vn -0.14451 -0.03409 -0.98892
vn -0.27292 -0.51175 0.81463
vn -0.36937 -0.40844 0.83471
vn -0.17182 -0.21706 -0.96092
vn -0.76440 0.05109 0.64272
vn -0.29154 -0.13473 0.94702
vn -0.09149 0.07305 -0.99312
vn -0.91770 -0.01076 0.39713
vn 0.04162 -0.36956 0.92827
vn 0.05074 -0.63280 -0.77265
vn 0.07693 -0.42775 -0.90062
vn 0.17958 -0.13681 0.97418
vn -0.67948 -0.55801 0.47637
vn 0.10362 -0.37998 -0.91917
vn -0.80075 -0.48138 0.35647
vn -0.59969 -0.63097 0.49219
vn -0.24290 -0.32140 -0.91526
vn -0.14772 -0.48372 -0.86267
vn -0.86005 -0.39219 0.32635
vn -0.51262 0.34938 0.78432
vn -0.70686 -0.20875 0.67585
vn -0.22850 -0.53944 -0.81043
vn -0.25672 -0.28091 -0.92476
vn -0.49070 -0.52801 0.69312
vn -0.66563 -0.26545 0.69748
vn 0.13275 -0.41589 -0.89967
vn 0.13601 -0.24816 -0.95913
vn -0.28218 -0.44713 0.84879
vn -0.06730 -0.23899 0.96869
vn 0.22501 -0.57157 -0.78910
vn 0.19599 -0.39191 -0.89889
vn -0.45420 -0.57644 0.67928
vn -0.63824 -0.30292 0.70773
vn 0.12792 -0.91693 -0.37798
vn 0.20285 -0.65327 -0.72945
vn -0.07560 -0.84661 -0.52681
vn -0.25096 -0.40570 0.87888
vn -0.68882 -0.56318 0.45646
vn -0.66853 -0.61998 0.41072
vn -0.06509 -0.74687 -0.66178
vn -0.08645 -0.83010 -0.55087
vn 0.07681 -0.99700 0.00936
vn -0.18869 -0.85498 0.48311
vn -0.38925 -0.55999 0.73137
vn -0.23319 -0.88895 0.39420
vn -0.66464 -0.55839 -0.49644
vn -0.61055 -0.68179 -0.40298
vn -0.53078 -0.82818 -0.17998
vn -0.18141 -0.86487 -0.46808
vn -0.28957 -0.86314 0.41369
vn -0.07550 -0.87464 0.47887
vn -0.50109 -0.85864 0.10795
vn -0.48837 -0.84982 0.19825
vn -0.21453 -0.97660 0.01545
vn -0.22856 -0.94971 0.21405
vn -0.05443 -0.95799 -0.28160
vn -0.10236 -0.99382 -0.04291
vn -0.29278 -0.92987 -0.22276
vn -0.59846 -0.75403 -0.27071
vn -0.76840 -0.48652 -0.41576
vn -0.76024 -0.48782 -0.42903
vn -0.45159 -0.84668 0.28142
vn -0.50195 -0.85589 0.12453
vn -0.51406 -0.85235 -0.09618
vn -0.19216 -0.98119 0.01846
vn -0.26164 -0.96394 0.04863
vn -0.10223 -0.96836 0.22765
vn 0.04162 -0.89834 -0.43732
vn -0.42611 -0.87109 0.24421
vn -0.66938 -0.67854 -0.30251
vn -0.60728 -0.79186 0.06461
vn -0.65787 -0.70793 -0.25699
vn -0.32483 0.89350 0.31008
vn -0.30719 0.91824 0.24995
vn -0.26411 0.95113 0.16002
vn -0.43614 0.88220 0.17749
vn -0.26286 0.96158 0.07920
vn -0.04775 0.99878 -0.01231
vn -0.12052 0.99262 0.01312
vn -0.14418 0.98836 0.04848
vn -0.10712 0.99424 -0.00186
vn -0.04835 0.99139 -0.12167
vn -0.03990 0.97418 -0.22220
vn -0.29818 0.90156 0.31350
vn -0.53518 0.77745 0.33038
vn -0.58359 0.81158 -0.02761
vn -0.68362 0.69873 0.21082
vn -0.71478 0.69833 -0.03773
vn 0.22118 0.43563 -0.87253
vn 0.73817 0.16129 -0.65505
vn -0.05854 0.52537 0.84886
vn -0.24260 0.28799 0.92640
vn 0.39415 0.14890 -0.90691
vn 0.82178 0.27960 -0.49649
vn 0.04473 0.97821 0.20273
vn 0.13345 0.94116 0.31051
vn 0.07844 0.84758 0.52484
vn 0.46145 0.03291 -0.88656
vn 0.26824 -0.16783 -0.94862
vn 0.04617 0.80330 0.59378
vn -0.00329 0.96435 0.26461
vn 0.44220 -0.02155 -0.89666
vn -0.15691 0.39320 -0.90596
vn -0.07920 -0.32984 0.94071
vn 0.50774 -0.18741 -0.84088
vn 0.38175 -0.50055 -0.77699
vn -0.07334 0.71498 0.69528
vn -0.07868 0.39733 0.91430
vn 0.26979 0.15933 -0.94964
vn 0.56329 0.52902 -0.63470
vn 0.24378 0.20815 0.94723
vn 0.56090 0.21078 -0.80060
vn 0.18502 0.75809 0.62535
vn 0.38785 0.67679 0.62572
vn 0.00737 0.99993 -0.00908
vn 0.03099 0.99829 -0.04950
vn 0.04729 0.99632 -0.07153
vn 0.07711 0.99692 0.01402
vn 0.01714 0.99574 -0.09060
vn 0.03620 0.99930 -0.00915
vn 0.01884 0.99293 0.11719
vn -0.03284 0.99945 0.00524
vn -0.01982 0.99980 -0.00145
vn -0.07407 0.98676 -0.14427
vn 0.08763 0.47406 -0.87612
vn -0.14933 0.27509 0.94975
vn -0.05011 0.41926 -0.90648
vn 0.23362 -0.09267 0.96790
vn 0.22523 -0.37891 -0.89761
vn 0.02908 -0.44841 0.89335
vn 0.21452 0.40815 -0.88735
vn 0.06521 -0.80114 0.59491
vn 0.37302 -0.81950 0.43506
vn -0.38814 -0.13011 -0.91237
vn -0.73523 0.21176 0.64390
vn -0.96043 -0.05883 0.27225
vn -0.04618 -0.18562 0.98154
vn -0.47916 0.11327 -0.87039
vn -0.24569 0.14541 -0.95838
vn -0.86910 -0.26492 0.41771
vn -0.96259 -0.24618 0.11322
vn 0.55355 0.04819 0.83142
vn -0.59544 -0.07850 -0.79955
vn -0.04250 -0.01009 -0.99905
vn -0.37925 0.42188 0.82352
vn -0.04473 0.51089 0.85848
vn -0.32529 -0.37605 -0.86762
vn -0.18122 -0.26142 -0.94806
vn -0.57732 0.03179 0.81590
vn -0.32816 -0.09478 -0.93985
vn 0.04620 -0.43277 0.90032
vn -0.58129 -0.50220 0.64023
vn -0.06337 -0.64424 -0.76219
vn -0.19302 -0.49768 -0.84561
vn -0.56915 0.00086 0.82223
vn 0.00811 -0.27941 -0.96014
vn 0.00796 -0.24869 0.96855
vn -0.33095 -0.38071 -0.86344
vn -0.39628 -0.37501 0.83805
vn 0.02718 -0.53451 0.84472
vn -0.25309 -0.20049 -0.94644
vn -0.17294 -0.53948 -0.82405
vn 0.41564 -0.58523 0.69624
vn -0.02390 -0.47766 -0.87822
vn -0.46420 -0.65636 -0.59474
vn -0.24997 -0.35189 0.90205
vn -0.49154 -0.37831 0.78440
vn -0.19790 -0.58709 -0.78496
vn -0.25119 -0.57661 -0.77745
vn -0.17867 -0.49505 0.85030
vn -0.02421 -0.87061 -0.49138
vn -0.47079 -0.79252 -0.38765
vn -0.24654 -0.61157 -0.75179
vn 0.18948 -0.65609 0.73051
vn 0.25404 -0.69360 0.67408
vn 0.28825 -0.66353 -0.69039
vn -0.17013 -0.86418 -0.47356
vn -0.38886 -0.88401 -0.25943
vn -0.07358 -0.63136 0.77199
vn -0.30471 -0.77638 0.55171
vn -0.16870 -0.90810 0.38328
vn 0.13871 -0.58232 -0.80104
vn 0.31416 -0.54977 -0.77398
vn -0.13509 -0.90457 0.40435
vn -0.30280 -0.80816 0.50517
vn -0.42485 -0.85793 0.28890
vn -0.03672 -0.91557 0.40048
vn -0.58812 -0.65101 -0.47990
vn -0.36556 -0.52339 -0.76969
vn -0.19997 -0.97908 -0.03755
vn 0.15990 -0.95284 0.25794
vn 0.05950 -0.99748 0.03867
vn -0.14784 -0.98846 -0.03293
vn -0.67412 -0.72742 0.12812
vn -0.48299 -0.87553 0.01281
vn -0.35989 -0.91465 -0.18410
vn -0.50121 -0.86309 -0.06206
vn -0.49552 -0.81320 0.30523
vn -0.78157 -0.61979 -0.07079
vn -0.62413 -0.77543 -0.09574
vn -0.37395 -0.87214 -0.31548
vn -0.09207 0.94860 0.30278
vn -0.06424 0.98439 0.16387
vn -0.00856 0.99893 0.04539
vn -0.06681 0.99422 0.08400
vn -0.03612 0.99682 0.07109
vn -0.04742 0.99886 -0.00541
vn 0.01077 0.99968 0.02299
vn -0.01123 0.99866 0.05046
vn 0.03420 0.99431 -0.10093
vn -0.02869 0.98645 -0.16155
vn 0.57725 0.06795 -0.81374
vn -0.23656 0.47365 0.84835
vn -0.26425 0.81438 0.51668
vn -0.11757 0.93473 0.33533
vn 0.37339 0.23798 -0.89663
vn 0.25341 0.58629 -0.76945
vn -0.42857 0.00973 0.90346
vn -0.36981 0.33739 0.86568
vn 0.63211 -0.13691 -0.76269
vn 0.46423 -0.23429 -0.85416
vn 0.09093 0.97456 0.20483
vn 0.39731 0.90378 -0.15916
vn -0.71086 0.46708 0.52584
vn 0.43761 0.06044 -0.89713
vn 0.58229 0.11412 -0.80493
vn 0.72884 0.43817 0.52611
vn 0.27118 0.88347 0.38202
vn 0.37590 0.05762 -0.92486
vn 0.49888 0.00128 -0.86667
vn -0.66169 0.04863 0.74820
vn 0.54548 0.33352 -0.76891
vn -0.83336 0.30950 0.45795
vn -0.95547 0.12958 0.26511
vn 0.27804 0.33625 -0.89979
vn 0.37062 0.49464 -0.78611
vn 0.75717 0.15893 0.63359
vn 0.59753 -0.01332 -0.80174
vn 0.60765 0.09346 -0.78869
vn 0.97435 0.06423 0.21568
vn 0.90509 0.30834 0.29281
vn 0.00137 0.99954 0.03043
vn -0.04600 0.99894 -0.00118
vn -0.07238 0.99645 -0.04296
vn -0.03744 0.99659 -0.07350
vn -0.00180 0.99976 -0.02188
vn 0.00190 0.99999 0.00286
vn -0.09140 0.99567 -0.01685
vn -0.01640 0.99185 0.12638
vn -0.01070 0.99993 -0.00506
vn 0.01633 0.99983 -0.00878
vn 0.09399 0.96304 -0.25243
vn 0.33084 0.42653 -0.84179
vn 0.98888 0.02628 0.14635
vn 0.49192 0.36995 -0.78813
vn 0.98057 0.01241 0.19578
vn -0.05589 -0.10487 -0.99291
vn 0.97590 0.00594 0.21812
vn 0.25101 0.35117 -0.90204
vn -0.10524 -0.04184 0.99357
vn 0.13437 0.39712 -0.90788
vn 0.51936 -0.02543 0.85418
vn 0.24981 0.00038 -0.96829
vn -0.04884 -0.04664 -0.99772
vn 0.83435 -0.07310 0.54637
vn -0.62988 -0.72916 0.26755
vn 0.32455 0.45817 -0.82749
vn -0.13076 0.20192 -0.97063
vn -0.07573 -0.23183 0.96980
vn -0.98778 -0.04122 0.15032
vn -0.31260 -0.26606 -0.91186
vn -0.38845 -0.25832 -0.88452
vn -0.96820 0.00839 0.25004
vn -0.07170 -0.30479 -0.94972
vn -0.08843 -0.52863 -0.84423
vn 0.37119 -0.48713 0.79052
vn 0.38142 -0.46364 0.79972
vn -0.13375 -0.75936 -0.63677
vn -0.16001 -0.69386 -0.70211
vn -0.03727 -0.20422 0.97821
vn -0.96730 -0.08720 0.23817
vn -0.10934 -0.51424 -0.85065
vn -0.02324 -0.77985 -0.62553
vn -0.86734 -0.11580 0.48406
vn 0.29935 -0.20568 -0.93171
vn -0.26379 -0.67723 0.68686
vn -0.67744 -0.56067 0.47615
vn 0.02471 -0.17433 -0.98438
vn -0.02597 -0.40712 -0.91300
vn -0.59962 -0.29952 0.74212
vn 0.12167 -0.66671 -0.73532
vn 0.00893 -0.13858 0.99031
vn 0.50023 -0.39379 0.77117
vn -0.20867 -0.58890 -0.78081
vn 0.01303 -0.45886 -0.88841
vn 0.41335 -0.44430 0.79482
vn 0.48044 -0.63076 0.60937
vn -0.04582 -0.74389 -0.66672
vn -0.26887 -0.58217 -0.76733
vn -0.12715 -0.81873 0.55992
vn 0.18628 -0.67419 0.71468
vn 0.41450 -0.51420 0.75086
vn 0.05098 -0.86935 -0.49156
vn -0.22651 -0.93552 -0.27109
vn -0.10251 -0.94534 -0.30955
vn -0.00487 -0.51207 0.85893
vn 0.46225 -0.73559 0.49521
vn 0.30963 -0.67853 0.66613
vn -0.03566 -0.58752 -0.80842
vn -0.27725 -0.67127 -0.68741
vn 0.03150 -0.87500 0.48309
vn 0.07768 -0.58419 0.80789
vn -0.12625 -0.98554 0.11302
vn 0.29139 -0.92415 -0.24707
vn 0.74948 -0.62132 -0.22856
vn 0.77697 -0.62943 0.01210
vn 0.78586 -0.58455 0.20180
vn 0.22867 -0.86518 -0.44629
vn 0.31987 -0.49692 -0.80669
vn -0.17871 -0.98137 -0.07057
vn 0.16082 -0.97986 0.11839
vn 0.05095 -0.96485 0.25780
vn 0.42824 -0.89365 -0.13418
vn 0.79552 -0.49554 0.34870
vn 0.74701 -0.45103 0.48841
vn -0.16612 -0.97115 -0.17106
vn -0.25041 -0.96550 -0.07149
vn 0.33633 -0.92894 0.15478
vn 0.22092 -0.95091 -0.21669
vn 0.44030 -0.83321 -0.33452
vn 0.09234 -0.94579 -0.31136
vn -0.16866 0.94752 0.27159
vn -0.17488 0.92883 0.32663
vn -0.07783 0.99346 0.08348
vn -0.08439 0.99040 0.10945
vn -0.04837 0.99881 0.00692
vn 0.01714 0.99838 0.05431
vn 0.02125 0.99956 0.02092
vn -0.08232 0.99647 0.01672
vn 0.03038 0.99911 -0.02912
vn 0.05442 0.99691 -0.05667
vn -0.05046 0.99596 0.07430
vn -0.35570 0.54340 0.76039
vn -0.17033 0.89362 0.41524
vn -0.18895 0.93279 0.30691
vn 0.73099 -0.02668 -0.68187
vn -0.52850 0.34397 0.77612
vn -0.74528 0.58204 0.32525
vn -0.90198 0.41131 0.13139
vn 0.58179 -0.13880 -0.80141
vn -0.69377 0.22382 0.68454
vn -0.87812 0.26987 0.39506
vn -0.74617 0.50302 0.43611
vn 0.49577 0.10229 -0.86241
vn -0.48823 0.07068 0.86985
vn -0.48111 0.49634 0.72262
vn -0.34543 0.80281 0.48598
vn 0.46240 0.00611 -0.88665
vn 0.38124 0.00388 -0.92447
vn -0.43461 0.23623 0.86909
vn -0.29546 0.22878 0.92756
vn 0.48207 -0.02244 -0.87585
vn 0.54609 -0.00990 -0.83766
vn -0.21846 0.36786 0.90385
vn -0.23058 0.38187 0.89499
vn 0.50612 0.34560 -0.79019
vn 0.59005 0.42390 -0.68713
vn -0.09968 0.24978 0.96316
vn 0.64433 -0.03778 -0.76381
vn 0.57343 -0.06811 -0.81642
vn 0.01103 0.22800 0.97360
vn -0.03724 0.32573 0.94473
vn -0.01953 0.99974 0.01211
vn -0.04001 0.99890 0.02455
vn 0.05010 0.99870 -0.00972
vn 0.06746 0.99602 -0.05827
vn -0.02009 0.99944 -0.02675
vn -0.11806 0.99297 -0.00834
vn -0.10799 0.99378 -0.02733
vn -0.06258 0.99803 -0.00426
vn -0.07654 0.99263 0.09392
vn -0.00039 0.99962 -0.02760
vn -0.00292 0.99965 -0.02646
vn 0.02298 0.98127 -0.19127
vn -0.05924 0.43589 -0.89805
vn 0.01847 0.17531 0.98434
vn 0.35798 0.26946 -0.89400
vn 0.10815 -0.11751 -0.98717
vn -0.04899 0.06383 0.99676
vn 0.30298 -0.46327 -0.83282
vn 0.45414 0.31901 -0.83186
vn -0.05281 0.03684 0.99793
vn 0.57129 0.07534 -0.81728
vn 0.41733 0.29672 -0.85895
vn -0.03781 0.00921 0.99924
vn 0.76347 -0.15235 -0.62762
vn 0.80807 -0.05504 -0.58651
vn -0.03409 -0.06600 0.99724
vn 0.61706 0.15954 -0.77057
vn 0.71482 -0.09842 -0.69235
vn -0.00727 -0.11304 0.99356
vn 0.78840 0.44018 -0.42972
vn 0.37563 0.25036 -0.89231
vn -0.06757 -0.17959 0.98142
vn -0.11802 -0.18661 0.97532
vn 0.65203 -0.10533 -0.75085
vn 0.15292 -0.33407 -0.93006
vn -0.07260 -0.23770 0.96862
vn 0.22635 -0.37355 -0.89957
vn 0.01615 -0.57952 -0.81480
vn -0.04121 -0.49449 0.86821
vn 0.08396 -0.80862 -0.58231
vn 0.13582 -0.62788 -0.76637
vn 0.13782 -0.26732 0.95370
vn 0.15841 -0.34777 0.92410
vn 0.20925 -0.36825 -0.90587
vn 0.28871 -0.66566 -0.68815
vn 0.00471 -0.78391 -0.62086
vn 0.19598 -0.11794 0.97349
vn 0.45844 0.01354 -0.88862
vn 0.32508 -0.04929 -0.94440
vn 0.21256 -0.72677 0.65316
vn -0.03448 -0.71780 0.69539
vn 0.19730 -0.20828 -0.95796
vn 0.20752 -0.16202 -0.96472
vn 0.12154 -0.53990 0.83291
vn 0.14210 -0.17228 0.97475
vn -0.12862 -0.33362 -0.93389
vn 0.20046 -0.04850 0.97850
vn 0.16025 -0.43770 0.88473
vn -0.06696 -0.35900 -0.93093
vn -0.14615 -0.69919 -0.69984
vn -0.07022 -0.66963 0.73936
vn 0.20835 -0.68113 0.70189
vn 0.89386 -0.32469 0.30919
vn 0.78812 -0.12932 0.60178
vn -0.38512 -0.78098 -0.49168
vn -0.18194 -0.45061 -0.87399
vn 0.26480 -0.73082 0.62911
vn 0.27347 -0.42756 0.86163
vn 0.45028 -0.32366 -0.83216
vn 0.95520 -0.26582 -0.13010
vn 0.64990 -0.16311 0.74231
vn -0.03614 -0.72776 -0.68488
vn -0.01419 -0.99949 -0.02849
vn -0.32550 -0.88419 -0.33506
vn -0.09478 -0.73476 -0.67167
vn 0.15311 -0.78467 0.60071
vn 0.20548 -0.73518 0.64598
vn 0.64430 0.42049 -0.63879
vn 0.99201 0.10653 -0.06755
vn 0.78688 -0.58067 0.20890
vn 0.30670 -0.78220 -0.54230
vn 0.16797 -0.73636 -0.65541
vn 0.58580 -0.60450 0.53984
vn 0.55937 -0.81381 0.15754
vn -0.06180 -0.85851 0.50905
vn 0.18473 -0.63722 -0.74821
vn 0.60991 -0.79106 0.04725
vn 0.76965 -0.04790 0.63666
vn 0.29235 -0.94309 0.15845
vn 0.32834 -0.91674 0.22755
vn 0.22108 -0.86720 -0.44619
vn 0.44826 -0.83721 -0.31327
vn 0.24404 -0.63300 -0.73468
vn -0.21703 -0.79415 0.56764
vn -0.28719 -0.94468 0.15845
vn 0.03097 -0.57216 -0.81956
vn 0.21427 -0.47680 0.85250
vn 0.20282 -0.93141 0.30223
vn 0.19352 -0.82815 -0.52604
vn 0.35265 -0.93270 0.07555
vn 0.44523 -0.83710 0.31787
vn 0.19147 -0.84211 -0.50417
vn 0.42822 -0.90003 -0.08102
vn -0.20323 0.94630 0.25141
vn -0.15049 0.95820 0.24331
vn -0.14622 0.98101 0.12746
vn -0.19870 0.97699 0.07755
vn -0.10609 0.99380 -0.03314
vn -0.02156 0.99965 -0.01503
vn -0.00202 0.99708 0.07631
vn 0.03986 0.99900 -0.02034
vn 0.03678 0.99870 -0.03522
vn 0.61389 0.07358 -0.78595
vn 0.83867 -0.04176 -0.54304
vn -0.19846 0.70951 0.67617
vn -0.24348 0.91261 0.32843
vn 0.65895 0.03390 -0.75142
vn 0.84681 0.06104 -0.52839
vn -0.47094 0.62031 0.62724
vn -0.09444 0.96249 0.25436
vn 0.09907 0.90325 0.41752
vn 0.63036 0.18903 -0.75293
vn 0.66093 0.13769 -0.73771
vn -0.47644 0.38700 0.78946
vn -0.56535 0.40936 0.71610
vn 0.57233 0.18784 -0.79822
vn 0.69506 0.15488 -0.70207
vn -0.56057 0.08165 0.82407
vn -0.59478 0.21061 0.77581
vn 0.70130 -0.10990 -0.70434
vn 0.71333 -0.03036 -0.70017
vn -0.57726 0.15964 0.80080
vn 0.68768 0.34940 -0.63641
vn 0.58121 0.14787 -0.80021
vn -0.54197 0.19801 0.81674
vn 0.53828 0.30381 -0.78610
vn 0.38395 0.03736 -0.92260
vn -0.26598 0.14226 0.95342
vn 0.03878 0.99743 0.06024
vn 0.29197 0.31449 -0.90324
vn -0.11363 0.12897 0.98512
vn -0.18027 0.16177 0.97022
vn 0.00771 0.99875 0.04936
vn -0.04231 0.99900 0.01472
vn 0.05026 0.99871 -0.00694
vn 0.02570 0.99719 -0.07038
vn 0.00317 0.99973 -0.02310
vn -0.02439 0.99637 0.08156
vn -0.02941 0.99934 0.02124
vn -0.08444 0.99458 -0.06072
vn -0.10203 0.99469 0.01334
vn -0.07516 0.99664 0.03257
vn -0.06671 0.99715 -0.03516
vn -0.03456 0.99349 -0.10857
vn 0.15255 0.65047 -0.74406
vn 0.02535 0.11402 0.99315
vn 0.21686 0.52529 -0.82282
vn -0.13969 -0.03911 -0.98942
vn 0.06794 0.14750 0.98673
vn 0.18634 -0.04550 -0.98143
vn -0.11500 -0.04016 -0.99255
vn 0.01596 0.01173 0.99980
vn -0.19020 0.12000 -0.97438
vn 0.61237 0.10965 -0.78293
vn 0.02914 -0.02830 0.99917
vn -0.24951 -0.13660 -0.95869
vn -0.25235 -0.13601 -0.95803
vn 0.03587 -0.03690 0.99868
vn -0.15336 0.36746 -0.91731
vn -0.26422 0.29986 -0.91666
vn 0.02019 -0.10534 0.99423
vn -0.01491 0.16264 -0.98657
vn 0.03858 -0.12698 0.99115
vn 0.06774 -0.22145 0.97282
vn 0.66378 -0.01704 -0.74774
vn 0.06858 -0.36040 0.93027
vn 0.42367 -0.12244 -0.89750
vn -0.02162 -0.44215 0.89668
vn -0.00610 -0.45554 -0.89019
vn 0.26309 -0.26336 -0.92813
vn -0.01873 -0.40471 0.91425
vn 0.02364 -0.23006 0.97289
vn -0.10465 -0.49386 -0.86322
vn -0.36932 -0.70613 -0.60415
vn 0.18330 -0.46941 0.86375
vn -0.12941 -0.36421 -0.92228
vn -0.23559 -0.62984 -0.74013
vn 0.22204 -0.50604 0.83344
vn 0.21254 -0.55849 0.80182
vn 0.12174 0.17764 -0.97654
vn 0.02043 -0.58158 0.81323
vn 0.03889 -0.36100 0.93176
vn 0.61394 -0.48574 -0.62220
vn 0.51456 -0.41813 -0.74860
vn 0.20110 -0.05395 0.97808
vn 0.58760 -0.23870 -0.77314
vn 0.27767 -0.59246 -0.75624
vn 0.20555 -0.74937 0.62944
vn -0.07224 -0.92290 0.37820
vn -0.17072 -0.26231 0.94976
vn -0.12436 -0.32407 0.93782
vn 0.26657 -0.87449 -0.40523
vn 0.04258 -0.68843 -0.72405
vn -0.21543 -0.43797 0.87280
vn 0.46507 -0.88124 -0.08437
vn 0.62961 -0.73729 0.24494
vn 0.10052 -0.02964 -0.99449
vn -0.21747 -0.29213 -0.93133
vn 0.51284 -0.05014 0.85702
vn -0.07502 -0.84181 -0.53453
vn 0.06078 -0.98770 -0.14409
vn 0.32719 -0.90052 -0.28636
vn 0.29746 -0.73080 -0.61437
vn 0.68188 -0.58791 0.43521
vn 0.77749 -0.41021 0.47669
vn 0.68122 -0.48141 0.55153
vn -0.00940 0.34763 -0.93759
vn 0.27396 -0.56085 0.78128
vn 0.11688 -0.60327 -0.78892
vn 0.34448 -0.82977 -0.43911
vn 0.04450 -0.81543 -0.57714
vn 0.45703 -0.81391 0.35871
vn 0.36275 -0.72572 0.58459
vn 0.12268 -0.68389 0.71919
vn 0.18639 -0.14863 -0.97117
vn -0.03010 0.17704 0.98374
vn 0.31859 -0.94772 0.01831
vn 0.09266 -0.95516 -0.28123
vn 0.39763 -0.90127 0.17205
vn 0.57220 -0.62166 -0.53491
vn 0.35664 -0.75803 -0.54608
vn 0.37566 -0.56976 -0.73093
vn 0.14238 -0.86033 0.48945
vn -0.02675 -0.99518 0.09436
vn 0.03187 -0.62290 -0.78165
vn -0.22076 -0.72141 0.65638
vn 0.37657 -0.89656 0.23317
vn 0.43207 -0.87923 -0.20068
vn -0.02594 -0.95131 -0.30714
vn 0.48713 -0.85379 0.18372
vn 0.40226 -0.82376 -0.39950
vn -0.83956 0.41186 0.35428
vn -0.77910 0.54822 0.30406
vn -0.44500 0.85518 0.26578
vn -0.42487 0.88733 0.17925
vn -0.33099 0.93945 0.08874
vn -0.23152 0.97248 0.02609
vn -0.11631 0.97672 -0.18026
vn 0.02023 0.99618 -0.08495
vn 0.10908 0.99402 -0.00586
vn 0.09236 0.99473 0.04452
vn 0.11070 0.95212 -0.28498
vn 0.38375 0.12084 -0.91550
vn -0.92418 0.38196 -0.00000
vn -0.92409 0.38217 0.00000
vn -0.92769 0.37321 0.00990
vn -0.90391 0.42324 0.06177
vn -0.84622 0.51212 -0.14711
vn -0.75349 0.56098 0.34287
vn -0.20708 0.62179 0.75531
vn -0.28324 0.88395 0.37203
vn -0.01405 0.32745 -0.94476
vn -0.15704 0.05854 -0.98586
vn -0.98307 0.18321 -0.00000
vn -0.98311 0.18300 0.00000
vn -0.97407 0.21933 0.05558
vn -0.94692 0.24681 0.20599
vn -0.36000 0.87292 0.32925
vn -0.00851 0.99912 0.04095
vn 0.09280 0.87582 0.47363
vn -0.03868 0.33181 -0.94255
vn -0.99835 0.05742 -0.00000
vn -0.99835 0.05737 0.00000
vn -0.99409 0.07820 0.07528
vn -0.83240 0.34233 0.43580
vn -0.45769 0.40130 0.79340
vn 0.09255 0.10720 -0.98992
vn -0.99553 -0.09446 -0.00000
vn -0.99555 -0.09428 0.00023
vn -0.97299 0.02089 0.22991
vn -0.80155 0.09523 0.59029
vn 0.05543 -0.18018 -0.98207
vn -0.98410 -0.17762 -0.00000
vn -0.98429 -0.17656 0.00232
vn -0.93909 -0.03803 0.34157
vn -0.73598 0.14333 0.66166
vn 0.38165 0.14859 -0.91228
vn -0.93384 -0.35769 -0.00000
vn -0.92583 -0.37791 0.00485
vn -0.82967 -0.23810 0.50493
vn -0.62048 0.02258 0.78390
vn 0.46908 0.31410 -0.82541
vn 0.39721 0.09976 -0.91229
vn -0.49775 -0.13669 0.85648
vn -0.37319 0.02532 0.92741
vn 0.74782 0.04460 -0.66240
vn 0.41850 0.22525 -0.87984
vn -0.14975 -0.03898 0.98796
vn -0.25426 0.06967 0.96462
vn 0.09878 0.99323 0.06119
vn 0.08718 0.99589 0.02436
vn 0.02522 0.99936 -0.02533
vn 0.06794 0.99753 -0.01797
vn 0.02972 0.99939 -0.01819
vn 0.03385 0.99598 0.08292
vn -0.04251 0.99856 0.03263
vn 0.02096 0.99969 0.01347
vn -0.07588 0.99694 0.01903
vn -0.00860 0.99975 -0.02083
vn 0.04728 0.99826 -0.03512
vn 0.14522 0.94943 -0.27836
vn 0.34117 0.44935 -0.82564
vn 0.05121 -0.02877 0.99827
vn 0.36077 0.52045 -0.77394
vn 0.07393 0.16864 0.98290
vn 0.46279 0.12662 -0.87738
vn 0.11951 0.04483 0.99182
vn 0.14764 0.02846 -0.98863
vn 0.07838 -0.06222 0.99498
vn 0.39558 0.03898 -0.91760
vn -0.15995 0.32551 -0.93191
vn 0.17816 -0.09478 0.97943
vn 0.50474 0.24448 -0.82793
vn 0.12568 0.29945 -0.94580
vn 0.15715 -0.05955 0.98578
vn 0.15314 -0.07204 0.98557
vn 0.31587 0.03313 -0.94822
vn 0.33203 0.05570 -0.94162
vn 0.09418 -0.15106 0.98403
vn 0.09921 -0.19907 0.97495
vn -0.04288 -0.01031 -0.99903
vn 0.06188 -0.18333 -0.98110
vn 0.13014 -0.26307 0.95596
vn -0.04213 0.01217 -0.99904
vn -0.00563 0.21424 -0.97676
vn 0.27662 -0.53662 0.79719
vn 0.27316 -0.55466 0.78596
vn 0.03422 -0.39809 -0.91671
vn -0.09194 -0.25150 -0.96348
vn 0.17666 -0.50182 0.84674
vn 0.42442 -0.47483 0.77098
vn 0.14690 -0.62305 -0.76826
vn 0.60784 -0.20912 0.76602
vn 0.49658 -0.06324 0.86569
vn -0.38971 -0.25552 -0.88478
vn -0.25958 -0.13294 -0.95653
vn 0.23574 -0.46659 0.85248
vn 0.20615 -0.42174 0.88297
vn 0.07412 -0.53780 -0.83981
vn 0.35846 -0.70633 -0.61042
vn 0.11622 -0.56829 0.81458
vn 0.16405 -0.44145 0.88216
vn 0.27222 -0.42559 -0.86300
vn 0.57033 -0.58523 -0.57640
vn -0.00423 -0.25714 0.96636
vn -0.01488 -0.26285 -0.96472
vn 0.62698 -0.72195 0.29272
vn 0.52201 -0.54674 0.65466
vn -0.86471 -0.44410 -0.23461
vn -0.71765 -0.43078 0.54718
vn -0.01529 -0.65476 -0.75568
vn 0.27500 -0.44652 -0.85146
vn 0.41157 -0.69765 0.58643
vn 0.19422 -0.95192 -0.23691
vn 0.05137 -0.74250 0.66788
vn 0.03288 -0.73971 0.67212
vn -0.55643 -0.16928 -0.81347
vn -0.96770 -0.12908 -0.21656
vn -0.93747 -0.34798 0.00725
vn -0.19670 -0.88481 -0.42239
vn -0.22198 -0.95941 -0.17397
vn -0.47327 -0.69312 -0.54370
vn 0.37240 -0.59791 0.70980
vn 0.14980 -0.68329 0.71462
vn 0.34063 -0.59113 0.73112
vn -0.70342 -0.07286 -0.70704
vn -0.90880 -0.10522 -0.40376
vn -0.75986 -0.54311 0.35728
vn 0.02489 -0.85288 -0.52152
vn 0.41474 -0.72647 -0.54794
vn -0.12282 -0.96098 -0.24787
vn -0.07397 -0.93573 -0.34488
vn 0.49150 -0.37079 0.78800
vn 0.38598 -0.38978 0.83612
vn -0.68173 0.48991 -0.54336
vn -0.96832 -0.24971 -0.00291
vn -0.72606 -0.08517 0.68234
vn 0.45158 -0.86968 -0.19931
vn 0.34980 -0.92680 -0.13668
vn 0.77034 -0.63764 0.00041
vn 0.21525 -0.84832 -0.48376
vn 0.11979 -0.99168 -0.04704
vn 0.39773 -0.79471 -0.45852
vn 0.19266 -0.81301 0.54945
vn 0.38031 -0.85399 0.35505
vn -0.25614 -0.49054 -0.83293
vn -0.06320 -0.92575 -0.37282
vn -0.11204 -0.74313 0.65970
vn 0.26932 -0.95845 -0.09404
vn 0.37142 -0.90362 -0.21333
vn -0.12979 0.98559 0.10847
vn -0.22096 0.96926 0.10821
vn -0.24805 0.96794 0.03957
vn -0.17176 0.97859 -0.11342
vn -0.55018 0.83504 -0.00000
vn -0.55049 0.83484 0.00000
vn -0.54018 0.84150 0.00918
vn -0.54378 0.83912 -0.01360
vn -0.53286 0.83732 0.12229
vn -0.56729 0.79135 0.22794
vn -0.40409 0.89961 0.16558
vn -0.27514 0.95245 0.13089
vn -0.30886 0.94809 0.07567
vn -0.29032 0.95495 0.06150
vn -0.19599 0.97406 -0.11310
vn -0.13293 0.95183 -0.27630
vn -0.04009 0.98951 -0.13880
vn -0.00076 0.99844 -0.05580
vn 0.02262 0.99881 0.04330
vn 0.05545 0.97624 -0.20948
vn -0.27938 -0.05488 -0.95861
vn -0.80071 0.59905 -0.00000
vn -0.80052 0.59930 0.00000
vn -0.80320 0.59367 0.04924
vn -0.77080 0.63285 -0.07329
vn -0.91530 0.40093 0.03848
vn -0.94472 0.27901 0.17220
vn -0.09582 0.28258 -0.95444
vn 0.15817 0.42091 -0.89321
vn -0.17092 0.08620 -0.98151
vn -0.32315 0.15041 -0.93432
vn -0.34602 -0.10884 -0.93189
vn -0.58817 0.14284 -0.79603
vn -0.82876 -0.55961 -0.00000
vn -0.82045 -0.57168 0.00639
vn -0.68697 -0.44721 0.57278
vn -0.24122 0.00936 -0.97043
vn -0.65032 -0.75966 -0.00000
vn -0.65143 -0.75867 0.00767
vn -0.53599 -0.58382 0.60981
vn -0.13489 -0.30123 -0.94396
vn -0.12728 -0.42951 0.89405
vn 0.05589 0.99454 0.08811
vn 0.10106 0.99413 0.03856
vn -0.01071 0.99992 0.00610
vn 0.00391 0.99867 -0.05145
vn 0.00898 0.99972 0.02186
vn 0.03844 0.99833 0.04303
vn 0.10872 0.99358 0.03130
vn 0.01894 0.99794 0.06128
vn 0.03913 0.99809 0.04789
vn 0.05181 0.99675 -0.06172
vn 0.01443 0.99702 -0.07583
vn 0.02287 0.92932 -0.36856
vn -0.22556 0.70594 -0.67139
vn 0.08277 -0.10422 0.99110
vn 0.13020 -0.05670 0.98987
vn -0.37207 0.73382 -0.56840
vn 0.16778 0.15638 0.97334
vn 0.20240 0.09715 0.97447
vn -0.26054 0.02896 -0.96503
vn 0.20046 0.05955 0.97789
vn 0.20755 0.08077 0.97488
vn 0.34003 -0.22519 -0.91305
vn 0.18489 -0.04805 0.98158
vn 0.23549 -0.05548 0.97029
vn 0.04286 0.14413 -0.98863
vn 0.14739 -0.12130 0.98161
vn 0.15806 -0.08115 0.98409
vn -0.11187 0.24684 -0.96258
vn -0.30575 0.30113 -0.90324
vn 0.15221 -0.02770 0.98796
vn 0.18611 -0.07810 0.97942
vn -0.05396 0.02351 -0.99827
vn -0.38936 0.02293 -0.92080
vn 0.32559 -0.23594 0.91560
vn -0.10485 0.03115 -0.99400
vn -0.32872 -0.03345 -0.94384
vn 0.29961 -0.40408 0.86426
vn -0.08572 -0.01500 -0.99621
vn -0.10733 0.11416 -0.98765
vn 0.34762 -0.42452 0.83603
vn 0.24603 -0.35934 0.90019
vn 0.06047 -0.25543 -0.96493
vn 0.06092 -0.11919 -0.99100
vn -0.03784 -0.56538 0.82396
vn 0.19019 -0.46825 -0.86288
vn -0.22156 -0.57835 0.78513
vn -0.28431 -0.31355 0.90601
vn 0.08110 -0.34612 -0.93468
vn 0.30865 -0.39352 -0.86596
vn -0.15855 -0.05103 0.98603
vn 0.01244 -0.60840 -0.79353
vn -0.20728 -0.75079 -0.62718
vn -0.19609 -0.53598 0.82114
vn -0.21902 -0.47896 0.85008
vn 0.18983 -0.65476 -0.73161
vn -0.19327 -0.81764 -0.54233
vn -0.05561 -0.45312 0.88971
vn 0.02704 -0.23454 -0.97173
vn -0.30269 -0.83343 0.46236
vn -0.23874 -0.60864 0.75668
vn -0.09123 -0.14863 -0.98468
vn 0.04178 -0.51824 -0.85422
vn -0.19118 -0.71966 0.66749
vn -0.37386 -0.92301 0.09096
vn -0.03012 -0.86056 0.50846
vn 0.09022 -0.87053 0.48378
vn -0.52037 -0.84711 -0.10783
vn -0.24294 -0.87541 -0.41790
vn 0.02464 -0.74032 -0.67180
vn 0.15255 -0.83039 0.53589
vn 0.14060 -0.61597 0.77512
vn 0.25826 -0.96525 0.03994
vn 0.33797 -0.93472 -0.10992
vn 0.71963 -0.68923 -0.08417
vn -0.01224 -0.86631 -0.49936
vn -0.16876 -0.82347 -0.54168
vn 0.06669 -0.96672 -0.24701
vn 0.04130 -0.99747 -0.05784
vn 0.38372 -0.92332 -0.01557
vn 0.43083 -0.58622 0.68610
vn 0.53000 -0.84467 0.07508
vn 0.61403 -0.78668 0.06400
vn 0.46832 -0.83219 -0.29688
vn 0.57163 -0.79790 0.19131
vn 0.53166 -0.74850 -0.39635
vn 0.28980 -0.90884 -0.30003
vn 0.17276 -0.98487 -0.01347
vn 0.36035 -0.93263 -0.01881
vn -0.24432 -0.96946 0.02129
vn -0.04803 -0.86484 -0.49975
vn 0.54932 -0.72234 0.42009
vn 0.65393 -0.75655 0.00271
vn 0.37936 -0.92425 0.04306
vn -0.01749 -0.91356 -0.40633
vn -0.08257 0.98996 0.11474
vn -0.06725 0.98780 0.14044
vn -0.05071 0.99871 0.00327
vn -0.03809 0.98612 -0.16159
vn -0.18989 0.98181 -0.00000
vn -0.18986 0.98181 0.00000
vn -0.19193 0.98140 0.00337
vn -0.19165 0.98140 -0.01118
vn -0.15424 0.98674 0.05045
vn -0.10432 0.98634 0.12751
vn -0.10526 0.98420 0.14238
vn -0.09273 0.99211 0.08436
vn -0.01812 0.97176 -0.23527
vn 0.00531 0.94790 -0.31852
vn -0.00215 0.97910 -0.20335
vn -0.00500 0.99988 -0.01446
vn -0.00614 0.99938 -0.03462
vn 0.05082 0.98256 -0.17889
vn 0.02398 0.95357 -0.30020
vn -0.28237 0.28616 -0.91563
vn -0.28284 0.29013 -0.91424
vn -0.31390 0.22818 -0.92163
vn -0.09413 0.07084 -0.99304
vn -0.41415 0.00100 -0.91021
vn -0.30551 0.08573 -0.94832
vn -0.50952 0.04074 -0.85949
vn -0.30558 0.00039 -0.95217
vn -0.42026 -0.08900 -0.90303
vn -0.03872 -0.17464 -0.98387
vn -0.48181 -0.87627 -0.00000
vn -0.48939 -0.87203 0.00734
vn -0.36326 -0.68609 0.63033
vn -0.10840 -0.39446 -0.91250
vn 0.10399 -0.48074 -0.87068
vn -0.40981 -0.91217 -0.00000
vn -0.41684 -0.90896 0.00631
vn -0.14591 -0.76274 0.63002
vn 0.05761 -0.45246 0.88992
vn -0.20293 -0.13662 -0.96961
vn 0.01531 0.99961 0.02314
vn 0.07708 0.99582 0.04900
vn 0.04987 0.99791 -0.04105
vn 0.02894 0.99940 0.01918
vn 0.02385 0.99971 0.00339
vn -0.00374 0.99771 0.06759
vn 0.00428 0.99586 0.09080
vn 0.02947 0.99957 -0.00002
vn 0.01070 0.99714 -0.07477
vn 0.02961 0.99950 -0.01078
vn 0.03610 0.92039 -0.38933
vn 0.07754 0.87931 -0.46990
vn 0.06771 -0.34030 0.93788
vn 0.11151 -0.25300 0.96102
vn 0.31222 0.61962 -0.72013
vn 0.30760 0.01160 0.95144
vn 0.42049 0.05459 -0.90565
vn 0.30882 0.10640 0.94515
vn 0.34939 -0.29565 -0.88911
vn 0.31742 -0.08880 0.94412
vn 0.40257 0.25880 -0.87805
vn 0.35042 -0.04329 0.93559
vn 0.30238 0.61073 -0.73183
vn -0.01407 0.54992 -0.83510
vn 0.41999 -0.34239 0.84047
vn -0.12709 0.10399 -0.98642
vn 0.53147 -0.03637 0.84630
vn 0.42482 -0.04139 0.90433
vn -0.00723 -0.20431 -0.97888
vn 0.14163 -0.72343 -0.67571
vn 0.37562 -0.38748 0.84188
vn 0.33528 -0.25756 0.90623
vn 0.23580 -0.14285 -0.96124
vn 0.32324 0.07341 -0.94347
vn 0.27515 -0.40539 0.87175
vn 0.10239 -0.25684 0.96101
vn 0.54783 -0.20018 -0.81229
vn 0.37180 -0.16272 -0.91394
vn 0.15470 -0.34817 0.92458
vn 0.33479 -0.57937 -0.74313
vn 0.31802 -0.60963 -0.72610
vn 0.18900 -0.47897 0.85725
vn 0.24914 -0.36953 0.89520
vn 0.47046 -0.01934 -0.88221
vn 0.55741 -0.40366 -0.72550
vn 0.19118 -0.39105 0.90030
vn 0.42942 -0.63665 -0.64053
vn 0.28116 -0.33837 -0.89803
vn 0.22397 -0.45091 0.86402
vn 0.29404 -0.55452 0.77849
vn -0.14719 -0.78595 -0.60051
vn -0.11349 -0.86013 -0.49730
vn 0.23707 -0.40158 0.88461
vn 0.32966 -0.31548 -0.88983
vn 0.26565 -0.38877 -0.88220
vn 0.20666 -0.78452 0.58465
vn 0.38924 -0.77826 0.49276
vn 0.30643 -0.41831 0.85505
vn 0.40421 0.01398 -0.91456
vn 0.59407 -0.19373 -0.78074
vn 0.31022 -0.54650 0.77788
vn 0.32109 -0.54392 0.77528
vn -0.25556 -0.36537 -0.89509
vn 0.22656 -0.77321 0.59230
vn 0.40595 -0.85962 -0.31025
vn 0.54860 -0.77301 -0.31858
vn 0.51384 -0.72181 -0.46363
vn 0.31749 -0.79737 0.51323
vn 0.43224 -0.72406 0.53749
vn 0.42503 -0.83693 0.34481
vn 0.39327 -0.88312 -0.25580
vn 0.56504 -0.82027 -0.08885
vn 0.57493 -0.81108 0.10772
vn 0.40836 -0.88973 -0.20403
vn 0.46285 -0.84447 -0.26953
vn 0.16192 -0.96042 -0.22665
vn -0.25519 -0.83018 0.49567
vn 0.25525 -0.77279 -0.58107
vn 0.03281 -0.83467 -0.54977
vn 0.02607 -0.99820 -0.05395
vn 0.13917 -0.88950 -0.43523
vn 0.36969 -0.92877 -0.02669
vn 0.55657 -0.73743 0.38266
vn 0.50690 -0.79014 0.34459
vn 0.37895 -0.92024 -0.09778
vn 0.51307 -0.85833 0.00634
vn 0.23601 -0.96194 -0.13776
vn 0.25546 -0.96599 -0.03990
vn 0.30098 -0.89414 -0.33156
vn -0.21271 -0.57329 0.79126
vn -0.01079 -0.78398 -0.62069
vn 0.02395 -0.78891 -0.61405
vn 0.00504 0.98797 0.15453
vn 0.00153 0.99882 0.04855
vn 0.01109 0.99987 -0.01140
vn 0.05602 0.98503 -0.16303
vn 0.01265 0.99992 -0.00000
vn 0.01265 0.99992 0.00000
vn 0.01461 0.99988 0.00494
vn 0.00749 0.99969 -0.02357
vn 0.02307 0.99858 0.04794
vn 0.01304 0.99089 0.13402
vn 0.03107 0.99075 0.13212
vn 0.02987 0.99170 0.12509
vn 0.06700 0.96092 -0.26859
vn 0.08884 0.95603 -0.27948
vn 0.10223 0.95740 -0.27005
vn 0.09484 0.99468 0.04027
vn 0.13157 0.98272 -0.13020
vn 0.11439 0.97579 -0.18639
vn 0.13277 0.96595 -0.22208
vn -0.19628 0.43030 -0.88109
vn -0.06490 0.03280 -0.99735
vn 0.45219 -0.12087 -0.88370
vn 0.18553 -0.00170 -0.98264
vn 0.36628 0.24130 -0.89867
vn 0.29167 0.19026 -0.93741
vn 0.31590 0.22120 -0.92265
vn 0.29776 0.02983 -0.95417
vn 0.04276 -0.11986 -0.99187
vn -0.10812 -0.29326 -0.94990
vn -0.08070 -0.38438 -0.91964
vn -0.32868 -0.94444 -0.00000
vn -0.32615 -0.94531 0.00444
vn -0.10327 -0.95261 0.28614
vn 0.24242 -0.58325 0.77528
vn -0.13309 0.05498 -0.98958
vn -0.00075 0.99995 0.00959
vn -0.00022 1.00000 -0.00095
vn 0.01280 0.99986 0.01111
vn 0.00122 0.99960 0.02819
vn -0.06820 0.99564 0.06369
vn -0.01379 0.99786 0.06393
vn -0.00069 0.99994 0.01126
vn 0.01948 0.99949 -0.02533
vn 0.06364 0.99450 -0.08320
vn 0.08526 0.99625 -0.01443
vn -0.03005 0.95926 -0.28093
vn -0.17666 0.82049 -0.54368
vn 0.31031 -0.23946 0.91998
vn -0.23511 0.21924 -0.94692
vn 0.37300 -0.16622 0.91282
vn 0.12409 -0.25399 -0.95921
vn 0.32938 0.15804 0.93088
vn 0.10663 -0.38564 -0.91647
vn 0.16895 -0.35967 -0.91766
vn 0.28689 -0.02444 0.95765
vn 0.11797 -0.11644 -0.98617
vn 0.25079 0.55958 -0.78992
vn 0.27159 -0.15798 0.94936
vn 0.01153 0.61765 -0.78637
vn 0.23588 0.25613 -0.93742
vn 0.21839 -0.27347 0.93676
vn 0.25377 -0.40571 0.87807
vn 0.16655 0.16506 -0.97212
vn 0.42020 0.09504 -0.90244
vn 0.19495 -0.34237 0.91912
vn 0.27872 -0.24177 0.92944
vn -0.00351 -0.15602 -0.98775
vn 0.33159 -0.19728 -0.92257
vn 0.47936 -0.16652 0.86167
vn -0.03215 -0.23098 -0.97243
vn 0.30270 -0.17666 0.93657
vn 0.30115 -0.78480 -0.54166
vn 0.12044 -0.59161 -0.79718
vn 0.26304 -0.37332 0.88963
vn 0.24952 -0.35102 0.90251
vn 0.53215 -0.52640 -0.66311
vn 0.50738 -0.47578 -0.71847
vn 0.18739 -0.47703 0.85868
vn 0.12414 -0.40526 0.90573
vn 0.44511 -0.05354 -0.89387
vn 0.42670 -0.05661 -0.90262
vn 0.18589 -0.52744 0.82901
vn 0.33291 -0.63054 0.70113
vn 0.39688 -0.46769 -0.78978
vn 0.46138 -0.22366 -0.85855
vn 0.19581 -0.52399 0.82891
vn 0.35866 -0.46000 0.81226
vn 0.10036 -0.22204 -0.96986
vn 0.11904 -0.48522 0.86625
vn 0.55646 -0.79757 0.23286
vn 0.60338 -0.79288 0.08527
vn -0.53297 -0.26060 -0.80500
vn -0.40067 -0.78053 -0.47984
vn 0.22309 -0.71056 0.66734
vn 0.16967 -0.90347 0.39364
vn 0.66736 -0.57615 0.47189
vn 0.46625 -0.59004 0.65914
vn 0.40147 -0.80565 -0.43560
vn 0.07107 -0.53139 -0.84414
vn 0.52845 -0.63614 0.56220
vn 0.38924 -0.48725 0.78172
vn 0.20294 -0.93236 0.29921
vn 0.36871 -0.63523 0.67863
vn 0.73833 -0.45306 -0.49961
vn 0.89960 -0.38021 -0.21485
vn 0.56162 -0.46441 -0.68477
vn 0.20131 -0.97948 -0.01022
vn 0.13328 -0.73936 -0.65999
vn -0.09143 -0.87086 0.48296
vn 0.01805 -0.95219 0.30498
vn -0.00270 -0.84676 0.53197
vn 0.39309 -0.89927 -0.19180
vn 0.16137 -0.92544 -0.34282
vn 0.39661 -0.87654 0.27271
vn 0.11532 -0.98907 -0.09192
vn -0.08061 -0.95335 -0.29090
vn 0.46978 -0.72961 0.49697
vn 0.16987 -0.98442 0.04545
vn 0.60151 -0.67732 -0.42359
vn 0.60401 -0.75054 -0.26808
vn 0.17455 -0.95035 -0.25761
vn 0.23319 -0.94276 -0.23840
vn 0.18470 -0.97446 0.12775
vn 0.27734 -0.96050 -0.02261
vn 0.42587 -0.83928 0.33801
vn 0.87577 -0.45114 -0.17176
vn 0.05681 0.99095 0.12162
vn 0.05383 0.99505 0.08348
vn 0.15046 0.97946 -0.13422
vn 0.17448 0.97152 -0.16033
vn 0.01397 0.99990 -0.00000
vn 0.01397 0.99990 0.00000
vn 0.01024 0.99991 0.00838
vn -0.00187 0.99998 0.00606
vn -0.04851 0.99872 0.01439
vn 0.01207 0.99552 0.09373
vn 0.04976 0.99058 0.12761
vn 0.00918 0.99082 0.13490
vn 0.18567 0.96079 -0.20596
vn 0.24058 0.94506 -0.22132
vn 0.21199 0.93112 -0.29678
vn 0.13395 0.96427 -0.22855
vn 0.23659 0.97145 0.01769
vn 0.21126 0.96929 -0.12587
vn 0.22924 0.94664 -0.22657
vn 0.20117 0.94527 -0.25689
vn 0.34964 0.88011 -0.32120
vn 0.47325 0.13447 -0.87061
vn 0.41172 0.10621 -0.90510
vn 0.03186 0.03014 -0.99904
vn 0.35873 0.12594 -0.92491
vn 0.31847 0.33559 -0.88654
vn 0.06047 0.20977 -0.97588
vn 0.64207 0.08117 -0.76234
vn -0.06102 -0.03391 -0.99756
vn 0.22241 -0.31911 -0.92125
vn -0.04915 -0.36604 -0.92930
vn -0.17330 -0.98487 -0.00000
vn -0.17237 -0.98503 0.00179
vn -0.09840 -0.99304 0.06479
vn 0.14328 -0.91708 0.37206
vn 0.09833 0.16412 -0.98153
vn -0.06376 0.99786 -0.01456
vn -0.02359 0.99930 -0.02892
vn -0.00242 0.99942 -0.03403
vn 0.06608 0.99634 0.05417
vn 0.05579 0.99561 0.07521
vn 0.05453 0.99717 0.05173
vn -0.02810 0.99778 0.06032
vn -0.02327 0.99870 -0.04532
vn -0.04068 0.99642 -0.07410
vn -0.03460 0.99874 -0.03625
vn 0.05179 0.97829 -0.20065
vn 0.03228 0.91684 -0.39794
vn 0.40267 -0.30107 0.86442
vn 0.53282 -0.31128 0.78690
vn -0.05084 -0.25797 -0.96481
vn 0.43694 -0.12827 0.89030
vn 0.32534 -0.01332 0.94550
vn -0.00247 -0.25070 -0.96806
vn 0.34163 0.26359 0.90211
vn 0.42995 0.21484 0.87692
vn 0.20545 -0.32731 -0.92231
vn 0.16681 -0.40246 -0.90011
vn 0.29601 -0.10949 0.94889
vn 0.35447 -0.01076 0.93501
vn 0.15824 0.09897 -0.98243
vn 0.23786 0.49229 -0.83730
vn 0.38927 -0.11834 0.91349
vn 0.32984 -0.17858 0.92699
vn 0.53793 0.42031 -0.73074
vn 0.31641 -0.22417 0.92176
vn 0.35021 -0.29873 0.88776
vn 0.13641 0.39017 -0.91058
vn 0.26184 -0.25446 0.93096
vn -0.04211 0.20418 -0.97803
vn 0.22166 -0.01454 0.97502
vn 0.08377 -0.49489 -0.86491
vn 0.33104 -0.24247 0.91193
vn 0.27859 -0.28893 0.91592
vn -0.17431 -0.78400 -0.59578
vn 0.03549 -0.60778 -0.79331
vn 0.26735 -0.45903 0.84724
vn 0.08218 -0.24581 0.96583
vn 0.40346 -0.38450 -0.83029
vn 0.32693 -0.52044 -0.78883
vn 0.00155 -0.39126 0.92028
vn 0.31372 -0.29559 -0.90233
vn 0.28909 -0.37531 -0.88066
vn 0.27148 -0.46540 0.84244
vn 0.10452 -0.58210 0.80637
vn 0.51609 -0.46282 -0.72072
vn 0.39360 -0.30361 -0.86770
vn -0.10603 -0.42002 0.90130
vn 0.67479 -0.47415 -0.56554
vn 0.58622 -0.24316 -0.77280
vn 0.23420 -0.65173 0.72139
vn 0.29890 -0.91898 0.25717
vn 0.27806 -0.89054 0.36002
vn 0.64527 -0.03550 -0.76313
vn 0.56289 -0.35576 -0.74605
vn 0.44594 -0.53175 0.71998
vn 0.54625 -0.55141 0.63052
vn 0.58104 -0.74474 0.32824
vn -0.00814 -0.99434 -0.10590
vn 0.12199 -0.98888 -0.08509
vn 0.64713 -0.75728 -0.08809
vn 0.39497 -0.65745 -0.64169
vn 0.62762 -0.68733 0.36562
vn 0.34653 -0.90527 0.24577
vn 0.51797 -0.33432 0.78736
vn 0.55094 -0.81024 -0.19996
vn 0.75534 -0.61056 -0.23806
vn 0.61419 -0.76159 0.20675
vn 0.56609 -0.70785 -0.42248
vn 0.88627 -0.46305 -0.01028
vn 0.81021 -0.50136 -0.30365
vn 0.71638 -0.58328 -0.38286
vn 0.30532 -0.79773 -0.52000
vn 0.46017 -0.88737 0.02844
vn 0.46652 -0.88296 0.05230
vn 0.50960 -0.74892 0.42359
vn 0.54154 -0.83796 0.06752
vn 0.35048 -0.91878 -0.18171
vn 0.23784 -0.96743 -0.08662
vn 0.45903 -0.88632 -0.06106
vn 0.74947 -0.66201 -0.00683
vn 0.67858 -0.72724 0.10322
vn -0.20040 -0.97251 -0.11856
vn 0.74339 -0.57713 0.33808
vn 0.42599 -0.66796 -0.61021
vn 0.65147 -0.73050 -0.20481
vn 0.10229 0.99046 0.09229
vn 0.09810 0.98962 0.10500
vn 0.12825 0.98539 -0.11209
vn 0.00000 1.00000 -0.00000
vn 0.00000 1.00000 0.00000
vn -0.00240 0.99995 0.00931
vn -0.00285 0.99972 0.02348
vn 0.02004 0.99970 0.01400
vn 0.04312 0.99900 0.01216
vn 0.10050 0.98565 0.13562
vn 0.09106 0.99186 0.08897
vn 0.11656 0.99071 0.07012
vn 0.16771 0.95818 -0.23186
vn 0.20088 0.94401 -0.26170
vn 0.22213 0.93997 -0.25907
vn 0.31814 0.91493 -0.24839
vn 0.27220 0.95839 -0.08595
vn 0.35630 0.92865 -0.10322
vn 0.34713 0.92056 -0.17908
vn 0.46840 0.86316 -0.18855
vn 0.41038 0.90357 -0.12312
vn 0.43483 0.89220 -0.12205
vn 0.41235 0.85540 -0.31345
vn 0.16780 0.43911 -0.88262
vn 0.25943 0.24308 -0.93467
vn 0.46399 0.09103 -0.88115
vn 0.06596 0.07979 -0.99463
vn 0.15783 -0.00743 -0.98744
vn 0.31759 0.14300 -0.93738
vn -0.24272 0.31333 -0.91810
vn -0.15906 0.03114 -0.98678
vn 0.00000 -1.00000 -0.00000
vn 0.00000 -1.00000 0.00008
vn 0.07032 -0.99716 0.02691
vn 0.19952 -0.97501 -0.09768
vn 0.70080 -0.55532 0.44777
vn 0.62336 -0.09466 0.77618
vn -0.22379 -0.09339 -0.97015
vn -0.03239 0.99907 -0.02841
vn -0.00004 0.99917 -0.04073
vn -0.03239 0.99936 -0.01506
vn -0.04984 0.99857 -0.01919
vn 0.01930 0.99861 0.04907
vn 0.04915 0.99588 0.07623
vn 0.04436 0.99428 0.09718
vn 0.01031 0.99893 -0.04518
vn 0.01668 0.99675 -0.07881
vn 0.00984 0.99696 -0.07724
vn 0.01814 0.98759 -0.15600
vn -0.02936 0.94292 -0.33171
vn 0.65178 -0.31034 0.69201
vn 0.76017 -0.27252 0.58981
vn 0.53509 0.05511 0.84300
vn -0.09027 0.16089 -0.98283
vn 0.55953 0.17510 0.81010
vn -0.42213 -0.23845 -0.87461
vn 0.37756 0.18129 0.90807
vn -0.48085 -0.29576 -0.82542
vn -0.56054 -0.45336 -0.69300
vn 0.39505 0.04499 0.91756
vn -0.56683 0.27771 -0.77562
vn -0.42167 0.30417 -0.85421
vn 0.31416 -0.13517 0.93970
vn -0.30509 0.18278 -0.93462
vn 0.25126 -0.23751 0.93833
vn 0.03890 0.23545 -0.97111
vn 0.09044 -0.22339 0.97053
vn 0.40646 -0.08444 -0.90976
vn 0.21758 -0.22554 0.94963
vn 0.27523 -0.23505 0.93220
vn 0.49077 -0.55390 -0.67257
vn 0.49686 -0.49400 -0.71351
vn 0.35815 -0.15732 0.92031
vn 0.38962 -0.15581 0.90770
vn 0.77875 0.02146 -0.62696
vn 0.74652 -0.41027 -0.52382
vn 0.54907 -0.37783 -0.74550
vn 0.19636 -0.10422 0.97498
vn 0.04813 -0.61945 -0.78356
vn 0.11890 -0.73137 -0.67154
vn 0.43479 -0.74304 0.50878
vn 0.55285 -0.24435 0.79665
vn 0.79254 -0.13260 -0.59523
vn 0.67487 -0.22280 -0.70350
vn 0.35355 -0.29262 0.88847
vn 0.31504 -0.31949 0.89369
vn 0.55126 -0.50166 -0.66667
vn 0.76623 -0.51342 -0.38639
vn 0.44214 -0.47829 -0.75878
vn 0.38861 -0.36668 0.84530
vn 0.73602 -0.49196 0.46504
vn 0.55264 -0.46456 -0.69193
vn 0.65997 -0.57220 -0.48686
vn 0.12370 -0.78886 0.60199
vn 0.21167 -0.89802 0.38570
vn 0.08234 -0.73421 0.67391
vn 0.63557 -0.75640 0.15461
vn 0.57433 0.24070 -0.78244
vn 0.66938 0.15802 -0.72592
vn -0.10953 -0.90590 0.40909
vn 0.32289 -0.94024 0.10814
vn 0.18412 -0.82100 0.54042
vn 0.40427 -0.90326 0.14383
vn 0.75870 -0.63157 0.15967
vn 0.88638 -0.45620 -0.07877
vn 0.99162 -0.12802 -0.01752
vn 0.88929 -0.40454 -0.21332
vn 0.67294 -0.72464 0.14851
vn 0.62896 -0.77743 -0.00260
vn 0.15302 -0.96877 -0.19510
vn 0.46311 -0.81734 -0.34275
vn 0.40722 -0.84486 -0.34695
vn 0.63301 -0.33683 -0.69703
vn 0.41844 -0.80620 0.41828
vn 0.55370 -0.66167 0.50557
vn 0.76478 -0.64353 -0.03146
vn 0.57576 -0.78344 0.23391
vn 0.47371 -0.86580 0.16120
vn 0.11707 -0.64064 -0.75886
vn 0.57383 -0.81874 -0.01956
vn 0.38519 -0.84961 0.36027
vn 0.56908 -0.66615 -0.48207
vn 0.66646 -0.71002 -0.22738
vn 0.63808 -0.76921 -0.03417
vn 0.30702 -0.94299 -0.12847
vn 0.18092 -0.90625 -0.38207
vn 0.49192 -0.82235 0.28592
vn 0.54190 -0.80716 0.23416
vn 0.37660 -0.92552 -0.03993
vn 0.24209 -0.94813 0.20600
vn 0.03915 -0.85003 -0.52527
vn 0.34877 -0.65270 0.67256
vn 0.55333 -0.82873 0.08386
vn -0.01397 0.99990 -0.00000
vn -0.01397 0.99990 0.00000
vn -0.01172 0.99978 0.01756
vn -0.00551 0.99993 0.01008
vn -0.02159 0.99948 0.02402
vn -0.03236 0.99933 -0.01687
vn -0.00715 0.99753 0.06985
vn 0.10609 0.99065 0.08575
vn 0.10209 0.99374 0.04536
vn 0.13722 0.94543 -0.29552
vn 0.22217 0.93163 -0.28759
vn 0.23641 0.86114 -0.45005
vn 0.43289 0.83683 -0.33514
vn 0.22661 0.82225 -0.52206
vn 0.53740 0.76075 -0.36396
vn 0.64656 0.76286 -0.00141
vn 0.47347 0.87688 -0.08312
vn 0.22687 0.91491 -0.33388
vn 0.03651 0.51808 -0.85455
vn 0.86985 0.43068 -0.24058
vn 0.91235 0.40805 0.03332
vn 0.94111 0.33242 -0.06172
vn 0.68209 0.68283 -0.26172
vn -0.03278 0.09383 -0.99505
vn 0.35341 -0.52576 -0.77374
vn 0.09206 -0.15400 -0.98377
vn 0.84172 -0.04067 -0.53838
vn 0.57272 0.05088 -0.81817
vn 0.66460 0.44181 -0.60258
vn 0.27771 0.30628 -0.91053
vn -0.33194 -0.01413 -0.94319
vn -0.22274 0.70367 -0.67471
vn -0.22726 0.16129 -0.96038
vn 0.17330 -0.98487 -0.00000
vn 0.17326 -0.98488 -0.00001
vn 0.18160 -0.98273 -0.03564
vn 0.22366 -0.96878 -0.10699
vn 0.23873 -0.97046 0.03481
vn 0.38189 -0.04452 0.92313
vn -0.02490 0.99772 -0.06274
vn -0.09007 0.99563 -0.02474
vn -0.06923 0.99711 -0.03143
vn -0.02117 0.99937 -0.02847
vn 0.04057 0.99906 0.01555
vn 0.01524 0.99879 0.04680
vn 0.02142 0.99023 0.13781
vn 0.03399 0.99630 -0.07890
vn 0.05572 0.99727 -0.04851
vn 0.07848 0.98907 -0.12485
vn 0.06398 0.98131 -0.18147
vn 0.05311 0.94006 -0.33686
vn 0.20115 0.13640 0.97002
vn 0.43236 0.29124 0.85337
vn 0.09558 -0.00418 -0.99541
vn 0.33729 0.17057 0.92582
vn 0.34454 0.20151 0.91689
vn 0.31978 -0.16834 -0.93242
vn 0.42058 0.26025 0.86913
vn 0.31092 0.11933 0.94291
vn 0.15681 -0.36254 -0.91868
vn 0.32903 0.01416 0.94421
vn -0.31731 0.38414 -0.86704
vn 0.30678 -0.04663 0.95064
vn -0.44155 0.03248 -0.89665
vn 0.21501 -0.02155 0.97637
vn -0.16718 0.07878 -0.98277
vn 0.14235 -0.39265 0.90860
vn 0.25893 -0.36073 0.89601
vn 0.59527 -0.57308 -0.56324
vn 0.53812 -0.66377 -0.51946
vn 0.18008 -0.36410 0.91379
vn 0.10229 -0.20019 0.97440
vn 0.48975 -0.36645 -0.79111
vn 0.77201 0.00907 -0.63554
vn 0.80286 -0.25032 -0.54107
vn 0.09713 -0.18527 0.97787
vn 0.22763 -0.60906 -0.75976
vn 0.64080 -0.69778 -0.32011
vn 0.49814 -0.71845 -0.48547
vn 0.40543 -0.59563 0.69343
vn 0.34713 -0.61475 0.70823
vn 0.89819 -0.33281 -0.28722
vn 0.57843 -0.49869 -0.64555
vn 0.88141 -0.38054 -0.27983
vn 0.68982 -0.50918 0.51467
vn 0.59218 -0.57638 0.56313
vn 0.67375 -0.30234 0.67428
vn 0.89760 -0.39512 -0.19541
vn 0.87816 -0.26866 -0.39579
vn 0.88771 -0.16690 -0.42908
vn 0.85929 -0.18690 -0.47612
vn 0.83850 0.08430 0.53834
vn 0.74341 0.14698 0.65249
vn 0.95704 0.16014 -0.24171
vn 0.93936 -0.21447 -0.26759
vn 0.73257 -0.49360 -0.46872
vn 0.67060 -0.45096 -0.58901
vn 0.61978 -0.50871 0.59757
vn 0.55391 -0.63478 0.53874
vn 0.68637 -0.59262 0.42153
vn 0.78865 -0.56248 0.24826
vn 0.69143 -0.66114 -0.29124
vn 0.81075 -0.58368 -0.04475
vn 0.95252 -0.26376 0.15212
vn 0.86380 -0.25102 0.43684
vn 0.90253 -0.21513 -0.37303
vn 0.90804 -0.40581 -0.10386
vn 0.97598 -0.18559 -0.11413
vn 0.90308 0.08545 -0.42089
vn 0.63294 -0.01971 -0.77395
vn 0.75599 -0.56421 0.33187
vn 0.64251 -0.57842 0.50261
vn 0.64361 -0.75383 -0.13233
vn 0.79585 -0.42990 0.42640
vn 0.93853 -0.34518 -0.00177
vn 0.82644 -0.39547 0.40075
vn 0.84674 -0.51297 -0.14103
vn 0.89273 -0.43612 -0.11331
vn 0.93179 -0.36215 -0.02498
vn 0.77067 -0.49557 -0.40060
vn 0.92492 -0.36710 0.09882
vn 0.88186 -0.47149 -0.00469
vn 0.68369 -0.66558 0.29928
vn 0.84135 -0.47726 -0.25369
vn 0.97773 0.06290 0.20024
vn 0.93158 -0.17499 -0.31865
vn 0.91812 -0.33004 -0.21938
vn 0.87166 -0.25778 -0.41683
vn 0.76262 -0.62943 0.14910
vn 0.74131 -0.37694 0.55532
vn 0.66312 -0.74330 -0.08817
vn 0.83137 -0.55443 0.03778
vn 0.96675 -0.24332 -0.07867
vn 0.97922 -0.19765 0.04537
vn 0.92564 -0.27258 -0.26248
vn 0.84912 -0.51020 -0.13669
vn 0.87442 -0.45002 -0.18131
vn 0.90161 -0.42678 -0.07043
vn 0.78557 -0.60781 0.11598
vn 0.72802 -0.67337 0.12866
vn 0.69184 -0.70015 0.17650
vn 0.74508 -0.52039 -0.41720
vn 0.84977 -0.47529 -0.22801
vn 0.79954 -0.54698 -0.24809
vn 0.78277 -0.59480 0.18298
vn 0.72839 -0.61043 0.31117
vn 0.78025 -0.57566 0.24461
vn 0.84416 -0.48402 0.23049
vn 0.45295 -0.27427 -0.84830
vn 0.58651 -0.60651 -0.53680
vn -0.01265 0.99992 -0.00000
vn -0.01265 0.99992 0.00000
vn -0.00851 0.99992 0.00984
vn 0.00096 0.99991 0.01374
vn 0.01113 0.99989 -0.00994
vn 0.05264 0.99853 0.01324
vn 0.05321 0.99803 0.03331
vn 0.07228 0.99620 0.04858
vn 0.12412 0.99204 -0.02131
vn 0.23935 0.90817 -0.34342
vn 0.51077 0.57496 -0.63917
vn 0.53509 0.83539 -0.12571
vn 0.10847 0.93792 -0.32946
vn 0.46020 0.73461 -0.49856
vn 0.70830 0.29968 -0.63915
vn -0.16283 0.43148 -0.88731
vn 0.49946 0.59530 -0.62941
vn 0.93529 0.35365 0.01281
vn 0.86462 0.49826 -0.06450
vn 0.96496 0.24658 -0.08976
vn 0.70402 0.29645 -0.64535
vn 0.21670 0.73420 -0.64342
vn 0.67213 0.66005 -0.33553
vn 0.89775 -0.17107 -0.40593
vn 0.94680 -0.20595 -0.24729
vn 0.65301 0.09553 -0.75130
vn 0.66415 0.63626 -0.39253
vn 0.42729 0.76281 -0.48534
vn 0.72020 -0.12900 -0.68167
vn 0.38965 0.19719 -0.89961
vn 0.31184 0.88898 -0.33537
vn -0.35326 0.54544 -0.76007
vn -0.70798 0.52361 -0.47391
vn -0.62587 0.39726 -0.67117
vn -0.76438 0.43973 -0.47155
vn -0.36150 0.65330 -0.66522
vn -0.78965 0.23139 -0.56825
vn -0.58588 0.23786 -0.77471
vn 0.32868 -0.94444 -0.00000
vn 0.32878 -0.94441 -0.00001
vn 0.32991 -0.94103 -0.07492
vn 0.26982 -0.95943 0.08176
vn -0.12905 -0.96890 0.21114
vn 0.31178 -0.94974 -0.02811
vn 0.97925 -0.08611 0.18347
vn 0.66676 0.00269 0.74527
vn -0.03618 0.99931 0.00799
vn -0.01838 0.99960 -0.02143
vn -0.02391 0.99836 -0.05197
vn -0.01869 0.99743 -0.06917
vn -0.05960 0.99800 -0.02113
vn -0.00335 0.99867 0.05145
vn 0.12206 0.99248 0.00920
vn 0.12750 0.99084 -0.04453
vn 0.08569 0.99554 -0.03943
vn 0.05976 0.98997 -0.12802
vn -0.01413 0.99336 -0.11414
vn -0.02079 0.94420 -0.32873
vn 0.62187 0.25512 0.74040
vn 0.78156 0.56946 0.25471
vn 0.69363 0.25412 0.67402
vn -0.00430 -0.20652 -0.97843
vn 0.73847 0.31805 0.59457
vn 0.82371 0.18010 0.53766
vn -0.40781 -0.17919 -0.89531
vn 0.45982 0.20536 0.86394
vn 0.30617 0.08936 0.94777
vn 0.79669 0.46618 0.38466
vn -0.39091 0.23713 -0.88936
vn 0.42534 0.20055 0.88253
vn 0.46485 0.15823 0.87114
vn -0.59078 0.22681 -0.77429
vn -0.23937 0.07867 -0.96774
vn 0.40537 -0.05515 0.91249
vn 0.69752 -0.08567 0.71142
vn -0.37468 0.14026 -0.91648
vn -0.16578 0.09446 -0.98163
vn 0.44127 -0.02440 0.89704
vn 0.62655 -0.04352 0.77817
vn -0.34376 -0.39916 -0.85000
vn -0.14628 -0.06794 -0.98691
vn 0.42674 -0.22676 0.87549
vn 0.56587 -0.34299 0.74976
vn -0.75592 -0.49438 -0.42916
vn -0.14813 -0.68625 -0.71213
vn 0.71630 -0.32616 0.61687
vn 0.73229 -0.27029 0.62505
vn -0.20142 -0.52803 -0.82499
vn -0.78772 -0.36979 -0.49269
vn 0.68898 -0.19879 0.69699
vn 0.92627 -0.25788 0.27480
vn 0.96755 -0.21936 0.12537
vn 0.30788 -0.87113 -0.38254
vn 0.34312 -0.90664 -0.24551
vn -0.07755 -0.63581 -0.76794
vn 0.60434 -0.49438 0.62479
vn 0.89761 -0.34078 0.27959
vn 0.78176 -0.56520 0.26345
vn 0.91645 -0.24459 0.31669
vn 0.95852 -0.28291 0.03459
vn 0.69920 -0.62776 -0.34209
vn 0.73052 -0.65013 -0.20898
vn 0.41517 -0.66434 -0.62152
vn 0.64497 -0.70846 -0.28652
vn 0.67568 -0.68013 0.28439
vn 0.87151 -0.34241 0.35104
vn 0.83010 -0.37443 0.41319
vn 0.92850 -0.18586 0.32148
vn 0.72296 -0.62130 0.30218
vn 0.60414 -0.71843 -0.34479
vn 0.55443 -0.78139 -0.28642
vn 0.78459 -0.61430 0.08401
vn 0.78949 -0.61003 -0.06764
vn 0.56452 -0.82235 0.07112
vn 0.65204 -0.55825 -0.51304
vn 0.62264 -0.73296 -0.27401
vn 0.71235 -0.42279 -0.56018
vn 0.91466 -0.02240 0.40359
vn 0.91327 -0.24534 0.32519
vn 0.94572 -0.31545 -0.07812
vn 0.81104 -0.46258 0.35810
vn 0.81905 -0.54647 0.17472
vn 0.86483 -0.37825 -0.33014
vn 0.66227 -0.32800 0.67366
vn 0.77425 -0.46733 -0.42678
vn 0.92284 -0.35281 -0.15458
vn 0.91024 -0.29721 0.28831
vn 0.73249 -0.53003 -0.42723
vn 0.76953 -0.63083 -0.09941
vn 0.97462 -0.15481 -0.16173
vn 0.86827 -0.41142 -0.27722
vn 0.87800 -0.32664 0.34990
vn 0.93924 -0.27792 0.20145
vn 0.90358 -0.35303 0.24273
vn 0.91027 -0.39024 -0.13826
vn 0.75305 -0.14822 0.64106
vn 0.65209 -0.74500 -0.14055
vn 0.48810 -0.86334 0.12805
vn 0.82277 -0.53466 -0.19282
vn 0.92695 -0.35590 -0.11873
vn 0.66604 -0.54032 -0.51424
vn 0.75082 -0.61020 -0.25285
vn 0.83539 -0.53968 0.10429
vn 0.98888 -0.08910 0.11905
vn 0.98302 0.05225 -0.17589
vn 0.98838 -0.12115 -0.09181
vn 0.99092 0.02032 0.13287
vn 0.66627 -0.74078 -0.08558
vn 0.86094 -0.50766 0.03244
vn 0.53047 -0.82849 0.17944
vn 0.61301 -0.71532 0.33546
vn 0.69273 -0.71486 -0.09543
vn 0.47079 -0.88171 -0.03068
vn 0.53703 -0.83529 -0.11787
vn 0.44135 -0.74211 -0.50445
vn 0.93459 -0.33259 0.12623
vn 0.96623 -0.25057 -0.06018
vn 0.18989 0.98181 -0.00000
vn 0.18988 0.98181 0.00000
vn 0.19529 0.98075 -0.00001
vn 0.20655 0.97837 -0.01148
vn 0.21748 0.97594 0.01540
vn 0.19895 0.97896 -0.04532
vn 0.25923 0.96571 0.01444
vn 0.19944 0.97987 -0.00929
vn 0.34314 0.93314 -0.10721
vn 0.40741 0.76017 -0.50612
vn 0.30315 0.69729 -0.64953
vn 0.83898 0.26512 -0.47521
vn 0.88507 0.34514 -0.31231
vn 0.91025 0.41404 0.00378
vn 0.62933 0.36972 -0.68356
vn 0.80141 0.54659 -0.24285
vn 0.21305 0.64838 -0.73090
vn 0.63645 -0.12435 -0.76123
vn 0.96023 -0.04157 -0.27611
vn 0.76456 0.44624 -0.46511
vn 0.70321 0.06271 -0.70821
vn 0.81732 -0.13336 -0.56053
vn 0.99884 0.04807 0.00173
vn 0.97374 -0.21197 -0.08309
vn 0.78417 0.12991 -0.60679
vn 0.60458 0.50002 -0.62005
vn 0.89215 0.43583 0.11883
vn 0.82975 0.55809 0.00661
vn 0.46086 0.88733 0.01613
vn 0.30161 0.87732 -0.37328
vn -0.68515 0.54488 -0.48340
vn 0.84795 -0.51975 -0.10412
vn 0.69841 -0.71446 0.04201
vn 0.71442 0.60297 -0.35501
vn 0.76834 0.63960 0.02380
vn 0.98846 0.03579 -0.14716
vn 0.93603 0.33185 0.11718
vn 0.45492 0.31022 0.83475
vn -0.01460 0.63730 -0.77048
vn 0.19868 0.41042 -0.88999
vn 0.48181 -0.87627 -0.00000
vn 0.48142 -0.87649 0.00000
vn 0.42848 -0.90211 -0.05097
vn 0.44057 -0.89227 0.09875
vn 0.72627 -0.68737 -0.00688
vn 0.79582 -0.36573 -0.48261
vn 0.86258 -0.50526 0.02592
vn 0.32311 -0.61814 0.71660
vn 0.71174 0.64733 0.27275
vn 0.65538 0.68040 0.32792
vn -0.45788 0.38587 -0.80091
vn -0.17054 0.35630 -0.91868
vn 0.40981 -0.91217 -0.00000
vn 0.40963 -0.91225 -0.00000
vn 0.39565 -0.91536 -0.07471
vn 0.36843 -0.92455 0.09729
vn 0.49139 -0.78002 0.38743
vn 0.39605 -0.71921 -0.57086
vn 0.43633 -0.89836 0.05060
vn 0.40354 -0.23829 0.88339
vn 0.06551 0.99756 -0.02431
vn 0.06303 0.99663 -0.05243
vn 0.01956 0.99943 -0.02749
vn 0.02071 0.99954 -0.02205
vn 0.04749 0.99849 -0.02768
vn 0.04424 0.99895 -0.01180
vn 0.06132 0.99761 -0.03191
vn 0.05625 0.99836 -0.01058
vn -0.00460 0.99877 -0.04940
vn -0.01054 0.99176 -0.12769
vn 0.00840 0.94750 -0.31966
vn 0.72258 0.48263 0.49493
vn 0.20806 0.54791 0.81025
vn -0.01274 -0.23728 -0.97136
vn 0.42660 0.34969 0.83410
vn 0.54124 0.29124 0.78882
vn -0.18419 0.17352 -0.96745
vn -0.21411 0.20403 -0.95526
vn 0.72294 0.44286 0.53032
vn 0.24990 0.68897 0.68035
vn -0.53846 0.28418 -0.79328
vn -0.40039 0.21558 -0.89063
vn 0.67131 -0.06051 0.73870
vn 0.88704 -0.01214 0.46153
vn -0.33480 0.33150 -0.88205
vn -0.26213 -0.01279 -0.96495
vn 0.59772 -0.32302 0.73375
vn 0.60918 -0.22763 0.75966
vn 0.01226 0.02652 -0.99957
vn 0.86977 0.04231 0.49165
vn 0.87062 -0.01133 0.49183
vn 0.90704 -0.40496 0.11530
vn 0.90257 -0.40060 0.15774
vn -0.26463 -0.60137 -0.75388
vn -0.05949 -0.19048 -0.97989
vn 0.66597 -0.32383 0.67203
vn 0.79586 0.07225 0.60116
vn 0.84490 -0.53130 -0.06212
vn 0.70060 -0.67973 -0.21708
vn 0.98501 -0.04734 -0.16586
vn 0.97415 -0.14027 0.17707
vn -0.14287 -0.52412 -0.83958
vn -0.31450 -0.50756 -0.80217
vn 0.50693 -0.42176 0.75176
vn 0.67035 -0.65980 0.33955
vn 0.25091 -0.96631 -0.05733
vn 0.83177 -0.55512 0.00202
vn 0.73558 0.25400 0.62801
vn 0.52120 -0.79214 -0.31759
vn 0.43262 -0.80870 -0.39856
vn 0.04851 -0.80973 -0.58480
vn -0.07359 -0.72129 -0.68871
vn 0.96927 -0.10927 -0.22042
vn 0.95568 -0.10324 0.27573
vn 0.97227 -0.01121 0.23358
vn 0.89553 -0.37038 0.24667
vn 0.75228 -0.45829 0.47332
vn 0.82097 -0.32984 0.46607
vn 0.71422 -0.68423 -0.14740
vn 0.27602 -0.85678 -0.43560
vn 0.47505 -0.79501 -0.37721
vn 0.40212 -0.79211 -0.45920
vn 0.86336 -0.34860 0.36482
vn 0.92802 -0.33213 0.16871
vn 0.97440 -0.17055 0.14651
vn 0.93399 -0.06529 0.35128
vn 0.86417 -0.29375 0.40856
vn 0.55650 -0.63671 -0.53377
vn 0.81103 -0.57689 -0.09712
vn 0.79239 -0.56220 0.23674
vn 0.92667 -0.36725 -0.08011
vn 0.84854 -0.50519 -0.15736
vn 0.63870 -0.65860 -0.39788
vn 0.56194 -0.82706 0.01425
vn 0.27358 -0.83263 -0.48153
vn 0.77703 -0.15339 0.61049
vn 0.70775 -0.62211 0.33477
vn 0.95883 -0.22242 0.17654
vn 0.80937 -0.48676 0.32860
vn 0.60302 -0.64753 -0.46592
vn 0.76550 -0.43356 -0.47543
vn 0.86271 -0.50338 0.04847
vn 0.55137 -0.78689 -0.27711
vn 0.64832 -0.72922 0.21891
vn 0.82636 -0.54096 -0.15651
vn 0.72445 -0.51851 -0.45423
vn 0.67030 -0.59676 0.44110
vn 0.59909 -0.79455 0.09895
vn 0.67215 -0.48689 0.55780
vn 0.75343 -0.65017 0.09815
vn 0.60259 -0.78339 -0.15224
vn 0.43266 -0.88537 -0.17004
vn 0.46286 -0.77162 -0.43630
vn 0.62291 -0.66455 -0.41275
vn 0.79172 0.16878 0.58710
vn 0.97361 -0.13417 0.18460
vn 0.93728 -0.34712 0.03186
vn 0.88307 -0.42500 -0.19889
vn 0.87115 -0.46545 -0.15637
vn 0.55018 0.83504 -0.00000
vn 0.55039 0.83491 0.00000
vn 0.54306 0.83969 0.00343
vn 0.54979 0.83470 -0.03162
vn 0.60461 0.79648 -0.00837
vn 0.60136 0.79801 0.03939
vn 0.63515 0.77156 -0.03566
vn 0.65734 0.74844 -0.08804
vn 0.80025 0.57874 -0.15704
vn 0.82571 0.38812 -0.40936
vn 0.80071 0.59905 -0.00000
vn 0.80115 0.59846 0.00000
vn 0.82048 0.57150 0.01381
vn 0.85573 0.51199 -0.07481
vn 0.82153 0.56837 -0.04527
vn 0.72457 0.63987 0.25607
vn 0.50634 0.85148 -0.13635
vn 0.71820 0.65698 -0.22926
vn 0.50647 0.79255 -0.33963
vn 0.67633 0.46975 -0.56737
vn 0.57213 0.81740 0.06719
vn 0.75482 0.38562 -0.53060
vn 0.77946 0.49092 -0.38915
vn 0.62949 0.21686 -0.74613
vn 0.63301 0.76917 0.08766
vn 0.86214 0.47597 0.17368
vn 0.82163 0.31925 -0.47224
vn 0.70131 0.00809 -0.71281
vn 0.75558 -0.00144 -0.65505
vn 0.69520 -0.13450 -0.70613
vn 0.89129 -0.35148 -0.28646
vn 0.93565 -0.35054 -0.04105
vn 0.84032 -0.54191 0.01379
vn 0.53943 0.13843 -0.83058
vn 0.68856 0.21196 -0.69351
vn 0.85785 0.28790 -0.42567
vn 0.82876 -0.55961 -0.00000
vn 0.82801 -0.56071 0.00001
vn 0.82610 -0.56120 0.05115
vn 0.87164 -0.38168 -0.30751
vn 0.82409 -0.54746 -0.14544
vn 0.62907 -0.76782 0.12132
vn 0.33171 -0.86734 0.37106
vn 0.36714 -0.74679 0.55454
vn 0.25041 0.75900 -0.60101
vn 0.69345 0.68503 0.22328
vn 0.41488 0.82969 -0.37349
vn 0.69639 0.39858 -0.59681
vn 0.79244 0.60874 0.03829
vn 0.29241 0.17488 0.94017
vn 0.76139 0.61279 -0.21159
vn 0.40449 0.42004 -0.81237
vn 0.65032 -0.75966 -0.00000
vn 0.65077 -0.75927 0.00001
vn 0.62519 -0.78042 -0.00906
vn 0.67858 -0.73380 -0.03274
vn 0.86983 -0.42386 -0.25246
vn 0.97030 -0.13203 -0.20270
vn 0.32666 -0.79604 0.50952
vn 0.56729 -0.65074 0.50470
vn 0.09848 -0.35561 0.92943
vn -0.17554 0.97972 -0.09667
vn 0.11237 0.98391 0.13889
vn 0.81722 0.15098 -0.55620
vn 0.50343 0.86369 -0.02449
vn 0.77411 0.61907 -0.13231
vn 0.30928 0.16373 0.93677
vn 0.88934 0.43514 -0.14045
vn 0.37326 0.59965 -0.70788
vn 0.47705 -0.19858 0.85615
vn 0.01801 -0.08234 0.99644
vn 0.99848 0.05149 0.01987
vn 0.94882 0.31437 -0.03025
vn 0.91023 0.29937 -0.28610
vn 0.40071 0.17258 0.89980
vn 0.93732 0.32800 -0.11769
vn 0.82721 0.53040 -0.18547
vn 0.34543 0.93639 0.06201
vn 0.14439 0.98786 0.05736
vn 0.05388 0.99848 0.01174
vn 0.02501 0.99937 -0.02531
vn 0.02831 0.99938 -0.02073
vn 0.02154 0.99951 -0.02290
vn 0.01000 0.99990 0.01009
vn 0.01098 0.99932 -0.03513
vn -0.00703 0.99483 -0.10127
vn -0.02773 0.94990 -0.31133
vn 0.58816 0.44565 0.67488
vn 0.28727 0.22284 0.93157
vn -0.16694 -0.08013 -0.98271
vn 0.59102 0.54931 0.59072
vn 0.63255 0.27307 0.72478
vn 0.36253 0.17852 0.91472
vn -0.19847 0.35657 -0.91295
vn -0.10439 0.25639 -0.96092
vn 0.74269 0.23504 0.62703
vn 0.83822 0.30353 0.45304
vn -0.09919 0.23315 -0.96737
vn 0.68444 -0.15998 0.71130
vn 0.77811 -0.36659 0.51005
vn 0.78256 -0.52405 0.33611
vn 0.80331 -0.54480 -0.24060
vn 0.79585 -0.55327 -0.24601
vn -0.12721 0.09638 -0.98718
vn 0.81801 0.17824 0.54689
vn 0.97451 -0.05722 0.21694
vn 0.93678 -0.01426 0.34962
vn 0.95602 -0.15237 -0.25061
vn 0.85094 -0.52450 -0.02835
vn 0.97307 -0.22594 0.04562
vn -0.30750 -0.01646 -0.95141
vn 0.67248 -0.47414 0.56830
vn 0.82766 -0.46772 0.31018
vn 0.76167 -0.64682 0.03862
vn 0.70073 -0.68573 -0.19685
vn 0.80795 -0.51985 0.27744
vn 0.82026 0.09737 0.56364
vn 0.05481 -0.52289 -0.85064
vn -0.10265 -0.48672 -0.86750
vn 0.87972 0.29970 0.36916
vn 0.96422 0.23955 0.11358
vn 0.96790 -0.18466 -0.17051
vn 0.98132 -0.05678 -0.18379
vn 0.79109 0.31746 0.52287
vn 0.80170 0.39471 0.44887
vn 0.23161 -0.78897 -0.56910
vn 0.12153 -0.68210 -0.72109
vn 0.75810 0.17684 0.62770
vn 0.80818 0.09946 0.58048
vn 0.85866 0.03616 0.51127
vn 0.86999 -0.34491 -0.35235
vn 0.90580 -0.38782 -0.17065
vn 0.87768 -0.47400 0.07077
vn 0.62782 -0.77396 -0.08261
vn 0.68244 -0.67693 0.27574
vn 0.46826 -0.84260 -0.26600
vn 0.33694 -0.88201 -0.32942
vn 0.20236 -0.93910 -0.27776
vn 0.14290 -0.91734 -0.37159
vn 0.08204 -0.76436 -0.63955
vn 0.82786 -0.45671 0.32568
vn 0.67632 -0.51834 0.52336
vn 0.54729 -0.60119 0.58227
vn 0.92463 -0.22314 -0.30865
vn 0.87714 -0.28930 -0.38332
vn 0.84644 -0.50171 -0.17839
vn 0.85123 -0.49375 -0.17784
vn 0.81802 -0.53788 -0.20381
vn 0.79000 -0.52241 0.32092
vn 0.79885 -0.60149 0.00686
vn 0.61489 -0.74788 -0.25016
vn 0.60896 -0.77991 -0.14457
vn 0.48487 -0.70114 -0.52279
vn 0.68045 -0.31212 0.66300
vn 0.43467 -0.47726 0.76373
vn 0.84107 -0.34016 -0.42060
vn 0.63609 -0.49528 -0.59168
vn 0.79950 -0.52720 -0.28784
vn 0.95749 -0.28271 0.05735
vn 0.94554 -0.30877 -0.10306
vn 0.76190 -0.64561 0.05191
vn 0.71217 -0.65372 -0.25585
vn 0.55411 -0.82236 -0.12917
vn 0.71966 -0.48938 0.49254
vn 0.43956 -0.65197 0.61784
vn 0.28016 -0.79313 0.54079
vn 0.62882 -0.72928 -0.26969
vn 0.53049 -0.80683 -0.26000
vn 0.51926 -0.81594 -0.25420
vn 0.52914 -0.57146 -0.62725
vn 0.72190 -0.43115 0.54127
vn 0.48119 -0.74127 0.46794
vn 0.43440 -0.84489 -0.31218
vn 0.72309 -0.67758 -0.13427
vn 0.70514 -0.59952 -0.37862
vn 0.92418 0.38196 -0.00000
vn 0.92423 0.38185 -0.00000
vn 0.94274 0.33040 -0.04568
vn 0.95581 0.29188 -0.03506
vn 0.90207 0.42373 -0.08203
vn 0.80849 0.37458 0.45392
vn 0.79474 0.58827 -0.14942
vn 0.88771 0.44153 -0.13050
vn 0.88792 0.45672 -0.05475
vn 0.98307 0.18321 -0.00000
vn 0.98303 0.18343 -0.00001
vn 0.98594 0.13624 -0.09673
vn 0.95531 0.28615 0.07420
vn 0.93466 0.35167 -0.05229
vn 0.81003 0.46524 0.35694
vn 0.85509 0.50291 -0.12612
vn 0.34155 0.93196 -0.12166
vn 0.77653 0.34081 -0.52996
vn 0.87398 0.26658 -0.40632
vn 0.99835 0.05742 -0.00000
vn 0.99835 0.05745 -0.00001
vn 0.98556 0.06384 -0.15684
vn 0.99151 -0.05008 0.11998
vn 0.96095 0.10102 0.25763
vn 0.98513 0.10420 0.13662
vn 0.88815 -0.44691 0.10706
vn 0.83929 -0.53847 0.07512
vn 0.52633 0.76056 -0.38016
vn 0.84312 0.46997 -0.26131
vn 0.98617 0.09947 -0.13260
vn 0.99553 -0.09446 -0.00000
vn 0.99553 -0.09448 -0.00000
vn 0.99692 -0.05334 -0.05743
vn 0.98367 -0.02950 -0.17753
vn 0.90318 -0.27342 0.33090
vn 0.91342 -0.40491 -0.04135
vn 0.94021 -0.14432 0.30850
vn 0.99021 0.06624 -0.12287
vn 0.98040 -0.12725 0.15044
vn 0.93126 0.02212 -0.36368
vn 0.93535 0.15250 -0.31917
vn 0.98410 -0.17762 -0.00000
vn 0.98410 -0.17761 0.00000
vn 0.99120 -0.13236 0.00199
vn 0.96347 -0.14179 -0.22721
vn 0.95130 -0.30419 0.04994
vn 0.84032 -0.52552 0.13302
vn 0.81784 -0.48255 0.31349
vn 0.99846 0.04442 0.03334
vn 0.98590 -0.04499 0.16116
vn 0.95202 0.19835 -0.23304
vn 0.82045 0.24084 -0.51852
vn 0.53929 0.16819 -0.82515
vn 0.93384 -0.35769 -0.00000
vn 0.93321 -0.35932 0.00001
vn 0.93892 -0.34333 0.02361
vn 0.92474 -0.31307 -0.21644
vn 0.80563 -0.50378 0.31171
vn 0.88120 -0.36025 0.30612
vn 0.82274 -0.31630 0.47229
vn 0.91239 0.02935 0.40827
vn 0.82022 0.23654 -0.52085
vn 0.94041 0.27517 -0.19977
vn 0.45194 0.46013 -0.76422
vn 0.24477 -0.63233 0.73501
vn 0.87990 -0.13588 0.45531
vn 0.92126 0.30665 -0.23925
vn 0.84798 0.51403 0.12921
vn 0.79218 0.59577 -0.13234
vn 0.70451 0.59068 -0.39340
vn 0.86307 -0.25582 -0.43551
vn 0.51571 0.20323 0.83231
vn 0.95768 0.11756 -0.26273
vn 0.62817 0.00751 -0.77804
vn 0.86805 0.49327 0.05632
vn 0.98955 0.14415 0.00185
vn 0.89074 0.44502 -0.09244
vn 0.75793 0.40986 0.50751
vn 0.94676 0.30994 -0.08710
vn 0.92160 0.38003 0.07892
vn 0.41220 0.88415 0.21993
vn 0.18856 0.94486 0.26773
vn 0.05907 0.99701 0.04985
vn 0.05009 0.99874 -0.00391
vn 0.03555 0.99928 -0.01351
vn 0.03666 0.99909 -0.02189
vn 0.03273 0.99946 0.00364
vn 0.01306 0.99984 -0.01208
vn 0.00044 0.99505 -0.09940
vn -0.01370 0.95289 -0.30301
vn 0.25441 0.07859 0.96390
vn 0.96926 -0.01931 -0.24530
vn 0.99881 0.00053 0.04881
vn 0.96342 -0.20981 -0.16676
vn 0.99633 -0.07406 -0.04287
vn 0.88585 0.32333 -0.33277
vn 0.91754 0.39765 -0.00159
vn 0.97661 0.19761 0.08476
vn 0.84354 0.18561 -0.50397
vn 0.97882 0.20319 -0.02514
vn 0.88065 0.43091 0.19689
vn 0.66901 0.49759 0.55211
vn 0.23133 0.84958 0.47403
vn -0.16384 0.52927 -0.83248
vn -0.16384 0.27324 -0.94789
vn 0.52797 0.06196 0.84700
vn 0.46633 -0.09766 0.87920
vn 0.97336 0.12487 -0.19231
vn 0.97959 0.18982 0.06612
vn 0.78049 0.21608 -0.58664
vn 0.90935 0.32673 0.25755
vn 0.90450 0.31903 -0.28302
vn 0.81891 0.57130 0.05486
vn 0.92185 0.13286 -0.36406
vn 0.81207 0.10353 0.57430
vn 0.95550 0.28291 0.08359
vn 0.93224 0.19533 0.30457
vn 0.74681 0.34782 0.56683
vn -0.19528 0.24521 -0.94960
vn -0.17865 0.16632 -0.96975
vn 0.64310 0.26132 0.71981
vn 0.87550 -0.04915 0.48071
vn 0.86194 -0.46555 0.20081
vn 0.86828 -0.41300 -0.27481
vn 0.97573 -0.12592 0.17914
vn 0.91676 0.33131 0.22312
vn 0.78031 -0.29162 -0.55323
vn 0.62282 -0.08592 -0.77763
vn 0.23326 -0.01313 0.97233
vn 0.99722 -0.05738 -0.04750
vn 0.87487 0.06715 0.47967
vn -0.15428 0.09889 -0.98307
vn 0.77224 0.05094 0.63328
vn 0.75014 -0.65340 0.10173
vn 0.78386 -0.62093 -0.00375
vn 0.85359 -0.52008 -0.03006
vn 0.57464 -0.68328 0.45047
vn 0.40099 -0.53287 0.74515
vn 0.85351 0.22001 -0.47235
vn 0.84947 0.21485 -0.48191
vn 0.30530 0.04090 0.95138
vn 0.99288 -0.08584 -0.08255
vn 0.83925 -0.16952 0.51665
vn 0.03907 0.06875 -0.99687
vn 0.95972 -0.27050 0.07599
vn 0.94963 -0.30258 -0.08150
vn 0.86197 -0.50693 0.00502
vn 0.82742 -0.01480 0.56139
vn 0.24190 -0.14975 0.95868
vn 0.99481 0.07747 0.06596
vn 0.57263 -0.00804 -0.81977
vn 0.96148 -0.11599 -0.24922
vn 0.63357 -0.45561 0.62530
vn 0.44627 -0.32304 0.83456
vn 0.21542 -0.11561 -0.96965
vn 0.59541 0.11465 0.79520
vn 0.41136 0.06742 0.90898
vn 0.97227 0.23106 0.03623
vn 0.96913 0.21734 -0.11639
vn 0.93892 0.09738 -0.33008
vn 0.97830 0.09539 0.18391
vn 0.65642 -0.15208 0.73890
vn 0.07295 -0.61322 -0.78653
vn 0.13687 -0.36817 -0.91963
vn 0.69355 0.32163 0.64463
vn 0.45150 0.27674 0.84827
vn 0.89309 -0.40763 -0.19036
vn 0.70821 -0.69519 -0.12304
vn 0.30545 -0.24055 -0.92132
vn 0.97172 -0.17486 -0.15867
vn 0.99122 -0.11932 -0.05700
vn 0.69766 -0.50633 0.50686
vn 0.61936 -0.60854 0.49606
vn 0.21395 -0.85280 -0.47641
vn 0.11069 -0.70859 -0.69688
vn 0.72498 0.13027 0.67634
vn 0.78577 -0.25070 0.56544
vn 0.69609 -0.39141 -0.60188
vn 0.97100 0.01275 -0.23873
vn 0.81578 0.28067 -0.50570
vn 0.82743 -0.20933 0.52110
vn 0.93060 -0.29223 -0.22041
vn 0.90503 -0.39626 -0.15457
vn 0.88174 -0.42986 0.19432
vn 0.65454 -0.72716 0.20693
vn 0.61139 -0.76494 0.20266
vn 0.44331 -0.85992 0.25303
vn 0.40717 -0.91139 0.05981
vn 0.25070 -0.95533 -0.15648
vn 0.10601 -0.98297 -0.15008
vn 0.21003 -0.92583 -0.31421
vn 0.28325 -0.85127 -0.44171
vn 0.67192 -0.29510 0.67929
vn 0.91156 -0.27296 0.30751
vn 0.90800 -0.37650 -0.18380
vn 0.95719 -0.28243 -0.06343
vn 0.93000 -0.03777 -0.36560
vn 0.98357 -0.12506 -0.13021
vn 0.92948 -0.25588 -0.26570
vn 0.74125 -0.66266 0.10690
vn 0.64541 -0.75395 0.12246
vn 0.48333 -0.87527 -0.01721
vn 0.43332 -0.89056 -0.13837
vn 0.33948 -0.45844 0.82134
vn 0.43933 -0.55814 0.70389
vn 0.93682 -0.34666 -0.04688
vn 0.97207 0.15620 -0.17516
vn 0.98696 -0.15857 0.02776
vn 0.84649 -0.34343 -0.40684
vn 0.60555 -0.58971 0.53437
vn 0.84347 -0.21738 0.49122
vn 0.66766 -0.70841 -0.22889
vn 0.84186 -0.50031 -0.20236
vn 0.70026 -0.66510 -0.25936
vn 0.87007 0.29835 0.39238
vn 0.64054 0.72564 0.25130
vn 0.86972 0.45672 -0.18706
vn 0.41032 0.40077 -0.81916
vn 0.89063 0.23858 0.38711
vn 0.90908 -0.17407 0.37850
vn 0.71978 -0.69298 -0.04129
vn 0.60994 0.25393 -0.75066
vn 0.78668 0.38240 0.48466
vn 0.87272 0.38082 -0.30551
vn 0.89414 0.34528 0.28511
vn 0.78558 0.34465 -0.51388
vn 0.93933 -0.27814 0.20075
vn 0.92830 -0.29778 0.22268
vn 0.74825 0.47239 0.46581
vn 0.77143 0.02833 -0.63568
vn 0.06063 0.94468 0.32234
vn 0.01594 0.99551 0.09332
vn 0.01562 0.99987 -0.00267
vn 0.01204 0.99985 -0.01238
vn -0.00062 0.99998 -0.00573
vn -0.00749 0.99997 0.00194
vn -0.01289 0.99990 0.00568
vn -0.01227 0.99568 -0.09205
vn -0.01305 0.94925 -0.31425
vn 0.99658 0.03116 0.07658
vn 0.96946 -0.07357 -0.23397
vn 0.61733 -0.74770 0.24463
vn 0.83860 0.01140 -0.54462
vn 0.23446 0.43734 0.86820
vn 0.13129 0.78932 0.59978
vn -0.07291 0.62303 -0.77879
vn -0.09878 0.36756 -0.92474
vn 0.95312 -0.04434 0.29932
vn 0.98430 0.07886 -0.15791
vn 0.92497 0.27248 0.26495
vn 0.93643 0.15296 -0.31576
vn 0.85855 0.44449 0.25559
vn 0.86093 0.49843 -0.10185
vn 0.74469 0.64287 0.17931
vn 0.70886 0.26955 0.65182
vn 0.41808 0.32572 0.84801
vn -0.11257 0.21441 -0.97024
vn 0.97889 0.00901 0.20421
vn 0.97583 -0.12121 0.18185
vn 0.94483 -0.30827 -0.11079
vn 0.98124 -0.10836 0.15946
vn 0.97295 0.18270 0.14138
vn 0.98906 -0.14368 0.03332
vn 0.95289 -0.29708 -0.06114
vn 0.71573 0.12143 0.68774
vn 0.46124 0.09749 0.88190
vn -0.05656 0.06182 -0.99648
vn 0.81685 0.11325 0.56562
vn 0.96441 0.03733 -0.26175
vn 0.92563 0.35041 0.14291
vn 0.87362 0.36629 -0.32034
vn 0.73091 0.16770 -0.66155
vn 0.69243 -0.08069 0.71695
vn 0.47464 -0.06532 0.87775
vn -0.11196 -0.12567 -0.98573
vn 0.84436 -0.01550 0.53555
vn 0.93164 0.33942 0.12979
vn 0.89677 0.03900 -0.44078
vn 0.78726 0.06185 -0.61351
vn 0.52638 -0.31552 0.78954
vn 0.44086 -0.27709 0.85373
vn -0.05904 -0.12723 -0.99011
vn 0.81842 0.07302 0.56996
vn 0.92741 -0.06819 0.36777
vn 0.92009 0.12416 -0.37152
vn 0.93762 0.13072 -0.32216
vn 0.97600 0.21132 0.05262
vn 0.35033 -0.39318 0.85011
vn 0.34556 -0.56706 0.74769
vn 0.02145 -0.57125 -0.82050
vn 0.00974 -0.34007 -0.94035
vn 0.78212 0.23538 0.57697
vn 0.99443 0.03575 -0.09917
vn 0.77572 -0.60079 -0.19315
vn 0.97725 -0.13813 -0.16091
vn 0.99057 0.13212 0.03624
vn 0.45818 -0.58617 0.66818
vn 0.35859 -0.75335 0.55124
vn 0.21551 -0.88011 0.42304
vn -0.01278 -0.89948 -0.43677
vn 0.03165 -0.75581 -0.65402
vn 0.82688 -0.33356 0.45278
vn 0.88784 -0.23649 -0.39472
vn 0.79459 -0.07310 -0.60273
vn 0.47313 -0.84295 0.25609
vn 0.22070 -0.91423 0.33982
vn 0.12000 -0.95014 0.28782
vn 0.09248 -0.97513 0.20140
vn 0.08339 -0.99644 -0.01256
vn 0.06826 -0.98437 -0.16232
vn -0.00126 -0.92697 -0.37514
vn -0.04124 -0.91113 -0.41005
vn 0.73156 -0.52435 0.43576
vn 0.75873 -0.53112 0.37715
vn -0.01817 0.83393 0.55157
vn -0.03886 0.97938 0.19826
vn -0.04250 0.99902 -0.01268
vn -0.04143 0.99904 -0.01393
vn -0.04095 0.99916 -0.00000
vn -0.04144 0.99904 0.01393
vn -0.04251 0.99902 0.01268
vn -0.03887 0.97936 -0.19834
vn -0.01837 0.83581 -0.54871
vn 0.00053 0.38130 0.92445
vn -0.00296 0.60755 0.79428
vn -0.00292 0.60597 -0.79548
vn -0.00001 0.38055 -0.92476
vn 0.00209 0.18128 0.98343
vn -0.00001 0.18338 -0.98304
vn 0.00419 0.05710 0.99836
vn -0.00000 0.05743 -0.99835
vn 0.00521 -0.09387 0.99557
vn -0.00000 -0.09447 -0.99553
vn 0.00449 -0.17597 0.98439
vn 0.00000 -0.17763 -0.98410
vn 0.00321 -0.36660 0.93037
vn 0.00210 -0.56635 0.82416
vn 0.00000 -0.56005 -0.82846
vn 0.00000 -0.35836 -0.93358
vn 0.00072 -0.75721 0.65317
vn 0.00001 -0.87579 0.48270
vn -0.00000 -0.87635 -0.48167
vn 0.00000 -0.75948 -0.65054
vn 0.00001 -0.91166 0.41095
vn 0.00001 -0.94451 0.32847
vn 0.00000 -0.98488 0.17325
vn -0.00000 -1.00000 -0.00000
vn -0.00000 -0.98487 -0.17328
vn -0.00000 -0.94444 -0.32869
vn -0.00000 -0.91220 -0.40975
vn 0.00000 0.83504 0.55018
vn 0.00000 0.98181 0.18989
vn 0.00000 0.99992 -0.01265
vn 0.00000 0.99990 -0.01397
vn 0.00000 1.00000 -0.00000
vn 0.00000 0.99990 0.01397
vn 0.00000 0.99992 0.01265
vn 0.00000 0.98181 -0.18989
vn 0.00000 0.83504 -0.55018
vn 0.00000 0.38196 0.92418
vn 0.00000 0.59905 0.80071
vn 0.00000 0.59905 -0.80071
vn 0.00000 0.38196 -0.92418
vn 0.00000 0.18321 0.98307
vn 0.00000 0.18321 -0.98307
vn 0.00000 0.05742 0.99835
vn 0.00000 0.05742 -0.99835
vn 0.00000 -0.09446 0.99553
vn 0.00000 -0.09446 -0.99553
vn 0.00000 -0.17762 0.98410
vn 0.00000 -0.17762 -0.98410
vn 0.00000 -0.35769 0.93384
vn 0.00000 -0.55961 0.82876
vn 0.00000 -0.55961 -0.82876
vn 0.00000 -0.35769 -0.93384
vn 0.00000 -0.75966 0.65032
vn 0.00000 -0.87627 0.48181
vn 0.00000 -0.87627 -0.48181
vn 0.00000 -0.75966 -0.65032
vn 0.00000 -0.91217 0.40981
vn 0.00000 -0.94444 0.32868
vn 0.00000 -0.98487 0.17330
vn 0.00000 -1.00000 -0.00000
vn 0.00000 -0.98487 -0.17330
vn 0.00000 -0.94444 -0.32868
vn 0.00000 -0.91217 -0.40981
usemtl CaveRock
f 86/86/86 87/87/87 90/90/90
f 114/114/114 115/115/115 128/128/128
f 126/126/126 127/127/127 134/134/134
f 131/131/131 132/132/132 137/137/137
f 136/136/136 137/137/137 141/141/141
f 137/137/137 138/138/138 142/142/142
f 140/140/140 141/141/141 147/147/147
f 144/144/144 145/145/145 153/153/153
f 145/145/145 146/146/146 154/154/154
f 147/147/147 148/148/148 156/156/156
f 155/155/155 156/156/156 164/164/164
f 161/161/161 162/162/162 173/173/173
f 163/163/163 164/164/164 175/175/175
f 164/164/164 165/165/165 176/176/176
f 173/173/173 174/174/174 187/187/187
f 174/174/174 175/175/175 188/188/188
f 175/175/175 176/176/176 189/189/189
f 176/176/176 177/177/177 190/190/190
f 180/180/180 181/181/181 193/193/193
f 194/194/194 195/195/195 198/198/198
f 195/195/195 196/196/196 199/199/199
f 197/197/197 198/198/198 202/202/202
f 200/200/200 201/201/201 218/218/218
f 204/204/204 205/205/205 222/222/222
f 205/205/205 206/206/206 223/223/223
f 217/217/217 218/218/218 226/226/226
f 218/218/218 219/219/219 227/227/227
f 220/220/220 221/221/221 229/229/229
f 225/225/225 226/226/226 236/236/236
f 226/226/226 227/227/227 237/237/237
f 227/227/227 228/228/228 238/238/238
f 231/231/231 232/232/232 241/241/241
f 232/232/232 233/233/233 242/242/242
f 233/233/233 234/234/234 243/243/243
f 234/234/234 235/235/235 244/244/244
f 237/237/237 238/238/238 247/247/247
f 241/241/241 242/242/242 251/251/251
f 245/245/245 246/246/246 255/255/255
f 246/246/246 247/247/247 256/256/256
f 250/250/250 251/251/251 261/261/261
f 251/251/251 252/252/252 262/262/262
f 253/253/253 254/254/254 264/264/264
f 261/261/261 262/262/262 269/269/269
f 262/262/262 263/263/263 270/270/270
f 263/263/263 264/264/264 271/271/271
f 268/268/268 269/269/269 278/278/278
f 278/278/278 279/279/279 290/290/290
f 279/279/279 280/280/280 291/291/291
f 282/282/282 283/283/283 298/298/298
f 291/291/291 292/292/292 304/304/304
f 294/294/294 295/295/295 307/307/307
f 296/296/296 297/297/297 309/309/309
f 298/298/298 299/299/299 311/311/311
f 299/299/299 300/300/300 312/312/312
f 315/315/315 316/316/316 320/320/320
f 316/316/316 317/317/317 321/321/321
f 318/318/318 319/319/319 324/324/324
f 319/319/319 320/320/320 325/325/325
f 322/322/322 323/323/323 327/327/327
f 326/326/326 327/327/327 334/334/334
f 330/330/330 331/331/331 354/354/354
f 332/332/332 333/333/333 356/356/356
f 350/350/350 351/351/351 359/359/359
f 351/351/351 352/352/352 360/360/360
f 352/352/352 353/353/353 361/361/361
f 360/360/360 361/361/361 369/369/369
f 362/362/362 363/363/363 371/371/371
f 363/363/363 364/364/364 372/372/372
f 366/366/366 367/367/367 375/375/375
f 367/367/367 368/368/368 376/376/376
f 375/375/375 376/376/376 380/380/380
f 379/379/379 380/380/380 384/384/384
f 381/381/381 382/382/382 386/386/386
f 383/383/383 384/384/384 388/388/388
f 389/389/389 390/390/390 399/399/399
f 396/396/396 397/397/397 407/407/407
f 415/415/415 416/416/416 429/429/429
f 419/419/419 420/420/420 433/433/433
f 420/420/420 421/421/421 434/434/434
f 427/427/427 428/428/428 437/437/437
f 428/428/428 429/429/429 438/438/438
f 430/430/430 431/431/431 440/440/440
f 431/431/431 432/432/432 441/441/441
f 439/439/439 440/440/440 445/445/445
f 446/446/446 447/447/447 450/450/450
f 448/448/448 449/449/449 453/453/453
f 451/451/451 452/452/452 458/458/458
f 455/455/455 456/456/456 463/463/463
f 456/456/456 457/457/457 464/464/464
f 459/459/459 460/460/460 466/466/466
f 461/461/461 462/462/462 470/470/470
f 462/462/462 463/463/463 471/471/471
f 467/467/467 468/468/468 478/478/478
f 468/468/468 469/469/469 479/479/479
f 470/470/470 471/471/471 481/481/481
f 472/472/472 473/473/473 483/483/483
f 475/475/475 476/476/476 498/498/498
f 476/476/476 477/477/477 499/499/499
f 477/477/477 478/478/478 500/500/500
f 496/496/496 495/495/495 501/501/501
f 503/503/503 504/504/504 507/507/507
f 506/506/506 507/507/507 510/510/510
f 516/516/516 517/517/517 521/521/521
f 518/518/518 519/519/519 524/524/524
f 531/531/531 532/532/532 538/538/538
f 534/534/534 535/535/535 542/542/542
f 548/548/548 549/549/549 559/559/559
f 551/551/551 552/552/552 567/567/567
f 552/552/552 553/553/553 568/568/568
f 557/557/557 558/558/558 571/571/571
f 559/559/559 560/560/560 573/573/573
f 562/562/562 563/563/563 576/576/576
f 565/565/565 566/566/566 579/579/579
f 566/566/566 567/567/567 580/580/580
f 573/573/573 574/574/574 583/583/583
f 574/574/574 575/575/575 584/584/584
f 576/576/576 577/577/577 586/586/586
f 577/577/577 578/578/578 587/587/587
f 579/579/579 580/580/580 589/589/589
f 583/583/583 584/584/584 592/592/592
f 587/587/587 588/588/588 596/596/596
f 597/597/597 598/598/598 602/602/602
f 599/599/599 600/600/600 605/605/605
f 603/603/603 604/604/604 612/612/612
f 608/608/608 609/609/609 617/617/617
f 609/609/609 610/610/610 618/618/618
f 610/610/610 611/611/611 619/619/619
f 615/615/615 616/616/616 624/624/624
f 616/616/616 617/617/617 625/625/625
f 620/620/620 621/621/621 628/628/628
f 622/622/622 623/623/623 632/632/632
f 623/623/623 624/624/624 633/633/633
f 626/626/626 627/627/627 635/635/635
f 627/627/627 628/628/628 636/636/636
f 629/629/629 630/630/630 639/639/639
f 630/630/630 631/631/631 640/640/640
f 637/637/637 638/638/638 654/654/654
f 653/653/653 654/654/654 658/658/658
f 667/667/667 668/668/668 672/672/672
f 683/683/683 684/684/684 690/690/690
f 686/686/686 687/687/687 692/692/692
f 688/688/688 689/689/689 695/695/695
f 693/693/693 694/694/694 700/700/700
f 699/699/699 700/700/700 707/707/707
f 711/711/711 712/712/712 718/718/718
f 718/718/718 719/719/719 726/726/726
f 721/721/721 722/722/722 734/734/734
f 731/731/731 732/732/732 742/742/742
f 743/743/743 744/744/744 751/751/751
f 747/747/747 748/748/748 757/757/757
f 748/748/748 749/749/749 758/758/758
f 752/752/752 753/753/753 760/760/760
f 754/754/754 755/755/755 763/763/763
f 755/755/755 756/756/756 764/764/764
f 756/756/756 757/757/757 765/765/765
f 761/761/761 762/762/762 769/769/769
f 767/767/767 768/768/768 774/774/774
f 772/772/772 773/773/773 781/781/781
f 775/775/775 776/776/776 783/783/783
f 777/777/777 778/778/778 785/785/785
f 778/778/778 779/779/779 786/786/786
f 784/784/784 785/785/785 799/799/799
f 798/798/798 799/799/799 804/804/804
f 803/803/803 804/804/804 808/808/808
f 826/826/826 827/827/827 831/831/831
f 830/830/830 831/831/831 835/835/835
f 832/832/832 833/833/833 838/838/838
f 836/836/836 837/837/837 843/843/843
f 837/837/837 838/838/838 844/844/844
f 842/842/842 843/843/843 852/852/852
f 849/849/849 850/850/850 857/857/857
f 856/856/856 857/857/857 862/862/862
f 867/867/867 868/868/868 880/880/880
f 868/868/868 869/869/869 881/881/881
f 873/873/873 874/874/874 884/884/884
f 875/875/875 876/876/876 886/886/886
f 879/879/879 880/880/880 889/889/889
f 890/890/890 891/891/891 901/901/901
f 892/892/892 893/893/893 903/903/903
f 897/897/897 898/898/898 906/906/906
f 898/898/898 899/899/899 907/907/907
f 899/899/899 900/900/900 908/908/908
f 905/905/905 906/906/906 913/913/913
f 909/909/909 910/910/910 915/915/915
f 911/911/911 912/912/912 920/920/920
f 916/916/916 917/917/917 925/925/925
f 918/918/918 919/919/919 927/927/927
f 923/923/923 924/924/924 930/930/930
f 925/925/925 926/926/926 932/932/932
f 933/933/933 934/934/934 938/938/938
f 935/935/935 936/936/936 950/950/950
f 976/976/976 977/977/977 981/981/981
f 982/982/982 983/983/983 987/987/987
f 984/984/984 985/985/985 989/989/989
f 988/988/988 989/989/989 994/994/994
f 992/992/992 993/993/993 1001/1001/1001
f 998/998/998 999/999/999 1006/1006/1006
f 1005/1005/1005 1006/1006/1006 1012/1012/1012
f 1010/1010/1010 1011/1011/1011 1017/1017/1017
f 1022/1022/1022 1023/1023/1023 1035/1035/1035
f 1025/1025/1025 1026/1026/1026 1039/1039/1039
f 1032/1032/1032 1033/1033/1033 1042/1042/1042
f 1033/1033/1033 1034/1034/1034 1043/1043/1043
f 1034/1034/1034 1035/1035/1035 1044/1044/1044
f 1047/1047/1047 1048/1048/1048 1058/1058/1058
f 1060/1060/1060 1061/1061/1061 1066/1066/1066
f 1061/1061/1061 1062/1062/1062 1067/1067/1067
f 1064/1064/1064 1065/1065/1065 1071/1071/1071
f 1065/1065/1065 1066/1066/1066 1072/1072/1072
f 1078/1078/1078 1079/1079/1079 1083/1083/1083
f 1081/1081/1081 1080/1080/1080 1084/1084/1084
f 1098/1098/1098 1097/1097/1097 1100/1100/1100
f 1116/1116/1116 1117/1117/1117 1121/1121/1121
f 1122/1122/1122 1123/1123/1123 1127/1127/1127
f 1124/1124/1124 1125/1125/1125 1129/1129/1129
f 1134/1134/1134 1135/1135/1135 1142/1142/1142
f 1139/1139/1139 1140/1140/1140 1147/1147/1147
f 1140/1140/1140 1141/1141/1141 1148/1148/1148
f 1146/1146/1146 1147/1147/1147 1154/1154/1154
f 1152/1152/1152 1153/1153/1153 1160/1160/1160
f 1166/1166/1166 1167/1167/1167 1176/1176/1176
f 1169/1169/1169 1170/1170/1170 1182/1182/1182
f 1171/1171/1171 1172/1172/1172 1184/1184/1184
f 1185/1185/1185 1186/1186/1186 1192/1192/1192
f 1197/1197/1197 1196/1196/1196 1204/1204/1204
f 1200/1200/1200 1201/1201/1201 1209/1209/1209
f 1206/1206/1206 1207/1207/1207 1213/1213/1213
f 1211/1211/1211 1212/1212/1212 1216/1216/1216
f 1226/1226/1226 1227/1227/1227 1241/1241/1241
f 1240/1240/1240 1241/1241/1241 1244/1244/1244
f 1243/1243/1243 1244/1244/1244 1247/1247/1247
f 1256/1256/1256 1257/1257/1257 1260/1260/1260
f 1262/1262/1262 1263/1263/1263 1266/1266/1266
f 1267/1267/1267 1268/1268/1268 1272/1272/1272
f 1271/1271/1271 1272/1272/1272 1275/1275/1275
f 1278/1278/1278 1279/1279/1279 1284/1284/1284
f 1282/1282/1282 1283/1283/1283 1290/1290/1290
f 1288/1288/1288 1289/1289/1289 1297/1297/1297
f 1294/1294/1294 1295/1295/1295 1302/1302/1302
f 1325/1325/1325 1326/1326/1326 1333/1333/1333
f 1327/1327/1327 1328/1328/1328 1337/1337/1337
f 1339/1339/1339 1338/1338/1338 1342/1342/1342
f 1340/1340/1340 1341/1341/1341 1345/1345/1345
f 1348/1348/1348 1349/1349/1349 1354/1354/1354
f 1352/1352/1352 1353/1353/1353 1358/1358/1358
f 1356/1356/1356 1357/1357/1357 1361/1361/1361
f 1381/1381/1381 1382/1382/1382 1386/1386/1386
f 1383/1383/1383 1384/1384/1384 1388/1388/1388
f 1385/1385/1385 1386/1386/1386 1390/1390/1390
f 1387/1387/1387 1388/1388/1388 1392/1392/1392
f 1389/1389/1389 1390/1390/1390 1394/1394/1394
f 1391/1391/1391 1392/1392/1392 1396/1396/1396
f 1393/1393/1393 1394/1394/1394 1398/1398/1398
f 1408/1408/1408 1407/1407/1407 1411/1411/1411
f 1419/1419/1419 1420/1420/1420 1426/1426/1426
f 1423/1423/1423 1424/1424/1424 1431/1431/1431
f 1429/1429/1429 1430/1430/1430 1438/1438/1438
f 1445/1445/1445 1446/1446/1446 1451/1451/1451
f 1460/1460/1460 1461/1461/1461 1472/1472/1472
f 1461/1461/1461 1462/1462/1462 1473/1473/1473
f 1468/1468/1468 1469/1469/1469 1477/1477/1477
f 1474/1474/1474 1475/1475/1475 1479/1479/1479
f 1480/1480/1480 1481/1481/1481 1484/1484/1484
f 1495/1495/1495 1496/1496/1496 1510/1510/1510
f 1509/1509/1509 1510/1510/1510 1514/1514/1514
f 1511/1511/1511 1512/1512/1512 1516/1516/1516
f 1528/1528/1528 1527/1527/1527 1531/1531/1531
f 1529/1529/1529 1530/1530/1530 1534/1534/1534
f 1533/1533/1533 1534/1534/1534 1537/1537/1537
f 1549/1549/1549 1550/1550/1550 1554/1554/1554
f 1558/1558/1558 1559/1559/1559 1566/1566/1566
f 1590/1590/1590 1591/1591/1591 1603/1603/1603
f 1591/1591/1591 1592/1592/1592 1604/1604/1604
f 1610/1610/1610 1611/1611/1611 1616/1616/1616
f 1614/1614/1614 1615/1615/1615 1620/1620/1620
f 1619/1619/1619 1620/1620/1620 1625/1625/1625
f 1623/1623/1623 1624/1624/1624 1628/1628/1628
f 1655/1655/1655 1654/1654/1654 1657/1657/1657
f 1658/1658/1658 1657/1657/1657 1660/1660/1660
f 1675/1675/1675 1676/1676/1676 1681/1681/1681
f 1704/1704/1704 1705/1705/1705 1718/1718/1718
f 1705/1705/1705 1706/1706/1706 1719/1719/1719
f 1711/1711/1711 1712/1712/1712 1722/1722/1722
f 1714/1714/1714 1715/1715/1715 1727/1727/1727
f 1716/1716/1716 1717/1717/1717 1729/1729/1729
f 1717/1717/1717 1718/1718/1718 1730/1730/1730
f 1731/1731/1731 1732/1732/1732 1744/1744/1744
f 1733/1733/1733 1734/1734/1734 1746/1746/1746
f 1748/1748/1748 1747/1747/1747 1751/1751/1751
f 1753/1753/1753 1754/1754/1754 1759/1759/1759
f 1761/1761/1761 1760/1760/1760 1763/1763/1763
f 1764/1764/1764 1763/1763/1763 1767/1767/1767
f 1801/1801/1801 1802/1802/1802 1806/1806/1806
f 1822/1822/1822 1823/1823/1823 1827/1827/1827
f 1829/1829/1829 1830/1830/1830 1836/1836/1836
f 1870/1870/1870 1869/1869/1869 1874/1874/1874
f 1871/1871/1871 1872/1872/1872 1877/1877/1877
f 1879/1879/1879 1878/1878/1878 1883/1883/1883
f 1884/1884/1884 1883/1883/1883 1887/1887/1887
f 1894/1894/1894 1893/1893/1893 1896/1896/1896
f 1922/1922/1922 1921/1921/1921 1925/1925/1925
f 1929/1929/1929 1930/1930/1930 1933/1933/1933
f 1936/1936/1936 1937/1937/1937 1941/1941/1941
f 1955/1955/1955 1954/1954/1954 1958/1958/1958
f 1960/1960/1960 1959/1959/1959 1964/1964/1964
f 1966/1966/1966 1965/1965/1965 1969/1969/1969
f 1972/1972/1972 1971/1971/1971 1978/1978/1978
f 1975/1975/1975 1974/1974/1974 1982/1982/1982
f 1990/1990/1990 1991/1991/1991 2003/2003/2003
f 2005/2005/2005 2006/2006/2006 2010/2010/2010
f 2006/2006/2006 2007/2007/2007 2011/2011/2011
f 2009/2009/2009 2010/2010/2010 2015/2015/2015
f 2013/2013/2013 2014/2014/2014 2019/2019/2019
f 2017/2017/2017 2016/2016/2016 2020/2020/2020
f 2018/2018/2018 2019/2019/2019 2023/2023/2023
f 2028/2028/2028 2027/2027/2027 2031/2031/2031
f 2043/2043/2043 2042/2042/2042 2045/2045/2045
f 2055/2055/2055 2054/2054/2054 2057/2057/2057
f 2061/2061/2061 2060/2060/2060 2064/2064/2064
f 2085/2085/2085 2084/2084/2084 2087/2087/2087
f 2095/2095/2095 2096/2096/2096 2105/2105/2105
f 2101/2101/2101 2100/2100/2100 2109/2109/2109
f 2110/2110/2110 2109/2109/2109 2117/2117/2117
f 2144/2144/2144 2143/2143/2143 2147/2147/2147
f 2154/2154/2154 2155/2155/2155 2159/2159/2159
f 2164/2164/2164 2163/2163/2163 2166/2166/2166
f 2188/2188/2188 2187/2187/2187 2190/2190/2190
f 2194/2194/2194 2193/2193/2193 2196/2196/2196
f 2213/2213/2213 2214/2214/2214 2217/2217/2217
f 2236/2236/2236 2235/2235/2235 2244/2244/2244
f 2246/2246/2246 2245/2245/2245 2252/2252/2252
f 2272/2272/2272 2273/2273/2273 2290/2290/2290
f 2273/2273/2273 2274/2274/2274 2291/2291/2291
f 2283/2283/2283 2282/2282/2282 2292/2292/2292
f 2288/2288/2288 2289/2289/2289 2299/2299/2299
f 2289/2289/2289 2290/2290/2290 2300/2300/2300
f 2297/2297/2297 2298/2298/2298 2306/2306/2306
f 2302/2302/2302 2303/2303/2303 2309/2309/2309
f 2304/2304/2304 2305/2305/2305 2311/2311/2311
f 2308/2308/2308 2309/2309/2309 2314/2314/2314
f 2309/2309/2309 2310/2310/2310 2315/2315/2315
f 2310/2310/2310 2311/2311/2311 2316/2316/2316
f 2315/2315/2315 2316/2316/2316 2321/2321/2321
f 2324/2324/2324 2325/2325/2325 2329/2329/2329
f 2351/2351/2351 2350/2350/2350 2353/2353/2353
f 2356/2356/2356 2355/2355/2355 2359/2359/2359
f 2362/2362/2362 2361/2361/2361 2364/2364/2364
f 2367/2367/2367 2366/2366/2366 2370/2370/2370
f 2374/2374/2374 2373/2373/2373 2377/2377/2377
f 2389/2389/2389 2390/2390/2390 2399/2399/2399
f 2396/2396/2396 2395/2395/2395 2403/2403/2403
f 2397/2397/2397 2398/2398/2398 2407/2407/2407
f 2405/2405/2405 2404/2404/2404 2413/2413/2413
f 2407/2407/2407 2408/2408/2408 2417/2417/2417
f 2415/2415/2415 2416/2416/2416 2427/2427/2427
f 2418/2418/2418 2417/2417/2417 2428/2428/2428
f 2431/2431/2431 2432/2432/2432 2443/2443/2443
f 2439/2439/2439 2440/2440/2440 2457/2457/2457
f 2487/2487/2487 2486/2486/2486 2489/2489/2489
f 2490/2490/2490 2489/2489/2489 2492/2492/2492
f 2493/2493/2493 2492/2492/2492 2495/2495/2495
f 2499/2499/2499 2498/2498/2498 2502/2502/2502
f 2523/2523/2523 2524/2524/2524 2528/2528/2528
f 2546/2546/2546 2545/2545/2545 2559/2559/2559
f 2547/2547/2547 2548/2548/2548 2562/2562/2562
f 2553/2553/2553 2552/2552/2552 2563/2563/2563
f 2554/2554/2554 2553/2553/2553 2564/2564/2564
f 2590/2590/2590 2591/2591/2591 2593/2593/2593
f 2594/2594/2594 2595/2595/2595 2600/2600/2600
f 2596/2596/2596 2597/2597/2597 2602/2602/2602
f 2604/2604/2604 2603/2603/2603 2618/2618/2618
f 2633/2633/2633 2632/2632/2632 2636/2636/2636
f 2637/2637/2637 2636/2636/2636 2640/2640/2640
f 2663/2663/2663 2662/2662/2662 2666/2666/2666
f 2675/2675/2675 2674/2674/2674 2688/2688/2688
f 2678/2678/2678 2677/2677/2677 2691/2691/2691
f 2679/2679/2679 2678/2678/2678 2692/2692/2692
f 2720/2720/2720 2719/2719/2719 2721/2721/2721
f 2722/2722/2722 2721/2721/2721 2723/2723/2723
f 2751/2751/2751 2750/2750/2750 2753/2753/2753
f 2757/2757/2757 2756/2756/2756 2760/2760/2760
f 2759/2759/2759 2758/2758/2758 2762/2762/2762
f 2772/2772/2772 2771/2771/2771 2775/2775/2775
f 2780/2780/2780 2779/2779/2779 2783/2783/2783
f 2787/2787/2787 2786/2786/2786 2791/2791/2791
f 2788/2788/2788 2787/2787/2787 2792/2792/2792
f 2794/2794/2794 2793/2793/2793 2797/2797/2797
f 2800/2800/2800 2799/2799/2799 2806/2806/2806
f 2809/2809/2809 2808/2808/2808 2820/2820/2820
f 2827/2827/2827 2826/2826/2826 2836/2836/2836
f 2843/2843/2843 2842/2842/2842 2844/2844/2844
f 2850/2850/2850 2849/2849/2849 2851/2851/2851
f 2873/2873/2873 2872/2872/2872 2875/2875/2875
f 2876/2876/2876 2875/2875/2875 2878/2878/2878
f 2879/2879/2879 2878/2878/2878 2882/2882/2882
f 2887/2887/2887 2886/2886/2886 2889/2889/2889
f 2897/2897/2897 2896/2896/2896 2900/2900/2900
f 2921/2921/2921 2920/2920/2920 2926/2926/2926
f 2931/2931/2931 2930/2930/2930 2944/2944/2944
f 2952/2952/2952 2951/2951/2951 2961/2961/2961
f 2966/2966/2966 2965/2965/2965 2969/2969/2969
f 2968/2968/2968 2967/2967/2967 2971/2971/2971
f 2985/2985/2985 2984/2984/2984 3000/3000/3000
f 3007/3007/3007 3008/3008/3008 3011/3011/3011
f 3019/3019/3019 3018/3018/3018 3022/3022/3022
f 3031/3031/3031 3030/3030/3030 3034/3034/3034
f 3040/3040/3040 3039/3039/3039 3043/3043/3043
f 3046/3046/3046 3045/3045/3045 3049/3049/3049
f 3052/3052/3052 3051/3051/3051 3063/3063/3063
f 3055/3055/3055 3054/3054/3054 3070/3070/3070
f 3058/3058/3058 3057/3057/3057 3073/3073/3073
f 3065/3065/3065 3064/3064/3064 3076/3076/3076
f 3095/3095/3095 3094/3094/3094 3096/3096/3096
f 3098/3098/3098 3097/3097/3097 3102/3102/3102
f 3099/3099/3099 3098/3098/3098 3103/3103/3103
f 3101/3101/3101 3100/3100/3100 3105/3105/3105
f 3110/3110/3110 3109/3109/3109 3111/3111/3111
f 3150/3150/3150 3149/3149/3149 3153/3153/3153
f 3163/3163/3163 3162/3162/3162 3167/3167/3167
f 3169/3169/3169 3168/3168/3168 3174/3174/3174
f 3175/3175/3175 3174/3174/3174 3180/3180/3180
f 3182/3182/3182 3181/3181/3181 3193/3193/3193
f 3183/3183/3183 3182/3182/3182 3194/3194/3194
f 3187/3187/3187 3186/3186/3186 3204/3204/3204
f 3191/3191/3191 3190/3190/3190 3208/3208/3208
f 3192/3192/3192 3191/3191/3191 3209/3209/3209
f 3196/3196/3196 3195/3195/3195 3211/3211/3211
f 3197/3197/3197 3196/3196/3196 3212/3212/3212
f 3200/3200/3200 3199/3199/3199 3215/3215/3215
f 3201/3201/3201 3200/3200/3200 3216/3216/3216
f 3207/3207/3207 3206/3206/3206 3222/3222/3222
f 3208/3208/3208 3207/3207/3207 3223/3223/3223
f 3209/3209/3209 3208/3208/3208 3224/3224/3224
f 3214/3214/3214 3213/3213/3213 3227/3227/3227
f 3215/3215/3215 3214/3214/3214 3228/3228/3228
f 3217/3217/3217 3216/3216/3216 3230/3230/3230
f 3244/3244/3244 3243/3243/3243 3245/3245/3245
f 3247/3247/3247 3246/3246/3246 3248/3248/3248
f 3250/3250/3250 3249/3249/3249 3254/3254/3254
f 3252/3252/3252 3251/3251/3251 3256/3256/3256
f 3256/3256/3256 3255/3255/3255 3259/3259/3259
f 3261/3261/3261 3260/3260/3260 3262/3262/3262
f 3277/3277/3277 3276/3276/3276 3291/3291/3291
f 3303/3303/3303 3302/3302/3302 3306/3306/3306
f 3308/3308/3308 3309/3309/3309 3313/3313/3313
f 3311/3311/3311 3310/3310/3310 3314/3314/3314
f 3319/3319/3319 3318/3318/3318 3322/3322/3322
f 3324/3324/3324 3323/3323/3323 3329/3329/3329
f 3330/3330/3330 3329/3329/3329 3337/3337/3337
f 3331/3331/3331 3330/3330/3330 3338/3338/3338
f 3332/3332/3332 3331/3331/3331 3339/3339/3339
f 3339/3339/3339 3338/3338/3338 3350/3350/3350
f 3341/3341/3341 3340/3340/3340 3352/3352/3352
f 3344/3344/3344 3343/3343/3343 3358/3358/3358
f 3345/3345/3345 3344/3344/3344 3359/3359/3359
f 3346/3346/3346 3345/3345/3345 3360/3360/3360
f 3351/3351/3351 3350/3350/3350 3364/3364/3364
f 3352/3352/3352 3351/3351/3351 3365/3365/3365
f 3354/3354/3354 3353/3353/3353 3367/3367/3367
f 3358/3358/3358 3357/3357/3357 3374/3374/3374
f 3359/3359/3359 3358/3358/3358 3375/3375/3375
f 3367/3367/3367 3366/3366/3366 3380/3380/3380
f 3370/3370/3370 3369/3369/3369 3383/3383/3383
f 3400/3400/3400 3399/3399/3399 3401/3401/3401
f 3403/3403/3403 3402/3402/3402 3404/3404/3404
f 3406/3406/3406 3405/3405/3405 3407/3407/3407
f 3409/3409/3409 3408/3408/3408 3411/3411/3411
f 3411/3411/3411 3410/3410/3410 3414/3414/3414
f 3413/3413/3413 3412/3412/3412 3416/3416/3416
f 3416/3416/3416 3415/3415/3415 3423/3423/3423
f 3417/3417/3417 3416/3416/3416 3424/3424/3424
f 3418/3418/3418 3417/3417/3417 3425/3425/3425
f 3420/3420/3420 3419/3419/3419 3427/3427/3427
f 3422/3422/3422 3421/3421/3421 3435/3435/3435
f 3431/3431/3431 3430/3430/3430 3442/3442/3442
f 3432/3432/3432 3431/3431/3431 3443/3443/3443
f 3436/3436/3436 3435/3435/3435 3447/3447/3447
f 3437/3437/3437 3436/3436/3436 3448/3448/3448
f 3473/3473/3473 3472/3472/3472 3476/3476/3476
f 3477/3477/3477 3476/3476/3476 3479/3479/3479
f 3486/3486/3486 3485/3485/3485 3493/3493/3493
f 3488/3488/3488 3487/3487/3487 3495/3495/3495
f 3491/3491/3491 3492/3492/3492 3501/3501/3501
f 3495/3495/3495 3494/3494/3494 3502/3502/3502
f 3496/3496/3496 3495/3495/3495 3503/3503/3503
f 3497/3497/3497 3496/3496/3496 3504/3504/3504
f 3504/3504/3504 3503/3503/3503 3512/3512/3512
f 3507/3507/3507 3506/3506/3506 3515/3515/3515
f 3515/3515/3515 3514/3514/3514 3525/3525/3525
f 3516/3516/3516 3515/3515/3515 3526/3526/3526
f 3520/3520/3520 3519/3519/3519 3532/3532/3532
f 3521/3521/3521 3520/3520/3520 3533/3533/3533
f 3527/3527/3527 3526/3526/3526 3536/3536/3536
f 3528/3528/3528 3527/3527/3527 3537/3537/3537
f 3538/3538/3538 3537/3537/3537 3544/3544/3544
f 3539/3539/3539 3538/3538/3538 3545/3545/3545
f 3540/3540/3540 3539/3539/3539 3546/3546/3546
f 3550/3550/3550 3549/3549/3549 3559/3559/3559
f 3551/3551/3551 3550/3550/3550 3560/3560/3560
f 3552/3552/3552 3551/3551/3551 3561/3561/3561
f 3556/3556/3556 3555/3555/3555 3565/3565/3565
f 3557/3557/3557 3556/3556/3556 3566/3566/3566
f 3558/3558/3558 3557/3557/3557 3567/3567/3567
f 3568/3568/3568 3567/3567/3567 3570/3570/3570
f 3569/3569/3569 3568/3568/3568 3571/3571/3571
f 3572/3572/3572 3571/3571/3571 3574/3574/3574
f 3573/3573/3573 3572/3572/3572 3575/3575/3575
f 3576/3576/3576 3575/3575/3575 3577/3577/3577
f 3578/3578/3578 3577/3577/3577 3582/3582/3582
f 3581/3581/3581 3580/3580/3580 3589/3589/3589
f 3584/3584/3584 3583/3583/3583 3593/3593/3593
f 3586/3586/3586 3585/3585/3585 3601/3601/3601
f 3587/3587/3587 3586/3586/3586 3602/3602/3602
f 3589/3589/3589 3588/3588/3588 3604/3604/3604
f 3592/3592/3592 3591/3591/3591 3607/3607/3607
f 3594/3594/3594 3593/3593/3593 3610/3610/3610
f 3595/3595/3595 3594/3594/3594 3611/3611/3611
f 3600/3600/3600 3599/3599/3599 3616/3616/3616
f 3609/3609/3609 3608/3608/3608 3618/3618/3618
f 3613/3613/3613 3612/3612/3612 3620/3620/3620
f 3615/3615/3615 3614/3614/3614 3622/3622/3622
f 3617/3617/3617 3616/3616/3616 3624/3624/3624
f 3619/3619/3619 3618/3618/3618 3636/3636/3636
f 3645/3645/3645 3644/3644/3644 3647/3647/3647
f 3649/3649/3649 3648/3648/3648 3654/3654/3654
f 3654/3654/3654 3653/3653/3653 3660/3660/3660
f 3656/3656/3656 3655/3655/3655 3662/3662/3662
f 3661/3661/3661 3660/3660/3660 3668/3668/3668
f 3662/3662/3662 3661/3661/3661 3669/3669/3669
f 3663/3663/3663 3662/3662/3662 3670/3670/3670
f 3672/3672/3672 3671/3671/3671 3676/3676/3676
f 3673/3673/3673 3672/3672/3672 3677/3677/3677
f 3677/3677/3677 3676/3676/3676 3689/3689/3689
f 3678/3678/3678 3677/3677/3677 3690/3690/3690
f 3681/3681/3681 3680/3680/3680 3694/3694/3694
f 3682/3682/3682 3681/3681/3681 3695/3695/3695
f 3683/3683/3683 3682/3682/3682 3696/3696/3696
f 3698/3698/3698 3697/3697/3697 3709/3709/3709
f 3703/3703/3703 3702/3702/3702 3712/3712/3712
f 3714/3714/3714 3713/3713/3713 3719/3719/3719
f 3715/3715/3715 3714/3714/3714 3720/3720/3720
f 3716/3716/3716 3715/3715/3715 3721/3721/3721
f 3726/3726/3726 3725/3725/3725 3734/3734/3734
f 3727/3727/3727 3726/3726/3726 3735/3735/3735
f 3728/3728/3728 3727/3727/3727 3736/3736/3736
f 3729/3729/3729 3728/3728/3728 3737/3737/3737
f 3732/3732/3732 3731/3731/3731 3740/3740/3740
f 3737/3737/3737 3736/3736/3736 3746/3746/3746
f 3738/3738/3738 3737/3737/3737 3747/3747/3747
f 3742/3742/3742 3741/3741/3741 3751/3751/3751
f 3745/3745/3745 3744/3744/3744 3755/3755/3755
f 3749/3749/3749 3748/3748/3748 3759/3759/3759
f 3750/3750/3750 3749/3749/3749 3760/3760/3760
f 3753/3753/3753 3752/3752/3752 3763/3763/3763
f 3755/3755/3755 3754/3754/3754 3765/3765/3765
f 3756/3756/3756 3755/3755/3755 3766/3766/3766
f 3757/3757/3757 3756/3756/3756 3767/3767/3767
f 3759/3759/3759 3758/3758/3758 3769/3769/3769
f 3762/3762/3762 3761/3761/3761 3772/3772/3772
f 3764/3764/3764 3763/3763/3763 3774/3774/3774
f 3766/3766/3766 3765/3765/3765 3777/3777/3777
f 3767/3767/3767 3766/3766/3766 3778/3778/3778
f 3771/3771/3771 3770/3770/3770 3781/3781/3781
f 3772/3772/3772 3771/3771/3771 3782/3782/3782
f 3776/3776/3776 3775/3775/3775 3786/3786/3786
f 3784/3784/3784 3783/3783/3783 3788/3788/3788
f 3787/3787/3787 3786/3786/3786 3791/3791/3791
f 3794/3794/3794 3793/3793/3793 3797/3797/3797
f 3799/3799/3799 3798/3798/3798 3819/3819/3819
f 3800/3800/3800 3799/3799/3799 3820/3820/3820
f 3802/3802/3802 3801/3801/3801 3822/3822/3822
f 3803/3803/3803 3802/3802/3802 3823/3823/3823
f 3804/3804/3804 3803/3803/3803 3824/3824/3824
f 3816/3816/3816 3815/3815/3815 3831/3831/3831
f 3818/3818/3818 3817/3817/3817 3833/3833/3833
f 3820/3820/3820 3819/3819/3819 3835/3835/3835
f 3823/3823/3823 3822/3822/3822 3838/3838/3838
f 3824/3824/3824 3823/3823/3823 3839/3839/3839
f 3839/3839/3839 3838/3838/3838 3852/3852/3852
f 3845/3845/3845 3844/3844/3844 3856/3856/3856
f 3846/3846/3846 3845/3845/3845 3857/3857/3857
f 3847/3847/3847 3846/3846/3846 3858/3858/3858
f 3851/3851/3851 3850/3850/3850 3862/3862/3862
f 3858/3858/3858 3857/3857/3857 3868/3868/3868
f 3861/3861/3861 3860/3860/3860 3871/3871/3871
f 3864/3864/3864 3863/3863/3863 3873/3873/3873
f 3865/3865/3865 3864/3864/3864 3874/3874/3874
f 3866/3866/3866 3865/3865/3865 3875/3875/3875
f 3872/3872/3872 3871/3871/3871 3879/3879/3879
f 3874/3874/3874 3873/3873/3873 3881/3881/3881
f 3877/3877/3877 3876/3876/3876 3884/3884/3884
f 3880/3880/3880 3879/3879/3879 3888/3888/3888
f 3883/3883/3883 3882/3882/3882 3892/3892/3892
f 3885/3885/3885 3884/3884/3884 3894/3894/3894
f 3889/3889/3889 3888/3888/3888 3899/3899/3899
f 3893/3893/3893 3892/3892/3892 3904/3904/3904
f 3896/3896/3896 3895/3895/3895 3907/3907/3907
f 3900/3900/3900 3899/3899/3899 3916/3916/3916
f 3903/3903/3903 3902/3902/3902 3919/3919/3919
f 3904/3904/3904 3903/3903/3903 3920/3920/3920
f 3910/3910/3910 3909/3909/3909 3923/3923/3923
f 3917/3917/3917 3916/3916/3916 3927/3927/3927
f 3920/3920/3920 3919/3919/3919 3930/3930/3930
f 3929/3929/3929 3928/3928/3928 3933/3933/3933
f 3930/3930/3930 3929/3929/3929 3934/3934/3934
f 3949/3949/3949 3948/3948/3948 3952/3952/3952
f 3951/3951/3951 3950/3950/3950 3963/3963/3963
f 3953/3953/3953 3952/3952/3952 3965/3965/3965
f 3964/3964/3964 3963/3963/3963 3971/3971/3971
f 3972/3972/3972 3971/3971/3971 3981/3981/3981
f 3973/3973/3973 3972/3972/3972 3982/3982/3982
f 3974/3974/3974 3973/3973/3973 3983/3983/3983
f 3977/3977/3977 3976/3976/3976 3986/3986/3986
f 3985/3985/3985 3984/3984/3984 3991/3991/3991
f 3986/3986/3986 3985/3985/3985 3992/3992/3992
f 3987/3987/3987 3986/3986/3986 3993/3993/3993
f 3989/3989/3989 3988/3988/3988 3996/3996/3996
f 3993/3993/3993 3992/3992/3992 3999/3999/3999
f 3994/3994/3994 3993/3993/3993 4000/4000/4000
f 3995/3995/3995 3994/3994/3994 4001/4001/4001
f 3997/3997/3997 3996/3996/3996 4003/4003/4003
f 4002/4002/4002 4001/4001/4001 4008/4008/4008
f 4007/4007/4007 4006/4006/4006 4015/4015/4015
f 4008/4008/4008 4007/4007/4007 4016/4016/4016
f 4010/4010/4010 4009/4009/4009 4018/4018/4018
f 4012/4012/4012 4011/4011/4011 4020/4020/4020
f 4016/4016/4016 4015/4015/4015 4025/4025/4025
f 4022/4022/4022 4021/4021/4021 4028/4028/4028
f 4/4/4 3/3/3 39/39/39
f 5/5/5 4/4/4 40/40/40
f 8/8/8 7/7/7 43/43/43
f 9/9/9 8/8/8 44/44/44
f 11/11/11 10/10/10 46/46/46
f 26/26/26 27/27/27 63/63/63
f 28/28/28 29/29/29 65/65/65
f 30/30/30 31/31/31 67/67/67
f 35/35/35 36/36/36 72/72/72
f 39/39/39 38/38/38 74/74/74
f 40/40/40 39/39/39 75/75/75
f 41/41/41 40/40/40 76/76/76
f 45/45/45 44/44/44 80/80/80
f 47/47/47 46/46/46 82/82/82
f 58/58/58 59/59/59 99/99/99
f 62/62/62 63/63/63 104/104/104
f 64/64/64 65/65/65 106/106/106
f 66/66/66 67/67/67 108/108/108
f 71/71/71 72/72/72 113/113/113
f 75/75/75 74/74/74 116/116/116
f 77/77/77 76/76/76 118/118/118
f 80/80/80 79/79/79 121/121/121
f 81/81/81 80/80/80 122/122/122
f 85/85/85 84/84/84 129/129/129
f 95/95/95 96/96/96 149/149/149
f 100/100/100 101/101/101 159/159/159
f 102/102/102 103/103/103 166/166/166
f 105/105/105 106/106/106 170/170/170
f 108/108/108 109/109/109 180/180/180
f 110/110/110 111/111/111 182/182/182
f 112/112/112 113/113/113 184/184/184
f 116/116/116 115/115/115 207/207/207
f 117/117/117 116/116/116 208/208/208
f 123/123/123 122/122/122 214/214/214
f 124/124/124 123/123/123 215/215/215
f 150/150/150 151/151/151 258/258/258
f 168/168/168 169/169/169 273/273/273
f 171/171/171 172/172/172 281/281/281
f 178/178/178 179/179/179 284/284/284
f 182/182/182 183/183/183 287/287/287
f 185/185/185 186/186/186 293/293/293
f 187/187/187 188/188/188 295/295/295
f 188/188/188 189/189/189 296/296/296
f 191/191/191 192/192/192 300/300/300
f 192/192/192 193/193/193 301/301/301
f 196/196/196 195/195/195 324/324/324
f 203/203/203 202/202/202 335/335/335
f 207/207/207 206/206/206 339/339/339
f 208/208/208 207/207/207 340/340/340
f 209/209/209 208/208/208 341/341/341
f 233/233/233 232/232/232 369/369/369
f 234/234/234 233/233/233 370/370/370
f 273/273/273 274/274/274 391/391/391
f 275/275/275 276/276/276 394/394/394
f 276/276/276 277/277/277 395/395/395
f 288/288/288 289/289/289 403/403/403
f 289/289/289 290/290/290 404/404/404
f 302/302/302 303/303/303 412/412/412
f 303/303/303 304/304/304 413/413/413
f 304/304/304 305/305/305 414/414/414
f 308/308/308 309/309/309 418/418/418
f 309/309/309 310/310/310 419/419/419
f 310/310/310 311/311/311 420/420/420
f 313/313/313 314/314/314 428/428/428
f 317/317/317 316/316/316 453/453/453
f 336/336/336 335/335/335 482/482/482
f 340/340/340 339/339/339 486/486/486
f 342/342/342 341/341/341 488/488/488
f 346/346/346 345/345/345 492/492/492
f 347/347/347 346/346/346 493/493/493
f 352/352/352 351/351/351 498/498/498
f 378/378/378 379/379/379 514/514/514
f 392/392/392 393/393/393 527/527/527
f 400/400/400 401/401/401 533/533/533
f 408/408/408 409/409/409 540/540/540
f 422/422/422 423/423/423 547/547/547
f 425/425/425 426/426/426 550/550/550
f 435/435/435 436/436/436 561/561/561
f 438/438/438 439/439/439 564/564/564
f 442/442/442 443/443/443 575/575/575
f 474/474/474 473/473/473 634/634/634
f 485/485/485 484/484/484 641/641/641
f 489/489/489 488/488/488 645/645/645
f 512/512/512 513/513/513 670/670/670
f 522/522/522 523/523/523 679/679/679
f 525/525/525 526/526/526 682/682/682
f 529/529/529 530/530/530 685/685/685
f 543/543/543 544/544/544 698/698/698
f 554/554/554 555/555/555 703/703/703
f 555/555/555 556/556/556 704/704/704
f 569/569/569 570/570/570 711/711/711
f 570/570/570 571/571/571 712/712/712
f 571/571/571 572/572/572 713/713/713
f 581/581/581 582/582/582 720/720/720
f 590/590/590 591/591/591 728/728/728
f 591/591/591 592/592/592 729/729/729
f 592/592/592 593/593/593 730/730/730
f 598/598/598 597/597/597 744/744/744
f 610/610/610 609/609/609 763/763/763
f 643/643/643 642/642/642 787/787/787
f 648/648/648 647/647/647 792/792/792
f 652/652/652 651/651/651 796/796/796
f 656/656/656 655/655/655 800/800/800
f 660/660/660 659/659/659 805/805/805
f 665/665/665 666/666/666 811/811/811
f 676/676/676 677/677/677 821/821/821
f 679/679/679 680/680/680 825/825/825
f 696/696/696 697/697/697 841/841/841
f 701/701/701 702/702/702 848/848/848
f 708/708/708 709/709/709 855/855/855
f 715/715/715 716/716/716 860/860/860
f 723/723/723 724/724/724 865/865/865
f 724/724/724 725/725/725 866/866/866
f 735/735/735 736/736/736 873/873/873
f 737/737/737 738/738/738 875/875/875
f 739/739/739 740/740/740 877/877/877
f 746/746/746 745/745/745 895/895/895
f 771/771/771 770/770/770 921/921/921
f 788/788/788 787/787/787 937/937/937
f 789/789/789 788/788/788 938/938/938
f 797/797/797 796/796/796 946/946/946
f 801/801/801 800/800/800 951/951/951
f 802/802/802 801/801/801 952/952/952
f 813/813/813 814/814/814 965/965/965
f 815/815/815 816/816/816 968/968/968
f 818/818/818 819/819/819 973/973/973
f 823/823/823 824/824/824 978/978/978
f 845/845/845 846/846/846 996/996/996
f 846/846/846 847/847/847 997/997/997
f 853/853/853 854/854/854 1004/1004/1004
f 858/858/858 859/859/859 1009/1009/1009
f 863/863/863 864/864/864 1015/1015/1015
f 870/870/870 871/871/871 1020/1020/1020
f 871/871/871 872/872/872 1021/1021/1021
f 877/877/877 878/878/878 1024/1024/1024
f 882/882/882 883/883/883 1031/1031/1031
f 883/883/883 884/884/884 1032/1032/1032
f 884/884/884 885/885/885 1033/1033/1033
f 887/887/887 888/888/888 1037/1037/1037
f 894/894/894 893/893/893 1051/1051/1051
f 899/899/899 898/898/898 1056/1056/1056
f 917/917/917 916/916/916 1069/1069/1069
f 939/939/939 938/938/938 1085/1085/1085
f 941/941/941 940/940/940 1087/1087/1087
f 944/944/944 943/943/943 1090/1090/1090
f 948/948/948 947/947/947 1094/1094/1094
f 960/960/960 961/961/961 1107/1107/1107
f 962/962/962 963/963/963 1110/1110/1110
f 966/966/966 967/967/967 1114/1114/1114
f 971/971/971 972/972/972 1117/1117/1117
f 974/974/974 975/975/975 1119/1119/1119
f 990/990/990 991/991/991 1133/1133/1133
f 995/995/995 996/996/996 1138/1138/1138
f 1002/1002/1002 1003/1003/1003 1145/1145/1145
f 1007/1007/1007 1008/1008/1008 1151/1151/1151
f 1013/1013/1013 1014/1014/1014 1157/1157/1157
f 1027/1027/1027 1028/1028/1028 1165/1165/1165
f 1028/1028/1028 1029/1029/1029 1166/1166/1166
f 1029/1029/1029 1030/1030/1030 1167/1167/1167
f 1030/1030/1030 1031/1031/1031 1168/1168/1168
f 1035/1035/1035 1036/1036/1036 1170/1170/1170
f 1040/1040/1040 1041/1041/1041 1178/1178/1178
f 1041/1041/1041 1042/1042/1042 1179/1179/1179
f 1049/1049/1049 1048/1048/1048 1191/1191/1191
f 1052/1052/1052 1051/1051/1051 1194/1194/1194
f 1053/1053/1053 1052/1052/1052 1195/1195/1195
f 1076/1076/1076 1077/1077/1077 1222/1222/1222
f 1087/1087/1087 1086/1086/1086 1230/1230/1230
f 1088/1088/1088 1087/1087/1087 1231/1231/1231
f 1091/1091/1091 1090/1090/1090 1234/1234/1234
f 1095/1095/1095 1094/1094/1094 1238/1238/1238
f 1103/1103/1103 1104/1104/1104 1249/1249/1249
f 1111/1111/1111 1112/1112/1112 1254/1254/1254
f 1136/1136/1136 1137/1137/1137 1277/1277/1277
f 1143/1143/1143 1144/1144/1144 1281/1281/1281
f 1149/1149/1149 1150/1150/1150 1287/1287/1287
f 1155/1155/1155 1156/1156/1156 1293/1293/1293
f 1161/1161/1161 1162/1162/1162 1300/1300/1300
f 1164/1164/1164 1165/1165/1165 1305/1305/1305
f 1174/1174/1174 1175/1175/1175 1310/1310/1310
f 1176/1176/1176 1177/1177/1177 1312/1312/1312
f 1179/1179/1179 1180/1180/1180 1315/1315/1315
f 1180/1180/1180 1181/1181/1181 1316/1316/1316
f 1183/1183/1183 1184/1184/1184 1319/1319/1319
f 1189/1189/1189 1188/1188/1188 1323/1323/1323
f 1199/1199/1199 1198/1198/1198 1332/1332/1332
f 1202/1202/1202 1201/1201/1201 1335/1335/1335
f 1217/1217/1217 1218/1218/1218 1351/1351/1351
f 1230/1230/1230 1229/1229/1229 1363/1363/1363
f 1232/1232/1232 1231/1231/1231 1365/1365/1365
f 1234/1234/1234 1233/1233/1233 1367/1367/1367
f 1236/1236/1236 1235/1235/1235 1369/1369/1369
f 1237/1237/1237 1236/1236/1236 1370/1370/1370
f 1238/1238/1238 1237/1237/1237 1371/1371/1371
f 1250/1250/1250 1251/1251/1251 1384/1384/1384
f 1269/1269/1269 1270/1270/1270 1405/1405/1405
f 1285/1285/1285 1286/1286/1286 1418/1418/1418
f 1291/1291/1291 1292/1292/1292 1422/1422/1422
f 1298/1298/1298 1299/1299/1299 1428/1428/1428
f 1303/1303/1303 1304/1304/1304 1433/1433/1433
f 1304/1304/1304 1305/1305/1305 1434/1434/1434
f 1306/1306/1306 1307/1307/1307 1436/1436/1436
f 1309/1309/1309 1310/1310/1310 1441/1441/1441
f 1312/1312/1312 1313/1313/1313 1444/1444/1444
f 1315/1315/1315 1316/1316/1316 1447/1447/1447
f 1316/1316/1316 1317/1317/1317 1448/1448/1448
f 1317/1317/1317 1318/1318/1318 1449/1449/1449
f 1322/1322/1322 1321/1321/1321 1453/1453/1453
f 1324/1324/1324 1323/1323/1323 1455/1455/1455
f 1326/1326/1326 1325/1325/1325 1458/1458/1458
f 1329/1329/1329 1328/1328/1328 1463/1463/1463
f 1331/1331/1331 1330/1330/1330 1465/1465/1465
f 1334/1334/1334 1333/1333/1333 1470/1470/1470
f 1363/1363/1363 1362/1362/1362 1497/1497/1497
f 1365/1365/1365 1364/1364/1364 1499/1499/1499
f 1370/1370/1370 1369/1369/1369 1504/1504/1504
f 1373/1373/1373 1372/1372/1372 1507/1507/1507
f 1379/1379/1379 1380/1380/1380 1518/1518/1518
f 1409/1409/1409 1410/1410/1410 1544/1544/1544
f 1417/1417/1417 1418/1418/1418 1552/1552/1552
f 1421/1421/1421 1422/1422/1422 1557/1557/1557
f 1427/1427/1427 1428/1428/1428 1563/1563/1563
f 1432/1432/1432 1433/1433/1433 1569/1569/1569
f 1435/1435/1435 1436/1436/1436 1571/1571/1571
f 1439/1439/1439 1440/1440/1440 1576/1576/1576
f 1443/1443/1443 1444/1444/1444 1580/1580/1580
f 1444/1444/1444 1445/1445/1445 1581/1581/1581
f 1447/1447/1447 1448/1448/1448 1584/1584/1584
f 1448/1448/1448 1449/1449/1449 1585/1585/1585
f 1450/1450/1450 1451/1451/1451 1589/1589/1589
f 1454/1454/1454 1453/1453/1453 1593/1593/1593
f 1457/1457/1457 1456/1456/1456 1596/1596/1596
f 1460/1460/1460 1459/1459/1459 1599/1599/1599
f 1461/1461/1461 1460/1460/1460 1600/1600/1600
f 1467/1467/1467 1466/1466/1466 1605/1605/1605
f 1486/1486/1486 1485/1485/1485 1621/1621/1621
f 1499/1499/1499 1498/1498/1498 1632/1632/1632
f 1500/1500/1500 1499/1499/1499 1633/1633/1633
f 1502/1502/1502 1501/1501/1501 1635/1635/1635
f 1504/1504/1504 1503/1503/1503 1637/1637/1637
f 1505/1505/1505 1504/1504/1504 1638/1638/1638
f 1507/1507/1507 1506/1506/1506 1640/1640/1640
f 1508/1508/1508 1507/1507/1507 1641/1641/1641
f 1512/1512/1512 1511/1511/1511 1644/1644/1644
f 1545/1545/1545 1546/1546/1546 1679/1679/1679
f 1555/1555/1555 1556/1556/1556 1691/1691/1691
f 1561/1561/1561 1562/1562/1562 1697/1697/1697
f 1567/1567/1567 1568/1568/1568 1703/1703/1703
f 1572/1572/1572 1573/1573/1573 1707/1707/1707
f 1574/1574/1574 1575/1575/1575 1709/1709/1709
f 1576/1576/1576 1577/1577/1577 1711/1711/1711
f 1577/1577/1577 1578/1578/1578 1712/1712/1712
f 1578/1578/1578 1579/1579/1579 1713/1713/1713
f 1583/1583/1583 1584/1584/1584 1716/1716/1716
f 1584/1584/1584 1585/1585/1585 1717/1717/1717
f 1586/1586/1586 1587/1587/1587 1724/1724/1724
f 1587/1587/1587 1588/1588/1588 1725/1725/1725
f 1593/1593/1593 1592/1592/1592 1736/1736/1736
f 1599/1599/1599 1598/1598/1598 1742/1742/1742
f 1601/1601/1601 1600/1600/1600 1744/1744/1744
f 1608/1608/1608 1607/1607/1607 1749/1749/1749
f 1612/1612/1612 1613/1613/1613 1757/1757/1757
f 1635/1635/1635 1634/1634/1634 1775/1775/1775
f 1636/1636/1636 1635/1635/1635 1776/1776/1776
f 1637/1637/1637 1636/1636/1636 1777/1777/1777
f 1639/1639/1639 1638/1638/1638 1779/1779/1779
f 1651/1651/1651 1652/1652/1652 1791/1791/1791
f 1654/1654/1654 1655/1655/1655 1795/1795/1795
f 1666/1666/1666 1667/1667/1667 1810/1810/1810
f 1668/1668/1668 1669/1669/1669 1812/1812/1812
f 1677/1677/1677 1678/1678/1678 1818/1818/1818
f 1686/1686/1686 1687/1687/1687 1825/1825/1825
f 1695/1695/1695 1696/1696/1696 1833/1833/1833
f 1698/1698/1698 1699/1699/1699 1835/1835/1835
f 1701/1701/1701 1702/1702/1702 1838/1838/1838
f 1702/1702/1702 1703/1703/1703 1839/1839/1839
f 1706/1706/1706 1707/1707/1707 1841/1841/1841
f 1709/1709/1709 1710/1710/1710 1845/1845/1845
f 1720/1720/1720 1721/1721/1721 1850/1850/1850
f 1721/1721/1721 1722/1722/1722 1851/1851/1851
f 1722/1722/1722 1723/1723/1723 1852/1852/1852
f 1724/1724/1724 1725/1725/1725 1854/1854/1854
f 1725/1725/1725 1726/1726/1726 1855/1855/1855
f 1735/1735/1735 1734/1734/1734 1863/1863/1863
f 1736/1736/1736 1735/1735/1735 1864/1864/1864
f 1737/1737/1737 1736/1736/1736 1865/1865/1865
f 1738/1738/1738 1737/1737/1737 1866/1866/1866
f 1739/1739/1739 1738/1738/1738 1867/1867/1867
f 1740/1740/1740 1739/1739/1739 1868/1868/1868
f 1766/1766/1766 1765/1765/1765 1891/1891/1891
f 1776/1776/1776 1775/1775/1775 1903/1903/1903
f 1779/1779/1779 1778/1778/1778 1906/1906/1906
f 1780/1780/1780 1779/1779/1779 1907/1907/1907
f 1781/1781/1781 1780/1780/1780 1908/1908/1908
f 1782/1782/1782 1781/1781/1781 1909/1909/1909
f 1797/1797/1797 1796/1796/1796 1921/1921/1921
f 1798/1798/1798 1799/1799/1799 1924/1924/1924
f 1809/1809/1809 1810/1810/1810 1935/1935/1935
f 1819/1819/1819 1820/1820/1820 1947/1947/1947
f 1834/1834/1834 1835/1835/1835 1962/1962/1962
f 1846/1846/1846 1847/1847/1847 1977/1977/1977
f 1848/1848/1848 1849/1849/1849 1979/1979/1979
f 1849/1849/1849 1850/1850/1850 1980/1980/1980
f 1851/1851/1851 1852/1852/1852 1982/1982/1982
f 1853/1853/1853 1854/1854/1854 1984/1984/1984
f 1854/1854/1854 1855/1855/1855 1985/1985/1985
f 1855/1855/1855 1856/1856/1856 1986/1986/1986
f 1856/1856/1856 1857/1857/1857 1987/1987/1987
f 1857/1857/1857 1858/1858/1858 1988/1988/1988
f 1862/1862/1862 1861/1861/1861 1992/1992/1992
f 1863/1863/1863 1862/1862/1862 1993/1993/1993
f 1864/1864/1864 1863/1863/1863 1994/1994/1994
f 1865/1865/1865 1864/1864/1864 1995/1995/1995
f 1867/1867/1867 1866/1866/1866 1997/1997/1997
f 1868/1868/1868 1867/1867/1867 1998/1998/1998
f 1882/1882/1882 1881/1881/1881 2010/2010/2010
f 1902/1902/1902 1901/1901/1901 2033/2033/2033
f 1907/1907/1907 1906/1906/1906 2038/2038/2038
f 1908/1908/1908 1907/1907/1907 2039/2039/2039
f 1909/1909/1909 1908/1908/1908 2040/2040/2040
f 1910/1910/1910 1909/1909/1909 2041/2041/2041
f 1927/1927/1927 1928/1928/1928 2063/2063/2063
f 1938/1938/1938 1939/1939/1939 2073/2073/2073
f 1940/1940/1940 1941/1941/1941 2076/2076/2076
f 1944/1944/1944 1945/1945/1945 2081/2081/2081
f 1946/1946/1946 1947/1947/1947 2083/2083/2083
f 1952/1952/1952 1953/1953/1953 2090/2090/2090
f 1961/1961/1961 1962/1962/1962 2103/2103/2103
f 1967/1967/1967 1968/1968/1968 2112/2112/2112
f 1970/1970/1970 1971/1971/1971 2114/2114/2114
f 1973/1973/1973 1974/1974/1974 2117/2117/2117
f 1980/1980/1980 1981/1981/1981 2126/2126/2126
f 1983/1983/1983 1984/1984/1984 2128/2128/2128
f 1984/1984/1984 1985/1985/1985 2129/2129/2129
f 1987/1987/1987 1988/1988/1988 2132/2132/2132
f 1988/1988/1988 1989/1989/1989 2133/2133/2133
f 1993/1993/1993 1992/1992/1992 2136/2136/2136
f 1994/1994/1994 1993/1993/1993 2137/2137/2137
f 1997/1997/1997 1996/1996/1996 2140/2140/2140
f 1998/1998/1998 1997/1997/1997 2141/2141/2141
f 1999/1999/1999 1998/1998/1998 2142/2142/2142
f 2007/2007/2007 2006/2006/2006 2150/2150/2150
f 2030/2030/2030 2029/2029/2029 2171/2171/2171
f 2034/2034/2034 2033/2033/2033 2176/2176/2176
f 2036/2036/2036 2035/2035/2035 2178/2178/2178
f 2039/2039/2039 2038/2038/2038 2181/2181/2181
f 2040/2040/2040 2039/2039/2039 2182/2182/2182
f 2041/2041/2041 2040/2040/2040 2183/2183/2183
f 2048/2048/2048 2049/2049/2049 2191/2191/2191
f 2054/2054/2054 2055/2055/2055 2197/2197/2197
f 2070/2070/2070 2071/2071/2071 2210/2210/2210
f 2072/2072/2072 2073/2073/2073 2212/2212/2212
f 2074/2074/2074 2075/2075/2075 2214/2214/2214
f 2080/2080/2080 2081/2081/2081 2219/2219/2219
f 2089/2089/2089 2090/2090/2090 2227/2227/2227
f 2091/2091/2091 2092/2092/2092 2229/2229/2229
f 2093/2093/2093 2094/2094/2094 2231/2231/2231
f 2099/2099/2099 2100/2100/2100 2238/2238/2238
f 2102/2102/2102 2103/2103/2103 2241/2241/2241
f 2103/2103/2103 2104/2104/2104 2242/2242/2242
f 2104/2104/2104 2105/2105/2105 2243/2243/2243
f 2114/2114/2114 2115/2115/2115 2254/2254/2254
f 2119/2119/2119 2120/2120/2120 2259/2259/2259
f 2121/2121/2121 2122/2122/2122 2261/2261/2261
f 2122/2122/2122 2123/2123/2123 2262/2262/2262
f 2125/2125/2125 2126/2126/2126 2265/2265/2265
f 2127/2127/2127 2128/2128/2128 2267/2267/2267
f 2129/2129/2129 2130/2130/2130 2269/2269/2269
f 2131/2131/2131 2132/2132/2132 2271/2271/2271
f 2136/2136/2136 2135/2135/2135 2275/2275/2275
f 2137/2137/2137 2136/2136/2136 2276/2276/2276
f 2142/2142/2142 2141/2141/2141 2281/2281/2281
f 2170/2170/2170 2169/2169/2169 2326/2326/2326
f 2176/2176/2176 2175/2175/2175 2332/2332/2332
f 2177/2177/2177 2176/2176/2176 2333/2333/2333
f 2178/2178/2178 2177/2177/2177 2334/2334/2334
f 2179/2179/2179 2178/2178/2178 2335/2335/2335
f 2182/2182/2182 2181/2181/2181 2338/2338/2338
f 2183/2183/2183 2182/2182/2182 2339/2339/2339
f 2184/2184/2184 2183/2183/2183 2340/2340/2340
f 2221/2221/2221 2222/2222/2222 2382/2382/2382
f 2223/2223/2223 2224/2224/2224 2384/2384/2384
f 2230/2230/2230 2231/2231/2231 2390/2390/2390
f 2232/2232/2232 2233/2233/2233 2392/2392/2392
f 2234/2234/2234 2235/2235/2235 2394/2394/2394
f 2241/2241/2241 2242/2242/2242 2402/2402/2402
f 2249/2249/2249 2250/2250/2250 2411/2411/2411
f 2257/2257/2257 2258/2258/2258 2420/2420/2420
f 2258/2258/2258 2259/2259/2259 2421/2421/2421
f 2260/2260/2260 2261/2261/2261 2423/2423/2423
f 2267/2267/2267 2268/2268/2268 2430/2430/2430
f 2274/2274/2274 2273/2273/2273 2441/2441/2441
f 2275/2275/2275 2274/2274/2274 2442/2442/2442
f 2277/2277/2277 2276/2276/2276 2444/2444/2444
f 2278/2278/2278 2277/2277/2277 2445/2445/2445
f 2281/2281/2281 2280/2280/2280 2448/2448/2448
f 2282/2282/2282 2281/2281/2281 2449/2449/2449
f 2285/2285/2285 2284/2284/2284 2452/2452/2452
f 2286/2286/2286 2285/2285/2285 2453/2453/2453
f 2293/2293/2293 2292/2292/2292 2458/2458/2458
f 2319/2319/2319 2320/2320/2320 2466/2466/2466
f 2331/2331/2331 2330/2330/2330 2473/2473/2473
f 2332/2332/2332 2331/2331/2331 2474/2474/2474
f 2333/2333/2333 2332/2332/2332 2475/2475/2475
f 2337/2337/2337 2336/2336/2336 2479/2479/2479
f 2339/2339/2339 2338/2338/2338 2481/2481/2481
f 2340/2340/2340 2339/2339/2339 2482/2482/2482
f 2341/2341/2341 2340/2340/2340 2483/2483/2483
f 2342/2342/2342 2341/2341/2341 2484/2484/2484
f 2379/2379/2379 2380/2380/2380 2524/2524/2524
f 2387/2387/2387 2388/2388/2388 2532/2532/2532
f 2394/2394/2394 2395/2395/2395 2537/2537/2537
f 2401/2401/2401 2402/2402/2402 2541/2541/2541
f 2409/2409/2409 2410/2410/2410 2548/2548/2548
f 2416/2416/2416 2417/2417/2417 2556/2556/2556
f 2417/2417/2417 2418/2418/2418 2557/2557/2557
f 2419/2419/2419 2420/2420/2420 2559/2559/2559
f 2425/2425/2425 2426/2426/2426 2565/2565/2565
f 2434/2434/2434 2433/2433/2433 2569/2569/2569
f 2439/2439/2439 2438/2438/2438 2574/2574/2574
f 2441/2441/2441 2440/2440/2440 2576/2576/2576
f 2446/2446/2446 2445/2445/2445 2579/2579/2579
f 2449/2449/2449 2448/2448/2448 2582/2582/2582
f 2451/2451/2451 2450/2450/2450 2584/2584/2584
f 2468/2468/2468 2469/2469/2469 2597/2597/2597
f 2469/2469/2469 2470/2470/2470 2598/2598/2598
f 2475/2475/2475 2474/2474/2474 2606/2606/2606
f 2476/2476/2476 2475/2475/2475 2607/2607/2607
f 2477/2477/2477 2476/2476/2476 2608/2608/2608
f 2481/2481/2481 2480/2480/2480 2612/2612/2612
f 2482/2482/2482 2481/2481/2481 2613/2613/2613
f 2483/2483/2483 2482/2482/2482 2614/2614/2614
f 2484/2484/2484 2483/2483/2483 2615/2615/2615
f 2485/2485/2485 2484/2484/2484 2616/2616/2616
f 2501/2501/2501 2500/2500/2500 2628/2628/2628
f 2514/2514/2514 2515/2515/2515 2643/2643/2643
f 2518/2518/2518 2519/2519/2519 2648/2648/2648
f 2520/2520/2520 2521/2521/2521 2650/2650/2650
f 2525/2525/2525 2526/2526/2526 2655/2655/2655
f 2527/2527/2527 2528/2528/2528 2657/2657/2657
f 2533/2533/2533 2534/2534/2534 2665/2665/2665
f 2536/2536/2536 2537/2537/2537 2668/2668/2668
f 2537/2537/2537 2538/2538/2538 2669/2669/2669
f 2544/2544/2544 2545/2545/2545 2681/2681/2681
f 2549/2549/2549 2550/2550/2550 2686/2686/2686
f 2550/2550/2550 2551/2551/2551 2687/2687/2687
f 2554/2554/2554 2555/2555/2555 2691/2691/2691
f 2557/2557/2557 2558/2558/2558 2694/2694/2694
f 2569/2569/2569 2568/2568/2568 2699/2699/2699
f 2572/2572/2572 2571/2571/2571 2702/2702/2702
f 2573/2573/2573 2572/2572/2572 2703/2703/2703
f 2574/2574/2574 2573/2573/2573 2704/2704/2704
f 2575/2575/2575 2574/2574/2574 2705/2705/2705
f 2576/2576/2576 2575/2575/2575 2706/2706/2706
f 2577/2577/2577 2576/2576/2576 2707/2707/2707
f 2581/2581/2581 2580/2580/2580 2711/2711/2711
f 2582/2582/2582 2581/2581/2581 2712/2712/2712
f 2583/2583/2583 2582/2582/2582 2713/2713/2713
f 2584/2584/2584 2583/2583/2583 2714/2714/2714
f 2601/2601/2601 2602/2602/2602 2729/2729/2729
f 2602/2602/2602 2603/2603/2603 2730/2730/2730
f 2608/2608/2608 2607/2607/2607 2734/2734/2734
f 2609/2609/2609 2608/2608/2608 2735/2735/2735
f 2611/2611/2611 2610/2610/2610 2737/2737/2737
f 2612/2612/2612 2611/2611/2611 2738/2738/2738
f 2614/2614/2614 2613/2613/2613 2740/2740/2740
f 2615/2615/2615 2614/2614/2614 2741/2741/2741
f 2616/2616/2616 2615/2615/2615 2742/2742/2742
f 2634/2634/2634 2635/2635/2635 2765/2765/2765
f 2645/2645/2645 2646/2646/2646 2774/2774/2774
f 2652/2652/2652 2653/2653/2653 2782/2782/2782
f 2659/2659/2659 2660/2660/2660 2790/2790/2790
f 2661/2661/2661 2662/2662/2662 2792/2792/2792
f 2670/2670/2670 2671/2671/2671 2804/2804/2804
f 2671/2671/2671 2672/2672/2672 2805/2805/2805
f 2676/2676/2676 2677/2677/2677 2810/2810/2810
f 2678/2678/2678 2679/2679/2679 2812/2812/2812
f 2679/2679/2679 2680/2680/2680 2813/2813/2813
f 2680/2680/2680 2681/2681/2681 2814/2814/2814
f 2683/2683/2683 2684/2684/2684 2817/2817/2817
f 2684/2684/2684 2685/2685/2685 2818/2818/2818
f 2685/2685/2685 2686/2686/2686 2819/2819/2819
f 2695/2695/2695 2696/2696/2696 2823/2823/2823
f 2699/2699/2699 2698/2698/2698 2824/2824/2824
f 2700/2700/2700 2699/2699/2699 2825/2825/2825
f 2709/2709/2709 2708/2708/2708 2834/2834/2834
f 2712/2712/2712 2711/2711/2711 2838/2838/2838
f 2713/2713/2713 2712/2712/2712 2839/2839/2839
f 2714/2714/2714 2713/2713/2713 2840/2840/2840
f 2726/2726/2726 2727/2727/2727 2854/2854/2854
f 2733/2733/2733 2732/2732/2732 2859/2859/2859
f 2735/2735/2735 2734/2734/2734 2861/2861/2861
f 2741/2741/2741 2740/2740/2740 2867/2867/2867
f 2742/2742/2742 2741/2741/2741 2868/2868/2868
f 2750/2750/2750 2751/2751/2751 2881/2881/2881
f 2769/2769/2769 2770/2770/2770 2899/2899/2899
f 2777/2777/2777 2778/2778/2778 2906/2906/2906
f 2789/2789/2789 2790/2790/2790 2918/2918/2918
f 2795/2795/2795 2796/2796/2796 2925/2925/2925
f 2801/2801/2801 2802/2802/2802 2936/2936/2936
f 2802/2802/2802 2803/2803/2803 2937/2937/2937
f 2803/2803/2803 2804/2804/2804 2938/2938/2938
f 2807/2807/2807 2808/2808/2808 2940/2940/2940
f 2808/2808/2808 2809/2809/2809 2941/2941/2941
f 2811/2811/2811 2812/2812/2812 2944/2944/2944
f 2814/2814/2814 2815/2815/2815 2947/2947/2947
f 2815/2815/2815 2816/2816/2816 2948/2948/2948
f 2816/2816/2816 2817/2817/2817 2949/2949/2949
f 2825/2825/2825 2824/2824/2824 2950/2950/2950
f 2832/2832/2832 2831/2831/2831 2956/2956/2956
f 2835/2835/2835 2834/2834/2834 2959/2959/2959
f 2838/2838/2838 2837/2837/2837 2963/2963/2963
f 2839/2839/2839 2838/2838/2838 2964/2964/2964
f 2860/2860/2860 2859/2859/2859 2987/2987/2987
f 2863/2863/2863 2862/2862/2862 2990/2990/2990
f 2864/2864/2864 2863/2863/2863 2991/2991/2991
f 2868/2868/2868 2867/2867/2867 2995/2995/2995
f 2885/2885/2885 2884/2884/2884 3010/3010/3010
f 2898/2898/2898 2899/2899/2899 3026/3026/3026
f 2902/2902/2902 2903/2903/2903 3029/3029/3029
f 2909/2909/2909 2910/2910/2910 3038/3038/3038
f 2922/2922/2922 2923/2923/2923 3060/3060/3060
f 2924/2924/2924 2925/2925/2925 3062/3062/3062
f 2929/2929/2929 2930/2930/2930 3069/3069/3069
f 2932/2932/2932 2933/2933/2933 3072/3072/3072
f 2934/2934/2934 2935/2935/2935 3074/3074/3074
f 2935/2935/2935 2936/2936/2936 3075/3075/3075
f 2942/2942/2942 2943/2943/2943 3080/3080/3080
f 2954/2954/2954 2953/2953/2953 3083/3083/3083
f 2955/2955/2955 2954/2954/2954 3084/3084/3084
f 2956/2956/2956 2955/2955/2955 3085/3085/3085
f 2957/2957/2957 2956/2956/2956 3086/3086/3086
f 2961/2961/2961 2960/2960/2960 3090/3090/3090
f 2963/2963/2963 2962/2962/2962 3092/3092/3092
f 2964/2964/2964 2963/2963/2963 3093/3093/3093
f 2973/2973/2973 2972/2972/2972 3100/3100/3100
f 2980/2980/2980 2979/2979/2979 3114/3114/3114
f 2981/2981/2981 2982/2982/2982 3117/3117/3117
f 2982/2982/2982 2983/2983/2983 3118/3118/3118
f 2983/2983/2983 2984/2984/2984 3119/3119/3119
f 2989/2989/2989 2988/2988/2988 3122/3122/3122
f 2995/2995/2995 2994/2994/2994 3128/3128/3128
f 2996/2996/2996 2995/2995/2995 3129/3129/3129
f 2997/2997/2997 2996/2996/2996 3130/3130/3130
f 2998/2998/2998 2997/2997/2997 3131/3131/3131
f 3002/3002/3002 3001/3001/3001 3134/3134/3134
f 3020/3020/3020 3021/3021/3021 3157/3157/3157
f 3024/3024/3024 3025/3025/3025 3161/3161/3161
f 3032/3032/3032 3033/3033/3033 3173/3173/3173
f 3036/3036/3036 3037/3037/3037 3179/3179/3179
f 3053/3053/3053 3054/3054/3054 3219/3219/3219
f 3057/3057/3057 3058/3058/3058 3223/3223/3223
f 3058/3058/3058 3059/3059/3059 3224/3224/3224
f 3060/3060/3060 3061/3061/3061 3226/3226/3226
f 3065/3065/3065 3066/3066/3066 3229/3229/3229
f 3066/3066/3066 3067/3067/3067 3230/3230/3230
f 3067/3067/3067 3068/3068/3068 3231/3231/3231
f 3068/3068/3068 3069/3069/3069 3232/3232/3232
f 3084/3084/3084 3083/3083/3083 3233/3233/3233
f 3085/3085/3085 3084/3084/3084 3234/3234/3234
f 3086/3086/3086 3085/3085/3085 3235/3235/3235
f 3087/3087/3087 3086/3086/3086 3236/3236/3236
f 3088/3088/3088 3087/3087/3087 3237/3237/3237
f 3091/3091/3091 3090/3090/3090 3240/3240/3240
f 3092/3092/3092 3091/3091/3091 3241/3241/3241
f 3093/3093/3093 3092/3092/3092 3242/3242/3242
f 3107/3107/3107 3108/3108/3108 3258/3258/3258
f 3115/3115/3115 3114/3114/3114 3268/3268/3268
f 3119/3119/3119 3120/3120/3120 3275/3275/3275
f 3123/3123/3123 3122/3122/3122 3279/3279/3279
f 3126/3126/3126 3125/3125/3125 3282/3282/3282
f 3129/3129/3129 3128/3128/3128 3285/3285/3285
f 3130/3130/3130 3129/3129/3129 3286/3286/3286
f 3131/3131/3131 3130/3130/3130 3287/3287/3287
f 3132/3132/3132 3131/3131/3131 3288/3288/3288
f 3133/3133/3133 3132/3132/3132 3289/3289/3289
f 3141/3141/3141 3140/3140/3140 3298/3298/3298
f 3151/3151/3151 3152/3152/3152 3317/3317/3317
f 3155/3155/3155 3156/3156/3156 3321/3321/3321
f 3159/3159/3159 3160/3160/3160 3327/3327/3327
f 3164/3164/3164 3165/3165/3165 3336/3336/3336
f 3170/3170/3170 3171/3171/3171 3349/3349/3349
f 3176/3176/3176 3177/3177/3177 3363/3363/3363
f 3184/3184/3184 3185/3185/3185 3374/3374/3374
f 3188/3188/3188 3189/3189/3189 3378/3378/3378
f 3189/3189/3189 3190/3190/3190 3379/3379/3379
f 3197/3197/3197 3198/3198/3198 3383/3383/3383
f 3198/3198/3198 3199/3199/3199 3384/3384/3384
f 3200/3200/3200 3201/3201/3201 3386/3386/3386
f 3201/3201/3201 3202/3202/3202 3387/3387/3387
f 3235/3235/3235 3234/3234/3234 3391/3391/3391
f 3236/3236/3236 3235/3235/3235 3392/3392/3392
f 3237/3237/3237 3236/3236/3236 3393/3393/3393
f 3239/3239/3239 3238/3238/3238 3395/3395/3395
f 3241/3241/3241 3240/3240/3240 3397/3397/3397
f 3242/3242/3242 3241/3241/3241 3398/3398/3398
f 3264/3264/3264 3263/3263/3263 3418/3418/3418
f 3265/3265/3265 3264/3264/3264 3419/3419/3419
f 3270/3270/3270 3269/3269/3269 3440/3440/3440
f 3271/3271/3271 3272/3272/3272 3443/3443/3443
f 3272/3272/3272 3273/3273/3273 3444/3444/3444
f 3275/3275/3275 3276/3276/3276 3447/3447/3447
f 3276/3276/3276 3277/3277/3277 3448/3448/3448
f 3281/3281/3281 3280/3280/3280 3450/3450/3450
f 3282/3282/3282 3281/3281/3281 3451/3451/3451
f 3283/3283/3283 3282/3282/3282 3452/3452/3452
f 3286/3286/3286 3285/3285/3285 3455/3455/3455
f 3287/3287/3287 3286/3286/3286 3456/3456/3456
f 3288/3288/3288 3287/3287/3287 3457/3457/3457
f 3289/3289/3289 3288/3288/3288 3458/3458/3458
f 3290/3290/3290 3289/3289/3289 3459/3459/3459
f 3293/3293/3293 3292/3292/3292 3461/3461/3461
f 3300/3300/3300 3299/3299/3299 3468/3468/3468
f 3305/3305/3305 3304/3304/3304 3474/3474/3474
f 3320/3320/3320 3321/3321/3321 3500/3500/3500
f 3325/3325/3325 3326/3326/3326 3510/3510/3510
f 3326/3326/3326 3327/3327/3327 3511/3511/3511
f 3333/3333/3333 3334/3334/3334 3523/3523/3523
f 3334/3334/3334 3335/3335/3335 3524/3524/3524
f 3342/3342/3342 3343/3343/3343 3531/3531/3531
f 3343/3343/3343 3344/3344/3344 3532/3532/3532
f 3344/3344/3344 3345/3345/3345 3533/3533/3533
f 3345/3345/3345 3346/3346/3346 3534/3534/3534
f 3346/3346/3346 3347/3347/3347 3535/3535/3535
f 3355/3355/3355 3356/3356/3356 3542/3542/3542
f 3356/3356/3356 3357/3357/3357 3543/3543/3543
f 3369/3369/3369 3370/3370/3370 3546/3546/3546
f 3370/3370/3370 3371/3371/3371 3547/3547/3547
f 3371/3371/3371 3372/3372/3372 3548/3548/3548
f 3391/3391/3391 3390/3390/3390 3549/3549/3549
f 3392/3392/3392 3391/3391/3391 3550/3550/3550
f 3395/3395/3395 3394/3394/3394 3553/3553/3553
f 3396/3396/3396 3395/3395/3395 3554/3554/3554
f 3421/3421/3421 3422/3422/3422 3591/3591/3591
f 3427/3427/3427 3426/3426/3426 3597/3597/3597
f 3429/3429/3429 3428/3428/3428 3599/3599/3599
f 3430/3430/3430 3431/3431/3431 3602/3602/3602
f 3431/3431/3431 3432/3432/3432 3603/3603/3603
f 3432/3432/3432 3433/3433/3433 3604/3604/3604
f 3434/3434/3434 3435/3435/3435 3606/3606/3606
f 3439/3439/3439 3438/3438/3438 3613/3613/3613
f 3452/3452/3452 3451/3451/3451 3626/3626/3626
f 3455/3455/3455 3454/3454/3454 3629/3629/3629
f 3456/3456/3456 3455/3455/3455 3630/3630/3630
f 3457/3457/3457 3456/3456/3456 3631/3631/3631
f 3458/3458/3458 3457/3457/3457 3632/3632/3632
f 3460/3460/3460 3459/3459/3459 3634/3634/3634
f 3465/3465/3465 3464/3464/3464 3639/3639/3639
f 3467/3467/3467 3466/3466/3466 3642/3642/3642
f 3481/3481/3481 3482/3482/3482 3664/3664/3664
f 3483/3483/3483 3484/3484/3484 3667/3667/3667
f 3487/3487/3487 3488/3488/3488 3670/3670/3670
f 3488/3488/3488 3489/3489/3489 3671/3671/3671
f 3490/3490/3490 3489/3489/3489 3671/3671/3671
f 3498/3498/3498 3499/3499/3499 3686/3686/3686
f 3499/3499/3499 3500/3500/3500 3687/3687/3687
f 3500/3500/3500 3501/3501/3501 3688/3688/3688
f 3508/3508/3508 3509/3509/3509 3700/3700/3700
f 3509/3509/3509 3510/3510/3510 3701/3701/3701
f 3517/3517/3517 3518/3518/3518 3706/3706/3706
f 3521/3521/3521 3522/3522/3522 3710/3710/3710
f 3522/3522/3522 3523/3523/3523 3711/3711/3711
f 3529/3529/3529 3530/3530/3530 3718/3718/3718
f 3539/3539/3539 3540/3540/3540 3721/3721/3721
f 3540/3540/3540 3541/3541/3541 3722/3722/3722
f 3541/3541/3541 3542/3542/3542 3723/3723/3723
f 3560/3560/3560 3559/3559/3559 3724/3724/3724
f 3561/3561/3561 3560/3560/3560 3725/3725/3725
f 3562/3562/3562 3561/3561/3561 3726/3726/3726
f 3563/3563/3563 3562/3562/3562 3727/3727/3727
f 3565/3565/3565 3564/3564/3564 3729/3729/3729
f 3566/3566/3566 3565/3565/3565 3730/3730/3730
f 3579/3579/3579 3580/3580/3580 3769/3769/3769
f 3585/3585/3585 3586/3586/3586 3778/3778/3778
f 3586/3586/3586 3587/3587/3587 3779/3779/3779
f 3587/3587/3587 3588/3588/3588 3780/3780/3780
f 3612/3612/3612 3611/3611/3611 3793/3793/3793
f 3622/3622/3622 3621/3621/3621 3799/3799/3799
f 3626/3626/3626 3625/3625/3625 3803/3803/3803
f 3627/3627/3627 3626/3626/3626 3804/3804/3804
f 3630/3630/3630 3629/3629/3629 3807/3807/3807
f 3631/3631/3631 3630/3630/3630 3808/3808/3808
f 3632/3632/3632 3631/3631/3631 3809/3809/3809
f 3633/3633/3633 3632/3632/3632 3810/3810/3810
f 3635/3635/3635 3634/3634/3634 3812/3812/3812
f 3641/3641/3641 3640/3640/3640 3829/3829/3829
f 3643/3643/3643 3642/3642/3642 3842/3842/3842
f 3656/3656/3656 3657/3657/3657 3870/3870/3870
f 3674/3674/3674 3675/3675/3675 3898/3898/3898
f 3679/3679/3679 3680/3680/3680 3906/3906/3906
f 3684/3684/3684 3685/3685/3685 3913/3913/3913
f 3685/3685/3685 3686/3686/3686 3914/3914/3914
f 3686/3686/3686 3687/3687/3687 3915/3915/3915
f 3692/3692/3692 3693/3693/3693 3922/3922/3922
f 3698/3698/3698 3699/3699/3699 3925/3925/3925
f 3699/3699/3699 3700/3700/3700 3926/3926/3926
f 3716/3716/3716 3717/3717/3717 3937/3937/3937
f 3739/3739/3739 3738/3738/3738 3938/3938/3938
f 3740/3740/3740 3739/3739/3739 3939/3939/3939
f 3749/3749/3749 3750/3750/3750 3944/3944/3944
f 3750/3750/3750 3751/3751/3751 3945/3945/3945
f 3790/3790/3790 3789/3789/3789 3946/3946/3946
f 3791/3791/3791 3790/3790/3790 3947/3947/3947
f 3806/3806/3806 3805/3805/3805 3954/3954/3954
f 3809/3809/3809 3808/3808/3808 3957/3957/3957
f 3810/3810/3810 3809/3809/3809 3958/3958/3958
f 3811/3811/3811 3810/3810/3810 3959/3959/3959
f 3813/3813/3813 3812/3812/3812 3961/3961/3961
f 3815/3815/3815 3816/3816/3816 3965/3965/3965
f 3826/3826/3826 3825/3825/3825 3967/3967/3967
f 3828/3828/3828 3827/3827/3827 3969/3969/3969
f 3832/3832/3832 3831/3831/3831 3972/3972/3972
f 3835/3835/3835 3834/3834/3834 3975/3975/3975
f 3841/3841/3841 3840/3840/3840 3978/3978/3978
f 3846/3846/3846 3847/3847/3847 3983/3983/3983
f 3849/3849/3849 3848/3848/3848 3984/3984/3984
f 3890/3890/3890 3891/3891/3891 4018/4018/4018
f 3891/3891/3891 3892/3892/3892 4019/4019/4019
f 3897/3897/3897 3898/3898/3898 4024/4024/4024
f 3901/3901/3901 3902/3902/3902 4027/4027/4027
f 3910/3910/3910 3911/3911/3911 4031/4031/4031
f 3911/3911/3911 3912/3912/3912 4032/4032/4032
f 3914/3914/3914 3915/3915/3915 4035/4035/4035
f 3955/3955/3955 3954/3954/3954 4038/4038/4038
f 3959/3959/3959 3958/3958/3958 4042/4042/4042
f 3960/3960/3960 3959/3959/3959 4043/4043/4043
f 3961/3961/3961 3960/3960/3960 4044/4044/4044
f 3962/3962/3962 3961/3961/3961 4045/4045/4045
f 4023/4023/4023 4024/4024/4024 4066/4066/4066
f 4030/4030/4030 4031/4031/4031 4069/4069/4069
f 4031/4031/4031 4032/4032/4032 4070/4070/4070
f 4039/4039/4039 4038/4038/4038 4074/4074/4074
f 4040/4040/4040 4039/4039/4039 4075/4075/4075
f 4043/4043/4043 4042/4042/4042 4078/4078/4078
f 4044/4044/4044 4043/4043/4043 4079/4079/4079
f 4050/4050/4050 4049/4049/4049 4085/4085/4085
f 4059/4059/4059 4060/4060/4060 4096/4096/4096
f 4068/4068/4068 4069/4069/4069 4105/4105/4105
f 4069/4069/4069 4070/4070/4070 4106/4106/4106
f 1/1/1 11/11/11 47/47/47
f 15/15/15 13/13/13 49/49/49
f 17/17/17 15/15/15 51/51/51
f 16/16/16 18/18/18 54/54/54
f 19/19/19 17/17/17 53/53/53
f 18/18/18 20/20/20 56/56/56
f 21/21/21 19/19/19 55/55/55
f 27/27/27 30/30/30 66/66/66
f 36/36/36 28/28/28 64/64/64
f 37/37/37 47/47/47 83/83/83
f 50/50/50 52/52/52 90/90/90
f 53/53/53 51/51/51 88/88/88
f 52/52/52 54/54/54 93/93/93
f 57/57/57 55/55/55 94/94/94
f 56/56/56 58/58/58 98/98/98
f 63/63/63 66/66/66 107/107/107
f 72/72/72 64/64/64 105/105/105
f 73/73/73 83/83/83 128/128/128
f 82/82/82 87/87/87 134/134/134
f 86/86/86 89/89/89 138/138/138
f 91/91/91 88/88/88 135/135/135
f 97/97/97 94/94/94 143/143/143
f 114/114/114 127/127/127 223/223/223
f 125/125/125 132/132/132 229/229/229
f 135/135/135 130/130/130 224/224/224
f 131/131/131 136/136/136 238/238/238
f 139/139/139 135/135/135 230/230/230
f 140/140/140 146/146/146 256/256/256
f 144/144/144 152/152/152 264/264/264
f 190/190/190 177/177/177 282/282/282
f 193/193/193 181/181/181 285/285/285
f 194/194/194 197/197/197 327/327/327
f 197/197/197 201/201/201 334/334/334
f 200/200/200 217/217/217 356/356/356
f 224/224/224 216/216/216 349/349/349
f 230/230/230 224/224/224 357/357/357
f 225/225/225 235/235/235 372/372/372
f 231/231/231 240/240/240 376/376/376
f 240/240/240 249/249/249 380/380/380
f 258/258/258 248/248/248 377/377/377
f 265/265/265 257/257/257 381/381/381
f 274/274/274 265/265/265 385/385/385
f 287/287/287 272/272/272 389/389/389
f 301/301/301 285/285/285 396/396/396
f 312/312/312 300/300/300 405/405/405
f 314/314/314 306/306/306 415/415/415
f 315/315/315 319/319/319 458/458/458
f 318/318/318 323/323/323 464/464/464
f 325/325/325 320/320/320 459/459/459
f 322/322/322 326/326/326 471/471/471
f 329/329/329 325/325/325 465/465/465
f 326/326/326 333/333/333 481/481/481
f 335/335/335 328/328/328 472/472/472
f 330/330/330 353/353/353 500/500/500
f 357/357/357 349/349/349 496/496/496
f 350/350/350 358/358/358 504/504/504
f 358/358/358 366/366/366 507/507/507
f 373/373/373 365/365/365 505/505/505
f 366/366/366 374/374/374 510/510/510
f 377/377/377 373/373/373 508/508/508
f 386/386/386 382/382/382 515/515/515
f 383/383/383 387/387/387 521/521/521
f 391/391/391 385/385/385 518/518/518
f 399/399/399 390/390/390 522/522/522
f 407/407/407 397/397/397 528/528/528
f 421/421/421 405/405/405 534/534/534
f 434/434/434 421/421/421 541/541/541
f 441/441/441 432/432/432 551/551/551
f 443/443/443 437/437/437 562/562/562
f 445/445/445 440/440/440 565/565/565
f 446/446/446 449/449/449 605/605/605
f 448/448/448 452/452/452 612/612/612
f 451/451/451 457/457/457 619/619/619
f 460/460/460 454/454/454 613/613/613
f 455/455/455 462/462/462 625/625/625
f 466/466/466 460/460/460 620/620/620
f 461/461/461 469/469/469 633/633/633
f 467/467/467 477/477/477 640/640/640
f 475/475/475 497/497/497 654/654/654
f 501/501/501 495/495/495 652/652/652
f 497/497/497 504/504/504 658/658/658
f 505/505/505 502/502/502 656/656/656
f 503/503/503 506/506/506 662/662/662
f 506/506/506 509/509/509 666/666/666
f 511/511/511 508/508/508 663/663/663
f 515/515/515 511/511/511 667/667/667
f 524/524/524 519/519/519 675/675/675
f 530/530/530 522/522/522 678/678/678
f 536/536/536 528/528/528 683/683/683
f 531/531/531 537/537/537 692/692/692
f 542/542/542 535/535/535 688/688/688
f 553/553/553 541/541/541 693/693/693
f 568/568/568 553/553/553 699/699/699
f 580/580/580 567/567/567 705/705/705
f 589/589/589 580/580/580 714/714/714
f 596/596/596 588/588/588 721/721/721
f 597/597/597 601/601/601 751/751/751
f 599/599/599 604/604/604 758/758/758
f 607/607/607 602/602/602 752/752/752
f 603/603/603 611/611/611 765/765/765
f 614/614/614 607/607/607 759/759/759
f 608/608/608 616/616/616 769/769/769
f 615/615/615 623/623/623 774/774/774
f 622/622/622 631/631/631 781/781/781
f 636/636/636 628/628/628 775/775/775
f 629/629/629 638/638/638 786/786/786
f 637/637/637 653/653/653 799/799/799
f 653/653/653 657/657/657 804/804/804
f 657/657/657 662/662/662 808/808/808
f 668/668/668 664/664/664 809/809/809
f 672/672/672 668/668/668 812/812/812
f 675/675/675 671/671/671 815/815/815
f 685/685/685 678/678/678 823/823/823
f 695/695/695 689/689/689 832/832/832
f 700/700/700 694/694/694 836/836/836
f 707/707/707 700/700/700 842/842/842
f 714/714/714 705/705/705 849/849/849
f 722/722/722 714/714/714 856/856/856
f 734/734/734 722/722/722 861/861/861
f 742/742/742 732/732/732 867/867/867
f 743/743/743 750/750/750 903/903/903
f 747/747/747 756/756/756 908/908/908
f 760/760/760 753/753/753 904/904/904
f 754/754/754 762/762/762 913/913/913
f 766/766/766 759/759/759 909/909/909
f 761/761/761 768/768/768 920/920/920
f 767/767/767 773/773/773 927/927/927
f 772/772/772 780/780/780 932/932/932
f 783/783/783 776/776/776 928/928/928
f 777/777/777 784/784/784 936/936/936
f 787/787/787 782/782/782 933/933/933
f 784/784/784 798/798/798 950/950/950
f 798/798/798 803/803/803 955/955/955
f 803/803/803 807/807/807 958/958/958
f 812/812/812 809/809/809 959/959/959
f 830/830/830 834/834/834 987/987/987
f 838/838/838 833/833/833 984/984/984
f 844/844/844 838/838/838 988/988/988
f 852/852/852 843/843/843 992/992/992
f 857/857/857 850/850/850 998/998/998
f 862/862/862 857/857/857 1005/1005/1005
f 869/869/869 861/861/861 1010/1010/1010
f 881/881/881 869/869/869 1016/1016/1016
f 886/886/886 876/876/876 1022/1022/1022
f 889/889/889 880/880/880 1025/1025/1025
f 890/890/890 900/900/900 1058/1058/1058
f 897/897/897 905/905/905 1062/1062/1062
f 905/905/905 912/912/912 1067/1067/1067
f 915/915/915 910/910/910 1063/1063/1063
f 911/911/911 919/919/919 1072/1072/1072
f 922/922/922 915/915/915 1068/1068/1068
f 916/916/916 924/924/924 1075/1075/1075
f 928/928/928 922/922/922 1073/1073/1073
f 923/923/923 929/929/929 1079/1079/1079
f 929/929/929 936/936/936 1083/1083/1083
f 938/938/938 934/934/934 1081/1081/1081
f 935/935/935 949/949/949 1096/1096/1096
f 956/956/956 953/953/953 1098/1098/1098
f 954/954/954 957/957/957 1102/1102/1102
f 959/959/959 956/956/956 1101/1101/1101
f 981/981/981 977/977/977 1120/1120/1120
f 979/979/979 983/983/983 1127/1127/1127
f 985/985/985 981/981/981 1124/1124/1124
f 982/982/982 986/986/986 1130/1130/1130
f 989/989/989 985/985/985 1128/1128/1128
f 994/994/994 989/989/989 1131/1131/1131
f 1001/1001/1001 993/993/993 1134/1134/1134
f 1006/1006/1006 999/999/999 1139/1139/1139
f 1012/1012/1012 1006/1006/1006 1146/1146/1146
f 1017/1017/1017 1011/1011/1011 1152/1152/1152
f 1026/1026/1026 1016/1016/1016 1158/1158/1158
f 1018/1018/1018 1027/1027/1027 1164/1164/1164
f 1039/1039/1039 1026/1026/1026 1163/1163/1163
f 1044/1044/1044 1035/1035/1035 1169/1169/1169
f 1046/1046/1046 1037/1037/1037 1171/1171/1171
f 1047/1047/1047 1057/1057/1057 1203/1203/1203
f 1059/1059/1059 1054/1054/1054 1197/1197/1197
f 1055/1055/1055 1062/1062/1062 1209/1209/1209
f 1063/1063/1063 1059/1059/1059 1205/1205/1205
f 1060/1060/1060 1065/1065/1065 1213/1213/1213
f 1064/1064/1064 1070/1070/1070 1216/1216/1216
f 1069/1069/1069 1075/1075/1075 1220/1220/1220
f 1074/1074/1074 1079/1079/1079 1224/1224/1224
f 1078/1078/1078 1082/1082/1082 1227/1227/1227
f 1084/1084/1084 1080/1080/1080 1225/1225/1225
f 1082/1082/1082 1096/1096/1096 1241/1241/1241
f 1100/1100/1100 1097/1097/1097 1242/1242/1242
f 1104/1104/1104 1100/1100/1100 1245/1245/1245
f 1115/1115/1115 1118/1118/1118 1260/1260/1260
f 1121/1121/1121 1117/1117/1117 1258/1258/1258
f 1118/1118/1118 1122/1122/1122 1263/1263/1263
f 1125/1125/1125 1121/1121/1121 1261/1261/1261
f 1122/1122/1122 1126/1126/1126 1266/1266/1266
f 1129/1129/1129 1125/1125/1125 1264/1264/1264
f 1131/1131/1131 1128/1128/1128 1267/1267/1267
f 1130/1130/1130 1132/1132/1132 1273/1273/1273
f 1135/1135/1135 1131/1131/1131 1271/1271/1271
f 1142/1142/1142 1135/1135/1135 1274/1274/1274
f 1148/1148/1148 1141/1141/1141 1278/1278/1278
f 1154/1154/1154 1147/1147/1147 1282/1282/1282
f 1160/1160/1160 1153/1153/1153 1288/1288/1288
f 1163/1163/1163 1158/1158/1158 1294/1294/1294
f 1184/1184/1184 1172/1172/1172 1307/1307/1307
f 1185/1185/1185 1191/1191/1191 1329/1329/1329
f 1190/1190/1190 1203/1203/1203 1337/1337/1337
f 1204/1204/1204 1196/1196/1196 1331/1331/1331
f 1198/1198/1198 1206/1206/1206 1341/1341/1341
f 1210/1210/1210 1205/1205/1205 1339/1339/1339
f 1206/1206/1206 1212/1212/1212 1345/1345/1345
f 1214/1214/1214 1210/1210/1210 1343/1343/1343
f 1211/1211/1211 1215/1215/1215 1349/1349/1349
f 1215/1215/1215 1220/1220/1220 1354/1354/1354
f 1219/1219/1219 1224/1224/1224 1358/1358/1358
f 1223/1223/1223 1227/1227/1227 1361/1361/1361
f 1226/1226/1226 1240/1240/1240 1374/1374/1374
f 1243/1243/1243 1246/1246/1246 1380/1380/1380
f 1249/1249/1249 1245/1245/1245 1378/1378/1378
f 1252/1252/1252 1248/1248/1248 1381/1381/1381
f 1258/1258/1258 1255/1255/1255 1389/1389/1389
f 1261/1261/1261 1258/1258/1258 1393/1393/1393
f 1264/1264/1264 1261/1261/1261 1397/1397/1397
f 1262/1262/1262 1265/1265/1265 1402/1402/1402
f 1275/1275/1275 1272/1272/1272 1406/1406/1406
f 1273/1273/1273 1276/1276/1276 1411/1411/1411
f 1279/1279/1279 1274/1274/1274 1409/1409/1409
f 1277/1277/1277 1280/1280/1280 1414/1414/1414
f 1284/1284/1284 1279/1279/1279 1413/1413/1413
f 1290/1290/1290 1283/1283/1283 1415/1415/1415
f 1297/1297/1297 1289/1289/1289 1419/1419/1419
f 1302/1302/1302 1295/1295/1295 1423/1423/1423
f 1308/1308/1308 1301/1301/1301 1429/1429/1429
f 1325/1325/1325 1332/1332/1332 1469/1469/1469
f 1327/1327/1327 1336/1336/1336 1473/1473/1473
f 1332/1332/1332 1341/1341/1341 1477/1477/1477
f 1342/1342/1342 1338/1338/1338 1474/1474/1474
f 1340/1340/1340 1344/1344/1344 1481/1481/1481
f 1346/1346/1346 1342/1342/1342 1478/1478/1478
f 1344/1344/1344 1349/1349/1349 1484/1484/1484
f 1348/1348/1348 1353/1353/1353 1488/1488/1488
f 1352/1352/1352 1357/1357/1357 1492/1492/1492
f 1359/1359/1359 1355/1355/1355 1489/1489/1489
f 1356/1356/1356 1360/1360/1360 1496/1496/1496
f 1362/1362/1362 1359/1359/1359 1493/1493/1493
f 1360/1360/1360 1374/1374/1374 1510/1510/1510
f 1375/1375/1375 1373/1373/1373 1508/1508/1508
f 1374/1374/1374 1377/1377/1377 1514/1514/1514
f 1386/1386/1386 1382/1382/1382 1519/1519/1519
f 1383/1383/1383 1387/1387/1387 1523/1523/1523
f 1387/1387/1387 1391/1391/1391 1525/1525/1525
f 1391/1391/1391 1395/1395/1395 1527/1527/1527
f 1398/1398/1398 1394/1394/1394 1526/1526/1526
f 1395/1395/1395 1399/1399/1399 1531/1531/1531
f 1401/1401/1401 1397/1397/1397 1529/1529/1529
f 1403/1403/1403 1401/1401/1401 1533/1533/1533
f 1406/1406/1406 1403/1403/1403 1536/1536/1536
f 1405/1405/1405 1407/1407/1407 1541/1541/1541
f 1408/1408/1408 1412/1412/1412 1546/1546/1546
f 1413/1413/1413 1409/1409/1409 1543/1543/1543
f 1416/1416/1416 1413/1413/1413 1547/1547/1547
f 1420/1420/1420 1415/1415/1415 1549/1549/1549
f 1426/1426/1426 1420/1420/1420 1553/1553/1553
f 1431/1431/1431 1424/1424/1424 1558/1558/1558
f 1438/1438/1438 1430/1430/1430 1564/1564/1564
f 1449/1449/1449 1435/1435/1435 1570/1570/1570
f 1451/1451/1451 1446/1446/1446 1582/1582/1582
f 1452/1452/1452 1464/1464/1464 1604/1604/1604
f 1468/1468/1468 1476/1476/1476 1611/1611/1611
f 1479/1479/1479 1475/1475/1475 1609/1609/1609
f 1476/1476/1476 1481/1481/1481 1616/1616/1616
f 1482/1482/1482 1478/1478/1478 1612/1612/1612
f 1480/1480/1480 1483/1483/1483 1620/1620/1620
f 1487/1487/1487 1492/1492/1492 1628/1628/1628
f 1491/1491/1491 1496/1496/1496 1631/1631/1631
f 1495/1495/1495 1509/1509/1509 1643/1643/1643
f 1511/1511/1511 1508/1508/1508 1642/1642/1642
f 1509/1509/1509 1513/1513/1513 1646/1646/1646
f 1524/1524/1524 1522/1522/1522 1653/1653/1653
f 1523/1523/1523 1525/1525/1525 1657/1657/1657
f 1526/1526/1526 1524/1524/1524 1656/1656/1656
f 1528/1528/1528 1532/1532/1532 1664/1664/1664
f 1534/1534/1534 1530/1530/1530 1662/1662/1662
f 1537/1537/1537 1534/1534/1534 1665/1665/1665
f 1535/1535/1535 1538/1538/1538 1670/1670/1670
f 1540/1540/1540 1536/1536/1536 1668/1668/1668
f 1544/1544/1544 1540/1540/1540 1672/1672/1672
f 1547/1547/1547 1543/1543/1543 1675/1675/1675
f 1548/1548/1548 1551/1551/1551 1687/1687/1687
f 1554/1554/1554 1550/1550/1550 1685/1685/1685
f 1566/1566/1566 1559/1559/1559 1693/1693/1693
f 1585/1585/1585 1570/1570/1570 1704/1704/1704
f 1589/1589/1589 1582/1582/1582 1714/1714/1714
f 1590/1590/1590 1602/1602/1602 1746/1746/1746
f 1598/1598/1598 1608/1608/1608 1750/1750/1750
f 1609/1609/1609 1606/1606/1606 1748/1748/1748
f 1613/1613/1613 1609/1609/1609 1752/1752/1752
f 1610/1610/1610 1615/1615/1615 1759/1759/1759
f 1614/1614/1614 1619/1619/1619 1762/1762/1762
f 1619/1619/1619 1624/1624/1624 1766/1766/1766
f 1626/1626/1626 1622/1622/1622 1764/1764/1764
f 1623/1623/1623 1627/1627/1627 1769/1769/1769
f 1629/1629/1629 1626/1626/1626 1768/1768/1768
f 1630/1630/1630 1643/1643/1643 1784/1784/1784
f 1647/1647/1647 1644/1644/1644 1785/1785/1785
f 1646/1646/1646 1649/1649/1649 1788/1788/1788
f 1650/1650/1650 1647/1647/1647 1787/1787/1787
f 1653/1653/1653 1650/1650/1650 1789/1789/1789
f 1656/1656/1656 1653/1653/1653 1792/1792/1792
f 1655/1655/1655 1658/1658/1658 1800/1800/1800
f 1658/1658/1658 1661/1661/1661 1804/1804/1804
f 1662/1662/1662 1659/1659/1659 1801/1801/1801
f 1672/1672/1672 1668/1668/1668 1811/1811/1811
f 1676/1676/1676 1672/1672/1672 1814/1814/1814
f 1681/1681/1681 1676/1676/1676 1816/1816/1816
f 1685/1685/1685 1680/1680/1680 1819/1819/1819
f 1694/1694/1694 1688/1688/1688 1826/1826/1826
f 1699/1699/1699 1692/1692/1692 1829/1829/1829
f 1707/1707/1707 1698/1698/1698 1834/1834/1834
f 1719/1719/1719 1706/1706/1706 1840/1840/1840
f 1730/1730/1730 1718/1718/1718 1846/1846/1846
f 1731/1731/1731 1743/1743/1743 1873/1873/1873
f 1742/1742/1742 1750/1750/1750 1877/1877/1877
f 1751/1751/1751 1747/1747/1747 1875/1875/1875
f 1749/1749/1749 1755/1755/1755 1882/1882/1882
f 1760/1760/1760 1756/1756/1756 1884/1884/1884
f 1758/1758/1758 1762/1762/1762 1889/1889/1889
f 1763/1763/1763 1760/1760/1760 1888/1888/1888
f 1762/1762/1762 1766/1766/1766 1892/1892/1892
f 1767/1767/1767 1763/1763/1763 1890/1890/1890
f 1765/1765/1765 1769/1769/1769 1895/1895/1895
f 1770/1770/1770 1768/1768/1768 1894/1894/1894
f 1773/1773/1773 1770/1770/1770 1897/1897/1897
f 1787/1787/1787 1785/1785/1785 1913/1913/1913
f 1786/1786/1786 1788/1788/1788 1916/1916/1916
f 1789/1789/1789 1787/1787/1787 1915/1915/1915
f 1788/1788/1788 1790/1790/1790 1918/1918/1918
f 1796/1796/1796 1792/1792/1792 1919/1919/1919
f 1802/1802/1802 1797/1797/1797 1922/1922/1922
f 1806/1806/1806 1802/1802/1802 1926/1926/1926
f 1808/1808/1808 1805/1805/1805 1929/1929/1929
f 1812/1812/1812 1808/1808/1808 1932/1932/1932
f 1814/1814/1814 1811/1811/1811 1936/1936/1936
f 1815/1815/1815 1817/1817/1817 1944/1944/1944
f 1820/1820/1820 1816/1816/1816 1943/1943/1943
f 1821/1821/1821 1824/1824/1824 1950/1950/1950
f 1827/1827/1827 1823/1823/1823 1949/1949/1949
f 1831/1831/1831 1826/1826/1826 1952/1952/1952
f 1828/1828/1828 1832/1832/1832 1958/1958/1958
f 1836/1836/1836 1830/1830/1830 1956/1956/1956
f 1833/1833/1833 1837/1837/1837 1964/1964/1964
f 1841/1841/1841 1834/1834/1834 1961/1961/1961
f 1838/1838/1838 1842/1842/1842 1969/1969/1969
f 1859/1859/1859 1846/1846/1846 1976/1976/1976
f 1860/1860/1860 1873/1873/1873 2003/2003/2003
f 1874/1874/1874 1869/1869/1869 2000/2000/2000
f 1871/1871/1871 1876/1876/1876 2007/2007/2007
f 1876/1876/1876 1882/1882/1882 2011/2011/2011
f 1881/1881/1881 1886/1886/1886 2015/2015/2015
f 1887/1887/1887 1883/1883/1883 2012/2012/2012
f 1890/1890/1890 1888/1888/1888 2017/2017/2017
f 1889/1889/1889 1892/1892/1892 2023/2023/2023
f 1891/1891/1891 1895/1895/1895 2026/2026/2026
f 1896/1896/1896 1893/1893/1893 2025/2025/2025
f 1900/1900/1900 1896/1896/1896 2028/2028/2028
f 1913/1913/1913 1911/1911/1911 2043/2043/2043
f 1912/1912/1912 1914/1914/1914 2047/2047/2047
f 1914/1914/1914 1916/1916/1916 2050/2050/2050
f 1917/1917/1917 1915/1915/1915 2049/2049/2049
f 1916/1916/1916 1918/1918/1918 2053/2053/2053
f 1925/1925/1925 1921/1921/1921 2058/2058/2058
f 1930/1930/1930 1926/1926/1926 2061/2061/2061
f 1933/1933/1933 1930/1930/1930 2065/2065/2065
f 1931/1931/1931 1934/1934/1934 2069/2069/2069
f 1942/1942/1942 1944/1944/1944 2080/2080/2080
f 1948/1948/1948 1950/1950/1950 2087/2087/2087
f 1951/1951/1951 1954/1954/1954 2091/2091/2091
f 1957/1957/1957 1952/1952/1952 2089/2089/2089
f 1955/1955/1955 1959/1959/1959 2097/2097/2097
f 1963/1963/1963 1956/1956/1956 2095/2095/2095
f 1960/1960/1960 1965/1965/1965 2106/2106/2106
f 1968/1968/1968 1961/1961/1961 2102/2102/2102
f 1966/1966/1966 1970/1970/1970 2113/2113/2113
f 1972/1972/1972 1979/1979/1979 2124/2124/2124
f 1975/1975/1975 1983/1983/1983 2127/2127/2127
f 1990/1990/1990 2002/2002/2002 2146/2146/2146
f 2004/2004/2004 2000/2000/2000 2144/2144/2144
f 2001/2001/2001 2007/2007/2007 2151/2151/2151
f 2005/2005/2005 2009/2009/2009 2155/2155/2155
f 2012/2012/2012 2008/2008/2008 2153/2153/2153
f 2009/2009/2009 2014/2014/2014 2159/2159/2159
f 2013/2013/2013 2018/2018/2018 2162/2162/2162
f 2020/2020/2020 2016/2016/2016 2161/2161/2161
f 2018/2018/2018 2022/2022/2022 2165/2165/2165
f 2024/2024/2024 2020/2020/2020 2164/2164/2164
f 2026/2026/2026 2030/2030/2030 2172/2172/2172
f 2029/2029/2029 2044/2044/2044 2186/2186/2186
f 2045/2045/2045 2042/2042/2042 2185/2185/2185
f 2044/2044/2044 2047/2047/2047 2189/2189/2189
f 2049/2049/2049 2046/2046/2046 2188/2188/2188
f 2047/2047/2047 2050/2050/2050 2192/2192/2192
f 2055/2055/2055 2052/2052/2052 2194/2194/2194
f 2056/2056/2056 2059/2059/2059 2201/2201/2201
f 2064/2064/2064 2060/2060/2060 2202/2202/2202
f 2071/2071/2071 2067/2067/2067 2207/2207/2207
f 2069/2069/2069 2072/2072/2072 2211/2211/2211
f 2073/2073/2073 2077/2077/2077 2215/2215/2215
f 2078/2078/2078 2074/2074/2074 2213/2213/2213
f 2081/2081/2081 2084/2084/2084 2221/2221/2221
f 2086/2086/2086 2082/2082/2082 2220/2220/2220
f 2085/2085/2085 2088/2088/2088 2225/2225/2225
f 2092/2092/2092 2097/2097/2097 2234/2234/2234
f 2094/2094/2094 2101/2101/2101 2239/2239/2239
f 2098/2098/2098 2106/2106/2106 2244/2244/2244
f 2107/2107/2107 2113/2113/2113 2252/2252/2252
f 2110/2110/2110 2118/2118/2118 2256/2256/2256
f 2126/2126/2126 2116/2116/2116 2255/2255/2255
f 2120/2120/2120 2131/2131/2131 2270/2270/2270
f 2134/2134/2134 2146/2146/2146 2291/2291/2291
f 2147/2147/2147 2143/2143/2143 2283/2283/2283
f 2145/2145/2145 2151/2151/2151 2300/2300/2300
f 2149/2149/2149 2155/2155/2155 2306/2306/2306
f 2154/2154/2154 2158/2158/2158 2311/2311/2311
f 2163/2163/2163 2160/2160/2160 2312/2312/2312
f 2166/2166/2166 2163/2163/2163 2317/2317/2317
f 2168/2168/2168 2172/2172/2172 2329/2329/2329
f 2171/2171/2171 2186/2186/2186 2343/2343/2343
f 2189/2189/2189 2192/2192/2192 2347/2347/2347
f 2192/2192/2192 2195/2195/2195 2349/2349/2349
f 2200/2200/2200 2197/2197/2197 2351/2351/2351
f 2202/2202/2202 2200/2200/2200 2354/2354/2354
f 2201/2201/2201 2203/2203/2203 2359/2359/2359
f 2204/2204/2204 2206/2206/2206 2363/2363/2363
f 2207/2207/2207 2205/2205/2205 2362/2362/2362
f 2208/2208/2208 2211/2211/2211 2370/2370/2370
f 2212/2212/2212 2215/2215/2215 2373/2373/2373
f 2217/2217/2217 2214/2214/2214 2372/2372/2372
f 2215/2215/2215 2218/2218/2218 2377/2377/2377
f 2220/2220/2220 2216/2216/2216 2375/2375/2375
f 2219/2219/2219 2221/2221/2221 2381/2381/2381
f 2225/2225/2225 2228/2228/2228 2387/2387/2387
f 2229/2229/2229 2234/2234/2234 2393/2393/2393
f 2238/2238/2238 2230/2230/2230 2389/2389/2389
f 2236/2236/2236 2245/2245/2245 2403/2403/2403
f 2247/2247/2247 2237/2237/2237 2397/2397/2397
f 2239/2239/2239 2248/2248/2248 2408/2408/2408
f 2246/2246/2246 2253/2253/2253 2413/2413/2413
f 2255/2255/2255 2247/2247/2247 2406/2406/2406
f 2248/2248/2248 2256/2256/2256 2417/2417/2417
f 2254/2254/2254 2263/2263/2263 2424/2424/2424
f 2256/2256/2256 2266/2266/2266 2428/2428/2428
f 2272/2272/2272 2289/2289/2289 2457/2457/2457
f 2292/2292/2292 2282/2282/2282 2450/2450/2450
f 2307/2307/2307 2301/2301/2301 2460/2460/2460
f 2312/2312/2312 2307/2307/2307 2461/2461/2461
f 2326/2326/2326 2322/2322/2322 2467/2467/2467
f 2324/2324/2324 2328/2328/2328 2472/2472/2472
f 2328/2328/2328 2343/2343/2343 2486/2486/2486
f 2343/2343/2343 2345/2345/2345 2489/2489/2489
f 2348/2348/2348 2346/2346/2346 2491/2491/2491
f 2349/2349/2349 2352/2352/2352 2498/2498/2498
f 2353/2353/2353 2350/2350/2350 2497/2497/2497
f 2352/2352/2352 2355/2355/2355 2502/2502/2502
f 2356/2356/2356 2360/2360/2360 2506/2506/2506
f 2361/2361/2361 2357/2357/2357 2504/2504/2504
f 2364/2364/2364 2361/2361/2361 2507/2507/2507
f 2363/2363/2363 2366/2366/2366 2512/2512/2512
f 2367/2367/2367 2371/2371/2371 2516/2516/2516
f 2371/2371/2371 2373/2373/2373 2518/2518/2518
f 2376/2376/2376 2372/2372/2372 2517/2517/2517
f 2374/2374/2374 2378/2378/2378 2522/2522/2522
f 2380/2380/2380 2375/2375/2375 2520/2520/2520
f 2386/2386/2386 2383/2383/2383 2527/2527/2527
f 2396/2396/2396 2404/2404/2404 2542/2542/2542
f 2412/2412/2412 2400/2400/2400 2539/2539/2539
f 2405/2405/2405 2414/2414/2414 2552/2552/2552
f 2414/2414/2414 2424/2424/2424 2563/2563/2563
f 2431/2431/2431 2442/2442/2442 2578/2578/2578
f 2460/2460/2460 2459/2459/2459 2586/2586/2586
f 2461/2461/2461 2460/2460/2460 2587/2587/2587
f 2467/2467/2467 2463/2463/2463 2592/2592/2592
f 2471/2471/2471 2467/2467/2467 2594/2594/2594
f 2472/2472/2472 2486/2486/2486 2618/2618/2618
f 2488/2488/2488 2485/2485/2485 2617/2617/2617
f 2487/2487/2487 2490/2490/2490 2621/2621/2621
f 2491/2491/2491 2488/2488/2488 2620/2620/2620
f 2496/2496/2496 2499/2499/2499 2627/2627/2627
f 2499/2499/2499 2503/2503/2503 2630/2630/2630
f 2506/2506/2506 2509/2509/2509 2636/2636/2636
f 2509/2509/2509 2512/2512/2512 2640/2640/2640
f 2513/2513/2513 2516/2516/2516 2644/2644/2644
f 2522/2522/2522 2525/2525/2525 2654/2654/2654
f 2526/2526/2526 2529/2529/2529 2658/2658/2658
f 2530/2530/2530 2527/2527/2527 2656/2656/2656
f 2532/2532/2532 2535/2535/2535 2666/2666/2666
f 2543/2543/2543 2552/2552/2552 2688/2688/2688
f 2546/2546/2546 2560/2560/2560 2695/2695/2695
f 2586/2586/2586 2585/2585/2585 2716/2716/2716
f 2587/2587/2587 2586/2586/2586 2717/2717/2717
f 2588/2588/2588 2587/2587/2587 2718/2718/2718
f 2591/2591/2591 2589/2589/2589 2720/2720/2720
f 2593/2593/2593 2591/2591/2591 2722/2722/2722
f 2595/2595/2595 2593/2593/2593 2724/2724/2724
f 2600/2600/2600 2595/2595/2595 2725/2725/2725
f 2605/2605/2605 2599/2599/2599 2726/2726/2726
f 2604/2604/2604 2619/2619/2619 2745/2745/2745
f 2620/2620/2620 2617/2617/2617 2744/2744/2744
f 2622/2622/2622 2620/2620/2620 2746/2746/2746
f 2621/2621/2621 2623/2623/2623 2749/2749/2749
f 2624/2624/2624 2622/2622/2622 2748/2748/2748
f 2623/2623/2623 2625/2625/2625 2752/2752/2752
f 2626/2626/2626 2624/2624/2624 2751/2751/2751
f 2628/2628/2628 2626/2626/2626 2754/2754/2754
f 2631/2631/2631 2629/2629/2629 2757/2757/2757
f 2630/2630/2630 2632/2632/2632 2762/2762/2762
f 2633/2633/2633 2637/2637/2637 2766/2766/2766
f 2637/2637/2637 2641/2641/2641 2768/2768/2768
f 2642/2642/2642 2638/2638/2638 2767/2767/2767
f 2644/2644/2644 2647/2647/2647 2775/2775/2775
f 2651/2651/2651 2654/2654/2654 2783/2783/2783
f 2655/2655/2655 2658/2658/2658 2786/2786/2786
f 2658/2658/2658 2661/2661/2661 2791/2791/2791
f 2663/2663/2663 2667/2667/2667 2797/2797/2797
f 2672/2672/2672 2664/2664/2664 2796/2796/2796
f 2669/2669/2669 2673/2673/2673 2806/2806/2806
f 2675/2675/2675 2689/2689/2689 2820/2820/2820
f 2682/2682/2682 2695/2695/2695 2822/2822/2822
f 2698/2698/2698 2709/2709/2709 2835/2835/2835
f 2710/2710/2710 2701/2701/2701 2827/2827/2827
f 2717/2717/2717 2716/2716/2716 2843/2843/2843
f 2721/2721/2721 2719/2719/2719 2847/2847/2847
f 2723/2723/2723 2721/2721/2721 2848/2848/2848
f 2725/2725/2725 2724/2724/2724 2850/2850/2850
f 2746/2746/2746 2744/2744/2744 2871/2871/2871
f 2745/2745/2745 2747/2747/2747 2875/2875/2875
f 2748/2748/2748 2746/2746/2746 2874/2874/2874
f 2753/2753/2753 2750/2750/2750 2880/2880/2880
f 2752/2752/2752 2755/2755/2755 2886/2886/2886
f 2755/2755/2755 2758/2758/2758 2889/2889/2889
f 2760/2760/2760 2756/2756/2756 2888/2888/2888
f 2759/2759/2759 2763/2763/2763 2892/2892/2892
f 2768/2768/2768 2771/2771/2771 2900/2900/2900
f 2772/2772/2772 2776/2776/2776 2904/2904/2904
f 2780/2780/2780 2784/2784/2784 2911/2911/2911
f 2784/2784/2784 2786/2786/2786 2914/2914/2914
f 2788/2788/2788 2793/2793/2793 2919/2919/2919
f 2794/2794/2794 2798/2798/2798 2926/2926/2926
f 2800/2800/2800 2807/2807/2807 2939/2939/2939
f 2836/2836/2836 2826/2826/2826 2952/2952/2952
f 2844/2844/2844 2842/2842/2842 2968/2968/2968
f 2846/2846/2846 2845/2845/2845 2973/2973/2973
f 2851/2851/2851 2849/2849/2849 2977/2977/2977
f 2858/2858/2858 2872/2872/2872 3000/3000/3000
f 2873/2873/2873 2876/2876/2876 3004/3004/3004
f 2881/2881/2881 2877/2877/2877 3005/3005/3005
f 2884/2884/2884 2880/2880/2880 3007/3007/3007
f 2883/2883/2883 2887/2887/2887 3012/3012/3012
f 2887/2887/2887 2890/2890/2890 3014/3014/3014
f 2895/2895/2895 2893/2893/2893 3017/3017/3017
f 2894/2894/2894 2896/2896/2896 3022/3022/3022
f 2897/2897/2897 2901/2901/2901 3027/3027/3027
f 2904/2904/2904 2907/2907/2907 3034/3034/3034
f 2908/2908/2908 2911/2911/2911 3039/3039/3039
f 2911/2911/2911 2914/2914/2914 3043/3043/3043
f 2916/2916/2916 2919/2919/2919 3049/3049/3049
f 2921/2921/2921 2927/2927/2927 3063/3063/3063
f 2928/2928/2928 2939/2939/2939 3076/3076/3076
f 2931/2931/2931 2945/2945/2945 3081/3081/3081
f 2969/2969/2969 2965/2965/2965 3095/3095/3095
f 2974/2974/2974 2973/2973/2973 3101/3101/3101
f 2975/2975/2975 2974/2974/2974 3106/3106/3106
f 2977/2977/2977 2976/2976/2976 3110/3110/3110
f 3005/3005/3005 3003/3003/3003 3136/3136/3136
f 3008/3008/3008 3005/3005/3005 3139/3139/3139
f 3006/3006/3006 3009/3009/3009 3143/3143/3143
f 3009/3009/3009 3012/3012/3012 3145/3145/3145
f 3013/3013/3013 3011/3011/3011 3144/3144/3144
f 3015/3015/3015 3013/3013/3013 3146/3146/3146
f 3017/3017/3017 3015/3015/3015 3148/3148/3148
f 3016/3016/3016 3018/3018/3018 3153/3153/3153
f 3019/3019/3019 3023/3023/3023 3158/3158/3158
f 3027/3027/3027 3030/3030/3030 3167/3167/3167
f 3031/3031/3031 3035/3035/3035 3174/3174/3174
f 3035/3035/3035 3039/3039/3039 3180/3180/3180
f 3040/3040/3040 3044/3044/3044 3193/3193/3193
f 3047/3047/3047 3041/3041/3041 3192/3192/3192
f 3046/3046/3046 3050/3050/3050 3211/3211/3211
f 3052/3052/3052 3064/3064/3064 3227/3227/3227
f 3096/3096/3096 3094/3094/3094 3244/3244/3244
f 3102/3102/3102 3097/3097/3097 3247/3247/3247
f 3108/3108/3108 3106/3106/3106 3253/3253/3253
f 3111/3111/3111 3109/3109/3109 3261/3261/3261
f 3113/3113/3113 3112/3112/3112 3264/3264/3264
f 3121/3121/3121 3135/3135/3135 3291/3291/3291
f 3136/3136/3136 3133/3133/3133 3290/3290/3290
f 3139/3139/3139 3136/3136/3136 3294/3294/3294
f 3142/3142/3142 3139/3139/3139 3297/3297/3297
f 3144/3144/3144 3142/3142/3142 3301/3301/3301
f 3148/3148/3148 3146/3146/3146 3308/3308/3308
f 3147/3147/3147 3149/3149/3149 3314/3314/3314
f 3150/3150/3150 3154/3154/3154 3318/3318/3318
f 3154/3154/3154 3158/3158/3158 3322/3322/3322
f 3158/3158/3158 3162/3162/3162 3328/3328/3328
f 3163/3163/3163 3168/3168/3168 3337/3337/3337
f 3169/3169/3169 3175/3175/3175 3350/3350/3350
f 3175/3175/3175 3181/3181/3181 3364/3364/3364
f 3183/3183/3183 3195/3195/3195 3380/3380/3380
f 3187/3187/3187 3205/3205/3205 3388/3388/3388
f 3245/3245/3245 3243/3243/3243 3400/3400/3400
f 3248/3248/3248 3246/3246/3246 3403/3403/3403
f 3254/3254/3254 3249/3249/3249 3406/3406/3406
f 3259/3259/3259 3255/3255/3255 3409/3409/3409
f 3262/3262/3262 3260/3260/3260 3413/3413/3413
f 3267/3267/3267 3265/3265/3265 3420/3420/3420
f 3294/3294/3294 3290/3290/3290 3460/3460/3460
f 3297/3297/3297 3294/3294/3294 3463/3463/3463
f 3307/3307/3307 3311/3311/3311 3479/3479/3479
f 3313/3313/3313 3309/3309/3309 3478/3478/3478
f 3311/3311/3311 3315/3315/3315 3485/3485/3485
f 3317/3317/3317 3312/3312/3312 3483/3483/3483
f 3315/3315/3315 3318/3318/3318 3493/3493/3493
f 3321/3321/3321 3316/3316/3316 3491/3491/3491
f 3319/3319/3319 3323/3323/3323 3502/3502/3502
f 3324/3324/3324 3330/3330/3330 3512/3512/3512
f 3332/3332/3332 3340/3340/3340 3525/3525/3525
f 3341/3341/3341 3353/3353/3353 3536/3536/3536
f 3354/3354/3354 3368/3368/3368 3544/3544/3544
f 3401/3401/3401 3399/3399/3399 3558/3558/3558
f 3404/3404/3404 3402/3402/3402 3569/3569/3569
f 3407/3407/3407 3405/3405/3405 3573/3573/3573
f 3414/3414/3414 3410/3410/3410 3578/3578/3578
f 3423/3423/3423 3415/3415/3415 3584/3584/3584
f 3422/3422/3422 3436/3436/3436 3607/3607/3607
f 3438/3438/3438 3425/3425/3425 3596/3596/3596
f 3437/3437/3437 3449/3449/3449 3618/3618/3618
f 3450/3450/3450 3441/3441/3441 3617/3617/3617
f 3463/3463/3463 3460/3460/3460 3635/3635/3635
f 3473/3473/3473 3477/3477/3477 3653/3653/3653
f 3478/3478/3478 3475/3475/3475 3652/3652/3652
f 3484/3484/3484 3478/3478/3478 3659/3659/3659
f 3480/3480/3480 3486/3486/3486 3668/3668/3668
f 3482/3482/3482 3490/3490/3490 3672/3672/3672
f 3489/3489/3489 3497/3497/3497 3676/3676/3676
f 3497/3497/3497 3505/3505/3505 3689/3689/3689
f 3507/3507/3507 3516/3516/3516 3702/3702/3702
f 3516/3516/3516 3527/3527/3527 3712/3712/3712
f 3528/3528/3528 3538/3538/3538 3719/3719/3719
f 3570/3570/3570 3567/3567/3567 3732/3732/3732
f 3574/3574/3574 3571/3571/3571 3742/3742/3742
f 3577/3577/3577 3575/3575/3575 3753/3753/3753
f 3582/3582/3582 3577/3577/3577 3764/3764/3764
f 3581/3581/3581 3590/3590/3590 3781/3781/3781
f 3593/3593/3593 3583/3583/3583 3776/3776/3776
f 3592/3592/3592 3608/3608/3608 3788/3788/3788
f 3610/3610/3610 3593/3593/3593 3787/3787/3787
f 3609/3609/3609 3619/3619/3619 3795/3795/3795
f 3620/3620/3620 3612/3612/3612 3794/3794/3794
f 3619/3619/3619 3637/3637/3637 3814/3814/3814
f 3638/3638/3638 3635/3635/3635 3813/3813/3813
f 3645/3645/3645 3648/3648/3648 3856/3856/3856
f 3652/3652/3652 3646/3646/3646 3855/3855/3855
f 3649/3649/3649 3655/3655/3655 3868/3868/3868
f 3651/3651/3651 3658/3658/3658 3871/3871/3871
f 3659/3659/3659 3652/3652/3652 3867/3867/3867
f 3665/3665/3665 3673/3673/3673 3888/3888/3888
f 3673/3673/3673 3678/3678/3678 3899/3899/3899
f 3678/3678/3678 3691/3691/3691 3916/3916/3916
f 3683/3683/3683 3697/3697/3697 3923/3923/3923
f 3691/3691/3691 3702/3702/3702 3927/3927/3927
f 3703/3703/3703 3713/3713/3713 3933/3933/3933
f 3751/3751/3751 3741/3741/3741 3941/3941/3941
f 3796/3796/3796 3792/3792/3792 3949/3949/3949
f 3817/3817/3817 3796/3796/3796 3953/3953/3953
f 3814/3814/3814 3830/3830/3830 3971/3971/3971
f 3833/3833/3833 3817/3817/3817 3966/3966/3966
f 3850/3850/3850 3836/3836/3836 3977/3977/3977
f 3855/3855/3855 3843/3843/3843 3980/3980/3980
f 3848/3848/3848 3860/3860/3860 3991/3991/3991
f 3862/3862/3862 3850/3850/3850 3987/3987/3987
f 3854/3854/3854 3866/3866/3866 3996/3996/3996
f 3861/3861/3861 3872/3872/3872 3999/3999/3999
f 3873/3873/3873 3863/3863/3863 3995/3995/3995
f 3866/3866/3866 3876/3876/3876 4003/4003/4003
f 3872/3872/3872 3880/3880/3880 4006/4006/4006
f 3881/3881/3881 3873/3873/3873 4002/4002/4002
f 3877/3877/3877 3885/3885/3885 4011/4011/4011
f 3885/3885/3885 3895/3895/3895 4020/4020/4020
f 3896/3896/3896 3908/3908/3908 4028/4028/4028
f 3915/3915/3915 3897/3897/3897 4023/4023/4023
f 3900/3900/3900 3917/3917/3917 4036/4036/4036
f 3954/3954/3954 3968/3968/3968 4048/4048/4048
f 3969/3969/3969 3962/3962/3962 4046/4046/4046
f 3967/3967/3967 3979/3979/3979 4051/4051/4051
f 3990/3990/3990 3980/3980/3980 4052/4052/4052
f 3998/3998/3998 3990/3990/3990 4054/4054/4054
f 3997/3997/3997 4004/4004/4004 4057/4057/4057
f 4012/4012/4012 4021/4021/4021 4063/4063/4063
f 4024/4024/4024 4013/4013/4013 4061/4061/4061
f 4022/4022/4022 4029/4029/4029 4067/4067/4067
f 4049/4049/4049 4046/4046/4046 4082/4082/4082
f 4047/4047/4047 4051/4051/4051 4087/4087/4087
f 4051/4051/4051 4053/4053/4053 4089/4089/4089
f 4054/4054/4054 4052/4052/4052 4088/4088/4088
f 4057/4057/4057 4059/4059/4059 4095/4095/4095
f 4060/4060/4060 4063/4063/4063 4099/4099/4099
f 89/89/89 86/86/86 90/90/90
f 127/127/127 114/114/114 128/128/128
f 133/133/133 126/126/126 134/134/134
f 136/136/136 131/131/131 137/137/137
f 140/140/140 136/136/136 141/141/141
f 141/141/141 137/137/137 142/142/142
f 146/146/146 140/140/140 147/147/147
f 152/152/152 144/144/144 153/153/153
f 153/153/153 145/145/145 154/154/154
f 155/155/155 147/147/147 156/156/156
f 163/163/163 155/155/155 164/164/164
f 172/172/172 161/161/161 173/173/173
f 174/174/174 163/163/163 175/175/175
f 175/175/175 164/164/164 176/176/176
f 186/186/186 173/173/173 187/187/187
f 187/187/187 174/174/174 188/188/188
f 188/188/188 175/175/175 189/189/189
f 189/189/189 176/176/176 190/190/190
f 192/192/192 180/180/180 193/193/193
f 197/197/197 194/194/194 198/198/198
f 198/198/198 195/195/195 199/199/199
f 201/201/201 197/197/197 202/202/202
f 217/217/217 200/200/200 218/218/218
f 221/221/221 204/204/204 222/222/222
f 222/222/222 205/205/205 223/223/223
f 225/225/225 217/217/217 226/226/226
f 226/226/226 218/218/218 227/227/227
f 228/228/228 220/220/220 229/229/229
f 235/235/235 225/225/225 236/236/236
f 236/236/236 226/226/226 237/237/237
f 237/237/237 227/227/227 238/238/238
f 240/240/240 231/231/231 241/241/241
f 241/241/241 232/232/232 242/242/242
f 242/242/242 233/233/233 243/243/243
f 243/243/243 234/234/234 244/244/244
f 246/246/246 237/237/237 247/247/247
f 250/250/250 241/241/241 251/251/251
f 254/254/254 245/245/245 255/255/255
f 255/255/255 246/246/246 256/256/256
f 260/260/260 250/250/250 261/261/261
f 261/261/261 251/251/251 262/262/262
f 263/263/263 253/253/253 264/264/264
f 268/268/268 261/261/261 269/269/269
f 269/269/269 262/262/262 270/270/270
f 270/270/270 263/263/263 271/271/271
f 277/277/277 268/268/268 278/278/278
f 289/289/289 278/278/278 290/290/290
f 290/290/290 279/279/279 291/291/291
f 297/297/297 282/282/282 298/298/298
f 303/303/303 291/291/291 304/304/304
f 306/306/306 294/294/294 307/307/307
f 308/308/308 296/296/296 309/309/309
f 310/310/310 298/298/298 311/311/311
f 311/311/311 299/299/299 312/312/312
f 319/319/319 315/315/315 320/320/320
f 320/320/320 316/316/316 321/321/321
f 323/323/323 318/318/318 324/324/324
f 324/324/324 319/319/319 325/325/325
f 326/326/326 322/322/322 327/327/327
f 333/333/333 326/326/326 334/334/334
f 353/353/353 330/330/330 354/354/354
f 355/355/355 332/332/332 356/356/356
f 358/358/358 350/350/350 359/359/359
f 359/359/359 351/351/351 360/360/360
f 360/360/360 352/352/352 361/361/361
f 368/368/368 360/360/360 369/369/369
f 370/370/370 362/362/362 371/371/371
f 371/371/371 363/363/363 372/372/372
f 374/374/374 366/366/366 375/375/375
f 375/375/375 367/367/367 376/376/376
f 379/379/379 375/375/375 380/380/380
f 383/383/383 379/379/379 384/384/384
f 385/385/385 381/381/381 386/386/386
f 387/387/387 383/383/383 388/388/388
f 398/398/398 389/389/389 399/399/399
f 406/406/406 396/396/396 407/407/407
f 428/428/428 415/415/415 429/429/429
f 432/432/432 419/419/419 433/433/433
f 433/433/433 420/420/420 434/434/434
f 436/436/436 427/427/427 437/437/437
f 437/437/437 428/428/428 438/438/438
f 439/439/439 430/430/430 440/440/440
f 440/440/440 431/431/431 441/441/441
f 444/444/444 439/439/439 445/445/445
f 449/449/449 446/446/446 450/450/450
f 452/452/452 448/448/448 453/453/453
f 457/457/457 451/451/451 458/458/458
f 462/462/462 455/455/455 463/463/463
f 463/463/463 456/456/456 464/464/464
f 465/465/465 459/459/459 466/466/466
f 469/469/469 461/461/461 470/470/470
f 470/470/470 462/462/462 471/471/471
f 477/477/477 467/467/467 478/478/478
f 478/478/478 468/468/468 479/479/479
f 480/480/480 470/470/470 481/481/481
f 482/482/482 472/472/472 483/483/483
f 497/497/497 475/475/475 498/498/498
f 498/498/498 476/476/476 499/499/499
f 499/499/499 477/477/477 500/500/500
f 502/502/502 496/496/496 501/501/501
f 506/506/506 503/503/503 507/507/507
f 509/509/509 506/506/506 510/510/510
f 520/520/520 516/516/516 521/521/521
f 523/523/523 518/518/518 524/524/524
f 537/537/537 531/531/531 538/538/538
f 541/541/541 534/534/534 542/542/542
f 558/558/558 548/548/548 559/559/559
f 566/566/566 551/551/551 567/567/567
f 567/567/567 552/552/552 568/568/568
f 570/570/570 557/557/557 571/571/571
f 572/572/572 559/559/559 573/573/573
f 575/575/575 562/562/562 576/576/576
f 578/578/578 565/565/565 579/579/579
f 579/579/579 566/566/566 580/580/580
f 582/582/582 573/573/573 583/583/583
f 583/583/583 574/574/574 584/584/584
f 585/585/585 576/576/576 586/586/586
f 586/586/586 577/577/577 587/587/587
f 588/588/588 579/579/579 589/589/589
f 591/591/591 583/583/583 592/592/592
f 595/595/595 587/587/587 596/596/596
f 601/601/601 597/597/597 602/602/602
f 604/604/604 599/599/599 605/605/605
f 611/611/611 603/603/603 612/612/612
f 616/616/616 608/608/608 617/617/617
f 617/617/617 609/609/609 618/618/618
f 618/618/618 610/610/610 619/619/619
f 623/623/623 615/615/615 624/624/624
f 624/624/624 616/616/616 625/625/625
f 627/627/627 620/620/620 628/628/628
f 631/631/631 622/622/622 632/632/632
f 632/632/632 623/623/623 633/633/633
f 634/634/634 626/626/626 635/635/635
f 635/635/635 627/627/627 636/636/636
f 638/638/638 629/629/629 639/639/639
f 639/639/639 630/630/630 640/640/640
f 653/653/653 637/637/637 654/654/654
f 657/657/657 653/653/653 658/658/658
f 671/671/671 667/667/667 672/672/672
f 689/689/689 683/683/683 690/690/690
f 691/691/691 686/686/686 692/692/692
f 694/694/694 688/688/688 695/695/695
f 699/699/699 693/693/693 700/700/700
f 706/706/706 699/699/699 707/707/707
f 717/717/717 711/711/711 718/718/718
f 725/725/725 718/718/718 726/726/726
f 733/733/733 721/721/721 734/734/734
f 741/741/741 731/731/731 742/742/742
f 750/750/750 743/743/743 751/751/751
f 756/756/756 747/747/747 757/757/757
f 757/757/757 748/748/748 758/758/758
f 759/759/759 752/752/752 760/760/760
f 762/762/762 754/754/754 763/763/763
f 763/763/763 755/755/755 764/764/764
f 764/764/764 756/756/756 765/765/765
f 768/768/768 761/761/761 769/769/769
f 773/773/773 767/767/767 774/774/774
f 780/780/780 772/772/772 781/781/781
f 782/782/782 775/775/775 783/783/783
f 784/784/784 777/777/777 785/785/785
f 785/785/785 778/778/778 786/786/786
f 798/798/798 784/784/784 799/799/799
f 803/803/803 798/798/798 804/804/804
f 807/807/807 803/803/803 808/808/808
f 830/830/830 826/826/826 831/831/831
f 834/834/834 830/830/830 835/835/835
f 837/837/837 832/832/832 838/838/838
f 842/842/842 836/836/836 843/843/843
f 843/843/843 837/837/837 844/844/844
f 851/851/851 842/842/842 852/852/852
f 856/856/856 849/849/849 857/857/857
f 861/861/861 856/856/856 862/862/862
f 879/879/879 867/867/867 880/880/880
f 880/880/880 868/868/868 881/881/881
f 883/883/883 873/873/873 884/884/884
f 885/885/885 875/875/875 886/886/886
f 888/888/888 879/879/879 889/889/889
f 900/900/900 890/890/890 901/901/901
f 902/902/902 892/892/892 903/903/903
f 905/905/905 897/897/897 906/906/906
f 906/906/906 898/898/898 907/907/907
f 907/907/907 899/899/899 908/908/908
f 912/912/912 905/905/905 913/913/913
f 914/914/914 909/909/909 915/915/915
f 919/919/919 911/911/911 920/920/920
f 924/924/924 916/916/916 925/925/925
f 926/926/926 918/918/918 927/927/927
f 929/929/929 923/923/923 930/930/930
f 931/931/931 925/925/925 932/932/932
f 937/937/937 933/933/933 938/938/938
f 949/949/949 935/935/935 950/950/950
f 980/980/980 976/976/976 981/981/981
f 986/986/986 982/982/982 987/987/987
f 988/988/988 984/984/984 989/989/989
f 993/993/993 988/988/988 994/994/994
f 1000/1000/1000 992/992/992 1001/1001/1001
f 1005/1005/1005 998/998/998 1006/1006/1006
f 1011/1011/1011 1005/1005/1005 1012/1012/1012
f 1016/1016/1016 1010/1010/1010 1017/1017/1017
f 1034/1034/1034 1022/1022/1022 1035/1035/1035
f 1038/1038/1038 1025/1025/1025 1039/1039/1039
f 1041/1041/1041 1032/1032/1032 1042/1042/1042
f 1042/1042/1042 1033/1033/1033 1043/1043/1043
f 1043/1043/1043 1034/1034/1034 1044/1044/1044
f 1057/1057/1057 1047/1047/1047 1058/1058/1058
f 1065/1065/1065 1060/1060/1060 1066/1066/1066
f 1066/1066/1066 1061/1061/1061 1067/1067/1067
f 1070/1070/1070 1064/1064/1064 1071/1071/1071
f 1071/1071/1071 1065/1065/1065 1072/1072/1072
f 1082/1082/1082 1078/1078/1078 1083/1083/1083
f 1085/1085/1085 1081/1081/1081 1084/1084/1084
f 1101/1101/1101 1098/1098/1098 1100/1100/1100
f 1120/1120/1120 1116/1116/1116 1121/1121/1121
f 1126/1126/1126 1122/1122/1122 1127/1127/1127
f 1128/1128/1128 1124/1124/1124 1129/1129/1129
f 1141/1141/1141 1134/1134/1134 1142/1142/1142
f 1146/1146/1146 1139/1139/1139 1147/1147/1147
f 1147/1147/1147 1140/1140/1140 1148/1148/1148
f 1153/1153/1153 1146/1146/1146 1154/1154/1154
f 1159/1159/1159 1152/1152/1152 1160/1160/1160
f 1175/1175/1175 1166/1166/1166 1176/1176/1176
f 1181/1181/1181 1169/1169/1169 1182/1182/1182
f 1183/1183/1183 1171/1171/1171 1184/1184/1184
f 1191/1191/1191 1185/1185/1185 1192/1192/1192
f 1205/1205/1205 1197/1197/1197 1204/1204/1204
f 1208/1208/1208 1200/1200/1200 1209/1209/1209
f 1212/1212/1212 1206/1206/1206 1213/1213/1213
f 1215/1215/1215 1211/1211/1211 1216/1216/1216
f 1240/1240/1240 1226/1226/1226 1241/1241/1241
f 1243/1243/1243 1240/1240/1240 1244/1244/1244
f 1246/1246/1246 1243/1243/1243 1247/1247/1247
f 1259/1259/1259 1256/1256/1256 1260/1260/1260
f 1265/1265/1265 1262/1262/1262 1266/1266/1266
f 1271/1271/1271 1267/1267/1267 1272/1272/1272
f 1274/1274/1274 1271/1271/1271 1275/1275/1275
f 1283/1283/1283 1278/1278/1278 1284/1284/1284
f 1289/1289/1289 1282/1282/1282 1290/1290/1290
f 1296/1296/1296 1288/1288/1288 1297/1297/1297
f 1301/1301/1301 1294/1294/1294 1302/1302/1302
f 1332/1332/1332 1325/1325/1325 1333/1333/1333
f 1336/1336/1336 1327/1327/1327 1337/1337/1337
f 1343/1343/1343 1339/1339/1339 1342/1342/1342
f 1344/1344/1344 1340/1340/1340 1345/1345/1345
f 1353/1353/1353 1348/1348/1348 1354/1354/1354
f 1357/1357/1357 1352/1352/1352 1358/1358/1358
f 1360/1360/1360 1356/1356/1356 1361/1361/1361
f 1385/1385/1385 1381/1381/1381 1386/1386/1386
f 1387/1387/1387 1383/1383/1383 1388/1388/1388
f 1389/1389/1389 1385/1385/1385 1390/1390/1390
f 1391/1391/1391 1387/1387/1387 1392/1392/1392
f 1393/1393/1393 1389/1389/1389 1394/1394/1394
f 1395/1395/1395 1391/1391/1391 1396/1396/1396
f 1397/1397/1397 1393/1393/1393 1398/1398/1398
f 1412/1412/1412 1408/1408/1408 1411/1411/1411
f 1425/1425/1425 1419/1419/1419 1426/1426/1426
f 1430/1430/1430 1423/1423/1423 1431/1431/1431
f 1437/1437/1437 1429/1429/1429 1438/1438/1438
f 1450/1450/1450 1445/1445/1445 1451/1451/1451
f 1471/1471/1471 1460/1460/1460 1472/1472/1472
f 1472/1472/1472 1461/1461/1461 1473/1473/1473
f 1476/1476/1476 1468/1468/1468 1477/1477/1477
f 1478/1478/1478 1474/1474/1474 1479/1479/1479
f 1483/1483/1483 1480/1480/1480 1484/1484/1484
f 1509/1509/1509 1495/1495/1495 1510/1510/1510
f 1513/1513/1513 1509/1509/1509 1514/1514/1514
f 1515/1515/1515 1511/1511/1511 1516/1516/1516
f 1532/1532/1532 1528/1528/1528 1531/1531/1531
f 1533/1533/1533 1529/1529/1529 1534/1534/1534
f 1536/1536/1536 1533/1533/1533 1537/1537/1537
f 1553/1553/1553 1549/1549/1549 1554/1554/1554
f 1565/1565/1565 1558/1558/1558 1566/1566/1566
f 1602/1602/1602 1590/1590/1590 1603/1603/1603
f 1603/1603/1603 1591/1591/1591 1604/1604/1604
f 1615/1615/1615 1610/1610/1610 1616/1616/1616
f 1619/1619/1619 1614/1614/1614 1620/1620/1620
f 1624/1624/1624 1619/1619/1619 1625/1625/1625
f 1627/1627/1627 1623/1623/1623 1628/1628/1628
f 1658/1658/1658 1655/1655/1655 1657/1657/1657
f 1661/1661/1661 1658/1658/1658 1660/1660/1660
f 1680/1680/1680 1675/1675/1675 1681/1681/1681
f 1717/1717/1717 1704/1704/1704 1718/1718/1718
f 1718/1718/1718 1705/1705/1705 1719/1719/1719
f 1721/1721/1721 1711/1711/1711 1722/1722/1722
f 1726/1726/1726 1714/1714/1714 1727/1727/1727
f 1728/1728/1728 1716/1716/1716 1729/1729/1729
f 1729/1729/1729 1717/1717/1717 1730/1730/1730
f 1743/1743/1743 1731/1731/1731 1744/1744/1744
f 1745/1745/1745 1733/1733/1733 1746/1746/1746
f 1752/1752/1752 1748/1748/1748 1751/1751/1751
f 1758/1758/1758 1753/1753/1753 1759/1759/1759
f 1764/1764/1764 1761/1761/1761 1763/1763/1763
f 1768/1768/1768 1764/1764/1764 1767/1767/1767
f 1805/1805/1805 1801/1801/1801 1806/1806/1806
f 1826/1826/1826 1822/1822/1822 1827/1827/1827
f 1835/1835/1835 1829/1829/1829 1836/1836/1836
f 1875/1875/1875 1870/1870/1870 1874/1874/1874
f 1876/1876/1876 1871/1871/1871 1877/1877/1877
f 1884/1884/1884 1879/1879/1879 1883/1883/1883
f 1888/1888/1888 1884/1884/1884 1887/1887/1887
f 1897/1897/1897 1894/1894/1894 1896/1896/1896
f 1926/1926/1926 1922/1922/1922 1925/1925/1925
f 1932/1932/1932 1929/1929/1929 1933/1933/1933
f 1940/1940/1940 1936/1936/1936 1941/1941/1941
f 1959/1959/1959 1955/1955/1955 1958/1958/1958
f 1965/1965/1965 1960/1960/1960 1964/1964/1964
f 1970/1970/1970 1966/1966/1966 1969/1969/1969
f 1979/1979/1979 1972/1972/1972 1978/1978/1978
f 1983/1983/1983 1975/1975/1975 1982/1982/1982
f 2002/2002/2002 1990/1990/1990 2003/2003/2003
f 2009/2009/2009 2005/2005/2005 2010/2010/2010
f 2010/2010/2010 2006/2006/2006 2011/2011/2011
f 2014/2014/2014 2009/2009/2009 2015/2015/2015
f 2018/2018/2018 2013/2013/2013 2019/2019/2019
f 2021/2021/2021 2017/2017/2017 2020/2020/2020
f 2022/2022/2022 2018/2018/2018 2023/2023/2023
f 2032/2032/2032 2028/2028/2028 2031/2031/2031
f 2046/2046/2046 2043/2043/2043 2045/2045/2045
f 2058/2058/2058 2055/2055/2055 2057/2057/2057
f 2065/2065/2065 2061/2061/2061 2064/2064/2064
f 2088/2088/2088 2085/2085/2085 2087/2087/2087
f 2104/2104/2104 2095/2095/2095 2105/2105/2105
f 2110/2110/2110 2101/2101/2101 2109/2109/2109
f 2118/2118/2118 2110/2110/2110 2117/2117/2117
f 2148/2148/2148 2144/2144/2144 2147/2147/2147
f 2158/2158/2158 2154/2154/2154 2159/2159/2159
f 2167/2167/2167 2164/2164/2164 2166/2166/2166
f 2191/2191/2191 2188/2188/2188 2190/2190/2190
f 2197/2197/2197 2194/2194/2194 2196/2196/2196
f 2216/2216/2216 2213/2213/2213 2217/2217/2217
f 2245/2245/2245 2236/2236/2236 2244/2244/2244
f 2253/2253/2253 2246/2246/2246 2252/2252/2252
f 2289/2289/2289 2272/2272/2272 2290/2290/2290
f 2290/2290/2290 2273/2273/2273 2291/2291/2291
f 2293/2293/2293 2283/2283/2283 2292/2292/2292
f 2298/2298/2298 2288/2288/2288 2299/2299/2299
f 2299/2299/2299 2289/2289/2289 2300/2300/2300
f 2305/2305/2305 2297/2297/2297 2306/2306/2306
f 2308/2308/2308 2302/2302/2302 2309/2309/2309
f 2310/2310/2310 2304/2304/2304 2311/2311/2311
f 2313/2313/2313 2308/2308/2308 2314/2314/2314
f 2314/2314/2314 2309/2309/2309 2315/2315/2315
f 2315/2315/2315 2310/2310/2310 2316/2316/2316
f 2320/2320/2320 2315/2315/2315 2321/2321/2321
f 2328/2328/2328 2324/2324/2324 2329/2329/2329
f 2354/2354/2354 2351/2351/2351 2353/2353/2353
f 2360/2360/2360 2356/2356/2356 2359/2359/2359
f 2365/2365/2365 2362/2362/2362 2364/2364/2364
f 2371/2371/2371 2367/2367/2367 2370/2370/2370
f 2378/2378/2378 2374/2374/2374 2377/2377/2377
f 2398/2398/2398 2389/2389/2389 2399/2399/2399
f 2404/2404/2404 2396/2396/2396 2403/2403/2403
f 2406/2406/2406 2397/2397/2397 2407/2407/2407
f 2414/2414/2414 2405/2405/2405 2413/2413/2413
f 2416/2416/2416 2407/2407/2407 2417/2417/2417
f 2426/2426/2426 2415/2415/2415 2427/2427/2427
f 2429/2429/2429 2418/2418/2418 2428/2428/2428
f 2442/2442/2442 2431/2431/2431 2443/2443/2443
f 2456/2456/2456 2439/2439/2439 2457/2457/2457
f 2490/2490/2490 2487/2487/2487 2489/2489/2489
f 2493/2493/2493 2490/2490/2490 2492/2492/2492
f 2496/2496/2496 2493/2493/2493 2495/2495/2495
f 2503/2503/2503 2499/2499/2499 2502/2502/2502
f 2527/2527/2527 2523/2523/2523 2528/2528/2528
f 2560/2560/2560 2546/2546/2546 2559/2559/2559
f 2561/2561/2561 2547/2547/2547 2562/2562/2562
f 2564/2564/2564 2553/2553/2553 2563/2563/2563
f 2565/2565/2565 2554/2554/2554 2564/2564/2564
f 2592/2592/2592 2590/2590/2590 2593/2593/2593
f 2599/2599/2599 2594/2594/2594 2600/2600/2600
f 2601/2601/2601 2596/2596/2596 2602/2602/2602
f 2619/2619/2619 2604/2604/2604 2618/2618/2618
f 2637/2637/2637 2633/2633/2633 2636/2636/2636
f 2641/2641/2641 2637/2637/2637 2640/2640/2640
f 2667/2667/2667 2663/2663/2663 2666/2666/2666
f 2689/2689/2689 2675/2675/2675 2688/2688/2688
f 2692/2692/2692 2678/2678/2678 2691/2691/2691
f 2693/2693/2693 2679/2679/2679 2692/2692/2692
f 2722/2722/2722 2720/2720/2720 2721/2721/2721
f 2724/2724/2724 2722/2722/2722 2723/2723/2723
f 2754/2754/2754 2751/2751/2751 2753/2753/2753
f 2761/2761/2761 2757/2757/2757 2760/2760/2760
f 2763/2763/2763 2759/2759/2759 2762/2762/2762
f 2776/2776/2776 2772/2772/2772 2775/2775/2775
f 2784/2784/2784 2780/2780/2780 2783/2783/2783
f 2792/2792/2792 2787/2787/2787 2791/2791/2791
f 2793/2793/2793 2788/2788/2788 2792/2792/2792
f 2798/2798/2798 2794/2794/2794 2797/2797/2797
f 2807/2807/2807 2800/2800/2800 2806/2806/2806
f 2821/2821/2821 2809/2809/2809 2820/2820/2820
f 2837/2837/2837 2827/2827/2827 2836/2836/2836
f 2845/2845/2845 2843/2843/2843 2844/2844/2844
f 2852/2852/2852 2850/2850/2850 2851/2851/2851
f 2876/2876/2876 2873/2873/2873 2875/2875/2875
f 2879/2879/2879 2876/2876/2876 2878/2878/2878
f 2883/2883/2883 2879/2879/2879 2882/2882/2882
f 2890/2890/2890 2887/2887/2887 2889/2889/2889
f 2901/2901/2901 2897/2897/2897 2900/2900/2900
f 2927/2927/2927 2921/2921/2921 2926/2926/2926
f 2945/2945/2945 2931/2931/2931 2944/2944/2944
f 2962/2962/2962 2952/2952/2952 2961/2961/2961
f 2970/2970/2970 2966/2966/2966 2969/2969/2969
f 2972/2972/2972 2968/2968/2968 2971/2971/2971
f 3001/3001/3001 2985/2985/2985 3000/3000/3000
f 3010/3010/3010 3007/3007/3007 3011/3011/3011
f 3023/3023/3023 3019/3019/3019 3022/3022/3022
f 3035/3035/3035 3031/3031/3031 3034/3034/3034
f 3044/3044/3044 3040/3040/3040 3043/3043/3043
f 3050/3050/3050 3046/3046/3046 3049/3049/3049
f 3064/3064/3064 3052/3052/3052 3063/3063/3063
f 3071/3071/3071 3055/3055/3055 3070/3070/3070
f 3074/3074/3074 3058/3058/3058 3073/3073/3073
f 3077/3077/3077 3065/3065/3065 3076/3076/3076
f 3097/3097/3097 3095/3095/3095 3096/3096/3096
f 3103/3103/3103 3098/3098/3098 3102/3102/3102
f 3104/3104/3104 3099/3099/3099 3103/3103/3103
f 3106/3106/3106 3101/3101/3101 3105/3105/3105
f 3112/3112/3112 3110/3110/3110 3111/3111/3111
f 3154/3154/3154 3150/3150/3150 3153/3153/3153
f 3168/3168/3168 3163/3163/3163 3167/3167/3167
f 3175/3175/3175 3169/3169/3169 3174/3174/3174
f 3181/3181/3181 3175/3175/3175 3180/3180/3180
f 3194/3194/3194 3182/3182/3182 3193/3193/3193
f 3195/3195/3195 3183/3183/3183 3194/3194/3194
f 3205/3205/3205 3187/3187/3187 3204/3204/3204
f 3209/3209/3209 3191/3191/3191 3208/3208/3208
f 3210/3210/3210 3192/3192/3192 3209/3209/3209
f 3212/3212/3212 3196/3196/3196 3211/3211/3211
f 3213/3213/3213 3197/3197/3197 3212/3212/3212
f 3216/3216/3216 3200/3200/3200 3215/3215/3215
f 3217/3217/3217 3201/3201/3201 3216/3216/3216
f 3223/3223/3223 3207/3207/3207 3222/3222/3222
f 3224/3224/3224 3208/3208/3208 3223/3223/3223
f 3225/3225/3225 3209/3209/3209 3224/3224/3224
f 3228/3228/3228 3214/3214/3214 3227/3227/3227
f 3229/3229/3229 3215/3215/3215 3228/3228/3228
f 3231/3231/3231 3217/3217/3217 3230/3230/3230
f 3246/3246/3246 3244/3244/3244 3245/3245/3245
f 3249/3249/3249 3247/3247/3247 3248/3248/3248
f 3255/3255/3255 3250/3250/3250 3254/3254/3254
f 3257/3257/3257 3252/3252/3252 3256/3256/3256
f 3260/3260/3260 3256/3256/3256 3259/3259/3259
f 3263/3263/3263 3261/3261/3261 3262/3262/3262
f 3292/3292/3292 3277/3277/3277 3291/3291/3291
f 3307/3307/3307 3303/3303/3303 3306/3306/3306
f 3312/3312/3312 3308/3308/3308 3313/3313/3313
f 3315/3315/3315 3311/3311/3311 3314/3314/3314
f 3323/3323/3323 3319/3319/3319 3322/3322/3322
f 3330/3330/3330 3324/3324/3324 3329/3329/3329
f 3338/3338/3338 3330/3330/3330 3337/3337/3337
f 3339/3339/3339 3331/3331/3331 3338/3338/3338
f 3340/3340/3340 3332/3332/3332 3339/3339/3339
f 3351/3351/3351 3339/3339/3339 3350/3350/3350
f 3353/3353/3353 3341/3341/3341 3352/3352/3352
f 3359/3359/3359 3344/3344/3344 3358/3358/3358
f 3360/3360/3360 3345/3345/3345 3359/3359/3359
f 3361/3361/3361 3346/3346/3346 3360/3360/3360
f 3365/3365/3365 3351/3351/3351 3364/3364/3364
f 3366/3366/3366 3352/3352/3352 3365/3365/3365
f 3368/3368/3368 3354/3354/3354 3367/3367/3367
f 3375/3375/3375 3358/3358/3358 3374/3374/3374
f 3376/3376/3376 3359/3359/3359 3375/3375/3375
f 3381/3381/3381 3367/3367/3367 3380/3380/3380
f 3384/3384/3384 3370/3370/3370 3383/3383/3383
f 3402/3402/3402 3400/3400/3400 3401/3401/3401
f 3405/3405/3405 3403/3403/3403 3404/3404/3404
f 3408/3408/3408 3406/3406/3406 3407/3407/3407
f 3412/3412/3412 3409/3409/3409 3411/3411/3411
f 3415/3415/3415 3411/3411/3411 3414/3414/3414
f 3417/3417/3417 3413/3413/3413 3416/3416/3416
f 3424/3424/3424 3416/3416/3416 3423/3423/3423
f 3425/3425/3425 3417/3417/3417 3424/3424/3424
f 3426/3426/3426 3418/3418/3418 3425/3425/3425
f 3428/3428/3428 3420/3420/3420 3427/3427/3427
f 3436/3436/3436 3422/3422/3422 3435/3435/3435
f 3443/3443/3443 3431/3431/3431 3442/3442/3442
f 3444/3444/3444 3432/3432/3432 3443/3443/3443
f 3448/3448/3448 3436/3436/3436 3447/3447/3447
f 3449/3449/3449 3437/3437/3437 3448/3448/3448
f 3477/3477/3477 3473/3473/3473 3476/3476/3476
f 3480/3480/3480 3477/3477/3477 3479/3479/3479
f 3494/3494/3494 3486/3486/3486 3493/3493/3493
f 3496/3496/3496 3488/3488/3488 3495/3495/3495
f 3500/3500/3500 3491/3491/3491 3501/3501/3501
f 3503/3503/3503 3495/3495/3495 3502/3502/3502
f 3504/3504/3504 3496/3496/3496 3503/3503/3503
f 3505/3505/3505 3497/3497/3497 3504/3504/3504
f 3513/3513/3513 3504/3504/3504 3512/3512/3512
f 3516/3516/3516 3507/3507/3507 3515/3515/3515
f 3526/3526/3526 3515/3515/3515 3525/3525/3525
f 3527/3527/3527 3516/3516/3516 3526/3526/3526
f 3533/3533/3533 3520/3520/3520 3532/3532/3532
f 3534/3534/3534 3521/3521/3521 3533/3533/3533
f 3537/3537/3537 3527/3527/3527 3536/3536/3536
f 3538/3538/3538 3528/3528/3528 3537/3537/3537
f 3545/3545/3545 3538/3538/3538 3544/3544/3544
f 3546/3546/3546 3539/3539/3539 3545/3545/3545
f 3547/3547/3547 3540/3540/3540 3546/3546/3546
f 3560/3560/3560 3550/3550/3550 3559/3559/3559
f 3561/3561/3561 3551/3551/3551 3560/3560/3560
f 3562/3562/3562 3552/3552/3552 3561/3561/3561
f 3566/3566/3566 3556/3556/3556 3565/3565/3565
f 3567/3567/3567 3557/3557/3557 3566/3566/3566
f 3568/3568/3568 3558/3558/3558 3567/3567/3567
f 3571/3571/3571 3568/3568/3568 3570/3570/3570
f 3572/3572/3572 3569/3569/3569 3571/3571/3571
f 3575/3575/3575 3572/3572/3572 3574/3574/3574
f 3576/3576/3576 3573/3573/3573 3575/3575/3575
f 3578/3578/3578 3576/3576/3576 3577/3577/3577
f 3583/3583/3583 3578/3578/3578 3582/3582/3582
f 3590/3590/3590 3581/3581/3581 3589/3589/3589
f 3594/3594/3594 3584/3584/3584 3593/3593/3593
f 3602/3602/3602 3586/3586/3586 3601/3601/3601
f 3603/3603/3603 3587/3587/3587 3602/3602/3602
f 3605/3605/3605 3589/3589/3589 3604/3604/3604
f 3608/3608/3608 3592/3592/3592 3607/3607/3607
f 3611/3611/3611 3594/3594/3594 3610/3610/3610
f 3612/3612/3612 3595/3595/3595 3611/3611/3611
f 3617/3617/3617 3600/3600/3600 3616/3616/3616
f 3619/3619/3619 3609/3609/3609 3618/3618/3618
f 3621/3621/3621 3613/3613/3613 3620/3620/3620
f 3623/3623/3623 3615/3615/3615 3622/3622/3622
f 3625/3625/3625 3617/3617/3617 3624/3624/3624
f 3637/3637/3637 3619/3619/3619 3636/3636/3636
f 3648/3648/3648 3645/3645/3645 3647/3647/3647
f 3655/3655/3655 3649/3649/3649 3654/3654/3654
f 3661/3661/3661 3654/3654/3654 3660/3660/3660
f 3663/3663/3663 3656/3656/3656 3662/3662/3662
f 3669/3669/3669 3661/3661/3661 3668/3668/3668
f 3670/3670/3670 3662/3662/3662 3669/3669/3669
f 3671/3671/3671 3663/3663/3663 3670/3670/3670
f 3677/3677/3677 3672/3672/3672 3676/3676/3676
f 3678/3678/3678 3673/3673/3673 3677/3677/3677
f 3690/3690/3690 3677/3677/3677 3689/3689/3689
f 3691/3691/3691 3678/3678/3678 3690/3690/3690
f 3695/3695/3695 3681/3681/3681 3694/3694/3694
f 3696/3696/3696 3682/3682/3682 3695/3695/3695
f 3697/3697/3697 3683/3683/3683 3696/3696/3696
f 3710/3710/3710 3698/3698/3698 3709/3709/3709
f 3713/3713/3713 3703/3703/3703 3712/3712/3712
f 3720/3720/3720 3714/3714/3714 3719/3719/3719
f 3721/3721/3721 3715/3715/3715 3720/3720/3720
f 3722/3722/3722 3716/3716/3716 3721/3721/3721
f 3735/3735/3735 3726/3726/3726 3734/3734/3734
f 3736/3736/3736 3727/3727/3727 3735/3735/3735
f 3737/3737/3737 3728/3728/3728 3736/3736/3736
f 3738/3738/3738 3729/3729/3729 3737/3737/3737
f 3741/3741/3741 3732/3732/3732 3740/3740/3740
f 3747/3747/3747 3737/3737/3737 3746/3746/3746
f 3748/3748/3748 3738/3738/3738 3747/3747/3747
f 3752/3752/3752 3742/3742/3742 3751/3751/3751
f 3756/3756/3756 3745/3745/3745 3755/3755/3755
f 3760/3760/3760 3749/3749/3749 3759/3759/3759
f 3761/3761/3761 3750/3750/3750 3760/3760/3760
f 3764/3764/3764 3753/3753/3753 3763/3763/3763
f 3766/3766/3766 3755/3755/3755 3765/3765/3765
f 3767/3767/3767 3756/3756/3756 3766/3766/3766
f 3768/3768/3768 3757/3757/3757 3767/3767/3767
f 3770/3770/3770 3759/3759/3759 3769/3769/3769
f 3773/3773/3773 3762/3762/3762 3772/3772/3772
f 3775/3775/3775 3764/3764/3764 3774/3774/3774
f 3778/3778/3778 3766/3766/3766 3777/3777/3777
f 3779/3779/3779 3767/3767/3767 3778/3778/3778
f 3782/3782/3782 3771/3771/3771 3781/3781/3781
f 3783/3783/3783 3772/3772/3772 3782/3782/3782
f 3787/3787/3787 3776/3776/3776 3786/3786/3786
f 3789/3789/3789 3784/3784/3784 3788/3788/3788
f 3792/3792/3792 3787/3787/3787 3791/3791/3791
f 3798/3798/3798 3794/3794/3794 3797/3797/3797
f 3820/3820/3820 3799/3799/3799 3819/3819/3819
f 3821/3821/3821 3800/3800/3800 3820/3820/3820
f 3823/3823/3823 3802/3802/3802 3822/3822/3822
f 3824/3824/3824 3803/3803/3803 3823/3823/3823
f 3825/3825/3825 3804/3804/3804 3824/3824/3824
f 3832/3832/3832 3816/3816/3816 3831/3831/3831
f 3834/3834/3834 3818/3818/3818 3833/3833/3833
f 3836/3836/3836 3820/3820/3820 3835/3835/3835
f 3839/3839/3839 3823/3823/3823 3838/3838/3838
f 3840/3840/3840 3824/3824/3824 3839/3839/3839
f 3853/3853/3853 3839/3839/3839 3852/3852/3852
f 3857/3857/3857 3845/3845/3845 3856/3856/3856
f 3858/3858/3858 3846/3846/3846 3857/3857/3857
f 3859/3859/3859 3847/3847/3847 3858/3858/3858
f 3863/3863/3863 3851/3851/3851 3862/3862/3862
f 3869/3869/3869 3858/3858/3858 3868/3868/3868
f 3872/3872/3872 3861/3861/3861 3871/3871/3871
f 3874/3874/3874 3864/3864/3864 3873/3873/3873
f 3875/3875/3875 3865/3865/3865 3874/3874/3874
f 3876/3876/3876 3866/3866/3866 3875/3875/3875
f 3880/3880/3880 3872/3872/3872 3879/3879/3879
f 3882/3882/3882 3874/3874/3874 3881/3881/3881
f 3885/3885/3885 3877/3877/3877 3884/3884/3884
f 3889/3889/3889 3880/3880/3880 3888/3888/3888
f 3893/3893/3893 3883/3883/3883 3892/3892/3892
f 3895/3895/3895 3885/3885/3885 3894/3894/3894
f 3900/3900/3900 3889/3889/3889 3899/3899/3899
f 3905/3905/3905 3893/3893/3893 3904/3904/3904
f 3908/3908/3908 3896/3896/3896 3907/3907/3907
f 3917/3917/3917 3900/3900/3900 3916/3916/3916
f 3920/3920/3920 3903/3903/3903 3919/3919/3919
f 3921/3921/3921 3904/3904/3904 3920/3920/3920
f 3924/3924/3924 3910/3910/3910 3923/3923/3923
f 3928/3928/3928 3917/3917/3917 3927/3927/3927
f 3931/3931/3931 3920/3920/3920 3930/3930/3930
f 3934/3934/3934 3929/3929/3929 3933/3933/3933
f 3935/3935/3935 3930/3930/3930 3934/3934/3934
f 3953/3953/3953 3949/3949/3949 3952/3952/3952
f 3964/3964/3964 3951/3951/3951 3963/3963/3963
f 3966/3966/3966 3953/3953/3953 3965/3965/3965
f 3972/3972/3972 3964/3964/3964 3971/3971/3971
f 3982/3982/3982 3972/3972/3972 3981/3981/3981
f 3983/3983/3983 3973/3973/3973 3982/3982/3982
f 3984/3984/3984 3974/3974/3974 3983/3983/3983
f 3987/3987/3987 3977/3977/3977 3986/3986/3986
f 3992/3992/3992 3985/3985/3985 3991/3991/3991
f 3993/3993/3993 3986/3986/3986 3992/3992/3992
f 3994/3994/3994 3987/3987/3987 3993/3993/3993
f 3997/3997/3997 3989/3989/3989 3996/3996/3996
f 4000/4000/4000 3993/3993/3993 3999/3999/3999
f 4001/4001/4001 3994/3994/3994 4000/4000/4000
f 4002/4002/4002 3995/3995/3995 4001/4001/4001
f 4004/4004/4004 3997/3997/3997 4003/4003/4003
f 4009/4009/4009 4002/4002/4002 4008/4008/4008
f 4016/4016/4016 4007/4007/4007 4015/4015/4015
f 4017/4017/4017 4008/4008/4008 4016/4016/4016
f 4019/4019/4019 4010/4010/4010 4018/4018/4018
f 4021/4021/4021 4012/4012/4012 4020/4020/4020
f 4026/4026/4026 4016/4016/4016 4025/4025/4025
f 4029/4029/4029 4022/4022/4022 4028/4028/4028
f 40/40/40 4/4/4 39/39/39
f 41/41/41 5/5/5 40/40/40
f 44/44/44 8/8/8 43/43/43
f 45/45/45 9/9/9 44/44/44
f 47/47/47 11/11/11 46/46/46
f 62/62/62 26/26/26 63/63/63
f 64/64/64 28/28/28 65/65/65
f 66/66/66 30/30/30 67/67/67
f 71/71/71 35/35/35 72/72/72
f 75/75/75 39/39/39 74/74/74
f 76/76/76 40/40/40 75/75/75
f 77/77/77 41/41/41 76/76/76
f 81/81/81 45/45/45 80/80/80
f 83/83/83 47/47/47 82/82/82
f 98/98/98 58/58/58 99/99/99
f 103/103/103 62/62/62 104/104/104
f 105/105/105 64/64/64 106/106/106
f 107/107/107 66/66/66 108/108/108
f 112/112/112 71/71/71 113/113/113
f 117/117/117 75/75/75 116/116/116
f 119/119/119 77/77/77 118/118/118
f 122/122/122 80/80/80 121/121/121
f 123/123/123 81/81/81 122/122/122
f 130/130/130 85/85/85 129/129/129
f 148/148/148 95/95/95 149/149/149
f 158/158/158 100/100/100 159/159/159
f 165/165/165 102/102/102 166/166/166
f 169/169/169 105/105/105 170/170/170
f 179/179/179 108/108/108 180/180/180
f 181/181/181 110/110/110 182/182/182
f 183/183/183 112/112/112 184/184/184
f 208/208/208 116/116/116 207/207/207
f 209/209/209 117/117/117 208/208/208
f 215/215/215 123/123/123 214/214/214
f 216/216/216 124/124/124 215/215/215
f 257/257/257 150/150/150 258/258/258
f 272/272/272 168/168/168 273/273/273
f 280/280/280 171/171/171 281/281/281
f 283/283/283 178/178/178 284/284/284
f 286/286/286 182/182/182 287/287/287
f 292/292/292 185/185/185 293/293/293
f 294/294/294 187/187/187 295/295/295
f 295/295/295 188/188/188 296/296/296
f 299/299/299 191/191/191 300/300/300
f 300/300/300 192/192/192 301/301/301
f 325/325/325 196/196/196 324/324/324
f 336/336/336 203/203/203 335/335/335
f 340/340/340 207/207/207 339/339/339
f 341/341/341 208/208/208 340/340/340
f 342/342/342 209/209/209 341/341/341
f 370/370/370 233/233/233 369/369/369
f 371/371/371 234/234/234 370/370/370
f 390/390/390 273/273/273 391/391/391
f 393/393/393 275/275/275 394/394/394
f 394/394/394 276/276/276 395/395/395
f 402/402/402 288/288/288 403/403/403
f 403/403/403 289/289/289 404/404/404
f 411/411/411 302/302/302 412/412/412
f 412/412/412 303/303/303 413/413/413
f 413/413/413 304/304/304 414/414/414
f 417/417/417 308/308/308 418/418/418
f 418/418/418 309/309/309 419/419/419
f 419/419/419 310/310/310 420/420/420
f 427/427/427 313/313/313 428/428/428
f 454/454/454 317/317/317 453/453/453
f 483/483/483 336/336/336 482/482/482
f 487/487/487 340/340/340 486/486/486
f 489/489/489 342/342/342 488/488/488
f 493/493/493 346/346/346 492/492/492
f 494/494/494 347/347/347 493/493/493
f 499/499/499 352/352/352 498/498/498
f 513/513/513 378/378/378 514/514/514
f 526/526/526 392/392/392 527/527/527
f 532/532/532 400/400/400 533/533/533
f 539/539/539 408/408/408 540/540/540
f 546/546/546 422/422/422 547/547/547
f 549/549/549 425/425/425 550/550/550
f 560/560/560 435/435/435 561/561/561
f 563/563/563 438/438/438 564/564/564
f 574/574/574 442/442/442 575/575/575
f 635/635/635 474/474/474 634/634/634
f 642/642/642 485/485/485 641/641/641
f 646/646/646 489/489/489 645/645/645
f 669/669/669 512/512/512 670/670/670
f 678/678/678 522/522/522 679/679/679
f 681/681/681 525/525/525 682/682/682
f 684/684/684 529/529/529 685/685/685
f 697/697/697 543/543/543 698/698/698
f 702/702/702 554/554/554 703/703/703
f 703/703/703 555/555/555 704/704/704
f 710/710/710 569/569/569 711/711/711
f 711/711/711 570/570/570 712/712/712
f 712/712/712 571/571/571 713/713/713
f 719/719/719 581/581/581 720/720/720
f 727/727/727 590/590/590 728/728/728
f 728/728/728 591/591/591 729/729/729
f 729/729/729 592/592/592 730/730/730
f 745/745/745 598/598/598 744/744/744
f 764/764/764 610/610/610 763/763/763
f 788/788/788 643/643/643 787/787/787
f 793/793/793 648/648/648 792/792/792
f 797/797/797 652/652/652 796/796/796
f 801/801/801 656/656/656 800/800/800
f 806/806/806 660/660/660 805/805/805
f 810/810/810 665/665/665 811/811/811
f 820/820/820 676/676/676 821/821/821
f 824/824/824 679/679/679 825/825/825
f 840/840/840 696/696/696 841/841/841
f 847/847/847 701/701/701 848/848/848
f 854/854/854 708/708/708 855/855/855
f 859/859/859 715/715/715 860/860/860
f 864/864/864 723/723/723 865/865/865
f 865/865/865 724/724/724 866/866/866
f 872/872/872 735/735/735 873/873/873
f 874/874/874 737/737/737 875/875/875
f 876/876/876 739/739/739 877/877/877
f 896/896/896 746/746/746 895/895/895
f 922/922/922 771/771/771 921/921/921
f 938/938/938 788/788/788 937/937/937
f 939/939/939 789/789/789 938/938/938
f 947/947/947 797/797/797 946/946/946
f 952/952/952 801/801/801 951/951/951
f 953/953/953 802/802/802 952/952/952
f 964/964/964 813/813/813 965/965/965
f 967/967/967 815/815/815 968/968/968
f 972/972/972 818/818/818 973/973/973
f 977/977/977 823/823/823 978/978/978
f 995/995/995 845/845/845 996/996/996
f 996/996/996 846/846/846 997/997/997
f 1003/1003/1003 853/853/853 1004/1004/1004
f 1008/1008/1008 858/858/858 1009/1009/1009
f 1014/1014/1014 863/863/863 1015/1015/1015
f 1019/1019/1019 870/870/870 1020/1020/1020
f 1020/1020/1020 871/871/871 1021/1021/1021
f 1023/1023/1023 877/877/877 1024/1024/1024
f 1030/1030/1030 882/882/882 1031/1031/1031
f 1031/1031/1031 883/883/883 1032/1032/1032
f 1032/1032/1032 884/884/884 1033/1033/1033
f 1036/1036/1036 887/887/887 1037/1037/1037
f 1052/1052/1052 894/894/894 1051/1051/1051
f 1057/1057/1057 899/899/899 1056/1056/1056
f 1070/1070/1070 917/917/917 1069/1069/1069
f 1086/1086/1086 939/939/939 1085/1085/1085
f 1088/1088/1088 941/941/941 1087/1087/1087
f 1091/1091/1091 944/944/944 1090/1090/1090
f 1095/1095/1095 948/948/948 1094/1094/1094
f 1106/1106/1106 960/960/960 1107/1107/1107
f 1109/1109/1109 962/962/962 1110/1110/1110
f 1113/1113/1113 966/966/966 1114/1114/1114
f 1116/1116/1116 971/971/971 1117/1117/1117
f 1118/1118/1118 974/974/974 1119/1119/1119
f 1132/1132/1132 990/990/990 1133/1133/1133
f 1137/1137/1137 995/995/995 1138/1138/1138
f 1144/1144/1144 1002/1002/1002 1145/1145/1145
f 1150/1150/1150 1007/1007/1007 1151/1151/1151
f 1156/1156/1156 1013/1013/1013 1157/1157/1157
f 1164/1164/1164 1027/1027/1027 1165/1165/1165
f 1165/1165/1165 1028/1028/1028 1166/1166/1166
f 1166/1166/1166 1029/1029/1029 1167/1167/1167
f 1167/1167/1167 1030/1030/1030 1168/1168/1168
f 1169/1169/1169 1035/1035/1035 1170/1170/1170
f 1177/1177/1177 1040/1040/1040 1178/1178/1178
f 1178/1178/1178 1041/1041/1041 1179/1179/1179
f 1192/1192/1192 1049/1049/1049 1191/1191/1191
f 1195/1195/1195 1052/1052/1052 1194/1194/1194
f 1196/1196/1196 1053/1053/1053 1195/1195/1195
f 1221/1221/1221 1076/1076/1076 1222/1222/1222
f 1231/1231/1231 1087/1087/1087 1230/1230/1230
f 1232/1232/1232 1088/1088/1088 1231/1231/1231
f 1235/1235/1235 1091/1091/1091 1234/1234/1234
f 1239/1239/1239 1095/1095/1095 1238/1238/1238
f 1248/1248/1248 1103/1103/1103 1249/1249/1249
f 1253/1253/1253 1111/1111/1111 1254/1254/1254
f 1276/1276/1276 1136/1136/1136 1277/1277/1277
f 1280/1280/1280 1143/1143/1143 1281/1281/1281
f 1286/1286/1286 1149/1149/1149 1287/1287/1287
f 1292/1292/1292 1155/1155/1155 1293/1293/1293
f 1299/1299/1299 1161/1161/1161 1300/1300/1300
f 1304/1304/1304 1164/1164/1164 1305/1305/1305
f 1309/1309/1309 1174/1174/1174 1310/1310/1310
f 1311/1311/1311 1176/1176/1176 1312/1312/1312
f 1314/1314/1314 1179/1179/1179 1315/1315/1315
f 1315/1315/1315 1180/1180/1180 1316/1316/1316
f 1318/1318/1318 1183/1183/1183 1319/1319/1319
f 1324/1324/1324 1189/1189/1189 1323/1323/1323
f 1333/1333/1333 1199/1199/1199 1332/1332/1332
f 1336/1336/1336 1202/1202/1202 1335/1335/1335
f 1350/1350/1350 1217/1217/1217 1351/1351/1351
f 1364/1364/1364 1230/1230/1230 1363/1363/1363
f 1366/1366/1366 1232/1232/1232 1365/1365/1365
f 1368/1368/1368 1234/1234/1234 1367/1367/1367
f 1370/1370/1370 1236/1236/1236 1369/1369/1369
f 1371/1371/1371 1237/1237/1237 1370/1370/1370
f 1372/1372/1372 1238/1238/1238 1371/1371/1371
f 1383/1383/1383 1250/1250/1250 1384/1384/1384
f 1404/1404/1404 1269/1269/1269 1405/1405/1405
f 1417/1417/1417 1285/1285/1285 1418/1418/1418
f 1421/1421/1421 1291/1291/1291 1422/1422/1422
f 1427/1427/1427 1298/1298/1298 1428/1428/1428
f 1432/1432/1432 1303/1303/1303 1433/1433/1433
f 1433/1433/1433 1304/1304/1304 1434/1434/1434
f 1435/1435/1435 1306/1306/1306 1436/1436/1436
f 1440/1440/1440 1309/1309/1309 1441/1441/1441
f 1443/1443/1443 1312/1312/1312 1444/1444/1444
f 1446/1446/1446 1315/1315/1315 1447/1447/1447
f 1447/1447/1447 1316/1316/1316 1448/1448/1448
f 1448/1448/1448 1317/1317/1317 1449/1449/1449
f 1454/1454/1454 1322/1322/1322 1453/1453/1453
f 1456/1456/1456 1324/1324/1324 1455/1455/1455
f 1459/1459/1459 1326/1326/1326 1458/1458/1458
f 1464/1464/1464 1329/1329/1329 1463/1463/1463
f 1466/1466/1466 1331/1331/1331 1465/1465/1465
f 1471/1471/1471 1334/1334/1334 1470/1470/1470
f 1498/1498/1498 1363/1363/1363 1497/1497/1497
f 1500/1500/1500 1365/1365/1365 1499/1499/1499
f 1505/1505/1505 1370/1370/1370 1504/1504/1504
f 1508/1508/1508 1373/1373/1373 1507/1507/1507
f 1517/1517/1517 1379/1379/1379 1518/1518/1518
f 1543/1543/1543 1409/1409/1409 1544/1544/1544
f 1551/1551/1551 1417/1417/1417 1552/1552/1552
f 1556/1556/1556 1421/1421/1421 1557/1557/1557
f 1562/1562/1562 1427/1427/1427 1563/1563/1563
f 1568/1568/1568 1432/1432/1432 1569/1569/1569
f 1570/1570/1570 1435/1435/1435 1571/1571/1571
f 1575/1575/1575 1439/1439/1439 1576/1576/1576
f 1579/1579/1579 1443/1443/1443 1580/1580/1580
f 1580/1580/1580 1444/1444/1444 1581/1581/1581
f 1583/1583/1583 1447/1447/1447 1584/1584/1584
f 1584/1584/1584 1448/1448/1448 1585/1585/1585
f 1588/1588/1588 1450/1450/1450 1589/1589/1589
f 1594/1594/1594 1454/1454/1454 1593/1593/1593
f 1597/1597/1597 1457/1457/1457 1596/1596/1596
f 1600/1600/1600 1460/1460/1460 1599/1599/1599
f 1601/1601/1601 1461/1461/1461 1600/1600/1600
f 1606/1606/1606 1467/1467/1467 1605/1605/1605
f 1622/1622/1622 1486/1486/1486 1621/1621/1621
f 1633/1633/1633 1499/1499/1499 1632/1632/1632
f 1634/1634/1634 1500/1500/1500 1633/1633/1633
f 1636/1636/1636 1502/1502/1502 1635/1635/1635
f 1638/1638/1638 1504/1504/1504 1637/1637/1637
f 1639/1639/1639 1505/1505/1505 1638/1638/1638
f 1641/1641/1641 1507/1507/1507 1640/1640/1640
f 1642/1642/1642 1508/1508/1508 1641/1641/1641
f 1645/1645/1645 1512/1512/1512 1644/1644/1644
f 1678/1678/1678 1545/1545/1545 1679/1679/1679
f 1690/1690/1690 1555/1555/1555 1691/1691/1691
f 1696/1696/1696 1561/1561/1561 1697/1697/1697
f 1702/1702/1702 1567/1567/1567 1703/1703/1703
f 1706/1706/1706 1572/1572/1572 1707/1707/1707
f 1708/1708/1708 1574/1574/1574 1709/1709/1709
f 1710/1710/1710 1576/1576/1576 1711/1711/1711
f 1711/1711/1711 1577/1577/1577 1712/1712/1712
f 1712/1712/1712 1578/1578/1578 1713/1713/1713
f 1715/1715/1715 1583/1583/1583 1716/1716/1716
f 1716/1716/1716 1584/1584/1584 1717/1717/1717
f 1723/1723/1723 1586/1586/1586 1724/1724/1724
f 1724/1724/1724 1587/1587/1587 1725/1725/1725
f 1737/1737/1737 1593/1593/1593 1736/1736/1736
f 1743/1743/1743 1599/1599/1599 1742/1742/1742
f 1745/1745/1745 1601/1601/1601 1744/1744/1744
f 1750/1750/1750 1608/1608/1608 1749/1749/1749
f 1756/1756/1756 1612/1612/1612 1757/1757/1757
f 1776/1776/1776 1635/1635/1635 1775/1775/1775
f 1777/1777/1777 1636/1636/1636 1776/1776/1776
f 1778/1778/1778 1637/1637/1637 1777/1777/1777
f 1780/1780/1780 1639/1639/1639 1779/1779/1779
f 1790/1790/1790 1651/1651/1651 1791/1791/1791
f 1794/1794/1794 1654/1654/1654 1795/1795/1795
f 1809/1809/1809 1666/1666/1666 1810/1810/1810
f 1811/1811/1811 1668/1668/1668 1812/1812/1812
f 1817/1817/1817 1677/1677/1677 1818/1818/1818
f 1824/1824/1824 1686/1686/1686 1825/1825/1825
f 1832/1832/1832 1695/1695/1695 1833/1833/1833
f 1834/1834/1834 1698/1698/1698 1835/1835/1835
f 1837/1837/1837 1701/1701/1701 1838/1838/1838
f 1838/1838/1838 1702/1702/1702 1839/1839/1839
f 1840/1840/1840 1706/1706/1706 1841/1841/1841
f 1844/1844/1844 1709/1709/1709 1845/1845/1845
f 1849/1849/1849 1720/1720/1720 1850/1850/1850
f 1850/1850/1850 1721/1721/1721 1851/1851/1851
f 1851/1851/1851 1722/1722/1722 1852/1852/1852
f 1853/1853/1853 1724/1724/1724 1854/1854/1854
f 1854/1854/1854 1725/1725/1725 1855/1855/1855
f 1864/1864/1864 1735/1735/1735 1863/1863/1863
f 1865/1865/1865 1736/1736/1736 1864/1864/1864
f 1866/1866/1866 1737/1737/1737 1865/1865/1865
f 1867/1867/1867 1738/1738/1738 1866/1866/1866
f 1868/1868/1868 1739/1739/1739 1867/1867/1867
f 1869/1869/1869 1740/1740/1740 1868/1868/1868
f 1892/1892/1892 1766/1766/1766 1891/1891/1891
f 1904/1904/1904 1776/1776/1776 1903/1903/1903
f 1907/1907/1907 1779/1779/1779 1906/1906/1906
f 1908/1908/1908 1780/1780/1780 1907/1907/1907
f 1909/1909/1909 1781/1781/1781 1908/1908/1908
f 1910/1910/1910 1782/1782/1782 1909/1909/1909
f 1922/1922/1922 1797/1797/1797 1921/1921/1921
f 1923/1923/1923 1798/1798/1798 1924/1924/1924
f 1934/1934/1934 1809/1809/1809 1935/1935/1935
f 1946/1946/1946 1819/1819/1819 1947/1947/1947
f 1961/1961/1961 1834/1834/1834 1962/1962/1962
f 1976/1976/1976 1846/1846/1846 1977/1977/1977
f 1978/1978/1978 1848/1848/1848 1979/1979/1979
f 1979/1979/1979 1849/1849/1849 1980/1980/1980
f 1981/1981/1981 1851/1851/1851 1982/1982/1982
f 1983/1983/1983 1853/1853/1853 1984/1984/1984
f 1984/1984/1984 1854/1854/1854 1985/1985/1985
f 1985/1985/1985 1855/1855/1855 1986/1986/1986
f 1986/1986/1986 1856/1856/1856 1987/1987/1987
f 1987/1987/1987 1857/1857/1857 1988/1988/1988
f 1993/1993/1993 1862/1862/1862 1992/1992/1992
f 1994/1994/1994 1863/1863/1863 1993/1993/1993
f 1995/1995/1995 1864/1864/1864 1994/1994/1994
f 1996/1996/1996 1865/1865/1865 1995/1995/1995
f 1998/1998/1998 1867/1867/1867 1997/1997/1997
f 1999/1999/1999 1868/1868/1868 1998/1998/1998
f 2011/2011/2011 1882/1882/1882 2010/2010/2010
f 2034/2034/2034 1902/1902/1902 2033/2033/2033
f 2039/2039/2039 1907/1907/1907 2038/2038/2038
f 2040/2040/2040 1908/1908/1908 2039/2039/2039
f 2041/2041/2041 1909/1909/1909 2040/2040/2040
f 2042/2042/2042 1910/1910/1910 2041/2041/2041
f 2062/2062/2062 1927/1927/1927 2063/2063/2063
f 2072/2072/2072 1938/1938/1938 2073/2073/2073
f 2075/2075/2075 1940/1940/1940 2076/2076/2076
f 2080/2080/2080 1944/1944/1944 2081/2081/2081
f 2082/2082/2082 1946/1946/1946 2083/2083/2083
f 2089/2089/2089 1952/1952/1952 2090/2090/2090
f 2102/2102/2102 1961/1961/1961 2103/2103/2103
f 2111/2111/2111 1967/1967/1967 2112/2112/2112
f 2113/2113/2113 1970/1970/1970 2114/2114/2114
f 2116/2116/2116 1973/1973/1973 2117/2117/2117
f 2125/2125/2125 1980/1980/1980 2126/2126/2126
f 2127/2127/2127 1983/1983/1983 2128/2128/2128
f 2128/2128/2128 1984/1984/1984 2129/2129/2129
f 2131/2131/2131 1987/1987/1987 2132/2132/2132
f 2132/2132/2132 1988/1988/1988 2133/2133/2133
f 2137/2137/2137 1993/1993/1993 2136/2136/2136
f 2138/2138/2138 1994/1994/1994 2137/2137/2137
f 2141/2141/2141 1997/1997/1997 2140/2140/2140
f 2142/2142/2142 1998/1998/1998 2141/2141/2141
f 2143/2143/2143 1999/1999/1999 2142/2142/2142
f 2151/2151/2151 2007/2007/2007 2150/2150/2150
f 2172/2172/2172 2030/2030/2030 2171/2171/2171
f 2177/2177/2177 2034/2034/2034 2176/2176/2176
f 2179/2179/2179 2036/2036/2036 2178/2178/2178
f 2182/2182/2182 2039/2039/2039 2181/2181/2181
f 2183/2183/2183 2040/2040/2040 2182/2182/2182
f 2184/2184/2184 2041/2041/2041 2183/2183/2183
f 2190/2190/2190 2048/2048/2048 2191/2191/2191
f 2196/2196/2196 2054/2054/2054 2197/2197/2197
f 2209/2209/2209 2070/2070/2070 2210/2210/2210
f 2211/2211/2211 2072/2072/2072 2212/2212/2212
f 2213/2213/2213 2074/2074/2074 2214/2214/2214
f 2218/2218/2218 2080/2080/2080 2219/2219/2219
f 2226/2226/2226 2089/2089/2089 2227/2227/2227
f 2228/2228/2228 2091/2091/2091 2229/2229/2229
f 2230/2230/2230 2093/2093/2093 2231/2231/2231
f 2237/2237/2237 2099/2099/2099 2238/2238/2238
f 2240/2240/2240 2102/2102/2102 2241/2241/2241
f 2241/2241/2241 2103/2103/2103 2242/2242/2242
f 2242/2242/2242 2104/2104/2104 2243/2243/2243
f 2253/2253/2253 2114/2114/2114 2254/2254/2254
f 2258/2258/2258 2119/2119/2119 2259/2259/2259
f 2260/2260/2260 2121/2121/2121 2261/2261/2261
f 2261/2261/2261 2122/2122/2122 2262/2262/2262
f 2264/2264/2264 2125/2125/2125 2265/2265/2265
f 2266/2266/2266 2127/2127/2127 2267/2267/2267
f 2268/2268/2268 2129/2129/2129 2269/2269/2269
f 2270/2270/2270 2131/2131/2131 2271/2271/2271
f 2276/2276/2276 2136/2136/2136 2275/2275/2275
f 2277/2277/2277 2137/2137/2137 2276/2276/2276
f 2282/2282/2282 2142/2142/2142 2281/2281/2281
f 2327/2327/2327 2170/2170/2170 2326/2326/2326
f 2333/2333/2333 2176/2176/2176 2332/2332/2332
f 2334/2334/2334 2177/2177/2177 2333/2333/2333
f 2335/2335/2335 2178/2178/2178 2334/2334/2334
f 2336/2336/2336 2179/2179/2179 2335/2335/2335
f 2339/2339/2339 2182/2182/2182 2338/2338/2338
f 2340/2340/2340 2183/2183/2183 2339/2339/2339
f 2341/2341/2341 2184/2184/2184 2340/2340/2340
f 2381/2381/2381 2221/2221/2221 2382/2382/2382
f 2383/2383/2383 2223/2223/2223 2384/2384/2384
f 2389/2389/2389 2230/2230/2230 2390/2390/2390
f 2391/2391/2391 2232/2232/2232 2392/2392/2392
f 2393/2393/2393 2234/2234/2234 2394/2394/2394
f 2401/2401/2401 2241/2241/2241 2402/2402/2402
f 2410/2410/2410 2249/2249/2249 2411/2411/2411
f 2419/2419/2419 2257/2257/2257 2420/2420/2420
f 2420/2420/2420 2258/2258/2258 2421/2421/2421
f 2422/2422/2422 2260/2260/2260 2423/2423/2423
f 2429/2429/2429 2267/2267/2267 2430/2430/2430
f 2442/2442/2442 2274/2274/2274 2441/2441/2441
f 2443/2443/2443 2275/2275/2275 2442/2442/2442
f 2445/2445/2445 2277/2277/2277 2444/2444/2444
f 2446/2446/2446 2278/2278/2278 2445/2445/2445
f 2449/2449/2449 2281/2281/2281 2448/2448/2448
f 2450/2450/2450 2282/2282/2282 2449/2449/2449
f 2453/2453/2453 2285/2285/2285 2452/2452/2452
f 2454/2454/2454 2286/2286/2286 2453/2453/2453
f 2459/2459/2459 2293/2293/2293 2458/2458/2458
f 2465/2465/2465 2319/2319/2319 2466/2466/2466
f 2474/2474/2474 2331/2331/2331 2473/2473/2473
f 2475/2475/2475 2332/2332/2332 2474/2474/2474
f 2476/2476/2476 2333/2333/2333 2475/2475/2475
f 2480/2480/2480 2337/2337/2337 2479/2479/2479
f 2482/2482/2482 2339/2339/2339 2481/2481/2481
f 2483/2483/2483 2340/2340/2340 2482/2482/2482
f 2484/2484/2484 2341/2341/2341 2483/2483/2483
f 2485/2485/2485 2342/2342/2342 2484/2484/2484
f 2523/2523/2523 2379/2379/2379 2524/2524/2524
f 2531/2531/2531 2387/2387/2387 2532/2532/2532
f 2536/2536/2536 2394/2394/2394 2537/2537/2537
f 2540/2540/2540 2401/2401/2401 2541/2541/2541
f 2547/2547/2547 2409/2409/2409 2548/2548/2548
f 2555/2555/2555 2416/2416/2416 2556/2556/2556
f 2556/2556/2556 2417/2417/2417 2557/2557/2557
f 2558/2558/2558 2419/2419/2419 2559/2559/2559
f 2564/2564/2564 2425/2425/2425 2565/2565/2565
f 2570/2570/2570 2434/2434/2434 2569/2569/2569
f 2575/2575/2575 2439/2439/2439 2574/2574/2574
f 2577/2577/2577 2441/2441/2441 2576/2576/2576
f 2580/2580/2580 2446/2446/2446 2579/2579/2579
f 2583/2583/2583 2449/2449/2449 2582/2582/2582
f 2585/2585/2585 2451/2451/2451 2584/2584/2584
f 2596/2596/2596 2468/2468/2468 2597/2597/2597
f 2597/2597/2597 2469/2469/2469 2598/2598/2598
f 2607/2607/2607 2475/2475/2475 2606/2606/2606
f 2608/2608/2608 2476/2476/2476 2607/2607/2607
f 2609/2609/2609 2477/2477/2477 2608/2608/2608
f 2613/2613/2613 2481/2481/2481 2612/2612/2612
f 2614/2614/2614 2482/2482/2482 2613/2613/2613
f 2615/2615/2615 2483/2483/2483 2614/2614/2614
f 2616/2616/2616 2484/2484/2484 2615/2615/2615
f 2617/2617/2617 2485/2485/2485 2616/2616/2616
f 2629/2629/2629 2501/2501/2501 2628/2628/2628
f 2642/2642/2642 2514/2514/2514 2643/2643/2643
f 2647/2647/2647 2518/2518/2518 2648/2648/2648
f 2649/2649/2649 2520/2520/2520 2650/2650/2650
f 2654/2654/2654 2525/2525/2525 2655/2655/2655
f 2656/2656/2656 2527/2527/2527 2657/2657/2657
f 2664/2664/2664 2533/2533/2533 2665/2665/2665
f 2667/2667/2667 2536/2536/2536 2668/2668/2668
f 2668/2668/2668 2537/2537/2537 2669/2669/2669
f 2680/2680/2680 2544/2544/2544 2681/2681/2681
f 2685/2685/2685 2549/2549/2549 2686/2686/2686
f 2686/2686/2686 2550/2550/2550 2687/2687/2687
f 2690/2690/2690 2554/2554/2554 2691/2691/2691
f 2693/2693/2693 2557/2557/2557 2694/2694/2694
f 2700/2700/2700 2569/2569/2569 2699/2699/2699
f 2703/2703/2703 2572/2572/2572 2702/2702/2702
f 2704/2704/2704 2573/2573/2573 2703/2703/2703
f 2705/2705/2705 2574/2574/2574 2704/2704/2704
f 2706/2706/2706 2575/2575/2575 2705/2705/2705
f 2707/2707/2707 2576/2576/2576 2706/2706/2706
f 2708/2708/2708 2577/2577/2577 2707/2707/2707
f 2712/2712/2712 2581/2581/2581 2711/2711/2711
f 2713/2713/2713 2582/2582/2582 2712/2712/2712
f 2714/2714/2714 2583/2583/2583 2713/2713/2713
f 2715/2715/2715 2584/2584/2584 2714/2714/2714
f 2728/2728/2728 2601/2601/2601 2729/2729/2729
f 2729/2729/2729 2602/2602/2602 2730/2730/2730
f 2735/2735/2735 2608/2608/2608 2734/2734/2734
f 2736/2736/2736 2609/2609/2609 2735/2735/2735
f 2738/2738/2738 2611/2611/2611 2737/2737/2737
f 2739/2739/2739 2612/2612/2612 2738/2738/2738
f 2741/2741/2741 2614/2614/2614 2740/2740/2740
f 2742/2742/2742 2615/2615/2615 2741/2741/2741
f 2743/2743/2743 2616/2616/2616 2742/2742/2742
f 2764/2764/2764 2634/2634/2634 2765/2765/2765
f 2773/2773/2773 2645/2645/2645 2774/2774/2774
f 2781/2781/2781 2652/2652/2652 2782/2782/2782
f 2789/2789/2789 2659/2659/2659 2790/2790/2790
f 2791/2791/2791 2661/2661/2661 2792/2792/2792
f 2803/2803/2803 2670/2670/2670 2804/2804/2804
f 2804/2804/2804 2671/2671/2671 2805/2805/2805
f 2809/2809/2809 2676/2676/2676 2810/2810/2810
f 2811/2811/2811 2678/2678/2678 2812/2812/2812
f 2812/2812/2812 2679/2679/2679 2813/2813/2813
f 2813/2813/2813 2680/2680/2680 2814/2814/2814
f 2816/2816/2816 2683/2683/2683 2817/2817/2817
f 2817/2817/2817 2684/2684/2684 2818/2818/2818
f 2818/2818/2818 2685/2685/2685 2819/2819/2819
f 2822/2822/2822 2695/2695/2695 2823/2823/2823
f 2825/2825/2825 2699/2699/2699 2824/2824/2824
f 2826/2826/2826 2700/2700/2700 2825/2825/2825
f 2835/2835/2835 2709/2709/2709 2834/2834/2834
f 2839/2839/2839 2712/2712/2712 2838/2838/2838
f 2840/2840/2840 2713/2713/2713 2839/2839/2839
f 2841/2841/2841 2714/2714/2714 2840/2840/2840
f 2853/2853/2853 2726/2726/2726 2854/2854/2854
f 2860/2860/2860 2733/2733/2733 2859/2859/2859
f 2862/2862/2862 2735/2735/2735 2861/2861/2861
f 2868/2868/2868 2741/2741/2741 2867/2867/2867
f 2869/2869/2869 2742/2742/2742 2868/2868/2868
f 2880/2880/2880 2750/2750/2750 2881/2881/2881
f 2898/2898/2898 2769/2769/2769 2899/2899/2899
f 2905/2905/2905 2777/2777/2777 2906/2906/2906
f 2917/2917/2917 2789/2789/2789 2918/2918/2918
f 2924/2924/2924 2795/2795/2795 2925/2925/2925
f 2935/2935/2935 2801/2801/2801 2936/2936/2936
f 2936/2936/2936 2802/2802/2802 2937/2937/2937
f 2937/2937/2937 2803/2803/2803 2938/2938/2938
f 2939/2939/2939 2807/2807/2807 2940/2940/2940
f 2940/2940/2940 2808/2808/2808 2941/2941/2941
f 2943/2943/2943 2811/2811/2811 2944/2944/2944
f 2946/2946/2946 2814/2814/2814 2947/2947/2947
f 2947/2947/2947 2815/2815/2815 2948/2948/2948
f 2948/2948/2948 2816/2816/2816 2949/2949/2949
f 2951/2951/2951 2825/2825/2825 2950/2950/2950
f 2957/2957/2957 2832/2832/2832 2956/2956/2956
f 2960/2960/2960 2835/2835/2835 2959/2959/2959
f 2964/2964/2964 2838/2838/2838 2963/2963/2963
f 2965/2965/2965 2839/2839/2839 2964/2964/2964
f 2988/2988/2988 2860/2860/2860 2987/2987/2987
f 2991/2991/2991 2863/2863/2863 2990/2990/2990
f 2992/2992/2992 2864/2864/2864 2991/2991/2991
f 2996/2996/2996 2868/2868/2868 2995/2995/2995
f 3011/3011/3011 2885/2885/2885 3010/3010/3010
f 3025/3025/3025 2898/2898/2898 3026/3026/3026
f 3028/3028/3028 2902/2902/2902 3029/3029/3029
f 3037/3037/3037 2909/2909/2909 3038/3038/3038
f 3059/3059/3059 2922/2922/2922 3060/3060/3060
f 3061/3061/3061 2924/2924/2924 3062/3062/3062
f 3068/3068/3068 2929/2929/2929 3069/3069/3069
f 3071/3071/3071 2932/2932/2932 3072/3072/3072
f 3073/3073/3073 2934/2934/2934 3074/3074/3074
f 3074/3074/3074 2935/2935/2935 3075/3075/3075
f 3079/3079/3079 2942/2942/2942 3080/3080/3080
f 3084/3084/3084 2954/2954/2954 3083/3083/3083
f 3085/3085/3085 2955/2955/2955 3084/3084/3084
f 3086/3086/3086 2956/2956/2956 3085/3085/3085
f 3087/3087/3087 2957/2957/2957 3086/3086/3086
f 3091/3091/3091 2961/2961/2961 3090/3090/3090
f 3093/3093/3093 2963/2963/2963 3092/3092/3092
f 3094/3094/3094 2964/2964/2964 3093/3093/3093
f 3101/3101/3101 2973/2973/2973 3100/3100/3100
f 3115/3115/3115 2980/2980/2980 3114/3114/3114
f 3116/3116/3116 2981/2981/2981 3117/3117/3117
f 3117/3117/3117 2982/2982/2982 3118/3118/3118
f 3118/3118/3118 2983/2983/2983 3119/3119/3119
f 3123/3123/3123 2989/2989/2989 3122/3122/3122
f 3129/3129/3129 2995/2995/2995 3128/3128/3128
f 3130/3130/3130 2996/2996/2996 3129/3129/3129
f 3131/3131/3131 2997/2997/2997 3130/3130/3130
f 3132/3132/3132 2998/2998/2998 3131/3131/3131
f 3135/3135/3135 3002/3002/3002 3134/3134/3134
f 3156/3156/3156 3020/3020/3020 3157/3157/3157
f 3160/3160/3160 3024/3024/3024 3161/3161/3161
f 3172/3172/3172 3032/3032/3032 3173/3173/3173
f 3178/3178/3178 3036/3036/3036 3179/3179/3179
f 3218/3218/3218 3053/3053/3053 3219/3219/3219
f 3222/3222/3222 3057/3057/3057 3223/3223/3223
f 3223/3223/3223 3058/3058/3058 3224/3224/3224
f 3225/3225/3225 3060/3060/3060 3226/3226/3226
f 3228/3228/3228 3065/3065/3065 3229/3229/3229
f 3229/3229/3229 3066/3066/3066 3230/3230/3230
f 3230/3230/3230 3067/3067/3067 3231/3231/3231
f 3231/3231/3231 3068/3068/3068 3232/3232/3232
f 3234/3234/3234 3084/3084/3084 3233/3233/3233
f 3235/3235/3235 3085/3085/3085 3234/3234/3234
f 3236/3236/3236 3086/3086/3086 3235/3235/3235
f 3237/3237/3237 3087/3087/3087 3236/3236/3236
f 3238/3238/3238 3088/3088/3088 3237/3237/3237
f 3241/3241/3241 3091/3091/3091 3240/3240/3240
f 3242/3242/3242 3092/3092/3092 3241/3241/3241
f 3243/3243/3243 3093/3093/3093 3242/3242/3242
f 3257/3257/3257 3107/3107/3107 3258/3258/3258
f 3269/3269/3269 3115/3115/3115 3268/3268/3268
f 3274/3274/3274 3119/3119/3119 3275/3275/3275
f 3280/3280/3280 3123/3123/3123 3279/3279/3279
f 3283/3283/3283 3126/3126/3126 3282/3282/3282
f 3286/3286/3286 3129/3129/3129 3285/3285/3285
f 3287/3287/3287 3130/3130/3130 3286/3286/3286
f 3288/3288/3288 3131/3131/3131 3287/3287/3287
f 3289/3289/3289 3132/3132/3132 3288/3288/3288
f 3290/3290/3290 3133/3133/3133 3289/3289/3289
f 3299/3299/3299 3141/3141/3141 3298/3298/3298
f 3316/3316/3316 3151/3151/3151 3317/3317/3317
f 3320/3320/3320 3155/3155/3155 3321/3321/3321
f 3326/3326/3326 3159/3159/3159 3327/3327/3327
f 3335/3335/3335 3164/3164/3164 3336/3336/3336
f 3348/3348/3348 3170/3170/3170 3349/3349/3349
f 3362/3362/3362 3176/3176/3176 3363/3363/3363
f 3373/3373/3373 3184/3184/3184 3374/3374/3374
f 3377/3377/3377 3188/3188/3188 3378/3378/3378
f 3378/3378/3378 3189/3189/3189 3379/3379/3379
f 3382/3382/3382 3197/3197/3197 3383/3383/3383
f 3383/3383/3383 3198/3198/3198 3384/3384/3384
f 3385/3385/3385 3200/3200/3200 3386/3386/3386
f 3386/3386/3386 3201/3201/3201 3387/3387/3387
f 3392/3392/3392 3235/3235/3235 3391/3391/3391
f 3393/3393/3393 3236/3236/3236 3392/3392/3392
f 3394/3394/3394 3237/3237/3237 3393/3393/3393
f 3396/3396/3396 3239/3239/3239 3395/3395/3395
f 3398/3398/3398 3241/3241/3241 3397/3397/3397
f 3399/3399/3399 3242/3242/3242 3398/3398/3398
f 3419/3419/3419 3264/3264/3264 3418/3418/3418
f 3420/3420/3420 3265/3265/3265 3419/3419/3419
f 3441/3441/3441 3270/3270/3270 3440/3440/3440
f 3442/3442/3442 3271/3271/3271 3443/3443/3443
f 3443/3443/3443 3272/3272/3272 3444/3444/3444
f 3446/3446/3446 3275/3275/3275 3447/3447/3447
f 3447/3447/3447 3276/3276/3276 3448/3448/3448
f 3451/3451/3451 3281/3281/3281 3450/3450/3450
f 3452/3452/3452 3282/3282/3282 3451/3451/3451
f 3453/3453/3453 3283/3283/3283 3452/3452/3452
f 3456/3456/3456 3286/3286/3286 3455/3455/3455
f 3457/3457/3457 3287/3287/3287 3456/3456/3456
f 3458/3458/3458 3288/3288/3288 3457/3457/3457
f 3459/3459/3459 3289/3289/3289 3458/3458/3458
f 3460/3460/3460 3290/3290/3290 3459/3459/3459
f 3462/3462/3462 3293/3293/3293 3461/3461/3461
f 3469/3469/3469 3300/3300/3300 3468/3468/3468
f 3475/3475/3475 3305/3305/3305 3474/3474/3474
f 3499/3499/3499 3320/3320/3320 3500/3500/3500
f 3509/3509/3509 3325/3325/3325 3510/3510/3510
f 3510/3510/3510 3326/3326/3326 3511/3511/3511
f 3522/3522/3522 3333/3333/3333 3523/3523/3523
f 3523/3523/3523 3334/3334/3334 3524/3524/3524
f 3530/3530/3530 3342/3342/3342 3531/3531/3531
f 3531/3531/3531 3343/3343/3343 3532/3532/3532
f 3532/3532/3532 3344/3344/3344 3533/3533/3533
f 3533/3533/3533 3345/3345/3345 3534/3534/3534
f 3534/3534/3534 3346/3346/3346 3535/3535/3535
f 3541/3541/3541 3355/3355/3355 3542/3542/3542
f 3542/3542/3542 3356/3356/3356 3543/3543/3543
f 3545/3545/3545 3369/3369/3369 3546/3546/3546
f 3546/3546/3546 3370/3370/3370 3547/3547/3547
f 3547/3547/3547 3371/3371/3371 3548/3548/3548
f 3550/3550/3550 3391/3391/3391 3549/3549/3549
f 3551/3551/3551 3392/3392/3392 3550/3550/3550
f 3554/3554/3554 3395/3395/3395 3553/3553/3553
f 3555/3555/3555 3396/3396/3396 3554/3554/3554
f 3590/3590/3590 3421/3421/3421 3591/3591/3591
f 3598/3598/3598 3427/3427/3427 3597/3597/3597
f 3600/3600/3600 3429/3429/3429 3599/3599/3599
f 3601/3601/3601 3430/3430/3430 3602/3602/3602
f 3602/3602/3602 3431/3431/3431 3603/3603/3603
f 3603/3603/3603 3432/3432/3432 3604/3604/3604
f 3605/3605/3605 3434/3434/3434 3606/3606/3606
f 3614/3614/3614 3439/3439/3439 3613/3613/3613
f 3627/3627/3627 3452/3452/3452 3626/3626/3626
f 3630/3630/3630 3455/3455/3455 3629/3629/3629
f 3631/3631/3631 3456/3456/3456 3630/3630/3630
f 3632/3632/3632 3457/3457/3457 3631/3631/3631
f 3633/3633/3633 3458/3458/3458 3632/3632/3632
f 3635/3635/3635 3460/3460/3460 3634/3634/3634
f 3640/3640/3640 3465/3465/3465 3639/3639/3639
f 3643/3643/3643 3467/3467/3467 3642/3642/3642
f 3663/3663/3663 3481/3481/3481 3664/3664/3664
f 3666/3666/3666 3483/3483/3483 3667/3667/3667
f 3669/3669/3669 3487/3487/3487 3670/3670/3670
f 3670/3670/3670 3488/3488/3488 3671/3671/3671
f 3672/3672/3672 3490/3490/3490 3671/3671/3671
f 3685/3685/3685 3498/3498/3498 3686/3686/3686
f 3686/3686/3686 3499/3499/3499 3687/3687/3687
f 3687/3687/3687 3500/3500/3500 3688/3688/3688
f 3699/3699/3699 3508/3508/3508 3700/3700/3700
f 3700/3700/3700 3509/3509/3509 3701/3701/3701
f 3705/3705/3705 3517/3517/3517 3706/3706/3706
f 3709/3709/3709 3521/3521/3521 3710/3710/3710
f 3710/3710/3710 3522/3522/3522 3711/3711/3711
f 3717/3717/3717 3529/3529/3529 3718/3718/3718
f 3720/3720/3720 3539/3539/3539 3721/3721/3721
f 3721/3721/3721 3540/3540/3540 3722/3722/3722
f 3722/3722/3722 3541/3541/3541 3723/3723/3723
f 3725/3725/3725 3560/3560/3560 3724/3724/3724
f 3726/3726/3726 3561/3561/3561 3725/3725/3725
f 3727/3727/3727 3562/3562/3562 3726/3726/3726
f 3728/3728/3728 3563/3563/3563 3727/3727/3727
f 3730/3730/3730 3565/3565/3565 3729/3729/3729
f 3731/3731/3731 3566/3566/3566 3730/3730/3730
f 3768/3768/3768 3579/3579/3579 3769/3769/3769
f 3777/3777/3777 3585/3585/3585 3778/3778/3778
f 3778/3778/3778 3586/3586/3586 3779/3779/3779
f 3779/3779/3779 3587/3587/3587 3780/3780/3780
f 3794/3794/3794 3612/3612/3612 3793/3793/3793
f 3800/3800/3800 3622/3622/3622 3799/3799/3799
f 3804/3804/3804 3626/3626/3626 3803/3803/3803
f 3805/3805/3805 3627/3627/3627 3804/3804/3804
f 3808/3808/3808 3630/3630/3630 3807/3807/3807
f 3809/3809/3809 3631/3631/3631 3808/3808/3808
f 3810/3810/3810 3632/3632/3632 3809/3809/3809
f 3811/3811/3811 3633/3633/3633 3810/3810/3810
f 3813/3813/3813 3635/3635/3635 3812/3812/3812
f 3830/3830/3830 3641/3641/3641 3829/3829/3829
f 3843/3843/3843 3643/3643/3643 3842/3842/3842
f 3869/3869/3869 3656/3656/3656 3870/3870/3870
f 3897/3897/3897 3674/3674/3674 3898/3898/3898
f 3905/3905/3905 3679/3679/3679 3906/3906/3906
f 3912/3912/3912 3684/3684/3684 3913/3913/3913
f 3913/3913/3913 3685/3685/3685 3914/3914/3914
f 3914/3914/3914 3686/3686/3686 3915/3915/3915
f 3921/3921/3921 3692/3692/3692 3922/3922/3922
f 3924/3924/3924 3698/3698/3698 3925/3925/3925
f 3925/3925/3925 3699/3699/3699 3926/3926/3926
f 3936/3936/3936 3716/3716/3716 3937/3937/3937
f 3939/3939/3939 3739/3739/3739 3938/3938/3938
f 3940/3940/3940 3740/3740/3740 3939/3939/3939
f 3943/3943/3943 3749/3749/3749 3944/3944/3944
f 3944/3944/3944 3750/3750/3750 3945/3945/3945
f 3947/3947/3947 3790/3790/3790 3946/3946/3946
f 3948/3948/3948 3791/3791/3791 3947/3947/3947
f 3955/3955/3955 3806/3806/3806 3954/3954/3954
f 3958/3958/3958 3809/3809/3809 3957/3957/3957
f 3959/3959/3959 3810/3810/3810 3958/3958/3958
f 3960/3960/3960 3811/3811/3811 3959/3959/3959
f 3962/3962/3962 3813/3813/3813 3961/3961/3961
f 3964/3964/3964 3815/3815/3815 3965/3965/3965
f 3968/3968/3968 3826/3826/3826 3967/3967/3967
f 3970/3970/3970 3828/3828/3828 3969/3969/3969
f 3973/3973/3973 3832/3832/3832 3972/3972/3972
f 3976/3976/3976 3835/3835/3835 3975/3975/3975
f 3979/3979/3979 3841/3841/3841 3978/3978/3978
f 3982/3982/3982 3846/3846/3846 3983/3983/3983
f 3985/3985/3985 3849/3849/3849 3984/3984/3984
f 4017/4017/4017 3890/3890/3890 4018/4018/4018
f 4018/4018/4018 3891/3891/3891 4019/4019/4019
f 4023/4023/4023 3897/3897/3897 4024/4024/4024
f 4026/4026/4026 3901/3901/3901 4027/4027/4027
f 4030/4030/4030 3910/3910/3910 4031/4031/4031
f 4031/4031/4031 3911/3911/3911 4032/4032/4032
f 4034/4034/4034 3914/3914/3914 4035/4035/4035
f 4039/4039/4039 3955/3955/3955 4038/4038/4038
f 4043/4043/4043 3959/3959/3959 4042/4042/4042
f 4044/4044/4044 3960/3960/3960 4043/4043/4043
f 4045/4045/4045 3961/3961/3961 4044/4044/4044
f 4046/4046/4046 3962/3962/3962 4045/4045/4045
f 4065/4065/4065 4023/4023/4023 4066/4066/4066
f 4068/4068/4068 4030/4030/4030 4069/4069/4069
f 4069/4069/4069 4031/4031/4031 4070/4070/4070
f 4075/4075/4075 4039/4039/4039 4074/4074/4074
f 4076/4076/4076 4040/4040/4040 4075/4075/4075
f 4079/4079/4079 4043/4043/4043 4078/4078/4078
f 4080/4080/4080 4044/4044/4044 4079/4079/4079
f 4086/4086/4086 4050/4050/4050 4085/4085/4085
f 4095/4095/4095 4059/4059/4059 4096/4096/4096
f 4104/4104/4104 4068/4068/4068 4105/4105/4105
f 4105/4105/4105 4069/4069/4069 4106/4106/4106
f 37/37/37 1/1/1 47/47/47
f 51/51/51 15/15/15 49/49/49
f 53/53/53 17/17/17 51/51/51
f 52/52/52 16/16/16 54/54/54
f 55/55/55 19/19/19 53/53/53
f 54/54/54 18/18/18 56/56/56
f 57/57/57 21/21/21 55/55/55
f 63/63/63 27/27/27 66/66/66
f 72/72/72 36/36/36 64/64/64
f 73/73/73 37/37/37 83/83/83
f 87/87/87 50/50/50 90/90/90
f 91/91/91 53/53/53 88/88/88
f 90/90/90 52/52/52 93/93/93
f 97/97/97 57/57/57 94/94/94
f 96/96/96 56/56/56 98/98/98
f 104/104/104 63/63/63 107/107/107
f 113/113/113 72/72/72 105/105/105
f 115/115/115 73/73/73 128/128/128
f 127/127/127 82/82/82 134/134/134
f 133/133/133 86/86/86 138/138/138
f 139/139/139 91/91/91 135/135/135
f 151/151/151 97/97/97 143/143/143
f 206/206/206 114/114/114 223/223/223
f 221/221/221 125/125/125 229/229/229
f 230/230/230 135/135/135 224/224/224
f 228/228/228 131/131/131 238/238/238
f 239/239/239 139/139/139 230/230/230
f 247/247/247 140/140/140 256/256/256
f 254/254/254 144/144/144 264/264/264
f 297/297/297 190/190/190 282/282/282
f 301/301/301 193/193/193 285/285/285
f 323/323/323 194/194/194 327/327/327
f 327/327/327 197/197/197 334/334/334
f 333/333/333 200/200/200 356/356/356
f 357/357/357 224/224/224 349/349/349
f 365/365/365 230/230/230 357/357/357
f 364/364/364 225/225/225 372/372/372
f 368/368/368 231/231/231 376/376/376
f 376/376/376 240/240/240 380/380/380
f 382/382/382 258/258/258 377/377/377
f 385/385/385 265/265/265 381/381/381
f 391/391/391 274/274/274 385/385/385
f 398/398/398 287/287/287 389/389/389
f 406/406/406 301/301/301 396/396/396
f 421/421/421 312/312/312 405/405/405
f 428/428/428 314/314/314 415/415/415
f 452/452/452 315/315/315 458/458/458
f 457/457/457 318/318/318 464/464/464
f 465/465/465 325/325/325 459/459/459
f 463/463/463 322/322/322 471/471/471
f 473/473/473 329/329/329 465/465/465
f 471/471/471 326/326/326 481/481/481
f 482/482/482 335/335/335 472/472/472
f 478/478/478 330/330/330 500/500/500
f 502/502/502 357/357/357 496/496/496
f 497/497/497 350/350/350 504/504/504
f 504/504/504 358/358/358 507/507/507
f 508/508/508 373/373/373 505/505/505
f 507/507/507 366/366/366 510/510/510
f 511/511/511 377/377/377 508/508/508
f 519/519/519 386/386/386 515/515/515
f 517/517/517 383/383/383 521/521/521
f 523/523/523 391/391/391 518/518/518
f 530/530/530 399/399/399 522/522/522
f 536/536/536 407/407/407 528/528/528
f 541/541/541 421/421/421 534/534/534
f 553/553/553 434/434/434 541/541/541
f 566/566/566 441/441/441 551/551/551
f 575/575/575 443/443/443 562/562/562
f 578/578/578 445/445/445 565/565/565
f 600/600/600 446/446/446 605/605/605
f 604/604/604 448/448/448 612/612/612
f 611/611/611 451/451/451 619/619/619
f 620/620/620 460/460/460 613/613/613
f 617/617/617 455/455/455 625/625/625
f 627/627/627 466/466/466 620/620/620
f 624/624/624 461/461/461 633/633/633
f 631/631/631 467/467/467 640/640/640
f 638/638/638 475/475/475 654/654/654
f 655/655/655 501/501/501 652/652/652
f 654/654/654 497/497/497 658/658/658
f 659/659/659 505/505/505 656/656/656
f 657/657/657 503/503/503 662/662/662
f 662/662/662 506/506/506 666/666/666
f 667/667/667 511/511/511 663/663/663
f 671/671/671 515/515/515 667/667/667
f 680/680/680 524/524/524 675/675/675
f 685/685/685 530/530/530 678/678/678
f 689/689/689 536/536/536 683/683/683
f 687/687/687 531/531/531 692/692/692
f 694/694/694 542/542/542 688/688/688
f 699/699/699 553/553/553 693/693/693
f 706/706/706 568/568/568 699/699/699
f 714/714/714 580/580/580 705/705/705
f 722/722/722 589/589/589 714/714/714
f 733/733/733 596/596/596 721/721/721
f 744/744/744 597/597/597 751/751/751
f 749/749/749 599/599/599 758/758/758
f 759/759/759 607/607/607 752/752/752
f 757/757/757 603/603/603 765/765/765
f 766/766/766 614/614/614 759/759/759
f 762/762/762 608/608/608 769/769/769
f 768/768/768 615/615/615 774/774/774
f 773/773/773 622/622/622 781/781/781
f 782/782/782 636/636/636 775/775/775
f 779/779/779 629/629/629 786/786/786
f 785/785/785 637/637/637 799/799/799
f 799/799/799 653/653/653 804/804/804
f 804/804/804 657/657/657 808/808/808
f 812/812/812 668/668/668 809/809/809
f 816/816/816 672/672/672 812/812/812
f 819/819/819 675/675/675 815/815/815
f 829/829/829 685/685/685 823/823/823
f 837/837/837 695/695/695 832/832/832
f 842/842/842 700/700/700 836/836/836
f 851/851/851 707/707/707 842/842/842
f 856/856/856 714/714/714 849/849/849
f 861/861/861 722/722/722 856/856/856
f 869/869/869 734/734/734 861/861/861
f 879/879/879 742/742/742 867/867/867
f 893/893/893 743/743/743 903/903/903
f 900/900/900 747/747/747 908/908/908
f 910/910/910 760/760/760 904/904/904
f 906/906/906 754/754/754 913/913/913
f 914/914/914 766/766/766 909/909/909
f 912/912/912 761/761/761 920/920/920
f 919/919/919 767/767/767 927/927/927
f 926/926/926 772/772/772 932/932/932
f 934/934/934 783/783/783 928/928/928
f 929/929/929 777/777/777 936/936/936
f 937/937/937 787/787/787 933/933/933
f 936/936/936 784/784/784 950/950/950
f 950/950/950 798/798/798 955/955/955
f 955/955/955 803/803/803 958/958/958
f 963/963/963 812/812/812 959/959/959
f 983/983/983 830/830/830 987/987/987
f 988/988/988 838/838/838 984/984/984
f 993/993/993 844/844/844 988/988/988
f 1000/1000/1000 852/852/852 992/992/992
f 1005/1005/1005 857/857/857 998/998/998
f 1011/1011/1011 862/862/862 1005/1005/1005
f 1016/1016/1016 869/869/869 1010/1010/1010
f 1026/1026/1026 881/881/881 1016/1016/1016
f 1034/1034/1034 886/886/886 1022/1022/1022
f 1038/1038/1038 889/889/889 1025/1025/1025
f 1048/1048/1048 890/890/890 1058/1058/1058
f 1055/1055/1055 897/897/897 1062/1062/1062
f 1062/1062/1062 905/905/905 1067/1067/1067
f 1068/1068/1068 915/915/915 1063/1063/1063
f 1066/1066/1066 911/911/911 1072/1072/1072
f 1073/1073/1073 922/922/922 1068/1068/1068
f 1069/1069/1069 916/916/916 1075/1075/1075
f 1077/1077/1077 928/928/928 1073/1073/1073
f 1074/1074/1074 923/923/923 1079/1079/1079
f 1079/1079/1079 929/929/929 1083/1083/1083
f 1085/1085/1085 938/938/938 1081/1081/1081
f 1082/1082/1082 935/935/935 1096/1096/1096
f 1101/1101/1101 956/956/956 1098/1098/1098
f 1099/1099/1099 954/954/954 1102/1102/1102
f 1105/1105/1105 959/959/959 1101/1101/1101
f 1124/1124/1124 981/981/981 1120/1120/1120
f 1123/1123/1123 979/979/979 1127/1127/1127
f 1128/1128/1128 985/985/985 1124/1124/1124
f 1126/1126/1126 982/982/982 1130/1130/1130
f 1131/1131/1131 989/989/989 1128/1128/1128
f 1135/1135/1135 994/994/994 1131/1131/1131
f 1141/1141/1141 1001/1001/1001 1134/1134/1134
f 1146/1146/1146 1006/1006/1006 1139/1139/1139
f 1153/1153/1153 1012/1012/1012 1146/1146/1146
f 1159/1159/1159 1017/1017/1017 1152/1152/1152
f 1163/1163/1163 1026/1026/1026 1158/1158/1158
f 1162/1162/1162 1018/1018/1018 1164/1164/1164
f 1173/1173/1173 1039/1039/1039 1163/1163/1163
f 1181/1181/1181 1044/1044/1044 1169/1169/1169
f 1183/1183/1183 1046/1046/1046 1171/1171/1171
f 1190/1190/1190 1047/1047/1047 1203/1203/1203
f 1205/1205/1205 1059/1059/1059 1197/1197/1197
f 1201/1201/1201 1055/1055/1055 1209/1209/1209
f 1210/1210/1210 1063/1063/1063 1205/1205/1205
f 1207/1207/1207 1060/1060/1060 1213/1213/1213
f 1212/1212/1212 1064/1064/1064 1216/1216/1216
f 1215/1215/1215 1069/1069/1069 1220/1220/1220
f 1219/1219/1219 1074/1074/1074 1224/1224/1224
f 1223/1223/1223 1078/1078/1078 1227/1227/1227
f 1228/1228/1228 1084/1084/1084 1225/1225/1225
f 1227/1227/1227 1082/1082/1082 1241/1241/1241
f 1245/1245/1245 1100/1100/1100 1242/1242/1242
f 1249/1249/1249 1104/1104/1104 1245/1245/1245
f 1257/1257/1257 1115/1115/1115 1260/1260/1260
f 1261/1261/1261 1121/1121/1121 1258/1258/1258
f 1260/1260/1260 1118/1118/1118 1263/1263/1263
f 1264/1264/1264 1125/1125/1125 1261/1261/1261
f 1263/1263/1263 1122/1122/1122 1266/1266/1266
f 1268/1268/1268 1129/1129/1129 1264/1264/1264
f 1271/1271/1271 1131/1131/1131 1267/1267/1267
f 1270/1270/1270 1130/1130/1130 1273/1273/1273
f 1274/1274/1274 1135/1135/1135 1271/1271/1271
f 1279/1279/1279 1142/1142/1142 1274/1274/1274
f 1283/1283/1283 1148/1148/1148 1278/1278/1278
f 1289/1289/1289 1154/1154/1154 1282/1282/1282
f 1296/1296/1296 1160/1160/1160 1288/1288/1288
f 1301/1301/1301 1163/1163/1163 1294/1294/1294
f 1319/1319/1319 1184/1184/1184 1307/1307/1307
f 1320/1320/1320 1185/1185/1185 1329/1329/1329
f 1328/1328/1328 1190/1190/1190 1337/1337/1337
f 1338/1338/1338 1204/1204/1204 1331/1331/1331
f 1332/1332/1332 1198/1198/1198 1341/1341/1341
f 1343/1343/1343 1210/1210/1210 1339/1339/1339
f 1341/1341/1341 1206/1206/1206 1345/1345/1345
f 1347/1347/1347 1214/1214/1214 1343/1343/1343
f 1344/1344/1344 1211/1211/1211 1349/1349/1349
f 1349/1349/1349 1215/1215/1215 1354/1354/1354
f 1353/1353/1353 1219/1219/1219 1358/1358/1358
f 1357/1357/1357 1223/1223/1223 1361/1361/1361
f 1360/1360/1360 1226/1226/1226 1374/1374/1374
f 1377/1377/1377 1243/1243/1243 1380/1380/1380
f 1382/1382/1382 1249/1249/1249 1378/1378/1378
f 1385/1385/1385 1252/1252/1252 1381/1381/1381
f 1393/1393/1393 1258/1258/1258 1389/1389/1389
f 1397/1397/1397 1261/1261/1261 1393/1393/1393
f 1401/1401/1401 1264/1264/1264 1397/1397/1397
f 1400/1400/1400 1262/1262/1262 1402/1402/1402
f 1410/1410/1410 1275/1275/1275 1406/1406/1406
f 1407/1407/1407 1273/1273/1273 1411/1411/1411
f 1413/1413/1413 1279/1279/1279 1409/1409/1409
f 1412/1412/1412 1277/1277/1277 1414/1414/1414
f 1416/1416/1416 1284/1284/1284 1413/1413/1413
f 1420/1420/1420 1290/1290/1290 1415/1415/1415
f 1425/1425/1425 1297/1297/1297 1419/1419/1419
f 1430/1430/1430 1302/1302/1302 1423/1423/1423
f 1437/1437/1437 1308/1308/1308 1429/1429/1429
f 1458/1458/1458 1325/1325/1325 1469/1469/1469
f 1462/1462/1462 1327/1327/1327 1473/1473/1473
f 1469/1469/1469 1332/1332/1332 1477/1477/1477
f 1478/1478/1478 1342/1342/1342 1474/1474/1474
f 1476/1476/1476 1340/1340/1340 1481/1481/1481
f 1482/1482/1482 1346/1346/1346 1478/1478/1478
f 1481/1481/1481 1344/1344/1344 1484/1484/1484
f 1483/1483/1483 1348/1348/1348 1488/1488/1488
f 1487/1487/1487 1352/1352/1352 1492/1492/1492
f 1493/1493/1493 1359/1359/1359 1489/1489/1489
f 1491/1491/1491 1356/1356/1356 1496/1496/1496
f 1497/1497/1497 1362/1362/1362 1493/1493/1493
f 1496/1496/1496 1360/1360/1360 1510/1510/1510
f 1511/1511/1511 1375/1375/1375 1508/1508/1508
f 1510/1510/1510 1374/1374/1374 1514/1514/1514
f 1522/1522/1522 1386/1386/1386 1519/1519/1519
f 1521/1521/1521 1383/1383/1383 1523/1523/1523
f 1523/1523/1523 1387/1387/1387 1525/1525/1525
f 1525/1525/1525 1391/1391/1391 1527/1527/1527
f 1530/1530/1530 1398/1398/1398 1526/1526/1526
f 1527/1527/1527 1395/1395/1395 1531/1531/1531
f 1533/1533/1533 1401/1401/1401 1529/1529/1529
f 1536/1536/1536 1403/1403/1403 1533/1533/1533
f 1540/1540/1540 1406/1406/1406 1536/1536/1536
f 1539/1539/1539 1405/1405/1405 1541/1541/1541
f 1542/1542/1542 1408/1408/1408 1546/1546/1546
f 1547/1547/1547 1413/1413/1413 1543/1543/1543
f 1550/1550/1550 1416/1416/1416 1547/1547/1547
f 1553/1553/1553 1420/1420/1420 1549/1549/1549
f 1560/1560/1560 1426/1426/1426 1553/1553/1553
f 1565/1565/1565 1431/1431/1431 1558/1558/1558
f 1573/1573/1573 1438/1438/1438 1564/1564/1564
f 1585/1585/1585 1449/1449/1449 1570/1570/1570
f 1589/1589/1589 1451/1451/1451 1582/1582/1582
f 1592/1592/1592 1452/1452/1452 1604/1604/1604
f 1607/1607/1607 1468/1468/1468 1611/1611/1611
f 1613/1613/1613 1479/1479/1479 1609/1609/1609
f 1611/1611/1611 1476/1476/1476 1616/1616/1616
f 1617/1617/1617 1482/1482/1482 1612/1612/1612
f 1615/1615/1615 1480/1480/1480 1620/1620/1620
f 1624/1624/1624 1487/1487/1487 1628/1628/1628
f 1627/1627/1627 1491/1491/1491 1631/1631/1631
f 1630/1630/1630 1495/1495/1495 1643/1643/1643
f 1644/1644/1644 1511/1511/1511 1642/1642/1642
f 1643/1643/1643 1509/1509/1509 1646/1646/1646
f 1656/1656/1656 1524/1524/1524 1653/1653/1653
f 1654/1654/1654 1523/1523/1523 1657/1657/1657
f 1659/1659/1659 1526/1526/1526 1656/1656/1656
f 1661/1661/1661 1528/1528/1528 1664/1664/1664
f 1665/1665/1665 1534/1534/1534 1662/1662/1662
f 1669/1669/1669 1537/1537/1537 1665/1665/1665
f 1667/1667/1667 1535/1535/1535 1670/1670/1670
f 1672/1672/1672 1540/1540/1540 1668/1668/1668
f 1676/1676/1676 1544/1544/1544 1672/1672/1672
f 1680/1680/1680 1547/1547/1547 1675/1675/1675
f 1683/1683/1683 1548/1548/1548 1687/1687/1687
f 1689/1689/1689 1554/1554/1554 1685/1685/1685
f 1700/1700/1700 1566/1566/1566 1693/1693/1693
f 1717/1717/1717 1585/1585/1585 1704/1704/1704
f 1726/1726/1726 1589/1589/1589 1714/1714/1714
f 1734/1734/1734 1590/1590/1590 1746/1746/1746
f 1742/1742/1742 1598/1598/1598 1750/1750/1750
f 1752/1752/1752 1609/1609/1609 1748/1748/1748
f 1757/1757/1757 1613/1613/1613 1752/1752/1752
f 1754/1754/1754 1610/1610/1610 1759/1759/1759
f 1758/1758/1758 1614/1614/1614 1762/1762/1762
f 1762/1762/1762 1619/1619/1619 1766/1766/1766
f 1768/1768/1768 1626/1626/1626 1764/1764/1764
f 1765/1765/1765 1623/1623/1623 1769/1769/1769
f 1770/1770/1770 1629/1629/1629 1768/1768/1768
f 1771/1771/1771 1630/1630/1630 1784/1784/1784
f 1787/1787/1787 1647/1647/1647 1785/1785/1785
f 1786/1786/1786 1646/1646/1646 1788/1788/1788
f 1789/1789/1789 1650/1650/1650 1787/1787/1787
f 1792/1792/1792 1653/1653/1653 1789/1789/1789
f 1796/1796/1796 1656/1656/1656 1792/1792/1792
f 1795/1795/1795 1655/1655/1655 1800/1800/1800
f 1800/1800/1800 1658/1658/1658 1804/1804/1804
f 1805/1805/1805 1662/1662/1662 1801/1801/1801
f 1814/1814/1814 1672/1672/1672 1811/1811/1811
f 1816/1816/1816 1676/1676/1676 1814/1814/1814
f 1820/1820/1820 1681/1681/1681 1816/1816/1816
f 1823/1823/1823 1685/1685/1685 1819/1819/1819
f 1831/1831/1831 1694/1694/1694 1826/1826/1826
f 1835/1835/1835 1699/1699/1699 1829/1829/1829
f 1841/1841/1841 1707/1707/1707 1834/1834/1834
f 1847/1847/1847 1719/1719/1719 1840/1840/1840
f 1859/1859/1859 1730/1730/1730 1846/1846/1846
f 1860/1860/1860 1731/1731/1731 1873/1873/1873
f 1872/1872/1872 1742/1742/1742 1877/1877/1877
f 1879/1879/1879 1751/1751/1751 1875/1875/1875
f 1876/1876/1876 1749/1749/1749 1882/1882/1882
f 1888/1888/1888 1760/1760/1760 1884/1884/1884
f 1885/1885/1885 1758/1758/1758 1889/1889/1889
f 1890/1890/1890 1763/1763/1763 1888/1888/1888
f 1889/1889/1889 1762/1762/1762 1892/1892/1892
f 1893/1893/1893 1767/1767/1767 1890/1890/1890
f 1891/1891/1891 1765/1765/1765 1895/1895/1895
f 1897/1897/1897 1770/1770/1770 1894/1894/1894
f 1901/1901/1901 1773/1773/1773 1897/1897/1897
f 1915/1915/1915 1787/1787/1787 1913/1913/1913
f 1914/1914/1914 1786/1786/1786 1916/1916/1916
f 1917/1917/1917 1789/1789/1789 1915/1915/1915
f 1916/1916/1916 1788/1788/1788 1918/1918/1918
f 1921/1921/1921 1796/1796/1796 1919/1919/1919
f 1926/1926/1926 1802/1802/1802 1922/1922/1922
f 1930/1930/1930 1806/1806/1806 1926/1926/1926
f 1932/1932/1932 1808/1808/1808 1929/1929/1929
f 1937/1937/1937 1812/1812/1812 1932/1932/1932
f 1940/1940/1940 1814/1814/1814 1936/1936/1936
f 1942/1942/1942 1815/1815/1815 1944/1944/1944
f 1947/1947/1947 1820/1820/1820 1943/1943/1943
f 1948/1948/1948 1821/1821/1821 1950/1950/1950
f 1953/1953/1953 1827/1827/1827 1949/1949/1949
f 1957/1957/1957 1831/1831/1831 1952/1952/1952
f 1954/1954/1954 1828/1828/1828 1958/1958/1958
f 1963/1963/1963 1836/1836/1836 1956/1956/1956
f 1959/1959/1959 1833/1833/1833 1964/1964/1964
f 1968/1968/1968 1841/1841/1841 1961/1961/1961
f 1965/1965/1965 1838/1838/1838 1969/1969/1969
f 1989/1989/1989 1859/1859/1859 1976/1976/1976
f 1991/1991/1991 1860/1860/1860 2003/2003/2003
f 2004/2004/2004 1874/1874/1874 2000/2000/2000
f 2001/2001/2001 1871/1871/1871 2007/2007/2007
f 2007/2007/2007 1876/1876/1876 2011/2011/2011
f 2010/2010/2010 1881/1881/1881 2015/2015/2015
f 2016/2016/2016 1887/1887/1887 2012/2012/2012
f 2021/2021/2021 1890/1890/1890 2017/2017/2017
f 2019/2019/2019 1889/1889/1889 2023/2023/2023
f 2022/2022/2022 1891/1891/1891 2026/2026/2026
f 2028/2028/2028 1896/1896/1896 2025/2025/2025
f 2032/2032/2032 1900/1900/1900 2028/2028/2028
f 2046/2046/2046 1913/1913/1913 2043/2043/2043
f 2044/2044/2044 1912/1912/1912 2047/2047/2047
f 2047/2047/2047 1914/1914/1914 2050/2050/2050
f 2052/2052/2052 1917/1917/1917 2049/2049/2049
f 2050/2050/2050 1916/1916/1916 2053/2053/2053
f 2060/2060/2060 1925/1925/1925 2058/2058/2058
f 2065/2065/2065 1930/1930/1930 2061/2061/2061
f 2068/2068/2068 1933/1933/1933 2065/2065/2065
f 2066/2066/2066 1931/1931/1931 2069/2069/2069
f 2077/2077/2077 1942/1942/1942 2080/2080/2080
f 2084/2084/2084 1948/1948/1948 2087/2087/2087
f 2088/2088/2088 1951/1951/1951 2091/2091/2091
f 2096/2096/2096 1957/1957/1957 2089/2089/2089
f 2092/2092/2092 1955/1955/1955 2097/2097/2097
f 2104/2104/2104 1963/1963/1963 2095/2095/2095
f 2098/2098/2098 1960/1960/1960 2106/2106/2106
f 2112/2112/2112 1968/1968/1968 2102/2102/2102
f 2107/2107/2107 1966/1966/1966 2113/2113/2113
f 2115/2115/2115 1972/1972/1972 2124/2124/2124
f 2118/2118/2118 1975/1975/1975 2127/2127/2127
f 2134/2134/2134 1990/1990/1990 2146/2146/2146
f 2148/2148/2148 2004/2004/2004 2144/2144/2144
f 2145/2145/2145 2001/2001/2001 2151/2151/2151
f 2149/2149/2149 2005/2005/2005 2155/2155/2155
f 2157/2157/2157 2012/2012/2012 2153/2153/2153
f 2155/2155/2155 2009/2009/2009 2159/2159/2159
f 2158/2158/2158 2013/2013/2013 2162/2162/2162
f 2164/2164/2164 2020/2020/2020 2161/2161/2161
f 2162/2162/2162 2018/2018/2018 2165/2165/2165
f 2167/2167/2167 2024/2024/2024 2164/2164/2164
f 2168/2168/2168 2026/2026/2026 2172/2172/2172
f 2171/2171/2171 2029/2029/2029 2186/2186/2186
f 2187/2187/2187 2045/2045/2045 2185/2185/2185
f 2186/2186/2186 2044/2044/2044 2189/2189/2189
f 2191/2191/2191 2049/2049/2049 2188/2188/2188
f 2189/2189/2189 2047/2047/2047 2192/2192/2192
f 2197/2197/2197 2055/2055/2055 2194/2194/2194
f 2198/2198/2198 2056/2056/2056 2201/2201/2201
f 2205/2205/2205 2064/2064/2064 2202/2202/2202
f 2210/2210/2210 2071/2071/2071 2207/2207/2207
f 2208/2208/2208 2069/2069/2069 2211/2211/2211
f 2212/2212/2212 2073/2073/2073 2215/2215/2215
f 2216/2216/2216 2078/2078/2078 2213/2213/2213
f 2219/2219/2219 2081/2081/2081 2221/2221/2221
f 2224/2224/2224 2086/2086/2086 2220/2220/2220
f 2222/2222/2222 2085/2085/2085 2225/2225/2225
f 2229/2229/2229 2092/2092/2092 2234/2234/2234
f 2231/2231/2231 2094/2094/2094 2239/2239/2239
f 2235/2235/2235 2098/2098/2098 2244/2244/2244
f 2245/2245/2245 2107/2107/2107 2252/2252/2252
f 2248/2248/2248 2110/2110/2110 2256/2256/2256
f 2265/2265/2265 2126/2126/2126 2255/2255/2255
f 2259/2259/2259 2120/2120/2120 2270/2270/2270
f 2274/2274/2274 2134/2134/2134 2291/2291/2291
f 2293/2293/2293 2147/2147/2147 2283/2283/2283
f 2290/2290/2290 2145/2145/2145 2300/2300/2300
f 2298/2298/2298 2149/2149/2149 2306/2306/2306
f 2305/2305/2305 2154/2154/2154 2311/2311/2311
f 2317/2317/2317 2163/2163/2163 2312/2312/2312
f 2322/2322/2322 2166/2166/2166 2317/2317/2317
f 2325/2325/2325 2168/2168/2168 2329/2329/2329
f 2328/2328/2328 2171/2171/2171 2343/2343/2343
f 2345/2345/2345 2189/2189/2189 2347/2347/2347
f 2347/2347/2347 2192/2192/2192 2349/2349/2349
f 2354/2354/2354 2200/2200/2200 2351/2351/2351
f 2358/2358/2358 2202/2202/2202 2354/2354/2354
f 2355/2355/2355 2201/2201/2201 2359/2359/2359
f 2360/2360/2360 2204/2204/2204 2363/2363/2363
f 2365/2365/2365 2207/2207/2207 2362/2362/2362
f 2366/2366/2366 2208/2208/2208 2370/2370/2370
f 2371/2371/2371 2212/2212/2212 2373/2373/2373
f 2376/2376/2376 2217/2217/2217 2372/2372/2372
f 2373/2373/2373 2215/2215/2215 2377/2377/2377
f 2380/2380/2380 2220/2220/2220 2375/2375/2375
f 2378/2378/2378 2219/2219/2219 2381/2381/2381
f 2385/2385/2385 2225/2225/2225 2387/2387/2387
f 2388/2388/2388 2229/2229/2229 2393/2393/2393
f 2398/2398/2398 2238/2238/2238 2389/2389/2389
f 2395/2395/2395 2236/2236/2236 2403/2403/2403
f 2406/2406/2406 2247/2247/2247 2397/2397/2397
f 2399/2399/2399 2239/2239/2239 2408/2408/2408
f 2404/2404/2404 2246/2246/2246 2413/2413/2413
f 2415/2415/2415 2255/2255/2255 2406/2406/2406
f 2408/2408/2408 2248/2248/2248 2417/2417/2417
f 2414/2414/2414 2254/2254/2254 2424/2424/2424
f 2417/2417/2417 2256/2256/2256 2428/2428/2428
f 2440/2440/2440 2272/2272/2272 2457/2457/2457
f 2458/2458/2458 2292/2292/2292 2450/2450/2450
f 2461/2461/2461 2307/2307/2307 2460/2460/2460
f 2462/2462/2462 2312/2312/2312 2461/2461/2461
f 2471/2471/2471 2326/2326/2326 2467/2467/2467
f 2470/2470/2470 2324/2324/2324 2472/2472/2472
f 2472/2472/2472 2328/2328/2328 2486/2486/2486
f 2486/2486/2486 2343/2343/2343 2489/2489/2489
f 2494/2494/2494 2348/2348/2348 2491/2491/2491
f 2495/2495/2495 2349/2349/2349 2498/2498/2498
f 2500/2500/2500 2353/2353/2353 2497/2497/2497
f 2498/2498/2498 2352/2352/2352 2502/2502/2502
f 2503/2503/2503 2356/2356/2356 2506/2506/2506
f 2507/2507/2507 2361/2361/2361 2504/2504/2504
f 2510/2510/2510 2364/2364/2364 2507/2507/2507
f 2509/2509/2509 2363/2363/2363 2512/2512/2512
f 2513/2513/2513 2367/2367/2367 2516/2516/2516
f 2516/2516/2516 2371/2371/2371 2518/2518/2518
f 2521/2521/2521 2376/2376/2376 2517/2517/2517
f 2519/2519/2519 2374/2374/2374 2522/2522/2522
f 2524/2524/2524 2380/2380/2380 2520/2520/2520
f 2530/2530/2530 2386/2386/2386 2527/2527/2527
f 2538/2538/2538 2396/2396/2396 2542/2542/2542
f 2550/2550/2550 2412/2412/2412 2539/2539/2539
f 2543/2543/2543 2405/2405/2405 2552/2552/2552
f 2552/2552/2552 2414/2414/2414 2563/2563/2563
f 2567/2567/2567 2431/2431/2431 2578/2578/2578
f 2587/2587/2587 2460/2460/2460 2586/2586/2586
f 2588/2588/2588 2461/2461/2461 2587/2587/2587
f 2594/2594/2594 2467/2467/2467 2592/2592/2592
f 2599/2599/2599 2471/2471/2471 2594/2594/2594
f 2603/2603/2603 2472/2472/2472 2618/2618/2618
f 2620/2620/2620 2488/2488/2488 2617/2617/2617
f 2619/2619/2619 2487/2487/2487 2621/2621/2621
f 2622/2622/2622 2491/2491/2491 2620/2620/2620
f 2625/2625/2625 2496/2496/2496 2627/2627/2627
f 2627/2627/2627 2499/2499/2499 2630/2630/2630
f 2632/2632/2632 2506/2506/2506 2636/2636/2636
f 2636/2636/2636 2509/2509/2509 2640/2640/2640
f 2641/2641/2641 2513/2513/2513 2644/2644/2644
f 2651/2651/2651 2522/2522/2522 2654/2654/2654
f 2655/2655/2655 2526/2526/2526 2658/2658/2658
f 2660/2660/2660 2530/2530/2530 2656/2656/2656
f 2662/2662/2662 2532/2532/2532 2666/2666/2666
f 2674/2674/2674 2543/2543/2543 2688/2688/2688
f 2682/2682/2682 2546/2546/2546 2695/2695/2695
f 2717/2717/2717 2586/2586/2586 2716/2716/2716
f 2718/2718/2718 2587/2587/2587 2717/2717/2717
f 2719/2719/2719 2588/2588/2588 2718/2718/2718
f 2722/2722/2722 2591/2591/2591 2720/2720/2720
f 2724/2724/2724 2593/2593/2593 2722/2722/2722
f 2725/2725/2725 2595/2595/2595 2724/2724/2724
f 2727/2727/2727 2600/2600/2600 2725/2725/2725
f 2732/2732/2732 2605/2605/2605 2726/2726/2726
f 2731/2731/2731 2604/2604/2604 2745/2745/2745
f 2746/2746/2746 2620/2620/2620 2744/2744/2744
f 2748/2748/2748 2622/2622/2622 2746/2746/2746
f 2747/2747/2747 2621/2621/2621 2749/2749/2749
f 2751/2751/2751 2624/2624/2624 2748/2748/2748
f 2749/2749/2749 2623/2623/2623 2752/2752/2752
f 2754/2754/2754 2626/2626/2626 2751/2751/2751
f 2756/2756/2756 2628/2628/2628 2754/2754/2754
f 2761/2761/2761 2631/2631/2631 2757/2757/2757
f 2758/2758/2758 2630/2630/2630 2762/2762/2762
f 2763/2763/2763 2633/2633/2633 2766/2766/2766
f 2766/2766/2766 2637/2637/2637 2768/2768/2768
f 2770/2770/2770 2642/2642/2642 2767/2767/2767
f 2771/2771/2771 2644/2644/2644 2775/2775/2775
f 2779/2779/2779 2651/2651/2651 2783/2783/2783
f 2784/2784/2784 2655/2655/2655 2786/2786/2786
f 2786/2786/2786 2658/2658/2658 2791/2791/2791
f 2793/2793/2793 2663/2663/2663 2797/2797/2797
f 2805/2805/2805 2672/2672/2672 2796/2796/2796
f 2799/2799/2799 2669/2669/2669 2806/2806/2806
f 2808/2808/2808 2675/2675/2675 2820/2820/2820
f 2815/2815/2815 2682/2682/2682 2822/2822/2822
f 2824/2824/2824 2698/2698/2698 2835/2835/2835
f 2837/2837/2837 2710/2710/2710 2827/2827/2827
f 2845/2845/2845 2717/2717/2717 2843/2843/2843
f 2848/2848/2848 2721/2721/2721 2847/2847/2847
f 2849/2849/2849 2723/2723/2723 2848/2848/2848
f 2852/2852/2852 2725/2725/2725 2850/2850/2850
f 2874/2874/2874 2746/2746/2746 2871/2871/2871
f 2872/2872/2872 2745/2745/2745 2875/2875/2875
f 2877/2877/2877 2748/2748/2748 2874/2874/2874
f 2884/2884/2884 2753/2753/2753 2880/2880/2880
f 2882/2882/2882 2752/2752/2752 2886/2886/2886
f 2886/2886/2886 2755/2755/2755 2889/2889/2889
f 2891/2891/2891 2760/2760/2760 2888/2888/2888
f 2890/2890/2890 2759/2759/2759 2892/2892/2892
f 2896/2896/2896 2768/2768/2768 2900/2900/2900
f 2901/2901/2901 2772/2772/2772 2904/2904/2904
f 2908/2908/2908 2780/2780/2780 2911/2911/2911
f 2911/2911/2911 2784/2784/2784 2914/2914/2914
f 2916/2916/2916 2788/2788/2788 2919/2919/2919
f 2920/2920/2920 2794/2794/2794 2926/2926/2926
f 2928/2928/2928 2800/2800/2800 2939/2939/2939
f 2962/2962/2962 2836/2836/2836 2952/2952/2952
f 2972/2972/2972 2844/2844/2844 2968/2968/2968
f 2974/2974/2974 2846/2846/2846 2973/2973/2973
f 2978/2978/2978 2851/2851/2851 2977/2977/2977
f 2984/2984/2984 2858/2858/2858 3000/3000/3000
f 3001/3001/3001 2873/2873/2873 3004/3004/3004
f 3008/3008/3008 2881/2881/2881 3005/3005/3005
f 3010/3010/3010 2884/2884/2884 3007/3007/3007
f 3009/3009/3009 2883/2883/2883 3012/3012/3012
f 3012/3012/3012 2887/2887/2887 3014/3014/3014
f 3021/3021/3021 2895/2895/2895 3017/3017/3017
f 3018/3018/3018 2894/2894/2894 3022/3022/3022
f 3023/3023/3023 2897/2897/2897 3027/3027/3027
f 3030/3030/3030 2904/2904/2904 3034/3034/3034
f 3035/3035/3035 2908/2908/2908 3039/3039/3039
f 3039/3039/3039 2911/2911/2911 3043/3043/3043
f 3045/3045/3045 2916/2916/2916 3049/3049/3049
f 3051/3051/3051 2921/2921/2921 3063/3063/3063
f 3064/3064/3064 2928/2928/2928 3076/3076/3076
f 3070/3070/3070 2931/2931/2931 3081/3081/3081
f 3097/3097/3097 2969/2969/2969 3095/3095/3095
f 3106/3106/3106 2974/2974/2974 3101/3101/3101
f 3108/3108/3108 2975/2975/2975 3106/3106/3106
f 3112/3112/3112 2977/2977/2977 3110/3110/3110
f 3139/3139/3139 3005/3005/3005 3136/3136/3136
f 3142/3142/3142 3008/3008/3008 3139/3139/3139
f 3140/3140/3140 3006/3006/3006 3143/3143/3143
f 3143/3143/3143 3009/3009/3009 3145/3145/3145
f 3146/3146/3146 3013/3013/3013 3144/3144/3144
f 3148/3148/3148 3015/3015/3015 3146/3146/3146
f 3152/3152/3152 3017/3017/3017 3148/3148/3148
f 3149/3149/3149 3016/3016/3016 3153/3153/3153
f 3154/3154/3154 3019/3019/3019 3158/3158/3158
f 3162/3162/3162 3027/3027/3027 3167/3167/3167
f 3168/3168/3168 3031/3031/3031 3174/3174/3174
f 3174/3174/3174 3035/3035/3035 3180/3180/3180
f 3181/3181/3181 3040/3040/3040 3193/3193/3193
f 3210/3210/3210 3047/3047/3047 3192/3192/3192
f 3195/3195/3195 3046/3046/3046 3211/3211/3211
f 3213/3213/3213 3052/3052/3052 3227/3227/3227
f 3246/3246/3246 3096/3096/3096 3244/3244/3244
f 3249/3249/3249 3102/3102/3102 3247/3247/3247
f 3258/3258/3258 3108/3108/3108 3253/3253/3253
f 3263/3263/3263 3111/3111/3111 3261/3261/3261
f 3266/3266/3266 3113/3113/3113 3264/3264/3264
f 3276/3276/3276 3121/3121/3121 3291/3291/3291
f 3294/3294/3294 3136/3136/3136 3290/3290/3290
f 3297/3297/3297 3139/3139/3139 3294/3294/3294
f 3301/3301/3301 3142/3142/3142 3297/3297/3297
f 3304/3304/3304 3144/3144/3144 3301/3301/3301
f 3312/3312/3312 3148/3148/3148 3308/3308/3308
f 3310/3310/3310 3147/3147/3147 3314/3314/3314
f 3315/3315/3315 3150/3150/3150 3318/3318/3318
f 3318/3318/3318 3154/3154/3154 3322/3322/3322
f 3322/3322/3322 3158/3158/3158 3328/3328/3328
f 3329/3329/3329 3163/3163/3163 3337/3337/3337
f 3338/3338/3338 3169/3169/3169 3350/3350/3350
f 3350/3350/3350 3175/3175/3175 3364/3364/3364
f 3366/3366/3366 3183/3183/3183 3380/3380/3380
f 3376/3376/3376 3187/3187/3187 3388/3388/3388
f 3402/3402/3402 3245/3245/3245 3400/3400/3400
f 3405/3405/3405 3248/3248/3248 3403/3403/3403
f 3408/3408/3408 3254/3254/3254 3406/3406/3406
f 3412/3412/3412 3259/3259/3259 3409/3409/3409
f 3417/3417/3417 3262/3262/3262 3413/3413/3413
f 3428/3428/3428 3267/3267/3267 3420/3420/3420
f 3463/3463/3463 3294/3294/3294 3460/3460/3460
f 3466/3466/3466 3297/3297/3297 3463/3463/3463
f 3476/3476/3476 3307/3307/3307 3479/3479/3479
f 3484/3484/3484 3313/3313/3313 3478/3478/3478
f 3479/3479/3479 3311/3311/3311 3485/3485/3485
f 3492/3492/3492 3317/3317/3317 3483/3483/3483
f 3485/3485/3485 3315/3315/3315 3493/3493/3493
f 3500/3500/3500 3321/3321/3321 3491/3491/3491
f 3494/3494/3494 3319/3319/3319 3502/3502/3502
f 3503/3503/3503 3324/3324/3324 3512/3512/3512
f 3514/3514/3514 3332/3332/3332 3525/3525/3525
f 3526/3526/3526 3341/3341/3341 3536/3536/3536
f 3537/3537/3537 3354/3354/3354 3544/3544/3544
f 3568/3568/3568 3401/3401/3401 3558/3558/3558
f 3572/3572/3572 3404/3404/3404 3569/3569/3569
f 3576/3576/3576 3407/3407/3407 3573/3573/3573
f 3583/3583/3583 3414/3414/3414 3578/3578/3578
f 3594/3594/3594 3423/3423/3423 3584/3584/3584
f 3591/3591/3591 3422/3422/3422 3607/3607/3607
f 3613/3613/3613 3438/3438/3438 3596/3596/3596
f 3608/3608/3608 3437/3437/3437 3618/3618/3618
f 3625/3625/3625 3450/3450/3450 3617/3617/3617
f 3638/3638/3638 3463/3463/3463 3635/3635/3635
f 3647/3647/3647 3473/3473/3473 3653/3653/3653
f 3659/3659/3659 3478/3478/3478 3652/3652/3652
f 3667/3667/3667 3484/3484/3484 3659/3659/3659
f 3660/3660/3660 3480/3480/3480 3668/3668/3668
f 3664/3664/3664 3482/3482/3482 3672/3672/3672
f 3671/3671/3671 3489/3489/3489 3676/3676/3676
f 3676/3676/3676 3497/3497/3497 3689/3689/3689
f 3691/3691/3691 3507/3507/3507 3702/3702/3702
f 3702/3702/3702 3516/3516/3516 3712/3712/3712
f 3713/3713/3713 3528/3528/3528 3719/3719/3719
f 3741/3741/3741 3570/3570/3570 3732/3732/3732
f 3752/3752/3752 3574/3574/3574 3742/3742/3742
f 3764/3764/3764 3577/3577/3577 3753/3753/3753
f 3775/3775/3775 3582/3582/3582 3764/3764/3764
f 3770/3770/3770 3581/3581/3581 3781/3781/3781
f 3787/3787/3787 3593/3593/3593 3776/3776/3776
f 3783/3783/3783 3592/3592/3592 3788/3788/3788
f 3792/3792/3792 3610/3610/3610 3787/3787/3787
f 3789/3789/3789 3609/3609/3609 3795/3795/3795
f 3798/3798/3798 3620/3620/3620 3794/3794/3794
f 3795/3795/3795 3619/3619/3619 3814/3814/3814
f 3827/3827/3827 3638/3638/3638 3813/3813/3813
f 3844/3844/3844 3645/3645/3645 3856/3856/3856
f 3867/3867/3867 3652/3652/3652 3855/3855/3855
f 3857/3857/3857 3649/3649/3649 3868/3868/3868
f 3860/3860/3860 3651/3651/3651 3871/3871/3871
f 3878/3878/3878 3659/3659/3659 3867/3867/3867
f 3879/3879/3879 3665/3665/3665 3888/3888/3888
f 3888/3888/3888 3673/3673/3673 3899/3899/3899
f 3899/3899/3899 3678/3678/3678 3916/3916/3916
f 3909/3909/3909 3683/3683/3683 3923/3923/3923
f 3916/3916/3916 3691/3691/3691 3927/3927/3927
f 3928/3928/3928 3703/3703/3703 3933/3933/3933
f 3945/3945/3945 3751/3751/3751 3941/3941/3941
f 3953/3953/3953 3796/3796/3796 3949/3949/3949
f 3966/3966/3966 3817/3817/3817 3953/3953/3953
f 3963/3963/3963 3814/3814/3814 3971/3971/3971
f 3974/3974/3974 3833/3833/3833 3966/3966/3966
f 3987/3987/3987 3850/3850/3850 3977/3977/3977
f 3990/3990/3990 3855/3855/3855 3980/3980/3980
f 3984/3984/3984 3848/3848/3848 3991/3991/3991
f 3994/3994/3994 3862/3862/3862 3987/3987/3987
f 3988/3988/3988 3854/3854/3854 3996/3996/3996
f 3992/3992/3992 3861/3861/3861 3999/3999/3999
f 4002/4002/4002 3873/3873/3873 3995/3995/3995
f 3996/3996/3996 3866/3866/3866 4003/4003/4003
f 3999/3999/3999 3872/3872/3872 4006/4006/4006
f 4009/4009/4009 3881/3881/3881 4002/4002/4002
f 4004/4004/4004 3877/3877/3877 4011/4011/4011
f 4011/4011/4011 3885/3885/3885 4020/4020/4020
f 4021/4021/4021 3896/3896/3896 4028/4028/4028
f 4035/4035/4035 3915/3915/3915 4023/4023/4023
f 4025/4025/4025 3900/3900/3900 4036/4036/4036
f 4038/4038/4038 3954/3954/3954 4048/4048/4048
f 4049/4049/4049 3969/3969/3969 4046/4046/4046
f 4047/4047/4047 3967/3967/3967 4051/4051/4051
f 4054/4054/4054 3990/3990/3990 4052/4052/4052
f 4056/4056/4056 3998/3998/3998 4054/4054/4054
f 4055/4055/4055 3997/3997/3997 4057/4057/4057
f 4060/4060/4060 4012/4012/4012 4063/4063/4063
f 4066/4066/4066 4024/4024/4024 4061/4061/4061
f 4064/4064/4064 4022/4022/4022 4067/4067/4067
f 4085/4085/4085 4049/4049/4049 4082/4082/4082
f 4083/4083/4083 4047/4047/4047 4087/4087/4087
f 4087/4087/4087 4051/4051/4051 4089/4089/4089
f 4090/4090/4090 4054/4054/4054 4088/4088/4088
f 4093/4093/4093 4057/4057/4057 4095/4095/4095
f 4096/4096/4096 4060/4060/4060 4099/4099/4099
f 92/92/92 90/90/90 93/93/93
f 95/95/95 93/93/93 96/96/96
f 102/102/102 99/99/99 103/103/103
f 129/129/129 124/124/124 130/130/130
f 132/132/132 126/126/126 133/133/133
f 137/137/137 133/133/133 138/138/138
f 147/147/147 142/142/142 148/148/148
f 154/154/154 147/147/147 155/155/155
f 156/156/156 149/149/149 157/157/157
f 159/159/159 150/150/150 158/158/158
f 160/160/160 153/153/153 161/161/161
f 161/161/161 154/154/154 162/162/162
f 162/162/162 155/155/155 163/163/163
f 164/164/164 157/157/157 165/165/165
f 171/171/171 161/161/161 172/172/172
f 173/173/173 163/163/163 174/174/174
f 176/176/176 166/166/166 177/177/177
f 177/177/177 167/167/167 178/178/178
f 184/184/184 168/168/168 183/183/183
f 185/185/185 173/173/173 186/186/186
f 191/191/191 180/180/180 192/192/192
f 218/218/218 202/202/202 219/219/219
f 219/219/219 203/203/203 220/220/220
f 220/220/220 204/204/204 221/221/221
f 227/227/227 220/220/220 228/228/228
f 244/244/244 236/236/236 245/245/245
f 245/245/245 237/237/237 246/246/246
f 249/249/249 241/241/241 250/250/250
f 251/251/251 243/243/243 252/252/252
f 252/252/252 244/244/244 253/253/253
f 253/253/253 245/245/245 254/254/254
f 259/259/259 250/250/250 260/260/260
f 262/262/262 253/253/253 263/263/263
f 266/266/266 260/260/260 267/267/267
f 267/267/267 261/261/261 268/268/268
f 275/275/275 267/267/267 276/276/276
f 276/276/276 268/268/268 277/277/277
f 278/278/278 270/270/270 279/279/279
f 279/279/279 271/271/271 280/280/280
f 288/288/288 278/278/278 289/289/289
f 291/291/291 281/281/281 292/292/292
f 298/298/298 284/284/284 299/299/299
f 302/302/302 291/291/291 303/303/303
f 304/304/304 293/293/293 305/305/305
f 305/305/305 294/294/294 306/306/306
f 307/307/307 296/296/296 308/308/308
f 309/309/309 298/298/298 310/310/310
f 313/313/313 306/306/306 314/314/314
f 354/354/354 332/332/332 355/355/355
f 361/361/361 354/354/354 362/362/362
f 362/362/362 355/355/355 363/363/363
f 363/363/363 356/356/356 364/364/364
f 366/366/366 359/359/359 367/367/367
f 367/367/367 360/360/360 368/368/368
f 369/369/369 362/362/362 370/370/370
f 378/378/378 375/375/375 379/379/379
f 392/392/392 388/388/388 393/393/393
f 400/400/400 394/394/394 401/401/401
f 401/401/401 395/395/395 402/402/402
f 408/408/408 402/402/402 409/409/409
f 409/409/409 403/403/403 410/410/410
f 410/410/410 404/404/404 411/411/411
f 422/422/422 410/410/410 423/423/423
f 423/423/423 411/411/411 424/424/424
f 424/424/424 412/412/412 425/425/425
f 425/425/425 413/413/413 426/426/426
f 426/426/426 414/414/414 427/427/427
f 429/429/429 417/417/417 430/430/430
f 430/430/430 418/418/418 431/431/431
f 431/431/431 419/419/419 432/432/432
f 435/435/435 427/427/427 436/436/436
f 438/438/438 430/430/430 439/439/439
f 442/442/442 437/437/437 443/443/443
f 453/453/453 450/450/450 454/454/454
f 479/479/479 470/470/470 480/480/480
f 483/483/483 474/474/474 484/484/484
f 512/512/512 510/510/510 513/513/513
f 516/516/516 514/514/514 517/517/517
f 525/525/525 521/521/521 526/526/526
f 531/531/531 527/527/527 532/532/532
f 538/538/538 533/533/533 539/539/539
f 543/543/543 538/538/538 544/544/544
f 544/544/544 539/539/539 545/545/545
f 545/545/545 540/540/540 546/546/546
f 554/554/554 545/545/545 555/555/555
f 555/555/555 546/546/546 556/556/556
f 556/556/556 547/547/547 557/557/557
f 557/557/557 548/548/548 558/558/558
f 559/559/559 550/550/550 560/560/560
f 569/569/569 557/557/557 570/570/570
f 571/571/571 559/559/559 572/572/572
f 573/573/573 561/561/561 574/574/574
f 576/576/576 564/564/564 577/577/577
f 581/581/581 573/573/573 582/582/582
f 584/584/584 576/576/576 585/585/585
f 587/587/587 579/579/579 588/588/588
f 590/590/590 583/583/583 591/591/591
f 592/592/592 585/585/585 593/593/593
f 593/593/593 586/586/586 594/594/594
f 594/594/594 587/587/587 595/595/595
f 606/606/606 602/602/602 607/607/607
f 613/613/613 607/607/607 614/614/614
f 620/620/620 614/614/614 621/621/621
f 641/641/641 636/636/636 642/642/642
f 663/663/663 660/660/660 664/664/664
f 665/665/665 662/662/662 666/666/666
f 667/667/667 664/664/664 668/668/668
f 673/673/673 670/670/670 674/674/674
f 676/676/676 674/674/674 677/677/677
f 686/686/686 682/682/682 687/687/687
f 696/696/696 692/692/692 697/697/697
f 701/701/701 698/698/698 702/702/702
f 708/708/708 703/703/703 709/709/709
f 709/709/709 704/704/704 710/710/710
f 715/715/715 710/710/710 716/716/716
f 716/716/716 711/711/711 717/717/717
f 718/718/718 713/713/713 719/719/719
f 723/723/723 717/717/717 724/724/724
f 724/724/724 718/718/718 725/725/725
f 726/726/726 720/720/720 727/727/727
f 735/735/735 726/726/726 736/736/736
f 736/736/736 727/727/727 737/737/737
f 737/737/737 728/728/728 738/738/738
f 738/738/738 729/729/729 739/739/739
f 739/739/739 730/730/730 740/740/740
f 740/740/740 731/731/731 741/741/741
f 752/752/752 746/746/746 753/753/753
f 775/775/775 771/771/771 776/776/776
f 805/805/805 802/802/802 806/806/806
f 813/813/813 811/811/811 814/814/814
f 825/825/825 818/818/818 824/824/824
f 826/826/826 821/821/821 827/827/827
f 829/829/829 822/822/822 828/828/828
f 839/839/839 835/835/835 840/840/840
f 845/845/845 840/840/840 846/846/846
f 846/846/846 841/841/841 847/847/847
f 853/853/853 848/848/848 854/854/854
f 858/858/858 855/855/855 859/859/859
f 863/863/863 860/860/860 864/864/864
f 870/870/870 865/865/865 871/871/871
f 871/871/871 866/866/866 872/872/872
f 882/882/882 873/873/873 883/883/883
f 884/884/884 875/875/875 885/885/885
f 887/887/887 879/879/879 888/888/888
f 901/901/901 892/892/892 902/902/902
f 921/921/921 915/915/915 922/922/922
f 925/925/925 918/918/918 926/926/926
f 930/930/930 925/925/925 931/931/931
f 951/951/951 948/948/948 952/952/952
f 954/954/954 950/950/950 955/955/955
f 957/957/957 955/955/955 958/958/958
f 960/960/960 958/958/958 961/961/961
f 968/968/968 962/962/962 967/967/967
f 969/969/969 965/965/965 970/970/970
f 973/973/973 966/966/966 972/972/972
f 974/974/974 970/970/970 975/975/975
f 978/978/978 971/971/971 977/977/977
f 984/984/984 981/981/981 985/985/985
f 990/990/990 987/987/987 991/991/991
f 1002/1002/1002 997/997/997 1003/1003/1003
f 1007/1007/1007 1004/1004/1004 1008/1008/1008
f 1013/1013/1013 1009/1009/1009 1014/1014/1014
f 1018/1018/1018 1015/1015/1015 1019/1019/1019
f 1027/1027/1027 1019/1019/1019 1028/1028/1028
f 1028/1028/1028 1020/1020/1020 1029/1029/1029
f 1029/1029/1029 1021/1021/1021 1030/1030/1030
f 1035/1035/1035 1024/1024/1024 1036/1036/1036
f 1040/1040/1040 1032/1032/1032 1041/1041/1041
f 1045/1045/1045 1037/1037/1037 1046/1046/1046
f 1081/1081/1081 1076/1076/1076 1080/1080/1080
f 1105/1105/1105 1100/1100/1100 1104/1104/1104
f 1109/1109/1109 1103/1103/1103 1108/1108/1108
f 1110/1110/1110 1104/1104/1104 1109/1109/1109
f 1111/1111/1111 1107/1107/1107 1112/1112/1112
f 1114/1114/1114 1108/1108/1108 1113/1113/1113
f 1122/1122/1122 1119/1119/1119 1123/1123/1123
f 1124/1124/1124 1121/1121/1121 1125/1125/1125
f 1136/1136/1136 1133/1133/1133 1137/1137/1137
f 1143/1143/1143 1138/1138/1138 1144/1144/1144
f 1149/1149/1149 1145/1145/1145 1150/1150/1150
f 1155/1155/1155 1151/1151/1151 1156/1156/1156
f 1161/1161/1161 1157/1157/1157 1162/1162/1162
f 1174/1174/1174 1166/1166/1166 1175/1175/1175
f 1176/1176/1176 1168/1168/1168 1177/1177/1177
f 1192/1192/1192 1187/1187/1187 1193/1193/1193
f 1193/1193/1193 1188/1188/1188 1194/1194/1194
f 1194/1194/1194 1189/1189/1189 1195/1195/1195
f 1206/1206/1206 1199/1199/1199 1207/1207/1207
f 1207/1207/1207 1200/1200/1200 1208/1208/1208
f 1222/1222/1222 1217/1217/1217 1221/1221/1221
f 1250/1250/1250 1247/1247/1247 1251/1251/1251
f 1256/1256/1256 1254/1254/1254 1257/1257/1257
f 1262/1262/1262 1260/1260/1260 1263/1263/1263
f 1269/1269/1269 1266/1266/1266 1270/1270/1270
f 1285/1285/1285 1281/1281/1281 1286/1286/1286
f 1291/1291/1291 1287/1287/1287 1292/1292/1292
f 1298/1298/1298 1293/1293/1293 1299/1299/1299
f 1303/1303/1303 1300/1300/1300 1304/1304/1304
f 1319/1319/1319 1306/1306/1306 1318/1318/1318
f 1347/1347/1347 1342/1342/1342 1346/1346/1346
f 1351/1351/1351 1346/1346/1346 1350/1350/1350
f 1379/1379/1379 1377/1377/1377 1380/1380/1380
f 1399/1399/1399 1396/1396/1396 1400/1400/1400
f 1439/1439/1439 1434/1434/1434 1440/1440/1440
f 1465/1465/1465 1457/1457/1457 1466/1466/1466
f 1470/1470/1470 1460/1460/1460 1471/1471/1471
f 1474/1474/1474 1467/1467/1467 1475/1475/1475
f 1489/1489/1489 1486/1486/1486 1490/1490/1490
f 1493/1493/1493 1490/1490/1490 1494/1494/1494
f 1497/1497/1497 1494/1494/1494 1498/1498/1498
f 1520/1520/1520 1518/1518/1518 1521/1521/1521
f 1545/1545/1545 1542/1542/1542 1546/1546/1546
f 1555/1555/1555 1552/1552/1552 1556/1556/1556
f 1561/1561/1561 1557/1557/1557 1562/1562/1562
f 1567/1567/1567 1563/1563/1563 1568/1568/1568
f 1574/1574/1574 1569/1569/1569 1575/1575/1575
f 1586/1586/1586 1580/1580/1580 1587/1587/1587
f 1587/1587/1587 1581/1581/1581 1588/1588/1588
f 1621/1621/1621 1618/1618/1618 1622/1622/1622
f 1648/1648/1648 1644/1644/1644 1647/1647/1647
f 1663/1663/1663 1661/1661/1661 1664/1664/1664
f 1666/1666/1666 1664/1664/1664 1667/1667/1667
f 1673/1673/1673 1671/1671/1671 1674/1674/1674
f 1677/1677/1677 1674/1674/1674 1678/1678/1678
f 1682/1682/1682 1679/1679/1679 1683/1683/1683
f 1686/1686/1686 1683/1683/1683 1687/1687/1687
f 1689/1689/1689 1684/1684/1684 1688/1688/1688
f 1695/1695/1695 1691/1691/1691 1696/1696/1696
f 1700/1700/1700 1692/1692/1692 1699/1699/1699
f 1701/1701/1701 1697/1697/1697 1702/1702/1702
f 1720/1720/1720 1711/1711/1711 1721/1721/1721
f 1722/1722/1722 1713/1713/1713 1723/1723/1723
f 1727/1727/1727 1716/1716/1716 1728/1728/1728
f 1744/1744/1744 1733/1733/1733 1745/1745/1745
f 1757/1757/1757 1751/1751/1751 1756/1756/1756
f 1793/1793/1793 1791/1791/1791 1794/1794/1794
f 1798/1798/1798 1794/1794/1794 1799/1799/1799
f 1799/1799/1799 1795/1795/1795 1800/1800/1800
f 1801/1801/1801 1797/1797/1797 1802/1802/1802
f 1803/1803/1803 1800/1800/1800 1804/1804/1804
f 1842/1842/1842 1839/1839/1839 1843/1843/1843
f 1848/1848/1848 1845/1845/1845 1849/1849/1849
f 1879/1879/1879 1874/1874/1874 1878/1878/1878
f 1886/1886/1886 1880/1880/1880 1885/1885/1885
f 1901/1901/1901 1896/1896/1896 1900/1900/1900
f 1927/1927/1927 1924/1924/1924 1928/1928/1928
f 1938/1938/1938 1935/1935/1935 1939/1939/1939
f 1982/1982/1982 1973/1973/1973 1981/1981/1981
f 2025/2025/2025 2020/2020/2020 2024/2024/2024
f 2028/2028/2028 2024/2024/2024 2027/2027/2027
f 2052/2052/2052 2048/2048/2048 2051/2051/2051
f 2068/2068/2068 2064/2064/2064 2067/2067/2067
f 2076/2076/2076 2070/2070/2070 2075/2075/2075
f 2079/2079/2079 2074/2074/2074 2078/2078/2078
f 2083/2083/2083 2078/2078/2078 2082/2082/2082
f 2101/2101/2101 2093/2093/2093 2100/2100/2100
f 2109/2109/2109 2099/2099/2099 2108/2108/2108
f 2117/2117/2117 2108/2108/2108 2116/2116/2116
f 2131/2131/2131 2119/2119/2119 2130/2130/2130
f 2133/2133/2133 2121/2121/2121 2132/2132/2132
f 2153/2153/2153 2147/2147/2147 2152/2152/2152
f 2157/2157/2157 2152/2152/2152 2156/2156/2156
f 2161/2161/2161 2156/2156/2156 2160/2160/2160
f 2164/2164/2164 2160/2160/2160 2163/2163/2163
f 2174/2174/2174 2169/2169/2169 2173/2173/2173
f 2199/2199/2199 2197/2197/2197 2200/2200/2200
f 2227/2227/2227 2223/2223/2223 2226/2226/2226
f 2243/2243/2243 2232/2232/2232 2242/2242/2242
f 2262/2262/2262 2249/2249/2249 2261/2261/2261
f 2269/2269/2269 2257/2257/2257 2268/2268/2268
f 2271/2271/2271 2259/2259/2259 2270/2270/2270
f 2294/2294/2294 2285/2285/2285 2295/2295/2295
f 2295/2295/2295 2286/2286/2286 2296/2296/2296
f 2296/2296/2296 2287/2287/2287 2297/2297/2297
f 2297/2297/2297 2288/2288/2288 2298/2298/2298
f 2302/2302/2302 2295/2295/2295 2303/2303/2303
f 2303/2303/2303 2296/2296/2296 2304/2304/2304
f 2304/2304/2304 2297/2297/2297 2305/2305/2305
f 2309/2309/2309 2304/2304/2304 2310/2310/2310
f 2318/2318/2318 2314/2314/2314 2319/2319/2319
f 2319/2319/2319 2315/2315/2315 2320/2320/2320
f 2324/2324/2324 2321/2321/2321 2325/2325/2325
f 2327/2327/2327 2322/2322/2322 2326/2326/2326
f 2358/2358/2358 2353/2353/2353 2357/2357/2357
f 2362/2362/2362 2357/2357/2357 2361/2361/2361
f 2384/2384/2384 2379/2379/2379 2383/2383/2383
f 2407/2407/2407 2399/2399/2399 2408/2408/2408
f 2415/2415/2415 2407/2407/2407 2416/2416/2416
f 2423/2423/2423 2409/2409/2409 2422/2422/2422
f 2430/2430/2430 2418/2418/2418 2429/2429/2429
f 2443/2443/2443 2433/2433/2433 2444/2444/2444
f 2444/2444/2444 2434/2434/2434 2445/2445/2445
f 2452/2452/2452 2436/2436/2436 2453/2453/2453
f 2453/2453/2453 2437/2437/2437 2454/2454/2454
f 2454/2454/2454 2438/2438/2438 2455/2455/2455
f 2455/2455/2455 2439/2439/2439 2456/2456/2456
f 2458/2458/2458 2451/2451/2451 2459/2459/2459
f 2468/2468/2468 2465/2465/2465 2469/2469/2469
f 2469/2469/2469 2466/2466/2466 2470/2470/2470
f 2499/2499/2499 2495/2495/2495 2498/2498/2498
f 2504/2504/2504 2501/2501/2501 2505/2505/2505
f 2507/2507/2507 2505/2505/2505 2508/2508/2508
f 2510/2510/2510 2508/2508/2508 2511/2511/2511
f 2551/2551/2551 2539/2539/2539 2550/2550/2550
f 2559/2559/2559 2544/2544/2544 2558/2558/2558
f 2566/2566/2566 2554/2554/2554 2565/2565/2565
f 2590/2590/2590 2589/2589/2589 2591/2591/2591
f 2594/2594/2594 2593/2593/2593 2595/2595/2595
f 2602/2602/2602 2598/2598/2598 2603/2603/2603
f 2639/2639/2639 2634/2634/2634 2638/2638/2638
f 2643/2643/2643 2638/2638/2638 2642/2642/2642
f 2650/2650/2650 2645/2645/2645 2649/2649/2649
f 2657/2657/2657 2652/2652/2652 2656/2656/2656
f 2665/2665/2665 2659/2659/2659 2664/2664/2664
f 2687/2687/2687 2670/2670/2670 2686/2686/2686
f 2691/2691/2691 2676/2676/2676 2690/2690/2690
f 2694/2694/2694 2679/2679/2679 2693/2693/2693
f 2697/2697/2697 2683/2683/2683 2696/2696/2696
f 2765/2765/2765 2760/2760/2760 2764/2764/2764
f 2774/2774/2774 2769/2769/2769 2773/2773/2773
f 2782/2782/2782 2777/2777/2777 2781/2781/2781
f 2805/2805/2805 2795/2795/2795 2804/2804/2804
f 2818/2818/2818 2801/2801/2801 2817/2817/2817
f 2819/2819/2819 2802/2802/2802 2818/2818/2818
f 2823/2823/2823 2815/2815/2815 2822/2822/2822
f 2854/2854/2854 2851/2851/2851 2853/2853/2853
f 2887/2887/2887 2882/2882/2882 2886/2886/2886
f 2906/2906/2906 2902/2902/2902 2905/2905/2905
f 2913/2913/2913 2909/2909/2909 2912/2912/2912
f 2918/2918/2918 2912/2912/2912 2917/2917/2917
f 2937/2937/2937 2922/2922/2922 2936/2936/2936
f 2938/2938/2938 2923/2923/2923 2937/2937/2937
f 2944/2944/2944 2929/2929/2929 2943/2943/2943
f 2947/2947/2947 2932/2932/2932 2946/2946/2946
f 2948/2948/2948 2933/2933/2933 2947/2947/2947
f 2949/2949/2949 2934/2934/2934 2948/2948/2948
f 2961/2961/2961 2950/2950/2950 2960/2960/2960
f 2971/2971/2971 2966/2966/2966 2970/2970/2970
f 2987/2987/2987 2980/2980/2980 2988/2988/2988
f 3002/3002/3002 2985/2985/2985 3001/3001/3001
f 3026/3026/3026 3020/3020/3020 3025/3025/3025
f 3029/3029/3029 3024/3024/3024 3028/3028/3028
f 3038/3038/3038 3032/3032/3032 3037/3037/3037
f 3042/3042/3042 3036/3036/3036 3041/3041/3041
f 3048/3048/3048 3041/3041/3041 3047/3047/3047
f 3062/3062/3062 3047/3047/3047 3061/3061/3061
f 3070/3070/3070 3053/3053/3053 3069/3069/3069
f 3072/3072/3072 3055/3055/3055 3071/3071/3071
f 3073/3073/3073 3056/3056/3056 3072/3072/3072
f 3075/3075/3075 3058/3058/3058 3074/3074/3074
f 3078/3078/3078 3065/3065/3065 3077/3077/3077
f 3079/3079/3079 3066/3066/3066 3078/3078/3078
f 3080/3080/3080 3067/3067/3067 3079/3079/3079
f 3082/3082/3082 3070/3070/3070 3081/3081/3081
f 3105/3105/3105 3099/3099/3099 3104/3104/3104
f 3110/3110/3110 3107/3107/3107 3109/3109/3109
f 3138/3138/3138 3134/3134/3134 3137/3137/3137
f 3141/3141/3141 3137/3137/3137 3140/3140/3140
f 3157/3157/3157 3151/3151/3151 3156/3156/3156
f 3161/3161/3161 3155/3155/3155 3160/3160/3160
f 3166/3166/3166 3159/3159/3159 3165/3165/3165
f 3172/3172/3172 3164/3164/3164 3171/3171/3171
f 3173/3173/3173 3165/3165/3165 3172/3172/3172
f 3178/3178/3178 3170/3170/3170 3177/3177/3177
f 3179/3179/3179 3171/3171/3171 3178/3178/3178
f 3191/3191/3191 3176/3176/3176 3190/3190/3190
f 3192/3192/3192 3177/3177/3177 3191/3191/3191
f 3203/3203/3203 3184/3184/3184 3202/3202/3202
f 3204/3204/3204 3185/3185/3185 3203/3203/3203
f 3207/3207/3207 3188/3188/3188 3206/3206/3206
f 3208/3208/3208 3189/3189/3189 3207/3207/3207
f 3214/3214/3214 3197/3197/3197 3213/3213/3213
f 3215/3215/3215 3198/3198/3198 3214/3214/3214
f 3218/3218/3218 3201/3201/3201 3217/3217/3217
f 3219/3219/3219 3202/3202/3202 3218/3218/3218
f 3220/3220/3220 3203/3203/3203 3219/3219/3219
f 3221/3221/3221 3204/3204/3204 3220/3220/3220
f 3222/3222/3222 3205/3205/3205 3221/3221/3221
f 3226/3226/3226 3209/3209/3209 3225/3225/3225
f 3230/3230/3230 3215/3215/3215 3229/3229/3229
f 3232/3232/3232 3217/3217/3217 3231/3231/3231
f 3256/3256/3256 3250/3250/3250 3255/3255/3255
f 3258/3258/3258 3252/3252/3252 3257/3257/3257
f 3261/3261/3261 3256/3256/3256 3260/3260/3260
f 3266/3266/3266 3265/3265/3265 3267/3267/3267
f 3268/3268/3268 3267/3267/3267 3269/3269/3269
f 3279/3279/3279 3270/3270/3270 3280/3280/3280
f 3293/3293/3293 3277/3277/3277 3292/3292/3292
f 3296/3296/3296 3291/3291/3291 3295/3295/3295
f 3300/3300/3300 3295/3295/3295 3299/3299/3299
f 3303/3303/3303 3298/3298/3298 3302/3302/3302
f 3308/3308/3308 3305/3305/3305 3309/3309/3309
f 3311/3311/3311 3306/3306/3306 3310/3310/3310
f 3329/3329/3329 3322/3322/3322 3328/3328/3328
f 3336/3336/3336 3325/3325/3325 3335/3335/3335
f 3348/3348/3348 3333/3333/3333 3347/3347/3347
f 3349/3349/3349 3334/3334/3334 3348/3348/3348
f 3352/3352/3352 3339/3339/3339 3351/3351/3351
f 3358/3358/3358 3342/3342/3342 3357/3357/3357
f 3362/3362/3362 3346/3346/3346 3361/3361/3361
f 3363/3363/3363 3347/3347/3347 3362/3362/3362
f 3367/3367/3367 3352/3352/3352 3366/3366/3366
f 3373/3373/3373 3355/3355/3355 3372/3372/3372
f 3374/3374/3374 3356/3356/3356 3373/3373/3373
f 3377/3377/3377 3359/3359/3359 3376/3376/3376
f 3378/3378/3378 3360/3360/3360 3377/3377/3377
f 3379/3379/3379 3361/3361/3361 3378/3378/3378
f 3382/3382/3382 3367/3367/3367 3381/3381/3381
f 3383/3383/3383 3368/3368/3368 3382/3382/3382
f 3385/3385/3385 3370/3370/3370 3384/3384/3384
f 3386/3386/3386 3371/3371/3371 3385/3385/3385
f 3387/3387/3387 3372/3372/3372 3386/3386/3386
f 3389/3389/3389 3376/3376/3376 3388/3388/3388
f 3411/3411/3411 3407/3407/3407 3410/3410/3410
f 3416/3416/3416 3411/3411/3411 3415/3415/3415
f 3427/3427/3427 3418/3418/3418 3426/3426/3426
f 3439/3439/3439 3425/3425/3425 3438/3438/3438
f 3440/3440/3440 3429/3429/3429 3441/3441/3441
f 3445/3445/3445 3432/3432/3432 3444/3444/3444
f 3446/3446/3446 3433/3433/3433 3445/3445/3445
f 3447/3447/3447 3434/3434/3434 3446/3446/3446
f 3465/3465/3465 3461/3461/3461 3464/3464/3464
f 3470/3470/3470 3467/3467/3467 3471/3471/3471
f 3473/3473/3473 3468/3468/3468 3472/3472/3472
f 3474/3474/3474 3471/3471/3471 3475/3475/3475
f 3486/3486/3486 3479/3479/3479 3485/3485/3485
f 3490/3490/3490 3481/3481/3481 3489/3489/3489
f 3495/3495/3495 3486/3486/3486 3494/3494/3494
f 3497/3497/3497 3488/3488/3488 3496/3496/3496
f 3511/3511/3511 3498/3498/3498 3510/3510/3510
f 3514/3514/3514 3504/3504/3504 3513/3513/3513
f 3515/3515/3515 3505/3505/3505 3514/3514/3514
f 3524/3524/3524 3508/3508/3508 3523/3523/3523
f 3531/3531/3531 3517/3517/3517 3530/3530/3530
f 3532/3532/3532 3518/3518/3518 3531/3531/3531
f 3535/3535/3535 3521/3521/3521 3534/3534/3534
f 3543/3543/3543 3529/3529/3529 3542/3542/3542
f 3548/3548/3548 3540/3540/3540 3547/3547/3547
f 3563/3563/3563 3552/3552/3552 3562/3562/3562
f 3564/3564/3564 3553/3553/3553 3563/3563/3563
f 3565/3565/3565 3554/3554/3554 3564/3564/3564
f 3589/3589/3589 3579/3579/3579 3588/3588/3588
f 3604/3604/3604 3587/3587/3587 3603/3603/3603
f 3606/3606/3606 3589/3589/3589 3605/3605/3605
f 3613/3613/3613 3595/3595/3595 3612/3612/3612
f 3615/3615/3615 3597/3597/3597 3614/3614/3614
f 3616/3616/3616 3598/3598/3598 3615/3615/3615
f 3622/3622/3622 3613/3613/3613 3621/3621/3621
f 3624/3624/3624 3615/3615/3615 3623/3623/3623
f 3641/3641/3641 3636/3636/3636 3640/3640/3640
f 3645/3645/3645 3639/3639/3639 3644/3644/3644
f 3654/3654/3654 3647/3647/3647 3653/3653/3653
f 3658/3658/3658 3650/3650/3650 3657/3657/3657
f 3662/3662/3662 3654/3654/3654 3661/3661/3661
f 3664/3664/3664 3656/3656/3656 3663/3663/3663
f 3665/3665/3665 3657/3657/3657 3664/3664/3664
f 3673/3673/3673 3664/3664/3664 3672/3672/3672
f 3688/3688/3688 3674/3674/3674 3687/3687/3687
f 3694/3694/3694 3679/3679/3679 3693/3693/3693
f 3701/3701/3701 3684/3684/3684 3700/3700/3700
f 3705/3705/3705 3692/3692/3692 3704/3704/3704
f 3706/3706/3706 3693/3693/3693 3705/3705/3705
f 3707/3707/3707 3694/3694/3694 3706/3706/3706
f 3708/3708/3708 3695/3695/3695 3707/3707/3707
f 3709/3709/3709 3696/3696/3696 3708/3708/3708
f 3711/3711/3711 3698/3698/3698 3710/3710/3710
f 3718/3718/3718 3704/3704/3704 3717/3717/3717
f 3723/3723/3723 3716/3716/3716 3722/3722/3722
f 3734/3734/3734 3724/3724/3724 3733/3733/3733
f 3739/3739/3739 3729/3729/3729 3738/3738/3738
f 3740/3740/3740 3730/3730/3730 3739/3739/3739
f 3744/3744/3744 3733/3733/3733 3743/3743/3743
f 3745/3745/3745 3734/3734/3734 3744/3744/3744
f 3746/3746/3746 3735/3735/3735 3745/3745/3745
f 3755/3755/3755 3743/3743/3743 3754/3754/3754
f 3757/3757/3757 3745/3745/3745 3756/3756/3756
f 3758/3758/3758 3746/3746/3746 3757/3757/3757
f 3759/3759/3759 3747/3747/3747 3758/3758/3758
f 3762/3762/3762 3750/3750/3750 3761/3761/3761
f 3763/3763/3763 3751/3751/3751 3762/3762/3762
f 3769/3769/3769 3757/3757/3757 3768/3768/3768
f 3771/3771/3771 3759/3759/3759 3770/3770/3770
f 3772/3772/3772 3760/3760/3760 3771/3771/3771
f 3774/3774/3774 3762/3762/3762 3773/3773/3773
f 3780/3780/3780 3767/3767/3767 3779/3779/3779
f 3784/3784/3784 3772/3772/3772 3783/3783/3783
f 3785/3785/3785 3773/3773/3773 3784/3784/3784
f 3786/3786/3786 3774/3774/3774 3785/3785/3785
f 3790/3790/3790 3784/3784/3784 3789/3789/3789
f 3791/3791/3791 3785/3785/3785 3790/3790/3790
f 3797/3797/3797 3792/3792/3792 3796/3796/3796
f 3818/3818/3818 3796/3796/3796 3817/3817/3817
f 3819/3819/3819 3797/3797/3797 3818/3818/3818
f 3822/3822/3822 3800/3800/3800 3821/3821/3821
f 3826/3826/3826 3804/3804/3804 3825/3825/3825
f 3835/3835/3835 3818/3818/3818 3834/3834/3834
f 3837/3837/3837 3820/3820/3820 3836/3836/3836
f 3838/3838/3838 3821/3821/3821 3837/3837/3837
f 3841/3841/3841 3824/3824/3824 3840/3840/3840
f 3842/3842/3842 3828/3828/3828 3843/3843/3843
f 3845/3845/3845 3829/3829/3829 3844/3844/3844
f 3849/3849/3849 3833/3833/3833 3848/3848/3848
f 3851/3851/3851 3836/3836/3836 3850/3850/3850
f 3852/3852/3852 3837/3837/3837 3851/3851/3851
f 3854/3854/3854 3839/3839/3839 3853/3853/3853
f 3860/3860/3860 3847/3847/3847 3859/3859/3859
f 3864/3864/3864 3851/3851/3851 3863/3863/3863
f 3865/3865/3865 3852/3852/3852 3864/3864/3864
f 3866/3866/3866 3853/3853/3853 3865/3865/3865
f 3870/3870/3870 3858/3858/3858 3869/3869/3869
f 3883/3883/3883 3874/3874/3874 3882/3882/3882
f 3884/3884/3884 3875/3875/3875 3883/3883/3883
f 3894/3894/3894 3883/3883/3883 3893/3893/3893
f 3903/3903/3903 3890/3890/3890 3902/3902/3902
f 3904/3904/3904 3891/3891/3891 3903/3903/3903
f 3906/3906/3906 3893/3893/3893 3905/3905/3905
f 3907/3907/3907 3894/3894/3894 3906/3906/3906
f 3919/3919/3919 3901/3901/3901 3918/3918/3918
f 3922/3922/3922 3904/3904/3904 3921/3921/3921
f 3925/3925/3925 3910/3910/3910 3924/3924/3924
f 3926/3926/3926 3911/3911/3911 3925/3925/3925
f 3929/3929/3929 3917/3917/3917 3928/3928/3928
f 3930/3930/3930 3918/3918/3918 3929/3929/3929
f 3932/3932/3932 3920/3920/3920 3931/3931/3931
f 3936/3936/3936 3930/3930/3930 3935/3935/3935
f 3937/3937/3937 3931/3931/3931 3936/3936/3936
f 3943/3943/3943 3938/3938/3938 3942/3942/3942
f 3944/3944/3944 3939/3939/3939 3943/3943/3943
f 3945/3945/3945 3940/3940/3940 3944/3944/3944
f 3951/3951/3951 3946/3946/3946 3950/3950/3950
f 3952/3952/3952 3947/3947/3947 3951/3951/3951
f 3965/3965/3965 3951/3951/3951 3964/3964/3964
f 3974/3974/3974 3965/3965/3965 3973/3973/3973
f 3986/3986/3986 3975/3975/3975 3985/3985/3985
f 3989/3989/3989 3978/3978/3978 3988/3988/3988
f 4007/4007/4007 3999/3999/3999 4006/4006/4006
f 4008/4008/4008 4000/4000/4000 4007/4007/4007
f 4018/4018/4018 4008/4008/4008 4017/4017/4017
f 4027/4027/4027 4016/4016/4016 4026/4026/4026
f 4037/4037/4037 4025/4025/4025 4036/4036/4036
f 38/38/38 1/1/1 37/37/37
f 39/39/39 2/2/2 38/38/38
f 42/42/42 5/5/5 41/41/41
f 43/43/43 6/6/6 42/42/42
f 49/49/49 12/12/12 48/48/48
f 58/58/58 23/23/23 59/59/59
f 60/60/60 25/25/25 61/61/61
f 67/67/67 32/32/32 68/68/68
f 68/68/68 33/33/33 69/69/69
f 69/69/69 34/34/34 70/70/70
f 70/70/70 35/35/35 71/71/71
f 74/74/74 37/37/37 73/73/73
f 78/78/78 41/41/41 77/77/77
f 79/79/79 42/42/42 78/78/78
f 80/80/80 43/43/43 79/79/79
f 85/85/85 48/48/48 84/84/84
f 100/100/100 61/61/61 101/101/101
f 108/108/108 68/68/68 109/109/109
f 109/109/109 69/69/69 110/110/110
f 110/110/110 70/70/70 111/111/111
f 111/111/111 71/71/71 112/112/112
f 116/116/116 73/73/73 115/115/115
f 118/118/118 75/75/75 117/117/117
f 120/120/120 77/77/77 119/119/119
f 121/121/121 78/78/78 120/120/120
f 128/128/128 82/82/82 127/127/127
f 134/134/134 86/86/86 133/133/133
f 166/166/166 104/104/104 167/167/167
f 178/178/178 108/108/108 179/179/179
f 180/180/180 110/110/110 181/181/181
f 182/182/182 112/112/112 183/183/183
f 207/207/207 114/114/114 206/206/206
f 210/210/210 117/117/117 209/209/209
f 211/211/211 118/118/118 210/210/210
f 212/212/212 119/119/119 211/211/211
f 213/213/213 120/120/120 212/212/212
f 214/214/214 121/121/121 213/213/213
f 222/222/222 125/125/125 221/221/221
f 223/223/223 126/126/126 222/222/222
f 229/229/229 131/131/131 228/228/228
f 255/255/255 144/144/144 254/254/254
f 256/256/256 145/145/145 255/255/255
f 273/273/273 170/170/170 274/274/274
f 282/282/282 178/178/178 283/283/283
f 285/285/285 182/182/182 286/286/286
f 293/293/293 187/187/187 294/294/294
f 296/296/296 190/190/190 297/297/297
f 324/324/324 194/194/194 323/323/323
f 328/328/328 199/199/199 329/329/329
f 334/334/334 200/200/200 333/333/333
f 337/337/337 203/203/203 336/336/336
f 338/338/338 204/204/204 337/337/337
f 339/339/339 205/205/205 338/338/338
f 343/343/343 209/209/209 342/342/342
f 344/344/344 210/210/210 343/343/343
f 345/345/345 211/211/211 344/344/344
f 346/346/346 212/212/212 345/345/345
f 347/347/347 213/213/213 346/346/346
f 348/348/348 214/214/214 347/347/347
f 349/349/349 215/215/215 348/348/348
f 369/369/369 231/231/231 368/368/368
f 372/372/372 234/234/234 371/371/371
f 381/381/381 258/258/258 382/382/382
f 389/389/389 273/273/273 390/390/390
f 396/396/396 286/286/286 397/397/397
f 397/397/397 287/287/287 398/398/398
f 405/405/405 301/301/301 406/406/406
f 415/415/415 307/307/307 416/416/416
f 416/416/416 308/308/308 417/417/417
f 420/420/420 312/312/312 421/421/421
f 453/453/453 315/315/315 452/452/452
f 458/458/458 318/318/318 457/457/457
f 459/459/459 321/321/321 460/460/460
f 464/464/464 322/322/322 463/463/463
f 472/472/472 329/329/329 473/473/473
f 479/479/479 330/330/330 478/478/478
f 480/480/480 331/331/331 479/479/479
f 481/481/481 332/332/332 480/480/480
f 484/484/484 336/336/336 483/483/483
f 485/485/485 337/337/337 484/484/484
f 486/486/486 338/338/338 485/485/485
f 488/488/488 340/340/340 487/487/487
f 490/490/490 342/342/342 489/489/489
f 491/491/491 343/343/343 490/490/490
f 492/492/492 344/344/344 491/491/491
f 495/495/495 347/347/347 494/494/494
f 496/496/496 348/348/348 495/495/495
f 498/498/498 350/350/350 497/497/497
f 500/500/500 352/352/352 499/499/499
f 518/518/518 386/386/386 519/519/519
f 522/522/522 391/391/391 523/523/523
f 528/528/528 398/398/398 529/529/529
f 529/529/529 399/399/399 530/530/530
f 534/534/534 406/406/406 535/535/535
f 535/535/535 407/407/407 536/536/536
f 547/547/547 424/424/424 548/548/548
f 548/548/548 425/425/425 549/549/549
f 551/551/551 433/433/433 552/552/552
f 552/552/552 434/434/434 553/553/553
f 562/562/562 438/438/438 563/563/563
f 565/565/565 441/441/441 566/566/566
f 577/577/577 445/445/445 578/578/578
f 601/601/601 446/446/446 600/600/600
f 605/605/605 448/448/448 604/604/604
f 612/612/612 451/451/451 611/611/611
f 618/618/618 455/455/455 617/617/617
f 619/619/619 456/456/456 618/618/618
f 625/625/625 461/461/461 624/624/624
f 626/626/626 466/466/466 627/627/627
f 632/632/632 467/467/467 631/631/631
f 633/633/633 468/468/468 632/632/632
f 639/639/639 475/475/475 638/638/638
f 640/640/640 476/476/476 639/639/639
f 643/643/643 485/485/485 642/642/642
f 644/644/644 486/486/486 643/643/643
f 645/645/645 487/487/487 644/644/644
f 647/647/647 489/489/489 646/646/646
f 648/648/648 490/490/490 647/647/647
f 649/649/649 491/491/491 648/648/648
f 650/650/650 492/492/492 649/649/649
f 651/651/651 493/493/493 650/650/650
f 652/652/652 494/494/494 651/651/651
f 656/656/656 501/501/501 655/655/655
f 658/658/658 503/503/503 657/657/657
f 679/679/679 524/524/524 680/680/680
f 683/683/683 529/529/529 684/684/684
f 688/688/688 536/536/536 689/689/689
f 693/693/693 542/542/542 694/694/694
f 705/705/705 568/568/568 706/706/706
f 721/721/721 589/589/589 722/722/722
f 730/730/730 594/594/594 731/731/731
f 731/731/731 595/595/595 732/732/732
f 732/732/732 596/596/596 733/733/733
f 750/750/750 599/599/599 749/749/749
f 751/751/751 600/600/600 750/750/750
f 758/758/758 603/603/603 757/757/757
f 763/763/763 608/608/608 762/762/762
f 765/765/765 610/610/610 764/764/764
f 769/769/769 615/615/615 768/768/768
f 774/774/774 622/622/622 773/773/773
f 780/780/780 629/629/629 779/779/779
f 781/781/781 630/630/630 780/780/780
f 786/786/786 637/637/637 785/785/785
f 789/789/789 643/643/643 788/788/788
f 790/790/790 644/644/644 789/789/789
f 791/791/791 645/645/645 790/790/790
f 792/792/792 646/646/646 791/791/791
f 794/794/794 648/648/648 793/793/793
f 795/795/795 649/649/649 794/794/794
f 796/796/796 650/650/650 795/795/795
f 808/808/808 661/661/661 807/807/807
f 815/815/815 672/672/672 816/816/816
f 823/823/823 679/679/679 824/824/824
f 828/828/828 685/685/685 829/829/829
f 832/832/832 690/690/690 833/833/833
f 836/836/836 695/695/695 837/837/837
f 849/849/849 706/706/706 850/850/850
f 850/850/850 707/707/707 851/851/851
f 867/867/867 733/733/733 868/868/868
f 868/868/868 734/734/734 869/869/869
f 873/873/873 737/737/737 874/874/874
f 875/875/875 739/739/739 876/876/876
f 877/877/877 741/741/741 878/878/878
f 878/878/878 742/742/742 879/879/879
f 894/894/894 743/743/743 893/893/893
f 895/895/895 744/744/744 894/894/894
f 901/901/901 747/747/747 900/900/900
f 902/902/902 748/748/748 901/901/901
f 903/903/903 749/749/749 902/902/902
f 907/907/907 754/754/754 906/906/906
f 908/908/908 755/755/755 907/907/907
f 909/909/909 760/760/760 910/910/910
f 913/913/913 761/761/761 912/912/912
f 920/920/920 767/767/767 919/919/919
f 927/927/927 772/772/772 926/926/926
f 930/930/930 777/777/777 929/929/929
f 931/931/931 778/778/778 930/930/930
f 932/932/932 779/779/779 931/931/931
f 933/933/933 783/783/783 934/934/934
f 940/940/940 789/789/789 939/939/939
f 941/941/941 790/790/790 940/940/940
f 942/942/942 791/791/791 941/941/941
f 943/943/943 792/792/792 942/942/942
f 944/944/944 793/793/793 943/943/943
f 945/945/945 794/794/794 944/944/944
f 946/946/946 795/795/795 945/945/945
f 976/976/976 823/823/823 977/977/977
f 992/992/992 844/844/844 993/993/993
f 998/998/998 851/851/851 999/999/999
f 999/999/999 852/852/852 1000/1000/1000
f 1010/1010/1010 862/862/862 1011/1011/1011
f 1022/1022/1022 877/877/877 1023/1023/1023
f 1025/1025/1025 881/881/881 1026/1026/1026
f 1033/1033/1033 886/886/886 1034/1034/1034
f 1037/1037/1037 889/889/889 1038/1038/1038
f 1049/1049/1049 890/890/890 1048/1048/1048
f 1050/1050/1050 891/891/891 1049/1049/1049
f 1051/1051/1051 892/892/892 1050/1050/1050
f 1053/1053/1053 894/894/894 1052/1052/1052
f 1054/1054/1054 895/895/895 1053/1053/1053
f 1056/1056/1056 897/897/897 1055/1055/1055
f 1058/1058/1058 899/899/899 1057/1057/1057
f 1067/1067/1067 911/911/911 1066/1066/1066
f 1071/1071/1071 917/917/917 1070/1070/1070
f 1072/1072/1072 918/918/918 1071/1071/1071
f 1075/1075/1075 923/923/923 1074/1074/1074
f 1083/1083/1083 935/935/935 1082/1082/1082
f 1087/1087/1087 939/939/939 1086/1086/1086
f 1089/1089/1089 941/941/941 1088/1088/1088
f 1090/1090/1090 942/942/942 1089/1089/1089
f 1092/1092/1092 944/944/944 1091/1091/1091
f 1093/1093/1093 945/945/945 1092/1092/1092
f 1094/1094/1094 946/946/946 1093/1093/1093
f 1098/1098/1098 952/952/952 1097/1097/1097
f 1127/1127/1127 982/982/982 1126/1126/1126
f 1134/1134/1134 994/994/994 1135/1135/1135
f 1139/1139/1139 1000/1000/1000 1140/1140/1140
f 1140/1140/1140 1001/1001/1001 1141/1141/1141
f 1152/1152/1152 1012/1012/1012 1153/1153/1153
f 1158/1158/1158 1017/1017/1017 1159/1159/1159
f 1171/1171/1171 1038/1038/1038 1172/1172/1172
f 1172/1172/1172 1039/1039/1039 1173/1173/1173
f 1179/1179/1179 1043/1043/1043 1180/1180/1180
f 1180/1180/1180 1044/1044/1044 1181/1181/1181
f 1182/1182/1182 1046/1046/1046 1183/1183/1183
f 1191/1191/1191 1047/1047/1047 1190/1190/1190
f 1193/1193/1193 1049/1049/1049 1192/1192/1192
f 1194/1194/1194 1050/1050/1050 1193/1193/1193
f 1197/1197/1197 1053/1053/1053 1196/1196/1196
f 1202/1202/1202 1055/1055/1055 1201/1201/1201
f 1203/1203/1203 1056/1056/1056 1202/1202/1202
f 1208/1208/1208 1060/1060/1060 1207/1207/1207
f 1209/1209/1209 1061/1061/1061 1208/1208/1208
f 1213/1213/1213 1064/1064/1064 1212/1212/1212
f 1216/1216/1216 1069/1069/1069 1215/1215/1215
f 1220/1220/1220 1074/1074/1074 1219/1219/1219
f 1224/1224/1224 1078/1078/1078 1223/1223/1223
f 1229/1229/1229 1084/1084/1084 1228/1228/1228
f 1230/1230/1230 1085/1085/1085 1229/1229/1229
f 1233/1233/1233 1088/1088/1088 1232/1232/1232
f 1234/1234/1234 1089/1089/1089 1233/1233/1233
f 1236/1236/1236 1091/1091/1091 1235/1235/1235
f 1237/1237/1237 1092/1092/1092 1236/1236/1236
f 1238/1238/1238 1093/1093/1093 1237/1237/1237
f 1267/1267/1267 1129/1129/1129 1268/1268/1268
f 1278/1278/1278 1142/1142/1142 1279/1279/1279
f 1282/1282/1282 1148/1148/1148 1283/1283/1283
f 1288/1288/1288 1154/1154/1154 1289/1289/1289
f 1294/1294/1294 1159/1159/1159 1295/1295/1295
f 1295/1295/1295 1160/1160/1160 1296/1296/1296
f 1307/1307/1307 1173/1173/1173 1308/1308/1308
f 1310/1310/1310 1176/1176/1176 1311/1311/1311
f 1312/1312/1312 1178/1178/1178 1313/1313/1313
f 1313/1313/1313 1179/1179/1179 1314/1314/1314
f 1316/1316/1316 1182/1182/1182 1317/1317/1317
f 1317/1317/1317 1183/1183/1183 1318/1318/1318
f 1321/1321/1321 1185/1185/1185 1320/1320/1320
f 1322/1322/1322 1186/1186/1186 1321/1321/1321
f 1323/1323/1323 1187/1187/1187 1322/1322/1322
f 1329/1329/1329 1190/1190/1190 1328/1328/1328
f 1331/1331/1331 1195/1195/1195 1330/1330/1330
f 1334/1334/1334 1199/1199/1199 1333/1333/1333
f 1335/1335/1335 1200/1200/1200 1334/1334/1334
f 1337/1337/1337 1202/1202/1202 1336/1336/1336
f 1339/1339/1339 1204/1204/1204 1338/1338/1338
f 1345/1345/1345 1211/1211/1211 1344/1344/1344
f 1354/1354/1354 1219/1219/1219 1353/1353/1353
f 1358/1358/1358 1223/1223/1223 1357/1357/1357
f 1361/1361/1361 1226/1226/1226 1360/1360/1360
f 1363/1363/1363 1228/1228/1228 1362/1362/1362
f 1365/1365/1365 1230/1230/1230 1364/1364/1364
f 1367/1367/1367 1232/1232/1232 1366/1366/1366
f 1369/1369/1369 1234/1234/1234 1368/1368/1368
f 1373/1373/1373 1238/1238/1238 1372/1372/1372
f 1381/1381/1381 1249/1249/1249 1382/1382/1382
f 1409/1409/1409 1275/1275/1275 1410/1410/1410
f 1411/1411/1411 1277/1277/1277 1412/1412/1412
f 1415/1415/1415 1284/1284/1284 1416/1416/1416
f 1419/1419/1419 1290/1290/1290 1420/1420/1420
f 1423/1423/1423 1296/1296/1296 1424/1424/1424
f 1424/1424/1424 1297/1297/1297 1425/1425/1425
f 1429/1429/1429 1302/1302/1302 1430/1430/1430
f 1436/1436/1436 1308/1308/1308 1437/1437/1437
f 1441/1441/1441 1311/1311/1311 1442/1442/1442
f 1442/1442/1442 1312/1312/1312 1443/1443/1443
f 1444/1444/1444 1314/1314/1314 1445/1445/1445
f 1445/1445/1445 1315/1315/1315 1446/1446/1446
f 1453/1453/1453 1320/1320/1320 1452/1452/1452
f 1455/1455/1455 1322/1322/1322 1454/1454/1454
f 1463/1463/1463 1327/1327/1327 1462/1462/1462
f 1472/1472/1472 1334/1334/1334 1471/1471/1471
f 1473/1473/1473 1335/1335/1335 1472/1472/1472
f 1477/1477/1477 1340/1340/1340 1476/1476/1476
f 1484/1484/1484 1348/1348/1348 1483/1483/1483
f 1488/1488/1488 1352/1352/1352 1487/1487/1487
f 1492/1492/1492 1356/1356/1356 1491/1491/1491
f 1499/1499/1499 1363/1363/1363 1498/1498/1498
f 1501/1501/1501 1365/1365/1365 1500/1500/1500
f 1502/1502/1502 1366/1366/1366 1501/1501/1501
f 1503/1503/1503 1367/1367/1367 1502/1502/1502
f 1504/1504/1504 1368/1368/1368 1503/1503/1503
f 1506/1506/1506 1370/1370/1370 1505/1505/1505
f 1507/1507/1507 1371/1371/1371 1506/1506/1506
f 1514/1514/1514 1376/1376/1376 1513/1513/1513
f 1529/1529/1529 1398/1398/1398 1530/1530/1530
f 1532/1532/1532 1399/1399/1399 1531/1531/1531
f 1538/1538/1538 1405/1405/1405 1539/1539/1539
f 1541/1541/1541 1408/1408/1408 1542/1542/1542
f 1549/1549/1549 1416/1416/1416 1550/1550/1550
f 1558/1558/1558 1425/1425/1425 1559/1559/1559
f 1559/1559/1559 1426/1426/1426 1560/1560/1560
f 1564/1564/1564 1431/1431/1431 1565/1565/1565
f 1571/1571/1571 1437/1437/1437 1572/1572/1572
f 1572/1572/1572 1438/1438/1438 1573/1573/1573
f 1576/1576/1576 1441/1441/1441 1577/1577/1577
f 1577/1577/1577 1442/1442/1442 1578/1578/1578
f 1578/1578/1578 1443/1443/1443 1579/1579/1579
f 1582/1582/1582 1447/1447/1447 1583/1583/1583
f 1593/1593/1593 1452/1452/1452 1592/1592/1592
f 1595/1595/1595 1454/1454/1454 1594/1594/1594
f 1596/1596/1596 1455/1455/1455 1595/1595/1595
f 1599/1599/1599 1458/1458/1458 1598/1598/1598
f 1602/1602/1602 1461/1461/1461 1601/1601/1601
f 1603/1603/1603 1462/1462/1462 1602/1602/1602
f 1604/1604/1604 1463/1463/1463 1603/1603/1603
f 1608/1608/1608 1468/1468/1468 1607/1607/1607
f 1612/1612/1612 1479/1479/1479 1613/1613/1613
f 1616/1616/1616 1480/1480/1480 1615/1615/1615
f 1625/1625/1625 1487/1487/1487 1624/1624/1624
f 1628/1628/1628 1491/1491/1491 1627/1627/1627
f 1631/1631/1631 1495/1495/1495 1630/1630/1630
f 1635/1635/1635 1500/1500/1500 1634/1634/1634
f 1637/1637/1637 1502/1502/1502 1636/1636/1636
f 1640/1640/1640 1505/1505/1505 1639/1639/1639
f 1647/1647/1647 1516/1516/1516 1648/1648/1648
f 1651/1651/1651 1521/1521/1521 1652/1652/1652
f 1660/1660/1660 1528/1528/1528 1661/1661/1661
f 1668/1668/1668 1537/1537/1537 1669/1669/1669
f 1670/1670/1670 1539/1539/1539 1671/1671/1671
f 1675/1675/1675 1544/1544/1544 1676/1676/1676
f 1688/1688/1688 1554/1554/1554 1689/1689/1689
f 1693/1693/1693 1560/1560/1560 1694/1694/1694
f 1698/1698/1698 1565/1565/1565 1699/1699/1699
f 1699/1699/1699 1566/1566/1566 1700/1700/1700
f 1704/1704/1704 1571/1571/1571 1705/1705/1705
f 1705/1705/1705 1572/1572/1572 1706/1706/1706
f 1709/1709/1709 1576/1576/1576 1710/1710/1710
f 1714/1714/1714 1583/1583/1583 1715/1715/1715
f 1725/1725/1725 1589/1589/1589 1726/1726/1726
f 1735/1735/1735 1590/1590/1590 1734/1734/1734
f 1736/1736/1736 1591/1591/1591 1735/1735/1735
f 1738/1738/1738 1593/1593/1593 1737/1737/1737
f 1739/1739/1739 1594/1594/1594 1738/1738/1738
f 1740/1740/1740 1595/1595/1595 1739/1739/1739
f 1741/1741/1741 1596/1596/1596 1740/1740/1740
f 1744/1744/1744 1599/1599/1599 1743/1743/1743
f 1746/1746/1746 1601/1601/1601 1745/1745/1745
f 1748/1748/1748 1605/1605/1605 1747/1747/1747
f 1755/1755/1755 1610/1610/1610 1754/1754/1754
f 1759/1759/1759 1614/1614/1614 1758/1758/1758
f 1761/1761/1761 1617/1617/1617 1760/1760/1760
f 1766/1766/1766 1623/1623/1623 1765/1765/1765
f 1772/1772/1772 1630/1630/1630 1771/1771/1771
f 1774/1774/1774 1632/1632/1632 1773/1773/1773
f 1775/1775/1775 1633/1633/1633 1774/1774/1774
f 1779/1779/1779 1637/1637/1637 1778/1778/1778
f 1781/1781/1781 1639/1639/1639 1780/1780/1780
f 1782/1782/1782 1640/1640/1640 1781/1781/1781
f 1783/1783/1783 1641/1641/1641 1782/1782/1782
f 1804/1804/1804 1660/1660/1660 1803/1803/1803
f 1819/1819/1819 1681/1681/1681 1820/1820/1820
f 1822/1822/1822 1685/1685/1685 1823/1823/1823
f 1829/1829/1829 1693/1693/1693 1830/1830/1830
f 1830/1830/1830 1694/1694/1694 1831/1831/1831
f 1843/1843/1843 1709/1709/1709 1844/1844/1844
f 1846/1846/1846 1719/1719/1719 1847/1847/1847
f 1852/1852/1852 1724/1724/1724 1853/1853/1853
f 1855/1855/1855 1727/1727/1727 1856/1856/1856
f 1856/1856/1856 1728/1728/1728 1857/1857/1857
f 1857/1857/1857 1729/1729/1729 1858/1858/1858
f 1858/1858/1858 1730/1730/1730 1859/1859/1859
f 1861/1861/1861 1731/1731/1731 1860/1860/1860
f 1862/1862/1862 1732/1732/1732 1861/1861/1861
f 1863/1863/1863 1733/1733/1733 1862/1862/1862
f 1870/1870/1870 1740/1740/1740 1869/1869/1869
f 1873/1873/1873 1742/1742/1742 1872/1872/1872
f 1877/1877/1877 1749/1749/1749 1876/1876/1876
f 1881/1881/1881 1753/1753/1753 1880/1880/1880
f 1882/1882/1882 1754/1754/1754 1881/1881/1881
f 1894/1894/1894 1767/1767/1767 1893/1893/1893
f 1899/1899/1899 1771/1771/1771 1898/1898/1898
f 1902/1902/1902 1773/1773/1773 1901/1901/1901
f 1903/1903/1903 1774/1774/1774 1902/1902/1902
f 1905/1905/1905 1776/1776/1776 1904/1904/1904
f 1906/1906/1906 1777/1777/1777 1905/1905/1905
f 1911/1911/1911 1782/1782/1782 1910/1910/1910
f 1929/1929/1929 1806/1806/1806 1930/1930/1930
f 1936/1936/1936 1812/1812/1812 1937/1937/1937
f 1944/1944/1944 1818/1818/1818 1945/1945/1945
f 1950/1950/1950 1825/1825/1825 1951/1951/1951
f 1952/1952/1952 1827/1827/1827 1953/1953/1953
f 1956/1956/1956 1831/1831/1831 1957/1957/1957
f 1958/1958/1958 1833/1833/1833 1959/1959/1959
f 1962/1962/1962 1836/1836/1836 1963/1963/1963
f 1964/1964/1964 1838/1838/1838 1965/1965/1965
f 1967/1967/1967 1841/1841/1841 1968/1968/1968
f 1969/1969/1969 1843/1843/1843 1970/1970/1970
f 1970/1970/1970 1844/1844/1844 1971/1971/1971
f 1980/1980/1980 1851/1851/1851 1981/1981/1981
f 1982/1982/1982 1853/1853/1853 1983/1983/1983
f 1988/1988/1988 1859/1859/1859 1989/1989/1989
f 1992/1992/1992 1860/1860/1860 1991/1991/1991
f 1997/1997/1997 1865/1865/1865 1996/1996/1996
f 2000/2000/2000 1868/1868/1868 1999/1999/1999
f 2002/2002/2002 1871/1871/1871 2001/2001/2001
f 2003/2003/2003 1872/1872/1872 2002/2002/2002
f 2015/2015/2015 1885/1885/1885 2014/2014/2014
f 2017/2017/2017 1887/1887/1887 2016/2016/2016
f 2023/2023/2023 1891/1891/1891 2022/2022/2022
f 2030/2030/2030 1898/1898/1898 2029/2029/2029
f 2033/2033/2033 1900/1900/1900 2032/2032/2032
f 2035/2035/2035 1902/1902/1902 2034/2034/2034
f 2036/2036/2036 1903/1903/1903 2035/2035/2035
f 2037/2037/2037 1904/1904/1904 2036/2036/2036
f 2038/2038/2038 1905/1905/1905 2037/2037/2037
f 2043/2043/2043 1910/1910/1910 2042/2042/2042
f 2061/2061/2061 1925/1925/1925 2060/2060/2060
f 2067/2067/2067 1933/1933/1933 2068/2068/2068
f 2087/2087/2087 1951/1951/1951 2088/2088/2088
f 2091/2091/2091 1955/1955/1955 2092/2092/2092
f 2095/2095/2095 1957/1957/1957 2096/2096/2096
f 2097/2097/2097 1960/1960/1960 2098/2098/2098
f 2103/2103/2103 1963/1963/1963 2104/2104/2104
f 2106/2106/2106 1966/1966/1966 2107/2107/2107
f 2114/2114/2114 1972/1972/1972 2115/2115/2115
f 2117/2117/2117 1975/1975/1975 2118/2118/2118
f 2122/2122/2122 1977/1977/1977 2123/2123/2123
f 2124/2124/2124 1980/1980/1980 2125/2125/2125
f 2129/2129/2129 1986/1986/1986 2130/2130/2130
f 2130/2130/2130 1987/1987/1987 2131/2131/2131
f 2135/2135/2135 1990/1990/1990 2134/2134/2134
f 2136/2136/2136 1991/1991/1991 2135/2135/2135
f 2139/2139/2139 1994/1994/1994 2138/2138/2138
f 2140/2140/2140 1995/1995/1995 2139/2139/2139
f 2144/2144/2144 1999/1999/1999 2143/2143/2143
f 2146/2146/2146 2001/2001/2001 2145/2145/2145
f 2150/2150/2150 2005/2005/2005 2149/2149/2149
f 2159/2159/2159 2013/2013/2013 2158/2158/2158
f 2175/2175/2175 2031/2031/2031 2174/2174/2174
f 2176/2176/2176 2032/2032/2032 2175/2175/2175
f 2178/2178/2178 2034/2034/2034 2177/2177/2177
f 2180/2180/2180 2036/2036/2036 2179/2179/2179
f 2181/2181/2181 2037/2037/2037 2180/2180/2180
f 2185/2185/2185 2041/2041/2041 2184/2184/2184
f 2188/2188/2188 2045/2045/2045 2187/2187/2187
f 2194/2194/2194 2051/2051/2051 2193/2193/2193
f 2200/2200/2200 2057/2057/2057 2199/2199/2199
f 2203/2203/2203 2063/2063/2063 2204/2204/2204
f 2221/2221/2221 2085/2085/2085 2222/2222/2222
f 2234/2234/2234 2098/2098/2098 2235/2235/2235
f 2244/2244/2244 2107/2107/2107 2245/2245/2245
f 2250/2250/2250 2112/2112/2112 2251/2251/2251
f 2252/2252/2252 2114/2114/2114 2253/2253/2253
f 2263/2263/2263 2125/2125/2125 2264/2264/2264
f 2267/2267/2267 2129/2129/2129 2268/2268/2268
f 2275/2275/2275 2134/2134/2134 2274/2274/2274
f 2278/2278/2278 2137/2137/2137 2277/2277/2277
f 2279/2279/2279 2138/2138/2138 2278/2278/2278
f 2280/2280/2280 2139/2139/2139 2279/2279/2279
f 2281/2281/2281 2140/2140/2140 2280/2280/2280
f 2283/2283/2283 2142/2142/2142 2282/2282/2282
f 2291/2291/2291 2145/2145/2145 2290/2290/2290
f 2299/2299/2299 2149/2149/2149 2298/2298/2298
f 2300/2300/2300 2150/2150/2150 2299/2299/2299
f 2306/2306/2306 2154/2154/2154 2305/2305/2305
f 2323/2323/2323 2166/2166/2166 2322/2322/2322
f 2329/2329/2329 2171/2171/2171 2328/2328/2328
f 2331/2331/2331 2173/2173/2173 2330/2330/2330
f 2332/2332/2332 2174/2174/2174 2331/2331/2331
f 2337/2337/2337 2179/2179/2179 2336/2336/2336
f 2338/2338/2338 2180/2180/2180 2337/2337/2337
f 2342/2342/2342 2184/2184/2184 2341/2341/2341
f 2351/2351/2351 2196/2196/2196 2350/2350/2350
f 2359/2359/2359 2204/2204/2204 2360/2360/2360
f 2368/2368/2368 2210/2210/2210 2369/2369/2369
f 2370/2370/2370 2212/2212/2212 2371/2371/2371
f 2375/2375/2375 2217/2217/2217 2376/2376/2376
f 2377/2377/2377 2219/2219/2219 2378/2378/2378
f 2387/2387/2387 2229/2229/2229 2388/2388/2388
f 2394/2394/2394 2236/2236/2236 2395/2395/2395
f 2397/2397/2397 2238/2238/2238 2398/2398/2398
f 2400/2400/2400 2241/2241/2241 2401/2401/2401
f 2403/2403/2403 2246/2246/2246 2404/2404/2404
f 2411/2411/2411 2251/2251/2251 2412/2412/2412
f 2413/2413/2413 2254/2254/2254 2414/2414/2414
f 2421/2421/2421 2260/2260/2260 2422/2422/2422
f 2424/2424/2424 2264/2264/2264 2425/2425/2425
f 2425/2425/2425 2265/2265/2265 2426/2426/2426
f 2428/2428/2428 2267/2267/2267 2429/2429/2429
f 2441/2441/2441 2272/2272/2272 2440/2440/2440
f 2444/2444/2444 2275/2275/2275 2443/2443/2443
f 2447/2447/2447 2278/2278/2278 2446/2446/2446
f 2448/2448/2448 2279/2279/2279 2447/2447/2447
f 2455/2455/2455 2286/2286/2286 2454/2454/2454
f 2456/2456/2456 2287/2287/2287 2455/2455/2455
f 2457/2457/2457 2288/2288/2288 2456/2456/2456
f 2464/2464/2464 2319/2319/2319 2465/2465/2465
f 2477/2477/2477 2333/2333/2333 2476/2476/2476
f 2478/2478/2478 2334/2334/2334 2477/2477/2477
f 2479/2479/2479 2335/2335/2335 2478/2478/2478
f 2481/2481/2481 2337/2337/2337 2480/2480/2480
f 2502/2502/2502 2356/2356/2356 2503/2503/2503
f 2511/2511/2511 2364/2364/2364 2510/2510/2510
f 2512/2512/2512 2367/2367/2367 2513/2513/2513
f 2514/2514/2514 2369/2369/2369 2515/2515/2515
f 2518/2518/2518 2374/2374/2374 2519/2519/2519
f 2520/2520/2520 2376/2376/2376 2521/2521/2521
f 2525/2525/2525 2382/2382/2382 2526/2526/2526
f 2533/2533/2533 2392/2392/2392 2534/2534/2534
f 2535/2535/2535 2394/2394/2394 2536/2536/2536
f 2537/2537/2537 2396/2396/2396 2538/2538/2538
f 2539/2539/2539 2401/2401/2401 2540/2540/2540
f 2542/2542/2542 2405/2405/2405 2543/2543/2543
f 2548/2548/2548 2411/2411/2411 2549/2549/2549
f 2549/2549/2549 2412/2412/2412 2550/2550/2550
f 2557/2557/2557 2419/2419/2419 2558/2558/2558
f 2559/2559/2559 2421/2421/2421 2560/2560/2560
f 2560/2560/2560 2422/2422/2422 2561/2561/2561
f 2563/2563/2563 2425/2425/2425 2564/2564/2564
f 2565/2565/2565 2427/2427/2427 2566/2566/2566
f 2568/2568/2568 2431/2431/2431 2567/2567/2567
f 2569/2569/2569 2432/2432/2432 2568/2568/2568
f 2572/2572/2572 2435/2435/2435 2571/2571/2571
f 2573/2573/2573 2436/2436/2436 2572/2572/2572
f 2574/2574/2574 2437/2437/2437 2573/2573/2573
f 2576/2576/2576 2439/2439/2439 2575/2575/2575
f 2578/2578/2578 2441/2441/2441 2577/2577/2577
f 2581/2581/2581 2446/2446/2446 2580/2580/2580
f 2582/2582/2582 2447/2447/2447 2581/2581/2581
f 2584/2584/2584 2449/2449/2449 2583/2583/2583
f 2606/2606/2606 2473/2473/2473 2605/2605/2605
f 2610/2610/2610 2477/2477/2477 2609/2609/2609
f 2611/2611/2611 2478/2478/2478 2610/2610/2610
f 2612/2612/2612 2479/2479/2479 2611/2611/2611
f 2618/2618/2618 2487/2487/2487 2619/2619/2619
f 2640/2640/2640 2513/2513/2513 2641/2641/2641
f 2661/2661/2661 2532/2532/2532 2662/2662/2662
f 2666/2666/2666 2536/2536/2536 2667/2667/2667
f 2671/2671/2671 2541/2541/2541 2672/2672/2672
f 2673/2673/2673 2543/2543/2543 2674/2674/2674
f 2681/2681/2681 2546/2546/2546 2682/2682/2682
f 2684/2684/2684 2549/2549/2549 2685/2685/2685
f 2688/2688/2688 2553/2553/2553 2689/2689/2689
f 2689/2689/2689 2554/2554/2554 2690/2690/2690
f 2691/2691/2691 2556/2556/2556 2692/2692/2692
f 2692/2692/2692 2557/2557/2557 2693/2693/2693
f 2695/2695/2695 2561/2561/2561 2696/2696/2696
f 2696/2696/2696 2562/2562/2562 2697/2697/2697
f 2699/2699/2699 2567/2567/2567 2698/2698/2698
f 2701/2701/2701 2569/2569/2569 2700/2700/2700
f 2709/2709/2709 2577/2577/2577 2708/2708/2708
f 2711/2711/2711 2579/2579/2579 2710/2710/2710
f 2716/2716/2716 2584/2584/2584 2715/2715/2715
f 2720/2720/2720 2588/2588/2588 2719/2719/2719
f 2726/2726/2726 2600/2600/2600 2727/2727/2727
f 2730/2730/2730 2604/2604/2604 2731/2731/2731
f 2733/2733/2733 2605/2605/2605 2732/2732/2732
f 2734/2734/2734 2606/2606/2606 2733/2733/2733
f 2737/2737/2737 2609/2609/2609 2736/2736/2736
f 2740/2740/2740 2612/2612/2612 2739/2739/2739
f 2744/2744/2744 2616/2616/2616 2743/2743/2743
f 2757/2757/2757 2628/2628/2628 2756/2756/2756
f 2762/2762/2762 2633/2633/2633 2763/2763/2763
f 2775/2775/2775 2648/2648/2648 2776/2776/2776
f 2783/2783/2783 2655/2655/2655 2784/2784/2784
f 2792/2792/2792 2663/2663/2663 2793/2793/2793
f 2797/2797/2797 2668/2668/2668 2798/2798/2798
f 2798/2798/2798 2669/2669/2669 2799/2799/2799
f 2806/2806/2806 2674/2674/2674 2807/2807/2807
f 2807/2807/2807 2675/2675/2675 2808/2808/2808
f 2810/2810/2810 2678/2678/2678 2811/2811/2811
f 2814/2814/2814 2682/2682/2682 2815/2815/2815
f 2820/2820/2820 2690/2690/2690 2821/2821/2821
f 2827/2827/2827 2700/2700/2700 2826/2826/2826
f 2829/2829/2829 2702/2702/2702 2828/2828/2828
f 2830/2830/2830 2703/2703/2703 2829/2829/2829
f 2831/2831/2831 2704/2704/2704 2830/2830/2830
f 2832/2832/2832 2705/2705/2705 2831/2831/2831
f 2833/2833/2833 2706/2706/2706 2832/2832/2832
f 2834/2834/2834 2707/2707/2707 2833/2833/2833
f 2838/2838/2838 2710/2710/2710 2837/2837/2837
f 2842/2842/2842 2714/2714/2714 2841/2841/2841
f 2843/2843/2843 2715/2715/2715 2842/2842/2842
f 2850/2850/2850 2723/2723/2723 2849/2849/2849
f 2855/2855/2855 2729/2729/2729 2856/2856/2856
f 2856/2856/2856 2730/2730/2730 2857/2857/2857
f 2857/2857/2857 2731/2731/2731 2858/2858/2858
f 2861/2861/2861 2733/2733/2733 2860/2860/2860
f 2863/2863/2863 2735/2735/2735 2862/2862/2862
f 2864/2864/2864 2736/2736/2736 2863/2863/2863
f 2865/2865/2865 2737/2737/2737 2864/2864/2864
f 2866/2866/2866 2738/2738/2738 2865/2865/2865
f 2867/2867/2867 2739/2739/2739 2866/2866/2866
f 2870/2870/2870 2742/2742/2742 2869/2869/2869
f 2871/2871/2871 2743/2743/2743 2870/2870/2870
f 2885/2885/2885 2753/2753/2753 2884/2884/2884
f 2889/2889/2889 2759/2759/2759 2890/2890/2890
f 2900/2900/2900 2772/2772/2772 2901/2901/2901
f 2907/2907/2907 2780/2780/2780 2908/2908/2908
f 2914/2914/2914 2787/2787/2787 2915/2915/2915
f 2915/2915/2915 2788/2788/2788 2916/2916/2916
f 2919/2919/2919 2794/2794/2794 2920/2920/2920
f 2926/2926/2926 2799/2799/2799 2927/2927/2927
f 2927/2927/2927 2800/2800/2800 2928/2928/2928
f 2941/2941/2941 2810/2810/2810 2942/2942/2942
f 2942/2942/2942 2811/2811/2811 2943/2943/2943
f 2944/2944/2944 2813/2813/2813 2945/2945/2945
f 2945/2945/2945 2814/2814/2814 2946/2946/2946
f 2952/2952/2952 2825/2825/2825 2951/2951/2951
f 2954/2954/2954 2828/2828/2828 2953/2953/2953
f 2955/2955/2955 2829/2829/2829 2954/2954/2954
f 2956/2956/2956 2830/2830/2830 2955/2955/2955
f 2958/2958/2958 2832/2832/2832 2957/2957/2957
f 2959/2959/2959 2833/2833/2833 2958/2958/2958
f 2963/2963/2963 2836/2836/2836 2962/2962/2962
f 2966/2966/2966 2839/2839/2839 2965/2965/2965
f 2967/2967/2967 2840/2840/2840 2966/2966/2966
f 2968/2968/2968 2841/2841/2841 2967/2967/2967
f 2973/2973/2973 2844/2844/2844 2972/2972/2972
f 2981/2981/2981 2856/2856/2856 2982/2982/2982
f 2982/2982/2982 2857/2857/2857 2983/2983/2983
f 2983/2983/2983 2858/2858/2858 2984/2984/2984
f 2989/2989/2989 2860/2860/2860 2988/2988/2988
f 2990/2990/2990 2861/2861/2861 2989/2989/2989
f 2993/2993/2993 2864/2864/2864 2992/2992/2992
f 2994/2994/2994 2865/2865/2865 2993/2993/2993
f 2995/2995/2995 2866/2866/2866 2994/2994/2994
f 2997/2997/2997 2868/2868/2868 2996/2996/2996
f 2998/2998/2998 2869/2869/2869 2997/2997/2997
f 2999/2999/2999 2870/2870/2870 2998/2998/2998
f 3000/3000/3000 2873/2873/2873 3001/3001/3001
f 3007/3007/3007 2881/2881/2881 3008/3008/3008
f 3022/3022/3022 2897/2897/2897 3023/3023/3023
f 3034/3034/3034 2908/2908/2908 3035/3035/3035
f 3043/3043/3043 2915/2915/2915 3044/3044/3044
f 3044/3044/3044 2916/2916/2916 3045/3045/3045
f 3049/3049/3049 2920/2920/2920 3050/3050/3050
f 3050/3050/3050 2921/2921/2921 3051/3051/3051
f 3060/3060/3060 2924/2924/2924 3061/3061/3061
f 3063/3063/3063 2928/2928/2928 3064/3064/3064
f 3069/3069/3069 2931/2931/2931 3070/3070/3070
f 3072/3072/3072 2934/2934/2934 3073/3073/3073
f 3076/3076/3076 2940/2940/2940 3077/3077/3077
f 3077/3077/3077 2941/2941/2941 3078/3078/3078
f 3078/3078/3078 2942/2942/2942 3079/3079/3079
f 3081/3081/3081 2946/2946/2946 3082/3082/3082
f 3088/3088/3088 2957/2957/2957 3087/3087/3087
f 3089/3089/3089 2958/2958/2958 3088/3088/3088
f 3090/3090/3090 2959/2959/2959 3089/3089/3089
f 3092/3092/3092 2961/2961/2961 3091/3091/3091
f 3095/3095/3095 2964/2964/2964 3094/3094/3094
f 3098/3098/3098 2969/2969/2969 3097/3097/3097
f 3099/3099/3099 2970/2970/2970 3098/3098/3098
f 3100/3100/3100 2971/2971/2971 3099/3099/3099
f 3119/3119/3119 2985/2985/2985 3120/3120/3120
f 3120/3120/3120 2986/2986/2986 3121/3121/3121
f 3124/3124/3124 2989/2989/2989 3123/3123/3123
f 3125/3125/3125 2990/2990/2990 3124/3124/3124
f 3126/3126/3126 2991/2991/2991 3125/3125/3125
f 3127/3127/3127 2992/2992/2992 3126/3126/3126
f 3128/3128/3128 2993/2993/2993 3127/3127/3127
f 3133/3133/3133 2998/2998/2998 3132/3132/3132
f 3153/3153/3153 3019/3019/3019 3154/3154/3154
f 3167/3167/3167 3031/3031/3031 3168/3168/3168
f 3180/3180/3180 3040/3040/3040 3181/3181/3181
f 3193/3193/3193 3045/3045/3045 3194/3194/3194
f 3194/3194/3194 3046/3046/3046 3195/3195/3195
f 3211/3211/3211 3051/3051/3051 3212/3212/3212
f 3212/3212/3212 3052/3052/3052 3213/3213/3213
f 3219/3219/3219 3055/3055/3055 3220/3220/3220
f 3220/3220/3220 3056/3056/3056 3221/3221/3221
f 3221/3221/3221 3057/3057/3057 3222/3222/3222
f 3224/3224/3224 3060/3060/3060 3225/3225/3225
f 3227/3227/3227 3065/3065/3065 3228/3228/3228
f 3239/3239/3239 3088/3088/3088 3238/3238/3238
f 3240/3240/3240 3089/3089/3089 3239/3239/3239
f 3244/3244/3244 3093/3093/3093 3243/3243/3243
f 3247/3247/3247 3096/3096/3096 3246/3246/3246
f 3250/3250/3250 3102/3102/3102 3249/3249/3249
f 3251/3251/3251 3103/3103/3103 3250/3250/3250
f 3252/3252/3252 3104/3104/3104 3251/3251/3251
f 3253/3253/3253 3105/3105/3105 3252/3252/3252
f 3264/3264/3264 3111/3111/3111 3263/3263/3263
f 3271/3271/3271 3117/3117/3117 3272/3272/3272
f 3272/3272/3272 3118/3118/3118 3273/3273/3273
f 3273/3273/3273 3119/3119/3119 3274/3274/3274
f 3275/3275/3275 3121/3121/3121 3276/3276/3276
f 3281/3281/3281 3123/3123/3123 3280/3280/3280
f 3282/3282/3282 3124/3124/3124 3281/3281/3281
f 3284/3284/3284 3126/3126/3126 3283/3283/3283
f 3285/3285/3285 3127/3127/3127 3284/3284/3284
f 3314/3314/3314 3150/3150/3150 3315/3315/3315
f 3328/3328/3328 3163/3163/3163 3329/3329/3329
f 3337/3337/3337 3169/3169/3169 3338/3338/3338
f 3364/3364/3364 3182/3182/3182 3365/3365/3365
f 3365/3365/3365 3183/3183/3183 3366/3366/3366
f 3374/3374/3374 3186/3186/3186 3375/3375/3375
f 3375/3375/3375 3187/3187/3187 3376/3376/3376
f 3380/3380/3380 3196/3196/3196 3381/3381/3381
f 3381/3381/3381 3197/3197/3197 3382/3382/3382
f 3384/3384/3384 3200/3200/3200 3385/3385/3385
f 3388/3388/3388 3206/3206/3206 3389/3389/3389
f 3391/3391/3391 3233/3233/3233 3390/3390/3390
f 3395/3395/3395 3237/3237/3237 3394/3394/3394
f 3397/3397/3397 3239/3239/3239 3396/3396/3396
f 3400/3400/3400 3242/3242/3242 3399/3399/3399
f 3403/3403/3403 3245/3245/3245 3402/3402/3402
f 3406/3406/3406 3248/3248/3248 3405/3405/3405
f 3409/3409/3409 3254/3254/3254 3408/3408/3408
f 3413/3413/3413 3259/3259/3259 3412/3412/3412
f 3418/3418/3418 3262/3262/3262 3417/3417/3417
f 3444/3444/3444 3274/3274/3274 3445/3445/3445
f 3445/3445/3445 3275/3275/3275 3446/3446/3446
f 3448/3448/3448 3278/3278/3278 3449/3449/3449
f 3454/3454/3454 3283/3283/3283 3453/3453/3453
f 3455/3455/3455 3284/3284/3284 3454/3454/3454
f 3483/3483/3483 3313/3313/3313 3484/3484/3484
f 3491/3491/3491 3317/3317/3317 3492/3492/3492
f 3493/3493/3493 3319/3319/3319 3494/3494/3494
f 3502/3502/3502 3324/3324/3324 3503/3503/3503
f 3512/3512/3512 3331/3331/3331 3513/3513/3513
f 3513/3513/3513 3332/3332/3332 3514/3514/3514
f 3525/3525/3525 3341/3341/3341 3526/3526/3526
f 3536/3536/3536 3354/3354/3354 3537/3537/3537
f 3544/3544/3544 3369/3369/3369 3545/3545/3545
f 3552/3552/3552 3392/3392/3392 3551/3551/3551
f 3553/3553/3553 3393/3393/3393 3552/3552/3552
f 3556/3556/3556 3396/3396/3396 3555/3555/3555
f 3557/3557/3557 3397/3397/3397 3556/3556/3556
f 3558/3558/3558 3398/3398/3398 3557/3557/3557
f 3569/3569/3569 3401/3401/3401 3568/3568/3568
f 3573/3573/3573 3404/3404/3404 3572/3572/3572
f 3584/3584/3584 3414/3414/3414 3583/3583/3583
f 3595/3595/3595 3423/3423/3423 3594/3594/3594
f 3596/3596/3596 3424/3424/3424 3595/3595/3595
f 3599/3599/3599 3427/3427/3427 3598/3598/3598
f 3604/3604/3604 3434/3434/3434 3605/3605/3605
f 3607/3607/3607 3437/3437/3437 3608/3608/3608
f 3626/3626/3626 3450/3450/3450 3625/3625/3625
f 3628/3628/3628 3452/3452/3452 3627/3627/3627
f 3629/3629/3629 3453/3453/3453 3628/3628/3628
f 3634/3634/3634 3458/3458/3458 3633/3633/3633
f 3668/3668/3668 3487/3487/3487 3669/3669/3669
f 3689/3689/3689 3506/3506/3506 3690/3690/3690
f 3690/3690/3690 3507/3507/3507 3691/3691/3691
f 3706/3706/3706 3519/3519/3519 3707/3707/3707
f 3707/3707/3707 3520/3520/3520 3708/3708/3708
f 3708/3708/3708 3521/3521/3521 3709/3709/3709
f 3712/3712/3712 3528/3528/3528 3713/3713/3713
f 3719/3719/3719 3539/3539/3539 3720/3720/3720
f 3729/3729/3729 3563/3563/3563 3728/3728/3728
f 3732/3732/3732 3566/3566/3566 3731/3731/3731
f 3742/3742/3742 3570/3570/3570 3741/3741/3741
f 3753/3753/3753 3574/3574/3574 3752/3752/3752
f 3769/3769/3769 3581/3581/3581 3770/3770/3770
f 3776/3776/3776 3582/3582/3582 3775/3775/3775
f 3781/3781/3781 3591/3591/3591 3782/3782/3782
f 3782/3782/3782 3592/3592/3592 3783/3783/3783
f 3788/3788/3788 3609/3609/3609 3789/3789/3789
f 3793/3793/3793 3610/3610/3610 3792/3792/3792
f 3799/3799/3799 3620/3620/3620 3798/3798/3798
f 3801/3801/3801 3622/3622/3622 3800/3800/3800
f 3802/3802/3802 3623/3623/3623 3801/3801/3801
f 3803/3803/3803 3624/3624/3624 3802/3802/3802
f 3806/3806/3806 3627/3627/3627 3805/3805/3805
f 3807/3807/3807 3628/3628/3628 3806/3806/3806
f 3812/3812/3812 3633/3633/3633 3811/3811/3811
f 3856/3856/3856 3649/3649/3649 3857/3857/3857
f 3859/3859/3859 3651/3651/3651 3860/3860/3860
f 3868/3868/3868 3656/3656/3656 3869/3869/3869
f 3886/3886/3886 3667/3667/3667 3887/3887/3887
f 3906/3906/3906 3681/3681/3681 3907/3907/3907
f 3907/3907/3907 3682/3682/3682 3908/3908/3908
f 3908/3908/3908 3683/3683/3683 3909/3909/3909
f 3923/3923/3923 3698/3698/3698 3924/3924/3924
f 3927/3927/3927 3703/3703/3703 3928/3928/3928
f 3933/3933/3933 3714/3714/3714 3934/3934/3934
f 3934/3934/3934 3715/3715/3715 3935/3935/3935
f 3935/3935/3935 3716/3716/3716 3936/3936/3936
f 3941/3941/3941 3740/3740/3740 3940/3940/3940
f 3942/3942/3942 3749/3749/3749 3943/3943/3943
f 3949/3949/3949 3791/3791/3791 3948/3948/3948
f 3956/3956/3956 3806/3806/3806 3955/3955/3955
f 3957/3957/3957 3807/3807/3807 3956/3956/3956
f 3961/3961/3961 3811/3811/3811 3960/3960/3960
f 3977/3977/3977 3835/3835/3835 3976/3976/3976
f 3981/3981/3981 3846/3846/3846 3982/3982/3982
f 3983/3983/3983 3848/3848/3848 3984/3984/3984
f 3991/3991/3991 3861/3861/3861 3992/3992/3992
f 3995/3995/3995 3862/3862/3862 3994/3994/3994
f 4003/4003/4003 3877/3877/3877 4004/4004/4004
f 4010/4010/4010 3881/3881/3881 4009/4009/4009
f 4013/4013/4013 3887/3887/3887 4014/4014/4014
f 4020/4020/4020 3896/3896/3896 4021/4021/4021
f 4028/4028/4028 3909/3909/3909 4029/4029/4029
f 4029/4029/4029 3910/3910/3910 4030/4030/4030
f 4032/4032/4032 3913/3913/3913 4033/4033/4033
f 4033/4033/4033 3914/3914/3914 4034/4034/4034
f 4036/4036/4036 3918/3918/3918 4037/4037/4037
f 4040/4040/4040 3955/3955/3955 4039/4039/4039
f 4041/4041/4041 3956/3956/3956 4040/4040/4040
f 4042/4042/4042 3957/3957/3957 4041/4041/4041
f 4048/4048/4048 3967/3967/3967 4047/4047/4047
f 4050/4050/4050 3969/3969/3969 4049/4049/4049
f 4059/4059/4059 4012/4012/4012 4060/4060/4060
f 4061/4061/4061 4014/4014/4014 4062/4062/4062
f 4063/4063/4063 4022/4022/4022 4064/4064/4064
f 4067/4067/4067 4030/4030/4030 4068/4068/4068
f 4070/4070/4070 4033/4033/4033 4071/4071/4071
f 4071/4071/4071 4034/4034/4034 4072/4072/4072
f 4072/4072/4072 4035/4035/4035 4073/4073/4073
f 4077/4077/4077 4040/4040/4040 4076/4076/4076
f 4078/4078/4078 4041/4041/4041 4077/4077/4077
f 4081/4081/4081 4044/4044/4044 4080/4080/4080
f 4082/4082/4082 4045/4045/4045 4081/4081/4081
f 4084/4084/4084 4047/4047/4047 4083/4083/4083
f 4097/4097/4097 4062/4062/4062 4098/4098/4098
f 4099/4099/4099 4064/4064/4064 4100/4100/4100
f 4101/4101/4101 4066/4066/4066 4102/4102/4102
f 4103/4103/4103 4068/4068/4068 4104/4104/4104
f 4106/4106/4106 4071/4071/4071 4107/4107/4107
f 4107/4107/4107 4072/4072/4072 4108/4108/4108
f 4108/4108/4108 4073/4073/4073 4109/4109/4109
f 48/48/48 9/9/9 45/45/45
f 46/46/46 14/14/14 50/50/50
f 50/50/50 16/16/16 52/52/52
f 56/56/56 22/22/22 58/58/58
f 61/61/61 21/21/21 57/57/57
f 59/59/59 26/26/26 62/62/62
f 65/65/65 24/24/24 60/60/60
f 84/84/84 45/45/45 81/81/81
f 82/82/82 50/50/50 87/87/87
f 88/88/88 49/49/49 85/85/85
f 94/94/94 53/53/53 91/91/91
f 93/93/93 56/56/56 96/96/96
f 101/101/101 57/57/57 97/97/97
f 99/99/99 62/62/62 103/103/103
f 106/106/106 60/60/60 100/100/100
f 129/129/129 81/81/81 123/123/123
f 135/135/135 85/85/85 130/130/130
f 138/138/138 92/92/92 142/142/142
f 143/143/143 91/91/91 139/139/139
f 142/142/142 95/95/95 148/148/148
f 149/149/149 98/98/98 157/157/157
f 159/159/159 97/97/97 151/151/151
f 157/157/157 102/102/102 165/165/165
f 170/170/170 100/100/100 158/158/158
f 167/167/167 107/107/107 178/178/178
f 184/184/184 105/105/105 169/169/169
f 224/224/224 124/124/124 216/216/216
f 238/238/238 140/140/140 247/247/247
f 248/248/248 139/139/139 239/239/239
f 258/258/258 143/143/143 248/248/248
f 265/265/265 150/150/150 257/257/257
f 264/264/264 160/160/160 271/271/271
f 274/274/274 158/158/158 265/265/265
f 271/271/271 171/171/171 280/280/280
f 287/287/287 168/168/168 272/272/272
f 281/281/281 185/185/185 292/292/292
f 284/284/284 191/191/191 299/299/299
f 329/329/329 196/196/196 325/325/325
f 335/335/335 198/198/198 328/328/328
f 356/356/356 225/225/225 364/364/364
f 373/373/373 230/230/230 365/365/365
f 377/377/377 239/239/239 373/373/373
f 380/380/380 259/259/259 384/384/384
f 384/384/384 266/266/266 388/388/388
f 388/388/388 275/275/275 393/393/393
f 395/395/395 288/288/288 402/402/402
f 404/404/404 302/302/302 411/411/411
f 414/414/414 313/313/313 427/427/427
f 460/460/460 317/317/317 454/454/454
f 505/505/505 357/357/357 502/502/502
f 510/510/510 378/378/378 513/513/513
f 515/515/515 377/377/377 511/511/511
f 514/514/514 383/383/383 517/517/517
f 521/521/521 392/392/392 526/526/526
f 527/527/527 400/400/400 532/532/532
f 533/533/533 408/408/408 539/539/539
f 540/540/540 422/422/422 546/546/546
f 550/550/550 435/435/435 560/560/560
f 561/561/561 442/442/442 574/574/574
f 564/564/564 444/444/444 577/577/577
f 606/606/606 447/447/447 601/601/601
f 613/613/613 450/450/450 606/606/606
f 634/634/634 465/465/465 626/626/626
f 641/641/641 474/474/474 635/635/635
f 663/663/663 505/505/505 659/659/659
f 666/666/666 512/512/512 669/669/669
f 670/670/670 516/516/516 674/674/674
f 675/675/675 515/515/515 671/671/671
f 674/674/674 520/520/520 677/677/677
f 677/677/677 525/525/525 681/681/681
f 682/682/682 531/531/531 687/687/687
f 692/692/692 543/543/543 697/697/697
f 698/698/698 554/554/554 702/702/702
f 704/704/704 569/569/569 710/710/710
f 713/713/713 581/581/581 719/719/719
f 720/720/720 590/590/590 727/727/727
f 752/752/752 598/598/598 745/745/745
f 770/770/770 614/614/614 766/766/766
f 775/775/775 621/621/621 770/770/770
f 787/787/787 636/636/636 782/782/782
f 800/800/800 652/652/652 797/797/797
f 805/805/805 656/656/656 801/801/801
f 809/809/809 660/660/660 806/806/806
f 807/807/807 665/665/665 810/810/810
f 811/811/811 669/669/669 814/814/814
f 814/814/814 673/673/673 817/817/817
f 817/817/817 676/676/676 820/820/820
f 825/825/825 675/675/675 819/819/819
f 821/821/821 681/681/681 827/827/827
f 827/827/827 686/686/686 831/831/831
f 833/833/833 684/684/684 828/828/828
f 831/831/831 691/691/691 835/835/835
f 835/835/835 696/696/696 840/840/840
f 841/841/841 701/701/701 847/847/847
f 848/848/848 708/708/708 854/854/854
f 855/855/855 715/715/715 859/859/859
f 860/860/860 723/723/723 864/864/864
f 866/866/866 735/735/735 872/872/872
f 904/904/904 746/746/746 896/896/896
f 921/921/921 766/766/766 914/914/914
f 928/928/928 771/771/771 922/922/922
f 951/951/951 797/797/797 947/947/947
f 956/956/956 802/802/802 953/953/953
f 959/959/959 806/806/806 956/956/956
f 958/958/958 810/810/810 961/961/961
f 961/961/961 813/813/813 964/964/964
f 968/968/968 812/812/812 963/963/963
f 965/965/965 817/817/817 970/970/970
f 973/973/973 815/815/815 967/967/967
f 970/970/970 820/820/820 975/975/975
f 978/978/978 818/818/818 972/972/972
f 975/975/975 826/826/826 979/979/979
f 980/980/980 822/822/822 976/976/976
f 979/979/979 830/830/830 983/983/983
f 984/984/984 828/828/828 980/980/980
f 987/987/987 839/839/839 991/991/991
f 991/991/991 845/845/845 995/995/995
f 997/997/997 853/853/853 1003/1003/1003
f 1004/1004/1004 858/858/858 1008/1008/1008
f 1009/1009/1009 863/863/863 1014/1014/1014
f 1015/1015/1015 870/870/870 1019/1019/1019
f 1021/1021/1021 882/882/882 1030/1030/1030
f 1024/1024/1024 887/887/887 1036/1036/1036
f 1059/1059/1059 896/896/896 1054/1054/1054
f 1063/1063/1063 904/904/904 1059/1059/1059
f 1081/1081/1081 928/928/928 1077/1077/1077
f 1097/1097/1097 948/948/948 1095/1095/1095
f 1096/1096/1096 954/954/954 1099/1099/1099
f 1102/1102/1102 960/960/960 1106/1106/1106
f 1110/1110/1110 959/959/959 1105/1105/1105
f 1107/1107/1107 964/964/964 1112/1112/1112
f 1114/1114/1114 962/962/962 1109/1109/1109
f 1112/1112/1112 969/969/969 1115/1115/1115
f 1117/1117/1117 966/966/966 1113/1113/1113
f 1115/1115/1115 974/974/974 1118/1118/1118
f 1120/1120/1120 971/971/971 1116/1116/1116
f 1119/1119/1119 979/979/979 1123/1123/1123
f 1130/1130/1130 990/990/990 1132/1132/1132
f 1133/1133/1133 995/995/995 1137/1137/1137
f 1138/1138/1138 1002/1002/1002 1144/1144/1144
f 1145/1145/1145 1007/1007/1007 1150/1150/1150
f 1151/1151/1151 1013/1013/1013 1156/1156/1156
f 1157/1157/1157 1018/1018/1018 1162/1162/1162
f 1168/1168/1168 1040/1040/1040 1177/1177/1177
f 1170/1170/1170 1045/1045/1045 1182/1182/1182
f 1214/1214/1214 1063/1063/1063 1210/1210/1210
f 1218/1218/1218 1068/1068/1068 1214/1214/1214
f 1222/1222/1222 1073/1073/1073 1218/1218/1218
f 1225/1225/1225 1076/1076/1076 1221/1221/1221
f 1242/1242/1242 1095/1095/1095 1239/1239/1239
f 1241/1241/1241 1099/1099/1099 1244/1244/1244
f 1244/1244/1244 1102/1102/1102 1247/1247/1247
f 1247/1247/1247 1106/1106/1106 1251/1251/1251
f 1252/1252/1252 1103/1103/1103 1248/1248/1248
f 1251/1251/1251 1111/1111/1111 1253/1253/1253
f 1255/1255/1255 1108/1108/1108 1252/1252/1252
f 1254/1254/1254 1115/1115/1115 1257/1257/1257
f 1258/1258/1258 1113/1113/1113 1255/1255/1255
f 1266/1266/1266 1130/1130/1130 1270/1270/1270
f 1273/1273/1273 1136/1136/1136 1276/1276/1276
f 1277/1277/1277 1143/1143/1143 1280/1280/1280
f 1281/1281/1281 1149/1149/1149 1286/1286/1286
f 1287/1287/1287 1155/1155/1155 1292/1292/1292
f 1293/1293/1293 1161/1161/1161 1299/1299/1299
f 1300/1300/1300 1164/1164/1164 1304/1304/1304
f 1308/1308/1308 1163/1163/1163 1301/1301/1301
f 1305/1305/1305 1174/1174/1174 1309/1309/1309
f 1330/1330/1330 1189/1189/1189 1324/1324/1324
f 1351/1351/1351 1214/1214/1214 1347/1347/1347
f 1355/1355/1355 1217/1217/1217 1350/1350/1350
f 1359/1359/1359 1221/1221/1221 1355/1355/1355
f 1362/1362/1362 1225/1225/1225 1359/1359/1359
f 1375/1375/1375 1239/1239/1239 1373/1373/1373
f 1374/1374/1374 1243/1243/1243 1377/1377/1377
f 1378/1378/1378 1242/1242/1242 1375/1375/1375
f 1380/1380/1380 1250/1250/1250 1383/1383/1383
f 1384/1384/1384 1253/1253/1253 1388/1388/1388
f 1389/1389/1389 1252/1252/1252 1385/1385/1385
f 1388/1388/1388 1256/1256/1256 1392/1392/1392
f 1392/1392/1392 1259/1259/1259 1396/1396/1396
f 1396/1396/1396 1262/1262/1262 1400/1400/1400
f 1403/1403/1403 1264/1264/1264 1401/1401/1401
f 1402/1402/1402 1269/1269/1269 1404/1404/1404
f 1406/1406/1406 1268/1268/1268 1403/1403/1403
f 1405/1405/1405 1273/1273/1273 1407/1407/1407
f 1414/1414/1414 1285/1285/1285 1417/1417/1417
f 1418/1418/1418 1291/1291/1291 1421/1421/1421
f 1422/1422/1422 1298/1298/1298 1427/1427/1427
f 1428/1428/1428 1303/1303/1303 1432/1432/1432
f 1434/1434/1434 1309/1309/1309 1440/1440/1440
f 1449/1449/1449 1306/1306/1306 1435/1435/1435
f 1452/1452/1452 1329/1329/1329 1464/1464/1464
f 1465/1465/1465 1324/1324/1324 1456/1456/1456
f 1470/1470/1470 1326/1326/1326 1459/1459/1459
f 1474/1474/1474 1331/1331/1331 1466/1466/1466
f 1485/1485/1485 1346/1346/1346 1482/1482/1482
f 1489/1489/1489 1350/1350/1350 1485/1485/1485
f 1515/1515/1515 1375/1375/1375 1511/1511/1511
f 1513/1513/1513 1379/1379/1379 1517/1517/1517
f 1519/1519/1519 1378/1378/1378 1515/1515/1515
f 1518/1518/1518 1383/1383/1383 1521/1521/1521
f 1524/1524/1524 1386/1386/1386 1522/1522/1522
f 1526/1526/1526 1390/1390/1390 1524/1524/1524
f 1532/1532/1532 1402/1402/1402 1535/1535/1535
f 1535/1535/1535 1404/1404/1404 1538/1538/1538
f 1544/1544/1544 1406/1406/1406 1540/1540/1540
f 1546/1546/1546 1414/1414/1414 1548/1548/1548
f 1548/1548/1548 1417/1417/1417 1551/1551/1551
f 1552/1552/1552 1421/1421/1421 1556/1556/1556
f 1557/1557/1557 1427/1427/1427 1562/1562/1562
f 1563/1563/1563 1432/1432/1432 1568/1568/1568
f 1569/1569/1569 1439/1439/1439 1575/1575/1575
f 1581/1581/1581 1450/1450/1450 1588/1588/1588
f 1605/1605/1605 1457/1457/1457 1597/1597/1597
f 1598/1598/1598 1469/1469/1469 1608/1608/1608
f 1609/1609/1609 1467/1467/1467 1606/1606/1606
f 1621/1621/1621 1482/1482/1482 1617/1617/1617
f 1620/1620/1620 1488/1488/1488 1625/1625/1625
f 1626/1626/1626 1486/1486/1486 1622/1622/1622
f 1629/1629/1629 1490/1490/1490 1626/1626/1626
f 1632/1632/1632 1494/1494/1494 1629/1629/1629
f 1648/1648/1648 1512/1512/1512 1645/1645/1645
f 1646/1646/1646 1517/1517/1517 1649/1649/1649
f 1650/1650/1650 1515/1515/1515 1647/1647/1647
f 1649/1649/1649 1520/1520/1520 1651/1651/1651
f 1653/1653/1653 1519/1519/1519 1650/1650/1650
f 1652/1652/1652 1523/1523/1523 1654/1654/1654
f 1657/1657/1657 1527/1527/1527 1660/1660/1660
f 1662/1662/1662 1526/1526/1526 1659/1659/1659
f 1664/1664/1664 1535/1535/1535 1667/1667/1667
f 1671/1671/1671 1541/1541/1541 1674/1674/1674
f 1674/1674/1674 1545/1545/1545 1678/1678/1678
f 1679/1679/1679 1548/1548/1548 1683/1683/1683
f 1685/1685/1685 1547/1547/1547 1680/1680/1680
f 1687/1687/1687 1555/1555/1555 1690/1690/1690
f 1694/1694/1694 1553/1553/1553 1688/1688/1688
f 1691/1691/1691 1561/1561/1561 1696/1696/1696
f 1697/1697/1697 1567/1567/1567 1702/1702/1702
f 1707/1707/1707 1564/1564/1564 1698/1698/1698
f 1703/1703/1703 1574/1574/1574 1708/1708/1708
f 1713/1713/1713 1586/1586/1586 1723/1723/1723
f 1747/1747/1747 1597/1597/1597 1741/1741/1741
f 1749/1749/1749 1611/1611/1611 1755/1755/1755
f 1760/1760/1760 1612/1612/1612 1756/1756/1756
f 1764/1764/1764 1618/1618/1618 1761/1761/1761
f 1769/1769/1769 1631/1631/1631 1772/1772/1772
f 1773/1773/1773 1629/1629/1629 1770/1770/1770
f 1785/1785/1785 1642/1642/1642 1783/1783/1783
f 1784/1784/1784 1646/1646/1646 1786/1786/1786
f 1788/1788/1788 1651/1651/1651 1790/1790/1790
f 1791/1791/1791 1654/1654/1654 1794/1794/1794
f 1801/1801/1801 1656/1656/1656 1796/1796/1796
f 1803/1803/1803 1663/1663/1663 1807/1807/1807
f 1808/1808/1808 1662/1662/1662 1805/1805/1805
f 1807/1807/1807 1666/1666/1666 1809/1809/1809
f 1812/1812/1812 1665/1665/1665 1808/1808/1808
f 1810/1810/1810 1670/1670/1670 1813/1813/1813
f 1813/1813/1813 1673/1673/1673 1815/1815/1815
f 1815/1815/1815 1677/1677/1677 1817/1817/1817
f 1818/1818/1818 1682/1682/1682 1821/1821/1821
f 1821/1821/1821 1686/1686/1686 1824/1824/1824
f 1826/1826/1826 1684/1684/1684 1822/1822/1822
f 1825/1825/1825 1690/1690/1690 1828/1828/1828
f 1828/1828/1828 1695/1695/1695 1832/1832/1832
f 1833/1833/1833 1701/1701/1701 1837/1837/1837
f 1839/1839/1839 1708/1708/1708 1843/1843/1843
f 1845/1845/1845 1720/1720/1720 1849/1849/1849
f 1875/1875/1875 1741/1741/1741 1870/1870/1870
f 1884/1884/1884 1751/1751/1751 1879/1879/1879
f 1880/1880/1880 1758/1758/1758 1885/1885/1885
f 1895/1895/1895 1772/1772/1772 1899/1899/1899
f 1898/1898/1898 1784/1784/1784 1912/1912/1912
f 1913/1913/1913 1783/1783/1783 1911/1911/1911
f 1912/1912/1912 1786/1786/1786 1914/1914/1914
f 1919/1919/1919 1789/1789/1789 1917/1917/1917
f 1918/1918/1918 1793/1793/1793 1920/1920/1920
f 1920/1920/1920 1798/1798/1798 1923/1923/1923
f 1924/1924/1924 1803/1803/1803 1928/1928/1928
f 1928/1928/1928 1807/1807/1807 1931/1931/1931
f 1931/1931/1931 1809/1809/1809 1934/1934/1934
f 1935/1935/1935 1813/1813/1813 1939/1939/1939
f 1939/1939/1939 1815/1815/1815 1942/1942/1942
f 1943/1943/1943 1814/1814/1814 1940/1940/1940
f 1945/1945/1945 1821/1821/1821 1948/1948/1948
f 1949/1949/1949 1819/1819/1819 1946/1946/1946
f 1951/1951/1951 1828/1828/1828 1954/1954/1954
f 1977/1977/1977 1840/1840/1840 1967/1967/1967
f 1971/1971/1971 1848/1848/1848 1978/1978/1978
f 2008/2008/2008 1874/1874/1874 2004/2004/2004
f 2012/2012/2012 1878/1878/1878 2008/2008/2008
f 2014/2014/2014 1889/1889/1889 2019/2019/2019
f 2025/2025/2025 1890/1890/1890 2021/2021/2021
f 2026/2026/2026 1899/1899/1899 2030/2030/2030
f 2029/2029/2029 1912/1912/1912 2044/2044/2044
f 2049/2049/2049 1913/1913/1913 2046/2046/2046
f 2055/2055/2055 1917/1917/1917 2052/2052/2052
f 2053/2053/2053 1920/1920/1920 2056/2056/2056
f 2058/2058/2058 1919/1919/1919 2055/2055/2055
f 2056/2056/2056 1923/1923/1923 2059/2059/2059
f 2059/2059/2059 1927/1927/1927 2062/2062/2062
f 2063/2063/2063 1931/1931/1931 2066/2066/2066
f 2071/2071/2071 1932/1932/1932 2067/2067/2067
f 2069/2069/2069 1938/1938/1938 2072/2072/2072
f 2076/2076/2076 1937/1937/1937 2071/2071/2071
f 2073/2073/2073 1942/1942/1942 2077/2077/2077
f 2079/2079/2079 1940/1940/1940 2075/2075/2075
f 2083/2083/2083 1943/1943/1943 2079/2079/2079
f 2081/2081/2081 1948/1948/1948 2084/2084/2084
f 2086/2086/2086 1946/1946/1946 2082/2082/2082
f 2090/2090/2090 1949/1949/1949 2086/2086/2086
f 2123/2123/2123 1967/1967/1967 2111/2111/2111
f 2126/2126/2126 1973/1973/1973 2116/2116/2116
f 2133/2133/2133 1976/1976/1976 2122/2122/2122
f 2153/2153/2153 2004/2004/2004 2148/2148/2148
f 2161/2161/2161 2012/2012/2012 2157/2157/2157
f 2165/2165/2165 2026/2026/2026 2168/2168/2168
f 2170/2170/2170 2024/2024/2024 2167/2167/2167
f 2174/2174/2174 2027/2027/2027 2170/2170/2170
f 2193/2193/2193 2048/2048/2048 2190/2190/2190
f 2192/2192/2192 2053/2053/2053 2195/2195/2195
f 2195/2195/2195 2056/2056/2056 2198/2198/2198
f 2199/2199/2199 2054/2054/2054 2196/2196/2196
f 2202/2202/2202 2058/2058/2058 2200/2200/2200
f 2201/2201/2201 2062/2062/2062 2203/2203/2203
f 2204/2204/2204 2066/2066/2066 2206/2206/2206
f 2207/2207/2207 2064/2064/2064 2205/2205/2205
f 2206/2206/2206 2069/2069/2069 2208/2208/2208
f 2214/2214/2214 2070/2070/2070 2209/2209/2209
f 2215/2215/2215 2080/2080/2080 2218/2218/2218
f 2220/2220/2220 2078/2078/2078 2216/2216/2216
f 2227/2227/2227 2086/2086/2086 2224/2224/2224
f 2225/2225/2225 2091/2091/2091 2228/2228/2228
f 2233/2233/2233 2089/2089/2089 2226/2226/2226
f 2238/2238/2238 2093/2093/2093 2230/2230/2230
f 2243/2243/2243 2096/2096/2096 2233/2233/2233
f 2247/2247/2247 2099/2099/2099 2237/2237/2237
f 2239/2239/2239 2110/2110/2110 2248/2248/2248
f 2251/2251/2251 2102/2102/2102 2240/2240/2240
f 2255/2255/2255 2108/2108/2108 2247/2247/2247
f 2262/2262/2262 2111/2111/2111 2250/2250/2250
f 2254/2254/2254 2124/2124/2124 2263/2263/2263
f 2256/2256/2256 2127/2127/2127 2266/2266/2266
f 2269/2269/2269 2119/2119/2119 2258/2258/2258
f 2271/2271/2271 2121/2121/2121 2260/2260/2260
f 2301/2301/2301 2147/2147/2147 2293/2293/2293
f 2307/2307/2307 2152/2152/2152 2301/2301/2301
f 2312/2312/2312 2156/2156/2156 2307/2307/2307
f 2311/2311/2311 2162/2162/2162 2316/2316/2316
f 2316/2316/2316 2165/2165/2165 2321/2321/2321
f 2321/2321/2321 2168/2168/2168 2325/2325/2325
f 2327/2327/2327 2167/2167/2167 2323/2323/2323
f 2330/2330/2330 2169/2169/2169 2326/2326/2326
f 2344/2344/2344 2185/2185/2185 2342/2342/2342
f 2343/2343/2343 2189/2189/2189 2345/2345/2345
f 2346/2346/2346 2187/2187/2187 2344/2344/2344
f 2348/2348/2348 2190/2190/2190 2346/2346/2346
f 2350/2350/2350 2193/2193/2193 2348/2348/2348
f 2349/2349/2349 2198/2198/2198 2352/2352/2352
f 2352/2352/2352 2201/2201/2201 2355/2355/2355
f 2362/2362/2362 2202/2202/2202 2358/2358/2358
f 2363/2363/2363 2208/2208/2208 2366/2366/2366
f 2369/2369/2369 2207/2207/2207 2365/2365/2365
f 2372/2372/2372 2209/2209/2209 2368/2368/2368
f 2384/2384/2384 2220/2220/2220 2380/2380/2380
f 2382/2382/2382 2225/2225/2225 2385/2385/2385
f 2386/2386/2386 2223/2223/2223 2383/2383/2383
f 2392/2392/2392 2226/2226/2226 2386/2386/2386
f 2390/2390/2390 2239/2239/2239 2399/2399/2399
f 2402/2402/2402 2232/2232/2232 2391/2391/2391
f 2412/2412/2412 2240/2240/2240 2400/2400/2400
f 2423/2423/2423 2249/2249/2249 2410/2410/2410
f 2426/2426/2426 2255/2255/2255 2415/2415/2415
f 2430/2430/2430 2257/2257/2257 2419/2419/2419
f 2460/2460/2460 2293/2293/2293 2459/2459/2459
f 2463/2463/2463 2312/2312/2312 2462/2462/2462
f 2467/2467/2467 2317/2317/2317 2463/2463/2463
f 2466/2466/2466 2324/2324/2324 2470/2470/2470
f 2473/2473/2473 2326/2326/2326 2471/2471/2471
f 2488/2488/2488 2342/2342/2342 2485/2485/2485
f 2491/2491/2491 2344/2344/2344 2488/2488/2488
f 2489/2489/2489 2347/2347/2347 2492/2492/2492
f 2492/2492/2492 2349/2349/2349 2495/2495/2495
f 2497/2497/2497 2348/2348/2348 2494/2494/2494
f 2504/2504/2504 2353/2353/2353 2500/2500/2500
f 2506/2506/2506 2363/2363/2363 2509/2509/2509
f 2515/2515/2515 2365/2365/2365 2511/2511/2511
f 2517/2517/2517 2368/2368/2368 2514/2514/2514
f 2522/2522/2522 2381/2381/2381 2525/2525/2525
f 2527/2527/2527 2379/2379/2379 2523/2523/2523
f 2526/2526/2526 2385/2385/2385 2529/2529/2529
f 2529/2529/2529 2387/2387/2387 2531/2531/2531
f 2534/2534/2534 2386/2386/2386 2530/2530/2530
f 2532/2532/2532 2393/2393/2393 2535/2535/2535
f 2541/2541/2541 2391/2391/2391 2533/2533/2533
f 2561/2561/2561 2409/2409/2409 2547/2547/2547
f 2566/2566/2566 2416/2416/2416 2555/2555/2555
f 2579/2579/2579 2434/2434/2434 2570/2570/2570
f 2586/2586/2586 2451/2451/2451 2585/2585/2585
f 2590/2590/2590 2461/2461/2461 2588/2588/2588
f 2592/2592/2592 2462/2462/2462 2590/2590/2590
f 2598/2598/2598 2472/2472/2472 2603/2603/2603
f 2605/2605/2605 2471/2471/2471 2599/2599/2599
f 2621/2621/2621 2493/2493/2493 2623/2623/2623
f 2624/2624/2624 2491/2491/2491 2622/2622/2622
f 2623/2623/2623 2496/2496/2496 2625/2625/2625
f 2626/2626/2626 2494/2494/2494 2624/2624/2624
f 2628/2628/2628 2497/2497/2497 2626/2626/2626
f 2631/2631/2631 2501/2501/2501 2629/2629/2629
f 2630/2630/2630 2506/2506/2506 2632/2632/2632
f 2635/2635/2635 2505/2505/2505 2631/2631/2631
f 2639/2639/2639 2508/2508/2508 2635/2635/2635
f 2643/2643/2643 2511/2511/2511 2639/2639/2639
f 2646/2646/2646 2514/2514/2514 2642/2642/2642
f 2644/2644/2644 2518/2518/2518 2647/2647/2647
f 2650/2650/2650 2517/2517/2517 2646/2646/2646
f 2648/2648/2648 2522/2522/2522 2651/2651/2651
f 2653/2653/2653 2520/2520/2520 2649/2649/2649
f 2657/2657/2657 2524/2524/2524 2653/2653/2653
f 2658/2658/2658 2531/2531/2531 2661/2661/2661
f 2665/2665/2665 2530/2530/2530 2660/2660/2660
f 2672/2672/2672 2533/2533/2533 2664/2664/2664
f 2669/2669/2669 2542/2542/2542 2673/2673/2673
f 2687/2687/2687 2540/2540/2540 2671/2671/2671
f 2694/2694/2694 2544/2544/2544 2680/2680/2680
f 2697/2697/2697 2548/2548/2548 2684/2684/2684
f 2698/2698/2698 2578/2578/2578 2709/2709/2709
f 2710/2710/2710 2570/2570/2570 2701/2701/2701
f 2745/2745/2745 2621/2621/2621 2747/2747/2747
f 2752/2752/2752 2627/2627/2627 2755/2755/2755
f 2755/2755/2755 2630/2630/2630 2758/2758/2758
f 2765/2765/2765 2631/2631/2631 2761/2761/2761
f 2767/2767/2767 2634/2634/2634 2764/2764/2764
f 2768/2768/2768 2644/2644/2644 2771/2771/2771
f 2774/2774/2774 2642/2642/2642 2770/2770/2770
f 2778/2778/2778 2645/2645/2645 2773/2773/2773
f 2776/2776/2776 2651/2651/2651 2779/2779/2779
f 2782/2782/2782 2649/2649/2649 2778/2778/2778
f 2785/2785/2785 2652/2652/2652 2781/2781/2781
f 2790/2790/2790 2656/2656/2656 2785/2785/2785
f 2796/2796/2796 2659/2659/2659 2789/2789/2789
f 2819/2819/2819 2670/2670/2670 2803/2803/2803
f 2821/2821/2821 2676/2676/2676 2809/2809/2809
f 2823/2823/2823 2683/2683/2683 2816/2816/2816
f 2846/2846/2846 2717/2717/2717 2845/2845/2845
f 2847/2847/2847 2718/2718/2718 2846/2846/2846
f 2854/2854/2854 2725/2725/2725 2852/2852/2852
f 2859/2859/2859 2726/2726/2726 2853/2853/2853
f 2858/2858/2858 2745/2745/2745 2872/2872/2872
f 2875/2875/2875 2749/2749/2749 2878/2878/2878
f 2881/2881/2881 2748/2748/2748 2877/2877/2877
f 2878/2878/2878 2752/2752/2752 2882/2882/2882
f 2888/2888/2888 2754/2754/2754 2885/2885/2885
f 2893/2893/2893 2760/2760/2760 2891/2891/2891
f 2892/2892/2892 2766/2766/2766 2894/2894/2894
f 2895/2895/2895 2764/2764/2764 2893/2893/2893
f 2894/2894/2894 2768/2768/2768 2896/2896/2896
f 2899/2899/2899 2767/2767/2767 2895/2895/2895
f 2903/2903/2903 2769/2769/2769 2898/2898/2898
f 2906/2906/2906 2773/2773/2773 2903/2903/2903
f 2904/2904/2904 2779/2779/2779 2907/2907/2907
f 2910/2910/2910 2777/2777/2777 2905/2905/2905
f 2913/2913/2913 2781/2781/2781 2910/2910/2910
f 2918/2918/2918 2785/2785/2785 2913/2913/2913
f 2925/2925/2925 2789/2789/2789 2917/2917/2917
f 2938/2938/2938 2795/2795/2795 2924/2924/2924
f 2949/2949/2949 2801/2801/2801 2935/2935/2935
f 2950/2950/2950 2835/2835/2835 2960/2960/2960
f 2975/2975/2975 2846/2846/2846 2974/2974/2974
f 2976/2976/2976 2847/2847/2847 2975/2975/2975
f 2977/2977/2977 2848/2848/2848 2976/2976/2976
f 2979/2979/2979 2851/2851/2851 2978/2978/2978
f 2987/2987/2987 2853/2853/2853 2979/2979/2979
f 3003/3003/3003 2871/2871/2871 2999/2999/2999
f 3005/3005/3005 2874/2874/2874 3003/3003/3003
f 3004/3004/3004 2879/2879/2879 3006/3006/3006
f 3006/3006/3006 2883/2883/2883 3009/3009/3009
f 3013/3013/3013 2885/2885/2885 3011/3011/3011
f 3015/3015/3015 2888/2888/2888 3013/3013/3013
f 3014/3014/3014 2892/2892/2892 3016/3016/3016
f 3017/3017/3017 2891/2891/2891 3015/3015/3015
f 3016/3016/3016 2894/2894/2894 3018/3018/3018
f 3026/3026/3026 2895/2895/2895 3021/3021/3021
f 3029/3029/3029 2898/2898/2898 3025/3025/3025
f 3027/3027/3027 2904/2904/2904 3030/3030/3030
f 3033/3033/3033 2902/2902/2902 3028/3028/3028
f 3038/3038/3038 2905/2905/2905 3033/3033/3033
f 3042/3042/3042 2909/2909/2909 3037/3037/3037
f 3048/3048/3048 2912/2912/2912 3042/3042/3042
f 3062/3062/3062 2917/2917/2917 3048/3048/3048
f 3075/3075/3075 2922/2922/2922 3059/3059/3059
f 3080/3080/3080 2929/2929/2929 3068/3068/3068
f 3082/3082/3082 2932/2932/2932 3071/3071/3071
f 3110/3110/3110 2975/2975/2975 3108/3108/3108
f 3113/3113/3113 2977/2977/2977 3112/3112/3112
f 3114/3114/3114 2978/2978/2978 3113/3113/3113
f 3122/3122/3122 2980/2980/2980 3115/3115/3115
f 3121/3121/3121 3002/3002/3002 3135/3135/3135
f 3136/3136/3136 2999/2999/2999 3133/3133/3133
f 3134/3134/3134 3004/3004/3004 3137/3137/3137
f 3137/3137/3137 3006/3006/3006 3140/3140/3140
f 3144/3144/3144 3008/3008/3008 3142/3142/3142
f 3145/3145/3145 3014/3014/3014 3147/3147/3147
f 3147/3147/3147 3016/3016/3016 3149/3149/3149
f 3157/3157/3157 3017/3017/3017 3152/3152/3152
f 3161/3161/3161 3020/3020/3020 3156/3156/3156
f 3158/3158/3158 3027/3027/3027 3162/3162/3162
f 3166/3166/3166 3024/3024/3024 3160/3160/3160
f 3173/3173/3173 3028/3028/3028 3166/3166/3166
f 3179/3179/3179 3032/3032/3032 3172/3172/3172
f 3192/3192/3192 3036/3036/3036 3178/3178/3178
f 3226/3226/3226 3047/3047/3047 3210/3210/3210
f 3232/3232/3232 3053/3053/3053 3218/3218/3218
f 3261/3261/3261 3107/3107/3107 3257/3257/3257
f 3268/3268/3268 3113/3113/3113 3266/3266/3266
f 3279/3279/3279 3115/3115/3115 3269/3269/3269
f 3291/3291/3291 3138/3138/3138 3295/3295/3295
f 3295/3295/3295 3141/3141/3141 3299/3299/3299
f 3298/3298/3298 3143/3143/3143 3302/3302/3302
f 3302/3302/3302 3145/3145/3145 3306/3306/3306
f 3308/3308/3308 3144/3144/3144 3304/3304/3304
f 3306/3306/3306 3147/3147/3147 3310/3310/3310
f 3317/3317/3317 3148/3148/3148 3312/3312/3312
f 3321/3321/3321 3151/3151/3151 3316/3316/3316
f 3327/3327/3327 3155/3155/3155 3320/3320/3320
f 3336/3336/3336 3159/3159/3159 3326/3326/3326
f 3349/3349/3349 3164/3164/3164 3335/3335/3335
f 3363/3363/3363 3170/3170/3170 3348/3348/3348
f 3379/3379/3379 3176/3176/3176 3362/3362/3362
f 3387/3387/3387 3184/3184/3184 3373/3373/3373
f 3389/3389/3389 3188/3188/3188 3377/3377/3377
f 3440/3440/3440 3267/3267/3267 3428/3428/3428
f 3450/3450/3450 3270/3270/3270 3441/3441/3441
f 3449/3449/3449 3293/3293/3293 3462/3462/3462
f 3461/3461/3461 3296/3296/3296 3464/3464/3464
f 3464/3464/3464 3300/3300/3300 3469/3469/3469
f 3470/3470/3470 3297/3297/3297 3466/3466/3466
f 3468/3468/3468 3303/3303/3303 3472/3472/3472
f 3474/3474/3474 3301/3301/3301 3470/3470/3470
f 3472/3472/3472 3307/3307/3307 3476/3476/3476
f 3478/3478/3478 3305/3305/3305 3475/3475/3475
f 3511/3511/3511 3320/3320/3320 3499/3499/3499
f 3524/3524/3524 3325/3325/3325 3509/3509/3509
f 3535/3535/3535 3333/3333/3333 3522/3522/3522
f 3543/3543/3543 3342/3342/3342 3530/3530/3530
f 3548/3548/3548 3355/3355/3355 3541/3541/3541
f 3578/3578/3578 3407/3407/3407 3576/3576/3576
f 3606/3606/3606 3421/3421/3421 3590/3590/3590
f 3597/3597/3597 3439/3439/3439 3614/3614/3614
f 3617/3617/3617 3429/3429/3429 3600/3600/3600
f 3618/3618/3618 3462/3462/3462 3636/3636/3636
f 3636/3636/3636 3465/3465/3465 3640/3640/3640
f 3642/3642/3642 3463/3463/3463 3638/3638/3638
f 3639/3639/3639 3469/3469/3469 3644/3644/3644
f 3646/3646/3646 3467/3467/3467 3643/3643/3643
f 3644/3644/3644 3473/3473/3473 3647/3647/3647
f 3652/3652/3652 3471/3471/3471 3646/3646/3646
f 3653/3653/3653 3480/3480/3480 3660/3660/3660
f 3671/3671/3671 3481/3481/3481 3663/3663/3663
f 3675/3675/3675 3483/3483/3483 3666/3666/3666
f 3688/3688/3688 3492/3492/3492 3675/3675/3675
f 3701/3701/3701 3498/3498/3498 3685/3685/3685
f 3711/3711/3711 3508/3508/3508 3699/3699/3699
f 3718/3718/3718 3517/3517/3517 3705/3705/3705
f 3723/3723/3723 3529/3529/3529 3717/3717/3717
f 3780/3780/3780 3579/3579/3579 3768/3768/3768
f 3814/3814/3814 3641/3641/3641 3830/3830/3830
f 3842/3842/3842 3638/3638/3638 3827/3827/3827
f 3829/3829/3829 3645/3645/3645 3844/3844/3844
f 3855/3855/3855 3643/3643/3643 3843/3843/3843
f 3870/3870/3870 3650/3650/3650 3859/3859/3859
f 3871/3871/3871 3665/3665/3665 3879/3879/3879
f 3887/3887/3887 3659/3659/3659 3878/3878/3878
f 3898/3898/3898 3666/3666/3666 3886/3886/3886
f 3915/3915/3915 3674/3674/3674 3897/3897/3897
f 3922/3922/3922 3679/3679/3679 3905/3905/3905
f 3926/3926/3926 3684/3684/3684 3912/3912/3912
f 3932/3932/3932 3692/3692/3692 3921/3921/3921
f 3937/3937/3937 3704/3704/3704 3932/3932/3932
f 3938/3938/3938 3748/3748/3748 3942/3942/3942
f 3946/3946/3946 3795/3795/3795 3950/3950/3950
f 3950/3950/3950 3814/3814/3814 3963/3963/3963
f 3954/3954/3954 3826/3826/3826 3968/3968/3968
f 3969/3969/3969 3813/3813/3813 3962/3962/3962
f 3972/3972/3972 3815/3815/3815 3964/3964/3964
f 3965/3965/3965 3832/3832/3832 3973/3973/3973
f 3967/3967/3967 3841/3841/3841 3979/3979/3979
f 3980/3980/3980 3828/3828/3828 3970/3970/3970
f 3971/3971/3971 3845/3845/3845 3981/3981/3981
f 3984/3984/3984 3833/3833/3833 3974/3974/3974
f 3975/3975/3975 3849/3849/3849 3985/3985/3985
f 3978/3978/3978 3854/3854/3854 3988/3988/3988
f 3998/3998/3998 3855/3855/3855 3990/3990/3990
f 4005/4005/4005 3867/3867/3867 3998/3998/3998
f 4014/4014/4014 3878/3878/3878 4005/4005/4005
f 4006/4006/4006 3889/3889/3889 4015/4015/4015
f 4019/4019/4019 3882/3882/3882 4010/4010/4010
f 4024/4024/4024 3886/3886/3886 4013/4013/4013
f 4015/4015/4015 3900/3900/3900 4025/4025/4025
f 4027/4027/4027 3890/3890/3890 4017/4017/4017
f 4037/4037/4037 3901/3901/3901 4026/4026/4026
f 4052/4052/4052 3970/3970/3970 4050/4050/4050
f 4051/4051/4051 3989/3989/3989 4053/4053/4053
f 4053/4053/4053 3997/3997/3997 4055/4055/4055
f 4058/4058/4058 3998/3998/3998 4056/4056/4056
f 4057/4057/4057 4011/4011/4011 4059/4059/4059
f 4062/4062/4062 4005/4005/4005 4058/4058/4058
f 4073/4073/4073 4023/4023/4023 4065/4065/4065
f 4074/4074/4074 4048/4048/4048 4084/4084/4084
f 4088/4088/4088 4050/4050/4050 4086/4086/4086
f 4089/4089/4089 4055/4055/4055 4091/4091/4091
f 4092/4092/4092 4054/4054/4054 4090/4090/4090
f 4091/4091/4091 4057/4057/4057 4093/4093/4093
f 4094/4094/4094 4056/4056/4056 4092/4092/4092
f 4098/4098/4098 4058/4058/4058 4094/4094/4094
f 4102/4102/4102 4061/4061/4061 4097/4097/4097
f 4100/4100/4100 4067/4067/4067 4103/4103/4103
f 4109/4109/4109 4065/4065/4065 4101/4101/4101
f 92/92/92 89/89/89 90/90/90
f 95/95/95 92/92/92 93/93/93
f 102/102/102 98/98/98 99/99/99
f 129/129/129 123/123/123 124/124/124
f 132/132/132 125/125/125 126/126/126
f 137/137/137 132/132/132 133/133/133
f 147/147/147 141/141/141 142/142/142
f 154/154/154 146/146/146 147/147/147
f 156/156/156 148/148/148 149/149/149
f 159/159/159 151/151/151 150/150/150
f 160/160/160 152/152/152 153/153/153
f 161/161/161 153/153/153 154/154/154
f 162/162/162 154/154/154 155/155/155
f 164/164/164 156/156/156 157/157/157
f 171/171/171 160/160/160 161/161/161
f 173/173/173 162/162/162 163/163/163
f 176/176/176 165/165/165 166/166/166
f 177/177/177 166/166/166 167/167/167
f 184/184/184 169/169/169 168/168/168
f 185/185/185 172/172/172 173/173/173
f 191/191/191 179/179/179 180/180/180
f 218/218/218 201/201/201 202/202/202
f 219/219/219 202/202/202 203/203/203
f 220/220/220 203/203/203 204/204/204
f 227/227/227 219/219/219 220/220/220
f 244/244/244 235/235/235 236/236/236
f 245/245/245 236/236/236 237/237/237
f 249/249/249 240/240/240 241/241/241
f 251/251/251 242/242/242 243/243/243
f 252/252/252 243/243/243 244/244/244
f 253/253/253 244/244/244 245/245/245
f 259/259/259 249/249/249 250/250/250
f 262/262/262 252/252/252 253/253/253
f 266/266/266 259/259/259 260/260/260
f 267/267/267 260/260/260 261/261/261
f 275/275/275 266/266/266 267/267/267
f 276/276/276 267/267/267 268/268/268
f 278/278/278 269/269/269 270/270/270
f 279/279/279 270/270/270 271/271/271
f 288/288/288 277/277/277 278/278/278
f 291/291/291 280/280/280 281/281/281
f 298/298/298 283/283/283 284/284/284
f 302/302/302 290/290/290 291/291/291
f 304/304/304 292/292/292 293/293/293
f 305/305/305 293/293/293 294/294/294
f 307/307/307 295/295/295 296/296/296
f 309/309/309 297/297/297 298/298/298
f 313/313/313 305/305/305 306/306/306
f 354/354/354 331/331/331 332/332/332
f 361/361/361 353/353/353 354/354/354
f 362/362/362 354/354/354 355/355/355
f 363/363/363 355/355/355 356/356/356
f 366/366/366 358/358/358 359/359/359
f 367/367/367 359/359/359 360/360/360
f 369/369/369 361/361/361 362/362/362
f 378/378/378 374/374/374 375/375/375
f 392/392/392 387/387/387 388/388/388
f 400/400/400 393/393/393 394/394/394
f 401/401/401 394/394/394 395/395/395
f 408/408/408 401/401/401 402/402/402
f 409/409/409 402/402/402 403/403/403
f 410/410/410 403/403/403 404/404/404
f 422/422/422 409/409/409 410/410/410
f 423/423/423 410/410/410 411/411/411
f 424/424/424 411/411/411 412/412/412
f 425/425/425 412/412/412 413/413/413
f 426/426/426 413/413/413 414/414/414
f 429/429/429 416/416/416 417/417/417
f 430/430/430 417/417/417 418/418/418
f 431/431/431 418/418/418 419/419/419
f 435/435/435 426/426/426 427/427/427
f 438/438/438 429/429/429 430/430/430
f 442/442/442 436/436/436 437/437/437
f 453/453/453 449/449/449 450/450/450
f 479/479/479 469/469/469 470/470/470
f 483/483/483 473/473/473 474/474/474
f 512/512/512 509/509/509 510/510/510
f 516/516/516 513/513/513 514/514/514
f 525/525/525 520/520/520 521/521/521
f 531/531/531 526/526/526 527/527/527
f 538/538/538 532/532/532 533/533/533
f 543/543/543 537/537/537 538/538/538
f 544/544/544 538/538/538 539/539/539
f 545/545/545 539/539/539 540/540/540
f 554/554/554 544/544/544 545/545/545
f 555/555/555 545/545/545 546/546/546
f 556/556/556 546/546/546 547/547/547
f 557/557/557 547/547/547 548/548/548
f 559/559/559 549/549/549 550/550/550
f 569/569/569 556/556/556 557/557/557
f 571/571/571 558/558/558 559/559/559
f 573/573/573 560/560/560 561/561/561
f 576/576/576 563/563/563 564/564/564
f 581/581/581 572/572/572 573/573/573
f 584/584/584 575/575/575 576/576/576
f 587/587/587 578/578/578 579/579/579
f 590/590/590 582/582/582 583/583/583
f 592/592/592 584/584/584 585/585/585
f 593/593/593 585/585/585 586/586/586
f 594/594/594 586/586/586 587/587/587
f 606/606/606 601/601/601 602/602/602
f 613/613/613 606/606/606 607/607/607
f 620/620/620 613/613/613 614/614/614
f 641/641/641 635/635/635 636/636/636
f 663/663/663 659/659/659 660/660/660
f 665/665/665 661/661/661 662/662/662
f 667/667/667 663/663/663 664/664/664
f 673/673/673 669/669/669 670/670/670
f 676/676/676 673/673/673 674/674/674
f 686/686/686 681/681/681 682/682/682
f 696/696/696 691/691/691 692/692/692
f 701/701/701 697/697/697 698/698/698
f 708/708/708 702/702/702 703/703/703
f 709/709/709 703/703/703 704/704/704
f 715/715/715 709/709/709 710/710/710
f 716/716/716 710/710/710 711/711/711
f 718/718/718 712/712/712 713/713/713
f 723/723/723 716/716/716 717/717/717
f 724/724/724 717/717/717 718/718/718
f 726/726/726 719/719/719 720/720/720
f 735/735/735 725/725/725 726/726/726
f 736/736/736 726/726/726 727/727/727
f 737/737/737 727/727/727 728/728/728
f 738/738/738 728/728/728 729/729/729
f 739/739/739 729/729/729 730/730/730
f 740/740/740 730/730/730 731/731/731
f 752/752/752 745/745/745 746/746/746
f 775/775/775 770/770/770 771/771/771
f 805/805/805 801/801/801 802/802/802
f 813/813/813 810/810/810 811/811/811
f 825/825/825 819/819/819 818/818/818
f 826/826/826 820/820/820 821/821/821
f 829/829/829 823/823/823 822/822/822
f 839/839/839 834/834/834 835/835/835
f 845/845/845 839/839/839 840/840/840
f 846/846/846 840/840/840 841/841/841
f 853/853/853 847/847/847 848/848/848
f 858/858/858 854/854/854 855/855/855
f 863/863/863 859/859/859 860/860/860
f 870/870/870 864/864/864 865/865/865
f 871/871/871 865/865/865 866/866/866
f 882/882/882 872/872/872 873/873/873
f 884/884/884 874/874/874 875/875/875
f 887/887/887 878/878/878 879/879/879
f 901/901/901 891/891/891 892/892/892
f 921/921/921 914/914/914 915/915/915
f 925/925/925 917/917/917 918/918/918
f 930/930/930 924/924/924 925/925/925
f 951/951/951 947/947/947 948/948/948
f 954/954/954 949/949/949 950/950/950
f 957/957/957 954/954/954 955/955/955
f 960/960/960 957/957/957 958/958/958
f 968/968/968 963/963/963 962/962/962
f 969/969/969 964/964/964 965/965/965
f 973/973/973 967/967/967 966/966/966
f 974/974/974 969/969/969 970/970/970
f 978/978/978 972/972/972 971/971/971
f 984/984/984 980/980/980 981/981/981
f 990/990/990 986/986/986 987/987/987
f 1002/1002/1002 996/996/996 997/997/997
f 1007/1007/1007 1003/1003/1003 1004/1004/1004
f 1013/1013/1013 1008/1008/1008 1009/1009/1009
f 1018/1018/1018 1014/1014/1014 1015/1015/1015
f 1027/1027/1027 1018/1018/1018 1019/1019/1019
f 1028/1028/1028 1019/1019/1019 1020/1020/1020
f 1029/1029/1029 1020/1020/1020 1021/1021/1021
f 1035/1035/1035 1023/1023/1023 1024/1024/1024
f 1040/1040/1040 1031/1031/1031 1032/1032/1032
f 1045/1045/1045 1036/1036/1036 1037/1037/1037
f 1081/1081/1081 1077/1077/1077 1076/1076/1076
f 1105/1105/1105 1101/1101/1101 1100/1100/1100
f 1109/1109/1109 1104/1104/1104 1103/1103/1103
f 1110/1110/1110 1105/1105/1105 1104/1104/1104
f 1111/1111/1111 1106/1106/1106 1107/1107/1107
f 1114/1114/1114 1109/1109/1109 1108/1108/1108
f 1122/1122/1122 1118/1118/1118 1119/1119/1119
f 1124/1124/1124 1120/1120/1120 1121/1121/1121
f 1136/1136/1136 1132/1132/1132 1133/1133/1133
f 1143/1143/1143 1137/1137/1137 1138/1138/1138
f 1149/1149/1149 1144/1144/1144 1145/1145/1145
f 1155/1155/1155 1150/1150/1150 1151/1151/1151
f 1161/1161/1161 1156/1156/1156 1157/1157/1157
f 1174/1174/1174 1165/1165/1165 1166/1166/1166
f 1176/1176/1176 1167/1167/1167 1168/1168/1168
f 1192/1192/1192 1186/1186/1186 1187/1187/1187
f 1193/1193/1193 1187/1187/1187 1188/1188/1188
f 1194/1194/1194 1188/1188/1188 1189/1189/1189
f 1206/1206/1206 1198/1198/1198 1199/1199/1199
f 1207/1207/1207 1199/1199/1199 1200/1200/1200
f 1222/1222/1222 1218/1218/1218 1217/1217/1217
f 1250/1250/1250 1246/1246/1246 1247/1247/1247
f 1256/1256/1256 1253/1253/1253 1254/1254/1254
f 1262/1262/1262 1259/1259/1259 1260/1260/1260
f 1269/1269/1269 1265/1265/1265 1266/1266/1266
f 1285/1285/1285 1280/1280/1280 1281/1281/1281
f 1291/1291/1291 1286/1286/1286 1287/1287/1287
f 1298/1298/1298 1292/1292/1292 1293/1293/1293
f 1303/1303/1303 1299/1299/1299 1300/1300/1300
f 1319/1319/1319 1307/1307/1307 1306/1306/1306
f 1347/1347/1347 1343/1343/1343 1342/1342/1342
f 1351/1351/1351 1347/1347/1347 1346/1346/1346
f 1379/1379/1379 1376/1376/1376 1377/1377/1377
f 1399/1399/1399 1395/1395/1395 1396/1396/1396
f 1439/1439/1439 1433/1433/1433 1434/1434/1434
f 1465/1465/1465 1456/1456/1456 1457/1457/1457
f 1470/1470/1470 1459/1459/1459 1460/1460/1460
f 1474/1474/1474 1466/1466/1466 1467/1467/1467
f 1489/1489/1489 1485/1485/1485 1486/1486/1486
f 1493/1493/1493 1489/1489/1489 1490/1490/1490
f 1497/1497/1497 1493/1493/1493 1494/1494/1494
f 1520/1520/1520 1517/1517/1517 1518/1518/1518
f 1545/1545/1545 1541/1541/1541 1542/1542/1542
f 1555/1555/1555 1551/1551/1551 1552/1552/1552
f 1561/1561/1561 1556/1556/1556 1557/1557/1557
f 1567/1567/1567 1562/1562/1562 1563/1563/1563
f 1574/1574/1574 1568/1568/1568 1569/1569/1569
f 1586/1586/1586 1579/1579/1579 1580/1580/1580
f 1587/1587/1587 1580/1580/1580 1581/1581/1581
f 1621/1621/1621 1617/1617/1617 1618/1618/1618
f 1648/1648/1648 1645/1645/1645 1644/1644/1644
f 1663/1663/1663 1660/1660/1660 1661/1661/1661
f 1666/1666/1666 1663/1663/1663 1664/1664/1664
f 1673/1673/1673 1670/1670/1670 1671/1671/1671
f 1677/1677/1677 1673/1673/1673 1674/1674/1674
f 1682/1682/1682 1678/1678/1678 1679/1679/1679
f 1686/1686/1686 1682/1682/1682 1683/1683/1683
f 1689/1689/1689 1685/1685/1685 1684/1684/1684
f 1695/1695/1695 1690/1690/1690 1691/1691/1691
f 1700/1700/1700 1693/1693/1693 1692/1692/1692
f 1701/1701/1701 1696/1696/1696 1697/1697/1697
f 1720/1720/1720 1710/1710/1710 1711/1711/1711
f 1722/1722/1722 1712/1712/1712 1713/1713/1713
f 1727/1727/1727 1715/1715/1715 1716/1716/1716
f 1744/1744/1744 1732/1732/1732 1733/1733/1733
f 1757/1757/1757 1752/1752/1752 1751/1751/1751
f 1793/1793/1793 1790/1790/1790 1791/1791/1791
f 1798/1798/1798 1793/1793/1793 1794/1794/1794
f 1799/1799/1799 1794/1794/1794 1795/1795/1795
f 1801/1801/1801 1796/1796/1796 1797/1797/1797
f 1803/1803/1803 1799/1799/1799 1800/1800/1800
f 1842/1842/1842 1838/1838/1838 1839/1839/1839
f 1848/1848/1848 1844/1844/1844 1845/1845/1845
f 1879/1879/1879 1875/1875/1875 1874/1874/1874
f 1886/1886/1886 1881/1881/1881 1880/1880/1880
f 1901/1901/1901 1897/1897/1897 1896/1896/1896
f 1927/1927/1927 1923/1923/1923 1924/1924/1924
f 1938/1938/1938 1934/1934/1934 1935/1935/1935
f 1982/1982/1982 1974/1974/1974 1973/1973/1973
f 2025/2025/2025 2021/2021/2021 2020/2020/2020
f 2028/2028/2028 2025/2025/2025 2024/2024/2024
f 2052/2052/2052 2049/2049/2049 2048/2048/2048
f 2068/2068/2068 2065/2065/2065 2064/2064/2064
f 2076/2076/2076 2071/2071/2071 2070/2070/2070
f 2079/2079/2079 2075/2075/2075 2074/2074/2074
f 2083/2083/2083 2079/2079/2079 2078/2078/2078
f 2101/2101/2101 2094/2094/2094 2093/2093/2093
f 2109/2109/2109 2100/2100/2100 2099/2099/2099
f 2117/2117/2117 2109/2109/2109 2108/2108/2108
f 2131/2131/2131 2120/2120/2120 2119/2119/2119
f 2133/2133/2133 2122/2122/2122 2121/2121/2121
f 2153/2153/2153 2148/2148/2148 2147/2147/2147
f 2157/2157/2157 2153/2153/2153 2152/2152/2152
f 2161/2161/2161 2157/2157/2157 2156/2156/2156
f 2164/2164/2164 2161/2161/2161 2160/2160/2160
f 2174/2174/2174 2170/2170/2170 2169/2169/2169
f 2199/2199/2199 2196/2196/2196 2197/2197/2197
f 2227/2227/2227 2224/2224/2224 2223/2223/2223
f 2243/2243/2243 2233/2233/2233 2232/2232/2232
f 2262/2262/2262 2250/2250/2250 2249/2249/2249
f 2269/2269/2269 2258/2258/2258 2257/2257/2257
f 2271/2271/2271 2260/2260/2260 2259/2259/2259
f 2294/2294/2294 2284/2284/2284 2285/2285/2285
f 2295/2295/2295 2285/2285/2285 2286/2286/2286
f 2296/2296/2296 2286/2286/2286 2287/2287/2287
f 2297/2297/2297 2287/2287/2287 2288/2288/2288
f 2302/2302/2302 2294/2294/2294 2295/2295/2295
f 2303/2303/2303 2295/2295/2295 2296/2296/2296
f 2304/2304/2304 2296/2296/2296 2297/2297/2297
f 2309/2309/2309 2303/2303/2303 2304/2304/2304
f 2318/2318/2318 2313/2313/2313 2314/2314/2314
f 2319/2319/2319 2314/2314/2314 2315/2315/2315
f 2324/2324/2324 2320/2320/2320 2321/2321/2321
f 2327/2327/2327 2323/2323/2323 2322/2322/2322
f 2358/2358/2358 2354/2354/2354 2353/2353/2353
f 2362/2362/2362 2358/2358/2358 2357/2357/2357
f 2384/2384/2384 2380/2380/2380 2379/2379/2379
f 2407/2407/2407 2398/2398/2398 2399/2399/2399
f 2415/2415/2415 2406/2406/2406 2407/2407/2407
f 2423/2423/2423 2410/2410/2410 2409/2409/2409
f 2430/2430/2430 2419/2419/2419 2418/2418/2418
f 2443/2443/2443 2432/2432/2432 2433/2433/2433
f 2444/2444/2444 2433/2433/2433 2434/2434/2434
f 2452/2452/2452 2435/2435/2435 2436/2436/2436
f 2453/2453/2453 2436/2436/2436 2437/2437/2437
f 2454/2454/2454 2437/2437/2437 2438/2438/2438
f 2455/2455/2455 2438/2438/2438 2439/2439/2439
f 2458/2458/2458 2450/2450/2450 2451/2451/2451
f 2468/2468/2468 2464/2464/2464 2465/2465/2465
f 2469/2469/2469 2465/2465/2465 2466/2466/2466
f 2499/2499/2499 2496/2496/2496 2495/2495/2495
f 2504/2504/2504 2500/2500/2500 2501/2501/2501
f 2507/2507/2507 2504/2504/2504 2505/2505/2505
f 2510/2510/2510 2507/2507/2507 2508/2508/2508
f 2551/2551/2551 2540/2540/2540 2539/2539/2539
f 2559/2559/2559 2545/2545/2545 2544/2544/2544
f 2566/2566/2566 2555/2555/2555 2554/2554/2554
f 2590/2590/2590 2588/2588/2588 2589/2589/2589
f 2594/2594/2594 2592/2592/2592 2593/2593/2593
f 2602/2602/2602 2597/2597/2597 2598/2598/2598
f 2639/2639/2639 2635/2635/2635 2634/2634/2634
f 2643/2643/2643 2639/2639/2639 2638/2638/2638
f 2650/2650/2650 2646/2646/2646 2645/2645/2645
f 2657/2657/2657 2653/2653/2653 2652/2652/2652
f 2665/2665/2665 2660/2660/2660 2659/2659/2659
f 2687/2687/2687 2671/2671/2671 2670/2670/2670
f 2691/2691/2691 2677/2677/2677 2676/2676/2676
f 2694/2694/2694 2680/2680/2680 2679/2679/2679
f 2697/2697/2697 2684/2684/2684 2683/2683/2683
f 2765/2765/2765 2761/2761/2761 2760/2760/2760
f 2774/2774/2774 2770/2770/2770 2769/2769/2769
f 2782/2782/2782 2778/2778/2778 2777/2777/2777
f 2805/2805/2805 2796/2796/2796 2795/2795/2795
f 2818/2818/2818 2802/2802/2802 2801/2801/2801
f 2819/2819/2819 2803/2803/2803 2802/2802/2802
f 2823/2823/2823 2816/2816/2816 2815/2815/2815
f 2854/2854/2854 2852/2852/2852 2851/2851/2851
f 2887/2887/2887 2883/2883/2883 2882/2882/2882
f 2906/2906/2906 2903/2903/2903 2902/2902/2902
f 2913/2913/2913 2910/2910/2910 2909/2909/2909
f 2918/2918/2918 2913/2913/2913 2912/2912/2912
f 2937/2937/2937 2923/2923/2923 2922/2922/2922
f 2938/2938/2938 2924/2924/2924 2923/2923/2923
f 2944/2944/2944 2930/2930/2930 2929/2929/2929
f 2947/2947/2947 2933/2933/2933 2932/2932/2932
f 2948/2948/2948 2934/2934/2934 2933/2933/2933
f 2949/2949/2949 2935/2935/2935 2934/2934/2934
f 2961/2961/2961 2951/2951/2951 2950/2950/2950
f 2971/2971/2971 2967/2967/2967 2966/2966/2966
f 2987/2987/2987 2979/2979/2979 2980/2980/2980
f 3002/3002/3002 2986/2986/2986 2985/2985/2985
f 3026/3026/3026 3021/3021/3021 3020/3020/3020
f 3029/3029/3029 3025/3025/3025 3024/3024/3024
f 3038/3038/3038 3033/3033/3033 3032/3032/3032
f 3042/3042/3042 3037/3037/3037 3036/3036/3036
f 3048/3048/3048 3042/3042/3042 3041/3041/3041
f 3062/3062/3062 3048/3048/3048 3047/3047/3047
f 3070/3070/3070 3054/3054/3054 3053/3053/3053
f 3072/3072/3072 3056/3056/3056 3055/3055/3055
f 3073/3073/3073 3057/3057/3057 3056/3056/3056
f 3075/3075/3075 3059/3059/3059 3058/3058/3058
f 3078/3078/3078 3066/3066/3066 3065/3065/3065
f 3079/3079/3079 3067/3067/3067 3066/3066/3066
f 3080/3080/3080 3068/3068/3068 3067/3067/3067
f 3082/3082/3082 3071/3071/3071 3070/3070/3070
f 3105/3105/3105 3100/3100/3100 3099/3099/3099
f 3110/3110/3110 3108/3108/3108 3107/3107/3107
f 3138/3138/3138 3135/3135/3135 3134/3134/3134
f 3141/3141/3141 3138/3138/3138 3137/3137/3137
f 3157/3157/3157 3152/3152/3152 3151/3151/3151
f 3161/3161/3161 3156/3156/3156 3155/3155/3155
f 3166/3166/3166 3160/3160/3160 3159/3159/3159
f 3172/3172/3172 3165/3165/3165 3164/3164/3164
f 3173/3173/3173 3166/3166/3166 3165/3165/3165
f 3178/3178/3178 3171/3171/3171 3170/3170/3170
f 3179/3179/3179 3172/3172/3172 3171/3171/3171
f 3191/3191/3191 3177/3177/3177 3176/3176/3176
f 3192/3192/3192 3178/3178/3178 3177/3177/3177
f 3203/3203/3203 3185/3185/3185 3184/3184/3184
f 3204/3204/3204 3186/3186/3186 3185/3185/3185
f 3207/3207/3207 3189/3189/3189 3188/3188/3188
f 3208/3208/3208 3190/3190/3190 3189/3189/3189
f 3214/3214/3214 3198/3198/3198 3197/3197/3197
f 3215/3215/3215 3199/3199/3199 3198/3198/3198
f 3218/3218/3218 3202/3202/3202 3201/3201/3201
f 3219/3219/3219 3203/3203/3203 3202/3202/3202
f 3220/3220/3220 3204/3204/3204 3203/3203/3203
f 3221/3221/3221 3205/3205/3205 3204/3204/3204
f 3222/3222/3222 3206/3206/3206 3205/3205/3205
f 3226/3226/3226 3210/3210/3210 3209/3209/3209
f 3230/3230/3230 3216/3216/3216 3215/3215/3215
f 3232/3232/3232 3218/3218/3218 3217/3217/3217
f 3256/3256/3256 3251/3251/3251 3250/3250/3250
f 3258/3258/3258 3253/3253/3253 3252/3252/3252
f 3261/3261/3261 3257/3257/3257 3256/3256/3256
f 3266/3266/3266 3264/3264/3264 3265/3265/3265
f 3268/3268/3268 3266/3266/3266 3267/3267/3267
f 3279/3279/3279 3269/3269/3269 3270/3270/3270
f 3293/3293/3293 3278/3278/3278 3277/3277/3277
f 3296/3296/3296 3292/3292/3292 3291/3291/3291
f 3300/3300/3300 3296/3296/3296 3295/3295/3295
f 3303/3303/3303 3299/3299/3299 3298/3298/3298
f 3308/3308/3308 3304/3304/3304 3305/3305/3305
f 3311/3311/3311 3307/3307/3307 3306/3306/3306
f 3329/3329/3329 3323/3323/3323 3322/3322/3322
f 3336/3336/3336 3326/3326/3326 3325/3325/3325
f 3348/3348/3348 3334/3334/3334 3333/3333/3333
f 3349/3349/3349 3335/3335/3335 3334/3334/3334
f 3352/3352/3352 3340/3340/3340 3339/3339/3339
f 3358/3358/3358 3343/3343/3343 3342/3342/3342
f 3362/3362/3362 3347/3347/3347 3346/3346/3346
f 3363/3363/3363 3348/3348/3348 3347/3347/3347
f 3367/3367/3367 3353/3353/3353 3352/3352/3352
f 3373/3373/3373 3356/3356/3356 3355/3355/3355
f 3374/3374/3374 3357/3357/3357 3356/3356/3356
f 3377/3377/3377 3360/3360/3360 3359/3359/3359
f 3378/3378/3378 3361/3361/3361 3360/3360/3360
f 3379/3379/3379 3362/3362/3362 3361/3361/3361
f 3382/3382/3382 3368/3368/3368 3367/3367/3367
f 3383/3383/3383 3369/3369/3369 3368/3368/3368
f 3385/3385/3385 3371/3371/3371 3370/3370/3370
f 3386/3386/3386 3372/3372/3372 3371/3371/3371
f 3387/3387/3387 3373/3373/3373 3372/3372/3372
f 3389/3389/3389 3377/3377/3377 3376/3376/3376
f 3411/3411/3411 3408/3408/3408 3407/3407/3407
f 3416/3416/3416 3412/3412/3412 3411/3411/3411
f 3427/3427/3427 3419/3419/3419 3418/3418/3418
f 3439/3439/3439 3426/3426/3426 3425/3425/3425
f 3440/3440/3440 3428/3428/3428 3429/3429/3429
f 3445/3445/3445 3433/3433/3433 3432/3432/3432
f 3446/3446/3446 3434/3434/3434 3433/3433/3433
f 3447/3447/3447 3435/3435/3435 3434/3434/3434
f 3465/3465/3465 3462/3462/3462 3461/3461/3461
f 3470/3470/3470 3466/3466/3466 3467/3467/3467
f 3473/3473/3473 3469/3469/3469 3468/3468/3468
f 3474/3474/3474 3470/3470/3470 3471/3471/3471
f 3486/3486/3486 3480/3480/3480 3479/3479/3479
f 3490/3490/3490 3482/3482/3482 3481/3481/3481
f 3495/3495/3495 3487/3487/3487 3486/3486/3486
f 3497/3497/3497 3489/3489/3489 3488/3488/3488
f 3511/3511/3511 3499/3499/3499 3498/3498/3498
f 3514/3514/3514 3505/3505/3505 3504/3504/3504
f 3515/3515/3515 3506/3506/3506 3505/3505/3505
f 3524/3524/3524 3509/3509/3509 3508/3508/3508
f 3531/3531/3531 3518/3518/3518 3517/3517/3517
f 3532/3532/3532 3519/3519/3519 3518/3518/3518
f 3535/3535/3535 3522/3522/3522 3521/3521/3521
f 3543/3543/3543 3530/3530/3530 3529/3529/3529
f 3548/3548/3548 3541/3541/3541 3540/3540/3540
f 3563/3563/3563 3553/3553/3553 3552/3552/3552
f 3564/3564/3564 3554/3554/3554 3553/3553/3553
f 3565/3565/3565 3555/3555/3555 3554/3554/3554
f 3589/3589/3589 3580/3580/3580 3579/3579/3579
f 3604/3604/3604 3588/3588/3588 3587/3587/3587
f 3606/3606/3606 3590/3590/3590 3589/3589/3589
f 3613/3613/3613 3596/3596/3596 3595/3595/3595
f 3615/3615/3615 3598/3598/3598 3597/3597/3597
f 3616/3616/3616 3599/3599/3599 3598/3598/3598
f 3622/3622/3622 3614/3614/3614 3613/3613/3613
f 3624/3624/3624 3616/3616/3616 3615/3615/3615
f 3641/3641/3641 3637/3637/3637 3636/3636/3636
f 3645/3645/3645 3640/3640/3640 3639/3639/3639
f 3654/3654/3654 3648/3648/3648 3647/3647/3647
f 3658/3658/3658 3651/3651/3651 3650/3650/3650
f 3662/3662/3662 3655/3655/3655 3654/3654/3654
f 3664/3664/3664 3657/3657/3657 3656/3656/3656
f 3665/3665/3665 3658/3658/3658 3657/3657/3657
f 3673/3673/3673 3665/3665/3665 3664/3664/3664
f 3688/3688/3688 3675/3675/3675 3674/3674/3674
f 3694/3694/3694 3680/3680/3680 3679/3679/3679
f 3701/3701/3701 3685/3685/3685 3684/3684/3684
f 3705/3705/3705 3693/3693/3693 3692/3692/3692
f 3706/3706/3706 3694/3694/3694 3693/3693/3693
f 3707/3707/3707 3695/3695/3695 3694/3694/3694
f 3708/3708/3708 3696/3696/3696 3695/3695/3695
f 3709/3709/3709 3697/3697/3697 3696/3696/3696
f 3711/3711/3711 3699/3699/3699 3698/3698/3698
f 3718/3718/3718 3705/3705/3705 3704/3704/3704
f 3723/3723/3723 3717/3717/3717 3716/3716/3716
f 3734/3734/3734 3725/3725/3725 3724/3724/3724
f 3739/3739/3739 3730/3730/3730 3729/3729/3729
f 3740/3740/3740 3731/3731/3731 3730/3730/3730
f 3744/3744/3744 3734/3734/3734 3733/3733/3733
f 3745/3745/3745 3735/3735/3735 3734/3734/3734
f 3746/3746/3746 3736/3736/3736 3735/3735/3735
f 3755/3755/3755 3744/3744/3744 3743/3743/3743
f 3757/3757/3757 3746/3746/3746 3745/3745/3745
f 3758/3758/3758 3747/3747/3747 3746/3746/3746
f 3759/3759/3759 3748/3748/3748 3747/3747/3747
f 3762/3762/3762 3751/3751/3751 3750/3750/3750
f 3763/3763/3763 3752/3752/3752 3751/3751/3751
f 3769/3769/3769 3758/3758/3758 3757/3757/3757
f 3771/3771/3771 3760/3760/3760 3759/3759/3759
f 3772/3772/3772 3761/3761/3761 3760/3760/3760
f 3774/3774/3774 3763/3763/3763 3762/3762/3762
f 3780/3780/3780 3768/3768/3768 3767/3767/3767
f 3784/3784/3784 3773/3773/3773 3772/3772/3772
f 3785/3785/3785 3774/3774/3774 3773/3773/3773
f 3786/3786/3786 3775/3775/3775 3774/3774/3774
f 3790/3790/3790 3785/3785/3785 3784/3784/3784
f 3791/3791/3791 3786/3786/3786 3785/3785/3785
f 3797/3797/3797 3793/3793/3793 3792/3792/3792
f 3818/3818/3818 3797/3797/3797 3796/3796/3796
f 3819/3819/3819 3798/3798/3798 3797/3797/3797
f 3822/3822/3822 3801/3801/3801 3800/3800/3800
f 3826/3826/3826 3805/3805/3805 3804/3804/3804
f 3835/3835/3835 3819/3819/3819 3818/3818/3818
f 3837/3837/3837 3821/3821/3821 3820/3820/3820
f 3838/3838/3838 3822/3822/3822 3821/3821/3821
f 3841/3841/3841 3825/3825/3825 3824/3824/3824
f 3842/3842/3842 3827/3827/3827 3828/3828/3828
f 3845/3845/3845 3830/3830/3830 3829/3829/3829
f 3849/3849/3849 3834/3834/3834 3833/3833/3833
f 3851/3851/3851 3837/3837/3837 3836/3836/3836
f 3852/3852/3852 3838/3838/3838 3837/3837/3837
f 3854/3854/3854 3840/3840/3840 3839/3839/3839
f 3860/3860/3860 3848/3848/3848 3847/3847/3847
f 3864/3864/3864 3852/3852/3852 3851/3851/3851
f 3865/3865/3865 3853/3853/3853 3852/3852/3852
f 3866/3866/3866 3854/3854/3854 3853/3853/3853
f 3870/3870/3870 3859/3859/3859 3858/3858/3858
f 3883/3883/3883 3875/3875/3875 3874/3874/3874
f 3884/3884/3884 3876/3876/3876 3875/3875/3875
f 3894/3894/3894 3884/3884/3884 3883/3883/3883
f 3903/3903/3903 3891/3891/3891 3890/3890/3890
f 3904/3904/3904 3892/3892/3892 3891/3891/3891
f 3906/3906/3906 3894/3894/3894 3893/3893/3893
f 3907/3907/3907 3895/3895/3895 3894/3894/3894
f 3919/3919/3919 3902/3902/3902 3901/3901/3901
f 3922/3922/3922 3905/3905/3905 3904/3904/3904
f 3925/3925/3925 3911/3911/3911 3910/3910/3910
f 3926/3926/3926 3912/3912/3912 3911/3911/3911
f 3929/3929/3929 3918/3918/3918 3917/3917/3917
f 3930/3930/3930 3919/3919/3919 3918/3918/3918
f 3932/3932/3932 3921/3921/3921 3920/3920/3920
f 3936/3936/3936 3931/3931/3931 3930/3930/3930
f 3937/3937/3937 3932/3932/3932 3931/3931/3931
f 3943/3943/3943 3939/3939/3939 3938/3938/3938
f 3944/3944/3944 3940/3940/3940 3939/3939/3939
f 3945/3945/3945 3941/3941/3941 3940/3940/3940
f 3951/3951/3951 3947/3947/3947 3946/3946/3946
f 3952/3952/3952 3948/3948/3948 3947/3947/3947
f 3965/3965/3965 3952/3952/3952 3951/3951/3951
f 3974/3974/3974 3966/3966/3966 3965/3965/3965
f 3986/3986/3986 3976/3976/3976 3975/3975/3975
f 3989/3989/3989 3979/3979/3979 3978/3978/3978
f 4007/4007/4007 4000/4000/4000 3999/3999/3999
f 4008/4008/4008 4001/4001/4001 4000/4000/4000
f 4018/4018/4018 4009/4009/4009 4008/4008/4008
f 4027/4027/4027 4017/4017/4017 4016/4016/4016
f 4037/4037/4037 4026/4026/4026 4025/4025/4025
f 38/38/38 2/2/2 1/1/1
f 39/39/39 3/3/3 2/2/2
f 42/42/42 6/6/6 5/5/5
f 43/43/43 7/7/7 6/6/6
f 49/49/49 13/13/13 12/12/12
f 58/58/58 22/22/22 23/23/23
f 60/60/60 24/24/24 25/25/25
f 67/67/67 31/31/31 32/32/32
f 68/68/68 32/32/32 33/33/33
f 69/69/69 33/33/33 34/34/34
f 70/70/70 34/34/34 35/35/35
f 74/74/74 38/38/38 37/37/37
f 78/78/78 42/42/42 41/41/41
f 79/79/79 43/43/43 42/42/42
f 80/80/80 44/44/44 43/43/43
f 85/85/85 49/49/49 48/48/48
f 100/100/100 60/60/60 61/61/61
f 108/108/108 67/67/67 68/68/68
f 109/109/109 68/68/68 69/69/69
f 110/110/110 69/69/69 70/70/70
f 111/111/111 70/70/70 71/71/71
f 116/116/116 74/74/74 73/73/73
f 118/118/118 76/76/76 75/75/75
f 120/120/120 78/78/78 77/77/77
f 121/121/121 79/79/79 78/78/78
f 128/128/128 83/83/83 82/82/82
f 134/134/134 87/87/87 86/86/86
f 166/166/166 103/103/103 104/104/104
f 178/178/178 107/107/107 108/108/108
f 180/180/180 109/109/109 110/110/110
f 182/182/182 111/111/111 112/112/112
f 207/207/207 115/115/115 114/114/114
f 210/210/210 118/118/118 117/117/117
f 211/211/211 119/119/119 118/118/118
f 212/212/212 120/120/120 119/119/119
f 213/213/213 121/121/121 120/120/120
f 214/214/214 122/122/122 121/121/121
f 222/222/222 126/126/126 125/125/125
f 223/223/223 127/127/127 126/126/126
f 229/229/229 132/132/132 131/131/131
f 255/255/255 145/145/145 144/144/144
f 256/256/256 146/146/146 145/145/145
f 273/273/273 169/169/169 170/170/170
f 282/282/282 177/177/177 178/178/178
f 285/285/285 181/181/181 182/182/182
f 293/293/293 186/186/186 187/187/187
f 296/296/296 189/189/189 190/190/190
f 324/324/324 195/195/195 194/194/194
f 328/328/328 198/198/198 199/199/199
f 334/334/334 201/201/201 200/200/200
f 337/337/337 204/204/204 203/203/203
f 338/338/338 205/205/205 204/204/204
f 339/339/339 206/206/206 205/205/205
f 343/343/343 210/210/210 209/209/209
f 344/344/344 211/211/211 210/210/210
f 345/345/345 212/212/212 211/211/211
f 346/346/346 213/213/213 212/212/212
f 347/347/347 214/214/214 213/213/213
f 348/348/348 215/215/215 214/214/214
f 349/349/349 216/216/216 215/215/215
f 369/369/369 232/232/232 231/231/231
f 372/372/372 235/235/235 234/234/234
f 381/381/381 257/257/257 258/258/258
f 389/389/389 272/272/272 273/273/273
f 396/396/396 285/285/285 286/286/286
f 397/397/397 286/286/286 287/287/287
f 405/405/405 300/300/300 301/301/301
f 415/415/415 306/306/306 307/307/307
f 416/416/416 307/307/307 308/308/308
f 420/420/420 311/311/311 312/312/312
f 453/453/453 316/316/316 315/315/315
f 458/458/458 319/319/319 318/318/318
f 459/459/459 320/320/320 321/321/321
f 464/464/464 323/323/323 322/322/322
f 472/472/472 328/328/328 329/329/329
f 479/479/479 331/331/331 330/330/330
f 480/480/480 332/332/332 331/331/331
f 481/481/481 333/333/333 332/332/332
f 484/484/484 337/337/337 336/336/336
f 485/485/485 338/338/338 337/337/337
f 486/486/486 339/339/339 338/338/338
f 488/488/488 341/341/341 340/340/340
f 490/490/490 343/343/343 342/342/342
f 491/491/491 344/344/344 343/343/343
f 492/492/492 345/345/345 344/344/344
f 495/495/495 348/348/348 347/347/347
f 496/496/496 349/349/349 348/348/348
f 498/498/498 351/351/351 350/350/350
f 500/500/500 353/353/353 352/352/352
f 518/518/518 385/385/385 386/386/386
f 522/522/522 390/390/390 391/391/391
f 528/528/528 397/397/397 398/398/398
f 529/529/529 398/398/398 399/399/399
f 534/534/534 405/405/405 406/406/406
f 535/535/535 406/406/406 407/407/407
f 547/547/547 423/423/423 424/424/424
f 548/548/548 424/424/424 425/425/425
f 551/551/551 432/432/432 433/433/433
f 552/552/552 433/433/433 434/434/434
f 562/562/562 437/437/437 438/438/438
f 565/565/565 440/440/440 441/441/441
f 577/577/577 444/444/444 445/445/445
f 601/601/601 447/447/447 446/446/446
f 605/605/605 449/449/449 448/448/448
f 612/612/612 452/452/452 451/451/451
f 618/618/618 456/456/456 455/455/455
f 619/619/619 457/457/457 456/456/456
f 625/625/625 462/462/462 461/461/461
f 626/626/626 465/465/465 466/466/466
f 632/632/632 468/468/468 467/467/467
f 633/633/633 469/469/469 468/468/468
f 639/639/639 476/476/476 475/475/475
f 640/640/640 477/477/477 476/476/476
f 643/643/643 486/486/486 485/485/485
f 644/644/644 487/487/487 486/486/486
f 645/645/645 488/488/488 487/487/487
f 647/647/647 490/490/490 489/489/489
f 648/648/648 491/491/491 490/490/490
f 649/649/649 492/492/492 491/491/491
f 650/650/650 493/493/493 492/492/492
f 651/651/651 494/494/494 493/493/493
f 652/652/652 495/495/495 494/494/494
f 656/656/656 502/502/502 501/501/501
f 658/658/658 504/504/504 503/503/503
f 679/679/679 523/523/523 524/524/524
f 683/683/683 528/528/528 529/529/529
f 688/688/688 535/535/535 536/536/536
f 693/693/693 541/541/541 542/542/542
f 705/705/705 567/567/567 568/568/568
f 721/721/721 588/588/588 589/589/589
f 730/730/730 593/593/593 594/594/594
f 731/731/731 594/594/594 595/595/595
f 732/732/732 595/595/595 596/596/596
f 750/750/750 600/600/600 599/599/599
f 751/751/751 601/601/601 600/600/600
f 758/758/758 604/604/604 603/603/603
f 763/763/763 609/609/609 608/608/608
f 765/765/765 611/611/611 610/610/610
f 769/769/769 616/616/616 615/615/615
f 774/774/774 623/623/623 622/622/622
f 780/780/780 630/630/630 629/629/629
f 781/781/781 631/631/631 630/630/630
f 786/786/786 638/638/638 637/637/637
f 789/789/789 644/644/644 643/643/643
f 790/790/790 645/645/645 644/644/644
f 791/791/791 646/646/646 645/645/645
f 792/792/792 647/647/647 646/646/646
f 794/794/794 649/649/649 648/648/648
f 795/795/795 650/650/650 649/649/649
f 796/796/796 651/651/651 650/650/650
f 808/808/808 662/662/662 661/661/661
f 815/815/815 671/671/671 672/672/672
f 823/823/823 678/678/678 679/679/679
f 828/828/828 684/684/684 685/685/685
f 832/832/832 689/689/689 690/690/690
f 836/836/836 694/694/694 695/695/695
f 849/849/849 705/705/705 706/706/706
f 850/850/850 706/706/706 707/707/707
f 867/867/867 732/732/732 733/733/733
f 868/868/868 733/733/733 734/734/734
f 873/873/873 736/736/736 737/737/737
f 875/875/875 738/738/738 739/739/739
f 877/877/877 740/740/740 741/741/741
f 878/878/878 741/741/741 742/742/742
f 894/894/894 744/744/744 743/743/743
f 895/895/895 745/745/745 744/744/744
f 901/901/901 748/748/748 747/747/747
f 902/902/902 749/749/749 748/748/748
f 903/903/903 750/750/750 749/749/749
f 907/907/907 755/755/755 754/754/754
f 908/908/908 756/756/756 755/755/755
f 909/909/909 759/759/759 760/760/760
f 913/913/913 762/762/762 761/761/761
f 920/920/920 768/768/768 767/767/767
f 927/927/927 773/773/773 772/772/772
f 930/930/930 778/778/778 777/777/777
f 931/931/931 779/779/779 778/778/778
f 932/932/932 780/780/780 779/779/779
f 933/933/933 782/782/782 783/783/783
f 940/940/940 790/790/790 789/789/789
f 941/941/941 791/791/791 790/790/790
f 942/942/942 792/792/792 791/791/791
f 943/943/943 793/793/793 792/792/792
f 944/944/944 794/794/794 793/793/793
f 945/945/945 795/795/795 794/794/794
f 946/946/946 796/796/796 795/795/795
f 976/976/976 822/822/822 823/823/823
f 992/992/992 843/843/843 844/844/844
f 998/998/998 850/850/850 851/851/851
f 999/999/999 851/851/851 852/852/852
f 1010/1010/1010 861/861/861 862/862/862
f 1022/1022/1022 876/876/876 877/877/877
f 1025/1025/1025 880/880/880 881/881/881
f 1033/1033/1033 885/885/885 886/886/886
f 1037/1037/1037 888/888/888 889/889/889
f 1049/1049/1049 891/891/891 890/890/890
f 1050/1050/1050 892/892/892 891/891/891
f 1051/1051/1051 893/893/893 892/892/892
f 1053/1053/1053 895/895/895 894/894/894
f 1054/1054/1054 896/896/896 895/895/895
f 1056/1056/1056 898/898/898 897/897/897
f 1058/1058/1058 900/900/900 899/899/899
f 1067/1067/1067 912/912/912 911/911/911
f 1071/1071/1071 918/918/918 917/917/917
f 1072/1072/1072 919/919/919 918/918/918
f 1075/1075/1075 924/924/924 923/923/923
f 1083/1083/1083 936/936/936 935/935/935
f 1087/1087/1087 940/940/940 939/939/939
f 1089/1089/1089 942/942/942 941/941/941
f 1090/1090/1090 943/943/943 942/942/942
f 1092/1092/1092 945/945/945 944/944/944
f 1093/1093/1093 946/946/946 945/945/945
f 1094/1094/1094 947/947/947 946/946/946
f 1098/1098/1098 953/953/953 952/952/952
f 1127/1127/1127 983/983/983 982/982/982
f 1134/1134/1134 993/993/993 994/994/994
f 1139/1139/1139 999/999/999 1000/1000/1000
f 1140/1140/1140 1000/1000/1000 1001/1001/1001
f 1152/1152/1152 1011/1011/1011 1012/1012/1012
f 1158/1158/1158 1016/1016/1016 1017/1017/1017
f 1171/1171/1171 1037/1037/1037 1038/1038/1038
f 1172/1172/1172 1038/1038/1038 1039/1039/1039
f 1179/1179/1179 1042/1042/1042 1043/1043/1043
f 1180/1180/1180 1043/1043/1043 1044/1044/1044
f 1182/1182/1182 1045/1045/1045 1046/1046/1046
f 1191/1191/1191 1048/1048/1048 1047/1047/1047
f 1193/1193/1193 1050/1050/1050 1049/1049/1049
f 1194/1194/1194 1051/1051/1051 1050/1050/1050
f 1197/1197/1197 1054/1054/1054 1053/1053/1053
f 1202/1202/1202 1056/1056/1056 1055/1055/1055
f 1203/1203/1203 1057/1057/1057 1056/1056/1056
f 1208/1208/1208 1061/1061/1061 1060/1060/1060
f 1209/1209/1209 1062/1062/1062 1061/1061/1061
f 1213/1213/1213 1065/1065/1065 1064/1064/1064
f 1216/1216/1216 1070/1070/1070 1069/1069/1069
f 1220/1220/1220 1075/1075/1075 1074/1074/1074
f 1224/1224/1224 1079/1079/1079 1078/1078/1078
f 1229/1229/1229 1085/1085/1085 1084/1084/1084
f 1230/1230/1230 1086/1086/1086 1085/1085/1085
f 1233/1233/1233 1089/1089/1089 1088/1088/1088
f 1234/1234/1234 1090/1090/1090 1089/1089/1089
f 1236/1236/1236 1092/1092/1092 1091/1091/1091
f 1237/1237/1237 1093/1093/1093 1092/1092/1092
f 1238/1238/1238 1094/1094/1094 1093/1093/1093
f 1267/1267/1267 1128/1128/1128 1129/1129/1129
f 1278/1278/1278 1141/1141/1141 1142/1142/1142
f 1282/1282/1282 1147/1147/1147 1148/1148/1148
f 1288/1288/1288 1153/1153/1153 1154/1154/1154
f 1294/1294/1294 1158/1158/1158 1159/1159/1159
f 1295/1295/1295 1159/1159/1159 1160/1160/1160
f 1307/1307/1307 1172/1172/1172 1173/1173/1173
f 1310/1310/1310 1175/1175/1175 1176/1176/1176
f 1312/1312/1312 1177/1177/1177 1178/1178/1178
f 1313/1313/1313 1178/1178/1178 1179/1179/1179
f 1316/1316/1316 1181/1181/1181 1182/1182/1182
f 1317/1317/1317 1182/1182/1182 1183/1183/1183
f 1321/1321/1321 1186/1186/1186 1185/1185/1185
f 1322/1322/1322 1187/1187/1187 1186/1186/1186
f 1323/1323/1323 1188/1188/1188 1187/1187/1187
f 1329/1329/1329 1191/1191/1191 1190/1190/1190
f 1331/1331/1331 1196/1196/1196 1195/1195/1195
f 1334/1334/1334 1200/1200/1200 1199/1199/1199
f 1335/1335/1335 1201/1201/1201 1200/1200/1200
f 1337/1337/1337 1203/1203/1203 1202/1202/1202
f 1339/1339/1339 1205/1205/1205 1204/1204/1204
f 1345/1345/1345 1212/1212/1212 1211/1211/1211
f 1354/1354/1354 1220/1220/1220 1219/1219/1219
f 1358/1358/1358 1224/1224/1224 1223/1223/1223
f 1361/1361/1361 1227/1227/1227 1226/1226/1226
f 1363/1363/1363 1229/1229/1229 1228/1228/1228
f 1365/1365/1365 1231/1231/1231 1230/1230/1230
f 1367/1367/1367 1233/1233/1233 1232/1232/1232
f 1369/1369/1369 1235/1235/1235 1234/1234/1234
f 1373/1373/1373 1239/1239/1239 1238/1238/1238
f 1381/1381/1381 1248/1248/1248 1249/1249/1249
f 1409/1409/1409 1274/1274/1274 1275/1275/1275
f 1411/1411/1411 1276/1276/1276 1277/1277/1277
f 1415/1415/1415 1283/1283/1283 1284/1284/1284
f 1419/1419/1419 1289/1289/1289 1290/1290/1290
f 1423/1423/1423 1295/1295/1295 1296/1296/1296
f 1424/1424/1424 1296/1296/1296 1297/1297/1297
f 1429/1429/1429 1301/1301/1301 1302/1302/1302
f 1436/1436/1436 1307/1307/1307 1308/1308/1308
f 1441/1441/1441 1310/1310/1310 1311/1311/1311
f 1442/1442/1442 1311/1311/1311 1312/1312/1312
f 1444/1444/1444 1313/1313/1313 1314/1314/1314
f 1445/1445/1445 1314/1314/1314 1315/1315/1315
f 1453/1453/1453 1321/1321/1321 1320/1320/1320
f 1455/1455/1455 1323/1323/1323 1322/1322/1322
f 1463/1463/1463 1328/1328/1328 1327/1327/1327
f 1472/1472/1472 1335/1335/1335 1334/1334/1334
f 1473/1473/1473 1336/1336/1336 1335/1335/1335
f 1477/1477/1477 1341/1341/1341 1340/1340/1340
f 1484/1484/1484 1349/1349/1349 1348/1348/1348
f 1488/1488/1488 1353/1353/1353 1352/1352/1352
f 1492/1492/1492 1357/1357/1357 1356/1356/1356
f 1499/1499/1499 1364/1364/1364 1363/1363/1363
f 1501/1501/1501 1366/1366/1366 1365/1365/1365
f 1502/1502/1502 1367/1367/1367 1366/1366/1366
f 1503/1503/1503 1368/1368/1368 1367/1367/1367
f 1504/1504/1504 1369/1369/1369 1368/1368/1368
f 1506/1506/1506 1371/1371/1371 1370/1370/1370
f 1507/1507/1507 1372/1372/1372 1371/1371/1371
f 1514/1514/1514 1377/1377/1377 1376/1376/1376
f 1529/1529/1529 1397/1397/1397 1398/1398/1398
f 1532/1532/1532 1400/1400/1400 1399/1399/1399
f 1538/1538/1538 1404/1404/1404 1405/1405/1405
f 1541/1541/1541 1407/1407/1407 1408/1408/1408
f 1549/1549/1549 1415/1415/1415 1416/1416/1416
f 1558/1558/1558 1424/1424/1424 1425/1425/1425
f 1559/1559/1559 1425/1425/1425 1426/1426/1426
f 1564/1564/1564 1430/1430/1430 1431/1431/1431
f 1571/1571/1571 1436/1436/1436 1437/1437/1437
f 1572/1572/1572 1437/1437/1437 1438/1438/1438
f 1576/1576/1576 1440/1440/1440 1441/1441/1441
f 1577/1577/1577 1441/1441/1441 1442/1442/1442
f 1578/1578/1578 1442/1442/1442 1443/1443/1443
f 1582/1582/1582 1446/1446/1446 1447/1447/1447
f 1593/1593/1593 1453/1453/1453 1452/1452/1452
f 1595/1595/1595 1455/1455/1455 1454/1454/1454
f 1596/1596/1596 1456/1456/1456 1455/1455/1455
f 1599/1599/1599 1459/1459/1459 1458/1458/1458
f 1602/1602/1602 1462/1462/1462 1461/1461/1461
f 1603/1603/1603 1463/1463/1463 1462/1462/1462
f 1604/1604/1604 1464/1464/1464 1463/1463/1463
f 1608/1608/1608 1469/1469/1469 1468/1468/1468
f 1612/1612/1612 1478/1478/1478 1479/1479/1479
f 1616/1616/1616 1481/1481/1481 1480/1480/1480
f 1625/1625/1625 1488/1488/1488 1487/1487/1487
f 1628/1628/1628 1492/1492/1492 1491/1491/1491
f 1631/1631/1631 1496/1496/1496 1495/1495/1495
f 1635/1635/1635 1501/1501/1501 1500/1500/1500
f 1637/1637/1637 1503/1503/1503 1502/1502/1502
f 1640/1640/1640 1506/1506/1506 1505/1505/1505
f 1647/1647/1647 1515/1515/1515 1516/1516/1516
f 1651/1651/1651 1520/1520/1520 1521/1521/1521
f 1660/1660/1660 1527/1527/1527 1528/1528/1528
f 1668/1668/1668 1536/1536/1536 1537/1537/1537
f 1670/1670/1670 1538/1538/1538 1539/1539/1539
f 1675/1675/1675 1543/1543/1543 1544/1544/1544
f 1688/1688/1688 1553/1553/1553 1554/1554/1554
f 1693/1693/1693 1559/1559/1559 1560/1560/1560
f 1698/1698/1698 1564/1564/1564 1565/1565/1565
f 1699/1699/1699 1565/1565/1565 1566/1566/1566
f 1704/1704/1704 1570/1570/1570 1571/1571/1571
f 1705/1705/1705 1571/1571/1571 1572/1572/1572
f 1709/1709/1709 1575/1575/1575 1576/1576/1576
f 1714/1714/1714 1582/1582/1582 1583/1583/1583
f 1725/1725/1725 1588/1588/1588 1589/1589/1589
f 1735/1735/1735 1591/1591/1591 1590/1590/1590
f 1736/1736/1736 1592/1592/1592 1591/1591/1591
f 1738/1738/1738 1594/1594/1594 1593/1593/1593
f 1739/1739/1739 1595/1595/1595 1594/1594/1594
f 1740/1740/1740 1596/1596/1596 1595/1595/1595
f 1741/1741/1741 1597/1597/1597 1596/1596/1596
f 1744/1744/1744 1600/1600/1600 1599/1599/1599
f 1746/1746/1746 1602/1602/1602 1601/1601/1601
f 1748/1748/1748 1606/1606/1606 1605/1605/1605
f 1755/1755/1755 1611/1611/1611 1610/1610/1610
f 1759/1759/1759 1615/1615/1615 1614/1614/1614
f 1761/1761/1761 1618/1618/1618 1617/1617/1617
f 1766/1766/1766 1624/1624/1624 1623/1623/1623
f 1772/1772/1772 1631/1631/1631 1630/1630/1630
f 1774/1774/1774 1633/1633/1633 1632/1632/1632
f 1775/1775/1775 1634/1634/1634 1633/1633/1633
f 1779/1779/1779 1638/1638/1638 1637/1637/1637
f 1781/1781/1781 1640/1640/1640 1639/1639/1639
f 1782/1782/1782 1641/1641/1641 1640/1640/1640
f 1783/1783/1783 1642/1642/1642 1641/1641/1641
f 1804/1804/1804 1661/1661/1661 1660/1660/1660
f 1819/1819/1819 1680/1680/1680 1681/1681/1681
f 1822/1822/1822 1684/1684/1684 1685/1685/1685
f 1829/1829/1829 1692/1692/1692 1693/1693/1693
f 1830/1830/1830 1693/1693/1693 1694/1694/1694
f 1843/1843/1843 1708/1708/1708 1709/1709/1709
f 1846/1846/1846 1718/1718/1718 1719/1719/1719
f 1852/1852/1852 1723/1723/1723 1724/1724/1724
f 1855/1855/1855 1726/1726/1726 1727/1727/1727
f 1856/1856/1856 1727/1727/1727 1728/1728/1728
f 1857/1857/1857 1728/1728/1728 1729/1729/1729
f 1858/1858/1858 1729/1729/1729 1730/1730/1730
f 1861/1861/1861 1732/1732/1732 1731/1731/1731
f 1862/1862/1862 1733/1733/1733 1732/1732/1732
f 1863/1863/1863 1734/1734/1734 1733/1733/1733
f 1870/1870/1870 1741/1741/1741 1740/1740/1740
f 1873/1873/1873 1743/1743/1743 1742/1742/1742
f 1877/1877/1877 1750/1750/1750 1749/1749/1749
f 1881/1881/1881 1754/1754/1754 1753/1753/1753
f 1882/1882/1882 1755/1755/1755 1754/1754/1754
f 1894/1894/1894 1768/1768/1768 1767/1767/1767
f 1899/1899/1899 1772/1772/1772 1771/1771/1771
f 1902/1902/1902 1774/1774/1774 1773/1773/1773
f 1903/1903/1903 1775/1775/1775 1774/1774/1774
f 1905/1905/1905 1777/1777/1777 1776/1776/1776
f 1906/1906/1906 1778/1778/1778 1777/1777/1777
f 1911/1911/1911 1783/1783/1783 1782/1782/1782
f 1929/1929/1929 1805/1805/1805 1806/1806/1806
f 1936/1936/1936 1811/1811/1811 1812/1812/1812
f 1944/1944/1944 1817/1817/1817 1818/1818/1818
f 1950/1950/1950 1824/1824/1824 1825/1825/1825
f 1952/1952/1952 1826/1826/1826 1827/1827/1827
f 1956/1956/1956 1830/1830/1830 1831/1831/1831
f 1958/1958/1958 1832/1832/1832 1833/1833/1833
f 1962/1962/1962 1835/1835/1835 1836/1836/1836
f 1964/1964/1964 1837/1837/1837 1838/1838/1838
f 1967/1967/1967 1840/1840/1840 1841/1841/1841
f 1969/1969/1969 1842/1842/1842 1843/1843/1843
f 1970/1970/1970 1843/1843/1843 1844/1844/1844
f 1980/1980/1980 1850/1850/1850 1851/1851/1851
f 1982/1982/1982 1852/1852/1852 1853/1853/1853
f 1988/1988/1988 1858/1858/1858 1859/1859/1859
f 1992/1992/1992 1861/1861/1861 1860/1860/1860
f 1997/1997/1997 1866/1866/1866 1865/1865/1865
f 2000/2000/2000 1869/1869/1869 1868/1868/1868
f 2002/2002/2002 1872/1872/1872 1871/1871/1871
f 2003/2003/2003 1873/1873/1873 1872/1872/1872
f 2015/2015/2015 1886/1886/1886 1885/1885/1885
f 2017/2017/2017 1888/1888/1888 1887/1887/1887
f 2023/2023/2023 1892/1892/1892 1891/1891/1891
f 2030/2030/2030 1899/1899/1899 1898/1898/1898
f 2033/2033/2033 1901/1901/1901 1900/1900/1900
f 2035/2035/2035 1903/1903/1903 1902/1902/1902
f 2036/2036/2036 1904/1904/1904 1903/1903/1903
f 2037/2037/2037 1905/1905/1905 1904/1904/1904
f 2038/2038/2038 1906/1906/1906 1905/1905/1905
f 2043/2043/2043 1911/1911/1911 1910/1910/1910
f 2061/2061/2061 1926/1926/1926 1925/1925/1925
f 2067/2067/2067 1932/1932/1932 1933/1933/1933
f 2087/2087/2087 1950/1950/1950 1951/1951/1951
f 2091/2091/2091 1954/1954/1954 1955/1955/1955
f 2095/2095/2095 1956/1956/1956 1957/1957/1957
f 2097/2097/2097 1959/1959/1959 1960/1960/1960
f 2103/2103/2103 1962/1962/1962 1963/1963/1963
f 2106/2106/2106 1965/1965/1965 1966/1966/1966
f 2114/2114/2114 1971/1971/1971 1972/1972/1972
f 2117/2117/2117 1974/1974/1974 1975/1975/1975
f 2122/2122/2122 1976/1976/1976 1977/1977/1977
f 2124/2124/2124 1979/1979/1979 1980/1980/1980
f 2129/2129/2129 1985/1985/1985 1986/1986/1986
f 2130/2130/2130 1986/1986/1986 1987/1987/1987
f 2135/2135/2135 1991/1991/1991 1990/1990/1990
f 2136/2136/2136 1992/1992/1992 1991/1991/1991
f 2139/2139/2139 1995/1995/1995 1994/1994/1994
f 2140/2140/2140 1996/1996/1996 1995/1995/1995
f 2144/2144/2144 2000/2000/2000 1999/1999/1999
f 2146/2146/2146 2002/2002/2002 2001/2001/2001
f 2150/2150/2150 2006/2006/2006 2005/2005/2005
f 2159/2159/2159 2014/2014/2014 2013/2013/2013
f 2175/2175/2175 2032/2032/2032 2031/2031/2031
f 2176/2176/2176 2033/2033/2033 2032/2032/2032
f 2178/2178/2178 2035/2035/2035 2034/2034/2034
f 2180/2180/2180 2037/2037/2037 2036/2036/2036
f 2181/2181/2181 2038/2038/2038 2037/2037/2037
f 2185/2185/2185 2042/2042/2042 2041/2041/2041
f 2188/2188/2188 2046/2046/2046 2045/2045/2045
f 2194/2194/2194 2052/2052/2052 2051/2051/2051
f 2200/2200/2200 2058/2058/2058 2057/2057/2057
f 2203/2203/2203 2062/2062/2062 2063/2063/2063
f 2221/2221/2221 2084/2084/2084 2085/2085/2085
f 2234/2234/2234 2097/2097/2097 2098/2098/2098
f 2244/2244/2244 2106/2106/2106 2107/2107/2107
f 2250/2250/2250 2111/2111/2111 2112/2112/2112
f 2252/2252/2252 2113/2113/2113 2114/2114/2114
f 2263/2263/2263 2124/2124/2124 2125/2125/2125
f 2267/2267/2267 2128/2128/2128 2129/2129/2129
f 2275/2275/2275 2135/2135/2135 2134/2134/2134
f 2278/2278/2278 2138/2138/2138 2137/2137/2137
f 2279/2279/2279 2139/2139/2139 2138/2138/2138
f 2280/2280/2280 2140/2140/2140 2139/2139/2139
f 2281/2281/2281 2141/2141/2141 2140/2140/2140
f 2283/2283/2283 2143/2143/2143 2142/2142/2142
f 2291/2291/2291 2146/2146/2146 2145/2145/2145
f 2299/2299/2299 2150/2150/2150 2149/2149/2149
f 2300/2300/2300 2151/2151/2151 2150/2150/2150
f 2306/2306/2306 2155/2155/2155 2154/2154/2154
f 2323/2323/2323 2167/2167/2167 2166/2166/2166
f 2329/2329/2329 2172/2172/2172 2171/2171/2171
f 2331/2331/2331 2174/2174/2174 2173/2173/2173
f 2332/2332/2332 2175/2175/2175 2174/2174/2174
f 2337/2337/2337 2180/2180/2180 2179/2179/2179
f 2338/2338/2338 2181/2181/2181 2180/2180/2180
f 2342/2342/2342 2185/2185/2185 2184/2184/2184
f 2351/2351/2351 2197/2197/2197 2196/2196/2196
f 2359/2359/2359 2203/2203/2203 2204/2204/2204
f 2368/2368/2368 2209/2209/2209 2210/2210/2210
f 2370/2370/2370 2211/2211/2211 2212/2212/2212
f 2375/2375/2375 2216/2216/2216 2217/2217/2217
f 2377/2377/2377 2218/2218/2218 2219/2219/2219
f 2387/2387/2387 2228/2228/2228 2229/2229/2229
f 2394/2394/2394 2235/2235/2235 2236/2236/2236
f 2397/2397/2397 2237/2237/2237 2238/2238/2238
f 2400/2400/2400 2240/2240/2240 2241/2241/2241
f 2403/2403/2403 2245/2245/2245 2246/2246/2246
f 2411/2411/2411 2250/2250/2250 2251/2251/2251
f 2413/2413/2413 2253/2253/2253 2254/2254/2254
f 2421/2421/2421 2259/2259/2259 2260/2260/2260
f 2424/2424/2424 2263/2263/2263 2264/2264/2264
f 2425/2425/2425 2264/2264/2264 2265/2265/2265
f 2428/2428/2428 2266/2266/2266 2267/2267/2267
f 2441/2441/2441 2273/2273/2273 2272/2272/2272
f 2444/2444/2444 2276/2276/2276 2275/2275/2275
f 2447/2447/2447 2279/2279/2279 2278/2278/2278
f 2448/2448/2448 2280/2280/2280 2279/2279/2279
f 2455/2455/2455 2287/2287/2287 2286/2286/2286
f 2456/2456/2456 2288/2288/2288 2287/2287/2287
f 2457/2457/2457 2289/2289/2289 2288/2288/2288
f 2464/2464/2464 2318/2318/2318 2319/2319/2319
f 2477/2477/2477 2334/2334/2334 2333/2333/2333
f 2478/2478/2478 2335/2335/2335 2334/2334/2334
f 2479/2479/2479 2336/2336/2336 2335/2335/2335
f 2481/2481/2481 2338/2338/2338 2337/2337/2337
f 2502/2502/2502 2355/2355/2355 2356/2356/2356
f 2511/2511/2511 2365/2365/2365 2364/2364/2364
f 2512/2512/2512 2366/2366/2366 2367/2367/2367
f 2514/2514/2514 2368/2368/2368 2369/2369/2369
f 2518/2518/2518 2373/2373/2373 2374/2374/2374
f 2520/2520/2520 2375/2375/2375 2376/2376/2376
f 2525/2525/2525 2381/2381/2381 2382/2382/2382
f 2533/2533/2533 2391/2391/2391 2392/2392/2392
f 2535/2535/2535 2393/2393/2393 2394/2394/2394
f 2537/2537/2537 2395/2395/2395 2396/2396/2396
f 2539/2539/2539 2400/2400/2400 2401/2401/2401
f 2542/2542/2542 2404/2404/2404 2405/2405/2405
f 2548/2548/2548 2410/2410/2410 2411/2411/2411
f 2549/2549/2549 2411/2411/2411 2412/2412/2412
f 2557/2557/2557 2418/2418/2418 2419/2419/2419
f 2559/2559/2559 2420/2420/2420 2421/2421/2421
f 2560/2560/2560 2421/2421/2421 2422/2422/2422
f 2563/2563/2563 2424/2424/2424 2425/2425/2425
f 2565/2565/2565 2426/2426/2426 2427/2427/2427
f 2568/2568/2568 2432/2432/2432 2431/2431/2431
f 2569/2569/2569 2433/2433/2433 2432/2432/2432
f 2572/2572/2572 2436/2436/2436 2435/2435/2435
f 2573/2573/2573 2437/2437/2437 2436/2436/2436
f 2574/2574/2574 2438/2438/2438 2437/2437/2437
f 2576/2576/2576 2440/2440/2440 2439/2439/2439
f 2578/2578/2578 2442/2442/2442 2441/2441/2441
f 2581/2581/2581 2447/2447/2447 2446/2446/2446
f 2582/2582/2582 2448/2448/2448 2447/2447/2447
f 2584/2584/2584 2450/2450/2450 2449/2449/2449
f 2606/2606/2606 2474/2474/2474 2473/2473/2473
f 2610/2610/2610 2478/2478/2478 2477/2477/2477
f 2611/2611/2611 2479/2479/2479 2478/2478/2478
f 2612/2612/2612 2480/2480/2480 2479/2479/2479
f 2618/2618/2618 2486/2486/2486 2487/2487/2487
f 2640/2640/2640 2512/2512/2512 2513/2513/2513
f 2661/2661/2661 2531/2531/2531 2532/2532/2532
f 2666/2666/2666 2535/2535/2535 2536/2536/2536
f 2671/2671/2671 2540/2540/2540 2541/2541/2541
f 2673/2673/2673 2542/2542/2542 2543/2543/2543
f 2681/2681/2681 2545/2545/2545 2546/2546/2546
f 2684/2684/2684 2548/2548/2548 2549/2549/2549
f 2688/2688/2688 2552/2552/2552 2553/2553/2553
f 2689/2689/2689 2553/2553/2553 2554/2554/2554
f 2691/2691/2691 2555/2555/2555 2556/2556/2556
f 2692/2692/2692 2556/2556/2556 2557/2557/2557
f 2695/2695/2695 2560/2560/2560 2561/2561/2561
f 2696/2696/2696 2561/2561/2561 2562/2562/2562
f 2699/2699/2699 2568/2568/2568 2567/2567/2567
f 2701/2701/2701 2570/2570/2570 2569/2569/2569
f 2709/2709/2709 2578/2578/2578 2577/2577/2577
f 2711/2711/2711 2580/2580/2580 2579/2579/2579
f 2716/2716/2716 2585/2585/2585 2584/2584/2584
f 2720/2720/2720 2589/2589/2589 2588/2588/2588
f 2726/2726/2726 2599/2599/2599 2600/2600/2600
f 2730/2730/2730 2603/2603/2603 2604/2604/2604
f 2733/2733/2733 2606/2606/2606 2605/2605/2605
f 2734/2734/2734 2607/2607/2607 2606/2606/2606
f 2737/2737/2737 2610/2610/2610 2609/2609/2609
f 2740/2740/2740 2613/2613/2613 2612/2612/2612
f 2744/2744/2744 2617/2617/2617 2616/2616/2616
f 2757/2757/2757 2629/2629/2629 2628/2628/2628
f 2762/2762/2762 2632/2632/2632 2633/2633/2633
f 2775/2775/2775 2647/2647/2647 2648/2648/2648
f 2783/2783/2783 2654/2654/2654 2655/2655/2655
f 2792/2792/2792 2662/2662/2662 2663/2663/2663
f 2797/2797/2797 2667/2667/2667 2668/2668/2668
f 2798/2798/2798 2668/2668/2668 2669/2669/2669
f 2806/2806/2806 2673/2673/2673 2674/2674/2674
f 2807/2807/2807 2674/2674/2674 2675/2675/2675
f 2810/2810/2810 2677/2677/2677 2678/2678/2678
f 2814/2814/2814 2681/2681/2681 2682/2682/2682
f 2820/2820/2820 2689/2689/2689 2690/2690/2690
f 2827/2827/2827 2701/2701/2701 2700/2700/2700
f 2829/2829/2829 2703/2703/2703 2702/2702/2702
f 2830/2830/2830 2704/2704/2704 2703/2703/2703
f 2831/2831/2831 2705/2705/2705 2704/2704/2704
f 2832/2832/2832 2706/2706/2706 2705/2705/2705
f 2833/2833/2833 2707/2707/2707 2706/2706/2706
f 2834/2834/2834 2708/2708/2708 2707/2707/2707
f 2838/2838/2838 2711/2711/2711 2710/2710/2710
f 2842/2842/2842 2715/2715/2715 2714/2714/2714
f 2843/2843/2843 2716/2716/2716 2715/2715/2715
f 2850/2850/2850 2724/2724/2724 2723/2723/2723
f 2855/2855/2855 2728/2728/2728 2729/2729/2729
f 2856/2856/2856 2729/2729/2729 2730/2730/2730
f 2857/2857/2857 2730/2730/2730 2731/2731/2731
f 2861/2861/2861 2734/2734/2734 2733/2733/2733
f 2863/2863/2863 2736/2736/2736 2735/2735/2735
f 2864/2864/2864 2737/2737/2737 2736/2736/2736
f 2865/2865/2865 2738/2738/2738 2737/2737/2737
f 2866/2866/2866 2739/2739/2739 2738/2738/2738
f 2867/2867/2867 2740/2740/2740 2739/2739/2739
f 2870/2870/2870 2743/2743/2743 2742/2742/2742
f 2871/2871/2871 2744/2744/2744 2743/2743/2743
f 2885/2885/2885 2754/2754/2754 2753/2753/2753
f 2889/2889/2889 2758/2758/2758 2759/2759/2759
f 2900/2900/2900 2771/2771/2771 2772/2772/2772
f 2907/2907/2907 2779/2779/2779 2780/2780/2780
f 2914/2914/2914 2786/2786/2786 2787/2787/2787
f 2915/2915/2915 2787/2787/2787 2788/2788/2788
f 2919/2919/2919 2793/2793/2793 2794/2794/2794
f 2926/2926/2926 2798/2798/2798 2799/2799/2799
f 2927/2927/2927 2799/2799/2799 2800/2800/2800
f 2941/2941/2941 2809/2809/2809 2810/2810/2810
f 2942/2942/2942 2810/2810/2810 2811/2811/2811
f 2944/2944/2944 2812/2812/2812 2813/2813/2813
f 2945/2945/2945 2813/2813/2813 2814/2814/2814
f 2952/2952/2952 2826/2826/2826 2825/2825/2825
f 2954/2954/2954 2829/2829/2829 2828/2828/2828
f 2955/2955/2955 2830/2830/2830 2829/2829/2829
f 2956/2956/2956 2831/2831/2831 2830/2830/2830
f 2958/2958/2958 2833/2833/2833 2832/2832/2832
f 2959/2959/2959 2834/2834/2834 2833/2833/2833
f 2963/2963/2963 2837/2837/2837 2836/2836/2836
f 2966/2966/2966 2840/2840/2840 2839/2839/2839
f 2967/2967/2967 2841/2841/2841 2840/2840/2840
f 2968/2968/2968 2842/2842/2842 2841/2841/2841
f 2973/2973/2973 2845/2845/2845 2844/2844/2844
f 2981/2981/2981 2855/2855/2855 2856/2856/2856
f 2982/2982/2982 2856/2856/2856 2857/2857/2857
f 2983/2983/2983 2857/2857/2857 2858/2858/2858
f 2989/2989/2989 2861/2861/2861 2860/2860/2860
f 2990/2990/2990 2862/2862/2862 2861/2861/2861
f 2993/2993/2993 2865/2865/2865 2864/2864/2864
f 2994/2994/2994 2866/2866/2866 2865/2865/2865
f 2995/2995/2995 2867/2867/2867 2866/2866/2866
f 2997/2997/2997 2869/2869/2869 2868/2868/2868
f 2998/2998/2998 2870/2870/2870 2869/2869/2869
f 2999/2999/2999 2871/2871/2871 2870/2870/2870
f 3000/3000/3000 2872/2872/2872 2873/2873/2873
f 3007/3007/3007 2880/2880/2880 2881/2881/2881
f 3022/3022/3022 2896/2896/2896 2897/2897/2897
f 3034/3034/3034 2907/2907/2907 2908/2908/2908
f 3043/3043/3043 2914/2914/2914 2915/2915/2915
f 3044/3044/3044 2915/2915/2915 2916/2916/2916
f 3049/3049/3049 2919/2919/2919 2920/2920/2920
f 3050/3050/3050 2920/2920/2920 2921/2921/2921
f 3060/3060/3060 2923/2923/2923 2924/2924/2924
f 3063/3063/3063 2927/2927/2927 2928/2928/2928
f 3069/3069/3069 2930/2930/2930 2931/2931/2931
f 3072/3072/3072 2933/2933/2933 2934/2934/2934
f 3076/3076/3076 2939/2939/2939 2940/2940/2940
f 3077/3077/3077 2940/2940/2940 2941/2941/2941
f 3078/3078/3078 2941/2941/2941 2942/2942/2942
f 3081/3081/3081 2945/2945/2945 2946/2946/2946
f 3088/3088/3088 2958/2958/2958 2957/2957/2957
f 3089/3089/3089 2959/2959/2959 2958/2958/2958
f 3090/3090/3090 2960/2960/2960 2959/2959/2959
f 3092/3092/3092 2962/2962/2962 2961/2961/2961
f 3095/3095/3095 2965/2965/2965 2964/2964/2964
f 3098/3098/3098 2970/2970/2970 2969/2969/2969
f 3099/3099/3099 2971/2971/2971 2970/2970/2970
f 3100/3100/3100 2972/2972/2972 2971/2971/2971
f 3119/3119/3119 2984/2984/2984 2985/2985/2985
f 3120/3120/3120 2985/2985/2985 2986/2986/2986
f 3124/3124/3124 2990/2990/2990 2989/2989/2989
f 3125/3125/3125 2991/2991/2991 2990/2990/2990
f 3126/3126/3126 2992/2992/2992 2991/2991/2991
f 3127/3127/3127 2993/2993/2993 2992/2992/2992
f 3128/3128/3128 2994/2994/2994 2993/2993/2993
f 3133/3133/3133 2999/2999/2999 2998/2998/2998
f 3153/3153/3153 3018/3018/3018 3019/3019/3019
f 3167/3167/3167 3030/3030/3030 3031/3031/3031
f 3180/3180/3180 3039/3039/3039 3040/3040/3040
f 3193/3193/3193 3044/3044/3044 3045/3045/3045
f 3194/3194/3194 3045/3045/3045 3046/3046/3046
f 3211/3211/3211 3050/3050/3050 3051/3051/3051
f 3212/3212/3212 3051/3051/3051 3052/3052/3052
f 3219/3219/3219 3054/3054/3054 3055/3055/3055
f 3220/3220/3220 3055/3055/3055 3056/3056/3056
f 3221/3221/3221 3056/3056/3056 3057/3057/3057
f 3224/3224/3224 3059/3059/3059 3060/3060/3060
f 3227/3227/3227 3064/3064/3064 3065/3065/3065
f 3239/3239/3239 3089/3089/3089 3088/3088/3088
f 3240/3240/3240 3090/3090/3090 3089/3089/3089
f 3244/3244/3244 3094/3094/3094 3093/3093/3093
f 3247/3247/3247 3097/3097/3097 3096/3096/3096
f 3250/3250/3250 3103/3103/3103 3102/3102/3102
f 3251/3251/3251 3104/3104/3104 3103/3103/3103
f 3252/3252/3252 3105/3105/3105 3104/3104/3104
f 3253/3253/3253 3106/3106/3106 3105/3105/3105
f 3264/3264/3264 3112/3112/3112 3111/3111/3111
f 3271/3271/3271 3116/3116/3116 3117/3117/3117
f 3272/3272/3272 3117/3117/3117 3118/3118/3118
f 3273/3273/3273 3118/3118/3118 3119/3119/3119
f 3275/3275/3275 3120/3120/3120 3121/3121/3121
f 3281/3281/3281 3124/3124/3124 3123/3123/3123
f 3282/3282/3282 3125/3125/3125 3124/3124/3124
f 3284/3284/3284 3127/3127/3127 3126/3126/3126
f 3285/3285/3285 3128/3128/3128 3127/3127/3127
f 3314/3314/3314 3149/3149/3149 3150/3150/3150
f 3328/3328/3328 3162/3162/3162 3163/3163/3163
f 3337/3337/3337 3168/3168/3168 3169/3169/3169
f 3364/3364/3364 3181/3181/3181 3182/3182/3182
f 3365/3365/3365 3182/3182/3182 3183/3183/3183
f 3374/3374/3374 3185/3185/3185 3186/3186/3186
f 3375/3375/3375 3186/3186/3186 3187/3187/3187
f 3380/3380/3380 3195/3195/3195 3196/3196/3196
f 3381/3381/3381 3196/3196/3196 3197/3197/3197
f 3384/3384/3384 3199/3199/3199 3200/3200/3200
f 3388/3388/3388 3205/3205/3205 3206/3206/3206
f 3391/3391/3391 3234/3234/3234 3233/3233/3233
f 3395/3395/3395 3238/3238/3238 3237/3237/3237
f 3397/3397/3397 3240/3240/3240 3239/3239/3239
f 3400/3400/3400 3243/3243/3243 3242/3242/3242
f 3403/3403/3403 3246/3246/3246 3245/3245/3245
f 3406/3406/3406 3249/3249/3249 3248/3248/3248
f 3409/3409/3409 3255/3255/3255 3254/3254/3254
f 3413/3413/3413 3260/3260/3260 3259/3259/3259
f 3418/3418/3418 3263/3263/3263 3262/3262/3262
f 3444/3444/3444 3273/3273/3273 3274/3274/3274
f 3445/3445/3445 3274/3274/3274 3275/3275/3275
f 3448/3448/3448 3277/3277/3277 3278/3278/3278
f 3454/3454/3454 3284/3284/3284 3283/3283/3283
f 3455/3455/3455 3285/3285/3285 3284/3284/3284
f 3483/3483/3483 3312/3312/3312 3313/3313/3313
f 3491/3491/3491 3316/3316/3316 3317/3317/3317
f 3493/3493/3493 3318/3318/3318 3319/3319/3319
f 3502/3502/3502 3323/3323/3323 3324/3324/3324
f 3512/3512/3512 3330/3330/3330 3331/3331/3331
f 3513/3513/3513 3331/3331/3331 3332/3332/3332
f 3525/3525/3525 3340/3340/3340 3341/3341/3341
f 3536/3536/3536 3353/3353/3353 3354/3354/3354
f 3544/3544/3544 3368/3368/3368 3369/3369/3369
f 3552/3552/3552 3393/3393/3393 3392/3392/3392
f 3553/3553/3553 3394/3394/3394 3393/3393/3393
f 3556/3556/3556 3397/3397/3397 3396/3396/3396
f 3557/3557/3557 3398/3398/3398 3397/3397/3397
f 3558/3558/3558 3399/3399/3399 3398/3398/3398
f 3569/3569/3569 3402/3402/3402 3401/3401/3401
f 3573/3573/3573 3405/3405/3405 3404/3404/3404
f 3584/3584/3584 3415/3415/3415 3414/3414/3414
f 3595/3595/3595 3424/3424/3424 3423/3423/3423
f 3596/3596/3596 3425/3425/3425 3424/3424/3424
f 3599/3599/3599 3428/3428/3428 3427/3427/3427
f 3604/3604/3604 3433/3433/3433 3434/3434/3434
f 3607/3607/3607 3436/3436/3436 3437/3437/3437
f 3626/3626/3626 3451/3451/3451 3450/3450/3450
f 3628/3628/3628 3453/3453/3453 3452/3452/3452
f 3629/3629/3629 3454/3454/3454 3453/3453/3453
f 3634/3634/3634 3459/3459/3459 3458/3458/3458
f 3668/3668/3668 3486/3486/3486 3487/3487/3487
f 3689/3689/3689 3505/3505/3505 3506/3506/3506
f 3690/3690/3690 3506/3506/3506 3507/3507/3507
f 3706/3706/3706 3518/3518/3518 3519/3519/3519
f 3707/3707/3707 3519/3519/3519 3520/3520/3520
f 3708/3708/3708 3520/3520/3520 3521/3521/3521
f 3712/3712/3712 3527/3527/3527 3528/3528/3528
f 3719/3719/3719 3538/3538/3538 3539/3539/3539
f 3729/3729/3729 3564/3564/3564 3563/3563/3563
f 3732/3732/3732 3567/3567/3567 3566/3566/3566
f 3742/3742/3742 3571/3571/3571 3570/3570/3570
f 3753/3753/3753 3575/3575/3575 3574/3574/3574
f 3769/3769/3769 3580/3580/3580 3581/3581/3581
f 3776/3776/3776 3583/3583/3583 3582/3582/3582
f 3781/3781/3781 3590/3590/3590 3591/3591/3591
f 3782/3782/3782 3591/3591/3591 3592/3592/3592
f 3788/3788/3788 3608/3608/3608 3609/3609/3609
f 3793/3793/3793 3611/3611/3611 3610/3610/3610
f 3799/3799/3799 3621/3621/3621 3620/3620/3620
f 3801/3801/3801 3623/3623/3623 3622/3622/3622
f 3802/3802/3802 3624/3624/3624 3623/3623/3623
f 3803/3803/3803 3625/3625/3625 3624/3624/3624
f 3806/3806/3806 3628/3628/3628 3627/3627/3627
f 3807/3807/3807 3629/3629/3629 3628/3628/3628
f 3812/3812/3812 3634/3634/3634 3633/3633/3633
f 3856/3856/3856 3648/3648/3648 3649/3649/3649
f 3859/3859/3859 3650/3650/3650 3651/3651/3651
f 3868/3868/3868 3655/3655/3655 3656/3656/3656
f 3886/3886/3886 3666/3666/3666 3667/3667/3667
f 3906/3906/3906 3680/3680/3680 3681/3681/3681
f 3907/3907/3907 3681/3681/3681 3682/3682/3682
f 3908/3908/3908 3682/3682/3682 3683/3683/3683
f 3923/3923/3923 3697/3697/3697 3698/3698/3698
f 3927/3927/3927 3702/3702/3702 3703/3703/3703
f 3933/3933/3933 3713/3713/3713 3714/3714/3714
f 3934/3934/3934 3714/3714/3714 3715/3715/3715
f 3935/3935/3935 3715/3715/3715 3716/3716/3716
f 3941/3941/3941 3741/3741/3741 3740/3740/3740
f 3942/3942/3942 3748/3748/3748 3749/3749/3749
f 3949/3949/3949 3792/3792/3792 3791/3791/3791
f 3956/3956/3956 3807/3807/3807 3806/3806/3806
f 3957/3957/3957 3808/3808/3808 3807/3807/3807
f 3961/3961/3961 3812/3812/3812 3811/3811/3811
f 3977/3977/3977 3836/3836/3836 3835/3835/3835
f 3981/3981/3981 3845/3845/3845 3846/3846/3846
f 3983/3983/3983 3847/3847/3847 3848/3848/3848
f 3991/3991/3991 3860/3860/3860 3861/3861/3861
f 3995/3995/3995 3863/3863/3863 3862/3862/3862
f 4003/4003/4003 3876/3876/3876 3877/3877/3877
f 4010/4010/4010 3882/3882/3882 3881/3881/3881
f 4013/4013/4013 3886/3886/3886 3887/3887/3887
f 4020/4020/4020 3895/3895/3895 3896/3896/3896
f 4028/4028/4028 3908/3908/3908 3909/3909/3909
f 4029/4029/4029 3909/3909/3909 3910/3910/3910
f 4032/4032/4032 3912/3912/3912 3913/3913/3913
f 4033/4033/4033 3913/3913/3913 3914/3914/3914
f 4036/4036/4036 3917/3917/3917 3918/3918/3918
f 4040/4040/4040 3956/3956/3956 3955/3955/3955
f 4041/4041/4041 3957/3957/3957 3956/3956/3956
f 4042/4042/4042 3958/3958/3958 3957/3957/3957
f 4048/4048/4048 3968/3968/3968 3967/3967/3967
f 4050/4050/4050 3970/3970/3970 3969/3969/3969
f 4059/4059/4059 4011/4011/4011 4012/4012/4012
f 4061/4061/4061 4013/4013/4013 4014/4014/4014
f 4063/4063/4063 4021/4021/4021 4022/4022/4022
f 4067/4067/4067 4029/4029/4029 4030/4030/4030
f 4070/4070/4070 4032/4032/4032 4033/4033/4033
f 4071/4071/4071 4033/4033/4033 4034/4034/4034
f 4072/4072/4072 4034/4034/4034 4035/4035/4035
f 4077/4077/4077 4041/4041/4041 4040/4040/4040
f 4078/4078/4078 4042/4042/4042 4041/4041/4041
f 4081/4081/4081 4045/4045/4045 4044/4044/4044
f 4082/4082/4082 4046/4046/4046 4045/4045/4045
f 4084/4084/4084 4048/4048/4048 4047/4047/4047
f 4097/4097/4097 4061/4061/4061 4062/4062/4062
f 4099/4099/4099 4063/4063/4063 4064/4064/4064
f 4101/4101/4101 4065/4065/4065 4066/4066/4066
f 4103/4103/4103 4067/4067/4067 4068/4068/4068
f 4106/4106/4106 4070/4070/4070 4071/4071/4071
f 4107/4107/4107 4071/4071/4071 4072/4072/4072
f 4108/4108/4108 4072/4072/4072 4073/4073/4073
f 48/48/48 12/12/12 9/9/9
f 46/46/46 10/10/10 14/14/14
f 50/50/50 14/14/14 16/16/16
f 56/56/56 20/20/20 22/22/22
f 61/61/61 25/25/25 21/21/21
f 59/59/59 23/23/23 26/26/26
f 65/65/65 29/29/29 24/24/24
f 84/84/84 48/48/48 45/45/45
f 82/82/82 46/46/46 50/50/50
f 88/88/88 51/51/51 49/49/49
f 94/94/94 55/55/55 53/53/53
f 93/93/93 54/54/54 56/56/56
f 101/101/101 61/61/61 57/57/57
f 99/99/99 59/59/59 62/62/62
f 106/106/106 65/65/65 60/60/60
f 129/129/129 84/84/84 81/81/81
f 135/135/135 88/88/88 85/85/85
f 138/138/138 89/89/89 92/92/92
f 143/143/143 94/94/94 91/91/91
f 142/142/142 92/92/92 95/95/95
f 149/149/149 96/96/96 98/98/98
f 159/159/159 101/101/101 97/97/97
f 157/157/157 98/98/98 102/102/102
f 170/170/170 106/106/106 100/100/100
f 167/167/167 104/104/104 107/107/107
f 184/184/184 113/113/113 105/105/105
f 224/224/224 130/130/130 124/124/124
f 238/238/238 136/136/136 140/140/140
f 248/248/248 143/143/143 139/139/139
f 258/258/258 151/151/151 143/143/143
f 265/265/265 158/158/158 150/150/150
f 264/264/264 152/152/152 160/160/160
f 274/274/274 170/170/170 158/158/158
f 271/271/271 160/160/160 171/171/171
f 287/287/287 183/183/183 168/168/168
f 281/281/281 172/172/172 185/185/185
f 284/284/284 179/179/179 191/191/191
f 329/329/329 199/199/199 196/196/196
f 335/335/335 202/202/202 198/198/198
f 356/356/356 217/217/217 225/225/225
f 373/373/373 239/239/239 230/230/230
f 377/377/377 248/248/248 239/239/239
f 380/380/380 249/249/249 259/259/259
f 384/384/384 259/259/259 266/266/266
f 388/388/388 266/266/266 275/275/275
f 395/395/395 277/277/277 288/288/288
f 404/404/404 290/290/290 302/302/302
f 414/414/414 305/305/305 313/313/313
f 460/460/460 321/321/321 317/317/317
f 505/505/505 365/365/365 357/357/357
f 510/510/510 374/374/374 378/378/378
f 515/515/515 382/382/382 377/377/377
f 514/514/514 379/379/379 383/383/383
f 521/521/521 387/387/387 392/392/392
f 527/527/527 393/393/393 400/400/400
f 533/533/533 401/401/401 408/408/408
f 540/540/540 409/409/409 422/422/422
f 550/550/550 426/426/426 435/435/435
f 561/561/561 436/436/436 442/442/442
f 564/564/564 439/439/439 444/444/444
f 606/606/606 450/450/450 447/447/447
f 613/613/613 454/454/454 450/450/450
f 634/634/634 473/473/473 465/465/465
f 641/641/641 484/484/484 474/474/474
f 663/663/663 508/508/508 505/505/505
f 666/666/666 509/509/509 512/512/512
f 670/670/670 513/513/513 516/516/516
f 675/675/675 519/519/519 515/515/515
f 674/674/674 516/516/516 520/520/520
f 677/677/677 520/520/520 525/525/525
f 682/682/682 526/526/526 531/531/531
f 692/692/692 537/537/537 543/543/543
f 698/698/698 544/544/544 554/554/554
f 704/704/704 556/556/556 569/569/569
f 713/713/713 572/572/572 581/581/581
f 720/720/720 582/582/582 590/590/590
f 752/752/752 602/602/602 598/598/598
f 770/770/770 621/621/621 614/614/614
f 775/775/775 628/628/628 621/621/621
f 787/787/787 642/642/642 636/636/636
f 800/800/800 655/655/655 652/652/652
f 805/805/805 659/659/659 656/656/656
f 809/809/809 664/664/664 660/660/660
f 807/807/807 661/661/661 665/665/665
f 811/811/811 666/666/666 669/669/669
f 814/814/814 669/669/669 673/673/673
f 817/817/817 673/673/673 676/676/676
f 825/825/825 680/680/680 675/675/675
f 821/821/821 677/677/677 681/681/681
f 827/827/827 681/681/681 686/686/686
f 833/833/833 690/690/690 684/684/684
f 831/831/831 686/686/686 691/691/691
f 835/835/835 691/691/691 696/696/696
f 841/841/841 697/697/697 701/701/701
f 848/848/848 702/702/702 708/708/708
f 855/855/855 709/709/709 715/715/715
f 860/860/860 716/716/716 723/723/723
f 866/866/866 725/725/725 735/735/735
f 904/904/904 753/753/753 746/746/746
f 921/921/921 770/770/770 766/766/766
f 928/928/928 776/776/776 771/771/771
f 951/951/951 800/800/800 797/797/797
f 956/956/956 806/806/806 802/802/802
f 959/959/959 809/809/809 806/806/806
f 958/958/958 807/807/807 810/810/810
f 961/961/961 810/810/810 813/813/813
f 968/968/968 816/816/816 812/812/812
f 965/965/965 814/814/814 817/817/817
f 973/973/973 819/819/819 815/815/815
f 970/970/970 817/817/817 820/820/820
f 978/978/978 824/824/824 818/818/818
f 975/975/975 820/820/820 826/826/826
f 980/980/980 828/828/828 822/822/822
f 979/979/979 826/826/826 830/830/830
f 984/984/984 833/833/833 828/828/828
f 987/987/987 834/834/834 839/839/839
f 991/991/991 839/839/839 845/845/845
f 997/997/997 847/847/847 853/853/853
f 1004/1004/1004 854/854/854 858/858/858
f 1009/1009/1009 859/859/859 863/863/863
f 1015/1015/1015 864/864/864 870/870/870
f 1021/1021/1021 872/872/872 882/882/882
f 1024/1024/1024 878/878/878 887/887/887
f 1059/1059/1059 904/904/904 896/896/896
f 1063/1063/1063 910/910/910 904/904/904
f 1081/1081/1081 934/934/934 928/928/928
f 1097/1097/1097 952/952/952 948/948/948
f 1096/1096/1096 949/949/949 954/954/954
f 1102/1102/1102 957/957/957 960/960/960
f 1110/1110/1110 963/963/963 959/959/959
f 1107/1107/1107 961/961/961 964/964/964
f 1114/1114/1114 967/967/967 962/962/962
f 1112/1112/1112 964/964/964 969/969/969
f 1117/1117/1117 972/972/972 966/966/966
f 1115/1115/1115 969/969/969 974/974/974
f 1120/1120/1120 977/977/977 971/971/971
f 1119/1119/1119 975/975/975 979/979/979
f 1130/1130/1130 986/986/986 990/990/990
f 1133/1133/1133 991/991/991 995/995/995
f 1138/1138/1138 996/996/996 1002/1002/1002
f 1145/1145/1145 1003/1003/1003 1007/1007/1007
f 1151/1151/1151 1008/1008/1008 1013/1013/1013
f 1157/1157/1157 1014/1014/1014 1018/1018/1018
f 1168/1168/1168 1031/1031/1031 1040/1040/1040
f 1170/1170/1170 1036/1036/1036 1045/1045/1045
f 1214/1214/1214 1068/1068/1068 1063/1063/1063
f 1218/1218/1218 1073/1073/1073 1068/1068/1068
f 1222/1222/1222 1077/1077/1077 1073/1073/1073
f 1225/1225/1225 1080/1080/1080 1076/1076/1076
f 1242/1242/1242 1097/1097/1097 1095/1095/1095
f 1241/1241/1241 1096/1096/1096 1099/1099/1099
f 1244/1244/1244 1099/1099/1099 1102/1102/1102
f 1247/1247/1247 1102/1102/1102 1106/1106/1106
f 1252/1252/1252 1108/1108/1108 1103/1103/1103
f 1251/1251/1251 1106/1106/1106 1111/1111/1111
f 1255/1255/1255 1113/1113/1113 1108/1108/1108
f 1254/1254/1254 1112/1112/1112 1115/1115/1115
f 1258/1258/1258 1117/1117/1117 1113/1113/1113
f 1266/1266/1266 1126/1126/1126 1130/1130/1130
f 1273/1273/1273 1132/1132/1132 1136/1136/1136
f 1277/1277/1277 1137/1137/1137 1143/1143/1143
f 1281/1281/1281 1144/1144/1144 1149/1149/1149
f 1287/1287/1287 1150/1150/1150 1155/1155/1155
f 1293/1293/1293 1156/1156/1156 1161/1161/1161
f 1300/1300/1300 1162/1162/1162 1164/1164/1164
f 1308/1308/1308 1173/1173/1173 1163/1163/1163
f 1305/1305/1305 1165/1165/1165 1174/1174/1174
f 1330/1330/1330 1195/1195/1195 1189/1189/1189
f 1351/1351/1351 1218/1218/1218 1214/1214/1214
f 1355/1355/1355 1221/1221/1221 1217/1217/1217
f 1359/1359/1359 1225/1225/1225 1221/1221/1221
f 1362/1362/1362 1228/1228/1228 1225/1225/1225
f 1375/1375/1375 1242/1242/1242 1239/1239/1239
f 1374/1374/1374 1240/1240/1240 1243/1243/1243
f 1378/1378/1378 1245/1245/1245 1242/1242/1242
f 1380/1380/1380 1246/1246/1246 1250/1250/1250
f 1384/1384/1384 1251/1251/1251 1253/1253/1253
f 1389/1389/1389 1255/1255/1255 1252/1252/1252
f 1388/1388/1388 1253/1253/1253 1256/1256/1256
f 1392/1392/1392 1256/1256/1256 1259/1259/1259
f 1396/1396/1396 1259/1259/1259 1262/1262/1262
f 1403/1403/1403 1268/1268/1268 1264/1264/1264
f 1402/1402/1402 1265/1265/1265 1269/1269/1269
f 1406/1406/1406 1272/1272/1272 1268/1268/1268
f 1405/1405/1405 1270/1270/1270 1273/1273/1273
f 1414/1414/1414 1280/1280/1280 1285/1285/1285
f 1418/1418/1418 1286/1286/1286 1291/1291/1291
f 1422/1422/1422 1292/1292/1292 1298/1298/1298
f 1428/1428/1428 1299/1299/1299 1303/1303/1303
f 1434/1434/1434 1305/1305/1305 1309/1309/1309
f 1449/1449/1449 1318/1318/1318 1306/1306/1306
f 1452/1452/1452 1320/1320/1320 1329/1329/1329
f 1465/1465/1465 1330/1330/1330 1324/1324/1324
f 1470/1470/1470 1333/1333/1333 1326/1326/1326
f 1474/1474/1474 1338/1338/1338 1331/1331/1331
f 1485/1485/1485 1350/1350/1350 1346/1346/1346
f 1489/1489/1489 1355/1355/1355 1350/1350/1350
f 1515/1515/1515 1378/1378/1378 1375/1375/1375
f 1513/1513/1513 1376/1376/1376 1379/1379/1379
f 1519/1519/1519 1382/1382/1382 1378/1378/1378
f 1518/1518/1518 1380/1380/1380 1383/1383/1383
f 1524/1524/1524 1390/1390/1390 1386/1386/1386
f 1526/1526/1526 1394/1394/1394 1390/1390/1390
f 1532/1532/1532 1400/1400/1400 1402/1402/1402
f 1535/1535/1535 1402/1402/1402 1404/1404/1404
f 1544/1544/1544 1410/1410/1410 1406/1406/1406
f 1546/1546/1546 1412/1412/1412 1414/1414/1414
f 1548/1548/1548 1414/1414/1414 1417/1417/1417
f 1552/1552/1552 1418/1418/1418 1421/1421/1421
f 1557/1557/1557 1422/1422/1422 1427/1427/1427
f 1563/1563/1563 1428/1428/1428 1432/1432/1432
f 1569/1569/1569 1433/1433/1433 1439/1439/1439
f 1581/1581/1581 1445/1445/1445 1450/1450/1450
f 1605/1605/1605 1466/1466/1466 1457/1457/1457
f 1598/1598/1598 1458/1458/1458 1469/1469/1469
f 1609/1609/1609 1475/1475/1475 1467/1467/1467
f 1621/1621/1621 1485/1485/1485 1482/1482/1482
f 1620/1620/1620 1483/1483/1483 1488/1488/1488
f 1626/1626/1626 1490/1490/1490 1486/1486/1486
f 1629/1629/1629 1494/1494/1494 1490/1490/1490
f 1632/1632/1632 1498/1498/1498 1494/1494/1494
f 1648/1648/1648 1516/1516/1516 1512/1512/1512
f 1646/1646/1646 1513/1513/1513 1517/1517/1517
f 1650/1650/1650 1519/1519/1519 1515/1515/1515
f 1649/1649/1649 1517/1517/1517 1520/1520/1520
f 1653/1653/1653 1522/1522/1522 1519/1519/1519
f 1652/1652/1652 1521/1521/1521 1523/1523/1523
f 1657/1657/1657 1525/1525/1525 1527/1527/1527
f 1662/1662/1662 1530/1530/1530 1526/1526/1526
f 1664/1664/1664 1532/1532/1532 1535/1535/1535
f 1671/1671/1671 1539/1539/1539 1541/1541/1541
f 1674/1674/1674 1541/1541/1541 1545/1545/1545
f 1679/1679/1679 1546/1546/1546 1548/1548/1548
f 1685/1685/1685 1550/1550/1550 1547/1547/1547
f 1687/1687/1687 1551/1551/1551 1555/1555/1555
f 1694/1694/1694 1560/1560/1560 1553/1553/1553
f 1691/1691/1691 1556/1556/1556 1561/1561/1561
f 1697/1697/1697 1562/1562/1562 1567/1567/1567
f 1707/1707/1707 1573/1573/1573 1564/1564/1564
f 1703/1703/1703 1568/1568/1568 1574/1574/1574
f 1713/1713/1713 1579/1579/1579 1586/1586/1586
f 1747/1747/1747 1605/1605/1605 1597/1597/1597
f 1749/1749/1749 1607/1607/1607 1611/1611/1611
f 1760/1760/1760 1617/1617/1617 1612/1612/1612
f 1764/1764/1764 1622/1622/1622 1618/1618/1618
f 1769/1769/1769 1627/1627/1627 1631/1631/1631
f 1773/1773/1773 1632/1632/1632 1629/1629/1629
f 1785/1785/1785 1644/1644/1644 1642/1642/1642
f 1784/1784/1784 1643/1643/1643 1646/1646/1646
f 1788/1788/1788 1649/1649/1649 1651/1651/1651
f 1791/1791/1791 1652/1652/1652 1654/1654/1654
f 1801/1801/1801 1659/1659/1659 1656/1656/1656
f 1803/1803/1803 1660/1660/1660 1663/1663/1663
f 1808/1808/1808 1665/1665/1665 1662/1662/1662
f 1807/1807/1807 1663/1663/1663 1666/1666/1666
f 1812/1812/1812 1669/1669/1669 1665/1665/1665
f 1810/1810/1810 1667/1667/1667 1670/1670/1670
f 1813/1813/1813 1670/1670/1670 1673/1673/1673
f 1815/1815/1815 1673/1673/1673 1677/1677/1677
f 1818/1818/1818 1678/1678/1678 1682/1682/1682
f 1821/1821/1821 1682/1682/1682 1686/1686/1686
f 1826/1826/1826 1688/1688/1688 1684/1684/1684
f 1825/1825/1825 1687/1687/1687 1690/1690/1690
f 1828/1828/1828 1690/1690/1690 1695/1695/1695
f 1833/1833/1833 1696/1696/1696 1701/1701/1701
f 1839/1839/1839 1703/1703/1703 1708/1708/1708
f 1845/1845/1845 1710/1710/1710 1720/1720/1720
f 1875/1875/1875 1747/1747/1747 1741/1741/1741
f 1884/1884/1884 1756/1756/1756 1751/1751/1751
f 1880/1880/1880 1753/1753/1753 1758/1758/1758
f 1895/1895/1895 1769/1769/1769 1772/1772/1772
f 1898/1898/1898 1771/1771/1771 1784/1784/1784
f 1913/1913/1913 1785/1785/1785 1783/1783/1783
f 1912/1912/1912 1784/1784/1784 1786/1786/1786
f 1919/1919/1919 1792/1792/1792 1789/1789/1789
f 1918/1918/1918 1790/1790/1790 1793/1793/1793
f 1920/1920/1920 1793/1793/1793 1798/1798/1798
f 1924/1924/1924 1799/1799/1799 1803/1803/1803
f 1928/1928/1928 1803/1803/1803 1807/1807/1807
f 1931/1931/1931 1807/1807/1807 1809/1809/1809
f 1935/1935/1935 1810/1810/1810 1813/1813/1813
f 1939/1939/1939 1813/1813/1813 1815/1815/1815
f 1943/1943/1943 1816/1816/1816 1814/1814/1814
f 1945/1945/1945 1818/1818/1818 1821/1821/1821
f 1949/1949/1949 1823/1823/1823 1819/1819/1819
f 1951/1951/1951 1825/1825/1825 1828/1828/1828
f 1977/1977/1977 1847/1847/1847 1840/1840/1840
f 1971/1971/1971 1844/1844/1844 1848/1848/1848
f 2008/2008/2008 1878/1878/1878 1874/1874/1874
f 2012/2012/2012 1883/1883/1883 1878/1878/1878
f 2014/2014/2014 1885/1885/1885 1889/1889/1889
f 2025/2025/2025 1893/1893/1893 1890/1890/1890
f 2026/2026/2026 1895/1895/1895 1899/1899/1899
f 2029/2029/2029 1898/1898/1898 1912/1912/1912
f 2049/2049/2049 1915/1915/1915 1913/1913/1913
f 2055/2055/2055 1919/1919/1919 1917/1917/1917
f 2053/2053/2053 1918/1918/1918 1920/1920/1920
f 2058/2058/2058 1921/1921/1921 1919/1919/1919
f 2056/2056/2056 1920/1920/1920 1923/1923/1923
f 2059/2059/2059 1923/1923/1923 1927/1927/1927
f 2063/2063/2063 1928/1928/1928 1931/1931/1931
f 2071/2071/2071 1937/1937/1937 1932/1932/1932
f 2069/2069/2069 1934/1934/1934 1938/1938/1938
f 2076/2076/2076 1941/1941/1941 1937/1937/1937
f 2073/2073/2073 1939/1939/1939 1942/1942/1942
f 2079/2079/2079 1943/1943/1943 1940/1940/1940
f 2083/2083/2083 1947/1947/1947 1943/1943/1943
f 2081/2081/2081 1945/1945/1945 1948/1948/1948
f 2086/2086/2086 1949/1949/1949 1946/1946/1946
f 2090/2090/2090 1953/1953/1953 1949/1949/1949
f 2123/2123/2123 1977/1977/1977 1967/1967/1967
f 2126/2126/2126 1981/1981/1981 1973/1973/1973
f 2133/2133/2133 1989/1989/1989 1976/1976/1976
f 2153/2153/2153 2008/2008/2008 2004/2004/2004
f 2161/2161/2161 2016/2016/2016 2012/2012/2012
f 2165/2165/2165 2022/2022/2022 2026/2026/2026
f 2170/2170/2170 2027/2027/2027 2024/2024/2024
f 2174/2174/2174 2031/2031/2031 2027/2027/2027
f 2193/2193/2193 2051/2051/2051 2048/2048/2048
f 2192/2192/2192 2050/2050/2050 2053/2053/2053
f 2195/2195/2195 2053/2053/2053 2056/2056/2056
f 2199/2199/2199 2057/2057/2057 2054/2054/2054
f 2202/2202/2202 2060/2060/2060 2058/2058/2058
f 2201/2201/2201 2059/2059/2059 2062/2062/2062
f 2204/2204/2204 2063/2063/2063 2066/2066/2066
f 2207/2207/2207 2067/2067/2067 2064/2064/2064
f 2206/2206/2206 2066/2066/2066 2069/2069/2069
f 2214/2214/2214 2075/2075/2075 2070/2070/2070
f 2215/2215/2215 2077/2077/2077 2080/2080/2080
f 2220/2220/2220 2082/2082/2082 2078/2078/2078
f 2227/2227/2227 2090/2090/2090 2086/2086/2086
f 2225/2225/2225 2088/2088/2088 2091/2091/2091
f 2233/2233/2233 2096/2096/2096 2089/2089/2089
f 2238/2238/2238 2100/2100/2100 2093/2093/2093
f 2243/2243/2243 2105/2105/2105 2096/2096/2096
f 2247/2247/2247 2108/2108/2108 2099/2099/2099
f 2239/2239/2239 2101/2101/2101 2110/2110/2110
f 2251/2251/2251 2112/2112/2112 2102/2102/2102
f 2255/2255/2255 2116/2116/2116 2108/2108/2108
f 2262/2262/2262 2123/2123/2123 2111/2111/2111
f 2254/2254/2254 2115/2115/2115 2124/2124/2124
f 2256/2256/2256 2118/2118/2118 2127/2127/2127
f 2269/2269/2269 2130/2130/2130 2119/2119/2119
f 2271/2271/2271 2132/2132/2132 2121/2121/2121
f 2301/2301/2301 2152/2152/2152 2147/2147/2147
f 2307/2307/2307 2156/2156/2156 2152/2152/2152
f 2312/2312/2312 2160/2160/2160 2156/2156/2156
f 2311/2311/2311 2158/2158/2158 2162/2162/2162
f 2316/2316/2316 2162/2162/2162 2165/2165/2165
f 2321/2321/2321 2165/2165/2165 2168/2168/2168
f 2327/2327/2327 2170/2170/2170 2167/2167/2167
f 2330/2330/2330 2173/2173/2173 2169/2169/2169
f 2344/2344/2344 2187/2187/2187 2185/2185/2185
f 2343/2343/2343 2186/2186/2186 2189/2189/2189
f 2346/2346/2346 2190/2190/2190 2187/2187/2187
f 2348/2348/2348 2193/2193/2193 2190/2190/2190
f 2350/2350/2350 2196/2196/2196 2193/2193/2193
f 2349/2349/2349 2195/2195/2195 2198/2198/2198
f 2352/2352/2352 2198/2198/2198 2201/2201/2201
f 2362/2362/2362 2205/2205/2205 2202/2202/2202
f 2363/2363/2363 2206/2206/2206 2208/2208/2208
f 2369/2369/2369 2210/2210/2210 2207/2207/2207
f 2372/2372/2372 2214/2214/2214 2209/2209/2209
f 2384/2384/2384 2224/2224/2224 2220/2220/2220
f 2382/2382/2382 2222/2222/2222 2225/2225/2225
f 2386/2386/2386 2226/2226/2226 2223/2223/2223
f 2392/2392/2392 2233/2233/2233 2226/2226/2226
f 2390/2390/2390 2231/2231/2231 2239/2239/2239
f 2402/2402/2402 2242/2242/2242 2232/2232/2232
f 2412/2412/2412 2251/2251/2251 2240/2240/2240
f 2423/2423/2423 2261/2261/2261 2249/2249/2249
f 2426/2426/2426 2265/2265/2265 2255/2255/2255
f 2430/2430/2430 2268/2268/2268 2257/2257/2257
f 2460/2460/2460 2301/2301/2301 2293/2293/2293
f 2463/2463/2463 2317/2317/2317 2312/2312/2312
f 2467/2467/2467 2322/2322/2322 2317/2317/2317
f 2466/2466/2466 2320/2320/2320 2324/2324/2324
f 2473/2473/2473 2330/2330/2330 2326/2326/2326
f 2488/2488/2488 2344/2344/2344 2342/2342/2342
f 2491/2491/2491 2346/2346/2346 2344/2344/2344
f 2489/2489/2489 2345/2345/2345 2347/2347/2347
f 2492/2492/2492 2347/2347/2347 2349/2349/2349
f 2497/2497/2497 2350/2350/2350 2348/2348/2348
f 2504/2504/2504 2357/2357/2357 2353/2353/2353
f 2506/2506/2506 2360/2360/2360 2363/2363/2363
f 2515/2515/2515 2369/2369/2369 2365/2365/2365
f 2517/2517/2517 2372/2372/2372 2368/2368/2368
f 2522/2522/2522 2378/2378/2378 2381/2381/2381
f 2527/2527/2527 2383/2383/2383 2379/2379/2379
f 2526/2526/2526 2382/2382/2382 2385/2385/2385
f 2529/2529/2529 2385/2385/2385 2387/2387/2387
f 2534/2534/2534 2392/2392/2392 2386/2386/2386
f 2532/2532/2532 2388/2388/2388 2393/2393/2393
f 2541/2541/2541 2402/2402/2402 2391/2391/2391
f 2561/2561/2561 2422/2422/2422 2409/2409/2409
f 2566/2566/2566 2427/2427/2427 2416/2416/2416
f 2579/2579/2579 2445/2445/2445 2434/2434/2434
f 2586/2586/2586 2459/2459/2459 2451/2451/2451
f 2590/2590/2590 2462/2462/2462 2461/2461/2461
f 2592/2592/2592 2463/2463/2463 2462/2462/2462
f 2598/2598/2598 2470/2470/2470 2472/2472/2472
f 2605/2605/2605 2473/2473/2473 2471/2471/2471
f 2621/2621/2621 2490/2490/2490 2493/2493/2493
f 2624/2624/2624 2494/2494/2494 2491/2491/2491
f 2623/2623/2623 2493/2493/2493 2496/2496/2496
f 2626/2626/2626 2497/2497/2497 2494/2494/2494
f 2628/2628/2628 2500/2500/2500 2497/2497/2497
f 2631/2631/2631 2505/2505/2505 2501/2501/2501
f 2630/2630/2630 2503/2503/2503 2506/2506/2506
f 2635/2635/2635 2508/2508/2508 2505/2505/2505
f 2639/2639/2639 2511/2511/2511 2508/2508/2508
f 2643/2643/2643 2515/2515/2515 2511/2511/2511
f 2646/2646/2646 2517/2517/2517 2514/2514/2514
f 2644/2644/2644 2516/2516/2516 2518/2518/2518
f 2650/2650/2650 2521/2521/2521 2517/2517/2517
f 2648/2648/2648 2519/2519/2519 2522/2522/2522
f 2653/2653/2653 2524/2524/2524 2520/2520/2520
f 2657/2657/2657 2528/2528/2528 2524/2524/2524
f 2658/2658/2658 2529/2529/2529 2531/2531/2531
f 2665/2665/2665 2534/2534/2534 2530/2530/2530
f 2672/2672/2672 2541/2541/2541 2533/2533/2533
f 2669/2669/2669 2538/2538/2538 2542/2542/2542
f 2687/2687/2687 2551/2551/2551 2540/2540/2540
f 2694/2694/2694 2558/2558/2558 2544/2544/2544
f 2697/2697/2697 2562/2562/2562 2548/2548/2548
f 2698/2698/2698 2567/2567/2567 2578/2578/2578
f 2710/2710/2710 2579/2579/2579 2570/2570/2570
f 2745/2745/2745 2619/2619/2619 2621/2621/2621
f 2752/2752/2752 2625/2625/2625 2627/2627/2627
f 2755/2755/2755 2627/2627/2627 2630/2630/2630
f 2765/2765/2765 2635/2635/2635 2631/2631/2631
f 2767/2767/2767 2638/2638/2638 2634/2634/2634
f 2768/2768/2768 2641/2641/2641 2644/2644/2644
f 2774/2774/2774 2646/2646/2646 2642/2642/2642
f 2778/2778/2778 2649/2649/2649 2645/2645/2645
f 2776/2776/2776 2648/2648/2648 2651/2651/2651
f 2782/2782/2782 2653/2653/2653 2649/2649/2649
f 2785/2785/2785 2656/2656/2656 2652/2652/2652
f 2790/2790/2790 2660/2660/2660 2656/2656/2656
f 2796/2796/2796 2664/2664/2664 2659/2659/2659
f 2819/2819/2819 2686/2686/2686 2670/2670/2670
f 2821/2821/2821 2690/2690/2690 2676/2676/2676
f 2823/2823/2823 2696/2696/2696 2683/2683/2683
f 2846/2846/2846 2718/2718/2718 2717/2717/2717
f 2847/2847/2847 2719/2719/2719 2718/2718/2718
f 2854/2854/2854 2727/2727/2727 2725/2725/2725
f 2859/2859/2859 2732/2732/2732 2726/2726/2726
f 2858/2858/2858 2731/2731/2731 2745/2745/2745
f 2875/2875/2875 2747/2747/2747 2749/2749/2749
f 2881/2881/2881 2751/2751/2751 2748/2748/2748
f 2878/2878/2878 2749/2749/2749 2752/2752/2752
f 2888/2888/2888 2756/2756/2756 2754/2754/2754
f 2893/2893/2893 2764/2764/2764 2760/2760/2760
f 2892/2892/2892 2763/2763/2763 2766/2766/2766
f 2895/2895/2895 2767/2767/2767 2764/2764/2764
f 2894/2894/2894 2766/2766/2766 2768/2768/2768
f 2899/2899/2899 2770/2770/2770 2767/2767/2767
f 2903/2903/2903 2773/2773/2773 2769/2769/2769
f 2906/2906/2906 2778/2778/2778 2773/2773/2773
f 2904/2904/2904 2776/2776/2776 2779/2779/2779
f 2910/2910/2910 2781/2781/2781 2777/2777/2777
f 2913/2913/2913 2785/2785/2785 2781/2781/2781
f 2918/2918/2918 2790/2790/2790 2785/2785/2785
f 2925/2925/2925 2796/2796/2796 2789/2789/2789
f 2938/2938/2938 2804/2804/2804 2795/2795/2795
f 2949/2949/2949 2817/2817/2817 2801/2801/2801
f 2950/2950/2950 2824/2824/2824 2835/2835/2835
f 2975/2975/2975 2847/2847/2847 2846/2846/2846
f 2976/2976/2976 2848/2848/2848 2847/2847/2847
f 2977/2977/2977 2849/2849/2849 2848/2848/2848
f 2979/2979/2979 2853/2853/2853 2851/2851/2851
f 2987/2987/2987 2859/2859/2859 2853/2853/2853
f 3003/3003/3003 2874/2874/2874 2871/2871/2871
f 3005/3005/3005 2877/2877/2877 2874/2874/2874
f 3004/3004/3004 2876/2876/2876 2879/2879/2879
f 3006/3006/3006 2879/2879/2879 2883/2883/2883
f 3013/3013/3013 2888/2888/2888 2885/2885/2885
f 3015/3015/3015 2891/2891/2891 2888/2888/2888
f 3014/3014/3014 2890/2890/2890 2892/2892/2892
f 3017/3017/3017 2893/2893/2893 2891/2891/2891
f 3016/3016/3016 2892/2892/2892 2894/2894/2894
f 3026/3026/3026 2899/2899/2899 2895/2895/2895
f 3029/3029/3029 2903/2903/2903 2898/2898/2898
f 3027/3027/3027 2901/2901/2901 2904/2904/2904
f 3033/3033/3033 2905/2905/2905 2902/2902/2902
f 3038/3038/3038 2910/2910/2910 2905/2905/2905
f 3042/3042/3042 2912/2912/2912 2909/2909/2909
f 3048/3048/3048 2917/2917/2917 2912/2912/2912
f 3062/3062/3062 2925/2925/2925 2917/2917/2917
f 3075/3075/3075 2936/2936/2936 2922/2922/2922
f 3080/3080/3080 2943/2943/2943 2929/2929/2929
f 3082/3082/3082 2946/2946/2946 2932/2932/2932
f 3110/3110/3110 2976/2976/2976 2975/2975/2975
f 3113/3113/3113 2978/2978/2978 2977/2977/2977
f 3114/3114/3114 2979/2979/2979 2978/2978/2978
f 3122/3122/3122 2988/2988/2988 2980/2980/2980
f 3121/3121/3121 2986/2986/2986 3002/3002/3002
f 3136/3136/3136 3003/3003/3003 2999/2999/2999
f 3134/3134/3134 3001/3001/3001 3004/3004/3004
f 3137/3137/3137 3004/3004/3004 3006/3006/3006
f 3144/3144/3144 3011/3011/3011 3008/3008/3008
f 3145/3145/3145 3012/3012/3012 3014/3014/3014
f 3147/3147/3147 3014/3014/3014 3016/3016/3016
f 3157/3157/3157 3021/3021/3021 3017/3017/3017
f 3161/3161/3161 3025/3025/3025 3020/3020/3020
f 3158/3158/3158 3023/3023/3023 3027/3027/3027
f 3166/3166/3166 3028/3028/3028 3024/3024/3024
f 3173/3173/3173 3033/3033/3033 3028/3028/3028
f 3179/3179/3179 3037/3037/3037 3032/3032/3032
f 3192/3192/3192 3041/3041/3041 3036/3036/3036
f 3226/3226/3226 3061/3061/3061 3047/3047/3047
f 3232/3232/3232 3069/3069/3069 3053/3053/3053
f 3261/3261/3261 3109/3109/3109 3107/3107/3107
f 3268/3268/3268 3114/3114/3114 3113/3113/3113
f 3279/3279/3279 3122/3122/3122 3115/3115/3115
f 3291/3291/3291 3135/3135/3135 3138/3138/3138
f 3295/3295/3295 3138/3138/3138 3141/3141/3141
f 3298/3298/3298 3140/3140/3140 3143/3143/3143
f 3302/3302/3302 3143/3143/3143 3145/3145/3145
f 3308/3308/3308 3146/3146/3146 3144/3144/3144
f 3306/3306/3306 3145/3145/3145 3147/3147/3147
f 3317/3317/3317 3152/3152/3152 3148/3148/3148
f 3321/3321/3321 3156/3156/3156 3151/3151/3151
f 3327/3327/3327 3160/3160/3160 3155/3155/3155
f 3336/3336/3336 3165/3165/3165 3159/3159/3159
f 3349/3349/3349 3171/3171/3171 3164/3164/3164
f 3363/3363/3363 3177/3177/3177 3170/3170/3170
f 3379/3379/3379 3190/3190/3190 3176/3176/3176
f 3387/3387/3387 3202/3202/3202 3184/3184/3184
f 3389/3389/3389 3206/3206/3206 3188/3188/3188
f 3440/3440/3440 3269/3269/3269 3267/3267/3267
f 3450/3450/3450 3280/3280/3280 3270/3270/3270
f 3449/3449/3449 3278/3278/3278 3293/3293/3293
f 3461/3461/3461 3292/3292/3292 3296/3296/3296
f 3464/3464/3464 3296/3296/3296 3300/3300/3300
f 3470/3470/3470 3301/3301/3301 3297/3297/3297
f 3468/3468/3468 3299/3299/3299 3303/3303/3303
f 3474/3474/3474 3304/3304/3304 3301/3301/3301
f 3472/3472/3472 3303/3303/3303 3307/3307/3307
f 3478/3478/3478 3309/3309/3309 3305/3305/3305
f 3511/3511/3511 3327/3327/3327 3320/3320/3320
f 3524/3524/3524 3335/3335/3335 3325/3325/3325
f 3535/3535/3535 3347/3347/3347 3333/3333/3333
f 3543/3543/3543 3357/3357/3357 3342/3342/3342
f 3548/3548/3548 3372/3372/3372 3355/3355/3355
f 3578/3578/3578 3410/3410/3410 3407/3407/3407
f 3606/3606/3606 3435/3435/3435 3421/3421/3421
f 3597/3597/3597 3426/3426/3426 3439/3439/3439
f 3617/3617/3617 3441/3441/3441 3429/3429/3429
f 3618/3618/3618 3449/3449/3449 3462/3462/3462
f 3636/3636/3636 3462/3462/3462 3465/3465/3465
f 3642/3642/3642 3466/3466/3466 3463/3463/3463
f 3639/3639/3639 3464/3464/3464 3469/3469/3469
f 3646/3646/3646 3471/3471/3471 3467/3467/3467
f 3644/3644/3644 3469/3469/3469 3473/3473/3473
f 3652/3652/3652 3475/3475/3475 3471/3471/3471
f 3653/3653/3653 3477/3477/3477 3480/3480/3480
f 3671/3671/3671 3489/3489/3489 3481/3481/3481
f 3675/3675/3675 3492/3492/3492 3483/3483/3483
f 3688/3688/3688 3501/3501/3501 3492/3492/3492
f 3701/3701/3701 3510/3510/3510 3498/3498/3498
f 3711/3711/3711 3523/3523/3523 3508/3508/3508
f 3718/3718/3718 3530/3530/3530 3517/3517/3517
f 3723/3723/3723 3542/3542/3542 3529/3529/3529
f 3780/3780/3780 3588/3588/3588 3579/3579/3579
f 3814/3814/3814 3637/3637/3637 3641/3641/3641
f 3842/3842/3842 3642/3642/3642 3638/3638/3638
f 3829/3829/3829 3640/3640/3640 3645/3645/3645
f 3855/3855/3855 3646/3646/3646 3643/3643/3643
f 3870/3870/3870 3657/3657/3657 3650/3650/3650
f 3871/3871/3871 3658/3658/3658 3665/3665/3665
f 3887/3887/3887 3667/3667/3667 3659/3659/3659
f 3898/3898/3898 3675/3675/3675 3666/3666/3666
f 3915/3915/3915 3687/3687/3687 3674/3674/3674
f 3922/3922/3922 3693/3693/3693 3679/3679/3679
f 3926/3926/3926 3700/3700/3700 3684/3684/3684
f 3932/3932/3932 3704/3704/3704 3692/3692/3692
f 3937/3937/3937 3717/3717/3717 3704/3704/3704
f 3938/3938/3938 3738/3738/3738 3748/3748/3748
f 3946/3946/3946 3789/3789/3789 3795/3795/3795
f 3950/3950/3950 3795/3795/3795 3814/3814/3814
f 3954/3954/3954 3805/3805/3805 3826/3826/3826
f 3969/3969/3969 3827/3827/3827 3813/3813/3813
f 3972/3972/3972 3831/3831/3831 3815/3815/3815
f 3965/3965/3965 3816/3816/3816 3832/3832/3832
f 3967/3967/3967 3825/3825/3825 3841/3841/3841
f 3980/3980/3980 3843/3843/3843 3828/3828/3828
f 3971/3971/3971 3830/3830/3830 3845/3845/3845
f 3984/3984/3984 3848/3848/3848 3833/3833/3833
f 3975/3975/3975 3834/3834/3834 3849/3849/3849
f 3978/3978/3978 3840/3840/3840 3854/3854/3854
f 3998/3998/3998 3867/3867/3867 3855/3855/3855
f 4005/4005/4005 3878/3878/3878 3867/3867/3867
f 4014/4014/4014 3887/3887/3887 3878/3878/3878
f 4006/4006/4006 3880/3880/3880 3889/3889/3889
f 4019/4019/4019 3892/3892/3892 3882/3882/3882
f 4024/4024/4024 3898/3898/3898 3886/3886/3886
f 4015/4015/4015 3889/3889/3889 3900/3900/3900
f 4027/4027/4027 3902/3902/3902 3890/3890/3890
f 4037/4037/4037 3918/3918/3918 3901/3901/3901
f 4052/4052/4052 3980/3980/3980 3970/3970/3970
f 4051/4051/4051 3979/3979/3979 3989/3989/3989
f 4053/4053/4053 3989/3989/3989 3997/3997/3997
f 4058/4058/4058 4005/4005/4005 3998/3998/3998
f 4057/4057/4057 4004/4004/4004 4011/4011/4011
f 4062/4062/4062 4014/4014/4014 4005/4005/4005
f 4073/4073/4073 4035/4035/4035 4023/4023/4023
f 4074/4074/4074 4038/4038/4038 4048/4048/4048
f 4088/4088/4088 4052/4052/4052 4050/4050/4050
f 4089/4089/4089 4053/4053/4053 4055/4055/4055
f 4092/4092/4092 4056/4056/4056 4054/4054/4054
f 4091/4091/4091 4055/4055/4055 4057/4057/4057
f 4094/4094/4094 4058/4058/4058 4056/4056/4056
f 4098/4098/4098 4062/4062/4062 4058/4058/4058
f 4102/4102/4102 4066/4066/4066 4061/4061/4061
f 4100/4100/4100 4064/4064/4064 4067/4067/4067
f 4109/4109/4109 4073/4073/4073 4065/4065/4065
