# Hall_Gallery_Collision - generated by tools/gen_cave_kit.py, do not edit
o Hall_Gallery_Collision
v 4.000000 0.101318 -1.934672
v 4.000000 -0.069438 -1.505445
v 4.000000 -0.099328 -0.999929
v 4.000000 -0.091209 -0.499980
v 4.000000 -0.087622 0.000000
v 4.000000 -0.091209 0.499980
v 4.000000 -0.099328 0.999929
v 4.000000 -0.069438 1.505445
v 4.000000 0.101318 1.934672
v 4.000000 0.607997 -2.336538
v 4.000000 0.342985 -2.192959
v 4.000000 0.342985 2.192959
v 4.000000 0.607997 2.336538
v 4.000000 0.998976 -2.451794
v 4.000000 0.998976 2.451794
v 4.000000 1.500235 -2.504796
v 4.000000 1.500235 2.504796
v 4.000000 1.999903 -2.493615
v 4.000000 1.999903 2.493615
v 4.000000 2.501784 -2.427373
v 4.000000 2.501784 2.427373
v 4.000000 2.882664 -2.326525
v 4.000000 3.140114 -2.193808
v 4.000000 3.140114 2.193808
v 4.000000 2.882664 2.326525
v 4.000000 3.421503 -1.938023
v 4.000000 3.662922 -1.582112
v 4.000000 3.662922 1.582112
v 4.000000 3.421503 1.938023
v 4.000000 3.789063 -1.327630
v 4.000000 3.918724 -1.002389
v 4.000000 4.050795 -0.501186
v 4.000000 4.094719 0.000000
v 4.000000 4.050795 0.501186
v 4.000000 3.918724 1.002389
v 4.000000 3.789063 1.327630
v 3.500000 0.101433 -1.934846
v 3.500000 -0.069445 -1.505408
v 3.500000 -0.099328 -0.999930
v 3.500000 -0.091209 -0.499981
v 3.500000 -0.087622 0.000000
v 3.500000 -0.091209 0.499997
v 3.500000 -0.099329 0.999991
v 3.500002 -0.069940 1.502839
v 3.500004 0.113043 1.952099
v 3.500000 0.607432 -2.336304
v 3.500000 0.342462 -2.192568
v 3.499988 0.329899 2.182994
v 3.499953 0.587046 2.327739
v 3.500000 0.999038 -2.451805
v 3.411025 1.063803 2.490206
v 3.253676 1.237478 2.756692
v 3.500000 1.500119 -2.504790
v 3.537645 1.508454 2.505264
v 3.268432 1.501463 2.793855
v 3.500000 2.000128 -2.493593
v 3.562510 1.986556 2.494866
v 3.276153 1.999493 2.832027
v 3.500000 2.502017 -2.427331
v 3.540007 2.467910 2.433321
v 3.266860 2.498605 2.811195
v 3.500000 2.882590 -2.326554
v 3.500000 3.139875 -2.193969
v 3.680533 3.156243 2.182722
v 3.413621 2.925660 2.352973
v 3.256086 2.802411 2.773211
v 3.500000 3.421244 -1.938326
v 3.500000 3.663460 -1.581134
v 3.636804 3.646025 1.612409
v 3.478732 3.427901 1.933857
v 3.290601 3.357546 2.344862
v 3.500000 3.789523 -1.326606
v 3.500000 3.918785 -1.002213
v 3.500000 4.051016 -0.499931
v 3.499997 4.094719 -0.000000
v 3.499977 4.052053 0.493983
v 3.499913 3.926804 0.978920
v 3.465152 3.744100 1.433611
v 3.275443 3.779901 1.840176
v 2.999375 0.099032 -1.928724
v 2.999813 -0.069561 -1.505897
v 2.999970 -0.100482 -0.999880
v 3.000007 -0.092278 -0.499978
v 3.000009 -0.090440 0.000001
v 2.999901 -0.096007 0.500091
v 2.999940 -0.117480 1.000067
v 3.002050 -0.118943 1.502450
v 3.034602 0.065881 2.061360
v 2.881553 0.207587 2.314354
v 2.998753 0.613472 -2.346200
v 2.996881 0.349288 -2.191737
v 3.220147 0.257919 2.243870
v 3.016831 0.473262 2.512484
v 2.816547 0.691590 2.840573
v 2.998600 0.997380 -2.448449
v 3.164021 0.874541 2.741169
v 2.979434 1.033435 2.987282
v 2.810478 1.169287 3.356246
v 2.999435 1.499677 -2.489170
v 3.144523 1.445429 3.137837
v 2.895465 1.429851 3.533470
v 2.836279 1.595276 3.808594
v 3.000010 1.999959 -2.478530
v 3.199456 1.955099 3.211882
v 3.098600 1.957122 3.551691
v 2.941799 1.954721 3.914570
v 3.000043 2.502100 -2.425581
v 3.203784 2.510437 3.159174
v 3.153171 2.491732 3.525946
v 2.924399 2.423110 4.089757
v 2.798472 2.600950 4.399598
v 3.000905 2.888422 -2.329606
v 3.000946 3.146167 -2.199101
v 3.240752 3.139590 2.704466
v 3.198731 3.008837 3.034814
v 3.130888 3.008551 3.518391
v 3.084973 3.000228 3.999110
v 2.851586 2.964879 4.547114
v 2.746161 3.127320 4.993850
v 2.745276 3.215694 5.271529
v 3.000909 3.423313 -1.942811
v 3.000510 3.665929 -1.574419
v 3.239135 3.714980 2.183879
v 3.196987 3.611575 2.588815
v 3.140264 3.541729 3.027784
v 3.078979 3.510028 3.495891
v 3.075376 3.410353 3.980209
v 3.045590 3.441431 4.550628
v 2.970127 3.447395 5.012397
v 2.871376 3.472834 5.366399
v 3.000072 3.780512 -1.318717
v 3.000109 3.911594 -0.999202
v 2.999724 4.082300 -0.499320
v 2.963935 4.201767 0.024783
v 3.052537 4.202151 0.500157
v 3.071889 4.176967 1.001578
v 3.064758 4.135645 1.503747
v 3.091560 4.049323 2.023707
v 2.985870 4.052351 2.504449
v 3.002578 4.034374 2.988625
v 3.012583 4.022113 3.495132
v 3.008779 4.011837 3.998205
v 2.927484 4.138109 4.717142
v 2.842554 3.987621 5.017333
v 2.846776 3.855801 5.369515
v 2.770353 4.258499 0.209519
v 2.798006 4.268707 0.500345
v 2.821785 4.308244 0.999664
v 2.798030 4.299820 1.500297
v 2.772004 4.280078 2.000590
v 2.761482 4.296800 2.501563
v 2.826531 4.407213 2.990189
v 2.859451 4.469775 3.497978
v 2.864662 4.439290 3.998897
v 2.880284 4.419902 4.450683
v 2.499853 0.095271 -1.912326
v 2.499991 -0.066327 -1.505189
v 2.499983 -0.094967 -0.999974
v 2.499979 -0.087589 -0.499989
v 2.499981 -0.090175 0.000131
v 2.499702 -0.115300 0.500342
v 2.499881 -0.158488 1.000111
v 2.502420 -0.178594 1.501127
v 2.505493 -0.066700 2.010684
v 2.447491 0.183001 2.482408
v 2.250174 0.249924 2.750252
v 2.500755 0.662953 -2.292982
v 2.498028 0.402050 -2.151212
v 2.582861 0.363988 2.645505
v 2.484828 0.493702 2.975274
v 2.328419 0.685770 3.500691
v 2.259174 0.734506 3.998623
v 2.322179 0.649130 4.491020
v 2.353716 0.611363 5.001990
v 2.324384 0.658606 5.320804
v 2.500207 1.000334 -2.379075
v 2.672978 0.869881 3.164825
v 2.615046 1.005381 3.508475
v 2.437615 0.986809 3.994561
v 2.448975 0.990004 4.494214
v 2.464673 1.000662 4.998769
v 2.382000 1.007208 5.399226
v 2.501870 1.505772 -2.411403
v 2.730011 1.292612 3.672185
v 2.702857 1.435674 3.974339
v 2.459192 1.499267 4.499326
v 2.502285 1.494170 5.004039
v 2.398442 1.500456 5.526103
v 2.260287 1.723618 5.790863
v 2.502468 1.999006 -2.501648
v 2.661527 2.013699 4.130669
v 2.487894 2.010070 4.474016
v 2.445113 1.986929 5.017072
v 2.509004 2.002166 5.503264
v 2.323755 2.027400 5.979987
v 2.272391 2.209510 6.273131
v 2.499996 2.499934 -2.417736
v 2.742327 2.264345 4.230683
v 2.647462 2.481322 4.521360
v 2.653527 2.478030 4.984240
v 2.666709 2.483854 5.511091
v 2.492772 2.489822 6.017384
v 2.273762 2.500043 6.275051
v 2.495614 2.865456 -2.326712
v 2.494926 3.128995 -2.197869
v 2.743544 2.777752 4.735640
v 2.690257 2.865212 4.993466
v 2.711221 3.025162 5.462451
v 2.555497 3.008126 6.026206
v 2.302074 3.000019 6.309302
v 2.498496 3.406483 -1.928103
v 2.500232 3.673125 -1.603428
v 2.745634 3.490539 5.615556
v 2.521581 3.500932 5.993746
v 2.320598 3.502963 6.358325
v 2.499117 3.805669 -1.336166
v 2.492463 3.936468 -0.991328
v 2.460790 4.143250 -0.448108
v 2.603954 4.243479 -0.126608
v 2.737080 4.229078 4.737587
v 2.662853 4.141901 4.988134
v 2.665484 4.008048 5.514851
v 2.439694 4.033724 6.038381
v 2.356682 3.896023 6.375183
v 2.267346 4.248057 -0.254802
v 2.468018 4.318491 0.019452
v 2.490726 4.368910 0.501642
v 2.506263 4.479084 0.997131
v 2.416950 4.505637 1.550389
v 2.530053 4.509018 2.000200
v 2.584265 4.526334 2.515817
v 2.705731 4.646802 2.995384
v 2.707581 4.694521 3.499779
v 2.539691 4.720426 4.027729
v 2.563453 4.537135 4.572688
v 2.449378 4.555563 5.005073
v 2.452165 4.499901 5.505087
v 2.471046 4.468215 6.021056
v 2.250652 4.751556 1.738589
v 2.317941 4.832624 1.989440
v 2.425437 4.958301 2.488198
v 2.504245 5.014989 3.006569
v 2.437727 4.923055 3.497931
v 2.445084 4.949178 3.874540
v 2.273739 4.770468 5.170879
v 2.344640 4.853347 5.481392
v 2.436556 4.952219 5.923042
v 2.000289 0.102840 -1.919058
v 1.999617 -0.061787 -1.504309
v 2.000028 -0.089129 -1.000001
v 1.999683 -0.085819 -0.500118
v 1.999801 -0.103167 0.000485
v 2.000202 -0.152766 0.499660
v 2.000263 -0.207093 0.999446
v 2.002363 -0.244923 1.501302
v 2.002838 -0.152010 2.008802
v 2.005546 0.046014 2.510744
v 1.972424 0.216437 2.948489
v 1.781455 0.250859 3.498942
v 1.769489 0.239784 4.000140
v 1.803802 0.208830 4.498661
v 1.793681 0.225748 4.881445
v 1.999202 0.629600 -2.306819
v 2.005787 0.366475 -2.167135
v 2.133159 0.321008 3.089387
v 2.073920 0.387525 3.508538
v 2.089342 0.435127 3.993377
v 2.072814 0.386923 4.492112
v 1.983864 0.330004 5.030516
v 2.020084 0.529652 5.521764
v 1.867843 0.619043 5.895721
v 1.998884 1.000368 -2.357030
v 2.085635 1.003584 5.533617
v 1.959213 0.960651 6.044395
v 1.856234 1.102524 6.374555
v 2.000309 1.524420 -2.403452
v 2.184950 1.387293 5.646997
v 2.055120 1.562108 5.964160
v 1.853220 1.547740 6.476520
v 1.758955 1.729905 6.760786
v 2.007671 1.998783 -2.579344
v 2.198343 1.879416 6.133992
v 2.087575 2.028697 6.479703
v 1.764153 2.050989 6.943579
v 1.757378 2.239016 7.259807
v 1.998208 2.492627 -2.425976
v 2.076555 2.505978 6.506292
v 1.907735 2.496230 7.000703
v 1.829558 2.483155 7.350598
v 2.000293 2.808776 -2.264535
v 2.000679 3.055650 -2.156757
v 2.131757 3.000203 6.556990
v 1.953528 3.000155 6.994393
v 1.813091 3.001334 7.389983
v 2.012872 3.436243 -1.948989
v 1.998303 3.654996 -1.634873
v 2.173443 3.496215 6.623367
v 2.097030 3.485441 7.000726
v 1.945936 3.468038 7.505534
v 1.997736 3.839927 -1.369533
v 1.959091 4.102053 -0.955923
v 2.108513 4.199860 -0.591997
v 2.224590 4.216748 6.221199
v 2.152806 4.031802 6.513069
v 1.896535 4.030398 7.028271
v 1.878516 3.928130 7.395834
v 1.776841 4.270314 -0.771234
v 1.972629 4.326752 -0.463941
v 2.003631 4.482625 -0.004601
v 1.995876 4.620969 0.492802
v 2.166852 4.671246 0.999647
v 2.207447 4.710645 1.405606
v 2.224939 4.726448 4.208814
v 2.194293 4.669104 4.496658
v 2.233381 4.747339 4.830449
v 2.210695 4.499929 6.204234
v 2.043724 4.514645 6.488170
v 1.925389 4.498113 6.964134
v 1.838903 4.810666 0.641049
v 1.941800 4.891818 0.988531
v 2.096714 4.932617 1.525730
v 1.999169 5.098995 1.998998
v 2.180026 5.195608 2.494359
v 2.212970 5.229469 3.005579
v 2.167313 5.191892 3.499817
v 2.204733 5.146126 3.975691
v 1.879609 4.987904 4.462187
v 2.049936 4.905876 4.996982
v 2.025959 5.089821 5.467335
v 2.093344 5.065068 6.130076
v 1.955520 4.921754 6.510903
v 1.898435 4.887523 6.881475
v 1.818267 5.274247 2.172632
v 1.929006 5.366034 2.489192
v 1.974154 5.411773 3.011812
v 1.889991 5.344661 3.497449
v 1.866339 5.368038 3.986623
v 1.765855 5.267590 4.269303
v 1.401019 -0.259149 1.136523
v 1.401094 -0.262589 1.376132
v 1.503560 0.085767 -1.963166
v 1.501762 -0.079234 -1.504602
v 1.500018 -0.107342 -1.000002
v 1.499926 -0.117032 -0.499971
v 1.499439 -0.139895 0.000297
v 1.499116 -0.177050 0.501339
v 1.540339 -0.232983 0.982169
v 1.540483 -0.255170 1.526511
v 1.500166 -0.172753 2.002117
v 1.501027 -0.031371 2.503901
v 1.501262 0.097088 3.001262
v 1.498113 0.167579 3.499499
v 1.499958 0.150966 3.999324
v 1.506196 0.103060 4.499084
v 1.548558 0.144084 5.031101
v 1.393337 0.191600 5.501658
v 1.283596 0.235403 5.795504
v 1.505885 0.524817 -2.409173
v 1.502459 0.262857 -2.231823
v 1.738296 0.251565 5.214745
v 1.641061 0.305732 5.500175
v 1.502636 0.476456 6.006131
v 1.403708 0.631143 6.395196
v 1.510698 1.000269 -2.534056
v 1.729678 0.780953 6.229705
v 1.486022 1.019118 6.489569
v 1.269897 1.203936 6.759052
v 1.502115 1.498740 -2.573560
v 1.562220 1.423106 6.519297
v 1.457024 1.524828 6.928360
v 1.293657 1.691550 7.316481
v 1.483435 2.012853 -2.662079
v 1.652803 1.898912 7.109875
v 1.479179 2.050627 7.477246
v 1.261622 2.233082 7.758744
v 1.473524 2.571612 -2.426380
v 1.295099 2.749327 -2.251573
v 1.550082 2.491600 7.600817
v 1.282639 2.499932 7.762225
v 1.630127 2.779153 -2.259125
v 1.480379 2.964645 -2.123884
v 1.632658 2.991507 7.688272
v 1.354864 2.974411 7.854980
v 1.425453 3.395636 -1.941739
v 1.486813 3.704338 -1.728597
v 1.504252 3.518723 7.710904
v 1.341271 3.369876 7.810393
v 1.504021 3.915382 -1.421822
v 1.485718 4.171454 -1.069137
v 1.715275 4.247563 7.262698
v 1.509681 4.101270 7.471457
v 1.500283 4.308970 -0.792888
v 1.494942 4.351887 -0.492288
v 1.516016 4.476286 0.010876
v 1.502932 4.685721 0.369939
v 1.527056 4.521260 7.250923
v 1.339853 4.309870 7.309078
v 1.464274 4.981673 0.603647
v 1.518178 4.994487 1.035541
v 1.641671 5.163658 1.501300
v 1.706053 5.203029 1.837441
v 1.728559 5.203362 4.615540
v 1.635400 5.112475 4.999803
v 1.669859 5.163503 5.503846
v 1.621211 5.222630 6.003732
v 1.464240 5.051350 6.438861
v 1.454441 4.897629 6.879096
v 1.267605 5.266373 0.718489
v 1.282295 5.298438 1.006107
v 1.350524 5.330196 1.506067
v 1.502696 5.329814 2.024522
v 1.478673 5.426258 2.532645
v 1.473379 5.496577 2.994947
v 1.527618 5.651556 3.478728
v 1.674389 5.601063 3.999209
v 1.557095 5.532561 4.530218
v 1.374173 5.412239 4.993450
v 1.392706 5.388200 5.505653
v 1.347700 5.284964 5.988136
v 1.272661 5.263389 6.264358
v 1.409241 5.873636 3.588443
v 1.502361 6.003290 3.962351
v 1.376590 5.886924 4.404472
v 0.875450 -0.257924 0.588230
v 1.026559 -0.286939 0.981246
v 1.031711 -0.281522 1.526052
v 0.885448 -0.265469 1.797400
v 0.833285 0.230022 -2.264985
v 0.999714 0.128652 -2.041208
v 1.000440 -0.090876 -1.504259
v 1.000074 -0.126882 -1.000056
v 0.999537 -0.143007 -0.499387
v 1.000648 -0.201614 -0.000431
v 1.024351 -0.225583 0.453551
v 1.209720 -0.250570 0.802637
v 1.218602 -0.249585 1.709694
v 1.031739 -0.209191 1.980244
v 1.000326 -0.072912 2.501045
v 1.000055 0.028928 3.000073
v 1.001743 0.050551 3.500083
v 1.001808 0.023562 3.998693
v 1.003453 -0.012998 4.501291
v 1.001914 0.014942 5.000688
v 1.008104 0.054084 5.505170
v 0.986473 0.172013 5.985114
v 0.800270 0.229745 6.289607
v 1.010544 0.428248 -2.440892
v 1.168052 0.253909 -2.236177
v 1.136047 0.290607 6.132386
v 1.018912 0.422844 6.528011
v 0.896959 0.617866 6.866674
v 0.842398 1.149896 -2.786937
v 0.994615 0.994421 -2.658143
v 1.222858 0.869562 6.721939
v 1.059119 1.013135 6.936933
v 0.851607 1.499966 -2.780430
v 1.098581 1.500845 -2.677594
v 0.938292 1.391306 7.025889
v 0.947923 1.677514 7.478179
v 0.774089 1.732956 7.763673
v 0.792245 1.781867 -2.751532
v 0.974782 1.956484 -2.591048
v 1.131842 1.853747 7.682899
v 0.972373 2.033869 7.829994
v 0.992996 2.453428 -2.419423
v 0.997267 2.693162 -2.204051
v 0.990890 2.501639 7.872617
v 1.026321 3.033244 -1.945422
v 0.900631 3.164169 -1.686475
v 1.016868 2.997202 7.981307
v 1.234229 3.271576 -1.762702
v 1.057509 3.456892 -1.552295
v 0.999952 3.671761 7.701149
v 0.998558 3.417408 7.853579
v 0.994378 3.872496 -1.360596
v 1.000432 4.105297 -1.060779
v 0.999827 4.001312 7.469693
v 1.000649 4.294369 -0.811034
v 1.001981 4.351955 -0.504014
v 0.978976 4.546208 0.063614
v 1.137199 4.707273 0.317879
v 0.996390 4.615123 7.227488
v 1.001637 4.323642 7.239903
v 0.841031 5.006856 0.193000
v 1.139899 4.996493 0.328848
v 1.036983 5.162713 6.673942
v 0.995365 4.877143 6.862308
v 0.827373 5.313333 0.189005
v 0.995084 5.500699 0.545086
v 1.061840 5.544580 1.008760
v 1.134040 5.611755 1.501417
v 1.162239 5.641795 2.002134
v 1.199736 5.695657 2.508124
v 1.213904 5.718002 2.995538
v 1.212556 5.716658 3.296590
v 1.226086 5.723015 4.715921
v 1.201706 5.684215 4.999665
v 1.235709 5.736296 5.550257
v 0.927338 5.446049 5.856888
v 1.056232 5.427652 6.409080
v 0.766283 5.766989 0.732001
v 0.832179 5.861452 0.999467
v 0.951507 6.083020 1.483173
v 0.970945 6.088916 2.009766
v 1.032801 6.022643 2.493622
v 0.992056 5.989241 3.005219
v 1.059316 6.059110 3.417307
v 1.151638 6.152896 4.001532
v 1.136378 6.024076 4.534058
v 1.016655 6.001430 5.000360
v 1.151162 6.037928 5.597541
v 0.809709 6.042901 5.785141
v 0.773805 6.279132 1.655831
v 0.780649 6.284640 1.845768
v 0.827745 6.377660 3.596326
v 0.959018 6.479551 3.985971
v 0.870737 6.401510 4.502932
v 0.807563 6.356658 5.000378
v 1.052873 6.530933 5.423676
v 0.924404 6.464418 6.022520
v 0.935184 6.544510 6.378915
v 0.913665 7.052264 5.609265
v 0.897899 7.027682 5.965148
v 0.905088 6.927226 6.404021
v 0.761954 7.259237 5.740445
v 0.761435 7.258678 5.764268
v 0.414976 -0.280163 0.085370
v 0.548170 -0.281766 0.452662
v 0.500203 -0.319043 0.999883
v 0.500556 -0.328091 1.501354
v 0.500259 -0.277174 1.859837
v 0.500032 0.243491 -2.258375
v 0.500399 0.085617 -2.005362
v 0.502378 -0.131501 -1.508406
v 0.500421 -0.154083 -0.999889
v 0.499195 -0.179511 -0.498873
v 0.550005 -0.253961 -0.050371
v 0.747038 -0.249725 0.254414
v 0.500269 -0.216815 2.109545
v 0.499364 -0.109364 2.498443
v 0.498506 -0.000170 2.997138
v 0.500124 0.001523 3.499263
v 0.500008 -0.021981 3.999681
v 0.500023 -0.031427 4.500052
v 0.499131 -0.014469 4.999889
v 0.501436 -0.012833 5.500830
v 0.502061 0.069460 6.002962
v 0.479019 0.176488 6.478971
v 0.290309 0.228956 6.780849
v 0.497568 0.474738 -2.510306
v 0.627866 0.302050 6.628700
v 0.449897 0.517711 6.987726
v 0.253971 0.746345 7.252999
v 0.509994 0.952532 -2.930367
v 0.500029 0.766900 -2.760037
v 0.631361 0.978753 7.210693
v 0.366382 0.992711 7.364499
v 0.582359 1.583189 -3.058845
v 0.733447 1.269026 7.240561
v 0.541269 1.361688 7.537662
v 0.493310 1.637351 7.829739
v 0.536649 1.971998 -2.867370
v 0.499871 2.098596 -2.621833
v 0.519260 1.989699 8.039306
v 0.498400 2.322714 -2.340383
v 0.517968 2.543122 -2.054242
v 0.460992 2.517439 8.162385
v 0.261259 2.699564 8.259828
v 0.498959 2.857407 -1.835291
v 0.498941 3.120240 -1.650371
v 0.458867 2.984336 8.245200
v 0.260736 2.787180 8.259514
v 0.501679 3.505969 -1.462987
v 0.648208 3.682458 7.687305
v 0.502500 3.542057 7.945269
v 0.501656 3.774268 -1.255092
v 0.507747 4.054645 -1.008291
v 0.469156 3.961920 7.552650
v 0.307145 3.786148 7.776643
v 0.497126 4.293452 -0.793654
v 0.479631 4.474627 -0.425919
v 0.535413 4.629516 -0.120164
v 0.630883 4.610441 7.150228
v 0.472343 4.473211 7.320452
v 0.345108 4.996632 -0.364220
v 0.632500 4.984018 -0.103387
v 0.742065 5.240443 6.736872
v 0.630491 5.048065 7.027643
v 0.341956 4.989769 7.344301
v 0.335346 5.339241 -0.370048
v 0.490912 5.509613 0.005372
v 0.685340 5.689959 0.360392
v 0.600489 5.662004 6.100790
v 0.490002 5.451370 6.473942
v 0.519394 5.413451 7.023956
v 0.285430 5.283867 7.307226
v 0.303906 5.797443 0.188104
v 0.541875 5.968820 0.532095
v 0.520669 6.102192 0.992337
v 0.734093 6.227029 1.318137
v 0.735750 6.233742 2.178305
v 0.711666 6.210487 2.499279
v 0.706226 6.206454 3.002426
v 0.745596 6.244235 3.257781
v 0.580701 5.997766 6.087487
v 0.362376 6.000494 6.320952
v 0.421268 6.382045 1.093760
v 0.538572 6.507817 1.487730
v 0.640371 6.464001 2.005155
v 0.551776 6.482100 2.487433
v 0.570066 6.491996 3.016379
v 0.625826 6.489922 3.480633
v 0.724041 6.722946 4.015379
v 0.635673 6.595166 4.480064
v 0.574378 6.498793 5.017574
v 0.685211 6.657605 5.303713
v 0.664966 6.294803 6.184108
v 0.509825 6.420765 6.428022
v 0.306829 6.999642 1.678992
v 0.508163 7.010901 1.981973
v 0.540402 7.009581 2.500844
v 0.505349 6.999382 2.999933
v 0.598805 7.001441 3.502813
v 0.610788 7.006157 3.972631
v 0.508750 7.022383 4.491766
v 0.462922 7.052712 5.078504
v 0.494641 7.034341 5.403621
v 0.686761 7.221773 6.124055
v 0.500932 7.031552 6.418364
v 0.275874 7.278700 1.725578
v 0.336496 7.340201 2.000354
v 0.324118 7.382121 2.504045
v 0.294634 7.446099 2.997760
v 0.460666 7.505011 3.481026
v 0.468277 7.450669 3.995379
v 0.436016 7.390616 4.517753
v 0.358035 7.333506 4.929279
v 0.504390 7.319447 5.590262
v 0.491133 7.360891 5.961033
v 0.318975 7.291223 6.287246
v -0.096415 -0.253832 -0.304939
v 0.042340 -0.291845 -0.051067
v 0.000520 -0.331283 0.499252
v 0.000624 -0.361758 1.000211
v 0.000036 -0.335842 1.500031
v 0.000317 -0.291918 1.924385
v 0.002804 0.198800 -2.293239
v 0.001218 0.061466 -2.007859
v -0.004283 -0.135360 -1.510571
v 0.000303 -0.188545 -1.000790
v 0.042321 -0.230127 -0.483139
v 0.236972 -0.250580 -0.247449
v -0.000003 -0.232373 2.173258
v -0.000560 -0.144693 2.497451
v -0.002211 -0.031751 2.996162
v -0.001117 -0.007547 3.500580
v 0.000200 -0.040716 3.999777
v 0.000430 -0.060758 4.500132
v -0.000683 -0.051626 5.000146
v 0.000158 -0.051064 5.500129
v 0.000923 -0.002216 6.001019
v 0.005049 0.066228 6.504970
v 0.004210 0.181338 6.889972
v -0.007896 0.495661 -2.461761
v 0.022906 0.327802 7.164973
v -0.010096 0.632954 7.488665
v -0.249820 0.749793 7.750267
v -0.037061 0.989482 -2.874989
v -0.046448 0.941981 -2.664056
v 0.086950 1.023602 7.583871
v -0.156188 1.011159 7.822722
v -0.009236 1.507382 -2.839501
v -0.114317 1.493617 -2.618561
v 0.227023 1.271267 7.723623
v 0.005317 1.478661 8.007230
v -0.176176 1.664928 8.333799
v 0.012643 1.937970 -2.898339
v -0.036305 2.091448 -2.731025
v 0.175323 1.983800 8.241781
v -0.052249 2.000523 8.425790
v 0.001796 2.307651 -2.355990
v -0.013567 2.525407 -1.950855
v 0.217040 2.364888 8.253141
v 0.026270 2.519997 8.310294
v -0.021414 2.829932 -1.854923
v -0.021593 3.096595 -1.662673
v -0.002687 3.109699 8.212357
v 0.005145 2.866375 8.309443
v -0.051776 3.597666 -1.479992
v -0.231046 3.751818 -1.247532
v -0.014442 3.528851 8.123813
v 0.108836 3.799476 -1.283440
v -0.027019 3.914252 -1.022544
v 0.092655 4.128363 7.655262
v -0.060210 3.962357 7.780876
v -0.059340 4.446563 -0.715938
v 0.075420 4.573535 -0.586489
v -0.045619 4.447075 7.549391
v -0.224492 4.268664 7.766634
v -0.069911 4.999717 -0.880798
v 0.062359 5.006662 -0.591646
v -0.166467 5.205065 7.199880
v 0.007207 5.028319 7.306272
v -0.144939 5.401906 -0.845399
v -0.033666 5.528803 -0.542666
v 0.115361 5.607184 -0.127445
v 0.024679 5.739398 6.680087
v -0.007130 5.433199 7.048421
v 0.158026 5.277061 7.286067
v -0.185175 5.783344 -0.420596
v -0.038823 5.800482 0.040910
v 0.008728 6.109988 0.510685
v 0.177434 6.203744 0.799173
v -0.036777 5.989529 6.449954
v -0.173147 6.302818 0.708103
v 0.004893 6.493482 0.989763
v 0.176267 6.691861 1.333044
v -0.008014 6.499075 6.529870
v -0.180788 6.833741 1.196742
v 0.013416 7.020133 1.402917
v 0.246704 7.243991 5.244524
v 0.244992 7.241777 5.258457
v -0.187267 7.213611 6.194524
v -0.046548 7.058174 6.458424
v -0.042813 7.468349 1.656605
v 0.048365 7.580326 1.998698
v 0.147720 7.662749 2.491730
v 0.194526 7.699597 3.000149
v 0.275063 7.766539 3.496912
v 0.138040 7.678325 4.007242
v -0.053002 7.601981 4.528642
v 0.045977 7.416576 5.045489
v 0.057330 7.363498 5.452876
v 0.010400 7.396415 6.005692
v 0.182818 7.313214 6.299042
v -0.236163 7.764280 1.737531
v -0.200855 7.803670 2.000933
v -0.104782 7.867840 2.490458
v -0.050499 7.781684 3.000018
v -0.031226 7.913729 3.476750
v -0.109121 7.856647 4.014214
v -0.224367 7.771303 4.380783
v -0.322098 -0.255654 -0.305068
v -0.493903 -0.279477 -0.017589
v -0.499715 -0.315040 0.500428
v -0.500376 -0.359989 0.999836
v -0.500023 -0.368990 1.499896
v -0.541781 -0.303384 2.033485
v -0.737473 -0.251859 2.253165
v -0.308444 0.230006 -2.268298
v -0.484732 0.083097 -2.041062
v -0.497196 -0.069102 -1.494226
v -0.500368 -0.192423 -1.002606
v -0.494282 -0.240563 -0.483773
v -0.655957 -0.248663 -0.194977
v -0.403474 -0.248066 2.217420
v -0.541547 -0.204333 2.455700
v -0.495867 -0.103140 3.003703
v -0.497176 -0.067123 3.500850
v -0.499241 -0.071517 3.999241
v -0.499853 -0.075560 4.499942
v -0.498061 -0.103486 4.999021
v -0.499192 -0.091464 5.500727
v -0.499399 -0.046386 6.001297
v -0.499483 0.012310 6.501413
v -0.464266 0.140194 7.043796
v -0.606412 0.200725 7.301855
v -0.396797 0.498973 -2.326795
v -0.648354 0.499046 -2.224326
v -0.275494 0.253344 7.235585
v -0.461171 0.400950 7.491859
v -0.500461 0.704432 7.809960
v -0.500516 0.968668 -2.472361
v -0.727039 0.998138 -2.265202
v -0.452301 0.965535 8.087272
v -0.589055 1.121550 8.423708
v -0.521280 1.513376 -2.374714
v -0.725561 1.344994 -2.233106
v -0.299379 1.328693 8.201755
v -0.453861 1.479201 8.463817
v -0.584138 1.963065 -2.487744
v -0.682672 2.117003 -2.145749
v -0.739935 2.244454 8.245671
v -0.562680 2.073642 8.428245
v -0.312252 2.328869 -2.340918
v -0.472724 2.498619 -1.967483
v -0.625382 2.651281 -1.492148
v -0.747800 2.748387 -1.248584
v -0.742749 2.289652 8.254697
v -0.544361 2.475705 8.318699
v -0.269104 2.772445 -1.766406
v -0.471138 2.888827 -1.373613
v -0.745585 2.753627 -1.247106
v -0.509146 3.121912 8.236474
v -0.540608 2.864761 8.385841
v -0.523016 3.418375 -1.391324
v -0.490689 3.635631 -1.185289
v -0.499728 3.499664 8.071237
v -0.550541 3.982635 -0.828909
v -0.497246 3.999194 7.970651
v -0.436207 4.442907 -0.950374
v -0.391973 4.599811 7.670992
v -0.477175 4.503894 7.883271
v -0.447776 5.032529 -1.077273
v -0.356831 5.230895 7.232982
v -0.543567 4.969376 7.427081
v -0.726241 4.760414 7.768611
v -0.410998 5.552202 -0.943056
v -0.253171 5.750036 -0.748297
v -0.259209 5.749866 6.739684
v -0.487699 5.453474 6.982030
v -0.693762 5.260552 7.248654
v -0.586795 5.802249 -0.790744
v -0.432203 5.865541 -0.564273
v -0.507164 5.867286 0.006877
v -0.498272 6.172320 0.330644
v -0.372681 5.988826 6.630997
v -0.625437 5.995607 6.750978
v -0.451759 6.507371 0.502917
v -0.301167 6.670109 0.816248
v -0.540512 6.419116 6.541671
v -0.709976 6.287919 6.764800
v -0.633541 6.874933 0.617498
v -0.532286 6.982225 1.023772
v -0.312546 7.194015 1.292687
v -0.735608 7.219006 5.718328
v -0.497551 7.083200 5.975119
v -0.476972 6.821358 6.293079
v -0.655755 7.499167 1.173178
v -0.412737 7.488866 1.412502
v -0.707062 7.741857 4.165963
v -0.440256 7.872539 4.510167
v -0.468622 7.648595 4.982037
v -0.529035 7.373372 5.510266
v -0.369756 7.285224 5.821563
v -0.713334 7.786118 1.216930
v -0.532946 7.871477 1.543887
v -0.547815 8.059593 1.956175
v -0.589269 8.042531 2.544021
v -0.485020 8.025680 2.999970
v -0.510809 7.967922 3.505595
v -0.538434 7.979446 4.012384
v -0.455336 7.875606 4.514406
v -0.608652 7.782234 4.821167
v -0.685991 8.291904 2.110874
v -0.696776 8.289035 2.377511
v -0.854714 -0.271545 0.138193
v -1.012440 -0.282944 0.478864
v -1.002244 -0.354139 0.999083
v -1.001874 -0.348925 1.500584
v -0.954970 -0.300105 1.990669
v -0.754191 -0.251094 2.252979
v -1.022030 0.072327 -1.944820
v -0.988805 -0.096114 -1.511863
v -0.999501 -0.119507 -0.999960
v -0.997280 -0.142212 -0.498396
v -1.014643 -0.234656 -0.019723
v -1.187274 -0.243310 0.298422
v -1.092811 -0.223223 2.149652
v -1.039350 -0.092474 2.526050
v -1.049534 -0.010975 3.020000
v -1.022356 -0.011622 3.465442
v -1.001957 0.031127 4.017012
v -1.056730 0.077086 4.480470
v -1.013120 -0.096290 4.992681
v -1.000983 -0.086553 5.500465
v -1.000213 -0.044117 6.000608
v -0.999969 -0.002836 6.500111
v -0.998752 0.052364 7.001833
v -0.993143 0.146074 7.402610
v -1.017330 0.506754 -2.136880
v -1.242613 0.268196 2.740373
v -1.236262 0.320752 3.004365
v -1.202626 0.368620 3.492495
v -1.232031 0.328953 4.000702
v -1.220152 0.287215 4.304631
v -0.987530 0.308834 7.669932
v -1.007636 0.603024 7.890975
v -0.995060 1.000918 -2.153014
v -0.997138 0.823563 8.186828
v -1.008851 1.082743 8.421009
v -0.759551 1.678716 -2.256425
v -0.955418 1.506572 -2.139002
v -1.031075 1.510999 8.583444
v -0.766339 1.763144 -2.261256
v -0.923841 1.930983 -1.925696
v -1.132042 2.127089 -1.597817
v -0.999462 2.215278 8.198957
v -0.977384 1.872283 8.336754
v -0.788627 2.289368 -1.788242
v -0.922392 2.329612 -1.421848
v -0.968001 2.595786 -1.157994
v -0.999708 2.351468 8.260554
v -0.996706 2.622388 8.305098
v -0.837091 3.099830 -1.264542
v -0.922239 3.057304 -1.123849
v -1.007080 3.030822 8.166243
v -1.005157 2.772308 8.238109
v -0.857629 3.299540 -1.301220
v -1.009869 3.482471 -1.178042
v -1.004205 3.496964 8.096498
v -1.000244 3.990287 -0.944095
v -1.007225 4.001890 8.047881
v -0.994763 4.526126 -1.011654
v -1.000202 4.499825 8.046042
v -1.242361 5.230377 -1.262415
v -1.038418 5.080772 -1.331502
v -1.018231 5.094871 7.599024
v -0.989512 4.876560 7.889636
v -1.243018 5.252353 -1.252476
v -1.058362 5.536024 -1.088858
v -1.166277 5.718869 -0.710521
v -0.864769 5.601646 7.148746
v -1.015905 5.462113 7.395877
v -0.833828 5.765578 -0.772896
v -0.994526 5.813823 -0.505547
v -1.041677 6.082859 0.047107
v -0.784075 6.226448 0.276387
v -0.985203 5.978357 7.005603
v -1.222945 5.997368 7.312093
v -1.108064 6.499208 0.140008
v -0.842482 6.499163 0.242633
v -1.220860 6.583644 3.693733
v -1.177960 6.569578 3.822966
v -0.798505 6.638161 6.645445
v -0.898609 6.475686 6.996842
v -1.159272 6.509787 7.334054
v -1.201445 6.781795 0.227322
v -1.023213 7.015131 0.474965
v -0.887002 7.159743 0.849080
v -1.231788 7.217917 3.230737
v -1.240986 7.052126 3.527719
v -1.132835 6.965878 3.997924
v -1.119448 7.098380 4.388504
v -0.764777 7.234883 5.735566
v -0.920131 7.172991 6.048936
v -1.003456 6.872932 6.468758
v -1.100861 6.885604 7.025373
v -1.237108 6.761942 7.261872
v -1.207067 7.282156 0.708856
v -1.038237 7.465194 0.957239
v -1.227897 7.735486 2.740654
v -1.111660 7.501430 3.010033
v -0.982966 7.514105 3.502254
v -0.840295 7.523277 3.990842
v -1.001314 7.544247 4.488993
v -1.034448 7.775688 5.030801
v -0.973639 7.588018 5.579421
v -1.086812 7.424954 5.892914
v -0.969102 7.904388 1.107937
v -0.953933 8.146068 1.475060
v -0.756620 8.247198 1.772996
v -1.045311 8.059894 2.677946
v -0.860359 7.886321 2.988540
v -0.761141 7.800138 3.503678
v -0.767851 7.773583 3.832278
v -0.831517 7.834357 4.628476
v -1.025721 7.777111 5.025284
v -1.216775 7.824926 5.333550
v -1.057839 8.369653 1.584293
v -0.848997 8.486194 1.935307
v -0.970986 8.394702 2.490326
v -1.314452 -0.264450 0.631785
v -1.358489 -0.286193 0.999586
v -1.348515 -0.294190 1.500164
v -1.301604 -0.275044 1.811805
v -1.499634 0.180173 -1.851042
v -1.553144 -0.032059 -1.539658
v -1.500707 -0.002016 -0.999650
v -1.485177 0.017444 -0.489078
v -1.500154 -0.113939 -0.000085
v -1.488271 -0.199403 0.479314
v -1.608811 -0.219717 0.999808
v -1.597114 -0.200529 1.500253
v -1.495052 -0.131160 1.999150
v -1.509639 0.145219 2.382705
v -1.339602 0.222811 4.687708
v -1.525209 0.091836 4.949837
v -1.501808 -0.050770 5.500696
v -1.500318 -0.030424 6.000923
v -1.500056 0.014599 6.499526
v -1.500244 0.023101 7.000714
v -1.494819 0.146106 7.544640
v -1.658647 0.233180 7.774430
v -1.501163 0.500421 -2.003586
v -1.440826 0.470802 2.522241
v -1.321943 0.568731 3.001708
v -1.259411 0.631396 3.498693
v -1.318033 0.592753 4.003227
v -1.483641 0.535927 4.516392
v -1.693971 0.282851 4.779374
v -1.325118 0.259363 7.731560
v -1.494547 0.453291 7.929640
v -1.502133 0.998144 -2.024408
v -1.591748 1.003095 2.610408
v -1.417400 1.009115 3.006078
v -1.378625 1.000220 3.499887
v -1.420510 1.033991 4.050450
v -1.702683 0.990767 4.310277
v -1.515663 0.973707 8.280234
v -1.344333 1.153495 8.329028
v -1.526166 1.555254 -1.934747
v -1.603362 1.622453 -1.628146
v -1.692195 1.338251 2.691364
v -1.621320 1.519232 3.024787
v -1.563432 1.504066 3.500096
v -1.619931 1.491518 4.008646
v -1.703543 1.297576 4.290651
v -1.602338 1.499842 8.188044
v -1.395215 1.479212 8.408742
v -1.273759 1.787496 -1.778260
v -1.437124 1.972304 -1.449300
v -1.600200 2.155972 -1.193704
v -1.792151 1.999879 3.206015
v -1.788543 1.998337 3.494126
v -1.747453 1.874333 3.777417
v -1.469008 2.002370 8.177777
v -1.296723 1.875011 8.318272
v -1.262409 2.260872 -1.262289
v -1.414023 2.420409 -1.062883
v -1.737657 2.279401 3.246786
v -1.801616 2.456575 3.510018
v -1.726131 2.628256 3.773833
v -1.501545 2.363167 8.256241
v -1.476822 2.647819 8.399276
v -1.497669 3.008938 -1.063495
v -1.722662 3.196640 3.232135
v -1.729805 3.014859 3.512500
v -1.731332 2.844522 3.777462
v -1.359874 3.108255 8.178039
v -1.529271 2.953400 8.258007
v -1.676322 3.676479 -1.336724
v -1.496687 3.494048 -1.240670
v -1.739261 3.269293 3.237068
v -1.731565 3.272142 3.341175
v -1.512077 3.491499 8.207878
v -1.688244 3.318772 8.265010
v -1.698947 4.011075 -1.317450
v -1.470618 3.981254 -1.067318
v -1.544675 4.038312 8.198629
v -1.741494 4.232924 8.250309
v -1.584968 4.558853 -1.378584
v -1.477689 4.511249 -1.135423
v -1.363418 4.494194 8.234973
v -1.628137 4.484121 8.349466
v -1.486667 4.990676 -1.244027
v -1.494919 4.987351 -1.241500
v -1.280545 5.217055 7.726993
v -1.287415 5.064063 8.068098
v -1.583665 4.999544 8.398526
v -1.254014 5.252753 -1.253466
v -1.461983 5.518903 -1.102685
v -1.507114 5.720467 -0.704830
v -1.736556 5.689211 3.243666
v -1.614376 5.557312 3.514370
v -1.685505 5.646651 3.855306
v -1.302965 5.499897 7.669953
v -1.437383 5.525033 8.028815
v -1.658224 5.511257 8.367533
v -1.504143 6.070684 -0.447788
v -1.367520 6.186229 -0.179585
v -1.658559 5.983726 3.121387
v -1.444885 5.975465 3.455234
v -1.494450 5.918378 4.038545
v -1.633693 6.124745 4.360054
v -1.367299 6.014177 7.612015
v -1.663083 5.958415 7.964551
v -1.731826 5.765067 8.265480
v -1.708010 6.322148 -0.292821
v -1.471434 6.505033 -0.116708
v -1.577368 6.490712 3.042942
v -1.307994 6.441920 3.509956
v -1.255694 6.428720 4.018013
v -1.596815 6.537578 4.497445
v -1.730229 6.729531 4.765619
v -1.603853 6.687104 7.186546
v -1.500990 6.496619 7.464188
v -1.732953 6.269338 7.768418
v -1.504517 6.892383 0.143951
v -1.472375 7.188240 0.274049
v -1.680401 7.095970 2.671619
v -1.496664 6.995876 2.996542
v -1.318121 6.890189 3.369694
v -1.253814 6.774840 4.180365
v -1.372120 6.949653 4.541423
v -1.658899 6.999746 4.822128
v -1.299407 7.205943 6.197540
v -1.522028 7.113481 6.544995
v -1.475467 6.916020 7.042290
v -1.271323 6.764142 7.264007
v -1.553065 7.434475 0.618886
v -1.406596 7.578654 0.931235
v -1.574037 7.546148 2.666626
v -1.393204 7.428128 2.925343
v -1.333066 7.360329 4.670479
v -1.509886 7.525929 4.942062
v -1.238159 7.753208 5.710265
v -1.433801 7.554694 6.059774
v -1.687513 7.288693 6.385119
v -1.726553 7.773758 0.732005
v -1.525032 8.007591 0.994201
v -1.352962 8.235696 1.277288
v -1.599667 8.067247 2.095643
v -1.497489 7.960567 2.390891
v -1.482669 7.822292 5.193262
v -1.360075 8.004861 5.522891
v -1.579031 8.024964 5.907497
v -1.694000 8.259438 1.225710
v -1.522625 8.378099 1.444726
v -1.503845 8.372437 1.983087
v -1.341710 8.345232 2.333969
v -1.875336 0.164251 -1.844106
v -1.953406 0.083697 -1.510206
v -1.935738 0.191860 -1.004493
v -2.019319 0.161975 -0.517243
v -1.999525 -0.010931 0.001333
v -1.997813 -0.083400 0.501269
v -1.992254 -0.087610 0.998758
v -1.997492 -0.055923 1.499703
v -1.962553 0.107485 2.029065
v -1.752687 0.247984 2.250862
v -2.001131 0.099549 5.020457
v -2.000809 0.002445 5.499612
v -1.999802 -0.000154 6.000347
v -1.999434 -0.009188 6.500172
v -1.999900 0.022633 7.000046
v -1.996290 0.085688 7.506226
v -1.997528 0.198696 7.812659
v -2.085333 0.535694 -1.959444
v -2.294217 0.214924 -1.564662
v -2.170541 0.335503 -1.001383
v -2.204592 0.272873 -0.706937
v -2.076297 0.393927 2.144686
v -1.962976 0.512731 2.327557
v -2.008069 0.521712 4.590090
v -1.996807 0.286760 4.785875
v -1.998663 0.497619 8.010773
v -1.977750 0.952330 -1.844858
v -2.113000 1.064321 -1.625000
v -1.996025 1.001575 2.430077
v -2.002152 1.011178 4.479397
v -1.993594 0.998667 8.078044
v -1.821525 1.314650 -1.821415
v -1.939495 1.448542 -1.433449
v -2.174230 1.680922 -1.191831
v -1.970727 1.460268 2.544674
v -1.979197 1.734305 2.813202
v -1.911005 1.628331 4.136558
v -2.030270 1.497029 4.326998
v -1.990396 1.500144 8.005335
v -1.815884 1.801996 -1.281092
v -1.989097 1.967043 -1.086539
v -1.984696 1.993128 2.905326
v -1.771945 2.231608 3.672935
v -1.927040 2.036760 3.981884
v -2.217595 2.012355 4.224937
v -2.005383 2.022594 8.072079
v -2.023248 2.500889 -0.981626
v -1.951665 2.473817 2.983321
v -1.801665 2.454870 3.511369
v -1.746534 2.529036 4.033782
v -2.155304 2.492108 4.327522
v -2.001630 2.334804 8.213905
v -2.001897 2.571864 8.344183
v -2.181404 3.211438 -1.284954
v -2.010076 3.029759 -1.156894
v -1.885195 3.021841 2.988660
v -1.732340 3.009299 3.509196
v -1.810568 2.999171 3.997425
v -2.137341 2.999719 4.320500
v -1.989452 2.981301 8.500433
v -2.008522 3.482274 -1.382966
v -1.841644 3.322910 -1.240670
v -1.915526 3.495307 3.020478
v -1.785349 3.461582 3.500421
v -1.974189 3.541266 4.091313
v -2.154826 3.428842 4.346224
v -1.830098 3.641569 8.200185
v -2.003811 3.481929 8.348977
v -2.008919 4.011285 -1.479024
v -2.076942 4.004733 3.056538
v -1.869486 3.999663 3.502175
v -2.076507 3.992226 4.050461
v -2.236549 4.153599 4.253358
v -1.953743 4.045709 8.152056
v -1.953273 4.055958 8.154247
v -1.985241 4.524481 -1.325881
v -2.097569 4.685953 -1.235368
v -2.014873 4.505203 3.039092
v -1.631016 4.470326 3.591733
v -1.885533 4.460133 4.011870
v -2.145291 4.439148 4.376588
v -2.087457 4.329019 8.194810
v -1.958098 4.494734 8.329594
v -1.764504 4.754214 -1.251485
v -1.959305 4.960866 -1.162655
v -2.003606 5.002698 3.042272
v -1.829505 5.002855 3.496167
v -2.087511 5.016930 4.032198
v -2.177101 4.910292 4.303639
v -2.035397 4.973574 8.602020
v -1.995236 5.368571 -0.861746
v -1.998711 5.621618 -0.623251
v -1.974488 5.512883 3.075013
v -1.709336 5.318763 3.504872
v -1.986269 5.475563 4.027472
v -2.169697 5.597734 4.308077
v -1.944420 5.514247 8.570593
v -2.000881 6.010918 -0.421798
v -1.972585 5.985801 2.889082
v -1.803706 5.774155 4.200184
v -1.982763 5.960794 4.460770
v -1.979400 6.089387 8.097610
v -1.967784 5.868337 8.350500
v -1.996724 6.500881 -0.222450
v -1.840754 6.655838 -0.225604
v -2.101100 6.616236 2.667445
v -1.984396 6.509746 2.872243
v -1.964552 6.355162 4.715347
v -1.992101 6.619930 4.842172
v -1.876183 6.603948 7.082628
v -2.078203 6.423211 7.537952
v -1.978720 6.408309 7.857192
v -2.167748 6.781644 -0.282448
v -1.990844 6.953954 0.058052
v -1.756523 7.243489 0.257086
v -1.964601 6.967597 2.572363
v -1.769510 6.773319 2.763969
v -2.000889 7.002389 4.945343
v -1.767855 7.248864 6.742199
v -2.003954 6.961673 6.916483
v -2.247415 6.753032 7.273979
v -2.100720 7.346074 0.216033
v -1.942657 7.529867 0.323494
v -2.249692 7.749626 1.749735
v -2.133345 7.636046 2.007340
v -1.952673 7.450839 2.317215
v -1.997847 7.496813 5.109766
v -1.850021 7.704788 6.217134
v -1.962590 7.521890 6.530855
v -2.107132 7.278870 6.778135
v -1.985995 7.996323 0.595711
v -1.846159 8.157334 0.860847
v -2.199371 8.001130 1.724495
v -1.904815 7.942660 1.950308
v -1.760228 7.756986 2.257540
v -1.991763 7.827886 5.204699
v -2.000522 8.039136 5.468764
v -2.026280 7.996964 6.052092
v -2.217853 7.768683 6.271761
v -2.209550 8.271672 0.725749
v -2.036777 8.268613 1.041329
v -2.022631 8.379170 1.557444
v -1.839709 8.256806 1.755061
v -2.499629 0.155526 -0.468555
v -2.500038 0.015203 -0.000547
v -2.499596 -0.031722 0.499814
v -2.500351 -0.015832 0.999174
v -2.501427 -0.000317 1.500977
v -2.501525 0.146305 1.863483
v -2.501844 0.145673 5.091681
v -2.496443 -0.015092 5.491764
v -2.499579 -0.020456 5.999970
v -2.500808 -0.006679 6.500465
v -2.500424 0.000517 6.999498
v -2.499583 0.033430 7.508862
v -2.495783 0.158099 7.876366
v -2.277634 0.744036 -1.778257
v -2.668828 0.701452 -1.728172
v -2.502737 0.450748 -0.962587
v -2.501339 0.274256 -0.708655
v -2.528817 0.541398 2.115364
v -2.393112 0.710698 2.276923
v -2.500478 0.604306 4.712025
v -2.498526 0.356433 4.848769
v -2.476946 0.489806 8.123029
v -2.277782 0.761577 -1.760252
v -2.468138 0.965547 -1.633322
v -2.728038 0.761741 2.236906
v -2.534673 0.955554 2.339713
v -2.495088 1.016756 4.555195
v -2.506458 0.990425 8.047183
v -2.500511 1.412779 -1.364849
v -2.500741 1.666109 -1.231794
v -2.520219 1.473461 2.583000
v -2.501259 1.689971 2.778744
v -2.584105 1.659405 4.192552
v -2.442342 1.474929 4.276594
v -2.526653 1.499059 7.891857
v -2.499635 2.000453 -1.158931
v -2.500743 2.001669 2.912478
v -2.540724 2.007582 4.146316
v -2.288504 2.020002 4.212010
v -2.468370 2.020172 8.137185
v -2.609870 2.184339 8.297508
v -2.501991 2.496693 -1.101995
v -2.500098 2.499861 2.964001
v -2.672943 2.494513 4.222163
v -2.424422 2.489296 4.321517
v -2.272596 2.273862 8.244976
v -2.461373 2.463162 8.424005
v -2.317531 3.214462 -1.277027
v -2.490400 3.028898 -1.188866
v -2.498380 2.988870 2.850951
v -2.739975 2.806821 4.245665
v -2.562777 2.985925 4.372468
v -2.503781 2.984388 8.643827
v -2.633167 3.103387 8.823142
v -2.488832 3.534765 -1.293443
v -2.649217 3.391029 -1.223581
v -2.651440 3.624862 2.700781
v -2.492497 3.485244 2.805456
v -2.282371 3.736459 4.247504
v -2.457027 3.557311 4.357008
v -2.459634 3.551342 8.678440
v -2.639411 3.355574 8.819662
v -2.500889 3.993552 -1.375051
v -2.596282 4.009768 2.668508
v -2.364566 3.999529 2.802813
v -2.281957 3.819439 4.246619
v -2.469844 3.990004 4.319656
v -2.310186 4.160665 8.167248
v -2.515565 3.979811 8.391020
v -2.478186 4.406679 -1.369774
v -2.497480 4.665175 -1.266389
v -2.668640 4.500395 2.724904
v -2.397007 4.504781 2.757981
v -2.498745 4.493844 4.428155
v -2.297882 4.324967 8.170537
v -2.566022 4.518382 8.315705
v -2.500492 5.001553 -1.062706
v -2.733992 4.805209 2.728811
v -2.525498 4.965277 2.752643
v -2.254734 5.244769 4.246408
v -2.424947 5.077958 4.417947
v -2.519785 5.009621 8.465504
v -2.511788 5.397362 -0.811359
v -2.535011 5.621894 -0.637651
v -2.646994 5.602348 2.686546
v -2.473791 5.463167 2.755879
v -2.253968 5.254680 4.247160
v -2.432420 5.386318 4.603294
v -2.740709 5.731968 4.751925
v -2.516813 5.492405 8.439671
v -2.538466 5.983309 -0.475040
v -2.594096 6.004193 2.692920
v -2.342118 5.996807 2.755547
v -2.534758 5.965068 4.705453
v -2.739030 5.773664 4.763201
v -2.502571 6.155055 8.155326
v -2.498438 5.852409 8.325651
v -2.485490 6.493992 -0.491425
v -2.449592 6.453582 2.552368
v -2.314036 6.282321 2.754981
v -2.500191 6.377350 4.739350
v -2.525786 6.627725 4.848052
v -2.405415 6.684657 7.595943
v -2.532981 6.493018 7.812265
v -2.509500 6.989776 -0.384186
v -2.422877 7.020181 -0.106208
v -2.591891 7.116063 2.201994
v -2.456744 6.969810 2.315101
v -2.500003 6.998413 4.917199
v -2.414499 7.075928 7.115172
v -2.503404 6.978377 7.486173
v -2.715018 6.756887 7.758273
v -2.716272 7.284380 -0.293139
v -2.548297 7.474157 0.068791
v -2.298119 7.700836 0.266946
v -2.250618 7.749467 1.749326
v -2.422784 7.498438 1.973922
v -2.257063 7.256134 2.252703
v -2.473234 7.521607 5.197436
v -2.645600 7.735028 5.244638
v -2.500178 7.600155 6.552397
v -2.524563 7.349103 6.985959
v -2.720417 7.272601 7.271186
v -2.642522 7.850859 0.193019
v -2.464215 8.039783 0.331566
v -2.432526 8.012282 1.776881
v -2.597809 7.908048 1.747110
v -2.298685 7.778169 5.241806
v -2.483775 8.009325 5.467775
v -2.490276 7.891390 5.979165
v -2.506667 7.740945 6.276380
v -2.480631 8.383893 0.619439
v -2.484567 8.483843 0.997923
v -2.493173 8.388802 1.481406
v -3.100067 0.221621 -0.794567
v -2.958694 0.144794 -0.551796
v -2.999557 0.004704 -0.002599
v -3.000147 -0.030060 0.499819
v -2.999965 -0.013825 0.999792
v -2.996946 -0.000981 1.500372
v -2.977293 0.101902 1.946199
v -2.982816 0.100093 5.066222
v -3.001544 -0.023032 5.495985
v -2.999885 -0.029851 6.000230
v -3.000200 0.005558 6.499860
v -2.999771 0.011230 7.000199
v -3.000238 0.053244 7.502672
v -3.001564 0.156544 7.897632
v -3.140316 0.678085 -1.819190
v -2.878393 0.691917 -1.665023
v -2.959457 0.347451 -0.981718
v -2.767423 0.251597 -0.744502
v -2.933087 0.445415 2.193972
v -3.082999 0.546980 2.408384
v -3.027380 0.616459 4.681949
v -2.997806 0.341763 4.835871
v -2.996426 0.455483 8.255680
v -3.134876 1.004286 -1.831788
v -2.946853 0.991699 -1.601786
v -2.757639 0.758025 2.242728
v -2.982268 0.974624 2.523325
v -3.214469 1.198962 2.780182
v -3.150457 1.164747 4.175508
v -2.973782 0.991472 4.385088
v -2.995355 0.999915 8.174353
v -3.233955 1.263006 -1.766555
v -3.090884 1.416221 -1.390880
v -2.826602 1.673168 -1.197732
v -2.867301 1.337052 2.695637
v -3.078348 1.558096 2.927908
v -3.315929 1.782992 3.503811
v -3.045133 1.602314 4.072280
v -2.821788 1.323443 4.292296
v -3.035855 1.518757 8.166256
v -3.234268 1.697435 8.253873
v -3.152633 1.897493 -1.307082
v -2.990961 2.039180 -1.220716
v -2.968037 2.059997 3.053856
v -3.151595 2.022508 3.483854
v -2.930087 1.993676 3.920922
v -2.905685 1.851980 8.159925
v -3.054855 2.031663 8.348030
v -3.244757 2.704074 -1.244174
v -3.057105 2.526438 -1.164277
v -2.895144 2.496880 3.139815
v -3.025909 2.499915 3.503625
v -2.898506 2.499258 3.963428
v -2.934836 2.472542 8.713257
v -3.112367 2.656145 8.856591
v -3.242333 2.773016 -1.256770
v -3.042362 2.965836 -1.237480
v -3.040258 2.966321 2.982379
v -3.176148 3.005451 3.513837
v -2.885621 2.990273 4.038528
v -2.751012 3.141196 4.251264
v -2.781054 2.771832 8.744944
v -2.968841 2.954988 8.888321
v -2.811800 3.724364 -1.248583
v -2.981266 3.541109 -1.187611
v -2.779123 3.645202 2.739516
v -3.046899 3.524441 2.956916
v -3.201785 3.438667 3.500009
v -3.078236 3.506300 3.990819
v -2.784097 3.496865 4.295730
v -2.830544 3.678541 8.703584
v -2.994635 3.511646 8.849861
v -2.880031 3.994727 -1.309558
v -3.128123 3.997704 -1.242023
v -2.858369 3.989625 2.678057
v -3.138198 3.988182 2.859112
v -3.068586 4.000321 4.068390
v -2.802231 4.004645 4.302560
v -2.975135 4.029824 8.751355
v -3.155976 3.894670 8.797410
v -2.860458 4.342497 -1.311190
v -3.005677 4.496939 -1.186514
v -2.811586 4.495439 2.747900
v -3.088127 4.514608 2.866452
v -3.097853 4.499966 4.095245
v -2.855215 4.500544 4.347566
v -3.000355 4.502158 8.595863
v -3.215073 5.177051 -1.289395
v -3.035022 5.006112 -1.163153
v -2.760222 4.804810 2.740490
v -3.024068 4.999063 2.969795
v -3.229999 5.192400 3.309521
v -3.137998 4.996200 4.103450
v -2.862479 5.000231 4.364718
v -3.003320 4.989104 8.390894
v -3.222947 5.285564 -1.278323
v -2.988040 5.522868 -1.000390
v -2.763440 5.740510 -0.744974
v -2.779843 5.626589 2.735999
v -3.094190 5.518502 2.909273
v -3.237236 5.351514 3.306957
v -3.204915 5.350934 4.144680
v -3.029948 5.464469 4.569862
v -2.761197 5.731175 4.754559
v -2.997027 5.503132 8.312990
v -3.062294 6.019301 -0.851052
v -2.813584 6.001162 -0.695376
v -2.838535 5.999893 2.702848
v -3.093858 5.992399 2.879978
v -2.968603 5.996294 4.685561
v -2.760075 5.773144 4.766024
v -2.975425 6.021319 8.061876
v -3.007986 5.818732 8.301751
v -3.040294 6.513542 -0.909132
v -2.816520 6.502040 -0.710514
v -3.009300 6.532744 2.597166
v -3.177624 6.394162 2.744891
v -2.953598 6.565365 4.636388
v -2.762893 6.735826 4.745691
v -2.994811 6.500935 7.813580
v -3.131754 6.873157 -0.821483
v -2.982625 7.021995 -0.647206
v -2.846868 7.092055 2.161535
v -2.991100 6.988835 2.397684
v -3.097337 6.820543 4.706465
v -2.949197 7.005321 4.802055
v -3.135443 7.223102 7.220959
v -2.978545 7.056776 7.467921
v -2.998625 6.781479 7.795407
v -3.045050 7.444147 -0.364897
v -2.893888 7.589795 -0.113538
v -3.004812 7.533055 2.136462
v -3.183212 7.369830 2.256952
v -2.995529 7.470569 5.066728
v -2.999928 7.710225 5.292695
v -3.000721 7.649181 6.611854
v -2.978289 7.389892 7.028365
v -2.797039 7.275004 7.273073
v -3.148605 7.823493 -0.358280
v -2.997410 8.004607 0.011014
v -2.809255 8.193880 0.299026
v -2.753694 8.231996 1.747283
v -2.949257 8.044870 1.953985
v -3.021844 8.021470 5.550793
v -2.996209 8.063767 6.000360
v -3.046873 7.975040 6.357058
v -3.142488 8.308850 0.174994
v -2.990884 8.397487 0.486740
v -2.996135 8.665297 0.998804
v -2.975391 8.532466 1.528535
v -3.103301 8.331979 1.846821
v -3.208647 8.282754 5.700922
v -3.188516 8.300313 5.997062
v -3.246507 8.253401 6.253577
v -3.201834 8.793407 1.182504
v -3.211020 8.770148 1.296843
v -3.498678 0.199727 -0.838914
v -3.500939 0.094924 -0.504852
v -3.501216 0.023596 -0.000860
v -3.499577 0.004679 0.500105
v -3.499910 -0.017110 0.999877
v -3.499058 -0.039082 1.499606
v -3.464079 0.045613 2.082030
v -3.630196 0.226947 2.275188
v -3.612635 0.188134 4.640725
v -3.466333 0.072502 4.948804
v -3.498303 -0.039854 5.496838
v -3.500414 -0.037210 6.000684
v -3.499996 0.004080 6.499994
v -3.500937 0.017332 6.999824
v -3.500328 0.053425 7.505596
v -3.499793 0.171117 7.871437
v -3.519122 0.644339 -1.887851
v -3.561826 0.551762 -1.331593
v -3.498470 0.395474 -1.088303
v -3.297610 0.267208 2.223864
v -3.493483 0.499845 2.457974
v -3.683744 0.692484 2.790708
v -3.689768 0.667143 4.230577
v -3.472930 0.472139 4.502245
v -3.279024 0.267601 4.772290
v -3.502207 0.491284 8.144382
v -3.658561 1.054427 -2.092561
v -3.350906 0.874273 2.658268
v -3.569479 1.069118 2.931012
v -3.741123 1.256007 3.514374
v -3.566229 1.051759 4.088368
v -3.324506 0.820798 4.295351
v -3.489792 1.008399 8.103716
v -3.500173 1.286178 -1.774364
v -3.515825 1.518373 -1.596836
v -3.418163 1.418456 3.101681
v -3.447608 1.491548 3.499622
v -3.412877 1.432761 3.862693
v -3.489873 1.440263 8.163653
v -3.503863 1.644146 8.307821
v -3.474177 2.009945 -1.346012
v -3.272673 2.229788 -1.244674
v -3.493793 1.966136 8.533807
v -3.477684 2.531043 -1.258514
v -3.276820 2.365218 -1.218602
v -3.523062 2.491097 8.710573
v -3.363714 2.651686 8.826632
v -3.477814 2.963319 -1.316298
v -3.278538 3.109292 -1.254931
v -3.689730 2.807457 8.729960
v -3.539445 2.963031 8.939952
v -3.531172 3.494955 -1.403467
v -3.295274 3.500705 -1.232658
v -3.252055 3.736811 3.244529
v -3.326786 3.657412 3.485244
v -3.264149 3.688144 3.772822
v -3.736751 3.735765 8.749388
v -3.546576 3.553716 8.874214
v -3.577678 4.002462 -1.361834
v -3.324221 4.006237 -1.244791
v -3.363803 3.964135 3.135259
v -3.424772 3.986760 3.469040
v -3.324663 3.995815 3.854915
v -3.540384 4.036120 8.736586
v -3.403513 3.895489 8.791886
v -3.660225 4.497843 -1.252151
v -3.409139 4.503305 -1.131389
v -3.384059 4.515718 3.120150
v -3.465324 4.544979 3.484139
v -3.364510 4.503890 3.890812
v -3.498166 4.501146 8.664839
v -3.511442 4.989522 -1.385846
v -3.342935 4.825491 -1.258861
v -3.303939 4.877497 3.217052
v -3.297330 5.015284 3.482595
v -3.324752 5.000213 3.846058
v -3.495380 5.012879 8.599461
v -3.521087 5.467017 -1.382453
v -3.391826 5.574758 -1.102171
v -3.270745 5.684444 3.234086
v -3.232415 5.522064 3.489510
v -3.303649 5.517257 3.975894
v -3.273070 5.696794 4.300009
v -3.504296 5.495384 8.399474
v -3.587284 5.934681 -1.416650
v -3.491365 6.028576 -1.176571
v -3.306017 6.011077 3.158651
v -3.450120 6.013110 3.499993
v -3.560388 5.946587 4.007152
v -3.376190 5.996273 4.377190
v -3.452106 6.160836 8.139946
v -3.485392 5.871663 8.341444
v -3.491398 6.507241 -1.161776
v -3.252401 6.741899 2.747201
v -3.453927 6.544271 2.932025
v -3.644248 6.546386 3.547555
v -3.737398 6.533638 3.955566
v -3.453329 6.494213 4.440321
v -3.709401 6.715418 7.739503
v -3.536522 6.551529 7.947856
v -3.477330 7.023526 -0.897446
v -3.295309 7.202718 -0.732339
v -3.327793 7.008749 2.663519
v -3.562245 7.015042 3.009758
v -3.715823 6.817220 3.406245
v -3.734887 6.778288 4.103230
v -3.529038 6.939765 4.602312
v -3.320226 7.158631 4.779568
v -3.500012 7.177147 7.177599
v -3.514425 6.882238 7.533483
v -3.377429 6.810311 7.829170
v -3.630540 7.335793 -0.842779
v -3.454983 7.527213 -0.688086
v -3.261449 7.720459 2.237930
v -3.551308 7.465441 2.418722
v -3.703518 7.331558 2.818008
v -3.663522 7.339973 4.715335
v -3.476410 7.532575 4.958810
v -3.304409 7.704993 5.307485
v -3.398178 7.666180 6.668029
v -3.523795 7.517599 6.894361
v -3.499801 7.915088 -0.417418
v -3.490315 8.179915 -0.194382
v -3.311188 8.007653 2.139772
v -3.611484 7.997791 2.344163
v -3.646811 8.026793 5.126621
v -3.343883 7.996670 5.387232
v -3.523850 7.968249 6.580000
v -3.696954 7.789050 6.788726
v -3.465774 8.433171 0.066799
v -3.492212 8.613056 0.505092
v -3.292408 8.741895 0.838314
v -3.305922 8.707580 1.645717
v -3.416454 8.549942 2.051747
v -3.645663 8.513958 2.310289
v -3.588259 8.414827 5.123966
v -3.442108 8.469814 5.520333
v -3.467978 8.509956 6.001470
v -3.495873 8.350515 6.332986
v -3.633827 8.801461 0.660988
v -3.477002 8.852811 1.007409
v -3.443235 8.935278 1.497145
v -3.669246 8.821598 2.003788
v -3.744185 8.759723 2.257875
v -4.001224 0.196459 -0.864681
v -3.999612 0.131958 -0.499337
v -3.999451 0.073874 0.000775
v -3.999373 0.036210 0.501063
v -4.000997 -0.021644 0.998932
v -4.001044 -0.043277 1.500377
v -4.003787 -0.026639 2.002802
v -3.945123 0.044996 2.519113
v -4.139604 0.136487 3.006852
v -4.143384 0.133232 3.494026
v -4.091059 0.105805 3.983036
v -3.934926 -0.000776 4.462330
v -3.998093 -0.044580 4.998382
v -3.999366 -0.052793 5.500022
v -3.999785 -0.032441 6.000128
v -4.000059 0.005473 6.499884
v -3.999987 0.047778 6.999500
v -3.999925 0.061973 7.501003
v -3.996683 0.155733 7.897195
v -3.889648 0.707283 -1.806902
v -3.970792 0.675590 -1.572483
v -3.997383 0.335847 -1.155730
v -3.846004 0.355777 2.618470
v -3.918646 0.508710 2.984682
v -4.062406 0.499816 3.497407
v -3.932262 0.481288 4.030214
v -3.773098 0.295094 4.292595
v -3.995683 0.482852 8.187018
v -4.170230 0.645521 8.304713
v -3.932776 0.829439 -1.998409
v -4.216738 0.759345 -1.735800
v -3.837645 0.901505 3.125944
v -3.928506 0.973306 3.476589
v -3.861561 0.889131 3.875194
v -3.907272 1.000554 8.178487
v -4.142200 1.008326 8.325278
v -4.006216 1.372485 -1.794070
v -3.999422 1.630511 -1.698193
v -3.890365 1.363736 8.090396
v -4.069353 1.553387 8.199007
v -4.225036 2.143144 -1.772175
v -4.043042 1.976790 -1.706406
v -4.006178 1.967090 8.457939
v -4.227025 2.498880 -1.764336
v -3.975225 2.499209 -1.581933
v -3.991023 2.503769 8.624416
v -4.199483 2.999746 -1.799881
v -3.909789 2.995249 -1.652697
v -3.968106 2.998492 8.624192
v -3.819972 3.142661 8.784571
v -4.199196 3.302690 -1.814186
v -4.013693 3.491820 -1.626420
v -3.987025 3.568072 8.765983
v -3.975143 3.560986 8.769947
v -3.949429 3.967568 -1.386921
v -3.985342 3.992696 8.718951
v -4.128626 3.817389 8.766661
v -4.011663 4.493445 -1.319420
v -3.996566 4.507990 8.726385
v -4.020784 5.035707 -1.331528
v -4.012927 5.002012 8.593538
v -3.989623 5.512807 -1.508275
v -4.006292 5.498331 8.550532
v -3.997452 6.036421 -1.390342
v -3.824522 6.221520 -1.243376
v -4.000302 6.212735 8.172547
v -3.973062 5.990205 8.447157
v -4.158832 6.291998 -1.261877
v -3.995224 6.475526 -1.189102
v -3.748290 6.740042 3.741321
v -3.751372 6.738610 3.764461
v -4.007439 6.659566 7.689124
v -4.015812 6.388882 7.839770
v -3.978494 7.039281 -1.042273
v -3.787605 7.156770 3.157719
v -3.862281 6.968149 3.546033
v -3.901875 6.931401 3.966475
v -3.878550 7.112255 4.384236
v -3.996581 7.202962 7.181808
v -4.001944 6.900007 7.443957
v -4.010802 7.332414 -0.829467
v -4.009466 7.607710 -0.707790
v -3.793286 7.671242 2.704707
v -3.920438 7.491561 2.976722
v -4.146873 7.494586 3.472939
v -4.126198 7.525880 4.021226
v -3.945427 7.508015 4.538905
v -3.784921 7.686930 4.790023
v -4.114257 7.654118 6.691118
v -3.967088 7.483623 6.872968
v -4.001275 7.926861 -0.409781
v -4.006480 8.189388 -0.218853
v -3.894554 7.987147 2.613537
v -4.182909 8.054040 3.010363
v -4.272998 7.874894 3.268153
v -4.245351 7.813650 4.208658
v -4.139195 7.996904 4.502519
v -3.858347 7.994615 4.878526
v -3.999630 7.984499 6.677393
v -3.784694 7.790259 6.802940
v -4.021944 8.461950 0.030304
v -4.004456 8.692353 0.361933
v -3.836335 8.507796 2.594994
v -4.153043 8.464574 3.045107
v -4.211666 8.612878 3.315194
v -4.148669 8.410321 4.623553
v -3.938245 8.589148 4.949427
v -4.009914 8.753153 5.495713
v -4.003019 8.773679 6.011065
v -4.027313 8.463846 6.442241
v -3.997966 8.897989 0.569158
v -3.990641 9.125676 0.975649
v -3.997841 9.032696 1.500915
v -3.942316 9.127706 1.986235
v -3.996202 8.925931 2.456883
v -4.157343 8.881191 3.006571
v -4.252653 8.804336 3.297270
v -4.713785 0.247547 -1.291516
v -4.523902 0.184534 -1.001082
v -4.500178 0.112262 -0.499765
v -4.499915 0.062866 -0.000055
v -4.500057 0.046409 0.500289
v -4.499992 0.012371 1.000010
v -4.500643 -0.026671 1.500296
v -4.500029 -0.007334 2.000291
v -4.500197 -0.052936 2.498210
v -4.490756 -0.042138 3.001451
v -4.493703 -0.021728 3.498372
v -4.500962 -0.037107 3.999957
v -4.499952 -0.047113 4.499537
v -4.500084 -0.051658 5.000051
v -4.500463 -0.058239 5.500087
v -4.500592 -0.040642 6.000507
v -4.500693 -0.007449 6.499664
v -4.502471 -0.001917 6.999856
v -4.500257 0.022978 7.499823
v -4.507801 0.146054 8.025122
v -4.688304 0.240901 8.297479
v -4.712105 0.715927 -2.281247
v -4.625656 0.657067 -1.996836
v -4.511886 0.480915 -1.489328
v -4.366636 0.282422 -1.186064
v -4.345091 0.303002 8.217294
v -4.496969 0.474326 8.406380
v -4.642946 0.996289 -2.331508
v -4.342691 0.920442 -2.053987
v -4.256516 0.761624 -1.735264
v -4.494883 1.002873 8.505249
v -4.636051 1.523600 -2.349562
v -4.375004 1.549437 -2.007527
v -4.272195 1.720073 -1.728376
v -4.529338 1.501393 8.441831
v -4.721702 1.998248 -2.277892
v -4.438556 1.984103 -1.969018
v -4.286340 1.799963 -1.711206
v -4.512483 2.005559 8.473032
v -4.730891 2.273094 -2.273952
v -4.502186 2.482681 -2.060228
v -4.508953 2.538548 8.436050
v -4.506841 2.997772 -1.840252
v -4.505764 2.997791 8.616743
v -4.731736 3.748274 -2.261768
v -4.516194 3.523936 -1.987112
v -4.343537 3.613056 -1.662568
v -4.527420 3.414065 8.618555
v -4.508556 3.643719 8.778351
v -4.738568 3.759992 -2.258292
v -4.693800 3.790979 -1.997499
v -4.562475 3.909862 -1.503123
v -4.278191 4.159819 8.757669
v -4.451864 3.994411 8.878670
v -4.515072 4.524227 -1.431479
v -4.377452 4.493525 8.670427
v -4.663402 4.476980 8.761011
v -4.511334 4.993648 -1.502840
v -4.515797 4.976288 8.775037
v -4.712730 4.807696 8.778116
v -4.520138 5.516903 -1.539565
v -4.501962 5.508430 8.660853
v -4.508158 5.986116 -1.451882
v -4.391796 6.201466 8.194754
v -4.539664 6.125477 8.452763
v -4.501253 6.322161 -1.269079
v -4.499555 6.578320 -1.166444
v -4.328414 6.727142 7.741126
v -4.539543 6.466673 7.925184
v -4.731458 6.253380 8.250649
v -4.495227 7.039737 -1.063879
v -4.500536 7.192966 7.166738
v -4.512424 6.913972 7.522244
v -4.665771 6.795127 7.786823
v -4.513129 7.295154 -0.785248
v -4.500223 7.579709 -0.625395
v -4.305892 7.690462 3.618419
v -4.298816 7.691039 3.880225
v -4.508431 7.668801 6.695685
v -4.505211 7.417943 6.936767
v -4.493473 7.836701 -0.330276
v -4.494013 8.103716 -0.084821
v -4.260768 8.229776 3.237580
v -4.382521 8.030921 3.470707
v -4.343352 7.989059 4.025847
v -4.300451 8.145478 4.300937
v -4.499764 8.001137 6.538812
v -4.500634 8.376733 0.090156
v -4.503498 8.643331 0.416372
v -4.244534 8.270029 3.247782
v -4.267340 8.463445 3.494374
v -4.451783 8.449279 4.012152
v -4.355463 8.511948 4.513606
v -4.458819 8.730999 4.998161
v -4.491356 8.614508 5.510961
v -4.556628 8.702057 6.033952
v -4.506775 8.376666 6.358362
v -4.506627 8.828071 0.673285
v -4.503247 8.969318 0.997913
v -4.497863 9.124996 1.528593
v -4.274210 9.260278 1.996815
v -4.299200 9.212177 2.501301
v -4.287112 9.163522 2.994280
v -4.339255 8.985649 3.481517
v -4.328750 8.975642 4.011183
v -4.497839 9.024950 4.493634
v -4.591797 8.810285 4.843694
v -4.634106 9.317231 1.671558
v -4.514662 9.408557 1.988075
v -4.510033 9.413419 2.528882
v -4.581947 9.353855 3.000521
v -4.504701 9.488604 3.496515
v -4.625633 9.381206 4.056007
v -4.714428 9.254218 4.255734
v -5.002936 0.245813 -1.354997
v -4.997829 0.121908 -1.005181
v -4.999458 0.061338 -0.500511
v -4.999161 0.027728 0.000069
v -5.000332 0.045734 0.499646
v -4.999967 0.022514 0.999908
v -5.000096 -0.004878 1.499511
v -4.999808 -0.022772 2.000053
v -4.999582 -0.058126 2.498636
v -5.000214 -0.056328 3.000699
v -4.999841 -0.040275 3.499715
v -4.999805 -0.045411 4.000042
v -4.999083 -0.066902 4.499529
v -4.999738 -0.046390 4.999958
v -4.999876 -0.032659 5.499674
v -5.000425 -0.017405 6.000209
v -4.999050 -0.069686 6.498834
v -4.999246 -0.103297 6.999820
v -4.995134 -0.105050 7.502258
v -5.000149 0.008455 7.999892
v -4.976849 0.131086 8.484185
v -5.078608 0.141868 8.875635
v -4.801066 0.720003 -2.278300
v -4.978237 0.521874 -2.112194
v -4.999901 0.281913 -1.613216
v -4.818058 0.497638 8.663751
v -5.096552 0.495159 8.893590
v -4.990573 0.939738 -2.392255
v -5.138348 0.788681 -2.225299
v -4.828725 1.000108 8.702516
v -5.135165 1.033611 9.001391
v -5.239032 1.212850 9.270136
v -4.921089 1.570220 -2.568331
v -4.793384 1.496303 8.718251
v -5.053754 1.499866 8.995096
v -5.204981 1.501953 9.290338
v -5.033671 1.984202 -2.368797
v -4.812472 2.009329 8.707754
v -5.189368 2.017949 9.002437
v -5.267876 1.875646 9.266310
v -5.065042 2.440111 -2.263510
v -4.841808 2.599790 -2.160224
v -4.901211 2.501795 8.696705
v -5.179930 2.496945 8.903550
v -5.104343 2.999616 -2.407853
v -4.902704 2.998362 -2.095482
v -4.879413 3.006196 8.691618
v -5.206163 3.049496 8.780519
v -4.841140 3.557357 -2.466973
v -4.789968 3.382678 -2.169914
v -4.782337 3.279927 8.737558
v -4.958226 3.454038 8.940615
v -4.999419 3.818483 -2.296920
v -5.040985 4.001343 -1.980239
v -4.890283 4.113568 -1.650387
v -4.967402 3.998807 9.174083
v -5.179192 4.497337 -1.833462
v -4.986075 4.505134 -1.595599
v -4.998699 4.505777 8.954350
v -5.193744 5.001452 -1.759497
v -4.962023 5.014931 -1.640393
v -4.997762 5.094223 8.691979
v -4.999989 4.850106 8.782676
v -5.216867 5.296756 -1.797896
v -5.017160 5.465838 -1.818243
v -5.003082 5.505621 8.567968
v -4.997827 6.017476 -1.582144
v -4.985789 6.036926 8.528693
v -5.001061 6.395019 -1.330918
v -4.998208 6.651353 -1.210439
v -4.906819 6.580217 8.113953
v -5.014084 6.470421 8.324085
v -5.001095 6.997243 -1.169913
v -4.763228 7.237801 7.235476
v -4.887276 7.097361 7.476643
v -4.966228 6.975291 8.005690
v -5.162101 6.794313 8.350911
v -4.938871 7.598268 -1.020092
v -4.989004 7.690074 -0.665030
v -4.752257 7.749353 6.750064
v -4.915500 7.584510 7.057817
v -5.044975 7.404253 7.512683
v -5.117680 7.329639 7.872687
v -4.972961 7.931172 -0.456902
v -5.005046 8.181452 0.000239
v -5.142504 8.171754 0.371615
v -4.952403 7.971890 6.577340
v -5.091708 7.761470 6.859015
v -4.831735 8.318903 0.156696
v -4.970726 8.470852 0.541309
v -5.108491 8.625082 0.847398
v -5.004892 8.664509 5.099623
v -4.999441 8.572716 5.495946
v -5.005608 8.466795 6.013982
v -4.998568 8.271652 6.260465
v -4.777139 8.767985 0.722516
v -4.962358 8.865177 1.016015
v -4.996693 9.198871 1.324635
v -5.107587 9.242413 4.167802
v -4.967865 9.137619 4.499911
v -4.998980 8.804726 4.864900
v -4.998024 9.377594 1.607214
v -4.969540 9.613068 1.949351
v -4.987113 9.589193 2.521368
v -5.004298 9.416500 3.000172
v -4.987983 9.401033 3.491989
v -4.961834 9.335319 3.996448
v -4.763416 9.260784 4.258920
v -5.687498 -0.276499 7.143640
v -5.651498 -0.278876 7.499905
v -5.685935 -0.281009 8.001426
v -5.740427 -0.253728 8.267294
v -5.693375 0.233460 -1.764176
v -5.521633 0.230076 -1.502336
v -5.499045 0.074398 -1.003059
v -5.499995 0.041231 -0.499993
v -5.499952 0.029264 0.000037
v -5.499754 0.016175 0.499936
v -5.499753 -0.003262 0.998998
v -5.500183 0.000102 1.500205
v -5.501059 -0.010138 1.999459
v -5.502843 -0.039315 2.499128
v -5.501043 -0.028411 3.000440
v -5.501470 -0.029315 3.500140
v -5.498893 -0.018059 4.000074
v -5.501225 -0.049890 4.499659
v -5.499710 -0.022311 4.999662
v -5.499144 -0.009828 5.499810
v -5.499985 -0.033888 6.000606
v -5.500671 -0.112800 6.501498
v -5.508065 -0.223158 6.984321
v -5.397677 -0.220941 7.499993
v -5.433893 -0.182558 8.002863
v -5.542313 -0.128171 8.461203
v -5.511962 -0.023101 9.083615
v -5.680832 0.211952 9.305481
v -5.401728 0.425345 -2.014509
v -5.361538 0.300350 -1.688094
v -5.323977 0.499234 9.180451
v -5.602565 0.503399 9.483743
v -5.667013 0.632172 10.000195
v -5.662187 0.626915 10.499207
v -5.667433 0.614923 10.999949
v -5.663301 0.608387 11.500000
v -5.663462 0.607997 12.000000
v -5.490699 1.153458 -2.314031
v -5.496753 0.895137 -2.108384
v -5.287065 0.877625 9.201070
v -5.395693 1.029400 9.457309
v -5.613228 1.008807 9.997576
v -5.581339 1.000338 10.500160
v -5.564722 0.999716 10.999902
v -5.548250 0.998741 11.500000
v -5.548206 0.998976 12.000000
v -5.527066 1.466096 -2.598328
v -5.295238 1.491013 9.562259
v -5.500860 1.499947 10.000295
v -5.531789 1.499841 10.499605
v -5.513953 1.500377 11.000214
v -5.495209 1.500149 11.500000
v -5.495204 1.500235 12.000000
v -5.471295 2.020981 -2.679490
v -5.256873 2.214989 9.243691
v -5.330372 2.029040 9.465184
v -5.611482 1.984454 9.976048
v -5.559242 1.999999 10.500016
v -5.513212 2.000038 11.000002
v -5.506392 1.999970 11.500000
v -5.506385 1.999903 12.000000
v -5.500856 2.497852 -2.531325
v -5.230136 2.504781 9.167561
v -5.339624 2.509863 9.532054
v -5.619871 2.499929 9.985271
v -5.598743 2.505202 10.493898
v -5.568183 2.504241 11.000609
v -5.572638 2.501843 11.500000
v -5.572627 2.501784 12.000000
v -5.703273 3.230547 -2.764875
v -5.522264 3.039706 -2.637257
v -5.344539 3.006987 9.108852
v -5.497482 2.996807 9.489386
v -5.701457 2.969276 9.978835
v -5.696927 2.840101 10.499311
v -5.678302 2.867914 10.999070
v -5.673134 2.881773 11.500000
v -5.673475 2.882664 12.000000
v -5.702929 3.277266 -2.777948
v -5.485988 3.490871 -2.735298
v -5.329033 3.501290 9.135971
v -5.606200 3.496983 9.516635
v -5.714991 3.338326 9.822736
v -5.487741 4.055948 -2.452141
v -5.338375 4.189605 -2.214766
v -5.349549 4.000295 9.201420
v -5.626915 3.988361 9.349426
v -5.717130 4.268823 -2.266533
v -5.534769 4.413670 -2.030695
v -5.517309 4.482339 9.100205
v -5.669767 4.319438 9.292240
v -5.464413 4.993786 -1.750809
v -5.620542 5.164206 -1.692685
v -5.305527 5.161507 8.721577
v -5.478544 4.998902 8.891914
v -5.289557 5.302076 -1.768739
v -5.455141 5.483807 -1.674645
v -5.400704 5.499557 8.688426
v -5.628804 5.518526 8.833418
v -5.498229 6.005899 -1.607856
v -5.531547 5.973655 8.592773
v -5.720594 5.763283 8.759735
v -5.520086 6.501697 -1.315894
v -5.353811 6.705443 -1.214098
v -5.653585 6.689570 8.201210
v -5.498422 6.509883 8.285910
v -5.687382 6.806653 -1.260814
v -5.507724 6.985581 -1.194218
v -5.563030 7.003321 8.177915
v -5.358464 6.771342 8.371868
v -5.509890 7.552791 -1.016050
v -5.496349 7.670642 -0.680616
v -5.532917 7.741222 7.211375
v -5.500250 7.648467 7.499513
v -5.522764 7.417509 8.007361
v -5.497204 7.910644 -0.437089
v -5.503415 8.028559 -0.029397
v -5.531996 8.092679 0.443437
v -5.531011 8.010334 6.452963
v -5.492141 7.898504 6.942103
v -5.509112 8.298515 0.656541
v -5.498734 8.558340 0.940921
v -5.670369 8.716488 4.717921
v -5.479768 8.606601 4.953284
v -5.507837 8.524652 5.500843
v -5.505514 8.355481 6.002935
v -5.497075 8.233426 6.234492
v -5.495660 8.840799 1.190331
v -5.505089 9.113397 1.344000
v -5.747210 9.248145 3.247781
v -5.714991 9.250722 3.499139
v -5.518162 9.153993 3.988230
v -5.505059 8.898053 4.536441
v -5.335614 8.771965 4.813114
v -5.499919 9.393419 1.594652
v -5.519360 9.596182 1.969068
v -5.520823 9.620565 2.515982
v -5.551638 9.397902 3.054614
v -5.456640 9.296566 3.495814
v -5.365992 9.271708 3.818409
v -5.999526 -0.298401 7.076698
v -5.997938 -0.351775 7.499134
v -5.994486 -0.369645 8.000928
v -6.030509 -0.312254 8.468029
v -6.229936 -0.256827 8.765119
v -6.002254 0.197880 -1.774393
v -6.002117 0.169253 -1.490598
v -5.999922 0.042452 -1.000068
v -5.998692 0.005838 -0.499525
v -6.000244 0.040827 -0.000453
v -5.999770 0.030848 0.500033
v -5.999869 0.019955 1.000078
v -5.999949 -0.001502 1.500092
v -6.000140 0.021144 2.001671
v -6.006606 0.049793 2.503122
v -6.008373 0.078991 3.003321
v -6.010286 0.055999 3.497761
v -6.000531 0.026632 3.999061
v -6.001609 -0.014203 4.499396
v -6.000030 -0.011732 5.000014
v -5.999980 0.009168 5.498879
v -6.000170 -0.030275 6.003059
v -5.999957 -0.146923 6.500751
v -6.000917 -0.249224 6.824771
v -5.891178 -0.227996 8.605389
v -6.033908 -0.135163 8.964360
v -5.994532 0.111546 9.486591
v -6.084230 0.103421 9.999849
v -6.077359 0.103257 10.499722
v -6.067904 0.101125 10.999638
v -6.065407 0.101266 11.500000
v -6.065328 0.101318 12.000000
v -6.015617 0.603553 -2.031547
v -5.832969 0.342979 9.643481
v -5.827678 0.361578 9.998209
v -5.813988 0.358489 10.499015
v -5.806598 0.346698 10.999720
v -5.806755 0.343366 11.500000
v -5.807041 0.342985 12.000000
v -5.853818 1.198649 -2.294905
v -6.017183 0.983091 -2.191685
v -5.992640 1.493692 -2.387871
v -6.183959 1.276896 -2.225979
v -6.005921 1.992916 -2.717518
v -5.995803 2.502184 -2.639859
v -5.768122 3.230486 -2.766760
v -5.963054 3.019900 -2.695680
v -5.818940 3.123324 10.147878
v -5.826386 3.089387 10.500037
v -5.812278 3.125270 10.998040
v -5.805859 3.139620 11.500000
v -5.806192 3.140114 12.000000
v -5.768804 3.278205 -2.778010
v -6.008449 3.501373 -2.663119
v -5.807316 3.681500 9.723013
v -5.976408 3.524813 9.996619
v -6.062030 3.439571 10.501677
v -6.067875 3.426684 10.999879
v -6.062302 3.421781 11.500000
v -6.061977 3.421503 12.000000
v -5.972706 4.018376 -2.370195
v -6.119733 4.193528 -2.218052
v -5.985461 4.006578 9.632503
v -6.165326 3.816330 9.816350
v -5.788634 4.263114 -2.261046
v -5.972766 4.453581 -2.126234
v -5.837726 4.673229 9.224699
v -5.992072 4.513211 9.419071
v -5.967320 5.015388 -1.905935
v -5.793025 5.180466 -1.729379
v -6.014892 4.952067 9.054074
v -6.184543 4.783567 9.283351
v -6.127203 5.491268 -1.792506
v -5.873055 5.497065 -1.621473
v -6.016450 5.511510 8.922847
v -6.163981 5.881016 -1.799711
v -5.982648 6.025569 -1.726258
v -5.997512 6.065906 8.571104
v -5.995787 5.803039 8.821749
v -5.994080 6.505726 -1.541037
v -5.993322 6.619155 8.123937
v -5.986891 6.339752 8.229837
v -5.995622 6.905551 -1.345431
v -5.993896 7.166272 -1.233990
v -5.979878 6.962644 7.907409
v -5.994882 7.559019 -1.044661
v -5.997377 7.717462 -0.719514
v -6.087236 7.637376 2.622565
v -6.136592 7.578989 2.999219
v -6.171782 7.643007 3.336435
v -5.939938 7.549467 7.023401
v -6.009383 7.511306 7.473796
v -6.044301 7.351709 7.873895
v -6.038951 8.010029 -0.429362
v -5.901876 8.168811 0.000157
v -5.822789 8.186430 0.327846
v -6.194470 8.143718 2.178705
v -6.074040 7.946642 2.419720
v -6.069342 7.987532 3.025983
v -6.209539 8.000127 3.317723
v -6.000218 8.108699 6.579633
v -5.992922 7.848681 6.880307
v -6.236383 8.254067 -0.257874
v -6.139491 8.336317 -0.006068
v -5.997948 8.397957 0.495282
v -6.064545 8.599980 0.922425
v -6.224187 8.392387 2.215914
v -6.153905 8.540377 2.459008
v -6.168632 8.494028 3.025968
v -6.242391 8.314816 3.268617
v -5.887597 8.699546 4.716345
v -6.021211 8.686051 4.973680
v -5.996132 8.509976 5.493802
v -6.034849 8.414442 6.008381
v -5.972621 8.363600 6.357056
v -6.028360 8.887521 1.147848
v -6.007007 9.137468 1.371634
v -6.251771 9.002184 2.534699
v -6.136004 9.119573 3.088388
v -6.054073 9.163567 3.488564
v -6.003870 9.032278 4.006798
v -6.033551 8.783435 4.512133
v -6.219113 8.756559 4.772286
v -5.999715 9.304855 1.617508
v -6.009103 9.398512 1.999410
v -6.037330 9.375667 2.455542
v -5.880862 9.350993 2.932912
v -6.499961 -0.313388 7.042142
v -6.495339 -0.453179 7.492363
v -6.496019 -0.464926 8.003183
v -6.498706 -0.363766 8.507385
v -6.499268 -0.273448 8.804430
v -6.494743 0.166322 -1.803428
v -6.500264 0.099746 -1.498769
v -6.494125 -0.053514 -1.004730
v -6.499328 -0.032910 -0.498440
v -6.500413 0.016257 -0.000387
v -6.500142 0.024887 0.499885
v -6.500030 0.026475 1.000034
v -6.502749 0.013678 1.498930
v -6.555184 0.055689 2.047456
v -6.394631 0.155065 2.522089
v -6.296091 0.220870 2.999958
v -6.297428 0.232670 3.516038
v -6.519844 0.134321 4.004378
v -6.500909 0.051510 4.498162
v -6.500368 0.008953 4.999763
v -6.499005 0.020952 5.499183
v -6.499442 -0.025848 6.002601
v -6.500421 -0.131401 6.506325
v -6.500748 -0.224128 6.796496
v -6.498148 -0.210224 9.056526
v -6.497529 -0.100032 9.502870
v -6.495866 -0.057637 10.000102
v -6.495857 -0.055544 10.499890
v -6.494786 -0.065355 10.999363
v -6.494539 -0.069435 11.500000
v -6.494555 -0.069438 12.000000
v -6.450345 0.509366 -2.096207
v -6.726763 0.264258 2.214785
v -6.652715 0.443523 2.546631
v -6.526741 0.488918 3.004426
v -6.619415 0.483424 3.488259
v -6.675395 0.333901 3.848788
v -6.495445 1.003949 -2.066407
v -6.704758 0.858249 2.703705
v -6.599967 0.940160 2.958552
v -6.668822 0.804764 3.325572
v -6.494480 1.623088 -2.343576
v -6.493308 1.357229 -2.155457
v -6.510992 2.000443 -2.557376
v -6.505009 2.497989 -2.576601
v -6.472903 2.985526 -2.381419
v -6.660165 3.157601 -2.150810
v -6.360636 3.525953 -2.279378
v -6.645090 3.515403 -2.167878
v -6.350592 3.674466 10.167556
v -6.381434 3.688814 10.501200
v -6.411377 3.664180 11.000273
v -6.418117 3.663048 11.500000
v -6.417888 3.662922 12.000000
v -6.526123 4.001483 -2.272754
v -6.532314 4.013823 -2.269292
v -6.505216 4.141473 9.674406
v -6.515607 3.883584 9.979641
v -6.640943 3.795669 10.499692
v -6.665906 3.789895 11.000014
v -6.672543 3.789140 11.500000
v -6.672370 3.789063 12.000000
v -6.664948 4.349759 -2.287291
v -6.489465 4.513822 -2.231645
v -6.502292 4.490697 9.467436
v -6.498469 5.001894 -2.095428
v -6.501526 5.055876 9.087809
v -6.496838 4.830084 9.329369
v -6.501147 5.491281 -1.933443
v -6.503520 5.494621 8.841760
v -6.499988 6.038604 -1.844245
v -6.336725 6.215722 -1.744203
v -6.743046 6.237163 2.739127
v -6.742749 6.234059 2.764255
v -6.480203 6.077723 8.668363
v -6.498310 5.789050 8.793165
v -6.670312 6.266994 -1.762222
v -6.500019 6.464818 -1.682585
v -6.692162 6.494971 2.616189
v -6.654148 6.507210 2.989972
v -6.730553 6.708071 3.269453
v -6.378975 6.640294 8.157029
v -6.537623 6.477381 8.334234
v -6.501295 6.955679 -1.406284
v -6.500687 7.203281 -1.223335
v -6.647749 7.070541 2.151272
v -6.602131 6.956328 2.459338
v -6.449846 6.974026 2.993143
v -6.658425 7.004525 3.370169
v -6.529320 6.980010 8.081160
v -6.704900 6.808169 8.269538
v -6.459239 7.565912 -0.955583
v -6.267156 7.746521 -0.745889
v -6.603763 7.500900 2.118654
v -6.297818 7.438569 2.463714
v -6.251851 7.319294 3.004280
v -6.490623 7.475952 3.508187
v -6.636877 7.578586 3.893937
v -6.357859 7.637204 7.151075
v -6.413753 7.735585 7.525059
v -6.516958 7.397452 7.815924
v -6.610618 7.781550 -0.741531
v -6.460261 7.983849 -0.616413
v -6.740818 8.215588 1.745509
v -6.515262 8.028146 2.006896
v -6.273307 7.824853 2.295354
v -6.361436 8.012251 3.579066
v -6.629707 8.000007 3.930102
v -6.388579 8.141660 6.657558
v -6.581172 7.938204 6.919944
v -6.675172 7.828304 7.356368
v -6.489326 8.355220 -0.357001
v -6.497175 8.615198 -0.004876
v -6.364501 8.674368 0.504396
v -6.263596 8.744605 0.764813
v -6.698342 8.500999 1.715436
v -6.457635 8.549569 2.056064
v -6.250289 8.729615 2.262946
v -6.298848 8.659007 3.193854
v -6.349043 8.492074 3.466270
v -6.687097 8.502445 3.934968
v -6.313964 8.688850 5.093224
v -6.386655 8.639332 5.554811
v -6.264333 8.737195 6.011086
v -6.535378 8.493431 6.494490
v -6.716808 8.265155 6.790534
v -6.702333 8.798235 0.171102
v -6.594672 8.844064 0.493421
v -6.439933 9.038794 0.989323
v -6.522255 9.104526 1.596203
v -6.379551 9.007146 2.002256
v -6.274124 9.000980 2.273757
v -6.271402 8.798878 3.203844
v -6.360089 8.862203 3.498534
v -6.497474 8.830713 4.044998
v -6.499738 8.807087 4.498704
v -6.484349 8.795309 4.963530
v -6.551323 8.886536 5.493527
v -6.568764 8.940183 6.066165
v -6.712073 8.767453 6.271668
v -6.623678 9.287031 1.215040
v -6.494483 9.355005 1.558585
v -6.269447 9.254835 2.000904
v -6.259159 9.254582 2.259431
v -7.156231 -0.260308 6.731569
v -6.993703 -0.325489 6.953256
v -7.002180 -0.453815 7.496989
v -7.002755 -0.459710 8.002664
v -7.000142 -0.342033 8.500838
v -6.999281 -0.250497 8.796463
v -6.881195 0.188362 -1.800849
v -7.024337 0.127995 -1.539597
v -7.000812 -0.058056 -1.005155
v -6.999991 -0.038965 -0.499993
v -7.000234 -0.009591 -0.000309
v -7.000022 0.000312 0.500028
v -6.999283 -0.000253 1.000756
v -7.002937 0.044771 1.506621
v -6.995420 0.201278 1.857409
v -6.819049 0.189118 4.169006
v -6.988404 0.125964 4.474582
v -7.000011 0.028881 4.999993
v -6.999855 0.037263 5.500127
v -7.000001 -0.019125 6.002179
v -6.992807 -0.190484 6.535900
v -6.822449 -0.249558 6.760941
v -6.999544 -0.201191 9.048116
v -7.000051 -0.132923 9.500457
v -6.999933 -0.098240 10.000047
v -7.000092 -0.091834 10.500036
v -7.000073 -0.097413 10.999905
v -7.000073 -0.099328 11.500000
v -7.000071 -0.099328 12.000000
v -7.065250 0.451650 -1.938126
v -7.206744 0.265585 -1.728379
v -7.012334 0.450501 2.113226
v -6.835637 0.601739 2.387173
v -6.781345 0.666822 3.654728
v -7.041752 0.472318 3.960532
v -7.172183 0.314618 4.285343
v -6.999648 0.999500 -2.069004
v -7.134172 0.918834 2.148069
v -6.959420 1.050599 2.480696
v -6.843219 1.068127 2.973435
v -6.839826 0.994961 3.510834
v -7.122056 0.998160 3.873901
v -7.001818 1.638148 -2.316890
v -7.000825 1.388824 -2.156372
v -7.064427 1.512254 2.552616
v -7.015428 1.494941 2.999981
v -7.086735 1.515241 3.516487
v -7.201896 1.344628 3.815322
v -6.997089 1.996721 -2.471038
v -7.222485 1.863061 2.698187
v -7.203401 1.900068 3.000494
v -7.216196 1.836114 3.332566
v -6.986045 2.509572 -2.546607
v -7.005189 3.014528 -2.355496
v -6.840176 3.192529 -2.214873
v -7.179265 3.377900 -2.242726
v -7.009925 3.536012 -2.179010
v -6.993595 4.044734 -2.356125
v -6.999308 3.816338 -2.244731
v -6.777552 4.235386 9.736934
v -6.961496 4.140849 10.012042
v -7.005674 3.926093 10.499556
v -7.000798 3.910040 10.999954
v -6.997128 3.918556 11.500000
v -6.997611 3.918724 12.000000
v -7.005978 4.385644 -2.331312
v -7.002957 4.639754 -2.253032
v -6.965338 4.490916 9.592208
v -7.108797 4.322953 9.853303
v -6.997202 4.990839 -2.110383
v -7.234119 5.192510 3.197622
v -7.220875 5.190775 3.275155
v -7.002119 5.054662 9.103321
v -6.997937 4.792249 9.276832
v -7.004095 5.473869 -1.944462
v -7.193448 5.671594 2.682364
v -7.210421 5.507602 3.020523
v -7.180258 5.503025 3.339379
v -7.003916 5.481375 8.872699
v -6.997565 5.999903 -1.919753
v -7.130940 6.112727 2.153097
v -7.067213 6.072102 2.530343
v -7.002850 6.109339 2.971991
v -7.159127 6.002020 3.397816
v -7.007473 6.092771 8.671528
v -7.006000 5.851489 8.769295
v -6.998759 6.339619 -1.807204
v -7.002474 6.582585 -1.658439
v -7.011855 6.454380 2.026865
v -6.781164 6.488513 2.351700
v -6.800462 6.372670 3.098719
v -6.980823 6.505851 3.537953
v -7.214818 6.667060 3.805522
v -7.001621 6.499165 8.544141
v -7.050210 7.006555 -1.364537
v -6.909640 7.194994 -1.205409
v -7.177977 7.091032 1.687169
v -6.923832 6.914516 1.900475
v -6.750369 6.751221 2.251512
v -6.877043 7.013935 3.611986
v -7.115951 7.018659 3.968238
v -7.176068 7.171243 4.343746
v -6.825193 7.141747 8.194931
v -7.015651 6.973467 8.335613
v -7.241094 7.253669 -1.250708
v -7.040192 7.459680 -1.107581
v -7.108381 7.489214 1.648544
v -6.889064 7.505372 1.860864
v -6.752663 7.256110 3.745242
v -6.780989 7.445445 4.058191
v -7.041253 7.458735 4.455717
v -6.852305 7.719137 7.688696
v -6.909461 7.644242 8.082538
v -7.139707 7.341211 8.336893
v -6.994975 7.876673 -0.839758
v -6.997132 8.093271 -0.625465
v -6.940482 8.019778 1.586348
v -6.786210 7.878836 1.782999
v -6.846985 8.000809 4.152779
v -7.089559 8.044302 4.518442
v -7.241118 8.239400 4.754807
v -6.973734 8.215077 7.176773
v -7.009973 7.827082 7.473078
v -7.185039 7.779632 7.781291
v -7.016400 8.425180 -0.439423
v -7.009099 8.693677 -0.103120
v -6.993265 8.501839 1.485400
v -6.822139 8.520884 4.128659
v -7.122222 8.438778 4.498725
v -7.240637 8.267961 4.755296
v -6.978364 8.663610 6.594818
v -6.986838 8.355754 6.915005
v -7.001075 8.808481 0.155512
v -6.947147 9.040907 0.417384
v -6.994255 9.191039 0.866676
v -7.020988 8.997454 1.553116
v -6.757915 8.759885 4.240229
v -6.956694 8.717820 4.528880
v -6.992099 8.966996 4.997925
v -7.000483 9.061250 5.501939
v -7.051387 9.139651 6.136115
v -6.986492 8.828613 6.328665
v -7.002903 9.248729 1.122199
v -6.999765 9.268010 1.298571
v -7.397516 -0.258896 6.732025
v -7.538480 -0.318235 6.949208
v -7.498058 -0.448857 7.497827
v -7.500300 -0.428878 8.001445
v -7.499916 -0.345003 8.505279
v -7.499883 -0.259051 8.780230
v -7.502921 0.126557 -1.434772
v -7.505016 -0.005759 -1.003409
v -7.500530 -0.026575 -0.500029
v -7.499211 -0.004502 -0.000707
v -7.500004 -0.009495 0.499894
v -7.498815 -0.019541 1.000740
v -7.494335 0.124530 1.525012
v -7.331125 0.189051 1.797938
v -7.494880 0.129171 4.596510
v -7.499068 0.026733 5.000885
v -7.500025 0.046650 5.499624
v -7.498192 0.000337 6.006080
v -7.539132 -0.189982 6.536372
v -7.730729 -0.249342 6.752182
v -7.500097 -0.189067 9.026753
v -7.499900 -0.120615 9.499669
v -7.499998 -0.086392 9.999999
v -7.499999 -0.080184 10.500001
v -7.500047 -0.088453 10.999957
v -7.500022 -0.091209 11.500000
v -7.500020 -0.091209 12.000000
v -7.500401 0.567668 -1.845127
v -7.502587 0.308418 -1.683172
v -7.652966 0.404671 1.719955
v -7.503494 0.542065 1.827578
v -7.325828 0.698558 4.262020
v -7.513769 0.503493 4.370862
v -7.502970 0.986793 -2.078634
v -7.426031 1.077190 1.981000
v -7.253958 1.242275 2.257302
v -7.524499 0.952990 4.090870
v -7.694579 0.770793 4.257018
v -7.503434 1.587352 -2.360531
v -7.500509 1.373788 -2.178300
v -7.554688 1.541498 2.091943
v -7.314885 1.511177 2.317841
v -7.298770 1.704182 3.718211
v -7.507181 1.503729 3.873799
v -7.499119 2.002961 -2.488629
v -7.678833 1.859381 2.216172
v -7.447579 2.032808 2.415501
v -7.315761 2.149703 2.999055
v -7.470868 2.012822 3.527684
v -7.685829 1.810051 3.800924
v -7.498962 2.499592 -2.488269
v -7.489760 2.523759 2.553851
v -7.336963 2.495547 3.008477
v -7.526202 2.459283 3.459621
v -7.501774 2.996562 -2.426195
v -7.646255 3.001969 2.627612
v -7.399351 3.018535 2.992576
v -7.544526 3.031863 3.505907
v -7.484272 3.526656 -2.281877
v -7.274041 3.729479 -2.233706
v -7.612699 3.515650 2.583722
v -7.494183 3.511178 2.984865
v -7.603081 3.482225 3.464332
v -7.463791 3.968074 -2.282354
v -7.272831 3.779987 -2.246639
v -7.638752 3.995750 2.636768
v -7.534004 4.002903 2.998942
v -7.618349 4.000361 3.440179
v -7.499526 4.185974 10.154489
v -7.500876 4.074637 10.499312
v -7.500242 4.039195 11.000013
v -7.498430 4.050727 11.500000
v -7.498814 4.050795 12.000000
v -7.540686 4.488862 -2.238650
v -7.399648 4.648476 -2.213106
v -7.563607 4.541979 2.518316
v -7.418408 4.499794 3.000888
v -7.518810 4.469999 3.528396
v -7.496876 4.609141 9.570591
v -7.499612 4.353863 9.904396
v -7.732972 4.816411 -2.255003
v -7.565373 4.981920 -2.152910
v -7.736867 5.211596 2.239529
v -7.596314 5.023184 2.476907
v -7.320688 5.014147 3.015929
v -7.415045 4.956349 3.596326
v -7.694770 5.109075 3.776758
v -7.494990 5.054012 9.106644
v -7.501242 4.799928 9.302405
v -7.513318 5.498534 -2.096601
v -7.645461 5.496986 2.189729
v -7.359742 5.490864 2.486927
v -7.253628 5.339608 2.857334
v -7.319570 5.500615 3.622168
v -7.608403 5.496129 3.855665
v -7.502010 5.497597 8.940891
v -7.499147 5.997173 -1.984907
v -7.481503 5.975087 2.098433
v -7.303815 5.806472 2.351387
v -7.302000 5.999758 3.659449
v -7.497644 6.030750 4.082869
v -7.498572 6.219982 8.759143
v -7.500160 5.963803 8.849823
v -7.501507 6.441867 -1.891770
v -7.496476 6.689581 -1.734978
v -7.594675 6.692268 1.726556
v -7.456841 6.515533 1.843501
v -7.270218 6.327251 3.724600
v -7.402442 6.432900 4.070163
v -7.678964 6.601085 4.352001
v -7.505349 6.508244 8.637230
v -7.495246 7.013419 -1.510580
v -7.438293 6.938573 1.607557
v -7.258601 6.755625 1.747094
v -7.372636 6.862824 4.118731
v -7.476282 6.959024 4.482409
v -7.506049 6.997843 8.576411
v -7.496710 7.348810 -1.293409
v -7.489765 7.605492 -1.186569
v -7.484892 7.493432 1.472830
v -7.556035 7.545625 4.688016
v -7.748200 7.746747 4.749400
v -7.687156 7.739088 7.735097
v -7.516196 7.652451 7.971365
v -7.478878 7.442746 8.438259
v -7.478489 7.955457 -0.927643
v -7.525822 8.095075 -0.604663
v -7.738383 8.237194 1.241428
v -7.541832 8.038927 1.349850
v -7.414857 7.906474 4.701833
v -7.550537 8.050428 4.772392
v -7.730138 8.242656 6.732783
v -7.515192 8.137700 7.007425
v -7.523003 7.835401 7.518963
v -7.353060 7.760771 7.780674
v -7.502638 8.369522 -0.375809
v -7.495432 8.600394 -0.060242
v -7.641189 8.479712 1.156475
v -7.356129 8.496083 1.254286
v -7.520052 8.570801 4.685979
v -7.469920 8.380994 4.864323
v -7.666618 8.720938 6.207323
v -7.565398 8.608916 6.567766
v -7.408756 8.348738 6.903033
v -7.501711 8.771373 0.208734
v -7.446305 9.133776 0.474126
v -7.568022 9.340340 1.067514
v -7.347290 8.994678 1.327803
v -7.517785 9.104789 4.565724
v -7.439110 9.216905 5.001906
v -7.513724 9.171776 5.481680
v -7.496233 8.926011 6.022345
v -7.326297 8.817194 6.318383
v -7.576360 9.319226 0.692539
v -7.431885 9.317767 0.973067
v -7.283940 9.270009 1.268135
v -7.728537 9.258314 4.744505
v -7.678738 9.294188 4.999712
v -7.689101 9.288588 5.292978
v -7.999563 -0.311987 7.028785
v -8.002163 -0.444428 7.495911
v -8.000563 -0.426327 8.002878
v -8.000223 -0.325590 8.500757
v -7.999874 -0.253405 8.787248
v -8.002199 0.151320 -1.367633
v -8.000117 0.064327 -1.000186
v -8.000000 0.009702 -0.499999
v -8.000263 0.002849 0.000045
v -8.000067 -0.017552 0.499468
v -8.000691 -0.002754 1.011296
v -8.016395 0.118434 1.374822
v -8.000535 0.187489 4.692622
v -8.006152 0.039666 4.984495
v -7.999990 0.028728 5.500005
v -8.001465 -0.002591 6.004565
v -8.000030 -0.153499 6.499522
v -7.999807 -0.237745 6.777907
v -8.000329 -0.187451 9.035359
v -7.999864 -0.109025 9.498813
v -7.999967 -0.074736 9.999897
v -8.000020 -0.073498 10.499980
v -8.000004 -0.083228 10.999976
v -8.000000 -0.087622 11.500000
v -8.000000 -0.087622 12.000000
v -7.989750 0.687338 -1.743665
v -8.003393 0.398749 -1.635763
v -7.950391 0.545820 1.597038
v -7.752483 0.743369 1.751012
v -7.996239 0.505193 4.498624
v -8.001297 0.997317 -1.978243
v -8.066635 0.929780 1.643173
v -7.950692 1.033318 1.791147
v -7.979674 1.097822 4.199760
v -8.001488 0.826652 4.329086
v -7.997538 1.649005 -2.287994
v -7.999446 1.396428 -2.177086
v -8.018407 1.546798 1.933314
v -8.221870 1.738680 3.734721
v -8.028172 1.528479 3.852343
v -8.001586 1.995539 -2.438082
v -8.050241 1.996838 2.215004
v -7.913119 2.178110 2.281354
v -8.026537 1.963432 3.652081
v -7.893569 1.807278 3.795182
v -8.006904 2.499613 -2.502734
v -8.246584 2.252158 2.246967
v -8.008679 2.493030 2.299651
v -8.010633 2.487422 3.647436
v -8.186461 2.619321 3.767980
v -7.991342 2.994742 -2.594021
v -8.003120 3.003018 2.432279
v -7.939403 3.006067 3.727945
v -8.173811 3.008528 3.810380
v -8.003571 3.492596 -2.480873
v -8.001702 3.499488 2.522547
v -7.933466 3.465048 3.793027
v -8.221679 3.497559 3.777844
v -8.005645 4.000556 -2.357238
v -8.018306 3.976541 2.516731
v -8.009365 3.994700 3.710431
v -8.218731 3.767518 3.785933
v -7.997757 4.181733 10.115896
v -7.999291 4.095520 10.499056
v -8.000001 4.083340 10.999960
v -8.000000 4.094719 11.500000
v -8.000000 4.094719 12.000000
v -8.003282 4.499808 -2.335014
v -8.011743 4.489035 2.366645
v -7.995446 4.492441 3.664029
v -8.012940 4.598849 9.594799
v -7.999848 4.328296 9.870856
v -7.935830 4.990121 -2.369714
v -7.762045 5.151194 -2.255815
v -8.004355 5.130261 2.142378
v -7.986531 4.870329 2.250837
v -8.054683 4.828449 3.791982
v -8.010739 5.097009 3.859238
v -7.992673 5.114644 9.169391
v -7.994693 4.867725 9.340766
v -8.098927 5.357729 -2.329415
v -7.957094 5.518788 -2.250330
v -8.006974 5.488188 2.079023
v -8.003159 5.494053 3.926606
v -7.996880 5.509337 9.043275
v -8.005866 5.987157 -2.036395
v -7.999935 5.999941 1.999984
v -7.996471 5.995315 4.015999
v -8.005927 6.195578 8.720028
v -7.999982 5.934179 8.846547
v -7.997054 6.457955 -1.890955
v -8.000358 6.710462 -1.741633
v -7.921626 6.679834 1.690241
v -8.051957 6.510224 1.822305
v -8.018659 6.474484 4.168750
v -7.880082 6.608773 4.313033
v -7.989486 6.476335 8.503375
v -8.000137 7.003692 -1.541971
v -8.051688 6.945798 1.629033
v -8.247101 6.751577 1.750982
v -8.209763 6.766957 4.235041
v -8.045691 6.923201 4.483315
v -7.991764 7.001810 8.393313
v -8.009333 7.523512 -1.309334
v -7.848239 7.705695 -1.225336
v -7.994030 7.484616 1.405969
v -7.999572 7.472915 4.663395
v -8.000414 7.716853 4.767044
v -7.885540 7.755040 7.746610
v -8.028165 7.647835 7.960695
v -8.008590 7.362582 8.357783
v -8.180437 7.773839 -1.268895
v -7.982411 8.028544 -1.057065
v -7.828869 8.210421 -0.700136
v -7.767314 8.237324 1.242575
v -7.960758 8.041835 1.316143
v -8.003945 7.998243 4.895496
v -7.997569 8.206946 6.685382
v -7.999672 8.118763 7.000865
v -8.038019 7.885931 7.560700
v -8.221034 7.755143 7.754925
v -8.160859 8.289890 -0.797794
v -7.997605 8.383191 -0.520481
v -8.022643 8.635673 0.027239
v -8.223680 8.748504 0.253385
v -7.960971 8.500047 1.169428
v -8.104250 8.334346 1.266925
v -7.992825 8.639552 4.690070
v -7.983944 8.437807 4.890866
v -8.201068 8.675764 5.645558
v -7.949295 8.551695 5.963441
v -7.967962 8.313578 6.434173
v -7.885748 8.794092 0.168065
v -8.050293 8.998175 0.344239
v -8.004669 9.005951 1.042525
v -7.997068 9.017673 4.571738
v -8.065376 9.018272 5.631022
v -7.848134 8.835883 5.842096
v -7.984009 9.428754 0.596551
v -7.975648 9.498850 1.055672
v -8.001951 9.329462 4.658046
v -7.998899 9.503658 4.990219
v -8.023985 9.375021 5.328332
v -8.500125 -0.309461 7.066113
v -8.500259 -0.432463 7.495577
v -8.499470 -0.422882 8.002232
v -8.499527 -0.334569 8.501826
v -8.499946 -0.264347 8.795674
v -8.500117 0.163494 -1.346585
v -8.500016 0.086226 -1.000363
v -8.499968 0.028774 -0.499972
v -8.500023 -0.000363 -0.000102
v -8.499994 0.000333 0.499998
v -8.500251 -0.016418 1.007899
v -8.499957 0.169854 1.338671
v -8.467521 0.142618 4.610262
v -8.488275 -0.005818 4.995780
v -8.500692 0.009893 5.499677
v -8.500580 -0.018343 6.003037
v -8.500094 -0.136165 6.499513
v -8.499850 -0.221573 6.818343
v -8.499952 -0.197152 9.044499
v -8.499788 -0.103947 9.498187
v -8.500048 -0.062888 9.999698
v -8.500007 -0.067179 10.500176
v -8.499968 -0.086240 10.999944
v -8.499974 -0.091209 11.500000
v -8.499980 -0.091209 12.000000
v -8.499821 0.706878 -1.765867
v -8.501013 0.417984 -1.644065
v -8.558905 0.536189 1.500120
v -8.743942 0.736362 1.755498
v -8.749729 0.749484 4.250033
v -8.531151 0.545640 4.363879
v -8.499590 1.020752 -1.927276
v -8.419947 0.942286 1.594715
v -8.591899 1.062049 1.809820
v -8.710739 1.212971 3.713432
v -8.601029 1.058940 4.072817
v -8.418636 0.830006 4.338409
v -8.500180 1.616954 -2.315154
v -8.501459 1.371864 -2.187300
v -8.484752 1.467143 2.119036
v -8.655671 1.626683 2.355192
v -8.542943 1.545161 3.668068
v -8.380339 1.407927 3.839161
v -8.502155 2.005621 -2.421866
v -8.306388 2.014270 2.189961
v -8.613765 2.046762 2.487268
v -8.794525 2.218856 2.986548
v -8.555886 2.040392 3.508258
v -8.499517 2.501042 -2.568720
v -8.251194 2.252285 2.248905
v -8.569926 2.495018 2.472798
v -8.717383 2.545345 2.960238
v -8.510626 2.461539 3.573428
v -8.294125 2.607153 3.795221
v -8.723185 3.231672 -2.775778
v -8.514959 3.018765 -2.744980
v -8.488570 3.032223 2.561943
v -8.767722 2.804067 3.107776
v -8.602050 2.987651 3.506635
v -8.275963 3.028654 3.833892
v -8.722663 3.267437 -2.760945
v -8.533250 3.458284 -2.651216
v -8.461011 3.401765 2.749092
v -8.684657 3.586222 2.844445
v -8.533419 3.495753 3.574265
v -8.261712 3.499984 3.756361
v -8.500342 3.999340 -2.491754
v -8.365786 4.000619 2.685568
v -8.765459 4.008300 3.007092
v -8.488238 3.943319 3.498370
v -8.262892 3.765763 3.758092
v -8.649673 4.207456 9.705857
v -8.495460 4.151682 9.982251
v -8.503682 4.037289 10.500008
v -8.501413 4.037477 10.999991
v -8.501592 4.050723 11.500000
v -8.501186 4.050795 12.000000
v -8.500034 4.500051 -2.444583
v -8.431158 4.506838 2.571642
v -8.569595 4.507642 2.991620
v -8.406536 4.497176 3.428687
v -8.710661 4.724586 9.228526
v -8.504317 4.476124 9.469542
v -8.311134 4.265712 9.790149
v -8.501078 4.999217 -2.401904
v -8.283674 5.164956 2.224354
v -8.535882 5.019789 2.468911
v -8.712093 5.031469 3.037875
v -8.445455 5.011607 3.584747
v -8.280584 5.193834 3.781897
v -8.545338 5.031249 9.159345
v -8.397018 4.854076 9.329759
v -8.497176 5.409276 -2.332932
v -8.499948 5.652090 -2.216334
v -8.347193 5.499654 2.164095
v -8.617384 5.496089 2.395235
v -8.752877 5.250972 3.235388
v -8.617680 5.453750 3.491693
v -8.331578 5.503859 3.799629
v -8.500075 5.499840 8.952454
v -8.499170 6.000161 -2.108626
v -8.498505 6.017449 2.132387
v -8.657414 5.864826 2.343872
v -8.689940 5.883095 3.666548
v -8.488488 6.030966 3.800937
v -8.500001 6.115087 8.670277
v -8.502804 5.886110 8.872807
v -8.495345 6.504134 -1.939256
v -8.497439 6.733098 -1.749519
v -8.544192 6.474509 1.880896
v -8.499954 6.515699 3.942894
v -8.505498 6.495407 8.482821
v -8.490230 7.024998 -1.601039
v -8.533449 7.017285 1.610059
v -8.515800 6.829763 1.783407
v -8.525099 6.962977 4.148731
v -8.365413 7.112596 4.352118
v -8.505004 6.997421 8.365591
v -8.476290 7.506498 -1.262950
v -8.632156 7.692749 -1.191549
v -8.495354 7.483768 1.439234
v -8.714502 7.277842 4.229600
v -8.518237 7.482501 4.562901
v -8.282532 7.724806 4.754772
v -8.592997 7.730324 7.714463
v -8.463517 7.705205 7.975942
v -8.494001 7.328714 8.358191
v -8.307164 7.774567 -1.277738
v -8.521728 7.997827 -1.143938
v -8.502906 8.002543 1.407856
v -8.721523 7.984308 4.788529
v -8.409939 7.978160 4.895179
v -8.499024 8.252174 6.697618
v -8.499979 8.096468 6.999786
v -8.449751 7.778496 7.506724
v -8.258834 7.750580 7.753462
v -8.500797 8.339485 -0.845559
v -8.502635 8.451178 -0.504515
v -8.485553 8.561741 0.100102
v -8.291473 8.737120 0.267592
v -8.365037 8.665236 1.182376
v -8.516333 8.502434 1.330881
v -8.549037 8.509064 4.693596
v -8.427056 8.341490 4.847660
v -8.501311 8.664178 5.713972
v -8.505214 8.381897 6.016877
v -8.498154 8.357625 6.449782
v -8.631761 8.760959 0.247934
v -8.479654 8.955944 0.415765
v -8.499790 8.992531 1.157360
v -8.693668 8.810022 1.263425
v -8.477042 9.005465 4.485449
v -8.492373 9.040852 5.478609
v -8.514303 9.374916 0.643492
v -8.532535 9.407340 0.904562
v -8.473481 9.379413 4.631746
v -8.478736 9.387191 5.022920
v -8.507898 9.233554 5.243198
v -9.000231 -0.305481 7.080440
v -9.002593 -0.406547 7.497268
v -9.001475 -0.423790 8.002637
v -8.999993 -0.327985 8.499972
v -9.000012 -0.262712 8.800594
v -9.000606 0.169414 -1.359441
v -9.000424 0.092959 -1.001058
v -9.000021 0.045564 -0.499610
v -8.999425 -0.008413 -0.000449
v -8.999692 -0.014056 0.499936
v -8.998577 -0.024624 1.000849
v -9.015870 0.098468 1.538302
v -9.230552 0.242702 1.798379
v -9.246570 0.247359 3.713985
v -9.173770 0.204333 3.999482
v -8.978691 0.067728 4.448771
v -8.998138 -0.045733 4.998434
v -9.000156 -0.020404 5.499732
v -9.000726 -0.021689 6.002425
v -9.001438 -0.107561 6.506194
v -9.000110 -0.215189 6.834933
v -9.000234 -0.180494 9.047728
v -8.999978 -0.086916 9.498525
v -8.999872 -0.074946 10.000034
v -8.999981 -0.074884 10.499976
v -8.999931 -0.092691 10.999810
v -8.999921 -0.099328 11.500000
v -8.999929 -0.099328 12.000000
v -8.998696 0.722489 -1.755537
v -9.002088 0.450400 -1.638953
v -8.870289 0.378948 1.682386
v -9.067906 0.533633 1.934947
v -9.190236 0.566085 2.496498
v -9.220604 0.602468 3.000425
v -9.160331 0.500213 3.520105
v -8.958513 0.548920 4.055369
v -8.786597 0.384896 4.254331
v -9.129909 1.186989 -2.327001
v -8.976402 1.007915 -2.059032
v -8.881744 1.000167 2.108733
v -9.104046 1.007510 2.480369
v -9.201990 1.026966 2.981557
v -8.985730 1.034329 3.532724
v -8.860912 0.899836 3.929083
v -8.968981 1.468805 -2.416477
v -8.796365 1.284159 -2.233014
v -8.789254 1.290862 2.223387
v -8.880454 1.477245 2.508620
v -8.982900 1.501179 3.002405
v -8.893076 1.518152 3.385768
v -9.020555 2.007606 -2.446766
v -8.827696 1.854041 2.676880
v -8.878932 1.902912 3.028687
v -8.830013 1.870597 3.314023
v -9.028008 2.525109 -2.529991
v -8.750852 2.745046 2.746393
v -8.754395 2.743100 2.766470
v -8.764891 3.231357 -2.772174
v -8.982547 3.030208 -2.736588
v -8.843309 3.006033 2.719338
v -8.846032 2.940867 2.937701
v -8.817186 3.158418 3.326926
v -8.762475 3.265592 -2.756427
v -8.925365 3.431327 -2.574918
v -8.755272 3.259744 2.745178
v -8.785475 3.456204 3.027662
v -8.746099 3.506021 3.289686
v -8.999179 4.001999 -2.538573
v -8.786549 3.774824 3.219448
v -8.775952 3.774047 3.275264
v -8.985727 4.092652 9.621969
v -8.997702 3.945826 9.994704
v -8.994109 3.857139 10.503504
v -8.999227 3.897781 11.000098
v -9.003112 3.918473 11.500000
v -9.002389 3.918724 12.000000
v -9.008321 4.501957 -2.469362
v -8.996511 4.661674 9.171239
v -8.979657 4.370375 9.332364
v -8.996657 4.996474 -2.442317
v -8.756805 5.232277 2.736828
v -8.755007 5.233127 2.900909
v -9.163632 5.220754 8.724478
v -8.997635 5.044724 8.936552
v -9.008331 5.522459 -2.350663
v -8.852375 5.691354 -2.224002
v -8.837795 5.488969 2.646851
v -8.855965 5.435116 3.050126
v -8.823114 5.580461 3.338190
v -9.095310 5.502056 8.654548
v -8.843419 5.499767 8.810244
v -9.186714 5.769838 -2.260710
v -9.014408 5.942949 -2.105395
v -8.795273 6.185287 2.204088
v -8.916221 5.997283 2.478707
v -9.088366 5.991407 3.002561
v -8.888730 6.008619 3.533690
v -8.765844 6.216454 3.765891
v -8.985674 5.987395 8.604007
v -8.813624 5.817653 8.811635
v -8.992776 6.420134 -1.873881
v -8.995805 6.676603 -1.686991
v -8.857776 6.488018 2.133913
v -9.142486 6.485824 2.489136
v -9.167105 6.385875 2.979694
v -9.037661 6.530982 3.475013
v -8.808520 6.499046 3.798652
v -9.028468 6.512936 8.511066
v -9.009266 7.011036 -1.518412
v -8.776189 7.211876 1.726478
v -8.964434 7.062358 2.037012
v -9.167630 6.906119 2.349689
v -9.149461 6.862983 3.629404
v -8.978302 7.024397 3.867412
v -9.111069 7.113408 8.143719
v -8.968505 6.971575 8.330862
v -9.001189 7.347447 -1.298248
v -8.998838 7.600229 -1.233498
v -8.900611 7.488637 1.636216
v -9.149112 7.487698 1.872111
v -9.036275 7.462933 4.130073
v -8.890250 7.605775 4.417445
v -8.995774 7.644241 7.654274
v -8.947286 7.386202 7.971702
v -8.786193 7.292866 8.281972
v -8.998128 8.051646 -0.964056
v -9.124008 8.157337 -0.618027
v -9.130584 7.961358 1.499954
v -9.226565 7.779159 1.773008
v -9.235205 7.878399 4.219580
v -9.028649 8.027459 4.431586
v -8.898120 8.237009 6.719790
v -9.040369 8.103352 6.935373
v -8.998523 7.864873 7.426643
v -8.819393 8.303932 -0.807012
v -8.992123 8.342795 -0.484667
v -8.983125 8.608670 0.024800
v -9.140910 8.703062 0.292454
v -8.999907 8.500487 1.478718
v -9.148386 8.595199 4.142059
v -9.048201 8.472740 4.453928
v -8.956232 8.550721 5.555644
v -9.004903 8.426552 5.995436
v -9.037742 8.327919 6.534576
v -9.231519 8.251217 6.751721
v -8.792944 8.779966 0.223483
v -8.989610 9.016717 0.473028
v -8.974261 9.203959 0.973860
v -8.994390 8.889080 1.348923
v -9.154823 8.905967 4.140820
v -8.958139 9.089773 4.308725
v -9.123726 9.149895 5.163397
v -8.966047 8.969584 5.349738
v -8.787494 9.273232 0.717946
v -8.790486 9.277772 0.812148
v -8.998315 9.353612 4.551046
v -8.976438 9.343621 4.997321
v -8.766023 9.260937 5.262384
v -9.500029 -0.287733 7.065299
v -9.500340 -0.382305 7.498226
v -9.503478 -0.391577 8.002233
v -9.491732 -0.314159 8.512152
v -9.314792 -0.271232 8.785107
v -9.500285 0.180998 -1.378771
v -9.499806 0.115986 -0.998869
v -9.500186 0.055614 -0.498523
v -9.500437 -0.023034 -0.002507
v -9.499672 -0.043756 0.501322
v -9.499856 -0.006246 1.000156
v -9.496454 0.034246 1.505820
v -9.477529 0.149438 1.986329
v -9.571710 0.192097 2.499676
v -9.556571 0.195115 3.000311
v -9.469501 0.164993 3.520763
v -9.492561 0.046714 3.990967
v -9.493794 -0.045051 4.495454
v -9.500576 -0.055502 5.000300
v -9.500247 -0.036962 5.499691
v -9.501562 -0.049625 6.002651
v -9.499682 -0.158635 6.498208
v -9.500093 -0.229348 6.813561
v -9.651673 -0.246326 8.684044
v -9.492578 -0.192214 8.977703
v -9.503282 -0.068739 9.501985
v -9.507550 -0.053609 10.000326
v -9.504635 -0.049054 10.499803
v -9.505634 -0.062638 10.999114
v -9.505566 -0.069415 11.500000
v -9.505445 -0.069438 12.000000
v -9.523869 0.672935 -1.789775
v -9.494337 0.374340 -1.674083
v -9.284161 0.299529 2.142916
v -9.336330 0.337295 2.507677
v -9.242216 0.317822 3.010053
v -9.226334 0.302493 3.377616
v -9.501783 1.150507 -2.357940
v -9.506509 0.888442 -2.057501
v -9.483766 1.490961 -2.620590
v -9.500275 2.001088 -2.620013
v -9.493336 2.500131 -2.702384
v -9.498088 2.997650 -2.628605
v -9.515472 3.498617 -2.523889
v -9.615928 3.696346 10.190876
v -9.577729 3.707120 10.500409
v -9.580465 3.666186 11.000303
v -9.580980 3.663544 11.500000
v -9.582112 3.662922 12.000000
v -9.498825 3.997036 -2.523500
v -9.499722 4.116525 9.608995
v -9.464150 3.821075 9.998291
v -9.320306 3.784235 10.498876
v -9.326405 3.782805 10.999956
v -9.326806 3.789433 11.500000
v -9.327630 3.789063 12.000000
v -9.493012 4.501974 -2.469163
v -9.501126 4.605080 9.115942
v -9.499280 4.350011 9.360569
v -9.486515 4.999064 -2.435960
v -9.466811 5.103317 8.598212
v -9.485173 4.858226 8.838098
v -9.498194 5.511707 -2.450207
v -9.489144 5.481496 8.459656
v -9.500669 5.795597 -2.284857
v -9.499645 6.011555 -2.082109
v -9.500461 5.995937 8.390018
v -9.499744 6.388866 -1.866572
v -9.499823 6.634770 -1.641381
v -9.331209 6.603959 2.675867
v -9.298593 6.632050 2.999930
v -9.273192 6.708452 3.292658
v -9.637894 6.656276 8.210252
v -9.472685 6.479890 8.268248
v -9.467601 7.035485 -1.393730
v -9.592994 7.166827 -1.177922
v -9.254039 7.244404 2.243915
v -9.382403 7.011130 2.481669
v -9.418822 7.002844 2.994143
v -9.362626 7.001593 3.509262
v -9.293473 7.191169 3.794251
v -9.486935 6.972781 8.067395
v -9.308500 6.782503 8.280298
v -9.266981 7.260981 -1.251511
v -9.449272 7.453168 -1.093759
v -9.271276 7.518486 2.138605
v -9.555886 7.531741 2.544451
v -9.610636 7.540537 2.997437
v -9.543636 7.488699 3.525364
v -9.330873 7.497370 3.870439
v -9.505492 7.587459 7.631535
v -9.495259 7.300372 7.782410
v -9.498719 7.846453 -0.865538
v -9.489868 8.099228 -0.470977
v -9.665734 8.221790 0.000032
v -9.736294 8.241716 0.257924
v -9.364622 8.061091 1.647418
v -9.407672 7.969782 1.962767
v -9.701893 7.986005 2.374160
v -9.738866 7.761784 3.190865
v -9.607401 7.988833 3.466405
v -9.330954 8.034293 4.008625
v -9.258279 8.216718 4.263421
v -9.746385 8.249778 6.248398
v -9.666800 8.290469 6.499624
v -9.456133 8.088506 6.947098
v -9.518152 7.854695 7.356410
v -9.312846 8.271251 -0.289414
v -9.409562 8.341234 0.001198
v -9.558070 8.520307 0.485534
v -9.744797 8.747853 0.753507
v -9.475691 8.485785 1.600270
v -9.632301 8.516310 1.986951
v -9.772699 8.492100 2.257914
v -9.716584 8.709558 3.205272
v -9.669713 8.556346 3.553267
v -9.340073 8.455694 3.981643
v -9.255937 8.274645 4.261299
v -9.671314 8.740218 5.235782
v -9.501073 8.577799 5.429193
v -9.560324 8.407052 6.056900
v -9.374247 8.409975 6.510785
v -9.260170 8.252382 6.752720
v -9.409790 8.825459 0.643057
v -9.565133 8.949865 0.934065
v -9.489236 9.113301 1.542992
v -9.555274 8.945378 2.077022
v -9.679856 8.848577 2.324635
v -9.686697 8.782369 3.187151
v -9.562969 8.864128 3.495072
v -9.385378 9.090335 3.975550
v -9.498909 9.242006 4.465799
v -9.502749 9.003563 5.038732
v -9.334757 8.773516 5.259951
v -9.323662 9.350494 4.610456
v -9.311450 9.307112 4.808255
v -10.000137 -0.297150 7.059895
v -10.005807 -0.360278 7.500418
v -9.999325 -0.317754 7.970272
v -9.821788 -0.277016 8.348192
v -9.998225 0.162303 -1.403467
v -9.999445 0.082375 -1.000745
v -10.000431 0.044428 -0.499506
v -9.999676 -0.024100 -0.001495
v -9.999325 -0.058785 0.500009
v -9.998909 -0.048632 1.001613
v -10.000037 0.010865 1.499954
v -9.999840 0.050454 2.000159
v -9.997269 0.064598 2.500265
v -9.993086 0.035342 2.999296
v -9.997019 0.041351 3.499583
v -10.000171 0.000316 3.999297
v -10.000814 -0.054493 4.499348
v -10.000168 -0.049076 4.999772
v -10.000003 -0.047189 5.500015
v -10.000246 -0.069120 6.001353
v -9.999740 -0.174312 6.497363
v -9.999945 -0.245613 6.811048
v -10.158653 -0.229570 8.112573
v -9.999242 -0.184568 8.513397
v -10.029875 0.025170 9.017492
v -9.909201 0.080359 9.505210
v -9.893048 0.103093 10.000412
v -9.898897 0.101856 10.499598
v -9.917945 0.101720 10.998703
v -9.933136 0.100308 11.500000
v -9.934672 0.101318 12.000000
v -9.995987 0.593995 -1.858105
v -9.999613 0.307020 -1.666674
v -10.216946 0.685879 8.721049
v -10.073577 0.478165 8.940928
v -10.002775 0.496427 9.503922
v -10.089370 0.492703 9.998213
v -10.159718 0.517939 10.484194
v -10.175809 0.389324 10.994493
v -10.194438 0.344966 11.500000
v -10.192959 0.342985 12.000000
v -9.995751 1.051096 -2.427681
v -10.007377 0.794838 -2.172194
v -10.217161 0.823970 8.721281
v -10.078878 1.013244 8.962662
v -10.087552 1.002116 9.504105
v -10.220415 0.973919 9.967975
v -10.241554 0.794215 10.312064
v -9.997745 1.493676 -2.674258
v -10.197808 1.366956 9.150492
v -10.196368 1.373176 9.502415
v -10.242745 1.293335 9.784109
v -10.005486 2.003642 -2.641656
v -9.996219 2.492148 -2.757010
v -9.998663 3.001508 -2.690342
v -10.229729 3.220877 10.172017
v -10.242715 3.222356 10.499745
v -10.200998 3.170978 11.000928
v -10.192871 3.141498 11.500000
v -10.193808 3.140114 12.000000
v -9.999852 3.500888 -2.639455
v -10.218547 3.647434 9.739032
v -10.053624 3.512747 10.021879
v -10.004502 3.468274 10.505609
v -9.957796 3.424664 11.001433
v -9.938543 3.421058 11.500000
v -9.938023 3.421503 12.000000
v -10.007987 4.001210 -2.577307
v -10.162674 4.181295 9.189141
v -10.017499 4.018465 9.519995
v -9.853587 3.814843 9.857703
v -9.992987 4.505904 -2.588285
v -9.987520 4.463797 9.025941
v -9.836520 4.302025 9.317354
v -10.004018 4.998935 -2.469761
v -9.998803 5.039709 8.641083
v -9.999805 4.785782 8.780638
v -9.995742 5.524175 -2.460902
v -10.000013 5.499921 8.463651
v -10.000999 5.799999 -2.285572
v -9.998716 6.059078 -2.130794
v -10.002103 6.009013 8.386544
v -9.999754 6.411834 -1.877747
v -9.999765 6.663324 -1.658025
v -10.012713 6.587685 8.206659
v -10.001583 6.320108 8.286531
v -10.007067 6.962350 -1.458322
v -10.006724 7.190710 -1.158657
v -10.100473 7.228490 7.755230
v -9.958683 7.017882 7.859968
v -10.005891 7.483351 -0.894949
v -10.161199 7.616338 -0.641643
v -9.772230 7.709528 2.727606
v -9.770284 7.709005 2.837149
v -10.125097 7.733732 7.187201
v -9.951170 7.559401 7.552622
v -9.764784 7.253279 7.752654
v -9.817635 7.787760 -0.801641
v -10.021673 7.900596 -0.495300
v -10.003954 8.126632 -0.004874
v -9.998559 8.202453 0.290378
v -9.753195 8.004447 2.655364
v -9.901612 7.962165 3.019143
v -9.819232 8.107324 3.345841
v -9.992476 8.187521 6.195853
v -9.987409 8.105762 6.498951
v -9.985507 7.924289 7.036924
v -9.787248 7.767210 7.266616
v -9.988931 8.414155 0.554038
v -9.991280 8.676082 0.817394
v -9.865333 8.490677 2.560387
v -9.877422 8.538587 3.031235
v -9.872159 8.395377 3.348316
v -9.994339 8.699706 5.193650
v -10.007644 8.517121 5.468424
v -10.000589 8.360363 5.959836
v -9.999662 8.863182 1.052253
v -9.998077 9.056138 1.521113
v -10.007479 9.239829 2.009209
v -9.821895 9.047370 2.607223
v -9.921294 9.006218 3.029948
v -9.985910 9.138337 3.461751
v -10.000136 9.231136 3.992138
v -9.997040 9.190933 4.514204
v -10.000019 8.903624 4.979382
v -10.317324 -0.286274 7.135231
v -10.313861 -0.280245 7.501553
v -10.265829 -0.255929 7.776035
v -10.499724 0.167190 -1.431274
v -10.500117 0.064801 -1.000962
v -10.499930 0.006104 -0.500127
v -10.499477 -0.048596 -0.000604
v -10.499975 -0.059017 0.500025
v -10.499430 -0.057747 1.000401
v -10.500365 -0.014244 1.499761
v -10.499859 0.006970 2.000337
v -10.500207 0.033201 2.500008
v -10.500160 0.025456 3.000013
v -10.500252 0.042302 3.499461
v -10.499664 0.022762 4.000496
v -10.499731 0.001281 4.500046
v -10.499557 -0.002792 5.000130
v -10.500174 -0.028864 5.499793
v -10.500442 -0.086702 5.997996
v -10.500191 -0.143220 6.499696
v -10.494234 -0.227114 6.978471
v -10.566018 -0.190691 7.502931
v -10.520686 -0.087346 8.003652
v -10.441988 0.042442 8.518996
v -10.309658 0.176698 8.842157
v -10.505016 0.571859 -1.808397
v -10.496855 0.301718 -1.690357
v -10.706495 0.369735 8.189693
v -10.462614 0.512386 8.467453
v -10.293303 0.355153 8.826107
v -10.275891 0.712300 10.644816
v -10.310575 0.655427 10.998130
v -10.337847 0.611172 11.500000
v -10.336538 0.607997 12.000000
v -10.389333 1.171200 -2.327732
v -10.532375 1.010080 -2.092073
v -10.448584 1.016603 8.552823
v -10.269318 1.170761 8.791678
v -10.290133 1.126815 10.116263
v -10.310655 0.977885 10.488535
v -10.404845 0.999083 10.999219
v -10.451625 0.998075 11.500000
v -10.451794 0.998976 12.000000
v -10.569001 1.428510 -2.489120
v -10.732502 1.267585 -2.237616
v -10.587987 1.422747 8.579456
v -10.364338 1.603382 8.920460
v -10.288853 1.622246 9.499858
v -10.333097 1.474099 9.966993
v -10.418867 1.499745 10.499873
v -10.463610 1.500477 11.000938
v -10.504782 1.499992 11.500000
v -10.504796 1.500235 12.000000
v -10.741992 2.248173 -2.750527
v -10.544984 2.054140 -2.666865
v -10.622542 1.925998 9.110689
v -10.523015 2.040290 9.459937
v -10.410027 2.003701 10.000373
v -10.442572 2.001477 10.501378
v -10.471662 2.000045 11.000541
v -10.493599 2.000071 11.500000
v -10.493615 1.999903 12.000000
v -10.741765 2.255984 -2.752139
v -10.544003 2.454158 -2.744754
v -10.579699 2.510232 9.569834
v -10.469086 2.500022 9.999962
v -10.465677 2.502130 10.497777
v -10.453443 2.501979 11.001737
v -10.427426 2.501492 11.500000
v -10.427373 2.501784 12.000000
v -10.498899 2.998601 -2.668738
v -10.706527 3.167729 9.215020
v -10.551611 2.974921 9.468422
v -10.323134 3.021453 10.002045
v -10.373307 2.970249 10.497684
v -10.343294 2.925380 11.003184
v -10.325853 2.884415 11.500000
v -10.326525 2.882664 12.000000
v -10.511166 3.515240 -2.586520
v -10.612311 3.492720 9.114447
v -10.407281 3.474332 9.536325
v -10.260811 3.292343 9.837049
v -10.478042 3.988381 -2.764127
v -10.549587 4.041526 9.149946
v -10.377775 3.882036 9.413887
v -10.503562 4.475697 -2.566153
v -10.595075 4.689570 8.711378
v -10.455034 4.501710 8.847859
v -10.499565 4.999664 -2.476955
v -10.454803 4.951451 8.611617
v -10.260383 4.754566 8.751255
v -10.502370 5.511124 -2.415131
v -10.497461 5.497090 8.406459
v -10.498284 5.793297 -2.270658
v -10.498970 6.065903 -2.168888
v -10.615508 6.144371 8.201758
v -10.474572 5.999276 8.345025
v -10.513115 6.413927 -1.854104
v -10.538963 6.702227 -1.510042
v -10.730295 6.727119 -1.192168
v -10.718999 6.716697 7.731341
v -10.505726 6.504760 8.021857
v -10.268494 6.268344 8.258463
v -10.385195 6.812744 -1.339215
v -10.496977 6.955331 -0.968861
v -10.584347 7.035925 -0.626523
v -10.544975 7.045225 7.703515
v -10.401646 6.896301 7.870145
v -10.292951 7.275320 -0.776655
v -10.477208 7.467050 -0.576994
v -10.500359 7.689537 7.125482
v -10.508691 7.452814 7.452572
v -10.500747 7.756153 -0.290850
v -10.513352 7.932819 -0.014303
v -10.527823 8.170219 0.335085
v -10.352223 8.222667 6.214785
v -10.501709 8.142065 6.493125
v -10.502380 7.800510 6.840535
v -10.505318 8.368605 0.605345
v -10.504088 8.624254 0.826023
v -10.264264 8.742664 5.242097
v -10.456513 8.666009 5.502853
v -10.513155 8.384597 6.034673
v -10.688179 8.278079 6.289386
v -10.499067 8.874730 1.100085
v -10.499421 9.055261 1.532824
v -10.486571 9.285086 1.948828
v -10.492561 9.215019 2.509136
v -10.501149 9.171613 2.999025
v -10.499048 9.202658 3.520522
v -10.501106 9.136517 3.998899
v -10.500357 9.078922 4.500380
v -10.417030 8.992033 5.087839
v -10.590045 8.839132 5.370458
v -10.650508 9.329823 2.090245
v -10.657791 9.304323 2.342924
v -10.998036 0.149769 -1.472471
v -11.000016 0.061143 -0.999915
v -10.999297 -0.022617 -0.501566
v -11.000301 -0.048205 -0.000110
v -10.999698 -0.048093 0.499965
v -10.999994 -0.069278 0.999367
v -11.000170 -0.036703 1.499543
v -11.000181 0.004421 1.999364
v -11.000675 0.028024 2.500503
v -11.000923 -0.001038 3.000230
v -10.999889 0.034782 3.499534
v -10.999442 0.045834 4.000346
v -10.999760 0.041702 4.499934
v -11.000101 0.030978 4.999918
v -11.000081 0.002192 5.499928
v -11.000610 -0.045877 5.999328
v -10.999985 -0.076797 6.500005
v -11.000846 -0.096704 6.999854
v -11.004545 -0.036750 7.506160
v -11.000518 0.152028 7.864256
v -10.999879 0.529732 -1.840278
v -10.999994 0.270209 -1.722813
v -10.965654 0.530561 8.086719
v -10.779397 0.711054 8.247384
v -11.010224 1.028206 -2.012050
v -11.113030 0.857006 8.182550
v -10.957855 1.019511 8.297816
v -11.002033 1.502733 -2.423910
v -10.998897 1.302246 -2.215558
v -10.944750 1.581535 8.526576
v -10.793014 1.728916 8.783559
v -10.999433 2.226559 -2.776869
v -10.999446 1.973877 -2.649010
v -11.125012 1.837330 8.689066
v -10.993660 1.964045 9.025430
v -10.840332 2.198345 9.313774
v -10.997716 2.347965 -2.804406
v -10.997071 2.614818 -2.776338
v -11.135676 2.511398 9.225421
v -10.857943 2.499504 9.317597
v -10.999233 3.000670 -2.706063
v -11.027037 3.042241 9.200326
v -10.823998 2.831254 9.340249
v -10.979199 3.535537 -2.707019
v -11.001803 3.484845 8.883807
v -11.000475 4.000022 -2.555374
v -11.246274 4.222247 8.754949
v -11.048530 4.031445 8.854109
v -11.076886 4.523691 -2.571812
v -11.056280 4.523121 8.647577
v -10.915261 4.358453 8.840078
v -11.022776 4.965715 -2.333418
v -11.181978 5.114382 -2.186520
v -11.185733 5.120821 8.192075
v -11.022254 4.980046 8.379214
v -10.884799 5.532935 -2.372628
v -11.152808 5.502047 -2.222419
v -11.118269 5.499215 8.156989
v -10.860122 5.493224 8.278282
v -10.774490 5.772576 -2.263677
v -10.981878 5.993096 -2.179374
v -10.997035 5.999792 8.126724
v -10.807716 5.791967 8.272399
v -11.023794 6.437422 -1.906890
v -10.922927 6.785167 -1.502533
v -10.769749 6.724473 -1.190711
v -10.995856 6.623634 7.664530
v -10.990173 6.351200 7.800714
v -11.059192 6.899797 -1.389135
v -10.953041 6.910908 -1.019936
v -10.998551 7.083772 -0.632496
v -11.011199 7.021050 7.546403
v -11.026585 7.542797 -0.489090
v -11.110746 7.685206 -0.194804
v -11.015202 7.611673 7.093657
v -11.012300 7.348833 7.337196
v -10.782233 7.772518 -0.268936
v -10.952539 7.695352 -0.028599
v -10.980367 7.959836 0.559703
v -11.201948 8.247878 6.228290
v -11.038539 8.168293 6.500540
v -11.002872 7.844083 6.833874
v -10.993219 8.272982 0.763420
v -11.000287 8.543915 0.858070
v -11.238872 8.750274 5.227067
v -11.025863 8.587453 5.464033
v -11.017286 8.381259 6.055991
v -10.866563 8.273473 6.288012
v -10.996994 8.919859 1.068451
v -10.950071 9.161980 1.517733
v -10.753765 9.250453 1.753429
v -10.861845 9.247512 2.682830
v -11.017211 9.237435 2.990070
v -11.001698 9.168363 3.543893
v -11.000093 9.013509 4.003055
v -11.001539 8.995261 4.510377
v -11.088117 8.940781 5.056338
v -10.904652 8.818523 5.343637
v -11.086593 9.294283 1.699540
v -10.952958 9.352850 1.946756
v -11.008637 9.370129 2.519699
v -11.207143 9.266833 2.821027
v -11.724544 0.248062 -1.751721
v -11.535346 0.153809 -1.551744
v -11.500412 0.062924 -0.998851
v -11.500114 -0.008964 -0.500383
v -11.500009 -0.034457 0.000020
v -11.500203 -0.040838 0.500058
v -11.500311 -0.070166 0.999147
v -11.499331 -0.066352 1.501111
v -11.499636 -0.027789 2.000195
v -11.498939 -0.000360 2.501215
v -11.503232 0.037234 3.001927
v -11.507902 0.069331 3.502122
v -11.500854 0.087691 3.999909
v -11.498159 0.096697 4.499613
v -11.499852 0.066226 5.000809
v -11.500006 0.019466 5.499795
v -11.501171 -0.019379 5.999617
v -11.500131 -0.019197 6.499972
v -11.501633 -0.032288 7.000066
v -11.530459 0.098957 7.553210
v -11.373335 0.202475 7.798129
v -11.532548 0.434109 -1.900909
v -11.390033 0.247815 -1.743638
v -11.707033 0.255791 7.732381
v -11.526022 0.409205 7.991498
v -11.706111 1.220299 -2.248517
v -11.518035 1.027397 -2.163697
v -11.500743 0.941042 8.177685
v -11.501731 1.165465 8.332662
v -11.518135 1.499633 -2.290475
v -11.370459 1.297052 -2.207401
v -11.501057 1.498553 8.402001
v -11.382214 2.223613 -2.774008
v -11.528864 2.041797 -2.640157
v -11.496064 1.995544 8.582250
v -11.409333 2.096173 8.879245
v -11.382100 2.374910 -2.814666
v -11.551727 2.559319 -2.795585
v -11.626128 2.516915 8.620541
v -11.451500 2.503652 8.962145
v -11.480955 2.995066 -2.593042
v -11.621711 3.021012 8.655010
v -11.387465 3.025057 8.880008
v -11.527120 3.523629 -2.551671
v -11.414518 3.508096 8.506150
v -11.275593 3.500098 8.775868
v -11.518943 3.964500 -2.257666
v -11.497516 4.018502 8.647476
v -11.284309 3.883600 8.787350
v -11.457407 4.480089 -2.295479
v -11.593102 4.630625 -2.178301
v -11.640593 4.672267 8.195196
v -11.479473 4.499921 8.389243
v -11.255547 4.770335 -2.248834
v -11.440953 4.956550 -2.065024
v -11.485174 4.974132 8.165576
v -11.302577 4.786980 8.259374
v -11.485638 5.497926 -1.926371
v -11.509437 5.508241 8.078712
v -11.525060 6.000150 -1.873886
v -11.677817 6.138161 -1.716236
v -11.647530 6.160740 7.702783
v -11.524947 6.021669 7.901423
v -11.339523 6.330543 -1.781574
v -11.519100 6.502495 -1.712754
v -11.483528 6.469680 7.605712
v -11.310881 6.289404 7.776322
v -11.507734 6.934800 -1.450024
v -11.594813 7.010336 -0.940004
v -11.417589 7.163519 -0.659357
v -11.600773 7.163050 7.172608
v -11.459571 7.002358 7.345139
v -11.745940 7.252694 -0.757741
v -11.524794 7.490357 -0.513299
v -11.317953 7.689310 -0.187560
v -11.685259 7.712620 6.708636
v -11.459172 7.471739 6.951069
v -11.265216 7.253049 7.250972
v -11.644382 7.790403 -0.311398
v -11.496654 7.848180 -0.009226
v -11.521882 8.070605 0.440975
v -11.609136 8.146623 5.586940
v -11.481137 8.144689 6.032242
v -11.493122 7.867180 6.505633
v -11.342284 7.767916 6.760807
v -11.513055 8.322411 0.714721
v -11.501336 8.593055 0.827521
v -11.647366 8.603783 3.172488
v -11.614282 8.596345 3.490821
v -11.738151 8.661766 4.001128
v -11.668515 8.691121 4.500418
v -11.555589 8.659955 5.053743
v -11.456008 8.347341 5.446325
v -11.355456 8.346344 5.898259
v -11.500536 8.939397 1.070649
v -11.504224 9.179111 1.366552
v -11.600605 9.149166 2.642115
v -11.482540 9.022793 2.998470
v -11.420475 8.937195 3.506391
v -11.436216 8.944737 4.011290
v -11.399767 8.814300 4.491220
v -11.385632 8.854587 4.870535
v -11.503629 9.324907 1.612099
v -11.500696 9.427973 2.001503
v -11.487251 9.368457 2.521266
v -11.269294 9.246324 2.809714
v -11.999298 0.230833 -1.768853
v -11.998091 0.128892 -1.506535
v -11.999584 0.029733 -1.002695
v -12.000064 -0.005419 -0.500251
v -11.999822 -0.050014 -0.001043
v -12.000030 -0.051312 0.499967
v -11.999915 -0.045930 0.999983
v -12.000263 -0.055401 1.499890
v -12.000057 -0.047605 2.001147
v -12.040567 0.095409 2.540151
v -11.893409 0.176316 2.999460
v -11.810638 0.214449 3.498326
v -11.976088 0.182665 4.038132
v -12.000986 0.111613 4.498426
v -12.001143 0.070405 4.999226
v -12.000949 0.033648 5.498626
v -11.999626 0.025113 5.999971
v -11.999939 0.007815 6.499778
v -12.002039 0.037330 7.001844
v -12.002667 0.159577 7.403153
v -11.998120 0.493830 -1.980724
v -12.222592 0.273220 2.722632
v -12.167822 0.358635 3.002128
v -12.046913 0.447971 3.501606
v -12.106806 0.361110 3.913837
v -12.059165 0.434449 7.688708
v -11.937623 0.567890 7.896910
v -12.000518 1.113174 -2.304813
v -11.992510 0.848153 -2.248673
v -12.236110 0.772622 7.740067
v -12.001424 1.005290 8.015949
v -11.754557 1.245690 8.253797
v -11.983285 1.484554 -2.508640
v -12.040496 1.514926 8.115483
v -11.795087 1.508453 8.259855
v -12.002579 2.002212 -2.640835
v -12.168332 1.873310 8.216590
v -12.024591 2.021873 8.392636
v -11.998188 2.497557 -2.641078
v -11.999151 2.497847 8.467630
v -11.992728 3.002433 -2.513019
v -12.000219 3.000452 8.474605
v -12.001861 3.515399 -2.475208
v -12.002732 3.510550 8.304963
v -11.994688 4.008833 -2.354534
v -12.157011 4.168545 -2.235796
v -11.999694 3.997941 8.433406
v -11.820130 4.308213 -2.300650
v -11.992732 4.487406 -2.131254
v -12.000354 4.653941 8.203027
v -12.001910 4.406758 8.323490
v -11.982421 4.997896 -1.805634
v -12.141851 5.192828 -1.705985
v -12.242020 5.239641 7.742667
v -12.023548 5.029838 7.944781
v -11.818929 5.506455 -1.736870
v -12.082383 5.498060 -1.641161
v -12.237651 5.499725 7.748868
v -11.975760 5.492722 7.849473
v -11.804522 5.801990 -1.761127
v -11.953710 5.966654 -1.622453
v -12.234548 6.226804 3.225449
v -12.227341 6.221382 3.289243
v -12.044255 6.004855 7.696051
v -11.902742 5.823098 7.795867
v -12.011529 6.501128 -1.614421
v -12.169299 6.496516 3.117143
v -12.095058 6.470025 3.469580
v -12.190484 6.650169 3.821803
v -12.005583 6.492419 7.466849
v -11.988973 6.830374 -1.371515
v -12.009744 7.125183 -1.047692
v -12.200051 7.135380 2.691204
v -12.064780 6.937264 2.946867
v -12.036801 7.005771 3.495813
v -12.130804 6.997135 3.904907
v -12.003847 7.134778 7.167441
v -12.001998 6.882373 7.365634
v -11.990153 7.345827 -0.841303
v -11.984879 7.508694 -0.486386
v -12.093552 7.492363 2.579114
v -11.905379 7.506857 2.997926
v -11.963043 7.509101 3.495921
v -12.099543 7.482552 3.975526
v -12.000034 7.735162 6.729111
v -12.000652 7.454740 6.865439
v -12.001071 7.795541 -0.322816
v -11.995018 8.100294 -0.009097
v -11.847260 8.196687 0.315049
v -12.233069 8.206756 2.242271
v -12.055978 8.017454 2.442693
v -11.799696 7.998564 2.951077
v -11.810728 8.019835 3.545544
v -12.080308 7.968202 4.040196
v -12.173702 8.157613 4.485271
v -12.097232 8.157519 4.997855
v -11.970137 8.117510 5.449978
v -12.000209 7.968954 5.989104
v -12.001087 7.843584 6.467523
v -12.178103 8.306380 0.191990
v -11.997370 8.484040 0.504667
v -11.786419 8.699790 0.776441
v -12.226962 8.292020 2.218737
v -12.144006 8.561839 2.356578
v -11.778240 8.464816 2.975421
v -11.747610 8.318957 3.502060
v -11.887843 8.430134 4.001783
v -11.960070 8.454400 4.466707
v -11.826358 8.322057 4.981303
v -11.783160 8.261503 5.272351
v -12.110436 8.886144 0.642003
v -11.928313 9.072727 0.937785
v -11.767463 9.243890 1.267272
v -12.246914 9.229833 2.248924
v -12.040319 9.027459 2.486199
v -11.852575 8.853430 2.882160
v -12.078418 9.394967 1.089733
v -11.946747 9.437860 1.455328
v -12.053586 9.478768 2.074190
v -11.906533 9.342215 2.350225
v -12.501709 0.219927 -1.776591
v -12.502929 0.126237 -1.506354
v -12.501987 0.030534 -1.004186
v -12.500135 -0.004764 -0.501018
v -12.501064 -0.040363 -0.000779
v -12.500184 -0.051802 0.500016
v -12.499481 -0.057749 0.999536
v -12.499360 -0.055561 1.500076
v -12.571095 0.051673 2.072994
v -12.415535 0.172890 2.391929
v -12.258786 0.241030 4.239864
v -12.329593 0.182004 4.487890
v -12.517347 0.106511 4.997073
v -12.500256 0.080807 5.499581
v -12.500047 0.035119 5.999889
v -12.500144 0.011198 6.498994
v -12.499051 0.068360 7.005169
v -12.500260 0.181124 7.323723
v -12.494009 0.507019 -1.982231
v -12.742482 0.253128 2.245207
v -12.532249 0.439378 2.532674
v -12.273917 0.628161 2.983908
v -12.229548 0.757456 3.523354
v -12.322142 0.535171 4.065018
v -12.567356 0.488295 4.497961
v -12.689632 0.297499 4.822398
v -12.514954 0.488534 7.564662
v -12.500625 1.019565 -2.340861
v -12.500011 0.770174 -2.229676
v -12.679950 0.854199 2.697974
v -12.475270 1.039396 2.974925
v -12.478781 0.959713 3.488496
v -12.572210 1.039026 4.053360
v -12.689488 0.888024 4.332528
v -12.485715 0.903084 7.641522
v -12.491052 1.142483 7.777605
v -12.506190 1.482583 -2.611324
v -12.706721 1.377481 3.131744
v -12.716406 1.528297 3.549033
v -12.702678 1.496019 3.857850
v -12.469637 1.518220 7.880910
v -12.665047 2.181277 -2.848694
v -12.492994 1.991137 -2.818697
v -12.698818 2.128443 3.219546
v -12.692146 1.980194 3.550546
v -12.778346 2.011725 3.743841
v -12.523395 2.080394 8.095530
v -12.387399 2.231463 8.234930
v -12.676850 2.343084 -2.757884
v -12.508964 2.505852 -2.671184
v -12.779088 2.492675 3.216265
v -12.710527 2.499232 3.498727
v -12.740217 2.498878 3.778178
v -12.734988 2.255860 8.246537
v -12.540954 2.455384 8.335686
v -12.512501 3.015609 -2.427560
v -12.694399 3.200785 -2.194135
v -12.651697 2.999122 3.178936
v -12.635682 3.001868 3.517263
v -12.702257 2.995318 3.775968
v -12.504588 3.000608 8.524435
v -12.371836 3.499109 -2.278858
v -12.664358 3.504192 -2.181014
v -12.706043 3.375324 3.196150
v -12.751937 3.357798 3.483151
v -12.744441 3.296970 3.770837
v -12.500213 3.497422 8.342180
v -12.350880 3.827181 -2.279465
v -12.503957 3.985716 -2.158966
v -12.740276 4.171040 3.218784
v -12.710257 4.168844 3.325413
v -12.685777 4.149429 8.187113
v -12.506004 3.986154 8.261389
v -12.502537 4.485676 -1.996597
v -12.721419 4.296528 3.216966
v -12.720974 4.301273 3.330919
v -12.570630 4.359219 8.322924
v -12.537873 4.412862 8.385410
v -12.517285 5.009308 -1.821875
v -12.295671 5.197458 -1.707613
v -12.719263 5.193822 3.223017
v -12.722843 5.194698 3.303219
v -12.508428 5.187533 7.668903
v -12.484149 4.950199 8.035447
v -12.659756 4.841041 8.348928
v -12.473496 5.473594 -1.993605
v -12.312650 5.499824 -1.720791
v -12.721565 5.500136 3.199273
v -12.685504 5.498225 3.367734
v -12.492618 5.504439 7.661147
v -12.646369 6.035821 -1.879899
v -12.407619 5.999647 -1.692614
v -12.693054 6.192548 2.701834
v -12.558222 6.076544 3.051798
v -12.479458 5.972094 3.497359
v -12.610943 6.091350 3.921617
v -12.507908 6.002784 7.662553
v -12.734613 6.261687 -1.761825
v -12.541545 6.466197 -1.647260
v -12.608951 6.493214 2.659368
v -12.360701 6.494669 2.878721
v -12.239638 6.283330 3.655308
v -12.446772 6.435157 4.050843
v -12.635263 6.577669 4.357356
v -12.470233 6.529464 7.561058
v -12.558813 6.965664 -1.347706
v -12.336356 7.175534 -1.079991
v -12.453553 6.961017 2.543617
v -12.271439 6.793532 2.777221
v -12.275960 6.997895 4.173162
v -12.603852 7.042446 4.503056
v -12.738104 7.235316 4.762262
v -12.498268 7.116728 7.165138
v -12.499873 6.858321 7.319981
v -12.636606 7.351872 -1.322325
v -12.440899 7.539115 -1.071804
v -12.396017 7.607657 -0.617723
v -12.654952 7.617021 2.216427
v -12.462825 7.473107 2.238992
v -12.315462 7.519562 4.161712
v -12.508541 7.509281 4.488916
v -12.665981 7.480522 4.841066
v -12.518464 7.705072 6.629754
v -12.500143 7.464081 6.957630
v -12.637114 7.866238 -0.813187
v -12.545396 7.809165 -0.444866
v -12.498323 8.104001 -0.061268
v -12.534350 8.085853 2.233101
v -12.327845 7.878517 2.305576
v -12.290084 7.792924 4.213971
v -12.365173 7.934582 4.384688
v -12.543710 8.023489 4.972281
v -12.495281 8.131658 5.507523
v -12.499392 7.929005 5.989112
v -12.515146 7.818158 6.381232
v -12.498864 8.310939 0.202890
v -12.499623 8.573759 0.288652
v -12.477681 8.483135 2.095734
v -12.333261 8.612471 2.349825
v -12.508014 9.047990 0.579892
v -12.359823 9.217021 0.797523
v -12.442809 9.027684 2.034776
v -12.278577 8.894883 2.286771
v -12.695778 9.260012 0.730772
v -12.518721 9.344424 0.985706
v -12.458435 9.606097 1.467719
v -12.531621 9.339941 1.912086
v -12.999728 0.257294 -1.749887
v -12.999877 0.165714 -1.501943
v -13.000173 0.080373 -1.000360
v -12.999981 0.039309 -0.499987
v -13.000583 -0.000906 -0.000441
v -13.001043 -0.025758 0.499713
v -13.000891 -0.049733 0.999396
v -12.999475 -0.071939 1.501081
v -13.005645 0.108171 1.957625
v -13.000464 0.191435 5.153647
v -12.999018 0.083677 5.496648
v -12.999795 0.033067 5.999581
v -13.000231 0.004144 6.498907
v -13.001004 0.068725 7.014020
v -13.002031 0.209610 7.290587
v -12.999190 0.526329 -1.897303
v -12.985528 0.371223 2.151000
v -12.986510 0.596403 2.343500
v -12.870561 0.645501 4.660024
v -13.027783 0.479852 4.879042
v -13.003474 0.500545 7.431476
v -12.999558 0.997194 -2.419618
v -13.008092 0.739856 -2.233597
v -12.970875 1.024246 2.586210
v -12.796600 1.199701 2.778543
v -12.768238 1.217210 4.226505
v -12.956727 1.021080 4.546073
v -13.203353 0.778081 4.774479
v -12.954606 1.060850 7.610093
v -12.805196 1.226756 7.769590
v -13.197414 1.735161 -2.759216
v -13.015172 1.536501 -2.649640
v -13.165720 1.494023 2.746981
v -12.877085 1.530145 2.986489
v -12.717609 1.718566 3.381736
v -12.852805 1.495166 4.107937
v -13.093085 1.502543 4.327464
v -13.136699 1.300381 7.723986
v -12.982549 1.477873 7.835118
v -13.016166 1.979450 -2.822091
v -12.864960 1.822038 -2.743598
v -13.207236 1.911561 2.708622
v -12.940357 2.008595 2.936624
v -12.709454 1.790414 3.376650
v -13.034026 2.044522 4.062502
v -13.146826 1.919236 4.322120
v -12.966879 2.060779 8.103470
v -13.101801 2.220651 8.285908
v -13.002367 2.507829 -2.783375
v -12.840369 2.677526 -2.708638
v -13.227584 2.585658 2.730433
v -12.987976 2.434417 2.853422
v -13.013032 2.495282 3.986941
v -12.767185 2.252074 8.250727
v -12.958969 2.436132 8.412616
v -13.170513 2.776537 -2.757482
v -13.017098 2.914175 -2.461109
v -12.825710 3.206256 -2.200526
v -13.190932 2.996488 2.692589
v -12.917406 3.042084 2.876215
v -12.931765 2.971183 4.115762
v -13.000295 2.992171 8.383699
v -13.188953 3.496598 -2.248604
v -12.931439 3.502039 -2.208227
v -13.206854 3.357442 2.717839
v -12.966493 3.561082 2.949353
v -12.821368 3.630460 3.506487
v -12.890347 3.511192 3.934485
v -13.079536 3.579872 8.121541
v -12.938951 3.444401 8.250628
v -13.249021 3.750428 -2.250317
v -13.045017 3.956748 -2.218678
v -13.166076 4.114558 2.685080
v -12.906939 3.926372 2.979422
v -12.725182 3.974146 3.502489
v -13.019524 4.001760 3.910765
v -12.961789 3.989287 8.175126
v -12.782081 3.821356 8.274283
v -12.997019 4.488453 -2.014383
v -13.070939 4.474662 2.531686
v -12.839427 4.489038 3.017675
v -12.808190 4.479766 3.499617
v -13.032206 4.504057 3.901370
v -12.977091 4.489880 8.166296
v -12.854609 4.634604 8.344182
v -12.992190 4.991811 -2.066411
v -13.058715 5.044086 2.597671
v -12.841762 5.007023 3.015789
v -12.746706 5.019567 3.494832
v -13.094905 5.000471 3.862146
v -12.999272 5.204983 7.718818
v -12.998839 4.960527 8.033576
v -12.823108 4.792093 8.313176
v -12.999469 5.499617 -2.047338
v -13.211233 5.495764 2.729061
v -12.892809 5.494016 2.909889
v -12.790709 5.498672 3.620452
v -13.057733 5.504466 3.869112
v -13.003208 5.489708 7.600911
v -12.996367 6.002615 -1.971276
v -13.040351 5.994045 2.650293
v -12.873345 5.856450 2.852660
v -12.764057 5.765951 3.690492
v -12.947631 5.982907 4.036417
v -13.083984 6.142003 4.331964
v -12.999319 6.000124 7.546099
v -13.061903 6.430026 -1.771720
v -12.901434 6.557288 -1.606709
v -12.996440 6.484975 2.497331
v -12.755746 6.251800 4.248681
v -12.980598 6.474536 4.529909
v -13.223929 6.722942 4.769132
v -13.177935 6.686610 7.202891
v -13.052112 6.532765 7.433098
v -13.216699 6.795138 -1.774395
v -13.021774 6.978736 -1.649177
v -13.093460 7.155600 2.163989
v -12.964927 7.007856 2.353451
v -12.890224 6.902253 4.675850
v -13.020012 7.017722 4.845931
v -13.207846 7.215285 6.688199
v -12.987878 6.988108 6.984260
v -12.838819 6.824109 7.292265
v -12.995587 7.456049 -1.433430
v -12.984650 7.718077 -1.211425
v -12.970636 7.481977 2.140316
v -12.766368 7.284478 2.254894
v -12.981033 7.546788 5.157014
v -13.218942 7.726050 5.280575
v -13.090112 7.665087 6.200500
v -12.983131 7.520187 6.480810
v -12.882785 7.341696 6.862379
v -12.954229 7.979871 -0.937103
v -13.000233 7.983734 -0.499164
v -13.000898 8.105521 -0.051321
v -13.182262 8.195838 1.701705
v -13.065325 8.064898 1.963806
v -12.873865 7.861784 5.185534
v -13.058319 8.093297 5.298508
v -12.951243 7.915800 6.017143
v -12.751058 7.750056 6.250604
v -13.016429 8.280572 0.254958
v -12.994526 8.574639 0.390356
v -13.167925 8.595439 1.684071
v -12.825110 8.502907 1.806094
v -13.032314 9.049917 0.556734
v -13.213238 9.240447 0.749857
v -13.036042 8.981913 1.690919
v -12.765227 9.001625 1.727812
v -12.848394 9.283052 0.712299
v -13.020593 9.434099 0.932556
v -12.984710 9.397673 1.686652
v -12.768714 9.262885 1.759892
v -13.501380 0.240319 -1.803707
v -13.497279 0.115868 -1.507600
v -13.499485 0.058542 -1.000238
v -13.500110 0.054540 -0.499801
v -13.498498 0.050193 -0.000632
v -13.496077 0.047381 0.501809
v -13.498964 0.001355 1.000814
v -13.509330 -0.003584 1.514985
v -13.499374 0.176559 1.832673
v -13.504388 0.154523 5.161920
v -13.499460 0.073133 5.498910
v -13.500125 0.037948 5.999799
v -13.501983 0.018442 6.499559
v -13.502811 0.104975 7.012799
v -13.500990 0.249089 7.296693
v -13.488520 0.488465 -2.032676
v -13.479014 0.466165 2.022196
v -13.489744 0.723508 2.232787
v -13.500000 0.500014 4.952288
v -13.470119 0.479586 7.504259
v -13.483659 1.104774 -2.318222
v -13.489004 0.830555 -2.147431
v -13.500065 0.999750 2.454923
v -13.505268 1.029621 4.649943
v -13.500046 0.768118 4.764553
v -13.520207 1.016341 7.532782
v -13.501101 1.713308 -2.743668
v -13.499955 1.453487 -2.623744
v -13.498709 1.497107 2.564898
v -13.491903 1.499220 4.465020
v -13.498970 1.370166 7.701531
v -13.483035 1.633240 7.800062
v -13.470095 1.907730 -2.890781
v -13.440293 2.035472 2.620074
v -13.250943 2.247887 2.750176
v -13.250852 2.248818 4.250196
v -13.446098 2.056803 4.394295
v -13.502140 1.971420 8.047561
v -13.502393 2.199744 8.290232
v -13.469937 2.511653 -2.901168
v -13.456014 2.438120 2.707457
v -13.251113 2.253319 2.750472
v -13.457060 2.510303 4.326606
v -13.585318 2.360635 4.315048
v -13.498516 2.508702 8.386892
v -13.482224 2.881441 -2.837233
v -13.465454 3.164707 -2.696136
v -13.502615 2.981170 2.613006
v -13.502167 3.009780 4.167760
v -13.700212 3.250869 8.269295
v -13.535032 3.101041 8.419090
v -13.531335 3.469840 -2.381431
v -13.519491 3.444230 2.634421
v -13.499430 3.654228 2.749675
v -13.507833 3.469753 4.142780
v -13.513530 3.455292 8.212556
v -13.356143 3.266400 8.264355
v -13.496579 3.865215 -2.296801
v -13.490100 4.132749 -2.256033
v -13.503794 4.049155 2.634837
v -13.499949 3.837864 2.768801
v -13.507999 4.000815 4.075719
v -13.493861 3.995074 8.197631
v -13.721073 4.605333 -2.277584
v -13.540220 4.461903 -2.171182
v -13.492295 4.475783 2.450915
v -13.500310 4.500057 4.019961
v -13.501888 4.498850 8.109499
v -13.716750 4.799420 -2.282632
v -13.530338 4.979812 -2.162864
v -13.500629 4.982729 2.428303
v -13.501955 4.998960 4.034331
v -13.294101 5.222546 7.735803
v -13.465987 5.055717 7.947478
v -13.506041 5.488018 -2.025388
v -13.501264 5.496942 2.587932
v -13.500216 5.494705 4.091856
v -13.465962 5.498641 7.717753
v -13.620289 5.331842 7.823075
v -13.502499 5.992019 -2.004656
v -13.500536 5.958689 2.506643
v -13.506136 5.840833 4.169343
v -13.496846 6.124624 4.336765
v -13.520093 6.040896 7.507664
v -13.519326 6.585492 -1.927362
v -13.720473 6.751985 -1.759773
v -13.502735 6.495398 2.510976
v -13.544325 6.525975 4.686977
v -13.413595 6.728903 4.758600
v -13.719179 6.700003 6.689933
v -13.559524 6.659715 7.076973
v -13.506589 6.337270 7.317672
v -13.368889 6.814018 -1.840727
v -13.547990 7.005990 -1.706915
v -13.502463 7.083251 2.111218
v -13.494491 6.821829 2.301958
v -13.748798 6.750464 4.749645
v -13.550900 6.947826 4.855052
v -13.599575 7.054401 6.067699
v -13.467477 6.957738 6.502545
v -13.394884 6.865039 6.858375
v -13.500388 7.369081 -1.384817
v -13.498430 7.616877 -1.096328
v -13.679366 7.675873 1.684544
v -13.504771 7.505318 1.820228
v -13.505551 7.436829 5.134591
v -13.501186 7.708153 5.326586
v -13.463857 7.487836 6.042416
v -13.311467 7.322013 6.345445
v -13.521134 7.843605 -0.872526
v -13.504656 8.066065 -0.530576
v -13.492440 8.223376 -0.172946
v -13.537413 8.028859 1.615913
v -13.356357 7.856704 1.808676
v -13.519807 8.118370 5.433019
v -13.511384 7.974367 5.915240
v -13.489829 8.389271 0.060133
v -13.508675 8.618705 0.486689
v -13.825158 8.650257 1.046980
v -13.432213 8.499069 1.297879
v -13.325452 8.883218 0.667705
v -13.412358 9.038937 0.962494
v -13.436976 8.965234 1.425856
v -13.355245 9.316720 1.093433
v -13.434029 9.354704 1.347456
v -14.142387 0.191606 -2.296303
v -14.017769 0.201445 -1.979528
v -13.997417 0.032837 -1.501442
v -14.003218 0.004139 -1.000514
v -14.005085 0.030378 -0.499668
v -14.005276 0.052546 -0.005111
v -14.005706 0.068224 0.503256
v -14.002710 0.024040 1.003132
v -13.995504 0.009856 1.503631
v -14.034052 0.155689 1.975053
v -14.240492 0.238591 2.258038
v -14.001238 0.187442 5.168161
v -14.001489 0.076149 5.496812
v -13.999964 0.055053 5.999997
v -14.000992 0.064803 6.501356
v -14.001885 0.183075 7.029961
v -13.835573 0.230058 7.311792
v -14.121252 0.494384 -2.344083
v -13.844568 0.501136 -2.136545
v -13.922778 0.393536 2.098396
v -14.000460 0.451993 2.380396
v -14.110233 0.744833 4.759903
v -13.965201 0.572302 4.929186
v -14.170315 0.256902 7.217112
v -14.050634 0.443571 7.529076
v -14.120866 1.075587 -2.830183
v -13.959837 0.951578 -2.537909
v -13.811743 0.829767 -2.178395
v -14.050674 1.047331 2.575288
v -14.247504 1.243016 2.752183
v -13.966520 0.944758 4.593036
v -13.777530 0.748635 4.747892
v -14.012453 1.010146 7.607701
v -13.910734 1.506703 -2.888545
v -13.776634 1.353111 -2.685089
v -13.998695 1.493887 2.595012
v -14.214086 1.500240 2.782085
v -14.191359 1.656448 4.198271
v -14.006357 1.490987 4.338593
v -14.012895 1.360153 7.669193
v -14.005046 1.631029 7.781531
v -13.952544 1.961625 -2.973590
v -13.969917 2.003884 2.635045
v -14.219654 2.001130 2.773945
v -14.108827 2.001686 4.105262
v -13.851726 1.997134 4.300301
v -14.031040 1.885776 8.181589
v -13.818974 2.204963 8.383461
v -13.979918 2.483367 -3.109377
v -14.029793 2.502978 2.641993
v -14.232738 2.334093 2.748096
v -14.251020 2.680403 3.645500
v -14.059261 2.505191 4.059774
v -13.788081 2.354818 4.282083
v -14.086628 2.503573 8.151328
v -13.825722 2.496006 8.298612
v -14.004380 2.979934 -2.853810
v -13.997462 3.175059 -2.681118
v -13.999013 2.950508 2.651982
v -14.118185 3.056747 2.922483
v -14.301699 3.001866 3.594970
v -13.964641 3.003698 3.927625
v -13.975218 3.046367 8.131866
v -13.798937 2.911170 8.298159
v -14.005788 3.544120 -2.552000
v -13.812415 3.338177 2.712300
v -14.045914 3.482689 2.990773
v -14.201837 3.473888 3.473350
v -13.915400 3.514157 3.854912
v -14.010005 3.504284 8.079858
v -13.997220 3.926029 -2.235183
v -14.004562 4.221772 -2.191686
v -13.794989 4.169607 2.710255
v -13.983796 3.989069 2.956134
v -14.191056 4.044679 3.505470
v -14.051080 4.030824 3.900041
v -14.190504 4.174943 7.698721
v -14.019457 4.006698 7.921664
v -13.986088 4.495542 -2.352579
v -14.003735 4.295186 -2.221128
v -13.915230 4.473114 2.583344
v -14.179698 4.536446 3.040313
v -14.227739 4.498294 3.466077
v -14.078670 4.460869 3.911138
v -14.197018 4.419578 7.705705
v -14.071365 4.542884 7.933598
v -14.013301 4.852744 -2.372366
v -14.006727 5.096220 -2.212735
v -13.994722 4.994988 2.507909
v -14.242723 4.944046 3.042354
v -14.190975 4.946953 3.457955
v -13.927206 4.996846 3.901665
v -14.237688 5.131614 7.783380
v -14.071580 4.977930 7.890392
v -13.999461 5.499076 -2.002380
v -13.868951 5.512335 2.611587
v -14.015011 5.502763 2.992813
v -14.172292 5.501618 3.493497
v -14.002216 5.504256 3.987193
v -14.034527 5.457436 7.617282
v -13.924662 5.341314 7.833405
v -13.979630 5.955360 -1.808976
v -14.148618 6.098685 -1.667165
v -13.888015 5.954338 2.581087
v -14.040133 6.024704 3.070350
v -14.224653 5.926979 3.505551
v -14.069698 5.980149 4.055208
v -13.919147 6.087194 4.362193
v -14.098921 6.182325 7.176646
v -13.945023 5.997614 7.280614
v -13.832161 6.408747 -1.810512
v -13.979841 6.537380 -1.615223
v -14.008686 6.512847 2.572080
v -14.168264 6.362405 2.913524
v -14.253985 6.252062 4.230782
v -14.080096 6.438713 4.497900
v -14.004245 6.716374 6.681927
v -13.962442 6.459036 7.080464
v -13.761289 6.250345 7.246700
v -13.974878 6.983831 -1.388469
v -14.137269 7.141360 -1.190227
v -13.943602 6.981328 2.037038
v -13.997617 6.809144 2.333670
v -14.000825 6.836373 4.700858
v -14.004444 7.069328 4.902080
v -14.001729 7.048418 6.061023
v -14.014760 6.771942 6.408547
v -13.809528 7.287024 -1.307008
v -13.955145 7.490862 -0.983774
v -14.096265 7.673759 -0.687276
v -13.860874 7.590318 1.633382
v -14.065856 7.468538 1.739675
v -13.995522 7.378343 5.127768
v -14.002323 7.601022 5.523972
v -13.931624 7.402073 5.706769
v -13.763899 7.754274 -0.754896
v -13.950471 7.881859 -0.483667
v -14.005995 8.220677 -0.197794
v -14.031446 7.979807 1.626056
v -14.237496 7.798771 1.746011
v -13.963842 7.821709 5.700083
v -13.876326 7.814939 5.843446
v -14.000456 8.377564 0.066393
v -14.001202 8.465295 0.497181
v -13.977893 8.578095 0.988881
v -14.001273 8.343426 1.361230
v -14.720350 -0.268492 -1.289943
v -14.721063 -0.266333 -1.103927
v -14.471752 0.081792 -2.401604
v -14.498910 -0.021074 -2.000480
v -14.525913 -0.162958 -1.478481
v -14.532974 -0.175721 -0.962197
v -14.505857 -0.114340 -0.500865
v -14.508190 -0.071368 -0.002033
v -14.504187 -0.080028 0.500931
v -14.501427 -0.102640 1.000138
v -14.499928 -0.108154 1.499990
v -14.481107 -0.062484 2.014718
v -14.554104 0.175898 2.439468
v -14.727503 0.217556 2.780590
v -14.680331 0.187893 4.656045
v -14.509501 0.145825 5.005124
v -14.497740 0.065086 5.499086
v -14.499778 0.084886 5.999839
v -14.529275 0.142745 6.535082
v -14.371737 0.219703 6.879694
v -14.613975 0.699431 -2.786478
v -14.461206 0.517247 -2.637051
v -14.379830 0.474754 2.612020
v -14.675117 0.501469 2.844773
v -14.753177 0.733584 4.239180
v -14.578510 0.571733 4.551274
v -14.362804 0.390269 4.856736
v -14.707399 0.258573 6.716401
v -14.527289 0.297722 7.029741
v -14.482681 0.527021 7.533012
v -14.464682 0.945198 -2.868116
v -14.279330 0.757354 -2.742920
v -14.332953 0.916523 2.660172
v -14.502401 1.023785 2.974563
v -14.635395 1.066629 3.499991
v -14.618118 0.969614 4.038681
v -14.410556 1.017165 4.403969
v -14.521334 0.999081 7.656603
v -14.488637 1.493399 -3.062600
v -14.353282 1.500010 3.024413
v -14.425530 1.497269 3.530886
v -14.424651 1.511650 4.039889
v -14.286865 1.323811 4.282933
v -14.459799 1.460245 7.645365
v -14.291772 1.624197 7.768623
v -14.391268 1.822745 -3.079525
v -14.362416 2.003572 3.032169
v -14.392620 2.000027 3.500446
v -14.356163 2.033274 3.872372
v -14.620327 2.028173 7.666519
v -14.450010 1.959760 7.904191
v -14.464687 2.586656 -3.071226
v -14.284839 2.668441 2.717402
v -14.395326 2.548391 2.925736
v -14.345967 2.538656 3.500066
v -14.295163 2.345317 3.788645
v -14.673783 2.503514 7.684260
v -14.473781 2.504482 7.906365
v -14.495406 2.946029 -2.869062
v -14.498911 3.199197 -2.724672
v -14.282365 2.784559 2.734593
v -14.270080 2.963861 3.039464
v -14.274439 2.998661 3.312883
v -14.656748 3.003707 7.702124
v -14.398947 2.998439 7.843036
v -14.494957 3.477335 -2.426490
v -14.256509 3.282547 3.234062
v -14.267514 3.289214 3.278403
v -14.542269 3.489931 7.575332
v -14.367899 3.497138 7.846918
v -14.495666 3.871392 -2.276203
v -14.490130 4.119464 -2.281953
v -14.274547 4.224061 3.681744
v -14.263568 4.232768 3.758779
v -14.461225 4.006521 7.580899
v -14.320511 3.861371 7.812552
v -14.501372 4.493082 -2.488869
v -14.491932 4.266436 -2.331444
v -14.249144 4.730663 3.247298
v -14.233428 4.486001 3.468904
v -14.268827 4.259640 3.762822
v -14.446440 4.552182 7.598839
v -14.250847 4.748496 7.750610
v -14.492007 4.871341 -2.374437
v -14.474102 5.124490 -2.244056
v -14.252792 4.752645 3.247782
v -14.252027 4.752765 3.252719
v -14.512309 4.900618 7.753955
v -14.255898 4.781282 7.757341
v -14.498509 5.502073 -1.991287
v -14.740296 5.738235 7.234100
v -14.450445 5.431554 7.347465
v -14.506333 5.784517 -1.770120
v -14.498886 6.036915 -1.582167
v -14.251895 6.236126 3.243555
v -14.301016 6.168231 3.509023
v -14.251412 6.178302 3.897370
v -14.537079 5.999635 7.251780
v -14.392237 5.858942 7.232200
v -14.524192 6.526879 -1.416801
v -14.664971 6.689992 -1.221029
v -14.313762 6.686479 2.677812
v -14.318869 6.555321 3.066215
v -14.588348 6.526322 3.539983
v -14.394583 6.569331 3.989891
v -14.359334 6.595468 4.339959
v -14.746186 6.748427 6.246867
v -14.476526 6.634928 6.494327
v -14.585713 6.492805 6.960604
v -14.324613 6.806087 -1.278522
v -14.512063 7.000639 -1.018353
v -14.705497 7.202407 -0.706348
v -14.443346 7.135576 2.134405
v -14.513668 6.988844 2.483896
v -14.608547 6.906767 3.009622
v -14.782752 6.719214 3.362572
v -14.731861 6.778816 4.098845
v -14.510391 7.005211 4.514142
v -14.429349 7.360459 5.030645
v -14.642660 7.192538 5.526911
v -14.449061 6.897926 5.990019
v -14.398514 6.783809 6.384682
v -14.385325 7.356147 -0.863064
v -14.578114 7.548363 -0.559388
v -14.727194 7.724343 -0.227747
v -14.565338 7.519025 2.078886
v -14.717282 7.375042 2.287611
v -14.639504 7.339459 4.660015
v -14.481802 7.381128 5.028537
v -14.411580 7.444842 5.525730
v -14.294915 7.301175 5.791177
v -14.411382 7.881376 -0.385083
v -14.545130 8.040399 -0.039283
v -14.671651 8.196555 0.358591
v -14.279223 8.145179 1.743502
v -14.446308 7.981680 1.908281
v -14.356795 8.349611 0.143349
v -14.579846 8.439454 0.482494
v -14.530430 8.573945 0.985932
v -14.482065 8.366574 1.528289
v -14.625307 8.319957 1.820555
v -15.208089 -0.259228 -1.798073
v -15.016017 -0.329687 -1.484820
v -14.943170 -0.339977 -0.960770
v -15.033248 -0.339115 -0.497473
v -15.105422 -0.300487 0.000995
v -15.130402 -0.294729 0.500205
v -15.127136 -0.274039 0.999989
v -15.150970 -0.294607 1.501516
v -15.206349 -0.262975 1.798489
v -14.986374 0.041256 -2.445492
v -15.032644 -0.152858 -1.973707
v -14.869018 -0.233270 -1.630467
v -14.753875 -0.249469 -0.770817
v -14.789287 -0.240269 -0.499445
v -14.863102 -0.202043 -0.001163
v -14.881401 -0.217635 0.499614
v -14.875344 -0.221536 0.999873
v -14.898836 -0.236558 1.499993
v -15.019151 -0.224086 1.984099
v -14.990387 -0.104936 2.519915
v -14.996556 0.112432 2.995981
v -15.208917 0.197993 3.498032
v -15.117313 0.138530 3.982453
v -14.956926 0.095912 4.496816
v -14.998508 0.052172 4.999111
v -14.999806 0.043631 5.501663
v -15.000406 0.113618 6.001128
v -15.002330 0.187933 6.388892
v -14.994173 0.625522 -2.800270
v -15.003189 0.415918 -2.625952
v -14.891508 0.503669 3.102448
v -15.006389 0.512243 3.499175
v -14.889659 0.540529 4.046851
v -14.747037 0.384518 4.312212
v -15.000139 0.286545 6.634555
v -15.042521 0.433041 7.072754
v -14.911217 0.648370 7.383320
v -14.990913 0.933339 -3.005245
v -14.783702 0.795439 3.206708
v -14.821194 0.828067 3.498113
v -14.775846 0.792683 3.900799
v -15.196780 0.848656 7.228799
v -15.024891 1.006220 7.389769
v -14.910470 1.407646 -3.177264
v -15.002011 1.497893 7.531583
v -14.973014 1.990979 -3.183757
v -15.003195 2.002691 7.589899
v -15.042938 2.543868 -2.993750
v -15.006361 2.507772 7.590597
v -15.007113 2.880397 -2.815874
v -14.991492 3.094965 -2.599997
v -15.003047 3.002944 7.540752
v -14.943097 3.462840 -2.298004
v -15.072947 3.636994 -2.137278
v -15.183913 3.640121 7.218187
v -15.003598 3.476674 7.332317
v -14.761982 3.801577 -2.263552
v -14.967740 3.982624 -2.155531
v -15.179141 3.995318 7.249961
v -14.911814 4.019478 7.300554
v -14.779352 4.640708 -2.276117
v -14.962214 4.484469 -2.131031
v -15.120936 4.484942 7.151875
v -14.873097 4.492290 7.336991
v -14.770354 4.811896 -2.267177
v -14.970443 4.988035 -2.116808
v -15.121336 4.997682 7.192295
v -14.871434 4.999405 7.370100
v -15.025117 5.514715 -2.002272
v -14.971593 5.542523 7.268982
v -14.973422 5.550731 7.270130
v -14.995429 5.857395 -1.832463
v -14.998234 6.100990 -1.614559
v -14.935223 6.005079 7.302757
v -15.112726 5.789258 7.302888
v -14.995680 6.342460 -1.327687
v -14.996868 6.617993 -1.124771
v -14.752596 6.746878 3.730182
v -14.753213 6.746154 3.759212
v -15.214033 6.697079 5.597906
v -14.992595 6.810683 6.004614
v -14.971088 6.630884 6.473382
v -15.010120 6.341297 6.913789
v -15.006166 6.907387 -0.892927
v -14.990882 7.129593 -0.624037
v -14.859585 7.125255 2.603521
v -14.916221 7.044583 2.991556
v -14.972552 6.858145 3.473928
v -14.879358 6.985157 3.961274
v -14.818095 7.161598 4.318528
v -14.951508 7.063812 5.120094
v -15.001023 6.856213 5.443688
v -14.986819 6.812564 6.012509
v -15.059925 6.849076 6.347483
v -14.993588 7.380649 -0.367321
v -14.993023 7.644550 -0.115399
v -14.757716 7.711417 2.241401
v -14.901323 7.528109 2.462555
v -15.170235 7.499206 2.977518
v -15.278988 7.411147 3.507331
v -15.118875 7.540813 4.023278
v -15.014184 7.555693 4.458786
v -14.985277 7.370163 4.823357
v -15.017366 7.888505 0.087717
v -14.962111 8.014991 0.524902
v -15.119229 8.121228 0.869447
v -14.841597 8.003469 2.162842
v -15.133752 7.951911 2.462975
v -15.245603 7.765407 2.793571
v -15.202013 7.793236 4.198916
v -15.239002 7.780243 4.277063
v -14.798396 8.279222 0.692183
v -14.977313 8.353357 1.018600
v -14.991859 8.604075 1.501761
v -15.024731 8.390099 1.973364
v -15.186372 8.310740 2.311170
v -15.713091 -0.267951 -2.259587
v -15.528341 -0.244638 -1.976986
v -15.499013 -0.373640 -1.506426
v -15.497867 -0.440960 -0.999211
v -15.498257 -0.412914 -0.499045
v -15.499552 -0.361232 0.001176
v -15.498973 -0.346183 0.499091
v -15.497372 -0.348733 1.000509
v -15.498339 -0.327731 1.502360
v -15.499640 -0.273172 1.883876
v -15.726599 0.240419 -2.756340
v -15.521694 -0.120789 -2.608851
v -15.377275 -0.234536 -2.131629
v -15.498781 -0.249015 2.135948
v -15.499324 -0.161619 2.502837
v -15.490485 -0.080694 3.007133
v -15.486764 0.009484 3.505203
v -15.493984 0.015026 3.999490
v -15.499780 0.041950 4.500223
v -15.500926 0.051431 5.001180
v -15.524344 0.102709 5.504149
v -15.355894 0.163384 6.009664
v -15.294084 0.219534 6.300377
v -15.536627 0.493344 -2.777700
v -15.391368 0.319465 -2.720030
v -15.677225 0.300365 5.657242
v -15.595058 0.326640 5.999999
v -15.476373 0.347882 6.480380
v -15.513252 0.557512 6.938686
v -15.508600 0.999842 -2.888263
v -15.487852 1.002966 7.195092
v -15.297113 1.184951 7.260657
v -15.558889 1.419551 -3.008781
v -15.634849 1.355357 7.215208
v -15.482630 1.509387 7.356112
v -15.497602 1.975843 -3.168593
v -15.737099 2.198584 7.234710
v -15.604853 2.021420 7.482713
v -15.492668 2.518190 -2.932126
v -15.722560 2.401800 7.226890
v -15.626601 2.554239 7.439280
v -15.499396 2.836301 -2.797040
v -15.495248 3.104808 -2.620657
v -15.631300 3.101996 7.248817
v -15.475281 2.955566 7.332305
v -15.497388 3.409785 -2.362106
v -15.500263 3.651675 -2.164437
v -15.461015 3.479991 7.130907
v -15.280526 3.301613 7.245198
v -15.510890 3.982969 -1.956009
v -15.522021 4.001569 7.135048
v -15.484634 4.499035 -1.828137
v -15.472805 4.482132 6.948816
v -15.499552 4.998838 -1.847896
v -15.502259 4.958033 7.104320
v -15.520290 5.529489 -1.744487
v -15.717544 5.691276 -1.734568
v -15.488264 5.511397 7.214652
v -15.306272 5.692320 7.260778
v -15.403744 5.829852 -1.854961
v -15.586190 6.034459 -1.760984
v -15.502511 5.985967 7.256834
v -15.307706 5.792357 7.272368
v -15.500642 6.334092 -1.360895
v -15.500186 6.618814 -1.116003
v -15.276665 6.692291 5.600695
v -15.275736 6.733359 5.780582
v -15.501847 6.603185 6.598250
v -15.513879 6.402900 6.890853
v -15.496482 6.902879 -0.871429
v -15.517904 7.113558 -0.568508
v -15.526420 7.022711 5.018217
v -15.522730 6.761503 5.460127
v -15.445770 6.891538 5.958658
v -15.502249 6.831588 6.350705
v -15.499255 7.366151 -0.365871
v -15.403620 7.503105 0.059123
v -15.622634 7.604863 0.533164
v -15.741526 7.744375 0.754792
v -15.355572 7.615119 3.139716
v -15.309998 7.680448 3.512601
v -15.329304 7.707031 3.857461
v -15.498030 7.613044 4.579009
v -15.502688 7.373858 4.864446
v -15.289516 7.772327 0.215364
v -15.335678 7.758688 0.493825
v -15.527113 7.909041 0.997926
v -15.476438 8.165682 2.651499
v -15.480704 7.900143 2.979482
v -15.573957 7.920296 3.502549
v -15.441403 7.896718 3.917561
v -15.395068 7.924522 4.422646
v -15.505946 8.335831 1.164368
v -15.413974 8.661919 1.429306
v -15.453433 8.659295 2.027490
v -15.502873 8.348849 2.375463
v -15.610480 8.864622 1.696111
v -15.611334 8.869860 1.816196
v -15.771605 -0.264093 -2.259708
v -15.875794 -0.245242 -1.998929
v -16.043802 -0.342973 -1.551093
v -16.003434 -0.443541 -1.002284
v -16.000358 -0.424554 -0.499368
v -15.999596 -0.389106 0.000652
v -16.000179 -0.365083 0.499998
v -16.000115 -0.376535 1.000055
v -15.997957 -0.380807 1.501809
v -15.972819 -0.293854 2.027454
v -16.120751 -0.264289 2.325865
v -15.771638 0.239925 -2.758218
v -15.977369 -0.050795 -2.542139
v -16.124313 -0.201631 -1.998056
v -16.233461 -0.249174 -1.742709
v -15.786661 -0.244340 2.213693
v -15.972570 -0.203797 2.495489
v -15.999842 -0.117050 3.001725
v -15.999575 -0.048618 3.500846
v -15.998983 -0.019369 4.000665
v -16.002517 0.020428 4.512613
v -15.985284 0.169281 4.966039
v -15.817585 0.181707 5.334546
v -15.858496 0.491369 -2.816687
v -16.129246 0.492579 -2.770484
v -16.134038 0.353511 5.106335
v -15.979046 0.436012 5.490543
v -15.962918 0.580544 6.005667
v -16.011043 0.544538 6.494186
v -16.038161 0.601787 6.885587
v -16.026623 0.989116 -2.800401
v -16.200751 0.817017 -2.724536
v -16.006751 0.981336 7.061091
v -15.986038 1.465791 -2.948191
v -15.974516 1.513171 7.149967
v -15.782607 1.690374 7.267314
v -16.013935 1.974214 -3.161000
v -15.946487 2.011306 7.075543
v -15.787952 1.865777 7.274273
v -16.058895 2.600785 -3.002759
v -16.225513 2.684415 6.729436
v -15.969919 2.537581 6.985713
v -15.750561 2.735803 7.250624
v -16.006703 2.815934 -2.793175
v -16.012491 3.073772 -2.625323
v -16.207827 3.005557 6.698910
v -15.925724 2.951827 7.018040
v -15.751620 2.752653 7.251524
v -15.999196 3.394537 -2.339014
v -16.005014 3.656723 -2.183835
v -16.235040 3.293463 6.739174
v -16.055034 3.471324 6.911252
v -16.034864 4.045589 -2.060342
v -16.211390 4.187199 6.740684
v -16.061258 4.046791 6.923376
v -15.955737 4.431974 -1.748012
v -16.065160 4.564790 -1.578742
v -16.162009 4.494260 6.668207
v -15.887030 4.484793 6.756803
v -15.793280 4.999288 -1.804405
v -16.047224 4.995908 -1.614727
v -16.186882 4.795567 6.725650
v -16.008317 4.991214 6.846278
v -15.774818 5.361174 -1.789611
v -16.018145 5.554181 -1.680598
v -15.976011 5.534242 6.987273
v -16.047674 6.038498 -1.437588
v -16.237461 6.230399 -1.246632
v -16.163507 6.208223 6.704076
v -16.070158 6.126481 6.996242
v -15.905686 6.355112 -1.352396
v -16.054582 6.521942 -1.161911
v -16.249759 6.750036 6.246780
v -16.039568 6.545082 6.541027
v -15.827087 6.309515 6.805467
v -16.026057 6.942094 -0.920108
v -16.058284 7.226204 -0.533888
v -16.153988 7.192401 0.013743
v -16.248580 7.249331 0.251068
v -16.168741 7.185029 4.698389
v -16.018828 7.075611 4.956628
v -15.993004 7.041003 5.520753
v -16.052238 6.844494 6.046241
v -15.911021 6.875200 6.358637
v -15.868614 7.411675 -0.366452
v -15.945471 7.378906 -0.002622
v -15.995056 7.588924 0.401659
v -15.756444 7.748345 0.752468
v -15.992004 7.440892 4.536201
v -15.820892 7.263849 4.770310
v -16.086104 7.857413 0.639854
v -15.996792 7.939336 0.926714
v -16.001498 8.191846 2.665175
v -16.003628 8.067776 3.001067
v -15.998196 7.994906 3.502220
v -15.978482 8.025121 3.963973
v -16.034195 7.860262 4.400450
v -15.992621 8.337395 1.146131
v -15.999343 8.586800 1.452202
v -15.992875 8.630309 2.069134
v -16.005851 8.353903 2.389688
v -15.999848 8.765130 1.708133
v -16.000050 8.775823 1.799566
v -16.500632 -0.305627 -1.443981
v -16.501361 -0.384029 -1.002213
v -16.500950 -0.403576 -0.499524
v -16.500915 -0.390746 -0.000058
v -16.500161 -0.385906 0.500348
v -16.499962 -0.394187 1.000096
v -16.498608 -0.439106 1.500785
v -16.498419 -0.383203 2.004317
v -16.500218 -0.301807 2.365779
v -16.505157 0.046242 -2.437954
v -16.499446 -0.173472 -2.000224
v -16.500295 -0.241757 -1.694418
v -16.500973 -0.223412 2.615263
v -16.499180 -0.099232 2.997686
v -16.499966 -0.042125 3.499990
v -16.500631 -0.029942 4.002043
v -16.525399 0.113439 4.563419
v -16.366385 0.243458 4.767115
v -16.509224 0.489444 -2.663501
v -16.701723 0.259596 4.737727
v -16.514251 0.432199 4.923586
v -16.484666 0.714150 5.479640
v -16.359215 0.663102 5.994991
v -16.298440 0.750881 6.477902
v -16.292990 0.724681 6.749664
v -16.311373 1.157612 -2.748439
v -16.488877 0.990442 -2.686577
v -16.633092 0.855900 5.656072
v -16.647698 0.765957 5.988083
v -16.608253 1.004831 6.534422
v -16.507053 0.895451 6.743359
v -16.583484 1.472359 -2.877911
v -16.644052 1.392289 -2.705130
v -16.755971 1.501575 6.746525
v -16.543785 1.540515 6.972021
v -16.615888 2.059974 -2.981289
v -16.627703 2.007882 6.622421
v -16.366186 2.000918 6.847233
v -16.506688 2.504365 -2.819160
v -16.502600 2.516192 6.611365
v -16.304524 2.356282 6.812875
v -16.493470 2.767469 -2.776751
v -16.499137 3.063627 -2.496414
v -16.659353 3.183043 -2.190758
v -16.691198 3.118726 6.174260
v -16.556648 2.982459 6.468426
v -16.323093 3.315095 -2.280557
v -16.487134 3.477277 -1.969059
v -16.697078 3.718485 -1.724438
v -16.678707 3.501289 6.142914
v -16.431006 3.475902 6.545703
v -16.294000 3.625086 6.778701
v -16.343711 4.000162 -1.814649
v -16.579094 3.985108 -1.596711
v -16.673141 3.853893 6.165514
v -16.512707 4.012663 6.524735
v -16.319846 3.849685 6.800703
v -16.283627 4.285807 -1.777879
v -16.497746 4.495785 -1.453775
v -16.745472 4.745147 -1.246174
v -16.519978 4.493979 6.630811
v -16.447078 4.998775 -1.320890
v -16.715676 4.995224 -1.200760
v -16.580240 4.947122 6.687368
v -16.360017 5.111315 6.885064
v -16.429299 5.503079 -1.377216
v -16.680136 5.502648 -1.228482
v -16.725528 5.685179 6.225572
v -16.725619 5.572040 6.528510
v -16.395777 5.498042 6.894087
v -16.351854 5.898965 -1.338759
v -16.525456 6.043285 -1.191221
v -16.748214 6.246411 5.721815
v -16.651204 6.035489 6.017004
v -16.443512 6.018789 6.516905
v -16.424738 5.885733 6.911086
v -16.491827 6.529804 -1.063885
v -16.732414 6.729868 4.731331
v -16.687329 6.654387 5.002153
v -16.667826 6.487709 5.525282
v -16.413733 6.541037 6.041660
v -16.366607 6.438247 6.384757
v -16.500177 6.856878 -0.828652
v -16.504046 6.953270 -0.503867
v -16.491789 6.966186 -0.020579
v -16.470382 7.095477 0.500616
v -16.700447 7.207483 0.794718
v -16.556407 7.047959 4.671696
v -16.462377 6.949922 5.004171
v -16.404735 6.868238 5.529461
v -16.302811 6.695385 5.887242
v -16.427681 7.508559 0.581789
v -16.655827 7.529259 0.836333
v -16.491750 7.525060 4.475989
v -16.426443 7.908371 0.546293
v -16.522492 8.126520 0.766489
v -16.678398 8.202150 2.194001
v -16.598977 8.136350 2.636023
v -16.603622 8.041399 3.000928
v -16.436836 8.192649 3.475757
v -16.544368 8.087509 4.033266
v -16.500002 7.783933 4.293330
v -16.529870 8.355594 1.126032
v -16.481198 8.648397 1.459968
v -16.569146 8.559467 2.060387
v -16.606055 8.284873 2.655117
v -16.731377 8.258558 2.999949
v -16.720293 8.279837 3.500319
v -16.735285 8.267705 3.760656
v -16.269239 8.770731 1.726410
v -16.269271 8.777742 1.782264
v -16.859074 -0.280168 -1.348762
v -16.957750 -0.307226 -1.001353
v -17.051150 -0.316283 -0.548866
v -16.999826 -0.338210 0.000053
v -17.000789 -0.358006 0.499824
v -17.000526 -0.390933 0.998824
v -17.001226 -0.423415 1.500310
v -17.000279 -0.366440 2.002030
v -16.999783 -0.271849 2.332109
v -17.001357 0.125045 -2.348484
v -17.007509 -0.087683 -2.002818
v -17.018880 -0.218096 -1.512508
v -17.204768 -0.239545 -0.999988
v -17.248825 -0.249659 -0.747400
v -16.999779 -0.186951 2.582880
v -16.999779 -0.075367 2.998943
v -17.000125 -0.025319 3.500176
v -17.003679 -0.012820 3.989141
v -17.047137 0.129729 4.563351
v -17.238039 0.247505 4.751911
v -16.998852 0.500239 -2.478181
v -16.904385 0.255885 4.740595
v -17.041487 0.387579 4.960235
v -17.000818 0.684254 5.383908
v -16.974713 0.996874 -2.442372
v -16.994842 0.796049 5.639687
v -16.978608 0.837501 5.988894
v -17.009495 1.158226 6.459757
v -16.767096 1.722815 -2.757805
v -16.937800 1.584101 -2.434082
v -17.242123 1.731442 -2.238638
v -17.138057 1.582224 6.122357
v -16.956117 1.441476 6.401824
v -16.813469 1.997621 -2.804051
v -17.092004 1.938380 -2.512207
v -17.242975 1.759568 -2.242137
v -17.203428 2.163952 5.696758
v -17.077445 1.995700 5.976743
v -16.825362 2.000661 6.358821
v -16.783750 2.501069 -2.736479
v -17.055305 2.499872 -2.679418
v -17.157863 2.502438 5.644755
v -16.924532 2.512452 5.975833
v -16.785032 2.499718 6.290894
v -16.782368 2.763612 -2.770432
v -16.997361 2.915277 -2.525106
v -16.997317 3.126143 -2.140970
v -17.211421 3.011842 5.691639
v -16.907061 2.985485 6.024544
v -16.780172 2.800502 6.283368
v -16.998324 3.467555 -1.923727
v -16.997219 3.718483 -1.730372
v -17.095624 3.493383 5.608371
v -16.889446 3.499973 5.908375
v -17.003282 3.983175 -1.512858
v -17.129079 3.998802 5.603347
v -16.837448 4.035520 5.979916
v -16.769793 4.189687 6.283484
v -16.998227 4.466535 -1.357380
v -17.001392 4.717423 -1.265831
v -17.210842 4.499936 5.698919
v -17.068491 4.490507 6.010663
v -16.841160 4.493548 6.370072
v -17.001883 5.003630 -1.220191
v -17.238211 4.999981 5.613559
v -17.022205 5.000874 5.961691
v -16.750152 5.006883 6.345595
v -17.005624 5.525710 -1.095981
v -17.300837 5.501314 5.526047
v -16.951550 5.513703 6.045382
v -16.858757 5.329679 6.341581
v -17.035331 6.037278 -0.846882
v -17.247610 6.238636 -0.745252
v -17.178485 6.147472 4.690563
v -17.083726 6.039257 4.997816
v -17.041485 6.058995 5.507370
v -16.885866 5.919463 5.905078
v -16.937637 6.514686 -0.878166
v -17.241566 6.606097 -0.577169
v -17.012733 6.559093 -0.027269
v -17.071564 6.610904 0.393859
v -17.243829 6.745425 4.246642
v -17.025828 6.561381 4.529011
v -16.819276 6.389225 4.988167
v -16.757901 6.284643 5.385172
v -16.802930 6.783840 -0.780172
v -16.834355 6.803109 -0.500035
v -16.840050 6.818087 0.000806
v -16.980968 6.902496 0.510475
v -16.997789 7.142645 0.868082
v -17.139321 6.980065 4.158085
v -16.885438 6.982854 4.371328
v -16.988420 7.482059 1.092138
v -17.228677 7.702445 1.327521
v -17.205395 7.707820 2.162811
v -17.219577 7.697033 2.508499
v -17.189255 7.691566 2.835625
v -17.136026 7.428556 4.175347
v -16.993728 7.525850 4.321770
v -16.873220 8.010866 1.103243
v -17.078398 8.029909 1.500363
v -16.998964 8.002181 2.015476
v -16.852447 7.983983 2.582975
v -17.102323 8.048508 2.932067
v -17.064664 8.062637 3.508221
v -16.972320 7.981248 3.976014
v -16.999611 7.781657 4.288052
v -16.758160 8.258357 1.236736
v -16.803978 8.303835 1.494666
v -16.798160 8.305210 1.871017
v -16.750241 8.252060 2.748054
v -16.763164 8.271018 2.997208
v -16.776896 8.272209 3.500811
v -16.762395 8.261179 3.759811
v -17.386889 -0.268237 -0.414073
v -17.532232 -0.283040 -0.026446
v -17.500124 -0.321516 0.499770
v -17.500106 -0.358768 0.999549
v -17.501428 -0.400092 1.499628
v -17.518632 -0.334008 2.039374
v -17.359225 -0.269033 2.294633
v -17.369283 0.185270 -2.314612
v -17.521260 0.085329 -2.032672
v -17.502003 -0.120563 -1.503045
v -17.499489 -0.188690 -0.999756
v -17.531406 -0.227350 -0.547644
v -17.720283 -0.246078 -0.210711
v -17.692642 -0.244617 2.223091
v -17.515374 -0.168984 2.476011
v -17.501383 -0.017151 3.001237
v -17.508256 0.039237 3.504319
v -17.504114 0.113164 3.997551
v -17.468483 0.165720 4.471478
v -17.252151 0.249136 4.750961
v -17.517433 0.477565 -2.347438
v -17.700030 0.291509 -2.223340
v -17.615469 0.275458 4.622769
v -17.517296 0.433270 5.040622
v -17.416373 0.669246 5.375154
v -17.501612 1.004467 -2.405146
v -17.742837 1.212366 4.724410
v -17.709786 0.971555 5.040308
v -17.558637 0.827979 5.524270
v -17.506568 1.100810 6.045726
v -17.261375 1.243863 6.264023
v -17.485903 1.535054 -2.260206
v -17.266421 1.731979 -2.232165
v -17.743265 1.266950 4.724509
v -17.702545 1.272078 4.775291
v -17.440362 1.435837 5.972432
v -17.256211 1.258134 6.258118
v -17.461195 1.965208 -2.248542
v -17.266764 1.760557 -2.235343
v -17.496869 2.061906 5.624446
v -17.495288 1.817751 5.779120
v -17.522088 2.487494 -2.418613
v -17.472670 2.483318 5.411758
v -17.504299 2.849871 -2.340715
v -17.498397 3.090816 -2.136327
v -17.745449 3.219341 5.256676
v -17.549484 3.028594 5.385405
v -17.499272 3.399794 -1.869506
v -17.491918 3.641526 -1.637381
v -17.643681 3.468721 5.144973
v -17.420724 3.499079 5.358022
v -17.511904 4.015321 -1.419953
v -17.656467 4.162619 -1.144674
v -17.705831 3.993560 5.194620
v -17.473593 3.994602 5.480672
v -17.350058 4.375089 -1.318777
v -17.515124 4.538939 -1.000295
v -17.746474 4.744911 -0.745011
v -17.666554 4.512045 5.119314
v -17.421689 4.508026 5.467013
v -17.511536 4.997075 -0.967016
v -17.775635 4.999334 -0.772378
v -17.654374 5.092394 4.665812
v -17.514762 4.953855 4.926699
v -17.255741 4.993704 5.356349
v -17.435530 5.535815 -0.903280
v -17.665779 5.514318 -0.646220
v -17.543683 5.488550 4.537973
v -17.323059 5.496539 4.994194
v -17.282481 5.498085 5.268480
v -17.265526 5.895993 -0.763975
v -17.465717 6.003157 -0.495504
v -17.660522 6.103095 -0.143052
v -17.465726 5.987754 4.530805
v -17.264072 5.800343 4.998195
v -17.257308 5.758078 5.266712
v -17.417967 6.368717 -0.410111
v -17.500425 6.380207 0.010805
v -17.516844 6.600785 0.499040
v -17.706436 6.705498 0.826249
v -17.499686 6.709187 4.221891
v -17.499934 6.434614 4.344400
v -17.364713 6.847187 0.660550
v -17.516360 7.003109 0.995064
v -17.722088 7.191435 1.483081
v -17.708256 7.208564 1.999077
v -17.704783 7.225832 2.504126
v -17.709504 7.211655 2.996403
v -17.697842 7.148258 3.511320
v -17.507245 6.984652 3.973836
v -17.311040 7.338390 1.181611
v -17.420547 7.530859 1.510004
v -17.361802 7.469465 1.981854
v -17.422205 7.399001 2.493091
v -17.380442 7.476955 3.032147
v -17.482503 7.528935 3.507238
v -17.354227 7.422888 4.104608
v -17.250747 7.749213 4.251178
v -17.288231 7.784108 1.696866
v -17.266990 7.773002 1.829437
v -17.297176 7.804236 3.165823
v -17.266217 7.781289 3.496414
v -17.293574 7.932367 4.015651
v -17.250491 7.750551 4.250618
v -17.873043 -0.267754 0.122074
v -18.024203 -0.286818 0.474790
v -18.000290 -0.327534 0.999747
v -18.002551 -0.350031 1.500176
v -18.002581 -0.301371 1.891302
v -18.000921 0.108782 -1.933010
v -18.000658 -0.066961 -1.503199
v -17.999755 -0.133996 -0.999669
v -17.999859 -0.181225 -0.499885
v -18.023457 -0.228993 -0.026336
v -18.205923 -0.245381 0.292308
v -18.002265 -0.218691 2.141788
v -18.003273 -0.067490 2.506737
v -18.025230 0.146689 3.018384
v -17.883450 0.193822 3.500187
v -17.789535 0.233613 4.000749
v -17.755377 0.246303 4.259435
v -17.999994 0.604805 -2.318329
v -17.998315 0.360996 -2.157197
v -18.211959 0.273756 3.199679
v -18.150083 0.330921 3.508914
v -18.158606 0.481553 4.001287
v -18.010912 0.391358 4.451847
v -17.994364 0.693082 4.928665
v -17.996781 1.001568 -2.418008
v -18.016661 0.854753 4.104947
v -17.965137 0.938929 4.527222
v -17.948408 0.723924 4.915976
v -17.802573 1.092940 5.500125
v -17.798293 1.202928 5.784581
v -18.000376 1.498117 -2.402742
v -18.018492 1.654003 4.091727
v -17.946037 1.567128 4.548219
v -18.085802 1.608773 5.023282
v -18.025960 1.472519 5.483732
v -17.788278 1.506585 5.800831
v -17.998488 2.001599 -2.366731
v -18.233095 1.762464 4.233484
v -18.235288 1.758064 4.354316
v -18.252718 1.983988 5.218386
v -17.937973 1.980317 5.505333
v -17.757662 1.759406 5.760580
v -17.990750 2.495190 -2.368540
v -18.103343 2.503274 5.143088
v -17.848580 2.503925 5.314151
v -17.996414 2.851399 -2.324135
v -17.999644 3.112169 -2.162125
v -17.981818 3.031518 5.146605
v -17.786552 2.878397 5.303452
v -17.999917 3.385167 -1.898496
v -17.999017 3.564461 -1.540100
v -17.992136 3.472875 4.995930
v -17.987733 3.802566 -1.271872
v -17.998716 4.067350 -1.045556
v -18.243620 4.237625 4.740717
v -18.007114 4.037277 4.825769
v -17.997003 4.353968 -0.762791
v -18.057951 4.669571 -0.564415
v -18.244265 4.743228 -0.235642
v -18.209794 4.548800 4.719490
v -17.893642 4.506486 4.877954
v -17.933806 4.999082 -0.493745
v -18.141492 4.980372 -0.026201
v -18.218295 5.165647 0.339544
v -18.174804 5.121135 4.164048
v -17.950534 4.932423 4.459552
v -17.772163 4.775268 4.770970
v -17.831758 5.502887 -0.385968
v -17.947160 5.479936 0.006360
v -18.143204 5.499322 0.510201
v -18.229918 5.678046 0.797915
v -18.225645 5.713588 3.710251
v -18.098562 5.534967 3.999179
v -17.784464 5.482919 4.294768
v -17.758856 5.772906 -0.262944
v -17.777293 5.961480 0.023504
v -18.009865 6.002705 0.492879
v -18.185129 6.038591 0.975162
v -18.246672 6.231034 1.303361
v -18.235988 6.215051 3.118084
v -18.195067 6.033225 3.536916
v -17.947796 5.999340 3.996189
v -17.767482 6.000350 4.272669
v -17.800373 6.299297 0.174478
v -17.867793 6.390447 0.494140
v -17.904423 6.511313 1.004424
v -18.106627 6.467952 1.483058
v -18.140096 6.541656 2.000058
v -18.093874 6.491862 2.496485
v -18.119842 6.448675 2.967871
v -17.981728 6.491651 3.496004
v -17.896514 6.506078 4.013477
v -17.798881 6.339026 4.306169
v -17.794845 6.809459 1.161317
v -17.859061 6.892394 1.496917
v -17.892059 6.965141 1.994593
v -17.906449 6.965686 2.501701
v -17.867993 6.943281 3.000451
v -17.827456 6.884682 3.500550
v -17.771874 6.789731 3.833518
v -18.356028 -0.268376 0.625159
v -18.514440 -0.281649 1.024842
v -18.502346 -0.288084 1.468404
v -18.334630 -0.267493 1.796131
v -18.499846 0.107732 -1.918992
v -18.499745 -0.058854 -1.504813
v -18.500028 -0.108733 -1.000021
v -18.499490 -0.130958 -0.499625
v -18.499889 -0.176092 0.000108
v -18.513932 -0.230697 0.474812
v -18.689392 -0.244783 0.875298
v -18.669240 -0.247543 1.614267
v -18.504321 -0.178764 1.984523
v -18.509276 0.099059 2.526710
v -18.341072 0.213470 2.863850
v -18.500468 0.637781 -2.317041
v -18.498417 0.377910 -2.165772
v -18.677244 0.298614 2.703266
v -18.512136 0.378753 3.023552
v -18.509904 0.606587 3.492088
v -18.281624 0.705486 3.875971
v -18.294433 0.777209 4.646896
v -18.292751 0.755889 4.788825
v -18.500828 0.998590 -2.416941
v -18.634524 0.998156 3.610746
v -18.392937 0.994866 3.890264
v -18.274230 0.792835 4.642103
v -18.278647 0.786887 4.777617
v -18.501490 1.501453 -2.438356
v -18.712887 1.321593 3.702590
v -18.587796 1.467843 3.912073
v -18.254348 1.742968 4.688955
v -18.271336 1.706215 4.824907
v -18.499006 2.000810 -2.453620
v -18.456911 1.985838 4.129484
v -18.475093 1.865514 4.524071
v -18.415617 2.002163 4.954899
v -18.502104 2.500989 -2.420028
v -18.622210 2.530237 4.208306
v -18.648438 2.496219 4.502279
v -18.373086 2.481666 4.833142
v -18.502779 2.887135 -2.349658
v -18.496685 3.154151 -2.186467
v -18.749356 2.750850 4.249168
v -18.749876 2.926798 4.572836
v -18.376121 2.996278 4.814463
v -18.499717 3.386944 -1.911208
v -18.501089 3.616340 -1.555476
v -18.686917 3.523181 4.721718
v -18.401835 3.503926 4.867423
v -18.501846 3.787951 -1.299873
v -18.498225 4.105382 -0.988373
v -18.657404 4.247321 -0.701320
v -18.702833 4.179278 4.198350
v -18.503153 4.037035 4.529179
v -18.315892 3.886927 4.752731
v -18.318920 4.288440 -0.778396
v -18.497948 4.402063 -0.524983
v -18.492332 4.628097 -0.038481
v -18.673687 4.690623 0.504877
v -18.746019 4.745679 0.761390
v -18.644384 4.515657 4.145487
v -18.420632 4.541691 4.434709
v -18.304948 4.805272 0.111262
v -18.396784 4.978068 0.519772
v -18.654062 5.000950 0.956802
v -18.713772 5.168121 1.409474
v -18.718705 5.181697 3.646785
v -18.619506 4.998496 3.988072
v -18.277115 4.778468 4.279068
v -18.282559 5.337989 0.677134
v -18.381980 5.502521 0.984419
v -18.616743 5.450320 1.546619
v -18.638576 5.526846 2.000279
v -18.668495 5.577064 2.499587
v -18.660942 5.571650 3.001474
v -18.538776 5.511856 3.522898
v -18.377967 5.392991 3.834611
v -18.313673 5.893874 1.130628
v -18.384541 6.047077 1.477637
v -18.414580 5.997359 1.999081
v -18.421105 5.995662 2.500360
v -18.367758 6.022019 2.968207
v -18.359420 5.892620 3.392951
v -18.274407 6.279780 1.638595
v -18.290762 6.291075 2.001696
v -18.249270 6.259337 2.499805
v -18.262105 6.262601 2.782681
v -18.764176 -0.254933 1.208844
v -18.764423 -0.256474 1.278924
v -18.999381 0.101570 -1.929796
v -18.999643 -0.067889 -1.505757
v -18.999985 -0.099411 -0.999949
v -18.999750 -0.098273 -0.499860
v -18.999486 -0.119286 0.000362
v -19.000215 -0.160866 0.499860
v -18.959844 -0.212324 1.024715
v -18.962963 -0.216270 1.469774
v -19.009872 -0.060334 2.022467
v -19.005084 0.167229 2.363237
v -18.999080 0.624810 -2.329622
v -18.998337 0.357868 -2.192029
v -19.040125 0.451290 2.642859
v -18.861035 0.640276 3.011029
v -18.766043 0.732664 3.271550
v -18.999511 0.997201 -2.439683
v -19.231722 0.814432 2.733364
v -19.116257 0.954361 3.038212
v -18.846898 0.974985 3.386907
v -19.000068 1.500090 -2.493044
v -19.193560 1.445378 3.227048
v -18.929631 1.457311 3.596288
v -18.798551 1.632444 3.795951
v -19.000083 2.001088 -2.498255
v -19.233069 1.996792 3.176551
v -19.129801 1.961867 3.606113
v -18.901158 1.958803 3.887392
v -18.999577 2.503661 -2.433342
v -19.232647 2.500042 3.154561
v -19.168915 2.490322 3.586096
v -18.992466 2.464656 3.989506
v -18.999981 2.887203 -2.331996
v -19.000369 3.149663 -2.198711
v -19.226647 3.002487 3.089820
v -19.174901 2.982892 3.555091
v -18.863098 2.951092 4.049423
v -18.865264 3.064090 4.379994
v -18.998716 3.412728 -1.931506
v -18.999710 3.657057 -1.589224
v -19.241550 3.624217 2.662256
v -19.215977 3.488769 2.992696
v -19.175701 3.506451 3.529746
v -19.165852 3.478533 4.140668
v -18.984929 3.601373 4.507118
v -19.000031 3.803321 -1.334600
v -18.999351 3.984121 -0.997316
v -19.011295 4.191575 -0.517629
v -19.198493 4.254309 -0.117114
v -19.249553 4.248138 1.222652
v -19.244190 4.224082 1.500424
v -19.235449 4.151206 2.001732
v -19.222319 4.007038 2.507058
v -19.184885 4.038677 3.027232
v -19.150403 4.029580 3.527750
v -18.885055 4.035116 4.125143
v -18.781902 3.847094 4.335397
v -18.850108 4.297498 -0.360296
v -19.019512 4.369241 0.026743
v -19.010004 4.484899 0.495386
v -19.064071 4.561093 0.982000
v -19.132576 4.561580 1.492310
v -19.151748 4.559279 2.002302
v -19.132979 4.548072 2.508389
v -19.088773 4.536478 3.013994
v -19.020035 4.541842 3.523829
v -18.901038 4.540057 3.915890
v -18.805054 4.844663 1.090030
v -18.818190 5.004493 1.544003
v -18.893519 5.018470 1.995689
v -18.928518 5.028242 2.497989
v -18.925951 5.033300 3.005217
v -18.863473 5.032523 3.503108
v -18.812902 4.855588 3.816867
v -18.751899 5.254041 1.742490
v -18.774636 5.290273 1.998618
v -18.794446 5.337119 2.498674
v -18.788680 5.327949 3.002000
v -18.773455 5.288187 3.306586
v -19.500000 0.101106 -1.934350
v -19.500000 -0.069436 -1.505454
v -19.500000 -0.099328 -0.999930
v -19.500000 -0.091209 -0.500007
v -19.500000 -0.087622 0.000000
v -19.499997 -0.091212 0.500203
v -19.499992 -0.099333 1.000254
v -19.499994 -0.070837 1.498107
v -19.466580 0.146496 2.001619
v -19.273463 0.243793 2.257452
v -19.500000 0.609048 -2.336972
v -19.500000 0.343841 -2.193600
v -19.615787 0.332470 2.184980
v -19.455736 0.526833 2.306837
v -19.500000 0.998634 -2.451730
v -19.433662 1.025404 2.477685
v -19.269587 1.158826 2.796785
v -19.500000 1.500174 -2.504793
v -19.582202 1.508454 2.505264
v -19.283136 1.502653 2.853123
v -19.500000 1.999900 -2.493615
v -19.599274 1.986556 2.494866
v -19.287549 1.998628 2.893494
v -19.500000 2.501616 -2.427403
v -19.578263 2.467910 2.433321
v -19.279461 2.497208 2.883196
v -19.500000 2.884056 -2.325991
v -19.500000 3.140903 -2.193274
v -19.700451 3.156243 2.182722
v -19.549327 2.928533 2.308046
v -19.264777 2.998534 2.824532
v -19.500000 3.421261 -1.938306
v -19.500000 3.661854 -1.584053
v -19.678004 3.646025 1.612409
v -19.592145 3.420384 1.939328
v -19.282064 3.464497 2.482758
v -19.253109 3.288621 2.771567
v -19.500000 3.788666 -1.328514
v -19.499998 3.920662 -0.996808
v -19.499980 4.051963 -0.494504
v -19.438769 4.103261 0.032947
v -19.517256 4.053744 0.484132
v -19.389931 3.985548 0.990923
v -19.506802 3.757302 1.396570
v -19.284301 3.880944 1.992126
v -19.261163 3.810085 2.324591
v -19.256673 4.252525 0.222487
v -19.262039 4.258782 0.500023
v -19.257540 4.258694 0.889075
v -20.000000 0.101318 -1.934672
v -20.000000 -0.069438 -1.505445
v -20.000000 -0.099328 -0.999929
v -20.000000 -0.091209 -0.499980
v -20.000000 -0.087622 0.000000
v -20.000000 -0.091209 0.499980
v -20.000000 -0.099328 0.999929
v -20.000000 -0.069438 1.505445
v -20.000000 0.101318 1.934672
v -20.000000 0.607997 -2.336538
v -20.000000 0.342985 -2.192959
v -20.000000 0.342985 2.192959
v -20.000000 0.607997 2.336538
v -20.000000 0.998976 -2.451794
v -20.000000 0.998976 2.451794
v -20.000000 1.500235 -2.504796
v -20.000000 1.500235 2.504796
v -20.000000 1.999903 -2.493615
v -20.000000 1.999903 2.493615
v -20.000000 2.501784 -2.427373
v -20.000000 2.501784 2.427373
v -20.000000 2.882664 -2.326525
v -20.000000 3.140114 -2.193808
v -20.000000 3.140114 2.193808
v -20.000000 2.882664 2.326525
v -20.000000 3.421503 -1.938023
v -20.000000 3.662922 -1.582112
v -20.000000 3.662922 1.582112
v -20.000000 3.421503 1.938023
v -20.000000 3.789063 -1.327630
v -20.000000 3.918724 -1.002389
v -20.000000 4.050795 -0.501186
v -20.000000 4.094719 0.000000
v -20.000000 4.050795 0.501186
v -20.000000 3.918724 1.002389
v -20.000000 3.789063 1.327630
vt -0.990881 -0.496839
vt -1.006249 -0.367334
vt -1.008940 -0.237069
vt -1.008209 -0.113138
vt -1.007886 0.011391
vt -1.008209 0.136852
vt -1.008940 0.262895
vt -1.006249 0.385388
vt -0.990881 0.470497
vt -0.945280 -0.663174
vt -0.969131 -0.592828
vt -0.969131 0.503652
vt -0.945280 0.505095
vt -0.910092 -0.742815
vt -0.910092 0.483081
vt -0.864979 -0.821230
vt -0.864979 0.431168
vt -0.820009 -0.883391
vt -0.820009 0.363416
vt -0.774839 -0.932075
vt -0.774839 0.281611
vt -0.740560 -0.956378
vt -0.717390 -0.956667
vt -0.717390 0.140237
vt -0.740560 0.206885
vt -0.692065 -0.929301
vt -0.670337 -0.871708
vt -0.670337 -0.080652
vt -0.692065 0.039710
vt -0.658984 -0.824486
vt -0.647315 -0.760031
vt -0.635428 -0.651900
vt -0.631475 -0.532314
vt -0.635428 -0.401307
vt -0.647315 -0.258837
vt -0.658984 -0.160671
vt -0.865871 -0.496898
vt -0.881250 -0.367324
vt -0.883940 -0.237070
vt -0.883209 -0.113138
vt -0.882886 0.011391
vt -0.883209 0.136856
vt -0.883940 0.262911
vt -0.881295 0.384802
vt -0.864827 0.473329
vt -0.820331 -0.663042
vt -0.844178 -0.592662
vt -0.845306 0.502862
vt -0.822154 0.505619
vt -0.785087 -0.742826
vt -0.757014 0.484257
vt -0.702046 0.528301
vt -0.739989 -0.821213
vt -0.748650 0.430217
vt -0.681976 0.503274
vt -0.694989 -0.883415
vt -0.711837 0.365464
vt -0.639084 0.448073
vt -0.649818 -0.932095
vt -0.662890 0.287502
vt -0.591840 0.377980
vt -0.615567 -0.956375
vt -0.592411 -0.956676
vt -0.636071 0.135369
vt -0.590096 0.207907
vt -0.561804 0.328989
vt -0.567088 -0.929343
vt -0.545289 -0.871533
vt -0.581059 -0.070881
vt -0.561172 0.037837
vt -0.520471 0.149735
vt -0.533943 -0.824289
vt -0.522309 -0.759995
vt -0.510409 -0.651615
vt -0.506475 -0.532314
vt -0.510309 -0.403271
vt -0.521566 -0.265755
vt -0.529319 -0.128330
vt -0.478670 -0.031343
vt -0.740931 -0.495055
vt -0.756214 -0.367431
vt -0.759036 -0.236907
vt -0.758307 -0.112998
vt -0.758142 0.011758
vt -0.758616 0.137504
vt -0.760558 0.265289
vt -0.761217 0.391075
vt -0.752721 0.506775
vt -0.701705 0.551602
vt -0.694476 -0.666301
vt -0.717784 -0.593342
vt -0.781824 0.527438
vt -0.711614 0.566597
vt -0.641894 0.620237
vt -0.659886 -0.741772
vt -0.712296 0.571602
vt -0.651849 0.612474
vt -0.597384 0.687054
vt -0.614888 -0.817251
vt -0.656042 0.596554
vt -0.595180 0.697487
vt -0.565495 0.744762
vt -0.570006 -0.879627
vt -0.623905 0.548808
vt -0.598509 0.633497
vt -0.559525 0.724529
vt -0.524822 -0.931668
vt -0.575007 0.463437
vt -0.564037 0.557561
vt -0.513020 0.707435
vt -0.465533 0.761776
vt -0.490268 -0.957896
vt -0.467081 -0.958777
vt -0.527625 0.267970
vt -0.528887 0.367555
vt -0.511952 0.488486
vt -0.501223 0.609748
vt -0.446057 0.751344
vt -0.405081 0.841911
vt -0.396907 0.899842
vt -0.442129 -0.930733
vt -0.420194 -0.870176
vt -0.475435 0.063022
vt -0.474205 0.177699
vt -0.466310 0.296521
vt -0.453842 0.417669
vt -0.461912 0.551706
vt -0.451669 0.690271
vt -0.432266 0.804938
vt -0.405289 0.890131
vt -0.409772 -0.821146
vt -0.397984 -0.758308
vt -0.382524 -0.655529
vt -0.362825 -0.540034
vt -0.384941 -0.421240
vt -0.392045 -0.292611
vt -0.393982 -0.161697
vt -0.408451 -0.020485
vt -0.381756 0.099307
vt -0.387551 0.222688
vt -0.391156 0.350908
vt -0.391130 0.478012
vt -0.359441 0.641331
vt -0.351753 0.735942
vt -0.364672 0.841125
vt -0.309323 -0.501225
vt -0.315318 -0.429846
vt -0.317704 -0.310156
vt -0.312524 -0.183902
vt -0.307794 -0.056263
vt -0.303659 0.066807
vt -0.309984 0.174610
vt -0.312583 0.293424
vt -0.316630 0.422617
vt -0.322280 0.538084
vt -0.616389 -0.490467
vt -0.630967 -0.367675
vt -0.633543 -0.237648
vt -0.632878 -0.113611
vt -0.633111 0.011755
vt -0.635303 0.140074
vt -0.639234 0.270631
vt -0.641679 0.398499
vt -0.632376 0.511342
vt -0.595403 0.596812
vt -0.540050 0.655073
vt -0.565523 -0.659429
vt -0.588323 -0.590070
vt -0.612956 0.614058
vt -0.576774 0.679637
vt -0.520385 0.786022
vt -0.498688 0.904170
vt -0.522123 1.038368
vt -0.533406 1.171020
vt -0.521822 1.244582
vt -0.535022 -0.724812
vt -0.589955 0.678122
vt -0.563277 0.746419
vt -0.520591 0.870355
vt -0.523143 0.994853
vt -0.526109 1.119606
vt -0.504851 1.218869
vt -0.489948 -0.798601
vt -0.566168 0.750007
vt -0.546504 0.806947
vt -0.479864 0.929927
vt -0.491096 1.056768
vt -0.464570 1.186467
vt -0.409946 1.223645
vt -0.445706 -0.885283
vt -0.484149 0.770886
vt -0.441067 0.857195
vt -0.432455 0.995967
vt -0.447056 1.115534
vt -0.398473 1.231435
vt -0.369242 1.281046
vt -0.400005 -0.929425
vt -0.481791 0.763306
vt -0.438547 0.807768
vt -0.440359 0.923916
vt -0.443130 1.054872
vt -0.399109 1.180669
vt -0.343437 1.243757
vt -0.366013 -0.954187
vt -0.342122 -0.956237
vt -0.435888 0.822802
vt -0.414695 0.875889
vt -0.405541 0.972342
vt -0.368143 1.115495
vt -0.305517 1.187323
vt -0.318040 -0.924869
vt -0.294477 -0.878363
vt -0.372260 0.950119
vt -0.315311 1.043315
vt -0.264883 1.134196
vt -0.282269 -0.828778
vt -0.268834 -0.759573
vt -0.242305 -0.650650
vt -0.269075 -0.583304
vt -0.303653 0.634617
vt -0.292942 0.708586
vt -0.305647 0.857666
vt -0.246888 0.985211
vt -0.238528 1.087313
vt -0.184511 -0.615948
vt -0.228340 -0.556541
vt -0.229480 -0.442548
vt -0.223448 -0.332998
vt -0.198730 -0.198136
vt -0.226702 -0.086122
vt -0.238696 0.040531
vt -0.258221 0.144762
vt -0.254388 0.264657
vt -0.210084 0.393277
vt -0.232521 0.553345
vt -0.202344 0.659045
vt -0.208050 0.791285
vt -0.215622 0.924396
vt -0.135023 -0.183055
vt -0.144549 -0.130881
vt -0.160112 -0.022530
vt -0.174712 0.099694
vt -0.166357 0.234486
vt -0.165845 0.325242
vt -0.139093 0.672559
vt -0.149359 0.739413
vt -0.163439 0.836972
vt -0.490817 -0.493134
vt -0.505465 -0.368045
vt -0.508029 -0.238414
vt -0.507644 -0.113873
vt -0.509235 0.013533
vt -0.513800 0.144774
vt -0.518704 0.276784
vt -0.522634 0.407165
vt -0.514390 0.521962
vt -0.497245 0.621704
vt -0.473627 0.708986
vt -0.422786 0.842124
vt -0.420792 0.968863
vt -0.432156 1.097517
vt -0.428103 1.191014
vt -0.443136 -0.658553
vt -0.468464 -0.589426
vt -0.504399 0.730616
vt -0.483603 0.826756
vt -0.483174 0.941778
vt -0.483381 1.072728
vt -0.466266 1.214728
vt -0.457352 1.311586
vt -0.411247 1.393455
vt -0.409688 -0.719305
vt -0.431086 1.252938
vt -0.403345 1.386214
vt -0.364831 1.450311
vt -0.362879 -0.799038
vt -0.421381 1.231401
vt -0.373190 1.287966
vt -0.324008 1.417924
vt -0.284047 1.465309
vt -0.322027 -0.904678
vt -0.380438 1.289174
vt -0.339311 1.356195
vt -0.256449 1.469266
vt -0.237833 1.523880
vt -0.275216 -0.930535
vt -0.293601 1.300796
vt -0.252273 1.425666
vt -0.233906 1.514839
vt -0.247283 -0.931275
vt -0.225161 -0.936424
vt -0.262921 1.249221
vt -0.218368 1.358578
vt -0.183153 1.457322
vt -0.193956 -0.933959
vt -0.170626 -0.883868
vt -0.228701 1.201334
vt -0.210568 1.297074
vt -0.174361 1.425538
vt -0.153841 -0.841574
vt -0.120588 -0.772248
vt -0.149141 -0.693981
vt -0.176640 1.007123
vt -0.175339 1.104133
vt -0.111398 1.233116
vt -0.116097 1.338302
vt -0.059882 -0.747949
vt -0.103750 -0.678463
vt -0.097471 -0.583891
vt -0.083082 -0.477525
vt -0.121301 -0.357350
vt -0.127904 -0.260982
vt -0.130855 0.437765
vt -0.128354 0.517181
vt -0.131085 0.590458
vt -0.147680 0.966068
vt -0.104613 1.035139
vt -0.076517 1.156279
vt -0.026766 -0.465124
vt -0.045186 -0.388803
vt -0.080243 -0.259808
vt -0.040883 -0.163120
vt -0.077402 -0.051839
vt -0.082590 0.071564
vt -0.074558 0.200008
vt -0.088032 0.324926
vt -0.020991 0.467119
vt -0.070955 0.611482
vt -0.048406 0.705157
vt -0.067480 0.874060
vt -0.045922 0.987898
vt -0.034732 1.084991
vt 0.020115 -0.142494
vt 0.000692 -0.075286
vt -0.006479 0.049423
vt 0.008522 0.179556
vt 0.016539 0.298811
vt 0.032619 0.382539
vt -0.373578 0.317820
vt -0.373907 0.378170
vt -0.368171 -0.501941
vt -0.382571 -0.365850
vt -0.384665 -0.236046
vt -0.385514 -0.109779
vt -0.387450 0.018261
vt -0.390713 0.148351
vt -0.406053 0.275830
vt -0.408086 0.414800
vt -0.390589 0.522987
vt -0.378080 0.630054
vt -0.366578 0.737694
vt -0.359446 0.853089
vt -0.361403 0.980205
vt -0.367274 1.111373
vt -0.374172 1.239044
vt -0.331090 1.350506
vt -0.299713 1.418274
vt -0.329238 -0.670519
vt -0.351958 -0.592127
vt -0.411933 1.270983
vt -0.382749 1.335299
vt -0.332778 1.439593
vt -0.294124 1.516750
vt -0.287650 -0.763549
vt -0.362134 1.455902
vt -0.279785 1.489907
vt -0.209120 1.533251
vt -0.240642 -0.838226
vt -0.262475 1.444820
vt -0.227021 1.533862
vt -0.171175 1.609219
vt -0.189702 -0.927191
vt -0.242299 1.530610
vt -0.185238 1.602730
vt -0.114428 1.649385
vt -0.136936 -0.940905
vt -0.076335 -0.920306
vt -0.163277 1.576296
vt -0.095666 1.615565
vt -0.157408 -0.926071
vt -0.103277 -0.916375
vt -0.138929 1.533172
vt -0.071019 1.577071
vt -0.050756 -0.926867
vt -0.038313 -0.913713
vt -0.059378 1.470292
vt -0.032029 1.514514
vt -0.023621 -0.864455
vt 0.004001 -0.809573
vt -0.046538 1.263491
vt -0.008306 1.334699
vt 0.012737 -0.758388
vt 0.017934 -0.688817
vt 0.023862 -0.579198
vt 0.045982 -0.516659
vt 0.025149 1.224967
vt 0.052925 1.266987
vt 0.082282 -0.496706
vt 0.069959 -0.390398
vt 0.054312 -0.295951
vt 0.041759 -0.217034
vt 0.036163 0.477448
vt 0.051273 0.585329
vt 0.047251 0.704706
vt 0.064734 0.821991
vt 0.088561 0.953040
vt 0.077176 1.083082
vt 0.157072 -0.505006
vt 0.156286 -0.437270
vt 0.142087 -0.316409
vt 0.104009 -0.186745
vt 0.118695 -0.072252
vt 0.126347 0.034182
vt 0.126736 0.134980
vt 0.085498 0.271664
vt 0.108657 0.413322
vt 0.143558 0.544771
vt 0.136761 0.675947
vt 0.138722 0.809989
vt 0.155540 0.881849
vt 0.176317 0.133538
vt 0.164706 0.210160
vt 0.185676 0.335818
vt -0.242076 0.180588
vt -0.282464 0.282613
vt -0.283265 0.418111
vt -0.245254 0.483861
vt -0.187619 -0.596149
vt -0.238350 -0.527027
vt -0.258289 -0.364251
vt -0.261438 -0.233519
vt -0.262755 -0.106256
vt -0.268307 0.026102
vt -0.276390 0.142714
vt -0.324981 0.233233
vt -0.327113 0.459870
vt -0.276762 0.522256
vt -0.256644 0.634740
vt -0.247410 0.746258
vt -0.245886 0.868449
vt -0.248331 0.996610
vt -0.252033 1.127012
vt -0.249134 1.248230
vt -0.247159 1.369262
vt -0.231137 1.473917
vt -0.179390 1.542535
vt -0.214094 -0.665895
vt -0.269161 -0.592053
vt -0.257857 1.495318
vt -0.216672 1.577033
vt -0.168632 1.636346
vt -0.107109 -0.846221
vt -0.159156 -0.793811
vt -0.227454 1.567442
vt -0.173598 1.602526
vt -0.077905 -0.890103
vt -0.139569 -0.864508
vt -0.109356 1.575603
vt -0.086005 1.651468
vt -0.037556 1.715634
vt -0.037693 -0.919526
vt -0.067612 -0.902105
vt -0.116123 1.679738
vt -0.060045 1.693096
vt -0.027441 -0.923801
vt -0.006932 -0.901124
vt -0.022575 1.642941
vt 0.016412 -0.880677
vt 0.059617 -0.832961
vt 0.015531 1.605690
vt -0.014115 -0.865980
vt 0.046743 -0.837470
vt 0.080471 1.447958
vt 0.057927 1.519132
vt 0.099930 -0.843574
vt 0.119369 -0.798883
vt 0.110161 1.347253
vt 0.136331 -0.761026
vt 0.141181 -0.691758
vt 0.164415 -0.575103
vt 0.139355 -0.532476
vt 0.166263 1.206906
vt 0.138719 1.247902
vt 0.240359 -0.602641
vt 0.164710 -0.567332
vt 0.205398 0.997333
vt 0.190102 1.081549
vt 0.271357 -0.643482
vt 0.246292 -0.578819
vt 0.233552 -0.468605
vt 0.221548 -0.354174
vt 0.217202 -0.232900
vt 0.212675 -0.113404
vt 0.211144 0.005544
vt 0.211360 0.080982
vt 0.208550 0.434988
vt 0.211153 0.510968
vt 0.207339 0.641846
vt 0.258310 0.756236
vt 0.224431 0.896675
vt 0.327458 -0.566708
vt 0.319486 -0.512122
vt 0.309595 -0.419999
vt 0.305266 -0.289118
vt 0.283838 -0.159538
vt 0.291018 -0.027297
vt 0.280491 0.066642
vt 0.265851 0.200507
vt 0.258072 0.350385
vt 0.285965 0.469904
vt 0.255623 0.614454
vt 0.341434 0.660708
vt 0.371671 -0.402329
vt 0.370455 -0.355561
vt 0.367053 0.069986
vt 0.343405 0.154151
vt 0.358452 0.293537
vt 0.370208 0.423729
vt 0.324566 0.506898
vt 0.350697 0.665256
vt 0.355210 0.743942
vt 0.406288 0.485522
vt 0.408017 0.577688
vt 0.397178 0.700466
vt 0.462843 0.491410
vt 0.462922 0.497439
vt -0.128959 0.057764
vt -0.162401 0.149795
vt -0.153765 0.291446
vt -0.154667 0.417990
vt -0.150010 0.500992
vt -0.103094 -0.596248
vt -0.117394 -0.512471
vt -0.137430 -0.360006
vt -0.138973 -0.229942
vt -0.140955 -0.101382
vt -0.160358 0.020422
vt -0.209235 0.096068
vt -0.144581 0.555572
vt -0.134684 0.638828
vt -0.124642 0.749307
vt -0.124894 0.874618
vt -0.126980 1.002778
vt -0.127834 1.129098
vt -0.126085 1.251853
vt -0.126514 1.376876
vt -0.119264 1.491711
vt -0.103871 1.596799
vt -0.051971 1.665448
vt -0.081666 -0.689292
vt -0.129782 1.617909
vt -0.065880 1.679629
vt 0.003678 1.716225
vt -0.041771 -0.856421
vt -0.055986 -0.789706
vt -0.069753 1.675435
vt -0.002252 1.712072
vt -0.003103 -0.970526
vt -0.069149 1.645167
vt -0.012765 1.707396
vt 0.024034 1.744579
vt 0.043318 -0.973202
vt 0.063906 -0.928276
vt 0.049258 1.751166
vt 0.084444 -0.887049
vt 0.099389 -0.844166
vt 0.111321 1.713329
vt 0.177646 1.714014
vt 0.132427 -0.830286
vt 0.156086 -0.818224
vt 0.153874 1.673336
vt 0.185662 1.702545
vt 0.190118 -0.821523
vt 0.169369 1.443107
vt 0.193160 1.525850
vt 0.214270 -0.804428
vt 0.237981 -0.779177
vt 0.239284 1.373113
vt 0.263967 1.451962
vt 0.262129 -0.756562
vt 0.282809 -0.688181
vt 0.282803 -0.631878
vt 0.257219 1.188200
vt 0.284503 1.248596
vt 0.363420 -0.740617
vt 0.290437 -0.673769
vt 0.286124 1.002960
vt 0.296703 1.100662
vt 0.363590 1.187405
vt 0.396695 -0.786613
vt 0.373137 -0.714907
vt 0.340761 -0.649597
vt 0.359458 0.789137
vt 0.368123 0.909807
vt 0.357362 1.052240
vt 0.404191 1.139904
vt 0.445793 -0.706642
vt 0.401725 -0.642923
vt 0.419030 -0.545201
vt 0.376909 -0.479980
vt 0.377099 -0.265810
vt 0.381027 -0.182544
vt 0.382024 -0.056233
vt 0.375582 0.002695
vt 0.394624 0.742162
vt 0.449451 0.800174
vt 0.469067 -0.556226
vt 0.451060 -0.474084
vt 0.421667 -0.339031
vt 0.445445 -0.220815
vt 0.441763 -0.089865
vt 0.427637 0.026468
vt 0.424055 0.129862
vt 0.434647 0.262644
vt 0.441297 0.409550
vt 0.427882 0.460440
vt 0.400291 0.727703
vt 0.450413 0.772306
vt 0.553261 -0.490206
vt 0.503940 -0.415924
vt 0.495762 -0.286035
vt 0.503607 -0.159936
vt 0.480428 -0.034484
vt 0.477857 0.082357
vt 0.504827 0.210032
vt 0.519014 0.352773
vt 0.509431 0.436441
vt 0.478269 0.592183
vt 0.507607 0.690489
vt 0.586115 -0.514836
vt 0.576494 -0.454138
vt 0.583362 -0.333664
vt 0.596490 -0.218553
vt 0.560285 -0.105395
vt 0.553491 0.030258
vt 0.556151 0.168658
vt 0.570507 0.278964
vt 0.532653 0.446037
vt 0.539697 0.533342
vt 0.576466 0.623952
vt 0.001259 -0.043237
vt -0.036851 0.025173
vt -0.029945 0.167880
vt -0.032714 0.297081
vt -0.030235 0.418667
vt -0.026352 0.519045
vt 0.017191 -0.599154
vt 0.005228 -0.509955
vt -0.011112 -0.360046
vt -0.017045 -0.225687
vt -0.031292 -0.090868
vt -0.081795 -0.029287
vt -0.020913 0.573523
vt -0.012882 0.643173
vt -0.002305 0.753168
vt -0.000400 0.876126
vt -0.003714 1.005237
vt -0.005576 1.132931
vt -0.004476 1.256748
vt -0.004635 1.381671
vt -0.000430 1.500543
vt 0.004698 1.617633
vt 0.015268 1.698919
vt 0.046583 -0.679876
vt 0.023776 1.748629
vt 0.059490 1.789882
vt 0.129936 1.840094
vt 0.098319 -0.847380
vt 0.096390 -0.788472
vt 0.070387 1.762899
vt 0.130051 1.824230
vt 0.137973 -0.905835
vt 0.163005 -0.848810
vt 0.057658 1.765641
vt 0.131750 1.809582
vt 0.193887 1.867009
vt 0.171257 -0.976521
vt 0.197307 -0.954645
vt 0.134711 1.802551
vt 0.193109 1.846379
vt 0.207240 -0.888992
vt 0.230678 -0.816017
vt 0.158580 1.755850
vt 0.220232 1.749974
vt 0.260047 -0.831622
vt 0.284092 -0.818226
vt 0.280545 1.648828
vt 0.256687 1.704732
vt 0.336734 -0.837694
vt 0.395425 -0.799619
vt 0.321207 1.572203
vt 0.314744 -0.814792
vt 0.359037 -0.764489
vt 0.348389 1.377128
vt 0.371665 1.430112
vt 0.415026 -0.757038
vt 0.392763 -0.741182
vt 0.411641 1.309228
vt 0.440303 1.386732
vt 0.467452 -0.870163
vt 0.435010 -0.798778
vt 0.510073 1.123312
vt 0.450747 1.172887
vt 0.522406 -0.913598
vt 0.506009 -0.854411
vt 0.475806 -0.760795
vt 0.510376 0.923900
vt 0.490770 1.055789
vt 0.435429 1.135499
vt 0.566795 -0.856984
vt 0.531749 -0.743835
vt 0.547717 -0.666627
vt 0.513978 -0.606694
vt 0.548252 0.833850
vt 0.610540 -0.642340
vt 0.583190 -0.596712
vt 0.558201 -0.536681
vt 0.586920 0.787588
vt 0.660234 -0.589201
vt 0.628458 -0.561888
vt 0.590283 0.369412
vt 0.590512 0.373183
vt 0.696042 0.610861
vt 0.646873 0.697043
vt 0.682855 -0.556734
vt 0.670138 -0.485768
vt 0.652717 -0.373225
vt 0.644332 -0.250910
vt 0.630223 -0.135422
vt 0.656539 0.003628
vt 0.697429 0.143903
vt 0.655998 0.297217
vt 0.648382 0.405964
vt 0.663077 0.539889
vt 0.612485 0.624043
vt 0.757826 -0.574974
vt 0.752544 -0.514244
vt 0.734301 -0.400205
vt 0.712976 -0.261615
vt 0.720042 -0.159597
vt 0.734379 -0.017811
vt 0.755509 0.084926
vt 0.057516 -0.043032
vt 0.098323 0.031935
vt 0.096575 0.166062
vt 0.092695 0.296758
vt 0.091797 0.422943
vt 0.108141 0.547811
vt 0.161701 0.596033
vt 0.097812 -0.596975
vt 0.128662 -0.521068
vt 0.118080 -0.364573
vt 0.107774 -0.225637
vt 0.101920 -0.089670
vt 0.141610 -0.016418
vt 0.078543 0.586604
vt 0.116997 0.640488
vt 0.114684 0.764334
vt 0.118253 0.883938
vt 0.118374 1.009108
vt 0.118163 1.134808
vt 0.115201 1.263209
vt 0.116566 1.387072
vt 0.120675 1.506354
vt 0.125979 1.623753
vt 0.128684 1.742724
vt 0.169668 1.799370
vt 0.144107 -0.646565
vt 0.207003 -0.620958
vt 0.091675 1.775962
vt 0.151378 1.820841
vt 0.188514 1.860914
vt 0.212309 -0.744017
vt 0.271592 -0.696059
vt 0.199973 1.896299
vt 0.248203 1.960125
vt 0.266524 -0.790417
vt 0.302440 -0.733126
vt 0.194427 1.877709
vt 0.246593 1.923658
vt 0.322710 -0.877134
vt 0.361198 -0.811648
vt 0.386985 1.769639
vt 0.327298 1.837488
vt 0.287661 -0.887982
vt 0.343057 -0.816691
vt 0.394961 -0.717704
vt 0.434305 -0.669436
vt 0.391756 1.766020
vt 0.358904 1.757833
vt 0.316796 -0.802019
vt 0.377779 -0.718951
vt 0.434223 -0.669748
vt 0.408259 1.653270
vt 0.392980 1.724041
vt 0.438408 -0.792220
vt 0.449879 -0.768954
vt 0.439902 1.562853
vt 0.496072 -0.724970
vt 0.484239 1.472768
vt 0.508913 -0.815171
vt 0.511976 1.319773
vt 0.524644 1.385311
vt 0.564872 -0.923547
vt 0.559988 1.128229
vt 0.583136 1.210751
vt 0.609997 1.323299
vt 0.602448 -0.957550
vt 0.580796 -0.934579
vt 0.582290 0.937438
vt 0.612737 1.036556
vt 0.646890 1.128292
vt 0.668901 -0.951978
vt 0.635949 -0.903589
vt 0.654847 -0.761028
vt 0.680077 -0.719741
vt 0.632165 0.879202
vt 0.695964 0.908316
vt 0.698603 -0.720229
vt 0.675602 -0.663052
vt 0.712848 0.800933
vt 0.743407 0.873771
vt 0.777129 -0.739367
vt 0.761472 -0.651746
vt 0.725598 -0.612050
vt 0.833613 0.491111
vt 0.761876 0.572964
vt 0.733165 0.686493
vt 0.838864 -0.681597
vt 0.777182 -0.620427
vt 0.873533 0.035049
vt 0.818593 0.104112
vt 0.805529 0.251192
vt 0.795862 0.419028
vt 0.748109 0.508312
vt 0.879084 -0.707963
vt 0.841669 -0.637320
vt 0.862317 -0.558703
vt 0.871145 -0.409524
vt 0.843566 -0.293346
vt 0.844815 -0.159431
vt 0.852759 -0.034232
vt 0.822639 0.104773
vt 0.852564 0.193601
vt 0.917769 -0.550229
vt 0.920207 -0.483197
vt 0.189240 0.069849
vt 0.227645 0.156499
vt 0.218688 0.295809
vt 0.219065 0.420506
vt 0.211733 0.536681
vt 0.165949 0.595887
vt 0.262017 -0.495608
vt 0.238551 -0.365471
vt 0.239120 -0.234454
vt 0.236521 -0.106111
vt 0.232542 0.025575
vt 0.274921 0.106236
vt 0.253113 0.566432
vt 0.251515 0.643534
vt 0.261396 0.756427
vt 0.254543 0.867871
vt 0.253291 1.000207
vt 0.271120 1.110096
vt 0.244614 1.260688
vt 0.242456 1.386368
vt 0.246083 1.505887
vt 0.249737 1.625396
vt 0.254401 1.743651
vt 0.261432 1.831663
vt 0.299940 -0.600098
vt 0.334791 0.650228
vt 0.337933 0.709394
vt 0.333832 0.825203
vt 0.337614 0.957412
vt 0.330887 1.038820
vt 0.274677 1.877335
vt 0.306181 1.894351
vt 0.338848 -0.668373
vt 0.323405 1.939644
vt 0.349660 1.964496
vt 0.340972 -0.782339
vt 0.374446 -0.730605
vt 0.393759 1.949431
vt 0.350268 -0.794523
vt 0.404749 -0.732452
vt 0.474449 -0.675976
vt 0.449240 1.761753
vt 0.412852 1.840792
vt 0.403200 -0.744678
vt 0.440263 -0.658311
vt 0.475621 -0.626951
vt 0.461559 1.759448
vt 0.485191 1.735364
vt 0.488257 -0.719113
vt 0.505717 -0.678412
vt 0.524544 1.647554
vt 0.500797 1.699127
vt 0.511366 -0.754245
vt 0.565890 -0.747232
vt 0.565778 1.569519
vt 0.609187 -0.754761
vt 0.611976 1.491725
vt 0.656042 -0.841310
vt 0.655035 1.426533
vt 0.781324 -0.995553
vt 0.716874 -0.993376
vt 0.713096 1.237423
vt 0.686268 1.338456
vt 0.783466 -0.995925
vt 0.762833 -0.991898
vt 0.806267 -0.921083
vt 0.720340 1.058972
vt 0.745566 1.138895
vt 0.727359 -0.942749
vt 0.771876 -0.882184
vt 0.807877 -0.778995
vt 0.756399 -0.740342
vt 0.784353 0.974214
vt 0.845499 1.048365
vt 0.861945 -0.809895
vt 0.795545 -0.784233
vt 0.897743 0.067560
vt 0.885752 0.101696
vt 0.797061 0.798400
vt 0.807464 0.907371
vt 0.875699 0.987241
vt 0.910723 -0.824803
vt 0.887165 -0.793226
vt 0.866127 -0.718497
vt 0.957560 -0.130645
vt 0.944938 -0.034847
vt 0.910138 0.093917
vt 0.918716 0.174337
vt 0.842334 0.493357
vt 0.875602 0.579745
vt 0.869428 0.723708
vt 0.894920 0.861215
vt 0.917852 0.936416
vt 0.957161 -0.769466
vt 0.931427 -0.731166
vt 1.003168 -0.320450
vt 0.953044 -0.222678
vt 0.922011 -0.101270
vt 0.887169 0.019685
vt 0.929311 0.141496
vt 0.958424 0.246861
vt 0.926331 0.408413
vt 0.939949 0.507985
vt 0.953670 -0.750586
vt 0.971629 -0.690224
vt 0.931403 -0.628887
vt 0.986718 -0.378300
vt 0.924859 -0.278087
vt 0.892298 -0.138098
vt 0.891585 -0.052496
vt 0.912971 0.138653
vt 0.956370 0.245297
vt 1.008437 0.316147
vt 1.017728 -0.691982
vt 0.976007 -0.619378
vt 0.998270 -0.468730
vt 0.304813 0.192325
vt 0.313865 0.287102
vt 0.310652 0.413286
vt 0.300647 0.488707
vt 0.391124 -0.486183
vt 0.385401 -0.380747
vt 0.374995 -0.249650
vt 0.372864 -0.124537
vt 0.364784 0.014791
vt 0.354122 0.145751
vt 0.382428 0.278515
vt 0.381231 0.401132
vt 0.361959 0.516838
vt 0.390479 0.576798
vt 0.354953 1.142962
vt 0.389567 1.225520
vt 0.370883 1.381774
vt 0.372341 1.504186
vt 0.376328 1.622984
vt 0.377140 1.747176
vt 0.386854 1.867166
vt 0.435648 1.913294
vt 0.420329 -0.565951
vt 0.402579 0.569356
vt 0.381671 0.676492
vt 0.371678 0.792592
vt 0.382856 0.923749
vt 0.419144 1.059427
vt 0.448949 1.158073
vt 0.354622 1.899173
vt 0.414433 1.923482
vt 0.465366 -0.635861
vt 0.488216 0.522200
vt 0.445170 0.620335
vt 0.434676 0.744943
vt 0.448187 0.878194
vt 0.514840 0.948770
vt 0.466549 1.943476
vt 0.439898 1.932303
vt 0.521514 -0.685870
vt 0.546861 -0.617955
vt 0.543491 0.498868
vt 0.542061 0.558697
vt 0.526224 0.679495
vt 0.539219 0.808264
vt 0.542668 0.903978
vt 0.535570 1.852032
vt 0.481933 1.909888
vt 0.479314 -0.676940
vt 0.536788 -0.618725
vt 0.594087 -0.578702
vt 0.628027 0.541520
vt 0.626986 0.613748
vt 0.605553 0.700691
vt 0.547465 1.784136
vt 0.492932 1.835817
vt 0.519081 -0.609486
vt 0.571342 -0.580374
vt 0.639560 0.515374
vt 0.671496 0.558150
vt 0.668076 0.601785
vt 0.588071 1.756848
vt 0.607509 1.755603
vt 0.645222 -0.657036
vt 0.718363 0.392471
vt 0.703789 0.486193
vt 0.688840 0.574578
vt 0.619711 1.640437
vt 0.648124 1.680560
vt 0.749964 -0.812123
vt 0.688636 -0.764394
vt 0.729052 0.384259
vt 0.727384 0.409915
vt 0.692254 1.598075
vt 0.720751 1.634812
vt 0.785734 -0.850802
vt 0.725967 -0.784393
vt 0.749617 1.524677
vt 0.816337 1.512297
vt 0.806539 -0.937297
vt 0.775435 -0.870318
vt 0.745332 1.474498
vt 0.810605 1.504431
vt 0.820827 -0.959794
vt 0.822591 -0.958731
vt 0.789671 1.253531
vt 0.777620 1.358696
vt 0.845875 1.449691
vt 0.786251 -0.996224
vt 0.862197 -0.993129
vt 0.891621 -0.919868
vt 0.946168 0.071319
vt 0.903752 0.156142
vt 0.929575 0.229762
vt 0.820732 1.202502
vt 0.856599 1.288950
vt 0.910569 1.375420
vt 0.922397 -0.901136
vt 0.898641 -0.849106
vt 0.953175 0.002462
vt 0.899013 0.086998
vt 0.906267 0.240247
vt 0.959650 0.293797
vt 0.883101 1.121161
vt 0.952028 1.216544
vt 0.951813 1.316911
vt 0.995996 -0.895085
vt 0.953311 -0.874831
vt 0.978506 -0.083057
vt 0.906771 0.040039
vt 0.892508 0.168770
vt 0.987586 0.274476
vt 1.038215 0.316566
vt 1.002803 0.927313
vt 0.959943 1.021487
vt 0.997479 1.127091
vt 0.996444 -0.860022
vt 1.015035 -0.865959
vt 1.058738 -0.254571
vt 1.003795 -0.160328
vt 0.949647 -0.053301
vt 0.923189 0.164362
vt 0.968499 0.231901
vt 1.044702 0.295565
vt 0.973387 0.612612
vt 1.020720 0.711496
vt 0.991309 0.861490
vt 0.926603 0.936663
vt 1.057369 -0.811760
vt 1.033728 -0.752416
vt 1.072663 -0.314343
vt 1.016833 -0.234321
vt 0.995696 0.210777
vt 1.054805 0.257145
vt 1.007328 0.419649
vt 1.038373 0.532833
vt 1.077861 0.648750
vt 1.131277 -0.827587
vt 1.101941 -0.792437
vt 1.079453 -0.751319
vt 1.125969 -0.524831
vt 1.090823 -0.437151
vt 1.074674 0.281417
vt 1.060456 0.340091
vt 1.117005 0.433629
vt 1.166850 -0.767300
vt 1.134685 -0.727971
vt 1.129480 -0.592645
vt 1.086498 -0.501388
vt 0.483616 -0.482379
vt 0.495884 -0.388432
vt 0.501202 -0.276065
vt 0.519408 -0.150368
vt 0.498897 0.001754
vt 0.491947 0.136159
vt 0.490179 0.261079
vt 0.494340 0.382196
vt 0.500312 0.493293
vt 0.460490 0.530478
vt 0.509242 1.242173
vt 0.500422 1.374585
vt 0.499937 1.500107
vt 0.499032 1.626237
vt 0.502012 1.747069
vt 0.506784 1.865417
vt 0.517265 1.927334
vt 0.569546 -0.559501
vt 0.592897 -0.419106
vt 0.572831 -0.293961
vt 0.575707 -0.212208
vt 0.554528 0.484961
vt 0.536890 0.515234
vt 0.548971 1.079700
vt 0.525010 1.159190
vt 0.544451 1.938003
vt 0.580147 -0.585017
vt 0.624039 -0.544612
vt 0.589148 0.477315
vt 0.591544 0.988396
vt 0.588279 1.889684
vt 0.573700 -0.626258
vt 0.615243 -0.546673
vt 0.694840 -0.516478
vt 0.624106 0.446334
vt 0.650887 0.477841
vt 0.624301 0.822456
vt 0.642300 0.887136
vt 0.632612 1.806315
vt 0.616151 -0.554533
vt 0.674308 -0.527350
vt 0.675556 0.467225
vt 0.643831 0.628125
vt 0.665068 0.730692
vt 0.735511 0.794628
vt 0.683379 1.755082
vt 0.730892 -0.570522
vt 0.710560 0.424234
vt 0.671354 0.558709
vt 0.664247 0.679671
vt 0.763116 0.757906
vt 0.710540 1.749952
vt 0.731942 1.751703
vt 0.834381 -0.738726
vt 0.775197 -0.683092
vt 0.743264 0.354326
vt 0.703922 0.486090
vt 0.722567 0.609464
vt 0.804310 0.690161
vt 0.765680 1.737539
vt 0.815535 -0.798437
vt 0.759473 -0.742146
vt 0.793459 0.300730
vt 0.757880 0.425100
vt 0.812261 0.562464
vt 0.847302 0.640807
vt 0.785266 1.576642
vt 0.814326 1.634593
vt 0.863245 -0.891223
vt 0.879662 0.243519
vt 0.827341 0.355588
vt 0.878427 0.493626
vt 0.932961 0.523372
vt 0.852549 1.512072
vt 0.853355 1.511287
vt 0.903514 -0.919653
vt 0.946128 -0.918016
vt 0.909187 0.174097
vt 0.810083 0.316791
vt 0.872795 0.423150
vt 0.935846 0.517058
vt 0.911476 1.485930
vt 0.894051 1.498083
vt 0.869005 -0.930919
vt 0.936304 -0.935576
vt 0.951144 0.110217
vt 0.907633 0.223671
vt 0.973401 0.355849
vt 0.986202 0.437572
vt 0.956471 1.503940
vt 0.981980 -0.913351
vt 1.005623 -0.886623
vt 0.989781 0.052078
vt 0.906023 0.184779
vt 0.989368 0.295045
vt 1.046220 0.349314
vt 0.982387 1.425796
vt 1.041203 -0.886869
vt 1.031868 -0.055884
vt 0.970600 0.299406
vt 1.032162 0.340289
vt 1.042895 1.232782
vt 1.020096 1.324741
vt 1.084260 -0.900727
vt 1.059214 -0.921660
vt 1.120736 -0.193249
vt 1.081976 -0.128206
vt 1.063102 0.352666
vt 1.093819 0.349952
vt 1.063401 0.912144
vt 1.097640 1.049471
vt 1.071428 1.131218
vt 1.152285 -0.952226
vt 1.123567 -0.889501
vt 1.091045 -0.877382
vt 1.118234 -0.262697
vt 1.051976 -0.189539
vt 1.130437 0.326025
vt 1.094361 0.743198
vt 1.127539 0.824103
vt 1.169627 0.940600
vt 1.186327 -0.900981
vt 1.163352 -0.898009
vt 1.259889 -0.570018
vt 1.220580 -0.490851
vt 1.158744 -0.389305
vt 1.174175 0.302856
vt 1.155936 0.552661
vt 1.167618 0.654868
vt 1.181881 0.748281
vt 1.216168 -0.890594
vt 1.195700 -0.845242
vt 1.269944 -0.609023
vt 1.191043 -0.544969
vt 1.138186 -0.444023
vt 1.202450 0.283550
vt 1.223653 0.322103
vt 1.226297 0.473418
vt 1.253645 0.558011
vt 1.296838 -0.893880
vt 1.253369 -0.814588
vt 1.259783 -0.699931
vt 1.203040 -0.634620
vt 0.638905 -0.137357
vt 0.626378 -0.002113
vt 0.622044 0.129077
vt 0.623663 0.251852
vt 0.625328 0.375286
vt 0.638549 0.446851
vt 0.638571 1.253983
vt 0.622752 1.374903
vt 0.623054 1.502652
vt 0.624601 1.625985
vt 0.625153 1.749807
vt 0.627905 1.872870
vt 0.638175 1.948539
vt 0.636372 -0.541289
vt 0.730338 -0.523232
vt 0.666251 -0.299244
vt 0.650018 -0.212817
vt 0.680930 0.458459
vt 0.662241 0.476840
vt 0.679507 1.099447
vt 0.656711 1.165856
vt 0.663319 1.967083
vt 0.637987 -0.539068
vt 0.703934 -0.533852
vt 0.750566 0.460200
vt 0.719668 0.460706
vt 0.715280 1.006621
vt 0.715753 1.883041
vt 0.752278 -0.524873
vt 0.775135 -0.524543
vt 0.762666 0.454200
vt 0.777412 0.474990
vt 0.795373 0.832415
vt 0.743329 0.877408
vt 0.766579 1.778087
vt 0.804950 -0.549792
vt 0.805336 0.467902
vt 0.815863 0.775593
vt 0.753926 0.790402
vt 0.798908 1.771674
vt 0.849058 1.790413
vt 0.850200 -0.600069
vt 0.850012 0.416018
vt 0.892742 0.731254
vt 0.830142 0.756771
vt 0.772796 1.765642
vt 0.837028 1.785790
vt 0.868684 -0.737137
vt 0.895201 -0.690973
vt 0.893593 0.324185
vt 0.937608 0.696530
vt 0.909428 0.704947
vt 0.894540 1.772986
vt 0.937597 1.802345
vt 0.940337 -0.782880
vt 0.967497 -0.746729
vt 0.989098 0.203963
vt 0.936796 0.248282
vt 0.906874 0.576136
vt 0.934415 0.626802
vt 0.934529 1.707936
vt 0.961855 1.768691
vt 0.984642 -0.862925
vt 1.009950 0.145857
vt 0.951099 0.180764
vt 0.914239 0.565128
vt 0.976561 0.561213
vt 0.952006 1.500926
vt 0.987074 1.580379
vt 1.016148 -0.915312
vt 1.044236 -0.923070
vt 1.072196 0.096175
vt 1.004682 0.103874
vt 1.029132 0.522839
vt 0.963718 1.480388
vt 1.048160 1.491537
vt 1.075263 -0.915878
vt 1.115967 0.057526
vt 1.078250 0.042675
vt 1.035713 0.379782
vt 1.063253 0.444352
vt 1.080812 1.465125
vt 1.113710 -0.904497
vt 1.139723 -0.890259
vt 1.165960 -0.056669
vt 1.110133 -0.021242
vt 1.036413 0.378682
vt 1.092874 0.450602
vt 1.201054 0.442825
vt 1.123520 1.395905
vt 1.173114 -0.896590
vt 1.188901 -0.107315
vt 1.125242 -0.090698
vt 1.170546 0.400904
vt 1.204387 0.440224
vt 1.179598 1.238674
vt 1.151326 1.320600
vt 1.205832 -0.967075
vt 1.193220 -0.200874
vt 1.143918 -0.127956
vt 1.199009 0.355782
vt 1.227942 0.350409
vt 1.202973 1.029980
vt 1.217617 1.108974
vt 1.256455 -1.004717
vt 1.237535 -0.939176
vt 1.288419 -0.374590
vt 1.241469 -0.327300
vt 1.254858 0.319506
vt 1.240458 0.858922
vt 1.253905 0.964354
vt 1.286874 1.061173
vt 1.334662 -1.020254
vt 1.309748 -0.954443
vt 1.267605 -0.934372
vt 1.260107 -0.570099
vt 1.280555 -0.481316
vt 1.217318 -0.380122
vt 1.295253 0.321550
vt 1.357552 0.305606
vt 1.309058 0.650079
vt 1.292560 0.791106
vt 1.334638 0.872358
vt 1.367208 -0.972357
vt 1.339634 -0.962280
vt 1.329237 -0.597376
vt 1.361177 -0.591269
vt 1.274707 0.299290
vt 1.341783 0.325732
vt 1.332794 0.468910
vt 1.323352 0.562772
vt 1.374708 -0.935046
vt 1.384688 -0.853419
vt 1.378286 -0.720193
vt 0.794963 -0.227452
vt 0.752705 -0.156772
vt 0.750312 -0.001261
vt 0.747331 0.128863
vt 0.748747 0.251745
vt 0.749148 0.375221
vt 0.753494 0.473303
vt 0.754712 1.253543
vt 0.748313 1.376991
vt 0.747285 1.503938
vt 0.750550 1.624242
vt 0.750953 1.748590
vt 0.754852 1.868746
vt 0.764480 1.954057
vt 0.846107 -0.542949
vt 0.781871 -0.506205
vt 0.771135 -0.290598
vt 0.714500 -0.218833
vt 0.773359 0.490589
vt 0.819978 0.530989
vt 0.812326 1.090348
vt 0.780210 1.164539
vt 0.790100 2.004707
vt 0.874105 -0.588504
vt 0.825966 -0.529367
vt 0.757632 0.462139
vt 0.833283 0.504130
vt 0.911524 0.539180
vt 0.892442 0.892460
vt 0.832678 0.967381
vt 0.838831 1.913599
vt 0.922159 -0.605830
vt 0.900181 -0.531829
vt 0.857236 -0.516945
vt 0.837160 0.500093
vt 0.909816 0.529424
vt 0.989452 0.644164
vt 0.905492 0.809769
vt 0.824557 0.901027
vt 0.895652 1.844126
vt 0.961336 1.842802
vt 0.958933 -0.573445
vt 0.931266 -0.570272
vt 0.927409 0.495664
vt 0.969924 0.608038
vt 0.911953 0.721053
vt 0.893099 1.799224
vt 0.946563 1.822891
vt 1.054556 -0.662573
vt 0.991656 -0.619506
vt 0.948505 0.460359
vt 0.981470 0.550917
vt 0.949560 0.665953
vt 0.956238 1.856884
vt 1.017145 1.868849
vt 1.060155 -0.674685
vt 1.027516 -0.694929
vt 1.027033 0.359973
vt 1.064528 0.487751
vt 0.990530 0.620897
vt 0.970461 0.654461
vt 0.944728 1.825898
vt 1.008159 1.837932
vt 1.038143 -0.796313
vt 1.064016 -0.757247
vt 1.022849 0.211003
vt 1.078924 0.281052
vt 1.109926 0.427975
vt 1.085126 0.541886
vt 1.010742 0.619340
vt 1.038705 1.697686
vt 1.064707 1.755951
vt 1.079533 -0.846704
vt 1.141824 -0.830207
vt 1.073659 0.150863
vt 1.143486 0.196314
vt 1.127175 0.497056
vt 1.060976 0.555036
vt 1.106468 1.663962
vt 1.139514 1.693045
vt 1.105939 -0.892322
vt 1.156144 -0.881231
vt 1.107486 0.102568
vt 1.178346 0.129714
vt 1.179460 0.438816
vt 1.118853 0.501821
vt 1.155283 1.563685
vt 1.269703 -0.995365
vt 1.209306 -0.941583
vt 1.122488 0.060497
vt 1.205933 0.092571
vt 1.274816 0.152368
vt 1.234157 0.376357
vt 1.165641 0.441149
vt 1.199849 1.449140
vt 1.281438 -1.006704
vt 1.244068 -0.968070
vt 1.207506 -0.932510
vt 1.201354 -0.047457
vt 1.270213 0.009913
vt 1.290945 0.131043
vt 1.282813 0.340549
vt 1.249289 0.432085
vt 1.206105 0.443587
vt 1.244539 1.362840
vt 1.307311 -0.995272
vt 1.243501 -0.953995
vt 1.249624 -0.104274
vt 1.312780 -0.059017
vt 1.281817 0.391872
vt 1.209602 0.440997
vt 1.285775 1.232698
vt 1.275682 1.319003
vt 1.346292 -1.074043
vt 1.289314 -1.022894
vt 1.340272 -0.199965
vt 1.369881 -0.145018
vt 1.329282 0.305600
vt 1.296948 0.310765
vt 1.333787 1.108274
vt 1.401523 -1.098881
vt 1.377636 -1.074661
vt 1.350002 -0.381583
vt 1.376770 -0.309128
vt 1.388183 0.289946
vt 1.367778 0.289822
vt 1.433940 0.866237
vt 1.379746 0.949599
vt 1.359989 1.067259
vt 1.431236 -1.058963
vt 1.406554 -1.015058
vt 1.429178 -0.445182
vt 1.459088 -0.393840
vt 1.421233 0.295508
vt 1.443902 0.320845
vt 1.438607 0.658570
vt 1.409663 0.796405
vt 1.354010 0.872518
vt 1.491266 -1.106624
vt 1.469767 -1.037846
vt 1.439763 -0.990448
vt 1.429303 -0.633339
vt 1.461353 -0.557337
vt 1.477393 0.344907
vt 1.474791 0.451800
vt 1.479472 0.552509
vt 1.533419 -1.036402
vt 1.503495 -0.969988
vt 1.528910 -0.876788
vt 1.511770 -0.727087
vt 1.525703 -0.621452
vt 1.547610 0.348472
vt 1.544157 0.420225
vt 1.554433 0.490452
vt 1.591865 -0.847517
vt 1.592068 -0.815909
vt 0.892645 -0.235693
vt 0.883778 -0.138553
vt 0.877428 -0.003283
vt 0.875315 0.124418
vt 0.873438 0.252193
vt 0.871247 0.379982
vt 0.870125 0.514578
vt 0.927974 0.539294
vt 0.920091 1.135724
vt 0.873108 1.227776
vt 0.870989 1.379391
vt 0.871755 1.505008
vt 0.875366 1.624468
vt 0.876794 1.747703
vt 0.879890 1.869454
vt 0.890349 1.945614
vt 0.937771 -0.555727
vt 0.940115 -0.404627
vt 0.910210 -0.323487
vt 0.848451 0.521229
vt 0.918357 0.549514
vt 0.983260 0.607654
vt 0.982485 0.970916
vt 0.910725 1.064183
vt 0.843840 1.158284
vt 0.919767 1.972229
vt 1.009539 -0.660216
vt 0.916411 0.550912
vt 0.988590 0.593768
vt 1.048321 0.715313
vt 0.986216 0.885363
vt 0.904998 0.967134
vt 0.963204 1.894837
vt 0.990799 -0.610794
vt 1.015610 -0.596598
vt 0.982202 0.591021
vt 0.996141 0.681004
vt 0.982168 0.779414
vt 1.002092 1.853679
vt 1.023939 1.863216
vt 1.049439 -0.597796
vt 1.018849 -0.601041
vt 1.050401 1.877854
vt 1.097215 -0.643664
vt 1.032075 -0.612129
vt 1.104964 1.853801
vt 1.079580 1.861939
vt 1.136152 -0.714306
vt 1.099471 -0.717941
vt 1.175104 1.817521
vt 1.151534 1.849794
vt 1.197339 -0.805211
vt 1.138882 -0.763256
vt 1.149327 0.325347
vt 1.160864 0.395847
vt 1.147970 0.463747
vt 1.270407 1.701698
vt 1.206478 1.756570
vt 1.254641 -0.860779
vt 1.191617 -0.832009
vt 1.197723 0.268477
vt 1.215002 0.348981
vt 1.190789 0.444273
vt 1.248347 1.659451
vt 1.201472 1.691558
vt 1.319862 -0.897757
vt 1.257582 -0.868277
vt 1.252429 0.192994
vt 1.275379 0.280187
vt 1.246478 0.387197
vt 1.279645 1.581061
vt 1.326917 -0.995099
vt 1.270028 -0.942029
vt 1.264959 0.170188
vt 1.275708 0.218662
vt 1.281207 0.311487
vt 1.325004 1.498191
vt 1.372303 -1.056326
vt 1.349685 -1.000261
vt 1.329286 0.069544
vt 1.305090 0.154509
vt 1.322465 0.276730
vt 1.330979 0.334419
vt 1.370659 1.385469
vt 1.430942 -1.125671
vt 1.415413 -1.077858
vt 1.367501 0.008223
vt 1.403710 0.093294
vt 1.425290 0.228732
vt 1.383712 0.314782
vt 1.417502 1.234078
vt 1.399798 1.322045
vt 1.458501 -1.136385
vt 1.419871 -0.189647
vt 1.452466 -0.117749
vt 1.500237 0.035859
vt 1.522377 0.139519
vt 1.447811 0.265833
vt 1.531738 1.061871
vt 1.473768 1.135265
vt 1.501450 -1.137420
vt 1.472072 -1.119438
vt 1.462736 -0.245258
vt 1.521915 -0.159516
vt 1.542506 -0.034677
vt 1.543768 0.144630
vt 1.506838 0.248408
vt 1.474333 0.264270
vt 1.520946 0.861371
vt 1.498008 0.988680
vt 1.457285 1.071952
vt 1.567856 -1.164348
vt 1.541195 -1.150559
vt 1.510203 -0.444177
vt 1.559717 -0.365827
vt 1.585720 -0.248601
vt 1.576478 0.224637
vt 1.547034 0.260468
vt 1.519552 0.325222
vt 1.539501 0.670404
vt 1.557533 0.746302
vt 1.587308 -1.133316
vt 1.608771 -1.111985
vt 1.548486 -0.506052
vt 1.622672 -0.453672
vt 1.634114 0.238172
vt 1.555671 0.307241
vt 1.598105 0.609128
vt 1.625253 0.684605
vt 1.625429 -1.079612
vt 1.648228 -0.993424
vt 1.609872 -0.926868
vt 1.610163 -0.720556
vt 1.623608 -0.598556
vt 1.677672 -0.529242
vt 1.654399 0.187064
vt 1.622810 0.279007
vt 1.632891 0.394073
vt 1.625515 0.497680
vt 1.700588 -0.978943
vt 1.666004 -0.899013
vt 1.664984 -0.787300
vt 1.711255 -0.645861
vt 1.724421 -0.574295
vt 1.017987 -0.241710
vt 1.011779 -0.141989
vt 1.006512 -0.009410
vt 1.003102 0.120558
vt 0.998301 0.252547
vt 0.996366 0.380720
vt 0.998549 0.504164
vt 0.990330 0.623929
vt 1.047185 0.733970
vt 1.047837 0.856186
vt 1.032287 0.982004
vt 0.983662 1.115683
vt 0.995511 1.255391
vt 0.995090 1.381868
vt 0.997027 1.504249
vt 1.000507 1.624260
vt 1.004297 1.743664
vt 1.005559 1.867194
vt 1.013187 1.954054
vt 1.036068 -0.543672
vt 1.053501 -0.480947
vt 1.029572 -0.332593
vt 0.993521 0.608366
vt 1.025445 0.680038
vt 1.060585 0.809376
vt 1.026381 0.944986
vt 0.969833 1.034787
vt 1.042377 1.983984
vt 1.100654 1.992261
vt 1.057844 -0.607429
vt 1.122526 -0.532665
vt 1.040547 0.664290
vt 1.069724 0.742617
vt 1.045412 0.853211
vt 1.066868 1.914550
vt 1.126299 1.950237
vt 1.125078 -0.626941
vt 1.146602 -0.636515
vt 1.095327 1.845313
vt 1.157143 1.847811
vt 1.249142 -0.721652
vt 1.188672 -0.683584
vt 1.178583 1.858763
vt 1.281655 -0.765938
vt 1.218735 -0.720380
vt 1.223095 1.830614
vt 1.319848 -0.839937
vt 1.247020 -0.802557
vt 1.261891 1.766244
vt 1.237832 1.787597
vt 1.347041 -0.882896
vt 1.317687 -0.860542
vt 1.317883 1.727646
vt 1.314275 1.729559
vt 1.344438 -0.862514
vt 1.355678 1.660687
vt 1.375722 1.695405
vt 1.407326 -0.914003
vt 1.404861 1.595557
vt 1.458410 -0.987524
vt 1.453413 1.498123
vt 1.493558 -1.093734
vt 1.496423 1.422850
vt 1.542641 -1.132320
vt 1.516067 -1.119642
vt 1.559222 1.235481
vt 1.532384 1.333063
vt 1.605988 -1.133429
vt 1.581603 -1.139094
vt 1.543676 0.059125
vt 1.544318 0.065096
vt 1.601221 1.056537
vt 1.578952 1.129388
vt 1.628159 -1.175675
vt 1.591011 -0.140950
vt 1.592704 -0.019351
vt 1.599295 0.090537
vt 1.609740 0.171466
vt 1.647412 0.859067
vt 1.621487 0.963988
vt 1.662618 -1.160581
vt 1.687061 -1.165950
vt 1.638733 -0.321085
vt 1.654350 -0.229722
vt 1.711231 -0.106061
vt 1.708879 0.026942
vt 1.662078 0.158684
vt 1.638054 0.198205
vt 1.717435 0.677744
vt 1.665298 0.745371
vt 1.713736 -1.132937
vt 1.738665 -1.119334
vt 1.692482 -0.384945
vt 1.770591 -0.294435
vt 1.776990 -0.206698
vt 1.764566 0.036390
vt 1.754520 0.086032
vt 1.684102 0.180332
vt 1.718513 0.631363
vt 1.647297 0.688001
vt 1.767062 -1.092477
vt 1.783426 -1.039523
vt 1.724785 -0.457265
vt 1.800072 -0.339118
vt 1.828076 -0.290876
vt 1.794096 0.062547
vt 1.757584 0.120767
vt 1.790262 0.236018
vt 1.790386 0.362188
vt 1.768574 0.510260
vt 1.800311 -1.014449
vt 1.818971 -0.942426
vt 1.812403 -0.799022
vt 1.807073 -0.690043
vt 1.802384 -0.546150
vt 1.838643 -0.402912
vt 1.855554 -0.320246
vt 1.200726 -0.355060
vt 1.147583 -0.274260
vt 1.135148 -0.139535
vt 1.130637 -0.008186
vt 1.129191 0.119039
vt 1.126111 0.248394
vt 1.122760 0.378541
vt 1.124347 0.501026
vt 1.120285 0.631434
vt 1.118896 0.755841
vt 1.121470 0.877418
vt 1.121901 1.004813
vt 1.120748 1.131009
vt 1.120372 1.256728
vt 1.119874 1.382593
vt 1.121490 1.505410
vt 1.124503 1.625884
vt 1.125445 1.750213
vt 1.127132 1.871969
vt 1.140095 1.987293
vt 1.193757 2.043053
vt 1.242460 -0.663382
vt 1.215550 -0.584628
vt 1.171254 -0.434851
vt 1.117077 -0.333231
vt 1.113543 2.014933
vt 1.166931 2.039933
vt 1.250402 -0.712394
vt 1.168513 -0.633154
vt 1.132675 -0.532827
vt 1.213979 1.995939
vt 1.296137 -0.785459
vt 1.233200 -0.703309
vt 1.222855 -0.655703
vt 1.267460 1.915277
vt 1.360268 -0.829245
vt 1.288208 -0.750188
vt 1.233582 -0.661797
vt 1.308621 1.857535
vt 1.387301 -0.863990
vt 1.348988 -0.837806
vt 1.355708 1.779001
vt 1.396510 -0.849773
vt 1.396242 1.764473
vt 1.520279 -1.052718
vt 1.446203 -0.954890
vt 1.411059 -0.885339
vt 1.439121 1.710810
vt 1.455074 1.720904
vt 1.523041 -1.053372
vt 1.514638 -0.992202
vt 1.492506 -0.884063
vt 1.443931 1.648641
vt 1.472463 1.700394
vt 1.535948 -0.946019
vt 1.498780 1.583448
vt 1.568779 1.608245
vt 1.577262 -1.024884
vt 1.576815 1.546842
vt 1.610875 1.569529
vt 1.626556 -1.102089
vt 1.621249 1.449117
vt 1.665790 -1.141165
vt 1.656081 1.242498
vt 1.686209 1.316879
vt 1.694308 -1.139151
vt 1.716938 -1.146793
vt 1.687546 1.060753
vt 1.716886 1.140628
vt 1.745669 1.249723
vt 1.757383 -1.181136
vt 1.772501 0.856599
vt 1.750364 0.981745
vt 1.778004 1.063339
vt 1.784846 -1.144682
vt 1.807230 -1.141711
vt 1.768615 -0.095155
vt 1.766898 -0.029779
vt 1.817300 0.676977
vt 1.793918 0.769859
vt 1.828671 -1.101340
vt 1.852838 -1.074688
vt 1.805872 -0.260476
vt 1.818413 -0.176343
vt 1.804853 -0.032116
vt 1.808206 0.016322
vt 1.845043 0.594555
vt 1.879065 -1.066436
vt 1.903774 -1.019540
vt 1.805436 -0.263158
vt 1.828545 -0.226654
vt 1.873381 -0.095368
vt 1.854941 0.021848
vt 1.900495 0.114510
vt 1.898145 0.257854
vt 1.922342 0.377221
vt 1.880594 0.500624
vt 1.921183 -0.979328
vt 1.933050 -0.916533
vt 1.945715 -0.804101
vt 1.901978 -0.704632
vt 1.903896 -0.572258
vt 1.896495 -0.442688
vt 1.893522 -0.297755
vt 1.889995 -0.164038
vt 1.936705 -0.049835
vt 1.940875 0.065586
vt 1.997077 -0.793351
vt 1.975436 -0.726094
vt 1.974716 -0.591524
vt 1.987334 -0.465871
vt 1.980150 -0.359390
vt 2.000717 -0.205555
vt 2.011487 -0.139115
vt 1.272857 -0.370705
vt 1.260429 -0.267143
vt 1.255385 -0.133102
vt 1.252286 -0.003587
vt 1.254199 0.118966
vt 1.252018 0.247050
vt 1.249585 0.375512
vt 1.247902 0.502974
vt 1.244664 0.632216
vt 1.244984 0.757497
vt 1.246335 0.880164
vt 1.245864 1.005914
vt 1.243750 1.133579
vt 1.245759 1.256020
vt 1.247030 1.379164
vt 1.248540 1.502315
vt 1.243491 1.633768
vt 1.240515 1.763384
vt 1.239329 1.889221
vt 1.250798 1.998874
vt 1.256010 2.104005
vt 1.282420 2.200466
vt 1.265067 -0.663175
vt 1.291528 -0.595892
vt 1.275347 -0.439953
vt 1.249302 2.101245
vt 1.318702 2.159027
vt 1.332220 -0.720230
vt 1.355568 -0.658853
vt 1.297191 2.045615
vt 1.376816 2.115978
vt 1.418914 2.159863
vt 1.371592 -0.846211
vt 1.333013 1.985043
vt 1.398426 2.053791
vt 1.436421 2.127331
vt 1.436996 -0.850145
vt 1.383958 1.915726
vt 1.478957 1.988276
vt 1.485777 2.072744
vt 1.485870 -0.883092
vt 1.444433 -0.878029
vt 1.450464 1.848943
vt 1.519708 1.901285
vt 1.546051 -0.991913
vt 1.495529 -0.913658
vt 1.490411 1.782099
vt 1.575995 1.798695
vt 1.530447 -1.079200
vt 1.501933 -0.982227
vt 1.490778 1.757999
vt 1.550420 1.786129
vt 1.593518 -1.070633
vt 1.620367 -1.015234
vt 1.592792 -0.947360
vt 1.601743 1.773676
vt 1.699558 -1.043019
vt 1.651981 -0.984567
vt 1.655195 1.652836
vt 1.748567 -1.090063
vt 1.691849 -1.062039
vt 1.707921 1.510746
vt 1.686507 1.565155
vt 1.780925 -1.138052
vt 1.746216 -1.165120
vt 1.746276 1.426261
vt 1.791030 -1.177808
vt 1.789771 1.347373
vt 1.825817 -1.164082
vt 1.848174 -1.167286
vt 1.818924 1.173060
vt 1.835859 1.239867
vt 1.880026 -1.202120
vt 1.842209 0.867955
vt 1.860582 0.946504
vt 1.869333 1.094635
vt 1.902013 1.204467
vt 1.918562 -1.242798
vt 1.939358 -1.165967
vt 1.885506 0.680100
vt 1.911481 0.778468
vt 1.927627 0.915618
vt 1.939087 1.015319
vt 1.957046 -1.145278
vt 1.987592 -1.063529
vt 2.021084 -0.969424
vt 1.955571 0.607989
vt 1.971459 0.705763
vt 1.956635 -1.042283
vt 2.005058 -0.965884
vt 2.053380 -0.909411
vt 2.031029 0.148520
vt 2.021405 0.259533
vt 2.013413 0.402812
vt 1.994091 0.489802
vt 1.983403 -0.959209
vt 2.038455 -0.898469
vt 2.077072 -0.864695
vt 2.108714 -0.159563
vt 2.064352 -0.062913
vt 2.042170 0.071610
vt 2.093489 -0.817284
vt 2.107561 -0.762361
vt 2.109806 -0.616253
vt 2.098559 -0.474102
vt 2.093089 -0.349137
vt 2.080637 -0.214480
vt 2.024325 -0.139172
vt 1.396990 1.821855
vt 1.387776 1.911230
vt 1.396193 2.036888
vt 1.412271 2.099808
vt 1.444355 -0.471394
vt 1.401115 -0.405494
vt 1.381457 -0.260436
vt 1.378710 -0.130358
vt 1.377622 -0.003795
vt 1.376394 0.122881
vt 1.374645 0.250174
vt 1.375055 0.375038
vt 1.374352 0.501183
vt 1.372172 0.629893
vt 1.372704 0.753803
vt 1.372729 0.878846
vt 1.373098 1.002366
vt 1.370816 1.131401
vt 1.372919 1.252816
vt 1.373902 1.376230
vt 1.371946 1.504557
vt 1.365016 1.640039
vt 1.356932 1.775091
vt 1.329534 1.903721
vt 1.342043 2.024448
vt 1.374043 2.131963
vt 1.375911 2.273907
vt 1.439284 2.298816
vt 1.388713 -0.558922
vt 1.367416 -0.461069
vt 1.375925 2.230212
vt 1.445947 2.305494
vt 1.473649 2.417866
vt 1.471969 2.543303
vt 1.472201 2.670047
vt 1.470580 2.795910
vt 1.470585 2.920960
vt 1.476486 -0.728457
vt 1.454751 -0.643464
vt 1.400752 2.186176
vt 1.441569 2.230505
vt 1.494100 2.368249
vt 1.485365 2.494996
vt 1.481155 2.620012
vt 1.476949 2.745164
vt 1.476959 2.870133
vt 1.513715 -0.840174
vt 1.458001 2.196733
vt 1.510210 2.305081
vt 1.517933 2.429922
vt 1.513522 2.555005
vt 1.508816 2.679981
vt 1.508822 2.804969
vt 1.549712 -0.932600
vt 1.513567 2.022974
vt 1.515207 2.102521
vt 1.581471 2.236033
vt 1.569811 2.365004
vt 1.558307 2.489995
vt 1.556595 2.615004
vt 1.556588 2.740013
vt 1.600021 -0.957552
vt 1.532964 1.966269
vt 1.560794 2.056731
vt 1.629961 2.171327
vt 1.625154 2.297798
vt 1.617427 2.424601
vt 1.618325 2.549760
vt 1.618317 2.674768
vt 1.716568 -1.111190
vt 1.654139 -1.054476
vt 1.606764 1.886305
vt 1.644083 1.982761
vt 1.692599 2.108703
vt 1.679841 2.255615
vt 1.677688 2.376939
vt 1.677643 2.500369
vt 1.677808 2.625254
vt 1.720686 -1.120532
vt 1.685676 -1.137638
vt 1.647374 1.828825
vt 1.716279 1.924551
vt 1.729197 2.021702
vt 1.736971 -1.140309
vt 1.711658 -1.098340
vt 1.697414 1.780317
vt 1.765681 1.818869
vt 1.813476 -1.121580
vt 1.780923 -1.081451
vt 1.782738 1.692347
vt 1.806191 1.761533
vt 1.815544 -1.086895
vt 1.869914 -1.094518
vt 1.790917 1.509398
vt 1.819537 1.573121
vt 1.799576 -1.131455
vt 1.857328 -1.131556
vt 1.845136 1.457164
vt 1.903868 1.490946
vt 1.915088 -1.182731
vt 1.920516 1.371618
vt 1.948844 1.440707
vt 1.965174 -1.174194
vt 1.941943 -1.175232
vt 2.015458 1.180658
vt 1.960495 1.225193
vt 2.034444 -1.200068
vt 2.005633 -1.206680
vt 2.021056 1.134047
vt 1.949037 1.212693
vt 2.057224 -1.235875
vt 2.064445 -1.167338
vt 2.079939 0.796485
vt 2.063425 0.880578
vt 2.048267 1.037564
vt 2.086259 -1.137656
vt 2.098424 -1.051062
vt 2.111340 -0.941189
vt 2.103683 0.571897
vt 2.083901 0.708720
vt 2.124144 -0.914672
vt 2.144934 -0.877354
vt 2.202076 0.046337
vt 2.144536 0.119463
vt 2.144178 0.267006
vt 2.128372 0.414521
vt 2.115277 0.488278
vt 2.169587 -0.851721
vt 2.196478 -0.848741
vt 2.269136 -0.390314
vt 2.261313 -0.327809
vt 2.203400 -0.192962
vt 2.177089 -0.022637
vt 2.123380 0.062923
vt 2.220387 -0.822481
vt 2.243496 -0.755237
vt 2.246057 -0.621678
vt 2.233721 -0.458074
vt 2.200851 -0.334600
vt 2.175952 -0.250720
vt 1.473026 1.807967
vt 1.467825 1.920514
vt 1.465353 2.048286
vt 1.479524 2.157600
vt 1.534369 2.224667
vt 1.518373 -0.469323
vt 1.515762 -0.394652
vt 1.503801 -0.255536
vt 1.500198 -0.125640
vt 1.503735 -0.005421
vt 1.502719 0.120998
vt 1.501763 0.247425
vt 1.499852 0.375218
vt 1.501938 0.497669
vt 1.506133 0.619307
vt 1.509202 0.740561
vt 1.507611 0.867160
vt 1.502530 0.996303
vt 1.499124 1.126695
vt 1.498952 1.251529
vt 1.500820 1.373528
vt 1.497318 1.504700
vt 1.486766 1.644288
vt 1.477799 1.738592
vt 1.452275 2.180987
vt 1.496312 2.258661
vt 1.508672 2.357147
vt 1.530365 2.486518
vt 1.528633 2.611507
vt 1.526077 2.736763
vt 1.525466 2.861835
vt 1.525451 2.986829
vt 1.558224 -0.586349
vt 1.489110 2.366283
vt 1.489462 2.452547
vt 1.485761 2.578150
vt 1.482852 2.704859
vt 1.482592 2.830362
vt 1.482629 2.955412
vt 1.571333 -0.729551
vt 1.592774 -0.675723
vt 1.632592 -0.791148
vt 1.660910 -0.722491
vt 1.680843 -0.938459
vt 1.724147 -0.985249
vt 1.732774 -1.111653
vt 1.762554 -1.066507
vt 1.735834 2.130937
vt 1.734641 2.223389
vt 1.734344 2.343225
vt 1.734030 2.466849
vt 1.734158 2.591785
vt 1.737239 -1.120669
vt 1.817236 -1.120958
vt 1.783164 1.952158
vt 1.811335 2.040929
vt 1.825069 2.178275
vt 1.825370 2.304501
vt 1.823536 2.430168
vt 1.823430 2.555205
vt 1.854830 -1.114938
vt 1.907351 -1.099672
vt 1.856957 1.887271
vt 1.884801 1.957965
vt 1.830839 -1.119466
vt 1.894014 -1.110524
vt 1.880022 1.698655
vt 1.904207 1.768050
vt 1.943215 -1.128484
vt 1.914498 -1.105805
vt 1.949409 1.619750
vt 1.976657 1.698974
vt 2.026015 -1.161991
vt 1.963000 -1.119987
vt 2.000148 1.514215
vt 2.070287 -1.214460
vt 2.037963 -1.214889
vt 2.045310 1.354208
vt 2.021220 1.451042
vt 2.084035 -1.231004
vt 2.094055 1.170494
vt 2.067300 1.233291
vt 2.120405 -1.234079
vt 2.143438 -1.240113
vt 2.121608 1.071709
vt 2.179032 -1.243838
vt 2.193916 -1.183149
vt 2.209173 -0.337217
vt 2.216257 -0.235464
vt 2.230816 -0.159482
vt 2.164436 0.774420
vt 2.178363 0.891979
vt 2.172729 1.012752
vt 2.230640 -1.148644
vt 2.210662 -1.061906
vt 2.192476 -0.982274
vt 2.281552 -0.514007
vt 2.233708 -0.428133
vt 2.236213 -0.281884
vt 2.272396 -0.210586
vt 2.229837 0.590777
vt 2.204612 0.699748
vt 2.301962 -1.137497
vt 2.285141 -1.085238
vt 2.255303 -0.967914
vt 2.290134 -0.887391
vt 2.311362 -0.537032
vt 2.307110 -0.495497
vt 2.306620 -0.347732
vt 2.308931 -0.263772
vt 2.254858 0.048145
vt 2.287047 0.114233
vt 2.264931 0.267154
vt 2.266012 0.408218
vt 2.245879 0.501996
vt 2.306967 -0.868416
vt 2.324124 -0.844962
vt 2.373139 -0.536609
vt 2.354762 -0.413448
vt 2.338239 -0.319123
vt 2.313872 -0.172497
vt 2.298897 -0.013813
vt 2.342869 0.054719
vt 2.337366 -0.805254
vt 2.348142 -0.721954
vt 2.353143 -0.604951
vt 2.311805 -0.482401
vt 1.596785 1.801276
vt 1.583049 1.932004
vt 1.582161 2.061236
vt 1.591937 2.174136
vt 1.600207 2.236656
vt 1.638655 -0.472479
vt 1.634043 -0.387659
vt 1.618715 -0.244226
vt 1.621870 -0.120332
vt 1.626566 -0.002210
vt 1.627275 0.121736
vt 1.627390 0.246567
vt 1.626918 0.372954
vt 1.643808 0.504625
vt 1.612614 0.610364
vt 1.593901 0.721276
vt 1.595297 0.848762
vt 1.642050 0.983633
vt 1.629863 1.117844
vt 1.625898 1.248777
vt 1.626637 1.372072
vt 1.622534 1.504010
vt 1.613279 1.643663
vt 1.605015 1.728261
vt 1.605617 2.291461
vt 1.615379 2.388722
vt 1.618779 2.507518
vt 1.618965 2.632193
vt 1.617814 2.758337
vt 1.617385 2.884027
vt 1.617389 3.009027
vt 1.658429 -0.590269
vt 1.705474 0.519343
vt 1.703096 0.579000
vt 1.675688 0.687547
vt 1.698362 0.809220
vt 1.698900 0.918790
vt 1.714217 -0.647115
vt 1.753432 0.564354
vt 1.734606 0.617417
vt 1.739634 0.726774
vt 1.769698 -0.796895
vt 1.745477 -0.715304
vt 1.807788 -0.899402
vt 1.851071 -0.968889
vt 1.886923 -0.983473
vt 1.949225 -0.948191
vt 1.907495 -1.028219
vt 1.977659 -0.998972
vt 1.918350 2.064208
vt 1.927352 2.145754
vt 1.932620 2.273725
vt 1.934203 2.398804
vt 1.934135 2.523820
vt 1.991664 -1.088381
vt 1.994323 -1.089120
vt 1.999037 1.880210
vt 1.978424 1.990044
vt 2.001846 2.131486
vt 2.007567 2.257317
vt 2.009158 2.382412
vt 2.009108 2.507422
vt 2.057715 -1.137291
vt 2.028610 -1.144708
vt 2.029736 1.783068
vt 2.074788 -1.174103
vt 2.080410 1.614688
vt 2.058917 1.704431
vt 2.119502 -1.197227
vt 2.120396 1.496139
vt 2.168471 -1.246080
vt 2.143596 -1.244095
vt 2.247106 -0.126049
vt 2.246753 -0.119364
vt 2.167046 1.376987
vt 2.145592 1.445715
vt 2.231607 -1.255265
vt 2.206838 -1.261073
vt 2.257588 -0.190299
vt 2.249186 -0.098444
vt 2.286365 -0.054686
vt 2.192370 1.176019
vt 2.217370 1.241499
vt 2.251335 -1.255809
vt 2.273467 -1.242260
vt 2.298286 -0.381352
vt 2.276602 -0.289488
vt 2.240124 -0.158338
vt 2.295013 -0.068046
vt 2.260531 1.112889
vt 2.288960 1.182322
vt 2.295742 -1.222464
vt 2.263976 -1.193520
vt 2.326022 -0.445454
vt 2.243926 -0.351085
vt 2.221699 -0.200438
vt 2.295491 -0.094827
vt 2.341292 -0.011732
vt 2.276813 0.794932
vt 2.299641 0.875639
vt 2.295010 0.992312
vt 2.352994 -1.196984
vt 2.333612 -1.192004
vt 2.424607 -0.631649
vt 2.351349 -0.541935
vt 2.272563 -0.443392
vt 2.311462 -0.146826
vt 2.377427 -0.057476
vt 2.329894 0.605974
vt 2.359731 0.698020
vt 2.373340 0.821413
vt 2.374301 -1.175429
vt 2.399661 -1.121195
vt 2.371818 -1.001569
vt 2.352913 -0.945595
vt 2.439675 -0.676271
vt 2.383870 -0.597428
vt 2.348237 -0.569113
vt 2.354023 -0.327207
vt 2.351547 -0.237402
vt 2.436994 -0.121576
vt 2.360487 0.143756
vt 2.374204 0.265590
vt 2.352431 0.366936
vt 2.398253 0.519476
vt 2.423066 0.623163
vt 2.467424 -1.100995
vt 2.444634 -1.026373
vt 2.423475 -0.927713
vt 2.449971 -0.784538
vt 2.405531 -0.670365
vt 2.378619 -0.601688
vt 2.359749 -0.342893
vt 2.387621 -0.277453
vt 2.419133 -0.136743
vt 2.417572 -0.020245
vt 2.412665 0.097492
vt 2.437619 0.218132
vt 2.446807 0.354317
vt 2.467089 0.428148
vt 2.491752 -0.903554
vt 2.465571 -0.826504
vt 2.400297 -0.702903
vt 2.397702 -0.638238
vt 1.765630 1.716732
vt 1.719132 1.780628
vt 1.709702 1.933243
vt 1.709315 2.060428
vt 1.719253 2.169674
vt 1.727276 2.231680
vt 1.737251 -0.474699
vt 1.767604 -0.401539
vt 1.744978 -0.243742
vt 1.746491 -0.119933
vt 1.749195 0.001170
vt 1.750034 0.124967
vt 1.749798 0.250222
vt 1.754764 0.370835
vt 1.766970 0.438186
vt 1.721783 1.017666
vt 1.758438 1.102270
vt 1.752602 1.246244
vt 1.753317 1.370188
vt 1.748279 1.503031
vt 1.731058 1.658738
vt 1.683152 1.722678
vt 1.731779 2.288184
vt 1.738050 2.392394
vt 1.741142 2.512783
vt 1.741758 2.636947
vt 1.741251 2.762640
vt 1.741079 2.887913
vt 1.741078 3.012913
vt 1.806961 -0.543246
vt 1.825589 -0.466621
vt 1.793628 0.469741
vt 1.763066 0.518567
vt 1.755350 0.826995
vt 1.802947 0.928732
vt 1.821361 1.030435
vt 1.839867 -0.647186
vt 1.866238 0.417569
vt 1.834409 0.483596
vt 1.806936 0.604502
vt 1.799503 0.748363
vt 1.870349 0.838714
vt 1.897888 -0.792182
vt 1.875200 -0.719640
vt 1.902210 0.441561
vt 1.888402 0.555653
vt 1.908055 0.682141
vt 1.921491 0.779029
vt 1.928977 -0.877333
vt 1.973297 0.432349
vt 1.971856 0.503115
vt 1.969299 0.594447
vt 1.972373 -0.962896
vt 2.022605 -0.980763
vt 1.997372 -0.968747
vt 2.098827 -0.999809
vt 2.070722 -1.004434
vt 2.112425 -1.114847
vt 2.093297 -1.057307
vt 2.075573 1.883633
vt 2.113051 1.964700
vt 2.104767 2.114497
vt 2.102103 2.241683
vt 2.101952 2.365588
vt 2.102088 2.490566
vt 2.146202 -1.152962
vt 2.168317 -1.166426
vt 2.145517 1.814233
vt 2.166265 1.901342
vt 2.198476 -1.176405
vt 2.275856 0.124379
vt 2.272388 0.143988
vt 2.205449 1.618724
vt 2.180787 1.696216
vt 2.243672 -1.197718
vt 2.308806 -0.066716
vt 2.298289 0.039142
vt 2.290337 0.119451
vt 2.244303 1.505596
vt 2.289383 -1.259926
vt 2.332880 -0.256380
vt 2.313292 -0.156788
vt 2.300553 -0.051216
vt 2.329963 0.069191
vt 2.300218 1.375822
vt 2.278134 1.431630
vt 2.320256 -1.275951
vt 2.343051 -1.270346
vt 2.333858 -0.332353
vt 2.279257 -0.255582
vt 2.273656 -0.053767
vt 2.330732 0.038728
vt 2.403740 0.084663
vt 2.335330 1.291144
vt 2.393143 -1.251986
vt 2.374959 -1.236702
vt 2.432687 -0.500042
vt 2.353264 -0.423768
vt 2.295202 -0.314781
vt 2.350515 -0.008815
vt 2.410667 0.079634
vt 2.439429 0.153675
vt 2.349055 1.120306
vt 2.381525 1.177353
vt 2.463104 -1.255654
vt 2.431419 -1.246654
vt 2.451124 -0.561462
vt 2.397749 -0.510482
vt 2.341216 -0.006984
vt 2.365337 0.046640
vt 2.431599 0.144294
vt 2.407799 0.918686
vt 2.415347 1.026883
vt 2.445636 1.129866
vt 2.457644 -1.233907
vt 2.477677 -1.208491
vt 2.456901 -0.645984
vt 2.405648 -0.578499
vt 2.431819 -0.001911
vt 2.496377 0.083851
vt 2.551826 0.117580
vt 2.482790 0.726233
vt 2.456931 0.850749
vt 2.496427 0.933971
vt 2.512366 -1.205129
vt 2.534706 -1.155958
vt 2.513482 -0.733889
vt 2.472414 -0.075550
vt 2.540046 0.027640
vt 2.554276 0.113989
vt 2.524316 0.522435
vt 2.498727 0.642503
vt 2.543032 -1.106225
vt 2.550468 -1.070972
vt 2.575757 -0.978166
vt 2.565018 -0.781390
vt 2.477868 -0.078728
vt 2.523777 -0.001096
vt 2.555054 0.083772
vt 2.565633 0.197522
vt 2.585415 0.345874
vt 2.541198 0.434447
vt 2.583111 -0.921785
vt 2.584062 -0.880198
vt 1.826078 1.716663
vt 1.855979 1.778673
vt 1.834117 1.932808
vt 1.836476 2.056115
vt 1.843929 2.171170
vt 1.851656 2.228734
vt 1.887120 -0.375145
vt 1.875736 -0.250104
vt 1.872741 -0.121552
vt 1.874398 0.000408
vt 1.874146 0.126208
vt 1.872945 0.252725
vt 1.884791 0.365064
vt 1.849796 0.424908
vt 1.885345 1.132335
vt 1.877173 1.246746
vt 1.879205 1.368842
vt 1.874578 1.501476
vt 1.867685 1.658791
vt 1.910242 1.720460
vt 1.858008 2.281267
vt 1.864120 2.390597
vt 1.867224 2.511231
vt 1.867783 2.635424
vt 1.867051 2.761488
vt 1.866797 2.886857
vt 1.866796 3.011857
vt 1.926190 -0.535079
vt 1.903404 -0.460887
vt 1.949662 0.377381
vt 1.924659 0.386426
vt 1.894327 0.974692
vt 1.923757 1.027261
vt 1.964554 -0.647942
vt 1.953455 0.355215
vt 1.925294 0.402830
vt 1.966894 0.898829
vt 1.993016 0.964051
vt 2.018720 -0.796488
vt 1.998768 -0.723168
vt 2.027407 0.322591
vt 1.964727 0.383007
vt 1.978069 0.708009
vt 2.012131 0.772965
vt 2.055046 -0.882542
vt 2.087053 0.312323
vt 2.044848 0.339610
vt 2.022413 0.470302
vt 2.048871 0.620254
vt 2.084362 0.714924
vt 2.099704 -0.947014
vt 2.099578 0.310374
vt 2.058840 0.427698
vt 2.102886 0.545198
vt 2.145134 -0.996102
vt 2.181741 0.266647
vt 2.121506 0.355735
vt 2.158999 0.482334
vt 2.188467 -1.028935
vt 2.154163 -1.043259
vt 2.219583 0.188896
vt 2.189552 0.289763
vt 2.214170 0.413394
vt 2.223074 -1.086438
vt 2.158407 -1.053058
vt 2.269305 0.139744
vt 2.243762 0.229358
vt 2.264620 0.339998
vt 2.251619 1.994446
vt 2.241936 2.095125
vt 2.238588 2.224908
vt 2.239173 2.348405
vt 2.239275 2.473397
vt 2.289169 -1.143215
vt 2.268275 -1.157579
vt 2.299680 0.039122
vt 2.259584 0.165249
vt 2.282002 0.300999
vt 2.289042 1.793460
vt 2.266751 1.910097
vt 2.366720 -1.189884
vt 2.339716 -1.185877
vt 2.403260 -0.117625
vt 2.351165 -0.033787
vt 2.281445 0.102143
vt 2.299833 0.254756
vt 2.383509 0.280010
vt 2.328609 1.619639
vt 2.307304 1.701611
vt 2.373198 -1.238960
vt 2.406094 -0.167176
vt 2.334113 -0.092080
vt 2.293972 0.020184
vt 2.324948 0.190462
vt 2.396752 0.249419
vt 2.370286 1.520535
vt 2.414532 -1.275859
vt 2.408134 -0.252153
vt 2.348536 -0.166995
vt 2.365478 0.134894
vt 2.417179 0.236720
vt 2.434441 1.381188
vt 2.411782 1.437161
vt 2.455145 -1.310385
vt 2.476181 -1.303390
vt 2.500973 -0.438356
vt 2.450608 -0.386144
vt 2.387007 0.108608
vt 2.429571 0.181264
vt 2.513839 0.229859
vt 2.462079 1.313236
vt 2.505019 -1.289390
vt 2.484045 -0.500125
vt 2.422657 -0.441458
vt 2.460813 0.137516
vt 2.495383 0.215929
vt 2.506318 1.234383
vt 2.535570 -1.278697
vt 2.556936 -1.285356
vt 2.545632 -0.605939
vt 2.568115 0.191073
vt 2.634257 0.180273
vt 2.618307 0.927693
vt 2.567770 0.998023
vt 2.539566 1.142008
vt 2.585613 -1.266120
vt 2.610012 -1.203526
vt 2.675943 -0.760478
vt 2.608961 -0.707598
vt 2.565297 0.147617
vt 2.612173 0.146542
vt 2.674373 0.611650
vt 2.611191 0.693955
vt 2.585937 0.861139
vt 2.536734 0.936268
vt 2.628917 -1.181990
vt 2.647894 -1.133112
vt 2.673471 -0.813244
vt 2.603680 -0.790919
vt 2.651385 0.057291
vt 2.621770 0.126552
vt 2.701539 0.418109
vt 2.666152 0.522783
vt 2.603575 0.640422
vt 2.664851 -1.088095
vt 2.683616 -1.068859
vt 2.732636 -0.947366
vt 2.646343 -0.837357
vt 2.698877 -0.042192
vt 2.689299 0.052279
vt 2.703891 0.178089
vt 2.677399 0.345205
vt 2.625122 0.433361
vt 2.732820 -1.038364
vt 2.696570 -0.968043
vt 2.655286 -0.888068
vt 2.765382 -0.017455
vt 2.756161 0.041684
vt 2.758248 0.115728
vt 1.971812 1.797755
vt 1.960542 1.931753
vt 1.961771 2.056142
vt 1.970753 2.167516
vt 1.977162 2.229755
vt 2.014168 -0.361580
vt 2.005819 -0.258409
vt 2.000873 -0.126261
vt 2.000322 -0.000359
vt 1.998437 0.127149
vt 1.999925 0.253182
vt 2.014758 0.328309
vt 2.017008 1.148782
vt 2.005108 1.240967
vt 2.002583 1.371266
vt 2.000133 1.501478
vt 1.986192 1.644835
vt 1.978555 1.725384
vt 1.983212 2.283208
vt 1.990154 2.388877
vt 1.993265 2.509690
vt 1.993390 2.634550
vt 1.992510 2.760814
vt 1.992114 2.886391
vt 1.992114 3.011391
vt 2.059298 -0.525270
vt 2.036736 -0.460778
vt 2.036722 0.328303
vt 2.005024 0.341115
vt 2.044527 1.058981
vt 2.090083 -0.624212
vt 2.100339 0.289922
vt 2.080672 0.313455
vt 2.093722 0.907223
vt 2.074771 0.974807
vt 2.147795 -0.786369
vt 2.125540 -0.725807
vt 2.143813 0.282245
vt 2.211949 0.707652
vt 2.144606 0.764383
vt 2.179995 -0.868941
vt 2.192276 0.294162
vt 2.174310 0.287184
vt 2.183343 0.657774
vt 2.136047 0.713849
vt 2.226691 -0.950633
vt 2.264340 0.268961
vt 2.226542 0.250819
vt 2.226526 0.588494
vt 2.282354 0.601483
vt 2.267362 -1.037822
vt 2.271051 0.217677
vt 2.255397 0.541198
vt 2.314220 0.561486
vt 2.315226 -1.074256
vt 2.315379 0.175703
vt 2.295221 0.497801
vt 2.370200 0.489778
vt 2.361461 -1.109382
vt 2.362465 0.112233
vt 2.361864 0.408297
vt 2.393759 0.456706
vt 2.375795 1.985349
vt 2.368420 2.092346
vt 2.367501 2.219156
vt 2.368525 2.342686
vt 2.368525 2.467686
vt 2.405803 -1.168728
vt 2.406949 0.008087
vt 2.403181 0.331990
vt 2.417131 1.800849
vt 2.389509 1.905036
vt 2.433068 -1.241144
vt 2.404119 -1.233609
vt 2.462812 -0.131339
vt 2.434962 -0.070434
vt 2.448231 0.320297
vt 2.461415 0.302198
vt 2.458486 1.627444
vt 2.436769 1.702387
vt 2.506927 -1.278859
vt 2.485964 -1.280025
vt 2.495681 -0.193709
vt 2.495254 0.267425
vt 2.495060 1.544605
vt 2.540311 -1.287429
vt 2.539979 -0.279996
vt 2.538696 0.224609
vt 2.559084 1.374582
vt 2.534072 1.440193
vt 2.580479 -1.312273
vt 2.604031 -1.307768
vt 2.581591 -0.445818
vt 2.598909 -0.390753
vt 2.587368 0.200505
vt 2.564810 0.219118
vt 2.580242 1.283920
vt 2.630367 -1.295973
vt 2.638044 -0.495695
vt 2.669417 -0.439960
vt 2.661467 0.179056
vt 2.634511 0.220813
vt 2.628104 1.188093
vt 2.679449 -1.305390
vt 2.655572 -1.308074
vt 2.672123 -0.621508
vt 2.672455 0.194370
vt 2.694620 0.188570
vt 2.669339 0.928497
vt 2.695346 0.995955
vt 2.664780 1.132310
vt 2.744755 -1.327823
vt 2.718172 -1.307977
vt 2.696155 -1.242389
vt 2.683188 -0.760208
vt 2.713955 -0.716403
vt 2.720828 0.184103
vt 2.738018 0.604443
vt 2.730607 0.694777
vt 2.719239 0.865004
vt 2.753221 0.930563
vt 2.786305 -1.277134
vt 2.753889 -1.219935
vt 2.782871 -1.115828
vt 2.843285 -1.073959
vt 2.755247 -0.812649
vt 2.776154 -0.766734
vt 2.775766 0.049376
vt 2.755389 0.125802
vt 2.831086 0.283540
vt 2.756976 0.379140
vt 2.740212 0.527778
vt 2.762905 -1.101216
vt 2.822409 -1.083703
vt 2.811703 -0.910142
vt 2.810858 -0.029363
vt 2.827988 0.235380
vt 2.757263 0.311859
vt 2.844590 -1.076600
vt 2.848809 -0.970933
vt 2.840139 -0.048318
vt 2.855054 0.012079
vt 2.849748 0.113330
vt 2.097180 1.806758
vt 2.086143 1.930114
vt 2.086808 2.055533
vt 2.094771 2.168951
vt 2.101195 2.233284
vt 2.139744 -0.357901
vt 2.132764 -0.261300
vt 2.127582 -0.128734
vt 2.124973 0.000022
vt 2.125029 0.124956
vt 2.123585 0.254109
vt 2.140276 0.312587
vt 2.129716 1.134025
vt 2.121545 1.249702
vt 2.126063 1.373633
vt 2.123494 1.503144
vt 2.112769 1.642580
vt 2.105021 1.733390
vt 2.107244 2.286755
vt 2.115592 2.388060
vt 2.119352 2.508100
vt 2.118956 2.633777
vt 2.117230 2.761197
vt 2.116785 2.886857
vt 2.116786 3.011857
vt 2.188574 -0.533361
vt 2.162872 -0.465354
vt 2.187983 0.305326
vt 2.252258 0.343147
vt 2.254886 0.965075
vt 2.181895 1.020036
vt 2.216765 -0.614517
vt 2.189792 0.276182
vt 2.243559 0.314389
vt 2.286852 0.770672
vt 2.245562 0.880542
vt 2.179360 0.976701
vt 2.270571 -0.788993
vt 2.248833 -0.725167
vt 2.253231 0.339030
vt 2.310319 0.377329
vt 2.274800 0.716146
vt 2.221798 0.776760
vt 2.306045 -0.866197
vt 2.257881 0.285635
vt 2.337650 0.355738
vt 2.398328 0.458186
vt 2.322607 0.611813
vt 2.349973 -0.967316
vt 2.265504 0.269429
vt 2.367033 0.293847
vt 2.408427 0.409165
vt 2.349195 0.573357
vt 2.308175 0.609875
vt 2.471647 -1.114062
vt 2.400429 -1.078685
vt 2.395043 0.246297
vt 2.444297 0.412415
vt 2.419401 0.488264
vt 2.341570 0.564748
vt 2.474735 -1.115003
vt 2.444558 -1.112381
vt 2.421412 0.245044
vt 2.493924 0.244902
vt 2.447972 0.439118
vt 2.380427 0.484092
vt 2.485026 -1.142853
vt 2.451502 0.151311
vt 2.552112 0.230694
vt 2.476958 0.361961
vt 2.404642 0.449974
vt 2.541089 1.879495
vt 2.497516 1.955844
vt 2.489276 2.100155
vt 2.488726 2.225126
vt 2.489963 2.348406
vt 2.489868 2.473397
vt 2.530013 -1.196152
vt 2.513405 0.057022
vt 2.548087 0.161912
vt 2.506380 0.272539
vt 2.602878 1.692935
vt 2.528931 1.785489
vt 2.461698 1.892995
vt 2.575199 -1.250374
vt 2.535765 -0.115356
vt 2.585751 -0.035345
vt 2.630856 0.105378
vt 2.562408 0.244678
vt 2.537591 0.270276
vt 2.589147 1.635774
vt 2.536121 1.701410
vt 2.611129 -1.286439
vt 2.633675 -1.288855
vt 2.581767 -0.173931
vt 2.648994 -0.115683
vt 2.660807 0.126221
vt 2.645257 0.163936
vt 2.578242 0.234406
vt 2.620004 1.523134
vt 2.664807 -1.307178
vt 2.666197 -0.249172
vt 2.692188 -0.176459
vt 2.701964 0.151835
vt 2.664909 0.166209
vt 2.675358 1.372608
vt 2.655451 1.453007
vt 2.709208 -1.330351
vt 2.730339 -1.312682
vt 2.718754 -0.371462
vt 2.711401 0.138683
vt 2.710961 1.276302
vt 2.754807 -1.313509
vt 2.764918 -0.509732
vt 2.743629 -0.442017
vt 2.757943 0.131996
vt 2.731487 0.163392
vt 2.756019 1.181733
vt 2.794657 -1.291582
vt 2.850386 -1.297944
vt 2.797378 -0.613081
vt 2.833631 0.111281
vt 2.802984 0.168000
vt 2.765866 0.184468
vt 2.843979 0.923674
vt 2.809348 0.992309
vt 2.783085 1.136815
vt 2.776502 -1.330128
vt 2.850236 -1.325702
vt 2.845955 -0.688367
vt 2.898968 0.159172
vt 2.820519 0.186634
vt 2.867452 0.601622
vt 2.853677 0.697406
vt 2.812502 0.865476
vt 2.762261 0.930790
vt 2.875753 -1.295523
vt 2.886265 -1.224782
vt 2.891945 -1.088001
vt 2.859209 -1.068928
vt 2.871130 -0.830887
vt 2.894302 -0.772596
vt 2.903075 0.067221
vt 2.857498 0.127521
vt 2.905104 0.302150
vt 2.880674 0.414573
vt 2.876725 0.525954
vt 2.946427 -1.076941
vt 2.925949 -1.060331
vt 2.934275 -0.879689
vt 2.966319 -0.829447
vt 2.929752 -0.049348
vt 2.936770 0.194341
vt 2.972318 -1.057866
vt 2.979794 -0.996814
vt 2.962517 -0.061387
vt 2.964531 0.035395
vt 2.957994 0.110437
vt 2.222564 1.809822
vt 2.214059 1.927168
vt 2.212228 2.055752
vt 2.220480 2.167631
vt 2.226359 2.234301
vt 2.265399 -0.361884
vt 2.258472 -0.262349
vt 2.254106 -0.130826
vt 2.249099 0.000981
vt 2.248658 0.126811
vt 2.247428 0.253413
vt 2.262830 0.371775
vt 2.329481 0.418044
vt 2.333905 0.896340
vt 2.311832 0.973307
vt 2.250768 1.103388
vt 2.245419 1.255554
vt 2.248203 1.377585
vt 2.248230 1.503426
vt 2.240679 1.640532
vt 2.230661 1.736708
vt 2.233814 2.285396
vt 2.242172 2.385930
vt 2.243223 2.509752
vt 2.243256 2.634729
vt 2.241641 2.762002
vt 2.241041 2.887913
vt 2.241043 3.012913
vt 2.314698 -0.532808
vt 2.291058 -0.468290
vt 2.251678 0.371333
vt 2.315003 0.414364
vt 2.348507 0.550534
vt 2.359373 0.671785
vt 2.335102 0.814999
vt 2.289031 0.942483
vt 2.231290 1.013546
vt 2.389306 -0.736059
vt 2.334813 -0.645787
vt 2.310451 0.397161
vt 2.366687 0.489116
vt 2.392925 0.611884
vt 2.339522 0.748718
vt 2.296213 0.865292
vt 2.374438 -0.795064
vt 2.314666 -0.725194
vt 2.313491 0.388035
vt 2.353065 0.435113
vt 2.380831 0.555448
vt 2.359903 0.649082
vt 2.435823 -0.872680
vt 2.373788 0.428195
vt 2.390995 0.509793
vt 2.375857 0.585328
vt 2.484262 -0.960762
vt 2.434767 0.329742
vt 2.435478 0.335014
vt 2.482045 -1.113120
vt 2.518355 -1.078074
vt 2.481370 0.289050
vt 2.476186 0.352113
vt 2.488554 0.421137
vt 2.484522 -1.113634
vt 2.540161 -1.089802
vt 2.482195 0.262528
vt 2.507427 0.307609
vt 2.502067 0.366639
vt 2.609975 -1.154903
vt 2.536371 0.314135
vt 2.533652 0.328190
vt 2.614770 1.873448
vt 2.604550 1.985719
vt 2.595670 2.124448
vt 2.600607 2.243313
vt 2.603440 2.365599
vt 2.603282 2.490566
vt 2.657256 -1.202595
vt 2.668678 1.686792
vt 2.638248 1.764942
vt 2.698847 -1.260121
vt 2.660106 0.004011
vt 2.659733 0.044921
vt 2.760776 1.502421
vt 2.703434 1.578324
vt 2.749104 -1.305585
vt 2.725315 -1.295876
vt 2.703456 -0.051853
vt 2.703152 0.055966
vt 2.708020 0.109088
vt 2.769013 1.448370
vt 2.705834 1.487591
vt 2.815964 -1.315256
vt 2.788467 -1.298932
vt 2.755494 -0.253065
vt 2.768811 -0.159970
vt 2.811318 -0.028243
vt 2.762958 0.102302
vt 2.750942 0.133334
vt 2.785284 1.372640
vt 2.726995 1.446614
vt 2.826006 -1.303088
vt 2.849846 -1.289706
vt 2.798366 -0.309964
vt 2.869346 -0.220873
vt 2.866505 -0.085240
vt 2.847204 0.019726
vt 2.787044 0.104787
vt 2.843281 1.281085
vt 2.883310 -1.291038
vt 2.843116 -0.505924
vt 2.876721 -0.408854
vt 2.913458 -0.310373
vt 2.905034 0.015163
vt 2.876771 0.053681
vt 2.917974 1.111187
vt 2.869568 1.176411
vt 2.911567 -1.279730
vt 2.933730 -1.296404
vt 2.899130 -0.564469
vt 2.961171 -0.505373
vt 2.930733 0.062337
vt 2.907082 0.115610
vt 2.936925 0.919817
vt 2.901580 1.032719
vt 2.852906 1.122420
vt 2.974180 -1.287728
vt 3.015162 -1.214961
vt 2.999168 -0.659988
vt 3.006766 -0.568039
vt 3.017857 0.030703
vt 2.979634 0.064327
vt 2.965861 0.609136
vt 2.989394 0.680408
vt 2.957469 0.834227
vt 2.952202 -1.281264
vt 2.998882 -1.205730
vt 3.020562 -1.112927
vt 3.068503 -1.058284
vt 3.015020 -0.735384
vt 3.060664 -0.081861
vt 3.024597 0.012026
vt 3.008623 0.277317
vt 3.009615 0.403407
vt 3.008948 0.551015
vt 3.050489 0.615272
vt 2.988433 -1.085525
vt 3.058907 -1.053916
vt 3.071922 -0.953050
vt 3.048615 -0.818350
vt 3.090243 -0.122571
vt 3.057614 -0.104489
vt 3.104422 0.101363
vt 3.048774 0.171389
vt 3.031464 -1.026034
vt 3.032621 -1.003073
vt 3.091404 -0.078208
vt 3.085035 0.034660
vt 3.024990 0.111674
vt 2.349111 1.803730
vt 2.340678 1.924256
vt 2.340628 2.051463
vt 2.344659 2.168879
vt 2.304287 2.231537
vt 2.391361 -0.368223
vt 2.385390 -0.264795
vt 2.380052 -0.131861
vt 2.373036 0.002368
vt 2.370980 0.131019
vt 2.374402 0.250851
vt 2.377196 0.372003
vt 2.382832 0.477155
vt 2.410216 0.599946
vt 2.406703 0.724713
vt 2.382225 0.858742
vt 2.377345 0.991669
vt 2.369394 1.129720
vt 2.370149 1.257290
vt 2.371735 1.379728
vt 2.370924 1.507114
vt 2.360643 1.645175
vt 2.354382 1.733205
vt 2.390749 2.203033
vt 2.355845 2.269414
vt 2.369634 2.384432
vt 2.372063 2.507051
vt 2.371744 2.631328
vt 2.370771 2.757921
vt 2.370144 2.884024
vt 2.370112 3.009027
vt 2.441531 -0.534925
vt 2.407275 -0.467185
vt 2.347998 0.496790
vt 2.364439 0.583071
vt 2.339158 0.711196
vt 2.333808 0.805080
vt 2.478991 -0.739051
vt 2.456587 -0.629873
vt 2.505128 -0.848973
vt 2.555167 -0.915145
vt 2.598346 -1.000613
vt 2.644311 -1.046846
vt 2.693743 -1.085792
vt 2.736653 2.067194
vt 2.728073 2.143177
vt 2.725073 2.273471
vt 2.724964 2.398739
vt 2.725191 2.523820
vt 2.734439 -1.150490
vt 2.745418 1.867101
vt 2.709934 2.002833
vt 2.670658 2.132769
vt 2.672054 2.258224
vt 2.672751 2.382374
vt 2.672923 2.507422
vt 2.778431 -1.202547
vt 2.789739 1.680325
vt 2.766321 1.774641
vt 2.821545 -1.258868
vt 2.826001 1.486122
vt 2.808533 1.577955
vt 2.870602 -1.329074
vt 2.865621 1.402319
vt 2.896771 -1.324642
vt 2.915951 -1.302029
vt 2.914750 1.318033
vt 2.949934 -1.297196
vt 2.972085 -1.272865
vt 2.927159 -0.189548
vt 2.921533 -0.112184
vt 2.922059 -0.048934
vt 3.008538 1.187247
vt 2.951361 1.224676
vt 3.000094 -1.263046
vt 3.043263 -1.226168
vt 2.965506 -0.380794
vt 2.976602 -0.291030
vt 2.984961 -0.161834
vt 2.970800 -0.032892
vt 2.970573 0.013711
vt 2.999284 1.110387
vt 2.937550 1.188349
vt 2.970233 -1.256805
vt 3.033103 -1.242352
vt 2.994483 -0.442752
vt 3.066828 -0.343014
vt 3.081307 -0.230911
vt 3.059892 -0.092190
vt 3.007482 -0.007048
vt 3.059244 0.921514
vt 3.030848 0.996554
vt 3.080860 -1.236423
vt 3.101398 -1.170644
vt 3.156395 -1.068825
vt 3.175828 -1.006942
vt 3.066654 -0.636087
vt 3.069198 -0.545380
vt 3.144214 -0.444641
vt 3.133277 -0.211316
vt 3.120845 -0.171947
vt 3.055825 -0.042302
vt 3.054074 -0.002318
vt 3.179076 0.489628
vt 3.162842 0.547145
vt 3.091999 0.685269
vt 3.086461 0.817992
vt 3.072624 -1.147616
vt 3.103102 -1.084061
vt 3.156345 -0.986257
vt 3.223506 -0.948844
vt 3.132643 -0.703084
vt 3.174543 -0.610383
vt 3.207464 -0.539494
vt 3.213006 -0.330924
vt 3.187499 -0.224008
vt 3.096031 -0.103829
vt 3.058702 -0.010379
vt 3.204448 0.172717
vt 3.147270 0.242184
vt 3.146716 0.421308
vt 3.100459 0.534399
vt 3.057757 0.615370
vt 3.146739 -0.986545
vt 3.196771 -0.929966
vt 3.192506 -0.798981
vt 3.193902 -0.643644
vt 3.216336 -0.569156
vt 3.212087 -0.344920
vt 3.188514 -0.278568
vt 3.164475 -0.187856
vt 3.206508 -0.085011
vt 3.186008 0.089220
vt 3.123306 0.174431
vt 3.172460 -0.062950
vt 3.165503 -0.007861
vt 2.473291 1.803603
vt 2.469027 1.921941
vt 2.471233 2.033876
vt 2.430516 2.123060
vt 2.514164 -0.371966
vt 2.507275 -0.260895
vt 2.504106 -0.130652
vt 2.497750 0.002759
vt 2.494541 0.132644
vt 2.495350 0.256725
vt 2.500987 0.373576
vt 2.504501 0.493481
vt 2.505131 0.616668
vt 2.501452 0.745229
vt 2.502976 0.869520
vt 2.500071 0.999783
vt 2.495299 1.131921
vt 2.495625 1.256323
vt 2.495754 1.381138
vt 2.493841 1.509324
vt 2.484247 1.647001
vt 2.477881 1.734692
vt 2.519002 2.057987
vt 2.483199 2.152343
vt 2.509734 2.251101
vt 2.484533 2.365856
vt 2.482540 2.486701
vt 2.483891 2.611658
vt 2.488641 2.736452
vt 2.492312 2.861960
vt 2.492787 2.986829
vt 2.552456 -0.541746
vt 2.527535 -0.456581
vt 2.615966 2.091098
vt 2.561429 2.173071
vt 2.545372 2.311445
vt 2.566686 2.435502
vt 2.586544 2.553716
vt 2.578991 2.698011
vt 2.579656 2.830154
vt 2.579108 2.955412
vt 2.593536 -0.743563
vt 2.573380 -0.646377
vt 2.628448 2.073204
vt 2.610912 2.108944
vt 2.612078 2.245751
vt 2.642757 2.365384
vt 2.631868 2.474768
vt 2.633867 -0.862742
vt 2.672478 2.109919
vt 2.672678 2.197091
vt 2.677086 2.277894
vt 2.681699 -0.920887
vt 2.723348 -1.013232
vt 2.769802 -1.062781
vt 2.847311 2.124290
vt 2.850691 2.206030
vt 2.835637 2.338005
vt 2.830953 2.466605
vt 2.831062 2.591785
vt 2.815043 -1.114979
vt 2.882906 1.960592
vt 2.829553 2.048813
vt 2.813270 2.175527
vt 2.797669 2.305152
vt 2.792531 2.430262
vt 2.792441 2.555205
vt 2.862106 -1.164484
vt 2.916985 1.753717
vt 2.866037 1.857598
vt 2.806733 1.968496
vt 2.903778 -1.232839
vt 2.898622 1.676192
vt 2.846312 1.770075
vt 2.950909 -1.267302
vt 2.953275 1.505109
vt 2.930672 1.573008
vt 2.996111 -1.333368
vt 2.994996 1.400923
vt 3.022250 -1.325393
vt 3.044996 -1.320379
vt 3.041337 1.315464
vt 3.077003 -1.302975
vt 3.099640 -1.280738
vt 3.096070 1.195266
vt 3.069205 1.250019
vt 3.128378 -1.269686
vt 3.148845 -1.224457
vt 3.175682 0.999104
vt 3.121280 1.052667
vt 3.174974 -1.196573
vt 3.225770 -1.150535
vt 3.136915 -0.320337
vt 3.136382 -0.292884
vt 3.227310 0.791415
vt 3.168138 0.905433
vt 3.093991 0.995237
vt 3.155307 -1.212819
vt 3.216472 -1.150902
vt 3.232385 -1.057681
vt 3.237861 -0.993724
vt 3.158699 -0.376737
vt 3.191998 -0.280296
vt 3.184467 -0.217492
vt 3.234996 0.484586
vt 3.226371 0.570989
vt 3.209563 0.729074
vt 3.145861 0.806917
vt 3.254507 -0.955331
vt 3.278667 -0.923542
vt 3.230494 -0.463691
vt 3.237828 -0.352208
vt 3.223624 -0.254320
vt 3.281558 0.167451
vt 3.268452 0.259880
vt 3.252580 0.403112
vt 3.297602 -0.889150
vt 3.314572 -0.797020
vt 3.333454 -0.698876
vt 3.269737 -0.524352
vt 3.290883 -0.413321
vt 3.318928 -0.322546
vt 3.330836 -0.202013
vt 3.326444 -0.066270
vt 3.301331 0.087374
vt 2.553566 1.821023
vt 2.553243 1.911820
vt 2.543424 1.977280
vt 2.639978 -0.379553
vt 2.630861 -0.258665
vt 2.625532 -0.125825
vt 2.620496 0.006166
vt 2.619682 0.132678
vt 2.619660 0.257607
vt 2.623809 0.376792
vt 2.625592 0.499178
vt 2.628040 0.620686
vt 2.627331 0.746694
vt 2.628870 0.869366
vt 2.626965 0.997165
vt 2.625048 1.124845
vt 2.624638 1.250395
vt 2.622446 1.378701
vt 2.617307 1.510770
vt 2.612158 1.643543
vt 2.603118 1.774143
vt 2.624342 1.900522
vt 2.622310 2.012268
vt 2.614317 2.124231
vt 2.593317 2.187569
vt 2.677721 -0.526441
vt 2.651368 -0.461812
vt 2.709900 1.999358
vt 2.661768 2.050253
vt 2.605289 2.160357
vt 2.633080 2.568605
vt 2.636632 2.664327
vt 2.639467 2.795548
vt 2.638854 2.920960
vt 2.702741 -0.734189
vt 2.724001 -0.654329
vt 2.703640 2.006047
vt 2.672698 2.045721
vt 2.673947 2.382580
vt 2.665673 2.495009
vt 2.691129 2.619924
vt 2.702733 2.745250
vt 2.702856 2.870133
vt 2.770816 -0.807986
vt 2.797208 -0.724190
vt 2.775044 1.959907
vt 2.735389 2.021675
vt 2.718215 2.164073
vt 2.715943 2.300115
vt 2.739694 2.430001
vt 2.750945 2.555173
vt 2.761195 2.680001
vt 2.761220 2.804969
vt 2.887834 -0.979894
vt 2.821119 -0.933754
vt 2.828975 2.027292
vt 2.814380 2.099746
vt 2.782840 2.239612
vt 2.790776 2.365153
vt 2.797920 2.490129
vt 2.803406 2.614991
vt 2.803395 2.740013
vt 2.888480 -0.981313
vt 2.856875 -1.005229
vt 2.870846 2.066128
vt 2.842273 2.174988
vt 2.841611 2.299167
vt 2.838539 2.425177
vt 2.831991 2.549806
vt 2.832004 2.674768
vt 2.894599 -1.057002
vt 2.961727 1.891950
vt 2.905646 1.980366
vt 2.852714 2.107722
vt 2.860649 2.238289
vt 2.849108 2.370497
vt 2.841061 2.500026
vt 2.841071 2.625254
vt 2.944163 -1.103611
vt 2.967423 1.824558
vt 2.914510 1.932418
vt 2.861514 2.031257
vt 2.978465 -1.209521
vt 3.001134 1.762088
vt 2.943827 1.848807
vt 3.028703 -1.223379
vt 3.070830 1.568200
vt 3.018912 1.626743
vt 3.074861 -1.269195
vt 3.059331 1.509216
vt 2.993007 1.569720
vt 3.121594 -1.320229
vt 3.119103 1.386993
vt 3.145968 -1.320793
vt 3.170674 -1.330789
vt 3.206870 1.251671
vt 3.158578 1.306351
vt 3.205532 -1.297337
vt 3.237941 -1.248800
vt 3.288014 -1.172568
vt 3.284252 1.059665
vt 3.211860 1.159845
vt 3.131274 1.249731
vt 3.209446 -1.220460
vt 3.250224 -1.146408
vt 3.279320 -1.071301
vt 3.270314 1.010000
vt 3.221079 1.071017
vt 3.228016 -1.139955
vt 3.291337 -1.114965
vt 3.317148 0.781731
vt 3.297926 0.894277
vt 3.323240 -1.081012
vt 3.342292 -1.034842
vt 3.367275 -0.978357
vt 3.328096 0.484750
vt 3.358213 0.564813
vt 3.327641 0.696067
vt 3.379504 -0.936582
vt 3.402205 -0.914647
vt 3.352906 0.173978
vt 3.394069 0.249132
vt 3.382903 0.418671
vt 3.417072 0.496196
vt 3.423492 -0.878694
vt 3.439829 -0.793978
vt 3.457300 -0.719854
vt 3.452492 -0.570668
vt 3.450732 -0.442553
vt 3.453001 -0.316215
vt 3.447563 -0.188022
vt 3.442192 -0.055165
vt 3.413540 0.102995
vt 3.443033 0.193527
vt 3.502311 -0.690316
vt 3.501837 -0.623831
vt 2.762988 -0.387588
vt 2.755507 -0.257927
vt 2.747789 -0.122451
vt 2.745737 0.006239
vt 2.745596 0.131243
vt 2.743763 0.258848
vt 2.746739 0.379657
vt 2.750443 0.499266
vt 2.752691 0.621483
vt 2.750137 0.750192
vt 2.753103 0.870362
vt 2.753986 0.994128
vt 2.753693 1.119562
vt 2.752813 1.245952
vt 2.750218 1.374697
vt 2.746024 1.505796
vt 2.743085 1.634985
vt 2.741508 1.762535
vt 2.747829 1.881317
vt 2.763812 1.946300
vt 2.797646 -0.528935
vt 2.774317 -0.465830
vt 2.789164 1.952707
vt 2.758844 1.969409
vt 2.845095 -0.636679
vt 2.855388 1.934227
vt 2.831220 1.941918
vt 2.885754 -0.801333
vt 2.866926 -0.723181
vt 2.878526 1.926044
vt 2.853856 1.971131
vt 2.950249 -0.983670
vt 2.927510 -0.918857
vt 2.946613 1.933414
vt 2.925179 2.001032
vt 2.907934 2.042659
vt 2.960746 -1.006337
vt 2.984601 -1.034011
vt 3.009945 1.979874
vt 2.939441 2.004464
vt 3.019869 -1.066603
vt 3.030561 1.904590
vt 2.960812 1.966999
vt 3.062998 -1.136375
vt 3.064087 1.767922
vt 3.110121 -1.158846
vt 3.191571 1.639845
vt 3.124963 1.689440
vt 3.176354 -1.231033
vt 3.171151 1.573888
vt 3.121076 1.643421
vt 3.202608 -1.228897
vt 3.255789 -1.211500
vt 3.257307 1.382312
vt 3.203768 1.447398
vt 3.219164 -1.312439
vt 3.283386 -1.270871
vt 3.274497 1.324349
vt 3.209421 1.355451
vt 3.213154 -1.316354
vt 3.284848 -1.323946
vt 3.289240 1.251708
vt 3.223206 1.315144
vt 3.335317 -1.313587
vt 3.341397 -1.257705
vt 3.297640 -1.171859
vt 3.345091 1.055060
vt 3.319151 1.124522
vt 3.385780 -1.244257
vt 3.360242 -1.153402
vt 3.387177 -1.079014
vt 3.384694 0.973864
vt 3.435498 -1.102836
vt 3.469355 -1.047778
vt 3.438851 0.783897
vt 3.414470 0.878951
vt 3.395085 -1.077661
vt 3.430716 -1.007546
vt 3.461477 -0.894853
vt 3.542796 0.484848
vt 3.494781 0.563257
vt 3.456686 0.688738
vt 3.492873 -0.884633
vt 3.519024 -0.896191
vt 3.597243 0.169231
vt 3.529337 0.249639
vt 3.508635 0.424434
vt 3.461253 0.496451
vt 3.552036 -0.892469
vt 3.562096 -0.811624
vt 3.520982 -0.764202
vt 3.547737 -0.531469
vt 3.585672 -0.453349
vt 3.575577 -0.305914
vt 3.561239 -0.170992
vt 3.559958 -0.041790
vt 3.576700 0.101783
vt 3.519830 0.189501
vt 3.608134 -0.783372
vt 3.579996 -0.729181
vt 3.595471 -0.588192
vt 3.635801 -0.499432
vt 2.953462 -0.470178
vt 2.897679 -0.407931
vt 2.880766 -0.257893
vt 2.874222 -0.123931
vt 2.871901 0.004485
vt 2.871375 0.130324
vt 2.868763 0.258908
vt 2.868861 0.383904
vt 2.872408 0.503661
vt 2.874702 0.625351
vt 2.879159 0.745641
vt 2.883215 0.866517
vt 2.883106 0.988577
vt 2.883242 1.112333
vt 2.880923 1.241593
vt 2.876754 1.372418
vt 2.873549 1.502424
vt 2.873305 1.627489
vt 2.872502 1.754214
vt 2.891521 1.875438
vt 2.861557 1.923210
vt 2.922207 -0.531661
vt 2.869812 -0.468125
vt 2.949779 1.899843
vt 2.918334 1.944678
vt 3.036355 -0.720768
vt 2.971974 -0.674486
vt 2.959880 1.922086
vt 2.980325 1.931655
vt 3.014501 -0.767571
vt 2.959350 -0.720467
vt 3.010134 1.905688
vt 3.045679 -0.982572
vt 3.065978 -0.925473
vt 3.053615 1.886142
vt 3.040989 1.947309
vt 3.059267 -1.012405
vt 3.118270 -1.031608
vt 3.133054 1.827936
vt 3.088204 1.915062
vt 3.139795 -1.037619
vt 3.177319 1.771021
vt 3.119121 1.826745
vt 3.198907 -1.095990
vt 3.169358 1.670485
vt 3.133907 1.738954
vt 3.236541 -1.079802
vt 3.236044 1.639464
vt 3.170601 1.691969
vt 3.267560 -1.156281
vt 3.315032 -1.146556
vt 3.330652 1.441404
vt 3.274861 1.512321
vt 3.243217 -1.182352
vt 3.306328 -1.160607
vt 3.318965 1.394757
vt 3.256472 1.442536
vt 3.366223 -1.196323
vt 3.373101 1.303607
vt 3.421279 -1.248491
vt 3.471889 -1.227020
vt 3.466349 1.124799
vt 3.423187 1.192539
vt 3.404630 -1.268364
vt 3.465000 -1.273513
vt 3.453153 1.060370
vt 3.393767 1.126458
vt 3.501065 -1.264030
vt 3.529633 -1.146345
vt 3.499114 -1.096097
vt 3.544868 0.861956
vt 3.495105 0.925978
vt 3.589228 -1.132286
vt 3.555331 -1.102071
vt 3.521526 -1.046500
vt 3.615451 0.674518
vt 3.537249 0.766441
vt 3.469078 0.869847
vt 3.612232 -1.090602
vt 3.580500 -1.022570
vt 3.606825 -0.938935
vt 3.635480 0.337674
vt 3.603306 0.449251
vt 3.581327 0.603675
vt 3.534683 0.680373
vt 3.627281 -0.903233
vt 3.648709 -0.910217
vt 3.686182 -0.325370
vt 3.677242 -0.244819
vt 3.714097 -0.125748
vt 3.699330 -0.004741
vt 3.668293 0.137642
vt 3.615263 0.276427
vt 3.590035 0.389540
vt 3.679680 -0.894459
vt 3.702176 -0.851646
vt 3.723576 -0.528863
vt 3.682686 -0.423346
vt 3.659466 -0.285238
vt 3.664080 -0.159993
vt 3.643229 -0.023054
vt 3.643321 0.066537
vt 3.715149 -0.809213
vt 3.723692 -0.725261
vt 3.714974 -0.587583
vt 3.649493 -0.499594
vt 3.020599 -0.472222
vt 3.011123 -0.393390
vt 3.002572 -0.254539
vt 2.999528 -0.124358
vt 2.995454 0.006241
vt 2.995389 0.131662
vt 2.995845 0.255967
vt 2.995080 0.382175
vt 2.995730 0.506475
vt 3.018728 0.622635
vt 2.989221 0.726944
vt 2.971960 0.846703
vt 3.010462 0.985787
vt 3.010292 1.110097
vt 3.006622 1.240654
vt 3.003266 1.370282
vt 3.002167 1.496728
vt 3.000688 1.623929
vt 3.003869 1.745608
vt 3.015029 1.830043
vt 3.043975 -0.559379
vt 3.080238 0.645139
vt 3.074233 0.703909
vt 3.052046 0.817165
vt 3.059201 0.931515
vt 3.053892 1.865699
vt 3.035516 1.900402
vt 3.100315 -0.720916
vt 3.074461 -0.672428
vt 3.128564 1.834576
vt 3.090832 1.873300
vt 3.050751 1.901509
vt 3.129431 -0.820152
vt 3.146467 1.831930
vt 3.084532 1.868865
vt 3.180844 -0.920496
vt 3.210681 1.810617
vt 3.188116 1.835315
vt 3.224327 -0.984952
vt 3.224594 1.792188
vt 3.268401 -1.018571
vt 3.270095 1.728593
vt 3.316851 -1.075804
vt 3.316633 1.619869
vt 3.359467 -1.109782
vt 3.414422 -1.100860
vt 3.359738 1.588619
vt 3.342772 -1.135230
vt 3.402050 -1.116176
vt 3.418943 1.445744
vt 3.397086 1.507994
vt 3.445416 -1.101135
vt 3.502817 -1.101564
vt 3.532073 1.254513
vt 3.458572 1.332316
vt 3.450313 -1.150057
vt 3.515421 -1.125038
vt 3.554388 1.222253
vt 3.488285 1.248314
vt 3.473310 -1.194540
vt 3.525427 -1.181278
vt 3.619049 -0.003122
vt 3.616760 0.013531
vt 3.551501 1.143382
vt 3.499764 1.191964
vt 3.587984 -1.248752
vt 3.627011 -0.065261
vt 3.606067 0.026292
vt 3.646136 0.090929
vt 3.585713 1.022698
vt 3.611977 -1.230827
vt 3.643702 -1.188197
vt 3.692197 -0.254798
vt 3.640549 -0.165128
vt 3.639720 -0.036797
vt 3.662443 0.066599
vt 3.643092 0.864339
vt 3.619913 0.946700
vt 3.658663 -1.165283
vt 3.672002 -1.097727
vt 3.697701 -0.329229
vt 3.651962 -0.226410
vt 3.666580 -0.102203
vt 3.698315 0.021150
vt 3.696173 0.676707
vt 3.671090 0.747243
vt 3.701866 -1.094124
vt 3.727781 -1.055312
vt 3.699517 -0.986807
vt 3.796875 -0.506311
vt 3.735565 -0.431596
vt 3.669795 -0.302044
vt 3.674467 -0.156193
vt 3.737215 -0.025817
vt 3.777611 0.060828
vt 3.758485 0.188986
vt 3.723110 0.307218
vt 3.717258 0.461312
vt 3.706194 0.597215
vt 3.792100 -1.031832
vt 3.762906 -0.976758
vt 3.729586 -0.936862
vt 3.803022 -0.523278
vt 3.806567 -0.523895
vt 3.706393 -0.356571
vt 3.685609 -0.205950
vt 3.730673 -0.095472
vt 3.750914 0.017605
vt 3.705575 0.163458
vt 3.689325 0.244092
vt 3.827362 -0.994698
vt 3.798624 -0.945008
vt 3.773816 -0.884888
vt 3.892414 -0.637647
vt 3.822551 -0.552020
vt 3.759953 -0.430406
vt 3.865152 -0.948912
vt 3.836094 -0.863090
vt 3.866486 -0.713692
vt 3.817433 -0.626932
vt 3.145221 -0.472738
vt 3.137093 -0.392999
vt 3.128245 -0.255016
vt 3.124605 -0.124635
vt 3.121633 0.005052
vt 3.120384 0.131738
vt 3.119673 0.257391
vt 3.119840 0.382242
vt 3.147424 0.511531
vt 3.119444 0.575506
vt 3.086389 1.028632
vt 3.098778 1.098312
vt 3.138923 1.235422
vt 3.132337 1.364390
vt 3.128172 1.495407
vt 3.126044 1.623293
vt 3.130915 1.742405
vt 3.141366 1.807385
vt 3.169134 -0.561470
vt 3.208402 0.528395
vt 3.172606 0.576049
vt 3.125014 0.664316
vt 3.125558 0.782369
vt 3.128701 0.946682
vt 3.185786 1.061012
vt 3.199183 1.166925
vt 3.172707 1.827656
vt 3.216917 -0.717759
vt 3.194318 -0.657542
vt 3.246865 0.563448
vt 3.212363 0.608610
vt 3.206069 0.747361
vt 3.236565 0.878267
vt 3.252294 0.967689
vt 3.202706 1.792980
vt 3.225586 1.795878
vt 3.259980 -0.845567
vt 3.300654 0.603863
vt 3.316648 0.688580
vt 3.310311 0.769980
vt 3.254049 1.772859
vt 3.362577 -0.995739
vt 3.302451 -0.963522
vt 3.366264 0.528189
vt 3.351254 0.630211
vt 3.375642 0.674436
vt 3.318084 1.753431
vt 3.297681 1.768642
vt 3.380090 -0.994072
vt 3.352768 -0.993557
vt 3.419113 0.480018
vt 3.402563 0.549782
vt 3.409953 0.619690
vt 3.386774 1.768373
vt 3.356223 1.764722
vt 3.399530 -0.998919
vt 3.461670 -0.964636
vt 3.432845 0.404848
vt 3.429089 0.489073
vt 3.445143 0.554601
vt 3.396202 1.741030
vt 3.407879 -1.024599
vt 3.481467 -1.000798
vt 3.480290 0.360245
vt 3.490186 0.434274
vt 3.482838 0.514103
vt 3.439821 1.630880
vt 3.432166 -1.067400
vt 3.484704 -1.057885
vt 3.560462 0.262461
vt 3.552760 0.289404
vt 3.544893 1.507352
vt 3.485255 1.547147
vt 3.529345 -1.082287
vt 3.567042 0.245693
vt 3.567358 0.273564
vt 3.534987 1.514032
vt 3.531626 1.522680
vt 3.580159 -1.106679
vt 3.541689 -1.102573
vt 3.647260 0.130557
vt 3.648234 0.150494
vt 3.593985 1.242847
vt 3.566555 1.365336
vt 3.600633 1.457897
vt 3.610998 -1.209969
vt 3.573147 -1.145175
vt 3.675403 0.084800
vt 3.666216 0.127164
vt 3.618554 1.199710
vt 3.704816 -1.254632
vt 3.641873 -1.203108
vt 3.730593 -0.129573
vt 3.686444 -0.027001
vt 3.657353 0.097968
vt 3.700957 0.188529
vt 3.667228 1.135276
vt 3.747205 -1.254476
vt 3.717344 -1.252420
vt 3.736627 -0.179276
vt 3.674695 -0.124627
vt 3.625409 0.096994
vt 3.690857 0.176140
vt 3.750806 0.234242
vt 3.705210 1.041434
vt 3.766613 -1.242463
vt 3.729887 -1.202817
vt 3.739880 -0.269028
vt 3.679278 -0.188854
vt 3.698801 0.133564
vt 3.784783 0.210246
vt 3.835704 0.249974
vt 3.765073 0.866110
vt 3.742217 0.938414
vt 3.820820 -1.286324
vt 3.788745 -1.248036
vt 3.783693 -1.143426
vt 3.849270 -0.436106
vt 3.788286 -0.411756
vt 3.755626 0.062885
vt 3.802970 0.146022
vt 3.839742 0.237799
vt 3.823072 0.655779
vt 3.796803 0.769077
vt 3.867240 -1.225908
vt 3.839174 -1.126408
vt 3.853941 -1.068837
vt 3.861314 -0.492886
vt 3.791028 -0.447813
vt 3.773884 0.040413
vt 3.805406 0.064676
vt 3.858041 0.200017
vt 3.855670 0.319765
vt 3.838459 0.466507
vt 3.832421 0.578948
vt 3.872701 -1.029700
vt 3.896544 -1.042426
vt 3.882902 -0.578874
vt 3.858438 -0.532165
vt 3.941323 -1.031266
vt 3.919488 -0.998832
vt 3.923194 -0.664905
vt 3.870184 -0.584642
vt 4.007346 -1.021109
vt 3.970678 -0.968349
vt 3.979158 -0.881863
vt 3.973500 -0.736171
vt 3.273088 -0.470920
vt 3.264884 -0.397029
vt 3.257277 -0.260539
vt 3.253533 -0.130107
vt 3.250064 0.000007
vt 3.247943 0.128277
vt 3.245747 0.256314
vt 3.243394 0.384622
vt 3.261147 0.475344
vt 3.267345 1.263525
vt 3.257286 1.363284
vt 3.252925 1.495597
vt 3.250431 1.624188
vt 3.256436 1.744571
vt 3.269373 1.795398
vt 3.297167 -0.542749
vt 3.279792 0.489491
vt 3.300304 0.508343
vt 3.275735 1.081091
vt 3.300133 1.157380
vt 3.295917 1.792798
vt 3.339637 -0.734540
vt 3.318610 -0.654581
vt 3.334901 0.513400
vt 3.307123 0.538675
vt 3.301608 0.898389
vt 3.331079 1.003778
vt 3.370866 1.092469
vt 3.334128 1.764613
vt 3.311707 1.782919
vt 3.455518 -0.915375
vt 3.392078 -0.862155
vt 3.425892 0.492522
vt 3.356984 0.547703
vt 3.334073 0.622020
vt 3.347766 0.832613
vt 3.408500 0.886535
vt 3.401209 1.761947
vt 3.378646 1.766656
vt 3.432192 -0.962851
vt 3.380223 -0.922764
vt 3.473849 0.428653
vt 3.415863 0.473039
vt 3.338501 0.611409
vt 3.442513 0.749838
vt 3.459438 0.831029
vt 3.427190 1.757966
vt 3.475309 1.782792
vt 3.476296 -1.021861
vt 3.451070 -1.025238
vt 3.539605 0.346473
vt 3.466091 0.396881
vt 3.477833 0.672349
vt 3.394483 1.769912
vt 3.458994 1.786457
vt 3.542517 -1.050320
vt 3.516550 -0.994120
vt 3.494991 -0.966945
vt 3.567417 0.283604
vt 3.503139 0.323583
vt 3.500348 0.642687
vt 3.519369 1.706942
vt 3.611932 -1.016709
vt 3.548043 -1.007322
vt 3.603883 0.242992
vt 3.562120 0.274398
vt 3.532083 0.404662
vt 3.538594 0.527166
vt 3.592072 1.565002
vt 3.544734 1.614885
vt 3.649794 -1.050135
vt 3.617362 -1.069047
vt 3.661829 0.136377
vt 3.580108 0.234427
vt 3.538969 0.358983
vt 3.615039 0.457462
vt 3.599483 1.525174
vt 3.539442 1.571794
vt 3.653215 -1.087095
vt 3.670454 0.051216
vt 3.613870 0.170844
vt 3.605226 0.292535
vt 3.663417 0.389815
vt 3.648362 1.457890
vt 3.630767 1.483547
vt 3.697310 -1.165538
vt 3.718647 -0.006313
vt 3.661073 0.103034
vt 3.638437 0.221164
vt 3.723769 0.315475
vt 3.718267 1.253057
vt 3.696157 1.363525
vt 3.637065 1.455322
vt 3.744833 -1.226785
vt 3.797427 -0.032184
vt 3.717664 0.013250
vt 3.692558 0.190286
vt 3.759835 0.251697
vt 3.744876 1.186566
vt 3.789327 -1.273159
vt 3.799552 -0.116653
vt 3.745417 -0.048174
vt 3.709950 0.173050
vt 3.775369 0.231327
vt 3.823776 0.284531
vt 3.789841 1.106509
vt 3.844178 -1.278833
vt 3.815514 -1.254125
vt 3.832758 -0.218714
vt 3.751599 0.249436
vt 3.827858 0.290788
vt 3.911047 0.318300
vt 3.896279 0.931463
vt 3.850977 1.009015
vt 3.915737 -1.326967
vt 3.883530 -1.319530
vt 3.917369 -0.389231
vt 3.871939 -0.322659
vt 3.843759 0.271670
vt 3.886598 0.299179
vt 3.951337 0.734063
vt 3.875899 0.837611
vt 3.823874 0.935932
vt 3.919941 -1.327644
vt 3.940790 -1.306206
vt 3.916037 -0.437578
vt 3.847195 -0.383259
vt 3.924469 0.308171
vt 4.000080 0.315757
vt 3.962386 0.553664
vt 3.922600 0.642578
vt 3.881449 0.761174
vt 3.956746 -1.271659
vt 3.968594 -1.162677
vt 3.979721 -1.066548
vt 4.033191 -0.640033
vt 3.992172 -0.557485
vt 3.926027 0.274352
vt 3.992977 0.272498
vt 3.950233 0.475232
vt 3.885270 0.555144
vt 3.999359 -1.012735
vt 4.020349 -1.017114
vt 4.065571 -0.696389
vt 3.971539 -0.653854
vt 4.072571 -1.037306
vt 4.134950 -1.013794
vt 4.067383 -0.744919
vt 4.001453 -0.738258
vt 4.047573 -1.028722
vt 4.104217 -0.993294
vt 4.091968 -0.800035
vt 4.025838 -0.764202
vt 3.396974 -0.482168
vt 3.384748 -0.391963
vt 3.380140 -0.257670
vt 3.379936 -0.132041
vt 3.379142 -0.006683
vt 3.378284 0.119293
vt 3.374863 0.250027
vt 3.377010 0.379212
vt 3.390734 0.435215
vt 3.390004 1.270392
vt 3.381447 1.365220
vt 3.378446 1.495017
vt 3.377155 1.622492
vt 3.385151 1.739553
vt 3.397666 1.791792
vt 3.416092 -0.571669
vt 3.411708 0.444948
vt 3.437552 0.464141
vt 3.420001 1.173070
vt 3.410693 1.813719
vt 3.470345 -0.723176
vt 3.447001 -0.644830
vt 3.464994 0.483763
vt 3.468983 1.028635
vt 3.444142 1.091283
vt 3.471522 1.751071
vt 3.529473 -0.908647
vt 3.505803 -0.844889
vt 3.509417 0.446601
vt 3.507906 0.921357
vt 3.498058 1.747261
vt 3.517750 1.737694
vt 3.539219 -0.970700
vt 3.543266 0.390407
vt 3.515046 0.395319
vt 3.515107 0.770203
vt 3.546637 0.831189
vt 3.552963 1.755606
vt 3.573575 1.786591
vt 3.593533 -1.051807
vt 3.583434 0.359909
vt 3.515577 0.394687
vt 3.590192 0.755312
vt 3.608787 0.771880
vt 3.600412 1.770592
vt 3.629886 -1.083896
vt 3.651187 -1.085446
vt 3.643959 0.265699
vt 3.646422 0.650669
vt 3.717631 1.644711
vt 3.662852 1.701637
vt 3.695119 -1.046437
vt 3.689854 0.210855
vt 3.703738 0.212369
vt 3.689236 0.584627
vt 3.689359 1.603951
vt 3.633012 1.641457
vt 3.722014 -1.076678
vt 3.744472 -1.101266
vt 3.740372 0.132319
vt 3.720395 0.193278
vt 3.737073 0.498824
vt 3.733022 1.530048
vt 3.844748 -1.168089
vt 3.786626 -1.122843
vt 3.775894 0.030877
vt 3.780083 0.419983
vt 3.780369 1.442524
vt 3.861135 -1.194583
vt 3.830768 -1.188092
vt 3.823603 -0.040679
vt 3.825395 0.358718
vt 3.793555 1.255020
vt 3.821511 1.329626
vt 3.870432 -1.219789
vt 3.870041 -0.067619
vt 3.869577 0.308652
vt 3.861368 1.214615
vt 3.884938 1.262629
vt 3.914906 -1.280127
vt 3.911416 -0.147969
vt 3.902209 0.283027
vt 3.925428 0.287990
vt 3.923704 1.091600
vt 3.972526 -1.337954
vt 4.037797 -1.317701
vt 3.960270 -0.216658
vt 3.973419 0.323367
vt 3.959000 0.314893
vt 4.032795 0.801483
vt 3.989255 0.903480
vt 3.947002 1.005573
vt 3.955484 -1.346004
vt 4.017537 -1.337507
vt 4.013108 -0.393018
vt 3.987587 -0.311348
vt 4.044741 0.309851
vt 4.013029 0.310546
vt 4.034790 0.599853
vt 3.993066 0.721130
vt 3.966574 0.822139
vt 4.038314 -1.304185
vt 4.060127 -1.264276
vt 4.110670 -0.576727
vt 4.051672 -0.520634
vt 4.045702 0.316860
vt 4.069030 0.329586
vt 4.039869 0.537185
vt 3.986848 0.634500
vt 4.086208 -1.237800
vt 4.102110 -1.181233
vt 4.113214 -1.112275
vt 4.106951 -0.639774
vt 4.046193 -0.569203
vt 4.110605 0.302867
vt 4.095539 0.442142
vt 4.127492 -1.075572
vt 4.152852 -0.998759
vt 4.234813 -0.862788
vt 4.122969 -0.780409
vt 4.130853 -0.987892
vt 4.166594 -0.934438
vt 4.166115 -0.809016
vt 4.177316 -0.937815
vt 4.200431 -0.879248
vt 3.552841 -0.598984
vt 3.522572 -0.521070
vt 3.502310 -0.379629
vt 3.501177 -0.250667
vt 3.504005 -0.128866
vt 3.506048 -0.008109
vt 3.507567 0.116945
vt 3.502841 0.247658
vt 3.499763 0.374626
vt 3.522525 0.473524
vt 3.581596 0.533493
vt 3.517179 1.267673
vt 3.507226 1.364304
vt 3.504946 1.492842
vt 3.506080 1.616915
vt 3.516948 1.733690
vt 3.479598 1.798040
vt 3.574807 -0.650291
vt 3.506244 -0.599284
vt 3.516113 0.473439
vt 3.540794 0.536340
vt 3.594593 1.093148
vt 3.542807 1.157897
vt 3.565700 1.770881
vt 3.552580 1.824605
vt 3.627019 -0.847372
vt 3.575601 -0.758182
vt 3.527615 -0.652469
vt 3.606928 0.507669
vt 3.673747 0.526454
vt 3.576658 1.025440
vt 3.511760 1.089650
vt 3.594026 1.770606
vt 3.613287 -0.918008
vt 3.565938 -0.847177
vt 3.634124 0.454548
vt 3.688543 0.500490
vt 3.696920 0.834230
vt 3.635778 0.890820
vt 3.625638 1.740478
vt 3.648054 1.733349
vt 3.664682 -0.998409
vt 3.672829 0.398256
vt 3.735015 0.433339
vt 3.707358 0.766096
vt 3.642674 0.815448
vt 3.677480 1.800246
vt 3.653190 1.809220
vt 3.718483 -1.100182
vt 3.732716 0.335111
vt 3.768253 0.383592
vt 3.803991 0.562923
vt 3.740282 0.689269
vt 3.658954 0.764394
vt 3.746979 1.712368
vt 3.681071 1.750172
vt 3.769289 -1.100844
vt 3.785121 -1.083037
vt 3.765299 0.279429
vt 3.804653 0.333244
vt 3.845593 0.508500
vt 3.761493 0.591425
vt 3.767978 1.636939
vt 3.711740 1.696088
vt 3.820418 -1.098735
vt 3.753540 0.244112
vt 3.824921 0.294944
vt 3.863109 0.416732
vt 3.795124 0.506888
vt 3.817887 1.564408
vt 3.852648 -1.069180
vt 3.881100 -1.096752
vt 3.824012 0.135515
vt 3.854965 0.220455
vt 3.911785 0.350559
vt 3.875544 0.451003
vt 3.923371 1.381938
vt 3.865467 1.459545
vt 3.901121 -1.172565
vt 3.887501 -1.113656
vt 3.881388 0.064331
vt 3.953205 0.170340
vt 3.961781 0.281741
vt 3.921146 0.397872
vt 3.947017 1.351881
vt 3.926701 1.392824
vt 3.940072 -1.223948
vt 3.960342 -1.215692
vt 3.948229 -0.022371
vt 4.005645 0.117862
vt 3.992969 0.221385
vt 3.931518 0.325826
vt 4.021267 1.278735
vt 3.965909 1.325467
vt 3.994782 -1.215475
vt 3.963348 -0.063707
vt 3.999001 0.032844
vt 4.038219 0.158164
vt 3.995937 0.281245
vt 3.999801 1.194854
vt 3.961884 1.263980
vt 4.030890 -1.226441
vt 4.086036 -1.209620
vt 4.007894 -0.128792
vt 4.052256 -0.015624
vt 4.089591 0.105881
vt 4.055638 0.236383
vt 4.027634 0.299213
vt 4.081139 0.990459
vt 4.026041 1.040464
vt 4.034827 -1.285765
vt 4.083324 -1.253665
vt 4.088328 -0.203650
vt 4.114682 -0.098732
vt 4.126182 0.244927
vt 4.099508 0.287442
vt 4.105535 0.797353
vt 4.071924 0.930441
vt 4.002853 0.999130
vt 4.122264 -1.255015
vt 4.177040 -1.225934
vt 4.114220 -0.398313
vt 4.112227 -0.301771
vt 4.115480 0.286486
vt 4.137351 0.306507
vt 4.134790 0.598962
vt 4.113165 0.721784
vt 4.108214 -1.274065
vt 4.162964 -1.219756
vt 4.214704 -1.169408
vt 4.148347 -0.578396
vt 4.188632 -0.535991
vt 4.162931 0.322758
vt 4.184673 0.392860
vt 4.149092 0.464423
vt 4.138859 -1.196780
vt 4.196985 -1.145558
vt 4.241360 -1.118137
vt 4.226044 -0.630861
vt 4.261263 -0.577338
vt 4.194914 0.408199
vt 4.172426 0.444920
vt 4.254095 -1.072485
vt 4.262177 -0.976193
vt 4.266502 -0.867932
vt 4.251227 -0.744338
vt 3.655923 -0.287582
vt 3.656296 -0.241358
vt 3.625299 -0.611034
vt 3.622831 -0.497380
vt 3.616812 -0.348436
vt 3.617429 -0.217706
vt 3.616174 -0.110352
vt 3.620624 0.008769
vt 3.618844 0.135636
vt 3.616119 0.263378
vt 3.615248 0.389058
vt 3.614653 0.511803
vt 3.654357 0.587000
vt 3.701456 0.666865
vt 3.686993 1.139585
vt 3.640499 1.232324
vt 3.630293 1.366310
vt 3.632584 1.488925
vt 3.645166 1.615214
vt 3.612707 1.691362
vt 3.716443 -0.787545
vt 3.661854 -0.726505
vt 3.637685 0.591287
vt 3.713911 0.646002
vt 3.754317 0.964429
vt 3.696084 1.063493
vt 3.625825 1.163449
vt 3.700121 1.645486
vt 3.658617 1.718731
vt 3.668102 1.814740
vt 3.701238 -0.839905
vt 3.637994 -0.784186
vt 3.665725 0.545895
vt 3.717741 0.610549
vt 3.754845 0.736336
vt 3.741795 0.883620
vt 3.694184 0.968761
vt 3.720251 1.784270
vt 3.756565 -0.959792
vt 3.723322 0.561102
vt 3.741137 0.688077
vt 3.742211 0.813458
vt 3.690859 0.898638
vt 3.746372 1.721509
vt 3.719121 1.731010
vt 3.761864 -1.006838
vt 3.770925 0.497578
vt 3.778157 0.615108
vt 3.772035 0.703767
vt 3.837617 1.652967
vt 3.788881 1.721279
vt 3.848971 -1.104072
vt 3.811369 0.332453
vt 3.828187 0.400143
vt 3.814971 0.544991
vt 3.784869 0.642270
vt 3.893762 1.595608
vt 3.843849 1.651009
vt 3.888994 -1.100249
vt 3.912655 -1.097064
vt 3.821202 0.321656
vt 3.834268 0.374564
vt 3.838489 0.438395
vt 3.934521 1.535049
vt 3.869596 1.570962
vt 3.936699 -1.058676
vt 3.859556 0.381784
vt 3.862908 0.392003
vt 3.949661 1.440142
vt 3.906717 1.507102
vt 3.972342 -1.072332
vt 3.993284 -1.106019
vt 3.948802 0.371308
vt 3.946841 0.389435
vt 3.975893 1.374377
vt 3.927651 1.451160
vt 4.029720 -1.206318
vt 4.006962 -1.137498
vt 3.988046 0.196838
vt 3.962097 0.284046
vt 3.950574 0.386952
vt 4.021306 1.307926
vt 3.990076 1.320348
vt 4.061423 -1.226884
vt 4.079730 -1.227198
vt 3.990936 0.194102
vt 3.990756 0.195320
vt 4.069133 1.301408
vt 3.994290 1.317769
vt 4.119814 -1.213091
vt 4.201515 1.062555
vt 4.101451 1.130764
vt 4.147190 -1.194517
vt 4.168044 -1.180341
vt 4.124225 0.000192
vt 4.130395 0.075386
vt 4.118900 0.171163
vt 4.174237 1.032992
vt 4.125364 1.046388
vt 4.218467 -1.202694
vt 4.268342 -1.174956
vt 4.180224 -0.199789
vt 4.169696 -0.085638
vt 4.234456 0.036574
vt 4.189885 0.143460
vt 4.183425 0.227579
vt 4.293905 0.684421
vt 4.216275 0.761041
vt 4.230781 0.896086
vt 4.193701 -1.204422
vt 4.258073 -1.164671
vt 4.324591 -1.112900
vt 4.253038 -0.394024
vt 4.257413 -0.287576
vt 4.273746 -0.145474
vt 4.300417 -0.032855
vt 4.293059 0.143465
vt 4.258067 0.217858
vt 4.269778 0.300802
vt 4.307993 0.446698
vt 4.233079 0.600774
vt 4.210171 0.714275
vt 4.258385 -1.172065
vt 4.323881 -1.121134
vt 4.376989 -1.061101
vt 4.318047 -0.457752
vt 4.343074 -0.386853
vt 4.320427 0.210874
vt 4.284752 0.297588
vt 4.272931 0.413603
vt 4.230835 0.498642
vt 4.312169 -1.120850
vt 4.359918 -1.055073
vt 4.405603 -0.975904
vt 4.302872 -0.622998
vt 4.329928 -0.560548
vt 4.340664 -1.049612
vt 4.404512 -0.976506
vt 4.404263 -0.868130
vt 4.373508 -0.705582
vt 4.405123 -0.626456
vt 3.778692 -0.415819
vt 3.724333 -0.328346
vt 3.705194 -0.195996
vt 3.727792 -0.080283
vt 3.749312 0.039312
vt 3.756075 0.163366
vt 3.757120 0.285622
vt 3.761228 0.413678
vt 3.777919 0.483809
vt 3.750306 -0.616736
vt 3.744404 -0.473555
vt 3.696260 -0.377292
vt 3.666017 -0.160273
vt 3.675698 -0.093626
vt 3.697592 0.025975
vt 3.700763 0.153196
vt 3.698898 0.278768
vt 3.703419 0.405751
vt 3.734620 0.525156
vt 3.738153 0.643620
vt 3.759258 0.734379
vt 3.820049 0.848769
vt 3.791796 0.977604
vt 3.747864 1.111736
vt 3.754323 1.242995
vt 3.753878 1.369744
vt 3.760327 1.485512
vt 3.767497 1.572792
vt 3.804840 -0.781386
vt 3.788230 -0.710557
vt 3.768207 0.710135
vt 3.797699 0.808202
vt 3.771062 0.941444
vt 3.721366 1.028066
vt 3.775824 1.621388
vt 3.799604 1.711893
vt 3.786158 1.761542
vt 3.831729 -0.872645
vt 3.767515 0.698270
vt 3.779825 0.766880
vt 3.765303 0.872151
vt 3.875574 1.696874
vt 3.846782 1.716634
vt 3.854306 -0.977310
vt 3.885313 1.688170
vt 3.922442 -1.054766
vt 3.931041 1.637125
vt 3.989683 -1.079140
vt 3.977290 1.571639
vt 4.011014 -1.078420
vt 4.026420 -1.052345
vt 4.021027 1.494805
vt 4.047430 -1.024670
vt 4.095566 -1.007129
vt 4.123589 1.331331
vt 4.063800 1.381112
vt 4.032638 -1.060093
vt 4.100371 -1.056624
vt 4.154364 1.293099
vt 4.089707 1.302606
vt 4.112502 -1.172321
vt 4.144156 -1.115739
vt 4.183879 1.204926
vt 4.122580 1.250250
vt 4.125659 -1.192341
vt 4.191534 -1.177646
vt 4.230125 1.148375
vt 4.167805 1.192602
vt 4.252604 -1.217481
vt 4.241725 1.096717
vt 4.242921 1.095938
vt 4.276023 -1.219577
vt 4.298648 -1.196769
vt 4.274263 1.045029
vt 4.299215 1.073118
vt 4.319741 -1.156441
vt 4.344836 -1.141532
vt 4.295368 0.055451
vt 4.295457 0.062803
vt 4.406245 0.528856
vt 4.361110 0.615765
vt 4.339552 0.756331
vt 4.323247 0.904079
vt 4.373206 -1.121192
vt 4.389384 -1.082856
vt 4.356169 -0.275403
vt 4.363068 -0.167907
vt 4.360371 -0.023077
vt 4.348504 0.082248
vt 4.349068 0.148624
vt 4.373620 0.361728
vt 4.367315 0.469614
vt 4.359836 0.617494
vt 4.381398 0.696491
vt 4.412655 -1.051315
vt 4.436265 -1.022641
vt 4.383457 -0.442134
vt 4.402861 -0.363015
vt 4.467487 -0.230517
vt 4.486750 -0.086616
vt 4.458392 0.025514
vt 4.433558 0.132456
vt 4.409634 0.247718
vt 4.464307 -1.003576
vt 4.461877 -0.910723
vt 4.510718 -0.838398
vt 4.430712 -0.499740
vt 4.499110 -0.418005
vt 4.510287 -0.311110
vt 4.501895 0.036608
vt 4.509972 0.057834
vt 4.444729 -0.903253
vt 4.496130 -0.831286
vt 4.522332 -0.743090
vt 4.511292 -0.597372
vt 4.544560 -0.502604
vt 3.904157 -0.530063
vt 3.860068 -0.462444
vt 3.841126 -0.328033
vt 3.834781 -0.192478
vt 3.837402 -0.071082
vt 3.842377 0.047254
vt 3.843587 0.169777
vt 3.842957 0.295462
vt 3.845089 0.418195
vt 3.850324 0.506481
vt 3.953287 -0.720340
vt 3.869553 -0.636510
vt 3.823211 -0.502418
vt 3.852284 0.566359
vt 3.860285 0.646720
vt 3.865359 0.762274
vt 3.872545 0.875068
vt 3.874848 0.997919
vt 3.878720 1.119602
vt 3.879860 1.243609
vt 3.890330 1.362685
vt 3.853678 1.481176
vt 3.843279 1.546555
vt 3.928558 -0.758560
vt 3.876594 -0.721538
vt 3.946339 1.375263
vt 3.928162 1.457537
vt 3.900402 1.574870
vt 3.928489 1.662195
vt 3.967136 -0.852045
vt 3.962230 1.668388
vt 3.930924 1.661121
vt 4.017482 -0.936737
vt 4.030694 1.627606
vt 4.006502 1.642808
vt 4.052226 -1.049008
vt 4.132147 1.522862
vt 4.083141 1.607894
vt 4.099804 -1.060396
vt 4.146802 1.494488
vt 4.136532 1.527769
vt 4.130116 -1.067979
vt 4.153245 -1.058789
vt 4.187005 1.408945
vt 4.134821 1.448853
vt 4.181228 -1.033799
vt 4.203716 -1.015827
vt 4.178453 1.330328
vt 4.117277 1.382090
vt 4.236190 -1.006788
vt 4.240646 1.263558
vt 4.276072 -1.041909
vt 4.271593 1.154527
vt 4.324783 -1.111823
vt 4.321788 1.131536
vt 4.377726 -1.154955
vt 4.441601 -1.173508
vt 4.368092 1.087181
vt 4.338877 1.075193
vt 4.375623 -1.221621
vt 4.439649 -1.224726
vt 4.414365 1.036033
vt 4.348239 1.065085
vt 4.445229 -1.163656
vt 4.470740 -1.139447
vt 4.421473 0.530176
vt 4.424936 0.569809
vt 4.469748 0.791148
vt 4.454731 0.890336
vt 4.495380 -1.115232
vt 4.519696 -1.066890
vt 4.513649 0.341602
vt 4.489218 0.486036
vt 4.481681 0.593764
vt 4.490405 0.699570
vt 4.537767 -1.049067
vt 4.526185 -0.960623
vt 4.590096 -0.855341
vt 4.632375 -0.818071
vt 4.524254 -0.205037
vt 4.518740 -0.120308
vt 4.525959 -0.037549
vt 4.559681 0.155056
vt 4.539319 0.257510
vt 4.521889 -0.956562
vt 4.532201 -0.885173
vt 4.593592 -0.778694
vt 4.604021 -0.398664
vt 4.581189 -0.282148
vt 4.606316 -0.154001
vt 4.571055 -0.047183
vt 4.561974 0.075474
vt 4.626711 -0.792566
vt 4.633066 -0.768723
vt 4.642695 -0.618836
vt 4.627115 -0.491485
vt 4.700436 -0.728373
vt 4.701121 -0.699033
vt 3.919133 -0.530595
vt 3.946877 -0.467851
vt 3.980083 -0.343187
vt 3.960940 -0.192911
vt 3.961880 -0.069650
vt 3.964879 0.050747
vt 3.967187 0.172460
vt 3.966140 0.298963
vt 3.965217 0.424957
vt 3.966758 0.545065
vt 4.006402 0.615824
vt 3.964503 -0.720745
vt 3.989771 -0.628931
vt 4.012932 -0.473302
vt 4.035940 -0.403285
vt 3.924675 0.585187
vt 3.974801 0.650366
vt 3.989426 0.765648
vt 3.995518 0.881532
vt 3.998002 1.002684
vt 4.002468 1.125498
vt 4.011556 1.219503
vt 3.970750 1.310015
vt 4.008847 -0.768050
vt 4.076644 -0.756656
vt 4.065326 1.230627
vt 4.034003 1.315954
vt 4.042978 1.425946
vt 4.051769 1.552756
vt 4.063701 1.643164
vt 4.095676 -0.828685
vt 4.123719 -0.787346
vt 4.090008 1.637699
vt 4.128431 -0.927601
vt 4.129814 1.590779
vt 4.097786 1.597080
vt 4.181163 -1.046898
vt 4.167639 1.507416
vt 4.114908 1.576017
vt 4.248795 -1.088792
vt 4.297976 1.333385
vt 4.220862 1.416543
vt 4.183863 1.457002
vt 4.255110 -1.064365
vt 4.279762 -1.055921
vt 4.322457 1.284005
vt 4.247095 1.370773
vt 4.185644 1.455036
vt 4.305307 -1.026043
vt 4.330359 -1.021333
vt 4.355172 1.256643
vt 4.326178 1.276541
vt 4.372819 -1.041012
vt 4.429695 1.140835
vt 4.379526 1.204761
vt 4.387812 -1.013160
vt 4.427121 -0.988108
vt 4.444986 1.082798
vt 4.375389 1.106178
vt 4.398256 -1.101009
vt 4.461438 -1.053150
vt 4.478322 1.057989
vt 4.451288 1.062712
vt 4.426210 -1.144355
vt 4.504412 -1.142193
vt 4.492084 1.027367
vt 4.555383 -1.144402
vt 4.620101 -1.121610
vt 4.599617 0.868950
vt 4.568923 0.952618
vt 4.548382 -1.164264
vt 4.600620 -1.138330
vt 4.669943 0.684190
vt 4.598949 0.784396
vt 4.524628 0.881130
vt 4.631303 -1.132499
vt 4.664929 -1.072879
vt 4.685813 -0.931576
vt 4.714585 -0.879646
vt 4.688838 0.240543
vt 4.641512 0.319328
vt 4.631941 0.464858
vt 4.629064 0.621776
vt 4.596523 0.695883
vt 4.634204 -1.055131
vt 4.650469 -0.959913
vt 4.681767 -0.886145
vt 4.636462 -0.819168
vt 4.667681 0.166734
vt 4.608969 0.248277
vt 4.728693 -0.861500
vt 4.713738 -0.800435
vt 4.737641 -0.398646
vt 4.727007 -0.298544
vt 4.719091 -0.163783
vt 4.716881 -0.052273
vt 4.715972 0.078278
vt 4.748521 -0.797329
vt 4.772648 -0.753233
vt 4.774947 -0.604657
vt 4.753314 -0.488586
vt 4.788824 -0.712434
vt 4.789837 -0.690966
vt 4.097652 -0.321264
vt 4.090778 -0.200630
vt 4.088916 -0.072416
vt 4.090062 0.050782
vt 4.090309 0.175255
vt 4.089514 0.301268
vt 4.085132 0.432280
vt 4.090116 0.550896
vt 4.097892 0.630680
vt 4.130451 -0.615500
vt 4.109249 -0.477505
vt 4.103316 -0.392176
vt 4.105136 0.682859
vt 4.115864 0.762322
vt 4.121200 0.880474
vt 4.122463 1.004403
vt 4.141559 1.126108
vt 4.113507 1.160129
vt 4.171356 -0.729503
vt 4.198794 1.150684
vt 4.167461 1.174711
vt 4.185440 1.277071
vt 4.149483 1.412544
vt 4.142189 1.521861
vt 4.138469 1.593207
vt 4.182028 -0.837599
vt 4.211359 -0.800402
vt 4.235304 1.302751
vt 4.230861 1.397446
vt 4.242498 1.502978
vt 4.207354 1.569431
vt 4.278383 -0.910884
vt 4.286319 -0.857280
vt 4.324135 1.491426
vt 4.274593 1.542738
vt 4.339370 -1.013119
vt 4.337635 1.394581
vt 4.271629 1.451689
vt 4.352065 -1.030357
vt 4.352107 1.325736
vt 4.288196 1.396902
vt 4.372440 -1.053959
vt 4.400511 -1.022375
vt 4.451312 -0.961485
vt 4.453485 1.138131
vt 4.407583 1.229387
vt 4.379132 -1.001101
vt 4.434738 -0.944311
vt 4.508933 -0.914513
vt 4.484793 1.080561
vt 4.420583 1.184559
vt 4.399758 1.223414
vt 4.445942 -0.973683
vt 4.503433 -0.917242
vt 4.515136 1.040373
vt 4.489316 1.109538
vt 4.426433 1.199717
vt 4.456629 -1.001625
vt 4.529057 -0.947896
vt 4.613431 -0.928413
vt 4.534453 1.073485
vt 4.561659 -0.980063
vt 4.628489 -0.949569
vt 4.590301 1.028716
vt 4.550023 1.056795
vt 4.602602 -1.059704
vt 4.665272 -1.022465
vt 4.693048 0.817320
vt 4.682888 0.907762
vt 4.593768 1.008776
vt 4.618870 -1.101555
vt 4.675260 -1.083432
vt 4.749230 0.618420
vt 4.705995 0.719638
vt 4.652569 0.846784
vt 4.635901 0.962626
vt 4.710639 -1.114846
vt 4.788792 0.307950
vt 4.770727 0.385468
vt 4.750850 0.537918
vt 4.692127 0.660080
vt 4.671094 0.759217
vt 4.742163 -1.098557
vt 4.751806 -1.029892
vt 4.749904 -0.910749
vt 4.756188 -0.797258
vt 4.823785 -0.738293
vt 4.773418 0.251689
vt 4.741087 0.347553
vt 4.719325 0.489494
vt 4.678287 0.601411
vt 4.782691 -0.830665
vt 4.841590 -0.769720
vt 4.800193 0.140739
vt 4.818364 -0.891515
vt 4.862010 -0.864825
vt 4.907793 -0.517779
vt 4.882016 -0.398720
vt 4.874631 -0.295150
vt 4.846547 -0.196105
vt 4.863968 -0.043060
vt 4.825555 0.061421
vt 4.884471 -0.804719
vt 4.898655 -0.759300
vt 4.912639 -0.597634
vt 4.897152 -0.413254
vt 4.926114 -0.323625
vt 4.925259 -0.201299
vt 4.927915 -0.134638
vt 4.856675 -0.708592
vt 4.857315 -0.695541
vt 4.189553 -0.300769
vt 4.211787 -0.210399
vt 4.234322 -0.096100
vt 4.219518 0.043981
vt 4.217977 0.171497
vt 4.214947 0.300527
vt 4.212199 0.430121
vt 4.217090 0.548145
vt 4.225479 0.618368
vt 4.261593 -0.603377
vt 4.243986 -0.489306
vt 4.235091 -0.349775
vt 4.279633 -0.218856
vt 4.289737 -0.154394
vt 4.233119 0.670024
vt 4.243162 0.759533
vt 4.247752 0.878335
vt 4.249766 0.998952
vt 4.273460 1.123973
vt 4.331785 1.155802
vt 4.294735 -0.684576
vt 4.249126 1.151884
vt 4.295254 1.189674
vt 4.311787 1.257024
vt 4.333397 -0.740187
vt 4.320355 1.306435
vt 4.320027 1.388348
vt 4.356614 1.464370
vt 4.346827 -0.913417
vt 4.377019 -0.814454
vt 4.466360 -0.784747
vt 4.426915 1.324900
vt 4.368762 1.413064
vt 4.383153 -0.960703
vt 4.447455 -0.880041
vt 4.469105 -0.789278
vt 4.495613 1.142876
vt 4.448974 1.234745
vt 4.386400 1.329619
vt 4.421034 -1.009259
vt 4.488815 -0.994838
vt 4.514685 1.085872
vt 4.457254 1.167339
vt 4.421233 1.247760
vt 4.444317 -1.051877
vt 4.511715 -1.010262
vt 4.530682 -0.941641
vt 4.573921 1.031370
vt 4.495459 1.118023
vt 4.447088 1.206777
vt 4.561661 -0.931714
vt 4.583968 -0.915996
vt 4.588310 0.947953
vt 4.537359 1.022097
vt 4.609306 -0.896027
vt 4.642162 0.880993
vt 4.572559 0.970361
vt 4.569520 1.026212
vt 4.651545 -0.919995
vt 4.674916 -0.929723
vt 4.707705 0.839738
vt 4.671268 0.918900
vt 4.614709 1.008357
vt 4.700797 -0.955520
vt 4.759551 0.753392
vt 4.705630 0.840309
vt 4.638157 0.935504
vt 4.748720 -0.992337
vt 4.820327 0.666341
vt 4.734121 0.794564
vt 4.694360 0.892537
vt 4.802188 -0.996567
vt 4.873380 -0.997336
vt 4.847894 0.373469
vt 4.814465 0.464351
vt 4.805681 0.589173
vt 4.754218 0.706739
vt 4.820731 -1.066451
vt 4.904940 -1.003085
vt 4.843502 -0.859499
vt 4.862872 -0.760953
vt 4.918045 0.184755
vt 4.846981 0.279273
vt 4.779849 0.416443
vt 4.755093 0.529289
vt 4.811278 -1.076942
vt 4.820868 -1.009413
vt 4.823640 -0.886150
vt 4.866467 -0.769706
vt 4.892285 -0.711523
vt 4.913036 0.132113
vt 4.849816 0.185061
vt 4.920490 -0.699633
vt 5.000389 -0.669438
vt 4.995053 -0.461314
vt 4.997627 -0.373489
vt 4.989555 -0.290997
vt 4.952577 0.078124
vt 4.925759 0.102082
vt 4.939283 -0.765602
vt 4.992291 -0.668797
vt 4.969937 -0.536415
vt 4.931670 -0.392174
vt 4.999946 -0.313289
vt 4.991803 -0.171088
vt 4.961392 -0.043559
vt 4.950252 0.060398
vt 4.932792 -0.764402
vt 4.948340 -0.705832
vt 4.947009 -0.611923
vt 4.930246 -0.385754
vt 4.935183 -0.325930
vt 4.938723 -0.200184
vt 4.934105 -0.134001
vt 4.322581 -0.068647
vt 4.357584 0.030184
vt 4.346094 0.166739
vt 4.342737 0.296527
vt 4.339349 0.426919
vt 4.349597 0.553265
vt 4.315593 0.608632
vt 4.358995 -0.602738
vt 4.387995 -0.519261
vt 4.364650 -0.360088
vt 4.357890 -0.225409
vt 4.362390 -0.107355
vt 4.407924 -0.020688
vt 4.401145 0.587573
vt 4.363635 0.640971
vt 4.373802 0.752539
vt 4.380595 0.870979
vt 4.386213 0.984676
vt 4.382036 1.096326
vt 4.335460 1.155353
vt 4.422339 -0.648943
vt 4.451243 -0.593731
vt 4.428658 1.119883
vt 4.418318 1.203830
vt 4.414325 1.256786
vt 4.465805 -0.731867
vt 4.544822 1.023495
vt 4.514887 1.133775
vt 4.464177 1.273430
vt 4.475715 1.368326
vt 4.427291 1.404304
vt 4.509631 -0.764608
vt 4.472483 -0.783198
vt 4.549842 1.016424
vt 4.540123 1.028452
vt 4.489316 1.306449
vt 4.427285 1.400972
vt 4.542168 -0.817612
vt 4.475141 -0.787708
vt 4.559789 1.138064
vt 4.537420 1.208473
vt 4.604397 -0.928028
vt 4.591666 1.030108
vt 4.632563 -0.955662
vt 4.652773 -0.935888
vt 4.726103 0.895655
vt 4.659945 0.952634
vt 4.680799 -0.909350
vt 4.700717 -0.882744
vt 4.723105 0.835310
vt 4.670098 0.884625
vt 4.739355 -0.876980
vt 4.788752 -0.827309
vt 4.785878 0.779492
vt 4.727913 0.850870
vt 4.731273 -0.898456
vt 4.787285 -0.840136
vt 4.863660 -0.803091
vt 4.822722 0.693263
vt 4.761144 0.780710
vt 4.827621 -0.891374
vt 4.893849 -0.843008
vt 4.871909 0.504442
vt 4.824537 0.587673
vt 4.763369 0.689906
vt 4.857106 -0.945476
vt 4.912733 -0.878416
vt 4.879890 0.420982
vt 4.825453 0.533998
vt 4.815448 0.602369
vt 4.847021 -0.957473
vt 4.906714 -0.904287
vt 4.964409 -0.829165
vt 4.905329 0.354293
vt 4.838049 0.495504
vt 4.832554 0.568128
vt 4.927676 -0.930461
vt 4.949325 -0.826726
vt 4.973282 -0.733342
vt 5.030104 -0.665153
vt 4.978748 0.183279
vt 4.954099 0.249600
vt 4.957425 -0.724997
vt 5.009370 -0.661638
vt 5.077751 -0.564116
vt 5.075835 -0.437344
vt 5.076521 -0.313327
vt 5.076425 -0.188414
vt 5.067804 -0.051444
vt 5.005430 0.085454
vt 4.988215 -0.658588
vt 5.032914 -0.601511
vt 5.012702 -0.475567
vt 5.021461 -0.338597
vt 5.018036 -0.213968
vt 5.048230 -0.101952
vt 5.006617 0.061177
vt 5.010116 0.055397
vt 5.022627 -0.587717
vt 5.016318 -0.553131
vt 5.026675 -0.223095
vt 5.016870 -0.137464
vt 5.037306 -0.027295
vt 5.010172 0.055083
vt 4.444163 0.065326
vt 4.480237 0.155984
vt 4.470595 0.292516
vt 4.469135 0.420548
vt 4.473522 0.512004
vt 4.510021 -0.497394
vt 4.494138 -0.367095
vt 4.487879 -0.232498
vt 4.483655 -0.101412
vt 4.485255 0.023185
vt 4.529397 0.104977
vt 4.480884 0.563877
vt 4.494744 0.635458
vt 4.519510 0.735526
vt 4.488306 0.849850
vt 4.468409 0.969818
vt 4.461012 1.032839
vt 4.554431 -0.658207
vt 4.532069 -0.586229
vt 4.577628 0.764332
vt 4.567304 0.834209
vt 4.582991 0.937720
vt 4.537950 1.062085
vt 4.560968 1.142066
vt 4.589336 -0.734706
vt 4.581093 0.915119
vt 4.575788 1.009745
vt 4.552255 1.134884
vt 4.549008 1.232949
vt 4.557837 1.289765
vt 4.634925 -0.795441
vt 4.653483 0.807911
vt 4.627551 0.933328
vt 4.666240 1.046680
vt 4.639017 1.179506
vt 4.582662 1.254352
vt 4.679766 -0.851891
vt 4.716895 0.829251
vt 4.717048 0.860031
vt 4.741738 1.046678
vt 4.662722 1.118892
vt 4.597762 1.211422
vt 4.722255 -0.916510
vt 4.751130 0.960346
vt 4.687498 1.003027
vt 4.755729 -0.951715
vt 4.780006 -0.945113
vt 4.768291 0.892554
vt 4.705694 0.951671
vt 4.804644 -0.914696
vt 4.820556 -0.848405
vt 4.810593 0.797509
vt 4.839164 -0.812302
vt 4.865741 -0.790144
vt 4.942291 0.634288
vt 4.865133 0.681596
vt 4.891108 -0.756714
vt 4.934749 -0.748148
vt 4.987957 -0.675530
vt 4.961840 0.588528
vt 4.878994 0.633645
vt 4.933369 -0.773317
vt 4.983607 -0.653999
vt 5.019482 -0.586648
vt 5.004603 0.375264
vt 4.931552 0.473673
vt 4.872815 0.571958
vt 4.953199 -0.811867
vt 4.979984 -0.710802
vt 5.030740 -0.587362
vt 5.068504 -0.538667
vt 5.070634 0.184796
vt 5.022787 0.280249
vt 4.939579 0.360912
vt 4.959276 -0.816214
vt 4.980856 -0.769116
vt 5.042710 -0.657132
vt 5.089755 -0.541226
vt 5.122461 -0.484194
vt 5.118352 -0.028436
vt 5.091757 0.099910
vt 5.026890 0.219133
vt 4.981902 0.288122
vt 5.017030 -0.775289
vt 5.042088 -0.707223
vt 5.062124 -0.595365
vt 5.108772 -0.470069
vt 5.123773 -0.350401
vt 5.107736 -0.219821
vt 5.110341 -0.096360
vt 5.079680 0.030086
vt 5.059676 0.157579
vt 5.020233 0.252469
vt 5.061563 -0.594900
vt 5.085081 -0.521782
vt 5.099878 -0.406820
vt 5.103524 -0.280114
vt 5.091894 -0.152514
vt 5.076485 -0.019871
vt 5.054044 0.075714
vt 4.564853 0.191179
vt 4.603262 0.292825
vt 4.599659 0.404552
vt 4.559583 0.483807
vt 4.634657 -0.493753
vt 4.619639 -0.368552
vt 4.615221 -0.235870
vt 4.613086 -0.107882
vt 4.609124 0.022919
vt 4.607720 0.148693
vt 4.650318 0.250646
vt 4.645031 0.435747
vt 4.609992 0.519370
vt 4.636234 0.618800
vt 4.604480 0.688211
vt 4.682517 -0.662172
vt 4.658616 -0.590571
vt 4.696186 0.636997
vt 4.662122 0.706650
vt 4.682069 0.794166
vt 4.633900 0.877280
vt 4.643557 1.060687
vt 4.641218 1.098941
vt 4.715080 -0.734052
vt 4.748465 0.772926
vt 4.687772 0.843234
vt 4.639913 1.057457
vt 4.640481 1.092109
vt 4.760503 -0.804778
vt 4.797165 0.753841
vt 4.779055 0.787199
vt 4.720454 0.945653
vt 4.721393 0.984419
vt 4.804824 -0.873510
vt 4.792953 0.774212
vt 4.786669 0.888501
vt 4.784099 0.978444
vt 4.850615 -0.930136
vt 4.883274 0.723146
vt 4.886769 0.801061
vt 4.816621 0.885669
vt 4.885537 -0.962742
vt 4.908045 -0.956656
vt 4.934915 0.704682
vt 4.950881 0.762725
vt 4.863695 0.814100
vt 4.929754 -0.918105
vt 4.950743 -0.858993
vt 4.988816 0.722416
vt 4.915812 0.761345
vt 4.966377 -0.817402
vt 4.994041 -0.780793
vt 5.046610 -0.727482
vt 5.051843 0.506281
vt 4.989121 0.607480
vt 4.928796 0.682882
vt 4.965690 -0.752096
vt 5.020673 -0.703514
vt 5.039612 -0.611273
vt 5.090578 -0.483562
vt 5.113616 -0.426591
vt 5.067505 0.449336
vt 5.013910 0.518257
vt 5.008712 -0.596870
vt 5.047222 -0.517206
vt 5.113601 -0.410923
vt 5.143574 -0.319487
vt 5.146029 0.238076
vt 5.104741 0.347213
vt 4.999341 0.448566
vt 5.051059 -0.524655
vt 5.090722 -0.469223
vt 5.144715 -0.321887
vt 5.157060 -0.218420
vt 5.169060 -0.100122
vt 5.166684 0.026054
vt 5.130761 0.164183
vt 5.079861 0.257564
vt 5.108867 -0.483547
vt 5.140372 -0.416711
vt 5.143407 -0.279886
vt 5.144886 -0.154346
vt 5.133921 -0.040811
vt 5.120191 0.082197
vt 5.133782 -0.406723
vt 5.138887 -0.317416
vt 5.125658 -0.188763
vt 5.129160 -0.118468
vt 4.668100 0.335352
vt 4.668023 0.353073
vt 4.758986 -0.495653
vt 4.743801 -0.367614
vt 4.741049 -0.237064
vt 4.741093 -0.112190
vt 4.739136 0.015598
vt 4.735576 0.145878
vt 4.720852 0.283781
vt 4.721276 0.395559
vt 4.747038 0.513460
vt 4.766322 0.569069
vt 4.806003 -0.663631
vt 4.781792 -0.594530
vt 4.800647 0.602047
vt 4.772884 0.669521
vt 4.757450 0.722641
vt 4.839626 -0.739557
vt 4.881229 0.577465
vt 4.864957 0.635486
vt 4.799473 0.719979
vt 4.885025 -0.818273
vt 4.928474 0.618863
vt 4.863566 0.709622
vt 4.846558 0.736770
vt 4.930119 -0.884705
vt 4.987979 0.534555
vt 4.959018 0.646485
vt 4.901582 0.717204
vt 4.975224 -0.933811
vt 5.033165 0.463635
vt 5.016358 0.572782
vt 4.969936 0.676971
vt 5.009844 -0.958335
vt 5.033562 -0.959134
vt 5.076886 0.382132
vt 5.062186 0.500997
vt 4.981373 0.628714
vt 4.992084 0.696667
vt 5.056824 -0.926531
vt 5.079063 -0.872723
vt 5.136567 0.194416
vt 5.117983 0.294634
vt 5.109506 0.426598
vt 5.104531 0.582958
vt 5.070356 0.658601
vt 5.092307 -0.828082
vt 5.108409 -0.767265
vt 5.130066 -0.674312
vt 5.182511 -0.582339
vt 5.194721 -0.246595
vt 5.191215 -0.174025
vt 5.182471 -0.039224
vt 5.166213 0.105849
vt 5.159702 0.231780
vt 5.150263 0.358092
vt 5.084424 0.506721
vt 5.041714 0.583727
vt 5.099302 -0.648749
vt 5.148110 -0.561316
vt 5.156142 -0.459190
vt 5.176516 -0.347442
vt 5.193686 -0.219928
vt 5.198272 -0.092131
vt 5.192571 0.035848
vt 5.180476 0.163756
vt 5.163774 0.290518
vt 5.133865 0.388765
vt 5.137283 -0.357299
vt 5.154952 -0.264583
vt 5.175042 -0.153479
vt 5.184671 -0.029174
vt 5.184485 0.096975
vt 5.168795 0.221549
vt 5.140228 0.322990
vt 5.160838 -0.247403
vt 5.169783 -0.188081
vt 5.178952 -0.069157
vt 5.176685 0.057867
vt 5.169301 0.139182
vt 4.884100 -0.496731
vt 4.868751 -0.367337
vt 4.866060 -0.237070
vt 4.866791 -0.113144
vt 4.867114 0.011391
vt 4.866790 0.136908
vt 4.866058 0.262977
vt 4.868623 0.383736
vt 4.879830 0.481360
vt 4.840307 0.532670
vt 4.929814 -0.663419
vt 4.905946 -0.593099
vt 4.933869 0.503024
vt 4.911349 0.508221
vt 4.964877 -0.742755
vt 4.950702 0.486119
vt 4.921691 0.548549
vt 5.010016 -0.821221
vt 5.031311 0.430217
vt 4.956023 0.517936
vt 5.054991 -0.883391
vt 5.078608 0.365464
vt 5.001764 0.463552
vt 5.100145 -0.932061
vt 5.116677 0.287502
vt 5.044614 0.396162
vt 5.134565 -0.956425
vt 5.157681 -0.956636
vt 5.209175 0.135369
vt 5.150900 0.196302
vt 5.086062 0.316324
vt 5.182913 -0.929340
vt 5.204567 -0.872054
vt 5.247643 -0.070881
vt 5.205871 0.040182
vt 5.132321 0.170305
vt 5.109253 0.265371
vt 5.215980 -0.824655
vt 5.227859 -0.758888
vt 5.239672 -0.650381
vt 5.228986 -0.525187
vt 5.244151 -0.405954
vt 5.206182 -0.270390
vt 5.214858 -0.139307
vt 5.170360 -0.006491
vt 5.158198 0.085837
vt 5.196895 -0.497206
vt 5.198800 -0.428636
vt 5.197668 -0.331361
vt 5.009119 -0.496839
vt 4.993751 -0.367334
vt 4.991060 -0.237069
vt 4.991791 -0.113138
vt 4.992114 0.011391
vt 4.991791 0.136852
vt 4.991060 0.262895
vt 4.993751 0.385388
vt 5.009119 0.470497
vt 5.054720 -0.663174
vt 5.030869 -0.592828
vt 5.030869 0.503652
vt 5.054720 0.505095
vt 5.089908 -0.742815
vt 5.089908 0.483081
vt 5.135021 -0.821230
vt 5.135021 0.431168
vt 5.179991 -0.883391
vt 5.179991 0.363416
vt 5.225161 -0.932075
vt 5.225161 0.281611
vt 5.259440 -0.956378
vt 5.282610 -0.956667
vt 5.282610 0.140237
vt 5.259440 0.206885
vt 5.307935 -0.929301
vt 5.329663 -0.871708
vt 5.329663 -0.080652
vt 5.307935 0.039710
vt 5.341016 -0.824486
vt 5.352685 -0.760031
vt 5.364572 -0.651900
vt 5.368525 -0.532314
vt 5.364572 -0.401307
vt 5.352685 -0.258837
vt 5.341016 -0.160671
vn 0.00000 0.83504 0.55018
vn 0.00000 0.98181 0.18989
vn 0.00000 0.99992 -0.01265
vn 0.00000 0.99990 -0.01397
vn 0.00000 1.00000 -0.00000
vn 0.00000 0.99990 0.01397
vn 0.00000 0.99992 0.01265
vn 0.00000 0.98181 -0.18989
vn 0.00000 0.83504 -0.55018
vn 0.00000 0.38196 0.92418
vn 0.00000 0.59905 0.80071
vn 0.00000 0.59905 -0.80071
vn 0.00000 0.38196 -0.92418
vn 0.00000 0.18321 0.98307
vn 0.00000 0.18321 -0.98307
vn 0.00000 0.05742 0.99835
vn 0.00000 0.05742 -0.99835
vn 0.00000 -0.09446 0.99553
vn 0.00000 -0.09446 -0.99553
vn 0.00000 -0.17762 0.98410
vn 0.00000 -0.17762 -0.98410
vn 0.00000 -0.35769 0.93384
vn 0.00000 -0.55961 0.82876
vn 0.00000 -0.55961 -0.82876
vn 0.00000 -0.35769 -0.93384
vn 0.00000 -0.75966 0.65032
vn 0.00000 -0.87627 0.48181
vn 0.00000 -0.87627 -0.48181
vn 0.00000 -0.75966 -0.65032
vn 0.00000 -0.91217 0.40981
vn 0.00000 -0.94444 0.32868
vn 0.00000 -0.98487 0.17330
vn 0.00000 -1.00000 -0.00000
vn 0.00000 -0.98487 -0.17330
vn 0.00000 -0.94444 -0.32868
vn 0.00000 -0.91217 -0.40981
vn -0.00000 0.83494 0.55035
vn -0.00000 0.98181 0.18986
vn -0.00000 0.99992 -0.01265
vn -0.00000 0.99990 -0.01397
vn -0.00000 1.00000 -0.00000
vn -0.00000 0.99990 0.01397
vn -0.00042 0.99992 0.01265
vn -0.00303 0.98215 -0.18807
vn -0.00823 0.82417 -0.56629
vn -0.00001 0.38225 0.92406
vn -0.00001 0.59959 0.80031
vn -0.01294 0.61250 -0.79037
vn -0.01874 0.39239 -0.91961
vn -0.00000 0.18319 0.98308
vn -0.51917 0.15337 -0.84080
vn -0.91560 0.13138 -0.38003
vn 0.00001 0.05744 0.99835
vn 0.00000 0.05611 -0.99842
vn -0.93868 0.07888 -0.33564
vn 0.00002 -0.09450 0.99553
vn 0.00000 -0.09220 -0.99574
vn -0.96305 0.00011 -0.26933
vn 0.00001 -0.17769 0.98409
vn 0.00000 -0.16851 -0.98570
vn -0.97091 -0.05216 -0.23370
vn 0.00001 -0.35764 0.93386
vn 0.00000 -0.55941 0.82889
vn 0.00000 -0.57302 -0.81954
vn -0.68534 -0.27785 -0.67313
vn -0.97309 -0.07277 -0.21864
vn 0.00001 -0.75951 0.65050
vn 0.00001 -0.87646 0.48148
vn 0.00000 -0.87031 -0.49250
vn -0.19684 -0.74799 -0.63384
vn -0.93920 -0.22099 -0.26282
vn 0.00001 -0.91228 0.40956
vn 0.00000 -0.94446 0.32864
vn -0.00024 -0.98494 0.17287
vn -0.00409 -0.99999 0.00000
vn -0.01177 -0.98523 -0.17084
vn -0.02221 -0.94640 -0.32223
vn -0.22587 -0.87779 -0.42246
vn -0.91186 -0.37674 -0.16305
vn 0.01660 0.83392 0.55163
vn 0.00621 0.98052 0.19633
vn 0.00400 0.99987 -0.01549
vn -0.00292 0.99996 -0.00892
vn -0.00883 0.99996 -0.00125
vn -0.02801 0.99928 0.02562
vn -0.04982 0.99724 0.05512
vn -0.09536 0.98954 -0.10824
vn -0.15679 0.85053 -0.50201
vn -0.26123 0.73430 -0.62654
vn 0.04142 0.40391 0.91386
vn 0.07347 0.60772 0.79075
vn -0.45073 0.63474 -0.62765
vn -0.27392 0.61319 -0.74092
vn -0.57718 0.60968 -0.54328
vn 0.06643 0.12696 0.98968
vn -0.59774 0.44393 -0.66756
vn -0.58959 0.51507 -0.62216
vn -0.74667 0.56012 -0.35880
vn 0.08048 0.04628 0.99568
vn -0.74889 0.38984 -0.53591
vn -0.78528 0.45141 -0.42375
vn -0.82633 0.43981 -0.35177
vn 0.01585 -0.06361 0.99785
vn -0.98756 0.03495 -0.15328
vn -0.86948 0.18508 -0.45798
vn -0.92386 0.28138 -0.25942
vn -0.00523 -0.18158 0.98336
vn -0.98956 -0.03361 -0.14011
vn -0.98298 -0.00411 -0.18368
vn -0.71461 0.35648 -0.60187
vn -0.79565 0.43141 -0.42524
vn -0.04257 -0.32714 0.94402
vn -0.04123 -0.57815 0.81489
vn -0.97639 -0.10316 -0.18979
vn -0.98956 -0.05575 -0.13294
vn -0.98489 -0.06470 -0.16066
vn -0.55040 0.00217 0.83490
vn -0.88025 0.15688 -0.44782
vn -0.89211 0.38798 -0.23153
vn -0.79188 0.60720 -0.06514
vn -0.04269 -0.74509 0.66559
vn -0.04673 -0.90050 0.43233
vn -0.95579 -0.24879 -0.15672
vn -0.97653 -0.16257 -0.14128
vn -0.94436 -0.24772 -0.21636
vn -0.99313 -0.11547 -0.01910
vn -0.23456 -0.00957 0.97206
vn -0.81919 0.45917 -0.34365
vn -0.91094 0.40915 -0.05276
vn -0.86297 0.20955 -0.45975
vn 0.03358 -0.91587 0.40008
vn 0.04754 -0.93743 0.34492
vn -0.11604 -0.95055 0.28808
vn -0.20453 -0.97345 0.10279
vn -0.25120 -0.96790 -0.00874
vn -0.38297 -0.92107 -0.07051
vn -0.47747 -0.87492 -0.08089
vn -0.56590 -0.80889 -0.15953
vn -0.78665 -0.61502 -0.05417
vn -0.94314 -0.33211 0.01341
vn -0.98320 -0.18027 0.02862
vn -0.08038 -0.01849 0.99659
vn -0.23018 -0.67661 -0.69944
vn -0.33859 -0.91621 -0.21427
vn -0.76260 -0.44303 -0.47134
vn -0.23988 -0.96767 0.07798
vn -0.26587 -0.96160 0.06815
vn -0.51302 -0.85801 0.02497
vn -0.54213 -0.83884 -0.04937
vn -0.59524 -0.79454 -0.12001
vn -0.67378 -0.71970 0.16750
vn -0.86220 -0.46569 0.19934
vn -0.88910 -0.45736 0.01822
vn -0.21497 -0.09237 0.97224
vn -0.47752 -0.72457 -0.49696
vn 0.00373 0.81688 0.57680
vn 0.00108 0.98430 0.17651
vn 0.00332 0.99998 -0.00465
vn 0.02436 0.99962 -0.01304
vn -0.00444 0.99951 0.03102
vn -0.05200 0.99689 0.05913
vn -0.11214 0.98818 0.10455
vn -0.13912 0.98833 -0.06210
vn -0.18239 0.91809 -0.35193
vn -0.27117 0.77794 -0.56682
vn -0.37280 0.85451 -0.36171
vn 0.10499 0.39070 0.91451
vn 0.12791 0.49829 0.85752
vn -0.42640 0.72249 -0.54424
vn -0.57561 0.70461 -0.41497
vn -0.78165 0.50809 -0.36176
vn -0.12368 0.07719 -0.98931
vn -0.72647 0.60203 0.33136
vn -0.85017 0.51828 -0.09274
vn -0.73219 0.60702 -0.30891
vn 0.06789 0.10983 0.99163
vn -0.61142 0.52270 -0.59410
vn -0.71534 0.64046 -0.27946
vn -0.08133 0.04909 -0.99548
vn -0.97666 0.17671 0.12211
vn -0.99821 -0.02796 0.05291
vn -0.64369 -0.11802 -0.75613
vn 0.04104 0.15866 0.98648
vn -0.74982 0.47152 -0.46416
vn -0.86216 0.49154 -0.12275
vn -0.99442 -0.08021 -0.06859
vn -0.99053 0.11597 -0.07351
vn -0.73117 0.42173 -0.53622
vn -0.67087 0.36241 -0.64699
vn -0.13653 0.06202 0.98869
vn -0.84134 0.47577 -0.25649
vn -0.86349 0.19811 -0.46382
vn -0.92250 -0.31714 0.22005
vn -0.98840 -0.06513 -0.13720
vn -0.75564 0.59472 -0.27443
vn -0.75415 0.08532 -0.65113
vn -0.01737 -0.29941 0.95397
vn -0.76099 0.37078 -0.53236
vn -0.71231 0.52923 -0.46101
vn -0.69591 0.55277 0.45843
vn -0.79728 0.48115 -0.36448
vn -0.77470 0.26026 -0.57629
vn -0.72812 0.01377 -0.68531
vn 0.14254 -0.24806 0.95820
vn 0.13834 -0.60832 0.78154
vn -0.94163 0.22061 -0.25428
vn -0.97932 0.02455 -0.20081
vn -0.96753 -0.07053 0.24271
vn -0.84281 -0.16525 -0.51222
vn -0.72485 0.08126 -0.68410
vn 0.13221 -0.70781 0.69392
vn -0.00090 -0.84528 0.53433
vn -0.87740 0.14934 -0.45593
vn -0.84756 0.07863 -0.52484
vn -0.84842 0.20426 -0.48833
vn -0.20362 -0.90941 0.36265
vn -0.26443 -0.91662 0.29981
vn -0.03551 -0.95100 0.30714
vn -0.12252 -0.95143 0.28244
vn -0.59215 -0.52280 -0.61322
vn -0.84603 -0.46329 -0.26382
vn -0.74187 -0.62737 -0.23672
vn -0.89891 -0.23655 -0.36880
vn -0.80533 -0.27510 -0.52513
vn -0.36164 -0.83120 0.42229
vn -0.28564 -0.91503 0.28482
vn -0.34222 -0.93833 0.04927
vn -0.41896 -0.88671 0.19549
vn -0.47311 -0.87231 0.12342
vn -0.79674 -0.60399 0.02006
vn -0.87423 -0.41867 0.24585
vn -0.89528 -0.40754 0.17996
vn -0.73177 -0.68101 0.02700
vn -0.21497 -0.97496 -0.05692
vn -0.40681 -0.78907 -0.46030
vn -0.88140 -0.46498 -0.08324
vn -0.96698 -0.01013 0.25466
vn -0.74821 0.26668 -0.60751
vn -0.83684 -0.48945 0.24522
vn -0.70873 -0.50413 0.49351
vn -0.82671 -0.52016 0.21443
vn -0.76107 -0.64407 -0.07707
vn -0.63782 -0.76499 -0.08931
vn -0.64897 -0.75968 0.04151
vn -0.64418 -0.76331 0.04890
vn -0.56448 -0.58529 0.58207
vn -0.58426 -0.76123 -0.28136
vn -0.00805 0.82479 0.56538
vn 0.01536 0.98261 0.18502
vn 0.00985 0.99995 -0.00048
vn -0.04774 0.99869 -0.01868
vn -0.04208 0.99378 0.10313
vn -0.06056 0.99288 0.10259
vn -0.05398 0.99202 0.11397
vn -0.08149 0.99575 -0.04302
vn -0.08295 0.95872 -0.27197
vn -0.22978 0.86421 -0.44760
vn -0.31293 0.91168 -0.26631
vn -0.32183 0.94405 -0.07213
vn -0.36583 0.86524 -0.34283
vn -0.43110 0.90007 0.06343
vn -0.44429 0.88877 -0.11271
vn -0.23056 0.30736 0.92324
vn -0.26287 0.54065 0.79912
vn -0.41040 0.87373 -0.26110
vn -0.57400 0.80871 -0.12852
vn -0.38282 0.30915 -0.87056
vn -0.68055 0.70887 0.18534
vn -0.38735 0.91702 -0.09509
vn -0.54515 0.40096 -0.73624
vn -0.76828 0.58133 -0.26796
vn -0.05019 0.00564 0.99872
vn -0.62849 0.05714 -0.77571
vn -0.97502 0.17513 -0.13661
vn -0.66971 0.41242 -0.61757
vn -0.00985 0.39314 0.91943
vn -0.62214 0.52314 -0.58247
vn -0.85538 0.41318 -0.31242
vn -0.38625 0.43431 -0.81375
vn -0.71281 0.60063 -0.36215
vn -0.20230 0.04705 0.97819
vn -0.90585 0.42358 0.00322
vn -0.74664 -0.07597 -0.66087
vn -0.89619 0.20339 -0.39431
vn -0.81472 0.48706 -0.31466
vn -0.11418 -0.48122 0.86913
vn -0.80026 0.18435 -0.57061
vn -0.93562 0.34725 -0.06350
vn -0.81134 0.33190 -0.48122
vn 0.04441 -0.36962 0.92812
vn 0.04213 -0.41860 0.90719
vn -0.89278 0.03438 -0.44919
vn -0.94526 -0.00174 -0.32632
vn -0.88988 0.04947 -0.45350
vn -0.36018 -0.70480 0.61116
vn -0.20239 -0.81922 0.53658
vn -0.88145 0.21203 -0.42201
vn -0.95791 0.28703 0.00439
vn -0.56912 0.46576 -0.67762
vn -0.06610 -0.81891 0.57010
vn -0.37924 -0.81436 0.43931
vn -0.46954 -0.79830 0.37714
vn -0.59709 -0.36797 -0.71280
vn -0.60973 -0.65093 -0.45224
vn -0.87484 -0.35043 -0.33445
vn -0.68041 -0.71914 -0.14097
vn -0.27950 -0.95077 0.13386
vn -0.33892 -0.86302 0.37461
vn -0.17820 -0.95914 0.21978
vn -0.41021 -0.86121 0.30008
vn -0.70916 -0.64790 0.27807
vn -0.87775 -0.47656 0.04951
vn -0.08528 -0.95494 -0.28429
vn -0.27780 -0.95333 -0.11829
vn -0.47476 -0.79660 0.37420
vn -0.54127 0.10074 -0.83479
vn -0.93895 0.26481 -0.21965
vn -0.73868 0.05526 -0.67178
vn -0.41853 -0.76834 0.48424
vn -0.47467 -0.85022 0.22762
vn -0.74955 -0.63392 0.19057
vn -0.49594 -0.84673 0.19260
vn -0.62392 -0.72192 0.29925
vn -0.48797 -0.84856 -0.20452
vn -0.67913 -0.72996 0.07705
vn -0.54028 -0.79816 -0.26652
vn -0.87354 -0.48630 -0.02082
vn -0.53227 -0.82536 0.18833
vn -0.40480 -0.80702 0.42995
vn -0.45717 -0.59271 -0.66309
vn -0.62099 -0.74606 -0.24033
vn -0.42032 -0.74711 -0.51494
vn -0.37560 -0.81155 0.44756
vn -0.34338 -0.86714 0.36077
vn -0.56569 -0.77971 -0.26842
vn -0.42884 -0.90286 -0.03061
vn -0.08592 -0.05380 -0.99485
vn -0.97833 -0.15646 0.13565
vn -0.08971 0.99457 0.05283
vn -0.03648 0.99909 -0.02206
vn -0.07818 0.90644 0.41503
vn -0.06176 0.98264 0.17497
vn -0.05530 0.99846 0.00530
vn -0.04777 0.99869 0.01834
vn -0.12947 0.98916 0.06924
vn -0.07812 0.99021 0.11568
vn -0.09619 0.99050 0.09830
vn 0.00707 0.99764 -0.06832
vn -0.01919 0.97023 -0.24143
vn -0.07578 0.95092 -0.30002
vn -0.16890 0.97114 -0.16838
vn -0.26684 0.96123 -0.06959
vn -0.25518 0.95133 -0.17278
vn -0.27509 0.96046 0.04289
vn -0.30030 0.94550 -0.12586
vn -0.41231 0.86642 -0.28164
vn -0.46084 0.83448 -0.30212
vn -0.11978 0.53417 0.83685
vn -0.02682 0.65744 0.75303
vn -0.38398 0.90306 -0.19245
vn -0.36230 0.84671 -0.38964
vn -0.44827 0.82133 -0.35280
vn -0.87093 0.04058 -0.48973
vn -0.43459 -0.00506 0.90061
vn -0.43370 0.59434 -0.67725
vn -0.22023 0.46266 -0.85875
vn -0.84424 0.04276 -0.53425
vn -0.46659 0.27998 0.83899
vn -0.18572 0.08414 -0.97899
vn -0.36308 0.92501 -0.11191
vn -0.16207 0.88427 -0.43796
vn 0.30575 -0.18434 0.93409
vn -0.85800 0.24289 -0.45259
vn -0.74416 0.36440 -0.55986
vn -0.45871 0.09277 -0.88373
vn 0.10998 -0.59705 0.79463
vn 0.14317 -0.66056 0.73699
vn -0.54196 0.28593 -0.79027
vn -0.40985 -0.03083 -0.91163
vn 0.09188 -0.61254 0.78508
vn 0.19614 -0.42672 0.88286
vn -0.77406 0.13857 -0.61776
vn -0.19538 0.38084 -0.90376
vn 0.72271 -0.22990 0.65180
vn 0.05997 -0.77436 0.62990
vn -0.07454 -0.16443 -0.98357
vn -0.22058 -0.53007 -0.81876
vn -0.11923 -0.86005 0.49609
vn 0.32004 -0.71597 0.62045
vn -0.74793 -0.23669 -0.62014
vn 0.22391 -0.68917 -0.68913
vn -0.00444 -0.99363 0.11261
vn -0.15878 -0.94768 0.27693
vn 0.13796 -0.97624 0.16708
vn 0.06114 -0.41918 0.90584
vn -0.22271 -0.32772 -0.91815
vn 0.26987 -0.23845 -0.93290
vn -0.64163 -0.76012 -0.10260
vn -0.30589 -0.90652 0.29097
vn -0.25314 -0.92306 0.28963
vn -0.28315 -0.95213 0.11525
vn -0.78729 -0.45527 -0.41582
vn -0.56654 -0.82376 -0.02108
vn -0.26848 -0.95219 0.14577
vn -0.02316 -0.98510 -0.17041
vn 0.17731 -0.83653 -0.51845
vn 0.51234 -0.83485 -0.20133
vn -0.84882 -0.52867 -0.00270
vn -0.84759 -0.50037 0.17670
vn -0.71127 -0.69136 0.12691
vn -0.41281 -0.86625 0.28143
vn -0.03461 -0.96742 0.25079
vn -0.22132 -0.97329 -0.06107
vn -0.38220 -0.48903 0.78408
vn -0.20893 -0.06189 -0.97597
vn -0.48356 -0.60343 -0.63407
vn -0.82780 -0.53569 -0.16669
vn -0.83586 -0.54013 0.09795
vn -0.32064 -0.90515 -0.27909
vn -0.81638 -0.52216 -0.24673
vn -0.28543 -0.71797 0.63485
vn -0.38011 -0.91545 0.13216
vn -0.71926 -0.48739 -0.49508
vn -0.09244 0.98828 0.12147
vn -0.08829 0.99449 0.05644
vn -0.09730 0.99334 -0.06166
vn -0.09353 0.97810 -0.18593
vn 0.00228 0.89291 0.45022
vn 0.02877 0.90341 0.42781
vn -0.02163 0.98046 0.19554
vn -0.02739 0.99940 0.02101
vn -0.06302 0.99454 0.08317
vn -0.10835 0.99151 0.07194
vn -0.11970 0.98818 0.09577
vn -0.11929 0.98481 0.12620
vn -0.07756 0.98891 -0.12663
vn -0.08107 0.96177 -0.26160
vn -0.07267 0.96911 -0.23566
vn -0.08564 0.98955 -0.11600
vn -0.17114 0.98520 -0.00955
vn -0.17771 0.97402 0.14034
vn -0.11819 0.99168 -0.05099
vn -0.12470 0.99108 -0.04696
vn -0.23448 0.95958 -0.15566
vn -0.30951 0.88921 -0.33692
vn -0.30042 0.90057 -0.31421
vn -0.24194 0.60525 0.75838
vn -0.14084 0.73618 0.66197
vn -0.39232 0.85170 -0.34741
vn -0.15970 0.89609 -0.41415
vn -0.25988 0.58064 -0.77157
vn -0.78628 0.19462 0.58642
vn -0.21881 0.12560 0.96765
vn -0.86094 0.20203 -0.46686
vn -0.53809 0.20165 -0.81841
vn -0.74986 -0.11699 0.65117
vn -0.11441 0.03987 0.99263
vn -0.63548 0.07899 -0.76807
vn -0.32749 0.94137 -0.08104
vn -0.38573 0.62558 -0.67813
vn -0.73732 -0.31363 0.59833
vn -0.08263 -0.33127 0.93991
vn -0.33883 0.63035 -0.69846
vn -0.26217 0.17885 -0.94830
vn 0.20614 -0.48193 0.85162
vn 0.27512 -0.66202 0.69716
vn -0.31548 0.05114 -0.94755
vn 0.30302 -0.65393 0.69322
vn 0.28517 -0.78884 0.54443
vn -0.48604 0.10544 -0.86755
vn 0.62353 -0.52253 0.58153
vn 0.44671 -0.16680 0.87899
vn 0.01853 -0.39075 -0.92031
vn -0.25810 -0.58632 -0.76786
vn 0.21289 -0.61587 0.75854
vn -0.17870 -0.81569 0.55019
vn 0.10267 -0.77568 -0.62272
vn -0.22131 -0.81039 0.54249
vn 0.04888 -0.99537 -0.08274
vn -0.02674 -0.85715 0.51437
vn -0.32448 -0.48195 0.81391
vn 0.08807 -0.36594 -0.92646
vn 0.04134 -0.03613 -0.99849
vn -0.53460 0.21652 0.81690
vn -0.37730 0.03656 0.92537
vn -0.59279 -0.32086 -0.73868
vn -0.26932 -0.79728 -0.54020
vn -0.61654 -0.35530 0.70260
vn -0.55770 -0.79533 0.23754
vn -0.66097 -0.70107 0.26761
vn -0.89865 -0.43433 0.06157
vn -0.90934 -0.40985 0.07163
vn -0.90540 -0.30691 0.29335
vn -0.78619 -0.56634 -0.24730
vn -0.69941 -0.59363 0.39804
vn -0.81883 -0.45945 -0.34413
vn -0.85391 -0.50810 -0.11258
vn -0.88540 -0.45499 -0.09508
vn -0.11166 -0.62676 -0.77117
vn -0.33804 -0.83436 -0.43540
vn -0.75462 -0.64626 0.11358
vn -0.64307 -0.43870 0.62770
vn -0.67118 -0.74035 0.03736
vn -0.71375 -0.69929 -0.03946
vn -0.69057 -0.71952 0.07350
vn -0.65918 -0.71088 -0.24521
vn -0.71048 -0.48851 0.50653
vn -0.61299 -0.61281 -0.49870
vn -0.58084 -0.61504 -0.53325
vn -0.86661 -0.48403 -0.12127
vn -0.97501 0.08227 -0.20638
vn -0.12236 0.63037 -0.76659
vn -0.77253 -0.61943 0.13964
vn -0.77589 -0.62817 -0.05828
vn -0.45679 -0.75782 0.46590
vn -0.88066 -0.39179 -0.26633
vn -0.72388 -0.45926 -0.51486
vn -0.66033 -0.74437 0.09938
vn -0.93427 -0.19553 0.29819
vn -0.92496 0.21341 -0.31448
vn -0.90314 0.41370 -0.11485
vn -0.67348 -0.55566 0.48751
vn -0.85979 -0.48569 -0.15772
vn -0.39912 -0.74789 -0.53044
vn -0.71924 -0.69474 -0.00599
vn -0.72326 -0.68896 -0.04720
vn -0.09515 0.99412 0.05167
vn -0.09205 0.99552 0.02184
vn -0.08779 0.99484 0.05081
vn -0.03143 0.99612 -0.08217
vn -0.05486 0.97830 -0.19978
vn 0.00495 0.84719 0.53127
vn -0.03671 0.86765 0.49581
vn -0.05049 0.97848 0.20008
vn -0.09072 0.99557 -0.02483
vn -0.10535 0.98383 0.14485
vn -0.11288 0.98514 0.12948
vn -0.14242 0.98806 0.05870
vn -0.10900 0.95920 -0.26086
vn -0.09390 0.96769 -0.23401
vn -0.09416 0.98173 -0.16534
vn -0.01264 0.99663 0.08105
vn -0.00140 0.99919 0.04016
vn -0.01330 0.99949 -0.02913
vn -0.08215 0.99657 -0.01009
vn -0.10247 0.99300 -0.05874
vn -0.15914 0.96130 -0.22490
vn -0.27807 0.92230 -0.26841
vn -0.33485 0.85020 -0.40625
vn 0.04078 0.63952 0.76770
vn -0.45111 0.74397 -0.49295
vn -0.55211 0.53012 -0.64354
vn -0.54626 0.23353 -0.80440
vn -0.05842 0.59346 0.80274
vn -0.00846 0.72810 0.68542
vn -0.49499 0.47924 -0.72479
vn -0.33338 0.66148 -0.67179
vn -0.47754 -0.26537 0.83758
vn -0.78875 0.09626 -0.60713
vn -0.66627 0.37797 -0.64282
vn -0.40047 0.62230 -0.67258
vn -0.28191 -0.72009 0.63403
vn -0.12475 -0.89008 0.43840
vn -0.49621 0.25375 -0.83029
vn -0.03196 -0.77840 0.62696
vn 0.20587 -0.71848 0.66438
vn -0.45227 0.22453 -0.86315
vn -0.16206 0.00886 -0.98674
vn -0.01179 -0.48982 0.87175
vn -0.07626 -0.64818 0.75766
vn -0.05840 -0.16804 -0.98405
vn -0.06593 -0.02064 -0.99761
vn -0.10784 -0.31669 0.94238
vn -0.15260 -0.70345 -0.69417
vn -0.41233 -0.72557 -0.55094
vn 0.04971 -0.80575 0.59017
vn 0.25002 -0.26989 0.92986
vn -0.40948 -0.37313 -0.83252
vn -0.37972 -0.70030 -0.60448
vn 0.21997 -0.93043 0.29310
vn 0.02069 -0.78344 0.62113
vn -0.82694 -0.53709 0.16645
vn -0.12112 -0.61146 -0.78195
vn -0.47183 -0.42626 -0.77180
vn -0.43653 0.23986 0.86713
vn -0.89389 0.24947 0.37245
vn -0.25893 -0.66515 -0.70038
vn -0.90958 -0.11260 -0.39998
vn -0.46587 0.10118 -0.87905
vn -0.50230 -0.33718 0.79624
vn -0.48283 -0.77977 0.39854
vn -0.65934 -0.45956 0.59504
vn -0.97444 -0.22298 -0.02738
vn -0.48146 -0.76069 -0.43537
vn -0.72417 -0.64902 -0.23311
vn -0.12623 -0.34430 -0.93034
vn -0.33494 -0.53901 0.77284
vn -0.52869 -0.84871 -0.01345
vn -0.58019 -0.50349 0.64022
vn -0.65322 -0.70277 0.28182
vn -0.65164 -0.73090 -0.20286
vn -0.57901 -0.81268 -0.06552
vn -0.68090 -0.73010 0.05775
vn -0.67172 -0.63937 0.37417
vn -0.98373 -0.16024 -0.08128
vn -0.27395 -0.32694 -0.90447
vn -0.56539 -0.54928 0.61532
vn -0.63549 -0.73913 0.22324
vn -0.87807 -0.44865 -0.16648
vn -0.95735 -0.23983 -0.16115
vn -0.96267 -0.11419 0.24540
vn -0.91268 -0.38075 0.14850
vn -0.57199 -0.75675 -0.31649
vn -0.45537 -0.83910 -0.29757
vn -0.64384 -0.76464 -0.02815
vn -0.08173 -0.47482 0.87628
vn -0.24342 0.88701 -0.39238
vn -0.10400 0.72773 -0.67794
vn -0.74123 -0.03668 0.67025
vn -0.92395 -0.18086 0.33705
vn -0.94081 -0.33672 -0.03858
vn -0.90957 -0.41307 -0.04532
vn -0.95596 0.14250 0.25659
vn -0.96957 0.15857 -0.18653
vn -0.87997 0.42811 -0.20583
vn -0.85502 -0.14240 -0.49867
vn -0.46886 -0.40094 0.78703
vn -0.59349 -0.69646 -0.40337
vn -0.26061 -0.53498 -0.80366
vn -0.66279 -0.39786 0.63436
vn -0.68427 -0.72857 -0.03101
vn -0.81436 -0.57031 0.10749
vn -0.94560 -0.32132 -0.05086
vn -0.73501 -0.57173 0.36454
vn -0.52410 -0.84893 0.06815
vn -0.53827 -0.80565 -0.24735
vn -0.50899 -0.76188 -0.40058
vn -0.11580 -0.74746 0.65413
vn -0.06843 -0.98720 -0.14405
vn -0.26929 -0.80318 -0.53141
vn -0.01813 0.99448 0.10333
vn -0.01130 0.98790 0.15466
vn -0.05325 0.99553 0.07798
vn -0.02884 0.99951 -0.01231
vn -0.04542 0.99817 -0.03987
vn -0.05716 0.97879 -0.19673
vn -0.07643 0.74598 0.66157
vn -0.04643 0.95379 0.29687
vn 0.05770 0.97249 0.22569
vn -0.03251 0.99737 0.06470
vn -0.08933 0.99079 0.10176
vn -0.06695 0.97894 0.19286
vn -0.01276 0.96781 -0.25137
vn -0.06004 0.96232 -0.26519
vn -0.08879 0.98401 -0.15439
vn -0.08474 0.99545 0.04360
vn -0.08629 0.99159 0.09644
vn -0.07440 0.99699 -0.02165
vn -0.08053 0.99660 0.01728
vn -0.05968 0.99707 -0.04781
vn -0.12143 0.98326 -0.13582
vn -0.17697 0.96915 -0.17158
vn -0.23644 0.90375 -0.35684
vn 0.27477 0.20356 0.93971
vn -0.36314 0.77407 -0.51860
vn -0.66477 0.31836 -0.67582
vn -0.48254 0.45106 -0.75080
vn 0.28626 0.82970 0.47923
vn 0.36226 0.92455 0.11818
vn -0.55378 0.57599 -0.60130
vn -0.65540 0.48927 -0.57539
vn 0.97129 -0.08709 0.22138
vn 0.71486 0.02531 0.69881
vn -0.38677 0.55490 -0.73654
vn -0.69406 0.36878 -0.61828
vn -0.64965 0.41368 -0.63783
vn 0.58739 -0.30614 0.74917
vn 0.08753 -0.84239 0.53172
vn -0.54466 0.27576 -0.79202
vn -0.57253 -0.08948 -0.81499
vn 0.06495 -0.90310 0.42448
vn -0.17277 -0.64689 0.74276
vn -0.36285 0.12132 -0.92392
vn -0.14726 0.02811 -0.98870
vn 0.27882 -0.08998 0.95612
vn 0.56095 -0.69477 0.45013
vn -0.23412 -0.39699 -0.88746
vn -0.42629 -0.18333 -0.88582
vn 0.14669 -0.34703 0.92631
vn 0.43630 -0.83999 0.32260
vn 0.30073 -0.51492 -0.80276
vn -0.10043 -0.89939 0.42545
vn 0.18286 -0.87543 0.44741
vn -0.29081 -0.34120 -0.89387
vn -0.37377 -0.40547 -0.83420
vn -0.40170 -0.11901 0.90800
vn -0.69204 -0.30079 0.65621
vn -0.30134 -0.34297 -0.88970
vn -0.67836 -0.35013 -0.64594
vn -0.73951 -0.34791 0.57626
vn -0.76586 0.31889 0.55836
vn -0.14573 -0.58357 -0.79888
vn 0.23127 -0.40805 -0.88318
vn -0.35812 0.23990 0.90233
vn -0.76450 -0.59551 0.24681
vn -0.33516 -0.87301 0.35429
vn -0.51569 -0.70549 -0.48615
vn 0.54553 -0.58847 -0.59674
vn 0.43142 -0.30781 -0.84802
vn -0.62586 -0.68699 0.36924
vn -0.36360 -0.71298 0.59955
vn -0.08066 -0.96020 0.26740
vn -0.26761 -0.69866 0.66352
vn -0.41609 0.05650 -0.90757
vn -0.63163 -0.42089 0.65107
vn -0.38109 -0.61387 0.69133
vn -0.46239 -0.77722 0.42675
vn 0.20034 -0.01562 -0.97960
vn -0.48562 -0.56698 0.66536
vn -0.53567 -0.26332 0.80232
vn -0.59650 -0.77341 -0.21454
vn -0.60554 -0.77590 -0.17692
vn 0.53825 -0.58485 -0.60683
vn 0.48754 -0.50405 -0.71290
vn -0.33417 -0.63906 0.69277
vn -0.73669 -0.67237 0.07212
vn -0.78234 -0.50733 0.36132
vn -0.72784 -0.68574 -0.00292
vn -0.80515 -0.59137 -0.04480
vn -0.56658 -0.64977 -0.50675
vn -0.60335 -0.79748 -0.00006
vn -0.43063 -0.86456 -0.25902
vn -0.36961 -0.92360 0.10177
vn -0.04078 -0.97944 -0.19757
vn -0.04917 -0.86560 -0.49832
vn -0.64031 -0.50391 0.57972
vn -0.46956 -0.88040 -0.06635
vn -0.34654 -0.91316 0.21461
vn -0.24109 -0.97012 -0.02723
vn 0.09873 -0.91188 0.39840
vn -0.41896 -0.76206 -0.49370
vn -0.61320 -0.76962 -0.17798
vn 0.01005 0.99703 0.07633
vn 0.06499 0.99246 0.10394
vn 0.07571 0.99071 0.11297
vn 0.03582 0.99924 0.01511
vn -0.00375 0.99998 0.00588
vn -0.04208 0.97349 -0.22482
vn 0.04374 0.97062 -0.23662
vn 0.23763 0.54563 0.80363
vn 0.04579 0.92363 0.38054
vn 0.17856 0.91746 0.35549
vn 0.00939 0.99024 0.13908
vn 0.06180 0.99661 0.05437
vn 0.09420 0.98870 0.11660
vn -0.09169 0.96835 -0.23213
vn -0.04835 0.97350 -0.22352
vn -0.12387 0.98561 -0.11506
vn -0.09614 0.99487 -0.03139
vn -0.03231 0.99900 0.03076
vn -0.01486 0.99987 0.00642
vn -0.09004 0.99484 0.04678
vn -0.08160 0.99381 -0.07533
vn -0.06825 0.98686 -0.14648
vn -0.03748 0.99388 -0.10393
vn -0.13838 0.94904 -0.28315
vn -0.20464 0.90718 -0.36762
vn 0.39788 0.15062 0.90499
vn 0.28472 0.07959 0.95530
vn -0.28414 0.83238 -0.47582
vn -0.23703 0.64698 -0.72473
vn -0.11873 0.78878 -0.60310
vn 0.59016 0.52054 0.61705
vn 0.54519 0.06285 0.83596
vn -0.64978 0.60221 -0.46382
vn -0.66444 0.39018 -0.63739
vn 0.48446 0.20425 0.85064
vn 0.42712 -0.00881 0.90415
vn -0.53021 0.42987 -0.73082
vn -0.68902 0.53806 -0.48553
vn 0.69918 0.04004 0.71382
vn 0.82992 -0.45326 0.32526
vn 0.34373 0.15280 -0.92655
vn 0.45669 -0.68164 -0.57166
vn 0.01714 -0.89565 0.44443
vn 0.47127 -0.69752 0.53979
vn 0.56918 -0.71114 0.41270
vn 0.73364 -0.45876 0.50131
vn 0.26530 0.24960 -0.93130
vn 0.04020 0.16526 -0.98543
vn 0.41083 -0.70523 0.57781
vn 0.30254 -0.18426 0.93516
vn 0.73974 -0.44596 0.50389
vn 0.22043 -0.58644 -0.77942
vn 0.51824 -0.22897 -0.82401
vn 0.38715 -0.22543 0.89403
vn 0.38782 -0.79003 0.47481
vn 0.19521 -0.24255 -0.95030
vn -0.56619 -0.39712 0.72230
vn -0.14483 0.06068 -0.98759
vn -0.74044 0.47798 0.47254
vn -0.50546 -0.58129 -0.63766
vn -0.61642 -0.58633 -0.52559
vn -0.43869 -0.33833 0.83252
vn -0.16093 -0.65346 -0.73966
vn -0.06720 -0.60552 -0.79299
vn -0.48997 -0.73193 -0.47351
vn -0.29734 -0.05694 0.95307
vn -0.31510 -0.91260 0.26051
vn -0.04821 -0.51711 -0.85456
vn -0.18647 -0.76878 -0.61173
vn -0.28741 -0.44802 -0.84657
vn 0.00085 -0.88893 0.45805
vn -0.33995 -0.90460 0.25717
vn 0.01842 -0.99393 -0.10845
vn -0.24026 -0.48556 0.84054
vn -0.35935 -0.26054 -0.89609
vn -0.53024 -0.15766 -0.83306
vn -0.72253 -0.27525 0.63418
vn -0.67394 -0.56621 0.47456
vn -0.19992 -0.60238 -0.77277
vn -0.65879 -0.10761 -0.74459
vn -0.65877 -0.66095 0.35940
vn -0.64934 -0.65926 0.37912
vn -0.44669 -0.22806 0.86513
vn -0.60031 -0.53974 -0.59018
vn 0.66394 -0.67483 -0.32215
vn 0.44077 -0.45586 -0.77325
vn -0.57823 -0.14297 0.80325
vn -0.55425 -0.60469 0.57197
vn 0.95358 -0.29570 -0.05693
vn -0.26069 -0.95355 -0.15094
vn -0.18662 -0.80981 -0.55622
vn 0.06075 -0.61623 -0.78522
vn 0.72981 -0.66931 -0.13929
vn -0.68526 -0.40643 0.60435
vn -0.60593 -0.43982 0.66288
vn -0.71243 -0.58323 -0.39025
vn -0.64282 -0.74721 0.16871
vn -0.47243 -0.88135 0.00529
vn 0.08560 -0.99113 -0.10161
vn 0.05268 -0.94716 -0.31640
vn -0.21686 -0.96401 -0.15379
vn -0.04836 -0.88641 -0.46038
vn -0.89456 -0.44640 -0.02229
vn -0.84710 -0.52732 -0.06595
vn 0.07101 0.99532 0.06548
vn 0.09372 0.98501 0.14481
vn 0.07522 0.99668 0.03114
vn 0.08211 0.99629 -0.02574
vn 0.08327 0.97362 -0.21246
vn 0.04988 0.97028 -0.23680
vn 0.18261 0.84881 0.49616
vn -0.18926 0.95105 0.24431
vn 0.10916 0.99402 0.00210
vn 0.25893 0.95282 0.15842
vn 0.13879 0.97311 0.18385
vn 0.15405 0.98463 0.08234
vn 0.24841 0.89002 -0.38231
vn 0.48813 0.82307 -0.29034
vn 0.73788 0.64535 -0.19764
vn 0.61329 0.78951 0.02332
vn 0.47714 0.85446 -0.20551
vn 0.67862 0.72977 0.08318
vn 0.12317 0.99027 0.06476
vn 0.07370 0.99661 -0.03655
vn 0.05618 0.98564 -0.15923
vn -0.00670 0.99963 -0.02640
vn -0.12550 0.97472 -0.18484
vn -0.19200 0.93118 -0.30989
vn 0.37823 -0.18936 0.90614
vn 0.88369 0.46361 -0.06452
vn 0.93006 0.34394 -0.12918
vn 0.86233 0.43324 0.26209
vn 0.97204 0.23418 -0.01746
vn 0.87006 0.49280 -0.01180
vn -0.31387 0.64202 -0.69950
vn -0.33845 0.71077 -0.61665
vn 0.37312 0.06854 0.92525
vn -0.05227 0.71143 -0.70081
vn 0.23424 0.64426 -0.72805
vn 0.71073 0.15036 0.68721
vn 0.33574 -0.17750 0.92508
vn 0.42042 -0.11311 -0.90025
vn 0.83239 0.01870 0.55387
vn 0.54776 -0.38715 0.74167
vn 0.64609 -0.72598 0.23561
vn 0.01828 0.30358 -0.95263
vn 0.30675 -0.84375 -0.44044
vn 0.65937 -0.62524 0.41750
vn 0.65901 -0.59723 0.45719
vn 0.49109 -0.62730 0.60442
vn -0.01767 0.48385 -0.87497
vn -0.11280 -0.32521 -0.93889
vn 0.54823 0.54078 0.63797
vn 0.48358 0.70010 0.52537
vn -0.13379 -0.14202 -0.98078
vn -0.11355 -0.42621 -0.89747
vn 0.31618 -0.24676 0.91604
vn 0.05181 -0.49434 0.86772
vn -0.30416 -0.20874 -0.92947
vn -0.01474 -0.41200 0.91106
vn -0.30162 0.06138 -0.95145
vn 0.11712 0.64928 0.75148
vn -0.14692 -0.12771 -0.98087
vn -0.05482 -0.41076 0.91009
vn -0.14289 -0.37172 0.91728
vn -0.53705 -0.62979 -0.56120
vn -0.60156 -0.64378 -0.47294
vn -0.10027 -0.41454 0.90449
vn 0.15635 -0.48537 0.86021
vn 0.08244 -0.94450 0.31801
vn -0.64355 -0.57932 -0.50023
vn -0.55919 -0.33173 -0.75978
vn 0.22713 -0.95451 0.19317
vn 0.12137 -0.89946 0.41981
vn -0.50568 -0.67597 0.53605
vn -0.27521 -0.05268 0.95994
vn -0.61841 -0.29610 -0.72794
vn -0.90217 -0.01544 -0.43111
vn -0.15967 0.03209 0.98665
vn -0.34887 0.01241 0.93709
vn 0.90423 -0.26459 -0.33519
vn 0.90738 -0.31868 -0.27405
vn -0.76568 -0.58426 -0.26902
vn -0.86221 0.01468 -0.50634
vn -0.64276 -0.10978 -0.75816
vn -0.20276 -0.50168 0.84095
vn -0.29321 -0.67722 0.67484
vn -0.41489 -0.73018 0.54286
vn 0.61037 -0.59825 -0.51918
vn 0.91721 -0.36696 -0.15513
vn 0.93894 -0.26829 -0.21544
vn 0.82477 -0.29635 0.48160
vn -0.64463 -0.49704 -0.58087
vn -0.78717 -0.53132 -0.31315
vn -0.40223 -0.79623 -0.45192
vn -0.52558 -0.79894 -0.29235
vn -0.14996 -0.66214 -0.73422
vn -0.56648 -0.78050 0.26444
vn -0.41304 -0.12854 0.90160
vn 0.51186 -0.46105 -0.72486
vn 0.52480 -0.69217 -0.49547
vn 0.65451 -0.74693 -0.11712
vn 0.82786 -0.51555 -0.22104
vn 0.78789 -0.04575 0.61411
vn 0.10759 -0.99006 -0.09060
vn -0.42449 -0.59700 -0.68074
vn -0.55160 -0.72472 -0.41294
vn -0.43144 -0.50314 0.74880
vn -0.48553 -0.75664 0.43789
vn -0.53969 -0.55849 0.62994
vn 0.40980 -0.60059 -0.68655
vn 0.63501 -0.64954 -0.41817
vn 0.82176 -0.54168 0.17689
vn 0.98730 -0.13799 -0.07868
vn 0.21999 -0.97119 0.09168
vn 0.09456 -0.99127 -0.09192
vn -0.17672 -0.76962 0.61356
vn -0.55448 -0.42807 0.71366
vn -0.67395 -0.72505 0.14175
vn -0.02390 -0.72244 -0.69102
vn 0.21582 0.96701 0.13537
vn 0.26594 0.96299 0.04397
vn 0.28681 0.95793 -0.01029
vn 0.33266 0.90944 -0.24952
vn -0.20459 0.66302 0.72010
vn 0.40934 0.86775 0.28188
vn 0.44763 0.86667 -0.22024
vn 0.33169 0.90979 0.24952
vn 0.31731 0.93203 0.17503
vn 0.26124 0.95203 0.15932
vn 0.24291 0.96987 0.01853
vn 0.37841 0.92517 -0.02953
vn 0.42208 0.83857 -0.34445
vn 0.48416 0.51156 -0.70986
vn 0.32258 0.36663 0.87265
vn 0.29723 0.75109 0.58950
vn 0.07343 0.99694 -0.02662
vn 0.03576 0.99363 -0.10686
vn -0.00057 0.99955 -0.02988
vn 0.02332 0.99751 -0.06650
vn -0.03791 0.92640 -0.37463
vn -0.16659 0.83297 -0.52764
vn -0.35364 0.12861 0.92650
vn 0.40223 0.15511 -0.90231
vn 0.87316 0.48403 -0.05758
vn 0.99077 0.12476 0.05300
vn 0.88557 0.41294 0.21272
vn 0.40005 0.68044 0.61397
vn 0.01548 0.70223 0.71178
vn -0.12812 0.76613 -0.62978
vn -0.12090 0.62212 -0.77353
vn -0.11801 -0.06944 0.99058
vn 0.56765 0.00788 -0.82323
vn 0.83663 0.44810 0.31505
vn 0.98557 0.15066 -0.07711
vn 0.68170 0.42958 0.59224
vn 0.82644 0.27310 0.49235
vn 0.05806 0.17285 -0.98324
vn 0.26143 0.17535 -0.94916
vn 0.52042 -0.79503 0.31159
vn 0.53561 -0.66852 0.51595
vn 0.46272 0.56912 -0.67970
vn 0.78860 0.61410 -0.03157
vn 0.75547 0.65506 0.01273
vn 0.79686 0.22336 0.56136
vn 0.93232 0.13967 0.33357
vn 0.69111 -0.04288 -0.72147
vn 0.58204 0.41619 -0.69858
vn 0.53345 -0.65795 0.53154
vn 0.48004 -0.50436 0.71776
vn 0.52122 -0.62545 0.58063
vn 0.94295 -0.21070 0.25780
vn 0.80587 0.58275 0.10473
vn 0.60667 0.64711 0.46174
vn 0.27635 -0.42166 -0.86362
vn -0.10832 -0.81535 -0.56875
vn 0.13992 -0.66922 0.72977
vn 0.48328 -0.49216 0.72403
vn 0.96551 -0.12419 0.22886
vn 0.99626 0.03190 0.08034
vn 0.98188 -0.01023 -0.18922
vn 0.05360 0.62950 -0.77515
vn -0.20422 -0.05082 -0.97760
vn 0.01387 0.21466 0.97659
vn 0.95493 0.11793 -0.27240
vn 0.93403 -0.28406 -0.21656
vn 0.99903 -0.00542 0.04368
vn -0.14163 -0.10661 -0.98416
vn -0.36223 -0.31092 -0.87870
vn -0.51115 -0.15350 0.84567
vn -0.37024 0.13698 0.91878
vn 0.92121 0.29438 -0.25438
vn 0.94666 0.32027 0.03563
vn -0.10085 -0.03402 -0.99432
vn -0.40845 -0.10571 -0.90664
vn -0.82138 0.39104 0.41524
vn -0.63237 -0.34355 0.69432
vn -0.04039 0.14498 -0.98861
vn 0.01199 0.34839 -0.93727
vn -0.62139 -0.35631 0.69779
vn -0.90138 0.27564 0.33397
vn -0.55265 0.19797 -0.80956
vn -0.14248 0.44863 -0.88229
vn 0.26390 0.08336 0.96094
vn 0.25832 0.08248 0.96253
vn -0.74834 -0.51507 -0.41796
vn -0.71201 -0.55309 -0.43260
vn -0.81047 -0.12320 -0.57268
vn -0.09165 -0.39616 0.91360
vn 0.14515 -0.86930 0.47250
vn 0.17520 -0.55878 0.81060
vn -0.02983 -0.42496 -0.90472
vn 0.81230 -0.51852 0.26703
vn 0.70235 -0.53955 0.46432
vn -0.88697 0.02646 -0.46106
vn -0.84428 -0.29187 -0.44945
vn -0.76655 -0.22269 -0.60234
vn -0.29194 -0.72315 0.62596
vn -0.76637 -0.47121 0.43662
vn 0.40196 -0.25512 -0.87940
vn 0.87700 -0.18207 -0.44465
vn 0.65903 -0.66820 0.34523
vn 0.57944 -0.12962 0.80464
vn -0.76078 -0.30971 -0.57034
vn -0.61626 -0.54762 -0.56599
vn -0.62356 -0.61004 -0.48890
vn 0.10288 -0.21417 0.97136
vn -0.91816 -0.28215 0.27815
vn 0.73188 -0.22263 -0.64404
vn 0.91301 -0.30026 -0.27613
vn 0.90803 -0.27146 0.31904
vn 0.65924 -0.46555 0.59047
vn 0.61247 -0.36876 0.69921
vn 0.39866 -0.66305 -0.63359
vn -0.14259 -0.55031 -0.82270
vn -0.58079 -0.47887 -0.65831
vn -0.38994 -0.22872 0.89198
vn -0.40168 -0.47945 0.78025
vn 0.47449 -0.42579 -0.77043
vn 0.81974 -0.30819 -0.48276
vn 0.89176 -0.23996 -0.38366
vn 0.80137 -0.41429 0.43147
vn 0.64454 -0.48988 0.58702
vn 0.62190 -0.03318 0.78239
vn 0.02020 -0.48520 -0.87417
vn -0.65420 -0.75406 0.05836
vn 0.26925 -0.65429 -0.70669
vn -0.02878 -0.68403 -0.72888
vn -0.47554 -0.87329 0.10594
vn -0.11658 -0.20871 0.97100
vn 0.72162 0.07043 -0.68870
vn 0.68937 -0.52815 -0.49581
vn 0.35598 -0.30398 0.88367
vn 0.50605 -0.42724 0.74925
vn -0.83007 -0.25817 -0.49430
vn -0.37027 -0.29447 -0.88101
vn -0.70585 -0.66321 -0.24885
vn -0.72661 -0.27790 0.62835
vn -0.46072 -0.37875 0.80267
vn -0.23296 -0.75763 0.60970
vn 0.90771 -0.34634 -0.23688
vn 0.74846 -0.48926 -0.44769
vn -0.52705 -0.56548 0.63439
vn -0.48729 -0.87121 0.05957
vn -0.08397 -0.61376 -0.78501
vn -0.13190 -0.89900 0.41762
vn 0.07123 -0.81236 0.57879
vn 0.63547 -0.35210 -0.68717
vn 0.73393 -0.54246 -0.40875
vn 0.34458 0.81254 0.47016
vn 0.20315 0.97610 0.07714
vn 0.50902 0.84088 -0.18388
vn 0.15459 0.91838 0.36426
vn 0.07976 0.96987 0.23020
vn 0.15164 0.98461 0.08683
vn 0.36411 0.92953 -0.05830
vn 0.22182 0.97477 -0.02483
vn 0.29159 0.55898 -0.77622
vn 0.55924 0.56035 -0.61096
vn 0.05055 0.83526 0.54752
vn 0.09442 0.99446 0.04626
vn 0.02051 0.99913 0.03633
vn -0.05828 0.99815 -0.01753
vn -0.06251 0.99764 -0.02832
vn -0.15775 0.95338 -0.25725
vn -0.14437 0.88402 -0.44460
vn 0.55583 -0.04857 0.82988
vn 0.22884 0.89232 0.38909
vn 0.50942 0.85195 -0.12115
vn 0.12939 0.89472 0.42747
vn 0.45352 0.58074 -0.67607
vn 0.43548 0.62131 -0.65140
vn 0.09692 0.57348 0.81346
vn -0.20517 0.71741 0.66576
vn -0.08450 0.17326 -0.98125
vn 0.75555 -0.29266 0.58609
vn 0.50457 -0.40466 0.76266
vn 0.16844 0.15511 -0.97343
vn -0.07905 0.38584 0.91917
vn 0.62673 -0.11346 -0.77093
vn 0.76931 -0.52666 0.36165
vn 0.59236 -0.53783 0.59987
vn -0.05556 -0.44515 0.89373
vn 0.26455 0.22884 -0.93683
vn 0.27840 0.73778 -0.61495
vn 0.59055 0.14069 0.79464
vn 0.46622 0.63138 0.61967
vn 0.21724 0.03007 -0.97565
vn 0.63417 -0.45313 0.62650
vn 0.08521 -0.28499 0.95473
vn 0.20718 0.12505 -0.97028
vn 0.97175 -0.12849 -0.19799
vn 0.80123 -0.34988 0.48540
vn -0.09399 -0.19894 0.97549
vn -0.13357 0.28686 -0.94861
vn -0.30970 0.02201 0.95058
vn 0.05511 0.02830 -0.99808
vn 0.99684 0.03161 0.07292
vn 0.98004 -0.00981 0.19854
vn 0.02044 -0.25851 0.96579
vn -0.11894 0.51138 -0.85108
vn 0.15614 0.40539 -0.90071
vn -0.05640 0.34863 0.93556
vn -0.37477 0.32656 0.86770
vn 0.59448 0.07518 -0.80059
vn 0.92923 -0.29554 -0.22179
vn 0.85248 -0.10824 0.51144
vn 0.58729 0.02883 0.80887
vn -0.14062 0.29187 -0.94607
vn 0.03635 0.35858 0.93279
vn -0.29389 0.60209 0.74237
vn 0.81569 0.23611 -0.52811
vn 0.99955 0.01879 -0.02358
vn 0.83638 0.13360 0.53162
vn 0.47464 0.45480 0.75357
vn -0.06116 -0.32355 -0.94423
vn -0.40379 -0.60569 -0.68563
vn 0.42404 0.10245 0.89983
vn 0.73578 -0.36540 -0.57019
vn 0.98146 -0.02976 0.18935
vn 0.94412 0.00995 0.32944
vn 0.61292 0.03637 0.78931
vn 0.21886 0.18401 -0.95825
vn 0.22767 0.20299 -0.95235
vn 0.65455 -0.34716 0.67160
vn 0.07469 -0.15444 0.98517
vn 0.52668 0.24520 -0.81393
vn 0.82090 -0.01419 0.57089
vn 0.87987 -0.47132 0.06066
vn 0.11847 -0.44433 0.88800
vn 0.36764 0.21918 -0.90377
vn 0.42099 0.49630 -0.75925
vn 0.04916 -0.59097 0.80519
vn 0.04539 -0.34066 0.93909
vn 0.85268 0.20324 -0.48127
vn 0.93791 0.19346 -0.28791
vn 0.66707 0.64731 0.36880
vn 0.59485 0.44303 0.67073
vn 0.41813 0.15491 -0.89508
vn 0.31092 -0.77531 0.54975
vn 0.04656 -0.46093 0.88621
vn 0.84655 -0.36189 -0.39036
vn 0.90160 -0.40964 0.13897
vn 0.29596 -0.63911 0.70989
vn 0.74267 -0.30669 0.59531
vn -0.41384 -0.24826 -0.87584
vn 0.07729 -0.68513 0.72431
vn 0.43045 -0.09662 -0.89743
vn 0.39701 -0.72374 0.56443
vn 0.25253 -0.58307 0.77217
vn -0.45316 -0.51674 -0.72638
vn -0.34634 -0.80794 -0.47675
vn 0.09982 0.09209 0.99074
vn 0.10928 -0.56022 0.82110
vn 0.41136 -0.49426 -0.76583
vn 0.25269 -0.48046 -0.83983
vn 0.67834 -0.38456 0.62608
vn 0.20632 -0.19176 0.95951
vn 0.27187 -0.60229 -0.75056
vn 0.11070 -0.96674 0.23055
vn -0.48727 -0.68350 -0.54350
vn -0.76973 -0.36438 0.52416
vn -0.32478 -0.49883 0.80355
vn -0.06076 -0.43304 0.89933
vn 0.43491 -0.48768 -0.75698
vn 0.42413 -0.28111 -0.86087
vn 0.03153 0.07050 0.99701
vn -0.31643 -0.79322 -0.52027
vn 0.11880 -0.35833 -0.92600
vn -0.78510 -0.46807 -0.40563
vn -0.31437 -0.40289 0.85957
vn -0.22819 -0.33396 0.91455
vn 0.42960 -0.33343 -0.83921
vn 0.18616 -0.65297 -0.73415
vn 0.65405 -0.65889 -0.37160
vn 0.11110 -0.22654 0.96764
vn -0.63588 -0.42553 -0.64387
vn -0.55098 -0.65464 -0.51756
vn -0.13388 -0.37112 -0.91888
vn -0.55360 -0.50102 0.66521
vn -0.40657 -0.77430 0.48493
vn 0.18213 0.26960 -0.94559
vn 0.49610 -0.42772 -0.75561
vn 0.60877 -0.47738 -0.63364
vn -0.27445 -0.55243 0.78708
vn 0.14908 -0.52395 0.83860
vn -0.06016 -0.77130 -0.63362
vn 0.17979 -0.76205 -0.62205
vn -0.49132 -0.81444 0.30870
vn -0.31471 -0.93356 0.17153
vn 0.12891 -0.94172 -0.31071
vn 0.34608 -0.61090 -0.71206
vn -0.05943 0.93452 0.35092
vn 0.01565 0.97436 0.22446
vn 0.03328 0.99934 -0.01456
vn -0.01918 0.99904 -0.03926
vn 0.05728 0.99763 -0.03817
vn 0.07977 0.75295 -0.65322
vn 0.21692 0.83033 0.51332
vn -0.10387 0.97209 0.21035
vn -0.05059 0.99871 0.00405
vn 0.07060 0.99665 -0.04120
vn 0.02443 0.99936 0.02608
vn -0.00672 0.97820 -0.20757
vn -0.12017 0.90173 -0.41527
vn -0.02220 -0.71082 0.70302
vn 0.45110 -0.57552 0.68212
vn -0.05388 0.91135 0.40808
vn -0.09093 0.83476 0.54306
vn 0.35234 0.57020 -0.74211
vn -0.07025 0.36097 -0.92993
vn 0.01456 0.11843 0.99286
vn 0.31796 0.71325 0.62464
vn -0.36950 0.05963 -0.92732
vn -0.02848 -0.71588 0.69765
vn 0.03450 -0.43617 0.89920
vn -0.11525 0.51982 -0.84647
vn 0.15029 0.20804 -0.96651
vn 0.10289 0.31373 0.94392
vn -0.22119 -0.34274 -0.91302
vn 0.08579 -0.55019 0.83062
vn 0.03687 -0.38679 0.92143
vn -0.33341 0.80026 -0.49842
vn -0.15300 0.21711 -0.96408
vn -0.32578 -0.04244 0.94449
vn -0.28192 0.43191 0.85672
vn -0.18419 0.05771 -0.98120
vn -0.06890 -0.08293 0.99417
vn -0.13987 0.30646 -0.94155
vn -0.24002 -0.29937 0.92345
vn -0.28398 -0.25936 0.92309
vn -0.18699 0.67011 -0.71832
vn -0.17922 0.55090 -0.81510
vn -0.07628 -0.12709 0.98895
vn -0.17517 -0.24501 -0.95357
vn -0.66373 -0.48344 0.57074
vn -0.24833 -0.34678 0.90448
vn -0.28767 0.44868 -0.84613
vn -0.37688 0.30980 -0.87292
vn 0.14259 0.28359 0.94829
vn 0.13248 0.29402 0.94657
vn -0.01469 -0.32825 -0.94448
vn -0.95299 0.09151 0.28886
vn -0.26920 0.07040 0.96051
vn -0.55227 0.58742 -0.59155
vn -0.46868 0.19504 -0.86157
vn 0.26467 0.11598 0.95734
vn 0.26554 0.16982 0.94903
vn 0.07139 -0.40288 -0.91247
vn 0.11088 -0.12844 -0.98550
vn 0.35321 0.21390 0.91076
vn 0.33710 0.34618 0.87551
vn -0.42424 -0.55021 -0.71923
vn -0.27951 -0.21199 -0.93645
vn 0.06199 0.29280 0.95416
vn 0.31955 0.20872 -0.92430
vn 0.58031 0.11446 -0.80632
vn 0.47206 -0.20848 0.85656
vn 0.03078 -0.17867 0.98343
vn -0.35767 -0.07577 -0.93077
vn -0.64440 -0.31361 -0.69742
vn -0.32406 -0.23796 0.91562
vn -0.02003 -0.48518 0.87418
vn -0.11517 0.07570 -0.99046
vn 0.35240 0.06927 -0.93328
vn -0.00619 -0.17502 0.98454
vn -0.17057 0.07602 -0.98241
vn -0.72360 0.09612 -0.68350
vn 0.16605 -0.52707 0.83344
vn -0.34601 -0.01809 -0.93806
vn 0.15231 -0.20800 -0.96620
vn 0.71115 -0.08791 0.69752
vn 0.65579 0.36975 0.65819
vn 0.31084 -0.17283 -0.93461
vn -0.30107 -0.54540 0.78224
vn -0.41124 -0.54947 0.72730
vn -0.04534 -0.38723 -0.92087
vn 0.29677 -0.24898 -0.92192
vn 0.70953 -0.12571 0.69337
vn 0.67069 -0.20965 0.71150
vn 0.14885 -0.28002 0.94838
vn 0.50612 0.21355 -0.83561
vn -0.49644 -0.19350 0.84623
vn 0.26574 0.26477 -0.92697
vn 0.23779 -0.17289 -0.95581
vn 0.36843 -0.03042 0.92916
vn 0.15526 -0.23116 0.96045
vn 0.08259 -0.53017 -0.84386
vn 0.07023 -0.53032 -0.84489
vn -0.67359 0.29053 0.67961
vn 0.72639 -0.21747 -0.65197
vn 0.59442 -0.09439 -0.79860
vn -0.02070 -0.39827 0.91704
vn -0.46311 -0.06114 0.88419
vn -0.76293 -0.07512 -0.64210
vn -0.20536 -0.67317 -0.71041
vn -0.51877 -0.80168 0.29696
vn -0.52855 -0.65735 0.53715
vn 0.22782 -0.09043 -0.96950
vn 0.73135 -0.15949 -0.66309
vn -0.00407 -0.27276 0.96207
vn -0.74467 -0.50546 -0.43587
vn -0.42452 -0.70702 -0.56560
vn -0.25489 -0.54956 -0.79562
vn -0.64619 -0.53727 0.54201
vn -0.52340 -0.32138 0.78915
vn -0.45568 -0.29084 0.84129
vn 0.42704 -0.33364 -0.84043
vn -0.15787 -0.26354 -0.95164
vn 0.37515 -0.82228 -0.42793
vn 0.14378 -0.22606 0.96344
vn 0.35234 -0.18431 0.91755
vn -0.07545 -0.89462 -0.44040
vn -0.56041 -0.67728 -0.47669
vn -0.13063 -0.80403 -0.58007
vn -0.24938 -0.43517 0.86512
vn -0.34295 -0.38470 0.85697
vn -0.26392 0.72786 -0.63291
vn -0.27905 0.23586 -0.93086
vn 0.13299 -0.16743 0.97687
vn 0.03331 -0.99070 0.13191
vn 0.17356 -0.90343 -0.39203
vn -0.13727 -0.87365 -0.46678
vn -0.35878 -0.85158 0.38222
vn -0.36028 -0.92859 0.08897
vn -0.24109 -0.92870 -0.28175
vn -0.11015 0.89567 0.43086
vn -0.11181 0.94131 0.31848
vn -0.02688 0.98432 0.17434
vn 0.02070 0.99957 0.02055
vn 0.00612 0.99888 -0.04683
vn -0.10300 0.99451 -0.01836
vn -0.39130 0.75959 -0.51952
vn -0.35485 0.81007 0.46675
vn 0.06445 0.98354 0.16878
vn -0.02160 0.99884 -0.04305
vn -0.05497 0.99779 -0.03741
vn -0.02609 0.99942 -0.02206
vn 0.01482 0.98658 -0.16262
vn 0.05444 0.93447 -0.35186
vn -0.45464 0.22259 0.86241
vn -0.15956 -0.56030 0.81277
vn -0.08173 0.87955 0.46873
vn -0.17759 0.86809 0.46355
vn -0.69225 0.34890 -0.63172
vn -0.05776 0.70794 -0.70390
vn -0.58690 0.50061 0.63635
vn -0.51156 0.46536 0.72232
vn -0.09701 0.41776 -0.90336
vn -0.68561 -0.10136 0.72088
vn -0.79419 -0.15357 0.58794
vn -0.34477 0.46249 -0.81685
vn -0.39080 0.29209 -0.87290
vn -0.02518 0.58033 -0.81399
vn -0.56909 0.10661 0.81533
vn -0.80507 0.32127 0.49864
vn -0.33831 -0.02490 -0.94070
vn -0.40560 -0.74499 0.52961
vn -0.51936 -0.32233 0.79143
vn -0.10843 -0.26854 0.95715
vn -0.45835 0.51475 -0.72453
vn -0.45553 0.38805 -0.80119
vn -0.88915 0.43551 0.14050
vn -0.23233 0.81341 0.53328
vn -0.24370 0.60248 0.76002
vn -0.26297 -0.16299 -0.95094
vn -0.49210 0.25547 -0.83221
vn -0.37279 -0.06709 0.92549
vn -0.36711 -0.14928 0.91812
vn -0.50567 0.61502 -0.60502
vn -0.76596 0.50752 -0.39462
vn -0.71857 0.28876 0.63268
vn -0.34416 0.40324 -0.84791
vn -0.37541 0.64515 -0.66547
vn -0.19298 0.19960 0.96069
vn -0.23237 0.13254 0.96355
vn -0.56069 -0.42285 -0.71192
vn -0.98168 -0.00469 -0.19046
vn -0.59534 0.18181 0.78263
vn -0.54296 0.44011 -0.71519
vn -0.08938 0.09268 -0.99168
vn -0.17396 0.15878 0.97187
vn -0.14035 -0.06337 0.98807
vn -0.58729 -0.21644 -0.77990
vn -0.93940 0.11898 0.32152
vn -0.69806 -0.41612 0.58272
vn -0.70313 -0.11693 0.70139
vn -0.57205 0.41204 -0.70921
vn -0.07907 0.28197 -0.95616
vn 0.19004 0.11750 0.97472
vn 0.18591 0.15351 0.97050
vn -0.57218 -0.35086 -0.74129
vn -0.59611 0.03154 -0.80228
vn -0.91641 -0.40006 0.01169
vn -0.78575 -0.13767 0.60302
vn -0.46431 -0.14948 0.87297
vn -0.37318 -0.42849 -0.82288
vn -0.17695 -0.36016 -0.91595
vn 0.27391 0.30406 0.91243
vn 0.17617 0.14529 0.97358
vn -0.46440 -0.28254 -0.83934
vn -0.62563 -0.22589 -0.74670
vn -0.54165 -0.26319 0.79834
vn -0.74912 -0.23296 0.62012
vn -0.44267 0.22894 -0.86697
vn -0.16144 -0.02584 -0.98654
vn 0.55452 -0.25868 0.79095
vn 0.28769 -0.27599 0.91710
vn -0.17875 0.23271 -0.95598
vn -0.49960 0.37815 -0.77936
vn -0.74054 -0.01483 0.67185
vn -0.42228 0.00501 0.90645
vn 0.08425 -0.50479 -0.85912
vn -0.58390 -0.01584 0.81167
vn -0.46999 0.04190 0.88168
vn -0.45123 -0.04058 -0.89149
vn -0.77368 0.02091 -0.63324
vn -0.91695 -0.16029 -0.36538
vn -0.70841 -0.14043 0.69169
vn -0.68910 -0.47447 0.54774
vn -0.16773 -0.49153 -0.85455
vn -0.55995 -0.25782 0.78739
vn -0.30716 -0.56978 0.76223
vn -0.53023 -0.50529 0.68083
vn -0.69251 -0.34232 -0.63502
vn -0.56736 0.19113 -0.80098
vn -0.98869 0.07116 -0.13205
vn -0.86885 -0.31149 0.38481
vn -0.61248 -0.50567 0.60759
vn 0.11748 -0.28688 0.95073
vn 0.22262 0.21529 -0.95084
vn -0.46671 0.42999 0.77284
vn -0.61328 0.06490 0.78719
vn -0.68367 -0.03259 -0.72907
vn -0.40964 -0.31807 -0.85500
vn -0.08884 0.53090 0.84276
vn 0.11535 -0.22494 0.96752
vn 0.56103 -0.79635 -0.22597
vn 0.35784 -0.31793 -0.87799
vn -0.68950 -0.27015 0.67201
vn -0.53451 -0.12611 0.83570
vn -0.40675 -0.30827 -0.85996
vn -0.44051 -0.24096 -0.86481
vn -0.20447 -0.51661 0.83145
vn -0.29638 -0.34844 0.88924
vn 0.10941 0.03206 -0.99348
vn -0.49503 -0.39326 0.77479
vn -0.43119 -0.47294 0.76837
vn -0.10956 -0.53435 -0.83813
vn -0.57204 -0.72363 -0.38617
vn -0.21323 0.11654 0.97003
vn -0.40035 -0.50716 0.76323
vn 0.35135 -0.76404 -0.54111
vn 0.02828 -0.71951 -0.69391
vn -0.09057 -0.48918 -0.86747
vn -0.44283 -0.55970 0.70045
vn -0.55825 -0.56832 0.60446
vn -0.64703 -0.21711 -0.73090
vn -0.22276 -0.43846 -0.87071
vn -0.20931 -0.58558 0.78312
vn -0.01828 -0.44540 0.89514
vn -0.02287 -0.67339 -0.73894
vn 0.15153 -0.86884 -0.47133
vn 0.03655 -0.80753 -0.58870
vn -0.77971 -0.13156 0.61216
vn -0.73669 -0.42030 0.52975
vn -0.30317 -0.50201 0.80998
vn -0.54467 -0.38995 -0.74248
vn -0.31393 -0.41738 -0.85279
vn -0.36411 -0.81113 0.45770
vn -0.62308 -0.78215 -0.00188
vn -0.39623 -0.56222 -0.72589
vn -0.40307 -0.76381 0.50411
vn -0.37322 -0.86554 0.33399
vn -0.61864 -0.74456 0.25082
vn -0.50653 -0.69228 -0.51398
vn -0.37971 -0.68730 -0.61922
vn -0.70790 -0.67522 0.20723
vn -0.77325 -0.63390 0.01576
vn -0.45200 -0.68323 -0.57349
vn -0.37364 -0.92310 -0.09099
vn -0.51221 -0.81367 -0.27493
vn -0.09196 0.90053 0.42495
vn 0.03697 0.97890 0.20095
vn 0.12054 0.98928 0.08241
vn 0.09730 0.99493 0.02536
vn -0.03773 0.99794 0.05198
vn -0.03096 0.99938 0.01647
vn -0.13168 0.91419 -0.38329
vn -0.15920 0.49986 -0.85135
vn -0.53936 0.53711 0.64854
vn -0.04829 0.94970 0.30941
vn -0.07885 0.98459 0.15607
vn 0.03933 0.99741 -0.06027
vn 0.05742 0.99456 -0.08692
vn 0.09464 0.99536 0.01737
vn 0.01315 0.97456 -0.22373
vn -0.00975 0.93224 -0.36170
vn 0.11151 0.61743 0.77868
vn 0.04890 0.87716 -0.47770
vn -0.21057 0.60882 0.76485
vn -0.43484 0.34621 -0.83129
vn -0.34111 0.49817 -0.79716
vn -0.52404 0.44858 -0.72399
vn -0.51199 0.58780 0.62638
vn -0.04095 0.62465 0.77983
vn -0.11640 0.74008 0.66237
vn 0.09265 0.05463 -0.99420
vn 0.13500 -0.59401 0.79305
vn -0.42372 0.32599 -0.84510
vn -0.65640 0.38982 -0.64589
vn -0.58185 0.78618 0.20825
vn -0.75855 0.30265 0.57707
vn -0.13496 0.54011 0.83070
vn 0.24727 0.25207 -0.93558
vn 0.10795 -0.74579 0.65738
vn -0.41241 -0.41119 0.81292
vn -0.74090 0.39645 -0.54212
vn -0.87392 0.46474 0.14245
vn -0.87445 0.40114 0.27281
vn 0.33827 0.36266 -0.86836
vn 0.12692 0.64325 -0.75507
vn -0.19434 -0.48805 0.85091
vn -0.09581 -0.27215 0.95747
vn -0.09537 0.39009 -0.91582
vn -0.20379 0.16853 0.96440
vn -0.16153 -0.12077 0.97945
vn 0.37629 0.21791 -0.90051
vn 0.25072 0.32543 -0.91172
vn -0.31339 -0.04877 0.94837
vn -0.16758 -0.15905 0.97294
vn 0.64116 0.40841 -0.64970
vn 0.24794 0.07110 -0.96616
vn -0.45912 0.21482 0.86201
vn -0.55922 0.10140 0.82279
vn -0.87572 -0.39160 -0.28241
vn -0.87984 -0.41642 -0.22907
vn -0.80869 -0.36914 0.45798
vn 0.27600 -0.38196 -0.88200
vn 0.08837 -0.35641 -0.93014
vn -0.35723 -0.46541 0.80980
vn -0.23961 -0.29750 0.92416
vn -0.72680 -0.59792 -0.33800
vn -0.90525 -0.18349 -0.38321
vn -0.48631 -0.11653 0.86598
vn 0.19879 -0.06313 -0.97801
vn 0.16154 -0.20707 -0.96490
vn -0.39034 -0.03309 0.92008
vn -0.31646 0.08632 0.94467
vn -0.91010 -0.00046 -0.41439
vn -0.91397 0.39505 -0.09274
vn -0.69385 0.08353 0.71526
vn -0.45511 -0.28424 -0.84385
vn -0.06707 0.37126 0.92610
vn -0.28971 0.51885 0.80428
vn -0.84022 0.53084 -0.11068
vn -0.93057 0.10656 -0.35026
vn -0.88064 -0.02054 0.47333
vn -0.07745 -0.19941 -0.97685
vn -0.85563 -0.37665 0.35502
vn -0.43600 -0.62821 0.64440
vn -0.97262 -0.03899 -0.22910
vn -0.95145 -0.21428 -0.22096
vn -0.95911 -0.21876 0.17962
vn -0.83092 -0.37861 0.40770
vn -0.28932 -0.29441 -0.91083
vn -0.89044 -0.41226 0.19274
vn -0.71751 0.11757 0.68655
vn -0.66542 -0.61136 -0.42831
vn -0.72988 -0.67930 -0.07640
vn -0.67091 -0.72181 0.16990
vn -0.68779 -0.39107 0.61156
vn -0.69922 -0.56277 -0.44089
vn -0.28956 -0.18977 -0.93816
vn -0.04406 -0.12571 0.99109
vn -0.58531 -0.05221 -0.80912
vn -0.83383 0.05010 -0.54974
vn -0.95644 -0.21162 -0.20111
vn -0.97118 -0.18690 -0.14792
vn -0.62198 -0.32848 0.71080
vn 0.62432 -0.58674 -0.51571
vn 0.11102 -0.35562 -0.92801
vn -0.32297 -0.39111 0.86181
vn -0.54568 -0.39851 0.73717
vn -0.60511 -0.69557 -0.38732
vn -0.69398 -0.59293 -0.40845
vn -0.84231 -0.48037 -0.24446
vn -0.90399 -0.36507 0.22255
vn -0.05190 -0.44714 0.89296
vn -0.23869 -0.52906 0.81432
vn -0.04391 -0.71974 -0.69285
vn 0.32981 -0.88999 -0.31487
vn 0.04756 -0.69423 -0.71818
vn -0.16420 -0.30277 0.93881
vn -0.40783 -0.50960 0.75762
vn -0.06312 -0.30843 -0.94915
vn -0.65686 -0.30703 -0.68867
vn -0.77136 -0.50075 -0.39275
vn -0.33734 -0.42350 0.84074
vn -0.52755 -0.65587 0.53994
vn -0.32123 -0.43667 0.84032
vn -0.46793 -0.70249 -0.53624
vn -0.14905 -0.55338 -0.81948
vn 0.04456 -0.59374 0.80342
vn -0.15260 -0.63935 0.75362
vn -0.20242 0.13764 -0.96958
vn -0.80502 -0.06485 -0.58970
vn -0.73975 0.48389 0.46757
vn -0.20797 -0.21136 0.95503
vn -0.67002 -0.32067 -0.66950
vn -0.24670 -0.28220 -0.92709
vn -0.50783 -0.70645 0.49298
vn -0.47886 -0.80346 0.35376
vn -0.19474 -0.90574 0.37644
vn -0.64434 -0.52144 -0.55939
vn -0.27506 -0.69625 -0.66301
vn -0.83879 -0.49332 -0.23034
vn -0.83124 -0.15286 0.53448
vn -0.77418 -0.63277 -0.01603
vn -0.57624 -0.81476 -0.06415
vn -0.51710 -0.56913 -0.63930
vn -0.50463 -0.68694 0.52294
vn -0.48847 -0.83961 0.23758
vn -0.55743 -0.82079 -0.12478
vn -0.66067 -0.65298 -0.37032
vn -0.85324 -0.31738 -0.41383
vn 0.08524 0.96459 0.24960
vn 0.08381 0.98581 0.14543
vn 0.05464 0.99533 0.07954
vn 0.07024 0.99009 0.12157
vn 0.07136 0.99444 0.07741
vn 0.05280 0.99844 -0.01793
vn 0.08240 0.99655 -0.00945
vn -0.48390 0.80350 -0.34674
vn -0.57124 0.79724 -0.19520
vn -0.79009 0.60091 0.12111
vn -0.66798 0.63044 0.39540
vn -0.30454 0.93811 0.16495
vn -0.03459 0.99846 0.04344
vn -0.05812 0.99831 0.00000
vn -0.08605 0.99492 -0.05215
vn -0.04475 0.99515 -0.08757
vn -0.00436 0.99964 -0.02648
vn -0.00450 0.99558 -0.09377
vn -0.13003 0.92994 -0.34395
vn 0.31963 0.61231 0.72313
vn 0.76775 0.44009 -0.46570
vn -0.04653 0.71477 0.69781
vn -0.68325 0.42364 -0.59472
vn -0.80971 0.51803 -0.27570
vn -0.93093 -0.02173 -0.36454
vn -0.88706 0.07244 0.45593
vn -0.73841 0.24685 0.62755
vn -0.25039 0.13556 -0.95861
vn -0.52191 0.41171 -0.74707
vn 0.19642 0.83048 0.52127
vn 0.08097 0.97023 0.22824
vn -0.74054 0.22548 -0.63306
vn -0.85350 0.28216 -0.43808
vn -0.74465 0.34746 0.56988
vn -0.55597 0.12375 -0.82194
vn -0.35198 -0.33064 -0.87567
vn -0.37122 -0.52780 0.76395
vn 0.07923 -0.10208 0.99162
vn -0.38198 -0.22644 -0.89600
vn -0.55284 0.17544 -0.81461
vn -0.48522 0.28435 0.82687
vn 0.20974 0.14957 0.96625
vn 0.03522 0.57423 -0.81794
vn -0.57459 -0.02783 0.81796
vn -0.75405 -0.01973 0.65652
vn 0.05942 -0.07883 -0.99512
vn -0.15834 0.02656 0.98703
vn -0.68763 0.12573 0.71510
vn 0.41136 0.23422 -0.88086
vn 0.54563 0.37626 -0.74881
vn -0.24938 -0.04885 0.96717
vn -0.48192 -0.54717 0.68437
vn 0.10806 -0.12900 -0.98574
vn 0.24691 -0.14759 -0.95773
vn 0.44424 -0.19069 0.87538
vn -0.39887 0.10071 -0.91146
vn -0.27134 0.09244 -0.95803
vn -0.02102 -0.07518 0.99695
vn 0.22387 -0.17057 -0.95958
vn -0.11140 0.10927 0.98775
vn -0.20196 0.04702 -0.97826
vn 0.47451 0.56931 0.67137
vn -0.31734 -0.05379 -0.94679
vn 0.27207 -0.61549 0.73970
vn -0.11809 -0.52725 0.84146
vn 0.04965 -0.95908 -0.27874
vn -0.35292 -0.47053 -0.80873
vn -0.11484 -0.30108 0.94666
vn -0.11125 -0.18744 0.97596
vn -0.89756 -0.41365 -0.15255
vn -0.90056 -0.41297 -0.13583
vn -0.30489 -0.60031 -0.73937
vn -0.32348 -0.48895 -0.81012
vn -0.35869 -0.48750 0.79604
vn -0.58441 -0.73289 -0.34833
vn -0.84261 -0.53704 0.04009
vn -0.76905 -0.62706 0.12392
vn -0.92177 -0.21926 0.31980
vn -0.14106 -0.71196 -0.68790
vn -0.08030 -0.67711 -0.73149
vn 0.36503 -0.41782 0.83197
vn 0.13914 -0.58624 0.79810
vn -0.84534 -0.21999 -0.48684
vn -0.83482 -0.34201 -0.43139
vn -0.74107 -0.67142 -0.00384
vn -0.86792 -0.45734 0.19378
vn -0.80811 -0.04615 0.58722
vn -0.56353 -0.42859 0.70621
vn 0.39870 -0.33726 -0.85281
vn 0.26703 -0.61684 -0.74041
vn 0.07226 -0.65275 0.75412
vn 0.11394 -0.52766 0.84178
vn -0.78976 -0.29651 -0.53699
vn -0.86793 0.22639 -0.44209
vn -0.81868 -0.35771 -0.44923
vn -0.89956 -0.40128 0.17254
vn -0.72215 0.10157 0.68424
vn -0.72146 -0.21805 0.65723
vn 0.51257 -0.26242 -0.81756
vn -0.02074 -0.21672 -0.97601
vn 0.36882 -0.76114 0.53351
vn 0.14251 -0.81326 0.56417
vn -0.78630 -0.11009 -0.60796
vn -0.81532 0.07696 -0.57387
vn -0.93858 -0.17038 -0.30007
vn -0.45325 -0.28899 0.84323
vn -0.39427 -0.71456 0.57790
vn 0.17742 -0.98406 -0.01206
vn 0.02404 -0.99561 -0.09051
vn 0.30076 -0.44296 -0.84459
vn -0.09778 -0.59740 0.79596
vn -0.22004 -0.96351 0.15243
vn 0.10211 -0.99393 0.04083
vn -0.51497 -0.85542 0.05533
vn -0.74354 -0.52929 -0.40866
vn -0.95326 -0.05464 -0.29717
vn -0.84867 -0.11737 -0.51573
vn -0.12922 0.89300 0.43110
vn -0.19428 0.96076 0.19797
vn -0.10641 0.98428 0.14098
vn -0.07104 0.99639 0.04643
vn -0.01059 0.99823 0.05847
vn 0.05299 0.99646 0.06534
vn 0.02872 0.99944 -0.01703
vn -0.00378 0.99901 0.04427
vn 0.00418 0.99821 0.05963
vn -0.12359 0.99200 -0.02560
vn -0.04811 0.99884 0.00361
vn 0.01510 0.99988 0.00233
vn -0.00718 0.99921 0.03899
vn -0.04742 0.99846 0.02863
vn 0.06005 0.99814 -0.01039
vn 0.07453 0.99510 -0.06498
vn -0.05077 0.99840 -0.02479
vn -0.18206 0.98324 -0.01002
vn -0.17225 0.97783 -0.11907
vn -0.13282 0.91896 -0.37132
vn -0.38900 0.78664 -0.47945
vn -0.05897 0.71369 0.69797
vn -0.76999 0.62142 0.14472
vn -0.70827 0.33478 0.62151
vn -0.26513 0.82392 0.50086
vn -0.20313 0.60367 -0.77092
vn -0.48951 0.58716 -0.64470
vn -0.73560 0.02448 0.67698
vn -0.42790 0.21494 0.87790
vn 0.03487 0.97348 0.22609
vn -0.49927 -0.28597 -0.81789
vn -0.75657 -0.27395 0.59376
vn -0.76062 -0.35150 0.54581
vn -0.70596 -0.33378 0.62467
vn -0.59490 0.00518 -0.80378
vn -0.09713 0.19276 0.97643
vn -0.89325 0.20750 0.39881
vn -0.71162 -0.16766 0.68227
vn -0.48323 0.13297 -0.86534
vn 0.09004 -0.30171 0.94914
vn -0.67002 -0.48131 0.56517
vn -0.15010 0.56103 -0.81407
vn -0.04749 -0.06544 0.99673
vn -0.30917 -0.10534 -0.94515
vn -0.78044 -0.51291 0.35755
vn -0.82535 -0.22923 0.51599
vn -0.41613 -0.73544 0.53476
vn -0.29911 0.43545 -0.84907
vn -0.23044 0.50024 -0.83466
vn -0.74014 -0.58436 0.33274
vn -0.68418 -0.69987 0.20513
vn -0.57647 -0.54545 0.60842
vn -0.10497 -0.42062 -0.90114
vn -0.46334 -0.11938 -0.87810
vn -0.25849 0.20930 0.94307
vn -0.11835 -0.15084 -0.98145
vn -0.47770 -0.32562 -0.81595
vn -0.22702 -0.13175 0.96494
vn -0.17552 0.11620 -0.97759
vn -0.17501 0.15511 -0.97227
vn -0.44414 0.32367 0.83545
vn 0.07317 -0.25839 -0.96327
vn -0.29506 -0.45283 0.84136
vn -0.01461 -0.96938 -0.24512
vn 0.03386 -0.86630 -0.49838
vn -0.04243 -0.44564 0.89421
vn 0.01873 -0.25613 0.96646
vn -0.18491 -0.75059 -0.63437
vn -0.16064 -0.33250 -0.92932
vn -0.46382 -0.79259 -0.39581
vn -0.06666 -0.57912 0.81251
vn 0.02388 -0.64190 -0.76642
vn -0.19089 -0.90415 -0.38220
vn -0.19664 -0.57579 -0.79360
vn -0.28255 -0.56683 0.77387
vn 0.03069 -0.60679 0.79427
vn -0.92008 -0.37932 -0.09788
vn -0.81040 -0.45687 0.36678
vn -0.33957 -0.49255 -0.80131
vn -0.29638 -0.77909 -0.55242
vn 0.12346 -0.77905 0.61469
vn 0.14251 -0.41374 0.89917
vn -0.74061 0.42367 -0.52154
vn -0.98583 -0.05982 -0.15674
vn -0.99749 -0.06918 0.01518
vn -0.86240 -0.25754 0.43583
vn -0.09206 -0.44434 -0.89112
vn 0.03525 -0.72693 0.68580
vn 0.09961 -0.81200 0.57509
vn -0.80566 0.41675 -0.42098
vn -0.88903 0.05353 -0.45470
vn -0.81539 -0.57694 0.04772
vn -0.83600 -0.44742 0.31768
vn 0.12814 -0.97461 -0.18362
vn 0.17141 -0.95156 0.25523
vn 0.35122 -0.91504 -0.19833
vn 0.19048 -0.34898 -0.91757
vn 0.37233 -0.76320 0.52810
vn 0.38737 -0.89162 0.23445
vn -0.38510 -0.75075 0.53672
vn -0.50169 -0.85881 0.10364
vn -0.75586 -0.60295 -0.25520
vn -0.69850 -0.71210 0.07072
vn -0.97238 0.14229 -0.18500
vn -0.85357 0.50383 0.13259
vn -0.46584 -0.68401 -0.56136
vn -0.07623 -0.77526 -0.62703
vn -0.38539 -0.78059 0.49209
vn -0.49694 -0.83709 0.22874
vn -0.52055 -0.72830 -0.44565
vn -0.12893 -0.93569 0.32841
vn -0.48351 -0.85639 0.18115
vn 0.06802 -0.77397 -0.62956
vn -0.17992 -0.87939 -0.44080
vn -0.12792 0.90504 0.40564
vn -0.09682 0.96866 0.22873
vn -0.10147 0.99032 0.09467
vn -0.06489 0.99787 -0.00632
vn -0.03429 0.99868 -0.03833
vn -0.02434 0.99732 0.06903
vn 0.01235 0.99775 0.06592
vn -0.03164 0.99947 -0.00826
vn -0.03722 0.99213 0.11952
vn 0.03124 0.99457 -0.09925
vn -0.02517 0.99865 0.04548
vn -0.04782 0.99881 -0.00980
vn -0.05678 0.99805 0.02584
vn 0.05945 0.99819 -0.00910
vn 0.03102 0.99608 -0.08288
vn -0.02851 0.99951 0.01271
vn -0.12080 0.98168 0.14736
vn -0.17987 0.98276 0.04280
vn -0.27559 0.95350 -0.12204
vn -0.33049 0.91308 -0.23888
vn -0.53715 0.83330 -0.13068
vn -0.73059 0.52079 -0.44160
vn 0.13896 0.68109 0.71889
vn -0.07088 0.55493 0.82887
vn -0.01906 0.98977 -0.14138
vn -0.53604 0.02510 -0.84382
vn -0.69943 -0.27611 -0.65921
vn 0.21370 0.58516 0.78225
vn 0.39778 0.44175 0.80413
vn -0.53711 -0.01814 -0.84331
vn -0.84346 0.18366 -0.50482
vn -0.87088 0.26057 -0.41674
vn -0.45273 -0.42673 0.78290
vn -0.73448 0.14190 -0.66362
vn -0.76121 -0.01091 -0.64841
vn -0.96577 -0.05393 -0.25372
vn -0.60785 -0.29287 0.73807
vn -0.56468 -0.26121 -0.78288
vn -0.83225 -0.19704 -0.51820
vn -0.94706 -0.20768 -0.24482
vn -0.54390 -0.11596 0.83110
vn -0.30086 -0.30954 0.90204
vn -0.52260 -0.04622 -0.85133
vn -0.82605 -0.20259 -0.52593
vn -0.75119 0.24856 0.61150
vn -0.88956 -0.08257 0.44929
vn -0.01334 0.33116 -0.94348
vn -0.44758 0.46757 -0.76227
vn -0.65122 0.20379 0.73102
vn -0.45511 0.83412 0.31162
vn -0.40723 0.10149 -0.90767
vn -0.49706 0.64282 -0.58285
vn -0.18461 -0.96977 0.15955
vn -0.48951 -0.62029 0.61288
vn -0.65330 -0.59983 0.46195
vn -0.16828 0.07853 -0.98261
vn -0.59580 -0.20414 0.77676
vn -0.82211 -0.00308 0.56932
vn -0.15448 -0.69105 -0.70611
vn -0.22425 0.10868 0.96845
vn -0.51616 0.35425 0.77980
vn 0.12776 -0.39712 -0.90883
vn 0.00228 -0.26764 -0.96352
vn 0.27626 0.07597 0.95808
vn -0.03281 -0.02948 0.99903
vn -0.06845 0.13168 -0.98893
vn -0.05022 -0.55773 0.82850
vn -0.12833 -0.46415 -0.87641
vn -0.19605 -0.45568 0.86828
vn -0.16871 -0.35470 0.91963
vn -0.79157 -0.50986 -0.33683
vn -0.21819 -0.19211 -0.95681
vn 0.00689 0.05534 0.99844
vn -0.66686 -0.31586 -0.67493
vn -0.84085 -0.41523 -0.34721
vn -0.94775 -0.07676 -0.30963
vn -0.28229 -0.06221 -0.95731
vn -0.36072 -0.78650 0.50130
vn -0.41748 -0.85338 0.31216
vn -0.26791 -0.57241 -0.77497
vn -0.47992 -0.79720 -0.36625
vn -0.76491 -0.48143 -0.42794
vn -0.73565 -0.59987 -0.31459
vn -0.50206 -0.35600 0.78816
vn 0.29523 -0.94992 -0.10239
vn 0.51811 -0.81412 0.26223
vn 0.13360 -0.72699 -0.67352
vn -0.29438 -0.87408 -0.38642
vn 0.58767 -0.64712 0.48568
vn 0.70990 -0.46659 0.52758
vn 0.57888 -0.56163 0.59115
vn -0.14199 -0.96240 -0.23159
vn 0.04115 -0.94937 -0.31144
vn 0.13564 -0.93343 -0.33212
vn 0.07815 -0.63871 -0.76547
vn 0.29289 -0.87725 0.38033
vn 0.22867 -0.77790 0.58530
vn -0.08261 -0.70079 0.70856
vn 0.29740 -0.88506 -0.35807
vn 0.14822 -0.88470 -0.44198
vn -0.11923 -0.58202 -0.80438
vn -0.07057 -0.88899 0.45246
vn -0.36302 -0.80494 0.46934
vn -0.22669 -0.90848 -0.35110
vn -0.11633 -0.99320 0.00388
vn 0.22790 -0.96583 -0.12345
vn 0.22660 -0.95347 -0.19887
vn -0.11242 -0.89205 -0.43774
vn -0.16183 0.98436 0.06965
vn -0.21272 0.97680 0.02459
vn -0.31694 0.94280 -0.10334
vn -0.37781 0.89999 -0.21745
vn -0.22990 0.93255 -0.27839
vn -0.13285 0.89553 0.42471
vn -0.04285 0.98946 0.13830
vn -0.00290 0.99999 -0.00441
vn 0.07573 0.99540 0.05873
vn -0.03122 0.99947 0.00958
vn -0.01488 0.99875 0.04772
vn 0.02255 0.99949 -0.02256
vn 0.09537 0.99438 0.04604
vn 0.12691 0.99109 0.04052
vn 0.09456 0.99465 -0.04168
vn 0.08291 0.99655 -0.00437
vn 0.14570 0.98928 0.00945
vn 0.10531 0.99399 0.02973
vn 0.02992 0.99906 -0.03132
vn 0.08071 0.99653 -0.02013
vn 0.00145 0.99712 0.07581
vn -0.10750 0.96371 0.24434
vn -0.26752 0.95712 0.11113
vn -0.24574 0.96932 0.00525
vn -0.41411 0.89064 -0.18782
vn -0.33148 0.93300 -0.14013
vn 0.06950 0.86031 -0.50501
vn -0.32047 0.62327 -0.71333
vn -0.28467 0.41364 0.86479
vn 0.06115 0.99232 0.10755
vn -0.78282 0.01231 -0.62213
vn -0.62693 0.55362 -0.54814
vn -0.95524 0.29352 -0.03689
vn -0.93211 0.36026 0.03717
vn -0.93361 0.35828 0.00333
vn -0.92426 0.38177 0.00000
vn -0.92418 0.38196 -0.00000
vn 0.23615 0.67648 0.69758
vn 0.05303 0.55294 0.83153
vn -0.84780 0.18811 -0.49583
vn -0.82823 0.18911 -0.52751
vn -0.99185 0.11700 -0.05037
vn -0.99214 0.11296 0.05393
vn -0.98489 0.16379 0.05627
vn -0.98305 0.18332 0.00000
vn -0.98307 0.18321 -0.00000
vn 0.46419 0.53991 0.70215
vn -0.84835 0.20250 -0.48918
vn -0.97396 0.04114 -0.22296
vn -0.99513 0.03829 0.09085
vn -0.99776 0.05793 0.03337
vn -0.99835 0.05743 0.00001
vn -0.99835 0.05742 -0.00000
vn -0.31633 -0.29484 0.90167
vn -0.96225 0.11032 -0.24882
vn -0.95047 -0.06600 -0.30372
vn -0.95521 -0.15687 -0.25092
vn -0.96447 -0.01672 0.26367
vn -0.99919 -0.04016 -0.00165
vn -0.99553 -0.09447 0.00000
vn -0.99553 -0.09446 -0.00000
vn -0.13847 -0.31136 0.94015
vn -0.98655 -0.07432 -0.14562
vn -0.87501 -0.07438 -0.47836
vn -0.92566 -0.00443 -0.37834
vn -0.96674 -0.17298 0.18840
vn -0.98093 -0.19191 -0.03064
vn -0.98410 -0.17764 0.00000
vn -0.98410 -0.17762 -0.00000
vn -0.05113 0.33008 0.94257
vn -0.04347 0.53150 0.84594
vn -0.97211 0.20218 -0.11885
vn -0.94905 -0.08587 -0.30319
vn -0.87686 -0.28241 -0.38905
vn -0.92118 -0.38676 0.04296
vn -0.92153 -0.38626 0.03983
vn -0.93407 -0.35709 0.00001
vn -0.93384 -0.35769 -0.00000
vn -0.02918 0.20492 0.97834
vn -0.24653 -0.26105 0.93331
vn -0.29460 0.07770 -0.95246
vn -0.92923 -0.23911 -0.28170
vn -0.80998 -0.21431 -0.54590
vn -0.35284 -0.37255 0.85832
vn -0.83301 -0.37034 0.41103
vn 0.03463 -0.10286 -0.99409
vn -0.72155 -0.30000 -0.62399
vn 0.12860 -0.69605 0.70638
vn -0.16384 -0.88409 0.43765
vn -0.57979 -0.31540 -0.75125
vn -0.62356 -0.17412 -0.76214
vn 0.07028 -0.25736 0.96376
vn -0.07676 -0.37587 0.92349
vn -0.49884 -0.31915 -0.80579
vn -0.48729 -0.24914 -0.83695
vn 0.44709 0.02087 0.89425
vn 0.50130 0.06752 0.86264
vn -0.49370 -0.12993 -0.85987
vn -0.48392 -0.41295 -0.77155
vn -0.11202 -0.30087 0.94706
vn -0.04331 -0.52711 -0.84869
vn -0.36570 -0.38444 -0.84763
vn -0.12671 -0.47558 0.87050
vn -0.02041 -0.36597 0.93040
vn 0.57746 -0.05412 -0.81463
vn 0.21776 -0.26375 -0.93969
vn -0.29550 -0.08227 0.95179
vn -0.29061 -0.09790 0.95182
vn 0.74953 -0.35653 -0.55775
vn 0.04045 0.21501 -0.97577
vn -0.14315 -0.81217 0.56558
vn 0.15452 -0.82889 0.53765
vn 0.44722 -0.73160 -0.51454
vn -0.07298 -0.97645 -0.20303
vn 0.07470 -0.62221 -0.77928
vn 0.29571 -0.66184 0.68886
vn -0.02076 -0.93644 -0.35020
vn -0.26085 -0.76100 0.59400
vn -0.31543 -0.78675 -0.53060
vn -0.15736 -0.97100 -0.18000
vn -0.26384 -0.69059 0.67340
vn 0.03215 -0.69646 0.71688
vn 0.15741 -0.86520 -0.47608
vn 0.32207 -0.79793 -0.50948
vn 0.21468 -0.97632 -0.02687
vn 0.51933 -0.80736 -0.28012
vn 0.12665 -0.68291 -0.71944
vn 0.21370 -0.53280 0.81882
vn 0.22826 -0.51435 0.82664
vn 0.29695 -0.92959 -0.21837
vn 0.05354 -0.99736 0.04904
vn 0.33464 -0.87528 -0.34916
vn 0.35853 -0.75423 -0.55009
vn 0.41905 -0.69163 -0.58826
vn 0.00694 -0.82860 0.55980
vn 0.30562 -0.79254 0.52771
vn 0.31726 -0.91793 -0.23823
vn 0.20345 -0.90521 -0.37309
vn 0.26759 -0.95294 -0.14249
vn 0.33505 -0.91603 -0.22052
vn -0.03883 0.98444 0.17138
vn -0.21393 0.97285 0.08828
vn -0.22082 0.97467 -0.03533
vn -0.24760 0.93916 -0.23806
vn -0.12834 0.94490 -0.30114
vn 0.05091 0.97886 -0.19812
vn -0.07911 0.92763 0.36502
vn -0.14525 0.98147 0.12494
vn -0.11939 0.99188 -0.04386
vn -0.01262 0.99956 -0.02702
vn 0.04484 0.99898 0.00537
vn 0.09010 0.99450 0.05342
vn 0.00049 0.99998 -0.00705
vn 0.01227 0.99487 -0.10045
vn 0.27408 0.95281 -0.13049
vn 0.30974 0.94159 -0.13218
vn 0.30691 0.94794 0.08488
vn 0.03690 0.99678 0.07119
vn 0.12311 0.99127 0.04713
vn -0.01302 0.99989 0.00683
vn 0.00485 0.99810 -0.06135
vn -0.00781 0.98331 0.18178
vn 0.01664 0.95484 0.29666
vn 0.05187 0.96908 0.24125
vn -0.33590 0.90336 -0.26665
vn -0.27634 0.88178 -0.38223
vn -0.60556 0.75237 -0.25928
vn -0.56635 0.82415 0.00488
vn -0.55310 0.83303 0.01187
vn -0.54775 0.83657 0.01085
vn -0.55011 0.83509 -0.00000
vn -0.55018 0.83504 -0.00000
vn 0.02420 -0.32000 0.94711
vn -0.76566 0.62234 -0.16267
vn -0.76705 0.63951 0.05162
vn -0.78971 0.61237 0.03679
vn -0.80600 0.59182 0.01087
vn -0.80101 0.59866 -0.00000
vn -0.80071 0.59905 -0.00000
vn 0.06085 0.35536 0.93275
vn -0.04797 0.66201 0.74796
vn 0.37018 0.56667 0.73610
vn 0.46856 0.10543 0.87712
vn 0.08228 0.02752 0.99623
vn -0.30806 -0.15747 0.93824
vn 0.00426 0.28573 0.95830
vn -0.03863 0.26577 0.96326
vn -0.88999 -0.39298 -0.23125
vn -0.84507 -0.53463 -0.00561
vn -0.84021 -0.53859 0.06308
vn -0.82904 -0.55920 0.00001
vn -0.82876 -0.55961 -0.00000
vn 0.03839 0.17007 0.98468
vn 0.53848 -0.33513 0.77312
vn -0.58087 -0.42731 -0.69281
vn -0.46313 -0.67432 -0.57515
vn -0.80436 -0.59142 -0.05683
vn -0.66096 -0.75041 -0.00333
vn -0.65013 -0.75982 -0.00000
vn -0.65032 -0.75966 -0.00000
vn 0.23438 -0.57651 0.78275
vn 0.19170 -0.47051 0.86132
vn -0.42868 -0.45743 -0.77909
vn -0.35615 -0.47796 -0.80294
vn 0.10643 -0.62058 0.77689
vn 0.02931 -0.42466 0.90488
vn -0.38750 -0.60859 -0.69243
vn -0.34830 -0.39926 -0.84810
vn -0.48100 -0.41789 0.77071
vn -0.32790 -0.43646 0.83785
vn -0.11021 -0.56607 -0.81696
vn -0.29023 -0.69718 -0.65552
vn -0.59277 -0.19992 0.78016
vn -0.33144 -0.15203 0.93115
vn 0.25839 -0.18511 -0.94814
vn -0.40307 0.01234 0.91509
vn -0.38197 0.06866 0.92162
vn -0.05306 -0.84366 -0.53425
vn -0.07785 -0.44015 -0.89454
vn -0.45007 -0.43593 0.77936
vn 0.01447 -0.29010 -0.95689
vn 0.01854 -0.50554 -0.86260
vn -0.37723 -0.31496 0.87092
vn -0.17683 -0.44810 0.87632
vn 0.10821 -0.50548 -0.85603
vn 0.21055 -0.71732 0.66417
vn -0.24769 -0.80634 0.53708
vn 0.89503 -0.43194 -0.11115
vn 0.95510 -0.29546 0.02190
vn 0.89337 -0.26387 0.36367
vn 0.34788 -0.29587 -0.88963
vn 0.21668 -0.55945 0.80004
vn 0.57078 0.09297 -0.81582
vn -0.46313 -0.67937 0.56918
vn -0.58035 -0.80740 0.10632
vn -0.59746 -0.69614 0.39803
vn 0.61405 -0.36208 -0.70131
vn 0.61609 -0.35838 -0.70142
vn 0.90449 -0.24150 0.35154
vn 0.92697 -0.10334 0.36061
vn -0.10306 -0.71226 -0.69431
vn 0.34965 -0.58391 -0.73266
vn -0.42905 -0.73232 0.52879
vn -0.52575 -0.80081 0.28688
vn -0.49284 -0.83953 0.22869
vn -0.56148 -0.66461 0.49299
vn 0.53955 0.35523 -0.76334
vn 0.95424 0.29470 -0.05080
vn 0.76019 0.39096 0.51890
vn 0.83045 0.53801 0.14457
vn -0.06479 -0.96234 -0.26400
vn -0.30704 -0.91283 -0.26920
vn 0.19424 -0.92996 -0.31217
vn -0.67311 -0.69722 0.24659
vn -0.47209 -0.71188 -0.51995
vn -0.63442 -0.25174 0.73085
vn -0.44826 -0.72712 0.51996
vn 0.95623 0.07759 -0.28213
vn 0.66466 -0.73732 -0.12078
vn 0.49091 -0.86194 0.12680
vn 0.29889 -0.78201 -0.54692
vn -0.06750 -0.91017 -0.40871
vn -0.15199 -0.98800 -0.02740
vn 0.04808 -0.84949 0.52541
vn 0.38038 -0.92378 0.04406
vn 0.48594 -0.87370 -0.02243
vn 0.37817 -0.79332 -0.47711
vn -0.07302 0.93233 0.35417
vn -0.10157 0.98093 0.16570
vn -0.09584 0.99231 -0.07834
vn -0.05086 0.95328 -0.29777
vn -0.05922 0.96526 -0.25449
vn -0.08241 0.99633 0.02306
vn -0.10434 0.87301 0.47641
vn -0.10894 0.99139 0.07261
vn -0.03935 0.99488 -0.09311
vn -0.05716 0.99684 -0.05517
vn -0.03318 0.99910 -0.02631
vn -0.03829 0.99834 0.04293
vn 0.07128 0.99689 0.03345
vn 0.22930 0.92627 -0.29907
vn 0.35574 0.77602 -0.52081
vn 0.56141 0.82085 -0.10504
vn 0.72271 0.61847 0.30851
vn 0.34464 0.93429 0.09126
vn 0.08174 0.98539 0.14942
vn 0.09207 0.99402 0.05875
vn 0.05884 0.99708 -0.04865
vn 0.04049 0.98040 0.19282
vn -0.01584 0.95859 0.28434
vn -0.05659 0.94499 0.32216
vn -0.08767 0.96458 -0.24880
vn -0.17057 0.96547 -0.19693
vn -0.20573 0.97860 -0.00424
vn -0.19155 0.98146 0.00602
vn -0.18732 0.98203 0.02314
vn -0.18990 0.98180 -0.00000
vn -0.18989 0.98181 -0.00000
vn -0.24689 -0.03128 0.96854
vn 0.55971 0.65664 -0.50551
vn 0.45954 0.59954 -0.65527
vn 0.87205 0.45996 -0.16724
vn 0.60758 0.76332 0.21953
vn 0.20259 0.61586 0.76137
vn 0.03987 0.07431 0.99644
vn 0.91823 0.25985 -0.29888
vn 0.81687 0.56984 -0.08951
vn 0.98395 0.12891 0.12338
vn 0.11545 0.71314 0.69145
vn 0.12129 0.44389 0.88784
vn 0.42970 -0.06572 0.90058
vn 0.46028 0.19000 0.86721
vn 0.42911 -0.73598 0.52363
vn -0.20644 -0.45063 0.86852
vn 0.51921 0.34285 0.78286
vn 0.16943 0.32561 0.93020
vn -0.53003 -0.84649 -0.05023
vn -0.42371 -0.90272 -0.07465
vn -0.49741 -0.86707 -0.02780
vn -0.48174 -0.87632 0.00000
vn -0.48181 -0.87627 -0.00000
vn 0.13004 -0.21293 0.96838
vn 0.10111 -0.21270 0.97187
vn -0.17283 -0.76854 -0.61601
vn -0.47254 -0.66435 -0.57909
vn -0.34735 -0.93647 -0.04867
vn -0.38674 -0.92211 -0.01195
vn -0.40977 -0.91219 0.00000
vn -0.40981 -0.91217 -0.00000
vn -0.36505 0.13301 0.92144
vn -0.38635 -0.07141 0.91958
vn -0.08623 -0.20472 -0.97502
vn -0.15142 -0.19506 0.96903
vn -0.18604 -0.67590 -0.71313
vn -0.10473 -0.66654 -0.73808
vn -0.06377 -0.46565 0.88267
vn -0.14006 -0.24149 -0.96024
vn -0.06915 -0.25229 0.96518
vn -0.11343 -0.45928 0.88102
vn 0.38706 -0.89655 -0.21538
vn 0.31947 -0.94754 -0.01018
vn -0.30566 -0.62043 -0.72225
vn -0.08895 -0.17589 -0.98038
vn -0.03251 -0.44770 0.89360
vn -0.12145 -0.27435 0.95393
vn 0.90682 -0.32607 -0.26714
vn 0.83728 -0.26334 0.47918
vn 0.95275 -0.24414 0.18073
vn -0.29934 -0.38322 -0.87381
vn -0.54612 -0.45681 -0.70219
vn 0.13637 -0.63481 0.76054
vn 0.09922 -0.55506 0.82587
vn 0.62086 -0.50939 -0.59587
vn 0.91234 -0.22402 -0.34272
vn 0.79990 -0.57694 -0.16522
vn 0.65685 -0.22616 0.71930
vn -0.57895 -0.45256 -0.67824
vn -0.39227 -0.43288 -0.81162
vn -0.04960 -0.75094 0.65851
vn -0.04848 -0.61133 0.78989
vn 0.52266 -0.06326 -0.85019
vn 0.68340 -0.64615 -0.33977
vn 0.90495 -0.42168 0.05707
vn 0.44402 -0.55968 0.69972
vn 0.75355 -0.46352 0.46618
vn -0.64140 -0.60014 -0.47796
vn -0.24040 -0.92246 0.30212
vn -0.48168 -0.29558 -0.82499
vn -0.20484 -0.61655 0.76020
vn 0.00344 -0.43249 0.90163
vn 0.47164 -0.37271 -0.79915
vn 0.37770 -0.64531 -0.66402
vn 0.62717 -0.08038 -0.77472
vn 0.73424 0.51802 0.43880
vn 0.85515 0.03739 0.51703
vn -0.45353 -0.35691 -0.81665
vn -0.52919 -0.58041 -0.61894
vn -0.54060 -0.83287 -0.11862
vn -0.54708 -0.56737 0.61546
vn -0.59031 -0.76704 0.25137
vn -0.60889 -0.67675 0.41384
vn -0.67967 -0.62558 0.38301
vn 0.47980 -0.04739 -0.87610
vn 0.81796 -0.23025 -0.52719
vn 0.82814 0.13087 -0.54503
vn 0.91355 -0.21013 0.34825
vn 0.96957 0.02494 0.24355
vn 0.95005 0.02913 0.31073
vn -0.22651 -0.79931 -0.55659
vn -0.72334 -0.34845 0.59612
vn -0.81588 -0.55016 -0.17793
vn -0.34254 -0.62452 -0.70188
vn -0.54821 -0.56195 -0.61942
vn -0.31470 -0.87115 0.37691
vn -0.49927 -0.83642 0.22613
vn -0.32977 -0.67920 0.65569
vn 0.36466 0.22213 -0.90426
vn 0.96109 -0.25597 -0.10382
vn 0.95891 -0.01582 -0.28326
vn 0.94333 -0.16047 0.29047
vn 0.89660 -0.43584 0.07846
vn 0.49465 -0.86685 0.06241
vn 0.07491 -0.94539 -0.31721
vn -0.26498 -0.96203 -0.06540
vn -0.67885 -0.60203 0.42038
vn -0.34592 -0.68457 -0.64164
vn -0.19260 -0.71605 -0.67096
vn 0.02136 -0.83296 0.55291
vn 0.19970 -0.85202 -0.48392
vn 0.82326 -0.55769 0.10597
vn 0.92553 -0.35599 -0.12911
vn -0.01642 0.96131 0.27499
vn -0.00520 0.95315 0.30246
vn 0.07466 0.99167 0.10499
vn 0.09215 0.99153 -0.09151
vn 0.05060 0.95277 -0.29944
vn 0.07394 0.96506 -0.25138
vn 0.26918 0.94449 0.18835
vn 0.10315 0.88088 0.46197
vn 0.02214 0.99207 0.12375
vn -0.06356 0.99670 -0.05049
vn -0.05137 0.99639 -0.06755
vn -0.03985 0.99792 0.05063
vn -0.03767 0.99861 -0.03676
vn 0.09319 0.97285 -0.21183
vn 0.22832 0.84722 -0.47967
vn 0.19126 0.95445 0.22900
vn 0.07507 0.91299 0.40101
vn 0.00021 1.00000 -0.00054
vn 0.01538 0.99979 0.01337
vn -0.00017 0.97193 0.23526
vn -0.08029 0.94141 0.32758
vn -0.11711 0.93724 0.32843
vn 0.08622 0.98435 -0.15368
vn 0.01614 0.98955 -0.14326
vn -0.01014 0.99992 -0.00711
vn 0.01887 0.99979 -0.00750
vn 0.00973 0.99987 0.01287
vn 0.01265 0.99992 -0.00000
vn 0.01265 0.99992 -0.00000
vn 0.60426 0.13845 0.78467
vn 0.25677 0.76401 0.59191
vn 0.65519 0.32246 -0.68319
vn 0.78991 0.07398 -0.60875
vn 0.90492 -0.05584 0.42190
vn 0.85951 0.06215 0.50732
vn 0.68908 0.48367 0.53966
vn -0.11891 0.17193 0.97791
vn 0.73358 0.44883 -0.51031
vn 0.51807 0.64298 -0.56407
vn 0.68120 0.71914 0.13708
vn 0.72708 0.53688 0.42793
vn 0.53883 0.16466 0.82616
vn -0.14111 0.61546 0.77544
vn -0.03476 0.36194 0.93155
vn 0.72159 0.17806 -0.66904
vn 0.93160 0.36343 -0.00554
vn 0.89738 0.30387 0.31994
vn 0.22218 0.42293 0.87850
vn -0.12257 0.15906 0.97963
vn 0.87722 0.47886 -0.03428
vn 0.90776 0.39844 -0.13122
vn 0.86756 0.45080 0.21004
vn -0.21479 -0.18534 0.95891
vn -0.24741 -0.22951 0.94134
vn -0.45366 -0.40415 0.79427
vn -0.15818 -0.41154 0.89756
vn -0.14246 -0.00750 0.98977
vn -0.06590 0.24432 0.96745
vn -0.09209 0.41843 0.90357
vn -0.53361 -0.65515 -0.53483
vn -0.34418 -0.73045 -0.58990
vn -0.31750 -0.94801 -0.02158
vn -0.30251 -0.95298 -0.01749
vn -0.32881 -0.94439 0.00001
vn -0.32868 -0.94444 -0.00000
vn 0.14710 -0.15147 0.97746
vn 0.12622 -0.39516 0.90990
vn -0.20436 -0.78228 -0.58845
vn -0.15640 -0.74552 -0.64788
vn 0.09150 -0.30988 0.94636
vn 0.95972 -0.19470 -0.20257
vn 0.98212 -0.14503 -0.12003
vn -0.10541 -0.45513 -0.88417
vn 0.06492 -0.61196 -0.78822
vn -0.05648 -0.34478 0.93698
vn 0.97785 -0.20832 0.02042
vn 0.96905 0.01278 -0.24652
vn 0.89542 0.11303 0.43063
vn -0.10814 -0.47055 -0.87572
vn -0.25938 0.01203 0.96570
vn 0.68329 -0.47758 -0.55229
vn 0.60217 -0.76331 0.23400
vn 0.72051 -0.68120 -0.12974
vn 0.91128 -0.07638 0.40463
vn -0.28095 -0.43339 -0.85630
vn -0.31746 -0.21801 -0.92287
vn -0.34664 -0.50471 0.79064
vn -0.24441 -0.50616 0.82708
vn 0.66413 -0.52755 -0.52974
vn 0.81512 -0.31461 -0.48641
vn 0.83217 -0.53878 0.13116
vn 0.54362 -0.26172 0.79749
vn 0.55236 -0.02861 0.83311
vn -0.30010 -0.15264 -0.94162
vn -0.21369 -0.59213 0.77699
vn -0.14916 -0.52106 0.84038
vn 0.52621 -0.00026 -0.85035
vn 0.68776 -0.05194 -0.72408
vn 0.79367 -0.22752 -0.56420
vn 0.51590 -0.44094 0.73445
vn 0.66378 -0.63145 0.40084
vn 0.67459 -0.32669 0.66197
vn -0.39261 -0.20505 -0.89656
vn -0.55298 -0.33855 -0.76131
vn -0.25418 -0.48508 0.83671
vn -0.20924 -0.34299 0.91574
vn 0.38928 -0.48660 -0.78210
vn 0.72479 -0.14417 -0.67372
vn 0.77092 -0.58837 0.24393
vn 0.89865 -0.18211 0.39909
vn 0.66008 -0.48329 0.57508
vn -0.23127 -0.94518 -0.23053
vn -0.59364 -0.64501 -0.48120
vn -0.47624 -0.32123 -0.81854
vn -0.19726 -0.71030 0.67570
vn 0.08996 -0.55606 0.82626
vn 0.67180 -0.14175 -0.72704
vn 0.88600 -0.00001 -0.46368
vn 0.85343 0.04726 0.51907
vn 0.79957 -0.09314 0.59331
vn 0.73667 -0.08182 0.67129
vn -0.32630 -0.89717 -0.29768
vn 0.03235 -0.78452 -0.61926
vn 0.00087 -0.99970 -0.02430
vn 0.31466 -0.57786 0.75304
vn 0.19194 -0.90580 0.37774
vn 0.59911 0.14909 -0.78666
vn 0.35238 -0.12387 0.92762
vn 0.74907 0.39193 0.53411
vn 0.72382 0.03751 0.68897
vn -0.28021 -0.82075 -0.49785
vn -0.31849 -0.69367 -0.64605
vn 0.07091 -0.82070 0.56694
vn -0.36376 -0.76292 0.53445
vn -0.31405 -0.92802 0.20040
vn 0.27102 0.37550 -0.88631
vn 0.45320 -0.84739 0.27667
vn 0.15408 -0.98805 0.00348
vn -0.47888 -0.87214 0.10021
vn -0.10254 -0.90449 0.41400
vn -0.15378 -0.75577 -0.63652
vn -0.35505 -0.67504 -0.64673
vn -0.18489 -0.97786 0.09805
vn -0.05831 -0.98434 0.16636
vn 0.03320 0.96438 0.26242
vn 0.00556 0.95098 0.30920
vn -0.05847 0.99616 0.06512
vn 0.02453 0.99517 -0.09502
vn -0.00516 0.96657 -0.25635
vn -0.04212 0.94475 -0.32508
vn 0.10283 0.88563 0.45287
vn 0.20455 0.96955 0.13465
vn 0.13576 0.99071 0.00803
vn 0.07159 0.99540 -0.06367
vn 0.00271 0.99763 0.06880
vn -0.04282 0.99895 -0.01647
vn 0.27524 0.75937 -0.58958
vn 0.47917 0.69405 -0.53731
vn -0.10803 0.61774 0.77893
vn -0.02871 0.99901 -0.03389
vn -0.00362 0.99919 -0.04010
vn 0.08522 0.96161 0.26086
vn 0.06711 0.93719 0.34229
vn 0.05212 0.95651 0.28699
vn -0.00727 0.97909 -0.20332
vn 0.03578 0.99271 -0.11513
vn 0.06208 0.99776 -0.02482
vn 0.00509 0.99998 0.00434
vn 0.01700 0.99973 0.01562
vn 0.01397 0.99990 -0.00000
vn 0.01397 0.99990 -0.00000
vn 0.20496 0.54669 0.81187
vn 0.17030 0.63943 0.74975
vn 0.19550 0.10609 -0.97495
vn 0.74607 0.16809 -0.64430
vn 0.51534 0.38339 0.76645
vn 0.24764 0.39832 0.88319
vn 0.06878 0.25833 0.96360
vn 0.35015 0.46890 -0.81088
vn 0.61270 0.48873 -0.62108
vn 0.31312 0.44645 0.83823
vn 0.27657 0.49548 0.82341
vn 0.10234 0.57874 0.80906
vn -0.04685 0.49921 0.86521
vn 0.58902 0.41358 -0.69427
vn 0.71229 0.23572 -0.66112
vn 0.63443 0.54384 0.54931
vn 0.26059 0.15884 0.95229
vn 0.01848 -0.05825 0.99813
vn 0.86294 0.47180 -0.18091
vn 0.34823 0.08006 -0.93399
vn 0.95131 0.27824 0.13268
vn 0.62100 0.58837 0.51786
vn 0.04643 0.41920 0.90671
vn 0.22952 -0.09091 0.96905
vn 0.72004 0.27177 -0.63850
vn 0.88076 -0.22856 0.41475
vn 0.54910 -0.44172 0.70949
vn -0.05018 -0.12142 0.99133
vn 0.92346 -0.04706 -0.38079
vn 0.83500 0.52405 -0.16777
vn 0.41844 0.33804 0.84300
vn -0.39193 -0.18817 0.90054
vn -0.09487 0.22437 0.96987
vn 0.80525 0.39439 -0.44275
vn 0.96896 0.15958 -0.18881
vn 0.83887 -0.48121 0.25443
vn 0.08306 0.01680 0.99640
vn -0.06210 0.27479 0.95950
vn 0.64309 -0.52222 -0.56012
vn 0.97194 -0.22046 0.08207
vn 0.85954 0.02453 0.51049
vn -0.15099 -0.87232 -0.46504
vn -0.19534 -0.96844 -0.15481
vn -0.17350 -0.98479 0.00960
vn -0.17343 -0.98485 0.00001
vn -0.17330 -0.98487 -0.00000
vn 0.00025 -0.10072 0.99491
vn 0.05137 -0.27348 0.96050
vn 0.46376 0.41407 -0.78324
vn 0.99681 0.00662 0.07954
vn 0.56621 -0.11280 0.81650
vn -0.34998 -0.79220 -0.49994
vn -0.17158 -0.77612 -0.60679
vn -0.43947 0.05715 0.89644
vn -0.44296 -0.13928 0.88566
vn 0.67540 -0.38457 -0.62923
vn 0.72548 -0.26025 -0.63714
vn 0.94184 -0.15603 -0.29763
vn 0.59212 -0.13340 0.79473
vn 0.49694 -0.31443 0.80882
vn 0.24334 -0.48161 -0.84193
vn -0.06186 -0.72638 -0.68451
vn -0.50794 -0.06475 0.85896
vn 0.65363 -0.30678 -0.69184
vn 0.72859 -0.46175 -0.50591
vn 0.94515 -0.22351 -0.23819
vn 0.71885 -0.03666 0.69420
vn 0.59968 -0.19240 0.77677
vn -0.13590 -0.14362 -0.98026
vn 0.05237 -0.18263 0.98179
vn 0.02225 -0.64732 -0.76189
vn 0.43602 -0.73325 -0.52176
vn 0.98627 -0.02389 0.16342
vn 0.60728 -0.10201 0.78791
vn -0.04199 -0.38785 -0.92077
vn 0.01345 -0.28184 -0.95937
vn 0.00133 -0.40064 0.91623
vn -0.10205 -0.61699 0.78033
vn 0.09625 -0.64109 -0.76141
vn 0.06586 -0.29828 -0.95220
vn 0.62855 -0.50486 0.59165
vn 0.92127 -0.37323 0.10937
vn -0.07520 -0.24310 0.96708
vn 0.21626 -0.33803 -0.91595
vn -0.17743 -0.51567 0.83821
vn 0.36597 -0.24830 -0.89689
vn 0.43782 -0.42760 -0.79087
vn 0.77198 -0.61067 0.17644
vn 0.43133 -0.48589 0.76017
vn 0.18093 0.03113 -0.98300
vn -0.30002 -0.45112 0.84052
vn -0.32388 -0.34012 0.88285
vn 0.45297 -0.23156 -0.86093
vn -0.19758 -0.09926 0.97525
vn 0.35077 -0.55659 0.75310
vn -0.05437 -0.82528 -0.56210
vn 0.36942 -0.89652 -0.24451
vn -0.15304 -0.65436 -0.74053
vn -0.36477 -0.82780 0.42626
vn -0.44285 -0.70736 0.55094
vn -0.04231 -0.09007 -0.99504
vn 0.15580 -0.41718 -0.89537
vn 0.36602 -0.16932 0.91507
vn 0.10016 -0.42569 0.89931
vn 0.40552 -0.59992 -0.68967
vn 0.45594 -0.66198 -0.59490
vn -0.25819 -0.88994 -0.37597
vn 0.19969 -0.96857 -0.14832
vn -0.09854 -0.60730 0.78834
vn 0.20772 -0.92021 0.33177
vn -0.10315 -0.49109 -0.86498
vn 0.66547 -0.04848 -0.74485
vn 0.56021 0.67606 0.47865
vn 0.31503 0.46712 0.82617
vn 0.56007 -0.71785 -0.41354
vn 0.38794 -0.76170 -0.51895
vn 0.45695 -0.61292 -0.64462
vn -0.00973 -0.58652 0.80987
vn -0.06671 -0.71646 0.69443
vn -0.30011 -0.92298 -0.24090
vn 0.59595 0.09152 -0.79779
vn 0.31433 -0.42856 0.84707
vn -0.20941 -0.97450 -0.08062
vn -0.46300 -0.83915 -0.28543
vn 0.45115 -0.79671 -0.40215
vn 0.32537 -0.67009 -0.66717
vn -0.42100 -0.83796 0.34725
vn -0.11922 -0.99257 0.02424
vn 0.25155 -0.90498 -0.34312
vn -0.52792 -0.75139 0.39588
vn -0.57621 -0.81670 -0.03120
vn -0.48125 -0.87250 0.08444
vn 0.09523 0.93776 0.33397
vn 0.06308 0.99235 0.10611
vn 0.02886 0.98879 -0.14650
vn 0.06281 0.97500 -0.21315
vn 0.02289 0.96162 -0.27344
vn 0.07844 0.91257 0.40133
vn 0.07851 0.98913 0.12431
vn -0.01713 0.99781 0.06388
vn -0.03193 0.99947 0.00620
vn 0.00123 0.99913 0.04163
vn 0.01892 0.96607 -0.25759
vn 0.35713 0.88892 -0.28683
vn 0.19716 0.58207 0.78887
vn 0.07764 0.96622 0.24575
vn -0.03768 0.99912 -0.01830
vn -0.06212 0.98395 0.16729
vn 0.02210 0.93429 0.35584
vn 0.07282 0.96734 0.24280
vn -0.02193 0.97388 -0.22602
vn 0.01157 0.99491 -0.10012
vn 0.01271 0.99916 -0.03896
vn 0.01990 0.99960 0.02025
vn 0.00265 0.99986 0.01637
vn 0.00000 1.00000 0.00000
vn 0.00000 1.00000 -0.00000
vn 0.18175 0.48478 0.85555
vn 0.10961 0.36506 0.92451
vn 0.35752 -0.04824 -0.93266
vn 0.31970 0.24624 -0.91497
vn 0.42178 0.58646 0.69150
vn 0.26377 0.54775 0.79397
vn 0.36112 0.64232 -0.67603
vn 0.29228 0.31700 -0.90227
vn 0.29702 0.42782 0.85367
vn -0.04383 0.32596 0.94437
vn 0.18917 0.37756 0.90646
vn 0.09787 0.38580 0.91738
vn -0.29091 0.49809 -0.81687
vn -0.12438 0.13780 0.98262
vn -0.21355 0.52493 0.82392
vn 0.11304 0.31428 0.94258
vn 0.18874 0.60196 -0.77590
vn 0.24027 0.08214 -0.96723
vn -0.17406 0.45018 0.87581
vn -0.19090 0.42232 0.88612
vn -0.27137 -0.02043 0.96226
vn -0.37830 -0.06014 -0.92373
vn 0.43383 0.54983 -0.71378
vn -0.02873 -0.67551 0.73679
vn 0.21704 -0.45851 0.86178
vn -0.37434 0.23059 0.89816
vn -0.05139 0.10857 -0.99276
vn 0.26491 0.11213 0.95773
vn 0.36035 0.12013 0.92505
vn -0.22313 -0.47608 0.85063
vn -0.36043 -0.09923 -0.92750
vn 0.42860 -0.24574 0.86943
vn -0.44602 -0.00669 0.89500
vn -0.31118 0.02424 0.95004
vn -0.37963 -0.37428 -0.84605
vn 0.25025 0.49400 0.83267
vn -0.47379 0.05187 0.87911
vn 0.17806 -0.89436 -0.41039
vn 0.05886 -0.99454 -0.08613
vn 0.00074 -0.99981 0.01969
vn 0.00000 -1.00000 0.00001
vn 0.00000 -1.00000 -0.00000
vn -0.44750 -0.02573 0.89392
vn -0.28563 -0.09466 -0.95366
vn 0.08364 -0.19262 0.97770
vn 0.40741 -0.64093 -0.65056
vn 0.36172 -0.74143 -0.56519
vn -0.36717 0.00837 0.93012
vn -0.54052 -0.12343 0.83223
vn -0.10715 -0.32114 -0.94095
vn 0.28402 -0.49123 -0.82342
vn -0.46299 -0.20348 0.86269
vn -0.09802 -0.04428 0.99420
vn -0.41265 -0.45807 -0.78733
vn -0.26812 -0.58795 -0.76317
vn -0.05567 -0.37292 0.92619
vn -0.07841 -0.37356 0.92428
vn -0.19824 -0.25400 -0.94667
vn -0.13857 -0.28838 0.94744
vn -0.11175 -0.25190 -0.96128
vn -0.20372 -0.43641 0.87638
vn -0.10622 0.09937 -0.98937
vn -0.09194 0.18271 0.97886
vn 0.27579 -0.49186 -0.82584
vn 0.01000 -0.45060 -0.89267
vn -0.07368 -0.32752 0.94197
vn 0.01938 -0.64925 0.76033
vn -0.28745 -0.28643 -0.91396
vn -0.33499 -0.49688 -0.80055
vn -0.48503 -0.28364 0.82722
vn -0.31265 -0.43208 0.84590
vn 0.24807 -0.60038 -0.76027
vn 0.01616 -0.43659 0.89952
vn -0.22321 -0.34380 -0.91213
vn 0.01934 -0.54396 -0.83889
vn -0.55620 -0.67052 0.49097
vn -0.14584 -0.37223 0.91661
vn 0.37528 0.09483 -0.92205
vn -0.00211 -0.27064 0.96268
vn -0.12205 -0.41994 0.89931
vn 0.11388 -0.34622 -0.93121
vn -0.05914 0.00546 0.99823
vn -0.05076 -0.67527 0.73582
vn -0.11673 -0.79895 -0.58996
vn -0.20515 -0.88819 -0.41113
vn 0.29593 -0.26522 -0.91765
vn -0.17087 -0.28584 0.94292
vn -0.31279 -0.54251 0.77964
vn -0.32510 -0.83494 0.44405
vn -0.03704 -0.08125 -0.99601
vn -0.20229 -0.32417 -0.92412
vn -0.12496 -0.00433 0.99215
vn 0.03937 -0.92337 -0.38188
vn -0.08658 -0.96820 -0.23472
vn 0.18017 -0.85270 -0.49034
vn 0.11826 -0.94434 -0.30697
vn -0.33212 -0.85259 0.40346
vn -0.21443 -0.77943 0.58865
vn 0.30777 -0.86822 0.38920
vn 0.31550 -0.58118 0.75013
vn -0.09461 -0.44962 -0.88820
vn -0.28496 -0.31696 -0.90462
vn -0.32809 0.61049 0.72087
vn 0.30178 0.59169 0.74755
vn -0.07187 -0.26355 -0.96196
vn 0.72901 -0.52466 -0.43963
vn 0.45323 -0.86477 -0.21623
vn -0.07880 -0.49514 0.86523
vn 0.33681 -0.55723 0.75898
vn -0.22854 0.32032 -0.91933
vn 0.11476 -0.09478 0.98886
vn 0.49524 -0.20788 -0.84352
vn 0.64116 -0.46395 -0.61128
vn -0.08709 -0.63264 0.76953
vn -0.03531 -0.70791 -0.70542
vn -0.00523 -0.51201 0.85897
vn -0.00181 -0.94065 -0.33938
vn 0.27671 -0.90595 -0.32043
vn 0.03521 0.93381 0.35604
vn 0.00738 0.99250 0.12205
vn -0.03109 0.99133 -0.12770
vn -0.05242 0.97861 -0.19892
vn -0.01663 0.96371 -0.26645
vn 0.00102 0.93249 0.36120
vn 0.00562 0.99119 0.13229
vn 0.07958 0.99436 0.07018
vn 0.00817 0.99942 0.03318
vn 0.00267 1.00000 -0.00103
vn 0.01429 0.99729 -0.07214
vn -0.06947 0.73463 -0.67490
vn -0.54110 0.61192 0.57686
vn -0.15304 0.98779 0.02934
vn -0.08315 0.99584 -0.03717
vn -0.02739 0.99025 0.13658
vn 0.05208 0.96137 0.27029
vn 0.04441 0.95718 0.28607
vn 0.03986 0.96999 -0.23984
vn 0.02090 0.98413 -0.17619
vn -0.00397 0.99948 -0.03198
vn -0.00194 0.99895 0.04579
vn -0.01160 0.99972 0.02052
vn -0.01397 0.99990 0.00000
vn -0.01397 0.99990 -0.00000
vn 0.04358 0.34376 0.93805
vn -0.00593 0.45865 0.88860
vn -0.11475 0.16453 -0.97968
vn -0.76317 0.49278 -0.41801
vn -0.51618 0.34079 0.78576
vn -0.46733 0.07322 0.88105
vn 0.02036 0.48771 0.87277
vn -0.16051 0.25772 -0.95279
vn -0.74999 0.47898 -0.45617
vn -0.67795 0.59619 0.43005
vn -0.62019 0.62493 0.47417
vn -0.07736 0.42216 0.90321
vn -0.27003 0.29824 0.91550
vn -0.16834 0.60048 0.78172
vn -0.55549 0.58166 -0.59423
vn -0.46579 0.48442 -0.74052
vn -0.63698 0.05324 0.76904
vn -0.42172 0.62685 0.65514
vn -0.09422 0.26501 0.95963
vn -0.01761 0.55512 -0.83158
vn -0.57550 0.68579 -0.44553
vn -0.80324 0.52012 -0.29032
vn -0.29202 0.29411 0.91007
vn 0.08474 0.17815 0.98035
vn -0.39112 -0.05587 -0.91864
vn -0.78395 -0.26758 -0.56020
vn -0.97632 -0.21624 -0.00599
vn -0.88639 -0.05308 0.45988
vn 0.20110 -0.34477 0.91689
vn 0.03179 -0.35287 0.93513
vn -0.33450 0.24794 0.90920
vn 0.26901 0.75936 -0.59245
vn -0.89268 -0.34323 0.29209
vn -0.80883 -0.12178 0.57529
vn 0.13029 0.23727 0.96267
vn 0.07189 -0.40962 0.90942
vn -0.19212 -0.47529 0.85860
vn -0.40664 0.18365 -0.89494
vn -0.45734 -0.13829 -0.87847
vn -0.73040 -0.15013 0.66632
vn -0.48474 -0.00899 0.87461
vn -0.14414 -0.27406 0.95085
vn -0.44875 -0.04066 -0.89273
vn -0.94605 0.28938 -0.14576
vn -0.70024 0.30072 0.64748
vn -0.57701 0.06694 0.81399
vn 0.38597 -0.76014 -0.52269
vn 0.32058 -0.90074 -0.29308
vn 0.25620 -0.96662 -0.00085
vn 0.18534 -0.98267 0.00027
vn 0.17343 -0.98485 0.00001
vn 0.17330 -0.98487 -0.00000
vn -0.02324 0.03460 0.99913
vn -0.83302 0.17936 -0.52336
vn -0.96007 0.20135 -0.19422
vn -0.78128 -0.20212 0.59055
vn 0.42703 -0.26935 -0.86319
vn 0.26887 -0.64957 -0.71117
vn 0.18899 -0.87407 -0.44754
vn -0.18646 -0.14091 0.97230
vn -0.52155 -0.20279 -0.82877
vn -0.76679 -0.25160 -0.59054
vn -0.95709 -0.28644 -0.04400
vn -0.40217 -0.03724 0.91481
vn -0.59611 -0.06806 0.80001
vn 0.41309 -0.65338 -0.63439
vn 0.30992 -0.28640 -0.90660
vn -0.13119 -0.27319 0.95297
vn 0.06780 -0.49217 0.86786
vn -0.40875 -0.04539 -0.91152
vn -0.72730 -0.10338 -0.67849
vn -0.86666 -0.42008 0.26913
vn -0.64247 -0.21283 0.73616
vn -0.50285 -0.18483 0.84438
vn 0.10467 0.21354 -0.97131
vn 0.09976 0.02136 0.99478
vn -0.54019 -0.49720 -0.67896
vn -0.58619 -0.36551 -0.72304
vn -0.58646 -0.37415 0.71838
vn -0.44676 0.00257 0.89465
vn 0.01618 -0.74078 -0.67155
vn 0.02568 -0.50466 -0.86293
vn -0.10687 -0.65499 0.74804
vn -0.13643 -0.55667 0.81946
vn -0.32306 -0.32899 -0.88735
vn 0.00539 -0.48768 0.87300
vn -0.15950 -0.13173 -0.97837
vn -0.20011 -0.45372 0.86839
vn -0.20574 -0.62852 -0.75009
vn -0.50053 -0.44613 -0.74191
vn -0.54959 -0.17397 0.81712
vn -0.71105 -0.48448 0.50961
vn -0.17722 -0.12121 -0.97668
vn 0.17591 -0.20079 0.96371
vn 0.29916 -0.13334 0.94484
vn 0.21203 -0.19673 -0.95726
vn -0.25818 -0.72532 0.63816
vn -0.46765 -0.50682 0.72418
vn -0.26849 -0.61558 0.74093
vn 0.06582 -0.99287 -0.09941
vn 0.00050 -0.99869 -0.05116
vn -0.16436 -0.05679 -0.98476
vn 0.04290 -0.19466 0.97993
vn 0.41712 -0.45038 0.78941
vn -0.10148 0.14032 -0.98489
vn -0.79547 -0.14807 0.58762
vn -0.16995 -0.50393 0.84686
vn -0.04332 -0.92541 -0.37648
vn 0.05303 -0.83787 -0.54329
vn 0.10204 -0.92523 -0.36542
vn 0.13055 -0.95719 -0.25837
vn -0.02065 -0.78704 0.61655
vn 0.07740 -0.98950 0.12202
vn -0.12842 -0.75212 0.64639
vn 0.19381 -0.61885 0.76122
vn -0.23803 -0.26667 -0.93393
vn -0.33946 -0.46353 -0.81847
vn -0.22886 0.58378 0.77899
vn -0.55653 0.16177 0.81493
vn 0.02546 -0.18298 -0.98279
vn -0.00177 -0.95607 0.29314
vn -0.07540 -0.90743 -0.41338
vn -0.20785 -0.60211 0.77089
vn -0.17500 -0.44540 0.87806
vn -0.38409 -0.11732 -0.91581
vn -0.13892 -0.19826 -0.97025
vn -0.40366 0.01871 0.91472
vn -0.14477 -0.73171 -0.66606
vn 0.20928 -0.79660 0.56712
vn 0.35946 -0.89205 -0.27392
vn -0.29569 -0.48101 0.82535
vn -0.31387 -0.81401 -0.48874
vn -0.25592 -0.77407 -0.57907
vn 0.03338 0.94371 0.32908
vn 0.09751 0.98949 0.10679
vn 0.04841 0.99453 -0.09254
vn 0.04457 0.98190 -0.18407
vn -0.00592 0.96358 -0.26736
vn 0.01961 0.93898 0.34342
vn 0.04446 0.99310 0.10853
vn -0.00681 0.99236 0.12321
vn -0.05538 0.99747 0.04467
vn -0.06760 0.99762 0.01377
vn -0.00434 0.99999 0.00102
vn -0.20750 0.78986 -0.57711
vn -0.52682 0.66557 -0.52865
vn -0.66110 0.74540 0.08562
vn -0.58544 0.77920 0.22383
vn -0.24022 0.79306 0.55978
vn -0.04921 0.99879 0.00163
vn -0.03506 0.99758 -0.06008
vn -0.02372 0.99709 0.07245
vn -0.05962 0.96778 0.24462
vn -0.01675 0.93668 0.34979
vn -0.02080 0.94583 -0.32401
vn -0.00144 0.99642 -0.08448
vn -0.04760 0.99879 -0.01269
vn -0.02129 0.99943 0.02629
vn -0.01040 0.99953 0.02894
vn -0.01265 0.99992 0.00000
vn -0.01265 0.99992 -0.00000
vn 0.10588 0.66130 0.74261
vn 0.03538 0.25789 0.96553
vn -0.46276 0.48583 -0.74150
vn -0.68846 0.33601 -0.64275
vn -0.83664 0.44469 0.31981
vn -0.93819 -0.06949 -0.33907
vn -0.96167 0.26670 0.06373
vn -0.89479 -0.00509 0.44645
vn -0.41100 0.48414 0.77246
vn -0.23467 0.78169 0.57783
vn -0.23034 0.68325 0.69291
vn -0.93806 0.14493 -0.31472
vn -0.87489 0.28948 -0.38828
vn -0.88505 0.37619 -0.27418
vn -0.92593 0.32347 0.19497
vn -0.53128 0.67657 0.50990
vn -0.34630 0.12326 0.92999
vn -0.44750 0.59939 0.66368
vn -0.68386 0.45592 -0.56963
vn -0.85795 0.14715 -0.49220
vn -0.95811 0.13459 0.25279
vn -0.90031 0.42884 0.07440
vn -0.27850 0.11848 0.95310
vn -0.88848 0.29940 -0.34778
vn -0.93798 -0.08108 0.33708
vn -0.93200 -0.00831 0.36237
vn -0.29159 0.20336 0.93468
vn -0.85264 -0.48617 -0.19145
vn -0.86173 -0.46430 -0.20457
vn 0.13616 -0.39372 0.90909
vn 0.45426 0.02444 0.89053
vn -0.91553 -0.01881 -0.40181
vn -0.89149 -0.45087 -0.04418
vn -0.85685 0.07931 0.50944
vn 0.17222 -0.44546 0.87858
vn 0.38131 -0.38063 0.84245
vn -0.25702 0.73792 -0.62404
vn -0.98940 0.07642 -0.12351
vn -0.93204 -0.23409 0.27658
vn -0.07788 -0.18300 0.98002
vn -0.98314 0.06653 0.17031
vn -0.97132 0.09453 0.21817
vn 0.11345 -0.90091 -0.41891
vn 0.16590 -0.89488 -0.41432
vn 0.25458 -0.95431 0.15648
vn 0.32451 -0.94496 0.04166
vn 0.32888 -0.94437 0.00001
vn 0.32868 -0.94444 -0.00000
vn -0.14668 0.03791 0.98846
vn 0.15601 -0.32076 -0.93422
vn 0.15926 -0.57485 -0.80261
vn 0.14880 -0.13020 0.98026
vn -0.83858 -0.52201 -0.15582
vn -0.91826 -0.39592 0.00682
vn 0.54025 -0.34727 -0.76650
vn 0.17675 -0.68260 -0.70910
vn -0.13833 -0.36877 0.91917
vn -0.21156 -0.56616 0.79668
vn -0.79568 -0.23041 -0.56018
vn -0.82249 -0.51559 0.24016
vn -0.85068 -0.34940 0.39276
vn 0.55059 -0.39024 -0.73794
vn 0.48982 0.11442 -0.86428
vn -0.24771 -0.58092 0.77535
vn -0.10051 -0.44283 0.89096
vn -0.67758 -0.20081 -0.70751
vn -0.61334 -0.55951 -0.55746
vn -0.98400 -0.16784 -0.05976
vn -0.62050 -0.34470 0.70439
vn -0.51309 -0.15906 0.84347
vn 0.62424 -0.11006 -0.77344
vn 0.57584 -0.28548 -0.76610
vn 0.24642 -0.54239 0.80318
vn 0.24838 -0.56827 0.78446
vn -0.71332 -0.41697 -0.56330
vn -0.78979 0.06177 -0.61026
vn -0.82829 -0.13788 0.54307
vn -0.93696 -0.34753 0.03642
vn -0.44566 -0.28094 0.84998
vn 0.49839 -0.22801 -0.83643
vn 0.33213 -0.39276 0.85757
vn -0.66998 -0.38720 -0.63341
vn -0.90348 -0.37138 -0.21400
vn -0.57400 -0.35131 -0.73966
vn -0.73729 -0.34010 0.58373
vn -0.47459 -0.34720 0.80883
vn 0.28230 -0.67303 -0.68362
vn 0.32066 -0.57324 -0.75404
vn 0.32180 -0.48856 0.81102
vn 0.00177 -0.11933 0.99285
vn -0.48875 -0.41932 -0.76504
vn -0.55805 -0.51958 -0.64700
vn -0.66324 -0.54094 0.51719
vn -0.38335 -0.33382 0.86117
vn 0.16110 -0.65396 -0.73918
vn 0.65355 -0.56219 -0.50677
vn 0.70496 -0.24572 -0.66532
vn 0.26852 -0.68850 0.67370
vn 0.53063 -0.76916 0.35613
vn -0.35958 0.09427 -0.92834
vn -0.82516 -0.13725 -0.54798
vn -0.77203 -0.11268 0.62551
vn -0.63159 -0.32529 0.70376
vn 0.00642 -0.87287 -0.48792
vn -0.02090 -0.87005 -0.49251
vn -0.19792 -0.76874 -0.60816
vn 0.44511 -0.74383 0.49859
vn 0.51372 -0.70725 0.48569
vn 0.14414 -0.90734 0.39492
vn 0.53096 -0.57540 0.62209
vn -0.09861 -0.51353 -0.85238
vn -0.85463 0.33491 0.39679
vn -0.76740 0.08354 0.63570
vn 0.33010 -0.76488 -0.55317
vn -0.16522 -0.97967 -0.11382
vn -0.18009 -0.96168 -0.20673
vn -0.06111 -0.76290 -0.64362
vn -0.11275 -0.61591 0.77971
vn 0.50935 -0.65221 0.56142
vn 0.21612 -0.95525 0.20198
vn -0.42399 0.04974 -0.90430
vn -0.89448 -0.00455 0.44709
vn -0.40535 -0.36782 0.83690
vn 0.36111 -0.71389 -0.59997
vn 0.49974 -0.16044 -0.85119
vn 0.60180 -0.79326 0.09253
vn 0.59115 -0.80574 0.03636
vn -0.16838 -0.50066 0.84911
vn 0.48487 -0.71993 -0.49659
vn 0.18143 -0.75529 -0.62977
vn -0.00247 0.95932 0.28231
vn 0.01737 0.99585 0.08931
vn 0.12329 0.98956 -0.07468
vn 0.13329 0.97510 -0.17722
vn 0.02558 0.96768 -0.25088
vn 0.01517 0.97052 0.24055
vn 0.02115 0.99247 0.12065
vn -0.01345 0.99337 0.11415
vn 0.02702 0.98627 0.16289
vn -0.01708 0.99703 -0.07511
vn -0.04768 0.99755 -0.05125
vn -0.07374 0.98614 -0.14860
vn -0.27193 0.95421 -0.12469
vn -0.24803 0.96784 -0.04209
vn -0.25547 0.96545 0.05139
vn -0.20969 0.90994 0.35784
vn -0.18394 0.95701 0.22427
vn -0.14000 0.98447 0.10589
vn 0.03511 0.99911 -0.02326
vn -0.04017 0.99767 -0.05512
vn -0.07319 0.98925 0.12664
vn -0.04687 0.96426 0.26076
vn -0.03867 0.98223 0.18364
vn 0.23753 0.94134 -0.23970
vn 0.15371 0.93103 -0.33101
vn 0.15280 0.98344 -0.09750
vn 0.22129 0.97515 -0.01022
vn 0.17560 0.98442 0.00869
vn 0.19004 0.98132 0.02984
vn 0.18998 0.98179 0.00000
vn 0.18989 0.98181 -0.00000
vn -0.51113 0.59505 0.62021
vn -0.13112 0.38612 0.91308
vn -0.79927 0.58896 -0.11955
vn -0.65689 0.67575 0.33445
vn -0.92431 0.35633 -0.13670
vn -0.50664 0.86187 0.02252
vn -0.07006 0.83075 0.55222
vn -0.37068 0.64638 0.66692
vn -0.20913 0.09429 0.97333
vn -0.05969 0.23044 0.97125
vn -0.21025 -0.01246 0.97757
vn 0.15736 -0.20453 0.96613
vn -0.30068 -0.02744 0.95333
vn 0.25901 -0.95830 -0.12073
vn 0.34527 -0.93832 -0.01881
vn 0.46262 -0.88557 -0.04175
vn 0.48143 -0.87649 0.00000
vn 0.48181 -0.87627 -0.00000
vn 0.08233 -0.21374 0.97341
vn -0.06082 -0.79966 -0.59736
vn 0.25413 -0.78748 -0.56151
vn 0.23153 -0.96557 0.11861
vn 0.36499 -0.93074 -0.02254
vn 0.40961 -0.91226 0.00001
vn 0.40981 -0.91217 -0.00000
vn 0.06085 0.02769 0.99776
vn 0.08187 -0.67200 -0.73601
vn -0.11997 -0.67257 -0.73024
vn 0.09684 -0.03652 0.99463
vn 0.37797 -0.41851 -0.82583
vn 0.40718 -0.76202 -0.50352
vn -0.01638 -0.25202 0.96758
vn 0.15082 -0.37141 -0.91614
vn 0.08056 -0.67276 0.73546
vn -0.02252 -0.55609 0.83082
vn -0.06355 -0.21531 -0.97448
vn 0.02533 -0.63931 0.76853
vn 0.01686 -0.66191 0.74939
vn -0.72343 -0.52549 -0.44779
vn -0.82411 -0.55673 0.10435
vn -0.53001 -0.81462 0.23556
vn -0.03123 -0.44508 -0.89495
vn 0.17661 -0.26009 -0.94929
vn 0.22310 -0.72078 0.65627
vn 0.22643 -0.62808 0.74448
vn -0.77268 -0.21012 -0.59901
vn -0.65358 -0.55497 -0.51462
vn -0.94318 -0.15495 0.29394
vn -0.65275 -0.38866 0.65028
vn -0.67333 -0.47630 0.56548
vn 0.52744 -0.51976 -0.67205
vn 0.49877 -0.16804 -0.85029
vn 0.28279 -0.58940 0.75673
vn 0.40994 -0.17218 0.89572
vn -0.85490 -0.51200 -0.08371
vn -0.73072 -0.38184 -0.56590
vn -0.93989 -0.31987 0.11950
vn -0.90261 -0.28346 0.32397
vn -0.76576 -0.18104 0.61712
vn 0.09364 -0.48557 -0.86917
vn 0.24846 -0.55964 -0.79061
vn 0.31255 -0.72371 0.61527
vn 0.03635 -0.88480 0.46455
vn 0.30985 -0.95054 0.02178
vn 0.28695 -0.87841 0.38218
vn -0.74013 -0.45699 -0.49333
vn -0.96710 -0.23073 -0.10720
vn -0.86870 -0.34625 -0.35421
vn -0.38866 -0.62833 0.67390
vn -0.49564 -0.54912 0.67291
vn -0.93984 -0.15120 0.30632
vn -0.77227 -0.02960 0.63461
vn 0.45842 -0.84604 -0.27216
vn 0.61075 -0.79175 0.01062
vn 0.00120 -0.81271 -0.58266
vn 0.41039 -0.76581 -0.49509
vn 0.44468 -0.70699 0.54994
vn 0.55233 -0.82753 0.10064
vn 0.28431 -0.60581 0.74308
vn 0.34235 -0.76108 0.55096
vn -0.83623 0.17485 -0.51975
vn -0.92555 0.21823 -0.30940
vn -0.79532 -0.15601 -0.58577
vn -0.78586 0.55620 0.27032
vn -0.62045 0.30119 0.72411
vn -0.73837 0.41900 0.52844
vn -0.73506 0.13908 0.66358
vn 0.10646 -0.70794 -0.69820
vn 0.00505 -0.83792 -0.54577
vn 0.37841 -0.90994 -0.16973
vn -0.09963 -0.97888 -0.17851
vn -0.04954 -0.75267 -0.65653
vn 0.45134 -0.57053 0.68613
vn 0.47336 -0.75865 0.44765
vn 0.21019 -0.95170 0.22380
vn -0.78364 -0.04059 -0.61989
vn -0.81582 0.12078 -0.56556
vn -0.88198 0.28774 0.37326
vn -0.93959 0.19700 0.27993
vn -0.62886 -0.67478 0.38628
vn 0.42267 -0.90382 -0.06678
vn 0.52715 -0.59089 -0.61070
vn 0.22314 -0.42795 -0.87582
vn 0.52126 -0.85123 -0.06079
vn 0.45206 -0.80673 -0.38057
vn 0.01212 0.97010 0.24240
vn 0.14449 0.98922 -0.02372
vn 0.24753 0.95550 -0.16046
vn 0.24110 0.94721 -0.21134
vn -0.06142 0.95200 0.29986
vn -0.10217 0.98552 0.13535
vn -0.03031 0.99895 0.03426
vn -0.04642 0.97462 0.21898
vn -0.04063 0.99917 -0.00271
vn -0.04879 0.99655 -0.06718
vn -0.08289 0.99117 -0.10352
vn -0.06795 0.99541 -0.06740
vn -0.19901 0.97993 -0.01117
vn -0.14148 0.98982 0.01559
vn -0.17615 0.98416 0.02011
vn 0.02946 0.99255 0.11818
vn 0.03906 0.99874 0.03152
vn 0.01438 0.99974 0.01787
vn 0.01005 0.99874 -0.04920
vn -0.02232 0.99365 0.11032
vn -0.02585 0.96214 0.27132
vn -0.00527 0.98434 0.17619
vn 0.36919 0.89872 -0.23666
vn 0.28570 0.93473 -0.21133
vn 0.47292 0.76231 -0.44186
vn 0.53922 0.83530 -0.10735
vn 0.58714 0.80938 -0.01312
vn 0.60103 0.79919 0.00736
vn 0.57695 0.81609 0.03349
vn 0.54877 0.83597 0.00000
vn 0.55018 0.83504 -0.00000
vn 0.15773 0.81356 0.55968
vn -0.00517 0.63520 0.77233
vn 0.72776 -0.13355 -0.67270
vn 0.64342 -0.50950 -0.57133
vn 0.89708 -0.31563 0.30922
vn 0.94115 0.33001 0.07300
vn 0.87045 0.46981 0.14691
vn 0.81705 0.55796 0.14530
vn 0.80224 0.59700 0.00002
vn 0.80071 0.59905 -0.00000
vn -0.11396 0.70493 0.70006
vn 0.08082 0.70400 0.70559
vn 0.73320 0.11831 -0.66964
vn 0.87602 0.26172 -0.40508
vn 0.88958 0.21029 0.40550
vn 0.94278 0.25901 0.20995
vn 0.94945 0.26856 0.16254
vn -0.04624 0.08155 0.99560
vn 0.84308 0.50609 -0.18193
vn 0.92097 0.36384 0.13939
vn 0.95904 0.14808 0.24147
vn -0.11959 0.10838 0.98689
vn -0.07185 0.19803 0.97756
vn -0.22594 -0.25456 0.94029
vn 0.88973 -0.45640 0.00875
vn 0.79978 -0.60013 0.01407
vn 0.79270 -0.59432 -0.13567
vn 0.82798 -0.56076 -0.00001
vn 0.82876 -0.55961 -0.00000
vn -0.01806 -0.09144 0.99565
vn 0.62055 -0.47131 -0.62673
vn 0.60523 -0.68192 -0.41070
vn 0.64428 -0.75597 -0.11581
vn 0.63453 -0.76917 -0.07575
vn 0.65063 -0.75940 -0.00000
vn 0.65032 -0.75966 -0.00000
vn -0.22262 0.08357 0.97132
vn 0.29050 -0.81778 -0.49683
vn 0.38557 -0.76478 -0.51619
vn 0.34630 -0.61717 -0.70652
vn -0.24456 -0.19328 0.95018
vn 0.46971 -0.54341 -0.69575
vn 0.48150 -0.63654 -0.60248
vn -0.14114 -0.04298 0.98906
vn -0.16076 -0.31536 -0.93526
vn 0.06952 -0.57902 -0.81234
vn -0.07633 -0.44140 0.89406
vn -0.06415 -0.38319 -0.92144
vn -0.12384 -0.51527 0.84804
vn -0.12076 -0.47538 0.87145
vn 0.04776 -0.25593 -0.96551
vn -0.03466 -0.66957 0.74194
vn -0.02384 -0.57198 0.81992
vn 0.22069 -0.45087 -0.86487
vn 0.11536 -0.25186 -0.96086
vn 0.11681 -0.70002 0.70451
vn 0.08695 -0.72515 0.68308
vn 0.10749 -0.44708 -0.88801
vn 0.00301 -0.50653 -0.86222
vn 0.47020 -0.54767 0.69208
vn 0.66329 -0.44640 0.60064
vn -0.93846 -0.32366 -0.12057
vn -0.86720 -0.49264 0.07263
vn 0.30844 -0.77468 -0.55202
vn 0.16797 -0.78132 -0.60110
vn 0.05911 -0.36135 -0.93056
vn 0.34909 -0.58032 0.73578
vn 0.64056 -0.68981 0.33741
vn 0.20656 -0.94506 0.25337
vn 0.01969 -0.92397 0.38195
vn -0.95297 -0.07465 -0.29372
vn -0.98491 -0.14215 0.09868
vn -0.79124 -0.36202 0.49283
vn 0.18076 -0.80805 -0.56070
vn 0.39958 -0.91622 -0.02963
vn 0.32890 -0.69133 -0.64334
vn 0.26774 -0.74782 -0.60752
vn 0.28064 -0.65752 0.69922
vn 0.34350 -0.68554 0.64190
vn -0.95007 -0.27839 -0.14097
vn -0.95329 0.24518 0.17644
vn -0.97503 0.17758 0.13336
vn 0.15709 -0.69410 -0.70253
vn -0.03698 -0.96093 -0.27430
vn -0.03413 -0.86321 -0.50369
vn 0.17097 -0.83268 0.52670
vn 0.04491 -0.88177 0.46953
vn 0.17640 -0.96844 -0.17609
vn -0.88428 0.00020 -0.46696
vn -0.34261 -0.93413 -0.10005
vn -0.07461 -0.94343 0.32307
vn 0.04077 -0.98537 0.16549
vn -0.06599 -0.94171 -0.32988
vn -0.00338 -0.75113 -0.66014
vn 0.19800 0.97440 0.10653
vn 0.32702 0.93746 -0.11925
vn 0.36398 0.91845 -0.15482
vn -0.01908 0.94936 0.31361
vn 0.02050 0.98653 0.16226
vn -0.06613 0.99062 0.11962
vn -0.04521 0.99741 0.05587
vn -0.00663 0.99995 -0.00689
vn -0.03647 0.99895 -0.02785
vn -0.06031 0.99740 -0.03956
vn -0.04758 0.99243 -0.11322
vn -0.02881 0.99958 0.00172
vn -0.07414 0.99723 0.00616
vn -0.01079 0.99962 -0.02533
vn 0.03535 0.99810 0.05044
vn 0.09687 0.99516 0.01675
vn 0.09327 0.99525 0.02800
vn 0.05505 0.99621 0.06736
vn 0.02850 0.98979 0.13964
vn 0.08443 0.98739 0.13393
vn 0.22677 0.96371 0.14085
vn 0.32968 0.93267 -0.14640
vn 0.45602 0.84508 -0.27908
vn 0.77259 0.59065 -0.23287
vn 0.73167 0.07896 -0.67707
vn -0.15778 0.24963 0.95540
vn -0.16607 0.67788 0.71617
vn 0.66972 0.10150 -0.73565
vn 0.80730 -0.32065 -0.49542
vn 0.67637 -0.31294 -0.66678
vn 0.92593 0.33997 0.16452
vn 0.92611 0.35138 0.13733
vn 0.92484 0.38036 0.00002
vn 0.92418 0.38196 -0.00000
vn 0.47376 0.72021 0.50680
vn 0.26721 0.55928 0.78474
vn 0.60964 0.38011 -0.69560
vn 0.69367 0.31101 -0.64969
vn 0.95728 0.24187 0.15844
vn 0.96986 0.15885 0.18477
vn 0.97202 0.17992 0.15105
vn 0.98300 0.18362 0.00002
vn 0.98307 0.18321 -0.00000
vn 0.43101 0.48372 0.76174
vn 0.27469 0.73689 0.61768
vn 0.44046 0.34986 -0.82680
vn 0.84736 0.30828 -0.43238
vn 0.95910 0.28230 -0.02089
vn 0.92999 0.18061 0.32016
vn 0.99092 0.12021 0.06027
vn 0.98920 0.06536 0.13121
vn 0.99835 0.05746 0.00002
vn 0.99835 0.05742 -0.00000
vn -0.13596 0.21252 0.96765
vn 0.00421 0.33300 0.94292
vn 0.13559 0.93310 -0.33309
vn 0.71869 0.53984 -0.43824
vn 0.97962 0.19965 0.02205
vn 0.98789 0.11892 0.09962
vn 0.99837 0.00590 0.05671
vn 0.99553 -0.09449 0.00001
vn 0.99553 -0.09446 -0.00000
vn -0.13737 0.19645 0.97084
vn -0.07754 -0.03875 0.99624
vn 0.95139 0.15219 -0.26775
vn 0.97344 0.11516 -0.19789
vn 0.99159 -0.08700 0.09584
vn 0.98899 -0.11387 -0.09455
vn 0.98411 -0.17754 -0.00001
vn 0.98410 -0.17762 -0.00000
vn 0.05208 -0.08082 0.99537
vn 0.46617 -0.54175 -0.69942
vn 0.66178 -0.41988 -0.62109
vn 0.86987 -0.49279 -0.02192
vn 0.94566 -0.31823 0.06677
vn 0.90748 -0.39389 -0.14606
vn 0.93338 -0.35888 -0.00001
vn 0.93384 -0.35769 -0.00000
vn -0.07172 0.07248 0.99479
vn 0.83755 -0.14171 -0.52766
vn 0.91135 0.02907 -0.41060
vn 0.94073 -0.07539 -0.33068
vn -0.30476 0.12894 0.94366
vn 0.63648 -0.35135 -0.68662
vn 0.66995 -0.35857 -0.65007
vn -0.06040 -0.48666 0.87150
vn 0.14563 -0.58757 -0.79596
vn 0.07271 -0.48155 -0.87340
vn 0.03894 -0.02634 0.99889
vn 0.29283 -0.30488 -0.90626
vn 0.22323 -0.43256 -0.87353
vn 0.09171 -0.41528 0.90506
vn 0.22855 -0.27302 -0.93446
vn 0.11148 -0.36419 0.92463
vn -0.04638 -0.47321 0.87973
vn 0.35634 -0.52381 -0.77372
vn 0.22916 -0.45248 -0.86183
vn -0.32449 -0.55832 0.76353
vn -0.00161 -0.99476 0.10222
vn 0.16403 -0.87679 0.45203
vn 0.47829 -0.20934 -0.85288
vn 0.51941 -0.56319 -0.64267
vn 0.22656 -0.35706 -0.90619
vn 0.54613 -0.75510 0.36271
vn 0.48504 -0.78785 0.37952
vn 0.27504 -0.50638 0.81728
vn 0.38791 -0.52365 -0.75850
vn 0.42305 -0.40491 -0.81060
vn 0.82361 -0.52000 0.22643
vn 0.09588 -0.12429 0.98760
vn 0.03381 -0.90358 -0.42708
vn 0.21735 -0.57925 -0.78564
vn -0.01793 -0.89391 0.44789
vn 0.46066 -0.71156 0.53055
vn 0.55006 -0.62164 0.55767
vn -0.34927 -0.78542 -0.51100
vn -0.33731 -0.73550 -0.58759
vn -0.02932 -0.89887 -0.43724
vn 0.34876 -0.81172 0.46849
vn 0.12346 -0.54295 0.83064
vn -0.65355 -0.44870 -0.60954
vn -0.17403 -0.80054 -0.57346
vn -0.02075 -0.81357 -0.58110
vn -0.07690 -0.95518 -0.28588
vn -0.06206 -0.91110 0.40748
vn 0.02078 -0.80035 0.59917
vn -0.21588 -0.97489 0.05457
vn -0.27064 -0.94197 -0.19862
vn 0.06047 -0.99687 0.05089
vn -0.06097 -0.96271 -0.26359
vn 0.28203 -0.91703 0.28197
vn 0.34890 -0.85971 -0.37306
vn -0.19821 -0.93454 -0.29553
vn -0.10983 -0.62961 -0.76911
vn -0.31713 -0.94664 -0.05746
vn -0.34935 -0.92749 -0.13312
vn -0.07057 0.95390 0.29172
vn -0.03011 0.98651 0.16092
vn -0.04425 0.99517 0.08758
vn 0.05493 0.99824 0.02234
vn 0.05611 0.99841 -0.00470
vn -0.00432 0.99890 0.04659
vn -0.04176 0.99273 -0.11291
vn -0.01956 0.99728 -0.07104
vn -0.03850 0.99868 0.03408
vn 0.05186 0.99855 -0.01438
vn 0.02262 0.99502 -0.09710
vn 0.07834 0.99568 0.04983
vn 0.10187 0.99440 -0.02808
vn 0.07586 0.99520 0.06188
vn 0.07016 0.99558 0.06243
vn 0.09556 0.98988 0.10487
vn 0.17364 0.98311 0.05790
vn 0.19985 0.97919 0.03520
vn 0.24164 0.91592 -0.32048
vn 0.31099 0.75988 -0.57084
vn -0.02126 0.06958 0.99735
vn 0.00124 0.76039 0.64947
vn 0.22761 0.33666 -0.91370
vn 0.35789 0.47454 -0.80419
vn -0.21020 0.47317 0.85553
vn 0.25708 0.29901 -0.91897
vn 0.42886 0.30030 -0.85200
vn 0.06646 0.56998 0.81897
vn 0.04924 0.76077 0.64715
vn 0.33988 0.64506 -0.68439
vn 0.29301 0.71092 -0.63933
vn -0.04659 0.33746 0.94019
vn -0.04124 0.42727 0.90319
vn 0.38741 0.67584 -0.62702
vn 0.20574 0.89019 -0.40649
vn 0.28823 0.24841 -0.92478
vn -0.10879 0.12621 0.98602
vn -0.13777 -0.26151 0.95532
vn 0.45585 -0.19739 -0.86789
vn 0.25824 -0.02864 -0.96566
vn -0.05957 -0.02826 0.99782
vn 0.31293 -0.40739 -0.85797
vn 0.38409 -0.12845 -0.91432
vn -0.18106 -0.11496 0.97673
vn -0.03543 -0.38516 -0.92217
vn 0.88261 -0.04169 0.46825
vn 0.31415 -0.34584 -0.88414
vn 0.23410 -0.02416 -0.97191
vn 0.51655 -0.21312 0.82931
vn 0.50914 -0.56629 -0.64815
vn 0.35273 -0.38912 -0.85098
vn 0.65384 -0.07463 0.75294
vn 0.65629 0.05895 0.75220
vn 0.35352 -0.23124 -0.90639
vn 0.56925 -0.40036 -0.71810
vn 0.18718 -0.40396 0.89542
vn 0.70476 -0.08357 0.70450
vn 0.31418 -0.03752 -0.94862
vn 0.44676 -0.20129 -0.87172
vn -0.01191 -0.37435 0.92721
vn 0.19159 -0.36669 0.91040
vn 0.26365 -0.49928 -0.82535
vn 0.43467 -0.06808 -0.89801
vn 0.44089 -0.31722 0.83964
vn -0.34773 -0.93067 0.11379
vn -0.03595 -0.88643 0.46147
vn 0.14205 -0.25057 -0.95762
vn 0.19018 -0.61632 -0.76418
vn -0.43025 -0.76622 0.47727
vn -0.27761 -0.95957 0.04644
vn -0.05189 -0.64258 0.76446
vn 0.26036 -0.45549 -0.85131
vn 0.53915 0.13805 0.83082
vn 0.23045 -0.97288 -0.02000
vn 0.35946 -0.70965 -0.60595
vn 0.39759 -0.51736 -0.75780
vn -0.04012 -0.99757 0.05688
vn 0.16490 -0.98207 -0.09139
vn 0.15836 -0.63774 0.75379
vn 0.24509 -0.79808 -0.55045
vn 0.24218 -0.87694 -0.41512
vn 0.15731 -0.66294 -0.73196
vn 0.07262 -0.37013 0.92614
vn -0.05403 -0.37369 0.92598
vn 0.35058 -0.65175 -0.67254
vn 0.27734 -0.66482 -0.69361
vn -0.10323 -0.84842 -0.51916
vn 0.09742 -0.95122 -0.29274
vn -0.02050 -0.72907 0.68413
vn -0.37138 -0.80663 0.45981
vn -0.15662 -0.81654 0.55563
vn -0.34774 -0.85388 -0.38726
vn -0.23900 -0.97089 0.01557
vn -0.02234 -0.85423 -0.51942
vn -0.01823 -0.90746 0.41975
vn 0.06757 -0.95717 -0.28154
vn 0.39402 -0.82966 -0.39550
vn 0.32267 -0.56489 -0.75946
vn -0.17076 -0.92761 0.33223
vn 0.02383 -0.96711 0.25325
vn -0.19656 -0.93685 -0.28928
vn 0.28008 -0.86585 -0.41457
vn -0.01606 0.82405 0.56629
vn 0.02160 0.94801 0.31751
vn -0.04389 0.99145 0.12287
vn 0.02327 0.99689 0.07533
vn -0.02000 0.99881 0.04440
vn -0.03057 0.99951 0.00725
vn 0.02808 0.99675 0.07546
vn -0.04786 0.99530 -0.08417
vn -0.07565 0.99631 -0.04054
vn -0.06629 0.99490 -0.07598
vn 0.12751 0.98834 -0.08316
vn 0.24518 0.96659 -0.07475
vn 0.07032 0.99749 0.00793
vn 0.11589 0.99290 -0.02663
vn 0.01868 0.99497 0.09839
vn 0.00304 0.99396 0.10967
vn 0.07957 0.99653 0.02435
vn 0.11414 0.99317 0.02419
vn 0.08394 0.99647 0.00267
vn 0.23399 0.85822 -0.45684
vn 0.15633 0.83195 -0.53237
vn -0.04210 0.43599 0.89897
vn -0.08033 0.80826 0.58332
vn 0.35139 0.81094 -0.46787
vn 0.05599 0.50446 -0.86162
vn -0.26591 0.22032 0.93848
vn -0.26648 0.23242 0.93540
vn 0.06755 0.53898 -0.83961
vn -0.12024 0.38552 -0.91483
vn -0.00589 0.41202 0.91116
vn -0.03740 0.37904 0.92462
vn 0.20094 0.27661 -0.93974
vn -0.01161 0.37422 0.92727
vn 0.11405 0.69322 0.71164
vn 0.57323 0.00335 -0.81938
vn 0.80627 0.58748 -0.06933
vn -0.00516 0.15734 0.98753
vn 0.20300 -0.32181 0.92479
vn 0.75244 0.47070 -0.46074
vn 0.81304 -0.12392 -0.56886
vn 0.41643 -0.11154 0.90230
vn 0.51770 -0.55897 -0.64771
vn 0.67868 -0.43074 -0.59485
vn 0.50488 -0.44763 0.73806
vn 0.83621 0.19835 -0.51128
vn 0.81904 0.07421 -0.56891
vn -0.22883 -0.16405 0.95954
vn 0.66794 0.25016 -0.70091
vn 0.48872 0.02901 -0.87196
vn 0.27970 -0.15947 0.94675
vn 0.34919 -0.53782 0.76734
vn 0.07923 -0.34529 -0.93515
vn 0.46336 -0.65895 -0.59252
vn 0.46149 -0.56197 0.68646
vn 0.37191 -0.24869 0.89434
vn 0.06588 -0.11037 -0.99171
vn 0.46980 -0.41652 -0.77833
vn 0.52889 -0.11876 0.84034
vn 0.33233 -0.24170 -0.91167
vn 0.45037 -0.49418 0.74361
vn 0.34693 -0.33820 0.87479
vn 0.45419 -0.49670 -0.73960
vn 0.60321 -0.48384 -0.63407
vn 0.36048 -0.23516 0.90264
vn 0.18421 -0.03524 0.98225
vn 0.31464 -0.40047 -0.86060
vn 0.23628 -0.62667 -0.74260
vn -0.07356 -0.79206 0.60599
vn -0.20262 -0.92348 0.32578
vn -0.26940 -0.61308 0.74267
vn 0.04042 -0.73234 -0.67974
vn 0.26619 -0.58708 -0.76451
vn -0.51528 -0.69458 0.50204
vn -0.19919 -0.28250 0.93836
vn -0.18339 -0.93226 0.31187
vn -0.13057 -0.71578 -0.68601
vn 0.48059 -0.42333 -0.76800
vn 0.49320 -0.57313 -0.65443
vn -0.40065 -0.78663 0.46978
vn -0.47035 -0.78070 0.41143
vn -0.38038 -0.80135 0.46168
vn 0.48833 -0.73288 -0.47373
vn 0.79555 -0.54780 -0.25887
vn 0.41394 -0.77083 -0.48422
vn 0.39783 -0.70224 -0.59041
vn -0.20610 -0.46353 0.86178
vn -0.08916 -0.39233 0.91549
vn 0.92704 -0.37360 0.03203
vn 0.95377 -0.13486 -0.26858
vn 0.95534 -0.29254 -0.04172
vn 0.25241 -0.96756 -0.01114
vn 0.74488 -0.45901 -0.48420
vn 0.54181 -0.72864 -0.41897
vn 0.64338 -0.76307 -0.06150
vn -0.05597 -0.74510 0.66460
vn -0.18504 -0.78473 0.59157
vn 0.56025 -0.53190 -0.63499
vn 0.44399 -0.85509 -0.26775
vn 0.60704 -0.79038 -0.08252
vn 0.34514 -0.92711 -0.14611
vn 0.49242 -0.79467 -0.35498
vn 0.45874 -0.88296 0.09974
vn -0.16970 -0.90574 0.38837
vn -0.11601 -0.96206 0.24694
vn 0.39377 -0.73151 -0.55663
vn 0.39745 -0.78084 -0.48199
vn -0.12633 0.84082 0.52637
vn -0.08151 0.96184 0.26121
vn -0.02332 0.99187 0.12510
vn 0.02130 0.99610 0.08562
vn -0.00958 0.99816 0.05993
vn 0.00527 0.99998 0.00421
vn 0.03490 0.99937 -0.00709
vn 0.03714 0.99917 0.01697
vn -0.02139 0.99949 -0.02385
vn 0.34791 0.86624 -0.35859
vn 0.44836 0.85315 -0.26666
vn 0.50968 0.85257 -0.11559
vn 0.22490 0.92968 0.29174
vn 0.00579 0.99900 0.04437
vn 0.05642 0.99762 0.03962
vn 0.07905 0.99096 0.10835
vn 0.06585 0.99782 -0.00539
vn -0.01130 0.99909 0.04103
vn 0.15308 0.97847 -0.13844
vn 0.21840 0.85544 -0.46959
vn -0.16453 0.52011 0.83811
vn 0.46421 0.61819 -0.63431
vn 0.79597 0.60104 -0.07195
vn 0.83119 0.54870 0.08971
vn 0.78309 0.48743 0.38624
vn 0.45239 0.55164 -0.70074
vn 0.59174 0.36781 -0.71733
vn -0.25264 0.27776 0.92683
vn -0.17957 0.28671 0.94104
vn 0.62363 0.34169 -0.70309
vn 0.48104 0.28365 -0.82954
vn 0.65417 0.11269 -0.74790
vn -0.44196 0.44176 0.78072
vn 0.46469 0.34976 -0.81347
vn 0.56497 0.26168 -0.78252
vn -0.18198 0.13832 0.97353
vn 0.68625 0.32300 -0.65172
vn 0.35314 0.15916 -0.92193
vn 0.23229 -0.31793 0.91922
vn -0.12554 0.32039 -0.93893
vn 0.27739 0.10468 0.95504
vn 0.19879 -0.41228 -0.88911
vn 0.04670 -0.31937 0.94648
vn 0.00190 0.13996 -0.99015
vn 0.15871 -0.28933 0.94398
vn 0.38532 -0.38330 0.83941
vn -0.02557 0.11431 -0.99312
vn 0.22340 -0.41086 0.88390
vn 0.24912 -0.57274 0.78097
vn -0.03530 -0.57619 -0.81655
vn -0.16283 -0.26459 -0.95051
vn 0.07030 -0.47665 0.87628
vn 0.03895 -0.29584 0.95444
vn 0.54583 -0.12348 -0.82875
vn 0.45743 -0.26224 -0.84970
vn 0.46229 0.12626 0.87769
vn 0.11706 -0.18055 0.97657
vn 0.32353 0.04543 -0.94513
vn 0.38669 -0.27762 -0.87943
vn 0.55512 -0.07666 0.82823
vn 0.50362 -0.20827 0.83844
vn 0.74639 -0.63788 -0.18977
vn 0.78146 -0.61380 -0.11212
vn 0.08495 -0.47474 -0.87601
vn 0.25829 -0.22572 -0.93933
vn 0.23668 -0.00433 0.97158
vn 0.91459 -0.06896 -0.39845
vn 0.95539 -0.24651 -0.16264
vn 0.78043 -0.28831 0.55481
vn -0.18644 -0.30425 -0.93417
vn 0.14634 -0.97518 0.16618
vn -0.27404 -0.11061 0.95533
vn 0.68785 -0.18771 -0.70117
vn 0.54289 -0.74144 -0.39438
vn 0.91996 -0.30121 0.25089
vn 0.86553 -0.13633 0.48195
vn 0.17534 -0.76561 -0.61894
vn 0.04558 -0.38572 -0.92149
vn -0.32904 -0.92968 0.16560
vn 0.11351 -0.57135 0.81282
vn 0.93450 -0.26098 -0.24208
vn 0.97497 0.21837 -0.04178
vn 0.95387 -0.27175 0.12765
vn 0.69102 -0.48517 0.53582
vn -0.00664 -0.70337 -0.71079
vn -0.01632 -0.38334 -0.92346
vn 0.24493 -0.61609 0.74862
vn -0.23454 -0.83030 0.50557
vn -0.51590 -0.70724 0.48338
vn 0.34423 -0.26459 -0.90083
vn 0.87814 -0.17509 -0.44521
vn 0.86876 0.12075 -0.48029
vn 0.89010 0.07558 0.44945
vn 0.75320 -0.57741 0.31511
vn 0.56392 -0.78902 0.24382
vn 0.43958 -0.89767 -0.03104
vn 0.13658 -0.89704 -0.42032
vn -0.01205 -0.95258 -0.30405
vn 0.14817 -0.97214 -0.18164
vn -0.30039 -0.73287 0.61047
vn -0.49519 -0.50706 0.70546
vn -0.52247 -0.43380 0.73406
vn 0.26772 -0.21172 -0.93995
vn 0.05862 0.72283 -0.68854
vn 0.77065 -0.16238 -0.61622
vn 0.86381 -0.50343 -0.01970
vn 0.82145 -0.57003 -0.01704
vn 0.84041 -0.47159 0.26703
vn 0.60733 -0.74671 -0.27126
vn 0.41903 -0.83556 -0.35533
vn -0.51070 -0.44166 0.73765
vn -0.59843 -0.46572 0.65191
vn -0.57412 -0.67325 0.46596
vn 0.81018 -0.28742 -0.51087
vn 0.55335 -0.15698 -0.81802
vn 0.55396 -0.51375 -0.65513
vn -0.30413 -0.75019 0.58713
vn -0.42693 -0.89416 0.13492
vn 0.02436 -0.98317 -0.18107
vn 0.02396 -0.75119 -0.65965
vn 0.11540 0.86097 0.49538
vn 0.10224 0.96988 0.22107
vn 0.06966 0.98847 0.13441
vn 0.01236 0.99664 0.08091
vn 0.06215 0.99709 0.04416
vn 0.01487 0.99989 -0.00174
vn -0.04477 0.99813 0.04153
vn -0.04982 0.99874 -0.00556
vn 0.43910 0.74845 -0.49701
vn 0.50234 0.68648 -0.52574
vn 0.66376 0.67464 0.32293
vn 0.27663 0.89545 0.34879
vn 0.17195 0.98157 0.08338
vn 0.07217 0.99038 0.11807
vn 0.01242 0.99949 0.02958
vn 0.00753 0.99745 0.07096
vn -0.04878 0.97330 -0.22431
vn 0.00550 0.87745 -0.47963
vn 0.26019 0.28225 0.92338
vn 0.46088 0.74758 -0.47825
vn 0.61016 0.40049 -0.68360
vn 0.96854 0.18186 -0.16987
vn 0.74939 0.58845 0.30356
vn 0.63932 0.56836 0.51791
vn 0.92235 0.15899 0.35212
vn 0.69358 0.48811 0.52980
vn 0.21065 0.04259 -0.97663
vn -0.05059 0.30406 0.95131
vn 0.00009 0.66205 0.74946
vn 0.18236 0.01677 -0.98309
vn 0.91520 0.40121 -0.03803
vn 0.83912 0.53955 0.06896
vn 0.89657 0.21002 0.38993
vn 0.75873 0.28461 0.58594
vn 0.28994 0.50487 -0.81304
vn 0.24439 0.37648 -0.89361
vn 0.17891 0.54245 0.82082
vn 0.83451 0.54885 0.04858
vn 0.96210 0.14104 -0.23338
vn 0.50124 0.73510 0.45649
vn 0.34866 0.31095 -0.88416
vn -0.12341 -0.33655 0.93354
vn -0.22309 0.18198 0.95766
vn 0.98868 -0.14611 -0.03419
vn 0.97440 -0.03240 0.22247
vn 0.81807 -0.06408 0.57153
vn 0.15574 0.54461 -0.82410
vn 0.26370 0.53413 -0.80322
vn -0.13107 -0.52013 0.84397
vn -0.17133 -0.12729 0.97696
vn 0.95091 0.16345 -0.26279
vn 0.93922 -0.18303 -0.29046
vn 0.87443 0.20666 0.43893
vn -0.15912 0.65457 -0.73907
vn -0.02943 0.38434 -0.92272
vn 0.24041 -0.77442 0.58521
vn -0.01309 -0.30700 0.95162
vn 0.96119 -0.21566 -0.17208
vn 0.99290 -0.04854 0.10863
vn 0.98655 -0.06135 0.15148
vn 0.04603 0.00073 -0.99894
vn 0.69526 -0.03268 0.71802
vn -0.07847 0.07729 0.99392
vn 0.86043 0.32404 -0.39327
vn 0.72387 0.52744 0.44477
vn 0.92724 0.36016 0.10254
vn -0.04081 -0.46556 -0.88407
vn 0.60043 -0.15834 0.78385
vn 0.20473 -0.26513 0.94223
vn 0.89132 -0.24247 -0.38309
vn 0.98412 -0.09219 -0.15169
vn 0.15716 -0.16628 -0.97347
vn 0.27159 -0.18331 -0.94479
vn -0.06788 -0.32763 0.94237
vn 0.99590 0.01156 -0.08972
vn 0.97059 0.23614 0.04687
vn 0.39961 0.61698 -0.67797
vn 0.36164 0.55638 -0.74810
vn -0.53941 -0.16363 0.82599
vn -0.12610 -0.14757 0.98098
vn 0.98820 -0.15316 0.00236
vn 0.99034 -0.12652 0.05667
vn -0.07491 -0.46943 -0.87979
vn -0.48741 -0.81432 -0.31515
vn 0.20415 -0.85630 -0.47443
vn -0.89684 0.32202 0.30329
vn -0.71697 0.02450 0.69668
vn 0.85774 -0.00007 -0.51408
vn 0.98908 -0.13832 0.05089
vn 0.29047 0.17305 -0.94111
vn -0.13441 -0.68141 0.71946
vn -0.81018 -0.10625 0.57648
vn 0.49589 -0.20646 -0.84349
vn 0.42919 -0.88630 -0.17400
vn 0.64936 -0.70496 0.28525
vn 0.66352 -0.58057 0.47188
vn 0.19915 -0.06703 -0.97767
vn 0.01361 -0.39125 0.92019
vn 0.04057 -0.56779 0.82217
vn 0.35020 -0.37521 -0.85824
vn 0.53027 -0.63789 -0.55849
vn 0.64030 -0.56690 0.51830
vn 0.66087 -0.48349 0.57402
vn 0.72983 -0.35671 0.58318
vn -0.28376 -0.36466 -0.88685
vn -0.71105 -0.40498 0.57480
vn -0.35574 -0.09791 0.92944
vn 0.52795 -0.60033 -0.60073
vn 0.77756 -0.26372 -0.57084
vn 0.85246 -0.11782 0.50934
vn 0.69920 -0.25208 0.66901
vn 0.80139 -0.29129 0.52243
vn -0.08800 -0.47843 -0.87371
vn -0.03623 -0.61269 -0.78949
vn -0.72037 -0.32586 0.61227
vn -0.56241 -0.28153 0.77745
vn -0.59036 -0.80437 0.06685
vn 0.43103 0.20226 -0.87938
vn 0.25907 -0.06667 -0.96356
vn 0.74095 -0.21056 0.63770
vn 0.95311 -0.17966 0.24354
vn 0.72079 -0.48814 0.49212
vn 0.53610 -0.79510 -0.28357
vn -0.06371 -0.56606 -0.82190
vn -0.48083 -0.80519 -0.34708
vn -0.61353 -0.60133 0.51185
vn -0.05776 -0.88566 0.46072
vn 0.46093 -0.44824 -0.76591
vn 0.43793 -0.19902 -0.87670
vn 0.89433 -0.06743 0.44230
vn 0.45710 -0.45088 0.76666
vn 0.43367 -0.82559 0.36101
vn -0.25807 -0.88674 -0.38352
vn 0.01966 -0.96566 -0.25908
vn 0.46442 -0.80671 -0.36542
vn 0.21149 -0.46340 0.86054
vn -0.00913 -0.21627 0.97629
vn 0.68692 -0.22091 -0.69234
vn 0.76674 -0.16967 -0.61913
vn -0.25872 -0.62428 0.73712
vn -0.20494 -0.76106 0.61546
vn 0.72393 -0.24267 -0.64578
vn 0.69201 -0.17513 -0.70032
vn -0.19530 -0.79475 0.57466
vn -0.15496 -0.92448 0.34831
vn -0.26976 -0.90837 0.31953
vn 0.62158 -0.25482 -0.74075
vn 0.01791 0.83801 0.54537
vn -0.01603 0.96892 0.24687
vn 0.05398 0.99231 0.11139
vn 0.11550 0.99024 0.07798
vn 0.08717 0.99420 0.06292
vn 0.12432 0.99168 0.03330
vn 0.09012 0.99390 0.06352
vn -0.01978 0.99980 -0.00010
vn 0.20568 0.64166 -0.73890
vn 0.07430 0.85590 0.51178
vn -0.06059 0.98022 0.18841
vn -0.02345 0.99875 0.04413
vn 0.00951 0.99803 0.06208
vn 0.02996 0.93927 -0.34188
vn 0.14936 0.81530 -0.55944
vn 0.05922 0.20635 0.97668
vn 0.35189 0.67927 -0.64402
vn 0.57924 0.40379 -0.70812
vn 0.41730 0.28382 0.86331
vn 0.42585 0.60380 0.67385
vn 0.19481 -0.05794 -0.97913
vn -0.08204 0.34156 0.93627
vn 0.15867 0.96761 0.19636
vn 0.31704 0.39785 -0.86093
vn 0.12247 0.48953 -0.86335
vn 0.38670 0.31078 0.86826
vn 0.36240 0.40864 0.83767
vn 0.18234 0.65112 0.73675
vn 0.57912 0.48973 -0.65175
vn 0.14259 0.19451 -0.97048
vn -0.17855 0.30056 0.93690
vn -0.24981 0.35530 0.90075
vn 0.48006 0.12073 -0.86889
vn 0.79401 0.44605 -0.41302
vn 0.91496 -0.19752 -0.35190
vn 0.79677 0.53903 0.27315
vn 0.34884 0.34147 0.87276
vn 0.17449 0.72458 -0.66674
vn -0.18973 0.33699 -0.92219
vn -0.08287 0.39811 0.91359
vn 0.00929 0.42268 0.90623
vn 0.46468 -0.12094 -0.87718
vn 0.65978 -0.21284 -0.72068
vn 0.92216 -0.07730 -0.37901
vn 0.87629 0.26204 0.40429
vn 0.55485 -0.06839 0.82913
vn -0.18693 0.67434 -0.71437
vn 0.04365 0.61426 -0.78790
vn -0.28328 -0.19035 0.93996
vn -0.16262 -0.18700 0.96881
vn -0.31579 -0.16122 -0.93503
vn 0.56637 -0.34343 -0.74919
vn 0.34475 0.06523 0.93643
vn -0.18557 0.66655 -0.72199
vn -0.04286 0.30769 -0.95052
vn -0.38477 -0.47647 0.79053
vn -0.16888 -0.80574 0.56769
vn -0.11285 -0.26086 0.95876
vn 0.41150 -0.10133 -0.90576
vn 0.46800 0.55117 -0.69079
vn 0.55917 -0.29298 0.77556
vn -0.02511 -0.27393 -0.96142
vn -0.19711 -0.08852 0.97638
vn -0.11846 0.10641 0.98724
vn 0.64441 0.08972 -0.75940
vn 0.55642 0.54185 -0.62992
vn 0.95789 -0.18060 -0.22323
vn 0.83461 0.53622 0.12609
vn 0.37997 -0.18544 -0.90622
vn 0.59357 -0.23438 -0.76990
vn -0.07796 0.03058 0.99649
vn -0.16189 -0.23544 0.95831
vn 0.54958 -0.54512 -0.63309
vn 0.78407 -0.59178 -0.18718
vn 0.95963 -0.28126 0.00133
vn 0.84734 0.07350 0.52593
vn 0.36096 -0.16388 -0.91807
vn 0.19120 -0.10899 -0.97548
vn 0.09108 -0.23630 0.96740
vn 0.37795 -0.20036 -0.90389
vn 0.83008 0.37790 -0.41006
vn 0.95379 0.21312 0.21179
vn 0.82473 0.13312 0.54964
vn 0.55605 0.20203 -0.80622
vn 0.72236 0.15619 -0.67364
vn -0.19142 0.21964 0.95662
vn 0.68337 0.35510 -0.63790
vn 0.90071 -0.21228 -0.37902
vn 0.99215 -0.12254 0.02514
vn 0.68188 0.00653 0.73143
vn 0.05393 -0.62018 -0.78260
vn 0.32309 -0.69397 -0.64345
vn 0.52195 -0.61043 -0.59578
vn 0.48498 -0.35069 0.80113
vn 0.51513 0.13115 -0.84702
vn 0.85170 -0.10998 -0.51235
vn 0.81289 -0.14283 0.56464
vn 0.38466 -0.19959 0.90122
vn -0.10351 -0.20749 -0.97274
vn -0.23707 -0.21874 0.94655
vn -0.07415 -0.68020 -0.72927
vn 0.77353 -0.30490 -0.55560
vn 0.70368 -0.40400 0.58448
vn 0.58307 -0.55928 0.58927
vn 0.28918 -0.74215 0.60464
vn 0.08032 0.01109 -0.99671
vn -0.57523 -0.47047 0.66916
vn -0.19379 -0.39559 0.89775
vn 0.11675 -0.48796 -0.86502
vn 0.49446 -0.56542 0.66016
vn 0.33055 -0.40434 0.85279
vn 0.07289 -0.53006 0.84482
vn 0.46453 -0.68658 -0.55930
vn 0.66345 -0.35361 -0.65939
vn -0.60801 0.06083 0.79160
vn -0.49990 -0.05005 0.86463
vn 0.56088 -0.38736 -0.73169
vn 0.26472 -0.64932 -0.71296
vn 0.46739 -0.50767 0.72376
vn 0.36651 -0.56017 0.74288
vn 0.61570 -0.52838 -0.58457
vn 0.52415 -0.53416 -0.66328
vn 0.29925 -0.73007 -0.61436
vn -0.09414 -0.62817 0.77236
vn -0.21679 -0.56178 0.79837
vn 0.29599 -0.26763 -0.91693
vn 0.04256 -0.31246 -0.94898
vn 0.58344 -0.13932 0.80012
vn 0.13708 -0.39849 0.90687
vn 0.30800 -0.73020 -0.60987
vn 0.21650 -0.87377 -0.43549
vn 0.59868 -0.49630 -0.62870
vn -0.19076 -0.95066 0.24467
vn -0.08708 -0.94483 0.31579
vn 0.03234 -0.97360 0.22594
vn 0.52514 -0.22791 -0.81993
vn 0.68471 -0.49141 -0.53822
vn 0.56776 -0.34306 0.74830
vn 0.17196 -0.24818 0.95333
vn 0.12356 -0.65178 -0.74828
vn 0.36543 -0.74341 -0.56019
vn -0.17304 -0.66876 0.72306
vn 0.21646 -0.18862 0.95790
vn 0.61606 -0.42775 -0.66144
vn -0.05417 -0.21699 -0.97467
vn 0.32250 -0.37223 0.87031
vn 0.56000 -0.47815 0.67659
vn 0.02294 0.23494 -0.97174
vn 0.32782 0.05704 -0.94302
vn -0.16589 -0.76858 0.61787
vn -0.03873 -0.94774 0.31668
vn 0.37144 -0.25738 -0.89207
vn 0.29662 0.06120 -0.95303
vn -0.10508 0.82387 0.55696
vn -0.09291 0.96353 0.25094
vn -0.04811 0.99871 0.01642
vn -0.01767 0.99933 0.03214
vn 0.10384 0.99379 -0.04002
vn 0.14690 0.98682 0.06787
vn 0.10478 0.99128 0.07987
vn 0.19944 0.92353 -0.32759
vn 0.24531 0.75810 -0.60425
vn 0.03576 0.81965 0.57174
vn -0.01014 0.99959 0.02678
vn 0.02849 0.99856 0.04550
vn 0.10109 0.99444 0.02956
vn 0.09777 0.89181 -0.44173
vn -0.06036 0.87907 -0.47285
vn -0.48509 0.48266 0.72920
vn 0.29837 0.42527 -0.85447
vn 0.06261 0.68432 -0.72649
vn -0.00947 0.25558 0.96674
vn -0.61210 0.12660 -0.78058
vn 0.25578 0.62823 0.73478
vn 0.02794 0.40157 0.91540
vn 0.16486 0.63453 -0.75511
vn -0.10759 0.21099 0.97155
vn 0.02715 0.69667 0.71688
vn -0.22106 0.20356 -0.95378
vn 0.00802 0.42261 0.90627
vn 0.10374 0.53133 0.84079
vn 0.04138 -0.11117 -0.99294
vn 0.09733 -0.00421 0.99524
vn 0.37080 0.29139 -0.88181
vn 0.49364 0.41985 -0.76160
vn -0.33757 0.75238 0.56566
vn 0.21498 -0.35775 -0.90873
vn 0.50469 0.06411 -0.86091
vn 0.68570 0.18312 0.70447
vn 0.02045 0.11414 0.99325
vn -0.01472 0.73563 -0.67722
vn -0.21524 0.51758 -0.82812
vn -0.47852 -0.30309 0.82411
vn 0.23232 0.54338 -0.80670
vn 0.49756 0.05953 -0.86538
vn -0.19464 -0.01063 0.98082
vn -0.06630 0.20346 0.97684
vn 0.09154 0.48138 -0.87172
vn -0.27321 -0.19205 0.94259
vn -0.43028 -0.68036 0.59326
vn -0.05541 -0.31587 -0.94718
vn -0.11852 0.35165 0.92860
vn 0.36136 -0.30553 -0.88095
vn 0.14609 -0.59908 -0.78725
vn -0.49377 -0.47989 0.72519
vn -0.33055 0.52629 -0.78342
vn -0.01575 0.23620 -0.97158
vn -0.18393 -0.34851 0.91908
vn -0.23203 -0.16482 -0.95864
vn -0.16894 -0.60749 -0.77616
vn -0.19838 0.07908 0.97693
vn -0.28948 -0.41099 0.86446
vn -0.16246 -0.70003 -0.69538
vn 0.02390 0.01633 -0.99958
vn -0.23163 0.01516 0.97269
vn -0.11173 0.08018 -0.99050
vn -0.55777 0.08904 0.82521
vn -0.51100 -0.11629 0.85168
vn -0.00039 -0.19227 -0.98134
vn 0.02489 -0.00758 0.99966
vn -0.25760 -0.15740 -0.95335
vn -0.63122 -0.04466 0.77432
vn -0.33337 -0.04023 0.94194
vn 0.16487 -0.37013 -0.91423
vn 0.21727 0.12382 0.96823
vn -0.24606 -0.50092 -0.82978
vn -0.30352 -0.67450 -0.67300
vn -0.20796 -0.39125 0.89648
vn 0.20881 0.47865 -0.85281
vn -0.02979 -0.31694 0.94798
vn -0.28098 -0.10936 -0.95346
vn -0.41087 -0.37378 -0.83155
vn 0.08155 0.20602 0.97514
vn -0.02590 -0.58716 -0.80906
vn 0.41542 -0.06170 0.90754
vn -0.05696 -0.76423 0.64242
vn 0.24426 -0.59036 -0.76930
vn -0.04356 -0.33025 0.94289
vn 0.52372 -0.49624 0.69244
vn 0.09967 -0.00127 -0.99502
vn 0.12139 -0.13061 0.98398
vn -0.20037 -0.46811 0.86065
vn 0.36894 -0.88600 0.28086
vn 0.18829 -0.73653 -0.64966
vn 0.19941 -0.41153 -0.88931
vn -0.09834 -0.12212 0.98763
vn 0.40465 -0.48044 0.77810
vn -0.28080 -0.35265 -0.89263
vn 0.34088 -0.80972 -0.47765
vn 0.04118 -0.13065 0.99057
vn -0.31286 -0.47861 0.82040
vn 0.49873 -0.49346 -0.71258
vn 0.84083 -0.52092 -0.14717
vn 0.36224 -0.72658 -0.58384
vn 0.38253 -0.74420 0.54757
vn 0.54293 -0.50211 0.67313
vn 0.31260 -0.33088 -0.89039
vn 0.11818 -0.25521 -0.95964
vn -0.16083 -0.64394 0.74798
vn 0.16998 -0.46415 0.86929
vn 0.58775 -0.13848 -0.79711
vn 0.88964 -0.35413 -0.28833
vn 0.48832 -0.67076 0.55823
vn 0.12192 -0.88120 0.45675
vn -0.34625 -0.86369 0.36626
vn 0.64154 -0.43822 -0.62959
vn 0.47123 -0.48028 -0.73978
vn -0.13999 -0.55631 0.81910
vn -0.00011 -0.39986 -0.91657
vn -0.29417 -0.69577 0.65526
vn 0.42802 -0.83905 0.33586
vn 0.58560 -0.80857 0.05741
vn 0.44464 0.22528 -0.86692
vn 0.60205 -0.45660 0.65502
vn 0.90475 -0.36454 0.22031
vn 0.52970 0.33237 -0.78035
vn 0.79832 -0.45407 0.39560
vn 0.75585 -0.64801 0.09365
vn -0.52099 0.84169 0.14184
vn -0.48812 0.79711 0.35546
vn -0.28708 0.94453 0.15955
vn -0.27866 0.95954 -0.04048
vn -0.15380 0.98803 0.01172
vn -0.12620 0.98437 -0.12285
vn -0.09185 0.99468 0.04663
vn -0.05829 0.99452 0.08673
vn -0.27981 0.93325 -0.22527
vn -0.44716 0.75558 -0.47870
vn -0.44435 0.76301 -0.46944
vn 0.09493 0.80258 0.58895
vn 0.05471 0.99167 0.11661
vn 0.06747 0.99771 -0.00495
vn 0.06645 0.99404 -0.08646
vn 0.16437 0.94903 -0.26892
vn 0.02053 0.97579 -0.21776
vn -0.64514 0.03998 0.76302
vn -0.37645 0.13990 0.91581
vn -0.60779 0.73020 -0.31209
vn -0.48886 0.78006 -0.39054
vn 0.04331 0.70222 0.71064
vn 0.07410 0.71272 0.69752
vn 0.17936 0.95097 -0.25196
vn 0.53553 0.20110 -0.82022
vn -0.40004 0.34858 0.84762
vn -0.76541 0.53395 0.35924
vn -0.50119 0.31478 0.80605
vn -0.23476 0.14418 -0.96130
vn -0.61927 0.33015 -0.71240
vn -0.08263 0.46925 0.87919
vn -0.21500 0.65829 0.72141
vn -0.35961 0.29634 -0.88480
vn -0.48552 0.24144 0.84022
vn -0.74587 0.42717 0.51108
vn -0.40725 -0.11089 -0.90656
vn -0.87883 -0.00482 -0.47711
vn -0.38568 0.13885 0.91213
vn -0.70583 0.23996 0.66650
vn -0.24102 0.13829 -0.96062
vn -0.09255 0.62065 -0.77861
vn -0.21671 0.22972 0.94882
vn -0.40945 0.17182 -0.89601
vn -0.57349 0.06508 -0.81662
vn -0.48013 0.39300 0.78424
vn -0.53582 0.30852 0.78595
vn 0.27940 0.87493 -0.39553
vn 0.11923 -0.22241 -0.96764
vn -0.10614 0.05424 0.99287
vn 0.04047 -0.03323 -0.99863
vn -0.46615 -0.12135 -0.87634
vn -0.94081 0.14115 0.30816
vn -0.58088 -0.10456 0.80724
vn -0.29561 0.18517 0.93719
vn 0.45488 -0.35519 -0.81666
vn 0.39974 -0.25586 -0.88019
vn 0.11482 -0.72107 0.68329
vn 0.07186 -0.46813 0.88073
vn -0.08925 -0.36911 -0.92509
vn -0.47770 0.77438 -0.41489
vn -0.91317 -0.09242 0.39697
vn -0.47586 0.58748 0.65454
vn 0.55602 -0.06731 -0.82844
vn 0.76472 -0.07037 -0.64051
vn 0.10193 -0.61203 0.78424
vn -0.51152 0.32642 -0.79485
vn -0.82372 0.19490 -0.53244
vn -0.97025 0.08250 0.22761
vn -0.58996 -0.43949 0.67734
vn 0.39914 -0.14049 -0.90606
vn 0.08939 -0.39974 0.91226
vn -0.03328 0.26734 0.96303
vn -0.58367 -0.41891 -0.69559
vn -0.78322 -0.29417 -0.54775
vn -0.87986 -0.37104 0.29695
vn -0.58818 -0.14943 0.79480
vn 0.69615 -0.27100 -0.66479
vn 0.49194 -0.19848 -0.84770
vn -0.29901 0.57103 0.76454
vn -0.09703 0.45735 0.88398
vn -0.42967 -0.30138 -0.85121
vn -0.97223 -0.05884 -0.22650
vn -0.92063 0.38767 -0.04647
vn -0.86341 -0.00000 0.50449
vn 0.72872 0.21766 -0.64930
vn 0.82815 0.16024 -0.53712
vn 0.21819 -0.42816 0.87697
vn 0.25076 -0.55872 0.79054
vn -0.72362 0.33735 -0.60214
vn -0.96178 -0.05014 -0.26918
vn -0.85813 -0.30259 0.41480
vn -0.71928 0.18650 0.66921
vn -0.18063 -0.32308 -0.92897
vn 0.63504 -0.20231 -0.74552
vn 0.22711 -0.38626 0.89399
vn -0.66197 0.24365 -0.70883
vn -0.93590 -0.10873 0.33506
vn -0.95165 0.06181 -0.30089
vn -0.71724 0.11822 0.68673
vn 0.36214 -0.81957 -0.44402
vn 0.35378 -0.51988 -0.77754
vn 0.53876 -0.25576 0.80270
vn 0.42691 -0.27633 0.86104
vn -0.31711 -0.51228 -0.79813
vn -0.92902 0.18664 -0.31951
vn -0.92992 -0.18288 0.31906
vn -0.69760 -0.70477 0.12904
vn -0.14601 -0.83727 0.52694
vn 0.02116 -0.30510 -0.95209
vn 0.23537 -0.40898 -0.88167
vn 0.68533 -0.14917 0.71279
vn 0.73040 -0.30232 0.61247
vn -0.42689 -0.24503 -0.87047
vn -0.81078 -0.48494 -0.32783
vn -0.80930 -0.38507 0.44358
vn -0.64580 -0.31595 0.69507
vn -0.26508 -0.96192 0.06670
vn 0.06534 -0.45369 -0.88876
vn 0.45659 -0.34299 -0.82090
vn 0.75736 -0.07818 0.64830
vn 0.53954 -0.39113 0.74559
vn 0.28664 -0.89843 -0.33266
vn 0.11856 -0.83745 -0.53349
vn -0.36966 -0.39760 0.83980
vn -0.09698 -0.56279 0.82089
vn -0.12775 -0.78082 -0.61156
vn -0.31618 -0.79840 -0.51244
vn 0.33964 -0.83205 0.43855
vn 0.25811 -0.71506 0.64967
vn 0.15614 -0.80853 0.56736
vn 0.20617 -0.43211 -0.87794
vn -0.52326 -0.45559 -0.72017
vn 0.53197 -0.63654 0.55842
vn 0.64983 -0.38450 -0.65565
vn 0.26083 -0.66268 -0.70202
vn 0.47800 -0.72191 0.50036
vn 0.17669 -0.66233 0.72808
vn 0.22941 -0.65866 0.71661
vn -0.52213 0.10336 -0.84658
vn -0.72386 -0.13477 -0.67665
vn 0.69375 0.68599 -0.21937
vn 0.47343 0.70243 -0.53147
vn 0.03579 -0.95912 0.28071
vn -0.10000 -0.97147 -0.21504
vn 0.04784 -0.93028 0.36372
vn -0.17436 -0.74842 -0.63990
vn -0.35106 0.93560 0.03745
vn -0.36367 0.93043 -0.04527
vn -0.22537 0.61893 0.75242
vn -0.16495 0.98329 0.07700
vn -0.37522 0.90224 0.21254
vn -0.38814 0.91526 -0.10792
vn -0.37315 0.92614 -0.05503
vn -0.30692 0.94837 -0.07990
vn -0.37632 0.92276 0.08301
vn -0.33319 0.94237 0.03039
vn -0.26008 0.96494 0.03545
vn -0.41845 0.85758 -0.29908
vn -0.54909 0.66895 -0.50101
vn -0.69630 0.60827 -0.38102
vn -0.43040 0.85942 0.27595
vn -0.29863 0.90908 0.29049
vn -0.08779 0.99576 0.02744
vn 0.04063 0.99872 -0.03012
vn 0.22687 0.94005 -0.25464
vn 0.27435 0.90902 -0.31372
vn -0.14621 0.57592 0.80433
vn -0.32888 0.43492 0.83826
vn -0.65497 0.52834 -0.54025
vn -0.58566 0.06612 -0.80786
vn -0.83500 0.30114 0.46053
vn -0.76730 0.36138 0.52978
vn -0.57251 0.25259 0.78002
vn 0.24712 0.87596 -0.41428
vn 0.22826 0.97129 -0.06703
vn -0.10557 0.58226 -0.80612
vn -0.10591 0.19484 0.97510
vn -0.41195 0.66325 0.62481
vn -0.43757 0.22228 -0.87128
vn -0.71682 0.50001 -0.48597
vn -0.74005 0.67255 -0.00204
vn -0.69835 0.68063 0.22146
vn -0.44647 0.65737 0.60707
vn 0.43194 -0.04139 -0.90095
vn -0.21058 0.33820 0.91721
vn -0.89429 -0.00408 -0.44747
vn -0.90047 -0.03578 -0.43344
vn -0.88422 0.30194 0.35634
vn -0.23418 0.34656 0.90833
vn 0.56210 -0.17174 -0.80904
vn 0.32829 0.42809 -0.84200
vn -0.06825 0.10077 0.99257
vn -0.99347 0.07716 -0.08408
vn -0.99818 0.00044 -0.06033
vn -0.66819 0.59915 0.44106
vn 0.62002 0.62574 -0.47332
vn 0.76167 0.52731 -0.37656
vn 0.09057 -0.47100 0.87747
vn -0.65522 -0.24628 -0.71417
vn -0.93053 0.27233 -0.24484
vn -0.87746 0.45349 0.15623
vn -0.83267 -0.01243 0.55363
vn 0.65167 0.11172 -0.75023
vn 0.74743 -0.20139 -0.63307
vn -0.10174 -0.46789 0.87791
vn -0.02428 -0.55328 0.83264
vn -0.83346 0.55133 0.03729
vn -0.94396 0.29458 -0.14889
vn -0.95203 -0.11466 -0.28372
vn 0.43933 -0.37266 -0.81738
vn 0.49512 -0.21973 -0.84058
vn 0.17089 -0.81255 0.55729
vn -0.78927 0.46552 -0.40042
vn -0.84773 0.49679 -0.18586
vn 0.70109 -0.17805 -0.69049
vn 0.82535 0.10501 -0.55477
vn -0.28634 0.04897 0.95688
vn -0.23472 0.11951 0.96469
vn -0.86149 -0.50457 0.05702
vn -0.89413 -0.28465 0.34569
vn 0.61997 -0.12033 -0.77535
vn 0.65073 -0.41123 -0.63831
vn 0.28582 0.28296 0.91556
vn 0.04929 0.52426 0.85013
vn -0.97722 -0.17941 0.11341
vn -0.90166 0.42200 -0.09452
vn -0.86773 -0.16597 0.46851
vn 0.24988 0.14867 -0.95680
vn 0.62498 0.23588 -0.74415
vn -0.00742 -0.41697 0.90889
vn -0.39706 -0.48800 0.77730
vn -0.97817 -0.14945 0.14438
vn -0.97614 -0.14292 0.16350
vn 0.42042 0.73291 -0.53487
vn 0.57355 0.26138 -0.77635
vn -0.38490 -0.54540 0.74458
vn -0.35788 0.11719 -0.92639
vn 0.65206 -0.46828 -0.59626
vn -0.22191 -0.63338 0.74134
vn 0.03268 -0.46426 0.88509
vn -0.86408 -0.20115 -0.46142
vn -0.87732 -0.35551 0.32237
vn -0.93413 -0.31630 -0.16542
vn -0.13258 0.46357 -0.87608
vn 0.31086 -0.13648 -0.94061
vn 0.43537 -0.30156 0.84824
vn 0.41913 -0.54036 0.72962
vn -0.75732 -0.38065 -0.53064
vn -0.76654 -0.61100 -0.19771
vn -0.82459 -0.55906 0.08661
vn -0.72938 -0.62695 -0.27376
vn -0.54000 -0.47598 0.69414
vn -0.12891 -0.79250 -0.59609
vn 0.68904 -0.61891 -0.37705
vn 0.75955 -0.64079 0.11169
vn 0.22897 -0.64728 0.72705
vn 0.33689 -0.59092 0.73302
vn 0.37919 -0.76451 0.52128
vn -0.81553 -0.25599 -0.51901
vn -0.44656 -0.80299 -0.39471
vn -0.62004 -0.77250 -0.13708
vn -0.63330 -0.57448 -0.51856
vn -0.48552 -0.86096 0.15172
vn -0.54408 -0.49182 0.67978
vn -0.46697 -0.85087 0.24074
vn 0.66674 -0.44880 -0.59501
vn 0.58094 -0.76078 -0.28935
vn 0.53792 -0.72463 -0.43075
vn 0.58043 -0.45683 0.67409
vn 0.72144 -0.30242 0.62295
vn 0.54543 -0.57770 0.60726
vn -0.88143 -0.15527 -0.44606
vn -0.72230 0.01358 -0.69144
vn -0.49962 -0.61205 0.61301
vn -0.25105 -0.95718 0.14414
vn 0.32337 -0.92478 -0.20055
vn 0.19577 -0.67561 -0.71079
vn 0.42060 -0.70155 0.57526
vn 0.52692 -0.69221 0.49316
vn 0.70832 -0.57160 0.41420
vn -0.62120 -0.32205 -0.71442
vn -0.74213 0.06340 -0.66726
vn 0.40974 -0.63906 0.65093
vn 0.67005 -0.68398 0.28846
vn 0.31864 -0.90864 0.26988
vn -0.44299 -0.84155 -0.30911
vn -0.16108 -0.89667 -0.41234
vn -0.18442 0.90906 0.37363
vn -0.20664 0.94416 0.25665
vn -0.32226 0.94472 -0.06042
vn -0.28455 0.95484 -0.08556
vn -0.30619 0.94578 -0.10839
vn -0.22676 0.97383 -0.01537
vn -0.18973 0.98183 -0.00404
vn -0.13091 0.99012 -0.05029
vn -0.03053 0.99231 -0.11994
vn -0.25630 0.51799 0.81609
vn -0.34866 0.91020 0.22356
vn -0.29839 0.86588 0.40152
vn -0.40513 0.90980 -0.09020
vn -0.42106 0.90234 -0.09219
vn -0.38783 0.91691 -0.09415
vn -0.33634 0.94054 0.04743
vn -0.24693 0.96869 0.02592
vn -0.29688 0.95491 0.00061
vn -0.14713 0.97431 -0.17048
vn -0.14027 0.94654 -0.29048
vn -0.46531 0.65099 -0.59975
vn -0.81832 0.56756 -0.09074
vn -0.44482 0.83656 0.31985
vn -0.33012 0.94232 0.05522
vn -0.04503 0.99872 0.02319
vn -0.01621 0.99809 -0.05967
vn 0.06060 0.98345 -0.17076
vn 0.12884 0.95276 -0.27505
vn -0.17409 0.79794 0.57705
vn -0.06512 0.44395 0.89368
vn -0.92608 0.18820 -0.32703
vn -0.83232 0.55096 -0.06063
vn -0.81135 0.16662 0.56031
vn -0.92522 0.17074 0.33884
vn 0.15030 0.88264 -0.44538
vn 0.27631 0.94622 -0.16829
vn 0.76196 0.08606 -0.64188
vn -0.17696 0.13839 0.97444
vn -0.87930 0.47299 -0.05578
vn -0.88748 0.45082 -0.09561
vn -0.88428 0.41737 0.20943
vn 0.37096 0.24038 -0.89700
vn 0.59866 0.26951 -0.75430
vn -0.09573 0.15774 0.98283
vn 0.11699 0.14784 -0.98207
vn -0.00959 -0.01799 0.99979
vn -0.14313 0.08683 -0.98589
vn 0.42279 -0.39020 0.81792
vn -0.18453 0.10035 -0.97769
vn 0.30364 -0.66226 0.68499
vn 0.29613 -0.65696 0.69334
vn 0.41900 -0.41683 -0.80665
vn 0.23176 -0.60695 0.76020
vn 0.50219 -0.49114 0.71175
vn 0.25167 -0.08928 -0.96369
vn 0.41234 -0.37943 -0.82826
vn 0.27632 0.08403 0.95739
vn 0.57498 -0.08527 0.81371
vn 0.13398 0.18130 -0.97426
vn 0.29361 0.36950 -0.88163
vn 0.68776 -0.00496 0.72592
vn 0.55036 0.01650 0.83476
vn 0.51176 -0.36618 -0.77719
vn 0.69391 -0.28480 -0.66134
vn 0.59795 -0.11894 0.79266
vn 0.53625 -0.06586 0.84148
vn 0.57919 0.17895 -0.79531
vn 0.49902 0.04859 -0.86522
vn 0.46379 -0.24191 0.85228
vn -0.01576 0.12755 -0.99171
vn -0.02013 0.14011 -0.98993
vn -0.26851 -0.55410 0.78795
vn -0.32314 -0.71003 0.62565
vn -0.07000 -0.31978 -0.94490
vn 0.14420 0.09716 -0.98477
vn 0.01399 -0.69917 0.71481
vn 0.22643 -0.51397 0.82738
vn -0.62397 -0.78079 -0.03209
vn -0.64064 -0.76726 -0.02995
vn 0.18207 -0.98279 0.03125
vn 0.07946 -0.98007 0.18206
vn -0.56600 -0.52916 -0.63217
vn -0.31021 -0.87233 -0.37789
vn 0.47025 -0.66098 0.58478
vn 0.34170 -0.71829 0.60606
vn -0.60000 -0.70540 -0.37737
vn -0.42875 -0.86435 -0.26282
vn -0.49055 -0.87016 -0.04675
vn -0.72283 -0.60793 0.32855
vn -0.70183 -0.10857 0.70403
vn 0.68534 -0.64493 -0.33819
vn 0.67202 -0.66619 -0.32338
vn 0.06774 -0.98212 0.17563
vn -0.38939 -0.86589 -0.31402
vn 0.18896 -0.72519 0.66212
vn 0.34581 -0.54699 0.76238
vn -0.48960 -0.48815 -0.72250
vn -0.50595 0.22468 -0.83279
vn -0.91472 -0.26186 -0.30776
vn -0.93814 -0.02581 0.34530
vn -0.85813 -0.51160 -0.04341
vn -0.45087 -0.87648 0.16882
vn 0.13378 -0.41012 -0.90217
vn 0.20525 -0.77299 0.60030
vn 0.41717 -0.88904 0.18862
vn 0.60095 -0.48246 0.63725
vn -0.32760 -0.41683 -0.84790
vn -0.57667 -0.49905 -0.64684
vn -0.69896 -0.58232 -0.41516
vn -0.94976 -0.26265 -0.17022
vn -0.69560 -0.30860 -0.64877
vn 0.69663 -0.60255 0.38940
vn 0.28518 -0.78360 0.55195
vn -0.26956 -0.96094 0.06276
vn -0.39399 -0.65786 -0.64186
vn -0.64161 -0.59368 -0.48567
vn 0.03496 0.99917 -0.02081
vn -0.04110 0.99770 0.05386
vn -0.03192 0.96586 0.25708
vn -0.05381 0.99816 -0.02803
vn -0.08496 0.99508 -0.05101
vn -0.05283 0.98822 -0.14366
vn -0.06401 0.99612 0.06041
vn -0.15925 0.98677 -0.03050
vn -0.08423 0.98833 -0.12693
vn -0.07625 0.99381 -0.08078
vn -0.06004 0.16741 0.98406
vn -0.12572 0.63650 0.76096
vn -0.15347 0.98815 0.00013
vn -0.06933 0.98592 -0.15216
vn -0.05706 0.96741 -0.24671
vn -0.15428 0.97987 -0.12673
vn -0.31896 0.93610 -0.14827
vn -0.12484 0.99217 0.00279
vn -0.05826 0.99661 -0.05810
vn 0.03394 0.99825 -0.04836
vn 0.42242 0.86718 -0.26375
vn 0.29921 0.91986 -0.25364
vn 0.29973 0.92426 -0.23644
vn -0.13322 0.30518 0.94293
vn -0.18192 0.07066 0.98077
vn 0.72318 0.52788 -0.44537
vn 0.65061 0.75937 -0.00824
vn 0.37597 0.86634 -0.32879
vn 0.28908 0.81673 -0.49939
vn 0.20586 0.06865 0.97617
vn 0.20037 0.21660 -0.95548
vn 0.35475 0.10229 -0.92935
vn 0.45163 0.38250 0.80606
vn 0.25831 0.31553 -0.91308
vn 0.26099 0.58348 -0.76905
vn 0.02225 0.11363 0.99327
vn 0.87255 -0.16586 -0.45950
vn 0.64651 0.08194 -0.75849
vn -0.20015 -0.56030 0.80374
vn 0.88937 -0.02034 -0.45674
vn 0.87487 -0.09849 -0.47424
vn -0.08067 -0.34969 0.93339
vn -0.15251 -0.68465 0.71273
vn 0.16679 -0.34786 -0.92259
vn 0.27896 -0.39190 -0.87670
vn -0.16747 -0.52070 0.83716
vn -0.36038 -0.67471 0.64412
vn 0.35851 -0.14063 -0.92287
vn 0.36248 -0.32749 -0.87256
vn -0.32181 -0.37597 0.86895
vn 0.37560 0.03410 -0.92616
vn 0.26959 -0.01343 0.96288
vn 0.38507 -0.26356 -0.88445
vn 0.08639 -0.22031 0.97160
vn 0.04285 0.52220 -0.85175
vn 0.18894 0.22747 0.95528
vn 0.21985 -0.10354 0.97002
vn 0.12587 0.07621 -0.98911
vn 0.12263 0.15735 -0.97990
vn 0.31182 0.03196 0.94960
vn 0.51173 -0.28982 0.80879
vn 0.14073 -0.07411 -0.98727
vn 0.12427 0.07804 -0.98917
vn -0.01346 -0.78710 0.61668
vn -0.09539 -0.55413 0.82694
vn -0.02664 -0.99605 0.08466
vn -0.16660 -0.94235 0.29020
vn 0.32308 -0.56956 -0.75579
vn 0.22086 -0.88808 -0.40317
vn -0.39585 -0.80979 0.43307
vn -0.34343 -0.55992 0.75402
vn -0.23522 -0.26318 -0.93563
vn -0.48731 -0.87322 -0.00350
vn -0.54130 -0.81887 0.19089
vn 0.13449 -0.90202 -0.41021
vn -0.14356 -0.78591 0.60145
vn 0.61222 -0.72130 0.32389
vn 0.09662 -0.89413 0.43726
vn -0.28523 -0.82826 0.48231
vn -0.66536 -0.74586 0.03147
vn -0.75537 -0.46076 -0.46595
vn -0.43285 -0.83383 0.34258
vn -0.08311 -0.69263 -0.71648
vn 0.07180 -0.59858 -0.79784
vn 0.84050 -0.45528 0.29375
vn 0.77381 -0.63265 -0.03116
vn 0.15393 -0.62661 0.76398
vn -0.33894 -0.73521 -0.58701
vn -0.73239 -0.39445 -0.55500
vn -0.38455 -0.90721 -0.17054
vn -0.70137 -0.32472 0.63454
vn -0.78484 -0.04695 -0.61792
vn 0.27084 -0.48346 0.83241
vn -0.23769 -0.62469 0.74382
vn 0.02711 -0.62229 -0.78232
vn 0.13330 -0.81610 -0.56233
vn 0.18414 -0.96103 0.20620
vn 0.23888 -0.95687 -0.16533
vn 0.10662 0.99430 -0.00265
vn 0.11997 0.99157 0.04900
vn 0.15880 0.95911 0.23429
vn 0.10093 0.99272 0.06575
vn 0.02898 0.99819 -0.05268
vn -0.06592 0.99218 -0.10599
vn -0.06487 0.99789 -0.00094
vn -0.06663 0.99726 0.03217
vn -0.12814 0.98526 -0.11334
vn -0.15103 0.97848 -0.14058
vn -0.16335 0.95934 -0.23020
vn -0.02341 0.19740 0.98004
vn 0.39965 0.66819 0.62753
vn 0.21651 0.96996 0.11090
vn 0.15314 0.91645 0.36969
vn -0.04753 0.97869 -0.19975
vn -0.14746 0.97355 -0.17453
vn -0.01718 0.98352 -0.17999
vn -0.04940 0.99403 -0.09724
vn -0.06180 0.99752 -0.03369
vn 0.03529 0.97493 -0.21967
vn 0.42703 0.88336 -0.19318
vn 0.47579 0.76453 -0.43487
vn -0.00763 0.18926 0.98190
vn 0.30594 0.10662 0.94606
vn 0.62267 0.63883 -0.45187
vn 0.60230 0.67349 -0.42854
vn 0.69098 0.71974 0.06724
vn 0.38013 0.90323 0.19917
vn 0.20473 0.80785 -0.55269
vn 0.29275 0.09864 0.95109
vn 0.34705 -0.01390 0.93774
vn 0.01883 0.25042 -0.96795
vn -0.14617 0.47063 0.87014
vn 0.20362 -0.02338 -0.97877
vn 0.64194 0.17598 -0.74629
vn -0.03318 0.07709 0.99647
vn 0.52186 -0.19129 -0.83131
vn 0.77362 -0.07217 -0.62953
vn 0.22971 -0.67080 0.70517
vn 0.36866 -0.41466 -0.83195
vn 0.57838 -0.18865 -0.79366
vn 0.76720 0.09052 -0.63499
vn 0.28022 -0.58796 0.75881
vn 0.29207 -0.52466 0.79964
vn 0.37457 0.17245 -0.91102
vn 0.90085 0.08069 -0.42657
vn 0.75628 0.07285 -0.65018
vn 0.13595 -0.67564 0.72458
vn 0.15218 -0.28743 0.94563
vn 0.59242 0.17599 -0.78617
vn 0.47135 0.13497 -0.87156
vn 0.17290 -0.44363 0.87938
vn 0.33721 -0.45826 -0.82237
vn 0.40459 -0.42677 -0.80881
vn 0.02848 -0.70359 0.71004
vn 0.28011 -0.59610 0.75247
vn 0.19287 -0.12071 -0.97377
vn 0.42860 -0.17308 -0.88676
vn 0.42559 0.02496 0.90457
vn 0.62334 0.12848 0.77133
vn 0.04033 0.51818 -0.85432
vn 0.10678 0.38868 -0.91517
vn -0.09850 -0.14221 0.98492
vn 0.58692 -0.35416 0.72808
vn 0.29956 0.41420 -0.85948
vn 0.45051 -0.20149 0.86973
vn 0.38450 -0.53123 0.75495
vn 0.45591 -0.67452 -0.58067
vn 0.50041 -0.79645 -0.33950
vn 0.24627 -0.60880 0.75413
vn 0.42610 -0.47519 0.76983
vn 0.72874 -0.67578 -0.11074
vn 0.13047 -0.45724 -0.87972
vn 0.39278 -0.88823 -0.23829
vn 0.29697 -0.66276 0.68743
vn 0.57488 -0.74903 0.32934
vn 0.76847 -0.54881 0.32902
vn 0.82108 -0.36738 0.43687
vn 0.19151 -0.77774 -0.59870
vn -0.23962 -0.92558 -0.29306
vn -0.07174 -0.99014 -0.12028
vn 0.47231 -0.82668 0.30580
vn -0.05255 -0.74451 -0.66554
vn 0.37956 -0.87511 0.30019
vn 0.37150 -0.89139 0.25963
vn -0.24828 -0.74035 0.62469
vn -0.30334 -0.82280 0.48060
vn 0.24405 -0.56331 -0.78938
vn 0.52394 -0.55511 -0.64602
vn -0.42348 -0.84520 0.32604
vn -0.30426 -0.80696 0.50620
vn 0.04315 -0.80271 -0.59481
vn 0.25677 -0.96371 -0.07295
vn -0.25252 -0.91615 -0.31128
vn -0.19430 -0.87928 0.43487
vn 0.29180 0.06023 -0.95458
vn -0.65418 -0.45093 0.60721
vn -0.09910 -0.67255 0.73339
vn -0.31249 -0.52399 -0.79233
vn -0.36225 -0.86327 -0.35149
vn 0.03105 -0.97621 0.21458
vn 0.01087 -0.99973 0.02072
vn 0.07218 0.97661 0.20256
vn 0.08733 0.98622 0.14052
vn 0.06063 0.99761 -0.03299
vn 0.09042 0.99589 0.00454
vn 0.01629 0.99920 -0.03658
vn 0.03509 0.99521 0.09125
vn -0.04296 0.99881 -0.02318
vn -0.05708 0.98628 -0.15489
vn 0.00867 0.96083 -0.27701
vn 0.14855 0.66658 0.73048
vn -0.05855 0.99780 0.03108
vn 0.04378 0.94441 0.32584
vn 0.05706 0.94071 -0.33439
vn 0.07706 0.97281 -0.21842
vn 0.07312 0.99712 -0.02036
vn 0.03001 0.99531 -0.09198
vn 0.09591 0.82951 -0.55019
vn 0.16961 0.82364 -0.54116
vn 0.21917 0.19860 0.95526
vn 0.03609 0.75773 -0.65157
vn 0.17993 0.66652 -0.72345
vn 0.24512 0.79540 -0.55431
vn -0.19306 0.97717 0.08870
vn 0.66721 0.58831 -0.45687
vn 0.61299 0.45795 0.64383
vn 0.19344 0.38019 0.90445
vn 0.08354 0.13013 0.98797
vn 0.13397 0.95844 -0.25187
vn 0.61933 0.76396 0.18109
vn 0.22464 0.83157 -0.50797
vn 0.50492 0.39893 0.76545
vn 0.66554 0.58250 0.46663
vn 0.78159 0.27843 0.55820
vn 0.76657 -0.14897 -0.62464
vn 0.68549 -0.46138 -0.56324
vn 0.70995 -0.07917 0.69979
vn 0.61487 -0.36948 -0.69672
vn 0.61684 -0.29903 -0.72807
vn 0.39618 -0.26405 0.87938
vn 0.64908 -0.07044 -0.75745
vn 0.65748 -0.10684 -0.74586
vn -0.27825 -0.26895 0.92209
vn 0.03363 -0.84079 0.54031
vn 0.23423 -0.83260 0.50191
vn 0.79968 -0.32685 -0.50367
vn 0.77871 -0.17849 -0.60146
vn 0.50922 -0.57858 0.63714
vn 0.37051 -0.66801 0.64536
vn 0.05918 -0.62274 0.78019
vn 0.76025 0.05975 -0.64688
vn 0.84444 0.02467 -0.53508
vn 0.72514 0.18597 -0.66301
vn 0.81873 0.01421 0.57400
vn 0.40432 -0.24810 0.88033
vn 0.86037 0.16581 -0.48195
vn 0.79965 0.16755 -0.57662
vn 0.73499 0.06561 -0.67490
vn 0.54933 -0.53737 0.63989
vn 0.42870 -0.51593 0.74164
vn -0.02792 -0.26751 0.96315
vn 0.24967 0.15016 -0.95662
vn 0.65760 -0.02823 0.75284
vn -0.01379 -0.13354 0.99095
vn 0.79773 0.20865 -0.56576
vn 0.15603 0.21902 -0.96316
vn 0.44219 -0.06555 0.89452
vn 0.51388 -0.07744 0.85436
vn 0.64304 -0.70610 -0.29651
vn 0.62593 -0.72464 -0.28828
vn 0.31281 0.11542 -0.94278
vn 0.37836 -0.18646 0.90668
vn 0.62445 -0.18725 0.75828
vn 0.77041 -0.52305 -0.36454
vn 0.67326 -0.39261 -0.62657
vn 0.91790 -0.31484 -0.24152
vn 0.78739 -0.43081 -0.44092
vn -0.07923 -0.36405 0.92800
vn 0.79272 -0.51303 -0.32923
vn 0.82794 -0.46453 -0.31421
vn 0.94158 -0.20109 0.27017
vn 0.81544 -0.49408 -0.30158
vn 0.80152 -0.37246 -0.46780
vn 0.05290 -0.91161 0.40764
vn 0.34283 -0.87780 0.33456
vn 0.12195 -0.97917 -0.16233
vn 0.61647 -0.63656 0.46342
vn 0.46703 -0.49678 0.73150
vn 0.45762 -0.46038 -0.76068
vn 0.77442 -0.62862 -0.07152
vn 0.56987 -0.69859 -0.43270
vn 0.35911 -0.86565 -0.34883
vn 0.71800 0.13970 0.68188
vn 0.75164 0.30586 0.58436
vn -0.30461 -0.40010 -0.86437
vn 0.40186 -0.21634 0.88978
vn -0.01356 -0.89198 0.45188
vn 0.91724 -0.35026 -0.18971
vn -0.52097 0.31561 -0.79308
vn -0.94657 -0.31899 0.04741
vn -0.50271 -0.82697 0.25178
vn 0.09121 -0.60294 -0.79255
vn 0.13733 -0.68208 -0.71826
vn 0.49920 -0.69245 0.52088
vn 0.24495 -0.79596 0.55357
vn 0.72867 -0.55644 -0.39927
vn -0.26437 -0.20819 -0.94168
vn -0.46315 -0.86986 0.16979
vn 0.07851 -0.99593 -0.04429
vn 0.21591 -0.96748 -0.13180
vn -0.03307 -0.98515 0.16845
vn -0.01764 -0.99650 0.08177
vn 0.17393 0.97067 0.16599
vn 0.25714 0.95895 0.11951
vn 0.21862 0.97451 0.05027
vn 0.12306 0.99168 0.03779
vn 0.10517 0.99417 0.02367
vn 0.05290 0.99102 0.12280
vn 0.07638 0.99690 -0.01896
vn 0.02820 0.97720 -0.21044
vn 0.04158 0.94511 -0.32409
vn 0.19426 0.56902 0.79905
vn 0.34322 0.92822 0.14357
vn 0.21424 0.95524 0.20400
vn 0.23515 0.96955 0.06843
vn 0.22994 0.96796 0.10093
vn 0.07536 0.94635 -0.31423
vn 0.03949 0.98263 -0.18134
vn 0.01879 0.99943 -0.02806
vn 0.11984 0.99249 0.02438
vn 0.11447 0.87630 -0.46796
vn 0.12425 0.85751 -0.49924
vn 0.40025 0.08312 0.91263
vn -0.02048 0.83296 -0.55295
vn -0.07419 0.73584 -0.67307
vn -0.16038 0.90047 -0.40426
vn 0.40501 -0.07712 0.91106
vn -0.25066 0.95188 -0.17633
vn -0.03725 0.99851 0.03990
vn 0.18515 -0.26545 -0.94618
vn 0.76854 0.37759 0.51651
vn 0.72799 0.20315 0.65480
vn 0.28438 0.09554 0.95394
vn 0.64042 -0.28353 -0.71377
vn 0.86376 -0.18435 -0.46897
vn 0.58916 0.03953 0.80705
vn 0.64540 0.61866 0.44801
vn 0.30296 0.15943 0.93957
vn 0.55888 -0.53217 -0.63596
vn 0.56397 -0.55144 -0.61470
vn 0.86642 -0.21305 -0.45158
vn 0.31509 0.06490 0.94684
vn 0.17971 0.00430 0.98371
vn 0.77679 0.09753 -0.62216
vn 0.84827 0.24935 -0.46718
vn 0.86652 0.06229 -0.49524
vn 0.37385 -0.04754 0.92627
vn 0.41690 -0.77237 0.47920
vn 0.25792 -0.74090 0.62011
vn 0.69411 -0.12958 -0.70811
vn 0.64900 -0.45436 -0.61021
vn 0.72912 -0.28655 -0.62151
vn -0.07642 -0.47545 0.87642
vn -0.14124 -0.65074 0.74605
vn 0.78582 -0.13278 -0.60404
vn 0.77829 0.00567 -0.62789
vn -0.08692 -0.52224 0.84836
vn 0.35660 0.00243 -0.93425
vn 0.82219 0.42035 -0.38381
vn 0.71319 0.42755 -0.55548
vn -0.03426 -0.34644 0.93745
vn 0.02689 -0.28223 0.95897
vn 0.74282 0.31136 -0.59268
vn 0.94246 0.25117 -0.22064
vn 0.72126 0.19087 -0.66584
vn 0.03716 -0.09701 0.99459
vn 0.99245 -0.05275 -0.11076
vn 0.53547 0.02571 -0.84416
vn 0.94295 0.12452 -0.30878
vn 0.14224 -0.57825 0.80337
vn 0.99985 -0.00752 0.01580
vn 0.73621 -0.29225 -0.61040
vn 0.92571 0.32778 -0.18873
vn 0.35737 -0.10300 0.92827
vn 0.49284 0.05980 0.86806
vn 0.64345 -0.50938 -0.57141
vn 0.55780 -0.82425 -0.09732
vn 0.62271 -0.75643 -0.20011
vn 0.55225 -0.44895 -0.70246
vn 0.55730 -0.25357 0.79065
vn 0.66008 -0.71506 0.23020
vn 0.68788 -0.69020 -0.22459
vn 0.60008 -0.51524 0.61190
vn 0.41146 -0.49863 -0.76293
vn 0.63789 -0.43289 -0.63695
vn 0.83323 -0.39782 -0.38401
vn 0.76053 -0.64488 -0.07570
vn 0.47638 -0.84021 0.25907
vn 0.41901 -0.90354 0.08971
vn 0.74340 -0.65654 0.12772
vn 0.40700 -0.77173 0.48866
vn 0.08041 -0.64282 0.76179
vn 0.43652 -0.40939 -0.80116
vn 0.66850 -0.46126 -0.58340
vn 0.28963 -0.36097 0.88646
vn 0.69039 -0.45139 0.56534
vn 0.92035 -0.38350 -0.07673
vn 0.91598 -0.36839 -0.15895
vn 0.94479 -0.25631 0.20413
vn 0.16811 0.71648 -0.67705
vn 0.28776 0.61778 -0.73181
vn 0.90878 -0.23832 0.34253
vn 0.55666 -0.79860 0.22885
vn 0.40688 -0.88298 -0.23410
vn 0.38244 -0.80343 0.45634
vn 0.87842 -0.35344 0.32165
vn 0.86717 -0.45379 -0.20514
vn 0.47110 -0.57232 -0.67121
vn 0.00610 -0.78814 -0.61546
vn 0.66050 -0.68889 0.29862
vn 0.88204 -0.43061 0.19125
vn 0.88459 -0.25018 -0.39358
vn -0.03350 -0.99439 -0.10034
vn -0.28593 -0.93900 0.19113
vn 0.18248 -0.97899 -0.09099
vn 0.25442 -0.95742 -0.13646
vn 0.15556 0.97767 0.14126
vn 0.09676 0.99417 0.04765
vn 0.03408 0.99732 0.06481
vn 0.02470 0.99430 0.10372
vn 0.06196 0.99792 0.01789
vn 0.13476 0.95624 -0.25970
vn 0.10526 0.92373 -0.36831
vn 0.26676 0.47701 0.83744
vn 0.27102 0.90809 0.31925
vn 0.16640 0.95192 0.25723
vn 0.12282 0.99069 0.05867
vn 0.12720 0.98204 0.13932
vn 0.13830 0.98440 0.10876
vn 0.15201 0.92017 -0.36081
vn 0.16418 0.91021 -0.38021
vn 0.19818 0.96367 -0.17905
vn 0.26724 0.95298 -0.14290
vn 0.33196 0.91762 0.21856
vn 0.34492 0.89043 -0.29693
vn 0.13810 0.85518 -0.49960
vn 0.16130 0.25325 0.95386
vn 0.41385 0.49623 0.76321
vn 0.32819 0.88889 -0.31964
vn 0.15135 0.91200 -0.38125
vn -0.05168 0.63217 -0.77310
vn 0.07190 -0.19652 0.97786
vn 0.77436 -0.03979 -0.63150
vn 0.88427 -0.20089 0.42155
vn 0.26597 0.77720 -0.57028
vn 0.57739 0.36867 -0.72850
vn 0.59205 -0.46616 -0.65740
vn -0.36454 -0.10571 0.92517
vn 0.23189 0.08067 0.96939
vn 0.79848 0.05616 -0.59940
vn 0.76472 0.10914 -0.63506
vn 0.36691 -0.53801 -0.75889
vn 0.57577 -0.49547 -0.65038
vn 0.06181 0.16280 0.98472
vn 0.25118 0.14104 0.95761
vn 0.20941 -0.66961 -0.71258
vn 0.25854 -0.26475 -0.92901
vn 0.47453 0.28594 0.83250
vn 0.46473 -0.23305 -0.85423
vn 0.14608 -0.69970 0.69934
vn -0.07791 -0.60677 0.79105
vn 0.29636 -0.44030 -0.84753
vn 0.53960 -0.01757 -0.84174
vn 0.22166 -0.71697 0.66092
vn 0.41110 -0.54394 0.73153
vn 0.60196 -0.34613 -0.71961
vn 0.63426 0.00111 -0.77312
vn 0.42956 -0.41578 0.80163
vn 0.66670 -0.59271 0.45189
vn 0.87636 0.21212 -0.43243
vn 0.54833 0.02340 -0.83594
vn 0.47599 -0.39653 0.78499
vn 0.74432 -0.41243 0.52525
vn 0.53457 0.13195 0.83476
vn 0.72034 -0.54569 -0.42818
vn 0.74540 -0.27669 -0.60648
vn 0.56237 0.11289 0.81914
vn 0.73122 -0.03042 0.68146
vn 0.71138 -0.48639 -0.50731
vn 0.67828 -0.21059 -0.70398
vn 0.98204 -0.14854 -0.11630
vn 0.60306 -0.55026 0.57753
vn 0.68323 -0.55045 0.47979
vn 0.75151 -0.15451 -0.64137
vn 0.95542 -0.13348 -0.26336
vn 0.99846 0.04464 0.03287
vn 0.69499 -0.39417 0.60135
vn 0.67828 -0.23507 0.69619
vn 0.74480 -0.47007 0.47361
vn 0.63252 -0.22201 -0.74204
vn 0.94506 -0.29255 -0.14584
vn 0.97684 -0.21385 0.00780
vn 0.90075 -0.43414 -0.01333
vn 0.35712 -0.80782 0.46892
vn 0.12648 -0.78076 0.61190
vn 0.82027 -0.47935 0.31206
vn -0.00898 -0.54923 -0.83562
vn 0.01332 -0.32354 -0.94612
vn 0.31265 -0.52091 0.79430
vn 0.55785 -0.75434 0.34609
vn 0.78148 -0.57707 0.23724
vn 0.63872 -0.74684 0.18511
vn 0.63752 -0.75598 -0.14856
vn 0.72991 -0.67519 0.10657
vn 0.85545 -0.41316 -0.31226
vn 0.51268 -0.47859 -0.71282
vn 0.57296 -0.42742 0.69930
vn 0.80339 -0.57145 0.16734
vn 0.76396 -0.60725 -0.21821
vn 0.49014 -0.84273 -0.22265
vn 0.61447 -0.61155 0.49843
vn 0.81842 -0.56002 -0.12872
vn 0.38680 0.68464 -0.61778
vn 0.38063 -0.41534 -0.82621
vn 0.88714 -0.45487 -0.07800
vn 0.86394 -0.42913 -0.26352
vn 0.87968 -0.39523 0.26451
vn 0.68700 -0.68275 -0.24878
vn 0.09072 -0.25171 0.96354
vn 0.37903 -0.41964 -0.82477
vn 0.10382 0.98757 0.11799
vn 0.10903 0.98906 0.09941
vn 0.06372 0.99643 0.05536
vn 0.13407 0.99094 -0.00795
vn 0.16799 0.95518 -0.24375
vn 0.03582 0.81328 0.58076
vn 0.04749 0.97452 0.21924
vn 0.06860 0.99332 0.09279
vn 0.10242 0.99124 0.08339
vn 0.12555 0.98204 0.14086
vn 0.12312 0.98645 0.10843
vn 0.18688 0.91739 -0.35140
vn 0.20114 0.88852 -0.41240
vn 0.31209 0.91550 -0.25390
vn 0.42943 0.88464 -0.18166
vn 0.47889 0.86767 0.13349
vn 0.46399 0.87651 -0.12821
vn 0.02993 0.53627 0.84352
vn 0.14133 0.51218 0.84717
vn 0.42008 0.87013 -0.25769
vn 0.47497 0.84552 -0.24391
vn 0.79378 0.50027 0.34590
vn 0.30311 0.94963 -0.07948
vn -0.13086 0.00348 -0.99139
vn -0.11917 -0.05189 0.99152
vn 0.80233 -0.59546 0.04117
vn 0.68340 -0.72839 0.04918
vn -0.14616 -0.33233 -0.93177
vn 0.86938 0.49395 -0.01349
vn 0.83678 0.34946 -0.42152
vn 0.03754 0.17846 0.98323
vn 0.56642 0.80903 0.15697
vn 0.68783 0.72557 -0.02063
vn -0.63735 0.73161 -0.24194
vn 0.92103 0.37767 -0.09523
vn 0.49980 -0.17806 -0.84764
vn -0.25889 -0.28069 0.92422
vn 0.46029 0.88564 0.06140
vn 0.43492 0.89975 0.03597
vn 0.69668 -0.17975 -0.69450
vn 0.67785 -0.51069 -0.52889
vn 0.26107 -0.21642 -0.94075
vn -0.29015 0.16763 0.94219
vn 0.73382 -0.35079 -0.58177
vn 0.17561 -0.32431 -0.92951
vn -0.12198 -0.45306 0.88310
vn -0.03839 -0.55449 0.83130
vn 0.75176 -0.14718 -0.64280
vn 0.26756 0.03295 -0.96298
vn -0.03701 -0.87300 0.48631
vn 0.04039 -0.87131 0.48906
vn 0.18382 -0.46438 -0.86635
vn 0.26279 -0.62183 0.73774
vn 0.06033 -0.69247 0.71892
vn 0.43232 0.16750 -0.88603
vn 0.45471 -0.06880 -0.88798
vn 0.11792 -0.51060 0.85170
vn 0.50450 -0.57378 0.64518
vn 0.58600 -0.76143 0.27718
vn 0.53999 -0.57843 -0.61142
vn 0.37465 -0.29905 -0.87761
vn 0.88711 -0.12583 0.44407
vn 0.87986 -0.35173 0.31959
vn 0.87539 -0.31860 0.36357
vn 0.78260 -0.40630 -0.47164
vn 0.57213 -0.39418 -0.71923
vn 0.51348 -0.48484 -0.70801
vn 0.80735 -0.43599 0.39761
vn 0.84018 -0.51652 0.16526
vn 0.84714 -0.35483 0.39555
vn 0.84816 -0.29300 0.44134
vn 0.64624 -0.41346 -0.64142
vn 0.10041 -0.09172 -0.99071
vn 0.68686 -0.33507 -0.64494
vn 0.88173 -0.33360 0.33355
vn 0.94500 -0.08589 0.31560
vn 0.94085 -0.12469 0.31503
vn 0.84082 -0.31166 0.44260
vn 0.83049 -0.50941 0.22536
vn 0.85445 -0.46142 -0.23877
vn 0.75433 -0.46275 -0.46567
vn 0.36676 -0.05136 -0.92890
vn 0.74262 0.18934 -0.64239
vn 0.77209 -0.44804 0.45071
vn 0.80755 -0.57768 0.11899
vn 0.69700 -0.57108 0.43366
vn 0.78616 -0.60244 0.13788
vn 0.84455 -0.53546 0.00450
vn 0.86442 -0.49716 -0.07493
vn 0.76875 -0.61777 -0.16545
vn 0.94183 -0.30092 -0.14966
vn 0.79897 -0.02934 0.60066
vn 0.71575 -0.02607 -0.69787
vn 0.78504 -0.47176 0.40143
vn 0.96034 -0.26508 0.08648
vn 0.85217 -0.46552 0.23895
vn 0.88282 -0.46471 -0.06828
vn 0.94450 -0.31314 -0.09932
vn 0.88722 -0.41696 -0.19746
vn 0.79274 -0.50376 -0.34319
vn 0.11538 0.98645 0.11665
vn 0.13530 0.98897 0.06033
vn 0.12873 0.98953 -0.06524
vn 0.16304 0.96222 -0.21807
vn -0.00227 0.81081 0.58531
vn -0.01114 0.97818 0.20748
vn 0.04916 0.99807 0.03798
vn 0.09119 0.99356 0.06728
vn 0.11339 0.98742 0.11022
vn 0.12558 0.98477 0.12022
vn 0.15452 0.98477 0.07965
vn 0.15694 0.97587 -0.15182
vn 0.18218 0.92208 -0.34144
vn 0.32286 0.80335 -0.50038
vn 0.38630 0.83693 -0.38772
vn 0.06353 0.38792 0.91950
vn -0.07114 0.59552 0.80019
vn 0.41370 0.74459 -0.52387
vn 0.50620 0.79592 -0.33207
vn 0.67764 0.45843 -0.57503
vn 0.91526 0.21730 -0.33923
vn 0.66735 -0.74170 0.06730
vn 0.87204 -0.37452 -0.31508
vn 0.07860 0.14480 0.98633
vn 0.59666 0.44592 -0.66719
vn 0.78077 0.36366 -0.50809
vn 0.58371 -0.80375 0.11521
vn 0.80178 -0.56460 -0.19589
vn -0.11117 0.10597 0.98814
vn 0.61295 0.27931 -0.73911
vn 0.78603 0.36273 -0.50059
vn 0.40398 0.90017 0.16277
vn 0.41346 0.81056 0.41477
vn -0.11070 -0.09027 0.98975
vn 0.80974 0.41892 0.41088
vn 0.60311 0.79644 0.04410
vn 0.86762 -0.11048 -0.48480
vn 0.09817 -0.05368 0.99372
vn 0.93424 0.27013 0.23287
vn 0.99374 0.11166 -0.00456
vn 0.50091 -0.23254 -0.83368
vn 0.06168 -0.36454 0.92914
vn -0.07184 -0.65833 0.74930
vn 0.84013 0.53429 0.09340
vn 0.81574 0.16011 -0.55582
vn 0.43832 -0.04774 -0.89755
vn -0.01743 -0.82345 0.56711
vn -0.21105 -0.84023 0.49947
vn 0.46666 -0.13772 -0.87365
vn 0.36062 -0.07813 -0.92944
vn -0.13508 -0.77245 0.62055
vn 0.20886 -0.67791 0.70486
vn 0.34433 -0.85051 0.39758
vn 0.65503 -0.12930 -0.74446
vn 0.78757 -0.27464 -0.55164
vn 0.34968 -0.40974 -0.84252
vn 0.05089 -0.84447 0.53318
vn 0.41433 -0.77335 0.47986
vn 0.50109 -0.84254 0.19757
vn 0.60283 -0.74151 0.29453
vn 0.66087 -0.66522 0.34746
vn 0.71504 -0.43518 -0.54711
vn 0.58430 -0.69524 -0.41861
vn 0.68339 -0.65512 0.32217
vn 0.71272 -0.54649 0.43975
vn 0.78129 -0.49484 0.38043
vn 0.89820 -0.38919 0.20438
vn 0.72906 -0.53715 -0.42420
vn 0.07747 -0.06106 -0.99512
vn 0.62570 -0.52259 -0.57914
vn 0.84610 -0.34715 0.40448
vn 0.85476 -0.31275 0.41422
vn 0.87490 -0.42648 0.22948
vn 0.85453 -0.51902 0.01971
vn 0.86205 -0.48491 0.14740
vn 0.86823 -0.47023 -0.15831
vn 0.72824 -0.50687 -0.46124
vn 0.61823 -0.58190 -0.52838
vn 0.86881 -0.29246 0.39955
vn 0.91096 -0.36868 0.18501
vn 0.93040 -0.34540 -0.12273
vn 0.84969 -0.52569 0.04095
vn 0.85374 -0.49688 -0.15570
vn 0.79905 -0.51667 -0.30752
vn 0.80777 -0.57987 0.10610
vn 0.88119 -0.46698 -0.07372
vn 0.81887 -0.57378 -0.01507
vn 0.86722 -0.49620 0.04129
vn 0.15616 0.98708 0.03593
vn 0.15694 0.98758 0.00788
vn -0.01633 0.82976 0.55787
vn -0.01162 0.98094 0.19394
vn -0.00422 0.99989 -0.01392
vn 0.03860 0.99903 0.02141
vn 0.08827 0.99414 0.06245
vn 0.14447 0.98503 0.09406
vn 0.16471 0.98400 0.06797
vn 0.16827 0.98217 -0.08388
vn 0.19060 0.88213 -0.43072
vn 0.24439 0.73265 -0.63522
vn -0.04555 0.35933 0.93210
vn -0.03817 0.58353 0.81120
vn 0.38988 0.64982 -0.65248
vn 0.61943 0.61305 -0.49038
vn 0.73001 0.49188 -0.47449
vn -0.03249 0.20249 0.97875
vn 0.90460 0.22825 -0.35999
vn 0.58072 0.49969 -0.64270
vn 0.68170 0.48818 -0.54495
vn -0.06170 0.08053 0.99484
vn 0.96988 0.11501 -0.21472
vn 0.60313 0.33951 -0.72178
vn 0.57831 0.45924 -0.67429
vn 0.00769 -0.08392 0.99644
vn 0.98711 0.01227 -0.15957
vn 0.76700 0.16101 -0.62112
vn 0.76383 0.29668 -0.57319
vn -0.01988 -0.19338 0.98092
vn 0.98854 -0.02124 -0.14948
vn 0.98129 0.00175 -0.19252
vn 0.07174 0.01481 -0.99731
vn -0.00157 -0.33562 0.94200
vn 0.00953 -0.57940 0.81499
vn 0.99168 -0.03593 -0.12359
vn 0.99350 0.01033 -0.11332
vn 0.83376 0.54935 -0.05540
vn 0.93188 0.27746 -0.23369
vn -0.06590 -0.78099 0.62106
vn -0.02529 -0.84942 0.52711
vn 0.99020 -0.07865 -0.11539
vn 0.99481 -0.04751 -0.09001
vn 0.99755 -0.01881 -0.06739
vn 0.97871 0.12769 -0.16068
vn 0.54584 -0.63484 -0.54685
vn 0.01550 -0.87764 0.47908
vn 0.11193 -0.87929 0.46294
vn 0.23988 -0.91942 0.31164
vn 0.57556 -0.79418 0.19493
vn 0.95851 -0.28243 -0.03852
vn 0.97169 -0.23260 -0.04151
vn 0.98490 -0.16496 -0.05257
vn 0.99176 -0.10413 -0.07461
vn 0.99558 -0.07321 -0.05891
vn 0.98776 -0.11073 -0.10983
vn 0.40272 -0.32112 -0.85715
vn 0.55170 -0.71660 -0.42675
vn 0.35272 -0.88175 0.31322
vn 0.36740 -0.89047 0.26847
vn 0.43737 -0.87640 0.20157
vn 0.59893 -0.78839 0.14043
vn 0.75081 -0.65786 0.05923
vn 0.91971 -0.39251 -0.00855
vn 0.91421 -0.40001 -0.06483
vn 0.95396 -0.28398 -0.09657
vn 0.93696 -0.30123 -0.17708
vn 0.86564 -0.33966 -0.36782
vn 0.79793 -0.54681 0.25359
vn 0.87480 -0.44110 0.20037
vn 0.90369 -0.41590 0.10182
vn 0.92655 -0.37460 0.03432
vn 0.92630 -0.37292 -0.05382
vn 0.88186 -0.39633 -0.25545
vn 0.83329 -0.36735 -0.41313
vn 0.90283 -0.39074 0.17950
vn 0.89105 -0.44452 0.09185
vn 0.89893 -0.43483 0.05348
vn 0.88401 -0.45971 -0.08480
vn 0.84220 -0.51700 -0.15300
vn -0.00000 0.83524 0.54989
vn 0.00000 0.98180 0.18990
vn 0.00000 0.99992 -0.01265
vn 0.00000 0.99990 -0.01397
vn 0.00080 1.00000 0.00000
vn 0.00375 0.99990 0.01397
vn 0.00762 0.99989 0.01263
vn 0.01227 0.98271 -0.18477
vn 0.12607 0.78597 -0.60527
vn 0.66920 0.51131 -0.53919
vn -0.00001 0.38143 0.92440
vn -0.00001 0.59817 0.80137
vn 0.00000 0.60990 -0.79248
vn 0.23522 0.41422 -0.87926
vn -0.00001 0.18337 0.98304
vn 0.53053 0.15947 -0.83253
vn 0.94372 0.11472 -0.31022
vn -0.00000 0.05743 0.99835
vn 0.00000 0.05611 -0.99842
vn 0.96031 0.06151 -0.27205
vn -0.00000 -0.09446 0.99553
vn 0.00000 -0.09220 -0.99574
vn 0.97260 -0.00034 -0.23249
vn 0.00001 -0.17758 0.98411
vn 0.00000 -0.16851 -0.98570
vn 0.97899 -0.03663 -0.20060
vn 0.00001 -0.35864 0.93348
vn 0.00001 -0.56026 0.82831
vn 0.00000 -0.57302 -0.81954
vn 0.00000 -0.38998 -0.92082
vn 0.98383 -0.06186 -0.16807
vn 0.00001 -0.75952 0.65049
vn 0.00000 -0.87591 0.48248
vn 0.00000 -0.87031 -0.49250
vn 0.00000 -0.75900 -0.65109
vn 0.97911 -0.11754 -0.16591
vn 0.98712 -0.07318 -0.14229
vn 0.00074 -0.91207 0.41003
vn 0.00367 -0.94496 0.32718
vn 0.01161 -0.98520 0.17102
vn 0.27351 -0.96187 -0.00226
vn 0.00067 -0.98587 -0.16751
vn 0.74338 -0.64023 -0.19363
vn 0.02654 -0.90386 -0.42701
vn 0.97603 -0.19372 -0.09922
vn 0.98600 -0.12865 -0.10606
vn 0.78642 -0.61524 0.05508
vn 0.86050 -0.50940 0.00721
vn 0.92892 -0.36942 -0.02527
vn 0.00000 0.83504 0.55018
vn 0.00000 0.98181 0.18989
vn 0.00000 0.99992 -0.01265
vn 0.00000 0.99990 -0.01397
vn 0.00000 1.00000 -0.00000
vn 0.00000 0.99990 0.01397
vn 0.00000 0.99992 0.01265
vn 0.00000 0.98181 -0.18989
vn 0.00000 0.83504 -0.55018
vn 0.00000 0.38196 0.92418
vn 0.00000 0.59905 0.80071
vn 0.00000 0.59905 -0.80071
vn 0.00000 0.38196 -0.92418
vn 0.00000 0.18321 0.98307
vn 0.00000 0.18321 -0.98307
vn 0.00000 0.05742 0.99835
vn 0.00000 0.05742 -0.99835
vn 0.00000 -0.09446 0.99553
vn 0.00000 -0.09446 -0.99553
vn 0.00000 -0.17762 0.98410
vn 0.00000 -0.17762 -0.98410
vn 0.00000 -0.35769 0.93384
vn 0.00000 -0.55961 0.82876
vn 0.00000 -0.55961 -0.82876
vn 0.00000 -0.35769 -0.93384
vn 0.00000 -0.75966 0.65032
vn 0.00000 -0.87627 0.48181
vn 0.00000 -0.87627 -0.48181
vn 0.00000 -0.75966 -0.65032
vn 0.00000 -0.91217 0.40981
vn 0.00000 -0.94444 0.32868
vn 0.00000 -0.98487 0.17330
vn 0.00000 -1.00000 -0.00000
vn 0.00000 -0.98487 -0.17330
vn 0.00000 -0.94444 -0.32868
vn 0.00000 -0.91217 -0.40981
usemtl CaveRock
f 60/60/60 61/61/61 66/66/66
f 64/64/64 65/65/65 71/71/71
f 69/69/69 70/70/70 79/79/79
f 100/100/100 101/101/101 105/105/105
f 104/104/104 105/105/105 109/109/109
f 108/108/108 109/109/109 116/116/116
f 109/109/109 110/110/110 117/117/117
f 114/114/114 115/115/115 125/125/125
f 115/115/115 116/116/116 126/126/126
f 116/116/116 117/117/117 127/127/127
f 117/117/117 118/118/118 128/128/128
f 123/123/123 124/124/124 139/139/139
f 124/124/124 125/125/125 140/140/140
f 125/125/125 126/126/126 141/141/141
f 126/126/126 127/127/127 142/142/142
f 128/128/128 129/129/129 144/144/144
f 129/129/129 130/130/130 145/145/145
f 135/135/135 136/136/136 148/148/148
f 136/136/136 137/137/137 149/149/149
f 137/137/137 138/138/138 150/150/150
f 141/141/141 142/142/142 154/154/154
f 142/142/142 143/143/143 155/155/155
f 171/171/171 172/172/172 179/179/179
f 172/172/172 173/173/173 180/180/180
f 173/173/173 174/174/174 181/181/181
f 179/179/179 180/180/180 186/186/186
f 186/186/186 187/187/187 193/193/193
f 192/192/192 193/193/193 200/200/200
f 194/194/194 195/195/195 202/202/202
f 201/201/201 202/202/202 209/209/209
f 202/202/202 203/203/203 210/210/210
f 214/214/214 215/215/215 224/224/224
f 220/220/220 221/221/221 236/236/236
f 221/221/221 222/222/222 237/237/237
f 233/233/233 234/234/234 244/244/244
f 237/237/237 238/238/238 247/247/247
f 260/260/260 261/261/261 268/268/268
f 287/287/287 288/288/288 293/293/293
f 297/297/297 298/298/298 305/305/305
f 298/298/298 299/299/299 306/306/306
f 303/303/303 304/304/304 317/317/317
f 304/304/304 305/305/305 318/318/318
f 313/313/313 314/314/314 327/327/327
f 316/316/316 317/317/317 331/331/331
f 317/317/317 318/318/318 332/332/332
f 323/323/323 324/324/324 335/335/335
f 325/325/325 326/326/326 337/337/337
f 326/326/326 327/327/327 338/338/338
f 339/339/339 340/340/340 348/348/348
f 377/377/377 376/376/376 380/380/380
f 378/378/378 379/379/379 383/383/383
f 382/382/382 383/383/383 387/387/387
f 390/390/390 391/391/391 397/397/397
f 399/399/399 400/400/400 410/410/410
f 402/402/402 403/403/403 417/417/417
f 403/403/403 404/404/404 418/418/418
f 405/405/405 406/406/406 420/420/420
f 415/415/415 416/416/416 423/423/423
f 424/424/424 425/425/425 435/435/435
f 428/428/428 429/429/429 448/448/448
f 452/452/452 453/453/453 457/457/457
f 469/469/469 468/468/468 471/471/471
f 492/492/492 493/493/493 505/505/505
f 493/493/493 494/494/494 506/506/506
f 496/496/496 497/497/497 510/510/510
f 498/498/498 499/499/499 512/512/512
f 508/508/508 509/509/509 517/517/517
f 510/510/510 511/511/511 519/519/519
f 511/511/511 512/512/512 520/520/520
f 520/520/520 521/521/521 524/524/524
f 522/522/522 523/523/523 526/526/526
f 527/527/527 528/528/528 538/538/538
f 574/574/574 575/575/575 579/579/579
f 583/583/583 584/584/584 589/589/589
f 587/587/587 588/588/588 595/595/595
f 588/588/588 589/589/589 596/596/596
f 593/593/593 594/594/594 606/606/606
f 601/601/601 602/602/602 610/610/610
f 608/608/608 609/609/609 620/620/620
f 610/610/610 611/611/611 622/622/622
f 611/611/611 612/612/612 623/623/623
f 613/613/613 614/614/614 625/625/625
f 622/622/622 623/623/623 634/634/634
f 623/623/623 624/624/624 635/635/635
f 625/625/625 626/626/626 637/637/637
f 628/628/628 629/629/629 640/640/640
f 641/641/641 642/642/642 652/652/652
f 673/673/673 672/672/672 677/677/677
f 690/690/690 689/689/689 692/692/692
f 694/694/694 695/695/695 699/699/699
f 721/721/721 722/722/722 733/733/733
f 726/726/726 727/727/727 738/738/738
f 727/727/727 728/728/728 739/739/739
f 728/728/728 729/729/729 740/740/740
f 730/730/730 731/731/731 742/742/742
f 769/769/769 768/768/768 773/773/773
f 782/782/782 781/781/781 785/785/785
f 787/787/787 786/786/786 791/791/791
f 802/802/802 803/803/803 807/807/807
f 805/805/805 806/806/806 812/812/812
f 810/810/810 811/811/811 818/818/818
f 817/817/817 818/818/818 822/822/822
f 832/832/832 833/833/833 844/844/844
f 838/838/838 839/839/839 846/846/846
f 852/852/852 851/851/851 859/859/859
f 861/861/861 860/860/860 872/872/872
f 862/862/862 861/861/861 873/873/873
f 863/863/863 862/862/862 874/874/874
f 883/883/883 882/882/882 885/885/885
f 887/887/887 886/886/886 890/890/890
f 896/896/896 895/895/895 899/899/899
f 912/912/912 911/911/911 915/915/915
f 913/913/913 914/914/914 920/920/920
f 919/919/919 920/920/920 927/927/927
f 925/925/925 926/926/926 938/938/938
f 933/933/933 932/932/932 944/944/944
f 934/934/934 933/933/933 945/945/945
f 935/935/935 936/936/936 949/949/949
f 944/944/944 943/943/943 954/954/954
f 947/947/947 946/946/946 957/957/957
f 947/947/947 948/948/948 959/959/959
f 966/966/966 965/965/965 974/974/974
f 987/987/987 986/986/986 995/995/995
f 988/988/988 987/987/987 996/996/996
f 989/989/989 988/988/988 997/997/997
f 996/996/996 995/995/995 1004/1004/1004
f 998/998/998 997/997/997 1006/1006/1006
f 1001/1001/1001 1000/1000/1000 1009/1009/1009
f 1003/1003/1003 1002/1002/1002 1011/1011/1011
f 1006/1006/1006 1005/1005/1005 1014/1014/1014
f 1013/1013/1013 1012/1012/1012 1019/1019/1019
f 1015/1015/1015 1014/1014/1014 1021/1021/1021
f 1023/1023/1023 1022/1022/1022 1028/1028/1028
f 1030/1030/1030 1031/1031/1031 1037/1037/1037
f 1032/1032/1032 1033/1033/1033 1039/1039/1039
f 1038/1038/1038 1039/1039/1039 1043/1043/1043
f 1042/1042/1042 1043/1043/1043 1047/1047/1047
f 1044/1044/1044 1045/1045/1045 1050/1050/1050
f 1047/1047/1047 1046/1046/1046 1051/1051/1051
f 1048/1048/1048 1049/1049/1049 1058/1058/1058
f 1049/1049/1049 1050/1050/1050 1059/1059/1059
f 1056/1056/1056 1055/1055/1055 1063/1063/1063
f 1058/1058/1058 1059/1059/1059 1068/1068/1068
f 1063/1063/1063 1062/1062/1062 1071/1071/1071
f 1065/1065/1065 1064/1064/1064 1073/1073/1073
f 1066/1066/1066 1067/1067/1067 1078/1078/1078
f 1074/1074/1074 1073/1073/1073 1084/1084/1084
f 1075/1075/1075 1074/1074/1074 1085/1085/1085
f 1086/1086/1086 1085/1085/1085 1095/1095/1095
f 1087/1087/1087 1088/1088/1088 1099/1099/1099
f 1097/1097/1097 1098/1098/1098 1107/1107/1107
f 1121/1121/1121 1120/1120/1120 1133/1133/1133
f 1139/1139/1139 1138/1138/1138 1143/1143/1143
f 1145/1145/1145 1144/1144/1144 1151/1151/1151
f 1160/1160/1160 1159/1159/1159 1167/1167/1167
f 1165/1165/1165 1166/1166/1166 1173/1173/1173
f 1169/1169/1169 1168/1168/1168 1175/1175/1175
f 1170/1170/1170 1169/1169/1169 1176/1176/1176
f 1176/1176/1176 1175/1175/1175 1182/1182/1182
f 1178/1178/1178 1179/1179/1179 1186/1186/1186
f 1182/1182/1182 1181/1181/1181 1189/1189/1189
f 1184/1184/1184 1183/1183/1183 1191/1191/1191
f 1186/1186/1186 1185/1185/1185 1193/1193/1193
f 1188/1188/1188 1187/1187/1187 1195/1195/1195
f 1191/1191/1191 1190/1190/1190 1198/1198/1198
f 1199/1199/1199 1198/1198/1198 1205/1205/1205
f 1207/1207/1207 1206/1206/1206 1211/1211/1211
f 1221/1221/1221 1222/1222/1222 1232/1232/1232
f 1230/1230/1230 1231/1231/1231 1241/1241/1241
f 1239/1239/1239 1240/1240/1240 1250/1250/1250
f 1273/1273/1273 1272/1272/1272 1279/1279/1279
f 1287/1287/1287 1288/1288/1288 1293/1293/1293
f 1292/1292/1292 1293/1293/1293 1299/1299/1299
f 1307/1307/1307 1308/1308/1308 1316/1316/1316
f 1327/1327/1327 1326/1326/1326 1332/1332/1332
f 1335/1335/1335 1334/1334/1334 1341/1341/1341
f 1343/1343/1343 1342/1342/1342 1348/1348/1348
f 1357/1357/1357 1358/1358/1358 1366/1366/1366
f 1364/1364/1364 1365/1365/1365 1377/1377/1377
f 1370/1370/1370 1371/1371/1371 1381/1381/1381
f 1374/1374/1374 1373/1373/1373 1382/1382/1382
f 1389/1389/1389 1390/1390/1390 1406/1406/1406
f 1403/1403/1403 1404/1404/1404 1413/1413/1413
f 1417/1417/1417 1418/1418/1418 1427/1427/1427
f 1425/1425/1425 1426/1426/1426 1434/1434/1434
f 1432/1432/1432 1433/1433/1433 1440/1440/1440
f 1439/1439/1439 1440/1440/1440 1447/1447/1447
f 1446/1446/1446 1447/1447/1447 1456/1456/1456
f 1447/1447/1447 1448/1448/1448 1457/1457/1457
f 1454/1454/1454 1455/1455/1455 1464/1464/1464
f 1459/1459/1459 1460/1460/1460 1468/1468/1468
f 1462/1462/1462 1461/1461/1461 1469/1469/1469
f 1463/1463/1463 1464/1464/1464 1472/1472/1472
f 1465/1465/1465 1466/1466/1466 1474/1474/1474
f 1473/1473/1473 1474/1474/1474 1482/1482/1482
f 1479/1479/1479 1480/1480/1480 1489/1489/1489
f 1487/1487/1487 1488/1488/1488 1497/1497/1497
f 1494/1494/1494 1495/1495/1495 1503/1503/1503
f 1496/1496/1496 1497/1497/1497 1505/1505/1505
f 1511/1511/1511 1512/1512/1512 1521/1521/1521
f 1530/1530/1530 1531/1531/1531 1539/1539/1539
f 1533/1533/1533 1534/1534/1534 1542/1542/1542
f 1537/1537/1537 1538/1538/1538 1544/1544/1544
f 1553/1553/1553 1554/1554/1554 1569/1569/1569
f 1567/1567/1567 1568/1568/1568 1576/1576/1576
f 1574/1574/1574 1575/1575/1575 1582/1582/1582
f 1591/1591/1591 1590/1590/1590 1594/1594/1594
f 1596/1596/1596 1597/1597/1597 1604/1604/1604
f 1598/1598/1598 1599/1599/1599 1606/1606/1606
f 1603/1603/1603 1604/1604/1604 1611/1611/1611
f 1606/1606/1606 1607/1607/1607 1614/1614/1614
f 1610/1610/1610 1611/1611/1611 1617/1617/1617
f 1613/1613/1613 1614/1614/1614 1620/1620/1620
f 1624/1624/1624 1625/1625/1625 1632/1632/1632
f 1631/1631/1631 1632/1632/1632 1640/1640/1640
f 1632/1632/1632 1633/1633/1633 1641/1641/1641
f 1633/1633/1633 1634/1634/1634 1642/1642/1642
f 1638/1638/1638 1639/1639/1639 1648/1648/1648
f 1639/1639/1639 1640/1640/1640 1649/1649/1649
f 1647/1647/1647 1648/1648/1648 1660/1660/1660
f 1658/1658/1658 1659/1659/1659 1669/1669/1669
f 1664/1664/1664 1665/1665/1665 1673/1673/1673
f 1668/1668/1668 1669/1669/1669 1679/1679/1679
f 1677/1677/1677 1678/1678/1678 1687/1687/1687
f 1697/1697/1697 1698/1698/1698 1713/1713/1713
f 1699/1699/1699 1700/1700/1700 1715/1715/1715
f 1713/1713/1713 1714/1714/1714 1722/1722/1722
f 1729/1729/1729 1730/1730/1730 1733/1733/1733
f 1738/1738/1738 1737/1737/1737 1741/1741/1741
f 1741/1741/1741 1742/1742/1742 1745/1745/1745
f 1758/1758/1758 1759/1759/1759 1765/1765/1765
f 1763/1763/1763 1764/1764/1764 1773/1773/1773
f 1764/1764/1764 1765/1765/1765 1774/1774/1774
f 1772/1772/1772 1773/1773/1773 1783/1783/1783
f 1781/1781/1781 1782/1782/1782 1792/1792/1792
f 1791/1791/1791 1792/1792/1792 1804/1804/1804
f 1806/1806/1806 1807/1807/1807 1830/1830/1830
f 1828/1828/1828 1829/1829/1829 1835/1835/1835
f 1833/1833/1833 1834/1834/1834 1838/1838/1838
f 1850/1850/1850 1851/1851/1851 1856/1856/1856
f 1858/1858/1858 1859/1859/1859 1862/1862/1862
f 1861/1861/1861 1862/1862/1862 1865/1865/1865
f 1869/1869/1869 1870/1870/1870 1875/1875/1875
f 1873/1873/1873 1874/1874/1874 1879/1879/1879
f 1882/1882/1882 1883/1883/1883 1890/1890/1890
f 1888/1888/1888 1889/1889/1889 1896/1896/1896
f 1889/1889/1889 1890/1890/1890 1897/1897/1897
f 1896/1896/1896 1897/1897/1897 1910/1910/1910
f 1898/1898/1898 1899/1899/1899 1912/1912/1912
f 1908/1908/1908 1909/1909/1909 1917/1917/1917
f 1910/1910/1910 1911/1911/1911 1919/1919/1919
f 1949/1949/1949 1950/1950/1950 1954/1954/1954
f 1954/1954/1954 1955/1955/1955 1959/1959/1959
f 1964/1964/1964 1965/1965/1965 1969/1969/1969
f 1990/1990/1990 1991/1991/1991 1996/1996/1996
f 1993/1993/1993 1994/1994/1994 2001/2001/2001
f 1994/1994/1994 1995/1995/1995 2002/2002/2002
f 1999/1999/1999 2000/2000/2000 2007/2007/2007
f 2005/2005/2005 2004/2004/2004 2008/2008/2008
f 2010/2010/2010 2009/2009/2009 2015/2015/2015
f 2028/2028/2028 2029/2029/2029 2051/2051/2051
f 2029/2029/2029 2030/2030/2030 2052/2052/2052
f 2032/2032/2032 2033/2033/2033 2057/2057/2057
f 2059/2059/2059 2060/2060/2060 2069/2069/2069
f 2060/2060/2060 2061/2061/2061 2070/2070/2070
f 2061/2061/2061 2062/2062/2062 2071/2071/2071
f 2062/2062/2062 2063/2063/2063 2072/2072/2072
f 2063/2063/2063 2064/2064/2064 2073/2073/2073
f 2069/2069/2069 2070/2070/2070 2077/2077/2077
f 2075/2075/2075 2076/2076/2076 2084/2084/2084
f 2076/2076/2076 2077/2077/2077 2085/2085/2085
f 2077/2077/2077 2078/2078/2078 2086/2086/2086
f 2078/2078/2078 2079/2079/2079 2087/2087/2087
f 2082/2082/2082 2083/2083/2083 2091/2091/2091
f 2085/2085/2085 2086/2086/2086 2094/2094/2094
f 2086/2086/2086 2087/2087/2087 2095/2095/2095
f 2087/2087/2087 2088/2088/2088 2096/2096/2096
f 2090/2090/2090 2091/2091/2091 2100/2100/2100
f 2092/2092/2092 2093/2093/2093 2102/2102/2102
f 2100/2100/2100 2101/2101/2101 2110/2110/2110
f 2108/2108/2108 2109/2109/2109 2114/2114/2114
f 2113/2113/2113 2114/2114/2114 2118/2118/2118
f 2120/2120/2120 2119/2119/2119 2123/2123/2123
f 2121/2121/2121 2122/2122/2122 2126/2126/2126
f 2125/2125/2125 2126/2126/2126 2129/2129/2129
f 2197/2197/2197 2198/2198/2198 2205/2205/2205
f 2198/2198/2198 2199/2199/2199 2206/2206/2206
f 2214/2214/2214 2213/2213/2213 2220/2220/2220
f 2215/2215/2215 2216/2216/2216 2224/2224/2224
f 2222/2222/2222 2223/2223/2223 2231/2231/2231
f 2229/2229/2229 2228/2228/2228 2232/2232/2232
f 2234/2234/2234 2235/2235/2235 2239/2239/2239
f 2257/2257/2257 2256/2256/2256 2266/2266/2266
f 2266/2266/2266 2265/2265/2265 2275/2275/2275
f 2276/2276/2276 2275/2275/2275 2285/2285/2285
f 2278/2278/2278 2279/2279/2279 2290/2290/2290
f 2309/2309/2309 2308/2308/2308 2327/2327/2327
f 2311/2311/2311 2310/2310/2310 2329/2329/2329
f 2329/2329/2329 2328/2328/2328 2333/2333/2333
f 2341/2341/2341 2340/2340/2340 2342/2342/2342
f 2343/2343/2343 2342/2342/2342 2349/2349/2349
f 2344/2344/2344 2345/2345/2345 2353/2353/2353
f 2347/2347/2347 2348/2348/2348 2356/2356/2356
f 2368/2368/2368 2367/2367/2367 2373/2373/2373
f 2375/2375/2375 2374/2374/2374 2382/2382/2382
f 2376/2376/2376 2377/2377/2377 2385/2385/2385
f 2382/2382/2382 2381/2381/2381 2389/2389/2389
f 2383/2383/2383 2382/2382/2382 2390/2390/2390
f 2392/2392/2392 2391/2391/2391 2401/2401/2401
f 2393/2393/2393 2394/2394/2394 2405/2405/2405
f 2403/2403/2403 2404/2404/2404 2420/2420/2420
f 2412/2412/2412 2411/2411/2411 2425/2425/2425
f 2415/2415/2415 2414/2414/2414 2428/2428/2428
f 2416/2416/2416 2417/2417/2417 2432/2432/2432
f 2418/2418/2418 2419/2419/2419 2434/2434/2434
f 2426/2426/2426 2425/2425/2425 2437/2437/2437
f 2439/2439/2439 2440/2440/2440 2460/2460/2460
f 2471/2471/2471 2470/2470/2470 2476/2476/2476
f 2478/2478/2478 2477/2477/2477 2483/2483/2483
f 2479/2479/2479 2478/2478/2478 2484/2484/2484
f 2484/2484/2484 2483/2483/2483 2488/2488/2488
f 2498/2498/2498 2499/2499/2499 2507/2507/2507
f 2522/2522/2522 2521/2521/2521 2529/2529/2529
f 2531/2531/2531 2530/2530/2530 2538/2538/2538
f 2539/2539/2539 2538/2538/2538 2547/2547/2547
f 2540/2540/2540 2539/2539/2539 2548/2548/2548
f 2541/2541/2541 2542/2542/2542 2552/2552/2552
f 2549/2549/2549 2548/2548/2548 2557/2557/2557
f 2550/2550/2550 2551/2551/2551 2562/2562/2562
f 2559/2559/2559 2558/2558/2558 2567/2567/2567
f 2596/2596/2596 2595/2595/2595 2612/2612/2612
f 2618/2618/2618 2617/2617/2617 2623/2623/2623
f 2624/2624/2624 2623/2623/2623 2628/2628/2628
f 2630/2630/2630 2629/2629/2629 2634/2634/2634
f 2636/2636/2636 2635/2635/2635 2639/2639/2639
f 2644/2644/2644 2643/2643/2643 2648/2648/2648
f 2650/2650/2650 2649/2649/2649 2659/2659/2659
f 2669/2669/2669 2668/2668/2668 2676/2676/2676
f 2677/2677/2677 2676/2676/2676 2682/2682/2682
f 2683/2683/2683 2682/2682/2682 2690/2690/2690
f 2692/2692/2692 2691/2691/2691 2697/2697/2697
f 2704/2704/2704 2703/2703/2703 2712/2712/2712
f 2732/2732/2732 2733/2733/2733 2741/2741/2741
f 2770/2770/2770 2769/2769/2769 2773/2773/2773
f 2780/2780/2780 2781/2781/2781 2786/2786/2786
f 2784/2784/2784 2783/2783/2783 2788/2788/2788
f 2791/2791/2791 2790/2790/2790 2794/2794/2794
f 2795/2795/2795 2794/2794/2794 2798/2798/2798
f 2834/2834/2834 2835/2835/2835 2841/2841/2841
f 2850/2850/2850 2851/2851/2851 2862/2862/2862
f 2856/2856/2856 2857/2857/2857 2868/2868/2868
f 2866/2866/2866 2865/2865/2865 2874/2874/2874
f 2914/2914/2914 2915/2915/2915 2921/2921/2921
f 2919/2919/2919 2920/2920/2920 2927/2927/2927
f 2931/2931/2931 2932/2932/2932 2937/2937/2937
f 2939/2939/2939 2940/2940/2940 2946/2946/2946
f 2949/2949/2949 2950/2950/2950 2955/2955/2955
f 2952/2952/2952 2953/2953/2953 2964/2964/2964
f 2953/2953/2953 2954/2954/2954 2965/2965/2965
f 2970/2970/2970 2971/2971/2971 2980/2980/2980
f 2979/2979/2979 2980/2980/2980 2987/2987/2987
f 3004/3004/3004 3003/3003/3003 3012/3012/3012
f 3015/3015/3015 3016/3016/3016 3028/3028/3028
f 3025/3025/3025 3026/3026/3026 3035/3035/3035
f 3056/3056/3056 3057/3057/3057 3078/3078/3078
f 3057/3057/3057 3058/3058/3058 3079/3079/3079
f 3075/3075/3075 3076/3076/3076 3084/3084/3084
f 3076/3076/3076 3077/3077/3077 3085/3085/3085
f 3077/3077/3077 3078/3078/3078 3086/3086/3086
f 3080/3080/3080 3081/3081/3081 3088/3088/3088
f 3091/3091/3091 3092/3092/3092 3096/3096/3096
f 3101/3101/3101 3100/3100/3100 3105/3105/3105
f 3129/3129/3129 3130/3130/3130 3138/3138/3138
f 3136/3136/3136 3137/3137/3137 3146/3146/3146
f 3137/3137/3137 3138/3138/3138 3147/3147/3147
f 3138/3138/3138 3139/3139/3139 3148/3148/3148
f 3145/3145/3145 3146/3146/3146 3154/3154/3154
f 3152/3152/3152 3153/3153/3153 3162/3162/3162
f 3161/3161/3161 3162/3162/3162 3171/3171/3171
f 3169/3169/3169 3168/3168/3168 3177/3177/3177
f 3174/3174/3174 3175/3175/3175 3187/3187/3187
f 3180/3180/3180 3179/3179/3179 3188/3188/3188
f 3190/3190/3190 3189/3189/3189 3196/3196/3196
f 3205/3205/3205 3204/3204/3204 3224/3224/3224
f 3215/3215/3215 3216/3216/3216 3237/3237/3237
f 3248/3248/3248 3247/3247/3247 3254/3254/3254
f 3270/3270/3270 3271/3271/3271 3279/3279/3279
f 3276/3276/3276 3275/3275/3275 3284/3284/3284
f 3277/3277/3277 3278/3278/3278 3287/3287/3287
f 3279/3279/3279 3280/3280/3280 3289/3289/3289
f 3286/3286/3286 3287/3287/3287 3299/3299/3299
f 3295/3295/3295 3294/3294/3294 3308/3308/3308
f 3296/3296/3296 3295/3295/3295 3309/3309/3309
f 3297/3297/3297 3298/3298/3298 3313/3313/3313
f 3301/3301/3301 3302/3302/3302 3317/3317/3317
f 3302/3302/3302 3303/3303/3303 3318/3318/3318
f 3305/3305/3305 3304/3304/3304 3321/3321/3321
f 3311/3311/3311 3310/3310/3310 3324/3324/3324
f 3312/3312/3312 3313/3313/3313 3327/3327/3327
f 3313/3313/3313 3314/3314/3314 3328/3328/3328
f 3315/3315/3315 3316/3316/3316 3330/3330/3330
f 3340/3340/3340 3339/3339/3339 3359/3359/3359
f 3363/3363/3363 3362/3362/3362 3372/3372/3372
f 3364/3364/3364 3363/3363/3363 3373/3373/3373
f 3372/3372/3372 3371/3371/3371 3381/3381/3381
f 3382/3382/3382 3381/3381/3381 3386/3386/3386
f 3394/3394/3394 3393/3393/3393 3400/3400/3400
f 3428/3428/3428 3427/3427/3427 3434/3434/3434
f 3438/3438/3438 3439/3439/3439 3448/3448/3448
f 3464/3464/3464 3463/3463/3463 3483/3483/3483
f 3485/3485/3485 3484/3484/3484 3489/3489/3489
f 3499/3499/3499 3498/3498/3498 3507/3507/3507
f 3502/3502/3502 3501/3501/3501 3511/3511/3511
f 3503/3503/3503 3502/3502/3502 3512/3512/3512
f 3504/3504/3504 3503/3503/3503 3513/3513/3513
f 3509/3509/3509 3508/3508/3508 3517/3517/3517
f 3511/3511/3511 3510/3510/3510 3519/3519/3519
f 3512/3512/3512 3511/3511/3511 3520/3520/3520
f 3514/3514/3514 3513/3513/3513 3522/3522/3522
f 3515/3515/3515 3516/3516/3516 3525/3525/3525
f 3519/3519/3519 3518/3518/3518 3526/3526/3526
f 3522/3522/3522 3521/3521/3521 3529/3529/3529
f 3523/3523/3523 3522/3522/3522 3530/3530/3530
f 3561/3561/3561 3560/3560/3560 3565/3565/3565
f 3567/3567/3567 3566/3566/3566 3570/3570/3570
f 3577/3577/3577 3578/3578/3578 3585/3585/3585
f 3582/3582/3582 3583/3583/3583 3595/3595/3595
f 3588/3588/3588 3589/3589/3589 3597/3597/3597
f 3621/3621/3621 3620/3620/3620 3623/3623/3623
f 3628/3628/3628 3627/3627/3627 3631/3631/3631
f 3633/3633/3633 3632/3632/3632 3636/3636/3636
f 3650/3650/3650 3649/3649/3649 3653/3653/3653
f 3654/3654/3654 3653/3653/3653 3657/3657/3657
f 3671/3671/3671 3670/3670/3670 3674/3674/3674
f 3689/3689/3689 3690/3690/3690 3699/3699/3699
f 3700/3700/3700 3701/3701/3701 3722/3722/3722
f 3720/3720/3720 3719/3719/3719 3723/3723/3723
f 3725/3725/3725 3726/3726/3726 3730/3730/3730
f 3735/3735/3735 3734/3734/3734 3738/3738/3738
f 3750/3750/3750 3749/3749/3749 3753/3753/3753
f 3760/3760/3760 3759/3759/3759 3763/3763/3763
f 3789/3789/3789 3788/3788/3788 3798/3798/3798
f 3790/3790/3790 3789/3789/3789 3799/3799/3799
f 3816/3816/3816 3815/3815/3815 3827/3827/3827
f 3832/3832/3832 3831/3831/3831 3835/3835/3835
f 3837/3837/3837 3836/3836/3836 3839/3839/3839
f 3840/3840/3840 3839/3839/3839 3842/3842/3842
f 3851/3851/3851 3850/3850/3850 3853/3853/3853
f 3858/3858/3858 3857/3857/3857 3861/3861/3861
f 3862/3862/3862 3861/3861/3861 3865/3865/3865
f 3868/3868/3868 3867/3867/3867 3872/3872/3872
f 3874/3874/3874 3873/3873/3873 3880/3880/3880
f 3880/3880/3880 3879/3879/3879 3887/3887/3887
f 3881/3881/3881 3880/3880/3880 3888/3888/3888
f 3888/3888/3888 3887/3887/3887 3897/3897/3897
f 3900/3900/3900 3899/3899/3899 3912/3912/3912
f 3901/3901/3901 3900/3900/3900 3913/3913/3913
f 3935/3935/3935 3934/3934/3934 3945/3945/3945
f 3947/3947/3947 3946/3946/3946 3955/3955/3955
f 3957/3957/3957 3956/3956/3956 3963/3963/3963
f 3967/3967/3967 3968/3968/3968 3975/3975/3975
f 3971/3971/3971 3970/3970/3970 3977/3977/3977
f 3973/3973/3973 3972/3972/3972 3979/3979/3979
f 3977/3977/3977 3976/3976/3976 3983/3983/3983
f 3982/3982/3982 3981/3981/3981 3987/3987/3987
f 3988/3988/3988 3987/3987/3987 3993/3993/3993
f 3996/3996/3996 3995/3995/3995 4000/4000/4000
f 4002/4002/4002 4003/4003/4003 4010/4010/4010
f 4007/4007/4007 4006/4006/4006 4013/4013/4013
f 4011/4011/4011 4012/4012/4012 4017/4017/4017
f 4021/4021/4021 4020/4020/4020 4027/4027/4027
f 4029/4029/4029 4028/4028/4028 4035/4035/4035
f 4037/4037/4037 4036/4036/4036 4046/4046/4046
f 4046/4046/4046 4045/4045/4045 4055/4055/4055
f 4097/4097/4097 4096/4096/4096 4105/4105/4105
f 4102/4102/4102 4101/4101/4101 4110/4110/4110
f 4103/4103/4103 4104/4104/4104 4113/4113/4113
f 4106/4106/4106 4105/4105/4105 4114/4114/4114
f 4132/4132/4132 4131/4131/4131 4137/4137/4137
f 4139/4139/4139 4138/4138/4138 4146/4146/4146
f 4148/4148/4148 4147/4147/4147 4154/4154/4154
f 4153/4153/4153 4152/4152/4152 4159/4159/4159
f 4154/4154/4154 4153/4153/4153 4160/4160/4160
f 4162/4162/4162 4161/4161/4161 4169/4169/4169
f 4170/4170/4170 4169/4169/4169 4175/4175/4175
f 4177/4177/4177 4176/4176/4176 4182/4182/4182
f 4184/4184/4184 4183/4183/4183 4191/4191/4191
f 4201/4201/4201 4200/4200/4200 4210/4210/4210
f 4217/4217/4217 4216/4216/4216 4220/4220/4220
f 4219/4219/4219 4218/4218/4218 4222/4222/4222
f 4260/4260/4260 4259/4259/4259 4266/4266/4266
f 4298/4298/4298 4299/4299/4299 4304/4304/4304
f 4311/4311/4311 4310/4310/4310 4318/4318/4318
f 4348/4348/4348 4347/4347/4347 4349/4349/4349
f 4351/4351/4351 4352/4352/4352 4369/4369/4369
f 4367/4367/4367 4366/4366/4366 4374/4374/4374
f 4368/4368/4368 4369/4369/4369 4378/4378/4378
f 4376/4376/4376 4377/4377/4377 4385/4385/4385
f 4388/4388/4388 4389/4389/4389 4396/4396/4396
f 4393/4393/4393 4394/4394/4394 4401/4401/4401
f 4395/4395/4395 4396/4396/4396 4404/4404/4404
f 4398/4398/4398 4397/4397/4397 4405/4405/4405
f 4402/4402/4402 4403/4403/4403 4412/4412/4412
f 4411/4411/4411 4412/4412/4412 4419/4419/4419
f 4439/4439/4439 4440/4440/4440 4447/4447/4447
f 4440/4440/4440 4441/4441/4441 4448/4448/4448
f 4453/4453/4453 4452/4452/4452 4461/4461/4461
f 4454/4454/4454 4455/4455/4455 4464/4464/4464
f 4471/4471/4471 4470/4470/4470 4478/4478/4478
f 4480/4480/4480 4479/4479/4479 4486/4486/4486
f 4481/4481/4481 4482/4482/4482 4490/4490/4490
f 4497/4497/4497 4498/4498/4498 4502/4502/4502
f 4511/4511/4511 4512/4512/4512 4523/4523/4523
f 4516/4516/4516 4515/4515/4515 4524/4524/4524
f 4517/4517/4517 4518/4518/4518 4528/4528/4528
f 4521/4521/4521 4522/4522/4522 4533/4533/4533
f 4531/4531/4531 4532/4532/4532 4538/4538/4538
f 4532/4532/4532 4533/4533/4533 4539/4539/4539
f 4536/4536/4536 4537/4537/4537 4544/4544/4544
f 4537/4537/4537 4538/4538/4538 4545/4545/4545
f 4541/4541/4541 4540/4540/4540 4546/4546/4546
f 4543/4543/4543 4544/4544/4544 4551/4551/4551
f 4544/4544/4544 4545/4545/4545 4552/4552/4552
f 4550/4550/4550 4551/4551/4551 4559/4559/4559
f 4554/4554/4554 4553/4553/4553 4560/4560/4560
f 4561/4561/4561 4560/4560/4560 4565/4565/4565
f 4569/4569/4569 4570/4570/4570 4577/4577/4577
f 4575/4575/4575 4576/4576/4576 4583/4583/4583
f 4579/4579/4579 4578/4578/4578 4584/4584/4584
f 4591/4591/4591 4592/4592/4592 4600/4600/4600
f 4597/4597/4597 4596/4596/4596 4606/4606/4606
f 4598/4598/4598 4599/4599/4599 4611/4611/4611
f 4599/4599/4599 4600/4600/4600 4612/4612/4612
f 4608/4608/4608 4607/4607/4607 4619/4619/4619
f 4609/4609/4609 4610/4610/4610 4623/4623/4623
f 4621/4621/4621 4620/4620/4620 4628/4628/4628
f 4630/4630/4630 4629/4629/4629 4633/4633/4633
f 4631/4631/4631 4632/4632/4632 4637/4637/4637
f 4638/4638/4638 4639/4639/4639 4649/4649/4649
f 4641/4641/4641 4642/4642/4642 4652/4652/4652
f 4642/4642/4642 4643/4643/4643 4653/4653/4653
f 4644/4644/4644 4645/4645/4645 4655/4655/4655
f 4660/4660/4660 4661/4661/4661 4671/4671/4671
f 4669/4669/4669 4670/4670/4670 4678/4678/4678
f 4674/4674/4674 4673/4673/4673 4679/4679/4679
f 4691/4691/4691 4690/4690/4690 4694/4694/4694
f 4697/4697/4697 4696/4696/4696 4700/4700/4700
f 4699/4699/4699 4698/4698/4698 4702/4702/4702
f 4701/4701/4701 4700/4700/4700 4704/4704/4704
f 4705/4705/4705 4704/4704/4704 4707/4707/4707
f 4707/4707/4707 4708/4708/4708 4712/4712/4712
f 4715/4715/4715 4716/4716/4716 4726/4726/4726
f 4718/4718/4718 4719/4719/4719 4731/4731/4731
f 4723/4723/4723 4724/4724/4724 4736/4736/4736
f 4724/4724/4724 4725/4725/4725 4737/4737/4737
f 4734/4734/4734 4735/4735/4735 4745/4745/4745
f 4735/4735/4735 4736/4736/4736 4746/4746/4746
f 4738/4738/4738 4739/4739/4739 4748/4748/4748
f 4743/4743/4743 4742/4742/4742 4749/4749/4749
f 4744/4744/4744 4745/4745/4745 4753/4753/4753
f 4754/4754/4754 4755/4755/4755 4766/4766/4766
f 4764/4764/4764 4765/4765/4765 4778/4778/4778
f 4775/4775/4775 4774/4774/4774 4779/4779/4779
f 4776/4776/4776 4775/4775/4775 4780/4780/4780
f 4785/4785/4785 4784/4784/4784 4787/4787/4787
f 4810/4810/4810 4809/4809/4809 4813/4813/4813
f 4831/4831/4831 4830/4830/4830 4838/4838/4838
f 4832/4832/4832 4831/4831/4831 4839/4839/4839
f 4833/4833/4833 4834/4834/4834 4843/4843/4843
f 4834/4834/4834 4835/4835/4835 4844/4844/4844
f 4874/4874/4874 4873/4873/4873 4877/4877/4877
f 4887/4887/4887 4886/4886/4886 4889/4889/4889
f 4894/4894/4894 4893/4893/4893 4898/4898/4898
f 4908/4908/4908 4907/4907/4907 4911/4911/4911
f 4910/4910/4910 4909/4909/4909 4913/4913/4913
f 4912/4912/4912 4911/4911/4911 4915/4915/4915
f 4919/4919/4919 4918/4918/4918 4922/4922/4922
f 4929/4929/4929 4928/4928/4928 4936/4936/4936
f 4930/4930/4930 4929/4929/4929 4937/4937/4937
f 4972/4972/4972 4971/4971/4971 4974/4974/4974
f 4977/4977/4977 4976/4976/4976 4982/4982/4982
f 4978/4978/4978 4977/4977/4977 4983/4983/4983
f 4985/4985/4985 4984/4984/4984 4988/4988/4988
f 4989/4989/4989 4988/4988/4988 4991/4991/4991
f 4998/4998/4998 4997/4997/4997 5001/5001/5001
f 5003/5003/5003 5002/5002/5002 5007/5007/5007
f 5005/5005/5005 5004/5004/5004 5009/5009/5009
f 5008/5008/5008 5007/5007/5007 5012/5012/5012
f 5014/5014/5014 5013/5013/5013 5016/5016/5016
f 5021/5021/5021 5020/5020/5020 5025/5025/5025
f 5041/5041/5041 5040/5040/5040 5046/5046/5046
f 5047/5047/5047 5046/5046/5046 5049/5049/5049
f 5052/5052/5052 5053/5053/5053 5061/5061/5061
f 5054/5054/5054 5055/5055/5055 5063/5063/5063
f 5096/5096/5096 5095/5095/5095 5100/5100/5100
f 5104/5104/5104 5103/5103/5103 5108/5108/5108
f 5106/5106/5106 5105/5105/5105 5110/5110/5110
f 5108/5108/5108 5107/5107/5107 5113/5113/5113
f 5119/5119/5119 5118/5118/5118 5121/5121/5121
f 5123/5123/5123 5122/5122/5122 5127/5127/5127
f 5128/5128/5128 5127/5127/5127 5131/5131/5131
f 5131/5131/5131 5130/5130/5130 5134/5134/5134
f 5138/5138/5138 5137/5137/5137 5143/5143/5143
f 5145/5145/5145 5144/5144/5144 5152/5152/5152
f 5146/5146/5146 5145/5145/5145 5153/5153/5153
f 5157/5157/5157 5156/5156/5156 5163/5163/5163
f 5159/5159/5159 5158/5158/5158 5165/5165/5165
f 5162/5162/5162 5161/5161/5161 5168/5168/5168
f 5166/5166/5166 5165/5165/5165 5173/5173/5173
f 5169/5169/5169 5168/5168/5168 5176/5176/5176
f 5170/5170/5170 5169/5169/5169 5177/5177/5177
f 5186/5186/5186 5185/5185/5185 5193/5193/5193
f 5199/5199/5199 5198/5198/5198 5202/5202/5202
f 5204/5204/5204 5203/5203/5203 5207/5207/5207
f 5230/5230/5230 5229/5229/5229 5233/5233/5233
f 5232/5232/5232 5231/5231/5231 5235/5235/5235
f 5237/5237/5237 5236/5236/5236 5240/5240/5240
f 5244/5244/5244 5243/5243/5243 5248/5248/5248
f 5246/5246/5246 5245/5245/5245 5250/5250/5250
f 5252/5252/5252 5251/5251/5251 5256/5256/5256
f 5259/5259/5259 5258/5258/5258 5262/5262/5262
f 5264/5264/5264 5263/5263/5263 5270/5270/5270
f 5265/5265/5265 5264/5264/5264 5271/5271/5271
f 5267/5267/5267 5266/5266/5266 5273/5273/5273
f 5269/5269/5269 5268/5268/5268 5275/5275/5275
f 5275/5275/5275 5274/5274/5274 5280/5280/5280
f 5277/5277/5277 5276/5276/5276 5282/5282/5282
f 5298/5298/5298 5297/5297/5297 5303/5303/5303
f 5299/5299/5299 5298/5298/5298 5304/5304/5304
f 5306/5306/5306 5305/5305/5305 5309/5309/5309
f 5310/5310/5310 5309/5309/5309 5315/5315/5315
f 5312/5312/5312 5311/5311/5311 5317/5317/5317
f 5313/5313/5313 5312/5312/5312 5318/5318/5318
f 5318/5318/5318 5317/5317/5317 5323/5323/5323
f 5324/5324/5324 5323/5323/5323 5327/5327/5327
f 5342/5342/5342 5341/5341/5341 5345/5345/5345
f 5347/5347/5347 5346/5346/5346 5352/5352/5352
f 5352/5352/5352 5351/5351/5351 5358/5358/5358
f 5354/5354/5354 5353/5353/5353 5360/5360/5360
f 5357/5357/5357 5356/5356/5356 5365/5365/5365
f 5360/5360/5360 5359/5359/5359 5367/5367/5367
f 5361/5361/5361 5360/5360/5360 5368/5368/5368
f 5362/5362/5362 5361/5361/5361 5369/5369/5369
f 5365/5365/5365 5364/5364/5364 5374/5374/5374
f 5370/5370/5370 5369/5369/5369 5377/5377/5377
f 5371/5371/5371 5370/5370/5370 5378/5378/5378
f 5374/5374/5374 5373/5373/5373 5381/5381/5381
f 5387/5387/5387 5386/5386/5386 5395/5395/5395
f 5398/5398/5398 5397/5397/5397 5401/5401/5401
f 5404/5404/5404 5403/5403/5403 5408/5408/5408
f 5409/5409/5409 5408/5408/5408 5413/5413/5413
f 5416/5416/5416 5415/5415/5415 5419/5419/5419
f 5423/5423/5423 5422/5422/5422 5427/5427/5427
f 5424/5424/5424 5423/5423/5423 5428/5428/5428
f 5429/5429/5429 5428/5428/5428 5432/5432/5432
f 5436/5436/5436 5435/5435/5435 5440/5440/5440
f 5443/5443/5443 5442/5442/5442 5447/5447/5447
f 5444/5444/5444 5443/5443/5443 5448/5448/5448
f 5449/5449/5449 5448/5448/5448 5454/5454/5454
f 5450/5450/5450 5449/5449/5449 5455/5455/5455
f 5456/5456/5456 5455/5455/5455 5462/5462/5462
f 5458/5458/5458 5457/5457/5457 5464/5464/5464
f 5459/5459/5459 5458/5458/5458 5465/5465/5465
f 5464/5464/5464 5463/5463/5463 5468/5468/5468
f 5473/5473/5473 5472/5472/5472 5480/5480/5480
f 5487/5487/5487 5486/5486/5486 5490/5490/5490
f 5488/5488/5488 5487/5487/5487 5491/5491/5491
f 5492/5492/5492 5491/5491/5491 5494/5494/5494
f 5496/5496/5496 5495/5495/5495 5499/5499/5499
f 5504/5504/5504 5503/5503/5503 5508/5508/5508
f 5510/5510/5510 5509/5509/5509 5516/5516/5516
f 5515/5515/5515 5514/5514/5514 5526/5526/5526
f 5516/5516/5516 5515/5515/5515 5527/5527/5527
f 5521/5521/5521 5520/5520/5520 5530/5530/5530
f 5526/5526/5526 5525/5525/5525 5536/5536/5536
f 5527/5527/5527 5526/5526/5526 5537/5537/5537
f 5534/5534/5534 5533/5533/5533 5540/5540/5540
f 5538/5538/5538 5537/5537/5537 5544/5544/5544
f 5542/5542/5542 5541/5541/5541 5547/5547/5547
f 5543/5543/5543 5542/5542/5542 5548/5548/5548
f 5561/5561/5561 5560/5560/5560 5564/5564/5564
f 5568/5568/5568 5567/5567/5567 5570/5570/5570
f 5571/5571/5571 5570/5570/5570 5573/5573/5573
f 5582/5582/5582 5581/5581/5581 5587/5587/5587
f 5593/5593/5593 5592/5592/5592 5598/5598/5598
f 3/3/3 2/2/2 38/38/38
f 6/6/6 5/5/5 41/41/41
f 7/7/7 6/6/6 42/42/42
f 9/9/9 8/8/8 44/44/44
f 11/11/11 10/10/10 46/46/46
f 22/22/22 23/23/23 63/63/63
f 33/33/33 34/34/34 76/76/76
f 34/34/34 35/35/35 77/77/77
f 38/38/38 37/37/37 80/80/80
f 42/42/42 41/41/41 84/84/84
f 43/43/43 42/42/42 85/85/85
f 45/45/45 44/44/44 87/87/87
f 49/49/49 48/48/48 92/92/92
f 52/52/52 51/51/51 96/96/96
f 75/75/75 76/76/76 135/135/135
f 76/76/76 77/77/77 136/136/136
f 77/77/77 78/78/78 137/137/137
f 81/81/81 80/80/80 156/156/156
f 83/83/83 82/82/82 158/158/158
f 84/84/84 83/83/83 159/159/159
f 85/85/85 84/84/84 160/160/160
f 86/86/86 85/85/85 161/161/161
f 89/89/89 88/88/88 164/164/164
f 94/94/94 93/93/93 169/169/169
f 98/98/98 97/97/97 177/177/177
f 102/102/102 101/101/101 184/184/184
f 111/111/111 110/110/110 198/198/198
f 112/112/112 113/113/113 205/205/205
f 119/119/119 118/118/118 206/206/206
f 120/120/120 119/119/119 207/207/207
f 121/121/121 122/122/122 212/212/212
f 133/133/133 134/134/134 219/219/219
f 143/143/143 144/144/144 221/221/221
f 146/146/146 147/147/147 227/227/227
f 149/149/149 150/150/150 230/230/230
f 159/159/159 158/158/158 250/250/250
f 160/160/160 159/159/159 251/251/251
f 161/161/161 160/160/160 252/252/252
f 162/162/162 161/161/161 253/253/253
f 163/163/163 162/162/162 254/254/254
f 166/166/166 165/165/165 257/257/257
f 168/168/168 167/167/167 263/263/263
f 171/171/171 170/170/170 265/265/265
f 173/173/173 172/172/172 267/267/267
f 174/174/174 173/173/173 268/268/268
f 175/175/175 174/174/174 269/269/269
f 189/189/189 188/188/188 277/277/277
f 196/196/196 195/195/195 282/282/282
f 204/204/204 205/205/205 291/291/291
f 211/211/211 212/212/212 296/296/296
f 217/217/217 218/218/218 302/302/302
f 225/225/225 226/226/226 309/309/309
f 227/227/227 228/228/228 311/311/311
f 228/228/228 229/229/229 312/312/312
f 235/235/235 236/236/236 315/315/315
f 239/239/239 240/240/240 322/322/322
f 240/240/240 241/241/241 323/323/323
f 241/241/241 242/242/242 324/324/324
f 245/245/245 246/246/246 329/329/329
f 250/250/250 249/249/249 342/342/342
f 251/251/251 250/250/250 343/343/343
f 252/252/252 251/251/251 344/344/344
f 253/253/253 252/252/252 345/345/345
f 255/255/255 254/254/254 347/347/347
f 256/256/256 255/255/255 348/348/348
f 258/258/258 257/257/257 350/350/350
f 259/259/259 258/258/258 351/351/351
f 260/260/260 259/259/259 352/352/352
f 262/262/262 261/261/261 354/354/354
f 264/264/264 263/263/263 358/358/358
f 270/270/270 269/269/269 360/360/360
f 271/271/271 270/270/270 361/361/361
f 275/275/275 274/274/274 365/365/365
f 280/280/280 279/279/279 369/369/369
f 285/285/285 284/284/284 373/373/373
f 295/295/295 296/296/296 385/385/385
f 307/307/307 308/308/308 393/393/393
f 308/308/308 309/309/309 394/394/394
f 309/309/309 310/310/310 395/395/395
f 319/319/319 320/320/320 399/399/399
f 320/320/320 321/321/321 400/400/400
f 321/321/321 322/322/322 401/401/401
f 329/329/329 330/330/330 405/405/405
f 331/331/331 332/332/332 407/407/407
f 333/333/333 334/334/334 412/412/412
f 336/336/336 337/337/337 415/415/415
f 343/343/343 342/342/342 430/430/430
f 344/344/344 343/343/343 431/431/431
f 345/345/345 344/344/344 432/432/432
f 349/349/349 348/348/348 436/436/436
f 353/353/353 352/352/352 440/440/440
f 354/354/354 353/353/353 441/441/441
f 356/356/356 355/355/355 443/443/443
f 357/357/357 356/356/356 444/444/444
f 363/363/363 362/362/362 449/449/449
f 367/367/367 366/366/366 454/454/454
f 371/371/371 370/370/370 458/458/458
f 375/375/375 374/374/374 463/463/463
f 392/392/392 393/393/393 479/479/479
f 394/394/394 395/395/395 481/481/481
f 408/408/408 409/409/409 490/490/490
f 409/409/409 410/410/410 491/491/491
f 410/410/410 411/411/411 492/492/492
f 413/413/413 414/414/414 495/495/495
f 418/418/418 419/419/419 499/499/499
f 419/419/419 420/420/420 500/500/500
f 421/421/421 422/422/422 508/508/508
f 427/427/427 426/426/426 530/530/530
f 430/430/430 429/429/429 533/533/533
f 431/431/431 430/430/430 534/534/534
f 432/432/432 431/431/431 535/535/535
f 438/438/438 437/437/437 539/539/539
f 441/441/441 440/440/440 542/542/542
f 442/442/442 441/441/441 543/543/543
f 445/445/445 444/444/444 546/546/546
f 446/446/446 445/445/445 547/547/547
f 451/451/451 450/450/450 551/551/551
f 459/459/459 458/458/458 559/559/559
f 460/460/460 459/459/459 560/560/560
f 461/461/461 462/462/462 563/563/563
f 465/465/465 466/466/466 566/566/566
f 475/475/475 476/476/476 577/577/577
f 479/479/479 480/480/480 582/582/582
f 488/488/488 489/489/489 592/592/592
f 501/501/501 502/502/502 599/599/599
f 502/502/502 503/503/503 600/600/600
f 506/506/506 507/507/507 604/604/604
f 513/513/513 514/514/514 609/609/609
f 515/515/515 516/516/516 613/613/613
f 516/516/516 517/517/517 614/614/614
f 518/518/518 519/519/519 616/616/616
f 521/521/521 520/520/520 617/617/617
f 529/529/529 528/528/528 643/643/643
f 531/531/531 530/530/530 645/645/645
f 533/533/533 532/532/532 647/647/647
f 534/534/534 533/533/533 648/648/648
f 540/540/540 539/539/539 653/653/653
f 543/543/543 542/542/542 656/656/656
f 544/544/544 543/543/543 657/657/657
f 545/545/545 544/544/544 658/658/658
f 548/548/548 547/547/547 661/661/661
f 549/549/549 548/548/548 662/662/662
f 553/553/553 552/552/552 665/665/665
f 555/555/555 554/554/554 668/668/668
f 561/561/561 560/560/560 674/674/674
f 568/568/568 567/567/567 683/683/683
f 569/569/569 570/570/570 686/686/686
f 580/580/580 581/581/581 697/697/697
f 590/590/590 591/591/591 706/706/706
f 597/597/597 598/598/598 712/712/712
f 598/598/598 599/599/599 713/713/713
f 607/607/607 608/608/608 717/717/717
f 626/626/626 627/627/627 722/722/722
f 630/630/630 631/631/631 726/726/726
f 638/638/638 639/639/639 734/734/734
f 642/642/642 641/641/641 743/743/743
f 643/643/643 642/642/642 744/744/744
f 646/646/646 645/645/645 747/747/747
f 648/648/648 647/647/647 750/750/750
f 650/650/650 649/649/649 752/752/752
f 654/654/654 653/653/653 756/756/756
f 656/656/656 655/655/655 758/758/758
f 657/657/657 656/656/656 759/759/759
f 658/658/658 657/657/657 760/760/760
f 663/663/663 662/662/662 765/765/765
f 666/666/666 665/665/665 770/770/770
f 667/667/667 666/666/666 771/771/771
f 676/676/676 675/675/675 779/779/779
f 704/704/704 705/705/705 809/809/809
f 710/710/710 711/711/711 815/815/815
f 711/711/711 712/712/712 816/816/816
f 715/715/715 716/716/716 820/820/820
f 719/719/719 720/720/720 825/825/825
f 723/723/723 724/724/724 828/828/828
f 731/731/731 732/732/732 833/833/833
f 732/732/732 733/733/733 834/834/834
f 733/733/733 734/734/734 835/835/835
f 736/736/736 737/737/737 838/838/838
f 737/737/737 738/738/738 839/839/839
f 738/738/738 739/739/739 840/840/840
f 745/745/745 744/744/744 847/847/847
f 752/752/752 751/751/751 853/853/853
f 755/755/755 754/754/754 856/856/856
f 758/758/758 757/757/757 860/860/860
f 761/761/761 760/760/760 863/863/863
f 767/767/767 766/766/766 869/869/869
f 772/772/772 771/771/771 877/877/877
f 776/776/776 775/775/775 880/880/880
f 778/778/778 777/777/777 882/882/882
f 783/783/783 784/784/784 889/889/889
f 787/787/787 788/788/788 892/892/892
f 793/793/793 792/792/792 895/895/895
f 815/815/815 816/816/816 918/918/918
f 823/823/823 824/824/824 930/930/930
f 826/826/826 827/827/827 936/936/936
f 831/831/831 832/832/832 946/946/946
f 833/833/833 834/834/834 948/948/948
f 836/836/836 837/837/837 951/951/951
f 837/837/837 838/838/838 952/952/952
f 839/839/839 840/840/840 954/954/954
f 840/840/840 841/841/841 955/955/955
f 841/841/841 842/842/842 956/956/956
f 845/845/845 846/846/846 962/962/962
f 849/849/849 848/848/848 963/963/963
f 854/854/854 853/853/853 967/967/967
f 858/858/858 857/857/857 971/971/971
f 865/865/865 864/864/864 977/977/977
f 867/867/867 866/866/866 979/979/979
f 868/868/868 867/867/867 980/980/980
f 870/870/870 869/869/869 982/982/982
f 874/874/874 873/873/873 987/987/987
f 876/876/876 875/875/875 989/989/989
f 878/878/878 877/877/877 992/992/992
f 888/888/888 889/889/889 1018/1018/1018
f 894/894/894 893/893/893 1024/1024/1024
f 906/906/906 907/907/907 1047/1047/1047
f 910/910/910 911/911/911 1052/1052/1052
f 916/916/916 917/917/917 1061/1061/1061
f 923/923/923 924/924/924 1073/1073/1073
f 928/928/928 929/929/929 1080/1080/1080
f 931/931/931 932/932/932 1083/1083/1083
f 938/938/938 939/939/939 1090/1090/1090
f 940/940/940 941/941/941 1092/1092/1092
f 942/942/942 943/943/943 1094/1094/1094
f 950/950/950 951/951/951 1102/1102/1102
f 960/960/960 961/961/961 1110/1110/1110
f 961/961/961 962/962/962 1111/1111/1111
f 968/968/968 967/967/967 1112/1112/1112
f 969/969/969 968/968/968 1113/1113/1113
f 970/970/970 969/969/969 1114/1114/1114
f 973/973/973 972/972/972 1117/1117/1117
f 974/974/974 973/973/973 1118/1118/1118
f 975/975/975 974/974/974 1119/1119/1119
f 979/979/979 978/978/978 1122/1122/1122
f 984/984/984 983/983/983 1127/1127/1127
f 991/991/991 990/990/990 1135/1135/1135
f 1008/1008/1008 1007/1007/1007 1148/1148/1148
f 1016/1016/1016 1015/1015/1015 1154/1154/1154
f 1027/1027/1027 1028/1028/1028 1168/1168/1168
f 1029/1029/1029 1028/1028/1028 1168/1168/1168
f 1041/1041/1041 1040/1040/1040 1185/1185/1185
f 1054/1054/1054 1055/1055/1055 1205/1205/1205
f 1069/1069/1069 1070/1070/1070 1216/1216/1216
f 1079/1079/1079 1080/1080/1080 1226/1226/1226
f 1081/1081/1081 1082/1082/1082 1228/1228/1228
f 1100/1100/1100 1101/1101/1101 1243/1243/1243
f 1103/1103/1103 1104/1104/1104 1246/1246/1246
f 1105/1105/1105 1106/1106/1106 1248/1248/1248
f 1108/1108/1108 1109/1109/1109 1253/1253/1253
f 1109/1109/1109 1110/1110/1110 1254/1254/1254
f 1116/1116/1116 1115/1115/1115 1255/1255/1255
f 1119/1119/1119 1118/1118/1118 1258/1258/1258
f 1123/1123/1123 1122/1122/1122 1261/1261/1261
f 1125/1125/1125 1124/1124/1124 1263/1263/1263
f 1128/1128/1128 1127/1127/1127 1266/1266/1266
f 1130/1130/1130 1129/1129/1129 1268/1268/1268
f 1132/1132/1132 1131/1131/1131 1270/1270/1270
f 1164/1164/1164 1163/1163/1163 1300/1300/1300
f 1177/1177/1177 1176/1176/1176 1313/1313/1313
f 1194/1194/1194 1193/1193/1193 1329/1329/1329
f 1200/1200/1200 1199/1199/1199 1334/1334/1334
f 1213/1213/1213 1214/1214/1214 1351/1351/1351
f 1217/1217/1217 1218/1218/1218 1354/1354/1354
f 1222/1222/1222 1223/1223/1223 1358/1358/1358
f 1224/1224/1224 1225/1225/1225 1360/1360/1360
f 1233/1233/1233 1234/1234/1234 1369/1369/1369
f 1236/1236/1236 1237/1237/1237 1372/1372/1372
f 1248/1248/1248 1249/1249/1249 1384/1384/1384
f 1251/1251/1251 1252/1252/1252 1387/1387/1387
f 1252/1252/1252 1253/1253/1253 1388/1388/1388
f 1258/1258/1258 1257/1257/1257 1392/1392/1392
f 1260/1260/1260 1259/1259/1259 1394/1394/1394
f 1262/1262/1262 1261/1261/1261 1396/1396/1396
f 1263/1263/1263 1262/1262/1262 1397/1397/1397
f 1264/1264/1264 1263/1263/1263 1398/1398/1398
f 1267/1267/1267 1266/1266/1266 1401/1401/1401
f 1270/1270/1270 1269/1269/1269 1404/1404/1404
f 1280/1280/1280 1279/1279/1279 1414/1414/1414
f 1283/1283/1283 1284/1284/1284 1422/1422/1422
f 1286/1286/1286 1285/1285/1285 1423/1423/1423
f 1295/1295/1295 1294/1294/1294 1435/1435/1435
f 1305/1305/1305 1306/1306/1306 1449/1449/1449
f 1308/1308/1308 1307/1307/1307 1450/1450/1450
f 1310/1310/1310 1309/1309/1309 1452/1452/1452
f 1333/1333/1333 1332/1332/1332 1478/1478/1478
f 1337/1337/1337 1338/1338/1338 1486/1486/1486
f 1355/1355/1355 1356/1356/1356 1507/1507/1507
f 1367/1367/1367 1368/1368/1368 1519/1519/1519
f 1378/1378/1378 1379/1379/1379 1529/1529/1529
f 1386/1386/1386 1387/1387/1387 1537/1537/1537
f 1387/1387/1387 1388/1388/1388 1538/1538/1538
f 1391/1391/1391 1390/1390/1390 1546/1546/1546
f 1393/1393/1393 1392/1392/1392 1548/1548/1548
f 1395/1395/1395 1394/1394/1394 1550/1550/1550
f 1398/1398/1398 1397/1397/1397 1555/1555/1555
f 1400/1400/1400 1399/1399/1399 1557/1557/1557
f 1401/1401/1401 1400/1400/1400 1558/1558/1558
f 1405/1405/1405 1404/1404/1404 1562/1562/1562
f 1408/1408/1408 1407/1407/1407 1564/1564/1564
f 1416/1416/1416 1415/1415/1415 1572/1572/1572
f 1420/1420/1420 1421/1421/1421 1579/1579/1579
f 1425/1425/1425 1424/1424/1424 1580/1580/1580
f 1429/1429/1429 1428/1428/1428 1583/1583/1583
f 1430/1430/1430 1431/1431/1431 1586/1586/1586
f 1443/1443/1443 1442/1442/1442 1590/1590/1590
f 1444/1444/1444 1445/1445/1445 1593/1593/1593
f 1456/1456/1456 1457/1457/1457 1600/1600/1600
f 1480/1480/1480 1479/1479/1479 1618/1618/1618
f 1484/1484/1484 1485/1485/1485 1623/1623/1623
f 1490/1490/1490 1491/1491/1491 1627/1627/1627
f 1509/1509/1509 1510/1510/1510 1646/1646/1646
f 1513/1513/1513 1514/1514/1514 1652/1652/1652
f 1515/1515/1515 1516/1516/1516 1654/1654/1654
f 1522/1522/1522 1523/1523/1523 1663/1663/1663
f 1524/1524/1524 1525/1525/1525 1665/1665/1665
f 1527/1527/1527 1528/1528/1528 1667/1667/1667
f 1535/1535/1535 1536/1536/1536 1675/1675/1675
f 1536/1536/1536 1537/1537/1537 1676/1676/1676
f 1540/1540/1540 1541/1541/1541 1682/1682/1682
f 1552/1552/1552 1551/1551/1551 1695/1695/1695
f 1555/1555/1555 1554/1554/1554 1701/1701/1701
f 1556/1556/1556 1555/1555/1555 1702/1702/1702
f 1558/1558/1558 1557/1557/1557 1704/1704/1704
f 1560/1560/1560 1559/1559/1559 1706/1706/1706
f 1566/1566/1566 1565/1565/1565 1711/1711/1711
f 1574/1574/1574 1573/1573/1573 1720/1720/1720
f 1584/1584/1584 1583/1583/1583 1727/1727/1727
f 1601/1601/1601 1602/1602/1602 1742/1742/1742
f 1629/1629/1629 1630/1630/1630 1753/1753/1753
f 1635/1635/1635 1636/1636/1636 1755/1755/1755
f 1643/1643/1643 1644/1644/1644 1761/1761/1761
f 1650/1650/1650 1651/1651/1651 1766/1766/1766
f 1653/1653/1653 1654/1654/1654 1768/1768/1768
f 1656/1656/1656 1657/1657/1657 1770/1770/1770
f 1661/1661/1661 1662/1662/1662 1776/1776/1776
f 1666/1666/1666 1667/1667/1667 1780/1780/1780
f 1674/1674/1674 1675/1675/1675 1790/1790/1790
f 1680/1680/1680 1681/1681/1681 1796/1796/1796
f 1682/1682/1682 1683/1683/1683 1798/1798/1798
f 1684/1684/1684 1685/1685/1685 1800/1800/1800
f 1685/1685/1685 1686/1686/1686 1801/1801/1801
f 1691/1691/1691 1690/1690/1690 1808/1808/1808
f 1695/1695/1695 1694/1694/1694 1812/1812/1812
f 1697/1697/1697 1696/1696/1696 1814/1814/1814
f 1701/1701/1701 1700/1700/1700 1818/1818/1818
f 1702/1702/1702 1701/1701/1701 1819/1819/1819
f 1703/1703/1703 1702/1702/1702 1820/1820/1820
f 1707/1707/1707 1706/1706/1706 1824/1824/1824
f 1710/1710/1710 1709/1709/1709 1829/1829/1829
f 1717/1717/1717 1716/1716/1716 1831/1831/1831
f 1719/1719/1719 1718/1718/1718 1834/1834/1834
f 1725/1725/1725 1726/1726/1726 1839/1839/1839
f 1739/1739/1739 1740/1740/1740 1852/1852/1852
f 1756/1756/1756 1757/1757/1757 1872/1872/1872
f 1769/1769/1769 1770/1770/1770 1881/1881/1881
f 1777/1777/1777 1778/1778/1778 1885/1885/1885
f 1784/1784/1784 1785/1785/1785 1891/1891/1891
f 1789/1789/1789 1790/1790/1790 1894/1894/1894
f 1793/1793/1793 1792/1792/1792 1895/1895/1895
f 1794/1794/1794 1795/1795/1795 1899/1899/1899
f 1799/1799/1799 1800/1800/1800 1904/1904/1904
f 1801/1801/1801 1802/1802/1802 1906/1906/1906
f 1802/1802/1802 1803/1803/1803 1907/1907/1907
f 1809/1809/1809 1808/1808/1808 1922/1922/1922
f 1810/1810/1810 1809/1809/1809 1923/1923/1923
f 1814/1814/1814 1813/1813/1813 1927/1927/1927
f 1816/1816/1816 1815/1815/1815 1929/1929/1929
f 1817/1817/1817 1816/1816/1816 1930/1930/1930
f 1819/1819/1819 1818/1818/1818 1932/1932/1932
f 1820/1820/1820 1819/1819/1819 1933/1933/1933
f 1821/1821/1821 1820/1820/1820 1934/1934/1934
f 1823/1823/1823 1822/1822/1822 1936/1936/1936
f 1826/1826/1826 1825/1825/1825 1939/1939/1939
f 1828/1828/1828 1827/1827/1827 1942/1942/1942
f 1845/1845/1845 1846/1846/1846 1961/1961/1961
f 1854/1854/1854 1853/1853/1853 1970/1970/1970
f 1856/1856/1856 1857/1857/1857 1974/1974/1974
f 1904/1904/1904 1905/1905/1905 2017/2017/2017
f 1913/1913/1913 1914/1914/1914 2022/2022/2022
f 1914/1914/1914 1915/1915/1915 2023/2023/2023
f 1916/1916/1916 1917/1917/1917 2025/2025/2025
f 1918/1918/1918 1919/1919/1919 2027/2027/2027
f 1922/1922/1922 1921/1921/1921 2034/2034/2034
f 1923/1923/1923 1922/1922/1922 2035/2035/2035
f 1924/1924/1924 1923/1923/1923 2036/2036/2036
f 1925/1925/1925 1924/1924/1924 2037/2037/2037
f 1926/1926/1926 1925/1925/1925 2038/2038/2038
f 1927/1927/1927 1926/1926/1926 2039/2039/2039
f 1930/1930/1930 1929/1929/1929 2042/2042/2042
f 1933/1933/1933 1932/1932/1932 2045/2045/2045
f 1934/1934/1934 1933/1933/1933 2046/2046/2046
f 1935/1935/1935 1934/1934/1934 2047/2047/2047
f 1936/1936/1936 1935/1935/1935 2048/2048/2048
f 1937/1937/1937 1936/1936/1936 2049/2049/2049
f 1941/1941/1941 1940/1940/1940 2053/2053/2053
f 1944/1944/1944 1943/1943/1943 2056/2056/2056
f 1948/1948/1948 1947/1947/1947 2065/2065/2065
f 1951/1951/1951 1950/1950/1950 2067/2067/2067
f 1959/1959/1959 1958/1958/1958 2082/2082/2082
f 1972/1972/1972 1973/1973/1973 2112/2112/2112
f 1988/1988/1988 1989/1989/1989 2131/2131/2131
f 2003/2003/2003 2004/2004/2004 2144/2144/2144
f 2011/2011/2011 2012/2012/2012 2152/2152/2152
f 2018/2018/2018 2019/2019/2019 2160/2160/2160
f 2019/2019/2019 2020/2020/2020 2161/2161/2161
f 2021/2021/2021 2022/2022/2022 2163/2163/2163
f 2024/2024/2024 2025/2025/2025 2166/2166/2166
f 2025/2025/2025 2026/2026/2026 2167/2167/2167
f 2030/2030/2030 2029/2029/2029 2169/2169/2169
f 2031/2031/2031 2030/2030/2030 2170/2170/2170
f 2034/2034/2034 2033/2033/2033 2174/2174/2174
f 2035/2035/2035 2034/2034/2034 2175/2175/2175
f 2036/2036/2036 2035/2035/2035 2176/2176/2176
f 2038/2038/2038 2037/2037/2037 2178/2178/2178
f 2039/2039/2039 2038/2038/2038 2179/2179/2179
f 2040/2040/2040 2039/2039/2039 2180/2180/2180
f 2041/2041/2041 2040/2040/2040 2181/2181/2181
f 2042/2042/2042 2041/2041/2041 2182/2182/2182
f 2048/2048/2048 2047/2047/2047 2188/2188/2188
f 2049/2049/2049 2048/2048/2048 2189/2189/2189
f 2054/2054/2054 2053/2053/2053 2192/2192/2192
f 2055/2055/2055 2054/2054/2054 2193/2193/2193
f 2060/2060/2060 2059/2059/2059 2201/2201/2201
f 2062/2062/2062 2061/2061/2061 2203/2203/2203
f 2063/2063/2063 2062/2062/2062 2204/2204/2204
f 2064/2064/2064 2063/2063/2063 2205/2205/2205
f 2066/2066/2066 2065/2065/2065 2207/2207/2207
f 2098/2098/2098 2097/2097/2097 2213/2213/2213
f 2115/2115/2115 2116/2116/2116 2233/2233/2233
f 2119/2119/2119 2120/2120/2120 2237/2237/2237
f 2132/2132/2132 2133/2133/2133 2249/2249/2249
f 2134/2134/2134 2135/2135/2135 2251/2251/2251
f 2138/2138/2138 2139/2139/2139 2254/2254/2254
f 2140/2140/2140 2141/2141/2141 2259/2259/2259
f 2141/2141/2141 2142/2142/2142 2260/2260/2260
f 2143/2143/2143 2144/2144/2144 2262/2262/2262
f 2144/2144/2144 2145/2145/2145 2263/2263/2263
f 2146/2146/2146 2147/2147/2147 2269/2269/2269
f 2148/2148/2148 2149/2149/2149 2273/2273/2273
f 2150/2150/2150 2151/2151/2151 2279/2279/2279
f 2153/2153/2153 2154/2154/2154 2282/2282/2282
f 2157/2157/2157 2158/2158/2158 2287/2287/2287
f 2158/2158/2158 2159/2159/2159 2288/2288/2288
f 2162/2162/2162 2163/2163/2163 2292/2292/2292
f 2163/2163/2163 2164/2164/2164 2293/2293/2293
f 2164/2164/2164 2165/2165/2165 2294/2294/2294
f 2171/2171/2171 2170/2170/2170 2297/2297/2297
f 2172/2172/2172 2171/2171/2171 2298/2298/2298
f 2175/2175/2175 2174/2174/2174 2301/2301/2301
f 2176/2176/2176 2175/2175/2175 2302/2302/2302
f 2180/2180/2180 2179/2179/2179 2306/2306/2306
f 2181/2181/2181 2180/2180/2180 2307/2307/2307
f 2184/2184/2184 2183/2183/2183 2310/2310/2310
f 2185/2185/2185 2184/2184/2184 2311/2311/2311
f 2190/2190/2190 2189/2189/2189 2316/2316/2316
f 2195/2195/2195 2194/2194/2194 2320/2320/2320
f 2210/2210/2210 2209/2209/2209 2336/2336/2336
f 2225/2225/2225 2226/2226/2226 2347/2347/2347
f 2226/2226/2226 2227/2227/2227 2348/2348/2348
f 2243/2243/2243 2244/2244/2244 2366/2366/2366
f 2253/2253/2253 2254/2254/2254 2387/2387/2387
f 2255/2255/2255 2256/2256/2256 2390/2390/2390
f 2259/2259/2259 2260/2260/2260 2395/2395/2395
f 2264/2264/2264 2265/2265/2265 2400/2400/2400
f 2271/2271/2271 2272/2272/2272 2408/2408/2408
f 2272/2272/2272 2273/2273/2273 2409/2409/2409
f 2277/2277/2277 2276/2276/2276 2413/2413/2413
f 2291/2291/2291 2292/2292/2292 2437/2437/2437
f 2292/2292/2292 2293/2293/2293 2438/2438/2438
f 2297/2297/2297 2296/2296/2296 2441/2441/2441
f 2301/2301/2301 2300/2300/2300 2445/2445/2445
f 2303/2303/2303 2302/2302/2302 2447/2447/2447
f 2307/2307/2307 2306/2306/2306 2451/2451/2451
f 2313/2313/2313 2312/2312/2312 2454/2454/2454
f 2315/2315/2315 2314/2314/2314 2456/2456/2456
f 2317/2317/2317 2316/2316/2316 2458/2458/2458
f 2323/2323/2323 2322/2322/2322 2464/2464/2464
f 2324/2324/2324 2323/2323/2323 2465/2465/2465
f 2325/2325/2325 2324/2324/2324 2466/2466/2466
f 2331/2331/2331 2330/2330/2330 2472/2472/2472
f 2335/2335/2335 2334/2334/2334 2478/2478/2478
f 2350/2350/2350 2349/2349/2349 2496/2496/2496
f 2357/2357/2357 2358/2358/2358 2505/2505/2505
f 2361/2361/2361 2362/2362/2362 2512/2512/2512
f 2367/2367/2367 2368/2368/2368 2521/2521/2521
f 2369/2369/2369 2370/2370/2370 2524/2524/2524
f 2371/2371/2371 2372/2372/2372 2526/2526/2526
f 2378/2378/2378 2379/2379/2379 2534/2534/2534
f 2380/2380/2380 2381/2381/2381 2537/2537/2537
f 2396/2396/2396 2397/2397/2397 2554/2554/2554
f 2398/2398/2398 2399/2399/2399 2556/2556/2556
f 2406/2406/2406 2407/2407/2407 2564/2564/2564
f 2421/2421/2421 2422/2422/2422 2572/2572/2572
f 2422/2422/2422 2423/2423/2423 2573/2573/2573
f 2433/2433/2433 2434/2434/2434 2580/2580/2580
f 2435/2435/2435 2436/2436/2436 2582/2582/2582
f 2442/2442/2442 2441/2441/2441 2585/2585/2585
f 2443/2443/2443 2442/2442/2442 2586/2586/2586
f 2447/2447/2447 2446/2446/2446 2589/2589/2589
f 2450/2450/2450 2449/2449/2449 2592/2592/2592
f 2452/2452/2452 2451/2451/2451 2594/2594/2594
f 2456/2456/2456 2455/2455/2455 2597/2597/2597
f 2457/2457/2457 2456/2456/2456 2598/2598/2598
f 2459/2459/2459 2458/2458/2458 2600/2600/2600
f 2463/2463/2463 2462/2462/2462 2604/2604/2604
f 2464/2464/2464 2463/2463/2463 2605/2605/2605
f 2469/2469/2469 2468/2468/2468 2610/2610/2610
f 2474/2474/2474 2473/2473/2473 2614/2614/2614
f 2482/2482/2482 2481/2481/2481 2621/2621/2621
f 2486/2486/2486 2485/2485/2485 2625/2625/2625
f 2490/2490/2490 2489/2489/2489 2630/2630/2630
f 2494/2494/2494 2495/2495/2495 2642/2642/2642
f 2500/2500/2500 2501/2501/2501 2653/2653/2653
f 2501/2501/2501 2502/2502/2502 2654/2654/2654
f 2504/2504/2504 2505/2505/2505 2657/2657/2657
f 2514/2514/2514 2515/2515/2515 2675/2675/2675
f 2519/2519/2519 2520/2520/2520 2681/2681/2681
f 2523/2523/2523 2524/2524/2524 2685/2685/2685
f 2535/2535/2535 2536/2536/2536 2696/2696/2696
f 2543/2543/2543 2544/2544/2544 2701/2701/2701
f 2560/2560/2560 2561/2561/2561 2716/2716/2716
f 2563/2563/2563 2564/2564/2564 2719/2719/2719
f 2568/2568/2568 2567/2567/2567 2722/2722/2722
f 2569/2569/2569 2570/2570/2570 2726/2726/2726
f 2571/2571/2571 2572/2572/2572 2728/2728/2728
f 2578/2578/2578 2579/2579/2579 2734/2734/2734
f 2579/2579/2579 2580/2580/2580 2735/2735/2735
f 2581/2581/2581 2582/2582/2582 2738/2738/2738
f 2585/2585/2585 2584/2584/2584 2742/2742/2742
f 2586/2586/2586 2585/2585/2585 2743/2743/2743
f 2587/2587/2587 2586/2586/2586 2744/2744/2744
f 2588/2588/2588 2587/2587/2587 2745/2745/2745
f 2590/2590/2590 2589/2589/2589 2747/2747/2747
f 2592/2592/2592 2591/2591/2591 2749/2749/2749
f 2593/2593/2593 2592/2592/2592 2750/2750/2750
f 2594/2594/2594 2593/2593/2593 2751/2751/2751
f 2598/2598/2598 2597/2597/2597 2754/2754/2754
f 2600/2600/2600 2599/2599/2599 2756/2756/2756
f 2602/2602/2602 2601/2601/2601 2758/2758/2758
f 2604/2604/2604 2603/2603/2603 2760/2760/2760
f 2605/2605/2605 2604/2604/2604 2761/2761/2761
f 2606/2606/2606 2605/2605/2605 2762/2762/2762
f 2620/2620/2620 2619/2619/2619 2775/2775/2775
f 2632/2632/2632 2631/2631/2631 2785/2785/2785
f 2651/2651/2651 2652/2652/2652 2805/2805/2805
f 2652/2652/2652 2653/2653/2653 2806/2806/2806
f 2663/2663/2663 2664/2664/2664 2815/2815/2815
f 2665/2665/2665 2666/2666/2666 2817/2817/2817
f 2670/2670/2670 2671/2671/2671 2821/2821/2821
f 2688/2688/2688 2689/2689/2689 2835/2835/2835
f 2700/2700/2700 2701/2701/2701 2846/2846/2846
f 2705/2705/2705 2706/2706/2706 2851/2851/2851
f 2706/2706/2706 2707/2707/2707 2852/2852/2852
f 2708/2708/2708 2709/2709/2709 2855/2855/2855
f 2710/2710/2710 2711/2711/2711 2857/2857/2857
f 2714/2714/2714 2715/2715/2715 2860/2860/2860
f 2718/2718/2718 2719/2719/2719 2865/2865/2865
f 2724/2724/2724 2725/2725/2725 2873/2873/2873
f 2727/2727/2727 2728/2728/2728 2875/2875/2875
f 2733/2733/2733 2734/2734/2734 2879/2879/2879
f 2736/2736/2736 2737/2737/2737 2881/2881/2881
f 2739/2739/2739 2740/2740/2740 2883/2883/2883
f 2740/2740/2740 2741/2741/2741 2884/2884/2884
f 2743/2743/2743 2742/2742/2742 2885/2885/2885
f 2746/2746/2746 2745/2745/2745 2888/2888/2888
f 2748/2748/2748 2747/2747/2747 2890/2890/2890
f 2755/2755/2755 2754/2754/2754 2897/2897/2897
f 2756/2756/2756 2755/2755/2755 2898/2898/2898
f 2757/2757/2757 2756/2756/2756 2899/2899/2899
f 2759/2759/2759 2758/2758/2758 2901/2901/2901
f 2761/2761/2761 2760/2760/2760 2903/2903/2903
f 2762/2762/2762 2761/2761/2761 2904/2904/2904
f 2764/2764/2764 2763/2763/2763 2906/2906/2906
f 2765/2765/2765 2764/2764/2764 2907/2907/2907
f 2766/2766/2766 2765/2765/2765 2908/2908/2908
f 2774/2774/2774 2773/2773/2773 2917/2917/2917
f 2778/2778/2778 2777/2777/2777 2922/2922/2922
f 2789/2789/2789 2788/2788/2788 2934/2934/2934
f 2790/2790/2790 2791/2791/2791 2938/2938/2938
f 2804/2804/2804 2805/2805/2805 2958/2958/2958
f 2806/2806/2806 2807/2807/2807 2960/2960/2960
f 2807/2807/2807 2808/2808/2808 2961/2961/2961
f 2812/2812/2812 2813/2813/2813 2968/2968/2968
f 2818/2818/2818 2819/2819/2819 2974/2974/2974
f 2820/2820/2820 2821/2821/2821 2976/2976/2976
f 2822/2822/2822 2823/2823/2823 2978/2978/2978
f 2842/2842/2842 2843/2843/2843 3001/3001/3001
f 2848/2848/2848 2849/2849/2849 3008/3008/3008
f 2853/2853/2853 2854/2854/2854 3013/3013/3013
f 2861/2861/2861 2862/2862/2862 3020/3020/3020
f 2863/2863/2863 2864/2864/2864 3022/3022/3022
f 2871/2871/2871 2872/2872/2872 3030/3030/3030
f 2880/2880/2880 2881/2881/2881 3039/3039/3039
f 2882/2882/2882 2883/2883/2883 3041/3041/3041
f 2886/2886/2886 2885/2885/2885 3043/3043/3043
f 2887/2887/2887 2886/2886/2886 3044/3044/3044
f 2889/2889/2889 2888/2888/2888 3046/3046/3046
f 2896/2896/2896 2895/2895/2895 3053/3053/3053
f 2899/2899/2899 2898/2898/2898 3059/3059/3059
f 2900/2900/2900 2899/2899/2899 3060/3060/3060
f 2901/2901/2901 2900/2900/2900 3061/3061/3061
f 2902/2902/2902 2901/2901/2901 3062/3062/3062
f 2904/2904/2904 2903/2903/2903 3064/3064/3064
f 2905/2905/2905 2904/2904/2904 3065/3065/3065
f 2906/2906/2906 2905/2905/2905 3066/3066/3066
f 2907/2907/2907 2906/2906/2906 3067/3067/3067
f 2908/2908/2908 2907/2907/2907 3068/3068/3068
f 2909/2909/2909 2908/2908/2908 3069/3069/3069
f 2913/2913/2913 2912/2912/2912 3073/3073/3073
f 2925/2925/2925 2924/2924/2924 3089/3089/3089
f 2931/2931/2931 2930/2930/2930 3094/3094/3094
f 2940/2940/2940 2939/2939/2939 3100/3100/3100
f 2942/2942/2942 2943/2943/2943 3104/3104/3104
f 2948/2948/2948 2947/2947/2947 3107/3107/3107
f 2956/2956/2956 2957/2957/2957 3114/3114/3114
f 2958/2958/2958 2959/2959/2959 3116/3116/3116
f 2959/2959/2959 2960/2960/2960 3117/3117/3117
f 2960/2960/2960 2961/2961/2961 3118/3118/3118
f 2966/2966/2966 2967/2967/2967 3121/3121/3121
f 2977/2977/2977 2978/2978/2978 3128/3128/3128
f 2981/2981/2981 2982/2982/2982 3131/3131/3131
f 2988/2988/2988 2989/2989/2989 3140/3140/3140
f 2990/2990/2990 2991/2991/2991 3142/3142/3142
f 2992/2992/2992 2993/2993/2993 3144/3144/3144
f 3006/3006/3006 3007/3007/3007 3164/3164/3164
f 3009/3009/3009 3010/3010/3010 3166/3166/3166
f 3018/3018/3018 3019/3019/3019 3176/3176/3176
f 3022/3022/3022 3023/3023/3023 3179/3179/3179
f 3029/3029/3029 3030/3030/3030 3185/3185/3185
f 3034/3034/3034 3035/3035/3035 3191/3191/3191
f 3038/3038/3038 3039/3039/3039 3197/3197/3197
f 3040/3040/3040 3041/3041/3041 3199/3199/3199
f 3041/3041/3041 3042/3042/3042 3200/3200/3200
f 3045/3045/3045 3044/3044/3044 3202/3202/3202
f 3046/3046/3046 3045/3045/3045 3203/3203/3203
f 3055/3055/3055 3054/3054/3054 3212/3212/3212
f 3059/3059/3059 3058/3058/3058 3218/3218/3218
f 3060/3060/3060 3059/3059/3059 3219/3219/3219
f 3061/3061/3061 3060/3060/3060 3220/3220/3220
f 3062/3062/3062 3061/3061/3061 3221/3221/3221
f 3066/3066/3066 3065/3065/3065 3226/3226/3226
f 3072/3072/3072 3071/3071/3071 3232/3232/3232
f 3075/3075/3075 3074/3074/3074 3234/3234/3234
f 3076/3076/3076 3075/3075/3075 3235/3235/3235
f 3114/3114/3114 3115/3115/3115 3253/3253/3253
f 3115/3115/3115 3116/3116/3116 3254/3254/3254
f 3116/3116/3116 3117/3117/3117 3255/3255/3255
f 3125/3125/3125 3126/3126/3126 3262/3262/3262
f 3134/3134/3134 3135/3135/3135 3266/3266/3266
f 3143/3143/3143 3144/3144/3144 3269/3269/3269
f 3147/3147/3147 3148/3148/3148 3272/3272/3272
f 3155/3155/3155 3156/3156/3156 3281/3281/3281
f 3157/3157/3157 3158/3158/3158 3283/3283/3283
f 3165/3165/3165 3166/3166/3166 3292/3292/3292
f 3172/3172/3172 3173/3173/3173 3303/3303/3303
f 3175/3175/3175 3176/3176/3176 3307/3307/3307
f 3185/3185/3185 3186/3186/3186 3322/3322/3322
f 3186/3186/3186 3187/3187/3187 3323/3323/3323
f 3194/3194/3194 3195/3195/3195 3334/3334/3334
f 3198/3198/3198 3199/3199/3199 3336/3336/3336
f 3202/3202/3202 3201/3201/3201 3337/3337/3337
f 3208/3208/3208 3207/3207/3207 3342/3342/3342
f 3209/3209/3209 3208/3208/3208 3343/3343/3343
f 3214/3214/3214 3213/3213/3213 3348/3348/3348
f 3217/3217/3217 3216/3216/3216 3351/3351/3351
f 3218/3218/3218 3217/3217/3217 3352/3352/3352
f 3219/3219/3219 3218/3218/3218 3353/3353/3353
f 3221/3221/3221 3220/3220/3220 3355/3355/3355
f 3222/3222/3222 3221/3221/3221 3356/3356/3356
f 3223/3223/3223 3222/3222/3222 3357/3357/3357
f 3226/3226/3226 3225/3225/3225 3361/3361/3361
f 3227/3227/3227 3226/3226/3226 3362/3362/3362
f 3228/3228/3228 3227/3227/3227 3363/3363/3363
f 3229/3229/3229 3228/3228/3228 3364/3364/3364
f 3230/3230/3230 3229/3229/3229 3365/3365/3365
f 3231/3231/3231 3230/3230/3230 3366/3366/3366
f 3233/3233/3233 3232/3232/3232 3368/3368/3368
f 3239/3239/3239 3238/3238/3238 3378/3378/3378
f 3245/3245/3245 3246/3246/3246 3400/3400/3400
f 3247/3247/3247 3248/3248/3248 3402/3402/3402
f 3251/3251/3251 3252/3252/3252 3407/3407/3407
f 3258/3258/3258 3259/3259/3259 3410/3410/3410
f 3273/3273/3273 3274/3274/3274 3422/3422/3422
f 3291/3291/3291 3292/3292/3292 3433/3433/3433
f 3300/3300/3300 3301/3301/3301 3440/3440/3440
f 3304/3304/3304 3305/3305/3305 3442/3442/3442
f 3306/3306/3306 3307/3307/3307 3444/3444/3444
f 3319/3319/3319 3320/3320/3320 3451/3451/3451
f 3325/3325/3325 3326/3326/3326 3454/3454/3454
f 3326/3326/3326 3327/3327/3327 3455/3455/3455
f 3329/3329/3329 3330/3330/3330 3458/3458/3458
f 3330/3330/3330 3331/3331/3331 3459/3459/3459
f 3338/3338/3338 3337/3337/3337 3462/3462/3462
f 3343/3343/3343 3342/3342/3342 3466/3466/3466
f 3344/3344/3344 3343/3343/3343 3467/3467/3467
f 3345/3345/3345 3344/3344/3344 3468/3468/3468
f 3351/3351/3351 3350/3350/3350 3474/3474/3474
f 3352/3352/3352 3351/3351/3351 3475/3475/3475
f 3354/3354/3354 3353/3353/3353 3477/3477/3477
f 3358/3358/3358 3357/3357/3357 3481/3481/3481
f 3369/3369/3369 3368/3368/3368 3487/3487/3487
f 3370/3370/3370 3371/3371/3371 3491/3491/3491
f 3375/3375/3375 3374/3374/3374 3492/3492/3492
f 3379/3379/3379 3378/3378/3378 3496/3496/3496
f 3384/3384/3384 3383/3383/3383 3500/3500/3500
f 3388/3388/3388 3387/3387/3387 3509/3509/3509
f 3392/3392/3392 3393/3393/3393 3536/3536/3536
f 3398/3398/3398 3399/3399/3399 3543/3543/3543
f 3405/3405/3405 3406/3406/3406 3546/3546/3546
f 3412/3412/3412 3413/3413/3413 3552/3552/3552
f 3416/3416/3416 3417/3417/3417 3556/3556/3556
f 3421/3421/3421 3422/3422/3422 3564/3564/3564
f 3425/3425/3425 3426/3426/3426 3569/3569/3569
f 3431/3431/3431 3432/3432/3432 3573/3573/3573
f 3436/3436/3436 3437/3437/3437 3576/3576/3576
f 3442/3442/3442 3443/3443/3443 3579/3579/3579
f 3445/3445/3445 3446/3446/3446 3581/3581/3581
f 3454/3454/3454 3455/3455/3455 3588/3588/3588
f 3455/3455/3455 3456/3456/3456 3589/3589/3589
f 3456/3456/3456 3457/3457/3457 3590/3590/3590
f 3467/3467/3467 3466/3466/3466 3599/3599/3599
f 3468/3468/3468 3467/3467/3467 3600/3600/3600
f 3469/3469/3469 3468/3468/3468 3601/3601/3601
f 3474/3474/3474 3473/3473/3473 3606/3606/3606
f 3483/3483/3483 3482/3482/3482 3615/3615/3615
f 3488/3488/3488 3487/3487/3487 3618/3618/3618
f 3506/3506/3506 3505/3505/3505 3625/3625/3625
f 3524/3524/3524 3525/3525/3525 3635/3635/3635
f 3533/3533/3533 3534/3534/3534 3640/3640/3640
f 3548/3548/3548 3549/3549/3549 3648/3648/3648
f 3557/3557/3557 3558/3558/3558 3660/3660/3660
f 3559/3559/3559 3560/3560/3560 3662/3662/3662
f 3562/3562/3562 3563/3563/3563 3665/3665/3665
f 3578/3578/3578 3579/3579/3579 3679/3679/3679
f 3580/3580/3580 3581/3581/3581 3681/3681/3681
f 3586/3586/3586 3587/3587/3587 3687/3687/3687
f 3587/3587/3587 3588/3588/3588 3688/3688/3688
f 3590/3590/3590 3591/3591/3591 3691/3691/3691
f 3593/3593/3593 3594/3594/3594 3694/3694/3694
f 3594/3594/3594 3595/3595/3595 3695/3695/3695
f 3601/3601/3601 3600/3600/3600 3703/3703/3703
f 3607/3607/3607 3606/3606/3606 3709/3709/3709
f 3608/3608/3608 3607/3607/3607 3710/3710/3710
f 3616/3616/3616 3615/3615/3615 3718/3718/3718
f 3630/3630/3630 3629/3629/3629 3732/3732/3732
f 3644/3644/3644 3645/3645/3645 3748/3748/3748
f 3651/3651/3651 3652/3652/3652 3756/3756/3756
f 3661/3661/3661 3662/3662/3662 3764/3764/3764
f 3664/3664/3664 3665/3665/3665 3766/3766/3766
f 3667/3667/3667 3668/3668/3668 3769/3769/3769
f 3670/3670/3670 3671/3671/3671 3774/3774/3774
f 3672/3672/3672 3673/3673/3673 3777/3777/3777
f 3677/3677/3677 3678/3678/3678 3783/3783/3783
f 3678/3678/3678 3679/3679/3679 3784/3784/3784
f 3682/3682/3682 3683/3683/3683 3792/3792/3792
f 3683/3683/3683 3684/3684/3684 3793/3793/3793
f 3686/3686/3686 3687/3687/3687 3795/3795/3795
f 3690/3690/3690 3691/3691/3691 3798/3798/3798
f 3692/3692/3692 3693/3693/3693 3800/3800/3800
f 3693/3693/3693 3694/3694/3694 3801/3801/3801
f 3696/3696/3696 3697/3697/3697 3803/3803/3803
f 3698/3698/3698 3699/3699/3699 3805/3805/3805
f 3702/3702/3702 3701/3701/3701 3807/3807/3807
f 3706/3706/3706 3705/3705/3705 3811/3811/3811
f 3709/3709/3709 3708/3708/3708 3814/3814/3814
f 3712/3712/3712 3711/3711/3711 3817/3817/3817
f 3713/3713/3713 3712/3712/3712 3818/3818/3818
f 3718/3718/3718 3717/3717/3717 3823/3823/3823
f 3751/3751/3751 3752/3752/3752 3856/3856/3856
f 3761/3761/3761 3762/3762/3762 3870/3870/3870
f 3770/3770/3770 3771/3771/3771 3883/3883/3883
f 3772/3772/3772 3773/3773/3773 3885/3885/3885
f 3775/3775/3775 3776/3776/3776 3891/3891/3891
f 3778/3778/3778 3779/3779/3779 3893/3893/3893
f 3779/3779/3779 3780/3780/3780 3894/3894/3894
f 3781/3781/3781 3782/3782/3782 3903/3903/3903
f 3785/3785/3785 3786/3786/3786 3907/3907/3907
f 3787/3787/3787 3788/3788/3788 3911/3911/3911
f 3788/3788/3788 3789/3789/3789 3912/3912/3912
f 3789/3789/3789 3790/3790/3790 3913/3913/3913
f 3790/3790/3790 3791/3791/3791 3914/3914/3914
f 3791/3791/3791 3792/3792/3792 3915/3915/3915
f 3794/3794/3794 3795/3795/3795 3918/3918/3918
f 3796/3796/3796 3797/3797/3797 3921/3921/3921
f 3803/3803/3803 3804/3804/3804 3925/3925/3925
f 3813/3813/3813 3812/3812/3812 3932/3932/3932
f 3814/3814/3814 3813/3813/3813 3933/3933/3933
f 3819/3819/3819 3818/3818/3818 3936/3936/3936
f 3820/3820/3820 3819/3819/3819 3937/3937/3937
f 3824/3824/3824 3823/3823/3823 3941/3941/3941
f 3829/3829/3829 3828/3828/3828 3947/3947/3947
f 3830/3830/3830 3829/3829/3829 3948/3948/3948
f 3834/3834/3834 3833/3833/3833 3953/3953/3953
f 3857/3857/3857 3858/3858/3858 4005/4005/4005
f 3859/3859/3859 3860/3860/3860 4009/4009/4009
f 3876/3876/3876 3877/3877/3877 4032/4032/4032
f 3878/3878/3878 3879/3879/3879 4034/4034/4034
f 3884/3884/3884 3885/3885/3885 4042/4042/4042
f 3890/3890/3890 3891/3891/3891 4049/4049/4049
f 3892/3892/3892 3893/3893/3893 4052/4052/4052
f 3895/3895/3895 3896/3896/3896 4054/4054/4054
f 3899/3899/3899 3900/3900/3900 4056/4056/4056
f 3900/3900/3900 3901/3901/3901 4057/4057/4057
f 3901/3901/3901 3902/3902/3902 4058/4058/4058
f 3903/3903/3903 3904/3904/3904 4060/4060/4060
f 3905/3905/3905 3906/3906/3906 4062/4062/4062
f 3916/3916/3916 3917/3917/3917 4066/4066/4066
f 3919/3919/3919 3920/3920/3920 4068/4068/4068
f 3922/3922/3922 3923/3923/3923 4071/4071/4071
f 3927/3927/3927 3926/3926/3926 4073/4073/4073
f 3939/3939/3939 3938/3938/3938 4082/4082/4082
f 3941/3941/3941 3940/3940/3940 4084/4084/4084
f 3942/3942/3942 3941/3941/3941 4085/4085/4085
f 3951/3951/3951 3950/3950/3950 4091/4091/4091
f 3954/3954/3954 3953/3953/3953 4094/4094/4094
f 3959/3959/3959 3958/3958/3958 4098/4098/4098
f 3969/3969/3969 3970/3970/3970 4116/4116/4116
f 3974/3974/3974 3975/3975/3975 4122/4122/4122
f 3980/3980/3980 3979/3979/3979 4126/4126/4126
f 3981/3981/3981 3982/3982/3982 4130/4130/4130
f 3991/3991/3991 3990/3990/3990 4139/4139/4139
f 3995/3995/3995 3996/3996/3996 4147/4147/4147
f 3997/3997/3997 3998/3998/3998 4150/4150/4150
f 4006/4006/4006 4007/4007/4007 4161/4161/4161
f 4008/4008/4008 4009/4009/4009 4164/4164/4164
f 4009/4009/4009 4010/4010/4010 4165/4165/4165
f 4018/4018/4018 4019/4019/4019 4174/4174/4174
f 4023/4023/4023 4024/4024/4024 4180/4180/4180
f 4038/4038/4038 4039/4039/4039 4195/4195/4195
f 4040/4040/4040 4041/4041/4041 4197/4197/4197
f 4043/4043/4043 4044/4044/4044 4199/4199/4199
f 4048/4048/4048 4049/4049/4049 4204/4204/4204
f 4050/4050/4050 4051/4051/4051 4206/4206/4206
f 4051/4051/4051 4052/4052/4052 4207/4207/4207
f 4058/4058/4058 4059/4059/4059 4212/4212/4212
f 4059/4059/4059 4060/4060/4060 4213/4213/4213
f 4061/4061/4061 4062/4062/4062 4215/4215/4215
f 4069/4069/4069 4070/4070/4070 4223/4223/4223
f 4075/4075/4075 4074/4074/4074 4227/4227/4227
f 4076/4076/4076 4075/4075/4075 4228/4228/4228
f 4080/4080/4080 4079/4079/4079 4232/4232/4232
f 4083/4083/4083 4082/4082/4082 4235/4235/4235
f 4084/4084/4084 4083/4083/4083 4236/4236/4236
f 4085/4085/4085 4084/4084/4084 4237/4237/4237
f 4086/4086/4086 4085/4085/4085 4238/4238/4238
f 4087/4087/4087 4086/4086/4086 4239/4239/4239
f 4090/4090/4090 4089/4089/4089 4242/4242/4242
f 4100/4100/4100 4099/4099/4099 4249/4249/4249
f 4118/4118/4118 4117/4117/4117 4261/4261/4261
f 4120/4120/4120 4119/4119/4119 4263/4263/4263
f 4123/4123/4123 4124/4124/4124 4267/4267/4267
f 4128/4128/4128 4129/4129/4129 4272/4272/4272
f 4141/4141/4141 4142/4142/4142 4282/4282/4282
f 4143/4143/4143 4144/4144/4144 4284/4284/4284
f 4145/4145/4145 4146/4146/4146 4286/4286/4286
f 4185/4185/4185 4186/4186/4186 4317/4317/4317
f 4187/4187/4187 4188/4188/4188 4319/4319/4319
f 4189/4189/4189 4190/4190/4190 4321/4321/4321
f 4193/4193/4193 4194/4194/4194 4326/4326/4326
f 4196/4196/4196 4197/4197/4197 4328/4328/4328
f 4202/4202/4202 4203/4203/4203 4334/4334/4334
f 4206/4206/4206 4207/4207/4207 4337/4337/4337
f 4208/4208/4208 4209/4209/4209 4339/4339/4339
f 4211/4211/4211 4212/4212/4212 4341/4341/4341
f 4223/4223/4223 4224/4224/4224 4350/4350/4350
f 4228/4228/4228 4227/4227/4227 4353/4353/4353
f 4229/4229/4229 4228/4228/4228 4354/4354/4354
f 4234/4234/4234 4233/4233/4233 4359/4359/4359
f 4238/4238/4238 4237/4237/4237 4364/4364/4364
f 4239/4239/4239 4238/4238/4238 4365/4365/4365
f 4243/4243/4243 4242/4242/4242 4370/4370/4370
f 4275/4275/4275 4276/4276/4276 4414/4414/4414
f 4279/4279/4279 4278/4278/4278 4416/4416/4416
f 4294/4294/4294 4295/4295/4295 4438/4438/4438
f 4307/4307/4307 4308/4308/4308 4458/4458/4458
f 4315/4315/4315 4316/4316/4316 4468/4468/4468
f 4316/4316/4316 4317/4317/4317 4469/4469/4469
f 4322/4322/4322 4323/4323/4323 4475/4475/4475
f 4324/4324/4324 4325/4325/4325 4477/4477/4477
f 4336/4336/4336 4337/4337/4337 4488/4488/4488
f 4342/4342/4342 4343/4343/4343 4494/4494/4494
f 4344/4344/4344 4345/4345/4345 4496/4496/4496
f 4353/4353/4353 4352/4352/4352 4500/4500/4500
f 4354/4354/4354 4353/4353/4353 4501/4501/4501
f 4358/4358/4358 4357/4357/4357 4505/4505/4505
f 4361/4361/4361 4360/4360/4360 4508/4508/4508
f 4364/4364/4364 4363/4363/4363 4513/4513/4513
f 4365/4365/4365 4364/4364/4364 4514/4514/4514
f 4380/4380/4380 4379/4379/4379 4529/4529/4529
f 4407/4407/4407 4408/4408/4408 4556/4556/4556
f 4410/4410/4410 4409/4409/4409 4557/4557/4557
f 4418/4418/4418 4417/4417/4417 4563/4563/4563
f 4421/4421/4421 4422/4422/4422 4568/4568/4568
f 4425/4425/4425 4426/4426/4426 4570/4570/4570
f 4427/4427/4427 4428/4428/4428 4572/4572/4572
f 4437/4437/4437 4438/4438/4438 4581/4581/4581
f 4456/4456/4456 4457/4457/4457 4593/4593/4593
f 4459/4459/4459 4460/4460/4460 4595/4595/4595
f 4465/4465/4465 4466/4466/4466 4602/4602/4602
f 4467/4467/4467 4468/4468/4468 4605/4605/4605
f 4476/4476/4476 4477/4477/4477 4618/4618/4618
f 4483/4483/4483 4484/4484/4484 4626/4626/4626
f 4484/4484/4484 4485/4485/4485 4627/4627/4627
f 4494/4494/4494 4495/4495/4495 4635/4635/4635
f 4500/4500/4500 4499/4499/4499 4647/4647/4647
f 4503/4503/4503 4502/4502/4502 4650/4650/4650
f 4504/4504/4504 4503/4503/4503 4651/4651/4651
f 4505/4505/4505 4504/4504/4504 4652/4652/4652
f 4507/4507/4507 4506/4506/4506 4654/4654/4654
f 4508/4508/4508 4507/4507/4507 4655/4655/4655
f 4510/4510/4510 4509/4509/4509 4657/4657/4657
f 4514/4514/4514 4513/4513/4513 4663/4663/4663
f 4531/4531/4531 4530/4530/4530 4676/4676/4676
f 4555/4555/4555 4556/4556/4556 4688/4688/4688
f 4574/4574/4574 4573/4573/4573 4698/4698/4698
f 4587/4587/4587 4588/4588/4588 4708/4708/4708
f 4600/4600/4600 4601/4601/4601 4716/4716/4716
f 4603/4603/4603 4604/4604/4604 4719/4719/4719
f 4613/4613/4613 4614/4614/4614 4727/4727/4727
f 4616/4616/4616 4617/4617/4617 4730/4730/4730
f 4624/4624/4624 4625/4625/4625 4740/4740/4740
f 4635/4635/4635 4636/4636/4636 4751/4751/4751
f 4641/4641/4641 4640/4640/4640 4757/4757/4757
f 4642/4642/4642 4641/4641/4641 4758/4758/4758
f 4643/4643/4643 4642/4642/4642 4759/4759/4759
f 4645/4645/4645 4644/4644/4644 4761/4761/4761
f 4646/4646/4646 4645/4645/4645 4762/4762/4762
f 4657/4657/4657 4656/4656/4656 4767/4767/4767
f 4659/4659/4659 4658/4658/4658 4769/4769/4769
f 4662/4662/4662 4661/4661/4661 4772/4772/4772
f 4663/4663/4663 4662/4662/4662 4773/4773/4773
f 4687/4687/4687 4688/4688/4688 4796/4796/4796
f 4692/4692/4692 4693/4693/4693 4802/4802/4802
f 4711/4711/4711 4712/4712/4712 4816/4816/4816
f 4713/4713/4713 4714/4714/4714 4818/4818/4818
f 4717/4717/4717 4718/4718/4718 4820/4820/4820
f 4732/4732/4732 4733/4733/4733 4830/4830/4830
f 4737/4737/4737 4738/4738/4738 4835/4835/4835
f 4747/4747/4747 4748/4748/4748 4845/4845/4845
f 4751/4751/4751 4752/4752/4752 4848/4848/4848
f 4756/4756/4756 4755/4755/4755 4853/4853/4853
f 4763/4763/4763 4762/4762/4762 4860/4860/4860
f 4768/4768/4768 4767/4767/4767 4867/4867/4867
f 4771/4771/4771 4770/4770/4770 4870/4870/4870
f 4772/4772/4772 4771/4771/4771 4871/4871/4871
f 4782/4782/4782 4781/4781/4781 4880/4880/4880
f 4790/4790/4790 4791/4791/4791 4890/4890/4890
f 4795/4795/4795 4796/4796/4796 4896/4896/4896
f 4797/4797/4797 4798/4798/4798 4899/4899/4899
f 4821/4821/4821 4822/4822/4822 4926/4926/4926
f 4825/4825/4825 4826/4826/4826 4933/4933/4933
f 4827/4827/4827 4828/4828/4828 4935/4935/4935
f 4829/4829/4829 4830/4830/4830 4937/4937/4937
f 4831/4831/4831 4832/4832/4832 4939/4939/4939
f 4836/4836/4836 4837/4837/4837 4941/4941/4941
f 4841/4841/4841 4842/4842/4842 4945/4945/4945
f 4843/4843/4843 4844/4844/4844 4947/4947/4947
f 4846/4846/4846 4847/4847/4847 4950/4950/4950
f 4850/4850/4850 4851/4851/4851 4954/4954/4954
f 4855/4855/4855 4854/4854/4854 4955/4955/4955
f 4859/4859/4859 4858/4858/4858 4959/4959/4959
f 4862/4862/4862 4861/4861/4861 4962/4962/4962
f 4865/4865/4865 4864/4864/4864 4964/4964/4964
f 4866/4866/4866 4865/4865/4865 4965/4965/4965
f 4869/4869/4869 4868/4868/4868 4967/4967/4967
f 4871/4871/4871 4870/4870/4870 4969/4969/4969
f 4872/4872/4872 4871/4871/4871 4970/4970/4970
f 4883/4883/4883 4882/4882/4882 4980/4980/4980
f 4892/4892/4892 4893/4893/4893 4995/4995/4995
f 4905/4905/4905 4906/4906/4906 5011/5011/5011
f 4920/4920/4920 4921/4921/4921 5030/5030/5030
f 4924/4924/4924 4925/4925/4925 5036/5036/5036
f 4927/4927/4927 4928/4928/4928 5038/5038/5038
f 4931/4931/4931 4932/4932/4932 5043/5043/5043
f 4933/4933/4933 4934/4934/4934 5045/5045/5045
f 4942/4942/4942 4943/4943/4943 5050/5050/5050
f 4945/4945/4945 4946/4946/4946 5054/5054/5054
f 4947/4947/4947 4948/4948/4948 5056/5056/5056
f 4949/4949/4949 4950/4950/4950 5058/5058/5058
f 4956/4956/4956 4955/4955/4955 5066/5066/5066
f 4957/4957/4957 4956/4956/4956 5067/5067/5067
f 4966/4966/4966 4965/4965/4965 5076/5076/5076
f 4969/4969/4969 4968/4968/4968 5081/5081/5081
f 4971/4971/4971 4970/4970/4970 5083/5083/5083
f 4984/4984/4984 4983/4983/4983 5092/5092/5092
f 4987/4987/4987 4986/4986/4986 5094/5094/5094
f 4999/4999/4999 5000/5000/5000 5115/5115/5115
f 5022/5022/5022 5023/5023/5023 5136/5136/5136
f 5027/5027/5027 5028/5028/5028 5142/5142/5142
f 5032/5032/5032 5033/5033/5033 5149/5149/5149
f 5033/5033/5033 5034/5034/5034 5150/5150/5150
f 5051/5051/5051 5052/5052/5052 5168/5168/5168
f 5057/5057/5057 5058/5058/5058 5174/5174/5174
f 5058/5058/5058 5059/5059/5059 5175/5175/5175
f 5061/5061/5061 5062/5062/5062 5178/5178/5178
f 5069/5069/5069 5068/5068/5068 5180/5180/5180
f 5073/5073/5073 5072/5072/5072 5184/5184/5184
f 5076/5076/5076 5075/5075/5075 5187/5187/5187
f 5078/5078/5078 5077/5077/5077 5189/5189/5189
f 5079/5079/5079 5078/5078/5078 5190/5190/5190
f 5082/5082/5082 5081/5081/5081 5195/5195/5195
f 5083/5083/5083 5082/5082/5082 5196/5196/5196
f 5097/5097/5097 5098/5098/5098 5216/5216/5216
f 5101/5101/5101 5100/5100/5100 5217/5217/5217
f 5102/5102/5102 5103/5103/5103 5220/5220/5220
f 5116/5116/5116 5117/5117/5117 5228/5228/5228
f 5139/5139/5139 5140/5140/5140 5254/5254/5254
f 5140/5140/5140 5141/5141/5141 5255/5255/5255
f 5147/5147/5147 5148/5148/5148 5261/5261/5261
f 5160/5160/5160 5161/5161/5161 5273/5273/5273
f 5166/5166/5166 5167/5167/5167 5279/5279/5279
f 5170/5170/5170 5171/5171/5171 5282/5282/5282
f 5182/5182/5182 5181/5181/5181 5284/5284/5284
f 5189/5189/5189 5188/5188/5188 5289/5289/5289
f 5191/5191/5191 5190/5190/5190 5291/5291/5291
f 5192/5192/5192 5191/5191/5191 5292/5292/5292
f 5195/5195/5195 5194/5194/5194 5296/5296/5296
f 5201/5201/5201 5200/5200/5200 5301/5301/5301
f 5206/5206/5206 5207/5207/5207 5311/5311/5311
f 5214/5214/5214 5213/5213/5213 5316/5316/5316
f 5219/5219/5219 5220/5220/5220 5325/5325/5325
f 5225/5225/5225 5226/5226/5226 5332/5332/5332
f 5227/5227/5227 5228/5228/5228 5334/5334/5334
f 5242/5242/5242 5243/5243/5243 5350/5350/5350
f 5260/5260/5260 5261/5261/5261 5376/5376/5376
f 5264/5264/5264 5265/5265/5265 5379/5379/5379
f 5265/5265/5265 5266/5266/5266 5380/5380/5380
f 5268/5268/5268 5269/5269/5269 5383/5383/5383
f 5286/5286/5286 5285/5285/5285 5384/5384/5384
f 5290/5290/5290 5289/5289/5289 5388/5388/5388
f 5293/5293/5293 5292/5292/5292 5391/5391/5391
f 5294/5294/5294 5293/5293/5293 5392/5392/5392
f 5307/5307/5307 5306/5306/5306 5405/5405/5405
f 5310/5310/5310 5311/5311/5311 5411/5411/5411
f 5317/5317/5317 5316/5316/5316 5415/5415/5415
f 5322/5322/5322 5321/5321/5321 5418/5418/5418
f 5338/5338/5338 5339/5339/5339 5439/5439/5439
f 5348/5348/5348 5349/5349/5349 5453/5453/5453
f 5355/5355/5355 5356/5356/5356 5461/5461/5461
f 5363/5363/5363 5364/5364/5364 5467/5467/5467
f 5372/5372/5372 5373/5373/5373 5471/5471/5471
f 5393/5393/5393 5392/5392/5392 5478/5478/5478
f 5394/5394/5394 5393/5393/5393 5479/5479/5479
f 5400/5400/5400 5399/5399/5399 5484/5484/5484
f 5425/5425/5425 5426/5426/5426 5506/5506/5506
f 5430/5430/5430 5431/5431/5431 5512/5512/5512
f 5434/5434/5434 5435/5435/5435 5519/5519/5519
f 5437/5437/5437 5438/5438/5438 5529/5529/5529
f 5451/5451/5451 5452/5452/5452 5546/5546/5546
f 5457/5457/5457 5458/5458/5458 5549/5549/5549
f 5459/5459/5459 5460/5460/5460 5551/5551/5551
f 5476/5476/5476 5475/5475/5475 5553/5553/5553
f 5481/5481/5481 5480/5480/5480 5558/5558/5558
f 5482/5482/5482 5481/5481/5481 5559/5559/5559
f 5485/5485/5485 5484/5484/5484 5562/5562/5562
f 5505/5505/5505 5506/5506/5506 5579/5579/5579
f 5513/5513/5513 5514/5514/5514 5588/5588/5588
f 5518/5518/5518 5519/5519/5519 5590/5590/5590
f 5519/5519/5519 5520/5520/5520 5591/5591/5591
f 5522/5522/5522 5523/5523/5523 5595/5595/5595
f 5523/5523/5523 5524/5524/5524 5596/5596/5596
f 5524/5524/5524 5525/5525/5525 5597/5597/5597
f 5532/5532/5532 5533/5533/5533 5600/5600/5600
f 5554/5554/5554 5553/5553/5553 5602/5602/5602
f 5555/5555/5555 5554/5554/5554 5603/5603/5603
f 5556/5556/5556 5555/5555/5555 5604/5604/5604
f 5559/5559/5559 5558/5558/5558 5607/5607/5607
f 5563/5563/5563 5562/5562/5562 5610/5610/5610
f 5578/5578/5578 5579/5579/5579 5623/5623/5623
f 5580/5580/5580 5581/5581/5581 5625/5625/5625
f 5585/5585/5585 5586/5586/5586 5629/5629/5629
f 5589/5589/5589 5590/5590/5590 5631/5631/5631
f 5590/5590/5590 5591/5591/5591 5632/5632/5632
f 5591/5591/5591 5592/5592/5592 5633/5633/5633
f 5593/5593/5593 5594/5594/5594 5635/5635/5635
f 1/1/1 11/11/11 47/47/47
f 12/12/12 9/9/9 45/45/45
f 10/10/10 14/14/14 50/50/50
f 15/15/15 13/13/13 49/49/49
f 14/14/14 16/16/16 53/53/53
f 25/25/25 21/21/21 60/60/60
f 23/23/23 26/26/26 67/67/67
f 29/29/29 24/24/24 64/64/64
f 36/36/36 28/28/28 69/69/69
f 50/50/50 53/53/53 99/99/99
f 53/53/53 56/56/56 103/103/103
f 66/66/66 61/61/61 108/108/108
f 63/63/63 67/67/67 121/121/121
f 71/71/71 65/65/65 114/114/114
f 79/79/79 70/70/70 123/123/123
f 95/95/95 99/99/99 183/183/183
f 99/99/99 103/103/103 190/190/190
f 103/103/103 107/107/107 197/197/197
f 107/107/107 112/112/112 204/204/204
f 113/113/113 121/121/121 211/211/211
f 122/122/122 131/131/131 216/216/216
f 145/145/145 130/130/130 213/213/213
f 155/155/155 143/143/143 220/220/220
f 156/156/156 168/168/168 264/264/264
f 167/167/167 176/176/176 272/272/272
f 190/190/190 197/197/197 286/286/286
f 197/197/197 204/204/204 290/290/290
f 210/210/210 203/203/203 287/287/287
f 205/205/205 211/211/211 295/295/295
f 215/215/215 210/210/210 292/292/292
f 212/212/212 216/216/216 300/300/300
f 224/224/224 215/215/215 297/297/297
f 238/238/238 223/223/223 303/303/303
f 244/244/244 234/234/234 313/313/313
f 247/247/247 238/238/238 316/316/316
f 248/248/248 264/264/264 359/359/359
f 263/263/263 272/272/272 364/364/364
f 286/286/286 290/290/290 380/380/380
f 294/294/294 289/289/289 378/378/378
f 291/291/291 295/295/295 384/384/384
f 299/299/299 294/294/294 382/382/382
f 296/296/296 300/300/300 388/388/388
f 306/306/306 299/299/299 386/386/386
f 318/318/318 305/305/305 390/390/390
f 338/338/338 327/327/327 402/402/402
f 339/339/339 347/347/347 435/435/435
f 341/341/341 359/359/359 448/448/448
f 358/358/358 364/364/364 453/453/453
f 364/364/364 368/368/368 457/457/457
f 372/372/372 376/376/376 465/465/465
f 377/377/377 381/381/381 468/468/468
f 383/383/383 379/379/379 467/467/467
f 381/381/381 384/384/384 471/471/471
f 387/387/387 383/383/383 470/470/470
f 385/385/385 388/388/388 475/475/475
f 391/391/391 386/386/386 473/473/473
f 389/389/389 392/392/392 478/478/478
f 397/397/397 391/391/391 477/477/477
f 395/395/395 398/398/398 485/485/485
f 407/407/407 396/396/396 482/482/482
f 420/420/420 406/406/406 486/486/486
f 423/423/423 416/416/416 496/496/496
f 424/424/424 434/434/434 538/538/538
f 428/428/428 447/447/447 550/550/550
f 447/447/447 453/453/453 555/555/555
f 452/452/452 456/456/456 558/558/558
f 467/467/467 464/464/464 564/564/564
f 466/466/466 468/468/468 569/569/569
f 470/470/470 467/467/467 567/567/567
f 469/469/469 472/472/472 573/573/573
f 477/477/477 473/473/473 574/574/574
f 483/483/483 477/477/477 578/578/578
f 487/487/487 482/482/482 583/583/583
f 500/500/500 486/486/486 587/587/587
f 512/512/512 499/499/499 593/593/593
f 514/514/514 504/504/504 601/601/601
f 524/524/524 521/521/521 618/618/618
f 526/526/526 523/523/523 628/628/628
f 527/527/527 537/537/537 652/652/652
f 539/539/539 531/531/531 646/646/646
f 532/532/532 550/550/550 664/664/664
f 554/554/554 558/558/558 672/672/672
f 558/558/558 562/562/562 677/677/677
f 563/563/563 565/565/565 681/681/681
f 575/575/575 571/571/571 687/687/687
f 573/573/573 576/576/576 692/692/692
f 579/579/579 575/575/575 691/691/691
f 584/584/584 578/578/578 694/694/694
f 589/589/589 584/584/584 698/698/698
f 606/606/606 594/594/594 707/707/707
f 629/629/629 618/618/618 718/718/718
f 637/637/637 626/626/626 721/721/721
f 673/673/673 678/678/678 781/781/781
f 678/678/678 681/681/681 785/785/785
f 682/682/682 685/685/685 791/791/791
f 686/686/686 689/689/689 796/796/796
f 693/693/693 696/696/696 801/801/801
f 699/699/699 695/695/695 800/800/800
f 703/703/703 698/698/698 802/802/802
f 708/708/708 702/702/702 805/805/805
f 714/714/714 707/707/707 810/810/810
f 718/718/718 714/714/714 817/817/817
f 742/742/742 731/731/731 832/832/832
f 757/757/757 749/749/749 852/852/852
f 777/777/777 781/781/781 885/885/885
f 782/782/782 786/786/786 890/890/890
f 789/789/789 783/783/783 888/888/888
f 795/795/795 790/790/790 894/894/894
f 797/797/797 799/799/799 902/902/902
f 807/807/807 803/803/803 905/905/905
f 804/804/804 808/808/808 911/911/911
f 812/812/812 806/806/806 908/908/908
f 808/808/808 813/813/813 915/915/915
f 818/818/818 811/811/811 913/913/913
f 816/816/816 819/819/819 922/922/922
f 822/822/822 818/818/818 919/919/919
f 828/828/828 821/821/821 925/925/925
f 834/834/834 826/826/826 935/935/935
f 829/829/829 836/836/836 950/950/950
f 832/832/832 843/843/843 957/957/957
f 844/844/844 833/833/833 947/947/947
f 846/846/846 839/839/839 953/953/953
f 859/859/859 851/851/851 966/966/966
f 853/853/853 871/871/871 985/985/985
f 872/872/872 860/860/860 976/976/976
f 871/871/871 879/879/879 994/994/994
f 880/880/880 878/878/878 993/993/993
f 884/884/884 881/881/881 1001/1001/1001
f 883/883/883 886/886/886 1011/1011/1011
f 887/887/887 891/891/891 1019/1019/1019
f 892/892/892 896/896/896 1026/1026/1026
f 898/898/898 894/894/894 1025/1025/1025
f 901/901/901 897/897/897 1030/1030/1030
f 900/900/900 902/902/902 1039/1039/1039
f 903/903/903 901/901/901 1036/1036/1036
f 904/904/904 907/907/907 1047/1047/1047
f 906/906/906 910/910/910 1051/1051/1051
f 914/914/914 908/908/908 1048/1048/1048
f 912/912/912 916/916/916 1060/1060/1060
f 920/920/920 914/914/914 1057/1057/1057
f 924/924/924 933/933/933 1084/1084/1084
f 934/934/934 946/946/946 1095/1095/1095
f 949/949/949 936/936/936 1087/1087/1087
f 947/947/947 958/958/958 1105/1105/1105
f 959/959/959 948/948/948 1097/1097/1097
f 986/986/986 976/976/976 1121/1121/1121
f 985/985/985 994/994/994 1138/1138/1138
f 995/995/995 986/986/986 1134/1134/1134
f 1000/1000/1000 993/993/993 1137/1137/1137
f 994/994/994 1002/1002/1002 1143/1143/1143
f 1004/1004/1004 995/995/995 1140/1140/1140
f 1009/1009/1009 1000/1000/1000 1142/1142/1142
f 1003/1003/1003 1012/1012/1012 1151/1151/1151
f 1014/1014/1014 1005/1005/1005 1147/1147/1147
f 1013/1013/1013 1020/1020/1020 1158/1158/1158
f 1021/1021/1021 1014/1014/1014 1153/1153/1153
f 1022/1022/1022 1015/1015/1015 1154/1154/1154
f 1031/1031/1031 1025/1025/1025 1164/1164/1164
f 1026/1026/1026 1033/1033/1033 1173/1173/1173
f 1034/1034/1034 1027/1027/1027 1167/1167/1167
f 1037/1037/1037 1031/1031/1031 1171/1171/1171
f 1032/1032/1032 1038/1038/1038 1180/1180/1180
f 1040/1040/1040 1036/1036/1036 1178/1178/1178
f 1038/1038/1038 1042/1042/1042 1187/1187/1187
f 1042/1042/1042 1046/1046/1046 1195/1195/1195
f 1050/1050/1050 1045/1045/1045 1194/1194/1194
f 1047/1047/1047 1052/1052/1052 1202/1202/1202
f 1053/1053/1053 1060/1060/1060 1209/1209/1209
f 1056/1056/1056 1064/1064/1064 1211/1211/1211
f 1068/1068/1068 1059/1059/1059 1208/1208/1208
f 1071/1071/1071 1062/1062/1062 1210/1210/1210
f 1065/1065/1065 1074/1074/1074 1219/1219/1219
f 1078/1078/1078 1067/1067/1067 1213/1213/1213
f 1075/1075/1075 1086/1086/1086 1229/1229/1229
f 1089/1089/1089 1076/1076/1076 1221/1221/1221
f 1086/1086/1086 1096/1096/1096 1238/1238/1238
f 1099/1099/1099 1088/1088/1088 1230/1230/1230
f 1107/1107/1107 1098/1098/1098 1239/1239/1239
f 1133/1133/1133 1120/1120/1120 1260/1260/1260
f 1122/1122/1122 1136/1136/1136 1275/1275/1275
f 1137/1137/1137 1128/1128/1128 1267/1267/1267
f 1129/1129/1129 1138/1138/1138 1277/1277/1277
f 1140/1140/1140 1134/1134/1134 1273/1273/1273
f 1142/1142/1142 1137/1137/1137 1276/1276/1276
f 1139/1139/1139 1144/1144/1144 1283/1283/1283
f 1141/1141/1141 1149/1149/1149 1288/1288/1288
f 1150/1150/1150 1142/1142/1142 1282/1282/1282
f 1145/1145/1145 1152/1152/1152 1290/1290/1290
f 1171/1171/1171 1164/1164/1164 1301/1301/1301
f 1180/1180/1180 1187/1187/1187 1324/1324/1324
f 1189/1189/1189 1181/1181/1181 1319/1319/1319
f 1184/1184/1184 1192/1192/1192 1328/1328/1328
f 1193/1193/1193 1185/1185/1185 1322/1322/1322
f 1188/1188/1188 1196/1196/1196 1331/1331/1331
f 1197/1197/1197 1189/1189/1189 1327/1327/1327
f 1201/1201/1201 1194/1194/1194 1330/1330/1330
f 1199/1199/1199 1206/1206/1206 1341/1341/1341
f 1203/1203/1203 1209/1209/1209 1345/1345/1345
f 1207/1207/1207 1212/1212/1212 1348/1348/1348
f 1214/1214/1214 1208/1208/1208 1344/1344/1344
f 1209/1209/1209 1215/1215/1215 1352/1352/1352
f 1223/1223/1223 1213/1213/1213 1350/1350/1350
f 1220/1220/1220 1229/1229/1229 1363/1363/1363
f 1232/1232/1232 1222/1222/1222 1357/1357/1357
f 1241/1241/1241 1231/1231/1231 1364/1364/1364
f 1244/1244/1244 1235/1235/1235 1370/1370/1370
f 1238/1238/1238 1247/1247/1247 1382/1382/1382
f 1250/1250/1250 1240/1240/1240 1375/1375/1375
f 1255/1255/1255 1271/1271/1271 1406/1406/1406
f 1276/1276/1276 1267/1267/1267 1402/1402/1402
f 1269/1269/1269 1278/1278/1278 1413/1413/1413
f 1281/1281/1281 1288/1288/1288 1427/1427/1427
f 1289/1289/1289 1282/1282/1282 1419/1419/1419
f 1287/1287/1287 1292/1292/1292 1434/1434/1434
f 1297/1297/1297 1291/1291/1291 1432/1432/1432
f 1292/1292/1292 1298/1298/1298 1441/1441/1441
f 1296/1296/1296 1303/1303/1303 1445/1445/1445
f 1304/1304/1304 1297/1297/1297 1439/1439/1439
f 1316/1316/1316 1308/1308/1308 1451/1451/1451
f 1318/1318/1318 1311/1311/1311 1454/1454/1454
f 1314/1314/1314 1321/1321/1321 1466/1466/1466
f 1323/1323/1323 1315/1315/1315 1459/1459/1459
f 1317/1317/1317 1324/1324/1324 1469/1469/1469
f 1325/1325/1325 1331/1331/1331 1477/1477/1477
f 1328/1328/1328 1335/1335/1335 1482/1482/1482
f 1331/1331/1331 1337/1337/1337 1485/1485/1485
f 1340/1340/1340 1333/1333/1333 1479/1479/1479
f 1344/1344/1344 1336/1336/1336 1483/1483/1483
f 1346/1346/1346 1339/1339/1339 1487/1487/1487
f 1343/1343/1343 1349/1349/1349 1499/1499/1499
f 1353/1353/1353 1346/1346/1346 1496/1496/1496
f 1362/1362/1362 1353/1353/1353 1504/1504/1504
f 1366/1366/1366 1358/1358/1358 1508/1508/1508
f 1363/1363/1363 1373/1373/1373 1522/1522/1522
f 1377/1377/1377 1365/1365/1365 1516/1516/1516
f 1381/1381/1381 1371/1371/1371 1520/1520/1520
f 1374/1374/1374 1383/1383/1383 1532/1532/1532
f 1385/1385/1385 1375/1375/1375 1524/1524/1524
f 1388/1388/1388 1380/1380/1380 1530/1530/1530
f 1389/1389/1389 1405/1405/1405 1563/1563/1563
f 1396/1396/1396 1410/1410/1410 1569/1569/1569
f 1409/1409/1409 1418/1418/1418 1576/1576/1576
f 1419/1419/1419 1411/1411/1411 1570/1570/1570
f 1412/1412/1412 1420/1420/1420 1578/1578/1578
f 1417/1417/1417 1426/1426/1426 1582/1582/1582
f 1451/1451/1451 1443/1443/1443 1591/1591/1591
f 1460/1460/1460 1451/1451/1451 1595/1595/1595
f 1464/1464/1464 1455/1455/1455 1598/1598/1598
f 1468/1468/1468 1460/1460/1460 1602/1602/1602
f 1470/1470/1470 1477/1477/1477 1617/1617/1617
f 1497/1497/1497 1488/1488/1488 1624/1624/1624
f 1501/1501/1501 1493/1493/1493 1628/1628/1628
f 1505/1505/1505 1497/1497/1497 1631/1631/1631
f 1498/1498/1498 1506/1506/1506 1642/1642/1642
f 1508/1508/1508 1500/1500/1500 1635/1635/1635
f 1512/1512/1512 1504/1504/1504 1638/1638/1638
f 1521/1521/1521 1512/1512/1512 1647/1647/1647
f 1525/1525/1525 1515/1515/1515 1653/1653/1653
f 1531/1531/1531 1520/1520/1520 1658/1658/1658
f 1523/1523/1523 1532/1532/1532 1671/1671/1671
f 1534/1534/1534 1524/1524/1524 1664/1664/1664
f 1539/1539/1539 1531/1531/1531 1668/1668/1668
f 1542/1542/1542 1534/1534/1534 1672/1672/1672
f 1544/1544/1544 1538/1538/1538 1677/1677/1677
f 1553/1553/1553 1568/1568/1568 1715/1715/1715
f 1570/1570/1570 1560/1560/1560 1707/1707/1707
f 1561/1561/1561 1571/1571/1571 1718/1718/1718
f 1567/1567/1567 1575/1575/1575 1722/1722/1722
f 1571/1571/1571 1578/1578/1578 1725/1725/1725
f 1579/1579/1579 1585/1585/1585 1730/1730/1730
f 1585/1585/1585 1588/1588/1588 1733/1733/1733
f 1594/1594/1594 1590/1590/1590 1734/1734/1734
f 1602/1602/1602 1595/1595/1595 1738/1738/1738
f 1596/1596/1596 1603/1603/1603 1743/1743/1743
f 1610/1610/1610 1616/1616/1616 1748/1748/1748
f 1636/1636/1636 1628/1628/1628 1751/1751/1751
f 1644/1644/1644 1635/1635/1635 1754/1754/1754
f 1637/1637/1637 1645/1645/1645 1762/1762/1762
f 1649/1649/1649 1640/1640/1640 1758/1758/1758
f 1660/1660/1660 1648/1648/1648 1763/1763/1763
f 1669/1669/1669 1659/1659/1659 1771/1771/1771
f 1667/1667/1667 1674/1674/1674 1789/1789/1789
f 1683/1683/1683 1672/1672/1672 1787/1787/1787
f 1688/1688/1688 1679/1679/1679 1791/1791/1791
f 1689/1689/1689 1710/1710/1710 1830/1830/1830
f 1709/1709/1709 1719/1719/1719 1835/1835/1835
f 1726/1726/1726 1730/1730/1730 1843/1843/1843
f 1729/1729/1729 1732/1732/1732 1846/1846/1846
f 1734/1734/1734 1731/1731/1731 1844/1844/1844
f 1732/1732/1732 1735/1735/1735 1848/1848/1848
f 1745/1745/1745 1742/1742/1742 1854/1854/1854
f 1743/1743/1743 1746/1746/1746 1860/1860/1860
f 1747/1747/1747 1744/1744/1744 1858/1858/1858
f 1749/1749/1749 1747/1747/1747 1861/1861/1861
f 1748/1748/1748 1750/1750/1750 1866/1866/1866
f 1750/1750/1750 1752/1752/1752 1868/1868/1868
f 1755/1755/1755 1751/1751/1751 1867/1867/1867
f 1761/1761/1761 1754/1754/1754 1869/1869/1869
f 1768/1768/1768 1760/1760/1760 1873/1873/1873
f 1783/1783/1783 1773/1773/1773 1882/1882/1882
f 1792/1792/1792 1782/1782/1782 1888/1888/1888
f 1798/1798/1798 1787/1787/1787 1892/1892/1892
f 1805/1805/1805 1793/1793/1793 1896/1896/1896
f 1806/1806/1806 1829/1829/1829 1944/1944/1944
f 1836/1836/1836 1832/1832/1832 1945/1945/1945
f 1833/1833/1833 1837/1837/1837 1952/1952/1952
f 1844/1844/1844 1840/1840/1840 1953/1953/1953
f 1847/1847/1847 1844/1844/1844 1957/1957/1957
f 1849/1849/1849 1847/1847/1847 1962/1962/1962
f 1848/1848/1848 1851/1851/1851 1969/1969/1969
f 1850/1850/1850 1855/1855/1855 1972/1972/1972
f 1862/1862/1862 1859/1859/1859 1975/1975/1975
f 1865/1865/1865 1862/1862/1862 1978/1978/1978
f 1867/1867/1867 1864/1864/1864 1981/1981/1981
f 1866/1866/1866 1868/1868/1868 1986/1986/1986
f 1868/1868/1868 1871/1871/1871 1988/1988/1988
f 1875/1875/1875 1870/1870/1870 1987/1987/1987
f 1879/1879/1879 1874/1874/1874 1990/1990/1990
f 1885/1885/1885 1877/1877/1877 1993/1993/1993
f 1881/1881/1881 1886/1886/1886 2003/2003/2003
f 1892/1892/1892 1884/1884/1884 1999/1999/1999
f 1887/1887/1887 1893/1893/1893 2008/2008/2008
f 1894/1894/1894 1903/1903/1903 2015/2015/2015
f 1912/1912/1912 1899/1899/1899 2011/2011/2011
f 1919/1919/1919 1911/1911/1911 2019/2019/2019
f 1920/1920/1920 1944/1944/1944 2057/2057/2057
f 1952/1952/1952 1956/1956/1956 2081/2081/2081
f 1959/1959/1959 1955/1955/1955 2075/2075/2075
f 1956/1956/1956 1960/1960/1960 2089/2089/2089
f 1963/1963/1963 1958/1958/1958 2082/2082/2082
f 1964/1964/1964 1968/1968/1968 2107/2107/2107
f 1975/1975/1975 1971/1971/1971 2108/2108/2108
f 1978/1978/1978 1975/1975/1975 2113/2113/2113
f 1976/1976/1976 1979/1979/1979 2119/2119/2119
f 1979/1979/1979 1983/1983/1983 2123/2123/2123
f 1985/1985/1985 1981/1981/1981 2121/2121/2121
f 1987/1987/1987 1985/1985/1985 2125/2125/2125
f 1996/1996/1996 1991/1991/1991 2133/2133/2133
f 1992/1992/1992 1997/1997/1997 2138/2138/2138
f 2002/2002/2002 1995/1995/1995 2136/2136/2136
f 1998/1998/1998 2003/2003/2003 2143/2143/2143
f 2007/2007/2007 2000/2000/2000 2140/2140/2140
f 2005/2005/2005 2009/2009/2009 2148/2148/2148
f 2014/2014/2014 2006/2006/2006 2146/2146/2146
f 2010/2010/2010 2016/2016/2016 2155/2155/2155
f 2017/2017/2017 2021/2021/2021 2162/2162/2162
f 2028/2028/2028 2050/2050/2050 2191/2191/2191
f 2032/2032/2032 2056/2056/2056 2200/2200/2200
f 2074/2074/2074 2081/2081/2081 2211/2211/2211
f 2081/2081/2081 2089/2089/2089 2212/2212/2212
f 2089/2089/2089 2098/2098/2098 2214/2214/2214
f 2110/2110/2110 2101/2101/2101 2215/2215/2215
f 2114/2114/2114 2109/2109/2109 2222/2222/2222
f 2118/2118/2118 2114/2114/2114 2230/2230/2230
f 2116/2116/2116 2119/2119/2119 2236/2236/2236
f 2122/2122/2122 2117/2117/2117 2234/2234/2234
f 2120/2120/2120 2124/2124/2124 2241/2241/2241
f 2126/2126/2126 2122/2122/2122 2238/2238/2238
f 2129/2129/2129 2126/2126/2126 2242/2242/2242
f 2127/2127/2127 2130/2130/2130 2247/2247/2247
f 2142/2142/2142 2136/2136/2136 2252/2252/2252
f 2147/2147/2147 2140/2140/2140 2258/2258/2258
f 2149/2149/2149 2155/2155/2155 2283/2283/2283
f 2156/2156/2156 2162/2162/2162 2291/2291/2291
f 2173/2173/2173 2200/2200/2200 2326/2326/2326
f 2200/2200/2200 2208/2208/2208 2332/2332/2332
f 2212/2212/2212 2214/2214/2214 2340/2340/2340
f 2231/2231/2231 2223/2223/2223 2344/2344/2344
f 2229/2229/2229 2233/2233/2233 2358/2358/2358
f 2235/2235/2235 2230/2230/2230 2351/2351/2351
f 2233/2233/2233 2236/2236/2236 2360/2360/2360
f 2239/2239/2239 2235/2235/2235 2359/2359/2359
f 2242/2242/2242 2238/2238/2238 2361/2361/2361
f 2249/2249/2249 2245/2245/2245 2369/2369/2369
f 2247/2247/2247 2250/2250/2250 2378/2378/2378
f 2252/2252/2252 2248/2248/2248 2376/2376/2376
f 2260/2260/2260 2252/2252/2252 2384/2384/2384
f 2257/2257/2257 2267/2267/2267 2401/2401/2401
f 2269/2269/2269 2258/2258/2258 2393/2393/2393
f 2282/2282/2282 2268/2268/2268 2403/2403/2403
f 2285/2285/2285 2275/2275/2275 2412/2412/2412
f 2276/2276/2276 2286/2286/2286 2427/2427/2427
f 2290/2290/2290 2279/2279/2279 2416/2416/2416
f 2295/2295/2295 2318/2318/2318 2460/2460/2460
f 2327/2327/2327 2308/2308/2308 2453/2453/2453
f 2326/2326/2326 2332/2332/2332 2475/2475/2475
f 2333/2333/2333 2328/2328/2328 2471/2471/2471
f 2336/2336/2336 2338/2338/2338 2487/2487/2487
f 2338/2338/2338 2339/2339/2339 2491/2491/2491
f 2343/2343/2343 2350/2350/2350 2497/2497/2497
f 2359/2359/2359 2351/2351/2351 2498/2498/2498
f 2360/2360/2360 2363/2363/2363 2513/2513/2513
f 2363/2363/2363 2365/2365/2365 2518/2518/2518
f 2370/2370/2370 2364/2364/2364 2517/2517/2517
f 2368/2368/2368 2374/2374/2374 2529/2529/2529
f 2375/2375/2375 2383/2383/2383 2538/2538/2538
f 2385/2385/2385 2377/2377/2377 2532/2532/2532
f 2379/2379/2379 2386/2386/2386 2544/2544/2544
f 2383/2383/2383 2391/2391/2391 2547/2547/2547
f 2395/2395/2395 2384/2384/2384 2541/2541/2541
f 2386/2386/2386 2396/2396/2396 2553/2553/2553
f 2392/2392/2392 2402/2402/2402 2557/2557/2557
f 2405/2405/2405 2394/2394/2394 2550/2550/2550
f 2420/2420/2420 2404/2404/2404 2560/2560/2560
f 2415/2415/2415 2429/2429/2429 2575/2575/2575
f 2434/2434/2434 2419/2419/2419 2569/2569/2569
f 2439/2439/2439 2459/2459/2459 2601/2601/2601
f 2470/2470/2470 2453/2453/2453 2596/2596/2596
f 2476/2476/2476 2470/2470/2470 2613/2613/2613
f 2475/2475/2475 2482/2482/2482 2622/2622/2622
f 2483/2483/2483 2477/2477/2477 2618/2618/2618
f 2481/2481/2481 2487/2487/2487 2627/2627/2627
f 2488/2488/2488 2483/2483/2483 2624/2624/2624
f 2487/2487/2487 2491/2491/2491 2633/2633/2633
f 2491/2491/2491 2492/2492/2492 2637/2637/2637
f 2507/2507/2507 2499/2499/2499 2651/2651/2651
f 2512/2512/2512 2506/2506/2506 2661/2661/2661
f 2508/2508/2508 2513/2513/2513 2672/2672/2672
f 2510/2510/2510 2516/2516/2516 2676/2676/2676
f 2513/2513/2513 2518/2518/2518 2679/2679/2679
f 2524/2524/2524 2517/2517/2517 2678/2678/2678
f 2522/2522/2522 2530/2530/2530 2690/2690/2690
f 2532/2532/2532 2523/2523/2523 2684/2684/2684
f 2531/2531/2531 2539/2539/2539 2697/2697/2697
f 2540/2540/2540 2549/2549/2549 2703/2703/2703
f 2552/2552/2552 2542/2542/2542 2699/2699/2699
f 2549/2549/2549 2558/2558/2558 2712/2712/2712
f 2562/2562/2562 2551/2551/2551 2706/2706/2706
f 2554/2554/2554 2563/2563/2563 2718/2718/2718
f 2559/2559/2559 2568/2568/2568 2723/2723/2723
f 2573/2573/2573 2581/2581/2581 2737/2737/2737
f 2582/2582/2582 2574/2574/2574 2730/2730/2730
f 2603/2603/2603 2588/2588/2588 2746/2746/2746
f 2589/2589/2589 2611/2611/2611 2768/2768/2768
f 2612/2612/2612 2595/2595/2595 2753/2753/2753
f 2597/2597/2597 2615/2615/2615 2771/2771/2771
f 2617/2617/2617 2613/2613/2613 2770/2770/2770
f 2616/2616/2616 2622/2622/2622 2778/2778/2778
f 2623/2623/2623 2617/2617/2617 2774/2774/2774
f 2628/2628/2628 2623/2623/2623 2779/2779/2779
f 2627/2627/2627 2633/2633/2633 2787/2787/2787
f 2634/2634/2634 2629/2629/2629 2784/2784/2784
f 2631/2631/2631 2636/2636/2636 2790/2790/2790
f 2633/2633/2633 2637/2637/2637 2792/2792/2792
f 2638/2638/2638 2634/2634/2634 2789/2789/2789
f 2637/2637/2637 2641/2641/2641 2796/2796/2796
f 2641/2641/2641 2646/2646/2646 2800/2800/2800
f 2645/2645/2645 2650/2650/2650 2802/2802/2802
f 2650/2650/2650 2660/2660/2660 2811/2811/2811
f 2662/2662/2662 2651/2651/2651 2804/2804/2804
f 2660/2660/2660 2668/2668/2668 2818/2818/2818
f 2669/2669/2669 2677/2677/2677 2825/2825/2825
f 2678/2678/2678 2670/2670/2670 2820/2820/2820
f 2672/2672/2672 2679/2679/2679 2827/2827/2827
f 2677/2677/2677 2683/2683/2683 2829/2829/2829
f 2679/2679/2679 2686/2686/2686 2832/2832/2832
f 2689/2689/2689 2680/2680/2680 2828/2828/2828
f 2683/2683/2683 2691/2691/2691 2836/2836/2836
f 2693/2693/2693 2684/2684/2684 2830/2830/2830
f 2687/2687/2687 2694/2694/2694 2839/2839/2839
f 2692/2692/2692 2698/2698/2698 2843/2843/2843
f 2699/2699/2699 2693/2693/2693 2838/2838/2838
f 2702/2702/2702 2695/2695/2695 2840/2840/2840
f 2698/2698/2698 2703/2703/2703 2848/2848/2848
f 2711/2711/2711 2702/2702/2702 2847/2847/2847
f 2704/2704/2704 2713/2713/2713 2858/2858/2858
f 2720/2720/2720 2710/2710/2710 2856/2856/2856
f 2713/2713/2713 2723/2723/2723 2870/2870/2870
f 2719/2719/2719 2727/2727/2727 2874/2874/2874
f 2722/2722/2722 2731/2731/2731 2877/2877/2877
f 2728/2728/2728 2736/2736/2736 2880/2880/2880
f 2742/2742/2742 2759/2759/2759 2902/2902/2902
f 2760/2760/2760 2746/2746/2746 2889/2889/2889
f 2771/2771/2771 2776/2776/2776 2921/2921/2921
f 2772/2772/2772 2778/2778/2778 2923/2923/2923
f 2779/2779/2779 2774/2774/2774 2918/2918/2918
f 2775/2775/2775 2781/2781/2781 2927/2927/2927
f 2777/2777/2777 2782/2782/2782 2928/2928/2928
f 2780/2780/2780 2785/2785/2785 2932/2932/2932
f 2788/2788/2788 2783/2783/2783 2929/2929/2929
f 2785/2785/2785 2790/2790/2790 2937/2937/2937
f 2793/2793/2793 2789/2789/2789 2935/2935/2935
f 2792/2792/2792 2796/2796/2796 2946/2946/2946
f 2797/2797/2797 2793/2793/2793 2941/2941/2941
f 2796/2796/2796 2800/2800/2800 2951/2951/2951
f 2799/2799/2799 2803/2803/2803 2955/2955/2955
f 2800/2800/2800 2809/2809/2809 2962/2962/2962
f 2802/2802/2802 2811/2811/2811 2965/2965/2965
f 2809/2809/2809 2814/2814/2814 2969/2969/2969
f 2817/2817/2817 2810/2810/2810 2963/2963/2963
f 2824/2824/2824 2816/2816/2816 2970/2970/2970
f 2828/2828/2828 2824/2824/2824 2979/2979/2979
f 2829/2829/2829 2836/2836/2836 2995/2995/2995
f 2833/2833/2833 2839/2839/2839 2997/2997/2997
f 2841/2841/2841 2835/2835/2835 2994/2994/2994
f 2844/2844/2844 2838/2838/2838 2996/2996/2996
f 2839/2839/2839 2845/2845/2845 3003/3003/3003
f 2845/2845/2845 2853/2853/2853 3012/3012/3012
f 2868/2868/2868 2857/2857/2857 3014/3014/3014
f 2858/2858/2858 2870/2870/2870 3028/3028/3028
f 2876/2876/2876 2867/2867/2867 3025/3025/3025
f 2869/2869/2869 2877/2877/2877 3036/3036/3036
f 2875/2875/2875 2880/2880/2880 3038/3038/3038
f 2884/2884/2884 2878/2878/2878 3037/3037/3037
f 2885/2885/2885 2902/2902/2902 3063/3063/3063
f 2903/2903/2903 2889/2889/2889 3047/3047/3047
f 2897/2897/2897 2915/2915/2915 3079/3079/3079
f 2914/2914/2914 2920/2920/2920 3086/3086/3086
f 2916/2916/2916 2923/2923/2923 3088/3088/3088
f 2919/2919/2919 2926/2926/2926 3092/3092/3092
f 2922/2922/2922 2928/2928/2928 3093/3093/3093
f 2926/2926/2926 2932/2932/2932 3096/3096/3096
f 2933/2933/2933 2940/2940/2940 3101/3101/3101
f 2941/2941/2941 2935/2935/2935 3098/3098/3098
f 2939/2939/2939 2945/2945/2945 3105/3105/3105
f 2949/2949/2949 2954/2954/2954 3112/3112/3112
f 2962/2962/2962 2969/2969/2969 3122/3122/3122
f 2980/2980/2980 2971/2971/2971 3123/3123/3123
f 2987/2987/2987 2980/2980/2980 3129/3129/3129
f 2985/2985/2985 2992/2992/2992 3143/3143/3143
f 2994/2994/2994 2986/2986/2986 3136/3136/3136
f 2999/2999/2999 2994/2994/2994 3145/3145/3145
f 2997/2997/2997 3003/3003/3003 3159/3159/3159
f 3005/3005/3005 2998/2998/2998 3152/3152/3152
f 3004/3004/3004 3013/3013/3013 3168/3168/3168
f 3014/3014/3014 3005/3005/3005 3161/3161/3161
f 3013/3013/3013 3021/3021/3021 3177/3177/3177
f 3015/3015/3015 3027/3027/3027 3183/3183/3183
f 3031/3031/3031 3017/3017/3017 3174/3174/3174
f 3023/3023/3023 3032/3032/3032 3188/3188/3188
f 3035/3035/3035 3026/3026/3026 3181/3181/3181
f 3033/3033/3033 3038/3038/3038 3196/3196/3196
f 3039/3039/3039 3034/3034/3034 3190/3190/3190
f 3036/3036/3036 3040/3040/3040 3198/3198/3198
f 3064/3064/3064 3047/3047/3047 3205/3205/3205
f 3048/3048/3048 3072/3072/3072 3233/3233/3233
f 3056/3056/3056 3077/3077/3077 3237/3237/3237
f 3071/3071/3071 3081/3081/3081 3239/3239/3239
f 3080/3080/3080 3087/3087/3087 3240/3240/3240
f 3097/3097/3097 3101/3101/3101 3243/3243/3243
f 3119/3119/3119 3122/3122/3122 3260/3260/3260
f 3150/3150/3150 3141/3141/3141 3267/3267/3267
f 3154/3154/3154 3146/3146/3146 3270/3270/3270
f 3151/3151/3151 3159/3159/3159 3284/3284/3284
f 3162/3162/3162 3153/3153/3153 3277/3277/3277
f 3160/3160/3160 3168/3168/3168 3293/3293/3293
f 3171/3171/3171 3162/3162/3162 3286/3286/3286
f 3176/3176/3176 3165/3165/3165 3291/3291/3291
f 3169/3169/3169 3178/3178/3178 3308/3308/3308
f 3181/3181/3181 3170/3170/3170 3297/3297/3297
f 3173/3173/3173 3183/3183/3183 3318/3318/3318
f 3180/3180/3180 3189/3189/3189 3324/3324/3324
f 3191/3191/3191 3181/3181/3181 3312/3312/3312
f 3224/3224/3224 3204/3204/3204 3340/3340/3340
f 3206/3206/3206 3233/3233/3233 3369/3369/3369
f 3238/3238/3238 3240/3240/3240 3385/3385/3385
f 3241/3241/3241 3242/3242/3242 3390/3390/3390
f 3242/3242/3242 3243/3243/3243 3391/3391/3391
f 3243/3243/3243 3244/3244/3244 3397/3397/3397
f 3244/3244/3244 3250/3250/3250 3404/3404/3404
f 3250/3250/3250 3257/3257/3257 3408/3408/3408
f 3257/3257/3257 3260/3260/3260 3411/3411/3411
f 3267/3267/3267 3264/3264/3264 3415/3415/3415
f 3269/3269/3269 3275/3275/3275 3423/3423/3423
f 3276/3276/3276 3285/3285/3285 3427/3427/3427
f 3285/3285/3285 3293/3293/3293 3434/3434/3434
f 3299/3299/3299 3287/3287/3287 3429/3429/3429
f 3296/3296/3296 3310/3310/3310 3445/3445/3445
f 3301/3301/3301 3316/3316/3316 3449/3449/3449
f 3311/3311/3311 3325/3325/3325 3453/3453/3453
f 3328/3328/3328 3314/3314/3314 3447/3447/3447
f 3359/3359/3359 3339/3339/3339 3464/3464/3464
f 3371/3371/3371 3361/3361/3361 3486/3486/3486
f 3386/3386/3386 3381/3381/3381 3499/3499/3499
f 3385/3385/3385 3389/3389/3389 3516/3516/3516
f 3390/3390/3390 3391/3391/3391 3532/3532/3532
f 3397/3397/3397 3404/3404/3404 3544/3544/3544
f 3404/3404/3404 3408/3408/3408 3547/3547/3547
f 3408/3408/3408 3411/3411/3411 3550/3550/3550
f 3411/3411/3411 3414/3414/3414 3553/3553/3553
f 3420/3420/3420 3423/3423/3423 3565/3565/3565
f 3424/3424/3424 3427/3427/3427 3570/3570/3570
f 3428/3428/3428 3435/3435/3435 3574/3574/3574
f 3437/3437/3437 3445/3445/3445 3580/3580/3580
f 3452/3452/3452 3441/3441/3441 3577/3577/3577
f 3461/3461/3461 3450/3450/3450 3582/3582/3582
f 3489/3489/3489 3484/3484/3484 3617/3617/3617
f 3487/3487/3487 3497/3497/3497 3622/3622/3622
f 3498/3498/3498 3490/3490/3490 3621/3621/3621
f 3507/3507/3507 3498/3498/3498 3624/3624/3624
f 3505/3505/3505 3516/3516/3516 3630/3630/3630
f 3517/3517/3517 3508/3508/3508 3628/3628/3628
f 3526/3526/3526 3518/3518/3518 3633/3633/3633
f 3547/3547/3547 3550/3550/3550 3649/3649/3649
f 3550/3550/3550 3553/3553/3553 3653/3653/3653
f 3554/3554/3554 3551/3551/3551 3652/3652/3652
f 3553/3553/3553 3555/3555/3555 3657/3657/3657
f 3556/3556/3556 3559/3559/3559 3661/3661/3661
f 3561/3561/3561 3566/3566/3566 3667/3667/3667
f 3571/3571/3571 3574/3574/3574 3674/3674/3674
f 3585/3585/3585 3578/3578/3578 3678/3678/3678
f 3581/3581/3581 3586/3586/3586 3686/3686/3686
f 3597/3597/3597 3589/3589/3589 3689/3689/3689
f 3598/3598/3598 3619/3619/3619 3722/3722/3722
f 3620/3620/3620 3617/3617/3617 3720/3720/3720
f 3618/3618/3618 3622/3622/3622 3726/3726/3726
f 3623/3623/3623 3620/3620/3620 3724/3724/3724
f 3622/3622/3622 3626/3626/3626 3730/3730/3730
f 3627/3627/3627 3624/3624/3624 3728/3728/3728
f 3625/3625/3625 3630/3630/3630 3733/3733/3733
f 3631/3631/3631 3627/3627/3627 3731/3731/3731
f 3636/3636/3636 3632/3632/3632 3735/3735/3735
f 3635/3635/3635 3638/3638/3638 3740/3740/3740
f 3642/3642/3642 3639/3639/3639 3742/3742/3742
f 3643/3643/3643 3646/3646/3646 3749/3749/3749
f 3646/3646/3646 3649/3649/3649 3753/3753/3753
f 3650/3650/3650 3654/3654/3654 3757/3757/3757
f 3654/3654/3654 3658/3658/3658 3759/3759/3759
f 3658/3658/3658 3661/3661/3661 3763/3763/3763
f 3662/3662/3662 3666/3666/3666 3767/3767/3767
f 3700/3700/3700 3721/3721/3721 3826/3826/3826
f 3723/3723/3723 3719/3719/3719 3825/3825/3825
f 3721/3721/3721 3726/3726/3726 3834/3834/3834
f 3727/3727/3727 3724/3724/3724 3832/3832/3832
f 3725/3725/3725 3729/3729/3729 3838/3838/3838
f 3731/3731/3731 3728/3728/3728 3837/3837/3837
f 3734/3734/3734 3731/3731/3731 3840/3840/3840
f 3733/3733/3733 3737/3737/3737 3844/3844/3844
f 3738/3738/3738 3734/3734/3734 3843/3843/3843
f 3737/3737/3737 3740/3740/3740 3846/3846/3846
f 3746/3746/3746 3749/3749/3749 3853/3853/3853
f 3750/3750/3750 3754/3754/3754 3857/3857/3857
f 3758/3758/3758 3755/3755/3755 3860/3860/3860
f 3757/3757/3757 3759/3759/3759 3865/3865/3865
f 3760/3760/3760 3764/3764/3764 3871/3871/3871
f 3764/3764/3764 3767/3767/3767 3876/3876/3876
f 3806/3806/3806 3826/3826/3826 3944/3944/3944
f 3827/3827/3827 3815/3815/3815 3935/3935/3935
f 3831/3831/3831 3825/3825/3825 3943/3943/3943
f 3826/3826/3826 3834/3834/3834 3954/3954/3954
f 3835/3835/3835 3831/3831/3831 3952/3952/3952
f 3833/3833/3833 3838/3838/3838 3962/3962/3962
f 3839/3839/3839 3836/3836/3836 3961/3961/3961
f 3842/3842/3842 3839/3839/3839 3966/3966/3966
f 3841/3841/3841 3844/3844/3844 3975/3975/3975
f 3845/3845/3845 3843/3843/3843 3973/3973/3973
f 3846/3846/3846 3848/3848/3848 3987/3987/3987
f 3848/3848/3848 3850/3850/3850 3993/3993/3993
f 3851/3851/3851 3854/3854/3854 3999/3999/3999
f 3856/3856/3856 3852/3852/3852 3998/3998/3998
f 3858/3858/3858 3862/3862/3862 4012/4012/4012
f 3868/3868/3868 3873/3873/3873 4027/4027/4027
f 3874/3874/3874 3881/3881/3881 4035/4035/4035
f 3883/3883/3883 3875/3875/3875 4030/4030/4030
f 3889/3889/3889 3899/3899/3899 4055/4055/4055
f 3904/3904/3904 3890/3890/3890 4048/4048/4048
f 3908/3908/3908 3895/3895/3895 4053/4053/4053
f 3926/3926/3926 3944/3944/3944 4088/4088/4088
f 3945/3945/3945 3934/3934/3934 4081/4081/4081
f 3944/3944/3944 3954/3954/3954 4095/4095/4095
f 3955/3955/3955 3946/3946/3946 4090/4090/4090
f 3960/3960/3960 3952/3952/3952 4093/4093/4093
f 3963/3963/3963 3956/3956/3956 4097/4097/4097
f 3966/3966/3966 3961/3961/3961 4102/4102/4102
f 3962/3962/3962 3968/3968/3968 4113/4113/4113
f 3970/3970/3970 3964/3964/3964 4107/4107/4107
f 3967/3967/3967 3974/3974/3974 4121/4121/4121
f 3971/3971/3971 3978/3978/3978 4125/4125/4125
f 3979/3979/3979 3972/3972/3972 4119/4119/4119
f 3978/3978/3978 3985/3985/3985 4133/4133/4133
f 3989/3989/3989 3983/3983/3983 4132/4132/4132
f 3988/3988/3988 3994/3994/3994 4144/4144/4144
f 3994/3994/3994 3999/3999/3999 4151/4151/4151
f 3999/3999/3999 4004/4004/4004 4158/4158/4158
f 4010/4010/4010 4003/4003/4003 4157/4157/4157
f 4007/4007/4007 4014/4014/4014 4169/4169/4169
f 4014/4014/4014 4020/4020/4020 4175/4175/4175
f 4022/4022/4022 4015/4015/4015 4171/4171/4171
f 4021/4021/4021 4028/4028/4028 4182/4182/4182
f 4030/4030/4030 4022/4022/4022 4178/4178/4178
f 4029/4029/4029 4036/4036/4036 4191/4191/4191
f 4037/4037/4037 4047/4047/4047 4200/4200/4200
f 4047/4047/4047 4057/4057/4057 4210/4210/4210
f 4067/4067/4067 4063/4063/4063 4217/4217/4217
f 4072/4072/4072 4067/4067/4067 4221/4221/4221
f 4082/4082/4082 4092/4092/4092 4244/4244/4244
f 4093/4093/4093 4087/4087/4087 4240/4240/4240
f 4094/4094/4094 4104/4104/4104 4253/4253/4253
f 4105/4105/4105 4096/4096/4096 4248/4248/4248
f 4110/4110/4110 4101/4101/4101 4251/4251/4251
f 4103/4103/4103 4112/4112/4112 4258/4258/4258
f 4114/4114/4114 4105/4105/4105 4254/4254/4254
f 4119/4119/4119 4111/4111/4111 4257/4257/4257
f 4112/4112/4112 4121/4121/4121 4265/4265/4265
f 4124/4124/4124 4115/4115/4115 4260/4260/4260
f 4134/4134/4134 4127/4127/4127 4270/4270/4270
f 4137/4137/4137 4131/4131/4131 4273/4273/4273
f 4133/4133/4133 4140/4140/4140 4280/4280/4280
f 4148/4148/4148 4155/4155/4155 4292/4292/4292
f 4156/4156/4156 4149/4149/4149 4288/4288/4288
f 4151/4151/4151 4158/4158/4158 4295/4295/4295
f 4164/4164/4164 4156/4156/4156 4293/4293/4293
f 4158/4158/4158 4166/4166/4166 4300/4300/4300
f 4162/4162/4162 4170/4170/4170 4302/4302/4302
f 4171/4171/4171 4163/4163/4163 4298/4298/4298
f 4166/4166/4166 4172/4172/4172 4305/4305/4305
f 4170/4170/4170 4176/4176/4176 4307/4307/4307
f 4178/4178/4178 4171/4171/4171 4303/4303/4303
f 4184/4184/4184 4192/4192/4192 4323/4323/4323
f 4188/4188/4188 4196/4196/4196 4327/4327/4327
f 4192/4192/4192 4200/4200/4200 4331/4331/4331
f 4197/4197/4197 4205/4205/4205 4335/4335/4335
f 4201/4201/4201 4211/4211/4211 4340/4340/4340
f 4207/4207/4207 4214/4214/4214 4342/4342/4342
f 4215/4215/4215 4218/4218/4218 4346/4346/4346
f 4219/4219/4219 4223/4223/4223 4349/4349/4349
f 4226/4226/4226 4241/4241/4241 4369/4369/4369
f 4245/4245/4245 4240/4240/4240 4367/4367/4367
f 4244/4244/4244 4250/4250/4250 4382/4382/4382
f 4246/4246/4246 4253/4253/4253 4385/4385/4385
f 4254/4254/4254 4248/4248/4248 4379/4379/4379
f 4252/4252/4252 4258/4258/4258 4392/4392/4392
f 4255/4255/4255 4262/4262/4262 4396/4396/4396
f 4263/4263/4263 4257/4257/4257 4391/4391/4391
f 4266/4266/4266 4259/4259/4259 4393/4393/4393
f 4273/4273/4273 4266/4266/4266 4400/4400/4400
f 4288/4288/4288 4281/4281/4281 4420/4420/4420
f 4291/4291/4291 4285/4285/4285 4423/4423/4423
f 4293/4293/4293 4288/4288/4288 4428/4428/4428
f 4289/4289/4289 4294/4294/4294 4437/4437/4437
f 4296/4296/4296 4291/4291/4291 4431/4431/4431
f 4292/4292/4292 4297/4297/4297 4442/4442/4442
f 4300/4300/4300 4305/4305/4305 4452/4452/4452
f 4306/4306/4306 4301/4301/4301 4446/4446/4446
f 4309/4309/4309 4303/4303/4303 4450/4450/4450
f 4305/4305/4305 4310/4310/4310 4461/4461/4461
f 4312/4312/4312 4306/4306/4306 4454/4454/4454
f 4311/4311/4311 4319/4319/4319 4470/4470/4470
f 4319/4319/4319 4327/4327/4327 4478/4478/4478
f 4330/4330/4330 4320/4320/4320 4472/4472/4472
f 4328/4328/4328 4335/4335/4335 4486/4486/4486
f 4332/4332/4332 4340/4340/4340 4491/4491/4491
f 4337/4337/4337 4342/4342/4342 4493/4493/4493
f 4362/4362/4362 4373/4373/4373 4523/4523/4523
f 4374/4374/4374 4366/4366/4366 4516/4516/4516
f 4368/4368/4368 4377/4377/4377 4528/4528/4528
f 4372/4372/4372 4381/4381/4381 4533/4533/4533
f 4383/4383/4383 4375/4375/4375 4526/4526/4526
f 4376/4376/4376 4384/4384/4384 4535/4535/4535
f 4381/4381/4381 4389/4389/4389 4539/4539/4539
f 4390/4390/4390 4383/4383/4383 4534/4534/4534
f 4384/4384/4384 4392/4392/4392 4542/4542/4542
f 4394/4394/4394 4387/4387/4387 4536/4536/4536
f 4388/4388/4388 4395/4395/4395 4545/4545/4545
f 4397/4397/4397 4391/4391/4391 4541/4541/4541
f 4401/4401/4401 4394/4394/4394 4543/4543/4543
f 4395/4395/4395 4403/4403/4403 4552/4552/4552
f 4405/4405/4405 4397/4397/4397 4547/4547/4547
f 4402/4402/4402 4411/4411/4411 4559/4559/4559
f 4411/4411/4411 4418/4418/4418 4564/4564/4564
f 4415/4415/4415 4421/4421/4421 4567/4567/4567
f 4422/4422/4422 4430/4430/4430 4574/4574/4574
f 4433/4433/4433 4425/4425/4425 4569/4569/4569
f 4440/4440/4440 4432/4432/4432 4575/4575/4575
f 4433/4433/4433 4441/4441/4441 4583/4583/4583
f 4444/4444/4444 4436/4436/4436 4579/4579/4579
f 4445/4445/4445 4452/4452/4452 4589/4589/4589
f 4453/4453/4453 4462/4462/4462 4596/4596/4596
f 4464/4464/4464 4455/4455/4455 4591/4591/4591
f 4462/4462/4462 4470/4470/4470 4606/4606/4606
f 4473/4473/4473 4463/4463/4463 4598/4598/4598
f 4477/4477/4477 4467/4467/4467 4604/4604/4604
f 4471/4471/4471 4479/4479/4479 4619/4619/4619
f 4482/4482/4482 4472/4472/4472 4609/4609/4609
f 4480/4480/4480 4487/4487/4487 4628/4628/4628
f 4490/4490/4490 4482/4482/4482 4622/4622/4622
f 4488/4488/4488 4493/4493/4493 4633/4633/4633
f 4496/4496/4496 4489/4489/4489 4631/4631/4631
f 4497/4497/4497 4501/4501/4501 4649/4649/4649
f 4499/4499/4499 4518/4518/4518 4667/4667/4667
f 4511/4511/4511 4522/4522/4522 4671/4671/4671
f 4524/4524/4524 4515/4515/4515 4665/4665/4665
f 4517/4517/4517 4527/4527/4527 4675/4675/4675
f 4521/4521/4521 4532/4532/4532 4678/4678/4678
f 4534/4534/4534 4526/4526/4526 4674/4674/4674
f 4527/4527/4527 4535/4535/4535 4681/4681/4681
f 4546/4546/4546 4540/4540/4540 4682/4682/4682
f 4553/4553/4553 4546/4546/4546 4684/4684/4684
f 4548/4548/4548 4555/4555/4555 4687/4687/4687
f 4565/4565/4565 4560/4560/4560 4689/4689/4689
f 4562/4562/4562 4567/4567/4567 4694/4694/4694
f 4588/4588/4588 4584/4584/4584 4705/4705/4705
f 4590/4590/4590 4596/4596/4596 4713/4713/4713
f 4597/4597/4597 4607/4607/4607 4721/4721/4721
f 4608/4608/4608 4620/4620/4620 4732/4732/4732
f 4623/4623/4623 4610/4610/4610 4723/4723/4723
f 4625/4625/4625 4615/4615/4615 4728/4728/4728
f 4621/4621/4621 4629/4629/4629 4741/4741/4741
f 4632/4632/4632 4622/4622/4622 4734/4734/4734
f 4630/4630/4630 4634/4634/4634 4749/4749/4749
f 4637/4637/4637 4632/4632/4632 4744/4744/4744
f 4638/4638/4638 4648/4648/4648 4766/4766/4766
f 4647/4647/4647 4667/4667/4667 4778/4778/4778
f 4672/4672/4672 4665/4665/4665 4776/4776/4776
f 4666/4666/4666 4675/4675/4675 4783/4783/4783
f 4679/4679/4679 4673/4673/4673 4782/4782/4782
f 4675/4675/4675 4681/4681/4681 4786/4786/4786
f 4682/4682/4682 4680/4680/4680 4785/4785/4785
f 4681/4681/4681 4683/4683/4683 4789/4789/4789
f 4684/4684/4684 4682/4682/4682 4788/4788/4788
f 4686/4686/4686 4684/4684/4684 4791/4791/4791
f 4685/4685/4685 4687/4687/4687 4795/4795/4795
f 4688/4688/4688 4690/4690/4690 4799/4799/4799
f 4691/4691/4691 4695/4695/4695 4803/4803/4803
f 4700/4700/4700 4696/4696/4696 4804/4804/4804
f 4706/4706/4706 4709/4709/4709 4813/4813/4813
f 4712/4712/4712 4708/4708/4708 4812/4812/4812
f 4710/4710/4710 4713/4713/4713 4817/4817/4817
f 4720/4720/4720 4711/4711/4711 4815/4815/4815
f 4731/4731/4731 4719/4719/4719 4821/4821/4821
f 4722/4722/4722 4732/4732/4732 4829/4829/4829
f 4740/4740/4740 4728/4728/4728 4825/4825/4825
f 4733/4733/4733 4741/4741/4741 4838/4838/4838
f 4746/4746/4746 4736/4736/4736 4833/4833/4833
f 4748/4748/4748 4739/4739/4739 4836/4836/4836
f 4743/4743/4743 4750/4750/4750 4846/4846/4846
f 4753/4753/4753 4745/4745/4745 4841/4841/4841
f 4754/4754/4754 4765/4765/4765 4864/4864/4864
f 4764/4764/4764 4777/4777/4777 4875/4875/4875
f 4779/4779/4779 4774/4774/4774 4874/4874/4874
f 4787/4787/4787 4784/4784/4784 4884/4884/4884
f 4786/4786/4786 4789/4789/4789 4888/4888/4888
f 4791/4791/4791 4788/4788/4788 4887/4887/4887
f 4793/4793/4793 4790/4790/4790 4889/4889/4889
f 4792/4792/4792 4795/4795/4795 4895/4895/4895
f 4796/4796/4796 4799/4799/4799 4900/4900/4900
f 4804/4804/4804 4801/4801/4801 4903/4903/4903
f 4803/4803/4803 4805/4805/4805 4907/4907/4907
f 4805/4805/4805 4807/4807/4807 4911/4911/4911
f 4808/4808/4808 4806/4806/4806 4910/4910/4910
f 4807/4807/4807 4809/4809/4809 4915/4915/4915
f 4810/4810/4810 4814/4814/4814 4918/4918/4918
f 4815/4815/4815 4811/4811/4811 4917/4917/4917
f 4814/4814/4814 4817/4817/4817 4922/4922/4922
f 4822/4822/4822 4815/4815/4815 4921/4921/4921
f 4818/4818/4818 4823/4823/4823 4927/4927/4927
f 4824/4824/4824 4829/4829/4829 4936/4936/4936
f 4832/4832/4832 4840/4840/4840 4943/4943/4943
f 4840/4840/4840 4846/4846/4846 4949/4949/4949
f 4849/4849/4849 4841/4841/4841 4944/4944/4944
f 4851/4851/4851 4848/4848/4848 4951/4951/4951
f 4877/4877/4877 4873/4873/4873 4972/4972/4972
f 4884/4884/4884 4881/4881/4881 4979/4979/4979
f 4891/4891/4891 4895/4895/4895 4996/4996/4996
f 4896/4896/4896 4900/4900/4900 5001/5001/5001
f 4902/4902/4902 4897/4897/4897 5000/5000/5000
f 4901/4901/4901 4904/4904/4904 5007/5007/5007
f 4904/4904/4904 4907/4907/4907 5012/5012/5012
f 4908/4908/4908 4912/4912/4912 5016/5016/5016
f 4913/4913/4913 4909/4909/4909 5015/5015/5015
f 4912/4912/4912 4916/4916/4916 5020/5020/5020
f 4917/4917/4917 4914/4914/4914 5019/5019/5019
f 4916/4916/4916 4918/4918/4918 5025/5025/5025
f 4919/4919/4919 4923/4923/4923 5031/5031/5031
f 4924/4924/4924 4934/4934/4934 5045/5045/5045
f 4930/4930/4930 4938/4938/4938 5046/5046/5046
f 4948/4948/4948 4940/4940/4940 5048/5048/5048
f 4950/4950/4950 4953/4953/4953 5064/5064/5064
f 4964/4964/4964 4973/4973/4973 5086/5086/5086
f 4974/4974/4974 4971/4971/4971 5084/5084/5084
f 4973/4973/4973 4981/4981/4981 5090/5090/5090
f 4982/4982/4982 4976/4976/4976 5089/5089/5089
f 4988/4988/4988 4984/4984/4984 5093/5093/5093
f 4990/4990/4990 4993/4993/4993 5105/5105/5105
f 4993/4993/4993 4996/4996/4996 5110/5110/5110
f 4998/4998/4998 5002/5002/5002 5116/5116/5116
f 5003/5003/5003 5008/5008/5008 5120/5120/5120
f 5009/5009/5009 5004/5004/5004 5119/5119/5119
f 5008/5008/5008 5013/5013/5013 5124/5124/5124
f 5015/5015/5015 5010/5010/5010 5123/5123/5123
f 5014/5014/5014 5017/5017/5017 5129/5129/5129
f 5018/5018/5018 5015/5015/5015 5128/5128/5128
f 5026/5026/5026 5031/5031/5031 5143/5143/5143
f 5031/5031/5031 5037/5037/5037 5151/5151/5151
f 5041/5041/5041 5047/5047/5047 5158/5158/5158
f 5048/5048/5048 5042/5042/5042 5157/5157/5157
f 5047/5047/5047 5050/5050/5050 5165/5165/5165
f 5056/5056/5056 5048/5048/5048 5164/5164/5164
f 5052/5052/5052 5060/5060/5060 5176/5176/5176
f 5080/5080/5080 5074/5074/5074 5186/5186/5186
f 5088/5088/5088 5085/5085/5085 5199/5199/5199
f 5086/5086/5086 5090/5090/5090 5205/5205/5205
f 5091/5091/5091 5089/5089/5089 5204/5204/5204
f 5090/5090/5090 5095/5095/5095 5211/5211/5211
f 5100/5100/5100 5106/5106/5106 5221/5221/5221
f 5106/5106/5106 5111/5111/5111 5223/5223/5223
f 5113/5113/5113 5107/5107/5107 5222/5222/5222
f 5112/5112/5112 5116/5116/5116 5227/5227/5227
f 5121/5121/5121 5118/5118/5118 5230/5230/5230
f 5120/5120/5120 5124/5124/5124 5235/5235/5235
f 5125/5125/5125 5129/5129/5129 5240/5240/5240
f 5130/5130/5130 5126/5126/5126 5239/5239/5239
f 5134/5134/5134 5130/5130/5130 5244/5244/5244
f 5133/5133/5133 5137/5137/5137 5250/5250/5250
f 5138/5138/5138 5144/5144/5144 5256/5256/5256
f 5146/5146/5146 5154/5154/5154 5262/5262/5262
f 5155/5155/5155 5158/5158/5158 5270/5270/5270
f 5159/5159/5159 5166/5166/5166 5278/5278/5278
f 5162/5162/5162 5169/5169/5169 5280/5280/5280
f 5172/5172/5172 5164/5164/5164 5277/5277/5277
f 5193/5193/5193 5185/5185/5185 5288/5288/5288
f 5202/5202/5202 5198/5198/5198 5300/5300/5300
f 5207/5207/5207 5203/5203/5203 5307/5307/5307
f 5205/5205/5205 5211/5211/5211 5314/5314/5314
f 5213/5213/5213 5206/5206/5206 5310/5310/5310
f 5215/5215/5215 5209/5209/5209 5313/5313/5313
f 5211/5211/5211 5217/5217/5217 5320/5320/5320
f 5220/5220/5220 5215/5215/5215 5319/5319/5319
f 5224/5224/5224 5227/5227/5227 5333/5333/5333
f 5228/5228/5228 5231/5231/5231 5336/5336/5336
f 5233/5233/5233 5229/5229/5229 5335/5335/5335
f 5232/5232/5232 5236/5236/5236 5340/5340/5340
f 5237/5237/5237 5241/5241/5241 5345/5345/5345
f 5246/5246/5246 5251/5251/5251 5358/5358/5358
f 5252/5252/5252 5257/5257/5257 5367/5367/5367
f 5261/5261/5261 5253/5253/5253 5366/5366/5366
f 5259/5259/5259 5263/5263/5263 5377/5377/5377
f 5295/5295/5295 5288/5288/5288 5387/5387/5387
f 5303/5303/5303 5297/5297/5297 5398/5398/5398
f 5309/5309/5309 5305/5305/5305 5404/5404/5404
f 5315/5315/5315 5309/5309/5309 5409/5409/5409
f 5314/5314/5314 5320/5320/5320 5417/5417/5417
f 5323/5323/5323 5317/5317/5317 5416/5416/5416
f 5320/5320/5320 5326/5326/5326 5421/5421/5421
f 5327/5327/5327 5323/5323/5323 5420/5420/5420
f 5335/5335/5335 5331/5331/5331 5429/5429/5429
f 5334/5334/5334 5336/5336/5336 5434/5434/5434
f 5337/5337/5337 5340/5340/5340 5440/5440/5440
f 5342/5342/5342 5346/5346/5346 5447/5447/5447
f 5347/5347/5347 5353/5353/5353 5454/5454/5454
f 5354/5354/5354 5361/5361/5361 5462/5462/5462
f 5362/5362/5362 5370/5370/5370 5468/5468/5468
f 5395/5395/5395 5386/5386/5386 5473/5473/5473
f 5401/5401/5401 5397/5397/5397 5483/5483/5483
f 5399/5399/5399 5407/5407/5407 5489/5489/5489
f 5408/5408/5408 5403/5403/5403 5488/5488/5488
f 5413/5413/5413 5408/5408/5408 5492/5492/5492
f 5412/5412/5412 5417/5417/5417 5497/5497/5497
f 5417/5417/5417 5421/5421/5421 5501/5501/5501
f 5422/5422/5422 5418/5418/5418 5500/5500/5500
f 5427/5427/5427 5422/5422/5422 5504/5504/5504
f 5426/5426/5426 5430/5430/5430 5511/5511/5511
f 5432/5432/5432 5428/5428/5428 5510/5510/5510
f 5431/5431/5431 5434/5434/5434 5518/5518/5518
f 5436/5436/5436 5441/5441/5441 5530/5530/5530
f 5444/5444/5444 5449/5449/5449 5540/5540/5540
f 5450/5450/5450 5456/5456/5456 5547/5547/5547
f 5474/5474/5474 5485/5485/5485 5563/5563/5563
f 5486/5486/5486 5483/5483/5483 5561/5561/5561
f 5484/5484/5484 5489/5489/5489 5566/5566/5566
f 5490/5490/5490 5486/5486/5486 5565/5565/5565
f 5494/5494/5494 5491/5491/5491 5568/5568/5568
f 5493/5493/5493 5497/5497/5497 5572/5572/5572
f 5498/5498/5498 5494/5494/5494 5571/5571/5571
f 5497/5497/5497 5501/5501/5501 5575/5575/5575
f 5502/5502/5502 5498/5498/5498 5574/5574/5574
f 5501/5501/5501 5505/5505/5505 5578/5578/5578
f 5507/5507/5507 5502/5502/5502 5577/5577/5577
f 5506/5506/5506 5511/5511/5511 5583/5583/5583
f 5521/5521/5521 5531/5531/5531 5598/5598/5598
f 5552/5552/5552 5563/5563/5563 5611/5611/5611
f 5564/5564/5564 5560/5560/5560 5609/5609/5609
f 5562/5562/5562 5566/5566/5566 5614/5614/5614
f 5567/5567/5567 5565/5565/5565 5613/5613/5613
f 5570/5570/5570 5567/5567/5567 5615/5615/5615
f 5573/5573/5573 5570/5570/5570 5617/5617/5617
f 5576/5576/5576 5573/5573/5573 5619/5619/5619
f 5575/5575/5575 5578/5578/5578 5622/5622/5622
f 5579/5579/5579 5583/5583/5583 5626/5626/5626
f 65/65/65 60/60/60 66/66/66
f 70/70/70 64/64/64 71/71/71
f 78/78/78 69/69/69 79/79/79
f 104/104/104 100/100/100 105/105/105
f 108/108/108 104/104/104 109/109/109
f 115/115/115 108/108/108 116/116/116
f 116/116/116 109/109/109 117/117/117
f 124/124/124 114/114/114 125/125/125
f 125/125/125 115/115/115 126/126/126
f 126/126/126 116/116/116 127/127/127
f 127/127/127 117/117/117 128/128/128
f 138/138/138 123/123/123 139/139/139
f 139/139/139 124/124/124 140/140/140
f 140/140/140 125/125/125 141/141/141
f 141/141/141 126/126/126 142/142/142
f 143/143/143 128/128/128 144/144/144
f 144/144/144 129/129/129 145/145/145
f 147/147/147 135/135/135 148/148/148
f 148/148/148 136/136/136 149/149/149
f 149/149/149 137/137/137 150/150/150
f 153/153/153 141/141/141 154/154/154
f 154/154/154 142/142/142 155/155/155
f 178/178/178 171/171/171 179/179/179
f 179/179/179 172/172/172 180/180/180
f 180/180/180 173/173/173 181/181/181
f 185/185/185 179/179/179 186/186/186
f 192/192/192 186/186/186 193/193/193
f 199/199/199 192/192/192 200/200/200
f 201/201/201 194/194/194 202/202/202
f 208/208/208 201/201/201 209/209/209
f 209/209/209 202/202/202 210/210/210
f 223/223/223 214/214/214 224/224/224
f 235/235/235 220/220/220 236/236/236
f 236/236/236 221/221/221 237/237/237
f 243/243/243 233/233/233 244/244/244
f 246/246/246 237/237/237 247/247/247
f 267/267/267 260/260/260 268/268/268
f 292/292/292 287/287/287 293/293/293
f 304/304/304 297/297/297 305/305/305
f 305/305/305 298/298/298 306/306/306
f 316/316/316 303/303/303 317/317/317
f 317/317/317 304/304/304 318/318/318
f 326/326/326 313/313/313 327/327/327
f 330/330/330 316/316/316 331/331/331
f 331/331/331 317/317/317 332/332/332
f 334/334/334 323/323/323 335/335/335
f 336/336/336 325/325/325 337/337/337
f 337/337/337 326/326/326 338/338/338
f 347/347/347 339/339/339 348/348/348
f 381/381/381 377/377/377 380/380/380
f 382/382/382 378/378/378 383/383/383
f 386/386/386 382/382/382 387/387/387
f 396/396/396 390/390/390 397/397/397
f 409/409/409 399/399/399 410/410/410
f 416/416/416 402/402/402 417/417/417
f 417/417/417 403/403/403 418/418/418
f 419/419/419 405/405/405 420/420/420
f 422/422/422 415/415/415 423/423/423
f 434/434/434 424/424/424 435/435/435
f 447/447/447 428/428/428 448/448/448
f 456/456/456 452/452/452 457/457/457
f 472/472/472 469/469/469 471/471/471
f 504/504/504 492/492/492 505/505/505
f 505/505/505 493/493/493 506/506/506
f 509/509/509 496/496/496 510/510/510
f 511/511/511 498/498/498 512/512/512
f 516/516/516 508/508/508 517/517/517
f 518/518/518 510/510/510 519/519/519
f 519/519/519 511/511/511 520/520/520
f 523/523/523 520/520/520 524/524/524
f 525/525/525 522/522/522 526/526/526
f 537/537/537 527/527/527 538/538/538
f 578/578/578 574/574/574 579/579/579
f 588/588/588 583/583/583 589/589/589
f 594/594/594 587/587/587 595/595/595
f 595/595/595 588/588/588 596/596/596
f 605/605/605 593/593/593 606/606/606
f 609/609/609 601/601/601 610/610/610
f 619/619/619 608/608/608 620/620/620
f 621/621/621 610/610/610 622/622/622
f 622/622/622 611/611/611 623/623/623
f 624/624/624 613/613/613 625/625/625
f 633/633/633 622/622/622 634/634/634
f 634/634/634 623/623/623 635/635/635
f 636/636/636 625/625/625 637/637/637
f 639/639/639 628/628/628 640/640/640
f 651/651/651 641/641/641 652/652/652
f 678/678/678 673/673/673 677/677/677
f 693/693/693 690/690/690 692/692/692
f 698/698/698 694/694/694 699/699/699
f 732/732/732 721/721/721 733/733/733
f 737/737/737 726/726/726 738/738/738
f 738/738/738 727/727/727 739/739/739
f 739/739/739 728/728/728 740/740/740
f 741/741/741 730/730/730 742/742/742
f 774/774/774 769/769/769 773/773/773
f 786/786/786 782/782/782 785/785/785
f 792/792/792 787/787/787 791/791/791
f 806/806/806 802/802/802 807/807/807
f 811/811/811 805/805/805 812/812/812
f 817/817/817 810/810/810 818/818/818
f 821/821/821 817/817/817 822/822/822
f 843/843/843 832/832/832 844/844/844
f 845/845/845 838/838/838 846/846/846
f 860/860/860 852/852/852 859/859/859
f 873/873/873 861/861/861 872/872/872
f 874/874/874 862/862/862 873/873/873
f 875/875/875 863/863/863 874/874/874
f 886/886/886 883/883/883 885/885/885
f 891/891/891 887/887/887 890/890/890
f 900/900/900 896/896/896 899/899/899
f 916/916/916 912/912/912 915/915/915
f 919/919/919 913/913/913 920/920/920
f 926/926/926 919/919/919 927/927/927
f 937/937/937 925/925/925 938/938/938
f 945/945/945 933/933/933 944/944/944
f 946/946/946 934/934/934 945/945/945
f 948/948/948 935/935/935 949/949/949
f 955/955/955 944/944/944 954/954/954
f 958/958/958 947/947/947 957/957/957
f 958/958/958 947/947/947 959/959/959
f 975/975/975 966/966/966 974/974/974
f 996/996/996 987/987/987 995/995/995
f 997/997/997 988/988/988 996/996/996
f 998/998/998 989/989/989 997/997/997
f 1005/1005/1005 996/996/996 1004/1004/1004
f 1007/1007/1007 998/998/998 1006/1006/1006
f 1010/1010/1010 1001/1001/1001 1009/1009/1009
f 1012/1012/1012 1003/1003/1003 1011/1011/1011
f 1015/1015/1015 1006/1006/1006 1014/1014/1014
f 1020/1020/1020 1013/1013/1013 1019/1019/1019
f 1022/1022/1022 1015/1015/1015 1021/1021/1021
f 1029/1029/1029 1023/1023/1023 1028/1028/1028
f 1036/1036/1036 1030/1030/1030 1037/1037/1037
f 1038/1038/1038 1032/1032/1032 1039/1039/1039
f 1042/1042/1042 1038/1038/1038 1043/1043/1043
f 1046/1046/1046 1042/1042/1042 1047/1047/1047
f 1049/1049/1049 1044/1044/1044 1050/1050/1050
f 1052/1052/1052 1047/1047/1047 1051/1051/1051
f 1057/1057/1057 1048/1048/1048 1058/1058/1058
f 1058/1058/1058 1049/1049/1049 1059/1059/1059
f 1064/1064/1064 1056/1056/1056 1063/1063/1063
f 1067/1067/1067 1058/1058/1058 1068/1068/1068
f 1072/1072/1072 1063/1063/1063 1071/1071/1071
f 1074/1074/1074 1065/1065/1065 1073/1073/1073
f 1077/1077/1077 1066/1066/1066 1078/1078/1078
f 1085/1085/1085 1074/1074/1074 1084/1084/1084
f 1086/1086/1086 1075/1075/1075 1085/1085/1085
f 1096/1096/1096 1086/1086/1086 1095/1095/1095
f 1098/1098/1098 1087/1087/1087 1099/1099/1099
f 1106/1106/1106 1097/1097/1097 1107/1107/1107
f 1134/1134/1134 1121/1121/1121 1133/1133/1133
f 1144/1144/1144 1139/1139/1139 1143/1143/1143
f 1152/1152/1152 1145/1145/1145 1151/1151/1151
f 1168/1168/1168 1160/1160/1160 1167/1167/1167
f 1172/1172/1172 1165/1165/1165 1173/1173/1173
f 1176/1176/1176 1169/1169/1169 1175/1175/1175
f 1177/1177/1177 1170/1170/1170 1176/1176/1176
f 1183/1183/1183 1176/1176/1176 1182/1182/1182
f 1185/1185/1185 1178/1178/1178 1186/1186/1186
f 1190/1190/1190 1182/1182/1182 1189/1189/1189
f 1192/1192/1192 1184/1184/1184 1191/1191/1191
f 1194/1194/1194 1186/1186/1186 1193/1193/1193
f 1196/1196/1196 1188/1188/1188 1195/1195/1195
f 1199/1199/1199 1191/1191/1191 1198/1198/1198
f 1206/1206/1206 1199/1199/1199 1205/1205/1205
f 1212/1212/1212 1207/1207/1207 1211/1211/1211
f 1231/1231/1231 1221/1221/1221 1232/1232/1232
f 1240/1240/1240 1230/1230/1230 1241/1241/1241
f 1249/1249/1249 1239/1239/1239 1250/1250/1250
f 1280/1280/1280 1273/1273/1273 1279/1279/1279
f 1292/1292/1292 1287/1287/1287 1293/1293/1293
f 1298/1298/1298 1292/1292/1292 1299/1299/1299
f 1315/1315/1315 1307/1307/1307 1316/1316/1316
f 1333/1333/1333 1327/1327/1327 1332/1332/1332
f 1342/1342/1342 1335/1335/1335 1341/1341/1341
f 1349/1349/1349 1343/1343/1343 1348/1348/1348
f 1365/1365/1365 1357/1357/1357 1366/1366/1366
f 1376/1376/1376 1364/1364/1364 1377/1377/1377
f 1380/1380/1380 1370/1370/1370 1381/1381/1381
f 1383/1383/1383 1374/1374/1374 1382/1382/1382
f 1405/1405/1405 1389/1389/1389 1406/1406/1406
f 1412/1412/1412 1403/1403/1403 1413/1413/1413
f 1426/1426/1426 1417/1417/1417 1427/1427/1427
f 1433/1433/1433 1425/1425/1425 1434/1434/1434
f 1439/1439/1439 1432/1432/1432 1440/1440/1440
f 1446/1446/1446 1439/1439/1439 1447/1447/1447
f 1455/1455/1455 1446/1446/1446 1456/1456/1456
f 1456/1456/1456 1447/1447/1447 1457/1457/1457
f 1463/1463/1463 1454/1454/1454 1464/1464/1464
f 1467/1467/1467 1459/1459/1459 1468/1468/1468
f 1470/1470/1470 1462/1462/1462 1469/1469/1469
f 1471/1471/1471 1463/1463/1463 1472/1472/1472
f 1473/1473/1473 1465/1465/1465 1474/1474/1474
f 1481/1481/1481 1473/1473/1473 1482/1482/1482
f 1488/1488/1488 1479/1479/1479 1489/1489/1489
f 1496/1496/1496 1487/1487/1487 1497/1497/1497
f 1502/1502/1502 1494/1494/1494 1503/1503/1503
f 1504/1504/1504 1496/1496/1496 1505/1505/1505
f 1520/1520/1520 1511/1511/1511 1521/1521/1521
f 1538/1538/1538 1530/1530/1530 1539/1539/1539
f 1541/1541/1541 1533/1533/1533 1542/1542/1542
f 1543/1543/1543 1537/1537/1537 1544/1544/1544
f 1568/1568/1568 1553/1553/1553 1569/1569/1569
f 1575/1575/1575 1567/1567/1567 1576/1576/1576
f 1581/1581/1581 1574/1574/1574 1582/1582/1582
f 1595/1595/1595 1591/1591/1591 1594/1594/1594
f 1603/1603/1603 1596/1596/1596 1604/1604/1604
f 1605/1605/1605 1598/1598/1598 1606/1606/1606
f 1610/1610/1610 1603/1603/1603 1611/1611/1611
f 1613/1613/1613 1606/1606/1606 1614/1614/1614
f 1616/1616/1616 1610/1610/1610 1617/1617/1617
f 1619/1619/1619 1613/1613/1613 1620/1620/1620
f 1631/1631/1631 1624/1624/1624 1632/1632/1632
f 1639/1639/1639 1631/1631/1631 1640/1640/1640
f 1640/1640/1640 1632/1632/1632 1641/1641/1641
f 1641/1641/1641 1633/1633/1633 1642/1642/1642
f 1647/1647/1647 1638/1638/1638 1648/1648/1648
f 1648/1648/1648 1639/1639/1639 1649/1649/1649
f 1659/1659/1659 1647/1647/1647 1660/1660/1660
f 1668/1668/1668 1658/1658/1658 1669/1669/1669
f 1672/1672/1672 1664/1664/1664 1673/1673/1673
f 1678/1678/1678 1668/1668/1668 1679/1679/1679
f 1686/1686/1686 1677/1677/1677 1687/1687/1687
f 1712/1712/1712 1697/1697/1697 1713/1713/1713
f 1714/1714/1714 1699/1699/1699 1715/1715/1715
f 1721/1721/1721 1713/1713/1713 1722/1722/1722
f 1732/1732/1732 1729/1729/1729 1733/1733/1733
f 1742/1742/1742 1738/1738/1738 1741/1741/1741
f 1744/1744/1744 1741/1741/1741 1745/1745/1745
f 1764/1764/1764 1758/1758/1758 1765/1765/1765
f 1772/1772/1772 1763/1763/1763 1773/1773/1773
f 1773/1773/1773 1764/1764/1764 1774/1774/1774
f 1782/1782/1782 1772/1772/1772 1783/1783/1783
f 1791/1791/1791 1781/1781/1781 1792/1792/1792
f 1803/1803/1803 1791/1791/1791 1804/1804/1804
f 1829/1829/1829 1806/1806/1806 1830/1830/1830
f 1834/1834/1834 1828/1828/1828 1835/1835/1835
f 1837/1837/1837 1833/1833/1833 1838/1838/1838
f 1855/1855/1855 1850/1850/1850 1856/1856/1856
f 1861/1861/1861 1858/1858/1858 1862/1862/1862
f 1864/1864/1864 1861/1861/1861 1865/1865/1865
f 1874/1874/1874 1869/1869/1869 1875/1875/1875
f 1878/1878/1878 1873/1873/1873 1879/1879/1879
f 1889/1889/1889 1882/1882/1882 1890/1890/1890
f 1895/1895/1895 1888/1888/1888 1896/1896/1896
f 1896/1896/1896 1889/1889/1889 1897/1897/1897
f 1909/1909/1909 1896/1896/1896 1910/1910/1910
f 1911/1911/1911 1898/1898/1898 1912/1912/1912
f 1916/1916/1916 1908/1908/1908 1917/1917/1917
f 1918/1918/1918 1910/1910/1910 1919/1919/1919
f 1953/1953/1953 1949/1949/1949 1954/1954/1954
f 1958/1958/1958 1954/1954/1954 1959/1959/1959
f 1968/1968/1968 1964/1964/1964 1969/1969/1969
f 1995/1995/1995 1990/1990/1990 1996/1996/1996
f 2000/2000/2000 1993/1993/1993 2001/2001/2001
f 2001/2001/2001 1994/1994/1994 2002/2002/2002
f 2006/2006/2006 1999/1999/1999 2007/2007/2007
f 2009/2009/2009 2005/2005/2005 2008/2008/2008
f 2016/2016/2016 2010/2010/2010 2015/2015/2015
f 2050/2050/2050 2028/2028/2028 2051/2051/2051
f 2051/2051/2051 2029/2029/2029 2052/2052/2052
f 2056/2056/2056 2032/2032/2032 2057/2057/2057
f 2068/2068/2068 2059/2059/2059 2069/2069/2069
f 2069/2069/2069 2060/2060/2060 2070/2070/2070
f 2070/2070/2070 2061/2061/2061 2071/2071/2071
f 2071/2071/2071 2062/2062/2062 2072/2072/2072
f 2072/2072/2072 2063/2063/2063 2073/2073/2073
f 2076/2076/2076 2069/2069/2069 2077/2077/2077
f 2083/2083/2083 2075/2075/2075 2084/2084/2084
f 2084/2084/2084 2076/2076/2076 2085/2085/2085
f 2085/2085/2085 2077/2077/2077 2086/2086/2086
f 2086/2086/2086 2078/2078/2078 2087/2087/2087
f 2090/2090/2090 2082/2082/2082 2091/2091/2091
f 2093/2093/2093 2085/2085/2085 2094/2094/2094
f 2094/2094/2094 2086/2086/2086 2095/2095/2095
f 2095/2095/2095 2087/2087/2087 2096/2096/2096
f 2099/2099/2099 2090/2090/2090 2100/2100/2100
f 2101/2101/2101 2092/2092/2092 2102/2102/2102
f 2109/2109/2109 2100/2100/2100 2110/2110/2110
f 2113/2113/2113 2108/2108/2108 2114/2114/2114
f 2117/2117/2117 2113/2113/2113 2118/2118/2118
f 2124/2124/2124 2120/2120/2120 2123/2123/2123
f 2125/2125/2125 2121/2121/2121 2126/2126/2126
f 2128/2128/2128 2125/2125/2125 2129/2129/2129
f 2204/2204/2204 2197/2197/2197 2205/2205/2205
f 2205/2205/2205 2198/2198/2198 2206/2206/2206
f 2221/2221/2221 2214/2214/2214 2220/2220/2220
f 2223/2223/2223 2215/2215/2215 2224/2224/2224
f 2230/2230/2230 2222/2222/2222 2231/2231/2231
f 2233/2233/2233 2229/2229/2229 2232/2232/2232
f 2238/2238/2238 2234/2234/2234 2239/2239/2239
f 2267/2267/2267 2257/2257/2257 2266/2266/2266
f 2276/2276/2276 2266/2266/2266 2275/2275/2275
f 2286/2286/2286 2276/2276/2276 2285/2285/2285
f 2289/2289/2289 2278/2278/2278 2290/2290/2290
f 2328/2328/2328 2309/2309/2309 2327/2327/2327
f 2330/2330/2330 2311/2311/2311 2329/2329/2329
f 2334/2334/2334 2329/2329/2329 2333/2333/2333
f 2343/2343/2343 2341/2341/2341 2342/2342/2342
f 2350/2350/2350 2343/2343/2343 2349/2349/2349
f 2352/2352/2352 2344/2344/2344 2353/2353/2353
f 2355/2355/2355 2347/2347/2347 2356/2356/2356
f 2374/2374/2374 2368/2368/2368 2373/2373/2373
f 2383/2383/2383 2375/2375/2375 2382/2382/2382
f 2384/2384/2384 2376/2376/2376 2385/2385/2385
f 2390/2390/2390 2382/2382/2382 2389/2389/2389
f 2391/2391/2391 2383/2383/2383 2390/2390/2390
f 2402/2402/2402 2392/2392/2392 2401/2401/2401
f 2404/2404/2404 2393/2393/2393 2405/2405/2405
f 2419/2419/2419 2403/2403/2403 2420/2420/2420
f 2426/2426/2426 2412/2412/2412 2425/2425/2425
f 2429/2429/2429 2415/2415/2415 2428/2428/2428
f 2431/2431/2431 2416/2416/2416 2432/2432/2432
f 2433/2433/2433 2418/2418/2418 2434/2434/2434
f 2438/2438/2438 2426/2426/2426 2437/2437/2437
f 2459/2459/2459 2439/2439/2439 2460/2460/2460
f 2477/2477/2477 2471/2471/2471 2476/2476/2476
f 2484/2484/2484 2478/2478/2478 2483/2483/2483
f 2485/2485/2485 2479/2479/2479 2484/2484/2484
f 2489/2489/2489 2484/2484/2484 2488/2488/2488
f 2506/2506/2506 2498/2498/2498 2507/2507/2507
f 2530/2530/2530 2522/2522/2522 2529/2529/2529
f 2539/2539/2539 2531/2531/2531 2538/2538/2538
f 2548/2548/2548 2539/2539/2539 2547/2547/2547
f 2549/2549/2549 2540/2540/2540 2548/2548/2548
f 2551/2551/2551 2541/2541/2541 2552/2552/2552
f 2558/2558/2558 2549/2549/2549 2557/2557/2557
f 2561/2561/2561 2550/2550/2550 2562/2562/2562
f 2568/2568/2568 2559/2559/2559 2567/2567/2567
f 2613/2613/2613 2596/2596/2596 2612/2612/2612
f 2624/2624/2624 2618/2618/2618 2623/2623/2623
f 2629/2629/2629 2624/2624/2624 2628/2628/2628
f 2635/2635/2635 2630/2630/2630 2634/2634/2634
f 2640/2640/2640 2636/2636/2636 2639/2639/2639
f 2649/2649/2649 2644/2644/2644 2648/2648/2648
f 2660/2660/2660 2650/2650/2650 2659/2659/2659
f 2677/2677/2677 2669/2669/2669 2676/2676/2676
f 2683/2683/2683 2677/2677/2677 2682/2682/2682
f 2691/2691/2691 2683/2683/2683 2690/2690/2690
f 2698/2698/2698 2692/2692/2692 2697/2697/2697
f 2713/2713/2713 2704/2704/2704 2712/2712/2712
f 2740/2740/2740 2732/2732/2732 2741/2741/2741
f 2774/2774/2774 2770/2770/2770 2773/2773/2773
f 2785/2785/2785 2780/2780/2780 2786/2786/2786
f 2789/2789/2789 2784/2784/2784 2788/2788/2788
f 2795/2795/2795 2791/2791/2791 2794/2794/2794
f 2799/2799/2799 2795/2795/2795 2798/2798/2798
f 2840/2840/2840 2834/2834/2834 2841/2841/2841
f 2861/2861/2861 2850/2850/2850 2862/2862/2862
f 2867/2867/2867 2856/2856/2856 2868/2868/2868
f 2875/2875/2875 2866/2866/2866 2874/2874/2874
f 2920/2920/2920 2914/2914/2914 2921/2921/2921
f 2926/2926/2926 2919/2919/2919 2927/2927/2927
f 2936/2936/2936 2931/2931/2931 2937/2937/2937
f 2945/2945/2945 2939/2939/2939 2946/2946/2946
f 2954/2954/2954 2949/2949/2949 2955/2955/2955
f 2963/2963/2963 2952/2952/2952 2964/2964/2964
f 2964/2964/2964 2953/2953/2953 2965/2965/2965
f 2979/2979/2979 2970/2970/2970 2980/2980/2980
f 2986/2986/2986 2979/2979/2979 2987/2987/2987
f 3013/3013/3013 3004/3004/3004 3012/3012/3012
f 3027/3027/3027 3015/3015/3015 3028/3028/3028
f 3034/3034/3034 3025/3025/3025 3035/3035/3035
f 3077/3077/3077 3056/3056/3056 3078/3078/3078
f 3078/3078/3078 3057/3057/3057 3079/3079/3079
f 3083/3083/3083 3075/3075/3075 3084/3084/3084
f 3084/3084/3084 3076/3076/3076 3085/3085/3085
f 3085/3085/3085 3077/3077/3077 3086/3086/3086
f 3087/3087/3087 3080/3080/3080 3088/3088/3088
f 3095/3095/3095 3091/3091/3091 3096/3096/3096
f 3106/3106/3106 3101/3101/3101 3105/3105/3105
f 3137/3137/3137 3129/3129/3129 3138/3138/3138
f 3145/3145/3145 3136/3136/3136 3146/3146/3146
f 3146/3146/3146 3137/3137/3137 3147/3147/3147
f 3147/3147/3147 3138/3138/3138 3148/3148/3148
f 3153/3153/3153 3145/3145/3145 3154/3154/3154
f 3161/3161/3161 3152/3152/3152 3162/3162/3162
f 3170/3170/3170 3161/3161/3161 3171/3171/3171
f 3178/3178/3178 3169/3169/3169 3177/3177/3177
f 3186/3186/3186 3174/3174/3174 3187/3187/3187
f 3189/3189/3189 3180/3180/3180 3188/3188/3188
f 3197/3197/3197 3190/3190/3190 3196/3196/3196
f 3225/3225/3225 3205/3205/3205 3224/3224/3224
f 3236/3236/3236 3215/3215/3215 3237/3237/3237
f 3255/3255/3255 3248/3248/3248 3254/3254/3254
f 3278/3278/3278 3270/3270/3270 3279/3279/3279
f 3285/3285/3285 3276/3276/3276 3284/3284/3284
f 3286/3286/3286 3277/3277/3277 3287/3287/3287
f 3288/3288/3288 3279/3279/3279 3289/3289/3289
f 3298/3298/3298 3286/3286/3286 3299/3299/3299
f 3309/3309/3309 3295/3295/3295 3308/3308/3308
f 3310/3310/3310 3296/3296/3296 3309/3309/3309
f 3312/3312/3312 3297/3297/3297 3313/3313/3313
f 3316/3316/3316 3301/3301/3301 3317/3317/3317
f 3317/3317/3317 3302/3302/3302 3318/3318/3318
f 3322/3322/3322 3305/3305/3305 3321/3321/3321
f 3325/3325/3325 3311/3311/3311 3324/3324/3324
f 3326/3326/3326 3312/3312/3312 3327/3327/3327
f 3327/3327/3327 3313/3313/3313 3328/3328/3328
f 3329/3329/3329 3315/3315/3315 3330/3330/3330
f 3360/3360/3360 3340/3340/3340 3359/3359/3359
f 3373/3373/3373 3363/3363/3363 3372/3372/3372
f 3374/3374/3374 3364/3364/3364 3373/3373/3373
f 3382/3382/3382 3372/3372/3372 3381/3381/3381
f 3387/3387/3387 3382/3382/3382 3386/3386/3386
f 3401/3401/3401 3394/3394/3394 3400/3400/3400
f 3435/3435/3435 3428/3428/3428 3434/3434/3434
f 3447/3447/3447 3438/3438/3438 3448/3448/3448
f 3484/3484/3484 3464/3464/3464 3483/3483/3483
f 3490/3490/3490 3485/3485/3485 3489/3489/3489
f 3508/3508/3508 3499/3499/3499 3507/3507/3507
f 3512/3512/3512 3502/3502/3502 3511/3511/3511
f 3513/3513/3513 3503/3503/3503 3512/3512/3512
f 3514/3514/3514 3504/3504/3504 3513/3513/3513
f 3518/3518/3518 3509/3509/3509 3517/3517/3517
f 3520/3520/3520 3511/3511/3511 3519/3519/3519
f 3521/3521/3521 3512/3512/3512 3520/3520/3520
f 3523/3523/3523 3514/3514/3514 3522/3522/3522
f 3524/3524/3524 3515/3515/3515 3525/3525/3525
f 3527/3527/3527 3519/3519/3519 3526/3526/3526
f 3530/3530/3530 3522/3522/3522 3529/3529/3529
f 3531/3531/3531 3523/3523/3523 3530/3530/3530
f 3566/3566/3566 3561/3561/3561 3565/3565/3565
f 3571/3571/3571 3567/3567/3567 3570/3570/3570
f 3584/3584/3584 3577/3577/3577 3585/3585/3585
f 3594/3594/3594 3582/3582/3582 3595/3595/3595
f 3596/3596/3596 3588/3588/3588 3597/3597/3597
f 3624/3624/3624 3621/3621/3621 3623/3623/3623
f 3632/3632/3632 3628/3628/3628 3631/3631/3631
f 3637/3637/3637 3633/3633/3633 3636/3636/3636
f 3654/3654/3654 3650/3650/3650 3653/3653/3653
f 3658/3658/3658 3654/3654/3654 3657/3657/3657
f 3675/3675/3675 3671/3671/3671 3674/3674/3674
f 3698/3698/3698 3689/3689/3689 3699/3699/3699
f 3721/3721/3721 3700/3700/3700 3722/3722/3722
f 3724/3724/3724 3720/3720/3720 3723/3723/3723
f 3729/3729/3729 3725/3725/3725 3730/3730/3730
f 3739/3739/3739 3735/3735/3735 3738/3738/3738
f 3754/3754/3754 3750/3750/3750 3753/3753/3753
f 3764/3764/3764 3760/3760/3760 3763/3763/3763
f 3799/3799/3799 3789/3789/3789 3798/3798/3798
f 3800/3800/3800 3790/3790/3790 3799/3799/3799
f 3828/3828/3828 3816/3816/3816 3827/3827/3827
f 3836/3836/3836 3832/3832/3832 3835/3835/3835
f 3840/3840/3840 3837/3837/3837 3839/3839/3839
f 3843/3843/3843 3840/3840/3840 3842/3842/3842
f 3854/3854/3854 3851/3851/3851 3853/3853/3853
f 3862/3862/3862 3858/3858/3858 3861/3861/3861
f 3866/3866/3866 3862/3862/3862 3865/3865/3865
f 3873/3873/3873 3868/3868/3868 3872/3872/3872
f 3881/3881/3881 3874/3874/3874 3880/3880/3880
f 3888/3888/3888 3880/3880/3880 3887/3887/3887
f 3889/3889/3889 3881/3881/3881 3888/3888/3888
f 3898/3898/3898 3888/3888/3888 3897/3897/3897
f 3913/3913/3913 3900/3900/3900 3912/3912/3912
f 3914/3914/3914 3901/3901/3901 3913/3913/3913
f 3946/3946/3946 3935/3935/3935 3945/3945/3945
f 3956/3956/3956 3947/3947/3947 3955/3955/3955
f 3964/3964/3964 3957/3957/3957 3963/3963/3963
f 3974/3974/3974 3967/3967/3967 3975/3975/3975
f 3978/3978/3978 3971/3971/3971 3977/3977/3977
f 3980/3980/3980 3973/3973/3973 3979/3979/3979
f 3984/3984/3984 3977/3977/3977 3983/3983/3983
f 3988/3988/3988 3982/3982/3982 3987/3987/3987
f 3994/3994/3994 3988/3988/3988 3993/3993/3993
f 4001/4001/4001 3996/3996/3996 4000/4000/4000
f 4009/4009/4009 4002/4002/4002 4010/4010/4010
f 4014/4014/4014 4007/4007/4007 4013/4013/4013
f 4016/4016/4016 4011/4011/4011 4017/4017/4017
f 4028/4028/4028 4021/4021/4021 4027/4027/4027
f 4036/4036/4036 4029/4029/4029 4035/4035/4035
f 4047/4047/4047 4037/4037/4037 4046/4046/4046
f 4056/4056/4056 4046/4046/4046 4055/4055/4055
f 4106/4106/4106 4097/4097/4097 4105/4105/4105
f 4111/4111/4111 4102/4102/4102 4110/4110/4110
f 4112/4112/4112 4103/4103/4103 4113/4113/4113
f 4115/4115/4115 4106/4106/4106 4114/4114/4114
f 4138/4138/4138 4132/4132/4132 4137/4137/4137
f 4147/4147/4147 4139/4139/4139 4146/4146/4146
f 4155/4155/4155 4148/4148/4148 4154/4154/4154
f 4160/4160/4160 4153/4153/4153 4159/4159/4159
f 4161/4161/4161 4154/4154/4154 4160/4160/4160
f 4170/4170/4170 4162/4162/4162 4169/4169/4169
f 4176/4176/4176 4170/4170/4170 4175/4175/4175
f 4183/4183/4183 4177/4177/4177 4182/4182/4182
f 4192/4192/4192 4184/4184/4184 4191/4191/4191
f 4211/4211/4211 4201/4201/4201 4210/4210/4210
f 4221/4221/4221 4217/4217/4217 4220/4220/4220
f 4223/4223/4223 4219/4219/4219 4222/4222/4222
f 4267/4267/4267 4260/4260/4260 4266/4266/4266
f 4303/4303/4303 4298/4298/4298 4304/4304/4304
f 4319/4319/4319 4311/4311/4311 4318/4318/4318
f 4350/4350/4350 4348/4348/4348 4349/4349/4349
f 4368/4368/4368 4351/4351/4351 4369/4369/4369
f 4375/4375/4375 4367/4367/4367 4374/4374/4374
f 4377/4377/4377 4368/4368/4368 4378/4378/4378
f 4384/4384/4384 4376/4376/4376 4385/4385/4385
f 4395/4395/4395 4388/4388/4388 4396/4396/4396
f 4400/4400/4400 4393/4393/4393 4401/4401/4401
f 4403/4403/4403 4395/4395/4395 4404/4404/4404
f 4406/4406/4406 4398/4398/4398 4405/4405/4405
f 4411/4411/4411 4402/4402/4402 4412/4412/4412
f 4418/4418/4418 4411/4411/4411 4419/4419/4419
f 4446/4446/4446 4439/4439/4439 4447/4447/4447
f 4447/4447/4447 4440/4440/4440 4448/4448/4448
f 4462/4462/4462 4453/4453/4453 4461/4461/4461
f 4463/4463/4463 4454/4454/4454 4464/4464/4464
f 4479/4479/4479 4471/4471/4471 4478/4478/4478
f 4487/4487/4487 4480/4480/4480 4486/4486/4486
f 4489/4489/4489 4481/4481/4481 4490/4490/4490
f 4501/4501/4501 4497/4497/4497 4502/4502/4502
f 4522/4522/4522 4511/4511/4511 4523/4523/4523
f 4525/4525/4525 4516/4516/4516 4524/4524/4524
f 4527/4527/4527 4517/4517/4517 4528/4528/4528
f 4532/4532/4532 4521/4521/4521 4533/4533/4533
f 4537/4537/4537 4531/4531/4531 4538/4538/4538
f 4538/4538/4538 4532/4532/4532 4539/4539/4539
f 4543/4543/4543 4536/4536/4536 4544/4544/4544
f 4544/4544/4544 4537/4537/4537 4545/4545/4545
f 4547/4547/4547 4541/4541/4541 4546/4546/4546
f 4550/4550/4550 4543/4543/4543 4551/4551/4551
f 4551/4551/4551 4544/4544/4544 4552/4552/4552
f 4558/4558/4558 4550/4550/4550 4559/4559/4559
f 4561/4561/4561 4554/4554/4554 4560/4560/4560
f 4566/4566/4566 4561/4561/4561 4565/4565/4565
f 4576/4576/4576 4569/4569/4569 4577/4577/4577
f 4582/4582/4582 4575/4575/4575 4583/4583/4583
f 4585/4585/4585 4579/4579/4579 4584/4584/4584
f 4599/4599/4599 4591/4591/4591 4600/4600/4600
f 4607/4607/4607 4597/4597/4597 4606/4606/4606
f 4610/4610/4610 4598/4598/4598 4611/4611/4611
f 4611/4611/4611 4599/4599/4599 4612/4612/4612
f 4620/4620/4620 4608/4608/4608 4619/4619/4619
f 4622/4622/4622 4609/4609/4609 4623/4623/4623
f 4629/4629/4629 4621/4621/4621 4628/4628/4628
f 4634/4634/4634 4630/4630/4630 4633/4633/4633
f 4636/4636/4636 4631/4631/4631 4637/4637/4637
f 4648/4648/4648 4638/4638/4638 4649/4649/4649
f 4651/4651/4651 4641/4641/4641 4652/4652/4652
f 4652/4652/4652 4642/4642/4642 4653/4653/4653
f 4654/4654/4654 4644/4644/4644 4655/4655/4655
f 4670/4670/4670 4660/4660/4660 4671/4671/4671
f 4677/4677/4677 4669/4669/4669 4678/4678/4678
f 4680/4680/4680 4674/4674/4674 4679/4679/4679
f 4695/4695/4695 4691/4691/4691 4694/4694/4694
f 4701/4701/4701 4697/4697/4697 4700/4700/4700
f 4703/4703/4703 4699/4699/4699 4702/4702/4702
f 4705/4705/4705 4701/4701/4701 4704/4704/4704
f 4708/4708/4708 4705/4705/4705 4707/4707/4707
f 4711/4711/4711 4707/4707/4707 4712/4712/4712
f 4725/4725/4725 4715/4715/4715 4726/4726/4726
f 4730/4730/4730 4718/4718/4718 4731/4731/4731
f 4735/4735/4735 4723/4723/4723 4736/4736/4736
f 4736/4736/4736 4724/4724/4724 4737/4737/4737
f 4744/4744/4744 4734/4734/4734 4745/4745/4745
f 4745/4745/4745 4735/4735/4735 4746/4746/4746
f 4747/4747/4747 4738/4738/4738 4748/4748/4748
f 4750/4750/4750 4743/4743/4743 4749/4749/4749
f 4752/4752/4752 4744/4744/4744 4753/4753/4753
f 4765/4765/4765 4754/4754/4754 4766/4766/4766
f 4777/4777/4777 4764/4764/4764 4778/4778/4778
f 4780/4780/4780 4775/4775/4775 4779/4779/4779
f 4781/4781/4781 4776/4776/4776 4780/4780/4780
f 4788/4788/4788 4785/4785/4785 4787/4787/4787
f 4814/4814/4814 4810/4810/4810 4813/4813/4813
f 4839/4839/4839 4831/4831/4831 4838/4838/4838
f 4840/4840/4840 4832/4832/4832 4839/4839/4839
f 4842/4842/4842 4833/4833/4833 4843/4843/4843
f 4843/4843/4843 4834/4834/4834 4844/4844/4844
f 4878/4878/4878 4874/4874/4874 4877/4877/4877
f 4890/4890/4890 4887/4887/4887 4889/4889/4889
f 4899/4899/4899 4894/4894/4894 4898/4898/4898
f 4912/4912/4912 4908/4908/4908 4911/4911/4911
f 4914/4914/4914 4910/4910/4910 4913/4913/4913
f 4916/4916/4916 4912/4912/4912 4915/4915/4915
f 4923/4923/4923 4919/4919/4919 4922/4922/4922
f 4937/4937/4937 4929/4929/4929 4936/4936/4936
f 4938/4938/4938 4930/4930/4930 4937/4937/4937
f 4975/4975/4975 4972/4972/4972 4974/4974/4974
f 4983/4983/4983 4977/4977/4977 4982/4982/4982
f 4984/4984/4984 4978/4978/4978 4983/4983/4983
f 4989/4989/4989 4985/4985/4985 4988/4988/4988
f 4992/4992/4992 4989/4989/4989 4991/4991/4991
f 5002/5002/5002 4998/4998/4998 5001/5001/5001
f 5008/5008/5008 5003/5003/5003 5007/5007/5007
f 5010/5010/5010 5005/5005/5005 5009/5009/5009
f 5013/5013/5013 5008/5008/5008 5012/5012/5012
f 5017/5017/5017 5014/5014/5014 5016/5016/5016
f 5026/5026/5026 5021/5021/5021 5025/5025/5025
f 5047/5047/5047 5041/5041/5041 5046/5046/5046
f 5050/5050/5050 5047/5047/5047 5049/5049/5049
f 5060/5060/5060 5052/5052/5052 5061/5061/5061
f 5062/5062/5062 5054/5054/5054 5063/5063/5063
f 5101/5101/5101 5096/5096/5096 5100/5100/5100
f 5109/5109/5109 5104/5104/5104 5108/5108/5108
f 5111/5111/5111 5106/5106/5106 5110/5110/5110
f 5114/5114/5114 5108/5108/5108 5113/5113/5113
f 5122/5122/5122 5119/5119/5119 5121/5121/5121
f 5128/5128/5128 5123/5123/5123 5127/5127/5127
f 5132/5132/5132 5128/5128/5128 5131/5131/5131
f 5135/5135/5135 5131/5131/5131 5134/5134/5134
f 5144/5144/5144 5138/5138/5138 5143/5143/5143
f 5153/5153/5153 5145/5145/5145 5152/5152/5152
f 5154/5154/5154 5146/5146/5146 5153/5153/5153
f 5164/5164/5164 5157/5157/5157 5163/5163/5163
f 5166/5166/5166 5159/5159/5159 5165/5165/5165
f 5169/5169/5169 5162/5162/5162 5168/5168/5168
f 5174/5174/5174 5166/5166/5166 5173/5173/5173
f 5177/5177/5177 5169/5169/5169 5176/5176/5176
f 5178/5178/5178 5170/5170/5170 5177/5177/5177
f 5194/5194/5194 5186/5186/5186 5193/5193/5193
f 5203/5203/5203 5199/5199/5199 5202/5202/5202
f 5208/5208/5208 5204/5204/5204 5207/5207/5207
f 5234/5234/5234 5230/5230/5230 5233/5233/5233
f 5236/5236/5236 5232/5232/5232 5235/5235/5235
f 5241/5241/5241 5237/5237/5237 5240/5240/5240
f 5249/5249/5249 5244/5244/5244 5248/5248/5248
f 5251/5251/5251 5246/5246/5246 5250/5250/5250
f 5257/5257/5257 5252/5252/5252 5256/5256/5256
f 5263/5263/5263 5259/5259/5259 5262/5262/5262
f 5271/5271/5271 5264/5264/5264 5270/5270/5270
f 5272/5272/5272 5265/5265/5265 5271/5271/5271
f 5274/5274/5274 5267/5267/5267 5273/5273/5273
f 5276/5276/5276 5269/5269/5269 5275/5275/5275
f 5281/5281/5281 5275/5275/5275 5280/5280/5280
f 5283/5283/5283 5277/5277/5277 5282/5282/5282
f 5304/5304/5304 5298/5298/5298 5303/5303/5303
f 5305/5305/5305 5299/5299/5299 5304/5304/5304
f 5310/5310/5310 5306/5306/5306 5309/5309/5309
f 5316/5316/5316 5310/5310/5310 5315/5315/5315
f 5318/5318/5318 5312/5312/5312 5317/5317/5317
f 5319/5319/5319 5313/5313/5313 5318/5318/5318
f 5324/5324/5324 5318/5318/5318 5323/5323/5323
f 5328/5328/5328 5324/5324/5324 5327/5327/5327
f 5346/5346/5346 5342/5342/5342 5345/5345/5345
f 5353/5353/5353 5347/5347/5347 5352/5352/5352
f 5359/5359/5359 5352/5352/5352 5358/5358/5358
f 5361/5361/5361 5354/5354/5354 5360/5360/5360
f 5366/5366/5366 5357/5357/5357 5365/5365/5365
f 5368/5368/5368 5360/5360/5360 5367/5367/5367
f 5369/5369/5369 5361/5361/5361 5368/5368/5368
f 5370/5370/5370 5362/5362/5362 5369/5369/5369
f 5375/5375/5375 5365/5365/5365 5374/5374/5374
f 5378/5378/5378 5370/5370/5370 5377/5377/5377
f 5379/5379/5379 5371/5371/5371 5378/5378/5378
f 5382/5382/5382 5374/5374/5374 5381/5381/5381
f 5396/5396/5396 5387/5387/5387 5395/5395/5395
f 5402/5402/5402 5398/5398/5398 5401/5401/5401
f 5409/5409/5409 5404/5404/5404 5408/5408/5408
f 5414/5414/5414 5409/5409/5409 5413/5413/5413
f 5420/5420/5420 5416/5416/5416 5419/5419/5419
f 5428/5428/5428 5423/5423/5423 5427/5427/5427
f 5429/5429/5429 5424/5424/5424 5428/5428/5428
f 5433/5433/5433 5429/5429/5429 5432/5432/5432
f 5441/5441/5441 5436/5436/5436 5440/5440/5440
f 5448/5448/5448 5443/5443/5443 5447/5447/5447
f 5449/5449/5449 5444/5444/5444 5448/5448/5448
f 5455/5455/5455 5449/5449/5449 5454/5454/5454
f 5456/5456/5456 5450/5450/5450 5455/5455/5455
f 5463/5463/5463 5456/5456/5456 5462/5462/5462
f 5465/5465/5465 5458/5458/5458 5464/5464/5464
f 5466/5466/5466 5459/5459/5459 5465/5465/5465
f 5469/5469/5469 5464/5464/5464 5468/5468/5468
f 5481/5481/5481 5473/5473/5473 5480/5480/5480
f 5491/5491/5491 5487/5487/5487 5490/5490/5490
f 5492/5492/5492 5488/5488/5488 5491/5491/5491
f 5495/5495/5495 5492/5492/5492 5494/5494/5494
f 5500/5500/5500 5496/5496/5496 5499/5499/5499
f 5509/5509/5509 5504/5504/5504 5508/5508/5508
f 5517/5517/5517 5510/5510/5510 5516/5516/5516
f 5527/5527/5527 5515/5515/5515 5526/5526/5526
f 5528/5528/5528 5516/5516/5516 5527/5527/5527
f 5531/5531/5531 5521/5521/5521 5530/5530/5530
f 5537/5537/5537 5526/5526/5526 5536/5536/5536
f 5538/5538/5538 5527/5527/5527 5537/5537/5537
f 5541/5541/5541 5534/5534/5534 5540/5540/5540
f 5545/5545/5545 5538/5538/5538 5544/5544/5544
f 5548/5548/5548 5542/5542/5542 5547/5547/5547
f 5549/5549/5549 5543/5543/5543 5548/5548/5548
f 5565/5565/5565 5561/5561/5561 5564/5564/5564
f 5571/5571/5571 5568/5568/5568 5570/5570/5570
f 5574/5574/5574 5571/5571/5571 5573/5573/5573
f 5588/5588/5588 5582/5582/5582 5587/5587/5587
f 5599/5599/5599 5593/5593/5593 5598/5598/5598
f 39/39/39 3/3/3 38/38/38
f 42/42/42 6/6/6 41/41/41
f 43/43/43 7/7/7 42/42/42
f 45/45/45 9/9/9 44/44/44
f 47/47/47 11/11/11 46/46/46
f 62/62/62 22/22/22 63/63/63
f 75/75/75 33/33/33 76/76/76
f 76/76/76 34/34/34 77/77/77
f 81/81/81 38/38/38 80/80/80
f 85/85/85 42/42/42 84/84/84
f 86/86/86 43/43/43 85/85/85
f 88/88/88 45/45/45 87/87/87
f 93/93/93 49/49/49 92/92/92
f 97/97/97 52/52/52 96/96/96
f 134/134/134 75/75/75 135/135/135
f 135/135/135 76/76/76 136/136/136
f 136/136/136 77/77/77 137/137/137
f 157/157/157 81/81/81 156/156/156
f 159/159/159 83/83/83 158/158/158
f 160/160/160 84/84/84 159/159/159
f 161/161/161 85/85/85 160/160/160
f 162/162/162 86/86/86 161/161/161
f 165/165/165 89/89/89 164/164/164
f 170/170/170 94/94/94 169/169/169
f 178/178/178 98/98/98 177/177/177
f 185/185/185 102/102/102 184/184/184
f 199/199/199 111/111/111 198/198/198
f 204/204/204 112/112/112 205/205/205
f 207/207/207 119/119/119 206/206/206
f 208/208/208 120/120/120 207/207/207
f 211/211/211 121/121/121 212/212/212
f 218/218/218 133/133/133 219/219/219
f 220/220/220 143/143/143 221/221/221
f 226/226/226 146/146/146 227/227/227
f 229/229/229 149/149/149 230/230/230
f 251/251/251 159/159/159 250/250/250
f 252/252/252 160/160/160 251/251/251
f 253/253/253 161/161/161 252/252/252
f 254/254/254 162/162/162 253/253/253
f 255/255/255 163/163/163 254/254/254
f 258/258/258 166/166/166 257/257/257
f 264/264/264 168/168/168 263/263/263
f 266/266/266 171/171/171 265/265/265
f 268/268/268 173/173/173 267/267/267
f 269/269/269 174/174/174 268/268/268
f 270/270/270 175/175/175 269/269/269
f 278/278/278 189/189/189 277/277/277
f 283/283/283 196/196/196 282/282/282
f 290/290/290 204/204/204 291/291/291
f 295/295/295 211/211/211 296/296/296
f 301/301/301 217/217/217 302/302/302
f 308/308/308 225/225/225 309/309/309
f 310/310/310 227/227/227 311/311/311
f 311/311/311 228/228/228 312/312/312
f 314/314/314 235/235/235 315/315/315
f 321/321/321 239/239/239 322/322/322
f 322/322/322 240/240/240 323/323/323
f 323/323/323 241/241/241 324/324/324
f 328/328/328 245/245/245 329/329/329
f 343/343/343 250/250/250 342/342/342
f 344/344/344 251/251/251 343/343/343
f 345/345/345 252/252/252 344/344/344
f 346/346/346 253/253/253 345/345/345
f 348/348/348 255/255/255 347/347/347
f 349/349/349 256/256/256 348/348/348
f 351/351/351 258/258/258 350/350/350
f 352/352/352 259/259/259 351/351/351
f 353/353/353 260/260/260 352/352/352
f 355/355/355 262/262/262 354/354/354
f 359/359/359 264/264/264 358/358/358
f 361/361/361 270/270/270 360/360/360
f 362/362/362 271/271/271 361/361/361
f 366/366/366 275/275/275 365/365/365
f 370/370/370 280/280/280 369/369/369
f 374/374/374 285/285/285 373/373/373
f 384/384/384 295/295/295 385/385/385
f 392/392/392 307/307/307 393/393/393
f 393/393/393 308/308/308 394/394/394
f 394/394/394 309/309/309 395/395/395
f 398/398/398 319/319/319 399/399/399
f 399/399/399 320/320/320 400/400/400
f 400/400/400 321/321/321 401/401/401
f 404/404/404 329/329/329 405/405/405
f 406/406/406 331/331/331 407/407/407
f 411/411/411 333/333/333 412/412/412
f 414/414/414 336/336/336 415/415/415
f 431/431/431 343/343/343 430/430/430
f 432/432/432 344/344/344 431/431/431
f 433/433/433 345/345/345 432/432/432
f 437/437/437 349/349/349 436/436/436
f 441/441/441 353/353/353 440/440/440
f 442/442/442 354/354/354 441/441/441
f 444/444/444 356/356/356 443/443/443
f 445/445/445 357/357/357 444/444/444
f 450/450/450 363/363/363 449/449/449
f 455/455/455 367/367/367 454/454/454
f 459/459/459 371/371/371 458/458/458
f 464/464/464 375/375/375 463/463/463
f 478/478/478 392/392/392 479/479/479
f 480/480/480 394/394/394 481/481/481
f 489/489/489 408/408/408 490/490/490
f 490/490/490 409/409/409 491/491/491
f 491/491/491 410/410/410 492/492/492
f 494/494/494 413/413/413 495/495/495
f 498/498/498 418/418/418 499/499/499
f 499/499/499 419/419/419 500/500/500
f 507/507/507 421/421/421 508/508/508
f 531/531/531 427/427/427 530/530/530
f 534/534/534 430/430/430 533/533/533
f 535/535/535 431/431/431 534/534/534
f 536/536/536 432/432/432 535/535/535
f 540/540/540 438/438/438 539/539/539
f 543/543/543 441/441/441 542/542/542
f 544/544/544 442/442/442 543/543/543
f 547/547/547 445/445/445 546/546/546
f 548/548/548 446/446/446 547/547/547
f 552/552/552 451/451/451 551/551/551
f 560/560/560 459/459/459 559/559/559
f 561/561/561 460/460/460 560/560/560
f 562/562/562 461/461/461 563/563/563
f 565/565/565 465/465/465 566/566/566
f 576/576/576 475/475/475 577/577/577
f 581/581/581 479/479/479 582/582/582
f 591/591/591 488/488/488 592/592/592
f 598/598/598 501/501/501 599/599/599
f 599/599/599 502/502/502 600/600/600
f 603/603/603 506/506/506 604/604/604
f 608/608/608 513/513/513 609/609/609
f 612/612/612 515/515/515 613/613/613
f 613/613/613 516/516/516 614/614/614
f 615/615/615 518/518/518 616/616/616
f 618/618/618 521/521/521 617/617/617
f 644/644/644 529/529/529 643/643/643
f 646/646/646 531/531/531 645/645/645
f 648/648/648 533/533/533 647/647/647
f 649/649/649 534/534/534 648/648/648
f 654/654/654 540/540/540 653/653/653
f 657/657/657 543/543/543 656/656/656
f 658/658/658 544/544/544 657/657/657
f 659/659/659 545/545/545 658/658/658
f 662/662/662 548/548/548 661/661/661
f 663/663/663 549/549/549 662/662/662
f 666/666/666 553/553/553 665/665/665
f 669/669/669 555/555/555 668/668/668
f 675/675/675 561/561/561 674/674/674
f 684/684/684 568/568/568 683/683/683
f 685/685/685 569/569/569 686/686/686
f 696/696/696 580/580/580 697/697/697
f 705/705/705 590/590/590 706/706/706
f 711/711/711 597/597/597 712/712/712
f 712/712/712 598/598/598 713/713/713
f 716/716/716 607/607/607 717/717/717
f 721/721/721 626/626/626 722/722/722
f 725/725/725 630/630/630 726/726/726
f 733/733/733 638/638/638 734/734/734
f 744/744/744 642/642/642 743/743/743
f 745/745/745 643/643/643 744/744/744
f 748/748/748 646/646/646 747/747/747
f 751/751/751 648/648/648 750/750/750
f 753/753/753 650/650/650 752/752/752
f 757/757/757 654/654/654 756/756/756
f 759/759/759 656/656/656 758/758/758
f 760/760/760 657/657/657 759/759/759
f 761/761/761 658/658/658 760/760/760
f 766/766/766 663/663/663 765/765/765
f 771/771/771 666/666/666 770/770/770
f 772/772/772 667/667/667 771/771/771
f 780/780/780 676/676/676 779/779/779
f 808/808/808 704/704/704 809/809/809
f 814/814/814 710/710/710 815/815/815
f 815/815/815 711/711/711 816/816/816
f 819/819/819 715/715/715 820/820/820
f 824/824/824 719/719/719 825/825/825
f 827/827/827 723/723/723 828/828/828
f 832/832/832 731/731/731 833/833/833
f 833/833/833 732/732/732 834/834/834
f 834/834/834 733/733/733 835/835/835
f 837/837/837 736/736/736 838/838/838
f 838/838/838 737/737/737 839/839/839
f 839/839/839 738/738/738 840/840/840
f 848/848/848 745/745/745 847/847/847
f 854/854/854 752/752/752 853/853/853
f 857/857/857 755/755/755 856/856/856
f 861/861/861 758/758/758 860/860/860
f 864/864/864 761/761/761 863/863/863
f 870/870/870 767/767/767 869/869/869
f 878/878/878 772/772/772 877/877/877
f 881/881/881 776/776/776 880/880/880
f 883/883/883 778/778/778 882/882/882
f 888/888/888 783/783/783 889/889/889
f 891/891/891 787/787/787 892/892/892
f 896/896/896 793/793/793 895/895/895
f 917/917/917 815/815/815 918/918/918
f 929/929/929 823/823/823 930/930/930
f 935/935/935 826/826/826 936/936/936
f 945/945/945 831/831/831 946/946/946
f 947/947/947 833/833/833 948/948/948
f 950/950/950 836/836/836 951/951/951
f 951/951/951 837/837/837 952/952/952
f 953/953/953 839/839/839 954/954/954
f 954/954/954 840/840/840 955/955/955
f 955/955/955 841/841/841 956/956/956
f 961/961/961 845/845/845 962/962/962
f 964/964/964 849/849/849 963/963/963
f 968/968/968 854/854/854 967/967/967
f 972/972/972 858/858/858 971/971/971
f 978/978/978 865/865/865 977/977/977
f 980/980/980 867/867/867 979/979/979
f 981/981/981 868/868/868 980/980/980
f 983/983/983 870/870/870 982/982/982
f 988/988/988 874/874/874 987/987/987
f 990/990/990 876/876/876 989/989/989
f 993/993/993 878/878/878 992/992/992
f 1017/1017/1017 888/888/888 1018/1018/1018
f 1025/1025/1025 894/894/894 1024/1024/1024
f 1046/1046/1046 906/906/906 1047/1047/1047
f 1051/1051/1051 910/910/910 1052/1052/1052
f 1060/1060/1060 916/916/916 1061/1061/1061
f 1072/1072/1072 923/923/923 1073/1073/1073
f 1079/1079/1079 928/928/928 1080/1080/1080
f 1082/1082/1082 931/931/931 1083/1083/1083
f 1089/1089/1089 938/938/938 1090/1090/1090
f 1091/1091/1091 940/940/940 1092/1092/1092
f 1093/1093/1093 942/942/942 1094/1094/1094
f 1101/1101/1101 950/950/950 1102/1102/1102
f 1109/1109/1109 960/960/960 1110/1110/1110
f 1110/1110/1110 961/961/961 1111/1111/1111
f 1113/1113/1113 968/968/968 1112/1112/1112
f 1114/1114/1114 969/969/969 1113/1113/1113
f 1115/1115/1115 970/970/970 1114/1114/1114
f 1118/1118/1118 973/973/973 1117/1117/1117
f 1119/1119/1119 974/974/974 1118/1118/1118
f 1120/1120/1120 975/975/975 1119/1119/1119
f 1123/1123/1123 979/979/979 1122/1122/1122
f 1128/1128/1128 984/984/984 1127/1127/1127
f 1136/1136/1136 991/991/991 1135/1135/1135
f 1149/1149/1149 1008/1008/1008 1148/1148/1148
f 1155/1155/1155 1016/1016/1016 1154/1154/1154
f 1167/1167/1167 1027/1027/1027 1168/1168/1168
f 1169/1169/1169 1029/1029/1029 1168/1168/1168
f 1186/1186/1186 1041/1041/1041 1185/1185/1185
f 1204/1204/1204 1054/1054/1054 1205/1205/1205
f 1215/1215/1215 1069/1069/1069 1216/1216/1216
f 1225/1225/1225 1079/1079/1079 1226/1226/1226
f 1227/1227/1227 1081/1081/1081 1228/1228/1228
f 1242/1242/1242 1100/1100/1100 1243/1243/1243
f 1245/1245/1245 1103/1103/1103 1246/1246/1246
f 1247/1247/1247 1105/1105/1105 1248/1248/1248
f 1252/1252/1252 1108/1108/1108 1253/1253/1253
f 1253/1253/1253 1109/1109/1109 1254/1254/1254
f 1256/1256/1256 1116/1116/1116 1255/1255/1255
f 1259/1259/1259 1119/1119/1119 1258/1258/1258
f 1262/1262/1262 1123/1123/1123 1261/1261/1261
f 1264/1264/1264 1125/1125/1125 1263/1263/1263
f 1267/1267/1267 1128/1128/1128 1266/1266/1266
f 1269/1269/1269 1130/1130/1130 1268/1268/1268
f 1271/1271/1271 1132/1132/1132 1270/1270/1270
f 1301/1301/1301 1164/1164/1164 1300/1300/1300
f 1314/1314/1314 1177/1177/1177 1313/1313/1313
f 1330/1330/1330 1194/1194/1194 1329/1329/1329
f 1335/1335/1335 1200/1200/1200 1334/1334/1334
f 1350/1350/1350 1213/1213/1213 1351/1351/1351
f 1353/1353/1353 1217/1217/1217 1354/1354/1354
f 1357/1357/1357 1222/1222/1222 1358/1358/1358
f 1359/1359/1359 1224/1224/1224 1360/1360/1360
f 1368/1368/1368 1233/1233/1233 1369/1369/1369
f 1371/1371/1371 1236/1236/1236 1372/1372/1372
f 1383/1383/1383 1248/1248/1248 1384/1384/1384
f 1386/1386/1386 1251/1251/1251 1387/1387/1387
f 1387/1387/1387 1252/1252/1252 1388/1388/1388
f 1393/1393/1393 1258/1258/1258 1392/1392/1392
f 1395/1395/1395 1260/1260/1260 1394/1394/1394
f 1397/1397/1397 1262/1262/1262 1396/1396/1396
f 1398/1398/1398 1263/1263/1263 1397/1397/1397
f 1399/1399/1399 1264/1264/1264 1398/1398/1398
f 1402/1402/1402 1267/1267/1267 1401/1401/1401
f 1405/1405/1405 1270/1270/1270 1404/1404/1404
f 1415/1415/1415 1280/1280/1280 1414/1414/1414
f 1421/1421/1421 1283/1283/1283 1422/1422/1422
f 1424/1424/1424 1286/1286/1286 1423/1423/1423
f 1436/1436/1436 1295/1295/1295 1435/1435/1435
f 1448/1448/1448 1305/1305/1305 1449/1449/1449
f 1451/1451/1451 1308/1308/1308 1450/1450/1450
f 1453/1453/1453 1310/1310/1310 1452/1452/1452
f 1479/1479/1479 1333/1333/1333 1478/1478/1478
f 1485/1485/1485 1337/1337/1337 1486/1486/1486
f 1506/1506/1506 1355/1355/1355 1507/1507/1507
f 1518/1518/1518 1367/1367/1367 1519/1519/1519
f 1528/1528/1528 1378/1378/1378 1529/1529/1529
f 1536/1536/1536 1386/1386/1386 1537/1537/1537
f 1537/1537/1537 1387/1387/1387 1538/1538/1538
f 1547/1547/1547 1391/1391/1391 1546/1546/1546
f 1549/1549/1549 1393/1393/1393 1548/1548/1548
f 1551/1551/1551 1395/1395/1395 1550/1550/1550
f 1556/1556/1556 1398/1398/1398 1555/1555/1555
f 1558/1558/1558 1400/1400/1400 1557/1557/1557
f 1559/1559/1559 1401/1401/1401 1558/1558/1558
f 1563/1563/1563 1405/1405/1405 1562/1562/1562
f 1565/1565/1565 1408/1408/1408 1564/1564/1564
f 1573/1573/1573 1416/1416/1416 1572/1572/1572
f 1578/1578/1578 1420/1420/1420 1579/1579/1579
f 1581/1581/1581 1425/1425/1425 1580/1580/1580
f 1584/1584/1584 1429/1429/1429 1583/1583/1583
f 1585/1585/1585 1430/1430/1430 1586/1586/1586
f 1591/1591/1591 1443/1443/1443 1590/1590/1590
f 1592/1592/1592 1444/1444/1444 1593/1593/1593
f 1599/1599/1599 1456/1456/1456 1600/1600/1600
f 1619/1619/1619 1480/1480/1480 1618/1618/1618
f 1622/1622/1622 1484/1484/1484 1623/1623/1623
f 1626/1626/1626 1490/1490/1490 1627/1627/1627
f 1645/1645/1645 1509/1509/1509 1646/1646/1646
f 1651/1651/1651 1513/1513/1513 1652/1652/1652
f 1653/1653/1653 1515/1515/1515 1654/1654/1654
f 1662/1662/1662 1522/1522/1522 1663/1663/1663
f 1664/1664/1664 1524/1524/1524 1665/1665/1665
f 1666/1666/1666 1527/1527/1527 1667/1667/1667
f 1674/1674/1674 1535/1535/1535 1675/1675/1675
f 1675/1675/1675 1536/1536/1536 1676/1676/1676
f 1681/1681/1681 1540/1540/1540 1682/1682/1682
f 1696/1696/1696 1552/1552/1552 1695/1695/1695
f 1702/1702/1702 1555/1555/1555 1701/1701/1701
f 1703/1703/1703 1556/1556/1556 1702/1702/1702
f 1705/1705/1705 1558/1558/1558 1704/1704/1704
f 1707/1707/1707 1560/1560/1560 1706/1706/1706
f 1712/1712/1712 1566/1566/1566 1711/1711/1711
f 1721/1721/1721 1574/1574/1574 1720/1720/1720
f 1728/1728/1728 1584/1584/1584 1727/1727/1727
f 1741/1741/1741 1601/1601/1601 1742/1742/1742
f 1752/1752/1752 1629/1629/1629 1753/1753/1753
f 1754/1754/1754 1635/1635/1635 1755/1755/1755
f 1760/1760/1760 1643/1643/1643 1761/1761/1761
f 1765/1765/1765 1650/1650/1650 1766/1766/1766
f 1767/1767/1767 1653/1653/1653 1768/1768/1768
f 1769/1769/1769 1656/1656/1656 1770/1770/1770
f 1775/1775/1775 1661/1661/1661 1776/1776/1776
f 1779/1779/1779 1666/1666/1666 1780/1780/1780
f 1789/1789/1789 1674/1674/1674 1790/1790/1790
f 1795/1795/1795 1680/1680/1680 1796/1796/1796
f 1797/1797/1797 1682/1682/1682 1798/1798/1798
f 1799/1799/1799 1684/1684/1684 1800/1800/1800
f 1800/1800/1800 1685/1685/1685 1801/1801/1801
f 1809/1809/1809 1691/1691/1691 1808/1808/1808
f 1813/1813/1813 1695/1695/1695 1812/1812/1812
f 1815/1815/1815 1697/1697/1697 1814/1814/1814
f 1819/1819/1819 1701/1701/1701 1818/1818/1818
f 1820/1820/1820 1702/1702/1702 1819/1819/1819
f 1821/1821/1821 1703/1703/1703 1820/1820/1820
f 1825/1825/1825 1707/1707/1707 1824/1824/1824
f 1830/1830/1830 1710/1710/1710 1829/1829/1829
f 1832/1832/1832 1717/1717/1717 1831/1831/1831
f 1835/1835/1835 1719/1719/1719 1834/1834/1834
f 1838/1838/1838 1725/1725/1725 1839/1839/1839
f 1851/1851/1851 1739/1739/1739 1852/1852/1852
f 1871/1871/1871 1756/1756/1756 1872/1872/1872
f 1880/1880/1880 1769/1769/1769 1881/1881/1881
f 1884/1884/1884 1777/1777/1777 1885/1885/1885
f 1890/1890/1890 1784/1784/1784 1891/1891/1891
f 1893/1893/1893 1789/1789/1789 1894/1894/1894
f 1896/1896/1896 1793/1793/1793 1895/1895/1895
f 1898/1898/1898 1794/1794/1794 1899/1899/1899
f 1903/1903/1903 1799/1799/1799 1904/1904/1904
f 1905/1905/1905 1801/1801/1801 1906/1906/1906
f 1906/1906/1906 1802/1802/1802 1907/1907/1907
f 1923/1923/1923 1809/1809/1809 1922/1922/1922
f 1924/1924/1924 1810/1810/1810 1923/1923/1923
f 1928/1928/1928 1814/1814/1814 1927/1927/1927
f 1930/1930/1930 1816/1816/1816 1929/1929/1929
f 1931/1931/1931 1817/1817/1817 1930/1930/1930
f 1933/1933/1933 1819/1819/1819 1932/1932/1932
f 1934/1934/1934 1820/1820/1820 1933/1933/1933
f 1935/1935/1935 1821/1821/1821 1934/1934/1934
f 1937/1937/1937 1823/1823/1823 1936/1936/1936
f 1940/1940/1940 1826/1826/1826 1939/1939/1939
f 1943/1943/1943 1828/1828/1828 1942/1942/1942
f 1960/1960/1960 1845/1845/1845 1961/1961/1961
f 1971/1971/1971 1854/1854/1854 1970/1970/1970
f 1973/1973/1973 1856/1856/1856 1974/1974/1974
f 2016/2016/2016 1904/1904/1904 2017/2017/2017
f 2021/2021/2021 1913/1913/1913 2022/2022/2022
f 2022/2022/2022 1914/1914/1914 2023/2023/2023
f 2024/2024/2024 1916/1916/1916 2025/2025/2025
f 2026/2026/2026 1918/1918/1918 2027/2027/2027
f 2035/2035/2035 1922/1922/1922 2034/2034/2034
f 2036/2036/2036 1923/1923/1923 2035/2035/2035
f 2037/2037/2037 1924/1924/1924 2036/2036/2036
f 2038/2038/2038 1925/1925/1925 2037/2037/2037
f 2039/2039/2039 1926/1926/1926 2038/2038/2038
f 2040/2040/2040 1927/1927/1927 2039/2039/2039
f 2043/2043/2043 1930/1930/1930 2042/2042/2042
f 2046/2046/2046 1933/1933/1933 2045/2045/2045
f 2047/2047/2047 1934/1934/1934 2046/2046/2046
f 2048/2048/2048 1935/1935/1935 2047/2047/2047
f 2049/2049/2049 1936/1936/1936 2048/2048/2048
f 2050/2050/2050 1937/1937/1937 2049/2049/2049
f 2054/2054/2054 1941/1941/1941 2053/2053/2053
f 2057/2057/2057 1944/1944/1944 2056/2056/2056
f 2066/2066/2066 1948/1948/1948 2065/2065/2065
f 2068/2068/2068 1951/1951/1951 2067/2067/2067
f 2083/2083/2083 1959/1959/1959 2082/2082/2082
f 2111/2111/2111 1972/1972/1972 2112/2112/2112
f 2130/2130/2130 1988/1988/1988 2131/2131/2131
f 2143/2143/2143 2003/2003/2003 2144/2144/2144
f 2151/2151/2151 2011/2011/2011 2152/2152/2152
f 2159/2159/2159 2018/2018/2018 2160/2160/2160
f 2160/2160/2160 2019/2019/2019 2161/2161/2161
f 2162/2162/2162 2021/2021/2021 2163/2163/2163
f 2165/2165/2165 2024/2024/2024 2166/2166/2166
f 2166/2166/2166 2025/2025/2025 2167/2167/2167
f 2170/2170/2170 2030/2030/2030 2169/2169/2169
f 2171/2171/2171 2031/2031/2031 2170/2170/2170
f 2175/2175/2175 2034/2034/2034 2174/2174/2174
f 2176/2176/2176 2035/2035/2035 2175/2175/2175
f 2177/2177/2177 2036/2036/2036 2176/2176/2176
f 2179/2179/2179 2038/2038/2038 2178/2178/2178
f 2180/2180/2180 2039/2039/2039 2179/2179/2179
f 2181/2181/2181 2040/2040/2040 2180/2180/2180
f 2182/2182/2182 2041/2041/2041 2181/2181/2181
f 2183/2183/2183 2042/2042/2042 2182/2182/2182
f 2189/2189/2189 2048/2048/2048 2188/2188/2188
f 2190/2190/2190 2049/2049/2049 2189/2189/2189
f 2193/2193/2193 2054/2054/2054 2192/2192/2192
f 2194/2194/2194 2055/2055/2055 2193/2193/2193
f 2202/2202/2202 2060/2060/2060 2201/2201/2201
f 2204/2204/2204 2062/2062/2062 2203/2203/2203
f 2205/2205/2205 2063/2063/2063 2204/2204/2204
f 2206/2206/2206 2064/2064/2064 2205/2205/2205
f 2208/2208/2208 2066/2066/2066 2207/2207/2207
f 2214/2214/2214 2098/2098/2098 2213/2213/2213
f 2232/2232/2232 2115/2115/2115 2233/2233/2233
f 2236/2236/2236 2119/2119/2119 2237/2237/2237
f 2248/2248/2248 2132/2132/2132 2249/2249/2249
f 2250/2250/2250 2134/2134/2134 2251/2251/2251
f 2253/2253/2253 2138/2138/2138 2254/2254/2254
f 2258/2258/2258 2140/2140/2140 2259/2259/2259
f 2259/2259/2259 2141/2141/2141 2260/2260/2260
f 2261/2261/2261 2143/2143/2143 2262/2262/2262
f 2262/2262/2262 2144/2144/2144 2263/2263/2263
f 2268/2268/2268 2146/2146/2146 2269/2269/2269
f 2272/2272/2272 2148/2148/2148 2273/2273/2273
f 2278/2278/2278 2150/2150/2150 2279/2279/2279
f 2281/2281/2281 2153/2153/2153 2282/2282/2282
f 2286/2286/2286 2157/2157/2157 2287/2287/2287
f 2287/2287/2287 2158/2158/2158 2288/2288/2288
f 2291/2291/2291 2162/2162/2162 2292/2292/2292
f 2292/2292/2292 2163/2163/2163 2293/2293/2293
f 2293/2293/2293 2164/2164/2164 2294/2294/2294
f 2298/2298/2298 2171/2171/2171 2297/2297/2297
f 2299/2299/2299 2172/2172/2172 2298/2298/2298
f 2302/2302/2302 2175/2175/2175 2301/2301/2301
f 2303/2303/2303 2176/2176/2176 2302/2302/2302
f 2307/2307/2307 2180/2180/2180 2306/2306/2306
f 2308/2308/2308 2181/2181/2181 2307/2307/2307
f 2311/2311/2311 2184/2184/2184 2310/2310/2310
f 2312/2312/2312 2185/2185/2185 2311/2311/2311
f 2317/2317/2317 2190/2190/2190 2316/2316/2316
f 2321/2321/2321 2195/2195/2195 2320/2320/2320
f 2337/2337/2337 2210/2210/2210 2336/2336/2336
f 2346/2346/2346 2225/2225/2225 2347/2347/2347
f 2347/2347/2347 2226/2226/2226 2348/2348/2348
f 2365/2365/2365 2243/2243/2243 2366/2366/2366
f 2386/2386/2386 2253/2253/2253 2387/2387/2387
f 2389/2389/2389 2255/2255/2255 2390/2390/2390
f 2394/2394/2394 2259/2259/2259 2395/2395/2395
f 2399/2399/2399 2264/2264/2264 2400/2400/2400
f 2407/2407/2407 2271/2271/2271 2408/2408/2408
f 2408/2408/2408 2272/2272/2272 2409/2409/2409
f 2414/2414/2414 2277/2277/2277 2413/2413/2413
f 2436/2436/2436 2291/2291/2291 2437/2437/2437
f 2437/2437/2437 2292/2292/2292 2438/2438/2438
f 2442/2442/2442 2297/2297/2297 2441/2441/2441
f 2446/2446/2446 2301/2301/2301 2445/2445/2445
f 2448/2448/2448 2303/2303/2303 2447/2447/2447
f 2452/2452/2452 2307/2307/2307 2451/2451/2451
f 2455/2455/2455 2313/2313/2313 2454/2454/2454
f 2457/2457/2457 2315/2315/2315 2456/2456/2456
f 2459/2459/2459 2317/2317/2317 2458/2458/2458
f 2465/2465/2465 2323/2323/2323 2464/2464/2464
f 2466/2466/2466 2324/2324/2324 2465/2465/2465
f 2467/2467/2467 2325/2325/2325 2466/2466/2466
f 2473/2473/2473 2331/2331/2331 2472/2472/2472
f 2479/2479/2479 2335/2335/2335 2478/2478/2478
f 2497/2497/2497 2350/2350/2350 2496/2496/2496
f 2504/2504/2504 2357/2357/2357 2505/2505/2505
f 2511/2511/2511 2361/2361/2361 2512/2512/2512
f 2520/2520/2520 2367/2367/2367 2521/2521/2521
f 2523/2523/2523 2369/2369/2369 2524/2524/2524
f 2525/2525/2525 2371/2371/2371 2526/2526/2526
f 2533/2533/2533 2378/2378/2378 2534/2534/2534
f 2536/2536/2536 2380/2380/2380 2537/2537/2537
f 2553/2553/2553 2396/2396/2396 2554/2554/2554
f 2555/2555/2555 2398/2398/2398 2556/2556/2556
f 2563/2563/2563 2406/2406/2406 2564/2564/2564
f 2571/2571/2571 2421/2421/2421 2572/2572/2572
f 2572/2572/2572 2422/2422/2422 2573/2573/2573
f 2579/2579/2579 2433/2433/2433 2580/2580/2580
f 2581/2581/2581 2435/2435/2435 2582/2582/2582
f 2586/2586/2586 2442/2442/2442 2585/2585/2585
f 2587/2587/2587 2443/2443/2443 2586/2586/2586
f 2590/2590/2590 2447/2447/2447 2589/2589/2589
f 2593/2593/2593 2450/2450/2450 2592/2592/2592
f 2595/2595/2595 2452/2452/2452 2594/2594/2594
f 2598/2598/2598 2456/2456/2456 2597/2597/2597
f 2599/2599/2599 2457/2457/2457 2598/2598/2598
f 2601/2601/2601 2459/2459/2459 2600/2600/2600
f 2605/2605/2605 2463/2463/2463 2604/2604/2604
f 2606/2606/2606 2464/2464/2464 2605/2605/2605
f 2611/2611/2611 2469/2469/2469 2610/2610/2610
f 2615/2615/2615 2474/2474/2474 2614/2614/2614
f 2622/2622/2622 2482/2482/2482 2621/2621/2621
f 2626/2626/2626 2486/2486/2486 2625/2625/2625
f 2631/2631/2631 2490/2490/2490 2630/2630/2630
f 2641/2641/2641 2494/2494/2494 2642/2642/2642
f 2652/2652/2652 2500/2500/2500 2653/2653/2653
f 2653/2653/2653 2501/2501/2501 2654/2654/2654
f 2656/2656/2656 2504/2504/2504 2657/2657/2657
f 2674/2674/2674 2514/2514/2514 2675/2675/2675
f 2680/2680/2680 2519/2519/2519 2681/2681/2681
f 2684/2684/2684 2523/2523/2523 2685/2685/2685
f 2695/2695/2695 2535/2535/2535 2696/2696/2696
f 2700/2700/2700 2543/2543/2543 2701/2701/2701
f 2715/2715/2715 2560/2560/2560 2716/2716/2716
f 2718/2718/2718 2563/2563/2563 2719/2719/2719
f 2723/2723/2723 2568/2568/2568 2722/2722/2722
f 2725/2725/2725 2569/2569/2569 2726/2726/2726
f 2727/2727/2727 2571/2571/2571 2728/2728/2728
f 2733/2733/2733 2578/2578/2578 2734/2734/2734
f 2734/2734/2734 2579/2579/2579 2735/2735/2735
f 2737/2737/2737 2581/2581/2581 2738/2738/2738
f 2743/2743/2743 2585/2585/2585 2742/2742/2742
f 2744/2744/2744 2586/2586/2586 2743/2743/2743
f 2745/2745/2745 2587/2587/2587 2744/2744/2744
f 2746/2746/2746 2588/2588/2588 2745/2745/2745
f 2748/2748/2748 2590/2590/2590 2747/2747/2747
f 2750/2750/2750 2592/2592/2592 2749/2749/2749
f 2751/2751/2751 2593/2593/2593 2750/2750/2750
f 2752/2752/2752 2594/2594/2594 2751/2751/2751
f 2755/2755/2755 2598/2598/2598 2754/2754/2754
f 2757/2757/2757 2600/2600/2600 2756/2756/2756
f 2759/2759/2759 2602/2602/2602 2758/2758/2758
f 2761/2761/2761 2604/2604/2604 2760/2760/2760
f 2762/2762/2762 2605/2605/2605 2761/2761/2761
f 2763/2763/2763 2606/2606/2606 2762/2762/2762
f 2776/2776/2776 2620/2620/2620 2775/2775/2775
f 2786/2786/2786 2632/2632/2632 2785/2785/2785
f 2804/2804/2804 2651/2651/2651 2805/2805/2805
f 2805/2805/2805 2652/2652/2652 2806/2806/2806
f 2814/2814/2814 2663/2663/2663 2815/2815/2815
f 2816/2816/2816 2665/2665/2665 2817/2817/2817
f 2820/2820/2820 2670/2670/2670 2821/2821/2821
f 2834/2834/2834 2688/2688/2688 2835/2835/2835
f 2845/2845/2845 2700/2700/2700 2846/2846/2846
f 2850/2850/2850 2705/2705/2705 2851/2851/2851
f 2851/2851/2851 2706/2706/2706 2852/2852/2852
f 2854/2854/2854 2708/2708/2708 2855/2855/2855
f 2856/2856/2856 2710/2710/2710 2857/2857/2857
f 2859/2859/2859 2714/2714/2714 2860/2860/2860
f 2864/2864/2864 2718/2718/2718 2865/2865/2865
f 2872/2872/2872 2724/2724/2724 2873/2873/2873
f 2874/2874/2874 2727/2727/2727 2875/2875/2875
f 2878/2878/2878 2733/2733/2733 2879/2879/2879
f 2880/2880/2880 2736/2736/2736 2881/2881/2881
f 2882/2882/2882 2739/2739/2739 2883/2883/2883
f 2883/2883/2883 2740/2740/2740 2884/2884/2884
f 2886/2886/2886 2743/2743/2743 2885/2885/2885
f 2889/2889/2889 2746/2746/2746 2888/2888/2888
f 2891/2891/2891 2748/2748/2748 2890/2890/2890
f 2898/2898/2898 2755/2755/2755 2897/2897/2897
f 2899/2899/2899 2756/2756/2756 2898/2898/2898
f 2900/2900/2900 2757/2757/2757 2899/2899/2899
f 2902/2902/2902 2759/2759/2759 2901/2901/2901
f 2904/2904/2904 2761/2761/2761 2903/2903/2903
f 2905/2905/2905 2762/2762/2762 2904/2904/2904
f 2907/2907/2907 2764/2764/2764 2906/2906/2906
f 2908/2908/2908 2765/2765/2765 2907/2907/2907
f 2909/2909/2909 2766/2766/2766 2908/2908/2908
f 2918/2918/2918 2774/2774/2774 2917/2917/2917
f 2923/2923/2923 2778/2778/2778 2922/2922/2922
f 2935/2935/2935 2789/2789/2789 2934/2934/2934
f 2937/2937/2937 2790/2790/2790 2938/2938/2938
f 2957/2957/2957 2804/2804/2804 2958/2958/2958
f 2959/2959/2959 2806/2806/2806 2960/2960/2960
f 2960/2960/2960 2807/2807/2807 2961/2961/2961
f 2967/2967/2967 2812/2812/2812 2968/2968/2968
f 2973/2973/2973 2818/2818/2818 2974/2974/2974
f 2975/2975/2975 2820/2820/2820 2976/2976/2976
f 2977/2977/2977 2822/2822/2822 2978/2978/2978
f 3000/3000/3000 2842/2842/2842 3001/3001/3001
f 3007/3007/3007 2848/2848/2848 3008/3008/3008
f 3012/3012/3012 2853/2853/2853 3013/3013/3013
f 3019/3019/3019 2861/2861/2861 3020/3020/3020
f 3021/3021/3021 2863/2863/2863 3022/3022/3022
f 3029/3029/3029 2871/2871/2871 3030/3030/3030
f 3038/3038/3038 2880/2880/2880 3039/3039/3039
f 3040/3040/3040 2882/2882/2882 3041/3041/3041
f 3044/3044/3044 2886/2886/2886 3043/3043/3043
f 3045/3045/3045 2887/2887/2887 3044/3044/3044
f 3047/3047/3047 2889/2889/2889 3046/3046/3046
f 3054/3054/3054 2896/2896/2896 3053/3053/3053
f 3060/3060/3060 2899/2899/2899 3059/3059/3059
f 3061/3061/3061 2900/2900/2900 3060/3060/3060
f 3062/3062/3062 2901/2901/2901 3061/3061/3061
f 3063/3063/3063 2902/2902/2902 3062/3062/3062
f 3065/3065/3065 2904/2904/2904 3064/3064/3064
f 3066/3066/3066 2905/2905/2905 3065/3065/3065
f 3067/3067/3067 2906/2906/2906 3066/3066/3066
f 3068/3068/3068 2907/2907/2907 3067/3067/3067
f 3069/3069/3069 2908/2908/2908 3068/3068/3068
f 3070/3070/3070 2909/2909/2909 3069/3069/3069
f 3074/3074/3074 2913/2913/2913 3073/3073/3073
f 3090/3090/3090 2925/2925/2925 3089/3089/3089
f 3095/3095/3095 2931/2931/2931 3094/3094/3094
f 3101/3101/3101 2940/2940/2940 3100/3100/3100
f 3103/3103/3103 2942/2942/2942 3104/3104/3104
f 3108/3108/3108 2948/2948/2948 3107/3107/3107
f 3113/3113/3113 2956/2956/2956 3114/3114/3114
f 3115/3115/3115 2958/2958/2958 3116/3116/3116
f 3116/3116/3116 2959/2959/2959 3117/3117/3117
f 3117/3117/3117 2960/2960/2960 3118/3118/3118
f 3120/3120/3120 2966/2966/2966 3121/3121/3121
f 3127/3127/3127 2977/2977/2977 3128/3128/3128
f 3130/3130/3130 2981/2981/2981 3131/3131/3131
f 3139/3139/3139 2988/2988/2988 3140/3140/3140
f 3141/3141/3141 2990/2990/2990 3142/3142/3142
f 3143/3143/3143 2992/2992/2992 3144/3144/3144
f 3163/3163/3163 3006/3006/3006 3164/3164/3164
f 3165/3165/3165 3009/3009/3009 3166/3166/3166
f 3175/3175/3175 3018/3018/3018 3176/3176/3176
f 3178/3178/3178 3022/3022/3022 3179/3179/3179
f 3184/3184/3184 3029/3029/3029 3185/3185/3185
f 3190/3190/3190 3034/3034/3034 3191/3191/3191
f 3196/3196/3196 3038/3038/3038 3197/3197/3197
f 3198/3198/3198 3040/3040/3040 3199/3199/3199
f 3199/3199/3199 3041/3041/3041 3200/3200/3200
f 3203/3203/3203 3045/3045/3045 3202/3202/3202
f 3204/3204/3204 3046/3046/3046 3203/3203/3203
f 3213/3213/3213 3055/3055/3055 3212/3212/3212
f 3219/3219/3219 3059/3059/3059 3218/3218/3218
f 3220/3220/3220 3060/3060/3060 3219/3219/3219
f 3221/3221/3221 3061/3061/3061 3220/3220/3220
f 3222/3222/3222 3062/3062/3062 3221/3221/3221
f 3227/3227/3227 3066/3066/3066 3226/3226/3226
f 3233/3233/3233 3072/3072/3072 3232/3232/3232
f 3235/3235/3235 3075/3075/3075 3234/3234/3234
f 3236/3236/3236 3076/3076/3076 3235/3235/3235
f 3252/3252/3252 3114/3114/3114 3253/3253/3253
f 3253/3253/3253 3115/3115/3115 3254/3254/3254
f 3254/3254/3254 3116/3116/3116 3255/3255/3255
f 3261/3261/3261 3125/3125/3125 3262/3262/3262
f 3265/3265/3265 3134/3134/3134 3266/3266/3266
f 3268/3268/3268 3143/3143/3143 3269/3269/3269
f 3271/3271/3271 3147/3147/3147 3272/3272/3272
f 3280/3280/3280 3155/3155/3155 3281/3281/3281
f 3282/3282/3282 3157/3157/3157 3283/3283/3283
f 3291/3291/3291 3165/3165/3165 3292/3292/3292
f 3302/3302/3302 3172/3172/3172 3303/3303/3303
f 3306/3306/3306 3175/3175/3175 3307/3307/3307
f 3321/3321/3321 3185/3185/3185 3322/3322/3322
f 3322/3322/3322 3186/3186/3186 3323/3323/3323
f 3333/3333/3333 3194/3194/3194 3334/3334/3334
f 3335/3335/3335 3198/3198/3198 3336/3336/3336
f 3338/3338/3338 3202/3202/3202 3337/3337/3337
f 3343/3343/3343 3208/3208/3208 3342/3342/3342
f 3344/3344/3344 3209/3209/3209 3343/3343/3343
f 3349/3349/3349 3214/3214/3214 3348/3348/3348
f 3352/3352/3352 3217/3217/3217 3351/3351/3351
f 3353/3353/3353 3218/3218/3218 3352/3352/3352
f 3354/3354/3354 3219/3219/3219 3353/3353/3353
f 3356/3356/3356 3221/3221/3221 3355/3355/3355
f 3357/3357/3357 3222/3222/3222 3356/3356/3356
f 3358/3358/3358 3223/3223/3223 3357/3357/3357
f 3362/3362/3362 3226/3226/3226 3361/3361/3361
f 3363/3363/3363 3227/3227/3227 3362/3362/3362
f 3364/3364/3364 3228/3228/3228 3363/3363/3363
f 3365/3365/3365 3229/3229/3229 3364/3364/3364
f 3366/3366/3366 3230/3230/3230 3365/3365/3365
f 3367/3367/3367 3231/3231/3231 3366/3366/3366
f 3369/3369/3369 3233/3233/3233 3368/3368/3368
f 3379/3379/3379 3239/3239/3239 3378/3378/3378
f 3399/3399/3399 3245/3245/3245 3400/3400/3400
f 3401/3401/3401 3247/3247/3247 3402/3402/3402
f 3406/3406/3406 3251/3251/3251 3407/3407/3407
f 3409/3409/3409 3258/3258/3258 3410/3410/3410
f 3421/3421/3421 3273/3273/3273 3422/3422/3422
f 3432/3432/3432 3291/3291/3291 3433/3433/3433
f 3439/3439/3439 3300/3300/3300 3440/3440/3440
f 3441/3441/3441 3304/3304/3304 3442/3442/3442
f 3443/3443/3443 3306/3306/3306 3444/3444/3444
f 3450/3450/3450 3319/3319/3319 3451/3451/3451
f 3453/3453/3453 3325/3325/3325 3454/3454/3454
f 3454/3454/3454 3326/3326/3326 3455/3455/3455
f 3457/3457/3457 3329/3329/3329 3458/3458/3458
f 3458/3458/3458 3330/3330/3330 3459/3459/3459
f 3463/3463/3463 3338/3338/3338 3462/3462/3462
f 3467/3467/3467 3343/3343/3343 3466/3466/3466
f 3468/3468/3468 3344/3344/3344 3467/3467/3467
f 3469/3469/3469 3345/3345/3345 3468/3468/3468
f 3475/3475/3475 3351/3351/3351 3474/3474/3474
f 3476/3476/3476 3352/3352/3352 3475/3475/3475
f 3478/3478/3478 3354/3354/3354 3477/3477/3477
f 3482/3482/3482 3358/3358/3358 3481/3481/3481
f 3488/3488/3488 3369/3369/3369 3487/3487/3487
f 3490/3490/3490 3370/3370/3370 3491/3491/3491
f 3493/3493/3493 3375/3375/3375 3492/3492/3492
f 3497/3497/3497 3379/3379/3379 3496/3496/3496
f 3501/3501/3501 3384/3384/3384 3500/3500/3500
f 3510/3510/3510 3388/3388/3388 3509/3509/3509
f 3535/3535/3535 3392/3392/3392 3536/3536/3536
f 3542/3542/3542 3398/3398/3398 3543/3543/3543
f 3545/3545/3545 3405/3405/3405 3546/3546/3546
f 3551/3551/3551 3412/3412/3412 3552/3552/3552
f 3555/3555/3555 3416/3416/3416 3556/3556/3556
f 3563/3563/3563 3421/3421/3421 3564/3564/3564
f 3568/3568/3568 3425/3425/3425 3569/3569/3569
f 3572/3572/3572 3431/3431/3431 3573/3573/3573
f 3575/3575/3575 3436/3436/3436 3576/3576/3576
f 3578/3578/3578 3442/3442/3442 3579/3579/3579
f 3580/3580/3580 3445/3445/3445 3581/3581/3581
f 3587/3587/3587 3454/3454/3454 3588/3588/3588
f 3588/3588/3588 3455/3455/3455 3589/3589/3589
f 3589/3589/3589 3456/3456/3456 3590/3590/3590
f 3600/3600/3600 3467/3467/3467 3599/3599/3599
f 3601/3601/3601 3468/3468/3468 3600/3600/3600
f 3602/3602/3602 3469/3469/3469 3601/3601/3601
f 3607/3607/3607 3474/3474/3474 3606/3606/3606
f 3616/3616/3616 3483/3483/3483 3615/3615/3615
f 3619/3619/3619 3488/3488/3488 3618/3618/3618
f 3626/3626/3626 3506/3506/3506 3625/3625/3625
f 3634/3634/3634 3524/3524/3524 3635/3635/3635
f 3639/3639/3639 3533/3533/3533 3640/3640/3640
f 3647/3647/3647 3548/3548/3548 3648/3648/3648
f 3659/3659/3659 3557/3557/3557 3660/3660/3660
f 3661/3661/3661 3559/3559/3559 3662/3662/3662
f 3664/3664/3664 3562/3562/3562 3665/3665/3665
f 3678/3678/3678 3578/3578/3578 3679/3679/3679
f 3680/3680/3680 3580/3580/3580 3681/3681/3681
f 3686/3686/3686 3586/3586/3586 3687/3687/3687
f 3687/3687/3687 3587/3587/3587 3688/3688/3688
f 3690/3690/3690 3590/3590/3590 3691/3691/3691
f 3693/3693/3693 3593/3593/3593 3694/3694/3694
f 3694/3694/3694 3594/3594/3594 3695/3695/3695
f 3704/3704/3704 3601/3601/3601 3703/3703/3703
f 3710/3710/3710 3607/3607/3607 3709/3709/3709
f 3711/3711/3711 3608/3608/3608 3710/3710/3710
f 3719/3719/3719 3616/3616/3616 3718/3718/3718
f 3733/3733/3733 3630/3630/3630 3732/3732/3732
f 3747/3747/3747 3644/3644/3644 3748/3748/3748
f 3755/3755/3755 3651/3651/3651 3756/3756/3756
f 3763/3763/3763 3661/3661/3661 3764/3764/3764
f 3765/3765/3765 3664/3664/3664 3766/3766/3766
f 3768/3768/3768 3667/3667/3667 3769/3769/3769
f 3773/3773/3773 3670/3670/3670 3774/3774/3774
f 3776/3776/3776 3672/3672/3672 3777/3777/3777
f 3782/3782/3782 3677/3677/3677 3783/3783/3783
f 3783/3783/3783 3678/3678/3678 3784/3784/3784
f 3791/3791/3791 3682/3682/3682 3792/3792/3792
f 3792/3792/3792 3683/3683/3683 3793/3793/3793
f 3794/3794/3794 3686/3686/3686 3795/3795/3795
f 3797/3797/3797 3690/3690/3690 3798/3798/3798
f 3799/3799/3799 3692/3692/3692 3800/3800/3800
f 3800/3800/3800 3693/3693/3693 3801/3801/3801
f 3802/3802/3802 3696/3696/3696 3803/3803/3803
f 3804/3804/3804 3698/3698/3698 3805/3805/3805
f 3808/3808/3808 3702/3702/3702 3807/3807/3807
f 3812/3812/3812 3706/3706/3706 3811/3811/3811
f 3815/3815/3815 3709/3709/3709 3814/3814/3814
f 3818/3818/3818 3712/3712/3712 3817/3817/3817
f 3819/3819/3819 3713/3713/3713 3818/3818/3818
f 3824/3824/3824 3718/3718/3718 3823/3823/3823
f 3855/3855/3855 3751/3751/3751 3856/3856/3856
f 3869/3869/3869 3761/3761/3761 3870/3870/3870
f 3882/3882/3882 3770/3770/3770 3883/3883/3883
f 3884/3884/3884 3772/3772/3772 3885/3885/3885
f 3890/3890/3890 3775/3775/3775 3891/3891/3891
f 3892/3892/3892 3778/3778/3778 3893/3893/3893
f 3893/3893/3893 3779/3779/3779 3894/3894/3894
f 3902/3902/3902 3781/3781/3781 3903/3903/3903
f 3906/3906/3906 3785/3785/3785 3907/3907/3907
f 3910/3910/3910 3787/3787/3787 3911/3911/3911
f 3911/3911/3911 3788/3788/3788 3912/3912/3912
f 3912/3912/3912 3789/3789/3789 3913/3913/3913
f 3913/3913/3913 3790/3790/3790 3914/3914/3914
f 3914/3914/3914 3791/3791/3791 3915/3915/3915
f 3917/3917/3917 3794/3794/3794 3918/3918/3918
f 3920/3920/3920 3796/3796/3796 3921/3921/3921
f 3924/3924/3924 3803/3803/3803 3925/3925/3925
f 3933/3933/3933 3813/3813/3813 3932/3932/3932
f 3934/3934/3934 3814/3814/3814 3933/3933/3933
f 3937/3937/3937 3819/3819/3819 3936/3936/3936
f 3938/3938/3938 3820/3820/3820 3937/3937/3937
f 3942/3942/3942 3824/3824/3824 3941/3941/3941
f 3948/3948/3948 3829/3829/3829 3947/3947/3947
f 3949/3949/3949 3830/3830/3830 3948/3948/3948
f 3954/3954/3954 3834/3834/3834 3953/3953/3953
f 4004/4004/4004 3857/3857/3857 4005/4005/4005
f 4008/4008/4008 3859/3859/3859 4009/4009/4009
f 4031/4031/4031 3876/3876/3876 4032/4032/4032
f 4033/4033/4033 3878/3878/3878 4034/4034/4034
f 4041/4041/4041 3884/3884/3884 4042/4042/4042
f 4048/4048/4048 3890/3890/3890 4049/4049/4049
f 4051/4051/4051 3892/3892/3892 4052/4052/4052
f 4053/4053/4053 3895/3895/3895 4054/4054/4054
f 4055/4055/4055 3899/3899/3899 4056/4056/4056
f 4056/4056/4056 3900/3900/3900 4057/4057/4057
f 4057/4057/4057 3901/3901/3901 4058/4058/4058
f 4059/4059/4059 3903/3903/3903 4060/4060/4060
f 4061/4061/4061 3905/3905/3905 4062/4062/4062
f 4065/4065/4065 3916/3916/3916 4066/4066/4066
f 4067/4067/4067 3919/3919/3919 4068/4068/4068
f 4070/4070/4070 3922/3922/3922 4071/4071/4071
f 4074/4074/4074 3927/3927/3927 4073/4073/4073
f 4083/4083/4083 3939/3939/3939 4082/4082/4082
f 4085/4085/4085 3941/3941/3941 4084/4084/4084
f 4086/4086/4086 3942/3942/3942 4085/4085/4085
f 4092/4092/4092 3951/3951/3951 4091/4091/4091
f 4095/4095/4095 3954/3954/3954 4094/4094/4094
f 4099/4099/4099 3959/3959/3959 4098/4098/4098
f 4115/4115/4115 3969/3969/3969 4116/4116/4116
f 4121/4121/4121 3974/3974/3974 4122/4122/4122
f 4127/4127/4127 3980/3980/3980 4126/4126/4126
f 4129/4129/4129 3981/3981/3981 4130/4130/4130
f 4140/4140/4140 3991/3991/3991 4139/4139/4139
f 4146/4146/4146 3995/3995/3995 4147/4147/4147
f 4149/4149/4149 3997/3997/3997 4150/4150/4150
f 4160/4160/4160 4006/4006/4006 4161/4161/4161
f 4163/4163/4163 4008/4008/4008 4164/4164/4164
f 4164/4164/4164 4009/4009/4009 4165/4165/4165
f 4173/4173/4173 4018/4018/4018 4174/4174/4174
f 4179/4179/4179 4023/4023/4023 4180/4180/4180
f 4194/4194/4194 4038/4038/4038 4195/4195/4195
f 4196/4196/4196 4040/4040/4040 4197/4197/4197
f 4198/4198/4198 4043/4043/4043 4199/4199/4199
f 4203/4203/4203 4048/4048/4048 4204/4204/4204
f 4205/4205/4205 4050/4050/4050 4206/4206/4206
f 4206/4206/4206 4051/4051/4051 4207/4207/4207
f 4211/4211/4211 4058/4058/4058 4212/4212/4212
f 4212/4212/4212 4059/4059/4059 4213/4213/4213
f 4214/4214/4214 4061/4061/4061 4215/4215/4215
f 4222/4222/4222 4069/4069/4069 4223/4223/4223
f 4228/4228/4228 4075/4075/4075 4227/4227/4227
f 4229/4229/4229 4076/4076/4076 4228/4228/4228
f 4233/4233/4233 4080/4080/4080 4232/4232/4232
f 4236/4236/4236 4083/4083/4083 4235/4235/4235
f 4237/4237/4237 4084/4084/4084 4236/4236/4236
f 4238/4238/4238 4085/4085/4085 4237/4237/4237
f 4239/4239/4239 4086/4086/4086 4238/4238/4238
f 4240/4240/4240 4087/4087/4087 4239/4239/4239
f 4243/4243/4243 4090/4090/4090 4242/4242/4242
f 4250/4250/4250 4100/4100/4100 4249/4249/4249
f 4262/4262/4262 4118/4118/4118 4261/4261/4261
f 4264/4264/4264 4120/4120/4120 4263/4263/4263
f 4266/4266/4266 4123/4123/4123 4267/4267/4267
f 4271/4271/4271 4128/4128/4128 4272/4272/4272
f 4281/4281/4281 4141/4141/4141 4282/4282/4282
f 4283/4283/4283 4143/4143/4143 4284/4284/4284
f 4285/4285/4285 4145/4145/4145 4286/4286/4286
f 4316/4316/4316 4185/4185/4185 4317/4317/4317
f 4318/4318/4318 4187/4187/4187 4319/4319/4319
f 4320/4320/4320 4189/4189/4189 4321/4321/4321
f 4325/4325/4325 4193/4193/4193 4326/4326/4326
f 4327/4327/4327 4196/4196/4196 4328/4328/4328
f 4333/4333/4333 4202/4202/4202 4334/4334/4334
f 4336/4336/4336 4206/4206/4206 4337/4337/4337
f 4338/4338/4338 4208/4208/4208 4339/4339/4339
f 4340/4340/4340 4211/4211/4211 4341/4341/4341
f 4349/4349/4349 4223/4223/4223 4350/4350/4350
f 4354/4354/4354 4228/4228/4228 4353/4353/4353
f 4355/4355/4355 4229/4229/4229 4354/4354/4354
f 4360/4360/4360 4234/4234/4234 4359/4359/4359
f 4365/4365/4365 4238/4238/4238 4364/4364/4364
f 4366/4366/4366 4239/4239/4239 4365/4365/4365
f 4371/4371/4371 4243/4243/4243 4370/4370/4370
f 4413/4413/4413 4275/4275/4275 4414/4414/4414
f 4417/4417/4417 4279/4279/4279 4416/4416/4416
f 4437/4437/4437 4294/4294/4294 4438/4438/4438
f 4457/4457/4457 4307/4307/4307 4458/4458/4458
f 4467/4467/4467 4315/4315/4315 4468/4468/4468
f 4468/4468/4468 4316/4316/4316 4469/4469/4469
f 4474/4474/4474 4322/4322/4322 4475/4475/4475
f 4476/4476/4476 4324/4324/4324 4477/4477/4477
f 4487/4487/4487 4336/4336/4336 4488/4488/4488
f 4493/4493/4493 4342/4342/4342 4494/4494/4494
f 4495/4495/4495 4344/4344/4344 4496/4496/4496
f 4501/4501/4501 4353/4353/4353 4500/4500/4500
f 4502/4502/4502 4354/4354/4354 4501/4501/4501
f 4506/4506/4506 4358/4358/4358 4505/4505/4505
f 4509/4509/4509 4361/4361/4361 4508/4508/4508
f 4514/4514/4514 4364/4364/4364 4513/4513/4513
f 4515/4515/4515 4365/4365/4365 4514/4514/4514
f 4530/4530/4530 4380/4380/4380 4529/4529/4529
f 4555/4555/4555 4407/4407/4407 4556/4556/4556
f 4558/4558/4558 4410/4410/4410 4557/4557/4557
f 4564/4564/4564 4418/4418/4418 4563/4563/4563
f 4567/4567/4567 4421/4421/4421 4568/4568/4568
f 4569/4569/4569 4425/4425/4425 4570/4570/4570
f 4571/4571/4571 4427/4427/4427 4572/4572/4572
f 4580/4580/4580 4437/4437/4437 4581/4581/4581
f 4592/4592/4592 4456/4456/4456 4593/4593/4593
f 4594/4594/4594 4459/4459/4459 4595/4595/4595
f 4601/4601/4601 4465/4465/4465 4602/4602/4602
f 4604/4604/4604 4467/4467/4467 4605/4605/4605
f 4617/4617/4617 4476/4476/4476 4618/4618/4618
f 4625/4625/4625 4483/4483/4483 4626/4626/4626
f 4626/4626/4626 4484/4484/4484 4627/4627/4627
f 4634/4634/4634 4494/4494/4494 4635/4635/4635
f 4648/4648/4648 4500/4500/4500 4647/4647/4647
f 4651/4651/4651 4503/4503/4503 4650/4650/4650
f 4652/4652/4652 4504/4504/4504 4651/4651/4651
f 4653/4653/4653 4505/4505/4505 4652/4652/4652
f 4655/4655/4655 4507/4507/4507 4654/4654/4654
f 4656/4656/4656 4508/4508/4508 4655/4655/4655
f 4658/4658/4658 4510/4510/4510 4657/4657/4657
f 4664/4664/4664 4514/4514/4514 4663/4663/4663
f 4677/4677/4677 4531/4531/4531 4676/4676/4676
f 4687/4687/4687 4555/4555/4555 4688/4688/4688
f 4699/4699/4699 4574/4574/4574 4698/4698/4698
f 4707/4707/4707 4587/4587/4587 4708/4708/4708
f 4715/4715/4715 4600/4600/4600 4716/4716/4716
f 4718/4718/4718 4603/4603/4603 4719/4719/4719
f 4726/4726/4726 4613/4613/4613 4727/4727/4727
f 4729/4729/4729 4616/4616/4616 4730/4730/4730
f 4739/4739/4739 4624/4624/4624 4740/4740/4740
f 4750/4750/4750 4635/4635/4635 4751/4751/4751
f 4758/4758/4758 4641/4641/4641 4757/4757/4757
f 4759/4759/4759 4642/4642/4642 4758/4758/4758
f 4760/4760/4760 4643/4643/4643 4759/4759/4759
f 4762/4762/4762 4645/4645/4645 4761/4761/4761
f 4763/4763/4763 4646/4646/4646 4762/4762/4762
f 4768/4768/4768 4657/4657/4657 4767/4767/4767
f 4770/4770/4770 4659/4659/4659 4769/4769/4769
f 4773/4773/4773 4662/4662/4662 4772/4772/4772
f 4774/4774/4774 4663/4663/4663 4773/4773/4773
f 4795/4795/4795 4687/4687/4687 4796/4796/4796
f 4801/4801/4801 4692/4692/4692 4802/4802/4802
f 4815/4815/4815 4711/4711/4711 4816/4816/4816
f 4817/4817/4817 4713/4713/4713 4818/4818/4818
f 4819/4819/4819 4717/4717/4717 4820/4820/4820
f 4829/4829/4829 4732/4732/4732 4830/4830/4830
f 4834/4834/4834 4737/4737/4737 4835/4835/4835
f 4844/4844/4844 4747/4747/4747 4845/4845/4845
f 4847/4847/4847 4751/4751/4751 4848/4848/4848
f 4854/4854/4854 4756/4756/4756 4853/4853/4853
f 4861/4861/4861 4763/4763/4763 4860/4860/4860
f 4868/4868/4868 4768/4768/4768 4867/4867/4867
f 4871/4871/4871 4771/4771/4771 4870/4870/4870
f 4872/4872/4872 4772/4772/4772 4871/4871/4871
f 4881/4881/4881 4782/4782/4782 4880/4880/4880
f 4889/4889/4889 4790/4790/4790 4890/4890/4890
f 4895/4895/4895 4795/4795/4795 4896/4896/4896
f 4898/4898/4898 4797/4797/4797 4899/4899/4899
f 4925/4925/4925 4821/4821/4821 4926/4926/4926
f 4932/4932/4932 4825/4825/4825 4933/4933/4933
f 4934/4934/4934 4827/4827/4827 4935/4935/4935
f 4936/4936/4936 4829/4829/4829 4937/4937/4937
f 4938/4938/4938 4831/4831/4831 4939/4939/4939
f 4940/4940/4940 4836/4836/4836 4941/4941/4941
f 4944/4944/4944 4841/4841/4841 4945/4945/4945
f 4946/4946/4946 4843/4843/4843 4947/4947/4947
f 4949/4949/4949 4846/4846/4846 4950/4950/4950
f 4953/4953/4953 4850/4850/4850 4954/4954/4954
f 4956/4956/4956 4855/4855/4855 4955/4955/4955
f 4960/4960/4960 4859/4859/4859 4959/4959/4959
f 4963/4963/4963 4862/4862/4862 4962/4962/4962
f 4965/4965/4965 4865/4865/4865 4964/4964/4964
f 4966/4966/4966 4866/4866/4866 4965/4965/4965
f 4968/4968/4968 4869/4869/4869 4967/4967/4967
f 4970/4970/4970 4871/4871/4871 4969/4969/4969
f 4971/4971/4971 4872/4872/4872 4970/4970/4970
f 4981/4981/4981 4883/4883/4883 4980/4980/4980
f 4994/4994/4994 4892/4892/4892 4995/4995/4995
f 5010/5010/5010 4905/4905/4905 5011/5011/5011
f 5029/5029/5029 4920/4920/4920 5030/5030/5030
f 5035/5035/5035 4924/4924/4924 5036/5036/5036
f 5037/5037/5037 4927/4927/4927 5038/5038/5038
f 5042/5042/5042 4931/4931/4931 5043/5043/5043
f 5044/5044/5044 4933/4933/4933 5045/5045/5045
f 5049/5049/5049 4942/4942/4942 5050/5050/5050
f 5053/5053/5053 4945/4945/4945 5054/5054/5054
f 5055/5055/5055 4947/4947/4947 5056/5056/5056
f 5057/5057/5057 4949/4949/4949 5058/5058/5058
f 5067/5067/5067 4956/4956/4956 5066/5066/5066
f 5068/5068/5068 4957/4957/4957 5067/5067/5067
f 5077/5077/5077 4966/4966/4966 5076/5076/5076
f 5082/5082/5082 4969/4969/4969 5081/5081/5081
f 5084/5084/5084 4971/4971/4971 5083/5083/5083
f 5093/5093/5093 4984/4984/4984 5092/5092/5092
f 5095/5095/5095 4987/4987/4987 5094/5094/5094
f 5114/5114/5114 4999/4999/4999 5115/5115/5115
f 5135/5135/5135 5022/5022/5022 5136/5136/5136
f 5141/5141/5141 5027/5027/5027 5142/5142/5142
f 5148/5148/5148 5032/5032/5032 5149/5149/5149
f 5149/5149/5149 5033/5033/5033 5150/5150/5150
f 5167/5167/5167 5051/5051/5051 5168/5168/5168
f 5173/5173/5173 5057/5057/5057 5174/5174/5174
f 5174/5174/5174 5058/5058/5058 5175/5175/5175
f 5177/5177/5177 5061/5061/5061 5178/5178/5178
f 5181/5181/5181 5069/5069/5069 5180/5180/5180
f 5185/5185/5185 5073/5073/5073 5184/5184/5184
f 5188/5188/5188 5076/5076/5076 5187/5187/5187
f 5190/5190/5190 5078/5078/5078 5189/5189/5189
f 5191/5191/5191 5079/5079/5079 5190/5190/5190
f 5196/5196/5196 5082/5082/5082 5195/5195/5195
f 5197/5197/5197 5083/5083/5083 5196/5196/5196
f 5215/5215/5215 5097/5097/5097 5216/5216/5216
f 5218/5218/5218 5101/5101/5101 5217/5217/5217
f 5219/5219/5219 5102/5102/5102 5220/5220/5220
f 5227/5227/5227 5116/5116/5116 5228/5228/5228
f 5253/5253/5253 5139/5139/5139 5254/5254/5254
f 5254/5254/5254 5140/5140/5140 5255/5255/5255
f 5260/5260/5260 5147/5147/5147 5261/5261/5261
f 5272/5272/5272 5160/5160/5160 5273/5273/5273
f 5278/5278/5278 5166/5166/5166 5279/5279/5279
f 5281/5281/5281 5170/5170/5170 5282/5282/5282
f 5285/5285/5285 5182/5182/5182 5284/5284/5284
f 5290/5290/5290 5189/5189/5189 5289/5289/5289
f 5292/5292/5292 5191/5191/5191 5291/5291/5291
f 5293/5293/5293 5192/5192/5192 5292/5292/5292
f 5297/5297/5297 5195/5195/5195 5296/5296/5296
f 5302/5302/5302 5201/5201/5201 5301/5301/5301
f 5310/5310/5310 5206/5206/5206 5311/5311/5311
f 5317/5317/5317 5214/5214/5214 5316/5316/5316
f 5324/5324/5324 5219/5219/5219 5325/5325/5325
f 5331/5331/5331 5225/5225/5225 5332/5332/5332
f 5333/5333/5333 5227/5227/5227 5334/5334/5334
f 5349/5349/5349 5242/5242/5242 5350/5350/5350
f 5375/5375/5375 5260/5260/5260 5376/5376/5376
f 5378/5378/5378 5264/5264/5264 5379/5379/5379
f 5379/5379/5379 5265/5265/5265 5380/5380/5380
f 5382/5382/5382 5268/5268/5268 5383/5383/5383
f 5385/5385/5385 5286/5286/5286 5384/5384/5384
f 5389/5389/5389 5290/5290/5290 5388/5388/5388
f 5392/5392/5392 5293/5293/5293 5391/5391/5391
f 5393/5393/5393 5294/5294/5294 5392/5392/5392
f 5406/5406/5406 5307/5307/5307 5405/5405/5405
f 5410/5410/5410 5310/5310/5310 5411/5411/5411
f 5416/5416/5416 5317/5317/5317 5415/5415/5415
f 5419/5419/5419 5322/5322/5322 5418/5418/5418
f 5438/5438/5438 5338/5338/5338 5439/5439/5439
f 5452/5452/5452 5348/5348/5348 5453/5453/5453
f 5460/5460/5460 5355/5355/5355 5461/5461/5461
f 5466/5466/5466 5363/5363/5363 5467/5467/5467
f 5470/5470/5470 5372/5372/5372 5471/5471/5471
f 5479/5479/5479 5393/5393/5393 5478/5478/5478
f 5480/5480/5480 5394/5394/5394 5479/5479/5479
f 5485/5485/5485 5400/5400/5400 5484/5484/5484
f 5505/5505/5505 5425/5425/5425 5506/5506/5506
f 5511/5511/5511 5430/5430/5430 5512/5512/5512
f 5518/5518/5518 5434/5434/5434 5519/5519/5519
f 5528/5528/5528 5437/5437/5437 5529/5529/5529
f 5545/5545/5545 5451/5451/5451 5546/5546/5546
f 5548/5548/5548 5457/5457/5457 5549/5549/5549
f 5550/5550/5550 5459/5459/5459 5551/5551/5551
f 5554/5554/5554 5476/5476/5476 5553/5553/5553
f 5559/5559/5559 5481/5481/5481 5558/5558/5558
f 5560/5560/5560 5482/5482/5482 5559/5559/5559
f 5563/5563/5563 5485/5485/5485 5562/5562/5562
f 5578/5578/5578 5505/5505/5505 5579/5579/5579
f 5587/5587/5587 5513/5513/5513 5588/5588/5588
f 5589/5589/5589 5518/5518/5518 5590/5590/5590
f 5590/5590/5590 5519/5519/5519 5591/5591/5591
f 5594/5594/5594 5522/5522/5522 5595/5595/5595
f 5595/5595/5595 5523/5523/5523 5596/5596/5596
f 5596/5596/5596 5524/5524/5524 5597/5597/5597
f 5599/5599/5599 5532/5532/5532 5600/5600/5600
f 5603/5603/5603 5554/5554/5554 5602/5602/5602
f 5604/5604/5604 5555/5555/5555 5603/5603/5603
f 5605/5605/5605 5556/5556/5556 5604/5604/5604
f 5608/5608/5608 5559/5559/5559 5607/5607/5607
f 5611/5611/5611 5563/5563/5563 5610/5610/5610
f 5622/5622/5622 5578/5578/5578 5623/5623/5623
f 5624/5624/5624 5580/5580/5580 5625/5625/5625
f 5628/5628/5628 5585/5585/5585 5629/5629/5629
f 5630/5630/5630 5589/5589/5589 5631/5631/5631
f 5631/5631/5631 5590/5590/5590 5632/5632/5632
f 5632/5632/5632 5591/5591/5591 5633/5633/5633
f 5634/5634/5634 5593/5593/5593 5635/5635/5635
f 37/37/37 1/1/1 47/47/47
f 48/48/48 12/12/12 45/45/45
f 46/46/46 10/10/10 50/50/50
f 51/51/51 15/15/15 49/49/49
f 50/50/50 14/14/14 53/53/53
f 65/65/65 25/25/25 60/60/60
f 63/63/63 23/23/23 67/67/67
f 70/70/70 29/29/29 64/64/64
f 78/78/78 36/36/36 69/69/69
f 95/95/95 50/50/50 99/99/99
f 99/99/99 53/53/53 103/103/103
f 115/115/115 66/66/66 108/108/108
f 113/113/113 63/63/63 121/121/121
f 124/124/124 71/71/71 114/114/114
f 138/138/138 79/79/79 123/123/123
f 176/176/176 95/95/95 183/183/183
f 183/183/183 99/99/99 190/190/190
f 190/190/190 103/103/103 197/197/197
f 197/197/197 107/107/107 204/204/204
f 205/205/205 113/113/113 211/211/211
f 212/212/212 122/122/122 216/216/216
f 222/222/222 145/145/145 213/213/213
f 235/235/235 155/155/155 220/220/220
f 248/248/248 156/156/156 264/264/264
f 263/263/263 167/167/167 272/272/272
f 281/281/281 190/190/190 286/286/286
f 286/286/286 197/197/197 290/290/290
f 292/292/292 210/210/210 287/287/287
f 291/291/291 205/205/205 295/295/295
f 297/297/297 215/215/215 292/292/292
f 296/296/296 212/212/212 300/300/300
f 304/304/304 224/224/224 297/297/297
f 316/316/316 238/238/238 303/303/303
f 326/326/326 244/244/244 313/313/313
f 330/330/330 247/247/247 316/316/316
f 341/341/341 248/248/248 359/359/359
f 358/358/358 263/263/263 364/364/364
f 376/376/376 286/286/286 380/380/380
f 382/382/382 294/294/294 378/378/378
f 381/381/381 291/291/291 384/384/384
f 386/386/386 299/299/299 382/382/382
f 385/385/385 296/296/296 388/388/388
f 391/391/391 306/306/306 386/386/386
f 396/396/396 318/318/318 390/390/390
f 416/416/416 338/338/338 402/402/402
f 425/425/425 339/339/339 435/435/435
f 429/429/429 341/341/341 448/448/448
f 447/447/447 358/358/358 453/453/453
f 453/453/453 364/364/364 457/457/457
f 462/462/462 372/372/372 465/465/465
f 466/466/466 377/377/377 468/468/468
f 470/470/470 383/383/383 467/467/467
f 468/468/468 381/381/381 471/471/471
f 474/474/474 387/387/387 470/470/470
f 472/472/472 385/385/385 475/475/475
f 477/477/477 391/391/391 473/473/473
f 476/476/476 389/389/389 478/478/478
f 483/483/483 397/397/397 477/477/477
f 481/481/481 395/395/395 485/485/485
f 487/487/487 407/407/407 482/482/482
f 500/500/500 420/420/420 486/486/486
f 509/509/509 423/423/423 496/496/496
f 528/528/528 424/424/424 538/538/538
f 532/532/532 428/428/428 550/550/550
f 550/550/550 447/447/447 555/555/555
f 554/554/554 452/452/452 558/558/558
f 567/567/567 467/467/467 564/564/564
f 566/566/566 466/466/466 569/569/569
f 571/571/571 470/470/470 567/567/567
f 570/570/570 469/469/469 573/573/573
f 578/578/578 477/477/477 574/574/574
f 584/584/584 483/483/483 578/578/578
f 588/588/588 487/487/487 583/583/583
f 594/594/594 500/500/500 587/587/587
f 605/605/605 512/512/512 593/593/593
f 609/609/609 514/514/514 601/601/601
f 629/629/629 524/524/524 618/618/618
f 639/639/639 526/526/526 628/628/628
f 642/642/642 527/527/527 652/652/652
f 653/653/653 539/539/539 646/646/646
f 647/647/647 532/532/532 664/664/664
f 668/668/668 554/554/554 672/672/672
f 672/672/672 558/558/558 677/677/677
f 678/678/678 563/563/563 681/681/681
f 691/691/691 575/575/575 687/687/687
f 689/689/689 573/573/573 692/692/692
f 695/695/695 579/579/579 691/691/691
f 698/698/698 584/584/584 694/694/694
f 703/703/703 589/589/589 698/698/698
f 714/714/714 606/606/606 707/707/707
f 724/724/724 629/629/629 718/718/718
f 732/732/732 637/637/637 721/721/721
f 777/777/777 673/673/673 781/781/781
f 781/781/781 678/678/678 785/785/785
f 786/786/786 682/682/682 791/791/791
f 792/792/792 686/686/686 796/796/796
f 799/799/799 693/693/693 801/801/801
f 803/803/803 699/699/699 800/800/800
f 806/806/806 703/703/703 802/802/802
f 811/811/811 708/708/708 805/805/805
f 817/817/817 714/714/714 810/810/810
f 821/821/821 718/718/718 817/817/817
f 843/843/843 742/742/742 832/832/832
f 860/860/860 757/757/757 852/852/852
f 882/882/882 777/777/777 885/885/885
f 886/886/886 782/782/782 890/890/890
f 893/893/893 789/789/789 888/888/888
f 898/898/898 795/795/795 894/894/894
f 900/900/900 797/797/797 902/902/902
f 909/909/909 807/807/807 905/905/905
f 907/907/907 804/804/804 911/911/911
f 914/914/914 812/812/812 908/908/908
f 911/911/911 808/808/808 915/915/915
f 919/919/919 818/818/818 913/913/913
f 918/918/918 816/816/816 922/922/922
f 926/926/926 822/822/822 919/919/919
f 937/937/937 828/828/828 925/925/925
f 948/948/948 834/834/834 935/935/935
f 941/941/941 829/829/829 950/950/950
f 946/946/946 832/832/832 957/957/957
f 958/958/958 844/844/844 947/947/947
f 962/962/962 846/846/846 953/953/953
f 975/975/975 859/859/859 966/966/966
f 967/967/967 853/853/853 985/985/985
f 986/986/986 872/872/872 976/976/976
f 985/985/985 871/871/871 994/994/994
f 1000/1000/1000 880/880/880 993/993/993
f 1010/1010/1010 884/884/884 1001/1001/1001
f 1002/1002/1002 883/883/883 1011/1011/1011
f 1012/1012/1012 887/887/887 1019/1019/1019
f 1020/1020/1020 892/892/892 1026/1026/1026
f 1031/1031/1031 898/898/898 1025/1025/1025
f 1036/1036/1036 901/901/901 1030/1030/1030
f 1033/1033/1033 900/900/900 1039/1039/1039
f 1040/1040/1040 903/903/903 1036/1036/1036
f 1043/1043/1043 904/904/904 1047/1047/1047
f 1046/1046/1046 906/906/906 1051/1051/1051
f 1057/1057/1057 914/914/914 1048/1048/1048
f 1053/1053/1053 912/912/912 1060/1060/1060
f 1066/1066/1066 920/920/920 1057/1057/1057
f 1073/1073/1073 924/924/924 1084/1084/1084
f 1085/1085/1085 934/934/934 1095/1095/1095
f 1098/1098/1098 949/949/949 1087/1087/1087
f 1096/1096/1096 947/947/947 1105/1105/1105
f 1106/1106/1106 959/959/959 1097/1097/1097
f 1134/1134/1134 986/986/986 1121/1121/1121
f 1129/1129/1129 985/985/985 1138/1138/1138
f 1140/1140/1140 995/995/995 1134/1134/1134
f 1142/1142/1142 1000/1000/1000 1137/1137/1137
f 1138/1138/1138 994/994/994 1143/1143/1143
f 1146/1146/1146 1004/1004/1004 1140/1140/1140
f 1150/1150/1150 1009/1009/1009 1142/1142/1142
f 1144/1144/1144 1003/1003/1003 1151/1151/1151
f 1153/1153/1153 1014/1014/1014 1147/1147/1147
f 1152/1152/1152 1013/1013/1013 1158/1158/1158
f 1159/1159/1159 1021/1021/1021 1153/1153/1153
f 1160/1160/1160 1022/1022/1022 1154/1154/1154
f 1171/1171/1171 1031/1031/1031 1164/1164/1164
f 1166/1166/1166 1026/1026/1026 1173/1173/1173
f 1174/1174/1174 1034/1034/1034 1167/1167/1167
f 1179/1179/1179 1037/1037/1037 1171/1171/1171
f 1172/1172/1172 1032/1032/1032 1180/1180/1180
f 1185/1185/1185 1040/1040/1040 1178/1178/1178
f 1180/1180/1180 1038/1038/1038 1187/1187/1187
f 1187/1187/1187 1042/1042/1042 1195/1195/1195
f 1201/1201/1201 1050/1050/1050 1194/1194/1194
f 1196/1196/1196 1047/1047/1047 1202/1202/1202
f 1203/1203/1203 1053/1053/1053 1209/1209/1209
f 1206/1206/1206 1056/1056/1056 1211/1211/1211
f 1214/1214/1214 1068/1068/1068 1208/1208/1208
f 1218/1218/1218 1071/1071/1071 1210/1210/1210
f 1212/1212/1212 1065/1065/1065 1219/1219/1219
f 1223/1223/1223 1078/1078/1078 1213/1213/1213
f 1220/1220/1220 1075/1075/1075 1229/1229/1229
f 1231/1231/1231 1089/1089/1089 1221/1221/1221
f 1229/1229/1229 1086/1086/1086 1238/1238/1238
f 1240/1240/1240 1099/1099/1099 1230/1230/1230
f 1249/1249/1249 1107/1107/1107 1239/1239/1239
f 1272/1272/1272 1133/1133/1133 1260/1260/1260
f 1261/1261/1261 1122/1122/1122 1275/1275/1275
f 1276/1276/1276 1137/1137/1137 1267/1267/1267
f 1268/1268/1268 1129/1129/1129 1277/1277/1277
f 1280/1280/1280 1140/1140/1140 1273/1273/1273
f 1282/1282/1282 1142/1142/1142 1276/1276/1276
f 1278/1278/1278 1139/1139/1139 1283/1283/1283
f 1281/1281/1281 1141/1141/1141 1288/1288/1288
f 1289/1289/1289 1150/1150/1150 1282/1282/1282
f 1284/1284/1284 1145/1145/1145 1290/1290/1290
f 1307/1307/1307 1171/1171/1171 1301/1301/1301
f 1317/1317/1317 1180/1180/1180 1324/1324/1324
f 1327/1327/1327 1189/1189/1189 1319/1319/1319
f 1321/1321/1321 1184/1184/1184 1328/1328/1328
f 1329/1329/1329 1193/1193/1193 1322/1322/1322
f 1325/1325/1325 1188/1188/1188 1331/1331/1331
f 1333/1333/1333 1197/1197/1197 1327/1327/1327
f 1336/1336/1336 1201/1201/1201 1330/1330/1330
f 1334/1334/1334 1199/1199/1199 1341/1341/1341
f 1338/1338/1338 1203/1203/1203 1345/1345/1345
f 1342/1342/1342 1207/1207/1207 1348/1348/1348
f 1351/1351/1351 1214/1214/1214 1344/1344/1344
f 1345/1345/1345 1209/1209/1209 1352/1352/1352
f 1358/1358/1358 1223/1223/1223 1350/1350/1350
f 1356/1356/1356 1220/1220/1220 1363/1363/1363
f 1365/1365/1365 1232/1232/1232 1357/1357/1357
f 1376/1376/1376 1241/1241/1241 1364/1364/1364
f 1380/1380/1380 1244/1244/1244 1370/1370/1370
f 1373/1373/1373 1238/1238/1238 1382/1382/1382
f 1385/1385/1385 1250/1250/1250 1375/1375/1375
f 1390/1390/1390 1255/1255/1255 1406/1406/1406
f 1411/1411/1411 1276/1276/1276 1402/1402/1402
f 1404/1404/1404 1269/1269/1269 1413/1413/1413
f 1418/1418/1418 1281/1281/1281 1427/1427/1427
f 1428/1428/1428 1289/1289/1289 1419/1419/1419
f 1426/1426/1426 1287/1287/1287 1434/1434/1434
f 1439/1439/1439 1297/1297/1297 1432/1432/1432
f 1434/1434/1434 1292/1292/1292 1441/1441/1441
f 1438/1438/1438 1296/1296/1296 1445/1445/1445
f 1446/1446/1446 1304/1304/1304 1439/1439/1439
f 1460/1460/1460 1316/1316/1316 1451/1451/1451
f 1463/1463/1463 1318/1318/1318 1454/1454/1454
f 1458/1458/1458 1314/1314/1314 1466/1466/1466
f 1467/1467/1467 1323/1323/1323 1459/1459/1459
f 1461/1461/1461 1317/1317/1317 1469/1469/1469
f 1470/1470/1470 1325/1325/1325 1477/1477/1477
f 1474/1474/1474 1328/1328/1328 1482/1482/1482
f 1477/1477/1477 1331/1331/1331 1485/1485/1485
f 1488/1488/1488 1340/1340/1340 1479/1479/1479
f 1493/1493/1493 1344/1344/1344 1483/1483/1483
f 1496/1496/1496 1346/1346/1346 1487/1487/1487
f 1492/1492/1492 1343/1343/1343 1499/1499/1499
f 1504/1504/1504 1353/1353/1353 1496/1496/1496
f 1512/1512/1512 1362/1362/1362 1504/1504/1504
f 1517/1517/1517 1366/1366/1366 1508/1508/1508
f 1514/1514/1514 1363/1363/1363 1522/1522/1522
f 1526/1526/1526 1377/1377/1377 1516/1516/1516
f 1531/1531/1531 1381/1381/1381 1520/1520/1520
f 1523/1523/1523 1374/1374/1374 1532/1532/1532
f 1534/1534/1534 1385/1385/1385 1524/1524/1524
f 1538/1538/1538 1388/1388/1388 1530/1530/1530
f 1545/1545/1545 1389/1389/1389 1563/1563/1563
f 1554/1554/1554 1396/1396/1396 1569/1569/1569
f 1568/1568/1568 1409/1409/1409 1576/1576/1576
f 1577/1577/1577 1419/1419/1419 1570/1570/1570
f 1571/1571/1571 1412/1412/1412 1578/1578/1578
f 1575/1575/1575 1417/1417/1417 1582/1582/1582
f 1595/1595/1595 1451/1451/1451 1591/1591/1591
f 1602/1602/1602 1460/1460/1460 1595/1595/1595
f 1605/1605/1605 1464/1464/1464 1598/1598/1598
f 1609/1609/1609 1468/1468/1468 1602/1602/1602
f 1611/1611/1611 1470/1470/1470 1617/1617/1617
f 1631/1631/1631 1497/1497/1497 1624/1624/1624
f 1636/1636/1636 1501/1501/1501 1628/1628/1628
f 1639/1639/1639 1505/1505/1505 1631/1631/1631
f 1634/1634/1634 1498/1498/1498 1642/1642/1642
f 1644/1644/1644 1508/1508/1508 1635/1635/1635
f 1647/1647/1647 1512/1512/1512 1638/1638/1638
f 1659/1659/1659 1521/1521/1521 1647/1647/1647
f 1665/1665/1665 1525/1525/1525 1653/1653/1653
f 1668/1668/1668 1531/1531/1531 1658/1658/1658
f 1663/1663/1663 1523/1523/1523 1671/1671/1671
f 1672/1672/1672 1534/1534/1534 1664/1664/1664
f 1678/1678/1678 1539/1539/1539 1668/1668/1668
f 1683/1683/1683 1542/1542/1542 1672/1672/1672
f 1686/1686/1686 1544/1544/1544 1677/1677/1677
f 1700/1700/1700 1553/1553/1553 1715/1715/1715
f 1716/1716/1716 1570/1570/1570 1707/1707/1707
f 1708/1708/1708 1561/1561/1561 1718/1718/1718
f 1714/1714/1714 1567/1567/1567 1722/1722/1722
f 1718/1718/1718 1571/1571/1571 1725/1725/1725
f 1726/1726/1726 1579/1579/1579 1730/1730/1730
f 1730/1730/1730 1585/1585/1585 1733/1733/1733
f 1737/1737/1737 1594/1594/1594 1734/1734/1734
f 1742/1742/1742 1602/1602/1602 1738/1738/1738
f 1740/1740/1740 1596/1596/1596 1743/1743/1743
f 1746/1746/1746 1610/1610/1610 1748/1748/1748
f 1755/1755/1755 1636/1636/1636 1751/1751/1751
f 1761/1761/1761 1644/1644/1644 1754/1754/1754
f 1757/1757/1757 1637/1637/1637 1762/1762/1762
f 1764/1764/1764 1649/1649/1649 1758/1758/1758
f 1772/1772/1772 1660/1660/1660 1763/1763/1763
f 1781/1781/1781 1669/1669/1669 1771/1771/1771
f 1780/1780/1780 1667/1667/1667 1789/1789/1789
f 1798/1798/1798 1683/1683/1683 1787/1787/1787
f 1803/1803/1803 1688/1688/1688 1791/1791/1791
f 1807/1807/1807 1689/1689/1689 1830/1830/1830
f 1829/1829/1829 1709/1709/1709 1835/1835/1835
f 1839/1839/1839 1726/1726/1726 1843/1843/1843
f 1842/1842/1842 1729/1729/1729 1846/1846/1846
f 1847/1847/1847 1734/1734/1734 1844/1844/1844
f 1846/1846/1846 1732/1732/1732 1848/1848/1848
f 1859/1859/1859 1745/1745/1745 1854/1854/1854
f 1857/1857/1857 1743/1743/1743 1860/1860/1860
f 1861/1861/1861 1747/1747/1747 1858/1858/1858
f 1864/1864/1864 1749/1749/1749 1861/1861/1861
f 1863/1863/1863 1748/1748/1748 1866/1866/1866
f 1866/1866/1866 1750/1750/1750 1868/1868/1868
f 1870/1870/1870 1755/1755/1755 1867/1867/1867
f 1874/1874/1874 1761/1761/1761 1869/1869/1869
f 1878/1878/1878 1768/1768/1768 1873/1873/1873
f 1889/1889/1889 1783/1783/1783 1882/1882/1882
f 1895/1895/1895 1792/1792/1792 1888/1888/1888
f 1902/1902/1902 1798/1798/1798 1892/1892/1892
f 1909/1909/1909 1805/1805/1805 1896/1896/1896
f 1920/1920/1920 1806/1806/1806 1944/1944/1944
f 1949/1949/1949 1836/1836/1836 1945/1945/1945
f 1947/1947/1947 1833/1833/1833 1952/1952/1952
f 1957/1957/1957 1844/1844/1844 1953/1953/1953
f 1962/1962/1962 1847/1847/1847 1957/1957/1957
f 1966/1966/1966 1849/1849/1849 1962/1962/1962
f 1965/1965/1965 1848/1848/1848 1969/1969/1969
f 1968/1968/1968 1850/1850/1850 1972/1972/1972
f 1978/1978/1978 1862/1862/1862 1975/1975/1975
f 1982/1982/1982 1865/1865/1865 1978/1978/1978
f 1985/1985/1985 1867/1867/1867 1981/1981/1981
f 1984/1984/1984 1866/1866/1866 1986/1986/1986
f 1986/1986/1986 1868/1868/1868 1988/1988/1988
f 1991/1991/1991 1875/1875/1875 1987/1987/1987
f 1995/1995/1995 1879/1879/1879 1990/1990/1990
f 2000/2000/2000 1885/1885/1885 1993/1993/1993
f 1998/1998/1998 1881/1881/1881 2003/2003/2003
f 2006/2006/2006 1892/1892/1892 1999/1999/1999
f 2004/2004/2004 1887/1887/1887 2008/2008/2008
f 2009/2009/2009 1894/1894/1894 2015/2015/2015
f 2020/2020/2020 1912/1912/1912 2011/2011/2011
f 2027/2027/2027 1919/1919/1919 2019/2019/2019
f 2033/2033/2033 1920/1920/1920 2057/2057/2057
f 2074/2074/2074 1952/1952/1952 2081/2081/2081
f 2083/2083/2083 1959/1959/1959 2075/2075/2075
f 2081/2081/2081 1956/1956/1956 2089/2089/2089
f 2090/2090/2090 1963/1963/1963 2082/2082/2082
f 2098/2098/2098 1964/1964/1964 2107/2107/2107
f 2113/2113/2113 1975/1975/1975 2108/2108/2108
f 2117/2117/2117 1978/1978/1978 2113/2113/2113
f 2116/2116/2116 1976/1976/1976 2119/2119/2119
f 2119/2119/2119 1979/1979/1979 2123/2123/2123
f 2125/2125/2125 1985/1985/1985 2121/2121/2121
f 2128/2128/2128 1987/1987/1987 2125/2125/2125
f 2137/2137/2137 1996/1996/1996 2133/2133/2133
f 2135/2135/2135 1992/1992/1992 2138/2138/2138
f 2142/2142/2142 2002/2002/2002 2136/2136/2136
f 2139/2139/2139 1998/1998/1998 2143/2143/2143
f 2147/2147/2147 2007/2007/2007 2140/2140/2140
f 2145/2145/2145 2005/2005/2005 2148/2148/2148
f 2154/2154/2154 2014/2014/2014 2146/2146/2146
f 2149/2149/2149 2010/2010/2010 2155/2155/2155
f 2156/2156/2156 2017/2017/2017 2162/2162/2162
f 2168/2168/2168 2028/2028/2028 2191/2191/2191
f 2173/2173/2173 2032/2032/2032 2200/2200/2200
f 2209/2209/2209 2074/2074/2074 2211/2211/2211
f 2211/2211/2211 2081/2081/2081 2212/2212/2212
f 2212/2212/2212 2089/2089/2089 2214/2214/2214
f 2223/2223/2223 2110/2110/2110 2215/2215/2215
f 2230/2230/2230 2114/2114/2114 2222/2222/2222
f 2235/2235/2235 2118/2118/2118 2230/2230/2230
f 2233/2233/2233 2116/2116/2116 2236/2236/2236
f 2238/2238/2238 2122/2122/2122 2234/2234/2234
f 2237/2237/2237 2120/2120/2120 2241/2241/2241
f 2242/2242/2242 2126/2126/2126 2238/2238/2238
f 2246/2246/2246 2129/2129/2129 2242/2242/2242
f 2244/2244/2244 2127/2127/2127 2247/2247/2247
f 2260/2260/2260 2142/2142/2142 2252/2252/2252
f 2269/2269/2269 2147/2147/2147 2258/2258/2258
f 2273/2273/2273 2149/2149/2149 2283/2283/2283
f 2284/2284/2284 2156/2156/2156 2291/2291/2291
f 2300/2300/2300 2173/2173/2173 2326/2326/2326
f 2326/2326/2326 2200/2200/2200 2332/2332/2332
f 2339/2339/2339 2212/2212/2212 2340/2340/2340
f 2352/2352/2352 2231/2231/2231 2344/2344/2344
f 2350/2350/2350 2229/2229/2229 2358/2358/2358
f 2359/2359/2359 2235/2235/2235 2351/2351/2351
f 2358/2358/2358 2233/2233/2233 2360/2360/2360
f 2362/2362/2362 2239/2239/2239 2359/2359/2359
f 2364/2364/2364 2242/2242/2242 2361/2361/2361
f 2377/2377/2377 2249/2249/2249 2369/2369/2369
f 2372/2372/2372 2247/2247/2247 2378/2378/2378
f 2384/2384/2384 2252/2252/2252 2376/2376/2376
f 2395/2395/2395 2260/2260/2260 2384/2384/2384
f 2391/2391/2391 2257/2257/2257 2401/2401/2401
f 2404/2404/2404 2269/2269/2269 2393/2393/2393
f 2419/2419/2419 2282/2282/2282 2403/2403/2403
f 2426/2426/2426 2285/2285/2285 2412/2412/2412
f 2413/2413/2413 2276/2276/2276 2427/2427/2427
f 2431/2431/2431 2290/2290/2290 2416/2416/2416
f 2440/2440/2440 2295/2295/2295 2460/2460/2460
f 2470/2470/2470 2327/2327/2327 2453/2453/2453
f 2468/2468/2468 2326/2326/2326 2475/2475/2475
f 2477/2477/2477 2333/2333/2333 2471/2471/2471
f 2481/2481/2481 2336/2336/2336 2487/2487/2487
f 2487/2487/2487 2338/2338/2338 2491/2491/2491
f 2495/2495/2495 2343/2343/2343 2497/2497/2497
f 2506/2506/2506 2359/2359/2359 2498/2498/2498
f 2508/2508/2508 2360/2360/2360 2513/2513/2513
f 2513/2513/2513 2363/2363/2363 2518/2518/2518
f 2524/2524/2524 2370/2370/2370 2517/2517/2517
f 2521/2521/2521 2368/2368/2368 2529/2529/2529
f 2530/2530/2530 2375/2375/2375 2538/2538/2538
f 2542/2542/2542 2385/2385/2385 2532/2532/2532
f 2534/2534/2534 2379/2379/2379 2544/2544/2544
f 2538/2538/2538 2383/2383/2383 2547/2547/2547
f 2551/2551/2551 2395/2395/2395 2541/2541/2541
f 2544/2544/2544 2386/2386/2386 2553/2553/2553
f 2548/2548/2548 2392/2392/2392 2557/2557/2557
f 2561/2561/2561 2405/2405/2405 2550/2550/2550
f 2570/2570/2570 2420/2420/2420 2560/2560/2560
f 2566/2566/2566 2415/2415/2415 2575/2575/2575
f 2580/2580/2580 2434/2434/2434 2569/2569/2569
f 2583/2583/2583 2439/2439/2439 2601/2601/2601
f 2613/2613/2613 2470/2470/2470 2596/2596/2596
f 2617/2617/2617 2476/2476/2476 2613/2613/2613
f 2616/2616/2616 2475/2475/2475 2622/2622/2622
f 2624/2624/2624 2483/2483/2483 2618/2618/2618
f 2621/2621/2621 2481/2481/2481 2627/2627/2627
f 2629/2629/2629 2488/2488/2488 2624/2624/2624
f 2627/2627/2627 2487/2487/2487 2633/2633/2633
f 2633/2633/2633 2491/2491/2491 2637/2637/2637
f 2662/2662/2662 2507/2507/2507 2651/2651/2651
f 2671/2671/2671 2512/2512/2512 2661/2661/2661
f 2664/2664/2664 2508/2508/2508 2672/2672/2672
f 2668/2668/2668 2510/2510/2510 2676/2676/2676
f 2672/2672/2672 2513/2513/2513 2679/2679/2679
f 2685/2685/2685 2524/2524/2524 2678/2678/2678
f 2682/2682/2682 2522/2522/2522 2690/2690/2690
f 2693/2693/2693 2532/2532/2532 2684/2684/2684
f 2691/2691/2691 2531/2531/2531 2697/2697/2697
f 2698/2698/2698 2540/2540/2540 2703/2703/2703
f 2707/2707/2707 2552/2552/2552 2699/2699/2699
f 2703/2703/2703 2549/2549/2549 2712/2712/2712
f 2717/2717/2717 2562/2562/2562 2706/2706/2706
f 2709/2709/2709 2554/2554/2554 2718/2718/2718
f 2713/2713/2713 2559/2559/2559 2723/2723/2723
f 2729/2729/2729 2573/2573/2573 2737/2737/2737
f 2738/2738/2738 2582/2582/2582 2730/2730/2730
f 2760/2760/2760 2603/2603/2603 2746/2746/2746
f 2747/2747/2747 2589/2589/2589 2768/2768/2768
f 2769/2769/2769 2612/2612/2612 2753/2753/2753
f 2754/2754/2754 2597/2597/2597 2771/2771/2771
f 2774/2774/2774 2617/2617/2617 2770/2770/2770
f 2772/2772/2772 2616/2616/2616 2778/2778/2778
f 2779/2779/2779 2623/2623/2623 2774/2774/2774
f 2783/2783/2783 2628/2628/2628 2779/2779/2779
f 2782/2782/2782 2627/2627/2627 2787/2787/2787
f 2789/2789/2789 2634/2634/2634 2784/2784/2784
f 2785/2785/2785 2631/2631/2631 2790/2790/2790
f 2787/2787/2787 2633/2633/2633 2792/2792/2792
f 2793/2793/2793 2638/2638/2638 2789/2789/2789
f 2792/2792/2792 2637/2637/2637 2796/2796/2796
f 2796/2796/2796 2641/2641/2641 2800/2800/2800
f 2798/2798/2798 2645/2645/2645 2802/2802/2802
f 2802/2802/2802 2650/2650/2650 2811/2811/2811
f 2813/2813/2813 2662/2662/2662 2804/2804/2804
f 2811/2811/2811 2660/2660/2660 2818/2818/2818
f 2819/2819/2819 2669/2669/2669 2825/2825/2825
f 2826/2826/2826 2678/2678/2678 2820/2820/2820
f 2823/2823/2823 2672/2672/2672 2827/2827/2827
f 2825/2825/2825 2677/2677/2677 2829/2829/2829
f 2827/2827/2827 2679/2679/2679 2832/2832/2832
f 2835/2835/2835 2689/2689/2689 2828/2828/2828
f 2829/2829/2829 2683/2683/2683 2836/2836/2836
f 2838/2838/2838 2693/2693/2693 2830/2830/2830
f 2833/2833/2833 2687/2687/2687 2839/2839/2839
f 2837/2837/2837 2692/2692/2692 2843/2843/2843
f 2844/2844/2844 2699/2699/2699 2838/2838/2838
f 2847/2847/2847 2702/2702/2702 2840/2840/2840
f 2843/2843/2843 2698/2698/2698 2848/2848/2848
f 2857/2857/2857 2711/2711/2711 2847/2847/2847
f 2849/2849/2849 2704/2704/2704 2858/2858/2858
f 2867/2867/2867 2720/2720/2720 2856/2856/2856
f 2858/2858/2858 2713/2713/2713 2870/2870/2870
f 2865/2865/2865 2719/2719/2719 2874/2874/2874
f 2869/2869/2869 2722/2722/2722 2877/2877/2877
f 2875/2875/2875 2728/2728/2728 2880/2880/2880
f 2885/2885/2885 2742/2742/2742 2902/2902/2902
f 2903/2903/2903 2760/2760/2760 2889/2889/2889
f 2915/2915/2915 2771/2771/2771 2921/2921/2921
f 2916/2916/2916 2772/2772/2772 2923/2923/2923
f 2924/2924/2924 2779/2779/2779 2918/2918/2918
f 2920/2920/2920 2775/2775/2775 2927/2927/2927
f 2922/2922/2922 2777/2777/2777 2928/2928/2928
f 2926/2926/2926 2780/2780/2780 2932/2932/2932
f 2934/2934/2934 2788/2788/2788 2929/2929/2929
f 2932/2932/2932 2785/2785/2785 2937/2937/2937
f 2941/2941/2941 2793/2793/2793 2935/2935/2935
f 2940/2940/2940 2792/2792/2792 2946/2946/2946
f 2947/2947/2947 2797/2797/2797 2941/2941/2941
f 2946/2946/2946 2796/2796/2796 2951/2951/2951
f 2950/2950/2950 2799/2799/2799 2955/2955/2955
f 2951/2951/2951 2800/2800/2800 2962/2962/2962
f 2954/2954/2954 2802/2802/2802 2965/2965/2965
f 2962/2962/2962 2809/2809/2809 2969/2969/2969
f 2971/2971/2971 2817/2817/2817 2963/2963/2963
f 2979/2979/2979 2824/2824/2824 2970/2970/2970
f 2986/2986/2986 2828/2828/2828 2979/2979/2979
f 2989/2989/2989 2829/2829/2829 2995/2995/2995
f 2993/2993/2993 2833/2833/2833 2997/2997/2997
f 2999/2999/2999 2841/2841/2841 2994/2994/2994
f 3002/3002/3002 2844/2844/2844 2996/2996/2996
f 2997/2997/2997 2839/2839/2839 3003/3003/3003
f 3003/3003/3003 2845/2845/2845 3012/3012/3012
f 3026/3026/3026 2868/2868/2868 3014/3014/3014
f 3016/3016/3016 2858/2858/2858 3028/3028/3028
f 3034/3034/3034 2876/2876/2876 3025/3025/3025
f 3027/3027/3027 2869/2869/2869 3036/3036/3036
f 3033/3033/3033 2875/2875/2875 3038/3038/3038
f 3042/3042/3042 2884/2884/2884 3037/3037/3037
f 3043/3043/3043 2885/2885/2885 3063/3063/3063
f 3064/3064/3064 2903/2903/2903 3047/3047/3047
f 3058/3058/3058 2897/2897/2897 3079/3079/3079
f 3078/3078/3078 2914/2914/2914 3086/3086/3086
f 3081/3081/3081 2916/2916/2916 3088/3088/3088
f 3085/3085/3085 2919/2919/2919 3092/3092/3092
f 3087/3087/3087 2922/2922/2922 3093/3093/3093
f 3092/3092/3092 2926/2926/2926 3096/3096/3096
f 3097/3097/3097 2933/2933/2933 3101/3101/3101
f 3102/3102/3102 2941/2941/2941 3098/3098/3098
f 3100/3100/3100 2939/2939/2939 3105/3105/3105
f 3109/3109/3109 2949/2949/2949 3112/3112/3112
f 3119/3119/3119 2962/2962/2962 3122/3122/3122
f 3129/3129/3129 2980/2980/2980 3123/3123/3123
f 3137/3137/3137 2987/2987/2987 3129/3129/3129
f 3135/3135/3135 2985/2985/2985 3143/3143/3143
f 3145/3145/3145 2994/2994/2994 3136/3136/3136
f 3153/3153/3153 2999/2999/2999 3145/3145/3145
f 3151/3151/3151 2997/2997/2997 3159/3159/3159
f 3161/3161/3161 3005/3005/3005 3152/3152/3152
f 3160/3160/3160 3004/3004/3004 3168/3168/3168
f 3170/3170/3170 3014/3014/3014 3161/3161/3161
f 3168/3168/3168 3013/3013/3013 3177/3177/3177
f 3173/3173/3173 3015/3015/3015 3183/3183/3183
f 3186/3186/3186 3031/3031/3031 3174/3174/3174
f 3179/3179/3179 3023/3023/3023 3188/3188/3188
f 3191/3191/3191 3035/3035/3035 3181/3181/3181
f 3189/3189/3189 3033/3033/3033 3196/3196/3196
f 3197/3197/3197 3039/3039/3039 3190/3190/3190
f 3193/3193/3193 3036/3036/3036 3198/3198/3198
f 3225/3225/3225 3064/3064/3064 3205/3205/3205
f 3206/3206/3206 3048/3048/3048 3233/3233/3233
f 3216/3216/3216 3056/3056/3056 3237/3237/3237
f 3232/3232/3232 3071/3071/3071 3239/3239/3239
f 3238/3238/3238 3080/3080/3080 3240/3240/3240
f 3242/3242/3242 3097/3097/3097 3243/3243/3243
f 3257/3257/3257 3119/3119/3119 3260/3260/3260
f 3274/3274/3274 3150/3150/3150 3267/3267/3267
f 3278/3278/3278 3154/3154/3154 3270/3270/3270
f 3275/3275/3275 3151/3151/3151 3284/3284/3284
f 3286/3286/3286 3162/3162/3162 3277/3277/3277
f 3285/3285/3285 3160/3160/3160 3293/3293/3293
f 3298/3298/3298 3171/3171/3171 3286/3286/3286
f 3307/3307/3307 3176/3176/3176 3291/3291/3291
f 3294/3294/3294 3169/3169/3169 3308/3308/3308
f 3312/3312/3312 3181/3181/3181 3297/3297/3297
f 3303/3303/3303 3173/3173/3173 3318/3318/3318
f 3310/3310/3310 3180/3180/3180 3324/3324/3324
f 3326/3326/3326 3191/3191/3191 3312/3312/3312
f 3360/3360/3360 3224/3224/3224 3340/3340/3340
f 3341/3341/3341 3206/3206/3206 3369/3369/3369
f 3378/3378/3378 3238/3238/3238 3385/3385/3385
f 3389/3389/3389 3241/3241/3241 3390/3390/3390
f 3390/3390/3390 3242/3242/3242 3391/3391/3391
f 3391/3391/3391 3243/3243/3243 3397/3397/3397
f 3397/3397/3397 3244/3244/3244 3404/3404/3404
f 3404/3404/3404 3250/3250/3250 3408/3408/3408
f 3408/3408/3408 3257/3257/3257 3411/3411/3411
f 3418/3418/3418 3267/3267/3267 3415/3415/3415
f 3420/3420/3420 3269/3269/3269 3423/3423/3423
f 3424/3424/3424 3276/3276/3276 3427/3427/3427
f 3427/3427/3427 3285/3285/3285 3434/3434/3434
f 3438/3438/3438 3299/3299/3299 3429/3429/3429
f 3437/3437/3437 3296/3296/3296 3445/3445/3445
f 3440/3440/3440 3301/3301/3301 3449/3449/3449
f 3446/3446/3446 3311/3311/3311 3453/3453/3453
f 3456/3456/3456 3328/3328/3328 3447/3447/3447
f 3484/3484/3484 3359/3359/3359 3464/3464/3464
f 3491/3491/3491 3371/3371/3371 3486/3486/3486
f 3508/3508/3508 3386/3386/3386 3499/3499/3499
f 3505/3505/3505 3385/3385/3385 3516/3516/3516
f 3525/3525/3525 3390/3390/3390 3532/3532/3532
f 3540/3540/3540 3397/3397/3397 3544/3544/3544
f 3544/3544/3544 3404/3404/3404 3547/3547/3547
f 3547/3547/3547 3408/3408/3408 3550/3550/3550
f 3550/3550/3550 3411/3411/3411 3553/3553/3553
f 3560/3560/3560 3420/3420/3420 3565/3565/3565
f 3566/3566/3566 3424/3424/3424 3570/3570/3570
f 3571/3571/3571 3428/3428/3428 3574/3574/3574
f 3576/3576/3576 3437/3437/3437 3580/3580/3580
f 3584/3584/3584 3452/3452/3452 3577/3577/3577
f 3594/3594/3594 3461/3461/3461 3582/3582/3582
f 3620/3620/3620 3489/3489/3489 3617/3617/3617
f 3618/3618/3618 3487/3487/3487 3622/3622/3622
f 3624/3624/3624 3498/3498/3498 3621/3621/3621
f 3627/3627/3627 3507/3507/3507 3624/3624/3624
f 3625/3625/3625 3505/3505/3505 3630/3630/3630
f 3632/3632/3632 3517/3517/3517 3628/3628/3628
f 3637/3637/3637 3526/3526/3526 3633/3633/3633
f 3646/3646/3646 3547/3547/3547 3649/3649/3649
f 3649/3649/3649 3550/3550/3550 3653/3653/3653
f 3656/3656/3656 3554/3554/3554 3652/3652/3652
f 3653/3653/3653 3553/3553/3553 3657/3657/3657
f 3658/3658/3658 3556/3556/3556 3661/3661/3661
f 3663/3663/3663 3561/3561/3561 3667/3667/3667
f 3670/3670/3670 3571/3571/3571 3674/3674/3674
f 3685/3685/3685 3585/3585/3585 3678/3678/3678
f 3681/3681/3681 3581/3581/3581 3686/3686/3686
f 3698/3698/3698 3597/3597/3597 3689/3689/3689
f 3701/3701/3701 3598/3598/3598 3722/3722/3722
f 3724/3724/3724 3620/3620/3620 3720/3720/3720
f 3721/3721/3721 3618/3618/3618 3726/3726/3726
f 3727/3727/3727 3623/3623/3623 3724/3724/3724
f 3726/3726/3726 3622/3622/3622 3730/3730/3730
f 3731/3731/3731 3627/3627/3627 3728/3728/3728
f 3729/3729/3729 3625/3625/3625 3733/3733/3733
f 3734/3734/3734 3631/3631/3631 3731/3731/3731
f 3739/3739/3739 3636/3636/3636 3735/3735/3735
f 3737/3737/3737 3635/3635/3635 3740/3740/3740
f 3745/3745/3745 3642/3642/3642 3742/3742/3742
f 3746/3746/3746 3643/3643/3643 3749/3749/3749
f 3749/3749/3749 3646/3646/3646 3753/3753/3753
f 3754/3754/3754 3650/3650/3650 3757/3757/3757
f 3757/3757/3757 3654/3654/3654 3759/3759/3759
f 3759/3759/3759 3658/3658/3658 3763/3763/3763
f 3764/3764/3764 3662/3662/3662 3767/3767/3767
f 3806/3806/3806 3700/3700/3700 3826/3826/3826
f 3831/3831/3831 3723/3723/3723 3825/3825/3825
f 3826/3826/3826 3721/3721/3721 3834/3834/3834
f 3836/3836/3836 3727/3727/3727 3832/3832/3832
f 3833/3833/3833 3725/3725/3725 3838/3838/3838
f 3840/3840/3840 3731/3731/3731 3837/3837/3837
f 3843/3843/3843 3734/3734/3734 3840/3840/3840
f 3841/3841/3841 3733/3733/3733 3844/3844/3844
f 3845/3845/3845 3738/3738/3738 3843/3843/3843
f 3844/3844/3844 3737/3737/3737 3846/3846/3846
f 3850/3850/3850 3746/3746/3746 3853/3853/3853
f 3854/3854/3854 3750/3750/3750 3857/3857/3857
f 3864/3864/3864 3758/3758/3758 3860/3860/3860
f 3861/3861/3861 3757/3757/3757 3865/3865/3865
f 3866/3866/3866 3760/3760/3760 3871/3871/3871
f 3871/3871/3871 3764/3764/3764 3876/3876/3876
f 3926/3926/3926 3806/3806/3806 3944/3944/3944
f 3946/3946/3946 3827/3827/3827 3935/3935/3935
f 3952/3952/3952 3831/3831/3831 3943/3943/3943
f 3944/3944/3944 3826/3826/3826 3954/3954/3954
f 3960/3960/3960 3835/3835/3835 3952/3952/3952
f 3953/3953/3953 3833/3833/3833 3962/3962/3962
f 3966/3966/3966 3839/3839/3839 3961/3961/3961
f 3972/3972/3972 3842/3842/3842 3966/3966/3966
f 3968/3968/3968 3841/3841/3841 3975/3975/3975
f 3980/3980/3980 3845/3845/3845 3973/3973/3973
f 3981/3981/3981 3846/3846/3846 3987/3987/3987
f 3987/3987/3987 3848/3848/3848 3993/3993/3993
f 3994/3994/3994 3851/3851/3851 3999/3999/3999
f 4003/4003/4003 3856/3856/3856 3998/3998/3998
f 4005/4005/4005 3858/3858/3858 4012/4012/4012
f 4020/4020/4020 3868/3868/3868 4027/4027/4027
f 4028/4028/4028 3874/3874/3874 4035/4035/4035
f 4039/4039/4039 3883/3883/3883 4030/4030/4030
f 4045/4045/4045 3889/3889/3889 4055/4055/4055
f 4060/4060/4060 3904/3904/3904 4048/4048/4048
f 4063/4063/4063 3908/3908/3908 4053/4053/4053
f 4073/4073/4073 3926/3926/3926 4088/4088/4088
f 4089/4089/4089 3945/3945/3945 4081/4081/4081
f 4088/4088/4088 3944/3944/3944 4095/4095/4095
f 4096/4096/4096 3955/3955/3955 4090/4090/4090
f 4101/4101/4101 3960/3960/3960 4093/4093/4093
f 4106/4106/4106 3963/3963/3963 4097/4097/4097
f 4111/4111/4111 3966/3966/3966 4102/4102/4102
f 4104/4104/4104 3962/3962/3962 4113/4113/4113
f 4116/4116/4116 3970/3970/3970 4107/4107/4107
f 4112/4112/4112 3967/3967/3967 4121/4121/4121
f 4117/4117/4117 3971/3971/3971 4125/4125/4125
f 4126/4126/4126 3979/3979/3979 4119/4119/4119
f 4125/4125/4125 3978/3978/3978 4133/4133/4133
f 4138/4138/4138 3989/3989/3989 4132/4132/4132
f 4136/4136/4136 3988/3988/3988 4144/4144/4144
f 4144/4144/4144 3994/3994/3994 4151/4151/4151
f 4151/4151/4151 3999/3999/3999 4158/4158/4158
f 4165/4165/4165 4010/4010/4010 4157/4157/4157
f 4161/4161/4161 4007/4007/4007 4169/4169/4169
f 4169/4169/4169 4014/4014/4014 4175/4175/4175
f 4178/4178/4178 4022/4022/4022 4171/4171/4171
f 4176/4176/4176 4021/4021/4021 4182/4182/4182
f 4186/4186/4186 4030/4030/4030 4178/4178/4178
f 4183/4183/4183 4029/4029/4029 4191/4191/4191
f 4192/4192/4192 4037/4037/4037 4200/4200/4200
f 4200/4200/4200 4047/4047/4047 4210/4210/4210
f 4221/4221/4221 4067/4067/4067 4217/4217/4217
f 4225/4225/4225 4072/4072/4072 4221/4221/4221
f 4235/4235/4235 4082/4082/4082 4244/4244/4244
f 4245/4245/4245 4093/4093/4093 4240/4240/4240
f 4246/4246/4246 4094/4094/4094 4253/4253/4253
f 4254/4254/4254 4105/4105/4105 4248/4248/4248
f 4256/4256/4256 4110/4110/4110 4251/4251/4251
f 4252/4252/4252 4103/4103/4103 4258/4258/4258
f 4259/4259/4259 4114/4114/4114 4254/4254/4254
f 4263/4263/4263 4119/4119/4119 4257/4257/4257
f 4258/4258/4258 4112/4112/4112 4265/4265/4265
f 4267/4267/4267 4124/4124/4124 4260/4260/4260
f 4276/4276/4276 4134/4134/4134 4270/4270/4270
f 4278/4278/4278 4137/4137/4137 4273/4273/4273
f 4274/4274/4274 4133/4133/4133 4280/4280/4280
f 4287/4287/4287 4148/4148/4148 4292/4292/4292
f 4293/4293/4293 4156/4156/4156 4288/4288/4288
f 4290/4290/4290 4151/4151/4151 4295/4295/4295
f 4299/4299/4299 4164/4164/4164 4293/4293/4293
f 4295/4295/4295 4158/4158/4158 4300/4300/4300
f 4297/4297/4297 4162/4162/4162 4302/4302/4302
f 4303/4303/4303 4171/4171/4171 4298/4298/4298
f 4300/4300/4300 4166/4166/4166 4305/4305/4305
f 4302/4302/4302 4170/4170/4170 4307/4307/4307
f 4309/4309/4309 4178/4178/4178 4303/4303/4303
f 4314/4314/4314 4184/4184/4184 4323/4323/4323
f 4319/4319/4319 4188/4188/4188 4327/4327/4327
f 4323/4323/4323 4192/4192/4192 4331/4331/4331
f 4328/4328/4328 4197/4197/4197 4335/4335/4335
f 4332/4332/4332 4201/4201/4201 4340/4340/4340
f 4337/4337/4337 4207/4207/4207 4342/4342/4342
f 4343/4343/4343 4215/4215/4215 4346/4346/4346
f 4347/4347/4347 4219/4219/4219 4349/4349/4349
f 4352/4352/4352 4226/4226/4226 4369/4369/4369
f 4375/4375/4375 4245/4245/4245 4367/4367/4367
f 4373/4373/4373 4244/4244/4244 4382/4382/4382
f 4377/4377/4377 4246/4246/4246 4385/4385/4385
f 4386/4386/4386 4254/4254/4254 4379/4379/4379
f 4384/4384/4384 4252/4252/4252 4392/4392/4392
f 4389/4389/4389 4255/4255/4255 4396/4396/4396
f 4397/4397/4397 4263/4263/4263 4391/4391/4391
f 4400/4400/4400 4266/4266/4266 4393/4393/4393
f 4409/4409/4409 4273/4273/4273 4400/4400/4400
f 4428/4428/4428 4288/4288/4288 4420/4420/4420
f 4431/4431/4431 4291/4291/4291 4423/4423/4423
f 4436/4436/4436 4293/4293/4293 4428/4428/4428
f 4429/4429/4429 4289/4289/4289 4437/4437/4437
f 4439/4439/4439 4296/4296/4296 4431/4431/4431
f 4434/4434/4434 4292/4292/4292 4442/4442/4442
f 4445/4445/4445 4300/4300/4300 4452/4452/4452
f 4454/4454/4454 4306/4306/4306 4446/4446/4446
f 4460/4460/4460 4309/4309/4309 4450/4450/4450
f 4452/4452/4452 4305/4305/4305 4461/4461/4461
f 4463/4463/4463 4312/4312/4312 4454/4454/4454
f 4462/4462/4462 4311/4311/4311 4470/4470/4470
f 4470/4470/4470 4319/4319/4319 4478/4478/4478
f 4482/4482/4482 4330/4330/4330 4472/4472/4472
f 4479/4479/4479 4328/4328/4328 4486/4486/4486
f 4484/4484/4484 4332/4332/4332 4491/4491/4491
f 4488/4488/4488 4337/4337/4337 4493/4493/4493
f 4512/4512/4512 4362/4362/4362 4523/4523/4523
f 4525/4525/4525 4374/4374/4374 4516/4516/4516
f 4518/4518/4518 4368/4368/4368 4528/4528/4528
f 4522/4522/4522 4372/4372/4372 4533/4533/4533
f 4534/4534/4534 4383/4383/4383 4526/4526/4526
f 4527/4527/4527 4376/4376/4376 4535/4535/4535
f 4533/4533/4533 4381/4381/4381 4539/4539/4539
f 4540/4540/4540 4390/4390/4390 4534/4534/4534
f 4535/4535/4535 4384/4384/4384 4542/4542/4542
f 4543/4543/4543 4394/4394/4394 4536/4536/4536
f 4538/4538/4538 4388/4388/4388 4545/4545/4545
f 4547/4547/4547 4397/4397/4397 4541/4541/4541
f 4550/4550/4550 4401/4401/4401 4543/4543/4543
f 4545/4545/4545 4395/4395/4395 4552/4552/4552
f 4554/4554/4554 4405/4405/4405 4547/4547/4547
f 4551/4551/4551 4402/4402/4402 4559/4559/4559
f 4559/4559/4559 4411/4411/4411 4564/4564/4564
f 4562/4562/4562 4415/4415/4415 4567/4567/4567
f 4568/4568/4568 4422/4422/4422 4574/4574/4574
f 4576/4576/4576 4433/4433/4433 4569/4569/4569
f 4582/4582/4582 4440/4440/4440 4575/4575/4575
f 4576/4576/4576 4433/4433/4433 4583/4583/4583
f 4585/4585/4585 4444/4444/4444 4579/4579/4579
f 4586/4586/4586 4445/4445/4445 4589/4589/4589
f 4590/4590/4590 4453/4453/4453 4596/4596/4596
f 4599/4599/4599 4464/4464/4464 4591/4591/4591
f 4596/4596/4596 4462/4462/4462 4606/4606/4606
f 4610/4610/4610 4473/4473/4473 4598/4598/4598
f 4618/4618/4618 4477/4477/4477 4604/4604/4604
f 4607/4607/4607 4471/4471/4471 4619/4619/4619
f 4622/4622/4622 4482/4482/4482 4609/4609/4609
f 4620/4620/4620 4480/4480/4480 4628/4628/4628
f 4632/4632/4632 4490/4490/4490 4622/4622/4622
f 4629/4629/4629 4488/4488/4488 4633/4633/4633
f 4636/4636/4636 4496/4496/4496 4631/4631/4631
f 4639/4639/4639 4497/4497/4497 4649/4649/4649
f 4647/4647/4647 4499/4499/4499 4667/4667/4667
f 4661/4661/4661 4511/4511/4511 4671/4671/4671
f 4672/4672/4672 4524/4524/4524 4665/4665/4665
f 4666/4666/4666 4517/4517/4517 4675/4675/4675
f 4670/4670/4670 4521/4521/4521 4678/4678/4678
f 4680/4680/4680 4534/4534/4534 4674/4674/4674
f 4675/4675/4675 4527/4527/4527 4681/4681/4681
f 4684/4684/4684 4546/4546/4546 4682/4682/4682
f 4686/4686/4686 4553/4553/4553 4684/4684/4684
f 4685/4685/4685 4548/4548/4548 4687/4687/4687
f 4693/4693/4693 4565/4565/4565 4689/4689/4689
f 4690/4690/4690 4562/4562/4562 4694/4694/4694
f 4708/4708/4708 4588/4588/4588 4705/4705/4705
f 4710/4710/4710 4590/4590/4590 4713/4713/4713
f 4714/4714/4714 4597/4597/4597 4721/4721/4721
f 4722/4722/4722 4608/4608/4608 4732/4732/4732
f 4735/4735/4735 4623/4623/4623 4723/4723/4723
f 4740/4740/4740 4625/4625/4625 4728/4728/4728
f 4733/4733/4733 4621/4621/4621 4741/4741/4741
f 4744/4744/4744 4632/4632/4632 4734/4734/4734
f 4742/4742/4742 4630/4630/4630 4749/4749/4749
f 4752/4752/4752 4637/4637/4637 4744/4744/4744
f 4755/4755/4755 4638/4638/4638 4766/4766/4766
f 4765/4765/4765 4647/4647/4647 4778/4778/4778
f 4781/4781/4781 4672/4672/4672 4776/4776/4776
f 4777/4777/4777 4666/4666/4666 4783/4783/4783
f 4784/4784/4784 4679/4679/4679 4782/4782/4782
f 4783/4783/4783 4675/4675/4675 4786/4786/4786
f 4788/4788/4788 4682/4682/4682 4785/4785/4785
f 4786/4786/4786 4681/4681/4681 4789/4789/4789
f 4791/4791/4791 4684/4684/4684 4788/4788/4788
f 4794/4794/4794 4686/4686/4686 4791/4791/4791
f 4792/4792/4792 4685/4685/4685 4795/4795/4795
f 4796/4796/4796 4688/4688/4688 4799/4799/4799
f 4800/4800/4800 4691/4691/4691 4803/4803/4803
f 4806/4806/4806 4700/4700/4700 4804/4804/4804
f 4809/4809/4809 4706/4706/4706 4813/4813/4813
f 4816/4816/4816 4712/4712/4712 4812/4812/4812
f 4814/4814/4814 4710/4710/4710 4817/4817/4817
f 4822/4822/4822 4720/4720/4720 4815/4815/4815
f 4828/4828/4828 4731/4731/4731 4821/4821/4821
f 4824/4824/4824 4722/4722/4722 4829/4829/4829
f 4837/4837/4837 4740/4740/4740 4825/4825/4825
f 4830/4830/4830 4733/4733/4733 4838/4838/4838
f 4842/4842/4842 4746/4746/4746 4833/4833/4833
f 4845/4845/4845 4748/4748/4748 4836/4836/4836
f 4840/4840/4840 4743/4743/4743 4846/4846/4846
f 4849/4849/4849 4753/4753/4753 4841/4841/4841
f 4852/4852/4852 4754/4754/4754 4864/4864/4864
f 4863/4863/4863 4764/4764/4764 4875/4875/4875
f 4878/4878/4878 4779/4779/4779 4874/4874/4874
f 4886/4886/4886 4787/4787/4787 4884/4884/4884
f 4885/4885/4885 4786/4786/4786 4888/4888/4888
f 4890/4890/4890 4791/4791/4791 4887/4887/4887
f 4893/4893/4893 4793/4793/4793 4889/4889/4889
f 4891/4891/4891 4792/4792/4792 4895/4895/4895
f 4896/4896/4896 4796/4796/4796 4900/4900/4900
f 4906/4906/4906 4804/4804/4804 4903/4903/4903
f 4904/4904/4904 4803/4803/4803 4907/4907/4907
f 4907/4907/4907 4805/4805/4805 4911/4911/4911
f 4914/4914/4914 4808/4808/4808 4910/4910/4910
f 4911/4911/4911 4807/4807/4807 4915/4915/4915
f 4916/4916/4916 4810/4810/4810 4918/4918/4918
f 4921/4921/4921 4815/4815/4815 4917/4917/4917
f 4918/4918/4918 4814/4814/4814 4922/4922/4922
f 4926/4926/4926 4822/4822/4822 4921/4921/4921
f 4923/4923/4923 4818/4818/4818 4927/4927/4927
f 4928/4928/4928 4824/4824/4824 4936/4936/4936
f 4939/4939/4939 4832/4832/4832 4943/4943/4943
f 4943/4943/4943 4840/4840/4840 4949/4949/4949
f 4952/4952/4952 4849/4849/4849 4944/4944/4944
f 4954/4954/4954 4851/4851/4851 4951/4951/4951
f 4975/4975/4975 4877/4877/4877 4972/4972/4972
f 4985/4985/4985 4884/4884/4884 4979/4979/4979
f 4993/4993/4993 4891/4891/4891 4996/4996/4996
f 4997/4997/4997 4896/4896/4896 5001/5001/5001
f 5005/5005/5005 4902/4902/4902 5000/5000/5000
f 5002/5002/5002 4901/4901/4901 5007/5007/5007
f 5007/5007/5007 4904/4904/4904 5012/5012/5012
f 5013/5013/5013 4908/4908/4908 5016/5016/5016
f 5018/5018/5018 4913/4913/4913 5015/5015/5015
f 5016/5016/5016 4912/4912/4912 5020/5020/5020
f 5024/5024/5024 4917/4917/4917 5019/5019/5019
f 5020/5020/5020 4916/4916/4916 5025/5025/5025
f 5026/5026/5026 4919/4919/4919 5031/5031/5031
f 5035/5035/5035 4924/4924/4924 5045/5045/5045
f 5040/5040/5040 4930/4930/4930 5046/5046/5046
f 5056/5056/5056 4948/4948/4948 5048/5048/5048
f 5058/5058/5058 4950/4950/4950 5064/5064/5064
f 5075/5075/5075 4964/4964/4964 5086/5086/5086
f 5087/5087/5087 4974/4974/4974 5084/5084/5084
f 5086/5086/5086 4973/4973/4973 5090/5090/5090
f 5091/5091/5091 4982/4982/4982 5089/5089/5089
f 5098/5098/5098 4988/4988/4988 5093/5093/5093
f 5099/5099/5099 4990/4990/4990 5105/5105/5105
f 5105/5105/5105 4993/4993/4993 5110/5110/5110
f 5112/5112/5112 4998/4998/4998 5116/5116/5116
f 5117/5117/5117 5003/5003/5003 5120/5120/5120
f 5122/5122/5122 5009/5009/5009 5119/5119/5119
f 5120/5120/5120 5008/5008/5008 5124/5124/5124
f 5128/5128/5128 5015/5015/5015 5123/5123/5123
f 5125/5125/5125 5014/5014/5014 5129/5129/5129
f 5132/5132/5132 5018/5018/5018 5128/5128/5128
f 5137/5137/5137 5026/5026/5026 5143/5143/5143
f 5143/5143/5143 5031/5031/5031 5151/5151/5151
f 5155/5155/5155 5041/5041/5041 5158/5158/5158
f 5164/5164/5164 5048/5048/5048 5157/5157/5157
f 5158/5158/5158 5047/5047/5047 5165/5165/5165
f 5172/5172/5172 5056/5056/5056 5164/5164/5164
f 5168/5168/5168 5052/5052/5052 5176/5176/5176
f 5194/5194/5194 5080/5080/5080 5186/5186/5186
f 5203/5203/5203 5088/5088/5088 5199/5199/5199
f 5200/5200/5200 5086/5086/5086 5205/5205/5205
f 5208/5208/5208 5091/5091/5091 5204/5204/5204
f 5205/5205/5205 5090/5090/5090 5211/5211/5211
f 5217/5217/5217 5100/5100/5100 5221/5221/5221
f 5221/5221/5221 5106/5106/5106 5223/5223/5223
f 5226/5226/5226 5113/5113/5113 5222/5222/5222
f 5224/5224/5224 5112/5112/5112 5227/5227/5227
f 5234/5234/5234 5121/5121/5121 5230/5230/5230
f 5231/5231/5231 5120/5120/5120 5235/5235/5235
f 5236/5236/5236 5125/5125/5125 5240/5240/5240
f 5244/5244/5244 5130/5130/5130 5239/5239/5239
f 5249/5249/5249 5134/5134/5134 5244/5244/5244
f 5245/5245/5245 5133/5133/5133 5250/5250/5250
f 5251/5251/5251 5138/5138/5138 5256/5256/5256
f 5258/5258/5258 5146/5146/5146 5262/5262/5262
f 5263/5263/5263 5155/5155/5155 5270/5270/5270
f 5271/5271/5271 5159/5159/5159 5278/5278/5278
f 5274/5274/5274 5162/5162/5162 5280/5280/5280
f 5283/5283/5283 5172/5172/5172 5277/5277/5277
f 5295/5295/5295 5193/5193/5193 5288/5288/5288
f 5306/5306/5306 5202/5202/5202 5300/5300/5300
f 5311/5311/5311 5207/5207/5207 5307/5307/5307
f 5308/5308/5308 5205/5205/5205 5314/5314/5314
f 5316/5316/5316 5213/5213/5213 5310/5310/5310
f 5319/5319/5319 5215/5215/5215 5313/5313/5313
f 5314/5314/5314 5211/5211/5211 5320/5320/5320
f 5325/5325/5325 5220/5220/5220 5319/5319/5319
f 5330/5330/5330 5224/5224/5224 5333/5333/5333
f 5334/5334/5334 5228/5228/5228 5336/5336/5336
f 5339/5339/5339 5233/5233/5233 5335/5335/5335
f 5337/5337/5337 5232/5232/5232 5340/5340/5340
f 5341/5341/5341 5237/5237/5237 5345/5345/5345
f 5351/5351/5351 5246/5246/5246 5358/5358/5358
f 5359/5359/5359 5252/5252/5252 5367/5367/5367
f 5376/5376/5376 5261/5261/5261 5366/5366/5366
f 5369/5369/5369 5259/5259/5259 5377/5377/5377
f 5396/5396/5396 5295/5295/5295 5387/5387/5387
f 5402/5402/5402 5303/5303/5303 5398/5398/5398
f 5409/5409/5409 5309/5309/5309 5404/5404/5404
f 5414/5414/5414 5315/5315/5315 5409/5409/5409
f 5412/5412/5412 5314/5314/5314 5417/5417/5417
f 5420/5420/5420 5323/5323/5323 5416/5416/5416
f 5417/5417/5417 5320/5320/5320 5421/5421/5421
f 5424/5424/5424 5327/5327/5327 5420/5420/5420
f 5433/5433/5433 5335/5335/5335 5429/5429/5429
f 5431/5431/5431 5334/5334/5334 5434/5434/5434
f 5435/5435/5435 5337/5337/5337 5440/5440/5440
f 5442/5442/5442 5342/5342/5342 5447/5447/5447
f 5448/5448/5448 5347/5347/5347 5454/5454/5454
f 5455/5455/5455 5354/5354/5354 5462/5462/5462
f 5463/5463/5463 5362/5362/5362 5468/5468/5468
f 5481/5481/5481 5395/5395/5395 5473/5473/5473
f 5486/5486/5486 5401/5401/5401 5483/5483/5483
f 5484/5484/5484 5399/5399/5399 5489/5489/5489
f 5492/5492/5492 5408/5408/5408 5488/5488/5488
f 5495/5495/5495 5413/5413/5413 5492/5492/5492
f 5493/5493/5493 5412/5412/5412 5497/5497/5497
f 5497/5497/5497 5417/5417/5417 5501/5501/5501
f 5504/5504/5504 5422/5422/5422 5500/5500/5500
f 5509/5509/5509 5427/5427/5427 5504/5504/5504
f 5506/5506/5506 5426/5426/5426 5511/5511/5511
f 5517/5517/5517 5432/5432/5432 5510/5510/5510
f 5512/5512/5512 5431/5431/5431 5518/5518/5518
f 5520/5520/5520 5436/5436/5436 5530/5530/5530
f 5533/5533/5533 5444/5444/5444 5540/5540/5540
f 5541/5541/5541 5450/5450/5450 5547/5547/5547
f 5552/5552/5552 5474/5474/5474 5563/5563/5563
f 5565/5565/5565 5486/5486/5486 5561/5561/5561
f 5562/5562/5562 5484/5484/5484 5566/5566/5566
f 5567/5567/5567 5490/5490/5490 5565/5565/5565
f 5571/5571/5571 5494/5494/5494 5568/5568/5568
f 5569/5569/5569 5493/5493/5493 5572/5572/5572
f 5574/5574/5574 5498/5498/5498 5571/5571/5571
f 5572/5572/5572 5497/5497/5497 5575/5575/5575
f 5577/5577/5577 5502/5502/5502 5574/5574/5574
f 5575/5575/5575 5501/5501/5501 5578/5578/5578
f 5582/5582/5582 5507/5507/5507 5577/5577/5577
f 5579/5579/5579 5506/5506/5506 5583/5583/5583
f 5592/5592/5592 5521/5521/5521 5598/5598/5598
f 5601/5601/5601 5552/5552/5552 5611/5611/5611
f 5612/5612/5612 5564/5564/5564 5609/5609/5609
f 5610/5610/5610 5562/5562/5562 5614/5614/5614
f 5615/5615/5615 5567/5567/5567 5613/5613/5613
f 5617/5617/5617 5570/5570/5570 5615/5615/5615
f 5619/5619/5619 5573/5573/5573 5617/5617/5617
f 5621/5621/5621 5576/5576/5576 5619/5619/5619
f 5620/5620/5620 5575/5575/5575 5622/5622/5622
f 5623/5623/5623 5579/5579/5579 5626/5626/5626
f 54/54/54 52/52/52 55/55/55
f 57/57/57 55/55/55 58/58/58
f 60/60/60 58/58/58 61/61/61
f 92/92/92 89/89/89 93/93/93
f 96/96/96 94/94/94 97/97/97
f 100/100/100 98/98/98 101/101/101
f 105/105/105 102/102/102 106/106/106
f 109/109/109 106/106/106 110/110/110
f 117/117/117 111/111/111 118/118/118
f 128/128/128 119/119/119 129/129/129
f 129/129/129 120/120/120 130/130/130
f 142/142/142 128/128/128 143/143/143
f 146/146/146 135/135/135 147/147/147
f 150/150/150 139/139/139 151/151/151
f 151/151/151 140/140/140 152/152/152
f 152/152/152 141/141/141 153/153/153
f 169/169/169 166/166/166 170/170/170
f 177/177/177 171/171/171 178/178/178
f 181/181/181 175/175/175 182/182/182
f 184/184/184 179/179/179 185/185/185
f 186/186/186 181/181/181 187/187/187
f 187/187/187 182/182/182 188/188/188
f 191/191/191 186/186/186 192/192/192
f 193/193/193 188/188/188 194/194/194
f 194/194/194 189/189/189 195/195/195
f 198/198/198 192/192/192 199/199/199
f 200/200/200 194/194/194 201/201/201
f 202/202/202 196/196/196 203/203/203
f 206/206/206 200/200/200 207/207/207
f 207/207/207 201/201/201 208/208/208
f 213/213/213 209/209/209 214/214/214
f 214/214/214 210/210/210 215/215/215
f 222/222/222 214/214/214 223/223/223
f 225/225/225 219/219/219 226/226/226
f 237/237/237 223/223/223 238/238/238
f 239/239/239 230/230/230 240/240/240
f 240/240/240 231/231/231 241/241/241
f 241/241/241 232/232/232 242/242/242
f 242/242/242 233/233/233 243/243/243
f 245/245/245 237/237/237 246/246/246
f 265/265/265 259/259/259 266/266/266
f 266/266/266 260/260/260 267/267/267
f 268/268/268 262/262/262 269/269/269
f 273/273/273 271/271/271 274/274/274
f 277/277/277 274/274/274 278/278/278
f 278/278/278 275/275/275 279/279/279
f 282/282/282 279/279/279 283/283/283
f 283/283/283 280/280/280 284/284/284
f 287/287/287 284/284/284 288/288/288
f 288/288/288 285/285/285 289/289/289
f 293/293/293 289/289/289 294/294/294
f 297/297/297 293/293/293 298/298/298
f 298/298/298 294/294/294 299/299/299
f 307/307/307 302/302/302 308/308/308
f 319/319/319 311/311/311 320/320/320
f 320/320/320 312/312/312 321/321/321
f 327/327/327 315/315/315 328/328/328
f 333/333/333 323/323/323 334/334/334
f 335/335/335 325/325/325 336/336/336
f 360/360/360 356/356/356 361/361/361
f 361/361/361 357/357/357 362/362/362
f 365/365/365 363/363/363 366/366/366
f 369/369/369 367/367/367 370/370/370
f 373/373/373 371/371/371 374/374/374
f 378/378/378 375/375/375 379/379/379
f 408/408/408 399/399/399 409/409/409
f 410/410/410 401/401/401 411/411/411
f 418/418/418 405/405/405 419/419/419
f 421/421/421 415/415/415 422/422/422
f 436/436/436 427/427/427 437/437/437
f 449/449/449 446/446/446 450/450/450
f 454/454/454 451/451/451 455/455/455
f 461/461/461 457/457/457 462/462/462
f 463/463/463 460/460/460 464/464/464
f 484/484/484 481/481/481 485/485/485
f 488/488/488 485/485/485 489/489/489
f 501/501/501 490/490/490 502/502/502
f 502/502/502 491/491/491 503/503/503
f 503/503/503 492/492/492 504/504/504
f 506/506/506 495/495/495 507/507/507
f 510/510/510 498/498/498 511/511/511
f 513/513/513 504/504/504 514/514/514
f 515/515/515 508/508/508 516/516/516
f 517/517/517 510/510/510 518/518/518
f 522/522/522 520/520/520 523/523/523
f 551/551/551 549/549/549 552/552/552
f 556/556/556 553/553/553 557/557/557
f 559/559/559 557/557/557 560/560/560
f 571/571/571 568/568/568 572/572/572
f 585/585/585 582/582/582 586/586/586
f 590/590/590 586/586/586 591/591/591
f 597/597/597 592/592/592 598/598/598
f 607/607/607 600/600/600 608/608/608
f 610/610/610 603/603/603 611/611/611
f 611/611/611 604/604/604 612/612/612
f 617/617/617 606/606/606 618/618/618
f 620/620/620 610/610/610 621/621/621
f 623/623/623 613/613/613 624/624/624
f 625/625/625 615/615/615 626/626/626
f 626/626/626 616/616/616 627/627/627
f 630/630/630 620/620/620 631/631/631
f 631/631/631 621/621/621 632/632/632
f 632/632/632 622/622/622 633/633/633
f 635/635/635 625/625/625 636/636/636
f 670/670/670 667/667/667 671/671/671
f 673/673/673 668/668/668 672/672/672
f 674/674/674 671/671/671 675/675/675
f 679/679/679 676/676/676 680/680/680
f 683/683/683 680/680/680 684/684/684
f 700/700/700 697/697/697 701/701/701
f 704/704/704 701/701/701 705/705/705
f 709/709/709 702/702/702 708/708/708
f 710/710/710 706/706/706 711/711/711
f 715/715/715 713/713/713 716/716/716
f 719/719/719 717/717/717 720/720/720
f 735/735/735 723/723/723 734/734/734
f 736/736/736 726/726/726 737/737/737
f 740/740/740 730/730/730 741/741/741
f 755/755/755 743/743/743 754/754/754
f 756/756/756 749/749/749 757/757/757
f 769/769/769 750/750/750 768/768/768
f 770/770/770 767/767/767 771/771/771
f 778/778/778 773/773/773 777/777/777
f 779/779/779 776/776/776 780/780/780
f 790/790/790 783/783/783 789/789/789
f 793/793/793 787/787/787 792/792/792
f 813/813/813 809/809/809 814/814/814
f 823/823/823 820/820/820 824/824/824
f 829/829/829 825/825/825 830/830/830
f 835/835/835 826/826/826 834/834/834
f 836/836/836 830/830/830 837/837/837
f 843/843/843 831/831/831 842/842/842
f 858/858/858 847/847/847 857/857/857
f 876/876/876 863/863/863 875/875/875
f 910/910/910 907/907/907 911/911/911
f 921/921/921 918/918/918 922/922/922
f 928/928/928 922/922/922 929/929/929
f 933/933/933 923/923/923 932/932/932
f 938/938/938 927/927/927 939/939/939
f 940/940/940 930/930/930 941/941/941
f 944/944/944 931/931/931 943/943/943
f 954/954/954 942/942/942 953/953/953
f 956/956/956 944/944/944 955/955/955
f 960/960/960 952/952/952 961/961/961
f 973/973/973 963/963/963 972/972/972
f 974/974/974 964/964/964 973/973/973
f 991/991/991 977/977/977 990/990/990
f 992/992/992 984/984/984 993/993/993
f 999/999/999 989/989/989 998/998/998
f 1006/1006/1006 996/996/996 1005/1005/1005
f 1008/1008/1008 998/998/998 1007/1007/1007
f 1016/1016/1016 1006/1006/1006 1015/1015/1015
f 1018/1018/1018 1009/1009/1009 1017/1017/1017
f 1035/1035/1035 1027/1027/1027 1034/1034/1034
f 1044/1044/1044 1041/1041/1041 1045/1045/1045
f 1063/1063/1063 1054/1054/1054 1062/1062/1062
f 1066/1066/1066 1058/1058/1058 1067/1067/1067
f 1069/1069/1069 1061/1061/1061 1070/1070/1070
f 1073/1073/1073 1063/1063/1063 1072/1072/1072
f 1083/1083/1083 1071/1071/1071 1082/1082/1082
f 1090/1090/1090 1076/1076/1076 1089/1089/1089
f 1094/1094/1094 1081/1081/1081 1093/1093/1093
f 1100/1100/1100 1092/1092/1092 1101/1101/1101
f 1108/1108/1108 1102/1102/1102 1109/1109/1109
f 1111/1111/1111 1103/1103/1103 1110/1110/1110
f 1130/1130/1130 1112/1112/1112 1129/1129/1129
f 1131/1131/1131 1113/1113/1113 1130/1130/1130
f 1132/1132/1132 1114/1114/1114 1131/1131/1131
f 1156/1156/1156 1148/1148/1148 1155/1155/1155
f 1161/1161/1161 1154/1154/1154 1160/1160/1160
f 1162/1162/1162 1155/1155/1155 1161/1161/1161
f 1170/1170/1170 1161/1161/1161 1169/1169/1169
f 1182/1182/1182 1174/1174/1174 1181/1181/1181
f 1191/1191/1191 1182/1182/1182 1190/1190/1190
f 1198/1198/1198 1189/1189/1189 1197/1197/1197
f 1200/1200/1200 1191/1191/1191 1199/1199/1199
f 1205/1205/1205 1197/1197/1197 1204/1204/1204
f 1224/1224/1224 1216/1216/1216 1225/1225/1225
f 1228/1228/1228 1217/1217/1217 1227/1227/1227
f 1233/1233/1233 1226/1226/1226 1234/1234/1234
f 1245/1245/1245 1235/1235/1235 1244/1244/1244
f 1246/1246/1246 1236/1236/1236 1245/1245/1245
f 1251/1251/1251 1243/1243/1243 1252/1252/1252
f 1254/1254/1254 1244/1244/1244 1253/1253/1253
f 1278/1278/1278 1268/1268/1268 1277/1277/1277
f 1300/1300/1300 1295/1295/1295 1301/1301/1301
f 1305/1305/1305 1299/1299/1299 1306/1306/1306
f 1310/1310/1310 1302/1302/1302 1309/1309/1309
f 1319/1319/1319 1311/1311/1311 1318/1318/1318
f 1321/1321/1321 1313/1313/1313 1320/1320/1320
f 1327/1327/1327 1318/1318/1318 1326/1326/1326
f 1329/1329/1329 1323/1323/1323 1330/1330/1330
f 1347/1347/1347 1339/1339/1339 1346/1346/1346
f 1354/1354/1354 1346/1346/1346 1353/1353/1353
f 1367/1367/1367 1360/1360/1360 1368/1368/1368
f 1372/1372/1372 1361/1361/1361 1371/1371/1371
f 1378/1378/1378 1369/1369/1369 1379/1379/1379
f 1414/1414/1414 1408/1408/1408 1415/1415/1415
f 1420/1420/1420 1413/1413/1413 1421/1421/1421
f 1423/1423/1423 1416/1416/1416 1424/1424/1424
f 1430/1430/1430 1422/1422/1422 1431/1431/1431
f 1432/1432/1432 1425/1425/1425 1433/1433/1433
f 1435/1435/1435 1429/1429/1429 1436/1436/1436
f 1440/1440/1440 1434/1434/1434 1441/1441/1441
f 1444/1444/1444 1438/1438/1438 1445/1445/1445
f 1447/1447/1447 1441/1441/1441 1448/1448/1448
f 1450/1450/1450 1443/1443/1443 1451/1451/1451
f 1457/1457/1457 1449/1449/1449 1458/1458/1458
f 1462/1462/1462 1452/1452/1452 1461/1461/1461
f 1465/1465/1465 1458/1458/1458 1466/1466/1466
f 1478/1478/1478 1472/1472/1472 1479/1479/1479
f 1484/1484/1484 1477/1477/1477 1485/1485/1485
f 1490/1490/1490 1482/1482/1482 1491/1491/1491
f 1494/1494/1494 1486/1486/1486 1495/1495/1495
f 1498/1498/1498 1492/1492/1492 1499/1499/1499
f 1509/1509/1509 1503/1503/1503 1510/1510/1510
f 1513/1513/1513 1507/1507/1507 1514/1514/1514
f 1526/1526/1526 1515/1515/1515 1525/1525/1525
f 1527/1527/1527 1519/1519/1519 1528/1528/1528
f 1535/1535/1535 1529/1529/1529 1536/1536/1536
f 1540/1540/1540 1533/1533/1533 1541/1541/1541
f 1564/1564/1564 1552/1552/1552 1565/1565/1565
f 1572/1572/1572 1566/1566/1566 1573/1573/1573
f 1580/1580/1580 1574/1574/1574 1581/1581/1581
f 1588/1588/1588 1586/1586/1586 1589/1589/1589
f 1596/1596/1596 1593/1593/1593 1597/1597/1597
f 1606/1606/1606 1600/1600/1600 1607/1607/1607
f 1609/1609/1609 1601/1601/1601 1608/1608/1608
f 1612/1612/1612 1606/1606/1606 1613/1613/1613
f 1618/1618/1618 1613/1613/1613 1619/1619/1619
f 1625/1625/1625 1620/1620/1620 1626/1626/1626
f 1629/1629/1629 1623/1623/1623 1630/1630/1630
f 1632/1632/1632 1626/1626/1626 1633/1633/1633
f 1633/1633/1633 1627/1627/1627 1634/1634/1634
f 1650/1650/1650 1642/1642/1642 1651/1651/1651
f 1655/1655/1655 1643/1643/1643 1654/1654/1654
f 1656/1656/1656 1646/1646/1646 1657/1657/1657
f 1661/1661/1661 1652/1652/1652 1662/1662/1662
f 1670/1670/1670 1663/1663/1663 1671/1671/1671
f 1680/1680/1680 1671/1671/1671 1681/1681/1681
f 1684/1684/1684 1676/1676/1676 1685/1685/1685
f 1687/1687/1687 1679/1679/1679 1688/1688/1688
f 1711/1711/1711 1697/1697/1697 1712/1712/1712
f 1713/1713/1713 1699/1699/1699 1714/1714/1714
f 1719/1719/1719 1708/1708/1708 1718/1718/1718
f 1720/1720/1720 1713/1713/1713 1721/1721/1721
f 1723/1723/1723 1717/1717/1717 1724/1724/1724
f 1727/1727/1727 1724/1724/1724 1728/1728/1728
f 1735/1735/1735 1733/1733/1733 1736/1736/1736
f 1739/1739/1739 1736/1736/1736 1740/1740/1740
f 1756/1756/1756 1753/1753/1753 1757/1757/1757
f 1774/1774/1774 1766/1766/1766 1775/1775/1775
f 1781/1781/1781 1772/1772/1772 1782/1782/1782
f 1784/1784/1784 1775/1775/1775 1785/1785/1785
f 1785/1785/1785 1776/1776/1776 1786/1786/1786
f 1788/1788/1788 1777/1777/1777 1787/1787/1787
f 1794/1794/1794 1786/1786/1786 1795/1795/1795
f 1804/1804/1804 1793/1793/1793 1805/1805/1805
f 1831/1831/1831 1826/1826/1826 1832/1832/1832
f 1833/1833/1833 1828/1828/1828 1834/1834/1834
f 1841/1841/1841 1838/1838/1838 1842/1842/1842
f 1842/1842/1842 1839/1839/1839 1843/1843/1843
f 1845/1845/1845 1842/1842/1842 1846/1846/1846
f 1856/1856/1856 1852/1852/1852 1857/1857/1857
f 1897/1897/1897 1891/1891/1891 1898/1898/1898
f 1910/1910/1910 1898/1898/1898 1911/1911/1911
f 1913/1913/1913 1906/1906/1906 1914/1914/1914
f 1914/1914/1914 1907/1907/1907 1915/1915/1915
f 1915/1915/1915 1908/1908/1908 1916/1916/1916
f 1917/1917/1917 1910/1910/1910 1918/1918/1918
f 1945/1945/1945 1941/1941/1941 1946/1946/1946
f 1948/1948/1948 1942/1942/1942 1947/1947/1947
f 1949/1949/1949 1946/1946/1946 1950/1950/1950
f 1954/1954/1954 1951/1951/1951 1955/1955/1955
f 1957/1957/1957 1954/1954/1954 1958/1958/1958
f 1962/1962/1962 1958/1958/1958 1963/1963/1963
f 1964/1964/1964 1961/1961/1961 1965/1965/1965
f 1966/1966/1966 1963/1963/1963 1967/1967/1967
f 1970/1970/1970 1967/1967/1967 1971/1971/1971
f 1976/1976/1976 1974/1974/1974 1977/1977/1977
f 1979/1979/1979 1977/1977/1977 1980/1980/1980
f 1983/1983/1983 1980/1980/1980 1984/1984/1984
f 2027/2027/2027 2018/2018/2018 2026/2026/2026
f 2052/2052/2052 2031/2031/2031 2053/2053/2053
f 2058/2058/2058 2055/2055/2055 2059/2059/2059
f 2067/2067/2067 2059/2059/2059 2068/2068/2068
f 2075/2075/2075 2069/2069/2069 2076/2076/2076
f 2077/2077/2077 2071/2071/2071 2078/2078/2078
f 2078/2078/2078 2072/2072/2072 2079/2079/2079
f 2079/2079/2079 2073/2073/2073 2080/2080/2080
f 2087/2087/2087 2080/2080/2080 2088/2088/2088
f 2091/2091/2091 2084/2084/2084 2092/2092/2092
f 2092/2092/2092 2085/2085/2085 2093/2093/2093
f 2100/2100/2100 2092/2092/2092 2101/2101/2101
f 2102/2102/2102 2094/2094/2094 2103/2103/2103
f 2103/2103/2103 2095/2095/2095 2104/2104/2104
f 2104/2104/2104 2096/2096/2096 2105/2105/2105
f 2106/2106/2106 2098/2098/2098 2107/2107/2107
f 2108/2108/2108 2100/2100/2100 2109/2109/2109
f 2115/2115/2115 2112/2112/2112 2116/2116/2116
f 2134/2134/2134 2131/2131/2131 2135/2135/2135
f 2137/2137/2137 2132/2132/2132 2136/2136/2136
f 2161/2161/2161 2150/2150/2150 2160/2160/2160
f 2166/2166/2166 2157/2157/2157 2165/2165/2165
f 2167/2167/2167 2158/2158/2158 2166/2166/2166
f 2192/2192/2192 2172/2172/2172 2193/2193/2193
f 2201/2201/2201 2195/2195/2195 2202/2202/2202
f 2202/2202/2202 2196/2196/2196 2203/2203/2203
f 2203/2203/2203 2197/2197/2197 2204/2204/2204
f 2210/2210/2210 2207/2207/2207 2209/2209/2209
f 2224/2224/2224 2217/2217/2217 2225/2225/2225
f 2225/2225/2225 2218/2218/2218 2226/2226/2226
f 2226/2226/2226 2219/2219/2219 2227/2227/2227
f 2240/2240/2240 2237/2237/2237 2241/2241/2241
f 2243/2243/2243 2241/2241/2241 2244/2244/2244
f 2266/2266/2266 2255/2255/2255 2265/2265/2265
f 2270/2270/2270 2262/2262/2262 2271/2271/2271
f 2271/2271/2271 2263/2263/2263 2272/2272/2272
f 2275/2275/2275 2264/2264/2264 2274/2274/2274
f 2277/2277/2277 2266/2266/2266 2276/2276/2276
f 2294/2294/2294 2285/2285/2285 2293/2293/2293
f 2329/2329/2329 2309/2309/2309 2328/2328/2328
f 2331/2331/2331 2311/2311/2311 2330/2330/2330
f 2335/2335/2335 2329/2329/2329 2334/2334/2334
f 2353/2353/2353 2346/2346/2346 2354/2354/2354
f 2354/2354/2354 2347/2347/2347 2355/2355/2355
f 2357/2357/2357 2350/2350/2350 2358/2358/2358
f 2371/2371/2371 2366/2366/2366 2372/2372/2372
f 2382/2382/2382 2373/2373/2373 2381/2381/2381
f 2389/2389/2389 2380/2380/2380 2388/2388/2388
f 2396/2396/2396 2387/2387/2387 2397/2397/2397
f 2400/2400/2400 2388/2388/2388 2399/2399/2399
f 2411/2411/2411 2398/2398/2398 2410/2410/2410
f 2415/2415/2415 2401/2401/2401 2414/2414/2414
f 2421/2421/2421 2408/2408/2408 2422/2422/2422
f 2422/2422/2422 2409/2409/2409 2423/2423/2423
f 2425/2425/2425 2410/2410/2410 2424/2424/2424
f 2428/2428/2428 2413/2413/2413 2427/2427/2427
f 2432/2432/2432 2418/2418/2418 2433/2433/2433
f 2435/2435/2435 2424/2424/2424 2436/2436/2436
f 2437/2437/2437 2424/2424/2424 2436/2436/2436
f 2469/2469/2469 2445/2445/2445 2468/2468/2468
f 2474/2474/2474 2454/2454/2454 2473/2473/2473
f 2480/2480/2480 2472/2472/2472 2479/2479/2479
f 2486/2486/2486 2479/2479/2479 2485/2485/2485
f 2490/2490/2490 2484/2484/2484 2489/2489/2489
f 2494/2494/2494 2493/2493/2493 2495/2495/2495
f 2516/2516/2516 2509/2509/2509 2515/2515/2515
f 2521/2521/2521 2514/2514/2514 2520/2520/2520
f 2522/2522/2522 2515/2515/2515 2521/2521/2521
f 2528/2528/2528 2519/2519/2519 2527/2527/2527
f 2537/2537/2537 2527/2527/2527 2536/2536/2536
f 2543/2543/2543 2534/2534/2534 2544/2544/2544
f 2546/2546/2546 2535/2535/2535 2545/2545/2545
f 2556/2556/2556 2545/2545/2545 2555/2555/2555
f 2567/2567/2567 2557/2557/2557 2566/2566/2566
f 2576/2576/2576 2566/2566/2566 2575/2575/2575
f 2602/2602/2602 2583/2583/2583 2601/2601/2601
f 2620/2620/2620 2614/2614/2614 2619/2619/2619
f 2632/2632/2632 2625/2625/2625 2631/2631/2631
f 2636/2636/2636 2630/2630/2630 2635/2635/2635
f 2639/2639/2639 2634/2634/2634 2638/2638/2638
f 2644/2644/2644 2638/2638/2638 2643/2643/2643
f 2645/2645/2645 2639/2639/2639 2644/2644/2644
f 2646/2646/2646 2642/2642/2642 2647/2647/2647
f 2650/2650/2650 2644/2644/2644 2649/2649/2649
f 2659/2659/2659 2648/2648/2648 2658/2658/2658
f 2663/2663/2663 2657/2657/2657 2664/2664/2664
f 2667/2667/2667 2658/2658/2658 2666/2666/2666
f 2668/2668/2668 2659/2659/2659 2667/2667/2667
f 2674/2674/2674 2665/2665/2665 2673/2673/2673
f 2675/2675/2675 2666/2666/2666 2674/2674/2674
f 2681/2681/2681 2673/2673/2673 2680/2680/2680
f 2696/2696/2696 2688/2688/2688 2695/2695/2695
f 2717/2717/2717 2705/2705/2705 2716/2716/2716
f 2721/2721/2721 2710/2710/2710 2720/2720/2720
f 2726/2726/2726 2714/2714/2714 2725/2725/2725
f 2730/2730/2730 2720/2720/2720 2729/2729/2729
f 2735/2735/2735 2724/2724/2724 2734/2734/2734
f 2736/2736/2736 2729/2729/2729 2737/2737/2737
f 2738/2738/2738 2729/2729/2729 2737/2737/2737
f 2739/2739/2739 2732/2732/2732 2740/2740/2740
f 2803/2803/2803 2798/2798/2798 2802/2802/2802
f 2822/2822/2822 2815/2815/2815 2823/2823/2823
f 2842/2842/2842 2837/2837/2837 2843/2843/2843
f 2853/2853/2853 2846/2846/2846 2854/2854/2854
f 2863/2863/2863 2855/2855/2855 2864/2864/2864
f 2879/2879/2879 2871/2871/2871 2878/2878/2878
f 2917/2917/2917 2913/2913/2913 2918/2918/2918
f 2929/2929/2929 2925/2925/2925 2930/2930/2930
f 2934/2934/2934 2930/2930/2930 2935/2935/2935
f 2935/2935/2935 2931/2931/2931 2936/2936/2936
f 2942/2942/2942 2937/2937/2937 2943/2943/2943
f 2943/2943/2943 2938/2938/2938 2944/2944/2944
f 2949/2949/2949 2944/2944/2944 2950/2950/2950
f 2952/2952/2952 2948/2948/2948 2953/2953/2953
f 2968/2968/2968 2956/2956/2956 2967/2967/2967
f 2971/2971/2971 2964/2964/2964 2972/2972/2972
f 2972/2972/2972 2965/2965/2965 2973/2973/2973
f 2976/2976/2976 2966/2966/2966 2975/2975/2975
f 2981/2981/2981 2973/2973/2973 2982/2982/2982
f 2982/2982/2982 2974/2974/2974 2983/2983/2983
f 2988/2988/2988 2983/2983/2983 2989/2989/2989
f 3006/3006/3006 3001/3001/3001 3007/3007/3007
f 3015/3015/3015 3008/3008/3008 3016/3016/3016
f 3020/3020/3020 3009/3009/3009 3019/3019/3019
f 3032/3032/3032 3024/3024/3024 3033/3033/3033
f 3073/3073/3073 3055/3055/3055 3074/3074/3074
f 3082/3082/3082 3075/3075/3075 3083/3083/3083
f 3089/3089/3089 3083/3083/3083 3090/3090/3090
f 3090/3090/3090 3084/3084/3084 3091/3091/3091
f 3091/3091/3091 3085/3085/3085 3092/3092/3092
f 3094/3094/3094 3091/3091/3091 3095/3095/3095
f 3102/3102/3102 3099/3099/3099 3103/3103/3103
f 3107/3107/3107 3103/3103/3103 3108/3108/3108
f 3108/3108/3108 3104/3104/3104 3109/3109/3109
f 3111/3111/3111 3109/3109/3109 3112/3112/3112
f 3129/3129/3129 3124/3124/3124 3130/3130/3130
f 3133/3133/3133 3125/3125/3125 3132/3132/3132
f 3134/3134/3134 3128/3128/3128 3135/3135/3135
f 3138/3138/3138 3131/3131/3131 3139/3139/3139
f 3142/3142/3142 3132/3132/3132 3141/3141/3141
f 3148/3148/3148 3140/3140/3140 3149/3149/3149
f 3155/3155/3155 3149/3149/3149 3156/3156/3156
f 3167/3167/3167 3157/3157/3157 3166/3166/3166
f 3172/3172/3172 3164/3164/3164 3173/3173/3173
f 3192/3192/3192 3183/3183/3183 3193/3193/3193
f 3200/3200/3200 3194/3194/3194 3199/3199/3199
f 3234/3234/3234 3214/3214/3214 3235/3235/3235
f 3235/3235/3235 3215/3215/3215 3236/3236/3236
f 3253/3253/3253 3245/3245/3245 3252/3252/3252
f 3254/3254/3254 3246/3246/3246 3253/3253/3253
f 3256/3256/3256 3248/3248/3248 3255/3255/3255
f 3279/3279/3279 3272/3272/3272 3280/3280/3280
f 3283/3283/3283 3273/3273/3273 3282/3282/3282
f 3287/3287/3287 3279/3279/3279 3288/3288/3288
f 3289/3289/3289 3281/3281/3281 3290/3290/3290
f 3300/3300/3300 3289/3289/3289 3301/3301/3301
f 3301/3301/3301 3290/3290/3290 3302/3302/3302
f 3313/3313/3313 3299/3299/3299 3314/3314/3314
f 3323/3323/3323 3305/3305/3305 3322/3322/3322
f 3330/3330/3330 3317/3317/3317 3331/3331/3331
f 3334/3334/3334 3319/3319/3319 3333/3333/3333
f 3336/3336/3336 3332/3332/3332 3335/3335/3335
f 3372/3372/3372 3361/3361/3361 3371/3371/3371
f 3375/3375/3375 3364/3364/3364 3374/3374/3374
f 3376/3376/3376 3365/3365/3365 3375/3375/3375
f 3377/3377/3377 3366/3366/3366 3376/3376/3376
f 3381/3381/3381 3370/3370/3370 3380/3380/3380
f 3383/3383/3383 3372/3372/3372 3382/3382/3382
f 3384/3384/3384 3373/3373/3373 3383/3383/3383
f 3388/3388/3388 3382/3382/3382 3387/3387/3387
f 3400/3400/3400 3392/3392/3392 3399/3399/3399
f 3402/3402/3402 3394/3394/3394 3401/3401/3401
f 3403/3403/3403 3395/3395/3395 3402/3402/3402
f 3407/3407/3407 3398/3398/3398 3406/3406/3406
f 3410/3410/3410 3405/3405/3405 3409/3409/3409
f 3433/3433/3433 3425/3425/3425 3432/3432/3432
f 3438/3438/3438 3430/3430/3430 3439/3439/3439
f 3444/3444/3444 3431/3431/3431 3443/3443/3443
f 3448/3448/3448 3440/3440/3440 3449/3449/3449
f 3456/3456/3456 3448/3448/3448 3457/3457/3457
f 3483/3483/3483 3462/3462/3462 3482/3482/3482
f 3491/3491/3491 3485/3485/3485 3490/3490/3490
f 3502/3502/3502 3492/3492/3492 3501/3501/3501
f 3503/3503/3503 3493/3493/3493 3502/3502/3502
f 3504/3504/3504 3494/3494/3494 3503/3503/3503
f 3506/3506/3506 3496/3496/3496 3505/3505/3505
f 3511/3511/3511 3500/3500/3500 3510/3510/3510
f 3519/3519/3519 3509/3509/3509 3518/3518/3518
f 3522/3522/3522 3512/3512/3512 3521/3521/3521
f 3528/3528/3528 3519/3519/3519 3527/3527/3527
f 3529/3529/3529 3520/3520/3520 3528/3528/3528
f 3535/3535/3535 3526/3526/3526 3534/3534/3534
f 3536/3536/3536 3527/3527/3527 3535/3535/3535
f 3537/3537/3537 3528/3528/3528 3536/3536/3536
f 3538/3538/3538 3529/3529/3529 3537/3537/3537
f 3539/3539/3539 3530/3530/3530 3538/3538/3538
f 3542/3542/3542 3533/3533/3533 3541/3541/3541
f 3543/3543/3543 3534/3534/3534 3542/3542/3542
f 3546/3546/3546 3541/3541/3541 3545/3545/3545
f 3552/3552/3552 3548/3548/3548 3551/3551/3551
f 3564/3564/3564 3557/3557/3557 3563/3563/3563
f 3569/3569/3569 3562/3562/3562 3568/3568/3568
f 3640/3640/3640 3636/3636/3636 3639/3639/3639
f 3648/3648/3648 3644/3644/3644 3647/3647/3647
f 3656/3656/3656 3651/3651/3651 3655/3655/3655
f 3660/3660/3660 3655/3655/3655 3659/3659/3659
f 3666/3666/3666 3663/3663/3663 3667/3667/3667
f 3685/3685/3685 3677/3677/3677 3684/3684/3684
f 3695/3695/3695 3682/3682/3682 3694/3694/3694
f 3696/3696/3696 3688/3688/3688 3697/3697/3697
f 3737/3737/3737 3732/3732/3732 3736/3736/3736
f 3742/3742/3742 3738/3738/3738 3741/3741/3741
f 3745/3745/3745 3741/3741/3741 3744/3744/3744
f 3748/3748/3748 3744/3744/3744 3747/3747/3747
f 3756/3756/3756 3751/3751/3751 3755/3755/3755
f 3766/3766/3766 3761/3761/3761 3765/3765/3765
f 3772/3772/3772 3769/3769/3769 3773/3773/3773
f 3777/3777/3777 3770/3770/3770 3776/3776/3776
f 3778/3778/3778 3774/3774/3774 3779/3779/3779
f 3784/3784/3784 3775/3775/3775 3783/3783/3783
f 3793/3793/3793 3781/3781/3781 3792/3792/3792
f 3798/3798/3798 3787/3787/3787 3797/3797/3797
f 3801/3801/3801 3790/3790/3790 3800/3800/3800
f 3805/3805/3805 3796/3796/3796 3804/3804/3804
f 3829/3829/3829 3816/3816/3816 3828/3828/3828
f 3830/3830/3830 3817/3817/3817 3829/3829/3829
f 3864/3864/3864 3859/3859/3859 3863/3863/3863
f 3870/3870/3870 3863/3863/3863 3869/3869/3869
f 3880/3880/3880 3872/3872/3872 3879/3879/3879
f 3887/3887/3887 3878/3878/3878 3886/3886/3886
f 3897/3897/3897 3886/3886/3886 3896/3896/3896
f 3899/3899/3899 3888/3888/3888 3898/3898/3898
f 3905/3905/3905 3894/3894/3894 3906/3906/3906
f 3909/3909/3909 3895/3895/3895 3908/3908/3908
f 3910/3910/3910 3896/3896/3896 3909/3909/3909
f 3911/3911/3911 3897/3897/3897 3910/3910/3910
f 3912/3912/3912 3898/3898/3898 3911/3911/3911
f 3915/3915/3915 3901/3901/3901 3914/3914/3914
f 3916/3916/3916 3907/3907/3907 3917/3917/3917
f 3921/3921/3921 3909/3909/3909 3920/3920/3920
f 3922/3922/3922 3918/3918/3918 3923/3923/3923
f 3925/3925/3925 3919/3919/3919 3924/3924/3924
f 3950/3950/3950 3936/3936/3936 3949/3949/3949
f 3951/3951/3951 3937/3937/3937 3950/3950/3950
f 3957/3957/3957 3947/3947/3947 3956/3956/3956
f 3958/3958/3958 3948/3948/3948 3957/3957/3957
f 3959/3959/3959 3949/3949/3949 3958/3958/3958
f 3965/3965/3965 3957/3957/3957 3964/3964/3964
f 3971/3971/3971 3964/3964/3964 3970/3970/3970
f 3977/3977/3977 3969/3969/3969 3976/3976/3976
f 3985/3985/3985 3977/3977/3977 3984/3984/3984
f 3990/3990/3990 3983/3983/3983 3989/3989/3989
f 3991/3991/3991 3984/3984/3984 3990/3990/3990
f 4003/4003/4003 3997/3997/3997 4002/4002/4002
f 4011/4011/4011 4005/4005/4005 4012/4012/4012
f 4020/4020/4020 4013/4013/4013 4019/4019/4019
f 4023/4023/4023 4017/4017/4017 4024/4024/4024
f 4026/4026/4026 4018/4018/4018 4025/4025/4025
f 4034/4034/4034 4025/4025/4025 4033/4033/4033
f 4040/4040/4040 4032/4032/4032 4041/4041/4041
f 4046/4046/4046 4035/4035/4035 4045/4045/4045
f 4050/4050/4050 4042/4042/4042 4051/4051/4051
f 4054/4054/4054 4043/4043/4043 4053/4053/4053
f 4057/4057/4057 4046/4046/4046 4056/4056/4056
f 4068/4068/4068 4063/4063/4063 4067/4067/4067
f 4069/4069/4069 4066/4066/4066 4070/4070/4070
f 4100/4100/4100 4091/4091/4091 4099/4099/4099
f 4109/4109/4109 4098/4098/4098 4108/4108/4108
f 4116/4116/4116 4106/4106/4106 4115/4115/4115
f 4118/4118/4118 4108/4108/4108 4117/4117/4117
f 4126/4126/4126 4120/4120/4120 4127/4127/4127
f 4128/4128/4128 4122/4122/4122 4129/4129/4129
f 4132/4132/4132 4123/4123/4123 4131/4131/4131
f 4135/4135/4135 4130/4130/4130 4136/4136/4136
f 4143/4143/4143 4136/4136/4136 4144/4144/4144
f 4148/4148/4148 4139/4139/4139 4147/4147/4147
f 4150/4150/4150 4141/4141/4141 4149/4149/4149
f 4153/4153/4153 4145/4145/4145 4152/4152/4152
f 4162/4162/4162 4154/4154/4154 4161/4161/4161
f 4165/4165/4165 4156/4156/4156 4164/4164/4164
f 4168/4168/4168 4159/4159/4159 4167/4167/4167
f 4174/4174/4174 4167/4167/4167 4173/4173/4173
f 4187/4187/4187 4180/4180/4180 4188/4188/4188
f 4195/4195/4195 4185/4185/4185 4194/4194/4194
f 4199/4199/4199 4189/4189/4189 4198/4198/4198
f 4204/4204/4204 4193/4193/4193 4203/4203/4203
f 4213/4213/4213 4202/4202/4202 4212/4212/4212
f 4217/4217/4217 4208/4208/4208 4216/4216/4216
f 4225/4225/4225 4220/4220/4220 4224/4224/4224
f 4269/4269/4269 4261/4261/4261 4268/4268/4268
f 4282/4282/4282 4275/4275/4275 4281/4281/4281
f 4294/4294/4294 4290/4290/4290 4295/4295/4295
f 4322/4322/4322 4314/4314/4314 4323/4323/4323
f 4326/4326/4326 4315/4315/4315 4325/4325/4325
f 4334/4334/4334 4324/4324/4324 4333/4333/4333
f 4339/4339/4339 4329/4329/4329 4338/4338/4338
f 4347/4347/4347 4343/4343/4343 4346/4346/4346
f 4348/4348/4348 4344/4344/4344 4347/4347/4347
f 4370/4370/4370 4361/4361/4361 4371/4371/4371
f 4382/4382/4382 4372/4372/4372 4381/4381/4381
f 4386/4386/4386 4380/4380/4380 4387/4387/4387
f 4393/4393/4393 4387/4387/4387 4394/4394/4394
f 4414/4414/4414 4405/4405/4405 4413/4413/4413
f 4416/4416/4416 4410/4410/4410 4417/4417/4417
f 4424/4424/4424 4418/4418/4418 4425/4425/4425
f 4425/4425/4425 4419/4419/4419 4426/4426/4426
f 4431/4431/4431 4424/4424/4424 4432/4432/4432
f 4432/4432/4432 4425/4425/4425 4433/4433/4433
f 4436/4436/4436 4427/4427/4427 4435/4435/4435
f 4439/4439/4439 4432/4432/4432 4440/4440/4440
f 4441/4441/4441 4434/4434/4434 4442/4442/4442
f 4448/4448/4448 4442/4442/4442 4449/4449/4449
f 4451/4451/4451 4443/4443/4443 4450/4450/4450
f 4454/4454/4454 4447/4447/4447 4455/4455/4455
f 4455/4455/4455 4448/4448/4448 4456/4456/4456
f 4456/4456/4456 4449/4449/4449 4457/4457/4457
f 4465/4465/4465 4458/4458/4458 4466/4466/4466
f 4469/4469/4469 4459/4459/4459 4468/4468/4468
f 4492/4492/4492 4484/4484/4484 4491/4491/4491
f 4519/4519/4519 4510/4510/4510 4520/4520/4520
f 4529/4529/4529 4520/4520/4520 4530/4530/4530
f 4536/4536/4536 4531/4531/4531 4537/4537/4537
f 4554/4554/4554 4546/4546/4546 4553/4553/4553
f 4557/4557/4557 4550/4550/4550 4558/4558/4558
f 4563/4563/4563 4559/4559/4559 4564/4564/4564
f 4572/4572/4572 4565/4565/4565 4571/4571/4571
f 4595/4595/4595 4587/4587/4587 4594/4594/4594
f 4600/4600/4600 4593/4593/4593 4601/4601/4601
f 4613/4613/4613 4602/4602/4602 4614/4614/4614
f 4618/4618/4618 4603/4603/4603 4617/4617/4617
f 4624/4624/4624 4615/4615/4615 4625/4625/4625
f 4626/4626/4626 4615/4615/4615 4625/4625/4625
f 4627/4627/4627 4616/4616/4616 4626/4626/4626
f 4650/4650/4650 4641/4641/4641 4651/4651/4651
f 4653/4653/4653 4644/4644/4644 4654/4654/4654
f 4655/4655/4655 4646/4646/4646 4656/4656/4656
f 4668/4668/4668 4659/4659/4659 4669/4669/4669
f 4669/4669/4669 4660/4660/4660 4670/4670/4670
f 4676/4676/4676 4669/4669/4669 4677/4677/4677
f 4697/4697/4697 4692/4692/4692 4696/4696/4696
f 4730/4730/4730 4717/4717/4717 4729/4729/4729
f 4737/4737/4737 4726/4726/4726 4738/4738/4738
f 4738/4738/4738 4727/4727/4727 4739/4739/4739
f 4794/4794/4794 4790/4790/4790 4793/4793/4793
f 4802/4802/4802 4797/4797/4797 4801/4801/4801
f 4816/4816/4816 4811/4811/4811 4815/4815/4815
f 4826/4826/4826 4820/4820/4820 4827/4827/4827
f 4850/4850/4850 4848/4848/4848 4851/4851/4851
f 4865/4865/4865 4852/4852/4852 4864/4864/4864
f 4866/4866/4866 4853/4853/4853 4865/4865/4865
f 4867/4867/4867 4862/4862/4862 4868/4868/4868
f 4876/4876/4876 4863/4863/4863 4875/4875/4875
f 4883/4883/4883 4875/4875/4875 4882/4882/4882
f 4898/4898/4898 4892/4892/4892 4897/4897/4897
f 4903/4903/4903 4897/4897/4897 4902/4902/4902
f 4910/4910/4910 4905/4905/4905 4909/4909/4909
f 4926/4926/4926 4920/4920/4920 4925/4925/4925
f 4935/4935/4935 4924/4924/4924 4934/4934/4934
f 4941/4941/4941 4931/4931/4931 4940/4940/4940
f 4942/4942/4942 4939/4939/4939 4943/4943/4943
f 4985/4985/4985 4978/4978/4978 4984/4984/4984
f 4987/4987/4987 4980/4980/4980 4986/4986/4986
f 4995/4995/4995 4991/4991/4991 4994/4994/4994
f 5005/5005/5005 4999/4999/4999 5004/5004/5004
f 5011/5011/5011 5005/5005/5005 5010/5010/5010
f 5021/5021/5021 5016/5016/5016 5020/5020/5020
f 5024/5024/5024 5018/5018/5018 5023/5023/5023
f 5029/5029/5029 5022/5022/5022 5028/5028/5028
f 5030/5030/5030 5023/5023/5023 5029/5029/5029
f 5035/5035/5035 5027/5027/5027 5034/5034/5034
f 5036/5036/5036 5028/5028/5028 5035/5035/5035
f 5043/5043/5043 5032/5032/5032 5042/5042/5042
f 5044/5044/5044 5033/5033/5033 5043/5043/5043
f 5045/5045/5045 5034/5034/5034 5044/5044/5044
f 5060/5060/5060 5051/5051/5051 5059/5059/5059
f 5061/5061/5061 5054/5054/5054 5062/5062/5062
f 5065/5065/5065 5058/5058/5058 5064/5064/5064
f 5078/5078/5078 5066/5066/5066 5077/5077/5077
f 5079/5079/5079 5067/5067/5067 5078/5078/5078
f 5087/5087/5087 5085/5085/5085 5088/5088/5088
f 5100/5100/5100 5094/5094/5094 5099/5099/5099
f 5104/5104/5104 5097/5097/5097 5103/5103/5103
f 5106/5106/5106 5099/5099/5099 5105/5105/5105
f 5108/5108/5108 5102/5102/5102 5107/5107/5107
f 5115/5115/5115 5108/5108/5108 5114/5114/5114
f 5119/5119/5119 5113/5113/5113 5118/5118/5118
f 5127/5127/5127 5121/5121/5121 5126/5126/5126
f 5131/5131/5131 5126/5126/5126 5130/5130/5130
f 5136/5136/5136 5131/5131/5131 5135/5135/5135
f 5142/5142/5142 5134/5134/5134 5141/5141/5141
f 5149/5149/5149 5139/5139/5139 5148/5148/5148
f 5150/5150/5150 5140/5140/5140 5149/5149/5149
f 5152/5152/5152 5143/5143/5143 5151/5151/5151
f 5157/5157/5157 5147/5147/5147 5156/5156/5156
f 5168/5168/5168 5160/5160/5160 5167/5167/5167
f 5175/5175/5175 5166/5166/5166 5174/5174/5174
f 5179/5179/5179 5170/5170/5170 5178/5178/5178
f 5192/5192/5192 5180/5180/5180 5191/5191/5191
f 5201/5201/5201 5187/5187/5187 5200/5200/5200
f 5214/5214/5214 5206/5206/5206 5213/5213/5213
f 5216/5216/5216 5209/5209/5209 5215/5215/5215
f 5217/5217/5217 5212/5212/5212 5218/5218/5218
f 5230/5230/5230 5225/5225/5225 5229/5229/5229
f 5239/5239/5239 5233/5233/5233 5238/5238/5238
f 5244/5244/5244 5238/5238/5238 5243/5243/5243
f 5246/5246/5246 5240/5240/5240 5245/5245/5245
f 5248/5248/5248 5242/5242/5242 5247/5247/5247
f 5254/5254/5254 5247/5247/5247 5253/5253/5253
f 5255/5255/5255 5248/5248/5248 5254/5254/5254
f 5273/5273/5273 5265/5265/5265 5272/5272/5272
f 5275/5275/5275 5267/5267/5267 5274/5274/5274
f 5279/5279/5279 5271/5271/5271 5278/5278/5278
f 5282/5282/5282 5275/5275/5275 5281/5281/5281
f 5294/5294/5294 5284/5284/5284 5293/5293/5293
f 5306/5306/5306 5299/5299/5299 5305/5305/5305
f 5322/5322/5322 5315/5315/5315 5321/5321/5321
f 5325/5325/5325 5318/5318/5318 5324/5324/5324
f 5332/5332/5332 5327/5327/5327 5331/5331/5331
f 5344/5344/5344 5338/5338/5338 5343/5343/5343
f 5350/5350/5350 5343/5343/5343 5349/5349/5349
f 5352/5352/5352 5345/5345/5345 5351/5351/5351
f 5357/5357/5357 5348/5348/5348 5356/5356/5356
f 5360/5360/5360 5352/5352/5352 5359/5359/5359
f 5365/5365/5365 5355/5355/5355 5364/5364/5364
f 5374/5374/5374 5363/5363/5363 5373/5373/5373
f 5376/5376/5376 5365/5365/5365 5375/5375/5375
f 5380/5380/5380 5371/5371/5371 5379/5379/5379
f 5381/5381/5381 5372/5372/5372 5380/5380/5380
f 5383/5383/5383 5374/5374/5374 5382/5382/5382
f 5394/5394/5394 5384/5384/5384 5393/5393/5393
f 5411/5411/5411 5405/5405/5405 5410/5410/5410
f 5423/5423/5423 5418/5418/5418 5422/5422/5422
f 5424/5424/5424 5419/5419/5419 5423/5423/5423
f 5439/5439/5439 5432/5432/5432 5438/5438/5438
f 5446/5446/5446 5437/5437/5437 5445/5445/5445
f 5453/5453/5453 5445/5445/5445 5452/5452/5452
f 5461/5461/5461 5451/5451/5451 5460/5460/5460
f 5464/5464/5464 5456/5456/5456 5463/5463/5463
f 5467/5467/5467 5459/5459/5459 5466/5466/5466
f 5470/5470/5470 5464/5464/5464 5469/5469/5469
f 5471/5471/5471 5465/5465/5465 5470/5470/5470
f 5499/5499/5499 5494/5494/5494 5498/5498/5498
f 5503/5503/5503 5498/5498/5498 5502/5502/5502
f 5504/5504/5504 5499/5499/5499 5503/5503/5503
f 5508/5508/5508 5502/5502/5502 5507/5507/5507
f 5515/5515/5515 5507/5507/5507 5514/5514/5514
f 5516/5516/5516 5508/5508/5508 5515/5515/5515
f 5526/5526/5526 5513/5513/5513 5525/5525/5525
f 5529/5529/5529 5516/5516/5516 5528/5528/5528
f 5534/5534/5534 5522/5522/5522 5533/5533/5533
f 5535/5535/5535 5523/5523/5523 5534/5534/5534
f 5536/5536/5536 5524/5524/5524 5535/5535/5535
f 5539/5539/5539 5527/5527/5527 5538/5538/5538
f 5542/5542/5542 5534/5534/5534 5541/5541/5541
f 5543/5543/5543 5535/5535/5535 5542/5542/5542
f 5544/5544/5544 5536/5536/5536 5543/5543/5543
f 5546/5546/5546 5538/5538/5538 5545/5545/5545
f 5550/5550/5550 5543/5543/5543 5549/5549/5549
f 5551/5551/5551 5544/5544/5544 5550/5550/5550
f 5577/5577/5577 5573/5573/5573 5576/5576/5576
f 5582/5582/5582 5576/5576/5576 5581/5581/5581
f 5587/5587/5587 5580/5580/5580 5586/5586/5586
f 5596/5596/5596 5585/5585/5585 5595/5595/5595
f 5597/5597/5597 5586/5586/5586 5596/5596/5596
f 5600/5600/5600 5593/5593/5593 5599/5599/5599
f 38/38/38 1/1/1 37/37/37
f 40/40/40 3/3/3 39/39/39
f 41/41/41 4/4/4 40/40/40
f 44/44/44 7/7/7 43/43/43
f 49/49/49 12/12/12 48/48/48
f 64/64/64 25/25/25 65/65/65
f 67/67/67 27/27/27 68/68/68
f 69/69/69 29/29/29 70/70/70
f 72/72/72 31/31/31 73/73/73
f 73/73/73 32/32/32 74/74/74
f 74/74/74 33/33/33 75/75/75
f 77/77/77 36/36/36 78/78/78
f 82/82/82 38/38/38 81/81/81
f 83/83/83 39/39/39 82/82/82
f 84/84/84 40/40/40 83/83/83
f 87/87/87 43/43/43 86/86/86
f 91/91/91 46/46/46 90/90/90
f 112/112/112 63/63/63 113/113/113
f 114/114/114 66/66/66 115/115/115
f 121/121/121 68/68/68 122/122/122
f 123/123/123 71/71/71 124/124/124
f 131/131/131 73/73/73 132/132/132
f 132/132/132 74/74/74 133/133/133
f 133/133/133 75/75/75 134/134/134
f 137/137/137 79/79/79 138/138/138
f 158/158/158 81/81/81 157/157/157
f 163/163/163 86/86/86 162/162/162
f 164/164/164 87/87/87 163/163/163
f 168/168/168 90/90/90 167/167/167
f 216/216/216 132/132/132 217/217/217
f 217/217/217 133/133/133 218/218/218
f 221/221/221 145/145/145 222/222/222
f 227/227/227 148/148/148 228/228/228
f 228/228/228 149/149/149 229/229/229
f 230/230/230 151/151/151 231/231/231
f 231/231/231 152/152/152 232/232/232
f 232/232/232 153/153/153 233/233/233
f 233/233/233 154/154/154 234/234/234
f 234/234/234 155/155/155 235/235/235
f 249/249/249 156/156/156 248/248/248
f 250/250/250 157/157/157 249/249/249
f 256/256/256 163/163/163 255/255/255
f 257/257/257 164/164/164 256/256/256
f 267/267/267 171/171/171 266/266/266
f 300/300/300 217/217/217 301/301/301
f 303/303/303 224/224/224 304/304/304
f 309/309/309 227/227/227 310/310/310
f 313/313/313 235/235/235 314/314/314
f 324/324/324 243/243/243 325/325/325
f 325/325/325 244/244/244 326/326/326
f 329/329/329 247/247/247 330/330/330
f 342/342/342 248/248/248 341/341/341
f 347/347/347 253/253/253 346/346/346
f 350/350/350 256/256/256 349/349/349
f 354/354/354 260/260/260 353/353/353
f 380/380/380 291/291/291 381/381/381
f 388/388/388 301/301/301 389/389/389
f 390/390/390 306/306/306 391/391/391
f 402/402/402 328/328/328 403/403/403
f 403/403/403 329/329/329 404/404/404
f 405/405/405 331/331/331 406/406/406
f 412/412/412 335/335/335 413/413/413
f 413/413/413 336/336/336 414/414/414
f 415/415/415 338/338/338 416/416/416
f 426/426/426 339/339/339 425/425/425
f 430/430/430 341/341/341 429/429/429
f 434/434/434 345/345/345 433/433/433
f 435/435/435 346/346/346 434/434/434
f 438/438/438 349/349/349 437/437/437
f 439/439/439 350/350/350 438/438/438
f 440/440/440 351/351/351 439/439/439
f 443/443/443 354/354/354 442/442/442
f 448/448/448 358/358/358 447/447/447
f 465/465/465 377/377/377 466/466/466
f 471/471/471 385/385/385 472/472/472
f 473/473/473 387/387/387 474/474/474
f 475/475/475 389/389/389 476/476/476
f 479/479/479 394/394/394 480/480/480
f 482/482/482 397/397/397 483/483/483
f 486/486/486 407/407/407 487/487/487
f 492/492/492 412/412/412 493/493/493
f 493/493/493 413/413/413 494/494/494
f 496/496/496 417/417/417 497/497/497
f 497/497/497 418/418/418 498/498/498
f 508/508/508 423/423/423 509/509/509
f 529/529/529 424/424/424 528/528/528
f 530/530/530 425/425/425 529/529/529
f 533/533/533 428/428/428 532/532/532
f 537/537/537 432/432/432 536/536/536
f 538/538/538 433/433/433 537/537/537
f 541/541/541 438/438/438 540/540/540
f 542/542/542 439/439/439 541/541/541
f 545/545/545 442/442/442 544/544/544
f 546/546/546 443/443/443 545/545/545
f 555/555/555 452/452/452 554/554/554
f 569/569/569 469/469/469 570/570/570
f 574/574/574 474/474/474 575/575/575
f 580/580/580 479/479/479 581/581/581
f 583/583/583 483/483/483 584/584/584
f 587/587/587 487/487/487 588/588/588
f 593/593/593 500/500/500 594/594/594
f 601/601/601 505/505/505 602/602/602
f 602/602/602 506/506/506 603/603/603
f 614/614/614 518/518/518 615/615/615
f 628/628/628 524/524/524 629/629/629
f 638/638/638 526/526/526 639/639/639
f 643/643/643 527/527/527 642/642/642
f 645/645/645 529/529/529 644/644/644
f 650/650/650 534/534/534 649/649/649
f 651/651/651 535/535/535 650/650/650
f 652/652/652 536/536/536 651/651/651
f 655/655/655 540/540/540 654/654/654
f 656/656/656 541/541/541 655/655/655
f 660/660/660 545/545/545 659/659/659
f 661/661/661 546/546/546 660/660/660
f 677/677/677 563/563/563 678/678/678
f 681/681/681 566/566/566 682/682/682
f 687/687/687 572/572/572 688/688/688
f 692/692/692 577/577/577 693/693/693
f 694/694/694 579/579/579 695/695/695
f 707/707/707 595/595/595 708/708/708
f 708/708/708 596/596/596 709/709/709
f 726/726/726 632/632/632 727/727/727
f 727/727/727 633/633/633 728/728/728
f 728/728/728 634/634/634 729/729/729
f 729/729/729 635/635/635 730/730/730
f 730/730/730 636/636/636 731/731/731
f 731/731/731 637/637/637 732/732/732
f 734/734/734 640/640/640 735/735/735
f 746/746/746 643/643/643 745/745/745
f 747/747/747 644/644/644 746/746/746
f 752/752/752 648/648/648 751/751/751
f 754/754/754 650/650/650 753/753/753
f 758/758/758 654/654/654 757/757/757
f 762/762/762 658/658/658 761/761/761
f 763/763/763 659/659/659 762/762/762
f 764/764/764 660/660/660 763/763/763
f 765/765/765 661/661/661 764/764/764
f 785/785/785 682/682/682 786/786/786
f 791/791/791 686/686/686 792/792/792
f 794/794/794 688/688/688 795/795/795
f 796/796/796 690/690/690 797/797/797
f 802/802/802 699/699/699 803/803/803
f 805/805/805 703/703/703 806/806/806
f 810/810/810 708/708/708 811/811/811
f 840/840/840 740/740/740 841/841/841
f 841/841/841 741/741/741 842/842/842
f 842/842/842 742/742/742 843/843/843
f 849/849/849 745/745/745 848/848/848
f 850/850/850 746/746/746 849/849/849
f 851/851/851 747/747/747 850/850/850
f 852/852/852 748/748/748 851/851/851
f 855/855/855 752/752/752 854/854/854
f 856/856/856 753/753/753 855/855/855
f 862/862/862 758/758/758 861/861/861
f 863/863/863 759/759/759 862/862/862
f 865/865/865 761/761/761 864/864/864
f 866/866/866 762/762/762 865/865/865
f 867/867/867 763/763/763 866/866/866
f 868/868/868 764/764/764 867/867/867
f 869/869/869 765/765/765 868/868/868
f 885/885/885 782/782/782 886/886/886
f 890/890/890 787/787/787 891/891/891
f 894/894/894 789/789/789 893/893/893
f 897/897/897 795/795/795 898/898/898
f 899/899/899 797/797/797 900/900/900
f 908/908/908 807/807/807 909/909/909
f 913/913/913 812/812/812 914/914/914
f 915/915/915 814/814/814 916/916/916
f 916/916/916 815/815/815 917/917/917
f 925/925/925 822/822/822 926/926/926
f 936/936/936 828/828/828 937/937/937
f 957/957/957 844/844/844 958/958/958
f 965/965/965 849/849/849 964/964/964
f 966/966/966 850/850/850 965/965/965
f 969/969/969 854/854/854 968/968/968
f 970/970/970 855/855/855 969/969/969
f 971/971/971 856/856/856 970/970/970
f 976/976/976 859/859/859 975/975/975
f 979/979/979 865/865/865 978/978/978
f 982/982/982 868/868/868 981/981/981
f 987/987/987 872/872/872 986/986/986
f 989/989/989 874/874/874 988/988/988
f 1001/1001/1001 880/880/880 1000/1000/1000
f 1011/1011/1011 887/887/887 1012/1012/1012
f 1019/1019/1019 892/892/892 1020/1020/1020
f 1030/1030/1030 898/898/898 1031/1031/1031
f 1048/1048/1048 909/909/909 1049/1049/1049
f 1052/1052/1052 912/912/912 1053/1053/1053
f 1084/1084/1084 934/934/934 1085/1085/1085
f 1087/1087/1087 937/937/937 1088/1088/1088
f 1088/1088/1088 938/938/938 1089/1089/1089
f 1095/1095/1095 947/947/947 1096/1096/1096
f 1097/1097/1097 949/949/949 1098/1098/1098
f 1105/1105/1105 959/959/959 1106/1106/1106
f 1116/1116/1116 970/970/970 1115/1115/1115
f 1117/1117/1117 971/971/971 1116/1116/1116
f 1121/1121/1121 975/975/975 1120/1120/1120
f 1124/1124/1124 979/979/979 1123/1123/1123
f 1125/1125/1125 980/980/980 1124/1124/1124
f 1126/1126/1126 981/981/981 1125/1125/1125
f 1127/1127/1127 982/982/982 1126/1126/1126
f 1143/1143/1143 1003/1003/1003 1144/1144/1144
f 1147/1147/1147 1004/1004/1004 1146/1146/1146
f 1151/1151/1151 1013/1013/1013 1152/1152/1152
f 1160/1160/1160 1021/1021/1021 1159/1159/1159
f 1160/1160/1160 1023/1023/1023 1161/1161/1161
f 1164/1164/1164 1024/1024/1024 1163/1163/1163
f 1173/1173/1173 1032/1032/1032 1172/1172/1172
f 1175/1175/1175 1034/1034/1034 1174/1174/1174
f 1178/1178/1178 1037/1037/1037 1179/1179/1179
f 1195/1195/1195 1047/1047/1047 1196/1196/1196
f 1202/1202/1202 1053/1053/1053 1203/1203/1203
f 1205/1205/1205 1056/1056/1056 1206/1206/1206
f 1211/1211/1211 1065/1065/1065 1212/1212/1212
f 1213/1213/1213 1068/1068/1068 1214/1214/1214
f 1219/1219/1219 1075/1075/1075 1220/1220/1220
f 1221/1221/1221 1077/1077/1077 1222/1222/1222
f 1222/1222/1222 1078/1078/1078 1223/1223/1223
f 1230/1230/1230 1089/1089/1089 1231/1231/1231
f 1239/1239/1239 1099/1099/1099 1240/1240/1240
f 1248/1248/1248 1107/1107/1107 1249/1249/1249
f 1257/1257/1257 1116/1116/1116 1256/1256/1256
f 1258/1258/1258 1117/1117/1117 1257/1257/1257
f 1260/1260/1260 1119/1119/1119 1259/1259/1259
f 1263/1263/1263 1123/1123/1123 1262/1262/1262
f 1265/1265/1265 1125/1125/1125 1264/1264/1264
f 1266/1266/1266 1126/1126/1126 1265/1265/1265
f 1270/1270/1270 1130/1130/1130 1269/1269/1269
f 1273/1273/1273 1133/1133/1133 1272/1272/1272
f 1275/1275/1275 1135/1135/1135 1274/1274/1274
f 1277/1277/1277 1139/1139/1139 1278/1278/1278
f 1283/1283/1283 1145/1145/1145 1284/1284/1284
f 1286/1286/1286 1146/1146/1146 1285/1285/1285
f 1303/1303/1303 1165/1165/1165 1302/1302/1302
f 1320/1320/1320 1184/1184/1184 1321/1321/1321
f 1322/1322/1322 1186/1186/1186 1323/1323/1323
f 1324/1324/1324 1188/1188/1188 1325/1325/1325
f 1337/1337/1337 1203/1203/1203 1338/1338/1338
f 1341/1341/1341 1207/1207/1207 1342/1342/1342
f 1355/1355/1355 1220/1220/1220 1356/1356/1356
f 1364/1364/1364 1232/1232/1232 1365/1365/1365
f 1370/1370/1370 1236/1236/1236 1371/1371/1371
f 1375/1375/1375 1241/1241/1241 1376/1376/1376
f 1382/1382/1382 1248/1248/1248 1383/1383/1383
f 1384/1384/1384 1250/1250/1250 1385/1385/1385
f 1391/1391/1391 1255/1255/1255 1390/1390/1390
f 1392/1392/1392 1256/1256/1256 1391/1391/1391
f 1394/1394/1394 1258/1258/1258 1393/1393/1393
f 1400/1400/1400 1264/1264/1264 1399/1399/1399
f 1401/1401/1401 1265/1265/1265 1400/1400/1400
f 1406/1406/1406 1270/1270/1270 1405/1405/1405
f 1410/1410/1410 1274/1274/1274 1409/1409/1409
f 1427/1427/1427 1287/1287/1287 1426/1426/1426
f 1454/1454/1454 1312/1312/1312 1455/1455/1455
f 1459/1459/1459 1316/1316/1316 1460/1460/1460
f 1469/1469/1469 1325/1325/1325 1470/1470/1470
f 1487/1487/1487 1340/1340/1340 1488/1488/1488
f 1491/1491/1491 1343/1343/1343 1492/1492/1492
f 1499/1499/1499 1348/1348/1348 1498/1498/1498
f 1500/1500/1500 1351/1351/1351 1501/1501/1501
f 1511/1511/1511 1362/1362/1362 1512/1512/1512
f 1516/1516/1516 1366/1366/1366 1517/1517/1517
f 1522/1522/1522 1374/1374/1374 1523/1523/1523
f 1524/1524/1524 1376/1376/1376 1525/1525/1525
f 1525/1525/1525 1377/1377/1377 1526/1526/1526
f 1530/1530/1530 1381/1381/1381 1531/1531/1531
f 1532/1532/1532 1384/1384/1384 1533/1533/1533
f 1533/1533/1533 1385/1385/1385 1534/1534/1534
f 1546/1546/1546 1389/1389/1389 1545/1545/1545
f 1548/1548/1548 1391/1391/1391 1547/1547/1547
f 1550/1550/1550 1393/1393/1393 1549/1549/1549
f 1555/1555/1555 1396/1396/1396 1554/1554/1554
f 1557/1557/1557 1398/1398/1398 1556/1556/1556
f 1560/1560/1560 1401/1401/1401 1559/1559/1559
f 1562/1562/1562 1403/1403/1403 1561/1561/1561
f 1569/1569/1569 1409/1409/1409 1568/1568/1568
f 1576/1576/1576 1417/1417/1417 1575/1575/1575
f 1582/1582/1582 1425/1425/1425 1581/1581/1581
f 1589/1589/1589 1437/1437/1437 1588/1588/1588
f 1598/1598/1598 1456/1456/1456 1599/1599/1599
f 1608/1608/1608 1468/1468/1468 1609/1609/1609
f 1617/1617/1617 1476/1476/1476 1616/1616/1616
f 1624/1624/1624 1489/1489/1489 1625/1625/1625
f 1635/1635/1635 1501/1501/1501 1636/1636/1636
f 1638/1638/1638 1505/1505/1505 1639/1639/1639
f 1654/1654/1654 1517/1517/1517 1655/1655/1655
f 1658/1658/1658 1521/1521/1521 1659/1659/1659
f 1677/1677/1677 1539/1539/1539 1678/1678/1678
f 1682/1682/1682 1542/1542/1542 1683/1683/1683
f 1685/1685/1685 1544/1544/1544 1686/1686/1686
f 1690/1690/1690 1545/1545/1545 1689/1689/1689
f 1691/1691/1691 1546/1546/1546 1690/1690/1690
f 1692/1692/1692 1547/1547/1547 1691/1691/1691
f 1693/1693/1693 1548/1548/1548 1692/1692/1692
f 1694/1694/1694 1549/1549/1549 1693/1693/1693
f 1695/1695/1695 1550/1550/1550 1694/1694/1694
f 1701/1701/1701 1553/1553/1553 1700/1700/1700
f 1704/1704/1704 1556/1556/1556 1703/1703/1703
f 1706/1706/1706 1558/1558/1558 1705/1705/1705
f 1709/1709/1709 1561/1561/1561 1708/1708/1708
f 1710/1710/1710 1562/1562/1562 1709/1709/1709
f 1715/1715/1715 1567/1567/1567 1714/1714/1714
f 1722/1722/1722 1574/1574/1574 1721/1721/1721
f 1725/1725/1725 1579/1579/1579 1726/1726/1726
f 1738/1738/1738 1594/1594/1594 1737/1737/1737
f 1758/1758/1758 1641/1641/1641 1759/1759/1759
f 1763/1763/1763 1649/1649/1649 1764/1764/1764
f 1771/1771/1771 1660/1660/1660 1772/1772/1772
f 1787/1787/1787 1673/1673/1673 1788/1788/1788
f 1796/1796/1796 1682/1682/1682 1797/1797/1797
f 1801/1801/1801 1687/1687/1687 1802/1802/1802
f 1802/1802/1802 1688/1688/1688 1803/1803/1803
f 1808/1808/1808 1689/1689/1689 1807/1807/1807
f 1810/1810/1810 1691/1691/1691 1809/1809/1809
f 1811/1811/1811 1692/1692/1692 1810/1810/1810
f 1812/1812/1812 1693/1693/1693 1811/1811/1811
f 1814/1814/1814 1695/1695/1695 1813/1813/1813
f 1816/1816/1816 1697/1697/1697 1815/1815/1815
f 1817/1817/1817 1698/1698/1698 1816/1816/1816
f 1818/1818/1818 1699/1699/1699 1817/1817/1817
f 1822/1822/1822 1703/1703/1703 1821/1821/1821
f 1823/1823/1823 1704/1704/1704 1822/1822/1822
f 1824/1824/1824 1705/1705/1705 1823/1823/1823
f 1843/1843/1843 1729/1729/1729 1842/1842/1842
f 1854/1854/1854 1741/1741/1741 1853/1853/1853
f 1858/1858/1858 1745/1745/1745 1859/1859/1859
f 1869/1869/1869 1755/1755/1755 1870/1870/1870
f 1873/1873/1873 1761/1761/1761 1874/1874/1874
f 1877/1877/1877 1768/1768/1768 1878/1878/1878
f 1882/1882/1882 1774/1774/1774 1883/1883/1883
f 1886/1886/1886 1780/1780/1780 1887/1887/1887
f 1888/1888/1888 1783/1783/1783 1889/1889/1889
f 1899/1899/1899 1796/1796/1796 1900/1900/1900
f 1900/1900/1900 1797/1797/1797 1901/1901/1901
f 1901/1901/1901 1798/1798/1798 1902/1902/1902
f 1904/1904/1904 1801/1801/1801 1905/1905/1905
f 1907/1907/1907 1804/1804/1804 1908/1908/1908
f 1908/1908/1908 1805/1805/1805 1909/1909/1909
f 1921/1921/1921 1806/1806/1806 1920/1920/1920
f 1922/1922/1922 1807/1807/1807 1921/1921/1921
f 1925/1925/1925 1810/1810/1810 1924/1924/1924
f 1926/1926/1926 1811/1811/1811 1925/1925/1925
f 1927/1927/1927 1812/1812/1812 1926/1926/1926
f 1929/1929/1929 1814/1814/1814 1928/1928/1928
f 1932/1932/1932 1817/1817/1817 1931/1931/1931
f 1936/1936/1936 1821/1821/1821 1935/1935/1935
f 1938/1938/1938 1823/1823/1823 1937/1937/1937
f 1939/1939/1939 1824/1824/1824 1938/1938/1938
f 1944/1944/1944 1828/1828/1828 1943/1943/1943
f 1969/1969/1969 1850/1850/1850 1968/1968/1968
f 1972/1972/1972 1856/1856/1856 1973/1973/1973
f 1981/1981/1981 1865/1865/1865 1982/1982/1982
f 1988/1988/1988 1872/1872/1872 1989/1989/1989
f 1990/1990/1990 1875/1875/1875 1991/1991/1991
f 1993/1993/1993 1878/1878/1878 1994/1994/1994
f 1994/1994/1994 1879/1879/1879 1995/1995/1995
f 1997/1997/1997 1881/1881/1881 1998/1998/1998
f 1999/1999/1999 1885/1885/1885 2000/2000/2000
f 2003/2003/2003 1887/1887/1887 2004/2004/2004
f 2008/2008/2008 1894/1894/1894 2009/2009/2009
f 2011/2011/2011 1900/1900/1900 2012/2012/2012
f 2012/2012/2012 1901/1901/1901 2013/2013/2013
f 2013/2013/2013 1902/1902/1902 2014/2014/2014
f 2015/2015/2015 1904/1904/1904 2016/2016/2016
f 2019/2019/2019 1912/1912/1912 2020/2020/2020
f 2023/2023/2023 1916/1916/1916 2024/2024/2024
f 2025/2025/2025 1918/1918/1918 2026/2026/2026
f 2034/2034/2034 1920/1920/1920 2033/2033/2033
f 2041/2041/2041 1927/1927/1927 2040/2040/2040
f 2042/2042/2042 1928/1928/1928 2041/2041/2041
f 2044/2044/2044 1930/1930/1930 2043/2043/2043
f 2045/2045/2045 1931/1931/1931 2044/2044/2044
f 2051/2051/2051 1937/1937/1937 2050/2050/2050
f 2052/2052/2052 1938/1938/1938 2051/2051/2051
f 2053/2053/2053 1939/1939/1939 2052/2052/2052
f 2121/2121/2121 1982/1982/1982 2122/2122/2122
f 2123/2123/2123 1984/1984/1984 2124/2124/2124
f 2136/2136/2136 1996/1996/1996 2137/2137/2137
f 2138/2138/2138 1998/1998/1998 2139/2139/2139
f 2140/2140/2140 2001/2001/2001 2141/2141/2141
f 2141/2141/2141 2002/2002/2002 2142/2142/2142
f 2144/2144/2144 2005/2005/2005 2145/2145/2145
f 2146/2146/2146 2007/2007/2007 2147/2147/2147
f 2148/2148/2148 2010/2010/2010 2149/2149/2149
f 2152/2152/2152 2013/2013/2013 2153/2153/2153
f 2153/2153/2153 2014/2014/2014 2154/2154/2154
f 2155/2155/2155 2017/2017/2017 2156/2156/2156
f 2163/2163/2163 2023/2023/2023 2164/2164/2164
f 2164/2164/2164 2024/2024/2024 2165/2165/2165
f 2169/2169/2169 2028/2028/2028 2168/2168/2168
f 2174/2174/2174 2032/2032/2032 2173/2173/2173
f 2178/2178/2178 2036/2036/2036 2177/2177/2177
f 2184/2184/2184 2042/2042/2042 2183/2183/2183
f 2185/2185/2185 2043/2043/2043 2184/2184/2184
f 2186/2186/2186 2044/2044/2044 2185/2185/2185
f 2187/2187/2187 2045/2045/2045 2186/2186/2186
f 2188/2188/2188 2046/2046/2046 2187/2187/2187
f 2191/2191/2191 2049/2049/2049 2190/2190/2190
f 2203/2203/2203 2060/2060/2060 2202/2202/2202
f 2215/2215/2215 2102/2102/2102 2216/2216/2216
f 2216/2216/2216 2103/2103/2103 2217/2217/2217
f 2217/2217/2217 2104/2104/2104 2218/2218/2218
f 2218/2218/2218 2105/2105/2105 2219/2219/2219
f 2220/2220/2220 2107/2107/2107 2221/2221/2221
f 2222/2222/2222 2110/2110/2110 2223/2223/2223
f 2234/2234/2234 2118/2118/2118 2235/2235/2235
f 2245/2245/2245 2129/2129/2129 2246/2246/2246
f 2279/2279/2279 2152/2152/2152 2280/2280/2280
f 2280/2280/2280 2153/2153/2153 2281/2281/2281
f 2283/2283/2283 2156/2156/2156 2284/2284/2284
f 2288/2288/2288 2160/2160/2160 2289/2289/2289
f 2296/2296/2296 2168/2168/2168 2295/2295/2295
f 2297/2297/2297 2169/2169/2169 2296/2296/2296
f 2301/2301/2301 2173/2173/2173 2300/2300/2300
f 2304/2304/2304 2176/2176/2176 2303/2303/2303
f 2305/2305/2305 2177/2177/2177 2304/2304/2304
f 2306/2306/2306 2178/2178/2178 2305/2305/2305
f 2309/2309/2309 2181/2181/2181 2308/2308/2308
f 2310/2310/2310 2182/2182/2182 2309/2309/2309
f 2313/2313/2313 2185/2185/2185 2312/2312/2312
f 2314/2314/2314 2186/2186/2186 2313/2313/2313
f 2315/2315/2315 2187/2187/2187 2314/2314/2314
f 2316/2316/2316 2188/2188/2188 2315/2315/2315
f 2318/2318/2318 2190/2190/2190 2317/2317/2317
f 2320/2320/2320 2193/2193/2193 2319/2319/2319
f 2322/2322/2322 2195/2195/2195 2321/2321/2321
f 2323/2323/2323 2196/2196/2196 2322/2322/2322
f 2324/2324/2324 2197/2197/2197 2323/2323/2323
f 2325/2325/2325 2198/2198/2198 2324/2324/2324
f 2344/2344/2344 2224/2224/2224 2345/2345/2345
f 2345/2345/2345 2225/2225/2225 2346/2346/2346
f 2349/2349/2349 2229/2229/2229 2350/2350/2350
f 2351/2351/2351 2231/2231/2231 2352/2352/2352
f 2361/2361/2361 2239/2239/2239 2362/2362/2362
f 2369/2369/2369 2246/2246/2246 2370/2370/2370
f 2376/2376/2376 2249/2249/2249 2377/2377/2377
f 2378/2378/2378 2251/2251/2251 2379/2379/2379
f 2390/2390/2390 2257/2257/2257 2391/2391/2391
f 2393/2393/2393 2259/2259/2259 2394/2394/2394
f 2403/2403/2403 2269/2269/2269 2404/2404/2404
f 2406/2406/2406 2271/2271/2271 2407/2407/2407
f 2412/2412/2412 2274/2274/2274 2411/2411/2411
f 2416/2416/2416 2280/2280/2280 2417/2417/2417
f 2417/2417/2417 2281/2281/2281 2418/2418/2418
f 2418/2418/2418 2282/2282/2282 2419/2419/2419
f 2423/2423/2423 2284/2284/2284 2424/2424/2424
f 2427/2427/2427 2287/2287/2287 2428/2428/2428
f 2428/2428/2428 2288/2288/2288 2429/2429/2429
f 2429/2429/2429 2289/2289/2289 2430/2430/2430
f 2430/2430/2430 2290/2290/2290 2431/2431/2431
f 2441/2441/2441 2295/2295/2295 2440/2440/2440
f 2443/2443/2443 2297/2297/2297 2442/2442/2442
f 2444/2444/2444 2298/2298/2298 2443/2443/2443
f 2447/2447/2447 2301/2301/2301 2446/2446/2446
f 2449/2449/2449 2303/2303/2303 2448/2448/2448
f 2450/2450/2450 2304/2304/2304 2449/2449/2449
f 2451/2451/2451 2305/2305/2305 2450/2450/2450
f 2453/2453/2453 2307/2307/2307 2452/2452/2452
f 2456/2456/2456 2313/2313/2313 2455/2455/2455
f 2458/2458/2458 2315/2315/2315 2457/2457/2457
f 2460/2460/2460 2317/2317/2317 2459/2459/2459
f 2462/2462/2462 2319/2319/2319 2461/2461/2461
f 2463/2463/2463 2320/2320/2320 2462/2462/2462
f 2464/2464/2464 2321/2321/2321 2463/2463/2463
f 2471/2471/2471 2327/2327/2327 2470/2470/2470
f 2478/2478/2478 2333/2333/2333 2477/2477/2477
f 2482/2482/2482 2336/2336/2336 2481/2481/2481
f 2492/2492/2492 2341/2341/2341 2493/2493/2493
f 2498/2498/2498 2352/2352/2352 2499/2499/2499
f 2499/2499/2499 2353/2353/2353 2500/2500/2500
f 2500/2500/2500 2354/2354/2354 2501/2501/2501
f 2501/2501/2501 2355/2355/2355 2502/2502/2502
f 2502/2502/2502 2356/2356/2356 2503/2503/2503
f 2529/2529/2529 2375/2375/2375 2530/2530/2530
f 2541/2541/2541 2385/2385/2385 2542/2542/2542
f 2547/2547/2547 2392/2392/2392 2548/2548/2548
f 2550/2550/2550 2395/2395/2395 2551/2551/2551
f 2560/2560/2560 2405/2405/2405 2561/2561/2561
f 2569/2569/2569 2420/2420/2420 2570/2570/2570
f 2575/2575/2575 2430/2430/2430 2576/2576/2576
f 2576/2576/2576 2431/2431/2431 2577/2577/2577
f 2577/2577/2577 2432/2432/2432 2578/2578/2578
f 2578/2578/2578 2433/2433/2433 2579/2579/2579
f 2584/2584/2584 2439/2439/2439 2583/2583/2583
f 2585/2585/2585 2440/2440/2440 2584/2584/2584
f 2588/2588/2588 2443/2443/2443 2587/2587/2587
f 2591/2591/2591 2447/2447/2447 2590/2590/2590
f 2592/2592/2592 2448/2448/2448 2591/2591/2591
f 2594/2594/2594 2450/2450/2450 2593/2593/2593
f 2596/2596/2596 2452/2452/2452 2595/2595/2595
f 2600/2600/2600 2457/2457/2457 2599/2599/2599
f 2604/2604/2604 2461/2461/2461 2603/2603/2603
f 2607/2607/2607 2464/2464/2464 2606/2606/2606
f 2608/2608/2608 2465/2465/2465 2607/2607/2607
f 2609/2609/2609 2466/2466/2466 2608/2608/2608
f 2618/2618/2618 2476/2476/2476 2617/2617/2617
f 2630/2630/2630 2488/2488/2488 2629/2629/2629
f 2647/2647/2647 2496/2496/2496 2646/2646/2646
f 2651/2651/2651 2500/2500/2500 2652/2652/2652
f 2654/2654/2654 2503/2503/2503 2655/2655/2655
f 2661/2661/2661 2507/2507/2507 2662/2662/2662
f 2667/2667/2667 2510/2510/2510 2668/2668/2668
f 2670/2670/2670 2512/2512/2512 2671/2671/2671
f 2686/2686/2686 2526/2526/2526 2687/2687/2687
f 2690/2690/2690 2531/2531/2531 2691/2691/2691
f 2697/2697/2697 2540/2540/2540 2698/2698/2698
f 2706/2706/2706 2552/2552/2552 2707/2707/2707
f 2708/2708/2708 2554/2554/2554 2709/2709/2709
f 2712/2712/2712 2559/2559/2559 2713/2713/2713
f 2716/2716/2716 2562/2562/2562 2717/2717/2717
f 2728/2728/2728 2573/2573/2573 2729/2729/2729
f 2731/2731/2731 2577/2577/2577 2732/2732/2732
f 2732/2732/2732 2578/2578/2578 2733/2733/2733
f 2749/2749/2749 2590/2590/2590 2748/2748/2748
f 2753/2753/2753 2594/2594/2594 2752/2752/2752
f 2756/2756/2756 2598/2598/2598 2755/2755/2755
f 2758/2758/2758 2600/2600/2600 2757/2757/2757
f 2764/2764/2764 2606/2606/2606 2763/2763/2763
f 2765/2765/2765 2607/2607/2607 2764/2764/2764
f 2766/2766/2766 2608/2608/2608 2765/2765/2765
f 2768/2768/2768 2610/2610/2610 2767/2767/2767
f 2770/2770/2770 2612/2612/2612 2769/2769/2769
f 2778/2778/2778 2621/2621/2621 2777/2777/2777
f 2784/2784/2784 2628/2628/2628 2783/2783/2783
f 2806/2806/2806 2654/2654/2654 2807/2807/2807
f 2807/2807/2807 2655/2655/2655 2808/2808/2808
f 2812/2812/2812 2662/2662/2662 2813/2813/2813
f 2818/2818/2818 2669/2669/2669 2819/2819/2819
f 2830/2830/2830 2685/2685/2685 2831/2831/2831
f 2832/2832/2832 2687/2687/2687 2833/2833/2833
f 2836/2836/2836 2692/2692/2692 2837/2837/2837
f 2848/2848/2848 2704/2704/2704 2849/2849/2849
f 2860/2860/2860 2716/2716/2716 2861/2861/2861
f 2870/2870/2870 2722/2722/2722 2869/2869/2869
f 2887/2887/2887 2743/2743/2743 2886/2886/2886
f 2888/2888/2888 2744/2744/2744 2887/2887/2887
f 2892/2892/2892 2748/2748/2748 2891/2891/2891
f 2893/2893/2893 2749/2749/2749 2892/2892/2892
f 2894/2894/2894 2750/2750/2750 2893/2893/2893
f 2895/2895/2895 2751/2751/2751 2894/2894/2894
f 2896/2896/2896 2752/2752/2752 2895/2895/2895
f 2901/2901/2901 2757/2757/2757 2900/2900/2900
f 2906/2906/2906 2762/2762/2762 2905/2905/2905
f 2911/2911/2911 2767/2767/2767 2910/2910/2910
f 2921/2921/2921 2775/2775/2775 2920/2920/2920
f 2927/2927/2927 2780/2780/2780 2926/2926/2926
f 2955/2955/2955 2802/2802/2802 2954/2954/2954
f 2958/2958/2958 2806/2806/2806 2959/2959/2959
f 2970/2970/2970 2817/2817/2817 2971/2971/2971
f 2990/2990/2990 2831/2831/2831 2991/2991/2991
f 2992/2992/2992 2833/2833/2833 2993/2993/2993
f 2998/2998/2998 2841/2841/2841 2999/2999/2999
f 3010/3010/3010 2852/2852/2852 3011/3011/3011
f 3017/3017/3017 2860/2860/2860 3018/3018/3018
f 3018/3018/3018 2861/2861/2861 3019/3019/3019
f 3022/3022/3022 2865/2865/2865 3023/3023/3023
f 3023/3023/3023 2866/2866/2866 3024/3024/3024
f 3025/3025/3025 2868/2868/2868 3026/3026/3026
f 3028/3028/3028 2869/2869/2869 3027/3027/3027
f 3030/3030/3030 2873/2873/2873 3031/3031/3031
f 3041/3041/3041 2884/2884/2884 3042/3042/3042
f 3046/3046/3046 2887/2887/2887 3045/3045/3045
f 3049/3049/3049 2890/2890/2890 3048/3048/3048
f 3050/3050/3050 2891/2891/2891 3049/3049/3049
f 3051/3051/3051 2892/2892/2892 3050/3050/3050
f 3052/3052/3052 2893/2893/2893 3051/3051/3051
f 3053/3053/3053 2894/2894/2894 3052/3052/3052
f 3059/3059/3059 2897/2897/2897 3058/3058/3058
f 3072/3072/3072 2910/2910/2910 3071/3071/3071
f 3079/3079/3079 2914/2914/2914 3078/3078/3078
f 3086/3086/3086 2919/2919/2919 3085/3085/3085
f 3088/3088/3088 2922/2922/2922 3087/3087/3087
f 3096/3096/3096 2931/2931/2931 3095/3095/3095
f 3098/3098/3098 2936/2936/2936 3099/3099/3099
f 3105/3105/3105 2946/2946/2946 3106/3106/3106
f 3112/3112/3112 2953/2953/2953 3111/3111/3111
f 3114/3114/3114 2958/2958/2958 3115/3115/3115
f 3123/3123/3123 2972/2972/2972 3124/3124/3124
f 3136/3136/3136 2987/2987/2987 3137/3137/3137
f 3152/3152/3152 2999/2999/2999 3153/3153/3153
f 3159/3159/3159 3004/3004/3004 3160/3160/3160
f 3166/3166/3166 3011/3011/3011 3167/3167/3167
f 3174/3174/3174 3018/3018/3018 3175/3175/3175
f 3177/3177/3177 3022/3022/3022 3178/3178/3178
f 3185/3185/3185 3031/3031/3031 3186/3186/3186
f 3188/3188/3188 3033/3033/3033 3189/3189/3189
f 3202/3202/3202 3043/3043/3043 3201/3201/3201
f 3205/3205/3205 3046/3046/3046 3204/3204/3204
f 3207/3207/3207 3048/3048/3048 3206/3206/3206
f 3208/3208/3208 3049/3049/3049 3207/3207/3207
f 3209/3209/3209 3050/3050/3050 3208/3208/3208
f 3210/3210/3210 3051/3051/3051 3209/3209/3209
f 3211/3211/3211 3052/3052/3052 3210/3210/3210
f 3212/3212/3212 3053/3053/3053 3211/3211/3211
f 3217/3217/3217 3056/3056/3056 3216/3216/3216
f 3218/3218/3218 3057/3057/3057 3217/3217/3217
f 3223/3223/3223 3062/3062/3062 3222/3222/3222
f 3226/3226/3226 3064/3064/3064 3225/3225/3225
f 3228/3228/3228 3066/3066/3066 3227/3227/3227
f 3229/3229/3229 3067/3067/3067 3228/3228/3228
f 3230/3230/3230 3068/3068/3068 3229/3229/3229
f 3231/3231/3231 3069/3069/3069 3230/3230/3230
f 3237/3237/3237 3076/3076/3076 3236/3236/3236
f 3239/3239/3239 3080/3080/3080 3238/3238/3238
f 3251/3251/3251 3114/3114/3114 3252/3252/3252
f 3255/3255/3255 3118/3118/3118 3256/3256/3256
f 3258/3258/3258 3121/3121/3121 3259/3259/3259
f 3270/3270/3270 3147/3147/3147 3271/3271/3271
f 3277/3277/3277 3154/3154/3154 3278/3278/3278
f 3284/3284/3284 3160/3160/3160 3285/3285/3285
f 3293/3293/3293 3169/3169/3169 3294/3294/3294
f 3297/3297/3297 3171/3171/3171 3298/3298/3298
f 3308/3308/3308 3179/3179/3179 3309/3309/3309
f 3309/3309/3309 3180/3180/3180 3310/3310/3310
f 3318/3318/3318 3182/3182/3182 3317/3317/3317
f 3320/3320/3320 3185/3185/3185 3321/3321/3321
f 3324/3324/3324 3190/3190/3190 3325/3325/3325
f 3325/3325/3325 3191/3191/3191 3326/3326/3326
f 3331/3331/3331 3193/3193/3193 3332/3332/3332
f 3339/3339/3339 3202/3202/3202 3338/3338/3338
f 3340/3340/3340 3203/3203/3203 3339/3339/3339
f 3342/3342/3342 3206/3206/3206 3341/3341/3341
f 3345/3345/3345 3209/3209/3209 3344/3344/3344
f 3346/3346/3346 3210/3210/3210 3345/3345/3345
f 3347/3347/3347 3211/3211/3211 3346/3346/3346
f 3348/3348/3348 3212/3212/3212 3347/3347/3347
f 3350/3350/3350 3214/3214/3214 3349/3349/3349
f 3351/3351/3351 3215/3215/3215 3350/3350/3350
f 3355/3355/3355 3219/3219/3219 3354/3354/3354
f 3361/3361/3361 3224/3224/3224 3360/3360/3360
f 3400/3400/3400 3247/3247/3247 3401/3401/3401
f 3402/3402/3402 3249/3249/3249 3403/3403/3403
f 3412/3412/3412 3262/3262/3262 3413/3413/3413
f 3416/3416/3416 3266/3266/3266 3417/3417/3417
f 3419/3419/3419 3269/3269/3269 3420/3420/3420
f 3423/3423/3423 3276/3276/3276 3424/3424/3424
f 3429/3429/3429 3288/3288/3288 3430/3430/3430
f 3434/3434/3434 3294/3294/3294 3435/3435/3435
f 3435/3435/3435 3295/3295/3295 3436/3436/3436
f 3436/3436/3436 3296/3296/3296 3437/3437/3437
f 3442/3442/3442 3306/3306/3306 3443/3443/3443
f 3445/3445/3445 3311/3311/3311 3446/3446/3446
f 3449/3449/3449 3315/3315/3315 3448/3448/3448
f 3451/3451/3451 3321/3321/3321 3452/3452/3452
f 3455/3455/3455 3328/3328/3328 3456/3456/3456
f 3459/3459/3459 3332/3332/3332 3460/3460/3460
f 3460/3460/3460 3333/3333/3333 3461/3461/3461
f 3464/3464/3464 3338/3338/3338 3463/3463/3463
f 3466/3466/3466 3341/3341/3341 3465/3465/3465
f 3470/3470/3470 3345/3345/3345 3469/3469/3469
f 3471/3471/3471 3346/3346/3346 3470/3470/3470
f 3472/3472/3472 3347/3347/3347 3471/3471/3471
f 3473/3473/3473 3348/3348/3348 3472/3472/3472
f 3474/3474/3474 3349/3349/3349 3473/3473/3473
f 3477/3477/3477 3352/3352/3352 3476/3476/3476
f 3479/3479/3479 3354/3354/3354 3478/3478/3478
f 3480/3480/3480 3355/3355/3355 3479/3479/3479
f 3481/3481/3481 3356/3356/3356 3480/3480/3480
f 3485/3485/3485 3359/3359/3359 3484/3484/3484
f 3486/3486/3486 3360/3360/3360 3485/3485/3485
f 3494/3494/3494 3375/3375/3375 3493/3493/3493
f 3495/3495/3495 3376/3376/3376 3494/3494/3494
f 3499/3499/3499 3380/3380/3380 3498/3498/3498
f 3509/3509/3509 3386/3386/3386 3508/3508/3508
f 3536/3536/3536 3394/3394/3394 3537/3537/3537
f 3537/3537/3537 3395/3395/3395 3538/3538/3538
f 3538/3538/3538 3396/3396/3396 3539/3539/3539
f 3559/3559/3559 3420/3420/3420 3560/3560/3560
f 3565/3565/3565 3424/3424/3424 3566/3566/3566
f 3570/3570/3570 3428/3428/3428 3571/3571/3571
f 3574/3574/3574 3436/3436/3436 3575/3575/3575
f 3577/3577/3577 3442/3442/3442 3578/3578/3578
f 3582/3582/3582 3451/3451/3451 3583/3583/3583
f 3583/3583/3583 3452/3452/3452 3584/3584/3584
f 3586/3586/3586 3454/3454/3454 3587/3587/3587
f 3590/3590/3590 3458/3458/3458 3591/3591/3591
f 3591/3591/3591 3459/3459/3459 3592/3592/3592
f 3592/3592/3592 3460/3460/3460 3593/3593/3593
f 3593/3593/3593 3461/3461/3461 3594/3594/3594
f 3599/3599/3599 3465/3465/3465 3598/3598/3598
f 3603/3603/3603 3469/3469/3469 3602/3602/3602
f 3604/3604/3604 3470/3470/3470 3603/3603/3603
f 3605/3605/3605 3471/3471/3471 3604/3604/3604
f 3606/3606/3606 3472/3472/3472 3605/3605/3605
f 3608/3608/3608 3474/3474/3474 3607/3607/3607
f 3609/3609/3609 3475/3475/3475 3608/3608/3608
f 3610/3610/3610 3476/3476/3476 3609/3609/3609
f 3611/3611/3611 3477/3477/3477 3610/3610/3610
f 3612/3612/3612 3478/3478/3478 3611/3611/3611
f 3613/3613/3613 3479/3479/3479 3612/3612/3612
f 3614/3614/3614 3480/3480/3480 3613/3613/3613
f 3615/3615/3615 3481/3481/3481 3614/3614/3614
f 3617/3617/3617 3483/3483/3483 3616/3616/3616
f 3621/3621/3621 3489/3489/3489 3620/3620/3620
f 3628/3628/3628 3507/3507/3507 3627/3627/3627
f 3630/3630/3630 3515/3515/3515 3629/3629/3629
f 3633/3633/3633 3517/3517/3517 3632/3632/3632
f 3657/3657/3657 3556/3556/3556 3658/3658/3658
f 3662/3662/3662 3561/3561/3561 3663/3663/3663
f 3667/3667/3667 3567/3567/3567 3668/3668/3668
f 3672/3672/3672 3573/3573/3573 3673/3673/3673
f 3674/3674/3674 3575/3575/3575 3675/3675/3675
f 3675/3675/3675 3576/3576/3576 3676/3676/3676
f 3683/3683/3683 3584/3584/3584 3684/3684/3684
f 3684/3684/3684 3585/3585/3585 3685/3685/3685
f 3689/3689/3689 3590/3590/3590 3690/3690/3690
f 3691/3691/3691 3592/3592/3592 3692/3692/3692
f 3692/3692/3692 3593/3593/3593 3693/3693/3693
f 3697/3697/3697 3597/3597/3597 3698/3698/3698
f 3702/3702/3702 3598/3598/3598 3701/3701/3701
f 3703/3703/3703 3599/3599/3599 3702/3702/3702
f 3705/3705/3705 3601/3601/3601 3704/3704/3704
f 3706/3706/3706 3602/3602/3602 3705/3705/3705
f 3707/3707/3707 3603/3603/3603 3706/3706/3706
f 3708/3708/3708 3604/3604/3604 3707/3707/3707
f 3709/3709/3709 3605/3605/3605 3708/3708/3708
f 3712/3712/3712 3608/3608/3608 3711/3711/3711
f 3713/3713/3713 3609/3609/3609 3712/3712/3712
f 3714/3714/3714 3610/3610/3610 3713/3713/3713
f 3715/3715/3715 3611/3611/3611 3714/3714/3714
f 3716/3716/3716 3612/3612/3612 3715/3715/3715
f 3717/3717/3717 3613/3613/3613 3716/3716/3716
f 3718/3718/3718 3614/3614/3614 3717/3717/3717
f 3720/3720/3720 3616/3616/3616 3719/3719/3719
f 3722/3722/3722 3618/3618/3618 3721/3721/3721
f 3728/3728/3728 3623/3623/3623 3727/3727/3727
f 3730/3730/3730 3625/3625/3625 3729/3729/3729
f 3735/3735/3735 3631/3631/3631 3734/3734/3734
f 3736/3736/3736 3635/3635/3635 3737/3737/3737
f 3753/3753/3753 3650/3650/3650 3754/3754/3754
f 3767/3767/3767 3667/3667/3667 3768/3768/3768
f 3779/3779/3779 3676/3676/3676 3780/3780/3780
f 3785/3785/3785 3681/3681/3681 3786/3786/3786
f 3798/3798/3798 3692/3692/3692 3799/3799/3799
f 3803/3803/3803 3698/3698/3698 3804/3804/3804
f 3807/3807/3807 3700/3700/3700 3806/3806/3806
f 3809/3809/3809 3702/3702/3702 3808/3808/3808
f 3810/3810/3810 3703/3703/3703 3809/3809/3809
f 3811/3811/3811 3704/3704/3704 3810/3810/3810
f 3813/3813/3813 3706/3706/3706 3812/3812/3812
f 3814/3814/3814 3707/3707/3707 3813/3813/3813
f 3816/3816/3816 3709/3709/3709 3815/3815/3815
f 3817/3817/3817 3710/3710/3710 3816/3816/3816
f 3820/3820/3820 3713/3713/3713 3819/3819/3819
f 3821/3821/3821 3714/3714/3714 3820/3820/3820
f 3822/3822/3822 3715/3715/3715 3821/3821/3821
f 3823/3823/3823 3716/3716/3716 3822/3822/3822
f 3825/3825/3825 3718/3718/3718 3824/3824/3824
f 3832/3832/3832 3723/3723/3723 3831/3831/3831
f 3834/3834/3834 3725/3725/3725 3833/3833/3833
f 3837/3837/3837 3727/3727/3727 3836/3836/3836
f 3853/3853/3853 3750/3750/3750 3854/3854/3854
f 3865/3865/3865 3760/3760/3760 3866/3866/3866
f 3876/3876/3876 3768/3768/3768 3877/3877/3877
f 3903/3903/3903 3783/3783/3783 3904/3904/3904
f 3923/3923/3923 3803/3803/3803 3924/3924/3924
f 3927/3927/3927 3806/3806/3806 3926/3926/3926
f 3928/3928/3928 3807/3807/3807 3927/3927/3927
f 3929/3929/3929 3808/3808/3808 3928/3928/3928
f 3930/3930/3930 3809/3809/3809 3929/3929/3929
f 3931/3931/3931 3810/3810/3810 3930/3930/3930
f 3932/3932/3932 3811/3811/3811 3931/3931/3931
f 3935/3935/3935 3814/3814/3814 3934/3934/3934
f 3939/3939/3939 3820/3820/3820 3938/3938/3938
f 3940/3940/3940 3821/3821/3821 3939/3939/3939
f 3941/3941/3941 3822/3822/3822 3940/3940/3940
f 3943/3943/3943 3824/3824/3824 3942/3942/3942
f 3947/3947/3947 3827/3827/3827 3946/3946/3946
f 3961/3961/3961 3835/3835/3835 3960/3960/3960
f 3973/3973/3973 3842/3842/3842 3972/3972/3972
f 3993/3993/3993 3851/3851/3851 3994/3994/3994
f 4002/4002/4002 3856/3856/3856 4003/4003/4003
f 4019/4019/4019 3868/3868/3868 4020/4020/4020
f 4027/4027/4027 3874/3874/3874 4028/4028/4028
f 4038/4038/4038 3883/3883/3883 4039/4039/4039
f 4058/4058/4058 3903/3903/3903 4059/4059/4059
f 4064/4064/4064 3908/3908/3908 4063/4063/4063
f 4071/4071/4071 3924/3924/3924 4072/4072/4072
f 4075/4075/4075 3927/3927/3927 4074/4074/4074
f 4076/4076/4076 3928/3928/3928 4075/4075/4075
f 4077/4077/4077 3929/3929/3929 4076/4076/4076
f 4078/4078/4078 3930/3930/3930 4077/4077/4077
f 4079/4079/4079 3931/3931/3931 4078/4078/4078
f 4080/4080/4080 3932/3932/3932 4079/4079/4079
f 4081/4081/4081 3933/3933/3933 4080/4080/4080
f 4084/4084/4084 3939/3939/3939 4083/4083/4083
f 4087/4087/4087 3942/3942/3942 4086/4086/4086
f 4090/4090/4090 3945/3945/3945 4089/4089/4089
f 4097/4097/4097 3955/3955/3955 4096/4096/4096
f 4102/4102/4102 3960/3960/3960 4101/4101/4101
f 4107/4107/4107 3963/3963/3963 4106/4106/4106
f 4113/4113/4113 3967/3967/3967 4112/4112/4112
f 4139/4139/4139 3989/3989/3989 4138/4138/4138
f 4154/4154/4154 4000/4000/4000 4153/4153/4153
f 4157/4157/4157 4002/4002/4002 4156/4156/4156
f 4175/4175/4175 4021/4021/4021 4176/4176/4176
f 4182/4182/4182 4029/4029/4029 4183/4183/4183
f 4191/4191/4191 4037/4037/4037 4192/4192/4192
f 4210/4210/4210 4058/4058/4058 4211/4211/4211
f 4223/4223/4223 4071/4071/4071 4224/4224/4224
f 4224/4224/4224 4072/4072/4072 4225/4225/4225
f 4227/4227/4227 4073/4073/4073 4226/4226/4226
f 4230/4230/4230 4076/4076/4076 4229/4229/4229
f 4231/4231/4231 4077/4077/4077 4230/4230/4230
f 4232/4232/4232 4078/4078/4078 4231/4231/4231
f 4234/4234/4234 4080/4080/4080 4233/4233/4233
f 4247/4247/4247 4094/4094/4094 4246/4246/4246
f 4253/4253/4253 4103/4103/4103 4252/4252/4252
f 4257/4257/4257 4110/4110/4110 4256/4256/4256
f 4260/4260/4260 4114/4114/4114 4259/4259/4259
f 4279/4279/4279 4137/4137/4137 4278/4278/4278
f 4298/4298/4298 4164/4164/4164 4299/4299/4299
f 4307/4307/4307 4177/4177/4177 4308/4308/4308
f 4313/4313/4313 4184/4184/4184 4314/4314/4314
f 4331/4331/4331 4201/4201/4201 4332/4332/4332
f 4335/4335/4335 4206/4206/4206 4336/4336/4336
f 4342/4342/4342 4215/4215/4215 4343/4343/4343
f 4346/4346/4346 4219/4219/4219 4347/4347/4347
f 4353/4353/4353 4226/4226/4226 4352/4352/4352
f 4356/4356/4356 4229/4229/4229 4355/4355/4355
f 4357/4357/4357 4230/4230/4230 4356/4356/4356
f 4358/4358/4358 4231/4231/4231 4357/4357/4357
f 4359/4359/4359 4232/4232/4232 4358/4358/4358
f 4363/4363/4363 4235/4235/4235 4362/4362/4362
f 4364/4364/4364 4236/4236/4236 4363/4363/4363
f 4367/4367/4367 4239/4239/4239 4366/4366/4366
f 4378/4378/4378 4246/4246/4246 4377/4377/4377
f 4382/4382/4382 4249/4249/4249 4381/4381/4381
f 4385/4385/4385 4252/4252/4252 4384/4384/4384
f 4391/4391/4391 4256/4256/4256 4390/4390/4390
f 4398/4398/4398 4263/4263/4263 4397/4397/4397
f 4404/4404/4404 4268/4268/4268 4403/4403/4403
f 4407/4407/4407 4272/4272/4272 4408/4408/4408
f 4421/4421/4421 4284/4284/4284 4422/4422/4422
f 4423/4423/4423 4286/4286/4286 4424/4424/4424
f 4430/4430/4430 4289/4289/4289 4429/4429/4429
f 4450/4450/4450 4304/4304/4304 4451/4451/4451
f 4461/4461/4461 4311/4311/4311 4462/4462/4462
f 4472/4472/4472 4321/4321/4321 4473/4473/4473
f 4478/4478/4478 4328/4328/4328 4479/4479/4479
f 4481/4481/4481 4330/4330/4330 4482/4482/4482
f 4483/4483/4483 4332/4332/4332 4484/4484/4484
f 4486/4486/4486 4336/4336/4336 4487/4487/4487
f 4491/4491/4491 4341/4341/4341 4492/4492/4492
f 4494/4494/4494 4344/4344/4344 4495/4495/4495
f 4500/4500/4500 4351/4351/4351 4499/4499/4499
f 4503/4503/4503 4354/4354/4354 4502/4502/4502
f 4504/4504/4504 4355/4355/4355 4503/4503/4503
f 4505/4505/4505 4356/4356/4356 4504/4504/4504
f 4507/4507/4507 4358/4358/4358 4506/4506/4506
f 4508/4508/4508 4359/4359/4359 4507/4507/4507
f 4513/4513/4513 4362/4362/4362 4512/4512/4512
f 4516/4516/4516 4365/4365/4365 4515/4515/4515
f 4523/4523/4523 4372/4372/4372 4522/4522/4522
f 4526/4526/4526 4374/4374/4374 4525/4525/4525
f 4528/4528/4528 4376/4376/4376 4527/4527/4527
f 4539/4539/4539 4388/4388/4388 4538/4538/4538
f 4541/4541/4541 4390/4390/4390 4540/4540/4540
f 4549/4549/4549 4401/4401/4401 4550/4550/4550
f 4552/4552/4552 4402/4402/4402 4551/4551/4551
f 4574/4574/4574 4429/4429/4429 4573/4573/4573
f 4575/4575/4575 4433/4433/4433 4576/4576/4576
f 4577/4577/4577 4433/4433/4433 4576/4576/4576
f 4579/4579/4579 4435/4435/4435 4578/4578/4578
f 4583/4583/4583 4440/4440/4440 4582/4582/4582
f 4585/4585/4585 4443/4443/4443 4584/4584/4584
f 4589/4589/4589 4453/4453/4453 4590/4590/4590
f 4591/4591/4591 4456/4456/4456 4592/4592/4592
f 4598/4598/4598 4464/4464/4464 4599/4599/4599
f 4606/4606/4606 4471/4471/4471 4607/4607/4607
f 4609/4609/4609 4473/4473/4473 4610/4610/4610
f 4614/4614/4614 4475/4475/4475 4615/4615/4615
f 4619/4619/4619 4480/4480/4480 4620/4620/4620
f 4628/4628/4628 4488/4488/4488 4629/4629/4629
f 4631/4631/4631 4490/4490/4490 4632/4632/4632
f 4633/4633/4633 4494/4494/4494 4634/4634/4634
f 4635/4635/4635 4496/4496/4496 4636/4636/4636
f 4640/4640/4640 4497/4497/4497 4639/4639/4639
f 4649/4649/4649 4500/4500/4500 4648/4648/4648
f 4654/4654/4654 4505/4505/4505 4653/4653/4653
f 4657/4657/4657 4508/4508/4508 4656/4656/4656
f 4662/4662/4662 4511/4511/4511 4661/4661/4661
f 4663/4663/4663 4512/4512/4512 4662/4662/4662
f 4665/4665/4665 4514/4514/4514 4664/4664/4664
f 4667/4667/4667 4517/4517/4517 4666/4666/4666
f 4671/4671/4671 4521/4521/4521 4670/4670/4670
f 4673/4673/4673 4524/4524/4524 4672/4672/4672
f 4674/4674/4674 4525/4525/4525 4673/4673/4673
f 4678/4678/4678 4531/4531/4531 4677/4677/4677
f 4694/4694/4694 4568/4568/4568 4695/4695/4695
f 4702/4702/4702 4581/4581/4581 4703/4703/4703
f 4709/4709/4709 4590/4590/4590 4710/4710/4710
f 4713/4713/4713 4597/4597/4597 4714/4714/4714
f 4719/4719/4719 4605/4605/4605 4720/4720/4720
f 4721/4721/4721 4608/4608/4608 4722/4722/4722
f 4723/4723/4723 4611/4611/4611 4724/4724/4724
f 4724/4724/4724 4612/4612/4612 4725/4725/4725
f 4728/4728/4728 4616/4616/4616 4729/4729/4729
f 4732/4732/4732 4621/4621/4621 4733/4733/4733
f 4734/4734/4734 4623/4623/4623 4735/4735/4735
f 4741/4741/4741 4630/4630/4630 4742/4742/4742
f 4749/4749/4749 4635/4635/4635 4750/4750/4750
f 4751/4751/4751 4637/4637/4637 4752/4752/4752
f 4756/4756/4756 4638/4638/4638 4755/4755/4755
f 4757/4757/4757 4639/4639/4639 4756/4756/4756
f 4761/4761/4761 4643/4643/4643 4760/4760/4760
f 4766/4766/4766 4647/4647/4647 4765/4765/4765
f 4769/4769/4769 4657/4657/4657 4768/4768/4768
f 4771/4771/4771 4659/4659/4659 4770/4770/4770
f 4772/4772/4772 4660/4660/4660 4771/4771/4771
f 4775/4775/4775 4663/4663/4663 4774/4774/4774
f 4776/4776/4776 4664/4664/4664 4775/4775/4775
f 4778/4778/4778 4666/4666/4666 4777/4777/4777
f 4782/4782/4782 4672/4672/4672 4781/4781/4781
f 4785/4785/4785 4679/4679/4679 4784/4784/4784
f 4799/4799/4799 4691/4691/4691 4800/4800/4800
f 4812/4812/4812 4707/4707/4707 4811/4811/4811
f 4813/4813/4813 4710/4710/4710 4814/4814/4814
f 4821/4821/4821 4720/4720/4720 4822/4822/4822
f 4823/4823/4823 4722/4722/4722 4824/4824/4824
f 4825/4825/4825 4729/4729/4729 4826/4826/4826
f 4827/4827/4827 4731/4731/4731 4828/4828/4828
f 4833/4833/4833 4737/4737/4737 4834/4834/4834
f 4836/4836/4836 4740/4740/4740 4837/4837/4837
f 4838/4838/4838 4742/4742/4742 4839/4839/4839
f 4839/4839/4839 4743/4743/4743 4840/4840/4840
f 4841/4841/4841 4746/4746/4746 4842/4842/4842
f 4846/4846/4846 4751/4751/4751 4847/4847/4847
f 4848/4848/4848 4753/4753/4753 4849/4849/4849
f 4853/4853/4853 4754/4754/4754 4852/4852/4852
f 4855/4855/4855 4756/4756/4756 4854/4854/4854
f 4856/4856/4856 4757/4757/4757 4855/4855/4855
f 4857/4857/4857 4758/4758/4758 4856/4856/4856
f 4858/4858/4858 4759/4759/4759 4857/4857/4857
f 4859/4859/4859 4760/4760/4760 4858/4858/4858
f 4860/4860/4860 4761/4761/4761 4859/4859/4859
f 4864/4864/4864 4764/4764/4764 4863/4863/4863
f 4869/4869/4869 4768/4768/4768 4868/4868/4868
f 4870/4870/4870 4769/4769/4769 4869/4869/4869
f 4873/4873/4873 4772/4772/4772 4872/4872/4872
f 4874/4874/4874 4773/4773/4773 4873/4873/4873
f 4879/4879/4879 4779/4779/4779 4878/4878/4878
f 4880/4880/4880 4780/4780/4780 4879/4879/4879
f 4887/4887/4887 4787/4787/4787 4886/4886/4886
f 4894/4894/4894 4793/4793/4793 4893/4893/4893
f 4900/4900/4900 4800/4800/4800 4901/4901/4901
f 4915/4915/4915 4810/4810/4810 4916/4916/4916
f 4922/4922/4922 4818/4818/4818 4923/4923/4923
f 4927/4927/4927 4824/4824/4824 4928/4928/4928
f 4933/4933/4933 4827/4827/4827 4934/4934/4934
f 4937/4937/4937 4831/4831/4831 4938/4938/4938
f 4945/4945/4945 4843/4843/4843 4946/4946/4946
f 4947/4947/4947 4845/4845/4845 4948/4948/4948
f 4951/4951/4951 4849/4849/4849 4952/4952/4952
f 4957/4957/4957 4855/4855/4855 4956/4956/4956
f 4958/4958/4958 4856/4856/4856 4957/4957/4957
f 4959/4959/4959 4857/4857/4857 4958/4958/4958
f 4961/4961/4961 4859/4859/4859 4960/4960/4960
f 4962/4962/4962 4860/4860/4860 4961/4961/4961
f 4969/4969/4969 4869/4869/4869 4968/4968/4968
f 4972/4972/4972 4872/4872/4872 4971/4971/4971
f 4976/4976/4976 4877/4877/4877 4975/4975/4975
f 4977/4977/4977 4878/4878/4878 4976/4976/4976
f 4978/4978/4978 4879/4879/4879 4977/4977/4977
f 4979/4979/4979 4880/4880/4880 4978/4978/4978
f 4996/4996/4996 4896/4896/4896 4997/4997/4997
f 5001/5001/5001 4901/4901/4901 5002/5002/5002
f 5006/5006/5006 4902/4902/4902 5005/5005/5005
f 5012/5012/5012 4908/4908/4908 5013/5013/5013
f 5019/5019/5019 4913/4913/4913 5018/5018/5018
f 5025/5025/5025 4919/4919/4919 5026/5026/5026
f 5038/5038/5038 4929/4929/4929 5039/5039/5039
f 5039/5039/5039 4930/4930/4930 5040/5040/5040
f 5043/5043/5043 4933/4933/4933 5044/5044/5044
f 5052/5052/5052 4945/4945/4945 5053/5053/5053
f 5054/5054/5054 4947/4947/4947 5055/5055/5055
f 5059/5059/5059 4952/4952/4952 5060/5060/5060
f 5064/5064/5064 4954/4954/4954 5065/5065/5065
f 5069/5069/5069 4957/4957/4957 5068/5068/5068
f 5070/5070/5070 4958/4958/4958 5069/5069/5069
f 5071/5071/5071 4959/4959/4959 5070/5070/5070
f 5072/5072/5072 4960/4960/4960 5071/5071/5071
f 5073/5073/5073 4961/4961/4961 5072/5072/5072
f 5074/5074/5074 4962/4962/4962 5073/5073/5073
f 5076/5076/5076 4964/4964/4964 5075/5075/5075
f 5081/5081/5081 4967/4967/4967 5080/5080/5080
f 5083/5083/5083 4969/4969/4969 5082/5082/5082
f 5088/5088/5088 4974/4974/4974 5087/5087/5087
f 5089/5089/5089 4975/4975/4975 5088/5088/5088
f 5092/5092/5092 4982/4982/4982 5091/5091/5091
f 5110/5110/5110 4997/4997/4997 5111/5111/5111
f 5111/5111/5111 4998/4998/4998 5112/5112/5112
f 5116/5116/5116 5003/5003/5003 5117/5117/5117
f 5123/5123/5123 5009/5009/5009 5122/5122/5122
f 5124/5124/5124 5014/5014/5014 5125/5125/5125
f 5151/5151/5151 5038/5038/5038 5152/5152/5152
f 5152/5152/5152 5039/5039/5039 5153/5153/5153
f 5153/5153/5153 5040/5040/5040 5154/5154/5154
f 5154/5154/5154 5041/5041/5041 5155/5155/5155
f 5171/5171/5171 5056/5056/5056 5172/5172/5172
f 5176/5176/5176 5061/5061/5061 5177/5177/5177
f 5178/5178/5178 5063/5063/5063 5179/5179/5179
f 5182/5182/5182 5069/5069/5069 5181/5181/5181
f 5183/5183/5183 5070/5070/5070 5182/5182/5182
f 5184/5184/5184 5071/5071/5071 5183/5183/5183
f 5186/5186/5186 5073/5073/5073 5185/5185/5185
f 5189/5189/5189 5076/5076/5076 5188/5188/5188
f 5195/5195/5195 5080/5080/5080 5194/5194/5194
f 5198/5198/5198 5083/5083/5083 5197/5197/5197
f 5199/5199/5199 5084/5084/5084 5198/5198/5198
f 5204/5204/5204 5088/5088/5088 5203/5203/5203
f 5209/5209/5209 5091/5091/5091 5208/5208/5208
f 5210/5210/5210 5092/5092/5092 5209/5209/5209
f 5211/5211/5211 5096/5096/5096 5212/5212/5212
f 5223/5223/5223 5112/5112/5112 5224/5224/5224
f 5235/5235/5235 5125/5125/5125 5236/5236/5236
f 5250/5250/5250 5138/5138/5138 5251/5251/5251
f 5256/5256/5256 5145/5145/5145 5257/5257/5257
f 5257/5257/5257 5146/5146/5146 5258/5258/5258
f 5262/5262/5262 5155/5155/5155 5263/5263/5263
f 5270/5270/5270 5159/5159/5159 5271/5271/5271
f 5273/5273/5273 5162/5162/5162 5274/5274/5274
f 5277/5277/5277 5163/5163/5163 5276/5276/5276
f 5280/5280/5280 5170/5170/5170 5281/5281/5281
f 5282/5282/5282 5172/5172/5172 5283/5283/5283
f 5286/5286/5286 5182/5182/5182 5285/5285/5285
f 5287/5287/5287 5183/5183/5183 5286/5286/5286
f 5288/5288/5288 5184/5184/5184 5287/5287/5287
f 5291/5291/5291 5189/5189/5189 5290/5290/5290
f 5296/5296/5296 5193/5193/5193 5295/5295/5295
f 5298/5298/5298 5195/5195/5195 5297/5297/5297
f 5299/5299/5299 5196/5196/5196 5298/5298/5298
f 5300/5300/5300 5197/5197/5197 5299/5299/5299
f 5307/5307/5307 5202/5202/5202 5306/5306/5306
f 5312/5312/5312 5207/5207/5207 5311/5311/5311
f 5313/5313/5313 5208/5208/5208 5312/5312/5312
f 5329/5329/5329 5224/5224/5224 5330/5330/5330
f 5336/5336/5336 5232/5232/5232 5337/5337/5337
f 5340/5340/5340 5237/5237/5237 5341/5341/5341
f 5358/5358/5358 5252/5252/5252 5359/5359/5359
f 5367/5367/5367 5258/5258/5258 5368/5368/5368
f 5368/5368/5368 5259/5259/5259 5369/5369/5369
f 5377/5377/5377 5264/5264/5264 5378/5378/5378
f 5380/5380/5380 5267/5267/5267 5381/5381/5381
f 5381/5381/5381 5268/5268/5268 5382/5382/5382
f 5386/5386/5386 5286/5286/5286 5385/5385/5385
f 5387/5387/5387 5287/5287/5287 5386/5386/5386
f 5390/5390/5390 5290/5290/5290 5389/5389/5389
f 5391/5391/5391 5291/5291/5291 5390/5390/5390
f 5397/5397/5397 5295/5295/5295 5396/5396/5396
f 5398/5398/5398 5296/5296/5296 5397/5397/5397
f 5400/5400/5400 5301/5301/5301 5399/5399/5399
f 5403/5403/5403 5303/5303/5303 5402/5402/5402
f 5404/5404/5404 5304/5304/5304 5403/5403/5403
f 5425/5425/5425 5330/5330/5330 5426/5426/5426
f 5430/5430/5430 5334/5334/5334 5431/5431/5431
f 5434/5434/5434 5337/5337/5337 5435/5435/5435
f 5440/5440/5440 5341/5341/5341 5441/5441/5441
f 5441/5441/5441 5342/5342/5342 5442/5442/5442
f 5447/5447/5447 5347/5347/5347 5448/5448/5448
f 5454/5454/5454 5354/5354/5354 5455/5455/5455
f 5462/5462/5462 5362/5362/5362 5463/5463/5463
f 5468/5468/5468 5371/5371/5371 5469/5469/5469
f 5469/5469/5469 5372/5372/5372 5470/5470/5470
f 5473/5473/5473 5385/5385/5385 5472/5472/5472
f 5475/5475/5475 5388/5388/5388 5474/5474/5474
f 5476/5476/5476 5389/5389/5389 5475/5475/5475
f 5477/5477/5477 5390/5390/5390 5476/5476/5476
f 5478/5478/5478 5391/5391/5391 5477/5477/5477
f 5482/5482/5482 5395/5395/5395 5481/5481/5481
f 5483/5483/5483 5396/5396/5396 5482/5482/5482
f 5487/5487/5487 5401/5401/5401 5486/5486/5486
f 5488/5488/5488 5402/5402/5402 5487/5487/5487
f 5496/5496/5496 5413/5413/5413 5495/5495/5495
f 5510/5510/5510 5427/5427/5427 5509/5509/5509
f 5519/5519/5519 5436/5436/5436 5520/5520/5520
f 5530/5530/5530 5442/5442/5442 5531/5531/5531
f 5531/5531/5531 5443/5443/5443 5532/5532/5532
f 5532/5532/5532 5444/5444/5444 5533/5533/5533
f 5540/5540/5540 5450/5450/5450 5541/5541/5541
f 5547/5547/5547 5457/5457/5457 5548/5548/5548
f 5549/5549/5549 5459/5459/5459 5550/5550/5550
f 5553/5553/5553 5474/5474/5474 5552/5552/5552
f 5555/5555/5555 5476/5476/5476 5554/5554/5554
f 5556/5556/5556 5477/5477/5477 5555/5555/5555
f 5557/5557/5557 5478/5478/5478 5556/5556/5556
f 5558/5558/5558 5479/5479/5479 5557/5557/5557
f 5561/5561/5561 5482/5482/5482 5560/5560/5560
f 5568/5568/5568 5490/5490/5490 5567/5567/5567
f 5583/5583/5583 5512/5512/5512 5584/5584/5584
f 5591/5591/5591 5521/5521/5521 5592/5592/5592
f 5598/5598/5598 5532/5532/5532 5599/5599/5599
f 5602/5602/5602 5552/5552/5552 5601/5601/5601
f 5606/5606/5606 5556/5556/5556 5605/5605/5605
f 5607/5607/5607 5557/5557/5557 5606/5606/5606
f 5609/5609/5609 5559/5559/5559 5608/5608/5608
f 5613/5613/5613 5564/5564/5564 5612/5612/5612
f 5626/5626/5626 5584/5584/5584 5627/5627/5627
f 5633/5633/5633 5593/5593/5593 5634/5634/5634
f 5635/5635/5635 5595/5595/5595 5636/5636/5636
f 54/54/54 15/15/15 51/51/51
f 53/53/53 18/18/18 56/56/56
f 57/57/57 17/17/17 54/54/54
f 56/56/56 20/20/20 59/59/59
f 60/60/60 19/19/19 57/57/57
f 59/59/59 22/22/22 62/62/62
f 68/68/68 30/30/30 72/72/72
f 80/80/80 47/47/47 91/91/91
f 92/92/92 45/45/45 88/88/88
f 90/90/90 50/50/50 95/95/95
f 96/96/96 49/49/49 93/93/93
f 100/100/100 52/52/52 97/97/97
f 104/104/104 55/55/55 100/100/100
f 103/103/103 59/59/59 107/107/107
f 108/108/108 58/58/58 104/104/104
f 107/107/107 62/62/62 112/112/112
f 122/122/122 72/72/72 131/131/131
f 156/156/156 91/91/91 168/168/168
f 169/169/169 89/89/89 165/165/165
f 167/167/167 95/95/95 176/176/176
f 177/177/177 94/94/94 170/170/170
f 184/184/184 98/98/98 178/178/178
f 191/191/191 102/102/102 185/185/185
f 198/198/198 106/106/106 191/191/191
f 206/206/206 111/111/111 199/199/199
f 213/213/213 120/120/120 208/208/208
f 219/219/219 146/146/146 226/226/226
f 265/265/265 166/166/166 258/258/258
f 273/273/273 175/175/175 270/270/270
f 272/272/272 183/183/183 276/276/276
f 277/277/277 182/182/182 273/273/273
f 276/276/276 190/190/190 281/281/281
f 282/282/282 189/189/189 278/278/278
f 287/287/287 196/196/196 283/283/283
f 302/302/302 225/225/225 308/308/308
f 312/312/312 239/239/239 321/321/321
f 315/315/315 245/245/245 328/328/328
f 360/360/360 262/262/262 355/355/355
f 365/365/365 271/271/271 362/362/362
f 364/364/364 276/276/276 368/368/368
f 369/369/369 275/275/275 366/366/366
f 368/368/368 281/281/281 372/372/372
f 373/373/373 280/280/280 370/370/370
f 372/372/372 286/286/286 376/376/376
f 378/378/378 285/285/285 374/374/374
f 389/389/389 307/307/307 392/392/392
f 395/395/395 319/319/319 398/398/398
f 407/407/407 318/318/318 396/396/396
f 401/401/401 333/333/333 411/411/411
f 436/436/436 340/340/340 426/426/426
f 449/449/449 357/357/357 445/445/445
f 454/454/454 363/363/363 450/450/450
f 458/458/458 367/367/367 455/455/455
f 457/457/457 372/372/372 462/462/462
f 463/463/463 371/371/371 459/459/459
f 467/467/467 375/375/375 464/464/464
f 485/485/485 408/408/408 489/489/489
f 495/495/495 421/421/421 507/507/507
f 539/539/539 427/427/427 531/531/531
f 551/551/551 446/446/446 548/548/548
f 556/556/556 451/451/451 552/552/552
f 559/559/559 455/455/455 556/556/556
f 558/558/558 461/461/461 562/562/562
f 564/564/564 460/460/460 561/561/561
f 563/563/563 465/465/465 565/565/565
f 575/575/575 470/470/470 571/571/571
f 573/573/573 475/475/475 576/576/576
f 577/577/577 478/478/478 580/580/580
f 582/582/582 484/484/484 586/586/586
f 586/586/586 488/488/488 591/591/591
f 592/592/592 501/501/501 598/598/598
f 600/600/600 513/513/513 608/608/608
f 604/604/604 515/515/515 612/612/612
f 617/617/617 512/512/512 605/605/605
f 616/616/616 522/522/522 627/627/627
f 627/627/627 525/525/525 638/638/638
f 665/665/665 549/549/549 663/663/663
f 664/664/664 555/555/555 669/669/669
f 670/670/670 553/553/553 666/666/666
f 674/674/674 557/557/557 670/670/670
f 679/679/679 561/561/561 675/675/675
f 683/683/683 564/564/564 679/679/679
f 682/682/682 569/569/569 685/685/685
f 688/688/688 568/568/568 684/684/684
f 686/686/686 573/573/573 689/689/689
f 693/693/693 580/580/580 696/696/696
f 697/697/697 585/585/585 701/701/701
f 701/701/701 590/590/590 705/705/705
f 709/709/709 589/589/589 703/703/703
f 706/706/706 597/597/597 711/711/711
f 713/713/713 607/607/607 716/716/716
f 718/718/718 606/606/606 714/714/714
f 717/717/717 619/619/619 720/720/720
f 720/720/720 630/630/630 725/725/725
f 722/722/722 638/638/638 733/733/733
f 735/735/735 629/629/629 724/724/724
f 743/743/743 651/651/651 754/754/754
f 756/756/756 646/646/646 748/748/748
f 750/750/750 664/664/664 768/768/768
f 770/770/770 663/663/663 766/766/766
f 768/768/768 669/669/669 773/773/773
f 775/775/775 667/667/667 772/772/772
f 773/773/773 673/673/673 777/777/777
f 779/779/779 671/671/671 775/775/775
f 784/784/784 676/676/676 780/780/780
f 790/790/790 680/680/680 784/784/784
f 795/795/795 684/684/684 790/790/790
f 798/798/798 687/687/687 794/794/794
f 797/797/797 693/693/693 799/799/799
f 800/800/800 691/691/691 798/798/798
f 801/801/801 700/700/700 804/804/804
f 804/804/804 704/704/704 808/808/808
f 809/809/809 710/710/710 814/814/814
f 816/816/816 715/715/715 819/819/819
f 820/820/820 719/719/719 824/824/824
f 828/828/828 718/718/718 821/821/821
f 825/825/825 725/725/725 830/830/830
f 835/835/835 723/723/723 827/827/827
f 830/830/830 736/736/736 837/837/837
f 847/847/847 755/755/755 857/857/857
f 853/853/853 769/769/769 871/871/871
f 877/877/877 767/767/767 870/870/870
f 871/871/871 774/774/774 879/879/879
f 880/880/880 772/772/772 878/878/878
f 879/879/879 778/778/778 883/883/883
f 884/884/884 776/776/776 881/881/881
f 889/889/889 780/780/780 884/884/884
f 892/892/892 793/793/793 896/896/896
f 895/895/895 796/796/796 899/899/899
f 901/901/901 794/794/794 897/897/897
f 903/903/903 798/798/798 901/901/901
f 902/902/902 801/801/801 904/904/904
f 905/905/905 800/800/800 903/903/903
f 904/904/904 804/804/804 907/907/907
f 922/922/922 823/823/823 929/929/929
f 930/930/930 829/829/829 941/941/941
f 956/956/956 831/831/831 945/945/945
f 952/952/952 845/845/845 961/961/961
f 963/963/963 858/858/858 972/972/972
f 977/977/977 876/876/876 990/990/990
f 992/992/992 870/870/870 983/983/983
f 994/994/994 883/883/883 1002/1002/1002
f 1018/1018/1018 884/884/884 1010/1010/1010
f 1024/1024/1024 888/888/888 1017/1017/1017
f 1026/1026/1026 900/900/900 1033/1033/1033
f 1039/1039/1039 904/904/904 1043/1043/1043
f 1044/1044/1044 903/903/903 1040/1040/1040
f 1049/1049/1049 905/905/905 1044/1044/1044
f 1061/1061/1061 921/921/921 1070/1070/1070
f 1077/1077/1077 920/920/920 1066/1066/1066
f 1070/1070/1070 928/928/928 1079/1079/1079
f 1083/1083/1083 923/923/923 1072/1072/1072
f 1090/1090/1090 927/927/927 1077/1077/1077
f 1080/1080/1080 940/940/940 1091/1091/1091
f 1094/1094/1094 931/931/931 1082/1082/1082
f 1092/1092/1092 950/950/950 1101/1101/1101
f 1104/1104/1104 942/942/942 1093/1093/1093
f 1102/1102/1102 960/960/960 1109/1109/1109
f 1111/1111/1111 953/953/953 1104/1104/1104
f 1112/1112/1112 985/985/985 1129/1129/1129
f 1122/1122/1122 991/991/991 1136/1136/1136
f 1137/1137/1137 984/984/984 1128/1128/1128
f 1135/1135/1135 999/999/999 1141/1141/1141
f 1141/1141/1141 1008/1008/1008 1149/1149/1149
f 1148/1148/1148 1016/1016/1016 1155/1155/1155
f 1157/1157/1157 1009/1009/1009 1150/1150/1150
f 1163/1163/1163 1017/1017/1017 1157/1157/1157
f 1158/1158/1158 1026/1026/1026 1166/1166/1166
f 1168/1168/1168 1022/1022/1022 1160/1160/1160
f 1161/1161/1161 1029/1029/1029 1169/1169/1169
f 1168/1168/1168 1035/1035/1035 1175/1175/1175
f 1194/1194/1194 1041/1041/1041 1186/1186/1186
f 1208/1208/1208 1050/1050/1050 1201/1201/1201
f 1210/1210/1210 1054/1054/1054 1204/1204/1204
f 1209/1209/1209 1069/1069/1069 1215/1215/1215
f 1216/1216/1216 1079/1079/1079 1225/1225/1225
f 1228/1228/1228 1071/1071/1071 1218/1218/1218
f 1226/1226/1226 1091/1091/1091 1234/1234/1234
f 1237/1237/1237 1081/1081/1081 1227/1227/1227
f 1234/1234/1234 1100/1100/1100 1242/1242/1242
f 1246/1246/1246 1093/1093/1093 1237/1237/1237
f 1238/1238/1238 1105/1105/1105 1247/1247/1247
f 1243/1243/1243 1108/1108/1108 1252/1252/1252
f 1254/1254/1254 1103/1103/1103 1245/1245/1245
f 1255/1255/1255 1132/1132/1132 1271/1271/1271
f 1274/1274/1274 1141/1141/1141 1281/1281/1281
f 1285/1285/1285 1140/1140/1140 1280/1280/1280
f 1291/1291/1291 1147/1147/1147 1286/1286/1286
f 1288/1288/1288 1156/1156/1156 1293/1293/1293
f 1294/1294/1294 1150/1150/1150 1289/1289/1289
f 1290/1290/1290 1158/1158/1158 1296/1296/1296
f 1297/1297/1297 1153/1153/1153 1291/1291/1291
f 1293/1293/1293 1162/1162/1162 1299/1299/1299
f 1300/1300/1300 1157/1157/1157 1294/1294/1294
f 1296/1296/1296 1166/1166/1166 1303/1303/1303
f 1304/1304/1304 1159/1159/1159 1297/1297/1297
f 1299/1299/1299 1170/1170/1170 1306/1306/1306
f 1302/1302/1302 1172/1172/1172 1309/1309/1309
f 1312/1312/1312 1167/1167/1167 1304/1304/1304
f 1306/1306/1306 1177/1177/1177 1314/1314/1314
f 1315/1315/1315 1171/1171/1171 1307/1307/1307
f 1309/1309/1309 1180/1180/1180 1317/1317/1317
f 1319/1319/1319 1174/1174/1174 1312/1312/1312
f 1313/1313/1313 1183/1183/1183 1320/1320/1320
f 1323/1323/1323 1179/1179/1179 1315/1315/1315
f 1328/1328/1328 1200/1200/1200 1335/1335/1335
f 1331/1331/1331 1202/1202/1202 1337/1337/1337
f 1340/1340/1340 1197/1197/1197 1333/1333/1333
f 1344/1344/1344 1201/1201/1201 1336/1336/1336
f 1347/1347/1347 1204/1204/1204 1340/1340/1340
f 1354/1354/1354 1210/1210/1210 1347/1347/1347
f 1348/1348/1348 1219/1219/1219 1355/1355/1355
f 1352/1352/1352 1224/1224/1224 1359/1359/1359
f 1362/1362/1362 1217/1217/1217 1353/1353/1353
f 1360/1360/1360 1233/1233/1233 1368/1368/1368
f 1372/1372/1372 1227/1227/1227 1362/1362/1362
f 1363/1363/1363 1238/1238/1238 1373/1373/1373
f 1369/1369/1369 1242/1242/1242 1379/1379/1379
f 1379/1379/1379 1251/1251/1251 1386/1386/1386
f 1388/1388/1388 1244/1244/1244 1380/1380/1380
f 1407/1407/1407 1260/1260/1260 1395/1395/1395
f 1396/1396/1396 1275/1275/1275 1410/1410/1410
f 1414/1414/1414 1272/1272/1272 1407/1407/1407
f 1409/1409/1409 1281/1281/1281 1418/1418/1418
f 1419/1419/1419 1276/1276/1276 1411/1411/1411
f 1413/1413/1413 1283/1283/1283 1421/1421/1421
f 1423/1423/1423 1280/1280/1280 1415/1415/1415
f 1422/1422/1422 1290/1290/1290 1431/1431/1431
f 1432/1432/1432 1286/1286/1286 1424/1424/1424
f 1435/1435/1435 1289/1289/1289 1428/1428/1428
f 1431/1431/1431 1296/1296/1296 1438/1438/1438
f 1442/1442/1442 1295/1295/1295 1436/1436/1436
f 1441/1441/1441 1305/1305/1305 1448/1448/1448
f 1450/1450/1450 1301/1301/1301 1442/1442/1442
f 1445/1445/1445 1310/1310/1310 1453/1453/1453
f 1455/1455/1455 1304/1304/1304 1446/1446/1446
f 1449/1449/1449 1314/1314/1314 1458/1458/1458
f 1452/1452/1452 1317/1317/1317 1461/1461/1461
f 1471/1471/1471 1318/1318/1318 1463/1463/1463
f 1466/1466/1466 1328/1328/1328 1474/1474/1474
f 1475/1475/1475 1323/1323/1323 1467/1467/1467
f 1478/1478/1478 1326/1326/1326 1471/1471/1471
f 1483/1483/1483 1330/1330/1330 1475/1475/1475
f 1482/1482/1482 1342/1342/1342 1491/1491/1491
f 1486/1486/1486 1345/1345/1345 1495/1495/1495
f 1501/1501/1501 1344/1344/1344 1493/1493/1493
f 1495/1495/1495 1352/1352/1352 1503/1503/1503
f 1498/1498/1498 1355/1355/1355 1506/1506/1506
f 1508/1508/1508 1350/1350/1350 1500/1500/1500
f 1503/1503/1503 1359/1359/1359 1510/1510/1510
f 1507/1507/1507 1363/1363/1363 1514/1514/1514
f 1510/1510/1510 1367/1367/1367 1518/1518/1518
f 1520/1520/1520 1361/1361/1361 1511/1511/1511
f 1519/1519/1519 1378/1378/1378 1528/1528/1528
f 1529/1529/1529 1386/1386/1386 1536/1536/1536
f 1564/1564/1564 1395/1395/1395 1551/1551/1551
f 1570/1570/1570 1402/1402/1402 1560/1560/1560
f 1561/1561/1561 1412/1412/1412 1571/1571/1571
f 1572/1572/1572 1408/1408/1408 1565/1565/1565
f 1580/1580/1580 1416/1416/1416 1573/1573/1573
f 1583/1583/1583 1419/1419/1419 1577/1577/1577
f 1579/1579/1579 1430/1430/1430 1585/1585/1585
f 1587/1587/1587 1429/1429/1429 1584/1584/1584
f 1586/1586/1586 1438/1438/1438 1589/1589/1589
f 1590/1590/1590 1436/1436/1436 1587/1587/1587
f 1588/1588/1588 1444/1444/1444 1592/1592/1592
f 1593/1593/1593 1453/1453/1453 1597/1597/1597
f 1597/1597/1597 1462/1462/1462 1604/1604/1604
f 1600/1600/1600 1465/1465/1465 1607/1607/1607
f 1604/1604/1604 1470/1470/1470 1611/1611/1611
f 1612/1612/1612 1464/1464/1464 1605/1605/1605
f 1607/1607/1607 1473/1473/1473 1614/1614/1614
f 1615/1615/1615 1467/1467/1467 1608/1608/1608
f 1618/1618/1618 1472/1472/1472 1612/1612/1612
f 1614/1614/1614 1481/1481/1481 1620/1620/1620
f 1621/1621/1621 1475/1475/1475 1615/1615/1615
f 1616/1616/1616 1484/1484/1484 1622/1622/1622
f 1625/1625/1625 1480/1480/1480 1619/1619/1619
f 1620/1620/1620 1490/1490/1490 1626/1626/1626
f 1628/1628/1628 1483/1483/1483 1621/1621/1621
f 1623/1623/1623 1494/1494/1494 1630/1630/1630
f 1627/1627/1627 1498/1498/1498 1634/1634/1634
f 1630/1630/1630 1502/1502/1502 1637/1637/1637
f 1637/1637/1637 1509/1509/1509 1645/1645/1645
f 1642/1642/1642 1513/1513/1513 1651/1651/1651
f 1655/1655/1655 1508/1508/1508 1644/1644/1644
f 1646/1646/1646 1518/1518/1518 1657/1657/1657
f 1652/1652/1652 1522/1522/1522 1662/1662/1662
f 1657/1657/1657 1527/1527/1527 1666/1666/1666
f 1667/1667/1667 1535/1535/1535 1674/1674/1674
f 1671/1671/1671 1540/1540/1540 1681/1681/1681
f 1676/1676/1676 1543/1543/1543 1685/1685/1685
f 1689/1689/1689 1563/1563/1563 1710/1710/1710
f 1711/1711/1711 1552/1552/1552 1696/1696/1696
f 1720/1720/1720 1566/1566/1566 1712/1712/1712
f 1723/1723/1723 1570/1570/1570 1716/1716/1716
f 1727/1727/1727 1577/1577/1577 1723/1723/1723
f 1731/1731/1731 1584/1584/1584 1728/1728/1728
f 1734/1734/1734 1587/1587/1587 1731/1731/1731
f 1733/1733/1733 1592/1592/1592 1736/1736/1736
f 1736/1736/1736 1596/1596/1596 1740/1740/1740
f 1744/1744/1744 1601/1601/1601 1741/1741/1741
f 1743/1743/1743 1610/1610/1610 1746/1746/1746
f 1747/1747/1747 1608/1608/1608 1744/1744/1744
f 1749/1749/1749 1615/1615/1615 1747/1747/1747
f 1748/1748/1748 1622/1622/1622 1750/1750/1750
f 1751/1751/1751 1621/1621/1621 1749/1749/1749
f 1750/1750/1750 1629/1629/1629 1752/1752/1752
f 1753/1753/1753 1637/1637/1637 1757/1757/1757
f 1759/1759/1759 1650/1650/1650 1765/1765/1765
f 1768/1768/1768 1643/1643/1643 1760/1760/1760
f 1762/1762/1762 1656/1656/1656 1769/1769/1769
f 1766/1766/1766 1661/1661/1661 1775/1775/1775
f 1778/1778/1778 1653/1653/1653 1767/1767/1767
f 1770/1770/1770 1666/1666/1666 1779/1779/1779
f 1776/1776/1776 1670/1670/1670 1786/1786/1786
f 1788/1788/1788 1665/1665/1665 1778/1778/1778
f 1791/1791/1791 1669/1669/1669 1781/1781/1781
f 1786/1786/1786 1680/1680/1680 1795/1795/1795
f 1790/1790/1790 1684/1684/1684 1799/1799/1799
f 1831/1831/1831 1707/1707/1707 1825/1825/1825
f 1836/1836/1836 1717/1717/1717 1832/1832/1832
f 1834/1834/1834 1725/1725/1725 1838/1838/1838
f 1840/1840/1840 1724/1724/1724 1836/1836/1836
f 1844/1844/1844 1728/1728/1728 1840/1840/1840
f 1849/1849/1849 1734/1734/1734 1847/1847/1847
f 1848/1848/1848 1739/1739/1739 1851/1851/1851
f 1853/1853/1853 1737/1737/1737 1849/1849/1849
f 1852/1852/1852 1743/1743/1743 1857/1857/1857
f 1860/1860/1860 1748/1748/1748 1863/1863/1863
f 1867/1867/1867 1749/1749/1749 1864/1864/1864
f 1868/1868/1868 1756/1756/1756 1871/1871/1871
f 1872/1872/1872 1762/1762/1762 1876/1876/1876
f 1876/1876/1876 1769/1769/1769 1880/1880/1880
f 1885/1885/1885 1767/1767/1767 1877/1877/1877
f 1881/1881/1881 1779/1779/1779 1886/1886/1886
f 1883/1883/1883 1784/1784/1784 1890/1890/1890
f 1892/1892/1892 1777/1777/1777 1884/1884/1884
f 1887/1887/1887 1789/1789/1789 1893/1893/1893
f 1891/1891/1891 1794/1794/1794 1898/1898/1898
f 1894/1894/1894 1799/1799/1799 1903/1903/1903
f 1945/1945/1945 1826/1826/1826 1940/1940/1940
f 1942/1942/1942 1833/1833/1833 1947/1947/1947
f 1953/1953/1953 1836/1836/1836 1949/1949/1949
f 1952/1952/1952 1841/1841/1841 1956/1956/1956
f 1956/1956/1956 1845/1845/1845 1960/1960/1960
f 1961/1961/1961 1848/1848/1848 1965/1965/1965
f 1970/1970/1970 1849/1849/1849 1966/1966/1966
f 1975/1975/1975 1854/1854/1854 1971/1971/1971
f 1974/1974/1974 1860/1860/1860 1977/1977/1977
f 1977/1977/1977 1863/1863/1863 1980/1980/1980
f 1980/1980/1980 1866/1866/1866 1984/1984/1984
f 1987/1987/1987 1867/1867/1867 1985/1985/1985
f 1989/1989/1989 1876/1876/1876 1992/1992/1992
f 1992/1992/1992 1880/1880/1880 1997/1997/1997
f 2014/2014/2014 1892/1892/1892 2006/2006/2006
f 2017/2017/2017 1913/1913/1913 2021/2021/2021
f 2058/2058/2058 1941/1941/1941 2054/2054/2054
f 2056/2056/2056 1948/1948/1948 2066/2066/2066
f 2067/2067/2067 1946/1946/1946 2058/2058/2058
f 2065/2065/2065 1952/1952/1952 2074/2074/2074
f 2075/2075/2075 1951/1951/1951 2068/2068/2068
f 2089/2089/2089 1964/1964/1964 2098/2098/2098
f 2099/2099/2099 1963/1963/1963 2090/2090/2090
f 2108/2108/2108 1967/1967/1967 2099/2099/2099
f 2107/2107/2107 1972/1972/1972 2111/2111/2111
f 2112/2112/2112 1976/1976/1976 2116/2116/2116
f 2122/2122/2122 1978/1978/1978 2117/2117/2117
f 2124/2124/2124 1986/1986/1986 2127/2127/2127
f 2127/2127/2127 1988/1988/1988 2130/2130/2130
f 2133/2133/2133 1987/1987/1987 2128/2128/2128
f 2131/2131/2131 1992/1992/1992 2135/2135/2135
f 2161/2161/2161 2011/2011/2011 2151/2151/2151
f 2167/2167/2167 2018/2018/2018 2159/2159/2159
f 2192/2192/2192 2031/2031/2031 2171/2171/2171
f 2201/2201/2201 2055/2055/2055 2194/2194/2194
f 2200/2200/2200 2066/2066/2066 2208/2208/2208
f 2207/2207/2207 2074/2074/2074 2209/2209/2209
f 2213/2213/2213 2106/2106/2106 2220/2220/2220
f 2221/2221/2221 2111/2111/2111 2228/2228/2228
f 2228/2228/2228 2115/2115/2115 2232/2232/2232
f 2241/2241/2241 2127/2127/2127 2244/2244/2244
f 2249/2249/2249 2128/2128/2128 2245/2245/2245
f 2247/2247/2247 2134/2134/2134 2250/2250/2250
f 2252/2252/2252 2132/2132/2132 2248/2248/2248
f 2251/2251/2251 2138/2138/2138 2253/2253/2253
f 2254/2254/2254 2143/2143/2143 2261/2261/2261
f 2263/2263/2263 2148/2148/2148 2272/2272/2272
f 2282/2282/2282 2146/2146/2146 2268/2268/2268
f 2289/2289/2289 2150/2150/2150 2278/2278/2278
f 2294/2294/2294 2157/2157/2157 2286/2286/2286
f 2295/2295/2295 2191/2191/2191 2318/2318/2318
f 2319/2319/2319 2172/2172/2172 2299/2299/2299
f 2332/2332/2332 2210/2210/2210 2337/2337/2337
f 2336/2336/2336 2211/2211/2211 2338/2338/2338
f 2338/2338/2338 2212/2212/2212 2339/2339/2339
f 2340/2340/2340 2221/2221/2221 2342/2342/2342
f 2342/2342/2342 2228/2228/2228 2349/2349/2349
f 2360/2360/2360 2240/2240/2240 2363/2363/2363
f 2363/2363/2363 2243/2243/2243 2365/2365/2365
f 2370/2370/2370 2242/2242/2242 2364/2364/2364
f 2366/2366/2366 2247/2247/2247 2372/2372/2372
f 2379/2379/2379 2253/2253/2253 2386/2386/2386
f 2387/2387/2387 2261/2261/2261 2397/2397/2397
f 2400/2400/2400 2255/2255/2255 2389/2389/2389
f 2397/2397/2397 2270/2270/2270 2406/2406/2406
f 2411/2411/2411 2264/2264/2264 2399/2399/2399
f 2401/2401/2401 2277/2277/2277 2414/2414/2414
f 2409/2409/2409 2283/2283/2283 2423/2423/2423
f 2424/2424/2424 2291/2291/2291 2436/2436/2436
f 2438/2438/2438 2285/2285/2285 2426/2426/2426
f 2461/2461/2461 2299/2299/2299 2444/2444/2444
f 2445/2445/2445 2326/2326/2326 2468/2468/2468
f 2454/2454/2454 2331/2331/2331 2473/2473/2473
f 2472/2472/2472 2335/2335/2335 2479/2479/2479
f 2475/2475/2475 2337/2337/2337 2482/2482/2482
f 2491/2491/2491 2340/2340/2340 2492/2492/2492
f 2493/2493/2493 2343/2343/2343 2495/2495/2495
f 2496/2496/2496 2357/2357/2357 2504/2504/2504
f 2505/2505/2505 2360/2360/2360 2508/2508/2508
f 2512/2512/2512 2359/2359/2359 2506/2506/2506
f 2517/2517/2517 2361/2361/2361 2511/2511/2511
f 2518/2518/2518 2371/2371/2371 2525/2525/2525
f 2528/2528/2528 2367/2367/2367 2520/2520/2520
f 2532/2532/2532 2369/2369/2369 2523/2523/2523
f 2526/2526/2526 2378/2378/2378 2533/2533/2533
f 2537/2537/2537 2373/2373/2373 2528/2528/2528
f 2546/2546/2546 2380/2380/2380 2536/2536/2536
f 2556/2556/2556 2388/2388/2388 2546/2546/2546
f 2554/2554/2554 2406/2406/2406 2563/2563/2563
f 2565/2565/2565 2398/2398/2398 2555/2555/2555
f 2557/2557/2557 2415/2415/2415 2566/2566/2566
f 2564/2564/2564 2421/2421/2421 2571/2571/2571
f 2574/2574/2574 2410/2410/2410 2565/2565/2565
f 2573/2573/2573 2435/2435/2435 2581/2581/2581
f 2582/2582/2582 2424/2424/2424 2574/2574/2574
f 2603/2603/2603 2444/2444/2444 2588/2588/2588
f 2589/2589/2589 2469/2469/2469 2611/2611/2611
f 2597/2597/2597 2474/2474/2474 2615/2615/2615
f 2610/2610/2610 2475/2475/2475 2616/2616/2616
f 2614/2614/2614 2480/2480/2480 2619/2619/2619
f 2619/2619/2619 2486/2486/2486 2626/2626/2626
f 2625/2625/2625 2490/2490/2490 2631/2631/2631
f 2637/2637/2637 2494/2494/2494 2641/2641/2641
f 2642/2642/2642 2497/2497/2497 2647/2647/2647
f 2646/2646/2646 2504/2504/2504 2656/2656/2656
f 2657/2657/2657 2508/2508/2508 2664/2664/2664
f 2675/2675/2675 2509/2509/2509 2667/2667/2667
f 2678/2678/2678 2511/2511/2511 2670/2670/2670
f 2681/2681/2681 2514/2514/2514 2674/2674/2674
f 2676/2676/2676 2522/2522/2522 2682/2682/2682
f 2679/2679/2679 2525/2525/2525 2686/2686/2686
f 2689/2689/2689 2519/2519/2519 2680/2680/2680
f 2687/2687/2687 2533/2533/2533 2694/2694/2694
f 2696/2696/2696 2527/2527/2527 2689/2689/2689
f 2699/2699/2699 2532/2532/2532 2693/2693/2693
f 2694/2694/2694 2543/2543/2543 2700/2700/2700
f 2702/2702/2702 2535/2535/2535 2695/2695/2695
f 2701/2701/2701 2553/2553/2553 2708/2708/2708
f 2711/2711/2711 2545/2545/2545 2702/2702/2702
f 2721/2721/2721 2555/2555/2555 2711/2711/2711
f 2726/2726/2726 2560/2560/2560 2715/2715/2715
f 2719/2719/2719 2571/2571/2571 2727/2727/2727
f 2730/2730/2730 2565/2565/2565 2721/2721/2721
f 2722/2722/2722 2576/2576/2576 2731/2731/2731
f 2735/2735/2735 2569/2569/2569 2725/2725/2725
f 2742/2742/2742 2602/2602/2602 2759/2759/2759
f 2767/2767/2767 2616/2616/2616 2772/2772/2772
f 2771/2771/2771 2620/2620/2620 2776/2776/2776
f 2775/2775/2775 2626/2626/2626 2781/2781/2781
f 2777/2777/2777 2627/2627/2627 2782/2782/2782
f 2781/2781/2781 2632/2632/2632 2786/2786/2786
f 2790/2790/2790 2640/2640/2640 2794/2794/2794
f 2797/2797/2797 2638/2638/2638 2793/2793/2793
f 2794/2794/2794 2645/2645/2645 2798/2798/2798
f 2801/2801/2801 2643/2643/2643 2797/2797/2797
f 2800/2800/2800 2656/2656/2656 2809/2809/2809
f 2810/2810/2810 2648/2648/2648 2801/2801/2801
f 2809/2809/2809 2663/2663/2663 2814/2814/2814
f 2817/2817/2817 2658/2658/2658 2810/2810/2810
f 2821/2821/2821 2661/2661/2661 2812/2812/2812
f 2815/2815/2815 2672/2672/2672 2823/2823/2823
f 2824/2824/2824 2665/2665/2665 2816/2816/2816
f 2828/2828/2828 2673/2673/2673 2824/2824/2824
f 2831/2831/2831 2678/2678/2678 2826/2826/2826
f 2840/2840/2840 2688/2688/2688 2834/2834/2834
f 2839/2839/2839 2700/2700/2700 2845/2845/2845
f 2852/2852/2852 2699/2699/2699 2844/2844/2844
f 2846/2846/2846 2708/2708/2708 2854/2854/2854
f 2861/2861/2861 2705/2705/2705 2850/2850/2850
f 2855/2855/2855 2718/2718/2718 2864/2864/2864
f 2873/2873/2873 2714/2714/2714 2859/2859/2859
f 2876/2876/2876 2720/2720/2720 2867/2867/2867
f 2879/2879/2879 2724/2724/2724 2872/2872/2872
f 2881/2881/2881 2729/2729/2729 2876/2876/2876
f 2877/2877/2877 2739/2739/2739 2882/2882/2882
f 2884/2884/2884 2733/2733/2733 2878/2878/2878
f 2890/2890/2890 2768/2768/2768 2911/2911/2911
f 2912/2912/2912 2753/2753/2753 2896/2896/2896
f 2897/2897/2897 2771/2771/2771 2915/2915/2915
f 2910/2910/2910 2772/2772/2772 2916/2916/2916
f 2917/2917/2917 2769/2769/2769 2912/2912/2912
f 2929/2929/2929 2779/2779/2779 2924/2924/2924
f 2928/2928/2928 2787/2787/2787 2933/2933/2933
f 2933/2933/2933 2792/2792/2792 2940/2940/2940
f 2938/2938/2938 2795/2795/2795 2944/2944/2944
f 2944/2944/2944 2799/2799/2799 2950/2950/2950
f 2952/2952/2952 2797/2797/2797 2947/2947/2947
f 2963/2963/2963 2801/2801/2801 2952/2952/2952
f 2968/2968/2968 2804/2804/2804 2957/2957/2957
f 2965/2965/2965 2818/2818/2818 2973/2973/2973
f 2976/2976/2976 2812/2812/2812 2967/2967/2967
f 2969/2969/2969 2822/2822/2822 2977/2977/2977
f 2974/2974/2974 2825/2825/2825 2983/2983/2983
f 2984/2984/2984 2820/2820/2820 2975/2975/2975
f 2978/2978/2978 2827/2827/2827 2985/2985/2985
f 2983/2983/2983 2829/2829/2829 2989/2989/2989
f 2991/2991/2991 2826/2826/2826 2984/2984/2984
f 2985/2985/2985 2832/2832/2832 2992/2992/2992
f 2994/2994/2994 2828/2828/2828 2986/2986/2986
f 2996/2996/2996 2830/2830/2830 2990/2990/2990
f 2995/2995/2995 2842/2842/2842 3000/3000/3000
f 3005/3005/3005 2840/2840/2840 2998/2998/2998
f 3001/3001/3001 2848/2848/2848 3007/3007/3007
f 3011/3011/3011 2844/2844/2844 3002/3002/3002
f 3014/3014/3014 2847/2847/2847 3005/3005/3005
f 3008/3008/3008 2858/2858/2858 3016/3016/3016
f 3020/3020/3020 2851/2851/2851 3010/3010/3010
f 3013/3013/3013 2863/2863/2863 3021/3021/3021
f 3031/3031/3031 2859/2859/2859 3017/3017/3017
f 3024/3024/3024 2875/2875/2875 3033/3033/3033
f 3037/3037/3037 2871/2871/2871 3029/3029/3029
f 3039/3039/3039 2876/2876/2876 3034/3034/3034
f 3036/3036/3036 2882/2882/2882 3040/3040/3040
f 3048/3048/3048 2911/2911/2911 3072/3072/3072
f 3073/3073/3073 2896/2896/2896 3054/3054/3054
f 3071/3071/3071 2916/2916/2916 3081/3081/3081
f 3082/3082/3082 2913/2913/2913 3074/3074/3074
f 3089/3089/3089 2918/2918/2918 3082/3082/3082
f 3094/3094/3094 2925/2925/2925 3090/3090/3090
f 3093/3093/3093 2933/2933/2933 3097/3097/3097
f 3099/3099/3099 2942/2942/2942 3103/3103/3103
f 3107/3107/3107 2941/2941/2941 3102/3102/3102
f 3104/3104/3104 2949/2949/2949 3109/3109/3109
f 3106/3106/3106 2951/2951/2951 3110/3110/3110
f 3111/3111/3111 2948/2948/2948 3108/3108/3108
f 3110/3110/3110 2962/2962/2962 3119/3119/3119
f 3121/3121/3121 2956/2956/2956 3113/3113/3113
f 3126/3126/3126 2966/2966/2966 3120/3120/3120
f 3122/3122/3122 2977/2977/2977 3127/3127/3127
f 3124/3124/3124 2981/2981/2981 3130/3130/3130
f 3133/3133/3133 2975/2975/2975 3126/3126/3126
f 3128/3128/3128 2985/2985/2985 3135/3135/3135
f 3131/3131/3131 2988/2988/2988 3139/3139/3139
f 3142/3142/3142 2984/2984/2984 3133/3133/3133
f 3140/3140/3140 2995/2995/2995 3149/3149/3149
f 3150/3150/3150 2990/2990/2990 3141/3141/3141
f 3144/3144/3144 2997/2997/2997 3151/3151/3151
f 3149/3149/3149 3000/3000/3000 3156/3156/3156
f 3158/3158/3158 2996/2996/2996 3150/3150/3150
f 3156/3156/3156 3006/3006/3006 3163/3163/3163
f 3167/3167/3167 3002/3002/3002 3158/3158/3158
f 3164/3164/3164 3015/3015/3015 3173/3173/3173
f 3176/3176/3176 3009/3009/3009 3165/3165/3165
f 3181/3181/3181 3014/3014/3014 3170/3170/3170
f 3183/3183/3183 3036/3036/3036 3193/3193/3193
f 3195/3195/3195 3029/3029/3029 3184/3184/3184
f 3200/3200/3200 3037/3037/3037 3195/3195/3195
f 3201/3201/3201 3063/3063/3063 3223/3223/3223
f 3234/3234/3234 3055/3055/3055 3213/3213/3213
f 3240/3240/3240 3093/3093/3093 3241/3241/3241
f 3241/3241/3241 3097/3097/3097 3242/3242/3242
f 3243/3243/3243 3106/3106/3106 3244/3244/3244
f 3244/3244/3244 3110/3110/3110 3250/3250/3250
f 3250/3250/3250 3119/3119/3119 3257/3257/3257
f 3259/3259/3259 3113/3113/3113 3251/3251/3251
f 3262/3262/3262 3120/3120/3120 3258/3258/3258
f 3260/3260/3260 3127/3127/3127 3263/3263/3263
f 3264/3264/3264 3125/3125/3125 3261/3261/3261
f 3263/3263/3263 3134/3134/3134 3265/3265/3265
f 3267/3267/3267 3132/3132/3132 3264/3264/3264
f 3266/3266/3266 3143/3143/3143 3268/3268/3268
f 3269/3269/3269 3151/3151/3151 3275/3275/3275
f 3272/3272/3272 3155/3155/3155 3280/3280/3280
f 3283/3283/3283 3150/3150/3150 3274/3274/3274
f 3281/3281/3281 3163/3163/3163 3290/3290/3290
f 3292/3292/3292 3157/3157/3157 3282/3282/3282
f 3290/3290/3290 3172/3172/3172 3302/3302/3302
f 3323/3323/3323 3175/3175/3175 3306/3306/3306
f 3317/3317/3317 3192/3192/3192 3331/3331/3331
f 3334/3334/3334 3184/3184/3184 3320/3320/3320
f 3332/3332/3332 3198/3198/3198 3335/3335/3335
f 3336/3336/3336 3194/3194/3194 3333/3333/3333
f 3337/3337/3337 3223/3223/3223 3358/3358/3358
f 3368/3368/3368 3239/3239/3239 3379/3379/3379
f 3385/3385/3385 3241/3241/3241 3389/3389/3389
f 3407/3407/3407 3245/3245/3245 3399/3399/3399
f 3410/3410/3410 3251/3251/3251 3406/3406/3406
f 3413/3413/3413 3258/3258/3258 3409/3409/3409
f 3411/3411/3411 3263/3263/3263 3414/3414/3414
f 3415/3415/3415 3261/3261/3261 3412/3412/3412
f 3414/3414/3414 3265/3265/3265 3416/3416/3416
f 3417/3417/3417 3268/3268/3268 3419/3419/3419
f 3422/3422/3422 3267/3267/3267 3418/3418/3418
f 3426/3426/3426 3273/3273/3273 3421/3421/3421
f 3433/3433/3433 3282/3282/3282 3426/3426/3426
f 3430/3430/3430 3300/3300/3300 3439/3439/3439
f 3444/3444/3444 3291/3291/3291 3432/3432/3432
f 3447/3447/3447 3299/3299/3299 3438/3438/3438
f 3452/3452/3452 3304/3304/3304 3441/3441/3441
f 3448/3448/3448 3329/3329/3329 3457/3457/3457
f 3461/3461/3461 3319/3319/3319 3450/3450/3450
f 3462/3462/3462 3358/3358/3358 3482/3482/3482
f 3465/3465/3465 3369/3369/3369 3488/3488/3488
f 3487/3487/3487 3379/3379/3379 3497/3497/3497
f 3498/3498/3498 3370/3370/3370 3490/3490/3490
f 3492/3492/3492 3384/3384/3384 3501/3501/3501
f 3496/3496/3496 3385/3385/3385 3505/3505/3505
f 3500/3500/3500 3388/3388/3388 3510/3510/3510
f 3516/3516/3516 3390/3390/3390 3525/3525/3525
f 3532/3532/3532 3397/3397/3397 3540/3540/3540
f 3543/3543/3543 3392/3392/3392 3535/3535/3535
f 3546/3546/3546 3398/3398/3398 3542/3542/3542
f 3549/3549/3549 3405/3405/3405 3545/3545/3545
f 3552/3552/3552 3409/3409/3409 3549/3549/3549
f 3554/3554/3554 3412/3412/3412 3551/3551/3551
f 3553/3553/3553 3416/3416/3416 3555/3555/3555
f 3558/3558/3558 3415/3415/3415 3554/3554/3554
f 3556/3556/3556 3419/3419/3419 3559/3559/3559
f 3564/3564/3564 3418/3418/3418 3558/3558/3558
f 3569/3569/3569 3421/3421/3421 3563/3563/3563
f 3573/3573/3573 3425/3425/3425 3568/3568/3568
f 3579/3579/3579 3431/3431/3431 3572/3572/3572
f 3581/3581/3581 3453/3453/3453 3586/3586/3586
f 3598/3598/3598 3488/3488/3488 3619/3619/3619
f 3622/3622/3622 3506/3506/3506 3626/3626/3626
f 3629/3629/3629 3524/3524/3524 3634/3634/3634
f 3635/3635/3635 3532/3532/3532 3638/3638/3638
f 3640/3640/3640 3526/3526/3526 3637/3637/3637
f 3638/3638/3638 3540/3540/3540 3641/3641/3641
f 3642/3642/3642 3533/3533/3533 3639/3639/3639
f 3641/3641/3641 3544/3544/3544 3643/3643/3643
f 3645/3645/3645 3541/3541/3541 3642/3642/3642
f 3643/3643/3643 3547/3547/3547 3646/3646/3646
f 3648/3648/3648 3545/3545/3545 3645/3645/3645
f 3652/3652/3652 3548/3548/3548 3647/3647/3647
f 3660/3660/3660 3554/3554/3554 3656/3656/3656
f 3665/3665/3665 3557/3557/3557 3659/3659/3659
f 3669/3669/3669 3562/3562/3562 3664/3664/3664
f 3668/3668/3668 3571/3571/3571 3670/3670/3670
f 3673/3673/3673 3568/3568/3568 3669/3669/3669
f 3679/3679/3679 3572/3572/3572 3672/3672/3672
f 3676/3676/3676 3580/3580/3580 3680/3680/3680
f 3695/3695/3695 3583/3583/3583 3683/3683/3683
f 3688/3688/3688 3596/3596/3596 3697/3697/3697
f 3732/3732/3732 3634/3634/3634 3736/3736/3736
f 3742/3742/3742 3636/3636/3636 3739/3739/3739
f 3740/3740/3740 3641/3641/3641 3743/3743/3743
f 3743/3743/3743 3643/3643/3643 3746/3746/3746
f 3748/3748/3748 3642/3642/3642 3745/3745/3745
f 3752/3752/3752 3644/3644/3644 3747/3747/3747
f 3756/3756/3756 3647/3647/3647 3752/3752/3752
f 3758/3758/3758 3651/3651/3651 3755/3755/3755
f 3762/3762/3762 3655/3655/3655 3758/3758/3758
f 3766/3766/3766 3659/3659/3659 3762/3762/3762
f 3771/3771/3771 3664/3664/3664 3765/3765/3765
f 3769/3769/3769 3670/3670/3670 3773/3773/3773
f 3777/3777/3777 3669/3669/3669 3771/3771/3771
f 3774/3774/3774 3675/3675/3675 3779/3779/3779
f 3784/3784/3784 3672/3672/3672 3776/3776/3776
f 3780/3780/3780 3680/3680/3680 3785/3785/3785
f 3793/3793/3793 3677/3677/3677 3782/3782/3782
f 3786/3786/3786 3686/3686/3686 3794/3794/3794
f 3801/3801/3801 3682/3682/3682 3791/3791/3791
f 3795/3795/3795 3696/3696/3696 3802/3802/3802
f 3805/3805/3805 3690/3690/3690 3797/3797/3797
f 3838/3838/3838 3733/3733/3733 3841/3841/3841
f 3847/3847/3847 3738/3738/3738 3845/3845/3845
f 3846/3846/3846 3743/3743/3743 3848/3848/3848
f 3849/3849/3849 3741/3741/3741 3847/3847/3847
f 3848/3848/3848 3746/3746/3746 3850/3850/3850
f 3852/3852/3852 3744/3744/3744 3849/3849/3849
f 3856/3856/3856 3747/3747/3747 3852/3852/3852
f 3860/3860/3860 3751/3751/3751 3855/3855/3855
f 3857/3857/3857 3757/3757/3757 3861/3861/3861
f 3870/3870/3870 3758/3758/3758 3864/3864/3864
f 3875/3875/3875 3761/3761/3761 3869/3869/3869
f 3883/3883/3883 3765/3765/3765 3875/3875/3875
f 3877/3877/3877 3772/3772/3772 3884/3884/3884
f 3891/3891/3891 3770/3770/3770 3882/3882/3882
f 3885/3885/3885 3778/3778/3778 3892/3892/3892
f 3904/3904/3904 3775/3775/3775 3890/3890/3890
f 3894/3894/3894 3785/3785/3785 3906/3906/3906
f 3915/3915/3915 3781/3781/3781 3902/3902/3902
f 3907/3907/3907 3794/3794/3794 3917/3917/3917
f 3921/3921/3921 3787/3787/3787 3910/3910/3910
f 3918/3918/3918 3802/3802/3802 3923/3923/3923
f 3925/3925/3925 3796/3796/3796 3920/3920/3920
f 3936/3936/3936 3830/3830/3830 3949/3949/3949
f 3962/3962/3962 3841/3841/3841 3968/3968/3968
f 3975/3975/3975 3846/3846/3846 3981/3981/3981
f 3986/3986/3986 3845/3845/3845 3980/3980/3980
f 3992/3992/3992 3847/3847/3847 3986/3986/3986
f 3998/3998/3998 3849/3849/3849 3992/3992/3992
f 3999/3999/3999 3857/3857/3857 4004/4004/4004
f 4009/4009/4009 3855/3855/3855 4002/4002/4002
f 4015/4015/4015 3859/3859/3859 4008/4008/4008
f 4012/4012/4012 3866/3866/3866 4017/4017/4017
f 4022/4022/4022 3863/3863/3863 4015/4015/4015
f 4017/4017/4017 3871/3871/3871 4024/4024/4024
f 4026/4026/4026 3867/3867/3867 4019/4019/4019
f 4030/4030/4030 3869/3869/3869 4022/4022/4022
f 4024/4024/4024 3876/3876/3876 4031/4031/4031
f 4034/4034/4034 3872/3872/3872 4026/4026/4026
f 4032/4032/4032 3884/3884/3884 4041/4041/4041
f 4044/4044/4044 3878/3878/3878 4033/4033/4033
f 4035/4035/4035 3889/3889/3889 4045/4045/4045
f 4049/4049/4049 3882/3882/3882 4038/4038/4038
f 4042/4042/4042 3892/3892/3892 4051/4051/4051
f 4054/4054/4054 3886/3886/3886 4044/4044/4044
f 4052/4052/4052 3905/3905/3905 4061/4061/4061
f 4062/4062/4062 3916/3916/3916 4065/4065/4065
f 4068/4068/4068 3909/3909/3909 4064/4064/4064
f 4066/4066/4066 3922/3922/3922 4070/4070/4070
f 4072/4072/4072 3919/3919/3919 4067/4067/4067
f 4082/4082/4082 3951/3951/3951 4092/4092/4092
f 4093/4093/4093 3943/3943/3943 4087/4087/4087
f 4091/4091/4091 3959/3959/3959 4099/4099/4099
f 4094/4094/4094 3962/3962/3962 4104/4104/4104
f 4098/4098/4098 3965/3965/3965 4108/4108/4108
f 4108/4108/4108 3971/3971/3971 4117/4117/4117
f 4119/4119/4119 3966/3966/3966 4111/4111/4111
f 4124/4124/4124 3969/3969/3969 4115/4115/4115
f 4122/4122/4122 3981/3981/3981 4129/4129/4129
f 4132/4132/4132 3976/3976/3976 4124/4124/4124
f 4134/4134/4134 3980/3980/3980 4127/4127/4127
f 4130/4130/4130 3988/3988/3988 4136/4136/4136
f 4133/4133/4133 3991/3991/3991 4140/4140/4140
f 4142/4142/4142 3986/3986/3986 4134/4134/4134
f 4150/4150/4150 3992/3992/3992 4142/4142/4142
f 4153/4153/4153 3995/3995/3995 4146/4146/4146
f 4147/4147/4147 4001/4001/4001 4154/4154/4154
f 4156/4156/4156 3997/3997/3997 4149/4149/4149
f 4158/4158/4158 4011/4011/4011 4166/4166/4166
f 4168/4168/4168 4006/4006/4006 4160/4160/4160
f 4171/4171/4171 4008/4008/4008 4163/4163/4163
f 4166/4166/4166 4016/4016/4016 4172/4172/4172
f 4174/4174/4174 4013/4013/4013 4168/4168/4168
f 4172/4172/4172 4023/4023/4023 4179/4179/4179
f 4181/4181/4181 4018/4018/4018 4173/4173/4173
f 4180/4180/4180 4031/4031/4031 4188/4188/4188
f 4190/4190/4190 4025/4025/4025 4181/4181/4181
f 4195/4195/4195 4030/4030/4030 4186/4186/4186
f 4188/4188/4188 4040/4040/4040 4196/4196/4196
f 4199/4199/4199 4033/4033/4033 4190/4190/4190
f 4204/4204/4204 4038/4038/4038 4194/4194/4194
f 4197/4197/4197 4050/4050/4050 4205/4205/4205
f 4209/4209/4209 4043/4043/4043 4198/4198/4198
f 4213/4213/4213 4048/4048/4048 4203/4203/4203
f 4207/4207/4207 4061/4061/4061 4214/4214/4214
f 4217/4217/4217 4053/4053/4053 4209/4209/4209
f 4215/4215/4215 4065/4065/4065 4218/4218/4218
f 4218/4218/4218 4069/4069/4069 4222/4222/4222
f 4226/4226/4226 4088/4088/4088 4241/4241/4241
f 4242/4242/4242 4081/4081/4081 4234/4234/4234
f 4241/4241/4241 4095/4095/4095 4247/4247/4247
f 4248/4248/4248 4090/4090/4090 4243/4243/4243
f 4244/4244/4244 4100/4100/4100 4250/4250/4250
f 4251/4251/4251 4093/4093/4093 4245/4245/4245
f 4249/4249/4249 4109/4109/4109 4255/4255/4255
f 4255/4255/4255 4118/4118/4118 4262/4262/4262
f 4261/4261/4261 4125/4125/4125 4268/4268/4268
f 4270/4270/4270 4120/4120/4120 4264/4264/4264
f 4265/4265/4265 4128/4128/4128 4271/4271/4271
f 4273/4273/4273 4123/4123/4123 4266/4266/4266
f 4268/4268/4268 4133/4133/4133 4274/4274/4274
f 4272/4272/4272 4135/4135/4135 4277/4277/4277
f 4282/4282/4282 4134/4134/4134 4276/4276/4276
f 4277/4277/4277 4143/4143/4143 4283/4283/4283
f 4286/4286/4286 4138/4138/4138 4279/4279/4279
f 4280/4280/4280 4148/4148/4148 4287/4287/4287
f 4288/4288/4288 4141/4141/4141 4281/4281/4281
f 4284/4284/4284 4151/4151/4151 4290/4290/4290
f 4291/4291/4291 4145/4145/4145 4285/4285/4285
f 4296/4296/4296 4152/4152/4152 4291/4291/4291
f 4292/4292/4292 4162/4162/4162 4297/4297/4297
f 4301/4301/4301 4159/4159/4159 4296/4296/4296
f 4306/4306/4306 4167/4167/4167 4301/4301/4301
f 4305/4305/4305 4179/4179/4179 4310/4310/4310
f 4312/4312/4312 4173/4173/4173 4306/4306/4306
f 4308/4308/4308 4183/4183/4183 4313/4313/4313
f 4317/4317/4317 4178/4178/4178 4309/4309/4309
f 4310/4310/4310 4187/4187/4187 4318/4318/4318
f 4321/4321/4321 4181/4181/4181 4312/4312/4312
f 4326/4326/4326 4185/4185/4185 4316/4316/4316
f 4330/4330/4330 4189/4189/4189 4320/4320/4320
f 4334/4334/4334 4193/4193/4193 4325/4325/4325
f 4339/4339/4339 4198/4198/4198 4330/4330/4330
f 4341/4341/4341 4202/4202/4202 4333/4333/4333
f 4345/4345/4345 4208/4208/4208 4338/4338/4338
f 4348/4348/4348 4216/4216/4216 4345/4345/4345
f 4350/4350/4350 4220/4220/4220 4348/4348/4348
f 4370/4370/4370 4234/4234/4234 4360/4360/4360
f 4362/4362/4362 4244/4244/4244 4373/4373/4373
f 4369/4369/4369 4247/4247/4247 4378/4378/4378
f 4379/4379/4379 4243/4243/4243 4371/4371/4371
f 4383/4383/4383 4245/4245/4245 4375/4375/4375
f 4381/4381/4381 4255/4255/4255 4389/4389/4389
f 4390/4390/4390 4251/4251/4251 4383/4383/4383
f 4393/4393/4393 4254/4254/4254 4386/4386/4386
f 4392/4392/4392 4265/4265/4265 4399/4399/4399
f 4396/4396/4396 4269/4269/4269 4404/4404/4404
f 4406/4406/4406 4264/4264/4264 4398/4398/4398
f 4399/4399/4399 4271/4271/4271 4407/4407/4407
f 4403/4403/4403 4274/4274/4274 4412/4412/4412
f 4414/4414/4414 4270/4270/4270 4406/4406/4406
f 4408/4408/4408 4277/4277/4277 4415/4415/4415
f 4416/4416/4416 4273/4273/4273 4409/4409/4409
f 4412/4412/4412 4280/4280/4280 4419/4419/4419
f 4420/4420/4420 4275/4275/4275 4413/4413/4413
f 4415/4415/4415 4283/4283/4283 4421/4421/4421
f 4424/4424/4424 4279/4279/4279 4417/4417/4417
f 4419/4419/4419 4287/4287/4287 4426/4426/4426
f 4422/4422/4422 4290/4290/4290 4430/4430/4430
f 4426/4426/4426 4292/4292/4292 4434/4434/4434
f 4444/4444/4444 4293/4293/4293 4436/4436/4436
f 4438/4438/4438 4300/4300/4300 4445/4445/4445
f 4446/4446/4446 4296/4296/4296 4439/4439/4439
f 4442/4442/4442 4302/4302/4302 4449/4449/4449
f 4451/4451/4451 4299/4299/4299 4444/4444/4444
f 4449/4449/4449 4307/4307/4307 4457/4457/4457
f 4458/4458/4458 4313/4313/4313 4466/4466/4466
f 4469/4469/4469 4309/4309/4309 4460/4460/4460
f 4473/4473/4473 4312/4312/4312 4463/4463/4463
f 4466/4466/4466 4322/4322/4322 4474/4474/4474
f 4477/4477/4477 4315/4315/4315 4467/4467/4467
f 4475/4475/4475 4331/4331/4331 4483/4483/4483
f 4485/4485/4485 4324/4324/4324 4476/4476/4476
f 4489/4489/4489 4329/4329/4329 4481/4481/4481
f 4492/4492/4492 4333/4333/4333 4485/4485/4485
f 4496/4496/4496 4338/4338/4338 4489/4489/4489
f 4499/4499/4499 4368/4368/4368 4518/4518/4518
f 4519/4519/4519 4361/4361/4361 4509/4509/4509
f 4529/4529/4529 4371/4371/4371 4519/4519/4519
f 4536/4536/4536 4380/4380/4380 4530/4530/4530
f 4542/4542/4542 4399/4399/4399 4548/4548/4548
f 4548/4548/4548 4407/4407/4407 4555/4555/4555
f 4557/4557/4557 4400/4400/4400 4549/4549/4549
f 4561/4561/4561 4405/4405/4405 4554/4554/4554
f 4556/4556/4556 4415/4415/4415 4562/4562/4562
f 4563/4563/4563 4410/4410/4410 4558/4558/4558
f 4566/4566/4566 4413/4413/4413 4561/4561/4561
f 4572/4572/4572 4420/4420/4420 4566/4566/4566
f 4570/4570/4570 4434/4434/4434 4577/4577/4577
f 4578/4578/4578 4427/4427/4427 4571/4571/4571
f 4573/4573/4573 4437/4437/4437 4580/4580/4580
f 4581/4581/4581 4445/4445/4445 4586/4586/4586
f 4588/4588/4588 4443/4443/4443 4584/4584/4584
f 4595/4595/4595 4450/4450/4450 4588/4588/4588
f 4593/4593/4593 4465/4465/4465 4601/4601/4601
f 4605/4605/4605 4459/4459/4459 4594/4594/4594
f 4602/4602/4602 4474/4474/4474 4614/4614/4614
f 4615/4615/4615 4483/4483/4483 4625/4625/4625
f 4627/4627/4627 4476/4476/4476 4617/4617/4617
f 4650/4650/4650 4498/4498/4498 4640/4640/4640
f 4668/4668/4668 4510/4510/4510 4658/4658/4658
f 4676/4676/4676 4520/4520/4520 4668/4668/4668
f 4682/4682/4682 4534/4534/4534 4680/4680/4680
f 4681/4681/4681 4542/4542/4542 4683/4683/4683
f 4683/4683/4683 4548/4548/4548 4685/4685/4685
f 4689/4689/4689 4553/4553/4553 4686/4686/4686
f 4688/4688/4688 4562/4562/4562 4690/4690/4690
f 4697/4697/4697 4565/4565/4565 4693/4693/4693
f 4695/4695/4695 4574/4574/4574 4699/4699/4699
f 4701/4701/4701 4571/4571/4571 4697/4697/4697
f 4698/4698/4698 4580/4580/4580 4702/4702/4702
f 4705/4705/4705 4578/4578/4578 4701/4701/4701
f 4703/4703/4703 4586/4586/4586 4706/4706/4706
f 4706/4706/4706 4589/4589/4589 4709/4709/4709
f 4711/4711/4711 4587/4587/4587 4707/4707/4707
f 4720/4720/4720 4594/4594/4594 4711/4711/4711
f 4715/4715/4715 4612/4612/4612 4725/4725/4725
f 4716/4716/4716 4613/4613/4613 4726/4726/4726
f 4730/4730/4730 4603/4603/4603 4718/4718/4718
f 4727/4727/4727 4624/4624/4624 4739/4739/4739
f 4767/4767/4767 4646/4646/4646 4763/4763/4763
f 4789/4789/4789 4685/4685/4685 4792/4792/4792
f 4798/4798/4798 4686/4686/4686 4794/4794/4794
f 4802/4802/4802 4689/4689/4689 4798/4798/4798
f 4804/4804/4804 4692/4692/4692 4801/4801/4801
f 4803/4803/4803 4699/4699/4699 4805/4805/4805
f 4805/4805/4805 4703/4703/4703 4807/4807/4807
f 4808/4808/4808 4700/4700/4700 4806/4806/4806
f 4807/4807/4807 4706/4706/4706 4809/4809/4809
f 4811/4811/4811 4704/4704/4704 4808/4808/4808
f 4818/4818/4818 4721/4721/4721 4823/4823/4823
f 4826/4826/4826 4717/4717/4717 4819/4819/4819
f 4820/4820/4820 4730/4730/4730 4827/4827/4827
f 4835/4835/4835 4747/4747/4747 4844/4844/4844
f 4867/4867/4867 4763/4763/4763 4861/4861/4861
f 4875/4875/4875 4783/4783/4783 4882/4882/4882
f 4884/4884/4884 4782/4782/4782 4881/4881/4881
f 4882/4882/4882 4786/4786/4786 4885/4885/4885
f 4888/4888/4888 4792/4792/4792 4891/4891/4891
f 4899/4899/4899 4794/4794/4794 4894/4894/4894
f 4903/4903/4903 4797/4797/4797 4898/4898/4898
f 4901/4901/4901 4803/4803/4803 4904/4904/4904
f 4910/4910/4910 4804/4804/4804 4906/4906/4906
f 4917/4917/4917 4808/4808/4808 4914/4914/4914
f 4935/4935/4935 4821/4821/4821 4925/4925/4925
f 4941/4941/4941 4825/4825/4825 4932/4932/4932
f 4948/4948/4948 4836/4836/4836 4940/4940/4940
f 4950/4950/4950 4850/4850/4850 4953/4953/4953
f 4955/4955/4955 4866/4866/4866 4966/4966/4966
f 4967/4967/4967 4862/4862/4862 4963/4963/4963
f 4964/4964/4964 4876/4876/4876 4973/4973/4973
f 4973/4973/4973 4883/4883/4883 4981/4981/4981
f 4980/4980/4980 4885/4885/4885 4986/4986/4986
f 4989/4989/4989 4884/4884/4884 4985/4985/4985
f 4986/4986/4986 4888/4888/4888 4990/4990/4990
f 4992/4992/4992 4886/4886/4886 4989/4989/4989
f 4990/4990/4990 4891/4891/4891 4993/4993/4993
f 4995/4995/4995 4889/4889/4889 4992/4992/4992
f 5000/5000/5000 4892/4892/4892 4994/4994/4994
f 5011/5011/5011 4903/4903/4903 5006/5006/5006
f 5015/5015/5015 4905/4905/4905 5010/5010/5010
f 5030/5030/5030 4917/4917/4917 5024/5024/5024
f 5036/5036/5036 4920/4920/4920 5029/5029/5029
f 5031/5031/5031 4927/4927/4927 5037/5037/5037
f 5048/5048/5048 4931/4931/4931 5042/5042/5042
f 5046/5046/5046 4942/4942/4942 5049/5049/5049
f 5050/5050/5050 4949/4949/4949 5057/5057/5057
f 5060/5060/5060 4944/4944/4944 5052/5052/5052
f 5065/5065/5065 4951/4951/4951 5059/5059/5059
f 5066/5066/5066 4966/4966/4966 5077/5077/5077
f 5080/5080/5080 4963/4963/4963 5074/5074/5074
f 5090/5090/5090 4987/4987/4987 5095/5095/5095
f 5094/5094/5094 4990/4990/4990 5099/5099/5099
f 5104/5104/5104 4988/4988/4988 5098/5098/5098
f 5109/5109/5109 4991/4991/4991 5104/5104/5104
f 5115/5115/5115 4994/4994/4994 5109/5109/5109
f 5119/5119/5119 4999/4999/4999 5114/5114/5114
f 5129/5129/5129 5021/5021/5021 5133/5133/5133
f 5136/5136/5136 5018/5018/5018 5132/5132/5132
f 5133/5133/5133 5026/5026/5026 5137/5137/5137
f 5142/5142/5142 5022/5022/5022 5135/5135/5135
f 5150/5150/5150 5027/5027/5027 5141/5141/5141
f 5157/5157/5157 5032/5032/5032 5148/5148/5148
f 5165/5165/5165 5057/5057/5057 5173/5173/5173
f 5175/5175/5175 5051/5051/5051 5167/5167/5167
f 5179/5179/5179 5055/5055/5055 5171/5171/5171
f 5180/5180/5180 5079/5079/5079 5191/5191/5191
f 5187/5187/5187 5086/5086/5086 5200/5200/5200
f 5216/5216/5216 5093/5093/5093 5210/5210/5210
f 5212/5212/5212 5101/5101/5101 5218/5218/5218
f 5220/5220/5220 5097/5097/5097 5215/5215/5215
f 5222/5222/5222 5102/5102/5102 5219/5219/5219
f 5230/5230/5230 5113/5113/5113 5226/5226/5226
f 5228/5228/5228 5120/5120/5120 5231/5231/5231
f 5239/5239/5239 5121/5121/5121 5234/5234/5234
f 5240/5240/5240 5133/5133/5133 5245/5245/5245
f 5255/5255/5255 5134/5134/5134 5249/5249/5249
f 5261/5261/5261 5139/5139/5139 5253/5253/5253
f 5269/5269/5269 5147/5147/5147 5260/5260/5260
f 5276/5276/5276 5156/5156/5156 5269/5269/5269
f 5279/5279/5279 5160/5160/5160 5272/5272/5272
f 5284/5284/5284 5192/5192/5192 5293/5293/5293
f 5289/5289/5289 5201/5201/5201 5302/5302/5302
f 5301/5301/5301 5205/5205/5205 5308/5308/5308
f 5311/5311/5311 5214/5214/5214 5317/5317/5317
f 5320/5320/5320 5221/5221/5221 5326/5326/5326
f 5328/5328/5328 5219/5219/5219 5324/5324/5324
f 5326/5326/5326 5223/5223/5223 5329/5329/5329
f 5332/5332/5332 5222/5222/5222 5328/5328/5328
f 5335/5335/5335 5225/5225/5225 5331/5331/5331
f 5344/5344/5344 5233/5233/5233 5339/5339/5339
f 5350/5350/5350 5238/5238/5238 5344/5344/5344
f 5345/5345/5345 5246/5246/5246 5351/5351/5351
f 5357/5357/5357 5242/5242/5242 5349/5349/5349
f 5366/5366/5366 5247/5247/5247 5357/5357/5357
f 5383/5383/5383 5260/5260/5260 5375/5375/5375
f 5384/5384/5384 5294/5294/5294 5393/5393/5393
f 5388/5388/5388 5302/5302/5302 5400/5400/5400
f 5399/5399/5399 5308/5308/5308 5407/5407/5407
f 5405/5405/5405 5310/5310/5310 5410/5410/5410
f 5411/5411/5411 5307/5307/5307 5406/5406/5406
f 5407/5407/5407 5314/5314/5314 5412/5412/5412
f 5418/5418/5418 5315/5315/5315 5414/5414/5414
f 5415/5415/5415 5322/5322/5322 5419/5419/5419
f 5421/5421/5421 5329/5329/5329 5425/5425/5425
f 5429/5429/5429 5327/5327/5327 5424/5424/5424
f 5426/5426/5426 5333/5333/5333 5430/5430/5430
f 5439/5439/5439 5335/5335/5335 5433/5433/5433
f 5446/5446/5446 5338/5338/5338 5438/5438/5438
f 5453/5453/5453 5343/5343/5343 5446/5446/5446
f 5461/5461/5461 5348/5348/5348 5452/5452/5452
f 5467/5467/5467 5355/5355/5355 5460/5460/5460
f 5471/5471/5471 5363/5363/5363 5466/5466/5466
f 5472/5472/5472 5394/5394/5394 5480/5480/5480
f 5474/5474/5474 5400/5400/5400 5485/5485/5485
f 5489/5489/5489 5412/5412/5412 5493/5493/5493
f 5500/5500/5500 5414/5414/5414 5496/5496/5496
f 5501/5501/5501 5425/5425/5425 5505/5505/5505
f 5529/5529/5529 5432/5432/5432 5517/5517/5517
f 5539/5539/5539 5437/5437/5437 5528/5528/5528
f 5546/5546/5546 5445/5445/5445 5539/5539/5539
f 5551/5551/5551 5451/5451/5451 5545/5545/5545
f 5566/5566/5566 5493/5493/5493 5569/5569/5569
f 5588/5588/5588 5507/5507/5507 5582/5582/5582
f 5584/5584/5584 5518/5518/5518 5589/5589/5589
f 5597/5597/5597 5513/5513/5513 5587/5587/5587
f 5600/5600/5600 5522/5522/5522 5594/5594/5594
f 5614/5614/5614 5569/5569/5569 5616/5616/5616
f 5616/5616/5616 5572/5572/5572 5618/5618/5618
f 5618/5618/5618 5575/5575/5575 5620/5620/5620
f 5625/5625/5625 5576/5576/5576 5621/5621/5621
f 5629/5629/5629 5580/5580/5580 5624/5624/5624
f 5627/5627/5627 5589/5589/5589 5630/5630/5630
f 5636/5636/5636 5585/5585/5585 5628/5628/5628
f 54/54/54 51/51/51 52/52/52
f 57/57/57 54/54/54 55/55/55
f 60/60/60 57/57/57 58/58/58
f 92/92/92 88/88/88 89/89/89
f 96/96/96 93/93/93 94/94/94
f 100/100/100 97/97/97 98/98/98
f 105/105/105 101/101/101 102/102/102
f 109/109/109 105/105/105 106/106/106
f 117/117/117 110/110/110 111/111/111
f 128/128/128 118/118/118 119/119/119
f 129/129/129 119/119/119 120/120/120
f 142/142/142 127/127/127 128/128/128
f 146/146/146 134/134/134 135/135/135
f 150/150/150 138/138/138 139/139/139
f 151/151/151 139/139/139 140/140/140
f 152/152/152 140/140/140 141/141/141
f 169/169/169 165/165/165 166/166/166
f 177/177/177 170/170/170 171/171/171
f 181/181/181 174/174/174 175/175/175
f 184/184/184 178/178/178 179/179/179
f 186/186/186 180/180/180 181/181/181
f 187/187/187 181/181/181 182/182/182
f 191/191/191 185/185/185 186/186/186
f 193/193/193 187/187/187 188/188/188
f 194/194/194 188/188/188 189/189/189
f 198/198/198 191/191/191 192/192/192
f 200/200/200 193/193/193 194/194/194
f 202/202/202 195/195/195 196/196/196
f 206/206/206 199/199/199 200/200/200
f 207/207/207 200/200/200 201/201/201
f 213/213/213 208/208/208 209/209/209
f 214/214/214 209/209/209 210/210/210
f 222/222/222 213/213/213 214/214/214
f 225/225/225 218/218/218 219/219/219
f 237/237/237 222/222/222 223/223/223
f 239/239/239 229/229/229 230/230/230
f 240/240/240 230/230/230 231/231/231
f 241/241/241 231/231/231 232/232/232
f 242/242/242 232/232/232 233/233/233
f 245/245/245 236/236/236 237/237/237
f 265/265/265 258/258/258 259/259/259
f 266/266/266 259/259/259 260/260/260
f 268/268/268 261/261/261 262/262/262
f 273/273/273 270/270/270 271/271/271
f 277/277/277 273/273/273 274/274/274
f 278/278/278 274/274/274 275/275/275
f 282/282/282 278/278/278 279/279/279
f 283/283/283 279/279/279 280/280/280
f 287/287/287 283/283/283 284/284/284
f 288/288/288 284/284/284 285/285/285
f 293/293/293 288/288/288 289/289/289
f 297/297/297 292/292/292 293/293/293
f 298/298/298 293/293/293 294/294/294
f 307/307/307 301/301/301 302/302/302
f 319/319/319 310/310/310 311/311/311
f 320/320/320 311/311/311 312/312/312
f 327/327/327 314/314/314 315/315/315
f 333/333/333 322/322/322 323/323/323
f 335/335/335 324/324/324 325/325/325
f 360/360/360 355/355/355 356/356/356
f 361/361/361 356/356/356 357/357/357
f 365/365/365 362/362/362 363/363/363
f 369/369/369 366/366/366 367/367/367
f 373/373/373 370/370/370 371/371/371
f 378/378/378 374/374/374 375/375/375
f 408/408/408 398/398/398 399/399/399
f 410/410/410 400/400/400 401/401/401
f 418/418/418 404/404/404 405/405/405
f 421/421/421 414/414/414 415/415/415
f 436/436/436 426/426/426 427/427/427
f 449/449/449 445/445/445 446/446/446
f 454/454/454 450/450/450 451/451/451
f 461/461/461 456/456/456 457/457/457
f 463/463/463 459/459/459 460/460/460
f 484/484/484 480/480/480 481/481/481
f 488/488/488 484/484/484 485/485/485
f 501/501/501 489/489/489 490/490/490
f 502/502/502 490/490/490 491/491/491
f 503/503/503 491/491/491 492/492/492
f 506/506/506 494/494/494 495/495/495
f 510/510/510 497/497/497 498/498/498
f 513/513/513 503/503/503 504/504/504
f 515/515/515 507/507/507 508/508/508
f 517/517/517 509/509/509 510/510/510
f 522/522/522 519/519/519 520/520/520
f 551/551/551 548/548/548 549/549/549
f 556/556/556 552/552/552 553/553/553
f 559/559/559 556/556/556 557/557/557
f 571/571/571 567/567/567 568/568/568
f 585/585/585 581/581/581 582/582/582
f 590/590/590 585/585/585 586/586/586
f 597/597/597 591/591/591 592/592/592
f 607/607/607 599/599/599 600/600/600
f 610/610/610 602/602/602 603/603/603
f 611/611/611 603/603/603 604/604/604
f 617/617/617 605/605/605 606/606/606
f 620/620/620 609/609/609 610/610/610
f 623/623/623 612/612/612 613/613/613
f 625/625/625 614/614/614 615/615/615
f 626/626/626 615/615/615 616/616/616
f 630/630/630 619/619/619 620/620/620
f 631/631/631 620/620/620 621/621/621
f 632/632/632 621/621/621 622/622/622
f 635/635/635 624/624/624 625/625/625
f 670/670/670 666/666/666 667/667/667
f 673/673/673 669/669/669 668/668/668
f 674/674/674 670/670/670 671/671/671
f 679/679/679 675/675/675 676/676/676
f 683/683/683 679/679/679 680/680/680
f 700/700/700 696/696/696 697/697/697
f 704/704/704 700/700/700 701/701/701
f 709/709/709 703/703/703 702/702/702
f 710/710/710 705/705/705 706/706/706
f 715/715/715 712/712/712 713/713/713
f 719/719/719 716/716/716 717/717/717
f 735/735/735 724/724/724 723/723/723
f 736/736/736 725/725/725 726/726/726
f 740/740/740 729/729/729 730/730/730
f 755/755/755 744/744/744 743/743/743
f 756/756/756 748/748/748 749/749/749
f 769/769/769 751/751/751 750/750/750
f 770/770/770 766/766/766 767/767/767
f 778/778/778 774/774/774 773/773/773
f 779/779/779 775/775/775 776/776/776
f 790/790/790 784/784/784 783/783/783
f 793/793/793 788/788/788 787/787/787
f 813/813/813 808/808/808 809/809/809
f 823/823/823 819/819/819 820/820/820
f 829/829/829 824/824/824 825/825/825
f 835/835/835 827/827/827 826/826/826
f 836/836/836 829/829/829 830/830/830
f 843/843/843 832/832/832 831/831/831
f 858/858/858 848/848/848 847/847/847
f 876/876/876 864/864/864 863/863/863
f 910/910/910 906/906/906 907/907/907
f 921/921/921 917/917/917 918/918/918
f 928/928/928 921/921/921 922/922/922
f 933/933/933 924/924/924 923/923/923
f 938/938/938 926/926/926 927/927/927
f 940/940/940 929/929/929 930/930/930
f 944/944/944 932/932/932 931/931/931
f 954/954/954 943/943/943 942/942/942
f 956/956/956 945/945/945 944/944/944
f 960/960/960 951/951/951 952/952/952
f 973/973/973 964/964/964 963/963/963
f 974/974/974 965/965/965 964/964/964
f 991/991/991 978/978/978 977/977/977
f 992/992/992 983/983/983 984/984/984
f 999/999/999 990/990/990 989/989/989
f 1006/1006/1006 997/997/997 996/996/996
f 1008/1008/1008 999/999/999 998/998/998
f 1016/1016/1016 1007/1007/1007 1006/1006/1006
f 1018/1018/1018 1010/1010/1010 1009/1009/1009
f 1035/1035/1035 1028/1028/1028 1027/1027/1027
f 1044/1044/1044 1040/1040/1040 1041/1041/1041
f 1063/1063/1063 1055/1055/1055 1054/1054/1054
f 1066/1066/1066 1057/1057/1057 1058/1058/1058
f 1069/1069/1069 1060/1060/1060 1061/1061/1061
f 1073/1073/1073 1064/1064/1064 1063/1063/1063
f 1083/1083/1083 1072/1072/1072 1071/1071/1071
f 1090/1090/1090 1077/1077/1077 1076/1076/1076
f 1094/1094/1094 1082/1082/1082 1081/1081/1081
f 1100/1100/1100 1091/1091/1091 1092/1092/1092
f 1108/1108/1108 1101/1101/1101 1102/1102/1102
f 1111/1111/1111 1104/1104/1104 1103/1103/1103
f 1130/1130/1130 1113/1113/1113 1112/1112/1112
f 1131/1131/1131 1114/1114/1114 1113/1113/1113
f 1132/1132/1132 1115/1115/1115 1114/1114/1114
f 1156/1156/1156 1149/1149/1149 1148/1148/1148
f 1161/1161/1161 1155/1155/1155 1154/1154/1154
f 1162/1162/1162 1156/1156/1156 1155/1155/1155
f 1170/1170/1170 1162/1162/1162 1161/1161/1161
f 1182/1182/1182 1175/1175/1175 1174/1174/1174
f 1191/1191/1191 1183/1183/1183 1182/1182/1182
f 1198/1198/1198 1190/1190/1190 1189/1189/1189
f 1200/1200/1200 1192/1192/1192 1191/1191/1191
f 1205/1205/1205 1198/1198/1198 1197/1197/1197
f 1224/1224/1224 1215/1215/1215 1216/1216/1216
f 1228/1228/1228 1218/1218/1218 1217/1217/1217
f 1233/1233/1233 1225/1225/1225 1226/1226/1226
f 1245/1245/1245 1236/1236/1236 1235/1235/1235
f 1246/1246/1246 1237/1237/1237 1236/1236/1236
f 1251/1251/1251 1242/1242/1242 1243/1243/1243
f 1254/1254/1254 1245/1245/1245 1244/1244/1244
f 1278/1278/1278 1269/1269/1269 1268/1268/1268
f 1300/1300/1300 1294/1294/1294 1295/1295/1295
f 1305/1305/1305 1298/1298/1298 1299/1299/1299
f 1310/1310/1310 1303/1303/1303 1302/1302/1302
f 1319/1319/1319 1312/1312/1312 1311/1311/1311
f 1321/1321/1321 1314/1314/1314 1313/1313/1313
f 1327/1327/1327 1319/1319/1319 1318/1318/1318
f 1329/1329/1329 1322/1322/1322 1323/1323/1323
f 1347/1347/1347 1340/1340/1340 1339/1339/1339
f 1354/1354/1354 1347/1347/1347 1346/1346/1346
f 1367/1367/1367 1359/1359/1359 1360/1360/1360
f 1372/1372/1372 1362/1362/1362 1361/1361/1361
f 1378/1378/1378 1368/1368/1368 1369/1369/1369
f 1414/1414/1414 1407/1407/1407 1408/1408/1408
f 1420/1420/1420 1412/1412/1412 1413/1413/1413
f 1423/1423/1423 1415/1415/1415 1416/1416/1416
f 1430/1430/1430 1421/1421/1421 1422/1422/1422
f 1432/1432/1432 1424/1424/1424 1425/1425/1425
f 1435/1435/1435 1428/1428/1428 1429/1429/1429
f 1440/1440/1440 1433/1433/1433 1434/1434/1434
f 1444/1444/1444 1437/1437/1437 1438/1438/1438
f 1447/1447/1447 1440/1440/1440 1441/1441/1441
f 1450/1450/1450 1442/1442/1442 1443/1443/1443
f 1457/1457/1457 1448/1448/1448 1449/1449/1449
f 1462/1462/1462 1453/1453/1453 1452/1452/1452
f 1465/1465/1465 1457/1457/1457 1458/1458/1458
f 1478/1478/1478 1471/1471/1471 1472/1472/1472
f 1484/1484/1484 1476/1476/1476 1477/1477/1477
f 1490/1490/1490 1481/1481/1481 1482/1482/1482
f 1494/1494/1494 1485/1485/1485 1486/1486/1486
f 1498/1498/1498 1491/1491/1491 1492/1492/1492
f 1509/1509/1509 1502/1502/1502 1503/1503/1503
f 1513/1513/1513 1506/1506/1506 1507/1507/1507
f 1526/1526/1526 1516/1516/1516 1515/1515/1515
f 1527/1527/1527 1518/1518/1518 1519/1519/1519
f 1535/1535/1535 1528/1528/1528 1529/1529/1529
f 1540/1540/1540 1532/1532/1532 1533/1533/1533
f 1564/1564/1564 1551/1551/1551 1552/1552/1552
f 1572/1572/1572 1565/1565/1565 1566/1566/1566
f 1580/1580/1580 1573/1573/1573 1574/1574/1574
f 1588/1588/1588 1585/1585/1585 1586/1586/1586
f 1596/1596/1596 1592/1592/1592 1593/1593/1593
f 1606/1606/1606 1599/1599/1599 1600/1600/1600
f 1609/1609/1609 1602/1602/1602 1601/1601/1601
f 1612/1612/1612 1605/1605/1605 1606/1606/1606
f 1618/1618/1618 1612/1612/1612 1613/1613/1613
f 1625/1625/1625 1619/1619/1619 1620/1620/1620
f 1629/1629/1629 1622/1622/1622 1623/1623/1623
f 1632/1632/1632 1625/1625/1625 1626/1626/1626
f 1633/1633/1633 1626/1626/1626 1627/1627/1627
f 1650/1650/1650 1641/1641/1641 1642/1642/1642
f 1655/1655/1655 1644/1644/1644 1643/1643/1643
f 1656/1656/1656 1645/1645/1645 1646/1646/1646
f 1661/1661/1661 1651/1651/1651 1652/1652/1652
f 1670/1670/1670 1662/1662/1662 1663/1663/1663
f 1680/1680/1680 1670/1670/1670 1671/1671/1671
f 1684/1684/1684 1675/1675/1675 1676/1676/1676
f 1687/1687/1687 1678/1678/1678 1679/1679/1679
f 1711/1711/1711 1696/1696/1696 1697/1697/1697
f 1713/1713/1713 1698/1698/1698 1699/1699/1699
f 1719/1719/1719 1709/1709/1709 1708/1708/1708
f 1720/1720/1720 1712/1712/1712 1713/1713/1713
f 1723/1723/1723 1716/1716/1716 1717/1717/1717
f 1727/1727/1727 1723/1723/1723 1724/1724/1724
f 1735/1735/1735 1732/1732/1732 1733/1733/1733
f 1739/1739/1739 1735/1735/1735 1736/1736/1736
f 1756/1756/1756 1752/1752/1752 1753/1753/1753
f 1774/1774/1774 1765/1765/1765 1766/1766/1766
f 1781/1781/1781 1771/1771/1771 1772/1772/1772
f 1784/1784/1784 1774/1774/1774 1775/1775/1775
f 1785/1785/1785 1775/1775/1775 1776/1776/1776
f 1788/1788/1788 1778/1778/1778 1777/1777/1777
f 1794/1794/1794 1785/1785/1785 1786/1786/1786
f 1804/1804/1804 1792/1792/1792 1793/1793/1793
f 1831/1831/1831 1825/1825/1825 1826/1826/1826
f 1833/1833/1833 1827/1827/1827 1828/1828/1828
f 1841/1841/1841 1837/1837/1837 1838/1838/1838
f 1842/1842/1842 1838/1838/1838 1839/1839/1839
f 1845/1845/1845 1841/1841/1841 1842/1842/1842
f 1856/1856/1856 1851/1851/1851 1852/1852/1852
f 1897/1897/1897 1890/1890/1890 1891/1891/1891
f 1910/1910/1910 1897/1897/1897 1898/1898/1898
f 1913/1913/1913 1905/1905/1905 1906/1906/1906
f 1914/1914/1914 1906/1906/1906 1907/1907/1907
f 1915/1915/1915 1907/1907/1907 1908/1908/1908
f 1917/1917/1917 1909/1909/1909 1910/1910/1910
f 1945/1945/1945 1940/1940/1940 1941/1941/1941
f 1948/1948/1948 1943/1943/1943 1942/1942/1942
f 1949/1949/1949 1945/1945/1945 1946/1946/1946
f 1954/1954/1954 1950/1950/1950 1951/1951/1951
f 1957/1957/1957 1953/1953/1953 1954/1954/1954
f 1962/1962/1962 1957/1957/1957 1958/1958/1958
f 1964/1964/1964 1960/1960/1960 1961/1961/1961
f 1966/1966/1966 1962/1962/1962 1963/1963/1963
f 1970/1970/1970 1966/1966/1966 1967/1967/1967
f 1976/1976/1976 1973/1973/1973 1974/1974/1974
f 1979/1979/1979 1976/1976/1976 1977/1977/1977
f 1983/1983/1983 1979/1979/1979 1980/1980/1980
f 2027/2027/2027 2019/2019/2019 2018/2018/2018
f 2052/2052/2052 2030/2030/2030 2031/2031/2031
f 2058/2058/2058 2054/2054/2054 2055/2055/2055
f 2067/2067/2067 2058/2058/2058 2059/2059/2059
f 2075/2075/2075 2068/2068/2068 2069/2069/2069
f 2077/2077/2077 2070/2070/2070 2071/2071/2071
f 2078/2078/2078 2071/2071/2071 2072/2072/2072
f 2079/2079/2079 2072/2072/2072 2073/2073/2073
f 2087/2087/2087 2079/2079/2079 2080/2080/2080
f 2091/2091/2091 2083/2083/2083 2084/2084/2084
f 2092/2092/2092 2084/2084/2084 2085/2085/2085
f 2100/2100/2100 2091/2091/2091 2092/2092/2092
f 2102/2102/2102 2093/2093/2093 2094/2094/2094
f 2103/2103/2103 2094/2094/2094 2095/2095/2095
f 2104/2104/2104 2095/2095/2095 2096/2096/2096
f 2106/2106/2106 2097/2097/2097 2098/2098/2098
f 2108/2108/2108 2099/2099/2099 2100/2100/2100
f 2115/2115/2115 2111/2111/2111 2112/2112/2112
f 2134/2134/2134 2130/2130/2130 2131/2131/2131
f 2137/2137/2137 2133/2133/2133 2132/2132/2132
f 2161/2161/2161 2151/2151/2151 2150/2150/2150
f 2166/2166/2166 2158/2158/2158 2157/2157/2157
f 2167/2167/2167 2159/2159/2159 2158/2158/2158
f 2192/2192/2192 2171/2171/2171 2172/2172/2172
f 2201/2201/2201 2194/2194/2194 2195/2195/2195
f 2202/2202/2202 2195/2195/2195 2196/2196/2196
f 2203/2203/2203 2196/2196/2196 2197/2197/2197
f 2210/2210/2210 2208/2208/2208 2207/2207/2207
f 2224/2224/2224 2216/2216/2216 2217/2217/2217
f 2225/2225/2225 2217/2217/2217 2218/2218/2218
f 2226/2226/2226 2218/2218/2218 2219/2219/2219
f 2240/2240/2240 2236/2236/2236 2237/2237/2237
f 2243/2243/2243 2240/2240/2240 2241/2241/2241
f 2266/2266/2266 2256/2256/2256 2255/2255/2255
f 2270/2270/2270 2261/2261/2261 2262/2262/2262
f 2271/2271/2271 2262/2262/2262 2263/2263/2263
f 2275/2275/2275 2265/2265/2265 2264/2264/2264
f 2277/2277/2277 2267/2267/2267 2266/2266/2266
f 2294/2294/2294 2286/2286/2286 2285/2285/2285
f 2329/2329/2329 2310/2310/2310 2309/2309/2309
f 2331/2331/2331 2312/2312/2312 2311/2311/2311
f 2335/2335/2335 2330/2330/2330 2329/2329/2329
f 2353/2353/2353 2345/2345/2345 2346/2346/2346
f 2354/2354/2354 2346/2346/2346 2347/2347/2347
f 2357/2357/2357 2349/2349/2349 2350/2350/2350
f 2371/2371/2371 2365/2365/2365 2366/2366/2366
f 2382/2382/2382 2374/2374/2374 2373/2373/2373
f 2389/2389/2389 2381/2381/2381 2380/2380/2380
f 2396/2396/2396 2386/2386/2386 2387/2387/2387
f 2400/2400/2400 2389/2389/2389 2388/2388/2388
f 2411/2411/2411 2399/2399/2399 2398/2398/2398
f 2415/2415/2415 2402/2402/2402 2401/2401/2401
f 2421/2421/2421 2407/2407/2407 2408/2408/2408
f 2422/2422/2422 2408/2408/2408 2409/2409/2409
f 2425/2425/2425 2411/2411/2411 2410/2410/2410
f 2428/2428/2428 2414/2414/2414 2413/2413/2413
f 2432/2432/2432 2417/2417/2417 2418/2418/2418
f 2435/2435/2435 2423/2423/2423 2424/2424/2424
f 2437/2437/2437 2425/2425/2425 2424/2424/2424
f 2469/2469/2469 2446/2446/2446 2445/2445/2445
f 2474/2474/2474 2455/2455/2455 2454/2454/2454
f 2480/2480/2480 2473/2473/2473 2472/2472/2472
f 2486/2486/2486 2480/2480/2480 2479/2479/2479
f 2490/2490/2490 2485/2485/2485 2484/2484/2484
f 2494/2494/2494 2492/2492/2492 2493/2493/2493
f 2516/2516/2516 2510/2510/2510 2509/2509/2509
f 2521/2521/2521 2515/2515/2515 2514/2514/2514
f 2522/2522/2522 2516/2516/2516 2515/2515/2515
f 2528/2528/2528 2520/2520/2520 2519/2519/2519
f 2537/2537/2537 2528/2528/2528 2527/2527/2527
f 2543/2543/2543 2533/2533/2533 2534/2534/2534
f 2546/2546/2546 2536/2536/2536 2535/2535/2535
f 2556/2556/2556 2546/2546/2546 2545/2545/2545
f 2567/2567/2567 2558/2558/2558 2557/2557/2557
f 2576/2576/2576 2567/2567/2567 2566/2566/2566
f 2602/2602/2602 2584/2584/2584 2583/2583/2583
f 2620/2620/2620 2615/2615/2615 2614/2614/2614
f 2632/2632/2632 2626/2626/2626 2625/2625/2625
f 2636/2636/2636 2631/2631/2631 2630/2630/2630
f 2639/2639/2639 2635/2635/2635 2634/2634/2634
f 2644/2644/2644 2639/2639/2639 2638/2638/2638
f 2645/2645/2645 2640/2640/2640 2639/2639/2639
f 2646/2646/2646 2641/2641/2641 2642/2642/2642
f 2650/2650/2650 2645/2645/2645 2644/2644/2644
f 2659/2659/2659 2649/2649/2649 2648/2648/2648
f 2663/2663/2663 2656/2656/2656 2657/2657/2657
f 2667/2667/2667 2659/2659/2659 2658/2658/2658
f 2668/2668/2668 2660/2660/2660 2659/2659/2659
f 2674/2674/2674 2666/2666/2666 2665/2665/2665
f 2675/2675/2675 2667/2667/2667 2666/2666/2666
f 2681/2681/2681 2674/2674/2674 2673/2673/2673
f 2696/2696/2696 2689/2689/2689 2688/2688/2688
f 2717/2717/2717 2706/2706/2706 2705/2705/2705
f 2721/2721/2721 2711/2711/2711 2710/2710/2710
f 2726/2726/2726 2715/2715/2715 2714/2714/2714
f 2730/2730/2730 2721/2721/2721 2720/2720/2720
f 2735/2735/2735 2725/2725/2725 2724/2724/2724
f 2736/2736/2736 2728/2728/2728 2729/2729/2729
f 2738/2738/2738 2730/2730/2730 2729/2729/2729
f 2739/2739/2739 2731/2731/2731 2732/2732/2732
f 2803/2803/2803 2799/2799/2799 2798/2798/2798
f 2822/2822/2822 2814/2814/2814 2815/2815/2815
f 2842/2842/2842 2836/2836/2836 2837/2837/2837
f 2853/2853/2853 2845/2845/2845 2846/2846/2846
f 2863/2863/2863 2854/2854/2854 2855/2855/2855
f 2879/2879/2879 2872/2872/2872 2871/2871/2871
f 2917/2917/2917 2912/2912/2912 2913/2913/2913
f 2929/2929/2929 2924/2924/2924 2925/2925/2925
f 2934/2934/2934 2929/2929/2929 2930/2930/2930
f 2935/2935/2935 2930/2930/2930 2931/2931/2931
f 2942/2942/2942 2936/2936/2936 2937/2937/2937
f 2943/2943/2943 2937/2937/2937 2938/2938/2938
f 2949/2949/2949 2943/2943/2943 2944/2944/2944
f 2952/2952/2952 2947/2947/2947 2948/2948/2948
f 2968/2968/2968 2957/2957/2957 2956/2956/2956
f 2971/2971/2971 2963/2963/2963 2964/2964/2964
f 2972/2972/2972 2964/2964/2964 2965/2965/2965
f 2976/2976/2976 2967/2967/2967 2966/2966/2966
f 2981/2981/2981 2972/2972/2972 2973/2973/2973
f 2982/2982/2982 2973/2973/2973 2974/2974/2974
f 2988/2988/2988 2982/2982/2982 2983/2983/2983
f 3006/3006/3006 3000/3000/3000 3001/3001/3001
f 3015/3015/3015 3007/3007/3007 3008/3008/3008
f 3020/3020/3020 3010/3010/3010 3009/3009/3009
f 3032/3032/3032 3023/3023/3023 3024/3024/3024
f 3073/3073/3073 3054/3054/3054 3055/3055/3055
f 3082/3082/3082 3074/3074/3074 3075/3075/3075
f 3089/3089/3089 3082/3082/3082 3083/3083/3083
f 3090/3090/3090 3083/3083/3083 3084/3084/3084
f 3091/3091/3091 3084/3084/3084 3085/3085/3085
f 3094/3094/3094 3090/3090/3090 3091/3091/3091
f 3102/3102/3102 3098/3098/3098 3099/3099/3099
f 3107/3107/3107 3102/3102/3102 3103/3103/3103
f 3108/3108/3108 3103/3103/3103 3104/3104/3104
f 3111/3111/3111 3108/3108/3108 3109/3109/3109
f 3129/3129/3129 3123/3123/3123 3124/3124/3124
f 3133/3133/3133 3126/3126/3126 3125/3125/3125
f 3134/3134/3134 3127/3127/3127 3128/3128/3128
f 3138/3138/3138 3130/3130/3130 3131/3131/3131
f 3142/3142/3142 3133/3133/3133 3132/3132/3132
f 3148/3148/3148 3139/3139/3139 3140/3140/3140
f 3155/3155/3155 3148/3148/3148 3149/3149/3149
f 3167/3167/3167 3158/3158/3158 3157/3157/3157
f 3172/3172/3172 3163/3163/3163 3164/3164/3164
f 3192/3192/3192 3182/3182/3182 3183/3183/3183
f 3200/3200/3200 3195/3195/3195 3194/3194/3194
f 3234/3234/3234 3213/3213/3213 3214/3214/3214
f 3235/3235/3235 3214/3214/3214 3215/3215/3215
f 3253/3253/3253 3246/3246/3246 3245/3245/3245
f 3254/3254/3254 3247/3247/3247 3246/3246/3246
f 3256/3256/3256 3249/3249/3249 3248/3248/3248
f 3279/3279/3279 3271/3271/3271 3272/3272/3272
f 3283/3283/3283 3274/3274/3274 3273/3273/3273
f 3287/3287/3287 3278/3278/3278 3279/3279/3279
f 3289/3289/3289 3280/3280/3280 3281/3281/3281
f 3300/3300/3300 3288/3288/3288 3289/3289/3289
f 3301/3301/3301 3289/3289/3289 3290/3290/3290
f 3313/3313/3313 3298/3298/3298 3299/3299/3299
f 3323/3323/3323 3306/3306/3306 3305/3305/3305
f 3330/3330/3330 3316/3316/3316 3317/3317/3317
f 3334/3334/3334 3320/3320/3320 3319/3319/3319
f 3336/3336/3336 3333/3333/3333 3332/3332/3332
f 3372/3372/3372 3362/3362/3362 3361/3361/3361
f 3375/3375/3375 3365/3365/3365 3364/3364/3364
f 3376/3376/3376 3366/3366/3366 3365/3365/3365
f 3377/3377/3377 3367/3367/3367 3366/3366/3366
f 3381/3381/3381 3371/3371/3371 3370/3370/3370
f 3383/3383/3383 3373/3373/3373 3372/3372/3372
f 3384/3384/3384 3374/3374/3374 3373/3373/3373
f 3388/3388/3388 3383/3383/3383 3382/3382/3382
f 3400/3400/3400 3393/3393/3393 3392/3392/3392
f 3402/3402/3402 3395/3395/3395 3394/3394/3394
f 3403/3403/3403 3396/3396/3396 3395/3395/3395
f 3407/3407/3407 3399/3399/3399 3398/3398/3398
f 3410/3410/3410 3406/3406/3406 3405/3405/3405
f 3433/3433/3433 3426/3426/3426 3425/3425/3425
f 3438/3438/3438 3429/3429/3429 3430/3430/3430
f 3444/3444/3444 3432/3432/3432 3431/3431/3431
f 3448/3448/3448 3439/3439/3439 3440/3440/3440
f 3456/3456/3456 3447/3447/3447 3448/3448/3448
f 3483/3483/3483 3463/3463/3463 3462/3462/3462
f 3491/3491/3491 3486/3486/3486 3485/3485/3485
f 3502/3502/3502 3493/3493/3493 3492/3492/3492
f 3503/3503/3503 3494/3494/3494 3493/3493/3493
f 3504/3504/3504 3495/3495/3495 3494/3494/3494
f 3506/3506/3506 3497/3497/3497 3496/3496/3496
f 3511/3511/3511 3501/3501/3501 3500/3500/3500
f 3519/3519/3519 3510/3510/3510 3509/3509/3509
f 3522/3522/3522 3513/3513/3513 3512/3512/3512
f 3528/3528/3528 3520/3520/3520 3519/3519/3519
f 3529/3529/3529 3521/3521/3521 3520/3520/3520
f 3535/3535/3535 3527/3527/3527 3526/3526/3526
f 3536/3536/3536 3528/3528/3528 3527/3527/3527
f 3537/3537/3537 3529/3529/3529 3528/3528/3528
f 3538/3538/3538 3530/3530/3530 3529/3529/3529
f 3539/3539/3539 3531/3531/3531 3530/3530/3530
f 3542/3542/3542 3534/3534/3534 3533/3533/3533
f 3543/3543/3543 3535/3535/3535 3534/3534/3534
f 3546/3546/3546 3542/3542/3542 3541/3541/3541
f 3552/3552/3552 3549/3549/3549 3548/3548/3548
f 3564/3564/3564 3558/3558/3558 3557/3557/3557
f 3569/3569/3569 3563/3563/3563 3562/3562/3562
f 3640/3640/3640 3637/3637/3637 3636/3636/3636
f 3648/3648/3648 3645/3645/3645 3644/3644/3644
f 3656/3656/3656 3652/3652/3652 3651/3651/3651
f 3660/3660/3660 3656/3656/3656 3655/3655/3655
f 3666/3666/3666 3662/3662/3662 3663/3663/3663
f 3685/3685/3685 3678/3678/3678 3677/3677/3677
f 3695/3695/3695 3683/3683/3683 3682/3682/3682
f 3696/3696/3696 3687/3687/3687 3688/3688/3688
f 3737/3737/3737 3733/3733/3733 3732/3732/3732
f 3742/3742/3742 3739/3739/3739 3738/3738/3738
f 3745/3745/3745 3742/3742/3742 3741/3741/3741
f 3748/3748/3748 3745/3745/3745 3744/3744/3744
f 3756/3756/3756 3752/3752/3752 3751/3751/3751
f 3766/3766/3766 3762/3762/3762 3761/3761/3761
f 3772/3772/3772 3768/3768/3768 3769/3769/3769
f 3777/3777/3777 3771/3771/3771 3770/3770/3770
f 3778/3778/3778 3773/3773/3773 3774/3774/3774
f 3784/3784/3784 3776/3776/3776 3775/3775/3775
f 3793/3793/3793 3782/3782/3782 3781/3781/3781
f 3798/3798/3798 3788/3788/3788 3787/3787/3787
f 3801/3801/3801 3791/3791/3791 3790/3790/3790
f 3805/3805/3805 3797/3797/3797 3796/3796/3796
f 3829/3829/3829 3817/3817/3817 3816/3816/3816
f 3830/3830/3830 3818/3818/3818 3817/3817/3817
f 3864/3864/3864 3860/3860/3860 3859/3859/3859
f 3870/3870/3870 3864/3864/3864 3863/3863/3863
f 3880/3880/3880 3873/3873/3873 3872/3872/3872
f 3887/3887/3887 3879/3879/3879 3878/3878/3878
f 3897/3897/3897 3887/3887/3887 3886/3886/3886
f 3899/3899/3899 3889/3889/3889 3888/3888/3888
f 3905/3905/3905 3893/3893/3893 3894/3894/3894
f 3909/3909/3909 3896/3896/3896 3895/3895/3895
f 3910/3910/3910 3897/3897/3897 3896/3896/3896
f 3911/3911/3911 3898/3898/3898 3897/3897/3897
f 3912/3912/3912 3899/3899/3899 3898/3898/3898
f 3915/3915/3915 3902/3902/3902 3901/3901/3901
f 3916/3916/3916 3906/3906/3906 3907/3907/3907
f 3921/3921/3921 3910/3910/3910 3909/3909/3909
f 3922/3922/3922 3917/3917/3917 3918/3918/3918
f 3925/3925/3925 3920/3920/3920 3919/3919/3919
f 3950/3950/3950 3937/3937/3937 3936/3936/3936
f 3951/3951/3951 3938/3938/3938 3937/3937/3937
f 3957/3957/3957 3948/3948/3948 3947/3947/3947
f 3958/3958/3958 3949/3949/3949 3948/3948/3948
f 3959/3959/3959 3950/3950/3950 3949/3949/3949
f 3965/3965/3965 3958/3958/3958 3957/3957/3957
f 3971/3971/3971 3965/3965/3965 3964/3964/3964
f 3977/3977/3977 3970/3970/3970 3969/3969/3969
f 3985/3985/3985 3978/3978/3978 3977/3977/3977
f 3990/3990/3990 3984/3984/3984 3983/3983/3983
f 3991/3991/3991 3985/3985/3985 3984/3984/3984
f 4003/4003/4003 3998/3998/3998 3997/3997/3997
f 4011/4011/4011 4004/4004/4004 4005/4005/4005
f 4020/4020/4020 4014/4014/4014 4013/4013/4013
f 4023/4023/4023 4016/4016/4016 4017/4017/4017
f 4026/4026/4026 4019/4019/4019 4018/4018/4018
f 4034/4034/4034 4026/4026/4026 4025/4025/4025
f 4040/4040/4040 4031/4031/4031 4032/4032/4032
f 4046/4046/4046 4036/4036/4036 4035/4035/4035
f 4050/4050/4050 4041/4041/4041 4042/4042/4042
f 4054/4054/4054 4044/4044/4044 4043/4043/4043
f 4057/4057/4057 4047/4047/4047 4046/4046/4046
f 4068/4068/4068 4064/4064/4064 4063/4063/4063
f 4069/4069/4069 4065/4065/4065 4066/4066/4066
f 4100/4100/4100 4092/4092/4092 4091/4091/4091
f 4109/4109/4109 4099/4099/4099 4098/4098/4098
f 4116/4116/4116 4107/4107/4107 4106/4106/4106
f 4118/4118/4118 4109/4109/4109 4108/4108/4108
f 4126/4126/4126 4119/4119/4119 4120/4120/4120
f 4128/4128/4128 4121/4121/4121 4122/4122/4122
f 4132/4132/4132 4124/4124/4124 4123/4123/4123
f 4135/4135/4135 4129/4129/4129 4130/4130/4130
f 4143/4143/4143 4135/4135/4135 4136/4136/4136
f 4148/4148/4148 4140/4140/4140 4139/4139/4139
f 4150/4150/4150 4142/4142/4142 4141/4141/4141
f 4153/4153/4153 4146/4146/4146 4145/4145/4145
f 4162/4162/4162 4155/4155/4155 4154/4154/4154
f 4165/4165/4165 4157/4157/4157 4156/4156/4156
f 4168/4168/4168 4160/4160/4160 4159/4159/4159
f 4174/4174/4174 4168/4168/4168 4167/4167/4167
f 4187/4187/4187 4179/4179/4179 4180/4180/4180
f 4195/4195/4195 4186/4186/4186 4185/4185/4185
f 4199/4199/4199 4190/4190/4190 4189/4189/4189
f 4204/4204/4204 4194/4194/4194 4193/4193/4193
f 4213/4213/4213 4203/4203/4203 4202/4202/4202
f 4217/4217/4217 4209/4209/4209 4208/4208/4208
f 4225/4225/4225 4221/4221/4221 4220/4220/4220
f 4269/4269/4269 4262/4262/4262 4261/4261/4261
f 4282/4282/4282 4276/4276/4276 4275/4275/4275
f 4294/4294/4294 4289/4289/4289 4290/4290/4290
f 4322/4322/4322 4313/4313/4313 4314/4314/4314
f 4326/4326/4326 4316/4316/4316 4315/4315/4315
f 4334/4334/4334 4325/4325/4325 4324/4324/4324
f 4339/4339/4339 4330/4330/4330 4329/4329/4329
f 4347/4347/4347 4344/4344/4344 4343/4343/4343
f 4348/4348/4348 4345/4345/4345 4344/4344/4344
f 4370/4370/4370 4360/4360/4360 4361/4361/4361
f 4382/4382/4382 4373/4373/4373 4372/4372/4372
f 4386/4386/4386 4379/4379/4379 4380/4380/4380
f 4393/4393/4393 4386/4386/4386 4387/4387/4387
f 4414/4414/4414 4406/4406/4406 4405/4405/4405
f 4416/4416/4416 4409/4409/4409 4410/4410/4410
f 4424/4424/4424 4417/4417/4417 4418/4418/4418
f 4425/4425/4425 4418/4418/4418 4419/4419/4419
f 4431/4431/4431 4423/4423/4423 4424/4424/4424
f 4432/4432/4432 4424/4424/4424 4425/4425/4425
f 4436/4436/4436 4428/4428/4428 4427/4427/4427
f 4439/4439/4439 4431/4431/4431 4432/4432/4432
f 4441/4441/4441 4433/4433/4433 4434/4434/4434
f 4448/4448/4448 4441/4441/4441 4442/4442/4442
f 4451/4451/4451 4444/4444/4444 4443/4443/4443
f 4454/4454/4454 4446/4446/4446 4447/4447/4447
f 4455/4455/4455 4447/4447/4447 4448/4448/4448
f 4456/4456/4456 4448/4448/4448 4449/4449/4449
f 4465/4465/4465 4457/4457/4457 4458/4458/4458
f 4469/4469/4469 4460/4460/4460 4459/4459/4459
f 4492/4492/4492 4485/4485/4485 4484/4484/4484
f 4519/4519/4519 4509/4509/4509 4510/4510/4510
f 4529/4529/4529 4519/4519/4519 4520/4520/4520
f 4536/4536/4536 4530/4530/4530 4531/4531/4531
f 4554/4554/4554 4547/4547/4547 4546/4546/4546
f 4557/4557/4557 4549/4549/4549 4550/4550/4550
f 4563/4563/4563 4558/4558/4558 4559/4559/4559
f 4572/4572/4572 4566/4566/4566 4565/4565/4565
f 4595/4595/4595 4588/4588/4588 4587/4587/4587
f 4600/4600/4600 4592/4592/4592 4593/4593/4593
f 4613/4613/4613 4601/4601/4601 4602/4602/4602
f 4618/4618/4618 4604/4604/4604 4603/4603/4603
f 4624/4624/4624 4614/4614/4614 4615/4615/4615
f 4626/4626/4626 4616/4616/4616 4615/4615/4615
f 4627/4627/4627 4617/4617/4617 4616/4616/4616
f 4650/4650/4650 4640/4640/4640 4641/4641/4641
f 4653/4653/4653 4643/4643/4643 4644/4644/4644
f 4655/4655/4655 4645/4645/4645 4646/4646/4646
f 4668/4668/4668 4658/4658/4658 4659/4659/4659
f 4669/4669/4669 4659/4659/4659 4660/4660/4660
f 4676/4676/4676 4668/4668/4668 4669/4669/4669
f 4697/4697/4697 4693/4693/4693 4692/4692/4692
f 4730/4730/4730 4718/4718/4718 4717/4717/4717
f 4737/4737/4737 4725/4725/4725 4726/4726/4726
f 4738/4738/4738 4726/4726/4726 4727/4727/4727
f 4794/4794/4794 4791/4791/4791 4790/4790/4790
f 4802/4802/4802 4798/4798/4798 4797/4797/4797
f 4816/4816/4816 4812/4812/4812 4811/4811/4811
f 4826/4826/4826 4819/4819/4819 4820/4820/4820
f 4850/4850/4850 4847/4847/4847 4848/4848/4848
f 4865/4865/4865 4853/4853/4853 4852/4852/4852
f 4866/4866/4866 4854/4854/4854 4853/4853/4853
f 4867/4867/4867 4861/4861/4861 4862/4862/4862
f 4876/4876/4876 4864/4864/4864 4863/4863/4863
f 4883/4883/4883 4876/4876/4876 4875/4875/4875
f 4898/4898/4898 4893/4893/4893 4892/4892/4892
f 4903/4903/4903 4898/4898/4898 4897/4897/4897
f 4910/4910/4910 4906/4906/4906 4905/4905/4905
f 4926/4926/4926 4921/4921/4921 4920/4920/4920
f 4935/4935/4935 4925/4925/4925 4924/4924/4924
f 4941/4941/4941 4932/4932/4932 4931/4931/4931
f 4942/4942/4942 4938/4938/4938 4939/4939/4939
f 4985/4985/4985 4979/4979/4979 4978/4978/4978
f 4987/4987/4987 4981/4981/4981 4980/4980/4980
f 4995/4995/4995 4992/4992/4992 4991/4991/4991
f 5005/5005/5005 5000/5000/5000 4999/4999/4999
f 5011/5011/5011 5006/5006/5006 5005/5005/5005
f 5021/5021/5021 5017/5017/5017 5016/5016/5016
f 5024/5024/5024 5019/5019/5019 5018/5018/5018
f 5029/5029/5029 5023/5023/5023 5022/5022/5022
f 5030/5030/5030 5024/5024/5024 5023/5023/5023
f 5035/5035/5035 5028/5028/5028 5027/5027/5027
f 5036/5036/5036 5029/5029/5029 5028/5028/5028
f 5043/5043/5043 5033/5033/5033 5032/5032/5032
f 5044/5044/5044 5034/5034/5034 5033/5033/5033
f 5045/5045/5045 5035/5035/5035 5034/5034/5034
f 5060/5060/5060 5052/5052/5052 5051/5051/5051
f 5061/5061/5061 5053/5053/5053 5054/5054/5054
f 5065/5065/5065 5059/5059/5059 5058/5058/5058
f 5078/5078/5078 5067/5067/5067 5066/5066/5066
f 5079/5079/5079 5068/5068/5068 5067/5067/5067
f 5087/5087/5087 5084/5084/5084 5085/5085/5085
f 5100/5100/5100 5095/5095/5095 5094/5094/5094
f 5104/5104/5104 5098/5098/5098 5097/5097/5097
f 5106/5106/5106 5100/5100/5100 5099/5099/5099
f 5108/5108/5108 5103/5103/5103 5102/5102/5102
f 5115/5115/5115 5109/5109/5109 5108/5108/5108
f 5119/5119/5119 5114/5114/5114 5113/5113/5113
f 5127/5127/5127 5122/5122/5122 5121/5121/5121
f 5131/5131/5131 5127/5127/5127 5126/5126/5126
f 5136/5136/5136 5132/5132/5132 5131/5131/5131
f 5142/5142/5142 5135/5135/5135 5134/5134/5134
f 5149/5149/5149 5140/5140/5140 5139/5139/5139
f 5150/5150/5150 5141/5141/5141 5140/5140/5140
f 5152/5152/5152 5144/5144/5144 5143/5143/5143
f 5157/5157/5157 5148/5148/5148 5147/5147/5147
f 5168/5168/5168 5161/5161/5161 5160/5160/5160
f 5175/5175/5175 5167/5167/5167 5166/5166/5166
f 5179/5179/5179 5171/5171/5171 5170/5170/5170
f 5192/5192/5192 5181/5181/5181 5180/5180/5180
f 5201/5201/5201 5188/5188/5188 5187/5187/5187
f 5214/5214/5214 5207/5207/5207 5206/5206/5206
f 5216/5216/5216 5210/5210/5210 5209/5209/5209
f 5217/5217/5217 5211/5211/5211 5212/5212/5212
f 5230/5230/5230 5226/5226/5226 5225/5225/5225
f 5239/5239/5239 5234/5234/5234 5233/5233/5233
f 5244/5244/5244 5239/5239/5239 5238/5238/5238
f 5246/5246/5246 5241/5241/5241 5240/5240/5240
f 5248/5248/5248 5243/5243/5243 5242/5242/5242
f 5254/5254/5254 5248/5248/5248 5247/5247/5247
f 5255/5255/5255 5249/5249/5249 5248/5248/5248
f 5273/5273/5273 5266/5266/5266 5265/5265/5265
f 5275/5275/5275 5268/5268/5268 5267/5267/5267
f 5279/5279/5279 5272/5272/5272 5271/5271/5271
f 5282/5282/5282 5276/5276/5276 5275/5275/5275
f 5294/5294/5294 5285/5285/5285 5284/5284/5284
f 5306/5306/5306 5300/5300/5300 5299/5299/5299
f 5322/5322/5322 5316/5316/5316 5315/5315/5315
f 5325/5325/5325 5319/5319/5319 5318/5318/5318
f 5332/5332/5332 5328/5328/5328 5327/5327/5327
f 5344/5344/5344 5339/5339/5339 5338/5338/5338
f 5350/5350/5350 5344/5344/5344 5343/5343/5343
f 5352/5352/5352 5346/5346/5346 5345/5345/5345
f 5357/5357/5357 5349/5349/5349 5348/5348/5348
f 5360/5360/5360 5353/5353/5353 5352/5352/5352
f 5365/5365/5365 5356/5356/5356 5355/5355/5355
f 5374/5374/5374 5364/5364/5364 5363/5363/5363
f 5376/5376/5376 5366/5366/5366 5365/5365/5365
f 5380/5380/5380 5372/5372/5372 5371/5371/5371
f 5381/5381/5381 5373/5373/5373 5372/5372/5372
f 5383/5383/5383 5375/5375/5375 5374/5374/5374
f 5394/5394/5394 5385/5385/5385 5384/5384/5384
f 5411/5411/5411 5406/5406/5406 5405/5405/5405
f 5423/5423/5423 5419/5419/5419 5418/5418/5418
f 5424/5424/5424 5420/5420/5420 5419/5419/5419
f 5439/5439/5439 5433/5433/5433 5432/5432/5432
f 5446/5446/5446 5438/5438/5438 5437/5437/5437
f 5453/5453/5453 5446/5446/5446 5445/5445/5445
f 5461/5461/5461 5452/5452/5452 5451/5451/5451
f 5464/5464/5464 5457/5457/5457 5456/5456/5456
f 5467/5467/5467 5460/5460/5460 5459/5459/5459
f 5470/5470/5470 5465/5465/5465 5464/5464/5464
f 5471/5471/5471 5466/5466/5466 5465/5465/5465
f 5499/5499/5499 5495/5495/5495 5494/5494/5494
f 5503/5503/5503 5499/5499/5499 5498/5498/5498
f 5504/5504/5504 5500/5500/5500 5499/5499/5499
f 5508/5508/5508 5503/5503/5503 5502/5502/5502
f 5515/5515/5515 5508/5508/5508 5507/5507/5507
f 5516/5516/5516 5509/5509/5509 5508/5508/5508
f 5526/5526/5526 5514/5514/5514 5513/5513/5513
f 5529/5529/5529 5517/5517/5517 5516/5516/5516
f 5534/5534/5534 5523/5523/5523 5522/5522/5522
f 5535/5535/5535 5524/5524/5524 5523/5523/5523
f 5536/5536/5536 5525/5525/5525 5524/5524/5524
f 5539/5539/5539 5528/5528/5528 5527/5527/5527
f 5542/5542/5542 5535/5535/5535 5534/5534/5534
f 5543/5543/5543 5536/5536/5536 5535/5535/5535
f 5544/5544/5544 5537/5537/5537 5536/5536/5536
f 5546/5546/5546 5539/5539/5539 5538/5538/5538
f 5550/5550/5550 5544/5544/5544 5543/5543/5543
f 5551/5551/5551 5545/5545/5545 5544/5544/5544
f 5577/5577/5577 5574/5574/5574 5573/5573/5573
f 5582/5582/5582 5577/5577/5577 5576/5576/5576
f 5587/5587/5587 5581/5581/5581 5580/5580/5580
f 5596/5596/5596 5586/5586/5586 5585/5585/5585
f 5597/5597/5597 5587/5587/5587 5586/5586/5586
f 5600/5600/5600 5594/5594/5594 5593/5593/5593
f 38/38/38 2/2/2 1/1/1
f 40/40/40 4/4/4 3/3/3
f 41/41/41 5/5/5 4/4/4
f 44/44/44 8/8/8 7/7/7
f 49/49/49 13/13/13 12/12/12
f 64/64/64 24/24/24 25/25/25
f 67/67/67 26/26/26 27/27/27
f 69/69/69 28/28/28 29/29/29
f 72/72/72 30/30/30 31/31/31
f 73/73/73 31/31/31 32/32/32
f 74/74/74 32/32/32 33/33/33
f 77/77/77 35/35/35 36/36/36
f 82/82/82 39/39/39 38/38/38
f 83/83/83 40/40/40 39/39/39
f 84/84/84 41/41/41 40/40/40
f 87/87/87 44/44/44 43/43/43
f 91/91/91 47/47/47 46/46/46
f 112/112/112 62/62/62 63/63/63
f 114/114/114 65/65/65 66/66/66
f 121/121/121 67/67/67 68/68/68
f 123/123/123 70/70/70 71/71/71
f 131/131/131 72/72/72 73/73/73
f 132/132/132 73/73/73 74/74/74
f 133/133/133 74/74/74 75/75/75
f 137/137/137 78/78/78 79/79/79
f 158/158/158 82/82/82 81/81/81
f 163/163/163 87/87/87 86/86/86
f 164/164/164 88/88/88 87/87/87
f 168/168/168 91/91/91 90/90/90
f 216/216/216 131/131/131 132/132/132
f 217/217/217 132/132/132 133/133/133
f 221/221/221 144/144/144 145/145/145
f 227/227/227 147/147/147 148/148/148
f 228/228/228 148/148/148 149/149/149
f 230/230/230 150/150/150 151/151/151
f 231/231/231 151/151/151 152/152/152
f 232/232/232 152/152/152 153/153/153
f 233/233/233 153/153/153 154/154/154
f 234/234/234 154/154/154 155/155/155
f 249/249/249 157/157/157 156/156/156
f 250/250/250 158/158/158 157/157/157
f 256/256/256 164/164/164 163/163/163
f 257/257/257 165/165/165 164/164/164
f 267/267/267 172/172/172 171/171/171
f 300/300/300 216/216/216 217/217/217
f 303/303/303 223/223/223 224/224/224
f 309/309/309 226/226/226 227/227/227
f 313/313/313 234/234/234 235/235/235
f 324/324/324 242/242/242 243/243/243
f 325/325/325 243/243/243 244/244/244
f 329/329/329 246/246/246 247/247/247
f 342/342/342 249/249/249 248/248/248
f 347/347/347 254/254/254 253/253/253
f 350/350/350 257/257/257 256/256/256
f 354/354/354 261/261/261 260/260/260
f 380/380/380 290/290/290 291/291/291
f 388/388/388 300/300/300 301/301/301
f 390/390/390 305/305/305 306/306/306
f 402/402/402 327/327/327 328/328/328
f 403/403/403 328/328/328 329/329/329
f 405/405/405 330/330/330 331/331/331
f 412/412/412 334/334/334 335/335/335
f 413/413/413 335/335/335 336/336/336
f 415/415/415 337/337/337 338/338/338
f 426/426/426 340/340/340 339/339/339
f 430/430/430 342/342/342 341/341/341
f 434/434/434 346/346/346 345/345/345
f 435/435/435 347/347/347 346/346/346
f 438/438/438 350/350/350 349/349/349
f 439/439/439 351/351/351 350/350/350
f 440/440/440 352/352/352 351/351/351
f 443/443/443 355/355/355 354/354/354
f 448/448/448 359/359/359 358/358/358
f 465/465/465 376/376/376 377/377/377
f 471/471/471 384/384/384 385/385/385
f 473/473/473 386/386/386 387/387/387
f 475/475/475 388/388/388 389/389/389
f 479/479/479 393/393/393 394/394/394
f 482/482/482 396/396/396 397/397/397
f 486/486/486 406/406/406 407/407/407
f 492/492/492 411/411/411 412/412/412
f 493/493/493 412/412/412 413/413/413
f 496/496/496 416/416/416 417/417/417
f 497/497/497 417/417/417 418/418/418
f 508/508/508 422/422/422 423/423/423
f 529/529/529 425/425/425 424/424/424
f 530/530/530 426/426/426 425/425/425
f 533/533/533 429/429/429 428/428/428
f 537/537/537 433/433/433 432/432/432
f 538/538/538 434/434/434 433/433/433
f 541/541/541 439/439/439 438/438/438
f 542/542/542 440/440/440 439/439/439
f 545/545/545 443/443/443 442/442/442
f 546/546/546 444/444/444 443/443/443
f 555/555/555 453/453/453 452/452/452
f 569/569/569 468/468/468 469/469/469
f 574/574/574 473/473/473 474/474/474
f 580/580/580 478/478/478 479/479/479
f 583/583/583 482/482/482 483/483/483
f 587/587/587 486/486/486 487/487/487
f 593/593/593 499/499/499 500/500/500
f 601/601/601 504/504/504 505/505/505
f 602/602/602 505/505/505 506/506/506
f 614/614/614 517/517/517 518/518/518
f 628/628/628 523/523/523 524/524/524
f 638/638/638 525/525/525 526/526/526
f 643/643/643 528/528/528 527/527/527
f 645/645/645 530/530/530 529/529/529
f 650/650/650 535/535/535 534/534/534
f 651/651/651 536/536/536 535/535/535
f 652/652/652 537/537/537 536/536/536
f 655/655/655 541/541/541 540/540/540
f 656/656/656 542/542/542 541/541/541
f 660/660/660 546/546/546 545/545/545
f 661/661/661 547/547/547 546/546/546
f 677/677/677 562/562/562 563/563/563
f 681/681/681 565/565/565 566/566/566
f 687/687/687 571/571/571 572/572/572
f 692/692/692 576/576/576 577/577/577
f 694/694/694 578/578/578 579/579/579
f 707/707/707 594/594/594 595/595/595
f 708/708/708 595/595/595 596/596/596
f 726/726/726 631/631/631 632/632/632
f 727/727/727 632/632/632 633/633/633
f 728/728/728 633/633/633 634/634/634
f 729/729/729 634/634/634 635/635/635
f 730/730/730 635/635/635 636/636/636
f 731/731/731 636/636/636 637/637/637
f 734/734/734 639/639/639 640/640/640
f 746/746/746 644/644/644 643/643/643
f 747/747/747 645/645/645 644/644/644
f 752/752/752 649/649/649 648/648/648
f 754/754/754 651/651/651 650/650/650
f 758/758/758 655/655/655 654/654/654
f 762/762/762 659/659/659 658/658/658
f 763/763/763 660/660/660 659/659/659
f 764/764/764 661/661/661 660/660/660
f 765/765/765 662/662/662 661/661/661
f 785/785/785 681/681/681 682/682/682
f 791/791/791 685/685/685 686/686/686
f 794/794/794 687/687/687 688/688/688
f 796/796/796 689/689/689 690/690/690
f 802/802/802 698/698/698 699/699/699
f 805/805/805 702/702/702 703/703/703
f 810/810/810 707/707/707 708/708/708
f 840/840/840 739/739/739 740/740/740
f 841/841/841 740/740/740 741/741/741
f 842/842/842 741/741/741 742/742/742
f 849/849/849 746/746/746 745/745/745
f 850/850/850 747/747/747 746/746/746
f 851/851/851 748/748/748 747/747/747
f 852/852/852 749/749/749 748/748/748
f 855/855/855 753/753/753 752/752/752
f 856/856/856 754/754/754 753/753/753
f 862/862/862 759/759/759 758/758/758
f 863/863/863 760/760/760 759/759/759
f 865/865/865 762/762/762 761/761/761
f 866/866/866 763/763/763 762/762/762
f 867/867/867 764/764/764 763/763/763
f 868/868/868 765/765/765 764/764/764
f 869/869/869 766/766/766 765/765/765
f 885/885/885 781/781/781 782/782/782
f 890/890/890 786/786/786 787/787/787
f 894/894/894 790/790/790 789/789/789
f 897/897/897 794/794/794 795/795/795
f 899/899/899 796/796/796 797/797/797
f 908/908/908 806/806/806 807/807/807
f 913/913/913 811/811/811 812/812/812
f 915/915/915 813/813/813 814/814/814
f 916/916/916 814/814/814 815/815/815
f 925/925/925 821/821/821 822/822/822
f 936/936/936 827/827/827 828/828/828
f 957/957/957 843/843/843 844/844/844
f 965/965/965 850/850/850 849/849/849
f 966/966/966 851/851/851 850/850/850
f 969/969/969 855/855/855 854/854/854
f 970/970/970 856/856/856 855/855/855
f 971/971/971 857/857/857 856/856/856
f 976/976/976 860/860/860 859/859/859
f 979/979/979 866/866/866 865/865/865
f 982/982/982 869/869/869 868/868/868
f 987/987/987 873/873/873 872/872/872
f 989/989/989 875/875/875 874/874/874
f 1001/1001/1001 881/881/881 880/880/880
f 1011/1011/1011 886/886/886 887/887/887
f 1019/1019/1019 891/891/891 892/892/892
f 1030/1030/1030 897/897/897 898/898/898
f 1048/1048/1048 908/908/908 909/909/909
f 1052/1052/1052 911/911/911 912/912/912
f 1084/1084/1084 933/933/933 934/934/934
f 1087/1087/1087 936/936/936 937/937/937
f 1088/1088/1088 937/937/937 938/938/938
f 1095/1095/1095 946/946/946 947/947/947
f 1097/1097/1097 948/948/948 949/949/949
f 1105/1105/1105 958/958/958 959/959/959
f 1116/1116/1116 971/971/971 970/970/970
f 1117/1117/1117 972/972/972 971/971/971
f 1121/1121/1121 976/976/976 975/975/975
f 1124/1124/1124 980/980/980 979/979/979
f 1125/1125/1125 981/981/981 980/980/980
f 1126/1126/1126 982/982/982 981/981/981
f 1127/1127/1127 983/983/983 982/982/982
f 1143/1143/1143 1002/1002/1002 1003/1003/1003
f 1147/1147/1147 1005/1005/1005 1004/1004/1004
f 1151/1151/1151 1012/1012/1012 1013/1013/1013
f 1160/1160/1160 1022/1022/1022 1021/1021/1021
f 1160/1160/1160 1022/1022/1022 1023/1023/1023
f 1164/1164/1164 1025/1025/1025 1024/1024/1024
f 1173/1173/1173 1033/1033/1033 1032/1032/1032
f 1175/1175/1175 1035/1035/1035 1034/1034/1034
f 1178/1178/1178 1036/1036/1036 1037/1037/1037
f 1195/1195/1195 1046/1046/1046 1047/1047/1047
f 1202/1202/1202 1052/1052/1052 1053/1053/1053
f 1205/1205/1205 1055/1055/1055 1056/1056/1056
f 1211/1211/1211 1064/1064/1064 1065/1065/1065
f 1213/1213/1213 1067/1067/1067 1068/1068/1068
f 1219/1219/1219 1074/1074/1074 1075/1075/1075
f 1221/1221/1221 1076/1076/1076 1077/1077/1077
f 1222/1222/1222 1077/1077/1077 1078/1078/1078
f 1230/1230/1230 1088/1088/1088 1089/1089/1089
f 1239/1239/1239 1098/1098/1098 1099/1099/1099
f 1248/1248/1248 1106/1106/1106 1107/1107/1107
f 1257/1257/1257 1117/1117/1117 1116/1116/1116
f 1258/1258/1258 1118/1118/1118 1117/1117/1117
f 1260/1260/1260 1120/1120/1120 1119/1119/1119
f 1263/1263/1263 1124/1124/1124 1123/1123/1123
f 1265/1265/1265 1126/1126/1126 1125/1125/1125
f 1266/1266/1266 1127/1127/1127 1126/1126/1126
f 1270/1270/1270 1131/1131/1131 1130/1130/1130
f 1273/1273/1273 1134/1134/1134 1133/1133/1133
f 1275/1275/1275 1136/1136/1136 1135/1135/1135
f 1277/1277/1277 1138/1138/1138 1139/1139/1139
f 1283/1283/1283 1144/1144/1144 1145/1145/1145
f 1286/1286/1286 1147/1147/1147 1146/1146/1146
f 1303/1303/1303 1166/1166/1166 1165/1165/1165
f 1320/1320/1320 1183/1183/1183 1184/1184/1184
f 1322/1322/1322 1185/1185/1185 1186/1186/1186
f 1324/1324/1324 1187/1187/1187 1188/1188/1188
f 1337/1337/1337 1202/1202/1202 1203/1203/1203
f 1341/1341/1341 1206/1206/1206 1207/1207/1207
f 1355/1355/1355 1219/1219/1219 1220/1220/1220
f 1364/1364/1364 1231/1231/1231 1232/1232/1232
f 1370/1370/1370 1235/1235/1235 1236/1236/1236
f 1375/1375/1375 1240/1240/1240 1241/1241/1241
f 1382/1382/1382 1247/1247/1247 1248/1248/1248
f 1384/1384/1384 1249/1249/1249 1250/1250/1250
f 1391/1391/1391 1256/1256/1256 1255/1255/1255
f 1392/1392/1392 1257/1257/1257 1256/1256/1256
f 1394/1394/1394 1259/1259/1259 1258/1258/1258
f 1400/1400/1400 1265/1265/1265 1264/1264/1264
f 1401/1401/1401 1266/1266/1266 1265/1265/1265
f 1406/1406/1406 1271/1271/1271 1270/1270/1270
f 1410/1410/1410 1275/1275/1275 1274/1274/1274
f 1427/1427/1427 1288/1288/1288 1287/1287/1287
f 1454/1454/1454 1311/1311/1311 1312/1312/1312
f 1459/1459/1459 1315/1315/1315 1316/1316/1316
f 1469/1469/1469 1324/1324/1324 1325/1325/1325
f 1487/1487/1487 1339/1339/1339 1340/1340/1340
f 1491/1491/1491 1342/1342/1342 1343/1343/1343
f 1499/1499/1499 1349/1349/1349 1348/1348/1348
f 1500/1500/1500 1350/1350/1350 1351/1351/1351
f 1511/1511/1511 1361/1361/1361 1362/1362/1362
f 1516/1516/1516 1365/1365/1365 1366/1366/1366
f 1522/1522/1522 1373/1373/1373 1374/1374/1374
f 1524/1524/1524 1375/1375/1375 1376/1376/1376
f 1525/1525/1525 1376/1376/1376 1377/1377/1377
f 1530/1530/1530 1380/1380/1380 1381/1381/1381
f 1532/1532/1532 1383/1383/1383 1384/1384/1384
f 1533/1533/1533 1384/1384/1384 1385/1385/1385
f 1546/1546/1546 1390/1390/1390 1389/1389/1389
f 1548/1548/1548 1392/1392/1392 1391/1391/1391
f 1550/1550/1550 1394/1394/1394 1393/1393/1393
f 1555/1555/1555 1397/1397/1397 1396/1396/1396
f 1557/1557/1557 1399/1399/1399 1398/1398/1398
f 1560/1560/1560 1402/1402/1402 1401/1401/1401
f 1562/1562/1562 1404/1404/1404 1403/1403/1403
f 1569/1569/1569 1410/1410/1410 1409/1409/1409
f 1576/1576/1576 1418/1418/1418 1417/1417/1417
f 1582/1582/1582 1426/1426/1426 1425/1425/1425
f 1589/1589/1589 1438/1438/1438 1437/1437/1437
f 1598/1598/1598 1455/1455/1455 1456/1456/1456
f 1608/1608/1608 1467/1467/1467 1468/1468/1468
f 1617/1617/1617 1477/1477/1477 1476/1476/1476
f 1624/1624/1624 1488/1488/1488 1489/1489/1489
f 1635/1635/1635 1500/1500/1500 1501/1501/1501
f 1638/1638/1638 1504/1504/1504 1505/1505/1505
f 1654/1654/1654 1516/1516/1516 1517/1517/1517
f 1658/1658/1658 1520/1520/1520 1521/1521/1521
f 1677/1677/1677 1538/1538/1538 1539/1539/1539
f 1682/1682/1682 1541/1541/1541 1542/1542/1542
f 1685/1685/1685 1543/1543/1543 1544/1544/1544
f 1690/1690/1690 1546/1546/1546 1545/1545/1545
f 1691/1691/1691 1547/1547/1547 1546/1546/1546
f 1692/1692/1692 1548/1548/1548 1547/1547/1547
f 1693/1693/1693 1549/1549/1549 1548/1548/1548
f 1694/1694/1694 1550/1550/1550 1549/1549/1549
f 1695/1695/1695 1551/1551/1551 1550/1550/1550
f 1701/1701/1701 1554/1554/1554 1553/1553/1553
f 1704/1704/1704 1557/1557/1557 1556/1556/1556
f 1706/1706/1706 1559/1559/1559 1558/1558/1558
f 1709/1709/1709 1562/1562/1562 1561/1561/1561
f 1710/1710/1710 1563/1563/1563 1562/1562/1562
f 1715/1715/1715 1568/1568/1568 1567/1567/1567
f 1722/1722/1722 1575/1575/1575 1574/1574/1574
f 1725/1725/1725 1578/1578/1578 1579/1579/1579
f 1738/1738/1738 1595/1595/1595 1594/1594/1594
f 1758/1758/1758 1640/1640/1640 1641/1641/1641
f 1763/1763/1763 1648/1648/1648 1649/1649/1649
f 1771/1771/1771 1659/1659/1659 1660/1660/1660
f 1787/1787/1787 1672/1672/1672 1673/1673/1673
f 1796/1796/1796 1681/1681/1681 1682/1682/1682
f 1801/1801/1801 1686/1686/1686 1687/1687/1687
f 1802/1802/1802 1687/1687/1687 1688/1688/1688
f 1808/1808/1808 1690/1690/1690 1689/1689/1689
f 1810/1810/1810 1692/1692/1692 1691/1691/1691
f 1811/1811/1811 1693/1693/1693 1692/1692/1692
f 1812/1812/1812 1694/1694/1694 1693/1693/1693
f 1814/1814/1814 1696/1696/1696 1695/1695/1695
f 1816/1816/1816 1698/1698/1698 1697/1697/1697
f 1817/1817/1817 1699/1699/1699 1698/1698/1698
f 1818/1818/1818 1700/1700/1700 1699/1699/1699
f 1822/1822/1822 1704/1704/1704 1703/1703/1703
f 1823/1823/1823 1705/1705/1705 1704/1704/1704
f 1824/1824/1824 1706/1706/1706 1705/1705/1705
f 1843/1843/1843 1730/1730/1730 1729/1729/1729
f 1854/1854/1854 1742/1742/1742 1741/1741/1741
f 1858/1858/1858 1744/1744/1744 1745/1745/1745
f 1869/1869/1869 1754/1754/1754 1755/1755/1755
f 1873/1873/1873 1760/1760/1760 1761/1761/1761
f 1877/1877/1877 1767/1767/1767 1768/1768/1768
f 1882/1882/1882 1773/1773/1773 1774/1774/1774
f 1886/1886/1886 1779/1779/1779 1780/1780/1780
f 1888/1888/1888 1782/1782/1782 1783/1783/1783
f 1899/1899/1899 1795/1795/1795 1796/1796/1796
f 1900/1900/1900 1796/1796/1796 1797/1797/1797
f 1901/1901/1901 1797/1797/1797 1798/1798/1798
f 1904/1904/1904 1800/1800/1800 1801/1801/1801
f 1907/1907/1907 1803/1803/1803 1804/1804/1804
f 1908/1908/1908 1804/1804/1804 1805/1805/1805
f 1921/1921/1921 1807/1807/1807 1806/1806/1806
f 1922/1922/1922 1808/1808/1808 1807/1807/1807
f 1925/1925/1925 1811/1811/1811 1810/1810/1810
f 1926/1926/1926 1812/1812/1812 1811/1811/1811
f 1927/1927/1927 1813/1813/1813 1812/1812/1812
f 1929/1929/1929 1815/1815/1815 1814/1814/1814
f 1932/1932/1932 1818/1818/1818 1817/1817/1817
f 1936/1936/1936 1822/1822/1822 1821/1821/1821
f 1938/1938/1938 1824/1824/1824 1823/1823/1823
f 1939/1939/1939 1825/1825/1825 1824/1824/1824
f 1944/1944/1944 1829/1829/1829 1828/1828/1828
f 1969/1969/1969 1851/1851/1851 1850/1850/1850
f 1972/1972/1972 1855/1855/1855 1856/1856/1856
f 1981/1981/1981 1864/1864/1864 1865/1865/1865
f 1988/1988/1988 1871/1871/1871 1872/1872/1872
f 1990/1990/1990 1874/1874/1874 1875/1875/1875
f 1993/1993/1993 1877/1877/1877 1878/1878/1878
f 1994/1994/1994 1878/1878/1878 1879/1879/1879
f 1997/1997/1997 1880/1880/1880 1881/1881/1881
f 1999/1999/1999 1884/1884/1884 1885/1885/1885
f 2003/2003/2003 1886/1886/1886 1887/1887/1887
f 2008/2008/2008 1893/1893/1893 1894/1894/1894
f 2011/2011/2011 1899/1899/1899 1900/1900/1900
f 2012/2012/2012 1900/1900/1900 1901/1901/1901
f 2013/2013/2013 1901/1901/1901 1902/1902/1902
f 2015/2015/2015 1903/1903/1903 1904/1904/1904
f 2019/2019/2019 1911/1911/1911 1912/1912/1912
f 2023/2023/2023 1915/1915/1915 1916/1916/1916
f 2025/2025/2025 1917/1917/1917 1918/1918/1918
f 2034/2034/2034 1921/1921/1921 1920/1920/1920
f 2041/2041/2041 1928/1928/1928 1927/1927/1927
f 2042/2042/2042 1929/1929/1929 1928/1928/1928
f 2044/2044/2044 1931/1931/1931 1930/1930/1930
f 2045/2045/2045 1932/1932/1932 1931/1931/1931
f 2051/2051/2051 1938/1938/1938 1937/1937/1937
f 2052/2052/2052 1939/1939/1939 1938/1938/1938
f 2053/2053/2053 1940/1940/1940 1939/1939/1939
f 2121/2121/2121 1981/1981/1981 1982/1982/1982
f 2123/2123/2123 1983/1983/1983 1984/1984/1984
f 2136/2136/2136 1995/1995/1995 1996/1996/1996
f 2138/2138/2138 1997/1997/1997 1998/1998/1998
f 2140/2140/2140 2000/2000/2000 2001/2001/2001
f 2141/2141/2141 2001/2001/2001 2002/2002/2002
f 2144/2144/2144 2004/2004/2004 2005/2005/2005
f 2146/2146/2146 2006/2006/2006 2007/2007/2007
f 2148/2148/2148 2009/2009/2009 2010/2010/2010
f 2152/2152/2152 2012/2012/2012 2013/2013/2013
f 2153/2153/2153 2013/2013/2013 2014/2014/2014
f 2155/2155/2155 2016/2016/2016 2017/2017/2017
f 2163/2163/2163 2022/2022/2022 2023/2023/2023
f 2164/2164/2164 2023/2023/2023 2024/2024/2024
f 2169/2169/2169 2029/2029/2029 2028/2028/2028
f 2174/2174/2174 2033/2033/2033 2032/2032/2032
f 2178/2178/2178 2037/2037/2037 2036/2036/2036
f 2184/2184/2184 2043/2043/2043 2042/2042/2042
f 2185/2185/2185 2044/2044/2044 2043/2043/2043
f 2186/2186/2186 2045/2045/2045 2044/2044/2044
f 2187/2187/2187 2046/2046/2046 2045/2045/2045
f 2188/2188/2188 2047/2047/2047 2046/2046/2046
f 2191/2191/2191 2050/2050/2050 2049/2049/2049
f 2203/2203/2203 2061/2061/2061 2060/2060/2060
f 2215/2215/2215 2101/2101/2101 2102/2102/2102
f 2216/2216/2216 2102/2102/2102 2103/2103/2103
f 2217/2217/2217 2103/2103/2103 2104/2104/2104
f 2218/2218/2218 2104/2104/2104 2105/2105/2105
f 2220/2220/2220 2106/2106/2106 2107/2107/2107
f 2222/2222/2222 2109/2109/2109 2110/2110/2110
f 2234/2234/2234 2117/2117/2117 2118/2118/2118
f 2245/2245/2245 2128/2128/2128 2129/2129/2129
f 2279/2279/2279 2151/2151/2151 2152/2152/2152
f 2280/2280/2280 2152/2152/2152 2153/2153/2153
f 2283/2283/2283 2155/2155/2155 2156/2156/2156
f 2288/2288/2288 2159/2159/2159 2160/2160/2160
f 2296/2296/2296 2169/2169/2169 2168/2168/2168
f 2297/2297/2297 2170/2170/2170 2169/2169/2169
f 2301/2301/2301 2174/2174/2174 2173/2173/2173
f 2304/2304/2304 2177/2177/2177 2176/2176/2176
f 2305/2305/2305 2178/2178/2178 2177/2177/2177
f 2306/2306/2306 2179/2179/2179 2178/2178/2178
f 2309/2309/2309 2182/2182/2182 2181/2181/2181
f 2310/2310/2310 2183/2183/2183 2182/2182/2182
f 2313/2313/2313 2186/2186/2186 2185/2185/2185
f 2314/2314/2314 2187/2187/2187 2186/2186/2186
f 2315/2315/2315 2188/2188/2188 2187/2187/2187
f 2316/2316/2316 2189/2189/2189 2188/2188/2188
f 2318/2318/2318 2191/2191/2191 2190/2190/2190
f 2320/2320/2320 2194/2194/2194 2193/2193/2193
f 2322/2322/2322 2196/2196/2196 2195/2195/2195
f 2323/2323/2323 2197/2197/2197 2196/2196/2196
f 2324/2324/2324 2198/2198/2198 2197/2197/2197
f 2325/2325/2325 2199/2199/2199 2198/2198/2198
f 2344/2344/2344 2223/2223/2223 2224/2224/2224
f 2345/2345/2345 2224/2224/2224 2225/2225/2225
f 2349/2349/2349 2228/2228/2228 2229/2229/2229
f 2351/2351/2351 2230/2230/2230 2231/2231/2231
f 2361/2361/2361 2238/2238/2238 2239/2239/2239
f 2369/2369/2369 2245/2245/2245 2246/2246/2246
f 2376/2376/2376 2248/2248/2248 2249/2249/2249
f 2378/2378/2378 2250/2250/2250 2251/2251/2251
f 2390/2390/2390 2256/2256/2256 2257/2257/2257
f 2393/2393/2393 2258/2258/2258 2259/2259/2259
f 2403/2403/2403 2268/2268/2268 2269/2269/2269
f 2406/2406/2406 2270/2270/2270 2271/2271/2271
f 2412/2412/2412 2275/2275/2275 2274/2274/2274
f 2416/2416/2416 2279/2279/2279 2280/2280/2280
f 2417/2417/2417 2280/2280/2280 2281/2281/2281
f 2418/2418/2418 2281/2281/2281 2282/2282/2282
f 2423/2423/2423 2283/2283/2283 2284/2284/2284
f 2427/2427/2427 2286/2286/2286 2287/2287/2287
f 2428/2428/2428 2287/2287/2287 2288/2288/2288
f 2429/2429/2429 2288/2288/2288 2289/2289/2289
f 2430/2430/2430 2289/2289/2289 2290/2290/2290
f 2441/2441/2441 2296/2296/2296 2295/2295/2295
f 2443/2443/2443 2298/2298/2298 2297/2297/2297
f 2444/2444/2444 2299/2299/2299 2298/2298/2298
f 2447/2447/2447 2302/2302/2302 2301/2301/2301
f 2449/2449/2449 2304/2304/2304 2303/2303/2303
f 2450/2450/2450 2305/2305/2305 2304/2304/2304
f 2451/2451/2451 2306/2306/2306 2305/2305/2305
f 2453/2453/2453 2308/2308/2308 2307/2307/2307
f 2456/2456/2456 2314/2314/2314 2313/2313/2313
f 2458/2458/2458 2316/2316/2316 2315/2315/2315
f 2460/2460/2460 2318/2318/2318 2317/2317/2317
f 2462/2462/2462 2320/2320/2320 2319/2319/2319
f 2463/2463/2463 2321/2321/2321 2320/2320/2320
f 2464/2464/2464 2322/2322/2322 2321/2321/2321
f 2471/2471/2471 2328/2328/2328 2327/2327/2327
f 2478/2478/2478 2334/2334/2334 2333/2333/2333
f 2482/2482/2482 2337/2337/2337 2336/2336/2336
f 2492/2492/2492 2340/2340/2340 2341/2341/2341
f 2498/2498/2498 2351/2351/2351 2352/2352/2352
f 2499/2499/2499 2352/2352/2352 2353/2353/2353
f 2500/2500/2500 2353/2353/2353 2354/2354/2354
f 2501/2501/2501 2354/2354/2354 2355/2355/2355
f 2502/2502/2502 2355/2355/2355 2356/2356/2356
f 2529/2529/2529 2374/2374/2374 2375/2375/2375
f 2541/2541/2541 2384/2384/2384 2385/2385/2385
f 2547/2547/2547 2391/2391/2391 2392/2392/2392
f 2550/2550/2550 2394/2394/2394 2395/2395/2395
f 2560/2560/2560 2404/2404/2404 2405/2405/2405
f 2569/2569/2569 2419/2419/2419 2420/2420/2420
f 2575/2575/2575 2429/2429/2429 2430/2430/2430
f 2576/2576/2576 2430/2430/2430 2431/2431/2431
f 2577/2577/2577 2431/2431/2431 2432/2432/2432
f 2578/2578/2578 2432/2432/2432 2433/2433/2433
f 2584/2584/2584 2440/2440/2440 2439/2439/2439
f 2585/2585/2585 2441/2441/2441 2440/2440/2440
f 2588/2588/2588 2444/2444/2444 2443/2443/2443
f 2591/2591/2591 2448/2448/2448 2447/2447/2447
f 2592/2592/2592 2449/2449/2449 2448/2448/2448
f 2594/2594/2594 2451/2451/2451 2450/2450/2450
f 2596/2596/2596 2453/2453/2453 2452/2452/2452
f 2600/2600/2600 2458/2458/2458 2457/2457/2457
f 2604/2604/2604 2462/2462/2462 2461/2461/2461
f 2607/2607/2607 2465/2465/2465 2464/2464/2464
f 2608/2608/2608 2466/2466/2466 2465/2465/2465
f 2609/2609/2609 2467/2467/2467 2466/2466/2466
f 2618/2618/2618 2477/2477/2477 2476/2476/2476
f 2630/2630/2630 2489/2489/2489 2488/2488/2488
f 2647/2647/2647 2497/2497/2497 2496/2496/2496
f 2651/2651/2651 2499/2499/2499 2500/2500/2500
f 2654/2654/2654 2502/2502/2502 2503/2503/2503
f 2661/2661/2661 2506/2506/2506 2507/2507/2507
f 2667/2667/2667 2509/2509/2509 2510/2510/2510
f 2670/2670/2670 2511/2511/2511 2512/2512/2512
f 2686/2686/2686 2525/2525/2525 2526/2526/2526
f 2690/2690/2690 2530/2530/2530 2531/2531/2531
f 2697/2697/2697 2539/2539/2539 2540/2540/2540
f 2706/2706/2706 2551/2551/2551 2552/2552/2552
f 2708/2708/2708 2553/2553/2553 2554/2554/2554
f 2712/2712/2712 2558/2558/2558 2559/2559/2559
f 2716/2716/2716 2561/2561/2561 2562/2562/2562
f 2728/2728/2728 2572/2572/2572 2573/2573/2573
f 2731/2731/2731 2576/2576/2576 2577/2577/2577
f 2732/2732/2732 2577/2577/2577 2578/2578/2578
f 2749/2749/2749 2591/2591/2591 2590/2590/2590
f 2753/2753/2753 2595/2595/2595 2594/2594/2594
f 2756/2756/2756 2599/2599/2599 2598/2598/2598
f 2758/2758/2758 2601/2601/2601 2600/2600/2600
f 2764/2764/2764 2607/2607/2607 2606/2606/2606
f 2765/2765/2765 2608/2608/2608 2607/2607/2607
f 2766/2766/2766 2609/2609/2609 2608/2608/2608
f 2768/2768/2768 2611/2611/2611 2610/2610/2610
f 2770/2770/2770 2613/2613/2613 2612/2612/2612
f 2778/2778/2778 2622/2622/2622 2621/2621/2621
f 2784/2784/2784 2629/2629/2629 2628/2628/2628
f 2806/2806/2806 2653/2653/2653 2654/2654/2654
f 2807/2807/2807 2654/2654/2654 2655/2655/2655
f 2812/2812/2812 2661/2661/2661 2662/2662/2662
f 2818/2818/2818 2668/2668/2668 2669/2669/2669
f 2830/2830/2830 2684/2684/2684 2685/2685/2685
f 2832/2832/2832 2686/2686/2686 2687/2687/2687
f 2836/2836/2836 2691/2691/2691 2692/2692/2692
f 2848/2848/2848 2703/2703/2703 2704/2704/2704
f 2860/2860/2860 2715/2715/2715 2716/2716/2716
f 2870/2870/2870 2723/2723/2723 2722/2722/2722
f 2887/2887/2887 2744/2744/2744 2743/2743/2743
f 2888/2888/2888 2745/2745/2745 2744/2744/2744
f 2892/2892/2892 2749/2749/2749 2748/2748/2748
f 2893/2893/2893 2750/2750/2750 2749/2749/2749
f 2894/2894/2894 2751/2751/2751 2750/2750/2750
f 2895/2895/2895 2752/2752/2752 2751/2751/2751
f 2896/2896/2896 2753/2753/2753 2752/2752/2752
f 2901/2901/2901 2758/2758/2758 2757/2757/2757
f 2906/2906/2906 2763/2763/2763 2762/2762/2762
f 2911/2911/2911 2768/2768/2768 2767/2767/2767
f 2921/2921/2921 2776/2776/2776 2775/2775/2775
f 2927/2927/2927 2781/2781/2781 2780/2780/2780
f 2955/2955/2955 2803/2803/2803 2802/2802/2802
f 2958/2958/2958 2805/2805/2805 2806/2806/2806
f 2970/2970/2970 2816/2816/2816 2817/2817/2817
f 2990/2990/2990 2830/2830/2830 2831/2831/2831
f 2992/2992/2992 2832/2832/2832 2833/2833/2833
f 2998/2998/2998 2840/2840/2840 2841/2841/2841
f 3010/3010/3010 2851/2851/2851 2852/2852/2852
f 3017/3017/3017 2859/2859/2859 2860/2860/2860
f 3018/3018/3018 2860/2860/2860 2861/2861/2861
f 3022/3022/3022 2864/2864/2864 2865/2865/2865
f 3023/3023/3023 2865/2865/2865 2866/2866/2866
f 3025/3025/3025 2867/2867/2867 2868/2868/2868
f 3028/3028/3028 2870/2870/2870 2869/2869/2869
f 3030/3030/3030 2872/2872/2872 2873/2873/2873
f 3041/3041/3041 2883/2883/2883 2884/2884/2884
f 3046/3046/3046 2888/2888/2888 2887/2887/2887
f 3049/3049/3049 2891/2891/2891 2890/2890/2890
f 3050/3050/3050 2892/2892/2892 2891/2891/2891
f 3051/3051/3051 2893/2893/2893 2892/2892/2892
f 3052/3052/3052 2894/2894/2894 2893/2893/2893
f 3053/3053/3053 2895/2895/2895 2894/2894/2894
f 3059/3059/3059 2898/2898/2898 2897/2897/2897
f 3072/3072/3072 2911/2911/2911 2910/2910/2910
f 3079/3079/3079 2915/2915/2915 2914/2914/2914
f 3086/3086/3086 2920/2920/2920 2919/2919/2919
f 3088/3088/3088 2923/2923/2923 2922/2922/2922
f 3096/3096/3096 2932/2932/2932 2931/2931/2931
f 3098/3098/3098 2935/2935/2935 2936/2936/2936
f 3105/3105/3105 2945/2945/2945 2946/2946/2946
f 3112/3112/3112 2954/2954/2954 2953/2953/2953
f 3114/3114/3114 2957/2957/2957 2958/2958/2958
f 3123/3123/3123 2971/2971/2971 2972/2972/2972
f 3136/3136/3136 2986/2986/2986 2987/2987/2987
f 3152/3152/3152 2998/2998/2998 2999/2999/2999
f 3159/3159/3159 3003/3003/3003 3004/3004/3004
f 3166/3166/3166 3010/3010/3010 3011/3011/3011
f 3174/3174/3174 3017/3017/3017 3018/3018/3018
f 3177/3177/3177 3021/3021/3021 3022/3022/3022
f 3185/3185/3185 3030/3030/3030 3031/3031/3031
f 3188/3188/3188 3032/3032/3032 3033/3033/3033
f 3202/3202/3202 3044/3044/3044 3043/3043/3043
f 3205/3205/3205 3047/3047/3047 3046/3046/3046
f 3207/3207/3207 3049/3049/3049 3048/3048/3048
f 3208/3208/3208 3050/3050/3050 3049/3049/3049
f 3209/3209/3209 3051/3051/3051 3050/3050/3050
f 3210/3210/3210 3052/3052/3052 3051/3051/3051
f 3211/3211/3211 3053/3053/3053 3052/3052/3052
f 3212/3212/3212 3054/3054/3054 3053/3053/3053
f 3217/3217/3217 3057/3057/3057 3056/3056/3056
f 3218/3218/3218 3058/3058/3058 3057/3057/3057
f 3223/3223/3223 3063/3063/3063 3062/3062/3062
f 3226/3226/3226 3065/3065/3065 3064/3064/3064
f 3228/3228/3228 3067/3067/3067 3066/3066/3066
f 3229/3229/3229 3068/3068/3068 3067/3067/3067
f 3230/3230/3230 3069/3069/3069 3068/3068/3068
f 3231/3231/3231 3070/3070/3070 3069/3069/3069
f 3237/3237/3237 3077/3077/3077 3076/3076/3076
f 3239/3239/3239 3081/3081/3081 3080/3080/3080
f 3251/3251/3251 3113/3113/3113 3114/3114/3114
f 3255/3255/3255 3117/3117/3117 3118/3118/3118
f 3258/3258/3258 3120/3120/3120 3121/3121/3121
f 3270/3270/3270 3146/3146/3146 3147/3147/3147
f 3277/3277/3277 3153/3153/3153 3154/3154/3154
f 3284/3284/3284 3159/3159/3159 3160/3160/3160
f 3293/3293/3293 3168/3168/3168 3169/3169/3169
f 3297/3297/3297 3170/3170/3170 3171/3171/3171
f 3308/3308/3308 3178/3178/3178 3179/3179/3179
f 3309/3309/3309 3179/3179/3179 3180/3180/3180
f 3318/3318/3318 3183/3183/3183 3182/3182/3182
f 3320/3320/3320 3184/3184/3184 3185/3185/3185
f 3324/3324/3324 3189/3189/3189 3190/3190/3190
f 3325/3325/3325 3190/3190/3190 3191/3191/3191
f 3331/3331/3331 3192/3192/3192 3193/3193/3193
f 3339/3339/3339 3203/3203/3203 3202/3202/3202
f 3340/3340/3340 3204/3204/3204 3203/3203/3203
f 3342/3342/3342 3207/3207/3207 3206/3206/3206
f 3345/3345/3345 3210/3210/3210 3209/3209/3209
f 3346/3346/3346 3211/3211/3211 3210/3210/3210
f 3347/3347/3347 3212/3212/3212 3211/3211/3211
f 3348/3348/3348 3213/3213/3213 3212/3212/3212
f 3350/3350/3350 3215/3215/3215 3214/3214/3214
f 3351/3351/3351 3216/3216/3216 3215/3215/3215
f 3355/3355/3355 3220/3220/3220 3219/3219/3219
f 3361/3361/3361 3225/3225/3225 3224/3224/3224
f 3400/3400/3400 3246/3246/3246 3247/3247/3247
f 3402/3402/3402 3248/3248/3248 3249/3249/3249
f 3412/3412/3412 3261/3261/3261 3262/3262/3262
f 3416/3416/3416 3265/3265/3265 3266/3266/3266
f 3419/3419/3419 3268/3268/3268 3269/3269/3269
f 3423/3423/3423 3275/3275/3275 3276/3276/3276
f 3429/3429/3429 3287/3287/3287 3288/3288/3288
f 3434/3434/3434 3293/3293/3293 3294/3294/3294
f 3435/3435/3435 3294/3294/3294 3295/3295/3295
f 3436/3436/3436 3295/3295/3295 3296/3296/3296
f 3442/3442/3442 3305/3305/3305 3306/3306/3306
f 3445/3445/3445 3310/3310/3310 3311/3311/3311
f 3449/3449/3449 3316/3316/3316 3315/3315/3315
f 3451/3451/3451 3320/3320/3320 3321/3321/3321
f 3455/3455/3455 3327/3327/3327 3328/3328/3328
f 3459/3459/3459 3331/3331/3331 3332/3332/3332
f 3460/3460/3460 3332/3332/3332 3333/3333/3333
f 3464/3464/3464 3339/3339/3339 3338/3338/3338
f 3466/3466/3466 3342/3342/3342 3341/3341/3341
f 3470/3470/3470 3346/3346/3346 3345/3345/3345
f 3471/3471/3471 3347/3347/3347 3346/3346/3346
f 3472/3472/3472 3348/3348/3348 3347/3347/3347
f 3473/3473/3473 3349/3349/3349 3348/3348/3348
f 3474/3474/3474 3350/3350/3350 3349/3349/3349
f 3477/3477/3477 3353/3353/3353 3352/3352/3352
f 3479/3479/3479 3355/3355/3355 3354/3354/3354
f 3480/3480/3480 3356/3356/3356 3355/3355/3355
f 3481/3481/3481 3357/3357/3357 3356/3356/3356
f 3485/3485/3485 3360/3360/3360 3359/3359/3359
f 3486/3486/3486 3361/3361/3361 3360/3360/3360
f 3494/3494/3494 3376/3376/3376 3375/3375/3375
f 3495/3495/3495 3377/3377/3377 3376/3376/3376
f 3499/3499/3499 3381/3381/3381 3380/3380/3380
f 3509/3509/3509 3387/3387/3387 3386/3386/3386
f 3536/3536/3536 3393/3393/3393 3394/3394/3394
f 3537/3537/3537 3394/3394/3394 3395/3395/3395
f 3538/3538/3538 3395/3395/3395 3396/3396/3396
f 3559/3559/3559 3419/3419/3419 3420/3420/3420
f 3565/3565/3565 3423/3423/3423 3424/3424/3424
f 3570/3570/3570 3427/3427/3427 3428/3428/3428
f 3574/3574/3574 3435/3435/3435 3436/3436/3436
f 3577/3577/3577 3441/3441/3441 3442/3442/3442
f 3582/3582/3582 3450/3450/3450 3451/3451/3451
f 3583/3583/3583 3451/3451/3451 3452/3452/3452
f 3586/3586/3586 3453/3453/3453 3454/3454/3454
f 3590/3590/3590 3457/3457/3457 3458/3458/3458
f 3591/3591/3591 3458/3458/3458 3459/3459/3459
f 3592/3592/3592 3459/3459/3459 3460/3460/3460
f 3593/3593/3593 3460/3460/3460 3461/3461/3461
f 3599/3599/3599 3466/3466/3466 3465/3465/3465
f 3603/3603/3603 3470/3470/3470 3469/3469/3469
f 3604/3604/3604 3471/3471/3471 3470/3470/3470
f 3605/3605/3605 3472/3472/3472 3471/3471/3471
f 3606/3606/3606 3473/3473/3473 3472/3472/3472
f 3608/3608/3608 3475/3475/3475 3474/3474/3474
f 3609/3609/3609 3476/3476/3476 3475/3475/3475
f 3610/3610/3610 3477/3477/3477 3476/3476/3476
f 3611/3611/3611 3478/3478/3478 3477/3477/3477
f 3612/3612/3612 3479/3479/3479 3478/3478/3478
f 3613/3613/3613 3480/3480/3480 3479/3479/3479
f 3614/3614/3614 3481/3481/3481 3480/3480/3480
f 3615/3615/3615 3482/3482/3482 3481/3481/3481
f 3617/3617/3617 3484/3484/3484 3483/3483/3483
f 3621/3621/3621 3490/3490/3490 3489/3489/3489
f 3628/3628/3628 3508/3508/3508 3507/3507/3507
f 3630/3630/3630 3516/3516/3516 3515/3515/3515
f 3633/3633/3633 3518/3518/3518 3517/3517/3517
f 3657/3657/3657 3555/3555/3555 3556/3556/3556
f 3662/3662/3662 3560/3560/3560 3561/3561/3561
f 3667/3667/3667 3566/3566/3566 3567/3567/3567
f 3672/3672/3672 3572/3572/3572 3573/3573/3573
f 3674/3674/3674 3574/3574/3574 3575/3575/3575
f 3675/3675/3675 3575/3575/3575 3576/3576/3576
f 3683/3683/3683 3583/3583/3583 3584/3584/3584
f 3684/3684/3684 3584/3584/3584 3585/3585/3585
f 3689/3689/3689 3589/3589/3589 3590/3590/3590
f 3691/3691/3691 3591/3591/3591 3592/3592/3592
f 3692/3692/3692 3592/3592/3592 3593/3593/3593
f 3697/3697/3697 3596/3596/3596 3597/3597/3597
f 3702/3702/3702 3599/3599/3599 3598/3598/3598
f 3703/3703/3703 3600/3600/3600 3599/3599/3599
f 3705/3705/3705 3602/3602/3602 3601/3601/3601
f 3706/3706/3706 3603/3603/3603 3602/3602/3602
f 3707/3707/3707 3604/3604/3604 3603/3603/3603
f 3708/3708/3708 3605/3605/3605 3604/3604/3604
f 3709/3709/3709 3606/3606/3606 3605/3605/3605
f 3712/3712/3712 3609/3609/3609 3608/3608/3608
f 3713/3713/3713 3610/3610/3610 3609/3609/3609
f 3714/3714/3714 3611/3611/3611 3610/3610/3610
f 3715/3715/3715 3612/3612/3612 3611/3611/3611
f 3716/3716/3716 3613/3613/3613 3612/3612/3612
f 3717/3717/3717 3614/3614/3614 3613/3613/3613
f 3718/3718/3718 3615/3615/3615 3614/3614/3614
f 3720/3720/3720 3617/3617/3617 3616/3616/3616
f 3722/3722/3722 3619/3619/3619 3618/3618/3618
f 3728/3728/3728 3624/3624/3624 3623/3623/3623
f 3730/3730/3730 3626/3626/3626 3625/3625/3625
f 3735/3735/3735 3632/3632/3632 3631/3631/3631
f 3736/3736/3736 3634/3634/3634 3635/3635/3635
f 3753/3753/3753 3649/3649/3649 3650/3650/3650
f 3767/3767/3767 3666/3666/3666 3667/3667/3667
f 3779/3779/3779 3675/3675/3675 3676/3676/3676
f 3785/3785/3785 3680/3680/3680 3681/3681/3681
f 3798/3798/3798 3691/3691/3691 3692/3692/3692
f 3803/3803/3803 3697/3697/3697 3698/3698/3698
f 3807/3807/3807 3701/3701/3701 3700/3700/3700
f 3809/3809/3809 3703/3703/3703 3702/3702/3702
f 3810/3810/3810 3704/3704/3704 3703/3703/3703
f 3811/3811/3811 3705/3705/3705 3704/3704/3704
f 3813/3813/3813 3707/3707/3707 3706/3706/3706
f 3814/3814/3814 3708/3708/3708 3707/3707/3707
f 3816/3816/3816 3710/3710/3710 3709/3709/3709
f 3817/3817/3817 3711/3711/3711 3710/3710/3710
f 3820/3820/3820 3714/3714/3714 3713/3713/3713
f 3821/3821/3821 3715/3715/3715 3714/3714/3714
f 3822/3822/3822 3716/3716/3716 3715/3715/3715
f 3823/3823/3823 3717/3717/3717 3716/3716/3716
f 3825/3825/3825 3719/3719/3719 3718/3718/3718
f 3832/3832/3832 3724/3724/3724 3723/3723/3723
f 3834/3834/3834 3726/3726/3726 3725/3725/3725
f 3837/3837/3837 3728/3728/3728 3727/3727/3727
f 3853/3853/3853 3749/3749/3749 3750/3750/3750
f 3865/3865/3865 3759/3759/3759 3760/3760/3760
f 3876/3876/3876 3767/3767/3767 3768/3768/3768
f 3903/3903/3903 3782/3782/3782 3783/3783/3783
f 3923/3923/3923 3802/3802/3802 3803/3803/3803
f 3927/3927/3927 3807/3807/3807 3806/3806/3806
f 3928/3928/3928 3808/3808/3808 3807/3807/3807
f 3929/3929/3929 3809/3809/3809 3808/3808/3808
f 3930/3930/3930 3810/3810/3810 3809/3809/3809
f 3931/3931/3931 3811/3811/3811 3810/3810/3810
f 3932/3932/3932 3812/3812/3812 3811/3811/3811
f 3935/3935/3935 3815/3815/3815 3814/3814/3814
f 3939/3939/3939 3821/3821/3821 3820/3820/3820
f 3940/3940/3940 3822/3822/3822 3821/3821/3821
f 3941/3941/3941 3823/3823/3823 3822/3822/3822
f 3943/3943/3943 3825/3825/3825 3824/3824/3824
f 3947/3947/3947 3828/3828/3828 3827/3827/3827
f 3961/3961/3961 3836/3836/3836 3835/3835/3835
f 3973/3973/3973 3843/3843/3843 3842/3842/3842
f 3993/3993/3993 3850/3850/3850 3851/3851/3851
f 4002/4002/4002 3855/3855/3855 3856/3856/3856
f 4019/4019/4019 3867/3867/3867 3868/3868/3868
f 4027/4027/4027 3873/3873/3873 3874/3874/3874
f 4038/4038/4038 3882/3882/3882 3883/3883/3883
f 4058/4058/4058 3902/3902/3902 3903/3903/3903
f 4064/4064/4064 3909/3909/3909 3908/3908/3908
f 4071/4071/4071 3923/3923/3923 3924/3924/3924
f 4075/4075/4075 3928/3928/3928 3927/3927/3927
f 4076/4076/4076 3929/3929/3929 3928/3928/3928
f 4077/4077/4077 3930/3930/3930 3929/3929/3929
f 4078/4078/4078 3931/3931/3931 3930/3930/3930
f 4079/4079/4079 3932/3932/3932 3931/3931/3931
f 4080/4080/4080 3933/3933/3933 3932/3932/3932
f 4081/4081/4081 3934/3934/3934 3933/3933/3933
f 4084/4084/4084 3940/3940/3940 3939/3939/3939
f 4087/4087/4087 3943/3943/3943 3942/3942/3942
f 4090/4090/4090 3946/3946/3946 3945/3945/3945
f 4097/4097/4097 3956/3956/3956 3955/3955/3955
f 4102/4102/4102 3961/3961/3961 3960/3960/3960
f 4107/4107/4107 3964/3964/3964 3963/3963/3963
f 4113/4113/4113 3968/3968/3968 3967/3967/3967
f 4139/4139/4139 3990/3990/3990 3989/3989/3989
f 4154/4154/4154 4001/4001/4001 4000/4000/4000
f 4157/4157/4157 4003/4003/4003 4002/4002/4002
f 4175/4175/4175 4020/4020/4020 4021/4021/4021
f 4182/4182/4182 4028/4028/4028 4029/4029/4029
f 4191/4191/4191 4036/4036/4036 4037/4037/4037
f 4210/4210/4210 4057/4057/4057 4058/4058/4058
f 4223/4223/4223 4070/4070/4070 4071/4071/4071
f 4224/4224/4224 4071/4071/4071 4072/4072/4072
f 4227/4227/4227 4074/4074/4074 4073/4073/4073
f 4230/4230/4230 4077/4077/4077 4076/4076/4076
f 4231/4231/4231 4078/4078/4078 4077/4077/4077
f 4232/4232/4232 4079/4079/4079 4078/4078/4078
f 4234/4234/4234 4081/4081/4081 4080/4080/4080
f 4247/4247/4247 4095/4095/4095 4094/4094/4094
f 4253/4253/4253 4104/4104/4104 4103/4103/4103
f 4257/4257/4257 4111/4111/4111 4110/4110/4110
f 4260/4260/4260 4115/4115/4115 4114/4114/4114
f 4279/4279/4279 4138/4138/4138 4137/4137/4137
f 4298/4298/4298 4163/4163/4163 4164/4164/4164
f 4307/4307/4307 4176/4176/4176 4177/4177/4177
f 4313/4313/4313 4183/4183/4183 4184/4184/4184
f 4331/4331/4331 4200/4200/4200 4201/4201/4201
f 4335/4335/4335 4205/4205/4205 4206/4206/4206
f 4342/4342/4342 4214/4214/4214 4215/4215/4215
f 4346/4346/4346 4218/4218/4218 4219/4219/4219
f 4353/4353/4353 4227/4227/4227 4226/4226/4226
f 4356/4356/4356 4230/4230/4230 4229/4229/4229
f 4357/4357/4357 4231/4231/4231 4230/4230/4230
f 4358/4358/4358 4232/4232/4232 4231/4231/4231
f 4359/4359/4359 4233/4233/4233 4232/4232/4232
f 4363/4363/4363 4236/4236/4236 4235/4235/4235
f 4364/4364/4364 4237/4237/4237 4236/4236/4236
f 4367/4367/4367 4240/4240/4240 4239/4239/4239
f 4378/4378/4378 4247/4247/4247 4246/4246/4246
f 4382/4382/4382 4250/4250/4250 4249/4249/4249
f 4385/4385/4385 4253/4253/4253 4252/4252/4252
f 4391/4391/4391 4257/4257/4257 4256/4256/4256
f 4398/4398/4398 4264/4264/4264 4263/4263/4263
f 4404/4404/4404 4269/4269/4269 4268/4268/4268
f 4407/4407/4407 4271/4271/4271 4272/4272/4272
f 4421/4421/4421 4283/4283/4283 4284/4284/4284
f 4423/4423/4423 4285/4285/4285 4286/4286/4286
f 4430/4430/4430 4290/4290/4290 4289/4289/4289
f 4450/4450/4450 4303/4303/4303 4304/4304/4304
f 4461/4461/4461 4310/4310/4310 4311/4311/4311
f 4472/4472/4472 4320/4320/4320 4321/4321/4321
f 4478/4478/4478 4327/4327/4327 4328/4328/4328
f 4481/4481/4481 4329/4329/4329 4330/4330/4330
f 4483/4483/4483 4331/4331/4331 4332/4332/4332
f 4486/4486/4486 4335/4335/4335 4336/4336/4336
f 4491/4491/4491 4340/4340/4340 4341/4341/4341
f 4494/4494/4494 4343/4343/4343 4344/4344/4344
f 4500/4500/4500 4352/4352/4352 4351/4351/4351
f 4503/4503/4503 4355/4355/4355 4354/4354/4354
f 4504/4504/4504 4356/4356/4356 4355/4355/4355
f 4505/4505/4505 4357/4357/4357 4356/4356/4356
f 4507/4507/4507 4359/4359/4359 4358/4358/4358
f 4508/4508/4508 4360/4360/4360 4359/4359/4359
f 4513/4513/4513 4363/4363/4363 4362/4362/4362
f 4516/4516/4516 4366/4366/4366 4365/4365/4365
f 4523/4523/4523 4373/4373/4373 4372/4372/4372
f 4526/4526/4526 4375/4375/4375 4374/4374/4374
f 4528/4528/4528 4377/4377/4377 4376/4376/4376
f 4539/4539/4539 4389/4389/4389 4388/4388/4388
f 4541/4541/4541 4391/4391/4391 4390/4390/4390
f 4549/4549/4549 4400/4400/4400 4401/4401/4401
f 4552/4552/4552 4403/4403/4403 4402/4402/4402
f 4574/4574/4574 4430/4430/4430 4429/4429/4429
f 4575/4575/4575 4432/4432/4432 4433/4433/4433
f 4577/4577/4577 4434/4434/4434 4433/4433/4433
f 4579/4579/4579 4436/4436/4436 4435/4435/4435
f 4583/4583/4583 4441/4441/4441 4440/4440/4440
f 4585/4585/4585 4444/4444/4444 4443/4443/4443
f 4589/4589/4589 4452/4452/4452 4453/4453/4453
f 4591/4591/4591 4455/4455/4455 4456/4456/4456
f 4598/4598/4598 4463/4463/4463 4464/4464/4464
f 4606/4606/4606 4470/4470/4470 4471/4471/4471
f 4609/4609/4609 4472/4472/4472 4473/4473/4473
f 4614/4614/4614 4474/4474/4474 4475/4475/4475
f 4619/4619/4619 4479/4479/4479 4480/4480/4480
f 4628/4628/4628 4487/4487/4487 4488/4488/4488
f 4631/4631/4631 4489/4489/4489 4490/4490/4490
f 4633/4633/4633 4493/4493/4493 4494/4494/4494
f 4635/4635/4635 4495/4495/4495 4496/4496/4496
f 4640/4640/4640 4498/4498/4498 4497/4497/4497
f 4649/4649/4649 4501/4501/4501 4500/4500/4500
f 4654/4654/4654 4506/4506/4506 4505/4505/4505
f 4657/4657/4657 4509/4509/4509 4508/4508/4508
f 4662/4662/4662 4512/4512/4512 4511/4511/4511
f 4663/4663/4663 4513/4513/4513 4512/4512/4512
f 4665/4665/4665 4515/4515/4515 4514/4514/4514
f 4667/4667/4667 4518/4518/4518 4517/4517/4517
f 4671/4671/4671 4522/4522/4522 4521/4521/4521
f 4673/4673/4673 4525/4525/4525 4524/4524/4524
f 4674/4674/4674 4526/4526/4526 4525/4525/4525
f 4678/4678/4678 4532/4532/4532 4531/4531/4531
f 4694/4694/4694 4567/4567/4567 4568/4568/4568
f 4702/4702/4702 4580/4580/4580 4581/4581/4581
f 4709/4709/4709 4589/4589/4589 4590/4590/4590
f 4713/4713/4713 4596/4596/4596 4597/4597/4597
f 4719/4719/4719 4604/4604/4604 4605/4605/4605
f 4721/4721/4721 4607/4607/4607 4608/4608/4608
f 4723/4723/4723 4610/4610/4610 4611/4611/4611
f 4724/4724/4724 4611/4611/4611 4612/4612/4612
f 4728/4728/4728 4615/4615/4615 4616/4616/4616
f 4732/4732/4732 4620/4620/4620 4621/4621/4621
f 4734/4734/4734 4622/4622/4622 4623/4623/4623
f 4741/4741/4741 4629/4629/4629 4630/4630/4630
f 4749/4749/4749 4634/4634/4634 4635/4635/4635
f 4751/4751/4751 4636/4636/4636 4637/4637/4637
f 4756/4756/4756 4639/4639/4639 4638/4638/4638
f 4757/4757/4757 4640/4640/4640 4639/4639/4639
f 4761/4761/4761 4644/4644/4644 4643/4643/4643
f 4766/4766/4766 4648/4648/4648 4647/4647/4647
f 4769/4769/4769 4658/4658/4658 4657/4657/4657
f 4771/4771/4771 4660/4660/4660 4659/4659/4659
f 4772/4772/4772 4661/4661/4661 4660/4660/4660
f 4775/4775/4775 4664/4664/4664 4663/4663/4663
f 4776/4776/4776 4665/4665/4665 4664/4664/4664
f 4778/4778/4778 4667/4667/4667 4666/4666/4666
f 4782/4782/4782 4673/4673/4673 4672/4672/4672
f 4785/4785/4785 4680/4680/4680 4679/4679/4679
f 4799/4799/4799 4690/4690/4690 4691/4691/4691
f 4812/4812/4812 4708/4708/4708 4707/4707/4707
f 4813/4813/4813 4709/4709/4709 4710/4710/4710
f 4821/4821/4821 4719/4719/4719 4720/4720/4720
f 4823/4823/4823 4721/4721/4721 4722/4722/4722
f 4825/4825/4825 4728/4728/4728 4729/4729/4729
f 4827/4827/4827 4730/4730/4730 4731/4731/4731
f 4833/4833/4833 4736/4736/4736 4737/4737/4737
f 4836/4836/4836 4739/4739/4739 4740/4740/4740
f 4838/4838/4838 4741/4741/4741 4742/4742/4742
f 4839/4839/4839 4742/4742/4742 4743/4743/4743
f 4841/4841/4841 4745/4745/4745 4746/4746/4746
f 4846/4846/4846 4750/4750/4750 4751/4751/4751
f 4848/4848/4848 4752/4752/4752 4753/4753/4753
f 4853/4853/4853 4755/4755/4755 4754/4754/4754
f 4855/4855/4855 4757/4757/4757 4756/4756/4756
f 4856/4856/4856 4758/4758/4758 4757/4757/4757
f 4857/4857/4857 4759/4759/4759 4758/4758/4758
f 4858/4858/4858 4760/4760/4760 4759/4759/4759
f 4859/4859/4859 4761/4761/4761 4760/4760/4760
f 4860/4860/4860 4762/4762/4762 4761/4761/4761
f 4864/4864/4864 4765/4765/4765 4764/4764/4764
f 4869/4869/4869 4769/4769/4769 4768/4768/4768
f 4870/4870/4870 4770/4770/4770 4769/4769/4769
f 4873/4873/4873 4773/4773/4773 4772/4772/4772
f 4874/4874/4874 4774/4774/4774 4773/4773/4773
f 4879/4879/4879 4780/4780/4780 4779/4779/4779
f 4880/4880/4880 4781/4781/4781 4780/4780/4780
f 4887/4887/4887 4788/4788/4788 4787/4787/4787
f 4894/4894/4894 4794/4794/4794 4793/4793/4793
f 4900/4900/4900 4799/4799/4799 4800/4800/4800
f 4915/4915/4915 4809/4809/4809 4810/4810/4810
f 4922/4922/4922 4817/4817/4817 4818/4818/4818
f 4927/4927/4927 4823/4823/4823 4824/4824/4824
f 4933/4933/4933 4826/4826/4826 4827/4827/4827
f 4937/4937/4937 4830/4830/4830 4831/4831/4831
f 4945/4945/4945 4842/4842/4842 4843/4843/4843
f 4947/4947/4947 4844/4844/4844 4845/4845/4845
f 4951/4951/4951 4848/4848/4848 4849/4849/4849
f 4957/4957/4957 4856/4856/4856 4855/4855/4855
f 4958/4958/4958 4857/4857/4857 4856/4856/4856
f 4959/4959/4959 4858/4858/4858 4857/4857/4857
f 4961/4961/4961 4860/4860/4860 4859/4859/4859
f 4962/4962/4962 4861/4861/4861 4860/4860/4860
f 4969/4969/4969 4870/4870/4870 4869/4869/4869
f 4972/4972/4972 4873/4873/4873 4872/4872/4872
f 4976/4976/4976 4878/4878/4878 4877/4877/4877
f 4977/4977/4977 4879/4879/4879 4878/4878/4878
f 4978/4978/4978 4880/4880/4880 4879/4879/4879
f 4979/4979/4979 4881/4881/4881 4880/4880/4880
f 4996/4996/4996 4895/4895/4895 4896/4896/4896
f 5001/5001/5001 4900/4900/4900 4901/4901/4901
f 5006/5006/5006 4903/4903/4903 4902/4902/4902
f 5012/5012/5012 4907/4907/4907 4908/4908/4908
f 5019/5019/5019 4914/4914/4914 4913/4913/4913
f 5025/5025/5025 4918/4918/4918 4919/4919/4919
f 5038/5038/5038 4928/4928/4928 4929/4929/4929
f 5039/5039/5039 4929/4929/4929 4930/4930/4930
f 5043/5043/5043 4932/4932/4932 4933/4933/4933
f 5052/5052/5052 4944/4944/4944 4945/4945/4945
f 5054/5054/5054 4946/4946/4946 4947/4947/4947
f 5059/5059/5059 4951/4951/4951 4952/4952/4952
f 5064/5064/5064 4953/4953/4953 4954/4954/4954
f 5069/5069/5069 4958/4958/4958 4957/4957/4957
f 5070/5070/5070 4959/4959/4959 4958/4958/4958
f 5071/5071/5071 4960/4960/4960 4959/4959/4959
f 5072/5072/5072 4961/4961/4961 4960/4960/4960
f 5073/5073/5073 4962/4962/4962 4961/4961/4961
f 5074/5074/5074 4963/4963/4963 4962/4962/4962
f 5076/5076/5076 4965/4965/4965 4964/4964/4964
f 5081/5081/5081 4968/4968/4968 4967/4967/4967
f 5083/5083/5083 4970/4970/4970 4969/4969/4969
f 5088/5088/5088 4975/4975/4975 4974/4974/4974
f 5089/5089/5089 4976/4976/4976 4975/4975/4975
f 5092/5092/5092 4983/4983/4983 4982/4982/4982
f 5110/5110/5110 4996/4996/4996 4997/4997/4997
f 5111/5111/5111 4997/4997/4997 4998/4998/4998
f 5116/5116/5116 5002/5002/5002 5003/5003/5003
f 5123/5123/5123 5010/5010/5010 5009/5009/5009
f 5124/5124/5124 5013/5013/5013 5014/5014/5014
f 5151/5151/5151 5037/5037/5037 5038/5038/5038
f 5152/5152/5152 5038/5038/5038 5039/5039/5039
f 5153/5153/5153 5039/5039/5039 5040/5040/5040
f 5154/5154/5154 5040/5040/5040 5041/5041/5041
f 5171/5171/5171 5055/5055/5055 5056/5056/5056
f 5176/5176/5176 5060/5060/5060 5061/5061/5061
f 5178/5178/5178 5062/5062/5062 5063/5063/5063
f 5182/5182/5182 5070/5070/5070 5069/5069/5069
f 5183/5183/5183 5071/5071/5071 5070/5070/5070
f 5184/5184/5184 5072/5072/5072 5071/5071/5071
f 5186/5186/5186 5074/5074/5074 5073/5073/5073
f 5189/5189/5189 5077/5077/5077 5076/5076/5076
f 5195/5195/5195 5081/5081/5081 5080/5080/5080
f 5198/5198/5198 5084/5084/5084 5083/5083/5083
f 5199/5199/5199 5085/5085/5085 5084/5084/5084
f 5204/5204/5204 5089/5089/5089 5088/5088/5088
f 5209/5209/5209 5092/5092/5092 5091/5091/5091
f 5210/5210/5210 5093/5093/5093 5092/5092/5092
f 5211/5211/5211 5095/5095/5095 5096/5096/5096
f 5223/5223/5223 5111/5111/5111 5112/5112/5112
f 5235/5235/5235 5124/5124/5124 5125/5125/5125
f 5250/5250/5250 5137/5137/5137 5138/5138/5138
f 5256/5256/5256 5144/5144/5144 5145/5145/5145
f 5257/5257/5257 5145/5145/5145 5146/5146/5146
f 5262/5262/5262 5154/5154/5154 5155/5155/5155
f 5270/5270/5270 5158/5158/5158 5159/5159/5159
f 5273/5273/5273 5161/5161/5161 5162/5162/5162
f 5277/5277/5277 5164/5164/5164 5163/5163/5163
f 5280/5280/5280 5169/5169/5169 5170/5170/5170
f 5282/5282/5282 5171/5171/5171 5172/5172/5172
f 5286/5286/5286 5183/5183/5183 5182/5182/5182
f 5287/5287/5287 5184/5184/5184 5183/5183/5183
f 5288/5288/5288 5185/5185/5185 5184/5184/5184
f 5291/5291/5291 5190/5190/5190 5189/5189/5189
f 5296/5296/5296 5194/5194/5194 5193/5193/5193
f 5298/5298/5298 5196/5196/5196 5195/5195/5195
f 5299/5299/5299 5197/5197/5197 5196/5196/5196
f 5300/5300/5300 5198/5198/5198 5197/5197/5197
f 5307/5307/5307 5203/5203/5203 5202/5202/5202
f 5312/5312/5312 5208/5208/5208 5207/5207/5207
f 5313/5313/5313 5209/5209/5209 5208/5208/5208
f 5329/5329/5329 5223/5223/5223 5224/5224/5224
f 5336/5336/5336 5231/5231/5231 5232/5232/5232
f 5340/5340/5340 5236/5236/5236 5237/5237/5237
f 5358/5358/5358 5251/5251/5251 5252/5252/5252
f 5367/5367/5367 5257/5257/5257 5258/5258/5258
f 5368/5368/5368 5258/5258/5258 5259/5259/5259
f 5377/5377/5377 5263/5263/5263 5264/5264/5264
f 5380/5380/5380 5266/5266/5266 5267/5267/5267
f 5381/5381/5381 5267/5267/5267 5268/5268/5268
f 5386/5386/5386 5287/5287/5287 5286/5286/5286
f 5387/5387/5387 5288/5288/5288 5287/5287/5287
f 5390/5390/5390 5291/5291/5291 5290/5290/5290
f 5391/5391/5391 5292/5292/5292 5291/5291/5291
f 5397/5397/5397 5296/5296/5296 5295/5295/5295
f 5398/5398/5398 5297/5297/5297 5296/5296/5296
f 5400/5400/5400 5302/5302/5302 5301/5301/5301
f 5403/5403/5403 5304/5304/5304 5303/5303/5303
f 5404/5404/5404 5305/5305/5305 5304/5304/5304
f 5425/5425/5425 5329/5329/5329 5330/5330/5330
f 5430/5430/5430 5333/5333/5333 5334/5334/5334
f 5434/5434/5434 5336/5336/5336 5337/5337/5337
f 5440/5440/5440 5340/5340/5340 5341/5341/5341
f 5441/5441/5441 5341/5341/5341 5342/5342/5342
f 5447/5447/5447 5346/5346/5346 5347/5347/5347
f 5454/5454/5454 5353/5353/5353 5354/5354/5354
f 5462/5462/5462 5361/5361/5361 5362/5362/5362
f 5468/5468/5468 5370/5370/5370 5371/5371/5371
f 5469/5469/5469 5371/5371/5371 5372/5372/5372
f 5473/5473/5473 5386/5386/5386 5385/5385/5385
f 5475/5475/5475 5389/5389/5389 5388/5388/5388
f 5476/5476/5476 5390/5390/5390 5389/5389/5389
f 5477/5477/5477 5391/5391/5391 5390/5390/5390
f 5478/5478/5478 5392/5392/5392 5391/5391/5391
f 5482/5482/5482 5396/5396/5396 5395/5395/5395
f 5483/5483/5483 5397/5397/5397 5396/5396/5396
f 5487/5487/5487 5402/5402/5402 5401/5401/5401
f 5488/5488/5488 5403/5403/5403 5402/5402/5402
f 5496/5496/5496 5414/5414/5414 5413/5413/5413
f 5510/5510/5510 5428/5428/5428 5427/5427/5427
f 5519/5519/5519 5435/5435/5435 5436/5436/5436
f 5530/5530/5530 5441/5441/5441 5442/5442/5442
f 5531/5531/5531 5442/5442/5442 5443/5443/5443
f 5532/5532/5532 5443/5443/5443 5444/5444/5444
f 5540/5540/5540 5449/5449/5449 5450/5450/5450
f 5547/5547/5547 5456/5456/5456 5457/5457/5457
f 5549/5549/5549 5458/5458/5458 5459/5459/5459
f 5553/5553/5553 5475/5475/5475 5474/5474/5474
f 5555/5555/5555 5477/5477/5477 5476/5476/5476
f 5556/5556/5556 5478/5478/5478 5477/5477/5477
f 5557/5557/5557 5479/5479/5479 5478/5478/5478
f 5558/5558/5558 5480/5480/5480 5479/5479/5479
f 5561/5561/5561 5483/5483/5483 5482/5482/5482
f 5568/5568/5568 5491/5491/5491 5490/5490/5490
f 5583/5583/5583 5511/5511/5511 5512/5512/5512
f 5591/5591/5591 5520/5520/5520 5521/5521/5521
f 5598/5598/5598 5531/5531/5531 5532/5532/5532
f 5602/5602/5602 5553/5553/5553 5552/5552/5552
f 5606/5606/5606 5557/5557/5557 5556/5556/5556
f 5607/5607/5607 5558/5558/5558 5557/5557/5557
f 5609/5609/5609 5560/5560/5560 5559/5559/5559
f 5613/5613/5613 5565/5565/5565 5564/5564/5564
f 5626/5626/5626 5583/5583/5583 5584/5584/5584
f 5633/5633/5633 5592/5592/5592 5593/5593/5593
f 5635/5635/5635 5594/5594/5594 5595/5595/5595
f 54/54/54 17/17/17 15/15/15
f 53/53/53 16/16/16 18/18/18
f 57/57/57 19/19/19 17/17/17
f 56/56/56 18/18/18 20/20/20
f 60/60/60 21/21/21 19/19/19
f 59/59/59 20/20/20 22/22/22
f 68/68/68 27/27/27 30/30/30
f 80/80/80 37/37/37 47/47/47
f 92/92/92 48/48/48 45/45/45
f 90/90/90 46/46/46 50/50/50
f 96/96/96 51/51/51 49/49/49
f 100/100/100 55/55/55 52/52/52
f 104/104/104 58/58/58 55/55/55
f 103/103/103 56/56/56 59/59/59
f 108/108/108 61/61/61 58/58/58
f 107/107/107 59/59/59 62/62/62
f 122/122/122 68/68/68 72/72/72
f 156/156/156 80/80/80 91/91/91
f 169/169/169 93/93/93 89/89/89
f 167/167/167 90/90/90 95/95/95
f 177/177/177 97/97/97 94/94/94
f 184/184/184 101/101/101 98/98/98
f 191/191/191 106/106/106 102/102/102
f 198/198/198 110/110/110 106/106/106
f 206/206/206 118/118/118 111/111/111
f 213/213/213 130/130/130 120/120/120
f 219/219/219 134/134/134 146/146/146
f 265/265/265 170/170/170 166/166/166
f 273/273/273 182/182/182 175/175/175
f 272/272/272 176/176/176 183/183/183
f 277/277/277 188/188/188 182/182/182
f 276/276/276 183/183/183 190/190/190
f 282/282/282 195/195/195 189/189/189
f 287/287/287 203/203/203 196/196/196
f 302/302/302 218/218/218 225/225/225
f 312/312/312 229/229/229 239/239/239
f 315/315/315 236/236/236 245/245/245
f 360/360/360 269/269/269 262/262/262
f 365/365/365 274/274/274 271/271/271
f 364/364/364 272/272/272 276/276/276
f 369/369/369 279/279/279 275/275/275
f 368/368/368 276/276/276 281/281/281
f 373/373/373 284/284/284 280/280/280
f 372/372/372 281/281/281 286/286/286
f 378/378/378 289/289/289 285/285/285
f 389/389/389 301/301/301 307/307/307
f 395/395/395 310/310/310 319/319/319
f 407/407/407 332/332/332 318/318/318
f 401/401/401 322/322/322 333/333/333
f 436/436/436 348/348/348 340/340/340
f 449/449/449 362/362/362 357/357/357
f 454/454/454 366/366/366 363/363/363
f 458/458/458 370/370/370 367/367/367
f 457/457/457 368/368/368 372/372/372
f 463/463/463 374/374/374 371/371/371
f 467/467/467 379/379/379 375/375/375
f 485/485/485 398/398/398 408/408/408
f 495/495/495 414/414/414 421/421/421
f 539/539/539 437/437/437 427/427/427
f 551/551/551 450/450/450 446/446/446
f 556/556/556 455/455/455 451/451/451
f 559/559/559 458/458/458 455/455/455
f 558/558/558 456/456/456 461/461/461
f 564/564/564 464/464/464 460/460/460
f 563/563/563 462/462/462 465/465/465
f 575/575/575 474/474/474 470/470/470
f 573/573/573 472/472/472 475/475/475
f 577/577/577 476/476/476 478/478/478
f 582/582/582 480/480/480 484/484/484
f 586/586/586 484/484/484 488/488/488
f 592/592/592 489/489/489 501/501/501
f 600/600/600 503/503/503 513/513/513
f 604/604/604 507/507/507 515/515/515
f 617/617/617 520/520/520 512/512/512
f 616/616/616 519/519/519 522/522/522
f 627/627/627 522/522/522 525/525/525
f 665/665/665 552/552/552 549/549/549
f 664/664/664 550/550/550 555/555/555
f 670/670/670 557/557/557 553/553/553
f 674/674/674 560/560/560 557/557/557
f 679/679/679 564/564/564 561/561/561
f 683/683/683 567/567/567 564/564/564
f 682/682/682 566/566/566 569/569/569
f 688/688/688 572/572/572 568/568/568
f 686/686/686 570/570/570 573/573/573
f 693/693/693 577/577/577 580/580/580
f 697/697/697 581/581/581 585/585/585
f 701/701/701 585/585/585 590/590/590
f 709/709/709 596/596/596 589/589/589
f 706/706/706 591/591/591 597/597/597
f 713/713/713 599/599/599 607/607/607
f 718/718/718 618/618/618 606/606/606
f 717/717/717 608/608/608 619/619/619
f 720/720/720 619/619/619 630/630/630
f 722/722/722 627/627/627 638/638/638
f 735/735/735 640/640/640 629/629/629
f 743/743/743 641/641/641 651/651/651
f 756/756/756 653/653/653 646/646/646
f 750/750/750 647/647/647 664/664/664
f 770/770/770 665/665/665 663/663/663
f 768/768/768 664/664/664 669/669/669
f 775/775/775 671/671/671 667/667/667
f 773/773/773 669/669/669 673/673/673
f 779/779/779 675/675/675 671/671/671
f 784/784/784 680/680/680 676/676/676
f 790/790/790 684/684/684 680/680/680
f 795/795/795 688/688/688 684/684/684
f 798/798/798 691/691/691 687/687/687
f 797/797/797 690/690/690 693/693/693
f 800/800/800 695/695/695 691/691/691
f 801/801/801 696/696/696 700/700/700
f 804/804/804 700/700/700 704/704/704
f 809/809/809 705/705/705 710/710/710
f 816/816/816 712/712/712 715/715/715
f 820/820/820 716/716/716 719/719/719
f 828/828/828 724/724/724 718/718/718
f 825/825/825 720/720/720 725/725/725
f 835/835/835 734/734/734 723/723/723
f 830/830/830 725/725/725 736/736/736
f 847/847/847 744/744/744 755/755/755
f 853/853/853 751/751/751 769/769/769
f 877/877/877 771/771/771 767/767/767
f 871/871/871 769/769/769 774/774/774
f 880/880/880 775/775/775 772/772/772
f 879/879/879 774/774/774 778/778/778
f 884/884/884 780/780/780 776/776/776
f 889/889/889 784/784/784 780/780/780
f 892/892/892 788/788/788 793/793/793
f 895/895/895 792/792/792 796/796/796
f 901/901/901 798/798/798 794/794/794
f 903/903/903 800/800/800 798/798/798
f 902/902/902 799/799/799 801/801/801
f 905/905/905 803/803/803 800/800/800
f 904/904/904 801/801/801 804/804/804
f 922/922/922 819/819/819 823/823/823
f 930/930/930 824/824/824 829/829/829
f 956/956/956 842/842/842 831/831/831
f 952/952/952 838/838/838 845/845/845
f 963/963/963 848/848/848 858/858/858
f 977/977/977 864/864/864 876/876/876
f 992/992/992 877/877/877 870/870/870
f 994/994/994 879/879/879 883/883/883
f 1018/1018/1018 889/889/889 884/884/884
f 1024/1024/1024 893/893/893 888/888/888
f 1026/1026/1026 896/896/896 900/900/900
f 1039/1039/1039 902/902/902 904/904/904
f 1044/1044/1044 905/905/905 903/903/903
f 1049/1049/1049 909/909/909 905/905/905
f 1061/1061/1061 917/917/917 921/921/921
f 1077/1077/1077 927/927/927 920/920/920
f 1070/1070/1070 921/921/921 928/928/928
f 1083/1083/1083 932/932/932 923/923/923
f 1090/1090/1090 939/939/939 927/927/927
f 1080/1080/1080 929/929/929 940/940/940
f 1094/1094/1094 943/943/943 931/931/931
f 1092/1092/1092 941/941/941 950/950/950
f 1104/1104/1104 953/953/953 942/942/942
f 1102/1102/1102 951/951/951 960/960/960
f 1111/1111/1111 962/962/962 953/953/953
f 1112/1112/1112 967/967/967 985/985/985
f 1122/1122/1122 978/978/978 991/991/991
f 1137/1137/1137 993/993/993 984/984/984
f 1135/1135/1135 990/990/990 999/999/999
f 1141/1141/1141 999/999/999 1008/1008/1008
f 1148/1148/1148 1007/1007/1007 1016/1016/1016
f 1157/1157/1157 1017/1017/1017 1009/1009/1009
f 1163/1163/1163 1024/1024/1024 1017/1017/1017
f 1158/1158/1158 1020/1020/1020 1026/1026/1026
f 1168/1168/1168 1028/1028/1028 1022/1022/1022
f 1161/1161/1161 1023/1023/1023 1029/1029/1029
f 1168/1168/1168 1028/1028/1028 1035/1035/1035
f 1194/1194/1194 1045/1045/1045 1041/1041/1041
f 1208/1208/1208 1059/1059/1059 1050/1050/1050
f 1210/1210/1210 1062/1062/1062 1054/1054/1054
f 1209/1209/1209 1060/1060/1060 1069/1069/1069
f 1216/1216/1216 1070/1070/1070 1079/1079/1079
f 1228/1228/1228 1082/1082/1082 1071/1071/1071
f 1226/1226/1226 1080/1080/1080 1091/1091/1091
f 1237/1237/1237 1093/1093/1093 1081/1081/1081
f 1234/1234/1234 1091/1091/1091 1100/1100/1100
f 1246/1246/1246 1104/1104/1104 1093/1093/1093
f 1238/1238/1238 1096/1096/1096 1105/1105/1105
f 1243/1243/1243 1101/1101/1101 1108/1108/1108
f 1254/1254/1254 1110/1110/1110 1103/1103/1103
f 1255/1255/1255 1115/1115/1115 1132/1132/1132
f 1274/1274/1274 1135/1135/1135 1141/1141/1141
f 1285/1285/1285 1146/1146/1146 1140/1140/1140
f 1291/1291/1291 1153/1153/1153 1147/1147/1147
f 1288/1288/1288 1149/1149/1149 1156/1156/1156
f 1294/1294/1294 1157/1157/1157 1150/1150/1150
f 1290/1290/1290 1152/1152/1152 1158/1158/1158
f 1297/1297/1297 1159/1159/1159 1153/1153/1153
f 1293/1293/1293 1156/1156/1156 1162/1162/1162
f 1300/1300/1300 1163/1163/1163 1157/1157/1157
f 1296/1296/1296 1158/1158/1158 1166/1166/1166
f 1304/1304/1304 1167/1167/1167 1159/1159/1159
f 1299/1299/1299 1162/1162/1162 1170/1170/1170
f 1302/1302/1302 1165/1165/1165 1172/1172/1172
f 1312/1312/1312 1174/1174/1174 1167/1167/1167
f 1306/1306/1306 1170/1170/1170 1177/1177/1177
f 1315/1315/1315 1179/1179/1179 1171/1171/1171
f 1309/1309/1309 1172/1172/1172 1180/1180/1180
f 1319/1319/1319 1181/1181/1181 1174/1174/1174
f 1313/1313/1313 1176/1176/1176 1183/1183/1183
f 1323/1323/1323 1186/1186/1186 1179/1179/1179
f 1328/1328/1328 1192/1192/1192 1200/1200/1200
f 1331/1331/1331 1196/1196/1196 1202/1202/1202
f 1340/1340/1340 1204/1204/1204 1197/1197/1197
f 1344/1344/1344 1208/1208/1208 1201/1201/1201
f 1347/1347/1347 1210/1210/1210 1204/1204/1204
f 1354/1354/1354 1218/1218/1218 1210/1210/1210
f 1348/1348/1348 1212/1212/1212 1219/1219/1219
f 1352/1352/1352 1215/1215/1215 1224/1224/1224
f 1362/1362/1362 1227/1227/1227 1217/1217/1217
f 1360/1360/1360 1225/1225/1225 1233/1233/1233
f 1372/1372/1372 1237/1237/1237 1227/1227/1227
f 1363/1363/1363 1229/1229/1229 1238/1238/1238
f 1369/1369/1369 1234/1234/1234 1242/1242/1242
f 1379/1379/1379 1242/1242/1242 1251/1251/1251
f 1388/1388/1388 1253/1253/1253 1244/1244/1244
f 1407/1407/1407 1272/1272/1272 1260/1260/1260
f 1396/1396/1396 1261/1261/1261 1275/1275/1275
f 1414/1414/1414 1279/1279/1279 1272/1272/1272
f 1409/1409/1409 1274/1274/1274 1281/1281/1281
f 1419/1419/1419 1282/1282/1282 1276/1276/1276
f 1413/1413/1413 1278/1278/1278 1283/1283/1283
f 1423/1423/1423 1285/1285/1285 1280/1280/1280
f 1422/1422/1422 1284/1284/1284 1290/1290/1290
f 1432/1432/1432 1291/1291/1291 1286/1286/1286
f 1435/1435/1435 1294/1294/1294 1289/1289/1289
f 1431/1431/1431 1290/1290/1290 1296/1296/1296
f 1442/1442/1442 1301/1301/1301 1295/1295/1295
f 1441/1441/1441 1298/1298/1298 1305/1305/1305
f 1450/1450/1450 1307/1307/1307 1301/1301/1301
f 1445/1445/1445 1303/1303/1303 1310/1310/1310
f 1455/1455/1455 1312/1312/1312 1304/1304/1304
f 1449/1449/1449 1306/1306/1306 1314/1314/1314
f 1452/1452/1452 1309/1309/1309 1317/1317/1317
f 1471/1471/1471 1326/1326/1326 1318/1318/1318
f 1466/1466/1466 1321/1321/1321 1328/1328/1328
f 1475/1475/1475 1330/1330/1330 1323/1323/1323
f 1478/1478/1478 1332/1332/1332 1326/1326/1326
f 1483/1483/1483 1336/1336/1336 1330/1330/1330
f 1482/1482/1482 1335/1335/1335 1342/1342/1342
f 1486/1486/1486 1338/1338/1338 1345/1345/1345
f 1501/1501/1501 1351/1351/1351 1344/1344/1344
f 1495/1495/1495 1345/1345/1345 1352/1352/1352
f 1498/1498/1498 1348/1348/1348 1355/1355/1355
f 1508/1508/1508 1358/1358/1358 1350/1350/1350
f 1503/1503/1503 1352/1352/1352 1359/1359/1359
f 1507/1507/1507 1356/1356/1356 1363/1363/1363
f 1510/1510/1510 1359/1359/1359 1367/1367/1367
f 1520/1520/1520 1371/1371/1371 1361/1361/1361
f 1519/1519/1519 1368/1368/1368 1378/1378/1378
f 1529/1529/1529 1379/1379/1379 1386/1386/1386
f 1564/1564/1564 1407/1407/1407 1395/1395/1395
f 1570/1570/1570 1411/1411/1411 1402/1402/1402
f 1561/1561/1561 1403/1403/1403 1412/1412/1412
f 1572/1572/1572 1415/1415/1415 1408/1408/1408
f 1580/1580/1580 1424/1424/1424 1416/1416/1416
f 1583/1583/1583 1428/1428/1428 1419/1419/1419
f 1579/1579/1579 1421/1421/1421 1430/1430/1430
f 1587/1587/1587 1436/1436/1436 1429/1429/1429
f 1586/1586/1586 1431/1431/1431 1438/1438/1438
f 1590/1590/1590 1442/1442/1442 1436/1436/1436
f 1588/1588/1588 1437/1437/1437 1444/1444/1444
f 1593/1593/1593 1445/1445/1445 1453/1453/1453
f 1597/1597/1597 1453/1453/1453 1462/1462/1462
f 1600/1600/1600 1457/1457/1457 1465/1465/1465
f 1604/1604/1604 1462/1462/1462 1470/1470/1470
f 1612/1612/1612 1472/1472/1472 1464/1464/1464
f 1607/1607/1607 1465/1465/1465 1473/1473/1473
f 1615/1615/1615 1475/1475/1475 1467/1467/1467
f 1618/1618/1618 1479/1479/1479 1472/1472/1472
f 1614/1614/1614 1473/1473/1473 1481/1481/1481
f 1621/1621/1621 1483/1483/1483 1475/1475/1475
f 1616/1616/1616 1476/1476/1476 1484/1484/1484
f 1625/1625/1625 1489/1489/1489 1480/1480/1480
f 1620/1620/1620 1481/1481/1481 1490/1490/1490
f 1628/1628/1628 1493/1493/1493 1483/1483/1483
f 1623/1623/1623 1485/1485/1485 1494/1494/1494
f 1627/1627/1627 1491/1491/1491 1498/1498/1498
f 1630/1630/1630 1494/1494/1494 1502/1502/1502
f 1637/1637/1637 1502/1502/1502 1509/1509/1509
f 1642/1642/1642 1506/1506/1506 1513/1513/1513
f 1655/1655/1655 1517/1517/1517 1508/1508/1508
f 1646/1646/1646 1510/1510/1510 1518/1518/1518
f 1652/1652/1652 1514/1514/1514 1522/1522/1522
f 1657/1657/1657 1518/1518/1518 1527/1527/1527
f 1667/1667/1667 1528/1528/1528 1535/1535/1535
f 1671/1671/1671 1532/1532/1532 1540/1540/1540
f 1676/1676/1676 1537/1537/1537 1543/1543/1543
f 1689/1689/1689 1545/1545/1545 1563/1563/1563
f 1711/1711/1711 1565/1565/1565 1552/1552/1552
f 1720/1720/1720 1573/1573/1573 1566/1566/1566
f 1723/1723/1723 1577/1577/1577 1570/1570/1570
f 1727/1727/1727 1583/1583/1583 1577/1577/1577
f 1731/1731/1731 1587/1587/1587 1584/1584/1584
f 1734/1734/1734 1590/1590/1590 1587/1587/1587
f 1733/1733/1733 1588/1588/1588 1592/1592/1592
f 1736/1736/1736 1592/1592/1592 1596/1596/1596
f 1744/1744/1744 1608/1608/1608 1601/1601/1601
f 1743/1743/1743 1603/1603/1603 1610/1610/1610
f 1747/1747/1747 1615/1615/1615 1608/1608/1608
f 1749/1749/1749 1621/1621/1621 1615/1615/1615
f 1748/1748/1748 1616/1616/1616 1622/1622/1622
f 1751/1751/1751 1628/1628/1628 1621/1621/1621
f 1750/1750/1750 1622/1622/1622 1629/1629/1629
f 1753/1753/1753 1630/1630/1630 1637/1637/1637
f 1759/1759/1759 1641/1641/1641 1650/1650/1650
f 1768/1768/1768 1654/1654/1654 1643/1643/1643
f 1762/1762/1762 1645/1645/1645 1656/1656/1656
f 1766/1766/1766 1651/1651/1651 1661/1661/1661
f 1778/1778/1778 1665/1665/1665 1653/1653/1653
f 1770/1770/1770 1657/1657/1657 1666/1666/1666
f 1776/1776/1776 1662/1662/1662 1670/1670/1670
f 1788/1788/1788 1673/1673/1673 1665/1665/1665
f 1791/1791/1791 1679/1679/1679 1669/1669/1669
f 1786/1786/1786 1670/1670/1670 1680/1680/1680
f 1790/1790/1790 1675/1675/1675 1684/1684/1684
f 1831/1831/1831 1716/1716/1716 1707/1707/1707
f 1836/1836/1836 1724/1724/1724 1717/1717/1717
f 1834/1834/1834 1718/1718/1718 1725/1725/1725
f 1840/1840/1840 1728/1728/1728 1724/1724/1724
f 1844/1844/1844 1731/1731/1731 1728/1728/1728
f 1849/1849/1849 1737/1737/1737 1734/1734/1734
f 1848/1848/1848 1735/1735/1735 1739/1739/1739
f 1853/1853/1853 1741/1741/1741 1737/1737/1737
f 1852/1852/1852 1740/1740/1740 1743/1743/1743
f 1860/1860/1860 1746/1746/1746 1748/1748/1748
f 1867/1867/1867 1751/1751/1751 1749/1749/1749
f 1868/1868/1868 1752/1752/1752 1756/1756/1756
f 1872/1872/1872 1757/1757/1757 1762/1762/1762
f 1876/1876/1876 1762/1762/1762 1769/1769/1769
f 1885/1885/1885 1778/1778/1778 1767/1767/1767
f 1881/1881/1881 1770/1770/1770 1779/1779/1779
f 1883/1883/1883 1774/1774/1774 1784/1784/1784
f 1892/1892/1892 1787/1787/1787 1777/1777/1777
f 1887/1887/1887 1780/1780/1780 1789/1789/1789
f 1891/1891/1891 1785/1785/1785 1794/1794/1794
f 1894/1894/1894 1790/1790/1790 1799/1799/1799
f 1945/1945/1945 1832/1832/1832 1826/1826/1826
f 1942/1942/1942 1827/1827/1827 1833/1833/1833
f 1953/1953/1953 1840/1840/1840 1836/1836/1836
f 1952/1952/1952 1837/1837/1837 1841/1841/1841
f 1956/1956/1956 1841/1841/1841 1845/1845/1845
f 1961/1961/1961 1846/1846/1846 1848/1848/1848
f 1970/1970/1970 1853/1853/1853 1849/1849/1849
f 1975/1975/1975 1859/1859/1859 1854/1854/1854
f 1974/1974/1974 1857/1857/1857 1860/1860/1860
f 1977/1977/1977 1860/1860/1860 1863/1863/1863
f 1980/1980/1980 1863/1863/1863 1866/1866/1866
f 1987/1987/1987 1870/1870/1870 1867/1867/1867
f 1989/1989/1989 1872/1872/1872 1876/1876/1876
f 1992/1992/1992 1876/1876/1876 1880/1880/1880
f 2014/2014/2014 1902/1902/1902 1892/1892/1892
f 2017/2017/2017 1905/1905/1905 1913/1913/1913
f 2058/2058/2058 1946/1946/1946 1941/1941/1941
f 2056/2056/2056 1943/1943/1943 1948/1948/1948
f 2067/2067/2067 1950/1950/1950 1946/1946/1946
f 2065/2065/2065 1947/1947/1947 1952/1952/1952
f 2075/2075/2075 1955/1955/1955 1951/1951/1951
f 2089/2089/2089 1960/1960/1960 1964/1964/1964
f 2099/2099/2099 1967/1967/1967 1963/1963/1963
f 2108/2108/2108 1971/1971/1971 1967/1967/1967
f 2107/2107/2107 1968/1968/1968 1972/1972/1972
f 2112/2112/2112 1973/1973/1973 1976/1976/1976
f 2122/2122/2122 1982/1982/1982 1978/1978/1978
f 2124/2124/2124 1984/1984/1984 1986/1986/1986
f 2127/2127/2127 1986/1986/1986 1988/1988/1988
f 2133/2133/2133 1991/1991/1991 1987/1987/1987
f 2131/2131/2131 1989/1989/1989 1992/1992/1992
f 2161/2161/2161 2020/2020/2020 2011/2011/2011
f 2167/2167/2167 2026/2026/2026 2018/2018/2018
f 2192/2192/2192 2053/2053/2053 2031/2031/2031
f 2201/2201/2201 2059/2059/2059 2055/2055/2055
f 2200/2200/2200 2056/2056/2056 2066/2066/2066
f 2207/2207/2207 2065/2065/2065 2074/2074/2074
f 2213/2213/2213 2097/2097/2097 2106/2106/2106
f 2221/2221/2221 2107/2107/2107 2111/2111/2111
f 2228/2228/2228 2111/2111/2111 2115/2115/2115
f 2241/2241/2241 2124/2124/2124 2127/2127/2127
f 2249/2249/2249 2133/2133/2133 2128/2128/2128
f 2247/2247/2247 2130/2130/2130 2134/2134/2134
f 2252/2252/2252 2136/2136/2136 2132/2132/2132
f 2251/2251/2251 2135/2135/2135 2138/2138/2138
f 2254/2254/2254 2139/2139/2139 2143/2143/2143
f 2263/2263/2263 2145/2145/2145 2148/2148/2148
f 2282/2282/2282 2154/2154/2154 2146/2146/2146
f 2289/2289/2289 2160/2160/2160 2150/2150/2150
f 2294/2294/2294 2165/2165/2165 2157/2157/2157
f 2295/2295/2295 2168/2168/2168 2191/2191/2191
f 2319/2319/2319 2193/2193/2193 2172/2172/2172
f 2332/2332/2332 2208/2208/2208 2210/2210/2210
f 2336/2336/2336 2209/2209/2209 2211/2211/2211
f 2338/2338/2338 2211/2211/2211 2212/2212/2212
f 2340/2340/2340 2214/2214/2214 2221/2221/2221
f 2342/2342/2342 2221/2221/2221 2228/2228/2228
f 2360/2360/2360 2236/2236/2236 2240/2240/2240
f 2363/2363/2363 2240/2240/2240 2243/2243/2243
f 2370/2370/2370 2246/2246/2246 2242/2242/2242
f 2366/2366/2366 2244/2244/2244 2247/2247/2247
f 2379/2379/2379 2251/2251/2251 2253/2253/2253
f 2387/2387/2387 2254/2254/2254 2261/2261/2261
f 2400/2400/2400 2265/2265/2265 2255/2255/2255
f 2397/2397/2397 2261/2261/2261 2270/2270/2270
f 2411/2411/2411 2274/2274/2274 2264/2264/2264
f 2401/2401/2401 2267/2267/2267 2277/2277/2277
f 2409/2409/2409 2273/2273/2273 2283/2283/2283
f 2424/2424/2424 2284/2284/2284 2291/2291/2291
f 2438/2438/2438 2293/2293/2293 2285/2285/2285
f 2461/2461/2461 2319/2319/2319 2299/2299/2299
f 2445/2445/2445 2300/2300/2300 2326/2326/2326
f 2454/2454/2454 2312/2312/2312 2331/2331/2331
f 2472/2472/2472 2330/2330/2330 2335/2335/2335
f 2475/2475/2475 2332/2332/2332 2337/2337/2337
f 2491/2491/2491 2339/2339/2339 2340/2340/2340
f 2493/2493/2493 2341/2341/2341 2343/2343/2343
f 2496/2496/2496 2349/2349/2349 2357/2357/2357
f 2505/2505/2505 2358/2358/2358 2360/2360/2360
f 2512/2512/2512 2362/2362/2362 2359/2359/2359
f 2517/2517/2517 2364/2364/2364 2361/2361/2361
f 2518/2518/2518 2365/2365/2365 2371/2371/2371
f 2528/2528/2528 2373/2373/2373 2367/2367/2367
f 2532/2532/2532 2377/2377/2377 2369/2369/2369
f 2526/2526/2526 2372/2372/2372 2378/2378/2378
f 2537/2537/2537 2381/2381/2381 2373/2373/2373
f 2546/2546/2546 2388/2388/2388 2380/2380/2380
f 2556/2556/2556 2399/2399/2399 2388/2388/2388
f 2554/2554/2554 2397/2397/2397 2406/2406/2406
f 2565/2565/2565 2410/2410/2410 2398/2398/2398
f 2557/2557/2557 2402/2402/2402 2415/2415/2415
f 2564/2564/2564 2407/2407/2407 2421/2421/2421
f 2574/2574/2574 2424/2424/2424 2410/2410/2410
f 2573/2573/2573 2423/2423/2423 2435/2435/2435
f 2582/2582/2582 2436/2436/2436 2424/2424/2424
f 2603/2603/2603 2461/2461/2461 2444/2444/2444
f 2589/2589/2589 2446/2446/2446 2469/2469/2469
f 2597/2597/2597 2455/2455/2455 2474/2474/2474
f 2610/2610/2610 2468/2468/2468 2475/2475/2475
f 2614/2614/2614 2473/2473/2473 2480/2480/2480
f 2619/2619/2619 2480/2480/2480 2486/2486/2486
f 2625/2625/2625 2485/2485/2485 2490/2490/2490
f 2637/2637/2637 2492/2492/2492 2494/2494/2494
f 2642/2642/2642 2495/2495/2495 2497/2497/2497
f 2646/2646/2646 2496/2496/2496 2504/2504/2504
f 2657/2657/2657 2505/2505/2505 2508/2508/2508
f 2675/2675/2675 2515/2515/2515 2509/2509/2509
f 2678/2678/2678 2517/2517/2517 2511/2511/2511
f 2681/2681/2681 2520/2520/2520 2514/2514/2514
f 2676/2676/2676 2516/2516/2516 2522/2522/2522
f 2679/2679/2679 2518/2518/2518 2525/2525/2525
f 2689/2689/2689 2527/2527/2527 2519/2519/2519
f 2687/2687/2687 2526/2526/2526 2533/2533/2533
f 2696/2696/2696 2536/2536/2536 2527/2527/2527
f 2699/2699/2699 2542/2542/2542 2532/2532/2532
f 2694/2694/2694 2533/2533/2533 2543/2543/2543
f 2702/2702/2702 2545/2545/2545 2535/2535/2535
f 2701/2701/2701 2544/2544/2544 2553/2553/2553
f 2711/2711/2711 2555/2555/2555 2545/2545/2545
f 2721/2721/2721 2565/2565/2565 2555/2555/2555
f 2726/2726/2726 2570/2570/2570 2560/2560/2560
f 2719/2719/2719 2564/2564/2564 2571/2571/2571
f 2730/2730/2730 2574/2574/2574 2565/2565/2565
f 2722/2722/2722 2567/2567/2567 2576/2576/2576
f 2735/2735/2735 2580/2580/2580 2569/2569/2569
f 2742/2742/2742 2584/2584/2584 2602/2602/2602
f 2767/2767/2767 2610/2610/2610 2616/2616/2616
f 2771/2771/2771 2615/2615/2615 2620/2620/2620
f 2775/2775/2775 2619/2619/2619 2626/2626/2626
f 2777/2777/2777 2621/2621/2621 2627/2627/2627
f 2781/2781/2781 2626/2626/2626 2632/2632/2632
f 2790/2790/2790 2636/2636/2636 2640/2640/2640
f 2797/2797/2797 2643/2643/2643 2638/2638/2638
f 2794/2794/2794 2640/2640/2640 2645/2645/2645
f 2801/2801/2801 2648/2648/2648 2643/2643/2643
f 2800/2800/2800 2646/2646/2646 2656/2656/2656
f 2810/2810/2810 2658/2658/2658 2648/2648/2648
f 2809/2809/2809 2656/2656/2656 2663/2663/2663
f 2817/2817/2817 2666/2666/2666 2658/2658/2658
f 2821/2821/2821 2671/2671/2671 2661/2661/2661
f 2815/2815/2815 2664/2664/2664 2672/2672/2672
f 2824/2824/2824 2673/2673/2673 2665/2665/2665
f 2828/2828/2828 2680/2680/2680 2673/2673/2673
f 2831/2831/2831 2685/2685/2685 2678/2678/2678
f 2840/2840/2840 2695/2695/2695 2688/2688/2688
f 2839/2839/2839 2694/2694/2694 2700/2700/2700
f 2852/2852/2852 2707/2707/2707 2699/2699/2699
f 2846/2846/2846 2701/2701/2701 2708/2708/2708
f 2861/2861/2861 2716/2716/2716 2705/2705/2705
f 2855/2855/2855 2709/2709/2709 2718/2718/2718
f 2873/2873/2873 2725/2725/2725 2714/2714/2714
f 2876/2876/2876 2729/2729/2729 2720/2720/2720
f 2879/2879/2879 2734/2734/2734 2724/2724/2724
f 2881/2881/2881 2737/2737/2737 2729/2729/2729
f 2877/2877/2877 2731/2731/2731 2739/2739/2739
f 2884/2884/2884 2741/2741/2741 2733/2733/2733
f 2890/2890/2890 2747/2747/2747 2768/2768/2768
f 2912/2912/2912 2769/2769/2769 2753/2753/2753
f 2897/2897/2897 2754/2754/2754 2771/2771/2771
f 2910/2910/2910 2767/2767/2767 2772/2772/2772
f 2917/2917/2917 2773/2773/2773 2769/2769/2769
f 2929/2929/2929 2783/2783/2783 2779/2779/2779
f 2928/2928/2928 2782/2782/2782 2787/2787/2787
f 2933/2933/2933 2787/2787/2787 2792/2792/2792
f 2938/2938/2938 2791/2791/2791 2795/2795/2795
f 2944/2944/2944 2795/2795/2795 2799/2799/2799
f 2952/2952/2952 2801/2801/2801 2797/2797/2797
f 2963/2963/2963 2810/2810/2810 2801/2801/2801
f 2968/2968/2968 2813/2813/2813 2804/2804/2804
f 2965/2965/2965 2811/2811/2811 2818/2818/2818
f 2976/2976/2976 2821/2821/2821 2812/2812/2812
f 2969/2969/2969 2814/2814/2814 2822/2822/2822
f 2974/2974/2974 2819/2819/2819 2825/2825/2825
f 2984/2984/2984 2826/2826/2826 2820/2820/2820
f 2978/2978/2978 2823/2823/2823 2827/2827/2827
f 2983/2983/2983 2825/2825/2825 2829/2829/2829
f 2991/2991/2991 2831/2831/2831 2826/2826/2826
f 2985/2985/2985 2827/2827/2827 2832/2832/2832
f 2994/2994/2994 2835/2835/2835 2828/2828/2828
f 2996/2996/2996 2838/2838/2838 2830/2830/2830
f 2995/2995/2995 2836/2836/2836 2842/2842/2842
f 3005/3005/3005 2847/2847/2847 2840/2840/2840
f 3001/3001/3001 2843/2843/2843 2848/2848/2848
f 3011/3011/3011 2852/2852/2852 2844/2844/2844
f 3014/3014/3014 2857/2857/2857 2847/2847/2847
f 3008/3008/3008 2849/2849/2849 2858/2858/2858
f 3020/3020/3020 2862/2862/2862 2851/2851/2851
f 3013/3013/3013 2854/2854/2854 2863/2863/2863
f 3031/3031/3031 2873/2873/2873 2859/2859/2859
f 3024/3024/3024 2866/2866/2866 2875/2875/2875
f 3037/3037/3037 2878/2878/2878 2871/2871/2871
f 3039/3039/3039 2881/2881/2881 2876/2876/2876
f 3036/3036/3036 2877/2877/2877 2882/2882/2882
f 3048/3048/3048 2890/2890/2890 2911/2911/2911
f 3073/3073/3073 2912/2912/2912 2896/2896/2896
f 3071/3071/3071 2910/2910/2910 2916/2916/2916
f 3082/3082/3082 2918/2918/2918 2913/2913/2913
f 3089/3089/3089 2924/2924/2924 2918/2918/2918
f 3094/3094/3094 2930/2930/2930 2925/2925/2925
f 3093/3093/3093 2928/2928/2928 2933/2933/2933
f 3099/3099/3099 2936/2936/2936 2942/2942/2942
f 3107/3107/3107 2947/2947/2947 2941/2941/2941
f 3104/3104/3104 2943/2943/2943 2949/2949/2949
f 3106/3106/3106 2946/2946/2946 2951/2951/2951
f 3111/3111/3111 2953/2953/2953 2948/2948/2948
f 3110/3110/3110 2951/2951/2951 2962/2962/2962
f 3121/3121/3121 2967/2967/2967 2956/2956/2956
f 3126/3126/3126 2975/2975/2975 2966/2966/2966
f 3122/3122/3122 2969/2969/2969 2977/2977/2977
f 3124/3124/3124 2972/2972/2972 2981/2981/2981
f 3133/3133/3133 2984/2984/2984 2975/2975/2975
f 3128/3128/3128 2978/2978/2978 2985/2985/2985
f 3131/3131/3131 2982/2982/2982 2988/2988/2988
f 3142/3142/3142 2991/2991/2991 2984/2984/2984
f 3140/3140/3140 2989/2989/2989 2995/2995/2995
f 3150/3150/3150 2996/2996/2996 2990/2990/2990
f 3144/3144/3144 2993/2993/2993 2997/2997/2997
f 3149/3149/3149 2995/2995/2995 3000/3000/3000
f 3158/3158/3158 3002/3002/3002 2996/2996/2996
f 3156/3156/3156 3000/3000/3000 3006/3006/3006
f 3167/3167/3167 3011/3011/3011 3002/3002/3002
f 3164/3164/3164 3007/3007/3007 3015/3015/3015
f 3176/3176/3176 3019/3019/3019 3009/3009/3009
f 3181/3181/3181 3026/3026/3026 3014/3014/3014
f 3183/3183/3183 3027/3027/3027 3036/3036/3036
f 3195/3195/3195 3037/3037/3037 3029/3029/3029
f 3200/3200/3200 3042/3042/3042 3037/3037/3037
f 3201/3201/3201 3043/3043/3043 3063/3063/3063
f 3234/3234/3234 3074/3074/3074 3055/3055/3055
f 3240/3240/3240 3087/3087/3087 3093/3093/3093
f 3241/3241/3241 3093/3093/3093 3097/3097/3097
f 3243/3243/3243 3101/3101/3101 3106/3106/3106
f 3244/3244/3244 3106/3106/3106 3110/3110/3110
f 3250/3250/3250 3110/3110/3110 3119/3119/3119
f 3259/3259/3259 3121/3121/3121 3113/3113/3113
f 3262/3262/3262 3126/3126/3126 3120/3120/3120
f 3260/3260/3260 3122/3122/3122 3127/3127/3127
f 3264/3264/3264 3132/3132/3132 3125/3125/3125
f 3263/3263/3263 3127/3127/3127 3134/3134/3134
f 3267/3267/3267 3141/3141/3141 3132/3132/3132
f 3266/3266/3266 3135/3135/3135 3143/3143/3143
f 3269/3269/3269 3144/3144/3144 3151/3151/3151
f 3272/3272/3272 3148/3148/3148 3155/3155/3155
f 3283/3283/3283 3158/3158/3158 3150/3150/3150
f 3281/3281/3281 3156/3156/3156 3163/3163/3163
f 3292/3292/3292 3166/3166/3166 3157/3157/3157
f 3290/3290/3290 3163/3163/3163 3172/3172/3172
f 3323/3323/3323 3187/3187/3187 3175/3175/3175
f 3317/3317/3317 3182/3182/3182 3192/3192/3192
f 3334/3334/3334 3195/3195/3195 3184/3184/3184
f 3332/3332/3332 3193/3193/3193 3198/3198/3198
f 3336/3336/3336 3199/3199/3199 3194/3194/3194
f 3337/3337/3337 3201/3201/3201 3223/3223/3223
f 3368/3368/3368 3232/3232/3232 3239/3239/3239
f 3385/3385/3385 3240/3240/3240 3241/3241/3241
f 3407/3407/3407 3252/3252/3252 3245/3245/3245
f 3410/3410/3410 3259/3259/3259 3251/3251/3251
f 3413/3413/3413 3262/3262/3262 3258/3258/3258
f 3411/3411/3411 3260/3260/3260 3263/3263/3263
f 3415/3415/3415 3264/3264/3264 3261/3261/3261
f 3414/3414/3414 3263/3263/3263 3265/3265/3265
f 3417/3417/3417 3266/3266/3266 3268/3268/3268
f 3422/3422/3422 3274/3274/3274 3267/3267/3267
f 3426/3426/3426 3282/3282/3282 3273/3273/3273
f 3433/3433/3433 3292/3292/3292 3282/3282/3282
f 3430/3430/3430 3288/3288/3288 3300/3300/3300
f 3444/3444/3444 3307/3307/3307 3291/3291/3291
f 3447/3447/3447 3314/3314/3314 3299/3299/3299
f 3452/3452/3452 3321/3321/3321 3304/3304/3304
f 3448/3448/3448 3315/3315/3315 3329/3329/3329
f 3461/3461/3461 3333/3333/3333 3319/3319/3319
f 3462/3462/3462 3337/3337/3337 3358/3358/3358
f 3465/3465/3465 3341/3341/3341 3369/3369/3369
f 3487/3487/3487 3368/3368/3368 3379/3379/3379
f 3498/3498/3498 3380/3380/3380 3370/3370/3370
f 3492/3492/3492 3374/3374/3374 3384/3384/3384
f 3496/3496/3496 3378/3378/3378 3385/3385/3385
f 3500/3500/3500 3383/3383/3383 3388/3388/3388
f 3516/3516/3516 3389/3389/3389 3390/3390/3390
f 3532/3532/3532 3391/3391/3391 3397/3397/3397
f 3543/3543/3543 3399/3399/3399 3392/3392/3392
f 3546/3546/3546 3406/3406/3406 3398/3398/3398
f 3549/3549/3549 3409/3409/3409 3405/3405/3405
f 3552/3552/3552 3413/3413/3413 3409/3409/3409
f 3554/3554/3554 3415/3415/3415 3412/3412/3412
f 3553/3553/3553 3414/3414/3414 3416/3416/3416
f 3558/3558/3558 3418/3418/3418 3415/3415/3415
f 3556/3556/3556 3417/3417/3417 3419/3419/3419
f 3564/3564/3564 3422/3422/3422 3418/3418/3418
f 3569/3569/3569 3426/3426/3426 3421/3421/3421
f 3573/3573/3573 3432/3432/3432 3425/3425/3425
f 3579/3579/3579 3443/3443/3443 3431/3431/3431
f 3581/3581/3581 3446/3446/3446 3453/3453/3453
f 3598/3598/3598 3465/3465/3465 3488/3488/3488
f 3622/3622/3622 3497/3497/3497 3506/3506/3506
f 3629/3629/3629 3515/3515/3515 3524/3524/3524
f 3635/3635/3635 3525/3525/3525 3532/3532/3532
f 3640/3640/3640 3534/3534/3534 3526/3526/3526
f 3638/3638/3638 3532/3532/3532 3540/3540/3540
f 3642/3642/3642 3541/3541/3541 3533/3533/3533
f 3641/3641/3641 3540/3540/3540 3544/3544/3544
f 3645/3645/3645 3545/3545/3545 3541/3541/3541
f 3643/3643/3643 3544/3544/3544 3547/3547/3547
f 3648/3648/3648 3549/3549/3549 3545/3545/3545
f 3652/3652/3652 3551/3551/3551 3548/3548/3548
f 3660/3660/3660 3558/3558/3558 3554/3554/3554
f 3665/3665/3665 3563/3563/3563 3557/3557/3557
f 3669/3669/3669 3568/3568/3568 3562/3562/3562
f 3668/3668/3668 3567/3567/3567 3571/3571/3571
f 3673/3673/3673 3573/3573/3573 3568/3568/3568
f 3679/3679/3679 3579/3579/3579 3572/3572/3572
f 3676/3676/3676 3576/3576/3576 3580/3580/3580
f 3695/3695/3695 3595/3595/3595 3583/3583/3583
f 3688/3688/3688 3588/3588/3588 3596/3596/3596
f 3732/3732/3732 3629/3629/3629 3634/3634/3634
f 3742/3742/3742 3639/3639/3639 3636/3636/3636
f 3740/3740/3740 3638/3638/3638 3641/3641/3641
f 3743/3743/3743 3641/3641/3641 3643/3643/3643
f 3748/3748/3748 3645/3645/3645 3642/3642/3642
f 3752/3752/3752 3647/3647/3647 3644/3644/3644
f 3756/3756/3756 3652/3652/3652 3647/3647/3647
f 3758/3758/3758 3655/3655/3655 3651/3651/3651
f 3762/3762/3762 3659/3659/3659 3655/3655/3655
f 3766/3766/3766 3665/3665/3665 3659/3659/3659
f 3771/3771/3771 3669/3669/3669 3664/3664/3664
f 3769/3769/3769 3668/3668/3668 3670/3670/3670
f 3777/3777/3777 3673/3673/3673 3669/3669/3669
f 3774/3774/3774 3671/3671/3671 3675/3675/3675
f 3784/3784/3784 3679/3679/3679 3672/3672/3672
f 3780/3780/3780 3676/3676/3676 3680/3680/3680
f 3793/3793/3793 3684/3684/3684 3677/3677/3677
f 3786/3786/3786 3681/3681/3681 3686/3686/3686
f 3801/3801/3801 3694/3694/3694 3682/3682/3682
f 3795/3795/3795 3687/3687/3687 3696/3696/3696
f 3805/3805/3805 3699/3699/3699 3690/3690/3690
f 3838/3838/3838 3729/3729/3729 3733/3733/3733
f 3847/3847/3847 3741/3741/3741 3738/3738/3738
f 3846/3846/3846 3740/3740/3740 3743/3743/3743
f 3849/3849/3849 3744/3744/3744 3741/3741/3741
f 3848/3848/3848 3743/3743/3743 3746/3746/3746
f 3852/3852/3852 3747/3747/3747 3744/3744/3744
f 3856/3856/3856 3752/3752/3752 3747/3747/3747
f 3860/3860/3860 3755/3755/3755 3751/3751/3751
f 3857/3857/3857 3754/3754/3754 3757/3757/3757
f 3870/3870/3870 3762/3762/3762 3758/3758/3758
f 3875/3875/3875 3765/3765/3765 3761/3761/3761
f 3883/3883/3883 3771/3771/3771 3765/3765/3765
f 3877/3877/3877 3768/3768/3768 3772/3772/3772
f 3891/3891/3891 3776/3776/3776 3770/3770/3770
f 3885/3885/3885 3773/3773/3773 3778/3778/3778
f 3904/3904/3904 3783/3783/3783 3775/3775/3775
f 3894/3894/3894 3780/3780/3780 3785/3785/3785
f 3915/3915/3915 3792/3792/3792 3781/3781/3781
f 3907/3907/3907 3786/3786/3786 3794/3794/3794
f 3921/3921/3921 3797/3797/3797 3787/3787/3787
f 3918/3918/3918 3795/3795/3795 3802/3802/3802
f 3925/3925/3925 3804/3804/3804 3796/3796/3796
f 3936/3936/3936 3818/3818/3818 3830/3830/3830
f 3962/3962/3962 3838/3838/3838 3841/3841/3841
f 3975/3975/3975 3844/3844/3844 3846/3846/3846
f 3986/3986/3986 3847/3847/3847 3845/3845/3845
f 3992/3992/3992 3849/3849/3849 3847/3847/3847
f 3998/3998/3998 3852/3852/3852 3849/3849/3849
f 3999/3999/3999 3854/3854/3854 3857/3857/3857
f 4009/4009/4009 3860/3860/3860 3855/3855/3855
f 4015/4015/4015 3863/3863/3863 3859/3859/3859
f 4012/4012/4012 3862/3862/3862 3866/3866/3866
f 4022/4022/4022 3869/3869/3869 3863/3863/3863
f 4017/4017/4017 3866/3866/3866 3871/3871/3871
f 4026/4026/4026 3872/3872/3872 3867/3867/3867
f 4030/4030/4030 3875/3875/3875 3869/3869/3869
f 4024/4024/4024 3871/3871/3871 3876/3876/3876
f 4034/4034/4034 3879/3879/3879 3872/3872/3872
f 4032/4032/4032 3877/3877/3877 3884/3884/3884
f 4044/4044/4044 3886/3886/3886 3878/3878/3878
f 4035/4035/4035 3881/3881/3881 3889/3889/3889
f 4049/4049/4049 3891/3891/3891 3882/3882/3882
f 4042/4042/4042 3885/3885/3885 3892/3892/3892
f 4054/4054/4054 3896/3896/3896 3886/3886/3886
f 4052/4052/4052 3893/3893/3893 3905/3905/3905
f 4062/4062/4062 3906/3906/3906 3916/3916/3916
f 4068/4068/4068 3920/3920/3920 3909/3909/3909
f 4066/4066/4066 3917/3917/3917 3922/3922/3922
f 4072/4072/4072 3924/3924/3924 3919/3919/3919
f 4082/4082/4082 3938/3938/3938 3951/3951/3951
f 4093/4093/4093 3952/3952/3952 3943/3943/3943
f 4091/4091/4091 3950/3950/3950 3959/3959/3959
f 4094/4094/4094 3953/3953/3953 3962/3962/3962
f 4098/4098/4098 3958/3958/3958 3965/3965/3965
f 4108/4108/4108 3965/3965/3965 3971/3971/3971
f 4119/4119/4119 3972/3972/3972 3966/3966/3966
f 4124/4124/4124 3976/3976/3976 3969/3969/3969
f 4122/4122/4122 3975/3975/3975 3981/3981/3981
f 4132/4132/4132 3983/3983/3983 3976/3976/3976
f 4134/4134/4134 3986/3986/3986 3980/3980/3980
f 4130/4130/4130 3982/3982/3982 3988/3988/3988
f 4133/4133/4133 3985/3985/3985 3991/3991/3991
f 4142/4142/4142 3992/3992/3992 3986/3986/3986
f 4150/4150/4150 3998/3998/3998 3992/3992/3992
f 4153/4153/4153 4000/4000/4000 3995/3995/3995
f 4147/4147/4147 3996/3996/3996 4001/4001/4001
f 4156/4156/4156 4002/4002/4002 3997/3997/3997
f 4158/4158/4158 4004/4004/4004 4011/4011/4011
f 4168/4168/4168 4013/4013/4013 4006/4006/4006
f 4171/4171/4171 4015/4015/4015 4008/4008/4008
f 4166/4166/4166 4011/4011/4011 4016/4016/4016
f 4174/4174/4174 4019/4019/4019 4013/4013/4013
f 4172/4172/4172 4016/4016/4016 4023/4023/4023
f 4181/4181/4181 4025/4025/4025 4018/4018/4018
f 4180/4180/4180 4024/4024/4024 4031/4031/4031
f 4190/4190/4190 4033/4033/4033 4025/4025/4025
f 4195/4195/4195 4039/4039/4039 4030/4030/4030
f 4188/4188/4188 4031/4031/4031 4040/4040/4040
f 4199/4199/4199 4044/4044/4044 4033/4033/4033
f 4204/4204/4204 4049/4049/4049 4038/4038/4038
f 4197/4197/4197 4041/4041/4041 4050/4050/4050
f 4209/4209/4209 4053/4053/4053 4043/4043/4043
f 4213/4213/4213 4060/4060/4060 4048/4048/4048
f 4207/4207/4207 4052/4052/4052 4061/4061/4061
f 4217/4217/4217 4063/4063/4063 4053/4053/4053
f 4215/4215/4215 4062/4062/4062 4065/4065/4065
f 4218/4218/4218 4065/4065/4065 4069/4069/4069
f 4226/4226/4226 4073/4073/4073 4088/4088/4088
f 4242/4242/4242 4089/4089/4089 4081/4081/4081
f 4241/4241/4241 4088/4088/4088 4095/4095/4095
f 4248/4248/4248 4096/4096/4096 4090/4090/4090
f 4244/4244/4244 4092/4092/4092 4100/4100/4100
f 4251/4251/4251 4101/4101/4101 4093/4093/4093
f 4249/4249/4249 4099/4099/4099 4109/4109/4109
f 4255/4255/4255 4109/4109/4109 4118/4118/4118
f 4261/4261/4261 4117/4117/4117 4125/4125/4125
f 4270/4270/4270 4127/4127/4127 4120/4120/4120
f 4265/4265/4265 4121/4121/4121 4128/4128/4128
f 4273/4273/4273 4131/4131/4131 4123/4123/4123
f 4268/4268/4268 4125/4125/4125 4133/4133/4133
f 4272/4272/4272 4129/4129/4129 4135/4135/4135
f 4282/4282/4282 4142/4142/4142 4134/4134/4134
f 4277/4277/4277 4135/4135/4135 4143/4143/4143
f 4286/4286/4286 4146/4146/4146 4138/4138/4138
f 4280/4280/4280 4140/4140/4140 4148/4148/4148
f 4288/4288/4288 4149/4149/4149 4141/4141/4141
f 4284/4284/4284 4144/4144/4144 4151/4151/4151
f 4291/4291/4291 4152/4152/4152 4145/4145/4145
f 4296/4296/4296 4159/4159/4159 4152/4152/4152
f 4292/4292/4292 4155/4155/4155 4162/4162/4162
f 4301/4301/4301 4167/4167/4167 4159/4159/4159
f 4306/4306/4306 4173/4173/4173 4167/4167/4167
f 4305/4305/4305 4172/4172/4172 4179/4179/4179
f 4312/4312/4312 4181/4181/4181 4173/4173/4173
f 4308/4308/4308 4177/4177/4177 4183/4183/4183
f 4317/4317/4317 4186/4186/4186 4178/4178/4178
f 4310/4310/4310 4179/4179/4179 4187/4187/4187
f 4321/4321/4321 4190/4190/4190 4181/4181/4181
f 4326/4326/4326 4194/4194/4194 4185/4185/4185
f 4330/4330/4330 4198/4198/4198 4189/4189/4189
f 4334/4334/4334 4203/4203/4203 4193/4193/4193
f 4339/4339/4339 4209/4209/4209 4198/4198/4198
f 4341/4341/4341 4212/4212/4212 4202/4202/4202
f 4345/4345/4345 4216/4216/4216 4208/4208/4208
f 4348/4348/4348 4220/4220/4220 4216/4216/4216
f 4350/4350/4350 4224/4224/4224 4220/4220/4220
f 4370/4370/4370 4242/4242/4242 4234/4234/4234
f 4362/4362/4362 4235/4235/4235 4244/4244/4244
f 4369/4369/4369 4241/4241/4241 4247/4247/4247
f 4379/4379/4379 4248/4248/4248 4243/4243/4243
f 4383/4383/4383 4251/4251/4251 4245/4245/4245
f 4381/4381/4381 4249/4249/4249 4255/4255/4255
f 4390/4390/4390 4256/4256/4256 4251/4251/4251
f 4393/4393/4393 4259/4259/4259 4254/4254/4254
f 4392/4392/4392 4258/4258/4258 4265/4265/4265
f 4396/4396/4396 4262/4262/4262 4269/4269/4269
f 4406/4406/4406 4270/4270/4270 4264/4264/4264
f 4399/4399/4399 4265/4265/4265 4271/4271/4271
f 4403/4403/4403 4268/4268/4268 4274/4274/4274
f 4414/4414/4414 4276/4276/4276 4270/4270/4270
f 4408/4408/4408 4272/4272/4272 4277/4277/4277
f 4416/4416/4416 4278/4278/4278 4273/4273/4273
f 4412/4412/4412 4274/4274/4274 4280/4280/4280
f 4420/4420/4420 4281/4281/4281 4275/4275/4275
f 4415/4415/4415 4277/4277/4277 4283/4283/4283
f 4424/4424/4424 4286/4286/4286 4279/4279/4279
f 4419/4419/4419 4280/4280/4280 4287/4287/4287
f 4422/4422/4422 4284/4284/4284 4290/4290/4290
f 4426/4426/4426 4287/4287/4287 4292/4292/4292
f 4444/4444/4444 4299/4299/4299 4293/4293/4293
f 4438/4438/4438 4295/4295/4295 4300/4300/4300
f 4446/4446/4446 4301/4301/4301 4296/4296/4296
f 4442/4442/4442 4297/4297/4297 4302/4302/4302
f 4451/4451/4451 4304/4304/4304 4299/4299/4299
f 4449/4449/4449 4302/4302/4302 4307/4307/4307
f 4458/4458/4458 4308/4308/4308 4313/4313/4313
f 4469/4469/4469 4317/4317/4317 4309/4309/4309
f 4473/4473/4473 4321/4321/4321 4312/4312/4312
f 4466/4466/4466 4313/4313/4313 4322/4322/4322
f 4477/4477/4477 4325/4325/4325 4315/4315/4315
f 4475/4475/4475 4323/4323/4323 4331/4331/4331
f 4485/4485/4485 4333/4333/4333 4324/4324/4324
f 4489/4489/4489 4338/4338/4338 4329/4329/4329
f 4492/4492/4492 4341/4341/4341 4333/4333/4333
f 4496/4496/4496 4345/4345/4345 4338/4338/4338
f 4499/4499/4499 4351/4351/4351 4368/4368/4368
f 4519/4519/4519 4371/4371/4371 4361/4361/4361
f 4529/4529/4529 4379/4379/4379 4371/4371/4371
f 4536/4536/4536 4387/4387/4387 4380/4380/4380
f 4542/4542/4542 4392/4392/4392 4399/4399/4399
f 4548/4548/4548 4399/4399/4399 4407/4407/4407
f 4557/4557/4557 4409/4409/4409 4400/4400/4400
f 4561/4561/4561 4413/4413/4413 4405/4405/4405
f 4556/4556/4556 4408/4408/4408 4415/4415/4415
f 4563/4563/4563 4417/4417/4417 4410/4410/4410
f 4566/4566/4566 4420/4420/4420 4413/4413/4413
f 4572/4572/4572 4428/4428/4428 4420/4420/4420
f 4570/4570/4570 4426/4426/4426 4434/4434/4434
f 4578/4578/4578 4435/4435/4435 4427/4427/4427
f 4573/4573/4573 4429/4429/4429 4437/4437/4437
f 4581/4581/4581 4438/4438/4438 4445/4445/4445
f 4588/4588/4588 4450/4450/4450 4443/4443/4443
f 4595/4595/4595 4460/4460/4460 4450/4450/4450
f 4593/4593/4593 4457/4457/4457 4465/4465/4465
f 4605/4605/4605 4468/4468/4468 4459/4459/4459
f 4602/4602/4602 4466/4466/4466 4474/4474/4474
f 4615/4615/4615 4475/4475/4475 4483/4483/4483
f 4627/4627/4627 4485/4485/4485 4476/4476/4476
f 4650/4650/4650 4502/4502/4502 4498/4498/4498
f 4668/4668/4668 4520/4520/4520 4510/4510/4510
f 4676/4676/4676 4530/4530/4530 4520/4520/4520
f 4682/4682/4682 4540/4540/4540 4534/4534/4534
f 4681/4681/4681 4535/4535/4535 4542/4542/4542
f 4683/4683/4683 4542/4542/4542 4548/4548/4548
f 4689/4689/4689 4560/4560/4560 4553/4553/4553
f 4688/4688/4688 4556/4556/4556 4562/4562/4562
f 4697/4697/4697 4571/4571/4571 4565/4565/4565
f 4695/4695/4695 4568/4568/4568 4574/4574/4574
f 4701/4701/4701 4578/4578/4578 4571/4571/4571
f 4698/4698/4698 4573/4573/4573 4580/4580/4580
f 4705/4705/4705 4584/4584/4584 4578/4578/4578
f 4703/4703/4703 4581/4581/4581 4586/4586/4586
f 4706/4706/4706 4586/4586/4586 4589/4589/4589
f 4711/4711/4711 4594/4594/4594 4587/4587/4587
f 4720/4720/4720 4605/4605/4605 4594/4594/4594
f 4715/4715/4715 4600/4600/4600 4612/4612/4612
f 4716/4716/4716 4601/4601/4601 4613/4613/4613
f 4730/4730/4730 4617/4617/4617 4603/4603/4603
f 4727/4727/4727 4614/4614/4614 4624/4624/4624
f 4767/4767/4767 4656/4656/4656 4646/4646/4646
f 4789/4789/4789 4683/4683/4683 4685/4685/4685
f 4798/4798/4798 4689/4689/4689 4686/4686/4686
f 4802/4802/4802 4693/4693/4693 4689/4689/4689
f 4804/4804/4804 4696/4696/4696 4692/4692/4692
f 4803/4803/4803 4695/4695/4695 4699/4699/4699
f 4805/4805/4805 4699/4699/4699 4703/4703/4703
f 4808/4808/4808 4704/4704/4704 4700/4700/4700
f 4807/4807/4807 4703/4703/4703 4706/4706/4706
f 4811/4811/4811 4707/4707/4707 4704/4704/4704
f 4818/4818/4818 4714/4714/4714 4721/4721/4721
f 4826/4826/4826 4729/4729/4729 4717/4717/4717
f 4820/4820/4820 4718/4718/4718 4730/4730/4730
f 4835/4835/4835 4738/4738/4738 4747/4747/4747
f 4867/4867/4867 4767/4767/4767 4763/4763/4763
f 4875/4875/4875 4777/4777/4777 4783/4783/4783
f 4884/4884/4884 4784/4784/4784 4782/4782/4782
f 4882/4882/4882 4783/4783/4783 4786/4786/4786
f 4888/4888/4888 4789/4789/4789 4792/4792/4792
f 4899/4899/4899 4798/4798/4798 4794/4794/4794
f 4903/4903/4903 4801/4801/4801 4797/4797/4797
f 4901/4901/4901 4800/4800/4800 4803/4803/4803
f 4910/4910/4910 4806/4806/4806 4804/4804/4804
f 4917/4917/4917 4811/4811/4811 4808/4808/4808
f 4935/4935/4935 4828/4828/4828 4821/4821/4821
f 4941/4941/4941 4837/4837/4837 4825/4825/4825
f 4948/4948/4948 4845/4845/4845 4836/4836/4836
f 4950/4950/4950 4847/4847/4847 4850/4850/4850
f 4955/4955/4955 4854/4854/4854 4866/4866/4866
f 4967/4967/4967 4868/4868/4868 4862/4862/4862
f 4964/4964/4964 4864/4864/4864 4876/4876/4876
f 4973/4973/4973 4876/4876/4876 4883/4883/4883
f 4980/4980/4980 4882/4882/4882 4885/4885/4885
f 4989/4989/4989 4886/4886/4886 4884/4884/4884
f 4986/4986/4986 4885/4885/4885 4888/4888/4888
f 4992/4992/4992 4889/4889/4889 4886/4886/4886
f 4990/4990/4990 4888/4888/4888 4891/4891/4891
f 4995/4995/4995 4893/4893/4893 4889/4889/4889
f 5000/5000/5000 4897/4897/4897 4892/4892/4892
f 5011/5011/5011 4906/4906/4906 4903/4903/4903
f 5015/5015/5015 4909/4909/4909 4905/4905/4905
f 5030/5030/5030 4921/4921/4921 4917/4917/4917
f 5036/5036/5036 4925/4925/4925 4920/4920/4920
f 5031/5031/5031 4923/4923/4923 4927/4927/4927
f 5048/5048/5048 4940/4940/4940 4931/4931/4931
f 5046/5046/5046 4938/4938/4938 4942/4942/4942
f 5050/5050/5050 4943/4943/4943 4949/4949/4949
f 5060/5060/5060 4952/4952/4952 4944/4944/4944
f 5065/5065/5065 4954/4954/4954 4951/4951/4951
f 5066/5066/5066 4955/4955/4955 4966/4966/4966
f 5080/5080/5080 4967/4967/4967 4963/4963/4963
f 5090/5090/5090 4981/4981/4981 4987/4987/4987
f 5094/5094/5094 4986/4986/4986 4990/4990/4990
f 5104/5104/5104 4991/4991/4991 4988/4988/4988
f 5109/5109/5109 4994/4994/4994 4991/4991/4991
f 5115/5115/5115 5000/5000/5000 4994/4994/4994
f 5119/5119/5119 5004/5004/5004 4999/4999/4999
f 5129/5129/5129 5017/5017/5017 5021/5021/5021
f 5136/5136/5136 5023/5023/5023 5018/5018/5018
f 5133/5133/5133 5021/5021/5021 5026/5026/5026
f 5142/5142/5142 5028/5028/5028 5022/5022/5022
f 5150/5150/5150 5034/5034/5034 5027/5027/5027
f 5157/5157/5157 5042/5042/5042 5032/5032/5032
f 5165/5165/5165 5050/5050/5050 5057/5057/5057
f 5175/5175/5175 5059/5059/5059 5051/5051/5051
f 5179/5179/5179 5063/5063/5063 5055/5055/5055
f 5180/5180/5180 5068/5068/5068 5079/5079/5079
f 5187/5187/5187 5075/5075/5075 5086/5086/5086
f 5216/5216/5216 5098/5098/5098 5093/5093/5093
f 5212/5212/5212 5096/5096/5096 5101/5101/5101
f 5220/5220/5220 5103/5103/5103 5097/5097/5097
f 5222/5222/5222 5107/5107/5107 5102/5102/5102
f 5230/5230/5230 5118/5118/5118 5113/5113/5113
f 5228/5228/5228 5117/5117/5117 5120/5120/5120
f 5239/5239/5239 5126/5126/5126 5121/5121/5121
f 5240/5240/5240 5129/5129/5129 5133/5133/5133
f 5255/5255/5255 5141/5141/5141 5134/5134/5134
f 5261/5261/5261 5148/5148/5148 5139/5139/5139
f 5269/5269/5269 5156/5156/5156 5147/5147/5147
f 5276/5276/5276 5163/5163/5163 5156/5156/5156
f 5279/5279/5279 5167/5167/5167 5160/5160/5160
f 5284/5284/5284 5181/5181/5181 5192/5192/5192
f 5289/5289/5289 5188/5188/5188 5201/5201/5201
f 5301/5301/5301 5200/5200/5200 5205/5205/5205
f 5311/5311/5311 5207/5207/5207 5214/5214/5214
f 5320/5320/5320 5217/5217/5217 5221/5221/5221
f 5328/5328/5328 5222/5222/5222 5219/5219/5219
f 5326/5326/5326 5221/5221/5221 5223/5223/5223
f 5332/5332/5332 5226/5226/5226 5222/5222/5222
f 5335/5335/5335 5229/5229/5229 5225/5225/5225
f 5344/5344/5344 5238/5238/5238 5233/5233/5233
f 5350/5350/5350 5243/5243/5243 5238/5238/5238
f 5345/5345/5345 5241/5241/5241 5246/5246/5246
f 5357/5357/5357 5247/5247/5247 5242/5242/5242
f 5366/5366/5366 5253/5253/5253 5247/5247/5247
f 5383/5383/5383 5269/5269/5269 5260/5260/5260
f 5384/5384/5384 5285/5285/5285 5294/5294/5294
f 5388/5388/5388 5289/5289/5289 5302/5302/5302
f 5399/5399/5399 5301/5301/5301 5308/5308/5308
f 5405/5405/5405 5306/5306/5306 5310/5310/5310
f 5411/5411/5411 5311/5311/5311 5307/5307/5307
f 5407/5407/5407 5308/5308/5308 5314/5314/5314
f 5418/5418/5418 5321/5321/5321 5315/5315/5315
f 5415/5415/5415 5316/5316/5316 5322/5322/5322
f 5421/5421/5421 5326/5326/5326 5329/5329/5329
f 5429/5429/5429 5331/5331/5331 5327/5327/5327
f 5426/5426/5426 5330/5330/5330 5333/5333/5333
f 5439/5439/5439 5339/5339/5339 5335/5335/5335
f 5446/5446/5446 5343/5343/5343 5338/5338/5338
f 5453/5453/5453 5349/5349/5349 5343/5343/5343
f 5461/5461/5461 5356/5356/5356 5348/5348/5348
f 5467/5467/5467 5364/5364/5364 5355/5355/5355
f 5471/5471/5471 5373/5373/5373 5363/5363/5363
f 5472/5472/5472 5385/5385/5385 5394/5394/5394
f 5474/5474/5474 5388/5388/5388 5400/5400/5400
f 5489/5489/5489 5407/5407/5407 5412/5412/5412
f 5500/5500/5500 5418/5418/5418 5414/5414/5414
f 5501/5501/5501 5421/5421/5421 5425/5425/5425
f 5529/5529/5529 5438/5438/5438 5432/5432/5432
f 5539/5539/5539 5445/5445/5445 5437/5437/5437
f 5546/5546/5546 5452/5452/5452 5445/5445/5445
f 5551/5551/5551 5460/5460/5460 5451/5451/5451
f 5566/5566/5566 5489/5489/5489 5493/5493/5493
f 5588/5588/5588 5514/5514/5514 5507/5507/5507
f 5584/5584/5584 5512/5512/5512 5518/5518/5518
f 5597/5597/5597 5525/5525/5525 5513/5513/5513
f 5600/5600/5600 5533/5533/5533 5522/5522/5522
f 5614/5614/5614 5566/5566/5566 5569/5569/5569
f 5616/5616/5616 5569/5569/5569 5572/5572/5572
f 5618/5618/5618 5572/5572/5572 5575/5575/5575
f 5625/5625/5625 5581/5581/5581 5576/5576/5576
f 5629/5629/5629 5586/5586/5586 5580/5580/5580
f 5627/5627/5627 5584/5584/5584 5589/5589/5589
f 5636/5636/5636 5595/5595/5595 5585/5585/5585
