# Tunnel_Bend - generated by tools/gen_cave_kit.py, do not edit
o Tunnel_Bend
v 4.000000 0.091496 -1.919489
v 4.000000 0.004875 -1.753613
v 4.000000 -0.070247 -1.501229
v 4.000000 -0.098120 -1.250172
v 4.000000 -0.099329 -0.999992
v 4.000000 -0.095274 -0.749996
v 4.000000 -0.091209 -0.499999
v 4.000000 -0.088530 -0.250000
v 4.000000 -0.087622 0.000000
v 4.000000 -0.088530 0.250000
v 4.000000 -0.091209 0.499999
v 4.000000 -0.095274 0.749996
v 4.000000 -0.099329 0.999992
v 4.000000 -0.098120 1.250172
v 4.000000 -0.070247 1.501229
v 4.000000 0.004875 1.753613
v 4.000000 0.091496 1.919489
v 4.000000 0.317166 -2.172955
v 4.000000 0.188267 -2.049113
v 4.000000 0.188267 2.049113
v 4.000000 0.317166 2.172955
v 4.000000 0.495465 -2.285959
v 4.000000 0.495465 2.285959
v 4.000000 0.798838 -2.404002
v 4.000000 0.673667 -2.362310
v 4.000000 0.673667 2.362310
v 4.000000 0.798838 2.404002
v 4.000000 0.999721 -2.451932
v 4.000000 0.999721 2.451932
v 4.000000 1.250109 -2.485965
v 4.000000 1.250109 2.485965
v 4.000000 1.500094 -2.504788
v 4.000000 1.500094 2.504788
v 4.000000 1.750012 -2.510227
v 4.000000 1.750012 2.510227
v 4.000000 1.999939 -2.493611
v 4.000000 1.999939 2.493611
v 4.000000 2.250026 -2.465475
v 4.000000 2.250026 2.465475
v 4.000000 2.500420 -2.427619
v 4.000000 2.500420 2.427619
v 4.000000 2.672789 -2.391326
v 4.000000 2.798610 -2.355959
v 4.000000 2.798610 2.355959
v 4.000000 2.672789 2.391326
v 4.000000 3.004631 -2.272954
v 4.000000 3.004631 2.272954
v 4.000000 3.178755 -2.166593
v 4.000000 3.305588 -2.060221
v 4.000000 3.305588 2.060221
v 4.000000 3.178755 2.166593
v 4.000000 3.426110 -1.932618
v 4.000000 3.552670 -1.764420
v 4.000000 3.552670 1.764420
v 4.000000 3.426110 1.932618
v 4.000000 3.632185 -1.636576
v 4.000000 3.705728 -1.501431
v 4.000000 3.822594 -1.250912
v 4.000000 3.874385 -1.123178
v 4.000000 3.874385 1.123178
v 4.000000 3.822594 1.250912
v 4.000000 3.705728 1.501431
v 4.000000 3.632185 1.636576
v 4.000000 3.919972 -0.998798
v 4.000000 3.995949 -0.750429
v 4.000000 4.050949 -0.500309
v 4.000000 4.083815 -0.250176
v 4.000000 4.094719 0.000000
v 4.000000 4.083815 0.250176
v 4.000000 4.050949 0.500309
v 4.000000 3.995949 0.750429
v 4.000000 3.919972 0.998798
v 3.750000 0.091496 -1.919489
v 3.750000 0.004875 -1.753613
v 3.750000 -0.070247 -1.501229
v 3.750000 -0.098120 -1.250172
v 3.750000 -0.099329 -0.999992
v 3.750000 -0.095274 -0.749996
v 3.750000 -0.091209 -0.499999
v 3.750000 -0.088530 -0.250000
v 3.750000 -0.087622 0.000000
v 3.750000 -0.088530 0.250000
v 3.750000 -0.091209 0.499999
v 3.750000 -0.095274 0.749996
v 3.750000 -0.099329 0.999992
v 3.750000 -0.098120 1.250172
v 3.750000 -0.070247 1.501229
v 3.750000 0.004875 1.753613
v 3.750000 0.091496 1.919489
v 3.750000 0.317166 -2.172955
v 3.750000 0.188267 -2.049113
v 3.750000 0.188267 2.049113
v 3.750000 0.317166 2.172955
v 3.750000 0.495465 -2.285959
v 3.750000 0.495465 2.285959
v 3.750000 0.798838 -2.404002
v 3.750000 0.673667 -2.362310
v 3.750000 0.673667 2.362310
v 3.750000 0.798838 2.404002
v 3.750000 0.999721 -2.451932
v 3.750000 0.999721 2.451932
v 3.750000 1.250109 -2.485965
v 3.750000 1.250109 2.485965
v 3.750000 1.500094 -2.504788
v 3.750000 1.500094 2.504788
v 3.750000 1.750012 -2.510227
v 3.750000 1.750012 2.510227
v 3.750000 1.999939 -2.493611
v 3.750000 1.999939 2.493611
v 3.750000 2.250026 -2.465475
v 3.750000 2.250026 2.465475
v 3.750000 2.500420 -2.427619
v 3.750000 2.500420 2.427619
v 3.750000 2.672789 -2.391326
v 3.750000 2.798610 -2.355959
v 3.750000 2.798610 2.355959
v 3.750000 2.672789 2.391326
v 3.750000 3.004631 -2.272954
v 3.750000 3.004631 2.272954
v 3.750000 3.178755 -2.166593
v 3.750000 3.305588 -2.060221
v 3.750000 3.305588 2.060221
v 3.750000 3.178755 2.166593
v 3.750000 3.426110 -1.932618
v 3.750000 3.552670 -1.764420
v 3.750000 3.552670 1.764420
v 3.750000 3.426110 1.932618
v 3.750000 3.632185 -1.636576
v 3.750000 3.705728 -1.501431
v 3.750000 3.822594 -1.250912
v 3.750000 3.874385 -1.123178
v 3.750000 3.874385 1.123178
v 3.750000 3.822594 1.250912
v 3.750000 3.705728 1.501431
v 3.750000 3.632185 1.636576
v 3.750000 3.919972 -0.998798
v 3.750000 3.995949 -0.750429
v 3.750000 4.050949 -0.500309
v 3.750000 4.083815 -0.250176
v 3.750000 4.094719 0.000000
v 3.750000 4.083815 0.250176
v 3.750000 4.050949 0.500309
v 3.750000 3.995949 0.750429
v 3.750000 3.919972 0.998798
v 3.500000 0.091500 -1.919496
v 3.500000 0.004873 -1.753608
v 3.500000 -0.070247 -1.501227
v 3.500000 -0.098120 -1.250171
v 3.500000 -0.099329 -0.999992
v 3.500000 -0.095274 -0.749996
v 3.500000 -0.091209 -0.499999
v 3.500000 -0.088530 -0.250000
v 3.500000 -0.087622 0.000000
v 3.500000 -0.088530 0.250000
v 3.500000 -0.091209 0.499999
v 3.500000 -0.095274 0.749996
v 3.500000 -0.099329 0.999977
v 3.499999 -0.098115 1.250274
v 3.499999 -0.070223 1.501356
v 3.500001 0.004147 1.751878
v 3.499997 0.095471 1.925700
v 3.500000 0.317164 -2.172954
v 3.500000 0.188257 -2.049101
v 3.499992 0.187609 2.048358
v 3.499974 0.317008 2.172828
v 3.500000 0.495510 -2.285981
v 3.507723 0.513868 2.294790
v 3.412678 0.597460 2.377456
v 3.500000 0.798686 -2.403957
v 3.500000 0.673533 -2.362260
v 3.596205 0.660878 2.357504
v 3.507723 0.758294 2.391545
v 3.500000 0.999726 -2.451933
v 3.499787 1.010898 2.453981
v 3.500000 1.250103 -2.485964
v 3.499748 1.256546 2.486581
v 3.500000 1.500086 -2.504788
v 3.459570 1.492567 2.517944
v 3.378608 1.564539 2.626720
v 3.500000 1.750018 -2.510227
v 3.508293 1.748564 2.510268
v 3.380000 1.749961 2.627460
v 3.500000 1.999958 -2.493610
v 3.456106 1.980884 2.511568
v 3.376882 1.894068 2.625944
v 3.500000 2.250045 -2.465472
v 3.499753 2.241576 2.466560
v 3.500000 2.500439 -2.427615
v 3.499784 2.489593 2.429551
v 3.500000 2.672662 -2.391357
v 3.500000 2.798485 -2.355999
v 3.589950 2.819687 2.349070
v 3.503970 2.730798 2.376154
v 3.500000 3.004648 -2.272945
v 3.503970 2.985234 2.282467
v 3.404602 2.913301 2.379934
v 3.500000 3.178742 -2.166602
v 3.500000 3.305593 -2.060217
v 3.499924 3.307802 2.058118
v 3.499905 3.184496 2.162354
v 3.500000 3.426111 -1.932617
v 3.500000 3.552696 -1.764381
v 3.499970 3.548313 1.770900
v 3.499948 3.420426 1.939280
v 3.500000 3.632209 -1.636535
v 3.500000 3.705707 -1.501473
v 3.500000 3.822583 -1.250939
v 3.500000 3.874404 -1.123128
v 3.616136 3.874208 1.123638
v 3.519681 3.831809 1.229061
v 3.499991 3.709278 1.494486
v 3.499978 3.625710 1.647685
v 3.500000 3.919992 -0.998739
v 3.500000 3.995950 -0.750426
v 3.500000 4.050951 -0.500298
v 3.500000 4.083816 -0.250164
v 3.500000 4.094719 0.000000
v 3.500000 4.083816 0.250160
v 3.500000 4.050954 0.500284
v 3.500000 3.995957 0.750400
v 3.519681 3.911118 1.024028
v 3.449035 3.872036 1.132680
v 3.250005 0.091318 -1.919540
v 3.250005 0.004753 -1.753623
v 3.250014 -0.070471 -1.501232
v 3.250018 -0.098513 -1.250172
v 3.250002 -0.099639 -0.999992
v 3.250000 -0.095383 -0.749997
v 3.250000 -0.091372 -0.500000
v 3.250000 -0.088885 -0.250000
v 3.249999 -0.087962 -0.000000
v 3.250002 -0.088766 0.249995
v 3.250005 -0.091302 0.499958
v 3.249992 -0.088105 0.749998
v 3.249920 -0.085444 0.999987
v 3.249641 -0.079490 1.250014
v 3.249936 -0.063132 1.500424
v 3.252149 -0.022963 1.751964
v 3.260917 0.051712 2.006298
v 3.177300 0.080734 2.192439
v 3.250045 0.316664 -2.173677
v 3.250025 0.187846 -2.049211
v 3.339896 0.148438 2.087893
v 3.277182 0.214551 2.273472
v 3.197786 0.285801 2.514579
v 3.141181 0.346240 2.652921
v 3.250181 0.495378 -2.287879
v 3.355549 0.419666 2.347046
v 3.306690 0.499076 2.493379
v 3.192590 0.480596 2.722712
v 3.250079 0.795019 -2.404935
v 3.250077 0.669950 -2.363418
v 3.340291 0.748811 2.560176
v 3.232293 0.724114 2.789459
v 3.152285 0.795321 2.925611
v 3.250007 0.999716 -2.452390
v 3.360282 0.999711 2.596778
v 3.287549 0.998057 2.758168
v 3.180455 0.993223 2.966262
v 3.250012 1.250071 -2.484618
v 3.370935 1.249938 2.616663
v 3.307385 1.249344 2.755640
v 3.199462 1.247015 2.989117
v 3.250027 1.500059 -2.502364
v 3.374451 1.397767 2.623800
v 3.327169 1.488443 2.730763
v 3.207378 1.498439 3.000367
v 3.249974 1.750022 -2.506598
v 3.318811 1.750052 2.758983
v 3.211453 1.749395 3.007219
v 3.250015 1.999960 -2.490195
v 3.372014 2.060852 2.618868
v 3.325100 1.986843 2.729777
v 3.208151 2.001552 3.005713
v 3.249994 2.250039 -2.463467
v 3.365468 2.250076 2.606593
v 3.300774 2.250782 2.755531
v 3.199451 2.252633 2.997085
v 3.249980 2.500391 -2.426322
v 3.354846 2.500252 2.585306
v 3.283410 2.501365 2.757307
v 3.186301 2.504468 2.983681
v 3.249979 2.671637 -2.390384
v 3.249983 2.797393 -2.355567
v 3.340562 2.750761 2.554451
v 3.259457 2.752938 2.760317
v 3.164291 2.757832 2.959704
v 3.250078 3.004472 -2.273352
v 3.365878 3.087640 2.354743
v 3.323963 3.003857 2.491405
v 3.207861 3.020372 2.788234
v 3.145264 2.940838 2.917045
v 3.250034 3.178847 -2.166855
v 3.250003 3.305529 -2.059858
v 3.369541 3.364904 2.114104
v 3.342556 3.271530 2.265154
v 3.254746 3.259824 2.510910
v 3.161712 3.270733 2.702778
v 3.249998 3.425692 -1.932301
v 3.249990 3.552435 -1.763523
v 3.350794 3.597751 1.827888
v 3.324153 3.512393 2.021142
v 3.225125 3.528647 2.263397
v 3.163425 3.445531 2.517839
v 3.125292 3.375619 2.625653
v 3.250000 3.631337 -1.635634
v 3.249948 3.703784 -1.501310
v 3.249950 3.820859 -1.251070
v 3.249992 3.874039 -1.121096
v 3.328089 3.844621 1.300786
v 3.253774 3.826554 1.524683
v 3.268875 3.727975 1.750156
v 3.196530 3.701776 2.008091
v 3.147554 3.658342 2.178339
v 3.249978 3.920020 -0.996687
v 3.249999 3.996054 -0.750471
v 3.250027 4.052552 -0.500263
v 3.250043 4.086987 -0.250105
v 3.250059 4.099016 -0.000002
v 3.249972 4.087899 0.249948
v 3.249704 4.054541 0.498654
v 3.248741 4.015309 0.748980
v 3.249308 3.966018 0.999557
v 3.246833 3.912320 1.230621
v 3.166002 3.905179 1.455776
v 2.993045 0.049493 -1.952005
v 2.996507 -0.028393 -1.759476
v 2.999238 -0.083711 -1.502072
v 2.999953 -0.101092 -1.250089
v 3.000001 -0.099331 -0.999993
v 2.999998 -0.094815 -0.750007
v 2.999998 -0.091547 -0.500003
v 3.000001 -0.090030 -0.250000
v 3.000004 -0.089504 0.000001
v 3.000006 -0.088448 0.249994
v 2.999997 -0.082220 0.499999
v 2.999972 -0.075717 0.749987
v 3.000003 -0.063233 1.000002
v 2.999979 -0.053978 1.249979
v 2.999992 -0.041364 1.499997
v 3.000228 -0.028371 1.750393
v 3.001175 0.003952 2.001764
v 2.991091 0.079688 2.264438
v 2.897033 0.120753 2.383720
v 2.981552 0.257004 -2.233478
v 2.988114 0.133266 -2.089788
v 3.067099 0.130104 2.355138
v 2.992684 0.181742 2.485908
v 3.001090 0.324236 2.680811
v 2.918385 0.571993 -2.429912
v 2.981034 0.456814 -2.392838
v 3.024217 0.488508 2.825841
v 2.953666 0.571280 2.917839
v 2.977610 0.714459 -2.513794
v 3.099013 0.655355 -2.361132
v 3.115394 0.635410 2.871423
v 3.023260 0.727841 2.962128
v 2.967575 0.988431 -2.578941
v 2.981194 1.017991 3.072882
v 2.881853 1.115276 3.128088
v 2.966722 1.243771 -2.609690
v 3.025693 1.249574 3.093140
v 2.901982 1.249291 3.136062
v 2.966407 1.496255 -2.629353
v 3.054366 1.499721 3.106015
v 2.931714 1.499055 3.142731
v 2.967371 1.753237 -2.634115
v 3.076372 1.749793 3.113609
v 2.956332 1.748572 3.153420
v 2.969675 2.006194 -2.621576
v 3.076150 2.000192 3.110342
v 2.957624 2.000933 3.154277
v 2.969992 2.258614 -2.598992
v 3.054253 2.250382 3.100327
v 2.934073 2.251591 3.147968
v 2.970129 2.515541 -2.559820
v 2.991647 2.523429 3.091491
v 2.904176 2.456201 3.137365
v 2.973931 2.767296 -2.498782
v 3.086341 2.818740 -2.349456
v 3.002965 2.751532 3.045070
v 2.910412 2.926894 -2.423462
v 2.978553 3.039640 -2.390228
v 3.105090 3.102894 2.866463
v 3.016284 3.014303 2.955050
v 2.983142 3.247609 -2.239494
v 2.987419 3.368950 -2.114349
v 3.017936 3.260515 2.809080
v 2.939982 3.173391 2.913152
v 2.990822 3.478075 -1.981625
v 2.994242 3.598889 -1.799141
v 3.078230 3.607848 2.340501
v 2.998760 3.544790 2.492700
v 3.003838 3.414901 2.669717
v 2.996001 3.669119 -1.666995
v 2.996075 3.739144 -1.511422
v 2.996506 3.841230 -1.258175
v 2.997213 3.890765 -1.125395
v 3.120677 3.873556 1.619973
v 3.023273 3.860791 1.773364
v 3.000884 3.786460 2.001525
v 2.997841 3.681060 2.256205
v 2.909894 3.634511 2.394708
v 2.997578 3.933492 -0.999460
v 2.998904 4.004816 -0.752947
v 2.999759 4.062446 -0.501482
v 3.000086 4.098545 -0.250531
v 3.000132 4.111284 -0.000001
v 3.000068 4.106209 0.250040
v 3.000247 4.094779 0.500192
v 2.999905 4.072144 0.749920
v 3.000252 4.045059 1.000244
v 3.000053 4.002100 1.250060
v 3.023634 3.936855 1.523605
v 2.953973 3.901029 1.703391
v 2.748941 0.086672 -1.929833
v 2.748848 0.000686 -1.753291
v 2.749565 -0.069049 -1.501143
v 2.749883 -0.095872 -1.250182
v 2.749995 -0.098380 -0.999993
v 2.750000 -0.095509 -0.749994
v 2.750000 -0.092512 -0.499994
v 2.749997 -0.090503 -0.249997
v 2.749994 -0.088837 0.000006
v 2.749997 -0.081866 0.250000
v 2.749985 -0.073908 0.500019
v 2.750007 -0.057812 0.750000
v 2.749996 -0.046942 0.999995
v 2.749990 -0.035953 1.249984
v 2.749985 -0.021929 1.499992
v 2.750007 -0.004257 1.749994
v 2.750559 0.004666 2.000817
v 2.750988 0.059082 2.251769
v 2.752315 0.101596 2.407042
v 2.747788 0.311027 -2.182856
v 2.747235 0.181915 -2.059064
v 2.751822 0.162186 2.531553
v 2.729980 0.305620 2.759912
v 2.631567 0.371028 2.878716
v 2.830169 0.586691 -2.398727
v 2.745161 0.498411 -2.314359
v 2.797839 0.410336 2.844890
v 2.732496 0.489184 2.940757
v 2.746716 0.756790 -2.426963
v 2.663348 0.679178 -2.360051
v 2.745014 0.759058 3.084240
v 2.652087 0.854755 3.134270
v 2.749278 0.999770 -2.483510
v 2.819213 0.947280 3.116026
v 2.746918 1.015419 3.152273
v 2.750840 1.250128 -2.509827
v 2.758334 1.248947 3.162509
v 2.750903 1.500147 -2.529193
v 2.761230 1.496680 3.166500
v 2.750583 1.750049 -2.544044
v 2.768992 1.744817 3.172651
v 2.749893 2.000012 -2.545499
v 2.772047 2.002252 3.174119
v 2.749930 2.250026 -2.523536
v 2.768377 2.253714 3.171070
v 2.749244 2.500408 -2.481608
v 2.873702 2.621569 3.124698
v 2.785818 2.527396 3.160833
v 2.740750 2.750819 -2.422609
v 2.653358 2.833419 -2.367095
v 2.835958 2.750798 3.114319
v 2.717733 2.755061 3.152884
v 2.819507 2.916814 -2.399086
v 2.738280 3.005185 -2.332270
v 2.745734 2.996610 3.075839
v 2.657772 2.908648 3.132971
v 2.746910 3.205556 -2.197153
v 2.748315 3.328011 -2.076641
v 2.752586 3.350837 2.855686
v 2.753452 3.225095 2.955947
v 2.748135 3.439152 -1.952219
v 2.748079 3.566752 -1.781524
v 2.751005 3.585641 2.563736
v 2.752955 3.469057 2.732612
v 2.749446 3.642282 -1.652793
v 2.749495 3.711298 -1.501610
v 2.750341 3.805765 -1.249028
v 2.750347 3.862561 -1.094880
v 2.866736 3.873216 1.870070
v 2.770040 3.843589 1.999507
v 2.750614 3.752745 2.252181
v 2.749339 3.657818 2.433590
v 2.750273 3.905696 -0.970127
v 2.750099 3.978529 -0.749724
v 2.749647 4.051048 -0.501042
v 2.749558 4.095886 -0.251028
v 2.749888 4.112424 -0.000116
v 2.751281 4.124450 0.239229
v 2.813362 4.120873 0.500162
v 2.798403 4.112997 0.750106
v 2.739797 4.106517 1.005250
v 2.750540 4.068397 1.250740
v 2.750436 4.015529 1.500824
v 2.770517 3.925335 1.770523
v 2.699618 3.886338 1.914256
v 2.668700 4.129537 0.315403
v 2.688199 4.133581 0.500044
v 2.673711 4.138289 0.750364
v 2.648920 4.130279 0.924666
v 2.558687 0.107972 -1.896366
v 2.483876 0.051647 -1.775771
v 2.499369 -0.050103 -1.501747
v 2.499862 -0.087780 -1.250346
v 2.499999 -0.097424 -1.000000
v 2.499998 -0.095102 -0.749990
v 2.500000 -0.090828 -0.500000
v 2.499989 -0.088545 -0.249989
v 2.499998 -0.080977 0.000001
v 2.499992 -0.073555 0.250000
v 2.499992 -0.057909 0.500019
v 2.499984 -0.043697 0.749996
v 2.500001 -0.023165 1.000047
v 2.500020 -0.018935 1.249918
v 2.500005 -0.002726 1.499993
v 2.500002 0.016448 1.750005
v 2.500030 0.027057 2.000056
v 2.500299 0.057181 2.250778
v 2.501299 0.094912 2.431330
v 2.585159 0.352758 -2.142715
v 2.485254 0.231823 -2.011849
v 2.392349 0.128579 -1.868774
v 2.502375 0.137399 2.559056
v 2.501135 0.255680 2.753467
v 2.499720 0.359212 2.891294
v 2.500156 0.490003 -2.195976
v 2.418723 0.402343 -2.107747
v 2.503405 0.491302 3.008204
v 2.600203 0.846901 -2.385744
v 2.509498 0.757509 -2.322701
v 2.501227 0.683046 3.110108
v 2.503051 0.805490 3.147184
v 2.563714 0.999824 -2.400681
v 2.438479 0.999701 -2.353991
v 2.505772 0.994612 3.168011
v 2.531762 1.250227 -2.409117
v 2.405630 1.250087 -2.362374
v 2.506289 1.248108 3.173100
v 2.485339 1.497026 -2.411810
v 2.389038 1.410492 -2.368141
v 2.511817 1.490304 3.178379
v 2.501183 1.750525 -2.451700
v 2.520255 1.738079 3.185225
v 2.499149 2.000017 -2.472434
v 2.521108 2.006714 3.186996
v 2.499851 2.250094 -2.445363
v 2.516678 2.255107 3.184022
v 2.510443 2.479323 -2.398518
v 2.433588 2.549231 -2.351465
v 2.517917 2.508775 3.181156
v 2.599602 2.665927 -2.385743
v 2.508860 2.750090 -2.327453
v 2.517942 2.762397 3.173883
v 2.485180 3.018969 -2.214909
v 2.399495 3.106487 -2.114406
v 2.561356 3.075438 3.108400
v 2.494122 3.003695 3.154750
v 2.565165 3.160199 -2.155815
v 2.475968 3.266567 -2.013358
v 2.388349 3.369270 -1.869243
v 2.610444 3.371267 2.871814
v 2.504911 3.262465 3.011188
v 2.394915 3.135229 3.129963
v 2.554509 3.403367 -1.908123
v 2.498063 3.512142 -1.755062
v 2.445480 3.609414 -1.601380
v 2.500068 3.613183 2.606484
v 2.516592 3.477810 2.776570
v 2.444123 3.393257 2.895379
v 2.612464 3.628002 -1.629680
v 2.517082 3.675186 -1.511795
v 2.499999 3.788928 -1.250090
v 2.499988 3.855827 -1.068687
v 2.544950 3.861297 2.083910
v 2.477005 3.817171 2.226990
v 2.499925 3.686747 2.480363
v 2.500013 3.895905 -0.943572
v 2.500236 3.953643 -0.749069
v 2.498874 4.023258 -0.502169
v 2.500903 4.050985 -0.249260
v 2.499709 4.099933 -0.000411
v 2.499835 4.125940 0.155605
v 2.605458 4.123932 1.091613
v 2.513134 4.110703 1.263730
v 2.500056 4.065370 1.500200
v 2.500401 3.997794 1.751356
v 2.476719 3.906557 1.999361
v 2.377974 3.875688 2.126635
v 2.499968 4.138062 0.280796
v 2.499996 4.150328 0.499996
v 2.499943 4.153431 0.749880
v 2.513208 4.144236 1.004896
v 2.438737 4.139521 1.190636
v 2.248315 0.065172 -1.719427
v 2.248965 -0.025838 -1.502735
v 2.249731 -0.077616 -1.250677
v 2.249943 -0.096085 -1.000082
v 2.250000 -0.094215 -0.749995
v 2.250002 -0.089753 -0.499979
v 2.249997 -0.080100 -0.249997
v 2.250003 -0.069630 -0.000006
v 2.250038 -0.059724 0.250008
v 2.250014 -0.038404 0.500026
v 2.249998 -0.020626 0.750002
v 2.250005 0.002785 1.000052
v 2.250000 0.017275 1.250030
v 2.250004 0.026065 1.500004
v 2.250022 0.036803 1.749997
v 2.250013 0.046700 1.999999
v 2.250028 0.068485 2.250090
v 2.250628 0.097712 2.438225
v 2.247329 0.268922 -1.965465
v 2.248799 0.146802 -1.843203
v 2.251454 0.132286 2.565831
v 2.251561 0.225096 2.756225
v 2.248939 0.337918 2.912888
v 2.250565 0.568506 -2.155260
v 2.249651 0.441201 -2.083102
v 2.228678 0.517449 3.063509
v 2.129556 0.624513 3.125172
v 2.249106 0.748751 -2.236054
v 2.296066 0.640752 3.118799
v 2.230334 0.726776 3.153949
v 2.248936 0.999601 -2.292130
v 2.259081 0.992863 3.175945
v 2.250748 1.250076 -2.306838
v 2.263555 1.246741 3.180393
v 2.351398 1.577161 -2.381176
v 2.261540 1.496659 -2.337135
v 2.257245 1.488842 3.185209
v 2.260354 1.771935 -2.393454
v 2.184093 1.703364 -2.357435
v 2.248892 1.736447 3.191096
v 2.227384 1.992534 -2.411296
v 2.131489 2.071722 -2.380567
v 2.257828 2.000835 3.193780
v 2.312995 2.250242 -2.392836
v 2.188225 2.250074 -2.354461
v 2.272938 2.253087 3.191953
v 2.367475 2.383003 -2.378069
v 2.269538 2.480698 -2.313802
v 2.273872 2.508218 3.190713
v 2.234245 2.763053 -2.198017
v 2.141605 2.854225 -2.116761
v 2.272512 2.764382 3.187542
v 2.305581 2.941064 -2.163959
v 2.232674 3.015729 -2.088709
v 2.268430 3.028113 3.176634
v 2.249556 3.221053 -1.956225
v 2.250739 3.342425 -1.846149
v 2.253386 3.300113 3.060837
v 2.256568 3.176522 3.155960
v 2.250321 3.457649 -1.722655
v 2.249828 3.584581 -1.569335
v 2.373139 3.624174 2.623832
v 2.271989 3.547429 2.737573
v 2.250771 3.420017 2.924035
v 2.249127 3.672771 -1.446758
v 2.249097 3.781483 -1.254811
v 2.249662 3.861308 -1.058285
v 2.250440 3.844981 2.301710
v 2.273826 3.716906 2.524198
v 2.204697 3.648933 2.653327
v 2.249798 3.897303 -0.931683
v 2.249240 3.936074 -0.752724
v 2.252479 3.949777 -0.497017
v 2.251056 4.011478 -0.247826
v 2.245136 4.092940 0.021807
v 2.325030 4.121794 0.142598
v 2.362797 4.122066 1.356308
v 2.267446 4.107638 1.523098
v 2.249630 4.053386 1.749319
v 2.250261 3.968274 2.000533
v 2.251639 3.901867 2.179305
v 2.158472 4.123884 0.119464
v 2.245026 4.145117 0.235308
v 2.249998 4.177028 0.499999
v 2.249901 4.175292 0.749361
v 2.250003 4.181293 1.000058
v 2.267336 4.148502 1.262597
v 2.195155 4.133918 1.454456
v 1.999322 0.092699 -1.671272
v 1.998836 0.008560 -1.503094
v 1.999645 -0.061913 -1.250919
v 1.999832 -0.090069 -1.000399
v 1.999937 -0.093377 -0.750156
v 2.000069 -0.087395 -0.499950
v 2.000015 -0.070638 -0.249988
v 2.000007 -0.053961 -0.000023
v 1.999770 -0.034166 0.250235
v 2.000008 -0.006072 0.499987
v 1.999964 0.018011 0.750015
v 1.999929 0.036150 0.999963
v 1.999561 0.042474 1.249897
v 1.999890 0.062746 1.499989
v 1.999648 0.060969 1.749907
v 2.000189 0.082041 2.000014
v 1.999999 0.087274 2.250022
v 2.000207 0.104862 2.420626
v 1.999658 0.309319 -1.932321
v 1.999380 0.183659 -1.796205
v 2.000714 0.132413 2.548480
v 2.001726 0.213143 2.760528
v 1.997746 0.335007 2.916451
v 1.999997 0.604727 -2.136115
v 1.998957 0.472892 -2.066557
v 2.020804 0.516197 3.067575
v 2.117293 0.624185 3.125860
v 1.999288 0.748998 -2.183240
v 1.950574 0.631125 3.122336
v 2.021655 0.716109 3.159407
v 2.000093 1.000021 -2.217794
v 2.010140 0.981766 3.184828
v 2.004255 1.249936 -2.215248
v 2.022393 1.247475 3.191396
v 2.004323 1.503704 -2.245889
v 2.011951 1.507793 3.189358
v 2.119021 1.870224 -2.376225
v 2.022420 1.773206 -2.326894
v 1.997142 1.744908 3.188790
v 2.117866 1.903214 -2.380869
v 2.019398 1.992539 -2.363180
v 1.997829 1.979329 3.194115
v 2.000589 2.249160 -2.300864
v 2.007784 2.248337 3.200031
v 1.992938 2.509504 -2.192067
v 1.904215 2.599925 -2.109359
v 2.006858 2.516342 3.198018
v 2.072140 2.685774 -2.145294
v 1.995932 2.759543 -2.077875
v 1.995791 2.770490 3.191360
v 1.999853 3.000162 -1.997174
v 1.955897 3.026749 3.183388
v 1.998710 3.183870 -1.916631
v 1.999213 3.313211 -1.835602
v 2.000429 3.321267 3.083812
v 1.999763 3.211489 3.160835
v 1.999928 3.444242 -1.705454
v 1.999982 3.564234 -1.538445
v 1.998241 3.578015 2.824563
v 1.998678 3.452072 2.946530
v 2.000297 3.648164 -1.411954
v 1.999526 3.746866 -1.251915
v 2.009569 3.859878 -1.001848
v 1.958241 3.833326 -0.747327
v 1.919987 3.867304 -0.607528
v 2.101360 3.878962 2.363279
v 2.009983 3.830650 2.502868
v 2.000499 3.698561 2.705174
v 2.102516 3.893692 -0.907257
v 2.085921 3.861388 -0.745572
v 2.002041 3.916146 -0.514484
v 1.999921 4.015888 -0.251721
v 1.999771 4.093051 -0.012580
v 2.123440 4.124564 1.622664
v 2.024688 4.112411 1.772334
v 2.001900 4.047272 2.006592
v 2.010942 3.935967 2.269259
v 1.931602 3.885071 2.417625
v 2.000093 4.127109 0.113586
v 2.000983 4.165135 0.248864
v 2.000448 4.224259 0.500227
v 1.999032 4.222836 0.749323
v 1.998906 4.224938 0.999273
v 1.998408 4.205913 1.248402
v 2.024852 4.175703 1.524645
v 1.957696 4.154551 1.703836
v 1.798525 0.114207 -1.640436
v 1.728273 0.058829 -1.526759
v 1.748445 -0.044770 -1.256066
v 1.750205 -0.044715 -0.999756
v 1.749542 -0.077861 -0.750827
v 1.750005 -0.081359 -0.500043
v 1.750102 -0.059901 -0.249874
v 1.750002 -0.026078 0.000001
v 1.749945 0.002272 0.250121
v 1.749802 0.038061 0.500324
v 1.750144 0.078975 0.749917
v 1.749886 0.088803 0.999948
v 1.726867 0.098752 1.236766
v 1.756067 0.109648 1.500022
v 1.727976 0.118907 1.749756
v 1.734654 0.115917 1.983844
v 1.795830 0.115308 2.249873
v 1.837174 0.124458 2.394047
v 1.750041 0.325315 -1.924318
v 1.729185 0.188173 -1.733515
v 1.631771 0.126117 -1.622987
v 1.628609 0.125880 1.311223
v 1.630930 0.127764 1.500001
v 1.629210 0.125897 1.666021
v 1.640105 0.121396 2.056352
v 1.670156 0.121200 2.250343
v 1.751995 0.140734 2.488694
v 1.750606 0.223652 2.758590
v 1.751263 0.323678 2.925769
v 1.749956 0.616025 -2.128439
v 1.750229 0.482583 -2.060316
v 1.752103 0.483627 3.059372
v 1.750073 0.749484 -2.164003
v 1.749531 0.647664 3.126178
v 1.746129 0.763688 3.163105
v 1.749991 1.000008 -2.189956
v 1.739356 0.976616 3.182967
v 1.749532 1.249803 -2.179911
v 1.749831 1.231856 3.195384
v 1.749540 1.504123 -2.214142
v 1.766705 1.510466 3.194789
v 1.750027 1.752529 -2.283303
v 1.768281 1.752304 3.191717
v 1.748992 2.000722 -2.336605
v 1.756292 1.984775 3.195097
v 1.749031 2.253389 -2.262293
v 1.746009 2.248350 3.200766
v 1.749590 2.442029 -2.166180
v 1.750846 2.563642 -2.084913
v 1.743683 2.521640 3.197988
v 1.753829 2.745822 -1.989115
v 1.745880 2.771864 3.189566
v 1.751806 2.996976 -1.918744
v 1.670901 3.076799 -1.862609
v 1.748926 3.021330 3.181561
v 1.838487 3.152312 -1.892470
v 1.747864 3.250099 -1.828918
v 1.750016 3.330626 3.097047
v 1.750231 3.224227 3.160636
v 1.747676 3.435575 -1.690287
v 1.749333 3.555503 -1.524626
v 1.839767 3.612840 2.863275
v 1.753126 3.513509 2.953518
v 1.749830 3.640624 -1.397034
v 1.749088 3.722374 -1.273118
v 1.749277 3.742542 -1.000821
v 1.750970 3.785460 -0.749461
v 1.751649 3.842466 -0.570919
v 1.807063 3.862107 2.587846
v 1.742741 3.761624 2.757638
v 1.672869 3.639219 2.883425
v 1.750143 3.906820 -0.447927
v 1.748665 3.998681 -0.252072
v 1.748772 4.093240 -0.018017
v 1.859481 4.123304 1.869041
v 1.766772 4.100828 1.996691
v 1.750818 3.997663 2.253353
v 1.734365 3.908367 2.503084
v 1.639921 3.881165 2.631443
v 1.750037 4.129847 0.108837
v 1.749772 4.182324 0.249495
v 1.749939 4.255821 0.499895
v 1.750110 4.296976 0.749976
v 1.749705 4.302149 0.999812
v 1.749640 4.270408 1.248697
v 1.749990 4.228101 1.500081
v 1.766104 4.172249 1.774411
v 1.692720 4.140826 1.904061
v 1.601559 0.048005 -1.473746
v 1.593761 0.064054 -1.250825
v 1.571020 -0.000725 -1.015599
v 1.558326 -0.049397 -0.766570
v 1.557491 -0.060279 -0.505222
v 1.562137 -0.035671 -0.248467
v 1.549192 0.033107 0.015869
v 1.566079 0.076194 0.250214
v 1.579256 0.104877 0.499875
v 1.599558 0.115943 0.750020
v 1.616390 0.126012 1.000058
v 1.623886 0.124386 1.144560
v 1.622349 0.123694 1.832675
v 1.623030 0.134615 1.889771
v 1.606201 0.317659 -1.931343
v 1.582707 0.218402 -1.784725
v 1.568913 0.107360 -1.580602
v 1.412019 0.457897 -1.184915
v 1.416512 0.396203 -0.953208
v 1.426188 0.342529 -0.730713
v 1.428857 0.296707 -0.496625
v 1.433090 0.267645 -0.252013
v 1.435778 0.238081 -0.000508
v 1.440768 0.181660 0.249753
v 1.454211 0.161190 0.499479
v 1.474508 0.160918 0.749866
v 1.491352 0.149151 0.999969
v 1.524350 0.149173 1.236655
v 1.500041 0.155408 1.499978
v 1.523628 0.153001 1.749650
v 1.523702 0.152329 1.983818
v 1.499866 0.154028 2.250055
v 1.499754 0.174761 2.501275
v 1.499394 0.248405 2.756542
v 1.499091 0.339405 2.909783
v 1.618507 0.615308 -2.134934
v 1.532755 0.484233 -2.067862
v 1.399772 0.570505 -1.719570
v 1.394810 0.519910 -1.482726
v 1.382551 0.462689 -1.237103
v 1.381175 0.409811 -1.049135
v 1.495662 0.487674 3.026198
v 1.565524 0.741965 -2.180349
v 1.389531 0.772350 -2.039157
v 1.500591 0.687711 3.094972
v 1.499365 0.803699 3.146749
v 1.411897 0.997110 -2.126491
v 1.376446 0.880180 -2.121332
v 1.496051 0.986112 3.173388
v 1.431971 1.263877 -2.178930
v 1.474530 1.223256 3.186304
v 1.376712 1.621985 -2.375652
v 1.439532 1.534030 -2.274652
v 1.484667 1.490119 3.195066
v 1.392065 1.749794 -2.381899
v 1.472380 1.760880 -2.298865
v 1.510046 1.743312 3.197919
v 1.391469 1.892932 -2.377245
v 1.468480 1.982422 -2.310783
v 1.516272 2.000857 3.199634
v 1.479194 2.238076 -2.227374
v 1.509150 2.255345 3.199604
v 1.476017 2.436863 -2.144500
v 1.469163 2.556202 -2.068050
v 1.510020 2.508724 3.197149
v 1.455649 2.727614 -1.955635
v 1.540365 2.758463 3.192972
v 1.463132 2.950475 -1.852911
v 1.475718 3.080074 -1.820404
v 1.525745 3.037696 3.183744
v 1.499163 3.250019 -1.803313
v 1.500219 3.335783 3.097220
v 1.499979 3.233320 3.159108
v 1.578326 3.421867 -1.640730
v 1.583728 3.529417 -1.522091
v 1.499879 3.496300 2.994478
v 1.415786 3.682325 -1.680158
v 1.545109 3.605564 -1.402379
v 1.624854 3.619139 -1.173984
v 1.610021 3.703634 -0.976833
v 1.609536 3.758011 -0.737521
v 1.615638 3.823869 -0.564325
v 1.500265 3.795167 2.780673
v 1.499936 3.654391 2.896802
v 1.398816 3.908636 -1.417125
v 1.429345 3.971353 -1.267490
v 1.453121 4.085972 -1.024994
v 1.643901 3.770664 -0.718404
v 1.576675 3.874378 -0.457234
v 1.584292 3.992838 -0.230546
v 1.601503 4.072258 -0.047751
v 1.499686 4.096420 2.043923
v 1.499776 4.023741 2.250778
v 1.499780 3.941580 2.501249
v 1.499823 3.890264 2.644099
v 1.383643 4.145953 -0.908272
v 1.403326 4.186751 -0.758514
v 1.422665 4.220525 -0.507861
v 1.439322 4.236427 -0.261377
v 1.521934 4.128210 0.035466
v 1.499041 4.255586 0.249940
v 1.477954 4.324581 0.522065
v 1.538153 4.360315 0.748862
v 1.502617 4.373478 1.019431
v 1.500046 4.314349 1.248656
v 1.500872 4.237120 1.496107
v 1.500457 4.183965 1.749191
v 1.500101 4.138391 1.917893
v 1.379523 4.376731 0.618596
v 1.412749 4.398642 0.747552
v 1.420731 4.397653 0.947101
v 1.142519 0.368350 -1.150773
v 1.235102 0.363706 -0.981670
v 1.250621 0.327877 -0.750702
v 1.250232 0.300706 -0.500024
v 1.250002 0.291008 -0.249991
v 1.250026 0.268457 0.000016
v 1.249993 0.247267 0.249978
v 1.249967 0.231427 0.499708
v 1.250003 0.214433 0.750036
v 1.250009 0.204659 1.000021
v 1.249999 0.194102 1.250006
v 1.249969 0.192190 1.500135
v 1.249351 0.197116 1.750036
v 1.249669 0.190179 2.000016
v 1.249717 0.187801 2.250065
v 1.249679 0.206673 2.501168
v 1.227676 0.299714 2.779594
v 1.297959 0.364814 2.884266
v 1.134076 0.618617 -2.132835
v 1.237154 0.572674 -1.994450
v 1.252087 0.513021 -1.752584
v 1.247614 0.485465 -1.497996
v 1.237181 0.410644 -1.241683
v 1.308920 0.392259 -1.053087
v 1.130829 0.376209 2.873503
v 1.227152 0.470291 2.956895
v 1.209729 0.735517 -2.209028
v 1.333728 0.740038 -2.087790
v 1.250362 0.712014 3.076515
v 1.249928 0.822017 3.151133
v 1.155312 1.054447 -2.400993
v 1.275117 0.962455 -2.275267
v 1.374062 0.878875 -2.123803
v 1.248535 0.992155 3.171945
v 1.189692 1.249138 -2.429104
v 1.318211 1.248287 -2.318167
v 1.238343 1.247064 3.175241
v 1.267348 1.520658 -2.451066
v 1.353397 1.453334 -2.352015
v 1.233559 1.477454 3.183287
v 1.258367 1.751058 -2.477579
v 1.248622 1.728156 3.198216
v 1.252498 1.984722 -2.423420
v 1.339979 2.059618 -2.355045
v 1.259570 1.995022 3.209905
v 1.167075 2.248503 -2.399255
v 1.293285 2.247900 -2.319627
v 1.264548 2.255262 3.209450
v 1.141041 2.400064 -2.388377
v 1.258944 2.511738 -2.264213
v 1.370033 2.618338 -2.121647
v 1.267878 2.498789 3.206973
v 1.183405 2.749169 -2.168035
v 1.311807 2.752142 -2.081002
v 1.272981 2.750199 3.210156
v 1.126325 2.877676 -2.125893
v 1.251643 3.000241 -1.999088
v 1.372372 3.120333 -1.872921
v 1.281729 3.062646 3.195349
v 1.199251 3.251911 -1.919751
v 1.322047 3.250272 -1.864337
v 1.312198 3.350634 3.106331
v 1.244592 3.291279 3.162473
v 1.139896 3.380314 -1.877672
v 1.234582 3.480267 -1.821665
v 1.238902 3.484444 3.060409
v 1.147063 3.388949 3.129855
v 1.250608 3.708369 -1.698123
v 1.252905 3.840435 -1.587415
v 1.252564 3.824329 2.804782
v 1.252580 3.690530 2.934841
v 1.254990 3.941528 -1.457591
v 1.250702 4.034464 -1.251047
v 1.249272 4.105259 -1.082763
v 1.252810 4.078323 2.038465
v 1.251667 4.014005 2.247618
v 1.249890 3.951042 2.500433
v 1.250259 3.902135 2.669316
v 1.249409 4.155742 -0.957772
v 1.252360 4.233333 -0.753624
v 1.251272 4.267818 -0.500625
v 1.249807 4.272015 -0.248878
v 1.249913 4.313419 0.000344
v 1.238897 4.352644 0.244672
v 1.314595 4.354939 0.454001
v 1.364033 4.371739 1.112651
v 1.268407 4.357751 1.265673
v 1.248786 4.290385 1.498476
v 1.250049 4.209416 1.750003
v 1.251009 4.130690 1.913357
v 1.148063 4.380548 0.324730
v 1.238928 4.394179 0.520459
v 1.249969 4.423129 0.749278
v 1.268419 4.402366 1.017644
v 1.197328 4.386956 1.192743
v 0.915389 0.361982 -1.418285
v 1.000027 0.350487 -1.241247
v 1.000366 0.334437 -1.000250
v 1.000015 0.320659 -0.750180
v 0.999863 0.312942 -0.499897
v 1.000022 0.311208 -0.250025
v 1.000006 0.298356 0.000007
v 0.999259 0.282343 0.250039
v 1.000031 0.267795 0.500309
v 0.999968 0.265814 0.749866
v 1.000002 0.250114 1.000000
v 1.000099 0.241825 1.249832
v 1.000000 0.230705 1.500001
v 1.000104 0.238272 1.749748
v 0.999971 0.221118 2.000018
v 0.999851 0.220698 2.250197
v 0.999866 0.243956 2.500474
v 0.999513 0.314857 2.728265
v 1.004266 0.588346 -2.194956
v 0.997982 0.544381 -1.997061
v 0.999160 0.463892 -1.748609
v 0.999683 0.401718 -1.501466
v 1.082705 0.380290 -1.318228
v 0.999847 0.394580 2.851672
v 0.997884 0.502712 2.971422
v 0.956665 0.790691 -2.435684
v 1.031996 0.715390 -2.339259
v 1.000008 0.722854 3.065531
v 0.999735 0.838143 3.145477
v 0.882209 1.111556 -2.633117
v 0.999421 1.000575 -2.494232
v 1.119468 0.888097 -2.371947
v 1.001194 0.992487 3.168566
v 0.903360 1.250773 -2.657671
v 1.026412 1.251898 -2.544362
v 1.003662 1.249682 3.170331
v 0.933003 1.500470 -2.682477
v 1.063585 1.499616 -2.581854
v 0.999651 1.479353 3.179130
v 0.932269 1.749118 -2.674750
v 1.064005 1.750122 -2.584605
v 0.996421 1.721163 3.196872
v 0.913211 1.999648 -2.661521
v 1.036961 1.998618 -2.554006
v 1.000308 1.990380 3.215537
v 0.898195 2.200656 -2.649965
v 0.988755 2.270326 -2.550902
v 1.009348 2.253573 3.218896
v 1.009382 2.495106 -2.467791
v 1.087893 2.569685 -2.354126
v 1.004329 2.501091 3.215824
v 0.913669 2.673963 -2.415644
v 0.988239 2.743294 -2.283109
v 1.002618 2.752886 3.217607
v 0.982184 2.972515 -2.165950
v 1.069164 3.045359 -2.095101
v 1.006693 3.039322 3.205005
v 0.899906 3.146604 -2.148839
v 0.995419 3.246561 -2.032801
v 1.014669 3.304419 3.173665
v 1.000729 3.398351 -1.900894
v 1.000190 3.517579 -1.810481
v 1.001595 3.551974 3.093517
v 1.003935 3.430294 3.147482
v 1.000058 3.704653 -1.687610
v 0.999724 3.832923 -1.594676
v 0.995539 3.864898 2.820620
v 0.999621 3.723403 2.974877
v 1.001382 3.966638 -1.476098
v 1.026292 4.094093 -1.257206
v 1.124046 4.124668 -1.124126
v 1.005218 4.057077 2.019562
v 1.003485 3.985150 2.245755
v 0.999701 3.943695 2.500309
v 0.996964 3.914320 2.681567
v 0.958601 4.158998 -1.175374
v 1.023378 4.196955 -1.023421
v 1.001345 4.291166 -0.750941
v 0.999009 4.298628 -0.500017
v 0.997805 4.295715 -0.247257
v 0.999978 4.348286 -0.001012
v 0.999585 4.379312 0.156357
v 1.115485 4.380294 1.360756
v 1.021413 4.364407 1.513597
v 0.999968 4.260228 1.764303
v 1.000155 4.142480 1.907837
v 0.999641 4.395880 0.281762
v 0.999983 4.425978 0.499857
v 0.999686 4.470934 0.748115
v 1.000069 4.455066 1.000261
v 1.018993 4.415786 1.265912
v 0.949236 4.406656 1.433366
v 0.675297 0.358988 -1.682326
v 0.755535 0.345565 -1.501302
v 0.750200 0.324455 -1.250217
v 0.750029 0.322729 -1.000007
v 0.750007 0.327338 -0.750005
v 0.750047 0.330569 -0.500037
v 0.749986 0.327095 -0.249964
v 0.750107 0.308816 -0.000065
v 0.750032 0.300383 0.250046
v 0.750024 0.294680 0.500076
v 0.749839 0.293165 0.749832
v 0.750115 0.276392 1.000172
v 0.749903 0.267710 1.250228
v 0.750012 0.266607 1.499972
v 0.749919 0.258027 1.750002
v 0.750091 0.246790 2.000000
v 0.750041 0.242756 2.250738
v 0.749719 0.277478 2.501148
v 0.749791 0.339059 2.684810
v 0.707464 0.584143 -2.432133
v 0.776793 0.535570 -2.280897
v 0.745088 0.483337 -1.993979
v 0.754469 0.402736 -1.758609
v 0.841775 0.381773 -1.584720
v 0.749161 0.425447 2.812785
v 0.750385 0.557996 2.922789
v 0.676655 0.816927 -2.683352
v 0.778236 0.718040 -2.518181
v 0.870863 0.626106 -2.370767
v 0.750238 0.726749 3.059779
v 0.749945 0.851620 3.139454
v 0.667330 1.065839 -2.926189
v 0.756117 1.004758 -2.743988
v 0.842639 0.943879 -2.595651
v 0.755745 0.984115 3.170435
v 0.713089 1.244553 -2.984280
v 0.823076 1.249451 -2.786357
v 0.784090 1.243674 3.183192
v 0.724168 1.500554 -3.004298
v 0.837160 1.500008 -2.811420
v 0.780160 1.494207 3.186610
v 0.713536 1.751328 -2.983618
v 0.827347 1.749619 -2.804642
v 0.741197 1.724421 3.195322
v 0.693633 2.001488 -2.950288
v 0.810147 1.999822 -2.789353
v 0.726688 1.983692 3.206482
v 0.657500 2.252939 -2.905818
v 0.790865 2.268144 -2.732044
v 0.870355 2.366685 -2.622819
v 0.733527 2.249905 3.214197
v 0.625359 2.375603 -2.875300
v 0.658108 2.459727 -2.711211
v 0.813886 2.501640 -2.597250
v 0.736351 2.502387 3.212648
v 0.625889 2.692362 -2.622878
v 0.748311 2.769990 -2.528314
v 0.848386 2.841640 -2.351993
v 0.724563 2.756306 3.210886
v 0.720804 3.007607 -2.490271
v 0.819977 2.999045 -2.315041
v 0.723534 3.023336 3.204798
v 0.672867 3.177046 -2.433613
v 0.753761 3.212209 -2.243781
v 0.745404 3.306283 -2.060733
v 0.758992 3.314060 3.185761
v 0.741087 3.408692 -1.923108
v 0.740306 3.538613 -1.805278
v 0.750431 3.574286 3.080327
v 0.752477 3.476715 3.157907
v 0.743552 3.702642 -1.684580
v 0.747980 3.835364 -1.591168
v 0.750001 3.818309 2.775154
v 0.749887 3.693732 2.959425
v 0.750335 3.974897 -1.479397
v 0.750489 4.104311 -1.340192
v 0.748690 4.074181 2.029971
v 0.749600 4.006374 2.249499
v 0.749858 3.941653 2.503496
v 0.748859 3.887579 2.652099
v 0.753621 4.198370 -1.220111
v 0.755971 4.305634 -1.009021
v 0.751803 4.350524 -0.750592
v 0.744239 4.361118 -0.508004
v 0.781954 4.361231 -0.249960
v 0.731162 4.354084 -0.014611
v 0.751300 4.362352 0.157772
v 0.750700 4.356644 1.588262
v 0.748810 4.247320 1.752985
v 0.749921 4.140481 1.909654
v 0.655363 4.385794 -0.429326
v 0.656952 4.393571 -0.249359
v 0.634900 4.376024 -0.107585
v 0.751748 4.381454 0.285010
v 0.750280 4.432628 0.500832
v 0.749268 4.476678 0.749121
v 0.750121 4.478510 1.000328
v 0.751008 4.482022 1.249842
v 0.749635 4.430637 1.466104
v 0.436240 0.354134 -1.936724
v 0.512796 0.331847 -1.761107
v 0.500862 0.299922 -1.500583
v 0.500173 0.302846 -1.250009
v 0.500087 0.310890 -0.999976
v 0.500057 0.321166 -0.749942
v 0.499995 0.330991 -0.500003
v 0.499992 0.328211 -0.249988
v 0.499994 0.312582 -0.000072
v 0.499951 0.312677 0.250151
v 0.499993 0.313509 0.500019
v 0.500015 0.310821 0.749945
v 0.499952 0.300284 1.000317
v 0.500029 0.308172 1.249647
v 0.499950 0.295092 1.500048
v 0.500078 0.271144 1.749925
v 0.500009 0.260789 2.000273
v 0.499572 0.271011 2.250954
v 0.479555 0.327520 2.522726
v 0.549091 0.353520 2.653862
v 0.416350 0.609889 -2.646435
v 0.503691 0.552817 -2.511381
v 0.498776 0.473878 -2.248385
v 0.511602 0.399520 -2.011749
v 0.602683 0.379073 -1.849097
v 0.383149 0.376679 2.619848
v 0.478747 0.426142 2.747789
v 0.500635 0.569197 2.928718
v 0.428637 0.837989 -2.911998
v 0.511920 0.737074 -2.758550
v 0.586625 0.646314 -2.594695
v 0.500560 0.730958 3.053967
v 0.500021 0.860346 3.129112
v 0.400481 1.105108 -3.134661
v 0.501136 0.996894 -3.009619
v 0.597925 0.897731 -2.854040
v 0.500786 0.980785 3.169608
v 0.476462 1.228085 -3.167811
v 0.593534 1.241945 -3.115647
v 0.512138 1.223318 3.196275
v 0.532885 1.503956 -3.173523
v 0.624206 1.500324 -3.125529
v 0.514937 1.519617 3.199340
v 0.497822 1.762261 -3.167794
v 0.600211 1.751484 -3.108858
v 0.492854 1.774907 3.194231
v 0.442123 2.005843 -3.153999
v 0.560973 2.002330 -3.079904
v 0.448946 1.995419 3.186245
v 0.403079 2.204847 -3.138328
v 0.502500 2.276750 -3.064060
v 0.435829 2.241065 3.188016
v 0.523466 2.486964 -2.968471
v 0.566471 2.531249 -2.789923
v 0.434145 2.511157 3.185811
v 0.424624 2.750957 -2.930681
v 0.533009 2.763616 -2.702510
v 0.624527 2.859335 -2.624827
v 0.442572 2.763463 3.175377
v 0.398828 2.915255 -2.898415
v 0.431845 2.944466 -2.741053
v 0.528433 3.027337 -2.615363
v 0.446773 3.002946 3.171144
v 0.510029 3.232346 -2.494683
v 0.515531 3.357427 -2.263251
v 0.587730 3.356851 -2.105153
v 0.455491 3.257602 3.173223
v 0.426228 3.412039 -2.185041
v 0.505607 3.496856 -2.007244
v 0.594626 3.600219 -1.860172
v 0.498180 3.575849 3.089401
v 0.483277 3.457581 3.163617
v 0.432310 3.671474 -1.924539
v 0.517954 3.771619 -1.762962
v 0.599772 3.868326 -1.618252
v 0.436370 3.876175 2.615291
v 0.515278 3.804021 2.726696
v 0.498795 3.689794 2.954891
v 0.434164 3.901104 -1.660017
v 0.511246 3.968246 -1.526321
v 0.500207 4.085717 -1.323967
v 0.498982 4.106690 2.052026
v 0.496666 4.051985 2.264631
v 0.507584 3.942540 2.529994
v 0.608842 3.875937 2.627614
v 0.497527 4.192190 -1.212257
v 0.499569 4.312241 -1.009350
v 0.500002 4.350633 -0.750192
v 0.500000 4.367840 -0.581758
v 0.596348 4.352900 0.059087
v 0.596701 4.356910 0.158133
v 0.499996 4.348943 1.588949
v 0.500354 4.228983 1.744211
v 0.499607 4.143780 1.926493
v 0.500003 4.390348 -0.457154
v 0.500340 4.411824 -0.249656
v 0.505893 4.378114 -0.015928
v 0.505934 4.404295 0.246978
v 0.501392 4.469813 0.498885
v 0.499969 4.488226 0.750053
v 0.499799 4.505657 1.000610
v 0.500906 4.535874 1.250293
v 0.499934 4.444412 1.469653
v 0.187516 0.353949 -2.190554
v 0.262177 0.334336 -2.011419
v 0.250536 0.283204 -1.751211
v 0.250032 0.272748 -1.500266
v 0.250032 0.282333 -1.249988
v 0.250087 0.294307 -0.999929
v 0.250006 0.310443 -0.749782
v 0.249965 0.324447 -0.499967
v 0.249961 0.326796 -0.250043
v 0.249849 0.324243 0.000052
v 0.249933 0.326946 0.250094
v 0.250008 0.332333 0.499886
v 0.250002 0.324512 0.750002
v 0.249943 0.322637 0.999915
v 0.249785 0.320620 1.249861
v 0.249887 0.305667 1.500040
v 0.250203 0.282897 1.749904
v 0.250012 0.292206 1.999944
v 0.249672 0.309350 2.250740
v 0.250707 0.355953 2.445565
v 0.251295 0.574287 -2.688621
v 0.250994 0.485082 -2.501647
v 0.262134 0.401644 -2.263869
v 0.353254 0.381829 -2.101843
v 0.249606 0.394984 2.572538
v 0.247065 0.467993 2.759505
v 0.250549 0.572707 2.931014
v 0.251077 0.801460 -2.952503
v 0.252499 0.671067 -2.816557
v 0.251076 0.722204 3.053297
v 0.250106 0.854096 3.127934
v 0.261128 1.046648 -3.154875
v 0.250441 0.938207 -3.075863
v 0.253607 0.978586 3.170554
v 0.290120 1.203766 -3.187715
v 0.242858 1.221108 3.197559
v 0.277939 1.502101 -3.202842
v 0.228372 1.530693 3.197587
v 0.297505 1.771457 -3.194488
v 0.215681 1.789780 3.181396
v 0.302849 2.021681 -3.179920
v 0.146644 2.084263 3.111233
v 0.221987 2.008257 3.159106
v 0.298308 2.280198 -3.165562
v 0.373316 2.369453 -3.123652
v 0.163987 2.250004 3.101792
v 0.264703 2.250158 3.161745
v 0.243672 2.508332 -3.162676
v 0.355228 2.502544 -3.110261
v 0.188730 2.501795 3.072303
v 0.295271 2.506163 3.157945
v 0.189048 2.755905 -3.158544
v 0.326232 2.754799 -3.078668
v 0.234303 2.747935 3.015800
v 0.346547 2.751565 3.133590
v 0.147704 2.910225 -3.149866
v 0.308018 3.025988 -3.015724
v 0.326072 3.067305 -2.749306
v 0.365660 3.110110 -2.603811
v 0.240723 2.999846 3.013954
v 0.360924 2.999963 3.132589
v 0.190191 3.180200 -2.933103
v 0.226247 3.199179 -2.750057
v 0.272392 3.246076 -2.522127
v 0.254252 3.339960 -2.296339
v 0.172004 3.372822 2.084608
v 0.145367 3.364976 2.250535
v 0.127146 3.372033 2.411235
v 0.120404 3.360344 2.841668
v 0.216804 3.265092 2.986104
v 0.354369 3.248892 3.136660
v 0.256942 3.377429 -2.165756
v 0.241627 3.532681 -1.996440
v 0.144087 3.616972 -1.845342
v 0.159614 3.409859 2.082264
v 0.124897 3.488071 2.265109
v 0.143203 3.486823 2.498652
v 0.161789 3.493103 2.752991
v 0.266160 3.501113 3.025041
v 0.356321 3.398832 3.137573
v 0.315391 3.687997 -1.943752
v 0.222651 3.767642 -1.759125
v 0.162634 3.804740 -1.501391
v 0.169397 3.823863 -1.325822
v 0.147719 3.754685 2.339398
v 0.248725 3.778270 2.525248
v 0.299528 3.711647 2.757192
v 0.328196 3.670649 2.922016
v 0.341392 3.905033 -1.661476
v 0.295013 3.958681 -1.508491
v 0.224004 4.010565 -1.259101
v 0.161070 4.073660 -1.081367
v 0.153768 4.119090 1.861449
v 0.238824 4.091561 2.005193
v 0.230651 3.965985 2.265294
v 0.316048 3.920563 2.451511
v 0.327664 4.166190 -1.174002
v 0.234165 4.215948 -1.006442
v 0.245837 4.330818 -0.754266
v 0.250032 4.367694 -0.570734
v 0.244463 4.335488 1.567075
v 0.243712 4.195471 1.766986
v 0.324797 4.135452 1.913820
v 0.250234 4.394538 -0.445897
v 0.250489 4.421212 -0.250503
v 0.250931 4.435383 -0.000966
v 0.252249 4.483345 0.242342
v 0.249851 4.522248 0.499740
v 0.248528 4.505086 0.749788
v 0.247006 4.513533 0.998683
v 0.238441 4.519093 1.253610
v 0.246630 4.430013 1.446361
v -0.059736 0.353400 -2.415771
v 0.015877 0.321062 -2.267135
v 0.000473 0.272913 -2.000525
v 0.000073 0.256697 -1.750151
v -0.000132 0.260659 -1.500029
v -0.000203 0.269697 -1.250084
v -0.000309 0.282765 -0.999869
v -0.000062 0.310775 -0.749920
v 0.000035 0.329668 -0.500004
v -0.000001 0.335314 -0.250000
v 0.000032 0.338654 -0.000008
v -0.000003 0.338760 0.249995
v -0.000002 0.332215 0.500000
v 0.000025 0.326318 0.750008
v 0.000100 0.320033 1.000044
v 0.000111 0.313600 1.250019
v 0.000339 0.303239 1.500081
v 0.000007 0.303143 1.750062
v -0.000053 0.314272 2.000219
v 0.003600 0.347662 2.253478
v 0.090598 0.372900 2.391092
v -0.087922 0.611767 -2.893366
v -0.002490 0.555435 -2.758602
v 0.014827 0.417545 -2.497719
v 0.106996 0.378778 -2.357073
v -0.076685 0.384781 2.336854
v 0.003794 0.427156 2.486067
v -0.001448 0.531325 2.753209
v -0.001925 0.594284 2.908075
v -0.056728 0.824723 -3.150653
v 0.010068 0.737512 -3.008469
v 0.080098 0.640386 -2.850234
v -0.004393 0.716114 3.048807
v -0.001567 0.848487 3.147427
v 0.038133 0.942673 -3.174144
v 0.103333 0.888589 -3.115030
v -0.010928 0.970665 3.174942
v 0.010672 1.239736 -3.209929
v -0.044115 1.248611 3.187678
v 0.055546 1.498816 -3.212500
v -0.108639 1.599444 3.115603
v -0.039550 1.525485 3.167667
v 0.056096 1.748591 -3.213036
v -0.061971 1.749476 3.088279
v 0.047460 1.759608 3.155037
v 0.025030 2.011393 -3.211691
v 0.015271 2.000773 3.062930
v 0.105304 1.919988 3.131448
v 0.038977 2.286243 -3.196549
v -0.121964 2.368158 2.872060
v -0.028013 2.273208 2.980682
v 0.032975 2.547031 -3.182220
v -0.081790 2.499302 2.838467
v 0.039631 2.501475 2.944819
v 0.012600 2.774647 -3.169085
v -0.012248 2.746998 2.788609
v 0.112459 2.746260 2.884788
v 0.004291 2.940173 -3.148092
v 0.000703 3.060440 -3.088757
v -0.022726 3.001023 2.808641
v 0.104501 3.001479 2.883240
v 0.002330 3.212222 -2.970198
v -0.004734 3.357890 -2.740967
v 0.019313 3.353745 -2.500100
v 0.044749 3.341092 -2.298727
v -0.012425 3.328420 2.073018
v -0.005330 3.289279 2.241562
v 0.022770 3.312971 2.502181
v -0.011548 3.304125 2.776875
v 0.090335 3.192752 2.897059
v -0.111679 3.382546 -2.641838
v -0.108371 3.379935 -2.500003
v -0.022875 3.383352 -2.227151
v 0.006124 3.460165 -1.992818
v 0.031652 3.546012 -1.748341
v 0.003188 3.550292 -1.507629
v 0.063754 3.495104 -1.259314
v -0.056517 3.561847 -0.989771
v -0.109677 3.612762 -0.855649
v -0.117758 3.625360 0.116254
v -0.118334 3.624895 0.136456
v -0.037543 3.617551 1.796314
v 0.075000 3.558554 2.012311
v 0.089015 3.565338 2.192483
v 0.116525 3.387998 2.578207
v 0.110393 3.389826 2.670830
v 0.104965 3.656673 -1.674358
v 0.089030 3.681742 -1.502197
v 0.141682 3.733787 -1.230645
v -0.056418 3.767416 -0.987239
v -0.129008 3.691592 -0.862567
v -0.121313 3.629944 0.116281
v -0.121854 3.629520 0.136055
v -0.096358 3.748240 1.821487
v -0.083471 3.719871 2.001372
v 0.063698 3.749238 2.218601
v 0.112746 3.900943 -1.157855
v 0.012212 3.982220 -0.986711
v -0.079160 4.058546 -0.754860
v -0.106515 4.102117 -0.585729
v -0.121383 4.115829 1.369133
v -0.103987 4.092806 1.506297
v -0.034024 4.018143 1.778539
v 0.012251 3.986076 2.014020
v 0.085213 3.912004 2.174513
v 0.103969 4.150067 -0.907950
v 0.041748 4.213955 -0.758454
v -0.013733 4.275091 -0.505377
v -0.079197 4.340499 -0.260085
v -0.068827 4.314270 0.001799
v -0.075633 4.322463 0.249694
v -0.110673 4.358327 0.445595
v -0.117246 4.369533 0.815089
v -0.113509 4.362454 1.001377
v -0.080545 4.261274 1.274129
v 0.031265 4.246482 1.486478
v 0.073927 4.159300 1.690621
v 0.105957 4.386676 -0.413668
v 0.069976 4.413792 -0.253521
v 0.059308 4.411496 0.000756
v 0.042394 4.430398 0.245601
v -0.025366 4.437977 0.516018
v -0.026587 4.432127 0.740285
v 0.012454 4.441344 0.999447
v 0.041936 4.432152 1.256905
v 0.099429 4.391151 1.396376
v -0.366450 0.371834 -2.630256
v -0.269412 0.338263 -2.500159
v -0.249197 0.260314 -2.252785
v -0.249795 0.232598 -2.000341
v -0.249851 0.224022 -1.749903
v -0.250011 0.249550 -1.500022
v -0.250014 0.263375 -1.250041
v -0.250061 0.279589 -0.999925
v -0.250040 0.305459 -0.749864
v -0.249954 0.331362 -0.500014
v -0.250015 0.337673 -0.249999
v -0.249967 0.343990 0.000027
v -0.250002 0.337747 0.250011
v -0.249927 0.325865 0.499939
v -0.249952 0.321475 0.750030
v -0.250045 0.320218 0.999982
v -0.249999 0.313166 1.250000
v -0.249876 0.310050 1.500306
v -0.250122 0.321739 1.750408
v -0.257724 0.347044 2.005036
v -0.179397 0.358849 2.171879
v -0.249345 0.577330 -2.945611
v -0.268853 0.447109 -2.730499
v -0.199726 0.396074 -2.581691
v -0.345990 0.378668 2.091382
v -0.257816 0.399208 2.253417
v -0.249199 0.487688 2.499993
v -0.239097 0.577886 2.753339
v -0.147297 0.612703 2.889080
v -0.244381 0.774212 -3.159063
v -0.249893 0.671199 -3.069844
v -0.320379 0.700782 2.841235
v -0.235540 0.776621 2.983946
v -0.126552 0.873477 3.125963
v -0.249923 0.953928 -3.196204
v -0.291363 0.996386 3.034685
v -0.175034 0.988910 3.153630
v -0.252493 1.250958 -3.211609
v -0.321815 1.249311 3.073647
v -0.210890 1.254034 3.163142
v -0.254212 1.497888 -3.211704
v -0.251475 1.513371 3.065990
v -0.168813 1.438514 3.143647
v -0.254086 1.742043 -3.215798
v -0.358916 1.841859 2.862305
v -0.262741 1.753633 2.953335
v -0.251706 2.004496 -3.219120
v -0.336282 2.002305 2.834540
v -0.207234 2.000508 2.933317
v -0.248067 2.271066 -3.206799
v -0.362810 2.351898 2.613689
v -0.270030 2.279306 2.767995
v -0.167981 2.202981 2.907356
v -0.233390 2.547033 -3.191960
v -0.339849 2.498546 2.592000
v -0.217240 2.498750 2.712034
v -0.190013 2.772996 -3.181027
v -0.322833 2.750243 2.572298
v -0.196252 2.750064 2.669496
v -0.228579 3.007040 -3.162937
v -0.250486 3.092112 -3.103180
v -0.359573 2.995861 2.599577
v -0.230633 2.994082 2.704520
v -0.251376 3.216393 -2.969159
v -0.247976 3.371505 -2.821431
v -0.250206 3.372871 2.111041
v -0.250599 3.293487 2.251055
v -0.291503 3.246132 2.527202
v -0.219809 3.204326 2.699746
v -0.245314 3.410232 -2.682974
v -0.251365 3.407893 -2.500266
v -0.254032 3.428985 -2.247479
v -0.251128 3.474563 -1.996744
v -0.250180 3.516305 -1.749931
v -0.249386 3.508549 -1.499408
v -0.249370 3.429633 -1.256439
v -0.242656 3.444631 -0.991208
v -0.228206 3.501029 -0.719093
v -0.347439 3.588267 -0.552629
v -0.124298 3.633820 0.116232
v -0.124904 3.633252 0.137939
v -0.366590 3.625573 0.618430
v -0.365266 3.622363 0.654605
v -0.361036 3.623015 1.618018
v -0.265362 3.553691 1.725400
v -0.254332 3.421374 1.972036
v -0.129801 3.860821 -0.879545
v -0.179224 3.766172 -0.764668
v -0.310081 3.630675 -0.486650
v -0.209030 3.809968 -0.244330
v -0.193338 3.721296 0.036611
v -0.184305 3.713250 0.212205
v -0.290449 3.652026 0.529772
v -0.284784 3.654698 0.747927
v -0.229369 3.773019 1.001489
v -0.243534 3.771437 1.247714
v -0.204563 3.726529 1.518956
v -0.149077 3.753392 1.678852
v -0.127402 3.878527 -0.878043
v -0.166003 3.930033 -0.755195
v -0.204520 4.026194 -0.513832
v -0.267518 4.012441 -0.243168
v -0.230581 4.005609 0.001233
v -0.222965 3.999769 0.249486
v -0.266449 3.997974 0.496491
v -0.306971 3.992238 0.755666
v -0.255919 3.998308 1.001890
v -0.175957 4.019808 1.271459
v -0.174324 3.962774 1.502735
v -0.135215 3.906690 1.690387
v -0.150587 4.166737 -0.423266
v -0.175329 4.200166 -0.248343
v -0.151920 4.182663 0.000032
v -0.173603 4.199352 0.248101
v -0.219109 4.299806 0.500383
v -0.226404 4.313666 0.745426
v -0.231678 4.253351 1.013628
v -0.166365 4.185182 1.208128
v -0.128277 4.377221 0.613101
v -0.129517 4.379202 0.648226
v -0.500036 0.357174 -2.668253
v -0.500134 0.299321 -2.499559
v -0.499739 0.226016 -2.252255
v -0.499690 0.192276 -2.000974
v -0.499726 0.196358 -1.749960
v -0.500128 0.223078 -1.500062
v -0.500075 0.244569 -1.250018
v -0.500089 0.259756 -0.999710
v -0.499888 0.298211 -0.750211
v -0.499973 0.320089 -0.500008
v -0.499990 0.333906 -0.249992
v -0.500010 0.338700 0.000023
v -0.499999 0.335641 0.250046
v -0.499989 0.323505 0.499908
v -0.499883 0.315311 0.750004
v -0.499910 0.313684 1.000024
v -0.499945 0.313085 1.250239
v -0.500384 0.325778 1.500779
v -0.498843 0.354887 1.742968
v -0.415038 0.362072 1.924652
v -0.544598 0.570110 -3.150814
v -0.475029 0.511001 -3.030488
v -0.497811 0.410644 -2.793873
v -0.581219 0.384535 1.821289
v -0.501067 0.395126 2.006923
v -0.502024 0.458740 2.252958
v -0.525260 0.520964 2.543994
v -0.439352 0.609014 2.661117
v -0.460954 0.702350 -3.171405
v -0.388005 0.633300 -3.116841
v -0.611720 0.646335 2.616487
v -0.487292 0.763529 2.730541
v -0.375922 0.873430 2.875692
v -0.487114 0.984628 -3.205315
v -0.519044 1.002334 2.781442
v -0.400939 0.999959 2.901292
v -0.493206 1.252787 -3.212317
v -0.555981 1.249888 2.802298
v -0.437108 1.248980 2.940195
v -0.495071 1.501556 -3.210340
v -0.548794 1.500706 2.800073
v -0.424232 1.501470 2.926925
v -0.500895 1.743853 -3.212292
v -0.488549 1.755857 2.789732
v -0.393264 1.674715 2.891531
v -0.503637 2.001648 -3.215383
v -0.567381 2.049525 2.577495
v -0.496617 1.984674 2.694192
v -0.494149 2.257679 -3.208575
v -0.472205 2.253773 2.529439
v -0.399804 2.183273 2.653186
v -0.473866 2.508143 -3.201167
v -0.598996 2.564202 2.353264
v -0.502360 2.486417 2.449265
v -0.447503 2.762652 -3.198614
v -0.559949 2.744557 2.308477
v -0.439155 2.748849 2.445630
v -0.445333 3.088999 -3.167122
v -0.385041 3.120754 -3.120338
v -0.555818 2.999977 2.293795
v -0.442569 2.999107 2.469403
v -0.546284 3.170098 -3.141182
v -0.480731 3.218191 -3.023056
v -0.504058 3.356796 -2.802633
v -0.505674 3.340645 2.109043
v -0.490855 3.193628 2.234593
v -0.418902 3.156431 2.444310
v -0.504775 3.407339 -2.674045
v -0.499909 3.435240 -2.500376
v -0.499506 3.487349 -2.251166
v -0.501133 3.497103 -1.998840
v -0.499953 3.522878 -1.750094
v -0.500011 3.518856 -1.499995
v -0.500613 3.451285 -1.254981
v -0.499510 3.413766 -0.994044
v -0.476268 3.437986 -0.723325
v -0.502917 3.618588 -0.524612
v -0.549136 3.605167 -0.250964
v -0.594939 3.621968 -0.097819
v -0.495387 3.597008 0.556893
v -0.478274 3.583331 0.744190
v -0.572614 3.611011 1.000663
v -0.615318 3.622528 1.249982
v -0.534333 3.633257 1.534278
v -0.518833 3.580746 1.726822
v -0.503577 3.463215 1.978245
v -0.387828 3.642887 -0.394139
v -0.421119 3.642102 -0.249501
v -0.505666 3.674337 -0.006650
v -0.500403 3.647003 0.249365
v -0.499173 3.629308 0.434755
v -0.390252 3.624433 0.821376
v -0.438458 3.609587 1.005824
v -0.495174 3.670438 1.248950
v -0.533400 3.633439 1.532884
v -0.615745 3.625559 1.625861
v -0.837943 0.360776 -2.898908
v -0.752036 0.324310 -2.759141
v -0.749802 0.248256 -2.500372
v -0.749396 0.192925 -2.251909
v -0.750100 0.169970 -2.000440
v -0.750021 0.171175 -1.750028
v -0.749939 0.181048 -1.499953
v -0.749833 0.198001 -1.249682
v -0.749992 0.233638 -0.999529
v -0.749927 0.281353 -0.750464
v -0.750010 0.302937 -0.499993
v -0.750059 0.318439 -0.249904
v -0.750002 0.322538 0.000001
v -0.750041 0.328210 0.250071
v -0.750009 0.322127 0.500072
v -0.749892 0.307739 0.749819
v -0.750004 0.307137 1.000377
v -0.750356 0.325436 1.250754
v -0.742445 0.355391 1.493499
v -0.653550 0.368339 1.654662
v -0.741392 0.508443 -3.163931
v -0.750841 0.410786 -2.994285
v -0.671616 0.385237 -2.845321
v -0.820641 0.383370 1.572181
v -0.742807 0.406709 1.743757
v -0.752359 0.464893 2.003159
v -0.769216 0.551847 2.269227
v -0.698216 0.586247 2.450195
v -0.733630 0.709929 -3.201570
v -0.862687 0.634990 2.363691
v -0.765895 0.722406 2.526912
v -0.660459 0.815298 2.646348
v -0.745937 0.994361 -3.218208
v -0.816750 0.999748 2.588729
v -0.690662 0.999073 2.675572
v -0.747223 1.253850 -3.219944
v -0.808632 1.249170 2.561675
v -0.687279 1.249952 2.675173
v -0.747281 1.505860 -3.215323
v -0.804713 1.500018 2.545082
v -0.680084 1.500057 2.671622
v -0.750238 1.750926 -3.212726
v -0.789066 1.751103 2.538030
v -0.661495 1.751209 2.655223
v -0.752117 1.998718 -3.211987
v -0.861776 2.094641 2.370890
v -0.747001 1.990484 2.487024
v -0.634779 1.887958 2.632161
v -0.746388 2.246968 -3.213801
v -0.811763 2.249241 2.344366
v -0.682259 2.246160 2.401330
v -0.740905 2.499363 -3.216582
v -0.732748 2.487937 2.305081
v -0.639277 2.397806 2.383349
v -0.742012 2.773577 -3.209201
v -0.741136 2.742900 2.195279
v -0.737311 3.076536 -3.183699
v -0.839522 3.065743 2.123530
v -0.752085 2.987231 2.164182
v -0.746034 3.188722 -3.143516
v -0.749838 3.256060 -3.000259
v -0.720799 3.303961 -2.716735
v -0.792234 3.349486 -2.580634
v -0.843279 3.354118 1.832581
v -0.766474 3.271719 2.034981
v -0.669338 3.153453 2.148159
v -0.626849 3.375145 -2.626586
v -0.725937 3.404381 -2.499841
v -0.749095 3.455950 -2.249423
v -0.748747 3.490448 -1.996533
v -0.748827 3.518368 -1.749175
v -0.749625 3.558457 -1.500135
v -0.748240 3.536369 -1.248177
v -0.765943 3.446538 -1.001646
v -0.758736 3.472748 -0.737293
v -0.752788 3.536560 -0.498326
v -0.755582 3.529655 -0.251527
v -0.748093 3.580552 -0.055180
v -0.750425 3.604178 0.557576
v -0.749950 3.601317 0.749644
v -0.755486 3.635192 1.009809
v -0.747265 3.575966 1.248488
v -0.744693 3.607601 1.522515
v -0.730614 3.487277 1.725140
v -0.671367 3.406435 1.917864
v -0.748262 3.640705 0.069092
v -0.745352 3.703667 0.252932
v -0.748526 3.655067 0.434647
v -0.625702 3.627591 1.615603
v -0.625733 3.625893 1.625924
v -0.999920 0.346835 -2.941272
v -1.000062 0.272645 -2.749804
v -0.999769 0.197829 -2.500600
v -0.999581 0.157542 -2.251226
v -1.000331 0.141710 -2.000488
v -0.999743 0.156657 -1.749834
v -1.000081 0.151162 -1.500040
v -0.999921 0.175354 -1.250169
v -1.000008 0.201201 -0.999840
v -1.000039 0.242452 -0.750133
v -0.999906 0.265757 -0.500030
v -1.000232 0.284979 -0.250350
v -0.999949 0.296885 -0.000021
v -1.000023 0.308749 0.250014
v -0.999985 0.310687 0.499971
v -1.000210 0.308593 0.750015
v -1.000608 0.325550 1.000618
v -0.991185 0.355823 1.236621
v -0.901310 0.366906 1.405127
v -0.995768 0.461843 -3.171455
v -0.998861 0.378680 -3.076577
v -1.068340 0.385846 1.310664
v -0.992393 0.407405 1.494799
v -0.999414 0.491810 1.749340
v -1.003178 0.536738 2.005845
v -0.998357 0.605743 2.176265
v -1.004225 0.730712 -3.206602
v -1.026407 0.721061 2.327720
v -0.948692 0.802007 2.433499
v -1.003299 0.995978 -3.217291
v -1.114268 0.999495 2.377869
v -0.983483 0.999943 2.458801
v -1.001415 1.251978 -3.219353
v -1.075741 1.248125 2.333366
v -0.945985 1.247129 2.432713
v -0.998499 1.503842 -3.216236
v -1.026669 1.497441 2.284070
v -0.910440 1.499523 2.415833
v -0.996725 1.751150 -3.213704
v -1.016450 1.750445 2.276931
v -0.901760 1.749943 2.405209
v -0.996879 1.998048 -3.212908
v -0.985603 2.006409 2.308596
v -0.893623 1.927640 2.393997
v -0.997817 2.246020 -3.216736
v -0.998934 2.249402 2.252784
v -0.997916 2.498959 -3.221458
v -1.090600 2.576762 2.104973
v -1.003091 2.495095 2.172943
v -0.990258 2.760082 -3.217052
v -1.042088 2.749241 2.083645
v -0.915488 2.748328 2.135814
v -0.959613 3.059352 -3.195731
v -0.992119 2.992103 2.085683
v -0.884844 2.895132 2.131079
v -0.988393 3.242980 -3.156797
v -1.000185 3.281721 -3.001325
v -0.994366 3.334110 -2.752102
v -1.010414 3.373210 -2.507698
v -1.093164 3.358111 -2.344977
v -1.083770 3.350292 1.593696
v -1.001562 3.309063 1.749724
v -1.008062 3.192915 1.946338
v -0.929162 3.401345 -2.419446
v -1.001363 3.406327 -2.254109
v -0.997942 3.469773 -1.994168
v -1.002440 3.573435 -1.744950
v -0.911882 3.610495 -1.500091
v -0.874299 3.642288 -1.244769
v -0.965112 3.557240 -1.028983
v -0.984909 3.531574 -0.749449
v -0.965865 3.566627 -0.491249
v -0.949935 3.565037 -0.252768
v -0.931963 3.581688 -0.065931
v -0.885145 3.621618 0.615376
v -0.977236 3.590824 0.750422
v -0.988218 3.544433 0.995266
v -0.985846 3.494904 1.255261
v -1.002253 3.449992 1.511186
v -0.911986 3.390332 1.660797
v -1.075355 3.660499 -1.662969
v -1.070876 3.734933 -1.470931
v -0.983570 3.757731 -1.254531
v -1.027744 3.750628 -0.994157
v -1.106629 3.751463 -0.755344
v -1.103634 3.750477 -0.495821
v -1.143495 3.762463 -0.262392
v -1.029390 3.749731 -0.003676
v -0.977361 3.784957 0.252588
v -0.978872 3.742016 0.514778
v -1.071030 3.749080 0.663243
v -1.121677 3.879177 -1.380742
v -1.105122 3.898883 -1.248631
v -1.098421 3.908285 -1.001315
v -1.095312 3.905103 -0.747000
v -1.093691 3.887541 -0.499400
v -1.129476 3.876599 -0.354577
v -1.090558 3.927798 0.053832
v -1.083823 3.940881 0.247410
v -1.084844 3.939103 0.512574
v -1.124464 3.877785 0.627338
v -1.350756 0.127719 -2.180492
v -1.350768 0.127174 -2.050458
v -1.366592 0.123748 -1.670109
v -1.365695 0.123382 -1.500000
v -1.370998 0.123971 -1.357697
v -1.249913 0.334418 -2.979074
v -1.249961 0.234718 -2.750960
v -1.249903 0.162341 -2.501064
v -1.260431 0.130758 -2.258749
v -1.260574 0.126543 -1.980312
v -1.270168 0.123156 -1.752208
v -1.241632 0.129141 -1.500060
v -1.272212 0.142051 -1.264700
v -1.249895 0.162509 -1.000123
v -1.249997 0.187453 -0.749942
v -1.249997 0.225052 -0.500027
v -1.249911 0.251074 -0.249823
v -1.250014 0.264378 -0.000136
v -1.249994 0.284888 0.249990
v -1.250071 0.296782 0.499996
v -1.250548 0.317045 0.750580
v -1.234139 0.357084 0.991084
v -1.140111 0.370130 1.143558
v -1.261434 0.432753 -3.169719
v -1.249957 0.385318 -3.105823
v -1.306950 0.390878 1.068509
v -1.234812 0.416710 1.236768
v -1.251938 0.487682 1.501523
v -1.255652 0.568184 1.756953
v -1.168284 0.587729 2.010412
v -1.126976 0.623284 2.127050
v -1.253069 0.738808 -3.204594
v -1.343895 0.640957 1.844912
v -1.325624 0.718803 2.034328
v -1.201671 0.727607 2.204944
v -1.249868 0.994195 -3.214197
v -1.372647 0.915175 2.116450
v -1.292634 0.997340 2.243851
v -1.246256 1.247496 -3.220701
v -1.361632 1.330611 2.116431
v -1.271883 1.252085 2.208691
v -1.243377 1.500827 -3.222107
v -1.327435 1.498054 2.087264
v -1.196797 1.495845 2.153385
v -1.241880 1.750430 -3.221073
v -1.307617 1.749932 2.072182
v -1.177841 1.750898 2.146824
v -1.242144 2.000102 -3.220403
v -1.322961 1.999679 2.079065
v -1.195823 1.999633 2.173167
v -1.244230 2.247779 -3.222617
v -1.317257 2.254988 2.053732
v -1.182258 2.252736 2.168520
v -1.245574 2.498932 -3.225933
v -1.359118 2.578648 1.861443
v -1.265453 2.497304 2.002080
v -1.144148 2.410569 2.136372
v -1.246385 2.755871 -3.224672
v -1.368687 2.706435 1.869720
v -1.280241 2.774115 1.958155
v -1.251307 3.050353 -3.206338
v -1.340677 3.058526 1.861636
v -1.264123 2.984107 1.948570
v -1.251227 3.250869 -3.146600
v -1.248714 3.278009 -2.993590
v -1.247038 3.313355 -2.753227
v -1.225133 3.278449 -2.486807
v -1.161813 3.333156 -2.339073
v -1.239785 3.306428 1.557600
v -1.238731 3.181541 1.745983
v -1.154025 3.141096 1.892562
v -1.364238 3.435987 -2.407678
v -1.320624 3.489910 -2.247411
v -1.233296 3.531561 -1.977545
v -1.151729 3.599042 -1.825980
v -1.196771 3.580316 0.812324
v -1.242970 3.576140 0.985774
v -1.304096 3.538089 1.251224
v -1.270335 3.430662 1.420675
v -1.343559 3.671451 -2.198516
v -1.326852 3.750191 -1.982308
v -1.211710 3.745274 -1.748515
v -1.174550 3.816406 -1.544820
v -1.150996 3.849857 -0.179835
v -1.124675 3.863283 -0.110906
v -1.214326 3.741092 0.766528
v -1.255045 3.777271 1.019829
v -1.319024 3.690951 1.186617
v -1.371575 3.879140 -1.888046
v -1.344546 3.911240 -1.749678
v -1.261255 3.931921 -1.473586
v -1.246087 3.989470 -1.250350
v -1.226982 4.042660 -1.005482
v -1.265338 4.050458 -0.754693
v -1.191980 4.048514 -0.500191
v -1.236720 4.002255 -0.246312
v -1.234911 3.962278 -0.012534
v -1.264919 3.993116 0.249414
v -1.250695 4.000860 0.502559
v -1.228399 3.963251 0.735743
v -1.340116 3.936619 0.942934
v -1.366145 4.129196 -0.675089
v -1.350562 4.141315 -0.500075
v -1.342672 4.151890 -0.309060
v -1.558660 0.122045 -2.404084
v -1.485143 0.107524 -2.258701
v -1.475991 0.102284 -1.980297
v -1.476023 0.100541 -1.752086
v -1.500005 0.103267 -1.499994
v -1.479864 0.106956 -1.264555
v -1.528970 0.103138 -0.999926
v -1.553234 0.108526 -0.750124
v -1.562767 0.091954 -0.499963
v -1.563317 0.069179 -0.250094
v -1.560726 0.000858 -0.001667
v -1.558284 -0.038269 0.250272
v -1.554079 -0.064458 0.502053
v -1.551623 -0.067943 0.762511
v -1.561856 -0.024824 1.020513
v -1.578871 -0.042965 1.302897
v -1.601225 0.043062 1.515179
v -1.618588 0.098671 1.655970
v -1.499967 0.325938 -2.970909
v -1.500188 0.217763 -2.752759
v -1.485217 0.137883 -2.494152
v -1.391968 0.126600 -2.347277
v -1.375044 0.126221 -1.883779
v -1.376836 0.125581 -1.836768
v -1.382808 0.127061 -1.191056
v -1.403767 0.134024 -1.000069
v -1.428305 0.141987 -0.750003
v -1.437760 0.160390 -0.500073
v -1.438444 0.170565 -0.250134
v -1.434474 0.232406 0.002181
v -1.432095 0.258831 0.250342
v -1.428496 0.289245 0.498447
v -1.424256 0.328220 0.736684
v -1.413844 0.383718 0.958984
v -1.386310 0.447843 1.173072
v -1.523555 0.060718 1.554467
v -1.588233 0.147945 1.780673
v -1.599299 0.292953 1.966615
v -1.515025 0.455866 -3.168235
v -1.500287 0.392235 -3.097074
v -1.381063 0.407537 1.063360
v -1.381733 0.467225 1.235010
v -1.379410 0.531252 1.481226
v -1.373833 0.592307 1.721374
v -1.546668 0.454415 2.087569
v -1.598880 0.575570 2.175620
v -1.502027 0.731240 -3.204994
v -1.382529 0.652836 1.839220
v -1.375399 0.764901 1.992782
v -1.548758 0.736055 2.240520
v -1.497915 0.991750 -3.217859
v -1.378894 0.919044 2.108147
v -1.395069 1.018364 2.118009
v -1.498681 1.247236 -3.225843
v -1.382263 1.326787 2.102685
v -1.409429 1.248061 2.095970
v -1.499716 1.500171 -3.227026
v -1.395139 1.492468 2.052616
v -1.540326 1.500525 2.166763
v -1.498790 1.749456 -3.227733
v -1.442932 1.758652 1.990750
v -1.579855 1.709033 2.149079
v -1.497155 1.999818 -3.229508
v -1.429741 1.984630 1.976067
v -1.496741 2.249617 -3.231261
v -1.423766 2.220717 1.916118
v -1.499151 2.501196 -3.231368
v -1.374569 2.580251 1.844221
v -1.405290 2.487026 1.819711
v -1.503411 2.761138 -3.224943
v -1.427930 2.782271 1.824657
v -1.421692 2.782543 1.830638
v -1.503685 3.059056 -3.201421
v -1.451787 2.970305 1.790659
v -1.376135 2.875486 1.874424
v -1.478358 3.293069 -3.158653
v -1.428771 3.343195 -2.995553
v -1.380557 3.361231 -2.746576
v -1.393802 3.351776 -2.510651
v -1.550882 3.290382 1.518718
v -1.493058 3.152275 1.626333
v -1.583016 3.411809 -3.140490
v -1.529047 3.502177 -2.999974
v -1.406987 3.509812 -2.756479
v -1.380526 3.511827 -2.501713
v -1.381384 3.602865 -2.362678
v -1.619388 3.609746 1.111049
v -1.588239 3.533406 1.216545
v -1.532210 3.458913 1.420234
v -1.598440 3.645939 -2.897810
v -1.544447 3.706052 -2.762928
v -1.483076 3.795669 -2.524654
v -1.418564 3.756610 -2.271239
v -1.394741 3.841050 -2.056865
v -1.619690 3.859385 0.606452
v -1.596624 3.804199 0.739435
v -1.598505 3.663472 0.968301
v -1.375501 3.753084 1.231302
v -1.580688 3.916503 -2.438040
v -1.546777 3.939771 -2.256630
v -1.475155 3.960312 -1.988426
v -1.487053 4.063441 -1.762693
v -1.412917 4.093513 -1.500166
v -1.423271 4.091861 -1.249524
v -1.401235 4.115256 -1.000190
v -1.384798 4.121772 -0.841862
v -1.468437 4.155969 -0.148202
v -1.500216 4.074799 0.000002
v -1.553502 3.961572 0.234768
v -1.594104 3.880944 0.489134
v -1.416638 4.112994 0.803881
v -1.388154 3.954839 0.961832
v -1.581927 4.154671 -1.678384
v -1.531176 4.195510 -1.503171
v -1.540178 4.165929 -1.249821
v -1.528923 4.153938 -0.999950
v -1.468688 4.172440 -0.758074
v -1.479491 4.197789 -0.497731
v -1.484396 4.171753 -0.285775
v -1.750025 0.103469 -2.435759
v -1.749981 0.081481 -2.250263
v -1.750014 0.075464 -1.999991
v -1.750527 0.065503 -1.750246
v -1.749983 0.072702 -1.500053
v -1.750073 0.069832 -1.249916
v -1.750105 0.063925 -0.999949
v -1.749988 0.056115 -0.750009
v -1.750059 0.028390 -0.499980
v -1.750020 -0.002902 -0.250058
v -1.749997 -0.033440 0.000014
v -1.750000 -0.066912 0.249951
v -1.749920 -0.089280 0.499929
v -1.749416 -0.097537 0.750553
v -1.749545 -0.071426 1.000622
v -1.749033 -0.063654 1.257347
v -1.749748 0.025484 1.501203
v -1.749988 0.102074 1.666311
v -1.751399 0.314007 -2.955294
v -1.750730 0.203693 -2.757027
v -1.750160 0.131544 -2.562274
v -1.750294 0.169239 1.794904
v -1.750347 0.294733 1.957282
v -1.765521 0.498972 -3.168364
v -1.753086 0.402408 -3.083284
v -1.749932 0.444177 2.078527
v -1.749954 0.567316 2.168784
v -1.767205 0.715506 -3.199533
v -1.750234 0.746344 2.244889
v -1.754275 0.990437 -3.217426
v -1.749308 0.999920 2.271610
v -1.752383 1.248469 -3.224923
v -1.748392 1.250042 2.269170
v -1.751585 1.499885 -3.225124
v -1.746358 1.500900 2.259732
v -1.751459 1.748881 -3.227136
v -1.625096 1.874812 2.124959
v -1.721700 1.776967 2.202348
v -1.752163 1.999288 -3.230080
v -1.673871 1.999582 2.103481
v -1.798955 1.999503 2.159783
v -1.753751 2.250854 -3.231276
v -1.765018 2.237836 2.061957
v -1.857025 2.147327 2.131038
v -1.755338 2.505235 -3.228662
v -1.751221 2.499579 1.987919
v -1.757891 2.765692 -3.217823
v -1.636604 2.850987 1.873392
v -1.727324 2.763081 1.938785
v -1.745704 3.028922 -3.204444
v -1.728799 3.012355 1.839798
v -1.802711 2.931025 1.905864
v -1.742457 3.317412 -3.178943
v -1.670084 3.338957 1.601884
v -1.750736 3.257531 1.700371
v -1.751124 3.432131 -3.156392
v -1.750837 3.554850 -3.043948
v -1.629953 3.618506 1.114894
v -1.607439 3.663772 1.258145
v -1.723198 3.523568 1.525602
v -1.838632 3.399468 1.644226
v -1.749484 3.656841 -2.907040
v -1.749215 3.759441 -2.753587
v -1.748736 3.867214 -2.604124
v -1.634900 3.869617 0.608940
v -1.723300 3.859886 0.779587
v -1.719797 3.752449 1.022757
v -1.727809 3.752271 1.275712
v -1.789966 3.668246 1.423593
v -1.746390 3.937452 -2.484607
v -1.740318 4.023021 -2.258989
v -1.743625 4.084955 -2.007392
v -1.743884 4.136381 -1.847586
v -1.663365 4.122825 -0.158346
v -1.745014 4.108757 0.006731
v -1.742595 4.046279 0.253627
v -1.725660 3.950935 0.517805
v -1.798630 3.915456 0.709751
v -1.747629 4.171735 -1.718731
v -1.748292 4.234047 -1.505050
v -1.748161 4.217829 -1.248349
v -1.748920 4.191843 -0.999963
v -1.747075 4.202866 -0.752317
v -1.745521 4.200677 -0.500138
v -1.747909 4.155535 -0.245016
v -1.833206 4.136249 -0.074127
v -2.000570 0.091163 -2.457988
v -2.000060 0.062691 -2.250126
v -1.999739 0.057802 -2.000047
v -2.000319 0.037893 -1.749875
v -2.000048 0.043032 -1.499915
v -2.000187 0.031625 -1.249630
v -2.000023 0.029059 -0.999987
v -2.000027 0.011248 -0.749999
v -1.999978 -0.007778 -0.499982
v -1.999446 -0.035912 -0.250539
v -1.999998 -0.062172 -0.000030
v -1.999984 -0.085235 0.249960
v -2.000005 -0.102031 0.499958
v -2.000044 -0.109712 0.750124
v -2.000256 -0.106904 1.000524
v -1.999842 -0.073013 1.250982
v -1.999146 -0.000695 1.502801
v -1.999444 0.086343 1.685539
v -2.002204 0.314177 -2.945060
v -2.001893 0.198655 -2.759074
v -2.000986 0.125227 -2.585069
v -1.999548 0.166698 1.810737
v -1.999581 0.291743 1.966193
v -2.006254 0.545624 -3.157406
v -2.001285 0.433153 -3.066218
v -1.998944 0.420565 2.093380
v -1.998453 0.545197 2.181771
v -2.019726 0.706756 -3.186620
v -1.999723 0.749648 2.257379
v -2.006703 0.988334 -3.209490
v -2.000630 1.000260 2.297759
v -2.002696 1.245786 -3.220728
v -2.001919 1.250553 2.311135
v -2.000421 1.499233 -3.224658
v -2.022090 1.514778 2.339691
v -2.120008 1.607951 2.377832
v -2.001365 1.750102 -3.225856
v -2.020528 1.762170 2.336062
v -2.119093 1.686303 2.380139
v -2.003766 2.001593 -3.224922
v -1.998672 2.000846 2.267476
v -2.006710 2.252964 -3.222167
v -1.918613 2.313811 2.104347
v -2.003413 2.236627 2.170425
v -2.009872 2.504351 -3.217893
v -2.001662 2.510061 2.086064
v -2.085200 2.433927 2.143233
v -2.006347 2.758154 -3.213063
v -1.999262 2.750615 2.029459
v -2.022939 3.048280 -3.197851
v -1.913614 3.093883 1.857762
v -1.997361 3.007380 1.934338
v -2.009355 3.296148 -3.165694
v -2.079311 3.351867 -3.105211
v -1.999767 3.243019 1.801767
v -2.080622 3.158285 1.892182
v -1.916250 3.401956 -3.137074
v -1.990243 3.497074 -2.997143
v -2.066686 3.598008 -2.844456
v -1.998146 3.566681 1.576314
v -1.998228 3.439119 1.679597
v -1.902078 3.640432 -2.891524
v -1.989640 3.705401 -2.755422
v -2.000606 3.848066 -2.572984
v -1.877734 3.873648 0.872479
v -1.975862 3.898449 1.030018
v -1.999868 3.795855 1.253668
v -1.999648 3.676197 1.447928
v -2.002769 3.919420 -2.452490
v -2.004591 4.001083 -2.258011
v -2.002540 4.063353 -2.004269
v -2.013389 4.103437 -1.766257
v -2.105857 4.121024 -1.568563
v -1.999617 4.125223 0.071120
v -1.999949 4.087476 0.251621
v -1.999503 4.021414 0.502760
v -1.977856 3.923105 0.770666
v -2.044218 3.927486 0.954775
v -1.938959 4.148181 -1.693869
v -2.014708 4.163221 -1.491659
v -1.998722 4.155071 -1.249582
v -1.999993 4.161934 -0.999881
v -1.999974 4.167115 -0.749882
v -2.000506 4.180218 -0.500794
v -2.001051 4.157474 -0.248942
v -1.999558 4.143067 -0.054723
v -2.250995 0.087628 -2.461076
v -2.250077 0.052169 -2.250136
v -2.250045 0.032127 -1.999996
v -2.250061 0.022920 -1.749960
v -2.250036 0.016531 -1.499943
v -2.249948 0.016069 -1.250170
v -2.249963 0.005083 -1.000094
v -2.250027 -0.020851 -0.750047
v -2.250010 -0.039097 -0.500010
v -2.250027 -0.061668 -0.250043
v -2.250011 -0.077927 -0.000025
v -2.250043 -0.096033 0.249949
v -2.250059 -0.106370 0.499986
v -2.249993 -0.105263 0.749998
v -2.250000 -0.102756 1.000060
v -2.249797 -0.083000 1.250621
v -2.249112 -0.029126 1.502711
v -2.248704 0.064906 1.723737
v -2.250154 0.332073 -2.925688
v -2.251864 0.210431 -2.756660
v -2.251571 0.126878 -2.588119
v -2.249506 0.143719 1.846339
v -2.262301 0.286048 2.017922
v -2.354958 0.370363 2.129251
v -2.251709 0.569751 -3.147929
v -2.250586 0.451462 -3.054788
v -2.187651 0.392817 2.111766
v -2.260821 0.480445 2.197379
v -2.256704 0.717514 -3.181307
v -2.264063 0.765014 2.328313
v -2.359206 0.860844 2.381063
v -2.254792 0.984260 -3.204067
v -2.197846 0.999119 2.358200
v -2.323078 0.999014 2.399159
v -2.254665 1.243848 -3.216355
v -2.166458 1.250110 2.358816
v -2.291256 1.250058 2.402137
v -2.255994 1.499383 -3.221135
v -2.146525 1.441392 2.368222
v -2.237766 1.514774 2.407391
v -2.257026 1.751524 -3.220859
v -2.125897 1.853214 2.376209
v -2.223293 1.761733 2.420623
v -2.257265 2.003260 -3.217998
v -2.166830 2.003190 2.364028
v -2.292403 2.003309 2.418176
v -2.258272 2.255735 -3.213651
v -2.261782 2.240894 2.308237
v -2.351877 2.152498 2.386470
v -2.263304 2.509008 -3.207670
v -2.140479 2.601186 2.117351
v -2.236726 2.508969 2.191034
v -2.284137 2.771018 -3.198803
v -2.178896 2.749775 2.097291
v -2.304850 2.749416 2.158808
v -2.290162 3.042916 -3.181031
v -2.255334 3.000643 2.063002
v -2.346775 2.914117 2.140950
v -2.262351 3.201003 -3.159162
v -2.253361 3.314485 -3.083350
v -2.192127 3.328488 1.848546
v -2.262105 3.250998 1.936294
v -2.251343 3.450033 -2.953476
v -2.249961 3.568195 -2.803617
v -2.249067 3.610306 1.606032
v -2.262684 3.473263 1.768298
v -2.360384 3.383019 1.882701
v -2.248096 3.665971 -2.674673
v -2.237051 3.792250 -2.485762
v -2.315997 3.854148 -2.317085
v -2.250010 3.869245 1.106748
v -2.249923 3.803466 1.251735
v -2.249532 3.687061 1.479869
v -2.147963 3.886382 -2.396951
v -2.240671 3.914747 -2.241371
v -2.250775 3.981212 -2.001001
v -2.249481 4.036137 -1.749230
v -2.233197 4.091833 -1.490842
v -2.282940 4.105177 -1.249759
v -2.308697 4.119786 -1.000463
v -2.333144 4.113510 -0.749478
v -2.351226 4.123629 -0.500157
v -2.346035 4.124189 -0.250120
v -2.258836 4.109520 0.000490
v -2.249837 4.063842 0.249299
v -2.249988 4.015833 0.498544
v -2.250702 3.988148 0.753188
v -2.250047 3.915992 0.981815
v -2.138734 4.129246 -1.401410
v -2.157502 4.122689 -1.249182
v -2.183554 4.131446 -0.999865
v -2.208181 4.132436 -0.749681
v -2.226041 4.134943 -0.499677
v -2.221046 4.140323 -0.250160
v -2.181368 4.131332 -0.082507
v -2.501617 0.088848 -2.446228
v -2.500355 0.046972 -2.250683
v -2.500055 0.016306 -2.000070
v -2.499998 0.004970 -1.750002
v -2.500033 -0.010243 -1.499887
v -2.499998 -0.020161 -1.249807
v -2.500029 -0.021916 -1.000061
v -2.499996 -0.044001 -0.750015
v -2.500015 -0.057882 -0.500005
v -2.500024 -0.074200 -0.250017
v -2.500002 -0.085260 -0.000003
v -2.500046 -0.096910 0.249971
v -2.499997 -0.100212 0.500002
v -2.500002 -0.102574 0.749999
v -2.499998 -0.103110 1.000006
v -2.499856 -0.092628 1.250416
v -2.499413 -0.052130 1.501900
v -2.482485 0.051707 1.776339
v -2.556358 0.108465 1.897304
v -2.499691 0.347272 -2.906984
v -2.500916 0.238205 -2.752826
v -2.502403 0.133158 -2.573350
v -2.389942 0.127970 1.869688
v -2.482688 0.200456 1.991631
v -2.499874 0.346931 2.149971
v -2.439280 0.590684 -3.143283
v -2.515290 0.498904 -3.061323
v -2.497635 0.494670 2.264474
v -2.524019 0.713340 -3.167993
v -2.602776 0.638186 -3.120158
v -2.498728 0.677922 2.361168
v -2.498442 0.803240 2.405654
v -2.529445 0.969165 -3.194396
v -2.498386 0.999047 2.451708
v -2.518797 1.244125 -3.206279
v -2.500752 1.250066 2.469884
v -2.518574 1.500498 -3.208369
v -2.500820 1.500320 2.487223
v -2.518733 1.752175 -3.207815
v -2.499085 1.749935 2.505958
v -2.520011 2.003584 -3.205990
v -2.497636 2.001908 2.484996
v -2.526018 2.261315 -3.201921
v -2.421423 2.318454 2.353542
v -2.502994 2.240914 2.413414
v -2.538010 2.526441 -3.193608
v -2.503779 2.514207 2.328969
v -2.587974 2.441332 2.390615
v -2.530600 2.778778 -3.179465
v -2.499452 2.750225 2.265091
v -2.498703 3.006423 -3.155524
v -2.565563 3.076043 -3.104412
v -2.413313 3.082509 2.109916
v -2.495238 3.001642 2.187620
v -2.400483 3.140536 -3.130483
v -2.491898 3.238297 -3.040694
v -2.494626 3.250215 2.048685
v -2.580657 3.155711 2.148531
v -2.501968 3.406127 -2.906941
v -2.498620 3.546899 -2.743024
v -2.576716 3.606636 -2.597687
v -2.406172 3.621264 1.619384
v -2.492547 3.552714 1.736612
v -2.498501 3.407358 1.910100
v -2.411067 3.638097 -2.641706
v -2.494739 3.677963 -2.506028
v -2.491345 3.818049 -2.239139
v -2.567881 3.854565 -2.066579
v -2.429582 3.868992 1.111479
v -2.507608 3.827323 1.229053
v -2.493416 3.685513 1.523034
v -2.572881 3.630691 1.634416
v -2.401963 3.885430 -2.147851
v -2.492100 3.911301 -1.992011
v -2.500614 3.972244 -1.751074
v -2.500044 4.024008 -1.500093
v -2.499825 4.062963 -1.249505
v -2.500125 4.096957 -1.001004
v -2.499875 4.094196 -0.749631
v -2.499958 4.102907 -0.499942
v -2.500058 4.105494 -0.250032
v -2.500054 4.093004 0.000153
v -2.500184 4.058534 0.249371
v -2.500163 4.039139 0.501189
v -2.500094 3.982996 0.749354
v -2.507714 3.908016 1.017180
v -2.596218 3.877007 1.130989
v -2.752611 0.097016 -2.417463
v -2.751068 0.051493 -2.251778
v -2.750698 -0.003248 -2.000895
v -2.749990 -0.012310 -1.750001
v -2.750004 -0.026970 -1.499966
v -2.749995 -0.037577 -1.249980
v -2.749993 -0.047569 -0.999990
v -2.750004 -0.057713 -0.750004
v -2.749999 -0.071624 -0.499997
v -2.749999 -0.079260 -0.249999
v -2.750012 -0.088311 -0.000015
v -2.750000 -0.092439 0.250000
v -2.750002 -0.096119 0.499998
v -2.750007 -0.099736 0.749995
v -2.750010 -0.102147 0.999994
v -2.749939 -0.098451 1.250220
v -2.749606 -0.069517 1.501134
v -2.748865 0.000756 1.753116
v -2.748974 0.086603 1.932999
v -2.665488 0.358194 -2.891632
v -2.750442 0.291965 -2.767196
v -2.752363 0.153648 -2.542094
v -2.748020 0.172503 2.060193
v -2.747233 0.297344 2.197916
v -2.754728 0.477434 -2.968017
v -2.832914 0.392163 -2.858913
v -2.725441 0.494739 2.333521
v -2.795577 0.580054 2.399837
v -2.717813 0.793616 -3.157226
v -2.776302 0.729952 -3.102978
v -2.629209 0.628636 2.373987
v -2.726709 0.726141 2.440560
v -2.796627 0.963101 -3.169599
v -2.871630 0.880277 -3.123947
v -2.750017 1.000010 2.517617
v -2.801124 1.242035 -3.184815
v -2.751579 1.250361 2.544392
v -2.803925 1.497457 -3.187740
v -2.751045 1.500292 2.566167
v -2.802062 1.751277 -3.189343
v -2.749550 1.750017 2.579465
v -2.804450 2.010641 -3.186087
v -2.749994 2.000003 2.556130
v -2.797937 2.262435 -3.179965
v -2.750930 2.249508 2.504935
v -2.781461 2.512257 -3.172516
v -2.633193 2.608294 2.371192
v -2.729243 2.515282 2.439125
v -2.756517 2.739142 -3.155063
v -2.826300 2.802593 -3.106667
v -2.672366 2.751363 2.358065
v -2.796919 2.751988 2.416312
v -2.660830 2.911604 -3.134097
v -2.746724 2.997223 -3.068551
v -2.756533 2.992933 2.309664
v -2.848919 2.898868 2.388613
v -2.729388 3.252729 -2.936323
v -2.797152 3.335941 -2.845550
v -2.748700 3.320722 2.075368
v -2.748023 3.195885 2.182406
v -2.626519 3.375759 -2.875768
v -2.729338 3.450585 -2.760929
v -2.751164 3.585683 -2.558063
v -2.749828 3.559417 1.780116
v -2.749394 3.436065 1.948201
v -2.749022 3.650709 -2.427398
v -2.750214 3.735313 -2.250539
v -2.745218 3.827135 -1.988704
v -2.826192 3.860988 -1.836300
v -2.749532 3.837247 1.274652
v -2.749457 3.729098 1.502182
v -2.750095 3.641748 1.654050
v -2.660138 3.884753 -1.900792
v -2.746392 3.910457 -1.753487
v -2.750025 3.969757 -1.500055
v -2.750251 4.020600 -1.250480
v -2.750478 4.058593 -1.000793
v -2.750061 4.071695 -0.750075
v -2.749852 4.073437 -0.499604
v -2.749951 4.083317 -0.249897
v -2.750007 4.082239 -0.000016
v -2.749987 4.074034 0.250293
v -2.750011 4.041591 0.499951
v -2.749868 3.997063 0.750481
v -2.749742 3.933860 1.001189
v -2.749818 3.885849 1.148541
v -2.910708 0.111808 -2.391584
v -2.997172 0.077097 -2.265261
v -3.001370 -0.000018 -2.001752
v -3.000335 -0.031921 -1.750356
v -3.000000 -0.043394 -1.499993
v -2.999988 -0.054597 -1.249980
v -3.000002 -0.063474 -1.000003
v -2.999973 -0.075289 -0.749979
v -2.999994 -0.080531 -0.499996
v -2.999992 -0.086352 -0.249998
v -3.000001 -0.088116 -0.000001
v -2.999998 -0.089811 0.250001
v -2.999994 -0.092479 0.500006
v -2.999991 -0.095841 0.750009
v -2.999997 -0.099370 1.000003
v -2.999980 -0.100700 1.250079
v -2.999242 -0.083763 1.502023
v -2.998783 -0.029126 1.759497
v -2.975033 0.051982 1.953534
v -3.001897 0.316347 -2.693620
v -2.998877 0.176475 -2.488523
v -3.076874 0.130356 -2.356233
v -2.968811 0.132917 2.089199
v -2.957197 0.255154 2.235071
v -3.005260 0.570820 -2.917320
v -3.006321 0.442098 -2.826112
v -2.985867 0.453674 2.398358
v -2.923071 0.564617 2.433985
v -3.005275 0.745677 -3.008677
v -3.101384 0.655636 2.360723
v -2.982764 0.715081 2.515832
v -2.931585 1.041981 -3.148278
v -3.005719 0.976778 -3.091226
v -2.971530 0.986762 2.585969
v -2.976813 1.246239 -3.160092
v -3.087723 1.249561 -3.107408
v -2.969902 1.243046 2.621053
v -2.997992 1.497811 -3.164870
v -3.109364 1.499940 -3.117329
v -2.969917 1.493867 2.644529
v -3.014273 1.750097 -3.164671
v -3.118199 1.749986 -3.123532
v -2.970115 1.752648 2.654459
v -2.996571 2.004875 -3.162967
v -3.103883 2.000171 -3.115195
v -2.970000 2.010532 2.632151
v -2.959316 2.253515 -3.154708
v -3.072137 2.249945 -3.097995
v -2.968579 2.261907 2.591488
v -2.913109 2.502373 -3.140607
v -3.032942 2.500416 -3.080494
v -2.967638 2.515398 2.544566
v -2.881888 2.635524 -3.127891
v -2.979755 2.731712 -3.054137
v -3.072986 2.812712 2.343240
v -2.963948 2.763585 2.481472
v -3.007900 3.006402 -2.944623
v -3.094001 3.092078 -2.860632
v -2.967604 3.025166 2.374327
v -2.898239 2.905776 2.405041
v -2.927449 3.163098 -2.903732
v -3.026805 3.273888 -2.773560
v -3.117822 3.370605 -2.620530
v -2.985274 3.362460 2.111721
v -2.980633 3.238331 2.230315
v -2.953692 3.419790 -2.674153
v -3.011377 3.515983 -2.510879
v -3.065901 3.602892 -2.330041
v -2.992559 3.594566 1.802063
v -2.988848 3.475198 1.977537
v -2.899517 3.636242 -2.391422
v -2.989841 3.667208 -2.248688
v -3.000209 3.761938 -2.000461
v -3.007657 3.846476 -1.753040
v -3.096600 3.873906 -1.600129
v -2.998405 3.854802 1.278879
v -2.996651 3.754045 1.513627
v -2.995183 3.671717 1.671567
v -2.928465 3.885736 -1.669584
v -3.007811 3.915059 -1.509919
v -3.000125 3.971656 -1.250235
v -3.000323 4.015919 -1.000525
v -2.999956 4.040979 -0.749927
v -2.999997 4.061511 -0.499989
v -2.999999 4.075804 -0.249903
v -2.999992 4.084797 -0.000008
v -2.999899 4.078739 0.250206
v -2.999676 4.052532 0.500884
v -2.999431 4.008851 0.752267
v -2.999142 3.945469 1.004611
v -2.998950 3.899796 1.151274
v -3.178049 0.080364 -2.193889
v -3.261152 0.051254 -2.006205
v -3.252185 -0.023661 -1.751903
v -3.249969 -0.063525 -1.500397
v -3.249660 -0.079532 -1.250010
v -3.249925 -0.085346 -0.999987
v -3.249991 -0.087896 -0.749997
v -3.249991 -0.090979 -0.499954
v -3.249999 -0.088383 -0.249994
v -3.250000 -0.087654 0.000000
v -3.250000 -0.088708 0.250001
v -3.250000 -0.091406 0.500001
v -3.250000 -0.095368 0.749999
v -3.250001 -0.099391 0.999993
v -3.250007 -0.098281 1.250168
v -3.250017 -0.070524 1.501238
v -3.250022 0.004575 1.753612
v -3.250023 0.091293 1.920078
v -3.144649 0.340946 -2.658179
v -3.199579 0.283373 -2.513402
v -3.277267 0.214517 -2.274019
v -3.340300 0.148591 -2.087819
v -3.250131 0.187030 2.049472
v -3.250152 0.315681 2.174305
v -3.126291 0.622283 -2.877260
v -3.186235 0.505195 -2.764068
v -3.308108 0.499333 -2.492944
v -3.355752 0.419497 -2.347028
v -3.250215 0.495627 2.288233
v -3.151888 0.742322 -2.923027
v -3.253497 0.744900 -2.761677
v -3.341307 0.749028 -2.559984
v -3.250061 0.670186 2.363134
v -3.250064 0.795244 2.404810
v -3.189181 0.993947 -2.975526
v -3.291308 0.998456 -2.756321
v -3.360954 0.999778 -2.596937
v -3.250016 0.999763 2.453135
v -3.205301 1.247706 -2.998887
v -3.310224 1.249523 -2.754148
v -3.371346 1.249950 -2.617057
v -3.249995 1.250143 2.486350
v -3.211397 1.498944 -3.009926
v -3.328819 1.485194 -2.729950
v -3.374608 1.392246 -2.624093
v -3.249977 1.500110 2.505916
v -3.214332 1.749958 -3.014776
v -3.320332 1.750060 -2.758347
v -3.250003 1.750003 2.512072
v -3.209869 2.002148 -3.009420
v -3.325894 1.987773 -2.729339
v -3.372075 2.062456 -2.618901
v -3.249990 1.999949 2.495386
v -3.199832 2.252986 -2.997009
v -3.301092 2.250767 -2.755156
v -3.365520 2.250069 -2.606582
v -3.250001 2.250083 2.465883
v -3.185881 2.504807 -2.981908
v -3.283111 2.501411 -2.757288
v -3.354777 2.500255 -2.585225
v -3.249966 2.500583 2.426812
v -3.162009 2.758336 -2.954712
v -3.258013 2.753236 -2.760846
v -3.340178 2.750807 -2.554365
v -3.249841 2.794473 2.355150
v -3.249928 2.668507 2.390740
v -3.141931 2.929374 -2.911326
v -3.205456 3.014974 -2.786694
v -3.323337 3.003426 -2.490964
v -3.365590 3.087251 -2.354553
v -3.249690 3.004993 2.270541
v -3.169942 3.224152 -2.716868
v -3.233986 3.285254 -2.535914
v -3.341582 3.271578 -2.265248
v -3.369165 3.364677 -2.113838
v -3.249909 3.304445 2.060282
v -3.249884 3.177605 2.165650
v -3.175327 3.459320 -2.472401
v -3.222284 3.528264 -2.258493
v -3.321511 3.513285 -2.021617
v -3.349069 3.598120 -1.827784
v -3.250073 3.552890 1.766978
v -3.249996 3.426589 1.932544
v -3.142464 3.651348 -2.167334
v -3.190417 3.695124 -2.008727
v -3.268439 3.722591 -1.750592
v -3.250474 3.825935 -1.512660
v -3.320940 3.845685 -1.300525
v -3.355602 3.874356 1.123792
v -3.263385 3.834272 1.227360
v -3.250087 3.709033 1.501179
v -3.250004 3.633577 1.638941
v -3.156745 3.897990 -1.433756
v -3.243051 3.905637 -1.230681
v -3.250096 3.957594 -1.000082
v -3.249582 4.007394 -0.749459
v -3.250282 4.046653 -0.499094
v -3.249930 4.080245 -0.250149
v -3.249903 4.092115 -0.000012
v -3.249940 4.082185 0.250227
v -3.249974 4.050202 0.500386
v -3.250001 3.996029 0.750399
v -3.263376 3.911770 1.024703
v -3.188916 3.875663 1.128074
v -3.499997 0.095476 -1.925708
v -3.500001 0.004142 -1.751867
v -3.499999 -0.070223 -1.501352
v -3.499999 -0.098115 -1.250274
v -3.500000 -0.099329 -0.999977
v -3.500000 -0.095274 -0.749996
v -3.500000 -0.091209 -0.499999
v -3.500000 -0.088530 -0.250000
v -3.500000 -0.087622 0.000000
v -3.500000 -0.088530 0.250000
v -3.500000 -0.091209 0.499999
v -3.500000 -0.095274 0.749996
v -3.500000 -0.099329 0.999992
v -3.500000 -0.098120 1.250172
v -3.500000 -0.070247 1.501226
v -3.500000 0.004872 1.753605
v -3.500000 0.091507 1.919506
v -3.499974 0.317020 -2.172838
v -3.499992 0.187613 -2.048363
v -3.500000 0.188255 2.049098
v -3.500000 0.317157 2.172947
v -3.412688 0.597309 -2.377506
v -3.507815 0.513776 -2.294747
v -3.500000 0.495514 2.285982
v -3.507815 0.758383 -2.391573
v -3.596358 0.660878 -2.357504
v -3.500000 0.673538 2.362262
v -3.500000 0.798696 2.403960
v -3.499785 1.010995 -2.453998
v -3.500000 0.999734 2.451935
v -3.499746 1.256605 -2.486587
v -3.500000 1.250113 2.485965
v -3.378819 1.559025 -2.626865
v -3.459955 1.489331 -2.517504
v -3.500000 1.500097 2.504788
v -3.380257 1.749955 -2.627618
v -3.508949 1.748564 -2.510268
v -3.500000 1.750010 2.510227
v -3.377044 1.895666 -2.626042
v -3.456400 1.981802 -2.511273
v -3.500000 1.999931 2.493612
v -3.499753 2.241571 -2.466561
v -3.500000 2.250022 2.465475
v -3.499784 2.489610 -2.429548
v -3.500000 2.500426 2.427618
v -3.503860 2.730843 -2.376141
v -3.589767 2.819687 -2.349070
v -3.500000 2.798518 2.355988
v -3.500000 2.672688 2.391351
v -3.404592 2.912913 -2.379875
v -3.503860 2.985087 -2.282537
v -3.500000 3.004660 2.272939
v -3.499906 3.184438 -2.162397
v -3.499925 3.307805 -2.058115
v -3.500000 3.305564 2.060243
v -3.500000 3.178750 2.166597
v -3.499949 3.420468 -1.939231
v -3.499971 3.548414 -1.770750
v -3.500000 3.552625 1.764488
v -3.500000 3.426119 1.932607
v -3.499979 3.625818 -1.647502
v -3.499991 3.709198 -1.494643
v -3.519300 3.831947 -1.228731
v -3.615500 3.874208 -1.123638
v -3.500000 3.874361 1.123242
v -3.500000 3.822608 1.250879
v -3.500000 3.705757 1.501376
v -3.500000 3.632150 1.636637
v -3.448439 3.872260 -1.132119
v -3.519300 3.911082 -1.024130
v -3.500000 3.995933 -0.750492
v -3.500000 4.050943 -0.500344
v -3.500000 4.083814 -0.250190
v -3.500000 4.094719 0.000000
v -3.500000 4.083814 0.250181
v -3.500000 4.050949 0.500312
v -3.500000 3.995950 0.750426
v -3.500000 3.919947 0.998869
v -3.750000 0.091496 -1.919489
v -3.750000 0.004875 -1.753613
v -3.750000 -0.070247 -1.501229
v -3.750000 -0.098120 -1.250172
v -3.750000 -0.099329 -0.999992
v -3.750000 -0.095274 -0.749996
v -3.750000 -0.091209 -0.499999
v -3.750000 -0.088530 -0.250000
v -3.750000 -0.087622 0.000000
v -3.750000 -0.088530 0.250000
v -3.750000 -0.091209 0.499999
v -3.750000 -0.095274 0.749996
v -3.750000 -0.099329 0.999992
v -3.750000 -0.098120 1.250172
v -3.750000 -0.070247 1.501229
v -3.750000 0.004875 1.753613
v -3.750000 0.091496 1.919489
v -3.750000 0.317166 -2.172955
v -3.750000 0.188267 -2.049113
v -3.750000 0.188267 2.049113
v -3.750000 0.317166 2.172955
v -3.750000 0.495465 -2.285959
v -3.750000 0.495465 2.285959
v -3.750000 0.798838 -2.404002
v -3.750000 0.673667 -2.362310
v -3.750000 0.673667 2.362310
v -3.750000 0.798838 2.404002
v -3.750000 0.999721 -2.451932
v -3.750000 0.999721 2.451932
v -3.750000 1.250109 -2.485965
v -3.750000 1.250109 2.485965
v -3.750000 1.500094 -2.504788
v -3.750000 1.500094 2.504788
v -3.750000 1.750012 -2.510227
v -3.750000 1.750012 2.510227
v -3.750000 1.999939 -2.493611
v -3.750000 1.999939 2.493611
v -3.750000 2.250026 -2.465475
v -3.750000 2.250026 2.465475
v -3.750000 2.500420 -2.427619
v -3.750000 2.500420 2.427619
v -3.750000 2.672789 -2.391326
v -3.750000 2.798610 -2.355959
v -3.750000 2.798610 2.355959
v -3.750000 2.672789 2.391326
v -3.750000 3.004631 -2.272954
v -3.750000 3.004631 2.272954
v -3.750000 3.178755 -2.166593
v -3.750000 3.305588 -2.060221
v -3.750000 3.305588 2.060221
v -3.750000 3.178755 2.166593
v -3.750000 3.426110 -1.932618
v -3.750000 3.552670 -1.764420
v -3.750000 3.552670 1.764420
v -3.750000 3.426110 1.932618
v -3.750000 3.632185 -1.636576
v -3.750000 3.705728 -1.501431
v -3.750000 3.822594 -1.250912
v -3.750000 3.874385 -1.123178
v -3.750000 3.874385 1.123178
v -3.750000 3.822594 1.250912
v -3.750000 3.705728 1.501431
v -3.750000 3.632185 1.636576
v -3.750000 3.919972 -0.998798
v -3.750000 3.995949 -0.750429
v -3.750000 4.050949 -0.500309
v -3.750000 4.083815 -0.250176
v -3.750000 4.094719 0.000000
v -3.750000 4.083815 0.250176
v -3.750000 4.050949 0.500309
v -3.750000 3.995949 0.750429
v -3.750000 3.919972 0.998798
v -4.000000 0.091496 -1.919489
v -4.000000 0.004875 -1.753613
v -4.000000 -0.070247 -1.501229
v -4.000000 -0.098120 -1.250172
v -4.000000 -0.099329 -0.999992
v -4.000000 -0.095274 -0.749996
v -4.000000 -0.091209 -0.499999
v -4.000000 -0.088530 -0.250000
v -4.000000 -0.087622 0.000000
v -4.000000 -0.088530 0.250000
v -4.000000 -0.091209 0.499999
v -4.000000 -0.095274 0.749996
v -4.000000 -0.099329 0.999992
v -4.000000 -0.098120 1.250172
v -4.000000 -0.070247 1.501229
v -4.000000 0.004875 1.753613
v -4.000000 0.091496 1.919489
v -4.000000 0.317166 -2.172955
v -4.000000 0.188267 -2.049113
v -4.000000 0.188267 2.049113
v -4.000000 0.317166 2.172955
v -4.000000 0.495465 -2.285959
v -4.000000 0.495465 2.285959
v -4.000000 0.798838 -2.404002
v -4.000000 0.673667 -2.362310
v -4.000000 0.673667 2.362310
v -4.000000 0.798838 2.404002
v -4.000000 0.999721 -2.451932
v -4.000000 0.999721 2.451932
v -4.000000 1.250109 -2.485965
v -4.000000 1.250109 2.485965
v -4.000000 1.500094 -2.504788
v -4.000000 1.500094 2.504788
v -4.000000 1.750012 -2.510227
v -4.000000 1.750012 2.510227
v -4.000000 1.999939 -2.493611
v -4.000000 1.999939 2.493611
v -4.000000 2.250026 -2.465475
v -4.000000 2.250026 2.465475
v -4.000000 2.500420 -2.427619
v -4.000000 2.500420 2.427619
v -4.000000 2.672789 -2.391326
v -4.000000 2.798610 -2.355959
v -4.000000 2.798610 2.355959
v -4.000000 2.672789 2.391326
v -4.000000 3.004631 -2.272954
v -4.000000 3.004631 2.272954
v -4.000000 3.178755 -2.166593
v -4.000000 3.305588 -2.060221
v -4.000000 3.305588 2.060221
v -4.000000 3.178755 2.166593
v -4.000000 3.426110 -1.932618
v -4.000000 3.552670 -1.764420
v -4.000000 3.552670 1.764420
v -4.000000 3.426110 1.932618
v -4.000000 3.632185 -1.636576
v -4.000000 3.705728 -1.501431
v -4.000000 3.822594 -1.250912
v -4.000000 3.874385 -1.123178
v -4.000000 3.874385 1.123178
v -4.000000 3.822594 1.250912
v -4.000000 3.705728 1.501431
v -4.000000 3.632185 1.636576
v -4.000000 3.919972 -0.998798
v -4.000000 3.995949 -0.750429
v -4.000000 4.050949 -0.500309
v -4.000000 4.083815 -0.250176
v -4.000000 4.094719 0.000000
v -4.000000 4.083815 0.250176
v -4.000000 4.050949 0.500309
v -4.000000 3.995949 0.750429
v -4.000000 3.919972 0.998798
vt -0.991765 -0.491767
vt -0.999561 -0.439037
vt -1.006322 -0.366175
vt -1.008831 -0.299787
vt -1.008940 -0.237085
vt -1.008575 -0.175113
vt -1.008209 -0.113143
vt -1.007968 -0.050991
vt -1.007886 0.011391
vt -1.007968 0.074009
vt -1.008209 0.136857
vt -1.008575 0.199885
vt -1.008940 0.262911
vt -1.008831 0.325299
vt -1.006322 0.384439
vt -0.999561 0.437770
vt -0.991765 0.467978
vt -0.971455 -0.584470
vt -0.983056 -0.536753
vt -0.983056 0.487803
vt -0.971455 0.502007
vt -0.955408 -0.635900
vt -0.955408 0.507079
vt -0.928105 -0.704849
vt -0.939370 -0.678154
vt -0.939370 0.503001
vt -0.928105 0.497152
vt -0.910025 -0.742947
vt -0.910025 0.483019
vt -0.887490 -0.784005
vt -0.887490 0.458977
vt -0.864992 -0.821209
vt -0.864992 0.431185
vt -0.842499 -0.855058
vt -0.842499 0.400055
vt -0.820005 -0.883395
vt -0.820005 0.363411
vt -0.797498 -0.908872
vt -0.797498 0.323865
vt -0.774962 -0.931959
vt -0.774962 0.281850
vt -0.759449 -0.945294
vt -0.748125 -0.952809
vt -0.748125 0.225170
vt -0.759449 0.250369
vt -0.729583 -0.958840
vt -0.729583 0.177636
vt -0.713912 -0.954886
vt -0.702497 -0.944782
vt -0.702497 0.085329
vt -0.713912 0.128410
vt -0.691650 -0.928549
vt -0.680260 -0.902952
vt -0.680260 -0.020742
vt -0.691650 0.037760
vt -0.673103 -0.881328
vt -0.666484 -0.857102
vt -0.655967 -0.809665
vt -0.651305 -0.784465
vt -0.651305 -0.222876
vt -0.655967 -0.184209
vt -0.666484 -0.106387
vt -0.673103 -0.063040
vt -0.647203 -0.759296
vt -0.640365 -0.707081
vt -0.635415 -0.651701
vt -0.632457 -0.593440
vt -0.631475 -0.532314
vt -0.632457 -0.468352
vt -0.635415 -0.401546
vt -0.640365 -0.331866
vt -0.647203 -0.259897
vt -0.929265 -0.491767
vt -0.937061 -0.439037
vt -0.943822 -0.366175
vt -0.946331 -0.299787
vt -0.946440 -0.237085
vt -0.946075 -0.175113
vt -0.945709 -0.113143
vt -0.945468 -0.050991
vt -0.945386 0.011391
vt -0.945468 0.074009
vt -0.945709 0.136857
vt -0.946075 0.199885
vt -0.946440 0.262911
vt -0.946331 0.325299
vt -0.943822 0.384439
vt -0.937061 0.437770
vt -0.929265 0.467978
vt -0.908955 -0.584470
vt -0.920556 -0.536753
vt -0.920556 0.487803
vt -0.908955 0.502007
vt -0.892908 -0.635900
vt -0.892908 0.507079
vt -0.865605 -0.704849
vt -0.876870 -0.678154
vt -0.876870 0.503001
vt -0.865605 0.497152
vt -0.847525 -0.742947
vt -0.847525 0.483019
vt -0.824990 -0.784005
vt -0.824990 0.458977
vt -0.802492 -0.821209
vt -0.802492 0.431185
vt -0.779999 -0.855058
vt -0.779999 0.400055
vt -0.757505 -0.883395
vt -0.757505 0.363411
vt -0.734998 -0.908872
vt -0.734998 0.323865
vt -0.712462 -0.931959
vt -0.712462 0.281850
vt -0.696949 -0.945294
vt -0.685625 -0.952809
vt -0.685625 0.225170
vt -0.696949 0.250369
vt -0.667083 -0.958840
vt -0.667083 0.177636
vt -0.651412 -0.954886
vt -0.639997 -0.944782
vt -0.639997 0.085329
vt -0.651412 0.128410
vt -0.629150 -0.928549
vt -0.617760 -0.902952
vt -0.617760 -0.020742
vt -0.629150 0.037760
vt -0.610603 -0.881328
vt -0.603984 -0.857102
vt -0.593467 -0.809665
vt -0.588805 -0.784465
vt -0.588805 -0.222876
vt -0.593467 -0.184209
vt -0.603984 -0.106387
vt -0.610603 -0.063040
vt -0.584703 -0.759296
vt -0.577865 -0.707081
vt -0.572915 -0.651701
vt -0.569957 -0.593440
vt -0.568975 -0.532314
vt -0.569957 -0.468352
vt -0.572915 -0.401546
vt -0.577865 -0.331866
vt -0.584703 -0.259897
vt -0.866765 -0.491769
vt -0.874561 -0.439035
vt -0.881322 -0.366175
vt -0.883831 -0.299787
vt -0.883940 -0.237085
vt -0.883575 -0.175113
vt -0.883209 -0.113143
vt -0.882968 -0.050991
vt -0.882886 0.011391
vt -0.882968 0.074009
vt -0.883209 0.136857
vt -0.883575 0.199885
vt -0.883940 0.262907
vt -0.883830 0.325323
vt -0.881320 0.384468
vt -0.874627 0.437430
vt -0.866407 0.469014
vt -0.846455 -0.584470
vt -0.858057 -0.536749
vt -0.858113 0.487700
vt -0.846463 0.501996
vt -0.830404 -0.635911
vt -0.830683 0.506895
vt -0.799398 0.516694
vt -0.803118 -0.704819
vt -0.814382 -0.678124
vt -0.839572 0.503462
vt -0.808684 0.499308
vt -0.785025 -0.742948
vt -0.783966 0.482078
vt -0.762491 -0.784004
vt -0.761848 0.458294
vt -0.739992 -0.821208
vt -0.730561 0.435452
vt -0.703843 0.453290
vt -0.717498 -0.855059
vt -0.719702 0.400254
vt -0.687504 0.429370
vt -0.695004 -0.883397
vt -0.685747 0.370377
vt -0.673754 0.410257
vt -0.672496 -0.908874
vt -0.673196 0.325235
vt -0.649960 -0.931961
vt -0.650883 0.283741
vt -0.634460 -0.945285
vt -0.623136 -0.952803
vt -0.643716 0.220708
vt -0.630221 0.239035
vt -0.604582 -0.958841
vt -0.607321 0.182536
vt -0.588953 0.216254
vt -0.588913 -0.954887
vt -0.577497 -0.944781
vt -0.577279 0.084515
vt -0.588372 0.126604
vt -0.566650 -0.928549
vt -0.555257 -0.902946
vt -0.555644 -0.018556
vt -0.567149 0.040165
vt -0.548101 -0.881321
vt -0.541486 -0.857110
vt -0.530968 -0.809671
vt -0.526304 -0.784455
vt -0.555355 -0.222738
vt -0.535058 -0.190870
vt -0.541163 -0.108585
vt -0.548681 -0.059421
vt -0.522201 -0.759284
vt -0.515364 -0.707080
vt -0.510414 -0.651698
vt -0.507457 -0.593437
vt -0.506475 -0.532314
vt -0.507457 -0.468356
vt -0.510414 -0.401553
vt -0.515364 -0.331875
vt -0.527920 -0.252438
vt -0.513775 -0.220195
vt -0.804283 -0.491756
vt -0.812074 -0.439024
vt -0.818846 -0.366147
vt -0.821371 -0.299736
vt -0.821468 -0.237045
vt -0.821085 -0.175099
vt -0.820723 -0.113122
vt -0.820500 -0.050945
vt -0.820416 0.011435
vt -0.820490 0.074038
vt -0.820718 0.136859
vt -0.820427 0.198953
vt -0.820170 0.261104
vt -0.819564 0.322837
vt -0.818166 0.383313
vt -0.815104 0.440976
vt -0.810575 0.494852
vt -0.787059 0.537614
vt -0.784011 -0.584585
vt -0.795600 -0.536723
vt -0.821614 0.502676
vt -0.799986 0.540476
vt -0.773725 0.591491
vt -0.754134 0.618219
vt -0.767961 -0.636369
vt -0.801117 0.532205
vt -0.781756 0.558465
vt -0.754894 0.618201
vt -0.740968 -0.704586
vt -0.752224 -0.677948
vt -0.767680 0.542699
vt -0.742903 0.603230
vt -0.716492 0.628011
vt -0.722527 -0.743061
vt -0.750096 0.519232
vt -0.732062 0.559795
vt -0.705724 0.612446
vt -0.699997 -0.783664
vt -0.730239 0.491674
vt -0.714405 0.526495
vt -0.687634 0.585167
vt -0.677502 -0.820599
vt -0.717814 0.474240
vt -0.697833 0.489193
vt -0.666985 0.555295
vt -0.654992 -0.854152
vt -0.672198 0.462239
vt -0.645418 0.524384
vt -0.632507 -0.882544
vt -0.657527 0.386806
vt -0.652459 0.424155
vt -0.621898 0.491227
vt -0.609995 -0.908372
vt -0.638860 0.359138
vt -0.622623 0.396281
vt -0.597126 0.456429
vt -0.587460 -0.931631
vt -0.613689 0.321294
vt -0.595730 0.364149
vt -0.571173 0.420339
vt -0.572047 -0.944909
vt -0.560730 -0.952553
vt -0.587572 0.281014
vt -0.567100 0.332197
vt -0.542868 0.381408
vt -0.542117 -0.958919
vt -0.563582 0.187293
vt -0.560644 0.232350
vt -0.530132 0.304410
vt -0.521640 0.346952
vt -0.526412 -0.954964
vt -0.515003 -0.944683
vt -0.539544 0.091088
vt -0.541201 0.140990
vt -0.520302 0.203950
vt -0.496062 0.250499
vt -0.504187 -0.928415
vt -0.492778 -0.902697
vt -0.513901 -0.010736
vt -0.514923 0.048674
vt -0.488703 0.107125
vt -0.480758 0.181541
vt -0.477517 0.217583
vt -0.485680 -0.880982
vt -0.479147 -0.856819
vt -0.468610 -0.809479
vt -0.463835 -0.783899
vt -0.486006 -0.174604
vt -0.469054 -0.116281
vt -0.481701 -0.047098
vt -0.465973 0.020792
vt -0.457638 0.069000
vt -0.459693 -0.758774
vt -0.452855 -0.707105
vt -0.447777 -0.651897
vt -0.444682 -0.593835
vt -0.443603 -0.532873
vt -0.444582 -0.468940
vt -0.447517 -0.402427
vt -0.450808 -0.334745
vt -0.455385 -0.265693
vt -0.459599 -0.200946
vt -0.440035 -0.143729
vt -0.743807 -0.494435
vt -0.751682 -0.436178
vt -0.757343 -0.364636
vt -0.759086 -0.299380
vt -0.758940 -0.237085
vt -0.758533 -0.175176
vt -0.758239 -0.113100
vt -0.758103 -0.050796
vt -0.758056 0.011636
vt -0.757962 0.073997
vt -0.757399 0.135688
vt -0.756808 0.197340
vt -0.755692 0.258221
vt -0.754853 0.319512
vt -0.753721 0.380377
vt -0.752610 0.441287
vt -0.749938 0.499927
vt -0.740601 0.555750
vt -0.713391 0.580232
vt -0.722258 -0.591780
vt -0.735035 -0.539772
vt -0.755065 0.571871
vt -0.731814 0.597850
vt -0.721091 0.628052
vt -0.678117 -0.681837
vt -0.704145 -0.657595
vt -0.712088 0.642954
vt -0.687001 0.655193
vt -0.680101 -0.721328
vt -0.715771 -0.675479
vt -0.721662 0.635253
vt -0.690309 0.645913
vt -0.652935 -0.773231
vt -0.653679 0.635882
vt -0.620088 0.637036
vt -0.629741 -0.814113
vt -0.643962 0.610840
vt -0.613059 0.621608
vt -0.606939 -0.851851
vt -0.628617 0.581540
vt -0.598013 0.590806
vt -0.584052 -0.886449
vt -0.611612 0.550929
vt -0.581712 0.561041
vt -0.561861 -0.916199
vt -0.589020 0.517560
vt -0.559322 0.528448
vt -0.539223 -0.943368
vt -0.561029 0.482532
vt -0.530875 0.494285
vt -0.516134 -0.966975
vt -0.520803 0.444827
vt -0.504986 0.465035
vt -0.494426 -0.984444
vt -0.517899 -0.953800
vt -0.503103 0.403568
vt -0.464182 -0.986362
vt -0.471071 -0.992710
vt -0.497012 0.313239
vt -0.482784 0.346903
vt -0.453501 -0.982063
vt -0.443649 -0.966551
vt -0.461038 0.278403
vt -0.449390 0.315747
vt -0.434679 -0.947556
vt -0.424661 -0.917641
vt -0.444851 0.116105
vt -0.430659 0.162352
vt -0.443619 0.223492
vt -0.418780 -0.893734
vt -0.412496 -0.863944
vt -0.403416 -0.813904
vt -0.399134 -0.787148
vt -0.431549 -0.098569
vt -0.408347 -0.058562
vt -0.409439 0.008142
vt -0.418165 0.085514
vt -0.400367 0.126190
vt -0.395380 -0.761219
vt -0.389292 -0.708863
vt -0.384320 -0.653489
vt -0.381152 -0.595444
vt -0.380017 -0.534467
vt -0.380458 -0.471297
vt -0.381532 -0.407273
vt -0.383483 -0.341899
vt -0.386008 -0.275797
vt -0.389824 -0.207758
vt -0.401592 -0.130890
vt -0.387401 -0.081286
vt -0.679435 -0.493726
vt -0.687150 -0.438412
vt -0.693606 -0.366309
vt -0.696099 -0.300082
vt -0.696353 -0.237209
vt -0.696096 -0.175082
vt -0.695826 -0.112972
vt -0.695644 -0.050734
vt -0.695494 0.011550
vt -0.694867 0.073142
vt -0.694148 0.134613
vt -0.692705 0.195016
vt -0.691724 0.256101
vt -0.690733 0.317170
vt -0.689470 0.377849
vt -0.687885 0.438052
vt -0.687220 0.499598
vt -0.682430 0.555262
vt -0.678935 0.588553
vt -0.658955 -0.586148
vt -0.670436 -0.538415
vt -0.673359 0.611804
vt -0.654989 0.650247
vt -0.624499 0.671445
vt -0.654740 -0.675952
vt -0.641433 -0.643383
vt -0.662530 0.657879
vt -0.639097 0.671595
vt -0.618568 -0.705123
vt -0.604711 -0.678306
vt -0.617938 0.672383
vt -0.586094 0.672449
vt -0.597340 -0.750848
vt -0.619548 0.655860
vt -0.595342 0.656064
vt -0.575198 -0.789973
vt -0.577178 0.628264
vt -0.552712 -0.827317
vt -0.555606 0.597057
vt -0.530141 -0.863517
vt -0.535214 0.566336
vt -0.507472 -0.896376
vt -0.512809 0.533237
vt -0.484980 -0.923388
vt -0.489260 0.499785
vt -0.462274 -0.945455
vt -0.482484 0.440371
vt -0.468989 0.461647
vt -0.437614 -0.963259
vt -0.408332 -0.960118
vt -0.461418 0.420976
vt -0.431478 0.430063
vt -0.442364 -0.978957
vt -0.414103 -0.973742
vt -0.416738 0.379400
vt -0.402665 0.405119
vt -0.398228 -0.966010
vt -0.387558 -0.951802
vt -0.386571 0.278313
vt -0.398104 0.319724
vt -0.377510 -0.935145
vt -0.366012 -0.909059
vt -0.365044 0.174801
vt -0.376024 0.232176
vt -0.359556 -0.886695
vt -0.353357 -0.857871
vt -0.345066 -0.807006
vt -0.339956 -0.775853
vt -0.368094 -0.036001
vt -0.346587 0.000210
vt -0.349906 0.075188
vt -0.358131 0.132881
vt -0.336056 -0.750272
vt -0.329457 -0.704640
vt -0.322817 -0.651897
vt -0.318760 -0.595222
vt -0.317354 -0.534644
vt -0.316620 -0.476371
vt -0.332462 -0.410673
vt -0.329431 -0.347163
vt -0.315363 -0.282535
vt -0.321479 -0.216206
vt -0.326211 -0.146813
vt -0.339349 -0.067663
vt -0.325134 -0.026660
vt -0.295517 -0.457989
vt -0.300028 -0.412354
vt -0.295982 -0.350387
vt -0.290505 -0.305770
vt -0.629954 -0.488128
vt -0.616321 -0.450657
vt -0.629352 -0.368923
vt -0.632866 -0.301175
vt -0.633768 -0.237335
vt -0.633559 -0.175134
vt -0.633175 -0.113192
vt -0.632966 -0.050986
vt -0.632288 0.010527
vt -0.631618 0.072062
vt -0.630210 0.132533
vt -0.628929 0.193180
vt -0.627085 0.253023
vt -0.626709 0.314941
vt -0.625247 0.375353
vt -0.623520 0.435363
vt -0.622572 0.496497
vt -0.619928 0.555261
vt -0.616783 0.595494
vt -0.614542 -0.581537
vt -0.600449 -0.533099
vt -0.586515 -0.483909
vt -0.613228 0.621902
vt -0.602272 0.655128
vt -0.592601 0.676126
vt -0.580939 -0.612694
vt -0.568470 -0.579241
vt -0.581634 0.688182
vt -0.573830 -0.706533
vt -0.559199 -0.679151
vt -0.563833 0.688731
vt -0.553269 0.682082
vt -0.550944 -0.730147
vt -0.519647 -0.718459
vt -0.536928 0.662703
vt -0.520420 -0.764809
vt -0.488900 -0.753105
vt -0.514243 0.631021
vt -0.486602 -0.797566
vt -0.470315 -0.775399
vt -0.493827 0.600855
vt -0.467748 -0.840493
vt -0.473637 0.570356
vt -0.444786 -0.878111
vt -0.449673 0.535876
vt -0.422454 -0.903853
vt -0.426210 0.502842
vt -0.404472 -0.921941
vt -0.378966 -0.919266
vt -0.403689 0.469148
vt -0.409967 -0.943006
vt -0.379707 -0.939375
vt -0.380870 0.434359
vt -0.349588 -0.946193
vt -0.320290 -0.932445
vt -0.363550 0.377293
vt -0.353198 0.398207
vt -0.356873 -0.949780
vt -0.325001 -0.927993
vt -0.293853 -0.905316
vt -0.349197 0.279689
vt -0.332606 0.328677
vt -0.316558 0.374911
vt -0.332324 -0.919469
vt -0.308423 -0.895344
vt -0.286523 -0.869569
vt -0.299830 0.181907
vt -0.316145 0.242027
vt -0.305638 0.282721
vt -0.326596 -0.879060
vt -0.298504 -0.855723
vt -0.283996 -0.805083
vt -0.277973 -0.768429
vt -0.288721 0.019009
vt -0.275706 0.060515
vt -0.293174 0.140814
vt -0.274372 -0.742360
vt -0.269231 -0.701241
vt -0.262625 -0.648566
vt -0.260637 -0.588943
vt -0.255933 -0.533094
vt -0.253624 -0.497471
vt -0.280211 -0.263208
vt -0.258320 -0.218459
vt -0.259131 -0.153448
vt -0.265299 -0.081874
vt -0.267590 -0.008012
vt -0.245682 0.027819
vt -0.252566 -0.467749
vt -0.251470 -0.414544
vt -0.251177 -0.352476
vt -0.255321 -0.287527
vt -0.237127 -0.240479
vt -0.556213 -0.438329
vt -0.564567 -0.372325
vt -0.569418 -0.302579
vt -0.571133 -0.237530
vt -0.570979 -0.175251
vt -0.570578 -0.113327
vt -0.569708 -0.052086
vt -0.568767 0.009050
vt -0.567885 0.070266
vt -0.565960 0.129999
vt -0.564356 0.190182
vt -0.562251 0.249651
vt -0.560945 0.310262
vt -0.560155 0.371612
vt -0.559193 0.432715
vt -0.558300 0.493929
vt -0.556343 0.553619
vt -0.553863 0.596854
vt -0.537629 -0.526326
vt -0.548988 -0.479885
vt -0.550958 0.624261
vt -0.542632 0.659794
vt -0.531822 0.684292
vt -0.511476 -0.612721
vt -0.522705 -0.578132
vt -0.510599 0.698609
vt -0.476183 0.700106
vt -0.494889 -0.656351
vt -0.516349 0.696402
vt -0.492174 0.694006
vt -0.472270 -0.702981
vt -0.475413 0.664914
vt -0.450180 -0.739219
vt -0.453682 0.633022
vt -0.445905 -0.800325
vt -0.430686 -0.778849
vt -0.430316 0.602753
vt -0.405614 -0.828715
vt -0.392721 -0.810796
vt -0.405943 0.572036
vt -0.377518 -0.861854
vt -0.346417 -0.864466
vt -0.384382 0.538336
vt -0.375727 -0.890740
vt -0.344550 -0.881125
vt -0.365457 0.505087
vt -0.377399 -0.904308
vt -0.344122 -0.900941
vt -0.342728 0.471610
vt -0.309886 -0.908701
vt -0.278521 -0.900240
vt -0.319334 0.437516
vt -0.311699 -0.923328
vt -0.286753 -0.914222
vt -0.294577 0.400504
vt -0.272494 -0.907793
vt -0.261867 -0.896053
vt -0.266336 0.336195
vt -0.278255 0.376042
vt -0.251392 -0.880158
vt -0.239845 -0.858329
vt -0.267109 0.184815
vt -0.248729 0.223227
vt -0.254891 0.286407
vt -0.231732 -0.839150
vt -0.221941 -0.805296
vt -0.214898 -0.766541
vt -0.216562 0.075580
vt -0.233935 0.147852
vt -0.222770 0.188970
vt -0.211692 -0.739570
vt -0.208063 -0.699871
vt -0.207640 -0.637725
vt -0.201731 -0.583449
vt -0.192919 -0.526631
vt -0.210296 -0.500184
vt -0.219713 -0.196792
vt -0.197174 -0.153219
vt -0.197603 -0.089610
vt -0.205421 -0.015742
vt -0.211742 0.037584
vt -0.168468 -0.506239
vt -0.188196 -0.480038
vt -0.186567 -0.418014
vt -0.186699 -0.355448
vt -0.186184 -0.293554
vt -0.193469 -0.223656
vt -0.176736 -0.173795
vt -0.491488 -0.429869
vt -0.498939 -0.376886
vt -0.505483 -0.304681
vt -0.508064 -0.238391
vt -0.508388 -0.175400
vt -0.507883 -0.113626
vt -0.506361 -0.053314
vt -0.504858 0.007009
vt -0.503017 0.067000
vt -0.500548 0.125786
vt -0.498370 0.185162
vt -0.496729 0.245291
vt -0.496068 0.306953
vt -0.494325 0.366840
vt -0.494425 0.429551
vt -0.492664 0.489338
vt -0.492145 0.551160
vt -0.490614 0.591524
vt -0.472076 -0.523292
vt -0.483316 -0.472927
vt -0.488261 0.619906
vt -0.481249 0.662424
vt -0.469286 0.685562
vt -0.445574 -0.612643
vt -0.457179 -0.578115
vt -0.458743 0.699788
vt -0.473146 0.700321
vt -0.432412 -0.643180
vt -0.430842 0.698538
vt -0.440964 0.696758
vt -0.410021 -0.684451
vt -0.414176 0.668577
vt -0.388569 -0.716304
vt -0.393325 0.635677
vt -0.365747 -0.756954
vt -0.367286 0.601326
vt -0.361435 -0.837185
vt -0.346016 -0.812240
vt -0.342244 0.570359
vt -0.358177 -0.842635
vt -0.325521 -0.849825
vt -0.321318 0.541216
vt -0.297723 -0.867607
vt -0.299596 0.507724
vt -0.272379 -0.874252
vt -0.242060 -0.865330
vt -0.275244 0.472380
vt -0.276315 -0.885474
vt -0.250624 -0.878209
vt -0.249604 0.437676
vt -0.229949 -0.889314
vt -0.216567 0.402369
vt -0.213129 -0.893061
vt -0.201614 -0.889618
vt -0.201193 0.339188
vt -0.210907 0.372715
vt -0.190000 -0.874115
vt -0.179215 -0.847962
vt -0.177539 0.240999
vt -0.188983 0.287863
vt -0.171740 -0.827250
vt -0.162664 -0.800071
vt -0.155003 -0.752246
vt -0.144561 -0.685164
vt -0.131939 -0.654632
vt -0.176233 0.086555
vt -0.157737 0.127733
vt -0.167254 0.195481
vt -0.175197 -0.732994
vt -0.173955 -0.688373
vt -0.148057 -0.637720
vt -0.138550 -0.584996
vt -0.131568 -0.535242
vt -0.159649 -0.130527
vt -0.136055 -0.091530
vt -0.136221 -0.024497
vt -0.148498 0.055639
vt -0.133244 0.099347
vt -0.128583 -0.508128
vt -0.125384 -0.479252
vt -0.119929 -0.424097
vt -0.119703 -0.361638
vt -0.119482 -0.299424
vt -0.121070 -0.234668
vt -0.130400 -0.161680
vt -0.115514 -0.114133
vt -0.439353 -0.424956
vt -0.426774 -0.389338
vt -0.441141 -0.308196
vt -0.441576 -0.244126
vt -0.444393 -0.177585
vt -0.444824 -0.114434
vt -0.442917 -0.054682
vt -0.439847 0.003391
vt -0.437282 0.062235
vt -0.434025 0.120133
vt -0.430428 0.177213
vt -0.429479 0.238443
vt -0.422829 0.296354
vt -0.429148 0.360751
vt -0.421292 0.421981
vt -0.423231 0.480892
vt -0.438580 0.547478
vt -0.448092 0.582332
vt -0.408232 -0.523370
vt -0.415361 -0.457841
vt -0.396592 -0.422142
vt -0.395823 0.311441
vt -0.396234 0.358391
vt -0.395972 0.400139
vt -0.399101 0.498307
vt -0.406631 0.546830
vt -0.425333 0.603878
vt -0.417523 0.660573
vt -0.408685 0.689364
vt -0.382047 -0.612193
vt -0.394125 -0.577815
vt -0.394499 0.701971
vt -0.370065 -0.638434
vt -0.379093 0.697348
vt -0.367800 0.691497
vt -0.347497 -0.677490
vt -0.346943 0.668782
vt -0.324901 -0.707452
vt -0.326591 0.638705
vt -0.302014 -0.749071
vt -0.305734 0.602337
vt -0.279779 -0.798654
vt -0.284363 0.570130
vt -0.257183 -0.844245
vt -0.260443 0.540753
vt -0.234453 -0.858514
vt -0.234151 0.507906
vt -0.217615 -0.859009
vt -0.206984 -0.854502
vt -0.208973 0.471684
vt -0.191333 -0.854236
vt -0.187002 0.437049
vt -0.168224 -0.869293
vt -0.140813 -0.865636
vt -0.165312 0.402617
vt -0.175914 -0.882918
vt -0.144457 -0.879742
vt -0.137748 0.341280
vt -0.147377 0.371009
vt -0.127717 -0.869197
vt -0.117338 -0.843372
vt -0.134786 0.246149
vt -0.122066 0.281623
vt -0.109801 -0.822540
vt -0.102258 -0.802188
vt -0.100490 -0.736736
vt -0.097051 -0.679475
vt -0.092090 -0.642250
vt -0.104176 0.144888
vt -0.097139 0.200398
vt -0.090688 0.247758
vt -0.085922 -0.619868
vt -0.077285 -0.582846
vt -0.068801 -0.536625
vt -0.093773 -0.068769
vt -0.072619 -0.033935
vt -0.077915 0.043642
vt -0.081838 0.117683
vt -0.060675 0.153309
vt -0.065823 -0.509671
vt -0.061034 -0.481328
vt -0.054461 -0.428283
vt -0.050800 -0.371113
vt -0.050233 -0.309327
vt -0.053073 -0.242979
vt -0.056968 -0.174633
vt -0.066024 -0.098790
vt -0.050506 -0.062292
vt -0.396069 -0.374677
vt -0.392675 -0.321033
vt -0.392820 -0.253805
vt -0.394027 -0.185221
vt -0.394798 -0.118469
vt -0.393745 -0.057480
vt -0.384318 -0.000337
vt -0.384662 0.052648
vt -0.385375 0.111335
vt -0.389455 0.172432
vt -0.392756 0.233633
vt -0.394777 0.269970
vt -0.394455 0.442088
vt -0.393642 0.454943
vt -0.372961 -0.524131
vt -0.376021 -0.474573
vt -0.382566 -0.409107
vt -0.311794 -0.355755
vt -0.318470 -0.289808
vt -0.325719 -0.227207
vt -0.330511 -0.162728
vt -0.334184 -0.097797
vt -0.337517 -0.031078
vt -0.343843 0.038822
vt -0.349046 0.103915
vt -0.354144 0.166547
vt -0.359415 0.230603
vt -0.367662 0.289771
vt -0.361024 0.354791
vt -0.367137 0.417522
vt -0.367216 0.476152
vt -0.361104 0.542490
vt -0.359210 0.602600
vt -0.352492 0.656843
vt -0.344226 0.683323
vt -0.349249 -0.613724
vt -0.339608 -0.579916
vt -0.298598 -0.504058
vt -0.301911 -0.438270
vt -0.303996 -0.369425
vt -0.308411 -0.315559
vt -0.330025 0.693152
vt -0.324604 -0.641543
vt -0.277871 -0.610195
vt -0.313254 0.684341
vt -0.302508 0.682206
vt -0.263234 -0.661247
vt -0.264895 -0.644756
vt -0.285263 0.665152
vt -0.244244 -0.709036
vt -0.258539 0.637553
vt -0.198199 -0.804771
vt -0.221820 -0.768087
vt -0.237056 0.605051
vt -0.190535 -0.822948
vt -0.209616 -0.803631
vt -0.220614 0.572849
vt -0.177503 -0.840393
vt -0.188702 -0.835411
vt -0.198991 0.539797
vt -0.168372 -0.847793
vt -0.174306 0.506706
vt -0.149687 -0.852917
vt -0.137233 -0.849319
vt -0.151720 0.473153
vt -0.118427 -0.843498
vt -0.136830 0.439643
vt -0.100240 -0.846789
vt -0.091723 -0.855511
vt -0.108044 0.401035
vt -0.082289 -0.873331
vt -0.074834 0.340653
vt -0.083996 0.369445
vt -0.086613 -0.855025
vt -0.078285 -0.839347
vt -0.060303 0.294101
vt -0.022537 -0.898742
vt -0.061776 -0.819318
vt -0.080491 -0.763984
vt -0.069178 -0.725681
vt -0.064163 -0.672922
vt -0.059761 -0.638184
vt -0.033501 0.201797
vt -0.046089 0.249130
vt 0.002073 -0.862404
vt 0.000086 -0.833148
vt 0.004457 -0.787425
vt -0.071615 -0.669787
vt -0.045475 -0.617978
vt -0.036718 -0.576705
vt -0.033873 -0.541331
vt -0.006244 -0.021554
vt -0.012807 0.039608
vt -0.020203 0.112907
vt -0.024832 0.155290
vt 0.027225 -0.766042
vt 0.025976 -0.733906
vt 0.024181 -0.675633
vt 0.021448 -0.616080
vt -0.008945 -0.527801
vt 0.008243 -0.490741
vt 0.019724 -0.431679
vt 0.007890 -0.379625
vt 0.017959 -0.313694
vt 0.013280 -0.248701
vt 0.006123 -0.176799
vt 0.001443 -0.106618
vt -0.002570 -0.058518
vt 0.049025 -0.414326
vt 0.042690 -0.384935
vt 0.040606 -0.334920
vt -0.252478 -0.335579
vt -0.276042 -0.292699
vt -0.283146 -0.230300
vt -0.285494 -0.164098
vt -0.286310 -0.100329
vt -0.288345 -0.034895
vt -0.290244 0.030350
vt -0.291663 0.094841
vt -0.293202 0.159633
vt -0.294083 0.223399
vt -0.295031 0.287268
vt -0.295195 0.350049
vt -0.294597 0.411884
vt -0.295301 0.475281
vt -0.295527 0.538102
vt -0.293819 0.598424
vt -0.279945 0.655936
vt -0.291656 0.673641
vt -0.227844 -0.613629
vt -0.257748 -0.573060
vt -0.266850 -0.504839
vt -0.268212 -0.437609
vt -0.272337 -0.363805
vt -0.291927 -0.314265
vt -0.248848 0.669469
vt -0.264462 0.678086
vt -0.236236 -0.647874
vt -0.266829 -0.618152
vt -0.248509 0.676567
vt -0.238501 0.680921
vt -0.193928 -0.737326
vt -0.232158 -0.693936
vt -0.264417 -0.645204
vt -0.222840 0.664006
vt -0.185000 -0.769664
vt -0.217207 -0.741819
vt -0.197350 0.631692
vt -0.179978 -0.810452
vt -0.207549 -0.776937
vt -0.175419 0.603753
vt -0.156997 -0.847032
vt -0.156621 0.574894
vt -0.134499 -0.863869
vt -0.149629 -0.856512
vt -0.135340 0.543123
vt -0.089403 -0.892119
vt -0.121010 -0.872134
vt -0.113163 0.509179
vt -0.069254 -0.909103
vt -0.088680 -0.892579
vt -0.106858 -0.870796
vt -0.092079 0.476901
vt -0.048426 -0.899401
vt -0.080259 -0.878029
vt -0.070727 0.445013
vt -0.022591 -0.905571
vt -0.042889 -0.889803
vt -0.062263 -0.873873
vt -0.044794 0.400693
vt -0.007141 -0.902686
vt -0.037987 -0.888619
vt -0.026493 0.341000
vt -0.014933 0.362752
vt 0.019254 -0.908859
vt 0.004578 -0.907851
vt 0.003875 0.312125
vt 0.018240 0.341901
vt 0.021101 -0.906619
vt 0.032413 -0.896110
vt 0.031049 0.204033
vt 0.019003 0.253941
vt 0.040990 -0.876796
vt 0.050426 -0.837242
vt 0.057155 -0.804374
vt 0.053846 -0.020566
vt 0.048344 0.040084
vt 0.043121 0.111473
vt 0.038627 0.160051
vt 0.061664 -0.779689
vt 0.067910 -0.738739
vt 0.071286 -0.679973
vt 0.072030 -0.617581
vt 0.075729 -0.560658
vt 0.082014 -0.504676
vt 0.063296 -0.452642
vt 0.052448 -0.290163
vt 0.075096 -0.250089
vt 0.073938 -0.183131
vt 0.066335 -0.109723
vt 0.059010 -0.058650
vt 0.107234 -0.488289
vt 0.085744 -0.441129
vt 0.085589 -0.387687
vt 0.079108 -0.317897
vt 0.095494 -0.272119
vt -0.196269 -0.401629
vt -0.218463 -0.355875
vt -0.219992 -0.293539
vt -0.221144 -0.229231
vt -0.221801 -0.165657
vt -0.221997 -0.102963
vt -0.223149 -0.038785
vt -0.224404 0.025805
vt -0.225906 0.090264
vt -0.226069 0.152911
vt -0.227490 0.217485
vt -0.228260 0.281021
vt -0.229236 0.345008
vt -0.228582 0.406462
vt -0.230092 0.471259
vt -0.230100 0.533858
vt -0.228010 0.593404
vt -0.221541 0.641135
vt -0.198115 -0.625224
vt -0.200501 -0.570035
vt -0.208040 -0.497458
vt -0.213766 -0.427590
vt -0.236450 -0.378995
vt -0.214449 0.661622
vt -0.204227 0.677503
vt -0.168004 -0.711711
vt -0.193614 -0.677815
vt -0.184945 0.672412
vt -0.174501 0.677411
vt -0.120512 -0.802782
vt -0.159804 -0.753633
vt -0.199938 -0.708439
vt -0.160975 0.663118
vt -0.113270 -0.827018
vt -0.143932 -0.798837
vt -0.138444 0.630124
vt -0.098209 -0.865680
vt -0.130931 -0.840414
vt -0.116771 0.602467
vt -0.075647 -0.896073
vt -0.108490 -0.873667
vt -0.094201 0.575467
vt -0.048334 -0.925335
vt -0.079365 -0.898322
vt -0.070943 0.545135
vt -0.026490 -0.948577
vt -0.042860 -0.932868
vt -0.049515 0.511760
vt -0.027786 -0.941311
vt -0.040702 -0.922590
vt -0.025984 0.478814
vt 0.012239 -0.951526
vt -0.000163 -0.927405
vt -0.002895 0.446527
vt 0.021980 -0.927914
vt 0.006791 -0.919672
vt 0.021866 0.406139
vt 0.058218 -0.946268
vt 0.043336 -0.930253
vt 0.043730 0.363842
vt 0.055669 -0.917009
vt 0.066534 -0.909906
vt 0.069279 0.311623
vt 0.057743 0.340932
vt 0.083404 -0.903508
vt 0.095032 -0.896949
vt 0.098956 0.202718
vt 0.085201 0.259677
vt 0.106652 -0.884687
vt 0.111895 -0.846534
vt 0.090209 -0.817238
vt 0.113833 -0.022530
vt 0.107792 0.043369
vt 0.105007 0.112397
vt 0.103048 0.161530
vt 0.134660 -0.834513
vt 0.121881 -0.801459
vt 0.135869 -0.745587
vt 0.137124 -0.683826
vt 0.137163 -0.620257
vt 0.141351 -0.565530
vt 0.144242 -0.530221
vt 0.115355 -0.229249
vt 0.137443 -0.188974
vt 0.133428 -0.112754
vt 0.122784 -0.061563
vt 0.145719 -0.501024
vt 0.148342 -0.450413
vt 0.152463 -0.394193
vt 0.150939 -0.329093
vt 0.142672 -0.257574
vt 0.159290 -0.214524
vt -0.136515 -0.467250
vt -0.157783 -0.420249
vt -0.158349 -0.354733
vt -0.158462 -0.291957
vt -0.158041 -0.230055
vt -0.157760 -0.167983
vt -0.158058 -0.105013
vt -0.159733 -0.040162
vt -0.160473 0.023462
vt -0.160985 0.086711
vt -0.161075 0.149347
vt -0.162654 0.214112
vt -0.163382 0.277755
vt -0.163508 0.340334
vt -0.164257 0.403957
vt -0.165312 0.467917
vt -0.165662 0.531126
vt -0.162457 0.589215
vt -0.156933 0.627125
vt -0.124293 -0.683972
vt -0.145997 -0.639848
vt -0.142772 -0.561329
vt -0.152371 -0.492008
vt -0.176084 -0.445811
vt -0.149000 0.647888
vt -0.137377 0.658158
vt -0.095640 -0.777038
vt -0.129935 -0.722890
vt -0.161366 -0.674086
vt -0.122152 0.670467
vt -0.110841 0.674153
vt -0.070907 -0.870106
vt -0.098601 -0.816616
vt -0.125711 -0.771617
vt -0.100366 0.664674
vt -0.066262 -0.907862
vt -0.093318 -0.859018
vt -0.084092 0.634120
vt -0.045992 -0.946147
vt -0.074289 -0.897856
vt -0.060561 0.602405
vt -0.020765 -0.973577
vt -0.049371 -0.928611
vt -0.030101 0.574656
vt 0.006726 -0.997765
vt -0.022553 -0.957315
vt -0.003140 0.543741
vt 0.038390 -1.019337
vt 0.006417 -0.977870
vt -0.004587 -0.963374
vt 0.019110 0.511062
vt 0.057464 -1.027653
vt 0.056848 -0.997567
vt 0.021676 -0.974526
vt 0.041127 0.477852
vt 0.085840 -1.005727
vt 0.062221 -0.992177
vt 0.043651 -0.957412
vt 0.066927 0.444402
vt 0.090484 -1.013557
vt 0.064920 -0.968636
vt 0.091217 0.408166
vt 0.117717 -1.021419
vt 0.100658 -0.978532
vt 0.111215 -0.945000
vt 0.108517 0.365613
vt 0.121511 -0.923907
vt 0.133399 -0.911339
vt 0.134078 0.305424
vt 0.124785 0.337504
vt 0.147350 -0.902488
vt 0.158188 -0.896389
vt 0.156148 0.197408
vt 0.144964 0.259671
vt 0.170157 -0.886586
vt 0.181766 -0.868608
vt 0.179504 -0.022151
vt 0.173174 0.041546
vt 0.167284 0.113459
vt 0.162667 0.157640
vt 0.189448 -0.850816
vt 0.198514 -0.811988
vt 0.203596 -0.753216
vt 0.206441 -0.693946
vt 0.197022 -0.629450
vt 0.209077 -0.569684
vt 0.204787 -0.527663
vt 0.204423 -0.169298
vt 0.195056 -0.113905
vt 0.185163 -0.060849
vt 0.230881 -0.677485
vt 0.231183 -0.633504
vt 0.235117 -0.595779
vt 0.206394 -0.498337
vt 0.211366 -0.451034
vt 0.215584 -0.394688
vt 0.215536 -0.332124
vt 0.215630 -0.270202
vt 0.211349 -0.209457
vt -0.077188 -0.530218
vt -0.098333 -0.483417
vt -0.098223 -0.414136
vt -0.097787 -0.351872
vt -0.097042 -0.290410
vt -0.096109 -0.229237
vt -0.095209 -0.168030
vt -0.095459 -0.105164
vt -0.096866 -0.040654
vt -0.096847 0.021890
vt -0.096782 0.084248
vt -0.097030 0.147079
vt -0.097962 0.211042
vt -0.097272 0.272349
vt -0.098429 0.336650
vt -0.100617 0.402232
vt -0.101531 0.466166
vt -0.100502 0.527507
vt -0.090412 0.588104
vt -0.105456 0.617508
vt -0.049197 -0.740894
vt -0.076169 -0.699711
vt -0.082045 -0.623700
vt -0.091944 -0.554875
vt -0.116554 -0.511554
vt -0.061886 0.605994
vt -0.081334 0.631549
vt -0.073931 0.658184
vt -0.031740 -0.836938
vt -0.061643 -0.785457
vt -0.088488 -0.732695
vt -0.059354 0.668467
vt -0.047574 0.670433
vt -0.000661 -0.927329
vt -0.035563 -0.882001
vt -0.068685 -0.830215
vt -0.036926 0.664900
vt -0.008588 -0.951604
vt -0.036608 -0.940365
vt -0.017936 0.640037
vt 0.002135 -0.988895
vt -0.021022 -0.976424
vt 0.008031 0.602285
vt 0.034148 -1.021042
vt 0.007581 -1.004907
vt 0.036528 0.567820
vt 0.069995 -1.049259
vt 0.039966 -1.030279
vt 0.067351 0.537157
vt 0.097667 -1.071212
vt 0.079282 -1.061992
vt 0.092738 0.505666
vt 0.092960 -1.065423
vt 0.086195 -1.026543
vt 0.117468 0.470002
vt 0.141430 -1.090294
vt 0.115473 -1.034897
vt 0.101208 -1.027920
vt 0.138069 0.434594
vt 0.162666 -1.103587
vt 0.157041 -1.068044
vt 0.140352 -1.047395
vt 0.158572 0.402403
vt 0.163404 -1.043876
vt 0.173286 -1.002278
vt 0.155184 -0.962679
vt 0.179312 0.369817
vt 0.200527 -0.989825
vt 0.188315 -0.956402
vt 0.175363 -0.933071
vt 0.197281 0.307490
vt 0.190363 0.341419
vt 0.222355 -0.958426
vt 0.209957 -0.931051
vt 0.198206 -0.907445
vt 0.239763 0.149920
vt 0.213542 0.187151
vt 0.207383 0.259050
vt 0.242558 -0.922148
vt 0.229331 -0.897452
vt 0.242663 -0.862135
vt 0.244857 -0.020863
vt 0.240512 0.039400
vt 0.227933 0.119968
vt 0.196624 0.153032
vt 0.252915 -0.848049
vt 0.263210 -0.812929
vt 0.266556 -0.753130
vt 0.268106 -0.713259
vt 0.242674 -0.551105
vt 0.242947 -0.526865
vt 0.266406 -0.168125
vt 0.255520 -0.113715
vt 0.248038 -0.057068
vt 0.270131 -0.685034
vt 0.271979 -0.635951
vt 0.267557 -0.573137
vt 0.269903 -0.510814
vt 0.276935 -0.456354
vt 0.278948 -0.395956
vt 0.280559 -0.335583
vt 0.283002 -0.277090
vt 0.275013 -0.210360
vt -0.015024 -0.593652
vt -0.035454 -0.546319
vt -0.037146 -0.474619
vt -0.037961 -0.410524
vt -0.037098 -0.349200
vt -0.036034 -0.288242
vt -0.034562 -0.227803
vt -0.033291 -0.167170
vt -0.033079 -0.104994
vt -0.033280 -0.042139
vt -0.033058 0.020020
vt -0.032592 0.081768
vt -0.033294 0.145314
vt -0.033448 0.208036
vt -0.033591 0.270785
vt -0.034962 0.335273
vt -0.037090 0.400699
vt -0.036204 0.461999
vt -0.034577 0.522469
vt -0.030641 0.565117
vt -0.011138 -0.746813
vt -0.019091 -0.688473
vt -0.029386 -0.618181
vt -0.053949 -0.575099
vt -0.026853 0.591787
vt -0.019647 0.629037
vt -0.011094 0.658302
vt 0.009362 -0.842316
vt -0.002729 -0.791378
vt 0.002229 0.669438
vt 0.014342 0.670951
vt 0.028916 -0.924783
vt 0.021828 -0.890933
vt 0.024671 0.665422
vt 0.035809 -0.953418
vt 0.049185 0.640646
vt 0.065704 -0.995984
vt 0.080669 0.600407
vt 0.085055 -1.028912
vt 0.107160 0.562678
vt 0.106239 -1.057799
vt 0.150923 0.506854
vt 0.125246 0.528703
vt 0.130641 -1.087816
vt 0.119922 -1.088942
vt 0.161504 0.482948
vt 0.136339 0.497916
vt 0.164832 -1.116752
vt 0.136422 -1.102896
vt 0.177979 0.442842
vt 0.151737 0.463685
vt 0.200769 -1.147904
vt 0.166374 -1.127791
vt 0.188738 0.396719
vt 0.161004 0.425694
vt 0.224994 -1.165796
vt 0.195334 -1.147309
vt 0.194540 -1.086076
vt 0.188495 -1.055267
vt 0.209805 0.363508
vt 0.179766 0.393152
vt 0.238670 -1.146702
vt 0.231364 -1.103407
vt 0.224049 -1.052522
vt 0.237033 -1.008280
vt 0.260553 0.082685
vt 0.266506 0.125187
vt 0.271697 0.164445
vt 0.272330 0.273572
vt 0.239657 0.322064
vt 0.203808 0.361809
vt 0.239733 -0.980505
vt 0.257535 -0.958359
vt 0.289506 -0.931542
vt 0.266984 0.077284
vt 0.282702 0.112828
vt 0.278013 0.171376
vt 0.273932 0.234144
vt 0.248560 0.301116
vt 0.216815 0.342545
vt 0.253072 -0.965378
vt 0.283425 -0.929575
vt 0.301768 -0.869964
vt 0.301798 -0.828558
vt 0.300992 0.096740
vt 0.277863 0.140137
vt 0.259166 0.206784
vt 0.248309 0.253320
vt 0.266105 -0.923023
vt 0.282528 -0.891751
vt 0.304950 -0.836149
vt 0.326362 -0.799918
vt 0.332276 -0.070120
vt 0.308534 -0.030605
vt 0.299276 0.050746
vt 0.273839 0.103205
vt 0.293041 -0.835105
vt 0.320894 -0.799684
vt 0.328314 -0.751573
vt 0.330584 -0.710484
vt 0.329078 -0.171845
vt 0.316664 -0.103665
vt 0.290991 -0.059154
vt 0.332950 -0.682764
vt 0.335287 -0.637383
vt 0.336452 -0.576841
vt 0.340439 -0.522249
vt 0.344540 -0.462957
vt 0.343326 -0.398214
vt 0.344467 -0.337089
vt 0.347108 -0.274080
vt 0.337044 -0.214311
vt 0.046740 -0.649885
vt 0.024926 -0.608522
vt 0.024444 -0.535610
vt 0.023085 -0.470909
vt 0.023492 -0.408893
vt 0.024323 -0.347582
vt 0.025526 -0.286727
vt 0.027985 -0.227881
vt 0.029661 -0.167858
vt 0.030178 -0.106091
vt 0.030471 -0.044027
vt 0.030489 0.018460
vt 0.029900 0.081812
vt 0.029362 0.145081
vt 0.028778 0.208407
vt 0.028196 0.271737
vt 0.027207 0.335599
vt 0.027281 0.398107
vt 0.028298 0.459199
vt 0.030390 0.518174
vt 0.010912 0.549296
vt 0.077039 -0.802871
vt 0.050612 -0.761857
vt 0.033872 -0.678710
vt 0.007341 -0.638510
vt 0.053802 0.534192
vt 0.037496 0.565986
vt 0.048181 0.619230
vt 0.053967 0.649762
vt 0.088407 -0.894877
vt 0.063859 -0.847994
vt 0.037610 -0.795809
vt 0.065549 0.669107
vt 0.076756 0.676553
vt 0.075307 -0.916083
vt 0.054140 -0.894274
vt 0.090092 0.667549
vt 0.108908 -0.963648
vt 0.123404 0.634600
vt 0.121007 -0.997971
vt 0.171110 0.570973
vt 0.147181 0.593604
vt 0.143349 -1.030576
vt 0.172945 0.544638
vt 0.146500 0.560010
vt 0.174768 -1.064404
vt 0.176252 0.505632
vt 0.146473 0.533264
vt 0.196018 -1.096349
vt 0.243625 0.410154
vt 0.211592 0.449654
vt 0.220989 -1.126669
vt 0.245385 0.384707
vt 0.215225 0.411013
vt 0.246568 -1.152975
vt 0.250292 0.340042
vt 0.219049 0.364183
vt 0.263543 -1.169246
vt 0.275264 -1.170047
vt 0.275774 0.312027
vt 0.244008 0.330618
vt 0.288518 -1.160138
vt 0.303394 -1.121767
vt 0.297009 -1.061012
vt 0.289511 -1.009024
vt 0.302664 0.085560
vt 0.297367 0.132784
vt 0.292475 0.194859
vt 0.300258 0.264683
vt 0.264764 0.309207
vt 0.332349 -1.100191
vt 0.331287 -1.064392
vt 0.310220 -0.996624
vt 0.309884 -0.948026
vt 0.311228 -0.898067
vt 0.318729 -0.838445
vt 0.298621 -0.769192
vt 0.334696 -0.710483
vt 0.352568 -0.683571
vt 0.355722 -0.442233
vt 0.355824 -0.437122
vt 0.334965 -0.021203
vt 0.301520 0.040466
vt 0.298627 0.084627
vt 0.275789 0.204112
vt 0.277486 0.227030
vt 0.302859 -0.893957
vt 0.309099 -0.854176
vt 0.300620 -0.793054
vt 0.353172 -0.736574
vt 0.364495 -0.695549
vt 0.357023 -0.442822
vt 0.357120 -0.437824
vt 0.361431 -0.031900
vt 0.355656 0.016760
vt 0.321507 0.067249
vt 0.322899 -0.796586
vt 0.355347 -0.764366
vt 0.385059 -0.716326
vt 0.395819 -0.679707
vt 0.400770 -0.192775
vt 0.394349 -0.155491
vt 0.370139 -0.077724
vt 0.355684 -0.014685
vt 0.330777 0.035068
vt 0.347514 -0.766496
vt 0.368819 -0.737428
vt 0.388191 -0.682106
vt 0.410444 -0.629286
vt 0.405491 -0.560405
vt 0.407930 -0.499497
vt 0.419918 -0.455184
vt 0.422569 -0.364267
vt 0.420998 -0.316775
vt 0.403651 -0.235433
vt 0.374367 -0.180423
vt 0.355855 -0.118054
vt 0.368312 -0.673685
vt 0.379747 -0.637173
vt 0.382208 -0.573305
vt 0.388137 -0.514552
vt 0.405759 -0.447933
vt 0.405538 -0.391105
vt 0.396607 -0.327513
vt 0.388410 -0.261953
vt 0.370346 -0.221756
vt 0.125078 -0.705902
vt 0.097797 -0.669014
vt 0.085728 -0.597037
vt 0.083383 -0.530323
vt 0.082625 -0.466599
vt 0.084962 -0.407447
vt 0.086207 -0.346749
vt 0.087678 -0.286328
vt 0.090001 -0.227176
vt 0.092311 -0.168081
vt 0.092894 -0.106397
vt 0.093451 -0.044712
vt 0.092898 0.018596
vt 0.091810 0.082622
vt 0.091421 0.145716
vt 0.091331 0.208367
vt 0.090685 0.271788
vt 0.090373 0.334770
vt 0.091487 0.395776
vt 0.095665 0.456143
vt 0.077146 0.496319
vt 0.114296 -0.811456
vt 0.107453 -0.740749
vt 0.085578 -0.696912
vt 0.120578 0.473619
vt 0.100383 0.511457
vt 0.106192 0.561599
vt 0.111784 0.613210
vt 0.091968 0.642619
vt 0.130774 -0.890413
vt 0.122881 -0.854717
vt 0.143165 0.619207
vt 0.128781 0.645026
vt 0.110251 0.667939
vt 0.148334 -0.923062
vt 0.162515 0.629141
vt 0.132761 0.659849
vt 0.175709 -0.965527
vt 0.192892 0.606001
vt 0.165586 0.627761
vt 0.198363 -0.997652
vt 0.199072 0.569759
vt 0.171669 0.598905
vt 0.220305 -1.030415
vt 0.255496 0.476135
vt 0.223512 0.510362
vt 0.243331 -1.065364
vt 0.264278 0.448335
vt 0.231854 0.473263
vt 0.266413 -1.096938
vt 0.302373 0.347675
vt 0.272645 0.395689
vt 0.240264 0.440451
vt 0.287581 -1.129104
vt 0.309831 0.323189
vt 0.279198 0.353171
vt 0.297073 -1.155746
vt 0.328230 0.285543
vt 0.296569 0.309866
vt 0.327778 -1.181649
vt 0.340912 -1.177770
vt 0.359521 0.260432
vt 0.327126 0.286899
vt 0.352319 -1.160421
vt 0.365429 -1.143654
vt 0.366110 0.089287
vt 0.359064 0.134611
vt 0.365028 0.209803
vt 0.343342 0.258374
vt 0.368249 -1.114074
vt 0.369552 -1.068093
vt 0.372117 -1.007638
vt 0.375493 -0.950879
vt 0.379012 -0.894602
vt 0.378116 -0.830963
vt 0.371009 -0.759962
vt 0.370681 -0.695604
vt 0.372144 -0.634907
vt 0.409804 -0.604632
vt 0.358118 -0.443339
vt 0.358219 -0.437838
vt 0.417949 -0.316717
vt 0.417329 -0.307256
vt 0.416330 -0.066487
vt 0.386173 -0.030630
vt 0.371507 0.048231
vt 0.379924 -0.721793
vt 0.383762 -0.680769
vt 0.404281 -0.593650
vt 0.395154 -0.556378
vt 0.383251 -0.474616
vt 0.380269 -0.429671
vt 0.401295 -0.342320
vt 0.400119 -0.288129
vt 0.396914 -0.240120
vt 0.400313 -0.178358
vt 0.386528 -0.104710
vt 0.375074 -0.068228
vt 0.380918 -0.723719
vt 0.395204 -0.699703
vt 0.413488 -0.651863
vt 0.427999 -0.582409
vt 0.418150 -0.520421
vt 0.415720 -0.457599
vt 0.426430 -0.395614
vt 0.436044 -0.330074
vt 0.423827 -0.269308
vt 0.405772 -0.204710
vt 0.400231 -0.139477
vt 0.385406 -0.085273
vt 0.412653 -0.647492
vt 0.421847 -0.608107
vt 0.414420 -0.543738
vt 0.421342 -0.483891
vt 0.441760 -0.433879
vt 0.444831 -0.374420
vt 0.440721 -0.299529
vt 0.418257 -0.242042
vt 0.426019 -0.415764
vt 0.426507 -0.407240
vt 0.157155 -0.713496
vt 0.151972 -0.663802
vt 0.145276 -0.592446
vt 0.142227 -0.525239
vt 0.142604 -0.463016
vt 0.145109 -0.404016
vt 0.147030 -0.344298
vt 0.148400 -0.283696
vt 0.151811 -0.226320
vt 0.153801 -0.166614
vt 0.155049 -0.105906
vt 0.155486 -0.044025
vt 0.155207 0.018878
vt 0.154113 0.082921
vt 0.153349 0.146511
vt 0.153209 0.209227
vt 0.153164 0.271859
vt 0.154416 0.332844
vt 0.156650 0.389607
vt 0.136346 0.434094
vt 0.187459 -0.861818
vt 0.164747 -0.824052
vt 0.161411 -0.751852
vt 0.179913 0.405333
vt 0.160828 0.450364
vt 0.166793 0.503603
vt 0.178202 0.568273
vt 0.164649 0.586107
vt 0.178450 -0.884157
vt 0.153998 -0.861539
vt 0.211100 0.570098
vt 0.190541 0.583376
vt 0.172589 0.605377
vt 0.210395 -0.929330
vt 0.219971 0.565057
vt 0.190231 0.595328
vt 0.236052 -0.965942
vt 0.251485 0.538089
vt 0.221685 0.572681
vt 0.258908 -0.997787
vt 0.272262 0.504927
vt 0.241190 0.536540
vt 0.282170 -1.029774
vt 0.280164 0.469172
vt 0.249040 0.505170
vt 0.306058 -1.064060
vt 0.326303 0.377936
vt 0.302775 0.415540
vt 0.326728 -1.095642
vt 0.320891 0.339369
vt 0.296446 0.379471
vt 0.344199 -1.126350
vt 0.380527 0.254970
vt 0.349368 0.289082
vt 0.360514 -1.158798
vt 0.386997 0.220327
vt 0.357185 0.254057
vt 0.389343 -1.193350
vt 0.377128 -1.185783
vt 0.408952 0.183452
vt 0.380562 0.227467
vt 0.421880 -1.197408
vt 0.409820 -1.174129
vt 0.428126 -1.137042
vt 0.427077 0.092977
vt 0.410140 0.143477
vt 0.388804 0.200741
vt 0.432854 -1.111465
vt 0.434149 -1.071675
vt 0.438738 -1.016147
vt 0.440023 -0.954333
vt 0.442047 -0.895498
vt 0.441700 -0.832450
vt 0.435769 -0.762412
vt 0.432116 -0.692301
vt 0.428486 -0.627769
vt 0.451402 -0.601569
vt 0.461749 -0.531413
vt 0.474712 -0.495311
vt 0.447577 -0.328388
vt 0.442068 -0.279786
vt 0.468145 -0.219266
vt 0.479857 -0.158433
vt 0.460576 -0.088754
vt 0.451976 -0.033792
vt 0.437584 0.044343
vt 0.424817 -0.572110
vt 0.433069 -0.535848
vt 0.457107 -0.479326
vt 0.453331 -0.411769
vt 0.451431 -0.363121
vt 0.423762 -0.265832
vt 0.434477 -0.217790
vt 0.454133 -0.164919
vt 0.460360 -0.089126
vt 0.480236 -0.064857
vt 0.241956 -0.771628
vt 0.217197 -0.731946
vt 0.209794 -0.657366
vt 0.204712 -0.588057
vt 0.202822 -0.522206
vt 0.202911 -0.459760
vt 0.203779 -0.398525
vt 0.205278 -0.338161
vt 0.208525 -0.280255
vt 0.212803 -0.224192
vt 0.214767 -0.164380
vt 0.216174 -0.103873
vt 0.216529 -0.041930
vt 0.217049 0.019850
vt 0.216494 0.083141
vt 0.215170 0.147449
vt 0.215143 0.210166
vt 0.216878 0.270382
vt 0.217596 0.327174
vt 0.196538 0.365781
vt 0.231108 -0.857080
vt 0.224681 -0.801974
vt 0.202575 -0.761411
vt 0.239664 0.343207
vt 0.222306 0.383067
vt 0.229930 0.440354
vt 0.241970 0.495567
vt 0.227316 0.536337
vt 0.247301 -0.892683
vt 0.272821 0.508374
vt 0.256490 0.537815
vt 0.238492 0.555598
vt 0.275977 -0.933819
vt 0.294165 0.517215
vt 0.262582 0.539013
vt 0.299652 -0.967987
vt 0.314583 0.478027
vt 0.284316 0.506299
vt 0.322348 -0.999592
vt 0.336180 0.441268
vt 0.305026 0.472898
vt 0.345143 -1.030802
vt 0.354866 0.406864
vt 0.322983 0.436148
vt 0.367914 -1.062830
vt 0.403962 0.320419
vt 0.365894 0.362993
vt 0.328611 0.412606
vt 0.388824 -1.095556
vt 0.405372 0.293690
vt 0.372719 0.308332
vt 0.410169 -1.129063
vt 0.407101 0.252839
vt 0.375622 0.284123
vt 0.435125 -1.162865
vt 0.432145 0.192243
vt 0.461216 -1.195874
vt 0.485797 0.132336
vt 0.456872 0.152705
vt 0.473493 -1.200413
vt 0.480505 -1.173353
vt 0.477556 -1.108699
vt 0.499512 -1.080592
vt 0.512690 0.022110
vt 0.486073 0.083422
vt 0.451145 0.127091
vt 0.460475 -1.095415
vt 0.487879 -1.067530
vt 0.498309 -1.011629
vt 0.501327 -0.952892
vt 0.503860 -0.894682
vt 0.507667 -0.837633
vt 0.505333 -0.771772
vt 0.501674 -0.698461
vt 0.502231 -0.635781
vt 0.506488 -0.584334
vt 0.506564 -0.521737
vt 0.509273 -0.479267
vt 0.511982 -0.329149
vt 0.511606 -0.280760
vt 0.516039 -0.220123
vt 0.508653 -0.152754
vt 0.510857 -0.088359
vt 0.496508 -0.022061
vt 0.474421 0.036629
vt 0.514729 -0.456019
vt 0.519668 -0.418244
vt 0.516087 -0.366497
vt 0.482909 -0.067686
vt 0.482764 -0.064885
vt 0.281195 -0.780406
vt 0.274554 -0.722895
vt 0.267747 -0.650868
vt 0.264074 -0.583287
vt 0.262837 -0.518544
vt 0.264035 -0.457824
vt 0.263625 -0.394661
vt 0.265762 -0.335338
vt 0.268110 -0.276116
vt 0.271830 -0.219052
vt 0.273895 -0.159556
vt 0.275706 -0.099635
vt 0.276707 -0.038600
vt 0.277793 0.022366
vt 0.277958 0.084603
vt 0.277826 0.147387
vt 0.279451 0.207833
vt 0.279820 0.262898
vt 0.258349 0.303584
vt 0.290508 -0.852903
vt 0.283797 -0.818373
vt 0.301811 0.277506
vt 0.284765 0.320737
vt 0.294116 0.373400
vt 0.299101 0.431685
vt 0.304106 0.465320
vt 0.316820 -0.896643
vt 0.321497 0.488192
vt 0.309354 0.504114
vt 0.340463 -0.933800
vt 0.368522 0.464533
vt 0.335866 0.484708
vt 0.363032 -0.967595
vt 0.381267 0.421085
vt 0.348738 0.446052
vt 0.384971 -0.999558
vt 0.391437 0.376350
vt 0.362567 0.409020
vt 0.406785 -1.031075
vt 0.411653 0.341675
vt 0.382935 0.373810
vt 0.429044 -1.062973
vt 0.426978 0.316316
vt 0.396893 0.347906
vt 0.451596 -1.096167
vt 0.452180 0.270774
vt 0.474385 -1.130229
vt 0.504559 0.191264
vt 0.475331 0.218873
vt 0.495972 -1.163074
vt 0.507954 0.163510
vt 0.476222 0.176671
vt 0.515245 -1.196648
vt 0.517319 0.132447
vt 0.481773 0.156403
vt 0.538966 -1.210787
vt 0.545401 -1.176955
vt 0.548662 -1.121460
vt 0.556192 -1.065442
vt 0.575521 -1.022799
vt 0.572469 -0.037114
vt 0.548206 0.007253
vt 0.539378 0.071505
vt 0.538412 -1.047036
vt 0.556910 -1.006350
vt 0.561765 -0.949613
vt 0.572219 -0.900784
vt 0.552915 -0.844387
vt 0.546381 -0.784690
vt 0.561430 -0.719687
vt 0.564069 -0.646467
vt 0.562463 -0.586474
vt 0.558337 -0.526647
vt 0.555343 -0.482102
vt 0.547232 -0.316966
vt 0.567483 -0.279202
vt 0.566053 -0.211960
vt 0.561003 -0.140522
vt 0.561063 -0.070702
vt 0.533126 -0.025544
vt 0.598284 -0.891607
vt 0.603863 -0.853274
vt 0.584088 -0.802138
vt 0.594493 -0.736121
vt 0.614289 -0.676526
vt 0.613451 -0.611517
vt 0.624495 -0.554718
vt 0.594823 -0.488384
vt 0.584986 -0.428897
vt 0.581500 -0.357768
vt 0.605175 -0.321570
vt 0.629545 -0.849479
vt 0.627180 -0.819012
vt 0.626351 -0.758406
vt 0.625287 -0.694413
vt 0.623301 -0.630230
vt 0.631263 -0.592602
vt 0.626141 -0.497156
vt 0.625635 -0.450462
vt 0.625730 -0.383940
vt 0.630117 -0.347278
vt 0.349184 -0.561726
vt 0.349138 -0.529147
vt 0.352785 -0.433614
vt 0.352528 -0.391040
vt 0.353907 -0.355540
vt 0.342576 -0.788243
vt 0.333615 -0.718253
vt 0.327086 -0.646370
vt 0.326876 -0.581686
vt 0.326532 -0.511529
vt 0.328626 -0.454062
vt 0.322031 -0.391803
vt 0.330838 -0.334642
vt 0.327100 -0.271157
vt 0.329370 -0.211855
vt 0.332754 -0.154263
vt 0.335074 -0.095095
vt 0.336298 -0.034403
vt 0.338139 0.025462
vt 0.339228 0.086417
vt 0.341171 0.146429
vt 0.340672 0.201350
vt 0.318339 0.237773
vt 0.354306 -0.848688
vt 0.347168 -0.826547
vt 0.361917 0.216313
vt 0.346207 0.255020
vt 0.356876 0.311982
vt 0.365050 0.365374
vt 0.344967 0.426198
vt 0.337840 0.450736
vt 0.379760 -0.897194
vt 0.393660 0.377904
vt 0.396098 0.415138
vt 0.365902 0.456647
vt 0.401945 -0.932795
vt 0.425528 0.410140
vt 0.412919 0.431309
vt 0.423839 -0.967350
vt 0.460163 0.356128
vt 0.430658 0.389402
vt 0.445919 -1.000634
vt 0.466684 0.327069
vt 0.433825 0.343886
vt 0.468009 -1.032824
vt 0.484398 0.290554
vt 0.452041 0.309089
vt 0.490545 -1.065114
vt 0.510711 0.259808
vt 0.478923 0.283339
vt 0.513358 -1.097866
vt 0.532263 0.220285
vt 0.498311 0.249274
vt 0.536297 -1.131345
vt 0.571858 0.130136
vt 0.541120 0.175870
vt 0.502988 0.220719
vt 0.559625 -1.164431
vt 0.585751 0.115594
vt 0.569731 0.128904
vt 0.587358 -1.198130
vt 0.610437 0.067801
vt 0.584600 0.099209
vt 0.605385 -1.209263
vt 0.607199 -1.174539
vt 0.609961 -1.119043
vt 0.601344 -1.047900
vt 0.590437 -1.018079
vt 0.607525 -0.040436
vt 0.596022 0.022895
vt 0.571205 0.064798
vt 0.650298 -1.048598
vt 0.644248 -1.015541
vt 0.626164 -0.953489
vt 0.611846 -0.924370
vt 0.621421 -0.262360
vt 0.632595 -0.218455
vt 0.644452 -0.147146
vt 0.626343 -0.090817
vt 0.666320 -1.026918
vt 0.669230 -0.983102
vt 0.640002 -0.924014
vt 0.637114 -0.882338
vt 0.634236 -0.545440
vt 0.628864 -0.529953
vt 0.640280 -0.294710
vt 0.653716 -0.236088
vt 0.661942 -0.183169
vt 0.692016 -0.976300
vt 0.688148 -0.945881
vt 0.669187 -0.879546
vt 0.670574 -0.831219
vt 0.670585 -0.776916
vt 0.680876 -0.715233
vt 0.662361 -0.651355
vt 0.669383 -0.581871
vt 0.665333 -0.518230
vt 0.675610 -0.456752
vt 0.672751 -0.394472
vt 0.663792 -0.331287
vt 0.689325 -0.276027
vt 0.713164 -0.705568
vt 0.710359 -0.663390
vt 0.709338 -0.617011
vt 0.400649 -0.616887
vt 0.380963 -0.578653
vt 0.378203 -0.508371
vt 0.378054 -0.451092
vt 0.384295 -0.388423
vt 0.379592 -0.330043
vt 0.391525 -0.263389
vt 0.398076 -0.201639
vt 0.398968 -0.136945
vt 0.397055 -0.071517
vt 0.390259 -0.000528
vt 0.386127 0.067543
vt 0.382719 0.133893
vt 0.381791 0.199460
vt 0.388230 0.258355
vt 0.390851 0.331310
vt 0.404182 0.373197
vt 0.413527 0.401165
vt 0.404326 -0.785099
vt 0.394646 -0.716499
vt 0.383714 -0.641463
vt 0.359386 -0.603277
vt 0.355121 -0.487354
vt 0.355511 -0.475517
vt 0.357137 -0.314282
vt 0.363004 -0.267440
vt 0.369855 -0.205959
vt 0.373875 -0.145869
vt 0.374962 -0.084707
vt 0.379535 -0.029667
vt 0.381319 0.028938
vt 0.383156 0.087010
vt 0.385604 0.141502
vt 0.387996 0.189863
vt 0.386883 0.235048
vt 0.386353 0.380723
vt 0.410373 0.425935
vt 0.426190 0.453570
vt 0.419784 -0.851321
vt 0.410373 -0.825259
vt 0.381944 0.212860
vt 0.387484 0.248013
vt 0.392665 0.301244
vt 0.396766 0.353344
vt 0.427564 0.462818
vt 0.451521 0.469081
vt 0.441318 -0.896310
vt 0.404387 0.374936
vt 0.412691 0.398758
vt 0.453435 0.464443
vt 0.463736 -0.933392
vt 0.427437 0.407561
vt 0.440420 0.397115
vt 0.486921 -0.968601
vt 0.464977 0.353189
vt 0.464683 0.361744
vt 0.509944 -1.001779
vt 0.483107 0.319133
vt 0.520129 0.346623
vt 0.532148 -1.034363
vt 0.519012 0.269063
vt 0.548777 0.315095
vt 0.554272 -1.067353
vt 0.536052 0.236015
vt 0.576651 -1.100266
vt 0.555806 0.190336
vt 0.599896 -1.132998
vt 0.575865 0.125623
vt 0.575155 0.131614
vt 0.624355 -1.165184
vt 0.607387 0.094469
vt 0.605852 0.095929
vt 0.651236 -1.198033
vt 0.630274 0.061525
vt 0.602828 0.094793
vt 0.665966 -1.217762
vt 0.658080 -1.183504
vt 0.647650 -1.123604
vt 0.650110 -1.063394
vt 0.683855 -0.048070
vt 0.656969 -0.003212
vt 0.702817 -1.228658
vt 0.697458 -1.205276
vt 0.667630 -1.145395
vt 0.661196 -1.081966
vt 0.669604 -1.059042
vt 0.729724 -0.191505
vt 0.715066 -0.155207
vt 0.694355 -0.094600
vt 0.727744 -1.198424
vt 0.719656 -1.172519
vt 0.712379 -1.124600
vt 0.692736 -1.056169
vt 0.694380 -1.013553
vt 0.752267 -0.350107
vt 0.741534 -0.309687
vt 0.729339 -0.234176
vt 0.681653 -0.180075
vt 0.747657 -1.118655
vt 0.741274 -1.076328
vt 0.725217 -1.011947
vt 0.737473 -0.968921
vt 0.721645 -0.907198
vt 0.724085 -0.844323
vt 0.720682 -0.785031
vt 0.717159 -0.746296
vt 0.741146 -0.577326
vt 0.741786 -0.529723
vt 0.744917 -0.456312
vt 0.747811 -0.382239
vt 0.724329 -0.333719
vt 0.702974 -0.273671
vt 0.769402 -0.959703
vt 0.760390 -0.921209
vt 0.759978 -0.854026
vt 0.756085 -0.789999
vt 0.742692 -0.731936
vt 0.747674 -0.670145
vt 0.746557 -0.613772
vt 0.446818 -0.622391
vt 0.444828 -0.573158
vt 0.444295 -0.509808
vt 0.443527 -0.446077
vt 0.444039 -0.384465
vt 0.443803 -0.321557
vt 0.443279 -0.258297
vt 0.442547 -0.194797
vt 0.440070 -0.128686
vt 0.437244 -0.062137
vt 0.434490 0.004351
vt 0.431478 0.071186
vt 0.429445 0.136589
vt 0.428576 0.200318
vt 0.430958 0.259441
vt 0.431529 0.322612
vt 0.439731 0.371988
vt 0.446684 0.403308
vt 0.466110 -0.779644
vt 0.456015 -0.715737
vt 0.449379 -0.657669
vt 0.452805 0.426725
vt 0.464113 0.451005
vt 0.486288 -0.856957
vt 0.474488 -0.823134
vt 0.477459 0.461889
vt 0.488547 0.468445
vt 0.506197 -0.892899
vt 0.504729 0.464198
vt 0.527708 -0.933113
vt 0.527320 0.437913
vt 0.550458 -0.968532
vt 0.549602 0.404787
vt 0.572886 -1.001266
vt 0.571670 0.369816
vt 0.595264 -1.034139
vt 0.575007 0.287514
vt 0.590352 0.319581
vt 0.617977 -1.067427
vt 0.598430 0.265924
vt 0.629694 0.280010
vt 0.641015 -1.100430
vt 0.642660 0.224570
vt 0.657516 0.253607
vt 0.664306 -1.132846
vt 0.662767 0.172035
vt 0.688385 -1.163996
vt 0.665740 0.097720
vt 0.680508 0.125496
vt 0.709029 -1.194871
vt 0.703312 0.068343
vt 0.714470 0.095433
vt 0.734181 -1.225999
vt 0.718027 -0.033593
vt 0.730862 0.001614
vt 0.746673 -1.235275
vt 0.757646 -1.223118
vt 0.733154 -0.191682
vt 0.731599 -0.161754
vt 0.747921 -0.076663
vt 0.765610 -0.030874
vt 0.766487 -1.202149
vt 0.775653 -1.177124
vt 0.785233 -1.153769
vt 0.756990 -0.350815
vt 0.778215 -0.306888
vt 0.767670 -0.232129
vt 0.769657 -0.168867
vt 0.777633 -0.120974
vt 0.790968 -1.133020
vt 0.797151 -1.087740
vt 0.803552 -1.032892
vt 0.808245 -0.999626
vt 0.786896 -0.575554
vt 0.806042 -0.532456
vt 0.799814 -0.462609
vt 0.786999 -0.384170
vt 0.802049 -0.331572
vt 0.812363 -0.972008
vt 0.818137 -0.926688
vt 0.816645 -0.860405
vt 0.814496 -0.794930
vt 0.815027 -0.734452
vt 0.814441 -0.671123
vt 0.810975 -0.601474
vt 0.830564 -0.556244
vt 0.508347 -0.626348
vt 0.505657 -0.570681
vt 0.505137 -0.507526
vt 0.503490 -0.442395
vt 0.503885 -0.380573
vt 0.502893 -0.316519
vt 0.502621 -0.253774
vt 0.501019 -0.188962
vt 0.499295 -0.123984
vt 0.496629 -0.057966
vt 0.494404 0.008075
vt 0.492325 0.073570
vt 0.490818 0.138254
vt 0.490137 0.201794
vt 0.490443 0.264028
vt 0.493389 0.322237
vt 0.499724 0.375791
vt 0.507632 0.410160
vt 0.528827 -0.777108
vt 0.518352 -0.715593
vt 0.511517 -0.662547
vt 0.514890 0.431014
vt 0.526152 0.453622
vt 0.550670 -0.860283
vt 0.539305 -0.822864
vt 0.537587 0.468671
vt 0.548681 0.474567
vt 0.568540 -0.888533
vt 0.567399 0.466890
vt 0.590626 -0.930856
vt 0.590181 0.444406
vt 0.612795 -0.967134
vt 0.613030 0.415212
vt 0.635036 -1.001065
vt 0.641853 0.388002
vt 0.674717 0.385424
vt 0.657850 -1.033977
vt 0.663727 0.354934
vt 0.681541 0.375815
vt 0.681085 -1.066438
vt 0.679744 0.306759
vt 0.704444 -1.098427
vt 0.687896 0.225291
vt 0.702150 0.251845
vt 0.727860 -1.130039
vt 0.726321 0.195208
vt 0.740353 0.219398
vt 0.749821 -1.161826
vt 0.747371 0.149785
vt 0.780080 -1.195739
vt 0.756853 0.062236
vt 0.770004 0.092625
vt 0.798992 -1.219923
vt 0.821496 -1.212045
vt 0.791813 0.028849
vt 0.804401 0.062468
vt 0.785239 -1.226523
vt 0.812297 -1.203905
vt 0.840492 -1.178855
vt 0.820538 -0.069590
vt 0.809078 -0.027186
vt 0.803158 -1.196137
vt 0.830896 -1.170558
vt 0.846478 -1.143495
vt 0.818062 -0.285454
vt 0.844826 -0.249294
vt 0.841594 -0.180044
vt 0.830770 -0.115924
vt 0.853440 -1.122647
vt 0.861245 -1.084644
vt 0.866337 -1.029303
vt 0.872657 -0.975011
vt 0.897356 -0.927874
vt 0.871174 -0.518499
vt 0.867860 -0.468467
vt 0.861803 -0.397094
vt 0.847543 -0.317337
vt 0.864528 -0.271880
vt 0.858076 -0.962731
vt 0.878367 -0.914133
vt 0.873637 -0.852555
vt 0.874572 -0.791022
vt 0.875034 -0.729195
vt 0.876346 -0.668627
vt 0.874435 -0.602707
vt 0.872765 -0.552279
vt 0.570635 -0.626661
vt 0.567214 -0.569316
vt 0.565403 -0.504175
vt 0.564578 -0.440470
vt 0.563997 -0.377135
vt 0.563933 -0.314632
vt 0.562948 -0.250684
vt 0.560630 -0.184801
vt 0.558984 -0.119920
vt 0.556957 -0.054494
vt 0.555489 0.010124
vt 0.553868 0.074972
vt 0.552941 0.138825
vt 0.553024 0.201184
vt 0.553252 0.263373
vt 0.554979 0.323445
vt 0.559657 0.379464
vt 0.568018 0.422496
vt 0.592425 -0.774591
vt 0.581905 -0.716521
vt 0.574312 -0.663524
vt 0.575311 0.442901
vt 0.591319 0.467294
vt 0.622072 0.484166
vt 0.614205 -0.861050
vt 0.603278 -0.822387
vt 0.582266 0.476875
vt 0.608445 0.486887
vt 0.628752 -0.888603
vt 0.634867 0.482626
vt 0.667277 0.483356
vt 0.652282 -0.928971
vt 0.639382 0.459665
vt 0.670681 0.469918
vt 0.675612 -0.965789
vt 0.654124 0.427190
vt 0.685319 0.438027
vt 0.698943 -1.000203
vt 0.666356 0.404675
vt 0.695771 0.404927
vt 0.721894 -1.032913
vt 0.698263 0.353134
vt 0.714379 0.376130
vt 0.744610 -1.064923
vt 0.721995 0.330592
vt 0.753398 0.344114
vt 0.767584 -1.096658
vt 0.767126 0.285743
vt 0.781694 0.316793
vt 0.791637 -1.128088
vt 0.769226 0.191184
vt 0.784989 0.221592
vt 0.820426 -1.159933
vt 0.792204 0.166852
vt 0.823660 0.182278
vt 0.846403 -1.190837
vt 0.833891 0.125667
vt 0.848964 0.156402
vt 0.853678 -1.205921
vt 0.861644 -1.201721
vt 0.847596 0.029433
vt 0.858116 0.061444
vt 0.873339 -1.186873
vt 0.883628 -1.164770
vt 0.887194 -0.067832
vt 0.878265 -0.009450
vt 0.894568 0.030883
vt 0.891961 -1.145244
vt 0.900565 -1.114433
vt 0.925873 -1.080311
vt 0.910735 -0.226315
vt 0.904793 -0.181517
vt 0.894218 -0.109351
vt 0.886765 -1.104468
vt 0.912495 -1.069260
vt 0.921003 -1.017808
vt 0.925623 -0.962005
vt 0.926564 -0.904649
vt 0.940201 -0.846113
vt 0.947955 -0.785688
vt 0.953502 -0.722126
vt 0.958933 -0.661111
vt 0.957686 -0.598675
vt 0.934566 -0.534115
vt 0.928205 -0.465975
vt 0.923922 -0.397422
vt 0.921609 -0.330162
vt 0.914951 -0.263625
vt 0.906316 -0.887155
vt 0.910418 -0.848245
vt 0.917718 -0.787054
vt 0.923965 -0.724637
vt 0.928655 -0.662462
vt 0.927890 -0.600782
vt 0.917162 -0.557700
vt 0.633401 -0.623107
vt 0.629316 -0.568777
vt 0.626481 -0.502137
vt 0.625447 -0.438147
vt 0.624086 -0.373640
vt 0.623185 -0.309831
vt 0.623035 -0.247166
vt 0.621039 -0.181783
vt 0.619795 -0.117477
vt 0.618328 -0.052858
vt 0.617327 0.011083
vt 0.616290 0.075091
vt 0.615980 0.138028
vt 0.615769 0.200834
vt 0.615720 0.263406
vt 0.616628 0.324646
vt 0.620162 0.382252
vt 0.625275 0.437363
vt 0.648851 0.460226
vt 0.656177 -0.771891
vt 0.646668 -0.719173
vt 0.637585 -0.660648
vt 0.609003 0.450786
vt 0.638713 0.471849
vt 0.656192 0.492392
vt 0.662981 -0.862610
vt 0.673724 -0.830188
vt 0.668929 0.501812
vt 0.695205 -0.884732
vt 0.708131 -0.863004
vt 0.685695 0.502162
vt 0.696902 0.496992
vt 0.719586 -0.924591
vt 0.714511 0.483051
vt 0.741671 -0.963306
vt 0.737694 0.454963
vt 0.764688 -0.997157
vt 0.760234 0.426764
vt 0.787379 -1.029736
vt 0.782265 0.398998
vt 0.810325 -1.061963
vt 0.804581 0.361001
vt 0.835023 -1.094451
vt 0.814017 0.286986
vt 0.827431 0.312035
vt 0.861882 -1.126839
vt 0.852223 0.255395
vt 0.866713 0.280281
vt 0.882740 -1.156107
vt 0.872383 0.208743
vt 0.895254 -1.179716
vt 0.918235 -1.175988
vt 0.880754 0.126753
vt 0.893957 0.156691
vt 0.882769 -1.190890
vt 0.914421 -1.181152
vt 0.916176 0.089643
vt 0.929178 0.126890
vt 0.932043 -1.169532
vt 0.943876 -1.146853
vt 0.968776 -1.118284
vt 0.927457 -0.065918
vt 0.942881 -0.027700
vt 0.931288 0.034568
vt 0.930195 -1.133379
vt 0.954701 -1.104642
vt 0.966461 -1.056131
vt 0.988881 -1.017738
vt 0.955605 -0.225099
vt 0.971361 -0.190289
vt 0.955050 -0.098358
vt 0.969982 -0.063386
vt 0.950180 -1.042069
vt 0.975042 -1.006472
vt 0.982655 -0.954160
vt 0.987172 -0.898144
vt 0.990623 -0.840561
vt 0.993757 -0.782856
vt 0.993446 -0.719653
vt 0.994251 -0.658363
vt 0.994509 -0.596222
vt 0.993384 -0.532052
vt 0.990314 -0.465267
vt 0.988563 -0.399791
vt 0.983493 -0.330451
vt 0.978650 -0.253747
vt 0.997985 -0.221264
vt 0.696884 -0.616978
vt 0.692401 -0.569639
vt 0.687382 -0.499801
vt 0.686390 -0.435900
vt 0.685074 -0.371485
vt 0.684117 -0.307610
vt 0.683217 -0.243813
vt 0.682307 -0.179998
vt 0.681054 -0.115688
vt 0.680366 -0.052196
vt 0.679555 0.011477
vt 0.679181 0.074517
vt 0.678850 0.137495
vt 0.678525 0.200464
vt 0.678309 0.263278
vt 0.678624 0.325354
vt 0.681145 0.384321
vt 0.687284 0.438181
vt 0.695038 0.471991
vt 0.698609 -0.769473
vt 0.713887 -0.729754
vt 0.701919 -0.655498
vt 0.702530 0.492623
vt 0.713569 0.510824
vt 0.731651 -0.804071
vt 0.743523 -0.765709
vt 0.725887 0.519064
vt 0.751099 0.524552
vt 0.750879 -0.892477
vt 0.759771 -0.870638
vt 0.713880 0.511774
vt 0.747030 0.515742
vt 0.785836 -0.917603
vt 0.797132 -0.895423
vt 0.777505 0.499403
vt 0.812064 -0.957668
vt 0.800427 0.473551
vt 0.835752 -0.991604
vt 0.822788 0.446504
vt 0.858130 -1.025002
vt 0.844889 0.417364
vt 0.882070 -1.057905
vt 0.867499 0.379032
vt 0.903103 -1.089108
vt 0.890188 0.333798
vt 0.921468 -1.119722
vt 0.893045 0.253720
vt 0.908686 0.282795
vt 0.935652 -1.144854
vt 0.958808 -1.141004
vt 0.915714 0.231839
vt 0.946909 0.246320
vt 0.927252 -1.162033
vt 0.956431 -1.156777
vt 0.958497 0.188335
vt 0.973128 0.220300
vt 0.975093 -1.156936
vt 0.999523 -1.145060
vt 0.986040 0.087148
vt 0.974635 0.130137
vt 0.960448 -1.157791
vt 0.992887 -1.138808
vt 1.010502 -1.105654
vt 1.007804 -0.017695
vt 0.996594 0.040362
vt 1.015819 -1.081442
vt 1.023732 -1.048225
vt 1.030747 -0.994704
vt 1.054037 -0.961003
vt 1.032735 -0.180179
vt 1.022983 -0.109237
vt 1.015281 -0.059915
vt 1.014662 -0.980216
vt 1.038539 -0.946731
vt 1.044784 -0.891082
vt 1.049417 -0.835298
vt 1.052893 -0.777815
vt 1.053968 -0.716839
vt 1.054072 -0.654448
vt 1.054986 -0.593305
vt 1.054903 -0.530695
vt 1.054160 -0.467051
vt 1.051246 -0.400419
vt 1.047203 -0.331998
vt 1.041483 -0.261105
vt 1.037181 -0.218025
vt 0.737740 -0.612431
vt 0.756232 -0.576338
vt 0.750341 -0.500436
vt 0.747211 -0.433439
vt 0.746095 -0.369357
vt 0.745083 -0.305398
vt 0.744288 -0.241749
vt 0.743217 -0.177707
vt 0.742751 -0.114530
vt 0.742226 -0.051274
vt 0.742070 0.011455
vt 0.741917 0.074176
vt 0.741675 0.137024
vt 0.741372 0.199962
vt 0.741056 0.262919
vt 0.740932 0.325611
vt 0.742272 0.386395
vt 0.747074 0.443661
vt 0.748437 0.481626
vt 0.778946 -0.714530
vt 0.765602 -0.645072
vt 0.780950 -0.606005
vt 0.754165 0.505021
vt 0.762263 0.525598
vt 0.802689 -0.803536
vt 0.791369 -0.764001
vt 0.787297 0.540612
vt 0.781583 0.535096
vt 0.818430 -0.849107
vt 0.834353 0.504948
vt 0.810048 0.535997
vt 0.826675 -0.922527
vt 0.839340 -0.899788
vt 0.831691 0.518213
vt 0.856365 -0.952034
vt 0.884391 -0.939295
vt 0.854350 0.493667
vt 0.884301 -0.985933
vt 0.912336 -0.974324
vt 0.876927 0.466930
vt 0.911077 -1.018680
vt 0.937049 -1.008381
vt 0.900267 0.435771
vt 0.929582 -1.051375
vt 0.955986 -1.038821
vt 0.923448 0.396669
vt 0.942645 -1.081634
vt 0.970529 -1.066992
vt 0.945716 0.353824
vt 0.953491 -1.110460
vt 0.983273 -1.095178
vt 0.968295 0.309140
vt 0.957669 -1.124591
vt 0.990793 -1.118657
vt 1.021391 0.220157
vt 0.989710 0.261102
vt 1.022551 -1.126988
vt 1.051787 -1.117128
vt 1.014166 0.200310
vt 0.986080 0.223509
vt 1.016541 -1.137136
vt 1.051351 -1.118995
vt 1.082810 -1.093311
vt 1.048940 0.090810
vt 1.036608 0.136596
vt 1.046204 -1.113111
vt 1.069283 -1.084798
vt 1.090736 -1.050886
vt 1.071651 -0.016778
vt 1.059980 0.042608
vt 1.052141 -1.070567
vt 1.077509 -1.038909
vt 1.088627 -0.989167
vt 1.098097 -0.938302
vt 1.122801 -0.903640
vt 1.096534 -0.181405
vt 1.087027 -0.109619
vt 1.079250 -0.059432
vt 1.081833 -0.922542
vt 1.104308 -0.886437
vt 1.107480 -0.828874
vt 1.111514 -0.772201
vt 1.113677 -0.712809
vt 1.115535 -0.652994
vt 1.116822 -0.592330
vt 1.117630 -0.531026
vt 1.117061 -0.467684
vt 1.114647 -0.401608
vt 1.110654 -0.333084
vt 1.104878 -0.261758
vt 1.100719 -0.219155
vt 0.801745 -0.558919
vt 0.819901 -0.508214
vt 0.810917 -0.434900
vt 0.806775 -0.366841
vt 0.805257 -0.302163
vt 0.804800 -0.238902
vt 0.804587 -0.176073
vt 0.804310 -0.113161
vt 0.804545 -0.051009
vt 0.804611 0.011395
vt 0.804516 0.074032
vt 0.804273 0.136883
vt 0.803917 0.199898
vt 0.803555 0.262919
vt 0.803656 0.325318
vt 0.806157 0.384478
vt 0.812917 0.437808
vt 0.820722 0.468152
vt 0.816847 -0.708868
vt 0.825398 -0.665189
vt 0.838623 -0.596392
vt 0.848448 -0.541272
vt 0.829366 0.488054
vt 0.840949 0.502538
vt 0.837578 -0.800212
vt 0.842026 -0.756692
vt 0.871967 -0.688149
vt 0.876693 -0.641292
vt 0.857160 0.507627
vt 0.854781 -0.827259
vt 0.880415 -0.787256
vt 0.902739 -0.737370
vt 0.872832 0.503659
vt 0.884088 0.497821
vt 0.886750 -0.873095
vt 0.912688 -0.818880
vt 0.930219 -0.779205
vt 0.902483 0.483315
vt 0.913619 -0.911924
vt 0.940013 -0.850975
vt 0.955332 -0.816758
vt 0.925012 0.459069
vt 0.937754 -0.947344
vt 0.965872 -0.875563
vt 0.968954 -0.837015
vt 0.947504 0.431465
vt 0.961079 -0.981188
vt 0.987588 -0.917095
vt 0.970001 0.400518
vt 0.982661 -1.012634
vt 1.010373 -0.940745
vt 1.028640 -0.922844
vt 0.992493 0.363853
vt 1.002727 -1.042140
vt 1.027842 -0.981389
vt 1.043886 -0.944154
vt 1.015008 0.323960
vt 1.021903 -1.071102
vt 1.045905 -1.014505
vt 1.063717 -0.971339
vt 1.037544 0.281627
vt 1.038753 -1.097262
vt 1.062295 -1.048132
vt 1.082617 -0.996196
vt 1.063963 0.225506
vt 1.052648 0.250779
vt 1.049126 -1.108650
vt 1.072712 -1.088620
vt 1.101143 -1.013186
vt 1.119250 -0.989981
vt 1.082872 0.176986
vt 1.082659 -1.098357
vt 1.104169 -1.061062
vt 1.129838 -0.991617
vt 1.145112 -0.965867
vt 1.109877 0.085493
vt 1.098455 0.128324
vt 1.105171 -1.067812
vt 1.123115 -1.023298
vt 1.146573 -0.962131
vt 1.161098 -0.924702
vt 1.132278 -0.020131
vt 1.120892 0.037680
vt 1.114237 -1.016509
vt 1.130165 -0.982548
vt 1.152143 -0.921585
vt 1.156953 -0.875537
vt 1.176347 -0.825070
vt 1.187593 -0.222718
vt 1.160931 -0.191615
vt 1.146335 -0.106879
vt 1.139523 -0.062630
vt 1.140005 -0.865178
vt 1.162270 -0.815403
vt 1.168708 -0.764508
vt 1.173061 -0.708326
vt 1.176769 -0.650838
vt 1.179705 -0.592969
vt 1.180766 -0.531978
vt 1.179882 -0.468127
vt 1.177012 -0.401430
vt 1.172143 -0.331884
vt 1.167903 -0.252354
vt 1.146039 -0.221818
vt 0.883592 -0.493839
vt 0.875373 -0.438505
vt 0.868680 -0.366209
vt 0.866169 -0.299813
vt 0.866060 -0.237081
vt 0.866425 -0.175113
vt 0.866791 -0.113143
vt 0.867032 -0.050991
vt 0.867114 0.011391
vt 0.867032 0.074009
vt 0.866791 0.136857
vt 0.866425 0.199885
vt 0.866060 0.262911
vt 0.866169 0.325299
vt 0.868678 0.384439
vt 0.875438 0.437768
vt 0.883236 0.467981
vt 0.903525 -0.584422
vt 0.891883 -0.536480
vt 0.891943 0.487801
vt 0.903544 0.502007
vt 0.906930 -0.672027
vt 0.923194 -0.640478
vt 0.919596 0.507079
vt 0.945208 -0.696483
vt 0.958569 -0.675290
vt 0.935618 0.503006
vt 0.946883 0.497160
vt 0.965936 -0.744929
vt 0.964976 0.483018
vt 0.988031 -0.785005
vt 0.987510 0.458976
vt 0.985017 -0.859390
vt 0.999028 -0.822989
vt 1.010009 0.431184
vt 1.002560 -0.884399
vt 1.034608 -0.854880
vt 1.032501 0.400055
vt 1.014871 -0.902947
vt 1.042462 -0.885452
vt 1.054994 0.363412
vt 1.076680 -0.908044
vt 1.077502 0.323866
vt 1.099011 -0.931036
vt 1.100038 0.281849
vt 1.121741 -0.949045
vt 1.151214 -0.953827
vt 1.126867 0.225190
vt 1.115542 0.250388
vt 1.113310 -0.973647
vt 1.144623 -0.958696
vt 1.145419 0.177629
vt 1.161576 -0.954576
vt 1.172684 -0.944543
vt 1.172501 0.085337
vt 1.161088 0.128412
vt 1.182829 -0.929469
vt 1.194350 -0.903981
vt 1.194736 -0.020719
vt 1.183351 0.037756
vt 1.201318 -0.883232
vt 1.208826 -0.855856
vt 1.224700 -0.805336
vt 1.252554 -0.784556
vt 1.223692 -0.222856
vt 1.219035 -0.184219
vt 1.208518 -0.106404
vt 1.201893 -0.063020
vt 1.210613 -0.786424
vt 1.231822 -0.764473
vt 1.234634 -0.707094
vt 1.239585 -0.651709
vt 1.242543 -0.593443
vt 1.243525 -0.532314
vt 1.242543 -0.468351
vt 1.239585 -0.401545
vt 1.234636 -0.331867
vt 1.227795 -0.259876
vt 0.945735 -0.491767
vt 0.937939 -0.439037
vt 0.931178 -0.366175
vt 0.928669 -0.299787
vt 0.928560 -0.237085
vt 0.928925 -0.175113
vt 0.929291 -0.113143
vt 0.929532 -0.050991
vt 0.929614 0.011391
vt 0.929532 0.074009
vt 0.929291 0.136857
vt 0.928925 0.199885
vt 0.928560 0.262911
vt 0.928669 0.325299
vt 0.931178 0.384439
vt 0.937939 0.437770
vt 0.945735 0.467978
vt 0.966045 -0.584470
vt 0.954444 -0.536753
vt 0.954444 0.487803
vt 0.966045 0.502007
vt 0.982092 -0.635900
vt 0.982092 0.507079
vt 1.009395 -0.704849
vt 0.998130 -0.678154
vt 0.998130 0.503001
vt 1.009395 0.497152
vt 1.027475 -0.742947
vt 1.027475 0.483019
vt 1.050010 -0.784005
vt 1.050010 0.458977
vt 1.072508 -0.821209
vt 1.072508 0.431185
vt 1.095001 -0.855058
vt 1.095001 0.400055
vt 1.117495 -0.883395
vt 1.117495 0.363411
vt 1.140002 -0.908872
vt 1.140002 0.323865
vt 1.162538 -0.931959
vt 1.162538 0.281850
vt 1.178051 -0.945294
vt 1.189375 -0.952809
vt 1.189375 0.225170
vt 1.178051 0.250369
vt 1.207917 -0.958840
vt 1.207917 0.177636
vt 1.223588 -0.954886
vt 1.235003 -0.944782
vt 1.235003 0.085329
vt 1.223588 0.128410
vt 1.245850 -0.928549
vt 1.257240 -0.902952
vt 1.257240 -0.020742
vt 1.245850 0.037760
vt 1.264397 -0.881328
vt 1.271016 -0.857102
vt 1.281533 -0.809665
vt 1.286195 -0.784465
vt 1.286195 -0.222876
vt 1.281533 -0.184209
vt 1.271016 -0.106387
vt 1.264397 -0.063040
vt 1.290297 -0.759296
vt 1.297135 -0.707081
vt 1.302085 -0.651701
vt 1.305043 -0.593440
vt 1.306025 -0.532314
vt 1.305043 -0.468352
vt 1.302085 -0.401546
vt 1.297135 -0.331866
vt 1.290297 -0.259897
vt 1.008235 -0.491767
vt 1.000439 -0.439037
vt 0.993678 -0.366175
vt 0.991169 -0.299787
vt 0.991060 -0.237085
vt 0.991425 -0.175113
vt 0.991791 -0.113143
vt 0.992032 -0.050991
vt 0.992114 0.011391
vt 0.992032 0.074009
vt 0.991791 0.136857
vt 0.991425 0.199885
vt 0.991060 0.262911
vt 0.991169 0.325299
vt 0.993678 0.384439
vt 1.000439 0.437770
vt 1.008235 0.467978
vt 1.028545 -0.584470
vt 1.016944 -0.536753
vt 1.016944 0.487803
vt 1.028545 0.502007
vt 1.044592 -0.635900
vt 1.044592 0.507079
vt 1.071895 -0.704849
vt 1.060630 -0.678154
vt 1.060630 0.503001
vt 1.071895 0.497152
vt 1.089975 -0.742947
vt 1.089975 0.483019
vt 1.112510 -0.784005
vt 1.112510 0.458977
vt 1.135008 -0.821209
vt 1.135008 0.431185
vt 1.157501 -0.855058
vt 1.157501 0.400055
vt 1.179995 -0.883395
vt 1.179995 0.363411
vt 1.202502 -0.908872
vt 1.202502 0.323865
vt 1.225038 -0.931959
vt 1.225038 0.281850
vt 1.240551 -0.945294
vt 1.251875 -0.952809
vt 1.251875 0.225170
vt 1.240551 0.250369
vt 1.270417 -0.958840
vt 1.270417 0.177636
vt 1.286088 -0.954886
vt 1.297503 -0.944782
vt 1.297503 0.085329
vt 1.286088 0.128410
vt 1.308350 -0.928549
vt 1.319740 -0.902952
vt 1.319740 -0.020742
vt 1.308350 0.037760
vt 1.326897 -0.881328
vt 1.333516 -0.857102
vt 1.344033 -0.809665
vt 1.348695 -0.784465
vt 1.348695 -0.222876
vt 1.344033 -0.184209
vt 1.333516 -0.106387
vt 1.326897 -0.063040
vt 1.352797 -0.759296
vt 1.359635 -0.707081
vt 1.364585 -0.651701
vt 1.367543 -0.593440
vt 1.368525 -0.532314
vt 1.367543 -0.468352
vt 1.364585 -0.401546
vt 1.359635 -0.331866
vt 1.352797 -0.259897
vn 0.00000 0.84409 0.53621
vn 0.00000 0.92175 0.38777
vn 0.00000 0.98237 0.18695
vn 0.00000 0.99904 0.04389
vn 0.00000 0.99992 -0.01265
vn 0.00000 0.99984 -0.01766
vn 0.00000 0.99990 -0.01397
vn 0.00000 0.99997 -0.00725
vn 0.00000 1.00000 -0.00000
vn 0.00000 0.99997 0.00725
vn 0.00000 0.99990 0.01397
vn 0.00000 0.99984 0.01766
vn 0.00000 0.99992 0.01265
vn 0.00000 0.99904 -0.04389
vn 0.00000 0.98237 -0.18695
vn 0.00000 0.92175 -0.38777
vn 0.00000 0.84409 -0.53621
vn 0.00000 0.62560 0.78015
vn 0.00000 0.75323 0.65776
vn 0.00000 0.75323 -0.65776
vn 0.00000 0.62560 -0.78015
vn 0.00000 0.43868 0.89864
vn 0.00000 0.43868 -0.89864
vn 0.00000 0.28310 0.95909
vn 0.00000 0.34846 0.93732
vn 0.00000 0.34846 -0.93732
vn 0.00000 0.28310 -0.95909
vn 0.00000 0.18288 0.98314
vn 0.00000 0.18288 -0.98314
vn 0.00000 0.09611 0.99537
vn 0.00000 0.09611 -0.99537
vn 0.00000 0.05744 0.99835
vn 0.00000 0.05744 -0.99835
vn 0.00000 -0.02854 0.99959
vn 0.00000 -0.02854 -0.99959
vn 0.00000 -0.09446 0.99553
vn 0.00000 -0.09446 -0.99553
vn 0.00000 -0.12788 0.99179
vn 0.00000 -0.12788 -0.99179
vn 0.00000 -0.17724 0.98417
vn 0.00000 -0.17724 -0.98417
vn 0.00000 -0.23950 0.97090
vn 0.00000 -0.30444 0.95253
vn 0.00000 -0.30444 -0.95253
vn 0.00000 -0.23950 -0.97090
vn 0.00000 -0.44797 0.89405
vn 0.00000 -0.44797 -0.89405
vn 0.00000 -0.59158 0.80625
vn 0.00000 -0.68783 0.72587
vn 0.00000 -0.68783 -0.72587
vn 0.00000 -0.59158 -0.80625
vn 0.00000 -0.76237 0.64714
vn 0.00000 -0.83087 0.55647
vn 0.00000 -0.83087 -0.55647
vn 0.00000 -0.76237 -0.64714
vn 0.00000 -0.86517 0.50148
vn 0.00000 -0.88993 0.45610
vn 0.00000 -0.92031 0.39119
vn 0.00000 -0.93296 0.35999
vn 0.00000 -0.93296 -0.35999
vn 0.00000 -0.92031 -0.39119
vn 0.00000 -0.88993 -0.45610
vn 0.00000 -0.86517 -0.50148
vn 0.00000 -0.94478 0.32772
vn 0.00000 -0.96693 0.25506
vn 0.00000 -0.98492 0.17300
vn 0.00000 -0.99621 0.08697
vn 0.00000 -1.00000 -0.00000
vn 0.00000 -0.99621 -0.08697
vn 0.00000 -0.98492 -0.17300
vn 0.00000 -0.96693 -0.25506
vn 0.00000 -0.94478 -0.32772
vn 0.00000 0.84409 0.53621
vn 0.00000 0.92175 0.38777
vn 0.00000 0.98237 0.18695
vn 0.00000 0.99904 0.04389
vn 0.00000 0.99992 -0.01265
vn 0.00000 0.99984 -0.01766
vn 0.00000 0.99990 -0.01397
vn 0.00000 0.99997 -0.00725
vn 0.00000 1.00000 -0.00000
vn 0.00000 0.99997 0.00725
vn 0.00000 0.99990 0.01397
vn 0.00000 0.99984 0.01766
vn 0.00000 0.99992 0.01265
vn 0.00000 0.99904 -0.04389
vn 0.00000 0.98237 -0.18695
vn 0.00000 0.92175 -0.38777
vn 0.00000 0.84409 -0.53621
vn 0.00000 0.62560 0.78015
vn 0.00000 0.75323 0.65776
vn 0.00000 0.75323 -0.65776
vn 0.00000 0.62560 -0.78015
vn 0.00000 0.43868 0.89864
vn 0.00000 0.43868 -0.89864
vn 0.00000 0.28310 0.95909
vn 0.00000 0.34846 0.93732
vn 0.00000 0.34846 -0.93732
vn 0.00000 0.28310 -0.95909
vn 0.00000 0.18288 0.98314
vn 0.00000 0.18288 -0.98314
vn 0.00000 0.09611 0.99537
vn 0.00000 0.09611 -0.99537
vn 0.00000 0.05744 0.99835
vn 0.00000 0.05744 -0.99835
vn 0.00000 -0.02854 0.99959
vn 0.00000 -0.02854 -0.99959
vn 0.00000 -0.09446 0.99553
vn 0.00000 -0.09446 -0.99553
vn 0.00000 -0.12788 0.99179
vn 0.00000 -0.12788 -0.99179
vn 0.00000 -0.17724 0.98417
vn 0.00000 -0.17724 -0.98417
vn 0.00000 -0.23950 0.97090
vn 0.00000 -0.30444 0.95253
vn 0.00000 -0.30444 -0.95253
vn 0.00000 -0.23950 -0.97090
vn 0.00000 -0.44797 0.89405
vn 0.00000 -0.44797 -0.89405
vn 0.00000 -0.59158 0.80625
vn 0.00000 -0.68783 0.72587
vn 0.00000 -0.68783 -0.72587
vn 0.00000 -0.59158 -0.80625
vn 0.00000 -0.76237 0.64714
vn 0.00000 -0.83087 0.55647
vn 0.00000 -0.83087 -0.55647
vn 0.00000 -0.76237 -0.64714
vn 0.00000 -0.86517 0.50148
vn 0.00000 -0.88993 0.45610
vn 0.00000 -0.92031 0.39119
vn 0.00000 -0.93296 0.35999
vn 0.00000 -0.93296 -0.35999
vn 0.00000 -0.92031 -0.39119
vn 0.00000 -0.88993 -0.45610
vn 0.00000 -0.86517 -0.50148
vn 0.00000 -0.94478 0.32772
vn 0.00000 -0.96693 0.25506
vn 0.00000 -0.98492 0.17300
vn 0.00000 -0.99621 0.08697
vn 0.00000 -1.00000 -0.00000
vn 0.00000 -0.99621 -0.08697
vn 0.00000 -0.98492 -0.17300
vn 0.00000 -0.96693 -0.25506
vn 0.00000 -0.94478 -0.32772
vn -0.00000 0.84408 0.53621
vn -0.00000 0.92176 0.38777
vn -0.00000 0.98237 0.18695
vn -0.00000 0.99904 0.04388
vn -0.00000 0.99992 -0.01265
vn -0.00000 0.99984 -0.01766
vn -0.00000 0.99990 -0.01397
vn -0.00000 0.99997 -0.00725
vn -0.00000 1.00000 -0.00000
vn -0.00000 0.99997 0.00725
vn -0.00000 0.99990 0.01397
vn 0.00000 0.99984 0.01766
vn 0.00000 0.99992 0.01265
vn 0.00332 0.99903 -0.04393
vn 0.00339 0.98235 -0.18704
vn -0.00419 0.92238 -0.38626
vn -0.01304 0.84036 -0.54187
vn -0.00000 0.62560 0.78014
vn -0.00000 0.75324 0.65775
vn -0.02087 0.75370 -0.65689
vn -0.03166 0.62545 -0.77962
vn -0.00000 0.43865 0.89866
vn -0.01792 0.42820 -0.90351
vn -0.69199 0.30910 -0.65239
vn -0.00000 0.28318 0.95907
vn -0.00001 0.34853 0.93730
vn 0.00000 0.35505 -0.93485
vn -0.02436 0.30426 -0.95228
vn -0.00000 0.18287 0.98314
vn -0.07648 0.17732 -0.98118
vn 0.00000 0.09611 0.99537
vn -0.08256 0.09435 -0.99211
vn 0.00001 0.05744 0.99835
vn -0.55573 0.04932 -0.82990
vn -0.87924 0.02327 -0.47582
vn 0.00001 -0.02854 0.99959
vn -0.02895 -0.02796 -0.99919
vn -0.87925 -0.01026 -0.47625
vn 0.00001 -0.09447 0.99553
vn -0.58934 -0.07495 -0.80440
vn -0.88318 -0.03585 -0.46767
vn 0.00001 -0.12788 0.99179
vn -0.08177 -0.12632 -0.98861
vn 0.00001 -0.17724 0.98417
vn -0.07706 -0.17372 -0.98178
vn 0.00001 -0.23945 0.97091
vn 0.00000 -0.30436 0.95256
vn 0.00000 -0.31705 -0.94841
vn -0.04504 -0.26699 -0.96265
vn 0.00000 -0.44798 0.89404
vn -0.04024 -0.43237 -0.90080
vn -0.78296 -0.23854 -0.57452
vn 0.00000 -0.59157 0.80626
vn 0.00000 -0.68783 0.72587
vn -0.04666 -0.68857 -0.72367
vn -0.05458 -0.59538 -0.80159
vn 0.00000 -0.76237 0.64714
vn 0.00000 -0.83088 0.55645
vn -0.03052 -0.82837 -0.55934
vn -0.03881 -0.75845 -0.65057
vn 0.00000 -0.86518 0.50147
vn 0.00000 -0.88992 0.45611
vn 0.00000 -0.92031 0.39119
vn 0.00000 -0.93296 0.35998
vn 0.00000 -0.93291 -0.36011
vn -0.00000 -0.92253 -0.38591
vn -0.01575 -0.89087 -0.45399
vn -0.02258 -0.86246 -0.50563
vn 0.00000 -0.94478 0.32770
vn -0.00000 -0.96693 0.25506
vn -0.00000 -0.98492 0.17300
vn -0.00001 -0.99621 0.08696
vn -0.00001 -1.00000 -0.00000
vn -0.00001 -0.99621 -0.08696
vn -0.00001 -0.98492 -0.17299
vn -0.00000 -0.96693 -0.25505
vn -0.00000 -0.94241 -0.33447
vn -0.06445 -0.93403 -0.35133
vn -0.00085 0.84450 0.53555
vn -0.00049 0.92182 0.38762
vn -0.00213 0.98221 0.18780
vn -0.00452 0.99902 0.04399
vn -0.00365 0.99990 -0.01333
vn -0.00133 0.99983 -0.01815
vn -0.00208 0.99991 -0.01321
vn -0.00450 0.99997 -0.00672
vn -0.00463 0.99999 -0.00053
vn -0.00347 0.99997 0.00702
vn -0.00149 0.99991 0.01314
vn 0.04185 0.99904 0.01271
vn 0.07118 0.99739 0.01178
vn 0.19765 0.97429 -0.10814
vn 0.14585 0.97160 -0.18634
vn -0.18097 0.96891 -0.16872
vn -0.34056 0.83315 -0.43575
vn -0.41787 0.85811 -0.29838
vn -0.00553 0.62856 0.77774
vn -0.00183 0.75457 0.65622
vn -0.56165 0.69588 -0.44756
vn -0.74227 0.55158 -0.38051
vn -0.73023 0.54429 -0.41294
vn -0.39215 0.67888 -0.62075
vn -0.01683 0.44229 0.89671
vn -0.77297 0.37319 -0.51307
vn -0.83951 0.29460 -0.45654
vn -0.78771 0.37761 -0.48675
vn -0.02207 0.27981 0.95980
vn -0.02535 0.34977 0.93649
vn -0.88614 0.17427 -0.42939
vn -0.88466 0.18998 -0.42577
vn -0.51725 0.31748 -0.79477
vn -0.00422 0.17454 0.98464
vn -0.88698 0.10113 -0.45060
vn -0.91587 0.09554 -0.38995
vn -0.75770 0.16896 -0.63035
vn 0.01525 0.09101 0.99573
vn -0.88525 0.05200 -0.46220
vn -0.91891 0.04701 -0.39166
vn -0.84296 0.07110 -0.53325
vn 0.02460 0.05271 0.99831
vn -0.88334 0.03657 -0.46730
vn -0.91486 0.02583 -0.40294
vn -0.86534 0.03698 -0.49982
vn 0.03675 -0.03147 0.99883
vn -0.91945 -0.00444 -0.39317
vn -0.87969 0.01184 -0.47540
vn 0.03371 -0.08993 0.99538
vn -0.88711 -0.05357 -0.45843
vn -0.91847 -0.03934 -0.39352
vn -0.88099 -0.03476 -0.47185
vn 0.01719 -0.12297 0.99226
vn -0.89126 -0.06647 -0.44860
vn -0.92637 -0.05494 -0.37258
vn -0.86987 -0.05829 -0.48982
vn 0.00894 -0.17710 0.98415
vn -0.89723 -0.08663 -0.43299
vn -0.93021 -0.07072 -0.36015
vn -0.83539 -0.09101 -0.54206
vn 0.00855 -0.23724 0.97141
vn 0.00358 -0.29934 0.95414
vn -0.90437 -0.12377 -0.40841
vn -0.92995 -0.10292 -0.35300
vn -0.69119 -0.17831 -0.70033
vn -0.00834 -0.44510 0.89544
vn -0.84747 -0.27551 -0.45375
vn -0.91205 -0.19310 -0.36176
vn -0.89802 -0.19411 -0.39482
vn -0.50882 -0.29774 -0.80774
vn -0.00737 -0.59392 0.80449
vn -0.00060 -0.68997 0.72384
vn -0.76310 -0.47359 -0.43975
vn -0.84680 -0.35392 -0.39709
vn -0.92777 -0.27204 -0.25542
vn -0.68194 -0.47933 -0.55245
vn 0.00057 -0.76242 0.64709
vn 0.00168 -0.83223 0.55443
vn -0.69799 -0.61688 -0.36370
vn -0.78504 -0.50793 -0.35456
vn -0.81037 -0.48474 -0.32913
vn -0.57492 -0.63454 -0.51655
vn -0.38251 -0.68065 -0.62482
vn 0.00862 -0.86735 0.49762
vn 0.01767 -0.89083 0.45399
vn 0.01831 -0.91882 0.39426
vn 0.01355 -0.93183 0.36265
vn -0.43610 -0.84553 -0.30804
vn -0.67007 -0.72369 -0.16515
vn -0.69437 -0.65851 -0.29021
vn -0.64655 -0.68984 -0.32572
vn -0.35271 -0.82667 -0.43842
vn 0.00904 -0.94398 0.32987
vn 0.00025 -0.96587 0.25902
vn -0.01852 -0.98364 0.17920
vn -0.03776 -0.99493 0.09317
vn -0.05052 -0.99872 0.00158
vn -0.04755 -0.99489 -0.08909
vn -0.03917 -0.98364 -0.17586
vn -0.22849 -0.95584 -0.18482
vn -0.34790 -0.91050 -0.22353
vn -0.53724 -0.80926 -0.23762
vn -0.34698 -0.89787 -0.27099
vn 0.16277 0.88067 0.44489
vn 0.10822 0.94962 0.29413
vn 0.04773 0.99042 0.12960
vn 0.00829 0.99985 0.01540
vn -0.00224 0.99987 -0.01598
vn -0.00491 0.99984 -0.01709
vn -0.00632 0.99994 -0.00919
vn -0.00643 0.99997 -0.00334
vn -0.00592 0.99998 -0.00084
vn 0.04316 0.99813 -0.04317
vn 0.00380 0.99999 0.00111
vn 0.11756 0.98821 -0.09811
vn 0.14712 0.98194 -0.11899
vn 0.01363 0.99981 0.01386
vn 0.19021 0.98174 0.00260
vn 0.17451 0.98340 -0.04970
vn 0.12824 0.92640 -0.35404
vn -0.17917 0.93915 -0.29308
vn 0.01221 0.85816 -0.51324
vn 0.27334 0.67850 0.68186
vn 0.21189 0.79832 0.56373
vn -0.23301 0.89426 -0.38210
vn -0.24989 0.85396 -0.45640
vn -0.30592 0.72666 -0.61513
vn 0.34878 0.41099 0.84228
vn 0.31926 0.49656 0.80716
vn -0.36609 0.56486 -0.73953
vn -0.17968 0.43356 -0.88303
vn 0.34025 0.31709 0.88526
vn -0.00764 0.36251 0.93195
vn -0.40836 0.41527 -0.81289
vn -0.42256 0.36714 -0.82864
vn 0.37176 0.15041 0.91606
vn -0.38435 0.21032 -0.89891
vn -0.29910 0.13373 -0.94481
vn 0.38844 0.08669 0.91739
vn -0.24629 0.09430 -0.96460
vn -0.25799 0.06821 -0.96374
vn 0.38457 0.05288 0.92158
vn -0.36477 0.06466 -0.92885
vn -0.19788 0.04938 -0.97898
vn 0.36603 -0.02597 0.93024
vn -0.37530 0.03751 -0.92614
vn -0.14641 0.03072 -0.98875
vn 0.33568 -0.06677 0.93961
vn -0.39021 -0.05025 -0.91935
vn -0.15446 -0.01822 -0.98783
vn 0.32410 -0.10675 0.93998
vn -0.40508 -0.09072 -0.90977
vn -0.20803 -0.05188 -0.97674
vn 0.32138 -0.18731 0.92824
vn -0.37455 -0.13647 -0.91711
vn -0.29680 -0.10643 -0.94899
vn 0.30012 -0.27278 0.91407
vn -0.01141 -0.30258 0.95306
vn -0.39390 -0.20116 -0.89687
vn 0.27247 -0.36438 0.89050
vn 0.25446 -0.46640 0.84718
vn -0.42621 -0.42603 -0.79802
vn -0.42157 -0.35547 -0.83422
vn 0.22546 -0.66531 0.71171
vn 0.20547 -0.73489 0.64631
vn -0.36949 -0.57624 -0.72899
vn -0.44128 -0.50351 -0.74280
vn 0.17125 -0.78795 0.59145
vn 0.13023 -0.85899 0.49515
vn -0.27919 -0.81805 -0.50284
vn -0.27265 -0.78897 -0.55063
vn -0.30725 -0.70712 -0.63686
vn 0.11908 -0.89302 0.43397
vn 0.12936 -0.91314 0.38659
vn 0.15082 -0.92249 0.35533
vn 0.14408 -0.93195 0.33272
vn -0.41939 -0.89887 -0.12711
vn -0.22064 -0.91827 -0.32877
vn -0.40222 -0.89447 -0.19530
vn -0.23181 -0.85423 -0.46535
vn -0.45451 -0.84961 -0.26755
vn 0.13281 -0.94402 0.30197
vn 0.09221 -0.96330 0.25210
vn 0.02858 -0.98236 0.18481
vn -0.01689 -0.99483 0.10014
vn -0.04092 -0.99916 0.00018
vn -0.12359 -0.99233 -0.00206
vn -0.12210 -0.98797 -0.09493
vn -0.26535 -0.96349 -0.03570
vn -0.31942 -0.94597 -0.05581
vn -0.20776 -0.94916 -0.23651
vn -0.39169 -0.91428 -0.10334
vn -0.39057 -0.91276 -0.11967
vn 0.18334 0.84003 0.51063
vn 0.12536 0.92506 0.35853
vn 0.06668 0.98228 0.17515
vn 0.03024 0.99844 0.04703
vn 0.00684 0.99994 -0.00839
vn -0.00061 0.99992 -0.01270
vn 0.00073 0.99994 -0.01079
vn 0.00461 0.99998 -0.00511
vn 0.04863 0.99765 -0.04823
vn 0.00369 0.99999 0.00037
vn 0.10884 0.98791 -0.11038
vn 0.00944 0.99996 0.00039
vn 0.00943 0.99988 0.01217
vn 0.00956 0.99985 0.01455
vn 0.01051 0.99993 0.00562
vn 0.22067 0.94992 -0.22126
vn 0.18735 0.93412 -0.30384
vn -0.11647 0.97103 -0.20866
vn -0.16815 0.93478 -0.31292
vn 0.32418 0.60139 0.73023
vn 0.24630 0.72842 0.63933
vn 0.04714 0.79789 -0.60095
vn -0.25704 0.75476 -0.60354
vn -0.22701 0.67348 -0.70349
vn 0.37826 0.39574 0.83685
vn 0.38081 0.44878 0.80845
vn -0.28612 0.65868 -0.69590
vn -0.31388 0.59006 -0.74385
vn 0.41126 0.27767 0.86820
vn 0.39905 0.33344 0.85415
vn -0.31639 0.33352 -0.88807
vn -0.20042 0.24168 -0.94943
vn 0.42038 0.13460 0.89731
vn -0.30999 0.22603 -0.92348
vn -0.16301 0.10262 -0.98127
vn 0.43984 0.06703 0.89557
vn -0.08759 0.01514 -0.99604
vn 0.44391 0.07176 0.89319
vn -0.07972 0.02539 -0.99649
vn 0.39046 0.03229 0.92005
vn -0.07589 0.02270 -0.99686
vn 0.31421 -0.03486 0.94871
vn -0.07754 -0.00701 -0.99696
vn 0.32056 -0.12017 0.93958
vn -0.08422 -0.01748 -0.99629
vn 0.35129 -0.19022 0.91674
vn -0.32292 -0.14956 -0.93454
vn -0.13435 -0.05248 -0.98954
vn 0.34389 -0.22344 0.91204
vn 0.36132 -0.25744 0.89620
vn -0.31805 -0.19084 -0.92867
vn -0.15584 -0.11120 -0.98150
vn 0.28817 -0.34745 0.89232
vn 0.30466 -0.43261 0.84855
vn -0.29479 -0.33619 -0.89447
vn -0.42248 -0.24832 -0.87169
vn 0.27995 -0.63837 0.71702
vn 0.26477 -0.70265 0.66044
vn -0.20133 -0.66338 -0.72069
vn -0.24349 -0.54716 -0.80083
vn 0.24404 -0.74196 0.62445
vn 0.19107 -0.82186 0.53669
vn -0.17258 -0.81478 -0.55349
vn -0.17023 -0.74602 -0.64380
vn 0.14992 -0.87782 0.45492
vn 0.11716 -0.92004 0.37390
vn 0.12017 -0.93170 0.34277
vn 0.12747 -0.93358 0.33494
vn -0.14304 -0.92398 -0.35469
vn -0.10623 -0.91934 -0.37886
vn -0.12384 -0.89164 -0.43547
vn -0.16844 -0.85660 -0.48772
vn 0.12959 -0.93993 0.31582
vn 0.11085 -0.94486 0.30813
vn 0.07708 -0.97073 0.22745
vn 0.05615 -0.98989 0.13027
vn -0.00327 -0.99580 0.09149
vn -0.01974 -0.99980 0.00319
vn -0.08198 -0.99509 -0.05542
vn -0.25733 -0.96582 0.03123
vn -0.15622 -0.97461 -0.16040
vn -0.17286 -0.95606 -0.23678
vn -0.15678 -0.94204 -0.29661
vn -0.35788 -0.92485 -0.12873
vn -0.32198 -0.93218 -0.16547
vn -0.12325 -0.98696 0.10349
vn -0.05777 -0.99779 -0.03278
vn -0.22971 -0.97015 0.07776
vn -0.26946 -0.95570 -0.11847
vn 0.19036 0.81214 0.55153
vn 0.15475 0.87674 0.45539
vn 0.08129 0.97102 0.22475
vn 0.03367 0.99588 0.08425
vn 0.00046 1.00000 -0.00009
vn 0.00336 0.99986 -0.01623
vn 0.01117 0.99982 -0.01503
vn 0.05119 0.99737 -0.05124
vn 0.00374 0.99999 -0.00226
vn 0.10518 0.98920 -0.10209
vn 0.00406 0.99995 -0.00947
vn 0.18033 0.96779 -0.17567
vn 0.19732 0.96304 -0.18334
vn 0.21162 0.95630 -0.20178
vn -0.00125 1.00000 0.00211
vn 0.00200 0.99999 0.00377
vn 0.23341 0.93437 -0.26920
vn -0.05632 0.98775 -0.14551
vn -0.10420 0.95883 -0.26417
vn 0.33497 0.54119 0.77130
vn 0.25712 0.63739 0.72638
vn 0.19650 0.78628 0.58579
vn 0.13999 0.92115 -0.36315
vn -0.01568 0.76985 -0.63803
vn -0.21865 0.72358 -0.65470
vn 0.34865 0.47121 0.81019
vn 0.29202 0.52416 0.79999
vn -0.22324 0.56719 -0.79276
vn 0.38125 0.22661 0.89627
vn 0.34119 0.30556 0.88895
vn -0.18466 0.33149 -0.92521
vn -0.11537 0.18692 -0.97558
vn 0.37294 0.13608 0.91782
vn 0.32230 0.13458 0.93702
vn -0.04519 0.04866 -0.99779
vn 0.37269 0.04757 0.92674
vn 0.33137 0.04558 0.94240
vn -0.03121 0.01167 -0.99944
vn 0.33197 0.12138 0.93545
vn 0.32203 0.10165 0.94126
vn -0.03665 0.03126 -0.99884
vn 0.28024 0.12331 0.95198
vn -0.03767 0.02468 -0.99899
vn 0.23797 -0.00442 0.97126
vn -0.03313 -0.01009 -0.99940
vn 0.26710 -0.16809 0.94889
vn -0.03053 -0.00873 -0.99950
vn 0.31520 -0.24423 0.91706
vn 0.33123 -0.27073 0.90388
vn -0.03995 -0.01858 -0.99903
vn 0.37026 -0.20687 0.90560
vn 0.38843 -0.22813 0.89279
vn -0.06483 -0.04381 -0.99693
vn 0.39486 -0.45404 0.79870
vn 0.38034 -0.54738 0.74546
vn -0.24212 -0.38758 -0.88947
vn -0.14784 -0.17484 -0.97343
vn 0.35137 -0.59951 0.71912
vn 0.33166 -0.66104 0.67307
vn 0.28607 -0.68838 0.66655
vn -0.29769 -0.74450 -0.59758
vn -0.17613 -0.61513 -0.76850
vn -0.28653 -0.46509 -0.83761
vn 0.29476 -0.70893 0.64073
vn 0.25095 -0.76112 0.59810
vn 0.18278 -0.81698 0.54694
vn -0.27676 -0.86400 -0.42060
vn -0.36002 -0.83927 -0.40745
vn -0.08146 -0.74269 -0.66466
vn 0.18224 -0.85434 0.48672
vn 0.12141 -0.87964 0.45989
vn 0.00503 -0.93284 0.36025
vn -0.00987 -0.94608 0.32378
vn -0.34036 -0.92592 -0.16380
vn -0.09254 -0.90550 -0.41414
vn -0.09244 -0.85528 -0.50985
vn 0.00769 -0.95697 0.29009
vn 0.07287 -0.95569 0.28522
vn 0.12028 -0.96529 0.23184
vn 0.15253 -0.96548 0.21115
vn 0.10368 -0.98371 0.14685
vn -0.06667 -0.97973 0.18892
vn -0.09608 -0.97934 -0.17794
vn -0.27026 -0.96256 -0.02113
vn -0.08012 -0.95509 -0.28528
vn -0.10651 -0.92571 -0.36292
vn -0.11967 -0.90813 -0.40121
vn -0.15197 -0.90057 -0.40729
vn 0.00880 -0.99891 0.04593
vn -0.01814 -0.99964 -0.01969
vn -0.18578 -0.97573 0.11590
vn -0.23796 -0.96946 0.05932
vn -0.03077 -0.97730 -0.20961
vn 0.17480 0.86151 0.47670
vn 0.10933 0.95130 0.28823
vn 0.05066 0.99066 0.12662
vn 0.01588 0.99962 0.02238
vn 0.00213 0.99975 -0.02246
vn -0.00121 0.99986 -0.01640
vn 0.00548 0.99997 -0.00517
vn 0.09831 0.99059 -0.09522
vn 0.14305 0.97753 -0.15482
vn -0.00690 0.99989 -0.01286
vn 0.19611 0.96076 -0.19619
vn 0.21505 0.95655 -0.19691
vn 0.22870 0.94970 -0.21394
vn -0.00155 1.00000 -0.00140
vn -0.00480 0.99999 0.00080
vn -0.00396 0.99999 0.00053
vn -0.03057 0.99468 -0.09842
vn -0.07143 0.97430 -0.21364
vn 0.22735 0.60513 0.76298
vn 0.21549 0.76650 0.60502
vn -0.09931 0.94665 -0.30659
vn 0.12780 0.87481 -0.46730
vn 0.05166 0.70951 -0.70280
vn 0.19392 0.45081 0.87130
vn 0.18508 0.52346 0.83170
vn -0.06381 0.49466 -0.86674
vn -0.06265 0.42318 -0.90388
vn 0.23590 0.33029 0.91393
vn -0.04433 0.37039 -0.92782
vn -0.06440 0.17865 -0.98180
vn 0.30201 0.11384 0.94648
vn -0.04066 0.03835 -0.99844
vn 0.35107 0.03550 0.93567
vn -0.03982 0.01202 -0.99913
vn 0.28450 0.17318 0.94290
vn 0.32299 0.17292 0.93047
vn -0.01686 0.02476 -0.99955
vn 0.24104 0.18855 0.95202
vn 0.28396 0.21667 0.93403
vn 0.00203 0.02219 -0.99975
vn 0.22698 -0.02113 0.97367
vn 0.23984 -0.15586 0.95822
vn -0.01079 -0.00272 -0.99994
vn 0.27769 -0.21203 0.93698
vn 0.28998 -0.24529 0.92506
vn -0.03160 -0.00371 -0.99949
vn 0.29478 -0.24428 0.92382
vn 0.33300 -0.31232 0.88970
vn -0.03276 -0.00857 -0.99943
vn 0.42077 -0.30278 0.85515
vn 0.43042 -0.32567 0.84183
vn -0.03247 -0.01960 -0.99928
vn 0.42250 -0.38543 0.82032
vn 0.39347 -0.44185 0.80619
vn -0.04757 -0.07758 -0.99585
vn 0.25840 -0.61446 0.74543
vn 0.19860 -0.69046 0.69557
vn -0.13564 -0.70077 -0.70037
vn -0.09489 -0.27221 -0.95755
vn 0.19088 -0.73716 0.64820
vn 0.19208 -0.77642 0.60023
vn -0.09224 -0.78372 -0.61423
vn -0.32549 -0.72109 -0.61163
vn -0.42314 -0.82509 -0.37441
vn 0.16140 -0.82220 0.54583
vn 0.08188 -0.90022 0.42767
vn 0.03971 -0.94683 0.31926
vn -0.20634 -0.88270 -0.42222
vn -0.20489 -0.81126 -0.54761
vn -0.23732 -0.73558 -0.63450
vn 0.03957 -0.97184 0.23230
vn 0.05667 -0.97509 0.21445
vn 0.18836 -0.95679 0.22151
vn 0.11134 -0.96910 0.22009
vn 0.06202 -0.96796 0.24331
vn -0.10673 -0.95306 0.28333
vn -0.26192 -0.93734 -0.22975
vn -0.32300 -0.91607 -0.23765
vn -0.16808 -0.93601 -0.30925
vn -0.18870 -0.90310 -0.38574
vn -0.19184 -0.89236 -0.40853
vn 0.04117 -0.97709 0.20883
vn -0.01011 -0.99194 0.12630
vn -0.06464 -0.99693 -0.04424
vn -0.18837 -0.97484 0.11922
vn -0.21159 -0.97209 0.10136
vn -0.27993 -0.95950 0.03149
vn -0.35654 -0.93411 0.01776
vn 0.19217 0.83253 0.51957
vn 0.13811 0.91995 0.36691
vn 0.06765 0.98216 0.17546
vn 0.02427 0.99798 0.05864
vn 0.01403 0.99928 0.03520
vn -0.02945 0.99935 -0.02094
vn 0.08137 0.98982 -0.11674
vn 0.15034 0.97831 -0.14248
vn 0.17815 0.96728 -0.18062
vn 0.22336 0.94676 -0.23186
vn 0.02776 0.99955 -0.01151
vn 0.03295 0.99931 0.01739
vn 0.28535 0.92808 -0.23926
vn 0.04214 0.99910 0.00447
vn 0.29692 0.95487 0.00762
vn 0.28203 0.92362 -0.25960
vn 0.00399 0.99822 -0.05954
vn -0.02436 0.98721 -0.15755
vn 0.15951 0.69051 0.70551
vn 0.21836 0.75201 0.62193
vn -0.04455 0.96344 -0.26418
vn -0.06973 0.89208 -0.44647
vn 0.14747 0.55809 -0.81657
vn 0.08846 0.39280 0.91536
vn 0.07839 0.53283 0.84259
vn 0.19477 0.56298 -0.80320
vn -0.06164 0.42742 -0.90195
vn 0.15747 0.22564 0.96140
vn 0.02042 0.47194 -0.88139
vn 0.08862 0.19829 -0.97613
vn 0.23920 0.05333 0.96951
vn -0.02639 0.04824 -0.99849
vn 0.29637 -0.00769 0.95504
vn -0.01189 0.00429 -0.99992
vn 0.28104 0.23250 0.93111
vn -0.01831 -0.01202 -0.99976
vn 0.24475 0.16427 0.95557
vn 0.25387 0.26917 0.92903
vn -0.01581 0.00812 -0.99984
vn 0.23818 0.12029 0.96374
vn 0.19667 -0.02688 0.98010
vn -0.01936 0.03217 -0.99929
vn 0.21764 -0.30930 0.92572
vn -0.01727 0.00459 -0.99984
vn 0.32074 -0.42877 0.84456
vn 0.30672 -0.46137 0.83250
vn -0.01231 -0.02047 -0.99971
vn 0.42683 -0.34466 0.83608
vn 0.41344 -0.31024 0.85605
vn -0.02270 -0.02809 -0.99935
vn 0.31521 -0.34763 0.88306
vn 0.02070 -0.05173 -0.99845
vn 0.18548 -0.44000 0.87864
vn 0.06232 -0.61838 0.78340
vn -0.13422 -0.67032 -0.72983
vn -0.11485 -0.23791 -0.96447
vn 0.01038 -0.77210 0.63541
vn 0.07394 -0.82974 0.55323
vn -0.27087 -0.65414 -0.70621
vn -0.31617 -0.74524 -0.58707
vn 0.11994 -0.82963 0.54529
vn 0.11957 -0.86590 0.48572
vn 0.07907 -0.94845 0.30690
vn 0.18198 -0.95475 0.23524
vn 0.12593 -0.90915 0.39698
vn -0.50157 -0.86074 -0.08694
vn -0.21505 -0.87126 -0.44120
vn -0.30384 -0.71048 -0.63475
vn 0.07421 -0.97041 0.22976
vn 0.22616 -0.96144 0.15645
vn 0.04169 -0.91042 0.41159
vn -0.09389 -0.92522 0.36763
vn -0.11779 -0.92253 0.36751
vn -0.38365 -0.89304 -0.23515
vn -0.18786 -0.93500 -0.30082
vn -0.39957 -0.91018 -0.10920
vn -0.12544 -0.91587 -0.38138
vn -0.15355 -0.91155 -0.38145
vn 0.08284 -0.97362 0.21261
vn -0.11525 -0.92083 0.37255
vn -0.23464 -0.95559 0.17830
vn -0.11101 -0.99078 -0.07762
vn -0.13155 -0.98753 -0.08652
vn -0.34465 -0.93393 0.09482
vn -0.37180 -0.90865 -0.19004
vn -0.35759 -0.90276 -0.23905
vn 0.14619 0.82836 0.54079
vn 0.12382 0.87977 0.45899
vn 0.06004 0.96900 0.23966
vn 0.15790 0.96934 0.18827
vn 0.06298 0.99149 0.11395
vn 0.09995 0.99054 -0.09407
vn -0.02566 0.99918 -0.03124
vn 0.19200 0.98137 -0.00624
vn 0.41027 0.88308 -0.22773
vn 0.26789 0.96271 -0.03762
vn 0.28067 0.92249 -0.26501
vn 0.30032 0.95368 0.01750
vn 0.31045 0.95058 -0.00342
vn 0.32556 0.94551 0.00537
vn 0.05471 0.99834 0.01794
vn 0.05453 0.99850 0.00387
vn 0.04060 0.99839 -0.03964
vn 0.29177 0.95000 -0.11125
vn -0.02607 0.76508 0.64341
vn 0.07605 0.82334 0.56242
vn 0.07626 0.85762 0.50860
vn 0.03011 0.99942 -0.01570
vn 0.04542 0.99897 0.00071
vn 0.32351 0.94607 0.01694
vn 0.33401 0.94257 0.00211
vn 0.05195 0.99816 -0.03134
vn 0.02242 0.98341 -0.18000
vn -0.02906 0.91388 -0.40494
vn -0.06323 0.77611 -0.62742
vn -0.02146 0.35214 0.93570
vn -0.01518 0.54453 0.83860
vn -0.02675 0.46412 -0.88537
vn -0.02510 0.17329 0.98455
vn 0.03554 0.40002 -0.91582
vn 0.03562 0.15263 -0.98764
vn -0.03189 0.02955 0.99905
vn 0.02284 0.06227 -0.99780
vn -0.02514 -0.00678 0.99966
vn 0.00040 0.02807 -0.99961
vn -0.03322 0.24416 0.96917
vn -0.02615 -0.01882 -0.99948
vn 0.00086 0.30586 0.95208
vn -0.02742 -0.00257 -0.99962
vn 0.05138 -0.03700 0.99799
vn -0.01191 0.02663 -0.99957
vn 0.11825 -0.40158 0.90816
vn 0.00286 0.00529 -0.99998
vn 0.16941 -0.52103 0.83656
vn 0.21570 -0.54477 0.81037
vn 0.00399 -0.02847 -0.99959
vn 0.29553 -0.32580 0.89806
vn 0.00207 -0.03103 -0.99952
vn 0.30321 -0.28121 0.91048
vn 0.37719 -0.29393 0.87825
vn 0.00025 -0.04729 -0.99888
vn 0.24163 -0.33040 0.91239
vn 0.25801 -0.40572 0.87682
vn -0.02917 -0.60366 -0.79671
vn -0.00376 -0.22036 -0.97541
vn 0.13680 -0.74098 0.65745
vn 0.07566 -0.83432 0.54607
vn -0.15648 -0.60731 -0.77890
vn -0.10831 -0.60035 -0.79237
vn 0.04460 -0.82659 0.56104
vn 0.02297 -0.84719 0.53080
vn 0.21653 -0.94476 0.24607
vn 0.25637 -0.95601 0.14258
vn 0.26051 -0.89702 0.35705
vn -0.17939 -0.88958 -0.42008
vn -0.18609 -0.71129 -0.67782
vn -0.26191 -0.55070 -0.79255
vn 0.10053 -0.85268 0.51268
vn 0.21244 -0.92193 0.32392
vn -0.03390 -0.91887 0.39310
vn -0.10278 -0.92589 -0.36355
vn -0.07091 -0.91747 -0.39142
vn -0.08785 -0.93425 -0.34564
vn -0.13057 -0.93743 -0.32276
vn -0.06090 -0.89632 -0.43920
vn -0.22833 -0.88729 0.40072
vn -0.24524 -0.87294 0.42170
vn -0.15327 -0.98312 0.09993
vn -0.30802 -0.91797 0.24991
vn -0.38149 -0.92077 -0.08150
vn -0.06101 -0.97493 -0.21397
vn -0.20074 -0.96306 -0.17952
vn -0.27264 -0.92590 -0.26148
vn 0.00789 -0.93939 -0.34276
vn 0.10142 0.89437 0.43568
vn 0.30901 0.89290 0.32746
vn 0.27618 0.93484 0.22317
vn -0.65785 0.73963 0.14207
vn -0.59669 0.79882 -0.07653
vn -0.24699 0.96882 -0.01962
vn 0.36183 0.84548 -0.39275
vn 0.44858 0.89256 -0.04601
vn 0.43983 0.89692 -0.04574
vn 0.27819 0.96024 -0.02329
vn 0.28282 0.95902 0.01714
vn 0.01952 0.99981 0.00037
vn 0.32740 0.94483 0.01037
vn 0.31867 0.91273 -0.25567
vn -0.08793 0.73719 0.66994
vn -0.07003 0.87572 0.47771
vn -0.60791 0.69747 0.37944
vn -0.33567 0.90099 0.27484
vn -0.17586 0.94264 0.28374
vn -0.16918 0.97134 0.16698
vn 0.05145 0.97919 0.19631
vn 0.14778 0.97457 0.16844
vn 0.40821 0.91285 -0.00860
vn 0.79160 0.61074 -0.01912
vn 0.43489 0.80066 0.41208
vn 0.26325 0.96441 -0.02463
vn 0.26892 0.96304 0.01554
vn 0.27848 0.96027 -0.01815
vn 0.02038 0.99973 -0.01109
vn 0.04617 0.99889 0.00968
vn 0.06433 0.99793 -0.00025
vn 0.05046 0.99851 -0.02063
vn 0.03166 0.98607 -0.16328
vn 0.03567 0.91844 -0.39395
vn 0.07423 0.76612 -0.63840
vn -0.05529 0.37367 0.92591
vn 0.98963 0.07686 0.12133
vn -0.07674 0.86878 0.48921
vn -0.17957 0.94846 0.26110
vn -0.33391 0.90188 0.27408
vn -0.27592 0.93735 0.21271
vn 0.16206 0.42935 -0.88848
vn -0.12207 0.24236 0.96248
vn -0.74586 0.35071 0.56630
vn 0.12123 0.41565 -0.90141
vn 0.02593 0.27387 -0.96142
vn -0.82482 0.21897 0.52127
vn -0.76164 0.30172 0.57347
vn 0.01837 0.07079 -0.99732
vn -0.80672 0.18187 0.56226
vn 0.04514 0.04753 -0.99785
vn -0.70615 0.14822 0.69237
vn -0.78246 0.21502 0.58440
vn 0.02764 0.01578 -0.99949
vn -0.66820 0.06731 0.74093
vn -0.76093 0.14096 0.63333
vn -0.01750 0.01011 -0.99980
vn -0.53758 -0.13563 0.83223
vn -0.56180 -0.13526 0.81614
vn -0.03059 0.00323 -0.99953
vn -0.51255 -0.29518 0.80633
vn -0.01029 -0.00549 -0.99993
vn -0.62435 -0.39591 0.67338
vn -0.66604 -0.45907 0.58792
vn -0.01083 -0.01184 -0.99987
vn -0.69812 -0.38987 0.60052
vn -0.03810 -0.01745 -0.99912
vn -0.61124 -0.18274 0.77006
vn -0.50631 -0.10922 0.85541
vn -0.02776 -0.06577 -0.99745
vn -0.94945 0.00261 0.31389
vn 0.03576 -0.55924 -0.82823
vn 0.00059 -0.25111 -0.96796
vn 0.41698 -0.61277 0.67130
vn 0.24865 -0.77016 0.58739
vn -0.01282 -0.51910 -0.85462
vn -0.38449 -0.61165 0.69141
vn 0.25568 -0.78723 0.56117
vn 0.46493 -0.75116 0.46861
vn 0.40272 -0.87271 0.27603
vn 0.13455 -0.94094 0.31068
vn 0.16615 -0.91289 0.37287
vn -0.01160 -0.72220 -0.69158
vn -0.04500 -0.55863 -0.82819
vn -0.39948 -0.80718 0.43460
vn -0.32354 -0.84047 0.43467
vn -0.19236 -0.88886 0.41585
vn 0.11977 -0.94415 0.30697
vn 0.19250 -0.90746 0.37344
vn 0.08582 -0.86788 0.48931
vn 0.21888 -0.93980 0.26243
vn 0.12601 -0.93605 -0.32852
vn 0.09221 -0.94265 -0.32080
vn 0.05327 -0.95696 -0.28529
vn 0.03354 -0.90163 -0.43120
vn -0.23518 -0.92220 0.30699
vn -0.34877 -0.92225 0.16680
vn -0.35422 -0.93424 0.04152
vn -0.19107 -0.98000 0.05567
vn -0.47828 -0.71641 0.50795
vn -0.76189 -0.62585 0.16684
vn 0.07663 -0.95984 0.26989
vn -0.00408 -0.98921 0.14647
vn 0.01984 -0.99204 -0.12439
vn 0.00919 -0.94508 -0.32670
vn 0.05471 -0.97003 -0.23675
vn 0.12587 -0.96675 -0.22262
vn 0.13708 -0.94646 -0.29228
vn -0.39791 -0.88206 0.25225
vn -0.20947 -0.97507 -0.07319
vn -0.19524 -0.97858 -0.06534
vn -0.22508 0.96666 0.12209
vn -0.18654 0.97241 0.14009
vn -0.10397 0.98760 0.11767
vn 0.06525 0.99247 0.10363
vn -0.00625 0.99927 -0.03764
vn 0.18389 0.98293 -0.00562
vn 0.39017 0.90349 0.17738
vn 0.23154 0.97075 -0.06343
vn 0.24888 0.94301 0.22089
vn 0.27293 0.96199 0.00952
vn 0.00284 0.99968 -0.02520
vn 0.28736 0.95721 -0.03414
vn 0.29403 0.92244 0.25031
vn 0.04121 0.99915 -0.00237
vn 0.03895 0.99920 -0.00855
vn 0.04499 0.98548 -0.16373
vn 0.06907 0.88134 -0.46740
vn 0.12037 0.73557 -0.66667
vn -0.67011 0.73864 0.07322
vn -0.68452 0.72446 -0.08125
vn -0.58519 0.75194 -0.30356
vn -0.46600 0.88478 -0.00437
vn -0.31354 0.92793 0.20161
vn -0.25001 0.95135 0.18009
vn 0.38899 0.65788 -0.64489
vn 0.12355 0.49940 -0.85752
vn -0.55961 0.50337 0.65837
vn -0.66949 0.42816 0.60701
vn 0.05293 0.61661 -0.78549
vn 0.00153 0.28353 -0.95896
vn -0.57242 0.21639 0.79089
vn -0.64457 0.26231 0.71814
vn -0.75920 0.30370 0.57565
vn 0.00698 0.04610 -0.99891
vn -0.57398 0.23340 0.78490
vn -0.71674 0.20976 0.66504
vn 0.04574 0.00959 -0.99891
vn -0.59308 0.17274 0.78639
vn -0.72661 0.23129 0.64695
vn 0.04479 0.05845 -0.99729
vn -0.50169 -0.05324 0.86340
vn 0.00962 0.05752 -0.99830
vn -0.42586 -0.30692 0.85114
vn -0.37934 -0.30525 0.87346
vn -0.03223 0.01996 -0.99928
vn -0.60317 -0.15731 0.78195
vn -0.45040 -0.20270 0.86952
vn -0.04688 -0.01329 -0.99881
vn -0.62356 -0.20162 0.75533
vn -0.51132 -0.36154 0.77964
vn -0.59304 -0.45636 0.66336
vn -0.04507 0.00756 -0.99896
vn -0.39660 -0.48047 0.78221
vn -0.56508 -0.45010 0.69144
vn -0.05093 0.00087 -0.99870
vn -0.42611 -0.38591 0.81823
vn -0.56157 -0.29524 0.77296
vn -0.50843 -0.21919 0.83274
vn -0.04195 -0.09425 -0.99466
vn -0.44827 -0.41873 0.78976
vn -0.32576 -0.22387 0.91857
vn -0.40011 -0.50762 -0.76305
vn -0.06203 -0.24627 -0.96721
vn -0.29472 -0.45772 0.83882
vn -0.06983 -0.31591 0.94622
vn -0.20644 -0.42013 -0.88367
vn -0.19130 -0.48011 -0.85610
vn 0.01668 -0.58993 0.80728
vn -0.13386 -0.69943 0.70205
vn -0.11517 -0.77529 -0.62102
vn -0.18795 -0.61587 -0.76510
vn -0.19262 -0.84276 0.50265
vn -0.23569 -0.89294 0.38355
vn -0.21474 -0.90847 0.35855
vn 0.18121 -0.91837 -0.35178
vn 0.16604 -0.95437 -0.24821
vn 0.06059 -0.97140 -0.22958
vn -0.02251 -0.93043 -0.36577
vn -0.23397 -0.90598 0.35278
vn -0.20465 -0.92688 0.31466
vn -0.25505 -0.96602 -0.04180
vn -0.02843 -0.98330 0.17975
vn -0.23352 -0.92958 0.28522
vn -0.42443 -0.90546 -0.00198
vn -0.22655 -0.93612 0.26898
vn -0.19718 -0.95926 -0.20236
vn -0.31629 -0.92441 -0.21313
vn -0.43278 -0.86606 -0.25028
vn -0.30228 -0.80272 -0.51407
vn 0.07867 -0.91245 -0.40155
vn -0.03065 -0.97963 0.19846
vn -0.23424 -0.93344 0.27171
vn -0.21246 -0.97413 -0.07702
vn -0.19514 -0.97383 -0.11649
vn -0.28429 -0.94697 -0.14976
vn -0.16486 0.96500 0.20394
vn -0.15488 0.98006 0.12450
vn -0.09364 0.99484 0.03906
vn -0.00339 0.99923 0.03913
vn 0.03770 0.99888 -0.02860
vn 0.12905 0.98951 0.06490
vn 0.15171 0.97658 0.15255
vn 0.16364 0.97624 0.14207
vn 0.20085 0.96956 0.14005
vn -0.01052 0.99897 -0.04403
vn 0.00163 1.00000 -0.00027
vn 0.27098 0.93473 0.22988
vn 0.01574 0.99887 -0.04495
vn 0.28888 0.95697 -0.02761
vn 0.26849 0.92673 0.26282
vn 0.01784 0.99958 -0.02302
vn 0.05105 0.98225 -0.18048
vn 0.08314 0.90655 -0.41383
vn -0.50474 0.84661 0.16877
vn -0.66632 0.59869 -0.44450
vn -0.53276 0.83570 -0.13333
vn -0.24289 0.92760 0.28384
vn -0.24207 0.95723 0.15845
vn 0.02664 0.74084 -0.67116
vn -0.04849 0.27639 -0.95982
vn -0.46743 0.40020 0.78826
vn -0.48742 0.50733 0.71066
vn 0.03526 0.68801 -0.72485
vn 0.01339 0.31959 -0.94746
vn -0.71637 0.25430 0.64972
vn -0.52655 0.25503 0.81099
vn -0.54699 0.31986 0.77362
vn 0.07020 0.05336 -0.99610
vn -0.74907 0.20054 0.63141
vn -0.56038 0.21899 0.79876
vn 0.03407 -0.00062 -0.99942
vn -0.69396 0.07761 0.71582
vn -0.52761 0.13664 0.83843
vn 0.03324 0.07131 -0.99690
vn -0.65748 -0.09648 0.74727
vn -0.48035 -0.10228 0.87110
vn 0.02929 0.07576 -0.99670
vn -0.71517 -0.06711 0.69572
vn -0.58307 -0.15613 0.79728
vn 0.00841 0.04521 -0.99894
vn -0.68855 -0.15263 0.70895
vn -0.67882 -0.14123 0.72060
vn -0.01179 -0.01204 -0.99986
vn -0.62543 -0.35397 0.69537
vn -0.51255 -0.47312 0.71655
vn -0.00935 0.00177 -0.99995
vn -0.59734 -0.56130 0.57282
vn -0.49388 -0.54839 0.67480
vn -0.00297 -0.00512 -0.99998
vn -0.50013 -0.26658 0.82389
vn -0.47024 -0.28188 0.83631
vn -0.01714 -0.08163 -0.99652
vn -0.42512 -0.44149 0.79017
vn -0.31896 -0.57985 0.74969
vn -0.06928 -0.14870 -0.98645
vn -0.11511 -0.65523 0.74661
vn 0.05862 -0.55775 0.82794
vn -0.11204 -0.43242 -0.89469
vn -0.19143 -0.27667 -0.94171
vn 0.17400 -0.55031 0.81663
vn 0.05770 -0.58787 0.80689
vn 0.12817 -0.87680 -0.46345
vn -0.26286 -0.52024 -0.81256
vn -0.07965 -0.76917 0.63407
vn -0.23049 -0.86387 0.44789
vn -0.26141 -0.89152 0.36995
vn -0.06323 -0.88150 -0.46793
vn 0.14831 -0.97101 -0.18745
vn 0.12804 -0.98307 -0.13110
vn 0.14264 -0.96548 -0.21797
vn -0.29826 -0.84627 0.44144
vn -0.32204 -0.87938 0.35068
vn -0.24347 -0.95429 0.17336
vn -0.13961 -0.99021 -0.00096
vn -0.23142 -0.97146 0.05200
vn -0.12992 -0.97596 0.17498
vn -0.10862 -0.99243 0.05739
vn -0.35980 -0.85891 -0.36445
vn -0.16465 -0.94715 -0.27532
vn -0.26826 -0.82729 -0.49359
vn 0.13315 -0.78416 -0.60610
vn 0.04606 -0.98242 0.18090
vn -0.16881 -0.98186 0.08634
vn 0.01913 -0.98948 0.14340
vn -0.02362 -0.99609 -0.08516
vn -0.13627 -0.98733 -0.08134
vn -0.38404 -0.90418 -0.18702
vn -0.22755 0.94280 0.24362
vn -0.16101 0.97137 0.17472
vn -0.05117 0.99718 0.05484
vn -0.01604 0.99986 0.00398
vn 0.00150 0.99962 -0.02736
vn 0.02884 0.99933 -0.02254
vn -0.00414 0.99992 0.01224
vn 0.05600 0.99042 0.12619
vn 0.12168 0.98652 0.10946
vn -0.01986 0.99794 -0.06104
vn 0.15632 0.97564 0.15392
vn 0.19567 0.96302 0.18523
vn 0.25047 0.95042 0.18428
vn 0.00859 0.99976 -0.02022
vn -0.02596 0.99966 0.00054
vn -0.04772 0.99886 -0.00009
vn -0.00214 0.99789 -0.06484
vn 0.05670 0.97200 -0.22803
vn 0.22793 0.88913 -0.39686
vn -0.28290 0.82925 0.48198
vn -0.54720 0.83226 -0.08895
vn -0.52207 0.85218 0.03507
vn -0.26588 0.91772 0.29511
vn -0.21594 0.94061 0.26194
vn 0.54631 0.61047 -0.57348
vn 0.03140 0.27745 -0.96023
vn -0.73015 0.50789 0.45708
vn -0.51106 0.45195 0.73114
vn -0.50902 0.72854 0.45840
vn -0.01850 0.63753 -0.77020
vn 0.01781 0.38938 -0.92090
vn -0.67724 0.46067 0.57370
vn -0.75821 0.40785 0.50870
vn -0.62497 0.36809 0.68842
vn -0.01925 0.11032 -0.99371
vn -0.78548 0.25285 0.56487
vn -0.88498 0.19378 0.42339
vn -0.08089 0.01786 -0.99656
vn -0.81683 -0.03776 0.57564
vn -0.86456 0.01315 0.50236
vn -0.05851 0.02234 -0.99804
vn -0.79261 -0.13327 0.59499
vn -0.83450 -0.09418 0.54289
vn -0.00392 0.03725 -0.99930
vn -0.76374 -0.15306 0.62712
vn -0.81284 -0.09565 0.57459
vn 0.06182 0.04536 -0.99706
vn -0.78677 -0.29707 0.54106
vn -0.59977 -0.33380 0.72722
vn -0.54938 -0.28492 0.78549
vn 0.05812 0.00245 -0.99831
vn -0.83621 -0.37472 0.40043
vn -0.59573 -0.57798 0.55771
vn -0.37905 -0.40305 0.83299
vn 0.04899 -0.00441 -0.99879
vn -0.58629 -0.04001 0.80911
vn -0.70470 -0.17705 0.68706
vn -0.78697 -0.34906 0.50875
vn 0.07029 -0.01011 -0.99748
vn -0.80021 -0.25482 0.54290
vn -0.85503 -0.22117 0.46905
vn 0.05088 -0.03500 -0.99809
vn -0.64815 -0.56154 0.51437
vn -0.68298 -0.65346 0.32638
vn -0.22240 -0.83030 0.51101
vn -0.02204 -0.11138 -0.99353
vn -0.28735 -0.71625 0.63593
vn -0.34257 -0.58143 0.73796
vn 0.08248 -0.66093 -0.74590
vn -0.01926 -0.30313 -0.95275
vn -0.17255 -0.54094 0.82317
vn -0.19067 -0.57995 0.79203
vn 0.02158 -0.88846 -0.45845
vn 0.04743 -0.77531 -0.62980
vn -0.05533 -0.69767 0.71428
vn -0.05520 -0.77271 0.63236
vn -0.29861 -0.89918 -0.31987
vn -0.18586 -0.95435 -0.23381
vn 0.00304 -0.95577 -0.29410
vn -0.04830 -0.92247 -0.38304
vn -0.09418 -0.79852 0.59456
vn -0.20155 -0.93026 0.30658
vn -0.09069 -0.99462 0.04997
vn -0.17656 -0.97956 0.09639
vn -0.27468 -0.96152 -0.00577
vn 0.01836 -0.99972 -0.01472
vn 0.17527 -0.96835 0.17772
vn -0.04937 -0.76462 -0.64259
vn 0.22973 -0.78817 -0.57098
vn -0.14313 -0.75042 -0.64528
vn -0.12773 -0.97984 0.15364
vn -0.17110 -0.98364 -0.05631
vn -0.10830 -0.98088 -0.16168
vn -0.01323 -0.96135 0.27502
vn 0.09558 -0.95533 0.27965
vn -0.05090 -0.99852 -0.01910
vn -0.17509 -0.97389 -0.14451
vn -0.31417 -0.93257 -0.17781
vn -0.17776 -0.80874 -0.56067
vn -0.34732 0.89237 0.28818
vn -0.18007 0.95314 0.24308
vn -0.10645 0.99175 0.07141
vn -0.06351 0.99798 0.00331
vn -0.04134 0.99908 -0.01110
vn -0.07708 0.99400 -0.07759
vn -0.02332 0.99963 -0.01374
vn 0.02220 0.99639 0.08196
vn 0.00054 0.99993 0.01149
vn 0.11932 0.99197 0.04200
vn 0.01934 0.99856 -0.05011
vn 0.18569 0.97264 0.13963
vn 0.20720 0.96750 0.14498
vn 0.21828 0.96232 0.16213
vn -0.01268 0.99985 0.01218
vn -0.02581 0.99935 0.02509
vn 0.23463 0.95155 0.19872
vn 0.05445 0.99127 -0.12010
vn 0.11678 0.95070 -0.28728
vn 0.21650 0.86582 -0.45110
vn 0.03555 0.73789 0.67399
vn -0.67906 0.71009 -0.18614
vn -0.53454 0.80672 0.25194
vn -0.35603 0.90831 0.21959
vn -0.24985 0.91642 0.31264
vn 0.14846 0.90498 -0.39872
vn 0.28153 0.88415 -0.37284
vn -0.05946 0.65373 -0.75438
vn -0.28911 0.63831 0.71343
vn -0.41356 0.66638 0.62041
vn -0.61367 0.75411 0.23392
vn -0.05358 0.56195 -0.82544
vn -0.00611 0.45555 -0.89019
vn -0.33434 0.58081 0.74221
vn -0.35391 0.56508 0.74527
vn -0.56858 0.56420 0.59866
vn -0.00548 0.16525 -0.98624
vn -0.17988 0.18886 0.96539
vn -0.58806 0.33123 0.73788
vn -0.02014 0.06529 -0.99766
vn -0.21141 -0.01950 0.97720
vn -0.69321 -0.05269 0.71881
vn -0.02298 -0.02188 -0.99950
vn -0.22386 -0.08982 0.97047
vn -0.65145 -0.17990 0.73706
vn 0.01637 -0.03097 -0.99939
vn -0.29700 -0.11719 0.94766
vn -0.59145 -0.16841 0.78856
vn 0.07263 -0.00984 -0.99731
vn -0.36556 -0.13496 0.92095
vn -0.57803 -0.18196 0.79547
vn 0.10476 0.01147 -0.99443
vn -0.76013 -0.39179 0.51837
vn -0.83911 -0.49930 0.21587
vn 0.12347 -0.03047 -0.99188
vn -0.89992 -0.22035 0.37628
vn -0.77369 -0.03734 0.63246
vn -0.57234 -0.05528 0.81815
vn 0.19659 -0.04723 -0.97935
vn -0.91432 -0.29498 0.27751
vn -0.73793 -0.57636 0.35109
vn -0.22334 -0.41041 0.88413
vn 0.20853 -0.01826 -0.97785
vn -0.31398 -0.66182 0.68074
vn -0.45541 -0.87426 0.16813
vn -0.37130 -0.80422 0.46409
vn 0.15595 -0.00296 -0.98776
vn -0.19878 -0.92719 0.31749
vn -0.36126 -0.51518 0.77723
vn -0.60164 -0.50541 0.61854
vn 0.01323 -0.69485 -0.71903
vn 0.08559 -0.16583 -0.98243
vn -0.26076 -0.56705 0.78131
vn -0.50211 -0.64269 0.57865
vn -0.27067 -0.64505 0.71460
vn 0.26139 -0.82333 -0.50380
vn -0.05312 -0.87434 -0.48239
vn 0.03252 -0.84819 -0.52869
vn -0.24423 -0.81433 0.52652
vn -0.05417 -0.84089 0.53850
vn 0.15614 -0.77541 0.61185
vn 0.07367 -0.98350 -0.16525
vn 0.02857 -0.94791 -0.31724
vn -0.14174 -0.87846 -0.45631
vn 0.10035 -0.85286 -0.51240
vn 0.12381 -0.73968 0.66148
vn -0.01107 -0.95951 0.28147
vn 0.04108 -0.99443 0.09709
vn -0.00092 -0.99023 0.13947
vn -0.17806 -0.97757 -0.11252
vn -0.18441 -0.97992 0.07586
vn -0.16550 -0.79031 -0.58993
vn 0.03956 -0.84137 -0.53901
vn 0.07872 -0.95253 -0.29409
vn -0.00170 -0.98152 0.19136
vn -0.07137 -0.99504 -0.06933
vn -0.17494 -0.97954 -0.09948
vn -0.36632 -0.90216 0.22788
vn -0.21368 -0.96144 0.17315
vn -0.24985 -0.96731 -0.04346
vn -0.22597 -0.97349 -0.03546
vn -0.23048 -0.95377 -0.19285
vn 0.00454 -0.83633 -0.54820
vn -0.24253 0.92197 0.30192
vn -0.36356 0.92897 0.06957
vn -0.06939 0.98535 0.15580
vn -0.16532 0.97908 -0.11859
vn -0.14774 0.97938 -0.13777
vn -0.02224 0.99959 -0.01783
vn -0.00145 0.99885 -0.04788
vn -0.03444 0.99761 -0.05993
vn 0.01448 0.99977 0.01586
vn 0.09055 0.99547 0.02889
vn 0.03696 0.99798 -0.05171
vn 0.10254 0.99260 0.06504
vn -0.02274 0.99935 -0.02805
vn -0.03316 0.99826 -0.04875
vn -0.05420 0.99794 -0.03437
vn -0.05392 0.99837 0.01895
vn 0.17758 0.95885 0.22150
vn 0.23752 0.96287 0.12831
vn 0.08077 0.97989 -0.18244
vn 0.15681 0.94638 -0.28244
vn -0.16596 0.83013 0.53230
vn 0.35570 0.56923 0.74125
vn -0.25787 0.90024 0.35081
vn -0.24559 0.92322 0.29556
vn 0.26831 0.91639 -0.29706
vn -0.03844 0.83502 -0.54887
vn -0.01701 0.77028 -0.63748
vn -0.29077 0.65581 0.69668
vn -0.23012 0.71602 0.65906
vn -0.07630 0.52328 -0.84874
vn -0.10032 0.46946 -0.87723
vn -0.25187 0.40580 0.87857
vn -0.34576 0.58168 0.73627
vn -0.03350 0.16260 -0.98612
vn -0.09180 0.12902 0.98738
vn 0.00504 0.06595 -0.99781
vn -0.06801 -0.00427 0.99768
vn 0.04855 -0.04497 -0.99781
vn -0.09784 -0.04676 0.99410
vn 0.09882 -0.08844 -0.99117
vn -0.14182 -0.05881 0.98814
vn 0.43033 -0.13640 -0.89231
vn 0.21782 -0.10094 -0.97076
vn -0.18856 -0.06094 0.98017
vn -0.41957 -0.14099 0.89671
vn 0.52397 -0.09957 -0.84590
vn 0.27178 -0.01139 -0.96229
vn -0.18995 -0.06349 0.97974
vn -0.52981 -0.18116 0.82854
vn 0.64330 -0.25150 -0.72312
vn 0.30830 -0.10534 -0.94544
vn -0.15477 -0.04924 0.98672
vn -0.70079 -0.12115 0.70300
vn 0.74387 -0.22181 -0.63045
vn 0.72124 -0.18554 -0.66738
vn -0.08641 -0.13586 0.98695
vn -0.70250 -0.43674 0.56191
vn -0.80512 -0.59270 0.02195
vn -0.21811 -0.40803 0.88653
vn 0.73811 0.12679 -0.66266
vn 0.66729 0.01774 -0.74459
vn -0.40719 -0.82384 0.39432
vn -0.74308 -0.66882 0.02258
vn -0.13837 -0.77780 0.61309
vn 0.30714 -0.93703 0.16625
vn 0.92810 0.28030 0.24506
vn 0.99209 0.09719 0.07947
vn 0.98990 -0.08071 0.11654
vn 0.90373 -0.14024 -0.40449
vn 0.80045 0.08574 -0.59324
vn 0.60776 0.09083 -0.78891
vn 0.30665 -0.87641 0.37130
vn 0.43621 -0.34433 0.83136
vn 0.75134 -0.52396 0.40119
vn 0.89604 0.36428 0.25379
vn 0.97928 0.16661 -0.11511
vn 0.95412 -0.27427 -0.12013
vn 0.86194 -0.50683 -0.01359
vn 0.79787 -0.20431 -0.56715
vn 0.50404 -0.12219 -0.85499
vn 0.04120 -0.64216 0.76546
vn 0.72577 -0.56745 0.38892
vn 0.95863 -0.28271 0.03324
vn 0.99704 -0.07029 0.03119
vn 0.88182 -0.19150 -0.43095
vn 0.62744 -0.37047 -0.68489
vn 0.64563 -0.67768 -0.35203
vn 0.55451 -0.78594 -0.27353
vn 0.09269 -0.86967 0.48485
vn 0.24650 -0.94559 0.21235
vn 0.58126 -0.68029 0.44648
vn 0.68045 -0.60213 0.41765
vn 0.29994 -0.88100 -0.36589
vn 0.09626 -0.94394 -0.31576
vn 0.62036 -0.64782 -0.44212
vn 0.57042 -0.72679 -0.38261
vn 0.40561 -0.66677 0.62521
vn 0.68971 -0.57527 0.43973
vn 0.16435 -0.96960 0.18129
vn -0.01242 -0.98117 0.19277
vn 0.38503 -0.73050 -0.56401
vn 0.11354 -0.81158 -0.57311
vn 0.13986 -0.92441 -0.35484
vn -0.04705 -0.98149 0.18566
vn -0.07109 -0.99515 0.06805
vn -0.15715 -0.98545 0.06471
vn -0.10055 -0.95091 0.29268
vn -0.08815 -0.99233 -0.08671
vn 0.14917 -0.98865 0.01811
vn 0.20734 -0.97408 0.09044
vn 0.29390 -0.95187 -0.08697
vn 0.23146 -0.72776 -0.64560
vn -0.23853 0.89833 0.36892
vn -0.18893 0.92674 0.32473
vn -0.33341 0.93979 -0.07500
vn -0.23340 0.97105 0.05093
vn -0.13514 0.99075 0.01208
vn 0.05338 0.99833 0.02223
vn -0.08873 0.98383 -0.15558
vn -0.05427 0.98298 -0.17549
vn 0.05416 0.99851 -0.00629
vn 0.00355 0.99890 -0.04682
vn 0.04363 0.99899 -0.01110
vn 0.04262 0.99823 0.04141
vn -0.05150 0.99865 0.00680
vn 0.03740 0.99633 0.07701
vn 0.05560 0.99410 0.09312
vn -0.09230 0.99561 -0.01555
vn 0.10112 0.99471 -0.01814
vn 0.19416 0.97989 -0.04594
vn 0.23192 0.96903 0.08484
vn 0.07639 0.95857 -0.27441
vn 0.31701 0.93480 -0.16017
vn -0.49027 0.81837 0.29984
vn -0.19375 0.80309 0.56348
vn -0.44936 0.83852 0.30815
vn -0.23932 0.88707 0.39476
vn 0.07990 0.92690 -0.36670
vn 0.15254 0.90312 -0.40137
vn 0.14661 0.93410 -0.32553
vn 0.13707 0.86074 -0.49024
vn -0.23131 0.53206 0.81450
vn -0.33745 0.73120 0.59286
vn -0.20939 0.78427 0.58401
vn 0.20254 0.68754 -0.69733
vn 0.20320 0.44667 -0.87132
vn -0.15926 0.24057 0.95748
vn -0.40874 0.61202 0.67703
vn 0.08620 0.12342 -0.98860
vn -0.04974 0.03374 0.99819
vn 0.08368 -0.01359 -0.99640
vn -0.01853 0.00682 0.99981
vn 0.49836 -0.30990 -0.80969
vn 0.20598 -0.13166 -0.96966
vn -0.04556 -0.00233 0.99896
vn 0.53464 -0.28967 -0.79388
vn 0.30904 -0.18731 -0.93242
vn -0.08262 -0.03427 0.99599
vn 0.44423 -0.17724 -0.87821
vn 0.43869 -0.28066 -0.85369
vn -0.07520 -0.05128 0.99585
vn 0.61420 -0.33230 -0.71577
vn 0.53979 -0.26121 -0.80025
vn -0.05823 -0.06585 0.99613
vn 0.60874 -0.39646 -0.68721
vn 0.54141 -0.36577 -0.75703
vn -0.05260 -0.07392 0.99588
vn 0.55912 -0.14901 -0.81559
vn 0.66327 -0.22735 -0.71301
vn -0.12113 -0.22340 0.96717
vn -0.09880 -0.51115 0.85380
vn 0.43417 0.27441 -0.85802
vn 0.59334 0.22155 -0.77386
vn -0.12008 -0.69388 0.71001
vn -0.35244 -0.93012 0.10324
vn -0.22163 -0.97513 0.00311
vn -0.36261 -0.92517 0.11215
vn -0.32671 -0.92695 -0.18444
vn -0.08672 -0.98484 -0.15026
vn 0.22617 -0.95255 0.20370
vn 0.58581 -0.70829 -0.39389
vn 0.53390 -0.09001 -0.84074
vn -0.18493 -0.97883 -0.08770
vn -0.14575 -0.98932 0.00246
vn -0.31195 -0.90868 0.27747
vn 0.28415 -0.89802 0.33589
vn 0.60361 -0.77298 0.19533
vn 0.94117 -0.26710 -0.20701
vn 0.95031 -0.23707 -0.20178
vn 0.87855 0.07025 0.47245
vn 0.91945 0.31377 0.23699
vn 0.79085 0.61187 -0.01281
vn 0.79005 0.60747 0.08246
vn 0.76211 0.46678 -0.44868
vn 0.59158 0.79275 0.14691
vn 0.91740 0.23867 -0.31846
vn 0.96285 -0.26618 0.04549
vn 0.94420 -0.30873 0.11479
vn 0.71499 -0.59928 0.36007
vn 0.74495 -0.65933 -0.10169
vn 0.90207 -0.26849 0.33791
vn 0.77484 -0.04956 0.63021
vn 0.90603 0.16965 0.38771
vn 0.79247 0.60975 -0.01391
vn 0.79246 0.60466 0.07992
vn 0.94271 0.33317 -0.01711
vn 0.85620 0.47260 -0.20875
vn 0.79739 0.05522 -0.60093
vn 0.78709 -0.10439 0.60794
vn 0.66429 -0.51262 0.54400
vn 0.72937 -0.61955 0.29013
vn 0.69958 -0.60999 0.37216
vn 0.79226 -0.57025 -0.21711
vn 0.71273 -0.60416 -0.35637
vn 0.73666 -0.63195 -0.24077
vn 0.45069 -0.81625 -0.36141
vn 0.62081 -0.50312 -0.60122
vn 0.60268 -0.58882 0.53857
vn 0.74106 -0.55163 0.38279
vn 0.70616 -0.63852 0.30600
vn 0.64335 -0.69958 0.31095
vn 0.74672 -0.62979 -0.21396
vn 0.70081 -0.63252 0.32981
vn 0.59612 -0.78948 0.14618
vn 0.54480 -0.83574 -0.06878
vn 0.54222 -0.82241 -0.17218
vn 0.83397 -0.38447 -0.39583
vn 0.65684 -0.62093 -0.42779
vn 0.46647 -0.72774 -0.50279
vn 0.28638 -0.93273 0.21911
vn 0.20403 -0.96085 0.18747
vn 0.40353 -0.90618 -0.12646
vn 0.56572 -0.75781 0.32509
vn 0.60289 -0.79256 0.09149
vn 0.47300 -0.87608 -0.09355
vn 0.48556 -0.87345 0.03622
vn 0.60554 -0.76522 -0.21853
vn 0.51318 -0.68067 -0.52282
vn -0.15708 0.88517 0.43795
vn -0.34767 0.87110 0.34685
vn -0.08028 0.95683 0.27933
vn -0.28334 0.94732 -0.14933
vn -0.23727 0.94337 -0.23187
vn -0.00659 0.99988 -0.01426
vn 0.00796 0.99974 0.02138
vn 0.01995 0.99950 -0.02437
vn 0.01958 0.99766 -0.06556
vn -0.09085 0.98953 -0.11213
vn 0.02093 0.99978 -0.00090
vn -0.02975 0.99905 -0.03179
vn -0.00689 0.99919 0.03968
vn 0.01299 0.99761 0.06781
vn -0.03345 0.99922 -0.02117
vn -0.04174 0.99899 -0.01657
vn 0.07470 0.99019 0.11807
vn 0.12842 0.98788 0.08715
vn 0.03399 0.99294 -0.11367
vn 0.29142 0.95634 0.02231
vn 0.12251 0.95480 -0.27082
vn -0.31621 0.81583 0.48419
vn -0.21114 0.84338 0.49410
vn -0.25929 0.86366 0.43228
vn 0.18137 0.95015 -0.25362
vn 0.16853 0.92392 -0.34348
vn 0.72217 0.54088 0.43119
vn 0.14157 0.90828 -0.39367
vn 0.22837 0.75886 -0.60990
vn -0.11420 0.39306 0.91239
vn -0.29710 0.68312 0.66714
vn 0.57175 0.42518 -0.70166
vn 0.75006 0.45765 -0.47745
vn 0.41071 0.47155 -0.78036
vn -0.01238 0.11726 0.99302
vn 0.73421 0.26866 -0.62350
vn 0.34135 0.20768 -0.91671
vn 0.01338 0.00367 0.99990
vn 0.72431 0.02575 -0.68899
vn 0.25480 -0.05189 -0.96560
vn 0.02278 0.00891 0.99970
vn 0.48593 -0.33253 -0.80827
vn 0.39983 -0.27322 -0.87492
vn 0.02536 0.02492 0.99937
vn 0.56206 -0.22304 -0.79645
vn 0.51883 -0.28830 -0.80480
vn 0.01811 -0.01955 0.99964
vn 0.62011 -0.23646 -0.74803
vn 0.61383 -0.15372 -0.77433
vn -0.00451 -0.05102 0.99869
vn 0.74309 -0.22654 -0.62968
vn 0.72602 -0.35144 -0.59108
vn 0.58130 -0.29018 -0.76019
vn -0.02888 -0.05222 0.99822
vn 0.68397 -0.19300 -0.70352
vn 0.67127 -0.31504 -0.67094
vn -0.08217 -0.03544 0.99599
vn 0.67392 0.02417 -0.73841
vn 0.57375 0.00256 -0.81903
vn -0.09549 -0.23606 0.96704
vn -0.15826 -0.70416 0.69218
vn 0.75853 0.24400 -0.60423
vn 0.49736 0.32396 -0.80479
vn -0.06340 -0.71296 0.69834
vn -0.10126 -0.80469 0.58500
vn -0.00695 -0.88110 -0.47287
vn 0.22967 -0.88637 -0.40201
vn 0.44534 -0.86982 -0.21234
vn 0.50901 -0.70772 -0.48993
vn -0.19494 -0.98052 -0.02411
vn -0.15927 -0.98501 0.06624
vn -0.26023 -0.94927 0.17653
vn -0.00619 -0.96606 0.25824
vn -0.13298 -0.98709 0.08933
vn -0.16272 -0.97416 -0.15665
vn 0.03311 -0.92250 -0.38458
vn 0.28465 -0.89145 0.35256
vn 0.32952 -0.85509 0.40029
vn 0.09259 -0.57303 0.81429
vn 0.79507 0.60632 -0.01538
vn 0.79529 0.59985 0.08776
vn 0.36034 -0.92411 -0.12717
vn 0.41059 -0.91018 -0.05462
vn 0.06756 -0.85447 -0.51509
vn 0.04093 -0.81430 -0.57900
vn -0.14644 -0.94755 -0.28409
vn 0.84244 -0.12430 0.52426
vn 0.94056 0.10556 0.32280
vn -0.05389 -0.98325 0.17411
vn 0.91237 0.40139 0.08035
vn 0.89028 0.35647 -0.28342
vn 0.92369 0.28416 0.25700
vn 0.10119 -0.99333 -0.05536
vn 0.06037 -0.97570 0.21061
vn 0.98438 0.17486 -0.02037
vn 0.96828 -0.23435 -0.08671
vn 0.98156 -0.19106 -0.00633
vn 0.85171 0.07801 -0.51817
vn 0.82959 -0.19358 0.52374
vn 0.89389 -0.35798 0.26983
vn 0.81663 -0.42295 0.39272
vn 0.98178 -0.19003 -0.00055
vn 0.97080 -0.22104 -0.09321
vn 0.99475 0.05207 0.08808
vn 0.95714 0.16571 0.23754
vn 0.95890 0.23156 -0.16397
vn 0.98501 0.13118 -0.11197
vn 0.97517 -0.14936 -0.16353
vn 0.95475 -0.27046 -0.12373
vn 0.88716 -0.24288 -0.39238
vn 0.73345 -0.57146 0.36808
vn 0.87569 -0.48277 -0.01042
vn 0.87572 -0.48236 0.02092
vn 0.79297 -0.48136 0.37349
vn 0.60102 -0.73611 0.31131
vn 0.55293 -0.82253 -0.13312
vn 0.78000 -0.57034 -0.25749
vn 0.75247 -0.38275 -0.53599
vn 0.52500 -0.84574 0.09540
vn 0.52830 -0.84830 0.03580
vn -0.15366 0.90371 0.39961
vn -0.09790 0.94164 0.32206
vn -0.02887 0.96828 0.24820
vn -0.27248 0.94755 -0.16702
vn -0.04061 0.99916 -0.00587
vn -0.05496 0.99813 -0.02693
vn -0.24605 0.94148 -0.23037
vn -0.19280 0.94925 -0.24850
vn -0.15090 0.95910 -0.23950
vn 0.01712 0.99984 -0.00513
vn -0.09694 0.99051 -0.09740
vn -0.00867 0.99979 0.01862
vn -0.04163 0.99908 0.01013
vn -0.00528 0.99897 0.04513
vn -0.00876 0.99914 0.04065
vn -0.06397 0.99781 -0.01671
vn -0.01204 0.99878 -0.04781
vn 0.06392 0.98949 -0.12967
vn 0.12653 0.97386 -0.18866
vn 0.16001 0.97079 -0.17877
vn -0.25990 0.46011 0.84897
vn -0.32129 0.84074 0.43580
vn -0.32713 0.87582 0.35486
vn 0.17922 0.95710 -0.22767
vn 0.42851 0.90344 0.01347
vn 0.17863 0.94725 -0.26609
vn -0.32090 0.59722 -0.73508
vn 0.75789 0.64475 0.09945
vn -0.14658 0.18656 0.97145
vn -0.51233 0.50643 0.69358
vn 0.89330 0.39613 -0.21234
vn 0.58503 0.22927 -0.77793
vn 0.69487 0.30497 -0.65127
vn -0.04718 0.06535 0.99675
vn 0.65548 0.19756 -0.72892
vn 0.72598 0.23747 -0.64542
vn -0.02625 -0.00535 0.99964
vn 0.71925 0.07651 -0.69053
vn 0.75207 0.09770 -0.65181
vn -0.01537 -0.00180 0.99988
vn 0.70804 -0.11981 -0.69593
vn 0.67999 -0.21393 -0.70132
vn 0.00229 0.01920 0.99981
vn 0.59583 -0.21664 -0.77334
vn 0.59171 -0.28024 -0.75588
vn 0.01462 -0.01011 0.99984
vn 0.54120 -0.53113 -0.65192
vn 0.64186 -0.40893 -0.64869
vn -0.01993 -0.02804 0.99941
vn 0.66043 -0.25146 -0.70753
vn 0.74856 -0.40687 -0.52356
vn -0.05921 -0.02014 0.99804
vn 0.54389 -0.31029 -0.77969
vn 0.62986 -0.19715 -0.75127
vn -0.06169 -0.00451 0.99809
vn 0.67751 -0.26901 -0.68456
vn 0.77879 -0.09131 -0.62060
vn -0.14070 -0.26492 0.95395
vn -0.35526 -0.71459 0.60262
vn 0.80898 0.02054 -0.58747
vn 0.87226 0.08378 -0.48182
vn -0.16332 -0.76272 0.62577
vn -0.16965 -0.88493 0.43372
vn 0.34918 -0.78678 0.50898
vn 0.14665 -0.61385 -0.77568
vn 0.50867 -0.66483 -0.54705
vn 0.79539 -0.54979 -0.25510
vn 0.29898 -0.94434 0.13724
vn -0.03470 -0.98590 0.16372
vn -0.04345 -0.99367 0.10357
vn -0.00634 -0.99214 0.12494
vn 0.01769 -0.99982 -0.00673
vn 0.05544 -0.99809 -0.02738
vn -0.06043 -0.82245 -0.56562
vn 0.03107 -0.95995 0.27844
vn 0.27595 -0.96061 0.03280
vn 0.35598 -0.82262 0.44337
vn 0.48525 -0.86366 0.13646
vn 0.47436 -0.82459 0.30827
vn 0.38141 -0.87159 -0.30798
vn 0.22520 -0.96771 0.11321
vn -0.22729 -0.97198 0.05989
vn 0.38157 -0.92175 -0.06914
vn 0.06210 -0.99414 -0.08847
vn -0.17822 -0.93715 -0.29998
vn 0.10152 -0.78718 -0.60830
vn -0.07898 -0.99484 -0.06361
vn -0.03045 -0.99111 0.12952
vn 0.09980 -0.99497 0.00819
vn -0.06658 -0.99151 -0.11168
vn 0.26808 -0.95031 -0.15824
vn 0.42654 -0.90409 0.02607
vn 0.18899 -0.96686 0.17165
vn 0.31756 -0.94586 0.06717
vn 0.06526 -0.99407 -0.08699
vn -0.08695 -0.98054 -0.17600
vn -0.14311 0.91616 0.37441
vn -0.41353 0.87317 0.25800
vn -0.13704 0.95651 0.25752
vn -0.05854 0.98111 0.18437
vn 0.01619 0.99727 0.07204
vn 0.01410 0.99972 0.01894
vn -0.01566 0.99981 -0.01141
vn -0.25953 0.92520 -0.27685
vn -0.22392 0.92788 -0.29817
vn -0.18808 0.94851 -0.25486
vn -0.00420 0.99999 0.00306
vn -0.16467 0.97910 -0.11935
vn -0.12920 0.98811 -0.08337
vn -0.01960 0.99925 0.03348
vn -0.00808 0.99768 0.06753
vn -0.00767 0.99863 0.05180
vn -0.00088 0.99865 -0.05189
vn 0.05973 0.99006 -0.12736
vn 0.10950 0.97683 -0.18390
vn 0.13116 0.96677 -0.21942
vn -0.06708 0.41426 0.90768
vn -0.72790 0.64159 0.24192
vn -0.31967 0.89007 0.32495
vn 0.16655 0.95668 -0.23882
vn 0.18118 0.94058 -0.28721
vn 0.18424 0.95050 -0.25021
vn -0.16804 0.73399 -0.65804
vn 0.39526 0.78866 -0.47094
vn -0.04344 0.10050 0.99399
vn 0.14727 0.79430 -0.58940
vn 0.52624 0.45204 -0.72024
vn 0.70653 0.31572 -0.63335
vn -0.01994 0.02835 0.99940
vn 0.58821 0.02406 -0.80835
vn 0.48244 0.08624 -0.87167
vn -0.01320 -0.01239 0.99984
vn 0.67675 -0.10994 -0.72795
vn 0.72449 -0.02578 -0.68880
vn -0.01005 -0.01831 0.99978
vn 0.74177 -0.04395 -0.66922
vn 0.74327 -0.05809 -0.66647
vn 0.00062 -0.00441 0.99999
vn 0.72254 -0.11002 -0.68252
vn 0.67040 -0.16371 -0.72371
vn 0.00927 -0.00060 0.99996
vn 0.48463 -0.27802 -0.82936
vn 0.52129 -0.39931 -0.75419
vn 0.62300 -0.36004 -0.69444
vn -0.01524 0.01459 0.99978
vn 0.40732 -0.27068 -0.87225
vn 0.39293 -0.26966 -0.87914
vn -0.03883 0.00695 0.99922
vn 0.43073 -0.32259 -0.84286
vn 0.46391 -0.22557 -0.85668
vn -0.01499 -0.05713 0.99825
vn 0.33772 -0.30401 -0.89080
vn -0.01641 -0.15266 0.98814
vn 0.29718 -0.30263 -0.90559
vn 0.27873 -0.06530 -0.95815
vn -0.13468 -0.73814 0.66107
vn -0.17062 -0.94581 0.27627
vn 0.16104 -0.91863 0.36082
vn 0.24050 -0.88420 0.40043
vn 0.39772 -0.83819 -0.37318
vn 0.38114 -0.66739 -0.63978
vn 0.39976 -0.35183 -0.84640
vn 0.29139 -0.88348 0.36682
vn 0.20996 -0.89531 0.39286
vn 0.06513 -0.99734 0.03279
vn 0.07198 -0.97372 0.21606
vn 0.05849 -0.99828 0.00426
vn -0.35994 -0.92428 0.12707
vn -0.58006 -0.54880 -0.60195
vn -0.32353 -0.94364 0.06975
vn -0.31479 -0.90863 0.27441
vn -0.14919 -0.98542 0.08173
vn -0.06429 -0.99793 0.00219
vn 0.10558 -0.91166 0.39715
vn -0.22932 -0.92916 -0.28996
vn -0.01561 -0.99318 0.11555
vn 0.18190 -0.94535 -0.27059
vn 0.29584 -0.94240 -0.15605
vn 0.44039 -0.89640 -0.05026
vn 0.56903 -0.56987 -0.59284
vn 0.52846 -0.74883 -0.39997
vn 0.12903 -0.86575 0.48357
vn -0.16612 -0.97698 -0.13383
vn -0.29928 -0.89910 -0.31944
vn -0.01579 -0.98918 -0.14584
vn -0.01191 -0.98352 -0.18042
vn -0.48322 0.81736 0.31372
vn -0.12499 0.92794 0.35115
vn -0.08356 0.97253 0.21728
vn -0.03620 0.99367 0.10634
vn -0.24051 0.94328 -0.22886
vn -0.23688 0.97123 0.02430
vn 0.03207 0.99936 0.01603
vn -0.25162 0.92116 -0.29690
vn 0.00414 0.99660 -0.08232
vn -0.01667 0.99824 -0.05696
vn -0.23447 0.95139 -0.19968
vn -0.20021 0.97076 -0.13245
vn -0.18376 0.97448 -0.12891
vn -0.13749 0.98793 -0.07137
vn -0.02367 0.99867 0.04587
vn 0.03980 0.99921 -0.00197
vn 0.12780 0.98684 -0.09904
vn 0.16802 0.97117 -0.16908
vn 0.15972 0.96799 -0.19360
vn -0.03492 0.30333 0.95225
vn -0.51609 0.77271 0.36956
vn 0.22524 0.95219 -0.20641
vn 0.24307 0.93313 -0.26491
vn -0.22339 0.73973 -0.63474
vn -0.40777 0.53497 -0.73996
vn 0.28077 0.89516 -0.34620
vn -0.02808 0.06282 0.99763
vn 0.44008 0.55561 -0.70543
vn 0.49114 0.39608 -0.77582
vn -0.00652 0.02370 0.99970
vn 0.56349 0.03196 -0.82550
vn 0.51847 0.01210 -0.85501
vn -0.00992 -0.00585 0.99993
vn 0.54476 -0.36555 -0.75472
vn 0.61173 -0.23052 -0.75674
vn -0.02187 -0.01535 0.99964
vn 0.71104 -0.13140 -0.69077
vn 0.76756 -0.07509 -0.63656
vn -0.02760 -0.00583 0.99960
vn 0.70652 0.02553 -0.70723
vn 0.76529 -0.03468 -0.64276
vn -0.02692 0.00350 0.99963
vn 0.58203 -0.08031 -0.80919
vn 0.65506 -0.14269 -0.74198
vn -0.02229 0.02312 0.99948
vn 0.39355 -0.23624 -0.88843
vn -0.01980 0.00913 0.99976
vn 0.40803 -0.27582 -0.87031
vn 0.40881 -0.30228 -0.86111
vn -0.03990 -0.04564 0.99816
vn 0.37859 -0.14955 -0.91340
vn 0.36381 -0.18083 -0.91375
vn -0.03617 -0.09788 0.99454
vn 0.38246 -0.14505 -0.91252
vn 0.25272 -0.00741 -0.96751
vn 0.00565 -0.55221 0.83369
vn 0.13562 -0.97370 0.18308
vn -0.25951 -0.96155 0.08987
vn 0.08639 -0.96319 0.25455
vn 0.38905 -0.91755 0.08210
vn 0.31689 -0.75282 -0.57693
vn 0.51474 -0.79765 -0.31433
vn 0.50828 -0.73031 -0.45641
vn 0.10147 -0.96063 0.25865
vn 0.33062 -0.92401 0.19207
vn 0.10055 -0.96316 0.24944
vn -0.21723 -0.90045 0.37683
vn -0.15424 -0.97139 0.18057
vn -0.52136 -0.85181 -0.05101
vn -0.57414 -0.55744 -0.59969
vn -0.23025 -0.97025 0.07482
vn -0.05436 -0.97346 0.22231
vn -0.01641 -0.99614 -0.08620
vn -0.11111 -0.94498 0.30768
vn -0.29854 -0.91456 -0.27286
vn 0.23156 -0.92399 -0.30434
vn 0.54084 -0.80435 -0.24598
vn 0.37338 -0.92348 0.08816
vn 0.23326 -0.70331 -0.67152
vn 0.49629 -0.79595 -0.34666
vn -0.79405 -0.54877 0.26141
vn -0.81789 -0.39063 0.42244
vn -0.93868 -0.27898 0.20261
vn -0.92683 0.01312 -0.37526
vn -0.97644 0.00670 -0.21570
vn -0.98374 -0.00737 0.17944
vn -0.99223 -0.11225 -0.05367
vn -0.97318 -0.05759 0.22273
vn -0.86530 -0.35351 0.35537
vn -0.92612 -0.22822 -0.30035
vn -0.58721 -0.35720 -0.72636
vn -0.52090 -0.74988 0.40784
vn -0.63205 -0.77187 -0.06875
vn -0.75926 -0.57264 0.30920
vn -0.99005 -0.06083 -0.12685
vn -0.99852 -0.03255 -0.04364
vn -0.90039 -0.20956 -0.38128
vn -0.56900 -0.78937 0.23049
vn -0.59819 -0.79573 0.09476
vn -0.61524 -0.67905 -0.40047
vn -0.59336 -0.49488 -0.63484
vn -0.27471 0.96133 0.01940
vn -0.27952 0.96014 -0.00051
vn 0.00885 0.99994 0.00566
vn 0.03484 0.99939 -0.00013
vn 0.05314 0.99857 -0.00601
vn -0.13082 0.91931 0.37115
vn -0.01497 0.93122 0.36415
vn -0.01864 0.97972 0.19948
vn -0.00286 0.99825 0.05906
vn 0.01763 0.99983 0.00577
vn -0.25241 0.96746 0.01753
vn -0.22180 0.93957 -0.26078
vn -0.22229 0.97487 -0.01496
vn -0.23952 0.96950 -0.05188
vn -0.25505 0.92114 -0.29403
vn -0.24491 0.96954 -0.00344
vn -0.39174 0.90275 -0.17769
vn -0.18741 0.98140 0.04162
vn -0.01173 0.99973 0.02009
vn -0.08230 0.99193 -0.09642
vn 0.08446 0.99250 -0.08841
vn 0.17393 0.96527 -0.19492
vn 0.21990 0.95903 -0.17864
vn -0.01312 0.35462 0.93492
vn -0.09061 0.91214 0.39974
vn 0.23607 0.93834 -0.25256
vn 0.30431 0.92275 -0.23648
vn 0.05591 0.89440 -0.44377
vn -0.20840 0.70952 -0.67317
vn -0.05190 0.77532 -0.62943
vn -0.18479 0.77859 -0.59971
vn 0.00583 0.03559 0.99935
vn 0.21087 0.74401 -0.63403
vn 0.76616 0.52208 -0.37474
vn 0.51572 0.59688 -0.61463
vn -0.00287 0.03408 0.99942
vn 0.82349 0.23884 -0.51461
vn 0.69833 0.09123 -0.70994
vn -0.02213 0.01716 0.99961
vn 0.55081 -0.25615 -0.79435
vn 0.50331 -0.35688 -0.78697
vn -0.03554 -0.00420 0.99936
vn 0.42980 -0.18748 -0.88324
vn 0.48039 -0.18862 -0.85653
vn -0.04246 -0.00186 0.99910
vn 0.48409 -0.00364 -0.87501
vn 0.52209 0.05061 -0.85139
vn -0.04724 -0.00035 0.99888
vn 0.66454 0.05786 -0.74501
vn 0.51777 0.12439 -0.84643
vn -0.04055 0.01517 0.99906
vn 0.77547 -0.24590 -0.58154
vn 0.43074 -0.22357 -0.87434
vn -0.03067 0.00881 0.99949
vn 0.75909 0.02987 -0.65030
vn 0.77290 -0.22353 -0.59385
vn 0.44096 -0.30559 -0.84390
vn -0.02156 -0.03062 0.99930
vn 0.71018 0.12388 -0.69303
vn 0.58593 -0.01149 -0.81028
vn -0.00087 -0.10439 0.99454
vn 0.59216 -0.40510 -0.69659
vn 0.53737 -0.15834 -0.82835
vn 0.00137 -0.87747 0.47964
vn 0.04050 -0.97197 0.23158
vn 0.21508 -0.94937 -0.22901
vn 0.45062 -0.87747 0.16428
vn 0.28938 -0.92768 0.23593
vn 0.36007 -0.72153 -0.59139
vn 0.21578 -0.89967 -0.37952
vn 0.35367 -0.82771 -0.43568
vn -0.96392 -0.05138 0.26120
vn -0.88309 -0.27832 0.37773
vn -0.75188 -0.51671 0.40950
vn -0.59955 -0.50936 0.61733
vn -0.75937 -0.32986 -0.56084
vn -0.95820 -0.23253 -0.16670
vn -0.89319 -0.41844 -0.16470
vn -0.62817 -0.39510 -0.67029
vn -0.88755 -0.30025 0.34943
vn -0.90469 -0.38801 0.17602
vn -0.60918 -0.62234 0.49152
vn -0.67386 -0.66445 0.32313
vn -0.89404 -0.38440 0.23006
vn -0.66198 -0.55509 0.50365
vn -0.74357 -0.23708 -0.62521
vn -0.96879 -0.24782 0.00485
vn -0.85752 -0.11209 -0.50209
vn -0.78131 -0.56607 0.26291
vn -0.81251 -0.51993 0.26363
vn -0.54787 -0.74890 0.37282
vn -0.60035 -0.79772 0.05680
vn -0.44995 -0.87155 0.19481
vn -0.41331 -0.90777 -0.07155
vn -0.49879 -0.86406 -0.06794
vn -0.73353 -0.60901 -0.30172
vn -0.36458 -0.91609 0.16693
vn -0.53386 -0.84307 -0.06510
vn 0.00973 -0.95560 0.29451
vn -0.93919 -0.19175 -0.28487
vn -0.52200 -0.53525 -0.66410
vn -0.43953 -0.89452 0.08154
vn -0.29854 -0.90046 0.31631
vn -0.41297 -0.87042 -0.26799
vn -0.00859 0.98936 0.14526
vn -0.00685 0.99802 0.06247
vn -0.02257 0.99973 0.00520
vn -0.01279 0.99991 0.00428
vn 0.01529 0.99967 -0.02048
vn -0.24192 0.97014 -0.01735
vn -0.25283 0.96732 -0.01925
vn -0.26359 0.96434 -0.02405
vn -0.43897 0.89841 -0.01292
vn -0.47709 0.87075 0.11907
vn -0.43188 0.90170 0.02059
vn -0.00224 1.00000 0.00173
vn -0.05963 0.99800 -0.02109
vn -0.14186 0.98182 -0.12609
vn -0.28071 0.93107 -0.23305
vn -0.01699 0.89653 -0.44266
vn -0.05536 0.92407 -0.37819
vn 0.01850 0.93121 -0.36402
vn 0.07237 0.88463 0.46064
vn 0.02654 0.92038 0.39012
vn 0.00475 0.98017 0.19810
vn -0.27752 0.95521 0.10279
vn -0.28487 0.95850 0.01122
vn -0.28362 0.95884 0.01374
vn 0.05614 0.99812 -0.02472
vn 0.03921 0.99876 -0.03082
vn -0.49610 0.86782 -0.02777
vn -0.54665 0.83724 -0.01424
vn -0.72601 0.68363 0.07460
vn -0.88785 0.41645 -0.19568
vn -0.93934 0.33695 -0.06403
vn -0.07073 0.98108 -0.18020
vn 0.14760 0.97893 -0.14112
vn 0.16092 0.93051 -0.32902
vn 0.30158 0.89529 -0.32787
vn -0.00569 0.94450 -0.32848
vn 0.10646 0.89714 -0.42873
vn 0.05474 0.61280 -0.78834
vn 0.08474 0.36177 0.92841
vn 0.14351 0.86569 0.47956
vn 0.26630 0.92004 -0.28741
vn 0.34474 0.89885 -0.27061
vn 0.44466 0.88959 -0.10443
vn 0.32574 0.80928 -0.48884
vn -0.99383 0.06707 -0.08829
vn 0.00348 0.53010 -0.84793
vn 0.00892 0.05104 0.99866
vn 0.79702 0.59423 -0.10793
vn 0.78926 0.43842 -0.42996
vn -0.99224 0.02515 -0.12176
vn -0.01047 0.04468 0.99895
vn 0.82778 0.23780 -0.50816
vn 0.82422 0.13027 -0.55109
vn -0.00830 0.01659 0.99983
vn 0.58708 -0.22108 -0.77876
vn 0.74075 -0.12115 -0.66077
vn -0.00067 -0.00142 1.00000
vn 0.49518 -0.16085 -0.85377
vn -0.96331 -0.04995 -0.26369
vn -0.00790 0.00675 0.99995
vn 0.56759 -0.09251 -0.81810
vn -0.49508 -0.20019 -0.84547
vn -0.01993 0.00725 0.99978
vn 0.70363 -0.09671 -0.70396
vn -0.02179 0.00486 0.99975
vn 0.74353 -0.27815 -0.60811
vn -0.00788 -0.00525 0.99996
vn 0.73013 0.04142 -0.68205
vn 0.67434 -0.13329 -0.72629
vn 0.01195 -0.04879 0.99874
vn 0.68662 0.07682 -0.72295
vn 0.68907 0.07755 -0.72054
vn 0.01028 -0.13820 0.99035
vn 0.68139 -0.13893 -0.71862
vn 0.67239 -0.05532 -0.73813
vn -0.22178 -0.26717 0.93778
vn -0.77803 -0.51632 0.35790
vn -0.91188 -0.29880 -0.28143
vn -0.96552 -0.01939 0.25959
vn -0.67826 -0.33692 -0.65303
vn 0.76499 -0.52917 -0.36710
vn -0.45576 -0.48046 0.74929
vn -0.66751 -0.49894 0.55271
vn -0.97641 -0.17913 0.12059
vn -0.98396 0.03195 0.17549
vn -0.96337 -0.25250 0.09034
vn -0.66435 -0.68761 -0.29296
vn -0.67093 -0.66145 -0.33517
vn -0.66789 -0.37029 -0.64560
vn -0.41261 -0.74901 0.51841
vn -0.50573 -0.70362 0.49916
vn -0.75781 -0.60241 0.25066
vn -0.79385 -0.50487 0.33899
vn -0.81812 -0.53815 0.20265
vn -0.50325 -0.81377 -0.29070
vn -0.54212 -0.79509 -0.27190
vn -0.65018 -0.63290 -0.42036
vn -0.59828 -0.42452 -0.67959
vn -0.58516 -0.78315 0.21038
vn -0.68235 -0.68208 0.26300
vn -0.71607 -0.65809 0.23272
vn -0.60504 -0.72311 0.33322
vn -0.67717 -0.73462 0.04215
vn -0.47600 -0.87746 0.05907
vn -0.50755 -0.86000 0.05292
vn -0.44374 -0.89572 0.02798
vn 0.20716 -0.88419 -0.41868
vn 0.94460 -0.32327 -0.05682
vn -0.62541 -0.75451 -0.19896
vn -0.51405 -0.78475 -0.34629
vn 0.20325 -0.88719 -0.41423
vn -0.45152 -0.57983 -0.67818
vn -0.22230 -0.88925 0.39977
vn -0.58358 -0.80515 0.10567
vn -0.38308 -0.91914 -0.09186
vn -0.24514 -0.96894 0.03269
vn -0.31575 -0.93721 0.14810
vn -0.57317 -0.81745 -0.05705
vn 0.45142 -0.87075 -0.19498
vn 0.00341 0.98499 0.17260
vn -0.00501 0.99769 0.06772
vn -0.00292 0.99999 0.00197
vn -0.25324 0.93516 0.24767
vn -0.25687 0.96573 -0.03728
vn 0.02265 0.99942 -0.02559
vn -0.24225 0.97012 -0.01351
vn -0.22959 0.94469 0.23421
vn -0.23738 0.97141 -0.00268
vn -0.41026 0.88351 0.22606
vn -0.19494 0.98065 0.01809
vn -0.00014 0.99981 0.01935
vn -0.12429 0.98476 0.12167
vn -0.06662 0.99588 -0.06155
vn -0.14174 0.97093 -0.19287
vn -0.03648 0.96050 -0.27588
vn -0.08387 0.91191 -0.40172
vn -0.03641 0.90033 -0.43367
vn 0.09110 0.84066 0.53384
vn 0.04444 0.90475 0.42362
vn 0.01541 0.96426 0.26452
vn 0.03807 0.85950 -0.50972
vn 0.03896 0.69193 -0.72091
vn 0.10457 0.29794 0.94884
vn 0.16353 0.78541 0.59699
vn -0.02294 0.61367 -0.78923
vn -0.00665 0.53890 -0.84235
vn 0.04523 0.07989 0.99578
vn 0.01606 0.22835 -0.97345
vn 0.02393 0.05026 0.99845
vn -0.06198 0.00843 -0.99804
vn 0.01649 0.00897 0.99982
vn -0.18771 -0.00654 -0.98220
vn 0.01108 0.00135 0.99994
vn -0.32789 -0.08304 -0.94106
vn 0.00945 0.01144 0.99989
vn -0.43611 -0.29255 -0.85101
vn -0.39751 -0.24738 -0.88362
vn 0.01452 0.01049 0.99984
vn -0.39131 -0.31532 -0.86455
vn -0.40058 -0.33055 -0.85456
vn 0.02364 -0.00291 0.99972
vn -0.37082 -0.26985 -0.88864
vn -0.39899 -0.31068 -0.86272
vn 0.02873 -0.02218 0.99934
vn -0.41534 -0.14379 -0.89823
vn 0.02818 -0.05874 0.99788
vn -0.40509 -0.29841 -0.86421
vn -0.36919 -0.21237 -0.90476
vn -0.00088 -0.05761 0.99834
vn -0.32564 -0.44115 -0.83626
vn -0.27723 -0.39965 -0.87374
vn -0.00207 -0.12309 0.99239
vn -0.56321 -0.45180 -0.69186
vn -0.28778 -0.50283 -0.81507
vn 0.03858 -0.32786 0.94394
vn 0.06350 -0.75050 0.65781
vn -0.67860 -0.67378 -0.29246
vn -0.70879 -0.64465 -0.28644
vn -0.35628 -0.50777 -0.78437
vn -0.26300 -0.49361 -0.82897
vn -0.02490 -0.82924 0.55834
vn -0.11474 -0.80916 0.57628
vn -0.09434 -0.83284 0.54541
vn -0.56305 -0.80061 -0.20492
vn -0.41786 -0.84984 -0.32119
vn -0.60366 -0.74268 -0.28984
vn -0.37366 -0.82044 -0.43274
vn -0.18185 -0.73792 -0.64993
vn -0.12504 -0.87713 0.46368
vn -0.25714 -0.93319 0.25106
vn -0.22679 -0.93802 0.26206
vn -0.20271 -0.92278 0.32771
vn -0.44357 -0.89016 -0.10421
vn -0.19694 -0.97604 -0.09251
vn -0.40716 -0.89218 -0.19554
vn -0.41401 -0.88028 -0.23172
vn -0.28239 -0.90499 -0.31818
vn 0.12583 -0.93493 0.33178
vn 0.26532 -0.94994 0.16499
vn -0.09347 -0.99044 -0.10144
vn 0.10669 -0.99426 -0.00741
vn 0.05989 -0.99252 -0.10635
vn 0.00429 -0.99994 0.00973
vn 0.14259 -0.94049 -0.30845
vn -0.06323 -0.96650 -0.24876
vn 0.05029 0.97669 0.20870
vn 0.03295 0.99707 0.06910
vn -0.22525 0.94162 0.25023
vn -0.23520 0.97188 -0.01138
vn 0.01746 0.99936 -0.03133
vn -0.23059 0.94959 0.21237
vn 0.03192 0.99931 -0.01883
vn 0.02435 0.99970 -0.00107
vn -0.20674 0.95351 0.21925
vn -0.17055 0.96636 0.19251
vn -0.15359 0.97216 0.17696
vn -0.11032 0.98610 0.12428
vn 0.00238 0.99978 0.02103
vn 0.00975 0.99958 -0.02745
vn 0.03364 0.99711 -0.06810
vn -0.03175 0.97921 -0.20036
vn -0.10906 0.92712 -0.35855
vn -0.13376 0.86215 -0.48869
vn -0.15050 0.79120 0.59275
vn 0.09562 0.88446 0.45672
vn 0.06917 0.94796 0.31079
vn -0.11806 0.80482 -0.58165
vn -0.10411 0.74999 -0.65320
vn 0.11279 0.34406 0.93215
vn -0.10039 0.70135 0.70571
vn -0.16573 0.63137 -0.75756
vn -0.17038 0.49396 -0.85263
vn -0.00613 0.11094 0.99381
vn -0.16320 0.20826 -0.96436
vn 0.03803 0.05865 0.99755
vn -0.21860 0.08964 -0.97169
vn 0.02543 0.02835 0.99927
vn -0.21756 0.06144 -0.97411
vn 0.01018 0.00699 0.99992
vn -0.27698 0.07079 -0.95826
vn -0.33072 0.05725 -0.94199
vn 0.01712 0.00142 0.99985
vn -0.40635 -0.09102 -0.90917
vn -0.35998 0.00945 -0.93291
vn 0.03722 -0.00760 0.99928
vn -0.49182 -0.31282 -0.81256
vn 0.05414 -0.01474 0.99842
vn -0.38649 -0.26359 -0.88382
vn -0.43977 -0.31923 -0.83946
vn 0.04536 -0.01572 0.99885
vn -0.35125 -0.22130 -0.90975
vn -0.40775 -0.28150 -0.86862
vn 0.05065 -0.02556 0.99839
vn -0.29205 -0.24355 -0.92487
vn 0.03774 -0.08028 0.99606
vn -0.28898 -0.47655 -0.83030
vn -0.33801 -0.40399 -0.85003
vn 0.08803 -0.25038 0.96414
vn 0.25075 -0.67394 0.69494
vn -0.36267 -0.48634 -0.79495
vn -0.40827 -0.45702 -0.79022
vn 0.23924 -0.59946 0.76382
vn 0.40322 -0.67457 0.61835
vn 0.24501 -0.70937 0.66088
vn -0.23824 -0.67883 -0.69458
vn -0.34455 -0.52697 -0.77691
vn 0.22873 -0.74589 0.62557
vn 0.21722 -0.73369 0.64383
vn 0.19944 -0.81107 0.54990
vn -0.21139 -0.93018 -0.30014
vn -0.02006 -0.93046 -0.36585
vn -0.01652 -0.88208 -0.47080
vn -0.10007 -0.80710 -0.58187
vn 0.21104 -0.86300 0.45901
vn 0.18246 -0.93883 0.29207
vn 0.40076 -0.91476 -0.05111
vn 0.41127 -0.87726 0.24751
vn 0.42389 -0.88829 0.17681
vn 0.08108 -0.96632 -0.24425
vn 0.08526 -0.96378 -0.25272
vn -0.05190 -0.95713 -0.28496
vn -0.13189 -0.94163 -0.30975
vn -0.00849 -0.94377 -0.33050
vn 0.39945 -0.88307 0.24623
vn 0.43352 -0.89550 0.10069
vn 0.32855 -0.92162 -0.20660
vn 0.00398 -0.99753 0.07008
vn 0.02997 -0.99018 0.13657
vn 0.26877 -0.95194 -0.14685
vn 0.13857 -0.97939 -0.14693
vn -0.06900 -0.99624 -0.05243
vn 0.08962 0.96574 0.24355
vn 0.05242 0.99431 0.09275
vn 0.01832 0.99983 -0.00167
vn 0.01539 0.99983 -0.00996
vn 0.01667 0.99951 -0.02646
vn -0.21791 0.95751 0.18890
vn -0.20895 0.95770 0.19784
vn -0.19467 0.95825 0.20941
vn 0.00637 0.99996 0.00637
vn -0.14905 0.97388 0.17132
vn -0.09095 0.98710 0.13174
vn 0.01739 0.99962 0.02129
vn 0.02027 0.99978 0.00508
vn 0.01405 0.99990 -0.00350
vn -0.00009 0.99950 -0.03172
vn -0.04295 0.99039 -0.13144
vn -0.09806 0.94971 -0.29739
vn -0.15417 0.86542 -0.47674
vn -0.03725 0.74578 0.66515
vn -0.14078 0.81478 0.56242
vn 0.11339 0.93221 0.34369
vn -0.17936 0.78922 -0.58734
vn -0.17137 0.73043 -0.66114
vn -0.18454 0.67445 -0.71488
vn 0.06261 0.41882 0.90591
vn 0.08864 0.68476 0.72336
vn -0.16092 0.66919 -0.72545
vn -0.17120 0.55943 -0.81101
vn 0.02384 0.12123 0.99234
vn -0.25868 0.26066 -0.93013
vn -0.27802 0.23285 -0.93193
vn 0.01641 0.06061 0.99803
vn -0.32140 0.12749 -0.93832
vn -0.29527 0.14636 -0.94414
vn 0.02265 0.03438 0.99915
vn -0.32179 0.02844 -0.94638
vn -0.32510 0.01834 -0.94550
vn 0.03221 0.00559 0.99947
vn -0.29375 0.12067 -0.94823
vn -0.30875 0.12608 -0.94275
vn 0.03637 -0.00643 0.99932
vn -0.42735 -0.10333 -0.89816
vn -0.34170 0.00834 -0.93977
vn 0.03396 -0.01469 0.99932
vn -0.43441 -0.28259 -0.85524
vn -0.33519 -0.25845 -0.90601
vn 0.03184 -0.02107 0.99927
vn -0.40545 -0.36279 -0.83904
vn -0.35988 -0.35613 -0.86236
vn 0.03708 -0.02447 0.99901
vn -0.37684 -0.24139 -0.89427
vn -0.42884 -0.30122 -0.85168
vn 0.06076 -0.03993 0.99735
vn -0.39805 -0.20763 -0.89356
vn -0.45315 -0.19164 -0.87059
vn 0.08990 -0.10066 0.99085
vn -0.44306 -0.32820 -0.83426
vn -0.45073 -0.25411 -0.85573
vn 0.15509 -0.26573 0.95149
vn 0.22345 -0.62695 0.74633
vn -0.39609 -0.50726 -0.76538
vn -0.40266 -0.49819 -0.76790
vn 0.38171 -0.67618 0.63014
vn 0.19192 -0.74462 0.63930
vn -0.12883 -0.81710 -0.56192
vn -0.23919 -0.65775 -0.71425
vn -0.28606 -0.62563 -0.72578
vn 0.42782 -0.71779 0.54932
vn 0.32269 -0.82952 0.45581
vn 0.27055 -0.85353 0.44530
vn 0.00784 -0.92314 -0.38439
vn -0.01968 -0.90084 -0.43371
vn -0.07778 -0.87312 -0.48126
vn 0.51004 -0.76529 0.39267
vn 0.27900 -0.88172 0.38043
vn 0.19672 -0.94660 0.25545
vn 0.17062 -0.95264 0.25173
vn 0.13657 -0.97169 0.19277
vn 0.06195 -0.98821 0.13999
vn 0.02653 -0.99390 0.10705
vn 0.22348 -0.96732 -0.11979
vn 0.18751 -0.98062 -0.05686
vn 0.03788 -0.99836 0.04304
vn 0.15523 -0.96199 -0.22468
vn 0.03594 -0.98791 -0.15078
vn 0.00208 -0.98137 -0.19213
vn 0.06563 -0.95362 -0.29378
vn 0.02719 -0.94803 -0.31703
vn 0.12838 -0.98587 0.10760
vn 0.29214 -0.94762 -0.12913
vn 0.24222 -0.96011 -0.13969
vn 0.02442 -0.99575 0.08884
vn 0.04045 -0.99434 0.09825
vn 0.19175 -0.97585 -0.10465
vn 0.04944 -0.99739 -0.05261
vn 0.12233 0.95300 0.27718
vn 0.07408 0.98700 0.14264
vn -0.21696 0.93750 0.27208
vn 0.00699 0.99993 -0.00988
vn 0.00719 0.99966 -0.02519
vn -0.21833 0.95816 0.18511
vn -0.20811 0.96048 0.18484
vn -0.18167 0.96603 0.18379
vn 0.00858 0.99996 0.00265
vn -0.09355 0.98903 0.11431
vn 0.01867 0.99962 0.02009
vn -0.02179 0.99780 0.06265
vn 0.01739 0.99976 0.01329
vn 0.00829 0.99995 0.00578
vn -0.00111 0.99999 -0.00385
vn -0.03149 0.99543 -0.09016
vn -0.07397 0.96851 -0.23774
vn -0.14982 0.87687 -0.45679
vn -0.18838 0.81888 -0.54217
vn 0.19568 0.77690 0.59844
vn -0.01996 0.83805 0.54522
vn -0.06890 0.92393 0.37631
vn -0.18860 0.79715 -0.57357
vn -0.22193 0.73652 -0.63897
vn -0.23577 0.66548 -0.70820
vn 0.18209 0.42647 0.88599
vn 0.22249 0.60106 0.76761
vn -0.22792 0.52010 -0.82314
vn 0.11088 0.17647 0.97804
vn 0.29079 0.44381 0.84763
vn -0.23783 0.37599 -0.89558
vn -0.25528 0.27714 -0.92630
vn 0.05924 0.06554 0.99609
vn -0.26318 0.15788 -0.95174
vn 0.05783 0.02057 0.99811
vn -0.28341 0.02436 -0.95869
vn 0.06310 0.00058 0.99801
vn -0.27545 0.10695 -0.95535
vn 0.05826 -0.00501 0.99829
vn -0.26144 0.01872 -0.96504
vn 0.05283 -0.00895 0.99856
vn -0.25449 -0.20586 -0.94491
vn 0.05329 -0.02235 0.99833
vn -0.39558 -0.29570 -0.86953
vn -0.34015 -0.29209 -0.89386
vn 0.05764 -0.04105 0.99749
vn -0.43905 -0.25978 -0.86009
vn -0.40549 -0.23824 -0.88251
vn 0.07884 -0.07766 0.99386
vn -0.48061 -0.19720 -0.85447
vn 0.17623 -0.20906 0.96189
vn 0.26263 -0.40438 0.87607
vn -0.41734 -0.39262 -0.81956
vn -0.42182 -0.34895 -0.83684
vn 0.34889 -0.45385 0.81994
vn 0.25676 -0.51036 0.82073
vn -0.32571 -0.56408 -0.75876
vn -0.32981 -0.49503 -0.80385
vn 0.19472 -0.68622 0.70084
vn 0.45267 -0.82767 0.33174
vn 0.16390 -0.83771 0.52095
vn -0.09728 -0.84442 -0.52677
vn -0.11465 -0.80112 -0.58742
vn -0.22086 -0.70125 -0.67784
vn 0.20984 -0.80681 0.55229
vn 0.20694 -0.85635 0.47312
vn 0.22640 -0.87034 0.43732
vn 0.22990 -0.90366 0.36131
vn -0.05131 -0.93093 -0.36157
vn -0.10183 -0.91370 -0.39343
vn -0.09496 -0.87872 -0.46780
vn -0.09740 -0.84758 -0.52166
vn 0.24015 -0.89275 0.38123
vn 0.41601 -0.85949 0.29700
vn 0.15764 -0.94786 0.27697
vn 0.12581 -0.95650 0.26321
vn 0.28669 -0.95734 -0.03619
vn 0.22716 -0.97018 -0.08450
vn 0.21039 -0.97068 -0.11628
vn 0.06788 -0.99334 0.09310
vn 0.17915 -0.98158 -0.06643
vn 0.02941 -0.99611 -0.08312
vn 0.01382 -0.98665 -0.16225
vn 0.02426 -0.98100 -0.19248
vn -0.03552 -0.96858 -0.24616
vn -0.07736 -0.94846 -0.30731
vn -0.10305 -0.93212 -0.34717
vn 0.17826 0.93178 0.31625
vn 0.12370 0.97057 0.20660
vn -0.17478 0.93618 0.30500
vn -0.20200 0.95596 0.21294
vn 0.00255 0.99978 -0.02081
vn -0.00602 0.99970 -0.02360
vn -0.01058 0.99983 -0.01501
vn -0.00667 0.99995 -0.00739
vn -0.10601 0.98894 0.10377
vn 0.00374 0.99998 0.00433
vn -0.03648 0.99756 0.05953
vn 0.01272 0.99984 0.01274
vn 0.01578 0.99974 0.01619
vn 0.01550 0.99981 0.01206
vn 0.00982 0.99994 0.00566
vn -0.01509 0.99841 -0.05439
vn -0.06327 0.98122 -0.18220
vn -0.12879 0.92624 -0.35425
vn -0.18919 0.84754 -0.49587
vn 0.25589 0.74285 0.61862
vn 0.28953 0.79245 0.53684
vn -0.05229 0.92291 0.38145
vn -0.23985 0.76980 -0.59150
vn -0.27835 0.65470 -0.70277
vn 0.34622 0.56818 0.74653
vn 0.21592 0.64894 0.72956
vn -0.27321 0.46873 -0.84003
vn -0.27268 0.41138 -0.86972
vn 0.11708 0.20725 0.97126
vn 0.38783 0.40051 0.83017
vn -0.24082 0.40973 -0.87984
vn -0.25025 0.32660 -0.91143
vn 0.15954 0.11034 0.98101
vn 0.40352 0.32863 0.85392
vn -0.26440 0.16196 -0.95072
vn 0.10599 0.02291 0.99410
vn -0.30841 0.06942 -0.94872
vn 0.09157 0.00852 0.99576
vn -0.33120 0.09222 -0.93904
vn 0.08366 -0.00049 0.99649
vn -0.31372 -0.01165 -0.94944
vn 0.09490 -0.02175 0.99525
vn -0.30530 -0.16212 -0.93836
vn 0.11610 -0.03103 0.99275
vn -0.36409 -0.19183 -0.91139
vn 0.13722 -0.05424 0.98905
vn -0.44963 -0.20013 -0.87051
vn -0.41760 -0.18993 -0.88856
vn 0.21955 -0.15475 0.96325
vn 0.37495 -0.27751 0.88454
vn -0.43769 -0.21946 -0.87193
vn -0.38903 -0.24419 -0.88827
vn 0.44333 -0.30472 0.84298
vn 0.33613 -0.36166 0.86961
vn -0.33950 -0.41430 -0.84445
vn -0.34398 -0.35220 -0.87042
vn 0.30366 -0.54839 0.77914
vn 0.28695 -0.61590 0.73371
vn -0.21089 -0.68344 -0.69888
vn -0.26201 -0.57884 -0.77220
vn 0.37181 -0.64020 0.67224
vn 0.23238 -0.71985 0.65408
vn 0.18856 -0.83354 0.51928
vn -0.14261 -0.81833 -0.55677
vn -0.17594 -0.76538 -0.61907
vn 0.17870 -0.87537 0.44922
vn 0.16210 -0.89824 0.40851
vn 0.38043 -0.91451 0.13767
vn 0.34894 -0.88389 0.31142
vn -0.09447 -0.91897 -0.38284
vn -0.11675 -0.87618 -0.46763
vn -0.12645 -0.84258 -0.52352
vn 0.17542 -0.92990 0.32328
vn 0.36639 -0.92802 0.06733
vn 0.12673 -0.94982 0.28596
vn 0.12384 -0.96370 0.23653
vn 0.09966 -0.98144 0.16381
vn 0.05081 -0.99674 0.06273
vn 0.13659 -0.99029 -0.02598
vn 0.02406 -0.99840 0.05111
vn 0.04259 -0.99740 -0.05806
vn -0.00370 -0.99565 -0.09315
vn -0.03451 -0.98710 -0.15634
vn -0.05500 -0.97834 -0.19956
vn -0.06331 -0.95599 -0.28649
vn -0.07563 -0.93960 -0.33381
vn 0.01756 0.86127 0.50785
vn 0.19740 0.93524 0.29388
vn -0.11187 0.92833 0.35452
vn -0.15966 0.98610 0.04600
vn -0.18156 0.98333 -0.00989
vn -0.01039 0.99981 -0.01657
vn -0.14508 0.98246 0.11716
vn -0.11758 0.98857 0.09441
vn -0.00982 0.99993 -0.00597
vn -0.05063 0.99771 0.04490
vn 0.00268 0.99998 0.00488
vn 0.00869 0.99993 0.00806
vn 0.01248 0.99984 0.01280
vn 0.01326 0.99981 0.01394
vn 0.00991 0.99987 0.01273
vn -0.00368 0.99987 -0.01541
vn -0.04740 0.99074 -0.12720
vn -0.10782 0.95043 -0.29164
vn -0.16028 0.88163 -0.44389
vn 0.34176 0.74744 0.56967
vn 0.19313 0.84427 0.49991
vn 0.24920 0.88966 0.38264
vn -0.19536 0.81144 -0.55082
vn -0.23568 0.69214 -0.68220
vn 0.43847 0.45636 0.77426
vn 0.40946 0.59412 0.69236
vn -0.28187 0.48030 -0.83058
vn -0.28907 0.40585 -0.86702
vn 0.31901 0.40279 0.85790
vn 0.01466 0.35619 -0.93430
vn -0.30297 0.32054 -0.89748
vn 0.31471 0.17399 0.93310
vn 0.45644 0.26270 0.85009
vn -0.32494 0.18076 -0.92830
vn 0.21211 0.05617 0.97563
vn 0.50987 0.11075 0.85309
vn -0.34372 0.09669 -0.93408
vn 0.20584 0.02317 0.97831
vn 0.50672 0.05800 0.86016
vn -0.33314 0.07719 -0.93971
vn 0.20937 0.00080 0.97784
vn 0.50234 0.00415 0.86466
vn -0.31858 -0.02387 -0.94760
vn 0.22627 -0.04753 0.97291
vn 0.47886 -0.10442 0.87166
vn -0.33566 -0.12894 -0.93312
vn 0.23046 -0.06974 0.97058
vn 0.45938 -0.12298 0.87969
vn -0.36811 -0.15447 -0.91686
vn 0.36676 -0.13881 0.91990
vn 0.42632 -0.15993 0.89032
vn -0.37559 -0.18691 -0.90774
vn 0.40685 -0.20793 0.88952
vn 0.41328 -0.23651 0.87936
vn -0.03327 -0.31840 -0.94737
vn -0.35169 -0.27511 -0.89478
vn 0.41029 -0.37321 0.83209
vn 0.39014 -0.43603 0.81097
vn -0.31758 -0.45552 -0.83165
vn -0.33662 -0.36175 -0.86938
vn 0.42235 -0.47034 0.77485
vn 0.35425 -0.57980 0.73371
vn 0.47079 -0.64221 0.60491
vn -0.24289 -0.71175 -0.65910
vn -0.27333 -0.62860 -0.72812
vn 0.31751 -0.69588 0.64416
vn 0.29595 -0.78078 0.55027
vn 0.25076 -0.83811 0.48445
vn -0.17907 -0.83702 -0.51704
vn -0.21512 -0.78157 -0.58555
vn 0.45683 -0.86051 0.22547
vn 0.21033 -0.87305 0.43995
vn 0.36529 -0.91126 0.19016
vn 0.14991 -0.93436 0.32327
vn 0.34778 -0.93135 0.10782
vn -0.06724 -0.93383 -0.35134
vn -0.10663 -0.89540 -0.43232
vn -0.14496 -0.86412 -0.48196
vn 0.33776 -0.93722 0.08684
vn 0.31077 -0.91210 0.26737
vn 0.13074 -0.96066 0.24502
vn 0.25261 -0.96576 0.05920
vn 0.17870 -0.98373 0.01873
vn 0.02405 -0.99456 0.10138
vn 0.04665 -0.99876 0.01758
vn -0.01706 -0.99970 0.01738
vn -0.03149 -0.99742 -0.06459
vn -0.05112 -0.98879 -0.14029
vn -0.05153 -0.97786 -0.20284
vn -0.05291 -0.95828 -0.28088
vn -0.05791 -0.94779 -0.31358
vn 0.43130 0.85154 0.29808
vn 0.34659 0.83092 0.43526
vn 0.18889 0.96752 0.16800
vn -0.14120 0.97259 0.18477
vn -0.19666 0.97457 0.10742
vn -0.07151 0.99736 -0.01240
vn -0.04378 0.99896 -0.01303
vn -0.00256 0.99990 -0.01370
vn -0.00163 0.99998 -0.00678
vn 0.00081 1.00000 0.00085
vn 0.00290 0.99997 0.00750
vn 0.00331 0.99990 0.01378
vn 0.00203 0.99985 0.01722
vn 0.00114 0.99992 0.01275
vn 0.00174 0.99906 -0.04326
vn 0.00250 0.98240 -0.18678
vn 0.00229 0.92185 -0.38755
vn 0.00467 0.84534 -0.53421
vn 0.44647 0.68135 0.58003
vn 0.74906 0.53920 0.38495
vn 0.74436 0.55014 0.37851
vn 0.56238 0.69509 0.44785
vn 0.01212 0.75701 -0.65329
vn 0.02084 0.62761 -0.77825
vn 0.44895 0.42673 0.78507
vn 0.67434 0.37317 0.63718
vn 0.84503 0.29228 0.44777
vn 0.77459 0.37294 0.51082
vn 0.02097 0.43796 -0.89875
vn 0.55152 0.35040 0.75700
vn 0.90628 0.17078 0.38664
vn 0.88482 0.17605 0.43140
vn 0.02139 0.34916 -0.93682
vn 0.01914 0.28255 -0.95906
vn 0.82306 0.15342 0.54684
vn 0.92246 0.09321 0.37467
vn 0.89029 0.10014 0.44424
vn 0.01193 0.17912 -0.98375
vn 0.87642 0.06169 0.47757
vn 0.92406 0.04489 0.37960
vn 0.88841 0.05124 0.45618
vn 0.00326 0.09569 -0.99541
vn 0.88975 0.02956 0.45550
vn 0.91857 0.02467 0.39449
vn 0.88639 0.03634 0.46151
vn 0.01309 0.06175 -0.99801
vn 0.89679 0.00225 0.44245
vn 0.92246 -0.00606 0.38604
vn 0.02234 -0.02641 -0.99940
vn 0.88999 -0.04745 0.45350
vn 0.92004 -0.04115 0.38965
vn 0.88805 -0.05424 0.45653
vn 0.01868 -0.09806 -0.99501
vn 0.87071 -0.06677 0.48725
vn 0.92656 -0.05689 0.37183
vn 0.89146 -0.06699 0.44812
vn 0.00161 -0.13307 -0.99111
vn 0.83151 -0.09770 0.54685
vn 0.92955 -0.07270 0.36145
vn 0.89685 -0.08737 0.43362
vn -0.01081 -0.18216 -0.98321
vn 0.65465 -0.20151 0.72858
vn 0.92758 -0.10772 0.35776
vn 0.90320 -0.12559 0.41045
vn -0.02668 -0.30434 -0.95219
vn -0.02073 -0.24183 -0.97010
vn 0.45185 -0.31705 0.83385
vn 0.89526 -0.20778 0.39414
vn 0.90986 -0.19614 0.36564
vn 0.84471 -0.27796 0.45738
vn -0.02698 -0.44688 -0.89419
vn 0.73586 -0.41521 0.53490
vn 0.88292 -0.31297 0.35001
vn 0.84333 -0.35797 0.40080
vn 0.75800 -0.47822 0.44355
vn -0.01145 -0.68355 -0.72981
vn -0.01994 -0.58854 -0.80822
vn 0.66124 -0.58921 0.46431
vn 0.79259 -0.50802 0.33722
vn 0.77686 -0.51760 0.35858
vn 0.68957 -0.62438 0.36695
vn 0.01318 -0.82705 -0.56197
vn -0.00073 -0.75834 -0.65186
vn 0.27373 -0.85589 0.43877
vn 0.67810 -0.66589 0.31108
vn 0.67023 -0.67907 0.29944
vn 0.62922 -0.75958 0.16465
vn 0.41069 -0.85826 0.30777
vn 0.00505 -0.93307 -0.35965
vn 0.02397 -0.92413 -0.38132
vn 0.03362 -0.88929 -0.45611
vn 0.02484 -0.86243 -0.50556
vn 0.22019 -0.93638 0.27335
vn 0.48812 -0.85966 0.15073
vn 0.27276 -0.93369 0.23200
vn 0.14459 -0.97146 0.18804
vn -0.05409 -0.98297 0.17560
vn -0.04249 -0.99497 0.09077
vn -0.03227 -0.99947 0.00384
vn -0.02189 -0.99631 -0.08297
vn -0.01159 -0.98534 -0.17020
vn 0.00040 -0.96782 -0.25166
vn 0.01238 -0.94317 -0.33209
vn 0.02910 -0.93533 -0.35257
vn 0.01304 0.84036 0.54188
vn 0.00419 0.92238 0.38625
vn -0.00339 0.98235 0.18703
vn -0.00332 0.99903 0.04393
vn -0.00000 0.99992 -0.01265
vn -0.00000 0.99984 -0.01766
vn -0.00000 0.99990 -0.01397
vn -0.00000 0.99997 -0.00725
vn -0.00000 1.00000 -0.00000
vn -0.00000 0.99997 0.00725
vn -0.00000 0.99990 0.01397
vn -0.00000 0.99984 0.01766
vn 0.00000 0.99992 0.01265
vn 0.00000 0.99904 -0.04388
vn 0.00000 0.98237 -0.18695
vn 0.00000 0.92176 -0.38777
vn 0.00000 0.84408 -0.53622
vn 0.03167 0.62543 0.77963
vn 0.02087 0.75369 0.65690
vn 0.00000 0.75324 -0.65775
vn 0.00000 0.62561 -0.78014
vn 0.69390 0.30851 0.65064
vn 0.01766 0.42824 0.90349
vn 0.00000 0.43865 -0.89866
vn 0.02400 0.30422 0.95230
vn 0.00000 0.35505 0.93485
vn 0.00001 0.34853 -0.93730
vn 0.00001 0.28317 -0.95907
vn 0.07651 0.17728 0.98118
vn 0.00000 0.18287 -0.98314
vn 0.08260 0.09434 0.99211
vn 0.00000 0.09611 -0.99537
vn 0.88177 0.02333 0.47110
vn 0.55276 0.04983 0.83185
vn 0.00000 0.05744 -0.99835
vn 0.88120 -0.01064 0.47263
vn 0.02580 -0.02796 0.99928
vn 0.00000 -0.02854 -0.99959
vn 0.88474 -0.03648 0.46466
vn 0.58709 -0.07524 0.80602
vn 0.00000 -0.09446 -0.99553
vn 0.08177 -0.12632 0.98861
vn 0.00000 -0.12788 -0.99179
vn 0.07706 -0.17372 0.98178
vn -0.00000 -0.17724 -0.98417
vn 0.04565 -0.26700 0.96261
vn 0.00000 -0.31705 0.94841
vn -0.00000 -0.30438 -0.95255
vn -0.00000 -0.23946 -0.97091
vn 0.78098 -0.23950 0.57681
vn 0.04079 -0.43225 0.90083
vn -0.00000 -0.44799 -0.89404
vn 0.05456 -0.59533 0.80163
vn 0.04664 -0.68857 0.72367
vn 0.00000 -0.68781 -0.72589
vn -0.00000 -0.59157 -0.80625
vn 0.03879 -0.75848 0.65054
vn 0.03050 -0.82842 0.55927
vn 0.00001 -0.83084 -0.55651
vn 0.00000 -0.76237 -0.64714
vn 0.02256 -0.86250 0.50556
vn 0.01574 -0.89084 0.45404
vn 0.00001 -0.92257 0.38583
vn 0.00000 -0.93291 0.36011
vn 0.00000 -0.93295 -0.36001
vn 0.00000 -0.92031 -0.39118
vn 0.00001 -0.88994 -0.45608
vn 0.00001 -0.86515 -0.50151
vn 0.06319 -0.93425 0.35098
vn -0.00000 -0.94240 0.33450
vn -0.00001 -0.96692 0.25508
vn -0.00001 -0.98492 0.17301
vn -0.00001 -0.99621 0.08697
vn -0.00000 -1.00000 -0.00000
vn -0.00000 -0.99621 -0.08697
vn 0.00000 -0.98492 -0.17300
vn 0.00000 -0.96693 -0.25506
vn 0.00000 -0.94477 -0.32774
vn 0.00000 0.84409 0.53621
vn 0.00000 0.92175 0.38777
vn 0.00000 0.98237 0.18695
vn 0.00000 0.99904 0.04389
vn 0.00000 0.99992 -0.01265
vn 0.00000 0.99984 -0.01766
vn 0.00000 0.99990 -0.01397
vn 0.00000 0.99997 -0.00725
vn 0.00000 1.00000 -0.00000
vn 0.00000 0.99997 0.00725
vn 0.00000 0.99990 0.01397
vn 0.00000 0.99984 0.01766
vn 0.00000 0.99992 0.01265
vn 0.00000 0.99904 -0.04389
vn 0.00000 0.98237 -0.18695
vn 0.00000 0.92175 -0.38777
vn 0.00000 0.84409 -0.53621
vn 0.00000 0.62560 0.78015
vn 0.00000 0.75323 0.65776
vn 0.00000 0.75323 -0.65776
vn 0.00000 0.62560 -0.78015
vn 0.00000 0.43868 0.89864
vn 0.00000 0.43868 -0.89864
vn 0.00000 0.28310 0.95909
vn 0.00000 0.34846 0.93732
vn 0.00000 0.34846 -0.93732
vn 0.00000 0.28310 -0.95909
vn 0.00000 0.18288 0.98314
vn 0.00000 0.18288 -0.98314
vn 0.00000 0.09611 0.99537
vn 0.00000 0.09611 -0.99537
vn 0.00000 0.05744 0.99835
vn 0.00000 0.05744 -0.99835
vn 0.00000 -0.02854 0.99959
vn 0.00000 -0.02854 -0.99959
vn 0.00000 -0.09446 0.99553
vn 0.00000 -0.09446 -0.99553
vn 0.00000 -0.12788 0.99179
vn 0.00000 -0.12788 -0.99179
vn 0.00000 -0.17724 0.98417
vn 0.00000 -0.17724 -0.98417
vn 0.00000 -0.23950 0.97090
vn 0.00000 -0.30444 0.95253
vn 0.00000 -0.30444 -0.95253
vn 0.00000 -0.23950 -0.97090
vn 0.00000 -0.44797 0.89405
vn 0.00000 -0.44797 -0.89405
vn 0.00000 -0.59158 0.80625
vn 0.00000 -0.68783 0.72587
vn 0.00000 -0.68783 -0.72587
vn 0.00000 -0.59158 -0.80625
vn 0.00000 -0.76237 0.64714
vn 0.00000 -0.83087 0.55647
vn 0.00000 -0.83087 -0.55647
vn 0.00000 -0.76237 -0.64714
vn 0.00000 -0.86517 0.50148
vn 0.00000 -0.88993 0.45610
vn 0.00000 -0.92031 0.39119
vn 0.00000 -0.93296 0.35999
vn 0.00000 -0.93296 -0.35999
vn 0.00000 -0.92031 -0.39119
vn 0.00000 -0.88993 -0.45610
vn 0.00000 -0.86517 -0.50148
vn 0.00000 -0.94478 0.32772
vn 0.00000 -0.96693 0.25506
vn 0.00000 -0.98492 0.17300
vn 0.00000 -0.99621 0.08697
vn 0.00000 -1.00000 -0.00000
vn 0.00000 -0.99621 -0.08697
vn 0.00000 -0.98492 -0.17300
vn 0.00000 -0.96693 -0.25506
vn 0.00000 -0.94478 -0.32772
vn 0.00000 0.84409 0.53621
vn 0.00000 0.92175 0.38777
vn 0.00000 0.98237 0.18695
vn 0.00000 0.99904 0.04389
vn 0.00000 0.99992 -0.01265
vn 0.00000 0.99984 -0.01766
vn 0.00000 0.99990 -0.01397
vn 0.00000 0.99997 -0.00725
vn 0.00000 1.00000 -0.00000
vn 0.00000 0.99997 0.00725
vn 0.00000 0.99990 0.01397
vn 0.00000 0.99984 0.01766
vn 0.00000 0.99992 0.01265
vn 0.00000 0.99904 -0.04389
vn 0.00000 0.98237 -0.18695
vn 0.00000 0.92175 -0.38777
vn 0.00000 0.84409 -0.53621
vn 0.00000 0.62560 0.78015
vn 0.00000 0.75323 0.65776
vn 0.00000 0.75323 -0.65776
vn 0.00000 0.62560 -0.78015
vn 0.00000 0.43868 0.89864
vn 0.00000 0.43868 -0.89864
vn 0.00000 0.28310 0.95909
vn 0.00000 0.34846 0.93732
vn 0.00000 0.34846 -0.93732
vn 0.00000 0.28310 -0.95909
vn 0.00000 0.18288 0.98314
vn 0.00000 0.18288 -0.98314
vn 0.00000 0.09611 0.99537
vn 0.00000 0.09611 -0.99537
vn 0.00000 0.05744 0.99835
vn 0.00000 0.05744 -0.99835
vn 0.00000 -0.02854 0.99959
vn 0.00000 -0.02854 -0.99959
vn 0.00000 -0.09446 0.99553
vn 0.00000 -0.09446 -0.99553
vn 0.00000 -0.12788 0.99179
vn 0.00000 -0.12788 -0.99179
vn 0.00000 -0.17724 0.98417
vn 0.00000 -0.17724 -0.98417
vn 0.00000 -0.23950 0.97090
vn 0.00000 -0.30444 0.95253
vn 0.00000 -0.30444 -0.95253
vn 0.00000 -0.23950 -0.97090
vn 0.00000 -0.44797 0.89405
vn 0.00000 -0.44797 -0.89405
vn 0.00000 -0.59158 0.80625
vn 0.00000 -0.68783 0.72587
vn 0.00000 -0.68783 -0.72587
vn 0.00000 -0.59158 -0.80625
vn 0.00000 -0.76237 0.64714
vn 0.00000 -0.83087 0.55647
vn 0.00000 -0.83087 -0.55647
vn 0.00000 -0.76237 -0.64714
vn 0.00000 -0.86517 0.50148
vn 0.00000 -0.88993 0.45610
vn 0.00000 -0.92031 0.39119
vn 0.00000 -0.93296 0.35999
vn 0.00000 -0.93296 -0.35999
vn 0.00000 -0.92031 -0.39119
vn 0.00000 -0.88993 -0.45610
vn 0.00000 -0.86517 -0.50148
vn 0.00000 -0.94478 0.32772
vn 0.00000 -0.96693 0.25506
vn 0.00000 -0.98492 0.17300
vn 0.00000 -0.99621 0.08697
vn 0.00000 -1.00000 -0.00000
vn 0.00000 -0.99621 -0.08697
vn 0.00000 -0.98492 -0.17300
vn 0.00000 -0.96693 -0.25506
vn 0.00000 -0.94478 -0.32772
usemtl CaveRock
f 181/181/181 182/182/182 185/185/185
f 192/192/192 193/193/193 196/196/196
f 209/209/209 210/210/210 222/222/222
f 253/253/253 254/254/254 258/258/258
f 257/257/257 258/258/258 262/262/262
f 258/258/258 259/259/259 263/263/263
f 262/262/262 263/263/263 267/267/267
f 269/269/269 270/270/270 274/274/274
f 272/272/272 273/273/273 277/277/277
f 276/276/276 277/277/277 281/281/281
f 280/280/280 281/281/281 286/286/286
f 286/286/286 287/287/287 292/292/292
f 289/289/289 290/290/290 297/297/297
f 295/295/295 296/296/296 303/303/303
f 296/296/296 297/297/297 304/304/304
f 297/297/297 298/298/298 305/305/305
f 301/301/301 302/302/302 313/313/313
f 302/302/302 303/303/303 314/314/314
f 310/310/310 311/311/311 325/325/325
f 350/350/350 351/351/351 355/355/355
f 362/362/362 363/363/363 366/366/366
f 365/365/365 366/366/366 369/369/369
f 368/368/368 369/369/369 372/372/372
f 374/374/374 375/375/375 378/378/378
f 384/384/384 385/385/385 389/389/389
f 392/392/392 393/393/393 403/403/403
f 399/399/399 400/400/400 415/415/415
f 462/462/462 463/463/463 467/467/467
f 465/465/465 464/464/464 468/468/468
f 466/466/466 467/467/467 471/471/471
f 484/484/484 485/485/485 500/500/500
f 495/495/495 496/496/496 504/504/504
f 538/538/538 537/537/537 540/540/540
f 553/553/553 552/552/552 555/555/555
f 559/559/559 558/558/558 562/562/562
f 560/560/560 561/561/561 567/567/567
f 564/564/564 563/563/563 568/568/568
f 565/565/565 566/566/566 573/573/573
f 570/570/570 569/569/569 574/574/574
f 578/578/578 579/579/579 592/592/592
f 587/587/587 588/588/588 597/597/597
f 639/639/639 638/638/638 641/641/641
f 642/642/642 641/641/641 644/644/644
f 648/648/648 647/647/647 650/650/650
f 659/659/659 660/660/660 667/667/667
f 674/674/674 675/675/675 685/685/685
f 712/712/712 711/711/711 714/714/714
f 731/731/731 730/730/730 733/733/733
f 749/749/749 748/748/748 754/754/754
f 750/750/750 749/749/749 755/755/755
f 751/751/751 752/752/752 763/763/763
f 759/759/759 760/760/760 771/771/771
f 785/785/785 784/784/784 793/793/793
f 788/788/788 787/787/787 796/796/796
f 789/789/789 788/788/788 797/797/797
f 825/825/825 824/824/824 827/827/827
f 833/833/833 834/834/834 842/842/842
f 840/840/840 841/841/841 850/850/850
f 846/846/846 847/847/847 859/859/859
f 861/861/861 860/860/860 876/876/876
f 866/866/866 865/865/865 881/881/881
f 871/871/871 870/870/870 886/886/886
f 873/873/873 872/872/872 889/889/889
f 877/877/877 876/876/876 898/898/898
f 877/877/877 878/878/878 900/900/900
f 896/896/896 895/895/895 902/902/902
f 911/911/911 912/912/912 915/915/915
f 937/937/937 938/938/938 945/945/945
f 939/939/939 940/940/940 947/947/947
f 946/946/946 947/947/947 956/956/956
f 949/949/949 950/950/950 959/959/959
f 962/962/962 963/963/963 970/970/970
f 971/971/971 972/972/972 994/994/994
f 988/988/988 987/987/987 995/995/995
f 989/989/989 990/990/990 998/998/998
f 997/997/997 998/998/998 1003/1003/1003
f 1001/1001/1001 1002/1002/1002 1006/1006/1006
f 1005/1005/1005 1006/1006/1006 1009/1009/1009
f 1032/1032/1032 1033/1033/1033 1037/1037/1037
f 1056/1056/1056 1057/1057/1057 1065/1065/1065
f 1066/1066/1066 1067/1067/1067 1088/1088/1088
f 1091/1091/1091 1092/1092/1092 1097/1097/1097
f 1095/1095/1095 1096/1096/1096 1100/1100/1100
f 1105/1105/1105 1106/1106/1106 1109/1109/1109
f 1148/1148/1148 1149/1149/1149 1157/1157/1157
f 1158/1158/1158 1159/1159/1159 1181/1181/1181
f 1177/1177/1177 1178/1178/1178 1186/1186/1186
f 1184/1184/1184 1185/1185/1185 1191/1191/1191
f 1189/1189/1189 1190/1190/1190 1194/1194/1194
f 1193/1193/1193 1194/1194/1194 1197/1197/1197
f 1242/1242/1242 1243/1243/1243 1250/1250/1250
f 1257/1257/1257 1258/1258/1258 1281/1281/1281
f 1276/1276/1276 1275/1275/1275 1282/1282/1282
f 1277/1277/1277 1278/1278/1278 1287/1287/1287
f 1285/1285/1285 1286/1286/1286 1292/1292/1292
f 1290/1290/1290 1291/1291/1291 1295/1295/1295
f 1297/1297/1297 1298/1298/1298 1301/1301/1301
f 1300/1300/1300 1301/1301/1301 1304/1304/1304
f 1312/1312/1312 1313/1313/1313 1317/1317/1317
f 1360/1360/1360 1361/1361/1361 1383/1383/1383
f 1406/1406/1406 1405/1405/1405 1409/1409/1409
f 1407/1407/1407 1408/1408/1408 1412/1412/1412
f 1410/1410/1410 1409/1409/1409 1413/1413/1413
f 1414/1414/1414 1413/1413/1413 1419/1419/1419
f 1426/1426/1426 1425/1425/1425 1434/1434/1434
f 1427/1427/1427 1426/1426/1426 1435/1435/1435
f 1433/1433/1433 1432/1432/1432 1440/1440/1440
f 1436/1436/1436 1435/1435/1435 1444/1444/1444
f 1437/1437/1437 1436/1436/1436 1445/1445/1445
f 1442/1442/1442 1441/1441/1441 1448/1448/1448
f 1443/1443/1443 1442/1442/1442 1449/1449/1449
f 1451/1451/1451 1450/1450/1450 1456/1456/1456
f 1472/1472/1472 1473/1473/1473 1496/1496/1496
f 1492/1492/1492 1491/1491/1491 1497/1497/1497
f 1493/1493/1493 1494/1494/1494 1503/1503/1503
f 1501/1501/1501 1502/1502/1502 1507/1507/1507
f 1525/1525/1525 1524/1524/1524 1527/1527/1527
f 1547/1547/1547 1546/1546/1546 1558/1558/1558
f 1548/1548/1548 1547/1547/1547 1559/1559/1559
f 1549/1549/1549 1548/1548/1548 1560/1560/1560
f 1561/1561/1561 1560/1560/1560 1568/1568/1568
f 1570/1570/1570 1569/1569/1569 1577/1577/1577
f 1571/1571/1571 1570/1570/1570 1578/1578/1578
f 1580/1580/1580 1579/1579/1579 1589/1589/1589
f 1583/1583/1583 1582/1582/1582 1592/1592/1592
f 1598/1598/1598 1599/1599/1599 1621/1621/1621
f 1618/1618/1618 1617/1617/1617 1622/1622/1622
f 1626/1626/1626 1625/1625/1625 1629/1629/1629
f 1631/1631/1631 1630/1630/1630 1633/1633/1633
f 1677/1677/1677 1678/1678/1678 1689/1689/1689
f 1680/1680/1680 1679/1679/1679 1690/1690/1690
f 1687/1687/1687 1686/1686/1686 1698/1698/1698
f 1692/1692/1692 1691/1691/1691 1703/1703/1703
f 1693/1693/1693 1692/1692/1692 1704/1704/1704
f 1699/1699/1699 1698/1698/1698 1708/1708/1708
f 1701/1701/1701 1700/1700/1700 1710/1710/1710
f 1702/1702/1702 1701/1701/1701 1711/1711/1711
f 1713/1713/1713 1712/1712/1712 1716/1716/1716
f 1737/1737/1737 1736/1736/1736 1741/1741/1741
f 1738/1738/1738 1739/1739/1739 1747/1747/1747
f 1745/1745/1745 1744/1744/1744 1748/1748/1748
f 1750/1750/1750 1749/1749/1749 1752/1752/1752
f 1756/1756/1756 1755/1755/1755 1758/1758/1758
f 1774/1774/1774 1773/1773/1773 1777/1777/1777
f 1795/1795/1795 1794/1794/1794 1804/1804/1804
f 1796/1796/1796 1795/1795/1795 1805/1805/1805
f 1799/1799/1799 1798/1798/1798 1809/1809/1809
f 1801/1801/1801 1800/1800/1800 1811/1811/1811
f 1801/1801/1801 1802/1802/1802 1813/1813/1813
f 1814/1814/1814 1815/1815/1815 1836/1836/1836
f 1833/1833/1833 1832/1832/1832 1837/1837/1837
f 1841/1841/1841 1840/1840/1840 1843/1843/1843
f 1845/1845/1845 1844/1844/1844 1847/1847/1847
f 1854/1854/1854 1853/1853/1853 1856/1856/1856
f 1876/1876/1876 1875/1875/1875 1880/1880/1880
f 1922/1922/1922 1921/1921/1921 1925/1925/1925
f 1932/1932/1932 1931/1931/1931 1934/1934/1934
f 1935/1935/1935 1934/1934/1934 1937/1937/1937
f 1938/1938/1938 1937/1937/1937 1940/1940/1940
f 1941/1941/1941 1940/1940/1940 1943/1943/1943
f 1963/1963/1963 1962/1962/1962 1967/1967/1967
f 1971/1971/1971 1972/1972/1972 1986/1986/1986
f 1976/1976/1976 1977/1977/1977 1991/1991/1991
f 1978/1978/1978 1979/1979/1979 1994/1994/1994
f 1988/1988/1988 1989/1989/1989 1999/1999/1999
f 1989/1989/1989 1990/1990/1990 2000/2000/2000
f 1992/1992/1992 1993/1993/1993 2003/2003/2003
f 1993/1993/1993 1994/1994/1994 2004/2004/2004
f 2005/2005/2005 2006/2006/2006 2014/2014/2014
f 2007/2007/2007 2008/2008/2008 2016/2016/2016
f 2027/2027/2027 2026/2026/2026 2030/2030/2030
f 2034/2034/2034 2033/2033/2033 2037/2037/2037
f 2035/2035/2035 2034/2034/2034 2038/2038/2038
f 2039/2039/2039 2038/2038/2038 2041/2041/2041
f 2048/2048/2048 2047/2047/2047 2050/2050/2050
f 2081/2081/2081 2082/2082/2082 2092/2092/2092
f 2088/2088/2088 2089/2089/2089 2101/2101/2101
f 2090/2090/2090 2091/2091/2091 2105/2105/2105
f 2099/2099/2099 2100/2100/2100 2108/2108/2108
f 2109/2109/2109 2110/2110/2110 2130/2130/2130
f 2115/2115/2115 2116/2116/2116 2135/2135/2135
f 2116/2116/2116 2117/2117/2117 2136/2136/2136
f 2117/2117/2117 2118/2118/2118 2137/2137/2137
f 2119/2119/2119 2120/2120/2120 2139/2139/2139
f 2123/2123/2123 2124/2124/2124 2143/2143/2143
f 2124/2124/2124 2125/2125/2125 2144/2144/2144
f 2143/2143/2143 2142/2142/2142 2149/2149/2149
f 2143/2143/2143 2144/2144/2144 2151/2151/2151
f 2145/2145/2145 2146/2146/2146 2153/2153/2153
f 2152/2152/2152 2153/2153/2153 2157/2157/2157
f 2153/2153/2153 2154/2154/2154 2158/2158/2158
f 2163/2163/2163 2164/2164/2164 2167/2167/2167
f 2166/2166/2166 2167/2167/2167 2170/2170/2170
f 2185/2185/2185 2186/2186/2186 2192/2192/2192
f 2186/2186/2186 2187/2187/2187 2193/2193/2193
f 2196/2196/2196 2195/2195/2195 2205/2205/2205
f 2204/2204/2204 2203/2203/2203 2218/2218/2218
f 2211/2211/2211 2212/2212/2212 2223/2223/2223
f 2212/2212/2212 2213/2213/2213 2224/2224/2224
f 2264/2264/2264 2265/2265/2265 2268/2268/2268
f 2267/2267/2267 2268/2268/2268 2271/2271/2271
f 2275/2275/2275 2276/2276/2276 2279/2279/2279
f 2281/2281/2281 2282/2282/2282 2288/2288/2288
f 2285/2285/2285 2286/2286/2286 2295/2295/2295
f 2286/2286/2286 2287/2287/2287 2296/2296/2296
f 2292/2292/2292 2293/2293/2293 2305/2305/2305
f 2301/2301/2301 2302/2302/2302 2313/2313/2313
f 2356/2356/2356 2357/2357/2357 2360/2360/2360
f 2364/2364/2364 2365/2365/2365 2369/2369/2369
f 2367/2367/2367 2366/2366/2366 2370/2370/2370
f 2372/2372/2372 2371/2371/2371 2375/2375/2375
f 2378/2378/2378 2379/2379/2379 2391/2391/2391
f 2386/2386/2386 2385/2385/2385 2392/2392/2392
f 2432/2432/2432 2433/2433/2433 2436/2436/2436
f 2441/2441/2441 2442/2442/2442 2445/2445/2445
f 2444/2444/2444 2445/2445/2445 2448/2448/2448
f 2450/2450/2450 2451/2451/2451 2454/2454/2454
f 2453/2453/2453 2454/2454/2454 2457/2457/2457
f 2460/2460/2460 2461/2461/2461 2466/2466/2466
f 2469/2469/2469 2468/2468/2468 2473/2473/2473
f 2478/2478/2478 2477/2477/2477 2488/2488/2488
f 2482/2482/2482 2481/2481/2481 2492/2492/2492
f 2538/2538/2538 2539/2539/2539 2542/2542/2542
f 2546/2546/2546 2545/2545/2545 2549/2549/2549
f 2547/2547/2547 2548/2548/2548 2552/2552/2552
f 2555/2555/2555 2554/2554/2554 2559/2559/2559
f 2556/2556/2556 2557/2557/2557 2566/2566/2566
f 2562/2562/2562 2561/2561/2561 2567/2567/2567
f 2563/2563/2563 2564/2564/2564 2581/2581/2581
f 2628/2628/2628 2629/2629/2629 2633/2633/2633
f 2631/2631/2631 2630/2630/2630 2634/2634/2634
f 2632/2632/2632 2633/2633/2633 2637/2637/2637
f 2639/2639/2639 2638/2638/2638 2642/2642/2642
f 2650/2650/2650 2649/2649/2649 2654/2654/2654
f 2695/2695/2695 2694/2694/2694 2697/2697/2697
f 2703/2703/2703 2702/2702/2702 2705/2705/2705
f 2706/2706/2706 2705/2705/2705 2708/2708/2708
f 2718/2718/2718 2717/2717/2717 2720/2720/2720
f 2725/2725/2725 2724/2724/2724 2728/2728/2728
f 2730/2730/2730 2729/2729/2729 2733/2733/2733
f 2735/2735/2735 2734/2734/2734 2738/2738/2738
f 2742/2742/2742 2741/2741/2741 2746/2746/2746
f 2789/2789/2789 2788/2788/2788 2793/2793/2793
f 2790/2790/2790 2789/2789/2789 2794/2794/2794
f 2794/2794/2794 2793/2793/2793 2797/2797/2797
f 2798/2798/2798 2797/2797/2797 2801/2801/2801
f 2806/2806/2806 2805/2805/2805 2808/2808/2808
f 2810/2810/2810 2809/2809/2809 2813/2813/2813
f 2814/2814/2814 2813/2813/2813 2817/2817/2817
f 2818/2818/2818 2817/2817/2817 2821/2821/2821
f 2821/2821/2821 2820/2820/2820 2825/2825/2825
f 2827/2827/2827 2826/2826/2826 2830/2830/2830
f 2828/2828/2828 2827/2827/2827 2831/2831/2831
f 2832/2832/2832 2831/2831/2831 2836/2836/2836
f 2833/2833/2833 2832/2832/2832 2837/2837/2837
f 2838/2838/2838 2837/2837/2837 2842/2842/2842
f 2839/2839/2839 2838/2838/2838 2843/2843/2843
f 2846/2846/2846 2845/2845/2845 2851/2851/2851
f 2899/2899/2899 2898/2898/2898 2901/2901/2901
f 2909/2909/2909 2908/2908/2908 2912/2912/2912
f 2926/2926/2926 2925/2925/2925 2931/2931/2931
f 2/2/2 1/1/1 73/73/73
f 3/3/3 2/2/2 74/74/74
f 4/4/4 3/3/3 75/75/75
f 5/5/5 4/4/4 76/76/76
f 6/6/6 5/5/5 77/77/77
f 7/7/7 6/6/6 78/78/78
f 8/8/8 7/7/7 79/79/79
f 9/9/9 8/8/8 80/80/80
f 10/10/10 9/9/9 81/81/81
f 11/11/11 10/10/10 82/82/82
f 12/12/12 11/11/11 83/83/83
f 13/13/13 12/12/12 84/84/84
f 14/14/14 13/13/13 85/85/85
f 15/15/15 14/14/14 86/86/86
f 16/16/16 15/15/15 87/87/87
f 17/17/17 16/16/16 88/88/88
f 19/19/19 18/18/18 90/90/90
f 21/21/21 20/20/20 92/92/92
f 25/25/25 24/24/24 96/96/96
f 27/27/27 26/26/26 98/98/98
f 42/42/42 43/43/43 115/115/115
f 44/44/44 45/45/45 117/117/117
f 48/48/48 49/49/49 121/121/121
f 50/50/50 51/51/51 123/123/123
f 52/52/52 53/53/53 125/125/125
f 54/54/54 55/55/55 127/127/127
f 56/56/56 57/57/57 129/129/129
f 57/57/57 58/58/58 130/130/130
f 58/58/58 59/59/59 131/131/131
f 60/60/60 61/61/61 133/133/133
f 61/61/61 62/62/62 134/134/134
f 62/62/62 63/63/63 135/135/135
f 64/64/64 65/65/65 137/137/137
f 65/65/65 66/66/66 138/138/138
f 66/66/66 67/67/67 139/139/139
f 67/67/67 68/68/68 140/140/140
f 68/68/68 69/69/69 141/141/141
f 69/69/69 70/70/70 142/142/142
f 70/70/70 71/71/71 143/143/143
f 71/71/71 72/72/72 144/144/144
f 75/75/75 74/74/74 146/146/146
f 76/76/76 75/75/75 147/147/147
f 77/77/77 76/76/76 148/148/148
f 82/82/82 81/81/81 153/153/153
f 83/83/83 82/82/82 154/154/154
f 84/84/84 83/83/83 155/155/155
f 86/86/86 85/85/85 157/157/157
f 87/87/87 86/86/86 158/158/158
f 89/89/89 88/88/88 160/160/160
f 91/91/91 90/90/90 162/162/162
f 97/97/97 96/96/96 169/169/169
f 99/99/99 98/98/98 171/171/171
f 114/114/114 115/115/115 191/191/191
f 120/120/120 121/121/121 198/198/198
f 122/122/122 123/123/123 200/200/200
f 129/129/129 130/130/130 207/207/207
f 133/133/133 134/134/134 211/211/211
f 140/140/140 141/141/141 218/218/218
f 141/141/141 142/142/142 219/219/219
f 142/142/142 143/143/143 220/220/220
f 146/146/146 145/145/145 223/223/223
f 147/147/147 146/146/146 224/224/224
f 148/148/148 147/147/147 225/225/225
f 149/149/149 148/148/148 226/226/226
f 157/157/157 156/156/156 234/234/234
f 158/158/158 157/157/157 235/235/235
f 159/159/159 158/158/158 236/236/236
f 161/161/161 160/160/160 238/238/238
f 163/163/163 162/162/162 241/241/241
f 165/165/165 164/164/164 243/243/243
f 168/168/168 167/167/167 248/248/248
f 170/170/170 169/169/169 251/251/251
f 179/179/179 178/178/178 265/265/265
f 190/190/190 191/191/191 284/284/284
f 205/205/205 206/206/206 307/307/307
f 206/206/206 207/207/207 308/308/308
f 217/217/217 218/218/218 320/320/320
f 218/218/218 219/219/219 321/321/321
f 219/219/219 220/220/220 322/322/322
f 220/220/220 221/221/221 323/323/323
f 225/225/225 224/224/224 327/327/327
f 227/227/227 226/226/226 329/329/329
f 228/228/228 227/227/227 330/330/330
f 233/233/233 232/232/232 335/335/335
f 234/234/234 233/233/233 336/336/336
f 235/235/235 234/234/234 337/337/337
f 236/236/236 235/235/235 338/338/338
f 237/237/237 236/236/236 339/339/339
f 240/240/240 239/239/239 342/342/342
f 245/245/245 244/244/244 347/347/347
f 255/255/255 254/254/254 356/356/356
f 283/283/283 284/284/284 380/380/380
f 299/299/299 300/300/300 391/391/391
f 304/304/304 305/305/305 394/394/394
f 306/306/306 307/307/307 396/396/396
f 316/316/316 317/317/317 406/406/406
f 319/319/319 320/320/320 409/409/409
f 320/320/320 321/321/321 410/410/410
f 321/321/321 322/322/322 411/411/411
f 322/322/322 323/323/323 412/412/412
f 323/323/323 324/324/324 413/413/413
f 331/331/331 330/330/330 420/420/420
f 332/332/332 331/331/331 421/421/421
f 333/333/333 332/332/332 422/422/422
f 334/334/334 333/333/333 423/423/423
f 335/335/335 334/334/334 424/424/424
f 336/336/336 335/335/335 425/425/425
f 337/337/337 336/336/336 426/426/426
f 338/338/338 337/337/337 427/427/427
f 339/339/339 338/338/338 428/428/428
f 340/340/340 339/339/339 429/429/429
f 341/341/341 340/340/340 430/430/430
f 344/344/344 343/343/343 433/433/433
f 349/349/349 348/348/348 437/437/437
f 351/351/351 350/350/350 440/440/440
f 353/353/353 352/352/352 442/442/442
f 360/360/360 359/359/359 449/449/449
f 386/386/386 387/387/387 473/473/473
f 390/390/390 391/391/391 477/477/477
f 395/395/395 396/396/396 481/481/481
f 396/396/396 397/397/397 482/482/482
f 401/401/401 402/402/402 486/486/486
f 405/405/405 406/406/406 490/490/490
f 406/406/406 407/407/407 491/491/491
f 407/407/407 408/408/408 492/492/492
f 408/408/408 409/409/409 493/493/493
f 409/409/409 410/410/410 494/494/494
f 412/412/412 413/413/413 497/497/497
f 413/413/413 414/414/414 498/498/498
f 417/417/417 416/416/416 505/505/505
f 421/421/421 420/420/420 509/509/509
f 422/422/422 421/421/421 510/510/510
f 423/423/423 422/422/422 511/511/511
f 424/424/424 423/423/423 512/512/512
f 425/425/425 424/424/424 513/513/513
f 426/426/426 425/425/425 514/514/514
f 427/427/427 426/426/426 515/515/515
f 428/428/428 427/427/427 516/516/516
f 429/429/429 428/428/428 517/517/517
f 430/430/430 429/429/429 518/518/518
f 431/431/431 430/430/430 519/519/519
f 432/432/432 431/431/431 520/520/520
f 433/433/433 432/432/432 521/521/521
f 434/434/434 433/433/433 522/522/522
f 436/436/436 435/435/435 524/524/524
f 438/438/438 437/437/437 527/527/527
f 439/439/439 438/438/438 528/528/528
f 445/445/445 444/444/444 533/533/533
f 447/447/447 446/446/446 535/535/535
f 481/481/481 482/482/482 576/576/576
f 486/486/486 487/487/487 580/580/580
f 489/489/489 490/490/490 583/583/583
f 490/490/490 491/491/491 584/584/584
f 491/491/491 492/492/492 585/585/585
f 492/492/492 493/493/493 586/586/586
f 498/498/498 499/499/499 590/590/590
f 501/501/501 502/502/502 594/594/594
f 507/507/507 506/506/506 598/598/598
f 511/511/511 510/510/510 602/602/602
f 512/512/512 511/511/511 603/603/603
f 513/513/513 512/512/512 604/604/604
f 514/514/514 513/513/513 605/605/605
f 515/515/515 514/514/514 606/606/606
f 516/516/516 515/515/515 607/607/607
f 517/517/517 516/516/516 608/608/608
f 518/518/518 517/517/517 609/609/609
f 519/519/519 518/518/518 610/610/610
f 520/520/520 519/519/519 611/611/611
f 521/521/521 520/520/520 612/612/612
f 522/522/522 521/521/521 613/613/613
f 523/523/523 522/522/522 614/614/614
f 526/526/526 525/525/525 616/616/616
f 531/531/531 530/530/530 621/621/621
f 536/536/536 535/535/535 626/626/626
f 544/544/544 543/543/543 632/632/632
f 582/582/582 583/583/583 670/670/670
f 583/583/583 584/584/584 671/671/671
f 585/585/585 586/586/586 673/673/673
f 590/590/590 591/591/591 677/677/677
f 593/593/593 594/594/594 681/681/681
f 594/594/594 595/595/595 682/682/682
f 595/595/595 596/596/596 683/683/683
f 599/599/599 598/598/598 686/686/686
f 604/604/604 603/603/603 691/691/691
f 605/605/605 604/604/604 692/692/692
f 606/606/606 605/605/605 693/693/693
f 607/607/607 606/606/606 694/694/694
f 608/608/608 607/607/607 695/695/695
f 609/609/609 608/608/608 696/696/696
f 610/610/610 609/609/609 697/697/697
f 611/611/611 610/610/610 698/698/698
f 612/612/612 611/611/611 699/699/699
f 613/613/613 612/612/612 700/700/700
f 614/614/614 613/613/613 701/701/701
f 617/617/617 616/616/616 704/704/704
f 620/620/620 619/619/619 707/707/707
f 624/624/624 623/623/623 711/711/711
f 636/636/636 635/635/635 722/722/722
f 653/653/653 654/654/654 739/739/739
f 655/655/655 656/656/656 741/741/741
f 670/670/670 671/671/671 757/757/757
f 671/671/671 672/672/672 758/758/758
f 679/679/679 680/680/680 765/765/765
f 683/683/683 684/684/684 769/769/769
f 687/687/687 686/686/686 772/772/772
f 692/692/692 691/691/691 777/777/777
f 693/693/693 692/692/692 778/778/778
f 694/694/694 693/693/693 779/779/779
f 695/695/695 694/694/694 780/780/780
f 696/696/696 695/695/695 781/781/781
f 697/697/697 696/696/696 782/782/782
f 698/698/698 697/697/697 783/783/783
f 700/700/700 699/699/699 785/785/785
f 705/705/705 704/704/704 790/790/790
f 708/708/708 707/707/707 799/799/799
f 740/740/740 741/741/741 830/830/830
f 746/746/746 747/747/747 836/836/836
f 747/747/747 748/748/748 837/837/837
f 757/757/757 758/758/758 845/845/845
f 761/761/761 762/762/762 848/848/848
f 768/768/768 769/769/769 856/856/856
f 769/769/769 770/770/770 857/857/857
f 774/774/774 773/773/773 860/860/860
f 779/779/779 778/778/778 865/865/865
f 780/780/780 779/779/779 866/866/866
f 781/781/781 780/780/780 867/867/867
f 792/792/792 791/791/791 875/875/875
f 795/795/795 794/794/794 888/888/888
f 799/799/799 798/798/798 892/892/892
f 800/800/800 799/799/799 893/893/893
f 802/802/802 801/801/801 895/895/895
f 806/806/806 805/805/805 904/904/904
f 829/829/829 830/830/830 932/932/932
f 835/835/835 836/836/836 938/938/938
f 838/838/838 839/839/839 941/941/941
f 843/843/843 844/844/844 949/949/949
f 844/844/844 845/845/845 950/950/950
f 848/848/848 849/849/849 953/953/953
f 851/851/851 852/852/852 960/960/960
f 853/853/853 854/854/854 962/962/962
f 856/856/856 857/857/857 965/965/965
f 857/857/857 858/858/858 966/966/966
f 888/888/888 887/887/887 981/981/981
f 890/890/890 889/889/889 983/983/983
f 891/891/891 890/890/890 984/984/984
f 892/892/892 891/891/891 985/985/985
f 893/893/893 892/892/892 986/986/986
f 897/897/897 896/896/896 990/990/990
f 899/899/899 898/898/898 992/992/992
f 905/905/905 904/904/904 999/999/999
f 917/917/917 918/918/918 1014/1014/1014
f 922/922/922 923/923/923 1021/1021/1021
f 927/927/927 928/928/928 1028/1028/1028
f 936/936/936 937/937/937 1039/1039/1039
f 942/942/942 943/943/943 1041/1041/1041
f 944/944/944 945/945/945 1043/1043/1043
f 945/945/945 946/946/946 1044/1044/1044
f 952/952/952 953/953/953 1047/1047/1047
f 955/955/955 956/956/956 1050/1050/1050
f 958/958/958 959/959/959 1053/1053/1053
f 960/960/960 961/961/961 1055/1055/1055
f 965/965/965 966/966/966 1059/1059/1059
f 966/966/966 967/967/967 1060/1060/1060
f 968/968/968 969/969/969 1063/1063/1063
f 974/974/974 973/973/973 1069/1069/1069
f 983/983/983 982/982/982 1078/1078/1078
f 986/986/986 985/985/985 1081/1081/1081
f 991/991/991 990/990/990 1085/1085/1085
f 992/992/992 991/991/991 1086/1086/1086
f 1000/1000/1000 999/999/999 1093/1093/1093
f 1019/1019/1019 1020/1020/1020 1115/1115/1115
f 1026/1026/1026 1027/1027/1027 1121/1121/1121
f 1034/1034/1034 1035/1035/1035 1127/1127/1127
f 1038/1038/1038 1039/1039/1039 1131/1131/1131
f 1040/1040/1040 1041/1041/1041 1133/1133/1133
f 1042/1042/1042 1043/1043/1043 1135/1135/1135
f 1043/1043/1043 1044/1044/1044 1136/1136/1136
f 1045/1045/1045 1046/1046/1046 1138/1138/1138
f 1049/1049/1049 1050/1050/1050 1143/1143/1143
f 1053/1053/1053 1054/1054/1054 1147/1147/1147
f 1059/1059/1059 1060/1060/1060 1151/1151/1151
f 1061/1061/1061 1062/1062/1062 1153/1153/1153
f 1062/1062/1062 1063/1063/1063 1154/1154/1154
f 1063/1063/1063 1064/1064/1064 1155/1155/1155
f 1069/1069/1069 1068/1068/1068 1161/1161/1161
f 1079/1079/1079 1078/1078/1078 1171/1171/1171
f 1081/1081/1081 1080/1080/1080 1173/1173/1173
f 1082/1082/1082 1081/1081/1081 1174/1174/1174
f 1086/1086/1086 1085/1085/1085 1179/1179/1179
f 1090/1090/1090 1089/1089/1089 1182/1182/1182
f 1094/1094/1094 1093/1093/1093 1187/1187/1187
f 1111/1111/1111 1112/1112/1112 1207/1207/1207
f 1117/1117/1117 1118/1118/1118 1215/1215/1215
f 1123/1123/1123 1124/1124/1124 1222/1222/1222
f 1128/1128/1128 1129/1129/1129 1227/1227/1227
f 1130/1130/1130 1131/1131/1131 1229/1229/1229
f 1132/1132/1132 1133/1133/1133 1231/1231/1231
f 1134/1134/1134 1135/1135/1135 1233/1233/1233
f 1139/1139/1139 1140/1140/1140 1237/1237/1237
f 1141/1141/1141 1142/1142/1142 1239/1239/1239
f 1144/1144/1144 1145/1145/1145 1242/1242/1242
f 1146/1146/1146 1147/1147/1147 1244/1244/1244
f 1150/1150/1150 1151/1151/1151 1247/1247/1247
f 1154/1154/1154 1155/1155/1155 1254/1254/1254
f 1155/1155/1155 1156/1156/1156 1255/1255/1255
f 1160/1160/1160 1159/1159/1159 1259/1259/1259
f 1161/1161/1161 1160/1160/1160 1260/1260/1260
f 1164/1164/1164 1163/1163/1163 1263/1263/1263
f 1174/1174/1174 1173/1173/1173 1273/1273/1273
f 1175/1175/1175 1174/1174/1174 1274/1274/1274
f 1179/1179/1179 1178/1178/1178 1279/1279/1279
f 1188/1188/1188 1187/1187/1187 1288/1288/1288
f 1209/1209/1209 1210/1210/1210 1310/1310/1310
f 1220/1220/1220 1221/1221/1221 1321/1321/1321
f 1221/1221/1221 1222/1222/1222 1322/1322/1322
f 1224/1224/1224 1225/1225/1225 1326/1326/1326
f 1228/1228/1228 1229/1229/1229 1331/1331/1331
f 1230/1230/1230 1231/1231/1231 1334/1334/1334
f 1232/1232/1232 1233/1233/1233 1337/1337/1337
f 1236/1236/1236 1237/1237/1237 1341/1341/1341
f 1240/1240/1240 1241/1241/1241 1345/1345/1345
f 1248/1248/1248 1249/1249/1249 1352/1352/1352
f 1251/1251/1251 1252/1252/1252 1355/1355/1355
f 1255/1255/1255 1256/1256/1256 1359/1359/1359
f 1259/1259/1259 1258/1258/1258 1362/1362/1362
f 1266/1266/1266 1265/1265/1265 1369/1369/1369
f 1267/1267/1267 1266/1266/1266 1370/1370/1370
f 1270/1270/1270 1269/1269/1269 1373/1373/1373
f 1274/1274/1274 1273/1273/1273 1377/1377/1377
f 1279/1279/1279 1278/1278/1278 1381/1381/1381
f 1284/1284/1284 1283/1283/1283 1385/1385/1385
f 1306/1306/1306 1307/1307/1307 1404/1404/1404
f 1316/1316/1316 1317/1317/1317 1417/1417/1417
f 1317/1317/1317 1318/1318/1318 1418/1418/1418
f 1320/1320/1320 1321/1321/1321 1424/1424/1424
f 1324/1324/1324 1325/1325/1325 1432/1432/1432
f 1327/1327/1327 1328/1328/1328 1439/1439/1439
f 1329/1329/1329 1330/1330/1330 1441/1441/1441
f 1332/1332/1332 1333/1333/1333 1446/1446/1446
f 1335/1335/1335 1336/1336/1336 1449/1449/1449
f 1339/1339/1339 1340/1340/1340 1455/1455/1455
f 1343/1343/1343 1344/1344/1344 1458/1458/1458
f 1344/1344/1344 1345/1345/1345 1459/1459/1459
f 1349/1349/1349 1350/1350/1350 1462/1462/1462
f 1358/1358/1358 1359/1359/1359 1471/1471/1471
f 1362/1362/1362 1361/1361/1361 1474/1474/1474
f 1363/1363/1363 1362/1362/1362 1475/1475/1475
f 1367/1367/1367 1366/1366/1366 1479/1479/1479
f 1368/1368/1368 1367/1367/1367 1480/1480/1480
f 1369/1369/1369 1368/1368/1368 1481/1481/1481
f 1372/1372/1372 1371/1371/1371 1484/1484/1484
f 1373/1373/1373 1372/1372/1372 1485/1485/1485
f 1374/1374/1374 1373/1373/1373 1486/1486/1486
f 1375/1375/1375 1374/1374/1374 1487/1487/1487
f 1377/1377/1377 1376/1376/1376 1489/1489/1489
f 1378/1378/1378 1377/1377/1377 1490/1490/1490
f 1386/1386/1386 1385/1385/1385 1499/1499/1499
f 1401/1401/1401 1402/1402/1402 1519/1519/1519
f 1415/1415/1415 1416/1416/1416 1530/1530/1530
f 1422/1422/1422 1423/1423/1423 1535/1535/1535
f 1428/1428/1428 1429/1429/1429 1541/1541/1541
f 1431/1431/1431 1432/1432/1432 1545/1545/1545
f 1436/1436/1436 1437/1437/1437 1557/1557/1557
f 1452/1452/1452 1453/1453/1453 1575/1575/1575
f 1453/1453/1453 1454/1454/1454 1576/1576/1576
f 1460/1460/1460 1461/1461/1461 1588/1588/1588
f 1468/1468/1468 1469/1469/1469 1595/1595/1595
f 1469/1469/1469 1470/1470/1470 1596/1596/1596
f 1470/1470/1470 1471/1471/1471 1597/1597/1597
f 1474/1474/1474 1473/1473/1473 1600/1600/1600
f 1475/1475/1475 1474/1474/1474 1601/1601/1601
f 1481/1481/1481 1480/1480/1480 1607/1607/1607
f 1482/1482/1482 1481/1481/1481 1608/1608/1608
f 1483/1483/1483 1482/1482/1482 1609/1609/1609
f 1484/1484/1484 1483/1483/1483 1610/1610/1610
f 1485/1485/1485 1484/1484/1484 1611/1611/1611
f 1486/1486/1486 1485/1485/1485 1612/1612/1612
f 1489/1489/1489 1488/1488/1488 1615/1615/1615
f 1490/1490/1490 1489/1489/1489 1616/1616/1616
f 1499/1499/1499 1498/1498/1498 1624/1624/1624
f 1512/1512/1512 1513/1513/1513 1640/1640/1640
f 1521/1521/1521 1522/1522/1522 1650/1650/1650
f 1533/1533/1533 1534/1534/1534 1662/1662/1662
f 1539/1539/1539 1540/1540/1540 1666/1666/1666
f 1542/1542/1542 1543/1543/1543 1668/1668/1668
f 1543/1543/1543 1544/1544/1544 1669/1669/1669
f 1544/1544/1544 1545/1545/1545 1670/1670/1670
f 1545/1545/1545 1546/1546/1546 1671/1671/1671
f 1547/1547/1547 1548/1548/1548 1673/1673/1673
f 1553/1553/1553 1554/1554/1554 1683/1683/1683
f 1562/1562/1562 1561/1561/1561 1684/1684/1684
f 1572/1572/1572 1573/1573/1573 1706/1706/1706
f 1573/1573/1573 1574/1574/1574 1707/1707/1707
f 1581/1581/1581 1582/1582/1582 1711/1711/1711
f 1584/1584/1584 1585/1585/1585 1714/1714/1714
f 1585/1585/1585 1586/1586/1586 1715/1715/1715
f 1600/1600/1600 1599/1599/1599 1719/1719/1719
f 1601/1601/1601 1600/1600/1600 1720/1720/1720
f 1602/1602/1602 1601/1601/1601 1721/1721/1721
f 1610/1610/1610 1609/1609/1609 1729/1729/1729
f 1611/1611/1611 1610/1610/1610 1730/1730/1730
f 1612/1612/1612 1611/1611/1611 1731/1731/1731
f 1613/1613/1613 1612/1612/1612 1732/1732/1732
f 1614/1614/1614 1613/1613/1613 1733/1733/1733
f 1615/1615/1615 1614/1614/1614 1734/1734/1734
f 1624/1624/1624 1623/1623/1623 1743/1743/1743
f 1642/1642/1642 1643/1643/1643 1762/1762/1762
f 1648/1648/1648 1649/1649/1649 1768/1768/1768
f 1657/1657/1657 1658/1658/1658 1776/1776/1776
f 1661/1661/1661 1662/1662/1662 1781/1781/1781
f 1664/1664/1664 1665/1665/1665 1784/1784/1784
f 1670/1670/1670 1671/1671/1671 1789/1789/1789
f 1671/1671/1671 1672/1672/1672 1790/1790/1790
f 1672/1672/1672 1673/1673/1673 1791/1791/1791
f 1673/1673/1673 1674/1674/1674 1792/1792/1792
f 1674/1674/1674 1675/1675/1675 1793/1793/1793
f 1681/1681/1681 1682/1682/1682 1802/1802/1802
f 1682/1682/1682 1683/1683/1683 1803/1803/1803
f 1686/1686/1686 1687/1687/1687 1805/1805/1805
f 1688/1688/1688 1689/1689/1689 1807/1807/1807
f 1720/1720/1720 1719/1719/1719 1816/1816/1816
f 1721/1721/1721 1720/1720/1720 1817/1817/1817
f 1731/1731/1731 1730/1730/1730 1827/1827/1827
f 1732/1732/1732 1731/1731/1731 1828/1828/1828
f 1733/1733/1733 1732/1732/1732 1829/1829/1829
f 1734/1734/1734 1733/1733/1733 1830/1830/1830
f 1739/1739/1739 1738/1738/1738 1834/1834/1834
f 1743/1743/1743 1742/1742/1742 1839/1839/1839
f 1764/1764/1764 1765/1765/1765 1861/1861/1861
f 1770/1770/1770 1771/1771/1771 1867/1867/1867
f 1779/1779/1779 1780/1780/1780 1874/1874/1874
f 1782/1782/1782 1783/1783/1783 1879/1879/1879
f 1790/1790/1790 1791/1791/1791 1886/1886/1886
f 1791/1791/1791 1792/1792/1792 1887/1887/1887
f 1792/1792/1792 1793/1793/1793 1888/1888/1888
f 1797/1797/1797 1798/1798/1798 1893/1893/1893
f 1800/1800/1800 1801/1801/1801 1896/1896/1896
f 1802/1802/1802 1803/1803/1803 1898/1898/1898
f 1807/1807/1807 1808/1808/1808 1901/1901/1901
f 1816/1816/1816 1815/1815/1815 1905/1905/1905
f 1817/1817/1817 1816/1816/1816 1906/1906/1906
f 1818/1818/1818 1817/1817/1817 1907/1907/1907
f 1828/1828/1828 1827/1827/1827 1917/1917/1917
f 1829/1829/1829 1828/1828/1828 1918/1918/1918
f 1830/1830/1830 1829/1829/1829 1919/1919/1919
f 1839/1839/1839 1838/1838/1838 1927/1927/1927
f 1859/1859/1859 1860/1860/1860 1947/1947/1947
f 1871/1871/1871 1872/1872/1872 1958/1958/1958
f 1874/1874/1874 1875/1875/1875 1961/1961/1961
f 1877/1877/1877 1878/1878/1878 1966/1966/1966
f 1882/1882/1882 1883/1883/1883 1969/1969/1969
f 1884/1884/1884 1885/1885/1885 1971/1971/1971
f 1885/1885/1885 1886/1886/1886 1972/1972/1972
f 1886/1886/1886 1887/1887/1887 1973/1973/1973
f 1887/1887/1887 1888/1888/1888 1974/1974/1974
f 1888/1888/1888 1889/1889/1889 1975/1975/1975
f 1889/1889/1889 1890/1890/1890 1976/1976/1976
f 1890/1890/1890 1891/1891/1891 1977/1977/1977
f 1896/1896/1896 1897/1897/1897 1983/1983/1983
f 1899/1899/1899 1900/1900/1900 1992/1992/1992
f 1906/1906/1906 1905/1905/1905 2011/2011/2011
f 1907/1907/1907 1906/1906/1906 2012/2012/2012
f 1908/1908/1908 1907/1907/1907 2013/2013/2013
f 1909/1909/1909 1908/1908/1908 2014/2014/2014
f 1911/1911/1911 1910/1910/1910 2016/2016/2016
f 1919/1919/1919 1918/1918/1918 2024/2024/2024
f 1927/1927/1927 1926/1926/1926 2032/2032/2032
f 1951/1951/1951 1952/1952/1952 2061/2061/2061
f 1960/1960/1960 1961/1961/1961 2070/2070/2070
f 1964/1964/1964 1965/1965/1965 2074/2074/2074
f 1965/1965/1965 1966/1966/1966 2075/2075/2075
f 1968/1968/1968 1969/1969/1969 2078/2078/2078
f 1969/1969/1969 1970/1970/1970 2079/2079/2079
f 1981/1981/1981 1982/1982/1982 2083/2083/2083
f 1984/1984/1984 1985/1985/1985 2087/2087/2087
f 1990/1990/1990 1991/1991/1991 2089/2089/2089
f 1995/1995/1995 1996/1996/1996 2096/2096/2096
f 1998/1998/1998 1999/1999/1999 2099/2099/2099
f 2001/2001/2001 2002/2002/2002 2102/2102/2102
f 2002/2002/2002 2003/2003/2003 2103/2103/2103
f 2009/2009/2009 2008/2008/2008 2113/2113/2113
f 2011/2011/2011 2010/2010/2010 2127/2127/2127
f 2012/2012/2012 2011/2011/2011 2128/2128/2128
f 2015/2015/2015 2014/2014/2014 2131/2131/2131
f 2018/2018/2018 2017/2017/2017 2133/2133/2133
f 2019/2019/2019 2018/2018/2018 2134/2134/2134
f 2032/2032/2032 2031/2031/2031 2150/2150/2150
f 2044/2044/2044 2045/2045/2045 2164/2164/2164
f 2059/2059/2059 2060/2060/2060 2177/2177/2177
f 2066/2066/2066 2067/2067/2067 2183/2183/2183
f 2068/2068/2068 2069/2069/2069 2185/2185/2185
f 2069/2069/2069 2070/2070/2070 2186/2186/2186
f 2070/2070/2070 2071/2071/2071 2187/2187/2187
f 2073/2073/2073 2074/2074/2074 2189/2189/2189
f 2076/2076/2076 2077/2077/2077 2194/2194/2194
f 2082/2082/2082 2083/2083/2083 2197/2197/2197
f 2084/2084/2084 2085/2085/2085 2202/2202/2202
f 2091/2091/2091 2092/2092/2092 2206/2206/2206
f 2093/2093/2093 2094/2094/2094 2210/2210/2210
f 2094/2094/2094 2095/2095/2095 2211/2211/2211
f 2097/2097/2097 2098/2098/2098 2214/2214/2214
f 2103/2103/2103 2104/2104/2104 2219/2219/2219
f 2106/2106/2106 2107/2107/2107 2226/2226/2226
f 2113/2113/2113 2112/2112/2112 2231/2231/2231
f 2115/2115/2115 2114/2114/2114 2233/2233/2233
f 2116/2116/2116 2115/2115/2115 2234/2234/2234
f 2117/2117/2117 2116/2116/2116 2235/2235/2235
f 2118/2118/2118 2117/2117/2117 2236/2236/2236
f 2119/2119/2119 2118/2118/2118 2237/2237/2237
f 2120/2120/2120 2119/2119/2119 2238/2238/2238
f 2126/2126/2126 2125/2125/2125 2244/2244/2244
f 2128/2128/2128 2127/2127/2127 2246/2246/2246
f 2146/2146/2146 2145/2145/2145 2249/2249/2249
f 2154/2154/2154 2153/2153/2153 2253/2253/2253
f 2190/2190/2190 2191/2191/2191 2284/2284/2284
f 2198/2198/2198 2199/2199/2199 2290/2290/2290
f 2199/2199/2199 2200/2200/2200 2291/2291/2291
f 2207/2207/2207 2208/2208/2208 2298/2298/2298
f 2208/2208/2208 2209/2209/2209 2299/2299/2299
f 2209/2209/2209 2210/2210/2210 2300/2300/2300
f 2221/2221/2221 2222/2222/2222 2307/2307/2307
f 2222/2222/2222 2223/2223/2223 2308/2308/2308
f 2223/2223/2223 2224/2224/2224 2309/2309/2309
f 2224/2224/2224 2225/2225/2225 2310/2310/2310
f 2230/2230/2230 2229/2229/2229 2315/2315/2315
f 2231/2231/2231 2230/2230/2230 2316/2316/2316
f 2233/2233/2233 2232/2232/2232 2318/2318/2318
f 2234/2234/2234 2233/2233/2233 2319/2319/2319
f 2235/2235/2235 2234/2234/2234 2320/2320/2320
f 2236/2236/2236 2235/2235/2235 2321/2321/2321
f 2237/2237/2237 2236/2236/2236 2322/2322/2322
f 2238/2238/2238 2237/2237/2237 2323/2323/2323
f 2239/2239/2239 2238/2238/2238 2324/2324/2324
f 2240/2240/2240 2239/2239/2239 2325/2325/2325
f 2245/2245/2245 2244/2244/2244 2330/2330/2330
f 2247/2247/2247 2246/2246/2246 2332/2332/2332
f 2250/2250/2250 2249/2249/2249 2335/2335/2335
f 2290/2290/2290 2291/2291/2291 2377/2377/2377
f 2294/2294/2294 2295/2295/2295 2380/2380/2380
f 2298/2298/2298 2299/2299/2299 2384/2384/2384
f 2303/2303/2303 2304/2304/2304 2389/2389/2389
f 2309/2309/2309 2310/2310/2310 2396/2396/2396
f 2310/2310/2310 2311/2311/2311 2397/2397/2397
f 2316/2316/2316 2315/2315/2315 2401/2401/2401
f 2317/2317/2317 2316/2316/2316 2402/2402/2402
f 2319/2319/2319 2318/2318/2318 2404/2404/2404
f 2320/2320/2320 2319/2319/2319 2405/2405/2405
f 2321/2321/2321 2320/2320/2320 2406/2406/2406
f 2322/2322/2322 2321/2321/2321 2407/2407/2407
f 2323/2323/2323 2322/2322/2322 2408/2408/2408
f 2324/2324/2324 2323/2323/2323 2409/2409/2409
f 2325/2325/2325 2324/2324/2324 2410/2410/2410
f 2326/2326/2326 2325/2325/2325 2411/2411/2411
f 2331/2331/2331 2330/2330/2330 2416/2416/2416
f 2333/2333/2333 2332/2332/2332 2418/2418/2418
f 2336/2336/2336 2335/2335/2335 2421/2421/2421
f 2340/2340/2340 2339/2339/2339 2426/2426/2426
f 2349/2349/2349 2348/2348/2348 2438/2438/2438
f 2383/2383/2383 2384/2384/2384 2475/2475/2475
f 2387/2387/2387 2388/2388/2388 2484/2484/2484
f 2388/2388/2388 2389/2389/2389 2485/2485/2485
f 2389/2389/2389 2390/2390/2390 2486/2486/2486
f 2397/2397/2397 2398/2398/2398 2493/2493/2493
f 2398/2398/2398 2399/2399/2399 2494/2494/2494
f 2401/2401/2401 2400/2400/2400 2495/2495/2495
f 2402/2402/2402 2401/2401/2401 2496/2496/2496
f 2403/2403/2403 2402/2402/2402 2497/2497/2497
f 2404/2404/2404 2403/2403/2403 2498/2498/2498
f 2405/2405/2405 2404/2404/2404 2499/2499/2499
f 2406/2406/2406 2405/2405/2405 2500/2500/2500
f 2407/2407/2407 2406/2406/2406 2501/2501/2501
f 2408/2408/2408 2407/2407/2407 2502/2502/2502
f 2409/2409/2409 2408/2408/2408 2503/2503/2503
f 2410/2410/2410 2409/2409/2409 2504/2504/2504
f 2411/2411/2411 2410/2410/2410 2505/2505/2505
f 2417/2417/2417 2416/2416/2416 2511/2511/2511
f 2420/2420/2420 2419/2419/2419 2515/2515/2515
f 2422/2422/2422 2421/2421/2421 2517/2517/2517
f 2423/2423/2423 2422/2422/2422 2518/2518/2518
f 2425/2425/2425 2424/2424/2424 2520/2520/2520
f 2430/2430/2430 2429/2429/2429 2525/2525/2525
f 2471/2471/2471 2472/2472/2472 2565/2565/2565
f 2475/2475/2475 2476/2476/2476 2569/2569/2569
f 2476/2476/2476 2477/2477/2477 2570/2570/2570
f 2481/2481/2481 2482/2482/2482 2575/2575/2575
f 2482/2482/2482 2483/2483/2483 2576/2576/2576
f 2483/2483/2483 2484/2484/2484 2577/2577/2577
f 2485/2485/2485 2486/2486/2486 2579/2579/2579
f 2496/2496/2496 2495/2495/2495 2582/2582/2582
f 2499/2499/2499 2498/2498/2498 2585/2585/2585
f 2500/2500/2500 2499/2499/2499 2586/2586/2586
f 2501/2501/2501 2500/2500/2500 2587/2587/2587
f 2502/2502/2502 2501/2501/2501 2588/2588/2588
f 2503/2503/2503 2502/2502/2502 2589/2589/2589
f 2504/2504/2504 2503/2503/2503 2590/2590/2590
f 2505/2505/2505 2504/2504/2504 2591/2591/2591
f 2506/2506/2506 2505/2505/2505 2592/2592/2592
f 2513/2513/2513 2512/2512/2512 2599/2599/2599
f 2515/2515/2515 2514/2514/2514 2601/2601/2601
f 2519/2519/2519 2518/2518/2518 2604/2604/2604
f 2524/2524/2524 2523/2523/2523 2610/2610/2610
f 2526/2526/2526 2525/2525/2525 2612/2612/2612
f 2564/2564/2564 2565/2565/2565 2652/2652/2652
f 2569/2569/2569 2570/2570/2570 2656/2656/2656
f 2570/2570/2570 2571/2571/2571 2657/2657/2657
f 2571/2571/2571 2572/2572/2572 2658/2658/2658
f 2572/2572/2572 2573/2573/2573 2659/2659/2659
f 2573/2573/2573 2574/2574/2574 2660/2660/2660
f 2574/2574/2574 2575/2575/2575 2661/2661/2661
f 2577/2577/2577 2578/2578/2578 2664/2664/2664
f 2578/2578/2578 2579/2579/2579 2665/2665/2665
f 2579/2579/2579 2580/2580/2580 2666/2666/2666
f 2583/2583/2583 2582/2582/2582 2668/2668/2668
f 2586/2586/2586 2585/2585/2585 2671/2671/2671
f 2587/2587/2587 2586/2586/2586 2672/2672/2672
f 2588/2588/2588 2587/2587/2587 2673/2673/2673
f 2589/2589/2589 2588/2588/2588 2674/2674/2674
f 2590/2590/2590 2589/2589/2589 2675/2675/2675
f 2591/2591/2591 2590/2590/2590 2676/2676/2676
f 2592/2592/2592 2591/2591/2591 2677/2677/2677
f 2603/2603/2603 2602/2602/2602 2687/2687/2687
f 2607/2607/2607 2606/2606/2606 2692/2692/2692
f 2609/2609/2609 2608/2608/2608 2694/2694/2694
f 2615/2615/2615 2614/2614/2614 2699/2699/2699
f 2640/2640/2640 2641/2641/2641 2732/2732/2732
f 2645/2645/2645 2646/2646/2646 2737/2737/2737
f 2648/2648/2648 2649/2649/2649 2740/2740/2740
f 2651/2651/2651 2652/2652/2652 2744/2744/2744
f 2652/2652/2652 2653/2653/2653 2745/2745/2745
f 2656/2656/2656 2657/2657/2657 2748/2748/2748
f 2657/2657/2657 2658/2658/2658 2749/2749/2749
f 2658/2658/2658 2659/2659/2659 2750/2750/2750
f 2659/2659/2659 2660/2660/2660 2751/2751/2751
f 2660/2660/2660 2661/2661/2661 2752/2752/2752
f 2661/2661/2661 2662/2662/2662 2753/2753/2753
f 2662/2662/2662 2663/2663/2663 2754/2754/2754
f 2663/2663/2663 2664/2664/2664 2755/2755/2755
f 2664/2664/2664 2665/2665/2665 2756/2756/2756
f 2665/2665/2665 2666/2666/2666 2757/2757/2757
f 2666/2666/2666 2667/2667/2667 2758/2758/2758
f 2670/2670/2670 2669/2669/2669 2759/2759/2759
f 2673/2673/2673 2672/2672/2672 2762/2762/2762
f 2674/2674/2674 2673/2673/2673 2763/2763/2763
f 2675/2675/2675 2674/2674/2674 2764/2764/2764
f 2676/2676/2676 2675/2675/2675 2765/2765/2765
f 2677/2677/2677 2676/2676/2676 2766/2766/2766
f 2678/2678/2678 2677/2677/2677 2767/2767/2767
f 2683/2683/2683 2682/2682/2682 2772/2772/2772
f 2685/2685/2685 2684/2684/2684 2774/2774/2774
f 2689/2689/2689 2688/2688/2688 2778/2778/2778
f 2693/2693/2693 2692/2692/2692 2783/2783/2783
f 2722/2722/2722 2723/2723/2723 2824/2824/2824
f 2736/2736/2736 2737/2737/2737 2841/2841/2841
f 2743/2743/2743 2744/2744/2744 2849/2849/2849
f 2744/2744/2744 2745/2745/2745 2850/2850/2850
f 2749/2749/2749 2750/2750/2750 2854/2854/2854
f 2750/2750/2750 2751/2751/2751 2855/2855/2855
f 2751/2751/2751 2752/2752/2752 2856/2856/2856
f 2753/2753/2753 2754/2754/2754 2858/2858/2858
f 2754/2754/2754 2755/2755/2755 2859/2859/2859
f 2757/2757/2757 2758/2758/2758 2862/2862/2862
f 2761/2761/2761 2760/2760/2760 2863/2863/2863
f 2763/2763/2763 2762/2762/2762 2865/2865/2865
f 2764/2764/2764 2763/2763/2763 2866/2866/2866
f 2765/2765/2765 2764/2764/2764 2867/2867/2867
f 2773/2773/2773 2772/2772/2772 2875/2875/2875
f 2774/2774/2774 2773/2773/2773 2876/2876/2876
f 2775/2775/2775 2774/2774/2774 2877/2877/2877
f 2780/2780/2780 2779/2779/2779 2880/2880/2880
f 2782/2782/2782 2781/2781/2781 2882/2882/2882
f 2786/2786/2786 2785/2785/2785 2884/2884/2884
f 2792/2792/2792 2791/2791/2791 2889/2889/2889
f 2803/2803/2803 2802/2802/2802 2895/2895/2895
f 2823/2823/2823 2824/2824/2824 2911/2911/2911
f 2834/2834/2834 2835/2835/2835 2918/2918/2918
f 2840/2840/2840 2841/2841/2841 2922/2922/2922
f 2844/2844/2844 2845/2845/2845 2924/2924/2924
f 2847/2847/2847 2848/2848/2848 2928/2928/2928
f 2853/2853/2853 2854/2854/2854 2933/2933/2933
f 2854/2854/2854 2855/2855/2855 2934/2934/2934
f 2855/2855/2855 2856/2856/2856 2935/2935/2935
f 2857/2857/2857 2858/2858/2858 2937/2937/2937
f 2858/2858/2858 2859/2859/2859 2938/2938/2938
f 2859/2859/2859 2860/2860/2860 2939/2939/2939
f 2860/2860/2860 2861/2861/2861 2940/2940/2940
f 2864/2864/2864 2863/2863/2863 2941/2941/2941
f 2866/2866/2866 2865/2865/2865 2943/2943/2943
f 2867/2867/2867 2866/2866/2866 2944/2944/2944
f 2876/2876/2876 2875/2875/2875 2953/2953/2953
f 2877/2877/2877 2876/2876/2876 2954/2954/2954
f 2878/2878/2878 2877/2877/2877 2955/2955/2955
f 2883/2883/2883 2882/2882/2882 2960/2960/2960
f 2888/2888/2888 2887/2887/2887 2964/2964/2964
f 2890/2890/2890 2889/2889/2889 2966/2966/2966
f 2910/2910/2910 2911/2911/2911 2985/2985/2985
f 2915/2915/2915 2916/2916/2916 2989/2989/2989
f 2917/2917/2917 2918/2918/2918 2991/2991/2991
f 2921/2921/2921 2922/2922/2922 2995/2995/2995
f 2924/2924/2924 2925/2925/2925 2998/2998/2998
f 2927/2927/2927 2928/2928/2928 3001/3001/3001
f 2929/2929/2929 2930/2930/2930 3003/3003/3003
f 2936/2936/2936 2937/2937/2937 3009/3009/3009
f 2937/2937/2937 2938/2938/2938 3010/3010/3010
f 2939/2939/2939 2940/2940/2940 3012/3012/3012
f 2942/2942/2942 2941/2941/2941 3013/3013/3013
f 2943/2943/2943 2942/2942/2942 3014/3014/3014
f 2944/2944/2944 2943/2943/2943 3015/3015/3015
f 2945/2945/2945 2944/2944/2944 3016/3016/3016
f 2946/2946/2946 2945/2945/2945 3017/3017/3017
f 2947/2947/2947 2946/2946/2946 3018/3018/3018
f 2948/2948/2948 2947/2947/2947 3019/3019/3019
f 2949/2949/2949 2948/2948/2948 3020/3020/3020
f 2950/2950/2950 2949/2949/2949 3021/3021/3021
f 2951/2951/2951 2950/2950/2950 3022/3022/3022
f 2952/2952/2952 2951/2951/2951 3023/3023/3023
f 2953/2953/2953 2952/2952/2952 3024/3024/3024
f 2954/2954/2954 2953/2953/2953 3025/3025/3025
f 2955/2955/2955 2954/2954/2954 3026/3026/3026
f 2956/2956/2956 2955/2955/2955 3027/3027/3027
f 2957/2957/2957 2956/2956/2956 3028/3028/3028
f 2959/2959/2959 2958/2958/2958 3030/3030/3030
f 2961/2961/2961 2960/2960/2960 3032/3032/3032
f 2965/2965/2965 2964/2964/2964 3036/3036/3036
f 2967/2967/2967 2966/2966/2966 3038/3038/3038
f 2982/2982/2982 2983/2983/2983 3055/3055/3055
f 2984/2984/2984 2985/2985/2985 3057/3057/3057
f 2988/2988/2988 2989/2989/2989 3061/3061/3061
f 2990/2990/2990 2991/2991/2991 3063/3063/3063
f 2992/2992/2992 2993/2993/2993 3065/3065/3065
f 2994/2994/2994 2995/2995/2995 3067/3067/3067
f 2996/2996/2996 2997/2997/2997 3069/3069/3069
f 2997/2997/2997 2998/2998/2998 3070/3070/3070
f 2998/2998/2998 2999/2999/2999 3071/3071/3071
f 3000/3000/3000 3001/3001/3001 3073/3073/3073
f 3001/3001/3001 3002/3002/3002 3074/3074/3074
f 3002/3002/3002 3003/3003/3003 3075/3075/3075
f 3004/3004/3004 3005/3005/3005 3077/3077/3077
f 3005/3005/3005 3006/3006/3006 3078/3078/3078
f 3006/3006/3006 3007/3007/3007 3079/3079/3079
f 3007/3007/3007 3008/3008/3008 3080/3080/3080
f 3008/3008/3008 3009/3009/3009 3081/3081/3081
f 3009/3009/3009 3010/3010/3010 3082/3082/3082
f 3010/3010/3010 3011/3011/3011 3083/3083/3083
f 3011/3011/3011 3012/3012/3012 3084/3084/3084
f 1/1/1 19/19/19 91/91/91
f 20/20/20 17/17/17 89/89/89
f 18/18/18 22/22/22 94/94/94
f 23/23/23 21/21/21 93/93/93
f 22/22/22 25/25/25 97/97/97
f 26/26/26 23/23/23 95/95/95
f 24/24/24 28/28/28 100/100/100
f 29/29/29 27/27/27 99/99/99
f 28/28/28 30/30/30 102/102/102
f 31/31/31 29/29/29 101/101/101
f 30/30/30 32/32/32 104/104/104
f 33/33/33 31/31/31 103/103/103
f 32/32/32 34/34/34 106/106/106
f 35/35/35 33/33/33 105/105/105
f 34/34/34 36/36/36 108/108/108
f 37/37/37 35/35/35 107/107/107
f 36/36/36 38/38/38 110/110/110
f 39/39/39 37/37/37 109/109/109
f 38/38/38 40/40/40 112/112/112
f 41/41/41 39/39/39 111/111/111
f 40/40/40 42/42/42 114/114/114
f 45/45/45 41/41/41 113/113/113
f 43/43/43 46/46/46 118/118/118
f 47/47/47 44/44/44 116/116/116
f 46/46/46 48/48/48 120/120/120
f 51/51/51 47/47/47 119/119/119
f 49/49/49 52/52/52 124/124/124
f 55/55/55 50/50/50 122/122/122
f 53/53/53 56/56/56 128/128/128
f 63/63/63 54/54/54 126/126/126
f 59/59/59 64/64/64 136/136/136
f 72/72/72 60/60/60 132/132/132
f 73/73/73 91/91/91 163/163/163
f 92/92/92 89/89/89 161/161/161
f 95/95/95 93/93/93 165/165/165
f 94/94/94 97/97/97 170/170/170
f 96/96/96 100/100/100 173/173/173
f 100/100/100 102/102/102 175/175/175
f 103/103/103 101/101/101 174/174/174
f 102/102/102 104/104/104 177/177/177
f 105/105/105 103/103/103 176/176/176
f 104/104/104 106/106/106 180/180/180
f 109/109/109 107/107/107 181/181/181
f 112/112/112 114/114/114 190/190/190
f 117/117/117 113/113/113 189/189/189
f 115/115/115 118/118/118 194/194/194
f 119/119/119 116/116/116 192/192/192
f 144/144/144 132/132/132 209/209/209
f 145/145/145 163/163/163 242/242/242
f 166/166/166 170/170/170 252/252/252
f 169/169/169 173/173/173 256/256/256
f 174/174/174 172/172/172 253/253/253
f 173/173/173 175/175/175 260/260/260
f 176/176/176 174/174/174 257/257/257
f 175/175/175 177/177/177 264/264/264
f 177/177/177 180/180/180 268/268/268
f 185/185/185 182/182/182 269/269/269
f 187/187/187 184/184/184 272/272/272
f 188/188/188 190/190/190 283/283/283
f 191/191/191 194/194/194 288/288/288
f 196/196/196 193/193/193 285/285/285
f 194/194/194 197/197/197 293/293/293
f 200/200/200 195/195/195 289/289/289
f 204/204/204 199/199/199 295/295/295
f 212/212/212 203/203/203 301/301/301
f 222/222/222 210/210/210 310/310/310
f 250/250/250 246/246/246 349/349/349
f 247/247/247 252/252/252 355/355/355
f 251/251/251 256/256/256 358/358/358
f 259/259/259 255/255/255 357/357/357
f 268/268/268 271/271/271 370/370/370
f 271/271/271 275/275/275 373/373/373
f 278/278/278 274/274/274 371/371/371
f 275/275/275 279/279/279 376/376/376
f 282/282/282 278/278/278 374/374/374
f 292/292/292 287/287/287 381/381/381
f 288/288/288 293/293/293 386/386/386
f 298/298/298 291/291/291 384/384/384
f 294/294/294 299/299/299 390/390/390
f 300/300/300 306/306/306 395/395/395
f 314/314/314 303/303/303 392/392/392
f 325/325/325 311/311/311 399/399/399
f 358/358/358 361/361/361 451/451/451
f 361/361/361 364/364/364 453/453/453
f 364/364/364 367/367/367 455/455/455
f 367/367/367 370/370/370 457/457/457
f 370/370/370 373/373/373 459/459/459
f 375/375/375 372/372/372 458/458/458
f 378/378/378 375/375/375 460/460/460
f 381/381/381 377/377/377 462/462/462
f 379/379/379 382/382/382 468/468/468
f 383/383/383 386/386/386 472/472/472
f 389/389/389 385/385/385 470/470/470
f 387/387/387 390/390/390 476/476/476
f 394/394/394 388/388/388 474/474/474
f 391/391/391 395/395/395 480/480/480
f 403/403/403 393/393/393 478/478/478
f 415/415/415 400/400/400 484/484/484
f 437/437/437 434/434/434 523/523/523
f 453/453/453 455/455/455 546/546/546
f 455/455/455 457/457/457 548/548/548
f 460/460/460 458/458/458 549/549/549
f 459/459/459 461/461/461 552/552/552
f 461/461/461 464/464/464 555/555/555
f 467/467/467 463/463/463 554/554/554
f 465/465/465 469/469/469 558/558/558
f 471/471/471 467/467/467 557/557/557
f 469/469/469 472/472/472 562/562/562
f 475/475/475 470/470/470 560/560/560
f 473/473/473 476/476/476 568/568/568
f 479/479/479 474/474/474 565/565/565
f 477/477/477 480/480/480 574/574/574
f 500/500/500 485/485/485 578/578/578
f 504/504/504 496/496/496 587/587/587
f 527/527/527 523/523/523 615/615/615
f 532/532/532 529/529/529 620/620/620
f 548/548/548 550/550/550 641/641/641
f 550/550/550 552/552/552 644/644/644
f 553/553/553 556/556/556 647/647/647
f 557/557/557 554/554/554 646/646/646
f 556/556/556 558/558/558 650/650/650
f 561/561/561 557/557/557 649/649/649
f 559/559/559 563/563/563 653/653/653
f 567/567/567 561/561/561 652/652/652
f 564/564/564 569/569/569 657/657/657
f 573/573/573 566/566/566 655/655/655
f 570/570/570 575/575/575 662/662/662
f 580/580/580 571/571/571 659/659/659
f 592/592/592 579/579/579 665/665/665
f 597/597/597 588/588/588 674/674/674
f 598/598/598 617/617/617 705/705/705
f 625/625/625 628/628/628 716/716/716
f 628/628/628 630/630/630 718/718/718
f 630/630/630 633/633/633 720/720/720
f 634/634/634 631/631/631 719/719/719
f 637/637/637 634/634/634 721/721/721
f 639/639/639 642/642/642 728/728/728
f 646/646/646 643/643/643 729/729/729
f 645/645/645 647/647/647 733/733/733
f 649/649/649 646/646/646 732/732/732
f 648/648/648 651/651/651 736/736/736
f 652/652/652 649/649/649 735/735/735
f 651/651/651 653/653/653 738/738/738
f 654/654/654 657/657/657 742/742/742
f 661/661/661 655/655/655 740/740/740
f 667/667/667 660/660/660 744/744/744
f 664/664/664 668/668/668 754/754/754
f 678/678/678 665/665/665 751/751/751
f 685/685/685 675/675/675 759/759/759
f 706/706/706 703/703/703 789/789/789
f 714/714/714 711/711/711 803/803/803
f 713/713/713 716/716/716 807/807/807
f 717/717/717 715/715/715 806/806/806
f 716/716/716 718/718/718 809/809/809
f 718/718/718 720/720/720 811/811/811
f 720/720/720 723/723/723 813/813/813
f 724/724/724 721/721/721 812/812/812
f 723/723/723 726/726/726 815/815/815
f 727/727/727 724/724/724 814/814/814
f 729/729/729 727/727/727 816/816/816
f 728/728/728 730/730/730 819/819/819
f 732/732/732 729/729/729 818/818/818
f 731/731/731 734/734/734 822/822/822
f 735/735/735 732/732/732 821/821/821
f 737/737/737 735/735/735 823/823/823
f 736/736/736 738/738/738 827/827/827
f 739/739/739 742/742/742 831/831/831
f 745/745/745 740/740/740 829/829/829
f 753/753/753 744/744/744 833/833/833
f 750/750/750 756/756/756 843/843/843
f 763/763/763 752/752/752 840/840/840
f 758/758/758 764/764/764 851/851/851
f 771/771/771 760/760/760 846/846/846
f 793/793/793 784/784/784 871/871/871
f 805/805/805 803/803/803 901/901/901
f 808/808/808 806/806/806 905/905/905
f 807/807/807 809/809/809 909/909/909
f 810/810/810 808/808/808 908/908/908
f 813/813/813 815/815/815 918/918/918
f 816/816/816 814/814/814 916/916/916
f 815/815/815 817/817/817 920/920/920
f 818/818/818 816/816/816 919/919/919
f 822/822/822 824/824/824 927/927/927
f 826/826/826 823/823/823 926/926/926
f 825/825/825 828/828/828 930/930/930
f 830/830/830 826/826/826 929/929/929
f 828/828/828 831/831/831 933/933/933
f 842/842/842 834/834/834 935/935/935
f 850/850/850 841/841/841 942/942/942
f 859/859/859 847/847/847 951/951/951
f 878/878/878 900/900/900 994/994/994
f 901/901/901 894/894/894 988/988/988
f 903/903/903 907/907/907 1003/1003/1003
f 908/908/908 905/905/905 1000/1000/1000
f 906/906/906 909/909/909 1006/1006/1006
f 910/910/910 908/908/908 1004/1004/1004
f 909/909/909 912/912/912 1009/1009/1009
f 913/913/913 910/910/910 1007/1007/1007
f 911/911/911 914/914/914 1011/1011/1011
f 929/929/929 926/926/926 1025/1025/1025
f 932/932/932 929/929/929 1029/1029/1029
f 930/930/930 933/933/933 1035/1035/1035
f 935/935/935 931/931/931 1032/1032/1032
f 967/967/967 951/951/951 1045/1045/1045
f 970/970/970 963/963/963 1056/1056/1056
f 971/971/971 993/993/993 1088/1088/1088
f 995/995/995 987/987/987 1083/1083/1083
f 989/989/989 997/997/997 1092/1092/1092
f 999/999/999 996/996/996 1090/1090/1090
f 997/997/997 1002/1002/1002 1097/1097/1097
f 1004/1004/1004 1000/1000/1000 1094/1094/1094
f 1001/1001/1001 1005/1005/1005 1100/1100/1100
f 1007/1007/1007 1004/1004/1004 1098/1098/1098
f 1005/1005/1005 1008/1008/1008 1103/1103/1103
f 1010/1010/1010 1007/1007/1007 1101/1101/1101
f 1008/1008/1008 1011/1011/1011 1106/1106/1106
f 1011/1011/1011 1013/1013/1013 1109/1109/1109
f 1022/1022/1022 1018/1018/1018 1113/1113/1113
f 1025/1025/1025 1022/1022/1022 1116/1116/1116
f 1033/1033/1033 1029/1029/1029 1122/1122/1122
f 1030/1030/1030 1034/1034/1034 1126/1126/1126
f 1037/1037/1037 1033/1033/1033 1125/1125/1125
f 1041/1041/1041 1036/1036/1036 1128/1128/1128
f 1039/1039/1039 1042/1042/1042 1134/1134/1134
f 1060/1060/1060 1045/1045/1045 1137/1137/1137
f 1065/1065/1065 1057/1057/1057 1148/1148/1148
f 1066/1066/1066 1087/1087/1087 1181/1181/1181
f 1084/1084/1084 1092/1092/1092 1186/1186/1186
f 1093/1093/1093 1090/1090/1090 1183/1183/1183
f 1091/1091/1091 1096/1096/1096 1191/1191/1191
f 1095/1095/1095 1099/1099/1099 1194/1194/1194
f 1104/1104/1104 1101/1101/1101 1195/1195/1195
f 1102/1102/1102 1105/1105/1105 1200/1200/1200
f 1107/1107/1107 1104/1104/1104 1198/1198/1198
f 1110/1110/1110 1107/1107/1107 1201/1201/1201
f 1116/1116/1116 1113/1113/1113 1208/1208/1208
f 1119/1119/1119 1116/1116/1116 1212/1212/1212
f 1129/1129/1129 1125/1125/1125 1223/1223/1223
f 1133/1133/1133 1128/1128/1128 1226/1226/1226
f 1140/1140/1140 1132/1132/1132 1230/1230/1230
f 1151/1151/1151 1137/1137/1137 1234/1234/1234
f 1147/1147/1147 1152/1152/1152 1251/1251/1251
f 1157/1157/1157 1149/1149/1149 1245/1245/1245
f 1158/1158/1158 1180/1180/1180 1281/1281/1281
f 1182/1182/1182 1176/1176/1176 1276/1276/1276
f 1177/1177/1177 1185/1185/1185 1287/1287/1287
f 1187/1187/1187 1183/1183/1183 1284/1284/1284
f 1184/1184/1184 1190/1190/1190 1292/1292/1292
f 1189/1189/1189 1193/1193/1193 1295/1295/1295
f 1193/1193/1193 1196/1196/1196 1298/1298/1298
f 1198/1198/1198 1195/1195/1195 1296/1296/1296
f 1196/1196/1196 1199/1199/1199 1301/1301/1301
f 1201/1201/1201 1198/1198/1198 1299/1299/1299
f 1199/1199/1199 1202/1202/1202 1304/1304/1304
f 1204/1204/1204 1201/1201/1201 1302/1302/1302
f 1208/1208/1208 1204/1204/1204 1305/1305/1305
f 1216/1216/1216 1212/1212/1212 1311/1311/1311
f 1250/1250/1250 1243/1243/1243 1346/1346/1346
f 1256/1256/1256 1245/1245/1245 1348/1348/1348
f 1257/1257/1257 1280/1280/1280 1383/1383/1383
f 1282/1282/1282 1275/1275/1275 1379/1379/1379
f 1277/1277/1277 1286/1286/1286 1388/1388/1388
f 1285/1285/1285 1291/1291/1291 1392/1392/1392
f 1290/1290/1290 1294/1294/1294 1394/1394/1394
f 1294/1294/1294 1297/1297/1297 1396/1396/1396
f 1299/1299/1299 1296/1296/1296 1395/1395/1395
f 1302/1302/1302 1299/1299/1299 1397/1397/1397
f 1305/1305/1305 1302/1302/1302 1399/1399/1399
f 1330/1330/1330 1335/1335/1335 1448/1448/1448
f 1337/1337/1337 1342/1342/1342 1456/1456/1456
f 1359/1359/1359 1348/1348/1348 1460/1460/1460
f 1360/1360/1360 1382/1382/1382 1496/1496/1496
f 1384/1384/1384 1379/1379/1379 1492/1492/1492
f 1380/1380/1380 1388/1388/1388 1503/1503/1503
f 1387/1387/1387 1392/1392/1392 1507/1507/1507
f 1393/1393/1393 1390/1390/1390 1505/1505/1505
f 1391/1391/1391 1394/1394/1394 1509/1509/1509
f 1395/1395/1395 1393/1393/1393 1508/1508/1508
f 1397/1397/1397 1395/1395/1395 1510/1510/1510
f 1396/1396/1396 1398/1398/1398 1514/1514/1514
f 1398/1398/1398 1400/1400/1400 1517/1517/1517
f 1400/1400/1400 1403/1403/1403 1520/1520/1520
f 1419/1419/1419 1413/1413/1413 1528/1528/1528
f 1434/1434/1434 1425/1425/1425 1537/1537/1537
f 1427/1427/1427 1436/1436/1436 1556/1556/1556
f 1433/1433/1433 1441/1441/1441 1558/1558/1558
f 1444/1444/1444 1435/1435/1435 1555/1555/1555
f 1443/1443/1443 1450/1450/1450 1568/1568/1568
f 1451/1451/1451 1457/1457/1457 1577/1577/1577
f 1459/1459/1459 1463/1463/1463 1589/1589/1589
f 1472/1472/1472 1495/1495/1495 1621/1621/1621
f 1497/1497/1497 1491/1491/1491 1618/1618/1618
f 1493/1493/1493 1502/1502/1502 1628/1628/1628
f 1504/1504/1504 1500/1500/1500 1626/1626/1626
f 1501/1501/1501 1506/1506/1506 1632/1632/1632
f 1508/1508/1508 1505/1505/1505 1631/1631/1631
f 1510/1510/1510 1508/1508/1508 1634/1634/1634
f 1509/1509/1509 1511/1511/1511 1638/1638/1638
f 1511/1511/1511 1514/1514/1514 1641/1641/1641
f 1517/1517/1517 1520/1520/1520 1647/1647/1647
f 1520/1520/1520 1523/1523/1523 1651/1651/1651
f 1523/1523/1523 1526/1526/1526 1654/1654/1654
f 1531/1531/1531 1527/1527/1527 1656/1656/1656
f 1550/1550/1550 1562/1562/1562 1685/1685/1685
f 1561/1561/1561 1569/1569/1569 1696/1696/1696
f 1571/1571/1571 1579/1579/1579 1708/1708/1708
f 1583/1583/1583 1593/1593/1593 1716/1716/1716
f 1598/1598/1598 1620/1620/1620 1740/1740/1740
f 1622/1622/1622 1617/1617/1617 1737/1737/1737
f 1619/1619/1619 1628/1628/1628 1747/1747/1747
f 1629/1629/1629 1625/1625/1625 1745/1745/1745
f 1627/1627/1627 1632/1632/1632 1751/1751/1751
f 1633/1633/1633 1630/1630/1630 1750/1750/1750
f 1641/1641/1641 1644/1644/1644 1763/1763/1763
f 1644/1644/1644 1647/1647/1647 1766/1766/1766
f 1647/1647/1647 1651/1651/1651 1769/1769/1769
f 1651/1651/1651 1654/1654/1654 1772/1772/1772
f 1683/1683/1683 1663/1663/1663 1782/1782/1782
f 1676/1676/1676 1686/1686/1686 1804/1804/1804
f 1690/1690/1690 1679/1679/1679 1797/1797/1797
f 1680/1680/1680 1691/1691/1691 1809/1809/1809
f 1718/1718/1718 1740/1740/1740 1836/1836/1836
f 1741/1741/1741 1736/1736/1736 1833/1833/1833
f 1738/1738/1738 1746/1746/1746 1842/1842/1842
f 1748/1748/1748 1744/1744/1744 1841/1841/1841
f 1752/1752/1752 1749/1749/1749 1845/1845/1845
f 1755/1755/1755 1752/1752/1752 1848/1848/1848
f 1763/1763/1763 1766/1766/1766 1862/1862/1862
f 1766/1766/1766 1769/1769/1769 1865/1865/1865
f 1769/1769/1769 1772/1772/1772 1868/1868/1868
f 1772/1772/1772 1775/1775/1775 1870/1870/1870
f 1777/1777/1777 1773/1773/1773 1869/1869/1869
f 1781/1781/1781 1785/1785/1785 1880/1880/1880
f 1796/1796/1796 1806/1806/1806 1899/1899/1899
f 1808/1808/1808 1797/1797/1797 1892/1892/1892
f 1801/1801/1801 1812/1812/1812 1902/1902/1902
f 1814/1814/1814 1835/1835/1835 1924/1924/1924
f 1837/1837/1837 1832/1832/1832 1922/1922/1922
f 1834/1834/1834 1842/1842/1842 1930/1930/1930
f 1843/1843/1843 1840/1840/1840 1929/1929/1929
f 1847/1847/1847 1844/1844/1844 1932/1932/1932
f 1846/1846/1846 1849/1849/1849 1936/1936/1936
f 1849/1849/1849 1852/1852/1852 1939/1939/1939
f 1852/1852/1852 1855/1855/1855 1942/1942/1942
f 1858/1858/1858 1862/1862/1862 1948/1948/1948
f 1862/1862/1862 1865/1865/1865 1950/1950/1950
f 1865/1865/1865 1868/1868/1868 1953/1953/1953
f 1868/1868/1868 1870/1870/1870 1956/1956/1956
f 1876/1876/1876 1881/1881/1881 1967/1967/1967
f 1901/1901/1901 1892/1892/1892 1978/1978/1978
f 1925/1925/1925 1921/1921/1921 2027/2027/2027
f 1923/1923/1923 1930/1930/1930 2036/2036/2036
f 1934/1934/1934 1931/1931/1931 2039/2039/2039
f 1933/1933/1933 1936/1936/1936 2043/2043/2043
f 1936/1936/1936 1939/1939/1939 2046/2046/2046
f 1939/1939/1939 1942/1942/1942 2049/2049/2049
f 1949/1949/1949 1946/1946/1946 2054/2054/2054
f 1950/1950/1950 1953/1953/1953 2062/2062/2062
f 1953/1953/1953 1956/1956/1956 2065/2065/2065
f 1994/1994/1994 1979/1979/1979 2080/2080/2080
f 2000/2000/2000 1990/1990/1990 2088/2088/2088
f 2004/2004/2004 1994/1994/1994 2090/2090/2090
f 2005/2005/2005 2013/2013/2013 2130/2130/2130
f 2007/2007/2007 2015/2015/2015 2132/2132/2132
f 2010/2010/2010 2029/2029/2029 2148/2148/2148
f 2030/2030/2030 2026/2026/2026 2142/2142/2142
f 2028/2028/2028 2036/2036/2036 2155/2155/2155
f 2037/2037/2037 2033/2033/2033 2152/2152/2152
f 2036/2036/2036 2040/2040/2040 2159/2159/2159
f 2041/2041/2041 2038/2038/2038 2157/2157/2157
f 2040/2040/2040 2043/2043/2043 2162/2162/2162
f 2045/2045/2045 2042/2042/2042 2161/2161/2161
f 2043/2043/2043 2046/2046/2046 2165/2165/2165
f 2046/2046/2046 2049/2049/2049 2168/2168/2168
f 2050/2050/2050 2047/2047/2047 2166/2166/2166
f 2049/2049/2049 2052/2052/2052 2171/2171/2171
f 2060/2060/2060 2056/2056/2056 2174/2174/2174
f 2063/2063/2063 2059/2059/2059 2176/2176/2176
f 2083/2083/2083 2073/2073/2073 2188/2188/2188
f 2108/2108/2108 2100/2100/2100 2215/2215/2215
f 2109/2109/2109 2129/2129/2129 2248/2248/2248
f 2145/2145/2145 2126/2126/2126 2245/2245/2245
f 2127/2127/2127 2148/2148/2148 2252/2252/2252
f 2155/2155/2155 2159/2159/2159 2257/2257/2257
f 2159/2159/2159 2162/2162/2162 2259/2259/2259
f 2167/2167/2167 2164/2164/2164 2260/2260/2260
f 2165/2165/2165 2168/2168/2168 2263/2263/2263
f 2170/2170/2170 2167/2167/2167 2262/2262/2262
f 2168/2168/2168 2171/2171/2171 2266/2266/2266
f 2172/2172/2172 2169/2169/2169 2264/2264/2264
f 2174/2174/2174 2172/2172/2172 2267/2267/2267
f 2178/2178/2178 2181/2181/2181 2277/2277/2277
f 2182/2182/2182 2179/2179/2179 2275/2275/2275
f 2181/2181/2181 2184/2184/2184 2280/2280/2280
f 2189/2189/2189 2182/2182/2182 2278/2278/2278
f 2197/2197/2197 2188/2188/2188 2281/2281/2281
f 2205/2205/2205 2195/2195/2195 2285/2285/2285
f 2218/2218/2218 2203/2203/2203 2292/2292/2292
f 2227/2227/2227 2215/2215/2215 2301/2301/2301
f 2249/2249/2249 2245/2245/2245 2331/2331/2331
f 2246/2246/2246 2252/2252/2252 2338/2338/2338
f 2255/2255/2255 2257/2257/2257 2343/2343/2343
f 2258/2258/2258 2256/2256/2256 2342/2342/2342
f 2257/2257/2257 2259/2259/2259 2345/2345/2345
f 2260/2260/2260 2258/2258/2258 2344/2344/2344
f 2259/2259/2259 2261/2261/2261 2347/2347/2347
f 2262/2262/2262 2260/2260/2260 2346/2346/2346
f 2271/2271/2271 2268/2268/2268 2354/2354/2354
f 2273/2273/2273 2270/2270/2270 2356/2356/2356
f 2272/2272/2272 2274/2274/2274 2361/2361/2361
f 2279/2279/2279 2276/2276/2276 2362/2362/2362
f 2277/2277/2277 2280/2280/2280 2366/2366/2366
f 2282/2282/2282 2278/2278/2278 2364/2364/2364
f 2280/2280/2280 2283/2283/2283 2370/2370/2370
f 2288/2288/2288 2282/2282/2282 2368/2368/2368
f 2284/2284/2284 2289/2289/2289 2375/2375/2375
f 2296/2296/2296 2287/2287/2287 2373/2373/2373
f 2305/2305/2305 2293/2293/2293 2378/2378/2378
f 2300/2300/2300 2306/2306/2306 2392/2392/2392
f 2313/2313/2313 2302/2302/2302 2387/2387/2387
f 2335/2335/2335 2331/2331/2331 2417/2417/2417
f 2341/2341/2341 2343/2343/2343 2431/2431/2431
f 2343/2343/2343 2345/2345/2345 2434/2434/2434
f 2345/2345/2345 2347/2347/2347 2437/2437/2437
f 2354/2354/2354 2351/2351/2351 2441/2441/2441
f 2357/2357/2357 2354/2354/2354 2444/2444/2444
f 2360/2360/2360 2357/2357/2357 2447/2447/2447
f 2362/2362/2362 2359/2359/2359 2450/2450/2450
f 2365/2365/2365 2362/2362/2362 2453/2453/2453
f 2363/2363/2363 2366/2366/2366 2458/2458/2458
f 2369/2369/2369 2365/2365/2365 2456/2456/2456
f 2367/2367/2367 2371/2371/2371 2462/2462/2462
f 2374/2374/2374 2368/2368/2368 2460/2460/2460
f 2372/2372/2372 2376/2376/2376 2467/2467/2467
f 2377/2377/2377 2382/2382/2382 2473/2473/2473
f 2391/2391/2391 2379/2379/2379 2470/2470/2470
f 2386/2386/2386 2393/2393/2393 2488/2488/2488
f 2400/2400/2400 2420/2420/2420 2516/2516/2516
f 2428/2428/2428 2431/2431/2431 2527/2527/2527
f 2431/2431/2431 2434/2434/2434 2529/2529/2529
f 2445/2445/2445 2442/2442/2442 2534/2534/2534
f 2448/2448/2448 2445/2445/2445 2536/2536/2536
f 2451/2451/2451 2447/2447/2447 2538/2538/2538
f 2454/2454/2454 2451/2451/2451 2541/2541/2541
f 2452/2452/2452 2455/2455/2455 2545/2545/2545
f 2457/2457/2457 2454/2454/2454 2544/2544/2544
f 2455/2455/2455 2458/2458/2458 2549/2549/2549
f 2461/2461/2461 2456/2456/2456 2547/2547/2547
f 2459/2459/2459 2462/2462/2462 2553/2553/2553
f 2466/2466/2466 2461/2461/2461 2551/2551/2551
f 2463/2463/2463 2467/2467/2467 2559/2559/2559
f 2472/2472/2472 2464/2464/2464 2556/2556/2556
f 2469/2469/2469 2474/2474/2474 2567/2567/2567
f 2487/2487/2487 2470/2470/2470 2563/2563/2563
f 2495/2495/2495 2516/2516/2516 2603/2603/2603
f 2522/2522/2522 2519/2519/2519 2605/2605/2605
f 2527/2527/2527 2529/2529/2529 2617/2617/2617
f 2530/2530/2530 2528/2528/2528 2616/2616/2616
f 2529/2529/2529 2531/2531/2531 2619/2619/2619
f 2532/2532/2532 2530/2530/2530 2618/2618/2618
f 2531/2531/2531 2533/2533/2533 2621/2621/2621
f 2534/2534/2534 2532/2532/2532 2620/2620/2620
f 2537/2537/2537 2540/2540/2540 2627/2627/2627
f 2542/2542/2542 2539/2539/2539 2626/2626/2626
f 2540/2540/2540 2543/2543/2543 2630/2630/2630
f 2544/2544/2544 2541/2541/2541 2628/2628/2628
f 2543/2543/2543 2545/2545/2545 2634/2634/2634
f 2548/2548/2548 2544/2544/2544 2632/2632/2632
f 2546/2546/2546 2550/2550/2550 2638/2638/2638
f 2552/2552/2552 2548/2548/2548 2636/2636/2636
f 2550/2550/2550 2553/2553/2553 2642/2642/2642
f 2558/2558/2558 2551/2551/2551 2640/2640/2640
f 2555/2555/2555 2560/2560/2560 2647/2647/2647
f 2566/2566/2566 2557/2557/2557 2645/2645/2645
f 2562/2562/2562 2568/2568/2568 2654/2654/2654
f 2581/2581/2581 2564/2564/2564 2651/2651/2651
f 2608/2608/2608 2605/2605/2605 2691/2691/2691
f 2613/2613/2613 2609/2609/2609 2695/2695/2695
f 2616/2616/2616 2613/2613/2613 2698/2698/2698
f 2622/2622/2622 2620/2620/2620 2707/2707/2707
f 2621/2621/2621 2623/2623/2623 2711/2711/2711
f 2623/2623/2623 2625/2625/2625 2714/2714/2714
f 2625/2625/2625 2627/2627/2627 2717/2717/2717
f 2627/2627/2627 2630/2630/2630 2720/2720/2720
f 2633/2633/2633 2629/2629/2629 2719/2719/2719
f 2631/2631/2631 2635/2635/2635 2724/2724/2724
f 2635/2635/2635 2638/2638/2638 2728/2728/2728
f 2641/2641/2641 2636/2636/2636 2726/2726/2726
f 2639/2639/2639 2643/2643/2643 2733/2733/2733
f 2646/2646/2646 2640/2640/2640 2731/2731/2731
f 2644/2644/2644 2647/2647/2647 2738/2738/2738
f 2653/2653/2653 2645/2645/2645 2736/2736/2736
f 2650/2650/2650 2655/2655/2655 2746/2746/2746
f 2667/2667/2667 2651/2651/2651 2743/2743/2743
f 2694/2694/2694 2691/2691/2691 2782/2782/2782
f 2697/2697/2697 2694/2694/2694 2787/2787/2787
f 2696/2696/2696 2700/2700/2700 2793/2793/2793
f 2701/2701/2701 2698/2698/2698 2792/2792/2792
f 2706/2706/2706 2709/2709/2709 2805/2805/2805
f 2713/2713/2713 2710/2710/2710 2807/2807/2807
f 2712/2712/2712 2715/2715/2715 2812/2812/2812
f 2716/2716/2716 2713/2713/2713 2811/2811/2811
f 2715/2715/2715 2718/2718/2718 2816/2816/2816
f 2719/2719/2719 2716/2716/2716 2815/2815/2815
f 2718/2718/2718 2721/2721/2721 2820/2820/2820
f 2725/2725/2725 2729/2729/2729 2830/2830/2830
f 2732/2732/2732 2726/2726/2726 2829/2829/2829
f 2730/2730/2730 2734/2734/2734 2836/2836/2836
f 2737/2737/2737 2731/2731/2731 2834/2834/2834
f 2735/2735/2735 2739/2739/2739 2842/2842/2842
f 2745/2745/2745 2736/2736/2736 2840/2840/2840
f 2742/2742/2742 2747/2747/2747 2851/2851/2851
f 2781/2781/2781 2776/2776/2776 2879/2879/2879
f 2791/2791/2791 2787/2787/2787 2886/2886/2886
f 2790/2790/2790 2795/2795/2795 2891/2891/2891
f 2796/2796/2796 2792/2792/2792 2890/2890/2890
f 2795/2795/2795 2799/2799/2799 2893/2893/2893
f 2806/2806/2806 2809/2809/2809 2901/2901/2901
f 2811/2811/2811 2807/2807/2807 2900/2900/2900
f 2810/2810/2810 2814/2814/2814 2904/2904/2904
f 2815/2815/2815 2811/2811/2811 2903/2903/2903
f 2824/2824/2824 2819/2819/2819 2907/2907/2907
f 2822/2822/2822 2827/2827/2827 2912/2912/2912
f 2829/2829/2829 2823/2823/2823 2910/2910/2910
f 2828/2828/2828 2832/2832/2832 2915/2915/2915
f 2833/2833/2833 2838/2838/2838 2919/2919/2919
f 2841/2841/2841 2834/2834/2834 2917/2917/2917
f 2839/2839/2839 2844/2844/2844 2923/2923/2923
f 2850/2850/2850 2840/2840/2840 2921/2921/2921
f 2846/2846/2846 2852/2852/2852 2931/2931/2931
f 2863/2863/2863 2881/2881/2881 2959/2959/2959
f 2880/2880/2880 2885/2885/2885 2962/2962/2962
f 2889/2889/2889 2886/2886/2886 2963/2963/2963
f 2892/2892/2892 2890/2890/2890 2967/2967/2967
f 2891/2891/2891 2893/2893/2893 2970/2970/2970
f 2893/2893/2893 2896/2896/2896 2972/2972/2972
f 2899/2899/2899 2902/2902/2902 2976/2976/2976
f 2903/2903/2903 2900/2900/2900 2975/2975/2975
f 2905/2905/2905 2903/2903/2903 2977/2977/2977
f 2906/2906/2906 2908/2908/2908 2982/2982/2982
f 2911/2911/2911 2907/2907/2907 2981/2981/2981
f 2909/2909/2909 2913/2913/2913 2986/2986/2986
f 2914/2914/2914 2910/2910/2910 2984/2984/2984
f 2922/2922/2922 2917/2917/2917 2990/2990/2990
f 2930/2930/2930 2921/2921/2921 2994/2994/2994
f 2926/2926/2926 2932/2932/2932 3004/3004/3004
f 2940/2940/2940 2927/2927/2927 3000/3000/3000
f 2941/2941/2941 2959/2959/2959 3031/3031/3031
f 2960/2960/2960 2957/2957/2957 3029/3029/3029
f 2958/2958/2958 2962/2962/2962 3034/3034/3034
f 2963/2963/2963 2961/2961/2961 3033/3033/3033
f 2962/2962/2962 2965/2965/2965 3037/3037/3037
f 2966/2966/2966 2963/2963/2963 3035/3035/3035
f 2964/2964/2964 2968/2968/2968 3040/3040/3040
f 2969/2969/2969 2967/2967/2967 3039/3039/3039
f 2968/2968/2968 2970/2970/2970 3042/3042/3042
f 2971/2971/2971 2969/2969/2969 3041/3041/3041
f 2970/2970/2970 2972/2972/2972 3044/3044/3044
f 2973/2973/2973 2971/2971/2971 3043/3043/3043
f 2972/2972/2972 2974/2974/2974 3046/3046/3046
f 2975/2975/2975 2973/2973/2973 3045/3045/3045
f 2974/2974/2974 2976/2976/2976 3048/3048/3048
f 2977/2977/2977 2975/2975/2975 3047/3047/3047
f 2976/2976/2976 2978/2978/2978 3050/3050/3050
f 2979/2979/2979 2977/2977/2977 3049/3049/3049
f 2978/2978/2978 2980/2980/2980 3052/3052/3052
f 2981/2981/2981 2979/2979/2979 3051/3051/3051
f 2980/2980/2980 2982/2982/2982 3054/3054/3054
f 2985/2985/2985 2981/2981/2981 3053/3053/3053
f 2983/2983/2983 2986/2986/2986 3058/3058/3058
f 2987/2987/2987 2984/2984/2984 3056/3056/3056
f 2986/2986/2986 2988/2988/2988 3060/3060/3060
f 2991/2991/2991 2987/2987/2987 3059/3059/3059
f 2989/2989/2989 2992/2992/2992 3064/3064/3064
f 2995/2995/2995 2990/2990/2990 3062/3062/3062
f 2993/2993/2993 2996/2996/2996 3068/3068/3068
f 3003/3003/3003 2994/2994/2994 3066/3066/3066
f 2999/2999/2999 3004/3004/3004 3076/3076/3076
f 3012/3012/3012 3000/3000/3000 3072/3072/3072
f 184/184/184 181/181/181 185/185/185
f 195/195/195 192/192/192 196/196/196
f 221/221/221 209/209/209 222/222/222
f 257/257/257 253/253/253 258/258/258
f 261/261/261 257/257/257 262/262/262
f 262/262/262 258/258/258 263/263/263
f 266/266/266 262/262/262 267/267/267
f 273/273/273 269/269/269 274/274/274
f 276/276/276 272/272/272 277/277/277
f 280/280/280 276/276/276 281/281/281
f 285/285/285 280/280/280 286/286/286
f 291/291/291 286/286/286 292/292/292
f 296/296/296 289/289/289 297/297/297
f 302/302/302 295/295/295 303/303/303
f 303/303/303 296/296/296 304/304/304
f 304/304/304 297/297/297 305/305/305
f 312/312/312 301/301/301 313/313/313
f 313/313/313 302/302/302 314/314/314
f 324/324/324 310/310/310 325/325/325
f 354/354/354 350/350/350 355/355/355
f 365/365/365 362/362/362 366/366/366
f 368/368/368 365/365/365 369/369/369
f 371/371/371 368/368/368 372/372/372
f 377/377/377 374/374/374 378/378/378
f 388/388/388 384/384/384 389/389/389
f 402/402/402 392/392/392 403/403/403
f 414/414/414 399/399/399 415/415/415
f 466/466/466 462/462/462 467/467/467
f 469/469/469 465/465/465 468/468/468
f 470/470/470 466/466/466 471/471/471
f 499/499/499 484/484/484 500/500/500
f 503/503/503 495/495/495 504/504/504
f 541/541/541 538/538/538 540/540/540
f 556/556/556 553/553/553 555/555/555
f 563/563/563 559/559/559 562/562/562
f 566/566/566 560/560/560 567/567/567
f 569/569/569 564/564/564 568/568/568
f 572/572/572 565/565/565 573/573/573
f 575/575/575 570/570/570 574/574/574
f 591/591/591 578/578/578 592/592/592
f 596/596/596 587/587/587 597/597/597
f 642/642/642 639/639/639 641/641/641
f 645/645/645 642/642/642 644/644/644
f 651/651/651 648/648/648 650/650/650
f 666/666/666 659/659/659 667/667/667
f 684/684/684 674/674/674 685/685/685
f 715/715/715 712/712/712 714/714/714
f 734/734/734 731/731/731 733/733/733
f 755/755/755 749/749/749 754/754/754
f 756/756/756 750/750/750 755/755/755
f 762/762/762 751/751/751 763/763/763
f 770/770/770 759/759/759 771/771/771
f 794/794/794 785/785/785 793/793/793
f 797/797/797 788/788/788 796/796/796
f 798/798/798 789/789/789 797/797/797
f 828/828/828 825/825/825 827/827/827
f 841/841/841 833/833/833 842/842/842
f 849/849/849 840/840/840 850/850/850
f 858/858/858 846/846/846 859/859/859
f 877/877/877 861/861/861 876/876/876
f 882/882/882 866/866/866 881/881/881
f 887/887/887 871/871/871 886/886/886
f 890/890/890 873/873/873 889/889/889
f 899/899/899 877/877/877 898/898/898
f 899/899/899 877/877/877 900/900/900
f 903/903/903 896/896/896 902/902/902
f 914/914/914 911/911/911 915/915/915
f 944/944/944 937/937/937 945/945/945
f 946/946/946 939/939/939 947/947/947
f 955/955/955 946/946/946 956/956/956
f 958/958/958 949/949/949 959/959/959
f 969/969/969 962/962/962 970/970/970
f 993/993/993 971/971/971 994/994/994
f 996/996/996 988/988/988 995/995/995
f 997/997/997 989/989/989 998/998/998
f 1002/1002/1002 997/997/997 1003/1003/1003
f 1005/1005/1005 1001/1001/1001 1006/1006/1006
f 1008/1008/1008 1005/1005/1005 1009/1009/1009
f 1036/1036/1036 1032/1032/1032 1037/1037/1037
f 1064/1064/1064 1056/1056/1056 1065/1065/1065
f 1087/1087/1087 1066/1066/1066 1088/1088/1088
f 1096/1096/1096 1091/1091/1091 1097/1097/1097
f 1099/1099/1099 1095/1095/1095 1100/1100/1100
f 1108/1108/1108 1105/1105/1105 1109/1109/1109
f 1156/1156/1156 1148/1148/1148 1157/1157/1157
f 1180/1180/1180 1158/1158/1158 1181/1181/1181
f 1185/1185/1185 1177/1177/1177 1186/1186/1186
f 1190/1190/1190 1184/1184/1184 1191/1191/1191
f 1193/1193/1193 1189/1189/1189 1194/1194/1194
f 1196/1196/1196 1193/1193/1193 1197/1197/1197
f 1249/1249/1249 1242/1242/1242 1250/1250/1250
f 1280/1280/1280 1257/1257/1257 1281/1281/1281
f 1283/1283/1283 1276/1276/1276 1282/1282/1282
f 1286/1286/1286 1277/1277/1277 1287/1287/1287
f 1291/1291/1291 1285/1285/1285 1292/1292/1292
f 1294/1294/1294 1290/1290/1290 1295/1295/1295
f 1300/1300/1300 1297/1297/1297 1301/1301/1301
f 1303/1303/1303 1300/1300/1300 1304/1304/1304
f 1316/1316/1316 1312/1312/1312 1317/1317/1317
f 1382/1382/1382 1360/1360/1360 1383/1383/1383
f 1410/1410/1410 1406/1406/1406 1409/1409/1409
f 1411/1411/1411 1407/1407/1407 1412/1412/1412
f 1414/1414/1414 1410/1410/1410 1413/1413/1413
f 1420/1420/1420 1414/1414/1414 1419/1419/1419
f 1435/1435/1435 1426/1426/1426 1434/1434/1434
f 1436/1436/1436 1427/1427/1427 1435/1435/1435
f 1441/1441/1441 1433/1433/1433 1440/1440/1440
f 1445/1445/1445 1436/1436/1436 1444/1444/1444
f 1446/1446/1446 1437/1437/1437 1445/1445/1445
f 1449/1449/1449 1442/1442/1442 1448/1448/1448
f 1450/1450/1450 1443/1443/1443 1449/1449/1449
f 1457/1457/1457 1451/1451/1451 1456/1456/1456
f 1495/1495/1495 1472/1472/1472 1496/1496/1496
f 1498/1498/1498 1492/1492/1492 1497/1497/1497
f 1502/1502/1502 1493/1493/1493 1503/1503/1503
f 1506/1506/1506 1501/1501/1501 1507/1507/1507
f 1528/1528/1528 1525/1525/1525 1527/1527/1527
f 1559/1559/1559 1547/1547/1547 1558/1558/1558
f 1560/1560/1560 1548/1548/1548 1559/1559/1559
f 1561/1561/1561 1549/1549/1549 1560/1560/1560
f 1569/1569/1569 1561/1561/1561 1568/1568/1568
f 1578/1578/1578 1570/1570/1570 1577/1577/1577
f 1579/1579/1579 1571/1571/1571 1578/1578/1578
f 1590/1590/1590 1580/1580/1580 1589/1589/1589
f 1593/1593/1593 1583/1583/1583 1592/1592/1592
f 1620/1620/1620 1598/1598/1598 1621/1621/1621
f 1623/1623/1623 1618/1618/1618 1622/1622/1622
f 1630/1630/1630 1626/1626/1626 1629/1629/1629
f 1634/1634/1634 1631/1631/1631 1633/1633/1633
f 1688/1688/1688 1677/1677/1677 1689/1689/1689
f 1691/1691/1691 1680/1680/1680 1690/1690/1690
f 1699/1699/1699 1687/1687/1687 1698/1698/1698
f 1704/1704/1704 1692/1692/1692 1703/1703/1703
f 1705/1705/1705 1693/1693/1693 1704/1704/1704
f 1709/1709/1709 1699/1699/1699 1708/1708/1708
f 1711/1711/1711 1701/1701/1701 1710/1710/1710
f 1712/1712/1712 1702/1702/1702 1711/1711/1711
f 1717/1717/1717 1713/1713/1713 1716/1716/1716
f 1742/1742/1742 1737/1737/1737 1741/1741/1741
f 1746/1746/1746 1738/1738/1738 1747/1747/1747
f 1749/1749/1749 1745/1745/1745 1748/1748/1748
f 1753/1753/1753 1750/1750/1750 1752/1752/1752
f 1759/1759/1759 1756/1756/1756 1758/1758/1758
f 1778/1778/1778 1774/1774/1774 1777/1777/1777
f 1805/1805/1805 1795/1795/1795 1804/1804/1804
f 1806/1806/1806 1796/1796/1796 1805/1805/1805
f 1810/1810/1810 1799/1799/1799 1809/1809/1809
f 1812/1812/1812 1801/1801/1801 1811/1811/1811
f 1812/1812/1812 1801/1801/1801 1813/1813/1813
f 1835/1835/1835 1814/1814/1814 1836/1836/1836
f 1838/1838/1838 1833/1833/1833 1837/1837/1837
f 1844/1844/1844 1841/1841/1841 1843/1843/1843
f 1848/1848/1848 1845/1845/1845 1847/1847/1847
f 1857/1857/1857 1854/1854/1854 1856/1856/1856
f 1881/1881/1881 1876/1876/1876 1880/1880/1880
f 1926/1926/1926 1922/1922/1922 1925/1925/1925
f 1935/1935/1935 1932/1932/1932 1934/1934/1934
f 1938/1938/1938 1935/1935/1935 1937/1937/1937
f 1941/1941/1941 1938/1938/1938 1940/1940/1940
f 1944/1944/1944 1941/1941/1941 1943/1943/1943
f 1968/1968/1968 1963/1963/1963 1967/1967/1967
f 1985/1985/1985 1971/1971/1971 1986/1986/1986
f 1990/1990/1990 1976/1976/1976 1991/1991/1991
f 1993/1993/1993 1978/1978/1978 1994/1994/1994
f 1998/1998/1998 1988/1988/1988 1999/1999/1999
f 1999/1999/1999 1989/1989/1989 2000/2000/2000
f 2002/2002/2002 1992/1992/1992 2003/2003/2003
f 2003/2003/2003 1993/1993/1993 2004/2004/2004
f 2013/2013/2013 2005/2005/2005 2014/2014/2014
f 2015/2015/2015 2007/2007/2007 2016/2016/2016
f 2031/2031/2031 2027/2027/2027 2030/2030/2030
f 2038/2038/2038 2034/2034/2034 2037/2037/2037
f 2039/2039/2039 2035/2035/2035 2038/2038/2038
f 2042/2042/2042 2039/2039/2039 2041/2041/2041
f 2051/2051/2051 2048/2048/2048 2050/2050/2050
f 2091/2091/2091 2081/2081/2081 2092/2092/2092
f 2100/2100/2100 2088/2088/2088 2101/2101/2101
f 2104/2104/2104 2090/2090/2090 2105/2105/2105
f 2107/2107/2107 2099/2099/2099 2108/2108/2108
f 2129/2129/2129 2109/2109/2109 2130/2130/2130
f 2134/2134/2134 2115/2115/2115 2135/2135/2135
f 2135/2135/2135 2116/2116/2116 2136/2136/2136
f 2136/2136/2136 2117/2117/2117 2137/2137/2137
f 2138/2138/2138 2119/2119/2119 2139/2139/2139
f 2142/2142/2142 2123/2123/2123 2143/2143/2143
f 2143/2143/2143 2124/2124/2124 2144/2144/2144
f 2150/2150/2150 2143/2143/2143 2149/2149/2149
f 2150/2150/2150 2143/2143/2143 2151/2151/2151
f 2152/2152/2152 2145/2145/2145 2153/2153/2153
f 2156/2156/2156 2152/2152/2152 2157/2157/2157
f 2157/2157/2157 2153/2153/2153 2158/2158/2158
f 2166/2166/2166 2163/2163/2163 2167/2167/2167
f 2169/2169/2169 2166/2166/2166 2170/2170/2170
f 2191/2191/2191 2185/2185/2185 2192/2192/2192
f 2192/2192/2192 2186/2186/2186 2193/2193/2193
f 2206/2206/2206 2196/2196/2196 2205/2205/2205
f 2219/2219/2219 2204/2204/2204 2218/2218/2218
f 2222/2222/2222 2211/2211/2211 2223/2223/2223
f 2223/2223/2223 2212/2212/2212 2224/2224/2224
f 2267/2267/2267 2264/2264/2264 2268/2268/2268
f 2270/2270/2270 2267/2267/2267 2271/2271/2271
f 2278/2278/2278 2275/2275/2275 2279/2279/2279
f 2287/2287/2287 2281/2281/2281 2288/2288/2288
f 2294/2294/2294 2285/2285/2285 2295/2295/2295
f 2295/2295/2295 2286/2286/2286 2296/2296/2296
f 2304/2304/2304 2292/2292/2292 2305/2305/2305
f 2312/2312/2312 2301/2301/2301 2313/2313/2313
f 2359/2359/2359 2356/2356/2356 2360/2360/2360
f 2368/2368/2368 2364/2364/2364 2369/2369/2369
f 2371/2371/2371 2367/2367/2367 2370/2370/2370
f 2376/2376/2376 2372/2372/2372 2375/2375/2375
f 2390/2390/2390 2378/2378/2378 2391/2391/2391
f 2393/2393/2393 2386/2386/2386 2392/2392/2392
f 2435/2435/2435 2432/2432/2432 2436/2436/2436
f 2444/2444/2444 2441/2441/2441 2445/2445/2445
f 2447/2447/2447 2444/2444/2444 2448/2448/2448
f 2453/2453/2453 2450/2450/2450 2454/2454/2454
f 2456/2456/2456 2453/2453/2453 2457/2457/2457
f 2465/2465/2465 2460/2460/2460 2466/2466/2466
f 2474/2474/2474 2469/2469/2469 2473/2473/2473
f 2489/2489/2489 2478/2478/2478 2488/2488/2488
f 2493/2493/2493 2482/2482/2482 2492/2492/2492
f 2541/2541/2541 2538/2538/2538 2542/2542/2542
f 2550/2550/2550 2546/2546/2546 2549/2549/2549
f 2551/2551/2551 2547/2547/2547 2552/2552/2552
f 2560/2560/2560 2555/2555/2555 2559/2559/2559
f 2565/2565/2565 2556/2556/2556 2566/2566/2566
f 2568/2568/2568 2562/2562/2562 2567/2567/2567
f 2580/2580/2580 2563/2563/2563 2581/2581/2581
f 2632/2632/2632 2628/2628/2628 2633/2633/2633
f 2635/2635/2635 2631/2631/2631 2634/2634/2634
f 2636/2636/2636 2632/2632/2632 2637/2637/2637
f 2643/2643/2643 2639/2639/2639 2642/2642/2642
f 2655/2655/2655 2650/2650/2650 2654/2654/2654
f 2698/2698/2698 2695/2695/2695 2697/2697/2697
f 2706/2706/2706 2703/2703/2703 2705/2705/2705
f 2709/2709/2709 2706/2706/2706 2708/2708/2708
f 2721/2721/2721 2718/2718/2718 2720/2720/2720
f 2729/2729/2729 2725/2725/2725 2728/2728/2728
f 2734/2734/2734 2730/2730/2730 2733/2733/2733
f 2739/2739/2739 2735/2735/2735 2738/2738/2738
f 2747/2747/2747 2742/2742/2742 2746/2746/2746
f 2794/2794/2794 2789/2789/2789 2793/2793/2793
f 2795/2795/2795 2790/2790/2790 2794/2794/2794
f 2798/2798/2798 2794/2794/2794 2797/2797/2797
f 2802/2802/2802 2798/2798/2798 2801/2801/2801
f 2809/2809/2809 2806/2806/2806 2808/2808/2808
f 2814/2814/2814 2810/2810/2810 2813/2813/2813
f 2818/2818/2818 2814/2814/2814 2817/2817/2817
f 2822/2822/2822 2818/2818/2818 2821/2821/2821
f 2826/2826/2826 2821/2821/2821 2825/2825/2825
f 2831/2831/2831 2827/2827/2827 2830/2830/2830
f 2832/2832/2832 2828/2828/2828 2831/2831/2831
f 2837/2837/2837 2832/2832/2832 2836/2836/2836
f 2838/2838/2838 2833/2833/2833 2837/2837/2837
f 2843/2843/2843 2838/2838/2838 2842/2842/2842
f 2844/2844/2844 2839/2839/2839 2843/2843/2843
f 2852/2852/2852 2846/2846/2846 2851/2851/2851
f 2902/2902/2902 2899/2899/2899 2901/2901/2901
f 2913/2913/2913 2909/2909/2909 2912/2912/2912
f 2932/2932/2932 2926/2926/2926 2931/2931/2931
f 74/74/74 2/2/2 73/73/73
f 75/75/75 3/3/3 74/74/74
f 76/76/76 4/4/4 75/75/75
f 77/77/77 5/5/5 76/76/76
f 78/78/78 6/6/6 77/77/77
f 79/79/79 7/7/7 78/78/78
f 80/80/80 8/8/8 79/79/79
f 81/81/81 9/9/9 80/80/80
f 82/82/82 10/10/10 81/81/81
f 83/83/83 11/11/11 82/82/82
f 84/84/84 12/12/12 83/83/83
f 85/85/85 13/13/13 84/84/84
f 86/86/86 14/14/14 85/85/85
f 87/87/87 15/15/15 86/86/86
f 88/88/88 16/16/16 87/87/87
f 89/89/89 17/17/17 88/88/88
f 91/91/91 19/19/19 90/90/90
f 93/93/93 21/21/21 92/92/92
f 97/97/97 25/25/25 96/96/96
f 99/99/99 27/27/27 98/98/98
f 114/114/114 42/42/42 115/115/115
f 116/116/116 44/44/44 117/117/117
f 120/120/120 48/48/48 121/121/121
f 122/122/122 50/50/50 123/123/123
f 124/124/124 52/52/52 125/125/125
f 126/126/126 54/54/54 127/127/127
f 128/128/128 56/56/56 129/129/129
f 129/129/129 57/57/57 130/130/130
f 130/130/130 58/58/58 131/131/131
f 132/132/132 60/60/60 133/133/133
f 133/133/133 61/61/61 134/134/134
f 134/134/134 62/62/62 135/135/135
f 136/136/136 64/64/64 137/137/137
f 137/137/137 65/65/65 138/138/138
f 138/138/138 66/66/66 139/139/139
f 139/139/139 67/67/67 140/140/140
f 140/140/140 68/68/68 141/141/141
f 141/141/141 69/69/69 142/142/142
f 142/142/142 70/70/70 143/143/143
f 143/143/143 71/71/71 144/144/144
f 147/147/147 75/75/75 146/146/146
f 148/148/148 76/76/76 147/147/147
f 149/149/149 77/77/77 148/148/148
f 154/154/154 82/82/82 153/153/153
f 155/155/155 83/83/83 154/154/154
f 156/156/156 84/84/84 155/155/155
f 158/158/158 86/86/86 157/157/157
f 159/159/159 87/87/87 158/158/158
f 161/161/161 89/89/89 160/160/160
f 163/163/163 91/91/91 162/162/162
f 170/170/170 97/97/97 169/169/169
f 172/172/172 99/99/99 171/171/171
f 190/190/190 114/114/114 191/191/191
f 197/197/197 120/120/120 198/198/198
f 199/199/199 122/122/122 200/200/200
f 206/206/206 129/129/129 207/207/207
f 210/210/210 133/133/133 211/211/211
f 217/217/217 140/140/140 218/218/218
f 218/218/218 141/141/141 219/219/219
f 219/219/219 142/142/142 220/220/220
f 224/224/224 146/146/146 223/223/223
f 225/225/225 147/147/147 224/224/224
f 226/226/226 148/148/148 225/225/225
f 227/227/227 149/149/149 226/226/226
f 235/235/235 157/157/157 234/234/234
f 236/236/236 158/158/158 235/235/235
f 237/237/237 159/159/159 236/236/236
f 239/239/239 161/161/161 238/238/238
f 242/242/242 163/163/163 241/241/241
f 244/244/244 165/165/165 243/243/243
f 249/249/249 168/168/168 248/248/248
f 252/252/252 170/170/170 251/251/251
f 266/266/266 179/179/179 265/265/265
f 283/283/283 190/190/190 284/284/284
f 306/306/306 205/205/205 307/307/307
f 307/307/307 206/206/206 308/308/308
f 319/319/319 217/217/217 320/320/320
f 320/320/320 218/218/218 321/321/321
f 321/321/321 219/219/219 322/322/322
f 322/322/322 220/220/220 323/323/323
f 328/328/328 225/225/225 327/327/327
f 330/330/330 227/227/227 329/329/329
f 331/331/331 228/228/228 330/330/330
f 336/336/336 233/233/233 335/335/335
f 337/337/337 234/234/234 336/336/336
f 338/338/338 235/235/235 337/337/337
f 339/339/339 236/236/236 338/338/338
f 340/340/340 237/237/237 339/339/339
f 343/343/343 240/240/240 342/342/342
f 348/348/348 245/245/245 347/347/347
f 357/357/357 255/255/255 356/356/356
f 379/379/379 283/283/283 380/380/380
f 390/390/390 299/299/299 391/391/391
f 393/393/393 304/304/304 394/394/394
f 395/395/395 306/306/306 396/396/396
f 405/405/405 316/316/316 406/406/406
f 408/408/408 319/319/319 409/409/409
f 409/409/409 320/320/320 410/410/410
f 410/410/410 321/321/321 411/411/411
f 411/411/411 322/322/322 412/412/412
f 412/412/412 323/323/323 413/413/413
f 421/421/421 331/331/331 420/420/420
f 422/422/422 332/332/332 421/421/421
f 423/423/423 333/333/333 422/422/422
f 424/424/424 334/334/334 423/423/423
f 425/425/425 335/335/335 424/424/424
f 426/426/426 336/336/336 425/425/425
f 427/427/427 337/337/337 426/426/426
f 428/428/428 338/338/338 427/427/427
f 429/429/429 339/339/339 428/428/428
f 430/430/430 340/340/340 429/429/429
f 431/431/431 341/341/341 430/430/430
f 434/434/434 344/344/344 433/433/433
f 438/438/438 349/349/349 437/437/437
f 441/441/441 351/351/351 440/440/440
f 443/443/443 353/353/353 442/442/442
f 450/450/450 360/360/360 449/449/449
f 472/472/472 386/386/386 473/473/473
f 476/476/476 390/390/390 477/477/477
f 480/480/480 395/395/395 481/481/481
f 481/481/481 396/396/396 482/482/482
f 485/485/485 401/401/401 486/486/486
f 489/489/489 405/405/405 490/490/490
f 490/490/490 406/406/406 491/491/491
f 491/491/491 407/407/407 492/492/492
f 492/492/492 408/408/408 493/493/493
f 493/493/493 409/409/409 494/494/494
f 496/496/496 412/412/412 497/497/497
f 497/497/497 413/413/413 498/498/498
f 506/506/506 417/417/417 505/505/505
f 510/510/510 421/421/421 509/509/509
f 511/511/511 422/422/422 510/510/510
f 512/512/512 423/423/423 511/511/511
f 513/513/513 424/424/424 512/512/512
f 514/514/514 425/425/425 513/513/513
f 515/515/515 426/426/426 514/514/514
f 516/516/516 427/427/427 515/515/515
f 517/517/517 428/428/428 516/516/516
f 518/518/518 429/429/429 517/517/517
f 519/519/519 430/430/430 518/518/518
f 520/520/520 431/431/431 519/519/519
f 521/521/521 432/432/432 520/520/520
f 522/522/522 433/433/433 521/521/521
f 523/523/523 434/434/434 522/522/522
f 525/525/525 436/436/436 524/524/524
f 528/528/528 438/438/438 527/527/527
f 529/529/529 439/439/439 528/528/528
f 534/534/534 445/445/445 533/533/533
f 536/536/536 447/447/447 535/535/535
f 575/575/575 481/481/481 576/576/576
f 579/579/579 486/486/486 580/580/580
f 582/582/582 489/489/489 583/583/583
f 583/583/583 490/490/490 584/584/584
f 584/584/584 491/491/491 585/585/585
f 585/585/585 492/492/492 586/586/586
f 589/589/589 498/498/498 590/590/590
f 593/593/593 501/501/501 594/594/594
f 599/599/599 507/507/507 598/598/598
f 603/603/603 511/511/511 602/602/602
f 604/604/604 512/512/512 603/603/603
f 605/605/605 513/513/513 604/604/604
f 606/606/606 514/514/514 605/605/605
f 607/607/607 515/515/515 606/606/606
f 608/608/608 516/516/516 607/607/607
f 609/609/609 517/517/517 608/608/608
f 610/610/610 518/518/518 609/609/609
f 611/611/611 519/519/519 610/610/610
f 612/612/612 520/520/520 611/611/611
f 613/613/613 521/521/521 612/612/612
f 614/614/614 522/522/522 613/613/613
f 615/615/615 523/523/523 614/614/614
f 617/617/617 526/526/526 616/616/616
f 622/622/622 531/531/531 621/621/621
f 627/627/627 536/536/536 626/626/626
f 633/633/633 544/544/544 632/632/632
f 669/669/669 582/582/582 670/670/670
f 670/670/670 583/583/583 671/671/671
f 672/672/672 585/585/585 673/673/673
f 676/676/676 590/590/590 677/677/677
f 680/680/680 593/593/593 681/681/681
f 681/681/681 594/594/594 682/682/682
f 682/682/682 595/595/595 683/683/683
f 687/687/687 599/599/599 686/686/686
f 692/692/692 604/604/604 691/691/691
f 693/693/693 605/605/605 692/692/692
f 694/694/694 606/606/606 693/693/693
f 695/695/695 607/607/607 694/694/694
f 696/696/696 608/608/608 695/695/695
f 697/697/697 609/609/609 696/696/696
f 698/698/698 610/610/610 697/697/697
f 699/699/699 611/611/611 698/698/698
f 700/700/700 612/612/612 699/699/699
f 701/701/701 613/613/613 700/700/700
f 702/702/702 614/614/614 701/701/701
f 705/705/705 617/617/617 704/704/704
f 708/708/708 620/620/620 707/707/707
f 712/712/712 624/624/624 711/711/711
f 723/723/723 636/636/636 722/722/722
f 738/738/738 653/653/653 739/739/739
f 740/740/740 655/655/655 741/741/741
f 756/756/756 670/670/670 757/757/757
f 757/757/757 671/671/671 758/758/758
f 764/764/764 679/679/679 765/765/765
f 768/768/768 683/683/683 769/769/769
f 773/773/773 687/687/687 772/772/772
f 778/778/778 692/692/692 777/777/777
f 779/779/779 693/693/693 778/778/778
f 780/780/780 694/694/694 779/779/779
f 781/781/781 695/695/695 780/780/780
f 782/782/782 696/696/696 781/781/781
f 783/783/783 697/697/697 782/782/782
f 784/784/784 698/698/698 783/783/783
f 786/786/786 700/700/700 785/785/785
f 791/791/791 705/705/705 790/790/790
f 800/800/800 708/708/708 799/799/799
f 829/829/829 740/740/740 830/830/830
f 835/835/835 746/746/746 836/836/836
f 836/836/836 747/747/747 837/837/837
f 844/844/844 757/757/757 845/845/845
f 847/847/847 761/761/761 848/848/848
f 855/855/855 768/768/768 856/856/856
f 856/856/856 769/769/769 857/857/857
f 861/861/861 774/774/774 860/860/860
f 866/866/866 779/779/779 865/865/865
f 867/867/867 780/780/780 866/866/866
f 868/868/868 781/781/781 867/867/867
f 876/876/876 792/792/792 875/875/875
f 889/889/889 795/795/795 888/888/888
f 893/893/893 799/799/799 892/892/892
f 894/894/894 800/800/800 893/893/893
f 896/896/896 802/802/802 895/895/895
f 905/905/905 806/806/806 904/904/904
f 931/931/931 829/829/829 932/932/932
f 937/937/937 835/835/835 938/938/938
f 940/940/940 838/838/838 941/941/941
f 948/948/948 843/843/843 949/949/949
f 949/949/949 844/844/844 950/950/950
f 952/952/952 848/848/848 953/953/953
f 959/959/959 851/851/851 960/960/960
f 961/961/961 853/853/853 962/962/962
f 964/964/964 856/856/856 965/965/965
f 965/965/965 857/857/857 966/966/966
f 982/982/982 888/888/888 981/981/981
f 984/984/984 890/890/890 983/983/983
f 985/985/985 891/891/891 984/984/984
f 986/986/986 892/892/892 985/985/985
f 987/987/987 893/893/893 986/986/986
f 991/991/991 897/897/897 990/990/990
f 993/993/993 899/899/899 992/992/992
f 1000/1000/1000 905/905/905 999/999/999
f 1013/1013/1013 917/917/917 1014/1014/1014
f 1020/1020/1020 922/922/922 1021/1021/1021
f 1027/1027/1027 927/927/927 1028/1028/1028
f 1038/1038/1038 936/936/936 1039/1039/1039
f 1040/1040/1040 942/942/942 1041/1041/1041
f 1042/1042/1042 944/944/944 1043/1043/1043
f 1043/1043/1043 945/945/945 1044/1044/1044
f 1046/1046/1046 952/952/952 1047/1047/1047
f 1049/1049/1049 955/955/955 1050/1050/1050
f 1052/1052/1052 958/958/958 1053/1053/1053
f 1054/1054/1054 960/960/960 1055/1055/1055
f 1058/1058/1058 965/965/965 1059/1059/1059
f 1059/1059/1059 966/966/966 1060/1060/1060
f 1062/1062/1062 968/968/968 1063/1063/1063
f 1070/1070/1070 974/974/974 1069/1069/1069
f 1079/1079/1079 983/983/983 1078/1078/1078
f 1082/1082/1082 986/986/986 1081/1081/1081
f 1086/1086/1086 991/991/991 1085/1085/1085
f 1087/1087/1087 992/992/992 1086/1086/1086
f 1094/1094/1094 1000/1000/1000 1093/1093/1093
f 1114/1114/1114 1019/1019/1019 1115/1115/1115
f 1120/1120/1120 1026/1026/1026 1121/1121/1121
f 1126/1126/1126 1034/1034/1034 1127/1127/1127
f 1130/1130/1130 1038/1038/1038 1131/1131/1131
f 1132/1132/1132 1040/1040/1040 1133/1133/1133
f 1134/1134/1134 1042/1042/1042 1135/1135/1135
f 1135/1135/1135 1043/1043/1043 1136/1136/1136
f 1137/1137/1137 1045/1045/1045 1138/1138/1138
f 1142/1142/1142 1049/1049/1049 1143/1143/1143
f 1146/1146/1146 1053/1053/1053 1147/1147/1147
f 1150/1150/1150 1059/1059/1059 1151/1151/1151
f 1152/1152/1152 1061/1061/1061 1153/1153/1153
f 1153/1153/1153 1062/1062/1062 1154/1154/1154
f 1154/1154/1154 1063/1063/1063 1155/1155/1155
f 1162/1162/1162 1069/1069/1069 1161/1161/1161
f 1172/1172/1172 1079/1079/1079 1171/1171/1171
f 1174/1174/1174 1081/1081/1081 1173/1173/1173
f 1175/1175/1175 1082/1082/1082 1174/1174/1174
f 1180/1180/1180 1086/1086/1086 1179/1179/1179
f 1183/1183/1183 1090/1090/1090 1182/1182/1182
f 1188/1188/1188 1094/1094/1094 1187/1187/1187
f 1206/1206/1206 1111/1111/1111 1207/1207/1207
f 1214/1214/1214 1117/1117/1117 1215/1215/1215
f 1221/1221/1221 1123/1123/1123 1222/1222/1222
f 1226/1226/1226 1128/1128/1128 1227/1227/1227
f 1228/1228/1228 1130/1130/1130 1229/1229/1229
f 1230/1230/1230 1132/1132/1132 1231/1231/1231
f 1232/1232/1232 1134/1134/1134 1233/1233/1233
f 1236/1236/1236 1139/1139/1139 1237/1237/1237
f 1238/1238/1238 1141/1141/1141 1239/1239/1239
f 1241/1241/1241 1144/1144/1144 1242/1242/1242
f 1243/1243/1243 1146/1146/1146 1244/1244/1244
f 1246/1246/1246 1150/1150/1150 1247/1247/1247
f 1253/1253/1253 1154/1154/1154 1254/1254/1254
f 1254/1254/1254 1155/1155/1155 1255/1255/1255
f 1260/1260/1260 1160/1160/1160 1259/1259/1259
f 1261/1261/1261 1161/1161/1161 1260/1260/1260
f 1264/1264/1264 1164/1164/1164 1263/1263/1263
f 1274/1274/1274 1174/1174/1174 1273/1273/1273
f 1275/1275/1275 1175/1175/1175 1274/1274/1274
f 1280/1280/1280 1179/1179/1179 1279/1279/1279
f 1289/1289/1289 1188/1188/1188 1288/1288/1288
f 1309/1309/1309 1209/1209/1209 1310/1310/1310
f 1320/1320/1320 1220/1220/1220 1321/1321/1321
f 1321/1321/1321 1221/1221/1221 1322/1322/1322
f 1325/1325/1325 1224/1224/1224 1326/1326/1326
f 1330/1330/1330 1228/1228/1228 1331/1331/1331
f 1333/1333/1333 1230/1230/1230 1334/1334/1334
f 1336/1336/1336 1232/1232/1232 1337/1337/1337
f 1340/1340/1340 1236/1236/1236 1341/1341/1341
f 1344/1344/1344 1240/1240/1240 1345/1345/1345
f 1351/1351/1351 1248/1248/1248 1352/1352/1352
f 1354/1354/1354 1251/1251/1251 1355/1355/1355
f 1358/1358/1358 1255/1255/1255 1359/1359/1359
f 1363/1363/1363 1259/1259/1259 1362/1362/1362
f 1370/1370/1370 1266/1266/1266 1369/1369/1369
f 1371/1371/1371 1267/1267/1267 1370/1370/1370
f 1374/1374/1374 1270/1270/1270 1373/1373/1373
f 1378/1378/1378 1274/1274/1274 1377/1377/1377
f 1382/1382/1382 1279/1279/1279 1381/1381/1381
f 1386/1386/1386 1284/1284/1284 1385/1385/1385
f 1403/1403/1403 1306/1306/1306 1404/1404/1404
f 1416/1416/1416 1316/1316/1316 1417/1417/1417
f 1417/1417/1417 1317/1317/1317 1418/1418/1418
f 1423/1423/1423 1320/1320/1320 1424/1424/1424
f 1431/1431/1431 1324/1324/1324 1432/1432/1432
f 1438/1438/1438 1327/1327/1327 1439/1439/1439
f 1440/1440/1440 1329/1329/1329 1441/1441/1441
f 1445/1445/1445 1332/1332/1332 1446/1446/1446
f 1448/1448/1448 1335/1335/1335 1449/1449/1449
f 1454/1454/1454 1339/1339/1339 1455/1455/1455
f 1457/1457/1457 1343/1343/1343 1458/1458/1458
f 1458/1458/1458 1344/1344/1344 1459/1459/1459
f 1461/1461/1461 1349/1349/1349 1462/1462/1462
f 1470/1470/1470 1358/1358/1358 1471/1471/1471
f 1475/1475/1475 1362/1362/1362 1474/1474/1474
f 1476/1476/1476 1363/1363/1363 1475/1475/1475
f 1480/1480/1480 1367/1367/1367 1479/1479/1479
f 1481/1481/1481 1368/1368/1368 1480/1480/1480
f 1482/1482/1482 1369/1369/1369 1481/1481/1481
f 1485/1485/1485 1372/1372/1372 1484/1484/1484
f 1486/1486/1486 1373/1373/1373 1485/1485/1485
f 1487/1487/1487 1374/1374/1374 1486/1486/1486
f 1488/1488/1488 1375/1375/1375 1487/1487/1487
f 1490/1490/1490 1377/1377/1377 1489/1489/1489
f 1491/1491/1491 1378/1378/1378 1490/1490/1490
f 1500/1500/1500 1386/1386/1386 1499/1499/1499
f 1518/1518/1518 1401/1401/1401 1519/1519/1519
f 1529/1529/1529 1415/1415/1415 1530/1530/1530
f 1534/1534/1534 1422/1422/1422 1535/1535/1535
f 1540/1540/1540 1428/1428/1428 1541/1541/1541
f 1544/1544/1544 1431/1431/1431 1545/1545/1545
f 1556/1556/1556 1436/1436/1436 1557/1557/1557
f 1574/1574/1574 1452/1452/1452 1575/1575/1575
f 1575/1575/1575 1453/1453/1453 1576/1576/1576
f 1587/1587/1587 1460/1460/1460 1588/1588/1588
f 1594/1594/1594 1468/1468/1468 1595/1595/1595
f 1595/1595/1595 1469/1469/1469 1596/1596/1596
f 1596/1596/1596 1470/1470/1470 1597/1597/1597
f 1601/1601/1601 1474/1474/1474 1600/1600/1600
f 1602/1602/1602 1475/1475/1475 1601/1601/1601
f 1608/1608/1608 1481/1481/1481 1607/1607/1607
f 1609/1609/1609 1482/1482/1482 1608/1608/1608
f 1610/1610/1610 1483/1483/1483 1609/1609/1609
f 1611/1611/1611 1484/1484/1484 1610/1610/1610
f 1612/1612/1612 1485/1485/1485 1611/1611/1611
f 1613/1613/1613 1486/1486/1486 1612/1612/1612
f 1616/1616/1616 1489/1489/1489 1615/1615/1615
f 1617/1617/1617 1490/1490/1490 1616/1616/1616
f 1625/1625/1625 1499/1499/1499 1624/1624/1624
f 1639/1639/1639 1512/1512/1512 1640/1640/1640
f 1649/1649/1649 1521/1521/1521 1650/1650/1650
f 1661/1661/1661 1533/1533/1533 1662/1662/1662
f 1665/1665/1665 1539/1539/1539 1666/1666/1666
f 1667/1667/1667 1542/1542/1542 1668/1668/1668
f 1668/1668/1668 1543/1543/1543 1669/1669/1669
f 1669/1669/1669 1544/1544/1544 1670/1670/1670
f 1670/1670/1670 1545/1545/1545 1671/1671/1671
f 1672/1672/1672 1547/1547/1547 1673/1673/1673
f 1682/1682/1682 1553/1553/1553 1683/1683/1683
f 1685/1685/1685 1562/1562/1562 1684/1684/1684
f 1705/1705/1705 1572/1572/1572 1706/1706/1706
f 1706/1706/1706 1573/1573/1573 1707/1707/1707
f 1710/1710/1710 1581/1581/1581 1711/1711/1711
f 1713/1713/1713 1584/1584/1584 1714/1714/1714
f 1714/1714/1714 1585/1585/1585 1715/1715/1715
f 1720/1720/1720 1600/1600/1600 1719/1719/1719
f 1721/1721/1721 1601/1601/1601 1720/1720/1720
f 1722/1722/1722 1602/1602/1602 1721/1721/1721
f 1730/1730/1730 1610/1610/1610 1729/1729/1729
f 1731/1731/1731 1611/1611/1611 1730/1730/1730
f 1732/1732/1732 1612/1612/1612 1731/1731/1731
f 1733/1733/1733 1613/1613/1613 1732/1732/1732
f 1734/1734/1734 1614/1614/1614 1733/1733/1733
f 1735/1735/1735 1615/1615/1615 1734/1734/1734
f 1744/1744/1744 1624/1624/1624 1743/1743/1743
f 1761/1761/1761 1642/1642/1642 1762/1762/1762
f 1767/1767/1767 1648/1648/1648 1768/1768/1768
f 1775/1775/1775 1657/1657/1657 1776/1776/1776
f 1780/1780/1780 1661/1661/1661 1781/1781/1781
f 1783/1783/1783 1664/1664/1664 1784/1784/1784
f 1788/1788/1788 1670/1670/1670 1789/1789/1789
f 1789/1789/1789 1671/1671/1671 1790/1790/1790
f 1790/1790/1790 1672/1672/1672 1791/1791/1791
f 1791/1791/1791 1673/1673/1673 1792/1792/1792
f 1792/1792/1792 1674/1674/1674 1793/1793/1793
f 1801/1801/1801 1681/1681/1681 1802/1802/1802
f 1802/1802/1802 1682/1682/1682 1803/1803/1803
f 1804/1804/1804 1686/1686/1686 1805/1805/1805
f 1806/1806/1806 1688/1688/1688 1807/1807/1807
f 1817/1817/1817 1720/1720/1720 1816/1816/1816
f 1818/1818/1818 1721/1721/1721 1817/1817/1817
f 1828/1828/1828 1731/1731/1731 1827/1827/1827
f 1829/1829/1829 1732/1732/1732 1828/1828/1828
f 1830/1830/1830 1733/1733/1733 1829/1829/1829
f 1831/1831/1831 1734/1734/1734 1830/1830/1830
f 1835/1835/1835 1739/1739/1739 1834/1834/1834
f 1840/1840/1840 1743/1743/1743 1839/1839/1839
f 1860/1860/1860 1764/1764/1764 1861/1861/1861
f 1866/1866/1866 1770/1770/1770 1867/1867/1867
f 1873/1873/1873 1779/1779/1779 1874/1874/1874
f 1878/1878/1878 1782/1782/1782 1879/1879/1879
f 1885/1885/1885 1790/1790/1790 1886/1886/1886
f 1886/1886/1886 1791/1791/1791 1887/1887/1887
f 1887/1887/1887 1792/1792/1792 1888/1888/1888
f 1892/1892/1892 1797/1797/1797 1893/1893/1893
f 1895/1895/1895 1800/1800/1800 1896/1896/1896
f 1897/1897/1897 1802/1802/1802 1898/1898/1898
f 1900/1900/1900 1807/1807/1807 1901/1901/1901
f 1906/1906/1906 1816/1816/1816 1905/1905/1905
f 1907/1907/1907 1817/1817/1817 1906/1906/1906
f 1908/1908/1908 1818/1818/1818 1907/1907/1907
f 1918/1918/1918 1828/1828/1828 1917/1917/1917
f 1919/1919/1919 1829/1829/1829 1918/1918/1918
f 1920/1920/1920 1830/1830/1830 1919/1919/1919
f 1928/1928/1928 1839/1839/1839 1927/1927/1927
f 1946/1946/1946 1859/1859/1859 1947/1947/1947
f 1957/1957/1957 1871/1871/1871 1958/1958/1958
f 1960/1960/1960 1874/1874/1874 1961/1961/1961
f 1965/1965/1965 1877/1877/1877 1966/1966/1966
f 1968/1968/1968 1882/1882/1882 1969/1969/1969
f 1970/1970/1970 1884/1884/1884 1971/1971/1971
f 1971/1971/1971 1885/1885/1885 1972/1972/1972
f 1972/1972/1972 1886/1886/1886 1973/1973/1973
f 1973/1973/1973 1887/1887/1887 1974/1974/1974
f 1974/1974/1974 1888/1888/1888 1975/1975/1975
f 1975/1975/1975 1889/1889/1889 1976/1976/1976
f 1976/1976/1976 1890/1890/1890 1977/1977/1977
f 1982/1982/1982 1896/1896/1896 1983/1983/1983
f 1991/1991/1991 1899/1899/1899 1992/1992/1992
f 2012/2012/2012 1906/1906/1906 2011/2011/2011
f 2013/2013/2013 1907/1907/1907 2012/2012/2012
f 2014/2014/2014 1908/1908/1908 2013/2013/2013
f 2015/2015/2015 1909/1909/1909 2014/2014/2014
f 2017/2017/2017 1911/1911/1911 2016/2016/2016
f 2025/2025/2025 1919/1919/1919 2024/2024/2024
f 2033/2033/2033 1927/1927/1927 2032/2032/2032
f 2060/2060/2060 1951/1951/1951 2061/2061/2061
f 2069/2069/2069 1960/1960/1960 2070/2070/2070
f 2073/2073/2073 1964/1964/1964 2074/2074/2074
f 2074/2074/2074 1965/1965/1965 2075/2075/2075
f 2077/2077/2077 1968/1968/1968 2078/2078/2078
f 2078/2078/2078 1969/1969/1969 2079/2079/2079
f 2082/2082/2082 1981/1981/1981 2083/2083/2083
f 2086/2086/2086 1984/1984/1984 2087/2087/2087
f 2088/2088/2088 1990/1990/1990 2089/2089/2089
f 2095/2095/2095 1995/1995/1995 2096/2096/2096
f 2098/2098/2098 1998/1998/1998 2099/2099/2099
f 2101/2101/2101 2001/2001/2001 2102/2102/2102
f 2102/2102/2102 2002/2002/2002 2103/2103/2103
f 2114/2114/2114 2009/2009/2009 2113/2113/2113
f 2128/2128/2128 2011/2011/2011 2127/2127/2127
f 2129/2129/2129 2012/2012/2012 2128/2128/2128
f 2132/2132/2132 2015/2015/2015 2131/2131/2131
f 2134/2134/2134 2018/2018/2018 2133/2133/2133
f 2135/2135/2135 2019/2019/2019 2134/2134/2134
f 2151/2151/2151 2032/2032/2032 2150/2150/2150
f 2163/2163/2163 2044/2044/2044 2164/2164/2164
f 2176/2176/2176 2059/2059/2059 2177/2177/2177
f 2182/2182/2182 2066/2066/2066 2183/2183/2183
f 2184/2184/2184 2068/2068/2068 2185/2185/2185
f 2185/2185/2185 2069/2069/2069 2186/2186/2186
f 2186/2186/2186 2070/2070/2070 2187/2187/2187
f 2188/2188/2188 2073/2073/2073 2189/2189/2189
f 2193/2193/2193 2076/2076/2076 2194/2194/2194
f 2196/2196/2196 2082/2082/2082 2197/2197/2197
f 2201/2201/2201 2084/2084/2084 2202/2202/2202
f 2205/2205/2205 2091/2091/2091 2206/2206/2206
f 2209/2209/2209 2093/2093/2093 2210/2210/2210
f 2210/2210/2210 2094/2094/2094 2211/2211/2211
f 2213/2213/2213 2097/2097/2097 2214/2214/2214
f 2218/2218/2218 2103/2103/2103 2219/2219/2219
f 2225/2225/2225 2106/2106/2106 2226/2226/2226
f 2232/2232/2232 2113/2113/2113 2231/2231/2231
f 2234/2234/2234 2115/2115/2115 2233/2233/2233
f 2235/2235/2235 2116/2116/2116 2234/2234/2234
f 2236/2236/2236 2117/2117/2117 2235/2235/2235
f 2237/2237/2237 2118/2118/2118 2236/2236/2236
f 2238/2238/2238 2119/2119/2119 2237/2237/2237
f 2239/2239/2239 2120/2120/2120 2238/2238/2238
f 2245/2245/2245 2126/2126/2126 2244/2244/2244
f 2247/2247/2247 2128/2128/2128 2246/2246/2246
f 2250/2250/2250 2146/2146/2146 2249/2249/2249
f 2254/2254/2254 2154/2154/2154 2253/2253/2253
f 2283/2283/2283 2190/2190/2190 2284/2284/2284
f 2289/2289/2289 2198/2198/2198 2290/2290/2290
f 2290/2290/2290 2199/2199/2199 2291/2291/2291
f 2297/2297/2297 2207/2207/2207 2298/2298/2298
f 2298/2298/2298 2208/2208/2208 2299/2299/2299
f 2299/2299/2299 2209/2209/2209 2300/2300/2300
f 2306/2306/2306 2221/2221/2221 2307/2307/2307
f 2307/2307/2307 2222/2222/2222 2308/2308/2308
f 2308/2308/2308 2223/2223/2223 2309/2309/2309
f 2309/2309/2309 2224/2224/2224 2310/2310/2310
f 2316/2316/2316 2230/2230/2230 2315/2315/2315
f 2317/2317/2317 2231/2231/2231 2316/2316/2316
f 2319/2319/2319 2233/2233/2233 2318/2318/2318
f 2320/2320/2320 2234/2234/2234 2319/2319/2319
f 2321/2321/2321 2235/2235/2235 2320/2320/2320
f 2322/2322/2322 2236/2236/2236 2321/2321/2321
f 2323/2323/2323 2237/2237/2237 2322/2322/2322
f 2324/2324/2324 2238/2238/2238 2323/2323/2323
f 2325/2325/2325 2239/2239/2239 2324/2324/2324
f 2326/2326/2326 2240/2240/2240 2325/2325/2325
f 2331/2331/2331 2245/2245/2245 2330/2330/2330
f 2333/2333/2333 2247/2247/2247 2332/2332/2332
f 2336/2336/2336 2250/2250/2250 2335/2335/2335
f 2376/2376/2376 2290/2290/2290 2377/2377/2377
f 2379/2379/2379 2294/2294/2294 2380/2380/2380
f 2383/2383/2383 2298/2298/2298 2384/2384/2384
f 2388/2388/2388 2303/2303/2303 2389/2389/2389
f 2395/2395/2395 2309/2309/2309 2396/2396/2396
f 2396/2396/2396 2310/2310/2310 2397/2397/2397
f 2402/2402/2402 2316/2316/2316 2401/2401/2401
f 2403/2403/2403 2317/2317/2317 2402/2402/2402
f 2405/2405/2405 2319/2319/2319 2404/2404/2404
f 2406/2406/2406 2320/2320/2320 2405/2405/2405
f 2407/2407/2407 2321/2321/2321 2406/2406/2406
f 2408/2408/2408 2322/2322/2322 2407/2407/2407
f 2409/2409/2409 2323/2323/2323 2408/2408/2408
f 2410/2410/2410 2324/2324/2324 2409/2409/2409
f 2411/2411/2411 2325/2325/2325 2410/2410/2410
f 2412/2412/2412 2326/2326/2326 2411/2411/2411
f 2417/2417/2417 2331/2331/2331 2416/2416/2416
f 2419/2419/2419 2333/2333/2333 2418/2418/2418
f 2422/2422/2422 2336/2336/2336 2421/2421/2421
f 2427/2427/2427 2340/2340/2340 2426/2426/2426
f 2439/2439/2439 2349/2349/2349 2438/2438/2438
f 2474/2474/2474 2383/2383/2383 2475/2475/2475
f 2483/2483/2483 2387/2387/2387 2484/2484/2484
f 2484/2484/2484 2388/2388/2388 2485/2485/2485
f 2485/2485/2485 2389/2389/2389 2486/2486/2486
f 2492/2492/2492 2397/2397/2397 2493/2493/2493
f 2493/2493/2493 2398/2398/2398 2494/2494/2494
f 2496/2496/2496 2401/2401/2401 2495/2495/2495
f 2497/2497/2497 2402/2402/2402 2496/2496/2496
f 2498/2498/2498 2403/2403/2403 2497/2497/2497
f 2499/2499/2499 2404/2404/2404 2498/2498/2498
f 2500/2500/2500 2405/2405/2405 2499/2499/2499
f 2501/2501/2501 2406/2406/2406 2500/2500/2500
f 2502/2502/2502 2407/2407/2407 2501/2501/2501
f 2503/2503/2503 2408/2408/2408 2502/2502/2502
f 2504/2504/2504 2409/2409/2409 2503/2503/2503
f 2505/2505/2505 2410/2410/2410 2504/2504/2504
f 2506/2506/2506 2411/2411/2411 2505/2505/2505
f 2512/2512/2512 2417/2417/2417 2511/2511/2511
f 2516/2516/2516 2420/2420/2420 2515/2515/2515
f 2518/2518/2518 2422/2422/2422 2517/2517/2517
f 2519/2519/2519 2423/2423/2423 2518/2518/2518
f 2521/2521/2521 2425/2425/2425 2520/2520/2520
f 2526/2526/2526 2430/2430/2430 2525/2525/2525
f 2564/2564/2564 2471/2471/2471 2565/2565/2565
f 2568/2568/2568 2475/2475/2475 2569/2569/2569
f 2569/2569/2569 2476/2476/2476 2570/2570/2570
f 2574/2574/2574 2481/2481/2481 2575/2575/2575
f 2575/2575/2575 2482/2482/2482 2576/2576/2576
f 2576/2576/2576 2483/2483/2483 2577/2577/2577
f 2578/2578/2578 2485/2485/2485 2579/2579/2579
f 2583/2583/2583 2496/2496/2496 2582/2582/2582
f 2586/2586/2586 2499/2499/2499 2585/2585/2585
f 2587/2587/2587 2500/2500/2500 2586/2586/2586
f 2588/2588/2588 2501/2501/2501 2587/2587/2587
f 2589/2589/2589 2502/2502/2502 2588/2588/2588
f 2590/2590/2590 2503/2503/2503 2589/2589/2589
f 2591/2591/2591 2504/2504/2504 2590/2590/2590
f 2592/2592/2592 2505/2505/2505 2591/2591/2591
f 2593/2593/2593 2506/2506/2506 2592/2592/2592
f 2600/2600/2600 2513/2513/2513 2599/2599/2599
f 2602/2602/2602 2515/2515/2515 2601/2601/2601
f 2605/2605/2605 2519/2519/2519 2604/2604/2604
f 2611/2611/2611 2524/2524/2524 2610/2610/2610
f 2613/2613/2613 2526/2526/2526 2612/2612/2612
f 2651/2651/2651 2564/2564/2564 2652/2652/2652
f 2655/2655/2655 2569/2569/2569 2656/2656/2656
f 2656/2656/2656 2570/2570/2570 2657/2657/2657
f 2657/2657/2657 2571/2571/2571 2658/2658/2658
f 2658/2658/2658 2572/2572/2572 2659/2659/2659
f 2659/2659/2659 2573/2573/2573 2660/2660/2660
f 2660/2660/2660 2574/2574/2574 2661/2661/2661
f 2663/2663/2663 2577/2577/2577 2664/2664/2664
f 2664/2664/2664 2578/2578/2578 2665/2665/2665
f 2665/2665/2665 2579/2579/2579 2666/2666/2666
f 2669/2669/2669 2583/2583/2583 2668/2668/2668
f 2672/2672/2672 2586/2586/2586 2671/2671/2671
f 2673/2673/2673 2587/2587/2587 2672/2672/2672
f 2674/2674/2674 2588/2588/2588 2673/2673/2673
f 2675/2675/2675 2589/2589/2589 2674/2674/2674
f 2676/2676/2676 2590/2590/2590 2675/2675/2675
f 2677/2677/2677 2591/2591/2591 2676/2676/2676
f 2678/2678/2678 2592/2592/2592 2677/2677/2677
f 2688/2688/2688 2603/2603/2603 2687/2687/2687
f 2693/2693/2693 2607/2607/2607 2692/2692/2692
f 2695/2695/2695 2609/2609/2609 2694/2694/2694
f 2700/2700/2700 2615/2615/2615 2699/2699/2699
f 2731/2731/2731 2640/2640/2640 2732/2732/2732
f 2736/2736/2736 2645/2645/2645 2737/2737/2737
f 2739/2739/2739 2648/2648/2648 2740/2740/2740
f 2743/2743/2743 2651/2651/2651 2744/2744/2744
f 2744/2744/2744 2652/2652/2652 2745/2745/2745
f 2747/2747/2747 2656/2656/2656 2748/2748/2748
f 2748/2748/2748 2657/2657/2657 2749/2749/2749
f 2749/2749/2749 2658/2658/2658 2750/2750/2750
f 2750/2750/2750 2659/2659/2659 2751/2751/2751
f 2751/2751/2751 2660/2660/2660 2752/2752/2752
f 2752/2752/2752 2661/2661/2661 2753/2753/2753
f 2753/2753/2753 2662/2662/2662 2754/2754/2754
f 2754/2754/2754 2663/2663/2663 2755/2755/2755
f 2755/2755/2755 2664/2664/2664 2756/2756/2756
f 2756/2756/2756 2665/2665/2665 2757/2757/2757
f 2757/2757/2757 2666/2666/2666 2758/2758/2758
f 2760/2760/2760 2670/2670/2670 2759/2759/2759
f 2763/2763/2763 2673/2673/2673 2762/2762/2762
f 2764/2764/2764 2674/2674/2674 2763/2763/2763
f 2765/2765/2765 2675/2675/2675 2764/2764/2764
f 2766/2766/2766 2676/2676/2676 2765/2765/2765
f 2767/2767/2767 2677/2677/2677 2766/2766/2766
f 2768/2768/2768 2678/2678/2678 2767/2767/2767
f 2773/2773/2773 2683/2683/2683 2772/2772/2772
f 2775/2775/2775 2685/2685/2685 2774/2774/2774
f 2779/2779/2779 2689/2689/2689 2778/2778/2778
f 2784/2784/2784 2693/2693/2693 2783/2783/2783
f 2823/2823/2823 2722/2722/2722 2824/2824/2824
f 2840/2840/2840 2736/2736/2736 2841/2841/2841
f 2848/2848/2848 2743/2743/2743 2849/2849/2849
f 2849/2849/2849 2744/2744/2744 2850/2850/2850
f 2853/2853/2853 2749/2749/2749 2854/2854/2854
f 2854/2854/2854 2750/2750/2750 2855/2855/2855
f 2855/2855/2855 2751/2751/2751 2856/2856/2856
f 2857/2857/2857 2753/2753/2753 2858/2858/2858
f 2858/2858/2858 2754/2754/2754 2859/2859/2859
f 2861/2861/2861 2757/2757/2757 2862/2862/2862
f 2864/2864/2864 2761/2761/2761 2863/2863/2863
f 2866/2866/2866 2763/2763/2763 2865/2865/2865
f 2867/2867/2867 2764/2764/2764 2866/2866/2866
f 2868/2868/2868 2765/2765/2765 2867/2867/2867
f 2876/2876/2876 2773/2773/2773 2875/2875/2875
f 2877/2877/2877 2774/2774/2774 2876/2876/2876
f 2878/2878/2878 2775/2775/2775 2877/2877/2877
f 2881/2881/2881 2780/2780/2780 2880/2880/2880
f 2883/2883/2883 2782/2782/2782 2882/2882/2882
f 2885/2885/2885 2786/2786/2786 2884/2884/2884
f 2890/2890/2890 2792/2792/2792 2889/2889/2889
f 2896/2896/2896 2803/2803/2803 2895/2895/2895
f 2910/2910/2910 2823/2823/2823 2911/2911/2911
f 2917/2917/2917 2834/2834/2834 2918/2918/2918
f 2921/2921/2921 2840/2840/2840 2922/2922/2922
f 2923/2923/2923 2844/2844/2844 2924/2924/2924
f 2927/2927/2927 2847/2847/2847 2928/2928/2928
f 2932/2932/2932 2853/2853/2853 2933/2933/2933
f 2933/2933/2933 2854/2854/2854 2934/2934/2934
f 2934/2934/2934 2855/2855/2855 2935/2935/2935
f 2936/2936/2936 2857/2857/2857 2937/2937/2937
f 2937/2937/2937 2858/2858/2858 2938/2938/2938
f 2938/2938/2938 2859/2859/2859 2939/2939/2939
f 2939/2939/2939 2860/2860/2860 2940/2940/2940
f 2942/2942/2942 2864/2864/2864 2941/2941/2941
f 2944/2944/2944 2866/2866/2866 2943/2943/2943
f 2945/2945/2945 2867/2867/2867 2944/2944/2944
f 2954/2954/2954 2876/2876/2876 2953/2953/2953
f 2955/2955/2955 2877/2877/2877 2954/2954/2954
f 2956/2956/2956 2878/2878/2878 2955/2955/2955
f 2961/2961/2961 2883/2883/2883 2960/2960/2960
f 2965/2965/2965 2888/2888/2888 2964/2964/2964
f 2967/2967/2967 2890/2890/2890 2966/2966/2966
f 2984/2984/2984 2910/2910/2910 2985/2985/2985
f 2988/2988/2988 2915/2915/2915 2989/2989/2989
f 2990/2990/2990 2917/2917/2917 2991/2991/2991
f 2994/2994/2994 2921/2921/2921 2995/2995/2995
f 2997/2997/2997 2924/2924/2924 2998/2998/2998
f 3000/3000/3000 2927/2927/2927 3001/3001/3001
f 3002/3002/3002 2929/2929/2929 3003/3003/3003
f 3008/3008/3008 2936/2936/2936 3009/3009/3009
f 3009/3009/3009 2937/2937/2937 3010/3010/3010
f 3011/3011/3011 2939/2939/2939 3012/3012/3012
f 3014/3014/3014 2942/2942/2942 3013/3013/3013
f 3015/3015/3015 2943/2943/2943 3014/3014/3014
f 3016/3016/3016 2944/2944/2944 3015/3015/3015
f 3017/3017/3017 2945/2945/2945 3016/3016/3016
f 3018/3018/3018 2946/2946/2946 3017/3017/3017
f 3019/3019/3019 2947/2947/2947 3018/3018/3018
f 3020/3020/3020 2948/2948/2948 3019/3019/3019
f 3021/3021/3021 2949/2949/2949 3020/3020/3020
f 3022/3022/3022 2950/2950/2950 3021/3021/3021
f 3023/3023/3023 2951/2951/2951 3022/3022/3022
f 3024/3024/3024 2952/2952/2952 3023/3023/3023
f 3025/3025/3025 2953/2953/2953 3024/3024/3024
f 3026/3026/3026 2954/2954/2954 3025/3025/3025
f 3027/3027/3027 2955/2955/2955 3026/3026/3026
f 3028/3028/3028 2956/2956/2956 3027/3027/3027
f 3029/3029/3029 2957/2957/2957 3028/3028/3028
f 3031/3031/3031 2959/2959/2959 3030/3030/3030
f 3033/3033/3033 2961/2961/2961 3032/3032/3032
f 3037/3037/3037 2965/2965/2965 3036/3036/3036
f 3039/3039/3039 2967/2967/2967 3038/3038/3038
f 3054/3054/3054 2982/2982/2982 3055/3055/3055
f 3056/3056/3056 2984/2984/2984 3057/3057/3057
f 3060/3060/3060 2988/2988/2988 3061/3061/3061
f 3062/3062/3062 2990/2990/2990 3063/3063/3063
f 3064/3064/3064 2992/2992/2992 3065/3065/3065
f 3066/3066/3066 2994/2994/2994 3067/3067/3067
f 3068/3068/3068 2996/2996/2996 3069/3069/3069
f 3069/3069/3069 2997/2997/2997 3070/3070/3070
f 3070/3070/3070 2998/2998/2998 3071/3071/3071
f 3072/3072/3072 3000/3000/3000 3073/3073/3073
f 3073/3073/3073 3001/3001/3001 3074/3074/3074
f 3074/3074/3074 3002/3002/3002 3075/3075/3075
f 3076/3076/3076 3004/3004/3004 3077/3077/3077
f 3077/3077/3077 3005/3005/3005 3078/3078/3078
f 3078/3078/3078 3006/3006/3006 3079/3079/3079
f 3079/3079/3079 3007/3007/3007 3080/3080/3080
f 3080/3080/3080 3008/3008/3008 3081/3081/3081
f 3081/3081/3081 3009/3009/3009 3082/3082/3082
f 3082/3082/3082 3010/3010/3010 3083/3083/3083
f 3083/3083/3083 3011/3011/3011 3084/3084/3084
f 73/73/73 1/1/1 91/91/91
f 92/92/92 20/20/20 89/89/89
f 90/90/90 18/18/18 94/94/94
f 95/95/95 23/23/23 93/93/93
f 94/94/94 22/22/22 97/97/97
f 98/98/98 26/26/26 95/95/95
f 96/96/96 24/24/24 100/100/100
f 101/101/101 29/29/29 99/99/99
f 100/100/100 28/28/28 102/102/102
f 103/103/103 31/31/31 101/101/101
f 102/102/102 30/30/30 104/104/104
f 105/105/105 33/33/33 103/103/103
f 104/104/104 32/32/32 106/106/106
f 107/107/107 35/35/35 105/105/105
f 106/106/106 34/34/34 108/108/108
f 109/109/109 37/37/37 107/107/107
f 108/108/108 36/36/36 110/110/110
f 111/111/111 39/39/39 109/109/109
f 110/110/110 38/38/38 112/112/112
f 113/113/113 41/41/41 111/111/111
f 112/112/112 40/40/40 114/114/114
f 117/117/117 45/45/45 113/113/113
f 115/115/115 43/43/43 118/118/118
f 119/119/119 47/47/47 116/116/116
f 118/118/118 46/46/46 120/120/120
f 123/123/123 51/51/51 119/119/119
f 121/121/121 49/49/49 124/124/124
f 127/127/127 55/55/55 122/122/122
f 125/125/125 53/53/53 128/128/128
f 135/135/135 63/63/63 126/126/126
f 131/131/131 59/59/59 136/136/136
f 144/144/144 72/72/72 132/132/132
f 145/145/145 73/73/73 163/163/163
f 164/164/164 92/92/92 161/161/161
f 167/167/167 95/95/95 165/165/165
f 166/166/166 94/94/94 170/170/170
f 169/169/169 96/96/96 173/173/173
f 173/173/173 100/100/100 175/175/175
f 176/176/176 103/103/103 174/174/174
f 175/175/175 102/102/102 177/177/177
f 178/178/178 105/105/105 176/176/176
f 177/177/177 104/104/104 180/180/180
f 184/184/184 109/109/109 181/181/181
f 188/188/188 112/112/112 190/190/190
f 193/193/193 117/117/117 189/189/189
f 191/191/191 115/115/115 194/194/194
f 195/195/195 119/119/119 192/192/192
f 221/221/221 144/144/144 209/209/209
f 223/223/223 145/145/145 242/242/242
f 247/247/247 166/166/166 252/252/252
f 251/251/251 169/169/169 256/256/256
f 257/257/257 174/174/174 253/253/253
f 256/256/256 173/173/173 260/260/260
f 261/261/261 176/176/176 257/257/257
f 260/260/260 175/175/175 264/264/264
f 264/264/264 177/177/177 268/268/268
f 273/273/273 185/185/185 269/269/269
f 276/276/276 187/187/187 272/272/272
f 279/279/279 188/188/188 283/283/283
f 284/284/284 191/191/191 288/288/288
f 290/290/290 196/196/196 285/285/285
f 288/288/288 194/194/194 293/293/293
f 296/296/296 200/200/200 289/289/289
f 302/302/302 204/204/204 295/295/295
f 312/312/312 212/212/212 301/301/301
f 324/324/324 222/222/222 310/310/310
f 352/352/352 250/250/250 349/349/349
f 351/351/351 247/247/247 355/355/355
f 354/354/354 251/251/251 358/358/358
f 359/359/359 259/259/259 357/357/357
f 367/367/367 268/268/268 370/370/370
f 370/370/370 271/271/271 373/373/373
f 374/374/374 278/278/278 371/371/371
f 373/373/373 275/275/275 376/376/376
f 377/377/377 282/282/282 374/374/374
f 385/385/385 292/292/292 381/381/381
f 383/383/383 288/288/288 386/386/386
f 388/388/388 298/298/298 384/384/384
f 387/387/387 294/294/294 390/390/390
f 391/391/391 300/300/300 395/395/395
f 402/402/402 314/314/314 392/392/392
f 414/414/414 325/325/325 399/399/399
f 448/448/448 358/358/358 451/451/451
f 451/451/451 361/361/361 453/453/453
f 453/453/453 364/364/364 455/455/455
f 455/455/455 367/367/367 457/457/457
f 457/457/457 370/370/370 459/459/459
f 460/460/460 375/375/375 458/458/458
f 463/463/463 378/378/378 460/460/460
f 466/466/466 381/381/381 462/462/462
f 464/464/464 379/379/379 468/468/468
f 469/469/469 383/383/383 472/472/472
f 475/475/475 389/389/389 470/470/470
f 473/473/473 387/387/387 476/476/476
f 479/479/479 394/394/394 474/474/474
f 477/477/477 391/391/391 480/480/480
f 487/487/487 403/403/403 478/478/478
f 499/499/499 415/415/415 484/484/484
f 527/527/527 437/437/437 523/523/523
f 543/543/543 453/453/453 546/546/546
f 546/546/546 455/455/455 548/548/548
f 551/551/551 460/460/460 549/549/549
f 550/550/550 459/459/459 552/552/552
f 552/552/552 461/461/461 555/555/555
f 557/557/557 467/467/467 554/554/554
f 556/556/556 465/465/465 558/558/558
f 561/561/561 471/471/471 557/557/557
f 558/558/558 469/469/469 562/562/562
f 566/566/566 475/475/475 560/560/560
f 563/563/563 473/473/473 568/568/568
f 572/572/572 479/479/479 565/565/565
f 569/569/569 477/477/477 574/574/574
f 591/591/591 500/500/500 578/578/578
f 596/596/596 504/504/504 587/587/587
f 618/618/618 527/527/527 615/615/615
f 623/623/623 532/532/532 620/620/620
f 638/638/638 548/548/548 641/641/641
f 641/641/641 550/550/550 644/644/644
f 645/645/645 553/553/553 647/647/647
f 649/649/649 557/557/557 646/646/646
f 647/647/647 556/556/556 650/650/650
f 652/652/652 561/561/561 649/649/649
f 651/651/651 559/559/559 653/653/653
f 656/656/656 567/567/567 652/652/652
f 654/654/654 564/564/564 657/657/657
f 661/661/661 573/573/573 655/655/655
f 658/658/658 570/570/570 662/662/662
f 666/666/666 580/580/580 659/659/659
f 678/678/678 592/592/592 665/665/665
f 684/684/684 597/597/597 674/674/674
f 686/686/686 598/598/598 705/705/705
f 713/713/713 625/625/625 716/716/716
f 716/716/716 628/628/628 718/718/718
f 718/718/718 630/630/630 720/720/720
f 721/721/721 634/634/634 719/719/719
f 724/724/724 637/637/637 721/721/721
f 726/726/726 639/639/639 728/728/728
f 732/732/732 646/646/646 729/729/729
f 730/730/730 645/645/645 733/733/733
f 735/735/735 649/649/649 732/732/732
f 734/734/734 648/648/648 736/736/736
f 737/737/737 652/652/652 735/735/735
f 736/736/736 651/651/651 738/738/738
f 739/739/739 654/654/654 742/742/742
f 745/745/745 661/661/661 740/740/740
f 753/753/753 667/667/667 744/744/744
f 748/748/748 664/664/664 754/754/754
f 762/762/762 678/678/678 751/751/751
f 770/770/770 685/685/685 759/759/759
f 798/798/798 706/706/706 789/789/789
f 805/805/805 714/714/714 803/803/803
f 804/804/804 713/713/713 807/807/807
f 808/808/808 717/717/717 806/806/806
f 807/807/807 716/716/716 809/809/809
f 809/809/809 718/718/718 811/811/811
f 811/811/811 720/720/720 813/813/813
f 814/814/814 724/724/724 812/812/812
f 813/813/813 723/723/723 815/815/815
f 816/816/816 727/727/727 814/814/814
f 818/818/818 729/729/729 816/816/816
f 817/817/817 728/728/728 819/819/819
f 821/821/821 732/732/732 818/818/818
f 820/820/820 731/731/731 822/822/822
f 823/823/823 735/735/735 821/821/821
f 826/826/826 737/737/737 823/823/823
f 824/824/824 736/736/736 827/827/827
f 828/828/828 739/739/739 831/831/831
f 834/834/834 745/745/745 829/829/829
f 841/841/841 753/753/753 833/833/833
f 839/839/839 750/750/750 843/843/843
f 849/849/849 763/763/763 840/840/840
f 845/845/845 758/758/758 851/851/851
f 858/858/858 771/771/771 846/846/846
f 887/887/887 793/793/793 871/871/871
f 904/904/904 805/805/805 901/901/901
f 908/908/908 808/808/808 905/905/905
f 906/906/906 807/807/807 909/909/909
f 910/910/910 810/810/810 908/908/908
f 915/915/915 813/813/813 918/918/918
f 919/919/919 816/816/816 916/916/916
f 918/918/918 815/815/815 920/920/920
f 921/921/921 818/818/818 919/919/919
f 925/925/925 822/822/822 927/927/927
f 929/929/929 826/826/826 926/926/926
f 928/928/928 825/825/825 930/930/930
f 932/932/932 830/830/830 929/929/929
f 930/930/930 828/828/828 933/933/933
f 943/943/943 842/842/842 935/935/935
f 954/954/954 850/850/850 942/942/942
f 967/967/967 859/859/859 951/951/951
f 972/972/972 878/878/878 994/994/994
f 996/996/996 901/901/901 988/988/988
f 998/998/998 903/903/903 1003/1003/1003
f 1004/1004/1004 908/908/908 1000/1000/1000
f 1002/1002/1002 906/906/906 1006/1006/1006
f 1007/1007/1007 910/910/910 1004/1004/1004
f 1006/1006/1006 909/909/909 1009/1009/1009
f 1010/1010/1010 913/913/913 1007/1007/1007
f 1008/1008/1008 911/911/911 1011/1011/1011
f 1029/1029/1029 929/929/929 1025/1025/1025
f 1033/1033/1033 932/932/932 1029/1029/1029
f 1031/1031/1031 930/930/930 1035/1035/1035
f 1036/1036/1036 935/935/935 1032/1032/1032
f 1060/1060/1060 967/967/967 1045/1045/1045
f 1064/1064/1064 970/970/970 1056/1056/1056
f 1067/1067/1067 971/971/971 1088/1088/1088
f 1089/1089/1089 995/995/995 1083/1083/1083
f 1084/1084/1084 989/989/989 1092/1092/1092
f 1093/1093/1093 999/999/999 1090/1090/1090
f 1092/1092/1092 997/997/997 1097/1097/1097
f 1098/1098/1098 1004/1004/1004 1094/1094/1094
f 1096/1096/1096 1001/1001/1001 1100/1100/1100
f 1101/1101/1101 1007/1007/1007 1098/1098/1098
f 1100/1100/1100 1005/1005/1005 1103/1103/1103
f 1104/1104/1104 1010/1010/1010 1101/1101/1101
f 1103/1103/1103 1008/1008/1008 1106/1106/1106
f 1106/1106/1106 1011/1011/1011 1109/1109/1109
f 1116/1116/1116 1022/1022/1022 1113/1113/1113
f 1119/1119/1119 1025/1025/1025 1116/1116/1116
f 1125/1125/1125 1033/1033/1033 1122/1122/1122
f 1124/1124/1124 1030/1030/1030 1126/1126/1126
f 1129/1129/1129 1037/1037/1037 1125/1125/1125
f 1133/1133/1133 1041/1041/1041 1128/1128/1128
f 1131/1131/1131 1039/1039/1039 1134/1134/1134
f 1151/1151/1151 1060/1060/1060 1137/1137/1137
f 1156/1156/1156 1065/1065/1065 1148/1148/1148
f 1159/1159/1159 1066/1066/1066 1181/1181/1181
f 1178/1178/1178 1084/1084/1084 1186/1186/1186
f 1187/1187/1187 1093/1093/1093 1183/1183/1183
f 1185/1185/1185 1091/1091/1091 1191/1191/1191
f 1190/1190/1190 1095/1095/1095 1194/1194/1194
f 1198/1198/1198 1104/1104/1104 1195/1195/1195
f 1197/1197/1197 1102/1102/1102 1200/1200/1200
f 1201/1201/1201 1107/1107/1107 1198/1198/1198
f 1204/1204/1204 1110/1110/1110 1201/1201/1201
f 1212/1212/1212 1116/1116/1116 1208/1208/1208
f 1216/1216/1216 1119/1119/1119 1212/1212/1212
f 1227/1227/1227 1129/1129/1129 1223/1223/1223
f 1231/1231/1231 1133/1133/1133 1226/1226/1226
f 1237/1237/1237 1140/1140/1140 1230/1230/1230
f 1247/1247/1247 1151/1151/1151 1234/1234/1234
f 1244/1244/1244 1147/1147/1147 1251/1251/1251
f 1256/1256/1256 1157/1157/1157 1245/1245/1245
f 1258/1258/1258 1158/1158/1158 1281/1281/1281
f 1283/1283/1283 1182/1182/1182 1276/1276/1276
f 1278/1278/1278 1177/1177/1177 1287/1287/1287
f 1288/1288/1288 1187/1187/1187 1284/1284/1284
f 1286/1286/1286 1184/1184/1184 1292/1292/1292
f 1291/1291/1291 1189/1189/1189 1295/1295/1295
f 1295/1295/1295 1193/1193/1193 1298/1298/1298
f 1299/1299/1299 1198/1198/1198 1296/1296/1296
f 1298/1298/1298 1196/1196/1196 1301/1301/1301
f 1302/1302/1302 1201/1201/1201 1299/1299/1299
f 1301/1301/1301 1199/1199/1199 1304/1304/1304
f 1305/1305/1305 1204/1204/1204 1302/1302/1302
f 1308/1308/1308 1208/1208/1208 1305/1305/1305
f 1315/1315/1315 1216/1216/1216 1311/1311/1311
f 1353/1353/1353 1250/1250/1250 1346/1346/1346
f 1359/1359/1359 1256/1256/1256 1348/1348/1348
f 1361/1361/1361 1257/1257/1257 1383/1383/1383
f 1384/1384/1384 1282/1282/1282 1379/1379/1379
f 1380/1380/1380 1277/1277/1277 1388/1388/1388
f 1387/1387/1387 1285/1285/1285 1392/1392/1392
f 1391/1391/1391 1290/1290/1290 1394/1394/1394
f 1394/1394/1394 1294/1294/1294 1396/1396/1396
f 1397/1397/1397 1299/1299/1299 1395/1395/1395
f 1399/1399/1399 1302/1302/1302 1397/1397/1397
f 1402/1402/1402 1305/1305/1305 1399/1399/1399
f 1441/1441/1441 1330/1330/1330 1448/1448/1448
f 1450/1450/1450 1337/1337/1337 1456/1456/1456
f 1471/1471/1471 1359/1359/1359 1460/1460/1460
f 1473/1473/1473 1360/1360/1360 1496/1496/1496
f 1498/1498/1498 1384/1384/1384 1492/1492/1492
f 1494/1494/1494 1380/1380/1380 1503/1503/1503
f 1502/1502/1502 1387/1387/1387 1507/1507/1507
f 1508/1508/1508 1393/1393/1393 1505/1505/1505
f 1506/1506/1506 1391/1391/1391 1509/1509/1509
f 1510/1510/1510 1395/1395/1395 1508/1508/1508
f 1513/1513/1513 1397/1397/1397 1510/1510/1510
f 1511/1511/1511 1396/1396/1396 1514/1514/1514
f 1514/1514/1514 1398/1398/1398 1517/1517/1517
f 1517/1517/1517 1400/1400/1400 1520/1520/1520
f 1532/1532/1532 1419/1419/1419 1528/1528/1528
f 1554/1554/1554 1434/1434/1434 1537/1537/1537
f 1539/1539/1539 1427/1427/1427 1556/1556/1556
f 1546/1546/1546 1433/1433/1433 1558/1558/1558
f 1567/1567/1567 1444/1444/1444 1555/1555/1555
f 1560/1560/1560 1443/1443/1443 1568/1568/1568
f 1569/1569/1569 1451/1451/1451 1577/1577/1577
f 1579/1579/1579 1459/1459/1459 1589/1589/1589
f 1599/1599/1599 1472/1472/1472 1621/1621/1621
f 1623/1623/1623 1497/1497/1497 1618/1618/1618
f 1619/1619/1619 1493/1493/1493 1628/1628/1628
f 1630/1630/1630 1504/1504/1504 1626/1626/1626
f 1627/1627/1627 1501/1501/1501 1632/1632/1632
f 1634/1634/1634 1508/1508/1508 1631/1631/1631
f 1637/1637/1637 1510/1510/1510 1634/1634/1634
f 1635/1635/1635 1509/1509/1509 1638/1638/1638
f 1638/1638/1638 1511/1511/1511 1641/1641/1641
f 1644/1644/1644 1517/1517/1517 1647/1647/1647
f 1647/1647/1647 1520/1520/1520 1651/1651/1651
f 1651/1651/1651 1523/1523/1523 1654/1654/1654
f 1660/1660/1660 1531/1531/1531 1656/1656/1656
f 1675/1675/1675 1550/1550/1550 1685/1685/1685
f 1684/1684/1684 1561/1561/1561 1696/1696/1696
f 1698/1698/1698 1571/1571/1571 1708/1708/1708
f 1712/1712/1712 1583/1583/1583 1716/1716/1716
f 1718/1718/1718 1598/1598/1598 1740/1740/1740
f 1742/1742/1742 1622/1622/1622 1737/1737/1737
f 1739/1739/1739 1619/1619/1619 1747/1747/1747
f 1749/1749/1749 1629/1629/1629 1745/1745/1745
f 1746/1746/1746 1627/1627/1627 1751/1751/1751
f 1753/1753/1753 1633/1633/1633 1750/1750/1750
f 1760/1760/1760 1641/1641/1641 1763/1763/1763
f 1763/1763/1763 1644/1644/1644 1766/1766/1766
f 1766/1766/1766 1647/1647/1647 1769/1769/1769
f 1769/1769/1769 1651/1651/1651 1772/1772/1772
f 1803/1803/1803 1683/1683/1683 1782/1782/1782
f 1794/1794/1794 1676/1676/1676 1804/1804/1804
f 1808/1808/1808 1690/1690/1690 1797/1797/1797
f 1798/1798/1798 1680/1680/1680 1809/1809/1809
f 1815/1815/1815 1718/1718/1718 1836/1836/1836
f 1838/1838/1838 1741/1741/1741 1833/1833/1833
f 1834/1834/1834 1738/1738/1738 1842/1842/1842
f 1844/1844/1844 1748/1748/1748 1841/1841/1841
f 1848/1848/1848 1752/1752/1752 1845/1845/1845
f 1851/1851/1851 1755/1755/1755 1848/1848/1848
f 1858/1858/1858 1763/1763/1763 1862/1862/1862
f 1862/1862/1862 1766/1766/1766 1865/1865/1865
f 1865/1865/1865 1769/1769/1769 1868/1868/1868
f 1868/1868/1868 1772/1772/1772 1870/1870/1870
f 1872/1872/1872 1777/1777/1777 1869/1869/1869
f 1875/1875/1875 1781/1781/1781 1880/1880/1880
f 1891/1891/1891 1796/1796/1796 1899/1899/1899
f 1901/1901/1901 1808/1808/1808 1892/1892/1892
f 1896/1896/1896 1801/1801/1801 1902/1902/1902
f 1904/1904/1904 1814/1814/1814 1924/1924/1924
f 1926/1926/1926 1837/1837/1837 1922/1922/1922
f 1923/1923/1923 1834/1834/1834 1930/1930/1930
f 1931/1931/1931 1843/1843/1843 1929/1929/1929
f 1935/1935/1935 1847/1847/1847 1932/1932/1932
f 1933/1933/1933 1846/1846/1846 1936/1936/1936
f 1936/1936/1936 1849/1849/1849 1939/1939/1939
f 1939/1939/1939 1852/1852/1852 1942/1942/1942
f 1945/1945/1945 1858/1858/1858 1948/1948/1948
f 1948/1948/1948 1862/1862/1862 1950/1950/1950
f 1950/1950/1950 1865/1865/1865 1953/1953/1953
f 1953/1953/1953 1868/1868/1868 1956/1956/1956
f 1962/1962/1962 1876/1876/1876 1967/1967/1967
f 1993/1993/1993 1901/1901/1901 1978/1978/1978
f 2031/2031/2031 1925/1925/1925 2027/2027/2027
f 2028/2028/2028 1923/1923/1923 2036/2036/2036
f 2042/2042/2042 1934/1934/1934 2039/2039/2039
f 2040/2040/2040 1933/1933/1933 2043/2043/2043
f 2043/2043/2043 1936/1936/1936 2046/2046/2046
f 2046/2046/2046 1939/1939/1939 2049/2049/2049
f 2057/2057/2057 1949/1949/1949 2054/2054/2054
f 2058/2058/2058 1950/1950/1950 2062/2062/2062
f 2062/2062/2062 1953/1953/1953 2065/2065/2065
f 2090/2090/2090 1994/1994/1994 2080/2080/2080
f 2100/2100/2100 2000/2000/2000 2088/2088/2088
f 2104/2104/2104 2004/2004/2004 2090/2090/2090
f 2110/2110/2110 2005/2005/2005 2130/2130/2130
f 2112/2112/2112 2007/2007/2007 2132/2132/2132
f 2127/2127/2127 2010/2010/2010 2148/2148/2148
f 2149/2149/2149 2030/2030/2030 2142/2142/2142
f 2147/2147/2147 2028/2028/2028 2155/2155/2155
f 2156/2156/2156 2037/2037/2037 2152/2152/2152
f 2155/2155/2155 2036/2036/2036 2159/2159/2159
f 2160/2160/2160 2041/2041/2041 2157/2157/2157
f 2159/2159/2159 2040/2040/2040 2162/2162/2162
f 2164/2164/2164 2045/2045/2045 2161/2161/2161
f 2162/2162/2162 2043/2043/2043 2165/2165/2165
f 2165/2165/2165 2046/2046/2046 2168/2168/2168
f 2169/2169/2169 2050/2050/2050 2166/2166/2166
f 2168/2168/2168 2049/2049/2049 2171/2171/2171
f 2177/2177/2177 2060/2060/2060 2174/2174/2174
f 2179/2179/2179 2063/2063/2063 2176/2176/2176
f 2197/2197/2197 2083/2083/2083 2188/2188/2188
f 2227/2227/2227 2108/2108/2108 2215/2215/2215
f 2228/2228/2228 2109/2109/2109 2248/2248/2248
f 2249/2249/2249 2145/2145/2145 2245/2245/2245
f 2246/2246/2246 2127/2127/2127 2252/2252/2252
f 2255/2255/2255 2155/2155/2155 2257/2257/2257
f 2257/2257/2257 2159/2159/2159 2259/2259/2259
f 2262/2262/2262 2167/2167/2167 2260/2260/2260
f 2261/2261/2261 2165/2165/2165 2263/2263/2263
f 2265/2265/2265 2170/2170/2170 2262/2262/2262
f 2263/2263/2263 2168/2168/2168 2266/2266/2266
f 2267/2267/2267 2172/2172/2172 2264/2264/2264
f 2270/2270/2270 2174/2174/2174 2267/2267/2267
f 2274/2274/2274 2178/2178/2178 2277/2277/2277
f 2278/2278/2278 2182/2182/2182 2275/2275/2275
f 2277/2277/2277 2181/2181/2181 2280/2280/2280
f 2282/2282/2282 2189/2189/2189 2278/2278/2278
f 2287/2287/2287 2197/2197/2197 2281/2281/2281
f 2294/2294/2294 2205/2205/2205 2285/2285/2285
f 2304/2304/2304 2218/2218/2218 2292/2292/2292
f 2312/2312/2312 2227/2227/2227 2301/2301/2301
f 2335/2335/2335 2249/2249/2249 2331/2331/2331
f 2332/2332/2332 2246/2246/2246 2338/2338/2338
f 2341/2341/2341 2255/2255/2255 2343/2343/2343
f 2344/2344/2344 2258/2258/2258 2342/2342/2342
f 2343/2343/2343 2257/2257/2257 2345/2345/2345
f 2346/2346/2346 2260/2260/2260 2344/2344/2344
f 2345/2345/2345 2259/2259/2259 2347/2347/2347
f 2348/2348/2348 2262/2262/2262 2346/2346/2346
f 2357/2357/2357 2271/2271/2271 2354/2354/2354
f 2359/2359/2359 2273/2273/2273 2356/2356/2356
f 2358/2358/2358 2272/2272/2272 2361/2361/2361
f 2365/2365/2365 2279/2279/2279 2362/2362/2362
f 2363/2363/2363 2277/2277/2277 2366/2366/2366
f 2368/2368/2368 2282/2282/2282 2364/2364/2364
f 2366/2366/2366 2280/2280/2280 2370/2370/2370
f 2374/2374/2374 2288/2288/2288 2368/2368/2368
f 2371/2371/2371 2284/2284/2284 2375/2375/2375
f 2381/2381/2381 2296/2296/2296 2373/2373/2373
f 2390/2390/2390 2305/2305/2305 2378/2378/2378
f 2385/2385/2385 2300/2300/2300 2392/2392/2392
f 2399/2399/2399 2313/2313/2313 2387/2387/2387
f 2421/2421/2421 2335/2335/2335 2417/2417/2417
f 2428/2428/2428 2341/2341/2341 2431/2431/2431
f 2431/2431/2431 2343/2343/2343 2434/2434/2434
f 2434/2434/2434 2345/2345/2345 2437/2437/2437
f 2444/2444/2444 2354/2354/2354 2441/2441/2441
f 2447/2447/2447 2357/2357/2357 2444/2444/2444
f 2451/2451/2451 2360/2360/2360 2447/2447/2447
f 2453/2453/2453 2362/2362/2362 2450/2450/2450
f 2456/2456/2456 2365/2365/2365 2453/2453/2453
f 2455/2455/2455 2363/2363/2363 2458/2458/2458
f 2461/2461/2461 2369/2369/2369 2456/2456/2456
f 2459/2459/2459 2367/2367/2367 2462/2462/2462
f 2465/2465/2465 2374/2374/2374 2460/2460/2460
f 2463/2463/2463 2372/2372/2372 2467/2467/2467
f 2468/2468/2468 2377/2377/2377 2473/2473/2473
f 2487/2487/2487 2391/2391/2391 2470/2470/2470
f 2477/2477/2477 2386/2386/2386 2488/2488/2488
f 2495/2495/2495 2400/2400/2400 2516/2516/2516
f 2523/2523/2523 2428/2428/2428 2527/2527/2527
f 2527/2527/2527 2431/2431/2431 2529/2529/2529
f 2536/2536/2536 2445/2445/2445 2534/2534/2534
f 2539/2539/2539 2448/2448/2448 2536/2536/2536
f 2541/2541/2541 2451/2451/2451 2538/2538/2538
f 2544/2544/2544 2454/2454/2454 2541/2541/2541
f 2543/2543/2543 2452/2452/2452 2545/2545/2545
f 2548/2548/2548 2457/2457/2457 2544/2544/2544
f 2545/2545/2545 2455/2455/2455 2549/2549/2549
f 2551/2551/2551 2461/2461/2461 2547/2547/2547
f 2550/2550/2550 2459/2459/2459 2553/2553/2553
f 2558/2558/2558 2466/2466/2466 2551/2551/2551
f 2554/2554/2554 2463/2463/2463 2559/2559/2559
f 2565/2565/2565 2472/2472/2472 2556/2556/2556
f 2561/2561/2561 2469/2469/2469 2567/2567/2567
f 2580/2580/2580 2487/2487/2487 2563/2563/2563
f 2582/2582/2582 2495/2495/2495 2603/2603/2603
f 2608/2608/2608 2522/2522/2522 2605/2605/2605
f 2614/2614/2614 2527/2527/2527 2617/2617/2617
f 2618/2618/2618 2530/2530/2530 2616/2616/2616
f 2617/2617/2617 2529/2529/2529 2619/2619/2619
f 2620/2620/2620 2532/2532/2532 2618/2618/2618
f 2619/2619/2619 2531/2531/2531 2621/2621/2621
f 2622/2622/2622 2534/2534/2534 2620/2620/2620
f 2625/2625/2625 2537/2537/2537 2627/2627/2627
f 2629/2629/2629 2542/2542/2542 2626/2626/2626
f 2627/2627/2627 2540/2540/2540 2630/2630/2630
f 2632/2632/2632 2544/2544/2544 2628/2628/2628
f 2630/2630/2630 2543/2543/2543 2634/2634/2634
f 2636/2636/2636 2548/2548/2548 2632/2632/2632
f 2635/2635/2635 2546/2546/2546 2638/2638/2638
f 2641/2641/2641 2552/2552/2552 2636/2636/2636
f 2638/2638/2638 2550/2550/2550 2642/2642/2642
f 2646/2646/2646 2558/2558/2558 2640/2640/2640
f 2644/2644/2644 2555/2555/2555 2647/2647/2647
f 2653/2653/2653 2566/2566/2566 2645/2645/2645
f 2649/2649/2649 2562/2562/2562 2654/2654/2654
f 2667/2667/2667 2581/2581/2581 2651/2651/2651
f 2694/2694/2694 2608/2608/2608 2691/2691/2691
f 2698/2698/2698 2613/2613/2613 2695/2695/2695
f 2701/2701/2701 2616/2616/2616 2698/2698/2698
f 2710/2710/2710 2622/2622/2622 2707/2707/2707
f 2708/2708/2708 2621/2621/2621 2711/2711/2711
f 2711/2711/2711 2623/2623/2623 2714/2714/2714
f 2714/2714/2714 2625/2625/2625 2717/2717/2717
f 2717/2717/2717 2627/2627/2627 2720/2720/2720
f 2723/2723/2723 2633/2633/2633 2719/2719/2719
f 2721/2721/2721 2631/2631/2631 2724/2724/2724
f 2724/2724/2724 2635/2635/2635 2728/2728/2728
f 2732/2732/2732 2641/2641/2641 2726/2726/2726
f 2729/2729/2729 2639/2639/2639 2733/2733/2733
f 2737/2737/2737 2646/2646/2646 2731/2731/2731
f 2734/2734/2734 2644/2644/2644 2738/2738/2738
f 2745/2745/2745 2653/2653/2653 2736/2736/2736
f 2741/2741/2741 2650/2650/2650 2746/2746/2746
f 2758/2758/2758 2667/2667/2667 2743/2743/2743
f 2787/2787/2787 2694/2694/2694 2782/2782/2782
f 2791/2791/2791 2697/2697/2697 2787/2787/2787
f 2788/2788/2788 2696/2696/2696 2793/2793/2793
f 2796/2796/2796 2701/2701/2701 2792/2792/2792
f 2801/2801/2801 2706/2706/2706 2805/2805/2805
f 2811/2811/2811 2713/2713/2713 2807/2807/2807
f 2808/2808/2808 2712/2712/2712 2812/2812/2812
f 2815/2815/2815 2716/2716/2716 2811/2811/2811
f 2812/2812/2812 2715/2715/2715 2816/2816/2816
f 2819/2819/2819 2719/2719/2719 2815/2815/2815
f 2816/2816/2816 2718/2718/2718 2820/2820/2820
f 2826/2826/2826 2725/2725/2725 2830/2830/2830
f 2835/2835/2835 2732/2732/2732 2829/2829/2829
f 2831/2831/2831 2730/2730/2730 2836/2836/2836
f 2841/2841/2841 2737/2737/2737 2834/2834/2834
f 2837/2837/2837 2735/2735/2735 2842/2842/2842
f 2850/2850/2850 2745/2745/2745 2840/2840/2840
f 2845/2845/2845 2742/2742/2742 2851/2851/2851
f 2882/2882/2882 2781/2781/2781 2879/2879/2879
f 2889/2889/2889 2791/2791/2791 2886/2886/2886
f 2887/2887/2887 2790/2790/2790 2891/2891/2891
f 2892/2892/2892 2796/2796/2796 2890/2890/2890
f 2891/2891/2891 2795/2795/2795 2893/2893/2893
f 2898/2898/2898 2806/2806/2806 2901/2901/2901
f 2903/2903/2903 2811/2811/2811 2900/2900/2900
f 2902/2902/2902 2810/2810/2810 2904/2904/2904
f 2905/2905/2905 2815/2815/2815 2903/2903/2903
f 2911/2911/2911 2824/2824/2824 2907/2907/2907
f 2908/2908/2908 2822/2822/2822 2912/2912/2912
f 2914/2914/2914 2829/2829/2829 2910/2910/2910
f 2913/2913/2913 2828/2828/2828 2915/2915/2915
f 2916/2916/2916 2833/2833/2833 2919/2919/2919
f 2922/2922/2922 2841/2841/2841 2917/2917/2917
f 2920/2920/2920 2839/2839/2839 2923/2923/2923
f 2930/2930/2930 2850/2850/2850 2921/2921/2921
f 2925/2925/2925 2846/2846/2846 2931/2931/2931
f 2941/2941/2941 2863/2863/2863 2959/2959/2959
f 2958/2958/2958 2880/2880/2880 2962/2962/2962
f 2966/2966/2966 2889/2889/2889 2963/2963/2963
f 2969/2969/2969 2892/2892/2892 2967/2967/2967
f 2968/2968/2968 2891/2891/2891 2970/2970/2970
f 2970/2970/2970 2893/2893/2893 2972/2972/2972
f 2974/2974/2974 2899/2899/2899 2976/2976/2976
f 2977/2977/2977 2903/2903/2903 2975/2975/2975
f 2979/2979/2979 2905/2905/2905 2977/2977/2977
f 2980/2980/2980 2906/2906/2906 2982/2982/2982
f 2985/2985/2985 2911/2911/2911 2981/2981/2981
f 2983/2983/2983 2909/2909/2909 2986/2986/2986
f 2987/2987/2987 2914/2914/2914 2984/2984/2984
f 2995/2995/2995 2922/2922/2922 2990/2990/2990
f 3003/3003/3003 2930/2930/2930 2994/2994/2994
f 2999/2999/2999 2926/2926/2926 3004/3004/3004
f 3012/3012/3012 2940/2940/2940 3000/3000/3000
f 3013/3013/3013 2941/2941/2941 3031/3031/3031
f 3032/3032/3032 2960/2960/2960 3029/3029/3029
f 3030/3030/3030 2958/2958/2958 3034/3034/3034
f 3035/3035/3035 2963/2963/2963 3033/3033/3033
f 3034/3034/3034 2962/2962/2962 3037/3037/3037
f 3038/3038/3038 2966/2966/2966 3035/3035/3035
f 3036/3036/3036 2964/2964/2964 3040/3040/3040
f 3041/3041/3041 2969/2969/2969 3039/3039/3039
f 3040/3040/3040 2968/2968/2968 3042/3042/3042
f 3043/3043/3043 2971/2971/2971 3041/3041/3041
f 3042/3042/3042 2970/2970/2970 3044/3044/3044
f 3045/3045/3045 2973/2973/2973 3043/3043/3043
f 3044/3044/3044 2972/2972/2972 3046/3046/3046
f 3047/3047/3047 2975/2975/2975 3045/3045/3045
f 3046/3046/3046 2974/2974/2974 3048/3048/3048
f 3049/3049/3049 2977/2977/2977 3047/3047/3047
f 3048/3048/3048 2976/2976/2976 3050/3050/3050
f 3051/3051/3051 2979/2979/2979 3049/3049/3049
f 3050/3050/3050 2978/2978/2978 3052/3052/3052
f 3053/3053/3053 2981/2981/2981 3051/3051/3051
f 3052/3052/3052 2980/2980/2980 3054/3054/3054
f 3057/3057/3057 2985/2985/2985 3053/3053/3053
f 3055/3055/3055 2983/2983/2983 3058/3058/3058
f 3059/3059/3059 2987/2987/2987 3056/3056/3056
f 3058/3058/3058 2986/2986/2986 3060/3060/3060
f 3063/3063/3063 2991/2991/2991 3059/3059/3059
f 3061/3061/3061 2989/2989/2989 3064/3064/3064
f 3067/3067/3067 2995/2995/2995 3062/3062/3062
f 3065/3065/3065 2993/2993/2993 3068/3068/3068
f 3075/3075/3075 3003/3003/3003 3066/3066/3066
f 3071/3071/3071 2999/2999/2999 3076/3076/3076
f 3084/3084/3084 3012/3012/3012 3072/3072/3072
f 171/171/171 168/168/168 172/172/172
f 181/181/181 179/179/179 182/182/182
f 243/243/243 240/240/240 244/244/244
f 248/248/248 245/245/245 249/249/249
f 249/249/249 246/246/246 250/250/250
f 253/253/253 250/250/250 254/254/254
f 258/258/258 255/255/255 259/259/259
f 265/265/265 262/262/262 266/266/266
f 269/269/269 267/267/267 270/270/270
f 277/277/277 274/274/274 278/278/278
f 281/281/281 278/278/278 282/282/282
f 286/286/286 282/282/282 287/287/287
f 290/290/290 286/286/286 291/291/291
f 297/297/297 291/291/291 298/298/298
f 347/347/347 344/344/344 348/348/348
f 356/356/356 353/353/353 357/357/357
f 362/362/362 360/360/360 363/363/363
f 374/374/374 372/372/372 375/375/375
f 382/382/382 380/380/380 383/383/383
f 442/442/442 439/439/439 443/443/443
f 445/445/445 440/440/440 444/444/444
f 449/449/449 447/447/447 450/450/450
f 501/501/501 494/494/494 502/502/502
f 502/502/502 495/495/495 503/503/503
f 526/526/526 505/505/505 525/525/525
f 531/531/531 524/524/524 530/530/530
f 538/538/538 533/533/533 537/537/537
f 544/544/544 540/540/540 543/543/543
f 626/626/626 624/624/624 627/627/627
f 636/636/636 632/632/632 635/635/635
f 679/679/679 673/673/673 680/680/680
f 726/726/726 722/722/722 725/725/725
f 792/792/792 772/772/772 791/791/791
f 795/795/795 785/785/785 794/794/794
f 878/878/878 861/861/861 877/877/877
f 879/879/879 862/862/862 878/878/878
f 880/880/880 863/863/863 879/879/879
f 881/881/881 864/864/864 880/880/880
f 883/883/883 866/866/866 882/882/882
f 884/884/884 867/867/867 883/883/883
f 885/885/885 868/868/868 884/884/884
f 886/886/886 869/869/869 885/885/885
f 897/897/897 874/874/874 896/896/896
f 898/898/898 875/875/875 897/897/897
f 907/907/907 902/902/902 906/906/906
f 917/917/917 915/915/915 918/918/918
f 936/936/936 934/934/934 937/937/937
f 945/945/945 939/939/939 946/946/946
f 947/947/947 941/941/941 948/948/948
f 956/956/956 948/948/948 957/957/957
f 957/957/957 949/949/949 958/958/958
f 968/968/968 962/962/962 969/969/969
f 1016/1016/1016 1014/1014/1014 1017/1017/1017
f 1019/1019/1019 1017/1017/1017 1020/1020/1020
f 1023/1023/1023 1021/1021/1021 1024/1024/1024
f 1026/1026/1026 1024/1024/1024 1027/1027/1027
f 1030/1030/1030 1028/1028/1028 1031/1031/1031
f 1034/1034/1034 1031/1031/1031 1035/1035/1035
f 1061/1061/1061 1055/1055/1055 1062/1062/1062
f 1102/1102/1102 1100/1100/1100 1103/1103/1103
f 1105/1105/1105 1103/1103/1103 1106/1106/1106
f 1111/1111/1111 1109/1109/1109 1112/1112/1112
f 1117/1117/1117 1115/1115/1115 1118/1118/1118
f 1123/1123/1123 1121/1121/1121 1124/1124/1124
f 1141/1141/1141 1136/1136/1136 1142/1142/1142
f 1199/1199/1199 1197/1197/1197 1200/1200/1200
f 1202/1202/1202 1200/1200/1200 1203/1203/1203
f 1205/1205/1205 1203/1203/1203 1206/1206/1206
f 1209/1209/1209 1206/1206/1206 1210/1210/1210
f 1210/1210/1210 1207/1207/1207 1211/1211/1211
f 1213/1213/1213 1211/1211/1211 1214/1214/1214
f 1217/1217/1217 1215/1215/1215 1218/1218/1218
f 1220/1220/1220 1218/1218/1218 1221/1221/1221
f 1248/1248/1248 1242/1242/1242 1249/1249/1249
f 1297/1297/1297 1295/1295/1295 1298/1298/1298
f 1306/1306/1306 1304/1304/1304 1307/1307/1307
f 1312/1312/1312 1310/1310/1310 1313/1313/1313
f 1317/1317/1317 1314/1314/1314 1318/1318/1318
f 1324/1324/1324 1322/1322/1322 1325/1325/1325
f 1329/1329/1329 1326/1326/1326 1330/1330/1330
f 1335/1335/1335 1331/1331/1331 1336/1336/1336
f 1341/1341/1341 1332/1332/1332 1340/1340/1340
f 1353/1353/1353 1347/1347/1347 1354/1354/1354
f 1406/1406/1406 1401/1401/1401 1405/1405/1405
f 1407/1407/1407 1404/1404/1404 1408/1408/1408
f 1415/1415/1415 1412/1412/1412 1416/1416/1416
f 1421/1421/1421 1417/1417/1417 1422/1422/1422
f 1422/1422/1422 1418/1418/1418 1423/1423/1423
f 1430/1430/1430 1419/1419/1419 1429/1429/1429
f 1438/1438/1438 1428/1428/1428 1437/1437/1437
f 1439/1439/1439 1429/1429/1429 1438/1438/1438
f 1447/1447/1447 1437/1437/1437 1446/1446/1446
f 1455/1455/1455 1444/1444/1444 1454/1454/1454
f 1462/1462/1462 1452/1452/1452 1461/1461/1461
f 1516/1516/1516 1512/1512/1512 1515/1515/1515
f 1519/1519/1519 1515/1515/1515 1518/1518/1518
f 1525/1525/1525 1521/1521/1521 1524/1524/1524
f 1532/1532/1532 1527/1527/1527 1531/1531/1531
f 1541/1541/1541 1531/1531/1531 1540/1540/1540
f 1542/1542/1542 1535/1535/1535 1543/1543/1543
f 1543/1543/1543 1536/1536/1536 1544/1544/1544
f 1557/1557/1557 1539/1539/1539 1556/1556/1556
f 1562/1562/1562 1549/1549/1549 1561/1561/1561
f 1564/1564/1564 1551/1551/1551 1563/1563/1563
f 1566/1566/1566 1553/1553/1553 1565/1565/1565
f 1567/1567/1567 1554/1554/1554 1566/1566/1566
f 1575/1575/1575 1565/1565/1565 1574/1574/1574
f 1576/1576/1576 1566/1566/1566 1575/1575/1575
f 1587/1587/1587 1572/1572/1572 1586/1586/1586
f 1588/1588/1588 1573/1573/1573 1587/1587/1587
f 1591/1591/1591 1580/1580/1580 1590/1590/1590
f 1592/1592/1592 1581/1581/1581 1591/1591/1591
f 1595/1595/1595 1584/1584/1584 1594/1594/1594
f 1596/1596/1596 1585/1585/1585 1595/1595/1595
f 1597/1597/1597 1586/1586/1586 1596/1596/1596
f 1637/1637/1637 1633/1633/1633 1636/1636/1636
f 1640/1640/1640 1636/1636/1636 1639/1639/1639
f 1646/1646/1646 1642/1642/1642 1645/1645/1645
f 1650/1650/1650 1645/1645/1645 1649/1649/1649
f 1653/1653/1653 1648/1648/1648 1652/1652/1652
f 1656/1656/1656 1652/1652/1652 1655/1655/1655
f 1660/1660/1660 1655/1655/1655 1659/1659/1659
f 1666/1666/1666 1659/1659/1659 1665/1665/1665
f 1686/1686/1686 1675/1675/1675 1685/1685/1685
f 1695/1695/1695 1681/1681/1681 1694/1694/1694
f 1697/1697/1697 1684/1684/1684 1696/1696/1696
f 1698/1698/1698 1685/1685/1685 1697/1697/1697
f 1700/1700/1700 1687/1687/1687 1699/1699/1699
f 1701/1701/1701 1688/1688/1688 1700/1700/1700
f 1702/1702/1702 1689/1689/1689 1701/1701/1701
f 1703/1703/1703 1690/1690/1690 1702/1702/1702
f 1706/1706/1706 1693/1693/1693 1705/1705/1705
f 1707/1707/1707 1694/1694/1694 1706/1706/1706
f 1710/1710/1710 1699/1699/1699 1709/1709/1709
f 1713/1713/1713 1702/1702/1702 1712/1712/1712
f 1714/1714/1714 1703/1703/1703 1713/1713/1713
f 1715/1715/1715 1704/1704/1704 1714/1714/1714
f 1756/1756/1756 1752/1752/1752 1755/1755/1755
f 1762/1762/1762 1758/1758/1758 1761/1761/1761
f 1768/1768/1768 1764/1764/1764 1767/1767/1767
f 1774/1774/1774 1770/1770/1770 1773/1773/1773
f 1779/1779/1779 1776/1776/1776 1780/1780/1780
f 1784/1784/1784 1777/1777/1777 1783/1783/1783
f 1811/1811/1811 1799/1799/1799 1810/1810/1810
f 1851/1851/1851 1847/1847/1847 1850/1850/1850
f 1854/1854/1854 1850/1850/1850 1853/1853/1853
f 1861/1861/1861 1856/1856/1856 1860/1860/1860
f 1864/1864/1864 1859/1859/1859 1863/1863/1863
f 1867/1867/1867 1863/1863/1863 1866/1866/1866
f 1879/1879/1879 1871/1871/1871 1878/1878/1878
f 1898/1898/1898 1877/1877/1877 1897/1897/1897
f 1903/1903/1903 1896/1896/1896 1902/1902/1902
f 1947/1947/1947 1943/1943/1943 1946/1946/1946
f 1955/1955/1955 1951/1951/1951 1954/1954/1954
f 1958/1958/1958 1954/1954/1954 1957/1957/1957
f 1983/1983/1983 1964/1964/1964 1982/1982/1982
f 1984/1984/1984 1971/1971/1971 1985/1985/1985
f 1986/1986/1986 1973/1973/1973 1987/1987/1987
f 1987/1987/1987 1974/1974/1974 1988/1988/1988
f 1988/1988/1988 1975/1975/1975 1989/1989/1989
f 1989/1989/1989 1976/1976/1976 1990/1990/1990
f 1995/1995/1995 1986/1986/1986 1996/1996/1996
f 1996/1996/1996 1987/1987/1987 1997/1997/1997
f 1997/1997/1997 1988/1988/1988 1998/1998/1998
f 2001/2001/2001 1992/1992/1992 2002/2002/2002
f 2016/2016/2016 2009/2009/2009 2017/2017/2017
f 2048/2048/2048 2044/2044/2044 2047/2047/2047
f 2054/2054/2054 2050/2050/2050 2053/2053/2053
f 2057/2057/2057 2053/2053/2053 2056/2056/2056
f 2061/2061/2061 2056/2056/2056 2060/2060/2060
f 2064/2064/2064 2059/2059/2059 2063/2063/2063
f 2075/2075/2075 2066/2066/2066 2074/2074/2074
f 2076/2076/2076 2072/2072/2072 2077/2077/2077
f 2084/2084/2084 2078/2078/2078 2085/2085/2085
f 2085/2085/2085 2079/2079/2079 2086/2086/2086
f 2090/2090/2090 2081/2081/2081 2091/2091/2091
f 2093/2093/2093 2086/2086/2086 2094/2094/2094
f 2094/2094/2094 2087/2087/2087 2095/2095/2095
f 2106/2106/2106 2099/2099/2099 2107/2107/2107
f 2131/2131/2131 2112/2112/2112 2132/2132/2132
f 2133/2133/2133 2115/2115/2115 2134/2134/2134
f 2137/2137/2137 2119/2119/2119 2138/2138/2138
f 2139/2139/2139 2121/2121/2121 2140/2140/2140
f 2140/2140/2140 2122/2122/2122 2141/2141/2141
f 2141/2141/2141 2123/2123/2123 2142/2142/2142
f 2144/2144/2144 2126/2126/2126 2145/2145/2145
f 2151/2151/2151 2145/2145/2145 2152/2152/2152
f 2160/2160/2160 2158/2158/2158 2161/2161/2161
f 2180/2180/2180 2176/2176/2176 2179/2179/2179
f 2183/2183/2183 2179/2179/2179 2182/2182/2182
f 2190/2190/2190 2185/2185/2185 2191/2191/2191
f 2198/2198/2198 2192/2192/2192 2199/2199/2199
f 2199/2199/2199 2193/2193/2193 2200/2200/2200
f 2200/2200/2200 2194/2194/2194 2201/2201/2201
f 2207/2207/2207 2201/2201/2201 2208/2208/2208
f 2208/2208/2208 2202/2202/2202 2209/2209/2209
f 2220/2220/2220 2204/2204/2204 2219/2219/2219
f 2221/2221/2221 2211/2211/2211 2222/2222/2222
f 2224/2224/2224 2214/2214/2214 2225/2225/2225
f 2351/2351/2351 2349/2349/2349 2352/2352/2352
f 2426/2426/2426 2423/2423/2423 2427/2427/2427
f 2432/2432/2432 2430/2430/2430 2433/2433/2433
f 2438/2438/2438 2436/2436/2436 2439/2439/2439
f 2490/2490/2490 2478/2478/2478 2489/2489/2489
f 2491/2491/2491 2479/2479/2479 2490/2490/2490
f 2492/2492/2492 2480/2480/2480 2491/2491/2491
f 2494/2494/2494 2482/2482/2482 2493/2493/2493
f 2517/2517/2517 2513/2513/2513 2518/2518/2518
f 2524/2524/2524 2520/2520/2520 2523/2523/2523
f 2607/2607/2607 2601/2601/2601 2606/2606/2606
f 2612/2612/2612 2609/2609/2609 2613/2613/2613
f 2615/2615/2615 2610/2610/2610 2614/2614/2614
f 2689/2689/2689 2668/2668/2668 2688/2688/2688
f 2703/2703/2703 2699/2699/2699 2702/2702/2702
f 2712/2712/2712 2708/2708/2708 2711/2711/2711
f 2715/2715/2715 2711/2711/2711 2714/2714/2714
f 2718/2718/2718 2714/2714/2714 2717/2717/2717
f 2727/2727/2727 2722/2722/2722 2726/2726/2726
f 2780/2780/2780 2759/2759/2759 2779/2779/2779
f 2785/2785/2785 2777/2777/2777 2784/2784/2784
f 2786/2786/2786 2778/2778/2778 2785/2785/2785
f 2789/2789/2789 2783/2783/2783 2788/2788/2788
f 2790/2790/2790 2784/2784/2784 2789/2789/2789
f 2799/2799/2799 2794/2794/2794 2798/2798/2798
f 2803/2803/2803 2798/2798/2798 2802/2802/2802
f 2806/2806/2806 2801/2801/2801 2805/2805/2805
f 2813/2813/2813 2808/2808/2808 2812/2812/2812
f 2817/2817/2817 2812/2812/2812 2816/2816/2816
f 2821/2821/2821 2816/2816/2816 2820/2820/2820
f 2827/2827/2827 2821/2821/2821 2826/2826/2826
f 2862/2862/2862 2847/2847/2847 2861/2861/2861
f 2888/2888/2888 2884/2884/2884 2887/2887/2887
f 2899/2899/2899 2895/2895/2895 2898/2898/2898
f 146/146/146 73/73/73 145/145/145
f 150/150/150 77/77/77 149/149/149
f 151/151/151 78/78/78 150/150/150
f 152/152/152 79/79/79 151/151/151
f 153/153/153 80/80/80 152/152/152
f 157/157/157 84/84/84 156/156/156
f 160/160/160 87/87/87 159/159/159
f 165/165/165 92/92/92 164/164/164
f 192/192/192 117/117/117 193/193/193
f 201/201/201 125/125/125 202/202/202
f 203/203/203 127/127/127 204/204/204
f 205/205/205 129/129/129 206/206/206
f 207/207/207 131/131/131 208/208/208
f 209/209/209 133/133/133 210/210/210
f 211/211/211 135/135/135 212/212/212
f 213/213/213 137/137/137 214/214/214
f 214/214/214 138/138/138 215/215/215
f 215/215/215 139/139/139 216/216/216
f 216/216/216 140/140/140 217/217/217
f 220/220/220 144/144/144 221/221/221
f 228/228/228 149/149/149 227/227/227
f 229/229/229 150/150/150 228/228/228
f 230/230/230 151/151/151 229/229/229
f 231/231/231 152/152/152 230/230/230
f 232/232/232 153/153/153 231/231/231
f 233/233/233 154/154/154 232/232/232
f 234/234/234 155/155/155 233/233/233
f 238/238/238 159/159/159 237/237/237
f 272/272/272 185/185/185 273/273/273
f 289/289/289 196/196/196 290/290/290
f 293/293/293 198/198/198 294/294/294
f 295/295/295 200/200/200 296/296/296
f 299/299/299 202/202/202 300/300/300
f 301/301/301 204/204/204 302/302/302
f 308/308/308 208/208/208 309/309/309
f 310/310/310 211/211/211 311/311/311
f 311/311/311 212/212/212 312/312/312
f 315/315/315 214/214/214 316/316/316
f 316/316/316 215/215/215 317/317/317
f 317/317/317 216/216/216 318/318/318
f 318/318/318 217/217/217 319/319/319
f 323/323/323 222/222/222 324/324/324
f 327/327/327 223/223/223 326/326/326
f 329/329/329 225/225/225 328/328/328
f 332/332/332 228/228/228 331/331/331
f 333/333/333 229/229/229 332/332/332
f 334/334/334 230/230/230 333/333/333
f 335/335/335 231/231/231 334/334/334
f 341/341/341 237/237/237 340/340/340
f 342/342/342 238/238/238 341/341/341
f 346/346/346 241/241/241 345/345/345
f 349/349/349 245/245/245 348/348/348
f 355/355/355 251/251/251 354/354/354
f 384/384/384 292/292/292 385/385/385
f 386/386/386 294/294/294 387/387/387
f 392/392/392 304/304/304 393/393/393
f 396/396/396 308/308/308 397/397/397
f 397/397/397 309/309/309 398/398/398
f 399/399/399 312/312/312 400/400/400
f 400/400/400 313/313/313 401/401/401
f 401/401/401 314/314/314 402/402/402
f 404/404/404 316/316/316 405/405/405
f 406/406/406 318/318/318 407/407/407
f 407/407/407 319/319/319 408/408/408
f 413/413/413 325/325/325 414/414/414
f 417/417/417 326/326/326 416/416/416
f 418/418/418 327/327/327 417/417/417
f 419/419/419 328/328/328 418/418/418
f 420/420/420 329/329/329 419/419/419
f 432/432/432 341/341/341 431/431/431
f 433/433/433 342/342/342 432/432/432
f 436/436/436 345/345/345 435/435/435
f 462/462/462 378/378/378 463/463/463
f 468/468/468 383/383/383 469/469/469
f 474/474/474 389/389/389 475/475/475
f 478/478/478 394/394/394 479/479/479
f 482/482/482 398/398/398 483/483/483
f 484/484/484 401/401/401 485/485/485
f 486/486/486 403/403/403 487/487/487
f 488/488/488 405/405/405 489/489/489
f 494/494/494 411/411/411 495/495/495
f 495/495/495 412/412/412 496/496/496
f 498/498/498 415/415/415 499/499/499
f 507/507/507 417/417/417 506/506/506
f 508/508/508 418/418/418 507/507/507
f 509/509/509 419/419/419 508/508/508
f 555/555/555 465/465/465 556/556/556
f 560/560/560 471/471/471 561/561/561
f 562/562/562 473/473/473 563/563/563
f 565/565/565 475/475/475 566/566/566
f 568/568/568 477/477/477 569/569/569
f 571/571/571 479/479/479 572/572/572
f 574/574/574 481/481/481 575/575/575
f 576/576/576 483/483/483 577/577/577
f 578/578/578 486/486/486 579/579/579
f 581/581/581 489/489/489 582/582/582
f 587/587/587 497/497/497 588/588/588
f 588/588/588 498/498/498 589/589/589
f 590/590/590 500/500/500 591/591/591
f 594/594/594 503/503/503 595/595/595
f 595/595/595 504/504/504 596/596/596
f 600/600/600 507/507/507 599/599/599
f 601/601/601 508/508/508 600/600/600
f 602/602/602 509/509/509 601/601/601
f 619/619/619 527/527/527 618/618/618
f 620/620/620 528/528/528 619/619/619
f 644/644/644 553/553/553 645/645/645
f 650/650/650 559/559/559 651/651/651
f 653/653/653 564/564/564 654/654/654
f 655/655/655 567/567/567 656/656/656
f 657/657/657 570/570/570 658/658/658
f 659/659/659 572/572/572 660/660/660
f 660/660/660 573/573/573 661/661/661
f 662/662/662 576/576/576 663/663/663
f 663/663/663 577/577/577 664/664/664
f 665/665/665 580/580/580 666/666/666
f 668/668/668 582/582/582 669/669/669
f 671/671/671 585/585/585 672/672/672
f 674/674/674 589/589/589 675/675/675
f 675/675/675 590/590/590 676/676/676
f 677/677/677 592/592/592 678/678/678
f 683/683/683 597/597/597 684/684/684
f 688/688/688 599/599/599 687/687/687
f 689/689/689 600/600/600 688/688/688
f 690/690/690 601/601/601 689/689/689
f 691/691/691 602/602/602 690/690/690
f 703/703/703 614/614/614 702/702/702
f 707/707/707 618/618/618 706/706/706
f 710/710/710 621/621/621 709/709/709
f 725/725/725 639/639/639 726/726/726
f 733/733/733 648/648/648 734/734/734
f 742/742/742 658/658/658 743/743/743
f 744/744/744 661/661/661 745/745/745
f 746/746/746 663/663/663 747/747/747
f 747/747/747 664/664/664 748/748/748
f 751/751/751 666/666/666 752/752/752
f 752/752/752 667/667/667 753/753/753
f 754/754/754 669/669/669 755/755/755
f 755/755/755 670/670/670 756/756/756
f 759/759/759 676/676/676 760/760/760
f 760/760/760 677/677/677 761/761/761
f 761/761/761 678/678/678 762/762/762
f 765/765/765 681/681/681 766/766/766
f 766/766/766 682/682/682 767/767/767
f 767/767/767 683/683/683 768/768/768
f 769/769/769 685/685/685 770/770/770
f 774/774/774 687/687/687 773/773/773
f 775/775/775 688/688/688 774/774/774
f 776/776/776 689/689/689 775/775/775
f 777/777/777 690/690/690 776/776/776
f 785/785/785 698/698/698 784/784/784
f 787/787/787 700/700/700 786/786/786
f 788/788/788 701/701/701 787/787/787
f 789/789/789 702/702/702 788/788/788
f 799/799/799 706/706/706 798/798/798
f 802/802/802 709/709/709 801/801/801
f 806/806/806 714/714/714 805/805/805
f 819/819/819 731/731/731 820/820/820
f 827/827/827 739/739/739 828/828/828
f 831/831/831 743/743/743 832/832/832
f 833/833/833 745/745/745 834/834/834
f 837/837/837 749/749/749 838/838/838
f 838/838/838 750/750/750 839/839/839
f 840/840/840 753/753/753 841/841/841
f 843/843/843 757/757/757 844/844/844
f 846/846/846 761/761/761 847/847/847
f 848/848/848 763/763/763 849/849/849
f 851/851/851 765/765/765 852/852/852
f 852/852/852 766/766/766 853/853/853
f 853/853/853 767/767/767 854/854/854
f 854/854/854 768/768/768 855/855/855
f 857/857/857 771/771/771 858/858/858
f 862/862/862 774/774/774 861/861/861
f 863/863/863 775/775/775 862/862/862
f 864/864/864 776/776/776 863/863/863
f 865/865/865 777/777/777 864/864/864
f 869/869/869 781/781/781 868/868/868
f 870/870/870 782/782/782 869/869/869
f 871/871/871 783/783/783 870/870/870
f 873/873/873 786/786/786 872/872/872
f 875/875/875 790/790/790 874/874/874
f 888/888/888 793/793/793 887/887/887
f 891/891/891 796/796/796 890/890/890
f 892/892/892 797/797/797 891/891/891
f 922/922/922 820/820/820 923/923/923
f 927/927/927 825/825/825 928/928/928
f 933/933/933 832/832/832 934/934/934
f 938/938/938 837/837/837 939/939/939
f 939/939/939 838/838/838 940/940/940
f 942/942/942 842/842/842 943/943/943
f 951/951/951 848/848/848 952/952/952
f 953/953/953 850/850/850 954/954/954
f 960/960/960 853/853/853 961/961/961
f 962/962/962 855/855/855 963/963/963
f 963/963/963 856/856/856 964/964/964
f 966/966/966 859/859/859 967/967/967
f 973/973/973 878/878/878 972/972/972
f 974/974/974 879/879/879 973/973/973
f 975/975/975 880/880/880 974/974/974
f 976/976/976 881/881/881 975/975/975
f 977/977/977 882/882/882 976/976/976
f 978/978/978 883/883/883 977/977/977
f 979/979/979 884/884/884 978/978/978
f 980/980/980 885/885/885 979/979/979
f 981/981/981 886/886/886 980/980/980
f 983/983/983 888/888/888 982/982/982
f 988/988/988 893/893/893 987/987/987
f 992/992/992 897/897/897 991/991/991
f 994/994/994 899/899/899 993/993/993
f 1003/1003/1003 906/906/906 1002/1002/1002
f 1009/1009/1009 911/911/911 1008/1008/1008
f 1032/1032/1032 932/932/932 1033/1033/1033
f 1045/1045/1045 952/952/952 1046/1046/1046
f 1047/1047/1047 954/954/954 1048/1048/1048
f 1050/1050/1050 957/957/957 1051/1051/1051
f 1051/1051/1051 958/958/958 1052/1052/1052
f 1053/1053/1053 960/960/960 1054/1054/1054
f 1056/1056/1056 964/964/964 1057/1057/1057
f 1057/1057/1057 965/965/965 1058/1058/1058
f 1063/1063/1063 970/970/970 1064/1064/1064
f 1068/1068/1068 971/971/971 1067/1067/1067
f 1069/1069/1069 972/972/972 1068/1068/1068
f 1071/1071/1071 974/974/974 1070/1070/1070
f 1072/1072/1072 975/975/975 1071/1071/1071
f 1073/1073/1073 976/976/976 1072/1072/1072
f 1074/1074/1074 977/977/977 1073/1073/1073
f 1075/1075/1075 978/978/978 1074/1074/1074
f 1076/1076/1076 979/979/979 1075/1075/1075
f 1077/1077/1077 980/980/980 1076/1076/1076
f 1078/1078/1078 981/981/981 1077/1077/1077
f 1080/1080/1080 983/983/983 1079/1079/1079
f 1081/1081/1081 984/984/984 1080/1080/1080
f 1083/1083/1083 986/986/986 1082/1082/1082
f 1085/1085/1085 989/989/989 1084/1084/1084
f 1088/1088/1088 992/992/992 1087/1087/1087
f 1090/1090/1090 995/995/995 1089/1089/1089
f 1097/1097/1097 1001/1001/1001 1096/1096/1096
f 1128/1128/1128 1037/1037/1037 1129/1129/1129
f 1138/1138/1138 1047/1047/1047 1139/1139/1139
f 1139/1139/1139 1048/1048/1048 1140/1140/1140
f 1143/1143/1143 1051/1051/1051 1144/1144/1144
f 1144/1144/1144 1052/1052/1052 1145/1145/1145
f 1145/1145/1145 1053/1053/1053 1146/1146/1146
f 1148/1148/1148 1058/1058/1058 1149/1149/1149
f 1149/1149/1149 1059/1059/1059 1150/1150/1150
f 1155/1155/1155 1065/1065/1065 1156/1156/1156
f 1160/1160/1160 1066/1066/1066 1159/1159/1159
f 1161/1161/1161 1067/1067/1067 1160/1160/1160
f 1163/1163/1163 1069/1069/1069 1162/1162/1162
f 1164/1164/1164 1070/1070/1070 1163/1163/1163
f 1165/1165/1165 1071/1071/1071 1164/1164/1164
f 1166/1166/1166 1072/1072/1072 1165/1165/1165
f 1167/1167/1167 1073/1073/1073 1166/1166/1166
f 1168/1168/1168 1074/1074/1074 1167/1167/1167
f 1169/1169/1169 1075/1075/1075 1168/1168/1168
f 1170/1170/1170 1076/1076/1076 1169/1169/1169
f 1171/1171/1171 1077/1077/1077 1170/1170/1170
f 1173/1173/1173 1079/1079/1079 1172/1172/1172
f 1176/1176/1176 1082/1082/1082 1175/1175/1175
f 1179/1179/1179 1084/1084/1084 1178/1178/1178
f 1181/1181/1181 1086/1086/1086 1180/1180/1180
f 1186/1186/1186 1091/1091/1091 1185/1185/1185
f 1191/1191/1191 1095/1095/1095 1190/1190/1190
f 1224/1224/1224 1127/1127/1127 1225/1225/1225
f 1234/1234/1234 1138/1138/1138 1235/1235/1235
f 1235/1235/1235 1139/1139/1139 1236/1236/1236
f 1239/1239/1239 1143/1143/1143 1240/1240/1240
f 1240/1240/1240 1144/1144/1144 1241/1241/1241
f 1242/1242/1242 1146/1146/1146 1243/1243/1243
f 1245/1245/1245 1150/1150/1150 1246/1246/1246
f 1251/1251/1251 1153/1153/1153 1252/1252/1252
f 1252/1252/1252 1154/1154/1154 1253/1253/1253
f 1255/1255/1255 1157/1157/1157 1256/1256/1256
f 1259/1259/1259 1158/1158/1158 1258/1258/1258
f 1262/1262/1262 1161/1161/1161 1261/1261/1261
f 1263/1263/1263 1162/1162/1162 1262/1262/1262
f 1265/1265/1265 1164/1164/1164 1264/1264/1264
f 1266/1266/1266 1165/1165/1165 1265/1265/1265
f 1267/1267/1267 1166/1166/1166 1266/1266/1266
f 1268/1268/1268 1167/1167/1167 1267/1267/1267
f 1269/1269/1269 1168/1168/1168 1268/1268/1268
f 1270/1270/1270 1169/1169/1169 1269/1269/1269
f 1271/1271/1271 1170/1170/1170 1270/1270/1270
f 1272/1272/1272 1171/1171/1171 1271/1271/1271
f 1273/1273/1273 1172/1172/1172 1272/1272/1272
f 1276/1276/1276 1175/1175/1175 1275/1275/1275
f 1279/1279/1279 1177/1177/1177 1278/1278/1278
f 1281/1281/1281 1179/1179/1179 1280/1280/1280
f 1284/1284/1284 1182/1182/1182 1283/1283/1283
f 1287/1287/1287 1184/1184/1184 1286/1286/1286
f 1292/1292/1292 1189/1189/1189 1291/1291/1291
f 1314/1314/1314 1213/1213/1213 1313/1313/1313
f 1327/1327/1327 1227/1227/1227 1328/1328/1328
f 1338/1338/1338 1235/1235/1235 1339/1339/1339
f 1339/1339/1339 1236/1236/1236 1340/1340/1340
f 1342/1342/1342 1239/1239/1239 1343/1343/1343
f 1343/1343/1343 1240/1240/1240 1344/1344/1344
f 1346/1346/1346 1244/1244/1244 1347/1347/1347
f 1348/1348/1348 1246/1246/1246 1349/1349/1349
f 1349/1349/1349 1247/1247/1247 1350/1350/1350
f 1352/1352/1352 1250/1250/1250 1353/1353/1353
f 1355/1355/1355 1253/1253/1253 1356/1356/1356
f 1356/1356/1356 1254/1254/1254 1357/1357/1357
f 1357/1357/1357 1255/1255/1255 1358/1358/1358
f 1362/1362/1362 1257/1257/1257 1361/1361/1361
f 1364/1364/1364 1259/1259/1259 1363/1363/1363
f 1365/1365/1365 1260/1260/1260 1364/1364/1364
f 1366/1366/1366 1261/1261/1261 1365/1365/1365
f 1367/1367/1367 1262/1262/1262 1366/1366/1366
f 1368/1368/1368 1263/1263/1263 1367/1367/1367
f 1369/1369/1369 1264/1264/1264 1368/1368/1368
f 1372/1372/1372 1267/1267/1267 1371/1371/1371
f 1373/1373/1373 1268/1268/1268 1372/1372/1372
f 1375/1375/1375 1270/1270/1270 1374/1374/1374
f 1376/1376/1376 1271/1271/1271 1375/1375/1375
f 1377/1377/1377 1272/1272/1272 1376/1376/1376
f 1379/1379/1379 1274/1274/1274 1378/1378/1378
f 1381/1381/1381 1277/1277/1277 1380/1380/1380
f 1383/1383/1383 1279/1279/1279 1382/1382/1382
f 1385/1385/1385 1282/1282/1282 1384/1384/1384
f 1388/1388/1388 1285/1285/1285 1387/1387/1387
f 1390/1390/1390 1288/1288/1288 1389/1389/1389
f 1392/1392/1392 1290/1290/1290 1391/1391/1391
f 1446/1446/1446 1334/1334/1334 1447/1447/1447
f 1449/1449/1449 1337/1337/1337 1450/1450/1450
f 1453/1453/1453 1339/1339/1339 1454/1454/1454
f 1456/1456/1456 1343/1343/1343 1457/1457/1457
f 1460/1460/1460 1349/1349/1349 1461/1461/1461
f 1463/1463/1463 1352/1352/1352 1464/1464/1464
f 1464/1464/1464 1353/1353/1353 1465/1465/1465
f 1465/1465/1465 1354/1354/1354 1466/1466/1466
f 1466/1466/1466 1355/1355/1355 1467/1467/1467
f 1467/1467/1467 1356/1356/1356 1468/1468/1468
f 1468/1468/1468 1357/1357/1357 1469/1469/1469
f 1469/1469/1469 1358/1358/1358 1470/1470/1470
f 1474/1474/1474 1360/1360/1360 1473/1473/1473
f 1477/1477/1477 1363/1363/1363 1476/1476/1476
f 1478/1478/1478 1364/1364/1364 1477/1477/1477
f 1479/1479/1479 1365/1365/1365 1478/1478/1478
f 1483/1483/1483 1369/1369/1369 1482/1482/1482
f 1484/1484/1484 1370/1370/1370 1483/1483/1483
f 1489/1489/1489 1375/1375/1375 1488/1488/1488
f 1492/1492/1492 1378/1378/1378 1491/1491/1491
f 1495/1495/1495 1380/1380/1380 1494/1494/1494
f 1496/1496/1496 1381/1381/1381 1495/1495/1495
f 1499/1499/1499 1384/1384/1384 1498/1498/1498
f 1503/1503/1503 1387/1387/1387 1502/1502/1502
f 1505/1505/1505 1389/1389/1389 1504/1504/1504
f 1507/1507/1507 1391/1391/1391 1506/1506/1506
f 1533/1533/1533 1422/1422/1422 1534/1534/1534
f 1535/1535/1535 1424/1424/1424 1536/1536/1536
f 1537/1537/1537 1426/1426/1426 1538/1538/1538
f 1538/1538/1538 1427/1427/1427 1539/1539/1539
f 1545/1545/1545 1433/1433/1433 1546/1546/1546
f 1555/1555/1555 1434/1434/1434 1554/1554/1554
f 1558/1558/1558 1442/1442/1442 1559/1559/1559
f 1559/1559/1559 1443/1443/1443 1560/1560/1560
f 1568/1568/1568 1451/1451/1451 1569/1569/1569
f 1577/1577/1577 1458/1458/1458 1578/1578/1578
f 1578/1578/1578 1459/1459/1459 1579/1579/1579
f 1589/1589/1589 1464/1464/1464 1590/1590/1590
f 1590/1590/1590 1465/1465/1465 1591/1591/1591
f 1591/1591/1591 1466/1466/1466 1592/1592/1592
f 1592/1592/1592 1467/1467/1467 1593/1593/1593
f 1593/1593/1593 1468/1468/1468 1594/1594/1594
f 1600/1600/1600 1472/1472/1472 1599/1599/1599
f 1603/1603/1603 1475/1475/1475 1602/1602/1602
f 1604/1604/1604 1476/1476/1476 1603/1603/1603
f 1605/1605/1605 1477/1477/1477 1604/1604/1604
f 1606/1606/1606 1478/1478/1478 1605/1605/1605
f 1607/1607/1607 1479/1479/1479 1606/1606/1606
f 1614/1614/1614 1486/1486/1486 1613/1613/1613
f 1615/1615/1615 1487/1487/1487 1614/1614/1614
f 1618/1618/1618 1490/1490/1490 1617/1617/1617
f 1620/1620/1620 1493/1493/1493 1619/1619/1619
f 1621/1621/1621 1494/1494/1494 1620/1620/1620
f 1624/1624/1624 1497/1497/1497 1623/1623/1623
f 1626/1626/1626 1499/1499/1499 1625/1625/1625
f 1628/1628/1628 1501/1501/1501 1627/1627/1627
f 1631/1631/1631 1504/1504/1504 1630/1630/1630
f 1657/1657/1657 1530/1530/1530 1658/1658/1658
f 1663/1663/1663 1538/1538/1538 1664/1664/1664
f 1664/1664/1664 1539/1539/1539 1665/1665/1665
f 1671/1671/1671 1547/1547/1547 1672/1672/1672
f 1673/1673/1673 1549/1549/1549 1674/1674/1674
f 1674/1674/1674 1550/1550/1550 1675/1675/1675
f 1677/1677/1677 1552/1552/1552 1678/1678/1678
f 1689/1689/1689 1563/1563/1563 1688/1688/1688
f 1696/1696/1696 1570/1570/1570 1697/1697/1697
f 1697/1697/1697 1571/1571/1571 1698/1698/1698
f 1708/1708/1708 1580/1580/1580 1709/1709/1709
f 1709/1709/1709 1581/1581/1581 1710/1710/1710
f 1711/1711/1711 1583/1583/1583 1712/1712/1712
f 1716/1716/1716 1594/1594/1594 1717/1717/1717
f 1719/1719/1719 1598/1598/1598 1718/1718/1718
f 1723/1723/1723 1602/1602/1602 1722/1722/1722
f 1724/1724/1724 1603/1603/1603 1723/1723/1723
f 1725/1725/1725 1604/1604/1604 1724/1724/1724
f 1726/1726/1726 1605/1605/1605 1725/1725/1725
f 1727/1727/1727 1606/1606/1606 1726/1726/1726
f 1728/1728/1728 1607/1607/1607 1727/1727/1727
f 1729/1729/1729 1608/1608/1608 1728/1728/1728
f 1736/1736/1736 1615/1615/1615 1735/1735/1735
f 1737/1737/1737 1616/1616/1616 1736/1736/1736
f 1740/1740/1740 1619/1619/1619 1739/1739/1739
f 1743/1743/1743 1622/1622/1622 1742/1742/1742
f 1745/1745/1745 1624/1624/1624 1744/1744/1744
f 1747/1747/1747 1627/1627/1627 1746/1746/1746
f 1750/1750/1750 1629/1629/1629 1749/1749/1749
f 1782/1782/1782 1664/1664/1664 1783/1783/1783
f 1785/1785/1785 1668/1668/1668 1786/1786/1786
f 1786/1786/1786 1669/1669/1669 1787/1787/1787
f 1787/1787/1787 1670/1670/1670 1788/1788/1788
f 1793/1793/1793 1676/1676/1676 1794/1794/1794
f 1797/1797/1797 1680/1680/1680 1798/1798/1798
f 1805/1805/1805 1688/1688/1688 1806/1806/1806
f 1807/1807/1807 1690/1690/1690 1808/1808/1808
f 1809/1809/1809 1692/1692/1692 1810/1810/1810
f 1810/1810/1810 1693/1693/1693 1811/1811/1811
f 1811/1811/1811 1694/1694/1694 1812/1812/1812
f 1816/1816/1816 1718/1718/1718 1815/1815/1815
f 1819/1819/1819 1721/1721/1721 1818/1818/1818
f 1820/1820/1820 1722/1722/1722 1819/1819/1819
f 1821/1821/1821 1723/1723/1723 1820/1820/1820
f 1822/1822/1822 1724/1724/1724 1821/1821/1821
f 1823/1823/1823 1725/1725/1725 1822/1822/1822
f 1824/1824/1824 1726/1726/1726 1823/1823/1823
f 1825/1825/1825 1727/1727/1727 1824/1824/1824
f 1826/1826/1826 1728/1728/1728 1825/1825/1825
f 1827/1827/1827 1729/1729/1729 1826/1826/1826
f 1832/1832/1832 1734/1734/1734 1831/1831/1831
f 1833/1833/1833 1735/1735/1735 1832/1832/1832
f 1836/1836/1836 1739/1739/1739 1835/1835/1835
f 1839/1839/1839 1741/1741/1741 1838/1838/1838
f 1841/1841/1841 1743/1743/1743 1840/1840/1840
f 1845/1845/1845 1748/1748/1748 1844/1844/1844
f 1874/1874/1874 1781/1781/1781 1875/1875/1875
f 1880/1880/1880 1786/1786/1786 1881/1881/1881
f 1881/1881/1881 1787/1787/1787 1882/1882/1882
f 1882/1882/1882 1788/1788/1788 1883/1883/1883
f 1883/1883/1883 1789/1789/1789 1884/1884/1884
f 1884/1884/1884 1790/1790/1790 1885/1885/1885
f 1888/1888/1888 1794/1794/1794 1889/1889/1889
f 1889/1889/1889 1795/1795/1795 1890/1890/1890
f 1890/1890/1890 1796/1796/1796 1891/1891/1891
f 1893/1893/1893 1799/1799/1799 1894/1894/1894
f 1894/1894/1894 1800/1800/1800 1895/1895/1895
f 1899/1899/1899 1807/1807/1807 1900/1900/1900
f 1902/1902/1902 1813/1813/1813 1903/1903/1903
f 1905/1905/1905 1814/1814/1814 1904/1904/1904
f 1909/1909/1909 1818/1818/1818 1908/1908/1908
f 1910/1910/1910 1819/1819/1819 1909/1909/1909
f 1911/1911/1911 1820/1820/1820 1910/1910/1910
f 1912/1912/1912 1821/1821/1821 1911/1911/1911
f 1913/1913/1913 1822/1822/1822 1912/1912/1912
f 1914/1914/1914 1823/1823/1823 1913/1913/1913
f 1915/1915/1915 1824/1824/1824 1914/1914/1914
f 1916/1916/1916 1825/1825/1825 1915/1915/1915
f 1917/1917/1917 1826/1826/1826 1916/1916/1916
f 1921/1921/1921 1830/1830/1830 1920/1920/1920
f 1922/1922/1922 1831/1831/1831 1921/1921/1921
f 1924/1924/1924 1834/1834/1834 1923/1923/1923
f 1927/1927/1927 1837/1837/1837 1926/1926/1926
f 1929/1929/1929 1839/1839/1839 1928/1928/1928
f 1932/1932/1932 1843/1843/1843 1931/1931/1931
f 1959/1959/1959 1874/1874/1874 1960/1960/1960
f 1961/1961/1961 1876/1876/1876 1962/1962/1962
f 1967/1967/1967 1882/1882/1882 1968/1968/1968
f 1969/1969/1969 1884/1884/1884 1970/1970/1970
f 1978/1978/1978 1893/1893/1893 1979/1979/1979
f 1979/1979/1979 1894/1894/1894 1980/1980/1980
f 1980/1980/1980 1895/1895/1895 1981/1981/1981
f 1981/1981/1981 1896/1896/1896 1982/1982/1982
f 1992/1992/1992 1901/1901/1901 1993/1993/1993
f 2011/2011/2011 1904/1904/1904 2010/2010/2010
f 2016/2016/2016 1909/1909/1909 2015/2015/2015
f 2018/2018/2018 1911/1911/1911 2017/2017/2017
f 2019/2019/2019 1912/1912/1912 2018/2018/2018
f 2020/2020/2020 1913/1913/1913 2019/2019/2019
f 2021/2021/2021 1914/1914/1914 2020/2020/2020
f 2022/2022/2022 1915/1915/1915 2021/2021/2021
f 2023/2023/2023 1916/1916/1916 2022/2022/2022
f 2024/2024/2024 1917/1917/1917 2023/2023/2023
f 2026/2026/2026 1919/1919/1919 2025/2025/2025
f 2027/2027/2027 1920/1920/1920 2026/2026/2026
f 2029/2029/2029 1923/1923/1923 2028/2028/2028
f 2032/2032/2032 1925/1925/1925 2031/2031/2031
f 2034/2034/2034 1927/1927/1927 2033/2033/2033
f 2035/2035/2035 1928/1928/1928 2034/2034/2034
f 2068/2068/2068 1960/1960/1960 2069/2069/2069
f 2070/2070/2070 1962/1962/1962 2071/2071/2071
f 2071/2071/2071 1963/1963/1963 2072/2072/2072
f 2080/2080/2080 1980/1980/1980 2081/2081/2081
f 2081/2081/2081 1981/1981/1981 2082/2082/2082
f 2096/2096/2096 1997/1997/1997 2097/2097/2097
f 2097/2097/2097 1998/1998/1998 2098/2098/2098
f 2099/2099/2099 2000/2000/2000 2100/2100/2100
f 2103/2103/2103 2004/2004/2004 2104/2104/2104
f 2111/2111/2111 2005/2005/2005 2110/2110/2110
f 2113/2113/2113 2007/2007/2007 2112/2112/2112
f 2130/2130/2130 2012/2012/2012 2129/2129/2129
f 2136/2136/2136 2019/2019/2019 2135/2135/2135
f 2137/2137/2137 2020/2020/2020 2136/2136/2136
f 2138/2138/2138 2021/2021/2021 2137/2137/2137
f 2139/2139/2139 2022/2022/2022 2138/2138/2138
f 2140/2140/2140 2023/2023/2023 2139/2139/2139
f 2141/2141/2141 2024/2024/2024 2140/2140/2140
f 2142/2142/2142 2025/2025/2025 2141/2141/2141
f 2148/2148/2148 2028/2028/2028 2147/2147/2147
f 2150/2150/2150 2030/2030/2030 2149/2149/2149
f 2152/2152/2152 2032/2032/2032 2151/2151/2151
f 2157/2157/2157 2037/2037/2037 2156/2156/2156
f 2161/2161/2161 2041/2041/2041 2160/2160/2160
f 2180/2180/2180 2063/2063/2063 2179/2179/2179
f 2211/2211/2211 2096/2096/2096 2212/2212/2212
f 2212/2212/2212 2097/2097/2097 2213/2213/2213
f 2215/2215/2215 2101/2101/2101 2216/2216/2216
f 2216/2216/2216 2102/2102/2102 2217/2217/2217
f 2217/2217/2217 2103/2103/2103 2218/2218/2218
f 2219/2219/2219 2105/2105/2105 2220/2220/2220
f 2226/2226/2226 2108/2108/2108 2227/2227/2227
f 2229/2229/2229 2109/2109/2109 2228/2228/2228
f 2230/2230/2230 2110/2110/2110 2229/2229/2229
f 2231/2231/2231 2111/2111/2111 2230/2230/2230
f 2233/2233/2233 2113/2113/2113 2232/2232/2232
f 2240/2240/2240 2120/2120/2120 2239/2239/2239
f 2241/2241/2241 2121/2121/2121 2240/2240/2240
f 2242/2242/2242 2122/2122/2122 2241/2241/2241
f 2243/2243/2243 2123/2123/2123 2242/2242/2242
f 2244/2244/2244 2124/2124/2124 2243/2243/2243
f 2248/2248/2248 2128/2128/2128 2247/2247/2247
f 2252/2252/2252 2147/2147/2147 2251/2251/2251
f 2264/2264/2264 2170/2170/2170 2265/2265/2265
f 2275/2275/2275 2180/2180/2180 2276/2276/2276
f 2281/2281/2281 2189/2189/2189 2282/2282/2282
f 2285/2285/2285 2196/2196/2196 2286/2286/2286
f 2286/2286/2286 2197/2197/2197 2287/2287/2287
f 2292/2292/2292 2204/2204/2204 2293/2293/2293
f 2293/2293/2293 2205/2205/2205 2294/2294/2294
f 2301/2301/2301 2216/2216/2216 2302/2302/2302
f 2302/2302/2302 2217/2217/2217 2303/2303/2303
f 2303/2303/2303 2218/2218/2218 2304/2304/2304
f 2310/2310/2310 2226/2226/2226 2311/2311/2311
f 2311/2311/2311 2227/2227/2227 2312/2312/2312
f 2315/2315/2315 2228/2228/2228 2314/2314/2314
f 2318/2318/2318 2231/2231/2231 2317/2317/2317
f 2327/2327/2327 2240/2240/2240 2326/2326/2326
f 2328/2328/2328 2241/2241/2241 2327/2327/2327
f 2329/2329/2329 2242/2242/2242 2328/2328/2328
f 2330/2330/2330 2243/2243/2243 2329/2329/2329
f 2334/2334/2334 2247/2247/2247 2333/2333/2333
f 2338/2338/2338 2251/2251/2251 2337/2337/2337
f 2340/2340/2340 2253/2253/2253 2339/2339/2339
f 2356/2356/2356 2271/2271/2271 2357/2357/2357
f 2364/2364/2364 2279/2279/2279 2365/2365/2365
f 2370/2370/2370 2284/2284/2284 2371/2371/2371
f 2373/2373/2373 2288/2288/2288 2374/2374/2374
f 2375/2375/2375 2290/2290/2290 2376/2376/2376
f 2378/2378/2378 2294/2294/2294 2379/2379/2379
f 2380/2380/2380 2296/2296/2296 2381/2381/2381
f 2382/2382/2382 2298/2298/2298 2383/2383/2383
f 2384/2384/2384 2300/2300/2300 2385/2385/2385
f 2387/2387/2387 2303/2303/2303 2388/2388/2388
f 2389/2389/2389 2305/2305/2305 2390/2390/2390
f 2392/2392/2392 2307/2307/2307 2393/2393/2393
f 2393/2393/2393 2308/2308/2308 2394/2394/2394
f 2394/2394/2394 2309/2309/2309 2395/2395/2395
f 2397/2397/2397 2312/2312/2312 2398/2398/2398
f 2398/2398/2398 2313/2313/2313 2399/2399/2399
f 2401/2401/2401 2314/2314/2314 2400/2400/2400
f 2404/2404/2404 2317/2317/2317 2403/2403/2403
f 2413/2413/2413 2326/2326/2326 2412/2412/2412
f 2414/2414/2414 2327/2327/2327 2413/2413/2413
f 2415/2415/2415 2328/2328/2328 2414/2414/2414
f 2416/2416/2416 2329/2329/2329 2415/2415/2415
f 2420/2420/2420 2333/2333/2333 2419/2419/2419
f 2425/2425/2425 2337/2337/2337 2424/2424/2424
f 2441/2441/2441 2352/2352/2352 2442/2442/2442
f 2450/2450/2450 2360/2360/2360 2451/2451/2451
f 2458/2458/2458 2367/2367/2367 2459/2459/2459
f 2460/2460/2460 2369/2369/2369 2461/2461/2461
f 2462/2462/2462 2372/2372/2372 2463/2463/2463
f 2464/2464/2464 2374/2374/2374 2465/2465/2465
f 2467/2467/2467 2377/2377/2377 2468/2468/2468
f 2470/2470/2470 2380/2380/2380 2471/2471/2471
f 2471/2471/2471 2381/2381/2381 2472/2472/2472
f 2473/2473/2473 2383/2383/2383 2474/2474/2474
f 2475/2475/2475 2385/2385/2385 2476/2476/2476
f 2476/2476/2476 2386/2386/2386 2477/2477/2477
f 2486/2486/2486 2391/2391/2391 2487/2487/2487
f 2488/2488/2488 2394/2394/2394 2489/2489/2489
f 2489/2489/2489 2395/2395/2395 2490/2490/2490
f 2490/2490/2490 2396/2396/2396 2491/2491/2491
f 2491/2491/2491 2397/2397/2397 2492/2492/2492
f 2507/2507/2507 2411/2411/2411 2506/2506/2506
f 2508/2508/2508 2412/2412/2412 2507/2507/2507
f 2509/2509/2509 2413/2413/2413 2508/2508/2508
f 2510/2510/2510 2414/2414/2414 2509/2509/2509
f 2511/2511/2511 2415/2415/2415 2510/2510/2510
f 2515/2515/2515 2418/2418/2418 2514/2514/2514
f 2538/2538/2538 2448/2448/2448 2539/2539/2539
f 2547/2547/2547 2457/2457/2457 2548/2548/2548
f 2549/2549/2549 2459/2459/2459 2550/2550/2550
f 2553/2553/2553 2463/2463/2463 2554/2554/2554
f 2556/2556/2556 2465/2465/2465 2557/2557/2557
f 2557/2557/2557 2466/2466/2466 2558/2558/2558
f 2559/2559/2559 2468/2468/2468 2560/2560/2560
f 2560/2560/2560 2469/2469/2469 2561/2561/2561
f 2563/2563/2563 2471/2471/2471 2564/2564/2564
f 2567/2567/2567 2475/2475/2475 2568/2568/2568
f 2570/2570/2570 2478/2478/2478 2571/2571/2571
f 2571/2571/2571 2479/2479/2479 2572/2572/2572
f 2572/2572/2572 2480/2480/2480 2573/2573/2573
f 2573/2573/2573 2481/2481/2481 2574/2574/2574
f 2577/2577/2577 2485/2485/2485 2578/2578/2578
f 2579/2579/2579 2487/2487/2487 2580/2580/2580
f 2584/2584/2584 2496/2496/2496 2583/2583/2583
f 2585/2585/2585 2497/2497/2497 2584/2584/2584
f 2594/2594/2594 2506/2506/2506 2593/2593/2593
f 2595/2595/2595 2507/2507/2507 2594/2594/2594
f 2596/2596/2596 2508/2508/2508 2595/2595/2595
f 2597/2597/2597 2509/2509/2509 2596/2596/2596
f 2598/2598/2598 2510/2510/2510 2597/2597/2597
f 2599/2599/2599 2511/2511/2511 2598/2598/2598
f 2603/2603/2603 2515/2515/2515 2602/2602/2602
f 2628/2628/2628 2542/2542/2542 2629/2629/2629
f 2634/2634/2634 2546/2546/2546 2635/2635/2635
f 2640/2640/2640 2552/2552/2552 2641/2641/2641
f 2642/2642/2642 2554/2554/2554 2643/2643/2643
f 2643/2643/2643 2555/2555/2555 2644/2644/2644
f 2645/2645/2645 2558/2558/2558 2646/2646/2646
f 2647/2647/2647 2561/2561/2561 2648/2648/2648
f 2648/2648/2648 2562/2562/2562 2649/2649/2649
f 2652/2652/2652 2566/2566/2566 2653/2653/2653
f 2654/2654/2654 2569/2569/2569 2655/2655/2655
f 2661/2661/2661 2576/2576/2576 2662/2662/2662
f 2662/2662/2662 2577/2577/2577 2663/2663/2663
f 2666/2666/2666 2581/2581/2581 2667/2667/2667
f 2670/2670/2670 2583/2583/2583 2669/2669/2669
f 2671/2671/2671 2584/2584/2584 2670/2670/2670
f 2679/2679/2679 2592/2592/2592 2678/2678/2678
f 2680/2680/2680 2593/2593/2593 2679/2679/2679
f 2681/2681/2681 2594/2594/2594 2680/2680/2680
f 2682/2682/2682 2595/2595/2595 2681/2681/2681
f 2683/2683/2683 2596/2596/2596 2682/2682/2682
f 2684/2684/2684 2597/2597/2597 2683/2683/2683
f 2685/2685/2685 2598/2598/2598 2684/2684/2684
f 2686/2686/2686 2599/2599/2599 2685/2685/2685
f 2691/2691/2691 2604/2604/2604 2690/2690/2690
f 2720/2720/2720 2631/2631/2631 2721/2721/2721
f 2726/2726/2726 2637/2637/2637 2727/2727/2727
f 2728/2728/2728 2639/2639/2639 2729/2729/2729
f 2733/2733/2733 2644/2644/2644 2734/2734/2734
f 2738/2738/2738 2648/2648/2648 2739/2739/2739
f 2740/2740/2740 2650/2650/2650 2741/2741/2741
f 2746/2746/2746 2656/2656/2656 2747/2747/2747
f 2761/2761/2761 2670/2670/2670 2760/2760/2760
f 2762/2762/2762 2671/2671/2671 2761/2761/2761
f 2769/2769/2769 2678/2678/2678 2768/2768/2768
f 2770/2770/2770 2679/2679/2679 2769/2769/2769
f 2771/2771/2771 2680/2680/2680 2770/2770/2770
f 2772/2772/2772 2681/2681/2681 2771/2771/2771
f 2774/2774/2774 2683/2683/2683 2773/2773/2773
f 2776/2776/2776 2685/2685/2685 2775/2775/2775
f 2778/2778/2778 2687/2687/2687 2777/2777/2777
f 2782/2782/2782 2690/2690/2690 2781/2781/2781
f 2792/2792/2792 2697/2697/2697 2791/2791/2791
f 2825/2825/2825 2725/2725/2725 2826/2826/2826
f 2830/2830/2830 2730/2730/2730 2831/2831/2831
f 2834/2834/2834 2732/2732/2732 2835/2835/2835
f 2836/2836/2836 2735/2735/2735 2837/2837/2837
f 2842/2842/2842 2740/2740/2740 2843/2843/2843
f 2843/2843/2843 2741/2741/2741 2844/2844/2844
f 2844/2844/2844 2742/2742/2742 2845/2845/2845
f 2851/2851/2851 2748/2748/2748 2852/2852/2852
f 2852/2852/2852 2749/2749/2749 2853/2853/2853
f 2856/2856/2856 2753/2753/2753 2857/2857/2857
f 2859/2859/2859 2756/2756/2756 2860/2860/2860
f 2860/2860/2860 2757/2757/2757 2861/2861/2861
f 2865/2865/2865 2761/2761/2761 2864/2864/2864
f 2869/2869/2869 2765/2765/2765 2868/2868/2868
f 2870/2870/2870 2766/2766/2766 2869/2869/2869
f 2871/2871/2871 2767/2767/2767 2870/2870/2870
f 2872/2872/2872 2768/2768/2768 2871/2871/2871
f 2873/2873/2873 2769/2769/2769 2872/2872/2872
f 2874/2874/2874 2770/2770/2770 2873/2873/2873
f 2875/2875/2875 2771/2771/2771 2874/2874/2874
f 2879/2879/2879 2775/2775/2775 2878/2878/2878
f 2901/2901/2901 2810/2810/2810 2902/2902/2902
f 2912/2912/2912 2828/2828/2828 2913/2913/2913
f 2915/2915/2915 2833/2833/2833 2916/2916/2916
f 2919/2919/2919 2839/2839/2839 2920/2920/2920
f 2924/2924/2924 2846/2846/2846 2925/2925/2925
f 2928/2928/2928 2849/2849/2849 2929/2929/2929
f 2929/2929/2929 2850/2850/2850 2930/2930/2930
f 2931/2931/2931 2853/2853/2853 2932/2932/2932
f 2935/2935/2935 2857/2857/2857 2936/2936/2936
f 2943/2943/2943 2864/2864/2864 2942/2942/2942
f 2946/2946/2946 2867/2867/2867 2945/2945/2945
f 2947/2947/2947 2868/2868/2868 2946/2946/2946
f 2948/2948/2948 2869/2869/2869 2947/2947/2947
f 2949/2949/2949 2870/2870/2870 2948/2948/2948
f 2950/2950/2950 2871/2871/2871 2949/2949/2949
f 2951/2951/2951 2872/2872/2872 2950/2950/2950
f 2952/2952/2952 2873/2873/2873 2951/2951/2951
f 2953/2953/2953 2874/2874/2874 2952/2952/2952
f 2957/2957/2957 2878/2878/2878 2956/2956/2956
f 2959/2959/2959 2880/2880/2880 2958/2958/2958
f 2982/2982/2982 2909/2909/2909 2983/2983/2983
f 2992/2992/2992 2920/2920/2920 2993/2993/2993
f 2996/2996/2996 2924/2924/2924 2997/2997/2997
f 2998/2998/2998 2926/2926/2926 2999/2999/2999
f 3001/3001/3001 2929/2929/2929 3002/3002/3002
f 3004/3004/3004 2933/2933/2933 3005/3005/3005
f 3005/3005/3005 2934/2934/2934 3006/3006/3006
f 3006/3006/3006 2935/2935/2935 3007/3007/3007
f 3007/3007/3007 2936/2936/2936 3008/3008/3008
f 3010/3010/3010 2939/2939/2939 3011/3011/3011
f 162/162/162 94/94/94 166/166/166
f 171/171/171 95/95/95 167/167/167
f 174/174/174 99/99/99 172/172/172
f 181/181/181 105/105/105 178/178/178
f 180/180/180 108/108/108 183/183/183
f 183/183/183 110/110/110 186/186/186
f 187/187/187 109/109/109 184/184/184
f 186/186/186 112/112/112 188/188/188
f 189/189/189 111/111/111 187/187/187
f 194/194/194 120/120/120 197/197/197
f 200/200/200 119/119/119 195/195/195
f 198/198/198 124/124/124 201/201/201
f 204/204/204 122/122/122 199/199/199
f 202/202/202 128/128/128 205/205/205
f 212/212/212 126/126/126 203/203/203
f 208/208/208 136/136/136 213/213/213
f 243/243/243 161/161/161 239/239/239
f 241/241/241 166/166/166 247/247/247
f 248/248/248 165/165/165 244/244/244
f 253/253/253 168/168/168 249/249/249
f 265/265/265 176/176/176 261/261/261
f 269/269/269 179/179/179 266/266/266
f 268/268/268 183/183/183 271/271/271
f 271/271/271 186/186/186 275/275/275
f 275/275/275 188/188/188 279/279/279
f 280/280/280 187/187/187 276/276/276
f 285/285/285 189/189/189 280/280/280
f 294/294/294 201/201/201 299/299/299
f 300/300/300 205/205/205 306/306/306
f 309/309/309 213/213/213 315/315/315
f 326/326/326 242/242/242 346/346/346
f 347/347/347 240/240/240 343/343/343
f 345/345/345 247/247/247 351/351/351
f 356/356/356 250/250/250 352/352/352
f 358/358/358 260/260/260 361/361/361
f 362/362/362 259/259/259 359/359/359
f 361/361/361 264/264/264 364/364/364
f 365/365/365 263/263/263 362/362/362
f 364/364/364 268/268/268 367/367/367
f 368/368/368 267/267/267 365/365/365
f 371/371/371 270/270/270 368/368/368
f 376/376/376 283/283/283 379/379/379
f 381/381/381 282/282/282 377/377/377
f 380/380/380 288/288/288 383/383/383
f 394/394/394 298/298/298 388/388/388
f 398/398/398 315/315/315 404/404/404
f 416/416/416 346/346/346 436/436/436
f 437/437/437 344/344/344 434/434/434
f 435/435/435 351/351/351 441/441/441
f 442/442/442 349/349/349 438/438/438
f 440/440/440 354/354/354 444/444/444
f 446/446/446 353/353/353 443/443/443
f 444/444/444 358/358/358 448/448/448
f 449/449/449 357/357/357 446/446/446
f 452/452/452 360/360/360 450/450/450
f 454/454/454 363/363/363 452/452/452
f 456/456/456 366/366/366 454/454/454
f 458/458/458 369/369/369 456/456/456
f 459/459/459 376/376/376 461/461/461
f 461/461/461 379/379/379 464/464/464
f 470/470/470 381/381/381 466/466/466
f 483/483/483 404/404/404 488/488/488
f 505/505/505 436/436/436 525/525/525
f 524/524/524 441/441/441 530/530/530
f 532/532/532 439/439/439 529/529/529
f 530/530/530 445/445/445 534/534/534
f 535/535/535 443/443/443 532/532/532
f 533/533/533 448/448/448 537/537/537
f 539/539/539 447/447/447 536/536/536
f 537/537/537 451/451/451 540/540/540
f 542/542/542 450/450/450 539/539/539
f 540/540/540 453/453/453 543/543/543
f 545/545/545 452/452/452 542/542/542
f 547/547/547 454/454/454 545/545/545
f 549/549/549 456/456/456 547/547/547
f 548/548/548 459/459/459 550/550/550
f 554/554/554 460/460/460 551/551/551
f 580/580/580 478/478/478 571/571/571
f 577/577/577 488/488/488 581/581/581
f 586/586/586 501/501/501 593/593/593
f 598/598/598 526/526/526 617/617/617
f 616/616/616 531/531/531 622/622/622
f 621/621/621 534/534/534 625/625/625
f 626/626/626 532/532/532 623/623/623
f 625/625/625 538/538/538 628/628/628
f 629/629/629 536/536/536 627/627/627
f 628/628/628 541/541/541 630/630/630
f 631/631/631 539/539/539 629/629/629
f 630/630/630 544/544/544 633/633/633
f 634/634/634 542/542/542 631/631/631
f 632/632/632 546/546/546 635/635/635
f 637/637/637 545/545/545 634/634/634
f 635/635/635 548/548/548 638/638/638
f 640/640/640 547/547/547 637/637/637
f 643/643/643 549/549/549 640/640/640
f 646/646/646 551/551/551 643/643/643
f 664/664/664 581/581/581 668/668/668
f 673/673/673 593/593/593 680/680/680
f 706/706/706 615/615/615 703/703/703
f 704/704/704 622/622/622 710/710/710
f 711/711/711 620/620/620 708/708/708
f 709/709/709 625/625/625 713/713/713
f 715/715/715 624/624/624 712/712/712
f 717/717/717 627/627/627 715/715/715
f 719/719/719 629/629/629 717/717/717
f 720/720/720 636/636/636 723/723/723
f 722/722/722 638/638/638 725/725/725
f 727/727/727 637/637/637 724/724/724
f 729/729/729 640/640/640 727/727/727
f 728/728/728 645/645/645 730/730/730
f 741/741/741 652/652/652 737/737/737
f 743/743/743 662/662/662 746/746/746
f 758/758/758 679/679/679 764/764/764
f 772/772/772 705/705/705 791/791/791
f 790/790/790 710/710/710 802/802/802
f 803/803/803 708/708/708 800/800/800
f 801/801/801 713/713/713 804/804/804
f 810/810/810 717/717/717 808/808/808
f 812/812/812 719/719/719 810/810/810
f 815/815/815 728/728/728 817/817/817
f 822/822/822 736/736/736 824/824/824
f 830/830/830 737/737/737 826/826/826
f 832/832/832 746/746/746 835/835/835
f 860/860/860 792/792/792 876/876/876
f 872/872/872 795/795/795 889/889/889
f 873/873/873 796/796/796 890/890/890
f 874/874/874 802/802/802 896/896/896
f 901/901/901 800/800/800 894/894/894
f 895/895/895 804/804/804 902/902/902
f 902/902/902 807/807/807 906/906/906
f 909/909/909 811/811/811 912/912/912
f 913/913/913 810/810/810 910/910/910
f 912/912/912 813/813/813 915/915/915
f 916/916/916 812/812/812 913/913/913
f 920/920/920 819/819/819 922/922/922
f 924/924/924 818/818/818 921/921/921
f 923/923/923 822/822/822 925/925/925
f 926/926/926 821/821/821 924/924/924
f 935/935/935 829/829/829 931/931/931
f 934/934/934 835/835/835 937/937/937
f 941/941/941 843/843/843 948/948/948
f 950/950/950 851/851/851 959/959/959
f 990/990/990 903/903/903 998/998/998
f 999/999/999 901/901/901 996/996/996
f 1012/1012/1012 913/913/913 1010/1010/1010
f 1011/1011/1011 917/917/917 1013/1013/1013
f 1015/1015/1015 916/916/916 1012/1012/1012
f 1014/1014/1014 920/920/920 1017/1017/1017
f 1018/1018/1018 919/919/919 1015/1015/1015
f 1017/1017/1017 922/922/922 1020/1020/1020
f 1022/1022/1022 921/921/921 1018/1018/1018
f 1021/1021/1021 925/925/925 1024/1024/1024
f 1025/1025/1025 924/924/924 1022/1022/1022
f 1024/1024/1024 927/927/927 1027/1027/1027
f 1028/1028/1028 930/930/930 1031/1031/1031
f 1035/1035/1035 936/936/936 1038/1038/1038
f 1041/1041/1041 935/935/935 1036/1036/1036
f 1039/1039/1039 944/944/944 1042/1042/1042
f 1048/1048/1048 942/942/942 1040/1040/1040
f 1044/1044/1044 955/955/955 1049/1049/1049
f 1055/1055/1055 968/968/968 1062/1062/1062
f 1107/1107/1107 1010/1010/1010 1104/1104/1104
f 1110/1110/1110 1012/1012/1012 1107/1107/1107
f 1109/1109/1109 1016/1016/1016 1112/1112/1112
f 1113/1113/1113 1015/1015/1015 1110/1110/1110
f 1112/1112/1112 1019/1019/1019 1114/1114/1114
f 1115/1115/1115 1023/1023/1023 1118/1118/1118
f 1118/1118/1118 1026/1026/1026 1120/1120/1120
f 1122/1122/1122 1025/1025/1025 1119/1119/1119
f 1121/1121/1121 1030/1030/1030 1124/1124/1124
f 1127/1127/1127 1038/1038/1038 1130/1130/1130
f 1140/1140/1140 1040/1040/1040 1132/1132/1132
f 1136/1136/1136 1049/1049/1049 1142/1142/1142
f 1147/1147/1147 1061/1061/1061 1152/1152/1152
f 1182/1182/1182 1083/1083/1083 1176/1176/1176
f 1192/1192/1192 1094/1094/1094 1188/1188/1188
f 1195/1195/1195 1098/1098/1098 1192/1192/1192
f 1194/1194/1194 1102/1102/1102 1197/1197/1197
f 1200/1200/1200 1108/1108/1108 1203/1203/1203
f 1203/1203/1203 1111/1111/1111 1206/1206/1206
f 1208/1208/1208 1110/1110/1110 1204/1204/1204
f 1207/1207/1207 1114/1114/1114 1211/1211/1211
f 1211/1211/1211 1117/1117/1117 1214/1214/1214
f 1215/1215/1215 1120/1120/1120 1218/1218/1218
f 1219/1219/1219 1119/1119/1119 1216/1216/1216
f 1218/1218/1218 1123/1123/1123 1221/1221/1221
f 1223/1223/1223 1122/1122/1122 1219/1219/1219
f 1222/1222/1222 1126/1126/1126 1224/1224/1224
f 1225/1225/1225 1130/1130/1130 1228/1228/1228
f 1229/1229/1229 1134/1134/1134 1232/1232/1232
f 1233/1233/1233 1141/1141/1141 1238/1238/1238
f 1293/1293/1293 1188/1188/1188 1289/1289/1289
f 1296/1296/1296 1192/1192/1192 1293/1293/1293
f 1304/1304/1304 1205/1205/1205 1307/1307/1307
f 1307/1307/1307 1209/1209/1209 1309/1309/1309
f 1311/1311/1311 1208/1208/1208 1308/1308/1308
f 1310/1310/1310 1213/1213/1213 1313/1313/1313
f 1314/1314/1314 1217/1217/1217 1318/1318/1318
f 1319/1319/1319 1216/1216/1216 1315/1315/1315
f 1318/1318/1318 1220/1220/1220 1320/1320/1320
f 1323/1323/1323 1219/1219/1219 1319/1319/1319
f 1322/1322/1322 1224/1224/1224 1325/1325/1325
f 1328/1328/1328 1223/1223/1223 1323/1323/1323
f 1326/1326/1326 1228/1228/1228 1330/1330/1330
f 1334/1334/1334 1226/1226/1226 1327/1327/1327
f 1331/1331/1331 1232/1232/1232 1336/1336/1336
f 1341/1341/1341 1230/1230/1230 1333/1333/1333
f 1337/1337/1337 1238/1238/1238 1342/1342/1342
f 1350/1350/1350 1234/1234/1234 1338/1338/1338
f 1345/1345/1345 1248/1248/1248 1351/1351/1351
f 1347/1347/1347 1251/1251/1251 1354/1354/1354
f 1389/1389/1389 1284/1284/1284 1386/1386/1386
f 1393/1393/1393 1289/1289/1289 1390/1390/1390
f 1395/1395/1395 1293/1293/1293 1393/1393/1393
f 1396/1396/1396 1300/1300/1300 1398/1398/1398
f 1398/1398/1398 1303/1303/1303 1400/1400/1400
f 1400/1400/1400 1306/1306/1306 1403/1403/1403
f 1406/1406/1406 1305/1305/1305 1402/1402/1402
f 1404/1404/1404 1309/1309/1309 1408/1408/1408
f 1410/1410/1410 1308/1308/1308 1406/1406/1406
f 1408/1408/1408 1312/1312/1312 1412/1412/1412
f 1414/1414/1414 1311/1311/1311 1410/1410/1410
f 1412/1412/1412 1316/1316/1316 1416/1416/1416
f 1420/1420/1420 1315/1315/1315 1414/1414/1414
f 1418/1418/1418 1320/1320/1320 1423/1423/1423
f 1430/1430/1430 1319/1319/1319 1420/1420/1420
f 1424/1424/1424 1324/1324/1324 1431/1431/1431
f 1439/1439/1439 1323/1323/1323 1430/1430/1430
f 1432/1432/1432 1329/1329/1329 1440/1440/1440
f 1447/1447/1447 1327/1327/1327 1438/1438/1438
f 1455/1455/1455 1332/1332/1332 1445/1445/1445
f 1462/1462/1462 1338/1338/1338 1453/1453/1453
f 1459/1459/1459 1351/1351/1351 1463/1463/1463
f 1504/1504/1504 1386/1386/1386 1500/1500/1500
f 1509/1509/1509 1396/1396/1396 1511/1511/1511
f 1516/1516/1516 1397/1397/1397 1513/1513/1513
f 1519/1519/1519 1399/1399/1399 1516/1516/1516
f 1522/1522/1522 1401/1401/1401 1518/1518/1518
f 1520/1520/1520 1407/1407/1407 1523/1523/1523
f 1525/1525/1525 1405/1405/1405 1522/1522/1522
f 1523/1523/1523 1411/1411/1411 1526/1526/1526
f 1528/1528/1528 1409/1409/1409 1525/1525/1525
f 1526/1526/1526 1415/1415/1415 1529/1529/1529
f 1530/1530/1530 1421/1421/1421 1533/1533/1533
f 1541/1541/1541 1419/1419/1419 1532/1532/1532
f 1536/1536/1536 1431/1431/1431 1544/1544/1544
f 1557/1557/1557 1428/1428/1428 1540/1540/1540
f 1576/1576/1576 1444/1444/1444 1567/1567/1567
f 1588/1588/1588 1452/1452/1452 1574/1574/1574
f 1597/1597/1597 1460/1460/1460 1587/1587/1587
f 1632/1632/1632 1509/1509/1509 1635/1635/1635
f 1640/1640/1640 1510/1510/1510 1637/1637/1637
f 1643/1643/1643 1512/1512/1512 1639/1639/1639
f 1641/1641/1641 1517/1517/1517 1644/1644/1644
f 1646/1646/1646 1515/1515/1515 1643/1643/1643
f 1650/1650/1650 1518/1518/1518 1646/1646/1646
f 1653/1653/1653 1521/1521/1521 1649/1649/1649
f 1656/1656/1656 1524/1524/1524 1653/1653/1653
f 1654/1654/1654 1529/1529/1529 1657/1657/1657
f 1658/1658/1658 1533/1533/1533 1661/1661/1661
f 1666/1666/1666 1531/1531/1531 1660/1660/1660
f 1662/1662/1662 1542/1542/1542 1667/1667/1667
f 1683/1683/1683 1537/1537/1537 1663/1663/1663
f 1677/1677/1677 1563/1563/1563 1688/1688/1688
f 1678/1678/1678 1564/1564/1564 1689/1689/1689
f 1695/1695/1695 1553/1553/1553 1682/1682/1682
f 1707/1707/1707 1565/1565/1565 1695/1695/1695
f 1715/1715/1715 1572/1572/1572 1705/1705/1705
f 1717/1717/1717 1584/1584/1584 1713/1713/1713
f 1751/1751/1751 1635/1635/1635 1754/1754/1754
f 1756/1756/1756 1633/1633/1633 1753/1753/1753
f 1754/1754/1754 1638/1638/1638 1757/1757/1757
f 1759/1759/1759 1636/1636/1636 1756/1756/1756
f 1757/1757/1757 1641/1641/1641 1760/1760/1760
f 1762/1762/1762 1639/1639/1639 1759/1759/1759
f 1765/1765/1765 1642/1642/1642 1761/1761/1761
f 1768/1768/1768 1645/1645/1645 1765/1765/1765
f 1771/1771/1771 1648/1648/1648 1767/1767/1767
f 1774/1774/1774 1652/1652/1652 1771/1771/1771
f 1772/1772/1772 1657/1657/1657 1775/1775/1775
f 1778/1778/1778 1655/1655/1655 1774/1774/1774
f 1776/1776/1776 1661/1661/1661 1780/1780/1780
f 1784/1784/1784 1659/1659/1659 1778/1778/1778
f 1781/1781/1781 1667/1667/1667 1785/1785/1785
f 1812/1812/1812 1681/1681/1681 1801/1801/1801
f 1842/1842/1842 1751/1751/1751 1846/1846/1846
f 1846/1846/1846 1754/1754/1754 1849/1849/1849
f 1849/1849/1849 1757/1757/1757 1852/1852/1852
f 1854/1854/1854 1755/1755/1755 1851/1851/1851
f 1852/1852/1852 1760/1760/1760 1855/1855/1855
f 1857/1857/1857 1758/1758/1758 1854/1854/1854
f 1855/1855/1855 1763/1763/1763 1858/1858/1858
f 1861/1861/1861 1761/1761/1761 1857/1857/1857
f 1864/1864/1864 1764/1764/1764 1860/1860/1860
f 1867/1867/1867 1767/1767/1767 1864/1864/1864
f 1869/1869/1869 1770/1770/1770 1866/1866/1866
f 1870/1870/1870 1779/1779/1779 1873/1873/1873
f 1879/1879/1879 1777/1777/1777 1872/1872/1872
f 1898/1898/1898 1782/1782/1782 1878/1878/1878
f 1903/1903/1903 1802/1802/1802 1897/1897/1897
f 1930/1930/1930 1846/1846/1846 1933/1933/1933
f 1938/1938/1938 1847/1847/1847 1935/1935/1935
f 1941/1941/1941 1850/1850/1850 1938/1938/1938
f 1944/1944/1944 1853/1853/1853 1941/1941/1941
f 1942/1942/1942 1858/1858/1858 1945/1945/1945
f 1947/1947/1947 1856/1856/1856 1944/1944/1944
f 1949/1949/1949 1859/1859/1859 1946/1946/1946
f 1952/1952/1952 1863/1863/1863 1949/1949/1949
f 1955/1955/1955 1866/1866/1866 1952/1952/1952
f 1958/1958/1958 1869/1869/1869 1955/1955/1955
f 1956/1956/1956 1873/1873/1873 1959/1959/1959
f 1966/1966/1966 1871/1871/1871 1957/1957/1957
f 1983/1983/1983 1877/1877/1877 1965/1965/1965
f 1977/1977/1977 1899/1899/1899 1991/1991/1991
f 2010/2010/2010 1924/1924/1924 2029/2029/2029
f 2039/2039/2039 1929/1929/1929 2035/2035/2035
f 2036/2036/2036 1933/1933/1933 2040/2040/2040
f 2045/2045/2045 1934/1934/1934 2042/2042/2042
f 2048/2048/2048 1937/1937/1937 2045/2045/2045
f 2051/2051/2051 1940/1940/1940 2048/2048/2048
f 2049/2049/2049 1945/1945/1945 2052/2052/2052
f 2054/2054/2054 1943/1943/1943 2051/2051/2051
f 2052/2052/2052 1948/1948/1948 2055/2055/2055
f 2055/2055/2055 1950/1950/1950 2058/2058/2058
f 2061/2061/2061 1949/1949/1949 2057/2057/2057
f 2064/2064/2064 1951/1951/1951 2060/2060/2060
f 2067/2067/2067 1954/1954/1954 2064/2064/2064
f 2065/2065/2065 1959/1959/1959 2068/2068/2068
f 2075/2075/2075 1957/1957/1957 2067/2067/2067
f 2072/2072/2072 1968/1968/1968 2077/2077/2077
f 2083/2083/2083 1964/1964/1964 2073/2073/2073
f 2079/2079/2079 1984/1984/1984 2086/2086/2086
f 2087/2087/2087 1995/1995/1995 2095/2095/2095
f 2089/2089/2089 2001/2001/2001 2101/2101/2101
f 2131/2131/2131 2006/2006/2006 2111/2111/2111
f 2133/2133/2133 2009/2009/2009 2114/2114/2114
f 2166/2166/2166 2044/2044/2044 2163/2163/2163
f 2172/2172/2172 2050/2050/2050 2169/2169/2169
f 2171/2171/2171 2055/2055/2055 2173/2173/2173
f 2174/2174/2174 2053/2053/2053 2172/2172/2172
f 2173/2173/2173 2058/2058/2058 2175/2175/2175
f 2175/2175/2175 2062/2062/2062 2178/2178/2178
f 2178/2178/2178 2065/2065/2065 2181/2181/2181
f 2183/2183/2183 2064/2064/2064 2180/2180/2180
f 2181/2181/2181 2068/2068/2068 2184/2184/2184
f 2189/2189/2189 2066/2066/2066 2182/2182/2182
f 2187/2187/2187 2076/2076/2076 2193/2193/2193
f 2194/2194/2194 2084/2084/2084 2201/2201/2201
f 2206/2206/2206 2082/2082/2082 2196/2196/2196
f 2202/2202/2202 2093/2093/2093 2209/2209/2209
f 2220/2220/2220 2091/2091/2091 2205/2205/2205
f 2214/2214/2214 2106/2106/2106 2225/2225/2225
f 2253/2253/2253 2146/2146/2146 2250/2250/2250
f 2251/2251/2251 2155/2155/2155 2255/2255/2255
f 2256/2256/2256 2154/2154/2154 2254/2254/2254
f 2258/2258/2258 2158/2158/2158 2256/2256/2256
f 2260/2260/2260 2161/2161/2161 2258/2258/2258
f 2259/2259/2259 2165/2165/2165 2261/2261/2261
f 2266/2266/2266 2173/2173/2173 2269/2269/2269
f 2269/2269/2269 2175/2175/2175 2272/2272/2272
f 2273/2273/2273 2174/2174/2174 2270/2270/2270
f 2272/2272/2272 2178/2178/2178 2274/2274/2274
f 2276/2276/2276 2177/2177/2177 2273/2273/2273
f 2280/2280/2280 2190/2190/2190 2283/2283/2283
f 2284/2284/2284 2198/2198/2198 2289/2289/2289
f 2291/2291/2291 2207/2207/2207 2297/2297/2297
f 2300/2300/2300 2221/2221/2221 2306/2306/2306
f 2314/2314/2314 2248/2248/2248 2334/2334/2334
f 2339/2339/2339 2250/2250/2250 2336/2336/2336
f 2337/2337/2337 2255/2255/2255 2341/2341/2341
f 2342/2342/2342 2254/2254/2254 2340/2340/2340
f 2347/2347/2347 2263/2263/2263 2350/2350/2350
f 2351/2351/2351 2262/2262/2262 2348/2348/2348
f 2350/2350/2350 2266/2266/2266 2353/2353/2353
f 2354/2354/2354 2265/2265/2265 2351/2351/2351
f 2353/2353/2353 2269/2269/2269 2355/2355/2355
f 2355/2355/2355 2272/2272/2272 2358/2358/2358
f 2362/2362/2362 2273/2273/2273 2359/2359/2359
f 2361/2361/2361 2277/2277/2277 2363/2363/2363
f 2377/2377/2377 2297/2297/2297 2382/2382/2382
f 2400/2400/2400 2334/2334/2334 2420/2420/2420
f 2418/2418/2418 2338/2338/2338 2425/2425/2425
f 2426/2426/2426 2336/2336/2336 2422/2422/2422
f 2424/2424/2424 2341/2341/2341 2428/2428/2428
f 2429/2429/2429 2340/2340/2340 2427/2427/2427
f 2432/2432/2432 2342/2342/2342 2429/2429/2429
f 2435/2435/2435 2344/2344/2344 2432/2432/2432
f 2438/2438/2438 2346/2346/2346 2435/2435/2435
f 2437/2437/2437 2350/2350/2350 2440/2440/2440
f 2442/2442/2442 2349/2349/2349 2439/2439/2439
f 2440/2440/2440 2353/2353/2353 2443/2443/2443
f 2443/2443/2443 2355/2355/2355 2446/2446/2446
f 2446/2446/2446 2358/2358/2358 2449/2449/2449
f 2449/2449/2449 2361/2361/2361 2452/2452/2452
f 2452/2452/2452 2363/2363/2363 2455/2455/2455
f 2472/2472/2472 2373/2373/2373 2464/2464/2464
f 2494/2494/2494 2387/2387/2387 2483/2483/2483
f 2517/2517/2517 2417/2417/2417 2512/2512/2512
f 2514/2514/2514 2425/2425/2425 2521/2521/2521
f 2522/2522/2522 2423/2423/2423 2519/2519/2519
f 2520/2520/2520 2428/2428/2428 2523/2523/2523
f 2525/2525/2525 2427/2427/2427 2522/2522/2522
f 2528/2528/2528 2430/2430/2430 2526/2526/2526
f 2530/2530/2530 2433/2433/2433 2528/2528/2528
f 2529/2529/2529 2437/2437/2437 2531/2531/2531
f 2532/2532/2532 2436/2436/2436 2530/2530/2530
f 2531/2531/2531 2440/2440/2440 2533/2533/2533
f 2534/2534/2534 2439/2439/2439 2532/2532/2532
f 2533/2533/2533 2443/2443/2443 2535/2535/2535
f 2535/2535/2535 2446/2446/2446 2537/2537/2537
f 2537/2537/2537 2449/2449/2449 2540/2540/2540
f 2540/2540/2540 2452/2452/2452 2543/2543/2543
f 2604/2604/2604 2513/2513/2513 2600/2600/2600
f 2601/2601/2601 2521/2521/2521 2606/2606/2606
f 2606/2606/2606 2524/2524/2524 2611/2611/2611
f 2612/2612/2612 2522/2522/2522 2608/2608/2608
f 2610/2610/2610 2527/2527/2527 2614/2614/2614
f 2616/2616/2616 2526/2526/2526 2613/2613/2613
f 2621/2621/2621 2535/2535/2535 2623/2623/2623
f 2624/2624/2624 2534/2534/2534 2622/2622/2622
f 2623/2623/2623 2537/2537/2537 2625/2625/2625
f 2626/2626/2626 2536/2536/2536 2624/2624/2624
f 2668/2668/2668 2603/2603/2603 2688/2688/2688
f 2690/2690/2690 2600/2600/2600 2686/2686/2686
f 2687/2687/2687 2607/2607/2607 2693/2693/2693
f 2692/2692/2692 2611/2611/2611 2696/2696/2696
f 2696/2696/2696 2615/2615/2615 2700/2700/2700
f 2699/2699/2699 2617/2617/2617 2702/2702/2702
f 2704/2704/2704 2616/2616/2616 2701/2701/2701
f 2702/2702/2702 2619/2619/2619 2705/2705/2705
f 2707/2707/2707 2618/2618/2618 2704/2704/2704
f 2705/2705/2705 2621/2621/2621 2708/2708/2708
f 2713/2713/2713 2622/2622/2622 2710/2710/2710
f 2716/2716/2716 2624/2624/2624 2713/2713/2713
f 2719/2719/2719 2626/2626/2626 2716/2716/2716
f 2727/2727/2727 2633/2633/2633 2723/2723/2723
f 2759/2759/2759 2689/2689/2689 2779/2779/2779
f 2781/2781/2781 2686/2686/2686 2776/2776/2776
f 2777/2777/2777 2693/2693/2693 2784/2784/2784
f 2783/2783/2783 2696/2696/2696 2788/2788/2788
f 2793/2793/2793 2703/2703/2703 2797/2797/2797
f 2800/2800/2800 2701/2701/2701 2796/2796/2796
f 2797/2797/2797 2706/2706/2706 2801/2801/2801
f 2804/2804/2804 2704/2704/2704 2800/2800/2800
f 2807/2807/2807 2707/2707/2707 2804/2804/2804
f 2805/2805/2805 2712/2712/2712 2808/2808/2808
f 2824/2824/2824 2719/2719/2719 2819/2819/2819
f 2820/2820/2820 2724/2724/2724 2825/2825/2825
f 2829/2829/2829 2722/2722/2722 2823/2823/2823
f 2862/2862/2862 2743/2743/2743 2848/2848/2848
f 2863/2863/2863 2780/2780/2780 2881/2881/2881
f 2880/2880/2880 2786/2786/2786 2885/2885/2885
f 2886/2886/2886 2782/2782/2782 2883/2883/2883
f 2884/2884/2884 2790/2790/2790 2887/2887/2887
f 2894/2894/2894 2796/2796/2796 2892/2892/2892
f 2893/2893/2893 2803/2803/2803 2896/2896/2896
f 2897/2897/2897 2800/2800/2800 2894/2894/2894
f 2895/2895/2895 2806/2806/2806 2898/2898/2898
f 2900/2900/2900 2804/2804/2804 2897/2897/2897
f 2904/2904/2904 2818/2818/2818 2906/2906/2906
f 2907/2907/2907 2815/2815/2815 2905/2905/2905
f 2906/2906/2906 2822/2822/2822 2908/2908/2908
f 2918/2918/2918 2829/2829/2829 2914/2914/2914
f 2940/2940/2940 2847/2847/2847 2927/2927/2927
f 2960/2960/2960 2879/2879/2879 2957/2957/2957
f 2963/2963/2963 2883/2883/2883 2961/2961/2961
f 2962/2962/2962 2888/2888/2888 2965/2965/2965
f 2964/2964/2964 2891/2891/2891 2968/2968/2968
f 2971/2971/2971 2892/2892/2892 2969/2969/2969
f 2973/2973/2973 2894/2894/2894 2971/2971/2971
f 2972/2972/2972 2899/2899/2899 2974/2974/2974
f 2975/2975/2975 2897/2897/2897 2973/2973/2973
f 2976/2976/2976 2904/2904/2904 2978/2978/2978
f 2978/2978/2978 2906/2906/2906 2980/2980/2980
f 2981/2981/2981 2905/2905/2905 2979/2979/2979
f 2986/2986/2986 2915/2915/2915 2988/2988/2988
f 2991/2991/2991 2914/2914/2914 2987/2987/2987
f 2989/2989/2989 2919/2919/2919 2992/2992/2992
f 2993/2993/2993 2923/2923/2923 2996/2996/2996
f 171/171/171 167/167/167 168/168/168
f 181/181/181 178/178/178 179/179/179
f 243/243/243 239/239/239 240/240/240
f 248/248/248 244/244/244 245/245/245
f 249/249/249 245/245/245 246/246/246
f 253/253/253 249/249/249 250/250/250
f 258/258/258 254/254/254 255/255/255
f 265/265/265 261/261/261 262/262/262
f 269/269/269 266/266/266 267/267/267
f 277/277/277 273/273/273 274/274/274
f 281/281/281 277/277/277 278/278/278
f 286/286/286 281/281/281 282/282/282
f 290/290/290 285/285/285 286/286/286
f 297/297/297 290/290/290 291/291/291
f 347/347/347 343/343/343 344/344/344
f 356/356/356 352/352/352 353/353/353
f 362/362/362 359/359/359 360/360/360
f 374/374/374 371/371/371 372/372/372
f 382/382/382 379/379/379 380/380/380
f 442/442/442 438/438/438 439/439/439
f 445/445/445 441/441/441 440/440/440
f 449/449/449 446/446/446 447/447/447
f 501/501/501 493/493/493 494/494/494
f 502/502/502 494/494/494 495/495/495
f 526/526/526 506/506/506 505/505/505
f 531/531/531 525/525/525 524/524/524
f 538/538/538 534/534/534 533/533/533
f 544/544/544 541/541/541 540/540/540
f 626/626/626 623/623/623 624/624/624
f 636/636/636 633/633/633 632/632/632
f 679/679/679 672/672/672 673/673/673
f 726/726/726 723/723/723 722/722/722
f 792/792/792 773/773/773 772/772/772
f 795/795/795 786/786/786 785/785/785
f 878/878/878 862/862/862 861/861/861
f 879/879/879 863/863/863 862/862/862
f 880/880/880 864/864/864 863/863/863
f 881/881/881 865/865/865 864/864/864
f 883/883/883 867/867/867 866/866/866
f 884/884/884 868/868/868 867/867/867
f 885/885/885 869/869/869 868/868/868
f 886/886/886 870/870/870 869/869/869
f 897/897/897 875/875/875 874/874/874
f 898/898/898 876/876/876 875/875/875
f 907/907/907 903/903/903 902/902/902
f 917/917/917 914/914/914 915/915/915
f 936/936/936 933/933/933 934/934/934
f 945/945/945 938/938/938 939/939/939
f 947/947/947 940/940/940 941/941/941
f 956/956/956 947/947/947 948/948/948
f 957/957/957 948/948/948 949/949/949
f 968/968/968 961/961/961 962/962/962
f 1016/1016/1016 1013/1013/1013 1014/1014/1014
f 1019/1019/1019 1016/1016/1016 1017/1017/1017
f 1023/1023/1023 1020/1020/1020 1021/1021/1021
f 1026/1026/1026 1023/1023/1023 1024/1024/1024
f 1030/1030/1030 1027/1027/1027 1028/1028/1028
f 1034/1034/1034 1030/1030/1030 1031/1031/1031
f 1061/1061/1061 1054/1054/1054 1055/1055/1055
f 1102/1102/1102 1099/1099/1099 1100/1100/1100
f 1105/1105/1105 1102/1102/1102 1103/1103/1103
f 1111/1111/1111 1108/1108/1108 1109/1109/1109
f 1117/1117/1117 1114/1114/1114 1115/1115/1115
f 1123/1123/1123 1120/1120/1120 1121/1121/1121
f 1141/1141/1141 1135/1135/1135 1136/1136/1136
f 1199/1199/1199 1196/1196/1196 1197/1197/1197
f 1202/1202/1202 1199/1199/1199 1200/1200/1200
f 1205/1205/1205 1202/1202/1202 1203/1203/1203
f 1209/1209/1209 1205/1205/1205 1206/1206/1206
f 1210/1210/1210 1206/1206/1206 1207/1207/1207
f 1213/1213/1213 1210/1210/1210 1211/1211/1211
f 1217/1217/1217 1214/1214/1214 1215/1215/1215
f 1220/1220/1220 1217/1217/1217 1218/1218/1218
f 1248/1248/1248 1241/1241/1241 1242/1242/1242
f 1297/1297/1297 1294/1294/1294 1295/1295/1295
f 1306/1306/1306 1303/1303/1303 1304/1304/1304
f 1312/1312/1312 1309/1309/1309 1310/1310/1310
f 1317/1317/1317 1313/1313/1313 1314/1314/1314
f 1324/1324/1324 1321/1321/1321 1322/1322/1322
f 1329/1329/1329 1325/1325/1325 1326/1326/1326
f 1335/1335/1335 1330/1330/1330 1331/1331/1331
f 1341/1341/1341 1333/1333/1333 1332/1332/1332
f 1353/1353/1353 1346/1346/1346 1347/1347/1347
f 1406/1406/1406 1402/1402/1402 1401/1401/1401
f 1407/1407/1407 1403/1403/1403 1404/1404/1404
f 1415/1415/1415 1411/1411/1411 1412/1412/1412
f 1421/1421/1421 1416/1416/1416 1417/1417/1417
f 1422/1422/1422 1417/1417/1417 1418/1418/1418
f 1430/1430/1430 1420/1420/1420 1419/1419/1419
f 1438/1438/1438 1429/1429/1429 1428/1428/1428
f 1439/1439/1439 1430/1430/1430 1429/1429/1429
f 1447/1447/1447 1438/1438/1438 1437/1437/1437
f 1455/1455/1455 1445/1445/1445 1444/1444/1444
f 1462/1462/1462 1453/1453/1453 1452/1452/1452
f 1516/1516/1516 1513/1513/1513 1512/1512/1512
f 1519/1519/1519 1516/1516/1516 1515/1515/1515
f 1525/1525/1525 1522/1522/1522 1521/1521/1521
f 1532/1532/1532 1528/1528/1528 1527/1527/1527
f 1541/1541/1541 1532/1532/1532 1531/1531/1531
f 1542/1542/1542 1534/1534/1534 1535/1535/1535
f 1543/1543/1543 1535/1535/1535 1536/1536/1536
f 1557/1557/1557 1540/1540/1540 1539/1539/1539
f 1562/1562/1562 1550/1550/1550 1549/1549/1549
f 1564/1564/1564 1552/1552/1552 1551/1551/1551
f 1566/1566/1566 1554/1554/1554 1553/1553/1553
f 1567/1567/1567 1555/1555/1555 1554/1554/1554
f 1575/1575/1575 1566/1566/1566 1565/1565/1565
f 1576/1576/1576 1567/1567/1567 1566/1566/1566
f 1587/1587/1587 1573/1573/1573 1572/1572/1572
f 1588/1588/1588 1574/1574/1574 1573/1573/1573
f 1591/1591/1591 1581/1581/1581 1580/1580/1580
f 1592/1592/1592 1582/1582/1582 1581/1581/1581
f 1595/1595/1595 1585/1585/1585 1584/1584/1584
f 1596/1596/1596 1586/1586/1586 1585/1585/1585
f 1597/1597/1597 1587/1587/1587 1586/1586/1586
f 1637/1637/1637 1634/1634/1634 1633/1633/1633
f 1640/1640/1640 1637/1637/1637 1636/1636/1636
f 1646/1646/1646 1643/1643/1643 1642/1642/1642
f 1650/1650/1650 1646/1646/1646 1645/1645/1645
f 1653/1653/1653 1649/1649/1649 1648/1648/1648
f 1656/1656/1656 1653/1653/1653 1652/1652/1652
f 1660/1660/1660 1656/1656/1656 1655/1655/1655
f 1666/1666/1666 1660/1660/1660 1659/1659/1659
f 1686/1686/1686 1676/1676/1676 1675/1675/1675
f 1695/1695/1695 1682/1682/1682 1681/1681/1681
f 1697/1697/1697 1685/1685/1685 1684/1684/1684
f 1698/1698/1698 1686/1686/1686 1685/1685/1685
f 1700/1700/1700 1688/1688/1688 1687/1687/1687
f 1701/1701/1701 1689/1689/1689 1688/1688/1688
f 1702/1702/1702 1690/1690/1690 1689/1689/1689
f 1703/1703/1703 1691/1691/1691 1690/1690/1690
f 1706/1706/1706 1694/1694/1694 1693/1693/1693
f 1707/1707/1707 1695/1695/1695 1694/1694/1694
f 1710/1710/1710 1700/1700/1700 1699/1699/1699
f 1713/1713/1713 1703/1703/1703 1702/1702/1702
f 1714/1714/1714 1704/1704/1704 1703/1703/1703
f 1715/1715/1715 1705/1705/1705 1704/1704/1704
f 1756/1756/1756 1753/1753/1753 1752/1752/1752
f 1762/1762/1762 1759/1759/1759 1758/1758/1758
f 1768/1768/1768 1765/1765/1765 1764/1764/1764
f 1774/1774/1774 1771/1771/1771 1770/1770/1770
f 1779/1779/1779 1775/1775/1775 1776/1776/1776
f 1784/1784/1784 1778/1778/1778 1777/1777/1777
f 1811/1811/1811 1800/1800/1800 1799/1799/1799
f 1851/1851/1851 1848/1848/1848 1847/1847/1847
f 1854/1854/1854 1851/1851/1851 1850/1850/1850
f 1861/1861/1861 1857/1857/1857 1856/1856/1856
f 1864/1864/1864 1860/1860/1860 1859/1859/1859
f 1867/1867/1867 1864/1864/1864 1863/1863/1863
f 1879/1879/1879 1872/1872/1872 1871/1871/1871
f 1898/1898/1898 1878/1878/1878 1877/1877/1877
f 1903/1903/1903 1897/1897/1897 1896/1896/1896
f 1947/1947/1947 1944/1944/1944 1943/1943/1943
f 1955/1955/1955 1952/1952/1952 1951/1951/1951
f 1958/1958/1958 1955/1955/1955 1954/1954/1954
f 1983/1983/1983 1965/1965/1965 1964/1964/1964
f 1984/1984/1984 1970/1970/1970 1971/1971/1971
f 1986/1986/1986 1972/1972/1972 1973/1973/1973
f 1987/1987/1987 1973/1973/1973 1974/1974/1974
f 1988/1988/1988 1974/1974/1974 1975/1975/1975
f 1989/1989/1989 1975/1975/1975 1976/1976/1976
f 1995/1995/1995 1985/1985/1985 1986/1986/1986
f 1996/1996/1996 1986/1986/1986 1987/1987/1987
f 1997/1997/1997 1987/1987/1987 1988/1988/1988
f 2001/2001/2001 1991/1991/1991 1992/1992/1992
f 2016/2016/2016 2008/2008/2008 2009/2009/2009
f 2048/2048/2048 2045/2045/2045 2044/2044/2044
f 2054/2054/2054 2051/2051/2051 2050/2050/2050
f 2057/2057/2057 2054/2054/2054 2053/2053/2053
f 2061/2061/2061 2057/2057/2057 2056/2056/2056
f 2064/2064/2064 2060/2060/2060 2059/2059/2059
f 2075/2075/2075 2067/2067/2067 2066/2066/2066
f 2076/2076/2076 2071/2071/2071 2072/2072/2072
f 2084/2084/2084 2077/2077/2077 2078/2078/2078
f 2085/2085/2085 2078/2078/2078 2079/2079/2079
f 2090/2090/2090 2080/2080/2080 2081/2081/2081
f 2093/2093/2093 2085/2085/2085 2086/2086/2086
f 2094/2094/2094 2086/2086/2086 2087/2087/2087
f 2106/2106/2106 2098/2098/2098 2099/2099/2099
f 2131/2131/2131 2111/2111/2111 2112/2112/2112
f 2133/2133/2133 2114/2114/2114 2115/2115/2115
f 2137/2137/2137 2118/2118/2118 2119/2119/2119
f 2139/2139/2139 2120/2120/2120 2121/2121/2121
f 2140/2140/2140 2121/2121/2121 2122/2122/2122
f 2141/2141/2141 2122/2122/2122 2123/2123/2123
f 2144/2144/2144 2125/2125/2125 2126/2126/2126
f 2151/2151/2151 2144/2144/2144 2145/2145/2145
f 2160/2160/2160 2157/2157/2157 2158/2158/2158
f 2180/2180/2180 2177/2177/2177 2176/2176/2176
f 2183/2183/2183 2180/2180/2180 2179/2179/2179
f 2190/2190/2190 2184/2184/2184 2185/2185/2185
f 2198/2198/2198 2191/2191/2191 2192/2192/2192
f 2199/2199/2199 2192/2192/2192 2193/2193/2193
f 2200/2200/2200 2193/2193/2193 2194/2194/2194
f 2207/2207/2207 2200/2200/2200 2201/2201/2201
f 2208/2208/2208 2201/2201/2201 2202/2202/2202
f 2220/2220/2220 2205/2205/2205 2204/2204/2204
f 2221/2221/2221 2210/2210/2210 2211/2211/2211
f 2224/2224/2224 2213/2213/2213 2214/2214/2214
f 2351/2351/2351 2348/2348/2348 2349/2349/2349
f 2426/2426/2426 2422/2422/2422 2423/2423/2423
f 2432/2432/2432 2429/2429/2429 2430/2430/2430
f 2438/2438/2438 2435/2435/2435 2436/2436/2436
f 2490/2490/2490 2479/2479/2479 2478/2478/2478
f 2491/2491/2491 2480/2480/2480 2479/2479/2479
f 2492/2492/2492 2481/2481/2481 2480/2480/2480
f 2494/2494/2494 2483/2483/2483 2482/2482/2482
f 2517/2517/2517 2512/2512/2512 2513/2513/2513
f 2524/2524/2524 2521/2521/2521 2520/2520/2520
f 2607/2607/2607 2602/2602/2602 2601/2601/2601
f 2612/2612/2612 2608/2608/2608 2609/2609/2609
f 2615/2615/2615 2611/2611/2611 2610/2610/2610
f 2689/2689/2689 2669/2669/2669 2668/2668/2668
f 2703/2703/2703 2700/2700/2700 2699/2699/2699
f 2712/2712/2712 2709/2709/2709 2708/2708/2708
f 2715/2715/2715 2712/2712/2712 2711/2711/2711
f 2718/2718/2718 2715/2715/2715 2714/2714/2714
f 2727/2727/2727 2723/2723/2723 2722/2722/2722
f 2780/2780/2780 2760/2760/2760 2759/2759/2759
f 2785/2785/2785 2778/2778/2778 2777/2777/2777
f 2786/2786/2786 2779/2779/2779 2778/2778/2778
f 2789/2789/2789 2784/2784/2784 2783/2783/2783
f 2790/2790/2790 2785/2785/2785 2784/2784/2784
f 2799/2799/2799 2795/2795/2795 2794/2794/2794
f 2803/2803/2803 2799/2799/2799 2798/2798/2798
f 2806/2806/2806 2802/2802/2802 2801/2801/2801
f 2813/2813/2813 2809/2809/2809 2808/2808/2808
f 2817/2817/2817 2813/2813/2813 2812/2812/2812
f 2821/2821/2821 2817/2817/2817 2816/2816/2816
f 2827/2827/2827 2822/2822/2822 2821/2821/2821
f 2862/2862/2862 2848/2848/2848 2847/2847/2847
f 2888/2888/2888 2885/2885/2885 2884/2884/2884
f 2899/2899/2899 2896/2896/2896 2895/2895/2895
f 146/146/146 74/74/74 73/73/73
f 150/150/150 78/78/78 77/77/77
f 151/151/151 79/79/79 78/78/78
f 152/152/152 80/80/80 79/79/79
f 153/153/153 81/81/81 80/80/80
f 157/157/157 85/85/85 84/84/84
f 160/160/160 88/88/88 87/87/87
f 165/165/165 93/93/93 92/92/92
f 192/192/192 116/116/116 117/117/117
f 201/201/201 124/124/124 125/125/125
f 203/203/203 126/126/126 127/127/127
f 205/205/205 128/128/128 129/129/129
f 207/207/207 130/130/130 131/131/131
f 209/209/209 132/132/132 133/133/133
f 211/211/211 134/134/134 135/135/135
f 213/213/213 136/136/136 137/137/137
f 214/214/214 137/137/137 138/138/138
f 215/215/215 138/138/138 139/139/139
f 216/216/216 139/139/139 140/140/140
f 220/220/220 143/143/143 144/144/144
f 228/228/228 150/150/150 149/149/149
f 229/229/229 151/151/151 150/150/150
f 230/230/230 152/152/152 151/151/151
f 231/231/231 153/153/153 152/152/152
f 232/232/232 154/154/154 153/153/153
f 233/233/233 155/155/155 154/154/154
f 234/234/234 156/156/156 155/155/155
f 238/238/238 160/160/160 159/159/159
f 272/272/272 184/184/184 185/185/185
f 289/289/289 195/195/195 196/196/196
f 293/293/293 197/197/197 198/198/198
f 295/295/295 199/199/199 200/200/200
f 299/299/299 201/201/201 202/202/202
f 301/301/301 203/203/203 204/204/204
f 308/308/308 207/207/207 208/208/208
f 310/310/310 210/210/210 211/211/211
f 311/311/311 211/211/211 212/212/212
f 315/315/315 213/213/213 214/214/214
f 316/316/316 214/214/214 215/215/215
f 317/317/317 215/215/215 216/216/216
f 318/318/318 216/216/216 217/217/217
f 323/323/323 221/221/221 222/222/222
f 327/327/327 224/224/224 223/223/223
f 329/329/329 226/226/226 225/225/225
f 332/332/332 229/229/229 228/228/228
f 333/333/333 230/230/230 229/229/229
f 334/334/334 231/231/231 230/230/230
f 335/335/335 232/232/232 231/231/231
f 341/341/341 238/238/238 237/237/237
f 342/342/342 239/239/239 238/238/238
f 346/346/346 242/242/242 241/241/241
f 349/349/349 246/246/246 245/245/245
f 355/355/355 252/252/252 251/251/251
f 384/384/384 291/291/291 292/292/292
f 386/386/386 293/293/293 294/294/294
f 392/392/392 303/303/303 304/304/304
f 396/396/396 307/307/307 308/308/308
f 397/397/397 308/308/308 309/309/309
f 399/399/399 311/311/311 312/312/312
f 400/400/400 312/312/312 313/313/313
f 401/401/401 313/313/313 314/314/314
f 404/404/404 315/315/315 316/316/316
f 406/406/406 317/317/317 318/318/318
f 407/407/407 318/318/318 319/319/319
f 413/413/413 324/324/324 325/325/325
f 417/417/417 327/327/327 326/326/326
f 418/418/418 328/328/328 327/327/327
f 419/419/419 329/329/329 328/328/328
f 420/420/420 330/330/330 329/329/329
f 432/432/432 342/342/342 341/341/341
f 433/433/433 343/343/343 342/342/342
f 436/436/436 346/346/346 345/345/345
f 462/462/462 377/377/377 378/378/378
f 468/468/468 382/382/382 383/383/383
f 474/474/474 388/388/388 389/389/389
f 478/478/478 393/393/393 394/394/394
f 482/482/482 397/397/397 398/398/398
f 484/484/484 400/400/400 401/401/401
f 486/486/486 402/402/402 403/403/403
f 488/488/488 404/404/404 405/405/405
f 494/494/494 410/410/410 411/411/411
f 495/495/495 411/411/411 412/412/412
f 498/498/498 414/414/414 415/415/415
f 507/507/507 418/418/418 417/417/417
f 508/508/508 419/419/419 418/418/418
f 509/509/509 420/420/420 419/419/419
f 555/555/555 464/464/464 465/465/465
f 560/560/560 470/470/470 471/471/471
f 562/562/562 472/472/472 473/473/473
f 565/565/565 474/474/474 475/475/475
f 568/568/568 476/476/476 477/477/477
f 571/571/571 478/478/478 479/479/479
f 574/574/574 480/480/480 481/481/481
f 576/576/576 482/482/482 483/483/483
f 578/578/578 485/485/485 486/486/486
f 581/581/581 488/488/488 489/489/489
f 587/587/587 496/496/496 497/497/497
f 588/588/588 497/497/497 498/498/498
f 590/590/590 499/499/499 500/500/500
f 594/594/594 502/502/502 503/503/503
f 595/595/595 503/503/503 504/504/504
f 600/600/600 508/508/508 507/507/507
f 601/601/601 509/509/509 508/508/508
f 602/602/602 510/510/510 509/509/509
f 619/619/619 528/528/528 527/527/527
f 620/620/620 529/529/529 528/528/528
f 644/644/644 552/552/552 553/553/553
f 650/650/650 558/558/558 559/559/559
f 653/653/653 563/563/563 564/564/564
f 655/655/655 566/566/566 567/567/567
f 657/657/657 569/569/569 570/570/570
f 659/659/659 571/571/571 572/572/572
f 660/660/660 572/572/572 573/573/573
f 662/662/662 575/575/575 576/576/576
f 663/663/663 576/576/576 577/577/577
f 665/665/665 579/579/579 580/580/580
f 668/668/668 581/581/581 582/582/582
f 671/671/671 584/584/584 585/585/585
f 674/674/674 588/588/588 589/589/589
f 675/675/675 589/589/589 590/590/590
f 677/677/677 591/591/591 592/592/592
f 683/683/683 596/596/596 597/597/597
f 688/688/688 600/600/600 599/599/599
f 689/689/689 601/601/601 600/600/600
f 690/690/690 602/602/602 601/601/601
f 691/691/691 603/603/603 602/602/602
f 703/703/703 615/615/615 614/614/614
f 707/707/707 619/619/619 618/618/618
f 710/710/710 622/622/622 621/621/621
f 725/725/725 638/638/638 639/639/639
f 733/733/733 647/647/647 648/648/648
f 742/742/742 657/657/657 658/658/658
f 744/744/744 660/660/660 661/661/661
f 746/746/746 662/662/662 663/663/663
f 747/747/747 663/663/663 664/664/664
f 751/751/751 665/665/665 666/666/666
f 752/752/752 666/666/666 667/667/667
f 754/754/754 668/668/668 669/669/669
f 755/755/755 669/669/669 670/670/670
f 759/759/759 675/675/675 676/676/676
f 760/760/760 676/676/676 677/677/677
f 761/761/761 677/677/677 678/678/678
f 765/765/765 680/680/680 681/681/681
f 766/766/766 681/681/681 682/682/682
f 767/767/767 682/682/682 683/683/683
f 769/769/769 684/684/684 685/685/685
f 774/774/774 688/688/688 687/687/687
f 775/775/775 689/689/689 688/688/688
f 776/776/776 690/690/690 689/689/689
f 777/777/777 691/691/691 690/690/690
f 785/785/785 699/699/699 698/698/698
f 787/787/787 701/701/701 700/700/700
f 788/788/788 702/702/702 701/701/701
f 789/789/789 703/703/703 702/702/702
f 799/799/799 707/707/707 706/706/706
f 802/802/802 710/710/710 709/709/709
f 806/806/806 715/715/715 714/714/714
f 819/819/819 730/730/730 731/731/731
f 827/827/827 738/738/738 739/739/739
f 831/831/831 742/742/742 743/743/743
f 833/833/833 744/744/744 745/745/745
f 837/837/837 748/748/748 749/749/749
f 838/838/838 749/749/749 750/750/750
f 840/840/840 752/752/752 753/753/753
f 843/843/843 756/756/756 757/757/757
f 846/846/846 760/760/760 761/761/761
f 848/848/848 762/762/762 763/763/763
f 851/851/851 764/764/764 765/765/765
f 852/852/852 765/765/765 766/766/766
f 853/853/853 766/766/766 767/767/767
f 854/854/854 767/767/767 768/768/768
f 857/857/857 770/770/770 771/771/771
f 862/862/862 775/775/775 774/774/774
f 863/863/863 776/776/776 775/775/775
f 864/864/864 777/777/777 776/776/776
f 865/865/865 778/778/778 777/777/777
f 869/869/869 782/782/782 781/781/781
f 870/870/870 783/783/783 782/782/782
f 871/871/871 784/784/784 783/783/783
f 873/873/873 787/787/787 786/786/786
f 875/875/875 791/791/791 790/790/790
f 888/888/888 794/794/794 793/793/793
f 891/891/891 797/797/797 796/796/796
f 892/892/892 798/798/798 797/797/797
f 922/922/922 819/819/819 820/820/820
f 927/927/927 824/824/824 825/825/825
f 933/933/933 831/831/831 832/832/832
f 938/938/938 836/836/836 837/837/837
f 939/939/939 837/837/837 838/838/838
f 942/942/942 841/841/841 842/842/842
f 951/951/951 847/847/847 848/848/848
f 953/953/953 849/849/849 850/850/850
f 960/960/960 852/852/852 853/853/853
f 962/962/962 854/854/854 855/855/855
f 963/963/963 855/855/855 856/856/856
f 966/966/966 858/858/858 859/859/859
f 973/973/973 879/879/879 878/878/878
f 974/974/974 880/880/880 879/879/879
f 975/975/975 881/881/881 880/880/880
f 976/976/976 882/882/882 881/881/881
f 977/977/977 883/883/883 882/882/882
f 978/978/978 884/884/884 883/883/883
f 979/979/979 885/885/885 884/884/884
f 980/980/980 886/886/886 885/885/885
f 981/981/981 887/887/887 886/886/886
f 983/983/983 889/889/889 888/888/888
f 988/988/988 894/894/894 893/893/893
f 992/992/992 898/898/898 897/897/897
f 994/994/994 900/900/900 899/899/899
f 1003/1003/1003 907/907/907 906/906/906
f 1009/1009/1009 912/912/912 911/911/911
f 1032/1032/1032 931/931/931 932/932/932
f 1045/1045/1045 951/951/951 952/952/952
f 1047/1047/1047 953/953/953 954/954/954
f 1050/1050/1050 956/956/956 957/957/957
f 1051/1051/1051 957/957/957 958/958/958
f 1053/1053/1053 959/959/959 960/960/960
f 1056/1056/1056 963/963/963 964/964/964
f 1057/1057/1057 964/964/964 965/965/965
f 1063/1063/1063 969/969/969 970/970/970
f 1068/1068/1068 972/972/972 971/971/971
f 1069/1069/1069 973/973/973 972/972/972
f 1071/1071/1071 975/975/975 974/974/974
f 1072/1072/1072 976/976/976 975/975/975
f 1073/1073/1073 977/977/977 976/976/976
f 1074/1074/1074 978/978/978 977/977/977
f 1075/1075/1075 979/979/979 978/978/978
f 1076/1076/1076 980/980/980 979/979/979
f 1077/1077/1077 981/981/981 980/980/980
f 1078/1078/1078 982/982/982 981/981/981
f 1080/1080/1080 984/984/984 983/983/983
f 1081/1081/1081 985/985/985 984/984/984
f 1083/1083/1083 987/987/987 986/986/986
f 1085/1085/1085 990/990/990 989/989/989
f 1088/1088/1088 993/993/993 992/992/992
f 1090/1090/1090 996/996/996 995/995/995
f 1097/1097/1097 1002/1002/1002 1001/1001/1001
f 1128/1128/1128 1036/1036/1036 1037/1037/1037
f 1138/1138/1138 1046/1046/1046 1047/1047/1047
f 1139/1139/1139 1047/1047/1047 1048/1048/1048
f 1143/1143/1143 1050/1050/1050 1051/1051/1051
f 1144/1144/1144 1051/1051/1051 1052/1052/1052
f 1145/1145/1145 1052/1052/1052 1053/1053/1053
f 1148/1148/1148 1057/1057/1057 1058/1058/1058
f 1149/1149/1149 1058/1058/1058 1059/1059/1059
f 1155/1155/1155 1064/1064/1064 1065/1065/1065
f 1160/1160/1160 1067/1067/1067 1066/1066/1066
f 1161/1161/1161 1068/1068/1068 1067/1067/1067
f 1163/1163/1163 1070/1070/1070 1069/1069/1069
f 1164/1164/1164 1071/1071/1071 1070/1070/1070
f 1165/1165/1165 1072/1072/1072 1071/1071/1071
f 1166/1166/1166 1073/1073/1073 1072/1072/1072
f 1167/1167/1167 1074/1074/1074 1073/1073/1073
f 1168/1168/1168 1075/1075/1075 1074/1074/1074
f 1169/1169/1169 1076/1076/1076 1075/1075/1075
f 1170/1170/1170 1077/1077/1077 1076/1076/1076
f 1171/1171/1171 1078/1078/1078 1077/1077/1077
f 1173/1173/1173 1080/1080/1080 1079/1079/1079
f 1176/1176/1176 1083/1083/1083 1082/1082/1082
f 1179/1179/1179 1085/1085/1085 1084/1084/1084
f 1181/1181/1181 1087/1087/1087 1086/1086/1086
f 1186/1186/1186 1092/1092/1092 1091/1091/1091
f 1191/1191/1191 1096/1096/1096 1095/1095/1095
f 1224/1224/1224 1126/1126/1126 1127/1127/1127
f 1234/1234/1234 1137/1137/1137 1138/1138/1138
f 1235/1235/1235 1138/1138/1138 1139/1139/1139
f 1239/1239/1239 1142/1142/1142 1143/1143/1143
f 1240/1240/1240 1143/1143/1143 1144/1144/1144
f 1242/1242/1242 1145/1145/1145 1146/1146/1146
f 1245/1245/1245 1149/1149/1149 1150/1150/1150
f 1251/1251/1251 1152/1152/1152 1153/1153/1153
f 1252/1252/1252 1153/1153/1153 1154/1154/1154
f 1255/1255/1255 1156/1156/1156 1157/1157/1157
f 1259/1259/1259 1159/1159/1159 1158/1158/1158
f 1262/1262/1262 1162/1162/1162 1161/1161/1161
f 1263/1263/1263 1163/1163/1163 1162/1162/1162
f 1265/1265/1265 1165/1165/1165 1164/1164/1164
f 1266/1266/1266 1166/1166/1166 1165/1165/1165
f 1267/1267/1267 1167/1167/1167 1166/1166/1166
f 1268/1268/1268 1168/1168/1168 1167/1167/1167
f 1269/1269/1269 1169/1169/1169 1168/1168/1168
f 1270/1270/1270 1170/1170/1170 1169/1169/1169
f 1271/1271/1271 1171/1171/1171 1170/1170/1170
f 1272/1272/1272 1172/1172/1172 1171/1171/1171
f 1273/1273/1273 1173/1173/1173 1172/1172/1172
f 1276/1276/1276 1176/1176/1176 1175/1175/1175
f 1279/1279/1279 1178/1178/1178 1177/1177/1177
f 1281/1281/1281 1180/1180/1180 1179/1179/1179
f 1284/1284/1284 1183/1183/1183 1182/1182/1182
f 1287/1287/1287 1185/1185/1185 1184/1184/1184
f 1292/1292/1292 1190/1190/1190 1189/1189/1189
f 1314/1314/1314 1214/1214/1214 1213/1213/1213
f 1327/1327/1327 1226/1226/1226 1227/1227/1227
f 1338/1338/1338 1234/1234/1234 1235/1235/1235
f 1339/1339/1339 1235/1235/1235 1236/1236/1236
f 1342/1342/1342 1238/1238/1238 1239/1239/1239
f 1343/1343/1343 1239/1239/1239 1240/1240/1240
f 1346/1346/1346 1243/1243/1243 1244/1244/1244
f 1348/1348/1348 1245/1245/1245 1246/1246/1246
f 1349/1349/1349 1246/1246/1246 1247/1247/1247
f 1352/1352/1352 1249/1249/1249 1250/1250/1250
f 1355/1355/1355 1252/1252/1252 1253/1253/1253
f 1356/1356/1356 1253/1253/1253 1254/1254/1254
f 1357/1357/1357 1254/1254/1254 1255/1255/1255
f 1362/1362/1362 1258/1258/1258 1257/1257/1257
f 1364/1364/1364 1260/1260/1260 1259/1259/1259
f 1365/1365/1365 1261/1261/1261 1260/1260/1260
f 1366/1366/1366 1262/1262/1262 1261/1261/1261
f 1367/1367/1367 1263/1263/1263 1262/1262/1262
f 1368/1368/1368 1264/1264/1264 1263/1263/1263
f 1369/1369/1369 1265/1265/1265 1264/1264/1264
f 1372/1372/1372 1268/1268/1268 1267/1267/1267
f 1373/1373/1373 1269/1269/1269 1268/1268/1268
f 1375/1375/1375 1271/1271/1271 1270/1270/1270
f 1376/1376/1376 1272/1272/1272 1271/1271/1271
f 1377/1377/1377 1273/1273/1273 1272/1272/1272
f 1379/1379/1379 1275/1275/1275 1274/1274/1274
f 1381/1381/1381 1278/1278/1278 1277/1277/1277
f 1383/1383/1383 1280/1280/1280 1279/1279/1279
f 1385/1385/1385 1283/1283/1283 1282/1282/1282
f 1388/1388/1388 1286/1286/1286 1285/1285/1285
f 1390/1390/1390 1289/1289/1289 1288/1288/1288
f 1392/1392/1392 1291/1291/1291 1290/1290/1290
f 1446/1446/1446 1333/1333/1333 1334/1334/1334
f 1449/1449/1449 1336/1336/1336 1337/1337/1337
f 1453/1453/1453 1338/1338/1338 1339/1339/1339
f 1456/1456/1456 1342/1342/1342 1343/1343/1343
f 1460/1460/1460 1348/1348/1348 1349/1349/1349
f 1463/1463/1463 1351/1351/1351 1352/1352/1352
f 1464/1464/1464 1352/1352/1352 1353/1353/1353
f 1465/1465/1465 1353/1353/1353 1354/1354/1354
f 1466/1466/1466 1354/1354/1354 1355/1355/1355
f 1467/1467/1467 1355/1355/1355 1356/1356/1356
f 1468/1468/1468 1356/1356/1356 1357/1357/1357
f 1469/1469/1469 1357/1357/1357 1358/1358/1358
f 1474/1474/1474 1361/1361/1361 1360/1360/1360
f 1477/1477/1477 1364/1364/1364 1363/1363/1363
f 1478/1478/1478 1365/1365/1365 1364/1364/1364
f 1479/1479/1479 1366/1366/1366 1365/1365/1365
f 1483/1483/1483 1370/1370/1370 1369/1369/1369
f 1484/1484/1484 1371/1371/1371 1370/1370/1370
f 1489/1489/1489 1376/1376/1376 1375/1375/1375
f 1492/1492/1492 1379/1379/1379 1378/1378/1378
f 1495/1495/1495 1381/1381/1381 1380/1380/1380
f 1496/1496/1496 1382/1382/1382 1381/1381/1381
f 1499/1499/1499 1385/1385/1385 1384/1384/1384
f 1503/1503/1503 1388/1388/1388 1387/1387/1387
f 1505/1505/1505 1390/1390/1390 1389/1389/1389
f 1507/1507/1507 1392/1392/1392 1391/1391/1391
f 1533/1533/1533 1421/1421/1421 1422/1422/1422
f 1535/1535/1535 1423/1423/1423 1424/1424/1424
f 1537/1537/1537 1425/1425/1425 1426/1426/1426
f 1538/1538/1538 1426/1426/1426 1427/1427/1427
f 1545/1545/1545 1432/1432/1432 1433/1433/1433
f 1555/1555/1555 1435/1435/1435 1434/1434/1434
f 1558/1558/1558 1441/1441/1441 1442/1442/1442
f 1559/1559/1559 1442/1442/1442 1443/1443/1443
f 1568/1568/1568 1450/1450/1450 1451/1451/1451
f 1577/1577/1577 1457/1457/1457 1458/1458/1458
f 1578/1578/1578 1458/1458/1458 1459/1459/1459
f 1589/1589/1589 1463/1463/1463 1464/1464/1464
f 1590/1590/1590 1464/1464/1464 1465/1465/1465
f 1591/1591/1591 1465/1465/1465 1466/1466/1466
f 1592/1592/1592 1466/1466/1466 1467/1467/1467
f 1593/1593/1593 1467/1467/1467 1468/1468/1468
f 1600/1600/1600 1473/1473/1473 1472/1472/1472
f 1603/1603/1603 1476/1476/1476 1475/1475/1475
f 1604/1604/1604 1477/1477/1477 1476/1476/1476
f 1605/1605/1605 1478/1478/1478 1477/1477/1477
f 1606/1606/1606 1479/1479/1479 1478/1478/1478
f 1607/1607/1607 1480/1480/1480 1479/1479/1479
f 1614/1614/1614 1487/1487/1487 1486/1486/1486
f 1615/1615/1615 1488/1488/1488 1487/1487/1487
f 1618/1618/1618 1491/1491/1491 1490/1490/1490
f 1620/1620/1620 1494/1494/1494 1493/1493/1493
f 1621/1621/1621 1495/1495/1495 1494/1494/1494
f 1624/1624/1624 1498/1498/1498 1497/1497/1497
f 1626/1626/1626 1500/1500/1500 1499/1499/1499
f 1628/1628/1628 1502/1502/1502 1501/1501/1501
f 1631/1631/1631 1505/1505/1505 1504/1504/1504
f 1657/1657/1657 1529/1529/1529 1530/1530/1530
f 1663/1663/1663 1537/1537/1537 1538/1538/1538
f 1664/1664/1664 1538/1538/1538 1539/1539/1539
f 1671/1671/1671 1546/1546/1546 1547/1547/1547
f 1673/1673/1673 1548/1548/1548 1549/1549/1549
f 1674/1674/1674 1549/1549/1549 1550/1550/1550
f 1677/1677/1677 1551/1551/1551 1552/1552/1552
f 1689/1689/1689 1564/1564/1564 1563/1563/1563
f 1696/1696/1696 1569/1569/1569 1570/1570/1570
f 1697/1697/1697 1570/1570/1570 1571/1571/1571
f 1708/1708/1708 1579/1579/1579 1580/1580/1580
f 1709/1709/1709 1580/1580/1580 1581/1581/1581
f 1711/1711/1711 1582/1582/1582 1583/1583/1583
f 1716/1716/1716 1593/1593/1593 1594/1594/1594
f 1719/1719/1719 1599/1599/1599 1598/1598/1598
f 1723/1723/1723 1603/1603/1603 1602/1602/1602
f 1724/1724/1724 1604/1604/1604 1603/1603/1603
f 1725/1725/1725 1605/1605/1605 1604/1604/1604
f 1726/1726/1726 1606/1606/1606 1605/1605/1605
f 1727/1727/1727 1607/1607/1607 1606/1606/1606
f 1728/1728/1728 1608/1608/1608 1607/1607/1607
f 1729/1729/1729 1609/1609/1609 1608/1608/1608
f 1736/1736/1736 1616/1616/1616 1615/1615/1615
f 1737/1737/1737 1617/1617/1617 1616/1616/1616
f 1740/1740/1740 1620/1620/1620 1619/1619/1619
f 1743/1743/1743 1623/1623/1623 1622/1622/1622
f 1745/1745/1745 1625/1625/1625 1624/1624/1624
f 1747/1747/1747 1628/1628/1628 1627/1627/1627
f 1750/1750/1750 1630/1630/1630 1629/1629/1629
f 1782/1782/1782 1663/1663/1663 1664/1664/1664
f 1785/1785/1785 1667/1667/1667 1668/1668/1668
f 1786/1786/1786 1668/1668/1668 1669/1669/1669
f 1787/1787/1787 1669/1669/1669 1670/1670/1670
f 1793/1793/1793 1675/1675/1675 1676/1676/1676
f 1797/1797/1797 1679/1679/1679 1680/1680/1680
f 1805/1805/1805 1687/1687/1687 1688/1688/1688
f 1807/1807/1807 1689/1689/1689 1690/1690/1690
f 1809/1809/1809 1691/1691/1691 1692/1692/1692
f 1810/1810/1810 1692/1692/1692 1693/1693/1693
f 1811/1811/1811 1693/1693/1693 1694/1694/1694
f 1816/1816/1816 1719/1719/1719 1718/1718/1718
f 1819/1819/1819 1722/1722/1722 1721/1721/1721
f 1820/1820/1820 1723/1723/1723 1722/1722/1722
f 1821/1821/1821 1724/1724/1724 1723/1723/1723
f 1822/1822/1822 1725/1725/1725 1724/1724/1724
f 1823/1823/1823 1726/1726/1726 1725/1725/1725
f 1824/1824/1824 1727/1727/1727 1726/1726/1726
f 1825/1825/1825 1728/1728/1728 1727/1727/1727
f 1826/1826/1826 1729/1729/1729 1728/1728/1728
f 1827/1827/1827 1730/1730/1730 1729/1729/1729
f 1832/1832/1832 1735/1735/1735 1734/1734/1734
f 1833/1833/1833 1736/1736/1736 1735/1735/1735
f 1836/1836/1836 1740/1740/1740 1739/1739/1739
f 1839/1839/1839 1742/1742/1742 1741/1741/1741
f 1841/1841/1841 1744/1744/1744 1743/1743/1743
f 1845/1845/1845 1749/1749/1749 1748/1748/1748
f 1874/1874/1874 1780/1780/1780 1781/1781/1781
f 1880/1880/1880 1785/1785/1785 1786/1786/1786
f 1881/1881/1881 1786/1786/1786 1787/1787/1787
f 1882/1882/1882 1787/1787/1787 1788/1788/1788
f 1883/1883/1883 1788/1788/1788 1789/1789/1789
f 1884/1884/1884 1789/1789/1789 1790/1790/1790
f 1888/1888/1888 1793/1793/1793 1794/1794/1794
f 1889/1889/1889 1794/1794/1794 1795/1795/1795
f 1890/1890/1890 1795/1795/1795 1796/1796/1796
f 1893/1893/1893 1798/1798/1798 1799/1799/1799
f 1894/1894/1894 1799/1799/1799 1800/1800/1800
f 1899/1899/1899 1806/1806/1806 1807/1807/1807
f 1902/1902/1902 1812/1812/1812 1813/1813/1813
f 1905/1905/1905 1815/1815/1815 1814/1814/1814
f 1909/1909/1909 1819/1819/1819 1818/1818/1818
f 1910/1910/1910 1820/1820/1820 1819/1819/1819
f 1911/1911/1911 1821/1821/1821 1820/1820/1820
f 1912/1912/1912 1822/1822/1822 1821/1821/1821
f 1913/1913/1913 1823/1823/1823 1822/1822/1822
f 1914/1914/1914 1824/1824/1824 1823/1823/1823
f 1915/1915/1915 1825/1825/1825 1824/1824/1824
f 1916/1916/1916 1826/1826/1826 1825/1825/1825
f 1917/1917/1917 1827/1827/1827 1826/1826/1826
f 1921/1921/1921 1831/1831/1831 1830/1830/1830
f 1922/1922/1922 1832/1832/1832 1831/1831/1831
f 1924/1924/1924 1835/1835/1835 1834/1834/1834
f 1927/1927/1927 1838/1838/1838 1837/1837/1837
f 1929/1929/1929 1840/1840/1840 1839/1839/1839
f 1932/1932/1932 1844/1844/1844 1843/1843/1843
f 1959/1959/1959 1873/1873/1873 1874/1874/1874
f 1961/1961/1961 1875/1875/1875 1876/1876/1876
f 1967/1967/1967 1881/1881/1881 1882/1882/1882
f 1969/1969/1969 1883/1883/1883 1884/1884/1884
f 1978/1978/1978 1892/1892/1892 1893/1893/1893
f 1979/1979/1979 1893/1893/1893 1894/1894/1894
f 1980/1980/1980 1894/1894/1894 1895/1895/1895
f 1981/1981/1981 1895/1895/1895 1896/1896/1896
f 1992/1992/1992 1900/1900/1900 1901/1901/1901
f 2011/2011/2011 1905/1905/1905 1904/1904/1904
f 2016/2016/2016 1910/1910/1910 1909/1909/1909
f 2018/2018/2018 1912/1912/1912 1911/1911/1911
f 2019/2019/2019 1913/1913/1913 1912/1912/1912
f 2020/2020/2020 1914/1914/1914 1913/1913/1913
f 2021/2021/2021 1915/1915/1915 1914/1914/1914
f 2022/2022/2022 1916/1916/1916 1915/1915/1915
f 2023/2023/2023 1917/1917/1917 1916/1916/1916
f 2024/2024/2024 1918/1918/1918 1917/1917/1917
f 2026/2026/2026 1920/1920/1920 1919/1919/1919
f 2027/2027/2027 1921/1921/1921 1920/1920/1920
f 2029/2029/2029 1924/1924/1924 1923/1923/1923
f 2032/2032/2032 1926/1926/1926 1925/1925/1925
f 2034/2034/2034 1928/1928/1928 1927/1927/1927
f 2035/2035/2035 1929/1929/1929 1928/1928/1928
f 2068/2068/2068 1959/1959/1959 1960/1960/1960
f 2070/2070/2070 1961/1961/1961 1962/1962/1962
f 2071/2071/2071 1962/1962/1962 1963/1963/1963
f 2080/2080/2080 1979/1979/1979 1980/1980/1980
f 2081/2081/2081 1980/1980/1980 1981/1981/1981
f 2096/2096/2096 1996/1996/1996 1997/1997/1997
f 2097/2097/2097 1997/1997/1997 1998/1998/1998
f 2099/2099/2099 1999/1999/1999 2000/2000/2000
f 2103/2103/2103 2003/2003/2003 2004/2004/2004
f 2111/2111/2111 2006/2006/2006 2005/2005/2005
f 2113/2113/2113 2008/2008/2008 2007/2007/2007
f 2130/2130/2130 2013/2013/2013 2012/2012/2012
f 2136/2136/2136 2020/2020/2020 2019/2019/2019
f 2137/2137/2137 2021/2021/2021 2020/2020/2020
f 2138/2138/2138 2022/2022/2022 2021/2021/2021
f 2139/2139/2139 2023/2023/2023 2022/2022/2022
f 2140/2140/2140 2024/2024/2024 2023/2023/2023
f 2141/2141/2141 2025/2025/2025 2024/2024/2024
f 2142/2142/2142 2026/2026/2026 2025/2025/2025
f 2148/2148/2148 2029/2029/2029 2028/2028/2028
f 2150/2150/2150 2031/2031/2031 2030/2030/2030
f 2152/2152/2152 2033/2033/2033 2032/2032/2032
f 2157/2157/2157 2038/2038/2038 2037/2037/2037
f 2161/2161/2161 2042/2042/2042 2041/2041/2041
f 2180/2180/2180 2064/2064/2064 2063/2063/2063
f 2211/2211/2211 2095/2095/2095 2096/2096/2096
f 2212/2212/2212 2096/2096/2096 2097/2097/2097
f 2215/2215/2215 2100/2100/2100 2101/2101/2101
f 2216/2216/2216 2101/2101/2101 2102/2102/2102
f 2217/2217/2217 2102/2102/2102 2103/2103/2103
f 2219/2219/2219 2104/2104/2104 2105/2105/2105
f 2226/2226/2226 2107/2107/2107 2108/2108/2108
f 2229/2229/2229 2110/2110/2110 2109/2109/2109
f 2230/2230/2230 2111/2111/2111 2110/2110/2110
f 2231/2231/2231 2112/2112/2112 2111/2111/2111
f 2233/2233/2233 2114/2114/2114 2113/2113/2113
f 2240/2240/2240 2121/2121/2121 2120/2120/2120
f 2241/2241/2241 2122/2122/2122 2121/2121/2121
f 2242/2242/2242 2123/2123/2123 2122/2122/2122
f 2243/2243/2243 2124/2124/2124 2123/2123/2123
f 2244/2244/2244 2125/2125/2125 2124/2124/2124
f 2248/2248/2248 2129/2129/2129 2128/2128/2128
f 2252/2252/2252 2148/2148/2148 2147/2147/2147
f 2264/2264/2264 2169/2169/2169 2170/2170/2170
f 2275/2275/2275 2179/2179/2179 2180/2180/2180
f 2281/2281/2281 2188/2188/2188 2189/2189/2189
f 2285/2285/2285 2195/2195/2195 2196/2196/2196
f 2286/2286/2286 2196/2196/2196 2197/2197/2197
f 2292/2292/2292 2203/2203/2203 2204/2204/2204
f 2293/2293/2293 2204/2204/2204 2205/2205/2205
f 2301/2301/2301 2215/2215/2215 2216/2216/2216
f 2302/2302/2302 2216/2216/2216 2217/2217/2217
f 2303/2303/2303 2217/2217/2217 2218/2218/2218
f 2310/2310/2310 2225/2225/2225 2226/2226/2226
f 2311/2311/2311 2226/2226/2226 2227/2227/2227
f 2315/2315/2315 2229/2229/2229 2228/2228/2228
f 2318/2318/2318 2232/2232/2232 2231/2231/2231
f 2327/2327/2327 2241/2241/2241 2240/2240/2240
f 2328/2328/2328 2242/2242/2242 2241/2241/2241
f 2329/2329/2329 2243/2243/2243 2242/2242/2242
f 2330/2330/2330 2244/2244/2244 2243/2243/2243
f 2334/2334/2334 2248/2248/2248 2247/2247/2247
f 2338/2338/2338 2252/2252/2252 2251/2251/2251
f 2340/2340/2340 2254/2254/2254 2253/2253/2253
f 2356/2356/2356 2270/2270/2270 2271/2271/2271
f 2364/2364/2364 2278/2278/2278 2279/2279/2279
f 2370/2370/2370 2283/2283/2283 2284/2284/2284
f 2373/2373/2373 2287/2287/2287 2288/2288/2288
f 2375/2375/2375 2289/2289/2289 2290/2290/2290
f 2378/2378/2378 2293/2293/2293 2294/2294/2294
f 2380/2380/2380 2295/2295/2295 2296/2296/2296
f 2382/2382/2382 2297/2297/2297 2298/2298/2298
f 2384/2384/2384 2299/2299/2299 2300/2300/2300
f 2387/2387/2387 2302/2302/2302 2303/2303/2303
f 2389/2389/2389 2304/2304/2304 2305/2305/2305
f 2392/2392/2392 2306/2306/2306 2307/2307/2307
f 2393/2393/2393 2307/2307/2307 2308/2308/2308
f 2394/2394/2394 2308/2308/2308 2309/2309/2309
f 2397/2397/2397 2311/2311/2311 2312/2312/2312
f 2398/2398/2398 2312/2312/2312 2313/2313/2313
f 2401/2401/2401 2315/2315/2315 2314/2314/2314
f 2404/2404/2404 2318/2318/2318 2317/2317/2317
f 2413/2413/2413 2327/2327/2327 2326/2326/2326
f 2414/2414/2414 2328/2328/2328 2327/2327/2327
f 2415/2415/2415 2329/2329/2329 2328/2328/2328
f 2416/2416/2416 2330/2330/2330 2329/2329/2329
f 2420/2420/2420 2334/2334/2334 2333/2333/2333
f 2425/2425/2425 2338/2338/2338 2337/2337/2337
f 2441/2441/2441 2351/2351/2351 2352/2352/2352
f 2450/2450/2450 2359/2359/2359 2360/2360/2360
f 2458/2458/2458 2366/2366/2366 2367/2367/2367
f 2460/2460/2460 2368/2368/2368 2369/2369/2369
f 2462/2462/2462 2371/2371/2371 2372/2372/2372
f 2464/2464/2464 2373/2373/2373 2374/2374/2374
f 2467/2467/2467 2376/2376/2376 2377/2377/2377
f 2470/2470/2470 2379/2379/2379 2380/2380/2380
f 2471/2471/2471 2380/2380/2380 2381/2381/2381
f 2473/2473/2473 2382/2382/2382 2383/2383/2383
f 2475/2475/2475 2384/2384/2384 2385/2385/2385
f 2476/2476/2476 2385/2385/2385 2386/2386/2386
f 2486/2486/2486 2390/2390/2390 2391/2391/2391
f 2488/2488/2488 2393/2393/2393 2394/2394/2394
f 2489/2489/2489 2394/2394/2394 2395/2395/2395
f 2490/2490/2490 2395/2395/2395 2396/2396/2396
f 2491/2491/2491 2396/2396/2396 2397/2397/2397
f 2507/2507/2507 2412/2412/2412 2411/2411/2411
f 2508/2508/2508 2413/2413/2413 2412/2412/2412
f 2509/2509/2509 2414/2414/2414 2413/2413/2413
f 2510/2510/2510 2415/2415/2415 2414/2414/2414
f 2511/2511/2511 2416/2416/2416 2415/2415/2415
f 2515/2515/2515 2419/2419/2419 2418/2418/2418
f 2538/2538/2538 2447/2447/2447 2448/2448/2448
f 2547/2547/2547 2456/2456/2456 2457/2457/2457
f 2549/2549/2549 2458/2458/2458 2459/2459/2459
f 2553/2553/2553 2462/2462/2462 2463/2463/2463
f 2556/2556/2556 2464/2464/2464 2465/2465/2465
f 2557/2557/2557 2465/2465/2465 2466/2466/2466
f 2559/2559/2559 2467/2467/2467 2468/2468/2468
f 2560/2560/2560 2468/2468/2468 2469/2469/2469
f 2563/2563/2563 2470/2470/2470 2471/2471/2471
f 2567/2567/2567 2474/2474/2474 2475/2475/2475
f 2570/2570/2570 2477/2477/2477 2478/2478/2478
f 2571/2571/2571 2478/2478/2478 2479/2479/2479
f 2572/2572/2572 2479/2479/2479 2480/2480/2480
f 2573/2573/2573 2480/2480/2480 2481/2481/2481
f 2577/2577/2577 2484/2484/2484 2485/2485/2485
f 2579/2579/2579 2486/2486/2486 2487/2487/2487
f 2584/2584/2584 2497/2497/2497 2496/2496/2496
f 2585/2585/2585 2498/2498/2498 2497/2497/2497
f 2594/2594/2594 2507/2507/2507 2506/2506/2506
f 2595/2595/2595 2508/2508/2508 2507/2507/2507
f 2596/2596/2596 2509/2509/2509 2508/2508/2508
f 2597/2597/2597 2510/2510/2510 2509/2509/2509
f 2598/2598/2598 2511/2511/2511 2510/2510/2510
f 2599/2599/2599 2512/2512/2512 2511/2511/2511
f 2603/2603/2603 2516/2516/2516 2515/2515/2515
f 2628/2628/2628 2541/2541/2541 2542/2542/2542
f 2634/2634/2634 2545/2545/2545 2546/2546/2546
f 2640/2640/2640 2551/2551/2551 2552/2552/2552
f 2642/2642/2642 2553/2553/2553 2554/2554/2554
f 2643/2643/2643 2554/2554/2554 2555/2555/2555
f 2645/2645/2645 2557/2557/2557 2558/2558/2558
f 2647/2647/2647 2560/2560/2560 2561/2561/2561
f 2648/2648/2648 2561/2561/2561 2562/2562/2562
f 2652/2652/2652 2565/2565/2565 2566/2566/2566
f 2654/2654/2654 2568/2568/2568 2569/2569/2569
f 2661/2661/2661 2575/2575/2575 2576/2576/2576
f 2662/2662/2662 2576/2576/2576 2577/2577/2577
f 2666/2666/2666 2580/2580/2580 2581/2581/2581
f 2670/2670/2670 2584/2584/2584 2583/2583/2583
f 2671/2671/2671 2585/2585/2585 2584/2584/2584
f 2679/2679/2679 2593/2593/2593 2592/2592/2592
f 2680/2680/2680 2594/2594/2594 2593/2593/2593
f 2681/2681/2681 2595/2595/2595 2594/2594/2594
f 2682/2682/2682 2596/2596/2596 2595/2595/2595
f 2683/2683/2683 2597/2597/2597 2596/2596/2596
f 2684/2684/2684 2598/2598/2598 2597/2597/2597
f 2685/2685/2685 2599/2599/2599 2598/2598/2598
f 2686/2686/2686 2600/2600/2600 2599/2599/2599
f 2691/2691/2691 2605/2605/2605 2604/2604/2604
f 2720/2720/2720 2630/2630/2630 2631/2631/2631
f 2726/2726/2726 2636/2636/2636 2637/2637/2637
f 2728/2728/2728 2638/2638/2638 2639/2639/2639
f 2733/2733/2733 2643/2643/2643 2644/2644/2644
f 2738/2738/2738 2647/2647/2647 2648/2648/2648
f 2740/2740/2740 2649/2649/2649 2650/2650/2650
f 2746/2746/2746 2655/2655/2655 2656/2656/2656
f 2761/2761/2761 2671/2671/2671 2670/2670/2670
f 2762/2762/2762 2672/2672/2672 2671/2671/2671
f 2769/2769/2769 2679/2679/2679 2678/2678/2678
f 2770/2770/2770 2680/2680/2680 2679/2679/2679
f 2771/2771/2771 2681/2681/2681 2680/2680/2680
f 2772/2772/2772 2682/2682/2682 2681/2681/2681
f 2774/2774/2774 2684/2684/2684 2683/2683/2683
f 2776/2776/2776 2686/2686/2686 2685/2685/2685
f 2778/2778/2778 2688/2688/2688 2687/2687/2687
f 2782/2782/2782 2691/2691/2691 2690/2690/2690
f 2792/2792/2792 2698/2698/2698 2697/2697/2697
f 2825/2825/2825 2724/2724/2724 2725/2725/2725
f 2830/2830/2830 2729/2729/2729 2730/2730/2730
f 2834/2834/2834 2731/2731/2731 2732/2732/2732
f 2836/2836/2836 2734/2734/2734 2735/2735/2735
f 2842/2842/2842 2739/2739/2739 2740/2740/2740
f 2843/2843/2843 2740/2740/2740 2741/2741/2741
f 2844/2844/2844 2741/2741/2741 2742/2742/2742
f 2851/2851/2851 2747/2747/2747 2748/2748/2748
f 2852/2852/2852 2748/2748/2748 2749/2749/2749
f 2856/2856/2856 2752/2752/2752 2753/2753/2753
f 2859/2859/2859 2755/2755/2755 2756/2756/2756
f 2860/2860/2860 2756/2756/2756 2757/2757/2757
f 2865/2865/2865 2762/2762/2762 2761/2761/2761
f 2869/2869/2869 2766/2766/2766 2765/2765/2765
f 2870/2870/2870 2767/2767/2767 2766/2766/2766
f 2871/2871/2871 2768/2768/2768 2767/2767/2767
f 2872/2872/2872 2769/2769/2769 2768/2768/2768
f 2873/2873/2873 2770/2770/2770 2769/2769/2769
f 2874/2874/2874 2771/2771/2771 2770/2770/2770
f 2875/2875/2875 2772/2772/2772 2771/2771/2771
f 2879/2879/2879 2776/2776/2776 2775/2775/2775
f 2901/2901/2901 2809/2809/2809 2810/2810/2810
f 2912/2912/2912 2827/2827/2827 2828/2828/2828
f 2915/2915/2915 2832/2832/2832 2833/2833/2833
f 2919/2919/2919 2838/2838/2838 2839/2839/2839
f 2924/2924/2924 2845/2845/2845 2846/2846/2846
f 2928/2928/2928 2848/2848/2848 2849/2849/2849
f 2929/2929/2929 2849/2849/2849 2850/2850/2850
f 2931/2931/2931 2852/2852/2852 2853/2853/2853
f 2935/2935/2935 2856/2856/2856 2857/2857/2857
f 2943/2943/2943 2865/2865/2865 2864/2864/2864
f 2946/2946/2946 2868/2868/2868 2867/2867/2867
f 2947/2947/2947 2869/2869/2869 2868/2868/2868
f 2948/2948/2948 2870/2870/2870 2869/2869/2869
f 2949/2949/2949 2871/2871/2871 2870/2870/2870
f 2950/2950/2950 2872/2872/2872 2871/2871/2871
f 2951/2951/2951 2873/2873/2873 2872/2872/2872
f 2952/2952/2952 2874/2874/2874 2873/2873/2873
f 2953/2953/2953 2875/2875/2875 2874/2874/2874
f 2957/2957/2957 2879/2879/2879 2878/2878/2878
f 2959/2959/2959 2881/2881/2881 2880/2880/2880
f 2982/2982/2982 2908/2908/2908 2909/2909/2909
f 2992/2992/2992 2919/2919/2919 2920/2920/2920
f 2996/2996/2996 2923/2923/2923 2924/2924/2924
f 2998/2998/2998 2925/2925/2925 2926/2926/2926
f 3001/3001/3001 2928/2928/2928 2929/2929/2929
f 3004/3004/3004 2932/2932/2932 2933/2933/2933
f 3005/3005/3005 2933/2933/2933 2934/2934/2934
f 3006/3006/3006 2934/2934/2934 2935/2935/2935
f 3007/3007/3007 2935/2935/2935 2936/2936/2936
f 3010/3010/3010 2938/2938/2938 2939/2939/2939
f 162/162/162 90/90/90 94/94/94
f 171/171/171 98/98/98 95/95/95
f 174/174/174 101/101/101 99/99/99
f 181/181/181 107/107/107 105/105/105
f 180/180/180 106/106/106 108/108/108
f 183/183/183 108/108/108 110/110/110
f 187/187/187 111/111/111 109/109/109
f 186/186/186 110/110/110 112/112/112
f 189/189/189 113/113/113 111/111/111
f 194/194/194 118/118/118 120/120/120
f 200/200/200 123/123/123 119/119/119
f 198/198/198 121/121/121 124/124/124
f 204/204/204 127/127/127 122/122/122
f 202/202/202 125/125/125 128/128/128
f 212/212/212 135/135/135 126/126/126
f 208/208/208 131/131/131 136/136/136
f 243/243/243 164/164/164 161/161/161
f 241/241/241 162/162/162 166/166/166
f 248/248/248 167/167/167 165/165/165
f 253/253/253 172/172/172 168/168/168
f 265/265/265 178/178/178 176/176/176
f 269/269/269 182/182/182 179/179/179
f 268/268/268 180/180/180 183/183/183
f 271/271/271 183/183/183 186/186/186
f 275/275/275 186/186/186 188/188/188
f 280/280/280 189/189/189 187/187/187
f 285/285/285 193/193/193 189/189/189
f 294/294/294 198/198/198 201/201/201
f 300/300/300 202/202/202 205/205/205
f 309/309/309 208/208/208 213/213/213
f 326/326/326 223/223/223 242/242/242
f 347/347/347 244/244/244 240/240/240
f 345/345/345 241/241/241 247/247/247
f 356/356/356 254/254/254 250/250/250
f 358/358/358 256/256/256 260/260/260
f 362/362/362 263/263/263 259/259/259
f 361/361/361 260/260/260 264/264/264
f 365/365/365 267/267/267 263/263/263
f 364/364/364 264/264/264 268/268/268
f 368/368/368 270/270/270 267/267/267
f 371/371/371 274/274/274 270/270/270
f 376/376/376 279/279/279 283/283/283
f 381/381/381 287/287/287 282/282/282
f 380/380/380 284/284/284 288/288/288
f 394/394/394 305/305/305 298/298/298
f 398/398/398 309/309/309 315/315/315
f 416/416/416 326/326/326 346/346/346
f 437/437/437 348/348/348 344/344/344
f 435/435/435 345/345/345 351/351/351
f 442/442/442 352/352/352 349/349/349
f 440/440/440 350/350/350 354/354/354
f 446/446/446 357/357/357 353/353/353
f 444/444/444 354/354/354 358/358/358
f 449/449/449 359/359/359 357/357/357
f 452/452/452 363/363/363 360/360/360
f 454/454/454 366/366/366 363/363/363
f 456/456/456 369/369/369 366/366/366
f 458/458/458 372/372/372 369/369/369
f 459/459/459 373/373/373 376/376/376
f 461/461/461 376/376/376 379/379/379
f 470/470/470 385/385/385 381/381/381
f 483/483/483 398/398/398 404/404/404
f 505/505/505 416/416/416 436/436/436
f 524/524/524 435/435/435 441/441/441
f 532/532/532 443/443/443 439/439/439
f 530/530/530 441/441/441 445/445/445
f 535/535/535 446/446/446 443/443/443
f 533/533/533 444/444/444 448/448/448
f 539/539/539 450/450/450 447/447/447
f 537/537/537 448/448/448 451/451/451
f 542/542/542 452/452/452 450/450/450
f 540/540/540 451/451/451 453/453/453
f 545/545/545 454/454/454 452/452/452
f 547/547/547 456/456/456 454/454/454
f 549/549/549 458/458/458 456/456/456
f 548/548/548 457/457/457 459/459/459
f 554/554/554 463/463/463 460/460/460
f 580/580/580 487/487/487 478/478/478
f 577/577/577 483/483/483 488/488/488
f 586/586/586 493/493/493 501/501/501
f 598/598/598 506/506/506 526/526/526
f 616/616/616 525/525/525 531/531/531
f 621/621/621 530/530/530 534/534/534
f 626/626/626 535/535/535 532/532/532
f 625/625/625 534/534/534 538/538/538
f 629/629/629 539/539/539 536/536/536
f 628/628/628 538/538/538 541/541/541
f 631/631/631 542/542/542 539/539/539
f 630/630/630 541/541/541 544/544/544
f 634/634/634 545/545/545 542/542/542
f 632/632/632 543/543/543 546/546/546
f 637/637/637 547/547/547 545/545/545
f 635/635/635 546/546/546 548/548/548
f 640/640/640 549/549/549 547/547/547
f 643/643/643 551/551/551 549/549/549
f 646/646/646 554/554/554 551/551/551
f 664/664/664 577/577/577 581/581/581
f 673/673/673 586/586/586 593/593/593
f 706/706/706 618/618/618 615/615/615
f 704/704/704 616/616/616 622/622/622
f 711/711/711 623/623/623 620/620/620
f 709/709/709 621/621/621 625/625/625
f 715/715/715 627/627/627 624/624/624
f 717/717/717 629/629/629 627/627/627
f 719/719/719 631/631/631 629/629/629
f 720/720/720 633/633/633 636/636/636
f 722/722/722 635/635/635 638/638/638
f 727/727/727 640/640/640 637/637/637
f 729/729/729 643/643/643 640/640/640
f 728/728/728 642/642/642 645/645/645
f 741/741/741 656/656/656 652/652/652
f 743/743/743 658/658/658 662/662/662
f 758/758/758 672/672/672 679/679/679
f 772/772/772 686/686/686 705/705/705
f 790/790/790 704/704/704 710/710/710
f 803/803/803 711/711/711 708/708/708
f 801/801/801 709/709/709 713/713/713
f 810/810/810 719/719/719 717/717/717
f 812/812/812 721/721/721 719/719/719
f 815/815/815 726/726/726 728/728/728
f 822/822/822 734/734/734 736/736/736
f 830/830/830 741/741/741 737/737/737
f 832/832/832 743/743/743 746/746/746
f 860/860/860 773/773/773 792/792/792
f 872/872/872 786/786/786 795/795/795
f 873/873/873 787/787/787 796/796/796
f 874/874/874 790/790/790 802/802/802
f 901/901/901 803/803/803 800/800/800
f 895/895/895 801/801/801 804/804/804
f 902/902/902 804/804/804 807/807/807
f 909/909/909 809/809/809 811/811/811
f 913/913/913 812/812/812 810/810/810
f 912/912/912 811/811/811 813/813/813
f 916/916/916 814/814/814 812/812/812
f 920/920/920 817/817/817 819/819/819
f 924/924/924 821/821/821 818/818/818
f 923/923/923 820/820/820 822/822/822
f 926/926/926 823/823/823 821/821/821
f 935/935/935 834/834/834 829/829/829
f 934/934/934 832/832/832 835/835/835
f 941/941/941 839/839/839 843/843/843
f 950/950/950 845/845/845 851/851/851
f 990/990/990 896/896/896 903/903/903
f 999/999/999 904/904/904 901/901/901
f 1012/1012/1012 916/916/916 913/913/913
f 1011/1011/1011 914/914/914 917/917/917
f 1015/1015/1015 919/919/919 916/916/916
f 1014/1014/1014 918/918/918 920/920/920
f 1018/1018/1018 921/921/921 919/919/919
f 1017/1017/1017 920/920/920 922/922/922
f 1022/1022/1022 924/924/924 921/921/921
f 1021/1021/1021 923/923/923 925/925/925
f 1025/1025/1025 926/926/926 924/924/924
f 1024/1024/1024 925/925/925 927/927/927
f 1028/1028/1028 928/928/928 930/930/930
f 1035/1035/1035 933/933/933 936/936/936
f 1041/1041/1041 943/943/943 935/935/935
f 1039/1039/1039 937/937/937 944/944/944
f 1048/1048/1048 954/954/954 942/942/942
f 1044/1044/1044 946/946/946 955/955/955
f 1055/1055/1055 961/961/961 968/968/968
f 1107/1107/1107 1012/1012/1012 1010/1010/1010
f 1110/1110/1110 1015/1015/1015 1012/1012/1012
f 1109/1109/1109 1013/1013/1013 1016/1016/1016
f 1113/1113/1113 1018/1018/1018 1015/1015/1015
f 1112/1112/1112 1016/1016/1016 1019/1019/1019
f 1115/1115/1115 1020/1020/1020 1023/1023/1023
f 1118/1118/1118 1023/1023/1023 1026/1026/1026
f 1122/1122/1122 1029/1029/1029 1025/1025/1025
f 1121/1121/1121 1027/1027/1027 1030/1030/1030
f 1127/1127/1127 1035/1035/1035 1038/1038/1038
f 1140/1140/1140 1048/1048/1048 1040/1040/1040
f 1136/1136/1136 1044/1044/1044 1049/1049/1049
f 1147/1147/1147 1054/1054/1054 1061/1061/1061
f 1182/1182/1182 1089/1089/1089 1083/1083/1083
f 1192/1192/1192 1098/1098/1098 1094/1094/1094
f 1195/1195/1195 1101/1101/1101 1098/1098/1098
f 1194/1194/1194 1099/1099/1099 1102/1102/1102
f 1200/1200/1200 1105/1105/1105 1108/1108/1108
f 1203/1203/1203 1108/1108/1108 1111/1111/1111
f 1208/1208/1208 1113/1113/1113 1110/1110/1110
f 1207/1207/1207 1112/1112/1112 1114/1114/1114
f 1211/1211/1211 1114/1114/1114 1117/1117/1117
f 1215/1215/1215 1118/1118/1118 1120/1120/1120
f 1219/1219/1219 1122/1122/1122 1119/1119/1119
f 1218/1218/1218 1120/1120/1120 1123/1123/1123
f 1223/1223/1223 1125/1125/1125 1122/1122/1122
f 1222/1222/1222 1124/1124/1124 1126/1126/1126
f 1225/1225/1225 1127/1127/1127 1130/1130/1130
f 1229/1229/1229 1131/1131/1131 1134/1134/1134
f 1233/1233/1233 1135/1135/1135 1141/1141/1141
f 1293/1293/1293 1192/1192/1192 1188/1188/1188
f 1296/1296/1296 1195/1195/1195 1192/1192/1192
f 1304/1304/1304 1202/1202/1202 1205/1205/1205
f 1307/1307/1307 1205/1205/1205 1209/1209/1209
f 1311/1311/1311 1212/1212/1212 1208/1208/1208
f 1310/1310/1310 1210/1210/1210 1213/1213/1213
f 1314/1314/1314 1214/1214/1214 1217/1217/1217
f 1319/1319/1319 1219/1219/1219 1216/1216/1216
f 1318/1318/1318 1217/1217/1217 1220/1220/1220
f 1323/1323/1323 1223/1223/1223 1219/1219/1219
f 1322/1322/1322 1222/1222/1222 1224/1224/1224
f 1328/1328/1328 1227/1227/1227 1223/1223/1223
f 1326/1326/1326 1225/1225/1225 1228/1228/1228
f 1334/1334/1334 1231/1231/1231 1226/1226/1226
f 1331/1331/1331 1229/1229/1229 1232/1232/1232
f 1341/1341/1341 1237/1237/1237 1230/1230/1230
f 1337/1337/1337 1233/1233/1233 1238/1238/1238
f 1350/1350/1350 1247/1247/1247 1234/1234/1234
f 1345/1345/1345 1241/1241/1241 1248/1248/1248
f 1347/1347/1347 1244/1244/1244 1251/1251/1251
f 1389/1389/1389 1288/1288/1288 1284/1284/1284
f 1393/1393/1393 1293/1293/1293 1289/1289/1289
f 1395/1395/1395 1296/1296/1296 1293/1293/1293
f 1396/1396/1396 1297/1297/1297 1300/1300/1300
f 1398/1398/1398 1300/1300/1300 1303/1303/1303
f 1400/1400/1400 1303/1303/1303 1306/1306/1306
f 1406/1406/1406 1308/1308/1308 1305/1305/1305
f 1404/1404/1404 1307/1307/1307 1309/1309/1309
f 1410/1410/1410 1311/1311/1311 1308/1308/1308
f 1408/1408/1408 1309/1309/1309 1312/1312/1312
f 1414/1414/1414 1315/1315/1315 1311/1311/1311
f 1412/1412/1412 1312/1312/1312 1316/1316/1316
f 1420/1420/1420 1319/1319/1319 1315/1315/1315
f 1418/1418/1418 1318/1318/1318 1320/1320/1320
f 1430/1430/1430 1323/1323/1323 1319/1319/1319
f 1424/1424/1424 1321/1321/1321 1324/1324/1324
f 1439/1439/1439 1328/1328/1328 1323/1323/1323
f 1432/1432/1432 1325/1325/1325 1329/1329/1329
f 1447/1447/1447 1334/1334/1334 1327/1327/1327
f 1455/1455/1455 1340/1340/1340 1332/1332/1332
f 1462/1462/1462 1350/1350/1350 1338/1338/1338
f 1459/1459/1459 1345/1345/1345 1351/1351/1351
f 1504/1504/1504 1389/1389/1389 1386/1386/1386
f 1509/1509/1509 1394/1394/1394 1396/1396/1396
f 1516/1516/1516 1399/1399/1399 1397/1397/1397
f 1519/1519/1519 1402/1402/1402 1399/1399/1399
f 1522/1522/1522 1405/1405/1405 1401/1401/1401
f 1520/1520/1520 1403/1403/1403 1407/1407/1407
f 1525/1525/1525 1409/1409/1409 1405/1405/1405
f 1523/1523/1523 1407/1407/1407 1411/1411/1411
f 1528/1528/1528 1413/1413/1413 1409/1409/1409
f 1526/1526/1526 1411/1411/1411 1415/1415/1415
f 1530/1530/1530 1416/1416/1416 1421/1421/1421
f 1541/1541/1541 1429/1429/1429 1419/1419/1419
f 1536/1536/1536 1424/1424/1424 1431/1431/1431
f 1557/1557/1557 1437/1437/1437 1428/1428/1428
f 1576/1576/1576 1454/1454/1454 1444/1444/1444
f 1588/1588/1588 1461/1461/1461 1452/1452/1452
f 1597/1597/1597 1471/1471/1471 1460/1460/1460
f 1632/1632/1632 1506/1506/1506 1509/1509/1509
f 1640/1640/1640 1513/1513/1513 1510/1510/1510
f 1643/1643/1643 1515/1515/1515 1512/1512/1512
f 1641/1641/1641 1514/1514/1514 1517/1517/1517
f 1646/1646/1646 1518/1518/1518 1515/1515/1515
f 1650/1650/1650 1522/1522/1522 1518/1518/1518
f 1653/1653/1653 1524/1524/1524 1521/1521/1521
f 1656/1656/1656 1527/1527/1527 1524/1524/1524
f 1654/1654/1654 1526/1526/1526 1529/1529/1529
f 1658/1658/1658 1530/1530/1530 1533/1533/1533
f 1666/1666/1666 1540/1540/1540 1531/1531/1531
f 1662/1662/1662 1534/1534/1534 1542/1542/1542
f 1683/1683/1683 1554/1554/1554 1537/1537/1537
f 1677/1677/1677 1551/1551/1551 1563/1563/1563
f 1678/1678/1678 1552/1552/1552 1564/1564/1564
f 1695/1695/1695 1565/1565/1565 1553/1553/1553
f 1707/1707/1707 1574/1574/1574 1565/1565/1565
f 1715/1715/1715 1586/1586/1586 1572/1572/1572
f 1717/1717/1717 1594/1594/1594 1584/1584/1584
f 1751/1751/1751 1632/1632/1632 1635/1635/1635
f 1756/1756/1756 1636/1636/1636 1633/1633/1633
f 1754/1754/1754 1635/1635/1635 1638/1638/1638
f 1759/1759/1759 1639/1639/1639 1636/1636/1636
f 1757/1757/1757 1638/1638/1638 1641/1641/1641
f 1762/1762/1762 1643/1643/1643 1639/1639/1639
f 1765/1765/1765 1645/1645/1645 1642/1642/1642
f 1768/1768/1768 1649/1649/1649 1645/1645/1645
f 1771/1771/1771 1652/1652/1652 1648/1648/1648
f 1774/1774/1774 1655/1655/1655 1652/1652/1652
f 1772/1772/1772 1654/1654/1654 1657/1657/1657
f 1778/1778/1778 1659/1659/1659 1655/1655/1655
f 1776/1776/1776 1658/1658/1658 1661/1661/1661
f 1784/1784/1784 1665/1665/1665 1659/1659/1659
f 1781/1781/1781 1662/1662/1662 1667/1667/1667
f 1812/1812/1812 1694/1694/1694 1681/1681/1681
f 1842/1842/1842 1746/1746/1746 1751/1751/1751
f 1846/1846/1846 1751/1751/1751 1754/1754/1754
f 1849/1849/1849 1754/1754/1754 1757/1757/1757
f 1854/1854/1854 1758/1758/1758 1755/1755/1755
f 1852/1852/1852 1757/1757/1757 1760/1760/1760
f 1857/1857/1857 1761/1761/1761 1758/1758/1758
f 1855/1855/1855 1760/1760/1760 1763/1763/1763
f 1861/1861/1861 1765/1765/1765 1761/1761/1761
f 1864/1864/1864 1767/1767/1767 1764/1764/1764
f 1867/1867/1867 1771/1771/1771 1767/1767/1767
f 1869/1869/1869 1773/1773/1773 1770/1770/1770
f 1870/1870/1870 1775/1775/1775 1779/1779/1779
f 1879/1879/1879 1783/1783/1783 1777/1777/1777
f 1898/1898/1898 1803/1803/1803 1782/1782/1782
f 1903/1903/1903 1813/1813/1813 1802/1802/1802
f 1930/1930/1930 1842/1842/1842 1846/1846/1846
f 1938/1938/1938 1850/1850/1850 1847/1847/1847
f 1941/1941/1941 1853/1853/1853 1850/1850/1850
f 1944/1944/1944 1856/1856/1856 1853/1853/1853
f 1942/1942/1942 1855/1855/1855 1858/1858/1858
f 1947/1947/1947 1860/1860/1860 1856/1856/1856
f 1949/1949/1949 1863/1863/1863 1859/1859/1859
f 1952/1952/1952 1866/1866/1866 1863/1863/1863
f 1955/1955/1955 1869/1869/1869 1866/1866/1866
f 1958/1958/1958 1872/1872/1872 1869/1869/1869
f 1956/1956/1956 1870/1870/1870 1873/1873/1873
f 1966/1966/1966 1878/1878/1878 1871/1871/1871
f 1983/1983/1983 1897/1897/1897 1877/1877/1877
f 1977/1977/1977 1891/1891/1891 1899/1899/1899
f 2010/2010/2010 1904/1904/1904 1924/1924/1924
f 2039/2039/2039 1931/1931/1931 1929/1929/1929
f 2036/2036/2036 1930/1930/1930 1933/1933/1933
f 2045/2045/2045 1937/1937/1937 1934/1934/1934
f 2048/2048/2048 1940/1940/1940 1937/1937/1937
f 2051/2051/2051 1943/1943/1943 1940/1940/1940
f 2049/2049/2049 1942/1942/1942 1945/1945/1945
f 2054/2054/2054 1946/1946/1946 1943/1943/1943
f 2052/2052/2052 1945/1945/1945 1948/1948/1948
f 2055/2055/2055 1948/1948/1948 1950/1950/1950
f 2061/2061/2061 1952/1952/1952 1949/1949/1949
f 2064/2064/2064 1954/1954/1954 1951/1951/1951
f 2067/2067/2067 1957/1957/1957 1954/1954/1954
f 2065/2065/2065 1956/1956/1956 1959/1959/1959
f 2075/2075/2075 1966/1966/1966 1957/1957/1957
f 2072/2072/2072 1963/1963/1963 1968/1968/1968
f 2083/2083/2083 1982/1982/1982 1964/1964/1964
f 2079/2079/2079 1970/1970/1970 1984/1984/1984
f 2087/2087/2087 1985/1985/1985 1995/1995/1995
f 2089/2089/2089 1991/1991/1991 2001/2001/2001
f 2131/2131/2131 2014/2014/2014 2006/2006/2006
f 2133/2133/2133 2017/2017/2017 2009/2009/2009
f 2166/2166/2166 2047/2047/2047 2044/2044/2044
f 2172/2172/2172 2053/2053/2053 2050/2050/2050
f 2171/2171/2171 2052/2052/2052 2055/2055/2055
f 2174/2174/2174 2056/2056/2056 2053/2053/2053
f 2173/2173/2173 2055/2055/2055 2058/2058/2058
f 2175/2175/2175 2058/2058/2058 2062/2062/2062
f 2178/2178/2178 2062/2062/2062 2065/2065/2065
f 2183/2183/2183 2067/2067/2067 2064/2064/2064
f 2181/2181/2181 2065/2065/2065 2068/2068/2068
f 2189/2189/2189 2074/2074/2074 2066/2066/2066
f 2187/2187/2187 2071/2071/2071 2076/2076/2076
f 2194/2194/2194 2077/2077/2077 2084/2084/2084
f 2206/2206/2206 2092/2092/2092 2082/2082/2082
f 2202/2202/2202 2085/2085/2085 2093/2093/2093
f 2220/2220/2220 2105/2105/2105 2091/2091/2091
f 2214/2214/2214 2098/2098/2098 2106/2106/2106
f 2253/2253/2253 2153/2153/2153 2146/2146/2146
f 2251/2251/2251 2147/2147/2147 2155/2155/2155
f 2256/2256/2256 2158/2158/2158 2154/2154/2154
f 2258/2258/2258 2161/2161/2161 2158/2158/2158
f 2260/2260/2260 2164/2164/2164 2161/2161/2161
f 2259/2259/2259 2162/2162/2162 2165/2165/2165
f 2266/2266/2266 2171/2171/2171 2173/2173/2173
f 2269/2269/2269 2173/2173/2173 2175/2175/2175
f 2273/2273/2273 2177/2177/2177 2174/2174/2174
f 2272/2272/2272 2175/2175/2175 2178/2178/2178
f 2276/2276/2276 2180/2180/2180 2177/2177/2177
f 2280/2280/2280 2184/2184/2184 2190/2190/2190
f 2284/2284/2284 2191/2191/2191 2198/2198/2198
f 2291/2291/2291 2200/2200/2200 2207/2207/2207
f 2300/2300/2300 2210/2210/2210 2221/2221/2221
f 2314/2314/2314 2228/2228/2228 2248/2248/2248
f 2339/2339/2339 2253/2253/2253 2250/2250/2250
f 2337/2337/2337 2251/2251/2251 2255/2255/2255
f 2342/2342/2342 2256/2256/2256 2254/2254/2254
f 2347/2347/2347 2261/2261/2261 2263/2263/2263
f 2351/2351/2351 2265/2265/2265 2262/2262/2262
f 2350/2350/2350 2263/2263/2263 2266/2266/2266
f 2354/2354/2354 2268/2268/2268 2265/2265/2265
f 2353/2353/2353 2266/2266/2266 2269/2269/2269
f 2355/2355/2355 2269/2269/2269 2272/2272/2272
f 2362/2362/2362 2276/2276/2276 2273/2273/2273
f 2361/2361/2361 2274/2274/2274 2277/2277/2277
f 2377/2377/2377 2291/2291/2291 2297/2297/2297
f 2400/2400/2400 2314/2314/2314 2334/2334/2334
f 2418/2418/2418 2332/2332/2332 2338/2338/2338
f 2426/2426/2426 2339/2339/2339 2336/2336/2336
f 2424/2424/2424 2337/2337/2337 2341/2341/2341
f 2429/2429/2429 2342/2342/2342 2340/2340/2340
f 2432/2432/2432 2344/2344/2344 2342/2342/2342
f 2435/2435/2435 2346/2346/2346 2344/2344/2344
f 2438/2438/2438 2348/2348/2348 2346/2346/2346
f 2437/2437/2437 2347/2347/2347 2350/2350/2350
f 2442/2442/2442 2352/2352/2352 2349/2349/2349
f 2440/2440/2440 2350/2350/2350 2353/2353/2353
f 2443/2443/2443 2353/2353/2353 2355/2355/2355
f 2446/2446/2446 2355/2355/2355 2358/2358/2358
f 2449/2449/2449 2358/2358/2358 2361/2361/2361
f 2452/2452/2452 2361/2361/2361 2363/2363/2363
f 2472/2472/2472 2381/2381/2381 2373/2373/2373
f 2494/2494/2494 2399/2399/2399 2387/2387/2387
f 2517/2517/2517 2421/2421/2421 2417/2417/2417
f 2514/2514/2514 2418/2418/2418 2425/2425/2425
f 2522/2522/2522 2427/2427/2427 2423/2423/2423
f 2520/2520/2520 2424/2424/2424 2428/2428/2428
f 2525/2525/2525 2429/2429/2429 2427/2427/2427
f 2528/2528/2528 2433/2433/2433 2430/2430/2430
f 2530/2530/2530 2436/2436/2436 2433/2433/2433
f 2529/2529/2529 2434/2434/2434 2437/2437/2437
f 2532/2532/2532 2439/2439/2439 2436/2436/2436
f 2531/2531/2531 2437/2437/2437 2440/2440/2440
f 2534/2534/2534 2442/2442/2442 2439/2439/2439
f 2533/2533/2533 2440/2440/2440 2443/2443/2443
f 2535/2535/2535 2443/2443/2443 2446/2446/2446
f 2537/2537/2537 2446/2446/2446 2449/2449/2449
f 2540/2540/2540 2449/2449/2449 2452/2452/2452
f 2604/2604/2604 2518/2518/2518 2513/2513/2513
f 2601/2601/2601 2514/2514/2514 2521/2521/2521
f 2606/2606/2606 2521/2521/2521 2524/2524/2524
f 2612/2612/2612 2525/2525/2525 2522/2522/2522
f 2610/2610/2610 2523/2523/2523 2527/2527/2527
f 2616/2616/2616 2528/2528/2528 2526/2526/2526
f 2621/2621/2621 2533/2533/2533 2535/2535/2535
f 2624/2624/2624 2536/2536/2536 2534/2534/2534
f 2623/2623/2623 2535/2535/2535 2537/2537/2537
f 2626/2626/2626 2539/2539/2539 2536/2536/2536
f 2668/2668/2668 2582/2582/2582 2603/2603/2603
f 2690/2690/2690 2604/2604/2604 2600/2600/2600
f 2687/2687/2687 2602/2602/2602 2607/2607/2607
f 2692/2692/2692 2606/2606/2606 2611/2611/2611
f 2696/2696/2696 2611/2611/2611 2615/2615/2615
f 2699/2699/2699 2614/2614/2614 2617/2617/2617
f 2704/2704/2704 2618/2618/2618 2616/2616/2616
f 2702/2702/2702 2617/2617/2617 2619/2619/2619
f 2707/2707/2707 2620/2620/2620 2618/2618/2618
f 2705/2705/2705 2619/2619/2619 2621/2621/2621
f 2713/2713/2713 2624/2624/2624 2622/2622/2622
f 2716/2716/2716 2626/2626/2626 2624/2624/2624
f 2719/2719/2719 2629/2629/2629 2626/2626/2626
f 2727/2727/2727 2637/2637/2637 2633/2633/2633
f 2759/2759/2759 2669/2669/2669 2689/2689/2689
f 2781/2781/2781 2690/2690/2690 2686/2686/2686
f 2777/2777/2777 2687/2687/2687 2693/2693/2693
f 2783/2783/2783 2692/2692/2692 2696/2696/2696
f 2793/2793/2793 2700/2700/2700 2703/2703/2703
f 2800/2800/2800 2704/2704/2704 2701/2701/2701
f 2797/2797/2797 2703/2703/2703 2706/2706/2706
f 2804/2804/2804 2707/2707/2707 2704/2704/2704
f 2807/2807/2807 2710/2710/2710 2707/2707/2707
f 2805/2805/2805 2709/2709/2709 2712/2712/2712
f 2824/2824/2824 2723/2723/2723 2719/2719/2719
f 2820/2820/2820 2721/2721/2721 2724/2724/2724
f 2829/2829/2829 2726/2726/2726 2722/2722/2722
f 2862/2862/2862 2758/2758/2758 2743/2743/2743
f 2863/2863/2863 2760/2760/2760 2780/2780/2780
f 2880/2880/2880 2779/2779/2779 2786/2786/2786
f 2886/2886/2886 2787/2787/2787 2782/2782/2782
f 2884/2884/2884 2785/2785/2785 2790/2790/2790
f 2894/2894/2894 2800/2800/2800 2796/2796/2796
f 2893/2893/2893 2799/2799/2799 2803/2803/2803
f 2897/2897/2897 2804/2804/2804 2800/2800/2800
f 2895/2895/2895 2802/2802/2802 2806/2806/2806
f 2900/2900/2900 2807/2807/2807 2804/2804/2804
f 2904/2904/2904 2814/2814/2814 2818/2818/2818
f 2907/2907/2907 2819/2819/2819 2815/2815/2815
f 2906/2906/2906 2818/2818/2818 2822/2822/2822
f 2918/2918/2918 2835/2835/2835 2829/2829/2829
f 2940/2940/2940 2861/2861/2861 2847/2847/2847
f 2960/2960/2960 2882/2882/2882 2879/2879/2879
f 2963/2963/2963 2886/2886/2886 2883/2883/2883
f 2962/2962/2962 2885/2885/2885 2888/2888/2888
f 2964/2964/2964 2887/2887/2887 2891/2891/2891
f 2971/2971/2971 2894/2894/2894 2892/2892/2892
f 2973/2973/2973 2897/2897/2897 2894/2894/2894
f 2972/2972/2972 2896/2896/2896 2899/2899/2899
f 2975/2975/2975 2900/2900/2900 2897/2897/2897
f 2976/2976/2976 2902/2902/2902 2904/2904/2904
f 2978/2978/2978 2904/2904/2904 2906/2906/2906
f 2981/2981/2981 2907/2907/2907 2905/2905/2905
f 2986/2986/2986 2913/2913/2913 2915/2915/2915
f 2991/2991/2991 2918/2918/2918 2914/2914/2914
f 2989/2989/2989 2916/2916/2916 2919/2919/2919
f 2993/2993/2993 2920/2920/2920 2923/2923/2923
