# Tunnel_Bend_Collision - generated by tools/gen_cave_kit.py, do not edit
o Tunnel_Bend_Collision
v 4.000000 0.101318 -1.934672
v 4.000000 -0.069438 -1.505445
v 4.000000 -0.099328 -0.999929
v 4.000000 -0.091209 -0.499980
v 4.000000 -0.087622 0.000000
v 4.000000 -0.091209 0.499980
v 4.000000 -0.099328 0.999929
v 4.000000 -0.069438 1.505445
v 4.000000 0.101318 1.934672
v 4.000000 0.607997 -2.336538
v 4.000000 0.342985 -2.192959
v 4.000000 0.342985 2.192959
v 4.000000 0.607997 2.336538
v 4.000000 0.998976 -2.451794
v 4.000000 0.998976 2.451794
v 4.000000 1.500235 -2.504796
v 4.000000 1.500235 2.504796
v 4.000000 1.999903 -2.493615
v 4.000000 1.999903 2.493615
v 4.000000 2.501784 -2.427373
v 4.000000 2.501784 2.427373
v 4.000000 2.882664 -2.326525
v 4.000000 3.140114 -2.193808
v 4.000000 3.140114 2.193808
v 4.000000 2.882664 2.326525
v 4.000000 3.421503 -1.938023
v 4.000000 3.662922 -1.582112
v 4.000000 3.662922 1.582112
v 4.000000 3.421503 1.938023
v 4.000000 3.789063 -1.327630
v 4.000000 3.918724 -1.002389
v 4.000000 4.050795 -0.501186
v 4.000000 4.094719 0.000000
v 4.000000 4.050795 0.501186
v 4.000000 3.918724 1.002389
v 4.000000 3.789063 1.327630
v 3.500000 0.101387 -1.934777
v 3.500000 -0.069443 -1.505420
v 3.500000 -0.099328 -0.999930
v 3.500000 -0.091209 -0.499981
v 3.500000 -0.087622 0.000000
v 3.500000 -0.091208 0.499955
v 3.500000 -0.099327 0.999847
v 3.499997 -0.069537 1.504935
v 3.487733 0.150011 2.003089
v 3.294180 0.238050 2.273389
v 3.500000 0.607656 -2.336397
v 3.500000 0.342671 -2.192725
v 3.647645 0.332470 2.184980
v 3.403094 0.575044 2.377193
v 3.253581 0.743905 2.751872
v 3.500000 0.999014 -2.451800
v 3.546591 1.031872 2.457668
v 3.283894 1.001333 2.767596
v 3.500000 1.500165 -2.504792
v 3.594342 1.508454 2.505264
v 3.306721 1.501167 2.779168
v 3.500000 2.000038 -2.493602
v 3.589141 1.986556 2.494866
v 3.304064 1.998351 2.779102
v 3.500000 2.501924 -2.427348
v 3.546771 2.467910 2.433321
v 3.279622 2.498648 2.767680
v 3.500000 2.882620 -2.326542
v 3.500000 3.139971 -2.193904
v 3.685028 3.156243 2.182722
v 3.425812 2.918462 2.351962
v 3.258752 2.775338 2.755517
v 3.500000 3.421348 -1.938204
v 3.500000 3.663244 -1.581527
v 3.499921 3.638177 1.626184
v 3.511017 3.397951 1.964955
v 3.306523 3.309075 2.314307
v 3.500000 3.789330 -1.327035
v 3.500000 3.918674 -1.002533
v 3.500000 4.050815 -0.501071
v 3.500000 4.094719 0.000000
v 3.500000 4.050967 0.500209
v 3.500000 3.921482 0.994437
v 3.499972 3.760569 1.389638
v 2.986159 0.054202 -1.958704
v 2.997956 -0.083189 -1.505559
v 3.000015 -0.099330 -0.999900
v 3.000009 -0.091546 -0.499987
v 3.000026 -0.089504 0.000004
v 2.999980 -0.082220 0.499994
v 2.999988 -0.063233 0.999991
v 2.999914 -0.041363 1.499973
v 3.005110 0.005214 2.007624
v 3.013098 0.134573 2.398444
v 2.960268 0.552852 -2.437376
v 2.969503 0.276288 -2.247347
v 3.024098 0.329544 2.675588
v 3.042780 0.586318 2.881715
v 2.956654 0.985168 -2.573951
v 3.072087 0.968391 3.023727
v 2.958682 1.495626 -2.626079
v 3.069029 1.493199 3.099752
v 2.962674 2.007718 -2.618969
v 3.078084 2.009749 3.108985
v 2.960521 2.520103 -2.555560
v 3.076247 2.522965 3.054909
v 2.964334 2.948685 -2.430654
v 2.974163 3.217344 -2.264067
v 3.199097 3.151668 2.732099
v 3.052618 3.017991 2.934881
v 2.984591 3.473367 -1.986060
v 2.993463 3.703520 -1.592500
v 3.248748 3.749770 1.747940
v 3.142920 3.735803 2.024639
v 2.974329 3.546506 2.502226
v 2.837317 3.350144 2.817822
v 2.995163 3.811677 -1.333240
v 2.996186 3.930359 -1.008599
v 2.999417 4.062084 -0.503350
v 3.000361 4.111274 -0.000008
v 3.000388 4.094751 0.500300
v 3.002308 4.044254 1.002236
v 3.056525 3.918016 1.558613
v 2.879256 3.824764 2.010033
v 2.752866 3.752033 2.252998
v 2.493725 0.124064 -1.896831
v 2.497302 -0.048564 -1.507575
v 2.500000 -0.097424 -0.999998
v 2.499961 -0.090827 -0.499947
v 2.499979 -0.080977 0.000013
v 2.499978 -0.057909 0.500054
v 2.500000 -0.023164 0.999972
v 2.500018 -0.002726 1.499983
v 2.500256 0.027070 2.000481
v 2.492248 0.130923 2.546148
v 2.313009 0.225950 2.764266
v 2.595141 0.642682 -2.313849
v 2.451091 0.475926 -2.167194
v 2.648250 0.256365 2.728046
v 2.511047 0.380088 2.909845
v 2.457004 0.970696 -2.355971
v 2.261507 0.783266 -2.251170
v 2.527971 0.983190 3.166376
v 2.508023 1.502872 -2.420728
v 2.530995 1.481262 3.177403
v 2.497047 2.000075 -2.471920
v 2.546343 2.013310 3.186086
v 2.466826 2.526621 -2.370122
v 2.280501 2.708989 -2.238535
v 2.542992 2.530864 3.179687
v 2.603241 2.876131 -2.333110
v 2.454091 3.038304 -2.188025
v 2.539464 3.081006 3.112018
v 2.496293 3.382861 -1.903669
v 2.496399 3.645127 -1.560357
v 2.501171 3.635077 2.561312
v 2.504171 3.423552 2.855766
v 2.500051 3.770558 -1.297057
v 2.499992 3.878639 -0.999371
v 2.498618 4.023108 -0.502663
v 2.499700 4.099930 -0.000423
v 2.500107 4.150324 0.500106
v 2.500673 4.153089 1.002183
v 2.500316 4.065077 1.501107
v 2.499804 3.903622 1.999311
v 2.500021 3.779136 2.303641
v 1.998944 0.193248 -1.807533
v 1.995486 0.012715 -1.512110
v 1.999502 -0.090016 -1.001154
v 2.000377 -0.087381 -0.499729
v 2.000032 -0.053960 -0.000106
v 1.999868 -0.006065 0.500229
v 1.999647 0.036162 0.999810
v 1.999702 0.062754 1.499969
v 1.999853 0.082049 1.999994
v 2.001584 0.122392 2.509137
v 2.001564 0.217395 2.768951
v 1.995834 0.475202 -2.067725
v 2.014352 0.389388 2.991490
v 2.174530 1.118372 -2.275612
v 2.005628 0.971050 -2.217180
v 2.010973 0.962071 3.183831
v 2.017414 1.533230 -2.257579
v 1.845915 1.375880 -2.190305
v 2.019051 1.511459 3.189191
v 1.993922 2.001142 -2.357988
v 1.991604 1.965618 3.193654
v 2.004542 2.343904 -2.269139
v 2.008213 2.590750 -2.157248
v 2.002397 2.544482 3.197458
v 1.997966 3.002264 -1.995675
v 2.136149 3.075266 3.177714
v 1.999085 3.324654 -1.826368
v 1.976656 3.608388 -1.467858
v 1.796526 3.759912 -1.210703
v 2.099591 3.695453 2.661528
v 1.970486 3.553346 2.865704
v 2.130073 3.759418 -1.267371
v 1.974644 3.845325 -1.036102
v 2.001409 3.922772 -0.495973
v 1.999266 4.095069 -0.003059
v 1.989208 4.224405 0.510949
v 2.071931 4.207177 0.999652
v 1.971641 4.193102 1.474811
v 2.003589 4.044621 2.012258
v 1.961887 3.842775 2.501346
v 1.762918 3.757962 2.755796
v 1.813831 4.271998 0.684095
v 1.823975 4.280627 1.001043
v 1.782995 4.260260 1.287230
v 1.727474 0.218447 -1.777771
v 1.645148 0.079067 -1.543771
v 1.547172 -0.005297 -1.029738
v 1.557689 -0.061078 -0.490511
v 1.459533 0.219307 0.042884
v 1.501677 0.136696 0.500288
v 1.500004 0.149196 0.999988
v 1.500027 0.155408 1.499986
v 1.499752 0.153870 2.000001
v 1.501196 0.178448 2.522676
v 1.670156 0.235072 2.758957
v 1.547800 0.431265 -2.032221
v 1.348121 0.506170 -1.460128
v 1.306389 0.378110 -0.988825
v 1.288989 0.302378 -0.499783
v 1.269986 0.282536 -0.094196
v 1.335961 0.246357 2.702222
v 1.492500 0.355898 2.927764
v 1.333506 1.147781 -2.272486
v 1.410857 1.016037 -2.135272
v 1.478003 0.945085 3.170079
v 1.442022 1.544890 -2.275278
v 1.683715 1.375438 -2.193396
v 1.480600 1.475450 3.194705
v 1.471958 1.994075 -2.306400
v 1.555895 2.012483 3.198645
v 1.457973 2.290282 -2.222082
v 1.451139 2.527592 -2.108973
v 1.523809 2.528674 3.196765
v 1.435074 2.985119 -1.866350
v 1.543538 3.082374 3.180184
v 1.498242 3.343732 -1.800586
v 1.561746 3.554349 -1.479636
v 1.741579 3.759705 -1.210725
v 1.498529 3.554419 2.959489
v 1.435742 3.892343 -1.412414
v 1.635753 3.719508 -0.961289
v 1.479837 4.194723 -0.536682
v 1.602619 4.105366 0.014327
v 1.686663 4.224226 0.350786
v 1.501069 4.210207 1.622942
v 1.499029 4.110722 2.002353
v 1.499157 3.939126 2.509377
v 1.500321 3.793377 2.782533
v 1.263978 4.264161 -0.354516
v 1.338064 4.291153 -0.001915
v 1.513351 4.306712 0.513823
v 1.500118 4.375304 1.003203
v 1.500307 4.272656 1.370874
v 1.241442 0.246833 0.239542
v 1.187109 0.240963 0.500000
v 1.098908 0.228267 0.999997
v 1.047371 0.229965 1.499782
v 0.963491 0.232436 2.002780
v 0.999742 0.224823 2.342556
v 0.899567 0.646277 -2.375672
v 1.032931 0.559598 -2.039426
v 1.003398 0.403465 -1.503960
v 1.001610 0.334583 -1.001106
v 0.999741 0.312950 -0.499806
v 1.044934 0.291723 0.043714
v 0.936970 0.283445 0.499313
v 0.848840 0.268760 0.999929
v 0.797292 0.255821 1.500012
v 0.772335 0.258856 1.837956
v 0.997887 0.267773 2.601098
v 0.984449 0.486676 2.927131
v 0.806903 1.182258 -2.783423
v 1.004957 0.996840 -2.489490
v 1.228467 0.799190 -2.237620
v 0.898291 0.948106 3.165318
v 0.843029 1.499690 -2.801373
v 1.065769 1.501215 -2.580744
v 0.998285 1.453232 3.177343
v 0.813610 2.002533 -2.784026
v 1.027922 1.995739 -2.561220
v 0.998152 1.936805 3.212757
v 0.759707 2.277844 -2.754346
v 0.980006 2.474133 -2.503656
v 1.187468 2.668084 -2.219038
v 1.046618 2.526852 3.215302
v 0.830272 2.893594 -2.349422
v 1.001591 3.035829 -2.135009
v 1.024345 3.137025 3.195193
v 0.999023 3.405334 -1.895042
v 0.998480 3.670184 -1.708648
v 1.005310 3.586178 3.075605
v 1.004900 3.962054 -1.481181
v 1.041356 4.192982 -1.016378
v 1.233133 4.256297 -0.690098
v 1.000780 4.273756 1.740731
v 1.008146 4.083810 1.975042
v 0.997094 3.942938 2.503454
v 0.990483 3.862376 2.823909
v 0.904787 4.301134 -0.860064
v 1.038034 4.294202 -0.512383
v 1.000029 4.349047 0.001376
v 0.999843 4.425648 0.498752
v 1.000169 4.455027 1.000677
v 1.006129 4.375773 1.481907
v 0.732197 0.238464 2.171691
v 0.732016 0.243451 2.260729
v 0.333720 0.683964 -2.800776
v 0.507023 0.562672 -2.530051
v 0.503270 0.394377 -2.004456
v 0.502593 0.300196 -1.501796
v 0.500099 0.310891 -0.999973
v 0.499828 0.330986 -0.500101
v 0.499991 0.312582 -0.000103
v 0.500048 0.313501 0.499878
v 0.499998 0.300267 1.000014
v 0.499845 0.295090 1.500149
v 0.539299 0.261067 2.003100
v 0.535641 0.305473 2.464853
v 0.504911 0.531257 2.894237
v 0.555394 0.935079 -2.924677
v 0.682689 0.833756 -2.699451
v 0.508235 0.898422 3.148058
v 0.637715 1.515252 -3.111045
v 0.530381 1.554245 3.198279
v 0.609106 2.080023 -3.020542
v 0.433207 1.989399 3.185195
v 0.575610 2.502397 -2.823547
v 0.648136 2.586100 -2.628300
v 0.379442 2.530714 3.177406
v 0.424853 2.921925 -2.799111
v 0.549931 3.084912 -2.582615
v 0.721327 3.243375 -2.242623
v 0.340555 3.015751 3.113194
v 0.375019 3.337080 -2.386380
v 0.503008 3.498024 -2.008489
v 0.632195 3.717542 -1.730917
v 0.290836 3.729596 2.707550
v 0.388766 3.704616 2.885728
v 0.265151 3.796054 -1.789378
v 0.481964 3.950835 -1.562373
v 0.487730 4.221182 -1.175804
v 0.499707 4.235666 1.733884
v 0.493400 4.113790 2.010172
v 0.435412 3.906289 2.565429
v 0.635208 3.794869 2.779289
v 0.499188 4.339466 -0.883335
v 0.500011 4.381811 -0.501280
v 0.491753 4.379585 -0.002466
v 0.501407 4.469807 0.498873
v 0.500579 4.505284 0.998313
v 0.498288 4.416077 1.510876
v -0.175515 0.228363 -1.873359
v -0.176141 0.246303 -1.639467
v 0.008149 0.612074 -2.837332
v 0.003670 0.405092 -2.513873
v -0.002774 0.267521 -2.027053
v -0.005971 0.260768 -1.483681
v -0.000420 0.282771 -0.999823
v 0.000494 0.329643 -0.500060
v 0.000298 0.338641 -0.000082
v -0.000214 0.332204 0.500027
v 0.000068 0.320031 1.000030
v 0.000590 0.303260 1.500142
v -0.000486 0.314490 2.001896
v -0.002940 0.438232 2.509020
v -0.015498 0.566036 2.843993
v 0.074951 0.878633 -3.123113
v -0.120975 0.886105 3.136269
v -0.033029 1.497016 -3.213780
v -0.103097 1.558420 3.134618
v 0.125195 2.049117 -3.201329
v -0.057635 2.021596 3.022114
v 0.126958 2.652846 -3.170817
v -0.191167 2.620091 2.690065
v -0.053635 2.492832 2.867050
v 0.143896 3.160300 -2.994411
v 0.211874 3.218032 -2.695114
v -0.229905 2.993629 2.704787
v 0.046862 2.992541 2.845170
v -0.104622 3.370792 -2.809422
v 0.031913 3.348996 -2.517456
v 0.084224 3.513460 -1.928444
v 0.016834 3.592196 -1.519595
v -0.071728 3.639453 -0.968478
v -0.211475 3.684865 -0.499058
v -0.201446 3.708710 -0.004445
v -0.224883 3.722607 0.404715
v -0.249385 3.749621 1.220473
v -0.207571 3.712643 1.499991
v -0.047269 3.662624 1.984149
v 0.139472 3.465160 2.526228
v 0.102386 3.387967 2.784220
v 0.228255 3.766268 -1.773668
v 0.169583 3.828834 -1.506143
v 0.086080 4.033045 -1.022129
v -0.162926 4.076796 -0.528289
v -0.222776 4.035383 -0.003302
v -0.253674 3.994135 0.440759
v -0.222709 4.000116 1.145919
v -0.087346 4.091582 1.561057
v 0.027174 3.972070 2.060984
v 0.186253 3.806283 2.382843
v 0.203163 4.297704 -0.821797
v 0.120260 4.368208 -0.511416
v 0.040263 4.401724 0.006037
v -0.068331 4.403516 0.503539
v -0.062424 4.397169 0.987790
v 0.084207 4.360809 1.418171
v -0.606255 0.229875 -2.326122
v -0.463371 0.206019 -2.025126
v -0.470757 0.225053 -1.483680
v -0.617669 0.235181 -1.148021
v -0.475725 0.458624 -2.905753
v -0.463286 0.302263 -2.497273
v -0.272581 0.246255 -2.207895
v -0.284319 0.256158 -1.305966
v -0.470619 0.268449 -0.988725
v -0.499809 0.320086 -0.500057
v -0.500067 0.338697 0.000156
v -0.499990 0.323505 0.499919
v -0.499636 0.313703 1.000099
v -0.501350 0.326100 1.502745
v -0.506884 0.396307 2.007107
v -0.530968 0.563729 2.574292
v -0.358758 0.693142 2.807379
v -0.435636 0.926460 -3.198424
v -0.670578 0.997450 2.695980
v -0.447273 0.987956 2.849857
v -0.459022 1.519357 -3.209938
v -0.675155 1.500281 2.676293
v -0.471642 1.511453 2.877895
v -0.521532 1.999450 -3.215146
v -0.582889 1.991792 2.609859
v -0.362395 2.009439 2.809865
v -0.390483 2.543081 -3.196121
v -0.719894 2.699092 2.221175
v -0.471085 2.488634 2.474962
v -0.272091 2.291000 2.758530
v -0.404826 3.189134 -3.040480
v -0.646024 3.001881 2.205021
v -0.463930 3.010952 2.432896
v -0.515836 3.344969 -2.812575
v -0.498877 3.434749 -2.503175
v -0.502000 3.497229 -1.997809
v -0.499109 3.518920 -1.500431
v -0.519934 3.429270 -0.921782
v -0.515329 3.614843 -0.518736
v -0.502895 3.674546 0.000542
v -0.434749 3.626304 0.534076
v -0.439023 3.620966 1.050814
v -0.505210 3.638512 1.504066
v -0.477123 3.417199 2.040597
v -0.287103 3.259939 2.317873
v -0.311304 3.990072 0.698813
v -0.273529 3.998526 0.898875
v -0.283468 4.278922 0.695240
v -0.268733 4.265064 0.809220
v -1.220416 0.237757 -2.757179
v -1.030729 0.195000 -2.499574
v -1.000550 0.141726 -2.000797
v -1.000526 0.151179 -1.500227
v -0.983428 0.202135 -0.988290
v -1.139107 0.235409 -0.586352
v -1.028266 0.315227 -2.912464
v -0.884824 0.256528 -2.665100
v -0.805707 0.259480 -0.814582
v -0.983563 0.274453 -0.451733
v -1.000027 0.296882 0.000011
v -0.999988 0.310687 0.499977
v -1.002291 0.325944 1.002341
v -1.006766 0.414938 1.507355
v -1.042369 0.563250 2.048686
v -0.898409 0.669440 2.377297
v -1.028179 0.963062 -3.216983
v -1.261609 0.994549 2.274545
v -0.985861 0.999693 2.457360
v -0.981139 1.544101 -3.215537
v -1.176233 1.490007 2.166508
v -0.923045 1.496959 2.401104
v -0.972836 1.974426 -3.212544
v -1.162918 1.998345 2.193230
v -0.904236 1.999757 2.370246
v -0.981490 2.497596 -3.221253
v -1.010047 2.523866 2.159592
v -0.840395 2.366413 2.295469
v -0.962622 3.287445 -2.996566
v -1.213270 3.204638 1.711832
v -1.080521 3.074790 2.018318
v -0.991536 3.330908 -2.775843
v -1.000892 3.379053 -2.487928
v -1.234480 3.589745 -1.918039
v -0.936075 3.615263 -1.494256
v -0.954645 3.597643 -1.071731
v -0.893229 3.567157 -0.457665
v -0.886430 3.617051 0.034535
v -0.900927 3.675596 0.495936
v -1.250288 3.693641 0.993938
v -1.027480 3.430121 1.523554
v -0.880789 3.327973 1.850451
v -1.241221 3.757477 -1.778865
v -1.164596 3.826624 -1.507347
v -1.086369 3.899650 -1.005105
v -1.093659 3.876387 -0.500742
v -1.091853 3.902690 -0.012427
v -1.090359 3.937960 0.524525
v -1.245004 3.787456 0.800493
v -1.500344 0.223770 -2.766709
v -1.500112 0.140379 -2.505946
v -1.499760 0.101842 -2.000050
v -1.500085 0.103271 -1.499879
v -1.500132 0.113926 -0.999910
v -1.451528 0.146311 -0.451545
v -1.474820 0.163833 0.008818
v -1.524267 -0.062493 0.505366
v -1.539621 -0.015118 1.033021
v -1.632806 0.051041 1.539028
v -1.711709 0.177933 1.813513
v -1.512193 0.336415 -2.988960
v -1.248961 0.251173 -0.252940
v -1.263396 0.264435 0.000223
v -1.283231 0.297508 0.499984
v -1.304032 0.367756 0.986816
v -1.332176 0.511716 1.469763
v -1.298228 0.654822 1.956348
v -1.480503 0.921204 -3.214316
v -1.382196 0.996566 2.131611
v -1.668178 1.113122 2.258941
v -1.493491 1.502401 -3.227017
v -1.418648 1.474894 2.041580
v -1.671504 1.317166 2.247574
v -1.450186 2.005415 -3.228453
v -1.395686 1.983828 2.009457
v -1.492615 2.531575 -3.231135
v -1.333796 2.484611 1.905891
v -1.434638 3.314898 -3.056951
v -1.480076 3.155095 1.632478
v -1.448271 2.940519 1.799439
v -1.441524 3.538749 -2.839389
v -1.393509 3.609828 -2.502941
v -1.321933 3.672632 -2.115470
v -1.316752 3.728309 1.173715
v -1.547818 3.506992 1.404614
v -1.741644 3.757385 -2.754872
v -1.619185 3.880062 -2.544356
v -1.439483 3.919589 -1.984985
v -1.416361 4.098254 -1.493289
v -1.477268 4.135661 -1.002316
v -1.418784 4.176443 -0.489103
v -1.506522 4.023740 -0.001053
v -1.499606 3.939899 0.500000
v -1.608584 3.703047 0.927043
v -1.709210 3.752210 1.257162
v -2.002212 0.207921 -2.776624
v -2.002222 0.103375 -2.509644
v -2.000189 0.057818 -1.999966
v -2.000114 0.043037 -1.499799
v -2.000179 0.029065 -0.999894
v -2.000023 -0.007777 -0.500016
v -1.999991 -0.062168 -0.000155
v -2.000038 -0.102027 0.499763
v -2.000751 -0.106813 1.001601
v -1.997206 0.002007 1.509140
v -1.999737 0.182948 1.832829
v -2.022330 0.370591 -3.010098
v -1.949219 0.505749 2.147243
v -2.094106 0.713517 2.268719
v -2.045917 0.923272 -3.205297
v -1.759161 0.779103 2.251624
v -1.957871 0.969418 2.286415
v -2.009701 1.490980 -3.224594
v -1.771375 1.652601 2.250277
v -1.965176 1.490728 2.322463
v -2.054410 2.026740 -3.223808
v -1.872366 1.998741 2.196348
v -2.108448 2.007758 2.330796
v -2.086346 2.561926 -3.213817
v -2.038930 2.469932 2.111653
v -2.219477 2.291294 2.265691
v -2.017197 3.121671 -3.191513
v -1.786207 3.222861 1.734514
v -1.967953 3.038527 1.907542
v -1.974180 3.599275 -2.890887
v -2.099413 3.724495 -2.694798
v -1.959195 3.518484 1.605193
v -2.115689 3.320502 1.813135
v -1.759676 3.759024 -2.756088
v -1.964485 3.878042 -2.539085
v -2.005721 4.060926 -2.012735
v -2.007285 4.163212 -1.504467
v -1.999989 4.161938 -0.999829
v -2.001168 4.180071 -0.502262
v -1.997892 4.138752 0.004092
v -1.998434 4.019650 0.508446
v -1.999271 3.904429 1.015885
v -1.999826 3.776527 1.289041
v -2.353456 0.225687 -2.765525
v -2.517192 0.127258 -2.552433
v -2.500483 0.016335 -2.000627
v -2.500091 -0.010238 -1.499684
v -2.499998 -0.021915 -0.999996
v -2.500045 -0.057881 -0.500014
v -2.500088 -0.085257 -0.000094
v -2.500052 -0.100211 0.499960
v -2.499992 -0.103110 1.000030
v -2.497604 -0.050500 1.507910
v -2.495359 0.130226 1.907853
v -2.530774 0.365686 -2.919726
v -2.687152 0.253809 -2.734720
v -2.493749 0.363462 2.163267
v -2.496208 0.624293 2.336349
v -2.568858 0.936990 -3.189634
v -2.496747 0.998107 2.451098
v -2.602058 1.506720 -3.203009
v -2.503159 1.501238 2.488000
v -2.587478 2.017712 -3.202209
v -2.493378 2.005375 2.483080
v -2.574797 2.552955 -3.190268
v -2.333206 2.623123 2.204412
v -2.498364 2.474656 2.338428
v -2.553709 3.071170 -3.110252
v -2.480704 3.026621 2.169611
v -2.652662 2.858350 2.318194
v -2.513116 3.443208 -2.865674
v -2.542486 3.664727 -2.510648
v -2.735640 3.744267 -2.236604
v -2.497845 3.649084 1.589653
v -2.491474 3.404946 1.910273
v -2.402200 3.798149 -2.346064
v -2.542231 3.870244 -2.043309
v -2.500524 4.023669 -1.501095
v -2.500182 4.096901 -1.001426
v -2.499632 4.102972 -0.499487
v -2.499992 4.093021 -0.000022
v -2.500107 4.039217 0.500797
v -2.499990 3.912883 1.000040
v -2.500622 3.783330 1.325753
v -3.013705 0.134540 -2.407255
v -3.006015 0.001404 -2.007646
v -3.000001 -0.043393 -1.499901
v -2.999993 -0.063473 -0.999993
v -2.999958 -0.080531 -0.499975
v -3.000007 -0.088116 -0.000013
v -3.000005 -0.092479 0.499995
v -3.000042 -0.099368 0.999946
v -2.997976 -0.083270 1.505359
v -2.950655 0.060907 1.962101
v -3.051365 0.571705 -2.891598
v -3.024920 0.317928 -2.679405
v -2.935400 0.272526 2.244701
v -2.966888 0.545351 2.439550
v -3.090148 0.962749 -3.044210
v -2.964475 0.983957 2.582955
v -3.105146 1.495309 -3.119502
v -2.964722 1.492944 2.642610
v -3.102065 2.021956 -3.113517
v -2.962460 2.013110 2.629074
v -3.084297 2.527901 -3.048901
v -2.957039 2.520384 2.539140
v -3.047992 3.012444 -2.922249
v -3.196759 3.147658 -2.727867
v -2.969981 3.199770 2.258389
v -2.959294 2.934703 2.416014
v -2.838248 3.342552 -2.811509
v -3.018199 3.489646 -2.543455
v -3.052531 3.726146 -2.058283
v -3.243817 3.749735 -1.742039
v -2.993258 3.702814 1.613878
v -2.982019 3.471880 1.979443
v -2.910426 3.821638 -1.910544
v -3.049148 3.896025 -1.553511
v -3.001625 4.015333 -1.002649
v -2.999891 4.061559 -0.499538
v -3.000010 4.084797 0.000010
v -2.999393 4.052409 0.501646
v -2.998532 3.944453 1.007956
v -2.997286 3.825686 1.352936
v -3.294215 0.237996 -2.273841
v -3.487952 0.149906 -2.002939
v -3.499997 -0.069545 -1.504891
v -3.500000 -0.099327 -0.999846
v -3.500000 -0.091208 -0.499953
v -3.500000 -0.087622 0.000000
v -3.500000 -0.091209 0.499981
v -3.500000 -0.099328 0.999929
v -3.500000 -0.069442 1.505425
v -3.500000 0.101563 1.935043
v -3.256011 0.739411 -2.753306
v -3.405432 0.574312 -2.374306
v -3.647999 0.332470 -2.184980
v -3.500000 0.342569 2.192648
v -3.500000 0.607280 2.336241
v -3.286179 1.001613 -2.769812
v -3.551879 1.031872 -2.457668
v -3.500000 0.999117 2.451820
v -3.307939 1.501227 -2.780988
v -3.598361 1.508454 -2.505264
v -3.500000 1.500275 2.504799
v -3.304616 1.998229 -2.779959
v -3.590977 1.986556 -2.494866
v -3.500000 1.999853 2.493620
v -3.279400 2.498648 -2.767441
v -3.546205 2.467910 -2.433321
v -3.500000 2.501864 2.427359
v -3.257993 2.772575 -2.754971
v -3.423890 2.918510 -2.353916
v -3.683727 3.156243 -2.182722
v -3.500000 3.139614 2.194146
v -3.500000 2.882074 2.326751
v -3.306597 3.307288 -2.312133
v -3.510236 3.396768 -1.966277
v -3.499926 3.639934 -1.623117
v -3.500000 3.662494 1.582891
v -3.500000 3.421782 1.937697
v -3.499974 3.762147 -1.386276
v -3.500000 3.921034 -0.995732
v -3.500000 4.050855 -0.500843
v -3.500000 4.094719 0.000000
v -3.500000 4.050782 0.501263
v -3.500000 3.918782 1.002223
v -3.500000 3.788705 1.328426
v -4.000000 0.101318 -1.934672
v -4.000000 -0.069438 -1.505445
v -4.000000 -0.099328 -0.999929
v -4.000000 -0.091209 -0.499980
v -4.000000 -0.087622 0.000000
v -4.000000 -0.091209 0.499980
v -4.000000 -0.099328 0.999929
v -4.000000 -0.069438 1.505445
v -4.000000 0.101318 1.934672
v -4.000000 0.607997 -2.336538
v -4.000000 0.342985 -2.192959
v -4.000000 0.342985 2.192959
v -4.000000 0.607997 2.336538
v -4.000000 0.998976 -2.451794
v -4.000000 0.998976 2.451794
v -4.000000 1.500235 -2.504796
v -4.000000 1.500235 2.504796
v -4.000000 1.999903 -2.493615
v -4.000000 1.999903 2.493615
v -4.000000 2.501784 -2.427373
v -4.000000 2.501784 2.427373
v -4.000000 2.882664 -2.326525
v -4.000000 3.140114 -2.193808
v -4.000000 3.140114 2.193808
v -4.000000 2.882664 2.326525
v -4.000000 3.421503 -1.938023
v -4.000000 3.662922 -1.582112
v -4.000000 3.662922 1.582112
v -4.000000 3.421503 1.938023
v -4.000000 3.789063 -1.327630
v -4.000000 3.918724 -1.002389
v -4.000000 4.050795 -0.501186
v -4.000000 4.094719 0.000000
v -4.000000 4.050795 0.501186
v -4.000000 3.918724 1.002389
v -4.000000 3.789063 1.327630
vt -0.990881 -0.496839
vt -1.006249 -0.367334
vt -1.008940 -0.237069
vt -1.008209 -0.113138
vt -1.007886 0.011391
vt -1.008209 0.136852
vt -1.008940 0.262895
vt -1.006249 0.385388
vt -0.990881 0.470497
vt -0.945280 -0.663174
vt -0.969131 -0.592828
vt -0.969131 0.503652
vt -0.945280 0.505095
vt -0.910092 -0.742815
vt -0.910092 0.483081
vt -0.864979 -0.821230
vt -0.864979 0.431168
vt -0.820009 -0.883391
vt -0.820009 0.363416
vt -0.774839 -0.932075
vt -0.774839 0.281611
vt -0.740560 -0.956378
vt -0.717390 -0.956667
vt -0.717390 0.140237
vt -0.740560 0.206885
vt -0.692065 -0.929301
vt -0.670337 -0.871708
vt -0.670337 -0.080652
vt -0.692065 0.039710
vt -0.658984 -0.824486
vt -0.647315 -0.760031
vt -0.635428 -0.651900
vt -0.631475 -0.532314
vt -0.635428 -0.401307
vt -0.647315 -0.258837
vt -0.658984 -0.160671
vt -0.865875 -0.496874
vt -0.881250 -0.367328
vt -0.883940 -0.237070
vt -0.883209 -0.113138
vt -0.882886 0.011391
vt -0.883209 0.136846
vt -0.883939 0.262874
vt -0.881257 0.385274
vt -0.858432 0.481271
vt -0.802120 0.537401
vt -0.820311 -0.663094
vt -0.844160 -0.592728
vt -0.881989 0.503024
vt -0.799020 0.519543
vt -0.746444 0.591260
vt -0.785089 -0.742822
vt -0.793779 0.480274
vt -0.730853 0.561726
vt -0.739985 -0.821220
vt -0.762825 0.430217
vt -0.691575 0.499640
vt -0.694997 -0.883405
vt -0.718495 0.365464
vt -0.646165 0.434990
vt -0.649827 -0.932087
vt -0.664581 0.287502
vt -0.595027 0.367096
vt -0.615564 -0.956376
vt -0.592403 -0.956672
vt -0.637195 0.135369
vt -0.593791 0.208591
vt -0.564908 0.328085
vt -0.567079 -0.929326
vt -0.545308 -0.871603
vt -0.547544 -0.066417
vt -0.571939 0.049505
vt -0.528814 0.148397
vt -0.533960 -0.824372
vt -0.522319 -0.760061
vt -0.510427 -0.651874
vt -0.506475 -0.532314
vt -0.510413 -0.401573
vt -0.522067 -0.261183
vt -0.536542 -0.141464
vt -0.741662 -0.496722
vt -0.756976 -0.365575
vt -0.758943 -0.237062
vt -0.758241 -0.113096
vt -0.758062 0.011636
vt -0.757395 0.135687
vt -0.755688 0.258218
vt -0.753701 0.380370
vt -0.750808 0.501228
vt -0.741163 0.582117
vt -0.690310 -0.681215
vt -0.717510 -0.597754
vt -0.726366 0.626056
vt -0.707926 0.644207
vt -0.650498 -0.771559
vt -0.680866 0.630041
vt -0.605064 -0.850951
vt -0.632869 0.580822
vt -0.559974 -0.915746
vt -0.588644 0.515979
vt -0.513321 -0.966503
vt -0.541995 0.435742
vt -0.475702 -0.990993
vt -0.453980 -0.984271
vt -0.516124 0.273308
vt -0.491535 0.341382
vt -0.433545 -0.948053
vt -0.415049 -0.879583
vt -0.474708 -0.050485
vt -0.449508 0.020505
vt -0.424397 0.164511
vt -0.407816 0.268937
vt -0.405740 -0.828828
vt -0.395314 -0.763096
vt -0.384267 -0.653908
vt -0.380076 -0.534468
vt -0.381569 -0.407243
vt -0.386594 -0.275194
vt -0.411510 -0.119689
vt -0.375585 0.005289
vt -0.350534 0.075485
vt -0.612266 -0.490336
vt -0.628696 -0.370580
vt -0.633768 -0.237334
vt -0.633165 -0.113179
vt -0.632283 0.010530
vt -0.630206 0.132542
vt -0.627085 0.253004
vt -0.625250 0.375350
vt -0.622628 0.496601
vt -0.611279 0.619517
vt -0.557917 0.661693
vt -0.590944 -0.662011
vt -0.569939 -0.603669
vt -0.638990 0.648684
vt -0.593554 0.678050
vt -0.526888 -0.715183
vt -0.494883 -0.664617
vt -0.543506 0.663779
vt -0.491747 -0.800555
vt -0.499435 0.601787
vt -0.444255 -0.877990
vt -0.455388 0.534791
vt -0.389311 -0.920991
vt -0.326316 -0.911802
vt -0.407970 0.465909
vt -0.391958 -0.957175
vt -0.340075 -0.941986
vt -0.357576 0.377474
vt -0.319616 -0.915689
vt -0.296038 -0.863956
vt -0.298136 0.167768
vt -0.317923 0.268880
vt -0.285662 -0.814437
vt -0.275920 -0.754066
vt -0.262575 -0.648670
vt -0.255931 -0.533097
vt -0.251498 -0.414516
vt -0.251390 -0.289356
vt -0.259222 -0.153183
vt -0.273625 -0.007643
vt -0.284883 0.084623
vt -0.482344 -0.477005
vt -0.497727 -0.379680
vt -0.507977 -0.238587
vt -0.507959 -0.113573
vt -0.504864 0.006988
vt -0.500513 0.125846
vt -0.496657 0.245251
vt -0.494278 0.366834
vt -0.492579 0.489332
vt -0.489381 0.611373
vt -0.480825 0.663976
vt -0.456190 -0.578708
vt -0.468543 0.697252
vt -0.442979 -0.714291
vt -0.414012 -0.680531
vt -0.416157 0.670888
vt -0.366363 -0.763715
vt -0.337650 -0.726441
vt -0.368731 0.600808
vt -0.318378 -0.849646
vt -0.320995 0.542883
vt -0.290184 -0.871992
vt -0.268886 -0.876109
vt -0.271596 0.468582
vt -0.229288 -0.889213
vt -0.257263 0.394644
vt -0.200552 -0.888797
vt -0.169409 -0.836055
vt -0.110739 -0.791464
vt -0.192307 0.184973
vt -0.172820 0.254491
vt -0.194171 -0.805567
vt -0.147582 -0.758918
vt -0.147303 -0.633954
vt -0.131260 -0.533124
vt -0.117105 -0.421435
vt -0.139337 -0.297020
vt -0.115531 -0.176401
vt -0.136881 -0.022736
vt -0.144622 0.125776
vt -0.102513 0.200414
vt -0.068978 -0.384336
vt -0.070737 -0.306221
vt -0.062325 -0.232026
vt -0.412208 -0.472841
vt -0.404171 -0.396221
vt -0.387270 -0.256746
vt -0.394919 -0.114688
vt -0.345146 -0.017789
vt -0.363117 0.107302
vt -0.361573 0.230601
vt -0.361020 0.354793
vt -0.361090 0.479997
vt -0.359239 0.607471
vt -0.396382 0.659180
vt -0.348136 -0.564120
vt -0.291475 -0.430834
vt -0.292567 -0.296361
vt -0.295033 -0.164255
vt -0.292068 -0.060279
vt -0.311818 0.643529
vt -0.341094 0.685674
vt -0.230076 -0.717333
vt -0.261271 -0.665903
vt -0.284443 0.669659
vt -0.221465 -0.769655
vt -0.297139 -0.727156
vt -0.237360 0.606868
vt -0.188523 -0.835830
vt -0.207850 0.538038
vt -0.158368 -0.853257
vt -0.135301 -0.855830
vt -0.153372 0.470464
vt -0.090108 -0.854653
vt -0.108471 0.394337
vt -0.073625 -0.884832
vt -0.070545 -0.831974
vt -0.097021 -0.791443
vt -0.054735 0.277798
vt -0.008625 -0.859108
vt -0.074183 -0.723858
vt 0.007566 -0.679485
vt -0.031172 -0.530116
vt -0.041485 -0.461453
vt 0.003651 -0.141591
vt -0.004792 -0.033806
vt -0.020268 0.115258
vt -0.033676 0.202494
vt 0.067780 -0.642970
vt 0.051688 -0.558329
vt 0.009266 -0.431417
vt 0.018748 -0.317989
vt 0.009462 -0.212727
vt -0.288146 0.027797
vt -0.275091 0.093675
vt -0.254183 0.220325
vt -0.241146 0.345050
vt -0.219953 0.470478
vt -0.229701 0.556412
vt -0.166727 -0.677934
vt -0.207869 -0.582604
vt -0.214538 -0.428440
vt -0.220290 -0.293772
vt -0.221770 -0.165635
vt -0.234978 -0.026995
vt -0.208733 0.087981
vt -0.188022 0.215043
vt -0.176299 0.341746
vt -0.169787 0.425838
vt -0.225372 0.615464
vt -0.202311 0.668515
vt -0.095323 -0.849549
vt -0.161524 -0.751962
vt -0.235190 -0.663300
vt -0.139243 0.668076
vt -0.075785 -0.895303
vt -0.131333 -0.840344
vt -0.118780 0.605415
vt -0.023174 -0.956336
vt -0.077364 -0.899751
vt -0.075226 0.551404
vt 0.015079 -0.984706
vt -0.022330 -0.947551
vt -0.056739 -0.901610
vt -0.034238 0.475335
vt 0.052855 -0.963523
vt 0.022827 -0.928410
vt 0.026246 0.390985
vt 0.056724 -0.916454
vt 0.080697 -0.904286
vt 0.071429 0.302698
vt 0.105360 -0.885362
vt 0.117029 -0.799182
vt 0.074783 -0.725843
vt 0.134443 -0.120406
vt 0.115507 -0.037135
vt 0.105591 0.113282
vt 0.099993 0.203868
vt 0.160905 -0.774163
vt 0.126970 -0.686342
vt 0.141407 -0.565032
vt 0.148348 -0.450646
vt 0.150910 -0.328984
vt 0.142287 -0.198374
vt -0.161587 0.511923
vt -0.161093 0.533534
vt -0.021873 -0.789109
vt -0.076115 -0.705660
vt -0.090324 -0.552383
vt -0.098631 -0.414475
vt -0.097044 -0.290409
vt -0.095168 -0.168053
vt -0.096865 -0.040661
vt -0.096797 0.084214
vt -0.097975 0.210969
vt -0.098403 0.336676
vt -0.111329 0.466836
vt -0.106418 0.576502
vt -0.078415 0.654496
vt -0.054691 -0.852730
vt -0.095634 -0.783251
vt -0.046201 0.670220
vt -0.023056 -0.974744
vt 0.007287 0.597518
vt 0.034925 -1.025538
vt 0.070744 0.537677
vt 0.081313 -1.031198
vt 0.070715 -0.993268
vt 0.132904 0.465359
vt 0.156760 -1.079628
vt 0.140159 -1.046692
vt 0.111572 -0.982294
vt 0.186279 0.386251
vt 0.206583 -1.030415
vt 0.189070 -0.956866
vt 0.176530 -0.916010
vt 0.262955 0.192040
vt 0.236224 0.239832
vt 0.275357 -0.940832
vt 0.235084 -0.904202
vt 0.257974 -0.842705
vt 0.256283 -0.117166
vt 0.246891 -0.032250
vt 0.242713 0.133540
vt 0.182736 0.201489
vt 0.265755 -0.784964
vt 0.269360 -0.694955
vt 0.271224 -0.569962
vt 0.276931 -0.456357
vt 0.280331 -0.336109
vt 0.272875 -0.196371
vt 0.064431 -0.498027
vt 0.066202 -0.441886
vt 0.053049 -0.788903
vt 0.035541 -0.681130
vt 0.024770 -0.541541
vt 0.024962 -0.404820
vt 0.025554 -0.286716
vt 0.029544 -0.167869
vt 0.030403 -0.044044
vt 0.029952 0.081820
vt 0.028786 0.208404
vt 0.027146 0.335612
vt 0.028425 0.459590
vt 0.040176 0.570285
vt 0.054818 0.637414
vt 0.060339 -0.895001
vt 0.109993 0.668874
vt 0.142989 -0.998057
vt 0.166032 0.581060
vt 0.153122 -1.066718
vt 0.196352 0.492721
vt 0.207017 -1.137574
vt 0.283600 0.331904
vt 0.237764 0.392694
vt 0.248453 -1.159442
vt 0.236654 -1.092123
vt 0.326903 0.287025
vt 0.257613 0.322262
vt 0.329527 -1.140558
vt 0.293431 -1.064734
vt 0.295156 -0.938861
vt 0.319089 -0.846884
vt 0.345483 -0.715248
vt 0.384506 -0.603797
vt 0.384146 -0.483243
vt 0.391255 -0.382760
vt 0.399812 -0.182332
vt 0.386031 -0.107646
vt 0.341454 0.019896
vt 0.276996 0.181086
vt 0.279321 0.255619
vt 0.281900 -0.933032
vt 0.302199 -0.874284
vt 0.341454 -0.779828
vt 0.407643 -0.662056
vt 0.418878 -0.525425
vt 0.422891 -0.409048
vt 0.415688 -0.233535
vt 0.390079 -0.141641
vt 0.350693 -0.001123
vt 0.296002 0.100894
vt 0.336002 -0.764151
vt 0.363074 -0.695721
vt 0.386089 -0.570715
vt 0.413399 -0.446572
vt 0.411351 -0.324685
vt 0.371421 -0.212362
vt 0.172252 -0.611414
vt 0.134384 -0.533064
vt 0.137944 -0.400177
vt 0.175584 -0.317579
vt 0.160207 -0.786059
vt 0.143025 -0.663612
vt 0.090308 -0.583987
vt 0.094134 -0.359792
vt 0.141815 -0.282080
vt 0.153760 -0.166625
vt 0.155499 -0.043992
vt 0.154113 0.082924
vt 0.153142 0.209243
vt 0.154687 0.333293
vt 0.162389 0.450257
vt 0.183478 0.570288
vt 0.152072 0.611736
vt 0.192290 -0.920046
vt 0.257415 0.544327
vt 0.200734 0.584030
vt 0.251498 -1.000001
vt 0.303814 0.474037
vt 0.253941 0.522985
vt 0.310334 -1.063715
vt 0.324984 0.393532
vt 0.271448 0.441239
vt 0.326498 -1.129631
vt 0.422892 0.204412
vt 0.341748 0.295218
vt 0.274213 0.391802
vt 0.388228 -1.174707
vt 0.431675 0.161011
vt 0.386968 0.216800
vt 0.430006 -1.137990
vt 0.433847 -1.072311
vt 0.440251 -0.954092
vt 0.441480 -0.832567
vt 0.438618 -0.676251
vt 0.454168 -0.599614
vt 0.456433 -0.477556
vt 0.435055 -0.337901
vt 0.435643 -0.208022
vt 0.453769 -0.096990
vt 0.426829 0.065913
vt 0.365170 0.155676
vt 0.436933 -0.344006
vt 0.428250 -0.295090
vt 0.455970 -0.382450
vt 0.451039 -0.352153
vt 0.326502 -0.720203
vt 0.275232 -0.650243
vt 0.262893 -0.518624
vt 0.263738 -0.394710
vt 0.264049 -0.273350
vt 0.305964 -0.177191
vt 0.285437 -0.769095
vt 0.244293 -0.699624
vt 0.224780 -0.237378
vt 0.270591 -0.148612
vt 0.276726 -0.038592
vt 0.277959 0.084605
vt 0.279908 0.208213
vt 0.289036 0.322897
vt 0.311285 0.438949
vt 0.284852 0.507297
vt 0.343720 -0.929444
vt 0.404912 0.439345
vt 0.336438 0.484380
vt 0.384254 -1.004617
vt 0.428159 0.347926
vt 0.365488 0.405671
vt 0.420907 -1.059811
vt 0.470581 0.288523
vt 0.406037 0.332593
vt 0.470156 -1.130001
vt 0.479660 0.211795
vt 0.423076 0.266233
vt 0.536526 -1.176509
vt 0.591735 0.011355
vt 0.546861 0.104857
vt 0.547666 -1.126979
vt 0.554338 -1.061259
vt 0.631697 -0.946177
vt 0.559392 -0.843548
vt 0.562449 -0.735626
vt 0.544351 -0.578147
vt 0.547142 -0.461583
vt 0.556035 -0.353843
vt 0.645000 -0.231689
vt 0.565581 -0.065027
vt 0.519715 0.029976
vt 0.648478 -0.933188
vt 0.635545 -0.874298
vt 0.622561 -0.758231
vt 0.622290 -0.629116
vt 0.624205 -0.510457
vt 0.627006 -0.380803
vt 0.652122 -0.292246
vt 0.395225 -0.720767
vt 0.387662 -0.644736
vt 0.384106 -0.513252
vt 0.384316 -0.388395
vt 0.385286 -0.264788
vt 0.376050 -0.131907
vt 0.383450 -0.019094
vt 0.375442 0.134466
vt 0.383545 0.260221
vt 0.412795 0.378122
vt 0.443941 0.430247
vt 0.408326 -0.790974
vt 0.334846 -0.095887
vt 0.339648 -0.034321
vt 0.347584 0.086320
vt 0.359106 0.198896
vt 0.379099 0.300918
vt 0.383491 0.403960
vt 0.453034 -0.923336
vt 0.435240 0.403349
vt 0.517225 0.420029
vt 0.508589 -1.002066
vt 0.487402 0.318659
vt 0.536421 0.390662
vt 0.543034 -1.067817
vt 0.527466 0.244467
vt 0.600996 -1.136888
vt 0.557064 0.153473
vt 0.657000 -1.195175
vt 0.653978 -0.002043
vt 0.626714 0.067592
vt 0.678868 -1.169885
vt 0.673262 -1.095013
vt 0.661020 -1.006310
vt 0.664736 -0.191251
vt 0.702584 -0.104756
vt 0.773576 -1.177178
vt 0.754002 -1.140497
vt 0.712634 -1.005793
vt 0.722933 -0.906095
vt 0.741527 -0.788215
vt 0.730576 -0.665213
vt 0.738767 -0.523349
vt 0.729492 -0.387187
vt 0.735420 -0.249635
vt 0.765001 -0.173497
vt 0.519266 -0.721186
vt 0.509859 -0.640850
vt 0.505251 -0.507508
vt 0.503902 -0.380545
vt 0.502661 -0.253752
vt 0.499306 -0.123993
vt 0.494403 0.008043
vt 0.490827 0.138204
vt 0.490574 0.264286
vt 0.499482 0.377024
vt 0.516399 0.434424
vt 0.538936 -0.800701
vt 0.532822 0.471063
vt 0.587743 0.474423
vt 0.594574 -0.921350
vt 0.509910 0.461623
vt 0.576715 0.445579
vt 0.636613 -0.999976
vt 0.591578 0.347731
vt 0.625460 0.386821
vt 0.696009 -1.069428
vt 0.647978 0.289251
vt 0.707810 0.321691
vt 0.752160 -1.136505
vt 0.732026 0.206822
vt 0.761086 0.268555
vt 0.785250 -1.203696
vt 0.736609 0.014657
vt 0.765456 0.081877
vt 0.817480 -1.190627
vt 0.860058 -1.157884
vt 0.806462 -0.056105
vt 0.827767 0.021619
vt 0.778231 -1.177695
vt 0.840145 -1.138917
vt 0.866913 -1.031104
vt 0.876510 -0.917334
vt 0.874572 -0.791009
vt 0.876498 -0.668975
vt 0.871961 -0.537015
vt 0.861377 -0.395443
vt 0.851216 -0.253604
vt 0.839844 -0.168688
vt 0.608676 -0.720720
vt 0.640751 -0.654652
vt 0.626591 -0.502280
vt 0.624101 -0.373590
vt 0.623027 -0.247150
vt 0.619802 -0.117479
vt 0.617349 0.011060
vt 0.615994 0.138017
vt 0.615718 0.263412
vt 0.619856 0.383543
vt 0.635560 0.460034
vt 0.665605 -0.777471
vt 0.694631 -0.716675
vt 0.656149 0.493567
vt 0.680238 0.502929
vt 0.726544 -0.919217
vt 0.714016 0.483021
vt 0.786119 -0.996626
vt 0.760901 0.426839
vt 0.828463 -1.062855
vt 0.803828 0.360071
vt 0.873465 -1.129451
vt 0.819383 0.210097
vt 0.847310 0.262902
vt 0.914832 -1.176815
vt 0.892572 0.148942
vt 0.920417 0.207963
vt 0.938168 -1.164036
vt 0.965447 -1.104077
vt 1.020894 -1.045906
vt 0.952879 -0.076968
vt 0.929314 0.034925
vt 0.942383 -1.080275
vt 0.983880 -1.013959
vt 0.987261 -0.898351
vt 0.993767 -0.782954
vt 0.994175 -0.658258
vt 0.993370 -0.532098
vt 0.988556 -0.399899
vt 0.977157 -0.258665
vt 0.965655 -0.160395
vt 0.765535 -0.619304
vt 0.751630 -0.502094
vt 0.746095 -0.369334
vt 0.744286 -0.241747
vt 0.742742 -0.114525
vt 0.742071 0.011452
vt 0.741678 0.137021
vt 0.741067 0.262904
vt 0.742000 0.387165
vt 0.743145 0.482607
vt 0.814295 -0.797221
vt 0.784844 -0.711182
vt 0.758377 0.525747
vt 0.790803 0.538992
vt 0.859184 -0.886210
vt 0.829675 0.517824
vt 0.910864 -0.974266
vt 0.875546 0.466570
vt 0.957492 -1.041234
vt 0.921795 0.395564
vt 0.998585 -1.090852
vt 0.966094 0.307135
vt 1.033118 -1.122180
vt 1.082479 -1.091162
vt 1.030475 0.148627
vt 1.003947 0.222492
vt 1.010392 -1.137409
vt 1.068618 -1.089518
vt 1.098486 -0.998970
vt 1.148430 -0.922975
vt 1.081568 -0.077896
vt 1.057974 0.043516
vt 1.071554 -0.974449
vt 1.112929 -0.894861
vt 1.111786 -0.772656
vt 1.115513 -0.652887
vt 1.117634 -0.531021
vt 1.114565 -0.401402
vt 1.104634 -0.260790
vt 1.093633 -0.159105
vt 0.844974 -0.599400
vt 0.885480 -0.520222
vt 0.868740 -0.367182
vt 0.866061 -0.237049
vt 0.866791 -0.113131
vt 0.867114 0.011391
vt 0.866791 0.136852
vt 0.866060 0.262895
vt 0.868750 0.385384
vt 0.884141 0.470558
vt 0.880550 -0.784450
vt 0.903046 -0.668237
vt 0.941922 -0.589466
vt 0.905831 0.503628
vt 0.929655 0.505114
vt 0.911690 -0.822663
vt 0.980838 -0.748560
vt 0.964921 0.483070
vt 0.962095 -0.890407
vt 1.035351 -0.822415
vt 1.010025 0.431164
vt 1.005995 -0.954760
vt 1.076534 -0.881969
vt 1.054987 0.363424
vt 1.044728 -1.016684
vt 1.108663 -0.929158
vt 1.100168 0.281597
vt 1.064030 -1.049178
vt 1.118638 -0.967885
vt 1.204994 -0.955992
vt 1.157565 0.140387
vt 1.134387 0.207018
vt 1.124305 -1.007981
vt 1.183268 -0.933149
vt 1.202576 -0.878971
vt 1.204624 -0.080401
vt 1.182960 0.039593
vt 1.213587 -0.835648
vt 1.227893 -0.758667
vt 1.239577 -0.651822
vt 1.243525 -0.532314
vt 1.239570 -0.401286
vt 1.227690 -0.258886
vt 1.215983 -0.160425
vt 1.009119 -0.496839
vt 0.993751 -0.367334
vt 0.991060 -0.237069
vt 0.991791 -0.113138
vt 0.992114 0.011391
vt 0.991791 0.136852
vt 0.991060 0.262895
vt 0.993751 0.385388
vt 1.009119 0.470497
vt 1.054720 -0.663174
vt 1.030869 -0.592828
vt 1.030869 0.503652
vt 1.054720 0.505095
vt 1.089908 -0.742815
vt 1.089908 0.483081
vt 1.135021 -0.821230
vt 1.135021 0.431168
vt 1.179991 -0.883391
vt 1.179991 0.363416
vt 1.225161 -0.932075
vt 1.225161 0.281611
vt 1.259440 -0.956378
vt 1.282610 -0.956667
vt 1.282610 0.140237
vt 1.259440 0.206885
vt 1.307935 -0.929301
vt 1.329663 -0.871708
vt 1.329663 -0.080652
vt 1.307935 0.039710
vt 1.341016 -0.824486
vt 1.352685 -0.760031
vt 1.364572 -0.651900
vt 1.368525 -0.532314
vt 1.364572 -0.401307
vt 1.352685 -0.258837
vt 1.341016 -0.160671
vn 0.00000 0.83504 0.55018
vn 0.00000 0.98181 0.18989
vn 0.00000 0.99992 -0.01265
vn 0.00000 0.99990 -0.01397
vn 0.00000 1.00000 -0.00000
vn 0.00000 0.99990 0.01397
vn 0.00000 0.99992 0.01265
vn 0.00000 0.98181 -0.18989
vn 0.00000 0.83504 -0.55018
vn 0.00000 0.38196 0.92418
vn 0.00000 0.59905 0.80071
vn 0.00000 0.59905 -0.80071
vn 0.00000 0.38196 -0.92418
vn 0.00000 0.18321 0.98307
vn 0.00000 0.18321 -0.98307
vn 0.00000 0.05742 0.99835
vn 0.00000 0.05742 -0.99835
vn 0.00000 -0.09446 0.99553
vn 0.00000 -0.09446 -0.99553
vn 0.00000 -0.17762 0.98410
vn 0.00000 -0.17762 -0.98410
vn 0.00000 -0.35769 0.93384
vn 0.00000 -0.55961 0.82876
vn 0.00000 -0.55961 -0.82876
vn 0.00000 -0.35769 -0.93384
vn 0.00000 -0.75966 0.65032
vn 0.00000 -0.87627 0.48181
vn 0.00000 -0.87627 -0.48181
vn 0.00000 -0.75966 -0.65032
vn 0.00000 -0.91217 0.40981
vn 0.00000 -0.94444 0.32868
vn 0.00000 -0.98487 0.17330
vn 0.00000 -1.00000 -0.00000
vn 0.00000 -0.98487 -0.17330
vn 0.00000 -0.94444 -0.32868
vn 0.00000 -0.91217 -0.40981
vn -0.00000 0.83498 0.55028
vn -0.00000 0.98181 0.18987
vn -0.00000 0.99992 -0.01265
vn -0.00000 0.99990 -0.01397
vn -0.00000 1.00000 -0.00000
vn -0.00000 0.99990 0.01397
vn 0.00000 0.99992 0.01265
vn 0.00331 0.98187 -0.18953
vn -0.04536 0.78920 -0.61246
vn -0.74646 0.52896 -0.40374
vn -0.00001 0.38213 0.92411
vn -0.00000 0.59938 0.80047
vn 0.00000 0.60990 -0.79248
vn -0.71952 0.31194 -0.62047
vn -0.89859 0.17269 -0.40338
vn -0.00000 0.18320 0.98308
vn 0.00000 0.16864 -0.98568
vn -0.91600 0.09497 -0.38977
vn 0.00001 0.05743 0.99835
vn 0.00000 0.05611 -0.99842
vn -0.92039 0.02442 -0.39025
vn 0.00001 -0.09448 0.99553
vn 0.00000 -0.09220 -0.99574
vn -0.92454 -0.03808 -0.37918
vn 0.00001 -0.17766 0.98409
vn 0.00000 -0.16851 -0.98570
vn -0.93059 -0.07006 -0.35929
vn 0.00000 -0.35766 0.93385
vn 0.00000 -0.55949 0.82884
vn 0.00000 -0.57302 -0.81954
vn -0.70771 -0.27572 -0.65048
vn -0.92967 -0.10718 -0.35247
vn 0.00000 -0.75957 0.65043
vn 0.00000 -0.87638 0.48161
vn -0.02186 -0.86722 -0.49745
vn -0.00804 -0.74563 -0.66631
vn -0.87334 -0.33860 -0.35017
vn 0.00000 -0.91224 0.40967
vn 0.00000 -0.94443 0.32872
vn -0.00000 -0.98488 0.17326
vn -0.00001 -1.00000 -0.00000
vn -0.00001 -0.98493 -0.17297
vn -0.00000 -0.94518 -0.32654
vn -0.01128 -0.90496 -0.42534
vn 0.16583 0.87615 0.45261
vn 0.04854 0.99009 0.13175
vn -0.00224 0.99987 -0.01598
vn -0.00632 0.99994 -0.00919
vn -0.00592 0.99998 -0.00084
vn 0.00380 0.99999 0.00111
vn 0.14712 0.98194 -0.11899
vn 0.19021 0.98174 0.00260
vn 0.12557 0.92538 -0.35763
vn -0.23431 0.89089 -0.38912
vn 0.33346 0.42405 0.84201
vn 0.28291 0.66017 0.69580
vn -0.30868 0.72206 -0.61915
vn -0.40075 0.45572 -0.79481
vn 0.37512 0.15077 0.91463
vn -0.42553 0.24201 -0.87199
vn 0.38753 0.05341 0.92031
vn -0.36988 0.06556 -0.92676
vn 0.33525 -0.06628 0.93979
vn -0.39134 -0.05242 -0.91875
vn 0.32284 -0.18880 0.92743
vn -0.42570 -0.14504 -0.89317
vn 0.26844 -0.38602 0.88257
vn 0.22934 -0.64090 0.73256
vn -0.86709 -0.27544 -0.41506
vn -0.42885 -0.35811 -0.82936
vn 0.17278 -0.78491 0.59503
vn 0.12112 -0.90552 0.40665
vn -0.67862 -0.67756 -0.28352
vn -0.30425 -0.86600 -0.39683
vn -0.49892 -0.80335 -0.32511
vn -0.50645 -0.70278 -0.49961
vn 0.14852 -0.91949 0.36398
vn 0.13399 -0.94307 0.30440
vn 0.02900 -0.98221 0.18555
vn -0.04096 -0.99916 0.00016
vn -0.12215 -0.98796 -0.09498
vn -0.31966 -0.94585 -0.05645
vn -0.40041 -0.90943 -0.11232
vn -0.14094 -0.91119 -0.38714
vn -0.12447 -0.89124 -0.43613
vn 0.19786 0.79091 0.57906
vn 0.08270 0.96979 0.22949
vn 0.00046 1.00000 -0.00009
vn 0.01117 0.99982 -0.01503
vn 0.00374 0.99999 -0.00226
vn 0.00406 0.99995 -0.00947
vn 0.19732 0.96304 -0.18334
vn -0.00125 1.00000 0.00211
vn 0.23333 0.93435 -0.26936
vn 0.14826 0.92615 -0.34679
vn -0.15171 0.86552 -0.47735
vn 0.38055 0.36492 0.84971
vn 0.32513 0.48647 0.81095
vn -0.23473 0.80635 -0.54286
vn -0.22414 0.70029 -0.67776
vn 0.32633 0.15109 0.93310
vn 0.25081 0.29795 0.92104
vn -0.04977 0.05634 -0.99717
vn 0.34160 0.11827 0.93237
vn -0.03721 0.03073 -0.99883
vn 0.23723 -0.00445 0.97144
vn -0.03464 -0.00999 -0.99935
vn 0.32459 -0.26139 0.90902
vn 0.39799 -0.29010 0.87031
vn -0.04328 -0.02172 -0.99883
vn 0.37635 -0.29283 0.87898
vn 0.39595 -0.47602 0.78525
vn -0.24958 -0.39387 -0.88463
vn 0.29985 -0.69685 0.65153
vn 0.14912 -0.85393 0.49857
vn -0.27256 -0.79756 -0.53816
vn -0.05725 -0.73947 -0.67075
vn 0.01729 -0.92917 0.36926
vn -0.00372 -0.95320 0.30232
vn 0.12028 -0.96523 0.23207
vn 0.10369 -0.98371 0.14686
vn -0.01816 -0.99964 -0.01971
vn -0.23223 -0.97064 0.06264
vn -0.08034 -0.95499 -0.28556
vn -0.35463 -0.91980 -0.16796
vn -0.08848 -0.89905 -0.42880
vn 0.21763 0.74599 0.62939
vn 0.14072 0.91610 0.37544
vn 0.02437 0.99796 0.05894
vn -0.02943 0.99935 -0.02096
vn 0.15034 0.97831 -0.14248
vn 0.22339 0.94675 -0.23188
vn 0.03299 0.99930 0.01739
vn 0.04217 0.99910 0.00447
vn 0.28207 0.92361 -0.25958
vn -0.03898 0.97225 -0.23069
vn -0.07023 0.88760 -0.45524
vn 0.07767 0.52998 0.84445
vn 0.13767 0.47794 -0.86754
vn 0.33129 0.02337 0.94324
vn 0.23682 0.07746 0.96846
vn -0.02591 0.05197 -0.99831
vn 0.28982 0.24628 0.92485
vn 0.07526 0.13169 0.98843
vn 0.00803 -0.01080 -0.99991
vn 0.17877 -0.04238 0.98298
vn -0.01727 0.03226 -0.99933
vn 0.25556 -0.33238 0.90786
vn 0.37360 -0.41108 0.83153
vn -0.03441 -0.02308 -0.99914
vn 0.31331 -0.34809 0.88356
vn -0.02460 -0.08602 -0.99599
vn 0.05364 -0.63437 0.77117
vn 0.09130 -0.83340 0.54508
vn -0.00741 -0.87114 0.49097
vn -0.28447 -0.72863 -0.62304
vn -0.36386 -0.61956 -0.69552
vn 0.14266 -0.87223 0.46782
vn 0.06786 -0.93682 0.34318
vn 0.11874 -0.93348 0.33839
vn -0.11494 -0.92303 0.36715
vn -0.03682 -0.99897 -0.02648
vn -0.09405 -0.99155 -0.08933
vn -0.12437 -0.97584 -0.17965
vn -0.39979 -0.91020 -0.10816
vn -0.20164 -0.88817 -0.41292
vn -0.19384 -0.71068 -0.67629
vn -0.27633 -0.93733 0.21225
vn -0.14134 -0.98603 -0.08813
vn -0.05405 -0.97839 -0.19956
vn 0.04076 0.82630 0.56176
vn 0.10700 0.87175 0.47812
vn -0.17545 0.93702 0.30200
vn -0.65285 0.75651 0.03846
vn 0.45802 0.88892 -0.00655
vn 0.44259 0.88948 0.11376
vn -0.00463 0.99986 0.01627
vn 0.02037 0.99973 -0.01109
vn 0.06343 0.99799 -0.00018
vn 0.03051 0.98311 -0.18043
vn 0.28209 0.87908 -0.38424
vn -0.00099 0.58376 0.81193
vn -0.28524 0.94087 0.18278
vn -0.22022 0.96034 0.17102
vn 0.07690 0.98732 0.13886
vn 0.15934 0.97506 0.15451
vn 0.28536 0.89251 -0.34928
vn 0.08579 0.73079 -0.67719
vn -0.71632 0.17943 0.67431
vn -0.80236 0.20810 0.55938
vn 0.00792 0.08282 -0.99653
vn -0.78285 0.21097 0.58536
vn -0.12778 0.14028 0.98183
vn 0.03082 0.01767 -0.99937
vn -0.55528 -0.14604 0.81874
vn -0.02217 0.00620 -0.99973
vn -0.51596 -0.28546 0.80765
vn -0.63794 -0.44895 0.62568
vn -0.00898 -0.01354 -0.99987
vn -0.56738 -0.19283 0.80056
vn -0.01411 -0.07948 -0.99674
vn -0.97090 -0.02309 0.23838
vn 0.26073 -0.77080 0.58128
vn 0.01969 -0.86764 0.49681
vn -0.03562 -0.51485 -0.85654
vn -0.42581 -0.77990 0.45874
vn 0.34638 -0.90521 0.24618
vn -0.23295 -0.94598 0.22552
vn -0.15638 -0.82452 0.54380
vn 0.14449 -0.96484 0.21957
vn 0.09367 -0.97742 -0.18942
vn 0.13124 -0.93843 -0.31958
vn 0.05260 -0.95667 -0.28640
vn -0.01218 -0.71934 -0.69456
vn -0.20633 -0.97676 -0.05807
vn -0.24370 -0.96513 0.09559
vn -0.33625 -0.91154 0.23670
vn 0.01982 -0.99416 -0.10612
vn 0.02006 -0.95192 -0.30569
vn 0.39220 0.90509 0.16426
vn 0.42807 0.90170 -0.06070
vn 0.26280 0.93024 0.25609
vn 0.01529 0.99886 -0.04531
vn -0.01030 0.99995 -0.00045
vn 0.02871 0.99723 -0.06866
vn -0.41067 0.66120 0.62782
vn -0.67326 0.63016 -0.38679
vn -0.24591 0.92603 0.28634
vn -0.09455 0.99474 0.03947
vn 0.03773 0.99888 -0.02862
vn 0.15638 0.97614 0.15066
vn 0.17729 0.97649 0.12262
vn -0.01831 0.99968 -0.01761
vn 0.25539 0.94200 0.21776
vn 0.22707 0.97387 -0.00246
vn 0.06559 0.95794 -0.27936
vn 0.61697 0.43372 -0.65669
vn -0.85899 0.25393 0.44458
vn -0.52287 0.25537 0.81326
vn -0.58951 0.43344 0.68162
vn 0.00294 0.10205 -0.99477
vn -0.86179 0.01979 0.50688
vn -0.52645 0.13555 0.83933
vn 0.03312 0.06674 -0.99722
vn -0.79224 -0.09440 0.60287
vn -0.59058 -0.14831 0.79324
vn 0.01427 0.05894 -0.99816
vn -0.67559 -0.37867 0.63261
vn -0.62127 -0.31135 0.71909
vn -0.44695 -0.49631 0.74425
vn -0.02727 0.00695 -0.99960
vn -0.83873 -0.27168 0.47193
vn -0.47577 -0.26721 0.83800
vn -0.03149 -0.11246 -0.99316
vn -0.10078 -0.65224 0.75128
vn 0.11337 -0.58378 0.80396
vn -0.09822 -0.47602 -0.87393
vn -0.07494 -0.76411 0.64071
vn -0.31895 -0.88485 0.33959
vn -0.19446 -0.95149 0.23843
vn -0.28567 -0.83921 -0.46273
vn -0.06597 -0.73146 -0.67869
vn 0.12734 -0.98316 -0.13106
vn 0.13718 -0.87235 -0.46923
vn -0.34054 -0.91538 0.21472
vn -0.08725 -0.99618 0.00292
vn -0.12481 -0.94568 0.30018
vn -0.16865 -0.98191 0.08612
vn -0.02376 -0.99608 -0.08519
vn -0.16892 -0.95454 -0.24560
vn 0.24802 0.96795 -0.03961
vn 0.00297 0.99732 -0.07311
vn -0.25734 0.69641 0.66992
vn -0.63985 0.68782 0.34278
vn -0.36616 0.90821 0.20271
vn -0.10730 0.99158 0.07244
vn -0.04134 0.99908 -0.01110
vn -0.02332 0.99963 -0.01375
vn 0.00054 0.99993 0.01150
vn 0.01933 0.99856 -0.05013
vn 0.20720 0.96749 0.14501
vn -0.01269 0.99985 0.01220
vn 0.23619 0.97120 -0.03132
vn 0.31469 0.92273 -0.22260
vn 0.09583 0.68300 -0.72410
vn -0.47136 0.56550 0.67678
vn -0.73895 0.50051 0.45105
vn -0.00327 0.34150 -0.93988
vn -0.73806 -0.05690 0.67233
vn -0.02258 -0.01865 -0.99957
vn -0.70147 -0.16605 0.69308
vn 0.07262 -0.01560 -0.99724
vn -0.83952 -0.50178 0.20838
vn -0.54178 -0.31830 0.77792
vn 0.16212 -0.04862 -0.98557
vn -0.84308 -0.45707 0.28337
vn -0.28735 -0.43092 0.85541
vn -0.52941 -0.80485 0.26822
vn 0.69294 0.00723 -0.72096
vn 0.05142 -0.90346 0.42559
vn -0.35468 -0.51591 0.77977
vn -0.48441 -0.58444 0.65098
vn 0.68953 -0.63728 -0.34412
vn 0.11280 -0.81131 -0.57363
vn 0.54177 -0.67928 0.49503
vn -0.18761 -0.87298 0.45023
vn 0.19083 -0.73024 0.65600
vn 0.03878 -0.83463 -0.54945
vn -0.10298 -0.92014 -0.37782
vn 0.25863 -0.83013 -0.49396
vn 0.18066 -0.87238 -0.45423
vn -0.00713 -0.99363 0.11248
vn -0.00167 -0.98290 0.18411
vn -0.19383 -0.97824 -0.07401
vn -0.21368 -0.96143 0.17317
vn -0.22604 -0.97343 -0.03670
vn 0.01156 -0.81458 -0.57994
vn -0.26591 0.94660 -0.18232
vn -0.00406 0.99956 -0.02948
vn -0.22350 0.81059 0.54129
vn -0.52642 0.83409 0.16486
vn -0.33924 0.93874 -0.06073
vn -0.13208 0.97607 -0.17273
vn -0.08871 0.98383 -0.15559
vn 0.05418 0.99851 -0.00632
vn 0.04368 0.99898 -0.01113
vn -0.05152 0.99865 0.00683
vn 0.05560 0.99410 0.09312
vn 0.10111 0.99471 -0.01810
vn 0.23199 0.96909 0.08389
vn 0.12463 0.89474 -0.42885
vn 0.13015 0.92007 -0.36950
vn -0.40556 0.62162 0.67015
vn 0.38098 0.44032 -0.81301
vn 0.00029 0.00920 0.99996
vn 0.48125 -0.30544 -0.82165
vn -0.11025 -0.04476 0.99290
vn 0.49122 -0.15110 -0.85783
vn -0.09048 -0.04806 0.99474
vn 0.62253 -0.20128 -0.75627
vn 0.60632 -0.39533 -0.68999
vn -0.21293 -0.78270 0.58484
vn -0.72551 -0.68585 0.05697
vn 0.49690 0.32390 -0.80510
vn 0.52257 0.24661 -0.81615
vn -0.01320 -0.85796 0.51355
vn -0.24949 -0.95897 0.13465
vn 0.34504 -0.83216 0.43412
vn 0.88987 -0.43140 -0.14841
vn 0.86871 0.03419 0.49414
vn 0.97718 0.17952 -0.11357
vn 0.90578 0.34465 -0.24654
vn 0.97558 0.21585 0.04076
vn 0.98328 -0.18021 0.02599
vn 0.97045 -0.24104 -0.01128
vn 0.76836 0.63785 -0.05268
vn 0.95019 -0.30283 -0.07377
vn 0.93324 -0.33358 -0.13337
vn 0.70547 -0.58135 0.40539
vn 0.95966 -0.27016 0.07781
vn 0.64602 -0.60766 0.46196
vn 0.70659 -0.56058 0.43183
vn 0.94980 -0.30481 -0.07056
vn 0.96989 0.16745 0.17682
vn 0.92490 0.04566 -0.37745
vn 0.75442 -0.59904 -0.26835
vn 0.44538 -0.67599 -0.58709
vn 0.83990 -0.37351 -0.39376
vn 0.34761 -0.87147 0.34599
vn 0.27191 -0.94299 0.19192
vn 0.46485 -0.87149 -0.15623
vn 0.60678 -0.78967 0.09077
vn 0.58483 -0.81107 -0.01171
vn 0.54709 -0.62876 -0.55259
vn -0.29883 0.92420 0.23783
vn -0.27949 0.95540 0.09537
vn -0.05056 0.99846 -0.02281
vn -0.01390 0.99907 -0.04085
vn -0.63043 0.72256 0.28366
vn -0.09395 0.93804 0.33354
vn -0.06869 0.96713 0.24484
vn -0.21125 0.97714 0.02386
vn 0.01653 0.99897 -0.04235
vn 0.01713 0.99984 -0.00515
vn -0.00867 0.99979 0.01864
vn -0.00528 0.99897 0.04513
vn -0.06396 0.99781 -0.01670
vn 0.19567 0.97224 -0.12830
vn 0.43675 0.89934 0.02090
vn -0.14571 0.66280 -0.73448
vn 0.53796 0.38624 -0.74928
vn -0.04449 0.09105 0.99485
vn 0.69445 0.09952 -0.71263
vn 0.65426 0.22433 -0.72223
vn -0.00705 0.00238 0.99997
vn 0.73957 -0.05963 -0.67043
vn 0.68501 -0.18534 -0.70457
vn 0.01427 -0.00891 0.99986
vn 0.55527 -0.49158 -0.67084
vn 0.63412 -0.27023 -0.72448
vn -0.04155 -0.02586 0.99880
vn 0.39602 -0.35920 -0.84507
vn 0.63330 -0.18077 -0.75250
vn 0.72960 -0.34601 -0.58989
vn -0.23541 -0.81323 0.53221
vn 0.54023 -0.05063 -0.83999
vn 0.86628 0.03748 -0.49815
vn 0.35389 -0.78106 0.51450
vn -0.03091 -0.98663 0.16000
vn -0.00571 -0.99199 0.12617
vn 0.05553 -0.99808 -0.02737
vn 0.15498 -0.97696 0.14674
vn 0.49622 -0.80335 0.32923
vn 0.07477 -0.99713 -0.01231
vn 0.21667 -0.94614 -0.24056
vn 0.19952 -0.93131 0.30473
vn 0.13446 -0.98855 -0.06842
vn 0.04487 -0.77020 -0.63622
vn 0.34075 -0.92563 -0.16463
vn 0.96949 0.24505 0.00668
vn 0.95937 0.16485 -0.22897
vn 0.71321 -0.69511 -0.09025
vn 0.70759 -0.66902 -0.22742
vn -0.02248 0.92932 0.36859
vn -0.07973 0.97394 0.21231
vn -0.24052 0.94328 -0.22887
vn 0.03218 0.99935 0.01607
vn -0.26470 0.96081 -0.08229
vn -0.24435 0.96965 -0.00808
vn -0.43103 0.85382 0.29191
vn -0.12455 0.93740 0.32523
vn -0.22535 0.97113 -0.07825
vn -0.21935 0.95903 -0.17927
vn -0.18376 0.97448 -0.12891
vn -0.02367 0.99867 0.04587
vn 0.12881 0.98661 -0.10007
vn 0.25014 0.92723 -0.27871
vn -0.37989 0.55747 -0.73818
vn 0.45282 0.59703 -0.66220
vn -0.00269 0.02616 0.99965
vn 0.64610 0.07924 -0.75913
vn 0.51617 0.01257 -0.85639
vn -0.00425 -0.01523 0.99987
vn 0.49683 -0.19405 -0.84587
vn 0.76048 -0.08225 -0.64414
vn 0.00303 0.00117 0.99999
vn 0.51806 0.11393 -0.84772
vn 0.58410 -0.18009 -0.79145
vn -0.01152 0.00888 0.99989
vn 0.40302 -0.30096 -0.86429
vn 0.41882 -0.27221 -0.86631
vn -0.01610 -0.98431 0.17570
vn 0.28988 -0.84537 -0.44869
vn 0.42467 -0.48138 -0.76677
vn -0.24838 -0.96239 0.11006
vn 0.08309 -0.96927 0.23154
vn -0.72193 -0.46652 0.51105
vn -0.11883 -0.98386 0.13378
vn -0.57948 -0.52930 -0.61972
vn -0.15559 -0.97414 0.16384
vn -0.04337 -0.90999 0.41236
vn -0.25190 -0.89483 -0.36855
vn -0.99750 0.00270 0.07066
vn 0.22340 -0.70613 -0.67192
vn 0.36598 -0.83864 -0.40341
vn -0.65877 -0.58312 0.47538
vn -0.67508 -0.62630 0.38989
vn -0.79061 -0.60248 0.10935
vn -0.99971 0.02392 -0.00127
vn -0.57154 -0.74471 0.34461
vn -0.60413 -0.67104 -0.42981
vn -0.89768 -0.07370 -0.43445
vn 0.02819 0.91606 0.40006
vn 0.00326 0.97846 0.20640
vn -0.02295 0.99972 0.00540
vn 0.01530 0.99967 -0.02050
vn 0.03215 0.99925 -0.02165
vn -0.47276 0.87906 -0.06120
vn -0.58053 0.80349 0.13184
vn -0.06645 0.99736 -0.02945
vn -0.25144 0.92230 -0.29350
vn -0.05401 0.92122 -0.38527
vn 0.06797 0.85415 -0.51557
vn 0.07764 0.88239 0.46407
vn -0.39186 0.90260 -0.17823
vn 0.00637 0.99901 0.04393
vn -0.09693 0.98690 -0.12897
vn 0.19645 0.95473 -0.22338
vn 0.27220 0.92531 -0.26403
vn 0.36632 0.79798 -0.47859
vn -0.00876 0.05076 0.99867
vn 0.81792 0.15028 -0.55535
vn -0.17250 -0.05823 -0.98329
vn -0.00138 -0.00144 1.00000
vn 0.53300 -0.15010 -0.83270
vn -0.29614 -0.06179 -0.95314
vn -0.02664 0.00522 0.99963
vn 0.70258 -0.04620 -0.71011
vn -0.00574 -0.00752 0.99996
vn 0.81765 -0.16892 -0.55038
vn -0.77065 -0.56584 0.29314
vn 0.35146 -0.81585 -0.45920
vn 0.68655 -0.11912 -0.71725
vn -0.81843 -0.41117 0.40139
vn -0.93847 -0.23496 0.25312
vn -0.94329 -0.27020 0.19285
vn -0.82817 -0.16672 -0.53510
vn -0.66142 -0.46781 -0.58624
vn -0.12785 -0.80985 0.57254
vn -0.03354 -0.88131 0.47135
vn -0.68866 -0.67973 0.25240
vn -0.66778 -0.74397 0.02425
vn -0.28773 -0.95661 0.04600
vn -0.20031 -0.97782 -0.06122
vn 0.92540 -0.32524 -0.19456
vn 0.99363 -0.10691 -0.03569
vn -0.57876 -0.63858 -0.50720
vn -0.45172 -0.80063 -0.39363
vn 0.09842 0.87739 0.46958
vn 0.05789 0.96712 0.24765
vn -0.22524 0.94162 0.25023
vn 0.01746 0.99936 -0.03134
vn 0.03192 0.99931 -0.01883
vn -0.20674 0.95351 0.21925
vn -0.15359 0.97216 0.17696
vn 0.00236 0.99978 0.02104
vn 0.03344 0.99709 -0.06855
vn -0.11051 0.92485 -0.36393
vn -0.11360 0.79456 -0.59647
vn -0.10608 0.74760 0.65562
vn -0.15270 0.55774 -0.81585
vn -0.22736 0.24821 -0.94165
vn 0.00363 0.06732 0.99772
vn 0.01433 0.18525 -0.98259
vn -0.16045 0.10247 -0.98171
vn 0.01196 0.00742 0.99990
vn -0.36297 -0.14471 -0.92050
vn -0.25390 0.05259 -0.96580
vn 0.01881 -0.01162 0.99976
vn -0.43654 -0.33015 -0.83692
vn -0.47451 -0.29733 -0.82851
vn 0.04645 -0.01651 0.99878
vn -0.37823 -0.25045 -0.89119
vn -0.43348 -0.34155 -0.83393
vn 0.04215 -0.10004 0.99409
vn -0.27875 -0.51605 -0.80994
vn -0.32004 -0.43136 -0.84351
vn 0.40979 -0.67856 0.60961
vn 0.24009 -0.73748 0.63125
vn -0.26987 -0.60282 -0.75086
vn -0.41203 -0.48129 -0.77368
vn -0.09420 -0.80983 0.57906
vn 0.16006 -0.83738 0.52266
vn 0.40272 -0.91374 -0.05386
vn 0.19713 -0.97311 0.11915
vn 0.00397 -0.99753 0.07008
vn 0.26932 -0.95195 -0.14580
vn 0.09421 -0.96594 -0.24099
vn -0.05497 -0.95602 -0.28810
vn -0.01846 -0.93329 -0.35864
vn -0.02152 -0.87243 -0.48826
vn 0.14789 0.85917 0.48985
vn 0.15056 0.92046 0.36068
vn -0.21685 0.93746 0.27231
vn 0.00719 0.99966 -0.02521
vn -0.20811 0.96048 0.18485
vn 0.00858 0.99996 0.00265
vn 0.01867 0.99962 0.02009
vn 0.01739 0.99976 0.01330
vn -0.00111 0.99999 -0.00385
vn -0.07548 0.96723 -0.24244
vn -0.19441 0.79534 -0.57414
vn 0.06263 0.77772 0.62548
vn 0.21250 0.83537 0.50695
vn -0.23229 0.65452 -0.71948
vn -0.23036 0.42214 -0.87678
vn 0.06885 0.07591 0.99473
vn -0.26360 0.15868 -0.95149
vn 0.06575 0.00173 0.99783
vn -0.27539 0.10683 -0.95538
vn 0.05664 -0.00945 0.99835
vn -0.25633 -0.21041 -0.94341
vn 0.06281 -0.04593 0.99697
vn -0.45608 -0.23923 -0.85718
vn -0.42523 -0.26971 -0.86397
vn 0.26867 -0.40288 0.87493
vn -0.41789 -0.36455 -0.83215
vn -0.42008 -0.27559 -0.86463
vn 0.17899 -0.72249 0.66781
vn 0.17786 -0.85949 0.47921
vn 0.16406 -0.89906 0.40592
vn -0.09287 -0.86175 -0.49876
vn -0.22565 -0.69686 -0.68079
vn 0.47656 -0.84804 0.23178
vn 0.42765 -0.84452 0.32233
vn 0.12606 -0.95637 0.26357
vn 0.22721 -0.97019 -0.08426
vn 0.06788 -0.99334 0.09308
vn 0.02947 -0.99611 -0.08306
vn 0.02434 -0.98102 -0.19240
vn -0.07342 -0.95094 -0.30053
vn -0.10523 -0.90313 -0.41626
vn 0.25584 0.88527 0.38838
vn -0.10905 0.92719 0.35838
vn -0.18156 0.98333 -0.00989
vn -0.14508 0.98246 0.11716
vn -0.00982 0.99993 -0.00597
vn 0.00268 0.99998 0.00488
vn 0.01247 0.99984 0.01280
vn 0.00991 0.99987 0.01274
vn -0.04822 0.99043 -0.12930
vn -0.16611 0.87394 -0.45677
vn 0.44115 0.45769 0.77195
vn 0.30567 0.77308 0.55580
vn -0.24344 0.67359 -0.69786
vn -0.29067 0.41435 -0.86245
vn 0.49088 0.25871 0.83193
vn -0.32406 0.18177 -0.92841
vn 0.50703 0.05837 0.85995
vn -0.33373 0.07781 -0.93945
vn 0.47623 -0.10932 0.87250
vn -0.33657 -0.13086 -0.93252
vn 0.44983 -0.16419 0.87789
vn -0.37730 -0.18746 -0.90692
vn 0.40579 -0.37723 0.83249
vn 0.85132 -0.28988 0.43729
vn -0.28213 -0.59951 -0.74899
vn -0.32976 -0.38549 -0.86177
vn 0.54927 -0.65636 0.51720
vn 0.30884 -0.76105 0.57045
vn 0.19701 -0.89456 0.40117
vn 0.64173 -0.70911 0.29212
vn -0.13005 -0.87588 -0.46468
vn -0.21581 -0.77968 -0.58782
vn 0.13654 -0.92421 0.35664
vn 0.33129 -0.93859 0.09638
vn 0.25281 -0.96566 0.05997
vn 0.02398 -0.99456 0.10133
vn -0.01706 -0.99970 0.01738
vn -0.05114 -0.98876 -0.14050
vn -0.05291 -0.95806 -0.28165
vn -0.07659 -0.92308 -0.37689
vn 0.74827 0.52788 0.40178
vn 0.04470 0.78930 0.61237
vn -0.00331 0.98187 0.18950
vn -0.00000 0.99992 -0.01265
vn -0.00000 0.99990 -0.01397
vn -0.00000 1.00000 -0.00000
vn -0.00000 0.99990 0.01397
vn 0.00000 0.99992 0.01265
vn 0.00000 0.98181 -0.18988
vn 0.00000 0.83482 -0.55053
vn 0.90670 0.17149 0.38534
vn 0.71231 0.31435 0.62754
vn 0.00000 0.60990 0.79248
vn 0.00000 0.59948 -0.80039
vn 0.00001 0.38232 -0.92403
vn 0.92299 0.09264 0.37350
vn 0.00000 0.16864 0.98568
vn 0.00000 0.18315 -0.98308
vn 0.92508 0.02248 0.37910
vn 0.00000 0.05611 0.99842
vn 0.00000 0.05741 -0.99835
vn 0.92642 -0.04063 0.37430
vn 0.00000 -0.09220 0.99574
vn 0.00000 -0.09445 -0.99553
vn 0.92990 -0.07212 0.36068
vn 0.00000 -0.16851 0.98570
vn -0.00000 -0.17765 -0.98409
vn 0.92728 -0.11151 0.35738
vn 0.71511 -0.27313 0.64344
vn 0.00000 -0.57302 0.81954
vn -0.00000 -0.55919 -0.82904
vn -0.00000 -0.35729 -0.93399
vn 0.86861 -0.34434 0.35630
vn 0.00952 -0.74491 0.66709
vn 0.02171 -0.86787 0.49631
vn 0.00001 -0.87613 -0.48208
vn 0.00000 -0.75982 -0.65013
vn 0.01116 -0.90537 0.42448
vn -0.00001 -0.94506 0.32689
vn -0.00001 -0.98489 0.17318
vn -0.00000 -1.00000 -0.00000
vn 0.00000 -0.98487 -0.17332
vn 0.00000 -0.94446 -0.32864
vn 0.00000 -0.91208 -0.41001
vn 0.00000 0.83504 0.55018
vn 0.00000 0.98181 0.18989
vn 0.00000 0.99992 -0.01265
vn 0.00000 0.99990 -0.01397
vn 0.00000 1.00000 -0.00000
vn 0.00000 0.99990 0.01397
vn 0.00000 0.99992 0.01265
vn 0.00000 0.98181 -0.18989
vn 0.00000 0.83504 -0.55018
vn 0.00000 0.38196 0.92418
vn 0.00000 0.59905 0.80071
vn 0.00000 0.59905 -0.80071
vn 0.00000 0.38196 -0.92418
vn 0.00000 0.18321 0.98307
vn 0.00000 0.18321 -0.98307
vn 0.00000 0.05742 0.99835
vn 0.00000 0.05742 -0.99835
vn 0.00000 -0.09446 0.99553
vn 0.00000 -0.09446 -0.99553
vn 0.00000 -0.17762 0.98410
vn 0.00000 -0.17762 -0.98410
vn 0.00000 -0.35769 0.93384
vn 0.00000 -0.55961 0.82876
vn 0.00000 -0.55961 -0.82876
vn 0.00000 -0.35769 -0.93384
vn 0.00000 -0.75966 0.65032
vn 0.00000 -0.87627 0.48181
vn 0.00000 -0.87627 -0.48181
vn 0.00000 -0.75966 -0.65032
vn 0.00000 -0.91217 0.40981
vn 0.00000 -0.94444 0.32868
vn 0.00000 -0.98487 0.17330
vn 0.00000 -1.00000 -0.00000
vn 0.00000 -0.98487 -0.17330
vn 0.00000 -0.94444 -0.32868
vn 0.00000 -0.91217 -0.40981
usemtl CaveRock
f 53/53/53 54/54/54 57/57/57
f 62/62/62 63/63/63 68/68/68
f 66/66/66 67/67/67 73/73/73
f 105/105/105 106/106/106 112/112/112
f 109/109/109 110/110/110 120/120/120
f 110/110/110 111/111/111 121/121/121
f 145/145/145 144/144/144 147/147/147
f 191/191/191 190/190/190 194/194/194
f 192/192/192 193/193/193 203/203/203
f 199/199/199 200/200/200 206/206/206
f 209/209/209 208/208/208 219/219/219
f 211/211/211 210/210/210 221/221/221
f 217/217/217 216/216/216 223/223/223
f 225/225/225 226/226/226 229/229/229
f 258/258/258 257/257/257 268/268/268
f 259/259/259 258/258/258 269/269/269
f 262/262/262 263/263/263 276/276/276
f 274/274/274 275/275/275 279/279/279
f 278/278/278 279/279/279 282/282/282
f 308/308/308 307/307/307 319/319/319
f 309/309/309 310/310/310 323/323/323
f 385/385/385 384/384/384 395/395/395
f 386/386/386 385/385/385 396/396/396
f 389/389/389 388/388/388 399/399/399
f 391/391/391 390/390/390 401/401/401
f 392/392/392 391/391/391 402/402/402
f 398/398/398 397/397/397 405/405/405
f 411/411/411 412/412/412 417/417/417
f 427/427/427 426/426/426 429/429/429
f 433/433/433 432/432/432 435/435/435
f 452/452/452 451/451/451 456/456/456
f 460/460/460 461/461/461 467/467/467
f 475/475/475 474/474/474 477/477/477
f 478/478/478 477/477/477 480/480/480
f 481/481/481 480/480/480 483/483/483
f 495/495/495 496/496/496 505/505/505
f 496/496/496 497/497/497 506/506/506
f 498/498/498 499/499/499 508/508/508
f 515/515/515 516/516/516 523/523/523
f 517/517/517 518/518/518 525/525/525
f 528/528/528 529/529/529 532/532/532
f 543/543/543 544/544/544 554/554/554
f 573/573/573 574/574/574 577/577/577
f 576/576/576 577/577/577 580/580/580
f 582/582/582 583/583/583 587/587/587
f 585/585/585 584/584/584 588/588/588
f 620/620/620 621/621/621 624/624/624
f 627/627/627 626/626/626 630/630/630
f 662/662/662 661/661/661 665/665/665
f 668/668/668 667/667/667 671/671/671
f 695/695/695 694/694/694 697/697/697
f 704/704/704 703/703/703 706/706/706
f 708/708/708 707/707/707 711/711/711
f 3/3/3 2/2/2 38/38/38
f 9/9/9 8/8/8 44/44/44
f 11/11/11 10/10/10 47/47/47
f 13/13/13 12/12/12 49/49/49
f 22/22/22 23/23/23 65/65/65
f 31/31/31 32/32/32 76/76/76
f 33/33/33 34/34/34 78/78/78
f 34/34/34 35/35/35 79/79/79
f 40/40/40 39/39/39 83/83/83
f 42/42/42 41/41/41 85/85/85
f 43/43/43 42/42/42 86/86/86
f 46/46/46 45/45/45 89/89/89
f 48/48/48 47/47/47 91/91/91
f 51/51/51 50/50/50 93/93/93
f 69/69/69 70/70/70 108/108/108
f 74/74/74 75/75/75 114/114/114
f 75/75/75 76/76/76 115/115/115
f 76/76/76 77/77/77 116/116/116
f 77/77/77 78/78/78 117/117/117
f 78/78/78 79/79/79 118/118/118
f 82/82/82 81/81/81 122/122/122
f 84/84/84 83/83/83 124/124/124
f 85/85/85 84/84/84 125/125/125
f 86/86/86 85/85/85 126/126/126
f 87/87/87 86/86/86 127/127/127
f 88/88/88 87/87/87 128/128/128
f 90/90/90 89/89/89 130/130/130
f 92/92/92 91/91/91 133/133/133
f 94/94/94 93/93/93 135/135/135
f 114/114/114 115/115/115 156/156/156
f 115/115/115 116/116/116 157/157/157
f 117/117/117 118/118/118 159/159/159
f 118/118/118 119/119/119 160/160/160
f 123/123/123 122/122/122 163/163/163
f 126/126/126 125/125/125 166/166/166
f 127/127/127 126/126/126 167/167/167
f 128/128/128 127/127/127 168/168/168
f 129/129/129 128/128/128 169/169/169
f 130/130/130 129/129/129 170/170/170
f 132/132/132 131/131/131 172/172/172
f 138/138/138 137/137/137 176/176/176
f 155/155/155 156/156/156 196/196/196
f 156/156/156 157/157/157 197/197/197
f 158/158/158 159/159/159 199/199/199
f 160/160/160 161/161/161 201/201/201
f 164/164/164 163/163/163 207/207/207
f 167/167/167 166/166/166 210/210/210
f 169/169/169 168/168/168 212/212/212
f 170/170/170 169/169/169 213/213/213
f 171/171/171 170/170/170 214/214/214
f 172/172/172 171/171/171 215/215/215
f 184/184/184 185/185/185 234/234/234
f 189/189/189 190/190/190 239/239/239
f 190/190/190 191/191/191 240/240/240
f 196/196/196 197/197/197 245/245/245
f 197/197/197 198/198/198 246/246/246
f 201/201/201 202/202/202 249/249/249
f 204/204/204 205/205/205 254/254/254
f 212/212/212 211/211/211 256/256/256
f 213/213/213 212/212/212 257/257/257
f 214/214/214 213/213/213 258/258/258
f 215/215/215 214/214/214 259/259/259
f 219/219/219 218/218/218 263/263/263
f 220/220/220 219/219/219 264/264/264
f 221/221/221 220/220/220 265/265/265
f 222/222/222 221/221/221 266/266/266
f 233/233/233 234/234/234 286/286/286
f 238/238/238 239/239/239 292/292/292
f 242/242/242 243/243/243 295/295/295
f 248/248/248 249/249/249 299/299/299
f 251/251/251 252/252/252 303/303/303
f 252/252/252 253/253/253 304/304/304
f 261/261/261 260/260/260 307/307/307
f 264/264/264 263/263/263 311/311/311
f 265/265/265 264/264/264 312/312/312
f 266/266/266 265/265/265 313/313/313
f 268/268/268 267/267/267 315/315/315
f 269/269/269 268/268/268 316/316/316
f 270/270/270 269/269/269 317/317/317
f 271/271/271 270/270/270 318/318/318
f 284/284/284 285/285/285 330/330/330
f 288/288/288 289/289/289 334/334/334
f 291/291/291 292/292/292 338/338/338
f 294/294/294 295/295/295 343/343/343
f 299/299/299 300/300/300 347/347/347
f 301/301/301 302/302/302 349/349/349
f 303/303/303 304/304/304 351/351/351
f 311/311/311 310/310/310 357/357/357
f 312/312/312 311/311/311 358/358/358
f 313/313/313 312/312/312 359/359/359
f 316/316/316 315/315/315 362/362/362
f 320/320/320 319/319/319 366/366/366
f 321/321/321 320/320/320 367/367/367
f 332/332/332 333/333/333 379/379/379
f 336/336/336 337/337/337 384/384/384
f 339/339/339 340/340/340 394/394/394
f 341/341/341 342/342/342 396/396/396
f 344/344/344 345/345/345 403/403/403
f 345/345/345 346/346/346 404/404/404
f 351/351/351 352/352/352 409/409/409
f 352/352/352 353/353/353 410/410/410
f 355/355/355 354/354/354 412/412/412
f 357/357/357 356/356/356 415/415/415
f 360/360/360 359/359/359 418/418/418
f 361/361/361 360/360/360 419/419/419
f 362/362/362 361/361/361 420/420/420
f 363/363/363 362/362/362 421/421/421
f 365/365/365 364/364/364 423/423/423
f 366/366/366 365/365/365 424/424/424
f 367/367/367 366/366/366 425/425/425
f 376/376/376 377/377/377 440/440/440
f 382/382/382 383/383/383 445/445/445
f 383/383/383 384/384/384 446/446/446
f 387/387/387 388/388/388 450/450/450
f 390/390/390 391/391/391 453/453/453
f 392/392/392 393/393/393 455/455/455
f 413/413/413 412/412/412 462/462/462
f 414/414/414 413/413/413 463/463/463
f 420/420/420 419/419/419 468/468/468
f 421/421/421 420/420/420 469/469/469
f 423/423/423 422/422/422 471/471/471
f 424/424/424 423/423/423 472/472/472
f 425/425/425 424/424/424 473/473/473
f 438/438/438 439/439/439 487/487/487
f 446/446/446 447/447/447 494/494/494
f 447/447/447 448/448/448 495/495/495
f 448/448/448 449/449/449 496/496/496
f 450/450/450 451/451/451 498/498/498
f 452/452/452 453/453/453 500/500/500
f 453/453/453 454/454/454 501/501/501
f 463/463/463 462/462/462 511/511/511
f 465/465/465 464/464/464 513/513/513
f 470/470/470 469/469/469 521/521/521
f 471/471/471 470/470/470 522/522/522
f 472/472/472 471/471/471 523/523/523
f 473/473/473 472/472/472 524/524/524
f 489/489/489 490/490/490 539/539/539
f 491/491/491 492/492/492 541/541/541
f 492/492/492 493/493/493 542/542/542
f 499/499/499 500/500/500 544/544/544
f 502/502/502 503/503/503 548/548/548
f 504/504/504 505/505/505 550/550/550
f 506/506/506 507/507/507 552/552/552
f 510/510/510 509/509/509 555/555/555
f 511/511/511 510/510/510 556/556/556
f 512/512/512 511/511/511 557/557/557
f 513/513/513 512/512/512 558/558/558
f 516/516/516 515/515/515 561/561/561
f 519/519/519 518/518/518 564/564/564
f 529/529/529 528/528/528 570/570/570
f 546/546/546 547/547/547 590/590/590
f 547/547/547 548/548/548 591/591/591
f 549/549/549 550/550/550 593/593/593
f 551/551/551 552/552/552 595/595/595
f 556/556/556 555/555/555 598/598/598
f 558/558/558 557/557/557 600/600/600
f 559/559/559 558/558/558 601/601/601
f 560/560/560 559/559/559 602/602/602
f 561/561/561 560/560/560 603/603/603
f 562/562/562 561/561/561 604/604/604
f 565/565/565 564/564/564 607/607/607
f 568/568/568 567/567/567 611/611/611
f 590/590/590 591/591/591 632/632/632
f 591/591/591 592/592/592 633/633/633
f 592/592/592 593/593/593 634/634/634
f 594/594/594 595/595/595 636/636/636
f 595/595/595 596/596/596 637/637/637
f 600/600/600 599/599/599 639/639/639
f 602/602/602 601/601/601 641/641/641
f 603/603/603 602/602/602 642/642/642
f 604/604/604 603/603/603 643/643/643
f 610/610/610 609/609/609 649/649/649
f 612/612/612 611/611/611 651/651/651
f 628/628/628 629/629/629 670/670/670
f 632/632/632 633/633/633 673/673/673
f 633/633/633 634/634/634 674/674/674
f 634/634/634 635/635/635 675/675/675
f 635/635/635 636/636/636 676/676/676
f 636/636/636 637/637/637 677/677/677
f 640/640/640 639/639/639 679/679/679
f 643/643/643 642/642/642 682/682/682
f 644/644/644 643/643/643 683/683/683
f 650/650/650 649/649/649 689/689/689
f 652/652/652 651/651/651 692/692/692
f 669/669/669 670/670/670 715/715/715
f 673/673/673 674/674/674 718/718/718
f 674/674/674 675/675/675 719/719/719
f 675/675/675 676/676/676 720/720/720
f 676/676/676 677/677/677 721/721/721
f 677/677/677 678/678/678 722/722/722
f 681/681/681 680/680/680 723/723/723
f 687/687/687 686/686/686 729/729/729
f 691/691/691 690/690/690 732/732/732
f 693/693/693 692/692/692 734/734/734
f 709/709/709 710/710/710 747/747/747
f 714/714/714 715/715/715 751/751/751
f 717/717/717 718/718/718 754/754/754
f 718/718/718 719/719/719 755/755/755
f 719/719/719 720/720/720 756/756/756
f 721/721/721 722/722/722 758/758/758
f 1/1/1 11/11/11 48/48/48
f 10/10/10 14/14/14 52/52/52
f 14/14/14 16/16/16 55/55/55
f 25/25/25 21/21/21 62/62/62
f 23/23/23 26/26/26 69/69/69
f 29/29/29 24/24/24 66/66/66
f 55/55/55 58/58/58 99/99/99
f 60/60/60 57/57/57 98/98/98
f 58/58/58 61/61/61 101/101/101
f 63/63/63 60/60/60 100/100/100
f 68/68/68 63/63/63 102/102/102
f 65/65/65 69/69/69 107/107/107
f 73/73/73 67/67/67 105/105/105
f 80/80/80 71/71/71 109/109/109
f 95/95/95 97/97/97 140/140/140
f 98/98/98 96/96/96 139/139/139
f 97/97/97 99/99/99 142/142/142
f 102/102/102 100/100/100 143/143/143
f 101/101/101 103/103/103 147/147/147
f 106/106/106 102/102/102 146/146/146
f 104/104/104 107/107/107 150/150/150
f 112/112/112 106/106/106 149/149/149
f 121/121/121 111/111/111 152/152/152
f 122/122/122 134/134/134 174/174/174
f 139/139/139 136/136/136 175/175/175
f 142/142/142 144/144/144 184/184/184
f 145/145/145 148/148/148 187/187/187
f 153/153/153 149/149/149 188/188/188
f 151/151/151 154/154/154 194/194/194
f 162/162/162 152/152/152 192/192/192
f 175/175/175 173/173/173 217/217/217
f 177/177/177 180/180/180 229/229/229
f 179/179/179 182/182/182 231/231/231
f 182/182/182 184/184/184 233/233/233
f 186/186/186 183/183/183 232/232/232
f 187/187/187 189/189/189 238/238/238
f 193/193/193 188/188/188 237/237/237
f 191/191/191 195/195/195 243/243/243
f 203/203/203 193/193/193 241/241/241
f 206/206/206 200/200/200 247/247/247
f 223/223/223 216/216/216 261/261/261
f 218/218/218 226/226/226 276/276/276
f 227/227/227 224/224/224 273/273/273
f 225/225/225 228/228/228 279/279/279
f 228/228/228 231/231/231 282/282/282
f 237/237/237 235/235/235 287/287/287
f 236/236/236 238/238/238 291/291/291
f 241/241/241 237/237/237 290/290/290
f 272/272/272 261/261/261 308/308/308
f 262/262/262 275/275/275 323/323/323
f 277/277/277 273/273/273 321/321/321
f 274/274/274 278/278/278 325/325/325
f 283/283/283 280/280/280 326/326/326
f 287/287/287 283/283/283 328/328/328
f 293/293/293 290/290/290 335/335/335
f 309/309/309 322/322/322 369/369/369
f 324/324/324 321/321/321 368/368/368
f 325/325/325 327/327/327 373/373/373
f 328/328/328 326/326/326 372/372/372
f 331/331/331 328/328/328 374/374/374
f 343/343/343 348/348/348 405/405/405
f 354/354/354 358/358/358 417/417/417
f 356/356/356 369/369/369 428/428/428
f 370/370/370 368/368/368 427/427/427
f 372/372/372 370/370/370 430/430/430
f 371/371/371 373/373/373 434/434/434
f 373/373/373 375/375/375 437/437/437
f 375/375/375 378/378/378 441/441/441
f 389/389/389 400/400/400 456/456/456
f 400/400/400 408/408/408 458/458/458
f 411/411/411 416/416/416 467/467/467
f 415/415/415 428/428/428 476/476/476
f 429/429/429 426/426/426 475/475/475
f 432/432/432 429/429/429 478/478/478
f 434/434/434 437/437/437 485/485/485
f 460/460/460 466/466/466 520/520/520
f 466/466/466 476/476/476 527/527/527
f 477/477/477 474/474/474 526/526/526
f 476/476/476 479/479/479 530/530/530
f 480/480/480 477/477/477 528/528/528
f 479/479/479 482/482/482 533/533/533
f 485/485/485 488/488/488 537/537/537
f 490/490/490 486/486/486 536/536/536
f 500/500/500 489/489/489 538/538/538
f 527/527/527 530/530/530 572/572/572
f 532/532/532 529/529/529 571/571/571
f 534/534/534 531/531/531 573/573/573
f 536/536/536 534/534/534 576/576/576
f 535/535/535 537/537/537 581/581/581
f 539/539/539 536/536/536 579/579/579
f 537/537/537 540/540/540 584/584/584
f 544/544/544 538/538/538 582/582/582
f 554/554/554 544/544/544 586/586/586
f 574/574/574 571/571/571 614/614/614
f 577/577/577 574/574/574 616/616/616
f 580/580/580 577/577/577 618/618/618
f 578/578/578 581/581/581 622/622/622
f 583/583/583 579/579/579 620/620/620
f 581/581/581 584/584/584 625/625/625
f 587/587/587 583/583/583 623/623/623
f 585/585/585 589/589/589 630/630/630
f 597/597/597 586/586/586 628/628/628
f 616/616/616 614/614/614 654/654/654
f 615/615/615 617/617/617 657/657/657
f 617/617/617 619/619/619 659/659/659
f 619/619/619 622/622/622 661/661/661
f 624/624/624 621/621/621 660/660/660
f 622/622/622 625/625/625 665/665/665
f 629/629/629 623/623/623 663/663/663
f 627/627/627 631/631/631 671/671/671
f 638/638/638 628/628/628 669/669/669
f 654/654/654 652/652/652 693/693/693
f 655/655/655 657/657/657 700/700/700
f 657/657/657 659/659/659 703/703/703
f 660/660/660 658/658/658 702/702/702
f 659/659/659 661/661/661 706/706/706
f 662/662/662 666/666/666 711/711/711
f 670/670/670 663/663/663 709/709/709
f 668/668/668 672/672/672 716/716/716
f 678/678/678 669/669/669 714/714/714
f 692/692/692 688/688/688 731/731/731
f 696/696/696 693/693/693 735/735/735
f 695/695/695 698/698/698 738/738/738
f 698/698/698 701/701/701 740/740/740
f 702/702/702 699/699/699 739/739/739
f 704/704/704 707/707/707 744/744/744
f 710/710/710 705/705/705 743/743/743
f 708/708/708 712/712/712 748/748/748
f 715/715/715 709/709/709 746/746/746
f 722/722/722 714/714/714 750/750/750
f 56/56/56 53/53/53 57/57/57
f 67/67/67 62/62/62 68/68/68
f 72/72/72 66/66/66 73/73/73
f 111/111/111 105/105/105 112/112/112
f 119/119/119 109/109/109 120/120/120
f 120/120/120 110/110/110 121/121/121
f 148/148/148 145/145/145 147/147/147
f 195/195/195 191/191/191 194/194/194
f 202/202/202 192/192/192 203/203/203
f 205/205/205 199/199/199 206/206/206
f 220/220/220 209/209/209 219/219/219
f 222/222/222 211/211/211 221/221/221
f 224/224/224 217/217/217 223/223/223
f 228/228/228 225/225/225 229/229/229
f 269/269/269 258/258/258 268/268/268
f 270/270/270 259/259/259 269/269/269
f 275/275/275 262/262/262 276/276/276
f 278/278/278 274/274/274 279/279/279
f 281/281/281 278/278/278 282/282/282
f 320/320/320 308/308/308 319/319/319
f 322/322/322 309/309/309 323/323/323
f 396/396/396 385/385/385 395/395/395
f 397/397/397 386/386/386 396/396/396
f 400/400/400 389/389/389 399/399/399
f 402/402/402 391/391/391 401/401/401
f 403/403/403 392/392/392 402/402/402
f 406/406/406 398/398/398 405/405/405
f 416/416/416 411/411/411 417/417/417
f 430/430/430 427/427/427 429/429/429
f 436/436/436 433/433/433 435/435/435
f 457/457/457 452/452/452 456/456/456
f 466/466/466 460/460/460 467/467/467
f 478/478/478 475/475/475 477/477/477
f 481/481/481 478/478/478 480/480/480
f 484/484/484 481/481/481 483/483/483
f 504/504/504 495/495/495 505/505/505
f 505/505/505 496/496/496 506/506/506
f 507/507/507 498/498/498 508/508/508
f 522/522/522 515/515/515 523/523/523
f 524/524/524 517/517/517 525/525/525
f 531/531/531 528/528/528 532/532/532
f 553/553/553 543/543/543 554/554/554
f 576/576/576 573/573/573 577/577/577
f 579/579/579 576/576/576 580/580/580
f 586/586/586 582/582/582 587/587/587
f 589/589/589 585/585/585 588/588/588
f 623/623/623 620/620/620 624/624/624
f 631/631/631 627/627/627 630/630/630
f 666/666/666 662/662/662 665/665/665
f 672/672/672 668/668/668 671/671/671
f 698/698/698 695/695/695 697/697/697
f 707/707/707 704/704/704 706/706/706
f 712/712/712 708/708/708 711/711/711
f 39/39/39 3/3/3 38/38/38
f 45/45/45 9/9/9 44/44/44
f 48/48/48 11/11/11 47/47/47
f 50/50/50 13/13/13 49/49/49
f 64/64/64 22/22/22 65/65/65
f 75/75/75 31/31/31 76/76/76
f 77/77/77 33/33/33 78/78/78
f 78/78/78 34/34/34 79/79/79
f 84/84/84 40/40/40 83/83/83
f 86/86/86 42/42/42 85/85/85
f 87/87/87 43/43/43 86/86/86
f 90/90/90 46/46/46 89/89/89
f 92/92/92 48/48/48 91/91/91
f 94/94/94 51/51/51 93/93/93
f 107/107/107 69/69/69 108/108/108
f 113/113/113 74/74/74 114/114/114
f 114/114/114 75/75/75 115/115/115
f 115/115/115 76/76/76 116/116/116
f 116/116/116 77/77/77 117/117/117
f 117/117/117 78/78/78 118/118/118
f 123/123/123 82/82/82 122/122/122
f 125/125/125 84/84/84 124/124/124
f 126/126/126 85/85/85 125/125/125
f 127/127/127 86/86/86 126/126/126
f 128/128/128 87/87/87 127/127/127
f 129/129/129 88/88/88 128/128/128
f 131/131/131 90/90/90 130/130/130
f 134/134/134 92/92/92 133/133/133
f 136/136/136 94/94/94 135/135/135
f 155/155/155 114/114/114 156/156/156
f 156/156/156 115/115/115 157/157/157
f 158/158/158 117/117/117 159/159/159
f 159/159/159 118/118/118 160/160/160
f 164/164/164 123/123/123 163/163/163
f 167/167/167 126/126/126 166/166/166
f 168/168/168 127/127/127 167/167/167
f 169/169/169 128/128/128 168/168/168
f 170/170/170 129/129/129 169/169/169
f 171/171/171 130/130/130 170/170/170
f 173/173/173 132/132/132 172/172/172
f 177/177/177 138/138/138 176/176/176
f 195/195/195 155/155/155 196/196/196
f 196/196/196 156/156/156 197/197/197
f 198/198/198 158/158/158 199/199/199
f 200/200/200 160/160/160 201/201/201
f 208/208/208 164/164/164 207/207/207
f 211/211/211 167/167/167 210/210/210
f 213/213/213 169/169/169 212/212/212
f 214/214/214 170/170/170 213/213/213
f 215/215/215 171/171/171 214/214/214
f 216/216/216 172/172/172 215/215/215
f 233/233/233 184/184/184 234/234/234
f 238/238/238 189/189/189 239/239/239
f 239/239/239 190/190/190 240/240/240
f 244/244/244 196/196/196 245/245/245
f 245/245/245 197/197/197 246/246/246
f 248/248/248 201/201/201 249/249/249
f 253/253/253 204/204/204 254/254/254
f 257/257/257 212/212/212 256/256/256
f 258/258/258 213/213/213 257/257/257
f 259/259/259 214/214/214 258/258/258
f 260/260/260 215/215/215 259/259/259
f 264/264/264 219/219/219 263/263/263
f 265/265/265 220/220/220 264/264/264
f 266/266/266 221/221/221 265/265/265
f 267/267/267 222/222/222 266/266/266
f 285/285/285 233/233/233 286/286/286
f 291/291/291 238/238/238 292/292/292
f 294/294/294 242/242/242 295/295/295
f 298/298/298 248/248/248 299/299/299
f 302/302/302 251/251/251 303/303/303
f 303/303/303 252/252/252 304/304/304
f 308/308/308 261/261/261 307/307/307
f 312/312/312 264/264/264 311/311/311
f 313/313/313 265/265/265 312/312/312
f 314/314/314 266/266/266 313/313/313
f 316/316/316 268/268/268 315/315/315
f 317/317/317 269/269/269 316/316/316
f 318/318/318 270/270/270 317/317/317
f 319/319/319 271/271/271 318/318/318
f 329/329/329 284/284/284 330/330/330
f 333/333/333 288/288/288 334/334/334
f 337/337/337 291/291/291 338/338/338
f 342/342/342 294/294/294 343/343/343
f 346/346/346 299/299/299 347/347/347
f 348/348/348 301/301/301 349/349/349
f 350/350/350 303/303/303 351/351/351
f 358/358/358 311/311/311 357/357/357
f 359/359/359 312/312/312 358/358/358
f 360/360/360 313/313/313 359/359/359
f 363/363/363 316/316/316 362/362/362
f 367/367/367 320/320/320 366/366/366
f 368/368/368 321/321/321 367/367/367
f 378/378/378 332/332/332 379/379/379
f 383/383/383 336/336/336 384/384/384
f 393/393/393 339/339/339 394/394/394
f 395/395/395 341/341/341 396/396/396
f 402/402/402 344/344/344 403/403/403
f 403/403/403 345/345/345 404/404/404
f 408/408/408 351/351/351 409/409/409
f 409/409/409 352/352/352 410/410/410
f 413/413/413 355/355/355 412/412/412
f 416/416/416 357/357/357 415/415/415
f 419/419/419 360/360/360 418/418/418
f 420/420/420 361/361/361 419/419/419
f 421/421/421 362/362/362 420/420/420
f 422/422/422 363/363/363 421/421/421
f 424/424/424 365/365/365 423/423/423
f 425/425/425 366/366/366 424/424/424
f 426/426/426 367/367/367 425/425/425
f 439/439/439 376/376/376 440/440/440
f 444/444/444 382/382/382 445/445/445
f 445/445/445 383/383/383 446/446/446
f 449/449/449 387/387/387 450/450/450
f 452/452/452 390/390/390 453/453/453
f 454/454/454 392/392/392 455/455/455
f 463/463/463 413/413/413 462/462/462
f 464/464/464 414/414/414 463/463/463
f 469/469/469 420/420/420 468/468/468
f 470/470/470 421/421/421 469/469/469
f 472/472/472 423/423/423 471/471/471
f 473/473/473 424/424/424 472/472/472
f 474/474/474 425/425/425 473/473/473
f 486/486/486 438/438/438 487/487/487
f 493/493/493 446/446/446 494/494/494
f 494/494/494 447/447/447 495/495/495
f 495/495/495 448/448/448 496/496/496
f 497/497/497 450/450/450 498/498/498
f 499/499/499 452/452/452 500/500/500
f 500/500/500 453/453/453 501/501/501
f 512/512/512 463/463/463 511/511/511
f 514/514/514 465/465/465 513/513/513
f 522/522/522 470/470/470 521/521/521
f 523/523/523 471/471/471 522/522/522
f 524/524/524 472/472/472 523/523/523
f 525/525/525 473/473/473 524/524/524
f 538/538/538 489/489/489 539/539/539
f 540/540/540 491/491/491 541/541/541
f 541/541/541 492/492/492 542/542/542
f 543/543/543 499/499/499 544/544/544
f 547/547/547 502/502/502 548/548/548
f 549/549/549 504/504/504 550/550/550
f 551/551/551 506/506/506 552/552/552
f 556/556/556 510/510/510 555/555/555
f 557/557/557 511/511/511 556/556/556
f 558/558/558 512/512/512 557/557/557
f 559/559/559 513/513/513 558/558/558
f 562/562/562 516/516/516 561/561/561
f 565/565/565 519/519/519 564/564/564
f 571/571/571 529/529/529 570/570/570
f 589/589/589 546/546/546 590/590/590
f 590/590/590 547/547/547 591/591/591
f 592/592/592 549/549/549 593/593/593
f 594/594/594 551/551/551 595/595/595
f 599/599/599 556/556/556 598/598/598
f 601/601/601 558/558/558 600/600/600
f 602/602/602 559/559/559 601/601/601
f 603/603/603 560/560/560 602/602/602
f 604/604/604 561/561/561 603/603/603
f 605/605/605 562/562/562 604/604/604
f 608/608/608 565/565/565 607/607/607
f 612/612/612 568/568/568 611/611/611
f 631/631/631 590/590/590 632/632/632
f 632/632/632 591/591/591 633/633/633
f 633/633/633 592/592/592 634/634/634
f 635/635/635 594/594/594 636/636/636
f 636/636/636 595/595/595 637/637/637
f 640/640/640 600/600/600 639/639/639
f 642/642/642 602/602/602 641/641/641
f 643/643/643 603/603/603 642/642/642
f 644/644/644 604/604/604 643/643/643
f 650/650/650 610/610/610 649/649/649
f 652/652/652 612/612/612 651/651/651
f 669/669/669 628/628/628 670/670/670
f 672/672/672 632/632/632 673/673/673
f 673/673/673 633/633/633 674/674/674
f 674/674/674 634/634/634 675/675/675
f 675/675/675 635/635/635 676/676/676
f 676/676/676 636/636/636 677/677/677
f 680/680/680 640/640/640 679/679/679
f 683/683/683 643/643/643 682/682/682
f 684/684/684 644/644/644 683/683/683
f 690/690/690 650/650/650 689/689/689
f 693/693/693 652/652/652 692/692/692
f 714/714/714 669/669/669 715/715/715
f 717/717/717 673/673/673 718/718/718
f 718/718/718 674/674/674 719/719/719
f 719/719/719 675/675/675 720/720/720
f 720/720/720 676/676/676 721/721/721
f 721/721/721 677/677/677 722/722/722
f 724/724/724 681/681/681 723/723/723
f 730/730/730 687/687/687 729/729/729
f 733/733/733 691/691/691 732/732/732
f 735/735/735 693/693/693 734/734/734
f 746/746/746 709/709/709 747/747/747
f 750/750/750 714/714/714 751/751/751
f 753/753/753 717/717/717 754/754/754
f 754/754/754 718/718/718 755/755/755
f 755/755/755 719/719/719 756/756/756
f 757/757/757 721/721/721 758/758/758
f 37/37/37 1/1/1 48/48/48
f 47/47/47 10/10/10 52/52/52
f 52/52/52 14/14/14 55/55/55
f 67/67/67 25/25/25 62/62/62
f 65/65/65 23/23/23 69/69/69
f 72/72/72 29/29/29 66/66/66
f 97/97/97 55/55/55 99/99/99
f 100/100/100 60/60/60 98/98/98
f 99/99/99 58/58/58 101/101/101
f 102/102/102 63/63/63 100/100/100
f 106/106/106 68/68/68 102/102/102
f 104/104/104 65/65/65 107/107/107
f 111/111/111 73/73/73 105/105/105
f 119/119/119 80/80/80 109/109/109
f 137/137/137 95/95/95 140/140/140
f 141/141/141 98/98/98 139/139/139
f 140/140/140 97/97/97 142/142/142
f 146/146/146 102/102/102 143/143/143
f 144/144/144 101/101/101 147/147/147
f 149/149/149 106/106/106 146/146/146
f 148/148/148 104/104/104 150/150/150
f 153/153/153 112/112/112 149/149/149
f 162/162/162 121/121/121 152/152/152
f 163/163/163 122/122/122 174/174/174
f 178/178/178 139/139/139 175/175/175
f 182/182/182 142/142/142 184/184/184
f 185/185/185 145/145/145 187/187/187
f 193/193/193 153/153/153 188/188/188
f 190/190/190 151/151/151 194/194/194
f 202/202/202 162/162/162 192/192/192
f 224/224/224 175/175/175 217/217/217
f 226/226/226 177/177/177 229/229/229
f 228/228/228 179/179/179 231/231/231
f 231/231/231 182/182/182 233/233/233
f 235/235/235 186/186/186 232/232/232
f 236/236/236 187/187/187 238/238/238
f 241/241/241 193/193/193 237/237/237
f 240/240/240 191/191/191 243/243/243
f 250/250/250 203/203/203 241/241/241
f 255/255/255 206/206/206 247/247/247
f 272/272/272 223/223/223 261/261/261
f 263/263/263 218/218/218 276/276/276
f 277/277/277 227/227/227 273/273/273
f 275/275/275 225/225/225 279/279/279
f 279/279/279 228/228/228 282/282/282
f 290/290/290 237/237/237 287/287/287
f 289/289/289 236/236/236 291/291/291
f 293/293/293 241/241/241 290/290/290
f 320/320/320 272/272/272 308/308/308
f 310/310/310 262/262/262 323/323/323
f 324/324/324 277/277/277 321/321/321
f 322/322/322 274/274/274 325/325/325
f 328/328/328 283/283/283 326/326/326
f 331/331/331 287/287/287 328/328/328
f 340/340/340 293/293/293 335/335/335
f 356/356/356 309/309/309 369/369/369
f 370/370/370 324/324/324 368/368/368
f 371/371/371 325/325/325 373/373/373
f 374/374/374 328/328/328 372/372/372
f 377/377/377 331/331/331 374/374/374
f 397/397/397 343/343/343 405/405/405
f 412/412/412 354/354/354 417/417/417
f 415/415/415 356/356/356 428/428/428
f 430/430/430 370/370/370 427/427/427
f 433/433/433 372/372/372 430/430/430
f 431/431/431 371/371/371 434/434/434
f 434/434/434 373/373/373 437/437/437
f 437/437/437 375/375/375 441/441/441
f 451/451/451 389/389/389 456/456/456
f 456/456/456 400/400/400 458/458/458
f 461/461/461 411/411/411 467/467/467
f 466/466/466 415/415/415 476/476/476
f 478/478/478 429/429/429 475/475/475
f 481/481/481 432/432/432 478/478/478
f 482/482/482 434/434/434 485/485/485
f 509/509/509 460/460/460 520/520/520
f 520/520/520 466/466/466 527/527/527
f 528/528/528 477/477/477 526/526/526
f 527/527/527 476/476/476 530/530/530
f 531/531/531 480/480/480 528/528/528
f 530/530/530 479/479/479 533/533/533
f 535/535/535 485/485/485 537/537/537
f 539/539/539 490/490/490 536/536/536
f 544/544/544 500/500/500 538/538/538
f 569/569/569 527/527/527 572/572/572
f 574/574/574 532/532/532 571/571/571
f 576/576/576 534/534/534 573/573/573
f 579/579/579 536/536/536 576/576/576
f 578/578/578 535/535/535 581/581/581
f 583/583/583 539/539/539 579/579/579
f 581/581/581 537/537/537 584/584/584
f 586/586/586 544/544/544 582/582/582
f 597/597/597 554/554/554 586/586/586
f 616/616/616 574/574/574 614/614/614
f 618/618/618 577/577/577 616/616/616
f 621/621/621 580/580/580 618/618/618
f 619/619/619 578/578/578 622/622/622
f 623/623/623 583/583/583 620/620/620
f 622/622/622 581/581/581 625/625/625
f 629/629/629 587/587/587 623/623/623
f 626/626/626 585/585/585 630/630/630
f 638/638/638 597/597/597 628/628/628
f 656/656/656 616/616/616 654/654/654
f 655/655/655 615/615/615 657/657/657
f 657/657/657 617/617/617 659/659/659
f 659/659/659 619/619/619 661/661/661
f 664/664/664 624/624/624 660/660/660
f 661/661/661 622/622/622 665/665/665
f 670/670/670 629/629/629 663/663/663
f 667/667/667 627/627/627 671/671/671
f 678/678/678 638/638/638 669/669/669
f 696/696/696 654/654/654 693/693/693
f 697/697/697 655/655/655 700/700/700
f 700/700/700 657/657/657 703/703/703
f 705/705/705 660/660/660 702/702/702
f 703/703/703 659/659/659 706/706/706
f 707/707/707 662/662/662 711/711/711
f 715/715/715 670/670/670 709/709/709
f 713/713/713 668/668/668 716/716/716
f 722/722/722 678/678/678 714/714/714
f 734/734/734 692/692/692 731/731/731
f 737/737/737 696/696/696 735/735/735
f 736/736/736 695/695/695 738/738/738
f 738/738/738 698/698/698 740/740/740
f 741/741/741 702/702/702 739/739/739
f 742/742/742 704/704/704 744/744/744
f 747/747/747 710/710/710 743/743/743
f 745/745/745 708/708/708 748/748/748
f 751/751/751 715/715/715 746/746/746
f 758/758/758 722/722/722 750/750/750
f 49/49/49 46/46/46 50/50/50
f 53/53/53 51/51/51 54/54/54
f 59/59/59 57/57/57 60/60/60
f 62/62/62 60/60/60 63/63/63
f 135/135/135 132/132/132 136/136/136
f 138/138/138 133/133/133 137/137/137
f 180/180/180 176/176/176 179/179/179
f 204/204/204 199/199/199 205/205/205
f 219/219/219 207/207/207 218/218/218
f 221/221/221 209/209/209 220/220/220
f 242/242/242 240/240/240 243/243/243
f 251/251/251 245/245/245 252/252/252
f 252/252/252 246/246/246 253/253/253
f 268/268/268 256/256/256 267/267/267
f 271/271/271 259/259/259 270/270/270
f 284/284/284 282/282/282 285/285/285
f 288/288/288 286/286/286 289/289/289
f 301/301/301 296/296/296 302/302/302
f 332/332/332 330/330/330 333/333/333
f 336/336/336 334/334/334 337/337/337
f 341/341/341 338/338/338 342/342/342
f 347/347/347 339/339/339 346/346/346
f 358/358/358 355/355/355 359/359/359
f 381/381/381 376/376/376 380/380/380
f 382/382/382 379/379/379 383/383/383
f 394/394/394 380/380/380 393/393/393
f 398/398/398 386/386/386 397/397/397
f 399/399/399 387/387/387 398/398/398
f 404/404/404 392/392/392 403/403/403
f 407/407/407 398/398/398 406/406/406
f 408/408/408 399/399/399 407/407/407
f 410/410/410 401/401/401 409/409/409
f 418/418/418 414/414/414 419/419/419
f 433/433/433 429/429/429 432/432/432
f 440/440/440 435/435/435 439/439/439
f 443/443/443 438/438/438 442/442/442
f 455/455/455 442/442/442 454/454/454
f 459/459/459 456/456/456 458/458/458
f 468/468/468 465/465/465 469/469/469
f 487/487/487 483/483/483 486/486/486
f 501/501/501 489/489/489 500/500/500
f 502/502/502 494/494/494 503/503/503
f 503/503/503 495/495/495 504/504/504
f 506/506/506 498/498/498 507/507/507
f 521/521/521 515/515/515 522/522/522
f 523/523/523 517/517/517 524/524/524
f 525/525/525 519/519/519 526/526/526
f 545/545/545 541/541/541 546/546/546
f 546/546/546 542/542/542 547/547/547
f 570/570/570 568/568/568 571/571/571
f 610/610/610 598/598/598 609/609/609
f 691/691/691 679/679/679 690/690/690
f 695/695/695 689/689/689 694/694/694
f 701/701/701 697/697/697 700/700/700
f 704/704/704 700/700/700 703/703/703
f 38/38/38 1/1/1 37/37/37
f 40/40/40 3/3/3 39/39/39
f 41/41/41 4/4/4 40/40/40
f 42/42/42 5/5/5 41/41/41
f 43/43/43 6/6/6 42/42/42
f 44/44/44 7/7/7 43/43/43
f 66/66/66 25/25/25 67/67/67
f 69/69/69 27/27/27 70/70/70
f 71/71/71 29/29/29 72/72/72
f 74/74/74 31/31/31 75/75/75
f 76/76/76 33/33/33 77/77/77
f 79/79/79 36/36/36 80/80/80
f 82/82/82 37/37/37 81/81/81
f 83/83/83 38/38/38 82/82/82
f 85/85/85 40/40/40 84/84/84
f 88/88/88 43/43/43 87/87/87
f 89/89/89 44/44/44 88/88/88
f 103/103/103 65/65/65 104/104/104
f 105/105/105 68/68/68 106/106/106
f 109/109/109 72/72/72 110/110/110
f 110/110/110 73/73/73 111/111/111
f 118/118/118 80/80/80 119/119/119
f 124/124/124 82/82/82 123/123/123
f 130/130/130 88/88/88 129/129/129
f 147/147/147 104/104/104 148/148/148
f 150/150/150 108/108/108 151/151/151
f 152/152/152 112/112/112 153/153/153
f 154/154/154 114/114/114 155/155/155
f 157/157/157 117/117/117 158/158/158
f 160/160/160 120/120/120 161/161/161
f 161/161/161 121/121/121 162/162/162
f 165/165/165 123/123/123 164/164/164
f 166/166/166 124/124/124 165/165/165
f 172/172/172 130/130/130 171/171/171
f 184/184/184 145/145/145 185/185/185
f 189/189/189 151/151/151 190/190/190
f 192/192/192 153/153/153 193/193/193
f 194/194/194 155/155/155 195/195/195
f 197/197/197 158/158/158 198/198/198
f 199/199/199 160/160/160 200/200/200
f 201/201/201 162/162/162 202/202/202
f 209/209/209 164/164/164 208/208/208
f 210/210/210 165/165/165 209/209/209
f 212/212/212 167/167/167 211/211/211
f 217/217/217 172/172/172 216/216/216
f 229/229/229 179/179/179 228/228/228
f 243/243/243 196/196/196 244/244/244
f 247/247/247 201/201/201 248/248/248
f 249/249/249 203/203/203 250/250/250
f 254/254/254 206/206/206 255/255/255
f 261/261/261 215/215/215 260/260/260
f 273/273/273 223/223/223 272/272/272
f 276/276/276 225/225/225 275/275/275
f 295/295/295 244/244/244 296/296/296
f 297/297/297 248/248/248 298/298/298
f 299/299/299 250/250/250 300/300/300
f 304/304/304 254/254/254 305/305/305
f 305/305/305 255/255/255 306/306/306
f 311/311/311 262/262/262 310/310/310
f 315/315/315 266/266/266 314/314/314
f 321/321/321 272/272/272 320/320/320
f 323/323/323 274/274/274 322/322/322
f 344/344/344 298/298/298 345/345/345
f 345/345/345 299/299/299 346/346/346
f 349/349/349 303/303/303 350/350/350
f 351/351/351 305/305/305 352/352/352
f 352/352/352 306/306/306 353/353/353
f 357/357/357 309/309/309 356/356/356
f 361/361/361 313/313/313 360/360/360
f 362/362/362 314/314/314 361/361/361
f 364/364/364 316/316/316 363/363/363
f 365/365/365 317/317/317 364/364/364
f 366/366/366 318/318/318 365/365/365
f 396/396/396 343/343/343 397/397/397
f 405/405/405 349/349/349 406/406/406
f 406/406/406 350/350/350 407/407/407
f 407/407/407 351/351/351 408/408/408
f 417/417/417 357/357/357 416/416/416
f 423/423/423 363/363/363 422/422/422
f 427/427/427 367/367/367 426/426/426
f 446/446/446 385/385/385 447/447/447
f 447/447/447 386/386/386 448/448/448
f 448/448/448 387/387/387 449/449/449
f 450/450/450 389/389/389 451/451/451
f 453/453/453 392/392/392 454/454/454
f 458/458/458 409/409/409 459/459/459
f 462/462/462 411/411/411 461/461/461
f 467/467/467 415/415/415 466/466/466
f 471/471/471 421/421/421 470/470/470
f 475/475/475 425/425/425 474/474/474
f 491/491/491 445/445/445 492/492/492
f 492/492/492 446/446/446 493/493/493
f 496/496/496 450/450/450 497/497/497
f 498/498/498 452/452/452 499/499/499
f 510/510/510 460/460/460 509/509/509
f 511/511/511 461/461/461 510/510/510
f 513/513/513 463/463/463 512/512/512
f 526/526/526 473/473/473 525/525/525
f 548/548/548 504/504/504 549/549/549
f 550/550/550 506/506/506 551/551/551
f 552/552/552 508/508/508 553/553/553
f 560/560/560 513/513/513 559/559/559
f 561/561/561 514/514/514 560/560/560
f 563/563/563 516/516/516 562/562/562
f 564/564/564 517/517/517 563/563/563
f 573/573/573 532/532/532 574/574/574
f 582/582/582 539/539/539 583/583/583
f 588/588/588 546/546/546 589/589/589
f 591/591/591 549/549/549 592/592/592
f 593/593/593 551/551/551 594/594/594
f 595/595/595 553/553/553 596/596/596
f 596/596/596 554/554/554 597/597/597
f 600/600/600 556/556/556 599/599/599
f 606/606/606 562/562/562 605/605/605
f 607/607/607 563/563/563 606/606/606
f 620/620/620 580/580/580 621/621/621
f 625/625/625 585/585/585 626/626/626
f 628/628/628 587/587/587 629/629/629
f 630/630/630 590/590/590 631/631/631
f 634/634/634 594/594/594 635/635/635
f 637/637/637 597/597/597 638/638/638
f 641/641/641 600/600/600 640/640/640
f 645/645/645 604/604/604 644/644/644
f 646/646/646 605/605/605 645/645/645
f 647/647/647 606/606/606 646/646/646
f 648/648/648 607/607/607 647/647/647
f 663/663/663 624/624/624 664/664/664
f 665/665/665 626/626/626 666/666/666
f 666/666/666 627/627/627 667/667/667
f 671/671/671 632/632/632 672/672/672
f 677/677/677 638/638/638 678/678/678
f 681/681/681 640/640/640 680/680/680
f 682/682/682 641/641/641 681/681/681
f 685/685/685 644/644/644 684/684/684
f 686/686/686 645/645/645 685/685/685
f 687/687/687 646/646/646 686/686/686
f 688/688/688 647/647/647 687/687/687
f 706/706/706 662/662/662 707/707/707
f 709/709/709 664/664/664 710/710/710
f 711/711/711 667/667/667 712/712/712
f 712/712/712 668/668/668 713/713/713
f 716/716/716 673/673/673 717/717/717
f 725/725/725 681/681/681 724/724/724
f 726/726/726 682/682/682 725/725/725
f 727/727/727 683/683/683 726/726/726
f 728/728/728 684/684/684 727/727/727
f 729/729/729 685/685/685 728/728/728
f 731/731/731 687/687/687 730/730/730
f 744/744/744 708/708/708 745/745/745
f 748/748/748 713/713/713 749/749/749
f 752/752/752 717/717/717 753/753/753
f 756/756/756 721/721/721 757/757/757
f 49/49/49 9/9/9 45/45/45
f 53/53/53 13/13/13 50/50/50
f 56/56/56 15/15/15 53/53/53
f 55/55/55 18/18/18 58/58/58
f 59/59/59 17/17/17 56/56/56
f 58/58/58 20/20/20 61/61/61
f 62/62/62 19/19/19 59/59/59
f 61/61/61 22/22/22 64/64/64
f 70/70/70 30/30/30 74/74/74
f 80/80/80 28/28/28 71/71/71
f 81/81/81 48/48/48 92/92/92
f 93/93/93 46/46/46 90/90/90
f 91/91/91 52/52/52 95/95/95
f 96/96/96 51/51/51 94/94/94
f 95/95/95 55/55/55 97/97/97
f 98/98/98 54/54/54 96/96/96
f 101/101/101 64/64/64 103/103/103
f 108/108/108 74/74/74 113/113/113
f 122/122/122 92/92/92 134/134/134
f 135/135/135 90/90/90 131/131/131
f 133/133/133 95/95/95 137/137/137
f 139/139/139 94/94/94 136/136/136
f 143/143/143 98/98/98 141/141/141
f 142/142/142 101/101/101 144/144/144
f 151/151/151 113/113/113 154/154/154
f 175/175/175 132/132/132 173/173/173
f 174/174/174 138/138/138 177/177/177
f 176/176/176 140/140/140 179/179/179
f 181/181/181 139/139/139 178/178/178
f 179/179/179 142/142/142 182/182/182
f 183/183/183 141/141/141 181/181/181
f 186/186/186 143/143/143 183/183/183
f 188/188/188 146/146/146 186/186/186
f 187/187/187 150/150/150 189/189/189
f 207/207/207 174/174/174 218/218/218
f 218/218/218 177/177/177 226/226/226
f 227/227/227 175/175/175 224/224/224
f 230/230/230 178/178/178 227/227/227
f 232/232/232 181/181/181 230/230/230
f 234/234/234 187/187/187 236/236/236
f 237/237/237 186/186/186 235/235/235
f 246/246/246 204/204/204 253/253/253
f 256/256/256 222/222/222 267/267/267
f 280/280/280 227/227/227 277/277/277
f 283/283/283 230/230/230 280/280/280
f 282/282/282 233/233/233 285/285/285
f 287/287/287 232/232/232 283/283/283
f 286/286/286 236/236/236 289/289/289
f 292/292/292 242/242/242 294/294/294
f 300/300/300 241/241/241 293/293/293
f 296/296/296 251/251/251 302/302/302
f 306/306/306 247/247/247 297/297/297
f 307/307/307 271/271/271 319/319/319
f 326/326/326 277/277/277 324/324/324
f 325/325/325 281/281/281 327/327/327
f 327/327/327 284/284/284 329/329/329
f 330/330/330 288/288/288 333/333/333
f 335/335/335 287/287/287 331/331/331
f 334/334/334 291/291/291 337/337/337
f 338/338/338 294/294/294 342/342/342
f 347/347/347 293/293/293 340/340/340
f 343/343/343 301/301/301 348/348/348
f 353/353/353 297/297/297 344/344/344
f 369/369/369 325/325/325 371/371/371
f 372/372/372 324/324/324 370/370/370
f 373/373/373 329/329/329 375/375/375
f 375/375/375 332/332/332 378/378/378
f 381/381/381 331/331/331 377/377/377
f 379/379/379 336/336/336 383/383/383
f 394/394/394 335/335/335 381/381/381
f 384/384/384 341/341/341 395/395/395
f 404/404/404 339/339/339 393/393/393
f 410/410/410 344/344/344 402/402/402
f 418/418/418 355/355/355 413/413/413
f 428/428/428 371/371/371 431/431/431
f 436/436/436 372/372/372 433/433/433
f 440/440/440 374/374/374 436/436/436
f 443/443/443 376/376/376 439/439/439
f 441/441/441 382/382/382 444/444/444
f 455/455/455 380/380/380 443/443/443
f 457/457/457 390/390/390 452/452/452
f 459/459/459 401/401/401 457/457/457
f 468/468/468 414/414/414 464/464/464
f 476/476/476 431/431/431 479/479/479
f 479/479/479 434/434/434 482/482/482
f 484/484/484 432/432/432 481/481/481
f 487/487/487 435/435/435 484/484/484
f 485/485/485 441/441/441 488/488/488
f 490/490/490 438/438/438 486/486/486
f 488/488/488 444/444/444 491/491/491
f 501/501/501 442/442/442 490/490/490
f 521/521/521 465/465/465 514/514/514
f 534/534/534 480/480/480 531/531/531
f 533/533/533 485/485/485 535/535/535
f 536/536/536 483/483/483 534/534/534
f 537/537/537 491/491/491 540/540/540
f 542/542/542 502/502/502 547/547/547
f 553/553/553 499/499/499 543/543/543
f 555/555/555 520/520/520 566/566/566
f 567/567/567 519/519/519 565/565/565
f 566/566/566 527/527/527 569/569/569
f 570/570/570 526/526/526 567/567/567
f 572/572/572 533/533/533 575/575/575
f 575/575/575 535/535/535 578/578/578
f 584/584/584 545/545/545 588/588/588
f 598/598/598 566/566/566 609/609/609
f 611/611/611 565/565/565 608/608/608
f 609/609/609 569/569/569 613/613/613
f 614/614/614 568/568/568 612/612/612
f 613/613/613 572/572/572 615/615/615
f 615/615/615 575/575/575 617/617/617
f 617/617/617 578/578/578 619/619/619
f 639/639/639 610/610/610 650/650/650
f 651/651/651 608/608/608 648/648/648
f 649/649/649 613/613/613 653/653/653
f 654/654/654 612/612/612 652/652/652
f 653/653/653 615/615/615 655/655/655
f 658/658/658 616/616/616 656/656/656
f 660/660/660 618/618/618 658/658/658
f 679/679/679 650/650/650 690/690/690
f 692/692/692 648/648/648 688/688/688
f 689/689/689 653/653/653 694/694/694
f 694/694/694 655/655/655 697/697/697
f 699/699/699 654/654/654 696/696/696
f 702/702/702 656/656/656 699/699/699
f 710/710/710 660/660/660 705/705/705
f 723/723/723 691/691/691 733/733/733
f 732/732/732 695/695/695 736/736/736
f 739/739/739 696/696/696 737/737/737
f 740/740/740 704/704/704 742/742/742
f 743/743/743 702/702/702 741/741/741
f 749/749/749 716/716/716 752/752/752
f 49/49/49 45/45/45 46/46/46
f 53/53/53 50/50/50 51/51/51
f 59/59/59 56/56/56 57/57/57
f 62/62/62 59/59/59 60/60/60
f 135/135/135 131/131/131 132/132/132
f 138/138/138 134/134/134 133/133/133
f 180/180/180 177/177/177 176/176/176
f 204/204/204 198/198/198 199/199/199
f 219/219/219 208/208/208 207/207/207
f 221/221/221 210/210/210 209/209/209
f 242/242/242 239/239/239 240/240/240
f 251/251/251 244/244/244 245/245/245
f 252/252/252 245/245/245 246/246/246
f 268/268/268 257/257/257 256/256/256
f 271/271/271 260/260/260 259/259/259
f 284/284/284 281/281/281 282/282/282
f 288/288/288 285/285/285 286/286/286
f 301/301/301 295/295/295 296/296/296
f 332/332/332 329/329/329 330/330/330
f 336/336/336 333/333/333 334/334/334
f 341/341/341 337/337/337 338/338/338
f 347/347/347 340/340/340 339/339/339
f 358/358/358 354/354/354 355/355/355
f 381/381/381 377/377/377 376/376/376
f 382/382/382 378/378/378 379/379/379
f 394/394/394 381/381/381 380/380/380
f 398/398/398 387/387/387 386/386/386
f 399/399/399 388/388/388 387/387/387
f 404/404/404 393/393/393 392/392/392
f 407/407/407 399/399/399 398/398/398
f 408/408/408 400/400/400 399/399/399
f 410/410/410 402/402/402 401/401/401
f 418/418/418 413/413/413 414/414/414
f 433/433/433 430/430/430 429/429/429
f 440/440/440 436/436/436 435/435/435
f 443/443/443 439/439/439 438/438/438
f 455/455/455 443/443/443 442/442/442
f 459/459/459 457/457/457 456/456/456
f 468/468/468 464/464/464 465/465/465
f 487/487/487 484/484/484 483/483/483
f 501/501/501 490/490/490 489/489/489
f 502/502/502 493/493/493 494/494/494
f 503/503/503 494/494/494 495/495/495
f 506/506/506 497/497/497 498/498/498
f 521/521/521 514/514/514 515/515/515
f 523/523/523 516/516/516 517/517/517
f 525/525/525 518/518/518 519/519/519
f 545/545/545 540/540/540 541/541/541
f 546/546/546 541/541/541 542/542/542
f 570/570/570 567/567/567 568/568/568
f 610/610/610 599/599/599 598/598/598
f 691/691/691 680/680/680 679/679/679
f 695/695/695 690/690/690 689/689/689
f 701/701/701 698/698/698 697/697/697
f 704/704/704 701/701/701 700/700/700
f 38/38/38 2/2/2 1/1/1
f 40/40/40 4/4/4 3/3/3
f 41/41/41 5/5/5 4/4/4
f 42/42/42 6/6/6 5/5/5
f 43/43/43 7/7/7 6/6/6
f 44/44/44 8/8/8 7/7/7
f 66/66/66 24/24/24 25/25/25
f 69/69/69 26/26/26 27/27/27
f 71/71/71 28/28/28 29/29/29
f 74/74/74 30/30/30 31/31/31
f 76/76/76 32/32/32 33/33/33
f 79/79/79 35/35/35 36/36/36
f 82/82/82 38/38/38 37/37/37
f 83/83/83 39/39/39 38/38/38
f 85/85/85 41/41/41 40/40/40
f 88/88/88 44/44/44 43/43/43
f 89/89/89 45/45/45 44/44/44
f 103/103/103 64/64/64 65/65/65
f 105/105/105 67/67/67 68/68/68
f 109/109/109 71/71/71 72/72/72
f 110/110/110 72/72/72 73/73/73
f 118/118/118 79/79/79 80/80/80
f 124/124/124 83/83/83 82/82/82
f 130/130/130 89/89/89 88/88/88
f 147/147/147 103/103/103 104/104/104
f 150/150/150 107/107/107 108/108/108
f 152/152/152 111/111/111 112/112/112
f 154/154/154 113/113/113 114/114/114
f 157/157/157 116/116/116 117/117/117
f 160/160/160 119/119/119 120/120/120
f 161/161/161 120/120/120 121/121/121
f 165/165/165 124/124/124 123/123/123
f 166/166/166 125/125/125 124/124/124
f 172/172/172 131/131/131 130/130/130
f 184/184/184 144/144/144 145/145/145
f 189/189/189 150/150/150 151/151/151
f 192/192/192 152/152/152 153/153/153
f 194/194/194 154/154/154 155/155/155
f 197/197/197 157/157/157 158/158/158
f 199/199/199 159/159/159 160/160/160
f 201/201/201 161/161/161 162/162/162
f 209/209/209 165/165/165 164/164/164
f 210/210/210 166/166/166 165/165/165
f 212/212/212 168/168/168 167/167/167
f 217/217/217 173/173/173 172/172/172
f 229/229/229 180/180/180 179/179/179
f 243/243/243 195/195/195 196/196/196
f 247/247/247 200/200/200 201/201/201
f 249/249/249 202/202/202 203/203/203
f 254/254/254 205/205/205 206/206/206
f 261/261/261 216/216/216 215/215/215
f 273/273/273 224/224/224 223/223/223
f 276/276/276 226/226/226 225/225/225
f 295/295/295 243/243/243 244/244/244
f 297/297/297 247/247/247 248/248/248
f 299/299/299 249/249/249 250/250/250
f 304/304/304 253/253/253 254/254/254
f 305/305/305 254/254/254 255/255/255
f 311/311/311 263/263/263 262/262/262
f 315/315/315 267/267/267 266/266/266
f 321/321/321 273/273/273 272/272/272
f 323/323/323 275/275/275 274/274/274
f 344/344/344 297/297/297 298/298/298
f 345/345/345 298/298/298 299/299/299
f 349/349/349 302/302/302 303/303/303
f 351/351/351 304/304/304 305/305/305
f 352/352/352 305/305/305 306/306/306
f 357/357/357 310/310/310 309/309/309
f 361/361/361 314/314/314 313/313/313
f 362/362/362 315/315/315 314/314/314
f 364/364/364 317/317/317 316/316/316
f 365/365/365 318/318/318 317/317/317
f 366/366/366 319/319/319 318/318/318
f 396/396/396 342/342/342 343/343/343
f 405/405/405 348/348/348 349/349/349
f 406/406/406 349/349/349 350/350/350
f 407/407/407 350/350/350 351/351/351
f 417/417/417 358/358/358 357/357/357
f 423/423/423 364/364/364 363/363/363
f 427/427/427 368/368/368 367/367/367
f 446/446/446 384/384/384 385/385/385
f 447/447/447 385/385/385 386/386/386
f 448/448/448 386/386/386 387/387/387
f 450/450/450 388/388/388 389/389/389
f 453/453/453 391/391/391 392/392/392
f 458/458/458 408/408/408 409/409/409
f 462/462/462 412/412/412 411/411/411
f 467/467/467 416/416/416 415/415/415
f 471/471/471 422/422/422 421/421/421
f 475/475/475 426/426/426 425/425/425
f 491/491/491 444/444/444 445/445/445
f 492/492/492 445/445/445 446/446/446
f 496/496/496 449/449/449 450/450/450
f 498/498/498 451/451/451 452/452/452
f 510/510/510 461/461/461 460/460/460
f 511/511/511 462/462/462 461/461/461
f 513/513/513 464/464/464 463/463/463
f 526/526/526 474/474/474 473/473/473
f 548/548/548 503/503/503 504/504/504
f 550/550/550 505/505/505 506/506/506
f 552/552/552 507/507/507 508/508/508
f 560/560/560 514/514/514 513/513/513
f 561/561/561 515/515/515 514/514/514
f 563/563/563 517/517/517 516/516/516
f 564/564/564 518/518/518 517/517/517
f 573/573/573 531/531/531 532/532/532
f 582/582/582 538/538/538 539/539/539
f 588/588/588 545/545/545 546/546/546
f 591/591/591 548/548/548 549/549/549
f 593/593/593 550/550/550 551/551/551
f 595/595/595 552/552/552 553/553/553
f 596/596/596 553/553/553 554/554/554
f 600/600/600 557/557/557 556/556/556
f 606/606/606 563/563/563 562/562/562
f 607/607/607 564/564/564 563/563/563
f 620/620/620 579/579/579 580/580/580
f 625/625/625 584/584/584 585/585/585
f 628/628/628 586/586/586 587/587/587
f 630/630/630 589/589/589 590/590/590
f 634/634/634 593/593/593 594/594/594
f 637/637/637 596/596/596 597/597/597
f 641/641/641 601/601/601 600/600/600
f 645/645/645 605/605/605 604/604/604
f 646/646/646 606/606/606 605/605/605
f 647/647/647 607/607/607 606/606/606
f 648/648/648 608/608/608 607/607/607
f 663/663/663 623/623/623 624/624/624
f 665/665/665 625/625/625 626/626/626
f 666/666/666 626/626/626 627/627/627
f 671/671/671 631/631/631 632/632/632
f 677/677/677 637/637/637 638/638/638
f 681/681/681 641/641/641 640/640/640
f 682/682/682 642/642/642 641/641/641
f 685/685/685 645/645/645 644/644/644
f 686/686/686 646/646/646 645/645/645
f 687/687/687 647/647/647 646/646/646
f 688/688/688 648/648/648 647/647/647
f 706/706/706 661/661/661 662/662/662
f 709/709/709 663/663/663 664/664/664
f 711/711/711 666/666/666 667/667/667
f 712/712/712 667/667/667 668/668/668
f 716/716/716 672/672/672 673/673/673
f 725/725/725 682/682/682 681/681/681
f 726/726/726 683/683/683 682/682/682
f 727/727/727 684/684/684 683/683/683
f 728/728/728 685/685/685 684/684/684
f 729/729/729 686/686/686 685/685/685
f 731/731/731 688/688/688 687/687/687
f 744/744/744 707/707/707 708/708/708
f 748/748/748 712/712/712 713/713/713
f 752/752/752 716/716/716 717/717/717
f 756/756/756 720/720/720 721/721/721
f 49/49/49 12/12/12 9/9/9
f 53/53/53 15/15/15 13/13/13
f 56/56/56 17/17/17 15/15/15
f 55/55/55 16/16/16 18/18/18
f 59/59/59 19/19/19 17/17/17
f 58/58/58 18/18/18 20/20/20
f 62/62/62 21/21/21 19/19/19
f 61/61/61 20/20/20 22/22/22
f 70/70/70 27/27/27 30/30/30
f 80/80/80 36/36/36 28/28/28
f 81/81/81 37/37/37 48/48/48
f 93/93/93 50/50/50 46/46/46
f 91/91/91 47/47/47 52/52/52
f 96/96/96 54/54/54 51/51/51
f 95/95/95 52/52/52 55/55/55
f 98/98/98 57/57/57 54/54/54
f 101/101/101 61/61/61 64/64/64
f 108/108/108 70/70/70 74/74/74
f 122/122/122 81/81/81 92/92/92
f 135/135/135 93/93/93 90/90/90
f 133/133/133 91/91/91 95/95/95
f 139/139/139 96/96/96 94/94/94
f 143/143/143 100/100/100 98/98/98
f 142/142/142 99/99/99 101/101/101
f 151/151/151 108/108/108 113/113/113
f 175/175/175 136/136/136 132/132/132
f 174/174/174 134/134/134 138/138/138
f 176/176/176 137/137/137 140/140/140
f 181/181/181 141/141/141 139/139/139
f 179/179/179 140/140/140 142/142/142
f 183/183/183 143/143/143 141/141/141
f 186/186/186 146/146/146 143/143/143
f 188/188/188 149/149/149 146/146/146
f 187/187/187 148/148/148 150/150/150
f 207/207/207 163/163/163 174/174/174
f 218/218/218 174/174/174 177/177/177
f 227/227/227 178/178/178 175/175/175
f 230/230/230 181/181/181 178/178/178
f 232/232/232 183/183/183 181/181/181
f 234/234/234 185/185/185 187/187/187
f 237/237/237 188/188/188 186/186/186
f 246/246/246 198/198/198 204/204/204
f 256/256/256 211/211/211 222/222/222
f 280/280/280 230/230/230 227/227/227
f 283/283/283 232/232/232 230/230/230
f 282/282/282 231/231/231 233/233/233
f 287/287/287 235/235/235 232/232/232
f 286/286/286 234/234/234 236/236/236
f 292/292/292 239/239/239 242/242/242
f 300/300/300 250/250/250 241/241/241
f 296/296/296 244/244/244 251/251/251
f 306/306/306 255/255/255 247/247/247
f 307/307/307 260/260/260 271/271/271
f 326/326/326 280/280/280 277/277/277
f 325/325/325 278/278/278 281/281/281
f 327/327/327 281/281/281 284/284/284
f 330/330/330 285/285/285 288/288/288
f 335/335/335 290/290/290 287/287/287
f 334/334/334 289/289/289 291/291/291
f 338/338/338 292/292/292 294/294/294
f 347/347/347 300/300/300 293/293/293
f 343/343/343 295/295/295 301/301/301
f 353/353/353 306/306/306 297/297/297
f 369/369/369 322/322/322 325/325/325
f 372/372/372 326/326/326 324/324/324
f 373/373/373 327/327/327 329/329/329
f 375/375/375 329/329/329 332/332/332
f 381/381/381 335/335/335 331/331/331
f 379/379/379 333/333/333 336/336/336
f 394/394/394 340/340/340 335/335/335
f 384/384/384 337/337/337 341/341/341
f 404/404/404 346/346/346 339/339/339
f 410/410/410 353/353/353 344/344/344
f 418/418/418 359/359/359 355/355/355
f 428/428/428 369/369/369 371/371/371
f 436/436/436 374/374/374 372/372/372
f 440/440/440 377/377/377 374/374/374
f 443/443/443 380/380/380 376/376/376
f 441/441/441 378/378/378 382/382/382
f 455/455/455 393/393/393 380/380/380
f 457/457/457 401/401/401 390/390/390
f 459/459/459 409/409/409 401/401/401
f 468/468/468 419/419/419 414/414/414
f 476/476/476 428/428/428 431/431/431
f 479/479/479 431/431/431 434/434/434
f 484/484/484 435/435/435 432/432/432
f 487/487/487 439/439/439 435/435/435
f 485/485/485 437/437/437 441/441/441
f 490/490/490 442/442/442 438/438/438
f 488/488/488 441/441/441 444/444/444
f 501/501/501 454/454/454 442/442/442
f 521/521/521 469/469/469 465/465/465
f 534/534/534 483/483/483 480/480/480
f 533/533/533 482/482/482 485/485/485
f 536/536/536 486/486/486 483/483/483
f 537/537/537 488/488/488 491/491/491
f 542/542/542 493/493/493 502/502/502
f 553/553/553 508/508/508 499/499/499
f 555/555/555 509/509/509 520/520/520
f 567/567/567 526/526/526 519/519/519
f 566/566/566 520/520/520 527/527/527
f 570/570/570 528/528/528 526/526/526
f 572/572/572 530/530/530 533/533/533
f 575/575/575 533/533/533 535/535/535
f 584/584/584 540/540/540 545/545/545
f 598/598/598 555/555/555 566/566/566
f 611/611/611 567/567/567 565/565/565
f 609/609/609 566/566/566 569/569/569
f 614/614/614 571/571/571 568/568/568
f 613/613/613 569/569/569 572/572/572
f 615/615/615 572/572/572 575/575/575
f 617/617/617 575/575/575 578/578/578
f 639/639/639 599/599/599 610/610/610
f 651/651/651 611/611/611 608/608/608
f 649/649/649 609/609/609 613/613/613
f 654/654/654 614/614/614 612/612/612
f 653/653/653 613/613/613 615/615/615
f 658/658/658 618/618/618 616/616/616
f 660/660/660 621/621/621 618/618/618
f 679/679/679 639/639/639 650/650/650
f 692/692/692 651/651/651 648/648/648
f 689/689/689 649/649/649 653/653/653
f 694/694/694 653/653/653 655/655/655
f 699/699/699 656/656/656 654/654/654
f 702/702/702 658/658/658 656/656/656
f 710/710/710 664/664/664 660/660/660
f 723/723/723 680/680/680 691/691/691
f 732/732/732 690/690/690 695/695/695
f 739/739/739 699/699/699 696/696/696
f 740/740/740 701/701/701 704/704/704
f 743/743/743 705/705/705 702/702/702
f 749/749/749 713/713/713 716/716/716
