# Tunnel_Corner - generated by tools/gen_cave_kit.py, do not edit
o Tunnel_Corner
v 4.000000 0.091496 -1.919489
v 4.000000 0.004875 -1.753613
v 4.000000 -0.070247 -1.501229
v 4.000000 -0.098120 -1.250172
v 4.000000 -0.099329 -0.999992
v 4.000000 -0.095274 -0.749996
v 4.000000 -0.091209 -0.499999
v 4.000000 -0.088530 -0.250000
v 4.000000 -0.087622 0.000000
v 4.000000 -0.088530 0.250000
v 4.000000 -0.091209 0.499999
v 4.000000 -0.095274 0.749996
v 4.000000 -0.099329 0.999992
v 4.000000 -0.098120 1.250172
v 4.000000 -0.070247 1.501229
v 4.000000 0.004875 1.753613
v 4.000000 0.091496 1.919489
v 4.000000 0.317166 -2.172955
v 4.000000 0.188267 -2.049113
v 4.000000 0.188267 2.049113
v 4.000000 0.317166 2.172955
v 4.000000 0.495465 -2.285959
v 4.000000 0.495465 2.285959
v 4.000000 0.798838 -2.404002
v 4.000000 0.673667 -2.362310
v 4.000000 0.673667 2.362310
v 4.000000 0.798838 2.404002
v 4.000000 0.999721 -2.451932
v 4.000000 0.999721 2.451932
v 4.000000 1.250109 -2.485965
v 4.000000 1.250109 2.485965
v 4.000000 1.500094 -2.504788
v 4.000000 1.500094 2.504788
v 4.000000 1.750012 -2.510227
v 4.000000 1.750012 2.510227
v 4.000000 1.999939 -2.493611
v 4.000000 1.999939 2.493611
v 4.000000 2.250026 -2.465475
v 4.000000 2.250026 2.465475
v 4.000000 2.500420 -2.427619
v 4.000000 2.500420 2.427619
v 4.000000 2.672789 -2.391326
v 4.000000 2.798610 -2.355959
v 4.000000 2.798610 2.355959
v 4.000000 2.672789 2.391326
v 4.000000 3.004631 -2.272954
v 4.000000 3.004631 2.272954
v 4.000000 3.178755 -2.166593
v 4.000000 3.305588 -2.060221
v 4.000000 3.305588 2.060221
v 4.000000 3.178755 2.166593
v 4.000000 3.426110 -1.932618
v 4.000000 3.552670 -1.764420
v 4.000000 3.552670 1.764420
v 4.000000 3.426110 1.932618
v 4.000000 3.632185 -1.636576
v 4.000000 3.705728 -1.501431
v 4.000000 3.822594 -1.250912
v 4.000000 3.874385 -1.123178
v 4.000000 3.874385 1.123178
v 4.000000 3.822594 1.250912
v 4.000000 3.705728 1.501431
v 4.000000 3.632185 1.636576
v 4.000000 3.919972 -0.998798
v 4.000000 3.995949 -0.750429
v 4.000000 4.050949 -0.500309
v 4.000000 4.083815 -0.250176
v 4.000000 4.094719 0.000000
v 4.000000 4.083815 0.250176
v 4.000000 4.050949 0.500309
v 4.000000 3.995949 0.750429
v 4.000000 3.919972 0.998798
v 3.750000 0.091496 -1.919489
v 3.750000 0.004875 -1.753613
v 3.750000 -0.070247 -1.501229
v 3.750000 -0.098120 -1.250172
v 3.750000 -0.099329 -0.999992
v 3.750000 -0.095274 -0.749996
v 3.750000 -0.091209 -0.499999
v 3.750000 -0.088530 -0.250000
v 3.750000 -0.087622 0.000000
v 3.750000 -0.088530 0.250000
v 3.750000 -0.091209 0.499999
v 3.750000 -0.095274 0.749996
v 3.750000 -0.099329 0.999992
v 3.750000 -0.098120 1.250172
v 3.750000 -0.070247 1.501229
v 3.750000 0.004875 1.753613
v 3.750000 0.091496 1.919489
v 3.750000 0.317166 -2.172955
v 3.750000 0.188267 -2.049113
v 3.750000 0.188267 2.049113
v 3.750000 0.317166 2.172955
v 3.750000 0.495465 -2.285959
v 3.750000 0.495465 2.285959
v 3.750000 0.798838 -2.404002
v 3.750000 0.673667 -2.362310
v 3.750000 0.673667 2.362310
v 3.750000 0.798838 2.404002
v 3.750000 0.999721 -2.451932
v 3.750000 0.999721 2.451932
v 3.750000 1.250109 -2.485965
v 3.750000 1.250109 2.485965
v 3.750000 1.500094 -2.504788
v 3.750000 1.500094 2.504788
v 3.750000 1.750012 -2.510227
v 3.750000 1.750012 2.510227
v 3.750000 1.999939 -2.493611
v 3.750000 1.999939 2.493611
v 3.750000 2.250026 -2.465475
v 3.750000 2.250026 2.465475
v 3.750000 2.500420 -2.427619
v 3.750000 2.500420 2.427619
v 3.750000 2.672789 -2.391326
v 3.750000 2.798610 -2.355959
v 3.750000 2.798610 2.355959
v 3.750000 2.672789 2.391326
v 3.750000 3.004631 -2.272954
v 3.750000 3.004631 2.272954
v 3.750000 3.178755 -2.166593
v 3.750000 3.305588 -2.060221
v 3.750000 3.305588 2.060221
v 3.750000 3.178755 2.166593
v 3.750000 3.426110 -1.932618
v 3.750000 3.552670 -1.764420
v 3.750000 3.552670 1.764420
v 3.750000 3.426110 1.932618
v 3.750000 3.632185 -1.636576
v 3.750000 3.705728 -1.501431
v 3.750000 3.822594 -1.250912
v 3.750000 3.874385 -1.123178
v 3.750000 3.874385 1.123178
v 3.750000 3.822594 1.250912
v 3.750000 3.705728 1.501431
v 3.750000 3.632185 1.636576
v 3.750000 3.919972 -0.998798
v 3.750000 3.995949 -0.750429
v 3.750000 4.050949 -0.500309
v 3.750000 4.083815 -0.250176
v 3.750000 4.094719 0.000000
v 3.750000 4.083815 0.250176
v 3.750000 4.050949 0.500309
v 3.750000 3.995949 0.750429
v 3.750000 3.919972 0.998798
v 3.499999 0.090876 -1.918511
v 3.499999 0.005201 -1.754388
v 3.500000 -0.070209 -1.501430
v 3.500000 -0.098119 -1.250186
v 3.500000 -0.099329 -0.999993
v 3.500000 -0.095274 -0.749998
v 3.500000 -0.091209 -0.500000
v 3.500000 -0.088530 -0.250000
v 3.500000 -0.087622 0.000000
v 3.500000 -0.088530 0.249999
v 3.500000 -0.091209 0.499998
v 3.500000 -0.095274 0.749993
v 3.500000 -0.099329 0.999990
v 3.500000 -0.098121 1.250153
v 3.500000 -0.070318 1.500856
v 3.500001 0.004132 1.751844
v 3.499999 0.093420 1.922507
v 3.499998 0.317639 -2.173334
v 3.499998 0.188231 -2.049071
v 3.500001 0.188230 2.049070
v 3.499998 0.316308 2.172266
v 3.499997 0.493739 -2.285119
v 3.478170 0.527138 2.301896
v 3.380274 0.623992 2.374210
v 3.499998 0.804446 -2.405648
v 3.499998 0.678894 -2.364244
v 3.547845 0.660878 2.357504
v 3.477532 0.749461 2.389692
v 3.499999 0.998930 -2.451785
v 3.499984 1.003110 2.452560
v 3.499999 1.249682 -2.485923
v 3.499980 1.251971 2.486144
v 3.499999 1.499835 -2.504773
v 3.499979 1.501214 2.504853
v 3.499999 1.750145 -2.510223
v 3.499981 1.749496 2.510242
v 3.499999 2.000372 -2.493570
v 3.499980 1.998154 2.493780
v 3.499999 2.250603 -2.465401
v 3.499982 2.247632 2.465783
v 3.499998 2.501200 -2.427478
v 3.499986 2.497293 2.428180
v 3.499998 2.665934 -2.393005
v 3.499998 2.792175 -2.358001
v 3.499990 2.821819 2.348356
v 3.499989 2.697534 2.385071
v 3.499997 3.006491 -2.272020
v 3.499997 2.998139 2.276184
v 3.499998 3.177947 -2.167185
v 3.499998 3.305273 -2.060519
v 3.499998 3.306641 2.059222
v 3.499996 3.180754 2.165123
v 3.499999 3.426491 -1.932169
v 3.499999 3.553220 -1.763599
v 3.499999 3.551509 1.766152
v 3.499998 3.424734 1.934238
v 3.500000 3.632889 -1.635361
v 3.499999 3.705145 -1.502569
v 3.499999 3.822222 -1.251789
v 3.500000 3.875278 -1.120862
v 3.610712 3.874208 1.123638
v 3.516427 3.832394 1.227660
v 3.499999 3.706941 1.499062
v 3.499998 3.630481 1.639513
v 3.500000 3.920830 -0.996321
v 3.500000 3.995846 -0.750823
v 3.500000 4.050917 -0.500492
v 3.500000 4.083811 -0.250218
v 3.500000 4.094719 -0.000000
v 3.500000 4.083821 0.250109
v 3.500000 4.050994 0.500053
v 3.500000 3.996103 0.749848
v 3.516427 3.911133 1.023986
v 3.443858 3.873593 1.128921
v 3.249581 0.104498 -1.901561
v 3.248921 0.022454 -1.753934
v 3.249594 -0.061859 -1.501505
v 3.249943 -0.096118 -1.250275
v 3.250007 -0.100144 -0.999990
v 3.250002 -0.096222 -0.749996
v 3.250000 -0.092101 -0.499999
v 3.250000 -0.089315 -0.250000
v 3.249999 -0.088019 -0.000000
v 3.250000 -0.088398 0.250001
v 3.250000 -0.090470 0.500001
v 3.249998 -0.093982 0.749997
v 3.249994 -0.098039 0.999992
v 3.250021 -0.099803 1.250037
v 3.250534 -0.083525 1.500838
v 3.252128 -0.029658 1.752982
v 3.238477 0.070846 2.000821
v 3.143152 0.113247 2.139476
v 3.249306 0.339126 -2.154152
v 3.247823 0.207257 -2.033273
v 3.310489 0.159864 2.080373
v 3.238190 0.246951 2.242578
v 3.154603 0.344234 2.404247
v 3.248357 0.496523 -2.251595
v 3.320122 0.454754 2.333204
v 3.246989 0.520721 2.438120
v 3.302455 0.832995 -2.392197
v 3.231271 0.749451 -2.351017
v 3.240803 0.744364 2.540384
v 3.147479 0.824474 2.650463
v 3.231705 0.983140 -2.409539
v 3.136399 0.888726 -2.372960
v 3.291821 1.000003 2.556180
v 3.173690 0.998211 2.675710
v 3.250301 1.250104 -2.449463
v 3.311484 1.250175 2.573054
v 3.194942 1.249212 2.693972
v 3.250421 1.500082 -2.467306
v 3.322698 1.500121 2.582477
v 3.206135 1.499608 2.703422
v 3.249955 1.750005 -2.471434
v 3.325450 1.749974 2.585360
v 3.208734 1.750257 2.705919
v 3.250246 1.999921 -2.454940
v 3.315710 1.999832 2.576635
v 3.199451 2.000680 2.698499
v 3.250090 2.249958 -2.427926
v 3.299943 2.249814 2.562178
v 3.183945 2.251164 2.685650
v 3.257176 2.486284 -2.394930
v 3.179372 2.559933 -2.362494
v 3.278847 2.500022 2.542987
v 3.159693 2.501930 2.664193
v 3.345443 2.646564 -2.383401
v 3.256527 2.738688 -2.338575
v 3.369400 2.861326 2.371013
v 3.254706 2.759638 2.503875
v 3.137964 2.657848 2.640373
v 3.248183 3.003668 -2.236631
v 3.326183 3.001666 2.338821
v 3.208262 3.005699 2.448076
v 3.249686 3.154418 -2.147062
v 3.248470 3.283749 -2.042610
v 3.322209 3.337759 2.088461
v 3.240090 3.247994 2.243793
v 3.148650 3.150998 2.398964
v 3.249667 3.409389 -1.913164
v 3.263064 3.550457 -1.730796
v 3.190120 3.614389 -1.607404
v 3.251227 3.587494 1.813573
v 3.246659 3.459487 2.007021
v 3.157123 3.398269 2.151294
v 3.356601 3.628010 -1.629523
v 3.263573 3.677008 -1.516063
v 3.249647 3.802305 -1.251033
v 3.249926 3.865476 -1.098639
v 3.250364 3.841720 1.289681
v 3.251052 3.750677 1.501557
v 3.250652 3.658691 1.687860
v 3.249814 3.911989 -0.973968
v 3.249854 3.982989 -0.750445
v 3.249933 4.043237 -0.500272
v 3.250001 4.081795 -0.250121
v 3.250055 4.098327 -0.000026
v 3.250095 4.092293 0.250084
v 3.250133 4.064540 0.500187
v 3.250167 4.015451 0.750278
v 3.250354 3.946077 1.000579
v 3.250127 3.890093 1.164309
v 3.074534 0.116813 -1.884591
v 2.993610 0.058402 -1.775733
v 2.999587 -0.049755 -1.502074
v 2.999890 -0.092748 -1.250500
v 2.999997 -0.101067 -0.999983
v 3.000001 -0.097359 -0.749993
v 3.000001 -0.093587 -0.499998
v 3.000002 -0.091155 -0.249998
v 3.000002 -0.089726 0.000001
v 3.000001 -0.089448 0.249999
v 3.000000 -0.090279 0.499999
v 2.999999 -0.092057 0.749999
v 2.999997 -0.095593 0.999996
v 2.999991 -0.099205 1.249987
v 3.000100 -0.093762 1.500305
v 3.000506 -0.060734 1.751248
v 3.001331 0.012287 2.002833
v 3.000632 0.094908 2.178804
v 3.077999 0.360645 -2.136955
v 2.990568 0.234440 -2.011326
v 2.907365 0.128373 -1.868711
v 3.001707 0.176228 2.306075
v 3.002196 0.301995 2.452708
v 2.994996 0.477713 -2.196514
v 2.910960 0.386208 -2.119396
v 3.016519 0.478126 2.580965
v 2.940598 0.550205 2.675512
v 2.998290 0.747148 -2.314278
v 3.107559 0.659294 2.614396
v 3.011706 0.747105 2.712934
v 3.066920 1.054684 -2.392685
v 2.989097 0.982069 -2.367606
v 2.981891 0.976448 2.803165
v 2.893541 1.042221 2.893873
v 2.989646 1.264778 -2.399576
v 2.900642 1.191750 -2.371596
v 3.028955 1.250402 2.807099
v 2.903176 1.250159 2.903433
v 2.999300 1.499823 -2.416977
v 3.037651 1.500213 2.817560
v 2.907697 1.500395 2.907109
v 2.999404 1.750101 -2.420540
v 3.040922 1.749914 2.820299
v 2.911188 1.749899 2.911522
v 2.976511 2.020965 -2.400202
v 2.877883 2.118109 -2.374632
v 3.032878 1.999690 2.811806
v 2.905620 1.999648 2.905683
v 3.048293 2.250159 -2.389104
v 2.923222 2.250192 -2.368645
v 3.017543 2.249586 2.798527
v 2.893577 2.249828 2.893288
v 3.103288 2.393588 -2.379676
v 3.011505 2.486671 -2.349819
v 2.977194 2.488515 2.788349
v 2.881737 2.398408 2.881633
v 2.998814 2.751944 -2.290019
v 3.097214 2.824359 2.610286
v 3.007785 2.744204 2.697094
v 2.999794 3.022507 -2.187183
v 2.918434 3.113861 -2.120020
v 3.010327 3.014026 2.570724
v 2.931301 2.937061 2.666521
v 3.085392 3.133670 -2.131635
v 2.999986 3.236651 -2.040495
v 3.001583 3.318362 2.316316
v 3.001737 3.192661 2.442344
v 2.999757 3.390832 -1.891690
v 2.999385 3.502305 -1.755568
v 2.999917 3.606983 -1.590555
v 3.084443 3.617251 1.859560
v 3.002130 3.563345 1.988946
v 3.000987 3.423969 2.190402
v 2.999870 3.671484 -1.465552
v 2.999783 3.772398 -1.250835
v 2.999684 3.853190 -1.063374
v 2.999996 3.863679 1.344877
v 3.000363 3.802238 1.500931
v 3.001100 3.682432 1.766926
v 2.917763 3.635151 1.892202
v 2.999730 3.901029 -0.938204
v 2.999840 3.964386 -0.750647
v 2.999940 4.035326 -0.500563
v 3.000038 4.084581 -0.250474
v 3.000117 4.108623 -0.000163
v 3.000148 4.107669 0.250140
v 3.000150 4.085663 0.500255
v 3.000013 4.042891 0.750026
v 2.999989 3.980721 0.999976
v 2.999982 3.909562 1.219843
v 2.748967 0.060420 -1.727674
v 2.749362 -0.033985 -1.502500
v 2.749774 -0.084665 -1.250636
v 2.749969 -0.099150 -1.000020
v 2.749996 -0.097555 -0.749993
v 2.749999 -0.094365 -0.499992
v 2.749997 -0.091692 -0.249995
v 2.749997 -0.090108 0.000003
v 2.749997 -0.089753 0.249999
v 2.749997 -0.089686 0.500001
v 2.750004 -0.089714 0.750003
v 2.750001 -0.093012 1.000005
v 2.749998 -0.097277 1.249994
v 2.750023 -0.097377 1.500082
v 2.750306 -0.079064 1.750586
v 2.751062 -0.032286 2.001676
v 2.757806 0.059030 2.262989
v 2.677112 0.102321 2.417708
v 2.747671 0.261957 -1.977616
v 2.749327 0.140886 -1.851225
v 2.843775 0.138049 2.351491
v 2.776757 0.220610 2.523789
v 2.701241 0.316441 2.702270
v 2.748506 0.550424 -2.169676
v 2.748417 0.424384 -2.098746
v 2.867890 0.383213 2.619354
v 2.770628 0.467145 2.770732
v 2.677333 0.548165 2.942303
v 2.748199 0.748045 -2.251761
v 2.852953 0.749032 2.852196
v 2.716658 0.745373 3.014172
v 2.651832 0.823005 3.148495
v 2.749051 0.999563 -2.308178
v 2.874932 0.875570 2.874929
v 2.806838 0.975802 2.984475
v 2.677287 0.998123 3.174820
v 2.870637 1.358552 -2.376773
v 2.772274 1.265111 -2.339995
v 2.806706 1.250294 3.028975
v 2.693849 1.249316 3.194541
v 2.855378 1.499907 -2.382326
v 2.730935 1.500034 -2.342982
v 2.815870 1.500336 3.036785
v 2.702727 1.499553 3.205513
v 2.838517 1.750002 -2.385511
v 2.713618 1.749950 -2.354104
v 2.822062 1.749971 3.041643
v 2.706640 1.750177 3.209484
v 2.847171 1.951525 -2.381590
v 2.758319 2.021082 -2.362524
v 2.813440 1.999702 3.033476
v 2.699232 2.000759 3.200342
v 2.749706 2.250208 -2.337551
v 2.796778 2.249390 3.016449
v 2.684875 2.251184 3.183498
v 2.749480 2.500451 -2.296515
v 2.861975 2.565137 2.862180
v 2.785793 2.488173 2.975989
v 2.663009 2.501921 3.158595
v 2.748150 2.751995 -2.242940
v 2.828693 2.749527 2.830083
v 2.694010 2.741904 3.004990
v 2.639302 2.654841 3.137039
v 2.747520 2.957391 -2.173367
v 2.748254 3.082057 -2.104889
v 2.853070 3.103383 2.611392
v 2.753510 3.012864 2.751248
v 2.663413 2.930414 2.927279
v 2.762731 3.270596 -1.962868
v 2.690201 3.359542 -1.860133
v 2.835500 3.358275 2.355082
v 2.763806 3.267595 2.511221
v 2.684141 3.163486 2.679407
v 2.857302 3.380318 -1.880361
v 2.762821 3.460838 -1.772563
v 2.749471 3.597862 -1.571197
v 2.750192 3.579350 2.043950
v 2.751901 3.450454 2.264498
v 2.668680 3.392283 2.402007
v 2.749797 3.660998 -1.444404
v 2.750162 3.743929 -1.249267
v 2.750124 3.836011 -1.026191
v 2.866805 3.873721 1.371366
v 2.770233 3.840832 1.493646
v 2.750054 3.729312 1.750170
v 2.749944 3.646469 1.918034
v 2.750200 3.883633 -0.901000
v 2.749996 3.940067 -0.749834
v 2.749661 4.024084 -0.501232
v 2.749684 4.080422 -0.250872
v 2.749920 4.110503 -0.000289
v 2.750075 4.116512 0.250033
v 2.750165 4.103601 0.500211
v 2.750346 4.072171 0.750517
v 2.750219 4.017002 1.000641
v 2.770225 3.925836 1.273141
v 2.700117 3.887421 1.405380
v 2.498819 0.075347 -1.695298
v 2.499118 -0.012770 -1.503190
v 2.499735 -0.073388 -1.250842
v 2.499960 -0.096305 -1.000123
v 2.499996 -0.096740 -0.749989
v 2.499996 -0.092639 -0.499994
v 2.499997 -0.089369 -0.249998
v 2.499998 -0.087992 0.000001
v 2.499998 -0.087979 0.249999
v 2.499998 -0.087954 0.500001
v 2.500003 -0.088097 0.750004
v 2.500000 -0.092174 1.000001
v 2.500001 -0.096912 1.249992
v 2.500004 -0.098430 1.500002
v 2.500139 -0.092198 1.750208
v 2.500652 -0.067607 2.000815
v 2.501794 -0.016652 2.252047
v 2.501734 0.067774 2.502026
v 2.417106 0.102846 2.677395
v 2.498407 0.294591 -1.939817
v 2.498396 0.166831 -1.822248
v 2.584667 0.146960 2.585119
v 2.523812 0.220524 2.777237
v 2.453083 0.301866 3.002418
v 2.403106 0.345304 3.153710
v 2.572978 0.598392 -2.139788
v 2.492544 0.506504 -2.072132
v 2.620176 0.381769 2.868881
v 2.580984 0.477245 3.017124
v 2.437189 0.521063 3.246040
v 2.374302 0.624109 3.379719
v 2.492866 0.737391 -2.176255
v 2.406234 0.647691 -2.118021
v 2.614437 0.657999 3.108573
v 2.539715 0.743780 3.240544
v 2.389717 0.749426 3.477120
v 2.404002 0.798838 3.750000
v 2.404002 0.798838 4.000000
v 2.499738 0.999855 -2.239332
v 2.555958 1.000041 3.292113
v 2.452558 1.003104 3.499984
v 2.451932 0.999721 3.750000
v 2.451932 0.999721 4.000000
v 2.501003 1.250171 -2.258086
v 2.573112 1.250163 3.311109
v 2.486144 1.251968 3.499980
v 2.485965 1.250109 3.750000
v 2.485965 1.250109 4.000000
v 2.501409 1.500665 -2.275572
v 2.582537 1.500120 3.322331
v 2.504853 1.501213 3.499979
v 2.504788 1.500094 3.750000
v 2.504788 1.500094 4.000000
v 2.500176 1.750111 -2.305510
v 2.585242 1.749971 3.326000
v 2.510242 1.749495 3.499981
v 2.510227 1.750012 3.750000
v 2.510227 1.750012 4.000000
v 2.499032 2.000127 -2.323033
v 2.576612 1.999821 3.316432
v 2.493781 1.998148 3.499980
v 2.493611 1.999939 3.750000
v 2.493611 1.999939 4.000000
v 2.499570 2.250451 -2.294351
v 2.562344 2.249830 3.299973
v 2.465784 2.247626 3.499982
v 2.465475 2.250026 3.750000
v 2.465475 2.250026 4.000000
v 2.499645 2.500401 -2.241129
v 2.543428 2.500103 3.278483
v 2.428181 2.497289 3.499986
v 2.427619 2.500420 3.750000
v 2.427619 2.500420 4.000000
v 2.494210 2.757397 -2.172926
v 2.408810 2.843971 -2.115375
v 2.609193 2.821423 3.094204
v 2.503819 2.758300 3.254815
v 2.385080 2.697498 3.499989
v 2.391326 2.672789 3.750000
v 2.391326 2.672789 4.000000
v 2.574472 2.909951 -2.145955
v 2.492667 2.999471 -2.075146
v 2.606930 3.097146 2.848304
v 2.566527 3.010249 3.008135
v 2.446674 3.005931 3.207612
v 2.498973 3.201085 -1.938246
v 2.499325 3.325570 -1.830534
v 2.562904 3.330001 2.567165
v 2.505059 3.262946 2.754912
v 2.438539 3.187905 3.001676
v 2.397364 3.149188 3.147459
v 2.498666 3.449318 -1.707605
v 2.498996 3.576215 -1.549967
v 2.499552 3.601241 2.085865
v 2.499525 3.523152 2.249128
v 2.484615 3.411353 2.487651
v 2.396551 3.387028 2.657054
v 2.499850 3.653128 -1.421968
v 2.500009 3.733459 -1.250538
v 2.486480 3.840735 -0.978737
v 2.394119 3.874114 -0.872689
v 2.499984 3.855389 1.576885
v 2.500074 3.775935 1.750158
v 2.499114 3.666186 1.961075
v 2.560856 3.875448 -0.880105
v 2.486605 3.908091 -0.772948
v 2.499826 3.995946 -0.500365
v 2.500049 4.054635 -0.249918
v 2.499950 4.101625 -0.000540
v 2.492689 4.123111 0.257913
v 2.492724 4.118615 0.486372
v 2.500178 4.092883 0.750450
v 2.500256 4.045438 1.000814
v 2.500055 3.972298 1.250158
v 2.500108 3.903943 1.452140
v 2.404432 4.127358 0.346642
v 2.404406 4.126793 0.393739
v 2.248881 0.097579 -1.659736
v 2.248514 0.016397 -1.504511
v 2.249525 -0.058961 -1.251344
v 2.249850 -0.091713 -1.000324
v 2.249996 -0.095483 -0.749981
v 2.250002 -0.089967 -0.500012
v 2.250009 -0.085931 -0.250006
v 2.250000 -0.086509 -0.000002
v 2.250002 -0.087556 0.250000
v 2.250001 -0.087228 0.500002
v 2.250002 -0.086825 0.750003
v 2.249996 -0.091168 0.999990
v 2.249993 -0.096763 1.249978
v 2.250001 -0.099108 1.499998
v 2.250018 -0.098189 1.750029
v 2.250282 -0.089535 2.000297
v 2.251000 -0.064842 2.250912
v 2.252178 -0.017830 2.501872
v 2.263460 0.058598 2.758004
v 2.179487 0.094371 3.000749
v 2.139374 0.113344 3.143070
v 2.249379 0.332704 -1.906515
v 2.247070 0.199844 -1.790455
v 2.352336 0.137491 2.844207
v 2.306959 0.175894 3.001926
v 2.242268 0.247676 3.237495
v 2.172261 0.316302 3.499998
v 2.172955 0.317166 3.750000
v 2.172955 0.317166 4.000000
v 2.249000 0.496660 -2.012512
v 2.332947 0.455039 3.319255
v 2.301957 0.527198 3.477771
v 2.285959 0.495465 3.750000
v 2.285959 0.495465 4.000000
v 2.248772 0.817754 -2.151626
v 2.249146 0.692409 -2.107845
v 2.357504 0.660878 3.547179
v 2.362310 0.673667 3.750000
v 2.362310 0.673667 4.000000
v 2.248677 0.999362 -2.183637
v 2.249891 1.249993 -2.194870
v 2.250424 1.500229 -2.214363
v 2.248877 1.749085 -2.258762
v 2.247388 2.000355 -2.287194
v 2.248696 2.251336 -2.246979
v 2.246444 2.502937 -2.175054
v 2.162120 2.586572 -2.112220
v 2.329013 2.677489 -2.144938
v 2.246307 2.757389 -2.084916
v 2.370992 2.861277 3.369363
v 2.348365 2.821791 3.499990
v 2.355959 2.798610 3.750000
v 2.355959 2.798610 4.000000
v 2.226045 3.025955 -1.959918
v 2.126781 3.123922 -1.874475
v 2.338914 3.001752 3.325570
v 2.276171 2.998164 3.499997
v 2.272954 3.004631 3.750000
v 2.272954 3.004631 4.000000
v 2.293445 3.157742 -1.900894
v 2.225054 3.248050 -1.813739
v 2.348002 3.352579 2.824289
v 2.309528 3.314327 3.001633
v 2.242833 3.248017 3.238434
v 2.165140 3.180730 3.499996
v 2.166593 3.178755 3.750000
v 2.166593 3.178755 4.000000
v 2.250350 3.415019 -1.667086
v 2.248889 3.546383 -1.524026
v 2.364278 3.619825 2.117334
v 2.309933 3.581221 2.245411
v 2.233005 3.549106 2.489886
v 2.257933 3.444984 2.744131
v 2.181528 3.416795 3.000303
v 2.147344 3.394749 3.153070
v 2.249337 3.641901 -1.397455
v 2.248961 3.726860 -1.255738
v 2.249532 3.833930 -1.003464
v 2.249856 3.872506 -0.857127
v 2.358962 3.871193 1.613961
v 2.265595 3.836802 1.751873
v 2.267363 3.701692 2.018749
v 2.184427 3.643728 2.247848
v 2.138005 3.632543 2.399608
v 2.250243 3.901807 -0.730886
v 2.250283 3.967193 -0.498610
v 2.249992 4.031914 -0.247955
v 2.230194 4.102046 0.023937
v 2.300429 4.124978 0.179699
v 2.322394 4.122099 0.560493
v 2.243343 4.107131 0.734787
v 2.249968 4.064702 0.999932
v 2.249678 4.006308 1.249549
v 2.265984 3.928078 1.519228
v 2.192308 3.891920 1.669210
v 2.133637 4.125433 0.123379
v 2.230570 4.136296 0.257586
v 2.243655 4.135257 0.486433
v 2.155553 4.126486 0.641504
v 2.098058 0.116840 -1.634626
v 2.007416 0.064629 -1.515123
v 1.999273 -0.036266 -1.251754
v 1.999823 -0.080909 -1.000400
v 2.000028 -0.096447 -0.750032
v 2.000008 -0.093306 -0.499993
v 1.999980 -0.086205 -0.250023
v 1.999999 -0.086163 -0.000005
v 1.999983 -0.087528 0.250007
v 1.999967 -0.086030 0.500019
v 1.999993 -0.083145 0.750001
v 1.999979 -0.085348 0.999991
v 1.999935 -0.091007 1.249964
v 1.999892 -0.094891 1.499999
v 1.999927 -0.094137 1.750009
v 1.999933 -0.093674 2.000000
v 2.000266 -0.089891 2.250227
v 2.001023 -0.070959 2.500858
v 2.001703 -0.033932 2.751114
v 2.002809 0.011710 3.001349
v 2.000744 0.070915 3.238377
v 1.922494 0.093412 3.499999
v 1.919489 0.091496 3.750000
v 1.919489 0.091496 4.000000
v 2.063895 0.361713 -1.884299
v 1.996983 0.247906 -1.753994
v 1.931464 0.139021 -1.601928
v 2.080294 0.160007 3.310363
v 2.049083 0.188241 3.500001
v 2.049113 0.188267 3.750000
v 2.049113 0.188267 4.000000
v 1.986732 0.471564 -1.959343
v 1.896938 0.380352 -1.870267
v 2.102128 0.860960 -2.130759
v 2.010225 0.765164 -2.092945
v 2.074918 0.999760 -2.140243
v 1.950485 0.999936 -2.110014
v 2.060658 1.249908 -2.134446
v 1.935595 1.249957 -2.100432
v 2.000275 1.505875 -2.139716
v 1.913229 1.423367 -2.109829
v 2.001432 1.751774 -2.195290
v 1.998225 2.000143 -2.239293
v 1.987470 2.265323 -2.175555
v 1.895819 2.358743 -2.118223
v 2.062974 2.418176 -2.141004
v 1.989326 2.498802 -2.075413
v 2.000764 2.748143 -1.971723
v 1.998093 2.947772 -1.910688
v 1.998274 3.073515 -1.862743
v 1.998139 3.258869 -1.768788
v 2.088886 3.338233 3.319062
v 2.059216 3.306648 3.499998
v 2.060221 3.305588 3.750000
v 2.060221 3.305588 4.000000
v 1.999851 3.399173 -1.650495
v 2.016055 3.535561 -1.477820
v 1.943978 3.610230 -1.355513
v 2.097057 3.609452 2.566741
v 2.050367 3.579663 2.750221
v 1.983727 3.552208 2.993891
v 2.007275 3.455803 3.244448
v 1.934223 3.424746 3.499998
v 1.932618 3.426110 3.750000
v 1.932618 3.426110 4.000000
v 2.110477 3.627088 -1.378037
v 2.015656 3.682057 -1.265920
v 1.999108 3.809439 -1.002731
v 2.000188 3.858778 -0.824798
v 2.078001 3.857436 1.835649
v 1.994853 3.817090 1.995701
v 2.001545 3.740842 2.250787
v 2.009919 3.680373 2.490809
v 1.925789 3.654445 2.750471
v 1.887150 3.631762 2.905531
v 2.000171 3.893476 -0.699342
v 2.000105 3.968203 -0.501659
v 2.000896 4.053110 -0.252420
v 2.000184 4.107181 -0.005163
v 2.066086 4.113803 0.808018
v 1.989960 4.102968 0.993356
v 2.000830 4.059136 1.250697
v 2.001717 3.999676 1.501224
v 1.997948 3.919408 1.752695
v 1.910660 3.885592 1.911711
v 2.000007 4.127856 0.120394
v 2.000147 4.149091 0.249019
v 2.000880 4.162559 0.500627
v 1.989394 4.134008 0.734584
v 1.899729 4.129258 0.905438
v 1.749086 0.078803 -1.449058
v 1.749140 -0.008004 -1.252399
v 1.749820 -0.069856 -1.000697
v 1.750052 -0.099835 -0.750277
v 1.750053 -0.101347 -0.499952
v 1.749986 -0.091959 -0.250018
v 1.749998 -0.085972 -0.000005
v 1.749994 -0.082839 0.250006
v 1.749994 -0.078205 0.500004
v 1.750063 -0.073143 0.749979
v 1.750051 -0.073860 1.000016
v 1.749992 -0.078013 1.249998
v 1.749916 -0.080565 1.499998
v 1.750007 -0.079861 1.750000
v 1.749974 -0.084407 1.999983
v 1.749927 -0.092189 2.249922
v 1.750192 -0.092417 2.500149
v 1.750572 -0.079625 2.750336
v 1.751234 -0.061008 3.000512
v 1.752955 -0.029642 3.252114
v 1.751847 0.004134 3.500001
v 1.753613 0.004875 3.750000
v 1.753613 0.004875 4.000000
v 1.750026 0.280568 -1.741389
v 1.750270 0.156173 -1.570452
v 1.749874 0.503429 -1.961773
v 1.750026 0.386167 -1.865033
v 1.749964 0.749610 -2.061587
v 1.750108 1.000108 -2.084998
v 1.749846 1.250665 -2.082045
v 1.749576 1.557116 -2.132407
v 1.749561 1.432141 -2.105669
v 1.749790 1.752081 -2.173951
v 1.749362 2.000532 -2.221359
v 1.749203 2.208168 -2.166223
v 1.749582 2.331306 -2.106780
v 1.750272 2.499268 -2.005506
v 1.772788 2.730094 -1.888689
v 1.700450 2.804555 -1.840973
v 1.864719 2.887755 -1.879827
v 1.765236 2.985702 -1.820261
v 1.744874 3.273038 -1.707846
v 1.665163 3.358476 -1.615989
v 1.836491 3.390044 -1.640710
v 1.749823 3.468899 -1.523069
v 1.749052 3.601215 -1.341890
v 1.852204 3.611747 3.072159
v 1.809470 3.585920 3.251608
v 1.766112 3.551536 3.499999
v 1.764420 3.552670 3.750000
v 1.764420 3.552670 4.000000
v 1.749232 3.688496 -1.218197
v 1.749159 3.796321 -1.006803
v 1.750057 3.848867 -0.785498
v 1.826563 3.856984 2.078808
v 1.746189 3.841498 2.264463
v 1.751603 3.797768 2.500630
v 1.751843 3.743470 2.751046
v 1.761762 3.677411 2.993475
v 1.683464 3.657755 3.250898
v 1.639458 3.630513 3.499998
v 1.636576 3.632185 3.750000
v 1.636576 3.632185 4.000000
v 1.750474 3.882317 -0.659432
v 1.749847 3.947471 -0.500434
v 1.748684 4.043139 -0.253117
v 1.769900 4.105257 0.021638
v 1.700790 4.122255 0.150251
v 1.834937 4.120478 1.072360
v 1.751497 4.106494 1.245292
v 1.751629 4.056903 1.501947
v 1.755015 4.001321 1.755285
v 1.747146 3.913867 1.998532
v 1.659960 3.885252 2.190537
v 1.867724 4.125935 0.120880
v 1.770451 4.145347 0.239537
v 1.750060 4.177417 0.499878
v 1.750030 4.164587 0.750022
v 1.751077 4.144165 0.993479
v 1.668118 4.133690 1.157565
v 1.499929 0.102357 -1.415340
v 1.499329 0.026845 -1.251815
v 1.499512 -0.055016 -1.001473
v 1.499800 -0.098280 -0.750634
v 1.500015 -0.107036 -0.499946
v 1.500023 -0.099770 -0.249971
v 1.499994 -0.090664 -0.000009
v 1.499996 -0.081443 0.249980
v 1.500008 -0.072873 0.499970
v 1.499989 -0.068951 0.749992
v 1.499995 -0.069524 1.000004
v 1.499998 -0.068830 1.250002
v 1.500093 -0.064272 1.499986
v 1.500020 -0.067105 1.750008
v 1.500034 -0.072562 2.000032
v 1.499991 -0.082957 2.249989
v 1.499960 -0.092425 2.499952
v 1.500063 -0.095559 2.750004
v 1.500283 -0.093015 3.000083
v 1.500834 -0.083370 3.250525
v 1.500858 -0.070317 3.500000
v 1.501229 -0.070247 3.750000
v 1.501229 -0.070247 4.000000
v 1.500964 0.271272 -1.750791
v 1.499964 0.161944 -1.540535
v 1.499953 0.500918 -1.969946
v 1.500011 0.380155 -1.872698
v 1.501187 0.746589 -2.080009
v 1.386081 1.095462 -2.130854
v 1.483355 1.006870 -2.120176
v 1.413571 1.250165 -2.127089
v 1.537778 1.250342 -2.107707
v 1.500921 1.489047 -2.156069
v 1.582919 1.401132 -2.121630
v 1.501028 1.748499 -2.198383
v 1.491315 2.006417 -2.179721
v 1.407775 2.089402 -2.117713
v 1.575497 2.168026 -2.152549
v 1.491337 2.255098 -2.087022
v 1.507480 2.517637 -1.947029
v 1.431200 2.603635 -1.864818
v 1.600483 2.638744 -1.880131
v 1.509700 2.734402 -1.799781
v 1.503456 2.978096 -1.678261
v 1.426684 3.044443 -1.568643
v 1.587189 3.186318 -1.659889
v 1.486469 3.265697 -1.510970
v 1.398806 3.339321 -1.350691
v 1.554116 3.442177 -1.451626
v 1.467281 3.531471 -1.276335
v 1.394972 3.608509 -1.103893
v 1.558919 3.667275 -1.182064
v 1.478729 3.717476 -1.019117
v 1.512952 3.835575 -0.732699
v 1.439157 3.874023 -0.602274
v 1.615406 3.871391 2.357368
v 1.585525 3.862031 2.500176
v 1.499276 3.845159 2.771564
v 1.500088 3.797995 3.000038
v 1.501723 3.748409 3.251050
v 1.499102 3.706921 3.499999
v 1.501431 3.705728 3.750000
v 1.501431 3.705728 4.000000
v 1.606743 3.877330 -0.633225
v 1.513093 3.913779 -0.512781
v 1.498263 3.990759 -0.251845
v 1.498901 4.062319 -0.002693
v 1.484419 4.112166 0.239640
v 1.391828 4.122343 0.389805
v 1.500087 4.114649 1.322511
v 1.499993 4.073169 1.499617
v 1.500008 4.028355 1.751419
v 1.499982 3.966093 1.999898
v 1.519271 3.913936 2.264433
v 1.460411 3.903519 2.500133
v 1.414754 3.888975 2.702208
v 1.558185 4.138798 0.317066
v 1.484718 4.153673 0.483500
v 1.500340 4.185695 0.749623
v 1.500714 4.180431 1.000569
v 1.500247 4.145929 1.197720
v 1.302839 0.115625 -1.393219
v 1.232183 0.080504 -1.271523
v 1.248978 -0.026326 -1.002174
v 1.249444 -0.083506 -0.750926
v 1.249908 -0.103165 -0.500108
v 1.250016 -0.104660 -0.249985
v 1.250036 -0.098682 0.000068
v 1.250002 -0.085725 0.250005
v 1.249979 -0.074326 0.499964
v 1.250017 -0.073346 0.749994
v 1.250024 -0.073560 1.000007
v 1.250001 -0.067796 1.250070
v 1.250002 -0.060239 1.499994
v 1.249995 -0.061645 1.749995
v 1.250018 -0.065317 2.000027
v 1.250003 -0.075799 2.250008
v 1.249984 -0.087391 2.499966
v 1.249985 -0.094346 2.749981
v 1.249987 -0.098000 2.999984
v 1.250038 -0.099562 3.250013
v 1.250153 -0.098121 3.500000
v 1.250172 -0.098120 3.750000
v 1.250172 -0.098120 4.000000
v 1.246195 0.292985 -1.723737
v 1.230724 0.157831 -1.489609
v 1.136158 0.125261 -1.371292
v 1.246422 0.533451 -1.949002
v 1.247461 0.410585 -1.846109
v 1.246024 0.743117 -2.065040
v 1.366693 1.095484 -2.131417
v 1.267033 1.006500 -2.122932
v 1.350621 1.250077 -2.128448
v 1.224238 1.250036 -2.106483
v 1.307116 1.496248 -2.163308
v 1.180048 1.498027 -2.119455
v 1.296913 1.752535 -2.171360
v 1.172629 1.752505 -2.111674
v 1.339970 1.921956 -2.146189
v 1.249999 2.006023 -2.062048
v 1.247654 2.233057 -1.942787
v 1.170124 2.301218 -1.830641
v 1.327727 2.437254 -1.917668
v 1.218488 2.534577 -1.774375
v 1.125717 2.623698 -1.624386
v 1.307481 2.755033 -1.681053
v 1.186490 2.749992 -1.577104
v 1.372926 2.877488 -1.626494
v 1.282545 2.967277 -1.471290
v 1.176077 3.069579 -1.342211
v 1.345577 3.169503 -1.396579
v 1.258363 3.249675 -1.287129
v 1.253931 3.419664 -1.164771
v 1.239887 3.550834 -1.004823
v 1.141156 3.615236 -0.862830
v 1.309702 3.654452 -0.933011
v 1.228837 3.725716 -0.776007
v 1.248445 3.845886 -0.513302
v 1.176783 3.847844 -0.305029
v 1.372076 3.874088 2.868791
v 1.344090 3.862449 2.999884
v 1.288789 3.841370 3.250450
v 1.227632 3.832406 3.516325
v 1.250912 3.822594 3.750000
v 1.250912 3.822594 4.000000
v 1.339774 3.895401 -0.434252
v 1.256765 3.905194 -0.232283
v 1.246309 3.993912 -0.004349
v 1.246610 4.065379 0.248157
v 1.249892 4.102051 0.445065
v 1.328929 4.120395 1.355680
v 1.246378 4.091516 1.485653
v 1.249427 4.036415 1.748815
v 1.248891 3.991785 1.998855
v 1.249757 3.977831 2.249945
v 1.250337 3.962887 2.500103
v 1.274338 3.925480 2.771753
v 1.219737 3.909785 3.000147
v 1.163348 3.890185 3.250185
v 1.128865 3.873616 3.443692
v 1.249939 4.136542 0.570062
v 1.248965 4.185094 0.747156
v 1.250083 4.196932 1.000439
v 1.247767 4.156186 1.264626
v 1.162088 4.128816 1.395604
v 0.999471 0.094816 -1.205175
v 0.999112 0.022038 -1.001455
v 0.998649 -0.055145 -0.751896
v 0.999617 -0.091837 -0.500472
v 0.999962 -0.104857 -0.250045
v 0.999997 -0.101010 -0.000009
v 0.999966 -0.089242 0.249922
v 0.999953 -0.078607 0.499955
v 1.000022 -0.077488 0.749999
v 0.999999 -0.074317 1.000033
v 0.999992 -0.067585 1.250069
v 0.999999 -0.059576 1.499991
v 1.000000 -0.059686 1.749999
v 1.000005 -0.062402 2.000030
v 1.000002 -0.072080 2.250010
v 0.999990 -0.083016 2.499976
v 0.999992 -0.089863 2.749993
v 0.999992 -0.094301 2.999993
v 0.999989 -0.097792 3.249990
v 0.999990 -0.099329 3.500000
v 0.999992 -0.099329 3.750000
v 0.999992 -0.099329 4.000000
v 1.043629 0.334717 -1.670888
v 0.968666 0.240293 -1.541479
v 1.000660 0.131519 -1.331245
v 1.067902 0.580832 -1.916014
v 0.971274 0.476638 -1.768064
v 0.877836 0.376995 -1.623584
v 0.981871 0.750666 -1.958201
v 0.899941 0.674139 -1.862647
v 0.990475 0.999646 -2.011984
v 1.002363 1.249763 -1.999597
v 0.997350 1.499567 -2.012930
v 0.971266 1.766549 -1.975889
v 0.880940 1.857146 -1.872003
v 1.059119 2.003389 -1.926294
v 0.935693 2.002171 -1.831807
v 1.118872 2.134423 -1.879628
v 1.027858 2.227041 -1.731979
v 0.919586 2.325030 -1.587664
v 1.080381 2.456739 -1.664415
v 1.007639 2.519396 -1.557990
v 1.007608 2.741505 -1.441235
v 0.923577 2.824544 -1.355241
v 1.092197 2.903407 -1.392198
v 1.004867 2.992491 -1.309058
v 1.020970 3.256119 -1.178162
v 0.953636 3.340218 -1.092351
v 1.120919 3.376814 -1.126314
v 1.022247 3.444560 -1.004818
v 0.974407 3.596734 -0.771288
v 0.878679 3.622744 -0.619314
v 1.041133 3.672650 -0.700356
v 0.975650 3.702548 -0.522437
v 1.021946 3.797708 -0.229003
v 0.945148 3.848327 -0.061246
v 1.123638 3.874208 3.610542
v 1.123178 3.874385 3.750000
v 1.123178 3.874385 4.000000
v 1.112642 3.877090 -0.138080
v 1.015496 3.909401 0.011276
v 0.997565 3.973844 0.249186
v 1.022330 4.053363 0.522549
v 0.950693 4.103843 0.677491
v 0.999832 4.107014 1.557135
v 0.999869 4.064472 1.749630
v 0.998841 4.015606 1.998651
v 0.999281 4.011287 2.250118
v 0.999962 4.013885 2.500000
v 1.001223 4.006334 2.750065
v 1.001022 3.980772 3.000443
v 1.000756 3.946047 3.250470
v 1.023996 3.911130 3.516325
v 0.998798 3.919972 3.750000
v 0.998798 3.919972 4.000000
v 1.119979 4.126487 0.620277
v 1.019797 4.155435 0.755391
v 0.999221 4.190095 0.999671
v 1.000357 4.176671 1.250874
v 1.000031 4.139146 1.432540
v 0.837514 0.117378 -1.151004
v 0.753022 0.087385 -1.005631
v 0.748601 -0.006941 -0.752027
v 0.749264 -0.066942 -0.501042
v 0.749879 -0.099233 -0.250373
v 0.750180 -0.110431 0.000045
v 0.750050 -0.100529 0.250045
v 0.749983 -0.087124 0.499980
v 0.750010 -0.080070 0.750019
v 0.749996 -0.072897 1.000021
v 0.749996 -0.065010 1.250009
v 0.750001 -0.059872 1.499997
v 0.750002 -0.060671 1.749997
v 0.749995 -0.063315 2.000011
v 0.750001 -0.070662 2.250012
v 0.749998 -0.079791 2.499992
v 0.749997 -0.086138 2.749995
v 0.749998 -0.090087 2.999998
v 0.749993 -0.093596 3.249994
v 0.749993 -0.095274 3.500000
v 0.749996 -0.095274 3.750000
v 0.749996 -0.095274 4.000000
v 0.740548 0.287824 -1.474558
v 0.750142 0.166319 -1.242889
v 0.670873 0.137475 -1.093916
v 0.747386 0.558930 -1.677906
v 0.745031 0.430372 -1.593384
v 0.853640 0.844526 -1.888560
v 0.760515 0.755702 -1.790538
v 0.835246 1.000045 -1.896512
v 0.711621 1.000371 -1.816583
v 0.822626 1.250443 -1.890051
v 0.693353 1.250534 -1.837937
v 0.819844 1.499997 -1.901613
v 0.693080 1.500583 -1.844490
v 0.844583 1.689883 -1.894155
v 0.761173 1.762003 -1.813793
v 0.727751 2.022699 -1.703932
v 0.629365 2.121504 -1.624129
v 0.797324 2.162247 -1.647987
v 0.728195 2.247748 -1.564591
v 0.766195 2.481620 -1.419747
v 0.690110 2.556774 -1.331820
v 0.854009 2.657434 -1.391136
v 0.759783 2.745928 -1.298590
v 0.740537 2.994505 -1.194400
v 0.656406 3.068787 -1.103971
v 0.825100 3.177485 -1.161162
v 0.734141 3.269893 -1.067916
v 0.745139 3.419777 -0.923301
v 0.748609 3.503887 -0.751353
v 0.751533 3.589809 -0.559353
v 0.749965 3.644700 -0.436040
v 0.749729 3.719876 -0.250781
v 0.757643 3.831530 0.009739
v 0.670916 3.858090 0.250264
v 0.627050 3.874388 0.376733
v 0.849145 3.886250 0.104049
v 0.795614 3.897056 0.250060
v 0.728260 3.929124 0.478254
v 0.750426 4.069692 0.756395
v 0.670200 4.111962 0.910503
v 0.749973 4.113639 1.589255
v 0.749824 4.075902 1.748694
v 0.748940 4.049756 1.999903
v 0.749793 4.053695 2.250018
v 0.750132 4.056135 2.500007
v 0.750189 4.050016 2.750048
v 0.750317 4.036766 3.000119
v 0.750453 4.014687 3.250260
v 0.749860 3.996100 3.500000
v 0.750429 3.995949 3.750000
v 0.750429 3.995949 4.000000
v 0.836448 4.136767 0.847510
v 0.752032 4.154168 0.996207
v 0.750503 4.190551 1.250186
v 0.750105 4.151769 1.465472
v 0.500800 0.106794 -0.933965
v 0.500083 0.048286 -0.749866
v 0.498535 -0.031751 -0.502269
v 0.499431 -0.085814 -0.251211
v 0.499751 -0.114229 -0.000285
v 0.500007 -0.109227 0.250211
v 0.500001 -0.092947 0.500028
v 0.500006 -0.082512 0.750027
v 0.500002 -0.073112 1.000014
v 0.499998 -0.063330 1.249967
v 0.499997 -0.059341 1.500000
v 0.499998 -0.061918 1.750004
v 0.499993 -0.065539 2.000010
v 0.499995 -0.071414 2.250018
v 0.500000 -0.078917 2.500003
v 0.499999 -0.084462 2.749996
v 0.500000 -0.087216 3.000000
v 0.499997 -0.089924 3.249997
v 0.499997 -0.091209 3.500000
v 0.499999 -0.091209 3.750000
v 0.499999 -0.091209 4.000000
v 0.565369 0.340923 -1.411397
v 0.484459 0.259077 -1.281576
v 0.499785 0.146244 -1.059998
v 0.620792 0.620948 -1.627528
v 0.508046 0.516315 -1.488494
v 0.399562 0.414081 -1.363512
v 0.565022 0.747024 -1.661257
v 0.442151 0.749065 -1.571099
v 0.473908 0.989687 -1.703356
v 0.384861 0.903221 -1.617267
v 0.489692 1.245151 -1.770480
v 0.491637 1.504556 -1.766113
v 0.490989 1.751724 -1.676685
v 0.398443 1.838866 -1.614602
v 0.563220 1.955612 -1.656507
v 0.482592 2.027566 -1.597068
v 0.512743 2.245832 -1.451893
v 0.443650 2.319184 -1.331739
v 0.608570 2.391422 -1.386954
v 0.507430 2.492252 -1.245263
v 0.399008 2.600711 -1.108486
v 0.576802 2.747247 -1.158040
v 0.450018 2.747566 -1.065245
v 0.614109 2.899637 -1.133777
v 0.498193 3.005954 -1.000097
v 0.381647 3.112607 -0.869014
v 0.549677 3.259899 -0.938529
v 0.414248 3.289106 -0.787296
v 0.384525 3.368964 -0.615839
v 0.617498 3.380805 -0.881460
v 0.562485 3.415487 -0.752005
v 0.503487 3.500909 -0.496942
v 0.438695 3.593953 -0.251274
v 0.381851 3.621849 -0.113838
v 0.621491 3.627454 -0.378939
v 0.561234 3.665544 -0.254347
v 0.473704 3.711025 -0.020976
v 0.499810 3.790896 0.249882
v 0.478458 3.849771 0.477672
v 0.377386 3.874032 0.626320
v 0.545252 3.896774 0.544825
v 0.475779 3.967607 0.724266
v 0.499792 4.095586 0.939518
v 0.499905 4.119067 1.608903
v 0.499448 4.090405 1.749015
v 0.500329 4.087838 1.999758
v 0.500982 4.100593 2.249978
v 0.500676 4.097024 2.500225
v 0.500157 4.085965 2.750043
v 0.500254 4.077569 3.000073
v 0.500261 4.063022 3.250153
v 0.500063 4.050992 3.500000
v 0.500309 4.050949 3.750000
v 0.500309 4.050949 4.000000
v 0.499946 4.149634 1.064799
v 0.500669 4.199336 1.248557
v 0.500008 4.155978 1.484257
v 0.304868 0.113174 -0.901424
v 0.233043 0.096366 -0.768997
v 0.248975 0.024248 -0.501233
v 0.247853 -0.051128 -0.252600
v 0.248700 -0.094980 -0.000873
v 0.249739 -0.102335 0.250061
v 0.250001 -0.092847 0.500006
v 0.250008 -0.085295 0.750009
v 0.249999 -0.076217 0.999999
v 0.249967 -0.066005 1.249950
v 0.249953 -0.062314 1.500005
v 0.249985 -0.065528 1.750012
v 0.249986 -0.069472 2.000011
v 0.249993 -0.074615 2.250012
v 0.250000 -0.080582 2.499999
v 0.250000 -0.084567 2.749997
v 0.250000 -0.086089 3.000000
v 0.249999 -0.087795 3.249999
v 0.249999 -0.088530 3.500000
v 0.250000 -0.088530 3.750000
v 0.250000 -0.088530 4.000000
v 0.238209 0.300053 -1.207968
v 0.229001 0.142556 -1.001782
v 0.138062 0.124705 -0.865243
v 0.351637 0.581904 -1.397194
v 0.257331 0.498007 -1.302127
v 0.308442 0.753805 -1.439186
v 0.185382 0.755176 -1.325020
v 0.353845 1.069672 -1.642604
v 0.237403 0.980328 -1.513501
v 0.131570 0.895266 -1.370518
v 0.326744 1.246084 -1.671658
v 0.201428 1.249273 -1.527333
v 0.325938 1.503065 -1.673656
v 0.196813 1.499919 -1.520670
v 0.353601 1.673371 -1.643635
v 0.247662 1.757366 -1.552872
v 0.240829 1.996992 -1.458893
v 0.167590 2.065978 -1.348070
v 0.338207 2.155161 -1.403825
v 0.240858 2.255327 -1.249251
v 0.135585 2.365045 -1.119120
v 0.304457 2.432378 -1.164728
v 0.233046 2.508870 -1.070536
v 0.256630 2.741274 -0.935514
v 0.172383 2.823081 -0.838131
v 0.337736 2.945112 -0.899278
v 0.252874 3.016937 -0.806188
v 0.239918 3.200929 -0.701133
v 0.248288 3.319434 -0.558728
v 0.252338 3.402504 -0.428711
v 0.251737 3.496968 -0.247682
v 0.236176 3.589560 -0.015325
v 0.139371 3.618317 0.135952
v 0.308594 3.641867 0.055040
v 0.236802 3.675540 0.236490
v 0.254293 3.777579 0.507891
v 0.252405 3.851148 0.657644
v 0.250199 3.938070 0.777624
v 0.230979 4.084977 0.999337
v 0.138032 4.127683 1.145984
v 0.249107 4.128231 1.595891
v 0.249948 4.099059 1.750124
v 0.249705 4.096203 1.999620
v 0.249588 4.111393 2.249807
v 0.250014 4.113783 2.500050
v 0.250193 4.110371 2.750052
v 0.250220 4.104313 3.000124
v 0.250089 4.091202 3.250084
v 0.250114 4.083820 3.500000
v 0.250176 4.083815 3.750000
v 0.250176 4.083815 4.000000
v 0.305852 4.148370 1.088935
v 0.227115 4.182454 1.234000
v 0.248269 4.161190 1.472317
v 0.095412 0.112818 -0.698465
v 0.007260 0.093955 -0.485697
v -0.002020 0.021749 -0.251828
v -0.002341 -0.044805 -0.001775
v -0.000973 -0.079324 0.249437
v -0.000187 -0.090027 0.499921
v -0.000007 -0.089307 0.750069
v -0.000004 -0.080095 0.999984
v -0.000042 -0.073161 1.249984
v -0.000007 -0.073121 1.500001
v -0.000010 -0.074810 1.750002
v -0.000018 -0.076939 2.000004
v -0.000016 -0.079885 2.250009
v -0.000007 -0.083668 2.500005
v -0.000001 -0.086043 2.750001
v -0.000001 -0.086740 3.000000
v 0.000000 -0.087466 3.250000
v -0.000000 -0.087622 3.500000
v -0.000000 -0.087622 3.750000
v -0.000000 -0.087622 4.000000
v 0.106245 0.352253 -1.143176
v -0.012364 0.294548 -1.003199
v -0.007740 0.158643 -0.773065
v -0.073020 0.149082 -0.560525
v 0.083897 0.499574 -1.164117
v -0.046942 0.498763 -1.030965
v 0.007151 0.773467 -1.191148
v -0.075188 0.702012 -1.064990
v 0.093262 1.061791 -1.406348
v -0.000633 0.980975 -1.314340
v 0.105080 1.249990 -1.393695
v -0.015347 1.247325 -1.289146
v 0.123272 1.500697 -1.381159
v 0.016033 1.502286 -1.251506
v 0.098844 1.749656 -1.397298
v -0.011045 1.751576 -1.283968
v 0.106436 1.896475 -1.389871
v -0.005366 2.007464 -1.248349
v -0.123170 2.121561 -1.124090
v 0.044453 2.197599 -1.175438
v -0.026447 2.272009 -1.093526
v 0.002662 2.502041 -0.953206
v -0.076505 2.583325 -0.847016
v 0.092119 2.656520 -0.890133
v 0.004630 2.744727 -0.795394
v 0.014704 2.990285 -0.672671
v -0.056130 3.064112 -0.566689
v 0.109390 3.138798 -0.636794
v 0.030764 3.230020 -0.474430
v -0.047861 3.321095 -0.296400
v 0.122412 3.376704 -0.377183
v 0.017390 3.414086 -0.231830
v -0.003576 3.519585 -0.004593
v -0.001123 3.606104 0.162621
v -0.000628 3.672105 0.287744
v -0.000570 3.754340 0.498559
v -0.018076 3.835085 0.747791
v -0.115788 3.872344 0.881611
v 0.050895 3.905912 0.825843
v -0.023738 3.974152 0.972984
v 0.002616 4.093321 1.236023
v 0.010468 4.081622 1.501687
v -0.000550 4.058751 1.750050
v -0.000099 4.063313 1.999970
v -0.000168 4.080076 2.249927
v -0.000400 4.097885 2.499896
v -0.000281 4.109756 2.749878
v -0.000138 4.108933 3.000119
v -0.000014 4.098096 3.250039
v -0.000000 4.094719 3.500000
v -0.000000 4.094719 3.750000
v -0.000000 4.094719 4.000000
v 0.099170 4.147117 1.315451
v 0.103496 4.137229 1.418882
v -0.138214 0.118848 -0.392672
v -0.196072 0.093452 -0.251130
v -0.275243 0.051665 -0.024523
v -0.252248 -0.030603 0.248239
v -0.250957 -0.066901 0.499379
v -0.250199 -0.080604 0.749929
v -0.249997 -0.082545 1.000002
v -0.250025 -0.083531 1.250009
v -0.249886 -0.088740 1.499982
v -0.249970 -0.088682 1.750001
v -0.249999 -0.088133 2.000000
v -0.250010 -0.088556 2.250002
v -0.250002 -0.090211 2.500001
v -0.249995 -0.091068 2.750000
v -0.250000 -0.090161 3.000000
v -0.250000 -0.089130 3.250000
v -0.250000 -0.088530 3.500000
v -0.250000 -0.088530 3.750000
v -0.250000 -0.088530 4.000000
v -0.132369 0.366995 -0.881945
v -0.185833 0.321283 -0.757579
v -0.254046 0.226028 -0.503599
v -0.323624 0.147419 -0.252784
v -0.371737 0.126223 -0.121171
v -0.147310 0.499880 -0.899688
v -0.266866 0.509605 -0.729266
v -0.346096 0.429490 -0.593182
v -0.133442 0.866578 -1.131557
v -0.184846 0.776532 -0.984413
v -0.317303 0.760451 -0.814024
v -0.195593 0.993920 -1.167850
v -0.329756 0.969239 -1.027525
v -0.374271 0.875819 -0.874497
v -0.272537 1.241346 -1.174711
v -0.366978 1.151211 -1.121333
v -0.249199 1.500355 -1.172655
v -0.272458 1.763805 -1.182002
v -0.367531 1.856067 -1.125157
v -0.199246 1.955263 -1.159752
v -0.271689 2.025369 -1.091828
v -0.254796 2.252147 -0.962918
v -0.335789 2.331845 -0.846544
v -0.170599 2.418791 -0.907934
v -0.249923 2.498811 -0.793273
v -0.241147 2.736552 -0.676687
v -0.316873 2.810087 -0.584878
v -0.147571 2.898982 -0.641098
v -0.235911 2.994629 -0.493438
v -0.320681 3.085764 -0.333474
v -0.151619 3.148706 -0.398186
v -0.220751 3.235428 -0.226910
v -0.288782 3.319529 -0.056654
v -0.126312 3.376039 -0.126436
v -0.222632 3.412602 0.016535
v -0.254797 3.560811 0.248637
v -0.340384 3.613186 0.452505
v -0.172614 3.651108 0.333523
v -0.255722 3.672192 0.521318
v -0.243430 3.731773 0.754103
v -0.265490 3.838008 0.976078
v -0.355388 3.864813 1.249681
v -0.367011 3.869215 1.390654
v -0.193010 3.924674 1.043704
v -0.234960 3.949072 1.249644
v -0.267894 3.934155 1.485029
v -0.251561 3.992714 1.748942
v -0.250894 4.021695 1.999627
v -0.250355 4.040242 2.249816
v -0.250522 4.063665 2.499703
v -0.250792 4.083845 2.749707
v -0.250551 4.088916 3.000040
v -0.250078 4.083197 3.250014
v -0.250214 4.083812 3.500000
v -0.250176 4.083815 3.750000
v -0.250176 4.083815 4.000000
v -0.433910 0.095418 0.044630
v -0.512755 0.059556 0.240409
v -0.502268 -0.016157 0.498211
v -0.500600 -0.057599 0.749363
v -0.500067 -0.079711 0.999832
v -0.499971 -0.092647 1.249876
v -0.499905 -0.101591 1.499947
v -0.499967 -0.100810 1.750006
v -0.499964 -0.100210 2.000002
v -0.499977 -0.099415 2.250002
v -0.499980 -0.098879 2.500001
v -0.499983 -0.097848 2.750005
v -0.499993 -0.095374 3.000003
v -0.500001 -0.092532 3.249999
v -0.500001 -0.091209 3.500000
v -0.499999 -0.091209 3.750000
v -0.499999 -0.091209 4.000000
v -0.428071 0.327522 -0.432292
v -0.510740 0.269637 -0.259880
v -0.510009 0.160205 -0.022932
v -0.599838 0.134904 0.154577
v -0.392094 0.598183 -0.638552
v -0.489087 0.504796 -0.502700
v -0.590412 0.406461 -0.341584
v -0.481216 0.763954 -0.693507
v -0.561741 0.678154 -0.585960
v -0.504277 1.044663 -0.954802
v -0.496009 0.930886 -0.829760
v -0.397894 1.318043 -1.140705
v -0.498116 1.233410 -1.091567
v -0.407497 1.499765 -1.145767
v -0.539417 1.500555 -1.089079
v -0.400131 1.688550 -1.148833
v -0.503054 1.769653 -1.071207
v -0.501576 1.984257 -0.948338
v -0.571458 2.046960 -0.826446
v -0.407551 2.166872 -0.904548
v -0.512398 2.263969 -0.756272
v -0.615295 2.359790 -0.620294
v -0.437851 2.500693 -0.672392
v -0.565639 2.502699 -0.586541
v -0.386421 2.640036 -0.634438
v -0.486158 2.738789 -0.496582
v -0.577657 2.829659 -0.339586
v -0.414134 2.917942 -0.412703
v -0.512800 3.014652 -0.245621
v -0.623347 3.124196 -0.124465
v -0.453642 3.154150 -0.159280
v -0.529813 3.270130 -0.014278
v -0.601359 3.371106 0.134797
v -0.433225 3.385232 0.108043
v -0.510386 3.446315 0.232036
v -0.475841 3.572178 0.522988
v -0.553563 3.593557 0.752960
v -0.613543 3.620355 0.887328
v -0.377937 3.625745 0.620744
v -0.425735 3.634873 0.754099
v -0.514956 3.692366 0.985489
v -0.497830 3.781414 1.250741
v -0.489232 3.824979 1.485705
v -0.581866 3.857736 1.748520
v -0.619159 3.873025 1.894977
v -0.402151 3.887115 1.558041
v -0.458196 3.921793 1.747284
v -0.525383 3.937275 1.986112
v -0.500752 3.971505 2.249805
v -0.500207 4.000703 2.499911
v -0.501547 4.033095 2.749453
v -0.501006 4.044353 2.999953
v -0.500175 4.045642 3.249983
v -0.500475 4.050920 3.500000
v -0.500309 4.050949 3.750000
v -0.500309 4.050949 4.000000
v -0.671933 0.103745 0.321354
v -0.753537 0.071313 0.495938
v -0.752457 -0.015489 0.747222
v -0.751434 -0.064234 0.998561
v -0.750517 -0.086545 1.249593
v -0.750186 -0.099039 1.499825
v -0.750009 -0.105612 1.749954
v -0.749950 -0.108766 1.999991
v -0.749976 -0.107420 2.250011
v -0.749986 -0.105258 2.500009
v -0.749992 -0.102821 2.750002
v -0.749991 -0.100350 3.000006
v -0.749999 -0.096941 3.250001
v -0.749998 -0.095274 3.500000
v -0.749996 -0.095274 3.750000
v -0.749996 -0.095274 4.000000
v -0.691214 0.338913 -0.175081
v -0.766191 0.283416 -0.018200
v -0.750349 0.172319 0.245307
v -0.837595 0.139878 0.411657
v -0.751220 0.583066 -0.413230
v -0.765417 0.447173 -0.256190
v -0.858325 0.382916 -0.111564
v -0.659875 0.845743 -0.651179
v -0.750990 0.751389 -0.545059
v -0.647954 1.105452 -0.899701
v -0.729228 1.024003 -0.730479
v -0.829104 0.923432 -0.598645
v -0.753311 1.257876 -0.944957
v -0.814776 1.194310 -0.827123
v -0.772199 1.498801 -0.944460
v -0.867418 1.581648 -0.875583
v -0.685155 1.751959 -0.913053
v -0.808788 1.751841 -0.818181
v -0.629260 1.880313 -0.878574
v -0.715711 1.959492 -0.720050
v -0.817213 2.050241 -0.573952
v -0.660181 2.193203 -0.661473
v -0.745461 2.265638 -0.551119
v -0.752948 2.486423 -0.448757
v -0.834909 2.559043 -0.347620
v -0.665940 2.665498 -0.406385
v -0.746899 2.746199 -0.288633
v -0.749994 2.953748 -0.170475
v -0.754410 3.085781 -0.111005
v -0.757934 3.239129 0.008127
v -0.756301 3.359879 0.182838
v -0.754726 3.420049 0.311166
v -0.753279 3.490987 0.497000
v -0.750247 3.554420 0.749714
v -0.773988 3.610816 0.981446
v -0.872456 3.624773 1.130925
v -0.705711 3.650926 1.053484
v -0.774813 3.675096 1.227790
v -0.747678 3.711937 1.500669
v -0.748990 3.763437 1.750436
v -0.739216 3.825489 1.987684
v -0.815302 3.851378 2.249562
v -0.851986 3.866404 2.422144
v -0.650578 3.885425 2.061945
v -0.688965 3.897960 2.250187
v -0.761193 3.913153 2.503285
v -0.751677 3.955981 2.750006
v -0.750882 3.973116 2.999892
v -0.750257 3.984620 3.249936
v -0.750805 3.995850 3.500000
v -0.750429 3.995949 3.750000
v -0.750429 3.995949 4.000000
v -0.955527 0.104410 0.577665
v -1.024161 0.068912 0.725667
v -1.001197 -0.000071 0.999312
v -1.002335 -0.043963 1.248810
v -1.001313 -0.074182 1.499216
v -1.000669 -0.093121 1.749673
v -1.000416 -0.102118 1.999901
v -1.000211 -0.104919 2.249964
v -1.000088 -0.106276 2.500005
v -1.000008 -0.105454 2.750011
v -0.999989 -0.103615 3.000017
v -0.999993 -0.100667 3.250009
v -0.999993 -0.099329 3.500000
v -0.999992 -0.099329 3.750000
v -0.999992 -0.099329 4.000000
v -1.002515 0.341281 0.069812
v -1.001846 0.252994 0.247306
v -1.023364 0.155943 0.496539
v -1.122387 0.125282 0.627492
v -0.877376 0.623496 -0.376650
v -0.980385 0.558921 -0.248478
v -1.003518 0.419832 -0.056719
v -0.978824 0.766819 -0.417632
v -1.046974 0.695117 -0.325253
v -0.904844 1.095858 -0.650757
v -0.992942 1.006837 -0.540693
v -0.887439 1.362987 -0.884481
v -0.982284 1.264501 -0.744724
v -1.075564 1.169476 -0.594205
v -0.890485 1.411819 -0.890556
v -0.994252 1.499845 -0.834560
v -0.990044 1.751077 -0.704386
v -1.057648 1.822976 -0.581049
v -0.889457 1.887377 -0.635359
v -0.983745 1.979771 -0.487577
v -1.090749 2.084810 -0.346733
v -0.919896 2.249962 -0.411618
v -1.046434 2.250700 -0.313075
v -0.884324 2.390874 -0.382820
v -1.005196 2.506373 -0.249462
v -1.122968 2.620268 -0.123468
v -0.951744 2.751437 -0.174846
v -1.081661 2.754825 -0.093088
v -0.894085 2.897457 -0.134711
v -1.009705 3.000790 -0.011969
v -1.104805 3.091646 0.169381
v -0.941913 3.180971 0.068854
v -0.998014 3.251729 0.266701
v -1.058197 3.319442 0.503687
v -1.120650 3.372228 0.628911
v -0.879661 3.378843 0.369417
v -0.935353 3.402309 0.501586
v -1.025721 3.465638 0.723565
v -1.000459 3.553647 0.999583
v -1.001014 3.606099 1.227123
v -1.065275 3.594838 1.500026
v -1.099145 3.610248 1.750271
v -1.124952 3.624973 1.875081
v -0.914769 3.640763 1.297294
v -0.938698 3.638868 1.500261
v -0.973710 3.660116 1.750482
v -1.024520 3.692001 1.975366
v -1.002750 3.777315 2.248707
v -0.985226 3.828560 2.502881
v -1.041490 3.841534 2.749656
v -1.069904 3.853219 2.999878
v -1.099503 3.865391 3.249959
v -1.120878 3.875272 3.500000
v -1.123178 3.874385 3.750000
v -1.123178 3.874385 4.000000
v -0.890644 3.881673 2.588753
v -0.916151 3.894023 2.749715
v -0.944840 3.903526 2.999908
v -0.974732 3.912207 3.249887
v -0.996333 3.920826 3.500000
v -0.998798 3.919972 3.750000
v -0.998798 3.919972 4.000000
v -1.251206 0.099194 0.804462
v -1.250023 0.073624 0.999995
v -1.249058 0.042551 1.250537
v -1.252328 -0.006197 1.498886
v -1.253330 -0.043674 1.748846
v -1.252243 -0.062418 1.999565
v -1.251336 -0.074570 2.249659
v -1.250968 -0.085896 2.499783
v -1.250640 -0.092295 2.749897
v -1.250440 -0.095245 2.999973
v -1.250259 -0.096513 3.249966
v -1.250185 -0.098119 3.500000
v -1.250172 -0.098120 3.750000
v -1.250172 -0.098120 4.000000
v -1.125940 0.374363 0.124103
v -1.229057 0.340572 0.269849
v -1.256519 0.219270 0.491146
v -1.257845 0.133846 0.682310
v -1.159326 0.597889 -0.156501
v -1.229861 0.510927 0.020852
v -1.297567 0.427118 0.200974
v -1.137789 0.864518 -0.383197
v -1.239998 0.762740 -0.249879
v -1.327816 0.676938 -0.075745
v -1.236149 1.015904 -0.422755
v -1.312196 0.942875 -0.332057
v -1.171810 1.330394 -0.668059
v -1.259144 1.241800 -0.553415
v -1.204716 1.501638 -0.704552
v -1.333787 1.501960 -0.590395
v -1.167688 1.661677 -0.665746
v -1.263233 1.760754 -0.515153
v -1.346388 1.842225 -0.343839
v -1.170280 1.917582 -0.411315
v -1.260892 2.003912 -0.256353
v -1.355126 2.093386 -0.106739
v -1.194869 2.249571 -0.185160
v -1.320284 2.249763 -0.077569
v -1.155475 2.453720 -0.150262
v -1.247590 2.523795 -0.056279
v -1.252684 2.737810 0.046217
v -1.340116 2.824072 0.246672
v -1.373014 2.873089 0.379477
v -1.158481 2.921995 0.093126
v -1.214101 3.005065 0.253044
v -1.320240 2.994623 0.443851
v -1.151886 3.146897 0.338538
v -1.239721 3.186414 0.523893
v -1.257999 3.325097 0.653293
v -1.254216 3.436161 0.783410
v -1.253264 3.500961 0.996909
v -1.262432 3.530903 1.250111
v -1.264361 3.521731 1.500370
v -1.259009 3.545947 1.747258
v -1.255493 3.590629 1.972975
v -1.346184 3.609867 2.248902
v -1.372707 3.624002 2.383507
v -1.170176 3.650605 2.040748
v -1.224040 3.680206 2.249808
v -1.276735 3.695059 2.479154
v -1.251689 3.742760 2.749612
v -1.251375 3.772709 2.999662
v -1.251148 3.802594 3.249615
v -1.251784 3.822224 3.499999
v -1.250912 3.822594 3.750000
v -1.250912 3.822594 4.000000
v -1.382672 0.121009 0.863574
v -1.392875 0.113115 0.999931
v -1.413855 0.102131 1.249803
v -1.458664 0.076751 1.498844
v -1.520591 0.068223 1.750894
v -1.501941 0.033429 1.999577
v -1.502957 0.003936 2.249168
v -1.503128 -0.023299 2.499223
v -1.502648 -0.041781 2.749475
v -1.502050 -0.052997 2.999720
v -1.501450 -0.062291 3.249650
v -1.501428 -0.070209 3.500000
v -1.501229 -0.070247 3.750000
v -1.501229 -0.070247 4.000000
v -1.376898 0.373565 0.372649
v -1.430674 0.329076 0.498168
v -1.522889 0.224862 0.744958
v -1.534783 0.179390 0.999872
v -1.544836 0.179139 1.248844
v -1.586692 0.145094 1.497629
v -1.614153 0.129098 1.668989
v -1.411815 0.597864 0.091294
v -1.481853 0.513334 0.270197
v -1.556368 0.430433 0.497838
v -1.615218 0.384196 0.653375
v -1.404100 0.844407 -0.157462
v -1.490485 0.770013 0.019191
v -1.584629 0.689011 0.167985
v -1.380694 1.116424 -0.381220
v -1.441212 1.014188 -0.250922
v -1.566439 0.999324 -0.042314
v -1.412275 1.246666 -0.421957
v -1.519276 1.247348 -0.256977
v -1.598819 1.250099 -0.082504
v -1.437470 1.501360 -0.451511
v -1.529081 1.500608 -0.252185
v -1.600086 1.499905 -0.092944
v -1.412231 1.671620 -0.422147
v -1.461137 1.756730 -0.258019
v -1.569043 1.748991 -0.065313
v -1.403578 1.925748 -0.168568
v -1.505415 2.013891 -0.000077
v -1.616484 2.105651 0.134185
v -1.465204 2.250435 0.045364
v -1.590953 2.250708 0.163258
v -1.418055 2.502013 0.086693
v -1.558475 2.518175 0.241946
v -1.618507 2.609631 0.414730
v -1.381986 2.636603 0.118364
v -1.440001 2.700681 0.244563
v -1.507684 2.757328 0.482174
v -1.557110 2.790244 0.754662
v -1.603043 2.836221 0.956840
v -1.388953 2.996456 0.569412
v -1.494141 3.001177 0.746273
v -1.598082 2.978565 1.022032
v -1.597873 3.022917 1.250242
v -1.590038 3.068633 1.502258
v -1.618413 3.114509 1.637060
v -1.376569 3.127856 0.622492
v -1.450333 3.233356 0.736134
v -1.575999 3.260732 0.989347
v -1.535189 3.256623 1.259070
v -1.485960 3.243557 1.501769
v -1.562452 3.254724 1.729540
v -1.582589 3.332588 1.999584
v -1.607169 3.357775 2.171138
v -1.415829 3.412197 0.835476
v -1.448446 3.440303 0.996019
v -1.436402 3.427063 1.256588
v -1.394733 3.398600 1.500047
v -1.425447 3.423036 1.748263
v -1.457864 3.449046 1.999490
v -1.518569 3.471298 2.251122
v -1.491574 3.561751 2.478769
v -1.546276 3.573634 2.749727
v -1.579335 3.598687 2.999624
v -1.604749 3.612933 3.193059
v -1.395889 3.638866 2.549984
v -1.420375 3.651242 2.749975
v -1.454258 3.670351 2.999628
v -1.514589 3.677632 3.265253
v -1.502578 3.705140 3.499999
v -1.501431 3.705728 3.750000
v -1.501431 3.705728 4.000000
v -1.633209 0.117229 1.835740
v -1.646033 0.109230 1.999879
v -1.674679 0.090811 2.249411
v -1.708880 0.071237 2.499066
v -1.737622 0.058048 2.749238
v -1.778292 0.057632 2.982416
v -1.753800 0.022163 3.248999
v -1.754390 0.005202 3.499999
v -1.753613 0.004875 3.750000
v -1.753613 0.004875 4.000000
v -1.647980 0.342690 0.816321
v -1.661903 0.327435 0.999670
v -1.667973 0.314382 1.250419
v -1.715711 0.269137 1.494461
v -1.763618 0.227861 1.753276
v -1.779390 0.201243 1.998391
v -1.801661 0.172810 2.248818
v -1.833417 0.148572 2.499330
v -1.860091 0.133043 2.749766
v -1.872848 0.126131 2.888498
v -1.650969 0.602856 0.341204
v -1.699991 0.549688 0.494772
v -1.760766 0.498304 0.762939
v -1.780389 0.496573 1.000020
v -1.785193 0.494327 1.251161
v -1.825871 0.455390 1.500377
v -1.860450 0.409168 1.678639
v -1.634568 0.861966 0.113717
v -1.702166 0.757875 0.240897
v -1.841419 0.730005 0.476356
v -1.868282 0.644650 0.705284
v -1.659933 0.998290 0.079303
v -1.801525 0.996110 0.254237
v -1.865381 0.913530 0.392957
v -1.687715 1.250709 0.045146
v -1.820396 1.248612 0.187540
v -1.714889 1.500037 0.031955
v -1.850283 1.498701 0.146364
v -1.700317 1.750270 0.056756
v -1.833009 1.753071 0.157161
v -1.657575 1.937596 0.098595
v -1.766085 2.030268 0.234064
v -1.873407 2.122390 0.376992
v -1.714989 2.249454 0.291506
v -1.841513 2.250078 0.421060
v -1.672783 2.440704 0.329571
v -1.747737 2.509457 0.498448
v -1.790082 2.550257 0.749248
v -1.810152 2.561890 0.999561
v -1.834293 2.573640 1.249389
v -1.853827 2.592799 1.499973
v -1.868767 2.613463 1.642605
v -1.642355 2.643112 0.584595
v -1.648821 2.661338 0.751996
v -1.651691 2.742912 1.027748
v -1.696125 2.740383 1.253172
v -1.754277 2.745846 1.502043
v -1.831913 2.753582 1.736862
v -1.867312 2.843055 1.902975
v -1.625395 2.879728 1.122726
v -1.629807 2.896394 1.250155
v -1.653264 2.945800 1.501544
v -1.714581 3.022270 1.728792
v -1.834138 3.006028 1.988497
v -1.854405 3.085719 2.192404
v -1.660919 3.169991 1.801387
v -1.700639 3.213094 1.997613
v -1.748982 3.248711 2.263999
v -1.798879 3.293777 2.498601
v -1.846541 3.348020 2.748576
v -1.868731 3.369626 2.902963
v -1.639047 3.388342 2.337435
v -1.673259 3.416963 2.498960
v -1.720673 3.451354 2.748918
v -1.775108 3.464555 2.990813
v -1.731494 3.548043 3.264491
v -1.763591 3.553225 3.499999
v -1.764420 3.552670 3.750000
v -1.764420 3.552670 4.000000
v -1.629572 3.628167 3.359634
v -1.635337 3.632903 3.500000
v -1.636576 3.632185 3.750000
v -1.636576 3.632185 4.000000
v -1.885053 0.116509 3.055031
v -1.901686 0.104589 3.249649
v -1.918499 0.090868 3.499999
v -1.919489 0.091496 3.750000
v -1.919489 0.091496 4.000000
v -1.885689 0.361720 1.845763
v -1.912174 0.334119 1.998639
v -1.951589 0.295499 2.247106
v -1.982882 0.267537 2.497972
v -2.029579 0.270578 2.762595
v -1.989190 0.205638 2.981936
v -2.032840 0.207286 3.248062
v -2.049084 0.188243 3.499997
v -2.049113 0.188267 3.750000
v -2.049113 0.188267 4.000000
v -1.875334 0.624650 0.873713
v -1.881337 0.618997 0.999880
v -1.883949 0.613850 1.250117
v -1.895912 0.582308 1.500937
v -1.923084 0.496847 1.758099
v -2.011039 0.497350 1.997876
v -2.091459 0.496946 2.225605
v -2.106403 0.417339 2.498515
v -2.119523 0.388144 2.689346
v -1.916103 0.813451 0.557276
v -1.940672 0.732048 0.771469
v -1.988976 0.741829 0.998447
v -2.000020 0.744776 1.250592
v -1.989565 0.754115 1.500241
v -2.026953 0.754382 1.752882
v -2.102461 0.728187 1.980358
v -2.124430 0.630399 2.131195
v -1.891413 1.081349 0.352983
v -1.946547 0.996670 0.483406
v -2.075337 1.004671 0.751687
v -2.112556 0.919658 0.996567
v -2.119676 0.907252 1.252472
v -2.085593 0.960643 1.498446
v -2.096335 0.939287 1.752593
v -2.122716 0.888379 1.884212
v -1.929917 1.248781 0.314985
v -2.064613 1.257970 0.509391
v -2.106096 1.187323 0.676159
v -1.977555 1.498078 0.271559
v -2.109097 1.495857 0.433971
v -1.981301 1.752379 0.281732
v -2.110227 1.751127 0.407834
v -1.937458 1.958768 0.326771
v -2.022981 2.033586 0.428580
v -2.126100 2.118298 0.804953
v -2.112666 2.097765 1.000576
v -2.092895 2.061006 1.249992
v -2.086966 2.039024 1.500036
v -2.095634 2.060900 1.750682
v -2.113073 2.099223 1.909915
v -2.000578 2.235676 0.550157
v -2.070706 2.236377 0.732443
v -2.029836 2.253212 1.000790
v -2.008804 2.251302 1.250033
v -2.018402 2.253768 1.499320
v -2.039829 2.252345 1.749125
v -2.076559 2.243325 1.997389
v -2.102475 2.325390 2.171239
v -1.909588 2.406071 0.601782
v -1.935876 2.437484 0.747450
v -1.929031 2.442124 1.000521
v -1.923848 2.450624 1.249519
v -1.929283 2.473563 1.499111
v -1.939475 2.522011 1.733743
v -1.993707 2.498209 2.001254
v -2.075376 2.500836 2.254289
v -2.112872 2.587741 2.405344
v -1.891927 2.674725 1.809454
v -1.925657 2.756206 1.991318
v -2.005441 2.749430 2.250771
v -2.092250 2.765015 2.493053
v -2.120289 2.858564 2.640650
v -1.898056 2.918800 2.069816
v -1.922170 3.002933 2.264245
v -2.006145 3.003013 2.497519
v -2.095097 3.010730 2.730783
v -2.113220 3.095762 2.946422
v -1.880051 3.131730 2.359921
v -1.908690 3.166856 2.499295
v -1.964127 3.227560 2.746237
v -2.007748 3.257393 3.006556
v -2.041065 3.281091 3.247818
v -2.060536 3.305256 3.499998
v -2.060221 3.305588 3.750000
v -2.060221 3.305588 4.000000
v -1.888580 3.387791 3.069519
v -1.911068 3.407624 3.249366
v -1.932154 3.426504 3.499999
v -1.932618 3.426110 3.750000
v -1.932618 3.426110 4.000000
v -2.127961 0.371497 2.856495
v -2.136377 0.361063 2.999808
v -2.153588 0.339201 3.249598
v -2.173340 0.317647 3.499998
v -2.172955 0.317166 3.750000
v -2.172955 0.317166 4.000000
v -2.150693 0.586174 2.296799
v -2.171953 0.544296 2.498692
v -2.183870 0.479825 2.762704
v -2.218598 0.495951 2.999134
v -2.251296 0.497127 3.248665
v -2.285101 0.493703 3.499997
v -2.285959 0.495465 3.750000
v -2.285959 0.495465 4.000000
v -2.153834 0.796259 2.049832
v -2.183605 0.726605 2.227395
v -2.244414 0.749155 2.499416
v -2.289827 0.748379 2.749134
v -2.322106 0.748475 2.999455
v -2.350542 0.749885 3.228503
v -2.364250 0.678909 3.499998
v -2.362310 0.673667 3.750000
v -2.362310 0.673667 4.000000
v -2.142739 1.096997 0.841300
v -2.174387 1.045200 0.994863
v -2.185725 1.029310 1.255831
v -2.135254 1.085390 1.498161
v -2.134048 1.064338 1.752029
v -2.180730 0.981802 1.978604
v -2.253395 0.998959 2.248650
v -2.302833 0.999279 2.499093
v -2.354762 1.008206 2.756933
v -2.370122 0.921734 2.999565
v -2.373837 0.881255 3.131313
v -2.136641 1.353323 0.607149
v -2.147262 1.263121 0.756725
v -2.213221 1.249496 0.996733
v -2.240645 1.248357 1.251575
v -2.206095 1.247881 1.500671
v -2.206746 1.247741 1.749490
v -2.229477 1.249992 1.999995
v -2.265077 1.250029 2.251372
v -2.323497 1.250068 2.500374
v -2.366645 1.249844 2.684231
v -2.172648 1.495259 0.565695
v -2.197618 1.502166 0.750421
v -2.236515 1.500638 1.000501
v -2.246607 1.500077 1.249923
v -2.240907 1.500165 1.499944
v -2.252687 1.500071 1.749220
v -2.257756 1.499898 2.000004
v -2.282911 1.500903 2.251505
v -2.349413 1.518478 2.522415
v -2.371173 1.447609 2.649448
v -2.205221 1.749293 0.532081
v -2.259875 1.749091 0.748908
v -2.285108 1.752495 0.997383
v -2.239092 1.752663 1.252806
v -2.198550 1.750365 1.500039
v -2.212823 1.751570 1.749311
v -2.257010 1.751246 1.998437
v -2.304684 1.749908 2.248962
v -2.357393 1.749930 2.493993
v -2.175940 2.010393 0.577471
v -2.185410 2.025565 0.733808
v -2.188343 1.973705 1.000496
v -2.158767 1.934152 1.249129
v -2.133694 1.911448 1.499760
v -2.140947 1.934161 1.751420
v -2.176279 2.010107 1.995551
v -2.268996 2.003844 2.246359
v -2.347740 1.978853 2.520892
v -2.368609 2.045934 2.695642
v -2.126394 2.126686 0.623724
v -2.128754 2.128136 0.636650
v -2.136941 2.158700 2.077244
v -2.169431 2.245083 2.252828
v -2.266103 2.251241 2.498627
v -2.341446 2.231391 2.767252
v -2.359847 2.300917 2.952301
v -2.141674 2.421216 2.336306
v -2.180891 2.504002 2.491631
v -2.268637 2.500992 2.749071
v -2.337656 2.478861 3.020868
v -2.359154 2.547271 3.184650
v -2.147870 2.691886 2.571517
v -2.185076 2.766262 2.733115
v -2.266945 2.751650 2.998507
v -2.335677 2.739111 3.258944
v -2.358045 2.792036 3.499998
v -2.355959 2.798610 3.750000
v -2.355959 2.798610 4.000000
v -2.155217 2.928885 2.805349
v -2.175253 3.010266 3.016382
v -2.231587 3.004093 3.247493
v -2.271990 3.006550 3.499997
v -2.272954 3.004631 3.750000
v -2.272954 3.004631 4.000000
v -2.127849 3.128573 3.114127
v -2.145052 3.151122 3.249405
v -2.167207 3.177918 3.499998
v -2.166593 3.178755 3.750000
v -2.166593 3.178755 4.000000
v -2.391496 0.833221 3.297504
v -2.405658 0.804479 3.499998
v -2.404002 0.798838 3.750000
v -2.404002 0.798838 4.000000
v -2.382137 1.098612 2.846474
v -2.393974 1.047004 2.999637
v -2.410656 0.978798 3.228842
v -2.451788 0.998948 3.499999
v -2.451932 0.999721 3.750000
v -2.451932 0.999721 4.000000
v -2.390590 1.249828 2.809354
v -2.418243 1.249907 2.999870
v -2.453387 1.250226 3.250533
v -2.485925 1.249700 3.499999
v -2.485965 1.250109 3.750000
v -2.485965 1.250109 4.000000
v -2.376026 1.614326 2.621129
v -2.393342 1.518538 2.739546
v -2.433512 1.500007 3.000022
v -2.471010 1.500169 3.250749
v -2.504774 1.499846 3.499999
v -2.504788 1.500094 3.750000
v -2.504788 1.500094 4.000000
v -2.378570 1.750003 2.619631
v -2.399635 1.750046 2.749617
v -2.435922 1.750046 2.999837
v -2.474983 1.749954 3.250334
v -2.510223 1.750140 3.499999
v -2.510227 1.750012 3.750000
v -2.510227 1.750012 4.000000
v -2.375878 1.878325 2.622186
v -2.388852 1.977525 2.767236
v -2.416325 2.000183 2.999803
v -2.457115 1.999824 3.250449
v -2.493571 2.000363 3.499999
v -2.493611 1.999939 3.750000
v -2.493611 1.999939 4.000000
v -2.377544 2.134413 2.863109
v -2.384396 2.230399 3.021525
v -2.426988 2.249975 3.250052
v -2.465401 2.250602 3.499999
v -2.465475 2.250026 3.750000
v -2.465475 2.250026 4.000000
v -2.376448 2.380689 3.118865
v -2.394536 2.478811 3.260039
v -2.427476 2.501212 3.499998
v -2.427619 2.500420 3.750000
v -2.427619 2.500420 4.000000
v -2.383984 2.646486 3.350678
v -2.393043 2.665780 3.499998
v -2.391326 2.672789 3.750000
v -2.391326 2.672789 4.000000
vt -0.991765 -0.491767
vt -0.999561 -0.439037
vt -1.006322 -0.366175
vt -1.008831 -0.299787
vt -1.008940 -0.237085
vt -1.008575 -0.175113
vt -1.008209 -0.113143
vt -1.007968 -0.050991
vt -1.007886 0.011391
vt -1.007968 0.074009
vt -1.008209 0.136857
vt -1.008575 0.199885
vt -1.008940 0.262911
vt -1.008831 0.325299
vt -1.006322 0.384439
vt -0.999561 0.437770
vt -0.991765 0.467978
vt -0.971455 -0.584470
vt -0.983056 -0.536753
vt -0.983056 0.487803
vt -0.971455 0.502007
vt -0.955408 -0.635900
vt -0.955408 0.507079
vt -0.928105 -0.704849
vt -0.939370 -0.678154
vt -0.939370 0.503001
vt -0.928105 0.497152
vt -0.910025 -0.742947
vt -0.910025 0.483019
vt -0.887490 -0.784005
vt -0.887490 0.458977
vt -0.864992 -0.821209
vt -0.864992 0.431185
vt -0.842499 -0.855058
vt -0.842499 0.400055
vt -0.820005 -0.883395
vt -0.820005 0.363411
vt -0.797498 -0.908872
vt -0.797498 0.323865
vt -0.774962 -0.931959
vt -0.774962 0.281850
vt -0.759449 -0.945294
vt -0.748125 -0.952809
vt -0.748125 0.225170
vt -0.759449 0.250369
vt -0.729583 -0.958840
vt -0.729583 0.177636
vt -0.713912 -0.954886
vt -0.702497 -0.944782
vt -0.702497 0.085329
vt -0.713912 0.128410
vt -0.691650 -0.928549
vt -0.680260 -0.902952
vt -0.680260 -0.020742
vt -0.691650 0.037760
vt -0.673103 -0.881328
vt -0.666484 -0.857102
vt -0.655967 -0.809665
vt -0.651305 -0.784465
vt -0.651305 -0.222876
vt -0.655967 -0.184209
vt -0.666484 -0.106387
vt -0.673103 -0.063040
vt -0.647203 -0.759296
vt -0.640365 -0.707081
vt -0.635415 -0.651701
vt -0.632457 -0.593440
vt -0.631475 -0.532314
vt -0.632457 -0.468352
vt -0.635415 -0.401546
vt -0.640365 -0.331866
vt -0.647203 -0.259897
vt -0.929265 -0.491767
vt -0.937061 -0.439037
vt -0.943822 -0.366175
vt -0.946331 -0.299787
vt -0.946440 -0.237085
vt -0.946075 -0.175113
vt -0.945709 -0.113143
vt -0.945468 -0.050991
vt -0.945386 0.011391
vt -0.945468 0.074009
vt -0.945709 0.136857
vt -0.946075 0.199885
vt -0.946440 0.262911
vt -0.946331 0.325299
vt -0.943822 0.384439
vt -0.937061 0.437770
vt -0.929265 0.467978
vt -0.908955 -0.584470
vt -0.920556 -0.536753
vt -0.920556 0.487803
vt -0.908955 0.502007
vt -0.892908 -0.635900
vt -0.892908 0.507079
vt -0.865605 -0.704849
vt -0.876870 -0.678154
vt -0.876870 0.503001
vt -0.865605 0.497152
vt -0.847525 -0.742947
vt -0.847525 0.483019
vt -0.824990 -0.784005
vt -0.824990 0.458977
vt -0.802492 -0.821209
vt -0.802492 0.431185
vt -0.779999 -0.855058
vt -0.779999 0.400055
vt -0.757505 -0.883395
vt -0.757505 0.363411
vt -0.734998 -0.908872
vt -0.734998 0.323865
vt -0.712462 -0.931959
vt -0.712462 0.281850
vt -0.696949 -0.945294
vt -0.685625 -0.952809
vt -0.685625 0.225170
vt -0.696949 0.250369
vt -0.667083 -0.958840
vt -0.667083 0.177636
vt -0.651412 -0.954886
vt -0.639997 -0.944782
vt -0.639997 0.085329
vt -0.651412 0.128410
vt -0.629150 -0.928549
vt -0.617760 -0.902952
vt -0.617760 -0.020742
vt -0.629150 0.037760
vt -0.610603 -0.881328
vt -0.603984 -0.857102
vt -0.593467 -0.809665
vt -0.588805 -0.784465
vt -0.588805 -0.222876
vt -0.593467 -0.184209
vt -0.603984 -0.106387
vt -0.610603 -0.063040
vt -0.584703 -0.759296
vt -0.577865 -0.707081
vt -0.572915 -0.651701
vt -0.569957 -0.593440
vt -0.568975 -0.532314
vt -0.569957 -0.468352
vt -0.572915 -0.401546
vt -0.577865 -0.331866
vt -0.584703 -0.259897
vt -0.866821 -0.491442
vt -0.874532 -0.439273
vt -0.881319 -0.366230
vt -0.883831 -0.299791
vt -0.883940 -0.237085
vt -0.883575 -0.175114
vt -0.883209 -0.113143
vt -0.882968 -0.050991
vt -0.882886 0.011391
vt -0.882968 0.074009
vt -0.883209 0.136857
vt -0.883575 0.199884
vt -0.883940 0.262910
vt -0.883831 0.325294
vt -0.881329 0.384355
vt -0.874628 0.437424
vt -0.866592 0.468482
vt -0.846412 -0.584627
vt -0.858059 -0.536738
vt -0.858059 0.487798
vt -0.846532 0.501947
vt -0.830563 -0.635466
vt -0.822100 0.506946
vt -0.788909 0.512434
vt -0.802599 -0.705990
vt -0.813899 -0.679317
vt -0.827482 0.503462
vt -0.801932 0.499993
vt -0.785096 -0.742807
vt -0.784716 0.482736
vt -0.762528 -0.783940
vt -0.762318 0.458780
vt -0.740015 -0.821172
vt -0.739886 0.431055
vt -0.717487 -0.855075
vt -0.717541 0.400126
vt -0.694966 -0.883441
vt -0.695161 0.363685
vt -0.672445 -0.908928
vt -0.672709 0.324254
vt -0.649892 -0.932026
vt -0.650240 0.282397
vt -0.635066 -0.944823
vt -0.623704 -0.952483
vt -0.621034 0.220252
vt -0.632219 0.245588
vt -0.604415 -0.958849
vt -0.605167 0.179288
vt -0.588984 -0.954929
vt -0.577525 -0.944815
vt -0.577402 0.084942
vt -0.588731 0.127783
vt -0.566616 -0.928486
vt -0.555210 -0.902818
vt -0.555364 -0.020158
vt -0.566773 0.038344
vt -0.548040 -0.881116
vt -0.541537 -0.857311
vt -0.531000 -0.809836
vt -0.526225 -0.784002
vt -0.553999 -0.222738
vt -0.534191 -0.191296
vt -0.541375 -0.107137
vt -0.548256 -0.062084
vt -0.522125 -0.758788
vt -0.515374 -0.707166
vt -0.510417 -0.651742
vt -0.507457 -0.593450
vt -0.506475 -0.532314
vt -0.507456 -0.468370
vt -0.510411 -0.401616
vt -0.515351 -0.332031
vt -0.527105 -0.252451
vt -0.512341 -0.221337
vt -0.802990 -0.488975
vt -0.810209 -0.441403
vt -0.817966 -0.367335
vt -0.821136 -0.300074
vt -0.821515 -0.236979
vt -0.821160 -0.174990
vt -0.820789 -0.113027
vt -0.820538 -0.050889
vt -0.820422 0.011442
vt -0.820456 0.073992
vt -0.820642 0.136761
vt -0.820958 0.199717
vt -0.821322 0.262743
vt -0.821488 0.325484
vt -0.820151 0.386068
vt -0.815701 0.442101
vt -0.803243 0.490995
vt -0.775596 0.520147
vt -0.781805 -0.582624
vt -0.793303 -0.535262
vt -0.813234 0.499311
vt -0.787322 0.528541
vt -0.757670 0.556311
vt -0.767402 -0.627447
vt -0.789103 0.524183
vt -0.764882 0.541836
vt -0.750644 -0.706339
vt -0.740367 -0.685183
vt -0.743208 0.538329
vt -0.712667 0.555434
vt -0.719444 -0.730193
vt -0.704114 -0.708774
vt -0.732955 0.509045
vt -0.703584 0.539160
vt -0.700066 -0.774879
vt -0.715355 0.480741
vt -0.686306 0.511096
vt -0.677598 -0.811837
vt -0.695664 0.450603
vt -0.666569 0.480906
vt -0.654988 -0.845359
vt -0.673865 0.418843
vt -0.644660 0.448946
vt -0.632569 -0.873725
vt -0.648943 0.384181
vt -0.619802 0.414536
vt -0.610026 -0.899476
vt -0.622503 0.348069
vt -0.593381 0.378761
vt -0.590529 -0.921949
vt -0.564449 -0.923415
vt -0.594710 0.310744
vt -0.564749 0.340797
vt -0.598170 -0.939904
vt -0.567650 -0.940673
vt -0.584831 0.220781
vt -0.565309 0.267216
vt -0.545285 0.314573
vt -0.541716 -0.949635
vt -0.561396 0.194489
vt -0.531553 0.221278
vt -0.528524 -0.946840
vt -0.516580 -0.937540
vt -0.530154 0.088207
vt -0.517703 0.138709
vt -0.503573 0.190111
vt -0.505572 -0.921512
vt -0.496225 -0.894259
vt -0.472235 -0.871722
vt -0.489932 -0.012981
vt -0.500311 0.052022
vt -0.483436 0.096049
vt -0.512629 -0.879022
vt -0.484963 -0.857027
vt -0.470204 -0.807058
vt -0.464589 -0.777172
vt -0.466836 -0.177003
vt -0.475202 -0.112199
vt -0.483381 -0.053665
vt -0.460374 -0.752051
vt -0.453995 -0.705400
vt -0.448592 -0.650689
vt -0.445139 -0.593164
vt -0.443664 -0.532789
vt -0.444217 -0.469477
vt -0.446725 -0.403343
vt -0.451151 -0.334439
vt -0.457442 -0.262845
vt -0.462424 -0.214635
vt -0.758120 -0.486333
vt -0.743146 -0.451526
vt -0.754375 -0.369050
vt -0.758320 -0.300568
vt -0.759095 -0.236857
vt -0.758763 -0.174842
vt -0.758423 -0.112833
vt -0.758204 -0.050649
vt -0.758076 0.011665
vt -0.758051 0.074128
vt -0.758125 0.136736
vt -0.758285 0.199467
vt -0.758603 0.262426
vt -0.758926 0.325393
vt -0.758464 0.387265
vt -0.755593 0.445707
vt -0.749227 0.499111
vt -0.741616 0.532363
vt -0.737042 -0.581123
vt -0.726542 -0.533309
vt -0.715288 -0.483866
vt -0.734566 0.553609
vt -0.723370 0.573918
vt -0.705755 -0.611231
vt -0.692981 -0.580056
vt -0.711099 0.583085
vt -0.685631 0.597351
vt -0.682329 -0.675699
vt -0.717553 0.567891
vt -0.685687 0.581110
vt -0.671809 -0.735280
vt -0.658888 -0.719570
vt -0.657592 0.573853
vt -0.629585 0.587980
vt -0.633582 -0.764315
vt -0.617903 -0.747826
vt -0.644703 0.539222
vt -0.613280 0.563338
vt -0.614841 -0.799221
vt -0.624394 0.509362
vt -0.591889 0.531726
vt -0.592342 -0.832648
vt -0.602738 0.477586
vt -0.570306 0.500394
vt -0.562241 -0.862776
vt -0.528841 -0.869012
vt -0.578247 0.442992
vt -0.546437 0.466466
vt -0.559559 -0.889797
vt -0.528288 -0.884686
vt -0.551923 0.407186
vt -0.520910 0.430844
vt -0.560399 -0.906085
vt -0.529076 -0.910722
vt -0.520332 0.373580
vt -0.504577 0.408615
vt -0.502029 -0.930257
vt -0.520111 0.285405
vt -0.504968 0.317527
vt -0.477923 -0.939722
vt -0.449361 -0.934807
vt -0.481319 0.250858
vt -0.468490 0.284812
vt -0.489318 -0.940286
vt -0.458698 -0.930888
vt -0.451743 0.147692
vt -0.463095 0.195540
vt -0.444764 -0.913731
vt -0.434639 -0.894192
vt -0.425351 -0.866546
vt -0.445558 -0.005352
vt -0.429831 0.034002
vt -0.442090 0.102485
vt -0.419534 -0.843681
vt -0.410430 -0.803120
vt -0.403134 -0.766758
vt -0.402268 -0.166059
vt -0.407889 -0.119058
vt -0.418856 -0.036985
vt -0.402277 0.000481
vt -0.398840 -0.741685
vt -0.393165 -0.703032
vt -0.386806 -0.649733
vt -0.382397 -0.593614
vt -0.380253 -0.534162
vt -0.380347 -0.471462
vt -0.382328 -0.406073
vt -0.386143 -0.338069
vt -0.391732 -0.267500
vt -0.398135 -0.203282
vt -0.681804 -0.439773
vt -0.690399 -0.371207
vt -0.695063 -0.301653
vt -0.696416 -0.237115
vt -0.696279 -0.174816
vt -0.695993 -0.112731
vt -0.695752 -0.050579
vt -0.695609 0.011715
vt -0.695577 0.074168
vt -0.695571 0.136660
vt -0.695575 0.199164
vt -0.695871 0.262093
vt -0.696254 0.325145
vt -0.696270 0.387680
vt -0.694692 0.447925
vt -0.690671 0.504616
vt -0.684139 0.558073
vt -0.660069 0.591125
vt -0.663342 -0.528458
vt -0.674652 -0.481121
vt -0.698519 0.569926
vt -0.674334 0.602268
vt -0.646831 0.634430
vt -0.637588 -0.613974
vt -0.648910 -0.579856
vt -0.682483 0.605021
vt -0.650614 0.631954
vt -0.619998 0.664314
vt -0.619726 -0.660186
vt -0.645825 0.615675
vt -0.612081 0.656645
vt -0.588887 0.680133
vt -0.597302 -0.706988
vt -0.639932 0.604908
vt -0.613887 0.619264
vt -0.579491 0.663949
vt -0.595390 -0.770805
vt -0.579209 -0.749463
vt -0.589150 0.594706
vt -0.561024 0.636224
vt -0.578853 -0.790569
vt -0.547731 -0.780750
vt -0.568937 0.564153
vt -0.540722 0.606436
vt -0.552129 -0.823878
vt -0.520909 -0.816019
vt -0.548018 0.532914
vt -0.519144 0.574848
vt -0.536155 -0.849096
vt -0.507682 -0.853372
vt -0.523387 0.498408
vt -0.494740 0.539987
vt -0.484908 -0.876915
vt -0.496749 0.461692
vt -0.468612 0.503221
vt -0.462329 -0.899187
vt -0.484631 0.382077
vt -0.472513 0.420535
vt -0.440579 0.464399
vt -0.439358 -0.918494
vt -0.459716 0.350082
vt -0.426731 0.394800
vt -0.420890 0.439131
vt -0.420715 -0.927802
vt -0.409678 -0.926890
vt -0.433963 0.249408
vt -0.417220 0.296140
vt -0.402116 0.350866
vt -0.396329 -0.915894
vt -0.370192 -0.901774
vt -0.406630 0.152195
vt -0.396868 0.203018
vt -0.386321 0.258599
vt -0.410097 -0.909531
vt -0.379230 -0.893050
vt -0.363560 -0.860521
vt -0.365406 0.045672
vt -0.377434 0.117565
vt -0.361864 0.159505
vt -0.357959 -0.837031
vt -0.350587 -0.799027
vt -0.342290 -0.755229
vt -0.368066 -0.160742
vt -0.346883 -0.125897
vt -0.351875 -0.047268
vt -0.359304 0.005467
vt -0.338023 -0.730122
vt -0.332893 -0.699667
vt -0.325248 -0.648439
vt -0.320183 -0.593173
vt -0.317535 -0.534438
vt -0.317033 -0.472638
vt -0.318217 -0.408415
vt -0.321091 -0.341753
vt -0.326025 -0.272050
vt -0.339231 -0.192073
vt -0.325161 -0.154020
vt -0.617923 -0.433620
vt -0.625929 -0.374137
vt -0.631539 -0.303170
vt -0.633657 -0.237511
vt -0.633706 -0.174921
vt -0.633337 -0.112956
vt -0.633043 -0.050882
vt -0.632919 0.011439
vt -0.632918 0.073937
vt -0.632915 0.136434
vt -0.632930 0.198954
vt -0.633296 0.261983
vt -0.633722 0.325097
vt -0.633860 0.387796
vt -0.633333 0.449538
vt -0.631248 0.508993
vt -0.626947 0.565176
vt -0.619334 0.616696
vt -0.595020 0.655979
vt -0.598089 -0.523251
vt -0.609584 -0.477250
vt -0.632940 0.627175
vt -0.611106 0.665641
vt -0.586103 0.711362
vt -0.569699 0.743538
vt -0.589389 -0.612738
vt -0.577551 -0.583879
vt -0.620685 0.667590
vt -0.602294 0.692239
vt -0.562402 0.743772
vt -0.537406 0.763795
vt -0.556851 -0.639925
vt -0.543266 -0.613705
vt -0.594389 0.691603
vt -0.567989 0.713445
vt -0.529981 0.771855
vt -0.529105 0.833651
vt -0.529105 0.896151
vt -0.534948 -0.689814
vt -0.548986 0.693023
vt -0.522860 0.744592
vt -0.523008 0.807536
vt -0.523008 0.870036
vt -0.512735 -0.727044
vt -0.530763 0.665256
vt -0.508859 0.712239
vt -0.508981 0.774986
vt -0.508981 0.837486
vt -0.490292 -0.763979
vt -0.510623 0.635567
vt -0.491104 0.679837
vt -0.491189 0.742488
vt -0.491189 0.804988
vt -0.467534 -0.803892
vt -0.488813 0.604004
vt -0.470106 0.647561
vt -0.470056 0.709998
vt -0.470056 0.772498
vt -0.444747 -0.840775
vt -0.464169 0.569131
vt -0.443612 0.615236
vt -0.443408 0.677508
vt -0.443408 0.740008
vt -0.422352 -0.866146
vt -0.438101 0.532515
vt -0.414160 0.582804
vt -0.413866 0.644997
vt -0.413866 0.707497
vt -0.399875 -0.885334
vt -0.410848 0.494607
vt -0.382289 0.550349
vt -0.381867 0.612445
vt -0.381867 0.674945
vt -0.375387 -0.901693
vt -0.346245 -0.898560
vt -0.398370 0.406766
vt -0.377708 0.455125
vt -0.353495 0.524322
vt -0.357280 0.590037
vt -0.357280 0.652537
vt -0.381722 -0.914782
vt -0.353214 -0.908718
vt -0.372989 0.309447
vt -0.370709 0.360701
vt -0.341135 0.411132
vt -0.336646 -0.900703
vt -0.325530 -0.889958
vt -0.341026 0.208891
vt -0.332599 0.264545
vt -0.322723 0.335991
vt -0.315914 0.377470
vt -0.314228 -0.875312
vt -0.302890 -0.852400
vt -0.300776 0.053305
vt -0.307798 0.104272
vt -0.314132 0.178437
vt -0.294305 0.223950
vt -0.296181 -0.830399
vt -0.288991 -0.797984
vt -0.275954 -0.743980
vt -0.249860 -0.721807
vt -0.278011 -0.106979
vt -0.285184 -0.053332
vt -0.294822 0.013665
vt -0.291424 -0.723835
vt -0.269923 -0.701289
vt -0.265321 -0.644564
vt -0.260095 -0.589582
vt -0.255841 -0.533346
vt -0.252092 -0.471526
vt -0.252506 -0.413827
vt -0.256685 -0.344462
vt -0.260975 -0.275703
vt -0.267507 -0.203859
vt -0.273672 -0.144477
vt -0.229646 -0.449896
vt -0.229690 -0.438048
vt -0.553438 -0.427619
vt -0.560653 -0.378259
vt -0.567688 -0.305171
vt -0.570717 -0.238158
vt -0.571092 -0.175082
vt -0.570598 -0.113307
vt -0.570236 -0.051330
vt -0.570286 0.011246
vt -0.570381 0.073882
vt -0.570351 0.136340
vt -0.570315 0.198788
vt -0.570704 0.261849
vt -0.571207 0.325074
vt -0.571420 0.387884
vt -0.571341 0.450272
vt -0.570629 0.511714
vt -0.568586 0.571157
vt -0.564649 0.627786
vt -0.560591 0.681883
vt -0.536378 0.737919
vt -0.524643 0.771033
vt -0.532401 -0.519880
vt -0.543781 -0.473593
vt -0.575710 0.693178
vt -0.560909 0.727615
vt -0.538276 0.777176
vt -0.514598 0.833880
vt -0.514694 0.896268
vt -0.514694 0.958768
vt -0.517551 -0.567694
vt -0.542283 0.770659
vt -0.528041 0.800907
vt -0.526898 0.873090
vt -0.526898 0.935590
vt -0.488595 -0.644215
vt -0.499970 -0.616974
vt -0.529897 0.800881
vt -0.529947 0.849923
vt -0.529947 0.912423
vt -0.472227 -0.675826
vt -0.449973 -0.711217
vt -0.427585 -0.748620
vt -0.404802 -0.792072
vt -0.381815 -0.831845
vt -0.359554 -0.854418
vt -0.336347 -0.869145
vt -0.307739 -0.864309
vt -0.341279 -0.884308
vt -0.313412 -0.879690
vt -0.335233 0.470375
vt -0.333130 0.508165
vt -0.337115 0.573681
vt -0.337115 0.636181
vt -0.284175 -0.883354
vt -0.250542 -0.874729
vt -0.314571 0.441165
vt -0.299208 0.485238
vt -0.297822 0.546898
vt -0.297822 0.609398
vt -0.289164 -0.885730
vt -0.263939 -0.875681
vt -0.285268 0.270237
vt -0.279093 0.319546
vt -0.268387 0.387366
vt -0.255019 0.461504
vt -0.255560 0.524262
vt -0.255560 0.586762
vt -0.255236 -0.860724
vt -0.243048 -0.842036
vt -0.265285 0.058756
vt -0.255173 0.095794
vt -0.238832 0.161088
vt -0.254435 0.238185
vt -0.237871 0.305892
vt -0.231308 0.346950
vt -0.234563 -0.822811
vt -0.226823 -0.798426
vt -0.217329 -0.749277
vt -0.213938 -0.717707
vt -0.241333 -0.099765
vt -0.221087 -0.060816
vt -0.233688 0.023467
vt -0.218171 0.088277
vt -0.207572 0.127671
vt -0.211398 -0.689956
vt -0.205523 -0.640388
vt -0.199626 -0.586138
vt -0.188364 -0.527282
vt -0.203859 -0.491322
vt -0.209610 -0.395750
vt -0.191194 -0.350230
vt -0.196669 -0.278428
vt -0.201852 -0.208433
vt -0.212969 -0.130843
vt -0.197804 -0.088647
vt -0.162120 -0.505462
vt -0.185376 -0.473322
vt -0.188741 -0.415975
vt -0.167505 -0.376067
vt -0.513999 -0.423846
vt -0.496037 -0.387183
vt -0.503082 -0.308224
vt -0.507238 -0.239582
vt -0.508687 -0.174970
vt -0.508399 -0.112868
vt -0.507753 -0.051299
vt -0.507754 0.011200
vt -0.507873 0.073880
vt -0.507734 0.136189
vt -0.507481 0.198309
vt -0.507676 0.261093
vt -0.508174 0.324322
vt -0.508513 0.387336
vt -0.508454 0.449740
vt -0.508414 0.512178
vt -0.508157 0.574242
vt -0.506642 0.634439
vt -0.503480 0.692190
vt -0.499648 0.748815
vt -0.493804 0.800375
vt -0.472216 0.862856
vt -0.471638 0.925606
vt -0.471638 0.988106
vt -0.483420 -0.518097
vt -0.476934 -0.470726
vt -0.470354 -0.418555
vt -0.505673 0.806790
vt -0.495329 0.850529
vt -0.495334 0.913025
vt -0.495334 0.975525
vt -0.454242 -0.551139
vt -0.440003 -0.517013
vt -0.448046 -0.644615
vt -0.433692 -0.622708
vt -0.428751 -0.665029
vt -0.397627 -0.657495
vt -0.402673 -0.696100
vt -0.371403 -0.687602
vt -0.364540 -0.730693
vt -0.350204 -0.712495
vt -0.342698 -0.776553
vt -0.319543 -0.819842
vt -0.292988 -0.838381
vt -0.261668 -0.836192
vt -0.298108 -0.849614
vt -0.272439 -0.843698
vt -0.252858 -0.850189
vt -0.234224 -0.860882
vt -0.222952 -0.865243
vt -0.206236 -0.865850
vt -0.221780 0.395795
vt -0.217206 0.445135
vt -0.217552 0.507774
vt -0.217552 0.570274
vt -0.194037 -0.854516
vt -0.185813 -0.829078
vt -0.161074 -0.808208
vt -0.199414 0.172456
vt -0.190422 0.222199
vt -0.176233 0.286686
vt -0.190796 0.361858
vt -0.175329 0.429783
vt -0.174805 0.492106
vt -0.174805 0.554606
vt -0.201181 -0.816031
vt -0.172529 -0.795148
vt -0.156928 -0.745910
vt -0.152757 -0.707841
vt -0.172331 -0.042555
vt -0.155175 0.002704
vt -0.163710 0.076387
vt -0.171246 0.144254
vt -0.152547 0.212540
vt -0.144929 0.254254
vt -0.149630 -0.680987
vt -0.142888 -0.641281
vt -0.135444 -0.590009
vt -0.130400 -0.535224
vt -0.146279 -0.332790
vt -0.128223 -0.285047
vt -0.134885 -0.215013
vt -0.140458 -0.144652
vt -0.146740 -0.071349
vt -0.127962 -0.027199
vt -0.128495 -0.506523
vt -0.126619 -0.477127
vt -0.125590 -0.415976
vt -0.125288 -0.353775
vt -0.103299 -0.310444
vt -0.430179 -0.372509
vt -0.438005 -0.312059
vt -0.443742 -0.241093
vt -0.446498 -0.174591
vt -0.446634 -0.111813
vt -0.445773 -0.050550
vt -0.445237 0.011175
vt -0.444954 0.073271
vt -0.444537 0.135168
vt -0.444099 0.197003
vt -0.444160 0.259606
vt -0.444519 0.322641
vt -0.444730 0.385473
vt -0.444689 0.447882
vt -0.445090 0.510969
vt -0.445779 0.574465
vt -0.445866 0.637052
vt -0.444809 0.697935
vt -0.443299 0.758059
vt -0.440907 0.816882
vt -0.437590 0.874463
vt -0.437965 0.936866
vt -0.437965 0.999366
vt -0.412255 -0.471821
vt -0.423512 -0.412916
vt -0.392160 -0.555889
vt -0.402752 -0.516460
vt -0.370026 -0.612846
vt -0.347517 -0.651264
vt -0.324902 -0.683098
vt -0.297253 -0.735527
vt -0.308498 -0.712596
vt -0.279760 -0.771258
vt -0.257293 -0.815409
vt -0.238566 -0.828618
vt -0.227578 -0.829765
vt -0.212634 -0.826281
vt -0.197489 -0.827084
vt -0.172702 -0.824835
vt -0.206282 -0.845365
vt -0.172596 -0.843206
vt -0.141645 -0.852456
vt -0.114028 -0.840599
vt -0.154019 -0.850883
vt -0.125255 -0.831724
vt -0.113154 -0.803630
vt -0.137994 0.298513
vt -0.129635 0.346732
vt -0.121890 0.413300
vt -0.121365 0.475653
vt -0.121365 0.538153
vt -0.105343 -0.784054
vt -0.095621 -0.745222
vt -0.091116 -0.696727
vt -0.109512 0.018294
vt -0.090812 0.066721
vt -0.096102 0.131448
vt -0.101048 0.201110
vt -0.109474 0.270305
vt -0.091668 0.337216
vt -0.083118 0.403033
vt -0.082247 0.465316
vt -0.082247 0.527816
vt -0.088210 -0.669559
vt -0.082189 -0.638280
vt -0.073288 -0.588887
vt -0.073002 -0.528274
vt -0.054195 -0.498330
vt -0.087891 -0.267572
vt -0.068290 -0.222521
vt -0.072786 -0.151911
vt -0.078635 -0.081351
vt -0.084538 -0.009170
vt -0.065317 0.042552
vt -0.095597 -0.506152
vt -0.069531 -0.479011
vt -0.061547 -0.418095
vt -0.062695 -0.353891
vt -0.064794 -0.290372
vt -0.044997 -0.247988
vt -0.365770 -0.367141
vt -0.372416 -0.316444
vt -0.379829 -0.243216
vt -0.383795 -0.174882
vt -0.384637 -0.111072
vt -0.383985 -0.049523
vt -0.383158 0.011784
vt -0.382329 0.073083
vt -0.381560 0.134466
vt -0.381203 0.196462
vt -0.381256 0.259039
vt -0.381194 0.321448
vt -0.380808 0.383352
vt -0.381045 0.446226
vt -0.381539 0.509441
vt -0.382464 0.573282
vt -0.383308 0.637003
vt -0.383616 0.699924
vt -0.383442 0.762113
vt -0.382712 0.823469
vt -0.381543 0.884141
vt -0.381630 0.946632
vt -0.381630 1.009132
vt -0.350826 -0.472963
vt -0.360416 -0.406186
vt -0.329906 -0.557606
vt -0.340789 -0.517595
vt -0.308104 -0.617059
vt -0.247929 -0.675124
vt -0.280220 -0.660937
vt -0.240878 -0.694294
vt -0.271914 -0.689471
vt -0.241216 -0.732593
vt -0.269628 -0.712555
vt -0.217892 -0.776901
vt -0.192251 -0.805765
vt -0.163898 -0.801051
vt -0.198752 -0.819981
vt -0.169876 -0.814918
vt -0.150283 -0.814050
vt -0.123473 -0.804677
vt -0.162634 -0.813070
vt -0.131329 -0.805418
vt -0.107835 -0.806718
vt -0.082671 -0.787938
vt -0.110029 -0.829194
vt -0.077705 -0.802283
vt -0.049163 -0.771785
vt -0.078733 -0.810389
vt -0.048988 -0.778175
vt -0.023977 -0.745079
vt -0.059675 -0.772262
vt -0.035109 -0.738051
vt -0.033036 -0.681799
vt -0.011127 -0.654192
vt -0.055426 0.086061
vt -0.048799 0.122980
vt -0.028755 0.193020
vt -0.033202 0.256270
vt -0.038074 0.325469
vt -0.041153 0.393100
vt -0.041842 0.455755
vt -0.041842 0.518255
vt -0.052726 -0.662359
vt -0.026033 -0.636987
vt -0.015397 -0.581760
vt -0.009117 -0.528775
vt -0.001010 -0.474672
vt 0.023054 -0.438453
vt -0.004703 -0.204277
vt -0.008413 -0.154608
vt -0.012450 -0.085831
vt -0.018047 -0.015618
vt -0.027564 0.057296
vt -0.013786 0.117576
vt -0.003681 0.169985
vt -0.017054 -0.458777
vt 0.002651 -0.419102
vt 0.001627 -0.356735
vt 0.001060 -0.293314
vt -0.001928 -0.239541
vt -0.315304 -0.363336
vt -0.300800 -0.328346
vt -0.314614 -0.247121
vt -0.319876 -0.176876
vt -0.321762 -0.111615
vt -0.321923 -0.048890
vt -0.321390 0.012846
vt -0.320216 0.073645
vt -0.319184 0.134653
vt -0.319105 0.197033
vt -0.319126 0.259565
vt -0.318602 0.321331
vt -0.317922 0.382829
vt -0.318047 0.445513
vt -0.318383 0.508498
vt -0.319323 0.572356
vt -0.320361 0.636352
vt -0.320987 0.699760
vt -0.321317 0.762736
vt -0.321470 0.825446
vt -0.321369 0.887756
vt -0.321374 0.950256
vt -0.321374 1.012756
vt -0.285180 -0.469022
vt -0.293476 -0.392920
vt -0.272766 -0.359107
vt -0.263595 -0.556599
vt -0.274913 -0.514903
vt -0.244625 -0.612865
vt -0.243080 -0.675267
vt -0.226173 -0.661578
vt -0.225148 -0.694622
vt -0.193556 -0.689125
vt -0.192117 -0.735339
vt -0.160190 -0.724607
vt -0.166500 -0.770669
vt -0.135432 -0.755744
vt -0.162016 -0.786402
vt -0.131958 -0.776295
vt -0.110938 -0.775994
vt -0.085421 -0.756819
vt -0.112579 -0.796260
vt -0.076510 -0.773089
vt -0.045297 -0.747177
vt -0.078917 -0.778417
vt -0.049123 -0.751775
vt -0.084258 -0.780697
vt -0.053581 -0.753569
vt -0.017757 -0.734598
vt -0.051139 -0.761180
vt -0.022120 -0.744240
vt -0.005713 -0.735749
vt 0.009603 -0.712814
vt 0.040082 -0.685688
vt 0.001475 -0.708331
vt 0.028105 -0.678345
vt 0.034018 -0.628291
vt 0.052110 -0.576477
vt 0.005649 0.213566
vt 0.011598 0.247853
vt 0.023526 0.313234
vt 0.038009 0.380868
vt 0.031306 0.440563
vt 0.031306 0.503063
vt 0.015643 -0.614965
vt 0.037276 -0.565746
vt 0.047875 -0.520296
vt 0.054232 -0.466460
vt 0.056712 -0.422000
vt 0.038603 -0.196731
vt 0.056642 -0.160484
vt 0.050921 -0.087530
vt 0.047038 -0.019218
vt 0.045566 0.045368
vt 0.044076 0.109851
vt 0.034709 0.182626
vt 0.046946 0.241765
vt 0.059280 0.306822
vt 0.066409 0.357353
vt 0.059804 -0.395235
vt 0.064417 -0.357273
vt 0.065203 -0.295491
vt 0.062115 -0.224148
vt 0.081072 -0.187845
vt -0.241334 -0.313620
vt -0.247795 -0.253229
vt -0.254625 -0.180805
vt -0.258170 -0.113179
vt -0.259428 -0.048880
vt -0.259090 0.013129
vt -0.258023 0.074082
vt -0.257063 0.135208
vt -0.256979 0.197573
vt -0.256688 0.259669
vt -0.256081 0.321303
vt -0.255362 0.382743
vt -0.255372 0.445259
vt -0.255617 0.508120
vt -0.256488 0.571873
vt -0.257469 0.635786
vt -0.258086 0.699180
vt -0.258485 0.762257
vt -0.258799 0.825210
vt -0.258937 0.887913
vt -0.258938 0.950413
vt -0.258938 1.012913
vt -0.230783 -0.461235
vt -0.220540 -0.416608
vt -0.238328 -0.349909
vt -0.214701 -0.554512
vt -0.199921 -0.503979
vt -0.185529 -0.454905
vt -0.177908 -0.587137
vt -0.164313 -0.553300
vt -0.157651 -0.632950
vt -0.138112 -0.662368
vt -0.114377 -0.698176
vt -0.083827 -0.723624
vt -0.053092 -0.709430
vt -0.084475 -0.742014
vt -0.053728 -0.718234
vt -0.087620 -0.747382
vt -0.056531 -0.722510
vt -0.020644 -0.699170
vt -0.048989 -0.735480
vt -0.025164 -0.717019
vt -0.005167 -0.716705
vt 0.023315 -0.706001
vt -0.011743 -0.725492
vt 0.018108 -0.716288
vt 0.037808 -0.717836
vt 0.062211 -0.707316
vt 0.023684 -0.720564
vt 0.054449 -0.698997
vt 0.080104 -0.660397
vt 0.106377 -0.625785
vt 0.070255 -0.652533
vt 0.089317 -0.611940
vt 0.086307 -0.550953
vt 0.110063 -0.515594
vt 0.067769 0.398988
vt 0.067900 0.433830
vt 0.067900 0.496330
vt 0.070778 -0.538542
vt 0.097972 -0.505403
vt 0.108255 -0.454303
vt 0.109220 -0.396300
vt 0.131673 -0.364127
vt 0.119673 -0.144628
vt 0.115835 -0.090974
vt 0.111694 -0.022366
vt 0.111196 0.041062
vt 0.111259 0.103195
vt 0.110264 0.166693
vt 0.108014 0.232610
vt 0.104955 0.299631
vt 0.096003 0.370634
vt 0.103098 0.427904
vt 0.103098 0.490404
vt 0.091389 -0.381374
vt 0.119040 -0.351359
vt 0.127303 -0.294795
vt 0.125811 -0.230249
vt 0.122515 -0.179954
vt -0.198815 -0.303010
vt -0.180391 -0.262768
vt -0.187775 -0.187104
vt -0.193341 -0.116558
vt -0.196401 -0.049693
vt -0.197484 0.014367
vt -0.196560 0.075580
vt -0.195337 0.136321
vt -0.194709 0.197914
vt -0.194060 0.259482
vt -0.193350 0.320953
vt -0.192889 0.382783
vt -0.192961 0.445387
vt -0.193197 0.508234
vt -0.193860 0.571689
vt -0.194681 0.635371
vt -0.195252 0.698697
vt -0.195607 0.761711
vt -0.195922 0.824666
vt -0.196073 0.887386
vt -0.196074 0.949886
vt -0.196074 1.012386
vt -0.159233 -0.406057
vt -0.172567 -0.332344
vt -0.155345 -0.291351
vt -0.136543 -0.492137
vt -0.147524 -0.454294
vt -0.137403 -0.581928
vt -0.122116 -0.545876
vt -0.118808 -0.604134
vt -0.087872 -0.584194
vt -0.093117 -0.635070
vt -0.060790 -0.622054
vt -0.069961 -0.670403
vt -0.038218 -0.656198
vt -0.059056 -0.693223
vt -0.031713 -0.682509
vt 0.000105 -0.688934
vt 0.033594 -0.681828
vt -0.004729 -0.693089
vt 0.020249 -0.683355
vt 0.031797 -0.677547
vt 0.057582 -0.665336
vt 0.025667 -0.693251
vt 0.057188 -0.681618
vt 0.084371 -0.687886
vt 0.112089 -0.674935
vt 0.079699 -0.703363
vt 0.110755 -0.692065
vt 0.121495 -0.675396
vt 0.128198 -0.643344
vt 0.135200 -0.606513
vt 0.140532 -0.582821
vt 0.147357 -0.546279
vt 0.155427 -0.495664
vt 0.179499 -0.438986
vt 0.191933 -0.409487
vt 0.137476 -0.479200
vt 0.151831 -0.444102
vt 0.171556 -0.391223
vt 0.178666 -0.339961
vt 0.202527 -0.306929
vt 0.182734 -0.137459
vt 0.179375 -0.092694
vt 0.177243 -0.026492
vt 0.177384 0.035524
vt 0.177519 0.097704
vt 0.176954 0.161010
vt 0.175730 0.225250
vt 0.173709 0.290656
vt 0.172184 0.355507
vt 0.172028 0.418027
vt 0.172028 0.480527
vt 0.163197 -0.325902
vt 0.185867 -0.290990
vt 0.189524 -0.232225
vt 0.186133 -0.173362
vt -0.115588 -0.247374
vt -0.120675 -0.193744
vt -0.127491 -0.121440
vt -0.132581 -0.051647
vt -0.135218 0.014778
vt -0.134832 0.076752
vt -0.133366 0.137090
vt -0.132428 0.198233
vt -0.131581 0.259508
vt -0.130699 0.320725
vt -0.130340 0.382714
vt -0.130572 0.445550
vt -0.130897 0.508522
vt -0.131426 0.571788
vt -0.132102 0.635260
vt -0.132601 0.698479
vt -0.132849 0.761338
vt -0.133092 0.824189
vt -0.133208 0.886857
vt -0.133209 0.949357
vt -0.133209 1.011857
vt -0.110659 -0.397169
vt -0.097798 -0.354074
vt -0.111784 -0.284011
vt -0.099313 -0.487605
vt -0.080543 -0.439244
vt -0.062623 -0.394708
vt -0.074023 -0.512427
vt -0.043122 -0.490153
vt -0.029405 -0.554498
vt -0.014925 -0.521736
vt -0.010360 -0.604490
vt 0.012501 -0.637120
vt 0.034908 -0.646895
vt 0.065887 -0.642703
vt 0.035200 -0.668356
vt 0.061833 -0.662851
vt 0.073939 -0.654931
vt 0.097814 -0.634429
vt 0.063085 -0.657623
vt 0.097445 -0.635309
vt 0.134312 -0.615214
vt 0.103052 -0.646652
vt 0.134777 -0.623495
vt 0.107440 -0.660397
vt 0.145988 -0.640798
vt 0.184723 -0.621893
vt 0.155972 -0.658419
vt 0.192458 -0.624408
vt 0.207076 -0.591925
vt 0.149898 -0.659870
vt 0.166772 -0.632015
vt 0.189210 -0.579354
vt 0.213782 -0.530032
vt 0.230504 -0.499300
vt 0.171098 -0.566304
vt 0.189590 -0.540108
vt 0.215566 -0.487677
vt 0.216228 -0.430346
vt 0.226865 -0.381052
vt 0.254316 -0.347044
vt 0.214397 -0.370374
vt 0.238140 -0.334722
vt 0.243655 -0.297547
vt 0.245740 -0.133253
vt 0.243274 -0.094499
vt 0.242823 -0.031479
vt 0.243808 0.029418
vt 0.243563 0.092443
vt 0.242697 0.156335
vt 0.241918 0.219934
vt 0.240607 0.284345
vt 0.239573 0.348371
vt 0.239508 0.410877
vt 0.239508 0.473377
vt 0.248481 -0.273253
vt 0.252773 -0.233774
vt 0.249036 -0.169213
vt -0.066031 -0.240069
vt -0.049588 -0.204777
vt -0.060062 -0.128460
vt -0.066565 -0.056503
vt -0.070723 0.012129
vt -0.071645 0.075819
vt -0.070856 0.137072
vt -0.070178 0.198590
vt -0.069359 0.259908
vt -0.068432 0.321068
vt -0.068097 0.383102
vt -0.068394 0.446022
vt -0.068749 0.509034
vt -0.069214 0.572203
vt -0.069752 0.635475
vt -0.070111 0.698493
vt -0.070248 0.761192
vt -0.070401 0.823913
vt -0.070467 0.886509
vt -0.070468 0.949009
vt -0.070468 1.011509
vt -0.032547 -0.340999
vt -0.044420 -0.268978
vt -0.023292 -0.232522
vt -0.035538 -0.424946
vt -0.019512 -0.390273
vt -0.009268 -0.457791
vt 0.021620 -0.429428
vt 0.007809 -0.549708
vt 0.028879 -0.505818
vt 0.047681 -0.459014
vt 0.030462 -0.579905
vt 0.062078 -0.544239
vt 0.053791 -0.613812
vt 0.085789 -0.575157
vt 0.062203 -0.628447
vt 0.096247 -0.616676
vt 0.119522 -0.624332
vt 0.144041 -0.605595
vt 0.109413 -0.631127
vt 0.142765 -0.605505
vt 0.178958 -0.587236
vt 0.142800 -0.607391
vt 0.167537 -0.593787
vt 0.182557 -0.590244
vt 0.210982 -0.576533
vt 0.180626 -0.607684
vt 0.208306 -0.593749
vt 0.228104 -0.591404
vt 0.236677 -0.571208
vt 0.243141 -0.549503
vt 0.251793 -0.516526
vt 0.264016 -0.470474
vt 0.290806 -0.436393
vt 0.250619 -0.459683
vt 0.271598 -0.418698
vt 0.276409 -0.364113
vt 0.283502 -0.336238
vt 0.291877 -0.317543
vt 0.309903 -0.281213
vt 0.336984 -0.250103
vt 0.309264 -0.137697
vt 0.306428 -0.095347
vt 0.306232 -0.032601
vt 0.307628 0.027971
vt 0.307737 0.090221
vt 0.307385 0.153165
vt 0.306833 0.216470
vt 0.305686 0.280665
vt 0.305015 0.344103
vt 0.304999 0.406604
vt 0.304999 0.469104
vt 0.296890 -0.267054
vt 0.319642 -0.235219
vt 0.312440 -0.172876
vt -0.013699 -0.189283
vt 0.006641 -0.133638
vt 0.002463 -0.065784
vt -0.003447 0.005381
vt -0.006896 0.072671
vt -0.008056 0.136684
vt -0.008036 0.199127
vt -0.007208 0.260408
vt -0.006574 0.322007
vt -0.006579 0.384506
vt -0.006730 0.447226
vt -0.006920 0.510003
vt -0.007186 0.572887
vt -0.007529 0.635878
vt -0.007743 0.698686
vt -0.007806 0.761276
vt -0.007872 0.823870
vt -0.007886 0.886391
vt -0.007886 0.948891
vt -0.007886 1.011391
vt 0.005141 -0.331587
vt 0.029600 -0.289091
vt 0.016213 -0.213890
vt 0.031672 -0.159512
vt 0.023987 -0.355974
vt 0.056624 -0.322580
vt 0.067824 -0.398338
vt 0.081978 -0.357509
vt 0.072246 -0.489620
vt 0.088446 -0.456112
vt 0.086229 -0.510922
vt 0.116096 -0.484439
vt 0.104245 -0.540381
vt 0.131197 -0.508174
vt 0.132758 -0.576780
vt 0.160403 -0.548697
vt 0.144074 -0.594010
vt 0.182013 -0.573058
vt 0.221733 -0.556825
vt 0.186671 -0.579547
vt 0.211092 -0.568743
vt 0.224518 -0.563567
vt 0.251625 -0.547586
vt 0.216057 -0.567881
vt 0.245868 -0.555663
vt 0.265450 -0.556905
vt 0.289803 -0.540007
vt 0.255144 -0.567242
vt 0.283011 -0.538510
vt 0.310864 -0.505842
vt 0.273300 -0.533267
vt 0.302920 -0.501789
vt 0.317657 -0.458694
vt 0.324830 -0.428138
vt 0.330646 -0.405438
vt 0.338033 -0.363424
vt 0.349677 -0.311613
vt 0.377458 -0.283002
vt 0.338808 -0.301308
vt 0.363608 -0.273394
vt 0.367745 -0.223126
vt 0.364729 -0.155189
vt 0.365425 -0.090125
vt 0.365723 -0.028238
vt 0.367249 0.032072
vt 0.368910 0.092249
vt 0.369948 0.153201
vt 0.369839 0.215868
vt 0.368832 0.279757
vt 0.368525 0.342686
vt 0.368525 0.405186
vt 0.368525 0.467686
vt 0.348448 -0.210262
vt 0.346477 -0.183119
vt 0.045250 -0.113618
vt 0.057429 -0.074931
vt 0.073461 -0.012847
vt 0.060308 0.066038
vt 0.056718 0.133542
vt 0.055295 0.197961
vt 0.055070 0.260731
vt 0.054988 0.323361
vt 0.054485 0.386532
vt 0.054511 0.449029
vt 0.054568 0.511457
vt 0.054533 0.574013
vt 0.054382 0.636728
vt 0.054303 0.699339
vt 0.054386 0.761721
vt 0.054478 0.824087
vt 0.054532 0.886509
vt 0.054532 0.949009
vt 0.054532 1.011509
vt 0.066122 -0.268196
vt 0.075374 -0.231161
vt 0.083854 -0.155284
vt 0.094174 -0.082361
vt 0.104294 -0.046702
vt 0.081817 -0.289906
vt 0.112581 -0.248565
vt 0.125178 -0.204129
vt 0.111353 -0.395544
vt 0.116099 -0.347052
vt 0.147766 -0.302365
vt 0.138351 -0.421172
vt 0.169670 -0.382882
vt 0.172392 -0.332481
vt 0.179855 -0.455053
vt 0.195354 -0.429991
vt 0.197332 -0.488210
vt 0.226857 -0.524795
vt 0.258929 -0.522578
vt 0.225785 -0.544122
vt 0.250205 -0.536255
vt 0.266392 -0.533509
vt 0.293813 -0.514776
vt 0.260341 -0.541426
vt 0.287374 -0.523164
vt 0.306576 -0.524923
vt 0.332126 -0.511531
vt 0.297801 -0.537142
vt 0.328494 -0.512661
vt 0.357889 -0.484518
vt 0.321288 -0.508878
vt 0.346376 -0.477333
vt 0.370953 -0.445702
vt 0.335422 -0.470494
vt 0.362792 -0.439504
vt 0.384172 -0.400746
vt 0.410283 -0.356588
vt 0.371753 -0.391263
vt 0.394428 -0.347055
vt 0.396717 -0.296605
vt 0.411793 -0.254921
vt 0.436680 -0.190005
vt 0.439982 -0.155334
vt 0.401473 -0.249282
vt 0.414156 -0.200968
vt 0.421047 -0.140183
vt 0.422235 -0.081817
vt 0.424676 -0.022914
vt 0.426210 0.037223
vt 0.428360 0.096649
vt 0.430244 0.156527
vt 0.430640 0.218451
vt 0.430007 0.281688
vt 0.430096 0.344104
vt 0.430087 0.406604
vt 0.430087 0.469104
vt 0.117065 -0.001247
vt 0.133549 0.052360
vt 0.124113 0.126653
vt 0.119966 0.194829
vt 0.117843 0.260320
vt 0.116655 0.324513
vt 0.115833 0.388193
vt 0.115919 0.450607
vt 0.115972 0.513028
vt 0.116047 0.575424
vt 0.116096 0.637855
vt 0.116189 0.700222
vt 0.116415 0.762399
vt 0.116672 0.824529
vt 0.116791 0.886857
vt 0.116791 0.949357
vt 0.116791 1.011857
vt 0.136495 -0.150651
vt 0.151952 -0.100023
vt 0.141921 -0.026560
vt 0.162101 0.021107
vt 0.151860 -0.237402
vt 0.167703 -0.191299
vt 0.184185 -0.138236
vt 0.189060 -0.272691
vt 0.201469 -0.234650
vt 0.220089 -0.374507
vt 0.207782 -0.328455
vt 0.218097 -0.456522
vt 0.235536 -0.433235
vt 0.236853 -0.481411
vt 0.269904 -0.467342
vt 0.252002 -0.506720
vt 0.285032 -0.497857
vt 0.303977 -0.495038
vt 0.327091 -0.472716
vt 0.296906 -0.507830
vt 0.331857 -0.483384
vt 0.366205 -0.461846
vt 0.334525 -0.493188
vt 0.366653 -0.471986
vt 0.334209 -0.501814
vt 0.368030 -0.480188
vt 0.399084 -0.452752
vt 0.366148 -0.482508
vt 0.399519 -0.453310
vt 0.437014 -0.437262
vt 0.397284 -0.449860
vt 0.426765 -0.428686
vt 0.453739 -0.404545
vt 0.412977 -0.413069
vt 0.437765 -0.390012
vt 0.440456 -0.333636
vt 0.461811 -0.278922
vt 0.479218 -0.248814
vt 0.420801 -0.316161
vt 0.433572 -0.284009
vt 0.461052 -0.233635
vt 0.464785 -0.178898
vt 0.466556 -0.125821
vt 0.492663 -0.064376
vt 0.503362 -0.029749
vt 0.450378 -0.115815
vt 0.467510 -0.073012
vt 0.485700 -0.015318
vt 0.482623 0.046156
vt 0.485115 0.104886
vt 0.488365 0.163061
vt 0.489243 0.224222
vt 0.489151 0.286562
vt 0.489701 0.348380
vt 0.489663 0.410877
vt 0.489663 0.473377
vt 0.177320 0.066852
vt 0.194802 0.114714
vt 0.186720 0.188819
vt 0.182077 0.257991
vt 0.179840 0.323649
vt 0.178633 0.387831
vt 0.177997 0.451218
vt 0.177699 0.514137
vt 0.177826 0.576467
vt 0.178023 0.638686
vt 0.178244 0.700867
vt 0.178466 0.763047
vt 0.178775 0.825103
vt 0.178925 0.887386
vt 0.178924 0.949886
vt 0.178924 1.012386
vt 0.203306 -0.087829
vt 0.217055 -0.041394
vt 0.203096 0.038925
vt 0.221988 0.084730
vt 0.240281 -0.179106
vt 0.231600 -0.122180
vt 0.249044 -0.077670
vt 0.241086 -0.272741
vt 0.255373 -0.233945
vt 0.261479 -0.368634
vt 0.274467 -0.315740
vt 0.290385 -0.269707
vt 0.301537 -0.399763
vt 0.311182 -0.362041
vt 0.327942 -0.430959
vt 0.359203 -0.424510
vt 0.328965 -0.456018
vt 0.359863 -0.432285
vt 0.326543 -0.464084
vt 0.355282 -0.434746
vt 0.388825 -0.410019
vt 0.362433 -0.450485
vt 0.390273 -0.432313
vt 0.412015 -0.435424
vt 0.439041 -0.419581
vt 0.406380 -0.448111
vt 0.433883 -0.429164
vt 0.453336 -0.426606
vt 0.466323 -0.428903
vt 0.481005 -0.419055
vt 0.491464 -0.391075
vt 0.496486 -0.366815
vt 0.502509 -0.329578
vt 0.507460 -0.274646
vt 0.518470 -0.224045
vt 0.544344 -0.188489
vt 0.505011 -0.211249
vt 0.524462 -0.170815
vt 0.520994 -0.107385
vt 0.525957 -0.051638
vt 0.529098 -0.000392
vt 0.550449 0.061711
vt 0.560973 0.102904
vt 0.512333 0.010381
vt 0.523058 0.055812
vt 0.542482 0.117111
vt 0.543958 0.173224
vt 0.545301 0.233468
vt 0.546180 0.294483
vt 0.547328 0.355539
vt 0.547243 0.418027
vt 0.547243 0.480527
vt 0.248279 0.130843
vt 0.262242 0.172458
vt 0.250293 0.249837
vt 0.246627 0.317918
vt 0.243652 0.384448
vt 0.241786 0.449524
vt 0.240913 0.513251
vt 0.240610 0.576130
vt 0.240457 0.638817
vt 0.240511 0.701212
vt 0.240672 0.763474
vt 0.240938 0.825589
vt 0.241059 0.887913
vt 0.241058 0.950413
vt 0.241058 1.012913
vt 0.281344 -0.026914
vt 0.273231 0.028937
vt 0.269876 0.103862
vt 0.291872 0.140586
vt 0.275459 -0.175217
vt 0.295399 -0.134779
vt 0.288664 -0.068758
vt 0.313720 -0.204094
vt 0.324304 -0.171678
vt 0.324838 -0.305151
vt 0.338851 -0.266062
vt 0.344529 -0.398309
vt 0.359376 -0.350566
vt 0.374144 -0.300583
vt 0.349685 -0.406175
vt 0.383549 -0.403620
vt 0.405108 -0.403737
vt 0.428480 -0.382249
vt 0.392228 -0.404199
vt 0.424116 -0.379264
vt 0.460320 -0.357708
vt 0.432471 -0.395400
vt 0.464172 -0.370860
vt 0.436260 -0.406519
vt 0.476873 -0.388194
vt 0.516566 -0.371502
vt 0.485565 -0.401398
vt 0.518349 -0.381399
vt 0.484292 -0.410347
vt 0.522497 -0.393095
vt 0.554449 -0.359569
vt 0.521766 -0.396313
vt 0.542159 -0.356049
vt 0.563299 -0.305606
vt 0.583663 -0.281162
vt 0.524011 -0.346895
vt 0.540046 -0.316904
vt 0.568338 -0.269642
vt 0.569943 -0.212078
vt 0.574802 -0.162012
vt 0.589854 -0.092322
vt 0.599709 -0.031765
vt 0.607486 -0.002476
vt 0.556361 -0.148976
vt 0.562173 -0.097988
vt 0.572838 -0.038195
vt 0.588410 0.013881
vt 0.590646 0.071126
vt 0.590877 0.128007
vt 0.606110 0.188015
vt 0.614266 0.249051
vt 0.622761 0.309989
vt 0.628994 0.371215
vt 0.629489 0.433830
vt 0.629489 0.496330
vt 0.572011 0.142571
vt 0.579500 0.181206
vt 0.587527 0.242519
vt 0.595782 0.303885
vt 0.601958 0.365293
vt 0.602497 0.427904
vt 0.602497 0.490404
vt 0.321729 0.188220
vt 0.319132 0.240428
vt 0.316094 0.307103
vt 0.312524 0.375527
vt 0.309402 0.442889
vt 0.307443 0.508005
vt 0.306123 0.572109
vt 0.305011 0.636112
vt 0.304353 0.699472
vt 0.304038 0.762375
vt 0.303879 0.825038
vt 0.303716 0.887756
vt 0.303712 0.950256
vt 0.303712 1.012756
vt 0.315178 -0.017641
vt 0.337916 0.023188
vt 0.333864 0.094281
vt 0.326507 0.153178
vt 0.343642 -0.116851
vt 0.353449 -0.061208
vt 0.362832 -0.005282
vt 0.362254 -0.208187
vt 0.378646 -0.161626
vt 0.392878 -0.106938
vt 0.400469 -0.237756
vt 0.412908 -0.205588
vt 0.412688 -0.339966
vt 0.426548 -0.299788
vt 0.436327 -0.371351
vt 0.468623 -0.342854
vt 0.441473 -0.382455
vt 0.474276 -0.357686
vt 0.502397 -0.325449
vt 0.465152 -0.352114
vt 0.495575 -0.324597
vt 0.527186 -0.298825
vt 0.501178 -0.338734
vt 0.532550 -0.311861
vt 0.509704 -0.356549
vt 0.539039 -0.342163
vt 0.559574 -0.344361
vt 0.589196 -0.305461
vt 0.601832 -0.278632
vt 0.552600 -0.356578
vt 0.573981 -0.327397
vt 0.599576 -0.278338
vt 0.571192 -0.324462
vt 0.596708 -0.283260
vt 0.613758 -0.268939
vt 0.622808 -0.250848
vt 0.628402 -0.205898
vt 0.633389 -0.146490
vt 0.633046 -0.082732
vt 0.633888 -0.024159
vt 0.637030 0.026462
vt 0.661434 0.092943
vt 0.669337 0.124757
vt 0.621099 0.035608
vt 0.637228 0.084025
vt 0.651739 0.139431
vt 0.649771 0.200844
vt 0.652387 0.259463
vt 0.655020 0.318067
vt 0.656946 0.378111
vt 0.656761 0.440563
vt 0.656761 0.503063
vt 0.356559 0.200162
vt 0.358399 0.235278
vt 0.362655 0.299174
vt 0.371574 0.364733
vt 0.386288 0.428854
vt 0.378494 0.495549
vt 0.376094 0.561780
vt 0.373685 0.627835
vt 0.371902 0.692800
vt 0.370743 0.756820
vt 0.369756 0.820510
vt 0.369038 0.884127
vt 0.368985 0.946632
vt 0.368985 1.009132
vt 0.377845 0.044599
vt 0.387285 0.081762
vt 0.400960 0.157007
vt 0.399841 0.226647
vt 0.402331 0.288923
vt 0.409732 0.355545
vt 0.415157 0.400464
vt 0.406761 -0.054899
vt 0.416663 0.000816
vt 0.427831 0.068503
vt 0.438382 0.113398
vt 0.427022 -0.149138
vt 0.441922 -0.095304
vt 0.458168 -0.047575
vt 0.445652 -0.240440
vt 0.451580 -0.194575
vt 0.481549 -0.140491
vt 0.465269 -0.267556
vt 0.492080 -0.226400
vt 0.512214 -0.183139
vt 0.494490 -0.308054
vt 0.517325 -0.258125
vt 0.535013 -0.218224
vt 0.503504 -0.322847
vt 0.523390 -0.292880
vt 0.549670 -0.243697
vt 0.524212 -0.292489
vt 0.557604 -0.261825
vt 0.593630 -0.240188
vt 0.568840 -0.281216
vt 0.600302 -0.251778
vt 0.579695 -0.303589
vt 0.616255 -0.266876
vt 0.639494 -0.235570
vt 0.582791 -0.313167
vt 0.603062 -0.289948
vt 0.625081 -0.237909
vt 0.640400 -0.174066
vt 0.656021 -0.129499
vt 0.616919 -0.247186
vt 0.643641 -0.203585
vt 0.667591 -0.131705
vt 0.671531 -0.080419
vt 0.673686 -0.023358
vt 0.684909 0.004379
vt 0.625649 -0.250998
vt 0.653585 -0.236303
vt 0.687466 -0.176558
vt 0.676893 -0.108593
vt 0.663410 -0.046220
vt 0.683538 0.009271
vt 0.695580 0.066660
vt 0.703992 0.106274
vt 0.661055 -0.234717
vt 0.671739 -0.198235
vt 0.667536 -0.131371
vt 0.654557 -0.066806
vt 0.664435 -0.007929
vt 0.674880 0.051497
vt 0.692059 0.111512
vt 0.693451 0.156665
vt 0.708196 0.222859
vt 0.718716 0.282077
vt 0.726351 0.328583
vt 0.676470 0.164443
vt 0.683706 0.212832
vt 0.693896 0.272761
vt 0.709634 0.338221
vt 0.709107 0.393332
vt 0.708873 0.455755
vt 0.708873 0.518255
vt 0.418853 0.443695
vt 0.421339 0.485770
vt 0.426843 0.550547
vt 0.433631 0.615506
vt 0.439630 0.679763
vt 0.449760 0.738112
vt 0.440445 0.809368
vt 0.439066 0.874323
vt 0.438842 0.936866
vt 0.438842 0.999366
vt 0.442837 0.159531
vt 0.444945 0.207351
vt 0.445288 0.271735
vt 0.453150 0.338627
vt 0.461412 0.408697
vt 0.462959 0.473436
vt 0.465968 0.539739
vt 0.471726 0.605518
vt 0.476997 0.670146
vt 0.479564 0.705727
vt 0.466999 0.006930
vt 0.474470 0.052234
vt 0.485039 0.125955
vt 0.489789 0.185451
vt 0.490788 0.248528
vt 0.497453 0.315894
vt 0.501938 0.366468
vt 0.486219 -0.083626
vt 0.493750 -0.038299
vt 0.526055 0.024188
vt 0.525089 0.092516
vt 0.504829 -0.109952
vt 0.540031 -0.065935
vt 0.548563 -0.020520
vt 0.534493 -0.151306
vt 0.567474 -0.115434
vt 0.563725 -0.187016
vt 0.597454 -0.158240
vt 0.582603 -0.213346
vt 0.616029 -0.188609
vt 0.588777 -0.227239
vt 0.624246 -0.205419
vt 0.659367 -0.181663
vt 0.631198 -0.219553
vt 0.662885 -0.187245
vt 0.637859 -0.234899
vt 0.662785 -0.201617
vt 0.677044 -0.144222
vt 0.683108 -0.083155
vt 0.690201 -0.022226
vt 0.696809 0.037929
vt 0.702403 0.070901
vt 0.648469 -0.197456
vt 0.651726 -0.157975
vt 0.659785 -0.099642
vt 0.670666 -0.042957
vt 0.685696 0.018551
vt 0.705801 0.076250
vt 0.722703 0.106147
vt 0.665524 -0.093683
vt 0.668127 -0.063992
vt 0.678438 -0.007568
vt 0.700650 0.039303
vt 0.729077 0.106341
vt 0.741316 0.146957
vt 0.700529 0.038248
vt 0.714338 0.081701
vt 0.729630 0.143667
vt 0.746160 0.196459
vt 0.762957 0.251901
vt 0.770449 0.287689
vt 0.714713 0.143874
vt 0.725841 0.180535
vt 0.740790 0.238553
vt 0.755587 0.297311
vt 0.752197 0.354877
vt 0.760688 0.413080
vt 0.760845 0.475653
vt 0.760845 0.538153
vt 0.733928 0.368247
vt 0.735796 0.402722
vt 0.736041 0.465316
vt 0.736041 0.527816
vt 0.481749 0.748611
vt 0.484834 0.798816
vt 0.487803 0.863187
vt 0.488107 0.925606
vt 0.488107 0.988106
vt 0.503977 0.414417
vt 0.508114 0.456224
vt 0.514492 0.523362
vt 0.519799 0.589713
vt 0.531747 0.655473
vt 0.515805 0.718751
vt 0.526866 0.785068
vt 0.529213 0.850528
vt 0.529222 0.913025
vt 0.529222 0.975525
vt 0.525052 0.137224
vt 0.526044 0.169500
vt 0.526234 0.232729
vt 0.526386 0.299534
vt 0.525487 0.374935
vt 0.547521 0.434814
vt 0.567590 0.491798
vt 0.564161 0.570375
vt 0.564814 0.621878
vt 0.552236 0.033570
vt 0.551052 0.097701
vt 0.564009 0.153174
vt 0.567035 0.215827
vt 0.565262 0.277025
vt 0.574633 0.340151
vt 0.591152 0.400425
vt 0.587843 0.450847
vt 0.570175 -0.052330
vt 0.576337 -0.008716
vt 0.609255 0.057314
vt 0.610908 0.129586
vt 0.611572 0.195175
vt 0.607856 0.249728
vt 0.608619 0.316041
vt 0.610633 0.355564
vt 0.594870 -0.083595
vt 0.629371 -0.036188
vt 0.633383 0.014688
vt 0.629216 -0.126861
vt 0.661901 -0.085969
vt 0.653039 -0.157376
vt 0.685158 -0.125688
vt 0.660654 -0.172947
vt 0.688768 -0.157221
vt 0.722172 -0.074140
vt 0.716965 -0.022565
vt 0.708714 0.044567
vt 0.705254 0.109936
vt 0.709390 0.169753
vt 0.717198 0.204580
vt 0.701355 -0.153099
vt 0.718950 -0.107618
vt 0.710248 -0.042720
vt 0.704818 0.019839
vt 0.707440 0.081840
vt 0.712668 0.144476
vt 0.721039 0.207715
vt 0.734904 0.240509
vt 0.693944 -0.162344
vt 0.703343 -0.130010
vt 0.702049 -0.067346
vt 0.701518 -0.006201
vt 0.704941 0.053215
vt 0.711850 0.105574
vt 0.723266 0.175546
vt 0.743919 0.238464
vt 0.761115 0.264930
vt 0.713707 0.104649
vt 0.729473 0.139523
vt 0.748809 0.205267
vt 0.771914 0.263811
vt 0.787343 0.288549
vt 0.737206 0.138010
vt 0.750807 0.175680
vt 0.771807 0.233988
vt 0.794740 0.291301
vt 0.806924 0.334156
vt 0.751868 0.182855
vt 0.762189 0.213133
vt 0.781512 0.266977
vt 0.795102 0.328178
vt 0.805564 0.385413
vt 0.812607 0.445316
vt 0.812558 0.507774
vt 0.812558 0.570274
vt 0.777046 0.326967
vt 0.784453 0.369350
vt 0.791424 0.429554
vt 0.791504 0.492106
vt 0.791504 0.554606
vt 0.565425 0.665829
vt 0.566590 0.703014
vt 0.568925 0.768303
vt 0.571923 0.833705
vt 0.571784 0.896268
vt 0.571784 0.958768
vt 0.590429 0.497997
vt 0.591975 0.553915
vt 0.589152 0.628299
vt 0.599285 0.685310
vt 0.607565 0.747540
vt 0.615709 0.810818
vt 0.616082 0.873090
vt 0.616082 0.935590
vt 0.610122 0.408944
vt 0.611296 0.462390
vt 0.628528 0.527464
vt 0.639811 0.589994
vt 0.647889 0.652562
vt 0.655125 0.709641
vt 0.652164 0.786741
vt 0.651207 0.849923
vt 0.651207 0.912423
vt 0.634414 0.067715
vt 0.637665 0.112840
vt 0.639069 0.180147
vt 0.631499 0.233440
vt 0.629302 0.299643
vt 0.633545 0.367017
vt 0.653255 0.432298
vt 0.665643 0.494867
vt 0.679429 0.558166
vt 0.675486 0.630066
vt 0.672772 0.668265
vt 0.655959 -0.024145
vt 0.650496 0.024975
vt 0.665760 0.086749
vt 0.672513 0.150607
vt 0.663833 0.212943
vt 0.663983 0.275166
vt 0.669868 0.337500
vt 0.678772 0.400339
vt 0.693380 0.462585
vt 0.704147 0.508578
vt 0.677735 -0.052960
vt 0.684599 -0.007676
vt 0.694186 0.055042
vt 0.696659 0.117471
vt 0.695242 0.179965
vt 0.698178 0.242296
vt 0.699430 0.305014
vt 0.705809 0.367759
vt 0.724016 0.433202
vt 0.723078 0.474173
vt 0.708742 -0.094388
vt 0.722387 -0.040155
vt 0.729002 0.021522
vt 0.717513 0.085355
vt 0.707170 0.147462
vt 0.710847 0.209624
vt 0.721865 0.271947
vt 0.733663 0.334752
vt 0.746842 0.396007
vt 0.724920 -0.116983
vt 0.728653 -0.079871
vt 0.724719 -0.006458
vt 0.713765 0.060843
vt 0.705454 0.126452
vt 0.709311 0.186414
vt 0.724979 0.237574
vt 0.747595 0.301090
vt 0.765032 0.372972
vt 0.776286 0.407939
vt 0.723000 -0.120538
vt 0.723721 -0.117495
vt 0.728518 0.238680
vt 0.744415 0.271346
vt 0.769137 0.331995
vt 0.786187 0.401732
vt 0.797044 0.438956
vt 0.753328 0.269318
vt 0.770583 0.297388
vt 0.792249 0.362139
vt 0.807511 0.432965
vt 0.819043 0.465017
vt 0.779237 0.292934
vt 0.795233 0.323665
vt 0.814385 0.391912
vt 0.830439 0.458652
vt 0.840794 0.512035
vt 0.840865 0.573681
vt 0.840865 0.636181
vt 0.802404 0.320582
vt 0.814737 0.362761
vt 0.828265 0.421341
vt 0.838587 0.484148
vt 0.838655 0.546898
vt 0.838655 0.609398
vt 0.813534 0.371817
vt 0.819864 0.402705
vt 0.827814 0.461870
vt 0.827736 0.524262
vt 0.827736 0.586762
vt 0.672864 0.716057
vt 0.673818 0.770417
vt 0.672896 0.833651
vt 0.672896 0.896151
vt 0.694409 0.568799
vt 0.692724 0.613799
vt 0.690756 0.679967
vt 0.702852 0.745136
vt 0.702958 0.807536
vt 0.702958 0.870036
vt 0.710132 0.539861
vt 0.717052 0.587480
vt 0.725867 0.650104
vt 0.733954 0.712539
vt 0.734001 0.774986
vt 0.734001 0.837486
vt 0.739296 0.445420
vt 0.735004 0.487477
vt 0.743379 0.555004
vt 0.752768 0.617665
vt 0.761180 0.680020
vt 0.761206 0.742488
vt 0.761206 0.804988
vt 0.752143 0.427407
vt 0.757413 0.459898
vt 0.766485 0.522453
vt 0.776242 0.585090
vt 0.785068 0.647481
vt 0.785058 0.709998
vt 0.785058 0.772498
vt 0.763019 0.411364
vt 0.775190 0.434731
vt 0.784098 0.489927
vt 0.794263 0.552635
vt 0.803425 0.614953
vt 0.803397 0.677508
vt 0.803397 0.740008
vt 0.786483 0.438304
vt 0.796835 0.465429
vt 0.809245 0.520016
vt 0.818904 0.582421
vt 0.818871 0.644997
vt 0.818871 0.707497
vt 0.808374 0.470227
vt 0.821727 0.492764
vt 0.831978 0.549842
vt 0.831943 0.612445
vt 0.831943 0.674945
vt 0.834180 0.493626
vt 0.838181 0.528448
vt 0.838383 0.590037
vt 0.838383 0.652537
vn 0.00000 0.84409 0.53621
vn 0.00000 0.92175 0.38777
vn 0.00000 0.98237 0.18695
vn 0.00000 0.99904 0.04389
vn 0.00000 0.99992 -0.01265
vn 0.00000 0.99984 -0.01766
vn 0.00000 0.99990 -0.01397
vn 0.00000 0.99997 -0.00725
vn 0.00000 1.00000 -0.00000
vn 0.00000 0.99997 0.00725
vn 0.00000 0.99990 0.01397
vn 0.00000 0.99984 0.01766
vn 0.00000 0.99992 0.01265
vn 0.00000 0.99904 -0.04389
vn 0.00000 0.98237 -0.18695
vn 0.00000 0.92175 -0.38777
vn 0.00000 0.84409 -0.53621
vn 0.00000 0.62560 0.78015
vn 0.00000 0.75323 0.65776
vn 0.00000 0.75323 -0.65776
vn 0.00000 0.62560 -0.78015
vn 0.00000 0.43868 0.89864
vn 0.00000 0.43868 -0.89864
vn 0.00000 0.28310 0.95909
vn 0.00000 0.34846 0.93732
vn 0.00000 0.34846 -0.93732
vn 0.00000 0.28310 -0.95909
vn 0.00000 0.18288 0.98314
vn 0.00000 0.18288 -0.98314
vn 0.00000 0.09611 0.99537
vn 0.00000 0.09611 -0.99537
vn 0.00000 0.05744 0.99835
vn 0.00000 0.05744 -0.99835
vn 0.00000 -0.02854 0.99959
vn 0.00000 -0.02854 -0.99959
vn 0.00000 -0.09446 0.99553
vn 0.00000 -0.09446 -0.99553
vn 0.00000 -0.12788 0.99179
vn 0.00000 -0.12788 -0.99179
vn 0.00000 -0.17724 0.98417
vn 0.00000 -0.17724 -0.98417
vn 0.00000 -0.23950 0.97090
vn 0.00000 -0.30444 0.95253
vn 0.00000 -0.30444 -0.95253
vn 0.00000 -0.23950 -0.97090
vn 0.00000 -0.44797 0.89405
vn 0.00000 -0.44797 -0.89405
vn 0.00000 -0.59158 0.80625
vn 0.00000 -0.68783 0.72587
vn 0.00000 -0.68783 -0.72587
vn 0.00000 -0.59158 -0.80625
vn 0.00000 -0.76237 0.64714
vn 0.00000 -0.83087 0.55647
vn 0.00000 -0.83087 -0.55647
vn 0.00000 -0.76237 -0.64714
vn 0.00000 -0.86517 0.50148
vn 0.00000 -0.88993 0.45610
vn 0.00000 -0.92031 0.39119
vn 0.00000 -0.93296 0.35999
vn 0.00000 -0.93296 -0.35999
vn 0.00000 -0.92031 -0.39119
vn 0.00000 -0.88993 -0.45610
vn 0.00000 -0.86517 -0.50148
vn 0.00000 -0.94478 0.32772
vn 0.00000 -0.96693 0.25506
vn 0.00000 -0.98492 0.17300
vn 0.00000 -0.99621 0.08697
vn 0.00000 -1.00000 -0.00000
vn 0.00000 -0.99621 -0.08697
vn 0.00000 -0.98492 -0.17300
vn 0.00000 -0.96693 -0.25506
vn 0.00000 -0.94478 -0.32772
vn 0.00000 0.84409 0.53621
vn 0.00000 0.92175 0.38777
vn 0.00000 0.98237 0.18695
vn 0.00000 0.99904 0.04389
vn 0.00000 0.99992 -0.01265
vn 0.00000 0.99984 -0.01766
vn 0.00000 0.99990 -0.01397
vn 0.00000 0.99997 -0.00725
vn 0.00000 1.00000 -0.00000
vn 0.00000 0.99997 0.00725
vn 0.00000 0.99990 0.01397
vn 0.00000 0.99984 0.01766
vn 0.00000 0.99992 0.01265
vn 0.00000 0.99904 -0.04389
vn 0.00000 0.98237 -0.18695
vn 0.00000 0.92175 -0.38777
vn 0.00000 0.84409 -0.53621
vn 0.00000 0.62560 0.78015
vn 0.00000 0.75323 0.65776
vn 0.00000 0.75323 -0.65776
vn 0.00000 0.62560 -0.78015
vn 0.00000 0.43868 0.89864
vn 0.00000 0.43868 -0.89864
vn 0.00000 0.28310 0.95909
vn 0.00000 0.34846 0.93732
vn 0.00000 0.34846 -0.93732
vn 0.00000 0.28310 -0.95909
vn 0.00000 0.18288 0.98314
vn 0.00000 0.18288 -0.98314
vn 0.00000 0.09611 0.99537
vn 0.00000 0.09611 -0.99537
vn 0.00000 0.05744 0.99835
vn 0.00000 0.05744 -0.99835
vn 0.00000 -0.02854 0.99959
vn 0.00000 -0.02854 -0.99959
vn 0.00000 -0.09446 0.99553
vn 0.00000 -0.09446 -0.99553
vn 0.00000 -0.12788 0.99179
vn 0.00000 -0.12788 -0.99179
vn 0.00000 -0.17724 0.98417
vn 0.00000 -0.17724 -0.98417
vn 0.00000 -0.23950 0.97090
vn 0.00000 -0.30444 0.95253
vn 0.00000 -0.30444 -0.95253
vn 0.00000 -0.23950 -0.97090
vn 0.00000 -0.44797 0.89405
vn 0.00000 -0.44797 -0.89405
vn 0.00000 -0.59158 0.80625
vn 0.00000 -0.68783 0.72587
vn 0.00000 -0.68783 -0.72587
vn 0.00000 -0.59158 -0.80625
vn 0.00000 -0.76237 0.64714
vn 0.00000 -0.83087 0.55647
vn 0.00000 -0.83087 -0.55647
vn 0.00000 -0.76237 -0.64714
vn 0.00000 -0.86517 0.50148
vn 0.00000 -0.88993 0.45610
vn 0.00000 -0.92031 0.39119
vn 0.00000 -0.93296 0.35999
vn 0.00000 -0.93296 -0.35999
vn 0.00000 -0.92031 -0.39119
vn 0.00000 -0.88993 -0.45610
vn 0.00000 -0.86517 -0.50148
vn 0.00000 -0.94478 0.32772
vn 0.00000 -0.96693 0.25506
vn 0.00000 -0.98492 0.17300
vn 0.00000 -0.99621 0.08697
vn 0.00000 -1.00000 -0.00000
vn 0.00000 -0.99621 -0.08697
vn 0.00000 -0.98492 -0.17300
vn 0.00000 -0.96693 -0.25506
vn 0.00000 -0.94478 -0.32772
vn 0.00299 0.84465 0.53531
vn 0.00217 0.92147 0.38844
vn 0.00112 0.98234 0.18709
vn 0.00030 0.99904 0.04389
vn -0.00008 0.99992 -0.01265
vn -0.00012 0.99984 -0.01766
vn -0.00010 0.99990 -0.01397
vn -0.00006 0.99997 -0.00725
vn -0.00000 1.00000 -0.00000
vn 0.00006 0.99997 0.00725
vn 0.00012 0.99990 0.01397
vn 0.00017 0.99984 0.01766
vn 0.00014 0.99992 0.01265
vn -0.00039 0.99904 -0.04388
vn -0.00215 0.98242 -0.18669
vn -0.00509 0.92239 -0.38623
vn -0.00777 0.84229 -0.53896
vn 0.00417 0.62511 0.78053
vn 0.00359 0.75326 0.65771
vn -0.01015 0.75323 -0.65768
vn -0.01292 0.62642 -0.77938
vn 0.00467 0.43999 0.89799
vn -0.07481 0.42114 -0.90390
vn -0.45245 0.33884 -0.82491
vn 0.00487 0.28016 0.95994
vn 0.00480 0.34576 0.93831
vn 0.00000 0.35505 -0.93485
vn -0.08648 0.30802 -0.94744
vn 0.00495 0.18323 0.98306
vn -0.02015 0.18131 -0.98322
vn 0.00498 0.09621 0.99535
vn -0.02088 0.09567 -0.99519
vn 0.00499 0.05748 0.99833
vn -0.02117 0.05725 -0.99814
vn 0.00500 -0.02859 0.99958
vn -0.02123 -0.02833 -0.99937
vn 0.00499 -0.09453 0.99551
vn -0.02087 -0.09415 -0.99534
vn 0.00500 -0.12795 0.99177
vn -0.02033 -0.12753 -0.99163
vn 0.00500 -0.17746 0.98412
vn -0.01955 -0.17633 -0.98414
vn 0.00497 -0.23646 0.97163
vn 0.00491 -0.30068 0.95371
vn -0.01771 -0.31830 -0.94782
vn -0.01859 -0.25085 -0.96785
vn 0.00468 -0.44944 0.89330
vn -0.01599 -0.44278 -0.89649
vn 0.00430 -0.59091 0.80673
vn 0.00393 -0.68761 0.72607
vn -0.01152 -0.68849 -0.72515
vn -0.01349 -0.59316 -0.80497
vn 0.00357 -0.76259 0.64688
vn 0.00305 -0.83113 0.55608
vn -0.00779 -0.83028 -0.55729
vn -0.00974 -0.76152 -0.64806
vn 0.00282 -0.86543 0.50102
vn 0.00264 -0.88975 0.45643
vn 0.00238 -0.92022 0.39140
vn 0.00225 -0.93318 0.35941
vn 0.00000 -0.93291 -0.36011
vn -0.00014 -0.92268 -0.38558
vn -0.00573 -0.89027 -0.45539
vn -0.00670 -0.86450 -0.50259
vn 0.00210 -0.94501 0.32705
vn 0.00172 -0.96689 0.25518
vn 0.00128 -0.98491 0.17306
vn 0.00070 -0.99621 0.08698
vn 0.00004 -1.00000 0.00000
vn -0.00069 -0.99621 -0.08694
vn -0.00153 -0.98494 -0.17291
vn -0.00245 -0.96697 -0.25487
vn -0.00011 -0.94241 -0.33446
vn -0.04917 -0.93178 -0.35969
vn 0.14627 0.82558 0.54500
vn 0.11376 0.90173 0.41707
vn 0.05787 0.97478 0.21552
vn 0.01448 0.99787 0.06354
vn -0.00697 0.99992 -0.01070
vn -0.00691 0.99982 -0.01790
vn -0.00726 0.99987 -0.01413
vn -0.00773 0.99994 -0.00812
vn -0.00518 0.99998 -0.00214
vn -0.00112 0.99999 0.00522
vn 0.00426 0.99993 0.01131
vn 0.00940 0.99982 0.01638
vn 0.01076 0.99983 0.01467
vn -0.00657 0.99991 -0.01165
vn -0.07949 0.98876 -0.12663
vn -0.20544 0.93481 -0.28971
vn -0.36315 0.81420 -0.45299
vn -0.24231 0.82311 -0.51359
vn 0.17925 0.59759 0.78151
vn 0.16178 0.72902 0.66510
vn -0.40072 0.72540 -0.55966
vn -0.54123 0.60934 -0.57947
vn -0.41938 0.58323 -0.69568
vn 0.18915 0.43796 0.87887
vn -0.56598 0.41410 -0.71288
vn -0.67185 0.33736 -0.65940
vn 0.20692 0.25742 0.94388
vn 0.18757 0.30119 0.93494
vn -0.70633 0.23464 -0.66787
vn -0.51004 0.24874 -0.82340
vn 0.20889 0.17741 0.96171
vn 0.12354 0.21925 0.96782
vn -0.69190 0.13758 -0.70877
vn -0.62005 0.15345 -0.76941
vn 0.25404 0.08838 0.96315
vn -0.67718 0.07447 -0.73204
vn -0.69255 0.07764 -0.71718
vn 0.26327 0.05109 0.96337
vn -0.66391 0.04398 -0.74652
vn -0.71487 0.04203 -0.69799
vn 0.27417 -0.03053 0.96120
vn -0.65805 -0.02325 -0.75262
vn -0.71955 -0.02256 -0.69407
vn 0.27229 -0.08754 0.95823
vn -0.67129 -0.07283 -0.73760
vn -0.70882 -0.06514 -0.70238
vn 0.25848 -0.11964 0.95858
vn -0.69220 -0.09709 -0.71514
vn -0.67917 -0.09838 -0.72736
vn 0.24997 -0.16836 0.95350
vn 0.20031 -0.19265 0.96061
vn -0.70803 -0.13388 -0.69337
vn -0.57666 -0.16401 -0.80035
vn 0.18237 -0.22455 0.95725
vn 0.24206 -0.26146 0.93437
vn -0.48430 -0.30664 -0.81941
vn -0.70477 -0.21347 -0.67655
vn -0.50110 -0.22927 -0.83447
vn 0.19943 -0.43799 0.87658
vn -0.56475 -0.37849 -0.73335
vn -0.64909 -0.36854 -0.66548
vn 0.18809 -0.56530 0.80315
vn 0.17999 -0.66636 0.72358
vn -0.43897 -0.64524 -0.62528
vn -0.56737 -0.55256 -0.61055
vn -0.39925 -0.56082 -0.72531
vn 0.17623 -0.74326 0.64537
vn 0.15589 -0.82290 0.54638
vn 0.13358 -0.85772 0.49646
vn -0.36955 -0.79488 -0.48125
vn -0.45257 -0.70756 -0.54271
vn -0.31978 -0.72567 -0.60921
vn 0.10766 -0.85940 0.49985
vn 0.14891 -0.87406 0.46244
vn 0.14284 -0.90615 0.39811
vn 0.13018 -0.92292 0.36231
vn -0.22998 -0.90319 -0.36242
vn -0.26857 -0.87469 -0.40346
vn -0.32636 -0.83460 -0.44377
vn 0.11361 -0.93675 0.33105
vn 0.08573 -0.95895 0.27032
vn 0.04759 -0.97989 0.19380
vn 0.00137 -0.99391 0.11023
vn -0.04396 -0.99882 0.02084
vn -0.07544 -0.99486 -0.06752
vn -0.10768 -0.98259 -0.15137
vn -0.13628 -0.96335 -0.23106
vn -0.18246 -0.93746 -0.29644
vn -0.20160 -0.91939 -0.33775
vn 0.08468 0.81560 0.57239
vn 0.08785 0.87354 0.47876
vn 0.05457 0.96564 0.25408
vn 0.01842 0.99578 0.08990
vn 0.00139 0.99997 -0.00823
vn -0.00285 0.99985 -0.01736
vn -0.00539 0.99991 -0.01246
vn -0.00658 0.99995 -0.00708
vn -0.00684 0.99997 -0.00430
vn -0.00536 0.99998 0.00246
vn -0.00012 0.99999 0.00403
vn 0.00828 0.99990 0.01109
vn 0.01079 0.99982 0.01570
vn 0.00673 0.99993 0.00951
vn -0.02254 0.99737 -0.06882
vn -0.08001 0.97705 -0.19743
vn -0.17014 0.91769 -0.35902
vn -0.25760 0.84330 -0.47169
vn 0.14318 0.58636 0.79730
vn 0.14836 0.70103 0.69753
vn 0.12384 0.80281 0.58323
vn -0.32326 0.76616 -0.55543
vn -0.41139 0.63909 -0.64986
vn 0.18290 0.47329 0.86171
vn 0.21966 0.56349 0.79638
vn -0.49323 0.45039 -0.74423
vn -0.56019 0.40191 -0.72433
vn 0.15560 0.30379 0.93995
vn -0.48911 0.34097 -0.80281
vn -0.56394 0.28853 -0.77377
vn 0.18685 0.13537 0.97302
vn 0.17862 0.15554 0.97155
vn -0.62470 0.16530 -0.76317
vn -0.71923 0.11425 -0.68532
vn 0.19511 0.08116 0.97742
vn 0.24905 0.08522 0.96473
vn -0.57223 0.07323 -0.81682
vn -0.70633 0.02759 -0.70735
vn 0.18145 0.05026 0.98212
vn -0.53675 0.04229 -0.84268
vn -0.69621 0.03376 -0.71705
vn 0.16724 -0.03074 0.98544
vn -0.53722 -0.02412 -0.84310
vn -0.71611 -0.01126 -0.69790
vn 0.15527 -0.08228 0.98444
vn 0.16078 -0.09283 0.98262
vn -0.55362 -0.06037 -0.83058
vn -0.71390 -0.04834 -0.69858
vn 0.18018 -0.11080 0.97737
vn 0.17162 -0.11059 0.97894
vn -0.56995 -0.10241 -0.81527
vn -0.69638 -0.09338 -0.71157
vn 0.13649 -0.14440 0.98006
vn 0.13859 -0.17297 0.97513
vn -0.58475 -0.16642 -0.79396
vn -0.69141 -0.13156 -0.71039
vn 0.13363 -0.26106 0.95603
vn -0.49433 -0.31655 -0.80959
vn -0.54267 -0.27394 -0.79402
vn 0.13349 -0.46104 0.87728
vn 0.13811 -0.54962 0.82392
vn -0.47152 -0.46023 -0.75223
vn -0.52645 -0.40270 -0.74879
vn 0.13244 -0.55895 0.81856
vn 0.12382 -0.64250 0.75622
vn -0.31894 -0.70485 -0.63361
vn -0.38672 -0.61556 -0.68668
vn 0.09306 -0.73353 0.67326
vn 0.06377 -0.80706 0.58702
vn 0.07126 -0.87157 0.48507
vn -0.20583 -0.86182 -0.46357
vn -0.20111 -0.83657 -0.50962
vn -0.26878 -0.76062 -0.59095
vn 0.09114 -0.89331 0.44010
vn 0.09998 -0.90677 0.40960
vn 0.10725 -0.92219 0.37157
vn -0.13153 -0.92684 -0.35166
vn -0.14666 -0.91483 -0.37627
vn -0.16635 -0.88725 -0.43025
vn -0.16166 -0.87873 -0.44912
vn 0.09900 -0.93567 0.33870
vn 0.07980 -0.95032 0.30088
vn 0.02501 -0.97115 0.23714
vn -0.01237 -0.98894 0.14782
vn -0.02986 -0.99867 0.04208
vn -0.04654 -0.99788 -0.04541
vn -0.07622 -0.98878 -0.12845
vn -0.10262 -0.97321 -0.20574
vn -0.12293 -0.95357 -0.27496
vn -0.13688 -0.93391 -0.33026
vn 0.10758 0.86985 0.48145
vn 0.06512 0.95414 0.29219
vn 0.04154 0.99230 0.11666
vn 0.01201 0.99990 0.00755
vn 0.00143 0.99993 -0.01175
vn 0.00126 0.99992 -0.01290
vn 0.00424 0.99996 -0.00813
vn 0.00541 0.99998 -0.00449
vn 0.00458 0.99999 0.00176
vn 0.00588 0.99998 -0.00319
vn 0.00844 0.99994 0.00650
vn 0.00692 0.99983 0.01727
vn 0.00592 0.99989 0.01377
vn -0.00717 0.99960 -0.02728
vn -0.06467 0.99048 -0.12151
vn -0.15215 0.95778 -0.24396
vn -0.28632 0.87489 -0.39063
vn -0.35404 0.83288 -0.42540
vn 0.19041 0.64286 0.74194
vn 0.14702 0.78043 0.60772
vn -0.35260 0.80005 -0.48538
vn -0.44401 0.70799 -0.54919
vn -0.56863 0.60258 -0.55996
vn 0.26251 0.42873 0.86445
vn 0.24239 0.53042 0.81234
vn -0.51047 0.55081 -0.66032
vn -0.63203 0.47452 -0.61268
vn -0.71617 0.41177 -0.56351
vn 0.27472 0.29965 0.91364
vn -0.69776 0.28535 -0.65705
vn -0.76364 0.29512 -0.57424
vn -0.80885 0.25337 -0.53062
vn 0.28448 0.13222 0.94952
vn -0.71335 0.20110 -0.67133
vn -0.77288 0.15906 -0.61430
vn -0.75485 0.15097 -0.63829
vn 0.26689 0.07090 0.96112
vn 0.28843 0.06574 0.95524
vn -0.81700 0.05087 -0.57439
vn -0.71810 0.06750 -0.69266
vn 0.29153 0.05999 0.95468
vn 0.31376 0.07438 0.94658
vn -0.84037 0.05317 -0.53940
vn -0.70253 0.04797 -0.71004
vn 0.25742 -0.00084 0.96630
vn 0.25176 0.04234 0.96686
vn -0.84493 -0.01183 -0.53475
vn -0.69017 -0.01600 -0.72347
vn 0.20462 -0.05672 0.97720
vn 0.17296 -0.06231 0.98296
vn -0.83095 -0.07442 -0.55134
vn -0.69934 -0.07162 -0.71119
vn 0.18068 -0.12835 0.97513
vn -0.81115 -0.11006 -0.57439
vn -0.73562 -0.10308 -0.66950
vn 0.21490 -0.18668 0.95863
vn -0.68093 -0.19805 -0.70506
vn -0.78817 -0.17052 -0.59137
vn -0.81161 -0.16590 -0.56015
vn 0.21783 -0.23453 0.94739
vn -0.66006 -0.29125 -0.69246
vn -0.79708 -0.28230 -0.53383
vn -0.84276 -0.23155 -0.48594
vn 0.20785 -0.40811 0.88896
vn 0.20454 -0.53052 0.82262
vn -0.46859 -0.55076 -0.69071
vn -0.58462 -0.47926 -0.65463
vn -0.74683 -0.40996 -0.52362
vn 0.18692 -0.64937 0.73714
vn 0.18861 -0.68369 0.70498
vn -0.31467 -0.75298 -0.57793
vn -0.39046 -0.69818 -0.60007
vn -0.50995 -0.62038 -0.59589
vn 0.12075 -0.71306 0.69062
vn 0.15792 -0.75884 0.63184
vn 0.07914 -0.87209 0.48290
vn -0.13024 -0.86956 -0.47634
vn -0.23591 -0.82207 -0.51822
vn -0.29879 -0.80556 -0.51166
vn 0.06479 -0.91034 0.40875
vn 0.08470 -0.91917 0.38464
vn 0.11325 -0.92711 0.35727
vn -0.14815 -0.92571 -0.34802
vn -0.14557 -0.91517 -0.37586
vn -0.13633 -0.89675 -0.42102
vn -0.12277 -0.88519 -0.44875
vn 0.11133 -0.93008 0.35008
vn 0.09547 -0.93203 0.34957
vn 0.07480 -0.95959 0.27128
vn 0.06238 -0.98309 0.17218
vn 0.01793 -0.99770 0.06537
vn -0.02788 -0.99953 -0.01293
vn -0.06736 -0.99407 -0.08539
vn -0.11133 -0.97971 -0.16666
vn -0.13926 -0.95527 -0.26090
vn -0.14640 -0.92902 -0.33982
vn -0.15049 -0.92064 -0.36023
vn 0.12096 0.85540 0.50365
vn 0.09050 0.94085 0.32653
vn 0.04982 0.98764 0.14861
vn 0.01069 0.99932 0.03532
vn 0.00489 0.99990 -0.01341
vn 0.01143 0.99981 -0.01604
vn 0.01203 0.99988 -0.00925
vn 0.00855 0.99996 -0.00260
vn 0.00702 0.99997 0.00244
vn 0.00731 0.99997 -0.00358
vn 0.00651 0.99994 0.00855
vn 0.00231 0.99978 0.02079
vn -0.00124 0.99990 0.01385
vn -0.00272 1.00000 -0.00152
vn -0.03850 0.99760 -0.05763
vn -0.11370 0.98355 -0.14039
vn -0.22151 0.94330 -0.24722
vn -0.35065 0.86579 -0.35700
vn -0.43042 0.83220 -0.34954
vn 0.21984 0.57794 0.78591
vn 0.16774 0.74479 0.64587
vn -0.43353 0.78595 -0.44083
vn -0.54845 0.71445 -0.43446
vn -0.64771 0.63310 -0.42386
vn -0.69618 0.57958 -0.42358
vn 0.25760 0.40734 0.87619
vn 0.24702 0.44984 0.85827
vn -0.65847 0.55460 -0.50876
vn -0.73286 0.45428 -0.50650
vn -0.66147 0.34049 -0.66822
vn -0.82614 0.33979 -0.44948
vn 0.22254 0.33306 0.91627
vn 0.18626 0.40439 0.89542
vn -0.78892 0.35003 -0.50506
vn -0.66408 0.23885 -0.70848
vn -0.94730 0.30801 -0.08802
vn -0.95909 0.28310 -0.00000
vn -0.95909 0.28310 -0.00000
vn 0.22981 0.12770 0.96482
vn -0.70668 0.13840 -0.69387
vn -0.98322 0.18131 -0.02015
vn -0.98314 0.18288 -0.00000
vn -0.98314 0.18288 -0.00000
vn 0.24270 0.04080 0.96924
vn -0.73323 0.07297 -0.67605
vn -0.99519 0.09567 -0.02088
vn -0.99537 0.09611 -0.00000
vn -0.99537 0.09611 -0.00000
vn 0.23120 0.10686 0.96702
vn -0.74796 0.04553 -0.66218
vn -0.99814 0.05725 -0.02117
vn -0.99835 0.05744 -0.00000
vn -0.99835 0.05744 -0.00000
vn 0.18005 0.11307 0.97714
vn -0.75081 -0.02153 -0.66016
vn -0.99937 -0.02833 -0.02123
vn -0.99959 -0.02854 -0.00000
vn -0.99959 -0.02854 -0.00000
vn 0.13635 -0.01853 0.99049
vn -0.73480 -0.07353 -0.67428
vn -0.99534 -0.09415 -0.02087
vn -0.99553 -0.09446 -0.00000
vn -0.99553 -0.09446 -0.00000
vn 0.16183 -0.17046 0.97198
vn -0.71549 -0.09795 -0.69172
vn -0.99163 -0.12753 -0.02033
vn -0.99179 -0.12788 -0.00000
vn -0.99179 -0.12788 -0.00000
vn 0.20920 -0.23621 0.94892
vn -0.69457 -0.13415 -0.70681
vn -0.98414 -0.17633 -0.01956
vn -0.98417 -0.17724 -0.00000
vn -0.98417 -0.17724 -0.00000
vn 0.27551 -0.26891 0.92292
vn 0.29602 -0.34041 0.89246
vn -0.81735 -0.32154 -0.47806
vn -0.67949 -0.21552 -0.70132
vn -0.96785 -0.25083 -0.01859
vn -0.97090 -0.23950 -0.00000
vn -0.97090 -0.23950 -0.00000
vn 0.28843 -0.36844 0.88377
vn 0.31097 -0.45519 0.83433
vn -0.68472 -0.55443 -0.47305
vn -0.76313 -0.46471 -0.44909
vn -0.67193 -0.37428 -0.63909
vn 0.28029 -0.60392 0.74613
vn 0.24357 -0.65824 0.71231
vn -0.42310 -0.77283 -0.47298
vn -0.58179 -0.71045 -0.39595
vn -0.69439 -0.62115 -0.36330
vn -0.73002 -0.56552 -0.38374
vn 0.20306 -0.71995 0.66366
vn 0.13199 -0.81861 0.55898
vn -0.18266 -0.87600 -0.44637
vn -0.22573 -0.88632 -0.40433
vn -0.37280 -0.83627 -0.40207
vn -0.50683 -0.79379 -0.33620
vn 0.05452 -0.88245 0.46724
vn -0.00112 -0.92195 0.38730
vn -0.01189 -0.94575 0.32468
vn 0.01716 -0.96199 0.27254
vn -0.18720 -0.90420 -0.38389
vn -0.20321 -0.87880 -0.43176
vn -0.19335 -0.86552 -0.46204
vn 0.04058 -0.94270 0.33115
vn 0.06562 -0.94893 0.30857
vn 0.12390 -0.95545 0.26788
vn 0.12261 -0.97127 0.20397
vn 0.04392 -0.98786 0.14901
vn -0.02194 -0.99947 0.02419
vn -0.04363 -0.99719 -0.06086
vn -0.05284 -0.98953 -0.13431
vn -0.07160 -0.96791 -0.24089
vn -0.10294 -0.94626 -0.30657
vn -0.15786 -0.92756 -0.33869
vn -0.05041 -0.99873 -0.00032
vn -0.05402 -0.99826 -0.02351
vn 0.17630 0.82830 0.53183
vn 0.12734 0.91410 0.38498
vn 0.06631 0.97846 0.19551
vn 0.03061 0.99739 0.06545
vn 0.00380 0.99984 -0.01744
vn 0.00426 0.99977 -0.02104
vn 0.01216 0.99990 -0.00766
vn 0.00200 0.99997 0.00761
vn -0.00510 0.99999 0.00122
vn -0.00286 0.99998 -0.00562
vn 0.00405 0.99996 0.00751
vn 0.00841 0.99969 0.02329
vn 0.00559 0.99983 0.01757
vn -0.00051 1.00000 0.00154
vn -0.00683 0.99991 -0.01137
vn -0.05842 0.99638 -0.06168
vn -0.14870 0.97958 -0.13532
vn -0.25924 0.93872 -0.22717
vn -0.39398 0.87464 -0.28247
vn -0.47008 0.84276 -0.26225
vn -0.51492 0.82095 -0.24679
vn 0.17880 0.58231 0.79306
vn 0.21594 0.71260 0.66751
vn -0.48732 0.80151 -0.34654
vn -0.55389 0.76369 -0.33163
vn -0.58363 0.60702 -0.53936
vn -0.77937 0.62643 -0.01291
vn -0.78015 0.62560 -0.00000
vn -0.78015 0.62560 -0.00000
vn 0.14412 0.47814 0.86638
vn -0.71643 0.41668 -0.55956
vn -0.90382 0.42109 -0.07609
vn -0.89864 0.43868 -0.00000
vn -0.89864 0.43868 -0.00000
vn 0.19535 0.25464 0.94710
vn 0.16497 0.38316 0.90883
vn -0.93485 0.35505 -0.00000
vn -0.93732 0.34846 -0.00000
vn -0.93732 0.34846 -0.00000
vn 0.23472 0.10470 0.96641
vn 0.27335 0.01862 0.96174
vn 0.26995 0.14454 0.95196
vn 0.21506 0.17822 0.96020
vn 0.17009 -0.02806 0.98503
vn 0.21686 -0.22414 0.95012
vn 0.31006 -0.30444 0.90065
vn 0.36463 -0.33937 0.86710
vn 0.31188 -0.29141 0.90433
vn 0.38838 -0.31737 0.86512
vn -0.81976 -0.30717 -0.48336
vn -0.94783 -0.31828 -0.01771
vn -0.95253 -0.30444 -0.00000
vn -0.95253 -0.30444 -0.00000
vn 0.29110 -0.44182 0.84856
vn 0.22674 -0.47588 0.84978
vn -0.73420 -0.37991 -0.56268
vn -0.89648 -0.44280 -0.01599
vn -0.89405 -0.44797 -0.00000
vn -0.89405 -0.44797 -0.00000
vn 0.26801 -0.56264 0.78205
vn 0.18296 -0.61777 0.76478
vn -0.57307 -0.76379 -0.29701
vn -0.62825 -0.72210 -0.28961
vn -0.61251 -0.56218 -0.55569
vn -0.80499 -0.59314 -0.01349
vn -0.80625 -0.59158 -0.00000
vn -0.80625 -0.59158 -0.00000
vn 0.16630 -0.69658 0.69794
vn 0.17231 -0.75611 0.63136
vn -0.26584 -0.86861 -0.41814
vn -0.33586 -0.87056 -0.35962
vn -0.49848 -0.82397 -0.26944
vn -0.53941 -0.79692 -0.27195
vn -0.57522 -0.78121 -0.24256
vn -0.60266 -0.74900 -0.27531
vn 0.15495 -0.81686 0.55563
vn 0.07745 -0.88288 0.46317
vn 0.04099 -0.95223 0.30261
vn 0.06792 -0.97218 0.22417
vn -0.21886 -0.90274 -0.37035
vn -0.25027 -0.88135 -0.40073
vn -0.30418 -0.84983 -0.43042
vn -0.49514 -0.84089 -0.21850
vn -0.48561 -0.84407 -0.22745
vn 0.07364 -0.96860 0.23748
vn 0.05837 -0.95821 0.28005
vn -0.00127 -0.96906 0.24682
vn -0.03247 -0.97513 0.21925
vn -0.04778 -0.99398 0.09855
vn -0.06609 -0.99365 -0.09110
vn -0.05881 -0.98978 -0.12992
vn -0.09230 -0.97515 -0.20140
vn -0.16928 -0.95595 -0.23980
vn -0.21607 -0.92824 -0.30279
vn -0.24251 -0.90302 -0.35461
vn -0.03861 -0.98562 0.16448
vn -0.07986 -0.99373 0.07829
vn -0.10296 -0.99157 -0.07869
vn -0.09993 -0.98566 -0.13598
vn 0.20146 0.80426 0.55909
vn 0.18903 0.86189 0.47055
vn 0.10313 0.96290 0.24938
vn 0.05044 0.99257 0.11075
vn -0.01176 0.99984 0.01325
vn -0.02951 0.99916 -0.02854
vn -0.01580 0.99970 -0.01883
vn 0.00192 0.99991 0.01299
vn 0.01140 0.99992 -0.00449
vn 0.01958 0.99975 -0.01115
vn 0.03004 0.99954 -0.00496
vn 0.03934 0.99906 0.01794
vn 0.04237 0.99882 0.02369
vn 0.04079 0.99916 0.00427
vn 0.04058 0.99916 -0.00513
vn 0.02385 0.99972 0.00014
vn -0.04705 0.99809 -0.04013
vn -0.13780 0.98350 -0.11721
vn -0.24418 0.95685 -0.15751
vn -0.35895 0.91701 -0.17392
vn -0.45366 0.81380 -0.36322
vn -0.53895 0.84230 -0.00777
vn -0.53621 0.84409 -0.00000
vn -0.53621 0.84409 -0.00000
vn 0.17608 0.64861 0.74048
vn 0.22471 0.71330 0.66386
vn 0.19375 0.78961 0.58222
vn -0.56137 0.72504 -0.39898
vn -0.65770 0.75321 -0.01015
vn -0.65776 0.75323 -0.00000
vn -0.65776 0.75323 -0.00000
vn 0.10090 0.57000 0.81542
vn 0.10694 0.69449 0.71151
vn 0.21349 0.16452 0.96299
vn 0.16849 0.21811 0.96127
vn 0.24867 0.06179 0.96661
vn 0.19129 0.03350 0.98096
vn 0.29748 -0.01279 0.95464
vn 0.21251 -0.00363 0.97715
vn 0.24078 0.18584 0.95262
vn 0.13261 0.15486 0.97899
vn 0.23180 0.24433 0.94158
vn 0.17436 -0.01665 0.98454
vn 0.23149 -0.32757 0.91603
vn 0.18646 -0.41470 0.89065
vn 0.30760 -0.35700 0.88200
vn 0.32756 -0.42976 0.84143
vn 0.38938 -0.28080 0.87723
vn 0.32845 -0.29727 0.89652
vn 0.26249 -0.37420 0.88942
vn 0.10822 -0.54073 0.83421
vn -0.62588 -0.65004 -0.43096
vn -0.72515 -0.68850 -0.01151
vn -0.72587 -0.68783 -0.00000
vn -0.72587 -0.68783 -0.00000
vn 0.04111 -0.73207 0.67999
vn 0.13768 -0.80415 0.57827
vn 0.11957 -0.81695 0.56418
vn -0.50394 -0.82458 -0.25712
vn -0.51532 -0.81643 -0.26054
vn -0.52093 -0.82852 -0.20538
vn -0.55046 -0.72296 -0.41751
vn -0.64806 -0.76153 -0.00973
vn -0.64714 -0.76237 -0.00000
vn -0.64714 -0.76237 -0.00000
vn 0.17641 -0.80356 0.56848
vn 0.15725 -0.83797 0.52257
vn 0.11098 -0.93958 0.32385
vn 0.07910 -0.96775 0.23919
vn -0.29244 -0.87142 -0.39383
vn -0.35425 -0.87053 -0.34160
vn -0.41115 -0.88723 -0.20925
vn -0.45415 -0.86481 -0.21414
vn -0.46985 -0.84389 -0.25903
vn -0.47294 -0.85018 -0.23136
vn 0.05451 -0.95107 0.30413
vn -0.02316 -0.92832 0.37105
vn -0.09725 -0.95898 0.26628
vn -0.03074 -0.98518 0.16872
vn -0.12860 -0.98414 -0.12222
vn -0.17661 -0.97514 -0.13383
vn -0.21324 -0.95950 -0.18408
vn -0.25022 -0.93153 -0.26388
vn -0.30146 -0.88915 -0.34428
vn -0.34413 -0.86386 -0.36785
vn 0.00108 -0.98720 0.15946
vn -0.02174 -0.98677 0.16064
vn -0.10418 -0.99137 -0.07954
vn -0.14391 -0.98089 -0.13091
vn -0.16658 -0.98110 -0.09844
vn 0.15591 0.86323 0.48014
vn 0.11439 0.94040 0.32026
vn 0.04130 0.98385 0.17419
vn -0.01093 0.99809 0.06088
vn -0.03354 0.99898 -0.03015
vn -0.02872 0.99886 -0.03812
vn -0.00431 0.99995 -0.00947
vn 0.01817 0.99964 -0.01961
vn 0.03321 0.99923 -0.02065
vn 0.03970 0.99913 -0.01303
vn 0.04402 0.99894 0.01341
vn 0.05392 0.99841 0.01656
vn 0.06690 0.99776 0.00172
vn 0.06136 0.99811 0.00325
vn 0.04409 0.99864 0.02788
vn 0.02323 0.99942 0.02496
vn -0.03678 0.99892 -0.02856
vn -0.11261 0.99137 -0.06713
vn -0.19429 0.97762 -0.08063
vn -0.28961 0.93471 -0.20601
vn -0.38624 0.92239 -0.00509
vn -0.38777 0.92175 -0.00000
vn -0.38777 0.92175 -0.00000
vn 0.03273 0.80036 0.59863
vn 0.15078 0.80898 0.56818
vn 0.01127 0.56910 0.82219
vn 0.00893 0.69843 0.71563
vn -0.00105 0.17109 0.98526
vn 0.00237 0.01786 0.99984
vn -0.02364 0.04773 0.99858
vn -0.05520 0.21131 0.97586
vn -0.04968 0.19280 0.97998
vn -0.02828 0.24419 0.96931
vn 0.05770 -0.03005 0.99788
vn 0.10014 -0.39838 0.91174
vn 0.13823 -0.45709 0.87861
vn 0.18202 -0.55166 0.81396
vn 0.31779 -0.30106 0.89910
vn 0.33658 -0.24090 0.91032
vn 0.33606 -0.21669 0.91658
vn 0.33008 -0.27319 0.90356
vn 0.28785 -0.45668 0.84177
vn 0.37899 -0.60168 0.70310
vn 0.13958 -0.71463 0.68543
vn 0.13940 -0.79868 0.58538
vn 0.09163 -0.79830 0.59525
vn -0.48039 -0.85620 -0.19010
vn -0.48851 -0.80644 -0.33320
vn -0.55727 -0.83029 -0.00779
vn -0.55647 -0.83087 -0.00000
vn -0.55647 -0.83087 -0.00000
vn 0.05690 -0.83901 0.54113
vn 0.03334 -0.94056 0.33800
vn 0.08749 -0.97444 0.20690
vn -0.34377 -0.89692 -0.27814
vn -0.34039 -0.92392 -0.17467
vn -0.38335 -0.91115 -0.15113
vn -0.41262 -0.87927 -0.23799
vn -0.44845 -0.87314 -0.19110
vn -0.45024 -0.84256 -0.29559
vn -0.50257 -0.86451 -0.00670
vn -0.50148 -0.86517 -0.00000
vn -0.50148 -0.86517 -0.00000
vn 0.12431 -0.94033 0.31674
vn 0.14175 -0.90456 0.40209
vn 0.13081 -0.94657 0.29477
vn 0.07606 -0.98486 0.15576
vn 0.08894 -0.97738 0.19190
vn -0.16638 -0.97661 -0.13621
vn -0.14199 -0.97466 -0.17288
vn -0.15950 -0.96754 -0.19602
vn -0.25179 -0.92945 -0.26967
vn -0.30732 -0.89326 -0.32808
vn -0.29062 -0.93804 -0.18876
vn 0.02774 -0.98616 0.16346
vn 0.04342 -0.97803 0.20390
vn -0.00139 -0.99991 0.01332
vn -0.10801 -0.99105 -0.07848
vn -0.15517 -0.98184 -0.10918
vn -0.13692 -0.97569 -0.17111
vn 0.12174 0.89429 0.43062
vn 0.15440 0.91301 0.37760
vn 0.07876 0.96817 0.23758
vn 0.03146 0.99476 0.09723
vn -0.00411 0.99987 -0.01564
vn -0.02859 0.99891 -0.03688
vn -0.03247 0.99889 -0.03416
vn -0.00915 0.99911 -0.04112
vn 0.00654 0.99966 -0.02533
vn -0.00767 0.99995 -0.00597
vn -0.00999 0.99992 0.00736
vn 0.01491 0.99978 -0.01504
vn 0.04399 0.99901 -0.00657
vn 0.03838 0.99914 0.01551
vn 0.04257 0.99856 0.03252
vn 0.03807 0.99824 0.04545
vn 0.02170 0.99941 0.02645
vn -0.01953 0.99981 -0.00061
vn -0.06495 0.99771 -0.01893
vn -0.12596 0.98896 -0.07806
vn -0.18669 0.98242 -0.00215
vn -0.18695 0.98237 -0.00000
vn -0.18695 0.98237 -0.00000
vn -0.02168 0.84499 0.53434
vn 0.03812 0.90654 0.42039
vn 0.01628 0.55990 0.82840
vn 0.00399 0.67953 0.73363
vn -0.10125 0.24081 0.96528
vn -0.04491 -0.03156 0.99849
vn -0.18667 0.03172 0.98191
vn -0.07498 0.04974 0.99594
vn -0.18655 0.06517 0.98028
vn -0.16927 0.21873 0.96099
vn -0.18616 0.19606 0.96276
vn -0.06267 0.09464 0.99354
vn 0.30082 -0.24211 0.92244
vn 0.41902 -0.32812 0.84662
vn 0.24624 -0.37283 0.89463
vn 0.30927 -0.38675 0.86878
vn 0.17546 -0.56628 0.80532
vn 0.28032 -0.57594 0.76793
vn 0.15717 -0.51420 0.84314
vn 0.28541 -0.48586 0.82612
vn 0.59985 -0.32931 0.72920
vn 0.68994 -0.39003 0.60981
vn 0.59706 -0.29928 0.74428
vn 0.75630 -0.34010 0.55887
vn 0.69379 -0.37558 0.61449
vn 0.52363 -0.61123 0.59347
vn 0.59063 -0.58477 0.55605
vn 0.58486 -0.66462 0.46499
vn 0.35122 -0.78182 0.51517
vn 0.45959 -0.80240 0.38069
vn 0.13020 -0.93880 0.31892
vn 0.13109 -0.93476 0.33022
vn -0.31216 -0.93868 -0.14645
vn -0.33182 -0.93502 -0.12506
vn -0.34893 -0.91703 -0.19313
vn -0.38848 -0.90616 -0.16721
vn -0.41116 -0.87748 -0.24694
vn -0.45540 -0.89027 -0.00573
vn -0.45610 -0.88993 -0.00000
vn -0.45610 -0.88993 -0.00000
vn 0.07078 -0.94282 0.32569
vn 0.11378 -0.93925 0.32382
vn 0.27119 -0.92053 0.28122
vn 0.18772 -0.95246 0.23997
vn 0.15261 -0.97044 0.18697
vn 0.18618 -0.96764 0.17032
vn -0.06681 -0.96688 -0.24633
vn -0.00471 -0.97958 -0.20100
vn -0.00119 -0.98020 -0.19802
vn -0.10900 -0.96317 -0.24582
vn -0.26114 -0.95711 -0.12552
vn -0.29781 -0.94854 -0.10758
vn -0.32330 -0.93283 -0.15906
vn 0.15038 -0.97189 0.18116
vn 0.14002 -0.97953 0.14465
vn -0.05506 -0.99647 0.06329
vn -0.12020 -0.98767 -0.10031
vn -0.10413 -0.96754 -0.23026
vn 0.09885 0.93467 0.34150
vn 0.13092 0.92955 0.34466
vn 0.14122 0.94362 0.29939
vn 0.07912 0.98693 0.14039
vn 0.02858 0.99903 0.03358
vn -0.01086 0.99989 -0.01047
vn -0.02141 0.99895 -0.04054
vn -0.01783 0.99820 -0.05725
vn -0.01409 0.99960 -0.02436
vn -0.01865 0.99980 0.00691
vn -0.01034 0.99994 -0.00322
vn -0.00034 0.99921 -0.03962
vn 0.00436 0.99991 -0.01234
vn 0.01108 0.99988 0.01051
vn 0.01753 0.99949 0.02658
vn 0.01945 0.99852 0.05075
vn 0.01842 0.99910 0.03822
vn 0.01550 0.99971 0.01864
vn 0.00951 0.99989 0.01140
vn -0.01171 0.99992 -0.00368
vn -0.04388 0.99904 -0.00039
vn -0.04389 0.99904 -0.00000
vn -0.04389 0.99904 -0.00000
vn 0.29157 0.70325 0.64840
vn 0.10221 0.92546 0.36480
vn 0.12825 0.94924 0.28723
vn 0.23999 0.56684 0.78810
vn 0.27289 0.66740 0.69290
vn 0.20031 0.36237 0.91025
vn -0.01238 -0.03181 0.99942
vn 0.16014 0.04162 0.98622
vn 0.03641 0.03861 0.99859
vn 0.29306 -0.00467 0.95608
vn 0.20796 0.19110 0.95929
vn 0.42137 0.14117 0.89584
vn 0.36508 -0.13318 0.92140
vn 0.47863 -0.18049 0.85926
vn 0.39205 -0.29125 0.87262
vn 0.50892 -0.37134 0.77660
vn 0.64197 -0.34390 0.68528
vn 0.67880 -0.31368 0.66395
vn 0.53717 -0.37999 0.75303
vn 0.64026 -0.35344 0.68202
vn 0.66747 -0.43011 0.60785
vn 0.47644 -0.60114 0.64160
vn 0.56286 -0.58179 0.58713
vn 0.57323 -0.49701 0.65145
vn 0.58198 -0.46808 0.66498
vn 0.38015 -0.42743 0.82024
vn 0.61430 -0.40098 0.67960
vn 0.46162 -0.44610 0.76675
vn 0.46922 -0.58882 0.65812
vn 0.46185 -0.69508 0.55096
vn 0.36010 -0.71805 0.59559
vn 0.47847 -0.71226 0.51357
vn 0.36140 -0.76856 0.52792
vn 0.38889 -0.90167 0.18911
vn 0.42659 -0.88219 0.19940
vn -0.34625 -0.92223 -0.17206
vn -0.36598 -0.91950 -0.14343
vn -0.36678 -0.90289 -0.22417
vn -0.38557 -0.92268 -0.00014
vn -0.39119 -0.92031 -0.00000
vn -0.39119 -0.92031 -0.00000
vn 0.31721 -0.93313 0.16924
vn 0.39516 -0.87480 0.28032
vn 0.30778 -0.87586 0.37167
vn 0.26157 -0.95363 0.14891
vn 0.23699 -0.94560 0.22289
vn -0.10018 -0.95040 -0.29445
vn -0.12142 -0.95749 -0.26165
vn -0.09046 -0.97619 -0.19715
vn -0.10882 -0.98822 -0.10765
vn -0.17751 -0.98342 -0.03698
vn -0.24036 -0.96814 -0.07027
vn -0.31569 -0.93912 -0.13563
vn -0.33704 -0.93056 -0.14304
vn -0.33930 -0.91885 -0.20147
vn -0.35968 -0.93180 -0.04888
vn 0.17357 -0.94216 0.28671
vn 0.07163 -0.97835 0.19419
vn -0.00954 -0.99814 -0.06015
vn -0.09167 -0.96189 -0.25760
vn -0.11990 -0.95392 -0.27505
vn 0.18762 0.94391 0.27171
vn 0.21974 0.90828 0.35600
vn 0.15011 0.96624 0.20941
vn 0.06949 0.99355 0.08966
vn 0.01351 0.99977 0.01660
vn -0.01423 0.99917 -0.03805
vn -0.02257 0.99843 -0.05119
vn -0.02379 0.99947 -0.02227
vn -0.01459 0.99989 0.00111
vn 0.00082 0.99984 -0.01766
vn 0.00413 0.99927 -0.03794
vn -0.00153 0.99986 -0.01649
vn 0.00073 0.99998 0.00635
vn 0.00358 0.99972 0.02328
vn 0.01011 0.99881 0.04775
vn 0.01565 0.99922 0.03627
vn 0.01799 0.99964 0.02000
vn 0.01756 0.99972 0.01568
vn 0.01505 0.99979 0.01391
vn 0.01265 0.99992 0.00014
vn 0.01265 0.99992 -0.00000
vn 0.01265 0.99992 -0.00000
vn 0.36052 0.65342 0.66563
vn 0.27195 0.74772 0.60577
vn 0.14605 0.94554 0.29090
vn 0.37729 0.54493 0.74880
vn 0.43116 0.62222 0.65341
vn 0.36785 0.59549 0.71420
vn 0.54134 0.29216 0.78841
vn 0.57247 0.37645 0.72839
vn 0.56666 0.02492 0.82357
vn 0.54411 -0.05698 0.83708
vn 0.56529 0.08995 0.81997
vn 0.60296 -0.20174 0.77184
vn 0.57167 -0.30834 0.76034
vn 0.54347 -0.48569 0.68465
vn 0.50574 -0.49835 0.70418
vn 0.58013 -0.46553 0.66838
vn 0.61786 -0.44111 0.65091
vn 0.45894 -0.44825 0.76710
vn 0.71361 -0.29345 0.63611
vn 0.64775 -0.32153 0.69068
vn 0.47249 -0.43651 0.76565
vn 0.36274 -0.38610 0.84814
vn 0.40495 -0.45768 0.79155
vn 0.33174 -0.40266 0.85312
vn 0.25744 -0.52961 0.80823
vn 0.20607 -0.65223 0.72947
vn 0.36204 -0.63908 0.67860
vn 0.26984 -0.74349 0.61189
vn 0.39913 -0.78195 0.47881
vn 0.41551 -0.84268 0.34241
vn 0.44529 -0.79972 0.40269
vn 0.42405 -0.87198 0.24461
vn 0.37450 -0.86891 0.32365
vn 0.27087 -0.86380 0.42483
vn -0.36011 -0.93291 -0.00000
vn -0.35999 -0.93296 -0.00000
vn -0.35999 -0.93296 -0.00000
vn 0.38235 -0.83985 0.38531
vn 0.34230 -0.84568 0.40945
vn 0.39923 -0.90680 0.13543
vn 0.34381 -0.86303 0.37011
vn 0.29655 -0.85559 0.42428
vn -0.11212 -0.96639 -0.23133
vn -0.08126 -0.96900 -0.23332
vn -0.08849 -0.99139 -0.09651
vn -0.12082 -0.99243 0.02205
vn -0.16739 -0.98589 0.00270
vn -0.22060 -0.97330 -0.06339
vn -0.26669 -0.95684 -0.11548
vn -0.29697 -0.93665 -0.18572
vn -0.33446 -0.94241 -0.00011
vn -0.32772 -0.94478 -0.00000
vn -0.32772 -0.94478 -0.00000
vn 0.21842 -0.90642 0.36151
vn 0.19911 -0.93240 0.30163
vn 0.08144 -0.99617 0.03189
vn -0.06177 -0.98843 -0.13853
vn -0.11906 -0.96113 -0.24912
vn 0.22096 0.93898 0.26360
vn 0.24092 0.91453 0.32495
vn 0.20409 0.93362 0.29445
vn 0.11409 0.97834 0.17275
vn 0.03157 0.99495 0.09527
vn -0.04800 0.99876 -0.01293
vn -0.05694 0.99708 -0.05087
vn -0.03834 0.99829 -0.04420
vn -0.01010 0.99975 -0.02019
vn 0.00596 0.99947 -0.03206
vn 0.01287 0.99947 -0.02998
vn 0.00186 0.99996 -0.00826
vn -0.00503 0.99995 0.00879
vn -0.00765 0.99982 0.01748
vn 0.00198 0.99927 0.03815
vn 0.00943 0.99942 0.03281
vn 0.01120 0.99977 0.01841
vn 0.01496 0.99979 0.01415
vn 0.01702 0.99975 0.01470
vn 0.01766 0.99984 0.00017
vn 0.01766 0.99984 -0.00000
vn 0.01766 0.99984 -0.00000
vn 0.39092 0.64727 0.65439
vn 0.23571 0.93135 0.27753
vn 0.18294 0.92791 0.32483
vn 0.50033 0.44915 0.74023
vn 0.42482 0.52323 0.73876
vn 0.58303 0.18033 0.79218
vn 0.55648 0.30775 0.77176
vn 0.59045 0.04217 0.80597
vn 0.49617 0.08643 0.86391
vn 0.45240 0.03286 0.89121
vn 0.31539 0.12963 0.94007
vn 0.46796 -0.01189 0.88367
vn 0.37260 -0.12959 0.91890
vn 0.57763 -0.17011 0.79838
vn 0.55670 -0.24764 0.79295
vn 0.33603 -0.35755 0.87135
vn 0.30929 -0.46659 0.82863
vn 0.23827 -0.56447 0.79032
vn 0.23955 -0.60905 0.75609
vn 0.43481 -0.42919 0.79167
vn 0.49925 -0.39799 0.76964
vn 0.47941 -0.33349 0.81176
vn 0.52895 -0.29430 0.79599
vn 0.51790 -0.31772 0.79425
vn 0.60265 -0.29044 0.74327
vn 0.34929 -0.41444 0.84038
vn 0.42341 -0.47633 0.77061
vn 0.32236 -0.80369 0.50017
vn 0.36997 -0.85743 0.35769
vn 0.36728 -0.84304 0.39293
vn 0.27454 -0.88988 0.36434
vn 0.13990 -0.90471 0.40240
vn 0.23338 -0.92365 0.30397
vn 0.29984 -0.93202 0.20353
vn 0.28389 -0.93115 0.22883
vn 0.30384 -0.92045 0.24586
vn 0.29744 -0.94112 0.16070
vn 0.25802 -0.92332 0.28443
vn 0.30999 -0.84883 0.42824
vn 0.21030 -0.91570 0.34245
vn -0.01819 -0.96462 -0.26301
vn -0.03117 -0.97963 -0.19839
vn -0.17501 -0.98448 -0.01300
vn -0.21187 -0.97708 0.02072
vn -0.17641 -0.98428 -0.00888
vn -0.14475 -0.98879 -0.03664
vn -0.17909 -0.98172 -0.06451
vn -0.22642 -0.96565 -0.12745
vn -0.25488 -0.96697 -0.00245
vn -0.25506 -0.96693 -0.00000
vn -0.25506 -0.96693 -0.00000
vn 0.27442 -0.91879 0.28376
vn 0.16221 -0.96101 0.22393
vn -0.04204 -0.99911 -0.00215
vn -0.03872 -0.95260 -0.30174
vn 0.08546 0.96229 0.25825
vn 0.19798 0.92734 0.31756
vn 0.16380 0.95341 0.25334
vn 0.07924 0.98137 0.17500
vn 0.03087 0.99890 0.03529
vn -0.00199 0.99849 -0.05485
vn -0.00265 0.99813 -0.06099
vn -0.00672 0.99953 -0.02983
vn -0.00606 0.99914 -0.04111
vn -0.00156 0.99947 -0.03265
vn -0.00196 1.00000 0.00031
vn -0.00751 0.99985 0.01578
vn -0.01122 0.99981 0.01590
vn -0.00891 0.99950 0.03045
vn -0.00321 0.99957 0.02906
vn 0.00207 0.99989 0.01446
vn 0.00764 0.99992 0.01010
vn 0.01183 0.99986 0.01206
vn 0.01397 0.99990 0.00012
vn 0.01397 0.99990 -0.00000
vn 0.01397 0.99990 -0.00000
vn 0.44255 0.60246 0.66423
vn 0.24700 0.73904 0.62675
vn -0.00183 0.92814 0.37223
vn 0.51206 0.40867 0.75550
vn 0.55640 0.38381 0.73695
vn 0.43547 0.41615 0.79824
vn 0.49958 0.43496 0.74915
vn 0.58901 0.46803 0.65880
vn 0.48207 0.16909 0.85966
vn 0.60713 0.32322 0.72590
vn 0.43816 0.18397 0.87987
vn 0.42535 -0.23250 0.87466
vn 0.35072 -0.29229 0.88970
vn 0.38088 -0.24439 0.89174
vn 0.40064 -0.20509 0.89299
vn 0.45751 -0.33222 0.82481
vn 0.47835 -0.62733 0.61452
vn 0.46007 -0.55623 0.69206
vn 0.45855 -0.55147 0.69686
vn 0.47070 -0.49370 0.73123
vn 0.48898 -0.46021 0.74102
vn 0.59090 -0.29558 0.75065
vn 0.54590 -0.34558 0.76326
vn 0.61356 -0.26290 0.74460
vn 0.60345 -0.29250 0.74182
vn 0.59168 -0.29176 0.75153
vn 0.58392 -0.41795 0.69596
vn 0.57377 -0.61494 0.54095
vn 0.48318 -0.78629 0.38507
vn 0.46778 -0.73701 0.48786
vn 0.44848 -0.82247 0.34988
vn 0.45690 -0.77696 0.43310
vn 0.50792 -0.76655 0.39296
vn 0.49009 -0.80363 0.33763
vn 0.32958 -0.83659 0.43759
vn 0.40463 -0.81937 0.40609
vn 0.48381 -0.84178 0.23943
vn 0.40491 -0.87896 0.25197
vn 0.35571 -0.89147 0.28063
vn 0.31345 -0.81767 0.48287
vn 0.29659 -0.89457 0.33432
vn 0.21563 -0.82705 0.51913
vn 0.09527 -0.89986 0.42565
vn -0.07368 -0.96766 -0.24127
vn -0.07999 -0.98726 -0.13757
vn -0.09885 -0.99246 0.07252
vn -0.11716 -0.99310 0.00451
vn -0.12162 -0.99178 -0.03989
vn -0.13168 -0.99060 -0.03702
vn -0.14127 -0.98909 -0.04166
vn -0.15175 -0.98438 -0.08929
vn -0.17292 -0.98494 -0.00153
vn -0.17300 -0.98492 -0.00000
vn -0.17300 -0.98492 -0.00000
vn 0.03121 -0.92843 0.37019
vn -0.03605 -0.99622 0.07904
vn -0.06185 -0.94722 -0.31456
vn 0.05857 0.97853 0.19763
vn 0.13560 0.97762 0.16084
vn 0.25594 0.91636 0.30785
vn 0.19126 0.95094 0.24316
vn 0.13036 0.98749 0.08868
vn 0.05463 0.99842 -0.01325
vn -0.00562 0.99894 -0.04564
vn -0.02047 0.99950 -0.02390
vn -0.01979 0.99892 -0.04197
vn -0.02196 0.99920 -0.03337
vn -0.02694 0.99963 0.00290
vn -0.02432 0.99955 0.01781
vn -0.02102 0.99966 0.01565
vn -0.01513 0.99957 0.02524
vn -0.00791 0.99972 0.02250
vn -0.00151 0.99996 0.00861
vn 0.00190 0.99998 0.00571
vn 0.00516 0.99996 0.00742
vn 0.00725 0.99997 0.00006
vn 0.00725 0.99997 -0.00000
vn 0.00725 0.99997 -0.00000
vn 0.41359 0.49455 0.76444
vn 0.10933 0.94813 0.29848
vn 0.18975 0.97006 0.15161
vn 0.60898 0.26404 0.74795
vn 0.59846 0.19930 0.77597
vn 0.65504 0.41723 0.62995
vn 0.57187 0.38687 0.72339
vn 0.57722 0.21195 0.78860
vn 0.67063 0.28630 0.68431
vn 0.54833 0.43002 0.71723
vn 0.61543 0.17532 0.76845
vn 0.82889 0.02669 0.55877
vn 0.59775 -0.15769 0.78602
vn 0.86725 -0.00067 0.49787
vn 0.45337 -0.27431 0.84806
vn 0.60534 -0.16797 0.77804
vn 0.54769 -0.45023 0.70521
vn 0.52108 -0.51113 0.68354
vn 0.49155 -0.60688 0.62456
vn 0.42544 -0.52895 0.73431
vn 0.41228 -0.50679 0.75709
vn 0.41139 -0.51936 0.74902
vn 0.41267 -0.52871 0.74173
vn 0.50255 -0.42071 0.75527
vn 0.46378 -0.40406 0.78844
vn 0.58420 -0.30320 0.75285
vn 0.56675 -0.29941 0.76756
vn 0.56684 -0.53221 0.62885
vn 0.43751 -0.75897 0.48223
vn 0.35802 -0.80214 0.47790
vn 0.30447 -0.85571 0.41839
vn 0.31623 -0.89280 0.32080
vn 0.16888 -0.91653 0.36256
vn 0.39412 -0.87934 0.26725
vn 0.21263 -0.91526 0.34219
vn 0.18994 -0.91960 0.34389
vn 0.23144 -0.81974 0.52389
vn 0.25338 -0.76038 0.59801
vn 0.24823 -0.84451 0.47453
vn 0.33299 -0.87494 0.35157
vn 0.08995 -0.97009 -0.22548
vn 0.05334 -0.99060 -0.12594
vn 0.05439 -0.99615 0.06874
vn 0.04631 -0.99865 0.02348
vn -0.00263 -0.99997 -0.00703
vn -0.05414 -0.99843 -0.01420
vn -0.06747 -0.99703 -0.03703
vn -0.07032 -0.99538 -0.06544
vn -0.08694 -0.99621 -0.00069
vn -0.08697 -0.99621 -0.00000
vn -0.08697 -0.99621 -0.00000
vn 0.13977 -0.89892 0.41521
vn 0.23039 -0.95750 0.17351
vn 0.12854 -0.95350 -0.27262
vn 0.26303 0.95587 0.13086
vn 0.32692 0.90387 0.27594
vn 0.32297 0.90006 0.29252
vn 0.24916 0.94957 0.19038
vn 0.13407 0.98801 0.07651
vn 0.04198 0.99897 0.01748
vn 0.00238 0.99969 -0.02495
vn -0.00836 0.99923 -0.03834
vn -0.03308 0.99938 -0.01225
vn -0.05623 0.99840 0.00552
vn -0.04841 0.99878 0.00956
vn -0.03900 0.99921 0.00798
vn -0.02856 0.99947 0.01565
vn -0.01925 0.99971 0.01413
vn -0.01275 0.99991 0.00454
vn -0.00824 0.99996 0.00244
vn -0.00274 0.99999 0.00256
vn 0.00000 1.00000 -0.00000
vn 0.00000 1.00000 -0.00000
vn 0.00000 1.00000 -0.00000
vn 0.63211 0.30639 0.71173
vn 0.69457 0.35162 0.62764
vn 0.42486 0.89649 0.12571
vn 0.41070 0.87465 0.25753
vn 0.68036 0.13661 0.72004
vn 0.74466 0.12579 0.65549
vn 0.56369 0.44162 0.69801
vn 0.69726 0.35849 0.62074
vn 0.64217 0.09257 0.76095
vn 0.57614 0.32279 0.75091
vn 0.73896 -0.18933 0.64660
vn 0.51782 -0.29725 0.80219
vn 0.85792 0.07064 0.50890
vn 0.60369 0.06391 0.79466
vn 0.77847 0.04796 0.62584
vn 0.60170 0.09822 0.79266
vn 0.68792 -0.21930 0.69187
vn 0.54054 -0.33750 0.77065
vn 0.44315 -0.41052 0.79693
vn 0.42921 -0.46757 0.77276
vn 0.41775 -0.46480 0.78067
vn 0.41631 -0.56135 0.71524
vn 0.43388 -0.50065 0.74907
vn 0.40980 -0.49720 0.76476
vn 0.37676 -0.42166 0.82477
vn 0.42600 -0.47876 0.76766
vn 0.48716 -0.60897 0.62597
vn 0.55499 -0.52012 0.64920
vn 0.52457 -0.61138 0.59248
vn 0.54249 -0.65260 0.52897
vn 0.37173 -0.75701 0.53736
vn 0.45242 -0.76576 0.45708
vn 0.33272 -0.84539 0.41786
vn 0.18205 -0.87035 0.45755
vn 0.10049 -0.87819 0.46763
vn 0.10415 -0.96019 0.25919
vn 0.26943 -0.85368 0.44568
vn 0.39809 -0.77024 0.49825
vn 0.27387 -0.79271 0.54462
vn 0.33834 -0.80626 0.48526
vn 0.45838 -0.87511 0.15511
vn 0.42561 -0.89392 -0.14059
vn 0.23723 -0.97122 -0.02137
vn 0.17069 -0.98398 0.05143
vn 0.16460 -0.98361 0.07366
vn 0.11448 -0.99146 0.06245
vn 0.05840 -0.99798 0.02514
vn 0.03291 -0.99908 -0.02733
vn 0.01601 -0.99883 -0.04568
vn 0.00000 -1.00000 0.00004
vn 0.00000 -1.00000 -0.00000
vn 0.00000 -1.00000 -0.00000
vn 0.38592 -0.92252 -0.00401
vn 0.34998 -0.91995 -0.17666
vn 0.34053 0.88214 0.32539
vn 0.35695 0.89225 0.27656
vn 0.35464 0.89159 0.28161
vn 0.24839 0.95118 0.18319
vn 0.14086 0.98611 0.08805
vn 0.06382 0.99769 0.02324
vn -0.00513 0.99998 -0.00352
vn -0.05085 0.99853 0.01897
vn -0.06712 0.99769 0.01064
vn -0.05998 0.99820 -0.00180
vn -0.04865 0.99881 -0.00182
vn -0.03931 0.99921 0.00603
vn -0.03153 0.99948 0.00703
vn -0.02560 0.99967 -0.00118
vn -0.01804 0.99983 -0.00436
vn -0.01034 0.99993 -0.00490
vn -0.00725 0.99997 -0.00006
vn -0.00725 0.99997 -0.00000
vn -0.00725 0.99997 -0.00000
vn 0.80887 0.25684 0.52892
vn 0.79206 0.42297 0.44016
vn 0.48695 0.74809 0.45082
vn 0.40937 0.86393 0.29332
vn 0.42537 0.86036 0.28078
vn 0.81779 0.11271 0.56437
vn 0.78211 0.21319 0.58553
vn 0.69911 0.33326 0.63260
vn 0.62326 0.51264 0.59054
vn 0.69052 0.50699 0.51589
vn 0.59063 0.52020 0.61689
vn 0.62894 0.42401 0.65165
vn 0.54802 0.59222 0.59072
vn 0.53416 0.62974 0.56399
vn 0.30128 -0.01535 0.95341
vn 0.41778 0.29891 0.85797
vn 0.12036 0.05700 0.99109
vn 0.22743 -0.09716 0.96893
vn 0.42441 -0.32811 0.84393
vn 0.39436 -0.33187 0.85694
vn 0.43143 -0.43311 0.79138
vn 0.51584 -0.47256 0.71456
vn 0.53195 -0.48722 0.69256
vn 0.49477 -0.52440 0.69297
vn 0.47950 -0.47349 0.73884
vn 0.47075 -0.38431 0.79417
vn 0.50238 -0.47813 0.72042
vn 0.46144 -0.50347 0.73047
vn 0.47550 -0.60105 0.64238
vn 0.48494 -0.65611 0.57823
vn 0.47060 -0.65255 0.59389
vn 0.47545 -0.71039 0.51893
vn 0.41031 -0.73312 0.54238
vn 0.53476 -0.70034 0.47281
vn 0.44540 -0.72388 0.52689
vn 0.42079 -0.76516 0.48730
vn 0.43203 -0.87157 0.23178
vn 0.35122 -0.83541 0.42278
vn 0.46337 -0.87153 0.16037
vn 0.48522 -0.81795 0.30906
vn 0.52154 -0.73254 0.43746
vn 0.55864 -0.82504 0.08500
vn 0.49169 -0.86560 0.09476
vn 0.49550 -0.78208 0.37794
vn 0.56780 -0.82188 0.04597
vn 0.44232 -0.88923 0.11668
vn 0.25036 -0.95431 0.16313
vn 0.16698 -0.98345 0.07036
vn 0.16618 -0.98252 0.08385
vn 0.16424 -0.98197 0.09360
vn 0.14565 -0.98790 0.05330
vn 0.12475 -0.99215 -0.00862
vn 0.10335 -0.99450 -0.01678
vn 0.08698 -0.99621 0.00069
vn 0.08697 -0.99621 -0.00000
vn 0.08697 -0.99621 -0.00000
vn 0.39870 0.85767 0.32471
vn 0.37530 0.87441 0.30750
vn 0.25658 0.94505 0.20259
vn 0.11893 0.98602 0.11668
vn 0.02423 0.99802 0.05798
vn -0.01115 0.99880 0.04762
vn -0.02457 0.99960 0.01394
vn -0.03188 0.99948 -0.00545
vn -0.04384 0.99904 -0.00210
vn -0.04388 0.99903 -0.00304
vn -0.03414 0.99942 -0.00146
vn -0.02552 0.99965 -0.00731
vn -0.02202 0.99970 -0.01110
vn -0.01642 0.99979 -0.01223
vn -0.01397 0.99990 -0.00010
vn -0.01397 0.99990 -0.00000
vn -0.01397 0.99990 -0.00000
vn 0.63565 0.51169 0.57803
vn 0.57339 0.70893 0.41066
vn 0.44086 0.83054 0.34037
vn 0.43004 0.83235 0.34966
vn 0.55912 0.42349 0.71277
vn 0.52180 0.48731 0.70018
vn 0.54229 0.60093 0.58720
vn 0.43833 0.55025 0.71069
vn 0.37502 0.54341 0.75105
vn 0.47781 0.67098 0.56700
vn 0.48188 0.62875 0.61029
vn 0.26878 0.07321 0.96041
vn 0.34737 0.24536 0.90506
vn 0.27939 0.02957 0.95972
vn 0.48783 -0.04712 0.87166
vn 0.38193 -0.07586 0.92107
vn 0.59036 -0.27236 0.75980
vn 0.64358 -0.45170 0.61788
vn 0.67716 -0.38846 0.62494
vn 0.56108 -0.47279 0.67946
vn 0.55576 -0.41945 0.71777
vn 0.58889 -0.35650 0.72534
vn 0.48627 -0.40706 0.77321
vn 0.53319 -0.39733 0.74689
vn 0.48590 -0.38637 0.78398
vn 0.56491 -0.50209 0.65481
vn 0.53809 -0.55146 0.63745
vn 0.58104 -0.53999 0.60894
vn 0.47166 -0.52538 0.70817
vn 0.21133 -0.54801 0.80934
vn 0.33431 -0.66901 0.66383
vn 0.14929 -0.74648 0.64845
vn 0.14293 -0.83481 0.53167
vn 0.21821 -0.79518 0.56575
vn 0.19933 -0.85112 0.48566
vn 0.30721 -0.93530 0.17558
vn 0.22578 -0.94433 0.23932
vn 0.23024 -0.92238 0.31018
vn 0.41804 -0.89784 0.13830
vn 0.36798 -0.89055 0.26740
vn 0.37411 -0.85375 0.36216
vn 0.43043 -0.89042 0.14790
vn 0.41144 -0.88418 0.22124
vn 0.48228 -0.84239 0.24038
vn 0.49264 -0.85260 0.17432
vn 0.41103 -0.87108 0.26884
vn 0.40219 -0.88024 0.25183
vn 0.42249 -0.90031 0.10456
vn 0.35379 -0.93072 0.09275
vn 0.30822 -0.94248 0.12937
vn 0.24987 -0.96430 0.08768
vn 0.22671 -0.97390 0.01090
vn 0.19364 -0.98089 0.01894
vn 0.17306 -0.98491 0.00127
vn 0.17300 -0.98492 -0.00000
vn 0.17300 -0.98492 -0.00000
vn 0.40973 0.84966 0.33197
vn 0.34109 0.87481 0.34404
vn 0.22875 0.93811 0.26006
vn 0.12716 0.98341 0.12934
vn 0.07832 0.99536 0.05584
vn 0.04370 0.99819 0.04140
vn 0.00353 0.99983 0.01808
vn -0.01825 0.99983 0.00293
vn -0.01768 0.99981 -0.00848
vn -0.01626 0.99981 -0.01066
vn -0.01513 0.99985 -0.00815
vn -0.01720 0.99978 -0.01215
vn -0.01772 0.99972 -0.01541
vn -0.01766 0.99984 -0.00012
vn -0.01766 0.99984 -0.00000
vn -0.01766 0.99984 -0.00000
vn 0.43420 0.72539 0.53411
vn 0.34538 0.85156 0.39441
vn 0.38846 0.85329 0.34784
vn 0.32319 0.86861 0.37559
vn 0.35391 0.64961 0.67287
vn 0.38088 0.70553 0.59763
vn 0.38339 0.75176 0.53654
vn 0.42679 0.50426 0.75072
vn 0.39717 0.47654 0.78432
vn 0.51693 0.68729 0.51031
vn 0.53556 0.52850 0.65868
vn 0.46745 0.42710 0.77400
vn 0.59649 0.36522 0.71471
vn 0.56850 0.62694 0.53269
vn 0.47697 -0.16488 0.86331
vn 0.40690 -0.28537 0.86776
vn 0.61418 -0.41778 0.66951
vn 0.45059 -0.54063 0.71042
vn 0.68501 -0.45363 0.57008
vn 0.63660 -0.44131 0.63245
vn 0.60562 -0.34872 0.71528
vn 0.65790 -0.29956 0.69096
vn 0.63795 -0.30501 0.70710
vn 0.59307 -0.34695 0.72656
vn 0.54904 -0.38812 0.74022
vn 0.53877 -0.51888 0.66369
vn 0.43957 -0.51187 0.73808
vn 0.32050 -0.37794 0.86858
vn 0.25896 -0.44248 0.85858
vn 0.26162 -0.71050 0.65326
vn 0.31751 -0.84039 0.43925
vn 0.34388 -0.86592 0.36323
vn 0.31148 -0.90720 0.28278
vn 0.19466 -0.95498 0.22387
vn 0.23580 -0.93358 0.26987
vn 0.27348 -0.93288 0.23442
vn 0.26606 -0.92244 0.27986
vn 0.28817 -0.94372 0.16232
vn 0.38688 -0.91510 0.11362
vn 0.46581 -0.86009 0.20801
vn 0.45181 -0.86840 0.20433
vn 0.33918 -0.92499 0.17134
vn 0.33873 -0.92625 0.16529
vn 0.43594 -0.88881 0.14130
vn 0.35455 -0.92509 0.13604
vn 0.31885 -0.93185 0.17319
vn 0.33352 -0.93765 0.09788
vn 0.31473 -0.94816 0.04406
vn 0.27566 -0.95898 0.06602
vn 0.25518 -0.96689 0.00172
vn 0.25506 -0.96693 -0.00000
vn 0.25506 -0.96693 -0.00000
vn 0.24385 0.89757 0.36729
vn 0.20302 0.93107 0.30314
vn 0.33289 0.92318 0.19218
vn 0.26011 0.95639 0.13292
vn 0.16612 0.98109 0.09934
vn 0.11158 0.99245 0.05089
vn 0.07940 0.99664 0.02030
vn 0.05353 0.99853 0.00906
vn 0.02543 0.99967 -0.00182
vn 0.00279 0.99999 -0.00407
vn -0.00650 0.99992 -0.01041
vn -0.00988 0.99987 -0.01312
vn -0.01265 0.99992 -0.00008
vn -0.01265 0.99992 -0.00000
vn -0.01265 0.99992 -0.00000
vn 0.39482 0.79941 0.45284
vn 0.25657 0.89236 0.37130
vn 0.21146 0.89884 0.38389
vn 0.24490 0.92405 0.29352
vn 0.42439 0.60789 0.67109
vn 0.41012 0.65962 0.62985
vn 0.38937 0.75806 0.52320
vn 0.49155 0.47079 0.73262
vn 0.45617 0.52800 0.71632
vn 0.51272 0.51539 0.68666
vn 0.47662 0.39581 0.78496
vn 0.52474 0.21777 0.82293
vn 0.51454 0.59788 0.61465
vn 0.39586 0.55602 0.73084
vn 0.47749 0.06053 0.87655
vn 0.46933 -0.10664 0.87656
vn 0.46150 -0.62919 0.62541
vn 0.40325 -0.67832 0.61423
vn 0.48305 -0.62112 0.61714
vn 0.50623 -0.48790 0.71112
vn 0.58340 -0.37175 0.72211
vn 0.57730 -0.29757 0.76038
vn 0.61008 -0.29193 0.73660
vn 0.58720 -0.29119 0.75525
vn 0.56229 -0.28829 0.77506
vn 0.56592 -0.28170 0.77484
vn 0.44777 -0.39822 0.80057
vn 0.52432 -0.38578 0.75912
vn 0.41497 -0.37229 0.83018
vn 0.59590 -0.38506 0.70473
vn 0.70847 -0.54204 0.45194
vn 0.54589 -0.64752 0.53172
vn 0.59121 -0.73953 0.32182
vn 0.52646 -0.71103 0.46612
vn 0.37019 -0.73524 0.56779
vn 0.50968 -0.79487 0.32925
vn 0.49072 -0.77824 0.39183
vn 0.29328 -0.88225 0.36828
vn 0.25915 -0.93647 0.23637
vn 0.28653 -0.94724 0.14366
vn 0.32218 -0.94666 0.00550
vn 0.34418 -0.92621 0.15389
vn 0.35734 -0.91212 0.20086
vn 0.29723 -0.95171 0.07682
vn 0.33516 -0.94111 0.04455
vn 0.38291 -0.90932 0.16285
vn 0.37604 -0.88840 0.26331
vn 0.38078 -0.90694 0.18018
vn 0.37755 -0.91249 0.15750
vn 0.39928 -0.91047 0.10781
vn 0.38432 -0.91940 0.08365
vn 0.36287 -0.92306 0.12766
vn 0.35941 -0.93318 0.00225
vn 0.35999 -0.93296 -0.00000
vn 0.35999 -0.93296 -0.00000
vn 0.35766 -0.91948 0.16322
vn 0.37192 -0.92278 0.10072
vn 0.35876 -0.93107 0.06637
vn 0.33430 -0.93633 0.10740
vn 0.32705 -0.94501 0.00210
vn 0.32772 -0.94478 -0.00000
vn 0.32772 -0.94478 -0.00000
vn 0.13119 0.96085 0.24405
vn 0.21585 0.97581 0.03478
vn 0.35827 0.92388 0.13451
vn 0.35045 0.91803 0.18550
vn 0.29822 0.94888 0.10338
vn 0.24851 0.96743 0.04809
vn 0.19859 0.97894 0.04740
vn 0.14536 0.98875 0.03537
vn 0.11242 0.99349 0.01848
vn 0.08842 0.99608 0.00405
vn 0.06375 0.99792 0.00957
vn 0.04389 0.99904 0.00030
vn 0.04389 0.99904 -0.00000
vn 0.04389 0.99904 -0.00000
vn 0.40540 0.77078 0.49148
vn 0.44704 0.75920 0.47304
vn 0.35538 0.81945 0.44968
vn 0.25620 0.90332 0.34406
vn 0.50736 0.63706 0.58029
vn 0.50867 0.68393 0.52296
vn 0.49824 0.72952 0.46857
vn 0.40409 0.47942 0.77902
vn 0.48636 0.56100 0.66988
vn 0.59843 0.59478 0.53677
vn 0.41220 0.44859 0.79300
vn 0.52805 0.46530 0.71039
vn 0.45910 0.50927 0.72793
vn 0.43283 0.49953 0.75042
vn 0.60055 -0.05314 0.79782
vn 0.73021 -0.06454 0.68017
vn 0.48351 -0.49173 0.72417
vn 0.48940 -0.61918 0.61409
vn 0.59715 -0.61446 0.51561
vn 0.44273 -0.63271 0.63535
vn 0.56991 -0.52235 0.63431
vn 0.64573 -0.32660 0.69019
vn 0.63169 -0.26827 0.72732
vn 0.62151 -0.24766 0.74323
vn 0.61283 -0.21478 0.76047
vn 0.63215 -0.21893 0.74327
vn 0.64446 -0.44751 0.62000
vn 0.66577 -0.57060 0.48080
vn 0.73522 -0.59066 0.33253
vn 0.68517 -0.46540 0.56031
vn 0.77352 -0.46070 0.43522
vn 0.81515 -0.44465 0.37124
vn 0.66843 -0.65903 0.34479
vn 0.58313 -0.56839 0.58042
vn 0.35616 -0.61141 0.70664
vn 0.17848 -0.85764 0.48228
vn 0.16709 -0.97026 0.17516
vn 0.33946 -0.93863 0.06115
vn 0.47448 -0.88026 -0.00362
vn 0.44084 -0.88953 0.11998
vn 0.45768 -0.86168 0.21918
vn 0.54180 -0.81535 0.20411
vn 0.52921 -0.83142 0.16933
vn 0.39160 -0.88182 0.26274
vn 0.44565 -0.87736 0.17785
vn 0.45075 -0.88066 0.14584
vn 0.44980 -0.88714 0.10324
vn 0.42219 -0.90124 0.09757
vn 0.39760 -0.90679 0.14020
vn 0.39140 -0.92022 0.00238
vn 0.39119 -0.92031 -0.00000
vn 0.39119 -0.92031 -0.00000
vn 0.17616 0.97194 0.15588
vn 0.30039 0.95344 0.02700
vn 0.39639 0.90736 0.13993
vn 0.42264 0.88884 0.17704
vn 0.41313 0.90739 0.07726
vn 0.44073 0.89314 0.08982
vn 0.39630 0.91133 0.11146
vn 0.33809 0.93731 0.08450
vn 0.29502 0.95418 0.04994
vn 0.25207 0.96694 0.03853
vn 0.21551 0.97513 0.05168
vn 0.18709 0.98234 0.00112
vn 0.18695 0.98237 -0.00000
vn 0.18695 0.98237 -0.00000
vn 0.52075 0.71942 0.45962
vn 0.54148 0.67730 0.49806
vn 0.65670 0.63968 0.39945
vn 0.58459 0.81074 -0.03092
vn 0.55233 0.81199 0.18871
vn 0.54906 0.81549 0.18302
vn 0.46321 0.86214 0.20532
vn 0.53993 0.61256 0.57728
vn 0.53482 0.71435 0.45129
vn 0.55833 0.69709 0.44981
vn 0.65948 0.64431 0.38724
vn 0.70950 0.49950 0.49710
vn 0.65291 0.44747 0.61113
vn 0.60117 0.50580 0.61867
vn 0.62698 0.39520 0.67135
vn 0.73586 0.38807 0.55491
vn 0.78567 0.31621 0.53172
vn 0.72518 0.32031 0.60952
vn 0.90019 0.16274 0.40394
vn 0.87550 0.08517 0.47564
vn 0.85700 -0.07614 0.50967
vn 0.94826 -0.09125 0.30409
vn 0.83401 -0.04573 0.54985
vn 0.78895 -0.33410 0.51569
vn 0.82479 -0.42129 0.37714
vn 0.74130 -0.29130 0.60467
vn 0.71368 -0.48877 0.50176
vn 0.64669 -0.29135 0.70491
vn 0.65100 -0.27536 0.70738
vn 0.64185 -0.23466 0.73004
vn 0.67930 -0.24839 0.69054
vn 0.66740 -0.27659 0.69143
vn 0.69360 -0.37506 0.61502
vn 0.71158 -0.60605 0.35547
vn 0.69314 -0.40550 0.59592
vn 0.68354 -0.52978 0.50211
vn 0.72797 -0.65693 0.19624
vn 0.85796 -0.42391 0.29018
vn 0.94305 -0.22868 0.24158
vn 0.81416 -0.31939 0.48490
vn 0.86238 -0.15112 0.48318
vn 0.98209 -0.07949 0.17081
vn 0.96451 -0.24008 -0.10989
vn 0.84314 -0.47638 0.24936
vn 0.78680 -0.48919 0.37634
vn 0.71593 -0.28349 0.63803
vn 0.72596 -0.18846 0.66141
vn 0.95614 -0.17613 0.23402
vn 0.87614 -0.28598 -0.38807
vn 0.84990 -0.50536 0.14926
vn 0.74954 -0.58900 0.30212
vn 0.67682 -0.70901 0.19803
vn 0.67401 -0.70085 0.23350
vn 0.45231 -0.77100 0.44830
vn 0.50111 -0.85708 0.11962
vn 0.68216 -0.68661 -0.25146
vn 0.83439 -0.55103 0.01240
vn 0.70182 -0.68991 0.17739
vn 0.66137 -0.72742 0.18289
vn 0.66151 -0.70904 0.24425
vn 0.58849 -0.78984 0.17272
vn 0.53706 -0.83221 0.13784
vn 0.50789 -0.84795 0.15177
vn 0.50626 -0.84602 0.16718
vn 0.51700 -0.84682 0.12496
vn 0.49903 -0.85894 0.11487
vn 0.47475 -0.87015 0.13210
vn 0.46661 -0.87060 0.15597
vn 0.45644 -0.88975 0.00264
vn 0.45610 -0.88993 -0.00000
vn 0.45610 -0.88993 -0.00000
vn 0.49973 0.86339 0.06943
vn 0.50733 0.85730 0.08753
vn 0.49688 0.85626 0.14115
vn 0.49099 0.86415 0.11035
vn 0.47617 0.87341 0.10204
vn 0.48083 0.87386 0.07193
vn 0.41826 0.90170 0.10949
vn 0.38845 0.92147 0.00217
vn 0.38777 0.92175 -0.00000
vn 0.38777 0.92175 -0.00000
vn 0.77341 0.59516 0.21823
vn 0.83733 0.54565 0.03385
vn 0.84774 0.51167 0.13977
vn 0.75074 0.58253 0.31151
vn 0.70686 0.68684 0.16912
vn 0.62415 0.77430 0.10440
vn 0.56771 0.80160 0.18747
vn 0.55948 0.81940 0.12474
vn 0.56658 0.81585 0.11569
vn 0.56868 0.81893 0.07724
vn 0.58969 0.66759 0.45451
vn 0.59805 0.69820 0.39351
vn 0.75224 0.63894 0.16093
vn 0.78925 0.61296 0.03692
vn 0.79526 0.59637 0.10914
vn 0.84490 0.45561 0.28030
vn 0.86635 0.41270 0.28128
vn 0.67369 0.32053 0.66588
vn 0.69958 0.40417 0.58927
vn 0.81160 0.42152 0.40451
vn 0.79761 0.57787 0.17287
vn 0.73792 0.24269 0.62974
vn 0.80285 0.21236 0.55708
vn 0.82537 0.26768 0.49710
vn 0.75542 0.14447 0.63912
vn 0.69027 0.25223 0.67817
vn 0.65666 0.02774 0.75367
vn 0.65233 0.07972 0.75373
vn 0.59210 -0.24193 0.76869
vn 0.59489 -0.22278 0.77232
vn 0.59392 -0.32633 0.73537
vn 0.58685 -0.38479 0.71242
vn 0.55499 -0.42177 0.71701
vn 0.70738 -0.27795 0.64989
vn 0.62679 -0.36327 0.68932
vn 0.72812 -0.34276 0.59360
vn 0.67290 -0.60844 0.42072
vn 0.53593 -0.83697 0.11071
vn 0.63001 -0.77263 0.07830
vn 0.73504 -0.67064 0.09978
vn 0.81050 -0.57227 0.12491
vn 0.84084 -0.48123 0.24781
vn 0.67839 -0.72021 0.14523
vn 0.72220 -0.68496 0.09625
vn 0.88129 -0.43428 0.18637
vn 0.84505 -0.50716 0.16932
vn 0.84054 -0.47497 0.26055
vn 0.86288 -0.36680 0.34769
vn 0.87990 -0.30991 0.36019
vn 0.97646 -0.19203 0.09824
vn 0.95852 -0.28293 0.03441
vn 0.86265 -0.41434 0.29010
vn 0.81295 -0.40943 0.41409
vn 0.86128 -0.40685 0.30443
vn 0.82069 -0.51230 0.25301
vn 0.75636 -0.55341 0.34879
vn 0.72727 -0.65113 0.21706
vn 0.70547 -0.65916 0.26044
vn 0.69072 -0.66583 0.28209
vn 0.64872 -0.72192 0.24083
vn 0.64752 -0.74221 0.17274
vn 0.67326 -0.69443 0.25393
vn 0.65331 -0.71723 0.24242
vn 0.59643 -0.77826 0.19642
vn 0.59611 -0.78880 0.14982
vn 0.54737 -0.81644 0.18386
vn 0.55607 -0.83113 0.00305
vn 0.55647 -0.83087 -0.00000
vn 0.55647 -0.83087 -0.00000
vn 0.50036 -0.85886 0.10956
vn 0.50101 -0.86544 0.00282
vn 0.50148 -0.86517 -0.00000
vn 0.50148 -0.86517 -0.00000
vn 0.56295 0.82327 0.07290
vn 0.54670 0.82491 0.14363
vn 0.53530 0.84466 0.00300
vn 0.53621 0.84409 -0.00000
vn 0.53621 0.84409 -0.00000
vn 0.84063 0.48449 0.24209
vn 0.76934 0.59397 0.23519
vn 0.68557 0.70520 0.18079
vn 0.66021 0.73681 0.14573
vn 0.69689 0.71111 0.09303
vn 0.65715 0.74854 0.08856
vn 0.66660 0.72829 0.15887
vn 0.65773 0.75325 0.00360
vn 0.65776 0.75323 -0.00000
vn 0.65776 0.75323 -0.00000
vn 0.78064 0.62247 0.05601
vn 0.74904 0.66095 0.04567
vn 0.74820 0.66259 0.03434
vn 0.86071 0.47708 0.17767
vn 0.88647 0.36693 0.28202
vn 0.84502 0.42453 0.32514
vn 0.85923 0.45538 0.23314
vn 0.84181 0.51786 0.15224
vn 0.81825 0.55961 0.13155
vn 0.85864 0.35425 0.37048
vn 0.82695 0.53356 0.17738
vn 0.76431 0.63221 0.12707
vn 0.75973 0.64604 -0.07378
vn 0.88331 0.46789 0.02917
vn 0.89961 0.37220 0.22840
vn 0.87153 0.32920 0.36340
vn 0.88705 0.34874 0.30254
vn 0.80755 0.26120 0.52880
vn 0.83153 0.28618 0.47609
vn 0.86867 0.36788 0.33178
vn 0.84881 0.48769 0.20413
vn 0.83866 0.51208 -0.18555
vn 0.92730 0.34689 -0.14066
vn 0.93706 0.28604 0.20026
vn 0.89700 0.29277 0.33116
vn 0.74876 0.33200 0.57371
vn 0.84858 0.36017 0.38754
vn 0.90886 0.25827 0.32754
vn 0.73255 0.11656 0.67066
vn 0.81823 0.18728 0.54353
vn 0.67862 -0.15094 0.71881
vn 0.73372 -0.05473 0.67725
vn 0.54563 -0.40893 0.73148
vn 0.52790 -0.42645 0.73448
vn 0.87054 -0.47516 -0.12796
vn 0.86114 -0.49178 -0.12882
vn 0.89208 -0.43266 -0.13037
vn 0.94984 -0.31252 -0.01133
vn 0.94748 -0.29960 0.11191
vn 0.90859 -0.35324 0.22293
vn 0.64576 -0.50402 0.57355
vn 0.86210 -0.50642 -0.01792
vn 0.89176 -0.43888 -0.11023
vn 0.92770 -0.37323 -0.00914
vn 0.94379 -0.32368 0.06701
vn 0.95452 -0.28670 0.08186
vn 0.91465 -0.34457 0.21140
vn 0.87948 -0.32855 0.34433
vn 0.69587 -0.57688 0.42774
vn 0.72490 -0.68371 0.08402
vn 0.81683 -0.57596 -0.03260
vn 0.88070 -0.47203 0.03951
vn 0.88289 -0.46307 0.07796
vn 0.89402 -0.40775 0.18567
vn 0.95037 -0.25947 0.17167
vn 0.86977 -0.28804 0.40068
vn 0.88603 -0.29595 0.35688
vn 0.89496 -0.34914 0.27777
vn 0.92250 -0.25482 0.28995
vn 0.91973 -0.23381 0.31534
vn 0.88556 -0.28218 0.36899
vn 0.88666 -0.30302 0.34929
vn 0.89539 -0.34330 0.28360
vn 0.86335 -0.41876 0.28153
vn 0.84159 -0.40376 0.35875
vn 0.86381 -0.40148 0.30438
vn 0.84462 -0.49951 0.19264
vn 0.78739 -0.54999 0.27844
vn 0.75918 -0.56345 0.32584
vn 0.73943 -0.62316 0.25479
vn 0.73794 -0.65625 0.15744
vn 0.72114 -0.65945 0.21234
vn 0.72608 -0.68760 0.00394
vn 0.72587 -0.68783 -0.00000
vn 0.72587 -0.68783 -0.00000
vn 0.65181 -0.74716 0.13000
vn 0.64042 -0.73883 0.20972
vn 0.64687 -0.76259 0.00358
vn 0.64714 -0.76237 -0.00000
vn 0.64714 -0.76237 -0.00000
vn 0.80751 0.58289 0.09042
vn 0.80131 0.59179 0.08769
vn 0.78218 0.59829 0.17393
vn 0.78053 0.62510 0.00417
vn 0.78015 0.62560 -0.00000
vn 0.78015 0.62560 -0.00000
vn 0.90873 0.37266 0.18795
vn 0.90190 0.39950 0.16423
vn 0.88123 0.45772 0.11804
vn 0.88926 0.44729 0.09565
vn 0.87993 0.43747 0.18535
vn 0.89798 0.44002 0.00468
vn 0.89864 0.43868 -0.00000
vn 0.89864 0.43868 -0.00000
vn 0.90661 0.28838 0.30807
vn 0.92917 0.28077 0.24044
vn 0.94605 0.26748 0.18287
vn 0.94527 0.28842 0.15258
vn 0.94761 0.30802 0.08458
vn 0.93392 0.30768 0.18201
vn 0.93832 0.34575 0.00480
vn 0.93732 0.34846 -0.00000
vn 0.93732 0.34846 -0.00000
vn 0.91131 0.25892 0.32013
vn 0.90259 0.34751 0.25412
vn 0.89324 0.40475 -0.19569
vn 0.89123 0.40428 -0.20559
vn 0.92808 0.32090 0.18893
vn 0.92983 0.20555 0.30521
vn 0.97010 0.15052 0.19037
vn 0.96709 0.16016 0.19771
vn 0.97014 0.17164 0.17135
vn 0.97168 0.21989 0.08654
vn 0.96491 0.24373 0.09771
vn 0.92693 0.30718 0.21550
vn 0.95476 0.16104 0.25001
vn 0.96772 0.04735 0.24753
vn 0.99642 0.07455 -0.03984
vn 0.93869 0.32862 -0.10430
vn 0.93324 0.34491 0.10050
vn 0.98704 0.12333 0.10265
vn 0.97865 0.00512 0.20545
vn 0.97058 0.04296 0.23690
vn 0.97644 0.05860 0.20769
vn 0.92238 0.27740 0.26883
vn 0.95609 0.28737 0.05748
vn 0.95928 0.20959 0.18935
vn 0.99905 0.04002 -0.01742
vn 0.99887 -0.03637 0.03068
vn 0.99665 -0.00831 0.08137
vn 0.99643 0.08438 -0.00298
vn 0.96993 0.12392 0.20948
vn 0.97116 0.09442 0.21895
vn 0.97744 0.06792 0.19999
vn 0.87118 0.02762 0.49019
vn 0.99564 0.05032 0.07859
vn 0.99162 -0.08523 0.09713
vn 0.93736 -0.25049 -0.24209
vn 0.94539 -0.32410 -0.03457
vn 0.93888 -0.30806 0.15361
vn 0.97364 -0.12950 0.18776
vn 0.97710 0.01942 0.21187
vn 0.98277 0.01298 0.18436
vn 0.83814 -0.40161 0.36910
vn 0.89123 -0.44163 -0.10333
vn 0.84278 -0.53315 -0.07399
vn 0.85579 -0.46275 -0.23128
vn 0.92464 -0.37786 -0.04752
vn 0.91796 -0.36476 0.15585
vn 0.86582 -0.37829 0.32748
vn 0.91037 -0.30280 0.28202
vn 0.96385 -0.16351 0.21036
vn 0.97421 -0.16685 0.15188
vn 0.82224 -0.51832 0.23509
vn 0.83564 -0.51695 0.18568
vn 0.86131 -0.40565 0.30593
vn 0.85142 -0.35343 0.38753
vn 0.90356 -0.28758 0.31761
vn 0.96062 -0.22586 0.16187
vn 0.96508 -0.18666 0.18380
vn 0.86197 -0.31081 0.40052
vn 0.87675 -0.31534 0.36314
vn 0.93109 -0.26644 0.24916
vn 0.96177 -0.20276 0.18409
vn 0.94421 -0.19475 0.26561
vn 0.88519 -0.29318 0.36122
vn 0.90834 -0.27597 0.31428
vn 0.93919 -0.26561 0.21765
vn 0.92175 -0.26080 0.28696
vn 0.95374 -0.30060 0.00492
vn 0.95253 -0.30444 -0.00000
vn 0.95253 -0.30444 -0.00000
vn 0.89692 -0.34858 0.27208
vn 0.88254 -0.43369 0.18177
vn 0.86608 -0.43358 0.24883
vn 0.89327 -0.44949 0.00468
vn 0.89405 -0.44797 -0.00000
vn 0.89405 -0.44797 -0.00000
vn 0.82471 -0.54015 0.16757
vn 0.79965 -0.55534 0.22840
vn 0.80674 -0.59088 0.00430
vn 0.80625 -0.59158 -0.00000
vn 0.80625 -0.59158 -0.00000
vn 0.94293 0.26171 0.20588
vn 0.95995 0.28014 0.00487
vn 0.95909 0.28310 -0.00000
vn 0.95909 0.28310 -0.00000
vn 0.97717 0.13025 0.16784
vn 0.98357 0.15796 0.08742
vn 0.96426 0.19224 0.18232
vn 0.98306 0.18322 0.00494
vn 0.98314 0.18288 -0.00000
vn 0.98314 0.18288 -0.00000
vn 0.98288 0.06794 0.17126
vn 0.99165 0.08267 0.09897
vn 0.97263 0.09077 0.21391
vn 0.99535 0.09620 0.00497
vn 0.99537 0.09611 -0.00000
vn 0.99537 0.09611 -0.00000
vn 0.97837 0.04859 0.20105
vn 0.98106 0.05244 0.18649
vn 0.99279 0.04451 0.11134
vn 0.97303 0.05058 0.22507
vn 0.99833 0.05748 0.00498
vn 0.99835 0.05744 -0.00000
vn 0.99835 0.05744 -0.00000
vn 0.98353 -0.00086 0.18072
vn 0.98706 -0.01890 0.15924
vn 0.99279 -0.03703 0.11401
vn 0.97110 -0.03278 0.23640
vn 0.99958 -0.02859 0.00499
vn 0.99959 -0.02854 -0.00000
vn 0.99959 -0.02854 -0.00000
vn 0.98344 -0.05548 0.17252
vn 0.98669 -0.11423 0.11571
vn 0.98649 -0.11980 0.11177
vn 0.96401 -0.09750 0.24736
vn 0.99551 -0.09453 0.00499
vn 0.99553 -0.09446 -0.00000
vn 0.99553 -0.09446 -0.00000
vn 0.97078 -0.18038 0.15825
vn 0.97262 -0.16757 0.16103
vn 0.95386 -0.13007 0.27060
vn 0.99177 -0.12795 0.00500
vn 0.99179 -0.12788 -0.00000
vn 0.99179 -0.12788 -0.00000
vn 0.97053 -0.16803 0.17273
vn 0.94374 -0.16910 0.28420
vn 0.98412 -0.17746 0.00500
vn 0.98417 -0.17724 -0.00000
vn 0.98417 -0.17724 -0.00000
vn 0.95596 -0.22480 0.18870
vn 0.97165 -0.23639 0.00497
vn 0.97090 -0.23950 -0.00000
vn 0.97090 -0.23950 -0.00000
usemtl CaveRock
f 205/205/205 206/206/206 218/218/218
f 251/251/251 252/252/252 255/255/255
f 254/254/254 255/255/255 258/258/258
f 257/257/257 258/258/258 261/261/261
f 269/269/269 268/268/268 272/272/272
f 270/270/270 271/271/271 276/276/276
f 274/274/274 275/275/275 279/279/279
f 278/278/278 279/279/279 284/284/284
f 282/282/282 283/283/283 290/290/290
f 287/287/287 286/286/286 291/291/291
f 344/344/344 345/345/345 348/348/348
f 347/347/347 348/348/348 351/351/351
f 353/353/353 352/352/352 356/356/356
f 357/357/357 356/356/356 360/360/360
f 358/358/358 359/359/359 363/363/363
f 365/365/365 366/366/366 370/370/370
f 368/368/368 367/367/367 371/371/371
f 378/378/378 379/379/379 387/387/387
f 439/439/439 438/438/438 442/442/442
f 443/443/443 442/442/442 446/446/446
f 444/444/444 445/445/445 449/449/449
f 448/448/448 449/449/449 452/452/452
f 451/451/451 452/452/452 456/456/456
f 454/454/454 455/455/455 459/459/459
f 455/455/455 456/456/456 460/460/460
f 458/458/458 459/459/459 465/465/465
f 463/463/463 464/464/464 470/470/470
f 467/467/467 466/466/466 471/471/471
f 468/468/468 469/469/469 476/476/476
f 480/480/480 481/481/481 494/494/494
f 531/531/531 532/532/532 537/537/537
f 535/535/535 536/536/536 541/541/541
f 536/536/536 537/537/537 542/542/542
f 540/540/540 541/541/541 546/546/546
f 541/541/541 542/542/542 547/547/547
f 545/545/545 546/546/546 551/551/551
f 546/546/546 547/547/547 552/552/552
f 549/549/549 550/550/550 555/555/555
f 551/551/551 552/552/552 557/557/557
f 554/554/554 555/555/555 560/560/560
f 556/556/556 557/557/557 562/562/562
f 561/561/561 562/562/562 567/567/567
f 564/564/564 565/565/565 572/572/572
f 565/565/565 566/566/566 573/573/573
f 566/566/566 567/567/567 574/574/574
f 569/569/569 568/568/568 575/575/575
f 570/570/570 571/571/571 579/579/579
f 577/577/577 578/578/578 584/584/584
f 578/578/578 579/579/579 585/585/585
f 582/582/582 583/583/583 591/591/591
f 595/595/595 594/594/594 599/599/599
f 604/604/604 605/605/605 611/611/611
f 638/638/638 639/639/639 644/644/644
f 639/639/639 640/640/640 645/645/645
f 644/644/644 645/645/645 650/650/650
f 658/658/658 657/657/657 659/659/659
f 661/661/661 662/662/662 668/668/668
f 662/662/662 663/663/663 669/669/669
f 663/663/663 664/664/664 670/670/670
f 666/666/666 665/665/665 671/671/671
f 667/667/667 668/668/668 676/676/676
f 669/669/669 670/670/670 678/678/678
f 673/673/673 674/674/674 685/685/685
f 674/674/674 675/675/675 686/686/686
f 681/681/681 682/682/682 694/694/694
f 682/682/682 683/683/683 695/695/695
f 691/691/691 692/692/692 706/706/706
f 701/701/701 702/702/702 710/710/710
f 732/732/732 733/733/733 740/740/740
f 733/733/733 734/734/734 741/741/741
f 747/747/747 746/746/746 748/748/748
f 755/755/755 754/754/754 756/756/756
f 762/762/762 763/763/763 773/773/773
f 764/764/764 765/765/765 775/775/775
f 768/768/768 767/767/767 776/776/776
f 769/769/769 770/770/770 784/784/784
f 770/770/770 771/771/771 785/785/785
f 780/780/780 781/781/781 795/795/795
f 790/790/790 791/791/791 800/800/800
f 839/839/839 838/838/838 840/840/840
f 843/843/843 842/842/842 844/844/844
f 847/847/847 848/848/848 860/860/860
f 850/850/850 851/851/851 863/863/863
f 855/855/855 856/856/856 874/874/874
f 868/868/868 867/867/867 875/875/875
f 869/869/869 870/870/870 880/880/880
f 909/909/909 910/910/910 912/912/912
f 911/911/911 912/912/912 914/914/914
f 917/917/917 916/916/916 918/918/918
f 921/921/921 920/920/920 922/922/922
f 925/925/925 924/924/924 926/926/926
f 928/928/928 927/927/927 929/929/929
f 931/931/931 930/930/930 932/932/932
f 935/935/935 934/934/934 944/944/944
f 936/936/936 937/937/937 955/955/955
f 937/937/937 938/938/938 956/956/956
f 949/949/949 948/948/948 957/957/957
f 994/994/994 993/993/993 995/995/995
f 996/996/996 995/995/995 997/997/997
f 998/998/998 997/997/997 999/999/999
f 1002/1002/1002 1001/1001/1001 1003/1003/1003
f 1005/1005/1005 1004/1004/1004 1006/1006/1006
f 1007/1007/1007 1006/1006/1006 1008/1008/1008
f 1010/1010/1010 1009/1009/1009 1011/1011/1011
f 1015/1015/1015 1014/1014/1014 1016/1016/1016
f 1019/1019/1019 1018/1018/1018 1026/1026/1026
f 1020/1020/1020 1021/1021/1021 1038/1038/1038
f 1022/1022/1022 1023/1023/1023 1040/1040/1040
f 1031/1031/1031 1032/1032/1032 1045/1045/1045
f 1080/1080/1080 1079/1079/1079 1081/1081/1081
f 1082/1082/1082 1081/1081/1081 1083/1083/1083
f 1085/1085/1085 1084/1084/1084 1086/1086/1086
f 1089/1089/1089 1088/1088/1088 1090/1090/1090
f 1093/1093/1093 1092/1092/1092 1094/1094/1094
f 1097/1097/1097 1096/1096/1096 1098/1098/1098
f 1101/1101/1101 1100/1100/1100 1105/1105/1105
f 1102/1102/1102 1103/1103/1103 1119/1119/1119
f 1103/1103/1103 1104/1104/1104 1120/1120/1120
f 1109/1109/1109 1108/1108/1108 1121/1121/1121
f 1156/1156/1156 1155/1155/1155 1157/1157/1157
f 1160/1160/1160 1159/1159/1159 1161/1161/1161
f 1164/1164/1164 1163/1163/1163 1165/1165/1165
f 1168/1168/1168 1167/1167/1167 1169/1169/1169
f 1172/1172/1172 1171/1171/1171 1173/1173/1173
f 1181/1181/1181 1180/1180/1180 1183/1183/1183
f 1182/1182/1182 1181/1181/1181 1184/1184/1184
f 1187/1187/1187 1186/1186/1186 1199/1199/1199
f 1237/1237/1237 1236/1236/1236 1238/1238/1238
f 1241/1241/1241 1240/1240/1240 1242/1242/1242
f 1244/1244/1244 1243/1243/1243 1245/1245/1245
f 1246/1246/1246 1245/1245/1245 1247/1247/1247
f 1249/1249/1249 1248/1248/1248 1250/1250/1250
f 1251/1251/1251 1250/1250/1250 1253/1253/1253
f 1252/1252/1252 1251/1251/1251 1254/1254/1254
f 1256/1256/1256 1255/1255/1255 1258/1258/1258
f 1257/1257/1257 1256/1256/1256 1259/1259/1259
f 1263/1263/1263 1262/1262/1262 1264/1264/1264
f 1313/1313/1313 1312/1312/1312 1314/1314/1314
f 1315/1315/1315 1314/1314/1314 1316/1316/1316
f 1319/1319/1319 1318/1318/1318 1320/1320/1320
f 1322/1322/1322 1321/1321/1321 1323/1323/1323
f 1326/1326/1326 1325/1325/1325 1327/1327/1327
f 1334/1334/1334 1333/1333/1333 1335/1335/1335
f 1341/1341/1341 1340/1340/1340 1353/1353/1353
f 1389/1389/1389 1388/1388/1388 1390/1390/1390
f 1391/1391/1391 1390/1390/1390 1392/1392/1392
f 1394/1394/1394 1393/1393/1393 1395/1395/1395
f 1398/1398/1398 1397/1397/1397 1399/1399/1399
f 1402/1402/1402 1401/1401/1401 1403/1403/1403
f 1405/1405/1405 1404/1404/1404 1406/1406/1406
f 1413/1413/1413 1412/1412/1412 1414/1414/1414
f 1450/1450/1450 1449/1449/1449 1454/1454/1454
f 1467/1467/1467 1466/1466/1466 1468/1468/1468
f 1471/1471/1471 1470/1470/1470 1472/1472/1472
f 1475/1475/1475 1474/1474/1474 1476/1476/1476
f 1478/1478/1478 1477/1477/1477 1479/1479/1479
f 1481/1481/1481 1480/1480/1480 1482/1482/1482
f 1485/1485/1485 1484/1484/1484 1486/1486/1486
f 1490/1490/1490 1489/1489/1489 1492/1492/1492
f 1491/1491/1491 1490/1490/1490 1493/1493/1493
f 1536/1536/1536 1535/1535/1535 1537/1537/1537
f 1540/1540/1540 1539/1539/1539 1541/1541/1541
f 1543/1543/1543 1542/1542/1542 1544/1544/1544
f 1545/1545/1545 1544/1544/1544 1546/1546/1546
f 1548/1548/1548 1547/1547/1547 1549/1549/1549
f 1551/1551/1551 1550/1550/1550 1552/1552/1552
f 1554/1554/1554 1553/1553/1553 1555/1555/1555
f 1558/1558/1558 1557/1557/1557 1560/1560/1560
f 1559/1559/1559 1558/1558/1558 1561/1561/1561
f 1565/1565/1565 1564/1564/1564 1567/1567/1567
f 1566/1566/1566 1565/1565/1565 1568/1568/1568
f 1609/1609/1609 1608/1608/1608 1610/1610/1610
f 1611/1611/1611 1610/1610/1610 1612/1612/1612
f 1614/1614/1614 1613/1613/1613 1615/1615/1615
f 1618/1618/1618 1617/1617/1617 1619/1619/1619
f 1629/1629/1629 1628/1628/1628 1630/1630/1630
f 1635/1635/1635 1634/1634/1634 1637/1637/1637
f 1636/1636/1636 1635/1635/1635 1638/1638/1638
f 1678/1678/1678 1677/1677/1677 1679/1679/1679
f 1681/1681/1681 1680/1680/1680 1682/1682/1682
f 1683/1683/1683 1682/1682/1682 1684/1684/1684
f 1686/1686/1686 1685/1685/1685 1687/1687/1687
f 1688/1688/1688 1687/1687/1687 1689/1689/1689
f 1691/1691/1691 1690/1690/1690 1692/1692/1692
f 1694/1694/1694 1693/1693/1693 1696/1696/1696
f 1695/1695/1695 1694/1694/1694 1697/1697/1697
f 1701/1701/1701 1700/1700/1700 1704/1704/1704
f 1703/1703/1703 1702/1702/1702 1706/1706/1706
f 1710/1710/1710 1709/1709/1709 1716/1716/1716
f 1715/1715/1715 1714/1714/1714 1721/1721/1721
f 1752/1752/1752 1751/1751/1751 1753/1753/1753
f 1755/1755/1755 1754/1754/1754 1756/1756/1756
f 1758/1758/1758 1757/1757/1757 1759/1759/1759
f 1760/1760/1760 1759/1759/1759 1761/1761/1761
f 1764/1764/1764 1763/1763/1763 1766/1766/1766
f 1765/1765/1765 1764/1764/1764 1767/1767/1767
f 1768/1768/1768 1767/1767/1767 1769/1769/1769
f 1778/1778/1778 1777/1777/1777 1780/1780/1780
f 1779/1779/1779 1778/1778/1778 1781/1781/1781
f 1791/1791/1791 1790/1790/1790 1806/1806/1806
f 1792/1792/1792 1791/1791/1791 1807/1807/1807
f 1822/1822/1822 1821/1821/1821 1824/1824/1824
f 1824/1824/1824 1823/1823/1823 1826/1826/1826
f 1828/1828/1828 1827/1827/1827 1829/1829/1829
f 1831/1831/1831 1830/1830/1830 1832/1832/1832
f 1833/1833/1833 1832/1832/1832 1834/1834/1834
f 1835/1835/1835 1834/1834/1834 1837/1837/1837
f 1836/1836/1836 1835/1835/1835 1838/1838/1838
f 1840/1840/1840 1839/1839/1839 1842/1842/1842
f 1841/1841/1841 1840/1840/1840 1843/1843/1843
f 1843/1843/1843 1842/1842/1842 1848/1848/1848
f 1845/1845/1845 1844/1844/1844 1850/1850/1850
f 1846/1846/1846 1845/1845/1845 1851/1851/1851
f 1847/1847/1847 1846/1846/1846 1852/1852/1852
f 1850/1850/1850 1849/1849/1849 1856/1856/1856
f 1851/1851/1851 1850/1850/1850 1857/1857/1857
f 1852/1852/1852 1851/1851/1851 1858/1858/1858
f 1854/1854/1854 1853/1853/1853 1860/1860/1860
f 1855/1855/1855 1854/1854/1854 1861/1861/1861
f 1864/1864/1864 1863/1863/1863 1867/1867/1867
f 1866/1866/1866 1865/1865/1865 1869/1869/1869
f 1876/1876/1876 1875/1875/1875 1889/1889/1889
f 1877/1877/1877 1876/1876/1876 1890/1890/1890
f 1878/1878/1878 1877/1877/1877 1891/1891/1891
f 1913/1913/1913 1912/1912/1912 1914/1914/1914
f 1916/1916/1916 1915/1915/1915 1917/1917/1917
f 1918/1918/1918 1917/1917/1917 1919/1919/1919
f 1921/1921/1921 1920/1920/1920 1926/1926/1926
f 1922/1922/1922 1921/1921/1921 1927/1927/1927
f 1925/1925/1925 1924/1924/1924 1930/1930/1930
f 1929/1929/1929 1928/1928/1928 1933/1933/1933
f 1930/1930/1930 1929/1929/1929 1934/1934/1934
f 1931/1931/1931 1930/1930/1930 1935/1935/1935
f 1932/1932/1932 1931/1931/1931 1936/1936/1936
f 1937/1937/1937 1936/1936/1936 1939/1939/1939
f 1938/1938/1938 1937/1937/1937 1940/1940/1940
f 1942/1942/1942 1941/1941/1941 1945/1945/1945
f 1944/1944/1944 1943/1943/1943 1947/1947/1947
f 1950/1950/1950 1949/1949/1949 1953/1953/1953
f 1952/1952/1952 1951/1951/1951 1955/1955/1955
f 1959/1959/1959 1958/1958/1958 1968/1968/1968
f 1960/1960/1960 1959/1959/1959 1969/1969/1969
f 1961/1961/1961 1960/1960/1960 1970/1970/1970
f 1964/1964/1964 1963/1963/1963 1977/1977/1977
f 1974/1974/1974 1973/1973/1973 1983/1983/1983
f 1977/1977/1977 1976/1976/1976 1986/1986/1986
f 1984/1984/1984 1983/1983/1983 1992/1992/1992
f 1985/1985/1985 1984/1984/1984 1993/1993/1993
f 2003/2003/2003 2002/2002/2002 2004/2004/2004
f 2010/2010/2010 2009/2009/2009 2016/2016/2016
f 2011/2011/2011 2010/2010/2010 2017/2017/2017
f 2013/2013/2013 2012/2012/2012 2020/2020/2020
f 2014/2014/2014 2013/2013/2013 2021/2021/2021
f 2015/2015/2015 2014/2014/2014 2022/2022/2022
f 2016/2016/2016 2015/2015/2015 2023/2023/2023
f 2017/2017/2017 2016/2016/2016 2024/2024/2024
f 2019/2019/2019 2018/2018/2018 2026/2026/2026
f 2026/2026/2026 2025/2025/2025 2029/2029/2029
f 2028/2028/2028 2027/2027/2027 2031/2031/2031
f 2031/2031/2031 2030/2030/2030 2034/2034/2034
f 2033/2033/2033 2032/2032/2032 2036/2036/2036
f 2036/2036/2036 2035/2035/2035 2039/2039/2039
f 2037/2037/2037 2036/2036/2036 2040/2040/2040
f 2038/2038/2038 2037/2037/2037 2041/2041/2041
f 2043/2043/2043 2042/2042/2042 2047/2047/2047
f 2044/2044/2044 2043/2043/2043 2048/2048/2048
f 2046/2046/2046 2045/2045/2045 2050/2050/2050
f 2054/2054/2054 2053/2053/2053 2061/2061/2061
f 2055/2055/2055 2054/2054/2054 2062/2062/2062
f 2056/2056/2056 2055/2055/2055 2063/2063/2063
f 2057/2057/2057 2056/2056/2056 2064/2064/2064
f 2061/2061/2061 2060/2060/2060 2069/2069/2069
f 2062/2062/2062 2061/2061/2061 2070/2070/2070
f 2065/2065/2065 2064/2064/2064 2073/2073/2073
f 2068/2068/2068 2067/2067/2067 2081/2081/2081
f 2069/2069/2069 2068/2068/2068 2082/2082/2082
f 2078/2078/2078 2077/2077/2077 2089/2089/2089
f 2081/2081/2081 2080/2080/2080 2092/2092/2092
f 2082/2082/2082 2081/2081/2081 2093/2093/2093
f 2089/2089/2089 2088/2088/2088 2098/2098/2098
f 2091/2091/2091 2090/2090/2090 2100/2100/2100
f 2092/2092/2092 2091/2091/2091 2101/2101/2101
f 2093/2093/2093 2092/2092/2092 2102/2102/2102
f 2094/2094/2094 2093/2093/2093 2103/2103/2103
f 2098/2098/2098 2097/2097/2097 2107/2107/2107
f 2100/2100/2100 2099/2099/2099 2109/2109/2109
f 2107/2107/2107 2106/2106/2106 2115/2115/2115
f 2111/2111/2111 2110/2110/2110 2119/2119/2119
f 2112/2112/2112 2111/2111/2111 2120/2120/2120
f 2122/2122/2122 2121/2121/2121 2127/2127/2127
f 2124/2124/2124 2123/2123/2123 2129/2129/2129
f 2129/2129/2129 2128/2128/2128 2132/2132/2132
f 2131/2131/2131 2130/2130/2130 2134/2134/2134
f 2134/2134/2134 2133/2133/2133 2137/2137/2137
f 2136/2136/2136 2135/2135/2135 2139/2139/2139
f 2139/2139/2139 2138/2138/2138 2144/2144/2144
f 2141/2141/2141 2140/2140/2140 2146/2146/2146
f 2142/2142/2142 2141/2141/2141 2147/2147/2147
f 2143/2143/2143 2142/2142/2142 2148/2148/2148
f 2146/2146/2146 2145/2145/2145 2150/2150/2150
f 2149/2149/2149 2148/2148/2148 2153/2153/2153
f 2158/2158/2158 2157/2157/2157 2163/2163/2163
f 2162/2162/2162 2161/2161/2161 2167/2167/2167
f 2163/2163/2163 2162/2162/2162 2168/2168/2168
f 2164/2164/2164 2163/2163/2163 2169/2169/2169
f 2167/2167/2167 2166/2166/2166 2173/2173/2173
f 2168/2168/2168 2167/2167/2167 2174/2174/2174
f 2169/2169/2169 2168/2168/2168 2175/2175/2175
f 2170/2170/2170 2169/2169/2169 2176/2176/2176
f 2174/2174/2174 2173/2173/2173 2180/2180/2180
f 2175/2175/2175 2174/2174/2174 2181/2181/2181
f 2176/2176/2176 2175/2175/2175 2182/2182/2182
f 2177/2177/2177 2176/2176/2176 2183/2183/2183
f 2179/2179/2179 2178/2178/2178 2185/2185/2185
f 2180/2180/2180 2179/2179/2179 2186/2186/2186
f 2184/2184/2184 2183/2183/2183 2190/2190/2190
f 2187/2187/2187 2186/2186/2186 2192/2192/2192
f 2188/2188/2188 2187/2187/2187 2193/2193/2193
f 2191/2191/2191 2190/2190/2190 2196/2196/2196
f 2194/2194/2194 2193/2193/2193 2198/2198/2198
f 2195/2195/2195 2194/2194/2194 2199/2199/2199
f 2197/2197/2197 2196/2196/2196 2201/2201/2201
f 2200/2200/2200 2199/2199/2199 2203/2203/2203
f 2201/2201/2201 2200/2200/2200 2204/2204/2204
f 2202/2202/2202 2201/2201/2201 2205/2205/2205
f 2/2/2 1/1/1 73/73/73
f 3/3/3 2/2/2 74/74/74
f 4/4/4 3/3/3 75/75/75
f 5/5/5 4/4/4 76/76/76
f 6/6/6 5/5/5 77/77/77
f 7/7/7 6/6/6 78/78/78
f 8/8/8 7/7/7 79/79/79
f 9/9/9 8/8/8 80/80/80
f 10/10/10 9/9/9 81/81/81
f 11/11/11 10/10/10 82/82/82
f 12/12/12 11/11/11 83/83/83
f 13/13/13 12/12/12 84/84/84
f 14/14/14 13/13/13 85/85/85
f 15/15/15 14/14/14 86/86/86
f 16/16/16 15/15/15 87/87/87
f 17/17/17 16/16/16 88/88/88
f 19/19/19 18/18/18 90/90/90
f 21/21/21 20/20/20 92/92/92
f 25/25/25 24/24/24 96/96/96
f 27/27/27 26/26/26 98/98/98
f 42/42/42 43/43/43 115/115/115
f 44/44/44 45/45/45 117/117/117
f 48/48/48 49/49/49 121/121/121
f 50/50/50 51/51/51 123/123/123
f 52/52/52 53/53/53 125/125/125
f 54/54/54 55/55/55 127/127/127
f 56/56/56 57/57/57 129/129/129
f 57/57/57 58/58/58 130/130/130
f 58/58/58 59/59/59 131/131/131
f 60/60/60 61/61/61 133/133/133
f 61/61/61 62/62/62 134/134/134
f 62/62/62 63/63/63 135/135/135
f 64/64/64 65/65/65 137/137/137
f 65/65/65 66/66/66 138/138/138
f 66/66/66 67/67/67 139/139/139
f 67/67/67 68/68/68 140/140/140
f 68/68/68 69/69/69 141/141/141
f 69/69/69 70/70/70 142/142/142
f 70/70/70 71/71/71 143/143/143
f 71/71/71 72/72/72 144/144/144
f 74/74/74 73/73/73 145/145/145
f 89/89/89 88/88/88 160/160/160
f 99/99/99 98/98/98 171/171/171
f 114/114/114 115/115/115 188/188/188
f 116/116/116 117/117/117 190/190/190
f 120/120/120 121/121/121 194/194/194
f 122/122/122 123/123/123 196/196/196
f 129/129/129 130/130/130 203/203/203
f 133/133/133 134/134/134 207/207/207
f 137/137/137 138/138/138 211/211/211
f 138/138/138 139/139/139 212/212/212
f 139/139/139 140/140/140 213/213/213
f 140/140/140 141/141/141 214/214/214
f 141/141/141 142/142/142 215/215/215
f 142/142/142 143/143/143 216/216/216
f 146/146/146 145/145/145 219/219/219
f 154/154/154 153/153/153 227/227/227
f 161/161/161 160/160/160 234/234/234
f 165/165/165 164/164/164 239/239/239
f 168/168/168 167/167/167 243/243/243
f 170/170/170 169/169/169 245/245/245
f 193/193/193 194/194/194 281/281/281
f 202/202/202 203/203/203 293/293/293
f 210/210/210 211/211/211 300/300/300
f 211/211/211 212/212/212 301/301/301
f 213/213/213 214/214/214 303/303/303
f 214/214/214 215/215/215 304/304/304
f 215/215/215 216/216/216 305/305/305
f 216/216/216 217/217/217 306/306/306
f 220/220/220 219/219/219 308/308/308
f 228/228/228 227/227/227 316/316/316
f 229/229/229 228/228/228 317/317/317
f 236/236/236 235/235/235 324/324/324
f 238/238/238 237/237/237 326/326/326
f 241/241/241 240/240/240 329/329/329
f 248/248/248 247/247/247 336/336/336
f 250/250/250 249/249/249 338/338/338
f 285/285/285 286/286/286 376/376/376
f 299/299/299 300/300/300 390/390/390
f 300/300/300 301/301/301 391/391/391
f 302/302/302 303/303/303 393/393/393
f 303/303/303 304/304/304 394/394/394
f 304/304/304 305/305/305 395/395/395
f 305/305/305 306/306/306 396/396/396
f 310/310/310 309/309/309 398/398/398
f 317/317/317 316/316/316 405/405/405
f 318/318/318 317/317/317 406/406/406
f 325/325/325 324/324/324 413/413/413
f 328/328/328 327/327/327 416/416/416
f 330/330/330 329/329/329 418/418/418
f 332/332/332 331/331/331 421/421/421
f 334/334/334 333/333/333 423/423/423
f 341/341/341 340/340/340 431/431/431
f 343/343/343 342/342/342 434/434/434
f 376/376/376 377/377/377 473/473/473
f 385/385/385 386/386/386 482/482/482
f 389/389/389 390/390/390 486/486/486
f 390/390/390 391/391/391 487/487/487
f 391/391/391 392/392/392 488/488/488
f 392/392/392 393/393/393 489/489/489
f 393/393/393 394/394/394 490/490/490
f 394/394/394 395/395/395 491/491/491
f 395/395/395 396/396/396 492/492/492
f 399/399/399 398/398/398 495/495/495
f 403/403/403 402/402/402 499/499/499
f 404/404/404 403/403/403 500/500/500
f 405/405/405 404/404/404 501/501/501
f 406/406/406 405/405/405 502/502/502
f 407/407/407 406/406/406 503/503/503
f 415/415/415 414/414/414 511/511/511
f 417/417/417 416/416/416 514/514/514
f 420/420/420 419/419/419 516/516/516
f 422/422/422 421/421/421 520/520/520
f 425/425/425 424/424/424 522/522/522
f 429/429/429 428/428/428 528/528/528
f 474/474/474 475/475/475 589/589/589
f 485/485/485 486/486/486 601/601/601
f 486/486/486 487/487/487 602/602/602
f 487/487/487 488/488/488 603/603/603
f 489/489/489 490/490/490 605/605/605
f 490/490/490 491/491/491 606/606/606
f 491/491/491 492/492/492 607/607/607
f 492/492/492 493/493/493 608/608/608
f 496/496/496 495/495/495 612/612/612
f 500/500/500 499/499/499 616/616/616
f 501/501/501 500/500/500 617/617/617
f 502/502/502 501/501/501 618/618/618
f 504/504/504 503/503/503 620/620/620
f 513/513/513 512/512/512 629/629/629
f 518/518/518 517/517/517 635/635/635
f 519/519/519 518/518/518 636/636/636
f 525/525/525 524/524/524 642/642/642
f 527/527/527 526/526/526 646/646/646
f 531/531/531 530/530/530 648/648/648
f 532/532/532 531/531/531 649/649/649
f 572/572/572 573/573/573 663/663/663
f 573/573/573 574/574/574 664/664/664
f 593/593/593 594/594/594 689/689/689
f 601/601/601 602/602/602 698/698/698
f 603/603/603 604/604/604 700/700/700
f 606/606/606 607/607/607 703/703/703
f 607/607/607 608/608/608 704/704/704
f 610/610/610 611/611/611 709/709/709
f 613/613/613 612/612/612 711/711/711
f 620/620/620 619/619/619 718/718/718
f 621/621/621 620/620/620 719/719/719
f 622/622/622 621/621/621 720/720/720
f 631/631/631 630/630/630 729/729/729
f 632/632/632 631/631/631 730/730/730
f 634/634/634 633/633/633 735/735/735
f 638/638/638 637/637/637 738/738/738
f 640/640/640 639/639/639 740/740/740
f 647/647/647 646/646/646 744/744/744
f 676/676/676 677/677/677 764/764/764
f 677/677/677 678/678/678 765/765/765
f 688/688/688 689/689/689 778/778/778
f 693/693/693 694/694/694 782/782/782
f 697/697/697 698/698/698 788/788/788
f 698/698/698 699/699/699 789/789/789
f 703/703/703 704/704/704 792/792/792
f 704/704/704 705/705/705 793/793/793
f 707/707/707 708/708/708 797/797/797
f 708/708/708 709/709/709 798/798/798
f 713/713/713 712/712/712 801/801/801
f 719/719/719 718/718/718 807/807/807
f 720/720/720 719/719/719 808/808/808
f 721/721/721 720/720/720 809/809/809
f 732/732/732 731/731/731 820/820/820
f 733/733/733 732/732/732 821/821/821
f 734/734/734 733/733/733 822/822/822
f 737/737/737 736/736/736 824/824/824
f 743/743/743 742/742/742 826/826/826
f 751/751/751 750/750/750 831/831/831
f 774/774/774 775/775/775 851/851/851
f 782/782/782 783/783/783 857/857/857
f 787/787/787 788/788/788 866/866/866
f 792/792/792 793/793/793 871/871/871
f 793/793/793 794/794/794 872/872/872
f 802/802/802 801/801/801 881/881/881
f 809/809/809 808/808/808 888/888/888
f 810/810/810 809/809/809 889/889/889
f 813/813/813 812/812/812 892/892/892
f 823/823/823 822/822/822 902/902/902
f 825/825/825 824/824/824 904/904/904
f 853/853/853 854/854/854 934/934/934
f 858/858/858 859/859/859 939/939/939
f 862/862/862 863/863/863 943/943/943
f 865/865/865 866/866/866 946/946/946
f 866/866/866 867/867/867 947/947/947
f 871/871/871 872/872/872 952/952/952
f 872/872/872 873/873/873 953/953/953
f 877/877/877 878/878/878 959/959/959
f 882/882/882 881/881/881 962/962/962
f 891/891/891 890/890/890 971/971/971
f 892/892/892 891/891/891 972/972/972
f 893/893/893 892/892/892 973/973/973
f 903/903/903 902/902/902 983/983/983
f 905/905/905 904/904/904 985/985/985
f 910/910/910 909/909/909 991/991/991
f 941/941/941 942/942/942 1024/1024/1024
f 942/942/942 943/943/943 1025/1025/1025
f 946/946/946 947/947/947 1028/1028/1028
f 947/947/947 948/948/948 1029/1029/1029
f 951/951/951 952/952/952 1033/1033/1033
f 952/952/952 953/953/953 1034/1034/1034
f 953/953/953 954/954/954 1035/1035/1035
f 959/959/959 960/960/960 1043/1043/1043
f 964/964/964 963/963/963 1046/1046/1046
f 972/972/972 971/971/971 1054/1054/1054
f 973/973/973 972/972/972 1055/1055/1055
f 974/974/974 973/973/973 1056/1056/1056
f 975/975/975 974/974/974 1057/1057/1057
f 984/984/984 983/983/983 1066/1066/1066
f 986/986/986 985/985/985 1068/1068/1068
f 987/987/987 986/986/986 1069/1069/1069
f 989/989/989 988/988/988 1071/1071/1071
f 1024/1024/1024 1025/1025/1025 1104/1104/1104
f 1028/1028/1028 1029/1029/1029 1107/1107/1107
f 1033/1033/1033 1034/1034/1034 1112/1112/1112
f 1034/1034/1034 1035/1035/1035 1113/1113/1113
f 1035/1035/1035 1036/1036/1036 1114/1114/1114
f 1036/1036/1036 1037/1037/1037 1115/1115/1115
f 1043/1043/1043 1044/1044/1044 1124/1124/1124
f 1047/1047/1047 1046/1046/1046 1126/1126/1126
f 1055/1055/1055 1054/1054/1054 1134/1134/1134
f 1056/1056/1056 1055/1055/1055 1135/1135/1135
f 1058/1058/1058 1057/1057/1057 1137/1137/1137
f 1059/1059/1059 1058/1058/1058 1138/1138/1138
f 1067/1067/1067 1066/1066/1066 1146/1146/1146
f 1070/1070/1070 1069/1069/1069 1148/1148/1148
f 1073/1073/1073 1072/1072/1072 1151/1151/1151
f 1075/1075/1075 1074/1074/1074 1153/1153/1153
f 1099/1099/1099 1100/1100/1100 1179/1179/1179
f 1107/1107/1107 1108/1108/1108 1185/1185/1185
f 1111/1111/1111 1112/1112/1112 1190/1190/1190
f 1112/1112/1112 1113/1113/1113 1191/1191/1191
f 1113/1113/1113 1114/1114/1114 1192/1192/1192
f 1114/1114/1114 1115/1115/1115 1193/1193/1193
f 1115/1115/1115 1116/1116/1116 1194/1194/1194
f 1116/1116/1116 1117/1117/1117 1195/1195/1195
f 1117/1117/1117 1118/1118/1118 1196/1196/1196
f 1119/1119/1119 1120/1120/1120 1198/1198/1198
f 1123/1123/1123 1124/1124/1124 1201/1201/1201
f 1128/1128/1128 1127/1127/1127 1203/1203/1203
f 1136/1136/1136 1135/1135/1135 1211/1211/1211
f 1138/1138/1138 1137/1137/1137 1213/1213/1213
f 1139/1139/1139 1138/1138/1138 1214/1214/1214
f 1140/1140/1140 1139/1139/1139 1215/1215/1215
f 1141/1141/1141 1140/1140/1140 1216/1216/1216
f 1147/1147/1147 1146/1146/1146 1222/1222/1222
f 1149/1149/1149 1148/1148/1148 1224/1224/1224
f 1150/1150/1150 1149/1149/1149 1225/1225/1225
f 1152/1152/1152 1151/1151/1151 1227/1227/1227
f 1179/1179/1179 1180/1180/1180 1260/1260/1260
f 1180/1180/1180 1181/1181/1181 1261/1261/1261
f 1189/1189/1189 1190/1190/1190 1269/1269/1269
f 1191/1191/1191 1192/1192/1192 1271/1271/1271
f 1192/1192/1192 1193/1193/1193 1272/1272/1272
f 1193/1193/1193 1194/1194/1194 1273/1273/1273
f 1194/1194/1194 1195/1195/1195 1274/1274/1274
f 1195/1195/1195 1196/1196/1196 1275/1275/1275
f 1196/1196/1196 1197/1197/1197 1276/1276/1276
f 1197/1197/1197 1198/1198/1198 1277/1277/1277
f 1204/1204/1204 1203/1203/1203 1281/1281/1281
f 1214/1214/1214 1213/1213/1213 1291/1291/1291
f 1215/1215/1215 1214/1214/1214 1292/1292/1292
f 1216/1216/1216 1215/1215/1215 1293/1293/1293
f 1217/1217/1217 1216/1216/1216 1294/1294/1294
f 1218/1218/1218 1217/1217/1217 1295/1295/1295
f 1223/1223/1223 1222/1222/1222 1300/1300/1300
f 1226/1226/1226 1225/1225/1225 1302/1302/1302
f 1229/1229/1229 1228/1228/1228 1305/1305/1305
f 1233/1233/1233 1232/1232/1232 1309/1309/1309
f 1261/1261/1261 1262/1262/1262 1337/1337/1337
f 1267/1267/1267 1268/1268/1268 1343/1343/1343
f 1270/1270/1270 1271/1271/1271 1346/1346/1346
f 1271/1271/1271 1272/1272/1272 1347/1347/1347
f 1272/1272/1272 1273/1273/1273 1348/1348/1348
f 1273/1273/1273 1274/1274/1274 1349/1349/1349
f 1274/1274/1274 1275/1275/1275 1350/1350/1350
f 1275/1275/1275 1276/1276/1276 1351/1351/1351
f 1276/1276/1276 1277/1277/1277 1352/1352/1352
f 1279/1279/1279 1280/1280/1280 1355/1355/1355
f 1283/1283/1283 1282/1282/1282 1356/1356/1356
f 1292/1292/1292 1291/1291/1291 1365/1365/1365
f 1293/1293/1293 1292/1292/1292 1366/1366/1366
f 1294/1294/1294 1293/1293/1293 1367/1367/1367
f 1295/1295/1295 1294/1294/1294 1368/1368/1368
f 1296/1296/1296 1295/1295/1295 1369/1369/1369
f 1297/1297/1297 1296/1296/1296 1370/1370/1370
f 1298/1298/1298 1297/1297/1297 1371/1371/1371
f 1301/1301/1301 1300/1300/1300 1374/1374/1374
f 1303/1303/1303 1302/1302/1302 1376/1376/1376
f 1304/1304/1304 1303/1303/1303 1377/1377/1377
f 1311/1311/1311 1310/1310/1310 1384/1384/1384
f 1332/1332/1332 1333/1333/1333 1408/1408/1408
f 1342/1342/1342 1343/1343/1343 1418/1418/1418
f 1343/1343/1343 1344/1344/1344 1419/1419/1419
f 1344/1344/1344 1345/1345/1345 1420/1420/1420
f 1345/1345/1345 1346/1346/1346 1421/1421/1421
f 1346/1346/1346 1347/1347/1347 1422/1422/1422
f 1347/1347/1347 1348/1348/1348 1423/1423/1423
f 1348/1348/1348 1349/1349/1349 1424/1424/1424
f 1349/1349/1349 1350/1350/1350 1425/1425/1425
f 1350/1350/1350 1351/1351/1351 1426/1426/1426
f 1351/1351/1351 1352/1352/1352 1427/1427/1427
f 1358/1358/1358 1357/1357/1357 1430/1430/1430
f 1359/1359/1359 1358/1358/1358 1431/1431/1431
f 1365/1365/1365 1364/1364/1364 1437/1437/1437
f 1366/1366/1366 1365/1365/1365 1438/1438/1438
f 1367/1367/1367 1366/1366/1366 1439/1439/1439
f 1368/1368/1368 1367/1367/1367 1440/1440/1440
f 1369/1369/1369 1368/1368/1368 1441/1441/1441
f 1370/1370/1370 1369/1369/1369 1442/1442/1442
f 1371/1371/1371 1370/1370/1370 1443/1443/1443
f 1375/1375/1375 1374/1374/1374 1447/1447/1447
f 1378/1378/1378 1377/1377/1377 1449/1449/1449
f 1379/1379/1379 1378/1378/1378 1450/1450/1450
f 1383/1383/1383 1382/1382/1382 1457/1457/1457
f 1411/1411/1411 1412/1412/1412 1488/1488/1488
f 1417/1417/1417 1418/1418/1418 1495/1495/1495
f 1418/1418/1418 1419/1419/1419 1496/1496/1496
f 1419/1419/1419 1420/1420/1420 1497/1497/1497
f 1420/1420/1420 1421/1421/1421 1498/1498/1498
f 1421/1421/1421 1422/1422/1422 1499/1499/1499
f 1422/1422/1422 1423/1423/1423 1500/1500/1500
f 1425/1425/1425 1426/1426/1426 1503/1503/1503
f 1426/1426/1426 1427/1427/1427 1504/1504/1504
f 1433/1433/1433 1432/1432/1432 1505/1505/1505
f 1438/1438/1438 1437/1437/1437 1510/1510/1510
f 1439/1439/1439 1438/1438/1438 1511/1511/1511
f 1441/1441/1441 1440/1440/1440 1513/1513/1513
f 1442/1442/1442 1441/1441/1441 1514/1514/1514
f 1448/1448/1448 1447/1447/1447 1520/1520/1520
f 1452/1452/1452 1451/1451/1451 1522/1522/1522
f 1453/1453/1453 1452/1452/1452 1523/1523/1523
f 1456/1456/1456 1455/1455/1455 1526/1526/1526
f 1462/1462/1462 1461/1461/1461 1531/1531/1531
f 1464/1464/1464 1463/1463/1463 1533/1533/1533
f 1496/1496/1496 1497/1497/1497 1570/1570/1570
f 1497/1497/1497 1498/1498/1498 1571/1571/1571
f 1498/1498/1498 1499/1499/1499 1572/1572/1572
f 1499/1499/1499 1500/1500/1500 1573/1573/1573
f 1500/1500/1500 1501/1501/1501 1574/1574/1574
f 1501/1501/1501 1502/1502/1502 1575/1575/1575
f 1502/1502/1502 1503/1503/1503 1576/1576/1576
f 1503/1503/1503 1504/1504/1504 1577/1577/1577
f 1507/1507/1507 1506/1506/1506 1578/1578/1578
f 1521/1521/1521 1520/1520/1520 1592/1592/1592
f 1524/1524/1524 1523/1523/1523 1594/1594/1594
f 1525/1525/1525 1524/1524/1524 1595/1595/1595
f 1528/1528/1528 1527/1527/1527 1598/1598/1598
f 1530/1530/1530 1529/1529/1529 1601/1601/1601
f 1532/1532/1532 1531/1531/1531 1603/1603/1603
f 1556/1556/1556 1557/1557/1557 1626/1626/1626
f 1563/1563/1563 1564/1564/1564 1632/1632/1632
f 1571/1571/1571 1572/1572/1572 1640/1640/1640
f 1572/1572/1572 1573/1573/1573 1641/1641/1641
f 1573/1573/1573 1574/1574/1574 1642/1642/1642
f 1574/1574/1574 1575/1575/1575 1643/1643/1643
f 1575/1575/1575 1576/1576/1576 1644/1644/1644
f 1576/1576/1576 1577/1577/1577 1645/1645/1645
f 1580/1580/1580 1579/1579/1579 1646/1646/1646
f 1593/1593/1593 1592/1592/1592 1659/1659/1659
f 1596/1596/1596 1595/1595/1595 1661/1661/1661
f 1597/1597/1597 1596/1596/1596 1662/1662/1662
f 1599/1599/1599 1598/1598/1598 1665/1665/1665
f 1600/1600/1600 1599/1599/1599 1666/1666/1666
f 1605/1605/1605 1604/1604/1604 1670/1670/1670
f 1607/1607/1607 1606/1606/1606 1672/1672/1672
f 1627/1627/1627 1628/1628/1628 1699/1699/1699
f 1633/1633/1633 1634/1634/1634 1707/1707/1707
f 1634/1634/1634 1635/1635/1635 1708/1708/1708
f 1644/1644/1644 1645/1645/1645 1722/1722/1722
f 1648/1648/1648 1647/1647/1647 1723/1723/1723
f 1660/1660/1660 1659/1659/1659 1735/1735/1735
f 1662/1662/1662 1661/1661/1661 1737/1737/1737
f 1664/1664/1664 1663/1663/1663 1739/1739/1739
f 1667/1667/1667 1666/1666/1666 1741/1741/1741
f 1669/1669/1669 1668/1668/1668 1744/1744/1744
f 1674/1674/1674 1673/1673/1673 1749/1749/1749
f 1708/1708/1708 1709/1709/1709 1782/1782/1782
f 1709/1709/1709 1710/1710/1710 1783/1783/1783
f 1714/1714/1714 1715/1715/1715 1788/1788/1788
f 1724/1724/1724 1723/1723/1723 1789/1789/1789
f 1725/1725/1725 1724/1724/1724 1790/1790/1790
f 1726/1726/1726 1725/1725/1725 1791/1791/1791
f 1727/1727/1727 1726/1726/1726 1792/1792/1792
f 1736/1736/1736 1735/1735/1735 1801/1801/1801
f 1739/1739/1739 1738/1738/1738 1803/1803/1803
f 1740/1740/1740 1739/1739/1739 1804/1804/1804
f 1743/1743/1743 1742/1742/1742 1810/1810/1810
f 1746/1746/1746 1745/1745/1745 1814/1814/1814
f 1748/1748/1748 1747/1747/1747 1817/1817/1817
f 1773/1773/1773 1774/1774/1774 1858/1858/1858
f 1774/1774/1774 1775/1775/1775 1859/1859/1859
f 1775/1775/1775 1776/1776/1776 1860/1860/1860
f 1785/1785/1785 1786/1786/1786 1871/1871/1871
f 1786/1786/1786 1787/1787/1787 1872/1872/1872
f 1787/1787/1787 1788/1788/1788 1873/1873/1873
f 1794/1794/1794 1793/1793/1793 1874/1874/1874
f 1795/1795/1795 1794/1794/1794 1875/1875/1875
f 1796/1796/1796 1795/1795/1795 1876/1876/1876
f 1797/1797/1797 1796/1796/1796 1877/1877/1877
f 1798/1798/1798 1797/1797/1797 1878/1878/1878
f 1802/1802/1802 1801/1801/1801 1882/1882/1882
f 1806/1806/1806 1805/1805/1805 1884/1884/1884
f 1807/1807/1807 1806/1806/1806 1885/1885/1885
f 1808/1808/1808 1807/1807/1807 1886/1886/1886
f 1809/1809/1809 1808/1808/1808 1887/1887/1887
f 1812/1812/1812 1811/1811/1811 1894/1894/1894
f 1813/1813/1813 1812/1812/1812 1895/1895/1895
f 1816/1816/1816 1815/1815/1815 1901/1901/1901
f 1845/1845/1845 1846/1846/1846 1935/1935/1935
f 1872/1872/1872 1873/1873/1873 1956/1956/1956
f 1880/1880/1880 1879/1879/1879 1957/1957/1957
f 1881/1881/1881 1880/1880/1880 1958/1958/1958
f 1882/1882/1882 1881/1881/1881 1959/1959/1959
f 1883/1883/1883 1882/1882/1882 1960/1960/1960
f 1889/1889/1889 1888/1888/1888 1962/1962/1962
f 1891/1891/1891 1890/1890/1890 1964/1964/1964
f 1892/1892/1892 1891/1891/1891 1965/1965/1965
f 1893/1893/1893 1892/1892/1892 1966/1966/1966
f 1897/1897/1897 1896/1896/1896 1972/1972/1972
f 1900/1900/1900 1899/1899/1899 1975/1975/1975
f 1904/1904/1904 1903/1903/1903 1981/1981/1981
f 1907/1907/1907 1906/1906/1906 1989/1989/1989
f 1921/1921/1921 1922/1922/1922 2022/2022/2022
f 1922/1922/1922 1923/1923/1923 2023/2023/2023
f 1923/1923/1923 1924/1924/1924 2024/2024/2024
f 1942/1942/1942 1943/1943/1943 2041/2041/2041
f 1951/1951/1951 1952/1952/1952 2051/2051/2051
f 1967/1967/1967 1966/1966/1966 2052/2052/2052
f 1968/1968/1968 1967/1967/1967 2053/2053/2053
f 1971/1971/1971 1970/1970/1970 2056/2056/2056
f 1979/1979/1979 1978/1978/1978 2058/2058/2058
f 1980/1980/1980 1979/1979/1979 2059/2059/2059
f 1988/1988/1988 1987/1987/1987 2066/2066/2066
f 1992/1992/1992 1991/1991/1991 2075/2075/2075
f 1994/1994/1994 1993/1993/1993 2077/2077/2077
f 1996/1996/1996 1995/1995/1995 2079/2079/2079
f 1999/1999/1999 1998/1998/1998 2086/2086/2086
f 2006/2006/2006 2007/2007/2007 2117/2117/2117
f 2009/2009/2009 2010/2010/2010 2120/2120/2120
f 2043/2043/2043 2044/2044/2044 2152/2152/2152
f 2044/2044/2044 2045/2045/2045 2153/2153/2153
f 2045/2045/2045 2046/2046/2046 2154/2154/2154
f 2072/2072/2072 2071/2071/2071 2155/2155/2155
f 2074/2074/2074 2073/2073/2073 2157/2157/2157
f 2084/2084/2084 2083/2083/2083 2159/2159/2159
f 2085/2085/2085 2084/2084/2084 2160/2160/2160
f 2105/2105/2105 2104/2104/2104 2171/2171/2171
f 2141/2141/2141 2142/2142/2142 2205/2205/2205
f 2142/2142/2142 2143/2143/2143 2206/2206/2206
f 1/1/1 19/19/19 91/91/91
f 20/20/20 17/17/17 89/89/89
f 18/18/18 22/22/22 94/94/94
f 23/23/23 21/21/21 93/93/93
f 22/22/22 25/25/25 97/97/97
f 26/26/26 23/23/23 95/95/95
f 24/24/24 28/28/28 100/100/100
f 29/29/29 27/27/27 99/99/99
f 28/28/28 30/30/30 102/102/102
f 31/31/31 29/29/29 101/101/101
f 30/30/30 32/32/32 104/104/104
f 33/33/33 31/31/31 103/103/103
f 32/32/32 34/34/34 106/106/106
f 35/35/35 33/33/33 105/105/105
f 34/34/34 36/36/36 108/108/108
f 37/37/37 35/35/35 107/107/107
f 36/36/36 38/38/38 110/110/110
f 39/39/39 37/37/37 109/109/109
f 38/38/38 40/40/40 112/112/112
f 41/41/41 39/39/39 111/111/111
f 40/40/40 42/42/42 114/114/114
f 45/45/45 41/41/41 113/113/113
f 43/43/43 46/46/46 118/118/118
f 47/47/47 44/44/44 116/116/116
f 46/46/46 48/48/48 120/120/120
f 51/51/51 47/47/47 119/119/119
f 49/49/49 52/52/52 124/124/124
f 55/55/55 50/50/50 122/122/122
f 53/53/53 56/56/56 128/128/128
f 63/63/63 54/54/54 126/126/126
f 59/59/59 64/64/64 136/136/136
f 72/72/72 60/60/60 132/132/132
f 73/73/73 91/91/91 163/163/163
f 92/92/92 89/89/89 161/161/161
f 90/90/90 94/94/94 166/166/166
f 95/95/95 93/93/93 165/165/165
f 100/100/100 102/102/102 175/175/175
f 103/103/103 101/101/101 174/174/174
f 102/102/102 104/104/104 177/177/177
f 105/105/105 103/103/103 176/176/176
f 104/104/104 106/106/106 179/179/179
f 107/107/107 105/105/105 178/178/178
f 112/112/112 114/114/114 187/187/187
f 117/117/117 113/113/113 186/186/186
f 115/115/115 118/118/118 191/191/191
f 119/119/119 116/116/116 189/189/189
f 144/144/144 132/132/132 205/205/205
f 145/145/145 163/163/163 238/238/238
f 162/162/162 166/166/166 242/242/242
f 173/173/173 175/175/175 253/253/253
f 175/175/175 177/177/177 256/256/256
f 177/177/177 179/179/179 259/259/259
f 182/182/182 180/180/180 260/260/260
f 184/184/184 182/182/182 263/263/263
f 183/183/183 185/185/185 268/268/268
f 185/185/185 187/187/187 272/272/272
f 190/190/190 186/186/186 270/270/270
f 188/188/188 191/191/191 277/277/277
f 192/192/192 189/189/189 274/274/274
f 196/196/196 192/192/192 278/278/278
f 194/194/194 197/197/197 285/285/285
f 200/200/200 195/195/195 282/282/282
f 198/198/198 201/201/201 291/291/291
f 218/218/218 206/206/206 295/295/295
f 242/242/242 246/246/246 335/335/335
f 253/253/253 256/256/256 346/346/346
f 256/256/256 259/259/259 349/349/349
f 264/264/264 261/261/261 350/350/350
f 262/262/262 265/265/265 356/356/356
f 267/267/267 264/264/264 354/354/354
f 265/265/265 268/268/268 360/360/360
f 271/271/271 267/267/267 358/358/358
f 269/269/269 273/273/273 364/364/364
f 276/276/276 271/271/271 362/362/362
f 279/279/279 275/275/275 365/365/365
f 277/277/277 280/280/280 371/371/371
f 284/284/284 279/279/279 369/369/369
f 281/281/281 285/285/285 375/375/375
f 290/290/290 283/283/283 373/373/373
f 287/287/287 292/292/292 381/381/381
f 297/297/297 288/288/288 378/378/378
f 335/335/335 339/339/339 430/430/430
f 348/348/348 345/345/345 436/436/436
f 351/351/351 348/348/348 440/440/440
f 349/349/349 352/352/352 446/446/446
f 353/353/353 357/357/357 450/450/450
f 357/357/357 361/361/361 453/453/453
f 363/363/363 359/359/359 451/451/451
f 366/366/366 362/362/362 454/454/454
f 364/364/364 367/367/367 461/461/461
f 370/370/370 366/366/366 458/458/458
f 368/368/368 372/372/372 466/466/466
f 374/374/374 369/369/369 463/463/463
f 372/372/372 375/375/375 471/471/471
f 380/380/380 373/373/373 468/468/468
f 387/387/387 379/379/379 474/474/474
f 397/397/397 384/384/384 480/480/480
f 398/398/398 417/417/417 515/515/515
f 426/426/426 430/430/430 533/533/533
f 430/430/430 435/435/435 538/538/538
f 437/437/437 433/433/433 534/534/534
f 441/441/441 437/437/437 539/539/539
f 445/445/445 441/441/441 544/544/544
f 443/443/443 447/447/447 553/553/553
f 447/447/447 450/450/450 558/558/558
f 460/460/460 456/456/456 564/564/564
f 457/457/457 461/461/461 575/575/575
f 465/465/465 459/459/459 570/570/570
f 462/462/462 466/466/466 580/580/580
f 470/470/470 464/464/464 577/577/577
f 467/467/467 472/472/472 586/586/586
f 476/476/476 469/469/469 582/582/582
f 479/479/479 484/484/484 599/599/599
f 494/494/494 481/481/481 596/596/596
f 495/495/495 515/515/515 634/634/634
f 514/514/514 521/521/521 641/641/641
f 533/533/533 538/538/538 652/652/652
f 538/538/538 543/543/543 653/653/653
f 543/543/543 548/548/548 654/654/654
f 548/548/548 553/553/553 655/655/655
f 563/563/563 568/568/568 659/659/659
f 569/569/569 576/576/576 665/665/665
f 579/579/579 571/571/571 661/661/661
f 576/576/576 580/580/580 671/671/671
f 585/585/585 579/579/579 667/667/667
f 581/581/581 586/586/586 679/679/679
f 591/591/591 583/583/583 673/673/673
f 598/598/598 588/588/588 681/681/681
f 595/595/595 600/600/600 696/696/696
f 609/609/609 596/596/596 691/691/691
f 611/611/611 605/605/605 701/701/701
f 641/641/641 647/647/647 745/745/745
f 653/653/653 654/654/654 752/752/752
f 654/654/654 655/655/655 753/753/753
f 656/656/656 657/657/657 756/756/756
f 658/658/658 660/660/660 758/758/758
f 666/666/666 672/672/672 761/761/761
f 686/686/686 675/675/675 762/762/762
f 680/680/680 687/687/687 776/776/776
f 695/695/695 683/683/683 769/769/769
f 706/706/706 692/692/692 780/780/780
f 710/710/710 702/702/702 790/790/790
f 742/742/742 745/745/745 828/828/828
f 752/752/752 753/753/753 834/834/834
f 753/753/753 754/754/754 835/835/835
f 755/755/755 757/757/757 837/837/837
f 758/758/758 759/759/759 840/840/840
f 760/760/760 761/761/761 842/842/842
f 761/761/761 766/766/766 844/844/844
f 768/768/768 777/777/777 852/852/852
f 785/785/785 771/771/771 847/847/847
f 795/795/795 781/781/781 855/855/855
f 789/789/789 796/796/796 875/875/875
f 800/800/800 791/791/791 869/869/869
f 801/801/801 825/825/825 905/905/905
f 829/829/829 830/830/830 912/912/912
f 830/830/830 832/832/832 914/914/914
f 831/831/831 833/833/833 915/915/915
f 834/834/834 835/835/835 918/918/918
f 836/836/836 837/837/837 920/920/920
f 837/837/837 838/838/838 922/922/922
f 839/839/839 841/841/841 924/924/924
f 841/841/841 842/842/842 926/926/926
f 843/843/843 845/845/845 929/929/929
f 846/846/846 852/852/852 932/932/932
f 854/854/854 864/864/864 944/944/944
f 874/874/874 856/856/856 936/936/936
f 868/868/868 876/876/876 957/957/957
f 880/880/880 870/870/870 950/950/950
f 904/904/904 907/907/907 989/989/989
f 908/908/908 910/910/910 992/992/992
f 909/909/909 911/911/911 993/993/993
f 911/911/911 913/913/913 995/995/995
f 915/915/915 916/916/916 999/999/999
f 917/917/917 919/919/919 1001/1001/1001
f 919/919/919 920/920/920 1003/1003/1003
f 921/921/921 923/923/923 1006/1006/1006
f 923/923/923 924/924/924 1008/1008/1008
f 925/925/925 927/927/927 1011/1011/1011
f 928/928/928 930/930/930 1013/1013/1013
f 931/931/931 933/933/933 1016/1016/1016
f 935/935/935 945/945/945 1026/1026/1026
f 956/956/956 938/938/938 1020/1020/1020
f 949/949/949 958/958/958 1041/1041/1041
f 961/961/961 950/950/950 1031/1031/1031
f 990/990/990 992/992/992 1076/1076/1076
f 998/998/998 1000/1000/1000 1081/1081/1081
f 1000/1000/1000 1001/1001/1001 1083/1083/1083
f 1002/1002/1002 1004/1004/1004 1086/1086/1086
f 1005/1005/1005 1007/1007/1007 1088/1088/1088
f 1007/1007/1007 1009/1009/1009 1090/1090/1090
f 1010/1010/1010 1012/1012/1012 1092/1092/1092
f 1012/1012/1012 1013/1013/1013 1094/1094/1094
f 1015/1015/1015 1017/1017/1017 1098/1098/1098
f 1019/1019/1019 1027/1027/1027 1105/1105/1105
f 1040/1040/1040 1023/1023/1023 1102/1102/1102
f 1030/1030/1030 1041/1041/1041 1121/1121/1121
f 1045/1045/1045 1032/1032/1032 1110/1110/1110
f 1077/1077/1077 1078/1078/1078 1159/1159/1159
f 1078/1078/1078 1079/1079/1079 1161/1161/1161
f 1080/1080/1080 1082/1082/1082 1163/1163/1163
f 1082/1082/1082 1084/1084/1084 1165/1165/1165
f 1085/1085/1085 1087/1087/1087 1167/1167/1167
f 1087/1087/1087 1088/1088/1088 1169/1169/1169
f 1089/1089/1089 1091/1091/1091 1171/1171/1171
f 1091/1091/1091 1092/1092/1092 1173/1173/1173
f 1093/1093/1093 1095/1095/1095 1175/1175/1175
f 1097/1097/1097 1099/1099/1099 1178/1178/1178
f 1101/1101/1101 1106/1106/1106 1183/1183/1183
f 1109/1109/1109 1122/1122/1122 1199/1199/1199
f 1156/1156/1156 1158/1158/1158 1234/1234/1234
f 1158/1158/1158 1160/1160/1160 1235/1235/1235
f 1160/1160/1160 1162/1162/1162 1236/1236/1236
f 1162/1162/1162 1163/1163/1163 1238/1238/1238
f 1164/1164/1164 1166/1166/1166 1240/1240/1240
f 1166/1166/1166 1167/1167/1167 1242/1242/1242
f 1168/1168/1168 1170/1170/1170 1245/1245/1245
f 1170/1170/1170 1171/1171/1171 1247/1247/1247
f 1172/1172/1172 1174/1174/1174 1250/1250/1250
f 1174/1174/1174 1175/1175/1175 1253/1253/1253
f 1177/1177/1177 1178/1178/1178 1258/1258/1258
f 1182/1182/1182 1185/1185/1185 1264/1264/1264
f 1187/1187/1187 1200/1200/1200 1278/1278/1278
f 1234/1234/1234 1235/1235/1235 1314/1314/1314
f 1235/1235/1235 1236/1236/1236 1316/1316/1316
f 1237/1237/1237 1239/1239/1239 1318/1318/1318
f 1239/1239/1239 1240/1240/1240 1320/1320/1320
f 1241/1241/1241 1243/1243/1243 1323/1323/1323
f 1244/1244/1244 1246/1246/1246 1325/1325/1325
f 1246/1246/1246 1248/1248/1248 1327/1327/1327
f 1249/1249/1249 1251/1251/1251 1329/1329/1329
f 1252/1252/1252 1255/1255/1255 1331/1331/1331
f 1257/1257/1257 1260/1260/1260 1335/1335/1335
f 1263/1263/1263 1265/1265/1265 1339/1339/1339
f 1266/1266/1266 1278/1278/1278 1353/1353/1353
f 1280/1280/1280 1267/1267/1267 1342/1342/1342
f 1302/1302/1302 1306/1306/1306 1380/1380/1380
f 1315/1315/1315 1317/1317/1317 1390/1390/1390
f 1317/1317/1317 1318/1318/1318 1392/1392/1392
f 1319/1319/1319 1321/1321/1321 1395/1395/1395
f 1322/1322/1322 1324/1324/1324 1397/1397/1397
f 1324/1324/1324 1325/1325/1325 1399/1399/1399
f 1326/1326/1326 1328/1328/1328 1401/1401/1401
f 1328/1328/1328 1329/1329/1329 1403/1403/1403
f 1330/1330/1330 1331/1331/1331 1406/1406/1406
f 1334/1334/1334 1336/1336/1336 1410/1410/1410
f 1338/1338/1338 1339/1339/1339 1414/1414/1414
f 1341/1341/1341 1354/1354/1354 1428/1428/1428
f 1387/1387/1387 1389/1389/1389 1465/1465/1465
f 1391/1391/1391 1393/1393/1393 1468/1468/1468
f 1394/1394/1394 1396/1396/1396 1470/1470/1470
f 1396/1396/1396 1397/1397/1397 1472/1472/1472
f 1398/1398/1398 1400/1400/1400 1474/1474/1474
f 1400/1400/1400 1401/1401/1401 1476/1476/1476
f 1402/1402/1402 1404/1404/1404 1479/1479/1479
f 1405/1405/1405 1407/1407/1407 1482/1482/1482
f 1409/1409/1409 1410/1410/1410 1486/1486/1486
f 1413/1413/1413 1415/1415/1415 1492/1492/1492
f 1465/1465/1465 1466/1466/1466 1537/1537/1537
f 1467/1467/1467 1469/1469/1469 1539/1539/1539
f 1469/1469/1469 1470/1470/1470 1541/1541/1541
f 1471/1471/1471 1473/1473/1473 1544/1544/1544
f 1473/1473/1473 1474/1474/1474 1546/1546/1546
f 1475/1475/1475 1477/1477/1477 1549/1549/1549
f 1478/1478/1478 1480/1480/1480 1552/1552/1552
f 1481/1481/1481 1483/1483/1483 1555/1555/1555
f 1485/1485/1485 1487/1487/1487 1560/1560/1560
f 1491/1491/1491 1494/1494/1494 1567/1567/1567
f 1536/1536/1536 1538/1538/1538 1610/1610/1610
f 1538/1538/1538 1539/1539/1539 1612/1612/1612
f 1540/1540/1540 1542/1542/1542 1615/1615/1615
f 1543/1543/1543 1545/1545/1545 1617/1617/1617
f 1545/1545/1545 1547/1547/1547 1619/1619/1619
f 1548/1548/1548 1550/1550/1550 1621/1621/1621
f 1551/1551/1551 1553/1553/1553 1623/1623/1623
f 1554/1554/1554 1556/1556/1556 1625/1625/1625
f 1559/1559/1559 1562/1562/1562 1630/1630/1630
f 1566/1566/1566 1569/1569/1569 1637/1637/1637
f 1609/1609/1609 1611/1611/1611 1677/1677/1677
f 1611/1611/1611 1613/1613/1613 1679/1679/1679
f 1614/1614/1614 1616/1616/1616 1682/1682/1682
f 1616/1616/1616 1617/1617/1617 1684/1684/1684
f 1618/1618/1618 1620/1620/1620 1687/1687/1687
f 1620/1620/1620 1621/1621/1621 1689/1689/1689
f 1622/1622/1622 1623/1623/1623 1692/1692/1692
f 1624/1624/1624 1625/1625/1625 1696/1696/1696
f 1629/1629/1629 1631/1631/1631 1704/1704/1704
f 1636/1636/1636 1639/1639/1639 1716/1716/1716
f 1676/1676/1676 1677/1677/1677 1753/1753/1753
f 1678/1678/1678 1680/1680/1680 1756/1756/1756
f 1681/1681/1681 1683/1683/1683 1759/1759/1759
f 1683/1683/1683 1685/1685/1685 1761/1761/1761
f 1686/1686/1686 1688/1688/1688 1763/1763/1763
f 1688/1688/1688 1690/1690/1690 1766/1766/1766
f 1691/1691/1691 1693/1693/1693 1769/1769/1769
f 1695/1695/1695 1698/1698/1698 1772/1772/1772
f 1703/1703/1703 1707/1707/1707 1780/1780/1780
f 1752/1752/1752 1754/1754/1754 1826/1826/1826
f 1755/1755/1755 1757/1757/1757 1829/1829/1829
f 1758/1758/1758 1760/1760/1760 1832/1832/1832
f 1760/1760/1760 1762/1762/1762 1834/1834/1834
f 1762/1762/1762 1763/1763/1763 1837/1837/1837
f 1765/1765/1765 1768/1768/1768 1842/1842/1842
f 1768/1768/1768 1770/1770/1770 1848/1848/1848
f 1771/1771/1771 1772/1772/1772 1856/1856/1856
f 1779/1779/1779 1782/1782/1782 1867/1867/1867
f 1819/1819/1819 1822/1822/1822 1908/1908/1908
f 1828/1828/1828 1830/1830/1830 1914/1914/1914
f 1831/1831/1831 1833/1833/1833 1917/1917/1917
f 1833/1833/1833 1835/1835/1835 1919/1919/1919
f 1836/1836/1836 1839/1839/1839 1926/1926/1926
f 1841/1841/1841 1844/1844/1844 1933/1933/1933
f 1847/1847/1847 1853/1853/1853 1939/1939/1939
f 1855/1855/1855 1862/1862/1862 1945/1945/1945
f 1866/1866/1866 1870/1870/1870 1953/1953/1953
f 1909/1909/1909 1911/1911/1911 2000/2000/2000
f 1913/1913/1913 1915/1915/1915 2004/2004/2004
f 1916/1916/1916 1918/1918/1918 2012/2012/2012
f 1918/1918/1918 1920/1920/1920 2020/2020/2020
f 1925/1925/1925 1931/1931/1931 2029/2029/2029
f 1932/1932/1932 1937/1937/1937 2034/2034/2034
f 1938/1938/1938 1941/1941/1941 2039/2039/2039
f 1944/1944/1944 1948/1948/1948 2047/2047/2047
f 2001/2001/2001 2003/2003/2003 2106/2106/2106
f 2003/2003/2003 2005/2005/2005 2115/2115/2115
f 2005/2005/2005 2012/2012/2012 2125/2125/2125
f 2011/2011/2011 2018/2018/2018 2127/2127/2127
f 2019/2019/2019 2027/2027/2027 2132/2132/2132
f 2028/2028/2028 2032/2032/2032 2137/2137/2137
f 2033/2033/2033 2037/2037/2037 2144/2144/2144
f 2038/2038/2038 2042/2042/2042 2150/2150/2150
f 2114/2114/2114 2123/2123/2123 2185/2185/2185
f 2124/2124/2124 2130/2130/2130 2192/2192/2192
f 2131/2131/2131 2135/2135/2135 2198/2198/2198
f 2136/2136/2136 2140/2140/2140 2203/2203/2203
f 217/217/217 205/205/205 218/218/218
f 254/254/254 251/251/251 255/255/255
f 257/257/257 254/254/254 258/258/258
f 260/260/260 257/257/257 261/261/261
f 273/273/273 269/269/269 272/272/272
f 275/275/275 270/270/270 276/276/276
f 278/278/278 274/274/274 279/279/279
f 283/283/283 278/278/278 284/284/284
f 289/289/289 282/282/282 290/290/290
f 292/292/292 287/287/287 291/291/291
f 347/347/347 344/344/344 348/348/348
f 350/350/350 347/347/347 351/351/351
f 357/357/357 353/353/353 356/356/356
f 361/361/361 357/357/357 360/360/360
f 362/362/362 358/358/358 363/363/363
f 369/369/369 365/365/365 370/370/370
f 372/372/372 368/368/368 371/371/371
f 386/386/386 378/378/378 387/387/387
f 443/443/443 439/439/439 442/442/442
f 447/447/447 443/443/443 446/446/446
f 448/448/448 444/444/444 449/449/449
f 451/451/451 448/448/448 452/452/452
f 455/455/455 451/451/451 456/456/456
f 458/458/458 454/454/454 459/459/459
f 459/459/459 455/455/455 460/460/460
f 464/464/464 458/458/458 465/465/465
f 469/469/469 463/463/463 470/470/470
f 472/472/472 467/467/467 471/471/471
f 475/475/475 468/468/468 476/476/476
f 493/493/493 480/480/480 494/494/494
f 536/536/536 531/531/531 537/537/537
f 540/540/540 535/535/535 541/541/541
f 541/541/541 536/536/536 542/542/542
f 545/545/545 540/540/540 546/546/546
f 546/546/546 541/541/541 547/547/547
f 550/550/550 545/545/545 551/551/551
f 551/551/551 546/546/546 552/552/552
f 554/554/554 549/549/549 555/555/555
f 556/556/556 551/551/551 557/557/557
f 559/559/559 554/554/554 560/560/560
f 561/561/561 556/556/556 562/562/562
f 566/566/566 561/561/561 567/567/567
f 571/571/571 564/564/564 572/572/572
f 572/572/572 565/565/565 573/573/573
f 573/573/573 566/566/566 574/574/574
f 576/576/576 569/569/569 575/575/575
f 578/578/578 570/570/570 579/579/579
f 583/583/583 577/577/577 584/584/584
f 584/584/584 578/578/578 585/585/585
f 590/590/590 582/582/582 591/591/591
f 600/600/600 595/595/595 599/599/599
f 610/610/610 604/604/604 611/611/611
f 643/643/643 638/638/638 644/644/644
f 644/644/644 639/639/639 645/645/645
f 649/649/649 644/644/644 650/650/650
f 660/660/660 658/658/658 659/659/659
f 667/667/667 661/661/661 668/668/668
f 668/668/668 662/662/662 669/669/669
f 669/669/669 663/663/663 670/670/670
f 672/672/672 666/666/666 671/671/671
f 675/675/675 667/667/667 676/676/676
f 677/677/677 669/669/669 678/678/678
f 684/684/684 673/673/673 685/685/685
f 685/685/685 674/674/674 686/686/686
f 693/693/693 681/681/681 694/694/694
f 694/694/694 682/682/682 695/695/695
f 705/705/705 691/691/691 706/706/706
f 709/709/709 701/701/701 710/710/710
f 739/739/739 732/732/732 740/740/740
f 740/740/740 733/733/733 741/741/741
f 749/749/749 747/747/747 748/748/748
f 757/757/757 755/755/755 756/756/756
f 772/772/772 762/762/762 773/773/773
f 774/774/774 764/764/764 775/775/775
f 777/777/777 768/768/768 776/776/776
f 783/783/783 769/769/769 784/784/784
f 784/784/784 770/770/770 785/785/785
f 794/794/794 780/780/780 795/795/795
f 799/799/799 790/790/790 800/800/800
f 841/841/841 839/839/839 840/840/840
f 845/845/845 843/843/843 844/844/844
f 859/859/859 847/847/847 860/860/860
f 862/862/862 850/850/850 863/863/863
f 873/873/873 855/855/855 874/874/874
f 876/876/876 868/868/868 875/875/875
f 879/879/879 869/869/869 880/880/880
f 911/911/911 909/909/909 912/912/912
f 913/913/913 911/911/911 914/914/914
f 919/919/919 917/917/917 918/918/918
f 923/923/923 921/921/921 922/922/922
f 927/927/927 925/925/925 926/926/926
f 930/930/930 928/928/928 929/929/929
f 933/933/933 931/931/931 932/932/932
f 945/945/945 935/935/935 944/944/944
f 954/954/954 936/936/936 955/955/955
f 955/955/955 937/937/937 956/956/956
f 958/958/958 949/949/949 957/957/957
f 996/996/996 994/994/994 995/995/995
f 998/998/998 996/996/996 997/997/997
f 1000/1000/1000 998/998/998 999/999/999
f 1004/1004/1004 1002/1002/1002 1003/1003/1003
f 1007/1007/1007 1005/1005/1005 1006/1006/1006
f 1009/1009/1009 1007/1007/1007 1008/1008/1008
f 1012/1012/1012 1010/1010/1010 1011/1011/1011
f 1017/1017/1017 1015/1015/1015 1016/1016/1016
f 1027/1027/1027 1019/1019/1019 1026/1026/1026
f 1037/1037/1037 1020/1020/1020 1038/1038/1038
f 1039/1039/1039 1022/1022/1022 1040/1040/1040
f 1044/1044/1044 1031/1031/1031 1045/1045/1045
f 1082/1082/1082 1080/1080/1080 1081/1081/1081
f 1084/1084/1084 1082/1082/1082 1083/1083/1083
f 1087/1087/1087 1085/1085/1085 1086/1086/1086
f 1091/1091/1091 1089/1089/1089 1090/1090/1090
f 1095/1095/1095 1093/1093/1093 1094/1094/1094
f 1099/1099/1099 1097/1097/1097 1098/1098/1098
f 1106/1106/1106 1101/1101/1101 1105/1105/1105
f 1118/1118/1118 1102/1102/1102 1119/1119/1119
f 1119/1119/1119 1103/1103/1103 1120/1120/1120
f 1122/1122/1122 1109/1109/1109 1121/1121/1121
f 1158/1158/1158 1156/1156/1156 1157/1157/1157
f 1162/1162/1162 1160/1160/1160 1161/1161/1161
f 1166/1166/1166 1164/1164/1164 1165/1165/1165
f 1170/1170/1170 1168/1168/1168 1169/1169/1169
f 1174/1174/1174 1172/1172/1172 1173/1173/1173
f 1184/1184/1184 1181/1181/1181 1183/1183/1183
f 1185/1185/1185 1182/1182/1182 1184/1184/1184
f 1200/1200/1200 1187/1187/1187 1199/1199/1199
f 1239/1239/1239 1237/1237/1237 1238/1238/1238
f 1243/1243/1243 1241/1241/1241 1242/1242/1242
f 1246/1246/1246 1244/1244/1244 1245/1245/1245
f 1248/1248/1248 1246/1246/1246 1247/1247/1247
f 1251/1251/1251 1249/1249/1249 1250/1250/1250
f 1254/1254/1254 1251/1251/1251 1253/1253/1253
f 1255/1255/1255 1252/1252/1252 1254/1254/1254
f 1259/1259/1259 1256/1256/1256 1258/1258/1258
f 1260/1260/1260 1257/1257/1257 1259/1259/1259
f 1265/1265/1265 1263/1263/1263 1264/1264/1264
f 1315/1315/1315 1313/1313/1313 1314/1314/1314
f 1317/1317/1317 1315/1315/1315 1316/1316/1316
f 1321/1321/1321 1319/1319/1319 1320/1320/1320
f 1324/1324/1324 1322/1322/1322 1323/1323/1323
f 1328/1328/1328 1326/1326/1326 1327/1327/1327
f 1336/1336/1336 1334/1334/1334 1335/1335/1335
f 1354/1354/1354 1341/1341/1341 1353/1353/1353
f 1391/1391/1391 1389/1389/1389 1390/1390/1390
f 1393/1393/1393 1391/1391/1391 1392/1392/1392
f 1396/1396/1396 1394/1394/1394 1395/1395/1395
f 1400/1400/1400 1398/1398/1398 1399/1399/1399
f 1404/1404/1404 1402/1402/1402 1403/1403/1403
f 1407/1407/1407 1405/1405/1405 1406/1406/1406
f 1415/1415/1415 1413/1413/1413 1414/1414/1414
f 1455/1455/1455 1450/1450/1450 1454/1454/1454
f 1469/1469/1469 1467/1467/1467 1468/1468/1468
f 1473/1473/1473 1471/1471/1471 1472/1472/1472
f 1477/1477/1477 1475/1475/1475 1476/1476/1476
f 1480/1480/1480 1478/1478/1478 1479/1479/1479
f 1483/1483/1483 1481/1481/1481 1482/1482/1482
f 1487/1487/1487 1485/1485/1485 1486/1486/1486
f 1493/1493/1493 1490/1490/1490 1492/1492/1492
f 1494/1494/1494 1491/1491/1491 1493/1493/1493
f 1538/1538/1538 1536/1536/1536 1537/1537/1537
f 1542/1542/1542 1540/1540/1540 1541/1541/1541
f 1545/1545/1545 1543/1543/1543 1544/1544/1544
f 1547/1547/1547 1545/1545/1545 1546/1546/1546
f 1550/1550/1550 1548/1548/1548 1549/1549/1549
f 1553/1553/1553 1551/1551/1551 1552/1552/1552
f 1556/1556/1556 1554/1554/1554 1555/1555/1555
f 1561/1561/1561 1558/1558/1558 1560/1560/1560
f 1562/1562/1562 1559/1559/1559 1561/1561/1561
f 1568/1568/1568 1565/1565/1565 1567/1567/1567
f 1569/1569/1569 1566/1566/1566 1568/1568/1568
f 1611/1611/1611 1609/1609/1609 1610/1610/1610
f 1613/1613/1613 1611/1611/1611 1612/1612/1612
f 1616/1616/1616 1614/1614/1614 1615/1615/1615
f 1620/1620/1620 1618/1618/1618 1619/1619/1619
f 1631/1631/1631 1629/1629/1629 1630/1630/1630
f 1638/1638/1638 1635/1635/1635 1637/1637/1637
f 1639/1639/1639 1636/1636/1636 1638/1638/1638
f 1680/1680/1680 1678/1678/1678 1679/1679/1679
f 1683/1683/1683 1681/1681/1681 1682/1682/1682
f 1685/1685/1685 1683/1683/1683 1684/1684/1684
f 1688/1688/1688 1686/1686/1686 1687/1687/1687
f 1690/1690/1690 1688/1688/1688 1689/1689/1689
f 1693/1693/1693 1691/1691/1691 1692/1692/1692
f 1697/1697/1697 1694/1694/1694 1696/1696/1696
f 1698/1698/1698 1695/1695/1695 1697/1697/1697
f 1705/1705/1705 1701/1701/1701 1704/1704/1704
f 1707/1707/1707 1703/1703/1703 1706/1706/1706
f 1717/1717/1717 1710/1710/1710 1716/1716/1716
f 1722/1722/1722 1715/1715/1715 1721/1721/1721
f 1754/1754/1754 1752/1752/1752 1753/1753/1753
f 1757/1757/1757 1755/1755/1755 1756/1756/1756
f 1760/1760/1760 1758/1758/1758 1759/1759/1759
f 1762/1762/1762 1760/1760/1760 1761/1761/1761
f 1767/1767/1767 1764/1764/1764 1766/1766/1766
f 1768/1768/1768 1765/1765/1765 1767/1767/1767
f 1770/1770/1770 1768/1768/1768 1769/1769/1769
f 1781/1781/1781 1778/1778/1778 1780/1780/1780
f 1782/1782/1782 1779/1779/1779 1781/1781/1781
f 1807/1807/1807 1791/1791/1791 1806/1806/1806
f 1808/1808/1808 1792/1792/1792 1807/1807/1807
f 1825/1825/1825 1822/1822/1822 1824/1824/1824
f 1827/1827/1827 1824/1824/1824 1826/1826/1826
f 1830/1830/1830 1828/1828/1828 1829/1829/1829
f 1833/1833/1833 1831/1831/1831 1832/1832/1832
f 1835/1835/1835 1833/1833/1833 1834/1834/1834
f 1838/1838/1838 1835/1835/1835 1837/1837/1837
f 1839/1839/1839 1836/1836/1836 1838/1838/1838
f 1843/1843/1843 1840/1840/1840 1842/1842/1842
f 1844/1844/1844 1841/1841/1841 1843/1843/1843
f 1849/1849/1849 1843/1843/1843 1848/1848/1848
f 1851/1851/1851 1845/1845/1845 1850/1850/1850
f 1852/1852/1852 1846/1846/1846 1851/1851/1851
f 1853/1853/1853 1847/1847/1847 1852/1852/1852
f 1857/1857/1857 1850/1850/1850 1856/1856/1856
f 1858/1858/1858 1851/1851/1851 1857/1857/1857
f 1859/1859/1859 1852/1852/1852 1858/1858/1858
f 1861/1861/1861 1854/1854/1854 1860/1860/1860
f 1862/1862/1862 1855/1855/1855 1861/1861/1861
f 1868/1868/1868 1864/1864/1864 1867/1867/1867
f 1870/1870/1870 1866/1866/1866 1869/1869/1869
f 1890/1890/1890 1876/1876/1876 1889/1889/1889
f 1891/1891/1891 1877/1877/1877 1890/1890/1890
f 1892/1892/1892 1878/1878/1878 1891/1891/1891
f 1915/1915/1915 1913/1913/1913 1914/1914/1914
f 1918/1918/1918 1916/1916/1916 1917/1917/1917
f 1920/1920/1920 1918/1918/1918 1919/1919/1919
f 1927/1927/1927 1921/1921/1921 1926/1926/1926
f 1928/1928/1928 1922/1922/1922 1927/1927/1927
f 1931/1931/1931 1925/1925/1925 1930/1930/1930
f 1934/1934/1934 1929/1929/1929 1933/1933/1933
f 1935/1935/1935 1930/1930/1930 1934/1934/1934
f 1936/1936/1936 1931/1931/1931 1935/1935/1935
f 1937/1937/1937 1932/1932/1932 1936/1936/1936
f 1940/1940/1940 1937/1937/1937 1939/1939/1939
f 1941/1941/1941 1938/1938/1938 1940/1940/1940
f 1946/1946/1946 1942/1942/1942 1945/1945/1945
f 1948/1948/1948 1944/1944/1944 1947/1947/1947
f 1954/1954/1954 1950/1950/1950 1953/1953/1953
f 1956/1956/1956 1952/1952/1952 1955/1955/1955
f 1969/1969/1969 1959/1959/1959 1968/1968/1968
f 1970/1970/1970 1960/1960/1960 1969/1969/1969
f 1971/1971/1971 1961/1961/1961 1970/1970/1970
f 1978/1978/1978 1964/1964/1964 1977/1977/1977
f 1984/1984/1984 1974/1974/1974 1983/1983/1983
f 1987/1987/1987 1977/1977/1977 1986/1986/1986
f 1993/1993/1993 1984/1984/1984 1992/1992/1992
f 1994/1994/1994 1985/1985/1985 1993/1993/1993
f 2005/2005/2005 2003/2003/2003 2004/2004/2004
f 2017/2017/2017 2010/2010/2010 2016/2016/2016
f 2018/2018/2018 2011/2011/2011 2017/2017/2017
f 2021/2021/2021 2013/2013/2013 2020/2020/2020
f 2022/2022/2022 2014/2014/2014 2021/2021/2021
f 2023/2023/2023 2015/2015/2015 2022/2022/2022
f 2024/2024/2024 2016/2016/2016 2023/2023/2023
f 2025/2025/2025 2017/2017/2017 2024/2024/2024
f 2027/2027/2027 2019/2019/2019 2026/2026/2026
f 2030/2030/2030 2026/2026/2026 2029/2029/2029
f 2032/2032/2032 2028/2028/2028 2031/2031/2031
f 2035/2035/2035 2031/2031/2031 2034/2034/2034
f 2037/2037/2037 2033/2033/2033 2036/2036/2036
f 2040/2040/2040 2036/2036/2036 2039/2039/2039
f 2041/2041/2041 2037/2037/2037 2040/2040/2040
f 2042/2042/2042 2038/2038/2038 2041/2041/2041
f 2048/2048/2048 2043/2043/2043 2047/2047/2047
f 2049/2049/2049 2044/2044/2044 2048/2048/2048
f 2051/2051/2051 2046/2046/2046 2050/2050/2050
f 2062/2062/2062 2054/2054/2054 2061/2061/2061
f 2063/2063/2063 2055/2055/2055 2062/2062/2062
f 2064/2064/2064 2056/2056/2056 2063/2063/2063
f 2065/2065/2065 2057/2057/2057 2064/2064/2064
f 2070/2070/2070 2061/2061/2061 2069/2069/2069
f 2071/2071/2071 2062/2062/2062 2070/2070/2070
f 2074/2074/2074 2065/2065/2065 2073/2073/2073
f 2082/2082/2082 2068/2068/2068 2081/2081/2081
f 2083/2083/2083 2069/2069/2069 2082/2082/2082
f 2090/2090/2090 2078/2078/2078 2089/2089/2089
f 2093/2093/2093 2081/2081/2081 2092/2092/2092
f 2094/2094/2094 2082/2082/2082 2093/2093/2093
f 2099/2099/2099 2089/2089/2089 2098/2098/2098
f 2101/2101/2101 2091/2091/2091 2100/2100/2100
f 2102/2102/2102 2092/2092/2092 2101/2101/2101
f 2103/2103/2103 2093/2093/2093 2102/2102/2102
f 2104/2104/2104 2094/2094/2094 2103/2103/2103
f 2108/2108/2108 2098/2098/2098 2107/2107/2107
f 2110/2110/2110 2100/2100/2100 2109/2109/2109
f 2116/2116/2116 2107/2107/2107 2115/2115/2115
f 2120/2120/2120 2111/2111/2111 2119/2119/2119
f 2121/2121/2121 2112/2112/2112 2120/2120/2120
f 2128/2128/2128 2122/2122/2122 2127/2127/2127
f 2130/2130/2130 2124/2124/2124 2129/2129/2129
f 2133/2133/2133 2129/2129/2129 2132/2132/2132
f 2135/2135/2135 2131/2131/2131 2134/2134/2134
f 2138/2138/2138 2134/2134/2134 2137/2137/2137
f 2140/2140/2140 2136/2136/2136 2139/2139/2139
f 2145/2145/2145 2139/2139/2139 2144/2144/2144
f 2147/2147/2147 2141/2141/2141 2146/2146/2146
f 2148/2148/2148 2142/2142/2142 2147/2147/2147
f 2149/2149/2149 2143/2143/2143 2148/2148/2148
f 2151/2151/2151 2146/2146/2146 2150/2150/2150
f 2154/2154/2154 2149/2149/2149 2153/2153/2153
f 2164/2164/2164 2158/2158/2158 2163/2163/2163
f 2168/2168/2168 2162/2162/2162 2167/2167/2167
f 2169/2169/2169 2163/2163/2163 2168/2168/2168
f 2170/2170/2170 2164/2164/2164 2169/2169/2169
f 2174/2174/2174 2167/2167/2167 2173/2173/2173
f 2175/2175/2175 2168/2168/2168 2174/2174/2174
f 2176/2176/2176 2169/2169/2169 2175/2175/2175
f 2177/2177/2177 2170/2170/2170 2176/2176/2176
f 2181/2181/2181 2174/2174/2174 2180/2180/2180
f 2182/2182/2182 2175/2175/2175 2181/2181/2181
f 2183/2183/2183 2176/2176/2176 2182/2182/2182
f 2184/2184/2184 2177/2177/2177 2183/2183/2183
f 2186/2186/2186 2179/2179/2179 2185/2185/2185
f 2187/2187/2187 2180/2180/2180 2186/2186/2186
f 2191/2191/2191 2184/2184/2184 2190/2190/2190
f 2193/2193/2193 2187/2187/2187 2192/2192/2192
f 2194/2194/2194 2188/2188/2188 2193/2193/2193
f 2197/2197/2197 2191/2191/2191 2196/2196/2196
f 2199/2199/2199 2194/2194/2194 2198/2198/2198
f 2200/2200/2200 2195/2195/2195 2199/2199/2199
f 2202/2202/2202 2197/2197/2197 2201/2201/2201
f 2204/2204/2204 2200/2200/2200 2203/2203/2203
f 2205/2205/2205 2201/2201/2201 2204/2204/2204
f 2206/2206/2206 2202/2202/2202 2205/2205/2205
f 74/74/74 2/2/2 73/73/73
f 75/75/75 3/3/3 74/74/74
f 76/76/76 4/4/4 75/75/75
f 77/77/77 5/5/5 76/76/76
f 78/78/78 6/6/6 77/77/77
f 79/79/79 7/7/7 78/78/78
f 80/80/80 8/8/8 79/79/79
f 81/81/81 9/9/9 80/80/80
f 82/82/82 10/10/10 81/81/81
f 83/83/83 11/11/11 82/82/82
f 84/84/84 12/12/12 83/83/83
f 85/85/85 13/13/13 84/84/84
f 86/86/86 14/14/14 85/85/85
f 87/87/87 15/15/15 86/86/86
f 88/88/88 16/16/16 87/87/87
f 89/89/89 17/17/17 88/88/88
f 91/91/91 19/19/19 90/90/90
f 93/93/93 21/21/21 92/92/92
f 97/97/97 25/25/25 96/96/96
f 99/99/99 27/27/27 98/98/98
f 114/114/114 42/42/42 115/115/115
f 116/116/116 44/44/44 117/117/117
f 120/120/120 48/48/48 121/121/121
f 122/122/122 50/50/50 123/123/123
f 124/124/124 52/52/52 125/125/125
f 126/126/126 54/54/54 127/127/127
f 128/128/128 56/56/56 129/129/129
f 129/129/129 57/57/57 130/130/130
f 130/130/130 58/58/58 131/131/131
f 132/132/132 60/60/60 133/133/133
f 133/133/133 61/61/61 134/134/134
f 134/134/134 62/62/62 135/135/135
f 136/136/136 64/64/64 137/137/137
f 137/137/137 65/65/65 138/138/138
f 138/138/138 66/66/66 139/139/139
f 139/139/139 67/67/67 140/140/140
f 140/140/140 68/68/68 141/141/141
f 141/141/141 69/69/69 142/142/142
f 142/142/142 70/70/70 143/143/143
f 143/143/143 71/71/71 144/144/144
f 146/146/146 74/74/74 145/145/145
f 161/161/161 89/89/89 160/160/160
f 172/172/172 99/99/99 171/171/171
f 187/187/187 114/114/114 188/188/188
f 189/189/189 116/116/116 190/190/190
f 193/193/193 120/120/120 194/194/194
f 195/195/195 122/122/122 196/196/196
f 202/202/202 129/129/129 203/203/203
f 206/206/206 133/133/133 207/207/207
f 210/210/210 137/137/137 211/211/211
f 211/211/211 138/138/138 212/212/212
f 212/212/212 139/139/139 213/213/213
f 213/213/213 140/140/140 214/214/214
f 214/214/214 141/141/141 215/215/215
f 215/215/215 142/142/142 216/216/216
f 220/220/220 146/146/146 219/219/219
f 228/228/228 154/154/154 227/227/227
f 235/235/235 161/161/161 234/234/234
f 240/240/240 165/165/165 239/239/239
f 244/244/244 168/168/168 243/243/243
f 246/246/246 170/170/170 245/245/245
f 280/280/280 193/193/193 281/281/281
f 292/292/292 202/202/202 293/293/293
f 299/299/299 210/210/210 300/300/300
f 300/300/300 211/211/211 301/301/301
f 302/302/302 213/213/213 303/303/303
f 303/303/303 214/214/214 304/304/304
f 304/304/304 215/215/215 305/305/305
f 305/305/305 216/216/216 306/306/306
f 309/309/309 220/220/220 308/308/308
f 317/317/317 228/228/228 316/316/316
f 318/318/318 229/229/229 317/317/317
f 325/325/325 236/236/236 324/324/324
f 327/327/327 238/238/238 326/326/326
f 330/330/330 241/241/241 329/329/329
f 337/337/337 248/248/248 336/336/336
f 339/339/339 250/250/250 338/338/338
f 375/375/375 285/285/285 376/376/376
f 389/389/389 299/299/299 390/390/390
f 390/390/390 300/300/300 391/391/391
f 392/392/392 302/302/302 393/393/393
f 393/393/393 303/303/303 394/394/394
f 394/394/394 304/304/304 395/395/395
f 395/395/395 305/305/305 396/396/396
f 399/399/399 310/310/310 398/398/398
f 406/406/406 317/317/317 405/405/405
f 407/407/407 318/318/318 406/406/406
f 414/414/414 325/325/325 413/413/413
f 417/417/417 328/328/328 416/416/416
f 419/419/419 330/330/330 418/418/418
f 422/422/422 332/332/332 421/421/421
f 424/424/424 334/334/334 423/423/423
f 432/432/432 341/341/341 431/431/431
f 435/435/435 343/343/343 434/434/434
f 472/472/472 376/376/376 473/473/473
f 481/481/481 385/385/385 482/482/482
f 485/485/485 389/389/389 486/486/486
f 486/486/486 390/390/390 487/487/487
f 487/487/487 391/391/391 488/488/488
f 488/488/488 392/392/392 489/489/489
f 489/489/489 393/393/393 490/490/490
f 490/490/490 394/394/394 491/491/491
f 491/491/491 395/395/395 492/492/492
f 496/496/496 399/399/399 495/495/495
f 500/500/500 403/403/403 499/499/499
f 501/501/501 404/404/404 500/500/500
f 502/502/502 405/405/405 501/501/501
f 503/503/503 406/406/406 502/502/502
f 504/504/504 407/407/407 503/503/503
f 512/512/512 415/415/415 511/511/511
f 515/515/515 417/417/417 514/514/514
f 517/517/517 420/420/420 516/516/516
f 521/521/521 422/422/422 520/520/520
f 523/523/523 425/425/425 522/522/522
f 529/529/529 429/429/429 528/528/528
f 588/588/588 474/474/474 589/589/589
f 600/600/600 485/485/485 601/601/601
f 601/601/601 486/486/486 602/602/602
f 602/602/602 487/487/487 603/603/603
f 604/604/604 489/489/489 605/605/605
f 605/605/605 490/490/490 606/606/606
f 606/606/606 491/491/491 607/607/607
f 607/607/607 492/492/492 608/608/608
f 613/613/613 496/496/496 612/612/612
f 617/617/617 500/500/500 616/616/616
f 618/618/618 501/501/501 617/617/617
f 619/619/619 502/502/502 618/618/618
f 621/621/621 504/504/504 620/620/620
f 630/630/630 513/513/513 629/629/629
f 636/636/636 518/518/518 635/635/635
f 637/637/637 519/519/519 636/636/636
f 643/643/643 525/525/525 642/642/642
f 647/647/647 527/527/527 646/646/646
f 649/649/649 531/531/531 648/648/648
f 650/650/650 532/532/532 649/649/649
f 662/662/662 572/572/572 663/663/663
f 663/663/663 573/573/573 664/664/664
f 688/688/688 593/593/593 689/689/689
f 697/697/697 601/601/601 698/698/698
f 699/699/699 603/603/603 700/700/700
f 702/702/702 606/606/606 703/703/703
f 703/703/703 607/607/607 704/704/704
f 708/708/708 610/610/610 709/709/709
f 712/712/712 613/613/613 711/711/711
f 719/719/719 620/620/620 718/718/718
f 720/720/720 621/621/621 719/719/719
f 721/721/721 622/622/622 720/720/720
f 730/730/730 631/631/631 729/729/729
f 731/731/731 632/632/632 730/730/730
f 736/736/736 634/634/634 735/735/735
f 739/739/739 638/638/638 738/738/738
f 741/741/741 640/640/640 740/740/740
f 745/745/745 647/647/647 744/744/744
f 763/763/763 676/676/676 764/764/764
f 764/764/764 677/677/677 765/765/765
f 777/777/777 688/688/688 778/778/778
f 781/781/781 693/693/693 782/782/782
f 787/787/787 697/697/697 788/788/788
f 788/788/788 698/698/698 789/789/789
f 791/791/791 703/703/703 792/792/792
f 792/792/792 704/704/704 793/793/793
f 796/796/796 707/707/707 797/797/797
f 797/797/797 708/708/708 798/798/798
f 802/802/802 713/713/713 801/801/801
f 808/808/808 719/719/719 807/807/807
f 809/809/809 720/720/720 808/808/808
f 810/810/810 721/721/721 809/809/809
f 821/821/821 732/732/732 820/820/820
f 822/822/822 733/733/733 821/821/821
f 823/823/823 734/734/734 822/822/822
f 825/825/825 737/737/737 824/824/824
f 827/827/827 743/743/743 826/826/826
f 832/832/832 751/751/751 831/831/831
f 850/850/850 774/774/774 851/851/851
f 856/856/856 782/782/782 857/857/857
f 865/865/865 787/787/787 866/866/866
f 870/870/870 792/792/792 871/871/871
f 871/871/871 793/793/793 872/872/872
f 882/882/882 802/802/802 881/881/881
f 889/889/889 809/809/809 888/888/888
f 890/890/890 810/810/810 889/889/889
f 893/893/893 813/813/813 892/892/892
f 903/903/903 823/823/823 902/902/902
f 905/905/905 825/825/825 904/904/904
f 933/933/933 853/853/853 934/934/934
f 938/938/938 858/858/858 939/939/939
f 942/942/942 862/862/862 943/943/943
f 945/945/945 865/865/865 946/946/946
f 946/946/946 866/866/866 947/947/947
f 951/951/951 871/871/871 952/952/952
f 952/952/952 872/872/872 953/953/953
f 958/958/958 877/877/877 959/959/959
f 963/963/963 882/882/882 962/962/962
f 972/972/972 891/891/891 971/971/971
f 973/973/973 892/892/892 972/972/972
f 974/974/974 893/893/893 973/973/973
f 984/984/984 903/903/903 983/983/983
f 986/986/986 905/905/905 985/985/985
f 992/992/992 910/910/910 991/991/991
f 1023/1023/1023 941/941/941 1024/1024/1024
f 1024/1024/1024 942/942/942 1025/1025/1025
f 1027/1027/1027 946/946/946 1028/1028/1028
f 1028/1028/1028 947/947/947 1029/1029/1029
f 1032/1032/1032 951/951/951 1033/1033/1033
f 1033/1033/1033 952/952/952 1034/1034/1034
f 1034/1034/1034 953/953/953 1035/1035/1035
f 1042/1042/1042 959/959/959 1043/1043/1043
f 1047/1047/1047 964/964/964 1046/1046/1046
f 1055/1055/1055 972/972/972 1054/1054/1054
f 1056/1056/1056 973/973/973 1055/1055/1055
f 1057/1057/1057 974/974/974 1056/1056/1056
f 1058/1058/1058 975/975/975 1057/1057/1057
f 1067/1067/1067 984/984/984 1066/1066/1066
f 1069/1069/1069 986/986/986 1068/1068/1068
f 1070/1070/1070 987/987/987 1069/1069/1069
f 1072/1072/1072 989/989/989 1071/1071/1071
f 1103/1103/1103 1024/1024/1024 1104/1104/1104
f 1106/1106/1106 1028/1028/1028 1107/1107/1107
f 1111/1111/1111 1033/1033/1033 1112/1112/1112
f 1112/1112/1112 1034/1034/1034 1113/1113/1113
f 1113/1113/1113 1035/1035/1035 1114/1114/1114
f 1114/1114/1114 1036/1036/1036 1115/1115/1115
f 1123/1123/1123 1043/1043/1043 1124/1124/1124
f 1127/1127/1127 1047/1047/1047 1126/1126/1126
f 1135/1135/1135 1055/1055/1055 1134/1134/1134
f 1136/1136/1136 1056/1056/1056 1135/1135/1135
f 1138/1138/1138 1058/1058/1058 1137/1137/1137
f 1139/1139/1139 1059/1059/1059 1138/1138/1138
f 1147/1147/1147 1067/1067/1067 1146/1146/1146
f 1149/1149/1149 1070/1070/1070 1148/1148/1148
f 1152/1152/1152 1073/1073/1073 1151/1151/1151
f 1154/1154/1154 1075/1075/1075 1153/1153/1153
f 1178/1178/1178 1099/1099/1099 1179/1179/1179
f 1184/1184/1184 1107/1107/1107 1185/1185/1185
f 1189/1189/1189 1111/1111/1111 1190/1190/1190
f 1190/1190/1190 1112/1112/1112 1191/1191/1191
f 1191/1191/1191 1113/1113/1113 1192/1192/1192
f 1192/1192/1192 1114/1114/1114 1193/1193/1193
f 1193/1193/1193 1115/1115/1115 1194/1194/1194
f 1194/1194/1194 1116/1116/1116 1195/1195/1195
f 1195/1195/1195 1117/1117/1117 1196/1196/1196
f 1197/1197/1197 1119/1119/1119 1198/1198/1198
f 1200/1200/1200 1123/1123/1123 1201/1201/1201
f 1204/1204/1204 1128/1128/1128 1203/1203/1203
f 1212/1212/1212 1136/1136/1136 1211/1211/1211
f 1214/1214/1214 1138/1138/1138 1213/1213/1213
f 1215/1215/1215 1139/1139/1139 1214/1214/1214
f 1216/1216/1216 1140/1140/1140 1215/1215/1215
f 1217/1217/1217 1141/1141/1141 1216/1216/1216
f 1223/1223/1223 1147/1147/1147 1222/1222/1222
f 1225/1225/1225 1149/1149/1149 1224/1224/1224
f 1226/1226/1226 1150/1150/1150 1225/1225/1225
f 1228/1228/1228 1152/1152/1152 1227/1227/1227
f 1259/1259/1259 1179/1179/1179 1260/1260/1260
f 1260/1260/1260 1180/1180/1180 1261/1261/1261
f 1268/1268/1268 1189/1189/1189 1269/1269/1269
f 1270/1270/1270 1191/1191/1191 1271/1271/1271
f 1271/1271/1271 1192/1192/1192 1272/1272/1272
f 1272/1272/1272 1193/1193/1193 1273/1273/1273
f 1273/1273/1273 1194/1194/1194 1274/1274/1274
f 1274/1274/1274 1195/1195/1195 1275/1275/1275
f 1275/1275/1275 1196/1196/1196 1276/1276/1276
f 1276/1276/1276 1197/1197/1197 1277/1277/1277
f 1282/1282/1282 1204/1204/1204 1281/1281/1281
f 1292/1292/1292 1214/1214/1214 1291/1291/1291
f 1293/1293/1293 1215/1215/1215 1292/1292/1292
f 1294/1294/1294 1216/1216/1216 1293/1293/1293
f 1295/1295/1295 1217/1217/1217 1294/1294/1294
f 1296/1296/1296 1218/1218/1218 1295/1295/1295
f 1301/1301/1301 1223/1223/1223 1300/1300/1300
f 1303/1303/1303 1226/1226/1226 1302/1302/1302
f 1306/1306/1306 1229/1229/1229 1305/1305/1305
f 1310/1310/1310 1233/1233/1233 1309/1309/1309
f 1336/1336/1336 1261/1261/1261 1337/1337/1337
f 1342/1342/1342 1267/1267/1267 1343/1343/1343
f 1345/1345/1345 1270/1270/1270 1346/1346/1346
f 1346/1346/1346 1271/1271/1271 1347/1347/1347
f 1347/1347/1347 1272/1272/1272 1348/1348/1348
f 1348/1348/1348 1273/1273/1273 1349/1349/1349
f 1349/1349/1349 1274/1274/1274 1350/1350/1350
f 1350/1350/1350 1275/1275/1275 1351/1351/1351
f 1351/1351/1351 1276/1276/1276 1352/1352/1352
f 1354/1354/1354 1279/1279/1279 1355/1355/1355
f 1357/1357/1357 1283/1283/1283 1356/1356/1356
f 1366/1366/1366 1292/1292/1292 1365/1365/1365
f 1367/1367/1367 1293/1293/1293 1366/1366/1366
f 1368/1368/1368 1294/1294/1294 1367/1367/1367
f 1369/1369/1369 1295/1295/1295 1368/1368/1368
f 1370/1370/1370 1296/1296/1296 1369/1369/1369
f 1371/1371/1371 1297/1297/1297 1370/1370/1370
f 1372/1372/1372 1298/1298/1298 1371/1371/1371
f 1375/1375/1375 1301/1301/1301 1374/1374/1374
f 1377/1377/1377 1303/1303/1303 1376/1376/1376
f 1378/1378/1378 1304/1304/1304 1377/1377/1377
f 1385/1385/1385 1311/1311/1311 1384/1384/1384
f 1407/1407/1407 1332/1332/1332 1408/1408/1408
f 1417/1417/1417 1342/1342/1342 1418/1418/1418
f 1418/1418/1418 1343/1343/1343 1419/1419/1419
f 1419/1419/1419 1344/1344/1344 1420/1420/1420
f 1420/1420/1420 1345/1345/1345 1421/1421/1421
f 1421/1421/1421 1346/1346/1346 1422/1422/1422
f 1422/1422/1422 1347/1347/1347 1423/1423/1423
f 1423/1423/1423 1348/1348/1348 1424/1424/1424
f 1424/1424/1424 1349/1349/1349 1425/1425/1425
f 1425/1425/1425 1350/1350/1350 1426/1426/1426
f 1426/1426/1426 1351/1351/1351 1427/1427/1427
f 1431/1431/1431 1358/1358/1358 1430/1430/1430
f 1432/1432/1432 1359/1359/1359 1431/1431/1431
f 1438/1438/1438 1365/1365/1365 1437/1437/1437
f 1439/1439/1439 1366/1366/1366 1438/1438/1438
f 1440/1440/1440 1367/1367/1367 1439/1439/1439
f 1441/1441/1441 1368/1368/1368 1440/1440/1440
f 1442/1442/1442 1369/1369/1369 1441/1441/1441
f 1443/1443/1443 1370/1370/1370 1442/1442/1442
f 1444/1444/1444 1371/1371/1371 1443/1443/1443
f 1448/1448/1448 1375/1375/1375 1447/1447/1447
f 1450/1450/1450 1378/1378/1378 1449/1449/1449
f 1451/1451/1451 1379/1379/1379 1450/1450/1450
f 1458/1458/1458 1383/1383/1383 1457/1457/1457
f 1487/1487/1487 1411/1411/1411 1488/1488/1488
f 1494/1494/1494 1417/1417/1417 1495/1495/1495
f 1495/1495/1495 1418/1418/1418 1496/1496/1496
f 1496/1496/1496 1419/1419/1419 1497/1497/1497
f 1497/1497/1497 1420/1420/1420 1498/1498/1498
f 1498/1498/1498 1421/1421/1421 1499/1499/1499
f 1499/1499/1499 1422/1422/1422 1500/1500/1500
f 1502/1502/1502 1425/1425/1425 1503/1503/1503
f 1503/1503/1503 1426/1426/1426 1504/1504/1504
f 1506/1506/1506 1433/1433/1433 1505/1505/1505
f 1511/1511/1511 1438/1438/1438 1510/1510/1510
f 1512/1512/1512 1439/1439/1439 1511/1511/1511
f 1514/1514/1514 1441/1441/1441 1513/1513/1513
f 1515/1515/1515 1442/1442/1442 1514/1514/1514
f 1521/1521/1521 1448/1448/1448 1520/1520/1520
f 1523/1523/1523 1452/1452/1452 1522/1522/1522
f 1524/1524/1524 1453/1453/1453 1523/1523/1523
f 1527/1527/1527 1456/1456/1456 1526/1526/1526
f 1532/1532/1532 1462/1462/1462 1531/1531/1531
f 1534/1534/1534 1464/1464/1464 1533/1533/1533
f 1569/1569/1569 1496/1496/1496 1570/1570/1570
f 1570/1570/1570 1497/1497/1497 1571/1571/1571
f 1571/1571/1571 1498/1498/1498 1572/1572/1572
f 1572/1572/1572 1499/1499/1499 1573/1573/1573
f 1573/1573/1573 1500/1500/1500 1574/1574/1574
f 1574/1574/1574 1501/1501/1501 1575/1575/1575
f 1575/1575/1575 1502/1502/1502 1576/1576/1576
f 1576/1576/1576 1503/1503/1503 1577/1577/1577
f 1579/1579/1579 1507/1507/1507 1578/1578/1578
f 1593/1593/1593 1521/1521/1521 1592/1592/1592
f 1595/1595/1595 1524/1524/1524 1594/1594/1594
f 1596/1596/1596 1525/1525/1525 1595/1595/1595
f 1599/1599/1599 1528/1528/1528 1598/1598/1598
f 1602/1602/1602 1530/1530/1530 1601/1601/1601
f 1604/1604/1604 1532/1532/1532 1603/1603/1603
f 1625/1625/1625 1556/1556/1556 1626/1626/1626
f 1631/1631/1631 1563/1563/1563 1632/1632/1632
f 1639/1639/1639 1571/1571/1571 1640/1640/1640
f 1640/1640/1640 1572/1572/1572 1641/1641/1641
f 1641/1641/1641 1573/1573/1573 1642/1642/1642
f 1642/1642/1642 1574/1574/1574 1643/1643/1643
f 1643/1643/1643 1575/1575/1575 1644/1644/1644
f 1644/1644/1644 1576/1576/1576 1645/1645/1645
f 1647/1647/1647 1580/1580/1580 1646/1646/1646
f 1660/1660/1660 1593/1593/1593 1659/1659/1659
f 1662/1662/1662 1596/1596/1596 1661/1661/1661
f 1663/1663/1663 1597/1597/1597 1662/1662/1662
f 1666/1666/1666 1599/1599/1599 1665/1665/1665
f 1667/1667/1667 1600/1600/1600 1666/1666/1666
f 1671/1671/1671 1605/1605/1605 1670/1670/1670
f 1673/1673/1673 1607/1607/1607 1672/1672/1672
f 1698/1698/1698 1627/1627/1627 1699/1699/1699
f 1706/1706/1706 1633/1633/1633 1707/1707/1707
f 1707/1707/1707 1634/1634/1634 1708/1708/1708
f 1721/1721/1721 1644/1644/1644 1722/1722/1722
f 1724/1724/1724 1648/1648/1648 1723/1723/1723
f 1736/1736/1736 1660/1660/1660 1735/1735/1735
f 1738/1738/1738 1662/1662/1662 1737/1737/1737
f 1740/1740/1740 1664/1664/1664 1739/1739/1739
f 1742/1742/1742 1667/1667/1667 1741/1741/1741
f 1745/1745/1745 1669/1669/1669 1744/1744/1744
f 1750/1750/1750 1674/1674/1674 1749/1749/1749
f 1781/1781/1781 1708/1708/1708 1782/1782/1782
f 1782/1782/1782 1709/1709/1709 1783/1783/1783
f 1787/1787/1787 1714/1714/1714 1788/1788/1788
f 1790/1790/1790 1724/1724/1724 1789/1789/1789
f 1791/1791/1791 1725/1725/1725 1790/1790/1790
f 1792/1792/1792 1726/1726/1726 1791/1791/1791
f 1793/1793/1793 1727/1727/1727 1792/1792/1792
f 1802/1802/1802 1736/1736/1736 1801/1801/1801
f 1804/1804/1804 1739/1739/1739 1803/1803/1803
f 1805/1805/1805 1740/1740/1740 1804/1804/1804
f 1811/1811/1811 1743/1743/1743 1810/1810/1810
f 1815/1815/1815 1746/1746/1746 1814/1814/1814
f 1818/1818/1818 1748/1748/1748 1817/1817/1817
f 1857/1857/1857 1773/1773/1773 1858/1858/1858
f 1858/1858/1858 1774/1774/1774 1859/1859/1859
f 1859/1859/1859 1775/1775/1775 1860/1860/1860
f 1870/1870/1870 1785/1785/1785 1871/1871/1871
f 1871/1871/1871 1786/1786/1786 1872/1872/1872
f 1872/1872/1872 1787/1787/1787 1873/1873/1873
f 1875/1875/1875 1794/1794/1794 1874/1874/1874
f 1876/1876/1876 1795/1795/1795 1875/1875/1875
f 1877/1877/1877 1796/1796/1796 1876/1876/1876
f 1878/1878/1878 1797/1797/1797 1877/1877/1877
f 1879/1879/1879 1798/1798/1798 1878/1878/1878
f 1883/1883/1883 1802/1802/1802 1882/1882/1882
f 1885/1885/1885 1806/1806/1806 1884/1884/1884
f 1886/1886/1886 1807/1807/1807 1885/1885/1885
f 1887/1887/1887 1808/1808/1808 1886/1886/1886
f 1888/1888/1888 1809/1809/1809 1887/1887/1887
f 1895/1895/1895 1812/1812/1812 1894/1894/1894
f 1896/1896/1896 1813/1813/1813 1895/1895/1895
f 1902/1902/1902 1816/1816/1816 1901/1901/1901
f 1934/1934/1934 1845/1845/1845 1935/1935/1935
f 1955/1955/1955 1872/1872/1872 1956/1956/1956
f 1958/1958/1958 1880/1880/1880 1957/1957/1957
f 1959/1959/1959 1881/1881/1881 1958/1958/1958
f 1960/1960/1960 1882/1882/1882 1959/1959/1959
f 1961/1961/1961 1883/1883/1883 1960/1960/1960
f 1963/1963/1963 1889/1889/1889 1962/1962/1962
f 1965/1965/1965 1891/1891/1891 1964/1964/1964
f 1966/1966/1966 1892/1892/1892 1965/1965/1965
f 1967/1967/1967 1893/1893/1893 1966/1966/1966
f 1973/1973/1973 1897/1897/1897 1972/1972/1972
f 1976/1976/1976 1900/1900/1900 1975/1975/1975
f 1982/1982/1982 1904/1904/1904 1981/1981/1981
f 1990/1990/1990 1907/1907/1907 1989/1989/1989
f 2021/2021/2021 1921/1921/1921 2022/2022/2022
f 2022/2022/2022 1922/1922/1922 2023/2023/2023
f 2023/2023/2023 1923/1923/1923 2024/2024/2024
f 2040/2040/2040 1942/1942/1942 2041/2041/2041
f 2050/2050/2050 1951/1951/1951 2051/2051/2051
f 2053/2053/2053 1967/1967/1967 2052/2052/2052
f 2054/2054/2054 1968/1968/1968 2053/2053/2053
f 2057/2057/2057 1971/1971/1971 2056/2056/2056
f 2059/2059/2059 1979/1979/1979 2058/2058/2058
f 2060/2060/2060 1980/1980/1980 2059/2059/2059
f 2067/2067/2067 1988/1988/1988 2066/2066/2066
f 2076/2076/2076 1992/1992/1992 2075/2075/2075
f 2078/2078/2078 1994/1994/1994 2077/2077/2077
f 2080/2080/2080 1996/1996/1996 2079/2079/2079
f 2087/2087/2087 1999/1999/1999 2086/2086/2086
f 2116/2116/2116 2006/2006/2006 2117/2117/2117
f 2119/2119/2119 2009/2009/2009 2120/2120/2120
f 2151/2151/2151 2043/2043/2043 2152/2152/2152
f 2152/2152/2152 2044/2044/2044 2153/2153/2153
f 2153/2153/2153 2045/2045/2045 2154/2154/2154
f 2156/2156/2156 2072/2072/2072 2155/2155/2155
f 2158/2158/2158 2074/2074/2074 2157/2157/2157
f 2160/2160/2160 2084/2084/2084 2159/2159/2159
f 2161/2161/2161 2085/2085/2085 2160/2160/2160
f 2172/2172/2172 2105/2105/2105 2171/2171/2171
f 2204/2204/2204 2141/2141/2141 2205/2205/2205
f 2205/2205/2205 2142/2142/2142 2206/2206/2206
f 73/73/73 1/1/1 91/91/91
f 92/92/92 20/20/20 89/89/89
f 90/90/90 18/18/18 94/94/94
f 95/95/95 23/23/23 93/93/93
f 94/94/94 22/22/22 97/97/97
f 98/98/98 26/26/26 95/95/95
f 96/96/96 24/24/24 100/100/100
f 101/101/101 29/29/29 99/99/99
f 100/100/100 28/28/28 102/102/102
f 103/103/103 31/31/31 101/101/101
f 102/102/102 30/30/30 104/104/104
f 105/105/105 33/33/33 103/103/103
f 104/104/104 32/32/32 106/106/106
f 107/107/107 35/35/35 105/105/105
f 106/106/106 34/34/34 108/108/108
f 109/109/109 37/37/37 107/107/107
f 108/108/108 36/36/36 110/110/110
f 111/111/111 39/39/39 109/109/109
f 110/110/110 38/38/38 112/112/112
f 113/113/113 41/41/41 111/111/111
f 112/112/112 40/40/40 114/114/114
f 117/117/117 45/45/45 113/113/113
f 115/115/115 43/43/43 118/118/118
f 119/119/119 47/47/47 116/116/116
f 118/118/118 46/46/46 120/120/120
f 123/123/123 51/51/51 119/119/119
f 121/121/121 49/49/49 124/124/124
f 127/127/127 55/55/55 122/122/122
f 125/125/125 53/53/53 128/128/128
f 135/135/135 63/63/63 126/126/126
f 131/131/131 59/59/59 136/136/136
f 144/144/144 72/72/72 132/132/132
f 145/145/145 73/73/73 163/163/163
f 164/164/164 92/92/92 161/161/161
f 162/162/162 90/90/90 166/166/166
f 167/167/167 95/95/95 165/165/165
f 173/173/173 100/100/100 175/175/175
f 176/176/176 103/103/103 174/174/174
f 175/175/175 102/102/102 177/177/177
f 178/178/178 105/105/105 176/176/176
f 177/177/177 104/104/104 179/179/179
f 180/180/180 107/107/107 178/178/178
f 185/185/185 112/112/112 187/187/187
f 190/190/190 117/117/117 186/186/186
f 188/188/188 115/115/115 191/191/191
f 192/192/192 119/119/119 189/189/189
f 217/217/217 144/144/144 205/205/205
f 219/219/219 145/145/145 238/238/238
f 237/237/237 162/162/162 242/242/242
f 249/249/249 173/173/173 253/253/253
f 253/253/253 175/175/175 256/256/256
f 256/256/256 177/177/177 259/259/259
f 263/263/263 182/182/182 260/260/260
f 266/266/266 184/184/184 263/263/263
f 265/265/265 183/183/183 268/268/268
f 268/268/268 185/185/185 272/272/272
f 275/275/275 190/190/190 270/270/270
f 273/273/273 188/188/188 277/277/277
f 278/278/278 192/192/192 274/274/274
f 283/283/283 196/196/196 278/278/278
f 281/281/281 194/194/194 285/285/285
f 289/289/289 200/200/200 282/282/282
f 286/286/286 198/198/198 291/291/291
f 307/307/307 218/218/218 295/295/295
f 331/331/331 242/242/242 335/335/335
f 342/342/342 253/253/253 346/346/346
f 346/346/346 256/256/256 349/349/349
f 354/354/354 264/264/264 350/350/350
f 352/352/352 262/262/262 356/356/356
f 358/358/358 267/267/267 354/354/354
f 356/356/356 265/265/265 360/360/360
f 362/362/362 271/271/271 358/358/358
f 361/361/361 269/269/269 364/364/364
f 366/366/366 276/276/276 362/362/362
f 369/369/369 279/279/279 365/365/365
f 367/367/367 277/277/277 371/371/371
f 374/374/374 284/284/284 369/369/369
f 372/372/372 281/281/281 375/375/375
f 380/380/380 290/290/290 373/373/373
f 377/377/377 287/287/287 381/381/381
f 386/386/386 297/297/297 378/378/378
f 426/426/426 335/335/335 430/430/430
f 440/440/440 348/348/348 436/436/436
f 444/444/444 351/351/351 440/440/440
f 442/442/442 349/349/349 446/446/446
f 447/447/447 353/353/353 450/450/450
f 450/450/450 357/357/357 453/453/453
f 455/455/455 363/363/363 451/451/451
f 458/458/458 366/366/366 454/454/454
f 457/457/457 364/364/364 461/461/461
f 464/464/464 370/370/370 458/458/458
f 462/462/462 368/368/368 466/466/466
f 469/469/469 374/374/374 463/463/463
f 466/466/466 372/372/372 471/471/471
f 475/475/475 380/380/380 468/468/468
f 483/483/483 387/387/387 474/474/474
f 493/493/493 397/397/397 480/480/480
f 495/495/495 398/398/398 515/515/515
f 526/526/526 426/426/426 533/533/533
f 533/533/533 430/430/430 538/538/538
f 539/539/539 437/437/437 534/534/534
f 544/544/544 441/441/441 539/539/539
f 549/549/549 445/445/445 544/544/544
f 548/548/548 443/443/443 553/553/553
f 553/553/553 447/447/447 558/558/558
f 571/571/571 460/460/460 564/564/564
f 568/568/568 457/457/457 575/575/575
f 578/578/578 465/465/465 570/570/570
f 576/576/576 462/462/462 580/580/580
f 583/583/583 470/470/470 577/577/577
f 581/581/581 467/467/467 586/586/586
f 590/590/590 476/476/476 582/582/582
f 594/594/594 479/479/479 599/599/599
f 609/609/609 494/494/494 596/596/596
f 612/612/612 495/495/495 634/634/634
f 633/633/633 514/514/514 641/641/641
f 651/651/651 533/533/533 652/652/652
f 652/652/652 538/538/538 653/653/653
f 653/653/653 543/543/543 654/654/654
f 654/654/654 548/548/548 655/655/655
f 657/657/657 563/563/563 659/659/659
f 660/660/660 569/569/569 665/665/665
f 667/667/667 579/579/579 661/661/661
f 665/665/665 576/576/576 671/671/671
f 675/675/675 585/585/585 667/667/667
f 672/672/672 581/581/581 679/679/679
f 684/684/684 591/591/591 673/673/673
f 693/693/693 598/598/598 681/681/681
f 690/690/690 595/595/595 696/696/696
f 705/705/705 609/609/609 691/691/691
f 709/709/709 611/611/611 701/701/701
f 742/742/742 641/641/641 745/745/745
f 750/750/750 653/653/653 752/752/752
f 752/752/752 654/654/654 753/753/753
f 754/754/754 656/656/656 756/756/756
f 757/757/757 658/658/658 758/758/758
f 760/760/760 666/666/666 761/761/761
f 772/772/772 686/686/686 762/762/762
f 767/767/767 680/680/680 776/776/776
f 783/783/783 695/695/695 769/769/769
f 794/794/794 706/706/706 780/780/780
f 799/799/799 710/710/710 790/790/790
f 826/826/826 742/742/742 828/828/828
f 833/833/833 752/752/752 834/834/834
f 834/834/834 753/753/753 835/835/835
f 836/836/836 755/755/755 837/837/837
f 838/838/838 758/758/758 840/840/840
f 841/841/841 760/760/760 842/842/842
f 842/842/842 761/761/761 844/844/844
f 846/846/846 768/768/768 852/852/852
f 859/859/859 785/785/785 847/847/847
f 873/873/873 795/795/795 855/855/855
f 867/867/867 789/789/789 875/875/875
f 879/879/879 800/800/800 869/869/869
f 881/881/881 801/801/801 905/905/905
f 910/910/910 829/829/829 912/912/912
f 912/912/912 830/830/830 914/914/914
f 913/913/913 831/831/831 915/915/915
f 916/916/916 834/834/834 918/918/918
f 919/919/919 836/836/836 920/920/920
f 920/920/920 837/837/837 922/922/922
f 923/923/923 839/839/839 924/924/924
f 924/924/924 841/841/841 926/926/926
f 927/927/927 843/843/843 929/929/929
f 930/930/930 846/846/846 932/932/932
f 934/934/934 854/854/854 944/944/944
f 954/954/954 874/874/874 936/936/936
f 948/948/948 868/868/868 957/957/957
f 961/961/961 880/880/880 950/950/950
f 985/985/985 904/904/904 989/989/989
f 990/990/990 908/908/908 992/992/992
f 991/991/991 909/909/909 993/993/993
f 993/993/993 911/911/911 995/995/995
f 997/997/997 915/915/915 999/999/999
f 1000/1000/1000 917/917/917 1001/1001/1001
f 1001/1001/1001 919/919/919 1003/1003/1003
f 1004/1004/1004 921/921/921 1006/1006/1006
f 1006/1006/1006 923/923/923 1008/1008/1008
f 1009/1009/1009 925/925/925 1011/1011/1011
f 1012/1012/1012 928/928/928 1013/1013/1013
f 1014/1014/1014 931/931/931 1016/1016/1016
f 1018/1018/1018 935/935/935 1026/1026/1026
f 1037/1037/1037 956/956/956 1020/1020/1020
f 1030/1030/1030 949/949/949 1041/1041/1041
f 1044/1044/1044 961/961/961 1031/1031/1031
f 1074/1074/1074 990/990/990 1076/1076/1076
f 1079/1079/1079 998/998/998 1081/1081/1081
f 1081/1081/1081 1000/1000/1000 1083/1083/1083
f 1084/1084/1084 1002/1002/1002 1086/1086/1086
f 1087/1087/1087 1005/1005/1005 1088/1088/1088
f 1088/1088/1088 1007/1007/1007 1090/1090/1090
f 1091/1091/1091 1010/1010/1010 1092/1092/1092
f 1092/1092/1092 1012/1012/1012 1094/1094/1094
f 1096/1096/1096 1015/1015/1015 1098/1098/1098
f 1100/1100/1100 1019/1019/1019 1105/1105/1105
f 1118/1118/1118 1040/1040/1040 1102/1102/1102
f 1108/1108/1108 1030/1030/1030 1121/1121/1121
f 1125/1125/1125 1045/1045/1045 1110/1110/1110
f 1157/1157/1157 1077/1077/1077 1159/1159/1159
f 1159/1159/1159 1078/1078/1078 1161/1161/1161
f 1162/1162/1162 1080/1080/1080 1163/1163/1163
f 1163/1163/1163 1082/1082/1082 1165/1165/1165
f 1166/1166/1166 1085/1085/1085 1167/1167/1167
f 1167/1167/1167 1087/1087/1087 1169/1169/1169
f 1170/1170/1170 1089/1089/1089 1171/1171/1171
f 1171/1171/1171 1091/1091/1091 1173/1173/1173
f 1174/1174/1174 1093/1093/1093 1175/1175/1175
f 1177/1177/1177 1097/1097/1097 1178/1178/1178
f 1180/1180/1180 1101/1101/1101 1183/1183/1183
f 1186/1186/1186 1109/1109/1109 1199/1199/1199
f 1232/1232/1232 1156/1156/1156 1234/1234/1234
f 1234/1234/1234 1158/1158/1158 1235/1235/1235
f 1235/1235/1235 1160/1160/1160 1236/1236/1236
f 1236/1236/1236 1162/1162/1162 1238/1238/1238
f 1239/1239/1239 1164/1164/1164 1240/1240/1240
f 1240/1240/1240 1166/1166/1166 1242/1242/1242
f 1243/1243/1243 1168/1168/1168 1245/1245/1245
f 1245/1245/1245 1170/1170/1170 1247/1247/1247
f 1248/1248/1248 1172/1172/1172 1250/1250/1250
f 1250/1250/1250 1174/1174/1174 1253/1253/1253
f 1255/1255/1255 1177/1177/1177 1258/1258/1258
f 1262/1262/1262 1182/1182/1182 1264/1264/1264
f 1266/1266/1266 1187/1187/1187 1278/1278/1278
f 1312/1312/1312 1234/1234/1234 1314/1314/1314
f 1314/1314/1314 1235/1235/1235 1316/1316/1316
f 1317/1317/1317 1237/1237/1237 1318/1318/1318
f 1318/1318/1318 1239/1239/1239 1320/1320/1320
f 1321/1321/1321 1241/1241/1241 1323/1323/1323
f 1324/1324/1324 1244/1244/1244 1325/1325/1325
f 1325/1325/1325 1246/1246/1246 1327/1327/1327
f 1328/1328/1328 1249/1249/1249 1329/1329/1329
f 1330/1330/1330 1252/1252/1252 1331/1331/1331
f 1333/1333/1333 1257/1257/1257 1335/1335/1335
f 1338/1338/1338 1263/1263/1263 1339/1339/1339
f 1340/1340/1340 1266/1266/1266 1353/1353/1353
f 1355/1355/1355 1280/1280/1280 1342/1342/1342
f 1376/1376/1376 1302/1302/1302 1380/1380/1380
f 1388/1388/1388 1315/1315/1315 1390/1390/1390
f 1390/1390/1390 1317/1317/1317 1392/1392/1392
f 1393/1393/1393 1319/1319/1319 1395/1395/1395
f 1396/1396/1396 1322/1322/1322 1397/1397/1397
f 1397/1397/1397 1324/1324/1324 1399/1399/1399
f 1400/1400/1400 1326/1326/1326 1401/1401/1401
f 1401/1401/1401 1328/1328/1328 1403/1403/1403
f 1404/1404/1404 1330/1330/1330 1406/1406/1406
f 1409/1409/1409 1334/1334/1334 1410/1410/1410
f 1412/1412/1412 1338/1338/1338 1414/1414/1414
f 1416/1416/1416 1341/1341/1341 1428/1428/1428
f 1463/1463/1463 1387/1387/1387 1465/1465/1465
f 1466/1466/1466 1391/1391/1391 1468/1468/1468
f 1469/1469/1469 1394/1394/1394 1470/1470/1470
f 1470/1470/1470 1396/1396/1396 1472/1472/1472
f 1473/1473/1473 1398/1398/1398 1474/1474/1474
f 1474/1474/1474 1400/1400/1400 1476/1476/1476
f 1477/1477/1477 1402/1402/1402 1479/1479/1479
f 1480/1480/1480 1405/1405/1405 1482/1482/1482
f 1484/1484/1484 1409/1409/1409 1486/1486/1486
f 1489/1489/1489 1413/1413/1413 1492/1492/1492
f 1535/1535/1535 1465/1465/1465 1537/1537/1537
f 1538/1538/1538 1467/1467/1467 1539/1539/1539
f 1539/1539/1539 1469/1469/1469 1541/1541/1541
f 1542/1542/1542 1471/1471/1471 1544/1544/1544
f 1544/1544/1544 1473/1473/1473 1546/1546/1546
f 1547/1547/1547 1475/1475/1475 1549/1549/1549
f 1550/1550/1550 1478/1478/1478 1552/1552/1552
f 1553/1553/1553 1481/1481/1481 1555/1555/1555
f 1557/1557/1557 1485/1485/1485 1560/1560/1560
f 1564/1564/1564 1491/1491/1491 1567/1567/1567
f 1608/1608/1608 1536/1536/1536 1610/1610/1610
f 1610/1610/1610 1538/1538/1538 1612/1612/1612
f 1613/1613/1613 1540/1540/1540 1615/1615/1615
f 1616/1616/1616 1543/1543/1543 1617/1617/1617
f 1617/1617/1617 1545/1545/1545 1619/1619/1619
f 1620/1620/1620 1548/1548/1548 1621/1621/1621
f 1622/1622/1622 1551/1551/1551 1623/1623/1623
f 1624/1624/1624 1554/1554/1554 1625/1625/1625
f 1628/1628/1628 1559/1559/1559 1630/1630/1630
f 1634/1634/1634 1566/1566/1566 1637/1637/1637
f 1676/1676/1676 1609/1609/1609 1677/1677/1677
f 1677/1677/1677 1611/1611/1611 1679/1679/1679
f 1680/1680/1680 1614/1614/1614 1682/1682/1682
f 1682/1682/1682 1616/1616/1616 1684/1684/1684
f 1685/1685/1685 1618/1618/1618 1687/1687/1687
f 1687/1687/1687 1620/1620/1620 1689/1689/1689
f 1690/1690/1690 1622/1622/1622 1692/1692/1692
f 1693/1693/1693 1624/1624/1624 1696/1696/1696
f 1700/1700/1700 1629/1629/1629 1704/1704/1704
f 1709/1709/1709 1636/1636/1636 1716/1716/1716
f 1751/1751/1751 1676/1676/1676 1753/1753/1753
f 1754/1754/1754 1678/1678/1678 1756/1756/1756
f 1757/1757/1757 1681/1681/1681 1759/1759/1759
f 1759/1759/1759 1683/1683/1683 1761/1761/1761
f 1762/1762/1762 1686/1686/1686 1763/1763/1763
f 1763/1763/1763 1688/1688/1688 1766/1766/1766
f 1767/1767/1767 1691/1691/1691 1769/1769/1769
f 1771/1771/1771 1695/1695/1695 1772/1772/1772
f 1777/1777/1777 1703/1703/1703 1780/1780/1780
f 1823/1823/1823 1752/1752/1752 1826/1826/1826
f 1827/1827/1827 1755/1755/1755 1829/1829/1829
f 1830/1830/1830 1758/1758/1758 1832/1832/1832
f 1832/1832/1832 1760/1760/1760 1834/1834/1834
f 1834/1834/1834 1762/1762/1762 1837/1837/1837
f 1839/1839/1839 1765/1765/1765 1842/1842/1842
f 1842/1842/1842 1768/1768/1768 1848/1848/1848
f 1849/1849/1849 1771/1771/1771 1856/1856/1856
f 1863/1863/1863 1779/1779/1779 1867/1867/1867
f 1905/1905/1905 1819/1819/1819 1908/1908/1908
f 1912/1912/1912 1828/1828/1828 1914/1914/1914
f 1915/1915/1915 1831/1831/1831 1917/1917/1917
f 1917/1917/1917 1833/1833/1833 1919/1919/1919
f 1920/1920/1920 1836/1836/1836 1926/1926/1926
f 1928/1928/1928 1841/1841/1841 1933/1933/1933
f 1936/1936/1936 1847/1847/1847 1939/1939/1939
f 1941/1941/1941 1855/1855/1855 1945/1945/1945
f 1949/1949/1949 1866/1866/1866 1953/1953/1953
f 1997/1997/1997 1909/1909/1909 2000/2000/2000
f 2002/2002/2002 1913/1913/1913 2004/2004/2004
f 2005/2005/2005 1916/1916/1916 2012/2012/2012
f 2012/2012/2012 1918/1918/1918 2020/2020/2020
f 2025/2025/2025 1925/1925/1925 2029/2029/2029
f 2030/2030/2030 1932/1932/1932 2034/2034/2034
f 2035/2035/2035 1938/1938/1938 2039/2039/2039
f 2042/2042/2042 1944/1944/1944 2047/2047/2047
f 2096/2096/2096 2001/2001/2001 2106/2106/2106
f 2106/2106/2106 2003/2003/2003 2115/2115/2115
f 2115/2115/2115 2005/2005/2005 2125/2125/2125
f 2121/2121/2121 2011/2011/2011 2127/2127/2127
f 2128/2128/2128 2019/2019/2019 2132/2132/2132
f 2133/2133/2133 2028/2028/2028 2137/2137/2137
f 2138/2138/2138 2033/2033/2033 2144/2144/2144
f 2145/2145/2145 2038/2038/2038 2150/2150/2150
f 2178/2178/2178 2114/2114/2114 2185/2185/2185
f 2186/2186/2186 2124/2124/2124 2192/2192/2192
f 2193/2193/2193 2131/2131/2131 2198/2198/2198
f 2199/2199/2199 2136/2136/2136 2203/2203/2203
f 171/171/171 168/168/168 172/172/172
f 239/239/239 236/236/236 240/240/240
f 243/243/243 241/241/241 244/244/244
f 250/250/250 245/245/245 249/249/249
f 251/251/251 248/248/248 252/252/252
f 263/263/263 261/261/261 264/264/264
f 266/266/266 264/264/264 267/267/267
f 270/270/270 267/267/267 271/271/271
f 328/328/328 308/308/308 327/327/327
f 332/332/332 326/326/326 331/331/331
f 336/336/336 334/334/334 337/337/337
f 343/343/343 338/338/338 342/342/342
f 344/344/344 341/341/341 345/345/345
f 354/354/354 351/351/351 355/355/355
f 358/358/358 355/355/355 359/359/359
f 418/418/418 415/415/415 419/419/419
f 423/423/423 420/420/420 424/424/424
f 427/427/427 425/425/425 428/428/428
f 431/431/431 428/428/428 432/432/432
f 432/432/432 429/429/429 433/433/433
f 436/436/436 433/433/433 437/437/437
f 439/439/439 434/434/434 438/438/438
f 440/440/440 437/437/437 441/441/441
f 444/444/444 441/441/441 445/445/445
f 516/516/516 513/513/513 517/517/517
f 522/522/522 518/518/518 523/523/523
f 523/523/523 519/519/519 524/524/524
f 527/527/527 520/520/520 526/526/526
f 528/528/528 524/524/524 529/529/529
f 529/529/529 525/525/525 530/530/530
f 534/534/534 530/530/530 535/535/535
f 535/535/535 531/531/531 536/536/536
f 539/539/539 535/535/535 540/540/540
f 544/544/544 540/540/540 545/545/545
f 549/549/549 545/545/545 550/550/550
f 555/555/555 551/551/551 556/556/556
f 560/560/560 556/556/556 561/561/561
f 564/564/564 560/560/560 565/565/565
f 565/565/565 561/561/561 566/566/566
f 635/635/635 631/631/631 636/636/636
f 636/636/636 632/632/632 637/637/637
f 642/642/642 638/638/638 643/643/643
f 648/648/648 644/644/644 649/649/649
f 676/676/676 669/669/669 677/677/677
f 707/707/707 700/700/700 708/708/708
f 737/737/737 711/711/711 736/736/736
f 738/738/738 732/732/732 739/739/739
f 743/743/743 735/735/735 742/742/742
f 747/747/747 744/744/744 746/746/746
f 751/751/751 748/748/748 750/750/750
f 773/773/773 764/764/764 774/774/774
f 860/860/860 849/849/849 861/861/861
f 861/861/861 850/850/850 862/862/862
f 987/987/987 962/962/962 986/986/986
f 994/994/994 991/991/991 993/993/993
f 1038/1038/1038 1022/1022/1022 1039/1039/1039
f 1073/1073/1073 1068/1068/1068 1072/1072/1072
f 1075/1075/1075 1071/1071/1071 1074/1074/1074
f 1150/1150/1150 1126/1126/1126 1149/1149/1149
f 1156/1156/1156 1153/1153/1153 1155/1155/1155
f 1160/1160/1160 1157/1157/1157 1159/1159/1159
f 1229/1229/1229 1224/1224/1224 1228/1228/1228
f 1231/1231/1231 1227/1227/1227 1230/1230/1230
f 1233/1233/1233 1230/1230/1230 1232/1232/1232
f 1304/1304/1304 1281/1281/1281 1303/1303/1303
f 1308/1308/1308 1305/1305/1305 1307/1307/1307
f 1311/1311/1311 1307/1307/1307 1310/1310/1310
f 1313/1313/1313 1309/1309/1309 1312/1312/1312
f 1379/1379/1379 1356/1356/1356 1378/1378/1378
f 1381/1381/1381 1376/1376/1376 1380/1380/1380
f 1383/1383/1383 1380/1380/1380 1382/1382/1382
f 1387/1387/1387 1384/1384/1384 1386/1386/1386
f 1389/1389/1389 1386/1386/1386 1388/1388/1388
f 1429/1429/1429 1416/1416/1416 1428/1428/1428
f 1452/1452/1452 1430/1430/1430 1451/1451/1451
f 1453/1453/1453 1431/1431/1431 1452/1452/1452
f 1456/1456/1456 1450/1450/1450 1455/1455/1455
f 1459/1459/1459 1454/1454/1454 1458/1458/1458
f 1461/1461/1461 1457/1457/1457 1460/1460/1460
f 1462/1462/1462 1458/1458/1458 1461/1461/1461
f 1464/1464/1464 1460/1460/1460 1463/1463/1463
f 1525/1525/1525 1505/1505/1505 1524/1524/1524
f 1528/1528/1528 1522/1522/1522 1527/1527/1527
f 1530/1530/1530 1526/1526/1526 1529/1529/1529
f 1536/1536/1536 1533/1533/1533 1535/1535/1535
f 1597/1597/1597 1578/1578/1578 1596/1596/1596
f 1600/1600/1600 1594/1594/1594 1599/1599/1599
f 1605/1605/1605 1601/1601/1601 1604/1604/1604
f 1607/1607/1607 1603/1603/1603 1606/1606/1606
f 1664/1664/1664 1646/1646/1646 1663/1663/1663
f 1669/1669/1669 1665/1665/1665 1668/1668/1668
f 1674/1674/1674 1670/1670/1670 1673/1673/1673
f 1676/1676/1676 1672/1672/1672 1675/1675/1675
f 1706/1706/1706 1701/1701/1701 1705/1705/1705
f 1718/1718/1718 1710/1710/1710 1717/1717/1717
f 1719/1719/1719 1711/1711/1711 1718/1718/1718
f 1720/1720/1720 1712/1712/1712 1719/1719/1719
f 1721/1721/1721 1713/1713/1713 1720/1720/1720
f 1743/1743/1743 1737/1737/1737 1742/1742/1742
f 1746/1746/1746 1741/1741/1741 1745/1745/1745
f 1748/1748/1748 1744/1744/1744 1747/1747/1747
f 1752/1752/1752 1749/1749/1749 1751/1751/1751
f 1806/1806/1806 1789/1789/1789 1805/1805/1805
f 1809/1809/1809 1792/1792/1792 1808/1808/1808
f 1812/1812/1812 1803/1803/1803 1811/1811/1811
f 1813/1813/1813 1804/1804/1804 1812/1812/1812
f 1816/1816/1816 1810/1810/1810 1815/1815/1815
f 1819/1819/1819 1814/1814/1814 1818/1818/1818
f 1821/1821/1821 1817/1817/1817 1820/1820/1820
f 1822/1822/1822 1818/1818/1818 1821/1821/1821
f 1824/1824/1824 1820/1820/1820 1823/1823/1823
f 1828/1828/1828 1824/1824/1824 1827/1827/1827
f 1850/1850/1850 1843/1843/1843 1849/1849/1849
f 1860/1860/1860 1852/1852/1852 1859/1859/1859
f 1869/1869/1869 1864/1864/1864 1868/1868/1868
f 1889/1889/1889 1874/1874/1874 1888/1888/1888
f 1893/1893/1893 1878/1878/1878 1892/1892/1892
f 1897/1897/1897 1884/1884/1884 1896/1896/1896
f 1898/1898/1898 1885/1885/1885 1897/1897/1897
f 1899/1899/1899 1886/1886/1886 1898/1898/1898
f 1900/1900/1900 1887/1887/1887 1899/1899/1899
f 1903/1903/1903 1894/1894/1894 1902/1902/1902
f 1904/1904/1904 1895/1895/1895 1903/1903/1903
f 1906/1906/1906 1901/1901/1901 1905/1905/1905
f 1907/1907/1907 1902/1902/1902 1906/1906/1906
f 1909/1909/1909 1905/1905/1905 1908/1908/1908
f 1911/1911/1911 1908/1908/1908 1910/1910/1910
f 1913/1913/1913 1910/1910/1910 1912/1912/1912
f 1929/1929/1929 1922/1922/1922 1928/1928/1928
f 1930/1930/1930 1923/1923/1923 1929/1929/1929
f 1947/1947/1947 1942/1942/1942 1946/1946/1946
f 1955/1955/1955 1950/1950/1950 1954/1954/1954
f 1968/1968/1968 1957/1957/1957 1967/1967/1967
f 1977/1977/1977 1962/1962/1962 1976/1976/1976
f 1979/1979/1979 1964/1964/1964 1978/1978/1978
f 1980/1980/1980 1965/1965/1965 1979/1979/1979
f 1983/1983/1983 1972/1972/1972 1982/1982/1982
f 1985/1985/1985 1974/1974/1974 1984/1984/1984
f 1986/1986/1986 1975/1975/1975 1985/1985/1985
f 1988/1988/1988 1977/1977/1977 1987/1987/1987
f 1991/1991/1991 1981/1981/1981 1990/1990/1990
f 1992/1992/1992 1982/1982/1982 1991/1991/1991
f 1995/1995/1995 1985/1985/1985 1994/1994/1994
f 1996/1996/1996 1986/1986/1986 1995/1995/1995
f 1998/1998/1998 1989/1989/1989 1997/1997/1997
f 1999/1999/1999 1990/1990/1990 1998/1998/1998
f 2001/2001/2001 1997/1997/1997 2000/2000/2000
f 2003/2003/2003 2000/2000/2000 2002/2002/2002
f 2014/2014/2014 2006/2006/2006 2013/2013/2013
f 2015/2015/2015 2007/2007/2007 2014/2014/2014
f 2016/2016/2016 2008/2008/2008 2015/2015/2015
f 2026/2026/2026 2017/2017/2017 2025/2025/2025
f 2031/2031/2031 2026/2026/2026 2030/2030/2030
f 2036/2036/2036 2031/2031/2031 2035/2035/2035
f 2050/2050/2050 2044/2044/2044 2049/2049/2049
f 2061/2061/2061 2052/2052/2052 2060/2060/2060
f 2068/2068/2068 2058/2058/2058 2067/2067/2067
f 2069/2069/2069 2059/2059/2059 2068/2068/2068
f 2072/2072/2072 2062/2062/2062 2071/2071/2071
f 2073/2073/2073 2063/2063/2063 2072/2072/2072
f 2081/2081/2081 2066/2066/2066 2080/2080/2080
f 2084/2084/2084 2069/2069/2069 2083/2083/2083
f 2085/2085/2085 2070/2070/2070 2084/2084/2084
f 2088/2088/2088 2075/2075/2075 2087/2087/2087
f 2089/2089/2089 2076/2076/2076 2088/2088/2088
f 2091/2091/2091 2078/2078/2078 2090/2090/2090
f 2092/2092/2092 2079/2079/2079 2091/2091/2091
f 2095/2095/2095 2082/2082/2082 2094/2094/2094
f 2097/2097/2097 2086/2086/2086 2096/2096/2096
f 2098/2098/2098 2087/2087/2087 2097/2097/2097
f 2100/2100/2100 2089/2089/2089 2099/2099/2099
f 2105/2105/2105 2094/2094/2094 2104/2104/2104
f 2107/2107/2107 2096/2096/2096 2106/2106/2106
f 2109/2109/2109 2098/2098/2098 2108/2108/2108
f 2111/2111/2111 2100/2100/2100 2110/2110/2110
f 2112/2112/2112 2101/2101/2101 2111/2111/2111
f 2113/2113/2113 2102/2102/2102 2112/2112/2112
f 2114/2114/2114 2103/2103/2103 2113/2113/2113
f 2117/2117/2117 2107/2107/2107 2116/2116/2116
f 2118/2118/2118 2108/2108/2108 2117/2117/2117
f 2119/2119/2119 2109/2109/2109 2118/2118/2118
f 2122/2122/2122 2112/2112/2112 2121/2121/2121
f 2123/2123/2123 2113/2113/2113 2122/2122/2122
f 2126/2126/2126 2115/2115/2115 2125/2125/2125
f 2129/2129/2129 2122/2122/2122 2128/2128/2128
f 2134/2134/2134 2129/2129/2129 2133/2133/2133
f 2139/2139/2139 2134/2134/2134 2138/2138/2138
f 2146/2146/2146 2139/2139/2139 2145/2145/2145
f 2152/2152/2152 2146/2146/2146 2151/2151/2151
f 2153/2153/2153 2147/2147/2147 2152/2152/2152
f 2162/2162/2162 2155/2155/2155 2161/2161/2161
f 2163/2163/2163 2156/2156/2156 2162/2162/2162
f 2166/2166/2166 2159/2159/2159 2165/2165/2165
f 2167/2167/2167 2160/2160/2160 2166/2166/2166
f 2173/2173/2173 2165/2165/2165 2172/2172/2172
f 2179/2179/2179 2171/2171/2171 2178/2178/2178
f 2180/2180/2180 2172/2172/2172 2179/2179/2179
f 2188/2188/2188 2180/2180/2180 2187/2187/2187
f 2189/2189/2189 2181/2181/2181 2188/2188/2188
f 2190/2190/2190 2182/2182/2182 2189/2189/2189
f 2195/2195/2195 2188/2188/2188 2194/2194/2194
f 2196/2196/2196 2189/2189/2189 2195/2195/2195
f 2201/2201/2201 2195/2195/2195 2200/2200/2200
f 147/147/147 74/74/74 146/146/146
f 148/148/148 75/75/75 147/147/147
f 149/149/149 76/76/76 148/148/148
f 150/150/150 77/77/77 149/149/149
f 151/151/151 78/78/78 150/150/150
f 152/152/152 79/79/79 151/151/151
f 153/153/153 80/80/80 152/152/152
f 154/154/154 81/81/81 153/153/153
f 155/155/155 82/82/82 154/154/154
f 156/156/156 83/83/83 155/155/155
f 157/157/157 84/84/84 156/156/156
f 158/158/158 85/85/85 157/157/157
f 159/159/159 86/86/86 158/158/158
f 160/160/160 87/87/87 159/159/159
f 163/163/163 90/90/90 162/162/162
f 165/165/165 92/92/92 164/164/164
f 170/170/170 96/96/96 169/169/169
f 197/197/197 125/125/125 198/198/198
f 199/199/199 127/127/127 200/200/200
f 201/201/201 129/129/129 202/202/202
f 203/203/203 131/131/131 204/204/204
f 205/205/205 133/133/133 206/206/206
f 207/207/207 135/135/135 208/208/208
f 209/209/209 137/137/137 210/210/210
f 216/216/216 144/144/144 217/217/217
f 221/221/221 146/146/146 220/220/220
f 222/222/222 147/147/147 221/221/221
f 223/223/223 148/148/148 222/222/222
f 224/224/224 149/149/149 223/223/223
f 225/225/225 150/150/150 224/224/224
f 226/226/226 151/151/151 225/225/225
f 227/227/227 152/152/152 226/226/226
f 229/229/229 154/154/154 228/228/228
f 230/230/230 155/155/155 229/229/229
f 231/231/231 156/156/156 230/230/230
f 232/232/232 157/157/157 231/231/231
f 233/233/233 158/158/158 232/232/232
f 234/234/234 159/159/159 233/233/233
f 238/238/238 162/162/162 237/237/237
f 272/272/272 188/188/188 273/273/273
f 274/274/274 190/190/190 275/275/275
f 282/282/282 196/196/196 283/283/283
f 285/285/285 198/198/198 286/286/286
f 288/288/288 200/200/200 289/289/289
f 291/291/291 202/202/202 292/292/292
f 293/293/293 204/204/204 294/294/294
f 295/295/295 207/207/207 296/296/296
f 296/296/296 208/208/208 297/297/297
f 298/298/298 210/210/210 299/299/299
f 301/301/301 213/213/213 302/302/302
f 306/306/306 218/218/218 307/307/307
f 310/310/310 220/220/220 309/309/309
f 311/311/311 221/221/221 310/310/310
f 312/312/312 222/222/222 311/311/311
f 313/313/313 223/223/223 312/312/312
f 314/314/314 224/224/224 313/313/313
f 315/315/315 225/225/225 314/314/314
f 316/316/316 226/226/226 315/315/315
f 319/319/319 229/229/229 318/318/318
f 320/320/320 230/230/230 319/319/319
f 321/321/321 231/231/231 320/320/320
f 322/322/322 232/232/232 321/321/321
f 323/323/323 233/233/233 322/322/322
f 324/324/324 234/234/234 323/323/323
f 360/360/360 269/269/269 361/361/361
f 365/365/365 276/276/276 366/366/366
f 371/371/371 281/281/281 372/372/372
f 373/373/373 284/284/284 374/374/374
f 376/376/376 287/287/287 377/377/377
f 378/378/378 289/289/289 379/379/379
f 379/379/379 290/290/290 380/380/380
f 381/381/381 293/293/293 382/382/382
f 382/382/382 294/294/294 383/383/383
f 384/384/384 296/296/296 385/385/385
f 385/385/385 297/297/297 386/386/386
f 388/388/388 299/299/299 389/389/389
f 391/391/391 302/302/302 392/392/392
f 396/396/396 307/307/307 397/397/397
f 400/400/400 310/310/310 399/399/399
f 401/401/401 311/311/311 400/400/400
f 402/402/402 312/312/312 401/401/401
f 403/403/403 313/313/313 402/402/402
f 404/404/404 314/314/314 403/403/403
f 405/405/405 315/315/315 404/404/404
f 408/408/408 318/318/318 407/407/407
f 409/409/409 319/319/319 408/408/408
f 410/410/410 320/320/320 409/409/409
f 411/411/411 321/321/321 410/410/410
f 412/412/412 322/322/322 411/411/411
f 413/413/413 323/323/323 412/412/412
f 446/446/446 353/353/353 447/447/447
f 454/454/454 363/363/363 455/455/455
f 461/461/461 368/368/368 462/462/462
f 463/463/463 370/370/370 464/464/464
f 468/468/468 374/374/374 469/469/469
f 471/471/471 376/376/376 472/472/472
f 474/474/474 380/380/380 475/475/475
f 477/477/477 382/382/382 478/478/478
f 478/478/478 383/383/383 479/479/479
f 480/480/480 385/385/385 481/481/481
f 482/482/482 387/387/387 483/483/483
f 484/484/484 389/389/389 485/485/485
f 492/492/492 397/397/397 493/493/493
f 497/497/497 399/399/399 496/496/496
f 498/498/498 400/400/400 497/497/497
f 499/499/499 401/401/401 498/498/498
f 505/505/505 407/407/407 504/504/504
f 506/506/506 408/408/408 505/505/505
f 507/507/507 409/409/409 506/506/506
f 508/508/508 410/410/410 507/507/507
f 509/509/509 411/411/411 508/508/508
f 510/510/510 412/412/412 509/509/509
f 511/511/511 413/413/413 510/510/510
f 570/570/570 460/460/460 571/571/571
f 575/575/575 462/462/462 576/576/576
f 577/577/577 465/465/465 578/578/578
f 580/580/580 467/467/467 581/581/581
f 582/582/582 470/470/470 583/583/583
f 586/586/586 473/473/473 587/587/587
f 589/589/589 476/476/476 590/590/590
f 592/592/592 478/478/478 593/593/593
f 593/593/593 479/479/479 594/594/594
f 596/596/596 482/482/482 597/597/597
f 597/597/597 483/483/483 598/598/598
f 599/599/599 485/485/485 600/600/600
f 603/603/603 489/489/489 604/604/604
f 608/608/608 494/494/494 609/609/609
f 614/614/614 496/496/496 613/613/613
f 615/615/615 497/497/497 614/614/614
f 616/616/616 498/498/498 615/615/615
f 620/620/620 502/502/502 619/619/619
f 622/622/622 504/504/504 621/621/621
f 623/623/623 505/505/505 622/622/622
f 624/624/624 506/506/506 623/623/623
f 625/625/625 507/507/507 624/624/624
f 626/626/626 508/508/508 625/625/625
f 627/627/627 509/509/509 626/626/626
f 628/628/628 510/510/510 627/627/627
f 629/629/629 511/511/511 628/628/628
f 634/634/634 514/514/514 633/633/633
f 659/659/659 569/569/569 660/660/660
f 661/661/661 572/572/572 662/662/662
f 671/671/671 581/581/581 672/672/672
f 673/673/673 584/584/584 674/674/674
f 674/674/674 585/585/585 675/675/675
f 679/679/679 587/587/587 680/680/680
f 681/681/681 589/589/589 682/682/682
f 682/682/682 590/590/590 683/683/683
f 683/683/683 591/591/591 684/684/684
f 687/687/687 593/593/593 688/688/688
f 689/689/689 595/595/595 690/690/690
f 691/691/691 597/597/597 692/692/692
f 692/692/692 598/598/598 693/693/693
f 696/696/696 601/601/601 697/697/697
f 698/698/698 603/603/603 699/699/699
f 701/701/701 606/606/606 702/702/702
f 704/704/704 609/609/609 705/705/705
f 713/713/713 613/613/613 712/712/712
f 714/714/714 614/614/614 713/713/713
f 715/715/715 615/615/615 714/714/714
f 716/716/716 616/616/616 715/715/715
f 717/717/717 617/617/617 716/716/716
f 718/718/718 618/618/618 717/717/717
f 722/722/722 622/622/622 721/721/721
f 723/723/723 623/623/623 722/722/722
f 724/724/724 624/624/624 723/723/723
f 725/725/725 625/625/625 724/724/724
f 726/726/726 626/626/626 725/725/725
f 727/727/727 627/627/627 726/726/726
f 728/728/728 628/628/628 727/727/727
f 729/729/729 629/629/629 728/728/728
f 740/740/740 638/638/638 739/739/739
f 756/756/756 658/658/658 757/757/757
f 759/759/759 666/666/666 760/760/760
f 762/762/762 676/676/676 763/763/763
f 766/766/766 680/680/680 767/767/767
f 769/769/769 684/684/684 770/770/770
f 770/770/770 685/685/685 771/771/771
f 771/771/771 686/686/686 772/772/772
f 776/776/776 688/688/688 777/777/777
f 778/778/778 690/690/690 779/779/779
f 780/780/780 693/693/693 781/781/781
f 782/782/782 695/695/695 783/783/783
f 786/786/786 697/697/697 787/787/787
f 790/790/790 703/703/703 791/791/791
f 793/793/793 706/706/706 794/794/794
f 798/798/798 710/710/710 799/799/799
f 803/803/803 713/713/713 802/802/802
f 804/804/804 714/714/714 803/803/803
f 805/805/805 715/715/715 804/804/804
f 806/806/806 716/716/716 805/805/805
f 807/807/807 717/717/717 806/806/806
f 811/811/811 721/721/721 810/810/810
f 812/812/812 722/722/722 811/811/811
f 813/813/813 723/723/723 812/812/812
f 814/814/814 724/724/724 813/813/813
f 815/815/815 725/725/725 814/814/814
f 816/816/816 726/726/726 815/815/815
f 817/817/817 727/727/727 816/816/816
f 818/818/818 728/728/728 817/817/817
f 819/819/819 729/729/729 818/818/818
f 820/820/820 730/730/730 819/819/819
f 835/835/835 755/755/755 836/836/836
f 840/840/840 760/760/760 841/841/841
f 844/844/844 767/767/767 845/845/845
f 845/845/845 768/768/768 846/846/846
f 847/847/847 772/772/772 848/848/848
f 848/848/848 773/773/773 849/849/849
f 849/849/849 774/774/774 850/850/850
f 852/852/852 778/778/778 853/853/853
f 853/853/853 779/779/779 854/854/854
f 855/855/855 782/782/782 856/856/856
f 857/857/857 784/784/784 858/858/858
f 858/858/858 785/785/785 859/859/859
f 864/864/864 787/787/787 865/865/865
f 866/866/866 789/789/789 867/867/867
f 869/869/869 792/792/792 870/870/870
f 872/872/872 795/795/795 873/873/873
f 875/875/875 797/797/797 876/876/876
f 876/876/876 798/798/798 877/877/877
f 877/877/877 799/799/799 878/878/878
f 878/878/878 800/800/800 879/879/879
f 883/883/883 802/802/802 882/882/882
f 884/884/884 803/803/803 883/883/883
f 885/885/885 804/804/804 884/884/884
f 886/886/886 805/805/805 885/885/885
f 887/887/887 806/806/806 886/886/886
f 888/888/888 807/807/807 887/887/887
f 891/891/891 810/810/810 890/890/890
f 892/892/892 811/811/811 891/891/891
f 894/894/894 813/813/813 893/893/893
f 895/895/895 814/814/814 894/894/894
f 896/896/896 815/815/815 895/895/895
f 897/897/897 816/816/816 896/896/896
f 898/898/898 817/817/817 897/897/897
f 899/899/899 818/818/818 898/898/898
f 900/900/900 819/819/819 899/899/899
f 901/901/901 820/820/820 900/900/900
f 902/902/902 821/821/821 901/901/901
f 907/907/907 826/826/826 906/906/906
f 914/914/914 831/831/831 913/913/913
f 918/918/918 836/836/836 919/919/919
f 922/922/922 839/839/839 923/923/923
f 926/926/926 843/843/843 927/927/927
f 929/929/929 846/846/846 930/930/930
f 932/932/932 853/853/853 933/933/933
f 936/936/936 857/857/857 937/937/937
f 937/937/937 858/858/858 938/938/938
f 939/939/939 860/860/860 940/940/940
f 940/940/940 861/861/861 941/941/941
f 941/941/941 862/862/862 942/942/942
f 944/944/944 865/865/865 945/945/945
f 947/947/947 868/868/868 948/948/948
f 950/950/950 871/871/871 951/951/951
f 953/953/953 874/874/874 954/954/954
f 957/957/957 877/877/877 958/958/958
f 959/959/959 879/879/879 960/960/960
f 960/960/960 880/880/880 961/961/961
f 964/964/964 882/882/882 963/963/963
f 965/965/965 883/883/883 964/964/964
f 966/966/966 884/884/884 965/965/965
f 967/967/967 885/885/885 966/966/966
f 968/968/968 886/886/886 967/967/967
f 969/969/969 887/887/887 968/968/968
f 970/970/970 888/888/888 969/969/969
f 971/971/971 889/889/889 970/970/970
f 975/975/975 893/893/893 974/974/974
f 976/976/976 894/894/894 975/975/975
f 977/977/977 895/895/895 976/976/976
f 978/978/978 896/896/896 977/977/977
f 979/979/979 897/897/897 978/978/978
f 980/980/980 898/898/898 979/979/979
f 981/981/981 899/899/899 980/980/980
f 982/982/982 900/900/900 981/981/981
f 983/983/983 901/901/901 982/982/982
f 989/989/989 906/906/906 988/988/988
f 999/999/999 917/917/917 1000/1000/1000
f 1003/1003/1003 921/921/921 1004/1004/1004
f 1008/1008/1008 925/925/925 1009/1009/1009
f 1011/1011/1011 928/928/928 1012/1012/1012
f 1013/1013/1013 931/931/931 1014/1014/1014
f 1016/1016/1016 934/934/934 1017/1017/1017
f 1017/1017/1017 935/935/935 1018/1018/1018
f 1020/1020/1020 939/939/939 1021/1021/1021
f 1021/1021/1021 940/940/940 1022/1022/1022
f 1022/1022/1022 941/941/941 1023/1023/1023
f 1026/1026/1026 946/946/946 1027/1027/1027
f 1029/1029/1029 949/949/949 1030/1030/1030
f 1031/1031/1031 951/951/951 1032/1032/1032
f 1035/1035/1035 955/955/955 1036/1036/1036
f 1036/1036/1036 956/956/956 1037/1037/1037
f 1041/1041/1041 959/959/959 1042/1042/1042
f 1043/1043/1043 961/961/961 1044/1044/1044
f 1048/1048/1048 964/964/964 1047/1047/1047
f 1049/1049/1049 965/965/965 1048/1048/1048
f 1050/1050/1050 966/966/966 1049/1049/1049
f 1051/1051/1051 967/967/967 1050/1050/1050
f 1052/1052/1052 968/968/968 1051/1051/1051
f 1053/1053/1053 969/969/969 1052/1052/1052
f 1054/1054/1054 970/970/970 1053/1053/1053
f 1059/1059/1059 975/975/975 1058/1058/1058
f 1060/1060/1060 976/976/976 1059/1059/1059
f 1061/1061/1061 977/977/977 1060/1060/1060
f 1062/1062/1062 978/978/978 1061/1061/1061
f 1063/1063/1063 979/979/979 1062/1062/1062
f 1064/1064/1064 980/980/980 1063/1063/1063
f 1065/1065/1065 981/981/981 1064/1064/1064
f 1066/1066/1066 982/982/982 1065/1065/1065
f 1083/1083/1083 1002/1002/1002 1084/1084/1084
f 1086/1086/1086 1005/1005/1005 1087/1087/1087
f 1090/1090/1090 1010/1010/1010 1091/1091/1091
f 1094/1094/1094 1014/1014/1014 1095/1095/1095
f 1095/1095/1095 1015/1015/1015 1096/1096/1096
f 1098/1098/1098 1018/1018/1018 1099/1099/1099
f 1099/1099/1099 1019/1019/1019 1100/1100/1100
f 1102/1102/1102 1024/1024/1024 1103/1103/1103
f 1105/1105/1105 1028/1028/1028 1106/1106/1106
f 1107/1107/1107 1030/1030/1030 1108/1108/1108
f 1110/1110/1110 1033/1033/1033 1111/1111/1111
f 1115/1115/1115 1038/1038/1038 1116/1116/1116
f 1116/1116/1116 1039/1039/1039 1117/1117/1117
f 1117/1117/1117 1040/1040/1040 1118/1118/1118
f 1121/1121/1121 1042/1042/1042 1122/1122/1122
f 1122/1122/1122 1043/1043/1043 1123/1123/1123
f 1124/1124/1124 1045/1045/1045 1125/1125/1125
f 1128/1128/1128 1047/1047/1047 1127/1127/1127
f 1129/1129/1129 1048/1048/1048 1128/1128/1128
f 1130/1130/1130 1049/1049/1049 1129/1129/1129
f 1131/1131/1131 1050/1050/1050 1130/1130/1130
f 1132/1132/1132 1051/1051/1051 1131/1131/1131
f 1133/1133/1133 1052/1052/1052 1132/1132/1132
f 1134/1134/1134 1053/1053/1053 1133/1133/1133
f 1137/1137/1137 1056/1056/1056 1136/1136/1136
f 1140/1140/1140 1059/1059/1059 1139/1139/1139
f 1141/1141/1141 1060/1060/1060 1140/1140/1140
f 1142/1142/1142 1061/1061/1061 1141/1141/1141
f 1143/1143/1143 1062/1062/1062 1142/1142/1142
f 1144/1144/1144 1063/1063/1063 1143/1143/1143
f 1145/1145/1145 1064/1064/1064 1144/1144/1144
f 1146/1146/1146 1065/1065/1065 1145/1145/1145
f 1161/1161/1161 1080/1080/1080 1162/1162/1162
f 1165/1165/1165 1085/1085/1085 1166/1166/1166
f 1169/1169/1169 1089/1089/1089 1170/1170/1170
f 1173/1173/1173 1093/1093/1093 1174/1174/1174
f 1175/1175/1175 1096/1096/1096 1176/1176/1176
f 1176/1176/1176 1097/1097/1097 1177/1177/1177
f 1179/1179/1179 1101/1101/1101 1180/1180/1180
f 1183/1183/1183 1107/1107/1107 1184/1184/1184
f 1185/1185/1185 1109/1109/1109 1186/1186/1186
f 1188/1188/1188 1111/1111/1111 1189/1189/1189
f 1196/1196/1196 1119/1119/1119 1197/1197/1197
f 1199/1199/1199 1123/1123/1123 1200/1200/1200
f 1201/1201/1201 1125/1125/1125 1202/1202/1202
f 1205/1205/1205 1128/1128/1128 1204/1204/1204
f 1206/1206/1206 1129/1129/1129 1205/1205/1205
f 1207/1207/1207 1130/1130/1130 1206/1206/1206
f 1208/1208/1208 1131/1131/1131 1207/1207/1207
f 1209/1209/1209 1132/1132/1132 1208/1208/1208
f 1210/1210/1210 1133/1133/1133 1209/1209/1209
f 1211/1211/1211 1134/1134/1134 1210/1210/1210
f 1213/1213/1213 1136/1136/1136 1212/1212/1212
f 1218/1218/1218 1141/1141/1141 1217/1217/1217
f 1219/1219/1219 1142/1142/1142 1218/1218/1218
f 1220/1220/1220 1143/1143/1143 1219/1219/1219
f 1221/1221/1221 1144/1144/1144 1220/1220/1220
f 1222/1222/1222 1145/1145/1145 1221/1221/1221
f 1238/1238/1238 1164/1164/1164 1239/1239/1239
f 1242/1242/1242 1168/1168/1168 1243/1243/1243
f 1247/1247/1247 1172/1172/1172 1248/1248/1248
f 1253/1253/1253 1176/1176/1176 1254/1254/1254
f 1254/1254/1254 1177/1177/1177 1255/1255/1255
f 1258/1258/1258 1179/1179/1179 1259/1259/1259
f 1261/1261/1261 1182/1182/1182 1262/1262/1262
f 1264/1264/1264 1186/1186/1186 1265/1265/1265
f 1265/1265/1265 1187/1187/1187 1266/1266/1266
f 1267/1267/1267 1189/1189/1189 1268/1268/1268
f 1269/1269/1269 1191/1191/1191 1270/1270/1270
f 1278/1278/1278 1201/1201/1201 1279/1279/1279
f 1279/1279/1279 1202/1202/1202 1280/1280/1280
f 1283/1283/1283 1204/1204/1204 1282/1282/1282
f 1284/1284/1284 1205/1205/1205 1283/1283/1283
f 1285/1285/1285 1206/1206/1206 1284/1284/1284
f 1286/1286/1286 1207/1207/1207 1285/1285/1285
f 1287/1287/1287 1208/1208/1208 1286/1286/1286
f 1288/1288/1288 1209/1209/1209 1287/1287/1287
f 1289/1289/1289 1210/1210/1210 1288/1288/1288
f 1290/1290/1290 1211/1211/1211 1289/1289/1289
f 1291/1291/1291 1212/1212/1212 1290/1290/1290
f 1297/1297/1297 1218/1218/1218 1296/1296/1296
f 1298/1298/1298 1219/1219/1219 1297/1297/1297
f 1299/1299/1299 1220/1220/1220 1298/1298/1298
f 1300/1300/1300 1221/1221/1221 1299/1299/1299
f 1316/1316/1316 1237/1237/1237 1317/1317/1317
f 1320/1320/1320 1241/1241/1241 1321/1321/1321
f 1323/1323/1323 1244/1244/1244 1324/1324/1324
f 1327/1327/1327 1249/1249/1249 1328/1328/1328
f 1329/1329/1329 1252/1252/1252 1330/1330/1330
f 1331/1331/1331 1256/1256/1256 1332/1332/1332
f 1332/1332/1332 1257/1257/1257 1333/1333/1333
f 1335/1335/1335 1261/1261/1261 1336/1336/1336
f 1337/1337/1337 1263/1263/1263 1338/1338/1338
f 1339/1339/1339 1266/1266/1266 1340/1340/1340
f 1343/1343/1343 1269/1269/1269 1344/1344/1344
f 1344/1344/1344 1270/1270/1270 1345/1345/1345
f 1353/1353/1353 1279/1279/1279 1354/1354/1354
f 1358/1358/1358 1283/1283/1283 1357/1357/1357
f 1359/1359/1359 1284/1284/1284 1358/1358/1358
f 1360/1360/1360 1285/1285/1285 1359/1359/1359
f 1361/1361/1361 1286/1286/1286 1360/1360/1360
f 1362/1362/1362 1287/1287/1287 1361/1361/1361
f 1363/1363/1363 1288/1288/1288 1362/1362/1362
f 1364/1364/1364 1289/1289/1289 1363/1363/1363
f 1365/1365/1365 1290/1290/1290 1364/1364/1364
f 1373/1373/1373 1298/1298/1298 1372/1372/1372
f 1374/1374/1374 1299/1299/1299 1373/1373/1373
f 1392/1392/1392 1319/1319/1319 1393/1393/1393
f 1395/1395/1395 1322/1322/1322 1396/1396/1396
f 1399/1399/1399 1326/1326/1326 1400/1400/1400
f 1403/1403/1403 1330/1330/1330 1404/1404/1404
f 1406/1406/1406 1332/1332/1332 1407/1407/1407
f 1408/1408/1408 1334/1334/1334 1409/1409/1409
f 1410/1410/1410 1337/1337/1337 1411/1411/1411
f 1411/1411/1411 1338/1338/1338 1412/1412/1412
f 1414/1414/1414 1340/1340/1340 1415/1415/1415
f 1415/1415/1415 1341/1341/1341 1416/1416/1416
f 1428/1428/1428 1355/1355/1355 1429/1429/1429
f 1433/1433/1433 1359/1359/1359 1432/1432/1432
f 1434/1434/1434 1360/1360/1360 1433/1433/1433
f 1435/1435/1435 1361/1361/1361 1434/1434/1434
f 1436/1436/1436 1362/1362/1362 1435/1435/1435
f 1437/1437/1437 1363/1363/1363 1436/1436/1436
f 1445/1445/1445 1371/1371/1371 1444/1444/1444
f 1446/1446/1446 1372/1372/1372 1445/1445/1445
f 1447/1447/1447 1373/1373/1373 1446/1446/1446
f 1468/1468/1468 1394/1394/1394 1469/1469/1469
f 1472/1472/1472 1398/1398/1398 1473/1473/1473
f 1476/1476/1476 1402/1402/1402 1477/1477/1477
f 1479/1479/1479 1405/1405/1405 1480/1480/1480
f 1482/1482/1482 1408/1408/1408 1483/1483/1483
f 1483/1483/1483 1409/1409/1409 1484/1484/1484
f 1486/1486/1486 1411/1411/1411 1487/1487/1487
f 1488/1488/1488 1413/1413/1413 1489/1489/1489
f 1492/1492/1492 1416/1416/1416 1493/1493/1493
f 1493/1493/1493 1417/1417/1417 1494/1494/1494
f 1500/1500/1500 1424/1424/1424 1501/1501/1501
f 1501/1501/1501 1425/1425/1425 1502/1502/1502
f 1507/1507/1507 1433/1433/1433 1506/1506/1506
f 1508/1508/1508 1434/1434/1434 1507/1507/1507
f 1509/1509/1509 1435/1435/1435 1508/1508/1508
f 1510/1510/1510 1436/1436/1436 1509/1509/1509
f 1513/1513/1513 1439/1439/1439 1512/1512/1512
f 1516/1516/1516 1442/1442/1442 1515/1515/1515
f 1517/1517/1517 1443/1443/1443 1516/1516/1516
f 1518/1518/1518 1444/1444/1444 1517/1517/1517
f 1519/1519/1519 1445/1445/1445 1518/1518/1518
f 1520/1520/1520 1446/1446/1446 1519/1519/1519
f 1537/1537/1537 1467/1467/1467 1538/1538/1538
f 1541/1541/1541 1471/1471/1471 1542/1542/1542
f 1546/1546/1546 1475/1475/1475 1547/1547/1547
f 1549/1549/1549 1478/1478/1478 1550/1550/1550
f 1552/1552/1552 1481/1481/1481 1553/1553/1553
f 1555/1555/1555 1484/1484/1484 1556/1556/1556
f 1556/1556/1556 1485/1485/1485 1557/1557/1557
f 1560/1560/1560 1488/1488/1488 1561/1561/1561
f 1561/1561/1561 1489/1489/1489 1562/1562/1562
f 1562/1562/1562 1490/1490/1490 1563/1563/1563
f 1563/1563/1563 1491/1491/1491 1564/1564/1564
f 1567/1567/1567 1495/1495/1495 1568/1568/1568
f 1568/1568/1568 1496/1496/1496 1569/1569/1569
f 1580/1580/1580 1507/1507/1507 1579/1579/1579
f 1581/1581/1581 1508/1508/1508 1580/1580/1580
f 1582/1582/1582 1509/1509/1509 1581/1581/1581
f 1583/1583/1583 1510/1510/1510 1582/1582/1582
f 1584/1584/1584 1511/1511/1511 1583/1583/1583
f 1585/1585/1585 1512/1512/1512 1584/1584/1584
f 1586/1586/1586 1513/1513/1513 1585/1585/1585
f 1587/1587/1587 1514/1514/1514 1586/1586/1586
f 1588/1588/1588 1515/1515/1515 1587/1587/1587
f 1589/1589/1589 1516/1516/1516 1588/1588/1588
f 1590/1590/1590 1517/1517/1517 1589/1589/1589
f 1591/1591/1591 1518/1518/1518 1590/1590/1590
f 1592/1592/1592 1519/1519/1519 1591/1591/1591
f 1612/1612/1612 1540/1540/1540 1613/1613/1613
f 1615/1615/1615 1543/1543/1543 1616/1616/1616
f 1619/1619/1619 1548/1548/1548 1620/1620/1620
f 1621/1621/1621 1551/1551/1551 1622/1622/1622
f 1623/1623/1623 1554/1554/1554 1624/1624/1624
f 1626/1626/1626 1558/1558/1558 1627/1627/1627
f 1627/1627/1627 1559/1559/1559 1628/1628/1628
f 1630/1630/1630 1563/1563/1563 1631/1631/1631
f 1632/1632/1632 1565/1565/1565 1633/1633/1633
f 1633/1633/1633 1566/1566/1566 1634/1634/1634
f 1637/1637/1637 1570/1570/1570 1638/1638/1638
f 1638/1638/1638 1571/1571/1571 1639/1639/1639
f 1648/1648/1648 1580/1580/1580 1647/1647/1647
f 1649/1649/1649 1581/1581/1581 1648/1648/1648
f 1650/1650/1650 1582/1582/1582 1649/1649/1649
f 1651/1651/1651 1583/1583/1583 1650/1650/1650
f 1652/1652/1652 1584/1584/1584 1651/1651/1651
f 1653/1653/1653 1585/1585/1585 1652/1652/1652
f 1654/1654/1654 1586/1586/1586 1653/1653/1653
f 1655/1655/1655 1587/1587/1587 1654/1654/1654
f 1656/1656/1656 1588/1588/1588 1655/1655/1655
f 1657/1657/1657 1589/1589/1589 1656/1656/1656
f 1658/1658/1658 1590/1590/1590 1657/1657/1657
f 1659/1659/1659 1591/1591/1591 1658/1658/1658
f 1675/1675/1675 1609/1609/1609 1676/1676/1676
f 1679/1679/1679 1614/1614/1614 1680/1680/1680
f 1684/1684/1684 1618/1618/1618 1685/1685/1685
f 1689/1689/1689 1622/1622/1622 1690/1690/1690
f 1692/1692/1692 1624/1624/1624 1693/1693/1693
f 1696/1696/1696 1626/1626/1626 1697/1697/1697
f 1697/1697/1697 1627/1627/1627 1698/1698/1698
f 1699/1699/1699 1629/1629/1629 1700/1700/1700
f 1704/1704/1704 1632/1632/1632 1705/1705/1705
f 1705/1705/1705 1633/1633/1633 1706/1706/1706
f 1708/1708/1708 1636/1636/1636 1709/1709/1709
f 1716/1716/1716 1640/1640/1640 1717/1717/1717
f 1717/1717/1717 1641/1641/1641 1718/1718/1718
f 1718/1718/1718 1642/1642/1642 1719/1719/1719
f 1719/1719/1719 1643/1643/1643 1720/1720/1720
f 1720/1720/1720 1644/1644/1644 1721/1721/1721
f 1725/1725/1725 1648/1648/1648 1724/1724/1724
f 1726/1726/1726 1649/1649/1649 1725/1725/1725
f 1727/1727/1727 1650/1650/1650 1726/1726/1726
f 1728/1728/1728 1651/1651/1651 1727/1727/1727
f 1729/1729/1729 1652/1652/1652 1728/1728/1728
f 1730/1730/1730 1653/1653/1653 1729/1729/1729
f 1731/1731/1731 1654/1654/1654 1730/1730/1730
f 1732/1732/1732 1655/1655/1655 1731/1731/1731
f 1733/1733/1733 1656/1656/1656 1732/1732/1732
f 1734/1734/1734 1657/1657/1657 1733/1733/1733
f 1735/1735/1735 1658/1658/1658 1734/1734/1734
f 1739/1739/1739 1662/1662/1662 1738/1738/1738
f 1753/1753/1753 1678/1678/1678 1754/1754/1754
f 1756/1756/1756 1681/1681/1681 1757/1757/1757
f 1761/1761/1761 1686/1686/1686 1762/1762/1762
f 1766/1766/1766 1691/1691/1691 1767/1767/1767
f 1769/1769/1769 1694/1694/1694 1770/1770/1770
f 1770/1770/1770 1695/1695/1695 1771/1771/1771
f 1772/1772/1772 1699/1699/1699 1773/1773/1773
f 1773/1773/1773 1700/1700/1700 1774/1774/1774
f 1774/1774/1774 1701/1701/1701 1775/1775/1775
f 1775/1775/1775 1702/1702/1702 1776/1776/1776
f 1776/1776/1776 1703/1703/1703 1777/1777/1777
f 1780/1780/1780 1708/1708/1708 1781/1781/1781
f 1783/1783/1783 1711/1711/1711 1784/1784/1784
f 1784/1784/1784 1712/1712/1712 1785/1785/1785
f 1785/1785/1785 1713/1713/1713 1786/1786/1786
f 1786/1786/1786 1714/1714/1714 1787/1787/1787
f 1794/1794/1794 1727/1727/1727 1793/1793/1793
f 1795/1795/1795 1728/1728/1728 1794/1794/1794
f 1796/1796/1796 1729/1729/1729 1795/1795/1795
f 1797/1797/1797 1730/1730/1730 1796/1796/1796
f 1798/1798/1798 1731/1731/1731 1797/1797/1797
f 1799/1799/1799 1732/1732/1732 1798/1798/1798
f 1800/1800/1800 1733/1733/1733 1799/1799/1799
f 1801/1801/1801 1734/1734/1734 1800/1800/1800
f 1826/1826/1826 1755/1755/1755 1827/1827/1827
f 1829/1829/1829 1758/1758/1758 1830/1830/1830
f 1837/1837/1837 1764/1764/1764 1838/1838/1838
f 1838/1838/1838 1765/1765/1765 1839/1839/1839
f 1848/1848/1848 1771/1771/1771 1849/1849/1849
f 1856/1856/1856 1773/1773/1773 1857/1857/1857
f 1860/1860/1860 1777/1777/1777 1861/1861/1861
f 1861/1861/1861 1778/1778/1778 1862/1862/1862
f 1862/1862/1862 1779/1779/1779 1863/1863/1863
f 1867/1867/1867 1783/1783/1783 1868/1868/1868
f 1868/1868/1868 1784/1784/1784 1869/1869/1869
f 1869/1869/1869 1785/1785/1785 1870/1870/1870
f 1880/1880/1880 1798/1798/1798 1879/1879/1879
f 1881/1881/1881 1799/1799/1799 1880/1880/1880
f 1882/1882/1882 1800/1800/1800 1881/1881/1881
f 1914/1914/1914 1831/1831/1831 1915/1915/1915
f 1919/1919/1919 1836/1836/1836 1920/1920/1920
f 1926/1926/1926 1840/1840/1840 1927/1927/1927
f 1927/1927/1927 1841/1841/1841 1928/1928/1928
f 1933/1933/1933 1845/1845/1845 1934/1934/1934
f 1935/1935/1935 1847/1847/1847 1936/1936/1936
f 1939/1939/1939 1854/1854/1854 1940/1940/1940
f 1940/1940/1940 1855/1855/1855 1941/1941/1941
f 1945/1945/1945 1863/1863/1863 1946/1946/1946
f 1946/1946/1946 1864/1864/1864 1947/1947/1947
f 1947/1947/1947 1865/1865/1865 1948/1948/1948
f 1948/1948/1948 1866/1866/1866 1949/1949/1949
f 1953/1953/1953 1871/1871/1871 1954/1954/1954
f 1954/1954/1954 1872/1872/1872 1955/1955/1955
f 1964/1964/1964 1889/1889/1889 1963/1963/1963
f 1974/1974/1974 1897/1897/1897 1973/1973/1973
f 1975/1975/1975 1898/1898/1898 1974/1974/1974
f 2004/2004/2004 1916/1916/1916 2005/2005/2005
f 2020/2020/2020 1921/1921/1921 2021/2021/2021
f 2024/2024/2024 1925/1925/1925 2025/2025/2025
f 2029/2029/2029 1932/1932/1932 2030/2030/2030
f 2034/2034/2034 1938/1938/1938 2035/2035/2035
f 2039/2039/2039 1942/1942/1942 2040/2040/2040
f 2041/2041/2041 1944/1944/1944 2042/2042/2042
f 2047/2047/2047 1949/1949/1949 2048/2048/2048
f 2048/2048/2048 1950/1950/1950 2049/2049/2049
f 2049/2049/2049 1951/1951/1951 2050/2050/2050
f 2055/2055/2055 1968/1968/1968 2054/2054/2054
f 2056/2056/2056 1969/1969/1969 2055/2055/2055
f 2077/2077/2077 1992/1992/1992 2076/2076/2076
f 2079/2079/2079 1994/1994/1994 2078/2078/2078
f 2117/2117/2117 2008/2008/2008 2118/2118/2118
f 2118/2118/2118 2009/2009/2009 2119/2119/2119
f 2120/2120/2120 2011/2011/2011 2121/2121/2121
f 2125/2125/2125 2013/2013/2013 2126/2126/2126
f 2127/2127/2127 2019/2019/2019 2128/2128/2128
f 2132/2132/2132 2028/2028/2028 2133/2133/2133
f 2137/2137/2137 2033/2033/2033 2138/2138/2138
f 2144/2144/2144 2038/2038/2038 2145/2145/2145
f 2150/2150/2150 2043/2043/2043 2151/2151/2151
f 2157/2157/2157 2072/2072/2072 2156/2156/2156
f 2185/2185/2185 2124/2124/2124 2186/2186/2186
f 2192/2192/2192 2131/2131/2131 2193/2193/2193
f 2198/2198/2198 2136/2136/2136 2199/2199/2199
f 2203/2203/2203 2141/2141/2141 2204/2204/2204
f 166/166/166 97/97/97 170/170/170
f 171/171/171 95/95/95 167/167/167
f 169/169/169 100/100/100 173/173/173
f 174/174/174 99/99/99 172/172/172
f 179/179/179 108/108/108 181/181/181
f 182/182/182 107/107/107 180/180/180
f 181/181/181 110/110/110 183/183/183
f 184/184/184 109/109/109 182/182/182
f 183/183/183 112/112/112 185/185/185
f 186/186/186 111/111/111 184/184/184
f 191/191/191 120/120/120 193/193/193
f 196/196/196 119/119/119 192/192/192
f 194/194/194 124/124/124 197/197/197
f 200/200/200 122/122/122 195/195/195
f 198/198/198 128/128/128 201/201/201
f 208/208/208 126/126/126 199/199/199
f 204/204/204 136/136/136 209/209/209
f 239/239/239 161/161/161 235/235/235
f 243/243/243 165/165/165 240/240/240
f 242/242/242 170/170/170 246/246/246
f 247/247/247 168/168/168 244/244/244
f 245/245/245 173/173/173 249/249/249
f 251/251/251 172/172/172 247/247/247
f 254/254/254 174/174/174 251/251/251
f 257/257/257 176/176/176 254/254/254
f 260/260/260 178/178/178 257/257/257
f 259/259/259 181/181/181 262/262/262
f 262/262/262 183/183/183 265/265/265
f 270/270/270 184/184/184 266/266/266
f 277/277/277 193/193/193 280/280/280
f 297/297/297 199/199/199 288/288/288
f 294/294/294 209/209/209 298/298/298
f 308/308/308 238/238/238 327/327/327
f 329/329/329 236/236/236 325/325/325
f 326/326/326 242/242/242 331/331/331
f 333/333/333 241/241/241 330/330/330
f 336/336/336 244/244/244 333/333/333
f 335/335/335 250/250/250 339/339/339
f 340/340/340 248/248/248 337/337/337
f 338/338/338 253/253/253 342/342/342
f 344/344/344 252/252/252 340/340/340
f 347/347/347 255/255/255 344/344/344
f 350/350/350 258/258/258 347/347/347
f 349/349/349 262/262/262 352/352/352
f 364/364/364 277/277/277 367/367/367
f 383/383/383 298/298/298 388/388/388
f 397/397/397 295/295/295 384/384/384
f 398/398/398 328/328/328 417/417/417
f 418/418/418 325/325/325 414/414/414
f 416/416/416 332/332/332 422/422/422
f 423/423/423 330/330/330 419/419/419
f 421/421/421 335/335/335 426/426/426
f 427/427/427 334/334/334 424/424/424
f 431/431/431 337/337/337 427/427/427
f 430/430/430 343/343/343 435/435/435
f 436/436/436 341/341/341 432/432/432
f 434/434/434 346/346/346 438/438/438
f 438/438/438 349/349/349 442/442/442
f 448/448/448 351/351/351 444/444/444
f 451/451/451 355/355/355 448/448/448
f 453/453/453 364/364/364 457/457/457
f 473/473/473 381/381/381 477/477/477
f 479/479/479 388/388/388 484/484/484
f 516/516/516 415/415/415 512/512/512
f 514/514/514 422/422/422 521/521/521
f 522/522/522 420/420/420 517/517/517
f 520/520/520 426/426/426 526/526/526
f 528/528/528 425/425/425 523/523/523
f 534/534/534 429/429/429 529/529/529
f 538/538/538 439/439/439 543/543/543
f 543/543/543 443/443/443 548/548/548
f 554/554/554 445/445/445 549/549/549
f 559/559/559 449/449/449 554/554/554
f 558/558/558 453/453/453 563/563/563
f 564/564/564 452/452/452 559/559/559
f 563/563/563 457/457/457 568/568/568
f 587/587/587 477/477/477 592/592/592
f 598/598/598 474/474/474 588/588/588
f 635/635/635 513/513/513 630/630/630
f 642/642/642 519/519/519 637/637/637
f 641/641/641 527/527/527 647/647/647
f 648/648/648 525/525/525 643/643/643
f 646/646/646 533/533/533 651/651/651
f 655/655/655 558/558/558 656/656/656
f 656/656/656 563/563/563 657/657/657
f 680/680/680 592/592/592 687/687/687
f 700/700/700 610/610/610 708/708/708
f 711/711/711 634/634/634 736/736/736
f 738/738/738 632/632/632 731/731/731
f 735/735/735 641/641/641 742/742/742
f 744/744/744 651/651/651 746/746/746
f 746/746/746 652/652/652 748/748/748
f 748/748/748 653/653/653 750/750/750
f 753/753/753 656/656/656 754/754/754
f 758/758/758 665/665/665 759/759/759
f 761/761/761 679/679/679 766/766/766
f 779/779/779 696/696/696 786/786/786
f 789/789/789 707/707/707 796/796/796
f 801/801/801 737/737/737 825/825/825
f 824/824/824 743/743/743 827/827/827
f 828/828/828 747/747/747 829/829/829
f 829/829/829 749/749/749 830/830/830
f 830/830/830 751/751/751 832/832/832
f 831/831/831 752/752/752 833/833/833
f 837/837/837 758/758/758 838/838/838
f 854/854/854 786/786/786 864/864/864
f 904/904/904 827/827/827 907/907/907
f 906/906/906 828/828/828 908/908/908
f 908/908/908 829/829/829 910/910/910
f 915/915/915 834/834/834 916/916/916
f 962/962/962 905/905/905 986/986/986
f 988/988/988 908/908/908 990/990/990
f 995/995/995 915/915/915 997/997/997
f 1046/1046/1046 987/987/987 1070/1070/1070
f 1068/1068/1068 989/989/989 1072/1072/1072
f 1071/1071/1071 990/990/990 1074/1074/1074
f 1076/1076/1076 994/994/994 1077/1077/1077
f 1077/1077/1077 996/996/996 1078/1078/1078
f 1078/1078/1078 998/998/998 1079/1079/1079
f 1126/1126/1126 1070/1070/1070 1149/1149/1149
f 1148/1148/1148 1073/1073/1073 1152/1152/1152
f 1151/1151/1151 1075/1075/1075 1154/1154/1154
f 1153/1153/1153 1076/1076/1076 1155/1155/1155
f 1155/1155/1155 1077/1077/1077 1157/1157/1157
f 1202/1202/1202 1110/1110/1110 1188/1188/1188
f 1203/1203/1203 1150/1150/1150 1226/1226/1226
f 1224/1224/1224 1152/1152/1152 1228/1228/1228
f 1227/1227/1227 1154/1154/1154 1230/1230/1230
f 1230/1230/1230 1156/1156/1156 1232/1232/1232
f 1280/1280/1280 1188/1188/1188 1267/1267/1267
f 1281/1281/1281 1226/1226/1226 1303/1303/1303
f 1302/1302/1302 1229/1229/1229 1306/1306/1306
f 1305/1305/1305 1231/1231/1231 1307/1307/1307
f 1307/1307/1307 1233/1233/1233 1310/1310/1310
f 1309/1309/1309 1234/1234/1234 1312/1312/1312
f 1356/1356/1356 1304/1304/1304 1378/1378/1378
f 1380/1380/1380 1308/1308/1308 1382/1382/1382
f 1382/1382/1382 1311/1311/1311 1385/1385/1385
f 1384/1384/1384 1313/1313/1313 1386/1386/1386
f 1386/1386/1386 1315/1315/1315 1388/1388/1388
f 1429/1429/1429 1342/1342/1342 1417/1417/1417
f 1430/1430/1430 1379/1379/1379 1451/1451/1451
f 1449/1449/1449 1381/1381/1381 1454/1454/1454
f 1454/1454/1454 1383/1383/1383 1458/1458/1458
f 1457/1457/1457 1385/1385/1385 1460/1460/1460
f 1460/1460/1460 1387/1387/1387 1463/1463/1463
f 1465/1465/1465 1391/1391/1391 1466/1466/1466
f 1505/1505/1505 1453/1453/1453 1524/1524/1524
f 1522/1522/1522 1456/1456/1456 1527/1527/1527
f 1526/1526/1526 1459/1459/1459 1529/1529/1529
f 1529/1529/1529 1462/1462/1462 1532/1532/1532
f 1531/1531/1531 1464/1464/1464 1534/1534/1534
f 1533/1533/1533 1465/1465/1465 1535/1535/1535
f 1578/1578/1578 1525/1525/1525 1596/1596/1596
f 1594/1594/1594 1528/1528/1528 1599/1599/1599
f 1598/1598/1598 1530/1530/1530 1602/1602/1602
f 1601/1601/1601 1532/1532/1532 1604/1604/1604
f 1603/1603/1603 1534/1534/1534 1606/1606/1606
f 1606/1606/1606 1536/1536/1536 1608/1608/1608
f 1646/1646/1646 1597/1597/1597 1663/1663/1663
f 1661/1661/1661 1600/1600/1600 1667/1667/1667
f 1665/1665/1665 1602/1602/1602 1668/1668/1668
f 1668/1668/1668 1605/1605/1605 1671/1671/1671
f 1670/1670/1670 1607/1607/1607 1673/1673/1673
f 1672/1672/1672 1608/1608/1608 1675/1675/1675
f 1723/1723/1723 1664/1664/1664 1740/1740/1740
f 1737/1737/1737 1667/1667/1667 1742/1742/1742
f 1741/1741/1741 1669/1669/1669 1745/1745/1745
f 1744/1744/1744 1671/1671/1671 1747/1747/1747
f 1747/1747/1747 1674/1674/1674 1750/1750/1750
f 1749/1749/1749 1676/1676/1676 1751/1751/1751
f 1789/1789/1789 1740/1740/1740 1805/1805/1805
f 1803/1803/1803 1743/1743/1743 1811/1811/1811
f 1810/1810/1810 1746/1746/1746 1815/1815/1815
f 1814/1814/1814 1748/1748/1748 1818/1818/1818
f 1817/1817/1817 1750/1750/1750 1820/1820/1820
f 1820/1820/1820 1752/1752/1752 1823/1823/1823
f 1874/1874/1874 1809/1809/1809 1888/1888/1888
f 1884/1884/1884 1813/1813/1813 1896/1896/1896
f 1894/1894/1894 1816/1816/1816 1902/1902/1902
f 1901/1901/1901 1819/1819/1819 1905/1905/1905
f 1908/1908/1908 1825/1825/1825 1910/1910/1910
f 1910/1910/1910 1828/1828/1828 1912/1912/1912
f 1957/1957/1957 1893/1893/1893 1967/1967/1967
f 1962/1962/1962 1900/1900/1900 1976/1976/1976
f 1972/1972/1972 1904/1904/1904 1982/1982/1982
f 1981/1981/1981 1907/1907/1907 1990/1990/1990
f 1989/1989/1989 1909/1909/1909 1997/1997/1997
f 2000/2000/2000 1913/1913/1913 2002/2002/2002
f 2052/2052/2052 1980/1980/1980 2060/2060/2060
f 2058/2058/2058 1988/1988/1988 2067/2067/2067
f 2066/2066/2066 1996/1996/1996 2080/2080/2080
f 2075/2075/2075 1999/1999/1999 2087/2087/2087
f 2086/2086/2086 2001/2001/2001 2096/2096/2096
f 2126/2126/2126 2006/2006/2006 2116/2116/2116
f 2155/2155/2155 2085/2085/2085 2161/2161/2161
f 2159/2159/2159 2095/2095/2095 2165/2165/2165
f 2165/2165/2165 2105/2105/2105 2172/2172/2172
f 2171/2171/2171 2114/2114/2114 2178/2178/2178
f 171/171/171 167/167/167 168/168/168
f 239/239/239 235/235/235 236/236/236
f 243/243/243 240/240/240 241/241/241
f 250/250/250 246/246/246 245/245/245
f 251/251/251 247/247/247 248/248/248
f 263/263/263 260/260/260 261/261/261
f 266/266/266 263/263/263 264/264/264
f 270/270/270 266/266/266 267/267/267
f 328/328/328 309/309/309 308/308/308
f 332/332/332 327/327/327 326/326/326
f 336/336/336 333/333/333 334/334/334
f 343/343/343 339/339/339 338/338/338
f 344/344/344 340/340/340 341/341/341
f 354/354/354 350/350/350 351/351/351
f 358/358/358 354/354/354 355/355/355
f 418/418/418 414/414/414 415/415/415
f 423/423/423 419/419/419 420/420/420
f 427/427/427 424/424/424 425/425/425
f 431/431/431 427/427/427 428/428/428
f 432/432/432 428/428/428 429/429/429
f 436/436/436 432/432/432 433/433/433
f 439/439/439 435/435/435 434/434/434
f 440/440/440 436/436/436 437/437/437
f 444/444/444 440/440/440 441/441/441
f 516/516/516 512/512/512 513/513/513
f 522/522/522 517/517/517 518/518/518
f 523/523/523 518/518/518 519/519/519
f 527/527/527 521/521/521 520/520/520
f 528/528/528 523/523/523 524/524/524
f 529/529/529 524/524/524 525/525/525
f 534/534/534 529/529/529 530/530/530
f 535/535/535 530/530/530 531/531/531
f 539/539/539 534/534/534 535/535/535
f 544/544/544 539/539/539 540/540/540
f 549/549/549 544/544/544 545/545/545
f 555/555/555 550/550/550 551/551/551
f 560/560/560 555/555/555 556/556/556
f 564/564/564 559/559/559 560/560/560
f 565/565/565 560/560/560 561/561/561
f 635/635/635 630/630/630 631/631/631
f 636/636/636 631/631/631 632/632/632
f 642/642/642 637/637/637 638/638/638
f 648/648/648 643/643/643 644/644/644
f 676/676/676 668/668/668 669/669/669
f 707/707/707 699/699/699 700/700/700
f 737/737/737 712/712/712 711/711/711
f 738/738/738 731/731/731 732/732/732
f 743/743/743 736/736/736 735/735/735
f 747/747/747 745/745/745 744/744/744
f 751/751/751 749/749/749 748/748/748
f 773/773/773 763/763/763 764/764/764
f 860/860/860 848/848/848 849/849/849
f 861/861/861 849/849/849 850/850/850
f 987/987/987 963/963/963 962/962/962
f 994/994/994 992/992/992 991/991/991
f 1038/1038/1038 1021/1021/1021 1022/1022/1022
f 1073/1073/1073 1069/1069/1069 1068/1068/1068
f 1075/1075/1075 1072/1072/1072 1071/1071/1071
f 1150/1150/1150 1127/1127/1127 1126/1126/1126
f 1156/1156/1156 1154/1154/1154 1153/1153/1153
f 1160/1160/1160 1158/1158/1158 1157/1157/1157
f 1229/1229/1229 1225/1225/1225 1224/1224/1224
f 1231/1231/1231 1228/1228/1228 1227/1227/1227
f 1233/1233/1233 1231/1231/1231 1230/1230/1230
f 1304/1304/1304 1282/1282/1282 1281/1281/1281
f 1308/1308/1308 1306/1306/1306 1305/1305/1305
f 1311/1311/1311 1308/1308/1308 1307/1307/1307
f 1313/1313/1313 1310/1310/1310 1309/1309/1309
f 1379/1379/1379 1357/1357/1357 1356/1356/1356
f 1381/1381/1381 1377/1377/1377 1376/1376/1376
f 1383/1383/1383 1381/1381/1381 1380/1380/1380
f 1387/1387/1387 1385/1385/1385 1384/1384/1384
f 1389/1389/1389 1387/1387/1387 1386/1386/1386
f 1429/1429/1429 1417/1417/1417 1416/1416/1416
f 1452/1452/1452 1431/1431/1431 1430/1430/1430
f 1453/1453/1453 1432/1432/1432 1431/1431/1431
f 1456/1456/1456 1451/1451/1451 1450/1450/1450
f 1459/1459/1459 1455/1455/1455 1454/1454/1454
f 1461/1461/1461 1458/1458/1458 1457/1457/1457
f 1462/1462/1462 1459/1459/1459 1458/1458/1458
f 1464/1464/1464 1461/1461/1461 1460/1460/1460
f 1525/1525/1525 1506/1506/1506 1505/1505/1505
f 1528/1528/1528 1523/1523/1523 1522/1522/1522
f 1530/1530/1530 1527/1527/1527 1526/1526/1526
f 1536/1536/1536 1534/1534/1534 1533/1533/1533
f 1597/1597/1597 1579/1579/1579 1578/1578/1578
f 1600/1600/1600 1595/1595/1595 1594/1594/1594
f 1605/1605/1605 1602/1602/1602 1601/1601/1601
f 1607/1607/1607 1604/1604/1604 1603/1603/1603
f 1664/1664/1664 1647/1647/1647 1646/1646/1646
f 1669/1669/1669 1666/1666/1666 1665/1665/1665
f 1674/1674/1674 1671/1671/1671 1670/1670/1670
f 1676/1676/1676 1673/1673/1673 1672/1672/1672
f 1706/1706/1706 1702/1702/1702 1701/1701/1701
f 1718/1718/1718 1711/1711/1711 1710/1710/1710
f 1719/1719/1719 1712/1712/1712 1711/1711/1711
f 1720/1720/1720 1713/1713/1713 1712/1712/1712
f 1721/1721/1721 1714/1714/1714 1713/1713/1713
f 1743/1743/1743 1738/1738/1738 1737/1737/1737
f 1746/1746/1746 1742/1742/1742 1741/1741/1741
f 1748/1748/1748 1745/1745/1745 1744/1744/1744
f 1752/1752/1752 1750/1750/1750 1749/1749/1749
f 1806/1806/1806 1790/1790/1790 1789/1789/1789
f 1809/1809/1809 1793/1793/1793 1792/1792/1792
f 1812/1812/1812 1804/1804/1804 1803/1803/1803
f 1813/1813/1813 1805/1805/1805 1804/1804/1804
f 1816/1816/1816 1811/1811/1811 1810/1810/1810
f 1819/1819/1819 1815/1815/1815 1814/1814/1814
f 1821/1821/1821 1818/1818/1818 1817/1817/1817
f 1822/1822/1822 1819/1819/1819 1818/1818/1818
f 1824/1824/1824 1821/1821/1821 1820/1820/1820
f 1828/1828/1828 1825/1825/1825 1824/1824/1824
f 1850/1850/1850 1844/1844/1844 1843/1843/1843
f 1860/1860/1860 1853/1853/1853 1852/1852/1852
f 1869/1869/1869 1865/1865/1865 1864/1864/1864
f 1889/1889/1889 1875/1875/1875 1874/1874/1874
f 1893/1893/1893 1879/1879/1879 1878/1878/1878
f 1897/1897/1897 1885/1885/1885 1884/1884/1884
f 1898/1898/1898 1886/1886/1886 1885/1885/1885
f 1899/1899/1899 1887/1887/1887 1886/1886/1886
f 1900/1900/1900 1888/1888/1888 1887/1887/1887
f 1903/1903/1903 1895/1895/1895 1894/1894/1894
f 1904/1904/1904 1896/1896/1896 1895/1895/1895
f 1906/1906/1906 1902/1902/1902 1901/1901/1901
f 1907/1907/1907 1903/1903/1903 1902/1902/1902
f 1909/1909/1909 1906/1906/1906 1905/1905/1905
f 1911/1911/1911 1909/1909/1909 1908/1908/1908
f 1913/1913/1913 1911/1911/1911 1910/1910/1910
f 1929/1929/1929 1923/1923/1923 1922/1922/1922
f 1930/1930/1930 1924/1924/1924 1923/1923/1923
f 1947/1947/1947 1943/1943/1943 1942/1942/1942
f 1955/1955/1955 1951/1951/1951 1950/1950/1950
f 1968/1968/1968 1958/1958/1958 1957/1957/1957
f 1977/1977/1977 1963/1963/1963 1962/1962/1962
f 1979/1979/1979 1965/1965/1965 1964/1964/1964
f 1980/1980/1980 1966/1966/1966 1965/1965/1965
f 1983/1983/1983 1973/1973/1973 1972/1972/1972
f 1985/1985/1985 1975/1975/1975 1974/1974/1974
f 1986/1986/1986 1976/1976/1976 1975/1975/1975
f 1988/1988/1988 1978/1978/1978 1977/1977/1977
f 1991/1991/1991 1982/1982/1982 1981/1981/1981
f 1992/1992/1992 1983/1983/1983 1982/1982/1982
f 1995/1995/1995 1986/1986/1986 1985/1985/1985
f 1996/1996/1996 1987/1987/1987 1986/1986/1986
f 1998/1998/1998 1990/1990/1990 1989/1989/1989
f 1999/1999/1999 1991/1991/1991 1990/1990/1990
f 2001/2001/2001 1998/1998/1998 1997/1997/1997
f 2003/2003/2003 2001/2001/2001 2000/2000/2000
f 2014/2014/2014 2007/2007/2007 2006/2006/2006
f 2015/2015/2015 2008/2008/2008 2007/2007/2007
f 2016/2016/2016 2009/2009/2009 2008/2008/2008
f 2026/2026/2026 2018/2018/2018 2017/2017/2017
f 2031/2031/2031 2027/2027/2027 2026/2026/2026
f 2036/2036/2036 2032/2032/2032 2031/2031/2031
f 2050/2050/2050 2045/2045/2045 2044/2044/2044
f 2061/2061/2061 2053/2053/2053 2052/2052/2052
f 2068/2068/2068 2059/2059/2059 2058/2058/2058
f 2069/2069/2069 2060/2060/2060 2059/2059/2059
f 2072/2072/2072 2063/2063/2063 2062/2062/2062
f 2073/2073/2073 2064/2064/2064 2063/2063/2063
f 2081/2081/2081 2067/2067/2067 2066/2066/2066
f 2084/2084/2084 2070/2070/2070 2069/2069/2069
f 2085/2085/2085 2071/2071/2071 2070/2070/2070
f 2088/2088/2088 2076/2076/2076 2075/2075/2075
f 2089/2089/2089 2077/2077/2077 2076/2076/2076
f 2091/2091/2091 2079/2079/2079 2078/2078/2078
f 2092/2092/2092 2080/2080/2080 2079/2079/2079
f 2095/2095/2095 2083/2083/2083 2082/2082/2082
f 2097/2097/2097 2087/2087/2087 2086/2086/2086
f 2098/2098/2098 2088/2088/2088 2087/2087/2087
f 2100/2100/2100 2090/2090/2090 2089/2089/2089
f 2105/2105/2105 2095/2095/2095 2094/2094/2094
f 2107/2107/2107 2097/2097/2097 2096/2096/2096
f 2109/2109/2109 2099/2099/2099 2098/2098/2098
f 2111/2111/2111 2101/2101/2101 2100/2100/2100
f 2112/2112/2112 2102/2102/2102 2101/2101/2101
f 2113/2113/2113 2103/2103/2103 2102/2102/2102
f 2114/2114/2114 2104/2104/2104 2103/2103/2103
f 2117/2117/2117 2108/2108/2108 2107/2107/2107
f 2118/2118/2118 2109/2109/2109 2108/2108/2108
f 2119/2119/2119 2110/2110/2110 2109/2109/2109
f 2122/2122/2122 2113/2113/2113 2112/2112/2112
f 2123/2123/2123 2114/2114/2114 2113/2113/2113
f 2126/2126/2126 2116/2116/2116 2115/2115/2115
f 2129/2129/2129 2123/2123/2123 2122/2122/2122
f 2134/2134/2134 2130/2130/2130 2129/2129/2129
f 2139/2139/2139 2135/2135/2135 2134/2134/2134
f 2146/2146/2146 2140/2140/2140 2139/2139/2139
f 2152/2152/2152 2147/2147/2147 2146/2146/2146
f 2153/2153/2153 2148/2148/2148 2147/2147/2147
f 2162/2162/2162 2156/2156/2156 2155/2155/2155
f 2163/2163/2163 2157/2157/2157 2156/2156/2156
f 2166/2166/2166 2160/2160/2160 2159/2159/2159
f 2167/2167/2167 2161/2161/2161 2160/2160/2160
f 2173/2173/2173 2166/2166/2166 2165/2165/2165
f 2179/2179/2179 2172/2172/2172 2171/2171/2171
f 2180/2180/2180 2173/2173/2173 2172/2172/2172
f 2188/2188/2188 2181/2181/2181 2180/2180/2180
f 2189/2189/2189 2182/2182/2182 2181/2181/2181
f 2190/2190/2190 2183/2183/2183 2182/2182/2182
f 2195/2195/2195 2189/2189/2189 2188/2188/2188
f 2196/2196/2196 2190/2190/2190 2189/2189/2189
f 2201/2201/2201 2196/2196/2196 2195/2195/2195
f 147/147/147 75/75/75 74/74/74
f 148/148/148 76/76/76 75/75/75
f 149/149/149 77/77/77 76/76/76
f 150/150/150 78/78/78 77/77/77
f 151/151/151 79/79/79 78/78/78
f 152/152/152 80/80/80 79/79/79
f 153/153/153 81/81/81 80/80/80
f 154/154/154 82/82/82 81/81/81
f 155/155/155 83/83/83 82/82/82
f 156/156/156 84/84/84 83/83/83
f 157/157/157 85/85/85 84/84/84
f 158/158/158 86/86/86 85/85/85
f 159/159/159 87/87/87 86/86/86
f 160/160/160 88/88/88 87/87/87
f 163/163/163 91/91/91 90/90/90
f 165/165/165 93/93/93 92/92/92
f 170/170/170 97/97/97 96/96/96
f 197/197/197 124/124/124 125/125/125
f 199/199/199 126/126/126 127/127/127
f 201/201/201 128/128/128 129/129/129
f 203/203/203 130/130/130 131/131/131
f 205/205/205 132/132/132 133/133/133
f 207/207/207 134/134/134 135/135/135
f 209/209/209 136/136/136 137/137/137
f 216/216/216 143/143/143 144/144/144
f 221/221/221 147/147/147 146/146/146
f 222/222/222 148/148/148 147/147/147
f 223/223/223 149/149/149 148/148/148
f 224/224/224 150/150/150 149/149/149
f 225/225/225 151/151/151 150/150/150
f 226/226/226 152/152/152 151/151/151
f 227/227/227 153/153/153 152/152/152
f 229/229/229 155/155/155 154/154/154
f 230/230/230 156/156/156 155/155/155
f 231/231/231 157/157/157 156/156/156
f 232/232/232 158/158/158 157/157/157
f 233/233/233 159/159/159 158/158/158
f 234/234/234 160/160/160 159/159/159
f 238/238/238 163/163/163 162/162/162
f 272/272/272 187/187/187 188/188/188
f 274/274/274 189/189/189 190/190/190
f 282/282/282 195/195/195 196/196/196
f 285/285/285 197/197/197 198/198/198
f 288/288/288 199/199/199 200/200/200
f 291/291/291 201/201/201 202/202/202
f 293/293/293 203/203/203 204/204/204
f 295/295/295 206/206/206 207/207/207
f 296/296/296 207/207/207 208/208/208
f 298/298/298 209/209/209 210/210/210
f 301/301/301 212/212/212 213/213/213
f 306/306/306 217/217/217 218/218/218
f 310/310/310 221/221/221 220/220/220
f 311/311/311 222/222/222 221/221/221
f 312/312/312 223/223/223 222/222/222
f 313/313/313 224/224/224 223/223/223
f 314/314/314 225/225/225 224/224/224
f 315/315/315 226/226/226 225/225/225
f 316/316/316 227/227/227 226/226/226
f 319/319/319 230/230/230 229/229/229
f 320/320/320 231/231/231 230/230/230
f 321/321/321 232/232/232 231/231/231
f 322/322/322 233/233/233 232/232/232
f 323/323/323 234/234/234 233/233/233
f 324/324/324 235/235/235 234/234/234
f 360/360/360 268/268/268 269/269/269
f 365/365/365 275/275/275 276/276/276
f 371/371/371 280/280/280 281/281/281
f 373/373/373 283/283/283 284/284/284
f 376/376/376 286/286/286 287/287/287
f 378/378/378 288/288/288 289/289/289
f 379/379/379 289/289/289 290/290/290
f 381/381/381 292/292/292 293/293/293
f 382/382/382 293/293/293 294/294/294
f 384/384/384 295/295/295 296/296/296
f 385/385/385 296/296/296 297/297/297
f 388/388/388 298/298/298 299/299/299
f 391/391/391 301/301/301 302/302/302
f 396/396/396 306/306/306 307/307/307
f 400/400/400 311/311/311 310/310/310
f 401/401/401 312/312/312 311/311/311
f 402/402/402 313/313/313 312/312/312
f 403/403/403 314/314/314 313/313/313
f 404/404/404 315/315/315 314/314/314
f 405/405/405 316/316/316 315/315/315
f 408/408/408 319/319/319 318/318/318
f 409/409/409 320/320/320 319/319/319
f 410/410/410 321/321/321 320/320/320
f 411/411/411 322/322/322 321/321/321
f 412/412/412 323/323/323 322/322/322
f 413/413/413 324/324/324 323/323/323
f 446/446/446 352/352/352 353/353/353
f 454/454/454 362/362/362 363/363/363
f 461/461/461 367/367/367 368/368/368
f 463/463/463 369/369/369 370/370/370
f 468/468/468 373/373/373 374/374/374
f 471/471/471 375/375/375 376/376/376
f 474/474/474 379/379/379 380/380/380
f 477/477/477 381/381/381 382/382/382
f 478/478/478 382/382/382 383/383/383
f 480/480/480 384/384/384 385/385/385
f 482/482/482 386/386/386 387/387/387
f 484/484/484 388/388/388 389/389/389
f 492/492/492 396/396/396 397/397/397
f 497/497/497 400/400/400 399/399/399
f 498/498/498 401/401/401 400/400/400
f 499/499/499 402/402/402 401/401/401
f 505/505/505 408/408/408 407/407/407
f 506/506/506 409/409/409 408/408/408
f 507/507/507 410/410/410 409/409/409
f 508/508/508 411/411/411 410/410/410
f 509/509/509 412/412/412 411/411/411
f 510/510/510 413/413/413 412/412/412
f 511/511/511 414/414/414 413/413/413
f 570/570/570 459/459/459 460/460/460
f 575/575/575 461/461/461 462/462/462
f 577/577/577 464/464/464 465/465/465
f 580/580/580 466/466/466 467/467/467
f 582/582/582 469/469/469 470/470/470
f 586/586/586 472/472/472 473/473/473
f 589/589/589 475/475/475 476/476/476
f 592/592/592 477/477/477 478/478/478
f 593/593/593 478/478/478 479/479/479
f 596/596/596 481/481/481 482/482/482
f 597/597/597 482/482/482 483/483/483
f 599/599/599 484/484/484 485/485/485
f 603/603/603 488/488/488 489/489/489
f 608/608/608 493/493/493 494/494/494
f 614/614/614 497/497/497 496/496/496
f 615/615/615 498/498/498 497/497/497
f 616/616/616 499/499/499 498/498/498
f 620/620/620 503/503/503 502/502/502
f 622/622/622 505/505/505 504/504/504
f 623/623/623 506/506/506 505/505/505
f 624/624/624 507/507/507 506/506/506
f 625/625/625 508/508/508 507/507/507
f 626/626/626 509/509/509 508/508/508
f 627/627/627 510/510/510 509/509/509
f 628/628/628 511/511/511 510/510/510
f 629/629/629 512/512/512 511/511/511
f 634/634/634 515/515/515 514/514/514
f 659/659/659 568/568/568 569/569/569
f 661/661/661 571/571/571 572/572/572
f 671/671/671 580/580/580 581/581/581
f 673/673/673 583/583/583 584/584/584
f 674/674/674 584/584/584 585/585/585
f 679/679/679 586/586/586 587/587/587
f 681/681/681 588/588/588 589/589/589
f 682/682/682 589/589/589 590/590/590
f 683/683/683 590/590/590 591/591/591
f 687/687/687 592/592/592 593/593/593
f 689/689/689 594/594/594 595/595/595
f 691/691/691 596/596/596 597/597/597
f 692/692/692 597/597/597 598/598/598
f 696/696/696 600/600/600 601/601/601
f 698/698/698 602/602/602 603/603/603
f 701/701/701 605/605/605 606/606/606
f 704/704/704 608/608/608 609/609/609
f 713/713/713 614/614/614 613/613/613
f 714/714/714 615/615/615 614/614/614
f 715/715/715 616/616/616 615/615/615
f 716/716/716 617/617/617 616/616/616
f 717/717/717 618/618/618 617/617/617
f 718/718/718 619/619/619 618/618/618
f 722/722/722 623/623/623 622/622/622
f 723/723/723 624/624/624 623/623/623
f 724/724/724 625/625/625 624/624/624
f 725/725/725 626/626/626 625/625/625
f 726/726/726 627/627/627 626/626/626
f 727/727/727 628/628/628 627/627/627
f 728/728/728 629/629/629 628/628/628
f 729/729/729 630/630/630 629/629/629
f 740/740/740 639/639/639 638/638/638
f 756/756/756 657/657/657 658/658/658
f 759/759/759 665/665/665 666/666/666
f 762/762/762 675/675/675 676/676/676
f 766/766/766 679/679/679 680/680/680
f 769/769/769 683/683/683 684/684/684
f 770/770/770 684/684/684 685/685/685
f 771/771/771 685/685/685 686/686/686
f 776/776/776 687/687/687 688/688/688
f 778/778/778 689/689/689 690/690/690
f 780/780/780 692/692/692 693/693/693
f 782/782/782 694/694/694 695/695/695
f 786/786/786 696/696/696 697/697/697
f 790/790/790 702/702/702 703/703/703
f 793/793/793 705/705/705 706/706/706
f 798/798/798 709/709/709 710/710/710
f 803/803/803 714/714/714 713/713/713
f 804/804/804 715/715/715 714/714/714
f 805/805/805 716/716/716 715/715/715
f 806/806/806 717/717/717 716/716/716
f 807/807/807 718/718/718 717/717/717
f 811/811/811 722/722/722 721/721/721
f 812/812/812 723/723/723 722/722/722
f 813/813/813 724/724/724 723/723/723
f 814/814/814 725/725/725 724/724/724
f 815/815/815 726/726/726 725/725/725
f 816/816/816 727/727/727 726/726/726
f 817/817/817 728/728/728 727/727/727
f 818/818/818 729/729/729 728/728/728
f 819/819/819 730/730/730 729/729/729
f 820/820/820 731/731/731 730/730/730
f 835/835/835 754/754/754 755/755/755
f 840/840/840 759/759/759 760/760/760
f 844/844/844 766/766/766 767/767/767
f 845/845/845 767/767/767 768/768/768
f 847/847/847 771/771/771 772/772/772
f 848/848/848 772/772/772 773/773/773
f 849/849/849 773/773/773 774/774/774
f 852/852/852 777/777/777 778/778/778
f 853/853/853 778/778/778 779/779/779
f 855/855/855 781/781/781 782/782/782
f 857/857/857 783/783/783 784/784/784
f 858/858/858 784/784/784 785/785/785
f 864/864/864 786/786/786 787/787/787
f 866/866/866 788/788/788 789/789/789
f 869/869/869 791/791/791 792/792/792
f 872/872/872 794/794/794 795/795/795
f 875/875/875 796/796/796 797/797/797
f 876/876/876 797/797/797 798/798/798
f 877/877/877 798/798/798 799/799/799
f 878/878/878 799/799/799 800/800/800
f 883/883/883 803/803/803 802/802/802
f 884/884/884 804/804/804 803/803/803
f 885/885/885 805/805/805 804/804/804
f 886/886/886 806/806/806 805/805/805
f 887/887/887 807/807/807 806/806/806
f 888/888/888 808/808/808 807/807/807
f 891/891/891 811/811/811 810/810/810
f 892/892/892 812/812/812 811/811/811
f 894/894/894 814/814/814 813/813/813
f 895/895/895 815/815/815 814/814/814
f 896/896/896 816/816/816 815/815/815
f 897/897/897 817/817/817 816/816/816
f 898/898/898 818/818/818 817/817/817
f 899/899/899 819/819/819 818/818/818
f 900/900/900 820/820/820 819/819/819
f 901/901/901 821/821/821 820/820/820
f 902/902/902 822/822/822 821/821/821
f 907/907/907 827/827/827 826/826/826
f 914/914/914 832/832/832 831/831/831
f 918/918/918 835/835/835 836/836/836
f 922/922/922 838/838/838 839/839/839
f 926/926/926 842/842/842 843/843/843
f 929/929/929 845/845/845 846/846/846
f 932/932/932 852/852/852 853/853/853
f 936/936/936 856/856/856 857/857/857
f 937/937/937 857/857/857 858/858/858
f 939/939/939 859/859/859 860/860/860
f 940/940/940 860/860/860 861/861/861
f 941/941/941 861/861/861 862/862/862
f 944/944/944 864/864/864 865/865/865
f 947/947/947 867/867/867 868/868/868
f 950/950/950 870/870/870 871/871/871
f 953/953/953 873/873/873 874/874/874
f 957/957/957 876/876/876 877/877/877
f 959/959/959 878/878/878 879/879/879
f 960/960/960 879/879/879 880/880/880
f 964/964/964 883/883/883 882/882/882
f 965/965/965 884/884/884 883/883/883
f 966/966/966 885/885/885 884/884/884
f 967/967/967 886/886/886 885/885/885
f 968/968/968 887/887/887 886/886/886
f 969/969/969 888/888/888 887/887/887
f 970/970/970 889/889/889 888/888/888
f 971/971/971 890/890/890 889/889/889
f 975/975/975 894/894/894 893/893/893
f 976/976/976 895/895/895 894/894/894
f 977/977/977 896/896/896 895/895/895
f 978/978/978 897/897/897 896/896/896
f 979/979/979 898/898/898 897/897/897
f 980/980/980 899/899/899 898/898/898
f 981/981/981 900/900/900 899/899/899
f 982/982/982 901/901/901 900/900/900
f 983/983/983 902/902/902 901/901/901
f 989/989/989 907/907/907 906/906/906
f 999/999/999 916/916/916 917/917/917
f 1003/1003/1003 920/920/920 921/921/921
f 1008/1008/1008 924/924/924 925/925/925
f 1011/1011/1011 927/927/927 928/928/928
f 1013/1013/1013 930/930/930 931/931/931
f 1016/1016/1016 933/933/933 934/934/934
f 1017/1017/1017 934/934/934 935/935/935
f 1020/1020/1020 938/938/938 939/939/939
f 1021/1021/1021 939/939/939 940/940/940
f 1022/1022/1022 940/940/940 941/941/941
f 1026/1026/1026 945/945/945 946/946/946
f 1029/1029/1029 948/948/948 949/949/949
f 1031/1031/1031 950/950/950 951/951/951
f 1035/1035/1035 954/954/954 955/955/955
f 1036/1036/1036 955/955/955 956/956/956
f 1041/1041/1041 958/958/958 959/959/959
f 1043/1043/1043 960/960/960 961/961/961
f 1048/1048/1048 965/965/965 964/964/964
f 1049/1049/1049 966/966/966 965/965/965
f 1050/1050/1050 967/967/967 966/966/966
f 1051/1051/1051 968/968/968 967/967/967
f 1052/1052/1052 969/969/969 968/968/968
f 1053/1053/1053 970/970/970 969/969/969
f 1054/1054/1054 971/971/971 970/970/970
f 1059/1059/1059 976/976/976 975/975/975
f 1060/1060/1060 977/977/977 976/976/976
f 1061/1061/1061 978/978/978 977/977/977
f 1062/1062/1062 979/979/979 978/978/978
f 1063/1063/1063 980/980/980 979/979/979
f 1064/1064/1064 981/981/981 980/980/980
f 1065/1065/1065 982/982/982 981/981/981
f 1066/1066/1066 983/983/983 982/982/982
f 1083/1083/1083 1001/1001/1001 1002/1002/1002
f 1086/1086/1086 1004/1004/1004 1005/1005/1005
f 1090/1090/1090 1009/1009/1009 1010/1010/1010
f 1094/1094/1094 1013/1013/1013 1014/1014/1014
f 1095/1095/1095 1014/1014/1014 1015/1015/1015
f 1098/1098/1098 1017/1017/1017 1018/1018/1018
f 1099/1099/1099 1018/1018/1018 1019/1019/1019
f 1102/1102/1102 1023/1023/1023 1024/1024/1024
f 1105/1105/1105 1027/1027/1027 1028/1028/1028
f 1107/1107/1107 1029/1029/1029 1030/1030/1030
f 1110/1110/1110 1032/1032/1032 1033/1033/1033
f 1115/1115/1115 1037/1037/1037 1038/1038/1038
f 1116/1116/1116 1038/1038/1038 1039/1039/1039
f 1117/1117/1117 1039/1039/1039 1040/1040/1040
f 1121/1121/1121 1041/1041/1041 1042/1042/1042
f 1122/1122/1122 1042/1042/1042 1043/1043/1043
f 1124/1124/1124 1044/1044/1044 1045/1045/1045
f 1128/1128/1128 1048/1048/1048 1047/1047/1047
f 1129/1129/1129 1049/1049/1049 1048/1048/1048
f 1130/1130/1130 1050/1050/1050 1049/1049/1049
f 1131/1131/1131 1051/1051/1051 1050/1050/1050
f 1132/1132/1132 1052/1052/1052 1051/1051/1051
f 1133/1133/1133 1053/1053/1053 1052/1052/1052
f 1134/1134/1134 1054/1054/1054 1053/1053/1053
f 1137/1137/1137 1057/1057/1057 1056/1056/1056
f 1140/1140/1140 1060/1060/1060 1059/1059/1059
f 1141/1141/1141 1061/1061/1061 1060/1060/1060
f 1142/1142/1142 1062/1062/1062 1061/1061/1061
f 1143/1143/1143 1063/1063/1063 1062/1062/1062
f 1144/1144/1144 1064/1064/1064 1063/1063/1063
f 1145/1145/1145 1065/1065/1065 1064/1064/1064
f 1146/1146/1146 1066/1066/1066 1065/1065/1065
f 1161/1161/1161 1079/1079/1079 1080/1080/1080
f 1165/1165/1165 1084/1084/1084 1085/1085/1085
f 1169/1169/1169 1088/1088/1088 1089/1089/1089
f 1173/1173/1173 1092/1092/1092 1093/1093/1093
f 1175/1175/1175 1095/1095/1095 1096/1096/1096
f 1176/1176/1176 1096/1096/1096 1097/1097/1097
f 1179/1179/1179 1100/1100/1100 1101/1101/1101
f 1183/1183/1183 1106/1106/1106 1107/1107/1107
f 1185/1185/1185 1108/1108/1108 1109/1109/1109
f 1188/1188/1188 1110/1110/1110 1111/1111/1111
f 1196/1196/1196 1118/1118/1118 1119/1119/1119
f 1199/1199/1199 1122/1122/1122 1123/1123/1123
f 1201/1201/1201 1124/1124/1124 1125/1125/1125
f 1205/1205/1205 1129/1129/1129 1128/1128/1128
f 1206/1206/1206 1130/1130/1130 1129/1129/1129
f 1207/1207/1207 1131/1131/1131 1130/1130/1130
f 1208/1208/1208 1132/1132/1132 1131/1131/1131
f 1209/1209/1209 1133/1133/1133 1132/1132/1132
f 1210/1210/1210 1134/1134/1134 1133/1133/1133
f 1211/1211/1211 1135/1135/1135 1134/1134/1134
f 1213/1213/1213 1137/1137/1137 1136/1136/1136
f 1218/1218/1218 1142/1142/1142 1141/1141/1141
f 1219/1219/1219 1143/1143/1143 1142/1142/1142
f 1220/1220/1220 1144/1144/1144 1143/1143/1143
f 1221/1221/1221 1145/1145/1145 1144/1144/1144
f 1222/1222/1222 1146/1146/1146 1145/1145/1145
f 1238/1238/1238 1163/1163/1163 1164/1164/1164
f 1242/1242/1242 1167/1167/1167 1168/1168/1168
f 1247/1247/1247 1171/1171/1171 1172/1172/1172
f 1253/1253/1253 1175/1175/1175 1176/1176/1176
f 1254/1254/1254 1176/1176/1176 1177/1177/1177
f 1258/1258/1258 1178/1178/1178 1179/1179/1179
f 1261/1261/1261 1181/1181/1181 1182/1182/1182
f 1264/1264/1264 1185/1185/1185 1186/1186/1186
f 1265/1265/1265 1186/1186/1186 1187/1187/1187
f 1267/1267/1267 1188/1188/1188 1189/1189/1189
f 1269/1269/1269 1190/1190/1190 1191/1191/1191
f 1278/1278/1278 1200/1200/1200 1201/1201/1201
f 1279/1279/1279 1201/1201/1201 1202/1202/1202
f 1283/1283/1283 1205/1205/1205 1204/1204/1204
f 1284/1284/1284 1206/1206/1206 1205/1205/1205
f 1285/1285/1285 1207/1207/1207 1206/1206/1206
f 1286/1286/1286 1208/1208/1208 1207/1207/1207
f 1287/1287/1287 1209/1209/1209 1208/1208/1208
f 1288/1288/1288 1210/1210/1210 1209/1209/1209
f 1289/1289/1289 1211/1211/1211 1210/1210/1210
f 1290/1290/1290 1212/1212/1212 1211/1211/1211
f 1291/1291/1291 1213/1213/1213 1212/1212/1212
f 1297/1297/1297 1219/1219/1219 1218/1218/1218
f 1298/1298/1298 1220/1220/1220 1219/1219/1219
f 1299/1299/1299 1221/1221/1221 1220/1220/1220
f 1300/1300/1300 1222/1222/1222 1221/1221/1221
f 1316/1316/1316 1236/1236/1236 1237/1237/1237
f 1320/1320/1320 1240/1240/1240 1241/1241/1241
f 1323/1323/1323 1243/1243/1243 1244/1244/1244
f 1327/1327/1327 1248/1248/1248 1249/1249/1249
f 1329/1329/1329 1251/1251/1251 1252/1252/1252
f 1331/1331/1331 1255/1255/1255 1256/1256/1256
f 1332/1332/1332 1256/1256/1256 1257/1257/1257
f 1335/1335/1335 1260/1260/1260 1261/1261/1261
f 1337/1337/1337 1262/1262/1262 1263/1263/1263
f 1339/1339/1339 1265/1265/1265 1266/1266/1266
f 1343/1343/1343 1268/1268/1268 1269/1269/1269
f 1344/1344/1344 1269/1269/1269 1270/1270/1270
f 1353/1353/1353 1278/1278/1278 1279/1279/1279
f 1358/1358/1358 1284/1284/1284 1283/1283/1283
f 1359/1359/1359 1285/1285/1285 1284/1284/1284
f 1360/1360/1360 1286/1286/1286 1285/1285/1285
f 1361/1361/1361 1287/1287/1287 1286/1286/1286
f 1362/1362/1362 1288/1288/1288 1287/1287/1287
f 1363/1363/1363 1289/1289/1289 1288/1288/1288
f 1364/1364/1364 1290/1290/1290 1289/1289/1289
f 1365/1365/1365 1291/1291/1291 1290/1290/1290
f 1373/1373/1373 1299/1299/1299 1298/1298/1298
f 1374/1374/1374 1300/1300/1300 1299/1299/1299
f 1392/1392/1392 1318/1318/1318 1319/1319/1319
f 1395/1395/1395 1321/1321/1321 1322/1322/1322
f 1399/1399/1399 1325/1325/1325 1326/1326/1326
f 1403/1403/1403 1329/1329/1329 1330/1330/1330
f 1406/1406/1406 1331/1331/1331 1332/1332/1332
f 1408/1408/1408 1333/1333/1333 1334/1334/1334
f 1410/1410/1410 1336/1336/1336 1337/1337/1337
f 1411/1411/1411 1337/1337/1337 1338/1338/1338
f 1414/1414/1414 1339/1339/1339 1340/1340/1340
f 1415/1415/1415 1340/1340/1340 1341/1341/1341
f 1428/1428/1428 1354/1354/1354 1355/1355/1355
f 1433/1433/1433 1360/1360/1360 1359/1359/1359
f 1434/1434/1434 1361/1361/1361 1360/1360/1360
f 1435/1435/1435 1362/1362/1362 1361/1361/1361
f 1436/1436/1436 1363/1363/1363 1362/1362/1362
f 1437/1437/1437 1364/1364/1364 1363/1363/1363
f 1445/1445/1445 1372/1372/1372 1371/1371/1371
f 1446/1446/1446 1373/1373/1373 1372/1372/1372
f 1447/1447/1447 1374/1374/1374 1373/1373/1373
f 1468/1468/1468 1393/1393/1393 1394/1394/1394
f 1472/1472/1472 1397/1397/1397 1398/1398/1398
f 1476/1476/1476 1401/1401/1401 1402/1402/1402
f 1479/1479/1479 1404/1404/1404 1405/1405/1405
f 1482/1482/1482 1407/1407/1407 1408/1408/1408
f 1483/1483/1483 1408/1408/1408 1409/1409/1409
f 1486/1486/1486 1410/1410/1410 1411/1411/1411
f 1488/1488/1488 1412/1412/1412 1413/1413/1413
f 1492/1492/1492 1415/1415/1415 1416/1416/1416
f 1493/1493/1493 1416/1416/1416 1417/1417/1417
f 1500/1500/1500 1423/1423/1423 1424/1424/1424
f 1501/1501/1501 1424/1424/1424 1425/1425/1425
f 1507/1507/1507 1434/1434/1434 1433/1433/1433
f 1508/1508/1508 1435/1435/1435 1434/1434/1434
f 1509/1509/1509 1436/1436/1436 1435/1435/1435
f 1510/1510/1510 1437/1437/1437 1436/1436/1436
f 1513/1513/1513 1440/1440/1440 1439/1439/1439
f 1516/1516/1516 1443/1443/1443 1442/1442/1442
f 1517/1517/1517 1444/1444/1444 1443/1443/1443
f 1518/1518/1518 1445/1445/1445 1444/1444/1444
f 1519/1519/1519 1446/1446/1446 1445/1445/1445
f 1520/1520/1520 1447/1447/1447 1446/1446/1446
f 1537/1537/1537 1466/1466/1466 1467/1467/1467
f 1541/1541/1541 1470/1470/1470 1471/1471/1471
f 1546/1546/1546 1474/1474/1474 1475/1475/1475
f 1549/1549/1549 1477/1477/1477 1478/1478/1478
f 1552/1552/1552 1480/1480/1480 1481/1481/1481
f 1555/1555/1555 1483/1483/1483 1484/1484/1484
f 1556/1556/1556 1484/1484/1484 1485/1485/1485
f 1560/1560/1560 1487/1487/1487 1488/1488/1488
f 1561/1561/1561 1488/1488/1488 1489/1489/1489
f 1562/1562/1562 1489/1489/1489 1490/1490/1490
f 1563/1563/1563 1490/1490/1490 1491/1491/1491
f 1567/1567/1567 1494/1494/1494 1495/1495/1495
f 1568/1568/1568 1495/1495/1495 1496/1496/1496
f 1580/1580/1580 1508/1508/1508 1507/1507/1507
f 1581/1581/1581 1509/1509/1509 1508/1508/1508
f 1582/1582/1582 1510/1510/1510 1509/1509/1509
f 1583/1583/1583 1511/1511/1511 1510/1510/1510
f 1584/1584/1584 1512/1512/1512 1511/1511/1511
f 1585/1585/1585 1513/1513/1513 1512/1512/1512
f 1586/1586/1586 1514/1514/1514 1513/1513/1513
f 1587/1587/1587 1515/1515/1515 1514/1514/1514
f 1588/1588/1588 1516/1516/1516 1515/1515/1515
f 1589/1589/1589 1517/1517/1517 1516/1516/1516
f 1590/1590/1590 1518/1518/1518 1517/1517/1517
f 1591/1591/1591 1519/1519/1519 1518/1518/1518
f 1592/1592/1592 1520/1520/1520 1519/1519/1519
f 1612/1612/1612 1539/1539/1539 1540/1540/1540
f 1615/1615/1615 1542/1542/1542 1543/1543/1543
f 1619/1619/1619 1547/1547/1547 1548/1548/1548
f 1621/1621/1621 1550/1550/1550 1551/1551/1551
f 1623/1623/1623 1553/1553/1553 1554/1554/1554
f 1626/1626/1626 1557/1557/1557 1558/1558/1558
f 1627/1627/1627 1558/1558/1558 1559/1559/1559
f 1630/1630/1630 1562/1562/1562 1563/1563/1563
f 1632/1632/1632 1564/1564/1564 1565/1565/1565
f 1633/1633/1633 1565/1565/1565 1566/1566/1566
f 1637/1637/1637 1569/1569/1569 1570/1570/1570
f 1638/1638/1638 1570/1570/1570 1571/1571/1571
f 1648/1648/1648 1581/1581/1581 1580/1580/1580
f 1649/1649/1649 1582/1582/1582 1581/1581/1581
f 1650/1650/1650 1583/1583/1583 1582/1582/1582
f 1651/1651/1651 1584/1584/1584 1583/1583/1583
f 1652/1652/1652 1585/1585/1585 1584/1584/1584
f 1653/1653/1653 1586/1586/1586 1585/1585/1585
f 1654/1654/1654 1587/1587/1587 1586/1586/1586
f 1655/1655/1655 1588/1588/1588 1587/1587/1587
f 1656/1656/1656 1589/1589/1589 1588/1588/1588
f 1657/1657/1657 1590/1590/1590 1589/1589/1589
f 1658/1658/1658 1591/1591/1591 1590/1590/1590
f 1659/1659/1659 1592/1592/1592 1591/1591/1591
f 1675/1675/1675 1608/1608/1608 1609/1609/1609
f 1679/1679/1679 1613/1613/1613 1614/1614/1614
f 1684/1684/1684 1617/1617/1617 1618/1618/1618
f 1689/1689/1689 1621/1621/1621 1622/1622/1622
f 1692/1692/1692 1623/1623/1623 1624/1624/1624
f 1696/1696/1696 1625/1625/1625 1626/1626/1626
f 1697/1697/1697 1626/1626/1626 1627/1627/1627
f 1699/1699/1699 1628/1628/1628 1629/1629/1629
f 1704/1704/1704 1631/1631/1631 1632/1632/1632
f 1705/1705/1705 1632/1632/1632 1633/1633/1633
f 1708/1708/1708 1635/1635/1635 1636/1636/1636
f 1716/1716/1716 1639/1639/1639 1640/1640/1640
f 1717/1717/1717 1640/1640/1640 1641/1641/1641
f 1718/1718/1718 1641/1641/1641 1642/1642/1642
f 1719/1719/1719 1642/1642/1642 1643/1643/1643
f 1720/1720/1720 1643/1643/1643 1644/1644/1644
f 1725/1725/1725 1649/1649/1649 1648/1648/1648
f 1726/1726/1726 1650/1650/1650 1649/1649/1649
f 1727/1727/1727 1651/1651/1651 1650/1650/1650
f 1728/1728/1728 1652/1652/1652 1651/1651/1651
f 1729/1729/1729 1653/1653/1653 1652/1652/1652
f 1730/1730/1730 1654/1654/1654 1653/1653/1653
f 1731/1731/1731 1655/1655/1655 1654/1654/1654
f 1732/1732/1732 1656/1656/1656 1655/1655/1655
f 1733/1733/1733 1657/1657/1657 1656/1656/1656
f 1734/1734/1734 1658/1658/1658 1657/1657/1657
f 1735/1735/1735 1659/1659/1659 1658/1658/1658
f 1739/1739/1739 1663/1663/1663 1662/1662/1662
f 1753/1753/1753 1677/1677/1677 1678/1678/1678
f 1756/1756/1756 1680/1680/1680 1681/1681/1681
f 1761/1761/1761 1685/1685/1685 1686/1686/1686
f 1766/1766/1766 1690/1690/1690 1691/1691/1691
f 1769/1769/1769 1693/1693/1693 1694/1694/1694
f 1770/1770/1770 1694/1694/1694 1695/1695/1695
f 1772/1772/1772 1698/1698/1698 1699/1699/1699
f 1773/1773/1773 1699/1699/1699 1700/1700/1700
f 1774/1774/1774 1700/1700/1700 1701/1701/1701
f 1775/1775/1775 1701/1701/1701 1702/1702/1702
f 1776/1776/1776 1702/1702/1702 1703/1703/1703
f 1780/1780/1780 1707/1707/1707 1708/1708/1708
f 1783/1783/1783 1710/1710/1710 1711/1711/1711
f 1784/1784/1784 1711/1711/1711 1712/1712/1712
f 1785/1785/1785 1712/1712/1712 1713/1713/1713
f 1786/1786/1786 1713/1713/1713 1714/1714/1714
f 1794/1794/1794 1728/1728/1728 1727/1727/1727
f 1795/1795/1795 1729/1729/1729 1728/1728/1728
f 1796/1796/1796 1730/1730/1730 1729/1729/1729
f 1797/1797/1797 1731/1731/1731 1730/1730/1730
f 1798/1798/1798 1732/1732/1732 1731/1731/1731
f 1799/1799/1799 1733/1733/1733 1732/1732/1732
f 1800/1800/1800 1734/1734/1734 1733/1733/1733
f 1801/1801/1801 1735/1735/1735 1734/1734/1734
f 1826/1826/1826 1754/1754/1754 1755/1755/1755
f 1829/1829/1829 1757/1757/1757 1758/1758/1758
f 1837/1837/1837 1763/1763/1763 1764/1764/1764
f 1838/1838/1838 1764/1764/1764 1765/1765/1765
f 1848/1848/1848 1770/1770/1770 1771/1771/1771
f 1856/1856/1856 1772/1772/1772 1773/1773/1773
f 1860/1860/1860 1776/1776/1776 1777/1777/1777
f 1861/1861/1861 1777/1777/1777 1778/1778/1778
f 1862/1862/1862 1778/1778/1778 1779/1779/1779
f 1867/1867/1867 1782/1782/1782 1783/1783/1783
f 1868/1868/1868 1783/1783/1783 1784/1784/1784
f 1869/1869/1869 1784/1784/1784 1785/1785/1785
f 1880/1880/1880 1799/1799/1799 1798/1798/1798
f 1881/1881/1881 1800/1800/1800 1799/1799/1799
f 1882/1882/1882 1801/1801/1801 1800/1800/1800
f 1914/1914/1914 1830/1830/1830 1831/1831/1831
f 1919/1919/1919 1835/1835/1835 1836/1836/1836
f 1926/1926/1926 1839/1839/1839 1840/1840/1840
f 1927/1927/1927 1840/1840/1840 1841/1841/1841
f 1933/1933/1933 1844/1844/1844 1845/1845/1845
f 1935/1935/1935 1846/1846/1846 1847/1847/1847
f 1939/1939/1939 1853/1853/1853 1854/1854/1854
f 1940/1940/1940 1854/1854/1854 1855/1855/1855
f 1945/1945/1945 1862/1862/1862 1863/1863/1863
f 1946/1946/1946 1863/1863/1863 1864/1864/1864
f 1947/1947/1947 1864/1864/1864 1865/1865/1865
f 1948/1948/1948 1865/1865/1865 1866/1866/1866
f 1953/1953/1953 1870/1870/1870 1871/1871/1871
f 1954/1954/1954 1871/1871/1871 1872/1872/1872
f 1964/1964/1964 1890/1890/1890 1889/1889/1889
f 1974/1974/1974 1898/1898/1898 1897/1897/1897
f 1975/1975/1975 1899/1899/1899 1898/1898/1898
f 2004/2004/2004 1915/1915/1915 1916/1916/1916
f 2020/2020/2020 1920/1920/1920 1921/1921/1921
f 2024/2024/2024 1924/1924/1924 1925/1925/1925
f 2029/2029/2029 1931/1931/1931 1932/1932/1932
f 2034/2034/2034 1937/1937/1937 1938/1938/1938
f 2039/2039/2039 1941/1941/1941 1942/1942/1942
f 2041/2041/2041 1943/1943/1943 1944/1944/1944
f 2047/2047/2047 1948/1948/1948 1949/1949/1949
f 2048/2048/2048 1949/1949/1949 1950/1950/1950
f 2049/2049/2049 1950/1950/1950 1951/1951/1951
f 2055/2055/2055 1969/1969/1969 1968/1968/1968
f 2056/2056/2056 1970/1970/1970 1969/1969/1969
f 2077/2077/2077 1993/1993/1993 1992/1992/1992
f 2079/2079/2079 1995/1995/1995 1994/1994/1994
f 2117/2117/2117 2007/2007/2007 2008/2008/2008
f 2118/2118/2118 2008/2008/2008 2009/2009/2009
f 2120/2120/2120 2010/2010/2010 2011/2011/2011
f 2125/2125/2125 2012/2012/2012 2013/2013/2013
f 2127/2127/2127 2018/2018/2018 2019/2019/2019
f 2132/2132/2132 2027/2027/2027 2028/2028/2028
f 2137/2137/2137 2032/2032/2032 2033/2033/2033
f 2144/2144/2144 2037/2037/2037 2038/2038/2038
f 2150/2150/2150 2042/2042/2042 2043/2043/2043
f 2157/2157/2157 2073/2073/2073 2072/2072/2072
f 2185/2185/2185 2123/2123/2123 2124/2124/2124
f 2192/2192/2192 2130/2130/2130 2131/2131/2131
f 2198/2198/2198 2135/2135/2135 2136/2136/2136
f 2203/2203/2203 2140/2140/2140 2141/2141/2141
f 166/166/166 94/94/94 97/97/97
f 171/171/171 98/98/98 95/95/95
f 169/169/169 96/96/96 100/100/100
f 174/174/174 101/101/101 99/99/99
f 179/179/179 106/106/106 108/108/108
f 182/182/182 109/109/109 107/107/107
f 181/181/181 108/108/108 110/110/110
f 184/184/184 111/111/111 109/109/109
f 183/183/183 110/110/110 112/112/112
f 186/186/186 113/113/113 111/111/111
f 191/191/191 118/118/118 120/120/120
f 196/196/196 123/123/123 119/119/119
f 194/194/194 121/121/121 124/124/124
f 200/200/200 127/127/127 122/122/122
f 198/198/198 125/125/125 128/128/128
f 208/208/208 135/135/135 126/126/126
f 204/204/204 131/131/131 136/136/136
f 239/239/239 164/164/164 161/161/161
f 243/243/243 167/167/167 165/165/165
f 242/242/242 166/166/166 170/170/170
f 247/247/247 172/172/172 168/168/168
f 245/245/245 169/169/169 173/173/173
f 251/251/251 174/174/174 172/172/172
f 254/254/254 176/176/176 174/174/174
f 257/257/257 178/178/178 176/176/176
f 260/260/260 180/180/180 178/178/178
f 259/259/259 179/179/179 181/181/181
f 262/262/262 181/181/181 183/183/183
f 270/270/270 186/186/186 184/184/184
f 277/277/277 191/191/191 193/193/193
f 297/297/297 208/208/208 199/199/199
f 294/294/294 204/204/204 209/209/209
f 308/308/308 219/219/219 238/238/238
f 329/329/329 240/240/240 236/236/236
f 326/326/326 237/237/237 242/242/242
f 333/333/333 244/244/244 241/241/241
f 336/336/336 247/247/247 244/244/244
f 335/335/335 246/246/246 250/250/250
f 340/340/340 252/252/252 248/248/248
f 338/338/338 249/249/249 253/253/253
f 344/344/344 255/255/255 252/252/252
f 347/347/347 258/258/258 255/255/255
f 350/350/350 261/261/261 258/258/258
f 349/349/349 259/259/259 262/262/262
f 364/364/364 273/273/273 277/277/277
f 383/383/383 294/294/294 298/298/298
f 397/397/397 307/307/307 295/295/295
f 398/398/398 309/309/309 328/328/328
f 418/418/418 329/329/329 325/325/325
f 416/416/416 327/327/327 332/332/332
f 423/423/423 333/333/333 330/330/330
f 421/421/421 331/331/331 335/335/335
f 427/427/427 337/337/337 334/334/334
f 431/431/431 340/340/340 337/337/337
f 430/430/430 339/339/339 343/343/343
f 436/436/436 345/345/345 341/341/341
f 434/434/434 342/342/342 346/346/346
f 438/438/438 346/346/346 349/349/349
f 448/448/448 355/355/355 351/351/351
f 451/451/451 359/359/359 355/355/355
f 453/453/453 361/361/361 364/364/364
f 473/473/473 377/377/377 381/381/381
f 479/479/479 383/383/383 388/388/388
f 516/516/516 419/419/419 415/415/415
f 514/514/514 416/416/416 422/422/422
f 522/522/522 424/424/424 420/420/420
f 520/520/520 421/421/421 426/426/426
f 528/528/528 428/428/428 425/425/425
f 534/534/534 433/433/433 429/429/429
f 538/538/538 435/435/435 439/439/439
f 543/543/543 439/439/439 443/443/443
f 554/554/554 449/449/449 445/445/445
f 559/559/559 452/452/452 449/449/449
f 558/558/558 450/450/450 453/453/453
f 564/564/564 456/456/456 452/452/452
f 563/563/563 453/453/453 457/457/457
f 587/587/587 473/473/473 477/477/477
f 598/598/598 483/483/483 474/474/474
f 635/635/635 517/517/517 513/513/513
f 642/642/642 524/524/524 519/519/519
f 641/641/641 521/521/521 527/527/527
f 648/648/648 530/530/530 525/525/525
f 646/646/646 526/526/526 533/533/533
f 655/655/655 553/553/553 558/558/558
f 656/656/656 558/558/558 563/563/563
f 680/680/680 587/587/587 592/592/592
f 700/700/700 604/604/604 610/610/610
f 711/711/711 612/612/612 634/634/634
f 738/738/738 637/637/637 632/632/632
f 735/735/735 633/633/633 641/641/641
f 744/744/744 646/646/646 651/651/651
f 746/746/746 651/651/651 652/652/652
f 748/748/748 652/652/652 653/653/653
f 753/753/753 655/655/655 656/656/656
f 758/758/758 660/660/660 665/665/665
f 761/761/761 672/672/672 679/679/679
f 779/779/779 690/690/690 696/696/696
f 789/789/789 699/699/699 707/707/707
f 801/801/801 712/712/712 737/737/737
f 824/824/824 736/736/736 743/743/743
f 828/828/828 745/745/745 747/747/747
f 829/829/829 747/747/747 749/749/749
f 830/830/830 749/749/749 751/751/751
f 831/831/831 750/750/750 752/752/752
f 837/837/837 757/757/757 758/758/758
f 854/854/854 779/779/779 786/786/786
f 904/904/904 824/824/824 827/827/827
f 906/906/906 826/826/826 828/828/828
f 908/908/908 828/828/828 829/829/829
f 915/915/915 833/833/833 834/834/834
f 962/962/962 881/881/881 905/905/905
f 988/988/988 906/906/906 908/908/908
f 995/995/995 913/913/913 915/915/915
f 1046/1046/1046 963/963/963 987/987/987
f 1068/1068/1068 985/985/985 989/989/989
f 1071/1071/1071 988/988/988 990/990/990
f 1076/1076/1076 992/992/992 994/994/994
f 1077/1077/1077 994/994/994 996/996/996
f 1078/1078/1078 996/996/996 998/998/998
f 1126/1126/1126 1046/1046/1046 1070/1070/1070
f 1148/1148/1148 1069/1069/1069 1073/1073/1073
f 1151/1151/1151 1072/1072/1072 1075/1075/1075
f 1153/1153/1153 1074/1074/1074 1076/1076/1076
f 1155/1155/1155 1076/1076/1076 1077/1077/1077
f 1202/1202/1202 1125/1125/1125 1110/1110/1110
f 1203/1203/1203 1127/1127/1127 1150/1150/1150
f 1224/1224/1224 1148/1148/1148 1152/1152/1152
f 1227/1227/1227 1151/1151/1151 1154/1154/1154
f 1230/1230/1230 1154/1154/1154 1156/1156/1156
f 1280/1280/1280 1202/1202/1202 1188/1188/1188
f 1281/1281/1281 1203/1203/1203 1226/1226/1226
f 1302/1302/1302 1225/1225/1225 1229/1229/1229
f 1305/1305/1305 1228/1228/1228 1231/1231/1231
f 1307/1307/1307 1231/1231/1231 1233/1233/1233
f 1309/1309/1309 1232/1232/1232 1234/1234/1234
f 1356/1356/1356 1282/1282/1282 1304/1304/1304
f 1380/1380/1380 1306/1306/1306 1308/1308/1308
f 1382/1382/1382 1308/1308/1308 1311/1311/1311
f 1384/1384/1384 1310/1310/1310 1313/1313/1313
f 1386/1386/1386 1313/1313/1313 1315/1315/1315
f 1429/1429/1429 1355/1355/1355 1342/1342/1342
f 1430/1430/1430 1357/1357/1357 1379/1379/1379
f 1449/1449/1449 1377/1377/1377 1381/1381/1381
f 1454/1454/1454 1381/1381/1381 1383/1383/1383
f 1457/1457/1457 1382/1382/1382 1385/1385/1385
f 1460/1460/1460 1385/1385/1385 1387/1387/1387
f 1465/1465/1465 1389/1389/1389 1391/1391/1391
f 1505/1505/1505 1432/1432/1432 1453/1453/1453
f 1522/1522/1522 1451/1451/1451 1456/1456/1456
f 1526/1526/1526 1455/1455/1455 1459/1459/1459
f 1529/1529/1529 1459/1459/1459 1462/1462/1462
f 1531/1531/1531 1461/1461/1461 1464/1464/1464
f 1533/1533/1533 1463/1463/1463 1465/1465/1465
f 1578/1578/1578 1506/1506/1506 1525/1525/1525
f 1594/1594/1594 1523/1523/1523 1528/1528/1528
f 1598/1598/1598 1527/1527/1527 1530/1530/1530
f 1601/1601/1601 1529/1529/1529 1532/1532/1532
f 1603/1603/1603 1531/1531/1531 1534/1534/1534
f 1606/1606/1606 1534/1534/1534 1536/1536/1536
f 1646/1646/1646 1579/1579/1579 1597/1597/1597
f 1661/1661/1661 1595/1595/1595 1600/1600/1600
f 1665/1665/1665 1598/1598/1598 1602/1602/1602
f 1668/1668/1668 1602/1602/1602 1605/1605/1605
f 1670/1670/1670 1604/1604/1604 1607/1607/1607
f 1672/1672/1672 1606/1606/1606 1608/1608/1608
f 1723/1723/1723 1647/1647/1647 1664/1664/1664
f 1737/1737/1737 1661/1661/1661 1667/1667/1667
f 1741/1741/1741 1666/1666/1666 1669/1669/1669
f 1744/1744/1744 1668/1668/1668 1671/1671/1671
f 1747/1747/1747 1671/1671/1671 1674/1674/1674
f 1749/1749/1749 1673/1673/1673 1676/1676/1676
f 1789/1789/1789 1723/1723/1723 1740/1740/1740
f 1803/1803/1803 1738/1738/1738 1743/1743/1743
f 1810/1810/1810 1742/1742/1742 1746/1746/1746
f 1814/1814/1814 1745/1745/1745 1748/1748/1748
f 1817/1817/1817 1747/1747/1747 1750/1750/1750
f 1820/1820/1820 1750/1750/1750 1752/1752/1752
f 1874/1874/1874 1793/1793/1793 1809/1809/1809
f 1884/1884/1884 1805/1805/1805 1813/1813/1813
f 1894/1894/1894 1811/1811/1811 1816/1816/1816
f 1901/1901/1901 1815/1815/1815 1819/1819/1819
f 1908/1908/1908 1822/1822/1822 1825/1825/1825
f 1910/1910/1910 1825/1825/1825 1828/1828/1828
f 1957/1957/1957 1879/1879/1879 1893/1893/1893
f 1962/1962/1962 1888/1888/1888 1900/1900/1900
f 1972/1972/1972 1896/1896/1896 1904/1904/1904
f 1981/1981/1981 1903/1903/1903 1907/1907/1907
f 1989/1989/1989 1906/1906/1906 1909/1909/1909
f 2000/2000/2000 1911/1911/1911 1913/1913/1913
f 2052/2052/2052 1966/1966/1966 1980/1980/1980
f 2058/2058/2058 1978/1978/1978 1988/1988/1988
f 2066/2066/2066 1987/1987/1987 1996/1996/1996
f 2075/2075/2075 1991/1991/1991 1999/1999/1999
f 2086/2086/2086 1998/1998/1998 2001/2001/2001
f 2126/2126/2126 2013/2013/2013 2006/2006/2006
f 2155/2155/2155 2071/2071/2071 2085/2085/2085
f 2159/2159/2159 2083/2083/2083 2095/2095/2095
f 2165/2165/2165 2095/2095/2095 2105/2105/2105
f 2171/2171/2171 2104/2104/2104 2114/2114/2114
