# Tunnel_Ramp_Collision - generated by tools/gen_cave_kit.py, do not edit
o Tunnel_Ramp_Collision
v 4.000000 0.101318 -1.934672
v 4.000000 -0.069438 -1.505445
v 4.000000 -0.099328 -0.999929
v 4.000000 -0.091209 -0.499980
v 4.000000 -0.087622 0.000000
v 4.000000 -0.091209 0.499980
v 4.000000 -0.099328 0.999929
v 4.000000 -0.069438 1.505445
v 4.000000 0.101318 1.934672
v 4.000000 0.607997 -2.336538
v 4.000000 0.342985 -2.192959
v 4.000000 0.342985 2.192959
v 4.000000 0.607997 2.336538
v 4.000000 0.998976 -2.451794
v 4.000000 0.998976 2.451794
v 4.000000 1.500235 -2.504796
v 4.000000 1.500235 2.504796
v 4.000000 1.999903 -2.493615
v 4.000000 1.999903 2.493615
v 4.000000 2.501784 -2.427373
v 4.000000 2.501784 2.427373
v 4.000000 2.882664 -2.326525
v 4.000000 3.140114 -2.193808
v 4.000000 3.140114 2.193808
v 4.000000 2.882664 2.326525
v 4.000000 3.421503 -1.938023
v 4.000000 3.662922 -1.582112
v 4.000000 3.662922 1.582112
v 4.000000 3.421503 1.938023
v 4.000000 3.789063 -1.327630
v 4.000000 3.918724 -1.002389
v 4.000000 4.050795 -0.501186
v 4.000000 4.094719 0.000000
v 4.000000 4.050795 0.501186
v 4.000000 3.918724 1.002389
v 4.000000 3.789063 1.327630
v 3.500000 0.101387 -1.934777
v 3.500000 -0.069443 -1.505420
v 3.500000 -0.099328 -0.999930
v 3.500000 -0.091209 -0.499981
v 3.500000 -0.087622 0.000000
v 3.500000 -0.091209 0.499981
v 3.500000 -0.099328 0.999928
v 3.500000 -0.069432 1.505478
v 3.500000 0.101350 1.934720
v 3.500000 0.607656 -2.336397
v 3.500000 0.342671 -2.192725
v 3.500000 0.343046 2.193005
v 3.500000 0.608012 2.336544
v 3.500000 0.999014 -2.451800
v 3.500000 0.998778 2.451757
v 3.500000 1.500165 -2.504792
v 3.500000 1.500111 2.504789
v 3.500000 2.000038 -2.493602
v 3.500000 2.000069 2.493599
v 3.500000 2.501924 -2.427348
v 3.500000 2.501901 2.427352
v 3.500000 2.882620 -2.326542
v 3.500000 3.139971 -2.193904
v 3.500000 3.139654 2.194119
v 3.500000 2.882365 2.326639
v 3.500000 3.421348 -1.938204
v 3.500000 3.663244 -1.581527
v 3.500000 3.662625 1.582652
v 3.500000 3.421495 1.938032
v 3.500000 3.789330 -1.327035
v 3.500000 3.918674 -1.002533
v 3.500000 4.050815 -0.501071
v 3.500000 4.094719 0.000000
v 3.500000 4.050844 0.500909
v 3.500000 3.918852 1.002021
v 3.500000 3.788790 1.328238
v 2.998024 0.096831 -1.930403
v 2.999467 -0.070098 -1.506094
v 2.999988 -0.100070 -0.999895
v 3.000008 -0.091908 -0.499972
v 3.000026 -0.089504 0.000004
v 3.000003 -0.091245 0.499959
v 2.999934 -0.095430 0.999895
v 3.000867 -0.068371 1.504981
v 2.984817 0.099030 1.953417
v 2.997028 0.613391 -2.348264
v 2.995234 0.346456 -2.196466
v 3.003540 0.315909 2.203380
v 3.003410 0.573890 2.359885
v 2.997237 0.996249 -2.454769
v 3.000550 0.999421 2.479974
v 2.998388 1.499308 -2.500907
v 2.999756 1.500101 2.523597
v 2.999169 2.000812 -2.490203
v 2.999836 1.999860 2.510571
v 2.998522 2.503919 -2.431500
v 3.001872 2.502800 2.458866
v 2.998636 2.883046 -2.334715
v 2.998610 3.143450 -2.202228
v 3.002680 3.170930 2.212764
v 3.002322 2.917806 2.347340
v 2.999338 3.425560 -1.941885
v 2.999903 3.667306 -1.576518
v 3.000760 3.676060 1.610222
v 3.003138 3.444261 1.966427
v 2.999800 3.786108 -1.320662
v 2.999443 3.914091 -1.003530
v 3.000138 4.057524 -0.502343
v 3.000400 4.111273 -0.000010
v 3.000108 4.067514 0.500242
v 2.999768 3.939173 0.999259
v 2.999644 3.798707 1.354406
v 2.495738 0.120215 -1.890103
v 2.498318 -0.049051 -1.508186
v 2.499999 -0.091865 -0.999969
v 2.499931 -0.080678 -0.499920
v 2.499959 -0.072451 -0.000009
v 2.499979 -0.068631 0.499995
v 2.500016 -0.071263 0.999837
v 2.500843 -0.054100 1.503227
v 2.503569 0.093921 1.981295
v 2.500140 0.695024 -2.279422
v 2.493234 0.428458 -2.144120
v 2.502174 0.273153 2.228462
v 2.502418 0.525567 2.396790
v 2.496166 0.999181 -2.356031
v 2.500958 0.997349 2.537653
v 2.499571 1.499432 -2.419052
v 2.500143 1.500567 2.540295
v 2.501121 2.000384 -2.471481
v 2.498724 1.998032 2.539923
v 2.462332 2.540525 -2.349557
v 2.273487 2.730226 -2.245013
v 2.500351 2.500497 2.501393
v 2.602472 2.840225 -2.321741
v 2.453193 3.016458 -2.192454
v 2.500176 3.223285 2.237708
v 2.500883 2.977397 2.371845
v 2.497592 3.387134 -1.898027
v 2.498240 3.646538 -1.572104
v 2.499893 3.705045 1.673812
v 2.500258 3.464003 1.988858
v 2.499783 3.778410 -1.309236
v 2.499585 3.896270 -0.997598
v 2.500167 4.045398 -0.499569
v 2.499927 4.129277 -0.000487
v 2.500324 4.118462 0.500935
v 2.500427 4.009171 1.003265
v 2.500364 3.838902 1.426255
v 1.998189 0.174077 -1.828125
v 1.997382 0.007424 -1.511227
v 1.999835 -0.060896 -1.000316
v 2.000181 -0.048564 -0.499782
v 1.999956 -0.031749 -0.000123
v 1.999793 -0.024745 0.500066
v 1.999679 -0.016595 0.999730
v 1.999358 -0.006346 1.501736
v 2.002105 0.110089 1.979116
v 2.242000 0.749531 -2.249773
v 2.045862 0.528880 -2.140822
v 1.998573 0.267254 2.227376
v 2.003531 0.518040 2.404285
v 2.044792 1.042522 -2.268206
v 1.908576 0.904305 -2.243044
v 2.001828 0.998316 2.543558
v 2.006845 1.510820 -2.295408
v 1.994293 1.501658 2.533209
v 1.998533 2.001129 -2.407400
v 1.999624 2.000441 2.593468
v 2.001761 2.407401 -2.299709
v 2.005373 2.654136 -2.190447
v 2.001976 2.505329 2.582457
v 1.999556 3.000725 -2.064526
v 2.246444 3.247767 2.248618
v 2.047821 3.048623 2.381689
v 2.001507 3.373213 -1.869967
v 2.000040 3.613822 -1.571914
v 2.206754 3.737077 1.727543
v 2.060393 3.526405 2.029907
v 1.911109 3.304657 2.289152
v 2.000852 3.784455 -1.311772
v 1.999987 3.931447 -1.000241
v 2.001395 4.094431 -0.503597
v 2.001139 4.198000 -0.001763
v 2.002768 4.207300 0.504292
v 2.000607 4.097109 1.000972
v 2.026446 3.895444 1.545112
v 1.872218 3.780796 1.801757
v 1.501151 0.202590 -1.792740
v 1.499660 0.078971 -1.509370
v 1.500406 -0.011606 -1.001114
v 1.500282 -0.002874 -0.499527
v 1.500119 0.031454 0.000065
v 1.499999 0.056762 0.500045
v 1.500005 0.073610 0.999979
v 1.499681 0.085038 1.500713
v 1.499578 0.160245 1.918619
v 1.350622 0.730432 -2.274434
v 1.517802 0.499464 -2.151646
v 1.501264 0.277483 2.178811
v 1.500377 0.551798 2.371630
v 1.521175 1.041941 -2.316467
v 1.687712 0.902144 -2.261348
v 1.504729 0.994932 2.579225
v 1.504613 1.496977 -2.352219
v 1.497547 1.503144 2.613898
v 1.451820 2.054537 -2.366570
v 1.275711 2.234126 -2.246148
v 1.454533 1.974451 2.694612
v 1.273114 2.128981 2.773899
v 1.605588 2.330008 -2.309592
v 1.461614 2.508507 -2.202290
v 1.448798 2.455048 2.630369
v 1.257655 2.268533 2.748972
v 1.456063 3.048007 -1.931449
v 1.272688 3.234071 -1.738836
v 1.506317 3.003152 2.583788
v 1.582213 3.354744 -1.871555
v 1.419304 3.554032 -1.661884
v 1.496247 3.647452 2.141793
v 1.517394 3.437187 2.398746
v 1.495992 3.819143 -1.327922
v 1.494307 3.975444 -1.009429
v 1.498808 4.128439 -0.502237
v 1.517281 4.223384 0.033944
v 1.674074 4.257625 0.500766
v 1.524831 4.225847 1.018778
v 1.499787 4.041349 1.503957
v 1.499932 3.842208 1.909657
v 1.363747 4.245950 0.224602
v 1.424751 4.270838 0.500085
v 1.370912 4.299023 0.857568
v 1.196361 0.232785 -1.766290
v 1.017304 0.173894 -1.507667
v 0.999571 0.063473 -1.001977
v 0.999791 0.076828 -0.499539
v 0.999990 0.113686 -0.000006
v 1.000068 0.133671 0.500226
v 0.999965 0.162479 0.999916
v 0.968644 0.193527 1.491053
v 1.114893 0.214947 1.829680
v 1.211160 0.733237 -2.267574
v 1.022797 0.459292 -2.047910
v 0.863112 0.272237 -1.675187
v 0.781676 0.250797 1.650872
v 0.970705 0.289270 2.004744
v 1.004313 0.570269 2.402415
v 1.092213 0.996175 -2.324734
v 0.838368 0.996003 -2.245396
v 0.997897 1.003278 2.574198
v 1.009656 1.497032 -2.358126
v 0.767337 1.500957 -2.256959
v 1.044056 1.454787 2.706792
v 0.917097 1.578034 2.790986
v 1.107348 1.908675 -2.319146
v 0.962577 2.046520 -2.222958
v 1.251895 1.786358 2.760970
v 1.090463 1.959595 2.889673
v 0.996133 2.502292 -2.044515
v 1.180043 2.600493 2.704640
v 1.032636 2.470782 2.820567
v 0.989009 2.909885 -1.857921
v 0.999848 3.145079 -1.697011
v 1.131094 3.001619 2.704196
v 0.896364 3.008568 2.823857
v 0.996114 3.504107 -1.489671
v 1.208900 3.733515 2.229595
v 1.017617 3.592296 2.588205
v 0.812396 3.307477 2.781857
v 0.995640 3.793010 -1.295922
v 0.997880 3.958255 -1.006489
v 1.005861 4.100542 -0.497966
v 0.999292 4.220798 -0.023247
v 1.210423 4.245717 1.190723
v 1.028115 4.167276 1.511976
v 1.025723 3.843718 2.021259
v 0.876847 3.791479 2.315075
v 0.996975 4.270543 0.227188
v 0.999369 4.309745 0.499163
v 1.026135 4.333174 1.014852
v 0.880858 4.319758 1.348582
v 0.620355 0.210965 -1.341795
v 0.473271 0.169085 -1.012070
v 0.500245 0.175969 -0.499890
v 0.471049 0.197426 -0.010685
v 0.599780 0.209584 0.500283
v 0.685870 0.227580 1.000261
v 0.732796 0.240947 1.317483
v 0.496507 0.560568 -1.927075
v 0.472091 0.301340 -1.507678
v 0.287371 0.253798 -1.180788
v 0.284847 0.255226 0.148914
v 0.349781 0.274714 0.499959
v 0.435718 0.291987 1.000122
v 0.540396 0.302022 1.489766
v 0.501736 0.360696 2.005677
v 0.510227 0.561716 2.463749
v 0.497378 0.996007 -2.136460
v 0.572557 0.942903 2.719861
v 0.464627 1.051258 2.867512
v 0.501013 1.499346 -2.168967
v 0.749965 1.250096 2.749983
v 0.603243 1.455780 2.901270
v 0.499033 2.000443 -2.101282
v 0.506335 1.991742 2.927419
v 0.495901 2.511689 -1.825880
v 0.303652 2.725335 -1.731130
v 0.549966 2.523839 2.974901
v 0.640024 2.788619 -1.762254
v 0.480898 2.979157 -1.673971
v 0.489132 2.983839 2.906780
v 0.496725 3.517067 -1.444665
v 0.616525 3.624955 2.632121
v 0.489671 3.512731 2.823113
v 0.503714 3.741634 -1.245682
v 0.504397 3.908594 -0.989811
v 0.477886 4.198480 -0.470747
v 0.638979 4.227997 -0.087134
v 0.632406 4.197299 1.672849
v 0.479394 4.103525 1.976084
v 0.479072 3.864110 2.507897
v 0.288972 3.775546 2.765762
v 0.305390 4.258434 -0.270670
v 0.479890 4.256362 0.049151
v 0.496749 4.378915 0.502728
v 0.500260 4.469376 0.999828
v 0.484139 4.377495 1.523083
v 0.297083 4.255522 1.784888
v 0.210866 0.216479 -0.846761
v 0.206957 0.238295 -0.499447
v 0.232002 0.246685 -0.184607
v 0.079739 0.628416 -1.849044
v -0.053076 0.515941 -1.558127
v 0.023610 0.284232 -1.015825
v -0.044481 0.322709 -0.500064
v 0.039062 0.312625 -0.010674
v -0.000078 0.362394 0.500001
v 0.000679 0.385889 1.000329
v 0.000042 0.426990 1.500012
v 0.002201 0.452173 2.002875
v 0.002649 0.619045 2.469700
v -0.073000 0.941001 -1.944842
v -0.247459 0.756046 -1.748286
v 0.008223 0.749061 2.726162
v 0.040799 0.925388 2.953979
v 0.010901 1.504862 -2.017429
v 0.008450 1.532133 3.107462
v 0.003161 2.008125 -2.049736
v 0.006339 2.013144 2.993064
v -0.007765 2.406551 -1.800375
v 0.006570 2.685524 -1.678096
v -0.008980 2.518501 2.875093
v -0.002037 3.001359 -1.616248
v -0.000354 3.003832 2.827838
v -0.012007 3.535571 -1.480875
v -0.021122 3.480044 3.033629
v -0.003200 3.770257 -1.262801
v 0.002310 3.909692 -0.995579
v -0.003224 4.184458 -0.585729
v 0.085815 4.180557 2.124309
v -0.049989 4.101709 2.459727
v 0.018992 3.932872 2.862727
v 0.000634 4.325966 -0.334594
v 0.002075 4.394937 0.002865
v -0.007002 4.569881 0.499768
v 0.003114 4.557215 1.000961
v -0.004375 4.508734 1.515214
v -0.048644 4.248873 1.952707
v -0.248821 4.250541 2.251110
v -0.497139 0.620381 -1.456749
v -0.500991 0.479158 -1.005473
v -0.500016 0.465222 -0.499997
v -0.499940 0.476976 -0.000041
v -0.500018 0.493576 0.499854
v -0.499768 0.508048 1.000293
v -0.499777 0.546718 1.500220
v -0.499744 0.575422 2.000952
v -0.499448 0.679265 2.396214
v -0.501836 1.046094 -1.810979
v -0.498580 0.788690 -1.704983
v -0.498135 0.798235 2.647108
v -0.467825 0.968454 2.919758
v -0.500106 1.500559 -1.941390
v -0.528474 1.506888 3.031961
v -0.532956 2.014625 -1.986601
v -0.499808 2.007605 2.982382
v -0.512947 2.353144 -1.832081
v -0.500746 2.588915 -1.680724
v -0.481028 2.513678 2.900121
v -0.492461 2.991696 -1.517216
v -0.489096 2.953376 2.948590
v -0.489345 3.582172 -1.414432
v -0.609505 3.726881 -1.234186
v -0.518256 3.488673 3.080506
v -0.278545 3.755359 -1.253914
v -0.461212 3.874262 -1.018632
v -0.491626 4.138367 -0.632949
v -0.509174 4.215975 2.611328
v -0.538602 4.063276 2.934672
v -0.491570 4.332342 -0.384690
v -0.499793 4.505012 0.010258
v -0.528953 4.676282 0.502799
v -0.466523 4.668615 0.999409
v -0.542366 4.637615 1.462682
v -0.502987 4.414112 1.994119
v -0.510323 4.339080 2.349104
v -0.715840 4.767168 0.672496
v -0.712964 4.801184 1.002567
v -0.736742 4.760289 1.273616
v -0.880623 0.678245 -1.352981
v -1.028560 0.674178 -1.011121
v -0.999700 0.607767 -0.500941
v -0.999519 0.613138 0.000457
v -1.001750 0.654066 0.500019
v -1.040983 0.686148 1.004717
v -0.953975 0.687405 1.499970
v -0.894988 0.691958 2.000724
v -0.820308 0.697650 2.307811
v -1.004048 1.141547 -1.816509
v -1.038537 0.773732 -1.557404
v -1.212966 0.724183 -1.193723
v -1.234811 0.762555 1.174449
v -1.204259 0.773939 1.499768
v -1.145205 0.771592 1.999899
v -0.991216 0.837813 2.492230
v -0.996796 1.065548 2.876032
v -1.003422 1.504151 -1.878261
v -0.971412 1.473398 2.993625
v -0.952282 1.966917 -1.781774
v -1.090794 2.116656 -1.726579
v -0.968255 2.022720 3.051403
v -0.755173 2.252816 -1.749997
v -0.948918 2.437770 -1.606002
v -0.973027 2.463914 3.081050
v -0.999799 2.999887 -1.502807
v -0.969716 3.018508 3.039018
v -1.011629 3.555913 -1.370580
v -0.847892 3.728010 -1.233868
v -1.016581 3.482009 3.006548
v -1.181715 3.761164 -1.256120
v -1.016829 4.011725 -1.015931
v -0.847965 4.231956 -0.718398
v -1.003041 4.215995 2.695480
v -1.018487 4.004719 2.885316
v -1.181690 4.269976 -0.767088
v -1.014392 4.428509 -0.550656
v -0.984980 4.697431 -0.017959
v -0.805687 4.745390 0.337327
v -0.806045 4.717028 1.606084
v -0.981224 4.654308 2.033460
v -0.998608 4.405262 2.462191
v -1.137878 4.768581 0.143832
v -0.983430 4.817896 0.504718
v -0.999445 4.946893 0.995391
v -0.974970 4.897528 1.473067
v -1.141619 4.839075 1.857667
v -1.293729 0.730720 -0.852536
v -1.322141 0.650982 -0.512424
v -1.312766 0.727172 0.000030
v -1.287442 0.732044 0.499944
v -1.266965 0.750272 0.841208
v -1.280861 1.233339 -1.762275
v -1.481580 1.010937 -1.601098
v -1.478828 0.758526 -1.035806
v -1.571088 0.808614 -0.500813
v -1.562753 0.816576 -0.000008
v -1.537335 0.813527 0.499820
v -1.460070 0.834368 1.004469
v -1.500002 0.879824 1.499987
v -1.503243 0.898538 1.999768
v -1.502108 1.019388 2.501589
v -1.499523 1.180820 2.785942
v -1.296102 1.504666 -1.822287
v -1.554882 1.508655 -1.717685
v -1.453654 1.442743 3.010338
v -1.265206 1.780148 -1.754766
v -1.429570 1.958062 -1.620091
v -1.484089 1.989033 3.076203
v -1.482136 2.496226 -1.456674
v -1.489184 2.524589 3.093853
v -1.495684 3.000473 -1.432342
v -1.486862 2.986982 3.044588
v -1.495528 3.501236 -1.445226
v -1.495973 3.507327 3.017804
v -1.503438 3.876598 -1.306666
v -1.506142 4.122227 -1.126236
v -1.282575 4.228903 2.729872
v -1.452274 4.072073 2.918203
v -1.505591 4.345890 -0.875143
v -1.472925 4.626797 -0.514016
v -1.288096 4.723585 -0.189879
v -1.369707 4.651893 2.151435
v -1.497788 4.528826 2.506218
v -1.611114 4.367977 2.803572
v -1.621766 4.808143 -0.358376
v -1.465961 4.893195 -0.018310
v -1.502974 5.024279 0.506325
v -1.512760 5.205423 0.996033
v -1.518321 5.234927 1.531573
v -1.522610 4.836657 1.967599
v -1.720745 4.746420 2.277350
v -1.681929 5.257357 1.166310
v -1.688165 5.310076 1.314591
v -1.895312 1.155478 -1.366077
v -2.032649 1.095027 -1.028440
v -2.000126 0.987015 -0.501032
v -1.999900 0.995239 0.000042
v -2.001073 0.985667 0.499816
v -1.999286 1.013879 1.000632
v -1.999982 1.062694 1.500299
v -1.999977 1.093053 2.000089
v -1.991802 1.180186 2.474213
v -1.821397 1.236775 2.761799
v -2.029509 1.502642 -1.379279
v -2.224515 1.313483 -1.234216
v -2.152012 1.291900 2.623219
v -1.981393 1.319681 2.898533
v -1.988150 2.000902 -1.371765
v -1.949519 2.013648 3.122532
v -1.988135 2.493303 -1.300564
v -2.015041 2.524726 3.049631
v -1.996651 3.004247 -1.383102
v -2.011716 2.961622 3.085516
v -2.007848 3.496457 -1.479073
v -1.974520 3.510394 3.071270
v -2.016846 4.019073 -1.419411
v -2.001618 4.235590 -1.244329
v -1.981481 4.035305 3.069145
v -2.017752 4.534345 -0.963723
v -1.859979 4.712360 -0.690139
v -1.854569 4.720445 2.642533
v -2.020474 4.525549 2.839079
v -2.194808 4.775722 -0.777693
v -2.015704 4.866230 -0.516964
v -2.007671 5.115352 -0.011572
v -2.011401 5.228518 0.515326
v -1.844170 5.233935 0.829495
v -1.823059 5.236748 1.670347
v -1.995063 5.083703 1.980461
v -1.994689 4.911675 2.505457
v -2.197481 4.776839 2.774586
v -2.177027 5.262168 0.699210
v -2.005959 5.309650 1.000268
v -2.001213 5.374816 1.507128
v -2.149202 5.296813 1.825124
v -2.334546 1.201790 -0.874143
v -2.394213 1.165138 -0.501107
v -2.419771 1.165915 -0.000532
v -2.418353 1.175817 0.500188
v -2.398054 1.181471 0.999907
v -2.372527 1.193303 1.500474
v -2.326887 1.208320 2.000621
v -2.281069 1.239725 2.288866
v -2.316774 1.671429 -1.259112
v -2.508678 1.416002 -1.115032
v -2.644619 1.288162 -0.502052
v -2.669910 1.282210 -0.000625
v -2.668364 1.281236 0.499987
v -2.647511 1.289856 1.000025
v -2.622530 1.297901 1.500129
v -2.577037 1.313979 2.000329
v -2.469760 1.338641 2.482159
v -2.499350 1.538681 2.873473
v -2.367654 1.999960 -1.283313
v -2.616300 1.999779 -1.219224
v -2.531947 1.946031 3.146896
v -2.377243 2.496195 -1.263883
v -2.627634 2.499105 -1.220106
v -2.480926 2.524734 3.075400
v -2.417797 3.001934 -1.303164
v -2.671896 2.999496 -1.247013
v -2.442333 2.943285 3.148864
v -2.477554 3.500216 -1.330195
v -2.731507 3.500087 -1.243845
v -2.431752 3.496953 3.181886
v -2.586641 4.042207 -1.317514
v -2.592240 4.043621 -1.316166
v -2.440496 4.074918 3.184708
v -2.743180 4.251909 -1.254134
v -2.548605 4.487957 -1.148938
v -2.493279 4.573795 3.015314
v -2.502659 4.814979 -0.814434
v -2.499670 4.990620 -0.494380
v -2.491516 5.181086 -0.018291
v -2.319521 5.222811 0.366161
v -2.386795 5.188216 2.148748
v -2.534654 5.092349 2.475599
v -2.503749 4.841016 2.805903
v -2.656667 5.276416 0.137937
v -2.492248 5.282511 0.526371
v -2.495468 5.474050 1.016253
v -2.490333 5.611738 1.508449
v -2.528029 5.376358 2.012423
v -2.719985 5.263602 2.276437
v -3.000999 1.587020 -0.918016
v -3.001019 1.468512 -0.502227
v -3.000164 1.444712 -0.000550
v -3.000142 1.440216 0.499774
v -3.000132 1.446398 1.000122
v -3.000025 1.468472 1.500023
v -2.999954 1.489372 2.000098
v -2.998696 1.548865 2.507961
v -2.999639 1.682513 2.792551
v -2.999191 1.998707 -1.116326
v -2.937495 1.787176 3.093039
v -2.999763 2.502236 -1.168236
v -2.904677 2.512138 3.181021
v -3.000949 3.001031 -1.226145
v -2.945243 2.898098 3.199466
v -2.991959 3.500792 -1.177253
v -2.957345 3.480004 3.214834
v -2.752208 4.190819 -1.268439
v -2.957241 4.011784 -1.211671
v -2.918466 4.055542 3.210086
v -2.751035 4.250606 -1.250543
v -2.947654 4.447517 -1.087086
v -2.928253 4.586214 3.109377
v -2.999968 4.885410 -0.856608
v -2.971496 5.153440 -0.521804
v -2.786028 5.242213 -0.201083
v -2.880104 5.188320 2.628693
v -3.029540 5.035956 2.880625
v -3.123321 5.286857 -0.349288
v -2.971144 5.401449 -0.021389
v -3.035575 5.602021 0.516687
v -2.873955 5.661610 1.009585
v -2.969695 5.763829 1.573252
v -2.999982 5.554877 1.998737
v -3.032531 5.341298 2.471472
v -3.224551 5.282597 2.774011
v -3.224733 5.767082 0.693503
v -3.117553 5.812271 0.996971
v -3.111063 5.875565 1.446719
v -3.318369 1.688387 -0.801910
v -3.392470 1.652773 -0.504674
v -3.435254 1.643574 -0.000207
v -3.435043 1.660043 0.500000
v -3.440777 1.650704 0.999846
v -3.449533 1.653495 1.500002
v -3.456894 1.668659 1.999969
v -3.371803 1.684383 2.506542
v -3.272365 1.750134 2.753384
v -3.497645 1.908137 -0.970019
v -3.643044 1.780985 -0.506042
v -3.686963 1.781213 -0.000041
v -3.684899 1.790287 0.499866
v -3.690404 1.780237 1.000052
v -3.699277 1.774884 1.500102
v -3.706834 1.749552 1.999472
v -3.621284 1.783473 2.502320
v -3.438608 1.831804 2.884424
v -3.499989 2.499002 -1.127560
v -3.471800 2.541813 3.193206
v -3.499944 3.000325 -1.199905
v -3.427407 2.898748 3.199387
v -3.496473 3.498708 -1.211672
v -3.436134 3.481024 3.225722
v -3.500674 3.996548 -1.133002
v -3.481878 3.996119 3.228002
v -3.506755 4.497026 -1.037530
v -3.542161 4.621101 3.191311
v -3.540990 5.087677 -0.962585
v -3.345704 5.227428 -0.707965
v -3.488393 5.078192 3.022423
v -3.681557 5.281059 -0.781340
v -3.506410 5.409418 -0.529931
v -3.479635 5.650104 -0.021932
v -3.294462 5.740824 0.351036
v -3.250716 5.749137 1.748525
v -3.329637 5.665116 1.985401
v -3.515079 5.570368 2.488000
v -3.497209 5.365932 2.820681
v -3.631439 5.827483 0.127331
v -3.473376 5.908500 0.513883
v -3.500397 5.992817 1.004912
v -3.457952 5.935506 1.538413
v -3.588748 5.870783 1.983733
v -3.685708 5.799119 2.320800
v -3.894277 2.054242 -0.888127
v -4.031776 2.000253 -0.537648
v -4.000167 1.936844 -0.000020
v -3.999994 1.936023 0.499998
v -3.999922 1.929781 1.000281
v -3.999696 1.918611 1.500441
v -4.000471 1.886258 1.999285
v -3.999327 1.909922 2.505053
v -3.977793 2.020921 2.858716
v -4.041462 2.451143 -1.043012
v -4.224098 2.154028 -0.761891
v -3.874976 2.457774 3.204349
v -4.000503 3.000101 -1.195274
v -3.968310 2.922587 3.222026
v -3.999533 3.498051 -1.171266
v -3.996904 3.499357 3.238269
v -3.989942 4.004299 -1.121207
v -3.994622 4.003912 3.237055
v -4.000716 4.500417 -1.130330
v -3.958949 4.589983 3.205388
v -3.999996 5.016472 -1.030420
v -3.942313 5.072368 3.181267
v -3.997374 5.304777 -0.808618
v -3.983725 5.572425 -0.467053
v -3.809785 5.702744 -0.194539
v -3.814920 5.688965 2.661393
v -3.962750 5.572990 2.928165
v -4.146715 5.801547 -0.307814
v -3.987007 5.924245 -0.037877
v -3.997720 6.185966 0.484273
v -3.828126 6.213041 0.998108
v -3.825794 6.293846 1.501584
v -4.008715 6.183921 2.020391
v -3.972576 5.970518 2.523359
v -4.140867 5.846263 2.815769
v -4.168141 6.302498 0.646859
v -4.071970 6.392196 0.985577
v -4.091691 6.383526 1.520244
v -4.162060 6.255090 1.841566
v -4.385215 2.130735 -0.381135
v -4.469943 2.172775 0.000153
v -4.478633 2.162541 0.499923
v -4.538273 2.167655 1.031700
v -4.500044 2.123785 1.500101
v -4.500125 2.109151 2.000261
v -4.538776 2.127914 2.525431
v -4.402503 2.114990 2.821081
v -4.501259 2.508785 -1.005015
v -4.529855 2.216664 -0.542381
v -4.719668 2.266892 0.000074
v -4.728581 2.262734 0.499819
v -4.730247 2.273206 0.886537
v -4.730501 2.278228 2.691903
v -4.561999 2.250031 2.990178
v -4.495827 2.993478 -1.179455
v -4.497787 2.930180 3.221859
v -4.498627 3.502109 -1.221899
v -4.502275 3.497597 3.239711
v -4.505094 4.000155 -1.151848
v -4.503834 4.004119 3.240924
v -4.500256 4.499983 -1.159188
v -4.491961 4.549680 3.219987
v -4.506769 5.011091 -1.125690
v -4.478575 5.025954 3.220043
v -4.498420 5.421533 -0.897044
v -4.501040 5.617230 -0.608952
v -4.505494 5.613737 3.144025
v -4.503903 5.880696 -0.423293
v -4.499253 6.079875 0.001211
v -4.497079 6.214989 0.319892
v -4.290952 6.230114 2.180552
v -4.479412 6.184052 2.505205
v -4.518256 5.958919 2.895904
v -4.495744 6.320716 0.570689
v -4.501584 6.476665 0.998705
v -4.511885 6.569796 1.531607
v -4.476039 6.336602 2.002226
v -4.624360 6.346661 2.337883
v -4.754405 2.247431 1.219023
v -4.784786 2.225620 1.499410
v -4.811749 2.222027 2.000000
v -4.791869 2.219777 2.369058
v -4.998301 2.583315 -0.890472
v -5.000270 2.422922 -0.504843
v -4.999913 2.391708 -0.000037
v -5.000185 2.371622 0.500103
v -4.952612 2.350905 1.031853
v -5.034417 2.346293 1.499935
v -5.062585 2.329528 1.999847
v -4.976180 2.313432 2.525241
v -5.005312 2.419911 2.917802
v -4.996789 2.998049 -1.030189
v -5.017898 2.879151 3.205451
v -5.242099 3.745781 -1.250389
v -5.052460 3.561297 -1.154739
v -4.993422 3.498437 3.241588
v -5.240742 3.761728 -1.253274
v -5.044182 3.957055 -1.231624
v -4.997371 4.001325 3.238505
v -4.996532 4.497265 -1.156124
v -4.990729 4.494545 3.239867
v -5.158223 5.113761 -1.315258
v -4.999810 4.971862 -1.196967
v -5.043920 5.046345 3.232191
v -5.152387 5.389466 -1.355734
v -4.935787 5.616133 -1.128094
v -4.768228 5.733973 -0.733138
v -5.012648 5.701741 3.174773
v -5.096235 5.912503 -0.913282
v -4.988005 6.022938 -0.538438
v -4.847337 6.196639 -0.000368
v -4.769442 6.250171 0.267382
v -5.006438 6.162390 2.613027
v -5.004552 5.927179 2.851116
v -5.193146 6.286695 -0.370972
v -5.099058 6.303497 0.008297
v -4.961346 6.440489 0.439572
v -4.993679 6.510574 0.998030
v -5.018081 6.560628 1.493956
v -5.051995 6.536493 2.014211
v -5.058769 6.400551 2.384905
v -5.362429 2.701910 -0.796820
v -5.516923 2.630197 -0.491105
v -5.499523 2.585287 -0.000435
v -5.499443 2.563504 0.500357
v -5.499969 2.560113 0.999931
v -5.499896 2.535004 1.499855
v -5.500474 2.521459 2.000014
v -5.499941 2.540781 2.501876
v -5.499638 2.643053 2.815498
v -5.741258 3.240687 -1.267107
v -5.541014 2.954336 -1.099058
v -5.694301 2.726518 -0.654336
v -5.513722 2.862240 3.176744
v -5.528486 3.538664 -1.338622
v -5.393997 3.405946 -1.236336
v -5.623391 3.397757 3.213835
v -5.465512 3.962223 -1.355447
v -5.284666 4.100628 -1.262047
v -5.510274 4.013690 3.234541
v -5.561242 4.500534 -1.299782
v -5.313558 4.499548 -1.204281
v -5.591037 4.521859 3.225551
v -5.468017 4.973846 -1.320594
v -5.280458 4.787027 -1.238378
v -5.557100 5.008061 3.221083
v -5.486347 5.536676 -1.340605
v -5.297849 5.731293 -1.253203
v -5.554231 5.651538 3.198462
v -5.632452 5.795908 -1.268838
v -5.448125 6.055463 -1.085123
v -5.280829 6.244035 -0.709010
v -5.500043 6.185896 2.655276
v -5.520259 5.992080 2.880645
v -5.615896 6.321666 -0.836129
v -5.471332 6.377688 -0.524112
v -5.499921 6.510948 0.002976
v -5.520590 6.643587 0.508883
v -5.443609 6.613319 0.992843
v -5.451762 6.522196 1.513455
v -5.526142 6.484790 1.922309
v -5.497960 6.334038 2.385906
v -5.705923 6.759894 0.681877
v -5.693883 6.774611 1.001673
v -5.698789 6.781545 1.499587
v -5.717674 6.763447 1.778580
v -5.784459 2.734185 -0.312089
v -5.827708 2.722494 0.000016
v -5.858381 2.715669 0.499951
v -5.880051 2.698357 0.999932
v -5.911296 2.693057 1.500023
v -5.938038 2.672502 1.999716
v -5.883893 2.676279 2.504083
v -5.797136 2.698038 2.776573
v -5.764446 3.243929 -1.261339
v -5.957621 3.042133 -1.091518
v -5.972216 2.814528 -0.488830
v -6.077804 2.813986 0.000044
v -6.108431 2.810307 0.500070
v -6.130173 2.788818 0.999992
v -6.161133 2.789493 1.500228
v -6.188273 2.771138 2.000007
v -6.136379 2.785673 2.507494
v -6.004098 2.858796 2.928470
v -5.960404 3.474297 -1.330730
v -6.098677 3.278629 -1.228887
v -5.994436 3.393617 3.195767
v -5.999683 4.000247 -1.493469
v -6.106923 3.972941 3.215271
v -6.030813 4.506012 -1.454329
v -6.079230 4.559523 3.213135
v -5.990582 5.000938 -1.525782
v -6.109207 4.988169 3.181790
v -6.008217 5.491759 -1.417758
v -6.122068 5.590425 3.165668
v -6.007325 5.976817 -1.324561
v -5.835680 6.142338 -1.189795
v -5.819154 6.230788 2.730369
v -5.988265 6.066931 2.881055
v -6.167117 6.326375 -1.313735
v -6.034515 6.502944 -0.977415
v -5.935666 6.609477 -0.493250
v -5.850186 6.672724 0.002433
v -5.797909 6.705030 0.350536
v -5.999091 6.701842 2.150489
v -5.990890 6.452950 2.551376
v -6.151716 6.283126 2.765950
v -6.235630 6.767848 -0.770572
v -6.169186 6.825007 -0.513882
v -6.097140 6.840849 0.000546
v -5.976686 6.879411 0.506935
v -5.990136 7.018625 0.992786
v -5.984880 6.999521 1.502541
v -5.985694 6.896856 1.934333
v -6.495827 3.104448 -0.947956
v -6.499798 2.997143 -0.500400
v -6.500043 2.963303 -0.000094
v -6.500169 2.961666 0.499702
v -6.499997 2.935612 1.000000
v -6.500049 2.911230 1.499925
v -6.500697 2.897012 2.000067
v -6.506150 2.954375 2.513237
v -6.508941 3.105140 2.844833
v -6.500557 3.572164 -1.332635
v -6.492519 3.285212 -1.217272
v -6.604175 3.452949 3.109143
v -6.502059 4.005833 -1.545800
v -6.570734 4.023205 3.084693
v -6.681932 4.631185 -1.808576
v -6.491534 4.471045 -1.732526
v -6.572518 4.498068 3.077920
v -6.695546 4.910305 -1.766938
v -6.519902 5.046368 -1.680778
v -6.515141 4.983945 3.060304
v -6.491655 5.501788 -1.632290
v -6.503343 5.500045 3.104620
v -6.488657 6.019681 -1.584257
v -6.491252 6.061715 3.019730
v -6.496772 6.425915 -1.384295
v -6.498668 6.667977 -1.128151
v -6.256674 6.744091 2.243308
v -6.453721 6.631690 2.501446
v -6.500013 6.347889 2.791467
v -6.489967 6.883859 -0.926302
v -6.485107 7.072961 -0.511030
v -6.541940 7.113508 0.025873
v -6.437927 7.166961 0.495480
v -6.389431 7.195819 0.999708
v -6.430871 7.226823 1.504956
v -6.504248 7.079309 2.035615
v -6.591551 6.852328 2.358422
v -6.737180 7.260809 0.209578
v -6.693021 7.285639 0.498359
v -6.639145 7.308823 0.997753
v -6.678855 7.275751 1.500357
v -6.744447 7.252926 1.755207
v -6.904531 3.176067 -0.857463
v -7.043421 3.160190 -0.537723
v -7.000077 3.127286 -0.000257
v -7.000358 3.105633 0.500078
v -6.998769 3.084968 0.999799
v -6.999084 3.065056 1.500717
v -7.000072 3.065363 2.000633
v -6.979596 3.137189 2.503883
v -6.796210 3.227855 2.764313
v -6.988202 3.581223 -1.382185
v -7.040094 3.278449 -1.031922
v -7.239062 3.256321 -0.727812
v -7.130589 3.302294 2.668109
v -6.987773 3.438283 2.877611
v -7.177914 4.243747 -1.746841
v -7.009639 4.052616 -1.607675
v -6.966446 3.957112 3.125585
v -7.000438 4.466419 -1.822571
v -6.841988 4.293113 -1.745653
v -6.997595 4.518325 2.956513
v -6.952188 5.047247 -1.810776
v -6.754369 5.244394 -1.749890
v -6.998441 4.986786 2.973361
v -7.091261 5.495983 -1.750259
v -6.839104 5.494305 -1.699322
v -7.015945 5.478619 3.070122
v -7.183672 5.999267 -1.796450
v -6.929116 6.003981 -1.710519
v -7.034336 6.049001 3.082883
v -7.227304 6.267086 -1.760542
v -6.994981 6.515830 -1.528107
v -6.778384 6.731218 -1.229785
v -6.999986 6.653766 2.643780
v -7.009666 6.457595 2.860667
v -7.110519 6.822946 -1.323086
v -6.989011 7.016210 -1.010175
v -6.889402 7.246203 -0.507195
v -6.821360 7.226873 -0.122981
v -7.007072 7.204531 2.131016
v -6.987584 6.883481 2.362774
v -7.203116 7.272125 -0.774647
v -7.146182 7.310323 -0.503462
v -6.992675 7.303673 0.030572
v -6.992603 7.415866 0.495963
v -6.999947 7.390185 1.000009
v -6.999492 7.331390 1.499988
v -7.003338 7.319048 1.842575
v -7.304041 3.234798 -0.394796
v -7.341567 3.235091 0.000084
v -7.369850 3.205470 0.500013
v -7.402778 3.195272 1.000007
v -7.426698 3.188236 1.500637
v -7.409111 3.199622 2.000340
v -7.339451 3.217591 2.313923
v -7.489744 3.588081 -1.396776
v -7.497555 3.389751 -1.008372
v -7.482405 3.299577 -0.537202
v -7.591279 3.317446 0.000004
v -7.620195 3.283705 0.499762
v -7.653042 3.275755 1.000066
v -7.677125 3.264585 1.500111
v -7.659264 3.263061 2.002315
v -7.506989 3.335643 2.519418
v -7.500453 3.660017 2.790849
v -7.495497 4.178002 -1.795008
v -7.490676 3.923108 -1.648509
v -7.499266 3.940168 2.957234
v -7.527399 4.490380 -1.922582
v -7.471352 4.517458 3.034795
v -7.513944 5.000174 -1.873639
v -7.461983 4.976450 3.123519
v -7.503861 5.499967 -1.903868
v -7.478867 5.509807 3.101884
v -7.499955 6.000121 -1.853848
v -7.514138 6.036195 3.048394
v -7.499514 6.331300 -1.813790
v -7.494188 6.600751 -1.688441
v -7.341498 6.701224 2.701896
v -7.489234 6.547904 2.876790
v -7.492750 6.928408 -1.421856
v -7.498059 7.174262 -1.125555
v -7.499725 7.214974 2.169312
v -7.504502 6.944498 2.523442
v -7.673471 6.791502 2.773272
v -7.500096 7.320887 -0.864905
v -7.504835 7.393706 -0.492220
v -7.502793 7.498533 0.007617
v -7.503221 7.590172 0.497298
v -7.500014 7.514421 0.999205
v -7.498944 7.373904 1.493921
v -7.503738 7.315066 1.921205
v -7.995534 3.631036 -1.383671
v -7.997852 3.495094 -1.004443
v -8.000452 3.454539 -0.499980
v -7.999843 3.448935 0.000004
v -8.000702 3.400656 0.499480
v -8.000169 3.387243 1.000064
v -8.000500 3.368197 1.500221
v -8.000721 3.374571 2.001977
v -8.000177 3.501150 2.533604
v -7.996956 3.718506 2.766506
v -8.000583 4.125915 -1.808460
v -7.984542 3.816356 -1.676642
v -7.986297 3.929034 2.961945
v -8.002542 4.508035 -1.917193
v -7.979328 4.480729 3.115740
v -7.996105 4.997161 -2.064051
v -7.939430 5.005755 3.184246
v -7.995144 5.505521 -2.097105
v -7.961188 5.514104 3.167760
v -8.005585 5.994372 -1.964905
v -7.985126 6.026916 3.050793
v -8.020952 6.512272 -1.868960
v -7.873902 6.683190 -1.742305
v -8.026229 6.545832 2.982804
v -8.213609 6.762251 -1.757842
v -8.016010 7.015449 -1.523275
v -7.821629 7.232088 -1.214397
v -8.000588 7.218016 2.180792
v -8.019537 7.045660 2.528017
v -8.006589 6.814266 2.792804
v -8.155397 7.292840 -1.276988
v -7.993865 7.410587 -1.020580
v -8.025730 7.691748 -0.531543
v -7.939362 7.692113 0.000061
v -7.908844 7.705437 0.499605
v -7.933902 7.665972 0.999749
v -8.050596 7.539726 1.434057
v -7.997374 7.293955 1.916080
v -8.225461 7.779397 -0.368906
v -8.193020 7.753812 0.000531
v -8.157887 7.785397 0.499472
v -8.180665 7.786579 0.999963
v -8.232692 7.754212 1.265509
v -8.498153 3.691829 -1.344711
v -8.498726 3.599096 -1.002022
v -8.499906 3.589754 -0.499742
v -8.499634 3.598897 -0.000062
v -8.499910 3.573335 0.499990
v -8.500182 3.545137 0.999909
v -8.499958 3.531250 1.499932
v -8.499756 3.519836 2.002269
v -8.461972 3.640832 2.530656
v -8.277400 3.748567 2.749670
v -8.483568 4.070544 -1.890766
v -8.496002 3.814408 -1.596951
v -8.608626 3.761710 2.704966
v -8.463222 3.915191 2.883091
v -8.487583 4.489460 -2.079158
v -8.488478 4.459301 3.164545
v -8.501811 4.999606 -2.148614
v -8.441759 4.905391 3.211178
v -8.504521 5.497611 -2.116279
v -8.518659 5.603181 3.193195
v -8.500837 6.001573 -2.094603
v -8.561322 6.063257 3.121946
v -8.489406 6.523135 -2.009069
v -8.633533 6.705305 2.716783
v -8.495428 6.549151 2.854533
v -8.497200 6.835584 -1.810300
v -8.489053 7.107429 -1.633881
v -8.502166 7.216703 2.196160
v -8.474979 6.913032 2.515411
v -8.301751 6.768609 2.759554
v -8.500026 7.359944 -1.348959
v -8.461444 7.634956 -0.987935
v -8.269054 7.748117 -0.701750
v -8.498527 7.660906 1.594026
v -8.508221 7.412744 1.964086
v -8.602119 7.784416 -0.810616
v -8.459714 7.832312 -0.521554
v -8.497532 7.802437 0.007507
v -8.508171 7.886602 0.497178
v -8.508045 7.883840 0.997199
v -8.499872 7.823115 1.341882
v -8.850539 3.730800 -1.290399
v -9.010233 3.706658 -0.965844
v -9.040262 3.718090 -0.516498
v -8.975188 3.705950 -0.000063
v -9.039657 3.709119 0.533139
v -9.000009 3.677489 0.999993
v -9.000004 3.642524 1.499730
v -9.032809 3.650418 2.030014
v -8.887286 3.678092 2.364491
v -9.002623 4.068991 -1.897652
v -9.010302 3.833081 -1.473852
v -9.183233 3.746895 -1.110788
v -9.234283 3.756355 -0.359940
v -9.225149 3.759541 -0.000136
v -9.230439 3.755445 0.388547
v -9.218547 3.758902 2.206198
v -9.048269 3.779667 2.535561
v -9.013559 4.100485 2.845090
v -8.999987 4.498637 -2.097992
v -9.087119 4.433411 3.027028
v -9.212263 5.222157 -2.249117
v -9.027579 5.033565 -2.190997
v -9.088216 5.018234 3.199984
v -9.156072 5.494235 -2.311520
v -8.912595 5.498789 -2.236763
v -9.064011 5.538955 3.156762
v -9.185915 5.831661 -2.265372
v -9.015170 5.997666 -2.173950
v -9.026452 6.041652 3.015216
v -8.999161 6.495626 -2.050589
v -9.004730 6.683017 2.726273
v -9.014491 6.431058 2.861931
v -8.998128 6.904604 -1.818599
v -8.999765 7.165585 -1.677898
v -8.873025 7.233219 2.220644
v -9.020179 7.025625 2.389285
v -9.001280 7.436631 -1.445648
v -8.995230 7.706693 -1.160434
v -9.002726 7.680648 1.654454
v -9.022545 7.408702 2.042204
v -9.206424 7.258652 2.259902
v -9.000052 7.858388 -0.897249
v -9.011059 7.957929 -0.510406
v -9.002137 7.912878 -0.004774
v -9.000234 7.898551 0.499765
v -8.999448 7.904042 1.003187
v -8.997034 7.884071 1.416411
v -9.262918 3.741995 -0.775381
v -9.263101 3.748458 -0.693126
v -9.254671 3.748855 0.721890
v -9.312486 3.742180 1.000008
v -9.395293 3.717736 1.499579
v -9.366034 3.709668 1.875656
v -9.499160 4.102326 -1.882102
v -9.499442 3.899099 -1.504664
v -9.458061 3.772351 -0.965664
v -9.457814 3.780812 -0.515778
v -9.500011 3.804987 -0.000380
v -9.452766 3.795378 0.533336
v -9.562578 3.786400 1.000339
v -9.645363 3.751761 1.499799
v -9.520491 3.779635 2.029632
v -9.514287 4.021814 2.569607
v -9.333432 4.212970 2.769621
v -9.730638 4.743255 -2.253528
v -9.534328 4.535730 -2.163486
v -9.668827 4.299424 2.734334
v -9.511480 4.459249 2.867683
v -9.538233 5.031734 -2.282596
v -9.396589 4.885676 -2.238003
v -9.584681 4.989292 3.065499
v -9.494299 5.494618 -2.390367
v -9.516770 5.526143 3.007644
v -9.517552 5.996419 -2.285657
v -9.362151 6.166036 -2.222538
v -9.681778 6.187017 2.715450
v -9.520378 6.027937 2.837269
v -9.690390 6.305380 -2.268323
v -9.515609 6.483917 -2.168123
v -9.516231 6.504691 2.684487
v -9.353569 6.338316 2.777077
v -9.476542 7.042389 -1.931921
v -9.312809 7.221878 -1.733024
v -9.693509 7.250656 2.251990
v -9.517810 7.059140 2.404308
v -9.650252 7.294413 -1.798797
v -9.490249 7.433608 -1.535979
v -9.504134 7.689980 -1.162255
v -9.501452 7.727080 1.685153
v -9.532992 7.458905 2.083022
v -9.359450 7.265956 2.270938
v -9.499940 7.817953 -0.918434
v -9.499484 7.953748 -0.503001
v -9.501211 7.994872 0.000664
v -9.501979 7.947968 0.500800
v -9.501959 7.943408 0.998647
v -9.511590 7.877576 1.436809
v -9.997847 4.108033 -1.899173
v -9.998928 3.920071 -1.508304
v -10.000107 3.842281 -0.999897
v -9.999896 3.857654 -0.500295
v -10.000046 3.870887 -0.000231
v -10.000045 3.870677 0.500034
v -9.999992 3.841488 1.000089
v -10.000538 3.809428 1.500497
v -10.002743 3.893230 2.010467
v -10.004204 4.111606 2.404093
v -9.997319 4.698798 -2.289341
v -9.990594 4.423953 -2.203479
v -10.050918 4.474183 2.679434
v -9.891220 4.634722 2.808272
v -9.999879 4.999857 -2.350291
v -10.219280 4.794367 2.743924
v -10.051624 4.952656 2.881910
v -9.997379 5.500197 -2.442062
v -10.027904 5.524604 2.928991
v -10.004948 5.995075 -2.365219
v -10.001149 6.121871 2.712398
v -9.992585 5.885270 2.825678
v -10.012192 6.486866 -2.322394
v -9.851830 6.646960 -2.250088
v -10.002248 6.503155 2.595242
v -10.191945 6.776539 -2.269827
v -10.007072 6.983299 -2.139117
v -9.999395 7.218328 2.225055
v -10.003944 6.981091 2.392435
v -10.000795 7.317877 -1.832841
v -9.999473 7.545247 -1.502904
v -10.000414 7.728431 -1.190679
v -10.000845 7.704899 1.646560
v -10.006394 7.478661 2.001608
v -10.000002 7.817994 -0.936464
v -10.002290 7.949604 -0.502145
v -10.000759 8.008030 -0.000563
v -10.000615 7.951635 0.498286
v -10.003759 7.916292 1.001414
v -9.999969 7.807008 1.395089
v -10.498783 4.119618 -1.913766
v -10.499784 3.940421 -1.504860
v -10.500080 3.889503 -0.999996
v -10.499962 3.897440 -0.500077
v -10.499999 3.905279 -0.000008
v -10.500085 3.906735 0.499978
v -10.500077 3.891215 1.000151
v -10.500260 3.881245 1.501241
v -10.503295 4.012355 2.014076
v -10.501462 4.199914 2.300152
v -10.499666 4.643842 -2.304517
v -10.498192 4.377933 -2.177683
v -10.506701 4.488378 2.504191
v -10.499145 4.995975 -2.429624
v -10.500534 4.976747 2.682621
v -10.345643 5.124903 2.798171
v -10.499720 5.499285 -2.494479
v -10.607912 5.499451 2.709240
v -10.367501 5.503105 2.805074
v -10.499259 6.001462 -2.486716
v -10.488096 5.981829 2.688703
v -10.311812 5.800462 2.769432
v -10.497630 6.506957 -2.402875
v -10.501410 6.505433 2.552174
v -10.497840 6.827775 -2.299971
v -10.496228 7.098368 -2.181643
v -10.500058 7.206456 2.220771
v -10.500081 6.961314 2.380543
v -10.497013 7.395801 -1.907658
v -10.491862 7.651794 -1.478489
v -10.323651 7.732813 -1.213194
v -10.502995 7.691982 1.604480
v -10.501280 7.437946 1.968937
v -10.656581 7.767615 -1.287328
v -10.493270 7.835917 -1.030441
v -10.498228 7.984125 -0.501923
v -10.499967 8.029180 -0.000402
v -10.500594 8.005088 0.500789
v -10.500683 7.905002 1.003085
v -10.501835 7.801653 1.349875
v -10.997645 4.097565 -1.934092
v -10.999228 3.931564 -1.505619
v -10.999990 3.902659 -0.999949
v -11.000002 3.911309 -0.500005
v -11.000005 3.916140 -0.000002
v -11.000025 3.913585 0.500015
v -10.999953 3.901381 0.999949
v -11.000731 3.919624 1.503566
v -10.962319 4.117823 2.032344
v -10.764862 4.243485 2.256246
v -10.997466 4.608987 -2.346996
v -10.996412 4.342066 -2.197741
v -11.101031 4.313548 2.207848
v -10.964064 4.485140 2.357681
v -10.998306 4.996351 -2.459764
v -10.999983 5.000012 2.517010
v -10.999029 5.499073 -2.521986
v -10.998253 5.500478 2.574859
v -10.998999 6.001560 -2.510709
v -11.000812 6.000332 2.563483
v -10.997951 6.504484 -2.440456
v -11.003577 6.503181 2.484836
v -10.996246 6.881351 -2.338858
v -10.995635 7.143515 -2.204990
v -11.004146 7.178424 2.210733
v -11.006613 6.927648 2.359781
v -10.996668 7.430089 -1.943556
v -10.998508 7.669793 -1.576597
v -11.001185 7.673835 1.586357
v -10.989462 7.430467 1.958855
v -10.999539 7.789946 -1.319411
v -10.999299 7.912945 -1.005590
v -10.999382 8.039504 -0.502283
v -10.999520 8.069646 0.000137
v -10.999879 8.025437 0.500299
v -11.000028 7.907385 1.001185
v -11.000222 7.790462 1.330986
v -11.500000 4.101044 -1.934255
v -11.500000 3.930572 -1.505495
v -11.500000 3.900672 -0.999925
v -11.500000 3.908791 -0.499976
v -11.500000 3.912378 0.000000
v -11.500000 3.908791 0.499974
v -11.500000 3.900672 0.999925
v -11.500000 3.930563 1.505449
v -11.500000 4.101542 1.935011
v -11.500000 4.608837 -2.336885
v -11.500000 4.343425 -2.193289
v -11.500000 4.342634 2.192697
v -11.500000 4.607458 2.336315
v -11.500000 4.998832 -2.451767
v -11.500000 4.999314 2.451856
v -11.500000 5.500219 -2.504795
v -11.500000 5.500385 2.504805
v -11.500000 5.999920 -2.493613
v -11.500000 5.999666 2.493637
v -11.500000 6.501810 -2.427368
v -11.500000 6.501436 2.427436
v -11.500000 6.883089 -2.326362
v -11.500000 7.140297 -2.193684
v -11.500000 7.140862 2.193302
v -11.500000 6.883536 2.326191
v -11.500000 7.421377 -1.938170
v -11.500000 7.663260 -1.581498
v -11.500000 7.662993 1.581984
v -11.500000 7.421451 1.938083
v -11.500000 7.789236 -1.327245
v -11.500000 7.918586 -1.002787
v -11.500000 8.050743 -0.501479
v -11.500000 8.094719 0.000000
v -11.500000 8.050730 0.501557
v -11.500000 7.918618 1.002693
v -11.500000 7.789043 1.327673
v -12.000000 4.101318 -1.934672
v -12.000000 3.930562 -1.505445
v -12.000000 3.900672 -0.999929
v -12.000000 3.908791 -0.499980
v -12.000000 3.912378 0.000000
v -12.000000 3.908791 0.499980
v -12.000000 3.900672 0.999929
v -12.000000 3.930562 1.505445
v -12.000000 4.101318 1.934672
v -12.000000 4.607997 -2.336538
v -12.000000 4.342985 -2.192959
v -12.000000 4.342985 2.192959
v -12.000000 4.607997 2.336538
v -12.000000 4.998976 -2.451794
v -12.000000 4.998976 2.451794
v -12.000000 5.500235 -2.504796
v -12.000000 5.500235 2.504796
v -12.000000 5.999903 -2.493615
v -12.000000 5.999903 2.493615
v -12.000000 6.501784 -2.427373
v -12.000000 6.501784 2.427373
v -12.000000 6.882664 -2.326525
v -12.000000 7.140114 -2.193808
v -12.000000 7.140114 2.193808
v -12.000000 6.882664 2.326525
v -12.000000 7.421503 -1.938023
v -12.000000 7.662922 -1.582112
v -12.000000 7.662922 1.582112
v -12.000000 7.421503 1.938023
v -12.000000 7.789063 -1.327630
v -12.000000 7.918724 -1.002389
v -12.000000 8.050795 -0.501186
v -12.000000 8.094719 0.000000
v -12.000000 8.050795 0.501186
v -12.000000 7.918724 1.002389
v -12.000000 7.789063 1.327630
vt -0.990881 -0.496839
vt -1.006249 -0.367334
vt -1.008940 -0.237069
vt -1.008209 -0.113138
vt -1.007886 0.011391
vt -1.008209 0.136852
vt -1.008940 0.262895
vt -1.006249 0.385388
vt -0.990881 0.470497
vt -0.945280 -0.663174
vt -0.969131 -0.592828
vt -0.969131 0.503652
vt -0.945280 0.505095
vt -0.910092 -0.742815
vt -0.910092 0.483081
vt -0.864979 -0.821230
vt -0.864979 0.431168
vt -0.820009 -0.883391
vt -0.820009 0.363416
vt -0.774839 -0.932075
vt -0.774839 0.281611
vt -0.740560 -0.956378
vt -0.717390 -0.956667
vt -0.717390 0.140237
vt -0.740560 0.206885
vt -0.692065 -0.929301
vt -0.670337 -0.871708
vt -0.670337 -0.080652
vt -0.692065 0.039710
vt -0.658984 -0.824486
vt -0.647315 -0.760031
vt -0.635428 -0.651900
vt -0.631475 -0.532314
vt -0.635428 -0.401307
vt -0.647315 -0.258837
vt -0.658984 -0.160671
vt -0.865875 -0.496874
vt -0.881250 -0.367328
vt -0.883940 -0.237070
vt -0.883209 -0.113138
vt -0.882886 0.011391
vt -0.883209 0.136852
vt -0.883940 0.262895
vt -0.881249 0.385396
vt -0.865878 0.470505
vt -0.820311 -0.663094
vt -0.844160 -0.592728
vt -0.844126 0.503655
vt -0.820279 0.505094
vt -0.785089 -0.742822
vt -0.785110 0.483098
vt -0.739985 -0.821220
vt -0.739990 0.431183
vt -0.694997 -0.883405
vt -0.694994 0.363391
vt -0.649827 -0.932087
vt -0.649829 0.281591
vt -0.615564 -0.956376
vt -0.592403 -0.956672
vt -0.592431 0.140375
vt -0.615587 0.206952
vt -0.567079 -0.929326
vt -0.545308 -0.871603
vt -0.545364 -0.080478
vt -0.567065 0.039714
vt -0.533960 -0.824372
vt -0.522319 -0.760061
vt -0.510427 -0.651874
vt -0.506475 -0.532314
vt -0.510424 -0.401382
vt -0.522303 -0.258946
vt -0.534009 -0.160483
vt -0.740791 -0.495189
vt -0.756176 -0.367411
vt -0.759003 -0.236965
vt -0.758274 -0.113045
vt -0.758062 0.011636
vt -0.758213 0.136851
vt -0.758572 0.262379
vt -0.756370 0.385133
vt -0.737292 0.475480
vt -0.694052 -0.666807
vt -0.717628 -0.594156
vt -0.722453 0.509777
vt -0.699202 0.515365
vt -0.659647 -0.743205
vt -0.660190 0.490069
vt -0.614659 -0.820137
vt -0.614930 0.435886
vt -0.569719 -0.882656
vt -0.569972 0.367661
vt -0.524278 -0.933385
vt -0.525216 0.289353
vt -0.490185 -0.958475
vt -0.466742 -0.959205
vt -0.465286 0.140970
vt -0.487978 0.207520
vt -0.441534 -0.930794
vt -0.419918 -0.870879
vt -0.419345 -0.075332
vt -0.440801 0.043853
vt -0.409200 -0.822360
vt -0.397593 -0.759714
vt -0.384857 -0.653064
vt -0.380085 -0.534468
vt -0.383951 -0.403716
vt -0.395416 -0.262278
vt -0.408027 -0.155230
vt -0.613115 -0.488154
vt -0.628994 -0.370670
vt -0.633268 -0.238050
vt -0.632244 -0.114492
vt -0.631510 0.009416
vt -0.631171 0.133921
vt -0.631418 0.259223
vt -0.630080 0.382840
vt -0.617439 0.483114
vt -0.562483 -0.660209
vt -0.584747 -0.591729
vt -0.600960 0.521606
vt -0.578303 0.530874
vt -0.534115 -0.718901
vt -0.535478 0.504758
vt -0.489944 -0.799689
vt -0.489985 0.440000
vt -0.445246 -0.877920
vt -0.444858 0.375236
vt -0.386936 -0.917658
vt -0.322651 -0.916183
vt -0.400043 0.300284
vt -0.394998 -0.949665
vt -0.341817 -0.940253
vt -0.334948 0.140400
vt -0.357255 0.205900
vt -0.319556 -0.914834
vt -0.296372 -0.867076
vt -0.291519 -0.063203
vt -0.313304 0.046894
vt -0.284889 -0.818502
vt -0.274232 -0.755915
vt -0.260956 -0.650794
vt -0.253347 -0.536928
vt -0.254420 -0.410166
vt -0.264281 -0.270376
vt -0.279590 -0.142493
vt -0.483880 -0.479661
vt -0.498677 -0.378772
vt -0.505439 -0.242163
vt -0.504416 -0.118632
vt -0.502846 0.004097
vt -0.502175 0.128233
vt -0.501413 0.252090
vt -0.500411 0.376259
vt -0.490618 0.480467
vt -0.493042 -0.659882
vt -0.463866 -0.603960
vt -0.475591 0.522101
vt -0.454259 0.533726
vt -0.417371 -0.702579
vt -0.395757 -0.678321
vt -0.410608 0.506108
vt -0.365737 -0.770259
vt -0.363424 0.438087
vt -0.319532 -0.861997
vt -0.319866 0.388310
vt -0.283774 -0.887889
vt -0.262471 -0.892649
vt -0.275014 0.319921
vt -0.229824 -0.906226
vt -0.269312 0.139945
vt -0.237579 0.199101
vt -0.196788 -0.906009
vt -0.174766 -0.862776
vt -0.215352 -0.053934
vt -0.197722 0.049044
vt -0.180358 0.142683
vt -0.159612 -0.819922
vt -0.146166 -0.761148
vt -0.131850 -0.658175
vt -0.122465 -0.546181
vt -0.122035 -0.420876
vt -0.131412 -0.282381
vt -0.156021 -0.120130
vt -0.127783 -0.041064
vt -0.357055 -0.474522
vt -0.367808 -0.387609
vt -0.376146 -0.248770
vt -0.375329 -0.124508
vt -0.372199 -0.004073
vt -0.369891 0.117632
vt -0.368376 0.240425
vt -0.367267 0.364123
vt -0.360472 0.458823
vt -0.271917 -0.663565
vt -0.334499 -0.602842
vt -0.350342 0.508630
vt -0.325432 0.521174
vt -0.286519 -0.714569
vt -0.340735 -0.682616
vt -0.286638 0.515465
vt -0.241425 -0.782662
vt -0.239104 0.458066
vt -0.178047 -0.858732
vt -0.117857 -0.851973
vt -0.185933 0.416974
vt -0.126670 0.416707
vt -0.191696 -0.880299
vt -0.139638 -0.876678
vt -0.141245 0.338436
vt -0.110246 0.392334
vt -0.089695 -0.879103
vt -0.027106 -0.855138
vt -0.106296 0.255537
vt -0.093626 -0.904005
vt -0.034963 -0.877495
vt -0.045791 0.061280
vt -0.070002 0.152852
vt -0.030275 -0.828469
vt -0.015787 -0.769165
vt -0.003143 -0.662256
vt 0.000784 -0.540554
vt -0.035332 -0.428300
vt -0.000881 -0.294666
vt -0.011225 -0.149386
vt -0.029184 -0.022073
vt 0.041199 -0.495823
vt 0.028188 -0.430188
vt 0.044184 -0.344481
vt -0.278140 -0.471835
vt -0.238676 -0.399523
vt -0.244180 -0.258746
vt -0.243033 -0.134872
vt -0.239766 -0.014781
vt -0.237987 0.107679
vt -0.235368 0.228857
vt -0.224744 0.347605
vt -0.259378 0.429477
vt -0.236799 -0.662214
vt -0.214363 -0.571686
vt -0.191277 -0.454188
vt -0.172847 0.380114
vt -0.216642 0.463581
vt -0.199754 0.526469
vt -0.183397 -0.710686
vt -0.119952 -0.690829
vt -0.159179 0.513123
vt -0.117681 -0.784146
vt -0.056748 -0.759364
vt -0.130083 0.487576
vt -0.087251 0.492602
vt -0.105056 -0.827914
vt -0.056457 -0.821787
vt -0.152202 0.458016
vt -0.096252 0.467671
vt -0.023827 -0.836427
vt -0.060966 0.338096
vt -0.035789 0.383940
vt 0.014637 -0.842765
vt 0.033095 -0.833113
vt -0.012628 0.285839
vt 0.046680 0.314851
vt 0.066341 -0.827952
vt 0.033791 0.072042
vt 0.068902 0.180053
vt 0.094574 0.265492
vt 0.092461 -0.817072
vt 0.106773 -0.766195
vt 0.117583 -0.657562
vt 0.130049 -0.554515
vt 0.079509 -0.254262
vt 0.118026 -0.163752
vt 0.089504 0.005631
vt 0.122021 0.085877
vt 0.135105 -0.498374
vt 0.138035 -0.435476
vt 0.133452 -0.309600
vt 0.168564 -0.224423
vt -0.136102 -0.362874
vt -0.103100 -0.274999
vt -0.109224 -0.147849
vt -0.099994 -0.028336
vt -0.131083 0.097825
vt -0.150985 0.220480
vt -0.161514 0.298048
vt -0.073676 -0.554643
vt -0.090902 -0.416094
vt -0.049001 -0.328191
vt -0.048241 0.004049
vt -0.062721 0.089277
vt -0.082651 0.212072
vt -0.107917 0.333179
vt -0.092971 0.454529
vt -0.077002 0.542914
vt -0.034704 -0.663596
vt -0.058278 0.557388
vt -0.021543 0.580214
vt 0.009688 -0.737157
vt -0.074983 0.524983
vt -0.019791 0.536066
vt 0.055282 -0.785378
vt 0.052673 0.472928
vt 0.102077 -0.782990
vt 0.169367 -0.787076
vt 0.089654 0.415626
vt 0.090970 -0.803084
vt 0.147900 -0.805783
vt 0.146263 0.338796
vt 0.192355 -0.818385
vt 0.172115 0.186786
vt 0.193728 0.249123
vt 0.210818 -0.797833
vt 0.225674 -0.755570
vt 0.258392 -0.663489
vt 0.220775 -0.571423
vt 0.219655 -0.127437
vt 0.249469 -0.039437
vt 0.228002 0.124640
vt 0.267556 0.200620
vt 0.306911 -0.621264
vt 0.263100 -0.541039
vt 0.269915 -0.443577
vt 0.277179 -0.331062
vt 0.272940 -0.188304
vt 0.308726 -0.106996
vt -0.033233 -0.239833
vt -0.030293 -0.155840
vt -0.035799 -0.078221
vt 0.036623 -0.543955
vt 0.059704 -0.456604
vt 0.019678 -0.290906
vt 0.040164 -0.166968
vt 0.018371 -0.043310
vt 0.032635 0.077889
vt 0.034560 0.199917
vt 0.038419 0.319494
vt 0.040145 0.441936
vt 0.055052 0.536949
vt 0.102940 -0.608541
vt 0.129909 -0.535358
vt 0.065360 0.584163
vt 0.073085 0.618194
vt 0.132712 -0.699989
vt 0.135779 0.577688
vt 0.179941 -0.773490
vt 0.179598 0.486557
vt 0.218531 -0.762945
vt 0.240055 -0.768642
vt 0.228910 0.391368
vt 0.270631 -0.794239
vt 0.270433 0.316461
vt 0.321203 -0.829843
vt 0.318485 0.306001
vt 0.340123 -0.805834
vt 0.351295 -0.757155
vt 0.377407 -0.690412
vt 0.354796 -0.012395
vt 0.381651 0.081710
vt 0.349210 0.204408
vt 0.389178 -0.646024
vt 0.395026 -0.570625
vt 0.413040 -0.469143
vt 0.409371 -0.342198
vt 0.406880 -0.207332
vt 0.394560 -0.064177
vt 0.444754 0.010207
vt 0.180119 -0.444837
vt 0.168372 -0.313659
vt 0.166874 -0.185478
vt 0.167913 -0.062017
vt 0.169426 0.060799
vt 0.170666 0.184027
vt 0.174149 0.303982
vt 0.176724 0.425433
vt 0.185996 0.510749
vt 0.219607 -0.588737
vt 0.195627 -0.528775
vt 0.196375 0.558006
vt 0.204117 0.604040
vt 0.260077 -0.680420
vt 0.267738 0.562095
vt 0.314555 -0.758552
vt 0.305636 0.484607
vt 0.340020 -0.763929
vt 0.358189 -0.756740
vt 0.346488 0.398252
vt 0.392368 -0.768225
vt 0.388078 0.353208
vt 0.444732 -0.819290
vt 0.487796 -0.793041
vt 0.443545 0.316599
vt 0.407619 -0.801675
vt 0.463986 -0.758312
vt 0.495359 -0.696225
vt 0.506731 0.104755
vt 0.500345 0.205442
vt 0.512803 -0.659377
vt 0.530399 -0.583087
vt 0.553104 -0.482217
vt 0.536806 -0.357068
vt 0.552977 -0.237220
vt 0.523017 -0.075305
vt 0.518098 0.023196
vt 0.608005 -0.451608
vt 0.610347 -0.373512
vt 0.612612 -0.300434
vt 0.281198 -0.426417
vt 0.317816 -0.340423
vt 0.304624 -0.204245
vt 0.305062 -0.079594
vt 0.309303 0.039976
vt 0.321999 0.161980
vt 0.300360 0.285630
vt 0.286023 0.410226
vt 0.267866 0.486258
vt 0.353751 -0.602528
vt 0.329270 -0.489936
vt 0.368418 -0.392575
vt 0.377333 0.194480
vt 0.370719 0.274330
vt 0.355744 0.399668
vt 0.323207 0.514142
vt 0.345098 0.580487
vt 0.386229 -0.665105
vt 0.375459 0.556865
vt 0.415093 -0.701143
vt 0.463198 -0.706810
vt 0.424109 0.499897
vt 0.391547 -0.730365
vt 0.456629 -0.718411
vt 0.465009 0.449954
vt 0.519940 -0.765687
vt 0.514095 0.367349
vt 0.572939 -0.804914
vt 0.547494 -0.793108
vt 0.567526 0.298976
vt 0.633934 -0.802981
vt 0.615262 -0.775507
vt 0.592867 -0.729754
vt 0.630200 0.125791
vt 0.615047 0.200716
vt 0.679720 -0.746869
vt 0.652164 -0.713370
vt 0.669014 -0.615156
vt 0.628507 -0.532569
vt 0.626044 -0.211692
vt 0.664194 -0.096695
vt 0.646126 0.042864
vt 0.713642 -0.583957
vt 0.679468 -0.500147
vt 0.695082 -0.394248
vt 0.684520 -0.268412
vt 0.720921 -0.164663
vt 0.389197 -0.308127
vt 0.389124 -0.212734
vt 0.393637 -0.094525
vt 0.387745 0.029820
vt 0.384266 0.112767
vt 0.431216 -0.600903
vt 0.461379 -0.531696
vt 0.437974 -0.357560
vt 0.465547 -0.230323
vt 0.464180 -0.106157
vt 0.457551 0.019197
vt 0.440111 0.142649
vt 0.454185 0.260620
vt 0.456679 0.383132
vt 0.467272 0.492877
vt 0.481154 0.542979
vt 0.459446 -0.651178
vt 0.524499 -0.625546
vt 0.493260 0.565028
vt 0.476515 -0.670111
vt 0.533618 -0.659571
vt 0.550035 0.510476
vt 0.595194 -0.688678
vt 0.599509 0.445267
vt 0.643963 -0.748147
vt 0.640544 0.372839
vt 0.688993 -0.816467
vt 0.689653 0.298498
vt 0.724753 -0.830624
vt 0.747536 -0.817449
vt 0.701245 0.132710
vt 0.729555 0.200181
vt 0.767528 -0.783752
vt 0.784643 -0.729988
vt 0.747147 -0.661536
vt 0.761097 -0.066887
vt 0.782041 0.037807
vt 0.795896 0.133056
vt 0.838174 -0.714652
vt 0.806878 -0.640693
vt 0.827929 -0.526575
vt 0.846678 -0.427697
vt 0.850724 -0.297647
vt 0.815952 -0.136866
vt 0.857364 -0.047697
vt 0.893644 -0.391879
vt 0.899948 -0.361662
vt 0.577821 -0.491731
vt 0.606715 -0.399464
vt 0.588863 -0.253570
vt 0.589546 -0.129370
vt 0.588978 -0.003183
vt 0.591071 0.118354
vt 0.595638 0.236925
vt 0.598369 0.357925
vt 0.604167 0.465129
vt 0.566659 0.529669
vt 0.642615 -0.540163
vt 0.674342 -0.479307
vt 0.654274 0.487858
vt 0.614120 0.553075
vt 0.677119 -0.603059
vt 0.668608 0.518859
vt 0.721431 -0.649271
vt 0.730986 0.434193
vt 0.769545 -0.736328
vt 0.769475 0.386368
vt 0.816643 -0.824308
vt 0.809565 0.311466
vt 0.865928 -0.877332
vt 0.881608 -0.861709
vt 0.858548 0.242697
vt 0.912529 -0.830395
vt 0.889107 -0.785142
vt 0.888482 0.046975
vt 0.912418 0.121449
vt 0.978517 -0.815267
vt 0.941887 -0.761851
vt 0.962299 -0.667889
vt 0.973417 -0.550876
vt 0.932097 -0.473038
vt 0.927072 -0.263191
vt 0.956299 -0.165766
vt 0.940723 -0.012154
vt 0.979286 0.072658
vt 1.017852 -0.509279
vt 0.979358 -0.440188
vt 0.984037 -0.321944
vt 1.014014 -0.232305
vt 0.691798 -0.374769
vt 0.703416 -0.276745
vt 0.709875 -0.151702
vt 0.710412 -0.027809
vt 0.705846 0.096385
vt 0.700529 0.219989
vt 0.690471 0.343074
vt 0.681842 0.411052
vt 0.729622 -0.532064
vt 0.754610 -0.462838
vt 0.777089 -0.292974
vt 0.782876 -0.166844
vt 0.782402 -0.041564
vt 0.777965 0.082325
vt 0.772444 0.206305
vt 0.762517 0.329265
vt 0.737918 0.446516
vt 0.763319 0.518340
vt 0.771910 -0.580823
vt 0.834055 -0.564777
vt 0.808130 0.533740
vt 0.818968 -0.640476
vt 0.881828 -0.629910
vt 0.847457 0.440634
vt 0.874623 -0.716043
vt 0.937929 -0.701688
vt 0.875479 0.404589
vt 0.934408 -0.787577
vt 0.997885 -0.765973
vt 0.922664 0.340868
vt 1.010459 -0.854865
vt 1.011986 -0.854712
vt 0.976867 0.266438
vt 1.068467 -0.866282
vt 1.041067 -0.870669
vt 1.034961 0.159235
vt 1.059013 -0.829556
vt 1.074073 -0.772376
vt 1.089177 -0.678114
vt 1.049933 -0.587425
vt 1.063638 -0.137281
vt 1.091975 -0.043106
vt 1.061629 0.072144
vt 1.139044 -0.651450
vt 1.098488 -0.555134
vt 1.116531 -0.457563
vt 1.127640 -0.352414
vt 1.115879 -0.195821
vt 1.153720 -0.115159
vt 0.893082 -0.435817
vt 0.882421 -0.316463
vt 0.880065 -0.187950
vt 0.879655 -0.062284
vt 0.880209 0.061999
vt 0.882169 0.184104
vt 0.884032 0.306406
vt 0.889072 0.425638
vt 0.901336 0.479411
vt 0.929681 -0.538913
vt 0.895220 0.540927
vt 0.975142 -0.617350
vt 0.952262 0.468677
vt 1.020330 -0.696670
vt 0.997140 0.423114
vt 1.063061 -0.749416
vt 1.052537 0.351308
vt 1.065226 -0.861916
vt 1.100371 -0.824450
vt 1.094615 0.275301
vt 1.070313 -0.865214
vt 1.137190 -0.849949
vt 1.144823 0.181136
vt 1.189679 -0.849255
vt 1.206684 -0.800398
vt 1.168306 -0.731758
vt 1.186975 -0.017308
vt 1.210621 0.065482
vt 1.256647 -0.774614
vt 1.228916 -0.707536
vt 1.263076 -0.599091
vt 1.228034 -0.483613
vt 1.261168 -0.355985
vt 1.249934 -0.222450
vt 1.238850 -0.076501
vt 1.281571 0.006765
vt 1.325221 -0.576345
vt 1.302493 -0.506352
vt 1.306567 -0.402144
vt 0.981547 -0.419968
vt 0.996867 -0.341029
vt 1.006735 -0.213716
vt 1.008165 -0.090806
vt 1.008758 0.035370
vt 1.011198 0.160046
vt 1.014403 0.283067
vt 0.994545 0.407666
vt 0.975603 0.460829
vt 1.046144 -0.490563
vt 1.071050 -0.358039
vt 1.082050 -0.231568
vt 1.082351 -0.107771
vt 1.082822 0.018582
vt 1.084559 0.144291
vt 1.084168 0.272426
vt 1.065833 0.393729
vt 1.024514 0.482972
vt 1.099908 -0.606760
vt 1.096713 0.467866
vt 1.145015 -0.690019
vt 1.117739 0.423010
vt 1.189002 -0.757750
vt 1.172326 0.353897
vt 1.234858 -0.802802
vt 1.230120 0.287505
vt 1.281421 -0.843996
vt 1.301439 0.197085
vt 1.343138 -0.902044
vt 1.306895 -0.856557
vt 1.329136 0.095441
vt 1.395684 -0.881873
vt 1.363450 -0.835707
vt 1.378418 -0.739997
vt 1.340290 -0.658548
vt 1.330101 -0.310257
vt 1.342270 -0.240115
vt 1.380103 -0.102148
vt 1.357236 0.007599
vt 1.432333 -0.725740
vt 1.400109 -0.639634
vt 1.414453 -0.527838
vt 1.398684 -0.387012
vt 1.425557 -0.267269
vt 1.443348 -0.173686
vt 1.158451 -0.489083
vt 1.187967 -0.394445
vt 1.174358 -0.251795
vt 1.174241 -0.126683
vt 1.173661 -0.000801
vt 1.172599 0.125691
vt 1.169881 0.254608
vt 1.171725 0.377974
vt 1.176331 0.451959
vt 1.230968 -0.579402
vt 1.249887 -0.470496
vt 1.189944 0.481577
vt 1.270135 -0.688832
vt 1.255110 0.425570
vt 1.314708 -0.747563
vt 1.314168 0.354651
vt 1.357872 -0.800860
vt 1.359008 0.288755
vt 1.405217 -0.867637
vt 1.402836 0.204649
vt 1.451482 -0.909746
vt 1.442091 0.135909
vt 1.476773 -0.891776
vt 1.497449 -0.841179
vt 1.465693 -0.789991
vt 1.465737 -0.074217
vt 1.492257 0.007553
vt 1.558818 -0.831155
vt 1.529934 -0.779621
vt 1.556167 -0.683107
vt 1.516205 -0.558168
vt 1.522895 -0.442804
vt 1.558732 -0.298812
vt 1.530491 -0.145328
vt 1.561380 -0.056072
vt 1.609260 -0.657610
vt 1.593290 -0.584591
vt 1.597440 -0.449797
vt 1.603473 -0.352770
vt 1.288070 -0.372279
vt 1.313036 -0.282423
vt 1.314287 -0.156150
vt 1.329657 -0.023870
vt 1.316152 0.098933
vt 1.314855 0.225876
vt 1.326206 0.354729
vt 1.290975 0.430322
vt 1.351105 -0.577396
vt 1.331964 -0.423762
vt 1.383937 -0.294677
vt 1.385791 -0.169201
vt 1.387150 -0.073882
vt 1.387666 0.376806
vt 1.343003 0.455040
vt 1.393370 -0.684016
vt 1.388163 0.424541
vt 1.439847 -0.760749
vt 1.440353 0.355240
vt 1.486287 -0.807982
vt 1.486329 0.289696
vt 1.530063 -0.874795
vt 1.532462 0.213538
vt 1.577690 -0.932864
vt 1.571980 0.151637
vt 1.612543 -0.929060
vt 1.630811 -0.882478
vt 1.631610 0.056220
vt 1.655238 -0.870314
vt 1.672002 -0.790081
vt 1.683619 -0.727976
vt 1.633448 -0.264777
vt 1.676418 -0.177625
vt 1.665867 -0.050683
vt 1.692800 -0.679021
vt 1.708296 -0.592290
vt 1.719253 -0.471172
vt 1.689304 -0.323202
vt 1.727289 -0.240595
vt 1.390870 0.012590
vt 1.396502 0.085522
vt 1.402920 0.211136
vt 1.397747 0.303693
vt 1.482074 -0.558449
vt 1.468130 -0.441191
vt 1.465232 -0.310931
vt 1.463492 -0.183285
vt 1.449734 -0.047654
vt 1.469770 0.069966
vt 1.475304 0.197123
vt 1.452254 0.330564
vt 1.469120 0.414862
vt 1.519022 -0.647294
vt 1.513598 0.427073
vt 1.647645 -0.799549
vt 1.583632 -0.751653
vt 1.563215 0.355600
vt 1.648741 -0.802343
vt 1.617180 -0.822323
vt 1.609462 0.289454
vt 1.653887 -0.873675
vt 1.652191 0.225676
vt 1.749794 -0.993604
vt 1.697420 -0.945584
vt 1.715151 0.152023
vt 1.773149 -1.039564
vt 1.739399 -1.012121
vt 1.708115 -0.928701
vt 1.766319 0.052467
vt 1.806184 -0.996946
vt 1.789066 -0.917592
vt 1.769532 -0.805655
vt 1.754876 -0.745677
vt 1.806225 -0.147854
vt 1.784584 -0.057754
vt 1.864089 -0.910013
vt 1.842079 -0.817380
vt 1.819980 -0.727371
vt 1.834371 -0.596867
vt 1.844977 -0.479393
vt 1.851283 -0.346191
vt 1.840742 -0.235845
vt 1.583779 -0.550453
vt 1.615949 -0.464702
vt 1.607557 -0.336196
vt 1.605576 -0.208166
vt 1.605402 -0.082832
vt 1.603124 0.045413
vt 1.602050 0.172214
vt 1.603656 0.295167
vt 1.612784 0.360278
vt 1.726976 -0.738066
vt 1.651144 -0.658828
vt 1.668962 -0.518031
vt 1.636032 0.422095
vt 1.700601 -0.794682
vt 1.655034 -0.751857
vt 1.711646 0.361750
vt 1.722978 -0.853951
vt 1.690223 -0.848593
vt 1.738801 0.286856
vt 1.795359 -0.910015
vt 1.733349 -0.886012
vt 1.804727 0.218546
vt 1.814650 -0.976749
vt 1.750947 -0.931908
vt 1.840000 0.154223
vt 1.869888 -1.054919
vt 1.840279 -1.058369
vt 1.897196 0.064916
vt 1.929745 -1.070678
vt 1.907023 -1.058491
vt 1.882170 -0.988977
vt 1.931741 -0.140347
vt 1.919352 -0.058809
vt 1.972924 -1.030849
vt 1.941825 -0.960127
vt 1.960966 -0.845679
vt 1.978070 -0.736445
vt 1.956101 -0.611521
vt 1.949938 -0.469522
vt 1.965167 -0.362445
vt 1.944553 -0.226948
vt 2.034871 -0.708317
vt 2.033186 -0.630281
vt 2.035036 -0.506704
vt 2.038129 -0.434603
vt 1.692191 -0.433466
vt 1.701951 -0.353920
vt 1.709005 -0.228049
vt 1.712865 -0.100803
vt 1.720199 0.024908
vt 1.725035 0.152504
vt 1.711838 0.278104
vt 1.692107 0.343398
vt 1.733065 -0.737046
vt 1.763197 -0.668357
vt 1.746361 -0.488096
vt 1.772710 -0.365807
vt 1.780035 -0.240322
vt 1.783537 -0.112548
vt 1.791338 0.012423
vt 1.796471 0.139754
vt 1.784805 0.264736
vt 1.758316 0.360474
vt 1.802788 -0.784341
vt 1.819746 -0.733444
vt 1.804034 0.357771
vt 1.859943 -0.893399
vt 1.884295 0.287336
vt 1.913244 -0.949364
vt 1.930165 0.210546
vt 1.947730 -1.031567
vt 1.976237 0.146986
vt 1.996313 -1.068368
vt 2.033655 0.064662
vt 2.039745 -1.108126
vt 2.011730 -1.095953
vt 2.015560 -0.127410
vt 2.043090 -0.068437
vt 2.111153 -1.150863
vt 2.093894 -1.089736
vt 2.078769 -0.982544
vt 2.063092 -0.866846
vt 2.052930 -0.784020
vt 2.102938 -0.333617
vt 2.078488 -0.201040
vt 2.103410 -0.125319
vt 2.168014 -1.072463
vt 2.156547 -1.015721
vt 2.139961 -0.889174
vt 2.113319 -0.767590
vt 2.129210 -0.664225
vt 2.126177 -0.534302
vt 2.117140 -0.413008
vt 1.903357 -0.640567
vt 1.894692 -0.514728
vt 1.891708 -0.385253
vt 1.891592 -0.260091
vt 1.889204 -0.131630
vt 1.887023 -0.003479
vt 1.885905 0.123405
vt 1.892431 0.244241
vt 1.906698 0.307540
vt 1.946634 -0.797540
vt 1.918799 -0.731395
vt 1.961809 0.328402
vt 1.986040 -0.907208
vt 2.004772 0.248157
vt 2.087290 -1.054198
vt 2.025278 -1.014367
vt 2.047956 0.184731
vt 2.115814 -1.080074
vt 2.084149 -1.076222
vt 2.077340 0.117163
vt 2.118075 -1.123305
vt 2.120840 0.061149
vt 2.163936 -1.178623
vt 2.168367 -0.033090
vt 2.202525 -1.181443
vt 2.224785 -1.148875
vt 2.171137 -0.315905
vt 2.210282 -0.236758
vt 2.196313 -0.127359
vt 2.242039 -1.126477
vt 2.257843 -1.047242
vt 2.275701 -0.918288
vt 2.254508 -0.807835
vt 2.244981 -0.685530
vt 2.258132 -0.563248
vt 2.263200 -0.411406
vt 2.264597 -0.301197
vt 2.337768 -0.891511
vt 2.328963 -0.822543
vt 2.317580 -0.700709
vt 2.324531 -0.570758
vt 2.338875 -0.504079
vt 2.011979 -0.627255
vt 2.045272 -0.545255
vt 2.031475 -0.406611
vt 2.029596 -0.278713
vt 2.027339 -0.151096
vt 2.025626 -0.023278
vt 2.025901 0.101661
vt 2.027246 0.218136
vt 1.989559 0.271457
vt 2.069360 -0.811105
vt 2.055084 -0.684179
vt 2.102834 -0.605275
vt 2.079854 0.237729
vt 2.056389 0.272426
vt 2.176416 -0.988397
vt 2.117145 -0.928759
vt 2.097752 0.266972
vt 2.152087 -1.036277
vt 2.096877 -0.994518
vt 2.156048 0.151746
vt 2.192299 -1.108836
vt 2.160588 -1.119244
vt 2.198421 0.095058
vt 2.267454 -1.152043
vt 2.204263 -1.139090
vt 2.247062 0.055310
vt 2.335852 -1.229017
vt 2.272637 -1.208147
vt 2.302994 -0.015649
vt 2.370864 -1.254857
vt 2.335170 -1.229085
vt 2.300406 -1.182505
vt 2.348836 -0.204045
vt 2.333600 -0.124321
vt 2.391695 -1.217755
vt 2.378712 -1.164651
vt 2.374509 -1.068805
vt 2.355759 -0.970239
vt 2.400176 -0.403835
vt 2.366409 -0.304159
vt 2.455270 -1.139038
vt 2.444474 -1.076208
vt 2.405499 -0.941835
vt 2.415579 -0.840072
vt 2.415103 -0.710722
vt 2.409698 -0.578084
vt 2.409549 -0.490832
vt 2.117142 -0.519223
vt 2.126550 -0.420541
vt 2.130955 -0.291708
vt 2.138269 -0.165384
vt 2.143616 -0.039311
vt 2.140244 0.084134
vt 2.124446 0.160194
vt 2.195363 -0.815644
vt 2.179466 -0.692761
vt 2.167563 -0.563246
vt 2.196390 -0.431267
vt 2.200582 -0.301941
vt 2.208078 -0.175832
vt 2.213094 -0.049368
vt 2.208491 0.076381
vt 2.176955 0.196221
vt 2.204515 0.221910
vt 2.249894 -0.991892
vt 2.225749 -0.922131
vt 2.229432 0.227087
vt 2.285984 -1.064395
vt 2.274409 0.171429
vt 2.328502 -1.118432
vt 2.313376 0.133941
vt 2.370962 -1.190963
vt 2.365599 0.059196
vt 2.415000 -1.243478
vt 2.421792 -0.022607
vt 2.444696 -1.276517
vt 2.467614 -1.280208
vt 2.438485 -0.195685
vt 2.461620 -0.132030
vt 2.496744 -1.256157
vt 2.520198 -1.214043
vt 2.524279 -0.395618
vt 2.501130 -0.271924
vt 2.529603 -0.189577
vt 2.533904 -1.167942
vt 2.541642 -1.084237
vt 2.550566 -0.972905
vt 2.558921 -0.862398
vt 2.551301 -0.727073
vt 2.538387 -0.585127
vt 2.534290 -0.470657
vt 2.325677 -0.817952
vt 2.314022 -0.705473
vt 2.311021 -0.574085
vt 2.310365 -0.448361
vt 2.306235 -0.317215
vt 2.304894 -0.190326
vt 2.303263 -0.062810
vt 2.303892 0.061800
vt 2.315148 0.178251
vt 2.333904 0.208221
vt 2.371478 -0.988484
vt 2.339608 -0.915287
vt 2.350187 0.229712
vt 2.406359 -1.065343
vt 2.398098 0.196440
vt 2.448771 -1.165644
vt 2.435376 0.145313
vt 2.494283 -1.239994
vt 2.486566 0.075106
vt 2.540890 -1.270495
vt 2.538704 -0.020801
vt 2.591342 -1.313835
vt 2.569963 -1.304391
vt 2.595682 -0.105257
vt 2.662005 -1.318553
vt 2.635393 -1.292827
vt 2.606295 -1.243771
vt 2.649768 -0.393144
vt 2.638994 -0.283932
vt 2.614931 -0.187654
vt 2.695205 -1.267316
vt 2.665419 -1.218521
vt 2.698690 -1.132813
vt 2.677131 -0.999959
vt 2.670700 -0.876805
vt 2.673413 -0.746639
vt 2.691224 -0.621650
vt 2.655799 -0.469194
vt 2.756511 -1.103548
vt 2.746098 -1.007863
vt 2.740157 -0.887234
vt 2.745958 -0.762264
vt 2.756052 -0.691670
vt 2.456803 -0.816115
vt 2.448600 -0.718388
vt 2.448054 -0.591604
vt 2.448809 -0.467872
vt 2.446578 -0.339536
vt 2.444108 -0.210891
vt 2.442802 -0.084079
vt 2.441724 0.042988
vt 2.443168 0.159356
vt 2.406721 0.200104
vt 2.487241 -1.001862
vt 2.467297 -0.895111
vt 2.490710 0.187219
vt 2.468173 0.211798
vt 2.525947 -1.103419
vt 2.523457 0.211427
vt 2.575417 -1.187102
vt 2.551925 0.165094
vt 2.620915 -1.243759
vt 2.633951 0.069885
vt 2.665351 -1.303855
vt 2.686024 -0.007737
vt 2.709434 -1.350275
vt 2.761861 -0.192494
vt 2.713280 -0.137756
vt 2.739502 -1.341201
vt 2.761932 -1.332436
vt 2.775045 -0.389131
vt 2.740918 -0.269842
vt 2.684613 -0.190031
vt 2.787402 -1.294032
vt 2.802507 -1.239528
vt 2.764594 -1.182693
vt 2.814113 -0.597411
vt 2.794202 -0.472635
vt 2.851127 -1.214628
vt 2.819836 -1.148589
vt 2.826602 -1.012440
vt 2.836837 -0.900964
vt 2.836557 -0.775599
vt 2.829048 -0.681534
vt 2.548407 -0.807604
vt 2.586157 -0.723327
vt 2.594694 -0.612476
vt 2.577333 -0.481789
vt 2.593735 -0.348901
vt 2.580976 -0.228075
vt 2.577828 -0.098595
vt 2.586740 0.032949
vt 2.552850 0.112971
vt 2.616865 -1.003382
vt 2.597553 -0.866764
vt 2.633029 -0.764793
vt 2.646643 -0.578311
vt 2.644646 -0.488774
vt 2.645600 -0.391071
vt 2.642938 0.062892
vt 2.602237 0.142534
vt 2.622433 0.178209
vt 2.654874 -1.109321
vt 2.670787 0.180414
vt 2.773060 -1.241160
vt 2.709916 -1.202113
vt 2.723695 0.147626
vt 2.783499 -1.292131
vt 2.723040 -1.274033
vt 2.764509 0.069126
vt 2.821328 -1.324459
vt 2.793582 -1.323184
vt 2.800362 -0.031611
vt 2.834397 -1.357079
vt 2.852654 -0.187224
vt 2.832418 -0.120555
vt 2.870946 -1.352248
vt 2.894844 -1.351000
vt 2.869246 -0.385158
vt 2.887351 -0.316010
vt 2.919617 -1.328174
vt 2.942410 -1.291979
vt 2.941940 -0.584871
vt 2.922419 -0.452580
vt 2.954885 -0.378649
vt 2.957268 -1.245903
vt 2.968978 -1.162132
vt 2.962693 -1.029868
vt 2.960928 -0.901870
vt 2.961226 -0.776729
vt 2.958825 -0.670827
vt 2.652509 -0.680305
vt 2.653137 -0.660581
vt 2.651065 -0.306879
vt 2.664918 -0.236481
vt 2.683420 -0.108411
vt 2.675379 -0.013343
vt 2.743999 -1.003828
vt 2.725779 -0.883049
vt 2.704027 -0.731822
vt 2.704727 -0.620450
vt 2.717452 -0.494743
vt 2.704776 -0.360065
vt 2.731420 -0.242147
vt 2.748999 -0.112779
vt 2.720290 0.016055
vt 2.740535 0.119566
vt 2.712525 0.144719
vt 2.859552 -1.180005
vt 2.791798 -1.130516
vt 2.804155 0.124658
vt 2.779203 0.137218
vt 2.837414 -1.224774
vt 2.788858 -1.194639
vt 2.845206 0.117767
vt 2.868090 -1.311892
vt 2.876545 0.033512
vt 2.919066 -1.350949
vt 2.895481 -1.357219
vt 2.977276 -0.125450
vt 2.922609 -0.074314
vt 2.990082 -1.386780
vt 2.962455 -1.384940
vt 2.964480 -0.174488
vt 2.908841 -0.129712
vt 3.002951 -1.398491
vt 2.978171 -1.372100
vt 3.075936 -0.379588
vt 3.014775 -0.316611
vt 3.069060 -1.397973
vt 3.041587 -1.350364
vt 3.068132 -1.290261
vt 3.070800 -0.583232
vt 3.054550 -0.448902
vt 2.993799 -0.376840
vt 3.078601 -1.245942
vt 3.090708 -1.159737
vt 3.094841 -1.039167
vt 3.090812 -0.908036
vt 3.090397 -0.782981
vt 3.086879 -0.664883
vt 2.869185 -1.008838
vt 2.852538 -0.886685
vt 2.845832 -0.749471
vt 2.847163 -0.626569
vt 2.848391 -0.503273
vt 2.848372 -0.378180
vt 2.845732 -0.249371
vt 2.842983 -0.120101
vt 2.851076 -0.003503
vt 2.871096 0.066514
vt 2.922222 -1.183179
vt 2.895804 -1.125984
vt 2.915406 0.088215
vt 2.889930 0.099554
vt 2.949957 -1.237554
vt 2.986313 0.062713
vt 2.958645 0.076632
vt 2.994363 -1.325541
vt 3.004190 0.014049
vt 3.040794 -1.370664
vt 3.051256 -0.117744
vt 3.027820 -0.058666
vt 3.086866 -1.423891
vt 3.061184 -1.426627
vt 3.085846 -0.196600
vt 3.157875 -1.448407
vt 3.130265 -1.442608
vt 3.149498 -0.382119
vt 3.129284 -0.309433
vt 3.158808 -1.409534
vt 3.178940 -1.356608
vt 3.195662 -1.302366
vt 3.193652 -0.589997
vt 3.174678 -0.471824
vt 3.203620 -1.250455
vt 3.216037 -1.158985
vt 3.220913 -1.041185
vt 3.215801 -0.909141
vt 3.213406 -0.778764
vt 3.202623 -0.666139
vt 2.995461 -1.013992
vt 2.979584 -0.888470
vt 2.975075 -0.755634
vt 2.975760 -0.631686
vt 2.976475 -0.507688
vt 2.976627 -0.382881
vt 2.975229 -0.255820
vt 2.974377 -0.129252
vt 2.986936 -0.018087
vt 3.003358 0.029049
vt 3.042862 -1.179829
vt 3.018562 -1.113552
vt 3.030629 0.042559
vt 3.074424 -1.256883
vt 3.073041 0.023678
vt 3.047652 0.033305
vt 3.119866 -1.338527
vt 3.146929 -0.037619
vt 3.087155 -0.014135
vt 3.164946 -1.401869
vt 3.160389 -0.105462
vt 3.099995 -0.061702
vt 3.210033 -1.446623
vt 3.210841 -0.207663
vt 3.238960 -1.462603
vt 3.262910 -1.468198
vt 3.273596 -0.381646
vt 3.251538 -0.309835
vt 3.289875 -1.438369
vt 3.311627 -1.364355
vt 3.276866 -1.308564
vt 3.318027 -0.598838
vt 3.294735 -0.474699
vt 3.363231 -1.331622
vt 3.328550 -1.276280
vt 3.343128 -1.163417
vt 3.347618 -1.043894
vt 3.345606 -0.915464
vt 3.336621 -0.776879
vt 3.327608 -0.676746
vt 3.118192 -1.016206
vt 3.103648 -0.887508
vt 3.101237 -0.757333
vt 3.102018 -0.633471
vt 3.102454 -0.509099
vt 3.102229 -0.383762
vt 3.101113 -0.257192
vt 3.102949 -0.133660
vt 3.111184 -0.027231
vt 3.073129 0.012409
vt 3.164175 -1.185917
vt 3.139889 -1.113904
vt 3.163477 -0.008799
vt 3.144679 0.006352
vt 3.199248 -1.264467
vt 3.199997 -0.020749
vt 3.244674 -1.345376
vt 3.244606 -0.071347
vt 3.289890 -1.407880
vt 3.290233 -0.139172
vt 3.334891 -1.455697
vt 3.336181 -0.224205
vt 3.368383 -1.479290
vt 3.391825 -1.479904
vt 3.397095 -0.380512
vt 3.375142 -0.310649
vt 3.417875 -1.451801
vt 3.439908 -1.391222
vt 3.440941 -0.601009
vt 3.416108 -0.476247
vt 3.450980 -1.342546
vt 3.461990 -1.280080
vt 3.473401 -1.170706
vt 3.476148 -1.049020
vt 3.472259 -0.918232
vt 3.461672 -0.777664
vt 3.451197 -0.680013
vt 3.244094 -1.016700
vt 3.228751 -0.887348
vt 3.226060 -0.757069
vt 3.226791 -0.633137
vt 3.227114 -0.508609
vt 3.226791 -0.383149
vt 3.226060 -0.257106
vt 3.228751 -0.134611
vt 3.244139 -0.049448
vt 3.289795 -1.183370
vt 3.265908 -1.112967
vt 3.265837 -0.016368
vt 3.289671 -0.014891
vt 3.324895 -1.262790
vt 3.324938 -0.036947
vt 3.370020 -1.341227
vt 3.370035 -0.088849
vt 3.414993 -1.403393
vt 3.414970 -0.156547
vt 3.460163 -1.452077
vt 3.460129 -0.238328
vt 3.494478 -1.476392
vt 3.517627 -1.476660
vt 3.517678 -0.379987
vt 3.494518 -0.313312
vt 3.542924 -1.449322
vt 3.564693 -1.391598
vt 3.564669 -0.600693
vt 3.542931 -0.480268
vt 3.576031 -1.344412
vt 3.587673 -1.280113
vt 3.599567 -1.171966
vt 3.603525 -1.052314
vt 3.599566 -0.921206
vt 3.587676 -0.778747
vt 3.576014 -0.680657
vt 3.369119 -1.016839
vt 3.353751 -0.887334
vt 3.351060 -0.757069
vt 3.351791 -0.633138
vt 3.352114 -0.508609
vt 3.351791 -0.383148
vt 3.351060 -0.257105
vt 3.353751 -0.134612
vt 3.369119 -0.049503
vt 3.414720 -1.183174
vt 3.390869 -1.112828
vt 3.390869 -0.016348
vt 3.414720 -0.014905
vt 3.449908 -1.262815
vt 3.449908 -0.036919
vt 3.495021 -1.341230
vt 3.495021 -0.088832
vt 3.539991 -1.403391
vt 3.539991 -0.156584
vt 3.585161 -1.452075
vt 3.585161 -0.238389
vt 3.619440 -1.476378
vt 3.642610 -1.476667
vt 3.642610 -0.379763
vt 3.619440 -0.313115
vt 3.667935 -1.449301
vt 3.689663 -1.391708
vt 3.689663 -0.600652
vt 3.667935 -0.480290
vt 3.701016 -1.344486
vt 3.712685 -1.280031
vt 3.724572 -1.171900
vt 3.728525 -1.052314
vt 3.724572 -0.921307
vt 3.712685 -0.778837
vt 3.701016 -0.680671
vn 0.00000 0.83504 0.55018
vn 0.00000 0.98181 0.18989
vn 0.00000 0.99992 -0.01265
vn 0.00000 0.99990 -0.01397
vn 0.00000 1.00000 -0.00000
vn 0.00000 0.99990 0.01397
vn 0.00000 0.99992 0.01265
vn 0.00000 0.98181 -0.18989
vn 0.00000 0.83504 -0.55018
vn 0.00000 0.38196 0.92418
vn 0.00000 0.59905 0.80071
vn 0.00000 0.59905 -0.80071
vn 0.00000 0.38196 -0.92418
vn 0.00000 0.18321 0.98307
vn 0.00000 0.18321 -0.98307
vn 0.00000 0.05742 0.99835
vn 0.00000 0.05742 -0.99835
vn 0.00000 -0.09446 0.99553
vn 0.00000 -0.09446 -0.99553
vn 0.00000 -0.17762 0.98410
vn 0.00000 -0.17762 -0.98410
vn 0.00000 -0.35769 0.93384
vn 0.00000 -0.55961 0.82876
vn 0.00000 -0.55961 -0.82876
vn 0.00000 -0.35769 -0.93384
vn 0.00000 -0.75966 0.65032
vn 0.00000 -0.87627 0.48181
vn 0.00000 -0.87627 -0.48181
vn 0.00000 -0.75966 -0.65032
vn 0.00000 -0.91217 0.40981
vn 0.00000 -0.94444 0.32868
vn 0.00000 -0.98487 0.17330
vn 0.00000 -1.00000 -0.00000
vn 0.00000 -0.98487 -0.17330
vn 0.00000 -0.94444 -0.32868
vn 0.00000 -0.91217 -0.40981
vn -0.00000 0.83498 0.55028
vn -0.00000 0.98181 0.18987
vn -0.00000 0.99992 -0.01265
vn -0.00000 0.99990 -0.01397
vn -0.00000 1.00000 -0.00000
vn -0.00000 0.99990 0.01397
vn 0.00000 0.99992 0.01265
vn 0.00000 0.98180 -0.18991
vn 0.00000 0.83501 -0.55023
vn -0.00001 0.38213 0.92411
vn -0.00000 0.59938 0.80047
vn -0.00000 0.59899 -0.80076
vn 0.00000 0.38195 -0.92418
vn -0.00000 0.18320 0.98308
vn 0.00001 0.18330 -0.98306
vn 0.00001 0.05743 0.99835
vn 0.00001 0.05744 -0.99835
vn 0.00001 -0.09448 0.99553
vn 0.00001 -0.09449 -0.99553
vn 0.00001 -0.17766 0.98409
vn 0.00000 -0.17766 -0.98409
vn 0.00000 -0.35766 0.93385
vn 0.00000 -0.55949 0.82884
vn -0.00000 -0.55922 -0.82902
vn -0.00000 -0.35749 -0.93392
vn 0.00000 -0.75957 0.65043
vn 0.00000 -0.87638 0.48161
vn -0.00000 -0.87617 -0.48200
vn -0.00000 -0.75965 -0.65033
vn 0.00000 -0.91224 0.40967
vn 0.00000 -0.94443 0.32872
vn -0.00000 -0.98488 0.17326
vn -0.00001 -1.00000 -0.00000
vn -0.00001 -0.98489 -0.17320
vn -0.00000 -0.94447 -0.32859
vn -0.00000 -0.91210 -0.40996
vn 0.04720 0.83699 0.54517
vn 0.01675 0.98132 0.19165
vn 0.00181 0.99989 -0.01462
vn -0.00289 0.99994 -0.01054
vn -0.00592 0.99998 -0.00084
vn -0.00038 0.99997 0.00757
vn 0.03070 0.99945 0.01256
vn 0.00756 0.98553 -0.16931
vn -0.06215 0.84798 -0.52638
vn 0.08733 0.39362 0.91511
vn 0.09786 0.60355 0.79130
vn -0.09819 0.62780 -0.77215
vn -0.16481 0.39720 -0.90281
vn 0.10625 0.14988 0.98298
vn -0.12604 0.14679 -0.98111
vn 0.11570 0.05081 0.99198
vn -0.07677 0.03282 -0.99651
vn 0.07684 -0.07537 0.99419
vn -0.07398 -0.05779 -0.99558
vn 0.06437 -0.18075 0.98142
vn -0.12572 -0.17282 -0.97690
vn 0.03901 -0.33776 0.94042
vn 0.03238 -0.57106 0.82027
vn -0.13500 -0.57877 -0.80424
vn -0.08606 -0.36169 -0.92832
vn 0.01831 -0.75367 0.65700
vn 0.00439 -0.89279 0.45044
vn -0.12987 -0.87233 -0.47136
vn -0.13489 -0.77206 -0.62107
vn 0.04737 -0.91455 0.40170
vn 0.05244 -0.94063 0.33537
vn -0.01400 -0.97901 0.20331
vn -0.04095 -0.99916 0.00020
vn -0.07695 -0.98199 -0.17253
vn -0.12164 -0.93909 -0.32142
vn -0.12158 -0.90698 -0.40325
vn 0.13575 0.79200 0.59523
vn 0.06995 0.97075 0.22966
vn 0.03757 0.99929 -0.00246
vn 0.06401 0.99784 -0.01491
vn 0.07517 0.99717 0.00224
vn 0.08518 0.99338 -0.07707
vn 0.09122 0.99326 -0.07157
vn 0.07742 0.99046 -0.11400
vn -0.06837 0.88721 -0.45628
vn 0.59618 0.29340 0.74732
vn 0.23241 0.52291 0.82010
vn -0.08404 0.71488 -0.69418
vn -0.01247 0.40979 -0.91210
vn 0.86205 0.15984 0.48095
vn -0.01597 0.11959 -0.99269
vn 0.57309 0.09848 0.81355
vn 0.01655 0.03484 -0.99926
vn -0.02317 -0.00492 0.99972
vn -0.08825 -0.11898 -0.98897
vn 0.19757 -0.26150 0.94477
vn 0.27810 -0.29102 0.91541
vn -0.10125 -0.14538 -0.98418
vn 0.12208 -0.26976 0.95516
vn 0.27955 -0.46034 0.84258
vn -0.02376 -0.61179 -0.79066
vn -0.09224 -0.33784 -0.93667
vn 0.19381 -0.70468 0.68255
vn 0.06781 -0.84360 0.53268
vn -0.09131 -0.83654 -0.54025
vn -0.11080 -0.75027 -0.65179
vn -0.07149 -0.90936 0.40983
vn -0.08906 -0.94805 0.30539
vn 0.03175 -0.97440 0.22259
vn -0.05802 -0.99460 0.08603
vn -0.11571 -0.99163 -0.05725
vn -0.12800 -0.95964 -0.25040
vn -0.08539 -0.90030 -0.42681
vn 0.18348 0.75090 0.63442
vn 0.16761 0.95690 0.23715
vn 0.11543 0.99308 0.02182
vn 0.09019 0.99542 -0.03170
vn 0.13844 0.99020 0.01859
vn 0.16258 0.98668 -0.00571
vn 0.03527 0.99895 0.02911
vn 0.19183 0.97939 -0.06321
vn 0.10999 0.85563 -0.50577
vn 0.13853 0.32718 0.93475
vn -0.02399 0.46000 0.88759
vn 0.05519 0.75690 -0.65119
vn -0.09846 0.40892 -0.90724
vn 0.17392 0.03753 0.98404
vn 0.03669 0.10907 0.99336
vn -0.07293 0.11349 -0.99086
vn 0.17341 0.25475 0.95133
vn -0.12004 0.04014 -0.99196
vn 0.04351 -0.03782 0.99834
vn -0.08874 0.08322 -0.99257
vn 0.12367 -0.36303 0.92354
vn 0.24346 -0.38505 0.89020
vn -0.09040 -0.20340 -0.97491
vn 0.18086 -0.35673 0.91653
vn -0.02463 -0.59937 -0.80009
vn -0.18478 -0.35118 -0.91789
vn -0.07127 -0.66982 0.73909
vn -0.08156 -0.82798 0.55479
vn -0.21142 -0.79635 -0.56669
vn -0.24573 -0.71853 -0.65064
vn -0.33490 -0.53535 -0.77540
vn -0.02819 -0.86496 0.50105
vn -0.08535 -0.94540 0.31453
vn -0.23591 -0.93151 0.27682
vn -0.17318 -0.98217 0.07321
vn -0.11238 -0.97512 -0.19109
vn -0.15708 -0.95471 -0.25270
vn -0.30126 -0.88752 -0.34864
vn -0.38217 -0.71346 -0.58731
vn 0.27577 0.87694 0.39361
vn 0.15768 0.91477 0.37193
vn 0.14786 0.98700 0.06301
vn -0.02155 0.99904 -0.03817
vn -0.02685 0.99952 -0.01520
vn 0.19684 0.98000 -0.02913
vn 0.20189 0.96313 -0.17781
vn 0.24302 0.96922 -0.03957
vn 0.22912 0.93747 -0.26202
vn 0.02285 0.42366 0.90553
vn 0.03610 0.51456 0.85669
vn 0.16281 0.82959 -0.53411
vn -0.00124 0.59535 -0.80346
vn -0.24359 0.02637 0.96952
vn -0.19305 0.12010 0.97381
vn -0.09873 0.11212 -0.98878
vn -0.31771 0.21713 0.92299
vn -0.09329 0.14490 -0.98504
vn 0.31182 -0.30633 0.89941
vn 0.28040 -0.24938 0.92692
vn -0.37938 -0.06057 -0.92326
vn -0.53318 -0.18211 -0.82617
vn 0.17279 -0.37686 0.91001
vn 0.11016 -0.46257 0.87971
vn -0.17749 -0.16614 -0.97000
vn -0.50892 -0.21622 -0.83321
vn 0.27654 -0.34470 0.89706
vn 0.44485 -0.48944 0.75004
vn -0.21156 -0.10901 -0.97127
vn 0.27960 -0.45550 0.84519
vn 0.32218 -0.60381 0.72912
vn -0.41136 -0.70558 -0.57701
vn -0.51518 -0.62279 -0.58884
vn 0.12775 -0.87555 0.46594
vn 0.05598 -0.93098 0.36075
vn 0.10646 -0.97532 0.19343
vn -0.01783 -0.99621 0.08517
vn -0.10769 -0.99340 -0.03956
vn -0.28915 -0.91555 -0.27958
vn -0.13075 -0.91662 -0.37778
vn -0.16198 -0.75660 -0.63350
vn -0.12375 -0.99029 0.06342
vn -0.11124 -0.98930 0.09442
vn -0.21625 -0.97589 0.02946
vn 0.22732 0.90632 0.35624
vn 0.16256 0.90425 0.39485
vn 0.01568 0.99694 0.07663
vn 0.24128 0.96971 -0.03810
vn 0.22806 0.97363 -0.00518
vn 0.23072 0.97220 -0.03998
vn 0.27167 0.96230 0.01343
vn 0.30054 0.95260 -0.04723
vn 0.27357 0.94305 -0.18927
vn 0.02925 0.44228 0.89640
vn 0.23743 0.63217 0.73756
vn 0.20612 0.89885 0.38676
vn 0.27243 0.90690 -0.32142
vn 0.03369 0.96472 -0.26111
vn -0.82462 0.24263 -0.51102
vn 0.16395 0.10526 0.98084
vn 0.41624 0.19060 0.88905
vn -0.02798 0.20126 -0.97914
vn 0.28889 0.05637 0.95570
vn 0.39801 -0.06025 0.91540
vn -0.31244 0.36605 -0.87658
vn -0.20301 0.31423 -0.92739
vn 0.24927 -0.34584 0.90458
vn 0.28177 -0.34100 0.89684
vn -0.36564 0.33880 -0.86690
vn -0.41211 0.21047 -0.88649
vn 0.49305 -0.31621 0.81050
vn -0.50928 -0.11885 -0.85235
vn -0.54204 -0.23326 -0.80733
vn 0.37548 -0.48390 0.79048
vn 0.22532 -0.63198 0.74150
vn -0.40270 -0.17749 -0.89796
vn -0.46015 -0.23907 -0.85505
vn 0.21962 -0.38030 0.89841
vn -0.35375 -0.86644 -0.35233
vn -0.13252 -0.61488 -0.77740
vn -0.50935 -0.37458 -0.77476
vn 0.22653 -0.74272 0.63012
vn 0.11643 -0.92211 0.36900
vn -0.04436 -0.99624 0.07443
vn -0.04626 -0.87359 0.48446
vn -0.27412 -0.90487 -0.32568
vn -0.42507 -0.76281 -0.48727
vn 0.00247 -0.91867 -0.39503
vn -0.29212 -0.89383 -0.34021
vn -0.02659 -0.96226 0.27084
vn -0.10185 -0.97977 0.17228
vn -0.24652 -0.94779 -0.20230
vn -0.44460 -0.85595 -0.26398
vn 0.28218 0.90176 0.32742
vn 0.24781 0.95594 0.15739
vn 0.24487 0.96938 -0.01867
vn -0.00621 0.99995 -0.00724
vn 0.28018 0.95904 -0.04176
vn 0.28078 0.95922 -0.03254
vn 0.32167 0.94603 -0.03956
vn 0.24299 0.54115 0.80505
vn 0.26124 0.92932 0.26098
vn 0.29316 0.91063 0.29123
vn 0.33288 0.94155 -0.05182
vn 0.02194 0.99871 -0.04575
vn 0.02196 0.99847 -0.05079
vn 0.28636 0.91610 -0.28065
vn 0.21851 0.95899 -0.18054
vn 0.29763 0.74115 -0.60176
vn 0.24683 0.25009 0.93623
vn -0.43711 0.56197 -0.70223
vn -0.45054 0.52788 -0.71997
vn 0.24971 -0.14807 0.95693
vn -0.56099 0.29984 -0.77162
vn -0.56823 -0.06133 -0.82058
vn 0.21594 -0.09921 0.97135
vn -0.09776 0.15870 -0.98247
vn 0.23592 -0.41579 0.87833
vn 0.12133 -0.12086 0.98523
vn 0.13756 -0.17469 -0.97497
vn 0.25309 -0.30903 0.91676
vn 0.07066 -0.37722 0.92343
vn 0.12427 0.17065 -0.97746
vn -0.09096 -0.45404 0.88632
vn -0.33113 -0.57759 -0.74616
vn -0.55571 -0.54809 -0.62513
vn 0.16613 -0.81866 0.54972
vn -0.01938 -0.83749 0.54611
vn -0.03425 -0.95543 0.29324
vn -0.19049 -0.97717 -0.09406
vn -0.27066 -0.73922 -0.61668
vn -0.43672 -0.86959 -0.23040
vn -0.50840 -0.57316 -0.64267
vn -0.47062 -0.68913 -0.55102
vn -0.17219 -0.96839 0.18046
vn -0.08636 -0.99598 0.02373
vn -0.50349 -0.84731 0.16899
vn -0.39765 -0.91273 0.09380
vn -0.36808 -0.71467 -0.59478
vn -0.13173 -0.82747 -0.54583
vn 0.30070 0.95188 0.05915
vn 0.30851 0.89826 -0.31298
vn 0.01622 0.99984 -0.00784
vn 0.33824 0.72552 0.59935
vn 0.43439 0.82811 0.35432
vn 0.38393 0.91586 -0.11746
vn 0.35149 0.87919 -0.32170
vn 0.36246 0.93152 -0.02984
vn 0.27792 0.96060 0.00085
vn 0.26140 0.96472 -0.03151
vn 0.30280 0.95294 -0.01452
vn 0.27421 0.95740 -0.09050
vn 0.18697 0.87870 -0.43924
vn 0.50294 0.23768 0.83100
vn 0.47415 0.54719 0.68975
vn -0.64923 0.69179 -0.31611
vn -0.38738 0.53386 -0.75162
vn 0.41308 0.12141 0.90257
vn 0.09998 -0.21892 -0.97061
vn -0.13314 -0.39429 0.90929
vn -0.06164 -0.11134 -0.99187
vn -0.12899 -0.50766 0.85185
vn 0.15972 -0.21543 0.96337
vn 0.16269 -0.44162 -0.88233
vn 0.39557 -0.26508 0.87935
vn -0.07689 0.37430 -0.92412
vn -0.00725 -0.37970 0.92508
vn -0.09964 0.25600 -0.96153
vn -0.07165 -0.87458 0.47955
vn 0.21655 -0.88249 0.41752
vn -0.12678 -0.71734 0.68509
vn 0.11275 -0.96431 -0.23957
vn -0.31431 -0.94862 -0.03647
vn -0.51560 -0.72135 -0.46240
vn -0.36646 -0.87370 0.31993
vn -0.25181 -0.95494 0.15707
vn 0.14314 -0.98968 -0.00730
vn -0.12117 -0.99092 0.05825
vn 0.14775 -0.84487 -0.51417
vn 0.01353 -0.90059 -0.43447
vn -0.53884 -0.82677 -0.16155
vn 0.20191 0.91691 0.34426
vn 0.39650 0.88893 0.22931
vn 0.34813 0.93744 0.00380
vn 0.33040 0.94377 0.01127
vn 0.35402 0.93479 0.02898
vn -0.01977 0.99955 -0.02237
vn 0.35646 0.93386 -0.02904
vn 0.36708 0.92982 -0.02625
vn 0.34370 0.86650 -0.36199
vn -0.02499 0.28889 0.95703
vn -0.15828 0.48244 0.86151
vn 0.27790 0.85453 -0.43880
vn 0.28084 0.60832 -0.74235
vn 0.01068 0.28712 0.95784
vn 0.35142 -0.06253 -0.93413
vn 0.54874 -0.23808 0.80137
vn -0.02646 -0.05613 -0.99807
vn 0.37335 -0.47028 0.79965
vn 0.29218 -0.55756 0.77702
vn -0.37018 -0.24154 -0.89701
vn 0.04973 -0.14084 0.98878
vn -0.19508 0.46333 -0.86445
vn 0.11771 -0.59812 0.79271
vn 0.01663 -0.76372 0.64533
vn 0.05560 0.06220 -0.99651
vn 0.09547 -0.87714 0.47065
vn -0.17249 -0.84220 0.51083
vn -0.23807 -0.85211 0.46608
vn -0.27855 -0.82674 -0.48878
vn -0.06802 -0.79371 -0.60447
vn -0.18100 -0.78328 0.59473
vn -0.37229 -0.89419 0.24866
vn -0.40516 -0.90347 0.13992
vn -0.46317 -0.88525 -0.04247
vn 0.04206 -0.94582 -0.32195
vn -0.49338 -0.80734 -0.32368
vn -0.25313 -0.92663 -0.27799
vn -0.35587 -0.93194 0.06952
vn -0.56335 -0.82594 -0.02132
vn -0.61945 -0.71791 -0.31763
vn 0.81897 0.57007 0.06561
vn 0.38257 0.89715 0.22081
vn 0.36193 0.93071 0.05280
vn 0.35615 0.93423 -0.01908
vn 0.35221 0.86173 -0.36520
vn 0.35617 0.85035 -0.38735
vn -0.00938 0.99965 -0.02488
vn -0.08164 0.99588 -0.03953
vn 0.33641 0.88342 0.32618
vn 0.29544 0.36015 0.88488
vn -0.84420 0.47481 0.24877
vn 0.23108 0.65604 0.71848
vn 0.41958 0.90716 -0.03171
vn 0.39557 0.91810 -0.02503
vn 0.42133 0.90684 0.01061
vn -0.10141 0.93632 -0.33620
vn 0.02161 0.59617 -0.80257
vn 0.08833 -0.10276 0.99078
vn -0.07890 0.25355 -0.96410
vn 0.17631 -0.21782 0.95993
vn 0.19187 -0.22509 0.95526
vn -0.17924 -0.13443 -0.97458
vn 0.40045 -0.39612 0.82627
vn 0.10722 -0.36726 0.92392
vn -0.11196 0.21512 -0.97015
vn 0.08773 -0.07564 0.99327
vn -0.27774 -0.14013 -0.95038
vn -0.06043 -0.57217 0.81791
vn -0.10074 -0.61391 0.78292
vn 0.06127 0.14073 -0.98815
vn -0.18730 -0.55962 0.80731
vn -0.15189 -0.68231 0.71511
vn -0.32504 -0.84074 0.43302
vn -0.13224 -0.68400 -0.71740
vn 0.02557 -0.62812 -0.77770
vn -0.20334 -0.74769 0.63215
vn 0.22326 -0.71012 0.66775
vn -0.31181 -0.91439 0.25820
vn -0.37701 -0.91051 0.16984
vn -0.59327 -0.78962 0.15661
vn -0.47704 -0.70393 -0.52623
vn -0.02156 -0.81194 -0.58334
vn -0.22003 -0.95026 0.22042
vn -0.26850 -0.95932 0.08730
vn -0.47610 -0.84501 0.24351
vn -0.70848 -0.62722 -0.32350
vn -0.45899 -0.71923 -0.52156
vn -0.05172 0.97847 0.19982
vn 0.34285 0.88665 -0.31035
vn 0.36473 0.83636 -0.40925
vn 0.37289 0.92783 0.00881
vn 0.40043 0.91600 -0.02432
vn 0.28182 0.39131 0.87604
vn 0.27375 0.60301 0.74929
vn 0.40737 0.87884 0.24839
vn 0.43315 0.89971 0.05393
vn 0.41151 0.91140 0.00333
vn 0.40911 0.91242 0.01119
vn 0.43411 0.89907 -0.05676
vn 0.38851 0.82047 -0.41939
vn 0.45993 0.88779 0.01728
vn 0.42095 0.81688 -0.39434
vn -0.20186 0.82104 -0.53398
vn 0.31490 -0.07215 0.94638
vn 0.46461 -0.14201 0.87406
vn 0.03045 0.34229 -0.93910
vn 0.24199 -0.31523 0.91764
vn 0.39272 -0.28996 0.87275
vn 0.03393 0.06868 -0.99706
vn 0.33486 -0.11808 0.93484
vn 0.00150 -0.12833 -0.99173
vn 0.15136 0.02132 0.98825
vn -0.12044 0.09919 -0.98775
vn -0.25557 -0.03378 0.96620
vn -0.10780 -0.05473 -0.99266
vn -0.50679 -0.48771 0.71085
vn -0.63690 -0.55172 0.53848
vn -0.07777 -0.61353 -0.78583
vn -0.39145 -0.48081 -0.78460
vn -0.58424 -0.61847 0.52551
vn -0.52099 -0.72271 0.45416
vn -0.46046 -0.83408 0.30378
vn -0.19987 -0.79141 -0.57768
vn -0.53878 -0.83123 0.13705
vn -0.21269 -0.53770 -0.81587
vn 0.04048 -0.85053 0.52437
vn -0.62307 -0.77977 0.06115
vn -0.42594 -0.65978 0.61908
vn -0.32211 -0.94520 0.05326
vn 0.05690 -0.89902 -0.43420
vn -0.31277 -0.70537 -0.63610
vn -0.62206 -0.70957 -0.33099
vn -0.26889 -0.93317 0.23852
vn -0.34061 -0.92772 0.15270
vn 0.61376 0.67646 0.40706
vn 0.47557 0.83045 0.29014
vn 0.43415 0.89825 0.06823
vn 0.45748 0.88910 0.01465
vn 0.40812 0.77815 -0.47741
vn 0.41798 0.90814 -0.02415
vn 0.43277 0.89968 -0.05738
vn -0.00231 0.99996 -0.00870
vn 0.31638 0.64324 -0.69725
vn -0.33293 0.89164 -0.30681
vn 0.72373 -0.04404 0.68868
vn -0.49254 0.55735 0.66841
vn 0.42047 0.85969 -0.29008
vn -0.08947 0.92584 -0.36717
vn 0.36922 -0.02225 0.92908
vn -0.19064 -0.06972 -0.97918
vn 0.20159 -0.08140 0.97608
vn 0.16319 -0.20695 -0.96465
vn 0.07834 0.19163 0.97834
vn 0.14479 0.27262 -0.95116
vn 0.22889 0.10547 0.96772
vn -0.19172 -0.10311 -0.97602
vn 0.13063 -0.42564 0.89542
vn 0.09070 -0.72482 0.68294
vn -0.21562 -0.24090 -0.94629
vn 0.16204 -0.67354 0.72117
vn -0.38214 -0.80718 0.44993
vn -0.58876 -0.65196 -0.47782
vn -0.24218 -0.40587 -0.88126
vn -0.26091 -0.82988 0.49318
vn -0.34956 -0.83112 0.43250
vn -0.20007 -0.95290 0.22792
vn -0.25966 -0.95861 0.11680
vn 0.17047 -0.97591 0.13613
vn 0.16440 -0.74273 -0.64909
vn -0.56651 -0.73968 -0.36322
vn -0.58895 -0.74347 -0.31684
vn -0.34943 -0.49294 -0.79681
vn -0.17501 -0.97536 0.13432
vn -0.44306 -0.86314 0.24225
vn -0.40256 -0.85890 -0.31660
vn -0.68191 -0.72254 -0.11376
vn 0.12959 0.93626 0.32653
vn 0.84954 0.52579 0.04261
vn 0.47817 0.87626 0.05931
vn 0.57618 0.81692 -0.02580
vn 0.48522 0.87436 0.00767
vn 0.45094 0.89158 -0.04169
vn 0.45425 0.88990 -0.04173
vn 0.44710 0.88173 -0.15048
vn 0.09355 -0.00097 0.99561
vn 0.47957 0.52245 0.70502
vn 0.49882 0.86276 0.08256
vn 0.50809 0.85852 0.06920
vn 0.03470 0.99940 0.00212
vn 0.46285 0.88637 -0.01077
vn 0.46564 0.88470 -0.02213
vn 0.01767 0.99776 -0.06446
vn 0.35661 0.66827 -0.65287
vn 0.47047 0.88241 0.00005
vn 0.08090 0.12281 0.98913
vn 0.40368 0.23968 0.88295
vn 0.01797 0.14292 -0.98957
vn 0.11618 -0.14686 0.98231
vn 0.20207 -0.07090 0.97680
vn -0.19628 -0.18858 -0.96224
vn 0.26883 0.17316 0.94750
vn 0.12368 0.05951 0.99054
vn -0.29337 0.27443 -0.91576
vn 0.33688 0.01461 0.94143
vn 0.31267 0.07514 0.94688
vn -0.12375 -0.00035 -0.99231
vn 0.11224 0.02311 0.99341
vn 0.11373 0.02438 0.99321
vn -0.10200 -0.05104 -0.99347
vn 0.28712 -0.32896 0.89964
vn -0.18258 -0.55671 0.81039
vn -0.32722 -0.52765 -0.78391
vn -0.16122 -0.85206 0.49800
vn -0.28565 -0.80853 0.51447
vn -0.35666 -0.93315 0.04493
vn -0.19120 -0.95121 0.24217
vn -0.45876 -0.88138 -0.11270
vn -0.30999 -0.86533 -0.39384
vn -0.22760 -0.66546 -0.71088
vn -0.58983 -0.78839 0.17474
vn -0.41285 -0.90168 0.12853
vn -0.44395 -0.74875 0.49223
vn -0.52327 -0.83744 -0.15773
vn -0.12476 -0.67467 -0.72749
vn -0.22288 -0.83428 -0.50429
vn 0.42311 0.73389 0.53139
vn 0.48725 0.86861 0.09007
vn 0.48190 0.87393 0.06331
vn 0.48455 0.87401 0.03627
vn 0.49831 0.86650 -0.02955
vn 0.48858 0.87229 -0.01995
vn -0.00948 0.99972 -0.02185
vn 0.40464 0.88007 -0.24847
vn 0.41291 0.83054 -0.37378
vn 0.05848 0.06410 0.99623
vn 0.32262 0.75936 -0.56506
vn 0.07109 0.12180 0.99000
vn -0.11172 0.00822 -0.99371
vn 0.07430 -0.06679 0.99500
vn -0.02875 0.05738 -0.99794
vn 0.22571 0.01661 0.97405
vn -0.02308 0.00193 -0.99973
vn 0.26000 -0.19958 0.94476
vn 0.39450 0.01407 0.91879
vn -0.04840 -0.05080 -0.99754
vn 0.25794 -0.28485 0.92321
vn 0.43265 -0.39700 0.80945
vn -0.42767 -0.55642 -0.71238
vn -0.29712 -0.45593 0.83895
vn -0.33109 -0.86274 0.38217
vn -0.35927 -0.86129 0.35931
vn -0.59732 -0.69940 -0.39249
vn -0.39005 -0.47636 -0.78800
vn -0.42796 -0.80531 0.41027
vn -0.43061 -0.83775 0.33579
vn -0.59517 -0.78963 0.14920
vn -0.54969 -0.72918 0.40760
vn 0.13971 -0.86406 -0.48362
vn 0.00751 -0.90813 -0.41863
vn -0.11869 -0.91641 -0.38224
vn -0.40682 -0.71741 -0.56553
vn -0.61482 -0.77766 0.13127
vn -0.59386 -0.71835 0.36235
vn -0.29990 -0.86053 -0.41176
vn 0.49773 0.78893 0.36035
vn 0.63783 0.75958 0.12729
vn 0.49704 0.86769 0.00799
vn 0.48190 0.74974 -0.45350
vn 0.50716 0.86166 0.01822
vn 0.50407 0.86366 -0.00005
vn 0.44957 0.89324 0.00289
vn 0.45346 0.85988 -0.23446
vn 0.39174 0.86089 -0.32466
vn 0.91791 0.26780 0.29278
vn 0.53458 0.82716 0.17328
vn 0.52939 0.84790 0.02838
vn 0.51331 0.85806 -0.01540
vn 0.54421 0.83788 0.04240
vn 0.52107 0.85316 0.02443
vn 0.46947 0.88262 0.02432
vn -0.04179 0.97109 -0.23504
vn 0.32920 0.92404 -0.19434
vn -0.00369 0.33031 0.94387
vn 0.02124 -0.03471 -0.99917
vn -0.01193 -0.05838 0.99822
vn -0.00235 0.06943 -0.99758
vn -0.19480 0.07484 0.97798
vn -0.02862 0.00913 -0.99955
vn -0.04594 -0.25185 0.96668
vn -0.01250 -0.00167 -0.99992
vn -0.35210 -0.09477 0.93115
vn -0.01058 -0.11994 -0.99272
vn -0.09497 -0.59061 0.80135
vn -0.43764 -0.81518 0.37941
vn -0.33122 -0.49520 -0.80316
vn 0.18832 -0.74474 0.64023
vn -0.44194 -0.73792 0.51007
vn -0.48962 -0.80105 0.34437
vn -0.59837 -0.71752 0.35654
vn -0.37442 -0.82458 -0.42413
vn -0.50857 -0.80515 -0.30510
vn -0.37623 -0.80822 -0.45303
vn -0.46776 -0.65109 -0.59773
vn -0.51429 -0.69675 0.50004
vn -0.61889 -0.78271 0.06586
vn -0.01374 -0.96513 0.26141
vn -0.73336 -0.62750 -0.26157
vn -0.71054 -0.57790 -0.40145
vn -0.40950 -0.84971 -0.33211
vn 0.45168 0.72741 0.51659
vn 0.45684 0.87307 0.17040
vn 0.08601 0.99625 0.00989
vn 0.05991 0.99809 -0.01522
vn 0.01285 0.99863 0.05066
vn 0.02467 0.99902 0.03673
vn 0.05406 0.99527 0.08077
vn -0.02819 0.98044 -0.19477
vn 0.37059 0.91226 -0.17451
vn 0.06197 0.13276 0.98921
vn 0.45684 0.80783 0.37244
vn -0.03596 0.00120 -0.99935
vn 0.10867 -0.01080 0.99402
vn -0.01702 0.05055 -0.99858
vn 0.02047 -0.08275 0.99636
vn -0.03248 0.00782 -0.99944
vn 0.14002 0.11375 0.98359
vn -0.03568 -0.01960 -0.99917
vn 0.07610 -0.08925 0.99310
vn -0.05631 -0.05804 -0.99672
vn 0.01953 -0.38594 0.92232
vn -0.12622 -0.09715 -0.98723
vn -0.17740 -0.76122 0.62376
vn -0.20471 -0.74841 0.63085
vn 0.12738 -0.86046 0.49334
vn -0.58924 -0.60745 -0.53274
vn -0.53448 -0.63067 -0.56266
vn -0.06655 -0.70201 0.70905
vn -0.50989 -0.65764 0.55454
vn -0.08267 -0.97167 0.22141
vn -0.70172 -0.69437 0.15951
vn -0.52029 -0.85257 -0.04929
vn -0.28692 -0.89480 -0.34207
vn -0.62217 -0.64385 -0.44538
vn -0.58637 -0.54332 -0.60081
vn -0.38995 -0.86762 0.30852
vn -0.56184 -0.78597 0.25804
vn -0.42005 -0.83648 -0.35195
vn -0.20566 -0.91185 -0.35528
vn 0.48965 0.86950 0.06486
vn 0.44817 0.89388 0.01120
vn 0.45474 0.89058 -0.00863
vn 0.50107 0.86200 0.07672
vn 0.43908 0.89809 0.02521
vn 0.45593 0.88961 0.02695
vn 0.01377 0.98367 -0.17946
vn 0.54509 0.82732 -0.13569
vn 0.94425 0.14777 0.29421
vn 0.46439 0.86925 0.16954
vn -0.02819 0.99940 0.02026
vn 0.45632 0.88875 -0.04349
vn 0.48028 0.87590 0.04606
vn 0.45923 0.80542 -0.37472
vn 0.62880 0.74327 -0.22838
vn -0.14105 0.18547 0.97247
vn -0.00775 0.04536 -0.99894
vn -0.05597 -0.09147 0.99423
vn 0.01606 0.02426 -0.99958
vn -0.19516 0.00990 0.98072
vn 0.01900 -0.02785 -0.99943
vn -0.15320 -0.01062 0.98814
vn -0.01730 -0.02148 -0.99962
vn -0.01788 -0.23066 0.97287
vn -0.02868 -0.01734 -0.99944
vn -0.48701 -0.71274 0.50479
vn -0.44134 -0.57116 0.69210
vn -0.21077 -0.48650 -0.84788
vn -0.33911 -0.62341 0.70453
vn -0.25340 -0.91660 0.30925
vn -0.12597 -0.90418 0.40815
vn -0.48551 -0.86910 -0.09459
vn 0.11457 -0.90626 -0.40691
vn -0.12396 -0.70038 -0.70292
vn 0.32168 -0.88525 0.33595
vn 0.37902 -0.87156 0.31100
vn 0.05215 -0.96722 -0.24851
vn -0.03141 -0.94877 -0.31440
vn -0.63286 -0.70405 -0.32218
vn 0.49632 0.86419 0.08276
vn 0.48517 0.87255 0.05706
vn 0.48802 0.87283 0.00074
vn 0.49419 0.86600 -0.07634
vn 0.32306 0.76534 0.55667
vn 0.44653 0.87906 0.16694
vn 0.46949 0.88290 -0.00855
vn 0.47272 0.88109 -0.01477
vn -0.15379 0.98685 0.04985
vn 0.50227 0.86318 0.05142
vn 0.49606 0.86817 0.01441
vn 0.52121 0.84090 -0.14569
vn 0.47030 0.81710 -0.33341
vn -0.01484 -0.15070 0.98847
vn 0.05396 0.09616 -0.99390
vn -0.38645 0.20337 0.89961
vn -0.05912 0.25513 0.96510
vn -0.01569 0.01212 -0.99980
vn -0.38302 0.19425 0.90309
vn -0.12223 0.02937 0.99207
vn -0.01296 -0.01264 -0.99984
vn 0.04165 -0.08064 0.99587
vn -0.01635 0.00419 -0.99986
vn -0.33642 0.18658 0.92304
vn -0.47323 0.25401 0.84352
vn 0.00198 -0.02085 -0.99978
vn -0.33455 0.00457 0.94237
vn -0.49939 -0.57560 0.64753
vn -0.63633 -0.67689 0.37000
vn -0.09962 -0.29485 -0.95034
vn -0.64722 -0.61615 0.44885
vn -0.27012 -0.79833 0.53824
vn -0.41660 -0.86900 0.26697
vn -0.37339 -0.86842 0.32623
vn -0.03009 -0.57798 -0.81550
vn -0.18405 -0.86601 -0.46492
vn -0.61278 -0.74354 0.26769
vn -0.44698 -0.87016 0.20745
vn -0.50767 -0.70072 0.50126
vn -0.20615 -0.97318 -0.10209
vn 0.11955 -0.95594 0.26813
vn 0.66770 -0.72842 -0.15356
vn 0.17278 -0.82273 -0.54154
vn 0.11906 0.28240 0.95188
vn 0.42371 0.89986 0.10358
vn 0.46467 0.88486 0.03320
vn 0.41066 0.91158 -0.01940
vn 0.44310 0.89570 0.03714
vn 0.46840 0.88308 0.02778
vn 0.43372 0.90100 -0.00940
vn -0.02637 0.98414 -0.17545
vn 0.44109 0.85295 -0.27913
vn 0.11177 0.45157 0.88521
vn 0.00877 0.54348 0.83938
vn 0.40564 0.89942 0.16281
vn 0.16332 0.30067 -0.93964
vn -0.31530 0.22302 0.92242
vn -0.52828 0.25313 0.81046
vn 0.07645 0.06857 -0.99471
vn -0.32513 -0.19913 0.92447
vn -0.26395 -0.24179 0.93374
vn 0.02645 -0.02540 -0.99933
vn -0.30528 0.01813 0.95209
vn -0.31657 -0.02231 0.94831
vn 0.02300 -0.01257 -0.99966
vn -0.06039 0.20621 0.97664
vn -0.25540 0.33359 0.90746
vn 0.02738 -0.00611 -0.99961
vn 0.24412 -0.16225 0.95608
vn -0.31118 -0.55277 0.77306
vn 0.04370 -0.13765 -0.98952
vn -0.12398 -0.31595 0.94064
vn -0.40353 -0.55417 0.72805
vn -0.64136 -0.73953 -0.20434
vn -0.40172 -0.70373 -0.58599
vn 0.22084 -0.82740 -0.51637
vn -0.39513 -0.83391 0.38532
vn -0.30198 -0.90279 0.30624
vn -0.42907 -0.88419 0.18470
vn -0.25619 -0.92039 0.29537
vn -0.51569 -0.83807 -0.17804
vn -0.58101 -0.81353 0.02466
vn -0.58811 -0.77196 -0.24125
vn 0.05282 -0.92202 -0.38353
vn -0.53630 -0.79862 0.27310
vn -0.71693 -0.69471 -0.05824
vn -0.37698 -0.92406 0.06323
vn -0.30252 -0.86651 -0.39705
vn 0.42619 0.90401 0.03366
vn -0.22417 0.97355 0.04403
vn 0.43323 0.90124 -0.00868
vn 0.42439 0.90530 0.01834
vn 0.43940 0.89792 0.02600
vn 0.43738 0.89903 0.02102
vn -0.00691 0.97986 -0.19958
vn 0.85815 0.49540 -0.13476
vn 0.12573 0.40791 0.90433
vn 0.29145 0.70581 0.64567
vn 0.41546 0.90629 0.07767
vn -0.04762 0.99859 0.02344
vn 0.42351 0.90583 0.01068
vn 0.41440 0.91010 0.00100
vn 0.00734 0.99929 0.03696
vn 0.44971 0.89315 -0.00663
vn 0.47832 0.85287 -0.20936
vn 0.57049 0.71730 -0.40003
vn 0.14453 0.40191 0.90420
vn -0.77050 0.26823 0.57826
vn -0.00918 0.08805 -0.99607
vn -0.08625 -0.14097 0.98625
vn 0.05965 0.00781 -0.99819
vn -0.51134 0.13258 0.84909
vn 0.05417 -0.04991 -0.99728
vn -0.38644 -0.05549 0.92064
vn 0.17069 -0.00761 -0.98530
vn -0.39065 -0.32373 0.86174
vn 0.21006 -0.12755 -0.96933
vn -0.52468 -0.07449 0.84803
vn -0.43551 -0.41453 0.79906
vn -0.28251 -0.58922 -0.75698
vn -0.28028 -0.63896 -0.71636
vn -0.46692 -0.52127 0.71433
vn -0.51049 -0.74418 0.43080
vn -0.25290 -0.89956 0.35614
vn -0.62932 -0.76609 0.13061
vn -0.59571 -0.76799 0.23520
vn -0.55077 -0.68288 -0.47992
vn 0.01696 -0.80550 -0.59235
vn -0.24589 -0.62945 -0.73711
vn -0.71905 -0.51232 0.46957
vn -0.34254 -0.86712 0.36161
vn -0.56357 -0.81981 0.10149
vn -0.27203 -0.90859 0.31696
vn -0.53520 -0.80898 -0.24313
vn -0.62190 -0.69709 -0.35680
vn -0.21380 -0.77075 -0.60020
vn 0.29989 0.89380 0.33346
vn 0.35753 0.93060 0.07847
vn 0.40057 0.91608 -0.01844
vn 0.41006 0.91180 -0.02180
vn 0.39762 0.83683 0.37632
vn 0.39439 0.82412 0.40654
vn 0.42382 0.83493 0.35110
vn 0.46231 0.81889 -0.34014
vn 0.11840 0.80785 -0.57738
vn 0.11504 0.29381 0.94892
vn 0.13839 0.63282 0.76183
vn 0.54030 0.27510 -0.79523
vn -0.11642 0.57599 0.80912
vn 0.52452 -0.18879 -0.83020
vn -0.28326 -0.07578 0.95605
vn -0.43113 0.11475 0.89497
vn 0.57394 -0.04304 -0.81777
vn -0.37798 -0.14483 0.91442
vn -0.34265 -0.01608 0.93933
vn 0.15006 0.11478 -0.98199
vn -0.19646 -0.13250 0.97152
vn -0.01808 -0.02005 -0.99964
vn -0.23777 -0.31343 0.91936
vn -0.20962 -0.51682 -0.83003
vn -0.31821 -0.50841 0.80016
vn -0.41938 -0.70426 0.57283
vn -0.48200 -0.64242 -0.59580
vn -0.44309 -0.67387 -0.59124
vn 0.01431 -0.65434 -0.75606
vn -0.45693 -0.53121 0.71346
vn -0.48288 -0.87398 0.05459
vn -0.54464 -0.83487 -0.07978
vn -0.53164 -0.82780 0.17919
vn -0.50365 -0.85514 0.12273
vn -0.27797 -0.95236 -0.12549
vn -0.32940 -0.70061 -0.63296
vn -0.28115 -0.40505 -0.86999
vn -0.02994 -0.96968 0.24253
vn -0.41295 -0.90167 0.12832
vn -0.36509 -0.92369 0.11626
vn 0.07247 -0.98632 -0.14808
vn -0.40564 -0.90114 -0.15298
vn 0.29170 0.92874 0.22879
vn 0.36793 0.92766 0.06387
vn 0.36637 0.93023 -0.02110
vn 0.30853 0.88770 0.34176
vn 0.31663 0.94841 0.01637
vn -0.05990 0.99708 -0.04728
vn 0.00580 0.99910 -0.04198
vn 0.40980 0.82926 -0.38000
vn 0.58509 0.77446 -0.24060
vn -0.11417 0.48840 0.86512
vn 0.31697 0.88986 0.32816
vn 0.34035 0.93134 0.12950
vn 0.14839 0.75545 -0.63818
vn 0.41155 0.65310 -0.63568
vn -0.17528 0.51732 0.83765
vn -0.08611 0.40055 0.91222
vn -0.09766 0.18551 -0.97778
vn -0.10047 0.33596 0.93650
vn 0.05493 0.45606 0.88825
vn -0.02256 -0.39117 -0.92004
vn -0.08509 -0.10838 0.99046
vn -0.25445 -0.20466 0.94518
vn -0.05780 0.25797 -0.96442
vn -0.20572 -0.11971 0.97126
vn -0.16205 -0.22063 0.96180
vn 0.08884 0.16600 -0.98212
vn -0.29938 0.03473 0.95350
vn -0.28199 -0.09687 0.95451
vn 0.07368 -0.27903 -0.95745
vn -0.37055 -0.35620 0.85779
vn -0.38008 -0.45490 0.80536
vn -0.46104 -0.79143 0.40135
vn -0.23574 -0.66678 -0.70699
vn -0.13882 -0.61079 -0.77953
vn -0.33221 -0.69331 0.63949
vn -0.38774 -0.68238 0.61969
vn -0.39481 -0.90917 0.13245
vn -0.40077 -0.87105 -0.28400
vn -0.40779 -0.62259 -0.66790
vn 0.24121 -0.63879 -0.73059
vn -0.03244 -0.92515 0.37821
vn -0.22409 -0.96035 0.16585
vn -0.41442 -0.89334 -0.17377
vn -0.51323 -0.84807 0.13176
vn -0.30082 -0.95366 0.00609
vn 0.13814 -0.99040 -0.00467
vn -0.29169 -0.95566 -0.04034
vn 0.00754 0.99975 0.02100
vn 0.36034 0.93280 0.00587
vn 0.35612 0.93444 0.00023
vn 0.37342 0.92766 0.00010
vn 0.35534 0.93345 -0.04896
vn 0.36430 0.92838 -0.07344
vn 0.40291 0.91021 0.09585
vn 0.11169 0.83703 0.53563
vn 0.26256 0.92833 0.26317
vn -0.00600 0.99948 0.03162
vn 0.38698 0.92209 0.00149
vn 0.37202 0.92778 0.02862
vn -0.00060 0.99969 -0.02490
vn 0.00647 0.99987 -0.01486
vn 0.36497 0.92329 -0.11970
vn 0.48371 0.78130 -0.39446
vn 0.30742 0.42207 -0.85285
vn -0.17587 0.50787 0.84329
vn -0.14487 0.43277 0.88979
vn -0.00597 0.60299 -0.79772
vn -0.01692 0.16168 0.98670
vn -0.22765 -0.17486 -0.95791
vn -0.28207 0.01081 0.95933
vn -0.33466 0.14382 -0.93130
vn -0.49933 -0.00594 0.86639
vn -0.26927 -0.09873 -0.95799
vn -0.08629 -0.09337 0.99188
vn 0.07741 -0.30947 -0.94775
vn -0.12331 -0.24911 0.96059
vn -0.28424 -0.53857 0.79319
vn -0.38439 -0.65698 -0.64855
vn -0.22338 -0.43674 -0.87142
vn -0.21066 -0.63667 0.74181
vn -0.32082 -0.78883 0.52424
vn 0.47378 -0.78060 -0.40767
vn -0.10322 -0.74905 -0.65442
vn -0.30000 -0.70281 -0.64503
vn -0.26362 -0.87036 0.41590
vn -0.42188 -0.89313 0.15598
vn -0.48004 -0.81738 0.31852
vn -0.35543 -0.87368 -0.33221
vn 0.00830 -0.99147 -0.13007
vn -0.26124 -0.95496 -0.14075
vn 0.04770 -0.98309 -0.17683
vn -0.87405 0.45311 0.17531
vn -0.03161 0.99054 0.13353
vn 0.35394 0.93526 -0.00300
vn 0.35198 0.93601 0.00110
vn 0.36501 0.93019 0.03900
vn 0.37777 0.92577 -0.01540
vn 0.39874 0.91676 -0.02363
vn 0.38040 0.92025 -0.09184
vn 0.68768 0.63281 -0.35586
vn 0.15861 0.75066 -0.64137
vn -0.00173 0.30877 0.95114
vn 0.31223 0.59469 0.74084
vn 0.06299 0.54124 -0.83851
vn -0.00898 0.23335 0.97235
vn -0.11667 0.15431 -0.98111
vn -0.29286 0.22491 0.92932
vn -0.07118 -0.01438 -0.99736
vn -0.15965 -0.16592 0.97313
vn -0.08175 -0.04434 -0.99567
vn -0.32366 -0.29468 0.89912
vn -0.17475 -0.24070 -0.95474
vn -0.23945 -0.33235 0.91225
vn -0.16593 -0.57895 0.79830
vn 0.00536 -0.30841 -0.95124
vn -0.11335 -0.60008 0.79186
vn -0.05417 -0.56690 0.82200
vn -0.35825 -0.81318 0.45869
vn -0.08642 -0.97339 -0.21221
vn 0.11898 -0.80757 -0.57764
vn -0.04670 -0.72315 -0.68911
vn 0.00320 -0.81232 0.58321
vn -0.05078 -0.77911 0.62483
vn -0.23977 -0.90131 0.36076
vn -0.32671 -0.89591 -0.30101
vn -0.29357 -0.95494 0.04363
vn -0.40882 -0.90998 -0.06932
vn -0.51401 -0.72764 -0.45423
vn 0.05878 -0.94846 -0.31139
vn -0.13214 -0.98918 0.06373
vn -0.25093 -0.93022 -0.26782
vn -0.41974 -0.90399 0.08136
vn -0.52369 -0.85188 0.00645
vn -0.50499 -0.79208 -0.34292
vn 0.15211 0.89804 0.41277
vn -0.04426 0.99688 0.06529
vn 0.25728 0.96504 -0.05003
vn 0.31839 0.94793 -0.00762
vn 0.07848 0.99688 -0.00874
vn 0.34822 0.93719 0.02033
vn 0.31473 0.94906 -0.01528
vn 0.31206 0.94518 -0.09625
vn 0.21907 0.88204 -0.41715
vn 0.27828 0.70875 -0.64826
vn -0.38696 0.41590 0.82297
vn -0.87574 0.45088 0.17259
vn -0.70397 0.54428 -0.45627
vn 0.12587 0.67747 -0.72470
vn -0.30041 0.33756 0.89208
vn 0.02042 0.13349 -0.99084
vn -0.21970 -0.05986 0.97373
vn -0.02643 0.06930 -0.99725
vn -0.08910 -0.05284 0.99462
vn 0.02561 -0.08156 -0.99634
vn -0.06312 0.13795 0.98843
vn 0.24674 -0.32216 -0.91397
vn -0.29909 -0.48784 0.82010
vn 0.07539 -0.59864 -0.79746
vn 0.23200 -0.55714 -0.79736
vn -0.32704 -0.47518 0.81685
vn -0.36014 -0.56553 0.74194
vn -0.12839 -0.57524 -0.80785
vn 0.18184 -0.81472 -0.55061
vn 0.25433 -0.69187 -0.67574
vn -0.32344 -0.78720 0.52507
vn -0.11086 -0.69314 0.71223
vn -0.38224 -0.89087 0.24546
vn -0.36749 -0.79765 -0.47823
vn -0.06670 -0.83310 -0.54909
vn -0.25721 -0.90928 0.32719
vn -0.38598 -0.92157 0.04166
vn -0.20657 -0.97022 -0.12650
vn 0.19754 -0.97811 0.06542
vn -0.08804 -0.96362 -0.25235
vn -0.34608 -0.84535 -0.40694
vn 0.21994 0.93981 0.26151
vn -0.00638 0.99961 0.02720
vn 0.02989 0.99722 -0.06827
vn 0.01164 0.99968 -0.02245
vn 0.27335 0.96183 0.01279
vn 0.01085 0.99991 0.00771
vn 0.26460 0.96212 0.06562
vn 0.06283 0.97327 -0.22092
vn 0.76267 0.63418 -0.12707
vn 0.23509 0.78008 0.57983
vn 0.43132 0.81388 0.38930
vn -0.04294 0.99307 0.10939
vn 0.19972 0.97813 -0.05801
vn 0.24743 0.96836 -0.03248
vn 0.25223 0.94497 0.20833
vn -0.00267 0.93998 -0.34121
vn 0.20794 0.39460 -0.89502
vn 0.28171 0.43530 -0.85507
vn 0.05662 0.31381 0.94780
vn 0.34279 0.57020 -0.74657
vn -0.30617 0.22159 0.92583
vn -0.09350 0.03345 0.99506
vn 0.06290 -0.01171 -0.99795
vn -0.32252 0.13042 0.93754
vn -0.30331 0.04606 0.95178
vn 0.18849 -0.14199 -0.97176
vn -0.32413 -0.30421 0.89577
vn -0.20651 -0.11705 0.97142
vn 0.21026 -0.34944 -0.91306
vn 0.09554 -0.48733 0.86797
vn 0.00447 -0.66883 -0.74340
vn 0.21707 -0.33970 -0.91514
vn 0.07683 -0.42853 0.90025
vn -0.06141 -0.59400 0.80212
vn -0.12551 -0.69122 -0.71167
vn -0.03988 -0.60535 -0.79496
vn -0.13376 -0.71228 0.68903
vn -0.34608 -0.81982 0.45621
vn -0.03611 -0.71693 -0.69621
vn -0.32051 -0.85003 -0.41801
vn -0.20268 -0.45496 -0.86714
vn -0.17771 -0.90983 0.37501
vn 0.08608 -0.99564 0.03602
vn -0.30491 -0.85372 -0.42213
vn -0.26686 -0.96345 -0.02359
vn -0.24746 -0.95621 0.15627
vn -0.09819 -0.85993 -0.50088
vn 0.18207 0.98068 -0.07160
vn -0.02899 0.99618 -0.08233
vn 0.25624 0.96584 0.03866
vn 0.24446 0.96949 0.01805
vn 0.22070 0.97319 0.06470
vn 0.28490 0.94477 -0.16201
vn -0.28877 0.82074 0.49294
vn 0.10024 0.90637 0.41043
vn 0.01217 0.99988 0.00906
vn 0.15774 0.98504 -0.06940
vn -0.00176 0.99794 -0.06412
vn 0.20958 0.97758 0.02031
vn 0.18958 0.98100 0.04111
vn 0.19864 0.97999 0.01285
vn 0.27903 0.90729 -0.31459
vn 0.63933 0.58357 -0.50070
vn 0.32237 0.44083 -0.83771
vn -0.16852 0.21426 0.96213
vn -0.14512 0.33128 0.93231
vn 0.27368 0.54743 -0.79083
vn 0.28680 0.48953 -0.82347
vn -0.14253 0.18188 0.97294
vn -0.11128 0.16263 0.98039
vn 0.52871 0.21356 -0.82150
vn -0.11351 0.10575 0.98789
vn 0.14631 -0.27773 -0.94945
vn -0.09285 -0.27900 0.95579
vn -0.18860 -0.20577 0.96025
vn 0.18343 -0.39378 -0.90072
vn 0.27426 -0.42992 -0.86021
vn -0.25121 -0.07371 0.96512
vn -0.32042 -0.35510 0.87820
vn 0.29233 -0.16972 -0.94114
vn 0.34189 -0.24042 -0.90847
vn -0.37234 -0.37090 0.85076
vn -0.30318 -0.56156 0.76989
vn 0.13411 -0.63064 -0.76440
vn -0.01686 -0.53331 -0.84575
vn -0.10995 -0.76494 0.63464
vn -0.14234 -0.87731 0.45832
vn -0.04775 -0.88686 0.45956
vn 0.02319 -0.84094 -0.54063
vn 0.09119 -0.80344 -0.58837
vn -0.11289 -0.54485 -0.83090
vn 0.03056 -0.95903 0.28167
vn -0.04059 -0.97167 0.23282
vn -0.08263 -0.99582 -0.03902
vn 0.06231 -0.99367 -0.09350
vn -0.12611 -0.98239 -0.13788
vn 0.25081 -0.87166 -0.42108
vn 0.22281 0.86592 0.44782
vn 0.04885 0.91807 0.39340
vn 0.11926 0.99281 -0.00996
vn 0.14106 0.98851 -0.05434
vn 0.12923 0.99093 -0.03669
vn 0.13989 0.99015 0.00506
vn 0.00456 0.99880 0.04882
vn 0.19448 0.98056 -0.02622
vn 0.26287 0.89209 -0.36752
vn -0.12165 0.78346 -0.60942
vn -0.12368 0.20495 0.97093
vn -0.14129 0.38892 0.91037
vn 0.40164 0.41403 -0.81686
vn 0.30647 0.28186 -0.90919
vn -0.15834 0.20311 0.96627
vn 0.37795 0.37237 -0.84764
vn 0.26067 0.37631 -0.88907
vn -0.11721 -0.00383 0.99310
vn 0.27520 -0.24587 -0.92942
vn -0.21876 -0.22123 0.95037
vn 0.08009 -0.43525 -0.89674
vn 0.16670 -0.36668 -0.91529
vn -0.10868 -0.12291 0.98645
vn -0.31384 -0.33014 0.89023
vn 0.08933 -0.19024 -0.97766
vn -0.13577 -0.29399 0.94612
vn -0.24334 -0.47361 0.84645
vn 0.06143 -0.54590 -0.83560
vn 0.19757 -0.54032 -0.81794
vn -0.19186 -0.77234 0.60554
vn -0.18628 -0.83099 0.52416
vn -0.05972 -0.91588 0.39699
vn 0.06441 -0.92099 -0.38424
vn 0.00456 -0.66871 -0.74351
vn -0.03422 -0.94555 0.32368
vn 0.09183 -0.97807 0.18696
vn -0.06705 -0.99719 0.03330
vn -0.18045 -0.97401 -0.13692
vn 0.22319 -0.97112 -0.08428
vn 0.05219 -0.87455 -0.48211
vn -0.03709 0.83341 0.55140
vn 0.01196 0.97350 0.22837
vn 0.07254 0.99736 -0.00152
vn 0.07174 0.99664 -0.03951
vn 0.06770 0.99761 -0.01381
vn 0.05906 0.99546 0.07466
vn 0.07382 0.98879 0.12981
vn 0.12160 0.98944 -0.07892
vn 0.20238 0.85212 -0.48264
vn 0.24664 0.68079 -0.68971
vn -0.39768 0.33871 0.85272
vn -0.05913 0.53456 0.84306
vn 0.23942 0.42008 -0.87533
vn -0.34892 0.19287 0.91709
vn 0.39704 0.22056 -0.89090
vn 0.48547 0.18503 -0.85445
vn -0.02281 0.06458 0.99765
vn 0.36386 0.04785 -0.93023
vn 0.37679 -0.10143 -0.92073
vn -0.03114 -0.06820 0.99719
vn 0.18652 -0.21580 -0.95846
vn 0.24375 -0.21812 -0.94499
vn -0.43097 -0.22309 0.87436
vn 0.04739 -0.28795 -0.95647
vn -0.41055 -0.27022 0.87088
vn -0.08178 -0.52066 0.84984
vn 0.00523 -0.65371 -0.75673
vn -0.05903 -0.45025 -0.89095
vn -0.11902 -0.79356 0.59674
vn -0.14704 -0.89147 0.42855
vn -0.13345 -0.91709 0.37569
vn 0.07497 -0.87085 -0.48580
vn 0.10122 -0.79341 -0.60021
vn -0.17071 -0.91062 0.37633
vn -0.19280 -0.91263 0.36047
vn -0.18261 -0.97273 0.14301
vn -0.07033 -0.99539 0.06520
vn -0.02001 -0.98607 -0.16513
vn -0.03294 -0.92946 -0.36746
vn 0.03779 -0.96030 -0.27641
vn -0.05664 0.83697 0.54431
vn -0.02587 0.98256 0.18412
vn -0.00231 0.99992 -0.01224
vn -0.00544 0.99986 -0.01597
vn -0.01436 0.99989 -0.00436
vn -0.02458 0.99959 0.01488
vn 0.00616 0.99982 0.01810
vn 0.06992 0.98495 -0.15804
vn 0.19841 0.84463 -0.49723
vn 0.25526 0.68185 -0.68551
vn -0.08159 0.37928 0.92168
vn -0.07464 0.60916 0.78953
vn 0.22980 0.61352 -0.75550
vn 0.27107 0.42404 -0.86412
vn -0.08937 0.19393 0.97694
vn 0.25767 0.17664 -0.94995
vn -0.06959 0.06814 0.99525
vn 0.26912 0.07355 -0.96029
vn -0.06679 -0.10692 0.99202
vn 0.26032 -0.10671 -0.95961
vn -0.07850 -0.17840 0.98082
vn 0.20160 -0.19289 -0.96029
vn -0.10406 -0.35865 0.92765
vn -0.09729 -0.54857 0.83042
vn 0.13484 -0.59373 -0.79329
vn 0.19567 -0.40019 -0.89530
vn -0.08059 -0.76601 0.63775
vn -0.05994 -0.88565 0.46046
vn 0.07988 -0.88544 -0.45783
vn 0.06924 -0.77737 -0.62522
vn -0.04426 -0.91864 0.39262
vn -0.04220 -0.94234 0.33199
vn -0.04135 -0.98787 0.14971
vn -0.08414 -0.99617 -0.02400
vn -0.05988 -0.98705 -0.14885
vn -0.01450 -0.95409 -0.29917
vn 0.01627 -0.93056 -0.36577
vn -0.00000 0.83530 0.54980
vn -0.00000 0.98180 0.18993
vn -0.00000 0.99992 -0.01265
vn -0.00000 0.99990 -0.01397
vn -0.00000 1.00000 -0.00000
vn -0.00000 0.99990 0.01397
vn -0.00000 0.99992 0.01265
vn -0.00000 0.98180 -0.18989
vn 0.00000 0.83484 -0.55050
vn -0.00001 0.38154 0.92435
vn -0.00000 0.59860 0.80105
vn 0.00000 0.59941 -0.80044
vn 0.00000 0.38223 -0.92407
vn -0.00001 0.18328 0.98306
vn 0.00001 0.18306 -0.98310
vn -0.00000 0.05742 0.99835
vn 0.00001 0.05740 -0.99835
vn -0.00000 -0.09446 0.99553
vn 0.00001 -0.09442 -0.99553
vn -0.00000 -0.17763 0.98410
vn 0.00001 -0.17753 -0.98412
vn -0.00000 -0.35798 0.93373
vn 0.00000 -0.55976 0.82866
vn 0.00001 -0.56023 -0.82834
vn 0.00001 -0.35828 -0.93361
vn 0.00000 -0.75959 0.65041
vn -0.00000 -0.87639 0.48160
vn 0.00000 -0.87630 -0.48177
vn 0.00000 -0.75963 -0.65036
vn -0.00000 -0.91221 0.40972
vn -0.00000 -0.94440 0.32879
vn -0.00001 -0.98485 0.17340
vn -0.00001 -1.00000 -0.00000
vn -0.00001 -0.98485 -0.17342
vn -0.00000 -0.94441 -0.32877
vn 0.00000 -0.91217 -0.40982
vn 0.00000 0.83504 0.55018
vn 0.00000 0.98181 0.18989
vn 0.00000 0.99992 -0.01265
vn 0.00000 0.99990 -0.01397
vn 0.00000 1.00000 -0.00000
vn 0.00000 0.99990 0.01397
vn 0.00000 0.99992 0.01265
vn 0.00000 0.98181 -0.18989
vn 0.00000 0.83504 -0.55018
vn 0.00000 0.38196 0.92418
vn 0.00000 0.59905 0.80071
vn 0.00000 0.59905 -0.80071
vn 0.00000 0.38196 -0.92418
vn 0.00000 0.18321 0.98307
vn 0.00000 0.18321 -0.98307
vn 0.00000 0.05742 0.99835
vn 0.00000 0.05742 -0.99835
vn 0.00000 -0.09446 0.99553
vn 0.00000 -0.09446 -0.99553
vn 0.00000 -0.17762 0.98410
vn 0.00000 -0.17762 -0.98410
vn 0.00000 -0.35769 0.93384
vn 0.00000 -0.55961 0.82876
vn 0.00000 -0.55961 -0.82876
vn 0.00000 -0.35769 -0.93384
vn 0.00000 -0.75966 0.65032
vn 0.00000 -0.87627 0.48181
vn 0.00000 -0.87627 -0.48181
vn 0.00000 -0.75966 -0.65032
vn 0.00000 -0.91217 0.40981
vn 0.00000 -0.94444 0.32868
vn 0.00000 -0.98487 0.17330
vn 0.00000 -1.00000 -0.00000
vn 0.00000 -0.98487 -0.17330
vn 0.00000 -0.94444 -0.32868
vn 0.00000 -0.91217 -0.40981
usemtl CaveRock
f 129/129/129 128/128/128 131/131/131
f 170/170/170 171/171/171 176/176/176
f 174/174/174 175/175/175 184/184/184
f 194/194/194 195/195/195 199/199/199
f 204/204/204 203/203/203 207/207/207
f 205/205/205 206/206/206 210/210/210
f 212/212/212 211/211/211 214/214/214
f 222/222/222 223/223/223 228/228/228
f 237/237/237 236/236/236 241/241/241
f 245/245/245 244/244/244 247/247/247
f 248/248/248 247/247/247 251/251/251
f 256/256/256 257/257/257 261/261/261
f 260/260/260 261/261/261 265/265/265
f 263/263/263 264/264/264 273/273/273
f 270/270/270 271/271/271 277/277/277
f 282/282/282 281/281/281 288/288/288
f 284/284/284 283/283/283 290/290/290
f 303/303/303 302/302/302 305/305/305
f 309/309/309 310/310/310 318/318/318
f 315/315/315 316/316/316 324/324/324
f 327/327/327 326/326/326 331/331/331
f 356/356/356 357/357/357 365/365/365
f 389/389/389 388/388/388 391/391/391
f 399/399/399 400/400/400 405/405/405
f 412/412/412 411/411/411 418/418/418
f 414/414/414 413/413/413 420/420/420
f 426/426/426 425/425/425 428/428/428
f 445/445/445 446/446/446 452/452/452
f 455/455/455 454/454/454 461/461/461
f 457/457/457 456/456/456 463/463/463
f 470/470/470 469/469/469 472/472/472
f 483/483/483 484/484/484 490/490/490
f 488/488/488 489/489/489 497/497/497
f 494/494/494 495/495/495 499/499/499
f 509/509/509 508/508/508 512/512/512
f 527/527/527 528/528/528 537/537/537
f 534/534/534 535/535/535 541/541/541
f 544/544/544 543/543/543 552/552/552
f 545/545/545 544/544/544 553/553/553
f 549/549/549 548/548/548 557/557/557
f 561/561/561 560/560/560 563/563/563
f 564/564/564 563/563/563 566/566/566
f 567/567/567 566/566/566 569/569/569
f 582/582/582 583/583/583 590/590/590
f 609/609/609 608/608/608 611/611/611
f 617/617/617 618/618/618 626/626/626
f 622/622/622 623/623/623 629/629/629
f 632/632/632 631/631/631 640/640/640
f 633/633/633 632/632/632 641/641/641
f 634/634/634 633/633/633 642/642/642
f 635/635/635 634/634/634 643/643/643
f 636/636/636 635/635/635 644/644/644
f 665/665/665 666/666/666 673/673/673
f 666/666/666 667/667/667 674/674/674
f 700/700/700 701/701/701 709/709/709
f 706/706/706 707/707/707 713/713/713
f 716/716/716 715/715/715 724/724/724
f 721/721/721 720/720/720 727/727/727
f 745/745/745 746/746/746 752/752/752
f 755/755/755 754/754/754 762/762/762
f 756/756/756 755/755/755 763/763/763
f 768/768/768 769/769/769 772/772/772
f 805/805/805 806/806/806 810/810/810
f 815/815/815 816/816/816 819/819/819
f 833/833/833 834/834/834 839/839/839
f 834/834/834 835/835/835 840/840/840
f 843/843/843 842/842/842 852/852/852
f 844/844/844 843/843/843 853/853/853
f 845/845/845 844/844/844 854/854/854
f 846/846/846 845/845/845 855/855/855
f 848/848/848 847/847/847 857/857/857
f 872/872/872 873/873/873 881/881/881
f 876/876/876 877/877/877 884/884/884
f 903/903/903 904/904/904 907/907/907
f 915/915/915 916/916/916 925/925/925
f 921/921/921 922/922/922 928/928/928
f 923/923/923 924/924/924 930/930/930
f 939/939/939 938/938/938 943/943/943
f 945/945/945 946/946/946 949/949/949
f 954/954/954 955/955/955 958/958/958
f 980/980/980 979/979/979 988/988/988
f 981/981/981 980/980/980 989/989/989
f 982/982/982 981/981/981 990/990/990
f 984/984/984 983/983/983 992/992/992
f 1008/1008/1008 1009/1009/1009 1014/1014/1014
f 1055/1055/1055 1056/1056/1056 1062/1062/1062
f 1057/1057/1057 1058/1058/1058 1064/1064/1064
f 1074/1074/1074 1073/1073/1073 1077/1077/1077
f 1109/1109/1109 1108/1108/1108 1118/1118/1118
f 1114/1114/1114 1113/1113/1113 1121/1121/1121
f 1126/1126/1126 1127/1127/1127 1130/1130/1130
f 1140/1140/1140 1141/1141/1141 1146/1146/1146
f 1157/1157/1157 1156/1156/1156 1165/1165/1165
f 1158/1158/1158 1157/1157/1157 1166/1166/1166
f 1169/1169/1169 1168/1168/1168 1172/1172/1172
f 1170/1170/1170 1171/1171/1171 1175/1175/1175
f 1216/1216/1216 1215/1215/1215 1218/1218/1218
f 1258/1258/1258 1257/1257/1257 1260/1260/1260
f 1292/1292/1292 1291/1291/1291 1295/1295/1295
f 3/3/3 2/2/2 38/38/38
f 6/6/6 5/5/5 41/41/41
f 8/8/8 7/7/7 43/43/43
f 9/9/9 8/8/8 44/44/44
f 11/11/11 10/10/10 46/46/46
f 13/13/13 12/12/12 48/48/48
f 22/22/22 23/23/23 59/59/59
f 31/31/31 32/32/32 68/68/68
f 33/33/33 34/34/34 70/70/70
f 34/34/34 35/35/35 71/71/71
f 38/38/38 37/37/37 73/73/73
f 42/42/42 41/41/41 77/77/77
f 45/45/45 44/44/44 80/80/80
f 58/58/58 59/59/59 95/95/95
f 60/60/60 61/61/61 97/97/97
f 67/67/67 68/68/68 104/104/104
f 69/69/69 70/70/70 106/106/106
f 70/70/70 71/71/71 107/107/107
f 74/74/74 73/73/73 109/109/109
f 76/76/76 75/75/75 111/111/111
f 77/77/77 76/76/76 112/112/112
f 78/78/78 77/77/77 113/113/113
f 81/81/81 80/80/80 116/116/116
f 96/96/96 97/97/97 134/134/134
f 103/103/103 104/104/104 141/141/141
f 105/105/105 106/106/106 143/143/143
f 106/106/106 107/107/107 144/144/144
f 110/110/110 109/109/109 146/146/146
f 112/112/112 111/111/111 148/148/148
f 113/113/113 112/112/112 149/149/149
f 114/114/114 113/113/113 150/150/150
f 115/115/115 114/114/114 151/151/151
f 116/116/116 115/115/115 152/152/152
f 117/117/117 116/116/116 153/153/153
f 119/119/119 118/118/118 155/155/155
f 135/135/135 136/136/136 173/173/173
f 142/142/142 143/143/143 181/181/181
f 143/143/143 144/144/144 182/182/182
f 149/149/149 148/148/148 187/187/187
f 150/150/150 149/149/149 188/188/188
f 151/151/151 150/150/150 189/189/189
f 152/152/152 151/151/151 190/190/190
f 153/153/153 152/152/152 191/191/191
f 180/180/180 181/181/181 222/222/222
f 182/182/182 183/183/183 224/224/224
f 186/186/186 185/185/185 229/229/229
f 188/188/188 187/187/187 231/231/231
f 189/189/189 188/188/188 232/232/232
f 190/190/190 189/189/189 233/233/233
f 191/191/191 190/190/190 234/234/234
f 192/192/192 191/191/191 235/235/235
f 195/195/195 194/194/194 238/238/238
f 206/206/206 205/205/205 253/253/253
f 219/219/219 220/220/220 268/268/268
f 220/220/220 221/221/221 269/269/269
f 226/226/226 227/227/227 275/275/275
f 231/231/231 230/230/230 278/278/278
f 233/233/233 232/232/232 280/280/280
f 240/240/240 239/239/239 285/285/285
f 243/243/243 242/242/242 292/292/292
f 250/250/250 249/249/249 298/298/298
f 268/268/268 269/269/269 314/314/314
f 274/274/274 275/275/275 321/321/321
f 275/275/275 276/276/276 322/322/322
f 280/280/280 279/279/279 325/325/325
f 286/286/286 285/285/285 328/328/328
f 287/287/287 286/286/286 329/329/329
f 292/292/292 291/291/291 335/335/335
f 293/293/293 292/292/292 336/336/336
f 296/296/296 295/295/295 340/340/340
f 311/311/311 312/312/312 354/354/354
f 312/312/312 313/313/313 355/355/355
f 319/319/319 320/320/320 360/360/360
f 322/322/322 323/323/323 363/363/363
f 331/331/331 330/330/330 367/367/367
f 333/333/333 332/332/332 369/369/369
f 334/334/334 333/333/333 370/370/370
f 335/335/335 334/334/334 371/371/371
f 336/336/336 335/335/335 372/372/372
f 339/339/339 338/338/338 375/375/375
f 346/346/346 347/347/347 384/384/384
f 354/354/354 355/355/355 393/393/393
f 361/361/361 362/362/362 399/399/399
f 363/363/363 364/364/364 401/401/401
f 367/367/367 366/366/366 406/406/406
f 369/369/369 368/368/368 408/408/408
f 370/370/370 369/369/369 409/409/409
f 371/371/371 370/370/370 410/410/410
f 376/376/376 375/375/375 415/415/415
f 388/388/388 389/389/389 434/434/434
f 392/392/392 393/393/393 438/438/438
f 396/396/396 397/397/397 443/443/443
f 397/397/397 398/398/398 444/444/444
f 403/403/403 404/404/404 450/450/450
f 408/408/408 407/407/407 453/453/453
f 417/417/417 416/416/416 459/459/459
f 422/422/422 421/421/421 467/467/467
f 436/436/436 437/437/437 482/482/482
f 441/441/441 442/442/442 486/486/486
f 442/442/442 443/443/443 487/487/487
f 448/448/448 449/449/449 493/493/493
f 460/460/460 459/459/459 500/500/500
f 461/461/461 460/460/460 501/501/501
f 465/465/465 464/464/464 505/505/505
f 466/466/466 465/465/465 506/506/506
f 467/467/467 466/466/466 507/507/507
f 485/485/485 486/486/486 526/526/526
f 491/491/491 492/492/492 531/531/531
f 493/493/493 494/494/494 533/533/533
f 502/502/502 501/501/501 542/542/542
f 503/503/503 502/502/502 543/543/543
f 511/511/511 510/510/510 550/550/550
f 522/522/522 523/523/523 573/573/573
f 529/529/529 530/530/530 579/579/579
f 531/531/531 532/532/532 581/581/581
f 538/538/538 539/539/539 587/587/587
f 552/552/552 551/551/551 591/591/591
f 553/553/553 552/552/552 592/592/592
f 559/559/559 558/558/558 598/598/598
f 579/579/579 580/580/580 616/616/616
f 585/585/585 586/586/586 621/621/621
f 586/586/586 587/587/587 622/622/622
f 588/588/588 589/589/589 624/624/624
f 592/592/592 591/591/591 630/630/630
f 593/593/593 592/592/592 631/631/631
f 594/594/594 593/593/593 632/632/632
f 595/595/595 594/594/594 633/633/633
f 596/596/596 595/595/595 634/634/634
f 597/597/597 596/596/596 635/635/635
f 614/614/614 615/615/615 659/659/659
f 619/619/619 620/620/620 663/663/663
f 620/620/620 621/621/621 664/664/664
f 627/627/627 628/628/628 671/671/671
f 640/640/640 639/639/639 675/675/675
f 642/642/642 641/641/641 677/677/677
f 644/644/644 643/643/643 679/679/679
f 661/661/661 662/662/662 698/698/698
f 662/662/662 663/663/663 699/699/699
f 669/669/669 670/670/670 704/704/704
f 670/670/670 671/671/671 705/705/705
f 671/671/671 672/672/672 706/706/706
f 677/677/677 676/676/676 714/714/714
f 678/678/678 677/677/677 715/715/715
f 679/679/679 678/678/678 716/716/716
f 682/682/682 681/681/681 719/719/719
f 685/685/685 684/684/684 722/722/722
f 697/697/697 698/698/698 740/740/740
f 702/702/702 703/703/703 743/743/743
f 703/703/703 704/704/704 744/744/744
f 710/710/710 711/711/711 749/749/749
f 718/718/718 717/717/717 753/753/753
f 719/719/719 718/718/718 754/754/754
f 723/723/723 722/722/722 757/757/757
f 724/724/724 723/723/723 758/758/758
f 726/726/726 725/725/725 760/760/760
f 739/739/739 740/740/740 781/781/781
f 742/742/742 743/743/743 785/785/785
f 743/743/743 744/744/744 786/786/786
f 748/748/748 749/749/749 792/792/792
f 749/749/749 750/750/750 793/793/793
f 750/750/750 751/751/751 794/794/794
f 758/758/758 757/757/757 796/796/796
f 762/762/762 761/761/761 800/800/800
f 763/763/763 762/762/762 801/801/801
f 765/765/765 764/764/764 803/803/803
f 771/771/771 772/772/772 813/813/813
f 779/779/779 780/780/780 822/822/822
f 783/783/783 784/784/784 826/826/826
f 789/789/789 790/790/790 831/831/831
f 794/794/794 795/795/795 836/836/836
f 798/798/798 797/797/797 841/841/841
f 799/799/799 798/798/798 842/842/842
f 800/800/800 799/799/799 843/843/843
f 801/801/801 800/800/800 844/844/844
f 802/802/802 801/801/801 845/845/845
f 807/807/807 806/806/806 850/850/850
f 824/824/824 825/825/825 871/871/871
f 829/829/829 830/830/830 876/876/876
f 831/831/831 832/832/832 878/878/878
f 837/837/837 838/838/838 886/886/886
f 838/838/838 839/839/839 887/887/887
f 851/851/851 850/850/850 889/889/889
f 852/852/852 851/851/851 890/890/890
f 853/853/853 852/852/852 891/891/891
f 854/854/854 853/853/853 892/892/892
f 855/855/855 854/854/854 893/893/893
f 856/856/856 855/855/855 894/894/894
f 860/860/860 859/859/859 898/898/898
f 874/874/874 875/875/875 914/914/914
f 882/882/882 883/883/883 919/919/919
f 884/884/884 885/885/885 921/921/921
f 890/890/890 889/889/889 931/931/931
f 896/896/896 895/895/895 937/937/937
f 899/899/899 898/898/898 940/940/940
f 906/906/906 907/907/907 952/952/952
f 913/913/913 914/914/914 962/962/962
f 918/918/918 919/919/919 967/967/967
f 919/919/919 920/920/920 968/968/968
f 926/926/926 927/927/927 974/974/974
f 927/927/927 928/928/928 975/975/975
f 933/933/933 932/932/932 978/978/978
f 934/934/934 933/933/933 979/979/979
f 935/935/935 934/934/934 980/980/980
f 936/936/936 935/935/935 981/981/981
f 941/941/941 940/940/940 985/985/985
f 942/942/942 941/941/941 986/986/986
f 960/960/960 961/961/961 1007/1007/1007
f 965/965/965 966/966/966 1011/1011/1011
f 971/971/971 972/972/972 1016/1016/1016
f 972/972/972 973/973/973 1017/1017/1017
f 974/974/974 975/975/975 1019/1019/1019
f 975/975/975 976/976/976 1020/1020/1020
f 988/988/988 987/987/987 1024/1024/1024
f 989/989/989 988/988/988 1025/1025/1025
f 990/990/990 989/989/989 1026/1026/1026
f 991/991/991 990/990/990 1027/1027/1027
f 994/994/994 993/993/993 1030/1030/1030
f 996/996/996 995/995/995 1032/1032/1032
f 1006/1006/1006 1007/1007/1007 1044/1044/1044
f 1010/1010/1010 1011/1011/1011 1048/1048/1048
f 1012/1012/1012 1013/1013/1013 1050/1050/1050
f 1016/1016/1016 1017/1017/1017 1055/1055/1055
f 1018/1018/1018 1019/1019/1019 1057/1057/1057
f 1019/1019/1019 1020/1020/1020 1058/1058/1058
f 1020/1020/1020 1021/1021/1021 1059/1059/1059
f 1025/1025/1025 1024/1024/1024 1067/1067/1067
f 1030/1030/1030 1029/1029/1029 1072/1072/1072
f 1033/1033/1033 1032/1032/1032 1075/1075/1075
f 1046/1046/1046 1047/1047/1047 1091/1091/1091
f 1050/1050/1050 1051/1051/1051 1094/1094/1094
f 1052/1052/1052 1053/1053/1053 1096/1096/1096
f 1053/1053/1053 1054/1054/1054 1097/1097/1097
f 1060/1060/1060 1061/1061/1061 1102/1102/1102
f 1066/1066/1066 1065/1065/1065 1106/1106/1106
f 1067/1067/1067 1066/1066/1066 1107/1107/1107
f 1069/1069/1069 1068/1068/1068 1109/1109/1109
f 1072/1072/1072 1071/1071/1071 1112/1112/1112
f 1076/1076/1076 1075/1075/1075 1115/1115/1115
f 1088/1088/1088 1089/1089/1089 1137/1137/1137
f 1092/1092/1092 1093/1093/1093 1141/1141/1141
f 1095/1095/1095 1096/1096/1096 1143/1143/1143
f 1100/1100/1100 1101/1101/1101 1148/1148/1148
f 1108/1108/1108 1107/1107/1107 1153/1153/1153
f 1111/1111/1111 1110/1110/1110 1155/1155/1155
f 1112/1112/1112 1111/1111/1111 1156/1156/1156
f 1117/1117/1117 1116/1116/1116 1160/1160/1160
f 1120/1120/1120 1119/1119/1119 1163/1163/1163
f 1132/1132/1132 1133/1133/1133 1180/1180/1180
f 1136/1136/1136 1137/1137/1137 1186/1186/1186
f 1138/1138/1138 1139/1139/1139 1188/1188/1188
f 1142/1142/1142 1143/1143/1143 1193/1193/1193
f 1147/1147/1147 1148/1148/1148 1198/1198/1198
f 1149/1149/1149 1150/1150/1150 1200/1200/1200
f 1150/1150/1150 1151/1151/1151 1201/1201/1201
f 1163/1163/1163 1162/1162/1162 1206/1206/1206
f 1165/1165/1165 1164/1164/1164 1208/1208/1208
f 1166/1166/1166 1165/1165/1165 1209/1209/1209
f 1181/1181/1181 1182/1182/1182 1224/1224/1224
f 1183/1183/1183 1184/1184/1184 1226/1226/1226
f 1189/1189/1189 1190/1190/1190 1231/1231/1231
f 1191/1191/1191 1192/1192/1192 1233/1233/1233
f 1194/1194/1194 1195/1195/1195 1236/1236/1236
f 1197/1197/1197 1198/1198/1198 1238/1238/1238
f 1199/1199/1199 1200/1200/1200 1240/1240/1240
f 1201/1201/1201 1202/1202/1202 1242/1242/1242
f 1206/1206/1206 1205/1205/1205 1245/1245/1245
f 1207/1207/1207 1206/1206/1206 1246/1246/1246
f 1208/1208/1208 1207/1207/1207 1247/1247/1247
f 1211/1211/1211 1210/1210/1210 1250/1250/1250
f 1212/1212/1212 1211/1211/1211 1251/1251/1251
f 1214/1214/1214 1213/1213/1213 1253/1253/1253
f 1223/1223/1223 1224/1224/1224 1264/1264/1264
f 1228/1228/1228 1229/1229/1229 1268/1268/1268
f 1233/1233/1233 1234/1234/1234 1273/1273/1273
f 1235/1235/1235 1236/1236/1236 1275/1275/1275
f 1237/1237/1237 1238/1238/1238 1278/1278/1278
f 1239/1239/1239 1240/1240/1240 1280/1280/1280
f 1241/1241/1241 1242/1242/1242 1282/1282/1282
f 1246/1246/1246 1245/1245/1245 1285/1285/1285
f 1247/1247/1247 1246/1246/1246 1286/1286/1286
f 1248/1248/1248 1247/1247/1247 1287/1287/1287
f 1250/1250/1250 1249/1249/1249 1289/1289/1289
f 1251/1251/1251 1250/1250/1250 1290/1290/1290
f 1254/1254/1254 1253/1253/1253 1293/1293/1293
f 1271/1271/1271 1272/1272/1272 1310/1310/1310
f 1274/1274/1274 1275/1275/1275 1312/1312/1312
f 1276/1276/1276 1277/1277/1277 1314/1314/1314
f 1279/1279/1279 1280/1280/1280 1317/1317/1317
f 1280/1280/1280 1281/1281/1281 1318/1318/1318
f 1281/1281/1281 1282/1282/1282 1319/1319/1319
f 1284/1284/1284 1283/1283/1283 1320/1320/1320
f 1285/1285/1285 1284/1284/1284 1321/1321/1321
f 1288/1288/1288 1287/1287/1287 1324/1324/1324
f 1290/1290/1290 1289/1289/1289 1326/1326/1326
f 1294/1294/1294 1293/1293/1293 1329/1329/1329
f 1309/1309/1309 1310/1310/1310 1346/1346/1346
f 1311/1311/1311 1312/1312/1312 1348/1348/1348
f 1313/1313/1313 1314/1314/1314 1350/1350/1350
f 1316/1316/1316 1317/1317/1317 1353/1353/1353
f 1317/1317/1317 1318/1318/1318 1354/1354/1354
f 1318/1318/1318 1319/1319/1319 1355/1355/1355
f 1322/1322/1322 1321/1321/1321 1357/1357/1357
f 1325/1325/1325 1324/1324/1324 1360/1360/1360
f 1326/1326/1326 1325/1325/1325 1361/1361/1361
f 1330/1330/1330 1329/1329/1329 1365/1365/1365
f 1332/1332/1332 1331/1331/1331 1367/1367/1367
f 1341/1341/1341 1342/1342/1342 1378/1378/1378
f 1345/1345/1345 1346/1346/1346 1382/1382/1382
f 1349/1349/1349 1350/1350/1350 1386/1386/1386
f 1352/1352/1352 1353/1353/1353 1389/1389/1389
f 1353/1353/1353 1354/1354/1354 1390/1390/1390
f 1354/1354/1354 1355/1355/1355 1391/1391/1391
f 1/1/1 11/11/11 47/47/47
f 12/12/12 9/9/9 45/45/45
f 10/10/10 14/14/14 50/50/50
f 14/14/14 16/16/16 52/52/52
f 19/19/19 17/17/17 53/53/53
f 21/21/21 19/19/19 55/55/55
f 23/23/23 26/26/26 62/62/62
f 50/50/50 52/52/52 88/88/88
f 53/53/53 51/51/51 87/87/87
f 52/52/52 54/54/54 90/90/90
f 56/56/56 58/58/58 94/94/94
f 61/61/61 57/57/57 93/93/93
f 59/59/59 62/62/62 98/98/98
f 65/65/65 60/60/60 96/96/96
f 86/86/86 88/88/88 124/124/124
f 89/89/89 87/87/87 123/123/123
f 88/88/88 90/90/90 126/126/126
f 92/92/92 94/94/94 131/131/131
f 97/97/97 93/93/93 130/130/130
f 95/95/95 98/98/98 135/135/135
f 101/101/101 96/96/96 133/133/133
f 99/99/99 102/102/102 139/139/139
f 120/120/120 117/117/117 154/154/154
f 123/123/123 121/121/121 158/158/158
f 125/125/125 123/123/123 161/161/161
f 124/124/124 126/126/126 164/164/164
f 127/127/127 125/125/125 163/163/163
f 126/126/126 128/128/128 166/166/166
f 129/129/129 132/132/132 169/169/169
f 134/134/134 130/130/130 168/168/168
f 138/138/138 133/133/133 170/170/170
f 136/136/136 139/139/139 177/177/177
f 145/145/145 137/137/137 174/174/174
f 146/146/146 156/156/156 195/195/195
f 156/156/156 160/160/160 199/199/199
f 161/161/161 158/158/158 197/197/197
f 163/163/163 161/161/161 200/200/200
f 165/165/165 163/163/163 202/202/202
f 164/164/164 166/166/166 207/207/207
f 167/167/167 169/169/169 211/211/211
f 169/169/169 172/172/172 214/214/214
f 176/176/176 171/171/171 213/213/213
f 173/173/173 177/177/177 218/218/218
f 184/184/184 175/175/175 216/216/216
f 196/196/196 193/193/193 237/237/237
f 194/194/194 198/198/198 244/244/244
f 200/200/200 197/197/197 243/243/243
f 201/201/201 203/203/203 251/251/251
f 204/204/204 208/208/208 255/255/255
f 210/210/210 206/206/206 254/254/254
f 208/208/208 211/211/211 258/258/258
f 213/213/213 209/209/209 256/256/256
f 212/212/212 215/215/215 262/262/262
f 217/217/217 213/213/213 260/260/260
f 215/215/215 218/218/218 266/266/266
f 225/225/225 216/216/216 263/263/263
f 228/228/228 223/223/223 270/270/270
f 241/241/241 236/236/236 284/284/284
f 248/248/248 252/252/252 300/300/300
f 257/257/257 254/254/254 301/301/301
f 255/255/255 258/258/258 305/305/305
f 261/261/261 257/257/257 304/304/304
f 259/259/259 262/262/262 308/308/308
f 265/265/265 261/261/261 307/307/307
f 273/273/273 264/264/264 309/309/309
f 277/277/277 271/271/271 315/315/315
f 288/288/288 281/281/281 327/327/327
f 294/294/294 297/297/297 342/342/342
f 301/301/301 299/299/299 343/343/343
f 300/300/300 302/302/302 346/346/346
f 303/303/303 306/306/306 349/349/349
f 307/307/307 304/304/304 348/348/348
f 310/310/310 307/307/307 350/350/350
f 308/308/308 311/311/311 353/353/353
f 318/318/318 310/310/310 352/352/352
f 324/324/324 316/316/316 356/356/356
f 338/338/338 342/342/342 379/379/379
f 343/343/343 341/341/341 378/378/378
f 344/344/344 346/346/346 383/383/383
f 347/347/347 349/349/349 386/386/386
f 352/352/352 350/350/350 387/387/387
f 351/351/351 353/353/353 391/391/391
f 358/358/358 352/352/352 390/390/390
f 355/355/355 359/359/359 396/396/396
f 365/365/365 357/357/357 394/394/394
f 377/377/377 374/374/374 414/414/414
f 380/380/380 378/378/378 422/422/422
f 379/379/379 381/381/381 425/425/425
f 381/381/381 383/383/383 428/428/428
f 384/384/384 386/386/386 431/431/431
f 387/387/387 385/385/385 430/430/430
f 390/390/390 387/387/387 432/432/432
f 405/405/405 400/400/400 445/445/445
f 418/418/418 411/411/411 457/457/457
f 423/423/423 425/425/425 472/472/472
f 426/426/426 429/429/429 475/475/475
f 430/430/430 427/427/427 474/474/474
f 432/432/432 430/430/430 476/476/476
f 431/431/431 433/433/433 479/479/479
f 435/435/435 432/432/432 478/478/478
f 440/440/440 435/435/435 480/480/480
f 447/447/447 439/439/439 483/483/483
f 452/452/452 446/446/446 488/488/488
f 471/471/471 468/468/468 509/509/509
f 470/470/470 473/473/473 514/514/514
f 476/476/476 474/474/474 515/515/515
f 490/490/490 484/484/484 524/524/524
f 497/497/497 489/489/489 527/527/527
f 499/499/499 495/495/495 534/534/534
f 512/512/512 508/508/508 549/549/549
f 515/515/515 513/513/513 559/559/559
f 524/524/524 521/521/521 571/571/571
f 523/523/523 525/525/525 576/576/576
f 528/528/528 524/524/524 574/574/574
f 525/525/525 529/529/529 578/578/578
f 537/537/537 528/528/528 577/577/577
f 541/541/541 535/535/535 582/582/582
f 570/570/570 573/573/573 609/609/609
f 577/577/577 574/574/574 610/610/610
f 584/584/584 577/577/577 613/613/613
f 590/590/590 583/583/583 617/617/617
f 600/600/600 602/602/602 648/648/648
f 603/603/603 601/601/601 647/647/647
f 602/602/602 604/604/604 650/650/650
f 605/605/605 603/603/603 649/649/649
f 604/604/604 606/606/606 652/652/652
f 607/607/607 605/605/605 651/651/651
f 606/606/606 609/609/609 654/654/654
f 613/613/613 610/610/610 655/655/655
f 618/618/618 613/613/613 657/657/657
f 626/626/626 618/618/618 660/660/660
f 629/629/629 623/623/623 665/665/665
f 649/649/649 647/647/647 683/683/683
f 648/648/648 650/650/650 687/687/687
f 650/650/650 652/652/652 689/689/689
f 653/653/653 651/651/651 688/688/688
f 655/655/655 653/653/653 690/690/690
f 656/656/656 658/658/658 695/695/695
f 668/668/668 660/660/660 696/696/696
f 674/674/674 667/667/667 700/700/700
f 684/684/684 687/687/687 729/729/729
f 687/687/687 689/689/689 731/731/731
f 690/690/690 688/688/688 730/730/730
f 689/689/689 691/691/691 733/733/733
f 693/693/693 695/695/695 737/737/737
f 695/695/695 697/697/697 739/739/739
f 709/709/709 701/701/701 741/741/741
f 713/713/713 707/707/707 745/745/745
f 727/727/727 720/720/720 756/756/756
f 722/722/722 729/729/729 766/766/766
f 730/730/730 728/728/728 765/765/765
f 734/734/734 732/732/732 770/770/770
f 733/733/733 735/735/735 774/774/774
f 735/735/735 737/737/737 777/777/777
f 738/738/738 736/736/736 775/775/775
f 741/741/741 738/738/738 778/778/778
f 747/747/747 741/741/741 782/782/782
f 752/752/752 746/746/746 787/787/787
f 767/767/767 765/765/765 804/804/804
f 766/766/766 769/769/769 810/810/810
f 768/768/768 771/771/771 812/812/812
f 775/775/775 773/773/773 814/814/814
f 774/774/774 777/777/777 819/819/819
f 778/778/778 775/775/775 817/817/817
f 795/795/795 787/787/787 827/827/827
f 808/808/808 804/804/804 848/848/848
f 805/805/805 809/809/809 859/859/859
f 809/809/809 812/812/812 862/862/862
f 817/817/817 814/814/814 863/863/863
f 815/815/815 818/818/818 866/866/866
f 820/820/820 817/817/817 865/865/865
f 818/818/818 821/821/821 868/868/868
f 836/836/836 827/827/827 872/872/872
f 840/840/840 835/835/835 879/879/879
f 861/861/861 858/858/858 897/897/897
f 863/863/863 861/861/861 900/900/900
f 866/866/866 868/868/868 909/909/909
f 868/868/868 870/870/870 911/911/911
f 881/881/881 873/873/873 912/912/912
f 888/888/888 879/879/879 915/915/915
f 900/900/900 897/897/897 939/939/939
f 901/901/901 904/904/904 949/949/949
f 903/903/903 906/906/906 951/951/951
f 925/925/925 916/916/916 963/963/963
f 930/930/930 924/924/924 969/969/969
f 943/943/943 938/938/938 984/984/984
f 940/940/940 946/946/946 996/996/996
f 947/947/947 944/944/944 994/994/994
f 945/945/945 948/948/948 998/998/998
f 948/948/948 951/951/951 1000/1000/1000
f 953/953/953 950/950/950 999/999/999
f 956/956/956 953/953/953 1001/1001/1001
f 959/959/959 956/956/956 1003/1003/1003
f 964/964/964 959/959/959 1005/1005/1005
f 970/970/970 963/963/963 1008/1008/1008
f 985/985/985 996/996/996 1033/1033/1033
f 997/997/997 994/994/994 1031/1031/1031
f 1003/1003/1003 1001/1001/1001 1038/1038/1038
f 1002/1002/1002 1004/1004/1004 1041/1041/1041
f 1005/1005/1005 1003/1003/1003 1040/1040/1040
f 1014/1014/1014 1009/1009/1009 1045/1045/1045
f 1022/1022/1022 1033/1033/1033 1076/1076/1076
f 1034/1034/1034 1031/1031/1031 1074/1074/1074
f 1037/1037/1037 1039/1039/1039 1083/1083/1083
f 1040/1040/1040 1038/1038/1038 1082/1082/1082
f 1039/1039/1039 1041/1041/1041 1085/1085/1085
f 1042/1042/1042 1040/1040/1040 1084/1084/1084
f 1041/1041/1041 1043/1043/1043 1087/1087/1087
f 1045/1045/1045 1042/1042/1042 1086/1086/1086
f 1059/1059/1059 1049/1049/1049 1092/1092/1092
f 1064/1064/1064 1058/1058/1058 1098/1098/1098
f 1077/1077/1077 1073/1073/1073 1114/1114/1114
f 1080/1080/1080 1078/1078/1078 1123/1123/1123
f 1082/1082/1082 1080/1080/1080 1125/1125/1125
f 1081/1081/1081 1083/1083/1083 1130/1130/1130
f 1084/1084/1084 1082/1082/1082 1128/1128/1128
f 1085/1085/1085 1087/1087/1087 1135/1135/1135
f 1099/1099/1099 1092/1092/1092 1140/1140/1140
f 1118/1118/1118 1108/1108/1108 1154/1154/1154
f 1121/1121/1121 1113/1113/1113 1158/1158/1158
f 1125/1125/1125 1123/1123/1123 1169/1169/1169
f 1124/1124/1124 1127/1127/1127 1175/1175/1175
f 1126/1126/1126 1129/1129/1129 1177/1177/1177
f 1134/1134/1134 1131/1131/1131 1178/1178/1178
f 1135/1135/1135 1138/1138/1138 1187/1187/1187
f 1146/1146/1146 1141/1141/1141 1190/1190/1190
f 1143/1143/1143 1147/1147/1147 1197/1197/1197
f 1159/1159/1159 1171/1171/1171 1214/1214/1214
f 1172/1172/1172 1168/1168/1168 1212/1212/1212
f 1170/1170/1170 1174/1174/1174 1217/1217/1217
f 1176/1176/1176 1173/1173/1173 1216/1216/1216
f 1174/1174/1174 1177/1177/1177 1220/1220/1220
f 1193/1193/1193 1197/1197/1197 1237/1237/1237
f 1202/1202/1202 1194/1194/1194 1235/1235/1235
f 1203/1203/1203 1214/1214/1214 1254/1254/1254
f 1213/1213/1213 1217/1217/1217 1256/1256/1256
f 1218/1218/1218 1215/1215/1215 1255/1255/1255
f 1221/1221/1221 1219/1219/1219 1258/1258/1258
f 1220/1220/1220 1222/1222/1222 1262/1262/1262
f 1231/1231/1231 1227/1227/1227 1266/1266/1266
f 1242/1242/1242 1235/1235/1235 1274/1274/1274
f 1243/1243/1243 1254/1254/1254 1294/1294/1294
f 1255/1255/1255 1252/1252/1252 1292/1292/1292
f 1253/1253/1253 1256/1256/1256 1297/1297/1297
f 1260/1260/1260 1257/1257/1257 1298/1298/1298
f 1259/1259/1259 1262/1262/1262 1301/1301/1301
f 1262/1262/1262 1265/1265/1265 1303/1303/1303
f 1266/1266/1266 1263/1263/1263 1302/1302/1302
f 1282/1282/1282 1274/1274/1274 1311/1311/1311
f 1283/1283/1283 1294/1294/1294 1330/1330/1330
f 1295/1295/1295 1291/1291/1291 1328/1328/1328
f 1293/1293/1293 1297/1297/1297 1333/1333/1333
f 1298/1298/1298 1296/1296/1296 1332/1332/1332
f 1302/1302/1302 1300/1300/1300 1336/1336/1336
f 1301/1301/1301 1303/1303/1303 1339/1339/1339
f 1304/1304/1304 1302/1302/1302 1338/1338/1338
f 1310/1310/1310 1313/1313/1313 1349/1349/1349
f 1320/1320/1320 1330/1330/1330 1366/1366/1366
f 1331/1331/1331 1328/1328/1328 1364/1364/1364
f 1329/1329/1329 1333/1333/1333 1369/1369/1369
f 1334/1334/1334 1332/1332/1332 1368/1368/1368
f 1335/1335/1335 1337/1337/1337 1373/1373/1373
f 1338/1338/1338 1336/1336/1336 1372/1372/1372
f 1337/1337/1337 1339/1339/1339 1375/1375/1375
f 1340/1340/1340 1338/1338/1338 1374/1374/1374
f 1339/1339/1339 1341/1341/1341 1377/1377/1377
f 1342/1342/1342 1345/1345/1345 1381/1381/1381
f 1346/1346/1346 1349/1349/1349 1385/1385/1385
f 132/132/132 129/129/129 131/131/131
f 175/175/175 170/170/170 176/176/176
f 183/183/183 174/174/174 184/184/184
f 198/198/198 194/194/194 199/199/199
f 208/208/208 204/204/204 207/207/207
f 209/209/209 205/205/205 210/210/210
f 215/215/215 212/212/212 214/214/214
f 227/227/227 222/222/222 228/228/228
f 242/242/242 237/237/237 241/241/241
f 248/248/248 245/245/245 247/247/247
f 252/252/252 248/248/248 251/251/251
f 260/260/260 256/256/256 261/261/261
f 264/264/264 260/260/260 265/265/265
f 272/272/272 263/263/263 273/273/273
f 276/276/276 270/270/270 277/277/277
f 289/289/289 282/282/282 288/288/288
f 291/291/291 284/284/284 290/290/290
f 306/306/306 303/303/303 305/305/305
f 317/317/317 309/309/309 318/318/318
f 323/323/323 315/315/315 324/324/324
f 332/332/332 327/327/327 331/331/331
f 364/364/364 356/356/356 365/365/365
f 392/392/392 389/389/389 391/391/391
f 404/404/404 399/399/399 405/405/405
f 419/419/419 412/412/412 418/418/418
f 421/421/421 414/414/414 420/420/420
f 429/429/429 426/426/426 428/428/428
f 451/451/451 445/445/445 452/452/452
f 462/462/462 455/455/455 461/461/461
f 464/464/464 457/457/457 463/463/463
f 473/473/473 470/470/470 472/472/472
f 489/489/489 483/483/483 490/490/490
f 496/496/496 488/488/488 497/497/497
f 498/498/498 494/494/494 499/499/499
f 513/513/513 509/509/509 512/512/512
f 536/536/536 527/527/527 537/537/537
f 540/540/540 534/534/534 541/541/541
f 553/553/553 544/544/544 552/552/552
f 554/554/554 545/545/545 553/553/553
f 558/558/558 549/549/549 557/557/557
f 564/564/564 561/561/561 563/563/563
f 567/567/567 564/564/564 566/566/566
f 570/570/570 567/567/567 569/569/569
f 589/589/589 582/582/582 590/590/590
f 612/612/612 609/609/609 611/611/611
f 625/625/625 617/617/617 626/626/626
f 628/628/628 622/622/622 629/629/629
f 641/641/641 632/632/632 640/640/640
f 642/642/642 633/633/633 641/641/641
f 643/643/643 634/634/634 642/642/642
f 644/644/644 635/635/635 643/643/643
f 645/645/645 636/636/636 644/644/644
f 672/672/672 665/665/665 673/673/673
f 673/673/673 666/666/666 674/674/674
f 708/708/708 700/700/700 709/709/709
f 712/712/712 706/706/706 713/713/713
f 725/725/725 716/716/716 724/724/724
f 728/728/728 721/721/721 727/727/727
f 751/751/751 745/745/745 752/752/752
f 763/763/763 755/755/755 762/762/762
f 764/764/764 756/756/756 763/763/763
f 771/771/771 768/768/768 772/772/772
f 809/809/809 805/805/805 810/810/810
f 818/818/818 815/815/815 819/819/819
f 838/838/838 833/833/833 839/839/839
f 839/839/839 834/834/834 840/840/840
f 853/853/853 843/843/843 852/852/852
f 854/854/854 844/844/844 853/853/853
f 855/855/855 845/845/845 854/854/854
f 856/856/856 846/846/846 855/855/855
f 858/858/858 848/848/848 857/857/857
f 880/880/880 872/872/872 881/881/881
f 883/883/883 876/876/876 884/884/884
f 906/906/906 903/903/903 907/907/907
f 924/924/924 915/915/915 925/925/925
f 927/927/927 921/921/921 928/928/928
f 929/929/929 923/923/923 930/930/930
f 944/944/944 939/939/939 943/943/943
f 948/948/948 945/945/945 949/949/949
f 957/957/957 954/954/954 958/958/958
f 989/989/989 980/980/980 988/988/988
f 990/990/990 981/981/981 989/989/989
f 991/991/991 982/982/982 990/990/990
f 993/993/993 984/984/984 992/992/992
f 1013/1013/1013 1008/1008/1008 1014/1014/1014
f 1061/1061/1061 1055/1055/1055 1062/1062/1062
f 1063/1063/1063 1057/1057/1057 1064/1064/1064
f 1078/1078/1078 1074/1074/1074 1077/1077/1077
f 1119/1119/1119 1109/1109/1109 1118/1118/1118
f 1122/1122/1122 1114/1114/1114 1121/1121/1121
f 1129/1129/1129 1126/1126/1126 1130/1130/1130
f 1145/1145/1145 1140/1140/1140 1146/1146/1146
f 1166/1166/1166 1157/1157/1157 1165/1165/1165
f 1167/1167/1167 1158/1158/1158 1166/1166/1166
f 1173/1173/1173 1169/1169/1169 1172/1172/1172
f 1174/1174/1174 1170/1170/1170 1175/1175/1175
f 1219/1219/1219 1216/1216/1216 1218/1218/1218
f 1261/1261/1261 1258/1258/1258 1260/1260/1260
f 1296/1296/1296 1292/1292/1292 1295/1295/1295
f 39/39/39 3/3/3 38/38/38
f 42/42/42 6/6/6 41/41/41
f 44/44/44 8/8/8 43/43/43
f 45/45/45 9/9/9 44/44/44
f 47/47/47 11/11/11 46/46/46
f 49/49/49 13/13/13 48/48/48
f 58/58/58 22/22/22 59/59/59
f 67/67/67 31/31/31 68/68/68
f 69/69/69 33/33/33 70/70/70
f 70/70/70 34/34/34 71/71/71
f 74/74/74 38/38/38 73/73/73
f 78/78/78 42/42/42 77/77/77
f 81/81/81 45/45/45 80/80/80
f 94/94/94 58/58/58 95/95/95
f 96/96/96 60/60/60 97/97/97
f 103/103/103 67/67/67 104/104/104
f 105/105/105 69/69/69 106/106/106
f 106/106/106 70/70/70 107/107/107
f 110/110/110 74/74/74 109/109/109
f 112/112/112 76/76/76 111/111/111
f 113/113/113 77/77/77 112/112/112
f 114/114/114 78/78/78 113/113/113
f 117/117/117 81/81/81 116/116/116
f 133/133/133 96/96/96 134/134/134
f 140/140/140 103/103/103 141/141/141
f 142/142/142 105/105/105 143/143/143
f 143/143/143 106/106/106 144/144/144
f 147/147/147 110/110/110 146/146/146
f 149/149/149 112/112/112 148/148/148
f 150/150/150 113/113/113 149/149/149
f 151/151/151 114/114/114 150/150/150
f 152/152/152 115/115/115 151/151/151
f 153/153/153 116/116/116 152/152/152
f 154/154/154 117/117/117 153/153/153
f 156/156/156 119/119/119 155/155/155
f 172/172/172 135/135/135 173/173/173
f 180/180/180 142/142/142 181/181/181
f 181/181/181 143/143/143 182/182/182
f 188/188/188 149/149/149 187/187/187
f 189/189/189 150/150/150 188/188/188
f 190/190/190 151/151/151 189/189/189
f 191/191/191 152/152/152 190/190/190
f 192/192/192 153/153/153 191/191/191
f 221/221/221 180/180/180 222/222/222
f 223/223/223 182/182/182 224/224/224
f 230/230/230 186/186/186 229/229/229
f 232/232/232 188/188/188 231/231/231
f 233/233/233 189/189/189 232/232/232
f 234/234/234 190/190/190 233/233/233
f 235/235/235 191/191/191 234/234/234
f 236/236/236 192/192/192 235/235/235
f 239/239/239 195/195/195 238/238/238
f 254/254/254 206/206/206 253/253/253
f 267/267/267 219/219/219 268/268/268
f 268/268/268 220/220/220 269/269/269
f 274/274/274 226/226/226 275/275/275
f 279/279/279 231/231/231 278/278/278
f 281/281/281 233/233/233 280/280/280
f 286/286/286 240/240/240 285/285/285
f 293/293/293 243/243/243 292/292/292
f 299/299/299 250/250/250 298/298/298
f 313/313/313 268/268/268 314/314/314
f 320/320/320 274/274/274 321/321/321
f 321/321/321 275/275/275 322/322/322
f 326/326/326 280/280/280 325/325/325
f 329/329/329 286/286/286 328/328/328
f 330/330/330 287/287/287 329/329/329
f 336/336/336 292/292/292 335/335/335
f 337/337/337 293/293/293 336/336/336
f 341/341/341 296/296/296 340/340/340
f 353/353/353 311/311/311 354/354/354
f 354/354/354 312/312/312 355/355/355
f 359/359/359 319/319/319 360/360/360
f 362/362/362 322/322/322 363/363/363
f 368/368/368 331/331/331 367/367/367
f 370/370/370 333/333/333 369/369/369
f 371/371/371 334/334/334 370/370/370
f 372/372/372 335/335/335 371/371/371
f 373/373/373 336/336/336 372/372/372
f 376/376/376 339/339/339 375/375/375
f 383/383/383 346/346/346 384/384/384
f 392/392/392 354/354/354 393/393/393
f 398/398/398 361/361/361 399/399/399
f 400/400/400 363/363/363 401/401/401
f 407/407/407 367/367/367 406/406/406
f 409/409/409 369/369/369 408/408/408
f 410/410/410 370/370/370 409/409/409
f 411/411/411 371/371/371 410/410/410
f 416/416/416 376/376/376 415/415/415
f 433/433/433 388/388/388 434/434/434
f 437/437/437 392/392/392 438/438/438
f 442/442/442 396/396/396 443/443/443
f 443/443/443 397/397/397 444/444/444
f 449/449/449 403/403/403 450/450/450
f 454/454/454 408/408/408 453/453/453
f 460/460/460 417/417/417 459/459/459
f 468/468/468 422/422/422 467/467/467
f 481/481/481 436/436/436 482/482/482
f 485/485/485 441/441/441 486/486/486
f 486/486/486 442/442/442 487/487/487
f 492/492/492 448/448/448 493/493/493
f 501/501/501 460/460/460 500/500/500
f 502/502/502 461/461/461 501/501/501
f 506/506/506 465/465/465 505/505/505
f 507/507/507 466/466/466 506/506/506
f 508/508/508 467/467/467 507/507/507
f 525/525/525 485/485/485 526/526/526
f 530/530/530 491/491/491 531/531/531
f 532/532/532 493/493/493 533/533/533
f 543/543/543 502/502/502 542/542/542
f 544/544/544 503/503/503 543/543/543
f 551/551/551 511/511/511 550/550/550
f 572/572/572 522/522/522 573/573/573
f 578/578/578 529/529/529 579/579/579
f 580/580/580 531/531/531 581/581/581
f 586/586/586 538/538/538 587/587/587
f 592/592/592 552/552/552 591/591/591
f 593/593/593 553/553/553 592/592/592
f 599/599/599 559/559/559 598/598/598
f 615/615/615 579/579/579 616/616/616
f 620/620/620 585/585/585 621/621/621
f 621/621/621 586/586/586 622/622/622
f 623/623/623 588/588/588 624/624/624
f 631/631/631 592/592/592 630/630/630
f 632/632/632 593/593/593 631/631/631
f 633/633/633 594/594/594 632/632/632
f 634/634/634 595/595/595 633/633/633
f 635/635/635 596/596/596 634/634/634
f 636/636/636 597/597/597 635/635/635
f 658/658/658 614/614/614 659/659/659
f 662/662/662 619/619/619 663/663/663
f 663/663/663 620/620/620 664/664/664
f 670/670/670 627/627/627 671/671/671
f 676/676/676 640/640/640 675/675/675
f 678/678/678 642/642/642 677/677/677
f 680/680/680 644/644/644 679/679/679
f 697/697/697 661/661/661 698/698/698
f 698/698/698 662/662/662 699/699/699
f 703/703/703 669/669/669 704/704/704
f 704/704/704 670/670/670 705/705/705
f 705/705/705 671/671/671 706/706/706
f 715/715/715 677/677/677 714/714/714
f 716/716/716 678/678/678 715/715/715
f 717/717/717 679/679/679 716/716/716
f 720/720/720 682/682/682 719/719/719
f 723/723/723 685/685/685 722/722/722
f 739/739/739 697/697/697 740/740/740
f 742/742/742 702/702/702 743/743/743
f 743/743/743 703/703/703 744/744/744
f 748/748/748 710/710/710 749/749/749
f 754/754/754 718/718/718 753/753/753
f 755/755/755 719/719/719 754/754/754
f 758/758/758 723/723/723 757/757/757
f 759/759/759 724/724/724 758/758/758
f 761/761/761 726/726/726 760/760/760
f 780/780/780 739/739/739 781/781/781
f 784/784/784 742/742/742 785/785/785
f 785/785/785 743/743/743 786/786/786
f 791/791/791 748/748/748 792/792/792
f 792/792/792 749/749/749 793/793/793
f 793/793/793 750/750/750 794/794/794
f 797/797/797 758/758/758 796/796/796
f 801/801/801 762/762/762 800/800/800
f 802/802/802 763/763/763 801/801/801
f 804/804/804 765/765/765 803/803/803
f 812/812/812 771/771/771 813/813/813
f 821/821/821 779/779/779 822/822/822
f 825/825/825 783/783/783 826/826/826
f 830/830/830 789/789/789 831/831/831
f 835/835/835 794/794/794 836/836/836
f 842/842/842 798/798/798 841/841/841
f 843/843/843 799/799/799 842/842/842
f 844/844/844 800/800/800 843/843/843
f 845/845/845 801/801/801 844/844/844
f 846/846/846 802/802/802 845/845/845
f 851/851/851 807/807/807 850/850/850
f 870/870/870 824/824/824 871/871/871
f 875/875/875 829/829/829 876/876/876
f 877/877/877 831/831/831 878/878/878
f 885/885/885 837/837/837 886/886/886
f 886/886/886 838/838/838 887/887/887
f 890/890/890 851/851/851 889/889/889
f 891/891/891 852/852/852 890/890/890
f 892/892/892 853/853/853 891/891/891
f 893/893/893 854/854/854 892/892/892
f 894/894/894 855/855/855 893/893/893
f 895/895/895 856/856/856 894/894/894
f 899/899/899 860/860/860 898/898/898
f 913/913/913 874/874/874 914/914/914
f 918/918/918 882/882/882 919/919/919
f 920/920/920 884/884/884 921/921/921
f 932/932/932 890/890/890 931/931/931
f 938/938/938 896/896/896 937/937/937
f 941/941/941 899/899/899 940/940/940
f 951/951/951 906/906/906 952/952/952
f 961/961/961 913/913/913 962/962/962
f 966/966/966 918/918/918 967/967/967
f 967/967/967 919/919/919 968/968/968
f 973/973/973 926/926/926 974/974/974
f 974/974/974 927/927/927 975/975/975
f 979/979/979 933/933/933 978/978/978
f 980/980/980 934/934/934 979/979/979
f 981/981/981 935/935/935 980/980/980
f 982/982/982 936/936/936 981/981/981
f 986/986/986 941/941/941 985/985/985
f 987/987/987 942/942/942 986/986/986
f 1006/1006/1006 960/960/960 1007/1007/1007
f 1010/1010/1010 965/965/965 1011/1011/1011
f 1015/1015/1015 971/971/971 1016/1016/1016
f 1016/1016/1016 972/972/972 1017/1017/1017
f 1018/1018/1018 974/974/974 1019/1019/1019
f 1019/1019/1019 975/975/975 1020/1020/1020
f 1025/1025/1025 988/988/988 1024/1024/1024
f 1026/1026/1026 989/989/989 1025/1025/1025
f 1027/1027/1027 990/990/990 1026/1026/1026
f 1028/1028/1028 991/991/991 1027/1027/1027
f 1031/1031/1031 994/994/994 1030/1030/1030
f 1033/1033/1033 996/996/996 1032/1032/1032
f 1043/1043/1043 1006/1006/1006 1044/1044/1044
f 1047/1047/1047 1010/1010/1010 1048/1048/1048
f 1049/1049/1049 1012/1012/1012 1050/1050/1050
f 1054/1054/1054 1016/1016/1016 1055/1055/1055
f 1056/1056/1056 1018/1018/1018 1057/1057/1057
f 1057/1057/1057 1019/1019/1019 1058/1058/1058
f 1058/1058/1058 1020/1020/1020 1059/1059/1059
f 1068/1068/1068 1025/1025/1025 1067/1067/1067
f 1073/1073/1073 1030/1030/1030 1072/1072/1072
f 1076/1076/1076 1033/1033/1033 1075/1075/1075
f 1090/1090/1090 1046/1046/1046 1091/1091/1091
f 1093/1093/1093 1050/1050/1050 1094/1094/1094
f 1095/1095/1095 1052/1052/1052 1096/1096/1096
f 1096/1096/1096 1053/1053/1053 1097/1097/1097
f 1101/1101/1101 1060/1060/1060 1102/1102/1102
f 1107/1107/1107 1066/1066/1066 1106/1106/1106
f 1108/1108/1108 1067/1067/1067 1107/1107/1107
f 1110/1110/1110 1069/1069/1069 1109/1109/1109
f 1113/1113/1113 1072/1072/1072 1112/1112/1112
f 1116/1116/1116 1076/1076/1076 1115/1115/1115
f 1136/1136/1136 1088/1088/1088 1137/1137/1137
f 1140/1140/1140 1092/1092/1092 1141/1141/1141
f 1142/1142/1142 1095/1095/1095 1143/1143/1143
f 1147/1147/1147 1100/1100/1100 1148/1148/1148
f 1154/1154/1154 1108/1108/1108 1153/1153/1153
f 1156/1156/1156 1111/1111/1111 1155/1155/1155
f 1157/1157/1157 1112/1112/1112 1156/1156/1156
f 1161/1161/1161 1117/1117/1117 1160/1160/1160
f 1164/1164/1164 1120/1120/1120 1163/1163/1163
f 1179/1179/1179 1132/1132/1132 1180/1180/1180
f 1185/1185/1185 1136/1136/1136 1186/1186/1186
f 1187/1187/1187 1138/1138/1138 1188/1188/1188
f 1192/1192/1192 1142/1142/1142 1193/1193/1193
f 1197/1197/1197 1147/1147/1147 1198/1198/1198
f 1199/1199/1199 1149/1149/1149 1200/1200/1200
f 1200/1200/1200 1150/1150/1150 1201/1201/1201
f 1207/1207/1207 1163/1163/1163 1206/1206/1206
f 1209/1209/1209 1165/1165/1165 1208/1208/1208
f 1210/1210/1210 1166/1166/1166 1209/1209/1209
f 1223/1223/1223 1181/1181/1181 1224/1224/1224
f 1225/1225/1225 1183/1183/1183 1226/1226/1226
f 1230/1230/1230 1189/1189/1189 1231/1231/1231
f 1232/1232/1232 1191/1191/1191 1233/1233/1233
f 1235/1235/1235 1194/1194/1194 1236/1236/1236
f 1237/1237/1237 1197/1197/1197 1238/1238/1238
f 1239/1239/1239 1199/1199/1199 1240/1240/1240
f 1241/1241/1241 1201/1201/1201 1242/1242/1242
f 1246/1246/1246 1206/1206/1206 1245/1245/1245
f 1247/1247/1247 1207/1207/1207 1246/1246/1246
f 1248/1248/1248 1208/1208/1208 1247/1247/1247
f 1251/1251/1251 1211/1211/1211 1250/1250/1250
f 1252/1252/1252 1212/1212/1212 1251/1251/1251
f 1254/1254/1254 1214/1214/1214 1253/1253/1253
f 1263/1263/1263 1223/1223/1223 1264/1264/1264
f 1267/1267/1267 1228/1228/1228 1268/1268/1268
f 1272/1272/1272 1233/1233/1233 1273/1273/1273
f 1274/1274/1274 1235/1235/1235 1275/1275/1275
f 1277/1277/1277 1237/1237/1237 1278/1278/1278
f 1279/1279/1279 1239/1239/1239 1280/1280/1280
f 1281/1281/1281 1241/1241/1241 1282/1282/1282
f 1286/1286/1286 1246/1246/1246 1285/1285/1285
f 1287/1287/1287 1247/1247/1247 1286/1286/1286
f 1288/1288/1288 1248/1248/1248 1287/1287/1287
f 1290/1290/1290 1250/1250/1250 1289/1289/1289
f 1291/1291/1291 1251/1251/1251 1290/1290/1290
f 1294/1294/1294 1254/1254/1254 1293/1293/1293
f 1309/1309/1309 1271/1271/1271 1310/1310/1310
f 1311/1311/1311 1274/1274/1274 1312/1312/1312
f 1313/1313/1313 1276/1276/1276 1314/1314/1314
f 1316/1316/1316 1279/1279/1279 1317/1317/1317
f 1317/1317/1317 1280/1280/1280 1318/1318/1318
f 1318/1318/1318 1281/1281/1281 1319/1319/1319
f 1321/1321/1321 1284/1284/1284 1320/1320/1320
f 1322/1322/1322 1285/1285/1285 1321/1321/1321
f 1325/1325/1325 1288/1288/1288 1324/1324/1324
f 1327/1327/1327 1290/1290/1290 1326/1326/1326
f 1330/1330/1330 1294/1294/1294 1329/1329/1329
f 1345/1345/1345 1309/1309/1309 1346/1346/1346
f 1347/1347/1347 1311/1311/1311 1348/1348/1348
f 1349/1349/1349 1313/1313/1313 1350/1350/1350
f 1352/1352/1352 1316/1316/1316 1353/1353/1353
f 1353/1353/1353 1317/1317/1317 1354/1354/1354
f 1354/1354/1354 1318/1318/1318 1355/1355/1355
f 1358/1358/1358 1322/1322/1322 1357/1357/1357
f 1361/1361/1361 1325/1325/1325 1360/1360/1360
f 1362/1362/1362 1326/1326/1326 1361/1361/1361
f 1366/1366/1366 1330/1330/1330 1365/1365/1365
f 1368/1368/1368 1332/1332/1332 1367/1367/1367
f 1377/1377/1377 1341/1341/1341 1378/1378/1378
f 1381/1381/1381 1345/1345/1345 1382/1382/1382
f 1385/1385/1385 1349/1349/1349 1386/1386/1386
f 1388/1388/1388 1352/1352/1352 1389/1389/1389
f 1389/1389/1389 1353/1353/1353 1390/1390/1390
f 1390/1390/1390 1354/1354/1354 1391/1391/1391
f 37/37/37 1/1/1 47/47/47
f 48/48/48 12/12/12 45/45/45
f 46/46/46 10/10/10 50/50/50
f 50/50/50 14/14/14 52/52/52
f 55/55/55 19/19/19 53/53/53
f 57/57/57 21/21/21 55/55/55
f 59/59/59 23/23/23 62/62/62
f 86/86/86 50/50/50 88/88/88
f 89/89/89 53/53/53 87/87/87
f 88/88/88 52/52/52 90/90/90
f 92/92/92 56/56/56 94/94/94
f 97/97/97 61/61/61 93/93/93
f 95/95/95 59/59/59 98/98/98
f 101/101/101 65/65/65 96/96/96
f 122/122/122 86/86/86 124/124/124
f 125/125/125 89/89/89 123/123/123
f 124/124/124 88/88/88 126/126/126
f 128/128/128 92/92/92 131/131/131
f 134/134/134 97/97/97 130/130/130
f 132/132/132 95/95/95 135/135/135
f 138/138/138 101/101/101 133/133/133
f 136/136/136 99/99/99 139/139/139
f 157/157/157 120/120/120 154/154/154
f 161/161/161 123/123/123 158/158/158
f 163/163/163 125/125/125 161/161/161
f 162/162/162 124/124/124 164/164/164
f 165/165/165 127/127/127 163/163/163
f 164/164/164 126/126/126 166/166/166
f 167/167/167 129/129/129 169/169/169
f 171/171/171 134/134/134 168/168/168
f 175/175/175 138/138/138 170/170/170
f 173/173/173 136/136/136 177/177/177
f 183/183/183 145/145/145 174/174/174
f 185/185/185 146/146/146 195/195/195
f 195/195/195 156/156/156 199/199/199
f 200/200/200 161/161/161 197/197/197
f 202/202/202 163/163/163 200/200/200
f 205/205/205 165/165/165 202/202/202
f 203/203/203 164/164/164 207/207/207
f 208/208/208 167/167/167 211/211/211
f 211/211/211 169/169/169 214/214/214
f 217/217/217 176/176/176 213/213/213
f 215/215/215 173/173/173 218/218/218
f 225/225/225 184/184/184 216/216/216
f 242/242/242 196/196/196 237/237/237
f 238/238/238 194/194/194 244/244/244
f 246/246/246 200/200/200 243/243/243
f 247/247/247 201/201/201 251/251/251
f 252/252/252 204/204/204 255/255/255
f 257/257/257 210/210/210 254/254/254
f 255/255/255 208/208/208 258/258/258
f 260/260/260 213/213/213 256/256/256
f 259/259/259 212/212/212 262/262/262
f 264/264/264 217/217/217 260/260/260
f 262/262/262 215/215/215 266/266/266
f 272/272/272 225/225/225 263/263/263
f 276/276/276 228/228/228 270/270/270
f 291/291/291 241/241/241 284/284/284
f 297/297/297 248/248/248 300/300/300
f 304/304/304 257/257/257 301/301/301
f 302/302/302 255/255/255 305/305/305
f 307/307/307 261/261/261 304/304/304
f 306/306/306 259/259/259 308/308/308
f 310/310/310 265/265/265 307/307/307
f 317/317/317 273/273/273 309/309/309
f 323/323/323 277/277/277 315/315/315
f 332/332/332 288/288/288 327/327/327
f 338/338/338 294/294/294 342/342/342
f 345/345/345 301/301/301 343/343/343
f 344/344/344 300/300/300 346/346/346
f 347/347/347 303/303/303 349/349/349
f 350/350/350 307/307/307 348/348/348
f 352/352/352 310/310/310 350/350/350
f 351/351/351 308/308/308 353/353/353
f 358/358/358 318/318/318 352/352/352
f 364/364/364 324/324/324 356/356/356
f 375/375/375 338/338/338 379/379/379
f 380/380/380 343/343/343 378/378/378
f 381/381/381 344/344/344 383/383/383
f 384/384/384 347/347/347 386/386/386
f 390/390/390 352/352/352 387/387/387
f 388/388/388 351/351/351 391/391/391
f 395/395/395 358/358/358 390/390/390
f 393/393/393 355/355/355 396/396/396
f 402/402/402 365/365/365 394/394/394
f 421/421/421 377/377/377 414/414/414
f 424/424/424 380/380/380 422/422/422
f 423/423/423 379/379/379 425/425/425
f 425/425/425 381/381/381 428/428/428
f 429/429/429 384/384/384 431/431/431
f 432/432/432 387/387/387 430/430/430
f 435/435/435 390/390/390 432/432/432
f 451/451/451 405/405/405 445/445/445
f 464/464/464 418/418/418 457/457/457
f 469/469/469 423/423/423 472/472/472
f 473/473/473 426/426/426 475/475/475
f 476/476/476 430/430/430 474/474/474
f 478/478/478 432/432/432 476/476/476
f 477/477/477 431/431/431 479/479/479
f 480/480/480 435/435/435 478/478/478
f 484/484/484 440/440/440 480/480/480
f 489/489/489 447/447/447 483/483/483
f 496/496/496 452/452/452 488/488/488
f 513/513/513 471/471/471 509/509/509
f 510/510/510 470/470/470 514/514/514
f 517/517/517 476/476/476 515/515/515
f 528/528/528 490/490/490 524/524/524
f 536/536/536 497/497/497 527/527/527
f 540/540/540 499/499/499 534/534/534
f 558/558/558 512/512/512 549/549/549
f 562/562/562 515/515/515 559/559/559
f 574/574/574 524/524/524 571/571/571
f 573/573/573 523/523/523 576/576/576
f 577/577/577 528/528/528 574/574/574
f 576/576/576 525/525/525 578/578/578
f 584/584/584 537/537/537 577/577/577
f 589/589/589 541/541/541 582/582/582
f 606/606/606 570/570/570 609/609/609
f 613/613/613 577/577/577 610/610/610
f 618/618/618 584/584/584 613/613/613
f 625/625/625 590/590/590 617/617/617
f 639/639/639 600/600/600 648/648/648
f 649/649/649 603/603/603 647/647/647
f 648/648/648 602/602/602 650/650/650
f 651/651/651 605/605/605 649/649/649
f 650/650/650 604/604/604 652/652/652
f 653/653/653 607/607/607 651/651/651
f 652/652/652 606/606/606 654/654/654
f 657/657/657 613/613/613 655/655/655
f 660/660/660 618/618/618 657/657/657
f 668/668/668 626/626/626 660/660/660
f 672/672/672 629/629/629 665/665/665
f 686/686/686 649/649/649 683/683/683
f 684/684/684 648/648/648 687/687/687
f 687/687/687 650/650/650 689/689/689
f 690/690/690 653/653/653 688/688/688
f 692/692/692 655/655/655 690/690/690
f 693/693/693 656/656/656 695/695/695
f 701/701/701 668/668/668 696/696/696
f 708/708/708 674/674/674 700/700/700
f 722/722/722 684/684/684 729/729/729
f 729/729/729 687/687/687 731/731/731
f 732/732/732 690/690/690 730/730/730
f 731/731/731 689/689/689 733/733/733
f 735/735/735 693/693/693 737/737/737
f 737/737/737 695/695/695 739/739/739
f 747/747/747 709/709/709 741/741/741
f 751/751/751 713/713/713 745/745/745
f 764/764/764 727/727/727 756/756/756
f 757/757/757 722/722/722 766/766/766
f 767/767/767 730/730/730 765/765/765
f 773/773/773 734/734/734 770/770/770
f 772/772/772 733/733/733 774/774/774
f 774/774/774 735/735/735 777/777/777
f 778/778/778 738/738/738 775/775/775
f 782/782/782 741/741/741 778/778/778
f 788/788/788 747/747/747 782/782/782
f 795/795/795 752/752/752 787/787/787
f 808/808/808 767/767/767 804/804/804
f 806/806/806 766/766/766 810/810/810
f 809/809/809 768/768/768 812/812/812
f 817/817/817 775/775/775 814/814/814
f 816/816/816 774/774/774 819/819/819
f 820/820/820 778/778/778 817/817/817
f 836/836/836 795/795/795 827/827/827
f 858/858/858 808/808/808 848/848/848
f 849/849/849 805/805/805 859/859/859
f 859/859/859 809/809/809 862/862/862
f 865/865/865 817/817/817 863/863/863
f 864/864/864 815/815/815 866/866/866
f 867/867/867 820/820/820 865/865/865
f 866/866/866 818/818/818 868/868/868
f 880/880/880 836/836/836 872/872/872
f 888/888/888 840/840/840 879/879/879
f 900/900/900 861/861/861 897/897/897
f 902/902/902 863/863/863 900/900/900
f 907/907/907 866/866/866 909/909/909
f 909/909/909 868/868/868 911/911/911
f 917/917/917 881/881/881 912/912/912
f 924/924/924 888/888/888 915/915/915
f 944/944/944 900/900/900 939/939/939
f 946/946/946 901/901/901 949/949/949
f 948/948/948 903/903/903 951/951/951
f 970/970/970 925/925/925 963/963/963
f 977/977/977 930/930/930 969/969/969
f 993/993/993 943/943/943 984/984/984
f 985/985/985 940/940/940 996/996/996
f 997/997/997 947/947/947 994/994/994
f 995/995/995 945/945/945 998/998/998
f 998/998/998 948/948/948 1000/1000/1000
f 1001/1001/1001 953/953/953 999/999/999
f 1003/1003/1003 956/956/956 1001/1001/1001
f 1005/1005/1005 959/959/959 1003/1003/1003
f 1009/1009/1009 964/964/964 1005/1005/1005
f 1013/1013/1013 970/970/970 1008/1008/1008
f 1022/1022/1022 985/985/985 1033/1033/1033
f 1034/1034/1034 997/997/997 1031/1031/1031
f 1040/1040/1040 1003/1003/1003 1038/1038/1038
f 1039/1039/1039 1002/1002/1002 1041/1041/1041
f 1042/1042/1042 1005/1005/1005 1040/1040/1040
f 1051/1051/1051 1014/1014/1014 1045/1045/1045
f 1065/1065/1065 1022/1022/1022 1076/1076/1076
f 1078/1078/1078 1034/1034/1034 1074/1074/1074
f 1081/1081/1081 1037/1037/1037 1083/1083/1083
f 1084/1084/1084 1040/1040/1040 1082/1082/1082
f 1083/1083/1083 1039/1039/1039 1085/1085/1085
f 1086/1086/1086 1042/1042/1042 1084/1084/1084
f 1085/1085/1085 1041/1041/1041 1087/1087/1087
f 1089/1089/1089 1045/1045/1045 1086/1086/1086
f 1099/1099/1099 1059/1059/1059 1092/1092/1092
f 1105/1105/1105 1064/1064/1064 1098/1098/1098
f 1122/1122/1122 1077/1077/1077 1114/1114/1114
f 1125/1125/1125 1080/1080/1080 1123/1123/1123
f 1128/1128/1128 1082/1082/1082 1125/1125/1125
f 1127/1127/1127 1081/1081/1081 1130/1130/1130
f 1131/1131/1131 1084/1084/1084 1128/1128/1128
f 1133/1133/1133 1085/1085/1085 1135/1135/1135
f 1145/1145/1145 1099/1099/1099 1140/1140/1140
f 1162/1162/1162 1118/1118/1118 1154/1154/1154
f 1167/1167/1167 1121/1121/1121 1158/1158/1158
f 1173/1173/1173 1125/1125/1125 1169/1169/1169
f 1171/1171/1171 1124/1124/1124 1175/1175/1175
f 1174/1174/1174 1126/1126/1126 1177/1177/1177
f 1182/1182/1182 1134/1134/1134 1178/1178/1178
f 1184/1184/1184 1135/1135/1135 1187/1187/1187
f 1196/1196/1196 1146/1146/1146 1190/1190/1190
f 1193/1193/1193 1143/1143/1143 1197/1197/1197
f 1203/1203/1203 1159/1159/1159 1214/1214/1214
f 1215/1215/1215 1172/1172/1172 1212/1212/1212
f 1213/1213/1213 1170/1170/1170 1217/1217/1217
f 1219/1219/1219 1176/1176/1176 1216/1216/1216
f 1217/1217/1217 1174/1174/1174 1220/1220/1220
f 1234/1234/1234 1193/1193/1193 1237/1237/1237
f 1242/1242/1242 1202/1202/1202 1235/1235/1235
f 1243/1243/1243 1203/1203/1203 1254/1254/1254
f 1253/1253/1253 1213/1213/1213 1256/1256/1256
f 1257/1257/1257 1218/1218/1218 1255/1255/1255
f 1261/1261/1261 1221/1221/1221 1258/1258/1258
f 1259/1259/1259 1220/1220/1220 1262/1262/1262
f 1270/1270/1270 1231/1231/1231 1266/1266/1266
f 1282/1282/1282 1242/1242/1242 1274/1274/1274
f 1283/1283/1283 1243/1243/1243 1294/1294/1294
f 1296/1296/1296 1255/1255/1255 1292/1292/1292
f 1293/1293/1293 1253/1253/1253 1297/1297/1297
f 1300/1300/1300 1260/1260/1260 1298/1298/1298
f 1299/1299/1299 1259/1259/1259 1301/1301/1301
f 1301/1301/1301 1262/1262/1262 1303/1303/1303
f 1304/1304/1304 1266/1266/1266 1302/1302/1302
f 1319/1319/1319 1282/1282/1282 1311/1311/1311
f 1320/1320/1320 1283/1283/1283 1330/1330/1330
f 1331/1331/1331 1295/1295/1295 1328/1328/1328
f 1329/1329/1329 1293/1293/1293 1333/1333/1333
f 1334/1334/1334 1298/1298/1298 1332/1332/1332
f 1338/1338/1338 1302/1302/1302 1336/1336/1336
f 1337/1337/1337 1301/1301/1301 1339/1339/1339
f 1340/1340/1340 1304/1304/1304 1338/1338/1338
f 1346/1346/1346 1310/1310/1310 1349/1349/1349
f 1356/1356/1356 1320/1320/1320 1366/1366/1366
f 1367/1367/1367 1331/1331/1331 1364/1364/1364
f 1365/1365/1365 1329/1329/1329 1369/1369/1369
f 1370/1370/1370 1334/1334/1334 1368/1368/1368
f 1371/1371/1371 1335/1335/1335 1373/1373/1373
f 1374/1374/1374 1338/1338/1338 1372/1372/1372
f 1373/1373/1373 1337/1337/1337 1375/1375/1375
f 1376/1376/1376 1340/1340/1340 1374/1374/1374
f 1375/1375/1375 1339/1339/1339 1377/1377/1377
f 1378/1378/1378 1342/1342/1342 1381/1381/1381
f 1382/1382/1382 1346/1346/1346 1385/1385/1385
f 160/160/160 155/155/155 159/159/159
f 226/226/226 222/222/222 227/227/227
f 240/240/240 229/229/229 239/239/239
f 245/245/245 238/238/238 244/244/244
f 253/253/253 250/250/250 254/254/254
f 287/287/287 278/278/278 286/286/286
f 290/290/290 282/282/282 289/289/289
f 298/298/298 296/296/296 299/299/299
f 319/319/319 314/314/314 320/320/320
f 331/331/331 325/325/325 330/330/330
f 339/339/339 328/328/328 338/338/338
f 403/403/403 399/399/399 404/404/404
f 417/417/417 406/406/406 416/416/416
f 420/420/420 412/412/412 419/419/419
f 436/436/436 434/434/434 437/437/437
f 441/441/441 438/438/438 442/442/442
f 448/448/448 444/444/444 449/449/449
f 461/461/461 453/453/453 460/460/460
f 463/463/463 455/455/455 462/462/462
f 470/470/470 458/458/458 469/469/469
f 491/491/491 487/487/487 492/492/492
f 511/511/511 500/500/500 510/510/510
f 529/529/529 526/526/526 530/530/530
f 538/538/538 533/533/533 539/539/539
f 552/552/552 542/542/542 551/551/551
f 555/555/555 545/545/545 554/554/554
f 556/556/556 546/546/546 555/555/555
f 557/557/557 547/547/547 556/556/556
f 561/561/561 550/550/550 560/560/560
f 573/573/573 569/569/569 572/572/572
f 575/575/575 573/573/573 576/576/576
f 585/585/585 581/581/581 586/586/586
f 619/619/619 616/616/616 620/620/620
f 627/627/627 622/622/622 628/628/628
f 640/640/640 630/630/630 639/639/639
f 646/646/646 636/636/636 645/645/645
f 647/647/647 637/637/637 646/646/646
f 661/661/661 659/659/659 662/662/662
f 669/669/669 664/664/664 670/670/670
f 685/685/685 675/675/675 684/684/684
f 702/702/702 699/699/699 703/703/703
f 710/710/710 705/705/705 711/711/711
f 711/711/711 706/706/706 712/712/712
f 724/724/724 714/714/714 723/723/723
f 726/726/726 716/716/716 725/725/725
f 762/762/762 753/753/753 761/761/761
f 779/779/779 777/777/777 780/780/780
f 783/783/783 781/781/781 784/784/784
f 789/789/789 785/785/785 790/790/790
f 790/790/790 786/786/786 791/791/791
f 807/807/807 796/796/796 806/806/806
f 815/815/815 813/813/813 816/816/816
f 824/824/824 822/822/822 825/825/825
f 829/829/829 826/826/826 830/830/830
f 837/837/837 833/833/833 838/838/838
f 852/852/852 841/841/841 851/851/851
f 857/857/857 846/846/846 856/856/856
f 860/860/860 849/849/849 859/859/859
f 874/874/874 871/871/871 875/875/875
f 882/882/882 876/876/876 883/883/883
f 884/884/884 878/878/878 885/885/885
f 926/926/926 921/921/921 927/927/927
f 928/928/928 923/923/923 929/929/929
f 942/942/942 931/931/931 941/941/941
f 954/954/954 952/952/952 955/955/955
f 960/960/960 958/958/958 961/961/961
f 965/965/965 962/962/962 966/966/966
f 971/971/971 967/967/967 972/972/972
f 972/972/972 968/968/968 973/973/973
f 988/988/988 978/978/978 987/987/987
f 992/992/992 982/982/982 991/991/991
f 1046/1046/1046 1044/1044/1044 1047/1047/1047
f 1052/1052/1052 1048/1048/1048 1053/1053/1053
f 1060/1060/1060 1055/1055/1055 1061/1061/1061
f 1062/1062/1062 1057/1057/1057 1063/1063/1063
f 1094/1094/1094 1088/1088/1088 1093/1093/1093
f 1100/1100/1100 1097/1097/1097 1101/1101/1101
f 1117/1117/1117 1106/1106/1106 1116/1116/1116
f 1120/1120/1120 1109/1109/1109 1119/1119/1119
f 1132/1132/1132 1130/1130/1130 1133/1133/1133
f 1162/1162/1162 1153/1153/1153 1161/1161/1161
f 1165/1165/1165 1155/1155/1155 1164/1164/1164
f 1183/1183/1183 1180/1180/1180 1184/1184/1184
f 1186/1186/1186 1181/1181/1181 1185/1185/1185
f 1191/1191/1191 1188/1188/1188 1192/1192/1192
f 1196/1196/1196 1189/1189/1189 1195/1195/1195
f 1228/1228/1228 1226/1226/1226 1229/1229/1229
f 1264/1264/1264 1260/1260/1260 1263/1263/1263
f 1276/1276/1276 1273/1273/1273 1277/1277/1277
f 38/38/38 1/1/1 37/37/37
f 40/40/40 3/3/3 39/39/39
f 41/41/41 4/4/4 40/40/40
f 43/43/43 6/6/6 42/42/42
f 60/60/60 25/25/25 61/61/61
f 62/62/62 27/27/27 63/63/63
f 64/64/64 29/29/29 65/65/65
f 66/66/66 31/31/31 67/67/67
f 68/68/68 33/33/33 69/69/69
f 71/71/71 36/36/36 72/72/72
f 75/75/75 38/38/38 74/74/74
f 76/76/76 39/39/39 75/75/75
f 77/77/77 40/40/40 76/76/76
f 79/79/79 42/42/42 78/78/78
f 80/80/80 43/43/43 79/79/79
f 83/83/83 46/46/46 82/82/82
f 85/85/85 48/48/48 84/84/84
f 98/98/98 63/63/63 99/99/99
f 100/100/100 65/65/65 101/101/101
f 102/102/102 67/67/67 103/103/103
f 104/104/104 69/69/69 105/105/105
f 107/107/107 72/72/72 108/108/108
f 111/111/111 74/74/74 110/110/110
f 115/115/115 78/78/78 114/114/114
f 116/116/116 79/79/79 115/115/115
f 119/119/119 82/82/82 118/118/118
f 121/121/121 84/84/84 120/120/120
f 131/131/131 95/95/95 132/132/132
f 135/135/135 99/99/99 136/136/136
f 137/137/137 101/101/101 138/138/138
f 139/139/139 103/103/103 140/140/140
f 141/141/141 105/105/105 142/142/142
f 144/144/144 108/108/108 145/145/145
f 148/148/148 110/110/110 147/147/147
f 158/158/158 120/120/120 157/157/157
f 166/166/166 129/129/129 167/167/167
f 170/170/170 134/134/134 171/171/171
f 174/174/174 138/138/138 175/175/175
f 177/177/177 140/140/140 178/178/178
f 178/178/178 141/141/141 179/179/179
f 179/179/179 142/142/142 180/180/180
f 182/182/182 145/145/145 183/183/183
f 186/186/186 146/146/146 185/185/185
f 187/187/187 147/147/147 186/186/186
f 193/193/193 153/153/153 192/192/192
f 197/197/197 157/157/157 196/196/196
f 199/199/199 159/159/159 198/198/198
f 207/207/207 167/167/167 208/208/208
f 214/214/214 173/173/173 215/215/215
f 216/216/216 176/176/176 217/217/217
f 218/218/218 178/178/178 219/219/219
f 219/219/219 179/179/179 220/220/220
f 220/220/220 180/180/180 221/221/221
f 222/222/222 182/182/182 223/223/223
f 224/224/224 184/184/184 225/225/225
f 231/231/231 186/186/186 230/230/230
f 237/237/237 192/192/192 236/236/236
f 243/243/243 196/196/196 242/242/242
f 251/251/251 204/204/204 252/252/252
f 256/256/256 210/210/210 257/257/257
f 258/258/258 212/212/212 259/259/259
f 263/263/263 217/217/217 264/264/264
f 266/266/266 219/219/219 267/267/267
f 270/270/270 224/224/224 271/271/271
f 271/271/271 225/225/225 272/272/272
f 275/275/275 228/228/228 276/276/276
f 280/280/280 231/231/231 279/279/279
f 282/282/282 233/233/233 281/281/281
f 283/283/283 234/234/234 282/282/282
f 284/284/284 235/235/235 283/283/283
f 292/292/292 241/241/241 291/291/291
f 305/305/305 259/259/259 306/306/306
f 309/309/309 265/265/265 310/310/310
f 311/311/311 267/267/267 312/312/312
f 312/312/312 268/268/268 313/313/313
f 315/315/315 272/272/272 316/316/316
f 316/316/316 273/273/273 317/317/317
f 322/322/322 277/277/277 323/323/323
f 327/327/327 280/280/280 326/326/326
f 333/333/333 288/288/288 332/332/332
f 334/334/334 289/289/289 333/333/333
f 335/335/335 290/290/290 334/334/334
f 346/346/346 303/303/303 347/347/347
f 356/356/356 317/317/317 357/357/357
f 357/357/357 318/318/318 358/358/358
f 360/360/360 321/321/321 361/361/361
f 361/361/361 322/322/322 362/362/362
f 363/363/363 324/324/324 364/364/364
f 367/367/367 329/329/329 366/366/366
f 369/369/369 331/331/331 368/368/368
f 374/374/374 336/336/336 373/373/373
f 378/378/378 340/340/340 377/377/377
f 391/391/391 354/354/354 392/392/392
f 394/394/394 358/358/358 395/395/395
f 396/396/396 360/360/360 397/397/397
f 397/397/397 361/361/361 398/398/398
f 399/399/399 363/363/363 400/400/400
f 401/401/401 365/365/365 402/402/402
f 408/408/408 367/367/367 407/407/407
f 412/412/412 371/371/371 411/411/411
f 413/413/413 372/372/372 412/412/412
f 414/414/414 373/373/373 413/413/413
f 422/422/422 377/377/377 421/421/421
f 428/428/428 384/384/384 429/429/429
f 439/439/439 395/395/395 440/440/440
f 445/445/445 401/401/401 446/446/446
f 446/446/446 402/402/402 447/447/447
f 450/450/450 405/405/405 451/451/451
f 455/455/455 408/408/408 454/454/454
f 456/456/456 409/409/409 455/455/455
f 457/457/457 410/410/410 456/456/456
f 459/459/459 415/415/415 458/458/458
f 465/465/465 418/418/418 464/464/464
f 466/466/466 419/419/419 465/465/465
f 467/467/467 420/420/420 466/466/466
f 472/472/472 426/426/426 473/473/473
f 483/483/483 440/440/440 484/484/484
f 488/488/488 447/447/447 489/489/489
f 493/493/493 450/450/450 494/494/494
f 494/494/494 451/451/451 495/495/495
f 495/495/495 452/452/452 496/496/496
f 503/503/503 461/461/461 502/502/502
f 504/504/504 462/462/462 503/503/503
f 505/505/505 463/463/463 504/504/504
f 509/509/509 467/467/467 508/508/508
f 522/522/522 482/482/482 523/523/523
f 527/527/527 490/490/490 528/528/528
f 531/531/531 493/493/493 532/532/532
f 534/534/534 496/496/496 535/535/535
f 535/535/535 497/497/497 536/536/536
f 539/539/539 499/499/499 540/540/540
f 545/545/545 503/503/503 544/544/544
f 546/546/546 504/504/504 545/545/545
f 547/547/547 505/505/505 546/546/546
f 548/548/548 506/506/506 547/547/547
f 549/549/549 507/507/507 548/548/548
f 559/559/559 512/512/512 558/558/558
f 579/579/579 531/531/531 580/580/580
f 582/582/582 536/536/536 583/583/583
f 583/583/583 537/537/537 584/584/584
f 587/587/587 540/540/540 588/588/588
f 588/588/588 541/541/541 589/589/589
f 594/594/594 553/553/553 593/593/593
f 595/595/595 554/554/554 594/594/594
f 596/596/596 555/555/555 595/595/595
f 597/597/597 556/556/556 596/596/596
f 598/598/598 557/557/557 597/597/597
f 608/608/608 573/573/573 609/609/609
f 611/611/611 576/576/576 612/612/612
f 614/614/614 579/579/579 615/615/615
f 617/617/617 584/584/584 618/618/618
f 622/622/622 588/588/588 623/623/623
f 624/624/624 590/590/590 625/625/625
f 637/637/637 597/597/597 636/636/636
f 638/638/638 598/598/598 637/637/637
f 665/665/665 624/624/624 666/666/666
f 666/666/666 625/625/625 667/667/667
f 667/667/667 626/626/626 668/668/668
f 671/671/671 629/629/629 672/672/672
f 677/677/677 640/640/640 676/676/676
f 679/679/679 642/642/642 678/678/678
f 681/681/681 644/644/644 680/680/680
f 682/682/682 645/645/645 681/681/681
f 683/683/683 646/646/646 682/682/682
f 700/700/700 668/668/668 701/701/701
f 706/706/706 673/673/673 707/707/707
f 707/707/707 674/674/674 708/708/708
f 718/718/718 679/679/679 717/717/717
f 719/719/719 680/680/680 718/718/718
f 721/721/721 682/682/682 720/720/720
f 745/745/745 708/708/708 746/746/746
f 746/746/746 709/709/709 747/747/747
f 749/749/749 712/712/712 750/750/750
f 750/750/750 713/713/713 751/751/751
f 756/756/756 719/719/719 755/755/755
f 760/760/760 724/724/724 759/759/759
f 765/765/765 727/727/727 764/764/764
f 787/787/787 747/747/747 788/788/788
f 794/794/794 752/752/752 795/795/795
f 798/798/798 758/758/758 797/797/797
f 799/799/799 759/759/759 798/798/798
f 800/800/800 760/760/760 799/799/799
f 803/803/803 763/763/763 802/802/802
f 810/810/810 768/768/768 809/809/809
f 819/819/819 776/776/776 818/818/818
f 827/827/827 788/788/788 828/828/828
f 831/831/831 791/791/791 832/832/832
f 832/832/832 792/792/792 833/833/833
f 833/833/833 793/793/793 834/834/834
f 834/834/834 794/794/794 835/835/835
f 847/847/847 802/802/802 846/846/846
f 848/848/848 803/803/803 847/847/847
f 850/850/850 805/805/805 849/849/849
f 872/872/872 828/828/828 873/873/873
f 876/876/876 831/831/831 877/877/877
f 879/879/879 836/836/836 880/880/880
f 887/887/887 840/840/840 888/888/888
f 896/896/896 856/856/856 895/895/895
f 897/897/897 857/857/857 896/896/896
f 915/915/915 880/880/880 916/916/916
f 916/916/916 881/881/881 917/917/917
f 919/919/919 884/884/884 920/920/920
f 921/921/921 886/886/886 922/922/922
f 922/922/922 887/887/887 923/923/923
f 923/923/923 888/888/888 924/924/924
f 933/933/933 890/890/890 932/932/932
f 934/934/934 891/891/891 933/933/933
f 935/935/935 892/892/892 934/934/934
f 936/936/936 893/893/893 935/935/935
f 937/937/937 894/894/894 936/936/936
f 939/939/939 896/896/896 938/938/938
f 949/949/949 903/903/903 948/948/948
f 963/963/963 917/917/917 964/964/964
f 969/969/969 925/925/925 970/970/970
f 975/975/975 929/929/929 976/976/976
f 976/976/976 930/930/930 977/977/977
f 983/983/983 936/936/936 982/982/982
f 984/984/984 937/937/937 983/983/983
f 994/994/994 943/943/943 993/993/993
f 996/996/996 945/945/945 995/995/995
f 1008/1008/1008 964/964/964 1009/1009/1009
f 1012/1012/1012 970/970/970 1013/1013/1013
f 1017/1017/1017 974/974/974 1018/1018/1018
f 1020/1020/1020 977/977/977 1021/1021/1021
f 1023/1023/1023 985/985/985 1022/1022/1022
f 1024/1024/1024 986/986/986 1023/1023/1023
f 1029/1029/1029 991/991/991 1028/1028/1028
f 1030/1030/1030 992/992/992 1029/1029/1029
f 1050/1050/1050 1014/1014/1014 1051/1051/1051
f 1053/1053/1053 1016/1016/1016 1054/1054/1054
f 1055/1055/1055 1018/1018/1018 1056/1056/1056
f 1066/1066/1066 1022/1022/1022 1065/1065/1065
f 1067/1067/1067 1023/1023/1023 1066/1066/1066
f 1069/1069/1069 1025/1025/1025 1068/1068/1068
f 1070/1070/1070 1026/1026/1026 1069/1069/1069
f 1071/1071/1071 1027/1027/1027 1070/1070/1070
f 1072/1072/1072 1028/1028/1028 1071/1071/1071
f 1074/1074/1074 1030/1030/1030 1073/1073/1073
f 1092/1092/1092 1050/1050/1050 1093/1093/1093
f 1098/1098/1098 1059/1059/1059 1099/1099/1099
f 1102/1102/1102 1062/1062/1062 1103/1103/1103
f 1103/1103/1103 1063/1063/1063 1104/1104/1104
f 1104/1104/1104 1064/1064/1064 1105/1105/1105
f 1109/1109/1109 1067/1067/1067 1108/1108/1108
f 1111/1111/1111 1069/1069/1069 1110/1110/1110
f 1112/1112/1112 1070/1070/1070 1111/1111/1111
f 1114/1114/1114 1072/1072/1072 1113/1113/1113
f 1123/1123/1123 1077/1077/1077 1122/1122/1122
f 1138/1138/1138 1091/1091/1091 1139/1139/1139
f 1144/1144/1144 1099/1099/1099 1145/1145/1145
f 1148/1148/1148 1102/1102/1102 1149/1149/1149
f 1149/1149/1149 1103/1103/1103 1150/1150/1150
f 1150/1150/1150 1104/1104/1104 1151/1151/1151
f 1151/1151/1151 1105/1105/1105 1152/1152/1152
f 1158/1158/1158 1112/1112/1112 1157/1157/1157
f 1160/1160/1160 1115/1115/1115 1159/1159/1159
f 1163/1163/1163 1118/1118/1118 1162/1162/1162
f 1168/1168/1168 1121/1121/1121 1167/1167/1167
f 1169/1169/1169 1122/1122/1122 1168/1168/1168
f 1175/1175/1175 1126/1126/1126 1174/1174/1174
f 1194/1194/1194 1145/1145/1145 1195/1195/1195
f 1195/1195/1195 1146/1146/1146 1196/1196/1196
f 1198/1198/1198 1149/1149/1149 1199/1199/1199
f 1201/1201/1201 1152/1152/1152 1202/1202/1202
f 1204/1204/1204 1159/1159/1159 1203/1203/1203
f 1205/1205/1205 1160/1160/1160 1204/1204/1204
f 1206/1206/1206 1161/1161/1161 1205/1205/1205
f 1208/1208/1208 1163/1163/1163 1207/1207/1207
f 1211/1211/1211 1166/1166/1166 1210/1210/1210
f 1212/1212/1212 1167/1167/1167 1211/1211/1211
f 1214/1214/1214 1170/1170/1170 1213/1213/1213
f 1216/1216/1216 1172/1172/1172 1215/1215/1215
f 1233/1233/1233 1193/1193/1193 1234/1234/1234
f 1238/1238/1238 1199/1199/1199 1239/1239/1239
f 1240/1240/1240 1201/1201/1201 1241/1241/1241
f 1244/1244/1244 1203/1203/1203 1243/1243/1243
f 1245/1245/1245 1204/1204/1204 1244/1244/1244
f 1249/1249/1249 1208/1208/1208 1248/1248/1248
f 1250/1250/1250 1209/1209/1209 1249/1249/1249
f 1258/1258/1258 1218/1218/1218 1257/1257/1257
f 1269/1269/1269 1231/1231/1231 1270/1270/1270
f 1271/1271/1271 1233/1233/1233 1272/1272/1272
f 1278/1278/1278 1239/1239/1239 1279/1279/1279
f 1280/1280/1280 1241/1241/1241 1281/1281/1281
f 1284/1284/1284 1243/1243/1243 1283/1283/1283
f 1285/1285/1285 1244/1244/1244 1284/1284/1284
f 1289/1289/1289 1248/1248/1248 1288/1288/1288
f 1292/1292/1292 1251/1251/1251 1291/1291/1291
f 1305/1305/1305 1268/1268/1268 1306/1306/1306
f 1307/1307/1307 1270/1270/1270 1308/1308/1308
f 1314/1314/1314 1278/1278/1278 1315/1315/1315
f 1315/1315/1315 1279/1279/1279 1316/1316/1316
f 1323/1323/1323 1285/1285/1285 1322/1322/1322
f 1324/1324/1324 1286/1286/1286 1323/1323/1323
f 1326/1326/1326 1288/1288/1288 1325/1325/1325
f 1328/1328/1328 1290/1290/1290 1327/1327/1327
f 1332/1332/1332 1295/1295/1295 1331/1331/1331
f 1341/1341/1341 1306/1306/1306 1342/1342/1342
f 1343/1343/1343 1308/1308/1308 1344/1344/1344
f 1350/1350/1350 1315/1315/1315 1351/1351/1351
f 1351/1351/1351 1316/1316/1316 1352/1352/1352
f 1357/1357/1357 1320/1320/1320 1356/1356/1356
f 1359/1359/1359 1322/1322/1322 1358/1358/1358
f 1360/1360/1360 1323/1323/1323 1359/1359/1359
f 1363/1363/1363 1326/1326/1326 1362/1362/1362
f 1364/1364/1364 1327/1327/1327 1363/1363/1363
f 1379/1379/1379 1344/1344/1344 1380/1380/1380
f 1383/1383/1383 1348/1348/1348 1384/1384/1384
f 1386/1386/1386 1351/1351/1351 1387/1387/1387
f 1387/1387/1387 1352/1352/1352 1388/1388/1388
f 51/51/51 13/13/13 49/49/49
f 53/53/53 15/15/15 51/51/51
f 52/52/52 18/18/18 54/54/54
f 54/54/54 20/20/20 56/56/56
f 56/56/56 22/22/22 58/58/58
f 61/61/61 21/21/21 57/57/57
f 65/65/65 24/24/24 60/60/60
f 63/63/63 30/30/30 66/66/66
f 72/72/72 28/28/28 64/64/64
f 73/73/73 47/47/47 83/83/83
f 84/84/84 45/45/45 81/81/81
f 82/82/82 50/50/50 86/86/86
f 87/87/87 49/49/49 85/85/85
f 91/91/91 53/53/53 89/89/89
f 90/90/90 56/56/56 92/92/92
f 93/93/93 55/55/55 91/91/91
f 99/99/99 66/66/66 102/102/102
f 108/108/108 64/64/64 100/100/100
f 109/109/109 83/83/83 119/119/119
f 120/120/120 81/81/81 117/117/117
f 118/118/118 86/86/86 122/122/122
f 123/123/123 85/85/85 121/121/121
f 127/127/127 89/89/89 125/125/125
f 126/126/126 92/92/92 128/128/128
f 130/130/130 91/91/91 127/127/127
f 145/145/145 100/100/100 137/137/137
f 146/146/146 119/119/119 156/156/156
f 155/155/155 122/122/122 159/159/159
f 159/159/159 124/124/124 162/162/162
f 168/168/168 127/127/127 165/165/165
f 169/169/169 135/135/135 172/172/172
f 196/196/196 154/154/154 193/193/193
f 198/198/198 162/162/162 201/201/201
f 201/201/201 164/164/164 203/203/203
f 209/209/209 165/165/165 205/205/205
f 213/213/213 168/168/168 209/209/209
f 229/229/229 195/195/195 239/239/239
f 244/244/244 201/201/201 247/247/247
f 249/249/249 200/200/200 246/246/246
f 253/253/253 202/202/202 249/249/249
f 269/269/269 226/226/226 274/274/274
f 278/278/278 240/240/240 286/286/286
f 285/285/285 245/245/245 294/294/294
f 295/295/295 243/243/243 293/293/293
f 294/294/294 248/248/248 297/297/297
f 298/298/298 246/246/246 295/295/295
f 301/301/301 250/250/250 299/299/299
f 300/300/300 255/255/255 302/302/302
f 308/308/308 266/266/266 311/311/311
f 314/314/314 274/274/274 320/320/320
f 325/325/325 287/287/287 330/330/330
f 328/328/328 294/294/294 338/338/338
f 340/340/340 293/293/293 337/337/337
f 343/343/343 296/296/296 341/341/341
f 342/342/342 300/300/300 344/344/344
f 348/348/348 301/301/301 345/345/345
f 349/349/349 308/308/308 351/351/351
f 355/355/355 319/319/319 359/359/359
f 366/366/366 339/339/339 376/376/376
f 377/377/377 337/337/337 374/374/374
f 379/379/379 344/344/344 381/381/381
f 382/382/382 343/343/343 380/380/380
f 385/385/385 345/345/345 382/382/382
f 387/387/387 348/348/348 385/385/385
f 386/386/386 351/351/351 388/388/388
f 406/406/406 376/376/376 416/416/416
f 415/415/415 379/379/379 423/423/423
f 427/427/427 380/380/380 424/424/424
f 430/430/430 382/382/382 427/427/427
f 431/431/431 388/388/388 433/433/433
f 434/434/434 392/392/392 437/437/437
f 440/440/440 390/390/390 435/435/435
f 438/438/438 396/396/396 442/442/442
f 447/447/447 394/394/394 439/439/439
f 444/444/444 403/403/403 449/449/449
f 453/453/453 417/417/417 460/460/460
f 458/458/458 423/423/423 469/469/469
f 471/471/471 422/422/422 468/468/468
f 474/474/474 424/424/424 471/471/471
f 475/475/475 431/431/431 477/477/477
f 479/479/479 436/436/436 481/481/481
f 482/482/482 441/441/441 485/485/485
f 487/487/487 448/448/448 492/492/492
f 500/500/500 470/470/470 510/510/510
f 515/515/515 471/471/471 513/513/513
f 514/514/514 475/475/475 516/516/516
f 516/516/516 477/477/477 518/518/518
f 519/519/519 476/476/476 517/517/517
f 518/518/518 479/479/479 520/520/520
f 521/521/521 478/478/478 519/519/519
f 520/520/520 481/481/481 522/522/522
f 524/524/524 480/480/480 521/521/521
f 523/523/523 485/485/485 525/525/525
f 526/526/526 491/491/491 530/530/530
f 533/533/533 498/498/498 539/539/539
f 542/542/542 511/511/511 551/551/551
f 550/550/550 514/514/514 560/560/560
f 560/560/560 516/516/516 563/563/563
f 565/565/565 515/515/515 562/562/562
f 563/563/563 518/518/518 566/566/566
f 568/568/568 517/517/517 565/565/565
f 566/566/566 520/520/520 569/569/569
f 571/571/571 519/519/519 568/568/568
f 569/569/569 522/522/522 572/572/572
f 581/581/581 538/538/538 586/586/586
f 591/591/591 561/561/561 600/600/600
f 601/601/601 559/559/559 599/599/599
f 600/600/600 564/564/564 602/602/602
f 603/603/603 562/562/562 601/601/601
f 602/602/602 567/567/567 604/604/604
f 605/605/605 565/565/565 603/603/603
f 604/604/604 570/570/570 606/606/606
f 607/607/607 568/568/568 605/605/605
f 610/610/610 571/571/571 607/607/607
f 608/608/608 575/575/575 611/611/611
f 612/612/612 578/578/578 614/614/614
f 616/616/616 585/585/585 620/620/620
f 630/630/630 600/600/600 639/639/639
f 647/647/647 599/599/599 638/638/638
f 655/655/655 607/607/607 653/653/653
f 654/654/654 612/612/612 656/656/656
f 656/656/656 614/614/614 658/658/658
f 659/659/659 619/619/619 662/662/662
f 664/664/664 627/627/627 670/670/670
f 675/675/675 648/648/648 684/684/684
f 688/688/688 649/649/649 686/686/686
f 689/689/689 654/654/654 691/691/691
f 691/691/691 656/656/656 693/693/693
f 694/694/694 655/655/655 692/692/692
f 696/696/696 657/657/657 694/694/694
f 695/695/695 661/661/661 697/697/697
f 699/699/699 669/669/669 703/703/703
f 714/714/714 685/685/685 723/723/723
f 728/728/728 683/683/683 721/721/721
f 730/730/730 686/686/686 728/728/728
f 734/734/734 690/690/690 732/732/732
f 733/733/733 693/693/693 735/735/735
f 736/736/736 692/692/692 734/734/734
f 738/738/738 694/694/694 736/736/736
f 741/741/741 696/696/696 738/738/738
f 740/740/740 702/702/702 742/742/742
f 744/744/744 710/710/710 748/748/748
f 753/753/753 726/726/726 761/761/761
f 766/766/766 731/731/731 769/769/769
f 770/770/770 730/730/730 767/767/767
f 769/769/769 733/733/733 772/772/772
f 775/775/775 734/734/734 773/773/773
f 777/777/777 739/739/739 780/780/780
f 781/781/781 742/742/742 784/784/784
f 786/786/786 748/748/748 791/791/791
f 796/796/796 766/766/766 806/806/806
f 811/811/811 767/767/767 808/808/808
f 814/814/814 770/770/770 811/811/811
f 813/813/813 774/774/774 816/816/816
f 818/818/818 779/779/779 821/821/821
f 823/823/823 778/778/778 820/820/820
f 822/822/822 783/783/783 825/825/825
f 828/828/828 782/782/782 823/823/823
f 826/826/826 789/789/789 830/830/830
f 841/841/841 807/807/807 851/851/851
f 861/861/861 808/808/808 858/858/858
f 863/863/863 811/811/811 861/861/861
f 862/862/862 815/815/815 864/864/864
f 869/869/869 820/820/820 867/867/867
f 868/868/868 824/824/824 870/870/870
f 873/873/873 823/823/823 869/869/869
f 871/871/871 829/829/829 875/875/875
f 878/878/878 837/837/837 885/885/885
f 889/889/889 860/860/860 899/899/899
f 898/898/898 862/862/862 901/901/901
f 901/901/901 864/864/864 904/904/904
f 905/905/905 863/863/863 902/902/902
f 904/904/904 866/866/866 907/907/907
f 908/908/908 865/865/865 905/905/905
f 910/910/910 867/867/867 908/908/908
f 912/912/912 869/869/869 910/910/910
f 911/911/911 874/874/874 913/913/913
f 914/914/914 882/882/882 918/918/918
f 931/931/931 899/899/899 941/941/941
f 940/940/940 901/901/901 946/946/946
f 947/947/947 900/900/900 944/944/944
f 950/950/950 902/902/902 947/947/947
f 953/953/953 905/905/905 950/950/950
f 952/952/952 909/909/909 955/955/955
f 956/956/956 908/908/908 953/953/953
f 955/955/955 911/911/911 958/958/958
f 959/959/959 910/910/910 956/956/956
f 958/958/958 913/913/913 961/961/961
f 964/964/964 912/912/912 959/959/959
f 962/962/962 918/918/918 966/966/966
f 968/968/968 926/926/926 973/973/973
f 978/978/978 942/942/942 987/987/987
f 999/999/999 947/947/947 997/997/997
f 1000/1000/1000 954/954/954 1002/1002/1002
f 1002/1002/1002 957/957/957 1004/1004/1004
f 1004/1004/1004 960/960/960 1006/1006/1006
f 1007/1007/1007 965/965/965 1010/1010/1010
f 1011/1011/1011 971/971/971 1015/1015/1015
f 1021/1021/1021 969/969/969 1012/1012/1012
f 1032/1032/1032 998/998/998 1035/1035/1035
f 1036/1036/1036 997/997/997 1034/1034/1034
f 1035/1035/1035 1000/1000/1000 1037/1037/1037
f 1038/1038/1038 999/999/999 1036/1036/1036
f 1037/1037/1037 1002/1002/1002 1039/1039/1039
f 1041/1041/1041 1006/1006/1006 1043/1043/1043
f 1045/1045/1045 1005/1005/1005 1042/1042/1042
f 1044/1044/1044 1010/1010/1010 1047/1047/1047
f 1048/1048/1048 1015/1015/1015 1053/1053/1053
f 1059/1059/1059 1012/1012/1012 1049/1049/1049
f 1075/1075/1075 1035/1035/1035 1079/1079/1079
f 1080/1080/1080 1034/1034/1034 1078/1078/1078
f 1079/1079/1079 1037/1037/1037 1081/1081/1081
f 1082/1082/1082 1036/1036/1036 1080/1080/1080
f 1087/1087/1087 1046/1046/1046 1090/1090/1090
f 1094/1094/1094 1045/1045/1045 1089/1089/1089
f 1091/1091/1091 1052/1052/1052 1095/1095/1095
f 1097/1097/1097 1060/1060/1060 1101/1101/1101
f 1106/1106/1106 1076/1076/1076 1116/1116/1116
f 1115/1115/1115 1079/1079/1079 1124/1124/1124
f 1124/1124/1124 1081/1081/1081 1127/1127/1127
f 1130/1130/1130 1085/1085/1085 1133/1133/1133
f 1134/1134/1134 1084/1084/1084 1131/1131/1131
f 1137/1137/1137 1086/1086/1086 1134/1134/1134
f 1135/1135/1135 1090/1090/1090 1138/1138/1138
f 1141/1141/1141 1088/1088/1088 1136/1136/1136
f 1139/1139/1139 1095/1095/1095 1142/1142/1142
f 1143/1143/1143 1100/1100/1100 1147/1147/1147
f 1152/1152/1152 1098/1098/1098 1144/1144/1144
f 1153/1153/1153 1117/1117/1117 1161/1161/1161
f 1155/1155/1155 1120/1120/1120 1164/1164/1164
f 1159/1159/1159 1124/1124/1124 1171/1171/1171
f 1176/1176/1176 1125/1125/1125 1173/1173/1173
f 1178/1178/1178 1128/1128/1128 1176/1176/1176
f 1177/1177/1177 1132/1132/1132 1179/1179/1179
f 1180/1180/1180 1135/1135/1135 1184/1184/1184
f 1186/1186/1186 1134/1134/1134 1182/1182/1182
f 1190/1190/1190 1136/1136/1136 1185/1185/1185
f 1188/1188/1188 1142/1142/1142 1192/1192/1192
f 1202/1202/1202 1144/1144/1144 1194/1194/1194
f 1221/1221/1221 1176/1176/1176 1219/1219/1219
f 1220/1220/1220 1179/1179/1179 1222/1222/1222
f 1224/1224/1224 1178/1178/1178 1221/1221/1221
f 1222/1222/1222 1183/1183/1183 1225/1225/1225
f 1227/1227/1227 1181/1181/1181 1223/1223/1223
f 1226/1226/1226 1187/1187/1187 1229/1229/1229
f 1231/1231/1231 1185/1185/1185 1227/1227/1227
f 1229/1229/1229 1191/1191/1191 1232/1232/1232
f 1236/1236/1236 1189/1189/1189 1230/1230/1230
f 1255/1255/1255 1212/1212/1212 1252/1252/1252
f 1256/1256/1256 1220/1220/1220 1259/1259/1259
f 1264/1264/1264 1221/1221/1221 1261/1261/1261
f 1262/1262/1262 1225/1225/1225 1265/1265/1265
f 1266/1266/1266 1223/1223/1223 1263/1263/1263
f 1265/1265/1265 1228/1228/1228 1267/1267/1267
f 1268/1268/1268 1232/1232/1232 1271/1271/1271
f 1275/1275/1275 1230/1230/1230 1269/1269/1269
f 1273/1273/1273 1237/1237/1237 1277/1277/1277
f 1298/1298/1298 1255/1255/1255 1296/1296/1296
f 1297/1297/1297 1259/1259/1259 1299/1299/1299
f 1302/1302/1302 1260/1260/1260 1300/1300/1300
f 1303/1303/1303 1267/1267/1267 1305/1305/1305
f 1308/1308/1308 1266/1266/1266 1304/1304/1304
f 1306/1306/1306 1271/1271/1271 1309/1309/1309
f 1312/1312/1312 1269/1269/1269 1307/1307/1307
f 1310/1310/1310 1276/1276/1276 1313/1313/1313
f 1333/1333/1333 1299/1299/1299 1335/1335/1335
f 1336/1336/1336 1298/1298/1298 1334/1334/1334
f 1335/1335/1335 1301/1301/1301 1337/1337/1337
f 1339/1339/1339 1305/1305/1305 1341/1341/1341
f 1344/1344/1344 1304/1304/1304 1340/1340/1340
f 1342/1342/1342 1309/1309/1309 1345/1345/1345
f 1348/1348/1348 1307/1307/1307 1343/1343/1343
f 1355/1355/1355 1311/1311/1311 1347/1347/1347
f 1369/1369/1369 1335/1335/1335 1371/1371/1371
f 1372/1372/1372 1334/1334/1334 1370/1370/1370
f 1380/1380/1380 1340/1340/1340 1376/1376/1376
f 1384/1384/1384 1343/1343/1343 1379/1379/1379
f 1391/1391/1391 1347/1347/1347 1383/1383/1383
f 160/160/160 156/156/156 155/155/155
f 226/226/226 221/221/221 222/222/222
f 240/240/240 230/230/230 229/229/229
f 245/245/245 239/239/239 238/238/238
f 253/253/253 249/249/249 250/250/250
f 287/287/287 279/279/279 278/278/278
f 290/290/290 283/283/283 282/282/282
f 298/298/298 295/295/295 296/296/296
f 319/319/319 313/313/313 314/314/314
f 331/331/331 326/326/326 325/325/325
f 339/339/339 329/329/329 328/328/328
f 403/403/403 398/398/398 399/399/399
f 417/417/417 407/407/407 406/406/406
f 420/420/420 413/413/413 412/412/412
f 436/436/436 433/433/433 434/434/434
f 441/441/441 437/437/437 438/438/438
f 448/448/448 443/443/443 444/444/444
f 461/461/461 454/454/454 453/453/453
f 463/463/463 456/456/456 455/455/455
f 470/470/470 459/459/459 458/458/458
f 491/491/491 486/486/486 487/487/487
f 511/511/511 501/501/501 500/500/500
f 529/529/529 525/525/525 526/526/526
f 538/538/538 532/532/532 533/533/533
f 552/552/552 543/543/543 542/542/542
f 555/555/555 546/546/546 545/545/545
f 556/556/556 547/547/547 546/546/546
f 557/557/557 548/548/548 547/547/547
f 561/561/561 551/551/551 550/550/550
f 573/573/573 570/570/570 569/569/569
f 575/575/575 572/572/572 573/573/573
f 585/585/585 580/580/580 581/581/581
f 619/619/619 615/615/615 616/616/616
f 627/627/627 621/621/621 622/622/622
f 640/640/640 631/631/631 630/630/630
f 646/646/646 637/637/637 636/636/636
f 647/647/647 638/638/638 637/637/637
f 661/661/661 658/658/658 659/659/659
f 669/669/669 663/663/663 664/664/664
f 685/685/685 676/676/676 675/675/675
f 702/702/702 698/698/698 699/699/699
f 710/710/710 704/704/704 705/705/705
f 711/711/711 705/705/705 706/706/706
f 724/724/724 715/715/715 714/714/714
f 726/726/726 717/717/717 716/716/716
f 762/762/762 754/754/754 753/753/753
f 779/779/779 776/776/776 777/777/777
f 783/783/783 780/780/780 781/781/781
f 789/789/789 784/784/784 785/785/785
f 790/790/790 785/785/785 786/786/786
f 807/807/807 797/797/797 796/796/796
f 815/815/815 812/812/812 813/813/813
f 824/824/824 821/821/821 822/822/822
f 829/829/829 825/825/825 826/826/826
f 837/837/837 832/832/832 833/833/833
f 852/852/852 842/842/842 841/841/841
f 857/857/857 847/847/847 846/846/846
f 860/860/860 850/850/850 849/849/849
f 874/874/874 870/870/870 871/871/871
f 882/882/882 875/875/875 876/876/876
f 884/884/884 877/877/877 878/878/878
f 926/926/926 920/920/920 921/921/921
f 928/928/928 922/922/922 923/923/923
f 942/942/942 932/932/932 931/931/931
f 954/954/954 951/951/951 952/952/952
f 960/960/960 957/957/957 958/958/958
f 965/965/965 961/961/961 962/962/962
f 971/971/971 966/966/966 967/967/967
f 972/972/972 967/967/967 968/968/968
f 988/988/988 979/979/979 978/978/978
f 992/992/992 983/983/983 982/982/982
f 1046/1046/1046 1043/1043/1043 1044/1044/1044
f 1052/1052/1052 1047/1047/1047 1048/1048/1048
f 1060/1060/1060 1054/1054/1054 1055/1055/1055
f 1062/1062/1062 1056/1056/1056 1057/1057/1057
f 1094/1094/1094 1089/1089/1089 1088/1088/1088
f 1100/1100/1100 1096/1096/1096 1097/1097/1097
f 1117/1117/1117 1107/1107/1107 1106/1106/1106
f 1120/1120/1120 1110/1110/1110 1109/1109/1109
f 1132/1132/1132 1129/1129/1129 1130/1130/1130
f 1162/1162/1162 1154/1154/1154 1153/1153/1153
f 1165/1165/1165 1156/1156/1156 1155/1155/1155
f 1183/1183/1183 1179/1179/1179 1180/1180/1180
f 1186/1186/1186 1182/1182/1182 1181/1181/1181
f 1191/1191/1191 1187/1187/1187 1188/1188/1188
f 1196/1196/1196 1190/1190/1190 1189/1189/1189
f 1228/1228/1228 1225/1225/1225 1226/1226/1226
f 1264/1264/1264 1261/1261/1261 1260/1260/1260
f 1276/1276/1276 1272/1272/1272 1273/1273/1273
f 38/38/38 2/2/2 1/1/1
f 40/40/40 4/4/4 3/3/3
f 41/41/41 5/5/5 4/4/4
f 43/43/43 7/7/7 6/6/6
f 60/60/60 24/24/24 25/25/25
f 62/62/62 26/26/26 27/27/27
f 64/64/64 28/28/28 29/29/29
f 66/66/66 30/30/30 31/31/31
f 68/68/68 32/32/32 33/33/33
f 71/71/71 35/35/35 36/36/36
f 75/75/75 39/39/39 38/38/38
f 76/76/76 40/40/40 39/39/39
f 77/77/77 41/41/41 40/40/40
f 79/79/79 43/43/43 42/42/42
f 80/80/80 44/44/44 43/43/43
f 83/83/83 47/47/47 46/46/46
f 85/85/85 49/49/49 48/48/48
f 98/98/98 62/62/62 63/63/63
f 100/100/100 64/64/64 65/65/65
f 102/102/102 66/66/66 67/67/67
f 104/104/104 68/68/68 69/69/69
f 107/107/107 71/71/71 72/72/72
f 111/111/111 75/75/75 74/74/74
f 115/115/115 79/79/79 78/78/78
f 116/116/116 80/80/80 79/79/79
f 119/119/119 83/83/83 82/82/82
f 121/121/121 85/85/85 84/84/84
f 131/131/131 94/94/94 95/95/95
f 135/135/135 98/98/98 99/99/99
f 137/137/137 100/100/100 101/101/101
f 139/139/139 102/102/102 103/103/103
f 141/141/141 104/104/104 105/105/105
f 144/144/144 107/107/107 108/108/108
f 148/148/148 111/111/111 110/110/110
f 158/158/158 121/121/121 120/120/120
f 166/166/166 128/128/128 129/129/129
f 170/170/170 133/133/133 134/134/134
f 174/174/174 137/137/137 138/138/138
f 177/177/177 139/139/139 140/140/140
f 178/178/178 140/140/140 141/141/141
f 179/179/179 141/141/141 142/142/142
f 182/182/182 144/144/144 145/145/145
f 186/186/186 147/147/147 146/146/146
f 187/187/187 148/148/148 147/147/147
f 193/193/193 154/154/154 153/153/153
f 197/197/197 158/158/158 157/157/157
f 199/199/199 160/160/160 159/159/159
f 207/207/207 166/166/166 167/167/167
f 214/214/214 172/172/172 173/173/173
f 216/216/216 175/175/175 176/176/176
f 218/218/218 177/177/177 178/178/178
f 219/219/219 178/178/178 179/179/179
f 220/220/220 179/179/179 180/180/180
f 222/222/222 181/181/181 182/182/182
f 224/224/224 183/183/183 184/184/184
f 231/231/231 187/187/187 186/186/186
f 237/237/237 193/193/193 192/192/192
f 243/243/243 197/197/197 196/196/196
f 251/251/251 203/203/203 204/204/204
f 256/256/256 209/209/209 210/210/210
f 258/258/258 211/211/211 212/212/212
f 263/263/263 216/216/216 217/217/217
f 266/266/266 218/218/218 219/219/219
f 270/270/270 223/223/223 224/224/224
f 271/271/271 224/224/224 225/225/225
f 275/275/275 227/227/227 228/228/228
f 280/280/280 232/232/232 231/231/231
f 282/282/282 234/234/234 233/233/233
f 283/283/283 235/235/235 234/234/234
f 284/284/284 236/236/236 235/235/235
f 292/292/292 242/242/242 241/241/241
f 305/305/305 258/258/258 259/259/259
f 309/309/309 264/264/264 265/265/265
f 311/311/311 266/266/266 267/267/267
f 312/312/312 267/267/267 268/268/268
f 315/315/315 271/271/271 272/272/272
f 316/316/316 272/272/272 273/273/273
f 322/322/322 276/276/276 277/277/277
f 327/327/327 281/281/281 280/280/280
f 333/333/333 289/289/289 288/288/288
f 334/334/334 290/290/290 289/289/289
f 335/335/335 291/291/291 290/290/290
f 346/346/346 302/302/302 303/303/303
f 356/356/356 316/316/316 317/317/317
f 357/357/357 317/317/317 318/318/318
f 360/360/360 320/320/320 321/321/321
f 361/361/361 321/321/321 322/322/322
f 363/363/363 323/323/323 324/324/324
f 367/367/367 330/330/330 329/329/329
f 369/369/369 332/332/332 331/331/331
f 374/374/374 337/337/337 336/336/336
f 378/378/378 341/341/341 340/340/340
f 391/391/391 353/353/353 354/354/354
f 394/394/394 357/357/357 358/358/358
f 396/396/396 359/359/359 360/360/360
f 397/397/397 360/360/360 361/361/361
f 399/399/399 362/362/362 363/363/363
f 401/401/401 364/364/364 365/365/365
f 408/408/408 368/368/368 367/367/367
f 412/412/412 372/372/372 371/371/371
f 413/413/413 373/373/373 372/372/372
f 414/414/414 374/374/374 373/373/373
f 422/422/422 378/378/378 377/377/377
f 428/428/428 383/383/383 384/384/384
f 439/439/439 394/394/394 395/395/395
f 445/445/445 400/400/400 401/401/401
f 446/446/446 401/401/401 402/402/402
f 450/450/450 404/404/404 405/405/405
f 455/455/455 409/409/409 408/408/408
f 456/456/456 410/410/410 409/409/409
f 457/457/457 411/411/411 410/410/410
f 459/459/459 416/416/416 415/415/415
f 465/465/465 419/419/419 418/418/418
f 466/466/466 420/420/420 419/419/419
f 467/467/467 421/421/421 420/420/420
f 472/472/472 425/425/425 426/426/426
f 483/483/483 439/439/439 440/440/440
f 488/488/488 446/446/446 447/447/447
f 493/493/493 449/449/449 450/450/450
f 494/494/494 450/450/450 451/451/451
f 495/495/495 451/451/451 452/452/452
f 503/503/503 462/462/462 461/461/461
f 504/504/504 463/463/463 462/462/462
f 505/505/505 464/464/464 463/463/463
f 509/509/509 468/468/468 467/467/467
f 522/522/522 481/481/481 482/482/482
f 527/527/527 489/489/489 490/490/490
f 531/531/531 492/492/492 493/493/493
f 534/534/534 495/495/495 496/496/496
f 535/535/535 496/496/496 497/497/497
f 539/539/539 498/498/498 499/499/499
f 545/545/545 504/504/504 503/503/503
f 546/546/546 505/505/505 504/504/504
f 547/547/547 506/506/506 505/505/505
f 548/548/548 507/507/507 506/506/506
f 549/549/549 508/508/508 507/507/507
f 559/559/559 513/513/513 512/512/512
f 579/579/579 530/530/530 531/531/531
f 582/582/582 535/535/535 536/536/536
f 583/583/583 536/536/536 537/537/537
f 587/587/587 539/539/539 540/540/540
f 588/588/588 540/540/540 541/541/541
f 594/594/594 554/554/554 553/553/553
f 595/595/595 555/555/555 554/554/554
f 596/596/596 556/556/556 555/555/555
f 597/597/597 557/557/557 556/556/556
f 598/598/598 558/558/558 557/557/557
f 608/608/608 572/572/572 573/573/573
f 611/611/611 575/575/575 576/576/576
f 614/614/614 578/578/578 579/579/579
f 617/617/617 583/583/583 584/584/584
f 622/622/622 587/587/587 588/588/588
f 624/624/624 589/589/589 590/590/590
f 637/637/637 598/598/598 597/597/597
f 638/638/638 599/599/599 598/598/598
f 665/665/665 623/623/623 624/624/624
f 666/666/666 624/624/624 625/625/625
f 667/667/667 625/625/625 626/626/626
f 671/671/671 628/628/628 629/629/629
f 677/677/677 641/641/641 640/640/640
f 679/679/679 643/643/643 642/642/642
f 681/681/681 645/645/645 644/644/644
f 682/682/682 646/646/646 645/645/645
f 683/683/683 647/647/647 646/646/646
f 700/700/700 667/667/667 668/668/668
f 706/706/706 672/672/672 673/673/673
f 707/707/707 673/673/673 674/674/674
f 718/718/718 680/680/680 679/679/679
f 719/719/719 681/681/681 680/680/680
f 721/721/721 683/683/683 682/682/682
f 745/745/745 707/707/707 708/708/708
f 746/746/746 708/708/708 709/709/709
f 749/749/749 711/711/711 712/712/712
f 750/750/750 712/712/712 713/713/713
f 756/756/756 720/720/720 719/719/719
f 760/760/760 725/725/725 724/724/724
f 765/765/765 728/728/728 727/727/727
f 787/787/787 746/746/746 747/747/747
f 794/794/794 751/751/751 752/752/752
f 798/798/798 759/759/759 758/758/758
f 799/799/799 760/760/760 759/759/759
f 800/800/800 761/761/761 760/760/760
f 803/803/803 764/764/764 763/763/763
f 810/810/810 769/769/769 768/768/768
f 819/819/819 777/777/777 776/776/776
f 827/827/827 787/787/787 788/788/788
f 831/831/831 790/790/790 791/791/791
f 832/832/832 791/791/791 792/792/792
f 833/833/833 792/792/792 793/793/793
f 834/834/834 793/793/793 794/794/794
f 847/847/847 803/803/803 802/802/802
f 848/848/848 804/804/804 803/803/803
f 850/850/850 806/806/806 805/805/805
f 872/872/872 827/827/827 828/828/828
f 876/876/876 830/830/830 831/831/831
f 879/879/879 835/835/835 836/836/836
f 887/887/887 839/839/839 840/840/840
f 896/896/896 857/857/857 856/856/856
f 897/897/897 858/858/858 857/857/857
f 915/915/915 879/879/879 880/880/880
f 916/916/916 880/880/880 881/881/881
f 919/919/919 883/883/883 884/884/884
f 921/921/921 885/885/885 886/886/886
f 922/922/922 886/886/886 887/887/887
f 923/923/923 887/887/887 888/888/888
f 933/933/933 891/891/891 890/890/890
f 934/934/934 892/892/892 891/891/891
f 935/935/935 893/893/893 892/892/892
f 936/936/936 894/894/894 893/893/893
f 937/937/937 895/895/895 894/894/894
f 939/939/939 897/897/897 896/896/896
f 949/949/949 904/904/904 903/903/903
f 963/963/963 916/916/916 917/917/917
f 969/969/969 924/924/924 925/925/925
f 975/975/975 928/928/928 929/929/929
f 976/976/976 929/929/929 930/930/930
f 983/983/983 937/937/937 936/936/936
f 984/984/984 938/938/938 937/937/937
f 994/994/994 944/944/944 943/943/943
f 996/996/996 946/946/946 945/945/945
f 1008/1008/1008 963/963/963 964/964/964
f 1012/1012/1012 969/969/969 970/970/970
f 1017/1017/1017 973/973/973 974/974/974
f 1020/1020/1020 976/976/976 977/977/977
f 1023/1023/1023 986/986/986 985/985/985
f 1024/1024/1024 987/987/987 986/986/986
f 1029/1029/1029 992/992/992 991/991/991
f 1030/1030/1030 993/993/993 992/992/992
f 1050/1050/1050 1013/1013/1013 1014/1014/1014
f 1053/1053/1053 1015/1015/1015 1016/1016/1016
f 1055/1055/1055 1017/1017/1017 1018/1018/1018
f 1066/1066/1066 1023/1023/1023 1022/1022/1022
f 1067/1067/1067 1024/1024/1024 1023/1023/1023
f 1069/1069/1069 1026/1026/1026 1025/1025/1025
f 1070/1070/1070 1027/1027/1027 1026/1026/1026
f 1071/1071/1071 1028/1028/1028 1027/1027/1027
f 1072/1072/1072 1029/1029/1029 1028/1028/1028
f 1074/1074/1074 1031/1031/1031 1030/1030/1030
f 1092/1092/1092 1049/1049/1049 1050/1050/1050
f 1098/1098/1098 1058/1058/1058 1059/1059/1059
f 1102/1102/1102 1061/1061/1061 1062/1062/1062
f 1103/1103/1103 1062/1062/1062 1063/1063/1063
f 1104/1104/1104 1063/1063/1063 1064/1064/1064
f 1109/1109/1109 1068/1068/1068 1067/1067/1067
f 1111/1111/1111 1070/1070/1070 1069/1069/1069
f 1112/1112/1112 1071/1071/1071 1070/1070/1070
f 1114/1114/1114 1073/1073/1073 1072/1072/1072
f 1123/1123/1123 1078/1078/1078 1077/1077/1077
f 1138/1138/1138 1090/1090/1090 1091/1091/1091
f 1144/1144/1144 1098/1098/1098 1099/1099/1099
f 1148/1148/1148 1101/1101/1101 1102/1102/1102
f 1149/1149/1149 1102/1102/1102 1103/1103/1103
f 1150/1150/1150 1103/1103/1103 1104/1104/1104
f 1151/1151/1151 1104/1104/1104 1105/1105/1105
f 1158/1158/1158 1113/1113/1113 1112/1112/1112
f 1160/1160/1160 1116/1116/1116 1115/1115/1115
f 1163/1163/1163 1119/1119/1119 1118/1118/1118
f 1168/1168/1168 1122/1122/1122 1121/1121/1121
f 1169/1169/1169 1123/1123/1123 1122/1122/1122
f 1175/1175/1175 1127/1127/1127 1126/1126/1126
f 1194/1194/1194 1144/1144/1144 1145/1145/1145
f 1195/1195/1195 1145/1145/1145 1146/1146/1146
f 1198/1198/1198 1148/1148/1148 1149/1149/1149
f 1201/1201/1201 1151/1151/1151 1152/1152/1152
f 1204/1204/1204 1160/1160/1160 1159/1159/1159
f 1205/1205/1205 1161/1161/1161 1160/1160/1160
f 1206/1206/1206 1162/1162/1162 1161/1161/1161
f 1208/1208/1208 1164/1164/1164 1163/1163/1163
f 1211/1211/1211 1167/1167/1167 1166/1166/1166
f 1212/1212/1212 1168/1168/1168 1167/1167/1167
f 1214/1214/1214 1171/1171/1171 1170/1170/1170
f 1216/1216/1216 1173/1173/1173 1172/1172/1172
f 1233/1233/1233 1192/1192/1192 1193/1193/1193
f 1238/1238/1238 1198/1198/1198 1199/1199/1199
f 1240/1240/1240 1200/1200/1200 1201/1201/1201
f 1244/1244/1244 1204/1204/1204 1203/1203/1203
f 1245/1245/1245 1205/1205/1205 1204/1204/1204
f 1249/1249/1249 1209/1209/1209 1208/1208/1208
f 1250/1250/1250 1210/1210/1210 1209/1209/1209
f 1258/1258/1258 1219/1219/1219 1218/1218/1218
f 1269/1269/1269 1230/1230/1230 1231/1231/1231
f 1271/1271/1271 1232/1232/1232 1233/1233/1233
f 1278/1278/1278 1238/1238/1238 1239/1239/1239
f 1280/1280/1280 1240/1240/1240 1241/1241/1241
f 1284/1284/1284 1244/1244/1244 1243/1243/1243
f 1285/1285/1285 1245/1245/1245 1244/1244/1244
f 1289/1289/1289 1249/1249/1249 1248/1248/1248
f 1292/1292/1292 1252/1252/1252 1251/1251/1251
f 1305/1305/1305 1267/1267/1267 1268/1268/1268
f 1307/1307/1307 1269/1269/1269 1270/1270/1270
f 1314/1314/1314 1277/1277/1277 1278/1278/1278
f 1315/1315/1315 1278/1278/1278 1279/1279/1279
f 1323/1323/1323 1286/1286/1286 1285/1285/1285
f 1324/1324/1324 1287/1287/1287 1286/1286/1286
f 1326/1326/1326 1289/1289/1289 1288/1288/1288
f 1328/1328/1328 1291/1291/1291 1290/1290/1290
f 1332/1332/1332 1296/1296/1296 1295/1295/1295
f 1341/1341/1341 1305/1305/1305 1306/1306/1306
f 1343/1343/1343 1307/1307/1307 1308/1308/1308
f 1350/1350/1350 1314/1314/1314 1315/1315/1315
f 1351/1351/1351 1315/1315/1315 1316/1316/1316
f 1357/1357/1357 1321/1321/1321 1320/1320/1320
f 1359/1359/1359 1323/1323/1323 1322/1322/1322
f 1360/1360/1360 1324/1324/1324 1323/1323/1323
f 1363/1363/1363 1327/1327/1327 1326/1326/1326
f 1364/1364/1364 1328/1328/1328 1327/1327/1327
f 1379/1379/1379 1343/1343/1343 1344/1344/1344
f 1383/1383/1383 1347/1347/1347 1348/1348/1348
f 1386/1386/1386 1350/1350/1350 1351/1351/1351
f 1387/1387/1387 1351/1351/1351 1352/1352/1352
f 51/51/51 15/15/15 13/13/13
f 53/53/53 17/17/17 15/15/15
f 52/52/52 16/16/16 18/18/18
f 54/54/54 18/18/18 20/20/20
f 56/56/56 20/20/20 22/22/22
f 61/61/61 25/25/25 21/21/21
f 65/65/65 29/29/29 24/24/24
f 63/63/63 27/27/27 30/30/30
f 72/72/72 36/36/36 28/28/28
f 73/73/73 37/37/37 47/47/47
f 84/84/84 48/48/48 45/45/45
f 82/82/82 46/46/46 50/50/50
f 87/87/87 51/51/51 49/49/49
f 91/91/91 55/55/55 53/53/53
f 90/90/90 54/54/54 56/56/56
f 93/93/93 57/57/57 55/55/55
f 99/99/99 63/63/63 66/66/66
f 108/108/108 72/72/72 64/64/64
f 109/109/109 73/73/73 83/83/83
f 120/120/120 84/84/84 81/81/81
f 118/118/118 82/82/82 86/86/86
f 123/123/123 87/87/87 85/85/85
f 127/127/127 91/91/91 89/89/89
f 126/126/126 90/90/90 92/92/92
f 130/130/130 93/93/93 91/91/91
f 145/145/145 108/108/108 100/100/100
f 146/146/146 109/109/109 119/119/119
f 155/155/155 118/118/118 122/122/122
f 159/159/159 122/122/122 124/124/124
f 168/168/168 130/130/130 127/127/127
f 169/169/169 132/132/132 135/135/135
f 196/196/196 157/157/157 154/154/154
f 198/198/198 159/159/159 162/162/162
f 201/201/201 162/162/162 164/164/164
f 209/209/209 168/168/168 165/165/165
f 213/213/213 171/171/171 168/168/168
f 229/229/229 185/185/185 195/195/195
f 244/244/244 198/198/198 201/201/201
f 249/249/249 202/202/202 200/200/200
f 253/253/253 205/205/205 202/202/202
f 269/269/269 221/221/221 226/226/226
f 278/278/278 230/230/230 240/240/240
f 285/285/285 239/239/239 245/245/245
f 295/295/295 246/246/246 243/243/243
f 294/294/294 245/245/245 248/248/248
f 298/298/298 249/249/249 246/246/246
f 301/301/301 254/254/254 250/250/250
f 300/300/300 252/252/252 255/255/255
f 308/308/308 262/262/262 266/266/266
f 314/314/314 269/269/269 274/274/274
f 325/325/325 279/279/279 287/287/287
f 328/328/328 285/285/285 294/294/294
f 340/340/340 295/295/295 293/293/293
f 343/343/343 299/299/299 296/296/296
f 342/342/342 297/297/297 300/300/300
f 348/348/348 304/304/304 301/301/301
f 349/349/349 306/306/306 308/308/308
f 355/355/355 313/313/313 319/319/319
f 366/366/366 329/329/329 339/339/339
f 377/377/377 340/340/340 337/337/337
f 379/379/379 342/342/342 344/344/344
f 382/382/382 345/345/345 343/343/343
f 385/385/385 348/348/348 345/345/345
f 387/387/387 350/350/350 348/348/348
f 386/386/386 349/349/349 351/351/351
f 406/406/406 366/366/366 376/376/376
f 415/415/415 375/375/375 379/379/379
f 427/427/427 382/382/382 380/380/380
f 430/430/430 385/385/385 382/382/382
f 431/431/431 386/386/386 388/388/388
f 434/434/434 389/389/389 392/392/392
f 440/440/440 395/395/395 390/390/390
f 438/438/438 393/393/393 396/396/396
f 447/447/447 402/402/402 394/394/394
f 444/444/444 398/398/398 403/403/403
f 453/453/453 407/407/407 417/417/417
f 458/458/458 415/415/415 423/423/423
f 471/471/471 424/424/424 422/422/422
f 474/474/474 427/427/427 424/424/424
f 475/475/475 429/429/429 431/431/431
f 479/479/479 433/433/433 436/436/436
f 482/482/482 437/437/437 441/441/441
f 487/487/487 443/443/443 448/448/448
f 500/500/500 459/459/459 470/470/470
f 515/515/515 474/474/474 471/471/471
f 514/514/514 473/473/473 475/475/475
f 516/516/516 475/475/475 477/477/477
f 519/519/519 478/478/478 476/476/476
f 518/518/518 477/477/477 479/479/479
f 521/521/521 480/480/480 478/478/478
f 520/520/520 479/479/479 481/481/481
f 524/524/524 484/484/484 480/480/480
f 523/523/523 482/482/482 485/485/485
f 526/526/526 486/486/486 491/491/491
f 533/533/533 494/494/494 498/498/498
f 542/542/542 501/501/501 511/511/511
f 550/550/550 510/510/510 514/514/514
f 560/560/560 514/514/514 516/516/516
f 565/565/565 517/517/517 515/515/515
f 563/563/563 516/516/516 518/518/518
f 568/568/568 519/519/519 517/517/517
f 566/566/566 518/518/518 520/520/520
f 571/571/571 521/521/521 519/519/519
f 569/569/569 520/520/520 522/522/522
f 581/581/581 532/532/532 538/538/538
f 591/591/591 551/551/551 561/561/561
f 601/601/601 562/562/562 559/559/559
f 600/600/600 561/561/561 564/564/564
f 603/603/603 565/565/565 562/562/562
f 602/602/602 564/564/564 567/567/567
f 605/605/605 568/568/568 565/565/565
f 604/604/604 567/567/567 570/570/570
f 607/607/607 571/571/571 568/568/568
f 610/610/610 574/574/574 571/571/571
f 608/608/608 572/572/572 575/575/575
f 612/612/612 576/576/576 578/578/578
f 616/616/616 580/580/580 585/585/585
f 630/630/630 591/591/591 600/600/600
f 647/647/647 601/601/601 599/599/599
f 655/655/655 610/610/610 607/607/607
f 654/654/654 609/609/609 612/612/612
f 656/656/656 612/612/612 614/614/614
f 659/659/659 615/615/615 619/619/619
f 664/664/664 621/621/621 627/627/627
f 675/675/675 639/639/639 648/648/648
f 688/688/688 651/651/651 649/649/649
f 689/689/689 652/652/652 654/654/654
f 691/691/691 654/654/654 656/656/656
f 694/694/694 657/657/657 655/655/655
f 696/696/696 660/660/660 657/657/657
f 695/695/695 658/658/658 661/661/661
f 699/699/699 663/663/663 669/669/669
f 714/714/714 676/676/676 685/685/685
f 728/728/728 686/686/686 683/683/683
f 730/730/730 688/688/688 686/686/686
f 734/734/734 692/692/692 690/690/690
f 733/733/733 691/691/691 693/693/693
f 736/736/736 694/694/694 692/692/692
f 738/738/738 696/696/696 694/694/694
f 741/741/741 701/701/701 696/696/696
f 740/740/740 698/698/698 702/702/702
f 744/744/744 704/704/704 710/710/710
f 753/753/753 717/717/717 726/726/726
f 766/766/766 729/729/729 731/731/731
f 770/770/770 732/732/732 730/730/730
f 769/769/769 731/731/731 733/733/733
f 775/775/775 736/736/736 734/734/734
f 777/777/777 737/737/737 739/739/739
f 781/781/781 740/740/740 742/742/742
f 786/786/786 744/744/744 748/748/748
f 796/796/796 757/757/757 766/766/766
f 811/811/811 770/770/770 767/767/767
f 814/814/814 773/773/773 770/770/770
f 813/813/813 772/772/772 774/774/774
f 818/818/818 776/776/776 779/779/779
f 823/823/823 782/782/782 778/778/778
f 822/822/822 780/780/780 783/783/783
f 828/828/828 788/788/788 782/782/782
f 826/826/826 784/784/784 789/789/789
f 841/841/841 797/797/797 807/807/807
f 861/861/861 811/811/811 808/808/808
f 863/863/863 814/814/814 811/811/811
f 862/862/862 812/812/812 815/815/815
f 869/869/869 823/823/823 820/820/820
f 868/868/868 821/821/821 824/824/824
f 873/873/873 828/828/828 823/823/823
f 871/871/871 825/825/825 829/829/829
f 878/878/878 832/832/832 837/837/837
f 889/889/889 850/850/850 860/860/860
f 898/898/898 859/859/859 862/862/862
f 901/901/901 862/862/862 864/864/864
f 905/905/905 865/865/865 863/863/863
f 904/904/904 864/864/864 866/866/866
f 908/908/908 867/867/867 865/865/865
f 910/910/910 869/869/869 867/867/867
f 912/912/912 873/873/873 869/869/869
f 911/911/911 870/870/870 874/874/874
f 914/914/914 875/875/875 882/882/882
f 931/931/931 889/889/889 899/899/899
f 940/940/940 898/898/898 901/901/901
f 947/947/947 902/902/902 900/900/900
f 950/950/950 905/905/905 902/902/902
f 953/953/953 908/908/908 905/905/905
f 952/952/952 907/907/907 909/909/909
f 956/956/956 910/910/910 908/908/908
f 955/955/955 909/909/909 911/911/911
f 959/959/959 912/912/912 910/910/910
f 958/958/958 911/911/911 913/913/913
f 964/964/964 917/917/917 912/912/912
f 962/962/962 914/914/914 918/918/918
f 968/968/968 920/920/920 926/926/926
f 978/978/978 932/932/932 942/942/942
f 999/999/999 950/950/950 947/947/947
f 1000/1000/1000 951/951/951 954/954/954
f 1002/1002/1002 954/954/954 957/957/957
f 1004/1004/1004 957/957/957 960/960/960
f 1007/1007/1007 961/961/961 965/965/965
f 1011/1011/1011 966/966/966 971/971/971
f 1021/1021/1021 977/977/977 969/969/969
f 1032/1032/1032 995/995/995 998/998/998
f 1036/1036/1036 999/999/999 997/997/997
f 1035/1035/1035 998/998/998 1000/1000/1000
f 1038/1038/1038 1001/1001/1001 999/999/999
f 1037/1037/1037 1000/1000/1000 1002/1002/1002
f 1041/1041/1041 1004/1004/1004 1006/1006/1006
f 1045/1045/1045 1009/1009/1009 1005/1005/1005
f 1044/1044/1044 1007/1007/1007 1010/1010/1010
f 1048/1048/1048 1011/1011/1011 1015/1015/1015
f 1059/1059/1059 1021/1021/1021 1012/1012/1012
f 1075/1075/1075 1032/1032/1032 1035/1035/1035
f 1080/1080/1080 1036/1036/1036 1034/1034/1034
f 1079/1079/1079 1035/1035/1035 1037/1037/1037
f 1082/1082/1082 1038/1038/1038 1036/1036/1036
f 1087/1087/1087 1043/1043/1043 1046/1046/1046
f 1094/1094/1094 1051/1051/1051 1045/1045/1045
f 1091/1091/1091 1047/1047/1047 1052/1052/1052
f 1097/1097/1097 1054/1054/1054 1060/1060/1060
f 1106/1106/1106 1065/1065/1065 1076/1076/1076
f 1115/1115/1115 1075/1075/1075 1079/1079/1079
f 1124/1124/1124 1079/1079/1079 1081/1081/1081
f 1130/1130/1130 1083/1083/1083 1085/1085/1085
f 1134/1134/1134 1086/1086/1086 1084/1084/1084
f 1137/1137/1137 1089/1089/1089 1086/1086/1086
f 1135/1135/1135 1087/1087/1087 1090/1090/1090
f 1141/1141/1141 1093/1093/1093 1088/1088/1088
f 1139/1139/1139 1091/1091/1091 1095/1095/1095
f 1143/1143/1143 1096/1096/1096 1100/1100/1100
f 1152/1152/1152 1105/1105/1105 1098/1098/1098
f 1153/1153/1153 1107/1107/1107 1117/1117/1117
f 1155/1155/1155 1110/1110/1110 1120/1120/1120
f 1159/1159/1159 1115/1115/1115 1124/1124/1124
f 1176/1176/1176 1128/1128/1128 1125/1125/1125
f 1178/1178/1178 1131/1131/1131 1128/1128/1128
f 1177/1177/1177 1129/1129/1129 1132/1132/1132
f 1180/1180/1180 1133/1133/1133 1135/1135/1135
f 1186/1186/1186 1137/1137/1137 1134/1134/1134
f 1190/1190/1190 1141/1141/1141 1136/1136/1136
f 1188/1188/1188 1139/1139/1139 1142/1142/1142
f 1202/1202/1202 1152/1152/1152 1144/1144/1144
f 1221/1221/1221 1178/1178/1178 1176/1176/1176
f 1220/1220/1220 1177/1177/1177 1179/1179/1179
f 1224/1224/1224 1182/1182/1182 1178/1178/1178
f 1222/1222/1222 1179/1179/1179 1183/1183/1183
f 1227/1227/1227 1185/1185/1185 1181/1181/1181
f 1226/1226/1226 1184/1184/1184 1187/1187/1187
f 1231/1231/1231 1190/1190/1190 1185/1185/1185
f 1229/1229/1229 1187/1187/1187 1191/1191/1191
f 1236/1236/1236 1195/1195/1195 1189/1189/1189
f 1255/1255/1255 1215/1215/1215 1212/1212/1212
f 1256/1256/1256 1217/1217/1217 1220/1220/1220
f 1264/1264/1264 1224/1224/1224 1221/1221/1221
f 1262/1262/1262 1222/1222/1222 1225/1225/1225
f 1266/1266/1266 1227/1227/1227 1223/1223/1223
f 1265/1265/1265 1225/1225/1225 1228/1228/1228
f 1268/1268/1268 1229/1229/1229 1232/1232/1232
f 1275/1275/1275 1236/1236/1236 1230/1230/1230
f 1273/1273/1273 1234/1234/1234 1237/1237/1237
f 1298/1298/1298 1257/1257/1257 1255/1255/1255
f 1297/1297/1297 1256/1256/1256 1259/1259/1259
f 1302/1302/1302 1263/1263/1263 1260/1260/1260
f 1303/1303/1303 1265/1265/1265 1267/1267/1267
f 1308/1308/1308 1270/1270/1270 1266/1266/1266
f 1306/1306/1306 1268/1268/1268 1271/1271/1271
f 1312/1312/1312 1275/1275/1275 1269/1269/1269
f 1310/1310/1310 1272/1272/1272 1276/1276/1276
f 1333/1333/1333 1297/1297/1297 1299/1299/1299
f 1336/1336/1336 1300/1300/1300 1298/1298/1298
f 1335/1335/1335 1299/1299/1299 1301/1301/1301
f 1339/1339/1339 1303/1303/1303 1305/1305/1305
f 1344/1344/1344 1308/1308/1308 1304/1304/1304
f 1342/1342/1342 1306/1306/1306 1309/1309/1309
f 1348/1348/1348 1312/1312/1312 1307/1307/1307
f 1355/1355/1355 1319/1319/1319 1311/1311/1311
f 1369/1369/1369 1333/1333/1333 1335/1335/1335
f 1372/1372/1372 1336/1336/1336 1334/1334/1334
f 1380/1380/1380 1344/1344/1344 1340/1340/1340
f 1384/1384/1384 1348/1348/1348 1343/1343/1343
f 1391/1391/1391 1355/1355/1355 1347/1347/1347
