# Tunnel_Cross_Collision - generated by tools/gen_cave_kit.py, do not edit
o Tunnel_Cross_Collision
v 4.000000 0.101318 -1.934672
v 4.000000 -0.069438 -1.505445
v 4.000000 -0.099328 -0.999929
v 4.000000 -0.091209 -0.499980
v 4.000000 -0.087622 0.000000
v 4.000000 -0.091209 0.499980
v 4.000000 -0.099328 0.999929
v 4.000000 -0.069438 1.505445
v 4.000000 0.101318 1.934672
v 4.000000 0.607997 -2.336538
v 4.000000 0.342985 -2.192959
v 4.000000 0.342985 2.192959
v 4.000000 0.607997 2.336538
v 4.000000 0.998976 -2.451794
v 4.000000 0.998976 2.451794
v 4.000000 1.500235 -2.504796
v 4.000000 1.500235 2.504796
v 4.000000 1.999903 -2.493615
v 4.000000 1.999903 2.493615
v 4.000000 2.501784 -2.427373
v 4.000000 2.501784 2.427373
v 4.000000 2.882664 -2.326525
v 4.000000 3.140114 -2.193808
v 4.000000 3.140114 2.193808
v 4.000000 2.882664 2.326525
v 4.000000 3.421503 -1.938023
v 4.000000 3.662922 -1.582112
v 4.000000 3.662922 1.582112
v 4.000000 3.421503 1.938023
v 4.000000 3.789063 -1.327630
v 4.000000 3.918724 -1.002389
v 4.000000 4.050795 -0.501186
v 4.000000 4.094719 0.000000
v 4.000000 4.050795 0.501186
v 4.000000 3.918724 1.002389
v 4.000000 3.789063 1.327630
v 3.499998 0.112779 -1.951714
v 3.499993 -0.070955 -1.497478
v 3.499968 -0.099336 -1.000526
v 3.499946 -0.091220 -0.500768
v 3.499938 -0.087622 -0.000000
v 3.499946 -0.091220 0.500768
v 3.499968 -0.099336 1.000525
v 3.499993 -0.070944 1.497538
v 3.499998 0.112768 1.951698
v 3.499939 0.582494 -2.325790
v 3.499979 0.328317 -2.181766
v 3.499979 0.328374 2.181810
v 3.499941 0.582076 2.325610
v 3.255952 1.233058 -2.755150
v 3.410693 1.061485 -2.493878
v 3.408596 1.064339 2.495757
v 3.254000 1.239151 2.753351
v 3.268860 1.500314 -2.765926
v 3.526875 1.508454 -2.505264
v 3.523221 1.508454 2.505264
v 3.267378 1.500247 2.764061
v 3.268800 1.858033 -2.765847
v 3.422625 2.001189 -2.520174
v 3.420899 1.997833 2.521730
v 3.268073 1.851933 2.764883
v 3.499860 2.482505 -2.430798
v 3.499861 2.482666 2.430769
v 3.499972 2.913394 -2.314352
v 3.499984 3.160456 -2.179763
v 3.499984 3.160439 2.179775
v 3.499972 2.913516 2.314302
v 3.499996 3.413763 -1.947002
v 3.499995 3.655220 -1.596030
v 3.499995 3.654586 1.597168
v 3.499996 3.414009 1.946718
v 3.499996 3.780584 -1.346374
v 3.499998 3.921134 -0.995443
v 3.499998 4.051394 -0.497768
v 3.499998 4.094719 0.000000
v 3.499998 4.051422 0.497612
v 3.499997 3.921307 0.994942
v 3.499995 3.780016 1.347622
v 2.768675 -0.259048 -1.766917
v 2.843227 -0.294744 -1.502629
v 2.917066 -0.314686 -1.000471
v 2.935436 -0.321206 -0.500262
v 2.940768 -0.324996 -0.000011
v 2.935774 -0.322333 0.500314
v 2.916507 -0.313517 1.000486
v 2.841534 -0.293759 1.502644
v 2.766715 -0.257913 1.765110
v 2.908774 0.165115 -2.354734
v 3.018251 -0.044498 -2.025390
v 3.096827 -0.216602 -1.505617
v 3.172011 -0.243492 -1.000965
v 3.192001 -0.246945 -0.500373
v 3.197524 -0.248035 0.000013
v 3.192163 -0.247006 0.500370
v 3.171368 -0.242930 1.001012
v 3.094966 -0.215780 1.505508
v 3.016646 -0.044279 2.022738
v 2.910223 0.159598 2.360812
v 2.855809 0.641400 -2.858440
v 3.049228 0.444418 -2.540037
v 3.243622 0.253901 -2.246839
v 3.243949 0.254393 2.246418
v 3.046781 0.447930 2.536709
v 2.852216 0.644838 2.851536
v 2.754465 1.235702 -3.255225
v 2.999211 1.050534 -3.003617
v 3.206826 0.884517 -2.727848
v 3.202461 0.891702 2.724356
v 2.991849 1.060802 2.989700
v 2.753493 1.238677 3.254183
v 2.765598 1.500341 -3.268446
v 3.070849 1.492989 -3.071735
v 3.050290 1.495221 3.053322
v 2.764044 1.500281 3.267116
v 2.766300 1.859684 -3.269387
v 3.048066 2.039057 -3.048386
v 3.245720 2.193096 -2.743505
v 3.244622 2.187430 2.744280
v 3.037213 2.028870 3.039716
v 2.765099 1.851476 3.268355
v 2.941386 2.510996 -2.942578
v 3.196095 2.510759 -2.708121
v 3.179486 2.517682 2.722489
v 2.923310 2.511795 2.924984
v 2.835000 2.865222 -2.835562
v 3.039304 3.055562 -2.536538
v 3.238634 3.238303 -2.242546
v 3.236510 3.239331 2.243883
v 3.030732 3.043288 2.532524
v 2.815765 2.832465 2.816866
v 2.904619 3.361314 -2.375772
v 3.043368 3.547554 -2.044269
v 3.171418 3.714323 -1.674491
v 3.162160 3.721411 1.680257
v 3.041153 3.552076 2.043741
v 2.903175 3.346472 2.357784
v 2.837838 3.795287 -1.830439
v 3.000892 3.860634 -1.502590
v 2.999149 4.044623 -0.999152
v 2.980474 4.180566 -0.512170
v 3.069313 4.197439 0.000015
v 2.975213 4.181625 0.511961
v 3.000730 4.057402 1.000603
v 2.997206 3.866791 1.507720
v 2.825621 3.785634 1.809257
v 2.801676 4.277029 -0.353337
v 2.820268 4.283883 0.000378
v 2.791282 4.265483 0.352818
v 2.275504 -0.262419 -2.275076
v 2.469211 -0.307032 -1.963458
v 2.504825 -0.393119 -1.501785
v 2.502201 -0.416244 -1.000137
v 2.501230 -0.416498 -0.500005
v 2.501104 -0.417932 -0.000009
v 2.501319 -0.419558 0.499988
v 2.502670 -0.420012 1.000073
v 2.504951 -0.393270 1.502000
v 2.470766 -0.306472 1.962291
v 2.278755 -0.264585 2.280040
v 2.354904 0.165880 -2.907034
v 2.482114 -0.001616 -2.482496
v 2.616031 -0.183046 -2.107856
v 2.617343 -0.184054 2.104063
v 2.497313 -0.023321 2.498545
v 2.361860 0.156167 2.910111
v 2.336538 0.607997 -4.000000
v 2.326009 0.583003 -3.499941
v 2.532144 0.451258 -3.043476
v 2.684491 0.325420 -2.685812
v 2.690226 0.321959 2.690895
v 2.536533 0.448181 3.046801
v 2.325867 0.582674 3.499941
v 2.336538 0.607997 4.000000
v 2.451794 0.998976 -4.000000
v 2.494386 1.062609 -3.410189
v 2.726166 0.886175 -3.202492
v 2.724491 0.890848 3.204650
v 2.495611 1.064106 3.408727
v 2.451794 0.998976 4.000000
v 2.504796 1.500235 -4.000000
v 2.505264 1.508454 -3.526432
v 2.505264 1.508454 3.523590
v 2.504796 1.500235 4.000000
v 2.493615 1.999903 -4.000000
v 2.519772 2.002076 -3.423173
v 2.743792 2.194730 -3.245745
v 2.744191 2.187054 3.244368
v 2.521519 1.997565 3.421284
v 2.493615 1.999903 4.000000
v 2.427373 2.501784 -4.000000
v 2.430858 2.482158 -3.499857
v 2.710154 2.510240 -3.196746
v 2.721985 2.517443 3.177758
v 2.430760 2.482723 3.499861
v 2.427373 2.501784 4.000000
v 2.326525 2.882664 -4.000000
v 2.313618 2.915180 -3.499970
v 2.540094 3.058638 -3.042166
v 2.713673 3.196833 -2.711832
v 2.680634 3.155449 2.682161
v 2.528550 3.040510 3.027154
v 2.314567 2.912869 3.499973
v 2.326525 2.882664 4.000000
v 2.377982 3.364368 -2.908407
v 2.520885 3.528021 -2.520542
v 2.667266 3.695934 -2.164665
v 2.612945 3.668647 2.137437
v 2.475652 3.495682 2.476228
v 2.350861 3.338621 2.897905
v 2.335447 3.801670 -2.336066
v 2.497893 3.875659 -1.996296
v 2.487111 4.112581 -1.499256
v 2.647808 4.186792 -0.998191
v 2.724778 4.241855 -0.686858
v 2.725768 4.242669 0.686159
v 2.617749 4.217443 1.004711
v 2.457318 4.106540 1.457536
v 2.467304 3.836496 1.982228
v 2.280502 3.763807 2.280212
v 2.318963 4.296703 -1.336855
v 2.403600 4.323839 -1.000521
v 2.538407 4.353499 -0.513151
v 2.505937 4.405701 -0.000121
v 2.535873 4.338267 0.511899
v 2.365647 4.303473 1.003928
v 2.256315 4.251966 1.255455
v 1.764717 -0.257743 -2.766543
v 1.961951 -0.305095 -2.468482
v 2.005631 -0.438518 -2.006276
v 2.003495 -0.507090 -1.500582
v 2.000845 -0.504835 -0.999973
v 2.000719 -0.499609 -0.499922
v 2.001008 -0.499700 -0.000136
v 2.001095 -0.502639 0.499883
v 2.001045 -0.505297 0.999955
v 2.003454 -0.504088 1.501615
v 2.004040 -0.429301 2.004934
v 1.963587 -0.308072 2.472515
v 1.766281 -0.258207 2.767174
v 1.934672 0.101318 -4.000000
v 1.951006 0.112293 -3.499999
v 2.023671 -0.042998 -3.015629
v 2.104985 -0.178861 -2.614655
v 2.106809 -0.189683 2.620705
v 2.023408 -0.046127 3.017079
v 1.951268 0.112473 3.499998
v 1.934672 0.101318 4.000000
v 2.192959 0.342985 -4.000000
v 2.181997 0.328615 -3.499980
v 2.245906 0.255203 -3.241404
v 2.245916 0.255105 3.242933
v 2.181938 0.328539 3.499980
v 2.192959 0.342985 4.000000
v 2.193808 3.140114 -4.000000
v 2.179152 3.161321 -3.499982
v 2.244528 3.241318 -3.242011
v 2.243350 3.238665 3.234862
v 2.179919 3.160235 3.499984
v 2.193808 3.140114 4.000000
v 1.938023 3.421503 -4.000000
v 1.947174 3.413613 -3.499995
v 2.053766 3.556066 -3.053947
v 2.173534 3.699275 -2.668465
v 2.154323 3.679338 2.620074
v 2.037623 3.538663 3.037581
v 1.946733 3.413996 3.499997
v 1.938023 3.421503 4.000000
v 1.840372 3.806321 -2.849287
v 2.008960 3.896962 -2.506510
v 2.012704 4.143972 -2.009441
v 2.178887 4.218217 -1.671024
v 2.113926 4.192919 1.591217
v 1.975161 4.104872 1.977926
v 2.004096 3.873231 2.481434
v 1.815571 3.791770 2.832916
v 1.841205 4.300983 -1.841211
v 2.012330 4.389279 -1.506594
v 2.013004 4.527852 -1.003313
v 2.005504 4.569317 -0.501820
v 2.004752 4.595929 0.001087
v 2.004351 4.556999 0.501784
v 2.002251 4.444943 1.001267
v 1.966393 4.304111 1.453341
v 1.777620 4.263023 1.782165
v 1.502612 -0.293578 -2.841561
v 1.502570 -0.397832 -2.506329
v 1.501458 -0.510425 -2.003295
v 1.501071 -0.562168 -1.500785
v 1.500924 -0.565731 -0.999923
v 1.500243 -0.555201 -0.499825
v 1.500654 -0.545137 0.000348
v 1.500003 -0.529879 0.500000
v 1.500080 -0.532716 1.000019
v 1.500078 -0.527291 1.500398
v 1.500724 -0.483376 2.001671
v 1.501863 -0.387840 2.504578
v 1.502547 -0.293155 2.840832
v 1.505445 -0.069438 -4.000000
v 1.497534 -0.070945 -3.499993
v 1.505352 -0.215375 -3.094620
v 1.505426 -0.215791 3.094374
v 1.497540 -0.070944 3.499993
v 1.505445 -0.069438 4.000000
v 1.582112 3.662922 -4.000000
v 1.598266 3.653973 -3.499994
v 1.681533 3.719843 -3.183509
v 1.675856 3.714616 3.166494
v 1.596659 3.654870 3.499995
v 1.582112 3.662922 4.000000
v 1.327630 3.789063 -4.000000
v 1.348992 3.779391 -3.499995
v 1.510425 3.882354 -3.011719
v 1.477855 4.130956 -2.471839
v 1.624154 4.208698 -2.168813
v 1.597771 4.198479 2.117089
v 1.464290 4.123279 2.465163
v 1.505027 3.863922 2.999723
v 1.346806 3.780388 3.499995
v 1.327630 3.789063 4.000000
v 1.292062 4.262724 -2.281802
v 1.471138 4.309846 -1.997269
v 1.500046 4.540800 -1.500611
v 1.504308 4.711516 -1.000724
v 1.479423 4.729987 -0.523830
v 1.474044 4.719441 -0.016565
v 1.500694 4.685519 0.499778
v 1.501306 4.632870 1.008689
v 1.490602 4.405544 1.486081
v 1.454945 4.284800 1.967246
v 1.262767 4.256344 2.261896
v 1.289705 4.776119 -0.369270
v 1.289318 4.762565 -0.195618
v 1.000485 -0.313415 -2.916365
v 0.999977 -0.416389 -2.501874
v 0.999874 -0.511482 -2.000964
v 0.999974 -0.563606 -1.500189
v 0.999824 -0.564794 -0.999917
v 0.999978 -0.551339 -0.500006
v 0.999830 -0.556500 0.000314
v 1.000000 -0.539351 0.499998
v 1.000001 -0.535757 1.000002
v 1.000119 -0.536517 1.500194
v 1.000000 -0.497005 2.001539
v 1.000123 -0.412221 2.502340
v 1.000441 -0.312419 2.914581
v 0.999929 -0.099328 -4.000000
v 1.000524 -0.099336 -3.499968
v 1.001011 -0.242772 -3.171209
v 1.000985 -0.243051 3.169208
v 1.000523 -0.099336 3.499968
v 0.999929 -0.099328 4.000000
v 1.002389 3.918724 -4.000000
v 0.994736 3.921379 -3.499997
v 1.000988 4.057750 -3.001309
v 1.000978 4.203256 -2.612801
v 1.001294 4.196769 2.587832
v 1.003560 4.056460 3.004380
v 0.995172 3.921228 3.499997
v 1.002389 3.918724 4.000000
v 0.999645 4.280257 -2.360456
v 0.997644 4.382349 -1.995101
v 0.997010 4.586261 -1.486155
v 1.037729 4.750265 -1.016557
v 1.227137 4.748736 -0.702015
v 1.164750 4.711385 0.137356
v 1.156284 4.753279 0.498107
v 1.103685 4.691873 0.997582
v 0.978014 4.641809 1.476457
v 0.999892 4.394225 1.999631
v 0.999751 4.272486 2.335255
v 0.893703 4.765801 -0.860101
v 1.035920 4.762385 -0.520141
v 0.995429 4.731336 -0.022753
v 0.910435 4.840408 0.488349
v 0.857235 4.792533 1.000648
v 0.781375 4.771577 1.281367
v 0.500173 -0.321690 -2.934995
v 0.500067 -0.419549 -2.501468
v 0.499972 -0.511251 -2.001426
v 0.500071 -0.573249 -1.500848
v 0.500000 -0.553972 -1.000002
v 0.499982 -0.539980 -0.499902
v 0.500047 -0.553661 0.000164
v 0.500005 -0.539632 0.499983
v 0.500053 -0.542723 1.000038
v 0.499915 -0.531341 1.500266
v 0.500056 -0.492630 2.000728
v 0.500111 -0.415186 2.501378
v 0.500211 -0.320211 2.933479
v 0.499980 -0.091209 -4.000000
v 0.500766 -0.091220 -3.499947
v 0.500316 -0.246966 -3.191283
v 0.500354 -0.247147 3.189837
v 0.500764 -0.091220 3.499947
v 0.499980 -0.091209 4.000000
v 0.501186 4.050795 -4.000000
v 0.497780 4.051392 -3.499998
v 0.474803 4.181110 -2.960619
v 0.624673 4.245437 -2.703612
v 0.648104 4.234527 2.687761
v 0.489399 4.177860 2.972232
v 0.497731 4.051401 3.499998
v 0.501186 4.050795 4.000000
v 0.290141 4.256727 -2.765321
v 0.474645 4.308398 -2.523342
v 0.500233 4.422863 -1.996797
v 0.499075 4.633587 -1.503608
v 0.500434 4.748861 -1.207491
v 0.502992 4.692031 1.598236
v 0.494294 4.466059 1.991163
v 0.489962 4.318494 2.514332
v 0.314604 4.264159 2.785581
v 0.516693 4.860085 -0.967196
v 0.499345 4.865376 -0.499080
v 0.504832 4.902453 0.003145
v 0.501775 4.906417 0.502100
v 0.500964 4.866082 1.001402
v 0.505727 4.828483 1.348895
v 0.000022 -0.322184 -2.938856
v -0.000033 -0.420979 -2.501416
v 0.000197 -0.516943 -2.001848
v 0.000319 -0.578488 -1.500810
v 0.000239 -0.568773 -0.999816
v 0.000068 -0.551592 -0.499930
v -0.000271 -0.550553 -0.000104
v -0.000039 -0.541899 0.499969
v -0.000181 -0.545158 1.000249
v 0.000005 -0.527749 1.500005
v 0.000045 -0.496639 2.000887
v 0.000007 -0.419315 2.501493
v 0.000099 -0.322311 2.939319
v -0.000000 -0.087622 -4.000000
v -0.000000 -0.087622 -3.499938
v 0.000034 -0.247813 -3.195724
v 0.000054 -0.247682 3.196227
v -0.000000 -0.087622 3.499938
v -0.000000 -0.087622 4.000000
v -0.000000 4.094719 -4.000000
v -0.000000 4.094719 -3.499999
v 0.000036 4.194592 -3.032219
v 0.000064 4.199104 3.057735
v -0.000000 4.094719 3.499998
v -0.000000 4.094719 4.000000
v 0.000378 4.268351 -2.782475
v 0.000325 4.322348 -2.500966
v -0.002043 4.410329 -1.993205
v 0.044895 4.606441 -1.434639
v 0.243268 4.749438 -1.246350
v -0.004159 4.708795 1.592029
v 0.001321 4.502101 1.990496
v 0.000198 4.371452 2.502566
v -0.000041 4.276207 2.807480
v -0.088055 4.782980 -1.297345
v 0.067014 4.923383 -1.109251
v 0.003201 4.968894 -0.502999
v 0.002873 5.045065 0.014749
v -0.001196 4.966278 0.516322
v 0.006819 4.806350 0.992565
v -0.003651 4.797464 1.330267
v -0.500204 -0.321419 -2.934547
v -0.500047 -0.417259 -2.501001
v -0.500048 -0.510710 -2.000471
v -0.499979 -0.579087 -1.501120
v -0.499681 -0.593161 -0.999779
v -0.499662 -0.569581 -0.499454
v -0.499982 -0.542929 0.000050
v -0.499896 -0.529192 0.500193
v -0.500017 -0.543617 1.000004
v -0.499666 -0.548310 1.500027
v -0.499640 -0.508364 2.001461
v -0.499922 -0.424209 2.501889
v -0.500139 -0.323600 2.937651
v -0.499980 -0.091209 -4.000000
v -0.500767 -0.091220 -3.499946
v -0.500346 -0.247446 -3.191073
v -0.500272 -0.246708 3.193950
v -0.500771 -0.091220 3.499946
v -0.499980 -0.091209 4.000000
v -0.501186 4.050795 -4.000000
v -0.497875 4.051376 -3.499998
v -0.482936 4.179599 -2.967877
v -0.638390 4.241113 -2.677735
v -0.670981 4.245053 2.712208
v -0.503048 4.186093 2.976171
v -0.497655 4.051414 3.499998
v -0.501186 4.050795 4.000000
v -0.303219 4.263967 -2.777163
v -0.482961 4.306051 -2.507509
v -0.500207 4.410869 -2.000399
v -0.499054 4.590769 -1.527728
v -0.670237 4.749929 1.220283
v -0.503209 4.690349 1.466445
v -0.500040 4.497032 2.000335
v -0.505531 4.343578 2.534118
v -0.336202 4.267484 2.790191
v -0.499950 4.794226 -1.306917
v -0.502129 4.931263 -1.007378
v -0.501556 4.976894 -0.506808
v -0.496233 4.903342 -0.014103
v -0.497897 4.839490 0.501717
v -0.499296 4.805657 1.033575
v -0.335721 4.761900 1.271087
v -1.000504 -0.313901 -2.916523
v -1.000056 -0.414986 -2.501793
v -0.999870 -0.516193 -2.001400
v -0.999831 -0.585600 -1.500999
v -1.000009 -0.591884 -0.999937
v -0.999924 -0.582000 -0.499482
v -0.999743 -0.562315 0.000187
v -1.000156 -0.550064 0.500083
v -0.999390 -0.574062 0.999812
v -0.999430 -0.571093 1.500434
v -0.999714 -0.522332 2.002224
v -1.000078 -0.422172 2.501942
v -1.000486 -0.317635 2.921279
v -0.999929 -0.099328 -4.000000
v -1.000525 -0.099336 -3.499968
v -1.000997 -0.242955 -3.171207
v -1.000959 -0.242893 3.176391
v -1.000530 -0.099336 3.499968
v -0.999929 -0.099328 4.000000
v -1.002389 3.918724 -4.000000
v -0.995195 3.921220 -3.499997
v -1.002792 4.050780 -3.003180
v -1.004554 4.194019 -2.506923
v -1.169289 4.223758 -2.189228
v -1.222431 4.241877 2.231775
v -1.035809 4.203817 2.528147
v -1.000870 4.045080 3.000828
v -0.995336 3.921171 3.499998
v -1.002389 3.918724 4.000000
v -0.840301 4.283622 -2.343900
v -0.999498 4.309052 -2.009696
v -0.963147 4.534463 -1.447067
v -1.144110 4.690562 -1.012618
v -1.188138 4.719325 -0.499837
v -1.190959 4.727382 -0.000026
v -1.205221 4.740210 0.333161
v -0.998237 4.718104 1.159701
v -1.000715 4.622295 1.501318
v -1.034931 4.383660 2.041542
v -0.890236 4.293376 2.377166
v -0.794497 4.775754 -1.282237
v -0.900742 4.872229 -1.018585
v -0.936268 4.830394 -0.499800
v -0.941996 4.813650 -0.000234
v -1.022551 4.785612 0.499820
v -0.999088 4.769544 0.914639
v -1.502533 -0.293531 -2.842542
v -1.501917 -0.391672 -2.504588
v -1.501171 -0.507730 -2.003371
v -1.501861 -0.575091 -1.500890
v -1.501482 -0.582629 -0.999933
v -1.500935 -0.571519 -0.499970
v -1.500687 -0.567566 0.000290
v -1.500225 -0.567378 0.500027
v -1.500247 -0.572467 0.999827
v -1.501594 -0.570718 1.500828
v -1.502093 -0.516388 2.004556
v -1.502552 -0.400085 2.505860
v -1.502817 -0.297583 2.848023
v -1.505445 -0.069438 -4.000000
v -1.497526 -0.070946 -3.499993
v -1.505428 -0.215569 -3.095977
v -1.505605 -0.216814 3.101512
v -1.497454 -0.070960 3.499993
v -1.505445 -0.069438 4.000000
v -1.582112 3.662922 -4.000000
v -1.596796 3.654793 -3.499995
v -1.678105 3.718553 -3.169251
v -1.675200 3.715646 3.154468
v -1.595978 3.655249 3.499996
v -1.582112 3.662922 4.000000
v -1.327630 3.789063 -4.000000
v -1.347280 3.780172 -3.499995
v -1.507042 3.865614 -3.001938
v -1.504659 4.072963 -2.508140
v -1.499299 4.188759 -2.097983
v -1.496926 4.185744 2.155614
v -1.506033 4.059667 2.506321
v -1.504627 3.854995 2.992692
v -1.346114 3.780703 3.499996
v -1.327630 3.789063 4.000000
v -1.497910 4.273174 -1.843798
v -1.502142 4.434677 -1.515995
v -1.496819 4.503314 -0.997206
v -1.497746 4.619945 -0.496527
v -1.500019 4.689331 -0.000267
v -1.472882 4.716935 0.498424
v -1.491002 4.741382 1.011283
v -1.500238 4.520209 1.500432
v -1.498853 4.324149 1.907305
v -1.285866 4.766680 0.665545
v -1.284573 4.782238 0.836729
v -1.767177 -0.258389 -2.768058
v -1.963461 -0.308467 -2.474838
v -2.004641 -0.439610 -2.005413
v -2.002926 -0.509113 -1.500415
v -2.000505 -0.508294 -1.000004
v -2.000612 -0.509355 -0.500027
v -2.000850 -0.513407 -0.000081
v -2.001642 -0.525979 0.499637
v -2.002571 -0.530373 1.000197
v -2.002406 -0.504574 1.501103
v -2.005174 -0.430285 2.005124
v -1.964942 -0.304248 2.465502
v -1.769746 -0.260393 2.771531
v -1.934672 0.101318 -4.000000
v -1.951481 0.112619 -3.499998
v -2.022834 -0.045753 -3.017413
v -2.106411 -0.191209 -2.624553
v -2.107826 -0.185689 2.607926
v -2.025235 -0.046731 3.020032
v -1.951522 0.112647 3.499998
v -1.934672 0.101318 4.000000
v -2.192959 0.342985 -4.000000
v -2.181852 0.328428 -3.499979
v -2.245958 0.254871 -3.243878
v -2.246169 0.254595 3.244114
v -2.181807 0.328370 3.499979
v -2.192959 0.342985 4.000000
v -2.193808 3.140114 -4.000000
v -2.179792 3.160415 -3.499984
v -2.242774 3.238413 -3.237220
v -2.241848 3.236645 3.234315
v -2.180225 3.159801 3.499985
v -2.193808 3.140114 4.000000
v -1.938023 3.421503 -4.000000
v -1.946536 3.414167 -3.499996
v -2.040644 3.545281 -3.040434
v -2.157851 3.690333 -2.649429
v -2.146257 3.687540 2.653729
v -2.033350 3.542249 3.030931
v -1.946479 3.414216 3.499997
v -1.938023 3.421503 4.000000
v -1.821722 3.794643 -2.835207
v -2.009726 3.892383 -2.506381
v -1.971953 4.117112 -1.971992
v -2.121895 4.198409 -1.504055
v -2.215129 4.232327 -1.199362
v -2.170500 4.221605 1.649938
v -2.000208 4.112528 1.991502
v -1.985615 3.849667 2.490029
v -1.810152 3.779997 2.818883
v -1.768754 4.257432 -1.775374
v -1.879054 4.328752 -1.509122
v -2.027803 4.357510 -1.018742
v -2.013730 4.539016 -0.509827
v -2.016406 4.610586 0.000572
v -2.003689 4.553750 0.501168
v -2.006960 4.492290 1.002200
v -2.006284 4.359498 1.493430
v -1.834823 4.294262 1.821677
v -2.285587 -0.267256 -2.285263
v -2.474321 -0.308407 -1.964198
v -2.505323 -0.396672 -1.502126
v -2.502165 -0.419235 -1.000146
v -2.501672 -0.423665 -0.500026
v -2.501466 -0.427804 -0.000143
v -2.502504 -0.434964 0.499957
v -2.502580 -0.427683 1.000303
v -2.504994 -0.395527 1.502179
v -2.467028 -0.306484 1.964418
v -2.270388 -0.258782 2.269975
v -2.374660 0.162260 -2.904904
v -2.511852 -0.036297 -2.516917
v -2.621977 -0.191692 -2.105866
v -2.609933 -0.187510 2.106871
v -2.486646 -0.012260 2.485440
v -2.364664 0.157004 2.910001
v -2.336538 0.607997 -4.000000
v -2.325941 0.582845 -3.499939
v -2.541892 0.437180 -3.050786
v -2.715373 0.286293 -2.719950
v -2.694508 0.316022 2.692442
v -2.540490 0.443809 3.051047
v -2.325900 0.582751 3.499939
v -2.336538 0.607997 4.000000
v -2.451794 0.998976 -4.000000
v -2.491531 1.058753 -3.413450
v -2.716361 0.883883 -3.215730
v -2.721734 0.881818 3.211489
v -2.491958 1.059193 3.412964
v -2.451794 0.998976 4.000000
v -2.504796 1.500235 -4.000000
v -2.505264 1.508454 -3.531530
v -2.505264 1.508454 3.530609
v -2.504796 1.500235 4.000000
v -2.493615 1.999903 -4.000000
v -2.517659 2.006015 -3.425732
v -2.744383 2.201978 -3.246133
v -2.743651 2.196599 3.245307
v -2.518272 2.002908 3.425187
v -2.493615 1.999903 4.000000
v -2.427373 2.501784 -4.000000
v -2.430845 2.482232 -3.499857
v -2.714087 2.513207 -3.192827
v -2.714866 2.514988 3.184316
v -2.430762 2.482708 3.499861
v -2.427373 2.501784 4.000000
v -2.326525 2.882664 -4.000000
v -2.314466 2.913115 -3.499972
v -2.527931 3.044306 -3.032203
v -2.695953 3.175205 -2.691914
v -2.694211 3.170335 2.696977
v -2.529518 3.043072 3.029653
v -2.314900 2.912053 3.499973
v -2.326525 2.882664 4.000000
v -2.359000 3.350151 -2.901012
v -2.489267 3.499735 -2.493418
v -2.634277 3.666571 -2.108461
v -2.661469 3.700019 2.169114
v -2.516575 3.532599 2.517046
v -2.359615 3.351453 2.898957
v -2.301924 3.780182 -2.310171
v -2.485590 3.838123 -1.968822
v -2.505052 4.018350 -1.504527
v -2.511953 4.190928 -1.024591
v -2.678338 4.222755 -0.597401
v -2.712559 4.233213 0.632257
v -2.633526 4.195649 0.999961
v -2.476952 4.112242 1.485701
v -2.499613 3.885895 2.004421
v -2.321348 3.785348 2.318210
v -2.347060 4.290717 -0.868287
v -2.511357 4.328349 -0.460728
v -2.508427 4.388610 0.000927
v -2.525275 4.323376 0.478220
v -2.382990 4.304023 0.999775
v -2.296340 4.265674 1.311156
v -2.769995 -0.259490 -1.769132
v -2.845120 -0.295472 -1.502660
v -2.918054 -0.314584 -1.000449
v -2.936118 -0.322341 -0.500227
v -2.941658 -0.324943 -0.000087
v -2.938570 -0.324419 0.500215
v -2.920201 -0.316781 1.000489
v -2.844200 -0.295239 1.502728
v -2.768095 -0.258550 1.766889
v -2.915241 0.146150 -2.387309
v -3.020926 -0.050309 -2.024552
v -3.098620 -0.216213 -1.505425
v -3.172865 -0.242253 -1.000941
v -3.192412 -0.246465 -0.500346
v -3.198373 -0.247134 -0.000033
v -3.194704 -0.245774 0.500337
v -3.174961 -0.241886 1.000929
v -3.097810 -0.216472 1.505552
v -3.019438 -0.047917 2.024947
v -2.912212 0.156474 2.364427
v -2.873699 0.608592 -2.871336
v -3.057046 0.431745 -2.549857
v -3.246314 0.253442 -2.247054
v -3.245054 0.253575 2.247062
v -3.051500 0.442973 2.539660
v -2.862188 0.633221 2.861860
v -2.757106 1.227595 -3.257797
v -3.028823 1.034823 -3.029011
v -3.217730 0.882022 -2.717837
v -3.210735 0.884291 2.721791
v -3.024211 1.037018 3.017883
v -2.756854 1.228423 3.257541
v -2.768597 1.500428 -3.270528
v -3.092972 1.493789 -3.093913
v -3.095602 1.491734 3.086678
v -2.768230 1.500395 3.270208
v -2.768011 1.866869 -3.270461
v -3.055836 2.050176 -3.055107
v -3.245308 2.196261 -2.743246
v -3.245876 2.199498 2.744298
v -3.061791 2.051401 3.060802
v -2.767675 1.861241 3.270069
v -2.936315 2.512707 -2.936002
v -3.188918 2.513321 -2.710580
v -3.186147 2.515133 2.716488
v -2.928076 2.512301 2.929132
v -2.821932 2.842098 -2.821951
v -3.028488 3.041525 -2.523365
v -3.232371 3.235514 -2.240948
v -3.236498 3.237554 2.242269
v -3.030643 3.043462 2.530946
v -2.818107 2.839154 2.818127
v -2.897566 3.340035 -2.357439
v -3.016145 3.541217 -2.020252
v -3.125000 3.715304 -1.672189
v -3.173107 3.718499 1.679369
v -3.042437 3.548015 2.044609
v -2.900565 3.356348 2.361203
v -2.789875 3.764500 -1.777507
v -2.973833 3.833925 -1.501026
v -3.000732 4.022460 -1.000836
v -2.953221 4.158305 -0.457318
v -3.022357 4.183056 0.000039
v -2.963558 4.172231 0.479304
v -3.002173 4.055851 1.001542
v -3.005222 3.874495 1.508804
v -2.836547 3.791359 1.828723
v -2.758012 4.252257 -0.263984
v -2.777104 4.266451 -0.000270
v -2.773488 4.258946 0.299039
v -3.499998 0.113193 -1.952316
v -3.499993 -0.070953 -1.497490
v -3.499968 -0.099336 -1.000524
v -3.499946 -0.091220 -0.500766
v -3.499938 -0.087622 0.000000
v -3.499946 -0.091220 0.500768
v -3.499968 -0.099336 1.000526
v -3.499993 -0.070954 1.497484
v -3.499998 0.113023 1.952069
v -3.499937 0.582044 -2.325597
v -3.499978 0.328105 -2.181600
v -3.499978 0.328204 2.181677
v -3.499939 0.582002 2.325579
v -3.258323 1.225535 -2.757630
v -3.413819 1.057885 -2.491185
v -3.411918 1.060241 2.492830
v -3.256805 1.230559 2.756124
v -3.270597 1.500400 -2.768672
v -3.531669 1.508454 -2.505264
v -3.529783 1.508454 2.505264
v -3.269851 1.500406 2.767759
v -3.270026 1.860985 -2.767578
v -3.425351 2.002777 -2.518177
v -3.425119 2.004566 2.518206
v -3.270300 1.864251 2.767792
v -3.499862 2.482819 -2.430743
v -3.499859 2.482481 2.430802
v -3.499974 2.911313 -2.315202
v -3.499986 3.159527 -2.180418
v -3.499984 3.160170 2.179965
v -3.499973 2.912833 2.314581
v -3.499997 3.414225 -1.946469
v -3.499996 3.656068 -1.594507
v -3.499995 3.654439 1.597431
v -3.499996 3.414402 1.946265
v -3.499996 3.781379 -1.344628
v -3.499998 3.920806 -0.996390
v -3.499999 4.051302 -0.498299
v -3.499999 4.094719 0.000000
v -3.499998 4.051354 0.497998
v -3.499997 3.921234 0.995155
v -3.499995 3.779896 1.347884
v -4.000000 0.101318 -1.934672
v -4.000000 -0.069438 -1.505445
v -4.000000 -0.099328 -0.999929
v -4.000000 -0.091209 -0.499980
v -4.000000 -0.087622 0.000000
v -4.000000 -0.091209 0.499980
v -4.000000 -0.099328 0.999929
v -4.000000 -0.069438 1.505445
v -4.000000 0.101318 1.934672
v -4.000000 0.607997 -2.336538
v -4.000000 0.342985 -2.192959
v -4.000000 0.342985 2.192959
v -4.000000 0.607997 2.336538
v -4.000000 0.998976 -2.451794
v -4.000000 0.998976 2.451794
v -4.000000 1.500235 -2.504796
v -4.000000 1.500235 2.504796
v -4.000000 1.999903 -2.493615
v -4.000000 1.999903 2.493615
v -4.000000 2.501784 -2.427373
v -4.000000 2.501784 2.427373
v -4.000000 2.882664 -2.326525
v -4.000000 3.140114 -2.193808
v -4.000000 3.140114 2.193808
v -4.000000 2.882664 2.326525
v -4.000000 3.421503 -1.938023
v -4.000000 3.662922 -1.582112
v -4.000000 3.662922 1.582112
v -4.000000 3.421503 1.938023
v -4.000000 3.789063 -1.327630
v -4.000000 3.918724 -1.002389
v -4.000000 4.050795 -0.501186
v -4.000000 4.094719 0.000000
v -4.000000 4.050795 0.501186
v -4.000000 3.918724 1.002389
v -4.000000 3.789063 1.327630
vt -0.990881 -0.496839
vt -1.006249 -0.367334
vt -1.008940 -0.237069
vt -1.008209 -0.113138
vt -1.007886 0.011391
vt -1.008209 0.136852
vt -1.008940 0.262895
vt -1.006249 0.385388
vt -0.990881 0.470497
vt -0.945280 -0.663174
vt -0.969131 -0.592828
vt -0.969131 0.503652
vt -0.945280 0.505095
vt -0.910092 -0.742815
vt -0.910092 0.483081
vt -0.864979 -0.821230
vt -0.864979 0.431168
vt -0.820009 -0.883391
vt -0.820009 0.363416
vt -0.774839 -0.932075
vt -0.774839 0.281611
vt -0.740560 -0.956378
vt -0.717390 -0.956667
vt -0.717390 0.140237
vt -0.740560 0.206885
vt -0.692065 -0.929301
vt -0.670337 -0.871708
vt -0.670337 -0.080652
vt -0.692065 0.039710
vt -0.658984 -0.824486
vt -0.647315 -0.760031
vt -0.635428 -0.651900
vt -0.631475 -0.532314
vt -0.635428 -0.401307
vt -0.647315 -0.258837
vt -0.658984 -0.160671
vt -0.864849 -0.502590
vt -0.881384 -0.365145
vt -0.883932 -0.237218
vt -0.883196 -0.113334
vt -0.882870 0.011391
vt -0.883196 0.137051
vt -0.883932 0.263045
vt -0.881383 0.383607
vt -0.864850 0.473265
vt -0.822560 -0.657172
vt -0.845446 -0.588123
vt -0.845441 0.502764
vt -0.822598 0.505733
vt -0.703013 -0.849085
vt -0.757140 -0.761463
vt -0.756359 0.485575
vt -0.701976 0.527248
vt -0.682187 -0.886522
vt -0.745958 -0.822415
vt -0.745044 0.430217
vt -0.681822 0.495983
vt -0.649977 -0.933006
vt -0.675549 -0.890198
vt -0.675420 0.370714
vt -0.650344 0.450469
vt -0.651539 -0.930425
vt -0.651525 0.284946
vt -0.612788 -0.957329
vt -0.590555 -0.955800
vt -0.590556 0.134087
vt -0.612777 0.199818
vt -0.567760 -0.930540
vt -0.546029 -0.874186
vt -0.546086 -0.075804
vt -0.567738 0.042858
vt -0.534746 -0.828069
vt -0.522097 -0.758608
vt -0.510374 -0.651123
vt -0.506475 -0.532314
vt -0.510372 -0.402282
vt -0.522082 -0.261034
vt -0.534797 -0.154497
vt -0.715483 -0.408053
vt -0.737334 -0.337341
vt -0.757588 -0.209209
vt -0.762768 -0.083309
vt -0.764442 0.042247
vt -0.762953 0.166982
vt -0.757343 0.290879
vt -0.736822 0.413850
vt -0.714891 0.474806
vt -0.712333 -0.610148
vt -0.758568 -0.500563
vt -0.793701 -0.348246
vt -0.814917 -0.218587
vt -0.820225 -0.092990
vt -0.821704 0.032248
vt -0.820271 0.157203
vt -0.814706 0.281834
vt -0.793162 0.404428
vt -0.758147 0.511441
vt -0.713192 0.569455
vt -0.656226 -0.797992
vt -0.722309 -0.692784
vt -0.788054 -0.594717
vt -0.788092 0.528533
vt -0.721381 0.575946
vt -0.655019 0.629055
vt -0.577403 -0.974447
vt -0.655255 -0.887474
vt -0.722100 -0.796949
vt -0.720362 0.565168
vt -0.652490 0.609521
vt -0.576892 0.652518
vt -0.556369 -1.012156
vt -0.633343 -0.962022
vt -0.628003 0.568952
vt -0.555986 0.621743
vt -0.524203 -1.059106
vt -0.578501 -1.027174
vt -0.614051 -0.970979
vt -0.614287 0.401704
vt -0.576705 0.496176
vt -0.524642 0.576397
vt -0.509357 -1.062074
vt -0.573056 -1.003429
vt -0.568280 0.353323
vt -0.504766 0.404713
vt -0.450880 -1.081369
vt -0.484825 -1.031358
vt -0.518211 -0.981616
vt -0.517588 0.139858
vt -0.483787 0.237504
vt -0.449019 0.335996
vt -0.423637 -1.030914
vt -0.441562 -0.972249
vt -0.458565 -0.901485
vt -0.455613 -0.063719
vt -0.440601 0.049165
vt -0.424611 0.154405
vt -0.367884 -0.950997
vt -0.402766 -0.877530
vt -0.385771 -0.775589
vt -0.368867 -0.671516
vt -0.389559 -0.545663
vt -0.367457 -0.415621
vt -0.385016 -0.277311
vt -0.401290 -0.125753
vt -0.365698 -0.039818
vt -0.315486 -0.644348
vt -0.319518 -0.556810
vt -0.313927 -0.466308
vt -0.592494 -0.534655
vt -0.644936 -0.450950
vt -0.661587 -0.324341
vt -0.663012 -0.195923
vt -0.662792 -0.070857
vt -0.662890 0.054329
vt -0.663090 0.179540
vt -0.663469 0.304620
vt -0.661632 0.426625
vt -0.645274 0.530414
vt -0.593501 0.604406
vt -0.573797 -0.748323
vt -0.620674 -0.620414
vt -0.670482 -0.503168
vt -0.670901 0.549943
vt -0.626427 0.627668
vt -0.576410 0.707226
vt -0.529415 -1.079040
vt -0.529032 -0.950776
vt -0.592423 -0.819532
vt -0.641835 -0.713758
vt -0.643580 0.630869
vt -0.593797 0.703437
vt -0.529026 0.799238
vt -0.529415 0.920960
vt -0.523041 -1.129867
vt -0.527962 -0.990686
vt -0.601786 -0.915826
vt -0.600946 0.685352
vt -0.528133 0.713848
vt -0.523041 0.870133
vt -0.491178 -1.195031
vt -0.490555 -1.077707
vt -0.490555 0.684798
vt -0.491178 0.804969
vt -0.443412 -1.259987
vt -0.449756 -1.116063
vt -0.488422 -1.096751
vt -0.489213 0.526775
vt -0.450599 0.595638
vt -0.443412 0.740013
vt -0.381683 -1.325232
vt -0.384320 -1.197645
vt -0.451617 -1.125518
vt -0.453926 0.467172
vt -0.384245 0.552211
vt -0.381683 0.674768
vt -0.322192 -1.374746
vt -0.316038 -1.253966
vt -0.359746 -1.158164
vt -0.390703 -1.093546
vt -0.386168 0.260332
vt -0.358492 0.361522
vt -0.316483 0.496320
vt -0.322192 0.625254
vt -0.291702 -1.164470
vt -0.312699 -1.088778
vt -0.334182 -1.021638
vt -0.323058 0.057435
vt -0.304301 0.164618
vt -0.287239 0.290455
vt -0.241711 -1.078234
vt -0.275664 -1.002910
vt -0.251645 -0.909449
vt -0.285141 -0.793831
vt -0.299428 -0.723156
vt -0.299602 -0.380007
vt -0.274867 -0.297090
vt -0.244741 -0.169466
vt -0.271541 -0.003188
vt -0.231383 0.080758
vt -0.193037 -0.892785
vt -0.211754 -0.812229
vt -0.242787 -0.694243
vt -0.229971 -0.572771
vt -0.243524 -0.436000
vt -0.204099 -0.308470
vt -0.181402 -0.238892
vt -0.464376 -0.658129
vt -0.517946 -0.577458
vt -0.540874 -0.444562
vt -0.546512 -0.309224
vt -0.545646 -0.184365
vt -0.545144 -0.060031
vt -0.545225 0.064927
vt -0.545511 0.190314
vt -0.545738 0.315677
vt -0.546231 0.440935
vt -0.539647 0.557043
vt -0.518623 0.658178
vt -0.464809 0.725360
vt -0.474549 -1.013171
vt -0.477645 -0.889598
vt -0.509788 -0.748317
vt -0.542344 -0.630412
vt -0.543774 0.679835
vt -0.510003 0.760266
vt -0.477694 0.860378
vt -0.474549 0.986829
vt -0.517371 -1.044588
vt -0.515924 -0.917715
vt -0.538508 -0.843527
vt -0.538520 0.777569
vt -0.515916 0.832285
vt -0.517371 0.955412
vt -0.265842 -1.408215
vt -0.260269 -1.285967
vt -0.269413 -1.231874
vt -0.269358 0.387689
vt -0.260559 0.464166
vt -0.265842 0.591785
vt -0.176570 -1.444795
vt -0.179568 -1.318769
vt -0.193396 -1.225775
vt -0.210449 -1.148022
vt -0.207440 0.176704
vt -0.190926 0.299369
vt -0.179424 0.431180
vt -0.176570 0.555205
vt -0.117524 -1.207144
vt -0.151513 -1.133233
vt -0.130219 -1.041076
vt -0.165082 -0.966124
vt -0.151119 -0.147275
vt -0.124352 -0.039152
vt -0.152433 0.116838
vt -0.112633 0.215299
vt -0.073213 -1.019431
vt -0.108047 -0.947255
vt -0.095744 -0.839449
vt -0.090137 -0.719466
vt -0.087554 -0.597199
vt -0.090958 -0.466964
vt -0.100518 -0.327526
vt -0.104228 -0.196199
vt -0.060733 -0.108652
vt -0.402075 -0.672225
vt -0.411447 -0.574864
vt -0.421303 -0.434468
vt -0.425863 -0.302114
vt -0.426147 -0.176436
vt -0.425029 -0.052780
vt -0.424226 0.070955
vt -0.422690 0.193884
vt -0.422964 0.319258
vt -0.422476 0.443647
vt -0.418685 0.563257
vt -0.410371 0.676564
vt -0.402021 0.748318
vt -0.382611 -0.990973
vt -0.380769 -0.865776
vt -0.395722 -0.745656
vt -0.395778 0.801646
vt -0.380770 0.884221
vt -0.382611 1.009027
vt -0.065865 -1.476180
vt -0.070709 -1.350015
vt -0.085597 -1.279457
vt -0.084649 0.308723
vt -0.070226 0.399866
vt -0.065865 0.523820
vt 0.009108 -1.492578
vt 0.002897 -1.366320
vt -0.028194 -1.257636
vt 0.002322 -1.154984
vt -0.027256 -1.089334
vt -0.021580 -0.016530
vt 0.005023 0.080265
vt -0.028504 0.247621
vt 0.003533 0.383548
vt 0.009108 0.507422
vt 0.060630 -1.124605
vt 0.020102 -1.059597
vt 0.033661 -0.965457
vt 0.047959 -0.862678
vt 0.055843 -0.745856
vt 0.056239 -0.617669
vt 0.046523 -0.484173
vt 0.041632 -0.350101
vt 0.023849 -0.201201
vt 0.021896 -0.065212
vt 0.067379 0.012149
vt 0.107424 -0.713213
vt 0.106301 -0.668038
vt -0.278329 -0.688347
vt -0.287469 -0.571338
vt -0.296002 -0.433748
vt -0.300718 -0.301778
vt -0.300788 -0.176556
vt -0.299615 -0.053327
vt -0.300042 0.072423
vt -0.298541 0.195115
vt -0.298218 0.319649
vt -0.298316 0.444796
vt -0.294731 0.564995
vt -0.287131 0.679174
vt -0.278228 0.769260
vt -0.258922 -0.987087
vt -0.259071 -0.862078
vt -0.272102 -0.761242
vt -0.272121 0.823899
vt -0.259071 0.887906
vt -0.258922 1.012913
vt 0.102088 -1.509434
vt 0.104240 -1.384779
vt 0.114950 -1.277835
vt 0.128048 -1.199623
vt 0.127386 0.101378
vt 0.114191 0.223755
vt 0.104117 0.365240
vt 0.102088 0.490566
vt 0.135312 -1.146547
vt 0.145001 -1.068481
vt 0.163511 -0.967753
vt 0.168092 -0.871674
vt 0.120602 -0.792839
vt 0.132837 -0.578141
vt 0.138724 -0.493399
vt 0.146347 -0.360548
vt 0.173259 -0.234321
vt 0.145507 -0.071342
vt 0.134586 0.028391
vt 0.205496 -0.834579
vt 0.169635 -0.749145
vt 0.176963 -0.620762
vt 0.208028 -0.507166
vt 0.217019 -0.372867
vt 0.234098 -0.299963
vt -0.153995 -0.691929
vt -0.162776 -0.570826
vt -0.171006 -0.433894
vt -0.176610 -0.300690
vt -0.174857 -0.177984
vt -0.173594 -0.054778
vt -0.174841 0.072017
vt -0.173568 0.195148
vt -0.173858 0.320564
vt -0.172800 0.444141
vt -0.169351 0.564224
vt -0.162395 0.679319
vt -0.153872 0.774997
vt -0.133204 -0.988143
vt -0.133401 -0.863128
vt -0.147306 -0.765715
vt -0.147332 0.829588
vt -0.133401 0.886845
vt -0.133204 1.011857
vt 0.239275 -1.526603
vt 0.240180 -1.401681
vt 0.257599 -1.283699
vt 0.225921 -1.227810
vt 0.219082 0.121452
vt 0.253658 0.199936
vt 0.240193 0.348317
vt 0.239275 0.473397
vt 0.310570 -1.244705
vt 0.269095 -1.190927
vt 0.272999 -1.074171
vt 0.292254 -0.978268
vt 0.302289 -0.919225
vt 0.296535 -0.210405
vt 0.278372 -0.082797
vt 0.266174 0.067179
vt 0.305123 0.142054
vt 0.308234 -0.873610
vt 0.313048 -0.757269
vt 0.315013 -0.636533
vt 0.316134 -0.512309
vt 0.312706 -0.382240
vt 0.308132 -0.290479
vt -0.029002 -0.692830
vt -0.037880 -0.570627
vt -0.046574 -0.433259
vt -0.052144 -0.299999
vt -0.051249 -0.176014
vt -0.049660 -0.053276
vt -0.049482 0.071546
vt -0.048761 0.195439
vt -0.049019 0.320933
vt -0.047499 0.443609
vt -0.044709 0.564785
vt -0.037740 0.679884
vt -0.029033 0.776730
vt -0.007886 -0.988609
vt -0.007886 -0.863594
vt -0.022312 -0.766715
vt -0.022305 0.831255
vt -0.007886 0.886375
vt -0.007886 1.011391
vt 0.368525 -1.532314
vt 0.368525 -1.407313
vt 0.377504 -1.303352
vt 0.377903 0.218550
vt 0.368525 0.342686
vt 0.368525 0.467686
vt 0.384057 -1.250504
vt 0.388930 -1.187147
vt 0.397440 -1.071644
vt 0.403356 -0.957497
vt 0.366632 -0.929014
vt 0.424831 -0.214136
vt 0.404859 -0.087649
vt 0.393381 0.057353
vt 0.384869 0.145963
vt 0.452482 -0.946124
vt 0.426351 -0.917353
vt 0.446400 -0.771706
vt 0.453338 -0.652171
vt 0.447264 -0.516536
vt 0.430867 -0.376684
vt 0.432684 -0.291103
vt 0.096123 -0.691852
vt 0.087458 -0.571007
vt 0.079048 -0.433725
vt 0.072877 -0.299999
vt 0.071536 -0.172834
vt 0.073653 -0.050818
vt 0.076132 0.070593
vt 0.077347 0.193843
vt 0.076079 0.320671
vt 0.075569 0.446287
vt 0.079157 0.566453
vt 0.086802 0.680619
vt 0.095911 0.776481
vt 0.116786 -0.988143
vt 0.116982 -0.863128
vt 0.102816 -0.765600
vt 0.102864 0.830559
vt 0.116983 0.886845
vt 0.116786 1.011857
vt 0.489868 -1.526603
vt 0.489093 -1.401678
vt 0.496898 -1.285317
vt 0.541298 -1.220779
vt 0.549800 0.126195
vt 0.502510 0.199851
vt 0.489041 0.348316
vt 0.489868 0.473397
vt 0.459562 -1.248606
vt 0.508285 -1.186664
vt 0.522030 -1.073513
vt 0.537933 -0.978732
vt 0.595053 -0.312420
vt 0.547934 -0.243134
vt 0.529743 -0.084530
vt 0.517305 0.068864
vt 0.468124 0.142775
vt 0.556468 -0.949979
vt 0.569346 -0.892909
vt 0.573310 -0.773698
vt 0.565359 -0.640960
vt 0.560028 -0.503704
vt 0.557333 -0.366342
vt 0.512501 -0.301275
vt 0.221875 -0.688324
vt 0.212665 -0.571500
vt 0.203510 -0.433245
vt 0.197254 -0.299122
vt 0.196733 -0.173039
vt 0.197601 -0.049211
vt 0.199327 0.073148
vt 0.200533 0.196529
vt 0.198182 0.324581
vt 0.198459 0.449351
vt 0.202919 0.568459
vt 0.212024 0.680368
vt 0.221534 0.771612
vt 0.241043 -0.987087
vt 0.241191 -0.862078
vt 0.228383 -0.761218
vt 0.228379 0.825674
vt 0.241192 0.887906
vt 0.241043 1.012913
vt 0.603282 -1.509434
vt 0.601709 -1.384758
vt 0.615268 -1.277396
vt 0.628600 -1.171953
vt 0.672460 -1.096395
vt 0.687377 0.006500
vt 0.637296 0.085540
vt 0.614275 0.224347
vt 0.601739 0.365247
vt 0.603282 0.490566
vt 0.595601 -1.142846
vt 0.637689 -1.062601
vt 0.648888 -0.951247
vt 0.708178 -0.862927
vt 0.721774 -0.738471
vt 0.723204 -0.614566
vt 0.727924 -0.532937
vt 0.674189 -0.323428
vt 0.666185 -0.225569
vt 0.653262 -0.059490
vt 0.608963 0.036153
vt 0.628442 -0.941407
vt 0.663686 -0.888036
vt 0.668802 -0.752901
vt 0.668727 -0.625833
vt 0.686343 -0.497175
vt 0.679031 -0.391381
vt 0.349215 -0.672476
vt 0.340229 -0.575230
vt 0.329597 -0.434838
vt 0.323707 -0.300461
vt 0.322934 -0.174241
vt 0.323797 -0.050695
vt 0.324091 0.073856
vt 0.323992 0.198766
vt 0.323540 0.324377
vt 0.324034 0.449400
vt 0.329048 0.568269
vt 0.339630 0.678476
vt 0.348922 0.750692
vt 0.370112 -0.990973
vt 0.367996 -0.865775
vt 0.356956 -0.745970
vt 0.356888 0.803564
vt 0.367977 0.884223
vt 0.370112 1.009027
vt 0.725191 -1.476180
vt 0.728130 -1.350122
vt 0.754196 -1.275725
vt 0.753208 0.305583
vt 0.727967 0.399816
vt 0.725191 0.523820
vt 0.672923 -1.492578
vt 0.677035 -1.366421
vt 0.724666 -1.253014
vt 0.742731 -1.156520
vt 0.751813 -1.069035
vt 0.750948 -0.005243
vt 0.741878 0.098823
vt 0.723106 0.247024
vt 0.676792 0.383508
vt 0.672923 0.507422
vt 0.759063 -1.016462
vt 0.774656 -0.955507
vt 0.779503 -0.834732
vt 0.790232 -0.724725
vt 0.797045 -0.609680
vt 0.792745 -0.488596
vt 0.799475 -0.363559
vt 0.781878 -0.212519
vt 0.763887 -0.085313
vt 0.750468 -0.453282
vt 0.751545 -0.412509
vt 0.418539 -0.658424
vt 0.463103 -0.578609
vt 0.461595 -0.444204
vt 0.454911 -0.308919
vt 0.454380 -0.183923
vt 0.454311 -0.058790
vt 0.454006 0.066723
vt 0.453072 0.193286
vt 0.452909 0.318998
vt 0.455190 0.440870
vt 0.462568 0.557218
vt 0.463853 0.655928
vt 0.419001 0.726734
vt 0.492787 -1.013171
vt 0.498006 -0.889640
vt 0.501591 -0.748405
vt 0.509394 -0.631281
vt 0.510245 0.676121
vt 0.502103 0.761083
vt 0.498019 0.860355
vt 0.492787 0.986829
vt 0.579108 -1.044588
vt 0.575021 -0.917690
vt 0.584428 -0.844103
vt 0.584456 0.777931
vt 0.575005 0.832307
vt 0.579108 0.955412
vt 0.831062 -1.408215
vt 0.829385 -1.285850
vt 0.852151 -1.230299
vt 0.851760 0.387815
vt 0.829438 0.464222
vt 0.831062 0.591785
vt 0.792441 -1.444795
vt 0.793909 -1.318841
vt 0.829236 -1.220995
vt 0.871593 -1.142101
vt 0.868443 0.184052
vt 0.827140 0.297241
vt 0.793899 0.431151
vt 0.792441 0.555205
vt 0.796948 -1.202105
vt 0.852746 -1.132605
vt 0.863528 -1.028222
vt 0.908331 -0.921807
vt 0.934692 -0.850043
vt 0.922570 -0.136324
vt 0.870179 -0.036753
vt 0.842874 0.122051
vt 0.792738 0.213321
vt 0.825357 -0.997310
vt 0.859351 -0.940018
vt 0.899127 -0.821162
vt 0.911944 -0.717529
vt 0.919054 -0.599233
vt 0.910760 -0.466696
vt 0.906046 -0.333448
vt 0.893926 -0.193377
vt 0.845189 -0.102835
vt 0.547344 -0.536573
vt 0.590823 -0.450957
vt 0.590630 -0.323964
vt 0.587810 -0.195536
vt 0.587288 -0.069930
vt 0.586864 0.055579
vt 0.586479 0.181535
vt 0.587153 0.305674
vt 0.590651 0.426963
vt 0.589173 0.530948
vt 0.544307 0.601135
vt 0.608268 -0.747320
vt 0.624696 -0.624511
vt 0.638242 -0.501546
vt 0.635607 0.551094
vt 0.620558 0.622954
vt 0.605296 0.707090
vt 0.638854 -1.079040
vt 0.633941 -0.950755
vt 0.674819 -0.819530
vt 0.704610 -0.717206
vt 0.702069 0.632028
vt 0.675065 0.705067
vt 0.633923 0.799227
vt 0.638854 0.920960
vt 0.702856 -1.129867
vt 0.718170 -0.991000
vt 0.758640 -0.918837
vt 0.759797 0.688236
vt 0.718317 0.715546
vt 0.702856 0.870133
vt 0.761220 -1.195031
vt 0.762077 -1.078982
vt 0.762077 0.686553
vt 0.761220 0.804969
vt 0.803395 -1.259987
vt 0.809956 -1.117215
vt 0.884274 -1.097790
vt 0.883607 0.525769
vt 0.809830 0.595919
vt 0.803395 0.740013
vt 0.832004 -1.325232
vt 0.831112 -1.197655
vt 0.904710 -1.124924
vt 0.905066 0.469131
vt 0.831134 0.552213
vt 0.832004 0.674768
vt 0.841071 -1.374746
vt 0.840797 -1.253698
vt 0.905970 -1.153811
vt 0.959757 -1.085755
vt 0.958883 0.262101
vt 0.906256 0.361814
vt 0.840810 0.496426
vt 0.841071 0.625254
vt 0.891264 -1.160773
vt 0.937293 -1.078320
vt 0.988561 -1.003770
vt 0.998369 0.061276
vt 0.947078 0.170024
vt 0.891535 0.289050
vt 0.915697 -1.068966
vt 0.966828 -0.991162
vt 0.987914 -0.898517
vt 1.005172 -0.800968
vt 1.049632 -0.698308
vt 1.059129 -0.392253
vt 1.035990 -0.295444
vt 0.989340 -0.163166
vt 0.974634 -0.004061
vt 0.921018 0.087457
vt 0.972929 -0.774865
vt 1.017391 -0.677867
vt 1.022082 -0.570288
vt 1.020423 -0.442484
vt 0.983110 -0.309579
vt 0.957996 -0.226749
vt 0.669145 -0.408549
vt 0.684688 -0.337254
vt 0.701201 -0.209216
vt 0.705019 -0.083153
vt 0.706170 0.042221
vt 0.705445 0.167228
vt 0.701540 0.291304
vt 0.684478 0.414063
vt 0.668754 0.475334
vt 0.741964 -0.615827
vt 0.750704 -0.499598
vt 0.755196 -0.348248
vt 0.771414 -0.218743
vt 0.775921 -0.093046
vt 0.777351 0.032119
vt 0.776556 0.157035
vt 0.771970 0.281677
vt 0.754970 0.404529
vt 0.750547 0.512466
vt 0.742136 0.570765
vt 0.773198 -0.796951
vt 0.803119 -0.693591
vt 0.834388 -0.594711
vt 0.834085 0.528801
vt 0.802743 0.577328
vt 0.772537 0.633146
vt 0.799760 -0.974037
vt 0.850340 -0.891780
vt 0.883814 -0.794122
vt 0.882270 0.565490
vt 0.849384 0.619659
vt 0.799772 0.654690
vt 0.827188 -1.012688
vt 0.907684 -0.967671
vt 0.908157 0.577744
vt 0.827093 0.622501
vt 0.860021 -1.060308
vt 0.948475 -1.030300
vt 1.008990 -0.971325
vt 1.009424 0.400140
vt 0.950074 0.498518
vt 0.859431 0.575556
vt 0.960222 -1.060652
vt 1.023428 -1.004377
vt 1.022899 0.352155
vt 0.958126 0.405684
vt 0.961272 -1.074960
vt 1.030859 -1.026240
vt 1.099289 -0.980854
vt 1.100504 0.139685
vt 1.031572 0.237087
vt 0.960051 0.335442
vt 1.024995 -1.023564
vt 1.072746 -0.965421
vt 1.115627 -0.901037
vt 1.127942 -0.063563
vt 1.079931 0.049910
vt 1.027213 0.153975
vt 1.036274 -0.933762
vt 1.088511 -0.873667
vt 1.112204 -0.773129
vt 1.112553 -0.654909
vt 1.132064 -0.543788
vt 1.116390 -0.422564
vt 1.115570 -0.276875
vt 1.100010 -0.126483
vt 1.050359 -0.035696
vt 1.072206 -0.618789
vt 1.078257 -0.554706
vt 1.076677 -0.478903
vt 0.885187 -0.502794
vt 0.868613 -0.365149
vt 0.866052 -0.237217
vt 0.866777 -0.113333
vt 0.867099 0.011391
vt 0.866777 0.137051
vt 0.866052 0.263045
vt 0.868612 0.383595
vt 0.885172 0.473324
vt 0.927368 -0.657065
vt 0.904524 -0.588054
vt 0.904533 0.502753
vt 0.927365 0.505734
vt 0.924879 -0.848727
vt 0.948664 -0.760321
vt 0.948401 0.485376
vt 0.924951 0.529058
vt 0.952685 -0.887220
vt 1.018678 -0.822415
vt 1.018207 0.430217
vt 0.952499 0.496887
vt 0.984995 -0.933823
vt 1.036588 -0.889905
vt 1.036691 0.368958
vt 0.985358 0.449595
vt 1.098419 -0.930452
vt 1.098388 0.284978
vt 1.137012 -0.957271
vt 1.159354 -0.955843
vt 1.159411 0.134169
vt 1.137148 0.199977
vt 1.182280 -0.930467
vt 1.204045 -0.873915
vt 1.203898 -0.075719
vt 1.182295 0.042694
vt 1.215323 -0.827736
vt 1.227872 -0.758802
vt 1.239617 -0.651244
vt 1.243524 -0.532314
vt 1.239621 -0.402177
vt 1.227910 -0.260972
vt 1.215189 -0.154415
vt 1.009119 -0.496839
vt 0.993751 -0.367334
vt 0.991060 -0.237069
vt 0.991791 -0.113138
vt 0.992114 0.011391
vt 0.991791 0.136852
vt 0.991060 0.262895
vt 0.993751 0.385388
vt 1.009119 0.470497
vt 1.054720 -0.663174
vt 1.030869 -0.592828
vt 1.030869 0.503652
vt 1.054720 0.505095
vt 1.089908 -0.742815
vt 1.089908 0.483081
vt 1.135021 -0.821230
vt 1.135021 0.431168
vt 1.179991 -0.883391
vt 1.179991 0.363416
vt 1.225161 -0.932075
vt 1.225161 0.281611
vt 1.259440 -0.956378
vt 1.282610 -0.956667
vt 1.282610 0.140237
vt 1.259440 0.206885
vt 1.307935 -0.929301
vt 1.329663 -0.871708
vt 1.329663 -0.080652
vt 1.307935 0.039710
vt 1.341016 -0.824486
vt 1.352685 -0.760031
vt 1.364572 -0.651900
vt 1.368525 -0.532314
vt 1.364572 -0.401307
vt 1.352685 -0.258837
vt 1.341016 -0.160671
vn 0.00000 0.83504 0.55018
vn 0.00000 0.98181 0.18989
vn 0.00000 0.99992 -0.01265
vn 0.00000 0.99990 -0.01397
vn 0.00000 1.00000 -0.00000
vn 0.00000 0.99990 0.01397
vn 0.00000 0.99992 0.01265
vn 0.00000 0.98181 -0.18989
vn 0.00000 0.83504 -0.55018
vn 0.00000 0.38196 0.92418
vn 0.00000 0.59905 0.80071
vn 0.00000 0.59905 -0.80071
vn 0.00000 0.38196 -0.92418
vn 0.00000 0.18321 0.98307
vn 0.00000 0.18321 -0.98307
vn 0.00000 0.05742 0.99835
vn 0.00000 0.05742 -0.99835
vn 0.00000 -0.09446 0.99553
vn 0.00000 -0.09446 -0.99553
vn 0.00000 -0.17762 0.98410
vn 0.00000 -0.17762 -0.98410
vn 0.00000 -0.35769 0.93384
vn 0.00000 -0.55961 0.82876
vn 0.00000 -0.55961 -0.82876
vn 0.00000 -0.35769 -0.93384
vn 0.00000 -0.75966 0.65032
vn 0.00000 -0.87627 0.48181
vn 0.00000 -0.87627 -0.48181
vn 0.00000 -0.75966 -0.65032
vn 0.00000 -0.91217 0.40981
vn 0.00000 -0.94444 0.32868
vn 0.00000 -0.98487 0.17330
vn 0.00000 -1.00000 -0.00000
vn 0.00000 -0.98487 -0.17330
vn 0.00000 -0.94444 -0.32868
vn 0.00000 -0.91217 -0.40981
vn -0.01080 0.82439 0.56592
vn -0.01007 0.98281 0.18434
vn -0.01386 0.99982 -0.01262
vn -0.01796 0.99974 -0.01398
vn -0.01951 0.99981 -0.00000
vn -0.01796 0.99974 0.01398
vn -0.01386 0.99982 0.01262
vn -0.01007 0.98280 -0.18438
vn -0.01080 0.82440 -0.56590
vn -0.02149 0.39464 0.91859
vn -0.01462 0.61411 0.78909
vn -0.01462 0.61405 -0.78913
vn -0.02147 0.39484 -0.91850
vn -0.90622 0.09060 0.41300
vn -0.56866 0.14644 0.80943
vn -0.57550 0.14544 -0.80477
vn -0.89826 0.09483 -0.42911
vn -0.91360 0.03621 0.40499
vn 0.00000 0.05611 0.99842
vn 0.00000 0.05611 -0.99842
vn -0.90750 0.03902 -0.41823
vn -0.91200 -0.04479 0.40775
vn -0.56646 -0.08902 0.81927
vn -0.57514 -0.08825 -0.81328
vn -0.90852 -0.04213 -0.41570
vn -0.02732 -0.17226 0.98467
vn -0.02731 -0.17230 -0.98467
vn -0.01489 -0.37904 0.92526
vn -0.01083 -0.57647 0.81704
vn -0.01084 -0.57646 -0.81705
vn -0.01490 -0.37913 -0.92522
vn -0.00765 -0.75506 0.65561
vn -0.00515 -0.87359 0.48664
vn -0.00516 -0.87336 -0.48704
vn -0.00766 -0.75521 -0.65544
vn -0.00423 -0.91007 0.41444
vn -0.00345 -0.94508 0.32681
vn -0.00278 -0.98507 0.17214
vn -0.00255 -1.00000 -0.00000
vn -0.00278 -0.98508 -0.17208
vn -0.00345 -0.94513 -0.32667
vn -0.00424 -0.90992 -0.41475
vn -0.32334 0.90581 0.27380
vn -0.28450 0.94643 0.15271
vn -0.25382 0.96670 0.03276
vn -0.24250 0.97001 0.01644
vn -0.24034 0.97069 0.00071
vn -0.24545 0.96923 -0.01845
vn -0.25646 0.96586 -0.03670
vn -0.28648 0.94516 -0.15688
vn -0.32654 0.90487 -0.27309
vn -0.37149 0.67471 0.63778
vn -0.33715 0.79813 0.49932
vn -0.28377 0.94032 0.18780
vn -0.39774 0.91668 0.03865
vn -0.50407 0.86353 0.01538
vn -0.53554 0.84451 -0.00050
vn -0.50673 0.86197 -0.01508
vn -0.39087 0.91951 -0.04142
vn -0.28083 0.94115 -0.18805
vn -0.33590 0.80352 -0.49145
vn -0.42028 0.66144 -0.62118
vn -0.53251 0.54835 0.64478
vn -0.40026 0.60890 0.68486
vn -0.56024 0.56968 0.60133
vn -0.56023 0.56867 -0.60230
vn -0.40857 0.57439 -0.70933
vn -0.61905 0.53383 -0.57602
vn -0.42019 0.09264 0.90269
vn -0.63931 0.33044 0.69433
vn -0.83765 0.25489 0.48309
vn -0.80924 0.27143 -0.52102
vn -0.68430 0.31542 -0.65745
vn -0.42594 0.08989 -0.90027
vn -0.40746 0.03975 0.91236
vn -0.69740 0.10089 0.70955
vn -0.71566 0.10454 -0.69058
vn -0.41874 0.04015 -0.90722
vn -0.40658 -0.04384 0.91256
vn -0.68833 -0.22983 0.68803
vn -0.89256 -0.13639 0.42981
vn -0.88934 -0.13704 -0.43622
vn -0.69531 -0.21437 -0.68600
vn -0.41615 -0.04170 -0.90834
vn -0.65223 -0.36169 0.66617
vn -0.80811 -0.25254 0.53215
vn -0.74841 -0.28984 -0.59655
vn -0.64112 -0.38788 -0.66221
vn -0.65122 -0.41037 0.63837
vn -0.52100 -0.47702 0.70782
vn -0.59115 -0.52959 0.60834
vn -0.58499 -0.52703 -0.61646
vn -0.44623 -0.50240 -0.74059
vn -0.59939 -0.46948 -0.64833
vn -0.48500 -0.64970 0.58538
vn -0.40400 -0.73305 0.54719
vn -0.38071 -0.82363 0.42036
vn -0.36630 -0.82609 -0.42825
vn -0.35853 -0.74587 -0.56136
vn -0.39246 -0.65039 -0.65036
vn -0.42966 -0.80342 0.41221
vn -0.36400 -0.86283 0.35076
vn -0.28646 -0.91440 0.28603
vn -0.35046 -0.92024 0.17417
vn -0.30718 -0.95165 -0.00190
vn -0.30870 -0.93886 -0.15247
vn -0.33991 -0.89747 -0.28108
vn -0.33552 -0.86292 -0.37788
vn -0.31233 -0.83716 -0.44902
vn -0.36581 -0.92432 0.10873
vn -0.34349 -0.93846 -0.03607
vn -0.33071 -0.93665 -0.11536
vn -0.37191 0.84067 0.39364
vn -0.33850 0.89298 0.29665
vn -0.26194 0.96015 0.09742
vn -0.21868 0.97571 0.01339
vn -0.18318 0.98308 0.00073
vn -0.18117 0.98345 0.00156
vn -0.19428 0.98094 0.00179
vn -0.23037 0.97308 -0.00623
vn -0.26700 0.95765 -0.10782
vn -0.34012 0.89100 -0.30074
vn -0.38053 0.85684 -0.34788
vn -0.63095 0.66537 0.39897
vn -0.52007 0.65795 0.54464
vn -0.40018 0.81027 0.42816
vn -0.40279 0.81960 -0.40745
vn -0.50574 0.69872 -0.50599
vn -0.62523 0.65463 -0.42491
vn -0.92418 0.38196 -0.00000
vn -0.91870 0.39438 0.02149
vn -0.70369 0.57968 0.41085
vn -0.54301 0.65320 0.52770
vn -0.57657 0.58725 -0.56807
vn -0.69837 0.57519 -0.42595
vn -0.91863 0.39455 -0.02148
vn -0.92418 0.38196 -0.00000
vn -0.98307 0.18321 -0.00000
vn -0.80854 0.14627 0.56997
vn -0.50880 0.27968 0.81419
vn -0.50229 0.26589 -0.82281
vn -0.80531 0.14561 -0.57470
vn -0.98307 0.18321 -0.00000
vn -0.99835 0.05742 -0.00000
vn -0.99842 0.05611 -0.00000
vn -0.99842 0.05611 -0.00000
vn -0.99835 0.05742 -0.00000
vn -0.99553 -0.09446 -0.00000
vn -0.81990 -0.08910 0.56553
vn -0.43393 -0.13819 0.89028
vn -0.44065 -0.14022 -0.88666
vn -0.81397 -0.08818 -0.57417
vn -0.99553 -0.09446 -0.00000
vn -0.98410 -0.17762 -0.00000
vn -0.98469 -0.17217 0.02735
vn -0.53789 -0.24197 0.80754
vn -0.61400 -0.29643 -0.73153
vn -0.98466 -0.17232 -0.02731
vn -0.98410 -0.17762 -0.00000
vn -0.93384 -0.35769 -0.00000
vn -0.92474 -0.38032 0.01488
vn -0.71698 -0.48825 0.49754
vn -0.57643 -0.54541 0.60848
vn -0.55373 -0.55667 -0.61927
vn -0.75305 -0.50569 -0.42094
vn -0.92541 -0.37867 -0.01491
vn -0.93384 -0.35769 -0.00000
vn -0.63323 -0.63820 0.43787
vn -0.50457 -0.67130 0.54292
vn -0.47054 -0.73626 0.48632
vn -0.34993 -0.77758 -0.52241
vn -0.47622 -0.71754 -0.50828
vn -0.64604 -0.67111 -0.36365
vn -0.47838 -0.76057 0.43896
vn -0.38671 -0.84194 0.37629
vn -0.46337 -0.79268 0.39616
vn -0.45446 -0.86348 0.21877
vn -0.36590 -0.89273 0.26297
vn -0.34464 -0.92815 -0.14059
vn -0.34764 -0.90383 -0.24949
vn -0.29538 -0.88348 -0.36362
vn -0.39533 -0.78120 -0.48315
vn -0.57817 -0.71467 -0.39365
vn -0.47950 -0.82041 0.31145
vn -0.48378 -0.86632 0.12431
vn -0.34255 -0.92961 0.13595
vn -0.37135 -0.92848 0.00424
vn -0.34717 -0.92435 -0.15824
vn -0.28023 -0.92698 -0.24935
vn -0.29579 -0.89434 -0.33566
vn -0.27645 0.90324 0.32822
vn -0.30686 0.88962 0.33825
vn -0.20669 0.95085 0.23059
vn -0.16029 0.98673 0.02586
vn -0.14606 0.98926 -0.00480
vn -0.16251 0.98655 -0.01760
vn -0.12577 0.99191 0.01696
vn -0.10603 0.99430 0.01138
vn -0.09567 0.99540 0.00434
vn -0.12737 0.99011 -0.05885
vn -0.16710 0.96489 -0.20267
vn -0.27665 0.90268 -0.32960
vn -0.26345 0.90821 -0.32518
vn -0.55018 0.83504 -0.00000
vn -0.56526 0.82484 0.01079
vn -0.50323 0.79788 0.33187
vn -0.43889 0.80372 0.40175
vn -0.39132 0.82521 -0.40731
vn -0.48739 0.80079 -0.34810
vn -0.56550 0.82468 -0.01079
vn -0.55018 0.83504 -0.00000
vn -0.80071 0.59905 -0.00000
vn -0.78932 0.61380 0.01462
vn -0.61407 0.57268 0.54310
vn -0.60723 0.56786 -0.55570
vn -0.78926 0.61388 -0.01462
vn -0.80071 0.59905 -0.00000
vn -0.82876 -0.55961 -0.00000
vn -0.81654 -0.57719 0.01083
vn -0.59748 -0.51163 0.61745
vn -0.61894 -0.53680 -0.57338
vn -0.81717 -0.57629 -0.01084
vn -0.82876 -0.55961 -0.00000
vn -0.65032 -0.75966 -0.00000
vn -0.65571 -0.75498 0.00767
vn -0.53892 -0.72799 0.42378
vn -0.54504 -0.70625 0.45183
vn -0.59028 -0.67313 -0.44549
vn -0.56533 -0.75310 -0.33651
vn -0.65545 -0.75520 -0.00765
vn -0.65032 -0.75966 -0.00000
vn -0.42201 -0.80393 0.41906
vn -0.41422 -0.80523 0.42429
vn -0.48599 -0.76997 0.41348
vn -0.55750 -0.71814 0.41649
vn -0.41526 -0.86086 -0.29407
vn -0.37385 -0.84087 -0.39137
vn -0.48390 -0.78416 -0.38850
vn -0.44836 -0.77635 -0.44301
vn -0.20678 -0.86551 0.45621
vn -0.37149 -0.87970 0.29685
vn -0.47992 -0.86985 0.11418
vn -0.36514 -0.92320 0.11986
vn -0.28042 -0.95778 -0.06338
vn -0.33014 -0.93479 -0.13109
vn -0.46552 -0.84513 -0.26274
vn -0.36329 -0.88842 -0.28060
vn -0.25732 -0.91243 -0.31821
vn -0.15692 0.94202 0.29661
vn -0.11285 0.95454 0.27591
vn -0.06833 0.98550 0.15531
vn -0.05348 0.99784 0.03802
vn -0.05599 0.99842 -0.00504
vn -0.02231 0.99962 -0.01602
vn -0.07323 0.99653 -0.03960
vn -0.02912 0.99957 0.00409
vn -0.01693 0.99985 -0.00399
vn -0.00923 0.99910 -0.04132
vn -0.05710 0.98981 -0.13048
vn -0.09922 0.96517 -0.24208
vn -0.15429 0.94659 -0.28314
vn -0.18989 0.98181 -0.00000
vn -0.18437 0.98280 0.01007
vn -0.18618 0.94260 0.27722
vn -0.18527 0.94199 -0.27988
vn -0.18438 0.98280 -0.01006
vn -0.18989 0.98181 -0.00000
vn -0.48181 -0.87627 -0.00000
vn -0.48743 -0.87315 0.00517
vn -0.41511 -0.77853 0.47071
vn -0.43865 -0.82666 -0.35244
vn -0.48686 -0.87346 -0.00515
vn -0.48181 -0.87627 -0.00000
vn -0.40981 -0.91217 -0.00000
vn -0.41509 -0.90977 0.00425
vn -0.35370 -0.85156 0.38698
vn -0.32962 -0.87041 0.36569
vn -0.27022 -0.89351 0.35865
vn -0.31686 -0.90533 -0.28279
vn -0.28405 -0.89227 -0.35096
vn -0.38534 -0.84669 -0.36691
vn -0.41455 -0.91002 -0.00423
vn -0.40981 -0.91217 -0.00000
vn -0.20263 -0.91910 0.33792
vn -0.23420 -0.92976 0.28408
vn -0.04692 -0.79572 0.60385
vn -0.12905 -0.99161 -0.00686
vn -0.29596 -0.94206 0.15789
vn -0.03443 -0.96891 -0.24501
vn -0.11297 -0.99315 0.02988
vn -0.01442 -0.96436 -0.26420
vn -0.24643 -0.89591 -0.36962
vn -0.28610 -0.93251 -0.22040
vn -0.19784 -0.92388 -0.32756
vn 0.01807 -0.99858 0.05011
vn 0.06153 -0.97641 -0.20696
vn -0.03722 0.96581 0.25658
vn 0.00283 0.97538 0.22051
vn 0.02114 0.98690 0.15992
vn 0.00358 0.99972 0.02343
vn 0.02539 0.99960 -0.01227
vn 0.01413 0.99989 0.00365
vn 0.01611 0.99948 -0.02802
vn -0.00526 0.99979 -0.01978
vn -0.00887 0.99988 -0.01250
vn -0.01166 0.99975 -0.01883
vn 0.00024 0.99101 -0.13376
vn -0.01069 0.97815 -0.20765
vn -0.03345 0.96668 -0.25378
vn 0.01265 0.99992 -0.00000
vn 0.01262 0.99982 0.01386
vn -0.04151 0.92010 0.38949
vn -0.04008 0.92593 -0.37556
vn 0.01262 0.99982 -0.01386
vn 0.01265 0.99992 -0.00000
vn -0.32868 -0.94444 -0.00000
vn -0.32662 -0.94515 0.00345
vn -0.24665 -0.91222 0.32715
vn -0.18765 -0.93221 0.30948
vn -0.18408 -0.94135 -0.28279
vn -0.26786 -0.90566 -0.32867
vn -0.32673 -0.94511 -0.00345
vn -0.32868 -0.94444 -0.00000
vn -0.14092 -0.94668 0.28970
vn -0.10417 -0.96974 0.22080
vn -0.13708 -0.79217 0.59471
vn -0.08632 -0.99603 0.02183
vn -0.04215 -0.99635 0.07418
vn -0.11395 -0.99306 0.02907
vn -0.33250 -0.93934 0.08416
vn -0.33327 -0.89843 -0.28592
vn -0.36643 -0.89266 -0.26247
vn -0.12389 -0.89765 -0.42294
vn -0.11509 -0.95352 -0.27850
vn -0.12419 -0.99225 -0.00399
vn -0.02205 -0.99855 0.04918
vn -0.09399 -0.99199 -0.08444
vn -0.27328 -0.91826 0.28655
vn -0.35671 -0.87694 -0.32209
vn -0.40394 -0.90267 -0.14840
vn -0.01030 0.96841 0.24916
vn -0.00851 0.98187 0.18937
vn 0.00359 0.98321 0.18246
vn -0.00370 0.99894 0.04584
vn -0.00576 0.99648 -0.08367
vn -0.00483 0.99961 0.02765
vn -0.00510 0.99984 -0.01735
vn 0.00476 0.99984 -0.01709
vn -0.00873 0.99994 -0.00651
vn 0.01595 0.99864 -0.04966
vn -0.00871 0.99347 -0.11375
vn -0.01444 0.98344 -0.18064
vn -0.01304 0.96944 -0.24499
vn 0.01397 0.99990 -0.00000
vn 0.01398 0.99974 0.01796
vn -0.01298 0.86540 0.50091
vn -0.01437 0.87083 -0.49137
vn 0.01398 0.99974 -0.01796
vn 0.01397 0.99990 -0.00000
vn -0.17330 -0.98487 -0.00000
vn -0.17214 -0.98507 0.00278
vn -0.12809 -0.94852 0.28966
vn -0.13219 -0.94082 0.31207
vn -0.19002 -0.94044 -0.28191
vn -0.16807 -0.94349 -0.28563
vn -0.17213 -0.98507 -0.00278
vn -0.17330 -0.98487 -0.00000
vn -0.05673 -0.96402 0.25969
vn -0.04388 -0.97642 0.21139
vn 0.02237 -0.94788 0.31784
vn 0.08647 -0.93579 0.34178
vn -0.07296 -0.88627 0.45740
vn -0.13510 -0.81823 -0.55878
vn -0.20147 -0.93031 -0.30648
vn -0.18294 -0.94399 -0.27461
vn -0.12472 -0.94568 -0.30023
vn -0.34845 -0.91043 0.22294
vn -0.15584 -0.96228 0.22302
vn -0.38059 -0.89405 -0.23629
vn -0.08817 -0.98722 -0.13278
vn -0.07662 -0.98930 -0.12415
vn -0.11403 -0.94100 -0.31863
vn -0.00129 0.97086 0.23965
vn 0.00460 0.97979 0.19996
vn -0.01867 0.98478 0.17279
vn -0.01955 0.99876 0.04575
vn -0.06006 0.99715 -0.04573
vn -0.03307 0.99888 -0.03383
vn 0.02838 0.99954 0.01062
vn 0.01006 0.99992 0.00820
vn 0.01941 0.99946 -0.02661
vn -0.01633 0.99974 -0.01569
vn -0.00602 0.99236 -0.12324
vn -0.00070 0.98359 -0.18044
vn -0.00620 0.97070 -0.24022
vn 0.00000 1.00000 -0.00000
vn -0.00000 0.99981 0.01950
vn -0.00129 0.85261 0.52255
vn -0.00220 0.85155 -0.52427
vn -0.00000 0.99981 -0.01950
vn 0.00000 1.00000 -0.00000
vn 0.00000 -1.00000 -0.00000
vn 0.00000 -1.00000 0.00255
vn -0.00480 -0.95970 0.28098
vn -0.00569 -0.95694 -0.29024
vn 0.00000 -1.00000 -0.00255
vn 0.00000 -1.00000 -0.00000
vn -0.04074 -0.96659 0.25307
vn -0.04659 -0.98949 0.13686
vn -0.08673 -0.96140 0.26113
vn -0.05225 -0.80335 0.59321
vn -0.12552 -0.75524 0.64332
vn 0.14977 -0.86359 -0.48144
vn 0.04972 -0.94853 -0.31275
vn -0.02315 -0.95844 -0.28436
vn 0.00468 -0.95480 -0.29721
vn -0.12011 -0.65694 0.74431
vn -0.11676 -0.81926 0.56140
vn -0.31521 -0.90373 0.28969
vn 0.01471 -0.98177 -0.18949
vn 0.02104 -0.95198 -0.30544
vn 0.17547 -0.97052 -0.16523
vn 0.22391 -0.97212 -0.06964
vn 0.01189 0.97088 0.23929
vn 0.00957 0.97867 0.20522
vn 0.01622 0.98686 0.16078
vn -0.00189 0.99520 0.09784
vn -0.02367 0.99958 -0.01690
vn -0.04567 0.99624 -0.07368
vn -0.01212 0.99935 -0.03394
vn 0.01133 0.99971 0.02139
vn -0.01381 0.99990 0.00318
vn -0.04038 0.99918 -0.00320
vn -0.03614 0.98859 -0.14620
vn -0.00786 0.98153 -0.19115
vn 0.00828 0.96786 -0.25135
vn -0.01397 0.99990 -0.00000
vn -0.01398 0.99974 0.01796
vn 0.01393 0.86529 0.50107
vn 0.01153 0.85657 -0.51590
vn -0.01398 0.99974 -0.01796
vn -0.01397 0.99990 -0.00000
vn 0.17330 -0.98487 -0.00000
vn 0.17217 -0.98506 0.00278
vn 0.15443 -0.93810 0.31003
vn 0.21314 -0.93860 0.27131
vn 0.21793 -0.91908 -0.32832
vn 0.15562 -0.93886 -0.30712
vn 0.17210 -0.98508 -0.00278
vn 0.17330 -0.98487 -0.00000
vn 0.07713 -0.95822 0.27544
vn 0.08728 -0.98044 0.17639
vn 0.15117 -0.94439 0.29201
vn 0.03244 -0.82199 0.56857
vn 0.15276 -0.91000 -0.38544
vn 0.14800 -0.93102 -0.33362
vn 0.03372 -0.95952 -0.27960
vn 0.15843 -0.92584 -0.34311
vn 0.08002 -0.94430 -0.31921
vn -0.00424 -0.75280 0.65823
vn 0.04303 -0.98932 0.13926
vn 0.07102 -0.94285 0.32557
vn 0.13785 -0.85816 -0.49453
vn 0.12199 -0.98744 0.10044
vn -0.14037 -0.96860 -0.20521
vn 0.03848 -0.99227 -0.11801
vn 0.03584 0.96631 0.25488
vn 0.00696 0.97403 0.22629
vn -0.01605 0.98467 0.17370
vn -0.01126 0.99776 0.06601
vn 0.00115 0.99995 -0.01009
vn -0.00849 0.99849 -0.05418
vn -0.03803 0.99888 -0.02823
vn -0.05630 0.99797 0.02985
vn -0.06026 0.99800 0.01921
vn -0.04574 0.99833 -0.03518
vn -0.02088 0.98631 -0.16358
vn 0.00900 0.97396 -0.22653
vn 0.03267 0.96416 -0.26330
vn -0.01265 0.99992 -0.00000
vn -0.01262 0.99982 0.01386
vn 0.04078 0.91965 0.39061
vn 0.03933 0.90375 -0.42625
vn -0.01262 0.99982 -0.01386
vn -0.01265 0.99992 -0.00000
vn 0.32868 -0.94444 -0.00000
vn 0.32674 -0.94511 0.00345
vn 0.26119 -0.91754 0.29985
vn 0.26997 -0.92454 0.26895
vn 0.26618 -0.93845 0.22012
vn 0.29785 -0.90586 -0.30116
vn 0.27833 -0.90774 -0.31390
vn 0.30588 -0.90648 -0.29110
vn 0.32678 -0.94509 -0.00345
vn 0.32868 -0.94444 -0.00000
vn 0.23958 -0.94763 0.21117
vn 0.15900 -0.95519 0.24965
vn 0.30967 -0.87491 0.37233
vn 0.75856 -0.56209 0.32961
vn 0.41656 -0.90382 0.09795
vn 0.28485 -0.95856 0.00389
vn 0.23164 -0.97044 0.06780
vn 0.09044 -0.93896 -0.33194
vn 0.11092 -0.96991 -0.21671
vn 0.25783 -0.85730 -0.44559
vn 0.24484 -0.92499 -0.29060
vn 0.27036 -0.68820 0.67327
vn 0.35908 -0.91441 0.18686
vn 0.42580 -0.90416 0.03439
vn 0.33565 -0.93874 -0.07817
vn 0.15762 -0.98736 -0.01636
vn 0.12171 -0.98850 -0.08972
vn 0.15493 0.94509 0.28774
vn 0.10711 0.96086 0.25550
vn 0.06908 0.97726 0.20046
vn 0.08648 0.99545 0.04006
vn 0.08667 0.99623 -0.00359
vn 0.07941 0.99684 -0.00245
vn 0.05023 0.99850 -0.02159
vn 0.02079 0.99978 -0.00286
vn 0.03035 0.99931 0.02164
vn 0.08116 0.99580 -0.04238
vn 0.08128 0.98076 -0.17748
vn 0.11627 0.95668 -0.26691
vn 0.15661 0.94292 -0.29391
vn 0.18989 0.98181 -0.00000
vn 0.18437 0.98281 0.01007
vn 0.18711 0.94168 0.27970
vn 0.18688 0.93828 -0.29104
vn 0.18432 0.98281 -0.01007
vn 0.18989 0.98181 -0.00000
vn 0.48181 -0.87627 -0.00000
vn 0.48691 -0.87344 0.00516
vn 0.42427 -0.81868 0.38699
vn 0.44667 -0.84108 -0.30508
vn 0.48662 -0.87360 -0.00514
vn 0.48181 -0.87627 -0.00000
vn 0.40981 -0.91217 -0.00000
vn 0.41467 -0.90996 0.00424
vn 0.36919 -0.85804 0.35702
vn 0.19320 -0.92154 0.33681
vn 0.09468 -0.96591 0.24093
vn 0.24293 -0.89335 -0.37803
vn 0.31392 -0.88919 -0.33287
vn 0.38943 -0.86549 -0.31507
vn 0.41438 -0.91010 -0.00423
vn 0.40981 -0.91217 -0.00000
vn 0.13052 -0.91418 0.38372
vn 0.08405 -0.90287 0.42162
vn 0.06356 -0.99401 0.08888
vn 0.09890 -0.97840 0.18155
vn 0.00853 -0.99536 0.09583
vn 0.12989 -0.98253 0.13325
vn 0.32621 -0.93485 -0.14019
vn 0.23229 -0.87763 -0.41928
vn 0.19183 -0.82977 -0.52410
vn 0.03567 -0.98890 0.14423
vn -0.05426 -0.99849 0.00907
vn 0.26452 0.90702 0.32763
vn 0.27455 0.90139 0.33484
vn 0.19872 0.95262 0.23026
vn 0.16182 0.98658 0.02191
vn 0.16767 0.98584 0.00144
vn 0.14584 0.98929 0.00635
vn 0.14994 0.98859 0.01457
vn 0.13683 0.99013 0.03028
vn 0.16343 0.98647 -0.01299
vn 0.16588 0.98318 -0.07640
vn 0.22548 0.94809 -0.22426
vn 0.31388 0.89399 -0.31980
vn 0.28159 0.90456 -0.32013
vn 0.55018 0.83504 -0.00000
vn 0.56570 0.82454 0.01079
vn 0.48907 0.79851 0.35099
vn 0.37914 0.83210 0.40480
vn 0.42487 0.82587 -0.37071
vn 0.49022 0.79782 -0.35096
vn 0.56574 0.82451 -0.01079
vn 0.55018 0.83504 -0.00000
vn 0.80071 0.59905 -0.00000
vn 0.78917 0.61399 0.01462
vn 0.60256 0.57147 0.55708
vn 0.60184 0.56792 -0.56147
vn 0.78913 0.61405 -0.01462
vn 0.80071 0.59905 -0.00000
vn 0.82876 -0.55961 -0.00000
vn 0.81707 -0.57644 0.01084
vn 0.61967 -0.53194 0.57711
vn 0.62530 -0.54105 -0.56238
vn 0.81743 -0.57593 -0.01083
vn 0.82876 -0.55961 -0.00000
vn 0.65032 -0.75966 -0.00000
vn 0.65533 -0.75530 0.00765
vn 0.56736 -0.74194 0.35727
vn 0.54941 -0.68333 0.48084
vn 0.43570 -0.77128 -0.46400
vn 0.54028 -0.76150 -0.35806
vn 0.65530 -0.75533 -0.00764
vn 0.65032 -0.75966 -0.00000
vn 0.43407 -0.79587 0.42211
vn 0.45416 -0.75434 0.47403
vn 0.38447 -0.89141 0.23995
vn 0.44091 -0.86986 0.22121
vn 0.30830 -0.91108 0.27363
vn 0.47945 -0.81961 -0.31363
vn 0.35984 -0.74118 -0.56671
vn 0.41911 -0.82950 -0.36917
vn 0.42659 -0.81231 -0.39771
vn 0.23007 -0.89731 0.37669
vn 0.44732 -0.85232 0.27104
vn 0.35616 -0.89652 0.26344
vn 0.32213 -0.91528 0.24187
vn 0.35149 -0.93582 -0.02657
vn 0.47050 -0.87012 -0.14669
vn 0.39521 -0.91020 -0.12389
vn 0.37032 -0.88623 -0.27833
vn 0.24756 -0.85166 -0.46194
vn 0.35728 0.86974 0.34043
vn 0.33857 0.89398 0.29355
vn 0.26531 0.95822 0.10689
vn 0.20946 0.97772 0.01408
vn 0.19594 0.98061 0.00297
vn 0.19686 0.98024 0.01938
vn 0.21711 0.97614 0.00405
vn 0.22940 0.97296 -0.02685
vn 0.26088 0.95858 -0.11428
vn 0.32444 0.89473 -0.30691
vn 0.37280 0.84747 -0.37790
vn 0.59234 0.66859 0.44958
vn 0.44062 0.74193 0.50536
vn 0.38319 0.84241 0.37883
vn 0.37571 0.82406 -0.42398
vn 0.50130 0.71544 -0.48667
vn 0.61771 0.66679 -0.41692
vn 0.92418 0.38196 -0.00000
vn 0.91866 0.39446 0.02149
vn 0.66155 0.58807 0.46533
vn 0.49146 0.61171 0.61991
vn 0.56077 0.63000 -0.53725
vn 0.69008 0.57962 -0.43339
vn 0.91864 0.39451 -0.02149
vn 0.92418 0.38196 -0.00000
vn 0.98307 0.18321 -0.00000
vn 0.81714 0.14806 0.55710
vn 0.45847 0.25129 0.85244
vn 0.46435 0.25933 -0.84683
vn 0.81545 0.14768 -0.55967
vn 0.98307 0.18321 -0.00000
vn 0.99835 0.05742 -0.00000
vn 0.99842 0.05611 -0.00000
vn 0.99842 0.05611 -0.00000
vn 0.99835 0.05742 -0.00000
vn 0.99553 -0.09446 -0.00000
vn 0.82838 -0.09009 0.55288
vn 0.42800 -0.14183 0.89258
vn 0.42779 -0.14664 -0.89190
vn 0.82781 -0.08964 -0.55380
vn 0.99553 -0.09446 -0.00000
vn 0.98410 -0.17762 -0.00000
vn 0.98468 -0.17219 0.02734
vn 0.54476 -0.26306 0.79626
vn 0.58097 -0.28962 -0.76066
vn 0.98466 -0.17231 -0.02730
vn 0.98410 -0.17762 -0.00000
vn 0.93384 -0.35769 -0.00000
vn 0.92534 -0.37884 0.01491
vn 0.73288 -0.50256 0.45862
vn 0.59625 -0.54207 0.59215
vn 0.60764 -0.51006 -0.60878
vn 0.72879 -0.49452 -0.47362
vn 0.92565 -0.37809 -0.01491
vn 0.93384 -0.35769 -0.00000
vn 0.62945 -0.64712 0.43016
vn 0.54682 -0.70967 0.44425
vn 0.47277 -0.75329 0.45721
vn 0.47590 -0.72290 -0.50093
vn 0.52413 -0.65025 -0.54997
vn 0.61125 -0.63972 -0.46597
vn 0.60661 -0.67432 0.42109
vn 0.50777 -0.78940 0.34500
vn 0.40340 -0.84069 0.36127
vn 0.31097 -0.90632 0.28615
vn 0.36884 -0.91118 0.18360
vn 0.31662 -0.93397 -0.16566
vn 0.33571 -0.92353 -0.18546
vn 0.38635 -0.87137 -0.30240
vn 0.39147 -0.81877 -0.41996
vn 0.36267 -0.80974 -0.46128
vn 0.32210 -0.91654 0.23709
vn 0.41774 -0.88190 0.21851
vn 0.41465 -0.90854 -0.05112
vn 0.31429 -0.93650 -0.15554
vn 0.45046 -0.87698 -0.16731
vn 0.47876 -0.83209 -0.28003
vn 0.32262 0.90811 0.26693
vn 0.29072 0.94397 0.15622
vn 0.26378 0.96398 0.03398
vn 0.25204 0.96761 0.01413
vn 0.24921 0.96844 0.00512
vn 0.26310 0.96467 -0.01366
vn 0.27566 0.96057 -0.03617
vn 0.28895 0.94349 -0.16230
vn 0.32300 0.90662 -0.27151
vn 0.48825 0.66714 0.56262
vn 0.36311 0.80617 0.46716
vn 0.28591 0.94038 0.18425
vn 0.40053 0.91543 0.03950
vn 0.50670 0.86200 0.01456
vn 0.53705 0.84355 0.00125
vn 0.51820 0.85513 -0.01469
vn 0.41374 0.90954 -0.03952
vn 0.28401 0.94047 -0.18670
vn 0.34837 0.80606 -0.47844
vn 0.40114 0.66265 -0.63244
vn 0.58252 0.52525 0.62030
vn 0.49681 0.56271 0.66071
vn 0.58112 0.56328 0.58738
vn 0.57155 0.56366 -0.59635
vn 0.42149 0.58351 -0.69416
vn 0.58649 0.57144 -0.57400
vn 0.39868 0.08996 0.91267
vn 0.64257 0.34554 0.68389
vn 0.86163 0.24182 0.44623
vn 0.84287 0.25812 -0.47216
vn 0.68442 0.36325 -0.63216
vn 0.39815 0.09026 -0.91287
vn 0.39271 0.03616 0.91895
vn 0.70493 0.07884 0.70488
vn 0.72960 0.09228 -0.67761
vn 0.39139 0.03531 -0.91955
vn 0.39586 -0.04779 0.91707
vn 0.68745 -0.28950 0.66604
vn 0.89139 -0.14508 0.42939
vn 0.89314 -0.14510 -0.42574
vn 0.67293 -0.28350 -0.68323
vn 0.39449 -0.04704 -0.91770
vn 0.66731 -0.40056 0.62789
vn 0.77886 -0.28050 0.56098
vn 0.76852 -0.28507 -0.57281
vn 0.63108 -0.43244 -0.64400
vn 0.65018 -0.45007 0.61213
vn 0.47037 -0.50092 0.72652
vn 0.54714 -0.54825 0.63250
vn 0.57436 -0.53214 -0.62205
vn 0.46919 -0.49002 -0.73467
vn 0.64031 -0.42649 -0.63883
vn 0.44503 -0.66767 0.59680
vn 0.29224 -0.78398 0.54770
vn 0.22943 -0.86923 0.43794
vn 0.40376 -0.80559 -0.43360
vn 0.38918 -0.73840 -0.55073
vn 0.46521 -0.62330 -0.62855
vn 0.32055 -0.85201 0.41393
vn 0.24538 -0.88935 0.38580
vn 0.26037 -0.91860 0.29731
vn 0.24394 -0.95601 0.16294
vn 0.25398 -0.96711 0.01416
vn 0.29948 -0.94537 -0.12876
vn 0.34511 -0.90594 -0.24528
vn 0.37807 -0.84101 -0.38700
vn 0.42447 -0.79739 -0.42894
vn 0.38241 -0.91520 0.12716
vn 0.38826 -0.92122 0.02483
vn 0.35689 -0.93124 -0.07360
vn 0.01080 0.82401 0.56647
vn 0.01007 0.98281 0.18434
vn 0.01386 0.99982 -0.01262
vn 0.01796 0.99974 -0.01398
vn 0.01951 0.99981 0.00000
vn 0.01796 0.99974 0.01398
vn 0.01386 0.99982 0.01262
vn 0.01007 0.98281 -0.18434
vn 0.01080 0.82417 -0.56625
vn 0.02148 0.39486 0.91849
vn 0.01462 0.61433 0.78892
vn 0.01462 0.61422 -0.78900
vn 0.02147 0.39488 -0.91848
vn 0.91503 0.08735 0.39381
vn 0.55671 0.14810 0.81740
vn 0.56364 0.14710 -0.81281
vn 0.91064 0.09097 -0.40307
vn 0.91933 0.03323 0.39207
vn 0.00000 0.05611 0.99842
vn 0.00000 0.05611 -0.99842
vn 0.91751 0.03824 -0.39587
vn 0.91607 -0.04869 0.39804
vn 0.55296 -0.08972 0.82836
vn 0.55581 -0.08980 -0.82645
vn 0.91694 -0.04539 -0.39645
vn 0.02729 -0.17234 0.98466
vn 0.02732 -0.17225 -0.98467
vn 0.01492 -0.37756 0.92586
vn 0.01083 -0.57571 0.81759
vn 0.01084 -0.57624 -0.81721
vn 0.01490 -0.37864 -0.92542
vn 0.00764 -0.75534 0.65529
vn 0.00513 -0.87388 0.48611
vn 0.00516 -0.87331 -0.48713
vn 0.00765 -0.75544 -0.65517
vn 0.00422 -0.91026 0.41401
vn 0.00344 -0.94500 0.32706
vn 0.00277 -0.98504 0.17232
vn 0.00254 -1.00000 -0.00000
vn 0.00278 -0.98506 -0.17222
vn 0.00345 -0.94511 -0.32673
vn 0.00424 -0.90990 -0.41482
vn 0.00000 0.83504 0.55018
vn 0.00000 0.98181 0.18989
vn 0.00000 0.99992 -0.01265
vn 0.00000 0.99990 -0.01397
vn 0.00000 1.00000 -0.00000
vn 0.00000 0.99990 0.01397
vn 0.00000 0.99992 0.01265
vn 0.00000 0.98181 -0.18989
vn 0.00000 0.83504 -0.55018
vn 0.00000 0.38196 0.92418
vn 0.00000 0.59905 0.80071
vn 0.00000 0.59905 -0.80071
vn 0.00000 0.38196 -0.92418
vn 0.00000 0.18321 0.98307
vn 0.00000 0.18321 -0.98307
vn 0.00000 0.05742 0.99835
vn 0.00000 0.05742 -0.99835
vn 0.00000 -0.09446 0.99553
vn 0.00000 -0.09446 -0.99553
vn 0.00000 -0.17762 0.98410
vn 0.00000 -0.17762 -0.98410
vn 0.00000 -0.35769 0.93384
vn 0.00000 -0.55961 0.82876
vn 0.00000 -0.55961 -0.82876
vn 0.00000 -0.35769 -0.93384
vn 0.00000 -0.75966 0.65032
vn 0.00000 -0.87627 0.48181
vn 0.00000 -0.87627 -0.48181
vn 0.00000 -0.75966 -0.65032
vn 0.00000 -0.91217 0.40981
vn 0.00000 -0.94444 0.32868
vn 0.00000 -0.98487 0.17330
vn 0.00000 -1.00000 -0.00000
vn 0.00000 -0.98487 -0.17330
vn 0.00000 -0.94444 -0.32868
vn 0.00000 -0.91217 -0.40981
usemtl CaveRock
f 50/50/50 51/51/51 55/55/55
f 56/56/56 57/57/57 61/61/61
f 79/79/79 80/80/80 90/90/90
f 83/83/83 84/84/84 94/94/94
f 84/84/84 85/85/85 95/95/95
f 85/85/85 86/86/86 96/96/96
f 88/88/88 89/89/89 101/101/101
f 99/99/99 100/100/100 107/107/107
f 105/105/105 106/106/106 112/112/112
f 113/113/113 114/114/114 120/120/120
f 118/118/118 119/119/119 124/124/124
f 123/123/123 124/124/124 130/130/130
f 128/128/128 129/129/129 136/136/136
f 134/134/134 135/135/135 145/145/145
f 141/141/141 142/142/142 148/148/148
f 149/149/149 150/150/150 162/162/162
f 160/160/160 161/161/161 169/169/169
f 167/167/167 168/168/168 176/176/176
f 172/172/172 173/173/173 179/179/179
f 174/174/174 175/175/175 181/181/181
f 182/182/182 183/183/183 189/189/189
f 184/184/184 185/185/185 191/191/191
f 187/187/187 188/188/188 194/194/194
f 193/193/193 194/194/194 202/202/202
f 194/194/194 195/195/195 203/203/203
f 200/200/200 201/201/201 209/209/209
f 207/207/207 208/208/208 219/219/219
f 215/215/215 216/216/216 225/225/225
f 216/216/216 217/217/217 226/226/226
f 227/227/227 228/228/228 243/243/243
f 241/241/241 242/242/242 250/250/250
f 246/246/246 247/247/247 253/253/253
f 257/257/257 258/258/258 266/266/266
f 258/258/258 259/259/259 267/267/267
f 264/264/264 265/265/265 275/275/275
f 272/272/272 273/273/273 284/284/284
f 304/304/304 305/305/305 311/311/311
f 307/307/307 308/308/308 318/318/318
f 315/315/315 316/316/316 330/330/330
f 324/324/324 325/325/325 332/332/332
f 365/365/365 366/366/366 374/374/374
f 367/367/367 368/368/368 376/376/376
f 400/400/400 401/401/401 412/412/412
f 482/482/482 481/481/481 487/487/487
f 526/526/526 525/525/525 532/532/532
f 535/535/535 534/534/534 543/543/543
f 538/538/538 537/537/537 546/546/546
f 570/570/570 569/569/569 575/575/575
f 573/573/573 572/572/572 582/582/582
f 607/607/607 606/606/606 612/612/612
f 609/609/609 608/608/608 616/616/616
f 614/614/614 613/613/613 619/619/619
f 623/623/623 622/622/622 628/628/628
f 624/624/624 623/623/623 629/629/629
f 631/631/631 630/630/630 636/636/636
f 639/639/639 638/638/638 645/645/645
f 640/640/640 639/639/639 646/646/646
f 664/664/664 663/663/663 668/668/668
f 670/670/670 669/669/669 675/675/675
f 672/672/672 671/671/671 679/679/679
f 677/677/677 676/676/676 682/682/682
f 684/684/684 683/683/683 687/687/687
f 686/686/686 685/685/685 689/689/689
f 691/691/691 690/690/690 696/696/696
f 694/694/694 693/693/693 699/699/699
f 696/696/696 695/695/695 701/701/701
f 697/697/697 696/696/696 702/702/702
f 704/704/704 703/703/703 709/709/709
f 711/711/711 710/710/710 715/715/715
f 719/719/719 718/718/718 725/725/725
f 733/733/733 732/732/732 742/742/742
f 734/734/734 733/733/733 743/743/743
f 735/735/735 734/734/734 744/744/744
f 739/739/739 738/738/738 748/748/748
f 750/750/750 749/749/749 754/754/754
f 756/756/756 755/755/755 760/760/760
f 762/762/762 761/761/761 765/765/765
f 764/764/764 763/763/763 767/767/767
f 769/769/769 768/768/768 773/773/773
f 774/774/774 773/773/773 777/777/777
f 779/779/779 778/778/778 783/783/783
f 785/785/785 784/784/784 789/789/789
f 793/793/793 792/792/792 798/798/798
f 817/817/817 816/816/816 820/820/820
f 819/819/819 818/818/818 822/822/822
f 3/3/3 2/2/2 38/38/38
f 6/6/6 5/5/5 41/41/41
f 7/7/7 6/6/6 42/42/42
f 9/9/9 8/8/8 44/44/44
f 11/11/11 10/10/10 46/46/46
f 24/24/24 25/25/25 67/67/67
f 26/26/26 27/27/27 69/69/69
f 30/30/30 31/31/31 73/73/73
f 33/33/33 34/34/34 76/76/76
f 34/34/34 35/35/35 77/77/77
f 42/42/42 41/41/41 93/93/93
f 43/43/43 42/42/42 94/94/94
f 44/44/44 43/43/43 95/95/95
f 45/45/45 44/44/44 96/96/96
f 49/49/49 48/48/48 102/102/102
f 53/53/53 52/52/52 108/108/108
f 58/58/58 59/59/59 117/117/117
f 64/64/64 65/65/65 127/127/127
f 68/68/68 69/69/69 133/133/133
f 72/72/72 73/73/73 139/139/139
f 74/74/74 75/75/75 141/141/141
f 76/76/76 77/77/77 143/143/143
f 84/84/84 83/83/83 154/154/154
f 85/85/85 84/84/84 155/155/155
f 86/86/86 85/85/85 156/156/156
f 87/87/87 86/86/86 157/157/157
f 98/98/98 97/97/97 163/163/163
f 104/104/104 103/103/103 170/170/170
f 110/110/110 109/109/109 177/177/177
f 115/115/115 116/116/116 186/186/186
f 125/125/125 126/126/126 199/199/199
f 131/131/131 132/132/132 206/206/206
f 137/137/137 138/138/138 212/212/212
f 138/138/138 139/139/139 213/213/213
f 139/139/139 140/140/140 214/214/214
f 143/143/143 144/144/144 217/217/217
f 146/146/146 147/147/147 223/223/223
f 152/152/152 151/151/151 230/230/230
f 153/153/153 152/152/152 231/231/231
f 154/154/154 153/153/153 232/232/232
f 155/155/155 154/154/154 233/233/233
f 158/158/158 157/157/157 236/236/236
f 159/159/159 158/158/158 237/237/237
f 165/165/165 164/164/164 244/244/244
f 167/167/167 166/166/166 248/248/248
f 172/172/172 171/171/171 251/251/251
f 197/197/197 198/198/198 256/256/256
f 202/202/202 203/203/203 259/259/259
f 204/204/204 205/205/205 263/263/263
f 210/210/210 211/211/211 270/270/270
f 211/211/211 212/212/212 271/271/271
f 220/220/220 221/221/221 278/278/278
f 221/221/221 222/222/222 279/279/279
f 223/223/223 224/224/224 281/281/281
f 230/230/230 229/229/229 287/287/287
f 231/231/231 230/230/230 288/288/288
f 234/234/234 233/233/233 291/291/291
f 235/235/235 234/234/234 292/292/292
f 238/238/238 237/237/237 295/295/295
f 239/239/239 238/238/238 296/296/296
f 246/246/246 245/245/245 301/301/301
f 247/247/247 246/246/246 302/302/302
f 260/260/260 261/261/261 305/305/305
f 261/261/261 262/262/262 306/306/306
f 268/268/268 269/269/269 313/313/313
f 269/269/269 270/270/270 314/314/314
f 276/276/276 277/277/277 322/322/322
f 279/279/279 280/280/280 325/325/325
f 280/280/280 281/281/281 326/326/326
f 281/281/281 282/282/282 327/327/327
f 282/282/282 283/283/283 328/328/328
f 287/287/287 286/286/286 334/334/334
f 288/288/288 287/287/287 335/335/335
f 289/289/289 288/288/288 336/336/336
f 290/290/290 289/289/289 337/337/337
f 297/297/297 296/296/296 344/344/344
f 299/299/299 298/298/298 346/346/346
f 302/302/302 301/301/301 349/349/349
f 310/310/310 311/311/311 353/353/353
f 311/311/311 312/312/312 354/354/354
f 316/316/316 317/317/317 357/357/357
f 320/320/320 321/321/321 361/361/361
f 322/322/322 323/323/323 363/363/363
f 323/323/323 324/324/324 364/364/364
f 328/328/328 329/329/329 369/369/369
f 335/335/335 334/334/334 378/378/378
f 338/338/338 337/337/337 381/381/381
f 342/342/342 341/341/341 385/385/385
f 345/345/345 344/344/344 388/388/388
f 350/350/350 349/349/349 393/393/393
f 351/351/351 350/350/350 394/394/394
f 354/354/354 355/355/355 399/399/399
f 357/357/357 358/358/358 402/402/402
f 358/358/358 359/359/359 403/403/403
f 360/360/360 361/361/361 406/406/406
f 362/362/362 363/363/363 408/408/408
f 371/371/371 372/372/372 414/414/414
f 379/379/379 378/378/378 420/420/420
f 380/380/380 379/379/379 421/421/421
f 383/383/383 382/382/382 424/424/424
f 385/385/385 384/384/384 426/426/426
f 389/389/389 388/388/388 430/430/430
f 394/394/394 393/393/393 435/435/435
f 395/395/395 394/394/394 436/436/436
f 397/397/397 398/398/398 440/440/440
f 402/402/402 403/403/403 443/443/443
f 404/404/404 405/405/405 445/445/445
f 407/407/407 408/408/408 448/448/448
f 409/409/409 410/410/410 450/450/450
f 410/410/410 411/411/411 451/451/451
f 413/413/413 414/414/414 455/455/455
f 416/416/416 417/417/417 458/458/458
f 417/417/417 418/418/418 459/459/459
f 420/420/420 419/419/419 460/460/460
f 422/422/422 421/421/421 462/462/462
f 425/425/425 424/424/424 465/465/465
f 426/426/426 425/425/425 466/466/466
f 433/433/433 432/432/432 473/473/473
f 434/434/434 433/433/433 474/474/474
f 438/438/438 439/439/439 480/480/480
f 441/441/441 442/442/442 485/485/485
f 446/446/446 447/447/447 490/490/490
f 449/449/449 450/450/450 493/493/493
f 451/451/451 452/452/452 495/495/495
f 453/453/453 454/454/454 497/497/497
f 455/455/455 456/456/456 499/499/499
f 456/456/456 457/457/457 500/500/500
f 458/458/458 459/459/459 502/502/502
f 461/461/461 460/460/460 503/503/503
f 463/463/463 462/462/462 505/505/505
f 468/468/468 467/467/467 510/510/510
f 474/474/474 473/473/473 516/516/516
f 475/475/475 474/474/474 517/517/517
f 479/479/479 480/480/480 523/523/523
f 480/480/480 481/481/481 524/524/524
f 483/483/483 484/484/484 529/529/529
f 489/489/489 490/490/490 534/534/534
f 491/491/491 492/492/492 540/540/540
f 493/493/493 494/494/494 542/542/542
f 500/500/500 501/501/501 548/548/548
f 504/504/504 503/503/503 549/549/549
f 512/512/512 511/511/511 557/557/557
f 513/513/513 512/512/512 558/558/558
f 514/514/514 513/513/513 559/559/559
f 518/518/518 517/517/517 563/563/563
f 521/521/521 520/520/520 566/566/566
f 524/524/524 525/525/525 577/577/577
f 527/527/527 528/528/528 580/580/580
f 529/529/529 530/530/530 582/582/582
f 530/530/530 531/531/531 583/583/583
f 536/536/536 537/537/537 588/588/588
f 539/539/539 540/540/540 591/591/591
f 540/540/540 541/541/541 592/592/592
f 550/550/550 549/549/549 595/595/595
f 551/551/551 550/550/550 596/596/596
f 554/554/554 553/553/553 599/599/599
f 557/557/557 556/556/556 602/602/602
f 558/558/558 557/557/557 603/603/603
f 559/559/559 558/558/558 604/604/604
f 563/563/563 562/562/562 608/608/608
f 564/564/564 563/563/563 609/609/609
f 571/571/571 572/572/572 634/634/634
f 572/572/572 573/573/573 635/635/635
f 577/577/577 578/578/578 638/638/638
f 579/579/579 580/580/580 643/643/643
f 580/580/580 581/581/581 644/644/644
f 586/586/586 587/587/587 648/648/648
f 587/587/587 588/588/588 649/649/649
f 588/588/588 589/589/589 650/650/650
f 591/591/591 592/592/592 653/653/653
f 597/597/597 596/596/596 654/654/654
f 598/598/598 597/597/597 655/655/655
f 603/603/603 602/602/602 660/660/660
f 604/604/604 603/603/603 661/661/661
f 611/611/611 610/610/610 665/665/665
f 618/618/618 617/617/617 672/672/672
f 621/621/621 620/620/620 677/677/677
f 622/622/622 623/623/623 702/702/702
f 625/625/625 626/626/626 707/707/707
f 632/632/632 633/633/633 714/714/714
f 641/641/641 642/642/642 723/723/723
f 642/642/642 643/643/643 724/724/724
f 648/648/648 649/649/649 727/727/727
f 650/650/650 651/651/651 729/729/729
f 651/651/651 652/652/652 730/730/730
f 656/656/656 655/655/655 731/731/731
f 657/657/657 656/656/656 732/732/732
f 658/658/658 657/657/657 733/733/733
f 659/659/659 658/658/658 734/734/734
f 667/667/667 666/666/666 740/740/740
f 674/674/674 673/673/673 751/751/751
f 681/681/681 680/680/680 757/757/757
f 692/692/692 693/693/693 772/772/772
f 705/705/705 706/706/706 782/782/782
f 712/712/712 713/713/713 788/788/788
f 717/717/717 718/718/718 791/791/791
f 720/720/720 721/721/721 795/795/795
f 721/721/721 722/722/722 796/796/796
f 722/722/722 723/723/723 797/797/797
f 727/727/727 728/728/728 800/800/800
f 742/742/742 741/741/741 801/801/801
f 743/743/743 742/742/742 802/802/802
f 744/744/744 743/743/743 803/803/803
f 745/745/745 744/744/744 804/804/804
f 753/753/753 752/752/752 810/810/810
f 759/759/759 758/758/758 814/814/814
f 770/770/770 771/771/771 825/825/825
f 780/780/780 781/781/781 831/831/831
f 786/786/786 787/787/787 835/835/835
f 791/791/791 792/792/792 838/838/838
f 793/793/793 794/794/794 840/840/840
f 795/795/795 796/796/796 842/842/842
f 802/802/802 801/801/801 843/843/843
f 804/804/804 803/803/803 845/845/845
f 805/805/805 804/804/804 846/846/846
f 808/808/808 807/807/807 849/849/849
f 813/813/813 812/812/812 854/854/854
f 828/828/828 829/829/829 865/865/865
f 834/834/834 835/835/835 871/871/871
f 837/837/837 838/838/838 874/874/874
f 838/838/838 839/839/839 875/875/875
f 841/841/841 842/842/842 878/878/878
f 12/12/12 9/9/9 45/45/45
f 15/15/15 13/13/13 49/49/49
f 14/14/14 16/16/16 55/55/55
f 19/19/19 17/17/17 56/56/56
f 18/18/18 20/20/20 62/62/62
f 25/25/25 21/21/21 63/63/63
f 29/29/29 24/24/24 66/66/66
f 27/27/27 30/30/30 72/72/72
f 37/37/37 47/47/47 101/101/101
f 46/46/46 51/51/51 107/107/107
f 50/50/50 54/54/54 112/112/112
f 61/61/61 57/57/57 113/113/113
f 63/63/63 60/60/60 118/118/118
f 67/67/67 63/63/63 123/123/123
f 71/71/71 66/66/66 128/128/128
f 78/78/78 70/70/70 134/134/134
f 79/79/79 89/89/89 162/162/162
f 88/88/88 100/100/100 169/169/169
f 99/99/99 106/106/106 176/176/176
f 105/105/105 111/111/111 181/181/181
f 120/120/120 114/114/114 182/182/182
f 124/124/124 119/119/119 187/187/187
f 130/130/130 124/124/124 193/193/193
f 136/136/136 129/129/129 200/200/200
f 145/145/145 135/135/135 207/207/207
f 148/148/148 142/142/142 215/215/215
f 149/149/149 161/161/161 243/243/243
f 160/160/160 168/168/168 250/250/250
f 209/209/209 201/201/201 257/257/257
f 219/219/219 208/208/208 264/264/264
f 226/226/226 217/217/217 272/272/272
f 227/227/227 242/242/242 300/300/300
f 275/275/275 265/265/265 307/307/307
f 284/284/284 273/273/273 315/315/315
f 301/301/301 297/297/297 345/345/345
f 330/330/330 316/316/316 356/356/356
f 332/332/332 325/325/325 365/365/365
f 349/349/349 345/345/345 389/389/389
f 370/370/370 356/356/356 400/400/400
f 376/376/376 368/368/368 409/409/409
f 393/393/393 389/389/389 431/431/431
f 412/412/412 401/401/401 441/441/441
f 418/418/418 409/409/409 449/449/449
f 419/419/419 434/434/434 475/475/475
f 440/440/440 444/444/444 487/487/487
f 460/460/460 475/475/475 518/518/518
f 482/482/482 488/488/488 532/532/532
f 490/490/490 496/496/496 543/543/543
f 503/503/503 518/518/518 564/564/564
f 526/526/526 533/533/533 584/584/584
f 538/538/538 547/547/547 593/593/593
f 565/565/565 561/561/561 607/607/607
f 570/570/570 576/576/576 636/636/636
f 578/578/578 584/584/584 645/645/645
f 612/612/612 606/606/606 664/664/664
f 619/619/619 613/613/613 670/670/670
f 624/624/624 630/630/630 709/709/709
f 631/631/631 637/637/637 715/715/715
f 640/640/640 647/647/647 725/725/725
f 668/668/668 663/663/663 739/739/739
f 675/675/675 669/669/669 750/750/750
f 682/682/682 676/676/676 756/756/756
f 687/687/687 683/683/683 762/762/762
f 686/686/686 690/690/690 767/767/767
f 691/691/691 697/697/697 773/773/773
f 697/697/697 703/703/703 777/777/777
f 704/704/704 710/710/710 783/783/783
f 711/711/711 716/716/716 789/789/789
f 719/719/719 726/726/726 798/798/798
f 754/754/754 749/749/749 809/809/809
f 760/760/760 755/755/755 813/813/813
f 765/765/765 761/761/761 817/817/817
f 764/764/764 768/768/768 822/822/822
f 769/769/769 774/774/774 826/826/826
f 774/774/774 778/778/778 828/828/828
f 779/779/779 784/784/784 832/832/832
f 785/785/785 790/790/790 836/836/836
f 801/801/801 811/811/811 853/853/853
f 810/810/810 815/815/815 856/856/856
f 820/820/820 816/816/816 857/857/857
f 819/819/819 823/823/823 860/860/860
f 827/827/827 824/824/824 861/861/861
f 826/826/826 828/828/828 864/864/864
f 829/829/829 832/832/832 868/868/868
f 842/842/842 834/834/834 870/870/870
f 54/54/54 50/50/50 55/55/55
f 60/60/60 56/56/56 61/61/61
f 89/89/89 79/79/79 90/90/90
f 93/93/93 83/83/83 94/94/94
f 94/94/94 84/84/84 95/95/95
f 95/95/95 85/85/85 96/96/96
f 100/100/100 88/88/88 101/101/101
f 106/106/106 99/99/99 107/107/107
f 111/111/111 105/105/105 112/112/112
f 119/119/119 113/113/113 120/120/120
f 123/123/123 118/118/118 124/124/124
f 129/129/129 123/123/123 130/130/130
f 135/135/135 128/128/128 136/136/136
f 144/144/144 134/134/134 145/145/145
f 147/147/147 141/141/141 148/148/148
f 161/161/161 149/149/149 162/162/162
f 168/168/168 160/160/160 169/169/169
f 175/175/175 167/167/167 176/176/176
f 178/178/178 172/172/172 179/179/179
f 180/180/180 174/174/174 181/181/181
f 188/188/188 182/182/182 189/189/189
f 190/190/190 184/184/184 191/191/191
f 193/193/193 187/187/187 194/194/194
f 201/201/201 193/193/193 202/202/202
f 202/202/202 194/194/194 203/203/203
f 208/208/208 200/200/200 209/209/209
f 218/218/218 207/207/207 219/219/219
f 224/224/224 215/215/215 225/225/225
f 225/225/225 216/216/216 226/226/226
f 242/242/242 227/227/227 243/243/243
f 249/249/249 241/241/241 250/250/250
f 252/252/252 246/246/246 253/253/253
f 265/265/265 257/257/257 266/266/266
f 266/266/266 258/258/258 267/267/267
f 274/274/274 264/264/264 275/275/275
f 283/283/283 272/272/272 284/284/284
f 310/310/310 304/304/304 311/311/311
f 317/317/317 307/307/307 318/318/318
f 329/329/329 315/315/315 330/330/330
f 331/331/331 324/324/324 332/332/332
f 373/373/373 365/365/365 374/374/374
f 375/375/375 367/367/367 376/376/376
f 411/411/411 400/400/400 412/412/412
f 488/488/488 482/482/482 487/487/487
f 533/533/533 526/526/526 532/532/532
f 544/544/544 535/535/535 543/543/543
f 547/547/547 538/538/538 546/546/546
f 576/576/576 570/570/570 575/575/575
f 583/583/583 573/573/573 582/582/582
f 613/613/613 607/607/607 612/612/612
f 617/617/617 609/609/609 616/616/616
f 620/620/620 614/614/614 619/619/619
f 629/629/629 623/623/623 628/628/628
f 630/630/630 624/624/624 629/629/629
f 637/637/637 631/631/631 636/636/636
f 646/646/646 639/639/639 645/645/645
f 647/647/647 640/640/640 646/646/646
f 669/669/669 664/664/664 668/668/668
f 676/676/676 670/670/670 675/675/675
f 680/680/680 672/672/672 679/679/679
f 683/683/683 677/677/677 682/682/682
f 688/688/688 684/684/684 687/687/687
f 690/690/690 686/686/686 689/689/689
f 697/697/697 691/691/691 696/696/696
f 700/700/700 694/694/694 699/699/699
f 702/702/702 696/696/696 701/701/701
f 703/703/703 697/697/697 702/702/702
f 710/710/710 704/704/704 709/709/709
f 716/716/716 711/711/711 715/715/715
f 726/726/726 719/719/719 725/725/725
f 743/743/743 733/733/733 742/742/742
f 744/744/744 734/734/734 743/743/743
f 745/745/745 735/735/735 744/744/744
f 749/749/749 739/739/739 748/748/748
f 755/755/755 750/750/750 754/754/754
f 761/761/761 756/756/756 760/760/760
f 766/766/766 762/762/762 765/765/765
f 768/768/768 764/764/764 767/767/767
f 774/774/774 769/769/769 773/773/773
f 778/778/778 774/774/774 777/777/777
f 784/784/784 779/779/779 783/783/783
f 790/790/790 785/785/785 789/789/789
f 799/799/799 793/793/793 798/798/798
f 821/821/821 817/817/817 820/820/820
f 823/823/823 819/819/819 822/822/822
f 39/39/39 3/3/3 38/38/38
f 42/42/42 6/6/6 41/41/41
f 43/43/43 7/7/7 42/42/42
f 45/45/45 9/9/9 44/44/44
f 47/47/47 11/11/11 46/46/46
f 66/66/66 24/24/24 67/67/67
f 68/68/68 26/26/26 69/69/69
f 72/72/72 30/30/30 73/73/73
f 75/75/75 33/33/33 76/76/76
f 76/76/76 34/34/34 77/77/77
f 94/94/94 42/42/42 93/93/93
f 95/95/95 43/43/43 94/94/94
f 96/96/96 44/44/44 95/95/95
f 97/97/97 45/45/45 96/96/96
f 103/103/103 49/49/49 102/102/102
f 109/109/109 53/53/53 108/108/108
f 116/116/116 58/58/58 117/117/117
f 126/126/126 64/64/64 127/127/127
f 132/132/132 68/68/68 133/133/133
f 138/138/138 72/72/72 139/139/139
f 140/140/140 74/74/74 141/141/141
f 142/142/142 76/76/76 143/143/143
f 155/155/155 84/84/84 154/154/154
f 156/156/156 85/85/85 155/155/155
f 157/157/157 86/86/86 156/156/156
f 158/158/158 87/87/87 157/157/157
f 164/164/164 98/98/98 163/163/163
f 171/171/171 104/104/104 170/170/170
f 178/178/178 110/110/110 177/177/177
f 185/185/185 115/115/115 186/186/186
f 198/198/198 125/125/125 199/199/199
f 205/205/205 131/131/131 206/206/206
f 211/211/211 137/137/137 212/212/212
f 212/212/212 138/138/138 213/213/213
f 213/213/213 139/139/139 214/214/214
f 216/216/216 143/143/143 217/217/217
f 222/222/222 146/146/146 223/223/223
f 231/231/231 152/152/152 230/230/230
f 232/232/232 153/153/153 231/231/231
f 233/233/233 154/154/154 232/232/232
f 234/234/234 155/155/155 233/233/233
f 237/237/237 158/158/158 236/236/236
f 238/238/238 159/159/159 237/237/237
f 245/245/245 165/165/165 244/244/244
f 249/249/249 167/167/167 248/248/248
f 252/252/252 172/172/172 251/251/251
f 255/255/255 197/197/197 256/256/256
f 258/258/258 202/202/202 259/259/259
f 262/262/262 204/204/204 263/263/263
f 269/269/269 210/210/210 270/270/270
f 270/270/270 211/211/211 271/271/271
f 277/277/277 220/220/220 278/278/278
f 278/278/278 221/221/221 279/279/279
f 280/280/280 223/223/223 281/281/281
f 288/288/288 230/230/230 287/287/287
f 289/289/289 231/231/231 288/288/288
f 292/292/292 234/234/234 291/291/291
f 293/293/293 235/235/235 292/292/292
f 296/296/296 238/238/238 295/295/295
f 297/297/297 239/239/239 296/296/296
f 302/302/302 246/246/246 301/301/301
f 303/303/303 247/247/247 302/302/302
f 304/304/304 260/260/260 305/305/305
f 305/305/305 261/261/261 306/306/306
f 312/312/312 268/268/268 313/313/313
f 313/313/313 269/269/269 314/314/314
f 321/321/321 276/276/276 322/322/322
f 324/324/324 279/279/279 325/325/325
f 325/325/325 280/280/280 326/326/326
f 326/326/326 281/281/281 327/327/327
f 327/327/327 282/282/282 328/328/328
f 335/335/335 287/287/287 334/334/334
f 336/336/336 288/288/288 335/335/335
f 337/337/337 289/289/289 336/336/336
f 338/338/338 290/290/290 337/337/337
f 345/345/345 297/297/297 344/344/344
f 347/347/347 299/299/299 346/346/346
f 350/350/350 302/302/302 349/349/349
f 352/352/352 310/310/310 353/353/353
f 353/353/353 311/311/311 354/354/354
f 356/356/356 316/316/316 357/357/357
f 360/360/360 320/320/320 361/361/361
f 362/362/362 322/322/322 363/363/363
f 363/363/363 323/323/323 364/364/364
f 368/368/368 328/328/328 369/369/369
f 379/379/379 335/335/335 378/378/378
f 382/382/382 338/338/338 381/381/381
f 386/386/386 342/342/342 385/385/385
f 389/389/389 345/345/345 388/388/388
f 394/394/394 350/350/350 393/393/393
f 395/395/395 351/351/351 394/394/394
f 398/398/398 354/354/354 399/399/399
f 401/401/401 357/357/357 402/402/402
f 402/402/402 358/358/358 403/403/403
f 405/405/405 360/360/360 406/406/406
f 407/407/407 362/362/362 408/408/408
f 413/413/413 371/371/371 414/414/414
f 421/421/421 379/379/379 420/420/420
f 422/422/422 380/380/380 421/421/421
f 425/425/425 383/383/383 424/424/424
f 427/427/427 385/385/385 426/426/426
f 431/431/431 389/389/389 430/430/430
f 436/436/436 394/394/394 435/435/435
f 437/437/437 395/395/395 436/436/436
f 439/439/439 397/397/397 440/440/440
f 442/442/442 402/402/402 443/443/443
f 444/444/444 404/404/404 445/445/445
f 447/447/447 407/407/407 448/448/448
f 449/449/449 409/409/409 450/450/450
f 450/450/450 410/410/410 451/451/451
f 454/454/454 413/413/413 455/455/455
f 457/457/457 416/416/416 458/458/458
f 458/458/458 417/417/417 459/459/459
f 461/461/461 420/420/420 460/460/460
f 463/463/463 422/422/422 462/462/462
f 466/466/466 425/425/425 465/465/465
f 467/467/467 426/426/426 466/466/466
f 474/474/474 433/433/433 473/473/473
f 475/475/475 434/434/434 474/474/474
f 479/479/479 438/438/438 480/480/480
f 484/484/484 441/441/441 485/485/485
f 489/489/489 446/446/446 490/490/490
f 492/492/492 449/449/449 493/493/493
f 494/494/494 451/451/451 495/495/495
f 496/496/496 453/453/453 497/497/497
f 498/498/498 455/455/455 499/499/499
f 499/499/499 456/456/456 500/500/500
f 501/501/501 458/458/458 502/502/502
f 504/504/504 461/461/461 503/503/503
f 506/506/506 463/463/463 505/505/505
f 511/511/511 468/468/468 510/510/510
f 517/517/517 474/474/474 516/516/516
f 518/518/518 475/475/475 517/517/517
f 522/522/522 479/479/479 523/523/523
f 523/523/523 480/480/480 524/524/524
f 528/528/528 483/483/483 529/529/529
f 533/533/533 489/489/489 534/534/534
f 539/539/539 491/491/491 540/540/540
f 541/541/541 493/493/493 542/542/542
f 547/547/547 500/500/500 548/548/548
f 550/550/550 504/504/504 549/549/549
f 558/558/558 512/512/512 557/557/557
f 559/559/559 513/513/513 558/558/558
f 560/560/560 514/514/514 559/559/559
f 564/564/564 518/518/518 563/563/563
f 567/567/567 521/521/521 566/566/566
f 576/576/576 524/524/524 577/577/577
f 579/579/579 527/527/527 580/580/580
f 581/581/581 529/529/529 582/582/582
f 582/582/582 530/530/530 583/583/583
f 587/587/587 536/536/536 588/588/588
f 590/590/590 539/539/539 591/591/591
f 591/591/591 540/540/540 592/592/592
f 596/596/596 550/550/550 595/595/595
f 597/597/597 551/551/551 596/596/596
f 600/600/600 554/554/554 599/599/599
f 603/603/603 557/557/557 602/602/602
f 604/604/604 558/558/558 603/603/603
f 605/605/605 559/559/559 604/604/604
f 609/609/609 563/563/563 608/608/608
f 610/610/610 564/564/564 609/609/609
f 633/633/633 571/571/571 634/634/634
f 634/634/634 572/572/572 635/635/635
f 637/637/637 577/577/577 638/638/638
f 642/642/642 579/579/579 643/643/643
f 643/643/643 580/580/580 644/644/644
f 647/647/647 586/586/586 648/648/648
f 648/648/648 587/587/587 649/649/649
f 649/649/649 588/588/588 650/650/650
f 652/652/652 591/591/591 653/653/653
f 655/655/655 597/597/597 654/654/654
f 656/656/656 598/598/598 655/655/655
f 661/661/661 603/603/603 660/660/660
f 662/662/662 604/604/604 661/661/661
f 666/666/666 611/611/611 665/665/665
f 673/673/673 618/618/618 672/672/672
f 678/678/678 621/621/621 677/677/677
f 701/701/701 622/622/622 702/702/702
f 706/706/706 625/625/625 707/707/707
f 713/713/713 632/632/632 714/714/714
f 722/722/722 641/641/641 723/723/723
f 723/723/723 642/642/642 724/724/724
f 726/726/726 648/648/648 727/727/727
f 728/728/728 650/650/650 729/729/729
f 729/729/729 651/651/651 730/730/730
f 732/732/732 656/656/656 731/731/731
f 733/733/733 657/657/657 732/732/732
f 734/734/734 658/658/658 733/733/733
f 735/735/735 659/659/659 734/734/734
f 741/741/741 667/667/667 740/740/740
f 752/752/752 674/674/674 751/751/751
f 758/758/758 681/681/681 757/757/757
f 771/771/771 692/692/692 772/772/772
f 781/781/781 705/705/705 782/782/782
f 787/787/787 712/712/712 788/788/788
f 790/790/790 717/717/717 791/791/791
f 794/794/794 720/720/720 795/795/795
f 795/795/795 721/721/721 796/796/796
f 796/796/796 722/722/722 797/797/797
f 799/799/799 727/727/727 800/800/800
f 802/802/802 742/742/742 801/801/801
f 803/803/803 743/743/743 802/802/802
f 804/804/804 744/744/744 803/803/803
f 805/805/805 745/745/745 804/804/804
f 811/811/811 753/753/753 810/810/810
f 815/815/815 759/759/759 814/814/814
f 824/824/824 770/770/770 825/825/825
f 830/830/830 780/780/780 831/831/831
f 834/834/834 786/786/786 835/835/835
f 837/837/837 791/791/791 838/838/838
f 839/839/839 793/793/793 840/840/840
f 841/841/841 795/795/795 842/842/842
f 844/844/844 802/802/802 843/843/843
f 846/846/846 804/804/804 845/845/845
f 847/847/847 805/805/805 846/846/846
f 850/850/850 808/808/808 849/849/849
f 855/855/855 813/813/813 854/854/854
f 864/864/864 828/828/828 865/865/865
f 870/870/870 834/834/834 871/871/871
f 873/873/873 837/837/837 874/874/874
f 874/874/874 838/838/838 875/875/875
f 877/877/877 841/841/841 878/878/878
f 48/48/48 12/12/12 45/45/45
f 52/52/52 15/15/15 49/49/49
f 51/51/51 14/14/14 55/55/55
f 60/60/60 19/19/19 56/56/56
f 59/59/59 18/18/18 62/62/62
f 67/67/67 25/25/25 63/63/63
f 71/71/71 29/29/29 66/66/66
f 69/69/69 27/27/27 72/72/72
f 89/89/89 37/37/37 101/101/101
f 100/100/100 46/46/46 107/107/107
f 106/106/106 50/50/50 112/112/112
f 119/119/119 61/61/61 113/113/113
f 123/123/123 63/63/63 118/118/118
f 129/129/129 67/67/67 123/123/123
f 135/135/135 71/71/71 128/128/128
f 144/144/144 78/78/78 134/134/134
f 150/150/150 79/79/79 162/162/162
f 161/161/161 88/88/88 169/169/169
f 168/168/168 99/99/99 176/176/176
f 175/175/175 105/105/105 181/181/181
f 188/188/188 120/120/120 182/182/182
f 193/193/193 124/124/124 187/187/187
f 201/201/201 130/130/130 193/193/193
f 208/208/208 136/136/136 200/200/200
f 218/218/218 145/145/145 207/207/207
f 224/224/224 148/148/148 215/215/215
f 228/228/228 149/149/149 243/243/243
f 242/242/242 160/160/160 250/250/250
f 265/265/265 209/209/209 257/257/257
f 274/274/274 219/219/219 264/264/264
f 283/283/283 226/226/226 272/272/272
f 285/285/285 227/227/227 300/300/300
f 317/317/317 275/275/275 307/307/307
f 329/329/329 284/284/284 315/315/315
f 349/349/349 301/301/301 345/345/345
f 370/370/370 330/330/330 356/356/356
f 373/373/373 332/332/332 365/365/365
f 393/393/393 349/349/349 389/389/389
f 411/411/411 370/370/370 400/400/400
f 418/418/418 376/376/376 409/409/409
f 435/435/435 393/393/393 431/431/431
f 452/452/452 412/412/412 441/441/441
f 459/459/459 418/418/418 449/449/449
f 460/460/460 419/419/419 475/475/475
f 481/481/481 440/440/440 487/487/487
f 503/503/503 460/460/460 518/518/518
f 525/525/525 482/482/482 532/532/532
f 534/534/534 490/490/490 543/543/543
f 549/549/549 503/503/503 564/564/564
f 578/578/578 526/526/526 584/584/584
f 589/589/589 538/538/538 593/593/593
f 613/613/613 565/565/565 607/607/607
f 630/630/630 570/570/570 636/636/636
f 638/638/638 578/578/578 645/645/645
f 669/669/669 612/612/612 664/664/664
f 676/676/676 619/619/619 670/670/670
f 703/703/703 624/624/624 709/709/709
f 710/710/710 631/631/631 715/715/715
f 718/718/718 640/640/640 725/725/725
f 749/749/749 668/668/668 739/739/739
f 755/755/755 675/675/675 750/750/750
f 761/761/761 682/682/682 756/756/756
f 766/766/766 687/687/687 762/762/762
f 763/763/763 686/686/686 767/767/767
f 768/768/768 691/691/691 773/773/773
f 773/773/773 697/697/697 777/777/777
f 778/778/778 704/704/704 783/783/783
f 784/784/784 711/711/711 789/789/789
f 792/792/792 719/719/719 798/798/798
f 812/812/812 754/754/754 809/809/809
f 816/816/816 760/760/760 813/813/813
f 821/821/821 765/765/765 817/817/817
f 818/818/818 764/764/764 822/822/822
f 823/823/823 769/769/769 826/826/826
f 826/826/826 774/774/774 828/828/828
f 829/829/829 779/779/779 832/832/832
f 833/833/833 785/785/785 836/836/836
f 843/843/843 801/801/801 853/853/853
f 852/852/852 810/810/810 856/856/856
f 859/859/859 820/820/820 857/857/857
f 858/858/858 819/819/819 860/860/860
f 863/863/863 827/827/827 861/861/861
f 862/862/862 826/826/826 864/864/864
f 865/865/865 829/829/829 868/868/868
f 878/878/878 842/842/842 870/870/870
f 56/56/56 53/53/53 57/57/57
f 58/58/58 55/55/55 59/59/59
f 90/90/90 81/81/81 91/91/91
f 91/91/91 82/82/82 92/92/92
f 92/92/92 83/83/83 93/93/93
f 96/96/96 87/87/87 97/97/97
f 102/102/102 98/98/98 103/103/103
f 108/108/108 104/104/104 109/109/109
f 113/113/113 110/110/110 114/114/114
f 115/115/115 112/112/112 116/116/116
f 121/121/121 117/117/117 122/122/122
f 125/125/125 122/122/122 126/126/126
f 131/131/131 127/127/127 132/132/132
f 137/137/137 133/133/133 138/138/138
f 146/146/146 141/141/141 147/147/147
f 163/163/163 159/159/159 164/164/164
f 170/170/170 165/165/165 171/171/171
f 174/174/174 167/167/167 175/175/175
f 177/177/177 172/172/172 178/178/178
f 182/182/182 179/179/179 183/183/183
f 184/184/184 181/181/181 185/185/185
f 191/191/191 186/186/186 192/192/192
f 194/194/194 189/189/189 195/195/195
f 196/196/196 191/191/191 197/197/197
f 197/197/197 192/192/192 198/198/198
f 204/204/204 199/199/199 205/205/205
f 210/210/210 206/206/206 211/211/211
f 220/220/220 213/213/213 221/221/221
f 221/221/221 214/214/214 222/222/222
f 244/244/244 239/239/239 245/245/245
f 248/248/248 241/241/241 249/249/249
f 251/251/251 246/246/246 252/252/252
f 260/260/260 255/255/255 261/261/261
f 261/261/261 256/256/256 262/262/262
f 268/268/268 263/263/263 269/269/269
f 276/276/276 271/271/271 277/277/277
f 311/311/311 306/306/306 312/312/312
f 318/318/318 309/309/309 319/319/319
f 320/320/320 314/314/314 321/321/321
f 371/371/371 364/364/364 372/372/372
f 374/374/374 367/367/367 375/375/375
f 404/404/404 399/399/399 405/405/405
f 453/453/453 448/448/448 454/454/454
f 495/495/495 483/483/483 494/494/494
f 502/502/502 491/491/491 501/501/501
f 542/542/542 527/527/527 541/541/541
f 545/545/545 535/535/535 544/544/544
f 546/546/546 536/536/536 545/545/545
f 575/575/575 568/568/568 574/574/574
f 582/582/582 571/571/571 581/581/581
f 594/594/594 589/589/589 593/593/593
f 611/611/611 595/595/595 610/610/610
f 618/618/618 609/609/609 617/617/617
f 621/621/621 614/614/614 620/620/620
f 634/634/634 625/625/625 633/633/633
f 635/635/635 626/626/626 634/634/634
f 644/644/644 632/632/632 643/643/643
f 653/653/653 641/641/641 652/652/652
f 667/667/667 654/654/654 666/666/666
f 674/674/674 665/665/665 673/673/673
f 681/681/681 672/672/672 680/680/680
f 684/684/684 677/677/677 683/683/683
f 686/686/686 679/679/679 685/685/685
f 694/694/694 687/687/687 693/693/693
f 696/696/696 689/689/689 695/695/695
f 699/699/699 692/692/692 698/698/698
f 707/707/707 698/698/698 706/706/706
f 708/708/708 699/699/699 707/707/707
f 714/714/714 705/705/705 713/713/713
f 724/724/724 712/712/712 723/723/723
f 729/729/729 720/720/720 728/728/728
f 730/730/730 721/721/721 729/729/729
f 742/742/742 731/731/731 741/741/741
f 746/746/746 735/735/735 745/745/745
f 747/747/747 736/736/736 746/746/746
f 748/748/748 737/737/737 747/747/747
f 753/753/753 740/740/740 752/752/752
f 759/759/759 751/751/751 758/758/758
f 764/764/764 757/757/757 763/763/763
f 772/772/772 765/765/765 771/771/771
f 776/776/776 770/770/770 775/775/775
f 782/782/782 775/775/775 781/781/781
f 788/788/788 780/780/780 787/787/787
f 797/797/797 786/786/786 796/796/796
f 800/800/800 793/793/793 799/799/799
f 819/819/819 814/814/814 818/818/818
f 825/825/825 820/820/820 824/824/824
f 38/38/38 1/1/1 37/37/37
f 40/40/40 3/3/3 39/39/39
f 41/41/41 4/4/4 40/40/40
f 44/44/44 7/7/7 43/43/43
f 49/49/49 12/12/12 48/48/48
f 64/64/64 23/23/23 65/65/65
f 70/70/70 29/29/29 71/71/71
f 73/73/73 32/32/32 74/74/74
f 74/74/74 33/33/33 75/75/75
f 77/77/77 36/36/36 78/78/78
f 90/90/90 37/37/37 89/89/89
f 91/91/91 38/38/38 90/90/90
f 92/92/92 39/39/39 91/91/91
f 93/93/93 40/40/40 92/92/92
f 101/101/101 46/46/46 100/100/100
f 107/107/107 50/50/50 106/106/106
f 118/118/118 61/61/61 119/119/119
f 128/128/128 67/67/67 129/129/129
f 134/134/134 71/71/71 135/135/135
f 139/139/139 74/74/74 140/140/140
f 141/141/141 76/76/76 142/142/142
f 143/143/143 78/78/78 144/144/144
f 151/151/151 79/79/79 150/150/150
f 152/152/152 80/80/80 151/151/151
f 153/153/153 81/81/81 152/152/152
f 154/154/154 82/82/82 153/153/153
f 162/162/162 88/88/88 161/161/161
f 169/169/169 99/99/99 168/168/168
f 176/176/176 105/105/105 175/175/175
f 187/187/187 120/120/120 188/188/188
f 200/200/200 130/130/130 201/201/201
f 207/207/207 136/136/136 208/208/208
f 215/215/215 143/143/143 216/216/216
f 217/217/217 145/145/145 218/218/218
f 223/223/223 148/148/148 224/224/224
f 229/229/229 149/149/149 228/228/228
f 230/230/230 150/150/150 229/229/229
f 235/235/235 155/155/155 234/234/234
f 236/236/236 156/156/156 235/235/235
f 243/243/243 160/160/160 242/242/242
f 250/250/250 167/167/167 249/249/249
f 253/253/253 172/172/172 252/252/252
f 254/254/254 197/197/197 255/255/255
f 257/257/257 202/202/202 258/258/258
f 264/264/264 209/209/209 265/265/265
f 272/272/272 218/218/218 273/273/273
f 273/273/273 219/219/219 274/274/274
f 279/279/279 223/223/223 280/280/280
f 281/281/281 225/225/225 282/282/282
f 282/282/282 226/226/226 283/283/283
f 286/286/286 227/227/227 285/285/285
f 287/287/287 228/228/228 286/286/286
f 290/290/290 231/231/231 289/289/289
f 291/291/291 232/232/232 290/290/290
f 294/294/294 235/235/235 293/293/293
f 295/295/295 236/236/236 294/294/294
f 299/299/299 240/240/240 298/298/298
f 300/300/300 241/241/241 299/299/299
f 307/307/307 266/266/266 308/308/308
f 308/308/308 267/267/267 309/309/309
f 315/315/315 274/274/274 316/316/316
f 316/316/316 275/275/275 317/317/317
f 322/322/322 278/278/278 323/323/323
f 323/323/323 279/279/279 324/324/324
f 328/328/328 284/284/284 329/329/329
f 334/334/334 285/285/285 333/333/333
f 339/339/339 290/290/290 338/338/338
f 340/340/340 291/291/291 339/339/339
f 341/341/341 292/292/292 340/340/340
f 342/342/342 293/293/293 341/341/341
f 343/343/343 294/294/294 342/342/342
f 344/344/344 295/295/295 343/343/343
f 348/348/348 299/299/299 347/347/347
f 351/351/351 302/302/302 350/350/350
f 354/354/354 313/313/313 355/355/355
f 357/357/357 318/318/318 358/358/358
f 358/358/358 319/319/319 359/359/359
f 361/361/361 322/322/322 362/362/362
f 365/365/365 326/326/326 366/366/366
f 366/366/366 327/327/327 367/367/367
f 367/367/367 328/328/328 368/368/368
f 369/369/369 330/330/330 370/370/370
f 372/372/372 332/332/332 373/373/373
f 378/378/378 333/333/333 377/377/377
f 380/380/380 335/335/335 379/379/379
f 381/381/381 336/336/336 380/380/380
f 383/383/383 338/338/338 382/382/382
f 384/384/384 339/339/339 383/383/383
f 385/385/385 340/340/340 384/384/384
f 387/387/387 342/342/342 386/386/386
f 388/388/388 343/343/343 387/387/387
f 391/391/391 346/346/346 390/390/390
f 392/392/392 347/347/347 391/391/391
f 396/396/396 353/353/353 397/397/397
f 397/397/397 354/354/354 398/398/398
f 400/400/400 357/357/357 401/401/401
f 406/406/406 362/362/362 407/407/407
f 409/409/409 369/369/369 410/410/410
f 410/410/410 370/370/370 411/411/411
f 414/414/414 373/373/373 415/415/415
f 415/415/415 374/374/374 416/416/416
f 416/416/416 375/375/375 417/417/417
f 417/417/417 376/376/376 418/418/418
f 420/420/420 377/377/377 419/419/419
f 423/423/423 380/380/380 422/422/422
f 424/424/424 381/381/381 423/423/423
f 426/426/426 383/383/383 425/425/425
f 428/428/428 385/385/385 427/427/427
f 429/429/429 386/386/386 428/428/428
f 430/430/430 387/387/387 429/429/429
f 433/433/433 390/390/390 432/432/432
f 434/434/434 391/391/391 433/433/433
f 438/438/438 397/397/397 439/439/439
f 441/441/441 402/402/402 442/442/442
f 445/445/445 406/406/406 446/446/446
f 446/446/446 407/407/407 447/447/447
f 451/451/451 412/412/412 452/452/452
f 455/455/455 415/415/415 456/456/456
f 456/456/456 416/416/416 457/457/457
f 462/462/462 420/420/420 461/461/461
f 464/464/464 422/422/422 463/463/463
f 465/465/465 423/423/423 464/464/464
f 468/468/468 426/426/426 467/467/467
f 469/469/469 427/427/427 468/468/468
f 470/470/470 428/428/428 469/469/469
f 471/471/471 429/429/429 470/470/470
f 472/472/472 430/430/430 471/471/471
f 477/477/477 435/435/435 476/476/476
f 478/478/478 436/436/436 477/477/477
f 480/480/480 440/440/440 481/481/481
f 485/485/485 443/443/443 486/486/486
f 487/487/487 445/445/445 488/488/488
f 488/488/488 446/446/446 489/489/489
f 493/493/493 451/451/451 494/494/494
f 497/497/497 455/455/455 498/498/498
f 500/500/500 458/458/458 501/501/501
f 505/505/505 461/461/461 504/504/504
f 507/507/507 463/463/463 506/506/506
f 508/508/508 464/464/464 507/507/507
f 509/509/509 465/465/465 508/508/508
f 510/510/510 466/466/466 509/509/509
f 512/512/512 468/468/468 511/511/511
f 513/513/513 469/469/469 512/512/512
f 514/514/514 470/470/470 513/513/513
f 515/515/515 471/471/471 514/514/514
f 520/520/520 476/476/476 519/519/519
f 521/521/521 477/477/477 520/520/520
f 524/524/524 482/482/482 525/525/525
f 529/529/529 485/485/485 530/530/530
f 530/530/530 486/486/486 531/531/531
f 532/532/532 489/489/489 533/533/533
f 540/540/540 493/493/493 541/541/541
f 543/543/543 497/497/497 544/544/544
f 544/544/544 498/498/498 545/545/545
f 545/545/545 499/499/499 546/546/546
f 546/546/546 500/500/500 547/547/547
f 551/551/551 504/504/504 550/550/550
f 552/552/552 505/505/505 551/551/551
f 553/553/553 506/506/506 552/552/552
f 554/554/554 507/507/507 553/553/553
f 555/555/555 508/508/508 554/554/554
f 556/556/556 509/509/509 555/555/555
f 557/557/557 510/510/510 556/556/556
f 561/561/561 514/514/514 560/560/560
f 563/563/563 516/516/516 562/562/562
f 566/566/566 519/519/519 565/565/565
f 574/574/574 523/523/523 575/575/575
f 575/575/575 524/524/524 576/576/576
f 577/577/577 526/526/526 578/578/578
f 580/580/580 529/529/529 581/581/581
f 584/584/584 534/534/534 585/585/585
f 585/585/585 535/535/535 586/586/586
f 586/586/586 536/536/536 587/587/587
f 588/588/588 538/538/538 589/589/589
f 593/593/593 548/548/548 594/594/594
f 598/598/598 551/551/551 597/597/597
f 599/599/599 552/552/552 598/598/598
f 601/601/601 554/554/554 600/600/600
f 602/602/602 555/555/555 601/601/601
f 606/606/606 559/559/559 605/605/605
f 607/607/607 560/560/560 606/606/606
f 614/614/614 565/565/565 613/613/613
f 615/615/615 566/566/566 614/614/614
f 628/628/628 569/569/569 629/629/629
f 629/629/629 570/570/570 630/630/630
f 636/636/636 577/577/577 637/637/637
f 645/645/645 585/585/585 646/646/646
f 646/646/646 586/586/586 647/647/647
f 650/650/650 590/590/590 651/651/651
f 651/651/651 591/591/591 652/652/652
f 657/657/657 598/598/598 656/656/656
f 658/658/658 599/599/599 657/657/657
f 659/659/659 600/600/600 658/658/658
f 660/660/660 601/601/601 659/659/659
f 663/663/663 604/604/604 662/662/662
f 664/664/664 605/605/605 663/663/663
f 670/670/670 612/612/612 669/669/669
f 672/672/672 616/616/616 671/671/671
f 677/677/677 619/619/619 676/676/676
f 702/702/702 624/624/624 703/703/703
f 707/707/707 627/627/627 708/708/708
f 709/709/709 631/631/631 710/710/710
f 715/715/715 638/638/638 716/716/716
f 716/716/716 639/639/639 717/717/717
f 717/717/717 640/640/640 718/718/718
f 725/725/725 648/648/648 726/726/726
f 727/727/727 650/650/650 728/728/728
f 736/736/736 659/659/659 735/735/735
f 737/737/737 660/660/660 736/736/736
f 738/738/738 661/661/661 737/737/737
f 739/739/739 662/662/662 738/738/738
f 750/750/750 668/668/668 749/749/749
f 756/756/756 675/675/675 755/755/755
f 762/762/762 682/682/682 761/761/761
f 767/767/767 691/691/691 768/768/768
f 777/777/777 704/704/704 778/778/778
f 783/783/783 711/711/711 784/784/784
f 789/789/789 717/717/717 790/790/790
f 791/791/791 719/719/719 792/792/792
f 798/798/798 727/727/727 799/799/799
f 806/806/806 745/745/745 805/805/805
f 807/807/807 746/746/746 806/806/806
f 808/808/808 747/747/747 807/807/807
f 809/809/809 748/748/748 808/808/808
f 813/813/813 754/754/754 812/812/812
f 817/817/817 760/760/760 816/816/816
f 822/822/822 769/769/769 823/823/823
f 828/828/828 779/779/779 829/829/829
f 832/832/832 785/785/785 833/833/833
f 836/836/836 791/791/791 837/837/837
f 838/838/838 793/793/793 839/839/839
f 840/840/840 795/795/795 841/841/841
f 845/845/845 802/802/802 844/844/844
f 848/848/848 805/805/805 847/847/847
f 849/849/849 806/806/806 848/848/848
f 851/851/851 808/808/808 850/850/850
f 853/853/853 810/810/810 852/852/852
f 866/866/866 831/831/831 867/867/867
f 868/868/868 833/833/833 869/869/869
f 872/872/872 837/837/837 873/873/873
f 875/875/875 840/840/840 876/876/876
f 876/876/876 841/841/841 877/877/877
f 37/37/37 11/11/11 47/47/47
f 46/46/46 14/14/14 51/51/51
f 56/56/56 15/15/15 52/52/52
f 55/55/55 18/18/18 59/59/59
f 63/63/63 19/19/19 60/60/60
f 62/62/62 22/22/22 64/64/64
f 65/65/65 26/26/26 68/68/68
f 78/78/78 28/28/28 70/70/70
f 102/102/102 45/45/45 97/97/97
f 108/108/108 49/49/49 103/103/103
f 113/113/113 53/53/53 109/109/109
f 112/112/112 58/58/58 116/116/116
f 117/117/117 62/62/62 122/122/122
f 122/122/122 64/64/64 126/126/126
f 127/127/127 68/68/68 132/132/132
f 133/133/133 72/72/72 138/138/138
f 163/163/163 87/87/87 158/158/158
f 170/170/170 98/98/98 164/164/164
f 177/177/177 104/104/104 171/171/171
f 182/182/182 110/110/110 178/178/178
f 181/181/181 115/115/115 185/185/185
f 186/186/186 121/121/121 192/192/192
f 192/192/192 125/125/125 198/198/198
f 199/199/199 131/131/131 205/205/205
f 206/206/206 137/137/137 211/211/211
f 214/214/214 146/146/146 222/222/222
f 244/244/244 159/159/159 238/238/238
f 251/251/251 165/165/165 245/245/245
f 256/256/256 204/204/204 262/262/262
f 263/263/263 210/210/210 269/269/269
f 271/271/271 220/220/220 277/277/277
f 301/301/301 239/239/239 297/297/297
f 306/306/306 268/268/268 312/312/312
f 314/314/314 276/276/276 321/321/321
f 333/333/333 300/300/300 348/348/348
f 355/355/355 320/320/320 360/360/360
f 364/364/364 331/331/331 372/372/372
f 377/377/377 348/348/348 392/392/392
f 399/399/399 360/360/360 405/405/405
f 408/408/408 371/371/371 413/413/413
f 419/419/419 392/392/392 434/434/434
f 440/440/440 404/404/404 444/444/444
f 448/448/448 413/413/413 454/454/454
f 476/476/476 431/431/431 472/472/472
f 495/495/495 441/441/441 484/484/484
f 490/490/490 453/453/453 496/496/496
f 502/502/502 449/449/449 492/492/492
f 519/519/519 472/472/472 515/515/515
f 542/542/542 483/483/483 528/528/528
f 548/548/548 491/491/491 539/539/539
f 565/565/565 515/515/515 561/561/561
f 592/592/592 527/527/527 579/579/579
f 594/594/594 539/539/539 590/590/590
f 595/595/595 564/564/564 610/610/610
f 644/644/644 571/571/571 633/633/633
f 653/653/653 579/579/579 642/642/642
f 654/654/654 611/611/611 666/666/666
f 665/665/665 618/618/618 673/673/673
f 714/714/714 625/625/625 706/706/706
f 724/724/724 632/632/632 713/713/713
f 730/730/730 641/641/641 722/722/722
f 731/731/731 667/667/667 741/741/741
f 740/740/740 674/674/674 752/752/752
f 751/751/751 681/681/681 758/758/758
f 757/757/757 686/686/686 763/763/763
f 772/772/772 687/687/687 766/766/766
f 776/776/776 692/692/692 771/771/771
f 782/782/782 698/698/698 776/776/776
f 788/788/788 705/705/705 781/781/781
f 797/797/797 712/712/712 787/787/787
f 800/800/800 720/720/720 794/794/794
f 801/801/801 753/753/753 811/811/811
f 810/810/810 759/759/759 815/815/815
f 814/814/814 764/764/764 818/818/818
f 825/825/825 765/765/765 821/821/821
f 827/827/827 770/770/770 824/824/824
f 831/831/831 775/775/775 827/827/827
f 835/835/835 780/780/780 830/830/830
f 842/842/842 786/786/786 834/834/834
f 854/854/854 809/809/809 851/851/851
f 857/857/857 813/813/813 855/855/855
f 856/856/856 819/819/819 858/858/858
f 861/861/861 820/820/820 859/859/859
f 860/860/860 826/826/826 862/862/862
f 867/867/867 827/827/827 863/863/863
f 871/871/871 830/830/830 866/866/866
f 869/869/869 836/836/836 872/872/872
f 56/56/56 52/52/52 53/53/53
f 58/58/58 54/54/54 55/55/55
f 90/90/90 80/80/80 81/81/81
f 91/91/91 81/81/81 82/82/82
f 92/92/92 82/82/82 83/83/83
f 96/96/96 86/86/86 87/87/87
f 102/102/102 97/97/97 98/98/98
f 108/108/108 103/103/103 104/104/104
f 113/113/113 109/109/109 110/110/110
f 115/115/115 111/111/111 112/112/112
f 121/121/121 116/116/116 117/117/117
f 125/125/125 121/121/121 122/122/122
f 131/131/131 126/126/126 127/127/127
f 137/137/137 132/132/132 133/133/133
f 146/146/146 140/140/140 141/141/141
f 163/163/163 158/158/158 159/159/159
f 170/170/170 164/164/164 165/165/165
f 174/174/174 166/166/166 167/167/167
f 177/177/177 171/171/171 172/172/172
f 182/182/182 178/178/178 179/179/179
f 184/184/184 180/180/180 181/181/181
f 191/191/191 185/185/185 186/186/186
f 194/194/194 188/188/188 189/189/189
f 196/196/196 190/190/190 191/191/191
f 197/197/197 191/191/191 192/192/192
f 204/204/204 198/198/198 199/199/199
f 210/210/210 205/205/205 206/206/206
f 220/220/220 212/212/212 213/213/213
f 221/221/221 213/213/213 214/214/214
f 244/244/244 238/238/238 239/239/239
f 248/248/248 240/240/240 241/241/241
f 251/251/251 245/245/245 246/246/246
f 260/260/260 254/254/254 255/255/255
f 261/261/261 255/255/255 256/256/256
f 268/268/268 262/262/262 263/263/263
f 276/276/276 270/270/270 271/271/271
f 311/311/311 305/305/305 306/306/306
f 318/318/318 308/308/308 309/309/309
f 320/320/320 313/313/313 314/314/314
f 371/371/371 363/363/363 364/364/364
f 374/374/374 366/366/366 367/367/367
f 404/404/404 398/398/398 399/399/399
f 453/453/453 447/447/447 448/448/448
f 495/495/495 484/484/484 483/483/483
f 502/502/502 492/492/492 491/491/491
f 542/542/542 528/528/528 527/527/527
f 545/545/545 536/536/536 535/535/535
f 546/546/546 537/537/537 536/536/536
f 575/575/575 569/569/569 568/568/568
f 582/582/582 572/572/572 571/571/571
f 594/594/594 590/590/590 589/589/589
f 611/611/611 596/596/596 595/595/595
f 618/618/618 610/610/610 609/609/609
f 621/621/621 615/615/615 614/614/614
f 634/634/634 626/626/626 625/625/625
f 635/635/635 627/627/627 626/626/626
f 644/644/644 633/633/633 632/632/632
f 653/653/653 642/642/642 641/641/641
f 667/667/667 655/655/655 654/654/654
f 674/674/674 666/666/666 665/665/665
f 681/681/681 673/673/673 672/672/672
f 684/684/684 678/678/678 677/677/677
f 686/686/686 680/680/680 679/679/679
f 694/694/694 688/688/688 687/687/687
f 696/696/696 690/690/690 689/689/689
f 699/699/699 693/693/693 692/692/692
f 707/707/707 699/699/699 698/698/698
f 708/708/708 700/700/700 699/699/699
f 714/714/714 706/706/706 705/705/705
f 724/724/724 713/713/713 712/712/712
f 729/729/729 721/721/721 720/720/720
f 730/730/730 722/722/722 721/721/721
f 742/742/742 732/732/732 731/731/731
f 746/746/746 736/736/736 735/735/735
f 747/747/747 737/737/737 736/736/736
f 748/748/748 738/738/738 737/737/737
f 753/753/753 741/741/741 740/740/740
f 759/759/759 752/752/752 751/751/751
f 764/764/764 758/758/758 757/757/757
f 772/772/772 766/766/766 765/765/765
f 776/776/776 771/771/771 770/770/770
f 782/782/782 776/776/776 775/775/775
f 788/788/788 781/781/781 780/780/780
f 797/797/797 787/787/787 786/786/786
f 800/800/800 794/794/794 793/793/793
f 819/819/819 815/815/815 814/814/814
f 825/825/825 821/821/821 820/820/820
f 38/38/38 2/2/2 1/1/1
f 40/40/40 4/4/4 3/3/3
f 41/41/41 5/5/5 4/4/4
f 44/44/44 8/8/8 7/7/7
f 49/49/49 13/13/13 12/12/12
f 64/64/64 22/22/22 23/23/23
f 70/70/70 28/28/28 29/29/29
f 73/73/73 31/31/31 32/32/32
f 74/74/74 32/32/32 33/33/33
f 77/77/77 35/35/35 36/36/36
f 90/90/90 38/38/38 37/37/37
f 91/91/91 39/39/39 38/38/38
f 92/92/92 40/40/40 39/39/39
f 93/93/93 41/41/41 40/40/40
f 101/101/101 47/47/47 46/46/46
f 107/107/107 51/51/51 50/50/50
f 118/118/118 60/60/60 61/61/61
f 128/128/128 66/66/66 67/67/67
f 134/134/134 70/70/70 71/71/71
f 139/139/139 73/73/73 74/74/74
f 141/141/141 75/75/75 76/76/76
f 143/143/143 77/77/77 78/78/78
f 151/151/151 80/80/80 79/79/79
f 152/152/152 81/81/81 80/80/80
f 153/153/153 82/82/82 81/81/81
f 154/154/154 83/83/83 82/82/82
f 162/162/162 89/89/89 88/88/88
f 169/169/169 100/100/100 99/99/99
f 176/176/176 106/106/106 105/105/105
f 187/187/187 119/119/119 120/120/120
f 200/200/200 129/129/129 130/130/130
f 207/207/207 135/135/135 136/136/136
f 215/215/215 142/142/142 143/143/143
f 217/217/217 144/144/144 145/145/145
f 223/223/223 147/147/147 148/148/148
f 229/229/229 150/150/150 149/149/149
f 230/230/230 151/151/151 150/150/150
f 235/235/235 156/156/156 155/155/155
f 236/236/236 157/157/157 156/156/156
f 243/243/243 161/161/161 160/160/160
f 250/250/250 168/168/168 167/167/167
f 253/253/253 173/173/173 172/172/172
f 254/254/254 196/196/196 197/197/197
f 257/257/257 201/201/201 202/202/202
f 264/264/264 208/208/208 209/209/209
f 272/272/272 217/217/217 218/218/218
f 273/273/273 218/218/218 219/219/219
f 279/279/279 222/222/222 223/223/223
f 281/281/281 224/224/224 225/225/225
f 282/282/282 225/225/225 226/226/226
f 286/286/286 228/228/228 227/227/227
f 287/287/287 229/229/229 228/228/228
f 290/290/290 232/232/232 231/231/231
f 291/291/291 233/233/233 232/232/232
f 294/294/294 236/236/236 235/235/235
f 295/295/295 237/237/237 236/236/236
f 299/299/299 241/241/241 240/240/240
f 300/300/300 242/242/242 241/241/241
f 307/307/307 265/265/265 266/266/266
f 308/308/308 266/266/266 267/267/267
f 315/315/315 273/273/273 274/274/274
f 316/316/316 274/274/274 275/275/275
f 322/322/322 277/277/277 278/278/278
f 323/323/323 278/278/278 279/279/279
f 328/328/328 283/283/283 284/284/284
f 334/334/334 286/286/286 285/285/285
f 339/339/339 291/291/291 290/290/290
f 340/340/340 292/292/292 291/291/291
f 341/341/341 293/293/293 292/292/292
f 342/342/342 294/294/294 293/293/293
f 343/343/343 295/295/295 294/294/294
f 344/344/344 296/296/296 295/295/295
f 348/348/348 300/300/300 299/299/299
f 351/351/351 303/303/303 302/302/302
f 354/354/354 312/312/312 313/313/313
f 357/357/357 317/317/317 318/318/318
f 358/358/358 318/318/318 319/319/319
f 361/361/361 321/321/321 322/322/322
f 365/365/365 325/325/325 326/326/326
f 366/366/366 326/326/326 327/327/327
f 367/367/367 327/327/327 328/328/328
f 369/369/369 329/329/329 330/330/330
f 372/372/372 331/331/331 332/332/332
f 378/378/378 334/334/334 333/333/333
f 380/380/380 336/336/336 335/335/335
f 381/381/381 337/337/337 336/336/336
f 383/383/383 339/339/339 338/338/338
f 384/384/384 340/340/340 339/339/339
f 385/385/385 341/341/341 340/340/340
f 387/387/387 343/343/343 342/342/342
f 388/388/388 344/344/344 343/343/343
f 391/391/391 347/347/347 346/346/346
f 392/392/392 348/348/348 347/347/347
f 396/396/396 352/352/352 353/353/353
f 397/397/397 353/353/353 354/354/354
f 400/400/400 356/356/356 357/357/357
f 406/406/406 361/361/361 362/362/362
f 409/409/409 368/368/368 369/369/369
f 410/410/410 369/369/369 370/370/370
f 414/414/414 372/372/372 373/373/373
f 415/415/415 373/373/373 374/374/374
f 416/416/416 374/374/374 375/375/375
f 417/417/417 375/375/375 376/376/376
f 420/420/420 378/378/378 377/377/377
f 423/423/423 381/381/381 380/380/380
f 424/424/424 382/382/382 381/381/381
f 426/426/426 384/384/384 383/383/383
f 428/428/428 386/386/386 385/385/385
f 429/429/429 387/387/387 386/386/386
f 430/430/430 388/388/388 387/387/387
f 433/433/433 391/391/391 390/390/390
f 434/434/434 392/392/392 391/391/391
f 438/438/438 396/396/396 397/397/397
f 441/441/441 401/401/401 402/402/402
f 445/445/445 405/405/405 406/406/406
f 446/446/446 406/406/406 407/407/407
f 451/451/451 411/411/411 412/412/412
f 455/455/455 414/414/414 415/415/415
f 456/456/456 415/415/415 416/416/416
f 462/462/462 421/421/421 420/420/420
f 464/464/464 423/423/423 422/422/422
f 465/465/465 424/424/424 423/423/423
f 468/468/468 427/427/427 426/426/426
f 469/469/469 428/428/428 427/427/427
f 470/470/470 429/429/429 428/428/428
f 471/471/471 430/430/430 429/429/429
f 472/472/472 431/431/431 430/430/430
f 477/477/477 436/436/436 435/435/435
f 478/478/478 437/437/437 436/436/436
f 480/480/480 439/439/439 440/440/440
f 485/485/485 442/442/442 443/443/443
f 487/487/487 444/444/444 445/445/445
f 488/488/488 445/445/445 446/446/446
f 493/493/493 450/450/450 451/451/451
f 497/497/497 454/454/454 455/455/455
f 500/500/500 457/457/457 458/458/458
f 505/505/505 462/462/462 461/461/461
f 507/507/507 464/464/464 463/463/463
f 508/508/508 465/465/465 464/464/464
f 509/509/509 466/466/466 465/465/465
f 510/510/510 467/467/467 466/466/466
f 512/512/512 469/469/469 468/468/468
f 513/513/513 470/470/470 469/469/469
f 514/514/514 471/471/471 470/470/470
f 515/515/515 472/472/472 471/471/471
f 520/520/520 477/477/477 476/476/476
f 521/521/521 478/478/478 477/477/477
f 524/524/524 481/481/481 482/482/482
f 529/529/529 484/484/484 485/485/485
f 530/530/530 485/485/485 486/486/486
f 532/532/532 488/488/488 489/489/489
f 540/540/540 492/492/492 493/493/493
f 543/543/543 496/496/496 497/497/497
f 544/544/544 497/497/497 498/498/498
f 545/545/545 498/498/498 499/499/499
f 546/546/546 499/499/499 500/500/500
f 551/551/551 505/505/505 504/504/504
f 552/552/552 506/506/506 505/505/505
f 553/553/553 507/507/507 506/506/506
f 554/554/554 508/508/508 507/507/507
f 555/555/555 509/509/509 508/508/508
f 556/556/556 510/510/510 509/509/509
f 557/557/557 511/511/511 510/510/510
f 561/561/561 515/515/515 514/514/514
f 563/563/563 517/517/517 516/516/516
f 566/566/566 520/520/520 519/519/519
f 574/574/574 522/522/522 523/523/523
f 575/575/575 523/523/523 524/524/524
f 577/577/577 525/525/525 526/526/526
f 580/580/580 528/528/528 529/529/529
f 584/584/584 533/533/533 534/534/534
f 585/585/585 534/534/534 535/535/535
f 586/586/586 535/535/535 536/536/536
f 588/588/588 537/537/537 538/538/538
f 593/593/593 547/547/547 548/548/548
f 598/598/598 552/552/552 551/551/551
f 599/599/599 553/553/553 552/552/552
f 601/601/601 555/555/555 554/554/554
f 602/602/602 556/556/556 555/555/555
f 606/606/606 560/560/560 559/559/559
f 607/607/607 561/561/561 560/560/560
f 614/614/614 566/566/566 565/565/565
f 615/615/615 567/567/567 566/566/566
f 628/628/628 568/568/568 569/569/569
f 629/629/629 569/569/569 570/570/570
f 636/636/636 576/576/576 577/577/577
f 645/645/645 584/584/584 585/585/585
f 646/646/646 585/585/585 586/586/586
f 650/650/650 589/589/589 590/590/590
f 651/651/651 590/590/590 591/591/591
f 657/657/657 599/599/599 598/598/598
f 658/658/658 600/600/600 599/599/599
f 659/659/659 601/601/601 600/600/600
f 660/660/660 602/602/602 601/601/601
f 663/663/663 605/605/605 604/604/604
f 664/664/664 606/606/606 605/605/605
f 670/670/670 613/613/613 612/612/612
f 672/672/672 617/617/617 616/616/616
f 677/677/677 620/620/620 619/619/619
f 702/702/702 623/623/623 624/624/624
f 707/707/707 626/626/626 627/627/627
f 709/709/709 630/630/630 631/631/631
f 715/715/715 637/637/637 638/638/638
f 716/716/716 638/638/638 639/639/639
f 717/717/717 639/639/639 640/640/640
f 725/725/725 647/647/647 648/648/648
f 727/727/727 649/649/649 650/650/650
f 736/736/736 660/660/660 659/659/659
f 737/737/737 661/661/661 660/660/660
f 738/738/738 662/662/662 661/661/661
f 739/739/739 663/663/663 662/662/662
f 750/750/750 669/669/669 668/668/668
f 756/756/756 676/676/676 675/675/675
f 762/762/762 683/683/683 682/682/682
f 767/767/767 690/690/690 691/691/691
f 777/777/777 703/703/703 704/704/704
f 783/783/783 710/710/710 711/711/711
f 789/789/789 716/716/716 717/717/717
f 791/791/791 718/718/718 719/719/719
f 798/798/798 726/726/726 727/727/727
f 806/806/806 746/746/746 745/745/745
f 807/807/807 747/747/747 746/746/746
f 808/808/808 748/748/748 747/747/747
f 809/809/809 749/749/749 748/748/748
f 813/813/813 755/755/755 754/754/754
f 817/817/817 761/761/761 760/760/760
f 822/822/822 768/768/768 769/769/769
f 828/828/828 778/778/778 779/779/779
f 832/832/832 784/784/784 785/785/785
f 836/836/836 790/790/790 791/791/791
f 838/838/838 792/792/792 793/793/793
f 840/840/840 794/794/794 795/795/795
f 845/845/845 803/803/803 802/802/802
f 848/848/848 806/806/806 805/805/805
f 849/849/849 807/807/807 806/806/806
f 851/851/851 809/809/809 808/808/808
f 853/853/853 811/811/811 810/810/810
f 866/866/866 830/830/830 831/831/831
f 868/868/868 832/832/832 833/833/833
f 872/872/872 836/836/836 837/837/837
f 875/875/875 839/839/839 840/840/840
f 876/876/876 840/840/840 841/841/841
f 37/37/37 1/1/1 11/11/11
f 46/46/46 10/10/10 14/14/14
f 56/56/56 17/17/17 15/15/15
f 55/55/55 16/16/16 18/18/18
f 63/63/63 21/21/21 19/19/19
f 62/62/62 20/20/20 22/22/22
f 65/65/65 23/23/23 26/26/26
f 78/78/78 36/36/36 28/28/28
f 102/102/102 48/48/48 45/45/45
f 108/108/108 52/52/52 49/49/49
f 113/113/113 57/57/57 53/53/53
f 112/112/112 54/54/54 58/58/58
f 117/117/117 59/59/59 62/62/62
f 122/122/122 62/62/62 64/64/64
f 127/127/127 65/65/65 68/68/68
f 133/133/133 69/69/69 72/72/72
f 163/163/163 97/97/97 87/87/87
f 170/170/170 103/103/103 98/98/98
f 177/177/177 109/109/109 104/104/104
f 182/182/182 114/114/114 110/110/110
f 181/181/181 111/111/111 115/115/115
f 186/186/186 116/116/116 121/121/121
f 192/192/192 121/121/121 125/125/125
f 199/199/199 126/126/126 131/131/131
f 206/206/206 132/132/132 137/137/137
f 214/214/214 140/140/140 146/146/146
f 244/244/244 164/164/164 159/159/159
f 251/251/251 171/171/171 165/165/165
f 256/256/256 198/198/198 204/204/204
f 263/263/263 205/205/205 210/210/210
f 271/271/271 212/212/212 220/220/220
f 301/301/301 245/245/245 239/239/239
f 306/306/306 262/262/262 268/268/268
f 314/314/314 270/270/270 276/276/276
f 333/333/333 285/285/285 300/300/300
f 355/355/355 313/313/313 320/320/320
f 364/364/364 324/324/324 331/331/331
f 377/377/377 333/333/333 348/348/348
f 399/399/399 355/355/355 360/360/360
f 408/408/408 363/363/363 371/371/371
f 419/419/419 377/377/377 392/392/392
f 440/440/440 398/398/398 404/404/404
f 448/448/448 408/408/408 413/413/413
f 476/476/476 435/435/435 431/431/431
f 495/495/495 452/452/452 441/441/441
f 490/490/490 447/447/447 453/453/453
f 502/502/502 459/459/459 449/449/449
f 519/519/519 476/476/476 472/472/472
f 542/542/542 494/494/494 483/483/483
f 548/548/548 501/501/501 491/491/491
f 565/565/565 519/519/519 515/515/515
f 592/592/592 541/541/541 527/527/527
f 594/594/594 548/548/548 539/539/539
f 595/595/595 549/549/549 564/564/564
f 644/644/644 581/581/581 571/571/571
f 653/653/653 592/592/592 579/579/579
f 654/654/654 596/596/596 611/611/611
f 665/665/665 610/610/610 618/618/618
f 714/714/714 633/633/633 625/625/625
f 724/724/724 643/643/643 632/632/632
f 730/730/730 652/652/652 641/641/641
f 731/731/731 655/655/655 667/667/667
f 740/740/740 666/666/666 674/674/674
f 751/751/751 673/673/673 681/681/681
f 757/757/757 680/680/680 686/686/686
f 772/772/772 693/693/693 687/687/687
f 776/776/776 698/698/698 692/692/692
f 782/782/782 706/706/706 698/698/698
f 788/788/788 713/713/713 705/705/705
f 797/797/797 723/723/723 712/712/712
f 800/800/800 728/728/728 720/720/720
f 801/801/801 741/741/741 753/753/753
f 810/810/810 752/752/752 759/759/759
f 814/814/814 758/758/758 764/764/764
f 825/825/825 771/771/771 765/765/765
f 827/827/827 775/775/775 770/770/770
f 831/831/831 781/781/781 775/775/775
f 835/835/835 787/787/787 780/780/780
f 842/842/842 796/796/796 786/786/786
f 854/854/854 812/812/812 809/809/809
f 857/857/857 816/816/816 813/813/813
f 856/856/856 815/815/815 819/819/819
f 861/861/861 824/824/824 820/820/820
f 860/860/860 823/823/823 826/826/826
f 867/867/867 831/831/831 827/827/827
f 871/871/871 835/835/835 830/830/830
f 869/869/869 833/833/833 836/836/836
