HIERARCHY
ROOT Root
{
  OFFSET 0.0 0.0 0.0
  CHANNELS 6 Xposition Yposition Zposition Zrotation Yrotation Xrotation
  JOINT Hips
  {
    OFFSET 0.0 100.0 0.0
    CHANNELS 6 Xposition Yposition Zposition Zrotation Yrotation Xrotation
    JOINT Spine
    {
      OFFSET -0.013727 5.003763 -0.053727
      CHANNELS 3 Zrotation Yrotation Xrotation
      JOINT Spine1
      {
        OFFSET -0.0 7.125301 -0.029825
        CHANNELS 3 Zrotation Yrotation Xrotation
        JOINT Spine2
        {
          OFFSET -1e-06 7.550063 -0.815971
          CHANNELS 3 Zrotation Yrotation Xrotation
          JOINT Neck
          {
            OFFSET -0.181677 26.311295 -0.553348
            CHANNELS 3 Zrotation Yrotation Xrotation
            JOINT Neck2
            {
              OFFSET -3e-06 7.709397 2.302585
              CHANNELS 3 Zrotation Yrotation Xrotation
              JOINT Head
              {
                OFFSET -5e-06 6.128916 1.953709
                CHANNELS 3 Zrotation Yrotation Xrotation
                JOINT HeadTop_End
                {
                  OFFSET 0.003598 16.065403 -1.835379
                  CHANNELS 3 Zrotation Yrotation Xrotation
                }
                JOINT Jaw
                {
                  OFFSET 0.002637 0.475592 3.094941
                  CHANNELS 3 Zrotation Yrotation Xrotation
                }
                JOINT LeftEye
                {
                  OFFSET 3.206381 5.380205 7.586883
                  CHANNELS 3 Zrotation Yrotation Xrotation
                }
                JOINT RightEye
                {
                  OFFSET -3.22244 5.361869 7.558234
                  CHANNELS 3 Zrotation Yrotation Xrotation
                }
              }
            }
          }
          JOINT LeftShoulder
          {
            OFFSET 1.621652 23.237164 5.113413
            CHANNELS 3 Zrotation Yrotation Xrotation
            JOINT LeftArm
            {
              OFFSET 14.919846 2e-06 -5.502326
              CHANNELS 3 Zrotation Yrotation Xrotation
              JOINT LeftForeArm
              {
                OFFSET 28.739307 0.0 -0.002588
                CHANNELS 3 Zrotation Yrotation Xrotation
                JOINT LeftHand
                {
                  OFFSET 27.093981 -1e-06 0.002609
                  CHANNELS 3 Zrotation Yrotation Xrotation
                  JOINT LeftHandThumb1
                  {
                    OFFSET 2.276482 -1.392045 3.191413
                    CHANNELS 3 Zrotation Yrotation Xrotation
                    JOINT LeftHandThumb2
                    {
                      OFFSET 4.012836 -1.828127 1.641654
                      CHANNELS 3 Zrotation Yrotation Xrotation
                      JOINT LeftHandThumb3
                      {
                        OFFSET 2.798515 0.0 -3e-06
                        CHANNELS 3 Zrotation Yrotation Xrotation
                        JOINT LeftHandThumb4
                        {
                          OFFSET 3.180793 -4e-06 4e-06
                          CHANNELS 3 Zrotation Yrotation Xrotation
                        }
                      }
                    }
                  }
                  JOINT LeftHandIndex1
                  {
                    OFFSET 3.247555 -0.531998 2.296169
                    CHANNELS 3 Zrotation Yrotation Xrotation
                    JOINT LeftHandIndex2
                    {
                      OFFSET 6.364578 0.01206 0.1786
                      CHANNELS 3 Zrotation Yrotation Xrotation
                      JOINT LeftHandIndex3
                      {
                        OFFSET 3.662364 0.0 0.0
                        CHANNELS 3 Zrotation Yrotation Xrotation
                        JOINT LeftHandIndex4
                        {
                          OFFSET 2.329242 4e-06 4e-06
                          CHANNELS 3 Zrotation Yrotation Xrotation
                          JOINT LeftHandIndex4_end
                          {
                            OFFSET 2.759615 -0.180537 -0.113024
                            CHANNELS 3 Zrotation Yrotation Xrotation
                          }
                        }
                      }
                    }
                  }
                  JOINT LeftHandMiddle1
                  {
                    OFFSET 3.163495 0.240981 1.000332
                    CHANNELS 3 Zrotation Yrotation Xrotation
                    JOINT LeftHandMiddle2
                    {
                      OFFSET 6.19078 -0.259278 -1.002548
                      CHANNELS 3 Zrotation Yrotation Xrotation
                      JOINT LeftHandMiddle3
                      {
                        OFFSET 4.35652 -4e-06 -1e-06
                        CHANNELS 3 Zrotation Yrotation Xrotation
                        JOINT LeftHandMiddle4
                        {
                          OFFSET 2.996877 -8e-06 0.0
                          CHANNELS 3 Zrotation Yrotation Xrotation
                          JOINT LeftHandMiddle4_end
                          {
                            OFFSET 2.304287 -0.294569 -0.031741
                            CHANNELS 3 Zrotation Yrotation Xrotation
                          }
                        }
                      }
                    }
                  }
                  JOINT LeftHandRing1
                  {
                    OFFSET 2.882643 -0.053652 -0.322543
                    CHANNELS 3 Zrotation Yrotation Xrotation
                    JOINT LeftHandRing2
                    {
                      OFFSET 5.854541 -0.486202 -1.373841
                      CHANNELS 3 Zrotation Yrotation Xrotation
                      JOINT LeftHandRing3
                      {
                        OFFSET 4.350578 0.0 3e-06
                        CHANNELS 3 Zrotation Yrotation Xrotation
                        JOINT LeftHandRing4
                        {
                          OFFSET 2.651321 7e-06 2e-06
                          CHANNELS 3 Zrotation Yrotation Xrotation
                          JOINT LeftHandRing4_end
                          {
                            OFFSET 1.936105 0.077687 -7.1e-05
                            CHANNELS 3 Zrotation Yrotation Xrotation
                          }
                        }
                      }
                    }
                  }
                  JOINT LeftHandPinky1
                  {
                    OFFSET 2.8655 -0.310005 -1.600378
                    CHANNELS 3 Zrotation Yrotation Xrotation
                    JOINT LeftHandPinky2
                    {
                      OFFSET 5.087849 -1.331141 -1.77123
                      CHANNELS 3 Zrotation Yrotation Xrotation
                      JOINT LeftHandPinky3
                      {
                        OFFSET 3.070974 4e-06 0.0
                        CHANNELS 3 Zrotation Yrotation Xrotation
                        JOINT LeftHandPinky4
                        {
                          OFFSET 1.549672 0.0 1e-06
                          CHANNELS 3 Zrotation Yrotation Xrotation
                          JOINT LeftHandPinky4_end
                          {
                            OFFSET 1.944893 -0.157802 0.057219
                            CHANNELS 3 Zrotation Yrotation Xrotation
                          }
                        }
                      }
                    }
                  }
                }
              }
            }
          }
          JOINT RightShoulder
          {
            OFFSET -1.380118 23.180309 5.214158
            CHANNELS 3 Zrotation Yrotation Xrotation
            JOINT RightArm
            {
              OFFSET -15.037196 1.2e-05 -5.545604
              CHANNELS 3 Zrotation Yrotation Xrotation
              JOINT RightForeArm
              {
                OFFSET -28.736639 2e-06 -0.002597
                CHANNELS 3 Zrotation Yrotation Xrotation
                JOINT RightHand
                {
                  OFFSET -27.133619 -0.0 0.002613
                  CHANNELS 3 Zrotation Yrotation Xrotation
                  JOINT RightHandThumb1
                  {
                    OFFSET -2.274032 -1.383988 3.163127
                    CHANNELS 3 Zrotation Yrotation Xrotation
                    JOINT RightHandThumb2
                    {
                      OFFSET -4.011429 -1.827466 1.640914
                      CHANNELS 3 Zrotation Yrotation Xrotation
                      JOINT RightHandThumb3
                      {
                        OFFSET -2.794935 -4e-06 -3e-06
                        CHANNELS 3 Zrotation Yrotation Xrotation
                        JOINT RightHandThumb4
                        {
                          OFFSET -3.183852 4e-06 1e-06
                          CHANNELS 3 Zrotation Yrotation Xrotation
                        }
                      }
                    }
                  }
                  JOINT RightHandIndex1
                  {
                    OFFSET -3.253266 -0.520057 2.282866
                    CHANNELS 3 Zrotation Yrotation Xrotation
                    JOINT RightHandIndex2
                    {
                      OFFSET -6.341917 0.012471 0.178266
                      CHANNELS 3 Zrotation Yrotation Xrotation
                      JOINT RightHandIndex3
                      {
                        OFFSET -3.654871 -8e-06 -0.0
                        CHANNELS 3 Zrotation Yrotation Xrotation
                        JOINT RightHandIndex4
                        {
                          OFFSET -2.327586 0.0 1e-06
                          CHANNELS 3 Zrotation Yrotation Xrotation
                          JOINT RightHandIndex4_end
                          {
                            OFFSET -2.76179 -0.180656 -0.113078
                            CHANNELS 3 Zrotation Yrotation Xrotation
                          }
                        }
                      }
                    }
                  }
                  JOINT RightHandMiddle1
                  {
                    OFFSET -3.168106 0.246593 1.00103
                    CHANNELS 3 Zrotation Yrotation Xrotation
                    JOINT RightHandMiddle2
                    {
                      OFFSET -6.180828 -0.258836 -1.000895
                      CHANNELS 3 Zrotation Yrotation Xrotation
                      JOINT RightHandMiddle3
                      {
                        OFFSET -4.348901 0.0 -0.0
                        CHANNELS 3 Zrotation Yrotation Xrotation
                        JOINT RightHandMiddle4
                        {
                          OFFSET -3.00024 -4e-06 -2e-06
                          CHANNELS 3 Zrotation Yrotation Xrotation
                          JOINT RightHandMiddle4_end
                          {
                            OFFSET -2.30252 -0.29437 -0.031706
                            CHANNELS 3 Zrotation Yrotation Xrotation
                          }
                        }
                      }
                    }
                  }
                  JOINT RightHandRing1
                  {
                    OFFSET -2.88569 -0.067952 -0.308858
                    CHANNELS 3 Zrotation Yrotation Xrotation
                    JOINT RightHandRing2
                    {
                      OFFSET -5.854198 -0.48613 -1.373731
                      CHANNELS 3 Zrotation Yrotation Xrotation
                      JOINT RightHandRing3
                      {
                        OFFSET -4.33881 -4e-06 -0.0
                        CHANNELS 3 Zrotation Yrotation Xrotation
                        JOINT RightHandRing4
                        {
                          OFFSET -2.654903 -4e-06 4e-06
                          CHANNELS 3 Zrotation Yrotation Xrotation
                          JOINT RightHandRing4_end
                          {
                            OFFSET -1.933568 0.077527 -5.2e-05
                            CHANNELS 3 Zrotation Yrotation Xrotation
                          }
                        }
                      }
                    }
                  }
                  JOINT RightHandPinky1
                  {
                    OFFSET -2.866425 -0.342796 -1.584145
                    CHANNELS 3 Zrotation Yrotation Xrotation
                    JOINT RightHandPinky2
                    {
                      OFFSET -5.091371 -1.332055 -1.772385
                      CHANNELS 3 Zrotation Yrotation Xrotation
                      JOINT RightHandPinky3
                      {
                        OFFSET -3.062664 -4e-06 1e-06
                        CHANNELS 3 Zrotation Yrotation Xrotation
                        JOINT RightHandPinky4
                        {
                          OFFSET -1.546529 4e-06 -2e-06
                          CHANNELS 3 Zrotation Yrotation Xrotation
                          JOINT RightHandPinky4_end
                          {
                            OFFSET -1.945119 -0.157718 0.057211
                            CHANNELS 3 Zrotation Yrotation Xrotation
                          }
                        }
                      }
                    }
                  }
                }
              }
            }
          }
        }
      }
    }
    JOINT LeftUpLeg
    {
      OFFSET 10.043214 -8.434526 2.595655
      CHANNELS 3 Zrotation Yrotation Xrotation
      JOINT LeftLeg
      {
        OFFSET -1e-06 -43.221752 -0.802913
        CHANNELS 3 Zrotation Yrotation Xrotation
        JOINT LeftFoot
        {
          OFFSET 1e-06 -42.155094 -3.481523
          CHANNELS 3 Zrotation Yrotation Xrotation
          JOINT LeftToeBase
          {
            OFFSET 0.0 -5.059472 13.231529
            CHANNELS 3 Zrotation Yrotation Xrotation
            JOINT LeftToe_End
            {
              OFFSET -0.009607 -1.647619 6.513017
              CHANNELS 3 Zrotation Yrotation Xrotation
            }
          }
        }
      }
    }
    JOINT RightUpLeg
    {
      OFFSET -10.047278 -8.29526 2.620317
      CHANNELS 3 Zrotation Yrotation Xrotation
      JOINT RightLeg
      {
        OFFSET 1e-06 -43.362206 -0.805556
        CHANNELS 3 Zrotation Yrotation Xrotation
        JOINT RightFoot
        {
          OFFSET 2e-06 -42.117393 -3.478398
          CHANNELS 3 Zrotation Yrotation Xrotation
          JOINT RightToeBase
          {
            OFFSET -0.0 -5.079609 13.284196
            CHANNELS 3 Zrotation Yrotation Xrotation
            JOINT RightToe_End
            {
              OFFSET 0.009532 -1.634378 6.460591
              CHANNELS 3 Zrotation Yrotation Xrotation
            }
          }
        }
      }
    }
  }
}
MOTION
Frames: 150
Frame Time: 0.03333333333333333
0.0 0.0 0.0 0.0 -0.0 0.0 5.967172 99.257896 1.58847 -0.168872 1.258281 5.858266 -3.058962 1.772318 -4.36432 -1.239352 5.835801 -6.97608 -7.388842 2.957961 10.000282 -19.466845 28.72543 34.475693 -5.825335 -14.296578 -1.597215 -15.264465 -14.738015 19.333471 7.6e-05 -2.2e-05 5e-06 0.084997 -0.214213 -0.278053 0.854929 -3.99547 -11.461326 -0.717495 3.568581 -11.786839 -12.391957 2.593231 9.707554 -54.210037 -20.863546 -25.629969 -178.686432 -46.508934 179.896149 -39.38921 -9.866029 -0.151809 -5.88211 9.861288 0.702591 -10.936878 -0.360573 7.15621 0.0 8.77483 1e-06 -16.369944 18.105539 5.66658 -1.844033 2.498504 -2.507279 -10.163604 4.678947 4.621113 -20.976038 -3e-06 5e-06 -21.226299 2.451699 -3.593996 1e-06 -5e-06 -1e-06 -1.362682 2.240797 -0.746323 -21.334925 0.58491 3.008325 -13.821221 -2e-06 3e-06 -23.887184 -0.249077 -0.839482 -60.369003 2.817856 -1.47703 -0.294025 1.679686 0.833256 -14.218218 0.093215 1.300584 -34.212067 -0.287561 0.967172 -20.033226 0.964537 1.212844 -0.0 0.0 -0.0 -3.440389 0.788232 0.501656 -15.928194 -3.167312 2.99971 -6.338828 -2e-06 2e-06 -18.123455 3.648183 -4.905669 -3e-06 1e-06 -2e-06 11.950891 16.621172 21.713015 45.728573 19.16641 20.781944 -176.969604 80.315399 -176.710587 22.804253 -16.736853 12.580553 2.243542 -5.255037 -3.180157 14.282887 -0.826599 6.952504 0.0 -12.690605 3e-06 16.215904 -18.936228 3.020645 1.665667 -1.955923 -2.878298 4.727798 -4.170588 4.993925 11.020524 2e-06 -1e-06 12.109052 -3.735718 -2.866784 -1e-06 1e-06 0.0 1.291986 -1.928549 -1.498089 14.800125 0.567464 3.865607 14.242569 -1.341738 -6.66066 19.631962 0.143925 -0.648247 49.993179 -1.014381 -7.25842 0.353029 -1.511151 -0.03194 20.222784 3.684307 2.316628 18.78727 1e-06 -1e-06 10.751626 -0.47987 1.397905 0.0 1e-06 0.0 3.273806 0.305947 -0.580111 21.486805 11.830371 2.266131 8.162924 -2e-06 -0.0 18.39908 -3.798988 -4.940576 2e-06 -0.0 -1e-06 2.929462 -13.814842 -17.017803 0.092234 -0.435018 20.639986 -3.280869 -12.163371 -9.415119 1.667746 -1.617498 -0.833066 0.0 0.0 2e-06 -13.219178 2.868914 -5.221367 -0.105619 0.724977 13.143273 14.515531 2.145494 -2.321129 -1.454826 1.143327 -4.023054 -0.0 -0.0 -1e-06 
0.0 0.0 0.0 0.0 -0.0 0.0 5.610487 99.294533 1.971907 -0.331879 2.334893 5.825712 -2.908397 1.849433 -4.238064 -1.164488 5.976479 -6.878365 -7.444226 3.180723 10.052955 -20.320179 29.356079 33.87146 -5.548218 -14.601102 -1.663341 -15.40652 -15.032676 18.671587 7.7e-05 -2.2e-05 6e-06 0.061642 -0.212816 -0.278178 0.765982 -3.984094 -11.467593 -0.67494 3.559835 -11.757612 -12.810959 3.266179 9.388841 -54.160057 -20.539738 -25.18795 -179.707687 -45.652866 -179.595291 -39.748863 -9.824843 -0.79865 -5.882112 9.861291 0.70259 -10.936879 -0.360571 7.156214 -2e-06 8.774828 -1e-06 -16.165216 18.064795 5.785122 -1.844033 2.498507 -2.50728 -10.16361 4.678948 4.621114 -20.976038 -1e-06 5e-06 -21.226301 2.4517 -3.594002 1e-06 -7e-06 -1e-06 -1.362683 2.240802 -0.746325 -21.33493 0.584912 3.008329 -13.821222 -0.0 2e-06 -23.887188 -0.249076 -0.839482 -60.389698 2.669792 -1.423304 -0.294026 1.679688 0.833257 -14.218219 0.093215 1.300583 -34.212074 -0.28756 0.967172 -20.033226 0.964541 1.212844 -0.0 0.0 -2e-06 -3.440392 0.788234 0.501657 -15.9282 -3.16731 2.999712 -6.33883 -1e-06 3e-06 -18.123459 3.648186 -4.905674 -3e-06 1e-06 -1e-06 11.966236 17.066193 21.771906 45.57156 19.836086 19.790806 -175.330109 80.84346 -175.227142 23.362146 -16.887415 11.690763 2.243543 -5.255044 -3.18016 14.282902 -0.826599 6.952511 0.0 -12.690619 1e-06 16.395315 -18.861891 2.830445 1.665668 -1.955923 -2.878301 4.727803 -4.170592 4.99393 11.020535 1e-06 -2e-06 12.109062 -3.735721 -2.866789 -1e-06 1e-06 -1e-06 1.291987 -1.928552 -1.498089 14.800139 0.567467 3.865611 14.242585 -1.34174 -6.660665 19.631985 0.143924 -0.648247 49.860008 -1.028161 -7.186698 0.353029 -1.511152 -0.031939 20.222807 3.684309 2.316634 18.787289 1e-06 1e-06 10.751636 -0.479871 1.397907 0.0 -0.0 -1e-06 3.273809 0.305946 -0.580111 21.48683 11.830383 2.266137 8.162932 -2e-06 1e-06 18.399099 -3.798995 -4.940582 3e-06 -0.0 -1e-06 3.374779 -14.207049 -16.815542 0.068469 -0.498606 20.45653 -3.168616 -12.610133 -9.527043 1.677014 -1.621088 -0.924822 0.0 0.0 2e-06 -12.675917 2.295777 -5.7438 -0.076361 0.772856 15.593255 14.809625 2.317629 -2.157997 -1.464592 1.129381 -4.240603 -0.0 0.0 -1e-06 
0.0 0.0 0.0 0.0 -0.0 0.0 5.131833 99.146919 2.335279 -0.366214 3.600877 5.69315 -2.768035 1.90034 -4.005691 -1.094235 6.170607 -6.72774 -7.320908 3.550048 10.27498 -21.199387 30.223461 33.033131 -5.505277 -15.081478 -1.692179 -15.757964 -15.112916 17.772324 7.6e-05 -2.2e-05 7e-06 0.054179 -0.198759 -0.285247 0.704205 -3.951388 -11.42651 -0.631237 3.554122 -11.684828 -13.113712 4.035975 9.086703 -54.249374 -20.471077 -25.519037 179.855194 -45.083588 -179.311508 -40.023323 -9.521507 -1.300357 -5.882107 9.861287 0.702588 -10.936873 -0.360575 7.156204 -2e-06 8.774825 -3e-06 -16.226412 18.056187 5.953444 -1.844033 2.498505 -2.507278 -10.163603 4.678945 4.621109 -20.976027 -4e-06 2e-06 -21.226288 2.451697 -3.594001 0.0 -6e-06 -2e-06 -1.362682 2.2408 -0.746324 -21.334919 0.584909 3.008324 -13.821217 -2e-06 1e-06 -23.887175 -0.249077 -0.839483 -60.628395 2.633729 -1.300547 -0.294025 1.679686 0.833255 -14.218209 0.093215 1.300582 -34.212051 -0.287562 0.967171 -20.033218 0.964536 1.212843 -0.0 1e-06 -2e-06 -3.44039 0.788235 0.501656 -15.928191 -3.167308 2.999707 -6.338827 -3e-06 2e-06 -18.123449 3.648183 -4.905673 -4e-06 -0.0 -1e-06 11.925871 17.710392 21.93852 45.285988 20.501509 18.758886 -172.801315 80.924957 -172.896713 23.526497 -17.174862 10.806625 2.243544 -5.255037 -3.180158 14.28289 -0.826597 6.9525 -3e-06 -12.690607 3e-06 16.538086 -18.774818 2.78263 1.665667 -1.955921 -2.878299 4.727799 -4.170591 4.993924 11.020528 2e-06 -5e-06 12.109055 -3.735717 -2.866786 -1e-06 1e-06 -1e-06 1.291987 -1.92855 -1.498089 14.800129 0.567467 3.865604 14.242576 -1.341736 -6.660663 19.631969 0.143931 -0.648249 49.974945 -1.150425 -7.118426 0.353029 -1.511151 -0.031938 20.222792 3.684311 2.316627 18.787273 4e-06 -5e-06 10.751627 -0.479866 1.397903 0.0 0.0 1e-06 3.273808 0.305945 -0.580112 21.486813 11.830379 2.266126 8.162926 -0.0 -4e-06 18.39908 -3.798984 -4.94058 2e-06 -0.0 -1e-06 3.76783 -14.626102 -17.039789 0.046855 -0.505004 21.246044 -3.019596 -13.264163 -10.189566 1.682634 -1.58718 -0.832428 0.0 0.0 2e-06 -12.388617 1.41909 -6.435571 -0.026876 0.967438 18.76417 15.924843 3.3717 -2.102724 -1.45902 1.082464 -4.437719 0.0 0.0 -1e-06 
0.0 0.0 0.0 0.0 -0.0 0.0 4.525344 98.949905 2.807665 -0.32757 4.875402 5.534605 -2.590477 1.976657 -3.706564 -1.056925 6.388405 -6.592424 -7.076964 3.967105 10.48516 -22.070568 30.967436 32.157696 -5.501401 -15.216187 -1.714313 -16.041317 -15.135281 16.414518 7.6e-05 -2.2e-05 6e-06 0.033823 -0.182211 -0.27965 0.653884 -3.918244 -11.327434 -0.62656 3.554038 -11.549194 -13.340199 4.985722 8.985343 -54.216503 -20.974691 -25.951061 179.345688 -44.88372 -179.083542 -40.340378 -9.089209 -1.816782 -5.882112 9.861292 0.70259 -10.936881 -0.360576 7.156213 0.0 8.774831 -2e-06 -16.099224 17.981926 6.03065 -1.844034 2.498508 -2.50728 -10.16361 4.67895 4.621111 -20.976042 -0.0 2e-06 -21.226305 2.451698 -3.594004 -0.0 -8e-06 -1e-06 -1.362683 2.240798 -0.746326 -21.334934 0.58491 3.008326 -13.821225 -1e-06 3e-06 -23.887192 -0.249078 -0.839484 -60.621613 2.65307 -1.267846 -0.294024 1.67969 0.833257 -14.21822 0.093215 1.300583 -34.212082 -0.287563 0.967174 -20.033232 0.964537 1.212845 -0.0 0.0 -0.0 -3.440391 0.788234 0.501657 -15.928201 -3.167311 2.999709 -6.33883 -0.0 1e-06 -18.123463 3.648185 -4.905674 -4e-06 -1e-06 -1e-06 11.757502 18.411541 22.146797 45.188831 21.20606 17.699581 -171.101883 80.863846 -171.317169 23.382011 -17.227728 10.449378 2.243542 -5.255039 -3.180158 14.282905 -0.826598 6.952509 -3e-06 -12.690612 3e-06 16.556791 -18.644602 2.776936 1.665668 -1.955924 -2.878301 4.727803 -4.170589 4.993929 11.020536 2e-06 -2e-06 12.109063 -3.73572 -2.866788 -0.0 1e-06 1e-06 1.291986 -1.92855 -1.498092 14.80014 0.567466 3.865611 14.242583 -1.341736 -6.660663 19.631985 0.143926 -0.648247 49.992592 -1.234501 -7.089702 0.35303 -1.511151 -0.03194 20.222811 3.684311 2.316631 18.787289 4e-06 -1e-06 10.751639 -0.479867 1.397907 0.0 0.0 -1e-06 3.27381 0.305946 -0.580111 21.486832 11.830383 2.266132 8.162932 -1e-06 -2e-06 18.399099 -3.798985 -4.940576 2e-06 -0.0 -2e-06 4.15055 -15.223121 -17.22761 0.054852 -0.519999 22.144281 -2.940271 -13.724904 -10.842392 1.688768 -1.581807 -0.745982 0.0 0.0 2e-06 -12.266426 0.787264 -7.32897 0.036944 1.042402 22.702137 17.48377 4.558493 -2.305477 -1.458197 1.111656 -4.840725 -0.0 -0.0 -1e-06 
0.0 0.0 0.0 0.0 -0.0 0.0 3.841948 98.788857 3.360602 -0.280476 6.075848 5.285799 -2.321126 2.032486 -3.331223 -0.995764 6.718791 -6.414792 -6.815503 4.428721 10.685951 -23.066525 31.65383 31.112837 -5.704714 -15.009515 -1.68442 -16.218081 -14.812169 14.937356 7.6e-05 -2.3e-05 6e-06 0.029212 -0.149882 -0.270061 0.619242 -3.868553 -11.165853 -0.600816 3.566317 -11.343931 -13.508037 6.134756 8.770643 -54.357594 -21.695711 -25.93965 178.722794 -44.759792 -178.869431 -40.599705 -8.546449 -2.564483 -5.88211 9.86129 0.702592 -10.936879 -0.360576 7.156212 0.0 8.77483 -0.0 -16.044468 18.007961 6.078074 -1.844032 2.498505 -2.507279 -10.16361 4.678949 4.62111 -20.97604 -1e-06 3e-06 -21.226301 2.451699 -3.594002 -0.0 -6e-06 -1e-06 -1.362681 2.240798 -0.746324 -21.33493 0.584908 3.008325 -13.821225 -2e-06 3e-06 -23.887188 -0.249079 -0.839483 -60.540825 2.621867 -1.304628 -0.294025 1.679689 0.833257 -14.218219 0.093215 1.300581 -34.212074 -0.287564 0.967171 -20.03323 0.964538 1.212842 -1e-06 0.0 -0.0 -3.440391 0.788234 0.501658 -15.928196 -3.16731 2.999711 -6.338831 -2e-06 2e-06 -18.123459 3.648185 -4.905674 -4e-06 -0.0 -1e-06 11.56556 19.191227 22.322474 45.271873 21.952599 17.009396 -169.940857 80.781387 -170.186829 23.218102 -17.015085 10.278115 2.243543 -5.255039 -3.180159 14.282904 -0.826599 6.952506 -2e-06 -12.690614 2e-06 16.628489 -18.470705 2.765121 1.665668 -1.955922 -2.878299 4.727804 -4.170592 4.993929 11.020535 2e-06 -0.0 12.10906 -3.735718 -2.866783 0.0 0.0 0.0 1.291987 -1.928551 -1.498089 14.800142 0.567465 3.865611 14.242585 -1.341739 -6.66066 19.631985 0.143923 -0.648244 50.003048 -1.304873 -7.011521 0.35303 -1.511152 -0.031939 20.222811 3.68431 2.316632 18.787289 3e-06 -2e-06 10.751639 -0.479871 1.397908 -1e-06 4e-06 -2e-06 3.27381 0.305947 -0.580112 21.486832 11.830383 2.266134 8.162932 2e-06 -2e-06 18.399099 -3.79899 -4.940582 3e-06 -0.0 -2e-06 4.550979 -16.0219 -17.092241 0.069543 -0.533654 22.691601 -2.93605 -14.066418 -11.577426 1.684733 -1.573892 -0.602993 0.0 0.0 2e-06 -12.200807 0.197639 -8.219778 0.090473 1.138934 27.218805 19.273542 6.097343 -2.392965 -1.458333 1.121281 -5.233207 -0.0 -0.0 -1e-06 
0.0 0.0 0.0 0.0 -0.0 0.0 3.075403 98.744102 3.957027 -0.388166 7.104376 5.087988 -1.922509 2.085481 -2.896916 -0.909464 7.067982 -6.243488 -6.525593 4.898308 10.768746 -24.116764 32.27528 29.982433 -5.899272 -14.494552 -1.688136 -16.365524 -14.127264 13.70084 7.7e-05 -2.4e-05 6e-06 0.009759 -0.120332 -0.256433 0.595419 -3.82039 -10.958822 -0.615922 3.57724 -11.096937 -13.740582 7.3043 8.47485 -54.669788 -22.326822 -25.941338 178.319901 -44.553703 -178.784821 -41.029766 -8.21947 -3.303226 -5.882105 9.861284 0.70259 -10.936866 -0.360576 7.1562 -0.0 8.774823 -2e-06 -15.986119 18.127825 6.125166 -1.844032 2.498504 -2.507277 -10.163597 4.678942 4.621107 -20.976021 -4e-06 1e-06 -21.226284 2.451694 -3.594002 -1e-06 -6e-06 -1e-06 -1.362682 2.240798 -0.746324 -21.334909 0.584909 3.00832 -13.821208 -2e-06 -2e-06 -23.887159 -0.24908 -0.839486 -60.50679 2.573919 -1.388857 -0.294025 1.679687 0.833257 -14.218203 0.093215 1.300578 -34.212044 -0.287567 0.967164 -20.033209 0.964535 1.212844 -1e-06 -0.0 -1e-06 -3.440386 0.78823 0.501655 -15.928179 -3.16731 2.999705 -6.338823 -1e-06 -1e-06 -18.123444 3.64818 -4.905674 -4e-06 2e-06 -1e-06 11.447666 20.02729 22.465002 45.417088 22.733051 16.988224 -169.107742 80.805443 -169.337219 23.429731 -16.740517 10.436069 2.243541 -5.255035 -3.18016 14.282889 -0.826592 6.952499 -5e-06 -12.690603 1e-06 16.680077 -18.337744 2.711575 1.665666 -1.955919 -2.878298 4.727799 -4.170586 4.993925 11.020527 4e-06 -4e-06 12.109052 -3.735712 -2.866786 -0.0 0.0 0.0 1.291986 -1.928548 -1.49809 14.800129 0.567469 3.865606 14.242569 -1.341732 -6.66066 19.631968 0.143933 -0.648246 49.954418 -1.280304 -6.968987 0.353028 -1.511151 -0.031939 20.222794 3.684313 2.316627 18.78727 7e-06 -1e-06 10.751629 -0.479868 1.397905 -1e-06 4e-06 -0.0 3.273807 0.305948 -0.580112 21.486813 11.830376 2.266131 8.162928 3e-06 -0.0 18.399082 -3.798982 -4.940575 3e-06 -0.0 -2e-06 5.245783 -16.735376 -16.650293 0.080759 -0.515913 22.615444 -3.159616 -14.441958 -11.982626 1.675578 -1.558715 -0.440855 0.0 0.0 2e-06 -11.880539 -0.539239 -9.027164 0.125319 1.18585 30.792259 20.463823 7.45967 -2.754255 -1.451801 1.120187 -4.917565 -0.0 -0.0 -2e-06 
0.0 0.0 0.0 0.0 -0.0 0.0 2.237458 98.855232 4.496558 -0.721255 7.937185 5.049084 -1.422774 2.094641 -2.459385 -0.785101 7.447502 -6.06959 -6.206936 5.398152 10.697437 -25.160149 32.715824 28.788418 -5.947515 -13.709117 -1.756761 -16.396091 -13.234038 12.836868 7.7e-05 -2.2e-05 6e-06 -0.005935 -0.098125 -0.230551 0.599061 -3.782193 -10.747786 -0.65165 3.58637 -10.839257 -14.003533 8.236085 8.106532 -55.13163 -22.741646 -26.088242 178.054733 -44.269791 -178.719467 -41.594883 -8.037072 -3.654858 -5.882108 9.861288 0.70259 -10.936871 -0.360573 7.156206 -1e-06 8.774822 -2e-06 -15.972923 18.309038 6.134545 -1.844031 2.498502 -2.507277 -10.163601 4.678946 4.621111 -20.976023 1e-06 5e-06 -21.226286 2.4517 -3.593999 0.0 -6e-06 -1e-06 -1.362682 2.240799 -0.746323 -21.334917 0.584912 3.008327 -13.821213 2e-06 5e-06 -23.887171 -0.249072 -0.839481 -60.601673 2.558366 -1.523713 -0.294027 1.679688 0.833255 -14.218208 0.093216 1.300583 -34.212048 -0.287557 0.967173 -20.033215 0.96454 1.212846 0.0 0.0 0.0 -3.440387 0.788233 0.501657 -15.928185 -3.167307 2.99971 -6.338826 0.0 3e-06 -18.123451 3.648185 -4.905668 -4e-06 1e-06 -1e-06 11.375167 20.823252 22.375551 45.717819 23.568842 17.495619 -168.694946 81.171448 -168.812744 24.132378 -16.346968 10.977932 2.243544 -5.255038 -3.180159 14.28289 -0.826598 6.9525 -1e-06 -12.690607 3e-06 16.679731 -18.212767 2.580547 1.665667 -1.95592 -2.878299 4.727798 -4.170589 4.993924 11.020525 1e-06 -2e-06 12.109053 -3.735717 -2.866786 -1e-06 1e-06 -1e-06 1.291985 -1.92855 -1.498088 14.800129 0.567468 3.865606 14.242573 -1.341736 -6.660659 19.631969 0.143926 -0.648246 49.765488 -1.267718 -7.028602 0.353028 -1.51115 -0.031941 20.222794 3.684307 2.316628 18.787273 2e-06 -4e-06 10.751629 -0.479869 1.397904 0.0 3e-06 1e-06 3.273808 0.305947 -0.580113 21.486813 11.830372 2.266127 8.162928 2e-06 -1e-06 18.399088 -3.798988 -4.94058 3e-06 -0.0 -2e-06 6.263511 -17.337774 -16.153769 0.08511 -0.490445 21.783052 -3.698382 -14.792323 -11.889552 1.664521 -1.557799 -0.302407 0.0 1e-06 2e-06 -11.145516 -1.624137 -9.650484 0.133641 1.180959 31.598787 20.110359 7.118051 -3.508124 -1.443938 1.1129 -4.45114 0.0 -0.0 -2e-06 
0.0 0.0 0.0 0.0 -0.0 0.0 1.362281 99.067085 4.943653 -1.080528 8.565863 5.197096 -0.950292 2.067586 -2.030812 -0.685897 7.766057 -5.891038 -5.856524 5.909307 10.515073 -26.175499 32.990849 27.632874 -5.860795 -12.758036 -1.867633 -16.341932 -12.212049 12.305099 7.7e-05 -2.2e-05 6e-06 -0.021915 -0.084836 -0.197211 0.618945 -3.75684 -10.574999 -0.704805 3.592859 -10.617 -14.055079 8.821739 7.786658 -55.910397 -23.137953 -26.242292 177.834671 -43.956074 -178.594864 -42.094898 -7.80953 -3.742578 -5.882109 9.861289 0.702592 -10.936873 -0.360571 7.156208 -3e-06 8.774826 -2e-06 -16.098665 18.483362 6.046046 -1.844033 2.498506 -2.507278 -10.163602 4.67895 4.621112 -20.976023 3e-06 5e-06 -21.22629 2.451705 -3.594002 -0.0 -4e-06 -1e-06 -1.362682 2.2408 -0.746324 -21.334917 0.584919 3.008328 -13.821214 5e-06 3e-06 -23.887173 -0.249069 -0.839483 -60.892406 2.59127 -1.626781 -0.294026 1.679689 0.833256 -14.21821 0.093221 1.300583 -34.212048 -0.287551 0.967168 -20.033215 0.964544 1.21284 1e-06 1e-06 -0.0 -3.440391 0.788235 0.501657 -15.928189 -3.167305 2.999711 -6.338827 1e-06 3e-06 -18.123449 3.64819 -4.905674 -4e-06 3e-06 -1e-06 11.199777 21.561848 22.017162 46.103359 24.519762 18.026178 -168.773605 81.984894 -168.746185 24.782848 -15.845433 12.011003 2.243543 -5.255037 -3.18016 14.282894 -0.826594 6.952501 -3e-06 -12.69061 1e-06 16.643591 -18.110777 2.485739 1.665668 -1.955921 -2.878299 4.727798 -4.170588 4.993926 11.020527 4e-06 -4e-06 12.109055 -3.735715 -2.866785 -1e-06 1e-06 -1e-06 1.291986 -1.92855 -1.498089 14.800129 0.56747 3.865606 14.242577 -1.341733 -6.660661 19.631971 0.14393 -0.648248 49.563942 -1.34659 -7.078352 0.35303 -1.511152 -0.031938 20.222797 3.68431 2.316623 18.787279 8e-06 -6e-06 10.751629 -0.479866 1.397904 1e-06 1e-06 1e-06 3.273808 0.305948 -0.580111 21.486816 11.830379 2.266125 8.162929 3e-06 -3e-06 18.399086 -3.798985 -4.940579 3e-06 -1e-06 -1e-06 7.303342 -17.963041 -15.58421 0.084846 -0.501787 20.285185 -4.412425 -14.848464 -11.419075 1.652003 -1.572103 -0.214133 0.0 -1e-06 2e-06 -10.303947 -3.136111 -10.238561 0.113841 1.120655 29.033632 17.680965 4.056026 -4.644477 -1.438251 1.071575 -4.090819 0.0 0.0 -1e-06 
0.0 0.0 0.0 0.0 -0.0 0.0 0.41675 99.267235 5.390129 -1.269662 9.027987 5.512665 -0.605568 2.043633 -1.667071 -0.632138 7.971149 -5.723902 -5.513722 6.2925 10.343788 -27.266533 33.284351 26.601736 -5.612327 -11.728555 -1.985425 -16.265867 -10.978269 12.06809 7.7e-05 -2.3e-05 6e-06 -0.054524 -0.072318 -0.164639 0.629082 -3.744543 -10.47403 -0.781949 3.607893 -10.482677 -13.899701 9.086793 7.522815 -56.844158 -23.542082 -26.304781 177.81572 -43.637821 -178.505447 -42.434113 -7.519411 -3.273091 -5.882113 9.861297 0.702591 -10.936881 -0.360576 7.156213 -1e-06 8.774835 -1e-06 -16.260496 18.526367 5.884892 -1.844034 2.498507 -2.507279 -10.16361 4.678949 4.621111 -20.976044 -2e-06 2e-06 -21.226307 2.4517 -3.594004 1e-06 -5e-06 -1e-06 -1.362684 2.2408 -0.746325 -21.334934 0.584912 3.008325 -13.821227 0.0 2e-06 -23.887196 -0.249077 -0.839486 -61.171688 2.667431 -1.675222 -0.294024 1.679687 0.833255 -14.218223 0.093216 1.300582 -34.212078 -0.287566 0.967171 -20.033232 0.964537 1.212845 1e-06 1e-06 1e-06 -3.440392 0.788233 0.501656 -15.928203 -3.16731 2.99971 -6.338832 1e-06 1e-06 -18.123466 3.648187 -4.905677 -4e-06 1e-06 -1e-06 10.920094 22.18737 21.50419 46.590126 25.55979 18.134096 -169.024628 83.14946 -168.80365 24.709156 -15.40884 13.224528 2.243545 -5.255041 -3.180159 14.282905 -0.8266 6.952508 -2e-06 -12.690619 6e-06 16.45351 -18.047989 2.492219 1.665668 -1.955923 -2.878302 4.727804 -4.170592 4.993932 11.020536 2e-06 -1e-06 12.109062 -3.735719 -2.866788 0.0 1e-06 0.0 1.291988 -1.92855 -1.498089 14.800142 0.567465 3.865611 14.242588 -1.341738 -6.660665 19.631989 0.143925 -0.648248 49.298939 -1.432342 -7.069544 0.353029 -1.51115 -0.031941 20.222809 3.684312 2.316628 18.787291 3e-06 -2e-06 10.751639 -0.47987 1.397907 0.0 1e-06 0.0 3.27381 0.305948 -0.580112 21.486835 11.830388 2.26613 8.162937 1e-06 -1e-06 18.399103 -3.798992 -4.940582 2e-06 -1e-06 -1e-06 8.330379 -18.747749 -15.00506 0.085508 -0.532805 18.483301 -5.204524 -14.545073 -10.8439 1.643106 -1.595743 -0.119131 0.0 -1e-06 2e-06 -9.730456 -4.765946 -10.964003 0.070736 1.006001 24.093706 13.835475 -1.030236 -5.382915 -1.442162 1.035882 -3.548159 0.0 -0.0 -1e-06 
0.0 0.0 0.0 0.0 -0.0 0.0 -0.589074 99.374725 5.86079 -1.249671 9.346272 5.922487 -0.390815 2.054556 -1.399443 -0.607031 8.011021 -5.608976 -5.232691 6.477944 10.257594 -28.373215 33.655651 25.799215 -5.256297 -10.714913 -2.098219 -16.104136 -9.660567 12.036241 7.7e-05 -2.1e-05 6e-06 -0.082046 -0.049431 -0.138983 0.627386 -3.729699 -10.46006 -0.835749 3.640422 -10.450914 -13.689793 9.081914 7.320393 -57.782772 -23.876133 -26.250162 178.128128 -43.268688 -178.451248 -42.477818 -7.32102 -2.21088 -5.882113 9.861293 0.702592 -10.936881 -0.360572 7.15621 -2e-06 8.774831 -0.0 -16.354784 18.462997 5.727303 -1.844035 2.498507 -2.507277 -10.163611 4.67895 4.621113 -20.97604 2e-06 1e-06 -21.226307 2.451702 -3.594005 2e-06 -5e-06 -0.0 -1.362682 2.240801 -0.746323 -21.33493 0.584913 3.008325 -13.821227 0.0 1e-06 -23.887192 -0.249076 -0.839485 -61.315701 2.732024 -1.671719 -0.294025 1.67969 0.833255 -14.21822 0.093218 1.300582 -34.212074 -0.287557 0.967168 -20.03323 0.964539 1.212842 2e-06 1e-06 1e-06 -3.440392 0.788235 0.501657 -15.928201 -3.16731 2.999707 -6.338831 1e-06 1e-06 -18.123465 3.648187 -4.905675 -3e-06 2e-06 -1e-06 10.657376 22.621241 21.033575 47.208549 26.545706 17.608004 -171.407471 84.423462 -171.088821 23.644405 -15.265 14.589025 2.243541 -5.255037 -3.180155 14.282895 -0.826595 6.952506 -3e-06 -12.690605 2e-06 16.264952 -17.997595 2.547521 1.665666 -1.955919 -2.878299 4.727801 -4.17059 4.993926 11.020528 3e-06 1e-06 12.109056 -3.735717 -2.866783 -2e-06 1e-06 -1e-06 1.291986 -1.92855 -1.498089 14.800132 0.567469 3.865611 14.242576 -1.341736 -6.660656 19.631969 0.143926 -0.648242 49.123798 -1.458891 -7.011527 0.35303 -1.511151 -0.031942 20.222797 3.684311 2.316632 18.787279 5e-06 0.0 10.751631 -0.47987 1.397907 1e-06 1e-06 1e-06 3.273807 0.305948 -0.58011 21.48682 11.830379 2.266135 8.16293 3e-06 0.0 18.39909 -3.798987 -4.940574 3e-06 -1e-06 -2e-06 9.198362 -19.568079 -14.784182 0.08194 -0.56616 17.335815 -5.742038 -14.138699 -10.418165 1.646557 -1.649488 -0.03304 -0.0 -1e-06 2e-06 -9.52851 -6.462483 -11.843496 0.031538 0.855306 17.945694 10.12518 -5.546177 -4.541034 -1.44468 1.022574 -3.121212 0.0 0.0 -1e-06 
0.0 0.0 0.0 0.0 -0.0 0.0 -1.703188 99.35952 6.425692 -0.974671 9.750528 6.394007 -0.336539 2.089101 -1.283505 -0.613984 7.829023 -5.572483 -5.058992 6.486218 10.255294 -29.049419 33.969139 25.480255 -4.934615 -9.825312 -2.204872 -15.942396 -8.493817 12.098583 7.7e-05 -2.1e-05 6e-06 -0.07644 -0.020767 -0.12182 0.645762 -3.710531 -10.494887 -0.84162 3.678773 -10.486146 -13.565766 8.809993 7.352382 -58.62159 -24.303057 -26.018909 178.609451 -42.822414 -178.402374 -41.997601 -7.271128 -0.686534 -5.88211 9.861293 0.702587 -10.936877 -0.360574 7.156206 -1e-06 8.77483 -0.0 -16.353073 18.382481 5.672425 -1.844034 2.498508 -2.507279 -10.163605 4.678949 4.621109 -20.976038 -0.0 -1e-06 -21.226301 2.451699 -3.594006 -0.0 -6e-06 -0.0 -1.362685 2.240801 -0.746326 -21.334929 0.584912 3.00832 -13.821221 -1e-06 -1e-06 -23.887184 -0.249078 -0.839488 -61.32991 2.774767 -1.619048 -0.294026 1.679688 0.833255 -14.218219 0.093217 1.300579 -34.21207 -0.287562 0.967162 -20.033226 0.964536 1.21284 1e-06 -0.0 0.0 -3.44039 0.788234 0.501657 -15.928194 -3.16731 2.999706 -6.33883 -1e-06 0.0 -18.123461 3.648187 -4.905678 -4e-06 2e-06 -1e-06 10.456562 22.779888 20.789503 48.019428 27.21105 16.928885 -173.748032 85.247253 -173.443451 22.171328 -15.443378 15.943846 2.243544 -5.255041 -3.180163 14.282907 -0.826596 6.95251 -5e-06 -12.69062 4e-06 16.150133 -17.969481 2.582128 1.66567 -1.955924 -2.878302 4.727805 -4.170592 4.99393 11.020542 4e-06 -4e-06 12.10907 -3.73572 -2.866789 -1e-06 -0.0 -1e-06 1.291987 -1.928552 -1.49809 14.800149 0.567468 3.865611 14.242591 -1.341733 -6.660669 19.631998 0.143931 -0.648248 49.041931 -1.511208 -6.976585 0.353029 -1.511151 -0.031941 20.222818 3.684316 2.316629 18.7873 8e-06 -4e-06 10.751644 -0.479869 1.397907 1e-06 1e-06 0.0 3.273812 0.305947 -0.580113 21.486843 11.830393 2.26613 8.162937 3e-06 -2e-06 18.399107 -3.798985 -4.940583 3e-06 -1e-06 -1e-06 9.884931 -20.176199 -14.873458 0.07055 -0.580763 16.815388 -6.154404 -13.972851 -10.199567 1.657064 -1.716738 0.006131 -0.0 0.0 2e-06 -9.670401 -8.47902 -12.746086 0.004603 0.653126 11.568039 8.117933 -7.95162 -2.407527 -1.436739 1.053144 -3.046018 -0.0 0.0 -1e-06 
0.0 0.0 0.0 0.0 -0.0 0.0 -2.894878 99.178856 7.118837 -0.462607 10.454881 6.80747 -0.404603 2.161312 -1.335836 -0.662162 7.435479 -5.577428 -5.017867 6.391445 10.318296 -28.965723 34.13076 25.9184 -4.75237 -9.029203 -2.343513 -15.697669 -7.693729 12.390994 7.7e-05 -2.2e-05 6e-06 -0.011824 -0.00018 -0.114662 0.713766 -3.684106 -10.569789 -0.778293 3.69408 -10.545933 -13.785259 8.20324 7.577655 -59.065018 -24.879196 -25.568165 179.069214 -42.242126 -178.398758 -40.693619 -7.573872 0.765846 -5.88211 9.86129 0.702588 -10.936873 -0.360572 7.156205 -3e-06 8.774828 -3e-06 -16.327978 18.433332 5.831906 -1.844034 2.498508 -2.507279 -10.163602 4.678948 4.621109 -20.976027 2e-06 0.0 -21.226292 2.451701 -3.594005 -0.0 -7e-06 -1e-06 -1.362684 2.240801 -0.746323 -21.334917 0.584913 3.008323 -13.821217 2e-06 1e-06 -23.887175 -0.249076 -0.839488 -61.368908 2.83223 -1.588786 -0.294025 1.679689 0.833256 -14.21821 0.093219 1.30058 -34.212059 -0.287556 0.967167 -20.033215 0.964539 1.212841 0.0 2e-06 1e-06 -3.440389 0.788234 0.501655 -15.928191 -3.167306 2.999708 -6.338828 1e-06 1e-06 -18.123453 3.648189 -4.905675 -4e-06 2e-06 -4e-06 10.495873 22.422338 20.705427 49.005627 27.102474 16.869143 -172.374969 85.080597 -172.125168 20.931026 -15.471941 16.447798 2.243546 -5.255041 -3.18016 14.282898 -0.826596 6.952504 -1e-06 -12.690614 2e-06 16.003853 -18.014898 2.731147 1.665669 -1.955921 -2.878301 4.727798 -4.17059 4.993929 11.020534 2e-06 -4e-06 12.109059 -3.735718 -2.866788 -1e-06 -0.0 -1e-06 1.291986 -1.92855 -1.498091 14.800138 0.567468 3.865609 14.242582 -1.341733 -6.660664 19.631983 0.143929 -0.648249 49.184002 -1.633847 -6.923514 0.35303 -1.511152 -0.031939 20.222803 3.684311 2.316628 18.787287 6e-06 -3e-06 10.751636 -0.479868 1.397905 -0.0 1e-06 1e-06 3.273808 0.305947 -0.580113 21.486826 11.830385 2.266127 8.162932 1e-06 -1e-06 18.399097 -3.798988 -4.940582 3e-06 -1e-06 -1e-06 10.435262 -20.721624 -14.958553 0.05029 -0.586031 16.384699 -6.678063 -14.154551 -10.319545 1.662929 -1.791421 0.005841 -0.0 0.0 2e-06 -9.947351 -11.0207 -13.621226 -0.037368 0.3926 6.560552 8.841932 -8.473404 0.428609 -1.422861 1.071035 -3.033067 -0.0 -0.0 -1e-06 
0.0 0.0 0.0 0.0 -0.0 0.0 -4.041968 98.920113 7.926227 -0.02287 11.462104 6.907753 -0.238366 2.213415 -1.374367 -0.707265 7.085091 -5.623112 -5.077722 6.078946 10.534041 -28.391027 34.219013 26.655828 -4.851882 -8.442662 -2.516724 -15.094867 -7.512432 12.943966 7.7e-05 -2.2e-05 6e-06 -0.031309 0.006683 -0.153788 0.705804 -3.657747 -10.710826 -0.809372 3.689636 -10.693834 -14.704899 7.447922 7.759857 -58.734882 -25.578951 -24.616671 178.992172 -41.650932 -178.350937 -39.267654 -8.528304 1.11879 -5.882115 9.861297 0.702588 -10.936887 -0.360573 7.156217 -0.0 8.774833 -2e-06 -16.083158 18.420595 5.982098 -1.844036 2.498509 -2.50728 -10.163616 4.678951 4.621115 -20.976053 1e-06 2e-06 -21.226318 2.451702 -3.594008 -0.0 -7e-06 -1e-06 -1.362685 2.240802 -0.746324 -21.334944 0.584913 3.008328 -13.821235 1e-06 3e-06 -23.887205 -0.249077 -0.839486 -61.388622 2.824366 -1.49327 -0.294025 1.679688 0.833257 -14.218228 0.093217 1.300583 -34.212097 -0.28756 0.96717 -20.033239 0.96454 1.212843 0.0 1e-06 -0.0 -3.440394 0.788234 0.501656 -15.928208 -3.167311 2.999714 -6.338835 1e-06 2e-06 -18.123474 3.648189 -4.905678 -4e-06 1e-06 -1e-06 10.872778 21.469498 20.884956 49.856106 26.040039 17.003443 -172.954636 83.852226 -172.911926 20.106192 -14.979211 15.859239 2.243543 -5.255038 -3.180158 14.282896 -0.826599 6.952499 -1e-06 -12.690609 2e-06 16.077147 -18.048882 2.758535 1.665668 -1.955921 -2.878302 4.727798 -4.170588 4.993926 11.020531 3e-06 -5e-06 12.109059 -3.735717 -2.866789 -0.0 -1e-06 -1e-06 1.291987 -1.928552 -1.49809 14.800132 0.567466 3.865605 14.24258 -1.341734 -6.660665 19.631975 0.143931 -0.64825 49.260559 -1.644058 -6.935383 0.353029 -1.51115 -0.031941 20.222801 3.684309 2.316625 18.787281 4e-06 -6e-06 10.751633 -0.479871 1.397904 0.0 1e-06 0.0 3.273808 0.305946 -0.580111 21.48682 11.830379 2.266126 8.16293 2e-06 -2e-06 18.399092 -3.798988 -4.940581 1e-06 -0.0 -1e-06 10.85528 -21.184818 -14.731155 0.071122 -0.500725 16.190634 -7.138565 -14.69218 -10.738782 1.679784 -1.890877 0.002088 -0.0 -1e-06 2e-06 -10.159366 -13.197449 -14.824357 -0.013684 0.376148 6.158595 11.36166 -8.301871 3.617264 -1.392594 1.05398 -2.105047 -0.0 -0.0 -1e-06 
0.0 0.0 0.0 0.0 -0.0 0.0 -5.101953 98.725281 8.720287 0.256033 12.460866 6.631613 0.011026 2.111999 -1.240615 -0.669207 6.895306 -5.544564 -5.111735 5.534324 10.66917 -27.715439 34.118778 27.480724 -5.168204 -8.44852 -2.49137 -14.938605 -7.533462 12.796021 7.7e-05 -2.2e-05 6e-06 -0.04986 0.002575 -0.153235 0.678286 -3.667824 -10.782675 -0.819257 3.696175 -10.804854 -15.68088 6.811329 8.027267 -58.657406 -25.731428 -23.775803 179.21611 -40.778336 -178.672562 -37.863506 -10.553205 0.738245 -5.882112 9.861293 0.702591 -10.936881 -0.360576 7.156214 -2e-06 8.774833 -1e-06 -16.005276 18.28957 5.925743 -1.844033 2.498505 -2.50728 -10.163611 4.678949 4.62111 -20.976044 -0.0 1e-06 -21.226311 2.4517 -3.594005 -0.0 -6e-06 -0.0 -1.362684 2.240801 -0.746323 -21.33493 0.584913 3.008326 -13.821227 0.0 3e-06 -23.887196 -0.249078 -0.839485 -61.120979 2.852037 -1.655534 -0.294024 1.679687 0.833256 -14.218223 0.093216 1.300581 -34.212078 -0.287562 0.967169 -20.033234 0.964539 1.212843 -0.0 1e-06 0.0 -3.440392 0.788235 0.501656 -15.928201 -3.167311 2.99971 -6.338833 1e-06 2e-06 -18.123466 3.648189 -4.905677 -4e-06 1e-06 -1e-06 11.24225 20.35924 21.11768 50.530594 23.861275 17.037733 -176.029007 82.025352 -176.111816 19.931755 -13.89277 13.143454 2.243546 -5.255043 -3.180161 14.282907 -0.826599 6.95251 -3e-06 -12.690618 5e-06 16.119164 -18.065956 2.787773 1.66567 -1.955924 -2.878303 4.727804 -4.170592 4.99393 11.020537 3e-06 -4e-06 12.109066 -3.735719 -2.866789 1e-06 -1e-06 -2e-06 1.291989 -1.928551 -1.498091 14.800142 0.567467 3.86561 14.242588 -1.341736 -6.660669 19.63199 0.143931 -0.648249 49.651295 -1.391365 -6.842473 0.35303 -1.511153 -0.03194 20.222816 3.684313 2.316631 18.787298 6e-06 -4e-06 10.751641 -0.479871 1.397905 -0.0 2e-06 0.0 3.273811 0.305947 -0.580113 21.486837 11.830388 2.26613 8.162937 1e-06 -1e-06 18.399107 -3.79899 -4.940584 2e-06 0.0 -1e-06 11.240885 -21.734531 -14.092991 0.111705 -0.469232 15.90084 -7.6769 -15.381804 -10.881319 1.678141 -1.911144 -0.222827 0.0 0.0 2e-06 -10.36609 -14.362235 -16.328581 0.006158 0.438042 10.691575 12.460273 -7.619974 1.417108 -1.40171 1.093342 -1.733042 -0.0 -0.0 -1e-06 
0.0 0.0 0.0 0.0 -0.0 0.0 -6.060616 98.637192 9.563406 0.2981 13.083288 6.283048 0.318764 1.984058 -1.166228 -0.582486 6.621062 -5.509607 -4.942397 5.096167 10.769408 -27.156799 33.858521 28.24486 -5.440797 -8.611098 -2.465775 -14.945405 -7.57617 12.610127 7.8e-05 -2.3e-05 6e-06 -0.052734 0.013716 -0.158961 0.672404 -3.651921 -10.826013 -0.823198 3.707827 -10.880008 -15.928077 6.530956 8.398856 -59.369671 -25.439871 -22.58346 179.518677 -39.6689 -179.089294 -36.667038 -12.736945 0.582004 -5.882105 9.861284 0.70259 -10.936873 -0.360575 7.156208 -2e-06 8.774827 -1e-06 -16.089111 18.165373 5.8337 -1.844032 2.498505 -2.507277 -10.1636 4.678946 4.621109 -20.976027 -1e-06 6e-06 -21.226286 2.4517 -3.593998 -0.0 -6e-06 -1e-06 -1.362683 2.240798 -0.746324 -21.334915 0.584912 3.008327 -13.821215 0.0 4e-06 -23.887171 -0.249077 -0.839483 -60.757881 2.860082 -1.723632 -0.294025 1.679687 0.833256 -14.21821 0.093217 1.300583 -34.212051 -0.28756 0.967173 -20.033213 0.964539 1.212844 1e-06 1e-06 -0.0 -3.440388 0.788234 0.501656 -15.928187 -3.16731 2.999708 -6.338827 1e-06 2e-06 -18.123449 3.648183 -4.905669 -4e-06 1e-06 -1e-06 11.014408 19.300501 21.346567 51.166962 21.229185 17.105328 -178.30513 80.306992 -178.533859 20.097027 -12.998137 9.558039 2.243541 -5.255037 -3.180157 14.282892 -0.826593 6.952503 -2e-06 -12.690602 -0.0 16.051327 -17.925407 2.78702 1.665667 -1.955922 -2.878299 4.7278 -4.170588 4.993924 11.020526 3e-06 1e-06 12.109054 -3.735715 -2.866785 -1e-06 -2e-06 -1e-06 1.291986 -1.928549 -1.498089 14.800129 0.567468 3.865608 14.242571 -1.341735 -6.660656 19.631969 0.143927 -0.648245 49.649857 -1.127207 -6.717236 0.353029 -1.51115 -0.03194 20.222794 3.684309 2.316631 18.787273 5e-06 1e-06 10.751628 -0.479869 1.397906 1e-06 2e-06 0.0 3.273807 0.305947 -0.58011 21.486818 11.830376 2.266135 8.162928 2e-06 0.0 18.399088 -3.798987 -4.940576 3e-06 0.0 -0.0 11.734227 -22.035767 -13.201779 0.111843 -0.404936 15.454857 -8.18646 -15.7736 -10.740388 1.695112 -1.925689 -0.498703 0.0 -1e-06 2e-06 -9.94783 -14.237439 -16.847006 0.027628 0.446039 13.800366 12.515807 -7.241184 -0.943938 -1.399984 1.115214 -1.463578 0.0 -0.0 -1e-06 
0.0 0.0 0.0 0.0 -0.0 0.0 -6.974123 98.593048 10.417727 0.299377 13.284976 6.092481 0.624391 1.845988 -1.18564 -0.507987 6.314933 -5.515169 -4.761294 4.738516 10.655055 -26.627728 33.532116 28.899616 -5.601982 -8.790155 -2.456086 -14.905203 -7.587572 12.510604 7.7e-05 -2.2e-05 6e-06 -0.068497 0.024167 -0.164266 0.649158 -3.632606 -10.862935 -0.830757 3.71226 -10.93717 -15.643729 6.336475 8.646046 -60.040756 -24.783279 -21.73472 179.837708 -38.590996 -179.40242 -35.573307 -14.455437 1.054525 -5.88211 9.86129 0.702592 -10.936878 -0.360574 7.156211 -1e-06 8.774829 -2e-06 -16.109032 18.006559 5.758427 -1.844034 2.498506 -2.507279 -10.16361 4.678949 4.621113 -20.97604 1e-06 5e-06 -21.226301 2.451701 -3.593999 0.0 -6e-06 -1e-06 -1.362682 2.240798 -0.746323 -21.33493 0.584911 3.008329 -13.821225 -0.0 4e-06 -23.887188 -0.249074 -0.839482 -60.380592 2.875002 -1.751806 -0.294024 1.679689 0.833255 -14.218219 0.093216 1.300584 -34.212078 -0.287558 0.967174 -20.033232 0.96454 1.212844 1e-06 1e-06 -0.0 -3.440392 0.788236 0.501656 -15.928201 -3.167309 2.999711 -6.338831 2e-06 3e-06 -18.123463 3.648185 -4.905673 -4e-06 1e-06 -2e-06 10.518588 18.37965 21.382494 51.47765 18.703365 17.225605 179.912201 79.026932 179.58371 20.566671 -12.641908 6.516038 2.243543 -5.255039 -3.180159 14.282898 -0.826597 6.952503 -1e-06 -12.69061 0.0 16.019131 -17.835569 2.710972 1.665667 -1.955922 -2.878301 4.7278 -4.170591 4.993926 11.020531 1e-06 -1e-06 12.109058 -3.735717 -2.866787 0.0 -1e-06 -0.0 1.291987 -1.928551 -1.498091 14.800134 0.567467 3.865607 14.242579 -1.341737 -6.660661 19.631973 0.143925 -0.648248 49.423569 -0.995935 -6.658012 0.353029 -1.511152 -0.03194 20.222801 3.68431 2.316628 18.787281 3e-06 -3e-06 10.751633 -0.479869 1.397905 1e-06 0.0 0.0 3.273808 0.305947 -0.580112 21.48682 11.830379 2.26613 8.16293 2e-06 -1e-06 18.399088 -3.798986 -4.94058 4e-06 -0.0 -1e-06 12.248822 -22.080374 -12.169512 0.091718 -0.376387 14.619407 -8.703893 -15.879657 -10.432979 1.713533 -1.914459 -0.755902 0.0 0.0 2e-06 -9.457642 -13.667724 -17.166204 0.033357 0.424837 15.894125 12.293157 -7.213382 -2.737817 -1.395911 1.111469 -1.196872 -0.0 -0.0 -1e-06 
0.0 0.0 0.0 0.0 -0.0 0.0 -7.873935 98.563103 11.258386 0.277283 13.153612 6.059801 0.925849 1.747003 -1.293424 -0.45681 6.027865 -5.567537 -4.569943 4.357629 10.464412 -26.133488 33.157368 29.356813 -5.653599 -9.028321 -2.431251 -14.967727 -7.492377 12.49879 7.7e-05 -2.2e-05 6e-06 -0.075334 0.035433 -0.163918 0.63871 -3.613218 -10.890505 -0.835612 3.716055 -10.98716 -15.407512 5.998048 8.766807 -59.792759 -24.178783 -21.614515 -179.97963 -37.779961 -179.537857 -34.465569 -15.681886 2.034657 -5.88211 9.861286 0.70259 -10.936875 -0.360575 7.156209 -1e-06 8.774826 -1e-06 -16.054907 17.82925 5.759158 -1.844034 2.498505 -2.507279 -10.163603 4.678944 4.621106 -20.97603 -1e-06 2e-06 -21.226295 2.451697 -3.594002 1e-06 -5e-06 -0.0 -1.362683 2.2408 -0.746323 -21.334917 0.584911 3.008325 -13.821217 0.0 5e-06 -23.887178 -0.249078 -0.839483 -60.141563 2.930763 -1.791147 -0.294026 1.679688 0.833256 -14.218215 0.093216 1.300582 -34.212063 -0.287564 0.967171 -20.033218 0.96454 1.212845 0.0 1e-06 -0.0 -3.44039 0.788233 0.501656 -15.928189 -3.16731 2.999709 -6.338827 -0.0 2e-06 -18.123449 3.648185 -4.90567 -4e-06 1e-06 -2e-06 10.222537 17.666569 21.378704 51.025169 16.784565 17.278076 179.115311 78.128326 178.703903 21.037012 -12.530588 4.619967 2.243543 -5.255039 -3.180158 14.282896 -0.826599 6.952503 -2e-06 -12.690611 3e-06 16.071552 -17.830172 2.64106 1.665668 -1.955922 -2.8783 4.7278 -4.170589 4.993927 11.020531 1e-06 -3e-06 12.109059 -3.735718 -2.866787 -1e-06 -1e-06 0.0 1.291986 -1.92855 -1.49809 14.800132 0.567468 3.865607 14.242578 -1.341738 -6.660661 19.631975 0.143926 -0.648248 49.332439 -0.965322 -6.674333 0.35303 -1.511151 -0.03194 20.222799 3.684311 2.316628 18.787277 4e-06 -4e-06 10.751632 -0.479869 1.397905 -2e-06 1e-06 -0.0 3.273808 0.305948 -0.580111 21.48682 11.830379 2.26613 8.16293 2e-06 -1e-06 18.399088 -3.798988 -4.940579 4e-06 0.0 -1e-06 12.792683 -21.774572 -11.119016 0.082377 -0.363882 13.503155 -9.294659 -16.017332 -9.971786 1.723854 -1.890298 -0.984402 0.0 0.0 2e-06 -8.876887 -12.966928 -17.564331 0.024656 0.389934 17.554117 11.927298 -7.230899 -4.207414 -1.394938 1.111095 -1.025722 0.0 -0.0 -1e-06 
0.0 0.0 0.0 0.0 -0.0 0.0 -8.79156 98.559731 12.049891 0.193948 12.807892 6.098027 1.233338 1.68147 -1.445146 -0.410527 5.726293 -5.650209 -4.334884 3.935359 10.242978 -25.599337 32.643253 29.70816 -5.663833 -9.227948 -2.389653 -15.172755 -7.433249 12.542545 7.7e-05 -2.2e-05 6e-06 -0.064703 0.038503 -0.158083 0.649192 -3.613381 -10.911754 -0.824975 3.723176 -11.036058 -15.188698 5.471863 8.816905 -58.919697 -23.768286 -21.993952 -179.926315 -37.12867 -179.532059 -33.148434 -16.526379 3.253788 -5.882112 9.861295 0.702592 -10.936881 -0.360573 7.156213 0.0 8.774833 -0.0 -16.001242 17.647804 5.809775 -1.844034 2.498506 -2.507279 -10.163607 4.678949 4.621112 -20.976042 -2e-06 3e-06 -21.226305 2.451697 -3.594004 1e-06 -7e-06 -1e-06 -1.362682 2.2408 -0.746324 -21.334932 0.584912 3.008325 -13.821225 -0.0 2e-06 -23.887192 -0.249078 -0.839485 -60.092148 2.996257 -1.808549 -0.294027 1.679689 0.833256 -14.218219 0.093215 1.30058 -34.212074 -0.287565 0.96717 -20.033228 0.964539 1.212844 -1e-06 1e-06 1e-06 -3.440392 0.788234 0.501657 -15.928196 -3.167311 2.999709 -6.338831 -0.0 1e-06 -18.123459 3.648185 -4.905674 -4e-06 2e-06 -2e-06 10.04477 17.12694 21.259371 50.116451 15.600532 17.302032 178.843765 77.462585 178.382736 21.277443 -12.460395 3.699419 2.243542 -5.255038 -3.180159 14.282904 -0.826594 6.952509 -4e-06 -12.690614 3e-06 16.125252 -17.896902 2.607153 1.665667 -1.955922 -2.878301 4.727804 -4.170591 4.993928 11.020536 3e-06 -2e-06 12.109062 -3.735714 -2.866783 0.0 -2e-06 0.0 1.291986 -1.928549 -1.498091 14.800146 0.567469 3.865612 14.242585 -1.341734 -6.660664 19.631987 0.143927 -0.648244 49.411392 -0.987745 -6.702155 0.353029 -1.511151 -0.03194 20.222811 3.684313 2.316632 18.787289 5e-06 -1e-06 10.751637 -0.479868 1.397908 -2e-06 0.0 0.0 3.27381 0.305947 -0.580113 21.486834 11.830385 2.266134 8.162937 2e-06 -0.0 18.399099 -3.798986 -4.940578 4e-06 0.0 -1e-06 13.407069 -21.204584 -9.96524 0.07019 -0.346213 12.222011 -9.909125 -16.251757 -9.286222 1.731168 -1.854723 -1.245497 0.0 1e-06 2e-06 -8.184703 -12.164433 -17.932077 0.015975 0.349833 18.772018 11.408316 -7.323913 -5.363183 -1.395079 1.125767 -0.9152 0.0 -0.0 -1e-06 
0.0 0.0 0.0 0.0 -0.0 0.0 -9.680216 98.550865 12.812187 0.078225 12.363863 6.130213 1.53176 1.559038 -1.631641 -0.36615 5.425176 -5.723395 -4.043574 3.44794 10.000576 -24.988821 31.935974 30.031181 -5.719076 -9.321406 -2.345225 -15.424704 -7.458736 12.650939 7.7e-05 -2.2e-05 6e-06 -0.060959 0.040399 -0.156108 0.644641 -3.616996 -10.92923 -0.810664 3.730357 -11.085062 -14.844657 4.741214 8.837517 -57.763763 -23.626287 -22.55352 179.969864 -36.648052 -179.436157 -31.616011 -17.158953 4.682259 -5.882108 9.861285 0.702588 -10.936873 -0.360576 7.156205 1e-06 8.774824 -2e-06 -16.029268 17.492804 5.861877 -1.844031 2.498505 -2.507278 -10.163601 4.678944 4.621107 -20.976027 -3e-06 1e-06 -21.22629 2.451695 -3.594004 0.0 -6e-06 -0.0 -1.36268 2.240798 -0.746325 -21.334917 0.584909 3.008322 -13.821218 -2e-06 1e-06 -23.887175 -0.249083 -0.839485 -60.131496 3.042488 -1.791425 -0.294024 1.679686 0.833255 -14.218211 0.093214 1.300578 -34.212055 -0.287563 0.967166 -20.033215 0.964533 1.212842 0.0 0.0 1e-06 -3.440388 0.788233 0.501654 -15.928189 -3.167308 2.999706 -6.338826 -1e-06 0.0 -18.123449 3.648183 -4.905674 -4e-06 2e-06 -2e-06 9.851527 16.709766 20.837088 49.164486 15.113869 17.362188 178.747009 76.974777 178.314316 21.455091 -12.406506 3.448953 2.243542 -5.255036 -3.180159 14.282887 -0.826595 6.952501 -4e-06 -12.690605 3e-06 16.104799 -17.971193 2.591427 1.665666 -1.95592 -2.8783 4.727797 -4.170588 4.993926 11.020526 3e-06 -5e-06 12.109053 -3.735717 -2.866786 -1e-06 -2e-06 -1e-06 1.291986 -1.92855 -1.498089 14.800127 0.567469 3.865605 14.242574 -1.341734 -6.660661 19.631969 0.143929 -0.648249 49.466293 -1.000521 -6.746601 0.353029 -1.511151 -0.03194 20.222788 3.68431 2.316627 18.78727 6e-06 -6e-06 10.751626 -0.479868 1.397905 -2e-06 -1e-06 0.0 3.273807 0.305948 -0.580112 21.486813 11.83038 2.266127 8.162928 2e-06 -0.0 18.399082 -3.798985 -4.940577 5e-06 1e-06 -1e-06 14.013844 -20.504192 -8.743275 0.058849 -0.320945 10.783301 -10.551675 -16.583809 -8.50454 1.735476 -1.817696 -1.5184 0.0 0.0 2e-06 -7.477965 -11.248014 -18.234716 0.011868 0.337696 19.792576 10.853601 -7.530451 -6.391967 -1.393748 1.153051 -0.8486 0.0 0.0 -1e-06 
0.0 0.0 0.0 0.0 -0.0 0.0 -10.562423 98.566307 13.553622 -0.051138 11.817942 6.112448 1.793805 1.43298 -1.83185 -0.328827 5.05091 -5.80363 -3.700415 2.938427 9.742191 -24.183718 30.998203 30.416958 -5.773312 -9.422913 -2.289593 -15.735242 -7.592745 12.761397 7.8e-05 -2.1e-05 6e-06 -0.050101 0.047348 -0.159123 0.643628 -3.619205 -10.947709 -0.788973 3.748039 -11.12353 -14.315203 3.762279 8.908856 -56.528656 -23.721735 -23.118782 179.714905 -36.295444 -179.323608 -30.133083 -17.471176 6.410707 -5.88211 9.861292 0.702589 -10.936878 -0.360575 7.156212 2e-06 8.774833 -3e-06 -16.079638 17.3305 5.891547 -1.844033 2.498506 -2.507279 -10.163607 4.678948 4.621113 -20.97604 -4e-06 3e-06 -21.226299 2.451698 -3.594002 0.0 -7e-06 0.0 -1.362682 2.2408 -0.746323 -21.334929 0.58491 3.008328 -13.821223 -3e-06 3e-06 -23.887186 -0.249078 -0.839482 -60.17915 3.052371 -1.744123 -0.294025 1.679688 0.833256 -14.218219 0.093213 1.300582 -34.212074 -0.287563 0.967173 -20.033226 0.964537 1.212846 -1e-06 1e-06 1e-06 -3.440393 0.788234 0.501658 -15.928201 -3.167313 2.999712 -6.338831 -0.0 2e-06 -18.123459 3.648185 -4.905674 -4e-06 2e-06 -2e-06 9.689947 16.349283 20.209177 48.258949 15.222115 17.371691 178.306564 76.539421 177.899078 21.48214 -12.27346 3.83155 2.243542 -5.255036 -3.180158 14.282894 -0.826596 6.952504 -3e-06 -12.69061 2e-06 16.054602 -18.006323 2.597056 1.665667 -1.955922 -2.8783 4.727799 -4.170588 4.993925 11.020528 3e-06 -4e-06 12.109056 -3.735719 -2.866784 -0.0 -2e-06 -1e-06 1.291986 -1.92855 -1.498089 14.800131 0.567467 3.865608 14.242577 -1.341738 -6.660662 19.631973 0.143927 -0.648248 49.511101 -1.016383 -6.764357 0.353029 -1.511152 -0.03194 20.222797 3.68431 2.316629 18.787273 4e-06 -4e-06 10.751631 -0.47987 1.397905 -1e-06 -0.0 -1e-06 3.273808 0.305946 -0.580111 21.486816 11.830378 2.266129 8.16293 1e-06 -1e-06 18.399088 -3.798987 -4.940579 4e-06 1e-06 0.0 14.594418 -19.763065 -7.35399 0.035451 -0.329999 9.169404 -11.210998 -16.874174 -7.481344 1.738556 -1.782588 -1.808069 0.0 0.0 2e-06 -6.770975 -10.183023 -18.351349 -3.6e-05 0.333254 20.489777 10.23049 -7.753223 -7.231808 -1.392568 1.186422 -0.844131 0.0 0.0 -1e-06 
0.0 0.0 0.0 0.0 -0.0 0.0 -11.434264 98.56649 14.287365 -0.171093 11.12576 6.046609 2.018164 1.311184 -2.041121 -0.309118 4.6293 -5.888104 -3.297229 2.395636 9.447447 -23.175308 29.866478 30.841627 -5.826178 -9.655521 -2.211468 -16.180624 -7.81288 12.851851 7.7e-05 -2.2e-05 6e-06 -0.037119 0.06136 -0.161258 0.63989 -3.616121 -10.93209 -0.761424 3.774333 -11.137294 -13.638155 2.640141 9.009947 -55.442188 -24.037039 -23.617121 179.468994 -36.066807 -179.220062 -28.956404 -17.391882 8.143189 -5.882107 9.861284 0.70259 -10.936875 -0.360576 7.156208 1e-06 8.774826 -2e-06 -16.134413 17.138287 5.87931 -1.844032 2.498504 -2.507277 -10.163602 4.678943 4.621109 -20.976027 -3e-06 4e-06 -21.22629 2.451695 -3.593998 0.0 -6e-06 0.0 -1.362681 2.240798 -0.746322 -21.334917 0.584909 3.008325 -13.821215 -5e-06 4e-06 -23.887171 -0.249079 -0.839479 -60.164597 3.03816 -1.66033 -0.294024 1.679687 0.833256 -14.21821 0.093213 1.300581 -34.212051 -0.287564 0.967175 -20.033215 0.964539 1.212846 -1e-06 1e-06 0.0 -3.440387 0.788234 0.501656 -15.928189 -3.167311 2.999708 -6.338825 -1e-06 2e-06 -18.123446 3.648183 -4.90567 -4e-06 1e-06 -2e-06 9.601873 16.006952 19.444965 47.385708 15.821782 17.268503 177.2388 76.109528 176.902435 21.479954 -12.085273 4.843208 2.243542 -5.255038 -3.180157 14.282892 -0.826595 6.952503 -4e-06 -12.690605 2e-06 15.95499 -18.016237 2.646767 1.665666 -1.955921 -2.878298 4.727798 -4.170588 4.993925 11.020525 4e-06 -1e-06 12.109052 -3.735719 -2.866783 -1e-06 -3e-06 0.0 1.291985 -1.92855 -1.498088 14.800129 0.567468 3.865607 14.242571 -1.341735 -6.660656 19.631968 0.143926 -0.648244 49.568108 -1.030679 -6.762529 0.353029 -1.511152 -0.03194 20.222794 3.68431 2.316632 18.787271 5e-06 -1e-06 10.751629 -0.479868 1.397907 -0.0 -0.0 0.0 3.273806 0.305946 -0.58011 21.486814 11.830376 2.266132 8.16293 2e-06 1e-06 18.39908 -3.798987 -4.940574 1e-06 0.0 -1e-06 15.10308 -19.032526 -5.827917 0.010247 -0.358766 7.463533 -11.830914 -17.063303 -6.364746 1.741757 -1.749859 -2.076452 -0.0 -1e-06 2e-06 -6.086378 -9.08849 -18.423271 -0.013911 0.324906 21.160118 9.598557 -7.80511 -8.012436 -1.395451 1.211263 -0.85873 0.0 0.0 -1e-06 
0.0 0.0 0.0 0.0 -0.0 0.0 -12.243763 98.531738 15.067554 -0.27575 10.249431 5.936232 2.198733 1.156646 -2.266896 -0.305365 4.191645 -5.981844 -2.814727 1.854738 9.130303 -22.023714 28.500399 31.275803 -5.910301 -10.049564 -2.101896 -16.666397 -8.106605 12.914466 7.6e-05 -2.4e-05 6e-06 -0.013556 0.057046 -0.162146 0.644607 -3.63619 -10.912972 -0.716159 3.784503 -11.149683 -12.866181 1.473847 9.138791 -54.694977 -24.478748 -23.814968 179.266083 -35.962097 -179.116379 -28.12517 -16.797848 9.73969 -5.882106 9.861287 0.702592 -10.936877 -0.360574 7.156209 3e-06 8.774826 -0.0 -16.141319 16.941172 5.856739 -1.844034 2.498506 -2.507278 -10.163604 4.678945 4.621113 -20.97603 -5e-06 4e-06 -21.226295 2.451699 -3.593999 0.0 -6e-06 -0.0 -1.362683 2.240798 -0.746323 -21.334925 0.58491 3.008325 -13.821219 -2e-06 3e-06 -23.88718 -0.249079 -0.839482 -60.109444 3.058516 -1.607171 -0.294026 1.679687 0.833257 -14.218215 0.093216 1.300583 -34.212067 -0.287564 0.967173 -20.033222 0.964537 1.212845 -1e-06 -1e-06 0.0 -3.440391 0.788235 0.501657 -15.928192 -3.16731 2.999709 -6.338829 -1e-06 3e-06 -18.123453 3.648181 -4.905668 -4e-06 0.0 -2e-06 9.570274 15.65731 18.578617 46.547291 16.82004 17.217373 175.911072 75.787804 175.707733 21.603394 -11.841145 6.424326 2.243542 -5.255038 -3.180158 14.282894 -0.826597 6.952507 -2e-06 -12.690609 2e-06 15.820055 -18.027941 2.724793 1.665666 -1.955922 -2.878299 4.7278 -4.170589 4.993927 11.020528 3e-06 -0.0 12.109054 -3.735717 -2.866782 -1e-06 -2e-06 -0.0 1.291985 -1.928549 -1.498089 14.800131 0.567466 3.865608 14.242571 -1.341737 -6.660657 19.631969 0.143924 -0.648244 49.555264 -1.046966 -6.774097 0.353029 -1.51115 -0.03194 20.222792 3.684309 2.316634 18.787273 2e-06 1e-06 10.751631 -0.479871 1.397908 -1e-06 -0.0 0.0 3.273807 0.305947 -0.580111 21.486816 11.830377 2.266134 8.162929 1e-06 -1e-06 18.399088 -3.79899 -4.940576 3e-06 0.0 -1e-06 15.466219 -18.302082 -4.278081 -0.002725 -0.374031 5.93446 -12.294044 -17.104395 -5.448334 1.743821 -1.713229 -2.365923 0.0 0.0 2e-06 -5.470833 -7.952554 -18.459116 -0.018909 0.312098 21.899563 9.035951 -7.614118 -8.821923 -1.399446 1.223565 -0.884262 0.0 0.0 -1e-06 
0.0 0.0 0.0 0.0 -0.0 0.0 -13.006618 98.449745 15.864902 -0.413309 9.050037 5.782569 2.362594 1.033717 -2.496346 -0.298857 3.700416 -6.076231 -2.219522 1.296803 8.787277 -20.839167 27.087364 31.66785 -6.021146 -10.658869 -1.968247 -17.221184 -8.59882 13.002856 7.7e-05 -2.2e-05 6e-06 0.026513 0.034849 -0.159921 0.665572 -3.67089 -10.867415 -0.656175 3.774231 -11.143699 -12.110693 0.333428 9.31613 -54.321419 -24.986712 -23.850002 179.269241 -35.930099 -179.08876 -27.593204 -15.789366 11.124451 -5.882105 9.861285 0.70259 -10.936877 -0.360577 7.156208 3e-06 8.774826 -1e-06 -16.06786 16.694782 5.849101 -1.844034 2.498505 -2.507276 -10.163604 4.678943 4.621109 -20.976028 -6e-06 5e-06 -21.22629 2.451697 -3.593997 0.0 -5e-06 -1e-06 -1.362681 2.240798 -0.746324 -21.334921 0.584908 3.008325 -13.821217 -5e-06 4e-06 -23.887177 -0.24908 -0.839479 -59.944828 3.074697 -1.530811 -0.294023 1.679689 0.833256 -14.218213 0.093213 1.300582 -34.212055 -0.287566 0.967175 -20.033215 0.964537 1.212846 -1e-06 0.0 1e-06 -3.440388 0.788233 0.501657 -15.928192 -3.167313 2.999709 -6.338828 -2e-06 2e-06 -18.123453 3.648184 -4.905669 -4e-06 0.0 -2e-06 9.64393 15.358855 17.733667 45.633835 18.072214 17.209103 174.58194 75.502113 174.563354 21.928108 -11.592787 8.367591 2.243542 -5.255034 -3.180156 14.282892 -0.826595 6.952503 -3e-06 -12.690601 1e-06 15.713313 -18.09339 2.796544 1.665666 -1.955922 -2.8783 4.727799 -4.170587 4.993924 11.020526 4e-06 -3e-06 12.109055 -3.735716 -2.866786 -0.0 -1e-06 -1e-06 1.291985 -1.92855 -1.498089 14.800129 0.567468 3.865607 14.242571 -1.341734 -6.66066 19.631969 0.143929 -0.648246 49.510273 -1.075067 -6.805195 0.353029 -1.51115 -0.031941 20.222794 3.684308 2.316628 18.78727 5e-06 -2e-06 10.751627 -0.47987 1.397907 -1e-06 -0.0 1e-06 3.273807 0.305947 -0.580112 21.486813 11.830372 2.26613 8.162925 2e-06 -1e-06 18.399084 -3.798983 -4.940576 3e-06 1e-06 -0.0 15.716873 -17.534725 -2.866303 -0.010213 -0.392963 4.973389 -12.559349 -16.951584 -4.958425 1.748795 -1.696995 -2.605509 0.0 0.0 2e-06 -4.860949 -6.693356 -18.539692 -0.015707 0.30832 22.754978 8.510859 -7.154817 -9.644587 -1.405956 1.237378 -0.907432 0.0 0.0 -1e-06 
0.0 0.0 0.0 0.0 -0.0 0.0 -13.656246 98.333199 16.658651 -0.615279 7.490963 5.618545 2.543388 0.940072 -2.767564 -0.276907 3.177835 -6.208027 -1.498539 0.682931 8.47897 -19.708141 25.699196 32.094757 -6.133461 -11.455635 -1.820363 -17.842594 -9.274768 13.12718 7.6e-05 -2.4e-05 6e-06 0.087632 0.001524 -0.157183 0.716769 -3.706337 -10.803335 -0.582462 3.74303 -11.111356 -11.557 -0.796438 9.578382 -54.240757 -25.466982 -23.70013 179.431931 -36.006546 -179.11113 -27.343414 -14.559323 11.914535 -5.882111 9.861293 0.702593 -10.936883 -0.360575 7.156215 2e-06 8.774835 0.0 -16.005894 16.496168 5.838369 -1.844033 2.498506 -2.507279 -10.163612 4.678947 4.621115 -20.976048 -5e-06 6e-06 -21.226309 2.451697 -3.593999 0.0 -5e-06 -1e-06 -1.362684 2.240799 -0.746325 -21.334934 0.584911 3.00833 -13.821227 -4e-06 5e-06 -23.887194 -0.249078 -0.83948 -59.784817 3.095823 -1.41247 -0.294026 1.679689 0.833257 -14.218225 0.093215 1.300584 -34.212082 -0.287563 0.967177 -20.033236 0.964536 1.212848 -1e-06 0.0 -0.0 -3.44039 0.788234 0.501658 -15.928206 -3.167312 2.999713 -6.338833 -0.0 2e-06 -18.123465 3.648187 -4.905671 -4e-06 1e-06 -2e-06 9.865337 15.071812 16.890137 44.814728 19.419886 17.283661 173.661926 75.206657 173.849457 22.538063 -11.371449 10.385118 2.243542 -5.25504 -3.180157 14.282896 -0.826597 6.952507 -2e-06 -12.690609 2e-06 15.64395 -18.108065 2.874714 1.665667 -1.955923 -2.878302 4.727801 -4.170591 4.993927 11.020529 3e-06 -1e-06 12.109056 -3.735719 -2.866785 -0.0 -1e-06 -1e-06 1.291986 -1.92855 -1.498088 14.800134 0.567468 3.86561 14.242577 -1.341737 -6.660658 19.631973 0.143924 -0.648245 49.528534 -1.096383 -6.745804 0.353029 -1.511152 -0.031941 20.222797 3.684309 2.316632 18.787283 3e-06 0.0 10.751633 -0.47987 1.397908 -0.0 1e-06 -0.0 3.273808 0.305948 -0.58011 21.486824 11.830379 2.266134 8.16293 1e-06 -0.0 18.399092 -3.79899 -4.940577 4e-06 -0.0 -1e-06 15.876174 -16.646816 -1.781945 -0.005789 -0.392502 5.030451 -12.547821 -16.648373 -5.02332 1.757768 -1.704421 -2.950036 0.0 0.0 2e-06 -4.272516 -5.205969 -18.644442 -0.019054 0.290136 23.595604 7.98268 -6.550885 -10.395864 -1.413384 1.237859 -0.946295 0.0 0.0 -1e-06 
0.0 0.0 0.0 0.0 -0.0 0.0 -14.200761 98.205666 17.476624 -0.871808 5.553968 5.444918 2.754962 0.8184 -3.099181 -0.228828 2.620695 -6.339746 -0.662985 0.00424 8.210542 -18.613058 24.426249 32.573185 -6.271236 -12.365507 -1.690368 -18.46966 -10.061272 13.301478 7.6e-05 -2.4e-05 6e-06 0.147091 -0.016518 -0.169212 0.774287 -3.716712 -10.738733 -0.520192 3.715802 -11.054166 -11.286986 -1.953205 9.922574 -54.348621 -25.737892 -23.731161 179.780136 -36.294884 -179.163284 -27.176409 -13.38321 12.056688 -5.882107 9.861283 0.702588 -10.936872 -0.360575 7.156205 2e-06 8.774822 -2e-06 -16.092384 16.347645 5.783402 -1.844033 2.498504 -2.507279 -10.163599 4.678944 4.621108 -20.976023 -6e-06 2e-06 -21.226288 2.451696 -3.593999 0.0 -6e-06 -0.0 -1.362682 2.240799 -0.746323 -21.334913 0.584907 3.008322 -13.821213 -4e-06 2e-06 -23.887167 -0.249079 -0.839484 -59.761116 3.139971 -1.252256 -0.294024 1.679687 0.833255 -14.218208 0.093214 1.30058 -34.212051 -0.287564 0.96717 -20.033215 0.964536 1.212844 -1e-06 -1e-06 0.0 -3.440387 0.788233 0.501656 -15.928189 -3.16731 2.999707 -6.338827 -1e-06 1e-06 -18.123451 3.64818 -4.90567 -4e-06 -0.0 -2e-06 10.20077 14.827323 15.973967 44.473774 20.692795 17.517843 173.40451 74.8983 173.859299 23.451519 -11.05197 11.938073 2.243542 -5.255037 -3.180159 14.282888 -0.826594 6.952505 -3e-06 -12.690605 3e-06 15.620366 -18.088316 2.89462 1.665666 -1.955923 -2.878298 4.727797 -4.170588 4.993927 11.020526 3e-06 -6e-06 12.109052 -3.735713 -2.866786 1e-06 -1e-06 -1e-06 1.291986 -1.92855 -1.498092 14.800129 0.567467 3.865606 14.242571 -1.341736 -6.660661 19.631968 0.143927 -0.648247 49.547485 -1.074905 -6.723291 0.353029 -1.511152 -0.03194 20.222794 3.684309 2.31663 18.787271 4e-06 -1e-06 10.751631 -0.479869 1.397906 -1e-06 0.0 1e-06 3.273806 0.305947 -0.580111 21.486811 11.830376 2.266131 8.162926 2e-06 -1e-06 18.39908 -3.798986 -4.940575 2e-06 -0.0 -1e-06 15.945896 -15.493129 -0.43009 0.021388 -0.372162 5.011338 -12.481414 -16.122026 -5.153197 1.766451 -1.722058 -3.440445 -0.0 1e-06 2e-06 -3.705407 -3.537194 -18.69709 -0.029995 0.271923 24.319069 7.402515 -5.811534 -11.035109 -1.418342 1.238022 -1.00042 0.0 -0.0 -1e-06 
0.0 0.0 0.0 0.0 -0.0 0.0 -14.652761 98.129295 18.309637 -1.076232 3.145219 5.292131 2.958975 0.669885 -3.420599 -0.156241 2.013326 -6.470395 0.245452 -0.713243 7.939257 -17.645594 23.375187 32.94558 -6.513765 -13.174868 -1.565839 -19.168049 -10.702546 13.67467 7.5e-05 -2.4e-05 6e-06 0.20497 -0.010545 -0.192164 0.839825 -3.69374 -10.67276 -0.470305 3.699417 -10.961821 -11.250928 -3.089631 10.214967 -54.611607 -25.556288 -23.933224 -179.908249 -36.820393 -179.245773 -26.988995 -12.197023 11.97308 -5.882108 9.861288 0.70259 -10.936878 -0.360577 7.156209 2e-06 8.77483 -0.0 -16.166323 16.276241 5.759466 -1.844032 2.498505 -2.507278 -10.163608 4.678945 4.621109 -20.976038 -4e-06 3e-06 -21.226299 2.451695 -3.594 1e-06 -6e-06 -0.0 -1.362681 2.240798 -0.746325 -21.334925 0.584907 3.008325 -13.82122 -4e-06 3e-06 -23.887182 -0.24908 -0.839481 -59.754723 3.13827 -1.072633 -0.294024 1.679687 0.833257 -14.218215 0.093214 1.300581 -34.212067 -0.287566 0.967174 -20.033222 0.964537 1.212846 -1e-06 1e-06 -0.0 -3.440389 0.788233 0.501656 -15.928192 -3.16731 2.999708 -6.338828 -1e-06 1e-06 -18.123453 3.648181 -4.90567 -4e-06 0.0 -2e-06 10.581429 14.669095 15.111549 44.790718 21.876743 17.876932 173.211517 74.630692 173.766205 24.415352 -10.567259 12.470253 2.243542 -5.255038 -3.180157 14.282894 -0.826596 6.952506 -1e-06 -12.690607 1e-06 15.501246 -18.003204 2.882537 1.665667 -1.955921 -2.878299 4.727799 -4.170588 4.993925 11.020528 3e-06 -0.0 12.109053 -3.735717 -2.866781 -0.0 -1e-06 -0.0 1.291985 -1.92855 -1.49809 14.800131 0.567468 3.86561 14.242576 -1.341739 -6.660654 19.631971 0.143924 -0.648241 49.495525 -1.096025 -6.7098 0.353029 -1.511151 -0.031938 20.222795 3.684309 2.316633 18.787279 2e-06 3e-06 10.751631 -0.479873 1.397907 1e-06 0.0 1e-06 3.273807 0.305947 -0.580109 21.486816 11.830373 2.266134 8.162929 1e-06 -1e-06 18.399088 -3.798987 -4.940574 3e-06 -0.0 -0.0 15.804566 -14.108331 1.060444 0.040012 -0.378077 5.23793 -12.360099 -15.268709 -5.034586 1.779684 -1.746433 -4.090959 -0.0 0.0 2e-06 -3.263781 -1.778255 -18.636105 -0.034635 0.284205 24.719093 6.868432 -4.819043 -11.43789 -1.418276 1.238772 -0.941819 -0.0 -0.0 -1e-06 
0.0 0.0 0.0 0.0 -0.0 0.0 -15.034145 98.060966 19.128136 -1.200725 0.074657 5.280047 3.1459 0.483046 -3.799982 -0.031852 1.430682 -6.562269 1.289063 -1.432628 7.689955 -16.947405 22.507584 33.05246 -6.67556 -13.862149 -1.494211 -20.009352 -11.051501 13.983658 7.7e-05 -2.2e-05 6e-06 0.255034 -0.028928 -0.220109 0.910813 -3.696418 -10.597012 -0.438119 3.660044 -10.875456 -11.498267 -4.278177 10.41126 -54.754822 -24.8596 -24.469303 -179.579254 -37.519279 -179.312103 -27.008818 -11.089956 11.534512 -5.88211 9.861292 0.702587 -10.936881 -0.360577 7.156212 -1e-06 8.774831 -4e-06 -16.291849 16.225477 5.64515 -1.844036 2.498507 -2.50728 -10.163608 4.678947 4.621111 -20.976044 -2e-06 -0.0 -21.226309 2.451698 -3.594007 0.0 -5e-06 -0.0 -1.362684 2.240801 -0.746323 -21.33493 0.58491 3.008324 -13.821226 -3e-06 1e-06 -23.887192 -0.249081 -0.839486 -59.605614 3.096372 -0.833598 -0.294024 1.679688 0.833256 -14.218222 0.093216 1.300581 -34.212082 -0.287566 0.967168 -20.03323 0.964534 1.212843 -1e-06 1e-06 -1e-06 -3.440391 0.788234 0.501656 -15.928201 -3.167312 2.999709 -6.338832 -1e-06 -0.0 -18.123463 3.648184 -4.90568 -4e-06 0.0 -2e-06 11.034929 14.636302 14.185175 45.587505 22.850382 18.56883 172.948929 74.307716 173.575912 25.410606 -10.28909 12.806335 2.243544 -5.255038 -3.18016 14.282898 -0.826598 6.952506 -2e-06 -12.690612 3e-06 15.2825 -17.85182 2.90246 1.665666 -1.955923 -2.878299 4.727801 -4.170592 4.993929 11.020534 2e-06 -2e-06 12.109059 -3.735718 -2.866787 1e-06 -1e-06 -1e-06 1.291987 -1.92855 -1.498091 14.800136 0.567468 3.865608 14.242582 -1.341737 -6.660664 19.631975 0.143928 -0.648247 49.422054 -1.148299 -6.70343 0.353029 -1.511152 -0.031939 20.222801 3.684311 2.316629 18.787287 5e-06 -2e-06 10.751637 -0.47987 1.397907 -0.0 0.0 0.0 3.273809 0.305948 -0.580114 21.486824 11.830383 2.26613 8.16293 1e-06 -2e-06 18.399094 -3.79899 -4.94058 3e-06 -0.0 0.0 15.390453 -12.2922 2.484593 0.117729 -0.351818 5.991578 -12.20795 -13.921578 -4.853928 1.824219 -1.741404 -4.40819 -0.0 0.0 2e-06 -2.981603 0.114806 -18.81221 -0.043219 0.306771 25.12656 6.37915 -3.414219 -11.702468 -1.420566 1.244517 -0.843966 -0.0 0.0 -1e-06 
0.0 0.0 0.0 0.0 -0.0 0.0 -15.353423 98.097137 20.007128 -1.246684 -3.567027 5.402878 3.320456 0.418634 -4.117485 0.087465 0.773179 -6.698798 2.438977 -2.039534 7.535381 -16.511963 21.643038 32.724892 -6.823141 -14.109783 -1.419277 -20.653057 -11.207404 14.667082 7.7e-05 -2.3e-05 6e-06 0.266619 0.007998 -0.2197 0.951898 -3.635221 -10.462324 -0.455976 3.668865 -10.718268 -12.183894 -5.432689 10.787066 -54.334568 -23.818975 -25.35948 -179.228134 -38.216324 -179.552887 -27.282631 -10.246 10.829023 -5.882105 9.861284 0.70259 -10.93687 -0.360574 7.156207 -1e-06 8.774823 -1e-06 -16.417463 16.253805 5.356752 -1.844029 2.498504 -2.507278 -10.163601 4.678945 4.621109 -20.976023 -4e-06 3e-06 -21.226288 2.451697 -3.594 1e-06 -6e-06 -0.0 -1.36268 2.240798 -0.746323 -21.334913 0.584911 3.008324 -13.821213 -1e-06 3e-06 -23.887167 -0.249078 -0.839482 -59.532646 2.996761 -0.738798 -0.294024 1.679688 0.833256 -14.218207 0.093215 1.300581 -34.212048 -0.287562 0.967172 -20.033211 0.964538 1.212843 0.0 -0.0 -0.0 -3.440389 0.788233 0.501656 -15.928185 -3.167309 2.999708 -6.338825 -1e-06 1e-06 -18.123444 3.648183 -4.905669 -4e-06 -1e-06 -2e-06 11.868169 14.606953 13.621265 46.246189 23.550953 19.468828 173.059509 73.995293 173.843338 26.547993 -10.283006 13.420992 2.243543 -5.255036 -3.180157 14.282886 -0.826597 6.952502 -2e-06 -12.6906 3e-06 14.971002 -17.734493 3.032243 1.665666 -1.955922 -2.878299 4.727797 -4.170587 4.993923 11.020521 2e-06 -2e-06 12.109048 -3.735716 -2.866785 0.0 -1e-06 -0.0 1.291984 -1.928549 -1.498088 14.800122 0.567465 3.865607 14.242567 -1.341737 -6.660656 19.631956 0.143925 -0.648246 49.238083 -1.203297 -6.580329 0.353029 -1.51115 -0.031941 20.222784 3.684305 2.316627 18.787266 3e-06 -3e-06 10.751625 -0.479868 1.397905 -0.0 -0.0 -0.0 3.273805 0.305947 -0.58011 21.486801 11.830365 2.266128 8.162924 0.0 0.0 18.399075 -3.798985 -4.940574 3e-06 -1e-06 -2e-06 14.716183 -10.13273 3.402817 0.163556 -0.346483 7.838965 -12.006638 -12.135874 -4.275376 1.852513 -1.82865 -5.441719 0.0 0.0 2e-06 -2.890265 2.045573 -18.911629 -0.020627 0.309937 25.024799 5.916328 -1.508195 -11.626264 -1.427572 1.198331 -0.835845 0.0 0.0 -1e-06 
0.0 0.0 0.0 0.0 -0.0 0.0 -15.664379 98.191704 20.982733 -1.312405 -7.722243 5.642162 3.48085 0.342248 -4.423653 0.237668 0.223424 -6.782669 3.724824 -2.640812 7.485734 -16.369234 20.8512 32.024719 -6.772791 -13.888798 -1.430586 -21.009892 -10.994312 15.635169 7.6e-05 -2.3e-05 7e-06 0.257479 0.059164 -0.221084 0.977874 -3.564026 -10.300237 -0.495958 3.694942 -10.519506 -13.029046 -6.373365 11.179889 -53.484814 -22.447508 -26.758165 -179.017136 -38.796242 -179.699631 -27.37002 -10.049047 9.814451 -5.88211 9.861289 0.70259 -10.936877 -0.360577 7.156209 2e-06 8.77483 -2e-06 -16.463566 16.306725 5.101315 -1.844031 2.498506 -2.507279 -10.163604 4.678945 4.621111 -20.976038 -6e-06 3e-06 -21.226299 2.451696 -3.594001 0.0 -5e-06 -1e-06 -1.362681 2.2408 -0.746324 -21.334925 0.584908 3.008325 -13.82122 -4e-06 2e-06 -23.887182 -0.24908 -0.839482 -59.399849 2.893446 -0.751028 -0.294026 1.679688 0.833256 -14.218215 0.093214 1.300581 -34.212067 -0.287566 0.967172 -20.03322 0.964536 1.212844 0.0 -1e-06 -0.0 -3.44039 0.788233 0.501656 -15.928198 -3.167312 2.999709 -6.338829 -2e-06 1e-06 -18.123457 3.648182 -4.905672 -4e-06 0.0 -2e-06 12.910108 14.675491 13.30317 46.747562 23.807148 20.215706 172.671066 73.429367 173.672836 27.869511 -10.588064 13.97532 2.243543 -5.25504 -3.180158 14.282898 -0.826599 6.952508 -0.0 -12.69061 3e-06 14.702206 -17.605169 3.085633 1.665667 -1.955922 -2.878301 4.727802 -4.170592 4.993928 11.020534 1e-06 -1e-06 12.109059 -3.735718 -2.866785 0.0 -1e-06 -0.0 1.291986 -1.928551 -1.498091 14.800136 0.567465 3.865609 14.24258 -1.341738 -6.660661 19.631977 0.143924 -0.648247 48.928291 -1.205847 -6.502587 0.35303 -1.511152 -0.03194 20.222801 3.684309 2.316633 18.787285 2e-06 -1e-06 10.751634 -0.479871 1.397907 0.0 0.0 -0.0 3.273809 0.305946 -0.580112 21.486824 11.830379 2.266132 8.162933 -0.0 -0.0 18.399097 -3.79899 -4.94058 3e-06 1e-06 -1e-06 13.936292 -7.539333 3.833241 0.211393 -0.324811 10.69984 -11.871712 -9.99087 -3.166337 1.875562 -1.893324 -6.736142 0.0 -0.0 1e-06 -2.855564 3.954853 -18.967319 0.003629 0.298059 24.581079 5.540265 0.896977 -11.325818 -1.433827 1.151319 -0.859804 -0.0 0.0 -1e-06 
0.0 0.0 0.0 0.0 -0.0 0.0 -15.977555 98.38327 22.059464 -1.340335 -12.133465 5.770465 3.577779 0.304135 -4.495817 0.338878 -0.312472 -6.866934 5.131225 -3.125704 7.54666 -16.09094 20.147669 31.433025 -6.722966 -13.30606 -1.428592 -21.078283 -10.435514 16.912991 7.8e-05 -2.2e-05 6e-06 0.209684 0.069563 -0.221196 0.987835 -3.525919 -10.124746 -0.594528 3.674678 -10.303641 -13.660108 -7.223086 11.703567 -52.742821 -20.927458 -28.767042 -179.349777 -39.068039 -179.77887 -27.07033 -9.778479 8.727722 -5.882109 9.861288 0.70259 -10.936881 -0.360575 7.156212 2e-06 8.77483 -2e-06 -16.455971 16.303133 4.902853 -1.844034 2.498506 -2.50728 -10.163607 4.678947 4.621113 -20.97604 -3e-06 3e-06 -21.226303 2.451698 -3.594001 -1e-06 -5e-06 0.0 -1.362683 2.240799 -0.746324 -21.334929 0.58491 3.008327 -13.821221 -3e-06 3e-06 -23.887184 -0.249078 -0.839482 -59.290844 2.791292 -0.864402 -0.294024 1.679688 0.833256 -14.218219 0.093215 1.300582 -34.212074 -0.287563 0.967174 -20.033226 0.964538 1.212846 1e-06 -0.0 0.0 -3.440391 0.788233 0.501656 -15.928198 -3.167311 2.99971 -6.338831 -1e-06 2e-06 -18.123459 3.648184 -4.905672 -4e-06 0.0 -2e-06 13.93509 14.676557 13.107783 47.090492 23.365799 20.455391 172.243103 72.201668 173.237061 29.041759 -11.248677 14.113983 2.243543 -5.255037 -3.180162 14.282896 -0.826596 6.952507 -1e-06 -12.690607 2e-06 14.355407 -17.450209 3.134769 1.665667 -1.955922 -2.878298 4.727801 -4.170589 4.993927 11.020529 3e-06 -1e-06 12.109056 -3.735717 -2.866786 1e-06 -1e-06 -1e-06 1.291987 -1.928549 -1.498088 14.800132 0.567468 3.865611 14.242575 -1.341737 -6.660659 19.631973 0.143925 -0.648246 48.524246 -1.109996 -6.48659 0.35303 -1.511152 -0.031939 20.222799 3.684308 2.316633 18.787281 5e-06 0.0 10.751633 -0.479871 1.397906 2e-06 0.0 0.0 3.273808 0.305947 -0.580111 21.486816 11.830377 2.266136 8.162929 -0.0 1e-06 18.399088 -3.798988 -4.940576 2e-06 -0.0 -1e-06 13.049777 -4.510557 3.57509 0.241962 -0.298105 15.208463 -11.768612 -8.092639 -2.123178 1.921026 -1.884823 -8.808291 0.0 1e-06 1e-06 -2.906142 5.639693 -18.57929 0.025026 0.300843 23.563057 5.325895 3.787116 -10.730946 -1.434879 1.137949 -0.830962 0.0 0.0 -1e-06 
0.0 0.0 0.0 0.0 -0.0 0.0 -16.259987 98.583916 23.030521 -1.310168 -16.383299 5.691446 3.649666 0.233128 -4.474133 0.464244 -0.922201 -6.778156 6.383868 -3.559322 7.8334 -15.772124 19.603546 31.117264 -6.3258 -12.511651 -1.52751 -21.045071 -9.69715 18.373581 7.6e-05 -2.4e-05 5e-06 0.164007 0.096521 -0.208528 0.989008 -3.498248 -10.031017 -0.682152 3.693775 -10.159612 -13.852504 -7.991716 12.144082 -52.352806 -19.264025 -31.131107 -179.825012 -39.546059 -179.731949 -25.976631 -9.814885 8.349711 -5.882106 9.861286 0.70259 -10.936878 -0.360577 7.156211 2e-06 8.774827 -2e-06 -16.585743 16.343966 4.802955 -1.844032 2.498505 -2.507279 -10.163604 4.678944 4.62111 -20.976036 -5e-06 4e-06 -21.226295 2.451697 -3.593998 1e-06 -6e-06 0.0 -1.362684 2.240798 -0.746324 -21.334927 0.584908 3.008326 -13.821221 -3e-06 3e-06 -23.887184 -0.249079 -0.839481 -59.411827 2.749211 -1.051492 -0.294024 1.679687 0.833256 -14.218217 0.093213 1.300582 -34.212067 -0.287565 0.967175 -20.033226 0.964537 1.212846 2e-06 -0.0 0.0 -3.44039 0.788233 0.501656 -15.928198 -3.167312 2.99971 -6.33883 -2e-06 2e-06 -18.123457 3.648182 -4.905671 -4e-06 0.0 -2e-06 14.899619 14.694226 12.997713 47.132671 22.500479 20.020674 172.657013 70.522408 173.594849 29.592854 -11.315669 14.091665 2.243543 -5.255038 -3.180158 14.282898 -0.826596 6.952505 -0.0 -12.690611 1e-06 14.202555 -17.311758 3.039163 1.665668 -1.955923 -2.878302 4.727803 -4.170592 4.993927 11.020532 2e-06 -3e-06 12.109059 -3.735719 -2.866785 -1e-06 0.0 -1e-06 1.291988 -1.92855 -1.498091 14.800138 0.567466 3.865607 14.242579 -1.341738 -6.66066 19.631977 0.143925 -0.648247 48.441845 -1.105078 -6.447456 0.35303 -1.511151 -0.031939 20.222803 3.684308 2.31663 18.787285 2e-06 -2e-06 10.751634 -0.479871 1.397907 1e-06 1e-06 1e-06 3.27381 0.305948 -0.580112 21.486824 11.830377 2.266129 8.162931 0.0 -1e-06 18.399094 -3.798987 -4.94058 2e-06 -0.0 0.0 12.323442 -1.019217 2.354537 0.230243 -0.268421 21.657629 -12.136404 -6.786376 -1.187176 1.938248 -1.884038 -9.631743 -0.0 -1e-06 2e-06 -3.033392 6.986991 -17.972662 0.04787 0.337084 22.451275 5.218845 6.799622 -10.025402 -1.440449 1.112852 -0.584482 -0.0 0.0 -1e-06 
0.0 0.0 0.0 0.0 -0.0 0.0 -16.47327 98.790993 24.019438 -1.075994 -20.405302 5.455112 3.660437 0.167725 -4.320942 0.564893 -1.384364 -6.603758 7.361041 -3.967341 8.262123 -15.361948 19.110281 31.051987 -5.917552 -11.896718 -1.636446 -21.004223 -8.913395 19.660891 7.7e-05 -2.3e-05 6e-06 0.141456 0.088901 -0.190713 1.006893 -3.500603 -9.937324 -0.738976 3.675881 -10.044104 -13.923158 -8.610725 12.671032 -52.158154 -17.798166 -33.560135 179.922974 -40.142612 -179.808182 -24.995966 -9.960869 8.394252 -5.88211 9.86129 0.70259 -10.93688 -0.360575 7.156211 1e-06 8.774829 -2e-06 -16.773998 16.449286 4.745259 -1.844032 2.498506 -2.507279 -10.163607 4.678946 4.621112 -20.97604 -3e-06 5e-06 -21.226303 2.451698 -3.594 -0.0 -6e-06 -0.0 -1.362683 2.240799 -0.746324 -21.33493 0.58491 3.008327 -13.821223 -3e-06 3e-06 -23.887188 -0.249077 -0.839481 -59.536869 2.734314 -1.247916 -0.294026 1.679688 0.833256 -14.218216 0.093215 1.300583 -34.21207 -0.287563 0.967174 -20.03323 0.964538 1.212846 0.0 -0.0 0.0 -3.440392 0.788233 0.501656 -15.9282 -3.167311 2.999711 -6.33883 -1e-06 2e-06 -18.123459 3.648183 -4.905672 -4e-06 0.0 -2e-06 15.554338 14.599965 12.973369 46.867916 21.628027 18.815588 173.191833 68.455353 173.916687 29.564201 -10.78109 13.477436 2.243546 -5.255044 -3.180162 14.282908 -0.8266 6.952512 -1e-06 -12.690617 -0.0 14.134729 -17.170927 2.911196 1.665668 -1.955924 -2.878302 4.727805 -4.170593 4.993931 11.02054 1e-06 -3e-06 12.109064 -3.735723 -2.866788 -0.0 -0.0 -1e-06 1.291988 -1.928552 -1.498091 14.800146 0.567465 3.865612 14.242591 -1.341741 -6.660665 19.631992 0.143923 -0.648249 48.466976 -1.049648 -6.354661 0.35303 -1.511153 -0.031941 20.222815 3.684311 2.316631 18.787296 2e-06 -3e-06 10.751642 -0.47987 1.397905 -1e-06 1e-06 -1e-06 3.273811 0.305945 -0.580113 21.486834 11.830384 2.266133 8.162937 -1e-06 0.0 18.399105 -3.79899 -4.940583 3e-06 0.0 -2e-06 11.644297 2.747624 0.444616 0.220326 -0.22508 29.072855 -12.670343 -5.962031 0.075177 1.932308 -1.865968 -9.521208 -0.0 -1e-06 2e-06 -3.403903 7.920044 -17.258219 0.079263 0.426521 21.371544 5.237169 9.94688 -9.345632 -1.442492 1.09615 -0.415991 0.0 -0.0 -1e-06 
0.0 0.0 0.0 0.0 -0.0 0.0 -16.59416 99.010918 25.021189 -0.619354 -24.218191 5.216637 3.622246 0.13809 -4.141407 0.643223 -1.719088 -6.419142 7.983882 -4.341222 8.784284 -14.880284 18.721581 31.233179 -5.59925 -11.487348 -1.740076 -20.952755 -8.338709 20.779596 7.7e-05 -2.1e-05 6e-06 0.134368 0.064011 -0.171682 1.025987 -3.524768 -9.875928 -0.767037 3.64511 -9.975947 -13.957741 -9.016609 13.145837 -52.277161 -16.514988 -35.477699 179.978287 -40.779339 -179.974792 -24.569471 -9.966112 8.887689 -5.882111 9.86129 0.702591 -10.936877 -0.360574 7.156208 0.0 8.77483 -0.0 -16.946701 16.608316 4.761744 -1.844035 2.498505 -2.507279 -10.163605 4.678948 4.62111 -20.976038 -3e-06 -0.0 -21.226299 2.451697 -3.594003 -0.0 -5e-06 -0.0 -1.362683 2.240799 -0.746324 -21.334925 0.58491 3.008322 -13.821221 -3e-06 0.0 -23.887184 -0.24908 -0.839485 -59.646778 2.674569 -1.318107 -0.294023 1.679688 0.833257 -14.218217 0.093216 1.30058 -34.212067 -0.287565 0.967168 -20.033226 0.964536 1.212843 0.0 -0.0 0.0 -3.440389 0.788234 0.501655 -15.928198 -3.16731 2.999707 -6.33883 -1e-06 0.0 -18.123457 3.648184 -4.905674 -4e-06 0.0 -2e-06 15.81692 14.483024 12.970097 46.459179 20.980658 17.226603 173.967346 66.417831 174.263947 29.208805 -9.661101 12.457389 2.243545 -5.255039 -3.180156 14.282896 -0.826597 6.952507 -2e-06 -12.690607 -0.0 14.253921 -17.038311 2.778452 1.665667 -1.955922 -2.878302 4.727801 -4.170588 4.993927 11.02053 3e-06 -2e-06 12.109056 -3.735717 -2.866786 -1e-06 -0.0 1e-06 1.291985 -1.92855 -1.498091 14.800132 0.567468 3.865608 14.242576 -1.341738 -6.660661 19.631971 0.143925 -0.648246 48.646072 -0.999407 -6.197737 0.353028 -1.511151 -0.031939 20.222797 3.684308 2.316631 18.787279 3e-06 -1e-06 10.751633 -0.479869 1.397905 0.0 -1e-06 -1e-06 3.273809 0.305947 -0.580112 21.486818 11.830377 2.266133 8.16293 0.0 -0.0 18.399088 -3.798987 -4.940578 3e-06 0.0 0.0 10.874431 6.44918 -1.886655 0.217849 -0.195831 36.365276 -13.215264 -5.240114 1.43763 1.901738 -1.874708 -7.995904 -0.0 0.0 2e-06 -4.161213 8.603911 -16.693172 0.099697 0.536676 20.323891 5.508982 13.047319 -8.63324 -1.442751 1.07081 -0.342839 0.0 0.0 -1e-06 
0.0 0.0 0.0 0.0 -0.0 0.0 -16.630232 99.22683 26.039505 -0.009754 -27.848024 5.130136 3.555615 0.132334 -4.009126 0.70329 -1.875112 -6.263187 8.282415 -4.684379 9.28905 -14.390683 18.449669 31.644577 -5.487551 -11.211237 -1.826513 -20.850214 -8.057391 21.70904 7.7e-05 -2.2e-05 6e-06 0.127517 0.051135 -0.156155 1.027163 -3.543007 -9.86465 -0.77797 3.633536 -9.962741 -14.024979 -9.231 13.383711 -52.809856 -15.219506 -36.693619 -179.7668 -41.420174 179.812164 -24.589695 -9.904225 9.741888 -5.882111 9.861292 0.702589 -10.936881 -0.360576 7.156215 1e-06 8.77483 -3e-06 -17.00486 16.798004 4.867526 -1.844033 2.498507 -2.507281 -10.163611 4.678946 4.621113 -20.976046 -2e-06 4e-06 -21.226309 2.451699 -3.594002 0.0 -6e-06 -0.0 -1.362685 2.2408 -0.746325 -21.334936 0.58491 3.008328 -13.821229 -2e-06 3e-06 -23.887196 -0.249077 -0.839483 -59.742668 2.558689 -1.296661 -0.294023 1.679688 0.833256 -14.218224 0.093215 1.300583 -34.212082 -0.287562 0.967174 -20.033234 0.964539 1.212846 1e-06 0.0 0.0 -3.440392 0.788234 0.501656 -15.928203 -3.167312 2.999712 -6.338833 -1e-06 1e-06 -18.123463 3.648184 -4.905674 -4e-06 0.0 -1e-06 15.629626 14.373157 12.898442 46.243549 20.697824 15.890135 175.190338 64.966988 174.891953 28.669319 -8.110727 11.374357 2.243543 -5.255039 -3.180162 14.282898 -0.826597 6.952509 -1e-06 -12.690606 2e-06 14.540831 -16.944084 2.626939 1.665668 -1.955922 -2.878302 4.727801 -4.17059 4.993927 11.020536 3e-06 -3e-06 12.10906 -3.735718 -2.866787 0.0 1e-06 0.0 1.291984 -1.928551 -1.498091 14.800136 0.567468 3.86561 14.24258 -1.341738 -6.660666 19.631977 0.143925 -0.648247 48.977936 -0.905896 -6.052884 0.353029 -1.511151 -0.03194 20.222803 3.684308 2.316632 18.787287 3e-06 -0.0 10.751634 -0.47987 1.397908 0.0 -0.0 -1e-06 3.273808 0.305947 -0.580112 21.486824 11.830378 2.266132 8.162931 0.0 -0.0 18.399094 -3.798986 -4.940579 2e-06 1e-06 -1e-06 10.00849 9.758345 -4.311964 0.206415 -0.177788 42.221745 -13.803888 -4.932614 1.901896 1.860712 -1.903107 -5.633262 -0.0 0.0 4e-06 -5.050324 9.275767 -16.46034 0.100613 0.655435 19.363758 5.843927 15.920734 -7.996434 -1.442132 1.040605 -0.386741 0.0 -0.0 -1e-06 
0.0 0.0 0.0 0.0 -0.0 0.0 -16.62307 99.469276 27.108341 0.680907 -31.241169 5.247616 3.472425 0.123646 -3.956795 0.748449 -1.876781 -6.135695 8.317021 -4.976192 9.698977 -14.011003 18.332857 32.13728 -5.535901 -11.094317 -1.890268 -20.684181 -7.924705 22.422567 7.7e-05 -2.2e-05 5e-06 0.104884 0.042896 -0.15942 1.004979 -3.567271 -9.933129 -0.796385 3.639934 -10.03243 -14.207573 -9.305169 13.449379 -53.756332 -13.898846 -37.55592 -179.297485 -42.061317 179.51149 -24.838249 -10.066043 10.689441 -5.88211 9.86129 0.70259 -10.936877 -0.360575 7.15621 1e-06 8.774828 -1e-06 -16.981697 16.97838 4.988031 -1.844036 2.498506 -2.507279 -10.163608 4.678947 4.621112 -20.976034 -2e-06 2e-06 -21.226299 2.451699 -3.594001 1e-06 -6e-06 -0.0 -1.362682 2.240799 -0.746324 -21.334925 0.584911 3.008326 -13.821221 -2e-06 3e-06 -23.887184 -0.249077 -0.839484 -59.794167 2.495066 -1.312706 -0.294024 1.679688 0.833256 -14.218217 0.093215 1.300582 -34.212067 -0.287561 0.967171 -20.033226 0.964538 1.212844 -0.0 -0.0 -0.0 -3.44039 0.788234 0.501656 -15.928194 -3.16731 2.999709 -6.33883 -1e-06 1e-06 -18.123459 3.648185 -4.905673 -5e-06 0.0 -2e-06 15.057005 14.236185 12.81913 46.50322 20.819941 15.182578 176.43251 64.327698 175.628586 28.23484 -6.544974 10.4887 2.243542 -5.25504 -3.18016 14.282896 -0.826596 6.952505 -2e-06 -12.69061 -0.0 14.893575 -16.8985 2.464808 1.665668 -1.955923 -2.8783 4.727801 -4.170589 4.993926 11.020532 4e-06 -1e-06 12.109058 -3.735716 -2.866785 1e-06 1e-06 -0.0 1.291984 -1.92855 -1.498091 14.800132 0.567469 3.865608 14.242577 -1.341737 -6.660662 19.631973 0.143927 -0.648245 49.298149 -0.762512 -5.997547 0.353029 -1.511152 -0.03194 20.222801 3.68431 2.31663 18.787287 4e-06 -1e-06 10.751634 -0.479869 1.397904 1e-06 0.0 -1e-06 3.273809 0.305948 -0.580108 21.48682 11.830382 2.266135 8.16293 1e-06 0.0 18.399088 -3.798985 -4.940578 3e-06 1e-06 -1e-06 9.075684 12.308116 -6.446728 0.185257 -0.142541 45.133633 -14.486195 -5.228657 0.610413 1.82702 -1.904282 -4.13879 0.0 -0.0 3e-06 -6.183959 9.984662 -16.459776 0.089737 0.760441 18.191067 6.452996 18.439304 -7.217592 -1.439065 1.018656 -0.42513 0.0 0.0 -1e-06 
0.0 0.0 0.0 0.0 -0.0 0.0 -16.623774 99.707222 28.220522 1.503694 -34.347084 5.474143 3.291863 0.140035 -3.932943 0.766293 -1.842075 -6.087293 8.087572 -5.159697 10.041927 -13.742593 18.36191 32.637978 -5.601072 -10.988378 -1.944934 -20.386232 -7.901119 23.057449 7.6e-05 -2.1e-05 6e-06 0.0831 0.030524 -0.172686 0.992067 -3.592718 -10.056615 -0.823074 3.636797 -10.142625 -14.40324 -9.338963 13.591125 -55.045261 -12.620988 -38.00201 -178.700653 -42.835247 179.11113 -25.49847 -10.213743 11.802837 -5.882113 9.861291 0.702589 -10.93688 -0.360575 7.156212 1e-06 8.774829 -2e-06 -16.93664 17.148354 5.093016 -1.844034 2.498507 -2.50728 -10.163609 4.678947 4.621112 -20.976044 -3e-06 2e-06 -21.226307 2.451698 -3.594002 1e-06 -6e-06 0.0 -1.362682 2.240799 -0.746324 -21.334932 0.58491 3.008327 -13.821225 -3e-06 2e-06 -23.887192 -0.249079 -0.839483 -59.826645 2.485114 -1.40176 -0.294027 1.679688 0.833256 -14.218223 0.093215 1.300582 -34.212082 -0.287564 0.967172 -20.033232 0.964537 1.212845 1e-06 -0.0 -0.0 -3.440392 0.788233 0.501656 -15.928201 -3.167311 2.999711 -6.338833 -1e-06 2e-06 -18.123463 3.648183 -4.905674 -4e-06 0.0 -2e-06 14.284109 14.018571 12.841084 47.331779 21.262865 15.348437 177.37384 64.410172 176.240311 27.764841 -5.518657 10.284049 2.243545 -5.255041 -3.180159 14.282902 -0.826599 6.95251 1e-06 -12.690612 2e-06 15.192566 -16.82686 2.347317 1.665666 -1.955922 -2.8783 4.727803 -4.17059 4.993927 11.020535 1e-06 -1e-06 12.109058 -3.73572 -2.866786 1e-06 0.0 -1e-06 1.291987 -1.92855 -1.498091 14.800138 0.567464 3.86561 14.242581 -1.34174 -6.660663 19.631979 0.143924 -0.648247 49.426731 -0.642199 -5.996915 0.35303 -1.511152 -0.03194 20.222803 3.684308 2.316632 18.787287 2e-06 -0.0 10.751636 -0.47987 1.397907 1e-06 -0.0 -2e-06 3.273809 0.305948 -0.58011 21.486828 11.830379 2.266136 8.162935 -0.0 -0.0 18.399099 -3.798991 -4.940581 3e-06 1e-06 -2e-06 8.102201 13.839362 -8.153545 0.157617 -0.10633 44.600571 -15.13782 -5.568712 -1.62826 1.793616 -1.856748 -3.549574 0.0 -1e-06 1e-06 -7.51748 10.705102 -16.695456 0.095616 0.841877 17.026058 7.253382 20.696297 -6.432942 -1.437977 1.033487 -0.420767 0.0 -0.0 -1e-06 
0.0 0.0 0.0 0.0 -0.0 0.0 -16.650803 99.821671 29.341688 2.195814 -37.039688 5.878295 3.110288 0.142845 -4.003865 0.756127 -1.805867 -6.092377 7.703596 -5.250883 10.324866 -13.403697 18.405802 33.208485 -5.677165 -10.87091 -1.974149 -19.982924 -7.914229 23.655819 7.7e-05 -2.3e-05 5e-06 0.082735 0.018349 -0.181186 1.003404 -3.603798 -10.156533 -0.833763 3.621557 -10.237941 -14.453852 -9.339936 13.868513 -56.695278 -11.4343 -37.755131 -177.8647 -44.169579 178.526398 -27.130398 -9.911003 13.49542 -5.882109 9.861288 0.702588 -10.936875 -0.360577 7.156208 0.0 8.77483 -2e-06 -16.921541 17.288309 5.190961 -1.844034 2.498506 -2.507279 -10.163604 4.678945 4.621109 -20.976034 -4e-06 -0.0 -21.226295 2.451695 -3.594004 -0.0 -6e-06 1e-06 -1.362682 2.240799 -0.746324 -21.334923 0.584908 3.008323 -13.82122 -3e-06 1e-06 -23.887182 -0.249081 -0.839485 -59.922215 2.519543 -1.469577 -0.294025 1.679688 0.833257 -14.218213 0.093214 1.30058 -34.212063 -0.287566 0.967169 -20.033222 0.964536 1.212844 0.0 0.0 0.0 -3.440389 0.788233 0.501655 -15.928192 -3.167311 2.999708 -6.338829 -2e-06 1e-06 -18.123453 3.648182 -4.905675 -3e-06 0.0 -2e-06 13.581273 13.634951 12.963424 48.447456 21.813206 16.564053 178.250046 65.001793 176.92012 27.4328 -5.215886 10.956597 2.243541 -5.255037 -3.180158 14.282887 -0.826594 6.952501 -1e-06 -12.690601 -0.0 15.271693 -16.76388 2.342608 1.665667 -1.955922 -2.878299 4.727797 -4.170585 4.993923 11.020522 2e-06 -2e-06 12.109044 -3.735715 -2.866783 2e-06 0.0 -1e-06 1.291985 -1.92855 -1.498088 14.800122 0.567469 3.865607 14.242566 -1.341738 -6.660658 19.631962 0.143924 -0.648247 49.247143 -0.552465 -6.003317 0.353029 -1.51115 -0.031941 20.222784 3.684307 2.316629 18.787266 5e-06 0.0 10.751624 -0.479869 1.397904 1e-06 1e-06 -1e-06 3.273804 0.305948 -0.58011 21.486803 11.830368 2.266135 8.162924 0.0 -2e-06 18.399076 -3.798983 -4.940574 3e-06 1e-06 -2e-06 7.611581 14.105943 -9.294382 0.129049 -0.174058 40.942028 -15.740606 -5.979216 -4.243719 1.781372 -1.797206 -3.33884 0.0 -0.0 3e-06 -8.771307 11.471737 -17.364698 0.108248 0.916774 16.50559 8.004531 22.717422 -6.027633 -1.446462 1.058477 -0.419491 0.0 0.0 -1e-06 
0.0 0.0 0.0 0.0 -0.0 0.0 -16.685263 99.785469 30.440075 2.468088 -39.470043 6.576313 3.01378 0.124111 -4.174385 0.734435 -1.745381 -6.167257 7.28415 -5.305811 10.591743 -12.95761 18.342119 33.894459 -5.757464 -10.695816 -2.006348 -19.474031 -7.923573 23.997187 7.7e-05 -2.3e-05 6e-06 0.085277 0.015014 -0.18432 1.017595 -3.604564 -10.231758 -0.841152 3.614426 -10.304974 -14.302681 -9.250231 14.265316 -58.851944 -10.339122 -37.023445 -176.636734 -46.280518 177.529343 -29.963423 -8.805162 15.959992 -5.88211 9.861287 0.70259 -10.936877 -0.360575 7.156209 1e-06 8.774827 -1e-06 -16.86639 17.376066 5.264999 -1.844032 2.498505 -2.507279 -10.163603 4.678946 4.62111 -20.976032 -3e-06 1e-06 -21.226292 2.451696 -3.594002 1e-06 -6e-06 0.0 -1.362682 2.240799 -0.746325 -21.334921 0.58491 3.008322 -13.821219 -3e-06 0.0 -23.887182 -0.24908 -0.839485 -59.908886 2.606368 -1.465943 -0.294025 1.679688 0.833256 -14.218217 0.093215 1.300581 -34.212067 -0.287565 0.967169 -20.033222 0.964535 1.212843 1e-06 -0.0 -0.0 -3.44039 0.788234 0.501655 -15.928192 -3.16731 2.999707 -6.338829 -1e-06 0.0 -18.123457 3.648182 -4.905674 -4e-06 -0.0 -1e-06 13.044602 13.161229 13.172619 49.616356 22.328606 18.593348 179.08046 65.825722 177.633286 27.747194 -5.154404 12.147772 2.243543 -5.255039 -3.180161 14.282894 -0.826597 6.952505 -1e-06 -12.690609 2e-06 15.186464 -16.707653 2.426126 1.665667 -1.955922 -2.8783 4.7278 -4.170589 4.993923 11.020534 2e-06 -3e-06 12.109059 -3.735716 -2.866786 1e-06 0.0 0.0 1.291985 -1.92855 -1.498089 14.800132 0.567466 3.865607 14.242579 -1.341737 -6.660661 19.631973 0.143924 -0.648248 48.99118 -0.479134 -5.993969 0.353029 -1.511152 -0.03194 20.222801 3.684309 2.316629 18.787283 2e-06 -1e-06 10.751634 -0.47987 1.397904 0.0 -0.0 -1e-06 3.273808 0.305946 -0.58011 21.48682 11.830376 2.26613 8.16293 1e-06 -3e-06 18.399092 -3.798988 -4.940579 3e-06 0.0 -1e-06 7.985178 12.785598 -9.797874 0.101591 -0.393655 35.143387 -16.01594 -6.368114 -6.955609 1.797795 -1.794435 -3.327154 0.0 0.0 2e-06 -9.721664 12.462256 -18.427902 0.112279 0.965359 16.631277 8.534538 24.46665 -6.040225 -1.462756 1.06111 -0.437574 -0.0 0.0 -1e-06 
0.0 0.0 0.0 0.0 -0.0 0.0 -16.698067 99.628181 31.560114 2.230415 -41.763115 7.597274 3.025915 0.106291 -4.432289 0.675196 -1.686185 -6.312954 6.849684 -5.321996 10.903847 -12.462711 18.109053 34.606884 -5.84976 -10.346053 -2.038393 -18.982767 -7.780155 24.16144 7.8e-05 -2.4e-05 6e-06 0.085785 0.018688 -0.178967 1.028142 -3.592726 -10.251799 -0.850859 3.610875 -10.337955 -14.133472 -9.055763 14.72599 -61.243958 -9.328883 -36.127327 -175.348557 -48.616753 176.402084 -33.30991 -6.928542 18.564743 -5.882114 9.861294 0.702589 -10.936884 -0.360574 7.156213 -1e-06 8.774831 -2e-06 -16.772463 17.411285 5.354328 -1.844035 2.498507 -2.50728 -10.163612 4.678949 4.621113 -20.976049 1e-06 2e-06 -21.226313 2.451702 -3.594005 1e-06 -6e-06 0.0 -1.362684 2.2408 -0.746323 -21.334938 0.584914 3.008327 -13.821229 -0.0 1e-06 -23.887201 -0.249076 -0.839487 -59.903561 2.673339 -1.418102 -0.294026 1.679688 0.833256 -14.218225 0.093218 1.300582 -34.212086 -0.287558 0.967168 -20.033241 0.96454 1.212842 1e-06 0.0 0.0 -3.440393 0.788234 0.501656 -15.928205 -3.167309 2.999713 -6.338834 -0.0 1e-06 -18.12347 3.648188 -4.905676 -4e-06 0.0 -1e-06 12.673175 12.649155 13.464926 50.708542 22.824532 20.64905 179.693008 66.566422 178.202209 28.429945 -5.063866 13.487379 2.243543 -5.25504 -3.180161 14.282898 -0.826596 6.952509 -3e-06 -12.690609 3e-06 15.017883 -16.700274 2.567402 1.665666 -1.955922 -2.8783 4.727803 -4.170589 4.993929 11.020535 4e-06 -1e-06 12.109057 -3.735718 -2.866785 0.0 2e-06 1e-06 1.291985 -1.928551 -1.498091 14.800136 0.567467 3.865611 14.242579 -1.341736 -6.660661 19.631975 0.143926 -0.648245 48.942692 -0.475233 -5.957372 0.35303 -1.511151 -0.031939 20.222801 3.684309 2.316633 18.787281 2e-06 -0.0 10.751633 -0.47987 1.397907 0.0 1e-06 0.0 3.273807 0.305947 -0.580111 21.486824 11.830379 2.266134 8.16293 1e-06 -1e-06 18.399092 -3.798988 -4.940577 3e-06 0.0 -1e-06 9.339051 9.9336 -9.893843 0.086953 -0.759148 28.658756 -16.277193 -6.75224 -8.905149 1.818141 -1.895128 -3.361292 0.0 -1e-06 2e-06 -10.366205 13.710241 -19.674791 0.098416 0.951111 17.090273 8.906816 25.927069 -6.324216 -1.478468 1.024899 -0.519058 -0.0 -0.0 -1e-06 
0.0 0.0 0.0 0.0 -0.0 0.0 -16.658283 99.480499 32.704708 1.85178 -43.88493 8.564453 2.987679 0.086575 -4.618246 0.573283 -1.596726 -6.421786 6.316485 -5.295514 11.237053 -11.963276 17.802654 35.221786 -5.877698 -9.996149 -2.060554 -18.633287 -7.57882 24.095348 7.8e-05 -2.3e-05 6e-06 0.084188 0.016172 -0.165037 1.025838 -3.5893 -10.230684 -0.852253 3.603896 -10.338418 -14.268413 -8.80855 15.158231 -63.024506 -8.450155 -35.253082 -174.743286 -50.335945 175.839645 -36.276196 -5.024724 20.406639 -5.882108 9.861286 0.702592 -10.936873 -0.360574 7.156209 -0.0 8.774824 -1e-06 -16.58894 17.431053 5.440453 -1.844032 2.498504 -2.507277 -10.163603 4.678945 4.621109 -20.976027 -1e-06 6e-06 -21.226288 2.451699 -3.594 -1e-06 -6e-06 -0.0 -1.362681 2.240798 -0.746324 -21.334917 0.584911 3.008325 -13.821216 -1e-06 3e-06 -23.887175 -0.249076 -0.839482 -59.933334 2.671084 -1.409266 -0.294026 1.679687 0.833256 -14.218213 0.093217 1.300582 -34.212059 -0.287559 0.967171 -20.033224 0.964539 1.212843 -0.0 1e-06 0.0 -3.440389 0.788234 0.501657 -15.928189 -3.167308 2.999708 -6.338827 -0.0 2e-06 -18.123451 3.648185 -4.905671 -4e-06 -0.0 -2e-06 12.421267 12.124298 13.782157 51.581509 23.308088 21.957352 179.791138 66.789131 178.337418 28.624311 -4.698658 14.546771 2.243543 -5.255037 -3.180159 14.282896 -0.826596 6.952506 -3e-06 -12.690605 4e-06 14.896757 -16.608723 2.614121 1.665666 -1.955922 -2.878299 4.7278 -4.17059 4.993928 11.020529 3e-06 -0.0 12.109058 -3.735718 -2.866784 0.0 1e-06 1e-06 1.291987 -1.92855 -1.498091 14.800134 0.567467 3.86561 14.242578 -1.341736 -6.660661 19.631973 0.143926 -0.648247 49.050049 -0.502633 -5.932076 0.353029 -1.511151 -0.03194 20.222801 3.684308 2.316629 18.787283 3e-06 -1e-06 10.751633 -0.47987 1.397905 1e-06 0.0 1e-06 3.273808 0.305948 -0.58011 21.48682 11.830376 2.266131 8.162933 0.0 -2e-06 18.399092 -3.798988 -4.940578 3e-06 0.0 -2e-06 11.167641 6.699883 -10.339293 0.086329 -1.132585 24.212626 -16.420397 -7.075166 -9.785389 1.807142 -2.016815 -3.272228 -0.0 1e-06 2e-06 -10.970796 14.929282 -20.582211 0.087429 0.941644 17.202986 9.334886 27.101622 -6.496824 -1.485486 0.997655 -0.550048 -0.0 -0.0 -1e-06 
0.0 0.0 0.0 0.0 -0.0 0.0 -16.517391 99.314255 33.869473 1.497353 -45.799026 9.305294 2.872556 0.07292 -4.665917 0.434491 -1.472898 -6.466097 5.603747 -5.170009 11.514359 -11.467998 17.48278 35.797356 -5.845619 -9.665362 -2.077685 -18.340519 -7.362947 23.768761 7.8e-05 -2.2e-05 6e-06 0.084833 0.018004 -0.147523 1.017042 -3.587764 -10.199971 -0.843433 3.606421 -10.323247 -14.554498 -8.518221 15.512715 -64.140854 -7.637219 -34.188213 -175.09848 -51.216576 176.044846 -38.95332 -3.428982 21.244978 -5.882114 9.861295 0.70259 -10.936883 -0.360575 7.156212 -0.0 8.774833 -2e-06 -16.424351 17.479071 5.46387 -1.844035 2.498507 -2.507281 -10.163612 4.678949 4.621114 -20.976053 -3e-06 -1e-06 -21.226315 2.451698 -3.594005 -1e-06 -6e-06 0.0 -1.362683 2.2408 -0.746324 -21.334938 0.584911 3.008323 -13.821229 -2e-06 0.0 -23.887197 -0.24908 -0.839487 -59.935684 2.627384 -1.484773 -0.294025 1.679689 0.833257 -14.218225 0.093216 1.300579 -34.212086 -0.287565 0.967165 -20.033236 0.964536 1.212842 -0.0 -0.0 -1e-06 -3.440392 0.788234 0.501655 -15.928203 -3.167311 2.999708 -6.338833 -0.0 0.0 -18.12347 3.648185 -4.905678 -6e-06 -0.0 -3e-06 12.133426 11.620811 14.070287 52.361298 23.741806 22.663418 179.602386 66.559753 178.165222 28.358299 -4.223071 15.716847 2.243543 -5.255039 -3.180161 14.282896 -0.826597 6.952507 0.0 -12.690609 3e-06 14.808506 -16.544739 2.591971 1.665667 -1.955921 -2.878301 4.7278 -4.170589 4.993927 11.020529 2e-06 -2e-06 12.109058 -3.735717 -2.866787 -2e-06 1e-06 0.0 1.291985 -1.928551 -1.498089 14.800131 0.567466 3.865609 14.242578 -1.341738 -6.660665 19.631969 0.143925 -0.648248 49.109135 -0.524861 -5.921651 0.353029 -1.511151 -0.03194 20.222797 3.684308 2.316631 18.787283 0.0 -2e-06 10.751631 -0.47987 1.397905 1e-06 0.0 1e-06 3.273807 0.305946 -0.580112 21.486816 11.830374 2.266132 8.16293 -1e-06 -0.0 18.399088 -3.79899 -4.940577 3e-06 1e-06 -1e-06 12.96329 3.842718 -11.355953 0.071577 -1.421735 22.368347 -16.083223 -7.005987 -10.413409 1.771856 -2.071963 -3.113037 -0.0 -0.0 2e-06 -11.639634 15.98057 -21.238911 0.092433 0.956764 17.281658 9.875033 28.260054 -6.649233 -1.485267 0.982005 -0.525643 -0.0 -0.0 -1e-06 
0.0 0.0 0.0 0.0 -0.0 0.0 -16.256832 99.120399 35.146996 1.216644 -47.569427 9.750696 2.716561 0.066702 -4.62114 0.303261 -1.272488 -6.410703 4.749707 -4.949347 11.705088 -11.071559 17.306273 36.466995 -5.794326 -9.35326 -2.105502 -17.964458 -7.199646 23.258133 7.8e-05 -2.2e-05 6e-06 0.070107 0.022278 -0.136208 0.99238 -3.592092 -10.201977 -0.848081 3.618043 -10.320611 -14.895193 -8.17042 15.738361 -64.776031 -6.866929 -33.173119 -175.992264 -51.375095 176.655807 -41.557941 -2.082097 21.517885 -5.882114 9.861293 0.70259 -10.936882 -0.360573 7.156214 0.0 8.774833 -1e-06 -16.279366 17.572323 5.452874 -1.844035 2.498507 -2.507279 -10.163611 4.67895 4.621113 -20.976044 -0.0 1e-06 -21.226311 2.4517 -3.594005 -0.0 -7e-06 -1e-06 -1.362683 2.2408 -0.746325 -21.334936 0.584914 3.008328 -13.821229 -1e-06 1e-06 -23.887196 -0.249075 -0.839485 -59.947334 2.564403 -1.602857 -0.294025 1.679688 0.833256 -14.218224 0.093217 1.300583 -34.212086 -0.287559 0.967169 -20.033234 0.96454 1.212843 -1e-06 -0.0 -0.0 -3.440392 0.788234 0.501656 -15.928201 -3.167308 2.999708 -6.338833 -0.0 0.0 -18.123466 3.648187 -4.905678 -5e-06 0.0 -3e-06 11.690458 11.179054 14.291541 53.006016 24.052357 23.140533 179.316666 66.00975 177.953308 28.007349 -3.58362 16.884808 2.243545 -5.25504 -3.180161 14.2829 -0.826598 6.95251 -1e-06 -12.690612 2e-06 14.725984 -16.589685 2.579435 1.665669 -1.955922 -2.878301 4.727803 -4.170592 4.993927 11.020536 3e-06 -3e-06 12.10906 -3.735718 -2.866789 -1e-06 1e-06 -0.0 1.291987 -1.92855 -1.498092 14.800139 0.567467 3.86561 14.24258 -1.341738 -6.660666 19.631979 0.143926 -0.648247 49.163471 -0.602961 -5.905425 0.353029 -1.511152 -0.03194 20.222805 3.68431 2.316632 18.787289 3e-06 -2e-06 10.751637 -0.479869 1.397906 2e-06 0.0 -0.0 3.273808 0.305947 -0.580112 21.48683 11.830383 2.266134 8.162935 1e-06 -1e-06 18.399097 -3.798987 -4.94058 3e-06 1e-06 -2e-06 14.35534 1.591518 -12.851664 0.033436 -1.588959 22.665524 -15.820482 -6.773389 -11.227119 1.729152 -2.077373 -2.939246 0.0 1e-06 2e-06 -12.412357 16.880941 -21.583725 0.095893 1.001444 17.318138 10.491549 29.412052 -6.853206 -1.480666 0.958902 -0.434684 -0.0 -0.0 -1e-06 
0.0 0.0 0.0 0.0 -0.0 0.0 -15.86339 98.893173 36.544407 0.960643 -49.254047 9.928664 2.588783 0.090842 -4.517022 0.215311 -0.993535 -6.290351 3.816047 -4.621798 11.828988 -10.781185 17.409857 37.381538 -5.73669 -9.068242 -2.127231 -17.457029 -7.054589 22.615555 7.8e-05 -2.1e-05 6e-06 0.02871 0.025717 -0.132994 0.941931 -3.601712 -10.239279 -0.880669 3.633458 -10.355621 -15.299649 -7.704472 15.85518 -65.137245 -6.174241 -32.692627 -176.532242 -51.007687 177.100082 -43.878029 -1.019114 21.77562 -5.882107 9.86129 0.702592 -10.936877 -0.360575 7.15621 1e-06 8.774829 -0.0 -16.117071 17.664074 5.475507 -1.844032 2.498505 -2.50728 -10.163602 4.678946 4.621114 -20.976027 -4e-06 6e-06 -21.22629 2.4517 -3.593997 -0.0 -7e-06 0.0 -1.362682 2.240799 -0.746323 -21.334923 0.584909 3.008329 -13.821218 -2e-06 4e-06 -23.887178 -0.249077 -0.839478 -59.953995 2.517755 -1.650559 -0.294025 1.679688 0.833255 -14.218214 0.093214 1.300582 -34.212059 -0.287562 0.967177 -20.033226 0.964541 1.212847 -1e-06 1e-06 -0.0 -3.44039 0.788233 0.501655 -15.928192 -3.167311 2.999711 -6.338828 -1e-06 1e-06 -18.123455 3.648185 -4.905667 -6e-06 1e-06 -1e-06 11.090262 10.908481 14.524599 53.416145 24.284634 23.604582 179.059265 65.398285 177.830368 27.754963 -2.696068 18.170752 2.243541 -5.255036 -3.180158 14.282892 -0.826596 6.952506 -3e-06 -12.690604 3e-06 14.733127 -16.739132 2.551457 1.665666 -1.955921 -2.878298 4.727798 -4.170587 4.993924 11.020526 5e-06 -2e-06 12.10905 -3.735715 -2.866784 -1e-06 1e-06 -0.0 1.291985 -1.928549 -1.498089 14.800129 0.567469 3.865608 14.24257 -1.341737 -6.660657 19.631968 0.143926 -0.648245 49.19466 -0.679177 -5.953011 0.353029 -1.51115 -0.03194 20.222794 3.684309 2.316631 18.787273 3e-06 -0.0 10.751629 -0.47987 1.397907 1e-06 0.0 -0.0 3.273806 0.305947 -0.580111 21.486813 11.830376 2.266132 8.162928 0.0 -1e-06 18.399082 -3.798986 -4.940575 4e-06 1e-06 -2e-06 15.175881 -0.158517 -14.466637 -0.014683 -1.649613 23.810686 -15.819845 -6.811895 -12.219442 1.691831 -2.051326 -2.71392 -0.0 -0.0 2e-06 -13.264632 17.795176 -21.613016 0.072079 1.057398 17.252119 11.126485 30.392912 -7.142059 -1.477755 0.938353 -0.272368 0.0 -0.0 -1e-06 
0.0 0.0 0.0 0.0 -0.0 0.0 -15.324764 98.660545 38.138466 0.81539 -51.017639 9.88816 2.450927 0.166487 -4.397077 0.164812 -0.634616 -6.189673 2.876129 -4.084954 11.94874 -10.582911 17.768976 38.585896 -5.64227 -8.888388 -2.15939 -16.749146 -6.926053 21.892467 7.8e-05 -2.1e-05 6e-06 -0.00451 0.005674 -0.138808 0.914963 -3.6324 -10.303949 -0.919471 3.623243 -10.40773 -15.614711 -7.07832 15.852714 -65.571266 -5.603446 -32.586201 -176.596695 -50.348358 177.26651 -45.324554 -0.048762 21.974777 -5.882112 9.861292 0.702593 -10.93688 -0.360575 7.156216 1e-06 8.774833 -0.0 -15.885607 17.726334 5.60399 -1.844034 2.498506 -2.507279 -10.163609 4.678948 4.621115 -20.976044 -3e-06 4e-06 -21.226305 2.4517 -3.594001 -1e-06 -7e-06 0.0 -1.362683 2.2408 -0.746323 -21.334934 0.584911 3.008328 -13.821225 -4e-06 3e-06 -23.887188 -0.249077 -0.83948 -59.980618 2.479965 -1.652931 -0.294025 1.679688 0.833257 -14.218222 0.093215 1.300584 -34.212074 -0.287561 0.967176 -20.03323 0.964539 1.212846 -2e-06 -1e-06 -1e-06 -3.440392 0.788234 0.501657 -15.928201 -3.167311 2.999712 -6.338832 -1e-06 1e-06 -18.123459 3.648185 -4.905671 -5e-06 1e-06 -1e-06 10.276509 10.905568 14.792621 53.556782 24.50259 24.087101 178.89093 64.899078 177.923416 27.447702 -1.320887 19.07719 2.243545 -5.25504 -3.18016 14.2829 -0.826597 6.952505 0.0 -12.69061 -1e-06 14.823391 -16.943232 2.571704 1.665668 -1.955922 -2.878299 4.727801 -4.17059 4.993926 11.020535 3e-06 -3e-06 12.10906 -3.735717 -2.866788 -1e-06 1e-06 -1e-06 1.291986 -1.928551 -1.498089 14.800139 0.567467 3.865606 14.242584 -1.341739 -6.660663 19.631983 0.143923 -0.648249 49.189262 -0.701192 -6.024997 0.353029 -1.511151 -0.03194 20.222805 3.68431 2.316629 18.787289 5e-06 -4e-06 10.751636 -0.479867 1.397905 1e-06 -0.0 -0.0 3.27381 0.305946 -0.58011 21.486828 11.830377 2.266132 8.162933 -0.0 -1e-06 18.399096 -3.798985 -4.94058 3e-06 1e-06 -2e-06 15.165093 -1.617837 -15.802676 -0.041943 -1.556504 24.104078 -15.328046 -6.234512 -13.520081 1.684842 -2.019581 -2.337114 0.0 -0.0 2e-06 -14.34449 18.696802 -21.350433 0.0422 1.133989 16.797445 11.968557 31.405535 -7.28208 -1.474308 0.925475 -0.17155 0.0 0.0 -1e-06 
0.0 0.0 0.0 0.0 -0.0 0.0 -14.670314 98.408981 39.988182 0.874472 -52.869419 9.607478 2.227364 0.239462 -4.344739 0.123546 -0.087236 -6.149575 1.998799 -3.37573 12.128384 -10.549442 18.353743 39.937126 -5.514543 -8.848415 -2.197207 -16.056509 -6.736046 21.356739 7.7e-05 -2.2e-05 6e-06 0.009458 -0.033793 -0.146499 0.959013 -3.673257 -10.354666 -0.935071 3.583545 -10.458048 -15.678288 -6.265171 15.643852 -66.31958 -5.311387 -32.333954 -176.362503 -49.660294 177.207016 -45.429661 1.159108 22.06448 -5.88211 9.86129 0.70259 -10.936877 -0.360574 7.15621 0.0 8.77483 -0.0 -15.698121 17.703588 5.746302 -1.844033 2.498505 -2.507278 -10.163604 4.678947 4.62111 -20.976038 -2e-06 2e-06 -21.226299 2.451699 -3.594002 -1e-06 -6e-06 -0.0 -1.362682 2.240799 -0.746326 -21.334925 0.584912 3.008324 -13.82122 -1e-06 2e-06 -23.887182 -0.249077 -0.839485 -59.872143 2.406886 -1.523826 -0.294025 1.679688 0.833256 -14.218215 0.093217 1.300581 -34.212067 -0.287562 0.967168 -20.033222 0.96454 1.212843 0.0 0.0 -0.0 -3.44039 0.788234 0.501655 -15.928192 -3.167309 2.999708 -6.338829 0.0 1e-06 -18.123453 3.648184 -4.905672 -5e-06 1e-06 -1e-06 9.610895 11.218848 15.179292 53.069466 24.857155 24.607605 178.903564 64.814705 178.239929 27.183071 0.569051 19.46612 2.243541 -5.255037 -3.180158 14.282896 -0.826597 6.952506 -1e-06 -12.690605 2e-06 14.915813 -17.156401 2.687503 1.665667 -1.955921 -2.878298 4.7278 -4.170588 4.993926 11.020528 3e-06 -1e-06 12.109056 -3.735719 -2.866783 -1e-06 -0.0 1e-06 1.291986 -1.928549 -1.49809 14.800132 0.567466 3.865611 14.242571 -1.34174 -6.660657 19.631969 0.143923 -0.648245 49.133236 -0.677363 -6.070392 0.35303 -1.511151 -0.031939 20.222792 3.684308 2.31663 18.787279 2e-06 -2e-06 10.751629 -0.479871 1.397907 1e-06 1e-06 0.0 3.273808 0.305948 -0.58011 21.486816 11.830372 2.266134 8.16293 0.0 0.0 18.399092 -3.798989 -4.940577 3e-06 1e-06 -1e-06 14.341062 -3.531162 -16.5163 -0.02728 -1.387658 22.098995 -14.968676 -4.92106 -13.842689 1.696642 -2.029055 -2.016961 0.0 -1e-06 2e-06 -15.7051 19.299278 -20.820419 0.022647 1.162122 15.931676 13.262081 32.692894 -7.087677 -1.46829 0.910931 -0.203457 0.0 0.0 -1e-06 
0.0 0.0 0.0 0.0 -0.0 0.0 -13.97135 97.984856 42.114407 0.558305 -54.926811 9.343131 1.916452 0.313961 -4.364325 0.155259 0.537057 -6.17316 1.510233 -2.563044 12.484056 -10.783594 18.995361 41.248466 -5.325667 -8.692361 -2.256899 -15.224089 -6.465017 20.851154 7.6e-05 -2.2e-05 6e-06 0.02888 -0.086164 -0.15038 1.022239 -3.739875 -10.458299 -0.959159 3.545661 -10.553138 -15.459442 -5.241869 15.217518 -67.474861 -5.528538 -31.983065 -175.675232 -48.927368 176.836609 -44.981102 2.804882 21.311768 -5.882104 9.861284 0.702591 -10.936872 -0.360577 7.156209 2e-06 8.774826 1e-06 -15.440891 17.479139 5.816051 -1.844032 2.498504 -2.507278 -10.163599 4.678943 4.621113 -20.976023 -6e-06 5e-06 -21.226286 2.451696 -3.593995 -2e-06 -7e-06 -0.0 -1.362681 2.240798 -0.746324 -21.334915 0.584905 3.008328 -13.821215 -5e-06 4e-06 -23.887169 -0.249079 -0.839474 -59.344059 2.418814 -1.491997 -0.294024 1.679687 0.833258 -14.218208 0.093211 1.300581 -34.212048 -0.287569 0.967178 -20.033213 0.964536 1.212849 -1e-06 0.0 0.0 -3.440388 0.788233 0.501657 -15.928185 -3.167312 2.999709 -6.338827 -1e-06 2e-06 -18.123444 3.648181 -4.905667 -6e-06 1e-06 -1e-06 9.640502 11.895623 15.74798 51.439793 25.415926 25.054945 179.253571 65.292564 178.843369 27.536114 2.569834 18.581718 2.243542 -5.255036 -3.180157 14.28289 -0.826596 6.952501 -2e-06 -12.6906 -1e-06 14.823627 -17.402178 2.960661 1.665668 -1.955921 -2.878299 4.7278 -4.170586 4.993924 11.020528 4e-06 -2e-06 12.109056 -3.735716 -2.866786 -1e-06 1e-06 0.0 1.291985 -1.92855 -1.49809 14.800127 0.567466 3.865606 14.242574 -1.341737 -6.660659 19.631969 0.143927 -0.648246 49.289642 -0.650866 -6.055613 0.35303 -1.511149 -0.031939 20.222788 3.684308 2.316629 18.787271 5e-06 -2e-06 10.751628 -0.479868 1.397905 0.0 -0.0 0.0 3.273808 0.305948 -0.580111 21.486813 11.830369 2.266131 8.16293 1e-06 -1e-06 18.399086 -3.798985 -4.940576 2e-06 1e-06 -0.0 13.304252 -6.39538 -16.666258 0.015605 -1.217751 18.826519 -15.524228 -2.795841 -12.71875 1.695492 -2.031126 -1.60115 -0.0 0.0 2e-06 -16.884886 19.732599 -20.137632 0.004449 1.12577 15.287939 15.021648 33.853798 -6.821189 -1.4742 0.931947 -0.241717 0.0 0.0 -1e-06 
0.0 0.0 0.0 0.0 -0.0 0.0 -13.267257 97.283157 44.297859 -1.024493 -56.938599 9.579007 1.584073 0.588021 -4.27576 0.235142 0.916037 -6.160515 1.682607 -1.924415 13.010286 -11.031136 19.535345 42.504677 -4.876134 -7.972585 -2.407283 -14.042287 -6.375029 20.190178 7.7e-05 -2.2e-05 6e-06 0.011054 -0.11538 -0.133324 1.009964 -3.824182 -10.610904 -0.983875 3.57182 -10.65816 -15.681773 -4.391253 15.05365 -67.903107 -6.203956 -31.239216 -175.210938 -48.339928 176.547989 -44.883862 4.866374 19.480841 -5.88211 9.861288 0.702592 -10.93688 -0.360574 7.15621 1e-06 8.774828 -1e-06 -15.23345 17.345715 5.857382 -1.844033 2.498505 -2.507277 -10.163608 4.678947 4.621112 -20.976034 -2e-06 5e-06 -21.226299 2.451699 -3.593999 -0.0 -6e-06 -1e-06 -1.362682 2.240798 -0.746321 -21.334929 0.584912 3.008329 -13.821223 -2e-06 4e-06 -23.887188 -0.249077 -0.839481 -59.01685 2.514904 -1.562055 -0.294025 1.679688 0.833256 -14.218221 0.093216 1.300584 -34.212074 -0.287559 0.967175 -20.033228 0.964539 1.212846 -0.0 0.0 -0.0 -3.440391 0.788234 0.501657 -15.928201 -3.16731 2.999711 -6.338832 -1e-06 2e-06 -18.123459 3.648186 -4.90567 -5e-06 0.0 -2e-06 11.297507 12.709909 16.075136 48.572212 25.608219 24.492279 178.931656 66.442184 178.778854 29.136757 2.796299 17.405876 2.243542 -5.255038 -3.180159 14.282896 -0.826596 6.952506 -4e-06 -12.690608 2e-06 14.779325 -17.569418 3.176777 1.665668 -1.955922 -2.878301 4.727801 -4.17059 4.993927 11.020529 4e-06 -2e-06 12.109056 -3.735718 -2.866785 -0.0 -0.0 1e-06 1.291987 -1.928551 -1.49809 14.800134 0.567468 3.865609 14.242578 -1.341736 -6.660659 19.631975 0.143925 -0.648246 49.391548 -0.784953 -6.00271 0.353031 -1.511151 -0.031938 20.222801 3.68431 2.316632 18.787281 2e-06 -1e-06 10.751633 -0.479869 1.397907 -0.0 1e-06 0.0 3.273808 0.305947 -0.580111 21.48682 11.830376 2.266133 8.16293 -0.0 -0.0 18.399092 -3.798989 -4.940577 3e-06 2e-06 -2e-06 12.677408 -8.772392 -17.089094 -0.028215 -1.041322 21.535954 -13.993585 1.573762 -15.151301 1.670183 -2.116446 -0.247897 -0.0 0.0 2e-06 -17.250154 20.59618 -19.318417 0.00254 0.968115 15.425849 16.685646 34.701469 -6.961521 -1.476709 0.890833 -0.176236 0.0 -0.0 -1e-06 
0.0 0.0 0.0 0.0 -0.0 0.0 -12.671031 96.761131 46.267708 -2.868738 -58.754135 9.785022 1.205084 0.678145 -4.169908 0.2354 1.386665 -6.122497 1.773469 -1.312471 13.739423 -10.634523 19.805037 43.636341 -4.681362 -7.595294 -2.585999 -13.161585 -6.033746 19.810205 7.7e-05 -2.2e-05 6e-06 0.013039 -0.109251 -0.14908 1.010006 -3.833439 -10.669694 -0.981113 3.593381 -10.708166 -15.856625 -3.828809 14.912876 -67.132408 -6.959584 -30.118887 -175.539169 -47.87434 176.868454 -45.167377 6.575744 16.233305 -5.88211 9.86129 0.702593 -10.936877 -0.360574 7.156213 -0.0 8.774828 -0.0 -15.085803 17.442888 6.039208 -1.844033 2.498506 -2.50728 -10.163605 4.678948 4.621113 -20.976034 -1e-06 2e-06 -21.226301 2.4517 -3.594002 -1e-06 -6e-06 -0.0 -1.362682 2.240799 -0.746324 -21.334929 0.584913 3.008328 -13.821221 -2e-06 1e-06 -23.887184 -0.249078 -0.839482 -58.804554 2.541444 -1.534083 -0.294025 1.679688 0.833258 -14.218217 0.093216 1.300583 -34.212067 -0.287559 0.967172 -20.033226 0.964539 1.212843 1e-06 -0.0 -0.0 -3.44039 0.788234 0.501658 -15.928196 -3.167309 2.999712 -6.338829 -1e-06 1e-06 -18.123457 3.648185 -4.905673 -7e-06 1e-06 -0.0 13.316113 13.252025 16.573826 46.780376 25.91118 23.616537 179.752289 68.552574 179.549896 31.727093 -0.49657 17.49114 2.243543 -5.25504 -3.180161 14.282902 -0.826597 6.952509 -2e-06 -12.690615 4e-06 14.676169 -17.688366 3.288015 1.665669 -1.955921 -2.878302 4.727803 -4.17059 4.993929 11.020536 2e-06 -0.0 12.10906 -3.735718 -2.866783 -0.0 0.0 0.0 1.291986 -1.928552 -1.498091 14.800139 0.567466 3.86561 14.242584 -1.341737 -6.660663 19.631985 0.143926 -0.648247 49.406845 -1.053289 -5.881534 0.35303 -1.511151 -0.031941 20.222805 3.68431 2.316631 18.787289 4e-06 -2e-06 10.751639 -0.479871 1.397907 0.0 1e-06 -1e-06 3.27381 0.305947 -0.580112 21.48683 11.830384 2.266133 8.162932 1e-06 -0.0 18.399099 -3.79899 -4.94058 3e-06 2e-06 -1e-06 11.814229 -8.647601 -16.975704 -0.032373 -1.063967 26.449411 -12.8641 3.361271 -18.528408 1.655475 -2.125574 0.494563 -0.0 0.0 2e-06 -17.165554 21.375521 -17.42548 -0.055272 1.015272 14.037013 18.828108 34.920628 -6.123878 -1.472326 0.914202 -0.428978 0.0 -0.0 -1e-06 
0.0 0.0 0.0 0.0 -0.0 0.0 -12.204459 96.434113 48.203815 -3.932785 -60.651501 9.319961 0.722591 0.646866 -4.088767 0.147802 1.967736 -6.122725 1.338604 -0.581287 14.374038 -9.891245 19.924665 44.836781 -4.611357 -7.381577 -2.55681 -12.494022 -5.932319 19.274902 7.8e-05 -2.2e-05 6e-06 -0.103596 -0.074509 -0.139029 0.883721 -3.815012 -10.70071 -1.088041 3.649041 -10.742552 -15.849434 -3.517527 15.101075 -65.796463 -7.846587 -29.65226 -175.693451 -47.276356 177.083618 -45.467472 8.082628 13.126118 -5.882112 9.861292 0.70259 -10.936879 -0.360573 7.156212 0.0 8.77483 0.0 -15.09116 17.582104 6.09269 -1.844034 2.498506 -2.507279 -10.16361 4.67895 4.621113 -20.97604 -0.0 2e-06 -21.226305 2.4517 -3.594004 0.0 -7e-06 -0.0 -1.362683 2.2408 -0.746324 -21.33493 0.584913 3.008326 -13.821225 -1e-06 1e-06 -23.887184 -0.249077 -0.839485 -58.573257 2.517258 -1.646519 -0.294025 1.679688 0.833257 -14.218221 0.093217 1.300583 -34.212074 -0.287559 0.967168 -20.033232 0.964541 1.212843 0.0 -0.0 -0.0 -3.440391 0.788234 0.501656 -15.9282 -3.167309 2.99971 -6.338832 -1e-06 0.0 -18.123463 3.648184 -4.905675 -5e-06 0.0 -2e-06 13.678224 13.647105 17.149057 47.948399 26.350368 22.628094 179.626068 71.018105 179.572281 33.282017 -7.178006 20.031933 2.243543 -5.255038 -3.180159 14.282891 -0.826597 6.952503 1e-06 -12.690609 3e-06 14.78333 -17.751081 3.220123 1.665666 -1.955923 -2.8783 4.7278 -4.17059 4.993926 11.020528 1e-06 -3e-06 12.109055 -3.735718 -2.866788 1e-06 -2e-06 1e-06 1.291986 -1.928549 -1.49809 14.800129 0.567466 3.865604 14.242576 -1.341738 -6.660663 19.631966 0.143925 -0.64825 49.312511 -1.082555 -5.967126 0.353029 -1.511152 -0.03194 20.22279 3.684307 2.316627 18.787273 1e-06 -4e-06 10.751629 -0.47987 1.397904 0.0 -0.0 -1e-06 3.273808 0.305947 -0.580113 21.486813 11.830376 2.266129 8.162926 -0.0 -2e-06 18.399086 -3.79899 -4.940579 3e-06 1e-06 -1e-06 10.457536 -7.595139 -15.6955 -0.057308 -1.039484 29.050785 -12.002005 4.776153 -20.632208 1.639952 -2.108853 0.9804 0.0 0.0 2e-06 -17.528839 21.748613 -16.073734 -0.03183 1.109131 13.813149 21.145569 35.086685 -4.27195 -1.474989 0.922061 -0.995705 -0.0 -0.0 -1e-06 
0.0 0.0 0.0 0.0 -0.0 0.0 -11.886804 96.246605 50.266754 -4.673953 -62.329868 8.695236 0.284021 0.721719 -4.05615 0.076057 2.396804 -6.190882 0.667974 0.105786 14.758198 -9.162713 19.906406 46.11129 -4.956258 -7.468879 -2.477862 -12.292811 -6.122286 18.670307 7.8e-05 -2.1e-05 6e-06 -0.13932 -0.058678 -0.133467 0.819302 -3.781461 -10.666903 -1.094548 3.647557 -10.732837 -15.863201 -3.181359 15.168438 -64.223808 -8.51696 -29.054119 -176.100433 -46.534336 177.566879 -45.523678 9.409047 10.549372 -5.882107 9.861285 0.70259 -10.936873 -0.360575 7.156205 0.0 8.774824 -2e-06 -15.237548 17.670359 6.069807 -1.844033 2.498504 -2.507279 -10.163601 4.678945 4.621109 -20.976023 -1e-06 2e-06 -21.226286 2.451698 -3.594001 -0.0 -7e-06 -0.0 -1.362682 2.240798 -0.746322 -21.334913 0.584911 3.008324 -13.821213 -2e-06 2e-06 -23.887173 -0.249078 -0.839484 -58.801296 2.585773 -1.638677 -0.294025 1.679687 0.833256 -14.218209 0.093216 1.300581 -34.212063 -0.28756 0.967172 -20.033215 0.964538 1.212843 0.0 -1e-06 -0.0 -3.440389 0.788233 0.501657 -15.928189 -3.167309 2.999709 -6.338827 -1e-06 1e-06 -18.123451 3.648184 -4.905669 -5e-06 1e-06 -1e-06 12.757273 13.933149 17.586073 50.044384 26.598852 22.013334 178.629578 72.058449 178.954437 33.525761 -11.548531 22.098869 2.243542 -5.255037 -3.180158 14.282894 -0.826595 6.952504 -3e-06 -12.690607 0.0 14.839129 -17.695805 3.210557 1.665667 -1.955921 -2.8783 4.727801 -4.170588 4.993926 11.020531 4e-06 -2e-06 12.109056 -3.735718 -2.866783 2e-06 -1e-06 1e-06 1.291987 -1.928551 -1.498089 14.800132 0.56747 3.865607 14.242577 -1.341734 -6.66066 19.631973 0.143926 -0.648245 49.224682 -1.071431 -5.97908 0.353029 -1.511151 -0.03194 20.222797 3.68431 2.31663 18.787279 6e-06 -1e-06 10.75163 -0.479869 1.397906 1e-06 1e-06 -0.0 3.273808 0.305947 -0.580112 21.48682 11.830378 2.266131 8.16293 1e-06 -1e-06 18.399088 -3.798987 -4.940576 3e-06 1e-06 -0.0 8.951326 -6.377221 -13.94726 -0.057333 -0.973238 30.400114 -10.961863 6.17191 -22.114067 1.646162 -2.115679 1.296655 0.0 -1e-06 2e-06 -18.073053 21.397856 -14.875726 0.027173 1.27624 14.018993 24.087372 34.820484 -1.245917 -1.475641 0.943283 -1.433625 -0.0 -0.0 -1e-06 
0.0 0.0 0.0 0.0 -0.0 0.0 -11.620776 96.273338 52.387833 -5.4933 -63.671516 8.320542 -0.024954 0.743182 -4.125048 0.09277 2.748 -6.181231 0.107152 0.558186 14.939309 -8.859653 20.305988 46.881878 -5.241665 -7.74971 -2.38379 -12.416265 -6.510438 18.018902 7.6e-05 -2.2e-05 6e-06 -0.12078 -0.062534 -0.14494 0.808161 -3.764446 -10.637554 -1.047422 3.623335 -10.692669 -16.192204 -2.690129 15.199589 -62.548981 -9.216028 -28.52849 -176.672897 -45.737041 178.243347 -45.042858 9.9951 8.723092 -5.882105 9.861284 0.702588 -10.936868 -0.360574 7.156203 -1e-06 8.774822 -1e-06 -15.364482 17.772272 6.086183 -1.844032 2.498504 -2.507277 -10.163597 4.678944 4.621105 -20.976021 -3e-06 -1e-06 -21.226286 2.451698 -3.594002 -1e-06 -7e-06 -0.0 -1.362682 2.240798 -0.746326 -21.334911 0.58491 3.00832 -13.821213 -3e-06 -0.0 -23.887167 -0.24908 -0.839485 -59.036297 2.534223 -1.598516 -0.294025 1.679687 0.833255 -14.218205 0.093216 1.300578 -34.212044 -0.287563 0.967164 -20.033209 0.964534 1.21284 -0.0 -0.0 -0.0 -3.440387 0.788233 0.501655 -15.928183 -3.167308 2.999705 -6.338824 -1e-06 -0.0 -18.123444 3.648182 -4.905671 -4e-06 1e-06 -1e-06 11.681953 14.168073 17.863993 51.184765 26.99226 22.14327 178.182266 71.18869 178.550034 33.855 -12.174874 20.452543 2.243543 -5.255038 -3.18016 14.282898 -0.826597 6.952504 -0.0 -12.690609 0.0 15.042283 -17.619064 3.075554 1.665669 -1.955921 -2.878301 4.7278 -4.170589 4.993925 11.020532 3e-06 -2e-06 12.109058 -3.735717 -2.866785 2e-06 -1e-06 1e-06 1.291986 -1.92855 -1.49809 14.800136 0.567467 3.865606 14.242577 -1.341735 -6.660661 19.631973 0.143928 -0.648247 49.143188 -1.059064 -6.029784 0.353028 -1.511151 -0.03194 20.222801 3.684309 2.316628 18.787287 4e-06 -3e-06 10.751633 -0.479869 1.397905 1e-06 1e-06 -0.0 3.273806 0.305947 -0.580112 21.486818 11.830378 2.266131 8.162931 -1e-06 -2e-06 18.399092 -3.798986 -4.94058 3e-06 -1e-06 -1e-06 7.575655 -5.622886 -11.903645 -0.049935 -0.873374 30.530703 -9.963737 7.437839 -22.946581 1.653937 -2.131344 1.605305 0.0 0.0 2e-06 -18.393885 20.372715 -14.783176 0.129851 1.612202 16.34708 27.056026 34.281242 2.531735 -1.446923 0.883677 -2.295411 -0.0 -0.0 -1e-06 
0.0 0.0 0.0 0.0 -0.0 0.0 -11.393353 96.456009 54.428303 -6.518181 -64.496399 8.269917 -0.176585 0.853782 -4.108618 0.122357 2.799974 -6.150002 -0.139304 0.926068 14.846303 -8.9998 20.852446 47.098583 -5.524136 -8.005399 -2.328214 -12.77922 -6.7021 17.476263 7.7e-05 -2.2e-05 5e-06 -0.10118 -0.061524 -0.154532 0.789762 -3.730484 -10.549385 -0.989149 3.589195 -10.618295 -16.626942 -2.120263 15.108095 -60.905945 -9.5326 -28.250177 -177.275726 -44.752247 178.689621 -43.955784 9.518745 6.956905 -5.882114 9.861293 0.702594 -10.936885 -0.360573 7.156215 -1e-06 8.774831 1e-06 -15.475438 17.85136 6.037927 -1.844034 2.498506 -2.50728 -10.163612 4.67895 4.621116 -20.976051 -1e-06 3e-06 -21.226313 2.451702 -3.594002 1e-06 -5e-06 -0.0 -1.362683 2.2408 -0.746325 -21.33494 0.584914 3.008327 -13.82123 -0.0 3e-06 -23.887201 -0.249076 -0.839483 -59.24791 2.512497 -1.596643 -0.294026 1.679689 0.833259 -14.218227 0.093217 1.300585 -34.212093 -0.287558 0.967174 -20.033239 0.964541 1.212844 -0.0 1e-06 0.0 -3.440393 0.788235 0.501657 -15.928206 -3.167309 2.999712 -6.338834 -0.0 -0.0 -18.12347 3.648188 -4.905672 -5e-06 1e-06 -1e-06 10.812517 14.452601 17.930805 51.041027 27.403584 22.376364 177.680038 69.157509 178.111313 34.337479 -10.052662 15.518785 2.243542 -5.255038 -3.180159 14.282898 -0.826598 6.952505 1e-06 -12.690609 1e-06 15.117215 -17.642092 2.974957 1.665667 -1.955922 -2.878302 4.727801 -4.17059 4.993926 11.020531 2e-06 -2e-06 12.109058 -3.73572 -2.866785 1e-06 -1e-06 1e-06 1.291987 -1.92855 -1.49809 14.800136 0.567466 3.865608 14.242581 -1.34174 -6.66066 19.631975 0.143923 -0.648248 49.13533 -0.92422 -6.146025 0.353027 -1.511153 -0.031939 20.222801 3.684308 2.31663 18.787283 2e-06 -2e-06 10.751633 -0.47987 1.397905 0.0 0.0 -1e-06 3.273808 0.305946 -0.580111 21.486818 11.830372 2.266131 8.16293 1e-06 -1e-06 18.399096 -3.79899 -4.940579 3e-06 1e-06 -0.0 6.383514 -5.069978 -9.818194 -0.029382 -0.764969 29.819376 -8.814797 8.345129 -23.253866 1.665694 -2.121625 1.709875 0.0 1e-06 2e-06 -18.515348 18.809427 -15.672399 0.259613 1.87883 20.515766 29.658308 33.062725 6.808803 -1.416517 0.863146 -3.139865 0.0 -0.0 -1e-06 
0.0 0.0 0.0 0.0 -0.0 0.0 -11.236383 96.792656 56.248562 -7.557537 -64.597794 8.430045 -0.198815 0.917951 -4.150747 0.157202 2.784507 -6.101957 -0.149857 1.091088 14.565289 -9.208395 21.349247 46.675049 -5.672543 -8.081754 -2.343447 -13.335396 -6.706014 16.925697 7.8e-05 -2.3e-05 6e-06 -0.064013 -0.041689 -0.15858 0.789836 -3.701386 -10.485438 -0.913532 3.597032 -10.581144 -16.935652 -1.630056 15.028739 -59.357468 -9.698022 -27.813711 -178.084183 -43.903347 179.197571 -42.267044 8.524822 5.200274 -5.882112 9.861292 0.702591 -10.936877 -0.360573 7.156208 -2e-06 8.774829 -0.0 -15.661672 18.00182 6.004677 -1.844034 2.498507 -2.507277 -10.163605 4.678949 4.621112 -20.976038 1e-06 -3e-06 -21.226301 2.4517 -3.594007 1e-06 -5e-06 0.0 -1.362683 2.2408 -0.746323 -21.334929 0.584915 3.008323 -13.821221 0.0 -3e-06 -23.887184 -0.249078 -0.839489 -59.546101 2.562266 -1.660214 -0.294026 1.679688 0.833257 -14.218216 0.093218 1.30058 -34.21207 -0.287559 0.967164 -20.033226 0.964539 1.212839 1e-06 -0.0 0.0 -3.440391 0.788234 0.501656 -15.928192 -3.167307 2.999709 -6.338829 -0.0 -0.0 -18.123457 3.648187 -4.905676 -5e-06 -0.0 -0.0 10.57316 14.622679 17.962896 50.144909 27.753773 22.415522 177.512131 67.05764 177.957199 34.259426 -7.282733 10.23787 2.243541 -5.255039 -3.180159 14.282902 -0.826597 6.952508 -1e-06 -12.690616 4e-06 15.236166 -17.638042 2.937286 1.665666 -1.955921 -2.878301 4.727802 -4.170591 4.993933 11.020536 4e-06 -1e-06 12.10906 -3.735718 -2.866784 1e-06 -1e-06 1e-06 1.291987 -1.928549 -1.498089 14.80014 0.567466 3.865611 14.242582 -1.341734 -6.660663 19.631985 0.143925 -0.648245 49.21368 -0.824301 -6.218275 0.353029 -1.511153 -0.03194 20.222805 3.684311 2.316633 18.787289 4e-06 1e-06 10.751637 -0.479873 1.397907 0.0 0.0 -0.0 3.273809 0.305946 -0.580112 21.486832 11.830384 2.266133 8.162932 1e-06 -0.0 18.399099 -3.798989 -4.940578 3e-06 1e-06 -0.0 5.577432 -4.880694 -7.769722 0.002252 -0.622518 28.29838 -7.749408 8.743246 -22.926746 1.672836 -2.092924 1.732677 0.0 0.0 2e-06 -18.407835 17.483688 -16.776651 0.366701 2.04203 25.083492 29.729399 30.554747 8.800423 -1.39573 0.840742 -3.085806 -0.0 -1e-06 -1e-06 
0.0 0.0 0.0 0.0 -0.0 0.0 -11.211146 97.306534 57.892876 -8.759009 -64.033707 9.082489 -0.079583 0.909598 -4.265405 0.198545 2.719163 -6.169506 0.047963 1.074103 14.217259 -9.515893 21.644133 45.600082 -5.682364 -7.926002 -2.416244 -14.046577 -6.603596 16.363163 7.7e-05 -2.1e-05 6e-06 -0.021689 -0.01659 -0.159263 0.804432 -3.678764 -10.417383 -0.843163 3.62184 -10.543632 -17.108784 -1.329606 14.810357 -58.045067 -9.610625 -27.211405 -179.03392 -43.208019 179.781036 -40.604275 7.6054 4.076786 -5.882105 9.861284 0.702591 -10.936873 -0.360576 7.156207 1e-06 8.774826 -1e-06 -15.84835 18.059015 5.969649 -1.844032 2.498504 -2.507277 -10.1636 4.678944 4.621109 -20.976023 -5e-06 5e-06 -21.226286 2.451695 -3.593996 1e-06 -5e-06 -1e-06 -1.362682 2.240798 -0.746324 -21.334917 0.584907 3.008325 -13.821215 -4e-06 3e-06 -23.887169 -0.249079 -0.839478 -59.833912 2.609692 -1.691835 -0.294025 1.679687 0.833257 -14.21821 0.093212 1.300582 -34.212051 -0.287568 0.967177 -20.033216 0.964536 1.212847 1e-06 -0.0 1e-06 -3.440389 0.788233 0.501655 -15.928189 -3.167313 2.99971 -6.338826 -3e-06 2e-06 -18.123444 3.648183 -4.905665 -2e-06 -0.0 -0.0 10.88832 14.613075 17.996855 48.967861 28.039953 21.879646 176.986465 65.559944 177.36145 33.484127 -4.920982 6.631123 2.243541 -5.255038 -3.180157 14.282896 -0.826596 6.952504 -3e-06 -12.690606 -2e-06 15.21432 -17.55624 2.97116 1.665667 -1.955922 -2.8783 4.727798 -4.170588 4.993924 11.020528 4e-06 -1e-06 12.109054 -3.735717 -2.866784 1e-06 -1e-06 -0.0 1.291986 -1.92855 -1.49809 14.800132 0.567467 3.865611 14.242578 -1.341736 -6.660659 19.631973 0.143925 -0.648244 49.180534 -0.785105 -6.213196 0.35303 -1.51115 -0.031941 20.222801 3.684313 2.316631 18.787279 5e-06 0.0 10.751631 -0.479868 1.397905 -0.0 -0.0 -1e-06 3.273807 0.305946 -0.58011 21.486816 11.830377 2.266134 8.16293 2e-06 -1e-06 18.399088 -3.798985 -4.940577 3e-06 2e-06 -2e-06 5.242536 -4.678632 -5.800611 0.027764 -0.518422 25.877512 -6.739662 8.505169 -21.989428 1.677183 -2.084721 1.681424 0.0 1e-06 2e-06 -17.951378 16.7729 -17.834978 0.415189 2.019254 28.712318 26.980488 26.527552 8.057119 -1.389898 0.801813 -2.539021 -0.0 1e-06 -1e-06 
0.0 0.0 0.0 0.0 -0.0 0.0 -11.374285 97.912125 59.452118 -10.24997 -63.011734 10.334082 0.162428 0.843474 -4.434806 0.243506 2.61543 -6.266943 0.488893 0.894545 13.71429 -10.003054 21.767002 43.869728 -5.556856 -7.566648 -2.503327 -14.88115 -6.25864 15.606498 7.8e-05 -2.4e-05 5e-06 0.010334 -0.006291 -0.166648 0.819796 -3.672695 -10.321688 -0.794537 3.636938 -10.487448 -17.124437 -1.231525 14.538758 -57.128208 -9.333247 -26.455885 179.915497 -42.59235 -179.492432 -38.98048 6.947205 3.598508 -5.882107 9.861286 0.702591 -10.936872 -0.360574 7.156204 -0.0 8.774824 -2e-06 -16.087278 18.069538 5.897102 -1.844032 2.498505 -2.507275 -10.163599 4.678944 4.621107 -20.976021 -1e-06 1e-06 -21.226286 2.451698 -3.594 1e-06 -5e-06 2e-06 -1.362682 2.240798 -0.746324 -21.334913 0.584909 3.008322 -13.821213 -2e-06 2e-06 -23.887171 -0.249078 -0.839483 -60.105782 2.668976 -1.753011 -0.294024 1.679686 0.833256 -14.218207 0.093216 1.300581 -34.212048 -0.287563 0.967171 -20.033211 0.964535 1.212842 -0.0 -0.0 -0.0 -3.440388 0.788234 0.501656 -15.928185 -3.167309 2.999706 -6.338826 -0.0 0.0 -18.123444 3.648183 -4.905671 -3e-06 -0.0 -0.0 11.551476 14.483304 18.024649 47.759457 28.248892 21.224504 176.578339 64.770325 176.938354 32.492165 -3.040957 4.441277 2.243541 -5.255033 -3.180158 14.282882 -0.826595 6.952501 -1e-06 -12.690598 2e-06 15.0943 -17.460417 3.006788 1.665665 -1.95592 -2.878298 4.727797 -4.170586 4.993923 11.02052 3e-06 -2e-06 12.109046 -3.735713 -2.866783 1e-06 -1e-06 0.0 1.291986 -1.928548 -1.498089 14.800118 0.567468 3.865605 14.242561 -1.341736 -6.660655 19.631952 0.143926 -0.648245 49.124569 -0.730614 -6.194376 0.353031 -1.511149 -0.03194 20.222784 3.684307 2.316629 18.78726 4e-06 -0.0 10.751622 -0.479869 1.397906 -0.0 0.0 -1e-06 3.273803 0.305947 -0.58011 21.486801 11.830367 2.266132 8.162923 1e-06 -0.0 18.399075 -3.798986 -4.940572 4e-06 1e-06 -2e-06 5.435649 -4.375443 -3.883232 0.055314 -0.440718 22.807758 -5.859724 7.761177 -20.691555 1.677611 -2.075478 1.505692 0.0 0.0 2e-06 -17.052006 16.62919 -18.773552 0.402864 1.920908 30.552782 22.859156 21.465315 5.777735 -1.388815 0.75976 -1.791419 -0.0 1e-06 -2e-06 
0.0 0.0 0.0 0.0 -0.0 0.0 -11.681932 98.534058 60.960091 -11.927428 -61.678726 12.032768 0.473752 0.738607 -4.624998 0.302062 2.461596 -6.439906 1.103166 0.622732 13.16795 -10.588356 21.693775 41.808052 -5.38602 -7.07012 -2.592054 -15.650195 -5.729222 14.6979 7.6e-05 -2.2e-05 6e-06 0.041098 0.002536 -0.170524 0.841316 -3.667295 -10.201591 -0.754677 3.647675 -10.392577 -16.874685 -1.338677 14.279366 -56.969025 -9.116887 -25.670435 179.057159 -41.895966 -178.918289 -37.392536 6.749862 3.370203 -5.88211 9.861292 0.702591 -10.936878 -0.360574 7.15621 -0.0 8.774831 -1e-06 -16.267942 18.019426 5.823295 -1.844034 2.498507 -2.507282 -10.163607 4.678948 4.621109 -20.976038 -3e-06 4e-06 -21.226303 2.451699 -3.594003 -1e-06 -5e-06 1e-06 -1.362682 2.240799 -0.746323 -21.334929 0.58491 3.008327 -13.821223 -2e-06 1e-06 -23.887186 -0.249077 -0.839484 -60.317108 2.750423 -1.800628 -0.294026 1.679688 0.833255 -14.218219 0.093215 1.300582 -34.212074 -0.28756 0.967171 -20.03323 0.964535 1.212843 1e-06 -1e-06 0.0 -3.44039 0.788234 0.501656 -15.9282 -3.167311 2.999711 -6.33883 -0.0 0.0 -18.123457 3.648186 -4.905673 -5e-06 0.0 -1e-06 12.387575 14.226599 18.061277 46.528683 28.335379 20.719254 176.380554 64.640137 176.623688 31.728476 -1.914807 3.592764 2.243543 -5.255039 -3.180159 14.282899 -0.826598 6.952507 -1e-06 -12.69061 0.0 14.951848 -17.455183 3.054243 1.665666 -1.955924 -2.878301 4.727803 -4.17059 4.993927 11.020532 1e-06 -1e-06 12.109058 -3.735719 -2.866786 2e-06 -1e-06 0.0 1.291986 -1.92855 -1.49809 14.800132 0.567465 3.865609 14.242583 -1.34174 -6.660664 19.631975 0.143923 -0.64825 49.066105 -0.743502 -6.199764 0.353029 -1.511151 -0.031941 20.222801 3.684307 2.31663 18.787285 2e-06 -3e-06 10.751633 -0.479871 1.397906 -0.0 0.0 0.0 3.273808 0.305946 -0.580114 21.486824 11.830378 2.266131 8.162931 1e-06 -2e-06 18.399094 -3.798988 -4.94058 3e-06 1e-06 -2e-06 5.905045 -3.969009 -2.083105 0.072456 -0.366793 19.316591 -4.955217 6.697655 -19.145596 1.668526 -2.064188 1.255748 0.0 -0.0 2e-06 -15.721513 16.767027 -19.478537 0.337413 1.780218 29.92634 19.753031 16.479052 4.193614 -1.385938 0.723288 -1.228161 0.0 0.0 -2e-06 
0.0 0.0 0.0 0.0 -0.0 0.0 -12.083817 99.054474 62.5126 -13.361555 -60.226143 13.707199 0.753562 0.661504 -4.821326 0.336908 2.260379 -6.610718 1.734001 0.298301 12.57681 -11.212635 21.556248 39.700062 -5.254182 -6.608558 -2.634892 -16.23988 -5.06611 13.865172 7.5e-05 -2.1e-05 6e-06 0.078268 0.004445 -0.173128 0.884635 -3.664625 -10.072778 -0.723532 3.645239 -10.268962 -16.373522 -1.575647 14.052295 -57.66293 -9.293762 -24.998856 178.582596 -41.106522 -178.616821 -35.95932 6.939994 3.186247 -5.882113 9.861292 0.702593 -10.936883 -0.360574 7.156212 1e-06 8.774833 -1e-06 -16.331383 17.960623 5.76407 -1.844035 2.498506 -2.50728 -10.16361 4.678949 4.621111 -20.976044 -2e-06 1e-06 -21.226309 2.451699 -3.594003 1e-06 -5e-06 -1e-06 -1.362682 2.240799 -0.746324 -21.334934 0.584912 3.008326 -13.821226 -3e-06 1e-06 -23.887192 -0.249079 -0.839485 -60.383884 2.842271 -1.838333 -0.294025 1.679688 0.833257 -14.218224 0.093216 1.300583 -34.21209 -0.287563 0.967168 -20.033232 0.964538 1.212844 -0.0 -0.0 -0.0 -3.440391 0.788234 0.501656 -15.928201 -3.16731 2.99971 -6.338833 -0.0 0.0 -18.123463 3.648186 -4.905675 -4e-06 -1e-06 -1e-06 13.201097 13.918004 18.047607 45.502502 28.108971 20.567822 176.457184 65.087296 176.593933 31.757732 -1.703057 4.14723 2.243543 -5.255036 -3.180159 14.282896 -0.826596 6.952506 -4e-06 -12.690609 2e-06 14.925406 -17.565527 3.04875 1.665666 -1.955922 -2.878299 4.727798 -4.170588 4.993926 11.020529 3e-06 -1e-06 12.109056 -3.735715 -2.866785 2e-06 -1e-06 -0.0 1.291985 -1.928549 -1.49809 14.800136 0.567469 3.865608 14.242579 -1.341735 -6.660659 19.631973 0.143928 -0.648243 49.033516 -0.838524 -6.280615 0.353029 -1.511152 -0.031939 20.222801 3.684311 2.316631 18.787281 6e-06 -1e-06 10.751633 -0.479868 1.397906 -1e-06 -0.0 1e-06 3.273807 0.305946 -0.580111 21.48682 11.830379 2.266133 8.16293 1e-06 -1e-06 18.399092 -3.798986 -4.940577 3e-06 1e-06 -2e-06 6.489867 -3.539032 -0.452413 0.081795 -0.290174 15.761932 -4.209555 5.402521 -17.819162 1.65344 -2.034343 0.926813 0.0 2e-06 2e-06 -14.244258 16.992506 -19.998249 0.249844 1.668705 26.926929 19.380402 12.892601 4.623552 -1.380793 0.702082 -1.073973 0.0 0.0 -1e-06 
0.0 0.0 0.0 0.0 -0.0 0.0 -12.533565 99.347649 64.015701 -14.019226 -58.744564 14.819555 0.836696 0.619919 -4.971662 0.327604 2.056163 -6.785796 2.207333 -0.085353 12.011091 -11.896157 21.512806 37.679707 -5.111849 -6.266464 -2.6414 -16.619457 -4.39066 13.166105 7.7e-05 -2.2e-05 6e-06 0.120099 -0.000404 -0.171294 0.93774 -3.674528 -9.984707 -0.693723 3.642347 -10.176386 -15.777328 -1.899463 13.866478 -58.971268 -10.01018 -24.49452 178.570465 -40.364655 -178.599594 -34.565556 7.306202 3.261596 -5.88211 9.861291 0.702592 -10.93688 -0.360574 7.156214 -0.0 8.774831 -0.0 -16.206844 17.927849 5.822879 -1.844034 2.498506 -2.507279 -10.16361 4.678947 4.621115 -20.97604 -2e-06 6e-06 -21.226301 2.451701 -3.593998 -0.0 -5e-06 -1e-06 -1.362682 2.240798 -0.746325 -21.33493 0.58491 3.00833 -13.821223 -1e-06 3e-06 -23.887188 -0.249076 -0.839479 -60.38763 2.898605 -1.797878 -0.294025 1.679689 0.833256 -14.218219 0.093215 1.300588 -34.212074 -0.287559 0.967177 -20.033226 0.96454 1.212847 -2e-06 -0.0 -0.0 -3.440392 0.788234 0.501655 -15.928201 -3.167311 2.999713 -6.33883 -0.0 2e-06 -18.123459 3.648187 -4.905672 -4e-06 -1e-06 -1e-06 14.020146 13.587552 18.007692 44.776455 27.322996 20.544296 176.415268 66.00119 176.47821 32.375462 -2.417344 5.791497 2.243543 -5.255041 -3.18016 14.282904 -0.826596 6.952507 -1e-06 -12.690613 0.0 14.993076 -17.689989 2.950512 1.665667 -1.955923 -2.8783 4.727805 -4.170589 4.993927 11.020538 2e-06 -1e-06 12.109064 -3.73572 -2.866786 1e-06 -1e-06 -0.0 1.291986 -1.928552 -1.498089 14.800142 0.567467 3.865609 14.242585 -1.341737 -6.660663 19.631985 0.143926 -0.648246 48.908794 -0.943527 -6.432564 0.35303 -1.511152 -0.031942 20.222805 3.684311 2.31663 18.787289 4e-06 -3e-06 10.751637 -0.479869 1.397906 0.0 1e-06 -0.0 3.273811 0.305948 -0.580113 21.486834 11.830382 2.266134 8.162937 2e-06 -3e-06 18.399103 -3.798987 -4.940582 3e-06 2e-06 -2e-06 6.833433 -3.125643 0.716329 0.071069 -0.224986 12.93289 -3.598456 3.971688 -16.73838 1.638553 -1.985093 0.592434 0.0 -0.0 2e-06 -12.932128 17.068174 -20.455763 0.156235 1.518541 22.279577 21.338629 10.650752 6.42532 -1.386605 0.708636 -1.150379 0.0 0.0 -1e-06 
0.0 0.0 0.0 0.0 -0.0 0.0 -13.039571 99.412453 65.486839 -13.586357 -57.100601 15.023952 0.615452 0.585053 -5.053632 0.266251 1.815938 -6.918421 2.421772 -0.509619 11.479537 -12.600078 21.570642 35.727089 -4.987009 -6.056599 -2.624336 -16.800566 -3.827846 12.607976 7.6e-05 -2.3e-05 6e-06 0.146597 -0.006919 -0.165828 0.966956 -3.687662 -9.929404 -0.670684 3.640881 -10.123768 -15.20336 -2.32334 13.670677 -60.585358 -11.211848 -23.993429 178.980255 -39.99189 -178.823364 -33.039639 7.534771 3.740154 -5.882116 9.861298 0.702588 -10.936888 -0.360574 7.156215 -1e-06 8.774836 -0.0 -16.007915 17.885189 5.940598 -1.844034 2.498508 -2.507281 -10.163616 4.678952 4.621114 -20.976055 -1e-06 -0.0 -21.22632 2.451701 -3.594007 2e-06 -5e-06 -1e-06 -1.362684 2.2408 -0.746324 -21.334942 0.584913 3.008324 -13.821234 -1e-06 -1e-06 -23.887205 -0.249078 -0.839487 -60.396202 2.916217 -1.733055 -0.294025 1.679689 0.833256 -14.218229 0.093216 1.300582 -34.212097 -0.287561 0.967168 -20.033241 0.964537 1.212843 -1e-06 -0.0 -0.0 -3.440393 0.788234 0.501657 -15.928206 -3.167312 2.999711 -6.338835 -1e-06 1e-06 -18.123474 3.648189 -4.905677 -5e-06 -1e-06 0.0 14.89893 13.112349 17.987423 44.500248 25.817463 20.415312 176.208328 67.374649 176.323441 33.215954 -3.85876 7.754029 2.243542 -5.25504 -3.18016 14.2829 -0.826595 6.952507 -0.0 -12.690612 0.0 15.07594 -17.812599 2.810251 1.665669 -1.955923 -2.878302 4.727801 -4.170592 4.993928 11.020535 3e-06 -2e-06 12.109059 -3.735717 -2.866788 1e-06 -1e-06 -0.0 1.291986 -1.928551 -1.498091 14.800138 0.567468 3.86561 14.24258 -1.341737 -6.660662 19.631979 0.143926 -0.648246 48.80032 -1.044404 -6.606506 0.35303 -1.511151 -0.031942 20.222803 3.684311 2.316631 18.787289 4e-06 -3e-06 10.751637 -0.479869 1.397906 0.0 1e-06 -1e-06 3.27381 0.305948 -0.580112 21.486828 11.830381 2.266133 8.162932 2e-06 -1e-06 18.399096 -3.79899 -4.940579 3e-06 1e-06 -1e-06 6.670209 -2.915532 1.483895 0.056413 -0.181903 10.939793 -2.982217 2.416548 -16.138327 1.623189 -1.938681 0.306325 0.0 -0.0 2e-06 -11.934284 16.905142 -20.819 0.068561 1.322909 16.305981 24.123953 8.851274 8.803485 -1.403876 0.752353 -1.239824 0.0 0.0 -1e-06 
0.0 0.0 0.0 0.0 -0.0 0.0 -13.628164 99.239227 66.991943 -12.030536 -55.229435 14.268259 0.076436 0.554389 -5.070018 0.157773 1.513958 -6.977541 2.336918 -1.009983 10.996739 -13.329034 21.703051 33.888477 -4.919016 -5.934333 -2.617657 -16.798283 -3.461165 12.135118 7.7e-05 -2.2e-05 6e-06 0.130665 0.00161 -0.160914 0.940787 -3.692228 -9.921839 -0.678073 3.662729 -10.129573 -14.767349 -2.803682 13.432952 -62.191326 -12.710586 -23.266888 179.683258 -40.330948 -179.202972 -31.501106 7.590961 4.545368 -5.882105 9.861285 0.702589 -10.936867 -0.360575 7.156205 0.0 8.774824 -2e-06 -15.768951 17.884872 6.081526 -1.844032 2.498504 -2.507279 -10.163595 4.678944 4.621107 -20.976021 -5e-06 -0.0 -21.22628 2.451694 -3.594003 1e-06 -6e-06 -0.0 -1.362681 2.240798 -0.746324 -21.334906 0.584909 3.008322 -13.82121 -3e-06 -0.0 -23.887163 -0.249081 -0.839483 -60.322559 2.893473 -1.692373 -0.294026 1.679687 0.833257 -14.218205 0.093215 1.30058 -34.21204 -0.287563 0.967168 -20.033209 0.964536 1.212844 -1e-06 -1e-06 1e-06 -3.440387 0.788233 0.501656 -15.928181 -3.167309 2.999706 -6.338824 -1e-06 -1e-06 -18.123442 3.648181 -4.90567 -4e-06 0.0 -2e-06 15.785966 12.391896 18.03063 44.779224 23.490202 19.970387 175.934799 69.005699 176.243607 34.217594 -6.009219 9.512903 2.243541 -5.255035 -3.180158 14.28289 -0.826592 6.952502 -2e-06 -12.6906 -2e-06 15.092946 -17.852171 2.693266 1.665667 -1.955922 -2.878298 4.727797 -4.170585 4.993921 11.020526 4e-06 -2e-06 12.109055 -3.735713 -2.866785 1e-06 -0.0 0.0 1.291986 -1.928549 -1.498087 14.800127 0.567469 3.865606 14.242571 -1.341737 -6.660659 19.631968 0.143925 -0.648246 48.699238 -1.160262 -6.726312 0.353028 -1.51115 -0.031941 20.222788 3.684309 2.31663 18.78727 6e-06 -1e-06 10.751627 -0.479866 1.397905 0.0 0.0 -0.0 3.273808 0.305948 -0.580109 21.486811 11.830371 2.266134 8.162927 4e-06 -1e-06 18.39908 -3.798983 -4.940574 3e-06 1e-06 -1e-06 5.899201 -3.060294 1.853307 0.055981 -0.159878 9.893404 -2.356458 0.827205 -16.095028 1.609937 -1.91486 0.109972 -0.0 -0.0 2e-06 -11.348963 16.607698 -21.158037 -0.01165 1.018635 9.547945 26.789625 6.958888 11.018573 -1.419386 0.827151 -1.161022 0.0 -0.0 -1e-06 
0.0 0.0 0.0 0.0 -0.0 0.0 -14.336163 98.825241 68.507278 -9.688691 -53.088669 12.814043 -0.686674 0.489601 -5.03451 0.018568 1.130347 -6.985897 2.042452 -1.550967 10.601249 -14.003751 21.814384 32.280659 -4.934392 -5.863779 -2.620455 -16.587929 -3.383353 11.787596 7.7e-05 -2.2e-05 6e-06 0.088906 0.026115 -0.156412 0.884256 -3.675781 -9.934591 -0.707982 3.695349 -10.151423 -14.57191 -3.287321 13.199176 -63.478794 -14.227701 -22.50642 -179.38739 -41.487122 -179.715897 -30.526045 7.471655 5.496711 -5.882116 9.8613 0.702591 -10.936887 -0.360573 7.156215 -1e-06 8.774837 -1e-06 -15.651033 18.001514 6.178493 -1.844036 2.498509 -2.507282 -10.163616 4.678953 4.621116 -20.976057 -0.0 -1e-06 -21.22632 2.451702 -3.594009 1e-06 -6e-06 -0.0 -1.362683 2.240801 -0.746325 -21.334948 0.584914 3.008326 -13.821237 -0.0 -0.0 -23.887207 -0.249077 -0.839487 -60.196239 2.811268 -1.674361 -0.294025 1.67969 0.833256 -14.218231 0.093217 1.300581 -34.212105 -0.28756 0.967168 -20.033243 0.964541 1.212843 -1e-06 -1e-06 -0.0 -3.440393 0.788236 0.501657 -15.928209 -3.167312 2.999711 -6.338836 -0.0 -0.0 -18.123476 3.64819 -4.905682 -4e-06 0.0 -1e-06 16.653748 11.457472 18.122639 45.425056 20.377132 19.008228 175.308258 70.475365 175.909042 35.271374 -8.772015 10.640458 2.243545 -5.255042 -3.18016 14.282907 -0.826599 6.952511 -2e-06 -12.690619 3e-06 14.991966 -17.834473 2.664295 1.665668 -1.955924 -2.878302 4.727804 -4.170594 4.993931 11.020541 4e-06 -2e-06 12.109066 -3.73572 -2.866787 1e-06 -1e-06 1e-06 1.291987 -1.928552 -1.498091 14.800146 0.567467 3.865612 14.242586 -1.341736 -6.660666 19.63199 0.143925 -0.648247 48.564583 -1.182809 -6.820271 0.353031 -1.511152 -0.03194 20.222818 3.684312 2.31663 18.7873 4e-06 -2e-06 10.751642 -0.47987 1.397906 -0.0 0.0 -0.0 3.273812 0.305948 -0.580112 21.486835 11.830386 2.266134 8.162937 0.0 -0.0 18.399103 -3.798991 -4.940581 3e-06 0.0 -1e-06 4.60999 -3.737939 1.755673 0.066056 -0.158328 10.112447 -1.758004 -0.682511 -16.778706 1.60313 -1.904895 -0.003645 -0.0 -0.0 2e-06 -11.025584 16.011648 -21.684219 -0.050771 0.672645 3.197769 29.466711 5.107075 12.851845 -1.416064 0.938737 -1.133452 -0.0 -0.0 -1e-06 
0.0 0.0 0.0 0.0 -0.0 0.0 -15.231169 98.253456 70.09185 -7.271167 -50.755199 11.257008 -1.461136 0.403606 -5.035687 -0.111974 0.713073 -6.985168 1.719589 -2.100101 10.359024 -14.429943 21.825235 31.181822 -5.043163 -5.870435 -2.626009 -16.270077 -3.611667 11.600244 7.7e-05 -2.2e-05 7e-06 0.056642 0.052822 -0.154322 0.838004 -3.647435 -9.973892 -0.728703 3.723615 -10.177702 -14.743979 -3.75633 13.218921 -63.885376 -15.603852 -22.112335 -178.470444 -43.388119 179.773392 -30.661467 7.243642 6.75608 -5.882111 9.861292 0.702593 -10.93688 -0.360573 7.156212 -0.0 8.774831 0.0 -15.709838 18.143826 6.154161 -1.844035 2.498506 -2.507277 -10.163607 4.678948 4.621116 -20.97604 -0.0 5e-06 -21.226305 2.451702 -3.594001 1e-06 -6e-06 -0.0 -1.362683 2.240799 -0.746323 -21.33493 0.584913 3.008328 -13.821223 1e-06 3e-06 -23.88719 -0.249073 -0.839481 -60.089725 2.67728 -1.612091 -0.294025 1.679687 0.833258 -14.218221 0.093217 1.300584 -34.212082 -0.287558 0.967173 -20.033232 0.96454 1.212845 -1e-06 -0.0 0.0 -3.440392 0.788234 0.501657 -15.9282 -3.16731 2.999712 -6.33883 -1e-06 1e-06 -18.123461 3.648189 -4.90567 -4e-06 -0.0 -3e-06 17.58007 10.30481 18.385748 45.934322 16.851906 17.498697 174.658676 71.436768 175.450653 36.775654 -11.841178 10.488688 2.243544 -5.255039 -3.180157 14.282896 -0.8266 6.952502 1e-06 -12.690612 1e-06 14.859213 -17.881981 2.657588 1.665667 -1.955922 -2.8783 4.727801 -4.170592 4.993924 11.02053 2e-06 -2e-06 12.109057 -3.735719 -2.866786 1e-06 -0.0 -0.0 1.291987 -1.928551 -1.498089 14.800132 0.567467 3.865608 14.242577 -1.34174 -6.660662 19.631973 0.143925 -0.648248 48.430511 -1.140135 -6.963778 0.353029 -1.511151 -0.031941 20.222794 3.68431 2.316628 18.787279 2e-06 -3e-06 10.751631 -0.479868 1.397904 -0.0 0.0 0.0 3.273809 0.305946 -0.58011 21.486816 11.830377 2.266131 8.16293 1e-06 -1e-06 18.39909 -3.79899 -4.94058 3e-06 1e-06 -1e-06 3.212237 -4.697803 1.635203 0.090008 -0.182936 10.855577 -1.294042 -2.109798 -17.86672 1.610372 -1.892804 -0.036042 -0.0 -0.0 2e-06 -10.597214 15.525352 -23.338676 -0.056216 0.385021 -0.228372 32.390621 4.221467 13.748457 -1.374957 1.027412 -1.260028 0.0 -1e-06 -1e-06 
0.0 0.0 0.0 0.0 -0.0 0.0 -16.377903 97.615623 71.832184 -5.432512 -48.155624 9.995976 -1.975934 0.367003 -5.087039 -0.190156 0.193287 -7.025383 1.528826 -2.677645 10.324892 -14.438679 21.700415 30.810892 -5.195731 -6.029854 -2.621422 -16.081413 -4.121805 11.829598 7.7e-05 -2.3e-05 6e-06 0.053106 0.065085 -0.14911 0.816817 -3.624464 -10.025892 -0.718642 3.728657 -10.200588 -15.373689 -4.145105 13.461584 -63.017895 -16.516338 -22.633669 -177.462173 -45.503754 179.180847 -32.237602 6.582688 7.971566 -5.88211 9.861292 0.702589 -10.936878 -0.360577 7.15621 1e-06 8.774831 -2e-06 -16.015684 18.25849 6.023376 -1.844034 2.498507 -2.50728 -10.163607 4.678947 4.621112 -20.97604 -5e-06 0.0 -21.226305 2.451697 -3.594005 1e-06 -5e-06 -0.0 -1.362681 2.2408 -0.746324 -21.33493 0.584908 3.008325 -13.821224 -5e-06 -0.0 -23.887188 -0.249082 -0.839483 -60.233002 2.50808 -1.472624 -0.294026 1.679688 0.833256 -14.218221 0.093212 1.300581 -34.212074 -0.287569 0.96717 -20.03323 0.964534 1.212845 -1e-06 -0.0 0.0 -3.440392 0.788233 0.501657 -15.928201 -3.167313 2.999708 -6.338831 -2e-06 0.0 -18.123459 3.648183 -4.905675 -4e-06 1e-06 -1e-06 18.596167 8.888318 18.852858 45.911171 13.293172 15.62909 174.754639 71.990326 175.501907 38.801582 -14.902643 9.281099 2.243542 -5.255037 -3.18016 14.282889 -0.826593 6.952499 -3e-06 -12.690606 -0.0 14.886372 -17.977081 2.601238 1.665666 -1.955922 -2.878299 4.727798 -4.170588 4.993925 11.020525 3e-06 -4e-06 12.109055 -3.735717 -2.866787 1e-06 -2e-06 -0.0 1.291985 -1.92855 -1.49809 14.800132 0.567468 3.865604 14.242576 -1.341735 -6.660663 19.631973 0.143929 -0.648249 48.483006 -0.995605 -7.168461 0.353027 -1.511149 -0.031941 20.222794 3.684309 2.316627 18.787273 7e-06 -3e-06 10.751629 -0.479868 1.397905 0.0 -1e-06 0.0 3.273807 0.305946 -0.580112 21.486818 11.830378 2.26613 8.162929 2e-06 -1e-06 18.399084 -3.798981 -4.940578 4e-06 2e-06 -1e-06 2.076126 -5.909733 2.183312 0.101697 -0.179139 11.36796 -0.786674 -3.570596 -19.116302 1.641453 -1.892968 -0.134458 0.0 -0.0 2e-06 -9.968109 16.125092 -25.689548 -0.084255 0.214838 -0.821086 34.809326 4.263073 14.547641 -1.299764 1.051436 -1.454904 -0.0 -0.0 -2e-06 
0.0 0.0 0.0 0.0 -0.0 0.0 -17.754265 96.944359 73.798538 -4.308736 -45.237549 8.879115 -2.098198 0.290468 -5.148875 -0.258478 -0.408754 -7.045749 1.545867 -3.161092 10.402775 -14.016617 21.4168 31.327032 -5.44231 -6.330861 -2.584751 -16.057407 -4.723989 12.461014 7.7e-05 -2.2e-05 6e-06 0.046734 0.080799 -0.146422 0.817309 -3.589819 -10.067407 -0.735565 3.727655 -10.202603 -15.972321 -4.342406 13.798164 -61.388306 -16.892553 -23.624369 -176.482773 -47.135803 178.548828 -34.91177 5.473897 8.919527 -5.882108 9.86129 0.70259 -10.936877 -0.360576 7.156209 1e-06 8.77483 -1e-06 -16.591841 18.232092 5.786036 -1.844034 2.498507 -2.507281 -10.163604 4.678946 4.62111 -20.976036 -5e-06 0.0 -21.226299 2.451696 -3.594003 1e-06 -7e-06 -1e-06 -1.362683 2.240799 -0.746324 -21.334925 0.584908 3.008323 -13.82122 -3e-06 0.0 -23.887182 -0.249081 -0.839482 -60.56234 2.409591 -1.3529 -0.294025 1.679688 0.833258 -14.218215 0.093214 1.300582 -34.212067 -0.287565 0.967173 -20.033226 0.964536 1.212845 -1e-06 0.0 0.0 -3.44039 0.788233 0.501657 -15.928198 -3.167312 2.999709 -6.338829 -2e-06 1e-06 -18.123457 3.648181 -4.905674 -5e-06 0.0 1e-06 19.346943 7.18625 19.153152 45.727276 9.967342 13.882794 176.11235 72.439735 176.729401 40.388184 -18.023726 8.254311 2.243545 -5.255041 -3.180161 14.282904 -0.826598 6.952507 -1e-06 -12.690618 2e-06 14.921245 -17.955975 2.614155 1.665668 -1.955923 -2.878302 4.727807 -4.170594 4.993929 11.020536 3e-06 0.0 12.109062 -3.735719 -2.866786 0.0 0.0 -2e-06 1.291988 -1.928552 -1.49809 14.800142 0.567469 3.865609 14.242585 -1.341738 -6.660665 19.631987 0.143925 -0.648247 48.807865 -0.887694 -7.180259 0.353032 -1.511153 -0.031939 20.222809 3.684311 2.316632 18.787291 4e-06 -2e-06 10.751638 -0.47987 1.397906 1e-06 1e-06 -0.0 3.27381 0.305946 -0.58011 21.486834 11.830384 2.266134 8.162935 1e-06 -1e-06 18.399099 -3.79899 -4.940581 3e-06 2e-06 -1e-06 1.486199 -7.240325 3.737051 0.098562 -0.148473 11.249486 -0.333973 -5.484032 -20.24992 1.680872 -1.863802 -0.186564 0.0 -0.0 2e-06 -9.351344 17.768856 -27.317415 -0.123196 0.226346 -0.123547 34.776119 4.73755 16.02442 -1.218533 1.058763 -1.625463 -1e-06 0.0 -1e-06 
0.0 0.0 0.0 0.0 -0.0 0.0 -19.296383 96.391846 75.913551 -4.348533 -41.806549 8.390724 -1.28081 0.144695 -5.26084 -0.322568 -0.914101 -7.144772 1.71799 -3.720381 10.281869 -13.510545 21.126793 32.550697 -5.479331 -7.046319 -2.600721 -16.151115 -4.504607 13.447964 7.7e-05 -2.3e-05 7e-06 0.112432 0.030713 -0.194765 0.870402 -3.561996 -10.028154 -0.65618 3.60222 -10.196415 -16.400217 -4.28226 13.849598 -59.054752 -16.470013 -24.254568 -175.888885 -47.959515 177.691971 -38.600666 4.2377 9.964328 -5.882113 9.861294 0.702591 -10.936882 -0.360575 7.156214 1e-06 8.774834 0.0 -17.205133 17.983259 5.210617 -1.844034 2.498507 -2.507281 -10.163611 4.678948 4.621114 -20.976044 -5e-06 3e-06 -21.226305 2.451698 -3.594002 1e-06 -6e-06 -1e-06 -1.362682 2.2408 -0.746323 -21.334936 0.584911 3.008327 -13.821229 -4e-06 1e-06 -23.887196 -0.24908 -0.839482 -60.578655 2.360694 -1.5283 -0.294025 1.679688 0.833257 -14.218223 0.093214 1.300583 -34.212082 -0.287566 0.967172 -20.033236 0.964537 1.212845 1e-06 1e-06 1e-06 -3.440393 0.788235 0.501656 -15.928203 -3.167312 2.999708 -6.338833 -1e-06 1e-06 -18.123463 3.648187 -4.905674 -4e-06 0.0 -2e-06 19.818632 5.435097 19.360361 45.438957 6.856573 11.057637 175.831009 72.913994 176.370926 40.973766 -21.190197 9.31502 2.243542 -5.25504 -3.180161 14.282902 -0.826596 6.952506 -1e-06 -12.690614 0.0 15.064787 -18.060038 2.648256 1.665666 -1.955922 -2.878302 4.727802 -4.17059 4.993927 11.020535 3e-06 -1e-06 12.109063 -3.735717 -2.866786 0.0 -1e-06 -1e-06 1.291985 -1.928549 -1.49809 14.800142 0.56747 3.86561 14.242584 -1.341736 -6.660663 19.631985 0.143927 -0.648246 49.297714 -0.971316 -7.143141 0.35303 -1.511151 -0.031941 20.222805 3.684311 2.316631 18.787289 6e-06 -2e-06 10.751636 -0.479868 1.397906 0.0 2e-06 1e-06 3.27381 0.305948 -0.580111 21.486832 11.830386 2.266134 8.162935 1e-06 -1e-06 18.399099 -3.798988 -4.94058 3e-06 1e-06 -0.0 1.931569 -8.605967 6.125285 0.160309 -0.043349 10.086585 -0.264612 -8.000155 -20.943077 1.761918 -1.805455 -0.506822 -0.0 -0.0 2e-06 -8.992373 20.221874 -29.180912 -0.02908 0.215861 4.765003 23.928963 6.64649 16.227924 -1.386949 1.023324 -0.898719 0.0 -0.0 -1e-06 
0.0 0.0 0.0 0.0 -0.0 0.0 -20.723558 96.073151 78.088394 -4.953529 -38.827709 8.307838 -0.664354 -0.019565 -5.440891 -0.145284 -1.434167 -7.253306 2.935864 -4.418724 9.880873 -13.603112 21.275583 33.642467 -5.463871 -7.670774 -2.577656 -16.997101 -4.569301 13.660133 7.7e-05 -2.2e-05 7e-06 0.125095 0.019242 -0.194969 0.92326 -3.562239 -10.033012 -0.68561 3.57971 -10.21698 -16.381184 -3.806958 14.557536 -58.009953 -16.028248 -24.108572 -175.840866 -47.764301 177.543686 -42.248562 2.475872 10.903433 -5.882114 9.861292 0.702588 -10.936879 -0.360573 7.156209 -1e-06 8.774828 1e-06 -17.714108 17.760717 4.995828 -1.844035 2.498507 -2.507281 -10.163609 4.678948 4.62111 -20.97604 0.0 -2e-06 -21.226303 2.4517 -3.594005 -1e-06 -7e-06 -0.0 -1.362682 2.240799 -0.746324 -21.334929 0.584912 3.008324 -13.821223 -1e-06 -1e-06 -23.887188 -0.249077 -0.839486 -60.916763 2.424763 -1.545857 -0.294025 1.679688 0.833255 -14.218219 0.093217 1.300581 -34.21207 -0.287559 0.967165 -20.033226 0.964537 1.21284 1e-06 -1e-06 0.0 -3.440391 0.788234 0.501656 -15.928196 -3.167308 2.999709 -6.338831 -0.0 0.0 -18.123463 3.648187 -4.905674 -3e-06 -0.0 -3e-06 19.081387 3.78091 19.406677 44.370937 5.457245 9.310035 176.108398 73.358879 176.289368 40.461773 -25.072744 11.732792 2.243543 -5.255038 -3.180159 14.2829 -0.826593 6.952506 -4e-06 -12.69061 -0.0 15.156755 -18.080931 2.620291 1.665667 -1.955924 -2.878299 4.727801 -4.170588 4.993925 11.020536 3e-06 0.0 12.109058 -3.735715 -2.866785 -0.0 1e-06 -3e-06 1.291988 -1.928552 -1.498089 14.800139 0.56747 3.865608 14.242582 -1.341734 -6.660661 19.631983 0.143928 -0.648246 49.381447 -0.86961 -7.135253 0.353028 -1.51115 -0.031941 20.222803 3.684313 2.316628 18.787283 6e-06 -2e-06 10.751634 -0.479868 1.397906 1e-06 2e-06 1e-06 3.27381 0.305946 -0.580112 21.486828 11.830381 2.266132 8.16293 3e-06 -1e-06 18.399092 -3.798982 -4.940578 3e-06 -1e-06 -1e-06 2.750555 -9.799874 8.424668 0.197009 0.146162 9.080779 -0.771958 -9.327871 -20.619511 1.767485 -1.752965 -1.14116 -0.0 1e-06 2e-06 -8.4206 20.149637 -32.512066 -0.040277 0.470136 16.165182 19.787788 8.496865 8.667631 -1.458568 1.024487 -0.39279 -0.0 -0.0 -1e-06 
0.0 0.0 0.0 0.0 -0.0 0.0 -22.14757 96.208519 80.433022 -5.329788 -35.593807 8.457051 -0.3189 -0.267369 -6.011542 -0.012751 -2.08251 -7.485576 4.172991 -5.361178 9.16143 -13.247993 21.089506 34.889565 -5.402884 -8.224054 -2.532372 -17.989176 -4.150634 14.692893 7.7e-05 -2.2e-05 6e-06 0.160188 -0.040307 -0.17064 0.995916 -3.635807 -10.076942 -0.688711 3.536697 -10.23963 -15.887044 -3.698798 15.015683 -57.403896 -14.478222 -23.541525 -175.617371 -46.672607 177.418945 -45.016331 0.172769 11.213501 -5.88211 9.861288 0.702592 -10.936878 -0.360573 7.156209 0.0 8.774828 -0.0 -17.796982 17.493084 4.897159 -1.844033 2.498505 -2.507278 -10.163606 4.678948 4.621111 -20.976038 -1e-06 5e-06 -21.226299 2.4517 -3.593998 0.0 -6e-06 -1e-06 -1.362682 2.240798 -0.746323 -21.334929 0.584913 3.008326 -13.821221 0.0 4e-06 -23.887184 -0.249077 -0.839481 -61.098083 2.42924 -1.391904 -0.294025 1.679688 0.833254 -14.218217 0.093216 1.300583 -34.212074 -0.28756 0.967172 -20.033226 0.964539 1.212844 2e-06 -1e-06 -0.0 -3.440391 0.788234 0.501656 -15.928198 -3.167308 2.999711 -6.33883 -1e-06 2e-06 -18.123457 3.648187 -4.90567 -4e-06 -0.0 -3e-06 18.718189 2.116443 18.93891 42.275642 4.859393 8.314917 176.04245 73.018074 175.987381 40.449486 -25.709681 11.526592 2.243542 -5.255037 -3.180156 14.282883 -0.826593 6.952499 -2e-06 -12.690604 1e-06 15.297843 -18.097151 2.591188 1.665666 -1.955922 -2.878298 4.727795 -4.170585 4.993923 11.02052 3e-06 1e-06 12.109044 -3.735713 -2.866782 -0.0 0.0 -1e-06 1.291984 -1.928549 -1.498091 14.80012 0.567467 3.865606 14.242564 -1.341736 -6.660653 19.631958 0.143927 -0.648243 49.226822 -0.706969 -7.123509 0.353028 -1.51115 -0.031941 20.222784 3.684312 2.316629 18.787266 3e-06 0.0 10.751622 -0.479869 1.397905 0.0 2e-06 2e-06 3.273805 0.305946 -0.580111 21.486801 11.830374 2.266132 8.162922 1e-06 0.0 18.399071 -3.798986 -4.940572 2e-06 -2e-06 -1e-06 3.696687 -10.794683 10.603884 0.203815 0.261518 7.163696 -2.320036 -10.347797 -17.744192 1.75466 -1.771927 -2.348419 -0.0 -1e-06 2e-06 -7.618412 19.111229 -31.785639 0.074517 0.602478 20.079844 18.319925 9.596621 4.171828 -1.459766 1.023935 -0.349166 -0.0 -0.0 -1e-06 
0.0 0.0 0.0 0.0 -0.0 0.0 -23.495575 96.790405 82.810303 -4.883114 -32.014229 8.640537 -0.262203 -0.499805 -6.882654 -0.02569 -2.756078 -7.787373 5.021183 -6.059501 8.187059 -12.777667 20.366116 35.369366 -5.294158 -8.174194 -2.480487 -18.568857 -3.807088 16.257145 7.7e-05 -2.1e-05 6e-06 0.197465 -0.084553 -0.147895 1.053302 -3.694383 -10.134742 -0.670725 3.50654 -10.258421 -16.582623 -4.001899 15.055052 -54.565033 -12.714568 -22.896696 -175.766861 -45.230934 177.634323 -44.620785 -2.14285 10.413745 -5.88211 9.86129 0.70259 -10.936878 -0.360575 7.156211 1e-06 8.77483 -1e-06 -17.556736 17.405376 5.031029 -1.844033 2.498505 -2.507279 -10.163605 4.678946 4.621112 -20.976038 -4e-06 3e-06 -21.226301 2.451696 -3.594002 -0.0 -6e-06 0.0 -1.362682 2.240799 -0.746324 -21.334927 0.584909 3.008325 -13.82122 -2e-06 2e-06 -23.887184 -0.249079 -0.839483 -61.076603 2.535651 -1.269892 -0.294024 1.679688 0.833256 -14.218217 0.093214 1.30058 -34.212067 -0.287566 0.96717 -20.033226 0.964536 1.212844 1e-06 -0.0 -0.0 -3.440391 0.788234 0.501657 -15.9282 -3.167311 2.999708 -6.338831 -2e-06 -1e-06 -18.123459 3.648184 -4.905674 -3e-06 -1e-06 -3e-06 19.555122 0.657203 17.453478 38.815628 4.051716 7.626645 176.658173 71.910172 176.278061 40.607471 -22.804447 9.584271 2.243545 -5.25504 -3.180161 14.2829 -0.826596 6.952505 -3e-06 -12.690611 2e-06 15.406812 -18.37101 2.536314 1.665668 -1.955922 -2.878299 4.727801 -4.17059 4.993925 11.020535 3e-06 -3e-06 12.109062 -3.735719 -2.866788 -1e-06 0.0 -0.0 1.291986 -1.92855 -1.49809 14.800136 0.567468 3.865607 14.242581 -1.341735 -6.660665 19.631979 0.14393 -0.64825 49.107922 -0.726427 -7.268281 0.353029 -1.511152 -0.031938 20.222805 3.684311 2.316627 18.787287 6e-06 -5e-06 10.751634 -0.479867 1.397905 1e-06 2e-06 1e-06 3.27381 0.305946 -0.58011 21.486828 11.830384 2.266129 8.16293 2e-06 -2e-06 18.399096 -3.798985 -4.94058 3e-06 -1e-06 -0.0 4.323755 -11.421065 11.187119 0.210825 0.297511 6.63135 -4.39945 -11.278988 -12.6235 1.752759 -1.768571 -4.182798 0.0 0.0 2e-06 -7.598636 17.835928 -29.872665 0.102712 0.637689 20.703714 17.118813 10.177924 1.19486 -1.470233 1.081279 -0.464818 0.0 -0.0 -1e-06 
0.0 0.0 0.0 0.0 -0.0 0.0 -24.682739 97.480927 85.263489 -3.803804 -28.34577 8.551796 -0.323906 -0.606275 -7.612656 -0.156592 -3.159728 -8.029084 5.567816 -6.45331 7.124493 -12.714195 19.579992 34.750774 -5.188483 -8.156921 -2.396067 -18.84856 -3.617342 17.244879 7.8e-05 -2.2e-05 6e-06 0.207577 -0.140092 -0.146609 1.102619 -3.74921 -10.16401 -0.698715 3.452644 -10.244707 -18.16188 -4.577939 14.736108 -50.194824 -11.270205 -21.64329 -176.903595 -44.334351 178.15303 -42.066784 -3.262108 9.56873 -5.882116 9.861295 0.702591 -10.936887 -0.360572 7.156214 -1e-06 8.774833 -0.0 -17.418806 17.319729 5.144776 -1.844035 2.498507 -2.507281 -10.163614 4.678952 4.621116 -20.976053 1e-06 2e-06 -21.226318 2.451702 -3.594005 0.0 -6e-06 -0.0 -1.362684 2.2408 -0.746324 -21.334942 0.584914 3.008327 -13.821233 -0.0 1e-06 -23.887203 -0.249076 -0.839487 -60.975536 2.619467 -1.122582 -0.294024 1.679688 0.833256 -14.218227 0.093218 1.300582 -34.212097 -0.28756 0.967169 -20.033241 0.96454 1.212843 2e-06 0.0 0.0 -3.440394 0.788234 0.501656 -15.928209 -3.167309 2.99971 -6.338835 -0.0 0.0 -18.123476 3.648189 -4.905677 -5e-06 0.0 -2e-06 20.756067 -0.284393 15.692662 35.041885 2.952567 6.540741 177.464371 70.734909 176.850632 39.644939 -18.633461 7.772593 2.243544 -5.255041 -3.180159 14.282904 -0.826598 6.952507 -3e-06 -12.690613 2e-06 15.315018 -18.531988 2.698531 1.665669 -1.955924 -2.8783 4.727804 -4.170593 4.993927 11.020536 3e-06 -2e-06 12.10906 -3.735717 -2.866785 -0.0 0.0 -1e-06 1.291986 -1.928551 -1.498091 14.800142 0.567469 3.86561 14.242585 -1.341737 -6.660663 19.631987 0.143927 -0.648246 49.073536 -0.785709 -7.192611 0.353031 -1.511155 -0.03194 20.222809 3.684312 2.31663 18.787292 5e-06 -2e-06 10.751639 -0.479866 1.397905 0.0 1e-06 -0.0 3.273811 0.305946 -0.58011 21.486834 11.830384 2.266132 8.162937 1e-06 -1e-06 18.399103 -3.798988 -4.940581 4e-06 1e-06 -1e-06 4.713911 -11.260197 10.688804 0.190761 0.249084 7.805361 -7.492151 -13.225496 -7.447681 1.769755 -1.690408 -6.496505 -0.0 1e-06 2e-06 -8.086864 16.299982 -27.356909 0.066038 0.626026 20.238235 15.667871 10.491802 -1.349127 -1.487781 1.13783 -0.457551 0.0 -0.0 -1e-06 
0.0 0.0 0.0 0.0 -0.0 0.0 -25.734934 98.150948 87.708008 -2.433777 -24.770376 8.270498 -0.377919 -0.683265 -8.161666 -0.230095 -3.366775 -8.159031 5.66815 -6.483384 6.13466 -13.254166 18.907955 33.187103 -5.056278 -8.020283 -2.350003 -19.038164 -3.773204 17.464075 7.9e-05 -2.3e-05 3e-06 0.164025 -0.155301 -0.145188 1.059676 -3.783719 -10.218075 -0.74489 3.458638 -10.257909 -19.865067 -4.998583 14.25578 -45.37867 -10.540121 -19.897602 -178.417999 -44.414322 178.915115 -39.444633 -4.042953 9.198561 -5.88211 9.861286 0.70259 -10.936877 -0.360573 7.156211 -0.0 8.774824 -1e-06 -17.305977 17.37326 5.318647 -1.844034 2.498505 -2.507279 -10.163605 4.678946 4.621112 -20.976032 0.0 3e-06 -21.226299 2.451701 -3.594001 2e-06 -6e-06 1e-06 -1.362681 2.240798 -0.746324 -21.334925 0.584913 3.008328 -13.821219 -0.0 3e-06 -23.887182 -0.249074 -0.839484 -60.927071 2.705412 -0.971665 -0.294027 1.679687 0.833255 -14.218217 0.093217 1.300583 -34.212067 -0.287556 0.96717 -20.03323 0.96454 1.212843 2e-06 0.0 -0.0 -3.440391 0.788234 0.501656 -15.928196 -3.167307 2.999712 -6.338829 -0.0 2e-06 -18.123459 3.648186 -4.905672 -4e-06 1e-06 -2e-06 22.044968 -0.450119 14.165342 31.412468 1.383318 4.782663 176.998428 70.356049 176.358444 36.961929 -14.605759 7.179452 2.243542 -5.255037 -3.180157 14.28289 -0.826596 6.952505 -3e-06 -12.690609 3e-06 15.2974 -18.61116 2.797171 1.665665 -1.955921 -2.878301 4.727797 -4.170588 4.993925 11.020528 5e-06 -2e-06 12.109055 -3.735715 -2.866785 -1e-06 -1e-06 -1e-06 1.291985 -1.928549 -1.49809 14.800131 0.56747 3.865608 14.242576 -1.341734 -6.660658 19.631971 0.143929 -0.648246 49.098015 -0.983813 -7.018484 0.353029 -1.511151 -0.031938 20.222795 3.68431 2.316629 18.787273 6e-06 -2e-06 10.751629 -0.479866 1.397906 1e-06 1e-06 1e-06 3.273807 0.305947 -0.580111 21.486816 11.830378 2.266128 8.16293 3e-06 -2e-06 18.399088 -3.798985 -4.940576 2e-06 -1e-06 -0.0 5.212056 -10.311526 9.329378 0.109747 0.246977 10.713237 -12.290702 -15.599476 -2.025817 1.793074 -1.696777 -7.791805 -0.0 -0.0 3e-06 -8.82151 14.807214 -24.399672 0.012239 0.564084 19.138546 14.024923 10.274749 -3.611898 -1.506528 1.111718 -0.301393 -0.0 0.0 -1e-06 
0.0 0.0 0.0 0.0 -0.0 0.0 -26.661026 98.707939 90.095345 -0.987978 -21.405331 7.738392 -0.350236 -0.675723 -8.347445 -0.250872 -3.345468 -8.186356 5.305458 -6.129507 5.326298 -14.033161 18.496582 31.147585 -5.136541 -8.434269 -2.295897 -19.302614 -4.253314 16.639956 7.7e-05 -2.3e-05 6e-06 0.093757 -0.158363 -0.14152 0.977409 -3.790628 -10.249868 -0.808022 3.460286 -10.244884 -21.021448 -5.337618 13.946618 -41.658543 -10.837221 -18.495764 -179.603851 -45.203197 179.488556 -37.66523 -4.73595 9.258332 -5.88211 9.86129 0.702591 -10.936877 -0.360575 7.15621 1e-06 8.774829 -1e-06 -17.251909 17.421637 5.435026 -1.844034 2.498506 -2.50728 -10.163606 4.678948 4.621112 -20.976038 -3e-06 2e-06 -21.226299 2.451697 -3.594003 1e-06 -7e-06 -0.0 -1.362682 2.240799 -0.746324 -21.334929 0.58491 3.008325 -13.821221 -3e-06 1e-06 -23.887184 -0.249079 -0.839485 -60.833805 2.81732 -0.910972 -0.294024 1.679688 0.833256 -14.218216 0.093215 1.300582 -34.21207 -0.287565 0.967169 -20.033226 0.964539 1.212844 2e-06 0.0 0.0 -3.440391 0.788234 0.501656 -15.928198 -3.167311 2.999709 -6.33883 -1e-06 1e-06 -18.123459 3.648183 -4.905674 -5e-06 0.0 -2e-06 22.629728 -0.054986 13.25595 29.201679 -0.379707 3.143134 176.018005 71.005661 175.527939 33.669064 -12.059781 7.441482 2.243543 -5.25504 -3.180159 14.282901 -0.826598 6.952506 -0.0 -12.690614 3e-06 15.273063 -18.615379 2.863936 1.665668 -1.955923 -2.878302 4.727801 -4.170592 4.993929 11.020534 3e-06 -2e-06 12.109058 -3.735717 -2.866787 1e-06 -1e-06 -1e-06 1.291986 -1.92855 -1.498091 14.800136 0.567466 3.865607 14.242584 -1.341738 -6.660664 19.631979 0.143925 -0.648251 49.249649 -1.146273 -6.830558 0.353029 -1.511151 -0.03194 20.222805 3.684309 2.316628 18.787285 4e-06 -5e-06 10.751636 -0.479869 1.397904 0.0 1e-06 0.0 3.273808 0.305946 -0.580112 21.486828 11.830379 2.266129 8.162931 1e-06 -2e-06 18.399097 -3.798988 -4.940583 2e-06 -1e-06 -1e-06 5.928518 -8.986763 7.126721 0.037947 0.176266 15.566124 -19.595646 -18.371185 5.203747 1.779091 -1.74661 -8.132569 0.0 1e-06 2e-06 -9.535793 13.276793 -21.043747 -0.056887 0.481867 17.77738 12.295918 9.773094 -5.631964 -1.518779 1.106138 -0.168164 0.0 0.0 -1e-06 
0.0 0.0 0.0 0.0 -0.0 0.0 -27.467442 99.029259 92.422173 0.211371 -18.274801 7.072222 -0.107445 -0.647294 -8.194057 -0.208221 -3.008551 -8.046678 4.657834 -5.593308 4.684004 -15.067993 18.534014 29.159933 -5.406406 -9.344815 -2.24603 -19.497746 -5.206572 14.76563 7.7e-05 -2.3e-05 5e-06 0.001464 -0.105709 -0.139537 0.852925 -3.722401 -10.273104 -0.872157 3.496901 -10.20346 -21.525503 -5.453028 13.887667 -39.940754 -12.153289 -17.784437 179.891739 -46.130817 179.621033 -36.399841 -5.334455 9.247966 -5.88211 9.861286 0.70259 -10.936877 -0.360573 7.156205 0.0 8.774826 -1e-06 -17.248016 17.479628 5.473608 -1.844034 2.498504 -2.507277 -10.163604 4.678946 4.621109 -20.976034 -2e-06 2e-06 -21.226295 2.451698 -3.594002 -1e-06 -6e-06 1e-06 -1.362682 2.240798 -0.746323 -21.334921 0.584911 3.008322 -13.821218 -2e-06 1e-06 -23.887178 -0.249078 -0.839484 -60.741344 2.93035 -1.03008 -0.294025 1.679687 0.833255 -14.218215 0.093216 1.300581 -34.212059 -0.287563 0.967168 -20.033226 0.964536 1.212842 1e-06 -0.0 -0.0 -3.440389 0.788233 0.501655 -15.928192 -3.167309 2.999707 -6.338829 -1e-06 0.0 -18.123457 3.648183 -4.905673 -4e-06 0.0 -1e-06 22.341917 0.624569 13.013859 28.716673 -2.060851 2.306726 175.595139 72.320442 175.406265 31.374174 -11.048276 7.904738 2.243543 -5.255037 -3.180157 14.282896 -0.826597 6.952503 -3e-06 -12.69061 6e-06 15.140078 -18.558969 2.929952 1.665668 -1.955921 -2.878299 4.727801 -4.170591 4.993927 11.020531 5e-06 -3e-06 12.109058 -3.735716 -2.866784 0.0 -1e-06 -0.0 1.291986 -1.928549 -1.49809 14.800132 0.567467 3.865609 14.242579 -1.341734 -6.660661 19.631975 0.143928 -0.648246 49.356224 -1.247322 -6.623067 0.353028 -1.511151 -0.031941 20.222801 3.684312 2.316627 18.787283 6e-06 -3e-06 10.751633 -0.479867 1.397905 -0.0 1e-06 -0.0 3.273808 0.305947 -0.580111 21.486822 11.830379 2.266128 8.16293 3e-06 -2e-06 18.399092 -3.798988 -4.940578 2e-06 -2e-06 -1e-06 6.876628 -8.054424 4.078214 0.060609 -0.055181 22.069523 -29.111422 -20.373755 14.337992 1.623669 -1.806978 -6.77328 -0.0 2e-06 4e-06 -9.924582 11.415278 -17.620335 -0.107968 0.44647 16.755417 10.752917 9.410866 -7.572553 -1.521547 1.127257 -0.037851 -0.0 -0.0 -1e-06 
0.0 0.0 0.0 0.0 -0.0 0.0 -28.087103 99.070129 94.546562 1.001776 -15.35949 6.287573 0.397359 -0.618002 -7.721307 -0.122302 -2.33923 -7.739664 3.967794 -5.053831 4.327454 -16.588524 19.182655 27.476255 -5.687006 -10.79588 -2.218925 -19.589848 -6.916967 11.51 7.8e-05 -2.2e-05 6e-06 -0.064011 -0.018315 -0.139074 0.727618 -3.601768 -10.321954 -0.881489 3.548542 -10.138261 -21.547045 -5.189363 13.874803 -40.228279 -14.287708 -17.428999 -179.934418 -46.858925 179.320221 -35.021564 -5.3699 9.077621 -5.882107 9.861284 0.70259 -10.936873 -0.360575 7.156208 1e-06 8.774826 -1e-06 -17.142033 17.588734 5.515949 -1.844034 2.498505 -2.507278 -10.163603 4.678945 4.62111 -20.97603 -5e-06 1e-06 -21.226292 2.451695 -3.594 -0.0 -5e-06 -0.0 -1.362682 2.240798 -0.746323 -21.334917 0.584909 3.008323 -13.821215 -3e-06 2e-06 -23.887171 -0.249081 -0.839482 -60.480446 3.020826 -1.284963 -0.294025 1.679687 0.833257 -14.218212 0.093214 1.300582 -34.212051 -0.287565 0.96717 -20.033215 0.964536 1.212845 1e-06 0.0 0.0 -3.44039 0.788233 0.501656 -15.928189 -3.16731 2.999708 -6.338828 -1e-06 1e-06 -18.123453 3.648181 -4.905672 -4e-06 0.0 -1e-06 21.533422 1.488105 13.46686 29.527246 -3.415632 1.862138 175.88385 73.901108 175.992706 30.012726 -11.061589 8.327494 2.243542 -5.255038 -3.180158 14.282895 -0.826595 6.952507 -3e-06 -12.690607 1e-06 14.951479 -18.497265 2.995136 1.665667 -1.955922 -2.878299 4.7278 -4.170588 4.993927 11.02053 4e-06 -1e-06 12.109056 -3.735717 -2.866787 1e-06 -1e-06 -1e-06 1.291986 -1.92855 -1.498089 14.800132 0.567468 3.865608 14.242578 -1.341737 -6.660659 19.631975 0.143928 -0.648245 49.452591 -1.222751 -6.416172 0.353029 -1.511152 -0.031938 20.222801 3.684311 2.316631 18.787283 6e-06 -1e-06 10.751633 -0.479869 1.397906 -0.0 1e-06 0.0 3.273808 0.305948 -0.580112 21.486822 11.830376 2.266133 8.162932 3e-06 -2e-06 18.399092 -3.798985 -4.940578 2e-06 -2e-06 -1e-06 8.033138 -7.702927 0.396365 0.155276 -0.341233 29.400803 -37.32465 -21.602602 22.171473 1.388152 -1.85097 -4.152293 -1e-06 1e-06 3e-06 -9.943678 9.035171 -14.422642 -0.138766 0.454073 16.388575 9.582994 9.4957 -9.474801 -1.514571 1.132421 0.075295 -0.0 -0.0 -1e-06 
0.0 0.0 0.0 0.0 -0.0 0.0 -28.556866 98.915855 96.473953 1.490675 -12.780979 5.429731 0.936781 -0.492781 -7.022013 0.015008 -1.531718 -7.385843 3.384599 -4.610265 4.371941 -18.417816 20.304552 26.25412 -5.871442 -12.570778 -2.182927 -19.637711 -9.093467 7.364857 7.6e-05 -2.4e-05 6e-06 -0.067597 0.030876 -0.140962 0.661919 -3.506803 -10.36581 -0.828945 3.549894 -10.057491 -21.296219 -4.500932 13.690337 -42.564217 -16.496439 -16.750036 -179.4189 -47.196007 178.956329 -33.697762 -4.511114 8.388954 -5.882106 9.861281 0.702591 -10.936872 -0.360574 7.156205 1e-06 8.774822 -1e-06 -16.933655 17.679724 5.540373 -1.844032 2.498504 -2.507278 -10.163599 4.678944 4.621109 -20.976021 -3e-06 5e-06 -21.226282 2.451698 -3.593997 1e-06 -6e-06 -0.0 -1.362682 2.240797 -0.746323 -21.334913 0.584909 3.008325 -13.821213 -3e-06 3e-06 -23.887167 -0.249077 -0.83948 -59.894386 3.032347 -1.440787 -0.294025 1.679687 0.833256 -14.218208 0.093215 1.300582 -34.212048 -0.287562 0.967174 -20.033211 0.964538 1.212845 0.0 -0.0 -0.0 -3.440389 0.788232 0.501656 -15.928185 -3.167309 2.999708 -6.338826 -1e-06 1e-06 -18.123444 3.648183 -4.905667 -4e-06 -0.0 -2e-06 20.893595 2.402816 14.003614 30.955896 -4.229307 1.521675 176.36705 75.91011 176.740784 29.353445 -11.655317 8.028889 2.243542 -5.255035 -3.180159 14.282894 -0.826595 6.9525 -0.0 -12.690604 2e-06 14.826184 -18.397333 3.026476 1.665667 -1.955921 -2.8783 4.727799 -4.170588 4.993925 11.020528 3e-06 -2e-06 12.109056 -3.735716 -2.866784 2e-06 -1e-06 -1e-06 1.291987 -1.928549 -1.498088 14.800131 0.567468 3.865604 14.242576 -1.341738 -6.660659 19.631971 0.143925 -0.648247 49.39917 -1.267753 -6.30475 0.35303 -1.511151 -0.031938 20.222794 3.684308 2.316627 18.787277 5e-06 -3e-06 10.75163 -0.479867 1.397904 0.0 1e-06 0.0 3.273808 0.305947 -0.580111 21.486816 11.830373 2.266129 8.162926 1e-06 -2e-06 18.399088 -3.798983 -4.940579 3e-06 1e-06 -1e-06 9.215258 -7.452098 -3.669998 0.192915 -0.477112 36.42738 -38.616535 -21.698042 22.121538 1.341112 -1.820718 -3.085069 -1e-06 -0.0 3e-06 -9.824294 6.395213 -11.502718 -0.182943 0.485513 16.436331 8.837836 9.955054 -11.264761 -1.507314 1.113396 0.09914 -0.0 -0.0 -1e-06 
0.0 0.0 0.0 0.0 -0.0 0.0 -28.949419 98.746712 98.209846 1.979414 -10.431057 4.728034 1.299579 -0.262895 -6.261708 0.123424 -0.78788 -7.09199 2.867761 -4.174019 4.740129 -20.072121 21.358761 25.55699 -6.071039 -14.127095 -2.095679 -19.550356 -11.107762 3.55434 7.6e-05 -2.2e-05 5e-06 -0.065552 0.059715 -0.143533 0.603796 -3.447536 -10.417324 -0.773016 3.549448 -10.019698 -21.092321 -3.560066 13.483125 -46.10603 -17.958805 -15.698823 -178.884537 -46.965923 178.705597 -32.888866 -2.586949 7.09905 -5.882105 9.861284 0.702589 -10.93687 -0.360576 7.156206 0.0 8.774824 -1e-06 -16.813364 17.757963 5.535356 -1.844033 2.498504 -2.507279 -10.163601 4.678944 4.621109 -20.976023 -4e-06 3e-06 -21.226288 2.451696 -3.594002 0.0 -6e-06 0.0 -1.362682 2.240798 -0.746322 -21.334913 0.58491 3.008323 -13.821215 -3e-06 2e-06 -23.887173 -0.249078 -0.839484 -59.782276 3.005274 -1.425133 -0.294024 1.679687 0.833255 -14.218207 0.093215 1.30058 -34.212048 -0.287564 0.96717 -20.033211 0.964536 1.212844 1e-06 -0.0 0.0 -3.440389 0.788234 0.501655 -15.928185 -3.16731 2.999709 -6.338826 -1e-06 -0.0 -18.123444 3.648183 -4.905672 -5e-06 -0.0 -2e-06 20.806097 3.273869 14.506349 32.858646 -4.307445 0.469968 176.212128 78.758781 176.640747 28.524862 -13.078688 7.814247 2.243543 -5.255039 -3.18016 14.282896 -0.826594 6.952505 -1e-06 -12.690606 -1e-06 14.880208 -18.283657 2.980805 1.665667 -1.955922 -2.8783 4.7278 -4.170589 4.993925 11.020531 2e-06 -1e-06 12.109057 -3.735717 -2.866786 1e-06 -1e-06 0.0 1.291987 -1.928549 -1.49809 14.800132 0.567468 3.865608 14.242579 -1.341737 -6.66066 19.631973 0.143927 -0.648246 49.459534 -1.297278 -6.257716 0.353029 -1.511151 -0.03194 20.222801 3.684311 2.316631 18.787283 4e-06 -1e-06 10.751633 -0.479869 1.397906 -0.0 -0.0 -0.0 3.273809 0.305948 -0.580113 21.486824 11.830379 2.266132 8.162933 1e-06 0.0 18.399094 -3.798987 -4.940578 3e-06 -0.0 -1e-06 10.168081 -7.524253 -8.367826 0.183899 -0.556518 41.640156 -36.423073 -21.003937 17.404636 1.427993 -1.827731 -2.981296 -0.0 -0.0 3e-06 -9.915726 4.107199 -8.814432 -0.215365 0.499773 16.20134 8.425068 10.234118 -12.72101 -1.501435 1.088091 0.138763 -0.0 -0.0 -1e-06 
0.0 0.0 0.0 0.0 -0.0 0.0 -29.288309 98.622124 99.966423 2.796765 -8.345927 4.215488 1.421564 -0.049011 -5.507215 0.131094 -0.099321 -6.837376 2.24984 -3.583099 5.248861 -21.297207 22.096775 25.314363 -6.282324 -15.273656 -1.968663 -19.406019 -12.833442 0.921274 7.6e-05 -2.2e-05 6e-06 -0.075507 0.087129 -0.146311 0.541603 -3.413851 -10.472256 -0.734797 3.57436 -10.024247 -20.90073 -2.499841 13.366599 -49.936214 -18.379477 -14.441831 -178.501923 -46.274353 178.478531 -32.746719 0.133274 5.634259 -5.88211 9.861291 0.702589 -10.936877 -0.360573 7.156209 -0.0 8.774828 -0.0 -16.704283 17.927126 5.607774 -1.844034 2.498507 -2.507278 -10.163608 4.678948 4.62111 -20.976038 -1e-06 3e-06 -21.226303 2.4517 -3.594003 1e-06 -7e-06 -0.0 -1.362683 2.240799 -0.746324 -21.334925 0.58491 3.008324 -13.821221 -2e-06 3e-06 -23.887184 -0.249079 -0.839486 -60.143845 3.015723 -1.365204 -0.294027 1.679688 0.833256 -14.218217 0.093216 1.300581 -34.21207 -0.287563 0.967171 -20.033226 0.964537 1.212843 1e-06 0.0 -1e-06 -3.440391 0.788232 0.501655 -15.928196 -3.16731 2.99971 -6.33883 -1e-06 1e-06 -18.123459 3.648185 -4.905674 -3e-06 -0.0 -2e-06 20.951742 4.207587 15.004596 35.334633 -3.655949 -1.333079 174.218719 82.162804 174.490707 26.922369 -15.242209 8.249157 2.243543 -5.255037 -3.18016 14.282896 -0.826595 6.952503 -2e-06 -12.690605 -0.0 15.0705 -18.117256 2.894523 1.665669 -1.955923 -2.878299 4.727798 -4.170588 4.993924 11.020531 2e-06 -2e-06 12.109057 -3.735716 -2.866788 0.0 1e-06 -2e-06 1.291986 -1.92855 -1.498092 14.800132 0.567465 3.865608 14.242578 -1.341736 -6.660663 19.631973 0.143924 -0.648248 49.70657 -1.232314 -6.209068 0.353031 -1.511152 -0.031941 20.222797 3.684311 2.316626 18.787279 4e-06 -4e-06 10.751631 -0.479868 1.397904 0.0 -1e-06 -0.0 3.273808 0.305947 -0.58011 21.48682 11.830378 2.266131 8.16293 1e-06 -2e-06 18.399092 -3.798986 -4.940581 3e-06 -0.0 -1e-06 10.463931 -7.939563 -13.564402 0.151179 -0.627575 44.563179 -32.948601 -19.696463 12.036638 1.563037 -1.883689 -3.058462 -0.0 0.0 3e-06 -10.512483 2.360691 -6.222592 -0.216921 0.513492 15.542434 8.207155 10.40796 -13.940976 -1.498896 1.066145 0.358321 0.0 -0.0 -1e-06 
0.0 0.0 0.0 0.0 -0.0 0.0 -29.553562 98.463837 101.840126 3.766465 -6.714578 3.946353 1.485086 0.141267 -4.763807 0.080011 0.550663 -6.55667 1.653647 -2.809946 5.733386 -22.225243 22.558388 25.241859 -6.35069 -16.111366 -1.857631 -19.248056 -14.240032 -0.584489 7.8e-05 -2.2e-05 5e-06 -0.072189 0.088784 -0.146278 0.505678 -3.414432 -10.494041 -0.694915 3.580581 -10.009612 -20.699881 -1.341338 13.199391 -53.300236 -17.833456 -12.88274 -178.60759 -45.396915 178.561508 -33.198277 3.073522 4.47878 -5.882109 9.861286 0.70259 -10.936874 -0.360575 7.156208 -0.0 8.774826 -2e-06 -16.591055 18.057116 5.724585 -1.844032 2.498504 -2.507277 -10.163603 4.678945 4.621109 -20.97603 -1e-06 3e-06 -21.226294 2.451701 -3.594002 0.0 -5e-06 1e-06 -1.362682 2.240798 -0.746324 -21.334917 0.584912 3.008326 -13.821218 -1e-06 3e-06 -23.887178 -0.249076 -0.839483 -60.668461 3.07312 -1.32225 -0.294025 1.679687 0.833255 -14.218212 0.093216 1.300581 -34.212055 -0.287558 0.967172 -20.033218 0.964539 1.212844 1e-06 -1e-06 -1e-06 -3.44039 0.788234 0.501657 -15.928189 -3.167307 2.999709 -6.338828 1e-06 2e-06 -18.123451 3.648185 -4.90567 -3e-06 -0.0 -2e-06 20.973608 5.395219 15.406021 37.861103 -2.52464 -3.001673 170.149567 85.262321 170.253006 25.052446 -17.378067 8.945485 2.243541 -5.255035 -3.180157 14.28289 -0.826597 6.9525 0.0 -12.690603 2e-06 15.263517 -18.000921 2.831847 1.665666 -1.955921 -2.878298 4.727798 -4.170588 4.993924 11.020524 3e-06 -1e-06 12.109051 -3.735714 -2.866783 0.0 0.0 -1e-06 1.291985 -1.928549 -1.49809 14.800125 0.567467 3.865607 14.242568 -1.341736 -6.660658 19.631962 0.143926 -0.648246 49.93327 -1.170765 -6.179871 0.353029 -1.51115 -0.03194 20.222786 3.684307 2.316628 18.78727 3e-06 -2e-06 10.751627 -0.479868 1.397905 1e-06 -1e-06 0.0 3.273805 0.305947 -0.580111 21.486809 11.830369 2.266129 8.162928 1e-06 0.0 18.39908 -3.798985 -4.940575 3e-06 1e-06 -1e-06 10.282726 -8.368292 -19.097679 0.095586 -0.680077 45.977402 -28.704611 -17.864071 6.917573 1.683323 -1.952874 -3.04658 -0.0 1e-06 2e-06 -11.35499 1.065255 -3.942294 -0.202788 0.565382 14.784892 8.075427 10.649202 -15.156834 -1.49732 1.032842 0.608627 -0.0 -0.0 -1e-06 
0.0 0.0 0.0 0.0 -0.0 0.0 -29.719978 98.257515 103.787079 4.671006 -5.674168 3.955813 1.570085 0.360806 -4.114079 0.012347 1.171128 -6.301285 1.202236 -1.958316 6.182415 -22.947216 22.778692 25.240284 -6.243087 -16.680685 -1.798325 -19.238113 -15.246026 -1.278902 7.6e-05 -2.3e-05 4e-06 -0.051102 0.088655 -0.134533 0.49988 -3.418927 -10.484975 -0.649119 3.587927 -9.981238 -20.645275 -0.153511 12.926366 -55.578243 -16.645187 -11.332458 -179.067261 -44.727127 178.851898 -33.889851 5.515635 4.03992 -5.882109 9.861287 0.702589 -10.936875 -0.360577 7.156209 0.0 8.77483 -2e-06 -16.448406 18.105606 5.829583 -1.844032 2.498507 -2.507281 -10.163605 4.678946 4.621109 -20.976034 -3e-06 -0.0 -21.226299 2.451697 -3.594005 -1e-06 -6e-06 -1e-06 -1.362683 2.240799 -0.746324 -21.334927 0.58491 3.008324 -13.82122 -0.0 -1e-06 -23.887182 -0.24908 -0.839486 -61.056805 3.117619 -1.257998 -0.294025 1.679685 0.833257 -14.218213 0.093216 1.300579 -34.212063 -0.287563 0.967168 -20.033222 0.964538 1.212843 1e-06 -1e-06 1e-06 -3.440391 0.788232 0.501655 -15.928192 -3.16731 2.999709 -6.338828 1e-06 1e-06 -18.123453 3.648183 -4.905674 -4e-06 1e-06 -1e-06 20.82889 6.775172 15.684549 39.809013 -1.084588 -3.778733 163.084671 87.392487 162.958923 23.640598 -18.678478 9.366643 2.243545 -5.255041 -3.180159 14.282904 -0.826595 6.952507 -2e-06 -12.690618 1e-06 15.382368 -17.930462 2.77681 1.665668 -1.955924 -2.878303 4.727802 -4.170591 4.993927 11.020535 4e-06 -1e-06 12.109062 -3.735719 -2.866786 -0.0 0.0 -2e-06 1.291988 -1.928552 -1.498091 14.80014 0.567468 3.865609 14.242584 -1.341735 -6.660665 19.631985 0.14393 -0.648248 50.004646 -1.084898 -6.252069 0.353031 -1.511152 -0.03194 20.222805 3.684314 2.316631 18.787287 7e-06 -3e-06 10.751637 -0.479868 1.397907 0.0 -1e-06 -0.0 3.273809 0.305948 -0.580111 21.486832 11.830385 2.266132 8.162937 1e-06 0.0 18.399099 -3.798986 -4.94058 3e-06 3e-06 -1e-06 9.837904 -8.691187 -24.570093 0.017531 -0.714348 46.420982 -24.360733 -15.76532 2.891095 1.751156 -2.001388 -2.930515 -0.0 -0.0 3e-06 -12.344706 0.172617 -1.868371 -0.193437 0.626117 13.901223 8.140199 11.111518 -16.105467 -1.492215 0.994179 0.739862 0.0 0.0 -1e-06 
0.0 0.0 0.0 0.0 -0.0 0.0 -29.753471 97.968468 105.83651 5.413377 -5.2768 4.172626 1.696562 0.57338 -3.556856 -0.028453 1.798275 -6.054648 0.890419 -1.050024 6.589264 -23.61397 22.87005 25.214224 -6.121967 -17.058067 -1.7395 -19.368258 -15.962388 -1.529175 7.7e-05 -2.3e-05 5e-06 -0.040394 0.109046 -0.12211 0.482242 -3.40112 -10.421067 -0.614484 3.613127 -9.933724 -20.661587 1.055277 12.565928 -56.960026 -15.241713 -10.264508 -179.411377 -44.349735 179.094482 -34.394489 7.122053 4.818963 -5.88211 9.861288 0.702591 -10.936875 -0.360574 7.15621 -1e-06 8.77483 -2e-06 -16.312981 18.086031 5.894956 -1.844033 2.498506 -2.507278 -10.163602 4.678948 4.621113 -20.97603 2e-06 4e-06 -21.226292 2.451702 -3.594002 -0.0 -5e-06 -1e-06 -1.362683 2.240799 -0.746323 -21.334917 0.584915 3.008328 -13.821218 -0.0 2e-06 -23.887175 -0.249073 -0.839483 -61.117645 3.183809 -1.247781 -0.294025 1.679686 0.833257 -14.218212 0.093217 1.300582 -34.212055 -0.287557 0.96717 -20.033218 0.964541 1.212845 2e-06 0.0 -1e-06 -3.44039 0.788235 0.501656 -15.928192 -3.167308 2.999711 -6.338829 0.0 1e-06 -18.123453 3.648186 -4.905673 -4e-06 0.0 -2e-06 20.479012 8.340813 15.88792 41.27084 0.706865 -3.535698 152.474533 88.408485 152.310181 23.024458 -19.211052 9.594228 2.243544 -5.255043 -3.180159 14.282901 -0.826598 6.952507 -3e-06 -12.690618 4e-06 15.445536 -17.869955 2.701913 1.66567 -1.955924 -2.8783 4.727803 -4.170592 4.993929 11.020536 2e-06 -3e-06 12.109061 -3.735719 -2.866787 -0.0 0.0 -0.0 1.291988 -1.928553 -1.498092 14.800142 0.567469 3.865608 14.242584 -1.341738 -6.660664 19.631985 0.143928 -0.648246 49.957684 -1.066509 -6.331708 0.353029 -1.511151 -0.031939 20.222803 3.684313 2.316629 18.787289 4e-06 -2e-06 10.751637 -0.479867 1.397906 0.0 -1e-06 -0.0 3.273808 0.305947 -0.580112 21.48683 11.830386 2.266131 8.162935 1e-06 -1e-06 18.399099 -3.79899 -4.940581 3e-06 2e-06 -1e-06 9.362545 -8.919537 -29.650023 -0.105675 -0.820214 45.888176 -20.999788 -14.09575 0.337828 1.776849 -2.038962 -2.767049 -1e-06 1e-06 3e-06 -13.277515 -0.378422 -0.178189 -0.182144 0.698284 12.996918 8.410075 11.804159 -16.993664 -1.484165 0.969117 0.76573 0.0 -0.0 -1e-06 
0.0 0.0 0.0 0.0 -0.0 0.0 -29.70182 97.618538 107.995094 5.924735 -5.472336 4.591421 1.841712 0.789423 -3.097137 -0.040409 2.404486 -5.873808 0.628002 -0.130351 6.939086 -24.250031 22.788603 25.06842 -5.933689 -17.214941 -1.71968 -19.528904 -16.381704 -1.61091 7.7e-05 -2.3e-05 5e-06 -0.039745 0.129761 -0.112905 0.463772 -3.387265 -10.367027 -0.597347 3.642531 -9.910803 -20.503544 2.236699 12.124309 -57.757526 -13.938154 -9.615518 -179.693466 -44.312763 179.345093 -34.640495 7.811936 6.559481 -5.882107 9.861288 0.702593 -10.936877 -0.360575 7.156212 1e-06 8.774828 1e-06 -16.172632 18.055202 5.937553 -1.844032 2.498504 -2.507279 -10.163603 4.678948 4.621112 -20.97603 -4e-06 6e-06 -21.226295 2.4517 -3.593998 0.0 -6e-06 0.0 -1.362683 2.240796 -0.746322 -21.334921 0.58491 3.008328 -13.821218 -2e-06 5e-06 -23.887178 -0.249077 -0.839479 -61.011997 3.253724 -1.260046 -0.294025 1.679688 0.833257 -14.218216 0.093215 1.300583 -34.212067 -0.287563 0.967176 -20.033222 0.964539 1.212847 1e-06 -1e-06 -0.0 -3.44039 0.788232 0.501658 -15.928192 -3.16731 2.999711 -6.338829 -1e-06 1e-06 -18.123455 3.648183 -4.905668 -4e-06 -0.0 -2e-06 19.927959 10.010909 16.102171 42.405819 2.931659 -2.179413 153.770477 88.35218 153.6306 23.265951 -19.079536 9.909861 2.243541 -5.255038 -3.180157 14.282892 -0.826595 6.952505 -4e-06 -12.690606 2e-06 15.496825 -17.854099 2.61363 1.665666 -1.95592 -2.8783 4.727798 -4.170588 4.993926 11.020524 5e-06 0.0 12.10905 -3.735716 -2.866782 0.0 -0.0 0.0 1.291986 -1.928551 -1.498089 14.800129 0.567468 3.86561 14.242572 -1.341734 -6.660657 19.631968 0.143927 -0.648244 49.811359 -1.127924 -6.421429 0.353028 -1.51115 -0.031939 20.222794 3.684312 2.316632 18.787271 5e-06 1e-06 10.751629 -0.47987 1.397908 0.0 1e-06 0.0 3.273806 0.305945 -0.58011 21.486813 11.830379 2.266134 8.162926 1e-06 0.0 18.39908 -3.798987 -4.940572 3e-06 1e-06 -0.0 9.031589 -9.022893 -33.944065 -0.259478 -0.959373 43.989662 -18.532948 -12.77252 -0.921661 1.771568 -2.049645 -2.632079 0.0 1e-06 2e-06 -14.113666 -0.699234 1.321948 -0.16189 0.786038 11.812783 8.864303 12.691824 -17.640539 -1.473268 0.960975 0.609983 -0.0 0.0 -1e-06 
0.0 0.0 0.0 0.0 -0.0 0.0 -29.616394 97.152802 110.279251 6.123995 -6.143042 5.216874 2.024755 1.002421 -2.757379 -0.040507 3.001147 -5.748559 0.350141 0.825155 7.190315 -24.854618 22.578871 24.712036 -5.675989 -17.190569 -1.734856 -19.64176 -16.559183 -1.741967 7.7e-05 -2.2e-05 5e-06 -0.060224 0.121497 -0.105116 0.430867 -3.40338 -10.295429 -0.604456 3.642537 -9.887288 -19.843233 3.32832 11.661766 -58.462234 -12.928157 -9.427622 -179.742432 -44.459919 179.463486 -34.706787 7.542194 8.613531 -5.882107 9.861291 0.70259 -10.936875 -0.360575 7.156208 1e-06 8.774829 -0.0 -16.080387 18.048006 5.958583 -1.844033 2.498505 -2.507277 -10.163605 4.678947 4.621111 -20.976032 -3e-06 2e-06 -21.226295 2.451696 -3.594002 0.0 -7e-06 1e-06 -1.362682 2.240799 -0.746325 -21.334925 0.58491 3.008325 -13.821221 -4e-06 2e-06 -23.887182 -0.249077 -0.839482 -60.880516 3.339427 -1.325544 -0.294026 1.679687 0.833256 -14.218215 0.093215 1.300583 -34.212067 -0.287562 0.967172 -20.033222 0.964538 1.212845 0.0 1e-06 -1e-06 -3.44039 0.788232 0.501656 -15.928192 -3.16731 2.999709 -6.338829 1e-06 0.0 -18.123457 3.648184 -4.905673 -4e-06 0.0 -1e-06 19.100042 11.620909 16.264311 43.551636 5.746179 0.332888 163.500366 87.445724 163.508636 24.204319 -18.289986 10.430959 2.243541 -5.255037 -3.18016 14.282894 -0.826594 6.952503 -1e-06 -12.690605 -0.0 15.54238 -17.910952 2.629959 1.665665 -1.955921 -2.878301 4.727798 -4.170588 4.993925 11.020529 4e-06 -1e-06 12.109056 -3.735715 -2.866784 0.0 -1e-06 1e-06 1.291983 -1.92855 -1.498089 14.800132 0.567468 3.865608 14.242578 -1.341736 -6.66066 19.631973 0.143927 -0.648245 49.80621 -1.26843 -6.444124 0.353028 -1.511152 -0.031939 20.222795 3.684309 2.316629 18.787275 4e-06 -2e-06 10.75163 -0.47987 1.397905 -0.0 2e-06 0.0 3.273808 0.305946 -0.580112 21.486816 11.830376 2.266131 8.16293 2e-06 -1e-06 18.399088 -3.798984 -4.940577 3e-06 1e-06 -1e-06 9.129383 -8.993185 -37.218044 -0.41886 -1.096684 40.378258 -17.062355 -12.13479 -1.266931 1.764917 -2.030584 -2.482202 0.0 -0.0 2e-06 -14.748494 -0.961901 2.509736 -0.156397 0.904655 10.688334 9.418525 13.841511 -18.246166 -1.461119 0.961149 0.364271 0.0 0.0 -1e-06 
0.0 0.0 0.0 0.0 -0.0 0.0 -29.550234 96.615288 112.750412 5.907648 -7.262949 6.083603 2.229733 1.219801 -2.607551 -0.056027 3.62008 -5.693573 0.080938 1.813233 7.331808 -25.524704 22.380707 24.064375 -5.369073 -16.916349 -1.787099 -19.587997 -16.450237 -1.937033 7.7e-05 -2.3e-05 6e-06 -0.085338 0.093173 -0.098732 0.393393 -3.435891 -10.22284 -0.617858 3.617214 -9.861465 -18.60709 4.361869 11.259185 -59.38372 -12.252688 -9.722957 -179.500946 -44.72102 179.378754 -34.704426 6.351065 10.565125 -5.882106 9.861288 0.702591 -10.936875 -0.360574 7.156209 0.0 8.774828 1e-06 -16.110483 18.10383 5.966986 -1.844031 2.498505 -2.507278 -10.163603 4.678944 4.621109 -20.976027 -5e-06 4e-06 -21.22629 2.451701 -3.593999 -1e-06 -4e-06 1e-06 -1.362684 2.240798 -0.746322 -21.334917 0.584909 3.008323 -13.821216 -4e-06 3e-06 -23.887173 -0.249078 -0.839481 -60.915062 3.405041 -1.384885 -0.294026 1.679685 0.833256 -14.218212 0.093215 1.300582 -34.212048 -0.287561 0.967176 -20.033215 0.964539 1.212845 0.0 2e-06 0.0 -3.440389 0.788235 0.501657 -15.928191 -3.167311 2.999711 -6.338826 0.0 2e-06 -18.123447 3.648183 -4.905668 -5e-06 0.0 -1e-06 18.12706 13.103088 16.345943 44.998337 8.987332 3.61075 168.55632 85.943916 168.691971 24.97411 -16.826038 11.384256 2.243542 -5.255036 -3.180158 14.282894 -0.826599 6.952504 -2e-06 -12.690609 4e-06 15.545168 -17.958693 2.773266 1.665665 -1.955922 -2.878299 4.727798 -4.170592 4.993927 11.020529 4e-06 -1e-06 12.109055 -3.735719 -2.866784 0.0 -1e-06 0.0 1.291987 -1.928548 -1.49809 14.800132 0.567468 3.865609 14.242575 -1.341735 -6.660658 19.631973 0.143928 -0.648245 49.91161 -1.373836 -6.376871 0.353029 -1.511152 -0.031938 20.222797 3.684311 2.31663 18.787279 2e-06 -1e-06 10.751631 -0.479868 1.397906 -0.0 0.0 0.0 3.273806 0.305947 -0.580111 21.486813 11.830378 2.266129 8.162928 0.0 -1e-06 18.399084 -3.798987 -4.940576 3e-06 0.0 -1e-06 9.988921 -8.894302 -39.122826 -0.54938 -1.230495 34.59911 -16.826263 -12.244153 -0.521399 1.78389 -2.008789 -2.309542 0.0 0.0 2e-06 -15.087658 -1.158461 3.725601 -0.15192 0.996335 8.930665 10.066862 15.359154 -18.426155 -1.451663 0.987757 -0.026519 0.0 0.0 -1e-06 
0.0 0.0 0.0 0.0 -0.0 0.0 -29.535454 95.933586 115.427269 5.077947 -8.953586 7.219106 2.518013 1.445622 -2.660069 -0.069667 4.326904 -5.718376 -0.093706 2.864002 7.342618 -26.413057 22.246815 23.094543 -4.988679 -16.373407 -1.92747 -19.382668 -15.961287 -2.370252 7.7e-05 -2.3e-05 6e-06 -0.089524 0.046588 -0.097967 0.386078 -3.489116 -10.164278 -0.618382 3.573878 -9.842531 -16.851593 5.402872 11.063293 -60.736153 -11.881253 -10.438977 -179.026016 -45.046391 179.232422 -34.585911 4.551539 11.818754 -5.882107 9.861288 0.702588 -10.936875 -0.360574 7.156208 0.0 8.774824 -1e-06 -16.184507 18.19013 5.98725 -1.844034 2.498505 -2.507279 -10.163605 4.678946 4.621111 -20.97603 -2e-06 6e-06 -21.226294 2.451699 -3.594 -0.0 -5e-06 1e-06 -1.362682 2.2408 -0.746324 -21.334921 0.584909 3.008326 -13.821218 -4e-06 2e-06 -23.887178 -0.249077 -0.83948 -61.008617 3.386244 -1.44464 -0.294024 1.679689 0.833255 -14.218214 0.093213 1.300581 -34.212063 -0.287562 0.967174 -20.033222 0.964537 1.212844 -0.0 1e-06 -1e-06 -3.44039 0.788233 0.501653 -15.928192 -3.167313 2.999708 -6.338828 1e-06 1e-06 -18.123453 3.648183 -4.90567 -5e-06 0.0 -0.0 16.931868 14.483125 16.472136 47.128769 12.711501 7.3907 171.147751 84.215004 171.375336 24.97798 -14.832293 12.576283 2.243545 -5.255039 -3.18016 14.282903 -0.826597 6.952507 -3e-06 -12.690614 2e-06 15.509983 -18.071602 3.065502 1.665667 -1.955923 -2.878301 4.727802 -4.17059 4.993927 11.020535 4e-06 -1e-06 12.109059 -3.735717 -2.866785 0.0 -2e-06 0.0 1.291986 -1.928551 -1.498089 14.800139 0.567468 3.86561 14.242582 -1.341735 -6.660661 19.631983 0.143926 -0.648246 50.263573 -1.370995 -6.216174 0.353027 -1.51115 -0.03194 20.222803 3.684312 2.316632 18.787287 4e-06 0.0 10.751636 -0.479869 1.397907 1e-06 1e-06 0.0 3.273812 0.305948 -0.580111 21.486828 11.830383 2.266133 8.162933 3e-06 -0.0 18.399096 -3.798988 -4.940578 3e-06 -1e-06 -1e-06 12.007016 -8.772538 -39.53693 -0.606623 -1.345186 26.573854 -18.114332 -12.165344 1.695783 1.800711 -2.029027 -2.214751 -0.0 -1e-06 2e-06 -14.998124 -1.27411 4.504491 -0.144235 1.024078 7.481853 10.676707 17.364876 -18.419415 -1.439619 1.012943 -0.450437 -0.0 0.0 -1e-06 
0.0 0.0 0.0 0.0 -0.0 0.0 -29.493574 95.14521 118.289009 3.649338 -11.106665 8.583578 2.895589 1.749802 -2.922005 -0.042806 5.058531 -5.843048 -0.149317 3.887856 7.316327 -27.649729 22.382061 21.814005 -4.554361 -15.608369 -2.180408 -19.030333 -15.023385 -2.73976 7.8e-05 -2.2e-05 6e-06 -0.087455 -0.021106 -0.113151 0.409685 -3.591329 -10.240413 -0.638837 3.535452 -9.941536 -15.451716 6.341763 11.078266 -61.837349 -11.613832 -11.348455 -178.792099 -45.390713 179.331787 -34.733746 3.039546 12.218032 -5.882111 9.861292 0.70259 -10.936878 -0.360573 7.156208 1e-06 8.774829 0.0 -16.253555 18.334795 6.101862 -1.844035 2.498507 -2.50728 -10.163605 4.678947 4.621111 -20.97604 -4e-06 1e-06 -21.226307 2.451699 -3.594003 -0.0 -4e-06 -0.0 -1.362685 2.240798 -0.746323 -21.33493 0.584912 3.008323 -13.821223 -2e-06 0.0 -23.887184 -0.249076 -0.839484 -61.139149 3.272598 -1.425957 -0.294024 1.679689 0.833255 -14.218219 0.093216 1.300581 -34.212074 -0.287563 0.967171 -20.03323 0.964538 1.212846 -0.0 1e-06 -0.0 -3.440392 0.788235 0.501655 -15.928201 -3.167311 2.999708 -6.33883 1e-06 -0.0 -18.123463 3.648186 -4.905674 -4e-06 2e-06 -1e-06 16.012974 15.839873 16.710194 49.348339 16.604439 11.438122 173.113464 82.71183 173.544266 24.576019 -12.346747 13.172547 2.243544 -5.255039 -3.180159 14.2829 -0.826597 6.952507 -2e-06 -12.690612 1e-06 15.600044 -18.159214 3.370752 1.665667 -1.955922 -2.878299 4.727801 -4.170588 4.993927 11.020531 4e-06 -2e-06 12.109058 -3.735716 -2.866785 0.0 -0.0 -0.0 1.291987 -1.92855 -1.49809 14.800136 0.567469 3.86561 14.24258 -1.341736 -6.660662 19.631977 0.143928 -0.648246 50.794014 -1.286406 -5.988326 0.353029 -1.511152 -0.031939 20.222803 3.68431 2.31663 18.787287 3e-06 -1e-06 10.751636 -0.479867 1.397906 0.0 -0.0 -0.0 3.273808 0.305946 -0.58011 21.486824 11.830381 2.266132 8.162931 2e-06 -1e-06 18.399092 -3.798988 -4.940579 1e-06 -0.0 -1e-06 14.862545 -8.777538 -39.11557 -0.521597 -1.379951 19.167439 -19.245916 -10.974623 2.90391 1.794746 -2.158544 -2.2902 -0.0 -0.0 2e-06 -14.598874 -1.072317 5.519251 -0.116444 0.984548 5.096972 11.5059 19.335852 -17.724674 -1.422158 1.000212 -0.837874 -0.0 0.0 -1e-06 
0.0 0.0 0.0 0.0 -0.0 0.0 -29.342123 94.216797 121.204628 1.981693 -13.312907 10.040194 2.926305 2.107462 -3.348758 0.053684 5.771786 -5.992681 0.153239 4.61877 7.431906 -29.100855 22.877081 20.292557 -4.134063 -14.595794 -2.442876 -18.190985 -13.724835 -2.868951 7.8e-05 -2.2e-05 6e-06 -0.111736 -0.032601 -0.111269 0.401073 -3.628208 -10.376579 -0.674819 3.550654 -10.092031 -15.509665 7.235577 10.686717 -61.745888 -11.297141 -12.11596 -178.855835 -45.854797 179.453659 -35.45298 2.582394 12.080898 -5.882111 9.861292 0.702591 -10.936878 -0.360574 7.156211 1e-06 8.774833 -1e-06 -16.149437 18.467413 6.302007 -1.844035 2.498506 -2.50728 -10.163607 4.678949 4.621112 -20.97604 -1e-06 2e-06 -21.226307 2.451698 -3.594006 -0.0 -4e-06 0.0 -1.362682 2.240802 -0.746324 -21.33493 0.584911 3.008324 -13.821223 -4e-06 1e-06 -23.887184 -0.249079 -0.839485 -61.249626 3.345953 -1.388647 -0.294025 1.679688 0.833255 -14.218219 0.093216 1.300581 -34.212082 -0.287563 0.967167 -20.033232 0.964538 1.212843 -0.0 1e-06 1e-06 -3.440392 0.788232 0.501656 -15.928196 -3.167311 2.999707 -6.33883 1e-06 0.0 -18.123459 3.648183 -4.905673 -4e-06 2e-06 -1e-06 16.523602 17.233517 17.203587 49.857784 20.260685 15.49991 176.200745 81.468758 176.848663 24.562218 -9.236754 12.528198 2.243544 -5.255044 -3.180161 14.282906 -0.826599 6.952512 -1e-06 -12.690618 2e-06 15.741265 -18.063828 3.519911 1.665668 -1.955925 -2.878302 4.727805 -4.170593 4.99393 11.02054 1e-06 -3e-06 12.109066 -3.735721 -2.866787 0.0 -0.0 -1e-06 1.291988 -1.928551 -1.498092 14.800142 0.567467 3.865613 14.242588 -1.341738 -6.660667 19.63199 0.143924 -0.648248 51.345177 -1.296372 -5.826706 0.353029 -1.511153 -0.031939 20.222815 3.684309 2.316632 18.787296 3e-06 -2e-06 10.751641 -0.47987 1.397907 2e-06 -1e-06 1e-06 3.27381 0.305948 -0.580111 21.486834 11.830384 2.266135 8.162937 0.0 -1e-06 18.399107 -3.798991 -4.940583 4e-06 -1e-06 -0.0 16.543161 -7.534052 -39.350151 -0.450027 -1.334374 17.48897 -21.479214 -10.270749 4.643828 1.833019 -2.266008 -2.221005 -0.0 -0.0 2e-06 -14.140575 -0.509117 6.7264 -0.02315 0.995649 2.363391 12.450727 20.518063 -16.847868 -1.404258 0.954051 -1.106405 -0.0 0.0 -1e-06 
0.0 0.0 0.0 0.0 -0.0 0.0 -28.933817 93.453667 123.930832 0.895938 -15.03709 11.415582 2.439595 2.450616 -3.817615 0.036591 6.136017 -6.131149 0.23846 5.20166 7.936102 -29.822456 22.91798 18.942608 -3.731457 -13.023709 -2.836521 -17.348398 -12.715633 -3.272069 7.7e-05 -2.2e-05 6e-06 -0.003889 -0.007201 -0.120286 0.494374 -3.591933 -10.489785 -0.554349 3.57145 -10.210134 -17.21892 7.950738 9.866076 -59.754108 -11.997409 -12.760828 -178.915665 -46.55584 179.324097 -36.272968 2.69649 11.458297 -5.882107 9.861287 0.70259 -10.936873 -0.360576 7.156206 0.0 8.774829 -3e-06 -15.822277 18.425425 6.486078 -1.844031 2.498506 -2.507278 -10.163601 4.678944 4.621106 -20.976027 -2e-06 1e-06 -21.226288 2.451698 -3.594 1e-06 -5e-06 0.0 -1.362681 2.240801 -0.746325 -21.334919 0.58491 3.008322 -13.821218 -3e-06 -0.0 -23.887175 -0.249082 -0.839485 -61.049988 3.279303 -1.225932 -0.294024 1.679688 0.833256 -14.218209 0.093215 1.300581 -34.212055 -0.287563 0.967167 -20.033215 0.964536 1.212841 -1e-06 2e-06 -0.0 -3.440388 0.788233 0.501653 -15.928191 -3.16731 2.999705 -6.338828 -0.0 1e-06 -18.123451 3.648183 -4.905673 -5e-06 0.0 -3e-06 18.899746 18.387014 17.713272 48.226234 22.980452 18.594973 -179.682404 80.505737 -179.006195 25.048271 -6.81907 12.991432 2.243541 -5.255036 -3.180158 14.28289 -0.826593 6.952503 -4e-06 -12.690603 -0.0 15.818823 -18.006281 3.653576 1.665666 -1.955921 -2.878298 4.727798 -4.170587 4.993923 11.020525 4e-06 -1e-06 12.109052 -3.735714 -2.866783 0.0 0.0 0.0 1.291985 -1.92855 -1.498089 14.800129 0.56747 3.865608 14.24257 -1.341734 -6.660657 19.631968 0.143927 -0.648244 51.699131 -1.302012 -5.623765 0.353028 -1.511151 -0.031941 20.222794 3.684312 2.316631 18.787273 8e-06 1e-06 10.751629 -0.479867 1.397908 -2e-06 1e-06 0.0 3.273807 0.305948 -0.580112 21.486818 11.830376 2.266134 8.162927 3e-06 -1e-06 18.39908 -3.798982 -4.940574 2e-06 -0.0 -2e-06 15.804897 -4.637218 -41.971001 -0.59144 -1.306379 24.504919 -20.701788 -11.77541 4.528799 1.742825 -2.169141 -0.691281 -0.0 1e-06 2e-06 -14.132689 0.35866 7.258359 0.087161 0.975981 0.919366 12.775189 21.056208 -16.22167 -1.41144 0.903069 -1.678367 -0.0 0.0 -1e-06 
0.0 0.0 0.0 0.0 -0.0 0.0 -28.516647 93.024979 126.737473 0.501905 -16.451616 12.04134 2.149801 2.72099 -3.766358 -0.161583 6.634218 -6.22838 -0.511356 5.727131 8.437537 -29.276333 23.022686 19.007851 -4.051413 -11.6531 -2.890076 -17.110521 -12.323562 -4.045676 7.8e-05 -2.3e-05 6e-06 0.011903 0.200489 -0.108719 0.534928 -3.414308 -10.442388 -0.563976 3.810733 -10.229131 -17.152544 8.306114 9.509334 -59.5312 -13.433348 -13.553972 -178.606293 -47.033936 179.127472 -36.85461 2.059523 10.321541 -5.882112 9.861292 0.702591 -10.936881 -0.360575 7.156211 -1e-06 8.774828 -2e-06 -15.840869 18.581732 6.563016 -1.844035 2.498505 -2.50728 -10.16361 4.67895 4.621113 -20.976044 -1e-06 3e-06 -21.226311 2.451701 -3.594002 1e-06 -4e-06 1e-06 -1.362684 2.2408 -0.746324 -21.334934 0.584909 3.008327 -13.821226 -1e-06 2e-06 -23.887192 -0.249077 -0.839485 -61.583679 3.251536 -1.064069 -0.294025 1.679688 0.833257 -14.218223 0.093216 1.300581 -34.212082 -0.287559 0.967174 -20.03323 0.964541 1.212844 -1e-06 -0.0 -0.0 -3.440392 0.788236 0.501655 -15.928201 -3.16731 2.99971 -6.33883 2e-06 2e-06 -18.123463 3.648185 -4.905672 -4e-06 -0.0 -3e-06 18.940229 18.866207 18.455761 49.239273 25.575243 19.895811 179.032455 81.181755 -179.994263 25.141827 -6.015751 14.073235 2.243543 -5.255037 -3.180158 14.282893 -0.826595 6.952503 -2e-06 -12.690607 -2e-06 15.670169 -17.832434 3.572816 1.665666 -1.955922 -2.878299 4.727799 -4.170588 4.993927 11.020528 4e-06 -1e-06 12.109055 -3.735716 -2.866786 -0.0 -0.0 -0.0 1.291986 -1.92855 -1.498087 14.800131 0.567468 3.865607 14.242574 -1.341736 -6.660659 19.631969 0.143926 -0.648244 51.361938 -1.127339 -5.677482 0.353029 -1.511151 -0.03194 20.222797 3.684309 2.316631 18.787275 4e-06 -1e-06 10.751631 -0.479869 1.397906 -1e-06 0.0 -0.0 3.273807 0.305947 -0.58011 21.486816 11.830377 2.266135 8.162928 2e-06 -1e-06 18.399088 -3.798985 -4.940576 3e-06 -0.0 -1e-06 14.734079 -2.88624 -43.793327 -0.619243 -1.340714 31.425978 -17.83865 -13.611949 -0.47582 1.713001 -2.133222 0.168032 -0.0 -0.0 2e-06 -14.596792 1.529617 8.315686 0.040296 1.13875 -0.21645 12.294309 20.316576 -14.879813 -1.423577 0.919928 -2.849468 0.0 -0.0 -1e-06 
0.0 0.0 0.0 0.0 -0.0 0.0 -28.100677 93.035645 129.651398 0.71551 -17.674158 12.407711 1.631059 2.854182 -3.750898 -0.398505 7.148025 -6.304582 -1.607572 5.920717 8.683134 -28.528536 23.941746 20.053829 -4.492085 -10.663307 -2.89333 -16.416531 -11.668489 -3.214054 7.7e-05 -2.2e-05 6e-06 -0.008397 0.308166 -0.10575 0.532097 -3.358872 -10.575749 -0.603541 3.971744 -10.380803 -15.731466 8.328959 9.788705 -60.831379 -14.667369 -13.993539 -178.532684 -47.326794 179.120682 -37.785454 1.481565 10.613847 -5.882106 9.861284 0.70259 -10.936871 -0.360575 7.156205 -1e-06 8.774826 -2e-06 -16.03618 18.676403 6.459427 -1.844033 2.498505 -2.507277 -10.163599 4.678944 4.621108 -20.976023 -2e-06 0.0 -21.226288 2.451697 -3.594004 -0.0 -6e-06 0.0 -1.362681 2.240798 -0.746324 -21.334913 0.58491 3.008322 -13.821213 -3e-06 0.0 -23.887167 -0.24908 -0.839485 -62.035107 3.15659 -1.11872 -0.294024 1.679684 0.833256 -14.218207 0.093216 1.300581 -34.212048 -0.287561 0.967167 -20.033211 0.964538 1.212841 -1e-06 -0.0 -1e-06 -3.440387 0.788235 0.501653 -15.928185 -3.167309 2.999708 -6.338825 0.0 -1e-06 -18.123444 3.648184 -4.905672 -5e-06 0.0 -2e-06 16.693159 18.814949 18.806971 52.719551 27.278679 21.488071 177.884766 82.907013 179.123413 25.375031 -7.251319 16.207516 2.243542 -5.255037 -3.180159 14.282896 -0.826596 6.952504 -3e-06 -12.690609 2e-06 15.514076 -17.724331 3.499905 1.665666 -1.955922 -2.8783 4.7278 -4.170588 4.993925 11.020529 2e-06 -1e-06 12.109056 -3.735716 -2.866786 1e-06 -1e-06 -1e-06 1.291986 -1.92855 -1.498089 14.800131 0.567467 3.865609 14.242574 -1.341736 -6.660659 19.631971 0.143926 -0.648246 51.027122 -1.107035 -5.806646 0.353029 -1.511151 -0.031939 20.222797 3.68431 2.316631 18.787279 4e-06 -0.0 10.751631 -0.479869 1.397908 -1e-06 1e-06 -0.0 3.273808 0.305947 -0.580112 21.48682 11.830379 2.266134 8.162928 1e-06 -1e-06 18.399086 -3.798987 -4.940577 4e-06 -0.0 -1e-06 13.449045 -2.349157 -43.849182 -0.617391 -1.279859 34.980171 -15.315154 -13.251483 -4.278709 1.700247 -2.064312 0.700523 0.0 -0.0 2e-06 -15.384975 2.733603 9.072742 -0.033161 1.522467 -0.663726 11.208495 18.442486 -12.655361 -1.429776 0.897548 -3.655747 -0.0 -0.0 -1e-06 
0.0 0.0 0.0 0.0 -0.0 0.0 -27.72834 93.432327 132.492477 0.603212 -18.951582 12.990219 1.287654 2.910388 -3.73969 -0.543898 7.338068 -6.397271 -2.579639 5.966312 8.69414 -28.17556 25.012115 21.042055 -4.486241 -10.209286 -2.957364 -15.50581 -10.973672 -1.993319 7.7e-05 -2.3e-05 5e-06 -0.030127 0.30588 -0.099609 0.533315 -3.406867 -10.76846 -0.646119 4.015504 -10.599904 -14.485085 8.128355 10.139023 -62.097855 -15.096004 -14.117353 -178.67572 -46.842617 179.314438 -38.809364 1.162745 10.629968 -5.882106 9.861285 0.702594 -10.936875 -0.360577 7.156206 2e-06 8.774827 2e-06 -16.014288 18.567455 6.304233 -1.844031 2.498505 -2.507278 -10.163603 4.678943 4.621109 -20.976027 -3e-06 5e-06 -21.226288 2.451698 -3.593998 -1e-06 -8e-06 0.0 -1.362681 2.240797 -0.746323 -21.334917 0.584907 3.008325 -13.821217 -5e-06 2e-06 -23.887171 -0.24908 -0.839479 -61.814857 3.081862 -1.254561 -0.294026 1.679688 0.833256 -14.218212 0.093215 1.300582 -34.212063 -0.287564 0.967174 -20.033218 0.964536 1.212846 -0.0 -0.0 -1e-06 -3.440389 0.788235 0.501656 -15.928189 -3.16731 2.99971 -6.338827 1e-06 -1e-06 -18.123447 3.648182 -4.905668 -5e-06 1e-06 -2e-06 14.002385 18.47764 18.739164 55.333027 27.508217 22.678925 177.418854 83.772697 178.857574 26.752525 -9.604215 15.864957 2.243543 -5.255037 -3.180159 14.282896 -0.826594 6.952507 -4e-06 -12.690607 0.0 15.417061 -17.812962 3.37657 1.665667 -1.955922 -2.878299 4.7278 -4.170588 4.993926 11.020529 5e-06 1e-06 12.109056 -3.735713 -2.866783 -0.0 -1e-06 0.0 1.291986 -1.928549 -1.49809 14.800134 0.567469 3.865611 14.242576 -1.341734 -6.660657 19.631973 0.143927 -0.648241 50.558239 -1.084261 -6.093737 0.35303 -1.511149 -0.03194 20.222801 3.684311 2.316633 18.787283 6e-06 2e-06 10.751634 -0.479867 1.397908 -0.0 -0.0 -1e-06 3.273808 0.305947 -0.580112 21.486822 11.830377 2.266135 8.16293 2e-06 -0.0 18.39909 -3.798985 -4.940574 4e-06 -0.0 -1e-06 12.552525 -2.228923 -43.03056 -0.5871 -1.212088 36.475056 -13.399738 -11.862869 -7.233539 1.692152 -1.949779 0.925098 0.0 -1e-06 2e-06 -15.766087 3.979815 8.845577 -0.176309 1.876063 0.267506 10.195781 16.191671 -8.858917 -1.426193 0.860442 -4.909378 -0.0 -0.0 -1e-06 
0.0 0.0 0.0 0.0 -0.0 0.0 -27.441889 94.030769 135.112595 0.236028 -20.377918 13.645885 1.009091 2.83623 -3.827577 -0.639703 7.364077 -6.473844 -3.317677 5.793794 8.77344 -27.984423 25.756178 21.368435 -4.427095 -9.971234 -3.000784 -14.504325 -10.736286 -1.12574 7.8e-05 -2.2e-05 5e-06 -0.037938 0.237216 -0.096256 0.544423 -3.481994 -10.805861 -0.671654 3.952126 -10.687669 -14.147756 7.823573 10.364355 -62.575161 -15.064616 -14.33029 -178.789764 -46.395756 179.578751 -39.260723 1.43797 11.111559 -5.882111 9.861286 0.702589 -10.936875 -0.360577 7.156206 0.0 8.774826 -2e-06 -16.058609 18.490309 6.301859 -1.844032 2.498506 -2.507279 -10.163603 4.678946 4.621109 -20.97603 -3e-06 1e-06 -21.226295 2.451698 -3.594001 0.0 -8e-06 0.0 -1.362681 2.240799 -0.746324 -21.334925 0.584908 3.008324 -13.821218 -3e-06 0.0 -23.887178 -0.24908 -0.839483 -61.477303 2.984311 -1.23272 -0.294025 1.679687 0.833256 -14.218212 0.093215 1.300579 -34.212063 -0.287565 0.96717 -20.033218 0.964534 1.212843 -1e-06 -0.0 -2e-06 -3.440389 0.788234 0.501654 -15.928192 -3.16731 2.999707 -6.338829 -1e-06 -1e-06 -18.123453 3.648182 -4.905672 -5e-06 -0.0 -2e-06 12.94702 18.03438 19.015984 54.880241 26.572828 21.794399 176.844177 83.171974 178.338989 29.152939 -11.469268 12.478753 2.243541 -5.255036 -3.180157 14.282892 -0.826592 6.952503 -3e-06 -12.690602 -0.0 15.600448 -17.858078 3.224212 1.665666 -1.955921 -2.878297 4.7278 -4.170586 4.993922 11.020528 4e-06 0.0 12.109055 -3.735714 -2.866781 -0.0 -0.0 -1e-06 1.291986 -1.92855 -1.498088 14.800134 0.56747 3.865608 14.242572 -1.341735 -6.660655 19.631969 0.143927 -0.648242 50.418156 -1.095289 -6.333249 0.353029 -1.51115 -0.03194 20.222797 3.68431 2.316632 18.787279 5e-06 1e-06 10.751631 -0.479869 1.397906 -1e-06 1e-06 -0.0 3.273807 0.305948 -0.58011 21.48682 11.830376 2.266136 8.162929 1e-06 -1e-06 18.399084 -3.798982 -4.940574 1e-06 0.0 -1e-06 12.120992 -2.19975 -41.50639 -0.504507 -1.118458 36.68021 -12.288683 -10.386541 -9.489127 1.668934 -1.91306 1.214145 -0.0 -1e-06 2e-06 -16.016912 5.394374 6.995482 -0.244058 2.263917 3.89366 9.044111 14.660679 -4.396071 -1.411364 0.811679 -6.72931 0.0 0.0 -1e-06 
0.0 0.0 0.0 0.0 -0.0 0.0 -27.112865 94.782791 137.535446 -0.545289 -21.948854 14.102855 0.975828 2.765556 -3.846858 -0.718516 7.136787 -6.55253 -3.677581 5.421163 9.089931 -27.918833 26.039097 21.372988 -4.168547 -9.691936 -3.086166 -13.667704 -10.28803 -0.578331 7.6e-05 -2.3e-05 6e-06 -0.03146 0.187384 -0.107273 0.570408 -3.528105 -10.841379 -0.681791 3.898888 -10.776985 -14.588676 7.340999 10.640543 -62.441708 -14.982159 -15.051531 -178.876404 -46.276047 179.750824 -38.88097 2.518767 12.69272 -5.882113 9.861292 0.702592 -10.936883 -0.360573 7.156213 1e-06 8.774833 -0.0 -16.017786 18.432268 6.252737 -1.844034 2.498507 -2.507279 -10.163611 4.67895 4.621113 -20.976046 -2e-06 2e-06 -21.226309 2.451702 -3.594003 0.0 -8e-06 1e-06 -1.362682 2.240801 -0.746323 -21.334936 0.584912 3.008327 -13.821229 -1e-06 1e-06 -23.887192 -0.249077 -0.839483 -61.257099 3.008843 -1.232972 -0.294025 1.679688 0.833256 -14.218223 0.093215 1.300583 -34.212082 -0.28756 0.967172 -20.033234 0.964541 1.212845 -1e-06 -0.0 -2e-06 -3.440392 0.788232 0.501656 -15.928203 -3.167309 2.99971 -6.338832 -1e-06 -0.0 -18.123463 3.648187 -4.905673 -5e-06 -0.0 -2e-06 13.319846 17.588102 19.486685 52.307766 24.605614 19.316984 177.579346 81.697098 179.1315 31.40032 -12.816696 9.668646 2.243544 -5.255042 -3.18016 14.2829 -0.826597 6.952507 -2e-06 -12.690618 4e-06 15.834661 -18.194481 3.133319 1.665669 -1.955921 -2.878301 4.727802 -4.170592 4.993929 11.020535 2e-06 -2e-06 12.10906 -3.735719 -2.866788 1e-06 -2e-06 -0.0 1.291987 -1.928552 -1.498091 14.800138 0.567467 3.865609 14.242584 -1.341737 -6.660665 19.631985 0.143928 -0.648249 50.508347 -1.131955 -6.681697 0.353028 -1.511151 -0.031939 20.222803 3.684311 2.316629 18.787289 3e-06 -3e-06 10.751637 -0.479868 1.397905 -2e-06 -0.0 1e-06 3.273808 0.305947 -0.580111 21.486828 11.830384 2.26613 8.162935 0.0 -1e-06 18.399099 -3.798991 -4.940582 3e-06 -1e-06 -1e-06 11.990737 -2.104848 -39.337845 -0.400243 -1.008794 36.04007 -11.305641 -8.945938 -11.121516 1.665726 -1.915718 1.181043 -0.0 -1e-06 2e-06 -15.969525 7.132281 4.279943 -0.224502 2.470265 9.362185 8.531388 13.724841 -0.072921 -1.403126 0.79813 -8.386764 -0.0 -0.0 -2e-06 
0.0 0.0 0.0 0.0 -0.0 0.0 -26.894165 95.542221 139.87944 -1.55581 -23.545034 14.279775 1.041551 2.585433 -3.843822 -0.733268 6.770451 -6.57469 -3.810576 4.916104 9.483092 -27.504587 26.187016 21.642624 -4.002256 -9.3087 -3.131229 -12.792407 -9.807611 0.147241 7.7e-05 -2.2e-05 6e-06 -0.023321 0.164931 -0.12215 0.580735 -3.535544 -10.846745 -0.671459 3.859933 -10.826197 -15.103662 6.639913 11.046614 -62.301456 -15.069699 -16.34897 -179.125275 -46.307331 -179.997421 -37.890995 3.615968 14.942328 -5.882106 9.861284 0.70259 -10.936873 -0.360577 7.156206 1e-06 8.774823 -1e-06 -16.177801 18.425169 6.125382 -1.844031 2.498505 -2.507276 -10.163604 4.678943 4.621109 -20.976027 -6e-06 4e-06 -21.226288 2.451697 -3.593997 0.0 -7e-06 -0.0 -1.362679 2.240798 -0.746324 -21.334915 0.584908 3.008323 -13.821215 -2e-06 1e-06 -23.887171 -0.249079 -0.839481 -61.215782 3.062822 -1.243066 -0.294024 1.679688 0.833256 -14.218212 0.093213 1.300581 -34.212055 -0.287562 0.967177 -20.033216 0.964539 1.212846 -1e-06 1e-06 -1e-06 -3.440388 0.788232 0.501657 -15.928189 -3.167311 2.99971 -6.338826 -0.0 1e-06 -18.123446 3.648182 -4.905668 -5e-06 -1e-06 -1e-06 14.444034 16.904673 19.969851 49.384426 22.071661 15.998146 179.462692 80.383217 -179.084991 32.606087 -14.171463 9.20863 2.243542 -5.255034 -3.180158 14.282896 -0.826593 6.952503 -3e-06 -12.690605 1e-06 15.93192 -18.516188 3.111446 1.665666 -1.955921 -2.878298 4.727798 -4.170588 4.993925 11.020527 3e-06 -0.0 12.109054 -3.735716 -2.866784 0.0 -1e-06 -0.0 1.291986 -1.92855 -1.49809 14.800132 0.567466 3.865608 14.242577 -1.341736 -6.660657 19.631973 0.143926 -0.648244 50.621075 -1.204663 -6.944298 0.353028 -1.511149 -0.03194 20.222797 3.684309 2.316631 18.787279 3e-06 1e-06 10.75163 -0.479869 1.397905 -1e-06 1e-06 -0.0 3.273808 0.305948 -0.580111 21.486818 11.830377 2.266133 8.162928 3e-06 0.0 18.399082 -3.798985 -4.940575 2e-06 -0.0 -1e-06 12.034515 -1.905602 -36.578766 -0.313525 -0.923271 35.004654 -10.281517 -7.624012 -12.53727 1.66344 -1.91839 1.130235 0.0 -2e-06 2e-06 -15.663136 9.305995 1.309554 -0.200231 2.563959 15.727592 8.055491 12.894534 4.067801 -1.410327 0.816258 -9.676215 -0.0 0.0 -2e-06 
0.0 0.0 0.0 0.0 -0.0 0.0 -26.805517 96.2285 142.260452 -2.551202 -25.190327 14.042578 1.064734 2.3257 -3.779203 -0.725688 6.243321 -6.544154 -3.832547 4.359699 9.814796 -26.530071 26.425825 22.616507 -3.927399 -8.891653 -3.140857 -11.892626 -9.370964 1.321583 7.7e-05 -2.2e-05 8e-06 -0.040807 0.170342 -0.137516 0.552444 -3.53381 -10.850714 -0.675192 3.867787 -10.886021 -15.261262 5.807631 11.600829 -62.457237 -15.476171 -17.815443 -179.673889 -46.060844 -179.583908 -36.564045 4.444255 17.442703 -5.882104 9.861283 0.702589 -10.936868 -0.360577 7.156202 1e-06 8.774822 0.0 -16.545965 18.39286 5.879887 -1.844032 2.498505 -2.507279 -10.163597 4.678944 4.621105 -20.976017 -4e-06 0.0 -21.226282 2.451694 -3.594001 -0.0 -7e-06 -1e-06 -1.362681 2.240796 -0.746323 -21.334906 0.58491 3.00832 -13.821208 -2e-06 1e-06 -23.887159 -0.24908 -0.839484 -61.329868 3.078969 -1.298616 -0.294026 1.679686 0.833256 -14.218205 0.093216 1.300579 -34.212036 -0.287565 0.967166 -20.033209 0.964534 1.212843 0.0 1e-06 -1e-06 -3.440387 0.788233 0.501656 -15.928181 -3.167307 2.999705 -6.338824 -1e-06 -2e-06 -18.123444 3.648183 -4.905671 -5e-06 -1e-06 -2e-06 15.756781 15.807136 20.418562 47.051449 19.360601 12.621736 -177.619461 79.756386 -176.406555 31.993395 -15.66548 11.158504 2.24354 -5.255037 -3.180157 14.282892 -0.826593 6.952504 -2e-06 -12.690604 0.0 15.764806 -18.668291 3.099729 1.665665 -1.955921 -2.878298 4.727799 -4.170588 4.993925 11.020526 5e-06 -0.0 12.109053 -3.735716 -2.866783 0.0 -1e-06 -0.0 1.291986 -1.92855 -1.49809 14.800132 0.567468 3.865608 14.242577 -1.341738 -6.660658 19.631971 0.143926 -0.648244 50.359085 -1.2277 -7.088935 0.353029 -1.51115 -0.03194 20.222794 3.684309 2.316632 18.787273 4e-06 1e-06 10.751629 -0.479865 1.397907 -1e-06 1e-06 -1e-06 3.273807 0.305945 -0.58011 21.486816 11.830373 2.266133 8.162928 3e-06 0.0 18.399086 -3.798986 -4.940575 2e-06 1e-06 -2e-06 11.931289 -1.432599 -33.201561 -0.260173 -0.899269 33.77137 -9.282167 -6.588702 -13.801098 1.662712 -1.888138 1.00586 -0.0 -1e-06 2e-06 -15.173814 11.79513 -1.383389 -0.189153 2.592823 22.338923 6.817129 11.280832 7.273829 -1.418729 0.83323 -9.997355 0.0 0.0 -4e-06 
0.0 0.0 0.0 0.0 -0.0 0.0 -26.852221 96.675362 144.517578 -3.191158 -26.917049 13.31815 0.885325 1.995449 -3.639683 -0.748634 5.63653 -6.45976 -3.870071 3.708456 9.999344 -25.237621 26.846582 24.278183 -3.834169 -8.445835 -3.135594 -10.961017 -8.892946 2.840852 7.7e-05 -2.3e-05 6e-06 -0.079988 0.192075 -0.155234 0.517357 -3.544517 -10.892759 -0.714834 3.919595 -10.988793 -15.120142 4.987065 12.12949 -62.666111 -16.124969 -18.900457 179.559967 -45.338154 -179.055664 -35.391476 4.656132 19.525072 -5.882108 9.861284 0.702589 -10.936872 -0.360572 7.156206 1e-06 8.774824 -1e-06 -17.048203 18.392864 5.635569 -1.844031 2.498505 -2.507277 -10.163601 4.678946 4.621109 -20.976023 -1e-06 2e-06 -21.22629 2.451698 -3.594002 -0.0 -6e-06 -1e-06 -1.362681 2.240796 -0.746324 -21.334917 0.58491 3.008323 -13.821214 -2e-06 3e-06 -23.887171 -0.249077 -0.839482 -61.713642 3.011991 -1.355442 -0.294025 1.679688 0.833256 -14.21821 0.093217 1.300582 -34.212055 -0.287561 0.967172 -20.033216 0.964538 1.212843 -0.0 1e-06 -0.0 -3.440389 0.788234 0.501656 -15.928189 -3.167307 2.999707 -6.338827 -0.0 1e-06 -18.123449 3.648183 -4.905669 -5e-06 -0.0 -2e-06 16.81432 14.393211 20.79921 45.610569 16.642311 9.540301 -174.33905 79.948402 -173.360291 29.730639 -17.183252 14.69334 2.243542 -5.255037 -3.180157 14.282887 -0.826595 6.952499 0.0 -12.690601 1e-06 15.605328 -18.647692 3.02187 1.665666 -1.955921 -2.878299 4.727796 -4.170588 4.993924 11.020523 1e-06 -2e-06 12.10905 -3.735716 -2.866784 -0.0 -0.0 0.0 1.291987 -1.928549 -1.498089 14.800125 0.567467 3.865605 14.24257 -1.341738 -6.660658 19.631966 0.143926 -0.648247 49.849884 -1.208673 -7.026693 0.35303 -1.511151 -0.03194 20.222786 3.684303 2.316628 18.78727 0.0 -3e-06 10.751625 -0.47987 1.397904 0.0 1e-06 0.0 3.273805 0.305948 -0.580111 21.486801 11.830372 2.266128 8.162924 0.0 -1e-06 18.399076 -3.798985 -4.940577 3e-06 0.0 -0.0 11.492301 -0.826515 -29.605459 -0.214633 -0.910462 32.75518 -8.416471 -5.784869 -15.232884 1.662874 -1.830492 0.891716 0.0 -1e-06 2e-06 -14.76296 14.099196 -3.788458 -0.146571 2.54346 28.908464 4.715453 8.883862 8.970937 -1.412658 0.842647 -9.291569 0.0 -0.0 -3e-06 
0.0 0.0 0.0 0.0 -0.0 0.0 -27.001667 96.932129 146.683044 -3.310395 -28.948429 12.197076 0.471521 1.612242 -3.448485 -0.810416 5.049358 -6.351256 -4.086 2.930032 10.13878 -24.067875 27.369577 26.00469 -3.765945 -8.030755 -3.130018 -10.231611 -8.397377 4.347131 7.7e-05 -2.3e-05 8e-06 -0.106488 0.206147 -0.174103 0.51635 -3.571357 -10.936181 -0.766572 3.97187 -11.096958 -15.376293 4.130942 12.511202 -61.98999 -16.819311 -19.883167 178.863708 -44.147594 -178.664368 -34.93639 3.685656 20.280195 -5.882106 9.861283 0.702588 -10.936872 -0.360577 7.156205 0.0 8.774822 -3e-06 -17.518486 18.498564 5.509812 -1.844034 2.498505 -2.507278 -10.163599 4.678944 4.621108 -20.976023 -5e-06 3e-06 -21.226286 2.451695 -3.594001 -0.0 -6e-06 -2e-06 -1.362681 2.240798 -0.746324 -21.334915 0.584908 3.008323 -13.821215 -3e-06 1e-06 -23.887171 -0.24908 -0.83948 -62.278362 2.890591 -1.449091 -0.294023 1.679684 0.833255 -14.218207 0.093214 1.30058 -34.212051 -0.287567 0.967169 -20.033211 0.964534 1.212843 -0.0 1e-06 1e-06 -3.440387 0.788234 0.501654 -15.928185 -3.16731 2.999707 -6.338827 -3e-06 -0.0 -18.123446 3.648182 -4.905673 -4e-06 0.0 0.0 17.542732 12.905825 21.04781 44.657307 13.812435 6.686465 -172.677505 80.416939 -171.895203 27.365837 -18.916309 18.206936 2.243544 -5.255038 -3.180158 14.282895 -0.826595 6.952504 -1e-06 -12.690609 1e-06 15.563034 -18.49637 2.984856 1.665666 -1.955923 -2.878299 4.727802 -4.170592 4.993926 11.020531 2e-06 -2e-06 12.109056 -3.735717 -2.866785 0.0 -1e-06 0.0 1.291987 -1.92855 -1.498089 14.800132 0.567467 3.865607 14.242577 -1.341738 -6.66066 19.631973 0.143927 -0.648247 49.624104 -1.072738 -6.770132 0.353031 -1.511152 -0.031939 20.222801 3.68431 2.316629 18.787281 3e-06 -2e-06 10.751633 -0.47987 1.397906 0.0 0.0 0.0 3.273808 0.305946 -0.580112 21.486818 11.830378 2.266131 8.16293 1e-06 -1e-06 18.399088 -3.798985 -4.940579 2e-06 -0.0 -1e-06 10.597548 -0.338724 -25.804834 -0.158357 -0.933081 31.714823 -7.700952 -4.756478 -16.687654 1.656858 -1.792225 0.814903 0.0 -1e-06 2e-06 -14.82719 15.806146 -6.627393 -0.030865 2.406753 35.737671 2.37013 6.495605 8.892219 -1.412213 0.879414 -7.150623 0.0 -0.0 -3e-06 
0.0 0.0 0.0 0.0 -0.0 0.0 -27.205908 97.129051 148.645203 -3.265021 -31.261478 11.102641 0.026299 1.270102 -3.295921 -0.85719 4.485953 -6.220001 -4.421463 2.02469 10.287748 -23.281729 27.829943 27.138996 -3.895811 -7.953562 -3.054532 -9.826872 -8.043989 5.734085 7.6e-05 -2.3e-05 6e-06 -0.102488 0.191881 -0.18974 0.547917 -3.610327 -10.915681 -0.7874 3.979712 -11.14586 -16.526026 3.084632 12.667134 -59.851433 -17.128113 -21.528353 178.668625 -42.758045 -178.603302 -35.630363 0.882079 19.541296 -5.882109 9.86129 0.702593 -10.936877 -0.360575 7.156209 1e-06 8.774831 -1e-06 -17.812807 18.580217 5.351992 -1.844031 2.498505 -2.507278 -10.163606 4.678946 4.62111 -20.976038 -3e-06 3e-06 -21.226299 2.451699 -3.593999 0.0 -7e-06 0.0 -1.362682 2.240798 -0.746323 -21.334925 0.58491 3.008327 -13.821221 -2e-06 3e-06 -23.887184 -0.249077 -0.839483 -62.547676 2.754671 -1.563783 -0.294027 1.679688 0.833257 -14.218219 0.093216 1.300582 -34.212074 -0.287562 0.96717 -20.033228 0.964539 1.212842 1e-06 -0.0 1e-06 -3.44039 0.788233 0.501656 -15.928194 -3.16731 2.999709 -6.338832 -1e-06 2e-06 -18.123457 3.648185 -4.90567 -4e-06 -0.0 -1e-06 18.19981 11.445778 21.199438 43.555424 11.03566 4.418794 -173.424866 80.455772 -172.860458 26.959972 -20.897173 21.118126 2.243541 -5.255038 -3.180157 14.282892 -0.826594 6.952505 -3e-06 -12.690608 1e-06 15.64576 -18.300451 2.965478 1.665667 -1.955922 -2.878299 4.727799 -4.170589 4.993925 11.020529 4e-06 -1e-06 12.109053 -3.735714 -2.866784 -0.0 -1e-06 -0.0 1.291984 -1.92855 -1.498089 14.800131 0.567468 3.865609 14.242573 -1.341734 -6.660657 19.631969 0.143925 -0.648245 49.599369 -0.900564 -6.55547 0.353028 -1.51115 -0.03194 20.222794 3.68431 2.316631 18.787273 5e-06 -0.0 10.751629 -0.47987 1.397907 0.0 2e-06 -0.0 3.273807 0.305947 -0.580111 21.486814 11.830379 2.266132 8.162928 0.0 0.0 18.399084 -3.798984 -4.940574 3e-06 -2e-06 -1e-06 9.552376 0.131292 -22.105068 -0.069572 -0.919112 30.347303 -7.141561 -3.483663 -17.772291 1.644928 -1.797786 0.778109 -0.0 -1e-06 2e-06 -15.147386 16.846037 -10.396907 0.123327 2.250193 42.363197 0.480456 4.845328 7.267385 -1.427132 0.929531 -4.944604 -0.0 0.0 -0.0 
0.0 0.0 0.0 0.0 -0.0 0.0 -27.529039 97.332863 150.511139 -3.512853 -33.728844 10.286356 -0.288361 0.968113 -3.175211 -0.850899 3.893039 -6.084149 -4.632886 1.086914 10.429009 -22.732134 28.171726 27.732658 -4.205232 -8.257499 -2.924189 -9.755445 -7.764775 6.959556 7.7e-05 -2.2e-05 7e-06 -0.083088 0.155606 -0.199657 0.602947 -3.653426 -10.826127 -0.79916 3.946074 -11.119367 -17.799353 1.873046 12.77908 -57.23621 -16.999228 -24.166756 179.09259 -41.399014 -178.854919 -36.311256 -2.55468 18.446108 -5.882105 9.861284 0.70259 -10.936869 -0.360576 7.156208 1e-06 8.774822 0.0 -17.887142 18.39543 5.18845 -1.844033 2.498505 -2.507277 -10.163601 4.678945 4.621109 -20.976023 -3e-06 2e-06 -21.226288 2.451696 -3.594002 -1e-06 -6e-06 -2e-06 -1.36268 2.240798 -0.746323 -21.334913 0.584909 3.008324 -13.821213 -2e-06 2e-06 -23.887171 -0.249079 -0.839482 -62.450928 2.624022 -1.607946 -0.294025 1.679688 0.833255 -14.218208 0.093215 1.30058 -34.212048 -0.287564 0.967169 -20.033213 0.964536 1.212844 -0.0 -0.0 -0.0 -3.440388 0.788233 0.501656 -15.928185 -3.16731 2.999709 -6.338826 -0.0 1e-06 -18.123446 3.648182 -4.905671 -4e-06 0.0 -3e-06 18.829306 9.868422 21.462555 42.294678 8.845501 3.116385 -175.733093 80.147408 -175.461792 28.310286 -22.430729 23.185747 2.243544 -5.25504 -3.180158 14.282904 -0.8266 6.952507 -1e-06 -12.690612 1e-06 15.794738 -18.15999 2.812044 1.665667 -1.955922 -2.878299 4.727801 -4.170591 4.993927 11.020535 3e-06 -1e-06 12.10906 -3.735718 -2.866786 -0.0 0.0 -1e-06 1.291988 -1.928549 -1.498089 14.800139 0.567466 3.865608 14.242584 -1.341737 -6.66066 19.631983 0.143926 -0.648248 49.547573 -0.704855 -6.589917 0.35303 -1.511151 -0.031939 20.222805 3.684309 2.316631 18.787289 4e-06 -3e-06 10.751636 -0.47987 1.397905 0.0 0.0 0.0 3.273808 0.305947 -0.580111 21.48683 11.830381 2.266132 8.162934 0.0 -1e-06 18.399099 -3.79899 -4.94058 3e-06 -1e-06 -0.0 8.912186 0.824992 -18.255684 0.017805 -0.860087 28.597954 -6.918164 -2.342738 -18.660282 1.637438 -1.851612 0.783493 0.0 -1e-06 2e-06 -15.270591 17.460035 -14.818 0.296399 2.098265 47.899357 -0.178061 4.506052 4.495961 -1.415536 0.936535 -3.484481 -0.0 -0.0 -2e-06 
0.0 0.0 0.0 0.0 -0.0 0.0 -27.962164 97.508163 152.267212 -4.207097 -36.377693 9.891386 -0.445608 0.71032 -3.042525 -0.790729 3.26301 -5.967445 -4.62085 0.166523 10.440863 -22.459518 28.298367 27.624065 -4.570474 -8.522453 -2.796615 -9.864717 -7.533424 7.67249 7.6e-05 -2.2e-05 6e-06 -0.054621 0.121938 -0.207726 0.655574 -3.68906 -10.69262 -0.79169 3.910042 -11.003185 -18.502563 0.743607 12.838085 -55.092644 -16.751583 -26.909397 179.45639 -40.212032 -179.01947 -36.011223 -5.435596 17.224201 -5.882114 9.861294 0.702591 -10.936886 -0.360575 7.156214 1e-06 8.774831 -1e-06 -17.803854 18.02194 5.092864 -1.844033 2.498507 -2.50728 -10.163612 4.678949 4.621115 -20.976048 -4e-06 4e-06 -21.226313 2.451699 -3.594002 0.0 -6e-06 0.0 -1.362682 2.240799 -0.746324 -21.334936 0.584909 3.008327 -13.821229 -3e-06 4e-06 -23.887196 -0.249079 -0.839482 -62.203018 2.479846 -1.477032 -0.294025 1.679689 0.833256 -14.218224 0.093214 1.300582 -34.212086 -0.287564 0.967174 -20.033236 0.964538 1.212847 0.0 0.0 -0.0 -3.440392 0.788235 0.501656 -15.928206 -3.167312 2.99971 -6.338833 -1e-06 2e-06 -18.123466 3.648185 -4.905674 -4e-06 0.0 -3e-06 19.247887 8.372107 21.673275 41.521145 7.222099 2.894466 -178.222565 79.739655 -178.217041 29.665619 -22.461432 23.255396 2.243541 -5.255039 -3.180158 14.282896 -0.826595 6.952506 -3e-06 -12.690613 2e-06 15.8637 -18.124748 2.70799 1.66567 -1.955923 -2.878301 4.727799 -4.170591 4.993927 11.020529 5e-06 -2e-06 12.109056 -3.735717 -2.866786 -0.0 1e-06 -1e-06 1.291987 -1.92855 -1.498089 14.800134 0.567468 3.865609 14.242579 -1.341734 -6.660659 19.631975 0.143928 -0.648244 49.456997 -0.578699 -6.751177 0.353028 -1.511152 -0.03194 20.222801 3.684313 2.316632 18.787281 6e-06 -0.0 10.751633 -0.479868 1.397906 0.0 1e-06 0.0 3.273808 0.305947 -0.580111 21.48682 11.830383 2.266132 8.16293 2e-06 0.0 18.399086 -3.798988 -4.940576 3e-06 -1e-06 -2e-06 8.689683 1.775841 -14.551017 0.06852 -0.787415 26.713211 -6.938573 -1.415203 -19.42668 1.636346 -1.915973 0.821792 0.0 -1e-06 2e-06 -15.125707 18.038664 -19.433275 0.466369 1.92068 51.169437 0.633198 5.636777 2.125888 -1.374679 0.892611 -2.841918 0.0 -0.0 -2e-06 
0.0 0.0 0.0 0.0 -0.0 0.0 -28.542322 97.608841 153.993698 -5.131763 -39.264893 9.844297 -0.547388 0.456045 -2.877939 -0.702164 2.617594 -5.883798 -4.427353 -0.717453 10.290504 -22.559591 28.096226 26.775166 -4.859938 -8.620012 -2.698646 -10.129352 -7.340723 7.785161 7.7e-05 -2.3e-05 4e-06 -0.036041 0.10224 -0.213287 0.689992 -3.718572 -10.530606 -0.786302 3.894602 -10.815172 -18.871447 -0.317168 12.80993 -53.079922 -16.629654 -29.260443 179.372009 -39.418541 -178.918564 -34.85342 -7.806586 16.12701 -5.882108 9.861286 0.702589 -10.936873 -0.360575 7.156208 1e-06 8.774825 -2e-06 -17.620083 17.75289 5.098268 -1.844031 2.498505 -2.507279 -10.163601 4.678946 4.621109 -20.97603 -4e-06 3e-06 -21.226292 2.451696 -3.594002 -0.0 -6e-06 -1e-06 -1.362682 2.240799 -0.746324 -21.334917 0.584909 3.008322 -13.821217 -3e-06 2e-06 -23.887175 -0.24908 -0.839482 -61.799294 2.360314 -1.342631 -0.294025 1.679687 0.833255 -14.218215 0.093215 1.300581 -34.212063 -0.287564 0.967171 -20.033218 0.964536 1.212845 1e-06 0.0 0.0 -3.440388 0.788232 0.501656 -15.928189 -3.16731 2.999707 -6.338829 -1e-06 1e-06 -18.123451 3.648182 -4.905671 -4e-06 0.0 -3e-06 19.489714 7.091516 21.765493 41.537464 5.900269 3.321722 179.364929 79.301804 179.298019 30.523849 -21.329924 21.998829 2.243541 -5.255037 -3.180157 14.282885 -0.826594 6.952501 -5e-06 -12.690605 2e-06 15.895455 -18.224327 2.725174 1.665665 -1.95592 -2.878299 4.727796 -4.170588 4.993925 11.020522 4e-06 -3e-06 12.109048 -3.735717 -2.866784 -0.0 0.0 0.0 1.291984 -1.928549 -1.498089 14.800122 0.567469 3.865608 14.242567 -1.341736 -6.660655 19.631962 0.143929 -0.648245 49.456081 -0.517353 -6.903006 0.353027 -1.511151 -0.031939 20.222786 3.684311 2.316631 18.78727 6e-06 0.0 10.751625 -0.479869 1.397905 0.0 1e-06 -0.0 3.273806 0.305948 -0.58011 21.486809 11.830377 2.266134 8.162926 1e-06 0.0 18.39908 -3.798986 -4.940575 3e-06 -0.0 -2e-06 8.630105 2.881885 -10.913182 0.095581 -0.694814 24.698418 -7.11283 -0.419671 -20.178431 1.637388 -1.97025 0.791304 0.0 -1e-06 2e-06 -14.985109 18.689703 -24.051731 0.606253 1.740272 51.777176 2.639931 7.16279 0.388889 -1.334361 0.817659 -2.534275 0.0 -0.0 -4e-06 
0.0 0.0 0.0 0.0 -0.0 0.0 -29.30423 97.645401 155.701767 -6.125099 -42.220764 10.140938 -0.667722 0.2254 -2.820628 -0.60527 1.962309 -5.858751 -4.142025 -1.641844 10.057498 -22.890043 27.560059 25.364578 -4.972321 -8.546235 -2.657743 -10.482714 -7.203543 7.560689 7.7e-05 -2.4e-05 5e-06 -0.027285 0.07274 -0.213885 0.697376 -3.75257 -10.358345 -0.772208 3.863194 -10.592643 -19.286104 -1.393752 12.734487 -50.701168 -16.587376 -31.305107 178.965836 -39.031582 -178.612839 -33.064304 -9.833587 15.216368 -5.88211 9.861289 0.702586 -10.936882 -0.360577 7.156213 1e-06 8.774829 -4e-06 -17.47472 17.620493 5.13972 -1.844034 2.498507 -2.507281 -10.16361 4.678944 4.621111 -20.97604 -4e-06 6e-06 -21.226301 2.451698 -3.594 1e-06 -6e-06 0.0 -1.362683 2.240799 -0.746324 -21.33493 0.584908 3.008326 -13.821224 -4e-06 4e-06 -23.887188 -0.249078 -0.839481 -61.387753 2.327485 -1.341203 -0.294024 1.679688 0.833256 -14.218219 0.093213 1.300583 -34.212078 -0.287564 0.967177 -20.033232 0.964537 1.212848 0.0 -0.0 1e-06 -3.440391 0.788234 0.501656 -15.928201 -3.167312 2.999712 -6.338831 -2e-06 2e-06 -18.123463 3.648183 -4.905674 -4e-06 -0.0 -2e-06 19.855299 5.840108 21.73987 42.214737 4.71234 4.144484 177.444931 78.91349 177.530304 31.164091 -19.271971 19.79174 2.243544 -5.255041 -3.180159 14.282904 -0.826596 6.952506 -4e-06 -12.690618 3e-06 15.920336 -18.400831 2.847828 1.665667 -1.955921 -2.8783 4.727802 -4.170592 4.993929 11.020535 4e-06 -0.0 12.10906 -3.735717 -2.866787 -0.0 0.0 1e-06 1.291988 -1.92855 -1.49809 14.800142 0.567469 3.86561 14.242585 -1.341736 -6.660664 19.631987 0.143926 -0.648244 49.625206 -0.571023 -6.983056 0.35303 -1.511153 -0.031939 20.222811 3.684314 2.316631 18.787292 5e-06 -0.0 10.751639 -0.479868 1.397908 1e-06 1e-06 -1e-06 3.27381 0.305948 -0.580112 21.486834 11.830388 2.266131 8.162932 1e-06 -2e-06 18.399099 -3.798989 -4.940581 2e-06 -2e-06 -3e-06 8.586449 3.981455 -7.645008 0.118328 -0.572238 22.994377 -7.278511 0.730957 -20.656441 1.640535 -2.019982 0.590265 0.0 -0.0 2e-06 -14.84258 19.394646 -28.242773 0.672541 1.555969 49.229374 5.173637 8.067425 -0.786115 -1.321795 0.726569 -2.469235 0.0 -0.0 -4e-06 
0.0 0.0 0.0 0.0 -0.0 0.0 -30.361526 97.580872 157.429169 -7.039919 -44.92012 10.701207 -0.885742 0.036141 -2.935345 -0.520941 1.250649 -5.920949 -3.790803 -2.649808 9.795577 -23.198494 26.713331 23.759647 -4.929391 -8.33904 -2.654541 -10.779188 -7.158215 7.136322 7.7e-05 -2.3e-05 6e-06 -0.016762 0.037783 -0.210837 0.696761 -3.783696 -10.228374 -0.746377 3.817681 -10.383418 -19.690964 -2.454244 12.734726 -48.085037 -16.696688 -33.224861 178.603516 -39.077389 -178.409439 -30.842665 -11.448443 14.840096 -5.88211 9.86129 0.70259 -10.936878 -0.360577 7.15621 0.0 8.77483 -3e-06 -17.484589 17.546293 5.162497 -1.844033 2.498506 -2.50728 -10.163609 4.678945 4.62111 -20.976038 -5e-06 5e-06 -21.226301 2.451697 -3.594001 1e-06 -6e-06 -1e-06 -1.362682 2.240799 -0.746324 -21.334929 0.584908 3.008327 -13.821225 -3e-06 4e-06 -23.887188 -0.249079 -0.83948 -61.01479 2.341623 -1.393281 -0.294024 1.679688 0.833257 -14.218219 0.093214 1.300583 -34.212074 -0.287565 0.967176 -20.033228 0.964538 1.212847 -0.0 0.0 0.0 -3.44039 0.788233 0.501656 -15.928196 -3.167312 2.999711 -6.338832 -2e-06 2e-06 -18.123459 3.648182 -4.905672 -5e-06 0.0 -1e-06 20.330334 4.396012 21.580391 43.602703 3.376658 5.299066 176.217834 78.724182 176.444321 31.43194 -16.621969 16.908747 2.243544 -5.255043 -3.18016 14.282904 -0.826597 6.952508 -1e-06 -12.690617 -2e-06 15.845081 -18.489193 3.03654 1.665668 -1.955925 -2.8783 4.727805 -4.170592 4.993927 11.020538 1e-06 -0.0 12.109062 -3.735722 -2.866787 -0.0 1e-06 -0.0 1.291987 -1.928552 -1.498091 14.800142 0.567468 3.865611 14.242585 -1.34174 -6.660664 19.631985 0.143925 -0.648245 49.839085 -0.640804 -6.960705 0.35303 -1.511151 -0.031941 20.222811 3.684312 2.316635 18.787289 2e-06 -2e-06 10.751637 -0.47987 1.397907 0.0 1e-06 -1e-06 3.27381 0.305946 -0.580111 21.486834 11.830385 2.266137 8.162935 2e-06 -2e-06 18.399103 -3.798987 -4.94058 3e-06 -1e-06 -2e-06 8.501083 4.866734 -4.761376 0.125524 -0.442027 21.57432 -7.347432 1.894106 -20.957428 1.644173 -2.059412 0.211214 0.0 -0.0 2e-06 -14.585248 20.060734 -31.365957 0.668094 1.372942 43.252941 8.646488 8.603736 -1.014317 -1.359415 0.671674 -2.629001 -0.0 0.0 -1e-06 
0.0 0.0 0.0 0.0 -0.0 0.0 -31.77346 97.354927 159.069214 -7.705707 -46.943642 11.228495 -1.240359 -0.156728 -3.17989 -0.487483 0.392298 -6.044532 -3.392619 -3.712441 9.518441 -23.2418 25.801302 22.457535 -4.769142 -8.152784 -2.67529 -10.980725 -7.225358 6.597564 7.6e-05 -2.3e-05 6e-06 -0.014385 0.011424 -0.201306 0.70107 -3.801363 -10.169789 -0.741756 3.777079 -10.227577 -19.662073 -3.595112 13.091834 -45.78521 -17.152679 -35.370499 178.733002 -39.41288 -178.590286 -28.181141 -12.608007 14.868173 -5.88211 9.86129 0.702591 -10.936877 -0.360575 7.156211 1e-06 8.77483 -1e-06 -17.449722 17.432331 5.260651 -1.844034 2.498506 -2.507279 -10.163609 4.678947 4.621112 -20.976038 -3e-06 3e-06 -21.226299 2.451698 -3.594002 0.0 -6e-06 1e-06 -1.362682 2.2408 -0.746324 -21.334927 0.584909 3.008327 -13.821221 -2e-06 3e-06 -23.887184 -0.249079 -0.839482 -60.638988 2.400097 -1.46962 -0.294023 1.679687 0.833257 -14.218218 0.093215 1.300584 -34.212074 -0.287563 0.967172 -20.03323 0.964538 1.212845 0.0 0.0 0.0 -3.44039 0.788233 0.501656 -15.9282 -3.16731 2.999712 -6.33883 -1e-06 1e-06 -18.123457 3.648184 -4.905673 -4e-06 -0.0 -2e-06 20.679686 2.530904 21.249823 45.789047 1.670296 6.645619 175.875305 78.803841 176.225494 30.860268 -14.158515 14.289506 2.243544 -5.255039 -3.180159 14.282896 -0.826598 6.9525 -1e-06 -12.690616 -0.0 15.701092 -18.405497 3.268769 1.665668 -1.955923 -2.8783 4.7278 -4.17059 4.993925 11.020532 1e-06 -4e-06 12.109059 -3.73572 -2.866788 -1e-06 2e-06 -0.0 1.291987 -1.928551 -1.498091 14.800134 0.567467 3.865604 14.24258 -1.341737 -6.660665 19.631975 0.143925 -0.64825 50.077454 -0.694281 -6.832545 0.35303 -1.511154 -0.03194 20.222801 3.684311 2.316627 18.787283 6e-06 -5e-06 10.751633 -0.479866 1.397904 0.0 1e-06 1e-06 3.273808 0.305945 -0.580111 21.48682 11.830383 2.26613 8.16293 2e-06 -3e-06 18.399092 -3.798986 -4.940582 3e-06 -1e-06 -0.0 8.439683 5.388035 -2.242629 0.119812 -0.354225 20.522619 -7.44402 2.723122 -21.253479 1.648647 -2.025173 -0.280225 0.0 -0.0 2e-06 -14.002179 20.445004 -32.884701 0.615542 1.203751 34.142666 13.116297 9.245872 0.509453 -1.437748 0.745167 -2.706705 -0.0 0.0 -1e-06 
0.0 0.0 0.0 0.0 -0.0 0.0 -33.522495 96.917664 160.531006 -7.921374 -48.088791 11.353998 -1.7918 -0.437753 -3.47015 -0.531044 -0.628391 -6.183605 -2.984378 -4.834384 9.152256 -22.889843 25.132195 21.863487 -4.607349 -7.93718 -2.742246 -10.991328 -7.417862 6.248867 7.6e-05 -2.3e-05 6e-06 -0.051793 0.044059 -0.194676 0.680721 -3.74269 -10.179415 -0.792717 3.781667 -10.15116 -18.701115 -4.945162 13.736061 -44.495216 -17.91032 -37.57563 179.495148 -39.837387 -179.182617 -25.292803 -13.278506 15.292795 -5.88211 9.861286 0.70259 -10.936874 -0.360575 7.156207 3e-06 8.774826 -1e-06 -17.431015 17.30899 5.397208 -1.844033 2.498505 -2.507278 -10.163603 4.678945 4.621109 -20.976036 -3e-06 -0.0 -21.226297 2.451696 -3.594003 0.0 -6e-06 0.0 -1.362681 2.240798 -0.746324 -21.334925 0.584911 3.008322 -13.821221 -2e-06 0.0 -23.887184 -0.249079 -0.839486 -60.18631 2.436496 -1.491611 -0.294025 1.679687 0.833257 -14.218215 0.093214 1.300578 -34.212067 -0.287563 0.967167 -20.033226 0.964536 1.212841 -1e-06 0.0 -0.0 -3.440389 0.788233 0.501656 -15.928194 -3.167309 2.999707 -6.338829 0.0 0.0 -18.123457 3.648182 -4.905673 -5e-06 -0.0 -2e-06 20.703577 0.092543 20.773237 48.64505 -0.402654 7.800685 176.369415 79.087036 176.732452 29.508009 -12.31183 11.752565 2.243543 -5.255038 -3.180159 14.282894 -0.826595 6.952503 -3e-06 -12.690607 1e-06 15.591109 -18.257677 3.432347 1.665667 -1.95592 -2.878299 4.727799 -4.170592 4.993925 11.02053 2e-06 -4e-06 12.109055 -3.735714 -2.866788 -0.0 0.0 -0.0 1.291986 -1.928548 -1.49809 14.800132 0.56747 3.865607 14.242579 -1.341734 -6.660663 19.631973 0.14393 -0.648247 50.210644 -0.652119 -6.667983 0.353029 -1.511152 -0.03194 20.222799 3.684307 2.316627 18.787279 5e-06 -4e-06 10.751633 -0.479867 1.397905 1e-06 1e-06 1e-06 3.273808 0.305946 -0.580112 21.48682 11.830379 2.266129 8.16293 2e-06 -2e-06 18.399088 -3.798985 -4.940579 3e-06 0.0 1e-06 8.393864 5.361092 0.042525 0.120225 -0.368084 19.846094 -7.63683 3.169671 -21.753418 1.659569 -1.93956 -0.800867 -0.0 -0.0 2e-06 -13.275472 20.857639 -33.139164 0.502688 0.957456 23.369268 17.175558 9.373284 3.441463 -1.484076 0.933611 -2.573483 0.0 0.0 -1e-06 
0.0 0.0 0.0 0.0 -0.0 0.0 -35.678856 96.367287 162.056061 -7.661401 -48.588684 10.897822 -2.479612 -0.774127 -3.770802 -0.600276 -1.807327 -6.353454 -2.652171 -5.881262 8.701409 -22.203974 24.967686 22.031464 -4.568873 -7.51881 -2.86347 -10.92486 -7.379142 6.548349 7.5e-05 -2.2e-05 6e-06 -0.103991 0.12706 -0.197132 0.640612 -3.619438 -10.258396 -0.85637 3.823219 -10.166621 -17.080696 -6.50616 14.372523 -44.308762 -18.714172 -39.009357 -179.593353 -40.254128 -179.68605 -22.764866 -13.446566 15.395361 -5.882112 9.861288 0.70259 -10.936877 -0.360575 7.156208 1e-06 8.774826 -1e-06 -17.376223 17.16848 5.55936 -1.844033 2.498505 -2.507279 -10.163606 4.678946 4.621109 -20.976034 -3e-06 1e-06 -21.226299 2.451697 -3.594002 0.0 -4e-06 -0.0 -1.362683 2.240798 -0.746324 -21.334929 0.584911 3.008323 -13.821221 -3e-06 0.0 -23.887184 -0.249079 -0.839485 -59.914543 2.400249 -1.518334 -0.294024 1.679687 0.833257 -14.218214 0.093215 1.30058 -34.212063 -0.287564 0.96717 -20.033222 0.964535 1.212844 0.0 1e-06 0.0 -3.440391 0.788233 0.501654 -15.928198 -3.16731 2.999707 -6.33883 -2e-06 0.0 -18.123457 3.648181 -4.905673 -4e-06 0.0 -1e-06 20.462023 -2.819456 20.281473 51.501789 -2.54993 8.463033 177.993759 79.408554 178.01445 27.794212 -11.360427 9.308058 2.243543 -5.255038 -3.180159 14.282902 -0.826592 6.952508 -5e-06 -12.690617 2e-06 15.50936 -18.165939 3.469612 1.665667 -1.955923 -2.8783 4.727802 -4.170591 4.993927 11.020535 5e-06 1e-06 12.109059 -3.735716 -2.866785 0.0 -1e-06 1e-06 1.291986 -1.92855 -1.49809 14.80014 0.567471 3.865611 14.242582 -1.341734 -6.66066 19.631985 0.143925 -0.648242 50.252522 -0.512292 -6.42948 0.35303 -1.511152 -0.03194 20.222805 3.684313 2.316632 18.787289 6e-06 1e-06 10.751636 -0.479869 1.397909 -1e-06 3e-06 0.0 3.273809 0.305948 -0.580111 21.486832 11.83039 2.266135 8.162933 0.0 -0.0 18.399099 -3.798988 -4.940577 2e-06 0.0 -0.0 8.315129 5.068934 2.956383 0.127357 -0.530666 18.530371 -7.997926 3.453179 -21.968012 1.681383 -1.846169 -1.497952 -0.0 1e-06 2e-06 -12.662385 21.739824 -33.020912 0.333069 0.622118 13.655643 20.081963 9.407879 6.273386 -1.457153 1.113843 -2.642519 0.0 -0.0 -1e-06 
0.0 0.0 0.0 0.0 -0.0 0.0 -38.052742 95.782059 163.760422 -6.933232 -48.815434 9.754812 -3.090072 -1.11004 -4.140371 -0.656867 -2.94368 -6.500638 -2.483723 -6.818722 8.237071 -21.463682 25.168531 22.532431 -4.693627 -6.728745 -2.968359 -11.199224 -6.776869 7.617245 7.7e-05 -2.2e-05 5e-06 -0.125445 0.18499 -0.199455 0.627356 -3.530112 -10.394773 -0.885869 3.856693 -10.271399 -15.941614 -8.099151 14.95513 -44.385204 -19.301069 -39.878212 -178.790695 -40.541553 -179.955521 -20.897736 -13.367059 14.487094 -5.882109 9.861288 0.702588 -10.936876 -0.360578 7.156209 1e-06 8.774828 -3e-06 -17.317554 16.979877 5.683835 -1.844035 2.498506 -2.50728 -10.163605 4.678944 4.621109 -20.976034 -5e-06 3e-06 -21.226295 2.451696 -3.594 0.0 -5e-06 -1e-06 -1.362682 2.240799 -0.746324 -21.334925 0.584907 3.008325 -13.821218 -3e-06 3e-06 -23.887182 -0.24908 -0.839481 -60.127312 2.314391 -1.554488 -0.294024 1.679688 0.833256 -14.218215 0.093212 1.300582 -34.212067 -0.287567 0.967175 -20.033222 0.964536 1.212847 1e-06 -0.0 -0.0 -3.44039 0.788233 0.501655 -15.928192 -3.167314 2.99971 -6.33883 -1e-06 1e-06 -18.123455 3.648182 -4.905672 -4e-06 -1e-06 -1e-06 20.189203 -5.628413 19.930477 53.676914 -4.582259 8.154158 -179.653397 79.164223 179.895569 26.113047 -11.004802 6.871849 2.243543 -5.255039 -3.180158 14.282896 -0.826596 6.952504 -3e-06 -12.690616 1e-06 15.475093 -18.174089 3.44527 1.665667 -1.955922 -2.878299 4.727799 -4.17059 4.993925 11.02053 4e-06 -2e-06 12.109057 -3.735718 -2.866786 0.0 -2e-06 -0.0 1.291986 -1.92855 -1.498089 14.800134 0.56747 3.865608 14.242579 -1.341738 -6.660661 19.631975 0.143927 -0.648246 50.244061 -0.455934 -6.177233 0.35303 -1.511152 -0.03194 20.222801 3.684312 2.31663 18.787283 6e-06 -1e-06 10.751633 -0.479868 1.397905 -0.0 1e-06 0.0 3.273808 0.305947 -0.580111 21.486826 11.830386 2.266132 8.16293 2e-06 -1e-06 18.399092 -3.798988 -4.94058 3e-06 1e-06 -2e-06 8.095907 4.773543 7.011327 0.072689 -0.689 15.85634 -8.447222 3.610878 -21.386726 1.707395 -1.763853 -2.482331 -0.0 1e-06 2e-06 -12.069657 22.629061 -33.695068 0.167739 0.307547 9.346136 22.784302 9.81215 7.513253 -1.398332 1.192532 -2.703784 -0.0 1e-06 -1e-06 
0.0 0.0 0.0 0.0 -0.0 0.0 -40.453423 95.148872 165.681366 -6.407202 -48.840683 8.536417 -3.090982 -1.420588 -4.616627 -0.760264 -3.99358 -6.676644 -2.241232 -7.690992 7.869583 -21.586235 25.756121 22.252251 -4.831398 -5.774597 -3.044324 -11.818196 -5.47476 9.570368 7.7e-05 -2.3e-05 6e-06 -0.06088 0.227191 -0.197195 0.696236 -3.472429 -10.511897 -0.827326 3.88798 -10.385279 -16.46385 -9.461876 15.167323 -44.091393 -19.600304 -40.356091 -177.759598 -40.651379 179.784576 -19.83725 -13.399204 12.3417 -5.882108 9.861288 0.702588 -10.936875 -0.360576 7.156207 -2e-06 8.774828 -2e-06 -17.321344 16.805744 5.651336 -1.844034 2.498506 -2.507278 -10.163604 4.678947 4.621109 -20.976032 -3e-06 0.0 -21.226295 2.451696 -3.594002 0.0 -7e-06 -0.0 -1.362684 2.2408 -0.746323 -21.334921 0.584909 3.008322 -13.821218 -4e-06 1e-06 -23.887178 -0.249078 -0.839485 -60.110699 2.38702 -1.510236 -0.294024 1.679688 0.833256 -14.218215 0.093215 1.300581 -34.212067 -0.287564 0.967169 -20.033222 0.964536 1.212844 0.0 0.0 0.0 -3.44039 0.788234 0.501655 -15.928192 -3.16731 2.999708 -6.338829 -0.0 1e-06 -18.123453 3.648183 -4.905674 -4e-06 0.0 -2e-06 20.740931 -7.887 19.36339 54.227356 -6.326959 6.408152 -178.17865 77.671875 -179.064667 25.223314 -10.738031 3.868271 2.243542 -5.255037 -3.18016 14.282895 -0.826596 6.952503 -0.0 -12.690604 -1e-06 15.739353 -18.137056 3.369862 1.665666 -1.955922 -2.878299 4.727799 -4.170588 4.993923 11.020528 1e-06 -2e-06 12.109055 -3.735716 -2.866786 0.0 -0.0 -0.0 1.291985 -1.928549 -1.498091 14.800132 0.567467 3.865606 14.242577 -1.341738 -6.660663 19.631971 0.143923 -0.648249 50.292572 -0.505391 -5.976007 0.353028 -1.511151 -0.03194 20.222792 3.684305 2.316629 18.787275 4e-06 -3e-06 10.751629 -0.479869 1.397904 0.0 2e-06 1e-06 3.273809 0.305948 -0.580111 21.486814 11.830373 2.266133 8.162928 1e-06 -1e-06 18.399086 -3.798986 -4.940578 3e-06 -0.0 -1e-06 8.241804 4.90956 12.220674 -0.012658 -0.729577 11.487045 -9.015605 3.153541 -20.002508 1.718949 -1.675694 -3.404994 -0.0 -0.0 2e-06 -10.494644 22.459297 -33.340275 0.168569 0.173399 9.255733 24.773247 10.262712 11.227597 -1.347842 1.240876 -2.770736 0.0 -0.0 -1e-06 
0.0 0.0 0.0 0.0 -0.0 0.0 -42.736481 94.864944 167.746796 -6.107845 -48.35503 7.743948 -2.301787 -1.728629 -5.358081 -0.887878 -4.60075 -7.003097 -1.977697 -9.02229 7.518031 -22.478739 26.505892 20.54731 -5.007173 -4.986654 -3.064212 -12.930854 -3.202168 11.733507 7.8e-05 -2.2e-05 5e-06 0.053714 0.139205 -0.220047 0.77392 -3.519633 -10.511138 -0.675296 3.764954 -10.469346 -19.126965 -10.536424 14.750943 -42.795235 -19.532867 -39.851097 -177.016907 -40.753361 179.634506 -19.300364 -13.655904 9.797064 -5.882106 9.861284 0.702588 -10.936871 -0.360577 7.156206 -1e-06 8.774825 -3e-06 -17.233681 16.772415 5.646189 -1.844032 2.498505 -2.507277 -10.163601 4.678943 4.621108 -20.976023 -4e-06 3e-06 -21.226286 2.451695 -3.593998 0.0 -7e-06 -0.0 -1.362682 2.240798 -0.746322 -21.334913 0.584906 3.008324 -13.821215 -3e-06 3e-06 -23.887171 -0.249079 -0.839481 -60.056816 2.454079 -1.38513 -0.294024 1.679688 0.833255 -14.218211 0.093213 1.300581 -34.212051 -0.287563 0.967173 -20.033216 0.964537 1.212845 0.0 0.0 -0.0 -3.440389 0.788232 0.501655 -15.928185 -3.167312 2.99971 -6.338827 -2e-06 1e-06 -18.123446 3.648182 -4.90567 -4e-06 2e-06 -2e-06 23.192574 -9.040558 18.30722 52.46566 -7.646784 2.843408 -178.698898 75.134735 -179.955017 24.890572 -9.573682 1.253054 2.243543 -5.255038 -3.180159 14.282896 -0.826595 6.952504 -0.0 -12.690603 -1e-06 16.051874 -18.189507 3.100503 1.665668 -1.955922 -2.878299 4.727801 -4.170587 4.993924 11.020529 2e-06 -2e-06 12.109056 -3.735717 -2.866786 -0.0 -1e-06 0.0 1.291986 -1.92855 -1.498089 14.800132 0.567468 3.865608 14.242577 -1.341738 -6.66066 19.631973 0.143925 -0.648247 50.212109 -0.739343 -6.224803 0.353028 -1.511151 -0.03194 20.222797 3.684309 2.316631 18.787279 4e-06 -1e-06 10.751631 -0.479869 1.397906 -0.0 -0.0 -0.0 3.273806 0.305947 -0.58011 21.486818 11.830373 2.266135 8.16293 1e-06 -1e-06 18.399088 -3.798984 -4.940577 2e-06 0.0 -1e-06 9.070329 5.785253 17.291338 0.101828 -0.654155 6.768491 -10.083331 2.038698 -15.781326 1.758729 -1.614078 -4.325643 -0.0 1e-06 2e-06 -8.924972 21.420834 -33.084953 0.318635 0.183527 13.616977 22.579557 13.085545 14.148598 -1.371533 1.238721 -1.891358 0.0 -0.0 -1e-06 
0.0 0.0 0.0 0.0 -0.0 0.0 -44.839241 94.905128 169.883545 -4.769214 -47.900417 6.023661 -2.399307 -1.827167 -5.824819 -0.88678 -5.365651 -7.196039 -1.220336 -10.174398 7.208888 -24.400902 26.725826 16.803646 -4.586218 -4.409491 -3.22728 -14.400471 -0.990062 12.418299 7.8e-05 -2.1e-05 5e-06 0.215862 -0.001038 -0.219726 0.963675 -3.650132 -10.506047 -0.543784 3.621733 -10.586605 -22.606979 -11.666147 15.238598 -41.516319 -20.375086 -36.785019 -178.20668 -40.824936 -179.634369 -19.878437 -13.64712 6.821203 -5.882108 9.861288 0.702589 -10.936872 -0.360574 7.15621 1e-06 8.77483 0.0 -17.258385 16.469992 5.696326 -1.844033 2.498504 -2.507281 -10.1636 4.678948 4.621111 -20.976027 -4e-06 1e-06 -21.226288 2.451696 -3.594002 0.0 -5e-06 -0.0 -1.362683 2.240799 -0.746322 -21.334917 0.584909 3.008325 -13.821215 -1e-06 3e-06 -23.887171 -0.249079 -0.839483 -59.802475 2.618145 -1.465023 -0.294024 1.679687 0.833256 -14.21821 0.093214 1.300581 -34.212055 -0.287565 0.967173 -20.033218 0.964536 1.212846 0.0 1e-06 -0.0 -3.440389 0.788235 0.501656 -15.928187 -3.16731 2.999708 -6.338829 -1e-06 2e-06 -18.123447 3.648182 -4.905673 -4e-06 2e-06 -2e-06 25.861294 -9.647868 17.466597 49.685368 -6.758378 0.124496 -178.846695 73.931007 179.839859 23.630089 -8.692959 -0.269256 2.243543 -5.255039 -3.180159 14.282896 -0.826594 6.952506 -1e-06 -12.690609 0.0 16.033392 -18.099735 3.141469 1.665666 -1.955922 -2.878299 4.727799 -4.17059 4.993925 11.020531 3e-06 -1e-06 12.109059 -3.735717 -2.866786 0.0 0.0 1e-06 1.291986 -1.928549 -1.49809 14.800136 0.567467 3.865609 14.242579 -1.341735 -6.66066 19.631975 0.143925 -0.648246 50.183365 -0.68491 -6.293462 0.353029 -1.511151 -0.03194 20.222799 3.684311 2.316631 18.787283 5e-06 -1e-06 10.751633 -0.479867 1.397906 -0.0 0.0 -0.0 3.273807 0.305947 -0.580111 21.486824 11.830381 2.266134 8.16293 1e-06 -1e-06 18.399092 -3.798986 -4.940577 3e-06 0.0 -1e-06 8.756394 5.968675 19.404364 0.170523 -0.604741 6.95219 -10.552065 1.192472 -10.580495 1.782778 -1.58842 -7.01315 0.0 1e-06 2e-06 -8.493579 20.424587 -33.605049 0.385485 0.472781 21.135359 19.455688 16.483322 8.49036 -1.406202 1.212588 -1.083498 0.0 -0.0 -1e-06 
0.0 0.0 0.0 0.0 -0.0 0.0 -46.649166 95.322678 171.933929 -3.677145 -46.670845 4.608955 -2.400811 -1.989953 -6.121005 -0.886278 -6.02441 -7.282759 -0.304311 -10.908379 6.848675 -25.776297 25.680389 12.871424 -4.271485 -3.578609 -3.336077 -15.635 1.435524 11.008959 7.8e-05 -2.2e-05 5e-06 0.313568 -0.083117 -0.183237 1.025098 -3.699563 -10.370915 -0.413734 3.51466 -10.524983 -23.64731 -13.006404 15.779095 -43.188015 -22.195166 -31.765001 -178.985977 -41.092678 -179.104996 -21.528791 -13.024122 2.566531 -5.882105 9.861289 0.702587 -10.936872 -0.360579 7.156209 -0.0 8.774828 -4e-06 -17.359741 16.369402 5.632206 -1.844031 2.498506 -2.50728 -10.163598 4.678946 4.621111 -20.976027 -4e-06 2e-06 -21.226288 2.451696 -3.594004 0.0 -5e-06 0.0 -1.362684 2.240799 -0.746323 -21.334915 0.584907 3.008324 -13.821213 -3e-06 2e-06 -23.887171 -0.249078 -0.839483 -60.051338 2.783758 -1.518227 -0.294025 1.679687 0.833255 -14.21821 0.093213 1.300581 -34.212059 -0.287564 0.967171 -20.033218 0.964537 1.212845 0.0 -1e-06 -0.0 -3.440389 0.788234 0.501657 -15.928185 -3.167311 2.999709 -6.338828 -2e-06 0.0 -18.123444 3.648182 -4.905672 -4e-06 0.0 -1e-06 26.647352 -9.318428 17.283762 48.631256 -4.945747 -2.26673 179.722824 75.131622 178.551239 22.895193 -9.693025 3.583159 2.243543 -5.255041 -3.180159 14.282896 -0.826596 6.952506 0.0 -12.690615 -1e-06 15.745147 -17.899902 3.364958 1.665665 -1.955924 -2.8783 4.727799 -4.17059 4.993926 11.020529 2e-06 -3e-06 12.109056 -3.73572 -2.866787 0.0 -1e-06 0.0 1.291986 -1.928551 -1.49809 14.800132 0.567468 3.865608 14.242577 -1.341738 -6.660661 19.631971 0.143926 -0.648247 50.235195 -0.600507 -6.039629 0.353028 -1.511152 -0.031941 20.222795 3.684312 2.31663 18.787281 4e-06 -2e-06 10.751633 -0.479868 1.397906 0.0 0.0 0.0 3.273806 0.305946 -0.580111 21.486818 11.830383 2.266134 8.16293 1e-06 -1e-06 18.399088 -3.798989 -4.940579 2e-06 0.0 -1e-06 8.439368 5.906458 19.090296 0.172855 -0.594506 10.578134 -10.079598 0.848769 -4.515325 1.801503 -1.625601 -8.410316 -0.0 -1e-06 2e-06 -8.575255 20.052107 -32.052521 0.483518 0.61069 23.899883 17.065878 17.868055 4.73695 -1.414266 1.162592 -0.76221 -0.0 -0.0 -1e-06 
0.0 0.0 0.0 0.0 -0.0 0.0 -48.157188 96.009285 173.860458 -3.125419 -44.746773 4.192867 -2.176975 -2.142051 -6.265588 -0.857425 -6.446122 -7.356885 0.821864 -11.231215 6.391658 -26.742197 23.541443 8.252435 -3.931236 -2.368443 -3.445064 -16.289011 3.908944 7.915426 7.8e-05 -2.2e-05 7e-06 0.332322 -0.142307 -0.138516 1.011449 -3.712336 -10.270356 -0.367106 3.40863 -10.411058 -23.24448 -14.52938 16.338423 -45.47686 -25.1826 -25.545763 179.881577 -41.311508 -178.683685 -23.04451 -11.730269 -3.633749 -5.882112 9.861293 0.70259 -10.936881 -0.360576 7.156212 1e-06 8.77483 -3e-06 -17.637926 16.38361 5.46049 -1.844034 2.498507 -2.507279 -10.163609 4.678948 4.621112 -20.976044 -2e-06 3e-06 -21.226311 2.4517 -3.594004 -0.0 -5e-06 -0.0 -1.362683 2.240799 -0.746326 -21.334938 0.584911 3.008327 -13.821227 -3e-06 2e-06 -23.887194 -0.249078 -0.839483 -61.347679 2.891505 -1.409803 -0.294024 1.679688 0.833255 -14.218224 0.093215 1.300583 -34.212082 -0.287566 0.967172 -20.033232 0.964538 1.212845 0.0 -0.0 -0.0 -3.440392 0.788234 0.501656 -15.928203 -3.167312 2.999711 -6.338832 -2e-06 0.0 -18.123465 3.648185 -4.905676 -4e-06 0.0 -2e-06 26.271809 -8.3749 16.857542 48.745567 -3.536182 -4.598183 177.759354 76.16552 176.774734 23.280758 -11.960537 10.339659 2.243545 -5.255039 -3.180162 14.282897 -0.826595 6.952506 -2e-06 -12.690617 2e-06 15.565862 -17.906857 3.589375 1.665668 -1.955924 -2.878301 4.727803 -4.170591 4.993927 11.020533 2e-06 -3e-06 12.10906 -3.735718 -2.866788 0.0 -1e-06 0.0 1.291986 -1.928551 -1.498091 14.800136 0.567468 3.865608 14.242582 -1.341737 -6.660665 19.631979 0.143928 -0.648248 50.603951 -0.569825 -5.791695 0.353029 -1.511151 -0.031941 20.222801 3.68431 2.31663 18.787285 4e-06 -3e-06 10.751634 -0.479869 1.397905 -0.0 -1e-06 -1e-06 3.273809 0.305947 -0.580111 21.486824 11.830384 2.266132 8.16293 1e-06 -1e-06 18.399094 -3.798988 -4.940581 3e-06 -0.0 -1e-06 8.654019 6.376971 17.588886 0.12497 -0.564553 14.254272 -8.533368 0.727752 1.551441 1.795079 -1.612262 -9.354122 0.0 -1e-06 2e-06 -8.739254 20.071167 -29.711836 0.470799 0.731145 23.80822 14.940303 17.664351 1.825123 -1.422909 1.145815 -0.632501 -0.0 0.0 -1e-06 
0.0 0.0 0.0 0.0 -0.0 0.0 -49.373192 96.73864 175.425812 -2.527422 -42.173943 4.312024 -2.013637 -2.180961 -6.329853 -0.76466 -6.651325 -7.399397 1.772527 -11.565063 6.143697 -27.353952 20.639133 3.016681 -3.386642 -0.827944 -3.594039 -16.891706 5.804224 3.134653 7.7e-05 -2.1e-05 7e-06 0.318929 -0.172161 -0.125734 0.968895 -3.69195 -10.223494 -0.359478 3.326289 -10.307206 -22.275709 -15.935173 16.475 -47.0467 -28.799828 -19.690701 179.098465 -41.129982 -178.550705 -21.728254 -11.488391 -11.011469 -5.882109 9.861292 0.70259 -10.93688 -0.360575 7.156212 1e-06 8.774828 -2e-06 -17.243095 16.926449 5.704054 -1.844032 2.498506 -2.507279 -10.163608 4.678945 4.621112 -20.976038 -3e-06 4e-06 -21.226301 2.451698 -3.594001 -0.0 -6e-06 -0.0 -1.362681 2.240799 -0.746324 -21.33493 0.584908 3.008328 -13.821225 -2e-06 4e-06 -23.887188 -0.249078 -0.839481 -61.877785 2.902726 -1.176548 -0.294025 1.679688 0.833256 -14.218222 0.093214 1.300583 -34.212074 -0.287564 0.967175 -20.03323 0.964539 1.212846 0.0 -0.0 0.0 -3.440389 0.788234 0.501657 -15.928201 -3.167311 2.999712 -6.33883 -1e-06 2e-06 -18.123459 3.648184 -4.905672 -4e-06 -1e-06 -2e-06 26.11211 -7.045814 16.13991 48.86935 -2.592189 -6.663623 177.959 75.086288 176.860443 24.133774 -12.578411 13.161519 2.24354 -5.255039 -3.18016 14.282902 -0.826598 6.952507 -1e-06 -12.690617 2e-06 15.642965 -18.116747 3.473189 1.665667 -1.955922 -2.878301 4.727801 -4.170593 4.993927 11.020535 4e-06 -1e-06 12.109062 -3.735719 -2.866785 0.0 -1e-06 -0.0 1.291987 -1.928549 -1.498091 14.800142 0.567468 3.86561 14.242584 -1.341735 -6.660662 19.631985 0.143927 -0.648245 50.952461 -0.555408 -5.901701 0.35303 -1.511152 -0.03194 20.222805 3.684312 2.31663 18.787289 4e-06 -2e-06 10.751636 -0.47987 1.397907 0.0 -0.0 0.0 3.27381 0.305947 -0.580111 21.486832 11.830384 2.266131 8.162934 1e-06 -1e-06 18.399099 -3.798989 -4.94058 3e-06 -0.0 -1e-06 9.094927 6.942841 16.478794 0.053279 -0.442451 15.455671 -7.005065 0.429645 7.421405 1.76996 -1.580141 -9.937519 -1e-06 1e-06 3e-06 -9.307177 20.276028 -27.716499 0.430788 0.829144 22.622768 13.460662 16.500242 -0.181377 -1.429619 1.206948 -0.476778 0.0 -0.0 -1e-06 
0.0 0.0 0.0 0.0 -0.0 0.0 -50.323475 97.264435 176.76712 -2.048822 -39.168945 4.977371 -1.807585 -2.173604 -6.314049 -0.724374 -6.849004 -7.474824 2.663715 -11.798114 6.104132 -27.714796 17.749258 -2.178573 -2.85386 0.120255 -3.771178 -17.394213 7.335372 -2.481953 7.5e-05 -2.4e-05 6e-06 0.283257 -0.220178 -0.159153 0.979879 -3.716714 -10.310771 -0.447911 3.249584 -10.317689 -21.138969 -17.387035 16.350657 -47.594986 -32.229191 -14.882563 178.319672 -41.244427 -178.59877 -19.711926 -12.105735 -17.813208 -5.882114 9.861297 0.702589 -10.936888 -0.360574 7.156216 -1e-06 8.774833 -2e-06 -16.747272 16.993849 5.809075 -1.844035 2.498508 -2.507281 -10.163616 4.67895 4.621115 -20.976055 1e-06 3e-06 -21.226318 2.451703 -3.594005 0.0 -6e-06 1e-06 -1.362684 2.240801 -0.746325 -21.334946 0.584913 3.008329 -13.821235 -0.0 3e-06 -23.887203 -0.249074 -0.839484 -61.313877 2.663674 -0.827693 -0.294025 1.679688 0.833257 -14.218229 0.093216 1.300584 -34.212105 -0.287558 0.967173 -20.033245 0.964541 1.212845 0.0 -0.0 -0.0 -3.440394 0.788235 0.501657 -15.928209 -3.16731 2.999713 -6.338836 0.0 2e-06 -18.123474 3.648189 -4.905677 -4e-06 0.0 -2e-06 26.152788 -5.542354 15.316764 49.135307 -1.527142 -8.661833 177.901505 72.367943 176.725769 24.708593 -12.486861 12.685565 2.243543 -5.255043 -3.180159 14.282893 -0.8266 6.952506 1e-06 -12.690617 2e-06 15.844725 -18.244913 3.285002 1.665668 -1.955924 -2.8783 4.727799 -4.170594 4.993928 11.020529 -0.0 -2e-06 12.109058 -3.735723 -2.866788 -1e-06 -0.0 -0.0 1.291987 -1.928551 -1.49809 14.800134 0.567462 3.865609 14.242579 -1.341741 -6.660664 19.631973 0.143924 -0.64825 51.024487 -0.528517 -6.031149 0.353031 -1.51115 -0.03194 20.222795 3.684306 2.316628 18.787277 1e-06 -5e-06 10.751631 -0.479871 1.397904 0.0 0.0 -1e-06 3.273807 0.305947 -0.580111 21.486818 11.83038 2.266129 8.16293 -1e-06 -2e-06 18.399094 -3.798994 -4.940583 3e-06 -1e-06 -1e-06 10.347655 7.362252 17.719841 -0.028629 -0.414351 11.547045 -6.940044 -1.426143 13.61536 1.761946 -1.534939 -10.818821 -1e-06 -1e-06 2e-06 -9.948376 20.201782 -26.543894 0.353287 0.863638 21.828028 12.351439 14.885082 -2.047647 -1.433166 1.29 -0.208008 0.0 -0.0 -1e-06 
0.0 0.0 0.0 0.0 -0.0 0.0 -50.996323 97.529861 177.907974 -1.917573 -36.150764 6.015581 -1.44272 -2.159487 -6.14849 -0.668647 -7.090969 -7.519911 3.633589 -11.782916 6.113556 -27.734993 14.997448 -6.58012 -2.268869 0.875517 -3.950689 -17.901115 8.820006 -7.838493 7.6e-05 -2.3e-05 5e-06 0.241389 -0.288909 -0.182143 1.013924 -3.798002 -10.488152 -0.56947 3.18914 -10.40284 -20.197668 -18.578636 16.258736 -46.831757 -35.137135 -12.276666 178.22113 -42.022263 -178.755249 -20.47456 -12.522844 -21.233723 -5.882106 9.861287 0.70259 -10.936872 -0.360575 7.156207 1e-06 8.774826 -1e-06 -16.895607 16.881308 5.617106 -1.844033 2.498506 -2.507278 -10.1636 4.678946 4.621109 -20.976023 -3e-06 1e-06 -21.226286 2.451697 -3.594003 0.0 -6e-06 1e-06 -1.362682 2.240799 -0.746323 -21.334913 0.584909 3.008323 -13.821215 -2e-06 1e-06 -23.887171 -0.249079 -0.839484 -61.122593 2.497311 -0.707026 -0.294023 1.679688 0.833256 -14.218208 0.093216 1.30058 -34.212048 -0.287564 0.967169 -20.033215 0.964536 1.212842 -1e-06 0.0 0.0 -3.44039 0.788233 0.501656 -15.928185 -3.16731 2.999707 -6.338827 -1e-06 1e-06 -18.123447 3.648184 -4.905673 -4e-06 0.0 -1e-06 26.192034 -3.969505 14.595822 49.350739 0.295889 -10.060194 177.815125 69.341225 176.795944 24.979059 -12.893512 12.284765 2.243542 -5.255037 -3.180157 14.282895 -0.826594 6.952503 -3e-06 -12.690605 2e-06 15.987564 -18.265896 3.232957 1.665668 -1.95592 -2.878299 4.727798 -4.170588 4.993926 11.020529 4e-06 -2e-06 12.109055 -3.735715 -2.866784 -1e-06 1e-06 0.0 1.291986 -1.928548 -1.49809 14.800132 0.567469 3.865608 14.242575 -1.341736 -6.660657 19.631971 0.143927 -0.648244 51.179604 -0.601998 -6.046535 0.353027 -1.511151 -0.031939 20.222797 3.68431 2.316629 18.787273 5e-06 -1e-06 10.75163 -0.479869 1.397907 0.0 -1e-06 1e-06 3.273805 0.305948 -0.580111 21.486818 11.830376 2.266131 8.162928 2e-06 -1e-06 18.399084 -3.798984 -4.940576 3e-06 0.0 -1e-06 11.825494 7.967963 18.256361 -0.054367 -0.504397 8.271996 -7.658421 -3.40001 17.315098 1.756001 -1.513364 -11.861635 -0.0 0.0 3e-06 -10.260985 19.514017 -26.031839 0.297026 0.848733 21.687462 11.278575 13.395847 -3.822611 -1.44451 1.297428 0.118814 0.0 -0.0 -1e-06 
0.0 0.0 0.0 0.0 -0.0 0.0 -51.543324 97.573433 179.030624 -2.285911 -33.437016 7.142439 -0.910038 -2.143211 -5.922544 -0.566405 -7.283021 -7.444588 4.850266 -11.475267 6.155016 -27.488857 12.729013 -9.599192 -1.735673 1.404635 -4.029789 -18.37785 10.046291 -12.077367 7.6e-05 -2.2e-05 6e-06 0.218529 -0.31318 -0.170491 1.0672 -3.821433 -10.645108 -0.671279 3.16091 -10.456444 -19.610289 -19.310036 16.304441 -45.061867 -37.285267 -11.2206 178.666611 -43.43042 -179.03093 -24.305658 -12.139095 -21.199081 -5.882114 9.861293 0.70259 -10.936883 -0.360574 7.156215 -1e-06 8.774831 -2e-06 -17.104141 16.869497 5.382228 -1.844034 2.498507 -2.50728 -10.16361 4.678948 4.621113 -20.976049 1e-06 3e-06 -21.226311 2.451701 -3.594003 0.0 -6e-06 1e-06 -1.362682 2.2408 -0.746325 -21.334936 0.584913 3.008328 -13.821231 -1e-06 2e-06 -23.887196 -0.249076 -0.839485 -61.239948 2.557387 -0.692797 -0.294027 1.679688 0.833256 -14.218224 0.093218 1.300582 -34.212082 -0.287558 0.96717 -20.033234 0.964541 1.212843 -1e-06 0.0 0.0 -3.440393 0.788234 0.501657 -15.928206 -3.167309 2.999711 -6.338835 -0.0 2e-06 -18.123468 3.648187 -4.905675 -4e-06 -0.0 -2e-06 25.99789 -2.399204 14.049169 49.354031 2.786147 -10.720295 177.819794 67.003319 177.054337 25.311148 -14.399547 13.588698 2.243546 -5.255043 -3.180161 14.282907 -0.8266 6.952512 -0.0 -12.690619 3e-06 15.977624 -18.167854 3.251816 1.665668 -1.955922 -2.878303 4.727805 -4.170594 4.993931 11.02054 1e-06 -2e-06 12.109066 -3.735722 -2.866787 0.0 1e-06 -0.0 1.291988 -1.928551 -1.49809 14.800146 0.567466 3.865612 14.242588 -1.341739 -6.660666 19.631989 0.143922 -0.648247 51.248985 -0.795286 -5.955603 0.35303 -1.511151 -0.031938 20.222815 3.684309 2.316633 18.787294 0.0 -2e-06 10.751641 -0.479872 1.397906 -1e-06 1e-06 0.0 3.27381 0.305947 -0.580111 21.486834 11.830384 2.266133 8.162937 -1e-06 -1e-06 18.399103 -3.798994 -4.940582 2e-06 0.0 -2e-06 13.490903 8.557941 18.414022 -0.025685 -0.686673 6.146692 -8.710176 -4.861446 19.270559 1.783565 -1.529473 -13.436543 -1e-06 1e-06 4e-06 -9.93621 18.446367 -25.659842 0.240803 0.741423 22.07262 10.204058 12.268144 -5.56255 -1.456932 1.276883 0.463102 -0.0 0.0 -1e-06 
0.0 0.0 0.0 0.0 -0.0 0.0 -52.067852 97.564476 180.181488 -2.825091 -31.267967 7.999838 -0.338913 -2.107602 -5.681173 -0.438705 -7.355791 -7.355323 6.055088 -10.947435 6.413519 -27.026075 11.087576 -11.296881 -1.52812 1.679947 -4.023011 -19.054712 10.563093 -15.338696 7.6e-05 -2.1e-05 6e-06 0.187563 -0.287587 -0.1589 1.08079 -3.80292 -10.776945 -0.747701 3.195211 -10.504417 -18.977875 -19.515129 16.47543 -43.863403 -38.537251 -10.483418 179.30925 -44.615112 -179.300491 -29.342999 -10.995596 -18.896507 -5.882109 9.861292 0.702592 -10.93688 -0.360573 7.156215 1e-06 8.774831 -1e-06 -17.115337 16.93889 5.257805 -1.844033 2.498507 -2.507281 -10.163608 4.678948 4.621114 -20.976038 -3e-06 4e-06 -21.226301 2.451699 -3.594003 -0.0 -5e-06 0.0 -1.362683 2.2408 -0.746325 -21.334932 0.584911 3.00833 -13.821226 -1e-06 3e-06 -23.88719 -0.249076 -0.839482 -61.325081 2.703996 -0.834469 -0.294026 1.679689 0.833256 -14.218219 0.093215 1.300583 -34.212074 -0.28756 0.967175 -20.03323 0.96454 1.212847 1e-06 -0.0 -1e-06 -3.440392 0.788234 0.501657 -15.928201 -3.167311 2.999712 -6.338831 -1e-06 2e-06 -18.123459 3.648186 -4.905674 -4e-06 -0.0 -2e-06 25.384689 -0.973719 13.715483 49.476303 5.453043 -11.063457 177.691513 65.559662 177.214035 25.914549 -16.467621 15.834011 2.243545 -5.255039 -3.180159 14.282896 -0.826596 6.952499 -1e-06 -12.690609 -1e-06 15.894896 -18.116516 3.292678 1.665667 -1.955923 -2.878299 4.727799 -4.170589 4.993921 11.02053 2e-06 -2e-06 12.109056 -3.735717 -2.866787 -0.0 1e-06 0.0 1.291986 -1.928551 -1.498087 14.800132 0.567468 3.865607 14.242579 -1.341739 -6.660661 19.631973 0.143925 -0.648247 51.333084 -1.04915 -5.852753 0.353028 -1.511152 -0.031938 20.222799 3.684309 2.316628 18.787279 4e-06 -3e-06 10.751631 -0.479867 1.397904 -1e-06 -0.0 -1e-06 3.273807 0.305947 -0.580112 21.48682 11.830379 2.266131 8.16293 2e-06 -2e-06 18.399094 -3.798986 -4.940582 2e-06 -1e-06 -1e-06 15.063515 9.1828 18.051422 0.039165 -0.915843 5.957672 -9.749538 -6.157328 20.908409 1.850137 -1.586395 -15.535607 -1e-06 -0.0 2e-06 -9.251227 17.384073 -24.963425 0.196344 0.597879 22.327873 9.345988 11.535322 -7.006621 -1.463902 1.202963 0.729063 0.0 0.0 -1e-06 
0.0 0.0 0.0 0.0 -0.0 0.0 -52.595795 97.617271 181.429642 -2.959472 -29.667208 8.448321 0.095048 -1.974487 -5.471125 -0.291495 -7.249979 -7.272557 6.736308 -10.470046 6.740261 -26.514112 10.107669 -12.108628 -1.629826 1.772022 -3.977029 -19.831806 10.468705 -17.75914 7.7e-05 -2.2e-05 6e-06 0.152196 -0.220575 -0.158509 1.045504 -3.753752 -10.864273 -0.783109 3.282898 -10.533449 -18.242228 -19.181536 16.549898 -44.149704 -38.793705 -9.401856 -179.774399 -45.151566 -179.489853 -33.319088 -9.788273 -16.148855 -5.88211 9.861288 0.702592 -10.936878 -0.360573 7.156211 1e-06 8.774829 -0.0 -17.066523 17.081717 5.282176 -1.844031 2.498505 -2.507279 -10.16361 4.678948 4.621113 -20.976038 -3e-06 4e-06 -21.226301 2.451699 -3.594001 -0.0 -6e-06 -1e-06 -1.362682 2.240798 -0.746324 -21.334929 0.584909 3.008328 -13.821222 -2e-06 4e-06 -23.887184 -0.249078 -0.839481 -61.392876 2.836379 -1.000235 -0.294026 1.679689 0.833257 -14.218219 0.093215 1.300582 -34.212074 -0.28756 0.967174 -20.033226 0.964539 1.212843 1e-06 0.0 0.0 -3.440392 0.788234 0.501657 -15.9282 -3.16731 2.99971 -6.338831 -1e-06 2e-06 -18.123459 3.648186 -4.905672 -4e-06 -0.0 -3e-06 24.497425 0.001449 13.755191 50.077003 7.977258 -11.384336 176.982193 64.758156 176.773743 26.424175 -18.337042 17.824289 2.243544 -5.255041 -3.18016 14.282898 -0.826598 6.952507 1e-06 -12.690612 1e-06 15.879483 -18.023188 3.187931 1.665668 -1.955922 -2.878301 4.727801 -4.170592 4.993927 11.020531 1e-06 -1e-06 12.109059 -3.73572 -2.866787 -0.0 1e-06 -1e-06 1.291987 -1.92855 -1.498091 14.800136 0.567466 3.865609 14.24258 -1.341739 -6.660664 19.631975 0.143924 -0.648248 51.368549 -1.149836 -5.815519 0.35303 -1.511152 -0.031938 20.222801 3.684309 2.316629 18.787283 3e-06 -3e-06 10.751631 -0.479869 1.397905 0.0 -0.0 0.0 3.273808 0.305946 -0.580113 21.486822 11.830379 2.266134 8.16293 0.0 -2e-06 18.399094 -3.79899 -4.94058 1e-06 1e-06 -3e-06 15.926265 9.557587 16.805439 0.096567 -1.139014 7.944324 -10.63323 -7.477536 23.145138 1.960816 -1.655073 -17.837978 -0.0 0.0 3e-06 -8.834546 16.289782 -23.989874 0.179399 0.538692 22.308029 8.754686 11.332774 -8.184575 -1.462062 1.15524 0.776621 0.0 0.0 -1e-06 
0.0 0.0 0.0 0.0 -0.0 0.0 -53.18758 97.801804 182.854538 -2.346046 -28.326939 8.589194 0.269478 -1.855115 -5.259512 -0.240473 -6.968543 -7.217123 6.718939 -10.054878 6.767677 -26.064796 9.672871 -12.130616 -1.930788 1.620978 -3.857522 -20.389051 9.817069 -19.531029 7.7e-05 -2.2e-05 6e-06 0.12765 -0.161843 -0.163635 1.013538 -3.729043 -10.926483 -0.798033 3.377176 -10.577492 -17.931904 -18.731136 16.6201 -45.31242 -38.080524 -7.621374 -179.201035 -45.073212 -179.805832 -35.513462 -8.47752 -13.26501 -5.88211 9.86129 0.70259 -10.936873 -0.360575 7.156201 0.0 8.774829 -1e-06 -17.02459 17.085054 5.286668 -1.844035 2.498506 -2.507277 -10.163604 4.678948 4.621106 -20.976036 -3e-06 -4e-06 -21.226297 2.451695 -3.594006 0.0 -7e-06 -1e-06 -1.362685 2.240799 -0.746324 -21.334925 0.584912 3.008315 -13.82122 -3e-06 -2e-06 -23.887182 -0.249083 -0.839492 -61.329773 2.95467 -1.034536 -0.294025 1.679689 0.833257 -14.218213 0.093217 1.300576 -34.212059 -0.28757 0.967159 -20.033218 0.964532 1.212837 2e-06 -1e-06 -0.0 -3.440389 0.788233 0.501656 -15.928189 -3.167311 2.999701 -6.338829 -1e-06 -2e-06 -18.123455 3.648182 -4.905678 -4e-06 1e-06 -2e-06 23.723463 0.271614 13.726336 51.069183 9.680061 -11.099629 176.860092 64.112793 176.755798 26.569477 -19.775852 18.962467 2.243543 -5.255037 -3.180159 14.282898 -0.826595 6.952511 -6e-06 -12.69061 3e-06 15.87977 -17.893703 3.076116 1.665667 -1.955922 -2.8783 4.7278 -4.170589 4.993932 11.020531 4e-06 -2e-06 12.109056 -3.735714 -2.866782 -1e-06 -0.0 -0.0 1.291985 -1.92855 -1.498092 14.800138 0.56747 3.865613 14.242578 -1.341731 -6.660661 19.631977 0.143929 -0.648243 51.279881 -1.00092 -5.769821 0.35303 -1.511152 -0.03194 20.222801 3.684312 2.316631 18.787283 6e-06 1e-06 10.751634 -0.479869 1.39791 -1e-06 0.0 0.0 3.273808 0.305949 -0.580113 21.486828 11.830382 2.266132 8.16293 2e-06 0.0 18.399092 -3.798985 -4.940574 3e-06 1e-06 -2e-06 15.955486 9.658085 14.835069 0.085191 -1.327588 11.094233 -11.664134 -9.008058 25.355078 2.046313 -1.610772 -20.53746 0.0 -1e-06 2e-06 -9.078163 15.052734 -22.822771 0.166094 0.593258 21.956257 8.260187 11.206668 -9.261267 -1.45907 1.146643 0.741624 -0.0 0.0 -1e-06 
0.0 0.0 0.0 0.0 -0.0 0.0 -53.834068 98.098175 184.380966 -0.949877 -27.098736 8.583828 0.094134 -1.758994 -5.177527 -0.174599 -6.721259 -7.160804 5.934521 -9.628275 6.596333 -26.084339 9.473034 -11.918904 -2.032777 1.549378 -3.802433 -20.528416 9.101026 -20.443056 7.7e-05 -2.3e-05 6e-06 0.085452 -0.09381 -0.152255 0.924373 -3.676917 -10.919496 -0.794123 3.461347 -10.573679 -18.413542 -18.194834 16.706137 -46.160004 -36.74865 -5.811284 -178.766663 -44.508862 -179.93634 -36.515373 -7.622416 -10.698436 -5.882108 9.861286 0.70259 -10.936874 -0.360574 7.156209 1e-06 8.774824 -1e-06 -17.10726 17.068254 5.273937 -1.844032 2.498505 -2.507278 -10.163603 4.678947 4.621112 -20.97603 -3e-06 4e-06 -21.226295 2.451698 -3.594002 0.0 -6e-06 -1e-06 -1.36268 2.2408 -0.746325 -21.334921 0.584911 3.008325 -13.821218 -2e-06 2e-06 -23.887177 -0.249079 -0.83948 -61.366451 2.954586 -1.056137 -0.294024 1.679687 0.833255 -14.218214 0.093214 1.300583 -34.212059 -0.287559 0.967172 -20.033218 0.964539 1.212844 1e-06 -1e-06 0.0 -3.440388 0.788234 0.501655 -15.928192 -3.16731 2.99971 -6.338829 1e-06 2e-06 -18.123453 3.648184 -4.905672 -3e-06 -1e-06 -1e-06 23.34341 0.19335 13.656226 51.86166 10.524899 -10.279879 176.988632 63.381077 176.805603 26.237946 -20.554243 19.903008 2.243544 -5.255038 -3.18016 14.282893 -0.826595 6.952504 -1e-06 -12.690607 -1e-06 16.025188 -17.915066 2.877504 1.665668 -1.955922 -2.878301 4.727801 -4.170588 4.993925 11.020531 1e-06 -3e-06 12.109056 -3.735718 -2.866787 1e-06 -1e-06 -0.0 1.291986 -1.92855 -1.498092 14.800132 0.567466 3.865608 14.242577 -1.341737 -6.660662 19.631973 0.143926 -0.648248 51.296955 -1.003337 -5.85498 0.353029 -1.511151 -0.03194 20.222797 3.684309 2.316628 18.787279 3e-06 -4e-06 10.75163 -0.47987 1.397904 -1e-06 1e-06 -0.0 3.273807 0.305947 -0.580112 21.486816 11.830377 2.266131 8.16293 1e-06 -1e-06 18.399088 -3.798987 -4.94058 2e-06 1e-06 -2e-06 15.20841 9.421432 12.05012 0.001303 -1.319309 15.146698 -13.172232 -10.511981 27.641272 2.097239 -1.609121 -20.068747 -0.0 -1e-06 2e-06 -10.163557 13.782982 -21.661104 0.152671 0.65716 21.395683 7.827812 11.057745 -10.298975 -1.470139 1.092227 0.80443 0.0 0.0 -1e-06 
0.0 0.0 0.0 0.0 -0.0 0.0 -54.519455 98.455681 185.924316 0.858841 -25.759924 8.452129 -0.211034 -1.6852 -5.071711 -0.161912 -6.383652 -7.079998 4.653935 -9.255906 6.326836 -26.585442 9.543962 -11.472501 -2.125412 1.151174 -3.82371 -20.292816 8.323982 -20.900745 7.7e-05 -2.2e-05 6e-06 0.049797 -0.062386 -0.143087 0.83862 -3.649286 -10.921866 -0.779834 3.496737 -10.563491 -19.505341 -17.461466 16.785536 -46.352886 -35.260651 -3.989035 -178.31604 -43.759117 179.87468 -37.336716 -7.101454 -8.702926 -5.882112 9.861292 0.702593 -10.936881 -0.360573 7.156216 -0.0 8.774833 0.0 -17.316317 17.070181 5.208122 -1.844033 2.498506 -2.507282 -10.163611 4.67895 4.621115 -20.976042 -2e-06 3e-06 -21.226311 2.4517 -3.594003 0.0 -6e-06 -0.0 -1.362683 2.240798 -0.746323 -21.334934 0.584911 3.008328 -13.821225 -2e-06 3e-06 -23.88719 -0.249078 -0.839484 -61.430012 2.897635 -1.127183 -0.294025 1.679689 0.833257 -14.218223 0.093216 1.300582 -34.212078 -0.287561 0.967173 -20.033232 0.964539 1.212846 1e-06 -0.0 0.0 -3.440392 0.788234 0.501657 -15.928201 -3.167309 2.999712 -6.338832 0.0 2e-06 -18.123463 3.648188 -4.905673 -3e-06 -0.0 -2e-06 22.928415 -0.053994 13.751879 52.62706 10.763762 -8.634421 177.574463 62.461731 177.179276 25.728975 -20.947538 21.05295 2.243544 -5.255038 -3.180159 14.282896 -0.826597 6.952501 0.0 -12.690609 -3e-06 16.203712 -17.966843 2.738254 1.665668 -1.955922 -2.878301 4.727801 -4.170588 4.993928 11.020529 -0.0 -3e-06 12.109057 -3.735719 -2.866787 -0.0 -1e-06 -0.0 1.291987 -1.92855 -1.498091 14.800132 0.567466 3.865607 14.242579 -1.341739 -6.660662 19.631973 0.143923 -0.648248 51.334061 -1.04409 -5.957459 0.35303 -1.511151 -0.031938 20.222797 3.684306 2.316631 18.787279 2e-06 -4e-06 10.751632 -0.479868 1.397904 -1e-06 -0.0 0.0 3.273808 0.305947 -0.58011 21.486816 11.830374 2.266134 8.16293 0.0 -2e-06 18.399088 -3.798987 -4.94058 3e-06 1e-06 -2e-06 14.140527 8.669206 8.238214 -0.062597 -1.291824 20.393648 -16.496456 -12.772992 30.716013 2.072828 -1.602624 -17.021948 -1e-06 0.0 2e-06 -11.547029 12.353285 -20.384735 0.113296 0.704803 20.547689 7.303703 10.707428 -11.215225 -1.488768 1.045843 0.758194 -0.0 -0.0 -1e-06 
0.0 0.0 0.0 0.0 -0.0 0.0 -55.22805 98.711784 187.51593 2.556863 -24.154882 8.340429 -0.368088 -1.614113 -4.892788 -0.184273 -5.808498 -6.94012 3.161225 -8.873661 6.082545 -27.431883 9.831105 -10.424644 -2.108307 0.364841 -3.898962 -20.065706 7.183992 -21.011026 7.6e-05 -2.2e-05 6e-06 0.055139 -0.02583 -0.124841 0.811119 -3.613847 -10.946992 -0.743295 3.534876 -10.561597 -20.865454 -16.364353 16.824099 -46.07172 -33.991951 -2.028473 -178.025192 -43.076138 179.825897 -38.460472 -6.82221 -7.246915 -5.882107 9.861286 0.702589 -10.936873 -0.360574 7.156206 0.0 8.774824 -1e-06 -17.367519 17.171509 5.185861 -1.844032 2.498505 -2.507279 -10.163601 4.678946 4.621109 -20.976025 -1e-06 1e-06 -21.226286 2.451696 -3.594001 0.0 -6e-06 -1e-06 -1.362682 2.240798 -0.746324 -21.334913 0.584911 3.008325 -13.821214 -1e-06 3e-06 -23.887171 -0.249077 -0.839483 -61.304287 2.864992 -1.306332 -0.294027 1.679687 0.833256 -14.218209 0.093216 1.300581 -34.212048 -0.287559 0.967172 -20.033215 0.964539 1.212842 2e-06 -1e-06 -1e-06 -3.440388 0.788233 0.501655 -15.928187 -3.167306 2.999708 -6.338827 0.0 0.0 -18.123449 3.648182 -4.905669 -3e-06 -2e-06 -1e-06 21.979452 -0.317168 14.061201 53.42305 10.664797 -5.404422 179.209076 61.338337 178.506866 25.285257 -21.064419 21.738276 2.243543 -5.255038 -3.18016 14.282896 -0.826599 6.952507 1e-06 -12.690608 0.0 16.206156 -18.031193 2.685935 1.665666 -1.955922 -2.878299 4.727801 -4.17059 4.993927 11.02053 1e-06 -3e-06 12.109057 -3.735718 -2.866787 -0.0 1e-06 0.0 1.291987 -1.928549 -1.49809 14.800134 0.567465 3.86561 14.24258 -1.341738 -6.660662 19.631975 0.143923 -0.648247 51.346851 -1.129615 -6.065443 0.353029 -1.51115 -0.031941 20.222797 3.684307 2.316631 18.787281 3e-06 -4e-06 10.751631 -0.479872 1.397905 -0.0 -1e-06 1e-06 3.273808 0.305946 -0.580112 21.486818 11.830374 2.26613 8.16293 0.0 -3e-06 18.399092 -3.798987 -4.94058 2e-06 0.0 -2e-06 13.234216 7.489354 3.36913 -0.023601 -1.316777 26.598778 -23.003317 -15.725561 34.444981 1.909983 -1.640897 -10.872503 1e-06 -0.0 2e-06 -12.669007 10.508285 -18.927071 0.028724 0.762467 19.885235 6.81277 10.365683 -12.317007 -1.506794 1.029547 0.621982 -0.0 0.0 -1e-06 
0.0 0.0 0.0 0.0 -0.0 0.0 -55.916225 98.817024 189.087326 3.820694 -22.462166 8.237329 -0.295545 -1.434939 -4.628675 -0.256768 -4.966479 -6.67472 1.672709 -8.452867 5.936827 -28.451929 10.428621 -8.661066 -2.013607 -0.610266 -3.951681 -19.875198 5.498209 -20.688608 7.6e-05 -2.2e-05 6e-06 0.077427 0.051488 -0.08865 0.827361 -3.533266 -10.97406 -0.715501 3.612405 -10.567824 -22.275513 -14.793295 16.666773 -45.5471 -32.856339 -0.270297 -178.116562 -42.719799 -179.961639 -39.99036 -6.683561 -5.971634 -5.882103 9.861282 0.702589 -10.936866 -0.360575 7.156199 1e-06 8.774821 -2e-06 -17.092424 17.346416 5.245435 -1.844031 2.498503 -2.507275 -10.163595 4.678943 4.621103 -20.976013 -4e-06 3e-06 -21.226278 2.451696 -3.594 0.0 -7e-06 -0.0 -1.362681 2.240799 -0.746323 -21.334904 0.584908 3.008321 -13.821206 -1e-06 3e-06 -23.887157 -0.249081 -0.839482 -60.777668 2.906888 -1.527843 -0.294024 1.679686 0.833255 -14.218199 0.093216 1.30058 -34.212032 -0.287564 0.967171 -20.033201 0.964535 1.212842 1e-06 -1e-06 -0.0 -3.440384 0.788234 0.501654 -15.928177 -3.167308 2.999705 -6.338823 -2e-06 0.0 -18.12344 3.64818 -4.905666 -3e-06 0.0 -2e-06 20.546999 -0.564929 14.431869 53.969719 10.478201 -0.630992 -178.758224 60.203495 -179.781525 25.533276 -21.402155 21.493593 2.243541 -5.255034 -3.180156 14.282887 -0.826597 6.952503 -2e-06 -12.6906 4e-06 15.908336 -18.042322 2.714021 1.665665 -1.95592 -2.878297 4.727798 -4.170588 4.993925 11.020522 1e-06 1e-06 12.109048 -3.735716 -2.866781 1e-06 -0.0 1e-06 1.291985 -1.928549 -1.498087 14.800122 0.567466 3.865606 14.242565 -1.341737 -6.660654 19.631958 0.143925 -0.648243 51.239384 -1.258809 -6.12367 0.353029 -1.51115 -0.031939 20.222784 3.684306 2.316632 18.787268 1e-06 1e-06 10.751625 -0.47987 1.397905 -1e-06 1e-06 -0.0 3.273805 0.305947 -0.58011 21.486801 11.830368 2.266131 8.162923 1e-06 -1e-06 18.399076 -3.79899 -4.940572 4e-06 0.0 -1e-06 12.815001 6.476843 -1.928593 0.04829 -1.388609 32.563744 -30.22624 -19.281372 34.755005 1.73346 -1.694135 -6.19536 -0.0 1e-06 3e-06 -13.418498 8.327109 -17.295305 -0.086712 0.793781 19.449305 6.533391 10.264584 -13.384527 -1.51575 1.012395 0.459634 0.0 0.0 -1e-06 
0.0 0.0 0.0 0.0 -0.0 0.0 -56.602066 98.945869 190.625076 4.928544 -20.892118 8.130819 -0.337429 -1.049073 -4.311496 -0.329981 -4.047378 -6.40479 0.093094 -7.849295 6.035923 -29.131212 11.369572 -6.271412 -2.184783 -1.597003 -4.005897 -19.793003 3.600364 -19.641287 7.6e-05 -2.2e-05 6e-06 0.094303 0.108495 -0.081781 0.806461 -3.485548 -11.042072 -0.660395 3.684987 -10.625273 -23.429729 -12.994394 16.347477 -45.011478 -31.36039 0.117509 -178.527405 -42.738213 -179.637222 -41.563293 -6.596428 -3.811183 -5.882109 9.86129 0.702592 -10.936879 -0.360574 7.156211 1e-06 8.77483 1e-06 -17.036745 17.517817 5.213618 -1.844033 2.498507 -2.507278 -10.163604 4.678947 4.621113 -20.976036 -6e-06 3e-06 -21.226295 2.4517 -3.593999 0.0 -4e-06 -2e-06 -1.362682 2.240798 -0.746323 -21.334927 0.584911 3.008327 -13.821219 -3e-06 4e-06 -23.887182 -0.249077 -0.839485 -60.544758 2.865471 -1.642454 -0.294025 1.679687 0.833256 -14.218217 0.093216 1.300583 -34.212074 -0.287563 0.967175 -20.033226 0.96454 1.212845 0.0 1e-06 -1e-06 -3.440392 0.788234 0.501656 -15.928196 -3.167308 2.99971 -6.338831 -2e-06 3e-06 -18.123459 3.648187 -4.905673 -3e-06 -1e-06 -2e-06 19.390409 -0.785205 14.562855 53.769505 10.471929 4.63401 -177.456863 59.60984 -178.641708 27.096823 -22.482725 20.49098 2.243543 -5.255037 -3.180158 14.282892 -0.826596 6.9525 -1e-06 -12.690607 0.0 15.4518 -18.028471 2.812033 1.665667 -1.955922 -2.878298 4.7278 -4.170588 4.993925 11.020529 1e-06 -2e-06 12.109057 -3.735718 -2.866787 0.0 -1e-06 -0.0 1.291986 -1.92855 -1.498089 14.800131 0.567466 3.865607 14.242577 -1.341737 -6.660658 19.631973 0.143924 -0.648246 51.02412 -1.478843 -6.073033 0.353028 -1.511151 -0.031941 20.222797 3.684309 2.316629 18.787275 4e-06 -2e-06 10.751633 -0.479868 1.397905 1e-06 2e-06 0.0 3.273808 0.305947 -0.580111 21.486816 11.830373 2.266132 8.162928 2e-06 -3e-06 18.399088 -3.798986 -4.940579 2e-06 -0.0 -2e-06 12.402097 6.40847 -7.610712 -0.012818 -1.211415 37.233849 -29.886848 -21.500631 25.497189 1.699065 -1.739459 -5.359457 0.0 -0.0 1e-06 -14.030169 6.207318 -15.35601 -0.167778 0.750973 18.408079 6.278863 10.077512 -14.109877 -1.51083 0.976789 0.212884 0.0 0.0 -1e-06 
0.0 0.0 0.0 0.0 -0.0 0.0 -57.261997 99.130707 192.204956 6.010306 -19.637621 8.183541 -0.592494 -0.61412 -3.993983 -0.418049 -3.09541 -6.227158 -1.500876 -7.041619 6.346272 -29.327477 12.669189 -3.30991 -2.596235 -2.504071 -4.06181 -19.87211 1.722528 -17.99489 7.7e-05 -2.2e-05 6e-06 0.095755 0.147572 -0.103975 0.735177 -3.458539 -11.039799 -0.585233 3.741716 -10.645766 -23.611124 -11.209756 15.870402 -45.17942 -29.344139 -1.221741 -179.09079 -42.966862 -179.295349 -42.737831 -6.333482 -0.471643 -5.882112 9.861288 0.702591 -10.936878 -0.360573 7.156204 -0.0 8.774826 0.0 -17.560915 17.461878 4.944082 -1.844035 2.498505 -2.507277 -10.163609 4.678947 4.621108 -20.97604 -1e-06 -1e-06 -21.226303 2.451697 -3.594004 -1e-06 -6e-06 -1e-06 -1.362682 2.240798 -0.746325 -21.334929 0.584912 3.00832 -13.821221 0.0 1e-06 -23.887188 -0.249077 -0.839487 -60.874928 2.677577 -1.606405 -0.294026 1.679688 0.833257 -14.218218 0.093216 1.300579 -34.212074 -0.287562 0.967165 -20.033224 0.964536 1.212842 -0.0 0.0 -1e-06 -3.44039 0.788237 0.501656 -15.928198 -3.167309 2.999705 -6.338829 3e-06 1e-06 -18.123459 3.648183 -4.905674 -3e-06 1e-06 -1e-06 18.464327 -0.876879 14.554353 53.52869 10.858014 8.917035 -177.528412 59.750317 -178.7491 29.322187 -24.085798 19.508419 2.243542 -5.255034 -3.180159 14.282887 -0.826594 6.952502 -2e-06 -12.690603 3e-06 15.169837 -17.894926 2.791429 1.665665 -1.95592 -2.878299 4.727797 -4.170587 4.993925 11.020524 5e-06 -1e-06 12.10905 -3.735713 -2.866781 1e-06 -1e-06 -0.0 1.291985 -1.928549 -1.498089 14.800125 0.567469 3.865607 14.242568 -1.341733 -6.660656 19.631968 0.143928 -0.648244 50.758133 -1.531907 -5.979701 0.353027 -1.51115 -0.031936 20.22279 3.684309 2.316631 18.787273 5e-06 1e-06 10.751629 -0.479871 1.397907 -0.0 1e-06 -0.0 3.273806 0.305947 -0.580112 21.486813 11.830376 2.26613 8.162926 2e-06 -0.0 18.399078 -3.798985 -4.940573 3e-06 1e-06 -1e-06 11.450358 7.030356 -13.94641 -0.097883 -0.867377 39.838928 -23.100159 -20.388287 12.752172 1.697839 -1.781832 -4.961252 -0.0 0.0 2e-06 -14.763213 4.268525 -13.251772 -0.199261 0.687792 16.559307 6.058168 10.064321 -14.380082 -1.496618 0.944228 0.009706 -0.0 -0.0 -1e-06 
0.0 0.0 0.0 0.0 -0.0 0.0 -57.819897 99.196304 193.814011 6.699511 -18.862379 8.355767 -0.784818 -0.227646 -3.5871 -0.5374 -2.120461 -6.074137 -2.83563 -5.967224 6.749637 -29.239801 14.290197 0.102968 -2.949988 -3.19812 -4.046211 -19.762978 -0.078177 -15.888232 7.6e-05 -2.2e-05 6e-06 0.063543 0.189726 -0.117152 0.652235 -3.426393 -10.973656 -0.567824 3.797821 -10.623415 -22.622852 -9.544084 15.271378 -46.367447 -27.371181 -3.026847 -179.834579 -43.027615 -179.140106 -42.792469 -5.796017 2.533517 -5.882118 9.861299 0.702592 -10.936889 -0.360574 7.156217 -1e-06 8.774837 -0.0 -18.139694 17.412676 4.70235 -1.844035 2.498507 -2.507282 -10.163618 4.678951 4.621115 -20.976057 1e-06 3e-06 -21.226322 2.451704 -3.594005 -0.0 -6e-06 -0.0 -1.362684 2.240801 -0.746324 -21.334951 0.584913 3.008328 -13.821238 -0.0 3e-06 -23.887207 -0.249078 -0.839485 -61.296852 2.579942 -1.542455 -0.294024 1.679691 0.833256 -14.218232 0.093217 1.300581 -34.212112 -0.287559 0.967172 -20.033251 0.96454 1.212844 1e-06 1e-06 -0.0 -3.440393 0.788234 0.501656 -15.928213 -3.167312 2.999712 -6.338837 0.0 1e-06 -18.123476 3.648187 -4.90568 -3e-06 -0.0 -1e-06 17.123318 -0.796772 14.397578 54.058971 11.312397 12.081601 -178.697144 60.235596 -179.746368 30.876846 -25.906542 18.885183 2.243544 -5.255043 -3.180162 14.282911 -0.826597 6.952514 -2e-06 -12.690621 2e-06 14.985546 -17.80135 2.723275 1.665669 -1.955924 -2.878302 4.727807 -4.170594 4.993933 11.020541 4e-06 -0.0 12.10907 -3.735719 -2.866787 2e-06 -1e-06 1e-06 1.291988 -1.928551 -1.498091 14.800149 0.567466 3.865615 14.242591 -1.341736 -6.660665 19.631992 0.143926 -0.648245 50.419746 -1.472479 -6.066916 0.353029 -1.511153 -0.031941 20.22282 3.684315 2.316635 18.787302 4e-06 2e-06 10.751646 -0.47987 1.397909 -0.0 0.0 1e-06 3.273811 0.305947 -0.580111 21.486843 11.830389 2.266135 8.162939 3e-06 0.0 18.399109 -3.79899 -4.94058 3e-06 1e-06 -1e-06 10.310175 7.532125 -20.362463 -0.152138 -0.673834 40.393326 -17.081556 -17.488665 3.454974 1.686378 -1.810578 -4.231633 -0.0 0.0 3e-06 -15.241713 2.410082 -11.306248 -0.223274 0.714469 14.713051 5.986247 10.618631 -14.540569 -1.478417 0.90955 -0.08994 -0.0 -0.0 -1e-06 
0.0 0.0 0.0 0.0 -0.0 0.0 -58.281601 99.06073 195.606094 6.712553 -18.728975 8.564192 -0.690428 0.096951 -3.137992 -0.637295 -1.117553 -5.926156 -3.739103 -4.677953 7.20142 -29.123896 16.499971 4.06007 -3.046932 -3.904872 -3.968212 -19.372623 -1.546505 -13.301471 7.6e-05 -2.2e-05 6e-06 0.020102 0.24377 -0.107152 0.58381 -3.370728 -10.849199 -0.587423 3.854181 -10.536883 -20.890362 -7.822698 14.655298 -48.45433 -25.73147 -4.784189 179.313416 -42.563805 -179.197266 -41.782555 -5.507212 3.962656 -5.882112 9.861288 0.702591 -10.936881 -0.360574 7.156211 1e-06 8.77483 -0.0 -18.388611 17.540255 4.647545 -1.844033 2.498505 -2.507281 -10.163609 4.678947 4.621112 -20.97604 -3e-06 4e-06 -21.226305 2.451699 -3.594001 1e-06 -7e-06 -1e-06 -1.362682 2.240799 -0.746324 -21.334932 0.58491 3.008328 -13.821225 -2e-06 3e-06 -23.88719 -0.249077 -0.839482 -61.66293 2.653158 -1.555339 -0.294026 1.679687 0.833256 -14.21822 0.093214 1.300583 -34.212074 -0.28756 0.967174 -20.03323 0.964537 1.212844 1e-06 1e-06 1e-06 -3.440392 0.788235 0.501656 -15.928201 -3.167311 2.999709 -6.338833 0.0 1e-06 -18.123466 3.648184 -4.905673 -4e-06 1e-06 -1e-06 15.39191 -0.440172 14.291258 54.888531 11.715696 14.659962 179.777649 60.604748 178.995895 31.693546 -27.459362 18.373943 2.243542 -5.255038 -3.18016 14.282898 -0.826598 6.952507 -2e-06 -12.690612 4e-06 14.817829 -17.748127 2.631481 1.665668 -1.955922 -2.878302 4.727799 -4.170591 4.993927 11.020535 5e-06 -2e-06 12.109059 -3.735717 -2.866786 1e-06 -2e-06 1e-06 1.291987 -1.928551 -1.49809 14.800136 0.567468 3.865609 14.242581 -1.341733 -6.660663 19.631977 0.143928 -0.648248 49.854008 -1.356344 -6.325456 0.353029 -1.511152 -0.03194 20.222801 3.68431 2.316628 18.787287 3e-06 -3e-06 10.751634 -0.479869 1.397905 0.0 0.0 0.0 3.273808 0.305946 -0.58011 21.486824 11.830379 2.266128 8.16293 1e-06 -1e-06 18.399092 -3.798987 -4.94058 3e-06 0.0 -1e-06 9.52138 7.767575 -25.936039 -0.221103 -0.665074 39.169876 -13.384017 -14.895041 -1.925903 1.671284 -1.841044 -3.419017 0.0 1e-06 3e-06 -15.235473 0.952483 -9.404958 -0.245693 0.75224 13.026516 6.195628 11.716392 -14.741802 -1.463151 0.881698 -0.038847 0.0 0.0 -1e-06 
0.0 0.0 0.0 0.0 -0.0 0.0 -58.587601 98.613579 197.723129 5.907861 -19.249701 8.732269 -0.204038 0.356517 -2.725378 -0.682898 -0.136237 -5.766459 -4.094606 -3.339909 7.671734 -28.890949 19.319283 8.572315 -2.817822 -4.218935 -3.865362 -18.523327 -2.319457 -9.890013 7.8e-05 -2.2e-05 6e-06 -0.031588 0.310438 -0.076115 0.55146 -3.302824 -10.725564 -0.659718 3.926152 -10.428706 -18.874907 -5.904553 14.130726 -51.286568 -24.606462 -6.118674 178.609177 -41.76305 -179.252319 -40.389919 -5.610757 3.805082 -5.88211 9.861289 0.702589 -10.936877 -0.360573 7.156211 -1e-06 8.774826 -0.0 -18.462538 17.82159 4.749998 -1.844034 2.498508 -2.50728 -10.163608 4.678948 4.621113 -20.976038 3e-06 3e-06 -21.226301 2.451703 -3.594005 2e-06 -6e-06 0.0 -1.362681 2.240799 -0.746325 -21.334927 0.584914 3.008327 -13.821221 -1e-06 2e-06 -23.887184 -0.249075 -0.839486 -62.28175 2.794358 -1.558743 -0.294025 1.679687 0.833256 -14.218217 0.093218 1.300584 -34.212067 -0.287554 0.96717 -20.033226 0.964542 1.212842 2e-06 0.0 1e-06 -3.440391 0.788235 0.501656 -15.928196 -3.167306 2.999712 -6.33883 1e-06 1e-06 -18.123459 3.648187 -4.905676 -5e-06 -0.0 -1e-06 13.580519 0.198049 14.388002 55.312515 12.100013 17.303644 178.663864 60.546261 178.254959 31.848045 -27.679939 17.013485 2.243546 -5.25504 -3.180161 14.282896 -0.826598 6.952502 -2e-06 -12.690612 1e-06 14.704491 -17.737843 2.545644 1.665669 -1.955922 -2.878303 4.727803 -4.17059 4.993925 11.020535 4e-06 -5e-06 12.109061 -3.735721 -2.866789 1e-06 -2e-06 0.0 1.291987 -1.928551 -1.498091 14.800136 0.567466 3.865606 14.242583 -1.341737 -6.660667 19.631979 0.143926 -0.648253 49.272255 -1.212428 -6.649889 0.35303 -1.511151 -0.03194 20.222801 3.684309 2.316627 18.787285 3e-06 -6e-06 10.751634 -0.479867 1.397904 -0.0 -1e-06 0.0 3.273809 0.305947 -0.580112 21.486826 11.830383 2.266128 8.16293 1e-06 -3e-06 18.399096 -3.79899 -4.940584 3e-06 0.0 -1e-06 9.491735 7.640738 -29.742371 -0.307705 -0.736324 35.885521 -11.141287 -12.87294 -5.009715 1.663721 -1.843105 -2.658703 -0.0 0.0 2e-06 -14.707571 0.154381 -7.561449 -0.24371 0.787469 11.950086 6.918046 13.130822 -15.263069 -1.452687 0.900026 0.053824 -0.0 0.0 -1e-06 
0.0 0.0 0.0 0.0 -0.0 0.0 -58.676613 97.877594 200.143616 4.398006 -20.487703 8.98352 0.643367 0.53068 -2.447824 -0.65141 0.850386 -5.640934 -3.932081 -2.111493 8.126458 -28.793882 22.334776 12.994812 -2.335933 -3.705502 -3.808377 -17.12047 -2.051184 -5.944527 7.7e-05 -2.2e-05 6e-06 -0.110196 0.380124 -0.042832 0.537005 -3.256401 -10.704495 -0.802416 4.021858 -10.403574 -17.101248 -3.695652 13.724493 -54.486576 -23.965118 -6.519332 178.447647 -40.865128 -179.353592 -38.786255 -5.40349 3.532087 -5.882108 9.861284 0.70259 -10.936873 -0.360575 7.156208 -0.0 8.774825 -1e-06 -18.31941 18.006611 5.028581 -1.844032 2.498503 -2.507279 -10.163604 4.678945 4.621111 -20.97603 -3e-06 4e-06 -21.226295 2.451697 -3.594002 0.0 -6e-06 1e-06 -1.362681 2.240797 -0.746324 -21.334921 0.584909 3.008326 -13.821218 -1e-06 3e-06 -23.887178 -0.249078 -0.839482 -62.781311 2.835535 -1.476534 -0.294025 1.679687 0.833257 -14.218213 0.093214 1.300582 -34.212063 -0.287562 0.967173 -20.033216 0.964539 1.212845 0.0 -1e-06 1e-06 -3.44039 0.788234 0.501657 -15.928192 -3.167308 2.999709 -6.338829 -2e-06 3e-06 -18.123457 3.648183 -4.90567 -4e-06 -1e-06 -1e-06 11.831614 1.204769 14.803467 55.048687 12.580161 19.865162 177.745422 60.119846 177.774155 31.350233 -26.62562 15.138799 2.243545 -5.255037 -3.180158 14.282898 -0.826598 6.952507 -2e-06 -12.690615 3e-06 14.755508 -17.806232 2.508111 1.665668 -1.955921 -2.878301 4.727803 -4.170589 4.993927 11.02053 3e-06 -1e-06 12.109057 -3.735719 -2.866785 0.0 -3e-06 1e-06 1.291986 -1.928551 -1.49809 14.800132 0.567467 3.865609 14.242579 -1.341736 -6.660659 19.631975 0.143926 -0.648245 48.994984 -1.064689 -6.844123 0.35303 -1.511151 -0.031938 20.222801 3.68431 2.316631 18.787283 3e-06 -1e-06 10.751633 -0.479868 1.397907 -0.0 -1e-06 0.0 3.273807 0.305946 -0.58011 21.486822 11.83038 2.266131 8.16293 1e-06 -1e-06 18.39909 -3.798988 -4.940578 3e-06 1e-06 -1e-06 10.235459 7.2408 -31.418413 -0.376302 -0.831251 29.852907 -10.315028 -11.41182 -5.97808 1.684926 -1.859789 -2.061476 -0.0 0.0 2e-06 -13.877925 0.015336 -5.923931 -0.204513 0.769918 11.419339 8.173952 14.794965 -15.973777 -1.440159 0.944899 0.241705 -0.0 0.0 -1e-06 
0.0 0.0 0.0 0.0 -0.0 0.0 -58.452435 97.064941 202.706741 2.559084 -22.654158 9.614692 1.513855 0.78055 -2.43681 -0.527355 1.845173 -5.662072 -3.426162 -1.123508 8.659115 -28.824419 24.800119 16.308323 -2.064104 -2.497551 -3.813141 -15.553256 -0.880901 -2.430624 7.7e-05 -2.2e-05 5e-06 -0.187904 0.363168 -0.035029 0.550874 -3.327604 -10.845439 -0.96732 4.053713 -10.564135 -16.27556 -1.371378 13.326432 -57.206905 -23.408876 -5.869227 178.826492 -39.602039 -179.482422 -37.574745 -4.862468 3.640454 -5.882111 9.861288 0.702591 -10.936878 -0.360574 7.156208 1e-06 8.774829 -2e-06 -18.150347 17.918184 5.157386 -1.844035 2.498505 -2.507279 -10.163605 4.678947 4.621109 -20.976036 -4e-06 2e-06 -21.226301 2.451698 -3.593999 -1e-06 -7e-06 0.0 -1.362682 2.240799 -0.746326 -21.334929 0.584909 3.008325 -13.821221 -3e-06 2e-06 -23.887184 -0.249077 -0.839482 -62.605358 2.740476 -1.515056 -0.294024 1.679687 0.833256 -14.218218 0.093215 1.300581 -34.21207 -0.287563 0.967171 -20.033226 0.964537 1.212844 1e-06 0.0 1e-06 -3.44039 0.788233 0.501655 -15.928198 -3.16731 2.999708 -6.33883 -2e-06 2e-06 -18.123459 3.648184 -4.905673 -4e-06 1e-06 -1e-06 10.814703 2.904225 15.790843 53.402691 13.394691 21.933538 177.481049 59.762146 177.761414 30.804003 -24.951996 13.118705 2.243543 -5.255038 -3.180158 14.282899 -0.826595 6.952507 -5e-06 -12.690609 1e-06 14.961012 -18.025145 2.622964 1.665666 -1.955921 -2.8783 4.7278 -4.170588 4.993927 11.020531 7e-06 0.0 12.109056 -3.735717 -2.866783 0.0 -2e-06 0.0 1.291985 -1.92855 -1.498089 14.800138 0.567471 3.86561 14.242579 -1.341735 -6.660658 19.631975 0.143929 -0.648242 49.327942 -0.957485 -6.862586 0.35303 -1.51115 -0.03194 20.222801 3.684317 2.316634 18.787283 6e-06 3e-06 10.751634 -0.479867 1.397908 -0.0 2e-06 1e-06 3.273809 0.305947 -0.58011 21.486824 11.830381 2.266134 8.16293 3e-06 0.0 18.399088 -3.798985 -4.940575 3e-06 1e-06 -1e-06 11.528144 6.31141 -31.577826 -0.336644 -0.889813 21.302475 -11.675945 -10.630646 -3.539166 1.707979 -1.938637 -1.637822 0.0 0.0 2e-06 -13.282098 0.142235 -4.562958 -0.11073 0.655262 10.330013 10.06379 16.643137 -16.018623 -1.42364 0.93669 0.440219 -0.0 0.0 -1e-06 
0.0 0.0 0.0 0.0 -0.0 0.0 -57.830208 96.167633 205.427032 1.032746 -25.308445 10.881906 1.668192 1.104278 -2.793258 -0.297081 2.541281 -5.877319 -2.62376 -0.470089 9.232561 -29.066418 25.978334 17.747484 -1.641437 -0.718803 -3.835126 -14.200872 1.127236 0.122558 7.7e-05 -2.3e-05 5e-06 -0.214882 0.283695 -0.054552 0.572281 -3.456103 -10.971888 -1.040472 4.023417 -10.798816 -17.479834 0.545391 12.574318 -58.093716 -22.734404 -4.820035 179.860596 -38.462933 -179.825882 -38.324303 -4.639763 4.520437 -5.882107 9.861286 0.702587 -10.936873 -0.360576 7.156207 1e-06 8.774825 -3e-06 -17.729042 17.716551 4.996881 -1.844032 2.498505 -2.507277 -10.163601 4.678946 4.621111 -20.976028 -4e-06 1e-06 -21.22629 2.451697 -3.594001 -1e-06 -7e-06 -1e-06 -1.362682 2.240799 -0.746324 -21.334919 0.58491 3.008325 -13.821218 -2e-06 2e-06 -23.887177 -0.249079 -0.839484 -61.638988 2.734434 -1.723201 -0.294024 1.679688 0.833256 -14.218212 0.093214 1.300583 -34.212051 -0.287563 0.967171 -20.033218 0.964537 1.212844 0.0 1e-06 1e-06 -3.440391 0.788234 0.501657 -15.928189 -3.167311 2.999712 -6.338829 -0.0 2e-06 -18.123453 3.648183 -4.905674 -4e-06 -0.0 -2e-06 12.224387 5.078118 16.730667 48.89246 14.515076 23.073181 177.788162 60.25293 178.052307 31.374878 -23.951151 12.224356 2.243543 -5.255037 -3.180157 14.282892 -0.826596 6.952502 -3e-06 -12.690607 3e-06 15.306836 -18.324894 3.030451 1.665666 -1.955923 -2.878298 4.727798 -4.170588 4.993925 11.020526 4e-06 -2e-06 12.109053 -3.735716 -2.866784 0.0 -0.0 0.0 1.291987 -1.928549 -1.49809 14.800131 0.567467 3.865608 14.242573 -1.341733 -6.660657 19.631969 0.143929 -0.648245 50.28067 -1.062408 -6.715541 0.353028 -1.511151 -0.031941 20.222794 3.684308 2.316628 18.787273 6e-06 -3e-06 10.751629 -0.479866 1.397905 -0.0 0.0 0.0 3.273809 0.305946 -0.580111 21.48682 11.830377 2.266131 8.16293 2e-06 -1e-06 18.399086 -3.798986 -4.940577 3e-06 0.0 -1e-06 13.047348 4.047904 -32.314529 -0.166901 -0.787108 14.235722 -15.4399 -8.585112 3.993914 1.701294 -2.130173 -0.864481 0.0 -1e-06 2e-06 -13.59502 0.0564 -4.255565 0.026154 0.568602 9.512314 12.513886 18.712982 -15.80286 -1.406973 0.95669 0.747484 -0.0 -0.0 -1e-06 
0.0 0.0 0.0 0.0 -0.0 0.0 -57.040077 95.328224 207.699417 0.368543 -26.124479 12.325717 0.932829 1.262393 -3.145244 -0.219502 2.513394 -6.050191 -1.768241 -0.05697 9.938388 -28.098656 24.616796 17.79817 -0.983004 1.42094 -3.90468 -12.747742 3.382061 0.611326 7.7e-05 -2.1e-05 7e-06 -0.157957 0.262095 -0.076173 0.616898 -3.497995 -10.883965 -0.974459 4.032014 -10.818537 -18.996151 0.825485 12.338822 -57.411987 -23.407423 -3.979219 -178.490295 -38.77845 179.604858 -39.815815 -3.747962 7.213308 -5.882106 9.861287 0.702592 -10.936874 -0.360574 7.156208 -1e-06 8.774827 -2e-06 -16.918634 17.712687 5.133207 -1.844033 2.498505 -2.507276 -10.163603 4.678946 4.621109 -20.97603 -4e-06 0.0 -21.226294 2.451697 -3.594002 0.0 -7e-06 -1e-06 -1.362683 2.240799 -0.746324 -21.334919 0.584911 3.008321 -13.821217 -2e-06 1e-06 -23.887177 -0.249079 -0.839484 -60.396557 2.809558 -1.703339 -0.294025 1.679687 0.833256 -14.21821 0.093215 1.30058 -34.212055 -0.287564 0.967169 -20.033215 0.964536 1.212843 0.0 1e-06 1e-06 -3.44039 0.788234 0.501655 -15.928189 -3.167309 2.999707 -6.338828 -1e-06 2e-06 -18.123447 3.648185 -4.905674 -3e-06 -0.0 -2e-06 16.315014 5.744586 16.55649 42.695656 16.182238 22.712454 178.579712 61.738804 178.575531 32.280033 -27.559254 17.740232 2.243542 -5.255034 -3.180157 14.282887 -0.826595 6.952503 -1e-06 -12.690603 2e-06 15.381002 -18.643541 3.426552 1.665667 -1.955921 -2.878298 4.727797 -4.170587 4.993925 11.020522 1e-06 1e-06 12.109046 -3.735714 -2.866781 0.0 -0.0 -0.0 1.291985 -1.92855 -1.498088 14.800125 0.567468 3.865608 14.242567 -1.341737 -6.660655 19.631962 0.143927 -0.648242 50.756802 -1.193501 -6.615067 0.353027 -1.511153 -0.031939 20.222786 3.684309 2.316632 18.78727 7e-06 2e-06 10.751625 -0.479869 1.397908 0.0 -0.0 0.0 3.273805 0.305947 -0.58011 21.486811 11.830373 2.266134 8.162926 0.0 0.0 18.39908 -3.798985 -4.940573 3e-06 0.0 -0.0 12.449523 4.881604 -36.637745 -0.19113 -0.807964 20.442659 -15.903162 -8.688456 4.403898 1.641206 -2.05974 1.171872 -0.0 -1e-06 2e-06 -14.38515 -0.672714 -4.482566 0.054472 0.451962 9.332509 14.220277 19.281229 -16.214184 -1.421925 0.977713 0.312358 0.0 0.0 -1e-06 
0.0 0.0 0.0 0.0 -0.0 0.0 -56.453949 94.894653 209.799927 0.902318 -25.118803 13.100454 0.357103 1.164134 -3.116115 -0.529408 2.73506 -5.912645 -2.153927 0.254418 10.376693 -25.207455 22.488314 18.943506 -1.093525 2.446859 -3.739482 -11.705039 4.289925 -1.001625 7.6e-05 -2.2e-05 6e-06 -0.193946 0.386998 -0.094111 0.599147 -3.396389 -10.706903 -1.028488 4.182831 -10.696411 -16.691088 0.406173 12.539054 -59.76268 -24.385235 -3.153596 -176.534973 -40.06303 178.645798 -40.015594 -1.447004 12.504067 -5.882108 9.861286 0.702591 -10.936878 -0.360576 7.156209 1e-06 8.774828 -1e-06 -16.731352 17.876522 5.231745 -1.844033 2.498505 -2.507278 -10.163605 4.678944 4.621111 -20.976034 -5e-06 5e-06 -21.226299 2.451697 -3.593997 1e-06 -6e-06 -0.0 -1.362682 2.240798 -0.746324 -21.334929 0.584909 3.008324 -13.821222 -3e-06 3e-06 -23.887184 -0.249079 -0.83948 -60.110882 2.947198 -1.653946 -0.294025 1.679688 0.833256 -14.218215 0.093214 1.300584 -34.212067 -0.287564 0.967176 -20.033222 0.964538 1.212847 1e-06 -0.0 -0.0 -3.440389 0.788233 0.501657 -15.928198 -3.167312 2.99971 -6.338829 -1e-06 2e-06 -18.123457 3.648183 -4.905669 -4e-06 0.0 -1e-06 17.422228 5.398118 17.14921 42.641724 18.941191 21.143616 179.198944 64.411285 179.443268 31.308554 -35.812794 32.442776 2.243542 -5.255037 -3.18016 14.282896 -0.826595 6.952505 -1e-06 -12.690609 0.0 15.446899 -18.30337 3.872497 1.665666 -1.955921 -2.8783 4.727799 -4.170587 4.993926 11.020531 3e-06 -2e-06 12.109056 -3.735715 -2.866786 0.0 0.0 0.0 1.291986 -1.928549 -1.49809 14.800136 0.567467 3.865608 14.242579 -1.341736 -6.660661 19.631973 0.143928 -0.648245 51.140556 -1.107634 -6.200025 0.353029 -1.511149 -0.03194 20.222803 3.684311 2.316628 18.787285 6e-06 -2e-06 10.751633 -0.479867 1.397907 0.0 1e-06 1e-06 3.273808 0.305947 -0.580112 21.486824 11.830381 2.266133 8.16293 -0.0 -2e-06 18.399092 -3.798984 -4.940579 3e-06 0.0 -0.0 10.016529 6.353075 -39.901173 -0.293156 -0.868737 25.89469 -13.517636 -10.778786 1.47015 1.618413 -1.96494 2.086472 -0.0 0.0 2e-06 -15.613196 -2.165094 -2.188942 -0.035908 0.653642 5.901034 15.381132 17.834244 -15.312137 -1.433118 0.956355 -0.619353 -0.0 0.0 -1e-06 
0.0 0.0 0.0 0.0 -0.0 0.0 -56.045807 94.772568 211.786392 1.878155 -24.473783 14.232711 -0.285292 1.137069 -3.007603 -0.82137 3.163339 -5.722065 -2.779703 0.830043 10.291047 -23.135466 21.066612 20.475502 -1.173313 2.271828 -3.66186 -10.53178 3.741076 -1.714881 7.7e-05 -2.3e-05 7e-06 -0.204094 0.364754 -0.08499 0.598956 -3.433514 -10.656689 -1.04534 4.175867 -10.65733 -14.340423 0.202894 12.28884 -61.449738 -23.633312 -2.54548 -176.346954 -40.785339 178.412186 -38.889194 1.113164 18.675598 -5.882112 9.86129 0.70259 -10.936877 -0.360572 7.156207 -1e-06 8.77483 -1e-06 -16.516609 17.984875 5.492209 -1.844033 2.498505 -2.507278 -10.163608 4.678948 4.621111 -20.976038 -1e-06 2e-06 -21.226301 2.451699 -3.594003 0.0 -5e-06 -2e-06 -1.362682 2.240798 -0.746324 -21.334929 0.584913 3.008324 -13.821223 -1e-06 1e-06 -23.887186 -0.249077 -0.839486 -60.175266 3.114736 -1.689124 -0.294025 1.679688 0.833257 -14.218217 0.093217 1.30058 -34.212074 -0.287559 0.967167 -20.033226 0.964539 1.212842 1e-06 -1e-06 -1e-06 -3.440391 0.788234 0.501656 -15.928196 -3.167308 2.999709 -6.338831 -0.0 1e-06 -18.123459 3.648186 -4.905675 -5e-06 -0.0 -3e-06 15.733376 5.701486 17.13718 46.928364 21.079098 20.75738 178.353455 66.797363 179.016861 28.128017 -43.925545 49.808956 2.243541 -5.255037 -3.180159 14.282898 -0.826596 6.952506 -2e-06 -12.690612 3e-06 15.477641 -17.687134 4.049347 1.665666 -1.955922 -2.8783 4.7278 -4.170588 4.993927 11.020531 4e-06 -1e-06 12.109057 -3.735717 -2.866786 0.0 0.0 0.0 1.291986 -1.92855 -1.49809 14.800134 0.567468 3.86561 14.242579 -1.341735 -6.66066 19.631975 0.143927 -0.648244 51.04549 -0.912551 -5.857445 0.353028 -1.511152 -0.031941 20.222801 3.684313 2.316632 18.787283 5e-06 -1e-06 10.751634 -0.479869 1.397907 -0.0 0.0 0.0 3.273805 0.305948 -0.58011 21.486822 11.830383 2.266134 8.16293 2e-06 -1e-06 18.39909 -3.798988 -4.940576 2e-06 -0.0 -1e-06 7.596276 7.017348 -42.060001 -0.355734 -0.886061 28.38036 -11.530021 -11.344414 -0.436953 1.630964 -1.920272 2.570818 -0.0 2e-06 2e-06 -17.040844 -3.755016 -1.312866 -0.070515 0.914845 4.05477 15.724361 15.99107 -13.917981 -1.439143 0.90071 -1.010166 0.0 -0.0 -1e-06 
0.0 0.0 0.0 0.0 -0.0 0.0 -55.765297 94.981758 213.603348 2.178867 -24.939339 16.033197 -0.605291 1.297418 -2.898716 -1.002274 3.694552 -5.634007 -3.248594 1.560284 10.142103 -22.047544 20.239571 21.655125 -1.222362 1.328514 -3.633482 -9.603725 2.574758 -1.848463 7.7e-05 -2.3e-05 8e-06 -0.23357 0.330632 -0.077257 0.575122 -3.474043 -10.607198 -1.077739 4.145844 -10.618227 -13.581768 0.482819 11.850179 -60.543533 -21.822342 -4.596924 -177.063644 -40.353519 178.801239 -36.765522 1.906358 22.703392 -5.882105 9.861281 0.702588 -10.936869 -0.360575 7.156202 1e-06 8.774819 -1e-06 -16.417877 18.072189 5.717168 -1.844033 2.498503 -2.507277 -10.163597 4.678942 4.621105 -20.976021 -4e-06 2e-06 -21.226282 2.451695 -3.593998 -0.0 -7e-06 -0.0 -1.36268 2.240798 -0.746323 -21.334911 0.584907 3.008321 -13.821213 -3e-06 2e-06 -23.887165 -0.249082 -0.839482 -60.366982 3.235247 -1.699929 -0.294025 1.679687 0.833255 -14.218205 0.093215 1.300578 -34.21204 -0.287567 0.967168 -20.033209 0.964535 1.212844 1e-06 -1e-06 0.0 -3.440388 0.788232 0.501655 -15.928183 -3.167309 2.999706 -6.338825 -1e-06 0.0 -18.123444 3.64818 -4.905669 -3e-06 -0.0 -4e-06 14.158199 6.779638 16.728254 51.249943 23.153332 21.696623 177.030472 67.684509 177.750275 26.374245 -48.442886 58.769333 2.243542 -5.25504 -3.180159 14.2829 -0.826596 6.952508 -3e-06 -12.690616 3e-06 15.468781 -17.485464 4.220709 1.665669 -1.955922 -2.878302 4.727801 -4.170592 4.993928 11.020534 3e-06 -1e-06 12.109058 -3.735718 -2.866785 0.0 -0.0 -1e-06 1.291986 -1.92855 -1.49809 14.800136 0.567468 3.865611 14.242579 -1.341736 -6.660661 19.631979 0.143926 -0.648242 51.129757 -0.877301 -5.681236 0.35303 -1.51115 -0.03194 20.222803 3.684313 2.316634 18.787287 4e-06 3e-06 10.751635 -0.47987 1.397909 0.0 0.0 -0.0 3.273808 0.305947 -0.580111 21.486828 11.830385 2.266134 8.162932 -0.0 -0.0 18.399096 -3.79899 -4.940577 3e-06 -0.0 1e-06 6.096433 7.84601 -43.517879 -0.3467 -0.898666 29.269304 -10.299114 -11.34795 -1.818295 1.648861 -1.918373 2.728998 -0.0 1e-06 2e-06 -17.48628 -4.982202 -2.155964 -0.103101 1.084989 3.625521 15.768059 14.232679 -11.828439 -1.446878 0.8307 -1.49764 -0.0 -0.0 -1e-06 
0.0 0.0 0.0 0.0 -0.0 0.0 -55.63092 95.445763 215.230042 1.616749 -26.179379 18.277685 -0.759831 1.477621 -3.016337 -1.081022 4.228082 -5.568908 -3.408423 2.245386 10.102288 -21.257908 19.875601 22.6789 -1.353769 0.155917 -3.588706 -9.136713 1.176485 -1.487053 7.7e-05 -2.2e-05 7e-06 -0.271857 0.299871 -0.063282 0.51469 -3.51834 -10.607717 -1.093541 4.125788 -10.633237 -13.843221 1.099002 11.34205 -57.960438 -19.413481 -9.554711 -177.842056 -39.654526 179.236435 -34.362175 0.791753 24.803104 -5.88211 9.861288 0.70259 -10.93688 -0.360577 7.15621 1e-06 8.774829 -1e-06 -16.765001 18.104546 5.668752 -1.844033 2.498505 -2.507278 -10.163608 4.678945 4.621112 -20.97604 -4e-06 5e-06 -21.226301 2.451696 -3.593999 0.0 -8e-06 -2e-06 -1.362683 2.240798 -0.746324 -21.33493 0.584907 3.008326 -13.821223 -5e-06 3e-06 -23.887188 -0.249079 -0.83948 -60.609646 3.181684 -1.706012 -0.294025 1.679687 0.833257 -14.218219 0.093214 1.300581 -34.212074 -0.287566 0.967175 -20.033228 0.964537 1.212847 -0.0 -1e-06 -0.0 -3.440391 0.788233 0.501656 -15.928201 -3.167313 2.99971 -6.338831 -1e-06 -0.0 -18.123459 3.648183 -4.905671 -3e-06 -0.0 -2e-06 13.269835 8.27167 16.264105 55.09885 25.978754 24.06513 176.127686 67.4692 176.485886 27.357967 -49.830856 58.895699 2.243542 -5.255038 -3.180158 14.282896 -0.826595 6.952507 -3e-06 -12.690612 2e-06 15.405415 -17.488197 4.44403 1.665665 -1.955923 -2.878299 4.7278 -4.17059 4.993926 11.020529 2e-06 2e-06 12.109055 -3.735719 -2.866783 0.0 -0.0 0.0 1.291986 -1.928551 -1.49809 14.800134 0.567469 3.865612 14.242575 -1.341737 -6.660657 19.631973 0.143925 -0.648243 51.547131 -0.848949 -5.618817 0.353028 -1.51115 -0.031937 20.222797 3.684313 2.316635 18.787277 4e-06 4e-06 10.751633 -0.47987 1.397908 -0.0 0.0 1e-06 3.273808 0.30595 -0.58011 21.48682 11.830384 2.266137 8.16293 0.0 1e-06 18.399088 -3.798989 -4.940575 3e-06 -0.0 0.0 5.575725 9.061081 -44.396252 -0.316928 -0.882482 29.144693 -9.615242 -11.042452 -2.790814 1.650822 -1.940228 2.858348 0.0 -0.0 2e-06 -16.826799 -5.745478 -6.455505 -0.114679 1.277316 8.050632 14.918615 13.374046 -10.286209 -1.431257 0.735283 -1.893337 -0.0 0.0 -1e-06 
0.0 0.0 0.0 0.0 -0.0 0.0 -55.528427 95.96965 216.83786 0.496051 -27.907328 20.605242 -0.944656 1.837898 -3.155962 -1.184132 4.502491 -5.746332 -3.332442 2.848901 10.256715 -20.36869 19.618891 23.91774 -1.335001 -1.102427 -3.599371 -8.913376 0.009533 -0.467984 7.7e-05 -2.3e-05 6e-06 -0.265051 0.255614 -0.065591 0.495826 -3.554553 -10.688531 -1.055683 4.07078 -10.711932 -14.342414 1.639776 11.185775 -54.185482 -16.87368 -15.584716 -179.291428 -39.504349 179.913483 -31.740112 -1.729222 25.56517 -5.882107 9.86129 0.70259 -10.936873 -0.360575 7.156206 1e-06 8.774826 -1e-06 -16.826817 18.080736 5.500038 -1.844033 2.498504 -2.507279 -10.163603 4.678946 4.621109 -20.97603 -6e-06 1e-06 -21.226294 2.451695 -3.594003 2e-06 -6e-06 -1e-06 -1.362682 2.240799 -0.746325 -21.334923 0.584909 3.008322 -13.821218 -4e-06 2e-06 -23.887178 -0.249082 -0.839484 -60.806961 3.077212 -1.639674 -0.294025 1.679688 0.833257 -14.218214 0.093213 1.30058 -34.212059 -0.287568 0.96717 -20.033222 0.964535 1.212844 -0.0 -0.0 1e-06 -3.44039 0.788233 0.501654 -15.928192 -3.167313 2.999707 -6.338828 -2e-06 1e-06 -18.123451 3.648181 -4.905674 -4e-06 -0.0 -3e-06 12.967508 9.960604 15.752834 58.901722 29.790789 28.10075 174.667831 67.039284 175.284851 29.787134 -47.645226 52.573265 2.243542 -5.255039 -3.180159 14.282891 -0.826592 6.952509 -3e-06 -12.69061 -1e-06 15.271813 -17.962458 4.580787 1.665666 -1.955921 -2.878299 4.7278 -4.170588 4.993927 11.020528 4e-06 -0.0 12.109055 -3.735717 -2.866785 -0.0 0.0 -1e-06 1.291987 -1.928551 -1.498091 14.800134 0.56747 3.865611 14.242575 -1.341735 -6.66066 19.631973 0.143926 -0.648244 51.553574 -0.953707 -5.965459 0.35303 -1.511152 -0.031939 20.222797 3.684314 2.316632 18.787275 5e-06 2e-06 10.751631 -0.479867 1.397909 -0.0 -0.0 1e-06 3.273808 0.30595 -0.58011 21.486822 11.830384 2.266139 8.16293 3e-06 0.0 18.399084 -3.798986 -4.940574 3e-06 2e-06 -2e-06 5.513174 10.649573 -44.907848 -0.257658 -0.78764 28.933502 -9.094371 -10.550502 -3.806691 1.674443 -1.945411 2.741843 0.0 0.0 2e-06 -15.925666 -6.256435 -9.779593 -0.081751 1.188522 10.231183 15.560609 12.987721 -7.204328 -1.42078 0.682933 -2.422864 -0.0 0.0 -1e-06 
0.0 0.0 0.0 0.0 -0.0 0.0 -55.534027 96.24897 218.541245 -0.450918 -29.632059 22.245106 -1.265349 2.045737 -3.4019 -1.255353 4.582864 -5.919085 -3.565055 3.345683 10.375802 -18.957373 19.327814 25.523352 -1.577408 -2.015229 -3.544648 -8.874338 -1.052734 0.349473 7.7e-05 -2.2e-05 5e-06 -0.218091 0.203382 -0.058416 0.523936 -3.589423 -10.656075 -0.983996 3.996656 -10.678914 -14.405436 1.757386 11.233554 -50.296734 -14.365486 -20.858305 178.770828 -40.151382 -179.119186 -29.981304 -4.520414 25.088604 -5.882105 9.861283 0.70259 -10.936873 -0.360578 7.15621 2e-06 8.774826 -1e-06 -17.107773 17.995081 5.263368 -1.844032 2.498504 -2.507278 -10.163603 4.678943 4.621111 -20.976027 -6e-06 6e-06 -21.22629 2.451695 -3.593998 0.0 -6e-06 -0.0 -1.362682 2.240798 -0.746323 -21.334919 0.584906 3.008328 -13.821218 -5e-06 5e-06 -23.887177 -0.249079 -0.839478 -61.057461 2.866938 -1.521281 -0.294024 1.679689 0.833256 -14.218212 0.093213 1.300583 -34.212063 -0.287567 0.967178 -20.033218 0.964536 1.21285 1e-06 -0.0 0.0 -3.440389 0.788234 0.501655 -15.928192 -3.167314 2.999711 -6.338828 -2e-06 1e-06 -18.123447 3.648182 -4.905666 -4e-06 -0.0 -3e-06 13.097325 10.985552 15.325427 63.063118 34.147778 34.293491 174.034225 66.868736 174.743027 32.401299 -40.784428 42.100914 2.243543 -5.255039 -3.18016 14.282898 -0.826593 6.952508 -4e-06 -12.690609 -0.0 15.027297 -18.401529 4.32981 1.665668 -1.955922 -2.878301 4.727805 -4.170589 4.993927 11.020534 5e-06 -0.0 12.109059 -3.735716 -2.866785 0.0 -1e-06 -0.0 1.291987 -1.92855 -1.498089 14.800136 0.567469 3.865609 14.242582 -1.341735 -6.660659 19.631981 0.143927 -0.648244 51.103386 -0.970151 -6.37976 0.353029 -1.511153 -0.03194 20.222803 3.684313 2.31663 18.787287 7e-06 1e-06 10.751636 -0.479869 1.397907 0.0 0.0 0.0 3.273808 0.305947 -0.580112 21.486828 11.830379 2.266133 8.16293 2e-06 -0.0 18.399092 -3.798986 -4.940577 2e-06 1e-06 -3e-06 5.518899 11.827116 -45.071972 -0.244438 -0.75823 29.641153 -8.856089 -10.164935 -5.43387 1.664332 -1.912618 2.705344 0.0 0.0 2e-06 -16.1469 -6.291322 -8.016247 -0.08252 1.18467 4.811751 17.197447 12.065823 -1.583649 -1.415412 0.693016 -3.12826 -0.0 0.0 -1e-06 
0.0 0.0 0.0 0.0 -0.0 0.0 -55.521488 96.287354 220.483353 -1.008804 -31.602924 23.052971 -1.657387 2.151993 -3.649694 -1.354893 4.714056 -6.125773 -4.047425 3.771301 10.589315 -17.588037 18.943289 27.073086 -2.091985 -2.521714 -3.496271 -8.598556 -2.019441 1.101152 7.5e-05 -2.3e-05 7e-06 -0.145221 0.164282 -0.068089 0.58618 -3.589851 -10.553443 -0.897946 3.917963 -10.586199 -14.603988 1.563587 11.152026 -46.321228 -12.057349 -25.161736 177.284271 -41.668083 -178.475647 -28.620855 -7.371982 24.86775 -5.882107 9.861286 0.70259 -10.936876 -0.360574 7.15621 1e-06 8.774826 -1e-06 -17.326033 17.95043 5.110245 -1.844033 2.498504 -2.507279 -10.163604 4.678946 4.621111 -20.976034 -7e-06 4e-06 -21.226295 2.451697 -3.593998 1e-06 -6e-06 0.0 -1.362682 2.240798 -0.746323 -21.334925 0.584907 3.008326 -13.821218 -4e-06 3e-06 -23.887178 -0.249081 -0.83948 -61.235126 2.687039 -1.426025 -0.294025 1.679687 0.833256 -14.218215 0.093213 1.300582 -34.212063 -0.287568 0.967175 -20.033226 0.964537 1.212847 0.0 -0.0 0.0 -3.440389 0.788234 0.501655 -15.928192 -3.167311 2.99971 -6.338829 -2e-06 1e-06 -18.123453 3.648181 -4.905669 -5e-06 0.0 -4e-06 13.158615 11.661454 15.021877 66.890099 37.774052 39.915901 172.668365 66.377701 173.411148 33.502155 -32.514034 33.379124 2.243543 -5.255037 -3.180159 14.282896 -0.826599 6.952501 1e-06 -12.690608 -1e-06 14.918637 -18.373165 3.890669 1.665667 -1.955922 -2.878298 4.7278 -4.17059 4.993925 11.020529 2e-06 -2e-06 12.109055 -3.735717 -2.866786 -0.0 -1e-06 -1e-06 1.291986 -1.92855 -1.49809 14.800132 0.567465 3.865606 14.242577 -1.341739 -6.660661 19.631973 0.143923 -0.648246 50.496052 -0.810053 -6.689084 0.353029 -1.511151 -0.031939 20.222797 3.684307 2.316625 18.787279 3e-06 -3e-06 10.751633 -0.479871 1.397905 -1e-06 -1e-06 0.0 3.273808 0.305947 -0.580112 21.486816 11.830376 2.266129 8.16293 0.0 -2e-06 18.399088 -3.798987 -4.940579 2e-06 1e-06 -2e-06 5.321629 12.554914 -44.727451 -0.243046 -0.72083 31.22921 -8.407619 -9.480071 -7.836147 1.648313 -1.9182 2.674624 0.0 1e-06 2e-06 -16.968317 -6.003614 -6.256928 -0.055114 1.220233 0.729244 18.684076 11.782214 3.325538 -1.399428 0.729546 -4.323326 0.0 0.0 -1e-06 
0.0 0.0 0.0 0.0 -0.0 0.0 -55.438881 96.261719 222.730988 -1.431506 -33.687534 23.099157 -1.925737 2.088619 -3.819972 -1.475275 5.041336 -6.273642 -4.575884 3.931894 10.782272 -16.633484 18.771759 28.351732 -2.625826 -3.039483 -3.430459 -8.289372 -2.752733 1.821469 7.6e-05 -2.3e-05 5e-06 -0.122916 0.140413 -0.090405 0.5998 -3.588711 -10.469268 -0.861696 3.866117 -10.538421 -14.596169 1.456082 11.001973 -43.673912 -10.700512 -27.904209 176.869324 -43.743965 -178.40123 -27.575872 -9.82881 25.679697 -5.882109 9.86129 0.70259 -10.936877 -0.360575 7.156209 -0.0 8.774826 -2e-06 -17.450684 17.859064 5.005935 -1.844034 2.498505 -2.507278 -10.163605 4.678947 4.62111 -20.976034 -2e-06 1e-06 -21.226297 2.451697 -3.594003 1e-06 -6e-06 0.0 -1.362684 2.240797 -0.746323 -21.334927 0.584909 3.008324 -13.821223 -3e-06 2e-06 -23.887184 -0.24908 -0.839485 -61.130882 2.511181 -1.387213 -0.294026 1.679688 0.833256 -14.218215 0.093215 1.300581 -34.212067 -0.287565 0.967171 -20.033222 0.964535 1.212844 1e-06 -0.0 -1e-06 -3.44039 0.788233 0.501655 -15.928194 -3.16731 2.999708 -6.338829 -1e-06 0.0 -18.123459 3.648182 -4.905674 -5e-06 -0.0 -2e-06 12.695239 11.97797 15.075527 69.520538 39.455406 42.782047 172.144974 65.428268 172.898865 33.371639 -26.622334 28.769854 2.243541 -5.255036 -3.180158 14.282896 -0.826594 6.952506 -1e-06 -12.690605 1e-06 14.808789 -17.956827 3.719209 1.665666 -1.955922 -2.878297 4.7278 -4.17059 4.993925 11.020529 3e-06 1e-06 12.109055 -3.735715 -2.866783 1e-06 -1e-06 -1e-06 1.291986 -1.928551 -1.498089 14.800132 0.567467 3.865608 14.242576 -1.341737 -6.660656 19.631969 0.143926 -0.648243 50.143616 -0.617557 -6.665795 0.353029 -1.51115 -0.031939 20.222801 3.684311 2.31663 18.787281 5e-06 2e-06 10.751631 -0.479869 1.397907 0.0 0.0 1e-06 3.273808 0.305947 -0.580111 21.486822 11.830376 2.266136 8.16293 2e-06 0.0 18.399092 -3.798985 -4.940576 3e-06 -0.0 0.0 5.158914 12.678555 -43.442596 -0.236916 -0.713568 32.932178 -7.260725 -7.999305 -10.736674 1.634743 -1.95146 2.63141 -0.0 1e-06 2e-06 -18.085438 -5.128451 -5.826683 -0.013995 1.361862 0.383366 19.817486 11.883238 6.820921 -1.386328 0.786225 -5.986277 0.0 0.0 -1e-06 
0.0 0.0 0.0 0.0 -0.0 0.0 -55.270374 96.399094 225.082092 -2.420633 -35.724033 23.072739 -1.909455 1.986324 -3.978129 -1.492523 5.266184 -6.427804 -4.796118 3.837629 10.843585 -16.282934 19.147011 29.433023 -2.984695 -3.58229 -3.36986 -8.085312 -3.291562 2.752746 7.7e-05 -2.2e-05 7e-06 -0.136237 0.131444 -0.111568 0.583324 -3.589023 -10.44563 -0.869424 3.845826 -10.557917 -14.449344 1.684919 10.862454 -43.015285 -10.469896 -28.890942 177.508514 -45.048897 -178.653534 -27.268253 -11.322204 26.727007 -5.88211 9.861288 0.702592 -10.93688 -0.360574 7.156214 0.0 8.774822 -2e-06 -17.460865 17.80035 5.044483 -1.844032 2.498505 -2.507279 -10.163608 4.678945 4.621114 -20.976038 -3e-06 8e-06 -21.226299 2.451698 -3.593996 1e-06 -7e-06 -1e-06 -1.362682 2.240798 -0.746324 -21.33493 0.584909 3.00833 -13.821225 -3e-06 5e-06 -23.887186 -0.249076 -0.839476 -60.988583 2.476465 -1.38031 -0.294025 1.679689 0.833257 -14.21822 0.093213 1.300587 -34.212078 -0.28756 0.967182 -20.033232 0.964542 1.21285 1e-06 0.0 -0.0 -3.440391 0.788233 0.501657 -15.928201 -3.167311 2.999714 -6.338831 -2e-06 3e-06 -18.123459 3.648185 -4.905666 -4e-06 -0.0 -1e-06 12.393026 11.99082 15.552768 69.078377 38.761372 42.84745 173.69249 64.656174 174.239487 32.372459 -23.897905 27.616621 2.243543 -5.255037 -3.180159 14.282897 -0.826599 6.952505 0.0 -12.690609 3e-06 14.821982 -17.634808 3.698765 1.665667 -1.955922 -2.878298 4.727802 -4.17059 4.993926 11.020535 1e-06 -2e-06 12.109061 -3.735719 -2.866786 0.0 -1e-06 -1e-06 1.291987 -1.92855 -1.498092 14.800139 0.567466 3.865609 14.242581 -1.341738 -6.660662 19.631981 0.143925 -0.648248 50.142204 -0.502196 -6.465538 0.35303 -1.511151 -0.03194 20.222801 3.684307 2.316629 18.787287 4e-06 -3e-06 10.751633 -0.479868 1.397904 1e-06 0.0 0.0 3.273809 0.305946 -0.580114 21.486824 11.830376 2.266132 8.162931 1e-06 -2e-06 18.399094 -3.798987 -4.94058 4e-06 -0.0 -1e-06 5.544277 12.409946 -41.303188 -0.202081 -0.710968 33.917171 -6.101504 -5.859592 -13.354 1.636212 -1.982554 2.626642 -0.0 1e-06 2e-06 -18.718094 -3.703136 -5.827547 0.02123 1.614804 1.482756 20.565367 11.373824 11.183546 -1.393192 0.830869 -7.945558 -0.0 -0.0 -2e-06 
0.0 0.0 0.0 0.0 -0.0 0.0 -55.144901 96.8899 227.407211 -3.972759 -37.441933 23.41604 -1.795578 1.778536 -4.242519 -1.439029 5.370712 -6.506596 -4.621235 3.416803 10.660622 -16.13656 20.133913 30.213646 -3.4189 -4.218382 -3.246879 -8.123142 -3.994417 3.704457 7.9e-05 -2.2e-05 6e-06 -0.133929 0.103585 -0.127433 0.570691 -3.610695 -10.41444 -0.851206 3.807168 -10.554132 -14.069902 2.167535 10.597205 -44.1283 -11.148186 -28.213881 178.132843 -44.73708 -178.721558 -27.297569 -11.58785 26.630512 -5.88211 9.86129 0.702589 -10.936877 -0.360575 7.156208 0.0 8.774823 -0.0 -17.564453 17.802267 5.062725 -1.844035 2.498505 -2.507279 -10.163606 4.678944 4.62111 -20.976038 -4e-06 1e-06 -21.226301 2.451697 -3.594003 1e-06 -6e-06 -1e-06 -1.362682 2.240798 -0.746324 -21.334927 0.58491 3.008325 -13.821221 -3e-06 3e-06 -23.887188 -0.249079 -0.839484 -60.76915 2.511277 -1.222603 -0.294025 1.679688 0.833257 -14.218215 0.093216 1.30058 -34.21207 -0.287565 0.967168 -20.033226 0.964536 1.212842 1e-06 -1e-06 0.0 -3.44039 0.788233 0.501655 -15.928198 -3.16731 2.999709 -6.33883 1e-06 0.0 -18.123459 3.648182 -4.905674 -4e-06 0.0 -3e-06 12.633995 11.783071 16.168247 65.972305 36.48605 41.165791 175.806931 64.364784 175.919678 31.267033 -24.248104 27.123793 2.243541 -5.255037 -3.18016 14.282889 -0.826595 6.952505 -4e-06 -12.690607 3e-06 14.862383 -17.478348 3.578303 1.665667 -1.955922 -2.878301 4.727799 -4.170591 4.993928 11.020528 4e-06 -3e-06 12.109055 -3.735717 -2.866785 1e-06 -1e-06 -1e-06 1.291985 -1.92855 -1.49809 14.800129 0.567466 3.865609 14.242571 -1.341735 -6.660661 19.631966 0.143928 -0.648245 50.165337 -0.446312 -6.320755 0.353029 -1.511151 -0.03194 20.222792 3.684311 2.316631 18.787273 5e-06 -1e-06 10.751629 -0.479869 1.397907 -1e-06 1e-06 -1e-06 3.273808 0.305947 -0.580113 21.486813 11.830379 2.266132 8.162928 1e-06 -1e-06 18.39908 -3.798986 -4.940576 3e-06 1e-06 -2e-06 6.342073 11.835911 -38.462288 -0.169862 -0.689709 33.271751 -5.403879 -3.295097 -15.022099 1.635566 -1.965085 2.794159 0.0 -0.0 2e-06 -18.633898 -1.934049 -7.060847 0.014754 2.027543 4.913886 19.788244 9.879346 15.647504 -1.399999 0.811465 -10.588375 0.0 1e-06 -1e-06 
0.0 0.0 0.0 0.0 -0.0 0.0 -54.923504 97.727165 229.642609 -6.018053 -38.90036 24.038761 -1.545114 1.656541 -4.415446 -1.392974 5.16877 -6.530715 -4.127023 2.922707 10.388139 -16.319899 21.180567 30.74873 -3.64296 -4.841043 -3.179786 -8.234284 -4.487179 4.761844 7.7e-05 -2.3e-05 6e-06 -0.14277 0.050925 -0.156468 0.55408 -3.648268 -10.444926 -0.8479 3.736162 -10.592383 -13.47562 2.360425 10.419047 -46.351597 -12.445103 -26.808138 178.592133 -43.304996 -178.784668 -27.275913 -10.837736 25.49575 -5.882107 9.861286 0.702589 -10.936873 -0.360577 7.156209 0.0 8.774824 -2e-06 -17.404509 17.917978 5.090518 -1.844034 2.498504 -2.507278 -10.163603 4.678945 4.62111 -20.976027 -3e-06 3e-06 -21.226288 2.451697 -3.594 1e-06 -6e-06 0.0 -1.36268 2.2408 -0.746324 -21.334919 0.584908 3.008327 -13.821218 -4e-06 3e-06 -23.887178 -0.249078 -0.839481 -60.721653 2.571151 -1.20116 -0.294023 1.679688 0.833255 -14.218211 0.093214 1.300583 -34.212051 -0.287563 0.967174 -20.033215 0.964536 1.212846 2e-06 -0.0 0.0 -3.440389 0.788234 0.501656 -15.928189 -3.16731 2.999711 -6.338827 -1e-06 2e-06 -18.123447 3.648181 -4.90567 -4e-06 1e-06 -3e-06 13.418557 11.683883 16.838684 61.477898 33.670059 38.666706 178.044342 65.099167 177.886215 31.515368 -27.480125 27.345331 2.243543 -5.25504 -3.180159 14.282898 -0.826597 6.952509 -0.0 -12.690612 3e-06 15.00673 -17.778355 3.46555 1.665668 -1.955924 -2.878299 4.727802 -4.17059 4.993928 11.020534 -0.0 1e-06 12.109058 -3.735721 -2.866783 1e-06 -1e-06 0.0 1.291987 -1.92855 -1.49809 14.800138 0.567465 3.865612 14.242579 -1.341736 -6.660657 19.631977 0.143923 -0.648242 50.212639 -0.678034 -6.472843 0.35303 -1.511152 -0.03194 20.222803 3.684308 2.316633 18.787287 0.0 1e-06 10.751634 -0.479872 1.397906 -1e-06 1e-06 -0.0 3.273808 0.305949 -0.58011 21.486828 11.830377 2.266136 8.162933 1e-06 -1e-06 18.399097 -3.798993 -4.940577 3e-06 -1e-06 -1e-06 7.381275 11.449724 -34.863289 -0.099539 -0.646095 30.984268 -4.880897 -1.046889 -15.598065 1.636989 -1.927817 2.664264 0.0 1e-06 2e-06 -17.824381 -0.230947 -9.498825 0.061179 2.234483 10.58935 17.337557 7.269143 20.172029 -1.386874 0.745779 -11.830103 0.0 -0.0 -3e-06 
0.0 0.0 0.0 0.0 -0.0 0.0 -54.732628 98.640701 231.850784 -8.24322 -40.031818 24.580997 -1.186695 1.496644 -4.404984 -1.322023 4.767521 -6.442077 -3.479207 2.377065 10.18006 -16.787546 22.166361 30.773212 -3.718285 -5.38639 -3.164864 -8.526168 -4.824697 5.8116 7.7e-05 -2.3e-05 6e-06 -0.135418 0.006361 -0.182877 0.55814 -3.692507 -10.545445 -0.835068 3.688702 -10.683101 -12.79264 2.058162 10.205293 -48.931061 -14.198618 -25.531961 179.154175 -41.623356 -178.923615 -27.241663 -9.275888 24.017326 -5.882115 9.861296 0.702588 -10.93689 -0.360578 7.156216 2e-06 8.774837 -3e-06 -17.446665 18.07564 5.078264 -1.844036 2.498509 -2.507282 -10.163616 4.678948 4.621113 -20.976057 -8e-06 -0.0 -21.226324 2.451694 -3.594009 -0.0 -6e-06 0.0 -1.362684 2.240801 -0.746325 -21.334948 0.584908 3.008324 -13.821237 -4e-06 1e-06 -23.887211 -0.249082 -0.839486 -61.092613 2.486194 -1.253664 -0.294024 1.679689 0.833257 -14.218231 0.093213 1.30058 -34.212105 -0.287572 0.96717 -20.033247 0.964534 1.212846 2e-06 0.0 -0.0 -3.440394 0.788232 0.501656 -15.928209 -3.167316 2.999711 -6.338836 -2e-06 -1e-06 -18.123476 3.648181 -4.905679 -5e-06 -0.0 -3e-06 14.3731 11.782453 17.547134 57.162849 31.377176 35.579567 179.771667 66.676895 179.374298 33.650986 -33.426926 30.132153 2.243544 -5.255039 -3.180161 14.282904 -0.826598 6.952508 -2e-06 -12.69061 2e-06 15.379575 -18.100975 3.451534 1.665669 -1.955922 -2.878302 4.727803 -4.170592 4.993929 11.020536 3e-06 -2e-06 12.10906 -3.735716 -2.866787 0.0 -1e-06 1e-06 1.291986 -1.928549 -1.49809 14.800139 0.567465 3.86561 14.242584 -1.341737 -6.660663 19.631983 0.143927 -0.648247 50.543114 -0.933728 -6.720139 0.353029 -1.511151 -0.03194 20.222811 3.684309 2.316631 18.787289 4e-06 -2e-06 10.751637 -0.479869 1.397907 0.0 -1e-06 -0.0 3.27381 0.30595 -0.580112 21.486834 11.830379 2.266129 8.162936 0.0 -1e-06 18.399099 -3.798988 -4.940578 3e-06 -1e-06 -1e-06 8.418804 11.343681 -30.857029 -0.051122 -0.656448 27.8449 -4.349729 0.84135 -15.515415 1.636816 -1.930344 2.270753 0.0 1e-06 2e-06 -16.587652 1.868785 -13.078491 0.125725 2.176059 18.832048 12.342766 4.181571 24.222929 -1.29942 0.674365 -9.979912 -0.0 0.0 -3e-06 
0.0 0.0 0.0 0.0 -0.0 0.0 -54.512985 99.286659 233.932846 -9.954118 -41.023083 24.615587 -0.992127 1.192673 -4.206315 -1.210747 4.243142 -6.270902 -2.935735 1.811691 10.040578 -17.456772 22.822906 30.131124 -3.642457 -5.735723 -3.174494 -8.978565 -5.064579 6.108864 7.8e-05 -2.3e-05 6e-06 -0.106567 0.002195 -0.199967 0.600893 -3.707451 -10.62741 -0.816552 3.69406 -10.748633 -12.089353 1.309323 10.066987 -50.918713 -16.232504 -24.518942 179.784622 -40.349342 -179.154633 -27.111313 -7.753729 22.521599 -5.882115 9.861293 0.702591 -10.93689 -0.360576 7.156217 2e-06 8.774831 -2e-06 -17.338655 18.105562 5.147974 -1.844034 2.498506 -2.50728 -10.163616 4.678947 4.621117 -20.976055 -3e-06 1e-05 -21.226316 2.451701 -3.593998 -1e-06 -5e-06 -0.0 -1.362683 2.240799 -0.746324 -21.334949 0.58491 3.008332 -13.821237 -2e-06 6e-06 -23.887209 -0.249075 -0.839478 -61.236069 2.526026 -1.365218 -0.294025 1.679689 0.833256 -14.21823 0.093213 1.300587 -34.212105 -0.287561 0.967182 -20.033245 0.964541 1.21285 1e-06 0.0 -0.0 -3.440394 0.788233 0.501656 -15.928215 -3.167313 2.999715 -6.338837 -1e-06 2e-06 -18.123476 3.648185 -4.905672 -4e-06 0.0 -2e-06 15.274227 11.977591 18.059607 54.152988 30.010973 32.760315 -179.122345 68.557755 -179.665253 34.956657 -38.006245 33.909943 2.243545 -5.255037 -3.180159 14.282905 -0.826597 6.952507 -4e-06 -12.690614 4e-06 15.694257 -17.926023 3.42411 1.665668 -1.955921 -2.878302 4.727805 -4.170592 4.993929 11.020536 3e-06 -0.0 12.109063 -3.735718 -2.866785 -0.0 -0.0 -1e-06 1.291986 -1.928549 -1.498089 14.800142 0.567467 3.865611 14.242586 -1.341736 -6.660663 19.631987 0.143926 -0.648247 50.556744 -0.867386 -6.748724 0.353029 -1.511153 -0.03194 20.222809 3.684312 2.31663 18.787291 5e-06 -1e-06 10.751638 -0.479868 1.397907 -2e-06 0.0 -1e-06 3.27381 0.305948 -0.580113 21.486834 11.830384 2.26613 8.162935 -1e-06 -2e-06 18.399101 -3.798986 -4.940582 3e-06 0.0 0.0 8.927651 11.311135 -26.965988 0.012031 -0.69398 25.115585 -3.877194 2.274256 -15.549603 1.642265 -1.893989 1.798507 0.0 0.0 2e-06 -15.657744 4.045383 -17.415018 0.231192 2.050972 29.179604 7.110888 2.313837 25.556501 -1.270393 0.760304 -4.465565 -1e-06 -0.0 -0.0 
0.0 0.0 0.0 0.0 -0.0 0.0 -54.433544 99.601189 236.014481 -10.6968 -41.871605 23.938684 -1.102962 0.825471 -3.908116 -1.113368 3.650441 -6.103741 -2.598661 1.037124 9.978177 -18.009211 23.255442 29.105011 -3.692936 -5.960997 -3.163714 -9.368167 -5.222664 5.492443 7.7e-05 -2.2e-05 5e-06 -0.128516 0.04484 -0.201294 0.584723 -3.658882 -10.59727 -0.845069 3.726528 -10.719353 -11.343162 0.474716 10.011194 -52.10524 -18.279722 -23.435345 179.965408 -39.911205 -179.222046 -26.793072 -7.048348 20.932302 -5.882112 9.861288 0.702589 -10.936878 -0.360576 7.15621 2e-06 8.774829 -2e-06 -16.971836 17.938887 5.339664 -1.844035 2.498506 -2.507279 -10.16361 4.678946 4.621111 -20.97604 -3e-06 3e-06 -21.226305 2.451698 -3.594004 -0.0 -6e-06 0.0 -1.362682 2.2408 -0.746324 -21.334929 0.58491 3.008324 -13.821223 -3e-06 1e-06 -23.887188 -0.249079 -0.839483 -60.936195 2.593029 -1.370009 -0.294025 1.679688 0.833256 -14.218217 0.093215 1.300581 -34.212074 -0.287564 0.967171 -20.033226 0.964537 1.212846 0.0 0.0 0.0 -3.44039 0.788234 0.501656 -15.928201 -3.16731 2.999708 -6.33883 -1e-06 1e-06 -18.123459 3.648183 -4.905674 -4e-06 -0.0 -3e-06 15.960494 12.014708 18.253963 52.836922 29.171633 30.977455 -179.071976 69.715179 -179.536301 33.844528 -36.619793 33.716831 2.243543 -5.255041 -3.18016 14.282902 -0.826597 6.952505 -2e-06 -12.690612 3e-06 15.654034 -17.654211 3.378518 1.665669 -1.95592 -2.878302 4.727802 -4.170591 4.993927 11.020535 4e-06 -2e-06 12.10906 -3.735717 -2.866786 0.0 -1e-06 1e-06 1.291986 -1.92855 -1.49809 14.800139 0.567467 3.865608 14.242585 -1.341737 -6.660664 19.631985 0.143928 -0.648248 49.882431 -0.670539 -6.742975 0.35303 -1.511152 -0.031939 20.222807 3.684313 2.316627 18.787289 6e-06 -2e-06 10.751637 -0.479868 1.397905 0.0 0.0 1e-06 3.273808 0.305948 -0.580112 21.486832 11.830384 2.266129 8.162934 0.0 -2e-06 18.399099 -3.798985 -4.940581 3e-06 0.0 -1e-06 8.70329 11.24289 -23.317558 0.080046 -0.669224 22.947292 -3.582228 3.183059 -15.877531 1.637854 -1.836258 1.716298 0.0 0.0 2e-06 -15.44856 6.333983 -21.529949 0.382573 2.028485 39.429871 5.246628 2.352379 21.943533 -1.366864 0.875724 -2.032797 -1e-06 -1e-06 -1e-06 
0.0 0.0 0.0 0.0 -0.0 0.0 -54.618286 99.769844 238.237976 -10.84057 -42.471893 22.873127 -1.295339 0.524139 -3.693291 -1.032783 3.041426 -5.978464 -2.353848 0.122243 10.044581 -18.396088 23.511152 27.963299 -4.033105 -6.203339 -3.103333 -9.729052 -5.236349 4.546064 7.7e-05 -2.2e-05 6e-06 -0.175838 0.082717 -0.199443 0.538689 -3.605192 -10.488451 -0.893176 3.74622 -10.636269 -10.669583 -0.330077 9.977929 -52.737209 -20.087864 -22.479342 179.739655 -39.886902 -179.202148 -26.285995 -6.872269 18.83984 -5.882111 9.861292 0.702589 -10.936877 -0.360574 7.15621 1e-06 8.774828 -0.0 -16.526051 17.720795 5.531947 -1.844034 2.498507 -2.507281 -10.163605 4.678948 4.621111 -20.976038 -3e-06 -1e-06 -21.226303 2.451696 -3.594006 -0.0 -6e-06 0.0 -1.362682 2.2408 -0.746324 -21.334929 0.584912 3.008323 -13.821224 -3e-06 0.0 -23.88719 -0.249081 -0.839488 -60.477295 2.57364 -1.337382 -0.294025 1.679689 0.833257 -14.218217 0.093215 1.300578 -34.212074 -0.287565 0.967164 -20.03323 0.964536 1.212842 1e-06 0.0 1e-06 -3.44039 0.788234 0.501655 -15.9282 -3.16731 2.999708 -6.338829 -0.0 -1e-06 -18.123459 3.648183 -4.905676 -4e-06 0.0 -2e-06 16.644835 11.509937 18.361719 52.355179 28.247334 29.958063 179.795853 69.746422 179.51059 31.358232 -30.533682 27.719425 2.243543 -5.25504 -3.180159 14.282905 -0.826595 6.952511 -4e-06 -12.690612 2e-06 15.373233 -17.646126 3.202622 1.665669 -1.955921 -2.878301 4.727804 -4.170588 4.993929 11.020535 5e-06 1e-06 12.109059 -3.735718 -2.866783 -0.0 0.0 0.0 1.291984 -1.92855 -1.498089 14.800144 0.56747 3.865613 14.242584 -1.341736 -6.660661 19.631985 0.143927 -0.648242 48.761433 -0.551092 -6.967359 0.353029 -1.511153 -0.03194 20.222811 3.684315 2.316637 18.787289 3e-06 4e-06 10.751637 -0.47987 1.397909 1e-06 -0.0 1e-06 3.273808 0.305948 -0.580111 21.486834 11.830382 2.266137 8.162935 1e-06 1e-06 18.399097 -3.798987 -4.940575 4e-06 -1e-06 0.0 8.122849 11.23557 -19.452822 0.145191 -0.580336 20.450878 -3.518094 3.593953 -16.165565 1.635195 -1.802383 1.762428 0.0 0.0 2e-06 -15.523456 8.739738 -25.218826 0.535575 2.026892 47.83712 6.222213 4.444594 15.861103 -1.409446 0.911675 -1.713138 -2e-06 0.0 -1e-06 
0.0 0.0 0.0 0.0 -0.0 0.0 -55.04353 99.911697 240.550812 -10.745528 -42.790722 21.775734 -1.406719 0.278983 -3.618997 -0.943008 2.369663 -5.904109 -2.151588 -0.76669 10.129175 -18.734116 23.45167 26.692318 -4.549438 -6.403833 -3.025506 -10.044575 -5.220576 3.657346 7.7e-05 -2.2e-05 6e-06 -0.22235 0.08918 -0.200385 0.497664 -3.594618 -10.35773 -0.948382 3.741335 -10.521343 -10.060625 -1.215982 9.948737 -53.167938 -21.285173 -22.097227 179.533798 -39.977661 -179.237152 -25.592833 -6.752795 16.256868 -5.882108 9.861286 0.702587 -10.93688 -0.360576 7.156208 1e-06 8.774826 -1e-06 -16.230795 17.50441 5.633076 -1.844032 2.498505 -2.507279 -10.163604 4.678944 4.621109 -20.976034 -6e-06 2e-06 -21.226299 2.451694 -3.594001 0.0 -6e-06 -2e-06 -1.362681 2.240798 -0.746324 -21.334927 0.584908 3.008324 -13.82122 -5e-06 2e-06 -23.887182 -0.249081 -0.839483 -60.138718 2.487861 -1.25895 -0.294026 1.679687 0.833256 -14.218216 0.093213 1.30058 -34.212067 -0.287568 0.96717 -20.033222 0.964534 1.212845 1e-06 1e-06 0.0 -3.44039 0.788234 0.501656 -15.928198 -3.167311 2.999709 -6.33883 -2e-06 2e-06 -18.123459 3.648182 -4.905672 -4e-06 -1e-06 -2e-06 17.297338 10.376762 18.453022 52.162868 26.960733 29.717871 178.205719 68.628448 178.06752 29.461912 -24.23834 20.2967 2.243542 -5.255037 -3.180156 14.282887 -0.826597 6.952501 1e-06 -12.690603 1e-06 15.032401 -17.672112 2.925936 1.665667 -1.955923 -2.878298 4.727797 -4.170588 4.993926 11.020526 1e-06 -2e-06 12.109052 -3.735716 -2.866784 -0.0 -2e-06 0.0 1.291987 -1.928548 -1.49809 14.800127 0.567464 3.865606 14.242571 -1.341739 -6.660659 19.631968 0.143923 -0.648249 47.737061 -0.461821 -7.183411 0.353028 -1.511148 -0.031941 20.222786 3.684305 2.316628 18.78727 2e-06 -3e-06 10.751627 -0.479869 1.397904 -1e-06 0.0 -0.0 3.273806 0.305947 -0.580111 21.486809 11.830371 2.266129 8.162928 1e-06 -2e-06 18.399086 -3.798987 -4.940579 3e-06 0.0 -1e-06 7.503108 11.470569 -15.191417 0.163014 -0.508191 16.954691 -3.660297 3.634157 -16.014534 1.639044 -1.799652 1.732363 0.0 0.0 2e-06 -15.481525 10.966458 -28.641575 0.648767 2.020375 53.244747 7.849309 7.594981 10.426223 -1.422302 0.917879 -1.828405 0.0 -0.0 -1e-06 
0.0 0.0 0.0 0.0 -0.0 0.0 -55.650566 100.095497 242.890259 -10.57593 -42.841423 20.886127 -1.440511 0.017713 -3.652363 -0.827074 1.637478 -5.89883 -1.947997 -1.605662 10.089559 -19.040394 22.966427 25.276375 -4.896595 -6.530924 -2.962004 -10.294303 -5.195031 2.818813 7.7e-05 -2.3e-05 5e-06 -0.265754 0.065119 -0.204452 0.465556 -3.627096 -10.254822 -1.003761 3.723602 -10.408998 -9.551351 -2.446064 10.041359 -53.343113 -21.830467 -22.816387 179.505295 -40.163177 -179.387512 -24.74069 -6.57148 13.28506 -5.882109 9.861288 0.70259 -10.936877 -0.360575 7.156208 1e-06 8.774829 -0.0 -16.035072 17.381277 5.663843 -1.844034 2.498506 -2.507278 -10.163604 4.678946 4.621109 -20.976038 -4e-06 3e-06 -21.226299 2.451697 -3.594 0.0 -6e-06 -1e-06 -1.362683 2.240799 -0.746324 -21.334929 0.584911 3.008323 -13.821223 -2e-06 1e-06 -23.887184 -0.249078 -0.839486 -59.795074 2.44603 -1.271281 -0.294024 1.679688 0.833256 -14.218216 0.093215 1.30058 -34.212067 -0.287567 0.967168 -20.033222 0.964535 1.212844 1e-06 0.0 0.0 -3.44039 0.788234 0.501656 -15.928198 -3.16731 2.999708 -6.33883 -0.0 -0.0 -18.123457 3.648183 -4.905674 -4e-06 -1e-06 -3e-06 17.907682 8.860868 18.379694 51.742615 24.987249 29.360241 177.116028 66.426888 177.137344 28.788725 -20.56399 15.486508 2.243543 -5.25504 -3.180159 14.282898 -0.826595 6.952508 -1e-06 -12.690612 -1e-06 14.925215 -17.637831 2.789608 1.665668 -1.955922 -2.878301 4.727801 -4.17059 4.993927 11.020534 3e-06 0.0 12.109057 -3.735717 -2.866784 0.0 -2e-06 1e-06 1.291988 -1.928551 -1.49809 14.800138 0.567469 3.865611 14.24258 -1.341739 -6.660659 19.631975 0.143925 -0.648244 47.386948 -0.440213 -7.209716 0.353027 -1.511152 -0.031939 20.222801 3.684311 2.316633 18.787287 2e-06 1e-06 10.751634 -0.47987 1.397907 -0.0 0.0 -0.0 3.273808 0.305948 -0.580111 21.486828 11.830383 2.266135 8.162933 2e-06 -0.0 18.399096 -3.798988 -4.940577 3e-06 2e-06 -1e-06 6.974693 11.942729 -10.230305 0.144421 -0.499799 11.475916 -3.722841 3.466319 -14.836392 1.650115 -1.800707 1.473911 0.0 0.0 2e-06 -15.233967 12.824761 -32.134258 0.706798 1.975385 55.400177 9.002345 10.316042 6.525924 -1.402816 0.890772 -1.856568 1e-06 -0.0 -2e-06 
0.0 0.0 0.0 0.0 -0.0 0.0 -56.454754 100.247993 245.330139 -10.516861 -42.540707 20.337049 -1.384714 -0.286917 -3.702564 -0.720803 0.888113 -5.945204 -1.658061 -2.491569 9.906219 -19.244541 21.987766 23.553883 -4.921331 -6.537505 -2.949955 -10.486348 -5.253771 1.984776 7.7e-05 -2.3e-05 6e-06 -0.269705 0.001755 -0.212036 0.462423 -3.688739 -10.165498 -1.010494 3.655616 -10.283396 -9.093629 -3.942658 10.097745 -53.352486 -21.721928 -24.1653 179.334671 -40.352119 -179.468857 -23.556194 -6.09338 10.195663 -5.882106 9.861288 0.702588 -10.936878 -0.360576 7.156208 -0.0 8.774828 -2e-06 -15.870091 17.471874 5.708822 -1.844033 2.498507 -2.507279 -10.163606 4.678946 4.62111 -20.976034 -4e-06 4e-06 -21.226295 2.451699 -3.594002 0.0 -6e-06 -2e-06 -1.362681 2.240799 -0.746323 -21.334925 0.584908 3.008325 -13.821221 -1e-06 2e-06 -23.887184 -0.249078 -0.839482 -59.477795 2.442445 -1.320403 -0.294025 1.679687 0.833255 -14.218215 0.093213 1.30058 -34.212067 -0.287564 0.967174 -20.033226 0.964537 1.212847 -0.0 1e-06 1e-06 -3.44039 0.788233 0.501655 -15.928192 -3.167312 2.999707 -6.33883 -1e-06 1e-06 -18.123455 3.648183 -4.905674 -4e-06 0.0 -3e-06 18.608282 7.169799 17.988762 50.813526 22.29711 28.012812 176.143478 63.766953 176.234497 28.349258 -17.955206 12.334412 2.243541 -5.255037 -3.180159 14.282889 -0.826594 6.952506 -3e-06 -12.690605 2e-06 14.887588 -17.636518 2.702707 1.665666 -1.955922 -2.878299 4.727796 -4.170587 4.993925 11.020528 5e-06 -0.0 12.109055 -3.735717 -2.866783 -0.0 -2e-06 -0.0 1.291984 -1.928549 -1.498089 14.800129 0.567467 3.86561 14.242576 -1.341734 -6.660657 19.631969 0.143929 -0.648243 47.509819 -0.488779 -7.183807 0.35303 -1.511151 -0.03194 20.222794 3.684313 2.316633 18.787273 4e-06 2e-06 10.75163 -0.479868 1.397907 -0.0 0.0 0.0 3.273806 0.305949 -0.580113 21.486816 11.830379 2.266132 8.162929 2e-06 1e-06 18.399082 -3.798985 -4.940573 3e-06 1e-06 -1e-06 7.106887 12.456536 -5.843054 0.11963 -0.495923 5.588187 -3.994853 3.169371 -12.777032 1.665919 -1.816189 1.088733 0.0 0.0 2e-06 -14.734196 14.220423 -35.392365 0.701558 1.890361 53.994823 9.775531 11.968728 4.05717 -1.393047 0.861208 -1.745309 0.0 -0.0 -4e-06 
0.0 0.0 0.0 0.0 -0.0 0.0 -57.353264 100.270531 247.837402 -10.534801 -42.044209 20.065224 -1.269546 -0.607087 -3.775644 -0.631689 0.186444 -6.038991 -1.248792 -3.444361 9.619472 -19.286852 20.597424 21.661551 -4.663545 -6.28049 -3.012672 -10.811106 -5.409942 1.462383 7.8e-05 -2.1e-05 6e-06 -0.209702 -0.053901 -0.237778 0.526887 -3.737839 -10.142901 -0.954286 3.59444 -10.200895 -8.803371 -5.464567 10.018055 -53.261795 -21.079718 -25.938118 179.137909 -40.370781 -179.642166 -22.310364 -5.235652 7.391619 -5.882109 9.861288 0.702588 -10.936874 -0.360575 7.156208 1e-06 8.774826 -1e-06 -15.625682 17.701088 5.831106 -1.844033 2.498505 -2.507282 -10.163603 4.678944 4.621109 -20.97603 -4e-06 -0.0 -21.226294 2.451696 -3.594002 0.0 -7e-06 -1e-06 -1.362682 2.240798 -0.746326 -21.334925 0.584909 3.008322 -13.82122 -3e-06 0.0 -23.887182 -0.249081 -0.839485 -59.3489 2.452456 -1.328549 -0.294026 1.679688 0.833257 -14.218215 0.093215 1.30058 -34.212063 -0.287565 0.967167 -20.033218 0.964536 1.212842 -0.0 1e-06 0.0 -3.440389 0.788233 0.501654 -15.928191 -3.167311 2.999708 -6.338829 -2e-06 0.0 -18.123455 3.64818 -4.905674 -4e-06 -0.0 -2e-06 19.329233 5.437008 17.348797 49.320522 19.287689 26.236118 175.885513 61.282345 175.812027 27.705679 -16.267147 11.251819 2.243541 -5.255037 -3.180157 14.282894 -0.826595 6.952504 -2e-06 -12.690605 1e-06 14.910506 -17.818268 2.587516 1.665667 -1.955922 -2.878299 4.727798 -4.170588 4.993925 11.020526 2e-06 -2e-06 12.109055 -3.735718 -2.866786 -0.0 -2e-06 -1e-06 1.291985 -1.92855 -1.498089 14.800131 0.567467 3.86561 14.242577 -1.341738 -6.660662 19.631969 0.143925 -0.648248 47.963627 -0.681311 -7.30615 0.353029 -1.51115 -0.031941 20.222795 3.684308 2.31663 18.787273 4e-06 -2e-06 10.751629 -0.479869 1.397906 0.0 1e-06 0.0 3.273808 0.305947 -0.580112 21.486811 11.830374 2.26613 8.16293 1e-06 -0.0 18.399086 -3.798988 -4.940577 3e-06 1e-06 -1e-06 7.232207 12.976728 -3.570476 0.0928 -0.434216 3.777169 -4.117994 2.550763 -11.626854 1.674031 -1.836356 0.667321 0.0 0.0 2e-06 -14.045825 15.078729 -37.894646 0.643185 1.784251 48.416271 11.538304 12.637021 3.076008 -1.396179 0.833948 -1.656587 -0.0 0.0 -3e-06 
0.0 0.0 0.0 0.0 -0.0 0.0 -58.252846 100.087425 249.917191 -10.020731 -41.453217 19.488218 -1.335927 -0.764251 -3.9189 -0.570681 -0.535058 -6.138048 -0.976391 -4.467132 9.340508 -19.081533 18.662855 19.661169 -4.413127 -5.469025 -3.051588 -11.249419 -5.453972 1.204652 7.9e-05 -2.2e-05 6e-06 -0.077818 -0.103778 -0.254086 0.675705 -3.786018 -10.122162 -0.841981 3.544164 -10.109005 -8.89645 -6.934183 9.726675 -53.058643 -19.924244 -27.839289 179.073151 -39.910461 -179.92308 -21.897814 -4.019557 5.302218 -5.882109 9.861284 0.70259 -10.936877 -0.360576 7.156208 1e-06 8.774824 -1e-06 -15.544493 17.929731 5.906826 -1.844032 2.498505 -2.507279 -10.163603 4.678944 4.621111 -20.976032 -3e-06 5e-06 -21.226295 2.451698 -3.593997 0.0 -7e-06 -1e-06 -1.36268 2.240797 -0.746325 -21.334925 0.584909 3.008324 -13.82122 -2e-06 3e-06 -23.887182 -0.249078 -0.839482 -59.672871 2.637288 -1.49561 -0.294022 1.679686 0.833255 -14.218215 0.093214 1.300581 -34.212067 -0.287565 0.967174 -20.033226 0.964538 1.212845 -0.0 0.0 -1e-06 -3.440392 0.788233 0.501655 -15.928194 -3.16731 2.999708 -6.338831 -0.0 1e-06 -18.123457 3.648182 -4.905671 -4e-06 1e-06 -3e-06 19.889044 3.913296 16.706705 47.640152 16.150808 25.444139 177.249054 59.733898 177.186935 27.266121 -15.728015 12.249509 2.243541 -5.255038 -3.180157 14.282894 -0.826597 6.952507 -2e-06 -12.690607 1e-06 14.989139 -18.274733 2.578903 1.665663 -1.955922 -2.878299 4.7278 -4.170588 4.993926 11.020528 2e-06 0.0 12.109053 -3.735719 -2.866783 1e-06 -0.0 1e-06 1.291988 -1.928549 -1.498091 14.800131 0.567465 3.865609 14.242577 -1.341738 -6.660656 19.631973 0.143924 -0.648244 48.730129 -1.138388 -7.49239 0.353029 -1.511151 -0.03194 20.222797 3.684308 2.316633 18.787281 3e-06 1e-06 10.751632 -0.479871 1.397907 0.0 1e-06 0.0 3.273807 0.305947 -0.580112 21.486816 11.830376 2.266135 8.16293 1e-06 1e-06 18.399088 -3.798989 -4.940575 3e-06 1e-06 -1e-06 6.988789 13.318728 -1.032731 -0.01022 -0.203072 2.113049 -4.101812 1.73696 -10.619424 1.6971 -1.887482 0.102955 -0.0 -0.0 2e-06 -13.373569 15.147522 -38.447765 0.386592 1.484052 36.849102 14.935814 11.513321 4.505633 -1.395861 0.777749 -1.657264 -0.0 -0.0 -2e-06 
