HIERARCHY
ROOT Root
{
  OFFSET 0.0 0.0 0.0
  CHANNELS 6 Xposition Yposition Zposition Zrotation Yrotation Xrotation
  JOINT Hips
  {
    OFFSET 0.0 100.0 0.0
    CHANNELS 6 Xposition Yposition Zposition Zrotation Yrotation Xrotation
    JOINT Spine1
    {
      OFFSET -0.013727 5.003763 -0.053727
      CHANNELS 3 Zrotation Yrotation Xrotation
      JOINT Spine2
      {
        OFFSET -0.0 7.125301 -0.029825
        CHANNELS 3 Zrotation Yrotation Xrotation
        JOINT Chest
        {
          OFFSET -1e-06 7.550063 -0.815971
          CHANNELS 3 Zrotation Yrotation Xrotation
          JOINT Neck1
          {
            OFFSET -0.181677 26.311295 -0.553348
            CHANNELS 3 Zrotation Yrotation Xrotation
            JOINT Neck2
            {
              OFFSET -3e-06 7.709397 2.302585
              CHANNELS 3 Zrotation Yrotation Xrotation
              JOINT Head
              {
                OFFSET -5e-06 6.128916 1.953709
                CHANNELS 3 Zrotation Yrotation Xrotation
                JOINT HeadEnd
                {
                  OFFSET 0.003598 16.065403 -1.835379
                  CHANNELS 3 Zrotation Yrotation Xrotation
                }
                JOINT Jaw
                {
                  OFFSET 0.002637 0.475592 3.094941
                  CHANNELS 3 Zrotation Yrotation Xrotation
                }
                JOINT LeftEye
                {
                  OFFSET 3.206381 5.380205 7.586883
                  CHANNELS 3 Zrotation Yrotation Xrotation
                }
                JOINT RightEye
                {
                  OFFSET -3.22244 5.361869 7.558234
                  CHANNELS 3 Zrotation Yrotation Xrotation
                }
              }
            }
          }
          JOINT LeftShoulder
          {
            OFFSET 1.621652 23.237164 5.113413
            CHANNELS 3 Zrotation Yrotation Xrotation
            JOINT LeftArm
            {
              OFFSET 14.919846 2e-06 -5.502326
              CHANNELS 3 Zrotation Yrotation Xrotation
              JOINT LeftForeArm
              {
                OFFSET 28.739307 0.0 -0.002588
                CHANNELS 3 Zrotation Yrotation Xrotation
                JOINT LeftHand
                {
                  OFFSET 27.093981 -1e-06 0.002609
                  CHANNELS 3 Zrotation Yrotation Xrotation
                  JOINT LeftHandThumb1
                  {
                    OFFSET 2.276482 -1.392045 3.191413
                    CHANNELS 3 Zrotation Yrotation Xrotation
                    JOINT LeftHandThumb2
                    {
                      OFFSET 4.012836 -1.828127 1.641654
                      CHANNELS 3 Zrotation Yrotation Xrotation
                      JOINT LeftHandThumb3
                      {
                        OFFSET 2.798515 0.0 -3e-06
                        CHANNELS 3 Zrotation Yrotation Xrotation
                        JOINT LeftHandThumbEnd
                        {
                          OFFSET 3.180793 -4e-06 4e-06
                          CHANNELS 3 Zrotation Yrotation Xrotation
                        }
                      }
                    }
                  }
                  JOINT LeftHandIndex1
                  {
                    OFFSET 3.247555 -0.531998 2.296169
                    CHANNELS 3 Zrotation Yrotation Xrotation
                    JOINT LeftHandIndex2
                    {
                      OFFSET 6.364578 0.01206 0.1786
                      CHANNELS 3 Zrotation Yrotation Xrotation
                      JOINT LeftHandIndex3
                      {
                        OFFSET 3.662364 0.0 0.0
                        CHANNELS 3 Zrotation Yrotation Xrotation
                        JOINT LeftHandIndex4
                        {
                          OFFSET 2.329242 4e-06 4e-06
                          CHANNELS 3 Zrotation Yrotation Xrotation
                          JOINT LeftHandIndexEnd
                          {
                            OFFSET 2.759615 -0.180537 -0.113024
                            CHANNELS 3 Zrotation Yrotation Xrotation
                          }
                        }
                      }
                    }
                  }
                  JOINT LeftHandMiddle1
                  {
                    OFFSET 3.163495 0.240981 1.000332
                    CHANNELS 3 Zrotation Yrotation Xrotation
                    JOINT LeftHandMiddle2
                    {
                      OFFSET 6.19078 -0.259278 -1.002548
                      CHANNELS 3 Zrotation Yrotation Xrotation
                      JOINT LeftHandMiddle3
                      {
                        OFFSET 4.35652 -4e-06 -1e-06
                        CHANNELS 3 Zrotation Yrotation Xrotation
                        JOINT LeftHandMiddle4
                        {
                          OFFSET 2.996877 -8e-06 0.0
                          CHANNELS 3 Zrotation Yrotation Xrotation
                          JOINT LeftHandMiddleEnd
                          {
                            OFFSET 2.304287 -0.294569 -0.031741
                            CHANNELS 3 Zrotation Yrotation Xrotation
                          }
                        }
                      }
                    }
                  }
                  JOINT LeftHandRing1
                  {
                    OFFSET 2.882643 -0.053652 -0.322543
                    CHANNELS 3 Zrotation Yrotation Xrotation
                    JOINT LeftHandRing2
                    {
                      OFFSET 5.854541 -0.486202 -1.373841
                      CHANNELS 3 Zrotation Yrotation Xrotation
                      JOINT LeftHandRing3
                      {
                        OFFSET 4.350578 0.0 3e-06
                        CHANNELS 3 Zrotation Yrotation Xrotation
                        JOINT LeftHandRing4
                        {
                          OFFSET 2.651321 7e-06 2e-06
                          CHANNELS 3 Zrotation Yrotation Xrotation
                          JOINT LeftHandRingEnd
                          {
                            OFFSET 1.936105 0.077687 -7.1e-05
                            CHANNELS 3 Zrotation Yrotation Xrotation
                          }
                        }
                      }
                    }
                  }
                  JOINT LeftHandPinky1
                  {
                    OFFSET 2.8655 -0.310005 -1.600378
                    CHANNELS 3 Zrotation Yrotation Xrotation
                    JOINT LeftHandPinky2
                    {
                      OFFSET 5.087849 -1.331141 -1.77123
                      CHANNELS 3 Zrotation Yrotation Xrotation
                      JOINT LeftHandPinky3
                      {
                        OFFSET 3.070974 4e-06 0.0
                        CHANNELS 3 Zrotation Yrotation Xrotation
                        JOINT LeftHandPinky4
                        {
                          OFFSET 1.549672 0.0 1e-06
                          CHANNELS 3 Zrotation Yrotation Xrotation
                          JOINT LeftHandPinkyEnd
                          {
                            OFFSET 1.944893 -0.157802 0.057219
                            CHANNELS 3 Zrotation Yrotation Xrotation
                          }
                        }
                      }
                    }
                  }
                }
              }
            }
          }
          JOINT RightShoulder
          {
            OFFSET -1.380118 23.180309 5.214158
            CHANNELS 3 Zrotation Yrotation Xrotation
            JOINT RightArm
            {
              OFFSET -15.037196 1.2e-05 -5.545604
              CHANNELS 3 Zrotation Yrotation Xrotation
              JOINT RightForeArm
              {
                OFFSET -28.736639 2e-06 -0.002597
                CHANNELS 3 Zrotation Yrotation Xrotation
                JOINT RightHand
                {
                  OFFSET -27.133619 -0.0 0.002613
                  CHANNELS 3 Zrotation Yrotation Xrotation
                  JOINT RightHandThumb1
                  {
                    OFFSET -2.274032 -1.383988 3.163127
                    CHANNELS 3 Zrotation Yrotation Xrotation
                    JOINT RightHandThumb2
                    {
                      OFFSET -4.011429 -1.827466 1.640914
                      CHANNELS 3 Zrotation Yrotation Xrotation
                      JOINT RightHandThumb3
                      {
                        OFFSET -2.794935 -4e-06 -3e-06
                        CHANNELS 3 Zrotation Yrotation Xrotation
                        JOINT RightHandThumbEnd
                        {
                          OFFSET -3.183852 4e-06 1e-06
                          CHANNELS 3 Zrotation Yrotation Xrotation
                        }
                      }
                    }
                  }
                  JOINT RightHandIndex1
                  {
                    OFFSET -3.253266 -0.520057 2.282866
                    CHANNELS 3 Zrotation Yrotation Xrotation
                    JOINT RightHandIndex2
                    {
                      OFFSET -6.341917 0.012471 0.178266
                      CHANNELS 3 Zrotation Yrotation Xrotation
                      JOINT RightHandIndex3
                      {
                        OFFSET -3.654871 -8e-06 -0.0
                        CHANNELS 3 Zrotation Yrotation Xrotation
                        JOINT RightHandIndex4
                        {
                          OFFSET -2.327586 0.0 1e-06
                          CHANNELS 3 Zrotation Yrotation Xrotation
                          JOINT RightHandIndexEnd
                          {
                            OFFSET -2.76179 -0.180656 -0.113078
                            CHANNELS 3 Zrotation Yrotation Xrotation
                          }
                        }
                      }
                    }
                  }
                  JOINT RightHandMiddle1
                  {
                    OFFSET -3.168106 0.246593 1.00103
                    CHANNELS 3 Zrotation Yrotation Xrotation
                    JOINT RightHandMiddle2
                    {
                      OFFSET -6.180828 -0.258836 -1.000895
                      CHANNELS 3 Zrotation Yrotation Xrotation
                      JOINT RightHandMiddle3
                      {
                        OFFSET -4.348901 0.0 -0.0
                        CHANNELS 3 Zrotation Yrotation Xrotation
                        JOINT RightHandMiddle4
                        {
                          OFFSET -3.00024 -4e-06 -2e-06
                          CHANNELS 3 Zrotation Yrotation Xrotation
                          JOINT RightHandMiddleEnd
                          {
                            OFFSET -2.30252 -0.29437 -0.031706
                            CHANNELS 3 Zrotation Yrotation Xrotation
                          }
                        }
                      }
                    }
                  }
                  JOINT RightHandRing1
                  {
                    OFFSET -2.88569 -0.067952 -0.308858
                    CHANNELS 3 Zrotation Yrotation Xrotation
                    JOINT RightHandRing2
                    {
                      OFFSET -5.854198 -0.48613 -1.373731
                      CHANNELS 3 Zrotation Yrotation Xrotation
                      JOINT RightHandRing3
                      {
                        OFFSET -4.33881 -4e-06 -0.0
                        CHANNELS 3 Zrotation Yrotation Xrotation
                        JOINT RightHandRing4
                        {
                          OFFSET -2.654903 -4e-06 4e-06
                          CHANNELS 3 Zrotation Yrotation Xrotation
                          JOINT RightHandRingEnd
                          {
                            OFFSET -1.933568 0.077527 -5.2e-05
                            CHANNELS 3 Zrotation Yrotation Xrotation
                          }
                        }
                      }
                    }
                  }
                  JOINT RightHandPinky1
                  {
                    OFFSET -2.866425 -0.342796 -1.584145
                    CHANNELS 3 Zrotation Yrotation Xrotation
                    JOINT RightHandPinky2
                    {
                      OFFSET -5.091371 -1.332055 -1.772385
                      CHANNELS 3 Zrotation Yrotation Xrotation
                      JOINT RightHandPinky3
                      {
                        OFFSET -3.062664 -4e-06 1e-06
                        CHANNELS 3 Zrotation Yrotation Xrotation
                        JOINT RightHandPinky4
                        {
                          OFFSET -1.546529 4e-06 -2e-06
                          CHANNELS 3 Zrotation Yrotation Xrotation
                          JOINT RightHandPinkyEnd
                          {
                            OFFSET -1.945119 -0.157718 0.057211
                            CHANNELS 3 Zrotation Yrotation Xrotation
                          }
                        }
                      }
                    }
                  }
                }
              }
            }
          }
        }
      }
    }
    JOINT LeftLeg
    {
      OFFSET 10.043214 -8.434526 2.595655
      CHANNELS 3 Zrotation Yrotation Xrotation
      JOINT LeftShin
      {
        OFFSET -1e-06 -43.221752 -0.802913
        CHANNELS 3 Zrotation Yrotation Xrotation
        JOINT LeftFoot
        {
          OFFSET 1e-06 -42.155094 -3.481523
          CHANNELS 3 Zrotation Yrotation Xrotation
          JOINT LeftToeBase
          {
            OFFSET 0.0 -5.059472 13.231529
            CHANNELS 3 Zrotation Yrotation Xrotation
            JOINT LeftToeEnd
            {
              OFFSET -0.009607 -1.647619 6.513017
              CHANNELS 3 Zrotation Yrotation Xrotation
            }
          }
        }
      }
    }
    JOINT RightLeg
    {
      OFFSET -10.047278 -8.29526 2.620317
      CHANNELS 3 Zrotation Yrotation Xrotation
      JOINT RightShin
      {
        OFFSET 1e-06 -43.362206 -0.805556
        CHANNELS 3 Zrotation Yrotation Xrotation
        JOINT RightFoot
        {
          OFFSET 2e-06 -42.117393 -3.478398
          CHANNELS 3 Zrotation Yrotation Xrotation
          JOINT RightToeBase
          {
            OFFSET -0.0 -5.079609 13.284196
            CHANNELS 3 Zrotation Yrotation Xrotation
            JOINT RightToeEnd
            {
              OFFSET 0.009532 -1.634378 6.460591
              CHANNELS 3 Zrotation Yrotation Xrotation
            }
          }
        }
      }
    }
  }
}
MOTION
Frames: 119
Frame Time: 0.03333333333333333
0.0 0.0 0.0 0.0 -0.0 0.0 0.777743 12.95641 -5.95523 -1.717775 -3.348094 -75.439331 -1.409371 -0.592542 28.356133 -0.76295 0.213654 7.737711 -2.498693 -2.024493 34.772358 -4.271925 7.772618 29.500626 0.592413 2.023631 -3.720531 2.916114 1.15803 -3.769099 7.7e-05 -2.3e-05 6e-06 -0.080277 0.066966 -0.017826 0.737021 -3.561284 -10.775383 -0.906319 3.705503 -10.734037 11.281109 -12.903419 19.854752 -95.822701 17.624693 -11.078721 2.827801 -24.136066 -0.356558 64.154503 3.898107 -31.602139 -5.882108 9.861286 0.702591 -10.936877 -0.360576 7.15621 -0.0 8.774827 -1e-06 -15.512484 17.909796 6.687706 -1.844032 2.498505 -2.507278 -10.163604 4.678945 4.621112 -20.976038 -4e-06 5e-06 -21.226295 2.451698 -3.593998 0.0 -6e-06 -0.0 -1.362682 2.240799 -0.746322 -21.334925 0.584908 3.008326 -13.82122 -3e-06 3e-06 -23.887184 -0.249078 -0.839481 -60.171078 2.830804 -1.051822 -0.294025 1.679688 0.833256 -14.218215 0.093214 1.300581 -34.212067 -0.287563 0.967175 -20.033226 0.964538 1.212846 0.0 1e-06 0.0 -3.44039 0.788233 0.501656 -15.928192 -3.167311 2.999708 -6.338828 -2e-06 2e-06 -18.123453 3.648182 -4.90567 -6e-06 1e-06 -2e-06 -8.751189 15.386871 17.774422 92.609993 -8.482134 -13.855196 -3.14767 24.882099 -0.849197 -61.631073 -45.032925 -5.310349 2.243542 -5.255041 -3.18016 14.2829 -0.826596 6.952508 -4e-06 -12.690607 1e-06 14.082243 -17.613609 4.595872 1.665667 -1.955922 -2.8783 4.727801 -4.170588 4.993927 11.020532 3e-06 -0.0 12.109058 -3.735715 -2.866782 1e-06 -0.0 -0.0 1.291986 -1.92855 -1.49809 14.80014 0.56747 3.865612 14.242579 -1.341734 -6.660659 19.631981 0.143925 -0.648243 47.581268 -0.515248 -6.149161 0.353029 -1.511152 -0.03194 20.222803 3.684314 2.316633 18.787285 7e-06 2e-06 10.751634 -0.479869 1.397906 1e-06 -0.0 1e-06 3.273809 0.305947 -0.580111 21.486828 11.830377 2.266135 8.16293 2e-06 1e-06 18.399092 -3.798982 -4.940573 2e-06 -0.0 -0.0 24.999306 8.108107 -72.613785 -0.406693 -0.653155 136.624283 -4.77836 -23.913643 17.381605 1.704447 -1.864453 -4.530372 -0.0 0.0 2e-06 -22.496813 -5.604241 -67.883957 0.528443 0.247384 132.940201 -3.806474 14.214976 9.590629 -1.478487 0.922549 -1.91646 0.0 -0.0 -1e-06 
0.0 0.0 0.0 0.0 -0.0 0.0 0.669541 13.138252 -5.871253 -1.244725 -3.347216 -75.562035 -1.300731 -0.685506 28.195911 -0.797318 0.208106 7.775159 -2.836672 -2.046587 34.901871 -4.620493 7.961455 30.190542 0.574738 2.115727 -3.723151 2.761387 1.021277 -2.971429 7.7e-05 -2.3e-05 6e-06 -0.07275 0.04895 -0.010249 0.720599 -3.576209 -10.689735 -0.874759 3.683294 -10.653111 10.485803 -12.963863 20.48675 -94.827148 16.814518 -9.067554 2.765729 -22.723114 -0.263093 64.268539 6.42097 -31.390734 -5.88211 9.86129 0.702591 -10.93688 -0.360575 7.156209 0.0 8.77483 0.0 -15.346942 17.833654 6.714761 -1.844034 2.498506 -2.507279 -10.163604 4.678947 4.621111 -20.976038 -5e-06 1e-06 -21.226299 2.451697 -3.594003 0.0 -6e-06 0.0 -1.362682 2.240799 -0.746324 -21.334927 0.584909 3.008324 -13.821221 -3e-06 2e-06 -23.887184 -0.249081 -0.839484 -60.376816 2.804161 -1.097839 -0.294025 1.679688 0.833257 -14.218217 0.093215 1.300582 -34.212067 -0.287565 0.967171 -20.033222 0.964537 1.212844 -0.0 0.0 0.0 -3.44039 0.788233 0.501655 -15.928196 -3.167311 2.999709 -6.338829 -2e-06 1e-06 -18.123459 3.648185 -4.905674 -5e-06 1e-06 -2e-06 -8.939401 15.094765 17.876793 92.041977 -7.96939 -14.467473 -2.388646 24.339321 -0.625574 -61.727383 -44.086021 -6.189877 2.243544 -5.255038 -3.180159 14.282896 -0.826595 6.952504 -5e-06 -12.690608 3e-06 14.290989 -17.418989 4.528887 1.665667 -1.955922 -2.8783 4.7278 -4.17059 4.993926 11.020531 5e-06 -3e-06 12.109058 -3.735714 -2.866787 2e-06 1e-06 -1e-06 1.291987 -1.928551 -1.49809 14.800136 0.567466 3.865608 14.242579 -1.341736 -6.660662 19.631975 0.143928 -0.648248 47.848503 -0.471448 -6.066576 0.353029 -1.511152 -0.03194 20.222803 3.684313 2.316629 18.787287 7e-06 -2e-06 10.751636 -0.479868 1.397906 2e-06 -0.0 1e-06 3.273809 0.305947 -0.580112 21.486824 11.830379 2.266129 8.16293 3e-06 -2e-06 18.39909 -3.798985 -4.940579 2e-06 1e-06 -1e-06 26.593596 8.405173 -71.755249 -0.487901 -0.559169 136.551285 -5.020779 -24.64119 16.949087 1.715197 -1.847357 -4.347989 0.0 0.0 2e-06 -20.805897 -5.702275 -68.426346 0.450053 0.202205 133.64595 -4.075567 13.454913 10.128426 -1.46214 0.908367 -2.159035 0.0 -0.0 -1e-06 
0.0 0.0 0.0 0.0 -0.0 0.0 0.398768 13.10094 -5.361213 -0.38027 -3.485588 -75.377464 -1.408818 -0.55015 27.995205 -0.825829 0.266172 7.699232 -3.03518 -1.928008 34.57584 -4.933314 8.156103 31.274403 0.430516 1.984613 -3.648556 2.387782 1.043938 -2.044526 7.7e-05 -2.3e-05 6e-06 -0.105493 0.12078 0.006174 0.624792 -3.501953 -10.532273 -0.842358 3.745405 -10.493846 9.26875 -12.796136 21.522585 -93.534882 16.185055 -7.262823 2.552945 -22.135418 -0.189832 63.677643 8.301913 -30.35063 -5.882108 9.861287 0.70259 -10.936877 -0.360575 7.156208 1e-06 8.774828 -1e-06 -16.002892 17.829065 6.431421 -1.844033 2.498505 -2.507277 -10.163605 4.678946 4.621111 -20.976032 -4e-06 4e-06 -21.226295 2.451697 -3.593998 1e-06 -6e-06 0.0 -1.362682 2.240798 -0.746323 -21.334925 0.584909 3.008326 -13.82122 -3e-06 3e-06 -23.887178 -0.249079 -0.839481 -60.66251 2.746575 -1.167285 -0.294025 1.679688 0.833256 -14.218215 0.093214 1.300582 -34.212063 -0.287564 0.967175 -20.033222 0.964538 1.212846 0.0 -1e-06 0.0 -3.44039 0.788233 0.501655 -15.928198 -3.16731 2.999709 -6.338829 -1e-06 2e-06 -18.123453 3.648182 -4.905669 -5e-06 0.0 -2e-06 -8.624591 14.614267 17.700418 90.847679 -7.946165 -14.353327 -1.573912 23.484224 -0.423904 -62.149551 -43.803612 -6.356219 2.243543 -5.255039 -3.180161 14.282896 -0.826593 6.952507 -4e-06 -12.690611 -1e-06 14.342815 -17.578058 4.346082 1.665666 -1.955922 -2.878301 4.7278 -4.170588 4.993928 11.020534 4e-06 -1e-06 12.10906 -3.735715 -2.866785 2e-06 0.0 -0.0 1.291986 -1.928551 -1.49809 14.800138 0.56747 3.865611 14.242579 -1.341734 -6.660661 19.631975 0.143926 -0.648244 48.085777 -0.424266 -6.149865 0.353029 -1.511151 -0.031941 20.222803 3.684313 2.316633 18.787285 9e-06 3e-06 10.751636 -0.479867 1.397907 1e-06 0.0 0.0 3.273809 0.305946 -0.580111 21.486828 11.830385 2.266137 8.162933 4e-06 1e-06 18.399092 -3.798984 -4.940574 3e-06 1e-06 -0.0 28.458361 8.895104 -70.814606 -0.423646 -0.654916 136.854919 -6.756737 -25.806507 15.346342 1.657329 -1.820415 -4.476909 0.0 0.0 2e-06 -19.124502 -5.259181 -69.600861 0.369085 0.208478 134.800598 -3.464381 12.083673 10.271294 -1.425942 0.935267 -2.291196 -0.0 1e-06 -1e-06 
0.0 0.0 0.0 0.0 -0.0 0.0 0.080998 13.199514 -4.757624 0.076231 -3.534683 -74.959099 -1.285261 -0.518291 27.706758 -0.806436 0.271059 7.613002 -3.168183 -1.799134 34.389919 -5.169956 8.462379 32.035362 0.372369 1.933606 -3.619451 2.118016 0.886548 -1.196853 7.7e-05 -2.3e-05 5e-06 -0.121352 0.149741 -0.00534 0.590387 -3.476662 -10.469499 -0.839819 3.777953 -10.425747 7.969254 -12.298205 21.819899 -92.128174 16.012804 -6.465787 2.367471 -21.381271 -0.197666 63.413868 8.900135 -29.615725 -5.882106 9.861288 0.702591 -10.936875 -0.360577 7.156209 3e-06 8.774828 -2e-06 -16.223463 17.825747 6.46117 -1.844033 2.498505 -2.507278 -10.163604 4.678944 4.62111 -20.976027 -7e-06 6e-06 -21.226292 2.451696 -3.593997 1e-06 -6e-06 -0.0 -1.362681 2.240799 -0.746323 -21.334921 0.584906 3.008328 -13.821218 -4e-06 4e-06 -23.887177 -0.249081 -0.839478 -61.035889 2.750852 -1.156599 -0.294024 1.679688 0.833256 -14.218212 0.093212 1.300582 -34.212063 -0.287567 0.967178 -20.033216 0.964537 1.212849 -0.0 -0.0 0.0 -3.440388 0.788233 0.501656 -15.928192 -3.167314 2.999711 -6.338827 -3e-06 2e-06 -18.123451 3.648182 -4.905669 -5e-06 1e-06 -2e-06 -8.517619 14.351912 17.817438 90.349648 -7.625004 -14.097346 -1.310203 22.455961 -0.296168 -61.958511 -44.153885 -6.890798 2.243543 -5.255041 -3.180159 14.282896 -0.826597 6.952506 -1e-06 -12.690609 -1e-06 14.446615 -17.680536 4.239799 1.665667 -1.955922 -2.8783 4.727801 -4.170589 4.993926 11.020529 3e-06 -2e-06 12.109056 -3.735717 -2.866786 2e-06 0.0 -1e-06 1.291986 -1.92855 -1.49809 14.800134 0.567468 3.86561 14.242579 -1.341738 -6.660661 19.631973 0.143924 -0.648245 48.350063 -0.408518 -6.177376 0.353029 -1.511151 -0.03194 20.222801 3.684309 2.316632 18.787277 5e-06 0.0 10.751633 -0.47987 1.397907 1e-06 1e-06 1e-06 3.273808 0.305947 -0.580111 21.486824 11.830382 2.266136 8.16293 2e-06 0.0 18.399092 -3.798988 -4.940577 3e-06 1e-06 -1e-06 29.539616 9.63204 -70.523697 -0.460413 -0.594449 137.346756 -6.948126 -26.685545 14.339745 1.63367 -1.853565 -4.658159 0.0 0.0 2e-06 -18.994772 -5.214873 -70.43129 0.397106 0.187926 135.764496 -3.385382 12.138132 9.604883 -1.422842 0.956171 -2.377206 -0.0 0.0 -1e-06 
0.0 0.0 0.0 0.0 -0.0 0.0 -0.234158 13.429517 -4.147496 0.504161 -3.653803 -74.519905 -1.093702 -0.513115 27.510874 -0.686947 0.324696 7.596433 -3.422743 -1.574971 34.299839 -5.472016 9.020475 32.73629 0.339996 2.0169 -3.613014 1.852697 0.664962 -0.363709 7.7e-05 -2.3e-05 6e-06 -0.12322 0.179431 -0.031987 0.598048 -3.448882 -10.440383 -0.852663 3.811553 -10.386776 6.27924 -11.552906 21.875917 -90.312225 15.850037 -6.110518 2.346042 -20.164892 -0.181647 62.967995 9.026314 -29.196348 -5.882111 9.861292 0.702592 -10.936881 -0.360575 7.156215 2e-06 8.774833 -0.0 -16.462746 17.742155 6.476563 -1.844034 2.498506 -2.507279 -10.16361 4.678948 4.621115 -20.976044 -5e-06 5e-06 -21.226305 2.451698 -3.593999 1e-06 -6e-06 -0.0 -1.362682 2.240799 -0.746324 -21.334936 0.584909 3.008328 -13.821225 -4e-06 4e-06 -23.887194 -0.249079 -0.839481 -61.36013 2.740965 -1.13423 -0.294025 1.679688 0.833257 -14.218224 0.093214 1.300583 -34.212078 -0.287564 0.967176 -20.033232 0.964539 1.212848 -0.0 0.0 -0.0 -3.44039 0.788233 0.501657 -15.928203 -3.167313 2.999712 -6.338833 -2e-06 2e-06 -18.123466 3.648184 -4.905673 -5e-06 -0.0 -2e-06 -8.557212 14.058503 17.817713 90.184746 -7.286883 -14.153997 -0.970308 21.274498 -0.157336 -61.448952 -43.728348 -7.664865 2.243543 -5.255036 -3.180159 14.282898 -0.826597 6.952507 -3e-06 -12.690609 2e-06 14.528907 -17.65202 4.056314 1.665667 -1.955921 -2.8783 4.727802 -4.170586 4.993927 11.020531 3e-06 -0.0 12.109056 -3.735718 -2.866783 2e-06 -0.0 -0.0 1.291987 -1.928549 -1.49809 14.800138 0.567467 3.86561 14.24258 -1.341737 -6.660659 19.631975 0.143925 -0.648245 48.324188 -0.385279 -6.219319 0.353029 -1.511149 -0.03194 20.222803 3.684308 2.316632 18.787285 4e-06 1e-06 10.751636 -0.47987 1.397908 1e-06 -0.0 0.0 3.273809 0.305949 -0.58011 21.486828 11.830377 2.266135 8.162933 2e-06 0.0 18.39909 -3.798987 -4.940578 3e-06 1e-06 -2e-06 30.814949 10.189051 -70.07756 -0.434511 -0.552316 137.816025 -7.282449 -27.444298 13.550758 1.624081 -1.788481 -4.75964 0.0 -0.0 2e-06 -18.846275 -5.25212 -70.983536 0.396049 0.119084 136.676163 -3.504513 12.496416 8.758791 -1.453789 0.96223 -2.902312 0.0 0.0 -1e-06 
0.0 0.0 0.0 0.0 -0.0 0.0 -0.58766 13.703478 -3.57388 1.059071 -3.75454 -73.999344 -0.89756 -0.461457 27.3929 -0.626734 0.416683 7.587965 -3.764422 -1.30936 34.242168 -5.825578 9.573717 33.312061 0.358431 1.916643 -3.588776 1.622586 0.681087 0.332878 7.7e-05 -2.3e-05 6e-06 -0.146613 0.211593 -0.040101 0.58797 -3.426628 -10.416294 -0.889486 3.85281 -10.353171 4.317246 -10.579716 21.914076 -87.978172 15.637684 -6.176487 2.074634 -18.918943 -0.057042 61.915276 8.910929 -28.589085 -5.882112 9.86129 0.702592 -10.93688 -0.360575 7.156213 -1e-06 8.77483 -1e-06 -16.698692 17.711245 6.395335 -1.844033 2.498505 -2.507279 -10.16361 4.678948 4.621112 -20.97604 -3e-06 5e-06 -21.226301 2.451699 -3.594 0.0 -6e-06 -1e-06 -1.362682 2.240799 -0.746323 -21.334932 0.584911 3.008328 -13.821223 -2e-06 3e-06 -23.887188 -0.249077 -0.839481 -61.571938 2.700132 -1.141968 -0.294026 1.679688 0.833257 -14.21822 0.093215 1.300583 -34.212082 -0.287562 0.967174 -20.033232 0.964539 1.212846 -0.0 -0.0 0.0 -3.440391 0.788234 0.501656 -15.928201 -3.167311 2.99971 -6.338831 -1e-06 2e-06 -18.123463 3.648185 -4.905672 -4e-06 0.0 -2e-06 -8.534358 13.881594 17.579342 90.24575 -7.247033 -14.348417 -0.652816 20.520115 -0.094942 -61.162357 -42.956131 -7.97789 2.243543 -5.25504 -3.180161 14.2829 -0.826596 6.952511 -2e-06 -12.69061 -1e-06 14.473625 -17.689615 3.967598 1.665667 -1.955924 -2.878301 4.727803 -4.170588 4.993928 11.020535 3e-06 -0.0 12.109058 -3.735717 -2.866786 1e-06 -0.0 -0.0 1.291986 -1.928554 -1.498091 14.800139 0.567468 3.865613 14.242584 -1.341738 -6.660664 19.631985 0.143924 -0.648245 48.191624 -0.37613 -6.262146 0.353029 -1.511151 -0.03194 20.222803 3.684311 2.316635 18.787287 5e-06 2e-06 10.751636 -0.479869 1.39791 1e-06 -0.0 0.0 3.273809 0.305947 -0.580111 21.48683 11.830381 2.26614 8.162935 1e-06 1e-06 18.399096 -3.798989 -4.940576 2e-06 -0.0 -0.0 32.151333 10.585249 -69.300758 -0.395817 -0.457111 138.147797 -7.74392 -28.167898 12.254865 1.61485 -1.763042 -4.909696 0.0 -0.0 2e-06 -18.606333 -5.073804 -71.623589 0.357508 0.149939 137.556473 -2.906111 12.417813 7.958619 -1.45656 0.980435 -3.080046 0.0 0.0 -1e-06 
0.0 0.0 0.0 0.0 -0.0 0.0 -0.874686 14.035458 -3.061232 1.713107 -3.750477 -73.399811 -0.773418 -0.436588 27.340317 -0.584635 0.517708 7.533691 -4.133684 -1.005406 34.326706 -6.232087 10.090053 33.795788 0.359559 1.630581 -3.512613 1.48926 0.815927 0.93163 7.7e-05 -2.3e-05 5e-06 -0.181315 0.222859 -0.027832 0.552663 -3.433712 -10.380482 -0.922028 3.87913 -10.309417 1.936692 -9.403106 22.029188 -85.08017 15.219371 -6.689137 1.576593 -17.701658 0.077834 60.335255 8.40264 -28.470819 -5.882106 9.861286 0.702589 -10.936871 -0.360576 7.156206 1e-06 8.774826 -2e-06 -16.96821 17.750889 6.220826 -1.844033 2.498505 -2.507278 -10.163601 4.678945 4.621109 -20.976023 -4e-06 2e-06 -21.226286 2.451696 -3.594001 0.0 -6e-06 -0.0 -1.362682 2.240798 -0.746324 -21.334913 0.584908 3.008324 -13.821213 -3e-06 3e-06 -23.887171 -0.249079 -0.839483 -61.654343 2.666531 -1.148593 -0.294025 1.679687 0.833256 -14.218207 0.093214 1.300581 -34.212048 -0.287565 0.967171 -20.033211 0.964537 1.212844 -0.0 -0.0 -0.0 -3.440389 0.788233 0.501655 -15.928185 -3.167311 2.999708 -6.338823 -2e-06 1e-06 -18.123446 3.648183 -4.90567 -5e-06 0.0 -2e-06 -8.327312 13.755813 17.301542 90.397217 -7.304347 -14.667828 -0.642605 20.193403 -0.183563 -60.942562 -42.085644 -7.854908 2.243541 -5.255037 -3.180157 14.282887 -0.826596 6.952502 -2e-06 -12.690604 0.0 14.418823 -17.772234 3.977418 1.665665 -1.955922 -2.878298 4.727798 -4.170588 4.993923 11.020524 3e-06 -1e-06 12.10905 -3.735715 -2.866783 1e-06 0.0 -0.0 1.291986 -1.928549 -1.498089 14.800123 0.567466 3.865607 14.242566 -1.341736 -6.660656 19.631962 0.143925 -0.648244 48.112179 -0.357605 -6.29152 0.353029 -1.511151 -0.03194 20.222788 3.684309 2.31663 18.78727 5e-06 1e-06 10.751627 -0.479869 1.397905 1e-06 -0.0 0.0 3.273806 0.305944 -0.580111 21.486809 11.830373 2.266131 8.162924 2e-06 0.0 18.399078 -3.798985 -4.940575 2e-06 1e-06 -0.0 33.039917 10.997287 -68.32959 -0.40193 -0.391401 138.382324 -8.171336 -28.509821 10.581124 1.59662 -1.804006 -5.135492 0.0 0.0 2e-06 -18.643084 -4.660991 -72.257286 0.290627 0.196517 138.322189 -1.979909 12.215022 7.111885 -1.427012 1.009902 -2.642484 0.0 0.0 -1e-06 
0.0 0.0 0.0 0.0 -0.0 0.0 -1.086538 14.567095 -2.419887 2.243336 -3.541455 -72.902618 -0.628335 -0.62584 27.355581 -0.513832 0.522001 7.617425 -4.536818 -0.758818 34.572407 -6.704237 10.645042 34.482601 0.375843 1.38917 -3.495981 1.346679 0.734176 1.529418 7.7e-05 -2.2e-05 6e-06 -0.214683 0.251204 -0.029437 0.524814 -3.414618 -10.34308 -0.960769 3.915164 -10.260942 -0.7983 -8.01065 21.965969 -81.967476 14.814405 -7.39083 1.274594 -16.592045 0.09545 58.332775 7.242055 -28.569056 -5.882106 9.861284 0.702592 -10.936872 -0.360578 7.156209 2e-06 8.774828 -0.0 -17.226303 17.753412 6.075034 -1.844032 2.498504 -2.507279 -10.163601 4.678944 4.621113 -20.976028 -6e-06 5e-06 -21.226292 2.451695 -3.593998 0.0 -6e-06 0.0 -1.36268 2.240798 -0.746324 -21.334921 0.584907 3.008327 -13.821218 -4e-06 4e-06 -23.887178 -0.24908 -0.839478 -61.831444 2.640361 -1.150588 -0.294025 1.679688 0.833257 -14.218216 0.093213 1.300583 -34.212059 -0.287567 0.967178 -20.033218 0.964537 1.212848 -0.0 -0.0 0.0 -3.44039 0.788233 0.501656 -15.928191 -3.167312 2.99971 -6.338828 -2e-06 2e-06 -18.123453 3.648181 -4.905668 -4e-06 0.0 -2e-06 -8.005186 13.429385 17.157669 90.58831 -7.164355 -15.396544 -0.814457 19.742857 -0.242016 -60.743748 -40.67207 -7.838137 2.243542 -5.255039 -3.180161 14.282901 -0.826595 6.952508 -3e-06 -12.69061 0.0 14.340899 -17.700121 3.989537 1.665667 -1.955924 -2.878302 4.727802 -4.17059 4.993927 11.020535 3e-06 -0.0 12.109061 -3.735715 -2.866785 1e-06 1e-06 -0.0 1.291986 -1.92855 -1.49809 14.80014 0.567471 3.865611 14.242583 -1.341734 -6.660663 19.631985 0.143928 -0.648244 47.80727 -0.353212 -6.281221 0.353029 -1.511151 -0.03194 20.222805 3.684313 2.316632 18.787287 7e-06 -0.0 10.751636 -0.479867 1.397907 1e-06 -0.0 0.0 3.273809 0.305948 -0.580111 21.486834 11.830383 2.266137 8.162934 2e-06 2e-06 18.399096 -3.798985 -4.940578 2e-06 0.0 -0.0 33.682701 11.220908 -67.083817 -0.407501 -0.307563 138.731674 -8.283206 -28.700172 8.78861 1.597578 -1.803712 -5.317905 -0.0 0.0 2e-06 -19.224136 -4.531763 -72.164696 0.285454 0.139864 139.146393 -1.628821 12.605074 5.65532 -1.41995 0.995348 -2.716115 0.0 0.0 -1e-06 
0.0 0.0 0.0 0.0 -0.0 0.0 -1.183218 14.9997 -1.585669 2.683517 -3.249518 -72.626854 -0.478042 -0.899892 27.398325 -0.414125 0.501037 7.718511 -4.874442 -0.688498 35.02335 -7.093296 10.983237 35.454727 0.408159 1.180066 -3.508428 1.20259 0.562781 2.187197 7.7e-05 -2.2e-05 7e-06 -0.24486 0.264482 -0.034873 0.492045 -3.408003 -10.328629 -0.988208 3.932743 -10.23762 -3.445056 -6.713747 22.019688 -79.242683 14.426046 -7.931425 1.063095 -15.959867 0.078338 55.891361 6.14377 -28.751108 -5.882107 9.861284 0.702591 -10.936871 -0.360574 7.156204 1e-06 8.774823 -1e-06 -17.451645 17.744341 5.929832 -1.844033 2.498504 -2.507277 -10.163598 4.678944 4.621108 -20.976021 -2e-06 2e-06 -21.226284 2.451698 -3.593999 0.0 -6e-06 0.0 -1.362683 2.240798 -0.746322 -21.334913 0.584911 3.008323 -13.821214 -2e-06 2e-06 -23.887169 -0.249077 -0.839483 -61.875511 2.633964 -1.145245 -0.294026 1.679687 0.833256 -14.218208 0.093216 1.300581 -34.212048 -0.287561 0.96717 -20.033211 0.964537 1.212843 -0.0 0.0 -0.0 -3.440388 0.788233 0.501656 -15.928185 -3.167308 2.999706 -6.338826 -0.0 1e-06 -18.123444 3.648183 -4.90567 -4e-06 0.0 -2e-06 -7.609639 12.992023 17.007654 90.681099 -7.167876 -16.303608 -1.042554 19.388674 -0.260256 -60.501392 -39.225594 -8.124884 2.243541 -5.255036 -3.180156 14.282893 -0.826598 6.952506 -1e-06 -12.690604 1e-06 14.211801 -17.60821 4.076086 1.665666 -1.95592 -2.878298 4.727801 -4.170587 4.993926 11.020528 1e-06 1e-06 12.109053 -3.735718 -2.866783 1e-06 0.0 -0.0 1.291985 -1.92855 -1.49809 14.800129 0.567465 3.86561 14.242571 -1.341738 -6.660655 19.631969 0.143922 -0.648243 47.594181 -0.351407 -6.2459 0.35303 -1.511153 -0.03194 20.222795 3.684307 2.316633 18.787273 1e-06 2e-06 10.751629 -0.479871 1.397907 1e-06 -0.0 0.0 3.273808 0.305947 -0.58011 21.486816 11.830371 2.266137 8.16293 -0.0 0.0 18.399088 -3.798988 -4.940573 3e-06 0.0 -1e-06 34.289436 11.328288 -65.626411 -0.423609 -0.195625 139.337296 -8.065341 -28.890581 6.229093 1.605414 -1.768025 -5.462727 0.0 -0.0 2e-06 -20.298601 -4.441607 -71.842766 0.285942 0.102459 140.159134 -1.378379 13.375684 4.013731 -1.410744 0.960083 -2.843889 0.0 0.0 -1e-06 
0.0 0.0 0.0 0.0 -0.0 0.0 -1.196431 15.433842 -0.424062 3.126314 -2.911952 -72.538063 -0.372936 -1.235756 27.344687 -0.301145 0.444009 7.844366 -5.119945 -0.764925 35.555309 -7.310245 11.083429 36.739159 0.452442 0.967229 -3.504729 1.073225 0.33601 2.923846 7.7e-05 -2.3e-05 7e-06 -0.264185 0.264142 -0.038755 0.465062 -3.408847 -10.288512 -0.999477 3.929831 -10.192167 -6.001668 -5.434186 22.217426 -76.914902 14.204859 -8.286122 0.851345 -15.789949 0.04995 53.255539 5.277104 -28.927425 -5.882109 9.861291 0.702591 -10.936877 -0.360575 7.156209 1e-06 8.77483 -0.0 -17.597443 17.744576 5.807129 -1.844033 2.498505 -2.507279 -10.163605 4.678946 4.62111 -20.976034 -4e-06 2e-06 -21.226295 2.451697 -3.594001 -0.0 -6e-06 1e-06 -1.362681 2.240798 -0.746323 -21.334925 0.584909 3.008325 -13.82122 -3e-06 2e-06 -23.887182 -0.249079 -0.839483 -61.844391 2.641945 -1.140061 -0.294025 1.679688 0.833256 -14.218215 0.093215 1.300581 -34.212063 -0.287564 0.967171 -20.033222 0.964537 1.212844 -0.0 0.0 0.0 -3.440389 0.788234 0.501656 -15.928192 -3.167311 2.999708 -6.338829 -1e-06 1e-06 -18.123457 3.648184 -4.905673 -4e-06 0.0 -2e-06 -7.086254 12.353049 16.871555 90.530769 -7.499815 -17.525835 -1.17099 19.21068 -0.240584 -60.323215 -37.431229 -8.709095 2.243543 -5.25504 -3.180159 14.282896 -0.826595 6.952506 0.0 -12.690608 -3e-06 14.178873 -17.488396 4.088941 1.665667 -1.955923 -2.878299 4.727799 -4.170587 4.993925 11.020528 4e-06 -1e-06 12.109053 -3.735717 -2.866785 1e-06 0.0 -1e-06 1.291986 -1.92855 -1.49809 14.800131 0.567467 3.865608 14.242577 -1.341738 -6.66066 19.631971 0.143926 -0.648246 47.472946 -0.350338 -6.205226 0.353029 -1.51115 -0.03194 20.222795 3.684311 2.316631 18.787279 5e-06 0.0 10.751631 -0.479869 1.397907 1e-06 -0.0 -1e-06 3.273807 0.305948 -0.58011 21.486816 11.830377 2.266135 8.162928 2e-06 -1e-06 18.399086 -3.798985 -4.940577 2e-06 0.0 0.0 35.104618 11.428068 -64.058784 -0.440845 -0.120675 140.361191 -7.673982 -29.373058 3.904797 1.61792 -1.731946 -5.608142 0.0 0.0 2e-06 -21.94194 -4.308879 -71.142197 0.301475 0.072686 141.491226 -1.439092 14.522303 1.792155 -1.401374 0.908265 -3.00764 -0.0 1e-06 -1e-06 
0.0 0.0 0.0 0.0 -0.0 0.0 -1.143348 15.729004 1.025663 3.552585 -2.607491 -72.609779 -0.255096 -1.625093 27.168175 -0.174145 0.34827 7.945972 -5.316319 -0.994768 36.125782 -7.219346 10.873268 38.466171 0.464715 0.843061 -3.505008 0.927082 -0.009739 3.864436 7.7e-05 -2.2e-05 7e-06 -0.289616 0.274475 -0.042635 0.43628 -3.401666 -10.250724 -1.021522 3.940641 -10.146633 -8.457344 -4.027372 22.644186 -74.999168 14.181585 -8.688433 0.702667 -16.063242 0.025587 50.435631 4.476019 -29.247475 -5.882112 9.86129 0.702591 -10.936881 -0.360575 7.156211 2e-06 8.774831 -0.0 -17.66761 17.777781 5.703445 -1.844033 2.498505 -2.507278 -10.16361 4.678947 4.621112 -20.97604 -4e-06 4e-06 -21.226303 2.451699 -3.593999 -0.0 -6e-06 1e-06 -1.362682 2.240799 -0.746323 -21.334932 0.584909 3.008326 -13.821225 -3e-06 3e-06 -23.887188 -0.249079 -0.839481 -61.74696 2.645829 -1.150249 -0.294025 1.679688 0.833256 -14.218221 0.093214 1.300582 -34.212074 -0.287564 0.967174 -20.03323 0.964537 1.212847 0.0 0.0 0.0 -3.440392 0.788234 0.501656 -15.928201 -3.167312 2.999709 -6.338832 -1e-06 1e-06 -18.123461 3.648184 -4.905671 -4e-06 -0.0 -2e-06 -6.511296 11.481118 16.722647 90.108658 -8.29775 -19.018772 -1.107727 19.275654 -0.211367 -60.305611 -35.029842 -9.357585 2.243543 -5.255039 -3.18016 14.282897 -0.826595 6.952507 -1e-06 -12.690609 -0.0 14.110627 -17.418293 4.101414 1.665667 -1.955923 -2.878301 4.727802 -4.17059 4.993926 11.020535 4e-06 -1e-06 12.109058 -3.735717 -2.866786 2e-06 -0.0 -0.0 1.291987 -1.92855 -1.49809 14.800136 0.567468 3.86561 14.242578 -1.341736 -6.660661 19.631973 0.143926 -0.648245 47.439976 -0.350811 -6.180593 0.353029 -1.511148 -0.03194 20.222803 3.684311 2.316632 18.787283 4e-06 0.0 10.751633 -0.47987 1.397906 1e-06 1e-06 0.0 3.273808 0.305947 -0.580111 21.486824 11.83038 2.266135 8.16293 3e-06 -0.0 18.399092 -3.798985 -4.940577 3e-06 0.0 -0.0 36.326859 11.483009 -62.360298 -0.459776 -0.058442 141.745041 -7.067841 -30.173994 1.271252 1.628832 -1.69021 -5.760979 0.0 0.0 2e-06 -24.037695 -4.103313 -70.355263 0.32435 0.071084 143.124008 -1.711187 16.020874 -0.734437 -1.390016 0.848991 -3.196789 0.0 0.0 -1e-06 
0.0 0.0 0.0 0.0 -0.0 0.0 -1.054648 15.94305 2.736362 3.999158 -2.367551 -72.667046 -0.182314 -2.016515 26.882927 -0.038243 0.214761 8.065742 -5.428396 -1.343868 36.618427 -6.804839 10.210606 40.425945 0.450199 0.817143 -3.475342 0.686503 -0.353045 5.088156 7.7e-05 -2.2e-05 9e-06 -0.320164 0.284917 -0.050488 0.412421 -3.385237 -10.168953 -1.057953 3.941015 -10.059977 -10.629638 -2.518944 23.150703 -73.664536 14.341511 -9.279469 0.633553 -16.493925 -0.010081 47.544777 3.606613 -29.990217 -5.882106 9.861283 0.702589 -10.936872 -0.360574 7.156204 -1e-06 8.774822 -1e-06 -17.627752 17.873583 5.660849 -1.844032 2.498503 -2.507277 -10.163601 4.678944 4.621109 -20.976023 -2e-06 3e-06 -21.226286 2.451698 -3.594 -0.0 -6e-06 0.0 -1.362682 2.240798 -0.746323 -21.334913 0.584911 3.008323 -13.821213 -2e-06 2e-06 -23.887169 -0.249077 -0.839483 -61.613266 2.642015 -1.158863 -0.294024 1.679687 0.833256 -14.218207 0.093215 1.300581 -34.212048 -0.287562 0.96717 -20.033213 0.964537 1.212843 0.0 0.0 0.0 -3.440387 0.788233 0.501656 -15.928185 -3.167309 2.999707 -6.338825 -1e-06 1e-06 -18.123446 3.648183 -4.90567 -4e-06 -0.0 -1e-06 -5.997445 10.380451 16.583042 89.419655 -9.493263 -20.426849 -0.981031 19.70192 -0.235193 -60.412914 -32.261803 -9.708882 2.243541 -5.25504 -3.18016 14.282896 -0.826594 6.952509 0.0 -12.690607 -2e-06 14.055485 -17.387079 4.096253 1.665666 -1.955923 -2.878299 4.7278 -4.17059 4.993926 11.020528 2e-06 1e-06 12.109053 -3.735717 -2.866783 1e-06 -1e-06 -1e-06 1.291986 -1.928548 -1.498089 14.800129 0.567468 3.865611 14.242572 -1.341738 -6.660658 19.631969 0.143922 -0.648242 47.480446 -0.337726 -6.175091 0.353029 -1.511152 -0.03194 20.222792 3.68431 2.316636 18.787273 4e-06 5e-06 10.75163 -0.47987 1.39791 0.0 -1e-06 1e-06 3.273807 0.305949 -0.58011 21.486818 11.830378 2.26614 8.162928 0.0 2e-06 18.399084 -3.798988 -4.940574 3e-06 0.0 -0.0 38.085564 11.529292 -60.464844 -0.454695 -0.040256 143.393967 -6.161479 -31.497383 -1.803514 1.63748 -1.632354 -5.957523 0.0 -0.0 2e-06 -26.589851 -3.829788 -69.552353 0.365968 0.049311 144.999725 -2.15734 17.849516 -3.6273 -1.378501 0.783779 -3.434779 0.0 0.0 -1e-06 
0.0 0.0 0.0 0.0 -0.0 0.0 -0.949028 16.108047 4.520385 4.390359 -2.243763 -72.321953 -0.136873 -2.380546 26.620924 0.070462 0.047177 8.196663 -5.472479 -1.800319 36.941986 -6.153131 9.228034 42.009476 0.412152 0.780329 -3.42002 0.447615 -0.621544 6.170275 7.7e-05 -2.3e-05 7e-06 -0.350368 0.295651 -0.058547 0.393316 -3.368302 -10.056739 -1.098216 3.942594 -9.952 -12.263452 -1.228202 23.41585 -73.171097 14.625599 -10.128249 0.629775 -16.590551 -0.041824 44.845158 2.769526 -30.730196 -5.882109 9.86129 0.702591 -10.936872 -0.360577 7.156208 1e-06 8.77483 1e-06 -17.503645 17.958757 5.675582 -1.844034 2.498505 -2.507279 -10.163602 4.678947 4.62111 -20.97603 -5e-06 1e-06 -21.226294 2.451696 -3.594001 -0.0 -6e-06 1e-06 -1.362682 2.240799 -0.746323 -21.334921 0.584909 3.008324 -13.82122 -4e-06 1e-06 -23.887178 -0.249081 -0.839481 -61.489395 2.638959 -1.166088 -0.294024 1.679687 0.833257 -14.218214 0.093214 1.30058 -34.212059 -0.287568 0.967171 -20.033222 0.964535 1.212844 0.0 0.0 -0.0 -3.440388 0.788233 0.501656 -15.928191 -3.167312 2.999707 -6.338827 -2e-06 1e-06 -18.123447 3.648183 -4.905671 -5e-06 0.0 -1e-06 -5.393362 9.244645 16.479006 88.31041 -10.727009 -21.56345 -0.887679 20.277157 -0.271328 -60.141804 -29.684265 -10.025565 2.243542 -5.255033 -3.180158 14.282894 -0.826596 6.952501 -3e-06 -12.690605 3e-06 13.843086 -17.37396 4.097695 1.665667 -1.955922 -2.878299 4.727798 -4.170587 4.993925 11.020529 5e-06 -3e-06 12.109056 -3.735713 -2.866785 2e-06 -0.0 -1e-06 1.291986 -1.928548 -1.49809 14.800131 0.56747 3.865606 14.242576 -1.341735 -6.66066 19.631973 0.143928 -0.648246 47.403111 -0.314071 -6.189968 0.353028 -1.511154 -0.03194 20.222799 3.684313 2.316628 18.787279 9e-06 -1e-06 10.751632 -0.479867 1.397905 0.0 -0.0 -0.0 3.273809 0.305948 -0.580111 21.486814 11.83038 2.266127 8.162928 3e-06 -1e-06 18.399082 -3.798982 -4.940577 3e-06 0.0 -1e-06 40.264706 11.723218 -58.829929 -0.481346 0.014041 145.105896 -4.911658 -33.043549 -5.117545 1.641649 -1.594686 -6.069968 -0.0 0.0 2e-06 -29.315668 -3.581873 -69.101608 0.427877 0.012787 146.890396 -2.748899 19.781973 -6.659732 -1.373968 0.741722 -3.647885 0.0 0.0 -1e-06 
0.0 0.0 0.0 0.0 -0.0 0.0 -0.82051 16.097504 6.157796 4.668422 -2.230191 -71.484642 -0.112564 -2.69892 26.616854 0.107738 -0.167159 8.350042 -5.397606 -2.254647 37.290623 -5.493869 8.191085 42.740646 0.374441 0.689492 -3.374217 0.283125 -0.800167 6.512401 7.7e-05 -2.2e-05 7e-06 -0.353284 0.288638 -0.065491 0.398463 -3.36631 -9.989254 -1.109151 3.925193 -9.896628 -13.358212 -0.472368 23.381655 -73.317871 14.684572 -11.055156 0.616595 -16.175079 -0.076608 42.645679 2.471156 -31.399412 -5.882108 9.86129 0.70259 -10.936873 -0.360576 7.156208 -2e-06 8.77483 1e-06 -17.384024 17.943497 5.72966 -1.844035 2.498505 -2.507279 -10.163604 4.678948 4.62111 -20.976034 -5e-06 -0.0 -21.226297 2.451696 -3.594003 0.0 -6e-06 1e-06 -1.362683 2.240799 -0.746324 -21.334923 0.584909 3.008323 -13.821222 -3e-06 -0.0 -23.88718 -0.249081 -0.839485 -61.458328 2.640785 -1.145178 -0.294024 1.679688 0.833257 -14.218216 0.093214 1.300579 -34.212063 -0.287567 0.967169 -20.033222 0.964536 1.212843 0.0 -0.0 0.0 -3.440387 0.788233 0.501655 -15.928191 -3.167312 2.999706 -6.338829 -2e-06 1e-06 -18.123457 3.648182 -4.905674 -4e-06 0.0 -2e-06 -4.569695 8.237177 16.427505 86.708939 -11.455836 -22.044016 -0.972121 20.610317 -0.327765 -59.161987 -28.074797 -10.644284 2.243541 -5.255038 -3.180159 14.282893 -0.826595 6.952505 -1e-06 -12.690606 -1e-06 13.606699 -17.422735 4.149996 1.665667 -1.955922 -2.878299 4.727798 -4.170588 4.993925 11.020529 3e-06 -1e-06 12.109052 -3.735718 -2.866786 1e-06 -0.0 0.0 1.291985 -1.92855 -1.49809 14.800131 0.567472 3.86561 14.242576 -1.341737 -6.660659 19.631969 0.143925 -0.648245 47.292374 -0.291215 -6.228153 0.353029 -1.511151 -0.03194 20.222797 3.684309 2.316632 18.787275 6e-06 1e-06 10.75163 -0.47987 1.397907 1e-06 -0.0 -0.0 3.273807 0.305946 -0.58011 21.48682 11.830376 2.266134 8.16293 2e-06 -1e-06 18.399082 -3.798985 -4.940577 3e-06 0.0 -0.0 42.490704 11.90659 -58.107342 -0.552011 0.139542 146.771011 -3.754769 -34.422581 -8.055456 1.648108 -1.586698 -6.129824 -0.0 -0.0 2e-06 -31.999472 -3.339062 -69.509758 0.497139 -0.065143 148.620712 -2.967954 21.700855 -9.08925 -1.373853 0.703371 -3.782955 0.0 0.0 -1e-06 
0.0 0.0 0.0 0.0 -0.0 0.0 -0.698318 16.025478 7.601634 4.777533 -2.314495 -70.157211 -0.102973 -2.995759 26.903322 0.113171 -0.395712 8.623934 -5.232705 -2.759778 37.719959 -4.948222 7.225993 42.468029 0.350283 0.570407 -3.355521 0.180001 -0.879425 6.089784 7.7e-05 -2.2e-05 5e-06 -0.344503 0.285233 -0.071867 0.400752 -3.362685 -9.927211 -1.093645 3.913899 -9.852197 -14.247939 -0.181927 23.126251 -73.572929 14.222429 -12.12684 0.58037 -15.381964 -0.083659 40.84269 2.611425 -31.773958 -5.882102 9.861281 0.702589 -10.936869 -0.360575 7.156204 -1e-06 8.774821 -1e-06 -17.356058 17.813911 5.747655 -1.84403 2.498503 -2.507277 -10.163595 4.678941 4.621109 -20.976013 -3e-06 1e-06 -21.226276 2.451696 -3.594 0.0 -6e-06 -2e-06 -1.36268 2.240798 -0.746324 -21.334904 0.58491 3.008323 -13.821206 -2e-06 0.0 -23.887157 -0.249078 -0.839484 -61.52597 2.621459 -1.112604 -0.294025 1.679687 0.833255 -14.218201 0.093215 1.30058 -34.212029 -0.287563 0.96717 -20.033205 0.964536 1.212842 0.0 -0.0 0.0 -3.440389 0.788233 0.501656 -15.928179 -3.167308 2.999706 -6.338825 -1e-06 1e-06 -18.123434 3.648181 -4.905669 -4e-06 -0.0 -1e-06 -3.463186 7.352741 16.265247 84.585587 -11.49407 -22.031153 -1.110044 20.394873 -0.356311 -57.31741 -27.126577 -11.708315 2.243542 -5.255038 -3.180159 14.282894 -0.826596 6.952503 0.0 -12.690605 -0.0 13.417649 -17.526743 4.214812 1.665667 -1.955921 -2.878299 4.7278 -4.170587 4.993925 11.020529 2e-06 -0.0 12.109056 -3.735717 -2.866785 2e-06 -0.0 -1e-06 1.291986 -1.92855 -1.49809 14.800132 0.567468 3.865609 14.242577 -1.341736 -6.660659 19.631971 0.143925 -0.648246 47.185265 -0.271727 -6.284148 0.353029 -1.511151 -0.03194 20.222795 3.684307 2.316631 18.787279 4e-06 -1e-06 10.751629 -0.47987 1.397905 1e-06 -0.0 -1e-06 3.273808 0.305946 -0.580111 21.486818 11.830376 2.266132 8.16293 1e-06 -1e-06 18.399088 -3.798986 -4.940577 2e-06 0.0 -0.0 44.635757 12.073041 -58.195801 -0.662288 0.301215 148.288254 -2.855257 -35.52914 -10.590573 1.663386 -1.583315 -6.077503 0.0 0.0 2e-06 -34.40913 -3.285628 -70.506203 0.588662 -0.160419 150.12059 -2.842996 23.47283 -11.014337 -1.378181 0.670124 -3.818658 -0.0 0.0 -1e-06 
0.0 0.0 0.0 0.0 -0.0 0.0 -0.601657 16.012829 8.825572 4.735539 -2.492493 -68.241135 -0.085025 -3.230043 27.349911 0.0817 -0.632211 9.03648 -4.926532 -3.217849 38.323254 -4.557996 6.426169 41.350193 0.402251 0.436598 -3.364679 0.064375 -0.824699 5.04461 7.7e-05 -2.2e-05 5e-06 -0.320481 0.278072 -0.077813 0.414017 -3.363567 -9.892131 -1.058427 3.900099 -9.843046 -15.044095 -0.385478 22.672054 -73.430321 13.254298 -12.85118 0.422859 -14.804683 -0.062163 39.305103 3.072343 -31.61882 -5.882111 9.861289 0.70259 -10.936875 -0.360572 7.156208 1e-06 8.774828 0.0 -17.318237 17.597761 5.776125 -1.844034 2.498505 -2.507279 -10.163604 4.678948 4.621112 -20.976034 -2e-06 1e-06 -21.226299 2.451699 -3.594003 0.0 -6e-06 -2e-06 -1.36268 2.240799 -0.746324 -21.334925 0.584912 3.008324 -13.82122 -1e-06 1e-06 -23.887182 -0.249078 -0.839484 -61.611748 2.567147 -1.050883 -0.294025 1.679688 0.833256 -14.218215 0.093216 1.300581 -34.212055 -0.287562 0.967169 -20.033224 0.964538 1.212843 -0.0 0.0 -0.0 -3.44039 0.788233 0.501657 -15.928192 -3.167308 2.999708 -6.338829 -1e-06 1e-06 -18.123457 3.648185 -4.905674 -4e-06 -1e-06 -1e-06 -1.804116 6.531488 16.061251 81.867538 -10.645083 -21.453499 -1.227056 19.515848 -0.36614 -54.456264 -26.873865 -13.271043 2.243541 -5.255038 -3.180157 14.282887 -0.826597 6.9525 -1e-06 -12.690604 0.0 13.300882 -17.604609 4.24557 1.665666 -1.955922 -2.878298 4.727797 -4.170588 4.993923 11.020523 3e-06 -0.0 12.109048 -3.735717 -2.866785 1e-06 0.0 0.0 1.291985 -1.928549 -1.498089 14.800122 0.567465 3.865607 14.242567 -1.341741 -6.660658 19.631958 0.143925 -0.648246 47.048916 -0.243268 -6.333272 0.35303 -1.511148 -0.031939 20.222784 3.684306 2.316629 18.78727 3e-06 -1e-06 10.751624 -0.479867 1.397905 0.0 -0.0 0.0 3.273805 0.305947 -0.580111 21.486803 11.830368 2.266131 8.162924 -0.0 -2e-06 18.399076 -3.798986 -4.940576 3e-06 1e-06 -1e-06 46.488453 12.365124 -58.9869 -0.844197 0.482969 149.571564 -2.271618 -36.07674 -12.802007 1.685154 -1.58104 -5.958291 0.0 0.0 2e-06 -36.360283 -3.519439 -71.951836 0.705337 -0.290954 151.34343 -2.467711 24.965794 -12.583365 -1.384081 0.62903 -3.814775 -0.0 -0.0 -1e-06 
0.0 0.0 0.0 0.0 -0.0 0.0 -0.507913 16.183449 9.788181 4.507404 -2.79602 -65.6707 0.022518 -3.375954 27.812922 -0.033551 -0.918198 9.566101 -4.493484 -3.600335 39.082527 -4.395466 5.890028 39.626301 0.492282 0.400033 -3.393472 -0.06413 -0.690976 3.409971 7.7e-05 -2.3e-05 5e-06 -0.289727 0.271843 -0.078255 0.434867 -3.358406 -9.880959 -1.018033 3.884843 -9.861622 -15.565428 -1.161917 22.184042 -72.733536 11.852806 -13.098953 -0.092394 -15.088391 0.013546 37.796101 3.503409 -30.402617 -5.882111 9.861289 0.70259 -10.936875 -0.360574 7.156209 -1e-06 8.774826 -2e-06 -17.222788 17.374804 5.81752 -1.844035 2.498506 -2.507279 -10.163605 4.678947 4.62111 -20.976034 0.0 3e-06 -21.226299 2.4517 -3.594001 0.0 -6e-06 -1e-06 -1.362682 2.2408 -0.746323 -21.334929 0.584911 3.008327 -13.821221 0.0 1e-06 -23.887184 -0.249075 -0.839484 -61.712193 2.497117 -0.980104 -0.294025 1.679688 0.833256 -14.218217 0.093216 1.300582 -34.212067 -0.287559 0.967171 -20.033226 0.964539 1.212844 -0.0 0.0 0.0 -3.440388 0.788233 0.501656 -15.928192 -3.167309 2.999711 -6.33883 -0.0 2e-06 -18.123457 3.648186 -4.905673 -4e-06 0.0 -1e-06 0.326668 5.925711 15.899685 78.788567 -8.86538 -20.073397 -1.300669 18.175997 -0.329714 -50.519375 -27.463091 -15.240816 2.243543 -5.255041 -3.18016 14.282898 -0.826596 6.952507 1e-06 -12.690609 -1e-06 13.350176 -17.625565 4.199685 1.665667 -1.955925 -2.878301 4.727803 -4.17059 4.993925 11.020534 3e-06 -0.0 12.109058 -3.735717 -2.866784 1e-06 1e-06 0.0 1.291986 -1.928551 -1.49809 14.800136 0.567467 3.865611 14.24258 -1.341737 -6.660661 19.631977 0.143923 -0.648245 46.973495 -0.228438 -6.353868 0.35303 -1.511153 -0.03194 20.222801 3.684309 2.316634 18.787283 3e-06 3e-06 10.751634 -0.479871 1.397907 0.0 0.0 0.0 3.273808 0.305949 -0.580111 21.486826 11.830376 2.266138 8.16293 2e-06 1e-06 18.399096 -3.798989 -4.940578 4e-06 0.0 1e-06 47.854813 12.840839 -60.348389 -1.067012 0.658371 150.557129 -1.990321 -36.048439 -14.811407 1.706988 -1.588533 -5.756951 0.0 -0.0 2e-06 -37.570557 -4.183897 -73.619576 0.833146 -0.414653 152.185699 -1.943038 26.002012 -13.925901 -1.392657 0.597036 -3.854335 -0.0 -0.0 -1e-06 
0.0 0.0 0.0 0.0 -0.0 0.0 -0.466302 16.52984 10.492871 4.048259 -3.209577 -62.490192 0.19889 -3.40272 28.258392 -0.164756 -1.219629 10.098752 -3.959001 -3.88452 39.873474 -4.494194 5.705735 37.527203 0.648378 0.427679 -3.417568 -0.216862 -0.42204 1.339522 7.7e-05 -2.3e-05 8e-06 -0.254738 0.258056 -0.073352 0.464285 -3.35405 -9.897869 -0.978159 3.855527 -9.910409 -15.35801 -2.538566 21.670151 -71.732666 10.329236 -13.116462 -0.911407 -16.620749 0.130973 36.06374 3.587324 -27.561256 -5.882108 9.861288 0.702591 -10.936872 -0.360573 7.156205 -2e-06 8.774829 -1e-06 -17.11912 17.201332 5.851213 -1.844033 2.498505 -2.507278 -10.163604 4.678948 4.621109 -20.976032 -5e-06 -1e-06 -21.226294 2.451694 -3.594002 1e-06 -6e-06 1e-06 -1.36268 2.240798 -0.746324 -21.334917 0.584908 3.008322 -13.821218 -3e-06 0.0 -23.887178 -0.249081 -0.839485 -61.817078 2.436678 -0.911487 -0.294026 1.67969 0.833256 -14.218211 0.093214 1.300578 -34.212048 -0.287567 0.967166 -20.033215 0.964535 1.212842 -0.0 -0.0 -1e-06 -3.440388 0.788233 0.501655 -15.928189 -3.167311 2.999706 -6.338828 -1e-06 0.0 -18.123451 3.648183 -4.905674 -3e-06 -0.0 -2e-06 2.681125 5.585855 15.869571 75.780174 -6.327495 -18.140341 -1.148718 16.823256 -0.247919 -45.461952 -28.535522 -17.367949 2.243542 -5.255039 -3.180159 14.282889 -0.826593 6.952501 -3e-06 -12.690605 -1e-06 13.654492 -17.547623 4.00129 1.665667 -1.95592 -2.878299 4.727797 -4.170588 4.993922 11.020527 5e-06 -3e-06 12.109052 -3.735715 -2.866786 2e-06 1e-06 1e-06 1.291985 -1.92855 -1.49809 14.800129 0.567471 3.865607 14.242573 -1.341735 -6.660662 19.631969 0.143929 -0.648245 47.030018 -0.212829 -6.344369 0.353029 -1.51115 -0.03194 20.222788 3.684312 2.316627 18.78727 1e-05 -2e-06 10.751625 -0.479865 1.397906 -1e-06 0.0 0.0 3.273807 0.305947 -0.580111 21.486818 11.83038 2.266132 8.162927 3e-06 -0.0 18.399078 -3.798981 -4.940578 3e-06 1e-06 -1e-06 48.795761 13.357378 -62.344643 -1.29959 0.823187 151.215302 -2.113874 -35.655529 -16.493837 1.719663 -1.615185 -5.482537 -0.0 -0.0 2e-06 -37.811863 -5.323041 -75.490799 0.946115 -0.549324 152.711334 -1.392368 26.416824 -15.075315 -1.401737 0.576261 -3.872623 -0.0 -0.0 -1e-06 
0.0 0.0 0.0 0.0 -0.0 0.0 -0.461996 17.045593 10.906327 3.279739 -3.710669 -58.697792 0.49083 -3.310896 28.742853 -0.263422 -1.546591 10.619972 -3.336387 -4.136013 40.4156 -4.862429 5.796342 35.069973 0.853787 0.548886 -3.433641 -0.420633 -0.026847 -1.057245 7.7e-05 -2.3e-05 7e-06 -0.224682 0.241875 -0.068857 0.487393 -3.342668 -9.895882 -0.939901 3.813426 -9.935012 -14.01456 -4.22848 21.053621 -70.655487 8.955503 -12.887826 -1.928549 -19.45949 0.32065 34.132694 3.49474 -23.553577 -5.882106 9.86129 0.702592 -10.936873 -0.360577 7.156208 2e-06 8.77483 1e-06 -16.962492 17.138504 5.868482 -1.844034 2.498506 -2.507279 -10.163604 4.678949 4.62111 -20.97603 -8e-06 -0.0 -21.226295 2.451694 -3.594003 -0.0 -6e-06 1e-06 -1.362681 2.240799 -0.746323 -21.334923 0.584907 3.008323 -13.82122 -4e-06 1e-06 -23.887178 -0.249083 -0.839483 -61.796894 2.389057 -0.86317 -0.294024 1.679689 0.833256 -14.218211 0.093213 1.30058 -34.212063 -0.28757 0.96717 -20.033218 0.964535 1.212845 -1e-06 0.0 1e-06 -3.440389 0.788234 0.501655 -15.928192 -3.167313 2.999707 -6.33883 -2e-06 1e-06 -18.123453 3.648182 -4.905672 -4e-06 -0.0 -1e-06 4.83186 5.495921 15.982473 73.293411 -3.300609 -15.645597 -0.8294 15.905117 -0.162893 -39.137405 -29.744883 -19.298771 2.243543 -5.255037 -3.180159 14.282897 -0.826595 6.952506 -4e-06 -12.690609 0.0 14.20612 -17.288601 3.669669 1.665668 -1.955922 -2.8783 4.727801 -4.170588 4.993927 11.020535 5e-06 -3e-06 12.109059 -3.735716 -2.866785 1e-06 1e-06 -1e-06 1.291986 -1.92855 -1.49809 14.800139 0.56747 3.865608 14.242583 -1.341733 -6.66066 19.631983 0.143931 -0.648247 47.184135 -0.200827 -6.283441 0.353029 -1.511152 -0.03194 20.222803 3.684314 2.316628 18.787283 6e-06 -3e-06 10.751635 -0.479866 1.397908 0.0 0.0 -0.0 3.273809 0.305947 -0.580112 21.486828 11.830381 2.266131 8.162933 2e-06 -2e-06 18.399096 -3.798983 -4.940576 2e-06 -0.0 -1e-06 49.258057 13.921919 -65.191925 -1.519141 0.990544 151.548065 -2.611275 -34.910038 -17.693882 1.727573 -1.632149 -5.082561 -0.0 0.0 2e-06 -36.819431 -6.951337 -77.682449 1.050817 -0.663764 152.889084 -0.831817 26.123558 -15.921941 -1.409607 0.578953 -3.813832 -0.0 -0.0 -1e-06 
0.0 0.0 0.0 0.0 -0.0 0.0 -0.418183 17.8792 10.990364 2.243857 -4.29811 -54.156075 0.818151 -3.136913 29.295437 -0.236278 -1.740621 11.03193 -2.651752 -4.432834 40.513794 -5.516315 6.071157 32.079849 1.111058 0.754291 -3.441906 -0.723307 0.509534 -3.730864 7.7e-05 -2.3e-05 7e-06 -0.189988 0.215026 -0.06193 0.51223 -3.333293 -9.893566 -0.893789 3.750903 -9.949599 -11.47162 -5.970523 20.172087 -69.662445 7.98429 -12.594164 -2.920516 -23.641474 0.579465 32.314533 3.742527 -19.097466 -5.882107 9.861288 0.702591 -10.936872 -0.360575 7.156209 1e-06 8.774828 -0.0 -16.907244 17.157114 5.919785 -1.844033 2.498505 -2.507279 -10.163601 4.678945 4.621109 -20.976027 -6e-06 1e-06 -21.226292 2.451694 -3.594001 0.0 -7e-06 1e-06 -1.362681 2.240799 -0.746323 -21.334917 0.584906 3.008325 -13.821213 -3e-06 2e-06 -23.887171 -0.249081 -0.839482 -61.936619 2.382538 -0.838955 -0.294024 1.679688 0.833256 -14.218214 0.093213 1.30058 -34.212059 -0.287566 0.967173 -20.033218 0.964536 1.212846 0.0 -0.0 0.0 -3.440388 0.788234 0.501656 -15.928189 -3.167313 2.999709 -6.338827 -2e-06 1e-06 -18.123447 3.648182 -4.905672 -5e-06 -1e-06 -2e-06 6.616985 5.60953 16.19252 71.329842 -0.067169 -12.364976 -0.508508 15.76516 -0.121308 -31.085356 -30.810802 -20.377398 2.24354 -5.255037 -3.180157 14.282889 -0.826594 6.952503 -2e-06 -12.690601 -1e-06 14.930088 -16.630381 3.284106 1.665666 -1.955922 -2.8783 4.727797 -4.170588 4.993923 11.020524 2e-06 -1e-06 12.109052 -3.735716 -2.866785 1e-06 2e-06 1e-06 1.291986 -1.928549 -1.498089 14.800125 0.567467 3.86561 14.242569 -1.341738 -6.660658 19.63196 0.143924 -0.648244 47.549801 -0.188015 -6.0768 0.353029 -1.511151 -0.03194 20.222786 3.684311 2.316633 18.78727 4e-06 -1e-06 10.751625 -0.47987 1.397906 -0.0 -0.0 -1e-06 3.273806 0.305946 -0.580109 21.486809 11.830372 2.266135 8.162926 1e-06 -1e-06 18.39908 -3.798984 -4.940577 3e-06 -0.0 -1e-06 48.888973 14.548635 -68.73568 -1.705355 1.142684 151.507004 -3.541755 -33.494274 -18.617083 1.727363 -1.647094 -4.530962 0.0 0.0 2e-06 -34.558498 -8.913584 -80.223167 1.125296 -0.760699 152.529236 -0.2631 25.14208 -16.541231 -1.410886 0.603335 -3.703771 -0.0 -0.0 -1e-06 
0.0 0.0 0.0 0.0 -0.0 0.0 -0.218083 19.110371 10.805522 1.117236 -4.959581 -48.819035 1.139867 -2.900296 29.840759 -0.127348 -1.772652 11.290333 -1.899846 -4.704079 40.072777 -6.447667 6.39432 28.543772 1.364712 1.006073 -3.470106 -1.084038 1.10604 -6.693801 7.7e-05 -2.2e-05 4e-06 -0.154687 0.184131 -0.049106 0.532015 -3.327669 -9.903781 -0.841577 3.683558 -9.964118 -8.179846 -7.503916 18.919073 -68.694565 7.533022 -12.730087 -3.842388 -29.298527 0.903811 30.885027 4.486169 -15.216977 -5.882107 9.861284 0.702591 -10.936871 -0.360575 7.156205 3e-06 8.774824 -1e-06 -16.864491 17.223965 6.046717 -1.844033 2.498504 -2.507277 -10.163601 4.678944 4.621108 -20.976021 -5e-06 3e-06 -21.226284 2.451696 -3.593998 0.0 -7e-06 -0.0 -1.362682 2.240797 -0.746323 -21.334913 0.584908 3.008324 -13.821213 -3e-06 2e-06 -23.887169 -0.249078 -0.839481 -62.186211 2.407094 -0.830924 -0.294025 1.679687 0.833256 -14.218208 0.093214 1.30058 -34.212051 -0.287564 0.967173 -20.033211 0.964537 1.212844 0.0 -0.0 -0.0 -3.440388 0.788234 0.501656 -15.928185 -3.167311 2.999708 -6.338825 -1e-06 2e-06 -18.123446 3.648183 -4.905668 -4e-06 -1e-06 -2e-06 8.105141 6.002621 16.401705 69.682274 3.198347 -8.926332 -0.328683 16.308662 -0.192379 -21.24231 -30.691172 -19.23645 2.243542 -5.255039 -3.180159 14.282894 -0.826591 6.952505 -4e-06 -12.690607 -1e-06 15.257063 -15.662418 3.173895 1.665666 -1.955921 -2.878299 4.727798 -4.170588 4.993925 11.020528 4e-06 -2e-06 12.109054 -3.735715 -2.866787 -0.0 1e-06 -0.0 1.291986 -1.928548 -1.498092 14.800134 0.567471 3.865608 14.242573 -1.341734 -6.66066 19.631969 0.143929 -0.648246 48.096951 -0.197088 -5.704126 0.353029 -1.51115 -0.031939 20.222794 3.684314 2.31663 18.787273 7e-06 -1e-06 10.751629 -0.479865 1.397908 -0.0 -0.0 -0.0 3.273808 0.305948 -0.580111 21.48682 11.830381 2.266132 8.16293 2e-06 -0.0 18.399088 -3.798985 -4.940576 2e-06 2e-06 -2e-06 47.530918 15.225363 -72.670067 -1.769533 1.208755 151.15535 -4.972572 -31.391474 -19.518454 1.715291 -1.696615 -3.833925 -0.0 0.0 2e-06 -31.493238 -10.89155 -83.240196 1.141785 -0.779212 151.50676 0.458304 23.99189 -16.93144 -1.40287 0.626128 -3.447537 -0.0 0.0 -1e-06 
0.0 0.0 0.0 0.0 -0.0 0.0 0.149549 21.073692 10.450575 0.100504 -5.627265 -42.702854 1.393519 -2.600025 30.301319 0.012348 -1.57751 11.374434 -1.074449 -4.9623 39.143608 -7.589064 6.61063 24.437641 1.557702 1.252859 -3.518326 -1.400793 1.75089 -10.009415 7.7e-05 -2.3e-05 5e-06 -0.113789 0.145917 -0.034913 0.544719 -3.350771 -9.971933 -0.770505 3.627105 -10.022491 -4.989639 -8.768045 17.394262 -67.364243 7.073771 -13.433498 -4.551361 -35.876244 1.342988 30.013706 5.467573 -13.128714 -5.882108 9.861288 0.702592 -10.936877 -0.360574 7.156208 0.0 8.774826 -0.0 -16.73983 17.264938 6.233447 -1.844032 2.498506 -2.507277 -10.163604 4.678946 4.621109 -20.97603 -4e-06 2e-06 -21.226294 2.451698 -3.594001 0.0 -7e-06 -0.0 -1.362682 2.240798 -0.746323 -21.334921 0.58491 3.008324 -13.821217 -2e-06 2e-06 -23.887175 -0.249077 -0.839482 -62.288845 2.479316 -0.822624 -0.294025 1.679688 0.833256 -14.21821 0.093216 1.300581 -34.212063 -0.287562 0.967171 -20.033218 0.964537 1.212844 -1e-06 0.0 0.0 -3.440388 0.788234 0.501655 -15.928189 -3.16731 2.999707 -6.338826 -1e-06 -0.0 -18.123451 3.648184 -4.905672 -4e-06 -1e-06 -2e-06 9.618907 6.840429 16.581953 67.971733 6.792421 -5.969983 -0.512678 16.934914 -0.339301 -11.347968 -29.621552 -14.899754 2.243543 -5.255039 -3.18016 14.282896 -0.826594 6.952507 -4e-06 -12.69061 1e-06 14.723417 -14.953488 3.529274 1.665667 -1.955923 -2.8783 4.727799 -4.170589 4.993927 11.020529 3e-06 -1e-06 12.109055 -3.735717 -2.866786 1e-06 -0.0 0.0 1.291985 -1.928552 -1.498091 14.800134 0.567469 3.865609 14.242577 -1.341735 -6.660662 19.631975 0.143928 -0.648246 48.931629 -0.275118 -5.30986 0.353029 -1.51115 -0.03194 20.222801 3.684315 2.31663 18.787283 5e-06 -1e-06 10.751633 -0.479868 1.397907 -1e-06 2e-06 -0.0 3.273808 0.305948 -0.580111 21.486824 11.830383 2.266134 8.16293 3e-06 -2e-06 18.399088 -3.798986 -4.940577 2e-06 -0.0 -2e-06 44.940411 15.799156 -76.05603 -1.618225 1.104646 150.268936 -6.534418 -28.60948 -21.241299 1.69181 -1.795158 -3.162381 -0.0 0.0 2e-06 -27.975925 -12.558341 -85.989029 1.078955 -0.693365 149.634354 1.005826 22.708271 -17.868685 -1.399724 0.642751 -3.211076 0.0 0.0 -1e-06 
0.0 0.0 0.0 0.0 -0.0 0.0 0.626435 23.825867 10.026862 -0.559753 -6.244165 -36.172916 1.547141 -2.252952 30.617348 0.073618 -1.260965 11.297252 -0.244769 -5.10891 37.884644 -8.765541 6.646058 20.056032 1.65299 1.358227 -3.566279 -1.592412 2.337609 -13.50968 7.7e-05 -2.2e-05 6e-06 -0.06309 0.095003 -0.018529 0.555904 -3.405794 -10.071683 -0.679218 3.578039 -10.107123 -2.461305 -9.835558 15.828538 -65.614456 6.116305 -15.11321 -4.994977 -42.86031 1.840984 29.632076 6.022648 -12.717134 -5.882106 9.86129 0.702593 -10.936878 -0.360575 7.15621 4e-06 8.77483 0.0 -16.50318 17.294807 6.36976 -1.844033 2.498504 -2.507279 -10.163602 4.678947 4.621113 -20.976032 -5e-06 4e-06 -21.226292 2.451696 -3.593998 0.0 -6e-06 -1e-06 -1.362681 2.240799 -0.746323 -21.334925 0.584908 3.008326 -13.821218 -4e-06 3e-06 -23.887178 -0.249079 -0.839479 -62.002613 2.581261 -0.81737 -0.294024 1.679688 0.833256 -14.218214 0.093213 1.300582 -34.212067 -0.287567 0.967177 -20.033226 0.964539 1.212847 -1e-06 1e-06 0.0 -3.440389 0.788234 0.501657 -15.928192 -3.167312 2.999709 -6.338829 -2e-06 2e-06 -18.123453 3.648184 -4.905668 -4e-06 -1e-06 -2e-06 11.149818 8.220371 16.661806 66.099754 10.785939 -4.108626 -0.739124 17.290037 -0.456856 -3.858636 -28.654129 -8.959408 2.243542 -5.255041 -3.180159 14.282898 -0.826595 6.952507 -3e-06 -12.690617 0.0 13.848143 -15.176209 4.060829 1.665667 -1.955922 -2.8783 4.7278 -4.170591 4.993927 11.02053 5e-06 -0.0 12.109056 -3.735719 -2.866786 0.0 0.0 1e-06 1.291986 -1.928552 -1.49809 14.800136 0.56747 3.865609 14.242579 -1.341738 -6.660661 19.631975 0.143929 -0.648245 49.855312 -0.445212 -5.220706 0.353028 -1.511154 -0.03194 20.222801 3.684315 2.316632 18.787283 6e-06 0.0 10.751633 -0.47987 1.397906 -1e-06 1e-06 -0.0 3.273808 0.305948 -0.580111 21.486826 11.830387 2.266135 8.16293 2e-06 -0.0 18.39909 -3.798986 -4.940577 2e-06 -0.0 -2e-06 41.031643 16.14999 -78.504761 -1.311746 0.87145 148.645981 -7.938614 -25.12818 -23.852915 1.668367 -1.903388 -2.693989 -0.0 -0.0 2e-06 -24.518982 -13.612084 -88.1791 0.926542 -0.523377 146.90509 1.484626 21.290831 -19.290089 -1.399939 0.678561 -3.022489 0.0 0.0 -1e-06 
0.0 0.0 0.0 0.0 -0.0 0.0 1.128273 27.214359 9.724121 -0.871909 -6.728334 -29.766771 1.611269 -1.939415 30.755157 0.046142 -0.94246 11.109098 0.527667 -5.123513 36.491657 -9.816433 6.497856 15.724412 1.607189 1.323881 -3.60515 -1.639534 2.81331 -16.901791 7.7e-05 -2.3e-05 7e-06 -0.014144 0.042431 -0.001545 0.559822 -3.475335 -10.173903 -0.582747 3.540526 -10.187272 -0.442928 -10.706397 14.234247 -63.904575 4.706877 -17.97611 -5.44995 -50.345474 2.51512 30.079737 5.842149 -13.26886 -5.88211 9.861288 0.70259 -10.936872 -0.360572 7.156208 1e-06 8.774828 1e-06 -16.154963 17.458937 6.41991 -1.844032 2.498505 -2.507279 -10.1636 4.678947 4.62111 -20.976028 -3e-06 -0.0 -21.22629 2.451698 -3.594002 0.0 -6e-06 -1e-06 -1.362683 2.240798 -0.746323 -21.334919 0.584912 3.008322 -13.821217 -2e-06 0.0 -23.887177 -0.249079 -0.839484 -61.246647 2.690131 -0.828101 -0.294025 1.679688 0.833257 -14.21821 0.093216 1.30058 -34.212059 -0.287563 0.967165 -20.033218 0.964537 1.21284 -1e-06 0.0 1e-06 -3.440391 0.788234 0.501656 -15.928189 -3.167308 2.999707 -6.338829 -1e-06 0.0 -18.123453 3.648185 -4.905671 -4e-06 -0.0 -1e-06 12.348356 9.972713 16.654608 64.087303 15.006091 -3.22299 -0.620416 17.468697 -0.495299 1.373235 -28.041092 -3.932195 2.243544 -5.255042 -3.180161 14.282905 -0.826596 6.952513 -2e-06 -12.690618 1e-06 13.126054 -15.786942 4.443263 1.665668 -1.955924 -2.878302 4.727804 -4.170594 4.993931 11.020539 3e-06 1e-06 12.109064 -3.73572 -2.866786 0.0 0.0 1e-06 1.291987 -1.928552 -1.498091 14.800144 0.567467 3.865613 14.242587 -1.341737 -6.660664 19.63199 0.143925 -0.648245 50.228188 -0.620338 -5.364869 0.353029 -1.511152 -0.03194 20.222816 3.684315 2.316636 18.787296 5e-06 2e-06 10.751639 -0.479871 1.397908 -1e-06 -1e-06 -1e-06 3.27381 0.305948 -0.580111 21.486835 11.830384 2.266138 8.162937 -1e-06 -0.0 18.399101 -3.79899 -4.940578 2e-06 -1e-06 -1e-06 36.411053 16.09104 -79.94722 -0.923219 0.59243 146.256302 -8.951497 -21.474478 -27.030088 1.655031 -1.989152 -2.37537 0.0 1e-06 2e-06 -21.505156 -14.117052 -89.444817 0.791063 -0.359396 143.537231 1.907124 19.761869 -21.114363 -1.405703 0.717353 -2.792461 0.0 0.0 -1e-06 
0.0 0.0 0.0 0.0 -0.0 0.0 1.653077 30.905365 9.643189 -0.916625 -7.0786 -24.032448 1.596383 -1.678953 30.737885 -0.030683 -0.710973 10.865684 1.206625 -5.007453 35.080402 -10.639677 6.189751 11.775665 1.497611 1.232026 -3.637299 -1.527794 3.139272 -19.879299 7.7e-05 -2.3e-05 7e-06 0.029494 -0.012631 0.013685 0.567058 -3.546199 -10.239285 -0.50216 3.500631 -10.228293 1.466592 -11.441981 12.605384 -62.934334 2.924533 -21.632011 -6.238706 -58.187618 3.458352 31.804066 5.159992 -13.95404 -5.882111 9.861293 0.702591 -10.93688 -0.360574 7.156211 -1e-06 8.77483 -0.0 -15.899542 17.80311 6.38075 -1.844032 2.498506 -2.507279 -10.163604 4.678948 4.621112 -20.976038 -1e-06 1e-06 -21.226301 2.451699 -3.594004 0.0 -6e-06 -1e-06 -1.362682 2.240799 -0.746323 -21.334929 0.584911 3.008325 -13.821221 -1e-06 1e-06 -23.887186 -0.249078 -0.839484 -60.444511 2.764087 -0.871328 -0.294027 1.679688 0.833257 -14.218219 0.093216 1.300582 -34.212078 -0.287561 0.967168 -20.03323 0.964539 1.212842 -0.0 -0.0 0.0 -3.440393 0.788234 0.501656 -15.928196 -3.16731 2.999708 -6.338829 -1e-06 1e-06 -18.123459 3.648187 -4.905674 -5e-06 0.0 -2e-06 12.93161 11.80507 16.572321 62.009438 19.162542 -2.898015 -0.197092 17.80201 -0.5027 5.34301 -27.154757 -0.797726 2.243543 -5.255042 -3.18016 14.282899 -0.826596 6.952511 -0.0 -12.690613 1e-06 12.786924 -16.383089 4.5791 1.665667 -1.955924 -2.878302 4.727802 -4.170592 4.993929 11.020532 3e-06 0.0 12.109057 -3.735719 -2.866785 1e-06 1e-06 0.0 1.291986 -1.928551 -1.49809 14.800138 0.567468 3.865613 14.242577 -1.341738 -6.660662 19.631975 0.143926 -0.648242 50.217556 -0.744875 -5.594756 0.353029 -1.511153 -0.03194 20.222803 3.684312 2.316635 18.787285 2e-06 3e-06 10.751638 -0.479872 1.397908 1e-06 1e-06 -0.0 3.273809 0.305947 -0.580111 21.486828 11.830383 2.26614 8.162935 -2e-06 0.0 18.399092 -3.79899 -4.940576 4e-06 -0.0 -0.0 31.621689 15.709971 -80.55397 -0.592108 0.352917 143.311981 -9.464011 -17.913866 -30.205641 1.651064 -2.026456 -2.079477 0.0 0.0 2e-06 -19.252979 -14.276767 -89.722107 0.715778 -0.233433 139.800018 2.361207 18.398321 -22.960011 -1.414111 0.73897 -2.519117 0.0 0.0 -1e-06 
0.0 0.0 0.0 0.0 -0.0 0.0 2.165105 34.64399 9.82376 -0.730275 -7.279826 -19.246523 1.510296 -1.473343 30.59753 -0.113058 -0.578476 10.547529 1.732828 -4.870492 33.718513 -11.185061 5.815685 8.451939 1.400774 1.142623 -3.676112 -1.395308 3.303315 -22.366959 7.7e-05 -2.2e-05 7e-06 0.07449 -0.078718 0.025477 0.591534 -3.621212 -10.261786 -0.436146 3.4446 -10.234245 3.442643 -12.030076 11.067871 -62.727993 0.67155 -24.693998 -7.676004 -65.584 4.883641 34.105537 4.415186 -13.476477 -5.882111 9.861288 0.702588 -10.936875 -0.360575 7.156207 -2e-06 8.774826 -1e-06 -15.927002 18.148846 6.222515 -1.844032 2.498506 -2.507279 -10.163605 4.678946 4.62111 -20.976038 -4e-06 1e-06 -21.226295 2.451697 -3.594003 0.0 -6e-06 0.0 -1.362681 2.240801 -0.746324 -21.334925 0.58491 3.008321 -13.82122 -2e-06 -1e-06 -23.887182 -0.24908 -0.839486 -59.917786 2.790911 -0.945246 -0.294025 1.679688 0.833256 -14.218215 0.093216 1.300579 -34.212063 -0.287566 0.967169 -20.033222 0.964535 1.212841 -1e-06 0.0 -1e-06 -3.440392 0.788234 0.501655 -15.928194 -3.167309 2.999707 -6.338831 -1e-06 1e-06 -18.123455 3.648182 -4.905674 -4e-06 -0.0 -1e-06 12.850079 13.426819 16.42569 59.848351 23.160389 -2.77899 0.403165 18.497437 -0.465123 8.441181 -25.822079 0.742312 2.243541 -5.255037 -3.180158 14.2829 -0.826594 6.95251 -2e-06 -12.690607 0.0 12.842803 -16.816303 4.586687 1.665666 -1.955921 -2.878299 4.727803 -4.170588 4.993928 11.020531 4e-06 2e-06 12.109056 -3.735719 -2.866781 0.0 0.0 1e-06 1.291986 -1.928549 -1.49809 14.800138 0.567467 3.865613 14.242579 -1.341738 -6.660657 19.631975 0.143923 -0.648241 50.113445 -0.818926 -5.802622 0.353029 -1.511148 -0.03194 20.222801 3.684308 2.316637 18.787285 2e-06 5e-06 10.751633 -0.47987 1.397909 2e-06 2e-06 -1e-06 3.273808 0.305948 -0.58011 21.48683 11.830376 2.266141 8.162933 1e-06 1e-06 18.399094 -3.798988 -4.940574 4e-06 -0.0 -2e-06 27.093512 15.088829 -80.34407 -0.3668 0.191785 140.019592 -9.624832 -14.707871 -33.059429 1.651361 -2.043515 -1.770473 0.0 0.0 2e-06 -17.828831 -14.221997 -89.050919 0.717734 -0.134614 135.964081 2.776355 17.236753 -24.73962 -1.422461 0.737574 -2.21974 -0.0 0.0 -1e-06 
0.0 0.0 0.0 0.0 -0.0 0.0 2.627348 38.299568 10.149035 -0.370957 -7.372897 -15.363735 1.382967 -1.296699 30.35445 -0.186066 -0.517394 10.114976 2.0694 -4.793166 32.400005 -11.409572 5.505646 5.793781 1.272447 1.083303 -3.706141 -1.320702 3.285298 -24.395237 7.7e-05 -2.2e-05 8e-06 0.107922 -0.140175 0.028862 0.620138 -3.686625 -10.27799 -0.399524 3.390963 -10.24699 5.284544 -12.483906 9.818153 -62.852024 -2.034107 -25.930599 -9.404394 -71.69178 6.618007 35.813282 3.598121 -11.383464 -5.882105 9.861282 0.702591 -10.936869 -0.360575 7.156205 -2e-06 8.774822 -0.0 -16.025885 18.297888 6.091419 -1.844032 2.498503 -2.507277 -10.163597 4.678945 4.621109 -20.976023 -1e-06 5e-06 -21.226286 2.451698 -3.593999 0.0 -6e-06 -1e-06 -1.362682 2.240796 -0.746323 -21.334913 0.584909 3.008324 -13.821213 -2e-06 2e-06 -23.887167 -0.249076 -0.83948 -59.545338 2.784766 -0.994785 -0.294025 1.679687 0.833255 -14.218206 0.093213 1.300581 -34.212048 -0.28756 0.967172 -20.033211 0.964538 1.212841 -0.0 0.0 1e-06 -3.440388 0.788234 0.501657 -15.928183 -3.167309 2.999709 -6.338824 -1e-06 1e-06 -18.123444 3.648183 -4.905666 -4e-06 1e-06 -2e-06 12.094187 14.603676 16.105618 57.786705 26.99374 -2.64826 1.066928 19.747072 -0.345502 10.573292 -23.949106 1.105971 2.243543 -5.255037 -3.180158 14.282888 -0.826595 6.9525 0.0 -12.690605 -1e-06 13.140439 -16.984364 4.487847 1.665667 -1.955921 -2.878299 4.727798 -4.170588 4.993924 11.020528 1e-06 -3e-06 12.109055 -3.735717 -2.866786 0.0 2e-06 -2e-06 1.291986 -1.928549 -1.498089 14.800125 0.567469 3.865605 14.242574 -1.341738 -6.660659 19.631969 0.143926 -0.648247 49.907768 -0.854388 -5.943264 0.353028 -1.51115 -0.031941 20.222788 3.684309 2.316627 18.78727 5e-06 -2e-06 10.751627 -0.479867 1.397905 0.0 1e-06 0.0 3.273806 0.305947 -0.58011 21.486809 11.830374 2.266129 8.162924 3e-06 -3e-06 18.399082 -3.798985 -4.940578 3e-06 1e-06 -0.0 22.998219 14.350484 -79.580154 -0.268157 0.116375 136.453735 -9.756886 -11.787806 -35.250782 1.651249 -2.056922 -1.448467 0.0 0.0 2e-06 -17.009365 -13.98735 -87.756783 0.761459 -0.049564 132.100952 3.301381 16.138443 -26.19521 -1.429473 0.733888 -1.850756 -0.0 -0.0 -1e-06 
0.0 0.0 0.0 0.0 -0.0 0.0 2.970604 41.912056 10.54156 0.062525 -7.421228 -12.211251 1.249801 -1.134522 29.921078 -0.254462 -0.514014 9.592443 2.258044 -4.806153 31.085001 -11.362171 5.311245 3.645853 1.110581 1.023136 -3.74621 -1.314458 3.153892 -26.032953 7.7e-05 -2.3e-05 6e-06 0.13066 -0.195272 0.020743 0.644595 -3.747816 -10.306756 -0.378842 3.345678 -10.281439 6.71129 -12.940659 8.975452 -62.947353 -5.030058 -25.082411 -10.607609 -75.818329 8.065242 36.113953 2.584007 -8.293873 -5.88211 9.861292 0.702591 -10.936875 -0.360575 7.156209 -2e-06 8.774828 -1e-06 -16.091747 18.318708 5.9862 -1.844031 2.498507 -2.507279 -10.163605 4.678949 4.621111 -20.97603 -1e-06 0.0 -21.226297 2.4517 -3.594005 0.0 -6e-06 0.0 -1.362684 2.2408 -0.746324 -21.334917 0.584912 3.008325 -13.821219 -1e-06 1e-06 -23.887178 -0.249077 -0.839488 -59.141994 2.760371 -1.023564 -0.294025 1.679687 0.833256 -14.218214 0.093215 1.300581 -34.212067 -0.287558 0.967169 -20.033222 0.96454 1.212843 2e-06 0.0 0.0 -3.44039 0.788233 0.501658 -15.928192 -3.16731 2.99971 -6.338831 2e-06 2e-06 -18.123457 3.648185 -4.905674 -4e-06 -0.0 -1e-06 10.875554 15.316202 15.626822 55.889977 30.591772 -2.534856 1.504695 21.467918 -0.200919 11.483418 -21.671535 1.022941 2.243541 -5.255039 -3.180159 14.282892 -0.826596 6.952501 -1e-06 -12.69061 -1e-06 13.619066 -16.981073 4.312603 1.665666 -1.955922 -2.878298 4.7278 -4.170588 4.993923 11.020526 4e-06 -1e-06 12.109053 -3.735717 -2.866786 1e-06 1e-06 -0.0 1.291986 -1.928551 -1.498088 14.800129 0.567466 3.865608 14.242576 -1.341738 -6.660657 19.631968 0.143923 -0.648247 49.581493 -0.859026 -6.045346 0.353028 -1.51115 -0.031939 20.222794 3.684307 2.316632 18.787273 1e-06 -1e-06 10.751631 -0.479871 1.397906 -0.0 3e-06 -1e-06 3.273806 0.305949 -0.580111 21.486816 11.830373 2.266133 8.162927 1e-06 -2e-06 18.399086 -3.798986 -4.940578 2e-06 1e-06 -1e-06 19.485138 13.589854 -78.318611 -0.287339 0.075714 132.561279 -9.956881 -9.24424 -36.749352 1.651332 -2.05618 -1.12454 0.0 0.0 2e-06 -16.452583 -13.536955 -85.98452 0.798423 0.034552 128.164673 3.951364 14.896807 -27.315807 -1.43525 0.732276 -1.462713 0.0 -0.0 -1e-06 
0.0 0.0 0.0 0.0 -0.0 0.0 3.187121 45.380501 11.049699 0.485065 -7.337416 -9.76283 1.120642 -1.010836 29.370148 -0.313573 -0.536022 9.05023 2.346486 -4.910543 29.813673 -10.987767 5.159341 1.798695 0.880629 1.0258 -3.796025 -1.396977 2.992905 -27.341757 7.7e-05 -2.3e-05 5e-06 0.143874 -0.244679 0.009054 0.661236 -3.806837 -10.330121 -0.369781 3.309084 -10.318631 7.45658 -13.520696 8.57214 -62.698433 -7.980713 -22.532192 -9.769454 -77.621063 7.643178 34.82365 1.58452 -4.704944 -5.882104 9.861288 0.702592 -10.93687 -0.360572 7.156208 -0.0 8.774826 -2e-06 -16.148512 18.279039 5.882539 -1.844032 2.498506 -2.507278 -10.163596 4.678946 4.621112 -20.976017 1e-06 3e-06 -21.226282 2.451699 -3.594001 1e-06 -7e-06 -1e-06 -1.362681 2.240799 -0.746323 -21.334909 0.584912 3.008328 -13.821211 1e-06 4e-06 -23.887163 -0.249074 -0.839483 -58.771763 2.735784 -1.04284 -0.294026 1.679687 0.833256 -14.218204 0.093217 1.300585 -34.212036 -0.287556 0.967171 -20.033211 0.964542 1.212842 -1e-06 0.0 0.0 -3.440389 0.788233 0.501655 -15.928185 -3.167309 2.999712 -6.338826 1e-06 1e-06 -18.123444 3.648186 -4.905669 -4e-06 1e-06 -1e-06 9.60761 15.722185 15.123859 54.061295 33.78215 -2.559155 1.575764 23.265005 -0.095705 11.354572 -19.490984 0.857742 2.243542 -5.255036 -3.180157 14.282888 -0.826597 6.9525 -3e-06 -12.690601 -0.0 14.224257 -16.978977 3.999131 1.665667 -1.955922 -2.878298 4.727798 -4.170588 4.993924 11.020525 3e-06 -3e-06 12.109055 -3.735717 -2.866785 -2e-06 -1e-06 -1e-06 1.291985 -1.928548 -1.498089 14.800125 0.567468 3.865604 14.242574 -1.341734 -6.660657 19.631968 0.143927 -0.648244 49.274094 -0.856937 -6.143234 0.35303 -1.511151 -0.03194 20.222788 3.684308 2.316628 18.78727 5e-06 -4e-06 10.751627 -0.479867 1.397905 0.0 2e-06 0.0 3.273807 0.305946 -0.580111 21.486811 11.830376 2.266128 8.162928 2e-06 -1e-06 18.39908 -3.798984 -4.940577 3e-06 0.0 -1e-06 16.633047 12.798195 -76.590332 -0.382229 0.032427 128.56015 -10.18015 -7.130407 -37.756611 1.655774 -2.048374 -0.810874 -0.0 0.0 2e-06 -16.154327 -12.969361 -83.701721 0.826722 0.113134 124.324486 4.745165 13.654251 -28.284424 -1.440503 0.731343 -1.044969 -0.0 -0.0 -1e-06 
0.0 0.0 0.0 0.0 -0.0 0.0 3.242805 48.745998 11.674985 0.852333 -7.044776 -7.789543 0.994137 -0.935343 28.688093 -0.369004 -0.579238 8.507833 2.419333 -5.07628 28.608397 -10.314829 4.989458 0.083983 0.622698 1.102762 -3.858815 -1.578486 2.869995 -28.38409 7.7e-05 -2.2e-05 5e-06 0.149279 -0.290598 -0.001944 0.672058 -3.863322 -10.358415 -0.370357 3.276244 -10.364079 7.575619 -14.126907 8.505545 -62.022961 -10.742752 -18.746191 -6.522398 -77.392311 4.922243 32.022602 0.579067 -0.648074 -5.882112 9.861292 0.702589 -10.936877 -0.360574 7.156215 1e-06 8.774831 -1e-06 -16.203653 18.281897 5.806289 -1.844032 2.498505 -2.507279 -10.163605 4.678946 4.621114 -20.976034 -0.0 5e-06 -21.226295 2.451699 -3.594002 1e-06 -6e-06 -0.0 -1.362683 2.240799 -0.746324 -21.334923 0.584911 3.008328 -13.821219 -3e-06 3e-06 -23.887182 -0.249076 -0.839483 -58.577492 2.725807 -1.076562 -0.294024 1.679686 0.833256 -14.218215 0.093216 1.300583 -34.212067 -0.287561 0.967172 -20.033222 0.96454 1.212845 0.0 0.0 -0.0 -3.440391 0.788236 0.501655 -15.928196 -3.167309 2.99971 -6.338831 1e-06 -1e-06 -18.123457 3.648186 -4.905674 -5e-06 1e-06 -1e-06 8.501126 15.987151 14.630157 52.196697 36.424164 -2.772347 1.314871 24.96236 -0.068745 10.6317 -17.351274 0.583246 2.243543 -5.255038 -3.180159 14.2829 -0.826596 6.952504 -2e-06 -12.690609 1e-06 14.917209 -16.98543 3.524246 1.665668 -1.955922 -2.8783 4.727802 -4.170589 4.993926 11.020534 2e-06 -1e-06 12.10906 -3.735719 -2.866784 -1e-06 1e-06 -1e-06 1.291987 -1.92855 -1.49809 14.800138 0.567468 3.86561 14.24258 -1.341738 -6.66066 19.631981 0.143926 -0.648245 49.089554 -0.843093 -6.226214 0.353029 -1.51115 -0.031942 20.222803 3.684309 2.31663 18.787287 5e-06 -2e-06 10.751636 -0.479867 1.397906 1e-06 1e-06 1e-06 3.273809 0.305947 -0.580112 21.486824 11.830378 2.266133 8.16293 1e-06 -1e-06 18.399096 -3.798986 -4.940579 3e-06 0.0 -0.0 14.395276 11.974474 -74.555344 -0.490516 -0.035803 124.442619 -10.440737 -5.441771 -38.327259 1.662581 -2.032469 -0.519532 -0.0 0.0 2e-06 -15.950201 -12.407669 -81.027771 0.834427 0.173974 120.561516 5.581928 12.346198 -29.196409 -1.443871 0.737121 -0.581465 -0.0 -0.0 -1e-06 
0.0 0.0 0.0 0.0 -0.0 0.0 3.19388 52.09285 12.365107 1.129468 -6.617369 -6.16553 0.882648 -0.939211 27.915829 -0.429689 -0.580434 7.950584 2.492643 -5.240252 27.400883 -9.42113 4.800112 -1.518514 0.367283 1.234416 -3.910861 -1.85667 2.818195 -29.149376 7.7e-05 -2.3e-05 5e-06 0.142374 -0.317401 -0.00676 0.665587 -3.902609 -10.385184 -0.378008 3.2639 -10.402316 7.301086 -14.684217 8.615725 -61.124298 -13.224043 -14.344758 -3.108048 -75.42556 2.072201 28.104389 -0.507601 3.699435 -5.88211 9.861288 0.70259 -10.936876 -0.360574 7.156213 -1e-06 8.774828 -1e-06 -16.306887 18.362856 5.786361 -1.844034 2.498506 -2.50728 -10.163603 4.678944 4.621112 -20.976032 -2e-06 1e-06 -21.226297 2.451698 -3.594005 1e-06 -5e-06 0.0 -1.362682 2.2408 -0.746326 -21.334923 0.584912 3.008327 -13.821218 -2e-06 2e-06 -23.887182 -0.249076 -0.839483 -58.64753 2.741723 -1.1152 -0.294025 1.679687 0.833256 -14.218215 0.093216 1.300583 -34.212063 -0.287561 0.967172 -20.033222 0.964538 1.212845 0.0 1e-06 1e-06 -3.440387 0.788232 0.501658 -15.928192 -3.16731 2.999711 -6.33883 -0.0 2e-06 -18.123455 3.648185 -4.905672 -4e-06 1e-06 -0.0 7.53315 16.131359 14.14757 50.468864 38.528664 -3.28432 0.845058 26.566315 -0.148835 8.95166 -15.356246 0.190297 2.243541 -5.255034 -3.180158 14.28289 -0.826594 6.952503 -4e-06 -12.690602 4e-06 15.601646 -16.982353 2.96104 1.665666 -1.955921 -2.878299 4.727798 -4.170586 4.993926 11.020524 5e-06 -1e-06 12.10905 -3.735711 -2.866784 -1e-06 -0.0 -1e-06 1.291985 -1.928548 -1.49809 14.800129 0.56747 3.865608 14.242571 -1.341734 -6.660655 19.631968 0.143928 -0.648243 49.092857 -0.824359 -6.287254 0.353029 -1.511151 -0.031939 20.222788 3.684311 2.316629 18.78727 6e-06 1e-06 10.751627 -0.479869 1.397906 0.0 -0.0 0.0 3.273807 0.305947 -0.580112 21.486813 11.830376 2.266132 8.162928 2e-06 0.0 18.39908 -3.798982 -4.940572 4e-06 -0.0 -0.0 12.654859 11.123549 -72.25988 -0.606056 -0.108373 120.132957 -10.697338 -4.005901 -38.50061 1.67257 -2.017702 -0.284013 -0.0 0.0 2e-06 -15.677632 -11.923841 -78.053673 0.839566 0.217527 116.688812 6.3734 10.968294 -29.930395 -1.445804 0.735951 -0.153219 -0.0 -0.0 -1e-06 
0.0 0.0 0.0 0.0 -0.0 0.0 3.113471 55.382336 13.110879 1.296874 -6.150815 -4.95959 0.800038 -0.952515 27.145985 -0.446413 -0.600844 7.345656 2.555351 -5.342377 26.223881 -8.476676 4.651366 -2.78956 0.111713 1.402809 -3.964297 -2.169133 2.748438 -29.717907 7.7e-05 -2.2e-05 6e-06 0.130956 -0.335146 -0.007651 0.65252 -3.93346 -10.425627 -0.388006 3.260544 -10.445067 6.886973 -15.060166 8.821564 -60.434772 -15.34173 -9.758498 -0.54801 -72.178116 0.095213 24.198885 -1.507871 7.120282 -5.882109 9.861293 0.702591 -10.936878 -0.360573 7.156209 -0.0 8.774832 0.0 -16.349194 18.427299 5.814767 -1.844034 2.498506 -2.507279 -10.163605 4.678948 4.621112 -20.976038 -2e-06 -3e-06 -21.226305 2.451698 -3.594006 1e-06 -6e-06 -0.0 -1.362684 2.2408 -0.746326 -21.33493 0.584913 3.008324 -13.821224 -0.0 -1e-06 -23.887188 -0.24908 -0.839489 -58.962154 2.736682 -1.144903 -0.294025 1.679688 0.833257 -14.218218 0.093217 1.300581 -34.212074 -0.287562 0.967168 -20.033228 0.964537 1.212843 1e-06 0.0 0.0 -3.44039 0.788234 0.501656 -15.928196 -3.16731 2.999707 -6.338831 -0.0 1e-06 -18.123461 3.648186 -4.905676 -5e-06 -1e-06 -2e-06 6.605203 16.172007 13.725175 49.127674 39.977451 -4.077065 0.274637 28.225416 -0.29949 6.314529 -13.645247 -0.258997 2.243543 -5.25504 -3.180159 14.282903 -0.826595 6.952506 -3e-06 -12.690612 0.0 16.191416 -17.062588 2.430156 1.665668 -1.955923 -2.878301 4.727802 -4.17059 4.993927 11.020535 3e-06 -3e-06 12.10906 -3.735717 -2.866786 0.0 -1e-06 1e-06 1.291986 -1.92855 -1.49809 14.80014 0.567469 3.865607 14.242585 -1.341737 -6.660663 19.631987 0.143927 -0.648246 49.253216 -0.816101 -6.356749 0.353029 -1.511152 -0.031941 20.222805 3.684313 2.31663 18.787287 7e-06 -3e-06 10.751636 -0.479867 1.397906 -1e-06 0.0 -1e-06 3.273809 0.305947 -0.580111 21.486832 11.830384 2.266133 8.162934 2e-06 -1e-06 18.399096 -3.798985 -4.94058 3e-06 1e-06 -1e-06 11.36897 10.284577 -69.611946 -0.679484 -0.181587 115.725929 -10.9342 -2.788806 -38.39513 1.685938 -2.027303 -0.064851 -0.0 -0.0 2e-06 -15.360925 -11.490826 -74.755234 0.8261 0.257208 112.694847 7.142476 9.728153 -30.435886 -1.447719 0.7042 0.252011 -0.0 -0.0 -1e-06 
0.0 0.0 0.0 0.0 -0.0 0.0 3.060633 58.625648 13.906251 1.377416 -5.78034 -4.179668 0.736476 -0.963718 26.339067 -0.421083 -0.634427 6.746115 2.575277 -5.322841 25.080727 -7.621122 4.546829 -3.649718 -0.116172 1.56701 -3.998467 -2.416683 2.603478 -29.982298 7.7e-05 -2.3e-05 6e-06 0.114273 -0.333511 -0.007485 0.627397 -3.948687 -10.461244 -0.39637 3.279756 -10.480017 6.379723 -15.246528 9.105583 -60.068298 -16.913763 -5.562225 0.901105 -68.238594 -0.857102 21.369629 -2.08099 9.261267 -5.882108 9.861286 0.70259 -10.936872 -0.360575 7.156205 1e-06 8.774825 -1e-06 -16.352316 18.47127 5.867596 -1.844033 2.498504 -2.507279 -10.163602 4.678946 4.621109 -20.976027 -3e-06 1e-06 -21.226288 2.451697 -3.594002 0.0 -7e-06 -2e-06 -1.362681 2.240798 -0.746324 -21.334917 0.584911 3.008322 -13.821215 -3e-06 1e-06 -23.887175 -0.249078 -0.839483 -59.293434 2.73248 -1.166765 -0.294025 1.679688 0.833255 -14.218208 0.093215 1.300581 -34.212051 -0.287563 0.967168 -20.033213 0.964537 1.212843 1e-06 -0.0 1e-06 -3.440389 0.788232 0.501656 -15.928189 -3.167309 2.999707 -6.338829 0.0 1e-06 -18.123453 3.648183 -4.905672 -4e-06 -0.0 -3e-06 5.782784 16.141016 13.379916 48.35841 40.549694 -4.630091 -0.196452 30.243698 -0.441256 3.46773 -12.092061 -0.547498 2.243543 -5.255038 -3.180159 14.282893 -0.826597 6.952505 -0.0 -12.69061 0.0 16.683708 -17.343954 2.039893 1.665667 -1.955922 -2.878301 4.7278 -4.17059 4.993925 11.020529 2e-06 -3e-06 12.109056 -3.735718 -2.866788 0.0 -1e-06 -0.0 1.291986 -1.92855 -1.498089 14.800129 0.567467 3.865608 14.242576 -1.341736 -6.660661 19.631973 0.143925 -0.648247 49.678352 -0.811844 -6.452886 0.353029 -1.511151 -0.03194 20.222792 3.684309 2.316628 18.787279 5e-06 -5e-06 10.75163 -0.479869 1.397905 -2e-06 1e-06 -1e-06 3.273808 0.305947 -0.580111 21.486814 11.830377 2.266129 8.16293 1e-06 -2e-06 18.399084 -3.798988 -4.940578 3e-06 0.0 -1e-06 10.398873 9.545218 -66.53891 -0.731173 -0.256282 111.228355 -11.125051 -1.801469 -38.113895 1.698815 -2.047342 0.10257 0.0 -0.0 2e-06 -15.012375 -11.064666 -71.152039 0.818209 0.298435 108.521751 7.807387 8.6199 -30.667191 -1.447025 0.689891 0.551554 0.0 -0.0 -1e-06 
0.0 0.0 0.0 0.0 -0.0 0.0 3.023364 61.880577 14.80932 1.434444 -5.431139 -3.74467 0.683579 -0.979796 25.481295 -0.377494 -0.680304 6.133052 2.524547 -5.233953 24.003365 -6.859485 4.464035 -4.200002 -0.281195 1.708004 -4.007906 -2.634664 2.426702 -29.919168 7.7e-05 -2.3e-05 6e-06 0.093684 -0.307618 -0.00761 0.595293 -3.939341 -10.493309 -0.405693 3.322483 -10.512984 5.758116 -15.294098 9.487967 -59.77412 -17.911287 -1.91278 1.61893 -64.139229 -1.211768 19.299582 -2.278213 10.862391 -5.882113 9.861296 0.702592 -10.936881 -0.360574 7.15621 1e-06 8.774835 1e-06 -16.393625 18.48381 5.905545 -1.844034 2.498507 -2.50728 -10.16361 4.678951 4.621112 -20.976044 -5e-06 -1e-06 -21.226311 2.451696 -3.594007 1e-06 -6e-06 -1e-06 -1.362682 2.240799 -0.746323 -21.334934 0.584911 3.008322 -13.821228 -3e-06 0.0 -23.887194 -0.249082 -0.839488 -59.56884 2.723864 -1.18456 -0.294023 1.679688 0.833257 -14.218224 0.093216 1.300578 -34.212086 -0.287567 0.967166 -20.033232 0.964535 1.212843 1e-06 0.0 1e-06 -3.440392 0.788234 0.501655 -15.928201 -3.167312 2.999707 -6.338833 -1e-06 -0.0 -18.123466 3.648186 -4.905678 -4e-06 -1e-06 -3e-06 5.076458 16.067917 13.112389 48.190224 40.171082 -4.615349 -0.342241 33.04781 -0.4784 0.854469 -10.23381 -0.841648 2.243543 -5.25504 -3.180158 14.2829 -0.826594 6.952507 -4e-06 -12.690612 1e-06 16.930439 -17.659674 1.847194 1.665667 -1.955922 -2.878299 4.727802 -4.17059 4.993926 11.020535 4e-06 -2e-06 12.109059 -3.735717 -2.866785 0.0 -1e-06 0.0 1.291986 -1.92855 -1.49809 14.800139 0.567469 3.865609 14.242582 -1.341736 -6.660659 19.631985 0.143927 -0.648244 50.172909 -0.777308 -6.529895 0.353029 -1.511151 -0.031939 20.222809 3.684314 2.316632 18.787287 6e-06 -0.0 10.751637 -0.479869 1.397906 -1e-06 0.0 -0.0 3.273809 0.305948 -0.580112 21.486828 11.830384 2.266134 8.162934 3e-06 -0.0 18.399096 -3.798985 -4.940577 2e-06 0.0 -1e-06 9.597393 8.906227 -63.029034 -0.756858 -0.331427 106.544891 -11.237438 -1.041989 -37.683777 1.706055 -2.062151 0.234059 0.0 -1e-06 2e-06 -14.734907 -10.638827 -67.173706 0.805968 0.338268 104.123924 8.351004 7.672544 -30.724968 -1.44449 0.703995 0.826697 0.0 -0.0 -1e-06 
0.0 0.0 0.0 0.0 -0.0 0.0 2.933823 65.204445 15.782513 1.509493 -5.082264 -3.557055 0.631465 -0.99907 24.524296 -0.328965 -0.735445 5.469528 2.405015 -5.126739 22.955652 -6.175364 4.393892 -4.462692 -0.373603 1.783499 -3.996302 -2.889264 2.251965 -29.591282 7.7e-05 -2.2e-05 6e-06 0.074601 -0.270364 -0.005639 0.569059 -3.917931 -10.528511 -0.417785 3.375587 -10.548702 5.08245 -15.246022 9.976902 -59.520325 -18.366823 1.44933 1.97739 -60.3419 -1.371878 17.433125 -2.211281 12.240711 -5.882105 9.861284 0.702592 -10.936872 -0.360575 7.156206 2e-06 8.774825 -0.0 -16.441093 18.424397 5.933894 -1.844033 2.498504 -2.507279 -10.163599 4.678944 4.621109 -20.976023 -6e-06 3e-06 -21.226286 2.451693 -3.594 1e-06 -6e-06 -1e-06 -1.362682 2.240798 -0.746323 -21.334913 0.584908 3.008324 -13.821215 -3e-06 2e-06 -23.887173 -0.249081 -0.839481 -59.798061 2.708989 -1.190396 -0.294024 1.679687 0.833256 -14.21821 0.093214 1.300581 -34.212051 -0.287565 0.967171 -20.033215 0.964536 1.212844 0.0 2e-06 0.0 -3.440388 0.788233 0.501656 -15.928187 -3.16731 2.999708 -6.338826 -1e-06 0.0 -18.123447 3.64818 -4.905669 -4e-06 -1e-06 -3e-06 4.346285 15.868987 12.906982 48.749477 39.106926 -3.661141 -0.189819 36.505089 -0.402732 -1.508649 -8.097826 -1.053327 2.24354 -5.255033 -3.180155 14.282882 -0.826592 6.952498 -4e-06 -12.690599 1e-06 16.952288 -17.935968 1.827218 1.665665 -1.95592 -2.878298 4.727795 -4.170584 4.99392 11.020519 5e-06 -2e-06 12.109043 -3.735712 -2.866782 0.0 -0.0 -1e-06 1.291985 -1.928548 -1.498087 14.800118 0.567469 3.865605 14.242563 -1.341733 -6.660653 19.631952 0.143928 -0.648243 50.536983 -0.747535 -6.577817 0.353028 -1.511149 -0.03194 20.222778 3.68431 2.316628 18.787262 7e-06 2e-06 10.751622 -0.479867 1.397908 -1e-06 -0.0 1e-06 3.273805 0.305947 -0.580111 21.486805 11.830372 2.266129 8.162924 2e-06 1e-06 18.399075 -3.798981 -4.940572 3e-06 1e-06 -2e-06 8.952916 8.399347 -59.147903 -0.750042 -0.380668 101.512291 -11.357625 -0.523816 -36.963249 1.708381 -2.0669 0.398604 0.0 -1e-06 2e-06 -14.470217 -10.156171 -62.897552 0.787889 0.386934 99.411301 8.786796 6.684126 -30.560404 -1.440357 0.728823 1.088717 -0.0 -0.0 -1e-06 
0.0 0.0 0.0 0.0 -0.0 0.0 2.793105 68.676292 16.804256 1.620588 -4.675493 -3.588609 0.568918 -1.022074 23.458618 -0.27558 -0.822297 4.759412 2.214183 -5.018337 21.909512 -5.556446 4.333506 -4.471869 -0.409131 1.773243 -3.974932 -3.123765 2.057253 -29.002432 7.7e-05 -2.3e-05 6e-06 0.060007 -0.239511 -0.004562 0.549128 -3.901678 -10.553394 -0.427509 3.42132 -10.575437 4.360877 -15.183768 10.500323 -59.343361 -18.428457 4.622649 2.096173 -56.960217 -1.444171 15.548484 -1.95393 13.035984 -5.882111 9.861291 0.702588 -10.93688 -0.360574 7.15621 1e-06 8.774831 1e-06 -16.437273 18.334198 5.971939 -1.844033 2.498506 -2.50728 -10.16361 4.678948 4.621111 -20.976044 -2e-06 -0.0 -21.226307 2.451697 -3.594005 1e-06 -5e-06 0.0 -1.362683 2.240799 -0.746324 -21.33493 0.584911 3.008324 -13.821225 -2e-06 1e-06 -23.887188 -0.24908 -0.839486 -59.980152 2.6996 -1.190997 -0.294025 1.679688 0.833256 -14.21822 0.093216 1.30058 -34.212078 -0.287565 0.967167 -20.03323 0.964537 1.212842 1e-06 -0.0 0.0 -3.44039 0.788234 0.501656 -15.928201 -3.16731 2.999708 -6.338833 -0.0 0.0 -18.123463 3.648184 -4.905677 -5e-06 0.0 -3e-06 3.59634 15.552826 12.779533 50.055382 37.676582 -1.775049 -0.048524 39.893467 -0.280148 -3.3799 -6.100478 -1.349601 2.243542 -5.255038 -3.180157 14.282894 -0.826595 6.952504 -1e-06 -12.690605 0.0 16.83264 -18.125313 1.935649 1.665666 -1.955921 -2.878298 4.7278 -4.170588 4.993925 11.020529 2e-06 0.0 12.109055 -3.735717 -2.866785 0.0 -0.0 -1e-06 1.291986 -1.92855 -1.498088 14.800131 0.567467 3.865606 14.242577 -1.341738 -6.660659 19.631973 0.143925 -0.648246 50.718948 -0.739565 -6.598262 0.353029 -1.51115 -0.03194 20.222797 3.684309 2.31663 18.787279 4e-06 -0.0 10.75163 -0.479868 1.397906 -2e-06 -0.0 -0.0 3.273808 0.305946 -0.580109 21.486816 11.830376 2.266134 8.162928 1e-06 -1e-06 18.399086 -3.798986 -4.940577 4e-06 1e-06 -1e-06 8.371295 8.054235 -54.87117 -0.72726 -0.420272 95.940872 -11.39959 -0.210839 -35.836163 1.70785 -2.06769 0.566933 -0.0 -0.0 2e-06 -14.229636 -9.674069 -58.245232 0.761354 0.440114 94.205284 9.109323 5.609632 -30.086445 -1.436448 0.755495 1.301381 -0.0 -0.0 -1e-06 
0.0 0.0 0.0 0.0 -0.0 0.0 2.677171 72.323784 17.798353 1.817142 -4.180405 -3.731809 0.485944 -1.026428 22.270414 -0.219038 -0.952187 3.995188 1.924402 -4.909663 20.806217 -4.995859 4.257646 -4.249613 -0.41676 1.664206 -3.935982 -3.288474 1.897249 -28.213905 7.7e-05 -2.2e-05 6e-06 0.047503 -0.215988 -0.005614 0.534016 -3.8906 -10.576472 -0.437343 3.456326 -10.600798 3.637776 -15.104578 11.009653 -59.41568 -18.236097 7.502682 1.954403 -54.129307 -1.417925 13.763315 -1.65508 12.96649 -5.882111 9.861292 0.702591 -10.936881 -0.360575 7.156209 2e-06 8.774831 0.0 -16.394278 18.27614 6.015659 -1.844034 2.498505 -2.507279 -10.16361 4.678948 4.62111 -20.97604 -5e-06 4e-06 -21.226303 2.451698 -3.594 1e-06 -6e-06 0.0 -1.362683 2.240799 -0.746323 -21.33493 0.58491 3.008324 -13.821226 -3e-06 3e-06 -23.887192 -0.24908 -0.839483 -60.119701 2.69021 -1.192419 -0.294024 1.679689 0.833256 -14.218222 0.093215 1.30058 -34.212078 -0.287565 0.967173 -20.033232 0.964537 1.212845 1e-06 1e-06 0.0 -3.440391 0.788234 0.501655 -15.928201 -3.167312 2.999709 -6.338832 -2e-06 1e-06 -18.123463 3.648183 -4.905673 -5e-06 0.0 -2e-06 2.853272 15.16058 12.710409 52.064766 36.122761 0.694348 -0.025551 42.431618 -0.198901 -4.756778 -4.581708 -1.960318 2.243544 -5.255042 -3.18016 14.282899 -0.826597 6.952505 -1e-06 -12.690615 -0.0 16.651527 -18.178942 2.084866 1.665668 -1.955922 -2.878299 4.727802 -4.170592 4.993926 11.020535 2e-06 -2e-06 12.10906 -3.73572 -2.866786 0.0 -0.0 1e-06 1.291987 -1.92855 -1.49809 14.800138 0.567468 3.865607 14.242582 -1.341738 -6.66066 19.631981 0.143926 -0.648247 50.74078 -0.744744 -6.58733 0.353029 -1.511151 -0.03194 20.222803 3.684309 2.316629 18.787287 4e-06 -2e-06 10.751636 -0.47987 1.397905 2e-06 1e-06 -2e-06 3.273809 0.305947 -0.580112 21.486828 11.83038 2.266133 8.162933 1e-06 -1e-06 18.399094 -3.798988 -4.940579 3e-06 -0.0 0.0 7.697106 7.878582 -50.344055 -0.68465 -0.442783 89.699547 -11.235456 -0.022002 -34.158123 1.709944 -2.068895 0.70183 -0.0 -0.0 2e-06 -14.111426 -9.205475 -53.323635 0.709386 0.501374 88.338387 9.379975 4.464551 -29.118149 -1.432435 0.780929 1.502386 -0.0 -0.0 -1e-06 
0.0 0.0 0.0 0.0 -0.0 0.0 2.571062 76.096863 18.717031 2.014454 -3.58867 -3.868115 0.417317 -1.034947 20.916212 -0.170836 -1.09379 3.190391 1.582503 -4.805244 19.586916 -4.494442 4.15289 -3.868126 -0.395366 1.508244 -3.890787 -3.322544 1.738541 -27.217621 7.7e-05 -2.2e-05 6e-06 0.036259 -0.197354 -0.010045 0.522916 -3.884953 -10.601172 -0.449062 3.487303 -10.62637 2.938025 -15.019569 11.486102 -59.835346 -17.921074 10.075911 1.621652 -51.560143 -1.285918 12.129901 -1.484616 11.975428 -5.88211 9.861285 0.702589 -10.936875 -0.360572 7.156205 -1e-06 8.774824 -0.0 -16.28471 18.27342 6.07948 -1.844034 2.498505 -2.507278 -10.163604 4.678947 4.621108 -20.97603 -1e-06 0.0 -21.226295 2.451699 -3.594002 1e-06 -6e-06 0.0 -1.362682 2.240798 -0.746323 -21.334921 0.584912 3.008321 -13.821218 -1e-06 0.0 -23.887178 -0.249077 -0.839486 -60.179569 2.681344 -1.197331 -0.294025 1.679688 0.833255 -14.218212 0.093217 1.30058 -34.212059 -0.28756 0.967164 -20.033222 0.964538 1.212839 1e-06 0.0 0.0 -3.44039 0.788234 0.501654 -15.928189 -3.167307 2.999707 -6.338827 -1e-06 0.0 -18.123451 3.648183 -4.905673 -5e-06 -0.0 -2e-06 2.223182 14.779666 12.673873 54.56023 34.560108 3.317798 -0.065699 43.436058 -0.109876 -5.663542 -3.741541 -2.762351 2.243542 -5.255037 -3.180158 14.282892 -0.826595 6.952503 -2e-06 -12.690607 -1e-06 16.395283 -18.178478 2.242909 1.665666 -1.955921 -2.8783 4.727799 -4.170588 4.993927 11.020528 3e-06 -0.0 12.109053 -3.735717 -2.866785 0.0 0.0 -0.0 1.291985 -1.928549 -1.49809 14.800129 0.567467 3.865609 14.242575 -1.341735 -6.66066 19.631969 0.143925 -0.648244 50.563286 -0.75623 -6.57822 0.353029 -1.511151 -0.031941 20.222794 3.68431 2.316628 18.787273 4e-06 -1e-06 10.751627 -0.479869 1.397906 2e-06 2e-06 -1e-06 3.273808 0.305947 -0.580111 21.486813 11.830377 2.266133 8.162928 1e-06 0.0 18.399082 -3.798986 -4.940577 3e-06 -0.0 -1e-06 7.0277 7.924304 -45.724163 -0.633278 -0.469485 82.786972 -10.879577 0.004579 -31.864923 1.712893 -2.068407 0.768725 -0.0 -0.0 2e-06 -13.991462 -8.791874 -48.275692 0.611722 0.550175 81.781158 9.511346 3.211322 -27.589825 -1.428253 0.804288 1.668062 0.0 -0.0 -1e-06 
0.0 0.0 0.0 0.0 -0.0 0.0 2.440223 79.971733 19.670479 2.141269 -2.907312 -3.902666 0.390045 -1.028491 19.412308 -0.131487 -1.243465 2.337319 1.249493 -4.719483 18.251631 -4.039189 3.999008 -3.320223 -0.377556 1.367632 -3.835394 -3.247233 1.574856 -26.094215 7.7e-05 -2.2e-05 6e-06 0.026213 -0.175582 -0.014922 0.520288 -3.870553 -10.621731 -0.466777 3.517152 -10.645247 2.286263 -14.911519 11.901214 -60.584614 -17.571304 12.463781 1.357176 -49.092869 -1.194469 10.52484 -1.453367 10.195627 -5.882111 9.86129 0.702593 -10.93688 -0.360575 7.156207 2e-06 8.77483 1e-06 -16.167076 18.338596 6.16355 -1.844034 2.498505 -2.507279 -10.163605 4.678947 4.621109 -20.97604 -6e-06 3e-06 -21.226301 2.451694 -3.594001 1e-06 -5e-06 2e-06 -1.362682 2.240799 -0.746325 -21.33493 0.584909 3.008322 -13.821223 -5e-06 1e-06 -23.887188 -0.249082 -0.839484 -60.303986 2.676673 -1.207522 -0.294025 1.679688 0.833258 -14.21822 0.093215 1.300579 -34.212074 -0.287568 0.967168 -20.033228 0.964535 1.212843 -0.0 1e-06 0.0 -3.440391 0.788234 0.501655 -15.928201 -3.167311 2.999705 -6.338832 -1e-06 -0.0 -18.123461 3.648182 -4.905675 -4e-06 -1e-06 -3e-06 1.752708 14.45661 12.651252 57.340656 32.97134 5.600058 -0.082257 42.79158 -0.024831 -6.386841 -3.510591 -3.629829 2.243544 -5.25504 -3.180158 14.282896 -0.826596 6.952504 -1e-06 -12.690609 1e-06 16.17705 -18.102646 2.385428 1.665667 -1.955922 -2.8783 4.7278 -4.17059 4.993923 11.020528 2e-06 -3e-06 12.109056 -3.735718 -2.866786 0.0 -0.0 1e-06 1.291987 -1.92855 -1.498089 14.800131 0.567468 3.865606 14.242579 -1.341738 -6.660662 19.631975 0.143927 -0.648249 50.387108 -0.770942 -6.537073 0.353029 -1.51115 -0.031939 20.222795 3.684307 2.316627 18.787275 4e-06 -5e-06 10.751629 -0.479869 1.397901 -1e-06 1e-06 -0.0 3.273807 0.305946 -0.580112 21.486816 11.830376 2.266128 8.162928 1e-06 -1e-06 18.399088 -3.798988 -4.94058 3e-06 -0.0 -1e-06 6.493813 8.142708 -40.955978 -0.57805 -0.490641 75.151566 -10.429631 -0.126731 -29.040155 1.718036 -2.076795 0.764213 0.0 -0.0 2e-06 -13.76053 -8.506253 -43.060608 0.470505 0.583838 74.478493 9.501191 1.955696 -25.565269 -1.426331 0.812784 1.769812 0.0 -0.0 -1e-06 
0.0 0.0 0.0 0.0 -0.0 0.0 2.261338 83.8358 20.750942 2.169934 -2.161555 -3.799602 0.397786 -1.056814 17.712912 -0.114278 -1.348103 1.502885 0.960674 -4.624729 16.797094 -3.686503 3.833924 -2.588445 -0.358345 1.239938 -3.790656 -3.092033 1.433221 -24.817459 7.7e-05 -2.2e-05 6e-06 0.017651 -0.154778 -0.019748 0.523041 -3.857145 -10.632313 -0.487575 3.54651 -10.657232 1.632918 -14.744623 12.222981 -61.559128 -17.141409 14.551862 1.151457 -46.631023 -1.073772 8.946595 -1.562296 7.925353 -5.882109 9.861288 0.702591 -10.936873 -0.360574 7.156208 0.0 8.774828 -0.0 -16.034639 18.42971 6.257135 -1.844033 2.498504 -2.507279 -10.163602 4.678947 4.621112 -20.97603 -2e-06 1e-06 -21.226295 2.451698 -3.594002 -1e-06 -5e-06 0.0 -1.362683 2.240799 -0.746324 -21.334921 0.584912 3.008323 -13.821218 -2e-06 2e-06 -23.887178 -0.249079 -0.839485 -60.434464 2.667629 -1.215271 -0.294025 1.679688 0.833257 -14.218213 0.093216 1.30058 -34.212059 -0.287562 0.967168 -20.033218 0.964537 1.212841 1e-06 0.0 1e-06 -3.440391 0.788234 0.501656 -15.928192 -3.167308 2.999707 -6.338829 -0.0 -0.0 -18.123455 3.648185 -4.905673 -3e-06 0.0 -2e-06 1.469242 14.186239 12.610612 60.365807 31.218435 7.058285 -0.068195 40.829311 0.056828 -7.17521 -3.720927 -4.512589 2.243543 -5.255037 -3.18016 14.282892 -0.826596 6.952503 -2e-06 -12.690607 2e-06 16.018681 -18.011845 2.490017 1.665668 -1.955922 -2.8783 4.727798 -4.170587 4.993925 11.020526 2e-06 -3e-06 12.109053 -3.735716 -2.866785 -0.0 0.0 1e-06 1.291987 -1.928551 -1.49809 14.800129 0.567467 3.865607 14.242576 -1.341735 -6.660661 19.631969 0.143928 -0.648249 50.168922 -0.776944 -6.495448 0.35303 -1.51115 -0.031941 20.222792 3.684308 2.316628 18.787273 5e-06 -5e-06 10.751629 -0.479867 1.397904 -0.0 -0.0 2e-06 3.273807 0.305946 -0.580111 21.486816 11.830376 2.26613 8.162926 0.0 -1e-06 18.399088 -3.798987 -4.94058 3e-06 -0.0 -1e-06 6.159012 8.48644 -36.020264 -0.509288 -0.509383 66.856781 -9.989078 -0.416633 -25.800793 1.725139 -2.071185 0.732613 0.0 -0.0 2e-06 -13.396191 -8.375695 -37.682991 0.322481 0.594536 66.496185 9.38214 0.739548 -23.137012 -1.426842 0.813009 1.791427 -0.0 -0.0 -1e-06 
0.0 0.0 0.0 0.0 -0.0 0.0 2.070823 87.571571 22.089254 2.142437 -1.450965 -3.609163 0.408679 -1.050521 15.840153 -0.110313 -1.436477 0.697736 0.699205 -4.52883 15.30364 -3.457162 3.710838 -1.639268 -0.332923 1.126358 -3.756065 -2.873717 1.292079 -23.384756 7.7e-05 -2.2e-05 6e-06 0.013379 -0.132175 -0.016524 0.53585 -3.843527 -10.627626 -0.509021 3.578486 -10.657457 0.967056 -14.428097 12.353224 -62.691895 -16.426235 16.222607 1.008182 -44.275211 -0.905754 7.564785 -1.636479 5.587197 -5.88211 9.861288 0.702591 -10.936875 -0.360574 7.156208 0.0 8.774827 -0.0 -15.878155 18.500134 6.357484 -1.844033 2.498504 -2.507278 -10.163604 4.678946 4.62111 -20.976032 -3e-06 1e-06 -21.226295 2.451696 -3.594004 -0.0 -6e-06 1e-06 -1.362682 2.240798 -0.746322 -21.334921 0.58491 3.008321 -13.821218 -2e-06 2e-06 -23.88718 -0.249079 -0.839485 -60.540741 2.663748 -1.217271 -0.294025 1.679688 0.833256 -14.218214 0.093216 1.30058 -34.212063 -0.287564 0.967167 -20.033218 0.964535 1.212842 1e-06 -0.0 0.0 -3.440389 0.788233 0.501656 -15.928192 -3.167308 2.999706 -6.338829 -0.0 1e-06 -18.123455 3.648184 -4.905674 -3e-06 -1e-06 -3e-06 1.386884 13.969198 12.539505 63.399025 29.03422 7.292601 0.192238 38.399204 0.228326 -8.166127 -4.075782 -5.331465 2.243542 -5.255037 -3.180159 14.282887 -0.826595 6.952502 -2e-06 -12.690605 0.0 15.924308 -17.875021 2.550507 1.665667 -1.955922 -2.878299 4.727798 -4.170587 4.993925 11.020526 3e-06 -3e-06 12.109052 -3.735715 -2.866786 -0.0 0.0 -0.0 1.291986 -1.92855 -1.498088 14.800127 0.567467 3.865605 14.242574 -1.341736 -6.66066 19.631969 0.143927 -0.648247 49.936249 -0.761815 -6.445657 0.353029 -1.511152 -0.03194 20.222788 3.68431 2.316627 18.78727 5e-06 -3e-06 10.751627 -0.479869 1.397906 -1e-06 1e-06 0.0 3.273806 0.305947 -0.580111 21.486809 11.830376 2.26613 8.162928 4e-06 -1e-06 18.399078 -3.798985 -4.940576 2e-06 1e-06 -1e-06 5.987091 8.937706 -30.758333 -0.441424 -0.523548 57.942947 -9.583331 -0.804979 -22.311102 1.734349 -2.05632 0.689035 0.0 -0.0 2e-06 -13.005209 -8.291982 -32.048519 0.17553 0.571472 57.875526 9.215565 -0.372005 -20.402857 -1.432808 0.833182 1.678088 -0.0 0.0 -1e-06 
0.0 0.0 0.0 0.0 -0.0 0.0 1.921627 91.018364 23.724466 2.126438 -0.838374 -3.318965 0.36577 -1.027482 13.790914 -0.131711 -1.443036 -0.088754 0.432231 -4.4011 13.817185 -3.320891 3.706728 -0.372615 -0.311121 0.938287 -3.7327 -2.577876 1.188578 -21.831972 7.7e-05 -2.3e-05 6e-06 0.009701 -0.11191 -0.007581 0.547449 -3.834855 -10.619921 -0.528417 3.61052 -10.658376 0.331306 -13.870131 12.324324 -63.832722 -15.32563 17.357231 0.935672 -42.344311 -0.763973 6.38248 -1.515705 3.607926 -5.882107 9.861285 0.70259 -10.936873 -0.360575 7.156208 1e-06 8.774824 0.0 -15.80858 18.520929 6.406456 -1.844034 2.498504 -2.507275 -10.163602 4.678945 4.621108 -20.976027 -3e-06 4e-06 -21.22629 2.451698 -3.593999 -0.0 -6e-06 -1e-06 -1.362682 2.240799 -0.746323 -21.334919 0.584911 3.008324 -13.821217 -2e-06 4e-06 -23.887175 -0.249077 -0.839482 -60.631725 2.659242 -1.220768 -0.294025 1.679688 0.833257 -14.218212 0.093215 1.300579 -34.212055 -0.287561 0.967173 -20.033218 0.964538 1.212844 1e-06 -1e-06 -0.0 -3.440389 0.788233 0.501656 -15.928191 -3.167309 2.999708 -6.338829 -1e-06 3e-06 -18.123453 3.648184 -4.905671 -4e-06 -2e-06 -3e-06 1.448171 13.616854 12.43703 66.218445 26.281128 6.899894 0.555663 36.46455 0.377897 -8.876431 -4.377028 -5.897914 2.243542 -5.255038 -3.180158 14.282895 -0.826597 6.952503 -1e-06 -12.690609 -1e-06 15.891485 -17.779417 2.5696 1.665667 -1.955923 -2.878298 4.7278 -4.170589 4.993924 11.020528 1e-06 -1e-06 12.109056 -3.735719 -2.866785 -0.0 0.0 -1e-06 1.291985 -1.92855 -1.498089 14.800132 0.567467 3.865608 14.242576 -1.34174 -6.660657 19.631973 0.143923 -0.648245 49.776836 -0.729517 -6.417577 0.35303 -1.511152 -0.03194 20.222797 3.684307 2.31663 18.787279 2e-06 -0.0 10.751633 -0.479869 1.397905 -0.0 0.0 1e-06 3.273808 0.305946 -0.580111 21.486816 11.830376 2.266134 8.162929 1e-06 -2e-06 18.399088 -3.798988 -4.940577 5e-06 0.0 -0.0 5.876745 9.286572 -25.209724 -0.366142 -0.522183 48.519745 -9.332624 -1.091238 -18.698238 1.740283 -2.016858 0.660157 0.0 0.0 2e-06 -12.705239 -8.150753 -26.233595 0.071177 0.533802 48.742973 9.118021 -1.498545 -17.440323 -1.436288 0.880036 1.510153 -0.0 -0.0 -1e-06 
0.0 0.0 0.0 0.0 -0.0 0.0 1.862689 94.009926 25.645685 2.163113 -0.391232 -2.937714 0.236289 -0.961362 11.593809 -0.162262 -1.395424 -0.871247 0.135888 -4.21176 12.363719 -3.264642 3.811999 1.203782 -0.312274 0.760707 -3.715456 -2.193402 1.069202 -20.198866 7.7e-05 -2.2e-05 6e-06 0.004951 -0.095232 0.004313 0.55975 -3.830095 -10.613572 -0.55048 3.640943 -10.663912 -0.231052 -12.995311 12.181812 -64.947212 -13.675505 17.587479 0.850159 -41.225376 -0.625839 5.525964 -1.167946 1.965128 -5.882114 9.861295 0.702591 -10.936885 -0.360575 7.156217 1e-06 8.774835 -1e-06 -15.790312 18.477535 6.421026 -1.844035 2.498507 -2.507281 -10.163612 4.678949 4.621114 -20.976048 -3e-06 1e-06 -21.226315 2.4517 -3.594006 -1e-06 -6e-06 -0.0 -1.362682 2.2408 -0.746323 -21.33494 0.584911 3.00833 -13.82123 -2e-06 1e-06 -23.887201 -0.249079 -0.839483 -60.64555 2.660244 -1.215046 -0.294026 1.67969 0.833256 -14.218225 0.093215 1.300584 -34.212093 -0.287562 0.967174 -20.033241 0.964537 1.212846 1e-06 -0.0 0.0 -3.440392 0.788233 0.501656 -15.928206 -3.167312 2.999712 -6.338833 -0.0 1e-06 -18.12347 3.648185 -4.905677 -4e-06 1e-06 -0.0 1.470376 12.987966 12.319831 68.629486 23.069576 7.024602 0.911127 35.454479 0.477215 -8.894779 -4.548601 -5.973973 2.243544 -5.255042 -3.180159 14.282904 -0.826597 6.952505 -2e-06 -12.690619 1e-06 15.91236 -17.776901 2.600379 1.665669 -1.955924 -2.878302 4.727803 -4.170592 4.993927 11.020538 3e-06 -3e-06 12.109062 -3.735721 -2.866787 1e-06 0.0 0.0 1.291987 -1.928551 -1.498091 14.800142 0.567467 3.865608 14.242585 -1.341738 -6.660665 19.631987 0.143927 -0.648248 49.771431 -0.716321 -6.408753 0.35303 -1.511154 -0.03194 20.222809 3.684313 2.316631 18.787289 4e-06 -2e-06 10.751638 -0.479868 1.397907 -0.0 1e-06 0.0 3.27381 0.305947 -0.580111 21.486832 11.830391 2.266132 8.162935 2e-06 -2e-06 18.399099 -3.798988 -4.940583 3e-06 1e-06 -1e-06 5.741421 9.347447 -19.447689 -0.303174 -0.524172 38.754791 -9.209772 -1.02719 -15.095468 1.744459 -1.97021 0.62951 0.0 1e-06 2e-06 -12.570793 -7.903969 -20.343088 0.017168 0.50192 39.285061 9.012141 -2.668515 -14.32493 -1.439383 0.940134 1.272184 -0.0 -0.0 -1e-06 
0.0 0.0 0.0 0.0 -0.0 0.0 1.886938 96.320168 27.558826 2.182083 -0.205359 -2.403921 0.058278 -0.885318 9.325091 -0.193432 -1.258193 -1.633357 -0.133476 -3.990576 10.948354 -3.345227 3.974061 2.882368 -0.286659 0.743557 -3.711612 -1.764174 0.957428 -18.478407 7.7e-05 -2.3e-05 6e-06 -0.001253 -0.083348 0.016591 0.573442 -3.824333 -10.603419 -0.576774 3.659496 -10.662491 -0.669711 -11.795573 11.995831 -66.100731 -11.500557 16.698452 0.782277 -41.026257 -0.534743 5.271185 -0.766572 0.283801 -5.882113 9.861294 0.702588 -10.936878 -0.360571 7.156205 -2e-06 8.77483 -2e-06 -15.849516 18.444435 6.393611 -1.844034 2.498507 -2.507278 -10.163608 4.678952 4.621108 -20.976038 2e-06 -3e-06 -21.226307 2.451702 -3.594009 -0.0 -7e-06 -0.0 -1.362682 2.240799 -0.746323 -21.334925 0.584916 3.008318 -13.821221 2e-06 -3e-06 -23.887188 -0.249077 -0.839494 -60.648609 2.661901 -1.214059 -0.294025 1.679689 0.833257 -14.218216 0.093219 1.300577 -34.212067 -0.287557 0.967158 -20.033222 0.964539 1.212836 -0.0 1e-06 0.0 -3.440391 0.788235 0.501654 -15.928192 -3.167306 2.999705 -6.33883 1e-06 -0.0 -18.123457 3.648187 -4.905679 -4e-06 -0.0 -3e-06 1.401876 12.119592 12.21578 70.498924 19.720913 8.07163 1.170899 35.266727 0.542091 -8.196942 -4.674195 -5.621741 2.243544 -5.255041 -3.180159 14.282896 -0.826597 6.952503 1e-06 -12.690617 -1e-06 15.956936 -17.826891 2.608797 1.665668 -1.955923 -2.8783 4.727801 -4.170592 4.993925 11.020532 2e-06 -4e-06 12.109059 -3.735721 -2.866788 1e-06 0.0 0.0 1.291986 -1.928552 -1.49809 14.800134 0.567466 3.865607 14.242581 -1.341742 -6.660665 19.631975 0.143925 -0.648249 49.855564 -0.714004 -6.415998 0.35303 -1.511152 -0.031939 20.222801 3.684309 2.316628 18.787285 2e-06 -5e-06 10.751635 -0.479869 1.397904 -1e-06 0.0 0.0 3.273809 0.305947 -0.58011 21.486816 11.830381 2.26613 8.16293 1e-06 -4e-06 18.399094 -3.79899 -4.940585 4e-06 1e-06 -1e-06 5.613917 9.084192 -14.063472 -0.240747 -0.521167 29.339758 -8.967686 -0.529169 -11.602988 1.740994 -1.925647 0.505195 0.0 -0.0 2e-06 -12.489679 -7.722927 -14.974541 -0.011661 0.477138 30.145628 8.683697 -3.567513 -11.138006 -1.442107 0.982839 1.026528 -0.0 -0.0 -1e-06 
0.0 0.0 0.0 0.0 -0.0 0.0 1.88662 97.894112 29.197195 2.046263 -0.325866 -1.742698 -0.038003 -0.801361 7.12073 -0.21911 -1.075605 -2.363251 -0.298228 -3.799318 9.695189 -3.60788 4.179369 4.218182 -0.212227 0.875333 -3.700502 -1.379385 0.936019 -16.687933 7.7e-05 -2.3e-05 6e-06 -0.007875 -0.080617 0.02269 0.587802 -3.819453 -10.590413 -0.604322 3.661464 -10.652642 -1.227782 -10.502392 11.838184 -66.988174 -8.905503 14.847841 0.670759 -41.679214 -0.447588 5.537245 -0.361004 -1.430972 -5.882108 9.86129 0.702592 -10.936876 -0.360576 7.156206 1e-06 8.77483 0.0 -15.932862 18.413898 6.331479 -1.844033 2.498505 -2.507278 -10.163604 4.678947 4.621109 -20.97603 -6e-06 1e-06 -21.226297 2.451696 -3.594006 2e-06 -4e-06 -2e-06 -1.362682 2.240801 -0.746325 -21.334923 0.584908 3.008322 -13.821218 -5e-06 -1e-06 -23.887178 -0.249083 -0.839485 -60.632179 2.656399 -1.221912 -0.294025 1.679688 0.833256 -14.218214 0.093213 1.300578 -34.212063 -0.28757 0.967166 -20.03322 0.964534 1.212844 0.0 -1e-06 -0.0 -3.440391 0.788234 0.501655 -15.928192 -3.167312 2.999705 -6.338828 -2e-06 -2e-06 -18.123453 3.648184 -4.905674 -4e-06 0.0 -1e-06 1.488506 11.228415 12.151259 71.520958 16.559628 9.706813 1.332351 35.587402 0.627117 -7.087021 -4.870659 -5.036519 2.243543 -5.25504 -3.180159 14.282898 -0.826595 6.952506 -3e-06 -12.690612 1e-06 16.006693 -17.882273 2.592371 1.665668 -1.955923 -2.8783 4.727801 -4.17059 4.993925 11.020534 3e-06 -2e-06 12.109058 -3.735718 -2.866786 1e-06 0.0 0.0 1.291986 -1.92855 -1.498089 14.800138 0.567468 3.865608 14.24258 -1.341736 -6.660661 19.631975 0.143927 -0.648245 49.944244 -0.711956 -6.430033 0.353029 -1.511152 -0.031939 20.222803 3.684312 2.316631 18.787283 6e-06 -1e-06 10.751633 -0.479869 1.397907 2e-06 0.0 -1e-06 3.273808 0.305946 -0.580111 21.486824 11.830384 2.266134 8.162931 1e-06 -1e-06 18.399088 -3.798985 -4.940578 4e-06 0.0 -1e-06 5.67806 8.642099 -9.543719 -0.168484 -0.493565 21.027424 -8.622203 0.17239 -8.658594 1.729132 -1.905805 0.335909 -0.0 -0.0 2e-06 -12.238805 -7.776969 -10.581737 -0.043117 0.426095 21.999556 8.128132 -3.726897 -8.069371 -1.447889 0.993449 0.838104 -0.0 -0.0 -1e-06 
0.0 0.0 0.0 0.0 -0.0 0.0 1.851455 98.725609 30.550348 1.760072 -0.636795 -1.268977 -0.021413 -0.7246 5.254614 -0.235299 -0.926152 -2.972831 -0.349943 -3.666722 8.834 -4.010211 4.442702 4.930864 -0.119755 1.141401 -3.697974 -1.096761 1.091169 -14.994534 7.7e-05 -2.2e-05 6e-06 -0.01362 -0.076607 0.015749 0.6023 -3.810838 -10.588633 -0.630521 3.661874 -10.646981 -2.246326 -9.295006 11.67625 -67.113983 -6.318395 12.849348 0.532447 -42.535568 -0.336487 5.899766 -0.129805 -3.038461 -5.882108 9.86129 0.702589 -10.936874 -0.360574 7.156204 -0.0 8.774828 1e-06 -16.003105 18.405214 6.269086 -1.844033 2.498507 -2.507279 -10.163604 4.678949 4.621109 -20.976032 -3e-06 -3e-06 -21.226297 2.451698 -3.594006 3e-06 -6e-06 -2e-06 -1.362682 2.240799 -0.746324 -21.334921 0.58491 3.008321 -13.82122 -3e-06 -1e-06 -23.887178 -0.249077 -0.839486 -60.568451 2.648279 -1.225923 -0.294024 1.679688 0.833256 -14.218212 0.093217 1.300578 -34.212063 -0.287564 0.967163 -20.03322 0.964536 1.21284 0.0 -0.0 0.0 -3.44039 0.788235 0.501653 -15.928192 -3.16731 2.999705 -6.338829 -1e-06 0.0 -18.123457 3.648184 -4.905677 -5e-06 1e-06 -0.0 2.20166 10.457375 12.190476 71.400421 14.071819 11.382291 1.213544 35.914295 0.621638 -5.899353 -5.330305 -4.421712 2.243543 -5.25504 -3.180158 14.282896 -0.826597 6.952505 -0.0 -12.690612 -1e-06 16.058241 -17.915318 2.550743 1.665667 -1.955922 -2.878299 4.7278 -4.170592 4.993925 11.020529 2e-06 -3e-06 12.109056 -3.735719 -2.866787 -1e-06 0.0 -1e-06 1.291986 -1.928551 -1.498089 14.800134 0.567467 3.865608 14.242578 -1.34174 -6.660663 19.631969 0.143924 -0.648246 50.024891 -0.70177 -6.43574 0.35303 -1.511151 -0.031941 20.222801 3.684309 2.31663 18.787283 2e-06 -1e-06 10.751633 -0.47987 1.397906 2e-06 1e-06 0.0 3.273808 0.305948 -0.58011 21.48682 11.830378 2.266134 8.16293 -0.0 -2e-06 18.39909 -3.798988 -4.940581 3e-06 0.0 -1e-06 5.973534 8.151707 -6.232437 -0.103236 -0.459733 15.239281 -8.439748 0.762266 -6.742682 1.710142 -1.89531 0.336704 -0.0 0.0 2e-06 -11.885427 -8.054366 -7.359524 -0.05821 0.382555 16.090033 7.70794 -3.0013 -5.868172 -1.453966 0.980533 0.718564 -0.0 -0.0 -1e-06 
0.0 0.0 0.0 0.0 -0.0 0.0 1.82575 98.972824 31.668291 1.538932 -1.107463 -1.268395 -0.022649 -0.660712 3.928692 -0.254074 -0.84446 -3.393905 -0.408708 -3.552834 8.502293 -4.424065 4.700486 5.021561 -0.051648 1.590857 -3.673651 -0.898059 1.417588 -13.510548 7.7e-05 -2.2e-05 6e-06 -0.016727 -0.048158 0.004596 0.611504 -3.781995 -10.593283 -0.646189 3.692062 -10.644926 -3.779297 -8.31483 11.492841 -66.459885 -4.199234 11.029476 0.307841 -42.627934 -0.163934 6.257153 -0.165594 -4.489354 -5.88211 9.861292 0.702592 -10.936878 -0.360575 7.156209 2e-06 8.774831 -1e-06 -15.992092 18.438231 6.218132 -1.844034 2.498507 -2.507279 -10.163607 4.678948 4.621112 -20.97604 -5e-06 0.0 -21.226303 2.451697 -3.594004 1e-06 -5e-06 -0.0 -1.362684 2.2408 -0.746324 -21.334929 0.584908 3.008323 -13.821221 -4e-06 -0.0 -23.887188 -0.249081 -0.839482 -60.443581 2.650672 -1.234127 -0.294026 1.679689 0.833256 -14.218218 0.093214 1.300582 -34.212074 -0.287568 0.96717 -20.033228 0.964536 1.212844 0.0 -0.0 0.0 -3.44039 0.788234 0.501656 -15.928196 -3.167312 2.999707 -6.33883 -1e-06 -0.0 -18.123459 3.648183 -4.905673 -3e-06 1e-06 -2e-06 3.790178 9.847971 12.367149 70.35199 12.609506 12.425389 0.870862 35.519928 0.485819 -5.162647 -5.981687 -3.930743 2.243544 -5.255039 -3.180161 14.282904 -0.826594 6.952507 -4e-06 -12.690613 0.0 16.078203 -17.943071 2.510888 1.665667 -1.955922 -2.878301 4.727802 -4.170589 4.993928 11.020536 4e-06 -3e-06 12.109062 -3.735716 -2.866786 0.0 -0.0 -1e-06 1.291987 -1.928552 -1.498091 14.800142 0.567469 3.865609 14.242586 -1.341735 -6.660665 19.631989 0.143929 -0.648245 49.996971 -0.700342 -6.44916 0.353029 -1.511151 -0.03194 20.222807 3.684313 2.316631 18.787292 7e-06 -1e-06 10.751637 -0.479867 1.397906 1e-06 -0.0 -1e-06 3.27381 0.305947 -0.58011 21.486834 11.830384 2.266131 8.162935 2e-06 -2e-06 18.399099 -3.798985 -4.940578 3e-06 1e-06 -1e-06 6.278061 7.774856 -4.157659 -0.063739 -0.439759 12.773368 -8.575262 1.087379 -6.403997 1.692144 -1.904033 0.54689 -0.0 -0.0 2e-06 -11.740007 -8.422533 -5.445179 -0.047767 0.360601 13.45974 7.81146 -1.599613 -5.163654 -1.45589 0.946829 0.723377 -0.0 -0.0 -1e-06 
0.0 0.0 0.0 0.0 -0.0 0.0 1.784361 98.813515 32.611382 1.444671 -1.66637 -1.869735 -0.051113 -0.623422 3.164466 -0.277251 -0.777126 -3.63633 -0.54994 -3.469859 8.630456 -4.786963 4.914223 4.872046 0.0207 2.142112 -3.635815 -0.765172 1.894222 -12.383913 7.7e-05 -2.2e-05 6e-06 -0.019022 -0.013918 -0.0024 0.626275 -3.751237 -10.611189 -0.665873 3.730221 -10.649222 -5.422114 -7.672356 11.353345 -65.606712 -2.85109 9.46207 0.026036 -41.046951 0.019364 6.804642 -0.449211 -5.76294 -5.882106 9.861286 0.70259 -10.936873 -0.360575 7.156207 1e-06 8.774826 -2e-06 -15.99177 18.513893 6.135282 -1.844032 2.498503 -2.507277 -10.163599 4.678944 4.621107 -20.976025 -4e-06 3e-06 -21.226286 2.451697 -3.593997 1e-06 -5e-06 -1e-06 -1.362682 2.240798 -0.746323 -21.334917 0.584907 3.008323 -13.821217 -4e-06 3e-06 -23.887178 -0.249081 -0.839482 -60.351219 2.657928 -1.256349 -0.294025 1.679688 0.833256 -14.21821 0.093214 1.300581 -34.212051 -0.287564 0.967173 -20.033215 0.964537 1.212844 -1e-06 -0.0 2e-06 -3.440389 0.788232 0.501655 -15.928185 -3.167312 2.999708 -6.338826 -1e-06 2e-06 -18.123446 3.648181 -4.905669 -4e-06 1e-06 -2e-06 5.763502 9.344489 12.582481 69.349197 12.208124 12.333405 0.393404 33.713726 0.277811 -5.418196 -6.811562 -3.833866 2.243543 -5.255037 -3.180159 14.282897 -0.826595 6.952503 -4e-06 -12.69061 2e-06 16.080179 -17.946035 2.471215 1.665667 -1.955921 -2.8783 4.7278 -4.170588 4.993927 11.020534 4e-06 -2e-06 12.10906 -3.735716 -2.866785 -1e-06 0.0 0.0 1.291987 -1.928551 -1.49809 14.800136 0.567469 3.865607 14.24258 -1.341735 -6.660661 19.631977 0.143928 -0.648247 49.844975 -0.703917 -6.453402 0.353029 -1.511151 -0.03194 20.222803 3.684311 2.316629 18.787285 7e-06 -1e-06 10.751634 -0.479867 1.397907 1e-06 1e-06 1e-06 3.273809 0.305947 -0.580112 21.486828 11.830382 2.266131 8.16293 3e-06 -1e-06 18.39909 -3.798984 -4.940577 4e-06 1e-06 -1e-06 6.572097 7.730878 -2.976464 -0.037545 -0.42807 13.289558 -9.115986 0.904649 -7.482903 1.67866 -1.918575 0.756795 0.0 0.0 2e-06 -11.86873 -8.840489 -4.621984 -0.037084 0.353399 14.096437 8.285469 0.130192 -5.98501 -1.453077 0.878088 0.867006 -0.0 0.0 -1e-06 
0.0 0.0 0.0 0.0 -0.0 0.0 1.665421 98.517952 33.425056 1.533931 -2.205508 -2.955233 -0.130399 -0.605721 2.802752 -0.302878 -0.726353 -3.788177 -0.797513 -3.434909 9.073166 -5.170576 5.158002 4.825578 0.109588 2.606138 -3.634122 -0.603201 2.423399 -11.525424 7.7e-05 -2.3e-05 6e-06 -0.020245 0.001605 -0.006864 0.648061 -3.741332 -10.659142 -0.690281 3.752861 -10.680877 -6.670042 -7.343346 11.329837 -65.325157 -2.264344 8.124689 -0.028155 -37.518337 -0.013956 7.445099 -0.330972 -6.584079 -5.88211 9.861293 0.702592 -10.936878 -0.360575 7.156209 0.0 8.774834 -0.0 -16.008745 18.579374 6.052749 -1.844035 2.498507 -2.50728 -10.163607 4.67895 4.621111 -20.97604 -3e-06 2e-06 -21.226307 2.451699 -3.594005 2e-06 -6e-06 1e-06 -1.362683 2.240801 -0.746323 -21.33493 0.58491 3.008324 -13.821225 -3e-06 2e-06 -23.88719 -0.249079 -0.839485 -60.329144 2.663596 -1.283981 -0.294025 1.67969 0.833256 -14.218219 0.093215 1.300579 -34.212074 -0.287565 0.967168 -20.03323 0.964536 1.212842 1e-06 -0.0 -2e-06 -3.440391 0.788234 0.501657 -15.9282 -3.167313 2.999708 -6.338831 0.0 -0.0 -18.123459 3.648184 -4.905678 -5e-06 0.0 -3e-06 7.370238 8.98412 12.88637 69.337097 12.507106 10.708643 -0.059932 30.615463 0.091543 -6.818541 -7.97104 -4.550317 2.243542 -5.255038 -3.180157 14.282896 -0.826596 6.952504 -1e-06 -12.690612 1e-06 16.097868 -17.947168 2.431564 1.665667 -1.955923 -2.878299 4.727801 -4.170591 4.993924 11.02053 1e-06 -1e-06 12.109057 -3.735719 -2.866786 1e-06 0.0 -0.0 1.291986 -1.92855 -1.49809 14.800132 0.567468 3.865608 14.242579 -1.341739 -6.660661 19.631975 0.143926 -0.648246 49.660694 -0.690605 -6.473536 0.353029 -1.511152 -0.03194 20.222797 3.684311 2.31663 18.787279 4e-06 -1e-06 10.751632 -0.479868 1.397904 1e-06 1e-06 -0.0 3.273808 0.305946 -0.580111 21.48682 11.830381 2.266133 8.16293 1e-06 -1e-06 18.39909 -3.798988 -4.940579 4e-06 1e-06 -0.0 6.836125 7.993868 -1.594641 -0.034569 -0.430097 14.310596 -9.765076 0.341377 -8.702216 1.673035 -1.934662 0.757219 0.0 -0.0 2e-06 -12.258957 -9.141418 -3.908561 -0.028653 0.329107 15.86684 8.743931 1.671326 -7.310762 -1.447993 0.812279 1.063368 0.0 0.0 -1e-06 
0.0 0.0 0.0 0.0 -0.0 0.0 1.501275 98.246376 34.116516 1.729775 -2.606005 -4.214246 -0.17812 -0.598645 2.595896 -0.326363 -0.666906 -3.90022 -1.110761 -3.423975 9.591744 -5.564585 5.40893 5.115493 0.204109 2.914992 -3.658261 -0.437952 2.936789 -10.870657 7.7e-05 -2.2e-05 6e-06 -0.021815 -0.00277 -0.010232 0.661928 -3.75031 -10.710078 -0.707334 3.754324 -10.719966 -7.458312 -7.221271 11.427695 -65.78598 -2.176955 6.870058 0.043668 -32.639889 -0.107541 7.522942 0.814076 -6.764626 -5.882108 9.86129 0.702592 -10.936873 -0.360573 7.156204 -1e-06 8.774831 -1e-06 -16.092237 18.567432 5.992474 -1.844032 2.498505 -2.507278 -10.163602 4.678948 4.62111 -20.97603 -2e-06 0.0 -21.226294 2.451699 -3.594004 1e-06 -6e-06 -1e-06 -1.362682 2.240799 -0.746323 -21.334917 0.584911 3.008323 -13.821217 -1e-06 1e-06 -23.887177 -0.249078 -0.839485 -60.440079 2.654194 -1.292444 -0.294026 1.679689 0.833256 -14.218213 0.093218 1.300581 -34.212055 -0.287561 0.967166 -20.033222 0.964537 1.21284 1e-06 1e-06 -1e-06 -3.440389 0.788235 0.501656 -15.928189 -3.16731 2.999707 -6.338828 -0.0 -0.0 -18.123451 3.648187 -4.905674 -4e-06 1e-06 -3e-06 8.300518 8.772122 13.250339 70.28064 12.908632 8.603025 -0.529432 27.05859 -0.03681 -8.078425 -9.463413 -6.320827 2.243543 -5.255044 -3.180159 14.282902 -0.826598 6.952506 -1e-06 -12.690618 2e-06 16.188688 -17.963547 2.40647 1.665668 -1.955923 -2.8783 4.727803 -4.170593 4.993927 11.020535 1e-06 -2e-06 12.10906 -3.735722 -2.866787 -0.0 -0.0 -0.0 1.291987 -1.928551 -1.498091 14.800139 0.567467 3.86561 14.242582 -1.34174 -6.660663 19.631985 0.143925 -0.648248 49.645035 -0.675071 -6.498532 0.35303 -1.511153 -0.03194 20.222805 3.684311 2.31663 18.787287 2e-06 -3e-06 10.751634 -0.479868 1.397906 -0.0 -0.0 -0.0 3.27381 0.305947 -0.580112 21.486828 11.830386 2.266133 8.162932 2e-06 -2e-06 18.399099 -3.79899 -4.940582 2e-06 -1e-06 -1e-06 7.087646 8.420067 0.137926 -0.039145 -0.415314 14.782317 -10.252606 -0.416234 -9.5003 1.668271 -1.950312 0.637627 -0.0 0.0 2e-06 -12.752287 -9.155989 -2.921109 -0.017196 0.286402 17.368275 8.993805 2.687742 -8.493577 -1.443189 0.771708 1.252664 -0.0 0.0 -1e-06 
0.0 0.0 0.0 0.0 -0.0 0.0 1.34463 98.096313 34.651043 1.814255 -2.859937 -5.243845 -0.048834 -0.572646 2.37593 -0.328066 -0.634282 -3.988209 -1.339875 -3.420962 9.991627 -5.975796 5.629544 5.531409 0.275164 3.167079 -3.697155 -0.339839 3.349036 -10.286276 7.7e-05 -2.2e-05 6e-06 -0.019536 -0.028779 -0.009455 0.659674 -3.779309 -10.735962 -0.700488 3.732392 -10.744864 -8.326051 -7.092497 11.558627 -66.490799 -2.127551 5.31506 0.061731 -27.662918 -0.13911 7.05703 2.654336 -6.40514 -5.882107 9.861287 0.70259 -10.936873 -0.360576 7.156208 1e-06 8.774826 -1e-06 -16.190525 18.488871 5.966127 -1.844033 2.498504 -2.507277 -10.163603 4.678945 4.62111 -20.97603 -4e-06 4e-06 -21.226294 2.451697 -3.594 -0.0 -6e-06 0.0 -1.362682 2.240799 -0.746324 -21.334921 0.584909 3.008325 -13.821218 -3e-06 3e-06 -23.887178 -0.249079 -0.839482 -60.565228 2.641182 -1.268521 -0.294025 1.679689 0.833257 -14.218213 0.093215 1.300579 -34.212063 -0.287565 0.967171 -20.033218 0.964537 1.212845 0.0 0.0 1e-06 -3.440389 0.788234 0.501655 -15.928191 -3.167309 2.999708 -6.338828 -1e-06 2e-06 -18.123453 3.648183 -4.905671 -3e-06 1e-06 -3e-06 8.943601 8.69035 13.537305 71.145493 12.942711 7.488423 -0.739123 23.774883 -0.078701 -7.955032 -11.283205 -8.517764 2.243544 -5.255041 -3.18016 14.282904 -0.826596 6.952507 -2e-06 -12.690615 1e-06 16.273525 -17.885225 2.362762 1.665668 -1.955923 -2.878301 4.727803 -4.170591 4.993927 11.020536 3e-06 -1e-06 12.109061 -3.735718 -2.866786 0.0 0.0 -0.0 1.291987 -1.928551 -1.49809 14.800142 0.567469 3.86561 14.242585 -1.341737 -6.660663 19.631987 0.143926 -0.648246 49.641544 -0.654589 -6.500423 0.35303 -1.511152 -0.03194 20.222807 3.684311 2.316631 18.787292 4e-06 -2e-06 10.751637 -0.479869 1.397907 1e-06 0.0 -0.0 3.27381 0.305947 -0.580111 21.486834 11.830384 2.266134 8.162937 3e-06 -1e-06 18.399099 -3.798988 -4.94058 2e-06 0.0 -1e-06 7.444419 8.914607 1.809143 -0.044492 -0.408324 14.592528 -10.470325 -1.242208 -9.783481 1.665495 -1.958203 0.533503 0.0 0.0 2e-06 -13.032917 -9.072322 -1.779092 -0.017684 0.276905 17.916994 9.069852 3.196999 -9.140156 -1.436305 0.759644 1.322255 -0.0 0.0 -1e-06 
0.0 0.0 0.0 0.0 -0.0 0.0 1.208665 98.052681 35.013927 1.622588 -2.910581 -5.857678 0.25697 -0.56998 2.116426 -0.296505 -0.624612 -4.056822 -1.337518 -3.432615 10.211656 -6.309739 5.785755 5.802771 0.307673 3.299001 -3.712912 -0.298182 3.620928 -9.816982 7.7e-05 -2.3e-05 6e-06 -0.015833 -0.060906 -0.002457 0.64336 -3.811048 -10.7168 -0.67686 3.699332 -10.734118 -9.178901 -6.853701 11.711864 -67.365807 -1.986879 3.436002 0.024125 -23.67864 -0.11204 6.297457 4.438622 -5.909428 -5.882109 9.86129 0.702589 -10.936875 -0.360575 7.156209 1e-06 8.774828 -1e-06 -16.252108 18.326256 5.946387 -1.844033 2.498505 -2.507279 -10.163604 4.678946 4.621109 -20.97603 -4e-06 0.0 -21.226295 2.451696 -3.594003 -1e-06 -6e-06 -1e-06 -1.362681 2.240799 -0.746323 -21.334927 0.584909 3.008323 -13.821221 -3e-06 2e-06 -23.887182 -0.249079 -0.839483 -60.616795 2.622643 -1.226957 -0.294025 1.679688 0.833256 -14.218215 0.093214 1.300581 -34.212063 -0.287565 0.967171 -20.033218 0.964537 1.212842 0.0 0.0 -0.0 -3.440391 0.788234 0.501656 -15.928192 -3.16731 2.999707 -6.338829 -2e-06 1e-06 -18.123457 3.648182 -4.905673 -3e-06 1e-06 -2e-06 9.456659 8.615554 13.676756 71.578026 12.594203 7.839216 -0.537121 21.017582 -0.022493 -6.105632 -13.054448 -9.83401 2.243543 -5.255038 -3.180158 14.282898 -0.826596 6.952504 -1e-06 -12.690607 0.0 16.263311 -17.701178 2.273018 1.665667 -1.955922 -2.878299 4.727802 -4.170589 4.993925 11.020533 2e-06 -1e-06 12.109058 -3.735717 -2.866785 0.0 0.0 -0.0 1.291986 -1.928549 -1.498089 14.800136 0.567466 3.865608 14.24258 -1.341738 -6.660659 19.631975 0.143924 -0.648245 49.488091 -0.630462 -6.465712 0.353029 -1.511151 -0.03194 20.222803 3.684309 2.316631 18.787287 4e-06 -1e-06 10.751633 -0.479869 1.397905 -1e-06 -0.0 0.0 3.273808 0.305947 -0.580111 21.486822 11.830376 2.266133 8.16293 0.0 -2e-06 18.39909 -3.798987 -4.940578 1e-06 -0.0 -1e-06 8.006508 9.354502 2.915942 -0.043477 -0.437384 14.307338 -10.562149 -2.050764 -9.826488 1.667696 -1.946143 0.494444 -0.0 -0.0 2e-06 -12.916169 -9.065703 -0.717329 -0.012488 0.287498 17.634293 9.103069 3.312284 -9.283364 -1.428253 0.770761 1.259759 0.0 0.0 -1e-06 
0.0 0.0 0.0 0.0 -0.0 0.0 1.054204 98.090157 35.260708 1.241989 -2.704902 -6.147486 0.602066 -0.563487 1.889226 -0.261406 -0.671074 -4.146611 -1.143911 -3.467199 10.347834 -6.423524 5.801492 5.812392 0.334972 3.335498 -3.707775 -0.305075 3.710057 -9.596782 7.7e-05 -2.2e-05 6e-06 -0.013353 -0.092602 0.007004 0.636686 -3.840143 -10.700109 -0.664976 3.665619 -10.725357 -9.665939 -6.562364 11.867419 -68.465302 -1.707241 1.63146 0.059164 -21.189922 -0.114157 5.39158 5.681303 -5.533954 -5.882108 9.861292 0.70259 -10.936875 -0.360575 7.156206 -1e-06 8.774831 -2e-06 -16.333435 18.182602 5.951556 -1.844033 2.498505 -2.507277 -10.163604 4.678948 4.621109 -20.97603 -2e-06 2e-06 -21.226292 2.4517 -3.594003 -0.0 -6e-06 -1e-06 -1.362682 2.240799 -0.746324 -21.334919 0.58491 3.008323 -13.821217 -2e-06 1e-06 -23.887175 -0.249078 -0.839483 -60.760941 2.598114 -1.196015 -0.294026 1.679688 0.833256 -14.218214 0.093216 1.300581 -34.212051 -0.287561 0.96717 -20.033215 0.964537 1.212843 -2e-06 -1e-06 0.0 -3.440388 0.788234 0.501656 -15.928189 -3.167311 2.999707 -6.338827 -0.0 1e-06 -18.123447 3.648187 -4.905673 -3e-06 0.0 -1e-06 9.852304 8.512695 13.709351 71.709389 11.964739 9.019526 -0.052635 19.075954 0.064635 -3.446239 -14.24564 -10.324817 2.243542 -5.255039 -3.180158 14.282896 -0.826595 6.952504 -2e-06 -12.690611 1e-06 16.143238 -17.555098 2.21199 1.665666 -1.955922 -2.878299 4.7278 -4.17059 4.993925 11.020528 2e-06 -1e-06 12.109055 -3.735718 -2.866785 0.0 -0.0 0.0 1.291986 -1.92855 -1.498089 14.800132 0.567468 3.865608 14.242576 -1.341738 -6.660659 19.631969 0.143926 -0.648245 49.283512 -0.624574 -6.422901 0.353029 -1.511151 -0.03194 20.222797 3.684311 2.316631 18.787275 4e-06 -0.0 10.751631 -0.479869 1.397906 -1e-06 0.0 -0.0 3.273808 0.305947 -0.580111 21.48682 11.83038 2.266134 8.16293 1e-06 -0.0 18.399088 -3.798988 -4.940577 3e-06 -0.0 -1e-06 8.681868 9.586137 3.574201 -0.037912 -0.476469 13.922507 -10.629735 -2.752176 -9.679883 1.668741 -1.9273 0.539292 0.0 -0.0 2e-06 -12.495315 -9.115807 0.300907 -0.005141 0.309116 16.749155 9.094157 3.096051 -9.101958 -1.423696 0.802406 1.183583 0.0 0.0 -1e-06 
0.0 0.0 0.0 0.0 -0.0 0.0 0.886598 98.191803 35.474892 0.810084 -2.241729 -6.179731 0.867186 -0.571635 1.686981 -0.242971 -0.744121 -4.225671 -0.868268 -3.515476 10.414807 -6.193219 5.639059 5.624983 0.345251 3.26045 -3.694057 -0.295351 3.60858 -9.714712 7.7e-05 -2.3e-05 6e-06 -0.013718 -0.106606 0.015911 0.641206 -3.849697 -10.680645 -0.670004 3.646039 -10.713017 -9.813152 -6.373497 12.014003 -69.57003 -1.374859 0.247749 0.143424 -20.034925 -0.138526 4.597567 6.329163 -5.21428 -5.882107 9.861288 0.702591 -10.936872 -0.360574 7.156207 -0.0 8.774828 -1e-06 -16.425161 18.075226 5.978596 -1.844033 2.498505 -2.507278 -10.1636 4.678946 4.62111 -20.976027 -3e-06 0.0 -21.226288 2.451697 -3.594002 -1e-06 -5e-06 0.0 -1.362682 2.240798 -0.746323 -21.334913 0.58491 3.008322 -13.821213 -2e-06 1e-06 -23.887175 -0.249079 -0.839484 -60.937294 2.580942 -1.176934 -0.294025 1.679688 0.833256 -14.218208 0.093216 1.30058 -34.21204 -0.287562 0.967168 -20.033211 0.964537 1.212842 -2e-06 -1e-06 0.0 -3.440389 0.788233 0.501656 -15.928187 -3.16731 2.999707 -6.338827 -1e-06 1e-06 -18.123447 3.648185 -4.905672 -4e-06 -0.0 -2e-06 10.260934 8.333131 13.687785 71.639618 11.224018 10.265279 0.33542 17.864912 0.11607 -0.996644 -14.727232 -10.407339 2.243541 -5.255037 -3.180157 14.282887 -0.826594 6.952501 -2e-06 -12.690603 1e-06 15.970695 -17.484222 2.210328 1.665666 -1.955921 -2.878299 4.727797 -4.170587 4.993923 11.020522 2e-06 -2e-06 12.109048 -3.735716 -2.866785 0.0 -0.0 0.0 1.291986 -1.928549 -1.498089 14.800125 0.567468 3.865605 14.242569 -1.341736 -6.660659 19.631962 0.143927 -0.648246 49.113327 -0.644182 -6.393357 0.353029 -1.51115 -0.03194 20.222786 3.68431 2.316628 18.78727 5e-06 -2e-06 10.751626 -0.479868 1.397905 -1e-06 -0.0 -0.0 3.273806 0.305947 -0.580111 21.486809 11.830376 2.266132 8.162926 1e-06 -1e-06 18.399076 -3.798985 -4.940576 2e-06 0.0 -1e-06 9.30819 9.539235 3.972064 -0.027482 -0.494416 13.283496 -10.638144 -3.329125 -9.341688 1.668012 -1.904806 0.615857 -0.0 0.0 2e-06 -11.949297 -9.214923 1.329894 -0.008123 0.316018 15.377247 9.067216 2.567516 -8.701615 -1.421814 0.833625 1.116117 -0.0 0.0 -1e-06 
0.0 0.0 0.0 0.0 -0.0 0.0 0.719893 98.322159 35.685436 0.44635 -1.587567 -6.062541 0.99698 -0.586501 1.519259 -0.255972 -0.798722 -4.293266 -0.639147 -3.573585 10.442271 -5.529756 5.300859 5.315151 0.333941 3.083338 -3.683832 -0.256671 3.365382 -10.067201 7.7e-05 -2.2e-05 6e-06 -0.013628 -0.112947 0.026928 0.655174 -3.852696 -10.653144 -0.683372 3.636135 -10.68714 -9.722128 -6.318688 12.198331 -70.46949 -1.136389 -0.63101 0.208966 -19.8911 -0.14959 4.07979 6.512711 -4.992028 -5.88211 9.86129 0.70259 -10.936878 -0.360575 7.156207 0.0 8.77483 -2e-06 -16.483128 18.030954 5.985739 -1.844034 2.498505 -2.507278 -10.163606 4.678946 4.621109 -20.976038 -3e-06 3e-06 -21.226301 2.451698 -3.594 -1e-06 -5e-06 -0.0 -1.362682 2.240798 -0.746323 -21.334927 0.584909 3.008324 -13.821221 -3e-06 2e-06 -23.887184 -0.24908 -0.839483 -61.048458 2.58254 -1.18272 -0.294025 1.679688 0.833256 -14.218217 0.093215 1.300581 -34.21207 -0.287564 0.967172 -20.033226 0.964537 1.212844 -2e-06 -0.0 -1e-06 -3.44039 0.788234 0.501656 -15.928198 -3.167311 2.999708 -6.338829 -1e-06 -0.0 -18.123459 3.648184 -4.905671 -4e-06 0.0 -2e-06 10.786263 8.118745 13.672153 71.377762 10.561861 10.986732 0.363401 17.049482 0.098572 0.281047 -14.812174 -10.551276 2.243542 -5.255038 -3.180159 14.282896 -0.826595 6.952505 -2e-06 -12.690608 0.0 15.857478 -17.502092 2.275643 1.665666 -1.955922 -2.878299 4.727799 -4.170588 4.993925 11.020529 3e-06 -1e-06 12.109055 -3.735716 -2.866785 0.0 -0.0 -0.0 1.291986 -1.92855 -1.498089 14.800132 0.567468 3.865608 14.242577 -1.341737 -6.66066 19.631973 0.143926 -0.648245 49.073658 -0.688819 -6.387738 0.353029 -1.511151 -0.03194 20.222797 3.684311 2.316631 18.787279 4e-06 -0.0 10.751632 -0.479869 1.397906 -1e-06 0.0 -1e-06 3.273808 0.305947 -0.580111 21.486818 11.830379 2.266134 8.16293 2e-06 -0.0 18.399088 -3.798986 -4.940577 2e-06 -0.0 -1e-06 9.797976 9.363136 4.248962 -0.011399 -0.490758 12.414817 -10.625497 -3.846063 -8.847731 1.666142 -1.892121 0.660878 -0.0 0.0 2e-06 -11.447702 -9.358956 2.345274 -0.02505 0.289185 13.778525 9.065605 1.904347 -8.209068 -1.422467 0.860049 1.00271 -0.0 0.0 -1e-06 
0.0 0.0 0.0 0.0 -0.0 0.0 0.535533 98.416023 35.88203 0.244803 -0.836749 -5.953678 0.985813 -0.596824 1.404279 -0.29522 -0.823387 -4.33773 -0.550483 -3.60784 10.500504 -4.547592 4.853824 4.937083 0.291488 2.870063 -3.66538 -0.177691 3.114883 -10.499789 7.7e-05 -2.2e-05 6e-06 -0.01181 -0.108262 0.039397 0.671257 -3.84696 -10.625983 -0.695464 3.639127 -10.655155 -9.485664 -6.409122 12.377678 -71.002747 -1.081688 -0.978872 0.212613 -20.310003 -0.140462 3.768455 6.417244 -4.828554 -5.882111 9.861292 0.702591 -10.936881 -0.360575 7.156211 1e-06 8.77483 -1e-06 -16.516119 18.052576 5.979634 -1.844034 2.498506 -2.507279 -10.163611 4.678948 4.621113 -20.976044 -4e-06 3e-06 -21.226309 2.451698 -3.594001 -0.0 -5e-06 -0.0 -1.362683 2.240799 -0.746323 -21.334936 0.58491 3.008326 -13.821228 -3e-06 2e-06 -23.887196 -0.249078 -0.839482 -61.136715 2.598137 -1.204355 -0.294025 1.679688 0.833256 -14.218223 0.093214 1.300582 -34.212082 -0.287565 0.967173 -20.033232 0.964537 1.212845 -1e-06 -0.0 -0.0 -3.440392 0.788234 0.501656 -15.928201 -3.167312 2.999709 -6.338833 -1e-06 1e-06 -18.123465 3.648185 -4.905673 -4e-06 -0.0 -2e-06 11.39234 7.909329 13.651464 70.957275 10.090341 10.886136 0.113498 16.538866 0.022286 0.250196 -14.709407 -10.876534 2.243542 -5.255037 -3.180159 14.2829 -0.826593 6.952505 -4e-06 -12.690605 0.0 15.888247 -17.54883 2.330396 1.665667 -1.955922 -2.8783 4.727801 -4.170588 4.993925 11.020535 4e-06 -1e-06 12.109058 -3.735715 -2.866785 0.0 0.0 0.0 1.291986 -1.92855 -1.49809 14.800139 0.56747 3.865608 14.24258 -1.341734 -6.660659 19.631983 0.143928 -0.648243 49.198841 -0.719111 -6.396085 0.353029 -1.511151 -0.03194 20.222803 3.684313 2.316632 18.787287 7e-06 0.0 10.751637 -0.479867 1.397907 -1e-06 -0.0 -0.0 3.273809 0.305947 -0.580111 21.486828 11.830379 2.266134 8.16293 2e-06 -0.0 18.399094 -3.798982 -4.940576 2e-06 0.0 -1e-06 10.102983 9.090766 4.449799 0.001722 -0.478906 11.618411 -10.685028 -4.318646 -8.370469 1.664169 -1.880566 0.661648 -0.0 0.0 2e-06 -11.112816 -9.507009 3.167299 -0.043448 0.250747 12.59527 9.043132 1.236549 -7.936909 -1.423001 0.880673 0.889096 -0.0 1e-06 -1e-06 
0.0 0.0 0.0 0.0 -0.0 0.0 0.360167 98.453842 36.126907 0.210618 -0.128872 -5.957578 0.880088 -0.591214 1.369101 -0.345513 -0.821014 -4.353504 -0.584257 -3.610184 10.603265 -3.54152 4.439485 4.541609 0.232849 2.650551 -3.634994 -0.063592 2.919509 -10.90797 7.7e-05 -2.2e-05 6e-06 -0.009383 -0.101366 0.045092 0.688089 -3.839795 -10.616343 -0.707095 3.645424 -10.636567 -9.196319 -6.572961 12.467133 -71.181564 -1.222346 -0.891512 0.133845 -20.836655 -0.101384 3.483104 6.145831 -4.642689 -5.88211 9.861293 0.702592 -10.936878 -0.360576 7.156209 1e-06 8.774833 -1e-06 -16.522491 18.082216 5.969927 -1.844033 2.498506 -2.507278 -10.163604 4.678948 4.621111 -20.976036 -4e-06 3e-06 -21.226297 2.451698 -3.594002 0.0 -6e-06 -1e-06 -1.362682 2.2408 -0.746323 -21.334929 0.584909 3.008326 -13.821222 -3e-06 2e-06 -23.887186 -0.249079 -0.839483 -61.154858 2.614046 -1.226505 -0.294025 1.679689 0.833257 -14.218217 0.093214 1.300581 -34.212074 -0.287564 0.967172 -20.033228 0.964537 1.212844 -1e-06 -0.0 0.0 -3.440391 0.788234 0.501656 -15.928196 -3.167313 2.99971 -6.33883 -1e-06 2e-06 -18.123457 3.648186 -4.905674 -3e-06 0.0 -2e-06 11.878483 7.758554 13.561337 70.562134 9.830235 10.365718 -0.131028 16.342237 -0.042174 -0.518849 -14.488463 -11.088942 2.243543 -5.255039 -3.180158 14.2829 -0.826596 6.952506 -2e-06 -12.690609 0.0 16.033424 -17.573318 2.343611 1.665667 -1.955922 -2.878299 4.727801 -4.17059 4.993925 11.020532 2e-06 -1e-06 12.109057 -3.735717 -2.866784 0.0 -0.0 0.0 1.291986 -1.92855 -1.498089 14.800136 0.567468 3.865609 14.242577 -1.341738 -6.660659 19.631975 0.143925 -0.648244 49.442352 -0.717921 -6.392303 0.353029 -1.511151 -0.03194 20.222803 3.684311 2.316632 18.787287 4e-06 -0.0 10.751634 -0.479869 1.397906 -1e-06 0.0 -0.0 3.273809 0.305947 -0.580111 21.486824 11.83038 2.266134 8.162933 1e-06 -1e-06 18.399096 -3.798988 -4.940578 2e-06 0.0 -1e-06 10.226449 8.710899 4.759655 0.009399 -0.453725 10.923573 -10.88656 -4.681157 -8.009932 1.663737 -1.865856 0.658859 -0.0 0.0 2e-06 -10.965596 -9.509396 3.843312 -0.066204 0.225622 11.971481 9.004992 0.593185 -7.991747 -1.424279 0.906757 0.818969 0.0 0.0 -1e-06 
0.0 0.0 0.0 0.0 -0.0 0.0 0.222168 98.441383 36.44368 0.269599 0.507375 -6.026719 0.762142 -0.582404 1.407581 -0.392427 -0.803756 -4.341668 -0.666043 -3.578717 10.709876 -2.74043 4.134258 4.192429 0.138236 2.425295 -3.595664 0.080699 2.767467 -11.354188 7.7e-05 -2.3e-05 6e-06 -0.007186 -0.089482 0.045061 0.704459 -3.827191 -10.607025 -0.718969 3.655688 -10.621397 -8.998156 -6.742436 12.440626 -71.105537 -1.473826 -0.654107 0.014399 -21.373589 -0.063636 3.234405 5.660934 -4.555707 -5.88211 9.861293 0.702591 -10.93688 -0.360575 7.156209 1e-06 8.774833 -1e-06 -16.530161 18.108986 5.963323 -1.844034 2.498506 -2.507278 -10.163607 4.678948 4.62111 -20.97604 -4e-06 2e-06 -21.226305 2.451699 -3.594002 -0.0 -6e-06 -0.0 -1.362682 2.2408 -0.746324 -21.33493 0.58491 3.008324 -13.821225 -3e-06 2e-06 -23.887188 -0.249079 -0.839484 -61.172615 2.611569 -1.2426 -0.294025 1.679689 0.833257 -14.218219 0.093215 1.300581 -34.212074 -0.287564 0.967171 -20.03323 0.964537 1.212844 -1e-06 -0.0 0.0 -3.440391 0.788234 0.501655 -15.928201 -3.167313 2.999708 -6.338832 -1e-06 1e-06 -18.123463 3.648186 -4.905674 -3e-06 -0.0 -2e-06 12.127539 7.727319 13.353054 70.265678 9.686904 9.9667 -0.27083 16.573267 -0.087503 -1.217974 -14.084903 -11.121603 2.243543 -5.255039 -3.180158 14.2829 -0.826595 6.952507 -2e-06 -12.69061 -0.0 16.20533 -17.593437 2.326079 1.665667 -1.955922 -2.8783 4.727802 -4.170589 4.993927 11.020535 3e-06 0.0 12.109059 -3.735717 -2.866784 0.0 -0.0 -0.0 1.291986 -1.92855 -1.49809 14.800136 0.567468 3.86561 14.242579 -1.341736 -6.660659 19.631979 0.143925 -0.648244 49.683064 -0.698046 -6.385873 0.353029 -1.511151 -0.03194 20.222803 3.684312 2.316633 18.787287 4e-06 0.0 10.751635 -0.479869 1.397907 -1e-06 0.0 -1e-06 3.273808 0.305947 -0.58011 21.486824 11.830379 2.266135 8.16293 1e-06 -0.0 18.399096 -3.798986 -4.940577 2e-06 0.0 -1e-06 10.209237 8.172243 5.093709 0.012894 -0.42805 10.450406 -11.138764 -4.92262 -7.862543 1.663076 -1.858636 0.691398 0.0 0.0 2e-06 -10.938728 -9.373795 4.403478 -0.086247 0.214394 11.773129 8.956389 -0.031386 -8.307864 -1.427871 0.928519 0.807099 -0.0 0.0 -1e-06 
0.0 0.0 0.0 0.0 -0.0 0.0 0.084332 98.420837 36.652027 0.360934 0.992177 -6.142205 0.680333 -0.536648 1.537655 -0.422529 -0.75914 -4.349959 -0.765736 -3.501102 10.805183 -2.214823 3.90486 4.000302 0.034719 2.234234 -3.591187 0.228519 2.601466 -11.797881 7.7e-05 -2.3e-05 6e-06 -0.00175 -0.043408 0.035764 0.722079 -3.780041 -10.627744 -0.725432 3.700816 -10.648615 -8.881664 -6.858545 12.417507 -70.925819 -1.826527 -0.411176 -0.128946 -21.966709 -0.040289 3.12153 5.169904 -4.537575 -5.882104 9.861283 0.70259 -10.936869 -0.360575 7.156205 1e-06 8.774822 -1e-06 -16.461285 18.120497 5.998439 -1.844032 2.498503 -2.507277 -10.163599 4.678944 4.621108 -20.976023 -4e-06 3e-06 -21.226286 2.451696 -3.593998 1e-06 -6e-06 -1e-06 -1.362682 2.240797 -0.746324 -21.334913 0.584909 3.008324 -13.821213 -3e-06 2e-06 -23.887167 -0.249079 -0.839482 -61.180397 2.600286 -1.236647 -0.294024 1.679687 0.833256 -14.218205 0.093215 1.30058 -34.212048 -0.287564 0.967171 -20.033207 0.964537 1.212844 -1e-06 -1e-06 1e-06 -3.440387 0.788233 0.501656 -15.928183 -3.16731 2.999707 -6.338825 -1e-06 1e-06 -18.123444 3.648181 -4.905668 -4e-06 0.0 -2e-06 12.13798 7.78082 13.099752 70.063385 9.699574 9.574025 -0.192832 17.02187 -0.113024 -1.642742 -13.67902 -11.062997 2.243542 -5.255037 -3.180159 14.282896 -0.826595 6.952504 -2e-06 -12.690605 0.0 16.322809 -17.578398 2.247627 1.665667 -1.955922 -2.878299 4.7278 -4.170589 4.993925 11.020531 3e-06 -1e-06 12.109056 -3.735717 -2.866785 0.0 0.0 -0.0 1.291986 -1.92855 -1.498089 14.800132 0.567468 3.865608 14.242578 -1.341736 -6.66066 19.631973 0.143926 -0.648246 49.783268 -0.656933 -6.393809 0.353029 -1.511151 -0.03194 20.222799 3.684309 2.316629 18.787279 5e-06 -2e-06 10.75163 -0.479869 1.397906 -1e-06 0.0 -0.0 3.273808 0.305947 -0.580111 21.48682 11.830377 2.266132 8.16293 2e-06 -1e-06 18.399088 -3.798985 -4.940578 3e-06 0.0 -1e-06 10.125851 7.522358 5.40817 -0.001429 -0.4237 10.041672 -11.243921 -4.915638 -7.764391 1.65281 -1.871616 0.715511 -0.0 0.0 2e-06 -10.948519 -9.244204 4.778369 -0.100604 0.197182 11.82132 8.837949 -0.406186 -8.636475 -1.428995 0.928503 0.834944 -0.0 0.0 -1e-06 
0.0 0.0 0.0 0.0 -0.0 0.0 -0.056392 98.938545 36.90144 0.612121 1.284159 -5.904096 0.592342 -0.410893 1.259928 -0.42373 -0.736118 -4.551979 -0.867788 -3.379302 10.895886 -1.921498 3.659194 4.054918 -0.111753 2.019578 -3.581595 0.573953 2.343166 -11.652404 7.7e-05 -2.2e-05 6e-06 0.000333 -0.031409 0.025187 0.731887 -3.764415 -10.629104 -0.731021 3.709347 -10.644455 -8.592625 -7.416332 12.874033 -69.245132 -2.274339 3.687077 -0.412677 -21.297884 -0.040736 2.755745 5.200018 -8.099145 -5.882109 9.861291 0.70259 -10.936879 -0.360576 7.156212 2e-06 8.774831 -0.0 -16.418156 18.065189 5.992151 -1.844034 2.498505 -2.50728 -10.163606 4.678946 4.621112 -20.976038 -6e-06 2e-06 -21.226299 2.451696 -3.594001 1e-06 -6e-06 -1e-06 -1.362683 2.240799 -0.746324 -21.334929 0.584907 3.008326 -13.821221 -4e-06 2e-06 -23.887184 -0.24908 -0.839481 -61.024567 2.596292 -1.201302 -0.294024 1.679687 0.833256 -14.218218 0.093213 1.300581 -34.212074 -0.287567 0.967172 -20.033226 0.964536 1.212846 -1e-06 -1e-06 0.0 -3.440392 0.788233 0.501656 -15.928201 -3.167313 2.999711 -6.338831 -2e-06 2e-06 -18.123459 3.648183 -4.905673 -4e-06 -0.0 -2e-06 11.181214 7.985571 13.027405 69.661453 11.152429 12.349607 0.539815 16.556084 -0.003098 -2.949765 -13.159251 -11.476422 2.243543 -5.255038 -3.18016 14.282899 -0.826594 6.952508 -4e-06 -12.690609 1e-06 16.311663 -17.507034 2.228762 1.665666 -1.955922 -2.8783 4.727801 -4.170588 4.993927 11.020531 4e-06 -0.0 12.109058 -3.735717 -2.866784 1e-06 0.0 -0.0 1.291986 -1.92855 -1.49809 14.800138 0.567469 3.865611 14.242579 -1.341735 -6.66066 19.631975 0.143927 -0.648243 49.791195 -0.638937 -6.355545 0.353029 -1.511151 -0.03194 20.222803 3.684312 2.316633 18.787283 5e-06 2e-06 10.751633 -0.479869 1.397907 -0.0 0.0 -0.0 3.273808 0.305947 -0.580111 21.486826 11.830379 2.266136 8.162931 2e-06 0.0 18.399092 -3.798986 -4.940574 4e-06 -0.0 -1e-06 10.061421 7.761321 6.648153 -0.004056 -0.408843 7.294815 -11.488951 -5.347582 -6.218955 1.640611 -1.86157 0.624685 0.0 -0.0 2e-06 -11.01739 -9.146595 6.811209 -0.088285 0.177848 7.638869 8.667004 -1.082285 -6.699115 -1.429877 0.940907 0.598609 0.0 0.0 -1e-06 
0.0 0.0 0.0 0.0 -0.0 0.0 -0.376656 99.408134 37.357655 0.932085 1.775011 -5.619384 0.501644 -0.549951 0.670556 -0.465695 -0.889292 -4.762432 -0.787831 -3.779412 10.751597 -1.717796 3.518888 5.36111 -0.188838 1.561938 -3.58327 -0.022825 2.688237 -11.52147 7.7e-05 -2.3e-05 6e-06 -0.009749 -0.113243 0.046485 0.707044 -3.865036 -10.622657 -0.726639 3.642029 -10.659357 -5.948486 -8.295424 13.738274 -68.294296 -4.446118 3.993501 -1.573723 -22.651833 0.552603 5.320822 5.646998 -5.800643 -5.882107 9.861292 0.702592 -10.936877 -0.360575 7.156208 1e-06 8.774831 -1e-06 -16.355663 18.344326 6.001103 -1.844034 2.498506 -2.507278 -10.163604 4.678948 4.621109 -20.976032 -5e-06 3e-06 -21.226295 2.451698 -3.594 -0.0 -6e-06 -0.0 -1.362682 2.240799 -0.746323 -21.334923 0.584908 3.008324 -13.821219 -4e-06 3e-06 -23.887178 -0.24908 -0.839482 -61.201534 2.634427 -1.254973 -0.294025 1.679689 0.833256 -14.218214 0.093214 1.30058 -34.212063 -0.287566 0.967172 -20.033222 0.964536 1.212845 1e-06 -0.0 -1e-06 -3.44039 0.788234 0.501655 -15.928192 -3.167312 2.999708 -6.338829 -1e-06 2e-06 -18.123453 3.648185 -4.905672 -4e-06 0.0 -1e-06 8.153982 7.742022 12.678401 68.466827 16.159477 13.605827 0.900262 21.222317 0.152241 -6.063795 -15.210927 -7.192612 2.243543 -5.25504 -3.180159 14.282904 -0.826596 6.952507 -3e-06 -12.69061 3e-06 16.676785 -17.769325 1.748551 1.665668 -1.955922 -2.8783 4.727803 -4.170589 4.993927 11.020538 3e-06 -1e-06 12.109062 -3.735717 -2.866786 0.0 0.0 -0.0 1.291987 -1.92855 -1.49809 14.80014 0.567467 3.865609 14.242584 -1.341736 -6.660663 19.631979 0.143926 -0.648247 49.806698 -0.653731 -6.457885 0.35303 -1.511151 -0.03194 20.222811 3.684311 2.316631 18.787291 5e-06 -2e-06 10.751637 -0.479869 1.397907 1e-06 -0.0 -0.0 3.27381 0.305947 -0.580111 21.486834 11.830379 2.266133 8.162935 1e-06 0.0 18.399103 -3.798986 -4.940579 2e-06 -0.0 -1e-06 10.11528 9.072963 6.783336 -0.036429 -0.456322 7.465668 -11.770159 -6.507138 -5.544202 1.66805 -1.848521 -0.079408 0.0 -0.0 2e-06 -10.759709 -8.359179 5.831889 -0.091372 0.277557 10.123013 8.746603 -1.841743 -8.856038 -1.462467 0.986286 0.228078 -0.0 0.0 -1e-06 
0.0 0.0 0.0 0.0 -0.0 0.0 -0.770852 99.933464 38.019367 1.522347 2.095976 -5.214097 0.373206 -0.73645 0.156855 -0.540246 -1.154998 -5.043598 -0.72324 -4.355368 10.696304 -1.585886 3.567443 6.436932 -0.157478 1.509335 -3.618631 -1.034344 3.083314 -11.693975 7.7e-05 -2.3e-05 6e-06 -0.012316 -0.102079 0.074148 0.699071 -3.872481 -10.617613 -0.723407 3.669292 -10.67771 -3.334622 -8.971391 14.059902 -66.496674 -5.616833 3.728315 -2.373956 -26.039 1.110236 9.3572 4.942144 -1.472244 -5.882109 9.861288 0.702591 -10.936875 -0.360575 7.156208 1e-06 8.774828 -0.0 -16.119211 18.643927 6.054464 -1.844033 2.498504 -2.507277 -10.163604 4.678946 4.621109 -20.976032 -3e-06 2e-06 -21.226295 2.451698 -3.594001 -0.0 -6e-06 0.0 -1.362682 2.240798 -0.746324 -21.334921 0.584911 3.008324 -13.821219 -2e-06 2e-06 -23.887182 -0.249078 -0.839483 -61.409092 2.602098 -1.271237 -0.294024 1.679689 0.833256 -14.218214 0.093215 1.30058 -34.212063 -0.287564 0.96717 -20.03322 0.964537 1.212844 0.0 0.0 -0.0 -3.44039 0.788235 0.501654 -15.928194 -3.16731 2.999707 -6.338829 -1e-06 1e-06 -18.123457 3.648184 -4.905673 -2e-06 0.0 -2e-06 6.418666 7.02294 12.563728 63.529312 20.333017 14.914798 0.640763 30.446989 -0.014596 -12.043087 -14.111959 -1.616598 2.243545 -5.255042 -3.180161 14.28291 -0.826598 6.952507 -2e-06 -12.690619 2e-06 17.134956 -18.052046 1.26041 1.665669 -1.955923 -2.878302 4.727805 -4.170592 4.993929 11.020541 4e-06 -3e-06 12.109068 -3.735719 -2.866787 -0.0 0.0 -2e-06 1.291988 -1.928551 -1.498092 14.800146 0.567467 3.865611 14.242593 -1.341738 -6.660665 19.631992 0.143927 -0.648248 50.169163 -0.646851 -6.586635 0.353029 -1.511151 -0.031939 20.222818 3.684312 2.31663 18.787296 5e-06 -4e-06 10.751643 -0.479869 1.397905 1e-06 1e-06 1e-06 3.273811 0.305947 -0.580112 21.486837 11.830384 2.266131 8.162937 2e-06 0.0 18.399107 -3.798988 -4.940582 3e-06 0.0 -0.0 9.599581 9.723486 6.460272 -0.050812 -0.524172 8.010425 -11.919238 -6.18539 -4.204997 1.656439 -1.747574 -0.733944 -0.0 -0.0 2e-06 -10.803653 -7.43825 6.349476 -0.088722 0.277374 9.033991 9.252299 -2.46442 -8.925243 -1.473832 1.059017 -0.101068 0.0 0.0 -1e-06 
0.0 0.0 0.0 0.0 -0.0 0.0 -1.10829 100.476028 38.694443 2.194144 2.138669 -4.646839 0.355412 -0.971305 -0.309197 -0.590165 -1.397 -5.245253 -0.511969 -5.003355 10.719146 -1.630561 3.8001 6.816567 -0.122676 1.686734 -3.683312 -2.077796 3.265656 -12.101885 7.7e-05 -2.2e-05 6e-06 -0.018904 -0.105412 0.07374 0.680905 -3.890746 -10.642918 -0.71855 3.681142 -10.714924 -1.476085 -9.308486 14.133573 -63.997807 -5.739925 3.032766 -2.21775 -30.728495 1.203861 13.318567 3.596776 3.101025 -5.882104 9.861281 0.702588 -10.936871 -0.360576 7.156205 -0.0 8.774822 1e-06 -16.199539 18.942654 6.126613 -1.844033 2.498503 -2.507277 -10.163598 4.678942 4.621109 -20.976021 -5e-06 1e-06 -21.226284 2.451694 -3.593997 0.0 -6e-06 -0.0 -1.362681 2.240798 -0.746323 -21.334913 0.584907 3.008322 -13.821213 -5e-06 -1e-06 -23.887167 -0.249082 -0.839482 -61.608006 2.572302 -1.263713 -0.294025 1.679687 0.833256 -14.218207 0.093212 1.30058 -34.212048 -0.287567 0.96717 -20.033211 0.964535 1.212844 1e-06 1e-06 -1e-06 -3.440389 0.788233 0.501656 -15.928185 -3.167309 2.999704 -6.338826 -2e-06 0.0 -18.123444 3.64818 -4.90567 -4e-06 0.0 -1e-06 6.820444 6.278138 12.585929 56.013615 21.329222 14.658932 -0.279149 43.135548 -0.584456 -20.250242 -7.539131 6.838924 2.243542 -5.255036 -3.180157 14.282885 -0.826595 6.952503 -1e-06 -12.690603 -1e-06 18.276875 -18.173513 0.692841 1.665665 -1.955919 -2.878299 4.727797 -4.170585 4.993924 11.020521 1e-06 1e-06 12.109046 -3.735716 -2.866782 -0.0 1e-06 0.0 1.291985 -1.92855 -1.498088 14.800122 0.567468 3.86561 14.242564 -1.341736 -6.660652 19.631958 0.143926 -0.648241 51.117989 -0.567037 -6.599749 0.353027 -1.511149 -0.031939 20.222784 3.684307 2.316633 18.787268 4e-06 4e-06 10.751624 -0.47987 1.397906 0.0 -1e-06 1e-06 3.273804 0.305948 -0.58011 21.486803 11.83037 2.266136 8.162926 -1e-06 1e-06 18.399076 -3.798987 -4.94057 2e-06 -0.0 -3e-06 8.854243 10.098181 5.0313 -0.064438 -0.602559 10.253192 -12.173037 -5.61073 -2.656786 1.63742 -1.701991 -1.766153 -0.0 -0.0 2e-06 -11.065893 -6.789517 6.665257 -0.055762 0.243818 7.73711 9.883093 -2.273539 -8.199978 -1.490291 1.082907 -0.600585 0.0 0.0 -1e-06 
0.0 0.0 0.0 0.0 -0.0 0.0 -1.384944 100.732887 39.294693 2.527532 1.780974 -4.043452 0.765162 -1.009761 -0.541276 -0.596234 -1.634283 -5.297237 0.117236 -5.580441 10.671353 -1.938994 4.163081 6.338377 -0.10518 1.964033 -3.666822 -3.247202 3.494106 -12.845032 7.7e-05 -2.3e-05 6e-06 -0.022802 -0.090377 0.055022 0.662488 -3.88985 -10.64802 -0.707179 3.715194 -10.723826 -0.990983 -9.061157 14.109435 -61.522976 -4.607489 0.827704 -0.932104 -37.92609 0.722998 16.846191 1.128752 7.763443 -5.882114 9.861295 0.702591 -10.936887 -0.360576 7.156216 1e-06 8.774835 -2e-06 -16.53149 19.403395 6.105268 -1.844036 2.498507 -2.507282 -10.163614 4.678949 4.621113 -20.976053 -5e-06 3e-06 -21.226313 2.451698 -3.594002 0.0 -6e-06 0.0 -1.362682 2.2408 -0.746325 -21.334942 0.584908 3.008326 -13.821233 -4e-06 2e-06 -23.887203 -0.249082 -0.839484 -61.774036 2.612731 -1.277326 -0.294025 1.679688 0.833258 -14.218226 0.093214 1.300583 -34.212097 -0.287566 0.96717 -20.033243 0.964537 1.212847 1e-06 1e-06 1e-06 -3.440393 0.788235 0.501656 -15.928208 -3.167313 2.999711 -6.338833 -2e-06 -1e-06 -18.123472 3.648183 -4.905676 -4e-06 -0.0 -2e-06 9.242016 6.160175 12.884223 47.902088 18.815357 12.960534 -2.773589 58.292114 -2.133224 -26.138847 1.22142 15.808304 2.243544 -5.255041 -3.180163 14.282907 -0.826598 6.952513 -2e-06 -12.690615 4e-06 18.976425 -18.348803 0.879259 1.665667 -1.955923 -2.878303 4.727805 -4.170592 4.993929 11.020539 2e-06 -2e-06 12.109066 -3.735719 -2.866789 0.0 -0.0 -0.0 1.291987 -1.928552 -1.498092 14.800142 0.567466 3.86561 14.242586 -1.341737 -6.660666 19.631989 0.143925 -0.64825 51.463562 -0.499165 -6.593328 0.353029 -1.511152 -0.03194 20.222815 3.684311 2.316632 18.787296 3e-06 -1e-06 10.751641 -0.47987 1.397907 -0.0 1e-06 1e-06 3.27381 0.305946 -0.580114 21.486834 11.830382 2.266135 8.162935 -0.0 -1e-06 18.399099 -3.798988 -4.940581 2e-06 -1e-06 -1e-06 8.381603 10.542192 2.3769 -0.084885 -0.645246 14.898265 -12.767466 -5.509483 -2.201662 1.652004 -1.794739 -2.660994 -0.0 -0.0 2e-06 -11.131171 -6.401106 6.62663 -0.047224 0.273634 6.9785 10.384369 -1.385303 -7.407955 -1.493886 1.003515 -0.905131 -0.0 -0.0 -1e-06 
0.0 0.0 0.0 0.0 -0.0 0.0 -1.588418 100.673584 39.699371 2.170998 1.113963 -3.382441 1.656637 -1.080909 -0.436961 -0.417049 -1.914138 -5.19402 1.269853 -5.646169 10.811188 -2.646755 4.642948 4.909134 0.010535 2.524198 -3.576067 -4.42465 3.643578 -14.094542 7.7e-05 -2.3e-05 6e-06 -0.014242 -0.067979 0.047756 0.674204 -3.865126 -10.613816 -0.702151 3.735435 -10.717021 -1.776888 -8.418531 13.851739 -60.712631 -2.717353 -5.185495 0.95772 -49.543411 -0.244804 19.878584 -3.643558 13.27992 -5.882112 9.86129 0.702591 -10.936877 -0.360574 7.156211 -0.0 8.77483 -0.0 -17.334663 19.462458 5.774644 -1.844035 2.498507 -2.507278 -10.163607 4.678947 4.621111 -20.976042 -3e-06 1e-06 -21.226301 2.451698 -3.594002 0.0 -6e-06 -0.0 -1.362684 2.240799 -0.746324 -21.334929 0.58491 3.008324 -13.821223 -4e-06 2e-06 -23.887188 -0.249081 -0.839483 -62.099747 2.568857 -1.327563 -0.294024 1.679688 0.833257 -14.218219 0.093214 1.300581 -34.212074 -0.287563 0.967168 -20.03323 0.964537 1.212842 0.0 0.0 1e-06 -3.44039 0.788234 0.501655 -15.928201 -3.16731 2.999709 -6.33883 -2e-06 1e-06 -18.123463 3.648183 -4.905672 -5e-06 1e-06 -3e-06 12.131887 6.600783 13.272142 42.451138 14.773201 8.353697 -11.259586 75.877342 -9.548825 -26.762709 8.261048 24.522215 2.243545 -5.255039 -3.180163 14.282904 -0.826597 6.952507 0.0 -12.69061 -0.0 17.559061 -18.284191 1.850005 1.665668 -1.955922 -2.878303 4.727803 -4.170589 4.993927 11.020536 2e-06 -1e-06 12.109062 -3.735719 -2.866786 -1e-06 0.0 1e-06 1.291987 -1.92855 -1.498091 14.80014 0.567466 3.865611 14.242585 -1.341737 -6.660664 19.631985 0.143926 -0.648247 51.020973 -0.4445 -6.484426 0.353028 -1.511151 -0.031941 20.222805 3.684309 2.316631 18.787289 3e-06 -5e-06 10.751635 -0.479868 1.397906 -1e-06 0.0 -0.0 3.273809 0.305946 -0.580112 21.486832 11.830378 2.266133 8.162935 1e-06 -1e-06 18.399099 -3.798987 -4.94058 1e-06 1e-06 -1e-06 8.608916 10.871173 -1.711787 -0.150483 -0.72261 22.096739 -13.189198 -5.982254 -3.21227 1.659415 -1.806305 -2.916945 -0.0 -0.0 2e-06 -10.43707 -5.886842 6.147357 -0.031087 0.285466 6.777317 10.381145 -0.580827 -7.376093 -1.516711 0.959926 -0.606692 0.0 -0.0 -1e-06 
0.0 0.0 0.0 0.0 -0.0 0.0 -1.612024 100.322487 40.049057 1.508657 0.107261 -2.886898 2.701138 -0.954333 0.392581 -0.153439 -2.067114 -4.787546 2.688163 -5.308609 10.794339 -3.489155 4.926332 2.986919 0.172692 3.080498 -3.541069 -5.405594 3.678278 -16.138144 7.7e-05 -2.3e-05 6e-06 -0.007515 -0.03091 0.070782 0.731221 -3.818236 -10.58809 -0.744815 3.76103 -10.711652 -2.355745 -7.813071 13.340735 -62.634235 -1.697835 -15.388937 3.03071 -65.523453 -1.626128 20.471872 -8.310645 19.492413 -5.882112 9.861295 0.702591 -10.936883 -0.360576 7.156216 2e-06 8.774833 -0.0 -17.405304 18.341984 5.356093 -1.844034 2.498507 -2.507281 -10.163611 4.678946 4.621113 -20.976046 -8e-06 3e-06 -21.226309 2.451697 -3.594 1e-06 -7e-06 -0.0 -1.362683 2.2408 -0.746325 -21.334936 0.584908 3.008329 -13.821229 -4e-06 4e-06 -23.887196 -0.24908 -0.839479 -62.104172 2.435379 -1.29043 -0.294025 1.679689 0.833257 -14.218224 0.093213 1.300583 -34.212078 -0.287567 0.967175 -20.033232 0.964537 1.212848 -0.0 1e-06 0.0 -3.440392 0.788235 0.501656 -15.928203 -3.167314 2.999712 -6.338832 -2e-06 2e-06 -18.123465 3.648184 -4.905674 -5e-06 1e-06 -2e-06 12.842578 7.29093 12.981063 42.639072 12.051407 -1.003487 -164.54068 85.545036 -162.976746 -22.780947 12.283665 32.59832 2.243543 -5.255038 -3.18016 14.282896 -0.826595 6.952506 -2e-06 -12.690607 -0.0 16.517729 -18.283955 2.450557 1.665666 -1.955923 -2.8783 4.727799 -4.170588 4.993925 11.020529 3e-06 -0.0 12.109056 -3.735716 -2.866786 -0.0 0.0 0.0 1.291987 -1.92855 -1.498091 14.800136 0.567469 3.86561 14.242579 -1.341737 -6.660661 19.631981 0.143926 -0.648243 49.976421 -0.487217 -6.578582 0.353029 -1.511151 -0.03194 20.222801 3.684311 2.316633 18.787285 5e-06 -1e-06 10.751633 -0.479868 1.397907 -1e-06 0.0 1e-06 3.273808 0.305947 -0.580113 21.486824 11.830379 2.266135 8.16293 2e-06 -1e-06 18.399088 -3.798984 -4.940577 2e-06 0.0 -1e-06 9.221217 11.574552 -6.385678 -0.262008 -0.747584 29.76021 -12.427576 -6.68208 -5.455204 1.665824 -1.817793 -2.572338 0.0 0.0 2e-06 -9.503797 -5.311436 5.270892 -0.017491 0.356431 7.675003 9.850742 0.204237 -8.431439 -1.524001 0.934843 -0.01657 -0.0 -0.0 -1e-06 
0.0 0.0 0.0 0.0 -0.0 0.0 -1.352398 99.904747 40.435959 1.22909 -0.890149 -2.373779 3.405073 -0.821475 1.643674 0.052118 -1.862277 -4.204297 3.801944 -4.920511 10.59873 -4.054636 4.931343 1.246538 0.213341 3.203224 -3.534427 -6.141832 3.511611 -19.014013 7.7e-05 -2.3e-05 5e-06 -0.008094 0.009517 0.1155 0.781505 -3.772007 -10.636262 -0.797438 3.794197 -10.739098 -2.28592 -7.519745 12.943144 -65.627037 -1.859411 -26.874405 9.057772 -83.439354 -7.644847 19.993601 -9.830956 23.871469 -5.882112 9.861292 0.70259 -10.936879 -0.360576 7.156212 0.0 8.774831 -1e-06 -17.209694 17.782595 5.336435 -1.844035 2.498507 -2.50728 -10.163607 4.678948 4.621111 -20.97604 -3e-06 -1e-06 -21.226309 2.451696 -3.594007 1e-06 -7e-06 -1e-06 -1.362683 2.2408 -0.746325 -21.334929 0.584912 3.008326 -13.821223 -1e-06 1e-06 -23.887188 -0.249079 -0.839486 -62.479202 2.392087 -1.264884 -0.294024 1.679688 0.833257 -14.218219 0.093218 1.30058 -34.212074 -0.287563 0.967166 -20.033228 0.964537 1.212843 -0.0 -0.0 -0.0 -3.440391 0.788234 0.501655 -15.9282 -3.167309 2.99971 -6.338831 -0.0 0.0 -18.123463 3.648184 -4.905677 -4e-06 1e-06 -0.0 11.532295 8.213676 12.398583 46.200245 11.726036 -12.671605 179.000778 69.254059 -179.457153 -17.595299 11.756285 36.539036 2.243543 -5.255041 -3.180161 14.282904 -0.826595 6.952512 -1e-06 -12.690612 -2e-06 16.676424 -17.958714 2.452175 1.665669 -1.955924 -2.878302 4.727805 -4.17059 4.993928 11.020535 2e-06 -1e-06 12.10906 -3.735719 -2.866786 -0.0 -0.0 -0.0 1.291986 -1.928551 -1.498089 14.800142 0.567467 3.865613 14.242584 -1.341739 -6.660663 19.631985 0.143922 -0.648245 49.065228 -0.548584 -6.566688 0.353028 -1.511151 -0.03194 20.222805 3.684311 2.316636 18.787289 2e-06 0.0 10.751637 -0.47987 1.397909 0.0 0.0 -0.0 3.27381 0.305947 -0.58011 21.486834 11.83038 2.26614 8.162935 2e-06 1e-06 18.399099 -3.79899 -4.940578 3e-06 0.0 -2e-06 9.337137 12.2743 -10.949163 -0.341361 -0.656135 34.534359 -11.759267 -7.558971 -8.548874 1.663931 -1.849119 -2.048367 0.0 -0.0 2e-06 -9.184613 -4.986246 3.98518 -0.022899 0.441645 9.298485 9.120515 1.294448 -9.703482 -1.514641 0.938473 0.601085 0.0 0.0 -1e-06 
0.0 0.0 0.0 0.0 -0.0 0.0 -0.843357 99.764786 40.970917 1.431438 -1.476199 -1.693878 3.738725 -0.715266 2.815386 0.160129 -1.673127 -3.712571 4.450679 -4.617784 10.407413 -4.372478 4.775236 -0.064103 0.210383 3.094666 -3.531427 -6.832246 3.224927 -21.711685 7.7e-05 -2.2e-05 7e-06 -0.003924 0.049912 0.160415 0.799321 -3.736402 -10.655101 -0.808284 3.83886 -10.730405 -2.504003 -7.42535 12.514404 -67.869652 -2.488581 -36.34763 174.296478 -80.695023 -173.473206 21.257647 -10.979713 24.774797 -5.882106 9.861284 0.70259 -10.936873 -0.360575 7.156207 1e-06 8.774822 -1e-06 -16.812206 18.98431 6.340587 -1.844033 2.498504 -2.507279 -10.163601 4.678945 4.621108 -20.976023 -5e-06 3e-06 -21.226286 2.451696 -3.593999 -0.0 -6e-06 -1e-06 -1.362681 2.240798 -0.746323 -21.334913 0.584908 3.008324 -13.821214 -4e-06 3e-06 -23.887171 -0.24908 -0.839481 -63.578648 2.67957 -1.40608 -0.294025 1.679686 0.833255 -14.218209 0.093214 1.300582 -34.212051 -0.287565 0.967173 -20.033215 0.964536 1.212846 1e-06 -0.0 -0.0 -3.44039 0.788232 0.501656 -15.928187 -3.16731 2.999707 -6.338827 -1e-06 -0.0 -18.123449 3.648182 -4.90567 -4e-06 -0.0 -2e-06 10.614907 9.424932 11.967704 49.388126 13.155594 -24.375666 -179.594025 54.900387 -177.694794 -12.845052 9.532348 33.935482 2.243542 -5.255035 -3.180157 14.28289 -0.826595 6.9525 -4e-06 -12.690602 2e-06 17.535137 -17.326818 2.157793 1.665668 -1.955921 -2.878299 4.727801 -4.170585 4.993923 11.020528 3e-06 0.0 12.109053 -3.735713 -2.866782 1e-06 -0.0 -0.0 1.291985 -1.928548 -1.498089 14.800131 0.567468 3.865604 14.242576 -1.341735 -6.660654 19.631969 0.143927 -0.648244 49.024227 -0.638071 -6.360371 0.353028 -1.511149 -0.03194 20.222797 3.684309 2.316628 18.787273 5e-06 -4e-06 10.751629 -0.479869 1.397905 -0.0 -0.0 0.0 3.273807 0.305947 -0.580112 21.486814 11.830372 2.266131 8.162928 2e-06 -1e-06 18.399082 -3.798984 -4.940576 3e-06 2e-06 -0.0 8.762177 12.616752 -14.730222 -0.413009 -0.63132 33.564651 -12.08164 -7.932182 -10.458562 1.659717 -1.916119 -2.00088 0.0 0.0 2e-06 -9.627875 -5.25421 2.669097 -0.036796 0.517948 10.670636 8.577696 2.115022 -10.045882 -1.488788 0.932371 1.072368 -0.0 0.0 -1e-06 
0.0 0.0 0.0 0.0 -0.0 0.0 -0.220143 99.797035 41.596024 1.620151 -1.589774 -1.096408 3.953886 -0.654677 3.686798 0.198386 -1.74971 -3.38879 4.931971 -4.259484 10.416549 -4.604624 4.59718 -0.741258 0.142839 2.841759 -3.539515 -7.362349 3.013055 -23.643566 7.7e-05 -2.2e-05 5e-06 -0.001607 0.04045 0.178327 0.797164 -3.746649 -10.625979 -0.801798 3.830828 -10.698981 -2.58282 -7.877023 11.903806 -69.444679 -3.411597 -43.129978 178.600372 -69.142754 -177.985352 24.17112 -12.10212 23.782038 -5.882106 9.86129 0.70259 -10.936879 -0.360576 7.156212 -1e-06 8.77483 -2e-06 -15.898423 19.870714 7.077968 -1.844033 2.498505 -2.507279 -10.163605 4.678948 4.621111 -20.976032 -1e-06 3e-06 -21.226295 2.451699 -3.593999 0.0 -6e-06 1e-06 -1.362682 2.2408 -0.746324 -21.334925 0.584911 3.008327 -13.82122 -2e-06 3e-06 -23.887182 -0.249077 -0.839482 -63.384293 2.856425 -1.461388 -0.294024 1.679688 0.833256 -14.218214 0.093215 1.300582 -34.212067 -0.28756 0.967174 -20.033226 0.964539 1.212844 1e-06 -0.0 0.0 -3.440389 0.788233 0.501658 -15.928194 -3.16731 2.999711 -6.338829 -1e-06 1e-06 -18.123453 3.648185 -4.905673 -4e-06 -0.0 -2e-06 11.715775 10.467664 12.126997 48.962421 16.957954 -33.792976 -175.313995 43.757729 -174.268265 -7.597036 10.085312 28.107985 2.24354 -5.255037 -3.180159 14.282896 -0.826593 6.952503 -3e-06 -12.690609 1e-06 19.083767 -17.084898 1.777204 1.665666 -1.955922 -2.878299 4.7278 -4.170588 4.993925 11.020528 4e-06 -1e-06 12.109053 -3.735715 -2.866784 -1e-06 -0.0 1e-06 1.291985 -1.92855 -1.49809 14.800132 0.567469 3.86561 14.242573 -1.341736 -6.660658 19.631973 0.143927 -0.648244 50.345253 -0.723564 -6.191445 0.353028 -1.511151 -0.03194 20.222797 3.684313 2.316632 18.787279 6e-06 -1e-06 10.75163 -0.479867 1.397907 0.0 0.0 -0.0 3.273808 0.305948 -0.58011 21.486824 11.830379 2.266134 8.16293 3e-06 -0.0 18.399084 -3.798984 -4.940575 3e-06 1e-06 -1e-06 8.358809 12.038609 -17.519581 -0.435697 -0.686751 28.599941 -13.369226 -7.842762 -10.445922 1.597865 -1.987993 -2.268719 0.0 -0.0 2e-06 -10.175005 -5.991371 1.952423 -0.038505 0.514201 11.294109 8.103207 2.676488 -9.592655 -1.461388 0.84662 1.520496 0.0 -0.0 -1e-06 
0.0 0.0 0.0 0.0 -0.0 0.0 0.313658 99.735825 42.280338 1.545159 -1.489569 -0.926098 4.062897 -0.630011 4.200439 0.21519 -1.95118 -3.114282 5.391222 -3.943272 10.559349 -4.485499 4.430073 -0.544645 -0.114415 2.354157 -3.510478 -7.658671 2.811713 -24.471519 7.7e-05 -2.2e-05 5e-06 -0.009592 -0.022783 0.190211 0.763606 -3.798599 -10.565241 -0.783108 3.755067 -10.6565 -1.565246 -8.621737 11.249449 -70.078171 -4.292097 -45.766052 179.501694 -62.444527 -178.51149 27.006489 -12.262055 23.209782 -5.882107 9.861286 0.702589 -10.936873 -0.360575 7.156208 -0.0 8.774825 -1e-06 -15.536036 20.022228 7.070822 -1.844031 2.498506 -2.507278 -10.163604 4.678946 4.621109 -20.976027 -4e-06 2e-06 -21.226288 2.451697 -3.594003 0.0 -6e-06 -1e-06 -1.362682 2.240798 -0.746324 -21.334913 0.584907 3.008324 -13.821215 -3e-06 1e-06 -23.887171 -0.24908 -0.839482 -63.226093 2.818027 -1.390145 -0.294026 1.679688 0.833255 -14.218207 0.093214 1.300583 -34.212048 -0.287565 0.967171 -20.033215 0.964536 1.212844 -0.0 0.0 0.0 -3.440389 0.788231 0.501656 -15.928185 -3.167311 2.999708 -6.338825 -1e-06 1e-06 -18.123444 3.648183 -4.905672 -4e-06 -0.0 -3e-06 13.608169 11.340631 12.139885 46.071114 23.608084 -40.124802 -172.489639 38.109726 -172.733292 -2.737682 16.708746 20.666481 2.243541 -5.255037 -3.180157 14.282894 -0.826592 6.952505 -5e-06 -12.690607 -1e-06 19.13102 -17.406775 1.981199 1.665666 -1.955922 -2.878299 4.727799 -4.170588 4.993926 11.020528 5e-06 1e-06 12.109052 -3.735715 -2.866783 2e-06 0.0 2e-06 1.291985 -1.928549 -1.498087 14.800136 0.567471 3.86561 14.242577 -1.341735 -6.660657 19.631975 0.143928 -0.64824 52.013367 -0.71945 -6.182446 0.353029 -1.511151 -0.031942 20.222799 3.684315 2.316631 18.787279 7e-06 2e-06 10.751632 -0.479865 1.397909 -0.0 -0.0 -1e-06 3.273807 0.305947 -0.58011 21.48682 11.830379 2.266134 8.162928 4e-06 -0.0 18.399084 -3.798982 -4.940573 3e-06 -1e-06 -1e-06 8.833004 10.89487 -19.71372 -0.411491 -0.768647 23.918184 -14.789593 -7.579774 -8.705659 1.532274 -2.014058 -2.41465 0.0 -0.0 2e-06 -10.438742 -7.14709 1.989261 -0.060648 0.553698 11.623729 7.569906 3.223402 -9.325104 -1.445426 0.71913 1.765279 0.0 -0.0 -1e-06 
0.0 0.0 0.0 0.0 -0.0 0.0 0.720534 99.522537 43.06673 1.149072 -1.117968 -1.079895 4.127271 -0.665909 4.169678 0.27695 -2.023516 -2.926843 5.672807 -3.732644 10.752464 -3.633111 4.063368 0.530266 -0.416832 1.647149 -3.404595 -7.899256 2.31523 -24.290279 7.7e-05 -2.2e-05 6e-06 -0.004043 -0.036897 0.20181 0.729081 -3.799379 -10.497017 -0.738147 3.726618 -10.61257 -0.023056 -9.626985 10.816246 -68.386627 -5.577763 -44.407799 179.757767 -60.066448 -178.296906 28.824871 -12.566941 24.008833 -5.882107 9.861284 0.702591 -10.936873 -0.360575 7.156207 3e-06 8.774825 -1e-06 -15.526265 19.431381 6.754802 -1.84403 2.498505 -2.507277 -10.163601 4.678943 4.621109 -20.976023 -4e-06 5e-06 -21.226286 2.451697 -3.593998 0.0 -6e-06 -0.0 -1.362681 2.240798 -0.746323 -21.334913 0.584909 3.008323 -13.821213 -2e-06 3e-06 -23.887169 -0.249077 -0.839481 -63.610577 2.65847 -1.255042 -0.294026 1.679688 0.833256 -14.218208 0.093214 1.300581 -34.212048 -0.287563 0.967173 -20.033211 0.964537 1.212845 1e-06 0.0 0.0 -3.440387 0.788233 0.501656 -15.928189 -3.16731 2.999709 -6.338829 -1e-06 2e-06 -18.123449 3.648182 -4.905668 -3e-06 -0.0 -2e-06 15.239255 11.984571 12.201265 43.012836 31.241945 -40.754726 -172.633194 41.060646 -172.695419 -1.066489 23.477287 15.33156 2.243541 -5.255034 -3.180157 14.282884 -0.826594 6.952498 -3e-06 -12.690598 1e-06 18.078436 -17.285038 2.199863 1.665666 -1.955921 -2.878297 4.727797 -4.170585 4.993923 11.020521 3e-06 -2e-06 12.109049 -3.735714 -2.866783 0.0 1e-06 -1e-06 1.291985 -1.928548 -1.49809 14.800122 0.567469 3.865604 14.242568 -1.341734 -6.660656 19.63196 0.143927 -0.648246 52.592106 -0.592016 -6.120558 0.353029 -1.51115 -0.031939 20.222786 3.684309 2.316626 18.78727 6e-06 -1e-06 10.751624 -0.479868 1.397904 0.0 1e-06 -0.0 3.273806 0.305947 -0.580109 21.486801 11.830368 2.266131 8.162922 2e-06 0.0 18.399073 -3.798982 -4.940574 4e-06 -1e-06 -1e-06 10.095338 9.876686 -21.721605 -0.379559 -0.787414 21.258615 -15.831308 -7.821776 -5.554922 1.546899 -1.968094 -1.986796 0.0 -0.0 2e-06 -10.380952 -8.360367 2.713568 -0.080726 0.664974 11.903134 7.187689 3.61839 -9.706071 -1.442007 0.591094 1.759591 0.0 -0.0 -1e-06 
0.0 0.0 0.0 0.0 -0.0 0.0 1.147555 99.026192 44.191299 0.523729 -0.046992 -1.399044 4.164853 -0.674597 3.523429 0.259858 -1.916787 -3.060596 5.785628 -4.198159 11.034351 -2.167081 3.491931 2.243667 -0.626218 0.932372 -3.432759 -7.983862 1.431367 -22.939844 7.7e-05 -2.2e-05 6e-06 0.035883 0.052007 0.226641 0.724973 -3.701367 -10.426981 -0.654919 3.805507 -10.527897 0.549382 -10.576953 11.011367 -62.510857 -7.04158 -39.417042 -179.079498 -61.678356 -179.710007 29.217997 -13.547297 25.838192 -5.88211 9.86129 0.702589 -10.936874 -0.360573 7.156208 -0.0 8.774826 -1e-06 -15.697825 19.008764 6.832628 -1.844032 2.498506 -2.507279 -10.163604 4.678946 4.621111 -20.976028 0.0 4e-06 -21.226292 2.451701 -3.594002 0.0 -6e-06 0.0 -1.362682 2.240799 -0.746324 -21.334921 0.584915 3.008325 -13.821217 0.0 1e-06 -23.887177 -0.249074 -0.839486 -63.780136 2.598045 -1.155204 -0.294024 1.679688 0.833256 -14.218214 0.093217 1.300582 -34.212063 -0.287555 0.967169 -20.033222 0.964541 1.212841 0.0 0.0 -0.0 -3.440388 0.788234 0.501655 -15.928191 -3.167308 2.999711 -6.338828 -0.0 2e-06 -18.123457 3.648187 -4.905675 -4e-06 0.0 -1e-06 16.603354 11.785962 12.760172 39.629921 37.190781 -35.587833 -175.291153 53.932758 -173.534286 -4.557304 19.62817 14.292814 2.243543 -5.255043 -3.18016 14.282904 -0.826596 6.952509 -1e-06 -12.690616 -3e-06 18.553993 -17.392334 2.154136 1.665667 -1.955924 -2.878302 4.727803 -4.170591 4.993928 11.020536 2e-06 -1e-06 12.10906 -3.73572 -2.866788 -0.0 0.0 0.0 1.291986 -1.928552 -1.498091 14.800144 0.567469 3.865612 14.242584 -1.341738 -6.660663 19.631987 0.143924 -0.648244 52.915047 -0.515725 -6.032996 0.353029 -1.511153 -0.03194 20.222805 3.684312 2.316635 18.787289 4e-06 1e-06 10.751637 -0.47987 1.397907 -1e-06 2e-06 -2e-06 3.273809 0.305947 -0.580113 21.486832 11.830387 2.266139 8.162935 2e-06 -3e-06 18.399103 -3.79899 -4.940579 4e-06 0.0 -2e-06 11.722129 8.475744 -22.919575 -0.377405 -0.833964 18.237665 -15.571209 -7.463502 -2.897723 1.577569 -1.939726 -1.654494 0.0 -0.0 2e-06 -10.193403 -9.69884 4.361881 -0.143344 0.728132 11.52892 7.231027 3.629904 -10.384843 -1.446265 0.560078 1.688287 0.0 -0.0 -1e-06 
0.0 0.0 0.0 0.0 -0.0 0.0 1.631699 98.362419 45.691566 -0.253833 2.194047 -2.189188 4.262073 -0.667883 2.766928 0.17769 -1.781891 -3.542603 5.616323 -5.133265 11.080201 -0.435939 2.947633 4.925462 -0.915207 -0.535249 -3.515066 -7.67731 0.166395 -20.773392 7.7e-05 -2.2e-05 6e-06 0.051708 0.037669 0.250979 0.718977 -3.71918 -10.384479 -0.615622 3.797005 -10.427927 0.893668 -11.291866 12.070033 -53.44733 -8.453117 -29.700136 -174.464645 -70.019005 175.682159 27.250538 -13.70474 24.588177 -5.882109 9.861293 0.702589 -10.93688 -0.360577 7.156211 2e-06 8.774831 -2e-06 -16.341682 19.453283 6.81708 -1.844035 2.498507 -2.507281 -10.163608 4.678946 4.62111 -20.976042 -7e-06 3e-06 -21.226305 2.451695 -3.594002 0.0 -5e-06 -0.0 -1.362683 2.240799 -0.746325 -21.334934 0.584907 3.008325 -13.821226 -5e-06 2e-06 -23.887192 -0.249082 -0.839483 -63.558388 2.656246 -1.200729 -0.294026 1.679688 0.833258 -14.218221 0.093213 1.30058 -34.212078 -0.287569 0.967172 -20.03323 0.964534 1.212846 -0.0 1e-06 0.0 -3.440392 0.788233 0.501655 -15.928201 -3.167315 2.999709 -6.338832 -3e-06 1e-06 -18.123463 3.648182 -4.905675 -4e-06 -0.0 -2e-06 16.098238 11.022778 13.284538 36.780685 41.871471 -27.503355 -178.580231 73.066048 -175.905319 -8.084308 12.867465 11.821465 2.243543 -5.25504 -3.180161 14.282902 -0.826595 6.952507 -3e-06 -12.690613 0.0 18.325859 -18.406563 2.188019 1.665668 -1.955923 -2.878302 4.727802 -4.170588 4.993927 11.020536 5e-06 -2e-06 12.109062 -3.735717 -2.866786 1e-06 -1e-06 -1e-06 1.291986 -1.928549 -1.498091 14.80014 0.567471 3.865609 14.242582 -1.341735 -6.660664 19.631985 0.143928 -0.648245 50.870243 -0.580037 -6.38296 0.353029 -1.511152 -0.03194 20.222807 3.684314 2.316629 18.787287 6e-06 -2e-06 10.751634 -0.47987 1.397906 -2e-06 -0.0 -0.0 3.27381 0.305948 -0.580112 21.486832 11.83038 2.266134 8.162931 3e-06 -1e-06 18.399097 -3.798984 -4.940578 3e-06 -1e-06 -1e-06 13.192251 6.814939 -22.972315 -0.390038 -0.919204 14.574979 -15.981316 -6.816426 -0.999277 1.601252 -1.959086 -1.779426 -0.0 0.0 3e-06 -10.058353 -11.370432 7.682112 -0.207668 0.842493 9.88662 7.619823 2.727964 -11.383803 -1.46357 0.542998 1.685777 -0.0 0.0 -1e-06 
0.0 0.0 0.0 0.0 -0.0 0.0 2.253988 97.647049 47.57951 -0.993784 4.872057 -3.477433 4.5767 -0.796965 2.160573 0.173242 -1.419657 -4.041806 4.94277 -5.741361 10.829581 1.028635 2.355749 8.52075 -1.447704 -2.662823 -3.496263 -7.24769 -1.445683 -19.140923 7.7e-05 -2.2e-05 6e-06 0.036128 -0.073824 0.235486 0.699306 -3.849593 -10.342183 -0.626396 3.702363 -10.381663 2.545751 -11.587013 13.808311 -45.200539 -13.729176 -16.049318 -134.697525 -87.860825 136.149734 22.868895 -9.386704 20.455528 -5.882105 9.861284 0.702589 -10.936872 -0.360575 7.156208 1e-06 8.774824 -1e-06 -16.945282 18.585415 5.576233 -1.844032 2.498504 -2.507278 -10.163599 4.678944 4.621109 -20.976023 -4e-06 2e-06 -21.226288 2.451696 -3.593999 -1e-06 -6e-06 -0.0 -1.362682 2.240798 -0.746324 -21.334913 0.584908 3.008323 -13.821213 -3e-06 3e-06 -23.887171 -0.249079 -0.839482 -61.671089 2.48777 -1.166978 -0.294024 1.679686 0.833256 -14.218208 0.093215 1.300581 -34.212051 -0.287563 0.967172 -20.033215 0.964537 1.212844 1e-06 0.0 0.0 -3.44039 0.788233 0.501656 -15.928185 -3.16731 2.999708 -6.338827 -1e-06 1e-06 -18.123446 3.648183 -4.905669 -3e-06 0.0 -2e-06 12.38084 10.339268 13.905161 36.956352 46.644592 -15.985517 -6.938735 84.651077 -4.242967 -6.307039 9.410906 6.625183 2.243543 -5.255038 -3.180158 14.282896 -0.826596 6.952506 -1e-06 -12.690608 0.0 16.065706 -18.393305 2.830974 1.665666 -1.955922 -2.878299 4.727801 -4.170587 4.993926 11.020528 1e-06 -2e-06 12.109055 -3.735717 -2.866786 2e-06 0.0 -1e-06 1.291986 -1.92855 -1.49809 14.800132 0.567467 3.86561 14.242574 -1.341738 -6.660661 19.631971 0.143921 -0.648246 49.594528 -0.526621 -6.370202 0.35303 -1.511153 -0.031938 20.222799 3.684307 2.316632 18.787273 3e-06 1e-06 10.751632 -0.479868 1.397907 2e-06 2e-06 1e-06 3.273808 0.305947 -0.58011 21.486818 11.830377 2.266136 8.16293 1e-06 -1e-06 18.399088 -3.798987 -4.940577 3e-06 1e-06 -1e-06 14.313704 4.656866 -22.635309 -0.384452 -1.046212 13.093803 -16.264828 -6.131459 -1.836442 1.663095 -1.864264 -2.021935 -0.0 0.0 3e-06 -10.076326 -12.373657 12.230692 -0.144945 0.967177 7.508544 8.389759 -0.317279 -12.373067 -1.459889 0.670026 1.40362 -0.0 1e-06 -1e-06 
0.0 0.0 0.0 0.0 -0.0 0.0 3.039494 96.897789 49.899147 -1.527501 6.90415 -5.08758 4.926692 -0.791878 1.600241 0.15368 -0.90233 -4.611786 3.980295 -5.450693 11.192935 2.287542 2.055142 11.625724 -2.171659 -5.118913 -3.360393 -6.910195 -3.351083 -17.53624 7.7e-05 -2.3e-05 6e-06 0.023756 -0.155459 0.21399 0.624512 -3.908117 -10.144858 -0.57376 3.592588 -10.187517 2.604227 -11.613217 15.717225 -40.833797 -24.442446 -4.076799 1.349079 -65.166626 0.411789 21.323675 -3.324048 15.863786 -5.882111 9.86129 0.702591 -10.93688 -0.360574 7.15621 0.0 8.774829 -1e-06 -15.929917 17.534616 5.408278 -1.844034 2.498505 -2.507278 -10.16361 4.678948 4.621112 -20.97604 -3e-06 3e-06 -21.226301 2.451699 -3.594 -1e-06 -6e-06 0.0 -1.362683 2.240799 -0.746323 -21.33493 0.584912 3.008325 -13.821225 -2e-06 2e-06 -23.887188 -0.249077 -0.839483 -59.013798 2.352993 -1.018985 -0.294025 1.679688 0.833256 -14.218221 0.093215 1.300582 -34.212082 -0.287562 0.967171 -20.033232 0.964539 1.212844 -0.0 0.0 0.0 -3.440391 0.788234 0.501656 -15.928201 -3.16731 2.999709 -6.338831 -1e-06 1e-06 -18.123459 3.648184 -4.905671 -4e-06 0.0 -2e-06 6.794312 11.376343 14.804642 42.395828 50.213047 -0.471419 -6.759911 61.580029 -3.344717 -0.324358 4.567809 0.35565 2.243542 -5.255037 -3.180159 14.282887 -0.826594 6.9525 -3e-06 -12.690601 -1e-06 15.600266 -18.36891 2.997181 1.665669 -1.955921 -2.878298 4.727798 -4.170587 4.993924 11.020524 3e-06 -2e-06 12.109053 -3.735715 -2.866786 -1e-06 2e-06 0.0 1.291986 -1.928549 -1.498088 14.800127 0.567467 3.865604 14.242574 -1.341736 -6.66066 19.631968 0.143926 -0.648246 49.997078 -0.41041 -6.128372 0.353029 -1.51115 -0.031939 20.22279 3.684309 2.316628 18.787275 6e-06 -3e-06 10.751627 -0.479868 1.397905 0.0 1e-06 -0.0 3.273805 0.305945 -0.580112 21.486809 11.830374 2.26613 8.162926 0.0 -2e-06 18.39908 -3.798984 -4.940576 4e-06 -0.0 -2e-06 14.682278 2.769647 -20.912415 -0.285172 -1.17035 12.405104 -15.73024 -4.467204 -3.309349 1.654531 -1.830973 -2.342515 -0.0 -0.0 5e-06 -10.236406 -12.14167 16.221596 -0.050286 0.964839 6.785871 9.439917 -3.948022 -13.85343 -1.448208 0.790113 0.878303 -0.0 -0.0 -1e-06 
0.0 0.0 0.0 0.0 -0.0 0.0 4.144412 95.968681 52.440357 -1.357744 8.186901 -6.487327 4.428357 -0.83678 1.077616 0.133492 -0.284113 -5.144239 3.274495 -4.720467 12.355027 2.330976 1.972201 13.538364 -2.683169 -6.120696 -3.42401 -6.195237 -5.51698 -16.211119 7.7e-05 -2.2e-05 6e-06 0.035276 -0.109686 0.152511 0.525413 -3.813226 -10.037261 -0.449284 3.586047 -10.106556 -0.693131 -10.31295 17.291409 -35.59037 -37.072521 11.676048 4.17175 -39.732471 -2.196154 20.040346 3.882668 10.03179 -5.88211 9.861286 0.702591 -10.936875 -0.360572 7.156205 2e-06 8.774826 -0.0 -14.763822 17.559145 6.496397 -1.844033 2.498506 -2.507278 -10.163602 4.678946 4.62111 -20.976034 -3e-06 1e-06 -21.226297 2.451697 -3.594002 1e-06 -6e-06 0.0 -1.362682 2.240799 -0.746323 -21.334921 0.58491 3.008322 -13.82122 -3e-06 1e-06 -23.887182 -0.24908 -0.839484 -58.926105 2.413753 -0.966221 -0.294025 1.679687 0.833256 -14.218214 0.093214 1.300581 -34.212063 -0.287563 0.967169 -20.033224 0.964537 1.212843 -0.0 -0.0 0.0 -3.44039 0.788233 0.501656 -15.928192 -3.16731 2.999707 -6.33883 -1e-06 1e-06 -18.123453 3.648184 -4.905674 -5e-06 0.0 -3e-06 3.036426 13.448982 16.119072 48.504108 52.242298 15.487604 -2.590376 37.785957 -0.202399 6.295294 -3.325085 -0.420224 2.243544 -5.255039 -3.180159 14.282897 -0.826597 6.952505 -3e-06 -12.690609 2e-06 15.993412 -17.76712 2.847733 1.665666 -1.955922 -2.8783 4.727799 -4.170588 4.993925 11.020535 2e-06 -1e-06 12.109058 -3.735716 -2.866786 -0.0 -2e-06 0.0 1.291986 -1.928549 -1.498091 14.800136 0.56747 3.865608 14.242579 -1.341738 -6.660661 19.631975 0.143924 -0.648246 50.126129 -0.508979 -6.043646 0.35303 -1.511152 -0.031938 20.222801 3.68431 2.31663 18.787283 4e-06 -2e-06 10.751633 -0.479871 1.397905 -0.0 0.0 -0.0 3.273808 0.305947 -0.580111 21.486824 11.830379 2.26613 8.162933 1e-06 -1e-06 18.399096 -3.798988 -4.94058 3e-06 2e-06 -1e-06 13.905105 1.165061 -19.363199 -0.07204 -1.102061 14.003191 -17.62117 -3.09055 0.220021 1.571729 -1.936323 -1.884458 0.0 0.0 2e-06 -11.347322 -12.075444 18.335308 -0.034625 0.836461 9.527114 11.179789 -5.89379 -15.65968 -1.467699 0.552129 0.010519 -0.0 -0.0 -1e-06 
0.0 0.0 0.0 0.0 -0.0 0.0 5.536045 95.462059 54.713898 0.213787 7.873191 -7.845928 3.008797 -0.471063 1.645165 0.00952 0.838476 -5.131437 2.150452 -3.236291 13.967701 1.37179 1.65316 13.40774 -2.669913 -5.80161 -3.803943 -4.997532 -6.433908 -17.429272 7.7e-05 -2.3e-05 6e-06 0.012349 -0.05428 0.086679 0.582727 -3.757662 -10.283509 -0.553813 3.64799 -10.367123 -2.516141 -8.294278 18.554747 -35.008621 -45.408138 23.431927 0.629974 -32.229324 -1.286908 15.335785 6.911998 10.010503 -5.88211 9.861293 0.702592 -10.936884 -0.360576 7.156214 1e-06 8.774833 1e-06 -15.441441 17.558298 6.247503 -1.844034 2.498506 -2.507281 -10.16361 4.678949 4.621115 -20.976044 -6e-06 1e-06 -21.226309 2.451696 -3.594002 0.0 -6e-06 -0.0 -1.362684 2.240799 -0.746324 -21.334934 0.584908 3.008327 -13.821229 -4e-06 2e-06 -23.887196 -0.249081 -0.839482 -60.614704 2.427652 -1.001958 -0.294024 1.679689 0.833257 -14.218223 0.093214 1.300581 -34.212082 -0.287566 0.967172 -20.033232 0.964536 1.212845 -0.0 0.0 0.0 -3.440391 0.788234 0.501656 -15.928201 -3.167312 2.99971 -6.338833 -1e-06 1e-06 -18.123466 3.648184 -4.905674 -5e-06 -0.0 -0.0 0.746129 17.036896 17.709929 54.268482 49.414173 26.955276 3.683303 18.334219 1.246692 5.736366 -5.610243 6.657572 2.243544 -5.255039 -3.180158 14.282894 -0.826594 6.952505 -2e-06 -12.690612 1e-06 15.514387 -17.477165 2.910202 1.665667 -1.955922 -2.878299 4.7278 -4.170589 4.993925 11.020529 2e-06 -1e-06 12.109056 -3.735717 -2.866786 0.0 0.0 -0.0 1.291986 -1.92855 -1.49809 14.800132 0.567468 3.865609 14.242577 -1.341738 -6.66066 19.631973 0.143927 -0.648245 50.210846 -0.714389 -6.193137 0.353029 -1.51115 -0.03194 20.222795 3.684311 2.31663 18.787275 5e-06 -1e-06 10.751629 -0.479869 1.397907 0.0 1e-06 0.0 3.273807 0.305948 -0.580111 21.486822 11.830382 2.266134 8.16293 1e-06 -0.0 18.399088 -3.798987 -4.940577 2e-06 -0.0 -1e-06 11.789096 0.348538 -19.390024 -0.093381 -0.98581 20.359602 -19.746466 -1.888366 2.929723 1.551663 -2.130729 -0.733924 -0.0 0.0 2e-06 -13.994089 -11.110142 17.497734 -0.262684 0.887788 17.231001 14.084481 -6.438291 -17.5438 -1.43705 0.463277 -1.890859 0.0 0.0 -1e-06 
0.0 0.0 0.0 0.0 -0.0 0.0 6.745472 95.236061 56.614006 1.165542 7.095068 -8.355665 1.669649 -0.050557 3.110398 -0.177787 1.945349 -4.69061 0.860764 -1.52583 14.50104 0.369529 1.790725 11.802037 -2.495523 -5.771975 -3.962525 -3.126258 -7.061702 -20.075739 7.7e-05 -2.3e-05 6e-06 -0.005982 -0.076672 0.045717 0.656813 -3.80604 -10.582733 -0.665127 3.664774 -10.669527 -0.612625 -6.211566 18.960758 -45.471622 -45.146873 27.399355 1.928248 -38.138496 -1.829916 16.296839 4.389872 14.177423 -5.882111 9.861292 0.702592 -10.936883 -0.360574 7.156215 -1e-06 8.774832 1e-06 -16.856062 17.797186 5.746346 -1.844035 2.498506 -2.50728 -10.163607 4.678948 4.621113 -20.976044 -4e-06 1e-06 -21.226309 2.451698 -3.594003 0.0 -6e-06 0.0 -1.362683 2.240799 -0.746324 -21.334938 0.58491 3.008327 -13.821229 -2e-06 2e-06 -23.887201 -0.249079 -0.839485 -61.487469 2.520645 -1.005512 -0.294025 1.679689 0.833257 -14.218223 0.093215 1.300582 -34.212078 -0.287564 0.967171 -20.033232 0.964538 1.212844 -0.0 -0.0 1e-06 -3.440392 0.788233 0.501656 -15.928203 -3.167311 2.99971 -6.338832 -1e-06 1e-06 -18.123463 3.648184 -4.905674 -5e-06 0.0 -2e-06 0.939491 17.259155 20.249712 59.521481 37.413471 18.578852 -0.552101 17.937639 0.458178 -0.831128 -5.787216 17.743504 2.243544 -5.25504 -3.18016 14.282905 -0.826597 6.952509 -2e-06 -12.690614 2e-06 15.687737 -16.221321 2.479788 1.665667 -1.955922 -2.878301 4.727805 -4.170591 4.993929 11.020538 2e-06 -1e-06 12.109064 -3.735718 -2.866785 0.0 -0.0 0.0 1.291987 -1.92855 -1.498091 14.800142 0.567467 3.865611 14.242585 -1.341736 -6.660663 19.631987 0.143926 -0.648245 49.658432 -0.725381 -5.909026 0.353029 -1.511152 -0.03194 20.222813 3.684311 2.316632 18.787291 3e-06 -0.0 10.751639 -0.47987 1.397907 -0.0 0.0 0.0 3.273809 0.305948 -0.580111 21.486834 11.830382 2.266134 8.162937 0.0 -1e-06 18.399103 -3.798988 -4.940579 2e-06 -0.0 -1e-06 10.60601 0.123551 -19.477873 -0.143259 -1.05978 24.224457 -19.243412 -0.636165 4.277749 1.547689 -2.247736 -0.29028 -0.0 0.0 2e-06 -16.443079 -11.158668 12.179611 -0.196862 1.45712 30.638176 15.436904 -6.647908 -15.043017 -1.408625 0.563488 -7.411504 0.0 0.0 -1e-06 
0.0 0.0 0.0 0.0 -0.0 0.0 7.388481 94.500595 58.147587 -0.438013 6.257901 -7.454762 1.128022 -0.123226 4.673486 -0.387902 2.094215 -3.763222 0.248694 -0.364622 13.611992 -0.600372 2.577979 8.039785 -1.94595 -4.816823 -3.92065 -1.156642 -7.199352 -22.233999 7.7e-05 -2.3e-05 6e-06 -0.003262 -0.063359 0.076633 0.662908 -3.804722 -10.535381 -0.664251 3.686013 -10.680277 2.053535 -3.382171 17.870499 -58.107712 -34.43475 21.762526 7.442084 -56.940147 -4.965357 19.715645 -2.350345 21.722452 -5.882113 9.861292 0.702591 -10.936882 -0.360575 7.156211 -0.0 8.774831 -1e-06 -17.986715 17.824242 5.122241 -1.844035 2.498507 -2.50728 -10.163611 4.678949 4.621113 -20.976049 0.0 2e-06 -21.226311 2.4517 -3.594005 -0.0 -6e-06 0.0 -1.362684 2.240801 -0.746323 -21.334934 0.584913 3.008326 -13.821227 -1e-06 3e-06 -23.887196 -0.249077 -0.839485 -60.722137 2.53976 -1.127685 -0.294026 1.679688 0.833256 -14.218224 0.093217 1.300583 -34.21209 -0.287559 0.967169 -20.033234 0.964539 1.21284 -0.0 0.0 0.0 -3.440392 0.788234 0.501656 -15.928203 -3.167309 2.99971 -6.338833 -0.0 1e-06 -18.123466 3.648187 -4.905675 -6e-06 1e-06 -1e-06 4.260222 13.38921 21.580889 58.55677 20.307753 2.709741 -5.697839 43.952599 -1.498368 -9.001053 4.314011 16.718708 2.243545 -5.255039 -3.180159 14.2829 -0.826598 6.952507 0.0 -12.690611 2e-06 16.893644 -17.424006 2.284645 1.665668 -1.955922 -2.878302 4.727802 -4.170589 4.993927 11.020534 1e-06 -2e-06 12.10906 -3.735719 -2.866786 1e-06 -0.0 -1e-06 1.291985 -1.92855 -1.498089 14.800139 0.567465 3.86561 14.242582 -1.341738 -6.660662 19.631981 0.143924 -0.648248 50.750751 -0.595109 -6.185288 0.353029 -1.511151 -0.031939 20.222803 3.684308 2.316631 18.787287 2e-06 -2e-06 10.751636 -0.479869 1.397905 0.0 0.0 -0.0 3.27381 0.305947 -0.580112 21.486824 11.830376 2.266132 8.162931 -0.0 -1e-06 18.399097 -3.798989 -4.94058 3e-06 -0.0 -1e-06 12.245584 1.909777 -20.579884 -0.27345 -1.151799 26.169235 -17.311647 -0.802214 3.840779 1.509504 -2.0077 -0.05391 0.0 0.0 2e-06 -16.883533 -13.509095 2.757797 0.221631 1.59551 46.616844 14.415782 -5.030332 -5.74635 -1.503441 0.826131 -12.778856 0.0 0.0 -2e-06 
0.0 0.0 0.0 0.0 -0.0 0.0 7.777471 92.883675 59.151436 -1.542134 5.85614 -5.128081 0.06944 -0.151545 6.263174 -0.662689 1.814954 -2.923923 -0.91404 -0.064795 12.201281 -0.735676 2.52744 3.415901 -1.562818 -3.768247 -3.764524 0.722208 -7.381958 -25.873104 7.7e-05 -2.2e-05 6e-06 0.016163 0.066531 0.080021 0.696112 -3.729423 -10.626235 -0.659634 3.865559 -10.798342 3.224166 -2.184755 16.600233 -63.23415 -22.30813 9.925745 9.853148 -82.800339 -7.188514 20.323368 -9.179652 29.286591 -5.882111 9.861292 0.702591 -10.936881 -0.360575 7.156214 2e-06 8.774832 -1e-06 -18.204559 17.922983 4.876343 -1.844034 2.498506 -2.507278 -10.163607 4.678948 4.621114 -20.976042 -5e-06 1e-06 -21.226307 2.451697 -3.594006 -0.0 -7e-06 -1e-06 -1.362683 2.2408 -0.746326 -21.334932 0.58491 3.008325 -13.821228 -2e-06 1e-06 -23.887194 -0.24908 -0.839485 -61.178551 2.519532 -1.307984 -0.294025 1.679688 0.833255 -14.218221 0.093215 1.30058 -34.212074 -0.287565 0.96717 -20.033228 0.964536 1.212844 -1e-06 1e-06 0.0 -3.440391 0.788234 0.501656 -15.928201 -3.167312 2.999711 -6.338831 -2e-06 1e-06 -18.123459 3.648185 -4.905675 -6e-06 0.0 -2e-06 5.9348 9.819341 21.197506 56.675705 6.949248 -9.714434 -5.779286 72.863785 -2.911637 -15.118481 9.292045 16.691544 2.243543 -5.255039 -3.18016 14.2829 -0.826597 6.952506 -2e-06 -12.690609 3e-06 16.43041 -17.759743 2.25082 1.665668 -1.955923 -2.878301 4.727802 -4.170589 4.993926 11.020534 3e-06 -1e-06 12.109059 -3.735718 -2.866786 -0.0 1e-06 0.0 1.291986 -1.92855 -1.498091 14.800139 0.567466 3.86561 14.242582 -1.341737 -6.660661 19.631981 0.143925 -0.648247 49.922379 -0.479332 -6.206511 0.35303 -1.511152 -0.031941 20.222803 3.684309 2.316629 18.787285 4e-06 -2e-06 10.751636 -0.47987 1.397905 -1e-06 0.0 0.0 3.273809 0.305946 -0.580109 21.486824 11.830379 2.266131 8.162933 2e-06 -0.0 18.399094 -3.798988 -4.940579 3e-06 -1e-06 -2e-06 13.255688 5.018881 -26.480679 -0.525026 -1.071396 33.96907 -15.686216 -2.670653 -1.407688 1.516286 -2.017522 0.780121 -0.0 -0.0 2e-06 -17.486368 -16.711159 -9.025377 0.534961 1.469321 62.284611 14.099006 -0.62357 3.107846 -1.547651 0.904582 -9.341604 0.0 -0.0 -3e-06 
0.0 0.0 0.0 0.0 -0.0 0.0 8.236311 90.745537 60.022289 -1.455164 4.195714 -2.042537 -1.051024 -0.109894 7.162305 -0.969944 1.548376 -2.324941 -2.735828 -0.364107 10.970939 -1.242211 2.416289 -0.1969 -1.11808 -2.966456 -3.694448 2.322788 -6.802502 -29.491602 7.7e-05 -2.3e-05 6e-06 0.03638 0.129385 0.072005 0.737843 -3.712088 -10.803131 -0.664059 3.96541 -10.976275 3.182595 -1.656101 15.072155 -63.999828 -14.673285 -0.600039 -170.41275 -74.874565 173.369568 18.858662 -13.090343 32.192982 -5.882104 9.861283 0.702589 -10.93687 -0.360576 7.156206 1e-06 8.774823 -2e-06 -18.527731 18.838247 5.60614 -1.844033 2.498504 -2.507278 -10.163597 4.678943 4.621109 -20.976021 -6e-06 4e-06 -21.226286 2.451694 -3.593997 -0.0 -6e-06 -0.0 -1.362681 2.240797 -0.746323 -21.334911 0.584906 3.008325 -13.821213 -4e-06 2e-06 -23.887167 -0.24908 -0.83948 -62.912682 2.693016 -1.389412 -0.294024 1.679687 0.833255 -14.218206 0.093213 1.300581 -34.212048 -0.287567 0.967174 -20.033211 0.964537 1.212846 2e-06 -1e-06 0.0 -3.440388 0.788233 0.501656 -15.928185 -3.16731 2.999708 -6.338825 -2e-06 2e-06 -18.123444 3.64818 -4.905669 -4e-06 -0.0 -2e-06 4.531122 8.14239 20.43194 56.113953 -1.566538 -20.438316 -177.08963 85.136589 -174.680847 -21.194736 7.614594 16.014708 2.243541 -5.255036 -3.180157 14.282887 -0.826593 6.952499 -2e-06 -12.690598 -0.0 14.659029 -17.371939 3.204624 1.665666 -1.955921 -2.878298 4.727797 -4.170585 4.99392 11.020522 3e-06 -1e-06 12.109046 -3.735714 -2.866782 -0.0 1e-06 0.0 1.291985 -1.928548 -1.498088 14.800125 0.567468 3.865607 14.242568 -1.341736 -6.660655 19.631958 0.143925 -0.648242 49.312454 -0.455909 -5.99926 0.353029 -1.51115 -0.031939 20.222786 3.684309 2.316631 18.78727 5e-06 -1e-06 10.751625 -0.479868 1.397906 1e-06 1e-06 -0.0 3.273806 0.305947 -0.58011 21.486809 11.83037 2.266133 8.162926 1e-06 -1e-06 18.399076 -3.798982 -4.940574 2e-06 0.0 -0.0 12.819837 9.547996 -33.385414 -0.627418 -0.890677 42.926952 -14.302559 -4.737753 -5.527066 1.546537 -2.043858 1.170707 0.0 -0.0 2e-06 -18.544546 -19.624714 -21.332735 0.664484 1.238864 74.00795 13.972018 1.843502 2.312814 -1.61235 1.033458 -4.006916 1e-06 -0.0 -4e-06 
0.0 0.0 0.0 0.0 -0.0 0.0 8.988103 88.876427 61.085117 -1.03181 1.331449 0.72843 -1.790696 0.037058 7.427915 -1.130815 1.054539 -1.899881 -4.701519 -0.809615 10.344945 -2.309839 2.675241 -2.955931 -0.667727 -2.329192 -3.684308 3.497159 -5.996186 -31.561369 7.6e-05 -2.2e-05 6e-06 0.024082 0.111904 0.082272 0.729495 -3.745221 -10.858888 -0.680415 3.961606 -11.015237 1.764916 -1.75052 13.760288 -63.388275 -11.527985 -10.235517 -173.203461 -57.896687 176.560013 17.506969 -14.077619 30.954212 -5.88211 9.861289 0.702587 -10.936877 -0.360574 7.156207 -1e-06 8.774826 -2e-06 -17.73168 19.46175 6.933546 -1.844033 2.498506 -2.50728 -10.163603 4.678946 4.621108 -20.97603 -2e-06 1e-06 -21.226294 2.451699 -3.594002 -0.0 -6e-06 -1e-06 -1.362684 2.2408 -0.746325 -21.334921 0.584912 3.008322 -13.821218 -0.0 1e-06 -23.887182 -0.249077 -0.839485 -63.725529 2.883192 -1.348421 -0.294025 1.679688 0.833255 -14.218214 0.093216 1.300581 -34.212063 -0.287564 0.967169 -20.033224 0.964537 1.212842 0.0 -0.0 1e-06 -3.44039 0.788234 0.501655 -15.928189 -3.16731 2.999708 -6.338829 -1e-06 1e-06 -18.123453 3.648183 -4.905672 -4e-06 1e-06 -2e-06 2.340548 7.630613 19.688953 55.20562 -6.957058 -30.317413 179.340652 70.246414 -177.860962 -23.927805 3.437412 12.822327 2.243543 -5.255038 -3.180159 14.2829 -0.826595 6.952508 -3e-06 -12.690609 2e-06 13.309649 -17.186165 4.055764 1.665667 -1.955922 -2.8783 4.727802 -4.17059 4.993927 11.020535 4e-06 -2e-06 12.109059 -3.735717 -2.866785 0.0 1e-06 -2e-06 1.291985 -1.928551 -1.49809 14.800136 0.567468 3.86561 14.24258 -1.341736 -6.660661 19.631979 0.143926 -0.648245 48.564606 -0.526705 -6.004581 0.353029 -1.511151 -0.031941 20.222803 3.684312 2.316632 18.787287 5e-06 -1e-06 10.751636 -0.479869 1.397907 -0.0 0.0 0.0 3.273809 0.305946 -0.580112 21.48683 11.830381 2.266135 8.162933 2e-06 1e-06 18.399097 -3.798987 -4.940578 2e-06 -0.0 -1e-06 11.790332 14.227504 -38.371941 -0.695644 -0.724553 49.889088 -13.096299 -6.022481 -9.345589 1.581746 -2.002228 1.399258 0.0 0.0 2e-06 -18.842951 -22.758478 -32.338676 0.761461 1.035246 76.888573 11.925001 -0.780961 -3.149619 -1.617973 1.11374 -2.589087 0.0 1e-06 -1e-06 
0.0 0.0 0.0 0.0 -0.0 0.0 9.8579 87.521378 62.13464 -0.835137 -1.807563 3.130259 -2.143612 0.107482 7.262016 -1.328188 0.647039 -1.67461 -6.314075 -1.453151 9.917655 -2.854313 2.955223 -5.003861 -0.346356 -1.42699 -3.67339 4.244516 -5.034223 -32.176929 7.7e-05 -2.2e-05 7e-06 0.012836 0.115163 0.115611 0.695768 -3.735618 -10.810592 -0.669335 3.959819 -10.920498 0.028346 -2.54496 12.682386 -61.988129 -12.501979 -17.455555 -174.838715 -47.850899 177.944946 16.937149 -12.881975 30.045101 -5.882111 9.861293 0.70259 -10.936883 -0.360577 7.156213 1e-06 8.774833 -1e-06 -17.004444 19.288126 7.387769 -1.844036 2.498507 -2.507281 -10.163611 4.678948 4.621114 -20.976046 -5e-06 2e-06 -21.226309 2.451697 -3.594002 1e-06 -6e-06 1e-06 -1.362682 2.2408 -0.746325 -21.334938 0.584909 3.008325 -13.82123 -4e-06 1e-06 -23.887201 -0.24908 -0.839483 -63.608849 2.903092 -1.250189 -0.294024 1.679687 0.833257 -14.218224 0.093215 1.300582 -34.212086 -0.287565 0.967173 -20.033236 0.964537 1.212846 1e-06 1e-06 0.0 -3.440391 0.788234 0.501656 -15.928205 -3.167312 2.999711 -6.338833 -2e-06 2e-06 -18.123466 3.648185 -4.905674 -5e-06 1e-06 -1e-06 0.857013 7.659184 18.561054 53.215363 -10.164364 -34.170948 -178.869858 61.313023 -176.659973 -22.937746 0.966433 10.978976 2.243544 -5.255042 -3.18016 14.282909 -0.826596 6.952511 -2e-06 -12.690614 -1e-06 13.980647 -17.454136 3.951784 1.66567 -1.955924 -2.878302 4.727805 -4.170592 4.993929 11.020541 3e-06 1e-06 12.109067 -3.735719 -2.866785 -0.0 1e-06 1e-06 1.291985 -1.928552 -1.498092 14.800146 0.567468 3.865612 14.242586 -1.341738 -6.660663 19.631987 0.143924 -0.648246 49.44352 -0.60274 -6.117041 0.35303 -1.511152 -0.031941 20.222816 3.684312 2.316635 18.787296 3e-06 1e-06 10.751642 -0.479869 1.397907 -1e-06 -0.0 -0.0 3.273811 0.305946 -0.580111 21.486837 11.830382 2.266137 8.162937 1e-06 -1e-06 18.399105 -3.798988 -4.94058 3e-06 -0.0 -1e-06 10.893054 17.799862 -41.844887 -0.738926 -0.605917 54.836082 -12.577556 -6.059311 -12.62161 1.608379 -1.923812 1.388861 0.0 -0.0 2e-06 -17.368153 -25.659832 -40.89814 0.814151 0.877208 70.23214 10.331689 -3.353254 -5.454298 -1.546683 1.135706 -1.855895 0.0 1e-06 -1e-06 
0.0 0.0 0.0 0.0 -0.0 0.0 10.597023 86.251244 63.164539 -0.92947 -4.662526 5.080942 -2.522468 -0.063464 6.834576 -1.593698 0.507573 -1.630431 -7.188401 -2.087625 9.58481 -2.611597 3.119243 -6.040041 -0.039756 -0.495976 -3.643119 4.70267 -3.750188 -32.074299 7.7e-05 -2.2e-05 6e-06 0.01023 0.114875 0.162807 0.665736 -3.702004 -10.715623 -0.645628 3.925237 -10.773577 -0.736688 -3.489748 11.755216 -59.686512 -15.739887 -19.876413 -174.485107 -45.368877 177.448883 15.44795 -11.348828 30.239853 -5.882111 9.861292 0.702589 -10.936878 -0.360574 7.156209 1e-06 8.774828 -1e-06 -16.506275 18.903576 7.201484 -1.844032 2.498505 -2.50728 -10.163605 4.678946 4.621112 -20.976034 -1e-06 2e-06 -21.226299 2.451698 -3.594003 0.0 -6e-06 1e-06 -1.36268 2.240797 -0.746326 -21.334925 0.584909 3.008322 -13.821221 -2e-06 1e-06 -23.887184 -0.249078 -0.839483 -62.981182 2.824612 -1.227171 -0.294025 1.679688 0.833256 -14.218217 0.093214 1.30058 -34.212067 -0.287564 0.967172 -20.033222 0.964539 1.212846 -0.0 -0.0 -0.0 -3.440391 0.788233 0.501657 -15.928196 -3.167312 2.999709 -6.33883 -1e-06 0.0 -18.123459 3.648183 -4.905674 -4e-06 0.0 -2e-06 0.108399 7.831701 17.513033 50.120758 -11.01441 -32.458355 -178.650803 56.590412 -176.674515 -19.487936 0.138005 11.407459 2.243542 -5.255037 -3.180159 14.282898 -0.826595 6.952503 -1e-06 -12.690605 -1e-06 15.782636 -17.952494 3.151259 1.665666 -1.955922 -2.878299 4.727801 -4.170588 4.993924 11.020529 2e-06 0.0 12.109057 -3.735716 -2.866784 -0.0 -0.0 -0.0 1.291986 -1.928549 -1.498089 14.800136 0.567467 3.865609 14.242578 -1.341737 -6.660658 19.631975 0.143924 -0.648246 51.290058 -0.682688 -6.254956 0.353029 -1.51115 -0.03194 20.222801 3.684308 2.316632 18.787283 3e-06 -0.0 10.751634 -0.47987 1.397907 -1e-06 0.0 0.0 3.273808 0.305946 -0.58011 21.48682 11.830372 2.266135 8.162931 1e-06 -0.0 18.399092 -3.798985 -4.940577 3e-06 0.0 -1e-06 10.535666 19.849623 -44.534351 -0.731825 -0.553782 59.135689 -12.555596 -4.922011 -15.847557 1.616182 -1.884544 1.415253 -0.0 0.0 2e-06 -14.592999 -28.092823 -46.332882 0.828628 0.83957 57.513607 10.498389 -1.98283 -2.462533 -1.480448 1.036401 -1.062476 -0.0 1e-06 -1e-06 
0.0 0.0 0.0 0.0 -0.0 0.0 11.151411 84.92189 64.404938 -1.2009 -6.957636 5.845246 -2.894813 0.001545 6.598171 -1.648234 0.209843 -1.744229 -7.617603 -2.351815 9.468608 -2.113762 3.141781 -5.685556 0.258714 0.289647 -3.599149 4.980612 -2.319866 -31.255219 7.7e-05 -2.2e-05 4e-06 0.008545 0.081463 0.171108 0.661847 -3.693437 -10.690958 -0.645479 3.853719 -10.721575 -0.212074 -4.465853 10.617229 -56.79974 -18.755302 -16.841969 -173.45401 -50.150864 176.30307 11.981748 -8.874045 32.761055 -5.882108 9.861286 0.702589 -10.936875 -0.360575 7.156209 0.0 8.774826 -0.0 -15.830004 18.417875 6.789493 -1.844033 2.498505 -2.50728 -10.163603 4.678944 4.62111 -20.97603 -4e-06 4e-06 -21.226295 2.451696 -3.593999 1e-06 -5e-06 1e-06 -1.362681 2.240799 -0.746324 -21.334921 0.584907 3.008326 -13.821219 -2e-06 4e-06 -23.88718 -0.24908 -0.83948 -61.806786 2.652476 -1.1486 -0.294025 1.679688 0.833257 -14.218214 0.093214 1.300581 -34.212063 -0.287568 0.967175 -20.033218 0.964535 1.212846 -0.0 0.0 -1e-06 -3.440389 0.788231 0.501656 -15.928189 -3.167312 2.999709 -6.338827 -1e-06 1e-06 -18.123447 3.648183 -4.90567 -3e-06 2e-06 -1e-06 -0.665954 8.116675 17.25156 46.755344 -9.42944 -28.264425 178.93721 55.311649 -177.546188 -14.722425 -0.262134 12.384929 2.243541 -5.255037 -3.180159 14.282891 -0.826594 6.952502 -3e-06 -12.6906 -1e-06 16.734728 -17.999241 2.26257 1.665665 -1.955922 -2.878299 4.727799 -4.170585 4.993924 11.020524 3e-06 -1e-06 12.109052 -3.735714 -2.866785 -0.0 1e-06 -0.0 1.291985 -1.928549 -1.49809 14.800129 0.567469 3.865607 14.242574 -1.341736 -6.66066 19.631969 0.143927 -0.648246 51.357365 -0.698871 -6.337375 0.353029 -1.51115 -0.031941 20.222788 3.684309 2.31663 18.78727 5e-06 -1e-06 10.751627 -0.479868 1.397906 -0.0 0.0 -0.0 3.273806 0.305947 -0.58011 21.486813 11.830371 2.266134 8.162926 2e-06 -0.0 18.39908 -3.798983 -4.940575 1e-06 0.0 -1e-06 11.160559 20.08058 -45.587002 -0.778916 -0.506522 63.229221 -13.250298 -2.910473 -19.396626 1.596832 -1.865769 1.62237 -0.0 -0.0 2e-06 -11.350297 -30.580877 -48.512806 0.689426 0.74161 43.094261 14.996688 2.855543 5.965569 -1.459171 0.78512 -0.507228 -0.0 0.0 -1e-06 
0.0 0.0 0.0 0.0 -0.0 0.0 11.571271 83.492401 65.989235 -1.471151 -8.56718 4.967711 -3.011024 0.267167 6.699811 -1.518818 -0.106198 -1.693643 -8.109783 -2.620046 9.632774 -1.549088 3.323174 -4.153603 0.418035 0.826244 -3.775048 5.031188 -0.325294 -28.825459 7.7e-05 -2.2e-05 5e-06 0.002946 -0.009774 0.135364 0.598438 -3.791319 -10.728559 -0.594549 3.766515 -10.747154 1.149888 -5.07681 9.579903 -52.611996 -21.027023 -9.91406 -172.387527 -58.508705 174.481323 5.427557 -3.935404 40.989227 -5.882105 9.861284 0.702588 -10.93687 -0.360576 7.156202 1e-06 8.774822 -2e-06 -17.363155 18.393839 4.994486 -1.844032 2.498505 -2.507278 -10.163599 4.678944 4.621105 -20.976023 -5e-06 -1e-06 -21.226286 2.451695 -3.594003 -1e-06 -5e-06 -0.0 -1.362682 2.240798 -0.746323 -21.334909 0.584909 3.00832 -13.821213 -4e-06 1e-06 -23.887167 -0.249083 -0.839487 -62.216904 2.501937 -1.270532 -0.294025 1.679687 0.833255 -14.218206 0.093215 1.300577 -34.212048 -0.287566 0.967167 -20.033209 0.964533 1.212843 1e-06 2e-06 -0.0 -3.440386 0.788231 0.501655 -15.928183 -3.167308 2.999705 -6.338824 -2e-06 0.0 -18.123444 3.648181 -4.905674 -4e-06 1e-06 -2e-06 -2.180746 8.79689 16.854042 43.466019 -4.757313 -23.312487 175.953598 55.412945 -179.080139 -9.528277 -0.095218 14.375192 2.243541 -5.255035 -3.180157 14.282889 -0.826594 6.952503 -2e-06 -12.6906 -1e-06 16.132427 -17.425825 1.709007 1.665665 -1.955921 -2.878298 4.727798 -4.170585 4.993923 11.020524 2e-06 0.0 12.109048 -3.735715 -2.866782 0.0 0.0 -0.0 1.291985 -1.928549 -1.498088 14.800125 0.567467 3.865609 14.242568 -1.341737 -6.660655 19.631962 0.143924 -0.648244 48.960369 -0.714175 -6.420948 0.353029 -1.51115 -0.03194 20.22279 3.684308 2.316632 18.78727 4e-06 1e-06 10.751625 -0.479869 1.397906 -1e-06 -0.0 -0.0 3.273806 0.305947 -0.58011 21.486813 11.830369 2.266135 8.162928 2e-06 1e-06 18.39908 -3.798985 -4.940573 2e-06 0.0 -0.0 12.610289 18.432064 -44.485744 -0.847134 -0.474044 67.19413 -14.517495 -0.787689 -23.443521 1.583497 -1.837389 1.504644 0.0 -0.0 2e-06 -10.314627 -31.729309 -48.808876 0.53484 0.712342 37.517735 19.724541 6.636853 14.271414 -1.454783 0.752664 0.586046 -0.0 -0.0 -1e-06 
0.0 0.0 0.0 0.0 -0.0 0.0 11.779327 82.608757 67.512688 -1.992012 -10.50974 3.363152 -3.225204 0.233741 7.007216 -1.74534 -0.178117 -1.513889 -7.982986 -2.232765 9.77793 -0.619193 3.339628 -2.285311 0.932264 1.503337 -3.818435 4.121935 1.530894 -26.368408 7.7e-05 -2.3e-05 6e-06 0.011553 -0.015596 0.117614 0.679841 -3.817073 -10.751827 -0.657703 3.78071 -10.795488 1.922026 -6.055551 10.441285 -48.773232 -25.489716 -7.33021 -171.75853 -59.563457 174.550369 -12.187408 -1.538885 44.856384 -5.882109 9.86129 0.70259 -10.936878 -0.360576 7.156209 1e-06 8.774831 -1e-06 -20.3011 18.28244 2.295833 -1.844033 2.498504 -2.507279 -10.163605 4.678946 4.621112 -20.976036 -2e-06 3e-06 -21.226297 2.451698 -3.594002 -1e-06 -6e-06 0.0 -1.362682 2.240799 -0.746324 -21.334927 0.58491 3.008325 -13.821221 -2e-06 2e-06 -23.887182 -0.249079 -0.839482 -63.6497 2.374436 -1.652607 -0.294026 1.679687 0.833257 -14.218217 0.093214 1.300581 -34.212067 -0.287564 0.967172 -20.033226 0.964538 1.212844 0.0 0.0 -1e-06 -3.44039 0.788233 0.501655 -15.928196 -3.167311 2.99971 -6.33883 -1e-06 1e-06 -18.123459 3.648185 -4.905674 -3e-06 -0.0 -1e-06 -4.334848 9.697905 15.733305 41.964294 5.286002 -19.087362 178.235748 52.70985 -178.744492 -7.681111 2.436592 19.409775 2.243543 -5.255041 -3.180161 14.282904 -0.826594 6.952508 -3e-06 -12.690612 -1e-06 15.140388 -17.773581 1.769059 1.665667 -1.955923 -2.878302 4.727803 -4.170589 4.993927 11.020535 4e-06 -1e-06 12.10906 -3.735718 -2.866786 1e-06 -0.0 -0.0 1.291987 -1.92855 -1.49809 14.800144 0.567471 3.865611 14.242584 -1.341737 -6.660662 19.631985 0.143925 -0.648244 47.841228 -0.801597 -6.567187 0.353029 -1.511151 -0.03194 20.222807 3.684313 2.316632 18.787289 6e-06 -1e-06 10.751637 -0.479867 1.397906 -1e-06 -0.0 -1e-06 3.273809 0.305947 -0.580112 21.486832 11.830384 2.266136 8.162933 3e-06 -0.0 18.399096 -3.798984 -4.940579 3e-06 1e-06 -1e-06 14.235791 17.814568 -41.632679 -0.814575 -0.646446 69.565346 -14.936125 0.642798 -26.656319 1.54491 -1.751132 1.978502 0.0 -0.0 2e-06 -11.200672 -30.778513 -49.354828 0.967893 0.906332 42.699383 21.668701 9.20476 14.923246 -1.453074 0.809828 0.316129 -0.0 -1e-06 -1e-06 
0.0 0.0 0.0 0.0 -0.0 0.0 11.650924 81.81192 68.992424 -3.076764 -11.342422 1.566285 -3.151883 0.324646 7.068247 -2.032401 -0.116831 -1.510531 -7.808002 -1.74407 10.537025 0.405304 2.857407 0.050074 0.831115 2.61318 -3.709 4.552664 1.784567 -23.971155 7.6e-05 -2.2e-05 6e-06 0.011574 0.086078 0.105955 0.694869 -3.714073 -10.6506 -0.673112 3.883666 -10.731126 2.093064 -8.639492 10.404628 -49.641685 -30.156942 -8.455998 -173.377625 -59.086376 176.255203 -0.576883 -14.190977 38.596764 -5.882108 9.861284 0.702588 -10.936873 -0.360575 7.156208 0.0 8.774828 -2e-06 -19.092976 19.052391 4.743609 -1.844032 2.498505 -2.507277 -10.163603 4.678945 4.621107 -20.976025 -1e-06 0.0 -21.22629 2.451697 -3.594003 0.0 -6e-06 -1e-06 -1.362681 2.240798 -0.746324 -21.334917 0.584909 3.008323 -13.821218 -2e-06 1e-06 -23.887175 -0.249078 -0.839484 -65.549316 2.382278 -1.529432 -0.294026 1.679687 0.833256 -14.218211 0.093216 1.30058 -34.212051 -0.287565 0.967169 -20.033215 0.964537 1.212843 0.0 1e-06 0.0 -3.440389 0.788233 0.501656 -15.928187 -3.167309 2.999708 -6.338828 -2e-06 1e-06 -18.123449 3.64818 -4.905673 -4e-06 1e-06 -2e-06 -5.145003 10.991684 15.208907 43.243465 19.101562 -17.929354 -178.473633 50.853157 -177.826385 -9.429766 8.067341 16.765896 2.243541 -5.255037 -3.18016 14.282893 -0.826593 6.952507 -2e-06 -12.690602 -2e-06 17.140032 -17.53088 2.101243 1.665665 -1.955923 -2.8783 4.7278 -4.170584 4.993925 11.020528 3e-06 -1e-06 12.109052 -3.735713 -2.866784 -0.0 -0.0 0.0 1.291986 -1.928549 -1.498089 14.800134 0.567471 3.865611 14.242574 -1.341737 -6.66066 19.631973 0.143926 -0.648244 51.214958 -0.791355 -6.034945 0.353029 -1.51115 -0.031941 20.222797 3.684311 2.316634 18.787279 7e-06 2e-06 10.751632 -0.479868 1.397907 0.0 3e-06 1e-06 3.273806 0.305945 -0.58011 21.48682 11.830373 2.266137 8.16293 1e-06 0.0 18.399086 -3.798983 -4.940575 2e-06 -1e-06 -1e-06 16.644503 16.96246 -38.619167 -0.901626 -0.715756 71.497993 -16.330233 0.404442 -29.2549 1.542493 -1.900867 1.937932 -0.0 -0.0 2e-06 -11.863654 -30.136932 -47.837337 1.181954 0.861864 46.093155 23.465471 11.688067 13.575587 -1.430325 0.700734 0.092793 -0.0 -0.0 -1e-06 
0.0 0.0 0.0 0.0 -0.0 0.0 11.193594 80.901405 70.396988 -4.513268 -11.443048 -0.980177 -2.87518 0.453111 7.36087 -2.145289 -0.012968 -1.81208 -7.612915 -1.13475 11.269337 1.365289 2.299969 3.858094 0.736689 2.996556 -3.783033 5.270778 1.662892 -21.475208 7.7e-05 -2.3e-05 6e-06 0.019971 0.155117 0.085254 0.72775 -3.613909 -10.589604 -0.691407 3.924021 -10.684425 4.740211 -10.387344 10.593084 -55.339809 -36.707584 -6.354513 -171.185379 -71.212685 174.472153 16.394016 -12.74084 24.627554 -5.882108 9.861285 0.702588 -10.936873 -0.360575 7.156207 -2e-06 8.774826 -2e-06 -16.196402 18.545366 7.089763 -1.844033 2.498503 -2.507277 -10.163601 4.678944 4.621108 -20.976025 -3e-06 4e-06 -21.226288 2.451699 -3.594001 -1e-06 -7e-06 -1e-06 -1.36268 2.240796 -0.746324 -21.334917 0.584909 3.008327 -13.821218 -3e-06 3e-06 -23.887175 -0.249079 -0.839481 -63.877392 2.402566 -1.145576 -0.294025 1.679687 0.833256 -14.21821 0.093216 1.300579 -34.212051 -0.287565 0.96717 -20.033216 0.964535 1.212844 0.0 -1e-06 1e-06 -3.44039 0.788233 0.501655 -15.928185 -3.167309 2.999708 -6.338828 -1e-06 2e-06 -18.123444 3.648183 -4.905671 -5e-06 -0.0 -2e-06 -6.418221 12.616176 14.934272 46.547516 34.21471 -14.509559 -178.562256 58.525917 -177.658295 -11.846483 13.304508 6.631964 2.243541 -5.255033 -3.180157 14.282889 -0.826595 6.952503 -2e-06 -12.690603 -1e-06 18.124666 -17.48312 2.392541 1.665666 -1.955921 -2.878298 4.727799 -4.170585 4.993923 11.020528 6e-06 -1e-06 12.109054 -3.735717 -2.866784 0.0 -1e-06 1e-06 1.291987 -1.928551 -1.498089 14.800129 0.567468 3.865608 14.24257 -1.341736 -6.660657 19.631968 0.143926 -0.648243 52.065189 -0.748203 -5.944835 0.353029 -1.511151 -0.03194 20.22279 3.684309 2.316633 18.787273 4e-06 1e-06 10.751629 -0.479869 1.397906 -1e-06 -0.0 -0.0 3.273807 0.305948 -0.580111 21.486816 11.830372 2.266135 8.162928 1e-06 -0.0 18.399088 -3.798986 -4.940576 3e-06 -0.0 -0.0 19.697872 15.041762 -35.01194 -0.913815 -0.844671 73.321808 -17.792065 -0.109686 -31.672981 1.58228 -2.048259 1.892734 0.0 0.0 2e-06 -12.897676 -28.457979 -44.752094 1.128403 0.909591 49.256851 22.906563 13.369653 9.974607 -1.413308 0.454291 0.882037 0.0 -0.0 -1e-06 
0.0 0.0 0.0 0.0 -0.0 0.0 10.501623 81.067673 71.943016 -6.378678 -11.830285 -4.150095 -2.479194 0.909861 7.385336 -2.277319 0.227224 -2.274569 -6.840742 -0.410323 12.364613 1.867405 2.520844 9.364517 0.871449 2.630446 -3.899698 5.636798 2.109419 -18.390738 7.7e-05 -2.3e-05 6e-06 -0.002019 -0.017516 0.077212 0.626715 -3.784327 -10.473928 -0.632744 3.758573 -10.576885 7.607617 -10.755969 11.78993 -60.023327 -45.712486 4.375609 12.036222 -78.708267 -7.005049 21.899111 1.218172 21.53903 -5.88211 9.86129 0.702589 -10.93688 -0.360576 7.156212 1e-06 8.77483 -3e-06 -15.660715 18.291315 7.132157 -1.844034 2.498507 -2.50728 -10.163608 4.678946 4.621111 -20.976044 -6e-06 3e-06 -21.226305 2.451695 -3.594003 0.0 -7e-06 -1e-06 -1.362682 2.240798 -0.746324 -21.334934 0.584906 3.008326 -13.821225 -3e-06 3e-06 -23.887192 -0.249082 -0.839483 -62.014603 2.327671 -0.811218 -0.294025 1.679688 0.833257 -14.218222 0.093213 1.300581 -34.212082 -0.287568 0.967171 -20.033232 0.964534 1.212847 0.0 0.0 2e-06 -3.440392 0.788234 0.501657 -15.928201 -3.167312 2.999711 -6.33883 -2e-06 1e-06 -18.123463 3.648181 -4.905672 -3e-06 1e-06 -1e-06 -5.479723 14.865849 16.548151 48.098583 45.638073 -2.053073 -166.436234 79.161972 -165.190536 -10.525567 13.730747 3.207746 2.243544 -5.255041 -3.180161 14.282899 -0.826594 6.952509 -2e-06 -12.690611 0.0 17.704998 -18.27306 2.346765 1.665667 -1.955923 -2.878301 4.7278 -4.17059 4.993926 11.020536 4e-06 -3e-06 12.10906 -3.73572 -2.866787 -0.0 -1e-06 -0.0 1.291986 -1.928552 -1.49809 14.80014 0.56747 3.865611 14.242582 -1.341737 -6.660663 19.631979 0.143929 -0.648245 50.593643 -0.722192 -6.169159 0.353031 -1.511151 -0.03194 20.222805 3.684314 2.316633 18.787287 5e-06 -0.0 10.751636 -0.479869 1.397906 1e-06 -0.0 -1e-06 3.273811 0.305947 -0.580112 21.486832 11.830386 2.266137 8.162932 1e-06 -1e-06 18.399096 -3.798986 -4.940579 2e-06 -0.0 -1e-06 22.910089 11.166471 -29.26428 -1.067029 -1.053895 72.547287 -19.964193 2.151609 -33.627045 1.587122 -1.977482 1.902705 -0.0 -0.0 2e-06 -13.625731 -25.367792 -39.189724 1.123043 0.822195 49.881813 22.450155 12.586612 7.017649 -1.407075 0.44144 1.010669 0.0 -0.0 -1e-06 
0.0 0.0 0.0 0.0 -0.0 0.0 9.912072 82.282524 73.636208 -8.078895 -11.594073 -7.448371 -2.494446 1.218767 6.772246 -2.046594 0.335532 -2.697441 -6.124222 0.293971 13.757353 2.79091 2.344989 15.030364 1.152717 2.769116 -4.017356 5.718203 2.274933 -14.226184 7.7e-05 -2.2e-05 6e-06 0.015321 -0.240009 -0.007502 0.541584 -3.981831 -10.423134 -0.509544 3.505018 -10.53804 8.796502 -12.595654 13.852991 -63.593155 -56.557217 25.297739 8.428912 -38.519054 -2.388776 19.158306 16.629276 15.917363 -5.88211 9.86129 0.702591 -10.936877 -0.360574 7.156208 -0.0 8.77483 -1e-06 -15.866641 17.668068 6.340349 -1.844033 2.498505 -2.507279 -10.163603 4.678947 4.62111 -20.976034 -1e-06 2e-06 -21.226299 2.451699 -3.594002 0.0 -5e-06 0.0 -1.362682 2.240799 -0.746322 -21.334929 0.584911 3.008325 -13.821222 -1e-06 2e-06 -23.887184 -0.249078 -0.839484 -58.979969 2.558046 -0.937411 -0.294025 1.679688 0.833257 -14.218217 0.093214 1.300581 -34.212067 -0.287562 0.96717 -20.033222 0.96454 1.212843 0.0 0.0 -0.0 -3.440391 0.788234 0.501656 -15.928192 -3.16731 2.999707 -6.338831 1e-06 0.0 -18.123459 3.648185 -4.905672 -4e-06 1e-06 -2e-06 -4.194583 16.199121 18.586752 51.604668 54.402176 15.583002 -5.80023 70.463326 -5.989999 -8.015671 8.870868 1.195827 2.243542 -5.25504 -3.180159 14.2829 -0.826597 6.952509 -2e-06 -12.690612 2e-06 16.25906 -17.945015 2.501228 1.665668 -1.955922 -2.878301 4.7278 -4.170591 4.993928 11.020535 2e-06 1e-06 12.10906 -3.735718 -2.866783 1e-06 -0.0 -1e-06 1.291986 -1.92855 -1.498091 14.800138 0.567467 3.865611 14.24258 -1.341737 -6.66066 19.631975 0.143926 -0.648243 49.97131 -0.609443 -6.129731 0.35303 -1.511153 -0.031939 20.222801 3.684308 2.316633 18.787287 1e-06 -2e-06 10.751634 -0.479873 1.397907 -0.0 1e-06 -0.0 3.273809 0.305948 -0.580111 21.486826 11.830378 2.266135 8.162931 1e-06 -1e-06 18.399092 -3.798987 -4.940577 3e-06 -0.0 -0.0 24.528194 5.365814 -22.759495 -0.915856 -1.280833 69.327248 -21.292679 6.872211 -34.748909 1.501272 -1.732728 1.70741 0.0 -0.0 2e-06 -14.440833 -21.251423 -31.969353 1.122657 0.64629 48.089775 22.730217 11.183908 5.645169 -1.432895 0.607325 0.142173 0.0 -0.0 -1e-06 
0.0 0.0 0.0 0.0 -0.0 0.0 9.58325 83.989746 75.525337 -9.816543 -11.598827 -10.299276 -2.232322 1.600006 6.26432 -1.688207 0.243752 -2.842136 -5.536431 1.053208 15.109979 3.844686 1.041252 18.787476 1.051893 3.506122 -4.147871 5.448931 2.579778 -11.66363 7.7e-05 -2.2e-05 6e-06 0.032753 -0.158755 -0.045452 0.582907 -3.934492 -10.511374 -0.51325 3.605676 -10.665743 5.163815 -14.799034 17.222649 -62.314453 -59.135349 47.58847 0.234551 -21.660872 0.145144 12.202678 16.956316 9.186532 -5.882106 9.861288 0.70259 -10.936875 -0.360576 7.156207 2e-06 8.774827 -1e-06 -16.164648 17.329311 5.870872 -1.844033 2.498505 -2.507278 -10.163604 4.678946 4.621109 -20.97603 -5e-06 0.0 -21.226294 2.451695 -3.594002 0.0 -6e-06 -0.0 -1.362681 2.240798 -0.746324 -21.334923 0.584908 3.008322 -13.821218 -3e-06 1e-06 -23.887178 -0.24908 -0.839484 -59.814556 2.858205 -0.965743 -0.294026 1.679687 0.833255 -14.218212 0.093214 1.300579 -34.212063 -0.287567 0.967169 -20.033216 0.964535 1.212844 1e-06 0.0 -1e-06 -3.440389 0.788232 0.501656 -15.928191 -3.16731 2.999707 -6.338828 -1e-06 1e-06 -18.123453 3.648182 -4.905673 -4e-06 1e-06 -2e-06 -3.806543 17.684063 20.271849 62.491264 59.90155 39.750938 4.519479 39.737991 0.743168 -10.730438 5.241788 -1.71783 2.243542 -5.255036 -3.180159 14.282894 -0.826593 6.952501 -4e-06 -12.690601 -1e-06 15.318304 -17.468475 2.956104 1.665665 -1.955921 -2.878298 4.727798 -4.170585 4.993923 11.020528 4e-06 -2e-06 12.109053 -3.735714 -2.866785 0.0 1e-06 -0.0 1.291987 -1.928548 -1.49809 14.800132 0.567468 3.865606 14.242577 -1.341736 -6.660659 19.631973 0.143928 -0.648246 51.416691 -0.632974 -6.037064 0.35303 -1.51115 -0.03194 20.222795 3.684312 2.316629 18.787273 6e-06 -2e-06 10.751629 -0.479867 1.397905 0.0 -1e-06 -0.0 3.273811 0.305946 -0.580112 21.48682 11.830374 2.266133 8.162928 2e-06 -1e-06 18.399084 -3.798981 -4.940576 3e-06 0.0 -1e-06 25.287743 0.422238 -15.991837 -0.526224 -1.39646 64.838341 -22.189283 10.649929 -35.148056 1.484505 -1.840939 1.523975 0.0 0.0 2e-06 -14.307415 -15.9035 -26.551767 0.823577 0.801331 47.796608 23.650644 8.828884 9.312787 -1.437797 0.63698 -1.519069 0.0 0.0 -1e-06 
0.0 0.0 0.0 0.0 -0.0 0.0 9.283693 85.480675 77.378899 -11.052467 -11.051769 -11.368187 -1.59629 1.732417 5.901504 -1.502969 0.578482 -2.959697 -5.525455 1.575513 16.321686 4.531207 -0.045181 18.526392 0.931871 3.032701 -4.134371 6.408321 1.67996 -10.585745 7.7e-05 -2.3e-05 6e-06 0.043749 -0.09024 -0.080415 0.679557 -3.842546 -10.44141 -0.588602 3.657625 -10.625304 -1.723523 -13.965441 19.852777 -57.011215 -50.279724 45.595135 1.267641 -31.239548 -0.705294 24.570562 2.834908 8.034549 -5.882113 9.861292 0.70259 -10.936878 -0.360573 7.156209 -1e-06 8.77483 0.0 -17.738089 18.032845 5.210732 -1.844034 2.498506 -2.507279 -10.163608 4.678948 4.621111 -20.97604 -3e-06 -1e-06 -21.226305 2.451697 -3.594006 1e-06 -5e-06 -0.0 -1.362683 2.2408 -0.746323 -21.33493 0.584912 3.008322 -13.821225 -3e-06 -0.0 -23.887188 -0.249081 -0.839487 -60.83799 2.7545 -1.198006 -0.294026 1.679688 0.833256 -14.218217 0.093217 1.30058 -34.212074 -0.287563 0.967164 -20.033226 0.964536 1.21284 0.0 0.0 -0.0 -3.440392 0.788234 0.501655 -15.928196 -3.167308 2.999707 -6.338832 -1e-06 -0.0 -18.123459 3.648183 -4.905674 -4e-06 0.0 -2e-06 -2.418263 17.567513 21.887352 74.028526 54.935978 53.774239 4.409476 26.998295 0.80698 -14.173575 3.449857 -2.267905 2.24354 -5.255035 -3.180157 14.282887 -0.826595 6.952502 -2e-06 -12.690602 2e-06 15.894189 -16.980516 2.633787 1.665665 -1.955921 -2.878298 4.727798 -4.170587 4.993924 11.020522 2e-06 -1e-06 12.109045 -3.735715 -2.866783 -0.0 0.0 -0.0 1.291982 -1.928549 -1.498089 14.800125 0.567466 3.865608 14.242568 -1.341736 -6.660657 19.63196 0.143926 -0.648245 51.839378 -0.608319 -5.992228 0.353029 -1.511151 -0.03194 20.222784 3.684309 2.31663 18.787266 2e-06 -0.0 10.751624 -0.47987 1.397906 -0.0 -0.0 -0.0 3.273808 0.305946 -0.58011 21.486805 11.830372 2.266132 8.162925 -0.0 -0.0 18.399076 -3.798985 -4.940574 3e-06 -1e-06 -1e-06 25.725231 -2.206522 -11.722674 -0.423816 -1.464466 60.821033 -21.964443 11.076955 -35.002209 1.510873 -2.040422 1.459825 0.0 0.0 2e-06 -13.91135 -12.667332 -24.363379 0.69431 1.101247 49.271633 23.548325 6.943174 16.416647 -1.407205 0.586949 -3.690782 0.0 0.0 -2e-06 
0.0 0.0 0.0 0.0 -0.0 0.0 8.975566 86.23465 78.831818 -10.532066 -9.561077 -11.401568 -1.517309 1.610082 6.133297 -1.50804 0.53836 -2.933322 -6.416909 2.155183 16.634693 5.13799 -0.363921 16.811626 0.989505 2.17139 -4.066925 7.609083 0.289102 -10.884549 7.7e-05 -2.3e-05 6e-06 0.024023 -0.017262 -0.077705 0.722823 -3.771743 -10.461442 -0.672052 3.730726 -10.61886 -5.217742 -11.687774 20.156384 -55.400913 -39.298515 38.373875 4.665578 -45.075626 -2.546135 34.544571 -9.81413 9.158269 -5.882105 9.861281 0.70259 -10.936866 -0.360574 7.156202 0.0 8.774822 0.0 -16.260864 18.377232 6.126338 -1.844032 2.498503 -2.507277 -10.163595 4.678944 4.621109 -20.976019 -2e-06 0.0 -21.226282 2.451698 -3.594 0.0 -5e-06 -0.0 -1.362682 2.240798 -0.746323 -21.334904 0.58491 3.008322 -13.821208 -2e-06 1e-06 -23.887159 -0.249077 -0.839483 -61.14653 2.65213 -1.213556 -0.294024 1.679686 0.833257 -14.218204 0.093215 1.30058 -34.212036 -0.287562 0.967169 -20.033203 0.964536 1.212843 -0.0 1e-06 0.0 -3.440387 0.788233 0.501655 -15.928183 -3.167307 2.999707 -6.338823 1e-06 3e-06 -18.123444 3.648182 -4.905669 -4e-06 3e-06 -1e-06 -1.158837 15.18633 22.897301 73.687439 45.953476 50.241127 0.573463 34.58527 -0.886521 -19.981243 9.499331 -5.896975 2.243541 -5.255036 -3.180158 14.282887 -0.826597 6.952499 2e-06 -12.690601 1e-06 16.665634 -17.593115 2.642798 1.665666 -1.955921 -2.878299 4.727796 -4.170587 4.993924 11.020522 1e-06 -3e-06 12.10905 -3.735716 -2.866785 -0.0 0.0 -1e-06 1.291986 -1.928549 -1.498089 14.800125 0.567465 3.865604 14.24257 -1.341737 -6.660659 19.631962 0.143925 -0.648248 52.461117 -0.683454 -6.192724 0.353029 -1.51115 -0.03194 20.222786 3.684306 2.316626 18.78727 3e-06 -4e-06 10.751625 -0.479869 1.397904 -0.0 -0.0 0.0 3.273806 0.305947 -0.580111 21.486803 11.830368 2.266128 8.162924 -2e-06 -1e-06 18.399076 -3.798985 -4.940577 3e-06 -1e-06 -1e-06 25.105457 -2.323083 -10.362173 -0.387921 -1.565921 58.480885 -21.702795 9.252 -34.539917 1.477758 -2.075954 1.642348 0.0 -0.0 2e-06 -15.199632 -12.441323 -23.835203 0.581728 1.179807 51.50457 21.503969 6.497633 20.324835 -1.400839 0.644861 -3.30396 -0.0 0.0 -1e-06 
0.0 0.0 0.0 0.0 -0.0 0.0 8.822948 86.480743 79.623886 -9.605885 -7.875685 -10.538872 -1.345835 1.448241 6.624788 -1.412354 0.702045 -2.767655 -7.275729 2.047553 16.446579 4.909976 0.007816 15.173354 0.775222 1.357447 -3.979545 8.349889 -0.995713 -12.355418 7.7e-05 -2.3e-05 6e-06 0.009613 -0.021338 -0.055709 0.715349 -3.771404 -10.379357 -0.693808 3.72121 -10.525224 -6.526153 -9.326427 19.933636 -54.188564 -31.689753 31.093948 4.968153 -55.557373 -2.432573 39.241066 -15.521526 10.620124 -5.88211 9.861288 0.702586 -10.936875 -0.360575 7.156209 -2e-06 8.774828 -2e-06 -15.665767 18.283043 6.380972 -1.844034 2.498505 -2.507276 -10.163602 4.678948 4.621112 -20.976028 -1e-06 1e-06 -21.22629 2.451696 -3.594002 0.0 -6e-06 -0.0 -1.362682 2.240799 -0.746326 -21.334921 0.58491 3.008326 -13.821216 -1e-06 2e-06 -23.887178 -0.249078 -0.839484 -60.907986 2.623822 -1.259749 -0.294024 1.679688 0.833256 -14.218213 0.093215 1.30058 -34.212055 -0.287561 0.96717 -20.033218 0.964536 1.212843 0.0 -0.0 0.0 -3.44039 0.788233 0.501656 -15.928191 -3.16731 2.999709 -6.338825 1e-06 1e-06 -18.123451 3.648184 -4.905673 -4e-06 2e-06 -2e-06 -0.969014 13.582122 22.889908 69.931679 38.322235 41.04443 -2.606383 47.751255 -3.358902 -26.651342 14.391699 -10.715253 2.243545 -5.255037 -3.180159 14.282892 -0.826595 6.952501 -1e-06 -12.690603 2e-06 17.188976 -17.845356 2.535892 1.665666 -1.955922 -2.878299 4.727797 -4.170587 4.993923 11.020524 3e-06 -4e-06 12.109055 -3.735717 -2.866786 1e-06 1e-06 1e-06 1.291985 -1.928549 -1.498089 14.800129 0.567469 3.865605 14.242576 -1.341736 -6.660662 19.631969 0.143926 -0.648249 51.395523 -0.778632 -6.383485 0.35303 -1.511151 -0.031939 20.222794 3.684308 2.316627 18.787273 5e-06 -4e-06 10.751629 -0.479867 1.397905 -0.0 -0.0 0.0 3.273805 0.305947 -0.580111 21.486813 11.830374 2.266129 8.162926 -1e-06 -2e-06 18.399086 -3.798985 -4.940579 4e-06 -1e-06 -1e-06 24.74361 -0.602767 -11.331156 -0.43888 -1.532529 57.77972 -21.324684 5.810286 -33.759018 1.468985 -2.049166 1.960678 -0.0 -0.0 2e-06 -16.85918 -13.440648 -24.894905 0.606419 1.18507 53.955894 20.317751 7.445072 23.224285 -1.460472 0.765235 -3.623939 -0.0 0.0 -2e-06 
0.0 0.0 0.0 0.0 -0.0 0.0 8.701313 86.371552 79.84626 -8.182995 -6.260034 -9.325154 -1.317293 1.220274 6.951709 -1.357277 0.901432 -2.59493 -8.002361 2.002597 16.464844 4.18967 0.324273 13.851112 0.466759 0.875806 -3.909924 8.704551 -2.052334 -14.161454 7.7e-05 -2.2e-05 6e-06 -0.005099 0.004163 -0.049339 0.677334 -3.748001 -10.3393 -0.686243 3.747704 -10.482931 -7.957204 -7.977424 19.819593 -50.189709 -27.48398 26.378494 4.293805 -61.299686 -1.800065 41.801224 -18.189962 8.849281 -5.882111 9.86129 0.70259 -10.936877 -0.360573 7.156208 -0.0 8.774828 -2e-06 -15.545734 18.350454 6.451176 -1.844033 2.498506 -2.507279 -10.163604 4.678947 4.621109 -20.976034 1e-06 1e-06 -21.226295 2.451699 -3.594004 -1e-06 -5e-06 -0.0 -1.362683 2.2408 -0.746325 -21.334921 0.584913 3.008322 -13.821218 -1e-06 -2e-06 -23.887175 -0.249076 -0.839488 -61.001972 2.619636 -1.338899 -0.294025 1.679688 0.833254 -14.218215 0.093217 1.30058 -34.212063 -0.287559 0.967165 -20.033222 0.96454 1.21284 0.0 -1e-06 0.0 -3.44039 0.788233 0.501654 -15.928191 -3.167309 2.999706 -6.338829 -1e-06 -0.0 -18.123457 3.648186 -4.905677 -4e-06 2e-06 -2e-06 -0.94209 13.067688 22.714798 64.827194 34.258347 34.297302 -4.274378 59.503166 -5.276578 -30.618933 16.952744 -12.52724 2.243543 -5.25504 -3.18016 14.282894 -0.826594 6.952507 -0.0 -12.690609 -2e-06 16.979469 -18.107651 2.382311 1.665667 -1.955923 -2.8783 4.727798 -4.170588 4.993927 11.020528 3e-06 -3e-06 12.109058 -3.735718 -2.866786 2e-06 -2e-06 1e-06 1.291985 -1.92855 -1.498089 14.800132 0.567469 3.865611 14.242575 -1.341738 -6.660661 19.631971 0.143926 -0.648244 50.274559 -0.829121 -6.555727 0.353027 -1.511152 -0.03194 20.222794 3.684312 2.316632 18.787275 4e-06 -0.0 10.75163 -0.479867 1.397907 0.0 1e-06 -0.0 3.273808 0.305948 -0.58011 21.486816 11.830378 2.266138 8.16293 3e-06 0.0 18.399084 -3.798987 -4.940577 3e-06 2e-06 -1e-06 23.982712 1.805337 -13.485199 -0.565085 -1.46617 58.076519 -20.562336 1.889218 -32.806343 1.480813 -2.021765 2.22758 0.0 -0.0 2e-06 -18.723986 -14.460079 -26.745062 0.785897 1.229592 56.151119 20.352592 8.422205 24.860178 -1.45764 0.760119 -4.214674 -0.0 0.0 -3e-06 
0.0 0.0 0.0 0.0 -0.0 0.0 8.534678 86.143532 79.813057 -6.475352 -4.813506 -8.163636 -1.380659 1.073562 7.058606 -1.361828 0.906078 -2.504949 -8.536451 2.078965 16.853483 3.346653 0.809976 12.892639 0.152513 0.406423 -3.904669 8.682476 -2.629651 -15.885115 7.7e-05 -2.2e-05 6e-06 -0.01987 -0.008373 -0.053355 0.627812 -3.763096 -10.357508 -0.667218 3.740394 -10.505357 -9.121943 -7.480559 19.74296 -44.491421 -27.092224 25.351753 4.577464 -59.34761 -2.113453 43.236706 -17.884085 7.895218 -5.88211 9.861291 0.70259 -10.936874 -0.360574 7.156206 -0.0 8.774828 -0.0 -15.412433 18.279783 6.478106 -1.844033 2.498507 -2.507279 -10.163604 4.678948 4.62111 -20.976034 -1e-06 -3e-06 -21.226301 2.451698 -3.594007 1e-06 -4e-06 -1e-06 -1.362683 2.240799 -0.746324 -21.334923 0.584913 3.008321 -13.821219 -1e-06 -0.0 -23.887182 -0.249078 -0.839489 -60.395218 2.5552 -1.283423 -0.294025 1.679688 0.833254 -14.218214 0.093218 1.30058 -34.212055 -0.287561 0.967165 -20.03322 0.964537 1.21284 1e-06 0.0 0.0 -3.440389 0.788235 0.501658 -15.928192 -3.167309 2.999706 -6.338827 1e-06 -1e-06 -18.123457 3.648185 -4.905675 -4e-06 2e-06 -1e-06 -0.925043 12.89552 22.421078 59.00621 33.634151 32.48806 -6.647641 66.931206 -7.228091 -30.437731 19.951731 -9.753727 2.243547 -5.25504 -3.180161 14.282898 -0.826598 6.952503 2e-06 -12.690611 0.0 16.676886 -18.470715 2.133185 1.665668 -1.955923 -2.878301 4.727802 -4.17059 4.993926 11.020532 3e-06 -4e-06 12.109062 -3.735718 -2.866788 2e-06 -2e-06 0.0 1.291987 -1.928551 -1.498091 14.800134 0.567466 3.865608 14.242582 -1.341738 -6.660666 19.631975 0.143927 -0.64825 50.071194 -0.842234 -6.69969 0.35303 -1.511153 -0.03194 20.222803 3.684309 2.316629 18.787283 3e-06 -4e-06 10.751634 -0.479867 1.397904 0.0 -1e-06 0.0 3.273809 0.305947 -0.580111 21.486824 11.830378 2.26613 8.162933 2e-06 -2e-06 18.399096 -3.798985 -4.940582 3e-06 0.0 -1e-06 22.695786 3.901015 -15.716708 -0.68916 -1.409631 58.545521 -19.905621 -1.018618 -31.889013 1.500407 -1.961194 2.265631 -0.0 0.0 2e-06 -20.584728 -15.116508 -28.146708 0.896234 1.26766 57.197872 21.394539 8.572541 22.983282 -1.428059 0.72543 -4.329537 -0.0 0.0 -3e-06 
0.0 0.0 0.0 0.0 -0.0 0.0 8.325059 86.023758 79.807976 -4.943788 -3.418097 -7.059794 -1.347029 0.960867 7.161168 -1.247725 0.938124 -2.432186 -8.645229 1.977115 17.226778 2.406478 1.480169 11.9603 -0.053689 -0.161972 -3.943185 8.133099 -2.835548 -17.31628 7.7e-05 -2.3e-05 6e-06 -0.008515 -0.067479 -0.034112 0.607427 -3.830449 -10.461192 -0.624071 3.691185 -10.589595 -9.282087 -7.531687 19.50075 -39.328522 -30.633495 28.555874 4.252628 -49.959541 -1.988454 43.096054 -13.911328 11.75593 -5.88211 9.861289 0.70259 -10.936877 -0.360575 7.156209 -0.0 8.774828 -2e-06 -15.951337 17.53594 5.894083 -1.844034 2.498506 -2.507278 -10.163605 4.678946 4.621112 -20.976034 -1e-06 1e-06 -21.226299 2.451695 -3.594004 1e-06 -5e-06 0.0 -1.362682 2.240799 -0.746323 -21.334925 0.584908 3.008322 -13.821218 -3e-06 1e-06 -23.887182 -0.249081 -0.839485 -59.371536 2.397103 -1.148606 -0.294025 1.679688 0.833257 -14.218216 0.093215 1.30058 -34.212067 -0.287566 0.967169 -20.033222 0.964536 1.212843 0.0 1e-06 0.0 -3.440389 0.788234 0.501656 -15.928198 -3.167311 2.999707 -6.338829 -2e-06 -0.0 -18.123455 3.648182 -4.905674 -4e-06 -0.0 -2e-06 -1.208072 12.834306 21.805164 54.138885 34.839081 31.361193 -8.457073 70.374268 -8.274059 -26.590282 23.658165 -0.982159 2.243541 -5.255036 -3.180159 14.282894 -0.826595 6.952503 -2e-06 -12.690604 0.0 16.591074 -18.653574 1.904058 1.665666 -1.955924 -2.8783 4.727799 -4.170588 4.993925 11.020529 3e-06 -1e-06 12.109058 -3.735716 -2.866786 1e-06 -2e-06 0.0 1.291986 -1.928549 -1.498091 14.800134 0.567471 3.865606 14.242579 -1.341737 -6.660661 19.631975 0.143926 -0.648247 49.83931 -0.849049 -6.748487 0.353028 -1.511149 -0.031939 20.222801 3.68431 2.31663 18.787283 4e-06 -4e-06 10.751632 -0.479867 1.397906 0.0 1e-06 -1e-06 3.273808 0.305947 -0.580112 21.48682 11.830376 2.266132 8.162929 2e-06 -1e-06 18.399088 -3.798982 -4.940578 3e-06 0.0 -1e-06 21.306553 5.168802 -17.635923 -0.774982 -1.349166 58.671341 -19.376892 -2.489578 -31.075583 1.529274 -1.907121 2.02918 0.0 -0.0 2e-06 -22.08765 -15.847341 -28.581514 0.84063 1.199832 56.777573 23.137077 8.369355 18.674677 -1.3988 0.679873 -4.147321 -0.0 0.0 -1e-06 
0.0 0.0 0.0 0.0 -0.0 0.0 8.02982 85.836395 79.746597 -3.830765 -2.497766 -5.698963 -1.132022 0.945401 7.440041 -1.124843 1.02511 -2.272769 -8.229362 1.39729 16.995594 1.275904 2.374756 10.171472 -0.137073 -0.449692 -3.980211 7.271899 -3.063562 -18.408516 7.7e-05 -2.3e-05 6e-06 -0.00232 -0.027606 0.005564 0.608995 -3.799212 -10.533449 -0.612903 3.739803 -10.647542 -8.380873 -7.679283 19.050508 -36.628235 -34.116127 30.785664 3.607078 -44.630127 -1.645604 36.98035 -8.377536 21.574909 -5.882111 9.861288 0.702591 -10.936882 -0.360575 7.156209 3e-06 8.774828 -0.0 -17.345806 16.963556 5.02949 -1.844034 2.498505 -2.507279 -10.163609 4.678946 4.62111 -20.97604 -5e-06 3e-06 -21.226305 2.451697 -3.593999 1e-06 -6e-06 -0.0 -1.362683 2.240799 -0.746323 -21.334932 0.58491 3.008325 -13.821226 -4e-06 2e-06 -23.887194 -0.24908 -0.839482 -59.877449 2.37153 -1.077064 -0.294025 1.679688 0.833256 -14.218221 0.093214 1.300581 -34.212082 -0.287566 0.967172 -20.033232 0.964536 1.212845 0.0 -0.0 -0.0 -3.440391 0.788232 0.501655 -15.928201 -3.167311 2.999708 -6.338832 -1e-06 1e-06 -18.123463 3.648182 -4.905671 -4e-06 0.0 -2e-06 -1.774205 12.922239 21.213867 52.749889 34.995667 24.946417 -9.308279 73.349075 -8.541365 -22.554485 25.124855 8.085926 2.243544 -5.255039 -3.180161 14.2829 -0.826596 6.952507 2e-06 -12.690607 -0.0 16.864534 -18.180111 1.833605 1.665668 -1.955921 -2.878299 4.727802 -4.170588 4.993927 11.020536 2e-06 -1e-06 12.109059 -3.735718 -2.866785 0.0 -1e-06 -0.0 1.291986 -1.928551 -1.49809 14.800138 0.567466 3.865611 14.242581 -1.341735 -6.660663 19.631977 0.143925 -0.648245 49.763317 -0.776375 -6.541499 0.35303 -1.511152 -0.03194 20.222805 3.684308 2.316632 18.787287 1e-06 -2e-06 10.751636 -0.479868 1.397906 1e-06 -1e-06 -1e-06 3.273808 0.305946 -0.580111 21.486828 11.830379 2.266134 8.162931 2e-06 -2e-06 18.399096 -3.798985 -4.940577 3e-06 -1e-06 -0.0 20.369051 6.470355 -19.696356 -0.773635 -1.273708 58.989059 -19.140551 -3.296819 -30.428141 1.539493 -1.825563 1.696286 -0.0 0.0 2e-06 -22.725657 -16.871227 -28.903019 0.859021 1.159723 55.282104 24.702387 8.206933 12.482354 -1.448235 0.749064 -3.697585 0.0 0.0 -2e-06 
0.0 0.0 0.0 0.0 -0.0 0.0 7.561062 85.203415 79.479042 -2.823361 -1.669423 -3.680303 -1.086495 0.784381 8.037857 -1.11579 1.157929 -1.910251 -7.55208 0.576224 15.969452 0.303667 3.100824 6.786811 -0.072471 -0.800365 -3.894069 6.643293 -3.31944 -20.068663 7.7e-05 -2.2e-05 6e-06 -0.001065 0.026511 0.026361 0.641698 -3.764612 -10.566648 -0.642539 3.814447 -10.674989 -6.443359 -7.717845 17.568398 -37.487717 -32.706894 23.512047 5.075615 -55.373692 -2.848562 30.196932 -9.563505 28.708033 -5.88211 9.86129 0.70259 -10.936877 -0.360574 7.156211 1e-06 8.77483 0.0 -18.087667 16.996283 4.764812 -1.844034 2.498505 -2.50728 -10.163607 4.678947 4.621112 -20.976038 -5e-06 0.0 -21.226301 2.451695 -3.594003 0.0 -6e-06 -0.0 -1.362683 2.240799 -0.746325 -21.334929 0.58491 3.008324 -13.821221 -3e-06 1e-06 -23.887184 -0.249081 -0.839485 -60.239716 2.383935 -1.119356 -0.294024 1.679688 0.833258 -14.218219 0.093214 1.30058 -34.212074 -0.287566 0.96717 -20.03323 0.964535 1.212844 0.0 -0.0 0.0 -3.440392 0.788234 0.501655 -15.9282 -3.16731 2.999709 -6.338831 -0.0 1e-06 -18.123459 3.648183 -4.905674 -4e-06 0.0 -2e-06 -1.716464 13.023224 20.723114 54.439751 31.653887 12.425122 -13.142885 82.172203 -11.754731 -22.078712 24.99992 12.474932 2.243541 -5.255041 -3.180157 14.282892 -0.826596 6.952505 -3e-06 -12.690607 -0.0 16.962076 -17.789604 2.118137 1.665667 -1.955921 -2.878299 4.727798 -4.170588 4.993925 11.020528 5e-06 -1e-06 12.109053 -3.735716 -2.866785 -0.0 -1e-06 1e-06 1.291986 -1.92855 -1.49809 14.800129 0.567467 3.865608 14.242573 -1.341735 -6.66066 19.631968 0.143925 -0.648246 49.299953 -0.669485 -6.294255 0.353028 -1.511151 -0.031941 20.222794 3.68431 2.316632 18.787273 2e-06 -0.0 10.751629 -0.479869 1.397907 0.0 1e-06 -1e-06 3.273809 0.30595 -0.580111 21.486814 11.830373 2.266132 8.162928 1e-06 0.0 18.399086 -3.798986 -4.940575 3e-06 1e-06 -0.0 19.683702 8.422774 -23.081184 -0.835646 -1.209119 60.425064 -19.310827 -5.062692 -29.904638 1.560041 -1.823076 1.50715 0.0 0.0 2e-06 -22.875748 -18.3785 -30.773346 1.027249 1.30819 55.033924 26.140835 9.394909 6.774806 -1.492845 0.823565 -3.509113 0.0 0.0 -1e-06 
0.0 0.0 0.0 0.0 -0.0 0.0 6.85138 84.180412 78.981125 -1.77563 -0.607921 -1.02355 -1.186824 0.640988 8.670707 -1.175717 1.368395 -1.371378 -6.932652 -0.268652 14.718064 -0.248754 3.138559 2.245279 0.134856 -0.77113 -3.731103 6.158458 -3.465889 -22.336424 7.7e-05 -2.3e-05 6e-06 0.006849 0.059479 0.046939 0.67332 -3.757155 -10.581511 -0.658276 3.874611 -10.70152 -3.865036 -8.483087 15.387736 -41.808155 -27.605537 10.051596 8.059661 -78.118195 -6.182374 21.197573 -11.276896 31.825891 -5.882105 9.861284 0.70259 -10.936873 -0.360575 7.156208 3e-06 8.774826 -2e-06 -17.327654 17.018028 5.247258 -1.844032 2.498505 -2.507278 -10.163603 4.678944 4.621109 -20.976027 -4e-06 4e-06 -21.22629 2.451695 -3.593999 2e-06 -6e-06 -0.0 -1.362682 2.240798 -0.746324 -21.334921 0.584908 3.008327 -13.821217 -4e-06 3e-06 -23.887175 -0.249079 -0.83948 -59.062988 2.436442 -1.078136 -0.294024 1.679688 0.833256 -14.21821 0.093213 1.300581 -34.212055 -0.287563 0.967172 -20.033215 0.964534 1.212847 -0.0 1e-06 0.0 -3.440389 0.788233 0.501656 -15.928187 -3.16731 2.999708 -6.338826 -1e-06 3e-06 -18.123449 3.648181 -4.905669 -4e-06 -0.0 -2e-06 -0.494028 12.450296 20.181381 57.039726 26.350782 -1.428497 -179.115952 81.044693 -178.133652 -23.523798 24.858328 13.287773 2.243544 -5.255039 -3.180158 14.282899 -0.826594 6.952506 -4e-06 -12.69061 -0.0 16.041086 -17.754446 2.108248 1.665667 -1.955923 -2.878299 4.727801 -4.170589 4.993925 11.020532 5e-06 -0.0 12.109057 -3.735715 -2.866784 2e-06 0.0 0.0 1.291986 -1.928551 -1.49809 14.800138 0.567469 3.86561 14.242579 -1.341736 -6.660661 19.631979 0.143927 -0.648243 48.554585 -0.579634 -6.278749 0.353029 -1.511151 -0.031939 20.222803 3.684318 2.316634 18.787287 8e-06 0.0 10.751636 -0.479867 1.397908 1e-06 -1e-06 0.0 3.273809 0.305948 -0.580111 21.48683 11.830383 2.266133 8.162931 3e-06 -2e-06 18.399092 -3.798983 -4.940575 3e-06 0.0 -0.0 18.974314 10.861347 -27.840437 -0.932608 -1.09503 62.671352 -19.668352 -7.586948 -29.17614 1.584257 -1.821828 1.42189 -0.0 -0.0 2e-06 -22.756308 -20.392099 -34.18557 1.184578 1.391997 56.314499 27.328043 11.101672 1.848789 -1.51605 0.874917 -3.118876 0.0 -0.0 -1e-06 
0.0 0.0 0.0 0.0 -0.0 0.0 5.794982 82.827301 78.427139 -0.570128 0.74306 1.733559 -1.526833 0.419904 9.298329 -1.301768 1.417122 -0.788111 -6.502652 -0.930776 13.671506 -0.012324 2.609465 -2.312279 0.081622 -0.16688 -3.628732 5.944288 -3.712145 -25.015066 7.7e-05 -2.2e-05 6e-06 0.018133 0.153346 0.071071 0.716244 -3.674728 -10.574245 -0.679625 3.979114 -10.705315 -0.193474 -9.628355 13.135422 -48.106945 -23.002787 -4.712097 -171.55336 -77.65731 172.825897 14.361697 -11.195769 29.406834 -5.882111 9.861288 0.70259 -10.936877 -0.360575 7.156211 -1e-06 8.774826 -2e-06 -16.171917 18.033669 6.183136 -1.844034 2.498506 -2.507279 -10.163609 4.678947 4.62111 -20.976038 0.0 2e-06 -21.226303 2.451699 -3.594004 1e-06 -5e-06 0.0 -1.362682 2.240799 -0.746324 -21.334929 0.58491 3.008324 -13.821218 1e-06 2e-06 -23.887182 -0.249075 -0.839485 -59.130692 2.644288 -1.184866 -0.294025 1.679689 0.833255 -14.218217 0.093215 1.300582 -34.21207 -0.28756 0.967172 -20.033226 0.964538 1.212843 1e-06 0.0 1e-06 -3.440391 0.788234 0.501658 -15.928194 -3.16731 2.99971 -6.338829 1e-06 2e-06 -18.123455 3.648183 -4.905673 -4e-06 1e-06 -1e-06 0.442229 11.071985 19.062738 59.256618 22.535389 -13.646752 178.656967 63.222294 178.977127 -28.465427 25.099167 11.846233 2.243544 -5.255044 -3.18016 14.282909 -0.826598 6.95251 -1e-06 -12.690618 -2e-06 15.857676 -18.184082 1.952806 1.665669 -1.955926 -2.878301 4.727806 -4.170594 4.993927 11.02054 2e-06 -1e-06 12.109065 -3.735721 -2.866787 -0.0 0.0 0.0 1.291987 -1.928551 -1.498091 14.800148 0.56747 3.865612 14.242593 -1.341737 -6.660665 19.631992 0.143925 -0.648247 49.572227 -0.591033 -6.495892 0.353029 -1.511152 -0.031941 20.222818 3.684314 2.316633 18.787298 4e-06 -3e-06 10.751641 -0.479871 1.397906 1e-06 2e-06 -1e-06 3.273812 0.305945 -0.580112 21.486843 11.830385 2.266139 8.162938 2e-06 -1e-06 18.399107 -3.798987 -4.940584 3e-06 0.0 -1e-06 18.114395 13.154552 -33.104061 -1.027968 -0.965383 65.232422 -20.362255 -10.487287 -28.198334 1.620321 -1.873531 1.431128 -0.0 -0.0 2e-06 -22.605433 -22.381517 -38.200821 1.274568 1.354608 58.758514 27.271011 12.655231 -3.518974 -1.489704 0.859276 -1.634931 -0.0 -0.0 -1e-06 
0.0 0.0 0.0 0.0 -0.0 0.0 4.607807 81.352272 77.997803 0.961291 2.324064 3.765825 -1.997757 0.220644 9.755371 -1.556271 1.212997 -0.298327 -6.414745 -1.250121 13.486254 0.836365 2.016325 -5.536109 -0.252677 0.343992 -3.577289 5.95722 -3.833439 -27.244528 7.7e-05 -2.2e-05 6e-06 0.033487 0.244088 0.073378 0.780721 -3.588027 -10.604787 -0.716217 4.069814 -10.702309 3.840021 -10.529443 11.184202 -54.10479 -21.393345 -19.89053 -173.214401 -60.880665 174.415878 12.245627 -11.79934 23.2521 -5.882106 9.861285 0.702588 -10.936873 -0.360578 7.156207 2e-06 8.774826 -2e-06 -15.667355 19.212488 6.74183 -1.844032 2.498507 -2.507279 -10.163603 4.678944 4.621109 -20.976028 -5e-06 4e-06 -21.22629 2.451694 -3.593999 1e-06 -6e-06 -1e-06 -1.362683 2.240798 -0.746324 -21.334919 0.584907 3.008326 -13.821213 -3e-06 4e-06 -23.887171 -0.249078 -0.83948 -60.736305 2.771644 -1.356212 -0.294025 1.679687 0.833256 -14.21821 0.093213 1.300581 -34.212063 -0.287564 0.967176 -20.033216 0.964537 1.212847 1e-06 0.0 1e-06 -3.440387 0.788232 0.501656 -15.928191 -3.167311 2.999712 -6.338828 -1e-06 1e-06 -18.123447 3.648181 -4.905669 -3e-06 1e-06 -0.0 0.370149 10.253705 17.264597 60.578785 21.016844 -24.48823 -179.319641 49.958145 -179.254471 -34.315929 20.133657 11.699067 2.243541 -5.255037 -3.180159 14.282897 -0.826592 6.952507 -4e-06 -12.690609 -3e-06 16.558697 -18.362223 2.314425 1.665666 -1.955921 -2.878303 4.727801 -4.170588 4.993927 11.020532 3e-06 -0.0 12.109056 -3.735716 -2.866787 -0.0 0.0 -2e-06 1.291987 -1.928552 -1.498091 14.800138 0.567473 3.86561 14.242579 -1.341736 -6.66066 19.631979 0.143927 -0.648244 51.410137 -0.625838 -6.433577 0.353029 -1.511151 -0.031942 20.222801 3.684313 2.316633 18.787283 7e-06 2e-06 10.751633 -0.479869 1.397909 0.0 1e-06 0.0 3.273809 0.305946 -0.580112 21.486824 11.83038 2.266135 8.16293 3e-06 -1e-06 18.399092 -3.798981 -4.940574 3e-06 -1e-06 -1e-06 16.925636 14.469527 -37.540329 -1.139989 -0.923166 67.563782 -21.545418 -13.124687 -27.16383 1.643868 -1.954797 1.760169 0.0 -1e-06 2e-06 -23.165939 -23.82091 -41.267422 1.276476 1.199363 61.508675 26.074301 14.491923 -9.409183 -1.453192 0.799953 -0.085851 -0.0 -0.0 -1e-06 
0.0 0.0 0.0 0.0 -0.0 0.0 3.490144 79.883102 77.801765 2.240147 3.696144 4.706667 -2.188818 0.143775 9.949668 -1.787829 0.844956 0.027165 -6.421617 -1.223303 13.977601 1.75929 1.980425 -6.268876 -0.639589 0.511183 -3.604656 5.609311 -3.602068 -28.989445 7.7e-05 -2.3e-05 6e-06 0.0428 0.319595 0.085855 0.796126 -3.536143 -10.647681 -0.714585 4.169697 -10.720769 6.635228 -10.598159 10.433625 -56.783974 -22.226225 -30.574543 -175.736404 -58.098518 176.867844 13.125663 -9.024763 17.624865 -5.88211 9.861289 0.702592 -10.936877 -0.360576 7.156209 0.0 8.77483 -1e-06 -16.391409 19.256577 6.904723 -1.844033 2.498507 -2.50728 -10.163606 4.678946 4.621113 -20.976036 -3e-06 5e-06 -21.226299 2.451699 -3.594 0.0 -6e-06 -2e-06 -1.362681 2.240798 -0.746322 -21.334927 0.58491 3.008326 -13.82122 -2e-06 3e-06 -23.887184 -0.24908 -0.83948 -63.181889 2.668166 -1.314158 -0.294025 1.679688 0.833256 -14.218217 0.093215 1.300583 -34.21207 -0.287563 0.967174 -20.03323 0.96454 1.212846 1e-06 -1e-06 2e-06 -3.440389 0.788232 0.501657 -15.928192 -3.167312 2.999709 -6.338829 -1e-06 1e-06 -18.123457 3.648183 -4.905673 -3e-06 0.0 -3e-06 -0.778646 10.291771 15.726835 59.859261 20.754045 -29.998987 -179.125092 43.73238 -178.639816 -34.062809 12.394973 14.832864 2.243541 -5.255038 -3.180158 14.282894 -0.826594 6.952506 -2e-06 -12.690609 -1e-06 17.616718 -18.698221 2.381377 1.665668 -1.955921 -2.8783 4.727801 -4.17059 4.993925 11.020529 2e-06 -1e-06 12.109056 -3.735717 -2.866785 -0.0 1e-06 -2e-06 1.291986 -1.928549 -1.498092 14.800132 0.567467 3.865609 14.242577 -1.341738 -6.66066 19.631973 0.143925 -0.648245 52.997314 -0.760324 -6.360362 0.353028 -1.51115 -0.03194 20.222801 3.684309 2.316631 18.787281 2e-06 -0.0 10.751633 -0.47987 1.397907 0.0 0.0 1e-06 3.273809 0.305946 -0.580112 21.486816 11.830378 2.266131 8.16293 -2e-06 -1e-06 18.399088 -3.798988 -4.940577 2e-06 0.0 -1e-06 16.226208 14.842219 -40.407158 -1.304261 -0.995917 69.691238 -22.872601 -14.70618 -26.615726 1.656659 -2.011809 1.887879 -0.0 0.0 2e-06 -24.177351 -23.7432 -43.058407 1.071021 0.986889 64.524567 24.34767 15.417945 -14.965945 -1.430016 0.698332 1.293183 0.0 -0.0 -1e-06 
0.0 0.0 0.0 0.0 -0.0 0.0 2.51991 79.182526 77.918587 2.383952 4.140285 3.986104 -1.809788 0.254414 10.174191 -1.70345 0.934355 -0.02085 -5.790036 -0.925803 14.772675 1.787556 2.377319 -3.914137 -0.734428 -0.089272 -3.652704 5.048072 -3.106153 -29.820568 7.7e-05 -2.2e-05 6e-06 0.013785 0.176998 0.111978 0.773818 -3.669038 -10.603294 -0.749252 4.025549 -10.672577 8.144648 -9.706696 11.293764 -55.867237 -25.013081 -29.636106 -176.169342 -71.547752 177.663727 10.143704 -3.123243 15.291269 -5.88211 9.86129 0.70259 -10.936875 -0.360574 7.156209 -1e-06 8.774828 -2e-06 -15.685361 18.354031 6.490955 -1.844033 2.498506 -2.507278 -10.163604 4.678947 4.62111 -20.97603 -0.0 1e-06 -21.226297 2.4517 -3.594005 0.0 -5e-06 -1e-06 -1.362682 2.2408 -0.746323 -21.334921 0.584913 3.008324 -13.821218 -1e-06 -0.0 -23.887178 -0.249077 -0.839486 -61.61496 2.540699 -1.200843 -0.294024 1.679688 0.833256 -14.218214 0.093217 1.300582 -34.212067 -0.28756 0.967166 -20.03322 0.96454 1.212841 1e-06 -0.0 1e-06 -3.44039 0.788234 0.501655 -15.928191 -3.167309 2.999708 -6.338828 -0.0 1e-06 -18.123455 3.648186 -4.905674 -4e-06 -1e-06 -1e-06 -2.783299 10.864192 15.376532 56.185062 21.358644 -25.231405 178.979935 45.61311 -179.586395 -28.274824 8.754545 17.685575 2.243543 -5.255037 -3.180156 14.28289 -0.826596 6.952502 -0.0 -12.690603 -1e-06 19.041437 -19.006657 1.357603 1.665667 -1.955922 -2.878296 4.727798 -4.17059 4.99392 11.020524 -1e-06 -1e-06 12.109052 -3.735718 -2.866783 -0.0 0.0 0.0 1.291986 -1.928549 -1.498088 14.800125 0.567466 3.865607 14.242569 -1.341738 -6.660656 19.631966 0.143923 -0.64825 52.916061 -0.893949 -6.630124 0.353029 -1.511151 -0.03194 20.222788 3.684306 2.316629 18.787271 2e-06 -2e-06 10.751627 -0.47987 1.397904 -0.0 1e-06 -0.0 3.273806 0.305946 -0.58011 21.486803 11.830368 2.26613 8.162928 3e-06 -1e-06 18.399082 -3.798989 -4.940578 3e-06 -1e-06 -0.0 17.137022 13.720321 -40.048016 -1.366072 -1.151945 70.331589 -23.664841 -14.360451 -26.979879 1.662229 -1.948777 2.081857 -0.0 0.0 2e-06 -24.528759 -21.313324 -43.072845 0.948509 1.014365 66.979698 23.497437 14.237674 -17.691336 -1.418731 0.583379 1.903343 -0.0 -0.0 -1e-06 
0.0 0.0 0.0 0.0 -0.0 0.0 1.94525 79.858093 78.476921 1.851681 3.549845 1.549836 -1.059608 0.47879 10.554296 -1.479254 1.157717 -0.278215 -4.493346 -0.801463 15.657341 1.186263 3.005312 0.869874 -0.672814 -0.564182 -3.783576 3.976608 -2.000174 -27.952467 7.7e-05 -2.3e-05 6e-06 -0.024898 -0.01244 0.08972 0.660018 -3.795955 -10.48126 -0.71086 3.774626 -10.523235 8.604795 -8.951138 13.002497 -52.655277 -28.564892 -21.47172 4.903384 -83.509583 -3.23803 9.870309 -0.867305 12.297906 -5.882109 9.861286 0.70259 -10.936873 -0.360573 7.156203 -1e-06 8.774824 1e-06 -14.882332 17.319445 6.180214 -1.844033 2.498505 -2.507279 -10.163602 4.678948 4.621108 -20.976027 0.0 0.0 -21.226294 2.451699 -3.594004 0.0 -5e-06 0.0 -1.362682 2.240798 -0.746324 -21.334917 0.584914 3.008322 -13.821217 -1e-06 0.0 -23.887175 -0.249076 -0.839486 -59.330494 2.318862 -1.001933 -0.294025 1.679687 0.833256 -14.218212 0.093217 1.300579 -34.212055 -0.287559 0.967165 -20.033218 0.964538 1.212839 -1e-06 -0.0 1e-06 -3.440389 0.788235 0.501656 -15.928187 -3.167306 2.999703 -6.338827 -0.0 0.0 -18.123449 3.648186 -4.905672 -7e-06 2e-06 -0.0 -4.839423 12.623059 16.223436 50.112537 23.7521 -12.153679 178.824173 58.029644 -179.684433 -20.333063 11.949903 17.995564 2.243544 -5.25504 -3.18016 14.282896 -0.826597 6.952503 -0.0 -12.690612 -2e-06 17.275913 -18.237993 1.710683 1.665668 -1.955923 -2.878299 4.727799 -4.170588 4.993924 11.020532 3e-06 -4e-06 12.109058 -3.73572 -2.86679 1e-06 1e-06 -0.0 1.291987 -1.92855 -1.498091 14.800132 0.56747 3.865606 14.242578 -1.341738 -6.660662 19.631973 0.143926 -0.648249 49.287395 -0.961665 -6.602962 0.353029 -1.511152 -0.03194 20.222801 3.684313 2.316631 18.787283 5e-06 -3e-06 10.751633 -0.479869 1.397906 0.0 0.0 -1e-06 3.273808 0.305945 -0.580112 21.48682 11.830379 2.266131 8.16293 1e-06 -3e-06 18.399088 -3.798986 -4.940581 3e-06 -1e-06 -1e-06 18.651873 10.680208 -35.672127 -1.347691 -1.354224 68.281525 -23.703976 -10.50318 -28.24349 1.620258 -1.843655 1.897852 -0.0 -1e-06 2e-06 -24.345381 -17.205399 -39.750336 0.866033 1.031628 65.951416 23.740986 12.349224 -19.061462 -1.399712 0.585585 1.702388 -0.0 0.0 -1e-06 
0.0 0.0 0.0 0.0 -0.0 0.0 1.358145 81.308708 79.350731 1.36461 2.238517 -0.90725 -0.318091 0.598238 10.506465 -1.148669 1.317911 -0.662778 -3.109523 -0.914506 16.124802 0.887925 3.39798 6.678331 -0.655921 -0.661241 -3.873703 2.448395 -1.299523 -23.852484 7.7e-05 -2.2e-05 6e-06 -0.002985 -0.134166 0.039912 0.574386 -3.83082 -10.357911 -0.580344 3.559009 -10.383058 7.196767 -9.365156 14.602713 -45.47963 -32.134872 -6.107706 1.871912 -55.249432 0.089984 11.154077 -1.018196 7.99833 -5.882109 9.861288 0.702591 -10.936874 -0.360576 7.156209 1e-06 8.77483 -3e-06 -15.628969 18.181913 6.255144 -1.844032 2.498505 -2.507279 -10.163603 4.678945 4.62111 -20.976032 -5e-06 2e-06 -21.226295 2.451696 -3.594 0.0 -6e-06 -2e-06 -1.362681 2.240798 -0.746324 -21.334921 0.584907 3.008326 -13.821219 -3e-06 2e-06 -23.887178 -0.24908 -0.839482 -59.301266 2.366892 -1.037697 -0.294024 1.679688 0.833256 -14.218215 0.093215 1.300584 -34.212063 -0.287564 0.967174 -20.033218 0.964536 1.212846 0.0 0.0 2e-06 -3.44039 0.788234 0.501656 -15.928192 -3.167313 2.999709 -6.33883 -1e-06 1e-06 -18.123457 3.648182 -4.905671 -4e-06 -1e-06 -2e-06 -5.997567 14.991497 16.927885 41.934242 28.043198 4.382197 -175.16806 79.144585 -173.635666 -15.027521 19.872337 15.22282 2.243542 -5.25504 -3.180159 14.282895 -0.826595 6.952505 -2e-06 -12.690605 -1e-06 15.501292 -17.24913 2.935666 1.665666 -1.955922 -2.878301 4.727799 -4.170588 4.993926 11.020529 3e-06 0.0 12.109053 -3.735717 -2.866783 -1e-06 -0.0 -1e-06 1.291984 -1.92855 -1.49809 14.800131 0.567469 3.865611 14.242573 -1.341736 -6.660659 19.631969 0.143925 -0.648245 47.673187 -0.902235 -6.052588 0.353031 -1.511149 -0.03194 20.222797 3.68431 2.316633 18.787279 2e-06 2e-06 10.751631 -0.47987 1.397907 -2e-06 1e-06 1e-06 3.273807 0.305948 -0.580111 21.486816 11.830377 2.266136 8.16293 1e-06 1e-06 18.399088 -3.798986 -4.940576 3e-06 0.0 -0.0 19.621613 7.249216 -29.818014 -1.073772 -1.524985 64.253044 -23.104822 -5.429653 -29.12373 1.544633 -1.813667 1.567589 -0.0 -1e-06 2e-06 -23.543621 -12.893188 -35.736458 0.88021 1.029285 63.200275 23.624796 10.663285 -19.846218 -1.368475 0.633594 1.559211 0.0 0.0 -1e-06 
0.0 0.0 0.0 0.0 -0.0 0.0 0.769803 83.126953 80.252007 1.107047 0.237732 -2.62575 0.079603 0.419567 9.932192 -0.720496 1.284784 -1.188075 -1.792183 -0.832227 16.933952 0.404549 3.220538 11.413627 -0.666318 -0.0212 -4.004126 0.984664 -1.097738 -20.515667 7.7e-05 -2.3e-05 6e-06 0.021359 -0.117866 0.027342 0.538748 -3.802445 -10.392852 -0.495368 3.553684 -10.443648 4.339689 -10.597526 16.375597 -36.716248 -31.386625 12.725142 -0.370503 -48.291534 1.20949 9.618377 0.445053 8.063792 -5.882113 9.861292 0.702591 -10.936878 -0.360574 7.15621 2e-06 8.77483 -0.0 -17.73992 18.50745 5.355329 -1.844033 2.498505 -2.50728 -10.16361 4.678948 4.621113 -20.976044 -3e-06 0.0 -21.226305 2.451697 -3.594004 0.0 -6e-06 -1e-06 -1.362684 2.240799 -0.746324 -21.33493 0.584911 3.008323 -13.821223 -3e-06 0.0 -23.887188 -0.249081 -0.839485 -61.309635 2.555536 -1.129616 -0.294026 1.679688 0.833257 -14.218223 0.093216 1.300581 -34.212082 -0.287565 0.967167 -20.033232 0.964538 1.212842 -1e-06 -0.0 0.0 -3.440391 0.788234 0.501655 -15.9282 -3.16731 2.999708 -6.33883 -1e-06 0.0 -18.123459 3.648183 -4.905674 -4e-06 -0.0 -2e-06 -5.924541 17.929501 17.382275 31.966642 34.851894 18.214617 3.026062 78.06488 3.537469 -9.047327 26.092043 16.669863 2.243541 -5.255037 -3.180159 14.282896 -0.826594 6.952504 -4e-06 -12.690604 -0.0 15.808146 -17.836399 2.118608 1.665666 -1.955921 -2.8783 4.7278 -4.170588 4.993925 11.020528 5e-06 -0.0 12.109056 -3.735714 -2.866782 0.0 -0.0 -0.0 1.291985 -1.928549 -1.498089 14.800134 0.567469 3.86561 14.242573 -1.341735 -6.660657 19.631973 0.143927 -0.648244 49.978344 -0.805553 -6.246868 0.353029 -1.51115 -0.03194 20.222797 3.684312 2.316632 18.787279 5e-06 0.0 10.751632 -0.479869 1.397906 0.0 -0.0 1e-06 3.273807 0.305947 -0.58011 21.48682 11.830377 2.266131 8.162931 1e-06 -2e-06 18.399088 -3.798983 -4.940575 2e-06 0.0 -1e-06 19.928806 5.108957 -23.878973 -0.655993 -1.557409 58.982613 -22.181341 -1.662897 -28.858021 1.565452 -1.965923 1.845232 0.0 -0.0 2e-06 -22.546516 -9.144806 -32.39893 0.727121 0.909955 59.513603 23.34602 9.210476 -19.302944 -1.373186 0.626045 1.71655 0.0 0.0 -1e-06 
0.0 0.0 0.0 0.0 -0.0 0.0 0.142605 84.554642 80.983681 1.562959 -0.974408 -3.167573 0.240624 0.307486 9.583253 -0.408897 0.887017 -1.537293 -1.081468 -0.764952 17.009024 -0.038714 3.092311 14.504716 -0.995474 0.129678 -3.93457 0.881496 -1.535995 -19.859884 7.7e-05 -2.3e-05 6e-06 0.040777 -0.19243 0.069083 0.584782 -3.901526 -10.468217 -0.502949 3.506251 -10.528008 6.03945 -10.505461 16.892052 -39.932194 -25.875378 10.86412 -0.390408 -64.656601 1.205549 13.963697 -0.792481 10.18897 -5.882109 9.861288 0.70259 -10.936875 -0.360574 7.156207 1e-06 8.774826 1e-06 -18.640402 18.950405 5.400966 -1.844033 2.498505 -2.50728 -10.1636 4.678946 4.621111 -20.976032 -4e-06 -1e-06 -21.226299 2.451697 -3.594004 0.0 -6e-06 -0.0 -1.362682 2.240798 -0.746323 -21.334923 0.584911 3.008322 -13.82122 -3e-06 1e-06 -23.887182 -0.24908 -0.839486 -62.469818 2.658612 -1.201099 -0.294024 1.679688 0.833256 -14.218215 0.093215 1.300579 -34.212059 -0.287566 0.967167 -20.03322 0.964535 1.212842 1e-06 0.0 0.0 -3.440391 0.788233 0.501655 -15.928192 -3.167309 2.999707 -6.338828 -1e-06 0.0 -18.123453 3.648183 -4.905674 -5e-06 -0.0 -2e-06 -6.973033 18.509615 17.789476 31.339428 39.711605 21.073322 -0.688967 66.99366 0.566209 -1.187765 28.24408 23.02944 2.243541 -5.255039 -3.180158 14.282898 -0.826592 6.952507 -3e-06 -12.690607 2e-06 16.937561 -18.662052 1.27559 1.665666 -1.955921 -2.878298 4.727801 -4.170587 4.993927 11.02053 4e-06 -0.0 12.109056 -3.735716 -2.866783 0.0 -1e-06 -1e-06 1.291986 -1.92855 -1.498089 14.800138 0.56747 3.865613 14.242577 -1.341734 -6.660659 19.631975 0.143927 -0.648239 52.174683 -0.624211 -6.648249 0.353029 -1.511151 -0.03194 20.222801 3.684313 2.316635 18.787283 5e-06 3e-06 10.751633 -0.479869 1.397911 0.0 -0.0 -0.0 3.273809 0.305947 -0.580111 21.486826 11.83038 2.266137 8.16293 3e-06 1e-06 18.399092 -3.798987 -4.940573 3e-06 -2e-06 -1e-06 19.545385 5.218204 -19.989328 -0.485061 -1.683552 54.286812 -22.729521 -1.487537 -27.555014 1.608426 -2.101125 1.581289 0.0 -1e-06 2e-06 -22.162962 -6.495832 -30.523815 0.511561 0.897148 56.831398 24.142464 8.742042 -18.936724 -1.409244 0.757057 1.13262 -0.0 -0.0 -1e-06 
0.0 0.0 0.0 0.0 -0.0 0.0 -0.532147 85.051094 81.674339 2.139808 -0.660668 -3.228811 0.423063 0.140326 9.778588 -0.47108 0.755778 -1.403437 -0.431584 -1.429477 16.505159 0.237893 3.064014 17.00597 -0.973161 -0.525702 -3.824405 -0.053262 -1.462124 -21.415186 7.7e-05 -2.3e-05 6e-06 0.068952 -0.310998 0.127333 0.657051 -4.038885 -10.436712 -0.518204 3.413145 -10.493269 9.949476 -10.265015 17.370289 -46.244751 -19.668533 5.809919 -2.635147 -86.475243 4.322812 17.916601 -2.446902 11.23452 -5.882112 9.861288 0.702591 -10.936878 -0.360574 7.15621 0.0 8.774828 -1e-06 -18.146832 18.672009 5.475827 -1.844034 2.498505 -2.50728 -10.16361 4.678947 4.621111 -20.976042 -1e-06 1e-06 -21.226301 2.451698 -3.594002 0.0 -6e-06 -0.0 -1.362682 2.240799 -0.746323 -21.334932 0.584913 3.008324 -13.821223 -2e-06 2e-06 -23.887188 -0.249079 -0.839485 -61.390354 2.570517 -1.126861 -0.294024 1.679687 0.833256 -14.218221 0.093215 1.30058 -34.212074 -0.287562 0.967169 -20.03323 0.964537 1.212842 -0.0 0.0 -0.0 -3.440391 0.788234 0.501656 -15.928201 -3.167309 2.999707 -6.338832 -1e-06 1e-06 -18.123463 3.648184 -4.905674 -4e-06 -0.0 -2e-06 -8.133028 15.293209 17.045874 39.898975 39.877262 10.427511 -10.557116 72.681297 -9.204611 -3.28799 26.513781 19.562622 2.243544 -5.255037 -3.180159 14.282896 -0.826599 6.952507 -0.0 -12.690607 2e-06 17.708031 -17.966 2.155662 1.665667 -1.955924 -2.878302 4.7278 -4.17059 4.993928 11.020535 3e-06 -4e-06 12.109059 -3.735719 -2.866788 0.0 -1e-06 -1e-06 1.291987 -1.928549 -1.498092 14.800134 0.567465 3.865606 14.242582 -1.341737 -6.660667 19.631975 0.143927 -0.648251 52.274803 -0.521354 -6.193228 0.35303 -1.511151 -0.031941 20.222801 3.684306 2.316628 18.787281 2e-06 -3e-06 10.751633 -0.479869 1.397904 2e-06 0.0 -1e-06 3.27381 0.305947 -0.580113 21.486818 11.830372 2.266129 8.162931 -1e-06 -2e-06 18.399092 -3.798988 -4.940578 1e-06 -1e-06 -2e-06 19.734421 6.386615 -18.998764 -0.572973 -1.566346 52.652126 -23.491091 -4.236327 -24.548153 1.636688 -1.934644 0.428245 0.0 0.0 2e-06 -22.266079 -4.973873 -29.560452 0.359936 0.900852 56.434731 24.737507 7.317369 -20.016115 -1.430562 1.043224 0.725873 -0.0 0.0 -1e-06 
0.0 0.0 0.0 0.0 -0.0 0.0 -1.065171 85.20079 82.150116 2.924435 0.212549 -2.964953 0.36035 -0.238611 10.042837 -0.496106 0.285647 -1.289512 0.210882 -2.293686 15.98427 0.414948 2.824221 18.714752 -0.955924 -0.631832 -3.673851 -1.276962 -1.292452 -22.548609 7.7e-05 -2.3e-05 6e-06 0.067587 -0.326455 0.17705 0.671601 -4.041234 -10.340397 -0.535313 3.386966 -10.364136 12.157271 -10.392877 17.709009 -51.52647 -12.558089 -2.589421 -177.216324 -73.379395 179.210129 20.313927 -6.462924 11.072233 -5.882112 9.861292 0.702591 -10.936877 -0.360572 7.156212 -2e-06 8.77483 -1e-06 -17.46969 18.428717 5.652326 -1.844034 2.498506 -2.50728 -10.163607 4.678949 4.621111 -20.976038 2e-06 -0.0 -21.226303 2.451702 -3.594007 1e-06 -8e-06 -0.0 -1.362683 2.2408 -0.746323 -21.334927 0.584915 3.008327 -13.821223 0.0 2e-06 -23.887188 -0.249073 -0.839487 -60.94418 2.548989 -1.217201 -0.294025 1.679688 0.833255 -14.218216 0.093218 1.300582 -34.212067 -0.287556 0.967171 -20.033222 0.964539 1.212842 -1e-06 1e-06 0.0 -3.44039 0.788234 0.501654 -15.928196 -3.167306 2.999711 -6.338829 1e-06 1e-06 -18.123457 3.648188 -4.905674 -4e-06 1e-06 -1e-06 -8.248049 11.77154 16.571877 50.182117 40.014606 -0.615696 -45.658371 83.333794 -44.475304 -8.62694 21.482071 14.625281 2.243544 -5.25504 -3.18016 14.2829 -0.826599 6.952512 -1e-06 -12.690609 1e-06 17.538979 -17.87837 2.660431 1.665666 -1.955924 -2.878301 4.727803 -4.170589 4.993928 11.020534 4e-06 -0.0 12.109058 -3.735719 -2.866783 1e-06 0.0 -0.0 1.291985 -1.92855 -1.49809 14.800136 0.567466 3.865614 14.242577 -1.341737 -6.660661 19.631973 0.143923 -0.648244 51.925949 -0.532681 -5.989973 0.353029 -1.511153 -0.031939 20.222803 3.684308 2.316635 18.787287 1e-06 2e-06 10.751634 -0.479871 1.397908 1e-06 -2e-06 -1e-06 3.273808 0.305946 -0.58011 21.486826 11.830376 2.266138 8.162933 -0.0 -0.0 18.399096 -3.798991 -4.940576 2e-06 1e-06 -1e-06 20.293747 8.90845 -19.490515 -0.796521 -1.303438 53.220116 -25.027885 -9.387497 -21.365356 1.664119 -1.737998 -0.010053 -0.0 0.0 2e-06 -22.78487 -4.910409 -29.206415 0.364445 1.050501 56.8013 24.793005 6.465553 -21.102901 -1.44301 1.253817 0.60965 -0.0 0.0 -1e-06 
0.0 0.0 0.0 0.0 -0.0 0.0 -1.176176 85.177422 82.600281 4.215045 0.489358 -2.263735 0.015501 -0.475886 9.819727 -0.540587 -0.513514 -1.293266 0.57241 -2.955681 15.551519 0.572832 2.416689 19.732567 -1.056736 -0.339764 -3.601948 -2.762838 -0.973575 -22.814217 7.7e-05 -2.3e-05 6e-06 0.056516 -0.292859 0.211501 0.642452 -4.016393 -10.293603 -0.527521 3.432244 -10.306476 11.156101 -9.536914 17.752172 -55.49987 -6.458623 -14.193446 -177.681213 -58.652981 179.479309 21.423738 -10.312758 11.114609 -5.88211 9.86129 0.70259 -10.936872 -0.360572 7.156207 -3e-06 8.774824 -2e-06 -17.078596 18.590004 6.222155 -1.844033 2.498506 -2.507277 -10.163603 4.678948 4.621109 -20.976027 4e-06 3e-06 -21.226294 2.451705 -3.594004 1e-06 -7e-06 -0.0 -1.362682 2.240799 -0.746324 -21.334917 0.584915 3.008327 -13.821217 3e-06 3e-06 -23.887175 -0.249071 -0.839486 -61.553001 2.680449 -1.238681 -0.294025 1.679687 0.833255 -14.21821 0.093221 1.300583 -34.212051 -0.287554 0.967167 -20.033215 0.964542 1.21284 3e-06 0.0 1e-06 -3.440389 0.788233 0.501659 -15.928187 -3.167306 2.999709 -6.338828 1e-06 2e-06 -18.123453 3.648189 -4.905672 -5e-06 2e-06 -1e-06 -6.716921 9.117888 16.209581 58.497673 39.476112 -11.50658 -159.748611 79.677643 -159.118774 -12.289971 18.964508 14.211964 2.243542 -5.255038 -3.18016 14.282894 -0.826596 6.952505 -0.0 -12.690605 -2e-06 16.732672 -17.923075 3.154778 1.665667 -1.955924 -2.8783 4.7278 -4.17059 4.993925 11.020528 1e-06 -2e-06 12.109055 -3.735718 -2.866787 -0.0 0.0 1e-06 1.291986 -1.92855 -1.498088 14.800129 0.567469 3.865608 14.242573 -1.341739 -6.660663 19.631971 0.143923 -0.648248 51.86515 -0.689393 -5.962639 0.353029 -1.511151 -0.031941 20.222795 3.684307 2.31663 18.787275 2e-06 -2e-06 10.75163 -0.479869 1.397906 1e-06 2e-06 -1e-06 3.273808 0.305946 -0.580112 21.486816 11.830373 2.266135 8.16293 0.0 -1e-06 18.399088 -3.798987 -4.940578 3e-06 -0.0 -1e-06 20.631165 11.696889 -19.181866 -0.967404 -1.213403 53.370277 -25.470772 -12.60496 -19.225569 1.688194 -1.661603 -0.219054 0.0 -0.0 2e-06 -24.125261 -5.306381 -29.754459 0.466162 1.268054 57.40649 24.371397 6.033372 -21.859863 -1.444687 1.327169 0.871255 0.0 0.0 -1e-06 
0.0 0.0 0.0 0.0 -0.0 0.0 -1.120718 84.72683 83.18885 4.983912 -0.044043 -0.831172 -0.074417 -0.592092 9.058389 -0.5304 -1.28245 -1.42283 1.241757 -3.338222 14.953752 0.433172 2.348395 19.640072 -1.103172 0.060934 -3.622854 -4.431559 -0.614623 -22.258263 7.7e-05 -2.2e-05 5e-06 0.052858 -0.258776 0.218709 0.635047 -3.984414 -10.266539 -0.527467 3.465399 -10.296672 8.256867 -8.057778 17.9482 -58.149895 -1.994691 -27.834078 -179.294983 -50.24424 -179.775345 21.394905 -12.995066 9.527982 -5.882113 9.861291 0.702588 -10.936881 -0.360575 7.156212 -0.0 8.774828 -2e-06 -16.637903 19.008451 6.891009 -1.844034 2.498506 -2.50728 -10.16361 4.678946 4.621111 -20.97604 1e-06 4e-06 -21.226305 2.451702 -3.594003 1e-06 -7e-06 -1e-06 -1.362684 2.240799 -0.746325 -21.334932 0.584912 3.008327 -13.821226 -0.0 2e-06 -23.887194 -0.249076 -0.839485 -62.219021 2.855057 -1.242159 -0.294026 1.679687 0.833255 -14.218224 0.093216 1.300581 -34.212082 -0.287559 0.967173 -20.033232 0.964537 1.212845 0.0 1e-06 1e-06 -3.440391 0.788234 0.501655 -15.928201 -3.167309 2.999711 -6.338833 -1e-06 2e-06 -18.123466 3.648184 -4.905676 -3e-06 1e-06 -3e-06 -4.124423 7.499899 15.79191 61.999561 37.980522 -21.988573 -175.923752 64.515213 -175.718445 -12.987825 19.289726 12.20981 2.243543 -5.25504 -3.180161 14.282902 -0.826597 6.952507 -3e-06 -12.690612 -1e-06 16.323984 -17.990252 3.321632 1.665667 -1.955922 -2.8783 4.727802 -4.170588 4.993925 11.020534 3e-06 -0.0 12.109059 -3.735719 -2.866787 -1e-06 1e-06 0.0 1.291988 -1.928552 -1.498089 14.800139 0.56747 3.865609 14.24258 -1.341738 -6.660662 19.631981 0.143927 -0.648245 50.849667 -0.852589 -6.104277 0.353028 -1.511152 -0.03194 20.222805 3.68431 2.316632 18.787287 5e-06 -2e-06 10.751637 -0.479871 1.397908 -1e-06 2e-06 -3e-06 3.273809 0.305947 -0.580112 21.486828 11.830381 2.266133 8.162931 1e-06 -2e-06 18.399094 -3.798985 -4.940579 3e-06 1e-06 -1e-06 21.591606 14.533586 -18.231657 -1.089363 -1.496262 52.111965 -25.336792 -12.796541 -18.11278 1.686081 -1.675849 -0.856645 -0.0 -0.0 2e-06 -24.994473 -6.927168 -31.806459 0.619491 1.414348 58.865295 23.53731 6.871475 -22.289808 -1.428706 1.222459 0.98098 0.0 0.0 -1e-06 
0.0 0.0 0.0 0.0 -0.0 0.0 -1.049958 83.789078 83.561798 4.543576 -0.606527 1.299225 0.302516 -0.523258 8.179606 -0.332879 -2.015793 -1.602335 2.622269 -3.505733 13.860339 0.247955 2.379093 18.136148 -1.187267 0.679298 -3.660714 -6.190381 -0.22087 -21.255056 7.7e-05 -2.2e-05 6e-06 0.059141 -0.242832 0.196642 0.661534 -3.955239 -10.237841 -0.540464 3.465837 -10.275783 6.142399 -6.829363 17.930983 -60.060471 1.22524 -40.334393 178.841171 -48.104218 -178.92627 22.2159 -15.172533 4.284019 -5.882111 9.861293 0.70259 -10.936879 -0.360574 7.156211 -1e-06 8.774831 -3e-06 -16.540659 19.298452 7.141807 -1.844035 2.498507 -2.507277 -10.163608 4.678949 4.62111 -20.976038 1e-06 3e-06 -21.226303 2.451702 -3.594005 0.0 -6e-06 -1e-06 -1.362682 2.240798 -0.746323 -21.334929 0.584914 3.008327 -13.821221 0.0 3e-06 -23.887186 -0.249074 -0.839485 -62.562374 2.940168 -1.232661 -0.294025 1.679688 0.833257 -14.218219 0.093216 1.300582 -34.212074 -0.287558 0.967172 -20.033228 0.964541 1.212844 0.0 0.0 1e-06 -3.440393 0.788234 0.501656 -15.9282 -3.16731 2.999712 -6.338831 0.0 2e-06 -18.123463 3.648188 -4.905674 -4e-06 0.0 -2e-06 -1.793199 6.370182 15.094203 60.736282 35.879532 -32.841057 -178.756805 50.207726 -178.559494 -13.837465 20.177448 7.572156 2.243544 -5.255043 -3.180162 14.282908 -0.826595 6.952509 -3e-06 -12.690618 -0.0 16.748087 -17.724722 2.991385 1.665668 -1.955924 -2.878304 4.727805 -4.170591 4.993927 11.020539 3e-06 -1e-06 12.109065 -3.735721 -2.866787 1e-06 -2e-06 -0.0 1.291987 -1.928551 -1.498091 14.800149 0.567468 3.865613 14.24259 -1.341738 -6.660664 19.631992 0.143925 -0.648243 49.55846 -0.962078 -6.202133 0.353029 -1.511153 -0.031939 20.222816 3.684316 2.316634 18.787296 6e-06 2e-06 10.751641 -0.479868 1.397907 -0.0 1e-06 -0.0 3.273811 0.305947 -0.580113 21.486843 11.830387 2.26614 8.162937 2e-06 -2e-06 18.399101 -3.798988 -4.940581 3e-06 0.0 -0.0 23.316439 17.689726 -18.151707 -1.20468 -1.942208 50.599018 -26.271505 -13.309196 -17.881969 1.665835 -1.720044 -1.647077 0.0 -1e-06 2e-06 -24.430229 -9.627704 -35.196774 0.683341 1.413715 61.166409 22.726711 8.847898 -22.477709 -1.404017 1.052185 1.098926 0.0 0.0 -1e-06 
0.0 0.0 0.0 0.0 -0.0 0.0 -1.037107 82.553009 83.775291 3.522924 -0.52732 3.75618 0.666737 -0.565043 7.476344 0.031265 -2.682876 -1.660277 4.352786 -3.524693 12.387826 0.347351 2.271075 15.360443 -1.263888 1.535854 -3.719675 -7.973804 0.42029 -20.468815 7.7e-05 -2.2e-05 6e-06 0.050898 -0.191396 0.165858 0.684793 -3.909411 -10.261627 -0.581962 3.523979 -10.299548 6.279111 -6.089586 17.431887 -61.142017 3.94742 -47.708767 178.213547 -50.243168 -178.970428 24.796394 -17.550219 -2.923587 -5.882106 9.861286 0.70259 -10.936873 -0.360576 7.156209 2e-06 8.774826 -3e-06 -16.549667 19.508209 7.104854 -1.84403 2.498505 -2.507278 -10.1636 4.678943 4.62111 -20.976025 -5e-06 7e-06 -21.226288 2.451697 -3.593997 -1e-06 -7e-06 -0.0 -1.36268 2.240799 -0.746322 -21.334915 0.584908 3.008327 -13.821214 -3e-06 5e-06 -23.887171 -0.249078 -0.839479 -62.566322 2.948877 -1.265568 -0.294023 1.679688 0.833256 -14.218208 0.093214 1.300583 -34.212048 -0.287563 0.967178 -20.033213 0.964538 1.212847 1e-06 2e-06 -0.0 -3.440388 0.788233 0.501656 -15.928185 -3.167313 2.99971 -6.338827 -1e-06 3e-06 -18.123446 3.648183 -4.905668 -4e-06 0.0 -2e-06 -0.113267 5.474087 13.886113 56.402218 33.116611 -43.147976 -178.290131 40.011864 -178.544342 -15.786632 21.163084 3.097344 2.243541 -5.255037 -3.18016 14.282898 -0.82659 6.952503 -5e-06 -12.690607 -3e-06 17.447439 -17.67511 2.870649 1.665667 -1.955922 -2.878299 4.727801 -4.170586 4.993924 11.020529 5e-06 1e-06 12.109056 -3.735712 -2.866785 0.0 -1e-06 -0.0 1.291986 -1.928549 -1.498089 14.800136 0.567472 3.865608 14.242577 -1.341733 -6.660657 19.631973 0.143928 -0.648242 49.178913 -1.046179 -6.227612 0.353029 -1.511151 -0.03194 20.222801 3.684315 2.316631 18.787281 8e-06 2e-06 10.751633 -0.479869 1.397909 -0.0 0.0 -1e-06 3.273808 0.305948 -0.58011 21.486826 11.830383 2.266136 8.16293 4e-06 -1e-06 18.399088 -3.798982 -4.940574 3e-06 0.0 -0.0 24.68404 20.652288 -20.380819 -1.336101 -2.010969 51.084564 -27.914543 -16.205778 -19.215212 1.640494 -1.65361 -1.14243 -0.0 -1e-06 2e-06 -23.11335 -12.774896 -38.980629 0.710815 1.227381 63.943222 21.941313 11.178123 -22.817974 -1.409224 0.960049 1.21117 0.0 1e-06 -1e-06 
0.0 0.0 0.0 0.0 -0.0 0.0 -1.117599 81.456932 83.973885 3.141662 0.1981 5.789394 0.645259 -0.68868 6.912224 0.331097 -2.997724 -1.591644 5.501649 -3.44265 11.251126 1.000552 2.030525 12.048083 -1.098006 1.725592 -3.690512 -9.889915 1.522628 -20.572432 7.7e-05 -2.3e-05 6e-06 0.053235 -0.17273 0.185325 0.726061 -3.916093 -10.228639 -0.618998 3.569529 -10.274843 7.842657 -6.036921 16.852304 -60.050831 6.224142 -48.820377 179.238617 -55.152309 179.425888 27.653517 -21.322821 -8.963446 -5.882111 9.861289 0.702589 -10.936876 -0.360574 7.156205 0.0 8.774828 -0.0 -16.816916 19.497831 6.673547 -1.844035 2.498506 -2.507279 -10.163604 4.678946 4.621109 -20.976034 -2e-06 -1e-06 -21.226301 2.451698 -3.594005 -1e-06 -7e-06 -1e-06 -1.362682 2.240798 -0.746324 -21.334923 0.584911 3.008319 -13.821219 -2e-06 -1e-06 -23.887182 -0.249081 -0.839488 -62.469383 2.853044 -1.287368 -0.294024 1.679688 0.833257 -14.218215 0.093218 1.300578 -34.212067 -0.287561 0.967162 -20.033222 0.964536 1.212839 1e-06 2e-06 -0.0 -3.440391 0.788235 0.501655 -15.928192 -3.16731 2.999706 -6.33883 1e-06 1e-06 -18.123457 3.648185 -4.905674 -4e-06 -1e-06 -2e-06 1.357207 4.811206 12.813273 50.377083 31.234579 -49.476936 -177.544159 35.850243 -178.392136 -16.561863 21.450815 0.683613 2.243543 -5.255039 -3.180158 14.282896 -0.826597 6.952505 1e-06 -12.69061 -0.0 18.520151 -17.917759 2.745275 1.665667 -1.955923 -2.878299 4.727802 -4.170589 4.993926 11.020531 0.0 0.0 12.109058 -3.735719 -2.866786 -1e-06 -0.0 -1e-06 1.291986 -1.92855 -1.498091 14.800136 0.567467 3.865608 14.242581 -1.341741 -6.660661 19.631975 0.143921 -0.648246 49.984509 -1.144004 -6.271542 0.353029 -1.511151 -0.031942 20.222801 3.684307 2.316632 18.787283 2e-06 -2e-06 10.751633 -0.47987 1.397905 -1e-06 2e-06 -1e-06 3.273808 0.305946 -0.580111 21.486818 11.830373 2.266135 8.16293 1e-06 -0.0 18.39909 -3.798988 -4.940578 2e-06 0.0 -1e-06 24.77791 22.123817 -23.6173 -1.325272 -1.83165 52.947144 -27.180662 -16.993881 -21.543171 1.605451 -1.617285 -0.084143 -0.0 1e-06 2e-06 -22.440672 -15.227273 -41.884121 0.746131 1.128679 66.465874 20.988024 12.706049 -23.691813 -1.41912 0.908247 1.305814 0.0 0.0 -1e-06 
0.0 0.0 0.0 0.0 -0.0 0.0 -1.247971 80.859932 84.366943 3.226552 0.693867 6.655769 0.6605 -0.646963 6.605439 0.416354 -2.922467 -1.604941 6.050531 -3.198576 10.652477 1.521342 1.832084 8.812733 -0.957967 1.647154 -3.623715 -11.324641 2.456475 -20.55357 7.7e-05 -2.2e-05 6e-06 0.057667 -0.19025 0.209058 0.795152 -3.932935 -10.191411 -0.679682 3.552876 -10.237911 9.029534 -6.403898 16.775229 -56.700665 7.038294 -46.516312 -177.257111 -62.804485 175.77359 32.117264 -25.317711 -13.884211 -5.882111 9.861293 0.702589 -10.936881 -0.360579 7.156217 1e-06 8.774831 -4e-06 -16.961681 19.590464 6.391876 -1.844032 2.498507 -2.507283 -10.163611 4.678946 4.621114 -20.976044 -4e-06 6e-06 -21.226305 2.451698 -3.594 0.0 -7e-06 -1e-06 -1.362681 2.240801 -0.746325 -21.334936 0.584906 3.008331 -13.821227 -4e-06 5e-06 -23.887192 -0.249079 -0.839479 -62.661503 2.798199 -1.347023 -0.294027 1.67969 0.833256 -14.218223 0.093214 1.300585 -34.212082 -0.287562 0.967179 -20.033234 0.96454 1.212849 1e-06 1e-06 0.0 -3.440392 0.788235 0.501657 -15.928203 -3.167314 2.999715 -6.338833 1e-06 2e-06 -18.123463 3.648186 -4.905673 -4e-06 0.0 -2e-06 2.081508 4.97824 12.377081 44.823948 31.970476 -51.824585 -179.331802 37.178871 -179.459351 -16.15309 19.943331 0.529052 2.243542 -5.255038 -3.18016 14.282898 -0.826591 6.952501 -8e-06 -12.690612 2e-06 18.421385 -17.857119 2.669835 1.665667 -1.955922 -2.878299 4.727798 -4.170588 4.993925 11.020534 6e-06 -2e-06 12.109058 -3.735713 -2.866785 1e-06 -0.0 -1e-06 1.291986 -1.92855 -1.49809 14.800138 0.567473 3.865607 14.242582 -1.341732 -6.66066 19.631983 0.143932 -0.648242 49.110767 -1.125891 -6.305453 0.353029 -1.511151 -0.031941 20.222803 3.684319 2.316628 18.787283 1.2e-05 -0.0 10.751634 -0.479867 1.397908 -1e-06 -0.0 -1e-06 3.273809 0.305948 -0.58011 21.48683 11.830388 2.266134 8.16293 5e-06 -2e-06 18.399092 -3.798983 -4.940575 3e-06 0.0 -2e-06 24.700632 21.983177 -25.04682 -1.256476 -1.701012 54.123531 -26.619516 -16.48382 -22.490179 1.58343 -1.627743 0.246798 0.0 0.0 2e-06 -22.436743 -16.322906 -42.947979 0.768785 1.113419 67.927841 20.407839 13.677561 -24.592979 -1.442544 0.877038 1.168173 -0.0 0.0 -1e-06 
0.0 0.0 0.0 0.0 -0.0 0.0 -1.370716 80.70459 85.018326 3.407403 0.639625 6.430935 0.740986 -0.57708 6.781683 0.373821 -2.560242 -1.652684 6.431649 -2.88788 10.153788 1.346389 2.052427 6.036663 -0.936872 1.478404 -3.555507 -11.841285 3.050432 -20.173338 7.7e-05 -2.2e-05 6e-06 0.048589 -0.20845 0.180406 0.843055 -3.932659 -10.173095 -0.746298 3.509217 -10.217396 9.819416 -6.777595 16.896526 -52.882584 6.502758 -42.569637 -169.67746 -72.18647 168.502975 37.291256 -27.970234 -17.947067 -5.882109 9.861286 0.70259 -10.936877 -0.360573 7.156208 0.0 8.774825 -2e-06 -16.930113 19.700537 6.161845 -1.844033 2.498504 -2.507278 -10.163604 4.678944 4.62111 -20.97603 -3e-06 1e-06 -21.226295 2.451698 -3.594002 -0.0 -5e-06 0.0 -1.362682 2.240798 -0.746323 -21.334925 0.58491 3.008323 -13.821219 -3e-06 2e-06 -23.887178 -0.249079 -0.839484 -62.624989 2.773875 -1.441016 -0.294026 1.679686 0.833257 -14.218214 0.093215 1.300579 -34.212067 -0.287563 0.967169 -20.033222 0.964537 1.212843 -1e-06 -0.0 0.0 -3.440391 0.788234 0.501655 -15.928192 -3.16731 2.999707 -6.338829 -1e-06 1e-06 -18.123457 3.648183 -4.905673 -3e-06 -2e-06 -3e-06 1.505171 5.976166 12.182362 40.851608 34.456196 -51.520134 177.751556 42.434303 179.261566 -16.341738 18.897549 1.399804 2.243541 -5.255038 -3.180159 14.282894 -0.826595 6.952507 -2e-06 -12.690607 -0.0 17.846838 -17.708725 2.857887 1.665666 -1.955922 -2.8783 4.727799 -4.170588 4.993926 11.020526 3e-06 3e-06 12.109054 -3.735717 -2.866783 0.0 1e-06 -1e-06 1.291985 -1.92855 -1.498089 14.800132 0.567468 3.865612 14.242577 -1.341739 -6.660657 19.631973 0.143925 -0.648244 48.235832 -1.014168 -6.283614 0.353029 -1.511151 -0.03194 20.222797 3.684309 2.316634 18.787273 5e-06 2e-06 10.751627 -0.47987 1.397907 -1e-06 3e-06 -1e-06 3.273807 0.305947 -0.580111 21.486816 11.830377 2.266136 8.16293 2e-06 0.0 18.399088 -3.79899 -4.940573 2e-06 -1e-06 -2e-06 24.773054 20.714622 -24.273346 -1.205754 -1.766054 54.127312 -26.390701 -15.02953 -23.262007 1.607148 -1.668537 0.019284 0.0 -0.0 2e-06 -22.780619 -16.271738 -42.395916 0.804739 1.11948 68.393555 20.070023 14.066819 -25.374933 -1.451506 0.831761 0.960544 0.0 0.0 -1e-06 
0.0 0.0 0.0 0.0 -0.0 0.0 -1.674686 80.611382 85.718674 3.622195 0.645619 5.992201 0.858197 -0.547779 7.013059 0.339345 -2.119169 -1.799068 6.595315 -2.648874 9.728533 0.912195 2.57706 3.714498 -0.912305 1.265106 -3.503386 -11.939878 3.376994 -20.057459 7.7e-05 -2.3e-05 6e-06 0.037713 -0.070581 0.12206 0.8856 -3.788571 -10.22247 -0.809626 3.634974 -10.267803 9.915844 -7.31726 17.074427 -48.462399 5.611509 -38.169056 -144.075378 -80.994751 143.022614 41.26268 -29.371548 -21.020615 -5.882111 9.861292 0.702589 -10.936878 -0.360574 7.15621 -1e-06 8.77483 -1e-06 -17.86717 19.860655 5.26991 -1.844035 2.498507 -2.507277 -10.16361 4.678948 4.62111 -20.97604 0.0 3e-06 -21.226303 2.451701 -3.594003 2e-06 -5e-06 1e-06 -1.362682 2.240801 -0.746325 -21.33493 0.584913 3.008325 -13.821223 -0.0 4e-06 -23.887188 -0.249076 -0.839484 -63.040913 2.738909 -1.57563 -0.294024 1.679688 0.833254 -14.21822 0.093217 1.300581 -34.212074 -0.28756 0.967171 -20.03323 0.964538 1.212843 1e-06 0.0 1e-06 -3.440391 0.788233 0.501656 -15.9282 -3.167309 2.999712 -6.338831 1e-06 1e-06 -18.123461 3.648187 -4.905674 -4e-06 -0.0 -3e-06 0.593495 7.678741 11.600462 37.129292 36.661728 -50.327862 174.638947 49.777096 177.770279 -16.442326 18.374758 3.70166 2.243542 -5.255039 -3.180159 14.282893 -0.826595 6.952503 -1e-06 -12.690607 -1e-06 17.349133 -17.632885 2.931923 1.665666 -1.955922 -2.878299 4.727798 -4.170587 4.993925 11.020529 3e-06 -1e-06 12.109056 -3.735717 -2.866784 1e-06 -0.0 -0.0 1.291985 -1.92855 -1.498088 14.800131 0.567469 3.86561 14.242576 -1.341738 -6.66066 19.631971 0.143924 -0.648243 47.868553 -0.918062 -6.27348 0.353029 -1.511151 -0.031941 20.222794 3.68431 2.316631 18.787273 7e-06 -2e-06 10.751631 -0.479868 1.397907 -1e-06 2e-06 -0.0 3.273807 0.305947 -0.58011 21.486816 11.830377 2.266134 8.162928 2e-06 -2e-06 18.399088 -3.798986 -4.940578 2e-06 -1e-06 -2e-06 24.945219 19.365719 -23.034842 -1.201878 -1.879138 53.600304 -26.160503 -13.700768 -23.889536 1.61349 -1.655802 -0.175346 -0.0 -0.0 2e-06 -23.116539 -15.772485 -41.619125 0.867034 1.172216 69.0401 19.450178 14.084211 -26.202814 -1.450644 0.812703 1.0194 0.0 0.0 -1e-06 
